0.0 0.0
10.3126 0.0
10.411578637863785 1.4870623869161982e-20
10.510557275727573 2.804868641193042e-20
10.609535913591358 3.9770291342878504e-20
10.708514551455146 5.0239494684969255e-20
10.807493189318931 5.963250620284071e-20
10.906471827182719 6.810134368016403e-20
11.005450465046504 7.577701228815243e-20
11.104429102910292 8.2772271503645e-20
11.203407740774077 8.918404361629694e-20
11.302386378637863 9.509551061672081e-20
11.40136501650165 1.0057794001213997e-19
11.500343654365437 1.056922747297323e-19
11.599322292229223 1.1049051761813822e-19
11.698300930093009 1.150169370404181e-19
11.797279567956796 1.193091165781073e-19
11.896258205820581 1.233988688600019e-19
11.995236843684369 1.2731303092591783e-19
12.094215481548154 1.3107415627928564e-19
12.193194119411942 1.347011168253636e-19
12.292172757275727 1.3820962619321405e-19
12.391151395139513 1.4161269446419465e-19
12.4901300330033 1.4492102304749745e-19
12.589108670867088 1.4814334732804875e-19
12.688087308730873 1.51286733741757e-19
12.787065946594659 1.5435683708807524e-19
12.886044584458446 1.5735812315381793e-19
12.985023222322232 1.6029406108048032e-19
13.084001860186019 1.6316728934776258e-19
13.182980498049805 1.6597975875776382e-19
13.281959135913592 1.6873285537809256e-19
13.380937773777378 1.7142750602996856e-19
13.479916411641163 1.7406426858217837e-19
13.57889504950495 1.7664340902758424e-19
13.677873687368738 1.791649670703806e-19
13.776852325232523 1.8162881173498827e-19
13.875830963096309 1.8403468831737173e-19
13.974809600960096 1.8638225783318048e-19
14.073788238823882 1.8867112997152615e-19
14.17276687668767 1.909008904357065e-19
14.271745514551455 1.9307112344058538e-19
14.370724152415242 1.9518143003855847e-19
14.469702790279028 1.9723144286047284e-19
14.568681428142813 1.9922083778282406e-19
14.6676600660066 2.0114934296692566e-19
14.766638703870388 2.03016745658207e-19
14.865617341734174 2.0482289708337872e-19
14.96459597959796 2.0656771573914238e-19
15.063574617461747 2.082511893274342e-19
15.162553255325532 2.0987337555839082e-19
15.261531893189318 2.11434402012634e-19
15.360510531053105 2.1293446522854804e-19
15.459489168916893 2.1437382915759515e-19
15.558467806780678 2.1575282311088815e-19
15.657446444644464 2.170718393029682e-19
15.756425082508251 2.1833133008358227e-19
15.855403720372038 2.19531804935116e-19
15.954382358235824 2.2067382730180973e-19
16.05336099609961 2.2175801130687166e-19
16.152339633963397 2.2278501840489922e-19
16.25131827182718 2.2375555400943316e-19
16.350296909690968 2.246703641288792e-19
16.449275547554755 2.2553023203834524e-19
16.548254185418543 2.2633597500999384e-19
16.64723282328233 2.2708844112024133e-19
16.746211461146114 2.2778850614846975e-19
16.8451900990099 2.2843707057872866e-19
16.94416873687369 2.290350567132284e-19
17.043147374737472 2.2958340590406203e-19
17.14212601260126 2.300830759076443e-19
17.241104650465047 2.3053503836467486e-19
17.340083288328834 2.3094027640699444e-19
17.43906192619262 2.3129978239153304e-19
17.538040564056406 2.3161455576055295e-19
17.637019201920193 2.3188560102654346e-19
17.735997839783977 2.3211392587948985e-19
17.834976477647764 2.323005394136447e-19
17.93395511551155 2.3244645047054385e-19
18.03293375337534 2.325526660946264e-19
18.131912391239126 2.326201900975873e-19
18.23089102910291 2.326500217273858e-19
18.329869666966697 2.326431544377254e-19
18.42884830483048 2.3260057475371183e-19
18.52782694269427 2.3252326122939442e-19
18.626805580558056 2.3241218349287663e-19
18.725784218421843 2.322683013747134e-19
18.82476285628563 2.320925641153832e-19
18.923741494149414 2.3188590964768433e-19
19.022720132013202 2.3164926395001303e-19
19.121698769876986 2.313835404665661e-19
19.220677407740773 2.3108963959065914e-19
19.31965604560456 2.3076844820744953e-19
19.418634683468348 2.3042083929248962e-19
19.517613321332135 2.300476715626911e-19
19.616591959195922 2.2964978917638254e-19
19.715570597059706 2.2922802147931923e-19
19.814549234923494 2.2878318279360346e-19
19.913527872787277 2.283160722466543e-19
20.012506510651065 2.278274736374523e-19
20.111485148514852 2.2731815533746756e-19
20.21046378637864 2.26788870223767e-19
20.309442424242427 2.2624035564195036e-19
20.40842106210621 2.2567333339667993e-19
20.507399699969998 2.2508850976768516e-19
20.60637833783378 2.244865755492432e-19
20.70535697569757 2.2386820611124626e-19
20.804335613561356 2.2323406148007206e-19
20.903314251425144 2.225847864375802e-19
21.00229288928893 2.2192101063664853e-19
21.101271527152715 2.2124334873176943e-19
21.200250165016502 2.205524005233063e-19
21.299228802880286 2.1984875111409213e-19
21.398207440744073 2.1913297107715107e-19
21.49718607860786 2.184056166333909e-19
21.596164716471648 2.1766722983817435e-19
21.695143354335436 2.169183387757812e-19
21.794121992199223 2.1615945776080658e-19
21.893100630063007 2.153910875456258e-19
21.99207926792679 2.1461371553309776e-19
22.091057905790578 2.1382781599375803e-19
22.190036543654365 2.130338502867821e-19
22.289015181518153 2.122322670840701e-19
22.38799381938194 2.1142350259683274e-19
22.486972457245727 2.1060798080412295e-19
22.58595109510951 2.0978611368278386e-19
22.6849297329733 2.0895830143833416e-19
22.783908370837082 2.0812493273633752e-19
22.88288700870087 2.0728638493385684e-19
22.981865646564657 2.064430243106035e-19
23.080844284428444 2.0559520629944576e-19
23.17982292229223 2.0474327571595176e-19
23.278801560156015 2.0388756698667872e-19
23.377780198019803 2.0302840437594524e-19
23.476758835883587 2.0216610221084782e-19
23.575737473747374 2.0130096510429707e-19
23.67471611161116 2.0043328817588454e-19
23.77369474947495 1.995633572703962e-19
23.872673387338736 1.9869144917381604e-19
23.971652025202523 1.978178318266814e-19
24.070630663066307 1.9694276453465379e-19
24.16960930093009 1.9606649817620397e-19
24.26858793879388 1.9518927540731055e-19
24.367566576657666 1.9431133086308264e-19
24.466545214521453 1.9343289135624035e-19
24.56552385238524 1.9255417607238737e-19
24.664502490249028 1.9167539676202544e-19
24.76348112811281 1.907967579292663e-19
24.8624597659766 1.899184570172137e-19
24.961438403840383 1.8904068458998133e-19
25.06041704170417 1.8816362451133775e-19
25.159395679567957 1.8728745411996135e-19
25.258374317431745 1.8641234440130431e-19
25.357352955295532 1.8553846015606462e-19
25.456331593159316 1.8466596016527437e-19
25.555310231023103 1.8379499735201684e-19
25.654288868886887 1.8292571893978305e-19
25.753267506750674 1.8205826660749815e-19
25.852246144614462 1.8119277664122858e-19
25.95122478247825 1.803293800826086e-19
26.050203420342037 1.7946820287400928e-19
26.14918205820582 1.7860936600048683e-19
26.248160696069608 1.7775298562854398e-19
26.347139333933395 1.7689917324173972e-19
26.44611797179718 1.760480357731948e-19
26.545096609660966 1.7519967573502422e-19
26.644075247524754 1.743541913447451e-19
26.74305388538854 1.735116766487075e-19
26.842032523252325 1.7267222164258426e-19
26.941011161116112 1.7183591238897399e-19
27.0399897989799 1.7100283113216032e-19
27.138968436843687 1.7017305641007843e-19
27.23794707470747 1.6934666316353269e-19
27.336925712571258 1.6852372284271723e-19
27.435904350435045 1.6770430351108966e-19
27.53488298829883 1.6688846994664248e-19
27.633861626162616 1.6607628374062674e-19
27.732840264026404 1.6526780339377291e-19
27.83181890189019 1.6446308441006208e-19
27.930797539753975 1.636621793880936e-19
28.029776177617762 1.6286513811009934e-19
28.12875481548155 1.620720076286533e-19
28.227733453345337 1.612828323511245e-19
28.32671209120912 1.6049765412192302e-19
28.425690729072908 1.5971651230258149e-19
28.524669366936696 1.5893944384972637e-19
28.62364800480048 1.581664833909799e-19
28.722626642664267 1.573976632988404e-19
28.821605280528054 1.5663301376258892e-19
28.92058391839184 1.5587256285826234e-19
29.019562556255625 1.5511633661674112e-19
29.118541194119413 1.5436435908999426e-19
29.2175198319832 1.5361665241552322e-19
29.316498469846987 1.5287323687904868e-19
29.41547710771077 1.5213413097548146e-19
29.51445574557456 1.513993514682172e-19
29.613434383438346 1.5066891344679738e-19
29.71241302130213 1.4994283038297462e-19
29.811391659165917 1.492211141852196e-19
29.910370297029704 1.4850377525171346e-19
30.00934893489349 1.4779082252185522e-19
30.108327572757275 1.4708226352632763e-19
30.207306210621063 1.4637810443575214e-19
30.30628484848485 1.4567835010797411e-19
30.405263486348634 1.449830041340062e-19
30.50424212421242 1.442920688826692e-19
30.60322076207621 1.4360554554396104e-19
30.702199399939996 1.42923434171185e-19
30.80117803780378 1.422457337218738e-19
30.900156675667567 1.4157244209753403e-19
30.999135313531355 1.4090355618224716e-19
31.098113951395142 1.4023907188015316e-19
31.197092589258926 1.39578984151848e-19
31.296071227122713 1.3892328704972067e-19
31.3950498649865 1.3827197375226188e-19
31.494028502850284 1.3762503659736703e-19
31.59300714071407 1.3698246711466254e-19
31.69198577857786 1.3634425605688112e-19
31.790964416441646 1.3571039343030952e-19
31.88994305430543 1.350808685243376e-19
31.988921692169217 1.3445566994012667e-19
32.08790033003301 1.3383478561842695e-19
32.18687896789679 1.332182028665621e-19
32.285857605760576 1.3260590838460674e-19
32.38483624362436 1.3199788829077582e-19
32.48381488148815 1.313941281460503e-19
32.58279351935194 1.307946129780572e-19
32.68177215721572 1.30199327304226e-19
32.78075079507951 1.296082551542392e-19
32.87972943294329 1.2902138009180054e-19
32.97870807080708 1.284386852357328e-19
33.07768670867087 1.2786015328043155e-19
33.176665346534655 1.2728576651568543e-19
33.27564398439844 1.267155068458857e-19
33.37462262226222 1.261493558086384e-19
33.47360126012602 1.255872945927978e-19
33.5725798979898 1.2502930405593756e-19
33.671558535853585 1.2447536474127129e-19
33.77053717371737 1.239254568940447e-19
33.86951581158116 1.2337956047740656e-19
33.96849444944495 1.2283765518778005e-19
34.06747308730873 1.2229972046974182e-19
34.16645172517252 1.2176573553042929e-19
34.2654303630363 1.212356793534835e-19
34.364409000900096 1.2070953071254482e-19
34.46338763876388 1.2018726818431207e-19
34.562366276627664 1.196688701611784e-19
34.66134491449145 1.191543148634543e-19
34.76032355235523 1.186435803511926e-19
34.859302190219026 1.181366445356224e-19
34.958280828082806 1.1763348519020876e-19
35.0572594659466 1.1713407996134212e-19
35.15623810381038 1.1663840637867398e-19
35.25521674167417 1.161464418651061e-19
35.354195379537956 1.1565816374644323e-19
35.45317401740174 1.15173549260719e-19
35.55215265526553 1.1469257556720708e-19
35.65113129312931 1.1421521975512093e-19
35.750109930993105 1.137414588520185e-19
35.849088568856885 1.1327126983191388e-19
35.94806720672067 1.1280462962310857e-19
36.04704584458446 1.12341515115749e-19
36.14602448244825 1.118819031691174e-19
36.245003120312035 1.1142577061866655e-19
36.343981758175815 1.1097309428280257e-19
36.44296039603961 1.1052385096942594e-19
36.54193903390339 1.1007801748223628e-19
36.64091767176718 1.0963557062680722e-19
36.739896309630964 1.0919648721644118e-19
36.83887494749475 1.0876074407780726e-19
36.93785358535854 1.0832831805636933e-19
37.03683222322232 1.0789918602161303e-19
37.135810861086114 1.0747332487207345e-19
37.234789498949894 1.0705071154017462e-19
37.33376813681368 1.0663132299688016e-19
37.43274677467747 1.0621513625616724e-19
37.531725412541256 1.0580212837932414e-19
37.63070405040504 1.0539227647907968e-19
37.729682688268824 1.04985557723567e-19
37.82866132613262 1.0458194934013089e-19
37.9276399639964 1.0418142861897765e-19
38.026618601860186 1.0378397291667768e-19
38.12559723972397 1.0338955965952139e-19
38.22457587758776 1.0299816634673577e-19
38.32355451545155 1.0260977055356316e-19
38.42253315331533 1.0222434993420913e-19
38.52151179117912 1.0184188222466095e-19
38.6204904290429 1.0146234524538273e-19
38.7194690669067 1.0108571690388983e-19
38.81844770477048 1.0071197519720678e-19
38.917426342634265 1.003410982142118e-19
39.01640498049805 9.997306413787231e-20
39.11538361836183 9.960785124737376e-20
39.21436225622563 9.924543792014567e-20
39.31334089408941 9.888580263378934e-20
39.4123195319532 9.852892396790721e-20
39.51129816981698 9.817478060584036e-20
39.61027680768077 9.782335133631435e-20
39.70925544554456 9.747461505499915e-20
39.808234083408344 9.712855076598251e-20
39.90721272127213 9.678513758316262e-20
40.00619135913591 9.644435473156028e-20
40.105169996999706 9.610618154855517e-20
40.204148634863486 9.577059748504771e-20
40.303127272727274 9.543758210654762e-20
40.40210591059106 9.510711509419486e-20
40.50108454845485 9.47791762457117e-20
40.600063186318636 9.445374547629022e-20
40.699041824182416 9.413080281941731e-20
40.79802046204621 9.381032842763749e-20
40.89699909990999 9.349230257325861e-20
40.99597773777378 9.31767056489991e-20
41.094956375637565 9.28635181685813e-20
41.19393501350135 9.255272076727063e-20
41.29291365136514 9.224429420236515e-20
41.39189228922892 9.193821935363326e-20
41.490870927092715 9.16344772237054e-20
41.589849564956495 9.133304893841891e-20
41.68882820282028 9.103391574711778e-20
41.78780684068407 9.073705902290979e-20
41.88678547854786 9.044246026288253e-20
41.985764116411644 9.015010108827823e-20
42.084742754275425 8.98599632446307e-20
42.18372139213922 8.957202860186483e-20
42.282700030003 8.928627915435995e-20
42.381678667866794 8.900269702097873e-20
42.480657305730574 8.872126444506216e-20
42.579635943594354 8.844196379439357e-20
42.67861458145815 8.816477756112976e-20
42.77759321932193 8.78896883617042e-20
42.87657185718572 8.761667893670015e-20
42.975550495049504 8.734573215069709e-20
43.0745291329133 8.707683099208935e-20
43.17350777077708 8.680995857288073e-20
43.27248640864086 8.654509812845314e-20
43.37146504650465 8.628223301731231e-20
43.47044368436843 8.602134672081072e-20
43.56942232223223 8.576242284284868e-20
43.66840096009601 8.550544510955484e-20
43.7673795979598 8.525039736894535e-20
43.86635823582358 8.499726359056574e-20
43.96533687368738 8.474602786511244e-20
44.06431551155116 8.449667440403865e-20
44.16329414941494 8.424918753914068e-20
44.26227278727873 8.40035517221307e-20
44.36125142514251 8.375975152419215e-20
44.46023006300631 8.351777163552172e-20
44.55920870087009 8.327759686485589e-20
44.65818733873388 8.303921213898472e-20
44.75716597659766 8.280260250225288e-20
44.85614461446144 8.256775311604757e-20
44.95512325232524 8.233464925827587e-20
45.05410189018902 8.210327632283034e-20
45.15308052805281 8.187361981904316e-20
45.25205916591659 8.164566537113274e-20
45.351037803780386 8.141939871763752e-20
45.450016441644166 8.119480571084347e-20
45.54899507950795 8.097187231620158e-20
45.64797371737174 8.075058461173725e-20
45.74695235523552 8.053092878745306e-20
45.845930993099316 8.031289114472324e-20
45.944909630963096 8.009645809568183e-20
46.04388826882689 7.988161616260414e-20
46.14286690669067 7.966835197728312e-20
46.24184554455445 7.945665228039899e-20
46.340824182418245 7.924650392088407e-20
46.439802820282026 7.903789385528337e-20
46.53878145814582 7.883080914710929e-20
46.6377600960096 7.862523696619376e-20
46.736738733873395 7.842116458803509e-20
46.835717371737175 7.821857939314216e-20
46.934696009600955 7.801746886637499e-20
47.03367464746475 7.781782059628242e-20
47.13265328532853 7.761962227443722e-20
47.231631923192325 7.742286169476829e-20
47.330610561056105 7.722752675289186e-20
47.4295891989199 7.70336054454395e-20
47.52856783678368 7.684108586938506e-20
47.62754647464746 7.664995622137061e-20
47.726525112511254 7.646020479703044e-20
47.825503750375034 7.627181999031471e-20
47.92448238823883 7.608479029281197e-20
48.02346102610261 7.589910429307128e-20
48.122439663966404 7.571475067592424e-20
48.221418301830184 7.553171822180649e-20
48.32039693969398 7.53499958060792e-20
48.41937557755776 7.516957239835153e-20
48.51835421542154 7.499043706180236e-20
48.61733285328533 7.481257895250331e-20
48.71631149114911 7.463598731874277e-20
48.81529012901291 7.446065150034946e-20
48.91426876687669 7.428656092801858e-20
49.01324740474048 7.411370512263802e-20
49.11222604260426 7.394207369461641e-20
49.21120468046804 7.377165634321203e-20
49.31018331833184 7.360244285586435e-20
49.40916195619562 7.343442310752563e-20
49.50814059405941 7.32675870599958e-20
49.60711923192319 7.310192476125827e-20
49.70609786978699 7.29374263448181e-20
49.80507650765077 7.277408202904253e-20
49.90405514551455 7.261188211650272e-20
50.00303378337834 7.245081699331911e-20
50.10201242124212 7.229087712850816e-20
50.20099105910592 7.213205307333171e-20
50.2999696969697 7.197433546064942e-20
50.39894833483349 7.181771500427326e-20
50.49792697269727 7.166218249832463e-20
50.59690561056105 7.150772881659494e-20
50.695884248424846 7.135434491190813e-20
50.79486288628863 7.120202181548691e-20
50.89384152415242 7.105075063632117e-20
50.9928201620162 7.090052256054017e-20
51.091798799879996 7.075132885078716e-20
51.190777437743776 7.060316084559744e-20
51.289756075607556 7.045600995877964e-20
51.38873471347135 7.030986767880001e-20
51.48771335133513 7.01647255681701e-20
51.586691989198926 7.002057526283789e-20
51.685670627062706 6.987740847158174e-20
51.7846492649265 6.973521697540843e-20
51.88362790279028 6.959399262695413e-20
51.98260654065406 6.945372734988879e-20
52.081585178517855 6.931441313832461e-20
52.180563816381635 6.917604205622719e-20
52.27954245424543 6.903860623683062e-20
52.37852109210921 6.890209788205652e-20
52.477499729973005 6.876650926193579e-20
52.576478367836785 6.863183271403474e-20
52.675457005700565 6.84980606428845e-20
52.77443564356436 6.836518551941388e-20
52.87341428142814 6.823319988038663e-20
52.972392919291934 6.810209632784133e-20
53.071371557155715 6.797186752853588e-20
53.17035019501951 6.784250621339503e-20
53.26932883288329 6.771400517696223e-20
53.368307470747084 6.758635727685449e-20
53.467286108610864 6.745955543322168e-20
53.566264746474644 6.733359262820905e-20
53.66524338433844 6.720846190542369e-20
53.76422202220222 6.708415636940464e-20
53.86320066006601 6.696066918509689e-20
53.962179297929794 6.683799357732902e-20
54.06115793579359 6.671612283029453e-20
54.16013657365737 6.659505028703715e-20
54.25911521152115 6.647476934893932e-20
54.35809384938494 6.635527347521542e-20
54.45707248724872 6.62365561824075e-20
54.55605112511252 6.611861104388587e-20
54.6550297629763 6.600143168935273e-20
54.75400840084009 6.588501180434952e-20
54.85298703870387 6.576934512976864e-20
54.95196567656765 6.565442546136791e-20
55.05094431443145 6.554024664928952e-20
55.14992295229523 6.542680259758237e-20
55.24890159015902 6.531408726372805e-20
55.3478802280228 6.520209465817071e-20
55.4468588658866 6.509081884385e-20
55.54583750375038 6.49802539357387e-20
55.64481614161416 6.48703941003828e-20
55.74379477947795 6.476123355544625e-20
55.84277341734173 6.465276656925854e-20
55.94175205520553 6.454498746036645e-20
56.04073069306931 6.443789059708888e-20
56.1397093309331 6.433147039707564e-20
56.23868796879688 6.42257213268697e-20
56.33766660666066 6.412063790147298e-20
56.436645244524456 6.401621468391539e-20
56.535623882388236 6.391244628482786e-20
56.63460252025203 6.380932736201853e-20
56.73358115811581 6.370685262005257e-20
56.832559795979606 6.360501680983529e-20
56.931538433843386 6.350381472819897e-20
57.030517071707166 6.340324121749283e-20
57.12949570957096 6.330329116517656e-20
57.22847434743474 6.320395950341715e-20
57.327452985298535 6.310524120868937e-20
57.426431623162316 6.300713130137909e-20
57.52541026102611 6.29096248453905e-20
57.62438889888989 6.281271694775629e-20
57.723367536753685 6.271640275825096e-20
57.822346174617465 6.262067746900813e-20
57.921324812481245 6.252553631414023e-20
58.02030345034504 6.243097456936224e-20
58.11928208820882 6.233698755161773e-20
58.218260726072614 6.224357061870907e-20
58.317239363936395 6.215071916893011e-20
58.41621800180019 6.205842864070245e-20
58.51519663966397 6.196669451221455e-20
58.61417527752775 6.18755123010641e-20
58.713153915391544 6.178487756390335e-20
58.812132553255324 6.169478589608802e-20
58.91111119111912 6.16052329313284e-20
59.0100898289829 6.151621434134431e-20
59.10906846684669 6.142772583552246e-20
59.208047104710474 6.133976316057742e-20
59.307025742574254 6.125232210021481e-20
59.40600438043805 6.116539847479828e-20
59.50498301830183 6.107898814101863e-20
59.60396165616562 6.09930869915663e-20
59.7029402940294 6.090769095480689e-20
59.8019189318932 6.082279599445887e-20
59.90089756975698 6.073839810927505e-20
59.99987620762076 6.065449333272615e-20
60.09885484548455 6.05710777326874e-20
60.19783348334833 6.048814741112799e-20
60.29681212121213 6.040569850380358e-20
60.39579075907591 6.032372717995061e-20
60.4947693969397 6.024222964198443e-20
60.59374803480348 6.016120212519967e-20
60.69272667266726 6.008064089747279e-20
60.79170531053106 6.000054225896849e-20
60.89068394839484 5.992090254184739e-20
60.98966258625863 5.98417181099773e-20
61.08864122412241 5.976298535864687e-20
61.18761986198621 5.968470071428146e-20
61.28659849984999 5.960686063416207e-20
61.38557713771377 5.952946160614636e-20
61.48455577557756 5.945250014839261e-20
61.58353441344134 5.937597280908583e-20
61.682513051305136 5.929987616616643e-20
61.78149168916892 5.922420682706166e-20
61.88047032703271 5.91489614284189e-20
61.97944896489649 5.907413663584189e-20
62.07842760276027 5.899972914362914e-20
62.177406240624066 5.892573567451465e-20
62.276384878487846 5.885215297941142e-20
62.37536351635164 5.877897783715629e-20
62.47434215421542 5.870620705425847e-20
62.573320792079215 5.863383746464918e-20
62.672299429942996 5.856186592943444e-20
62.77127806780679 5.849028933664933e-20
62.87025670567057 5.84191046010152e-20
62.96923534353435 5.834830866369873e-20
63.068213981398145 5.827789849207319e-20
63.167192619261925 5.820787107948213e-20
63.26617125712572 5.813822344500487e-20
63.3651498949895 5.806895263322445e-20
63.464128532853294 5.800005571399767e-20
63.563107170717075 5.793152978222694e-20
63.662085808580855 5.786337195763473e-20
63.76106444644465 5.779557938453969e-20
63.86004308430843 5.772814923163487e-20
63.959021722172224 5.766107869176816e-20
64.058000360036 5.75943649817248e-20
64.1569789978998 5.752800534201143e-20
64.25595763576358 5.746199703664275e-20
64.35493627362736 5.73963373529297e-20
64.45391491149115 5.733102360126963e-20
64.55289354935493 5.72660531149389e-20
64.65187218721873 5.720142324988652e-20
64.75085082508251 5.713713138453049e-20
64.8498294629463 5.707317491955578e-20
64.94880810081008 5.700955127771371e-20
65.04778673867386 5.69462579036241e-20
65.14676537653766 5.688329226357831e-20
65.24574401440144 5.682065184534477e-20
65.34472265226523 5.675833415797597e-20
65.44370129012901 5.669633673161732e-20
65.54267992799281 5.663465711731787e-20
65.64165856585659 5.657329288684248e-20
65.74063720372037 5.651224163248631e-20
65.83961584158416 5.645150096689029e-20
65.93859447944794 5.639106852285894e-20
66.03757311731174 5.633094195317939e-20
66.13655175517552 5.627111893044259e-20
66.23553039303931 5.621159714686553e-20
66.33450903090309 5.615237431411578e-20
66.43348766876687 5.60934481631372e-20
66.53246630663067 5.603481644397729e-20
66.63144494449445 5.597647692561649e-20
66.73042358235824 5.591842739579865e-20
66.82940222022202 5.58606656608634e-20
66.92838085808582 5.580318954557972e-20
67.0273594959496 5.574599689298152e-20
67.12633813381339 5.568908556420416e-20
67.22531677167717 5.56324534383232e-20
67.32429540954095 5.557609841219395e-20
67.42327404740475 5.552001840029286e-20
67.52225268526853 5.546421133456059e-20
67.62123132313232 5.540867516424593e-20
67.7202099609961 5.535340785575172e-20
67.8191885988599 5.52984073924821e-20
67.91816723672368 5.524367177469078e-20
68.01714587458746 5.518919901933131e-20
68.11612451245125 5.513498715990823e-20
68.21510315031503 5.508103424633005e-20
68.31408178817883 5.502733834476307e-20
68.4130604260426 5.497389753748723e-20
68.5120390639064 5.492070992275251e-20
68.61101770177018 5.486777361463738e-20
68.70999633963396 5.481508674290803e-20
68.80897497749775 5.476264745287938e-20
68.90795361536154 5.471045390527679e-20
69.00693225322533 5.465850427609984e-20
69.10591089108911 5.460679675648641e-20
69.2048895289529 5.455532955257895e-20
69.30386816681668 5.450410088539141e-20
69.40284680468046 5.445310899067748e-20
69.50182544254426 5.44023521188004e-20
69.60080408040804 5.435182853460343e-20
69.69978271827183 5.430153651728197e-20
69.79876135613561 5.425147436025669e-20
69.89773999399941 5.420164037104787e-20
69.99671863186319 5.41520328711507e-20
70.09569726972697 5.4102650195912224e-20
70.19467590759076 5.4053490694408835e-20
70.29365454545454 5.4004552729325387e-20
70.39263318331834 5.3955834676835094e-20
70.49161182118212 5.390733492648079e-20
70.59059045904591 5.385905188105697e-20
70.6895690969097 5.3810983956493484e-20
70.78854773477347 5.3763129581739453e-20
70.88752637263727 5.371548719864929e-20
70.98650501050105 5.3668055261868814e-20
71.08548364836484 5.3620832238722975e-20
71.18446228622862 5.357381660910467e-20
71.28344092409242 5.352700686536399e-20
71.3824195619562 5.348040151219945e-20
71.48139819981999 5.3433999066549096e-20
71.58037683768377 5.338779805748361e-20
71.67935547554755 5.334179702609986e-20
71.77833411341135 5.329599452541542e-20
71.87731275127513 5.325038912026447e-20
71.97629138913892 5.320497938719422e-20
72.0752700270027 5.3159763914362313e-20
72.1742486648665 5.3114741301435786e-20
72.27322730273028 5.306991015948998e-20
72.37220594059406 5.302526911090923e-20
72.47118457845785 5.298081678928797e-20
72.57016321632163 5.2936551839332987e-20
72.66914185418543 5.289247291676665e-20
72.7681204920492 5.284857868823045e-20
72.867099129913 5.280486783119039e-20
72.96607776777678 5.276133903384232e-20
73.06505640564056 5.271799099501883e-20
73.16403504350436 5.2674822424096465e-20
73.26301368136814 5.263183204090416e-20
73.36199231923193 5.2589018575632486e-20
73.46097095709571 5.2546380768743445e-20
73.5599495949595 5.2503917370881333e-20
73.65892823282329 5.246162714278456e-20
73.75790687068707 5.2419508855197814e-20
73.85688550855086 5.237756128878557e-20
73.95586414641464 5.233578323404595e-20
74.05484278427843 5.229417349122562e-20
74.15382142214222 5.2252730870235385e-20
74.25280006000601 5.2211454190566627e-20
74.35177869786979 5.217034228120849e-20
74.45075733573358 5.212939398056553e-20
74.54973597359736 5.208860813637681e-20
74.64871461146116 5.20479836056349e-20
74.74769324932494 5.200751925450617e-20
74.84667188718872 5.196721395825186e-20
74.94565052505251 5.192706660114929e-20
75.0446291629163 5.188707607641452e-20
75.14360780078009 5.1847241286125074e-20
75.24258643864387 5.1807561141144024e-20
75.34156507650766 5.176803456104402e-20
75.44054371437144 5.1728660474032716e-20
75.53952235223522 5.1689437816878315e-20
75.63850099009902 5.165036553483628e-20
75.7374796279628 5.1611442581576257e-20
75.8364582658266 5.157266791910996e-20
75.93543690369037 5.1534040517719726e-20
76.03441554155417 5.14955593558874e-20
76.13339417941795 5.145722342022435e-20
76.23237281728173 5.1419031705401704e-20
76.33135145514552 5.13809832140814e-20
76.4303300930093 5.1343076956847876e-20
76.5293087308731 5.130531195214018e-20
76.62828736873688 5.12676872261853e-20
76.72726600660067 5.1230201812930984e-20
76.82624464446445 5.1192854753980546e-20
76.92522328232823 5.115564509852705e-20
77.02420192019203 5.111857190328878e-20
77.12318055805581 5.10816342324452e-20
77.2221591959196 5.1044831157573305e-20
77.32113783378338 5.100816175758467e-20
77.42011647164718 5.0971625118663086e-20
77.51909510951096 5.093522033420266e-20
77.61807374737475 5.089894650474656e-20
77.71705238523853 5.086280273792647e-20
77.81603102310231 5.0826788148402047e-20
77.9150096609661 5.0790901857801644e-20
78.01398829882989 5.075514299466305e-20
78.11296693669368 5.0719510694374904e-20
78.21194557455746 5.068400409911886e-20
78.31092421242126 5.0648622357811786e-20
78.40990285028504 5.061336462604899e-20
78.50888148814882 5.057823006604768e-20
78.60786012601261 5.0543217846590986e-20
78.70683876387639 5.050832714297258e-20
78.80581740174019 5.0473557136941486e-20
78.90479603960397 5.0438907016647844e-20
79.00377467746776 5.040437597658884e-20
79.10275331533154 5.0369963217555147e-20
79.20173195319532 5.033566794657805e-20
79.30071059105912 5.0301489376876696e-20
79.3996892289229 5.026742672780626e-20
79.49866786678669 5.023347922480614e-20
79.59764650465047 5.0199646099348954e-20
79.69662514251426 5.0165926588889654e-20
79.79560378037804 5.0132319936815615e-20
79.89458241824182 5.0098825392396594e-20
79.99356105610562 5.006544221073539e-20
80.0925396939694 5.0032169652719133e-20
80.1915183318332 4.9999006984970666e-20
80.29049696969697 4.9965953479800595e-20
80.38947560756077 4.993300841515962e-20
80.48845424542455 4.990017107459141e-20
80.58743288328833 4.9867440747185845e-20
80.68641152115212 4.9834816727532746e-20
80.7853901590159 4.980229831567581e-20
80.8843687968797 4.9769884817067106e-20
80.98334743474348 4.973757554252208e-20
81.08232607260727 4.970536980817483e-20
81.18130471047105 4.9673266935433704e-20
81.28028334833483 4.9641266250937393e-20
81.37926198619863 4.9609367086511467e-20
81.47824062406241 4.9577568779125206e-20
81.5772192619262 4.954587067084882e-20
81.67619789978998 4.9514272108811104e-20
81.77517653765378 4.9482772445157346e-20
81.87415517551756 4.945137103700783e-20
81.97313381338135 4.9420067246416444e-20
82.07211245124513 4.9388860440329865e-20
82.17109108910891 4.9357749990546974e-20
82.27006972697271 4.9326735273678745e-20
82.36904836483649 4.929581567110824e-20
82.46802700270028 4.926499056895142e-20
82.56700564056406 4.9234259358017713e-20
82.66598427842786 4.9203621433771503e-20
82.76496291629164 4.9173076196293564e-20
82.86394155415542 4.914262305024284e-20
82.96292019201921 4.9112261404819027e-20
83.06189882988299 4.9081990673724664e-20
83.16087746774679 4.905181027512857e-20
83.25985610561057 4.902171963162856e-20
83.35883474347436 4.899171817021538e-20
83.45781338133814 4.896180532223634e-20
83.55679201920192 4.8931980523359615e-20
83.65577065706572 4.8902243213538714e-20
83.7547492949295 4.887259283697726e-20
83.85372793279329 4.88430288420941e-20
83.95270657065707 4.88135506814889e-20
84.05168520852087 4.878415781190757e-20
84.15066384638465 4.875484969420859e-20
84.24964248424843 4.872562579332912e-20
84.34862112211222 4.869648557825179e-20
84.447599759976 4.866742852197142e-20
84.5465783978398 4.863845410146241e-20
84.64555703570358 4.8609561797646135e-20
84.74453567356737 4.8580751095358654e-20
84.84351431143115 4.855202148331892e-20
84.94249294929493 4.8523372454096923e-20
85.04147158715872 4.849480350408255e-20
85.1404502250225 4.846631413345408e-20
85.2394288628863 4.843790384614782e-20
85.33840750075008 4.840957214982703e-20
85.43738613861387 4.8381318555851974e-20
85.53636477647765 4.83531425792497e-20
85.63534341434143 4.8325043738684305e-20
85.73432205220523 4.829702155642737e-20
85.83330069006901 4.8269075558328635e-20
85.9322793279328 4.8241205273787114e-20
86.03125796579658 4.821341023572221e-20
86.13023660366038 4.8185689980545286e-20
86.22921524152416 4.8158044048131215e-20
86.32819387938795 4.813047198179051e-20
86.42717251725173 4.810297332824155e-20
86.52615115511551 4.8075547637582956e-20
86.62512979297931 4.804819446326623e-20
86.72410843084309 4.802091336206883e-20
86.82308706870688 4.7993703894067175e-20
86.92206570657066 4.796656562261018e-20
87.02104434443446 4.793949811429271e-20
87.12002298229824 4.7912500938929693e-20
87.21900162016202 4.7885573669529773e-20
87.31798025802581 4.785871588227011e-20
87.4169588958896 4.7831927156470484e-20
87.51593753375339 4.780520707456818e-20
87.61491617161717 4.777855522209308e-20
87.71389480948096 4.7751971187642553e-20
87.81287344734474 4.772545456285704e-20
87.91185208520852 4.7699004942395675e-20
88.01083072307232 4.7672621923911847e-20
88.1098093609361 4.764630510802948e-20
88.20878799879989 4.762005409831908e-20
88.30776663666367 4.75938685012742e-20
88.40674527452747 4.756774792628806e-20
88.50572391239125 4.754169198563046e-20
88.60470255025503 4.751570029442456e-20
88.70368118811882 4.748977247062434e-20
88.8026598259826 4.7463908134991876e-20
88.9016384638464 4.7438106911074997e-20
89.00061710171018 4.7412368425185056e-20
89.09959573957397 4.738669230637483e-20
89.19857437743775 4.7361078186416886e-20
89.29755301530153 4.733552569978178e-20
89.39653165316533 4.7310034483616565e-20
89.4955102910291 4.728460417772374e-20
89.5944889288929 4.7259234424539815e-20
89.69346756675668 4.72339248691147e-20
89.79244620462048 4.720867515909077e-20
89.89142484248426 4.718348494468241e-20
89.99040348034804 4.715835387865557e-20
90.08938211821183 4.7133281616307513e-20
90.18836075607561 4.7108267815446915e-20
90.2873393939394 4.708331213637384e-20
90.38631803180319 4.7058414241860014e-20
90.48529666966698 4.7033573797129424e-20
90.58427530753076 4.70087904698389e-20
90.68325394539454 4.698406393005879e-20
90.78223258325833 4.6959393850254e-20
90.88121122112211 4.693477990526518e-20
90.98018985898591 4.6910221772289795e-20
91.07916849684969 4.688571913086374e-20
91.17814713471348 4.6861271662842777e-20
91.27712577257726 4.683687905238449e-20
91.37610441044106 4.6812540985929835e-20
91.47508304830484 4.678825715218554e-20
91.57406168616862 4.676402724210609e-20
91.67304032403241 4.6739850948876096e-20
91.7720189618962 4.671572796789292e-20
91.87099759975999 4.669165799674907e-20
91.96997623762377 4.666764073521528e-20
92.06895487548756 4.6643675885223166e-20
92.16793351335134 4.6619763150848546e-20
92.26691215121512 4.659590223829443e-20
92.36589078907892 4.657209285587457e-20
92.4648694269427 4.654833471399682e-20
92.56384806480649 4.6524627525146785e-20
92.66282670267027 4.6500971003871734e-20
92.76180534053407 4.6477364866764314e-20
92.86078397839785 4.6453808832446653e-20
92.95976261626163 4.6430302621554616e-20
93.05874125412542 4.640684595672201e-20
93.1577198919892 4.638343856256504e-20
93.256698529853 4.6360080165666963e-20
93.35567716771678 4.6336770494562614e-20
93.45465580558057 4.631350927972341e-20
93.55363444344435 4.62902962535421e-20
93.65261308130813 4.6267131150318087e-20
93.75159171917193 4.624401370624238e-20
93.8505703570357 4.6220943659383105e-20
93.9495489948995 4.6197920749670734e-20
94.04852763276328 4.617494471888395e-20
94.14750627062708 4.6152015310634975e-20
94.24648490849086 4.6129132270355705e-20
94.34546354635464 4.6106295345283357e-20
94.44444218421843 4.608350428444667e-20
94.54342082208221 4.6060758838652034e-20
94.642399459946 4.603805876046965e-20
94.74137809780979 4.6015403804220036e-20
94.84035673567358 4.599279372596048e-20
94.93933537353736 4.597022828347154e-20
95.03831401140114 4.5947707236243964e-20
95.13729264926494 4.592523034546533e-20
95.23627128712872 4.5902797374006976e-20
95.33524992499251 4.588040808641123e-20
95.43422856285629 4.585806224887834e-20
95.53320720072008 4.5835759629253846e-20
95.63218583858387 4.5813499997015853e-20
95.73116447644766 4.5791283123262597e-20
95.83014311431144 4.576910878069996e-20
95.92912175217522 4.5746976743629e-20
96.02810039003901 4.572488678793403e-20
96.1270790279028 4.5702838691070105e-20
96.22605766576659 4.568083223205134e-20
96.32503630363037 4.565886719143867e-20
96.42401494149416 4.563694335132825e-20
96.52299357935794 4.5615060495339585e-20
96.62197221722172 4.559321840860392e-20
96.72095085508552 4.5571416877752665e-20
96.8199294929493 4.5549655690906e-20
96.9189081308131 4.552793463766144e-20
97.01788676867687 4.550625350908262e-20
97.11686540654067 4.548461209768808e-20
97.21584404440445 4.546301019744022e-20
97.31482268226823 4.5441447603734225e-20
97.41380132013202 4.5419924113387254e-20
97.5127799579958 4.539843952462761e-20
97.6117585958596 4.537699363708392e-20
97.71073723372338 4.5355586251774567e-20
97.80971587158717 4.533421717109714e-20
97.90869450945095 4.531288619881793e-20
98.00767314731473 4.5291593140061584e-20
98.10665178517853 4.5270337801300715e-20
98.20563042304231 4.524911999034581e-20
98.3046090609061 4.522793951633496e-20
98.40358769876988 4.5206796189724015e-20
98.50256633663368 4.5185689822276296e-20
98.60154497449746 4.516462022705299e-20
98.70052361236124 4.5143587218403285e-20
98.79950225022503 4.512259061195441e-20
98.89848088808881 4.510163022460234e-20
98.9974595259526 4.508070587450197e-20
99.09643816381639 4.5059817381057643e-20
99.19541680168018 4.503896456491384e-20
99.29439543954396 4.501814724794574e-20
99.39337407740774 4.4997365253249995e-20
99.49235271527154 4.497661840513544e-20
99.59133135313532 4.495590652911419e-20
99.69030999099911 4.4935229451892314e-20
99.78928862886289 4.491458700136109e-20
99.88826726672669 4.489397900658793e-20
99.98724590459047 4.4873405297807734e-20
100.08622454245425 4.485286570641387e-20
100.18520318031804 4.483236006494979e-20
100.28418181818182 4.4811888207100156e-20
100.38316045604562 4.479144996768244e-20
100.4821390939094 4.4771045182638327e-20
100.58111773177319 4.4750673689025406e-20
100.68009636963697 4.473033532500882e-20
100.77907500750077 4.4710029929852824e-20
100.87805364536455 4.468975734391278e-20
100.97703228322833 4.4669517408626864e-20
101.07601092109212 4.464930996650808e-20
101.1749895589559 4.4629134861136135e-20
101.2739681968197 4.460899193714959e-20
101.37294683468348 4.4588881040237886e-20
101.47192547254727 4.4568802017133556e-20
101.57090411041105 4.454875471560445e-20
101.66988274827483 4.4528738984445995e-20
101.76886138613862 4.450875467347363e-20
101.8678400240024 4.448880163351517e-20
101.9668186618662 4.4468879716403233e-20
102.06579729972998 4.444898877496788e-20
102.16477593759377 4.442912866302914e-20
102.26375457545755 4.4409299235389706e-20
102.36273321332133 4.438950034782765e-20
102.46171185118513 4.4369731857089066e-20
102.56069048904891 4.4349993620881115e-20
102.6596691269127 4.4330285497864766e-20
102.75864776477648 4.431060734764771e-20
102.85762640264028 4.4290959030777497e-20
102.95660504050406 4.42713404087345e-20
103.05558367836784 4.425175134392493e-20
103.15456231623163 4.4232191699674206e-20
103.25354095409541 4.421266134022e-20
103.35251959195921 4.419316013070555e-20
103.45149822982299 4.4173687937173104e-20
103.55047686768678 4.415424462655705e-20
103.64945550555056 4.413483006667754e-20
103.74843414341434 4.411544412623392e-20
103.84741278127814 4.409608667479822e-20
103.94639141914192 4.407675758280881e-20
104.04537005700571 4.4057456721563896e-20
104.14434869486949 4.4038183963215366e-20
104.24332733273329 4.401893918076242e-20
104.34230597059707 4.399972224804535e-20
104.44128460846085 4.398053303973944e-20
104.54026324632464 4.396137143134872e-20
104.63924188418842 4.394223729920004e-20
104.73822052205222 4.392313052043693e-20
104.837199159916 4.390405097301364e-20
104.93617779777979 4.388499853568928e-20
105.03515643564357 4.3865973088021816e-20
105.13413507350737 4.384697451036231e-20
105.23311371137115 4.3828002683849126e-20
105.33209234923493 4.3809057490402115e-20
105.43107098709872 4.3790138812717017e-20
105.5300496249625 4.3771246534259644e-20
105.6290282628263 4.3752380539260416e-20
105.72800690069008 4.3733540712708725e-20
105.82698553855387 4.371472694034741e-20
105.92596417641765 4.36959391086672e-20
106.02494281428143 4.367717710490144e-20
106.12392145214523 4.36584408170205e-20
106.222900090009 4.363973013372655e-20
106.3218787278728 4.3621044944448156e-20
106.42085736573658 4.36023851393351e-20
106.51983600360037 4.3583750609253e-20
106.61881464146416 4.35651412457783e-20
106.71779327932794 4.3546556941192916e-20
106.81677191719173 4.3527997588479276e-20
106.91575055505551 4.3509463081315187e-20
107.0147291929193 4.3490953314068794e-20
107.11370783078308 4.347246818179358e-20
107.21268646864688 4.345400758022341e-20
107.31166510651066 4.343557140576763e-20
107.41064374437444 4.341715955550617e-20
107.50962238223823 4.3398771927184696e-20
107.60860102010201 4.338040841920987e-20
107.70757965796581 4.336206893064438e-20
107.80655829582959 4.3343753361202465e-20
107.90553693369338 4.3325461611245067e-20
108.00451557155716 4.3307193581775166e-20
108.10349420942094 4.328894917443324e-20
108.20247284728474 4.3270728291492596e-20
108.30145148514852 4.325253083585485e-20
108.40043012301231 4.323435671104542e-20
108.4994087608761 4.3216205821209e-20
108.59838739873989 4.319807807110516e-20
108.69736603660367 4.317997336610391e-20
108.79634467446745 4.316189161218126e-20
108.89532331233124 4.3143832715915e-20
108.99430195019502 4.312579658448027e-20
109.09328058805882 4.3107783125645343e-20
109.1922592259226 4.308979224776732e-20
109.29123786378639 4.3071823859787956e-20
109.39021650165017 4.3053877871229494e-20
109.48919513951397 4.3035954192190444e-20
109.58817377737775 4.3018052733341554e-20
109.68715241524153 4.300017340592162e-20
109.78613105310532 4.2982316121733456e-20
109.8851096909691 4.296448079314002e-20
109.9840883288329 4.294666733306008e-20
110.08306696669668 4.292887565496464e-20
110.18204560456047 4.2911105672872723e-20
110.28102424242425 4.2893357301347595e-20
110.38000288028803 4.2875630455492834e-20
110.47898151815183 4.28579250509485e-20
110.5779601560156 4.284024100388736e-20
110.6769387938794 4.2822578231011006e-20
110.77591743174318 4.2804936649546216e-20
110.87489606960698 4.278731617724109e-20
110.97387470747076 4.276971673236146e-20
111.07285334533454 4.2752138233687183e-20
111.17183198319833 4.273458060050841e-20
111.27081062106211 4.271704375262214e-20
111.3697892589259 4.269952761032844e-20
111.46876789678969 4.2682032094427e-20
111.56774653465348 4.2664557126213587e-20
111.66672517251726 4.264710262747646e-20
111.76570381038104 4.2629668520492995e-20
111.86468244824484 4.26122547280261e-20
111.96366108610862 4.259486117332093e-20
112.06263972397241 4.2577487780101356e-20
112.16161836183619 4.256013447256661e-20
112.26059699969998 4.254280117538799e-20
112.35957563756376 4.2525487813705457e-20
112.45855427542755 4.250819431312443e-20
112.55753291329134 4.249092059971234e-20
112.65651155115512 4.24736665999956e-20
112.75549018901891 4.245643224095612e-20
112.8544688268827 4.243921745002836e-20
112.95344746474649 4.2422022155095896e-20
113.05242610261027 4.2404846284488496e-20
113.15140474047405 4.2387689766978786e-20
113.25038337833784 4.237055253177931e-20
113.34936201620162 4.2353434508539286e-20
113.44834065406542 4.233633562734167e-20
113.5473192919292 4.2319255818700027e-20
113.646297929793 4.2302195013555567e-20
113.74527656765677 4.2285153143274133e-20
113.84425520552055 4.226813013964318e-20
113.94323384338435 4.225112593486894e-20
114.04221248124813 4.2234140461573346e-20
114.14119111911192 4.221717365279121e-20
114.2401697569757 4.220022544196737e-20
114.3391483948395 4.2183295762953724e-20
114.43812703270328 4.216638455000652e-20
114.53710567056707 4.2149491737783355e-20
114.63608430843085 4.213261726134051e-20
114.73506294629463 4.211576105613022e-20
114.83404158415843 4.209892305799771e-20
114.93302022202221 4.2082103203178655e-20
115.031998859886 4.2065301428296365e-20
115.13097749774978 4.2048517670359065e-20
115.22995613561358 4.203175186675736e-20
115.32893477347736 4.201500395526138e-20
115.42791341134114 4.199827387401827e-20
115.52689204920493 4.1981561561549535e-20
115.62587068706871 4.196486695674847e-20
115.7248493249325 4.194818999887752e-20
115.82382796279629 4.193153062756574e-20
115.92280660066008 4.1914888782806313e-20
116.02178523852386 4.189826440495398e-20
116.12076387638764 4.188165743472246e-20
116.21974251425144 4.186506781318216e-20
116.31872115211522 4.1848495481757466e-20
116.41769978997901 4.1831940382224494e-20
116.51667842784279 4.181540245670854e-20
116.61565706570659 4.179888164768174e-20
116.71463570357037 4.1782377897960625e-20
116.81361434143415 4.176589115070373e-20
116.91259297929794 4.1749421349409296e-20
117.01157161716172 4.17329684379129e-20
117.11055025502552 4.1716532360385076e-20
117.2095288928893 4.1700113061329136e-20
117.30850753075309 4.1683710485578687e-20
117.40748616861687 4.1667324578295587e-20
117.50646480648065 4.165095528496745e-20
117.60544344434444 4.1634602551405604e-20
117.70442208220823 4.1618266323742736e-20
117.80340072007202 4.1601946548430777e-20
117.9023793579358 4.158564317223858e-20
118.0013579957996 4.1569356142249935e-20
118.10033663366337 4.1553085405861194e-20
118.19931527152715 4.153683091077928e-20
118.29829390939095 4.152059260501955e-20
118.39727254725473 4.150437043690358e-20
118.49625118511852 4.148816435505714e-20
118.5952298229823 4.147197430840815e-20
118.6942084608461 4.145580024618452e-20
118.79318709870988 4.143964211791212e-20
118.89216573657367 4.1423499873412827e-20
118.99114437443745 4.1407373462802435e-20
119.09012301230123 4.139126283648856e-20
119.18910165016503 4.137516794516889e-20
119.28808028802881 4.135908873982892e-20
119.3870589258926 4.1343025171740223e-20
119.48603756375638 4.1326977192458345e-20
119.58501620162018 4.1310944753820975e-20
119.68399483948396 4.129492780794593e-20
119.78297347734774 4.127892630722933e-20
119.88195211521153 4.1262940204343685e-20
119.98093075307531 4.124696945223593e-20
120.07990939093911 4.1231014004125673e-20
120.17888802880289 4.1215073813503335e-20
120.27786666666668 4.1199148834128205e-20
120.37684530453046 4.1183239020026753e-20
120.47582394239424 4.116734432549069e-20
120.57480258025804 4.115146470507525e-20
120.67378121812182 4.113560011359741e-20
120.77275985598561 4.111975050613405e-20
120.87173849384939 4.110391583802025e-20
120.97071713171319 4.1088096064847504e-20
121.06969576957697 4.1072291142462057e-20
121.16867440744075 4.1056501026963066e-20
121.26765304530454 4.1040725674700954e-20
121.36663168316832 4.102496504227583e-20
121.46561032103212 4.100921908653551e-20
121.5645889588959 4.0993487764574156e-20
121.66356759675969 4.097777103373041e-20
121.76254623462347 4.096206885158586e-20
121.86152487248725 4.0946381175963306e-20
121.96050351035105 4.093070796492523e-20
122.05948214821483 4.0915049176772116e-20
122.15846078607862 4.0899404770040866e-20
122.2574394239424 4.0883774703503235e-20
122.3564180618062 4.0868158936164216e-20
122.45539669966998 4.085255742726047e-20
122.55437533753376 4.0836970136258815e-20
122.65335397539755 4.0821397022854636e-20
122.75233261326133 4.080583804697036e-20
122.85131125112513 4.079029316875395e-20
122.9502898889889 4.0774762348577386e-20
123.0492685268527 4.075924554703514e-20
123.14824716471648 4.074374272494273e-20
123.24722580258027 4.0728253843335163e-20
123.34620444044405 4.0712778863465606e-20
123.44518307830783 4.069731774680372e-20
123.54416171617163 4.068187045503447e-20
123.64314035403541 4.0666436950056415e-20
123.7421189918992 4.065101719398049e-20
123.84109762976298 4.0635611149128474e-20
123.94007626762678 4.062021877803166e-20
124.03905490549056 4.0604840043429354e-20
124.13803354335434 4.05894749082676e-20
124.23701218121813 4.057412333569775e-20
124.33599081908191 4.055878528907505e-20
124.43496945694571 4.05434607319574e-20
124.53394809480949 4.0528149628103886e-20
124.63292673267328 4.051285194147349e-20
124.73190537053706 4.0497567636223816e-20
124.83088400840084 4.048229667670966e-20
124.92986264626464 4.046703902748176e-20
125.02884128412842 4.0451794653285556e-20
125.12781992199221 4.0436563519059735e-20
125.226798559856 4.0421345589935093e-20
125.32577719771979 4.040614083123324e-20
125.42475583558357 4.0390949208465305e-20
125.52373447344735 4.037577068733063e-20
125.62271311131114 4.036060523371567e-20
125.72169174917492 4.034545281369259e-20
125.82067038703872 4.033031339351813e-20
125.9196490249025 4.031518693963238e-20
126.01862766276629 4.030007341865755e-20
126.11760630063007 4.028497279739679e-20
126.21658493849385 4.026988504283293e-20
126.31556357635765 4.025481012212738e-20
126.41454221422143 4.023974800261889e-20
126.51352085208522 4.0224698651822424e-20
126.612499489949 4.020966203742797e-20
126.7114781278128 4.019463812729942e-20
126.81045676567658 4.017962688947333e-20
126.90943540354036 4.0164628292157944e-20
127.00841404140415 4.0149642303731886e-20
127.10739267926793 4.013466889274322e-20
127.20637131713173 4.01197080279082e-20
127.3053499549955 4.010475967811018e-20
127.4043285928593 4.008982381239862e-20
127.50330723072308 4.0074900399987876e-20
127.60228586858686 4.005998941025617e-20
127.70126450645066 4.00450908127445e-20
127.80024314431444 4.003020457715565e-20
127.89922178217823 4.001533067335298e-20
127.99820042004201 4.0000469071359537e-20
128.0971790579058 3.998561974135688e-20
128.19615769576959 3.997078265368412e-20
128.29513633363337 3.9955957778836885e-20
128.39411497149715 3.994114508746626e-20
128.49309360936093 3.9926344550377757e-20
128.59207224722473 3.9911556138530424e-20
128.69105088508852 3.989677982303569e-20
128.7900295229523 3.988201557515646e-20
128.88900816081608 3.9867263366306166e-20
128.98798679867988 3.9852523168047626e-20
129.08696543654366 3.983779495209227e-20
129.18594407440744 3.982307869029901e-20
129.28492271227123 3.980837435467342e-20
129.383901350135 3.979368191736662e-20
129.4828799879988 3.977900135067452e-20
129.5818586258626 3.9764332627036716e-20
129.68083726372637 3.9749675719035623e-20
129.77981590159015 3.973503059939559e-20
129.87879453945393 3.972039724098189e-20
129.97777317731774 3.970577561679988e-20
130.07675181518152 3.969116569999405e-20
130.1757304530453 3.967656746384712e-20
130.27470909090908 3.9661980881779254e-20
130.3736877287729 3.964740592734694e-20
130.47266636663667 3.963284257424238e-20
130.57164500450045 3.961829079629236e-20
130.67062364236423 3.9603750567457595e-20
130.769602280228 3.958922186183171e-20
130.86858091809182 3.957470465364048e-20
130.9675595559556 3.956019891724092e-20
131.06653819381938 3.9545704627120434e-20
131.16551683168316 3.9531221757896055e-20
131.26449546954694 3.9516750284313513e-20
131.36347410741075 3.9502290181246435e-20
131.46245274527453 3.948784142369554e-20
131.5614313831383 3.947340398678786e-20
131.6604100210021 3.945897784577581e-20
131.7593886588659 3.9444562976036514e-20
131.85836729672968 3.9430159353070864e-20
131.95734593459346 3.9415766952502937e-20
132.05632457245724 3.940138575007889e-20
132.15530321032102 3.938701572166656e-20
132.25428184818483 3.93726568432543e-20
132.3532604860486 3.935830909095053e-20
132.4522391239124 3.9343972440982725e-20
132.55121776177617 3.932964686969685e-20
132.65019639963998 3.93153323535564e-20
132.74917503750376 3.930102886914182e-20
132.84815367536754 3.928673639314973e-20
132.94713231323132 3.9272454902392033e-20
133.0461109510951 3.9258184373795374e-20
133.1450895889589 3.9243924784400326e-20
133.2440682268227 3.922967611136066e-20
133.34304686468647 3.921543833194255e-20
133.44202550255025 3.920121142352402e-20
133.54100414041403 3.918699536359408e-20
133.63998277827784 3.917279012975216e-20
133.73896141614162 3.915859569970724e-20
133.8379400540054 3.91444120512773e-20
133.93691869186918 3.9130239162388534e-20
134.035897329733 3.911607701107475e-20
134.13487596759677 3.910192557547658e-20
134.23385460546055 3.9087784833840874e-20
134.33283324332433 3.907365476452e-20
134.4318118811881 3.905953534597123e-20
134.53079051905192 3.904542655675593e-20
134.6297691569157 3.903132837553912e-20
134.72874779477948 3.90172407810886e-20
134.82772643264326 3.900316375227444e-20
134.92670507050704 3.8989097268068284e-20
135.02568370837085 3.8975041307542717e-20
135.12466234623463 3.896099584987058e-20
135.2236409840984 3.8946960874324456e-20
135.3226196219622 3.893293636027586e-20
135.421598259826 3.8918922287194826e-20
135.52057689768978 3.8904918634649123e-20
135.61955553555356 3.889092538230367e-20
135.71853417341734 3.887694250992001e-20
135.81751281128112 3.8862969997355596e-20
135.91649144914493 3.884900782456323e-20
136.0154700870087 3.8835055971590484e-20
136.1144487248725 3.8821114418579066e-20
136.21342736273627 3.880718314576428e-20
136.31240600060005 3.8793262133474353e-20
136.41138463846386 3.877935136212993e-20
136.51036327632764 3.876545081224348e-20
136.60934191419142 3.8751560464418685e-20
136.7083205520552 3.87376802993499e-20
136.807299189919 3.872381029782158e-20
136.9062778277828 3.870995044070769e-20
137.00525646564657 3.869610070897118e-20
137.10423510351035 3.8682261083663456e-20
137.20321374137413 3.866843154592369e-20
137.30219237923794 3.865461207697845e-20
137.40117101710172 3.864080265814106e-20
137.5001496549655 3.862700327081102e-20
137.59912829282928 3.8613213896473575e-20
137.6981069306931 3.859943451669908e-20
137.79708556855687 3.8585665113142546e-20
137.89606420642065 3.857190566754309e-20
137.99504284428443 3.855815616172333e-20
138.0940214821482 3.854441657758901e-20
138.19300012001202 3.853068689712836e-20
138.2919787578758 3.851696710241171e-20
138.39095739573958 3.8503257175590803e-20
138.48993603360336 3.8489557098898423e-20
138.58891467146717 3.847586685464789e-20
138.68789330933095 3.846218642523253e-20
138.78687194719473 3.844851579312513e-20
138.8858505850585 3.843485494087753e-20
138.98482922292231 3.842120385112007e-20
139.0838078607861 3.8407562506561164e-20
139.18278649864988 3.8393930889986754e-20
139.28176513651366 3.838030898425991e-20
139.38074377437744 3.8366696772320197e-20
139.47972241224124 3.835309423718344e-20
139.57870105010502 3.833950136194104e-20
139.6776796879688 3.8325918129759627e-20
139.77665832583259 3.8312344523880535e-20
139.8756369636964 3.829878052761936e-20
139.97461560156017 3.828522612436558e-20
140.07359423942395 3.827168129758191e-20
140.17257287728773 3.8258146030804076e-20
140.27155151515151 3.8244620307640203e-20
140.37053015301532 3.8231104111770435e-20
140.4695087908791 3.821759742694653e-20
140.56848742874288 3.820410023699131e-20
140.66746606660666 3.819061252579833e-20
140.76644470447044 3.81771342773314e-20
140.86542334233425 3.816366547562415e-20
140.96440198019803 3.8150206104779605e-20
141.0633806180618 3.813675614896978e-20
141.1623592559256 3.8123315592435247e-20
141.2613378937894 3.8109884419484706e-20
141.36031653165318 3.809646261449457e-20
141.45929516951696 3.8083050161908576e-20
141.55827380738074 3.8069647046237326e-20
141.65725244524452 3.8056253252057944e-20
141.75623108310833 3.8042868764013593e-20
141.8552097209721 3.8029493566813166e-20
141.9541883588359 3.8016127645230754e-20
142.05316699669967 3.8002770984105424e-20
142.15214563456345 3.798942356834066e-20
142.25112427242726 3.797608538290405e-20
142.35010291029104 3.796275641282693e-20
142.44908154815482 3.79494366432039e-20
142.5480601860186 3.793612605919251e-20
142.6470388238824 3.792282464601285e-20
142.7460174617462 3.7909532388947224e-20
142.84499609960997 3.789624927333964e-20
142.94397473747375 3.7882975284595666e-20
143.04295337533753 3.786971040818179e-20
143.14193201320134 3.785645462962521e-20
143.24091065106512 3.784320793451351e-20
143.3398892889289 3.7829970308494106e-20
143.43886792679268 3.7816741737274096e-20
143.53784656465646 3.780352220661974e-20
143.63682520252027 3.779031170235621e-20
143.73580384038405 3.777711021036718e-20
143.83478247824783 3.776391771659447e-20
143.9337611161116 3.7750734207037685e-20
144.03273975397542 3.773755966775399e-20
144.1317183918392 3.772439408485756e-20
144.23069702970298 3.7711237444519416e-20
144.32967566756676 3.7698089732966976e-20
144.42865430543054 3.7684950936483756e-20
144.52763294329435 3.767182104140903e-20
144.62661158115813 3.765870003413753e-20
144.7255902190219 3.7645587901119013e-20
144.8245688568857 3.763248462885804e-20
144.9235474947495 3.76193902039136e-20
145.02252613261328 3.7606304612898797e-20
145.12150477047706 3.7593227842480515e-20
145.22048340834084 3.758015987937909e-20
145.31946204620462 3.7567100710367974e-20
145.41844068406843 3.755405032227353e-20
145.5174193219322 3.7541008701974534e-20
145.616397959796 3.7527975836402025e-20
145.71537659765977 3.751495171253892e-20
145.81435523552355 3.750193631741969e-20
145.91333387338736 3.7488929638130085e-20
146.01231251125114 3.7475931661806845e-20
146.11129114911492 3.746294237563735e-20
146.2102697869787 3.7449961766859334e-20
146.3092484248425 3.743698982276063e-20
146.4082270627063 3.7424026530678815e-20
146.50720570057007 3.741107187800093e-20
146.60618433843385 3.7398125852163204e-20
146.70516297629763 3.738518844065075e-20
146.80414161416144 3.737225963099729e-20
146.90312025202522 3.7359339410784864e-20
147.002098889889 3.7346427767643485e-20
147.10107752775278 3.733352468925101e-20
147.20005616561656 3.7320630163332626e-20
147.29903480348037 3.7307744177660796e-20
147.39801344134415 3.729486672005488e-20
147.49699207920793 3.728199777838078e-20
147.5959707170717 3.726913734055085e-20
147.69494935493552 3.7256285394523475e-20
147.7939279927993 3.7243441928302853e-20
147.89290663066308 3.72306069299387e-20
147.99188526852686 3.721778038752605e-20
148.09086390639064 3.720496228920491e-20
148.18984254425445 3.719215262316001e-20
148.28882118211823 3.71793513776206e-20
148.387799819982 3.716655854086015e-20
148.4867784578458 3.715377410119605e-20
148.5857570957096 3.714099804698943e-20
148.68473573357338 3.7128230366644836e-20
148.78371437143716 3.711547104861005e-20
148.88269300930094 3.7102720081375715e-20
148.98167164716472 3.708997745347528e-20
149.08065028502853 3.7077243153484533e-20
149.1796289228923 3.7064517170021536e-20
149.2786075607561 3.705179949174622e-20
149.37758619861987 3.70390901073603e-20
149.47656483648365 3.7026389005606894e-20
149.57554347434746 3.701369617527037e-20
149.67452211221124 3.7001011605176094e-20
149.77350075007502 3.698833528419014e-20
149.8724793879388 3.697566720121908e-20
149.9714580258026 3.696300734520983e-20
150.07043666366638 3.695035570514927e-20
150.16941530153017 3.6937712270064137e-20
150.26839393939395 3.692507702902073e-20
150.36737257725773 3.691244997112468e-20
150.46635121512153 3.6899831085520766e-20
150.56532985298531 3.6887220361392677e-20
150.6643084908491 3.6874617787962715e-20
150.76328712871288 3.686202335449171e-20
150.86226576657666 3.6849437050278644e-20
150.96124440444046 3.683685886466056e-20
151.06022304230424 3.682428878701226e-20
151.15920168016802 3.681172680674614e-20
151.2581803180318 3.679917291331194e-20
151.3571589558956 3.678662709619654e-20
151.4561375937594 3.6774089344923754e-20
151.55511623162317 3.6761559649054136e-20
151.65409486948695 3.674903799818469e-20
151.75307350735073 3.673652438194878e-20
151.85205214521454 3.672401879001584e-20
151.95103078307832 3.671152121209115e-20
152.0500094209421 3.669903163791572e-20
152.14898805880588 3.668655005726601e-20
152.24796669666966 3.667407645995378e-20
152.34694533453347 3.666161083582582e-20
152.44592397239725 3.664915317476385e-20
152.54490261026103 3.663670346668417e-20
152.6438812481248 3.6624261701537705e-20
152.74285988598862 3.661182786930949e-20
152.8418385238524 3.6599401960018795e-20
152.94081716171618 3.6586983963718675e-20
153.03979579957996 3.6574573870495976e-20
153.13877443744374 3.6562171670470984e-20
153.23775307530755 3.6549777353797316e-20
153.33673171317133 3.653739091066179e-20
153.4357103510351 3.6525012331284065e-20
153.5346889888989 3.651264160591663e-20
153.6336676267627 3.650027872484452e-20
153.73264626462648 3.648792367838521e-20
153.83162490249026 3.6475576456888287e-20
153.93060354035404 3.646323705073545e-20
154.02958217821782 3.64509054503402e-20
154.12856081608163 3.6438581646147736e-20
154.2275394539454 3.6426265628634695e-20
154.3265180918092 3.6413957388309116e-20
154.42549672967297 3.6401656915710086e-20
154.52447536753675 3.6389364201407674e-20
154.62345400540056 3.637707923600277e-20
154.72243264326434 3.636480201012687e-20
154.82141128112812 3.63525325144419e-20
154.9203899189919 3.6340270739640076e-20
155.0193685568557 3.6328016676443715e-20
155.1183471947195 3.6315770315605054e-20
155.21732583258327 3.6303531647906135e-20
155.31630447044705 3.629130066415857e-20
155.41528310831083 3.627907735520347e-20
155.51426174617464 3.626686171191114e-20
155.61324038403842 3.625465372518109e-20
155.7122190219022 3.624245338594169e-20
155.81119765976598 3.623026068515016e-20
155.91017629762976 3.621807561379238e-20
156.00915493549357 3.6205898162882626e-20
156.10813357335735 3.6193728323463546e-20
156.20711221122113 3.6181566086605916e-20
156.3060908490849 3.6169411443408547e-20
156.40506948694872 3.6157264384998076e-20
156.5040481248125 3.6145124902528835e-20
156.60302676267628 3.6132992987182724e-20
156.70200540054006 3.612086863016901e-20
156.80098403840384 3.6108751822724224e-20
156.89996267626765 3.609664255611195e-20
156.99894131413143 3.608454082162275e-20
157.0979199519952 3.6072446610573973e-20
157.196898589859 3.606035991430959e-20
157.29587722772277 3.604828072420012e-20
157.39485586558658 3.603620903164239e-20
157.49383450345036 3.6024144828059446e-20
157.59281314131414 3.601208810490046e-20
157.69179177917792 3.600003885364045e-20
157.79077041704173 3.598799706578028e-20
157.8897490549055 3.597596273284641e-20
157.9887276927693 3.596393584639084e-20
158.08770633063307 3.5951916397990924e-20
158.18668496849685 3.5939904379249255e-20
158.28566360636066 3.5927899781793474e-20
158.38464224422444 3.5915902597276247e-20
158.48362088208822 3.590391281737498e-20
158.582599519952 3.589193043379183e-20
158.6815781578158 3.5879955438253463e-20
158.7805567956796 3.5867987822511e-20
158.87953543354337 3.585602757833979e-20
158.97851407140715 3.58440746975394e-20
159.07749270927093 3.5832129171933386e-20
159.17647134713474 3.5820190993369197e-20
159.27544998499852 3.5808260153718066e-20
159.3744286228623 3.5796336644874886e-20
159.47340726072608 3.578442045875796e-20
159.57238589858986 3.577251158730912e-20
159.67136453645367 3.576061002249334e-20
159.77034317431745 3.57487157562988e-20
159.86932181218123 3.573682878073666e-20
159.968300450045 3.572494908784095e-20
160.06727908790882 3.57130766696685e-20
160.1662577257726 3.570121151829878e-20
160.26523636363638 3.568935362583377e-20
160.36421500150016 3.567750298439786e-20
160.46319363936394 3.56656595861377e-20
160.56217227722775 3.5653823423222154e-20
160.66115091509153 3.564199448784208e-20
160.7601295529553 3.56301727722103e-20
160.8591081908191 3.5618358268561415e-20
160.95808682868287 3.560655096915177e-20
161.05706546654667 3.559475086625927e-20
161.15604410441046 3.5582957952183265e-20
161.25502274227424 3.5571172219244514e-20
161.35400138013802 3.5559393659784955e-20
161.45298001800182 3.55476222661677e-20
161.5519586558656 3.553585803077688e-20
161.65093729372938 3.5524100946017473e-20
161.74991593159316 3.5512351004315355e-20
161.84889456945695 3.550060819811701e-20
161.94787320732075 3.548887251988954e-20
162.04685184518453 3.547714396212048e-20
162.14583048304831 3.5465422517317796e-20
162.2448091209121 3.545370817800964e-20
162.3437877587759 3.5442000936744354e-20
162.44276639663968 3.5430300786090316e-20
162.54174503450346 3.5418607718635866e-20
162.64072367236724 3.540692172698917e-20
162.73970231023102 3.539524280377809e-20
162.83868094809483 3.538357094165017e-20
162.9376595859586 3.537190613327247e-20
163.0366382238224 3.5360248371331466e-20
163.13561686168617 3.534859764853298e-20
163.23459549954995 3.533695395760203e-20
163.33357413741376 3.53253172912828e-20
163.43255277527754 3.531368764233848e-20
163.53153141314132 3.5302065003551166e-20
163.6305100510051 3.5290449367721833e-20
163.7294886888689 3.527884072767018e-20
163.8284673267327 3.5267239076234515e-20
163.92744596459647 3.525564440627172e-20
164.02642460246025 3.5244056710657115e-20
164.12540324032403 3.523247598228436e-20
164.22438187818784 3.522090221406537e-20
164.32336051605162 3.520933539893026e-20
164.4223391539154 3.519777552982718e-20
164.52131779177918 3.5186222599722275e-20
164.62029642964296 3.517467660159958e-20
164.71927506750677 3.516313752846089e-20
164.81825370537055 3.5151605373325784e-20
164.91723234323433 3.5140080129231357e-20
165.0162109810981 3.512856178923229e-20
165.11518961896192 3.51170503464007e-20
165.2141682568257 3.510554579382605e-20
165.31314689468948 3.5094048124615e-20
165.41212553255326 3.50825573318915e-20
165.51110417041704 3.507107340879647e-20
165.61008280828085 3.505959634848787e-20
165.70906144614463 3.5048126144140623e-20
165.8080400840084 3.503666278894642e-20
165.9070187218722 3.502520627611368e-20
166.00599735973597 3.501375659886753e-20
166.10497599759978 3.500231375044965e-20
166.20395463546356 3.499087772411823e-20
166.30293327332734 3.4979448513147847e-20
166.40191191119112 3.496802611082938e-20
166.50089054905493 3.495661051047e-20
166.5998691869187 3.494520170539303e-20
166.6988478247825 3.4933799688937856e-20
166.79782646264627 3.492240445445988e-20
166.89680510051005 3.491101599533042e-20
166.99578373837386 3.489963430493663e-20
167.09476237623764 3.488825937668148e-20
167.19374101410142 3.487689120398355e-20
167.2927196519652 3.4865529780277067e-20
167.391698289829 3.4854175099011806e-20
167.4906769276928 3.4842827153652965e-20
167.58965556555657 3.4831485937681135e-20
167.68863420342035 3.4820151444592196e-20
167.78761284128413 3.480882366789727e-20
167.88659147914794 3.47975026011226e-20
167.98557011701172 3.4786188237809584e-20
168.0845487548755 3.477488057151451e-20
168.18352739273928 3.476357959580867e-20
168.28250603060306 3.475228530427818e-20
168.38148466846687 3.474099769052398e-20
168.48046330633065 3.472971674816168e-20
168.57944194419443 3.471844247082156e-20
168.6784205820582 3.4707174852148415e-20
168.77739921992202 3.4695913885801596e-20
168.8763778577858 3.4684659565454846e-20
168.97535649564958 3.467341188479626e-20
169.07433513351336 3.466217083752824e-20
169.17331377137714 3.465093641736742e-20
169.27229240924095 3.463970861804451e-20
169.37127104710473 3.462848743330436e-20
169.4702496849685 3.4617272856905853e-20
169.5692283228323 3.460606488262172e-20
169.66820696069607 3.4594863504238674e-20
169.76718559855988 3.458366871555717e-20
169.86616423642366 3.4572480510391435e-20
169.96514287428744 3.456129888256934e-20
170.06412151215122 3.455012382593242e-20
170.16310015001503 3.453895533433574e-20
170.2620787878788 3.452779340164779e-20
170.3610574257426 3.451663802175056e-20
170.46003606360637 3.450548918853934e-20
170.55901470147015 3.449434689592274e-20
170.65799333933396 3.4483211137822535e-20
170.75697197719774 3.4472081908173747e-20
170.85595061506152 3.446095920092445e-20
170.9549292529253 3.444984301003577e-20
171.05390789078908 3.4438733329481785e-20
171.15288652865289 3.442763015324955e-20
171.25186516651667 3.441653347533888e-20
171.35084380438045 3.440544328976249e-20
171.44982244224423 3.4394359590545724e-20
171.54880108010803 3.438328237172669e-20
171.64777971797182 3.4372211627356056e-20
171.7467583558356 3.4361147351497036e-20
171.84573699369938 3.4350089538225416e-20
171.94471563156316 3.4339038181629324e-20
172.04369426942696 3.43279932758093e-20
172.14267290729074 3.431695481487828e-20
172.24165154515453 3.4305922792961315e-20
172.3406301830183 3.4294897204195817e-20
172.4396088208821 3.4283878042731226e-20
172.5385874587459 3.4272865302729147e-20
172.63756609660967 3.4261858978363214e-20
172.73654473447345 3.4250859063819026e-20
172.83552337233724 3.4239865553294106e-20
172.93450201020104 3.4228878440997856e-20
173.03348064806482 3.421789772115151e-20
173.1324592859286 3.4206923387988044e-20
173.23143792379238 3.4195955435752137e-20
173.33041656165616 3.4184993858700155e-20
173.42939519951997 3.417403865110003e-20
173.52837383738375 3.416308980723126e-20
173.62735247524753 3.41521473213848e-20
173.7263311131113 3.4141211187863155e-20
173.82530975097512 3.413028140098006e-20
173.9242883888389 3.411935795506074e-20
174.02326702670268 3.410844084444159e-20
174.12224566456646 3.4097530063470343e-20
174.22122430243024 3.408662560650583e-20
174.32020294029405 3.4075727467918053e-20
174.41918157815783 3.406483564208812e-20
174.5181602160216 3.405395012340813e-20
174.6171388538854 3.40430709062812e-20
174.71611749174917 3.403219798512132e-20
174.81509612961298 3.402133135435347e-20
174.91407476747676 3.401047100841338e-20
175.01305340534054 3.399961694174761e-20
175.11203204320432 3.398876914881342e-20
175.21101068106813 3.39779276240788e-20
175.3099893189319 3.3967092362022377e-20
175.4089679567957 3.395626335713336e-20
175.50794659465947 3.3945440603911515e-20
175.60692523252325 3.393462409686713e-20
175.70590387038706 3.3923813830520887e-20
175.80488250825084 3.391300979940397e-20
175.90386114611462 3.390221199805783e-20
176.0028397839784 3.389142042103432e-20
176.10181842184218 3.388063506289549e-20
176.200797059706 3.386985591821369e-20
176.29977569756977 3.38590829815714e-20
176.39875433543355 3.384831624756126e-20
176.49773297329733 3.3837555710785966e-20
176.59671161116114 3.3826801365858316e-20
176.69569024902492 3.38160532074011e-20
176.7946688868887 3.3805311230047046e-20
176.89364752475248 3.379457542843881e-20
176.99262616261626 3.378384579722893e-20
177.09160480048007 3.377312233107975e-20
177.19058343834385 3.3762405024663466e-20
177.28956207620763 3.375169387266192e-20
177.3885407140714 3.374098886976677e-20
177.48751935193522 3.373029001067925e-20
177.586497989799 3.3719597290110274e-20
177.68547662766278 3.370891070278028e-20
177.78445526552656 3.3698230243419275e-20
177.88343390339034 3.368755590676679e-20
177.98241254125415 3.367688768757178e-20
178.08139117911793 3.3666225580592576e-20
178.1803698169817 3.3655569580597e-20
178.2793484548455 3.364491968236209e-20
178.37832709270927 3.363427588067425e-20
178.47730573057308 3.362363817032913e-20
178.57628436843686 3.3613006546131567e-20
178.67526300630064 3.360238100289563e-20
178.77424164416442 3.359176153544447e-20
178.87322028202823 3.358114813861037e-20
178.972198919892 3.3570540807234706e-20
179.0711775577558 3.35599395361678e-20
179.17015619561957 3.354934432026905e-20
179.26913483348335 3.3538755154406734e-20
179.36811347134716 3.352817203345806e-20
179.46709210921094 3.3517594952309174e-20
179.56607074707472 3.3507023905854927e-20
179.6650493849385 3.349645888899911e-20
179.76402802280228 3.3485899896654194e-20
179.8630066606661 3.347534692374139e-20
179.96198529852987 3.346479996519064e-20
180.06096393639365 3.345425901594047e-20
180.15994257425743 3.3443724070938113e-20
180.25892121212124 3.343319512513931e-20
180.35789984998502 3.34226721735084e-20
180.4568784878488 3.3412155211018207e-20
180.55585712571258 3.3401644232650065e-20
180.65483576357636 3.339113923339372e-20
180.75381440144017 3.3380640208247337e-20
180.85279303930395 3.337014715221748e-20
180.95177167716773 3.335966006031901e-20
181.0507503150315 3.334917892757513e-20
181.14972895289532 3.333870374901731e-20
181.2487075907591 3.332823451968526e-20
181.34768622862288 3.3317771234626885e-20
181.44666486648666 3.330731388889827e-20
181.54564350435044 3.329686247756366e-20
181.64462214221425 3.3286416995695366e-20
181.74360078007803 3.3275977438373826e-20
181.8425794179418 3.326554380068747e-20
181.9415580558056 3.3255116077732765e-20
182.04053669366937 3.324469426461417e-20
182.13951533153318 3.3234278356444077e-20
182.23849396939696 3.322386834834277e-20
182.33747260726074 3.321346423543845e-20
182.43645124512452 3.320306601286716e-20
182.53542988298832 3.319267367577275e-20
182.6344085208521 3.318228721930691e-20
182.73338715871589 3.317190663862901e-20
182.83236579657967 3.31615319289062e-20
182.93134443444345 3.3151163085313344e-20
183.03032307230725 3.3140800103032946e-20
183.12930171017103 3.313044297725512e-20
183.22828034803482 3.3120091703177674e-20
183.3272589858986 3.3109746276005915e-20
183.42623762376238 3.309940669095271e-20
183.52521626162618 3.3089072943238495e-20
183.62419489948996 3.3078745028091154e-20
183.72317353735374 3.306842294074604e-20
183.82215217521752 3.305810667644595e-20
183.92113081308133 3.304779623044107e-20
184.0201094509451 3.303749159798898e-20
184.1190880888089 3.3027192774354597e-20
184.21806672667267 3.3016899754810144e-20
184.31704536453645 3.300661253463515e-20
184.41602400240026 3.2996331109116425e-20
184.51500264026404 3.298605547354798e-20
184.61398127812782 3.297578562323105e-20
184.7129599159916 3.296552155347404e-20
184.81193855385538 3.295526325959254e-20
184.9109171917192 3.294501073690921e-20
185.00989582958297 3.2934763980753876e-20
185.10887446744675 3.292452298646337e-20
185.20785310531053 3.291428774938163e-20
185.30683174317434 3.2904058264859577e-20
185.40581038103812 3.289383452825513e-20
185.5047890189019 3.2883616534933175e-20
185.60376765676568 3.287340428026554e-20
185.70274629462946 3.2863197759630985e-20
185.80172493249327 3.2852996968415124e-20
185.90070357035705 3.2842801902010464e-20
185.99968220822083 3.283261255581634e-20
186.0986608460846 3.282242892523889e-20
186.19763948394842 3.2812251005691044e-20
186.2966181218122 3.28020787925925e-20
186.39559675967598 3.279191228136974e-20
186.49457539753976 3.278175146745583e-20
186.59355403540354 3.277159634629066e-20
186.69253267326735 3.2761446913320694e-20
186.79151131113113 3.2751303163999087e-20
186.8904899489949 3.27411650937856e-20
186.9894685868587 3.2731032698146576e-20
187.08844722472247 3.272090597255492e-20
187.18742586258628 3.271078491249006e-20
187.28640450045006 3.270066951343801e-20
187.38538313831384 3.269055977089121e-20
187.48436177617762 3.268045568034862e-20
187.58334041404143 3.267035723731563e-20
187.6823190519052 3.266026443730406e-20
187.781297689769 3.265017727583212e-20
187.88027632763277 3.264009574842442e-20
187.97925496549655 3.263001985061192e-20
188.07823360336036 3.2619949577931924e-20
188.17721224122414 3.2609884925928007e-20
188.27619087908792 3.2599825890150097e-20
188.3751695169517 3.258977246615436e-20
188.47414815481548 3.257972464950319e-20
188.5731267926793 3.2569682435765247e-20
188.67210543054307 3.255964582051533e-20
188.77108406840685 3.254961479933451e-20
188.87006270627063 3.25395893678099e-20
188.96904134413444 3.252956952153489e-20
189.06801998199822 3.2519555256108825e-20
189.166998619862 3.250954656713731e-20
189.26597725772578 3.2499543450231874e-20
189.36495589558956 3.248954590101022e-20
189.46393453345337 3.2479553915095996e-20
189.56291317131715 3.246956748811891e-20
189.66189180918093 3.245958661571463e-20
189.7608704470447 3.2449611293524826e-20
189.8598490849085 3.243964151719709e-20
189.9588277227723 3.2429677282384935e-20
190.05780636063608 3.2419718584747815e-20
190.15678499849986 3.240976541995105e-20
190.25576363636364 3.2399817783665843e-20
190.35474227422745 3.2389875671569226e-20
190.45372091209123 3.2379939079344064e-20
190.552699549955 3.2370008002679037e-20
190.6516781878188 3.236008243726864e-20
190.75065682568257 3.2350162378813055e-20
190.84963546354638 3.234024782301835e-20
190.94861410141016 3.2330338765596176e-20
191.04759273927394 3.232043520226398e-20
191.14657137713772 3.231053712874492e-20
191.24555001500153 3.2300644540767746e-20
191.3445286528653 3.2290757434066965e-20
191.4435072907291 3.228087580438262e-20
191.54248592859287 3.2270999647460446e-20
191.64146456645665 3.226112895905174e-20
191.74044320432046 3.225126373491341e-20
191.83942184218424 3.2241403970807884e-20
191.93840048004802 3.2231549662503183e-20
192.0373791179118 3.22217008057728e-20
192.13635775577558 3.221185739639579e-20
192.2353363936394 3.220201943015666e-20
192.33431503150317 3.2192186902845405e-20
192.43329366936695 3.2182359810257504e-20
192.53227230723073 3.21725381481938e-20
192.63125094509454 3.2162721912460624e-20
192.73022958295832 3.215291109886967e-20
192.8292082208221 3.2143105703238047e-20
192.92818685868588 3.2133305721388206e-20
193.02716549654966 3.212351114914796e-20
193.12614413441347 3.2113721982350435e-20
193.22512277227725 3.210393821683412e-20
193.32410141014103 3.209415984844279e-20
193.4230800480048 3.2084386873025436e-20
193.5220586858686 3.207461928643641e-20
193.6210373237324 3.206485708453524e-20
193.72001596159618 3.2055100263186746e-20
193.81899459945996 3.204534881826092e-20
193.91797323732374 3.203560274563299e-20
194.01695187518754 3.202586204118332e-20
194.11593051305132 3.2016126700797494e-20
194.2149091509151 3.200639672036621e-20
194.31388778877889 3.199667209578533e-20
194.41286642664267 3.1986952822955804e-20
194.51184506450647 3.197723889778372e-20
194.61082370237025 3.1967530316180235e-20
194.70980234023403 3.1957827074061577e-20
194.80878097809781 3.194812916734904e-20
194.90775961596162 3.193843659196896e-20
195.0067382538254 3.19287493438527e-20
195.10571689168918 3.191906741893661e-20
195.20469552955296 3.1909390813162045e-20
195.30367416741674 3.189971952247538e-20
195.40265280528055 3.189005354282792e-20
195.50163144314433 3.188039287017591e-20
195.6006100810081 3.187073750048056e-20
195.6995887188719 3.1861087429707984e-20
195.79856735673567 3.185144265382921e-20
195.89754599459948 3.184180316882014e-20
195.99652463246326 3.1832168970661574e-20
196.09550327032704 3.182254005533916e-20
196.19448190819082 3.181291641884342e-20
196.29346054605463 3.1803298057169654e-20
196.3924391839184 3.179368496631804e-20
196.4914178217822 3.178407714229353e-20
196.59039645964597 3.177447458110587e-20
196.68937509750975 3.176487727876958e-20
196.78835373537356 3.175528523130396e-20
196.88733237323734 3.174569843473306e-20
196.98631101110112 3.173611688508561e-20
197.0852896489649 3.172654057839515e-20
197.18426828682868 3.171696951069986e-20
197.2832469246925 3.1707403678042634e-20
197.38222556255627 3.169784307647104e-20
197.48120420042005 3.1688287702037344e-20
197.58018283828383 3.1678737550798394e-20
197.67916147614764 3.166919261881579e-20
197.77814011401142 3.1659652902155655e-20
197.8771187518752 3.165011839688876e-20
197.97609738973898 3.16405890990905e-20
198.07507602760276 3.163106500484083e-20
198.17405466546657 3.162154611022428e-20
198.27303330333035 3.161203241132997e-20
198.37201194119413 3.1602523904251533e-20
198.4709905790579 3.159302058508715e-20
198.5699692169217 3.1583522449939547e-20
198.6689478547855 3.1574029494915923e-20
198.76792649264928 3.1564541716127995e-20
198.86690513051306 3.1555059109691975e-20
198.96588376837684 3.154558167172854e-20
199.06486240624065 3.1536109398362805e-20
199.16384104410443 3.1526642285724364e-20
199.2628196819682 3.1517180329947234e-20
199.361798319832 3.150772352716986e-20
199.46077695769577 3.1498271873535094e-20
199.55975559555958 3.1488825365190177e-20
199.65873423342336 3.1479383998286774e-20
199.75771287128714 3.146994776898089e-20
199.85669150915092 3.1460516673432883e-20
199.95567014701473 3.145109070780752e-20
200.0546487848785 3.1441669868273864e-20
200.1536274227423 3.1432254151005284e-20
200.25260606060607 3.1422843552179534e-20
200.35158469846985 3.141343806797862e-20
200.45056333633366 3.140403769458886e-20
200.54954197419744 3.139464242820085e-20
200.64852061206122 3.138525226500946e-20
200.747499249925 3.137586720121381e-20
200.84647788778878 3.136648723301728e-20
200.9454565256526 3.1357112356627476e-20
201.04443516351637 3.134774256825625e-20
201.14341380138015 3.133837786411964e-20
201.24239243924393 3.1329018240437914e-20
201.34137107710774 3.131966369343551e-20
201.44034971497152 3.1310314219341043e-20
201.5393283528353 3.1300969814387356e-20
201.63830699069908 3.1291630474811375e-20
201.73728562856286 3.1282296196854197e-20
201.83626426642667 3.1272966976761105e-20
201.93524290429045 3.1263642810781443e-20
202.03422154215423 3.125432369516871e-20
202.133200180018 3.1245009626180526e-20
202.2321788178818 3.1235700600078543e-20
202.3311574557456 3.122639661312858e-20
202.43013609360938 3.1217097661600463e-20
202.52911473147316 3.120780374176812e-20
202.62809336933694 3.119851484990952e-20
202.72707200720075 3.1189230982306675e-20
202.82605064506453 3.1179952135245626e-20
202.9250292829283 3.1170678305016475e-20
203.0240079207921 3.11614094879133e-20
203.12298655865587 3.115214568023417e-20
203.22196519651968 3.11428868782812e-20
203.32094383438346 3.113363307836041e-20
203.41992247224724 3.11243842767819e-20
203.51890111011102 3.1115140469859635e-20
203.6178797479748 3.11059016539116e-20
203.7168583858386 3.1096667825259654e-20
203.8158370237024 3.108743898022969e-20
203.91481566156617 3.107821511515143e-20
204.01379429942995 3.106899622635857e-20
204.11277293729376 3.105978231018868e-20
204.21175157515754 3.105057336298325e-20
204.31073021302132 3.104136938108764e-20
204.4097088508851 3.1032170360851105e-20
204.50868748874888 3.102297629862674e-20
204.60766612661268 3.101378719077152e-20
204.70664476447647 3.1004603033646274e-20
204.80562340234025 3.0995423823615644e-20
204.90460204020403 3.098624955704814e-20
205.00358067806783 3.097708023031605e-20
205.10255931593161 3.096791583979551e-20
205.2015379537954 3.095875638186645e-20
205.30051659165917 3.094960185291259e-20
205.39949522952296 3.094045224932143e-20
205.49847386738676 3.093130756748429e-20
205.59745250525054 3.092216780379618e-20
205.69643114311432 3.091303295465591e-20
205.7954097809781 3.0903903016466074e-20
205.89438841884188 3.0894777985632954e-20
205.9933670567057 3.088565785856659e-20
206.09234569456947 3.087654263168073e-20
206.19132433243325 3.0867432301392875e-20
206.29030297029703 3.085832686412419e-20
206.38928160816084 3.0849226316299545e-20
206.48826024602462 3.084013065434753e-20
206.5872388838884 3.083103987470038e-20
206.68621752175218 3.082195397379402e-20
206.78519615961596 3.0812872948068066e-20
206.88417479747977 3.080379679396572e-20
206.98315343534355 3.079472550793391e-20
207.08213207320733 3.078565908642315e-20
207.1811107110711 3.07765975258876e-20
207.2800893489349 3.076754082278505e-20
207.3790679867987 3.075848897357691e-20
207.47804662466248 3.074944197472818e-20
207.57702526252626 3.074039982270748e-20
207.67600390039004 3.073136251398699e-20
207.77498253825385 3.072233004504251e-20
207.87396117611763 3.071330241235339e-20
207.9729398139814 3.0704279612402545e-20
208.0719184518452 3.069526164167647e-20
208.17089708970897 3.06862484966652e-20
208.26987572757278 3.0677240173862305e-20
208.36885436543656 3.0668236669764896e-20
208.46783300330034 3.065923798087363e-20
208.56681164116412 3.065024410369266e-20
208.66579027902793 3.0641255034729635e-20
208.7647689168917 3.063227077049578e-20
208.8637475547555 3.062329130750575e-20
208.96272619261927 3.0614316642277713e-20
209.06170483048305 3.060534677133332e-20
209.16068346834686 3.05963816911977e-20
209.25966210621064 3.058742139839944e-20
209.35864074407442 3.05784658894706e-20
209.4576193819382 3.0569515160946695e-20
209.55659801980198 3.0560569209366636e-20
209.6555766576658 3.055162803127286e-20
209.75455529552957 3.054269162321117e-20
209.85353393339335 3.05337599817308e-20
209.95251257125713 3.052483310338442e-20
210.05149120912094 3.0515910984728095e-20
210.15046984698472 3.050699362232132e-20
210.2494484848485 3.049808101272693e-20
210.34842712271228 3.0489173152511194e-20
210.44740576057606 3.0480270038243755e-20
210.54638439843987 3.047137166649762e-20
210.64536303630365 3.0462478033849154e-20
210.74434167416743 3.045358913687812e-20
210.8433203120312 3.044470497216759e-20
210.942298949895 3.043582553630401e-20
211.0412775877588 3.042695082587714e-20
211.14025622562258 3.0418080837480127e-20
211.23923486348636 3.0409215567709354e-20
211.33821350135014 3.040035501316462e-20
211.43719213921395 3.039149917044898e-20
211.53617077707773 3.03826480361688e-20
211.6351494149415 3.0373801606933746e-20
211.7341280528053 3.036495987935681e-20
211.83310669066907 3.0356122850054224e-20
211.93208532853288 3.034729051564552e-20
212.03106396639666 3.033846287275349e-20
212.13004260426044 3.032963991800421e-20
212.22902124212422 3.032082164802702e-20
212.327999879988 3.0312008059454486e-20
212.4269785178518 3.030319914892245e-20
212.5259571557156 3.029439491307e-20
212.62493579357937 3.0285595348539396e-20
212.72391443144315 3.0276800451976176e-20
212.82289306930696 3.026801022002913e-20
212.92187170717074 3.025922464935019e-20
213.02085034503452 3.0250443736594557e-20
213.1198289828983 3.0241667478420596e-20
213.21880762076208 3.02328958714899e-20
213.3177862586259 3.0224128912467235e-20
213.41676489648967 3.0215366598020535e-20
213.51574353435345 3.020660892482093e-20
213.61472217221723 3.019785588954275e-20
213.71370081008104 3.018910748886346e-20
213.81267944794482 3.0180363719463644e-20
213.9116580858086 3.017162457802713e-20
214.01063672367238 3.016289006124084e-20
214.10961536153616 3.015416016579483e-20
214.20859399939997 3.0145434888382333e-20
214.30757263726375 3.013671422569967e-20
214.40655127512753 3.012799817444631e-20
214.5055299129913 3.011928673132482e-20
214.6045085508551 3.011057989304094e-20
214.7034871887189 3.0101877656303414e-20
214.80246582658268 3.0093180017824197e-20
214.90144446444646 3.008448697431824e-20
215.00042310231024 3.007579852250368e-20
215.09940174017405 3.006711465910166e-20
215.19838037803783 3.005843538083642e-20
215.2973590159016 3.004976068443532e-20
215.39633765376539 3.0041090566628717e-20
215.49531629162917 3.0032425024150065e-20
215.59429492949297 3.00237640537359e-20
215.69327356735675 3.001510765212575e-20
215.79225220522054 3.0006455816062243e-20
215.89123084308432 2.9997808542290995e-20
215.9902094809481 2.99891658275607e-20
216.0891881188119 2.9980527668623085e-20
216.18816675667568 2.9971894062232826e-20
216.28714539453946 2.9963265005147706e-20
216.38612403240325 2.9954640494128455e-20
216.48510267026705 2.994602052593886e-20
216.58408130813083 2.993740509734568e-20
216.68305994599461 2.992879420511869e-20
216.7820385838584 2.992018784603062e-20
216.88101722172217 2.991158601685723e-20
216.97999585958598 2.99029887143772e-20
217.07897449744976 2.989439593537225e-20
217.17795313531354 2.988580767662706e-20
217.27693177317732 2.9877223934929246e-20
217.3759104110411 2.986864470706938e-20
217.4748890489049 2.9860069989841017e-20
217.5738676867687 2.9851499780040654e-20
217.67284632463247 2.9842934074467716e-20
217.77182496249625 2.983437286992458e-20
217.87080360036006 2.982581616321655e-20
217.96978223822384 2.9817263951151884e-20
218.06876087608762 2.9808716230541727e-20
218.1677395139514 2.980017299820016e-20
218.26671815181518 2.979163425094419e-20
218.365696789679 2.97830999855937e-20
218.46467542754277 2.9774570198971516e-20
218.56365406540655 2.976604488790334e-20
218.66263270327033 2.975752404921776e-20
218.76161134113414 2.9749007679746296e-20
218.86058997899792 2.974049577632331e-20
218.9595686168617 2.973198833578604e-20
219.05854725472548 2.9723485354974646e-20
219.15752589258926 2.9714986830732113e-20
219.25650453045307 2.970649275990429e-20
219.35548316831685 2.9698003139339934e-20
219.45446180618063 2.968951796589062e-20
219.5534404440444 2.9681037236410756e-20
219.6524190819082 2.967256094775766e-20
219.751397719772 2.9664089096791436e-20
219.85037635763578 2.9655621680375036e-20
219.94935499549956 2.964715869537426e-20
220.04833363336334 2.9638700138657734e-20
220.14731227122715 2.9630246007096874e-20
220.24629090909093 2.962179629756597e-20
220.3452695469547 2.9613351006942085e-20
220.4442481848185 2.960491013210511e-20
220.54322682268227 2.959647366993773e-20
220.64220546054608 2.958804161732544e-20
220.74118409840986 2.957961397115651e-20
220.84016273627364 2.9571190728322034e-20
220.93914137413742 2.956277188571589e-20
221.0381200120012 2.955435744023468e-20
221.137098649865 2.954594738877788e-20
221.2360772877288 2.953754172824766e-20
221.33505592559257 2.9529140455549e-20
221.43403456345635 2.952074356758963e-20
221.53301320132016 2.951235106128005e-20
221.63199183918394 2.9503962933533514e-20
221.73097047704772 2.9495579181266e-20
221.8299491149115 2.948719980139628e-20
221.92892775277528 2.947882479084587e-20
222.0279063906391 2.9470454146538956e-20
222.12688502850287 2.946208786540253e-20
222.22586366636665 2.9453725944366303e-20
222.32484230423043 2.944536838036268e-20
222.42382094209424 2.943701517032679e-20
222.52279957995802 2.942866631119655e-20
222.6217782178218 2.942032179991251e-20
222.72075685568558 2.941198163341797e-20
222.81973549354936 2.94036458086589e-20
222.91871413141317 2.9395314322584016e-20
223.01769276927695 2.9386987172144715e-20
223.11667140714073 2.9378664354295075e-20
223.2156500450045 2.937034586599186e-20
223.3146286828683 2.9362031704194544e-20
223.4136073207321 2.935372186586528e-20
223.51258595859588 2.9345416347968865e-20
223.61156459645966 2.93371151474728e-20
223.71054323432344 2.9328818261347245e-20
223.80952187218725 2.932052568656502e-20
223.90850051005103 2.9312237420101607e-20
224.0074791479148 2.930395345893517e-20
224.1064577857786 2.929567380004648e-20
224.20543642364237 2.9287398440419016e-20
224.30441506150618 2.927912737703883e-20
224.40339369936996 2.9270860606894664e-20
224.50237233723374 2.9262598126977904e-20
224.60135097509752 2.9254339934282546e-20
224.7003296129613 2.92460860258052e-20
224.7993082508251 2.9237836398545144e-20
224.8982868886889 2.922959104950427e-20
224.99726552655267 2.9221349975687055e-20
225.09624416441645 2.9213113174100625e-20
225.19522280228026 2.920488064175469e-20
225.29420144014404 2.9196652375661586e-20
225.39318007800782 2.918842837283625e-20
225.4921587158716 2.9180208630296216e-20
225.59113735373538 2.91719931450616e-20
225.69011599159919 2.916378191415513e-20
225.78909462946297 2.915557493460211e-20
225.88807326732675 2.914737220343044e-20
225.98705190519053 2.9139173717670585e-20
226.0860305430543 2.913097947435558e-20
226.18500918091812 2.9122789470521096e-20
226.2839878187819 2.911460370320528e-20
226.38296645664568 2.910642216944889e-20
226.48194509450946 2.9098244866295286e-20
226.58092373237326 2.9090071790790326e-20
226.67990237023704 2.908190293998243e-20
226.77888100810083 2.907373831092262e-20
226.8778596459646 2.906557790066441e-20
226.97683828382839 2.905742170626388e-20
227.0758169216922 2.904926972477965e-20
227.17479555955597 2.904112195327289e-20
227.27377419741975 2.903297838880728e-20
227.37275283528353 2.9024839028449074e-20
227.47173147314734 2.901670386926698e-20
227.57071011101112 2.9008572908332295e-20
227.6696887488749 2.9000446142718805e-20
227.76866738673868 2.8992323569502835e-20
227.86764602460246 2.8984205185763194e-20
227.96662466246627 2.897609098858122e-20
228.06560330033005 2.896798097504076e-20
228.16458193819383 2.8959875142228137e-20
228.2635605760576 2.895177348723222e-20
228.3625392139214 2.894367600714434e-20
228.4615178517852 2.8935582699058295e-20
228.56049648964898 2.8927493560070455e-20
228.65947512751276 2.8919408587279597e-20
228.75845376537654 2.891132777778701e-20
228.85743240324035 2.890325112869647e-20
228.95641104110413 2.8895178637114223e-20
229.0553896789679 2.8887110300148995e-20
229.1543683168317 2.887904611491195e-20
229.25334695469547 2.887098607851675e-20
229.35232559255928 2.886293018807952e-20
229.45130423042306 2.8854878440718826e-20
229.55028286828684 2.884683083355571e-20
229.64926150615062 2.883878736371363e-20
229.7482401440144 2.8830748028318546e-20
229.8472187818782 2.882271282449882e-20
229.946197419742 2.8814681749385306e-20
230.04517605760577 2.880665480011123e-20
230.14415469546955 2.8798631973812337e-20
230.24313333333336 2.8790613267626725e-20
230.34211197119714 2.878259867869498e-20
230.44109060906092 2.877458820416008e-20
230.5400692469247 2.876658184116746e-20
230.63904788478848 2.875857958686495e-20
230.7380265226523 2.875058143840281e-20
230.83700516051607 2.874258739293372e-20
230.93598379837985 2.873459744761274e-20
231.03496243624363 2.87266115995974e-20
231.1339410741074 2.871862984604756e-20
231.23291971197122 2.8710652184125533e-20
231.331898349835 2.870267861099605e-20
231.43087698769878 2.8694709123826177e-20
231.52985562556256 2.8686743719785414e-20
231.62883426342637 2.867878239604564e-20
231.72781290129015 2.867082514978111e-20
231.82679153915393 2.866287197816851e-20
231.9257701770177 2.865492287838684e-20
232.0247488148815 2.864697784761753e-20
232.1237274527453 2.863903688304436e-20
232.22270609060908 2.863109998185351e-20
232.32168472847286 2.862316714123348e-20
232.42066336633664 2.8615238358375175e-20
232.51964200420045 2.8607313630471884e-20
232.61862064206423 2.8599392954719184e-20
232.717599279928 2.8591476328315075e-20
232.8165779177918 2.85835637484599e-20
232.91555655565557 2.85756552123563e-20
233.01453519351938 2.856775071720935e-20
233.11351383138316 2.8559850260226414e-20
233.21249246924694 2.8551953838617206e-20
233.31147110711072 2.85440614495938e-20
233.4104497449745 2.853617309037059e-20
233.5094283828383 2.8528288758164295e-20
233.6084070207021 2.852040845019401e-20
233.70738565856587 2.8512532163681103e-20
233.80636429642965 2.85046598958493e-20
233.90534293429346 2.849679164392464e-20
234.00432157215724 2.84889274051355e-20
234.10330021002102 2.8481067176712545e-20
234.2022788478848 2.847321095588877e-20
234.30125748574858 2.8465358739899474e-20
234.4002361236124 2.84575105259823e-20
234.49921476147617 2.844966631137714e-20
234.59819339933995 2.844182609332623e-20
234.69717203720373 2.843398986907411e-20
234.7961506750675 2.8426157635867567e-20
234.89512931293132 2.841832939095574e-20
234.9941079507951 2.8410505131590046e-20
235.09308658865888 2.8402684855024175e-20
235.19206522652266 2.839486855851412e-20
235.29104386438647 2.838705623931814e-20
235.39002250225025 2.8379247894696805e-20
235.48900114011403 2.837144352191294e-20
235.5879797779778 2.836364311823165e-20
235.6869584158416 2.83558466809203e-20
235.7859370537054 2.834805420724857e-20
235.88491569156918 2.834026569448836e-20
235.98389432943296 2.833248113991386e-20
236.08287296729674 2.832470054080154e-20
236.18185160516055 2.831692389443007e-20
236.28083024302433 2.830915119808042e-20
236.3798088808881 2.830138244903585e-20
236.4787875187519 2.8293617644581783e-20
236.57776615661567 2.828585678200597e-20
236.67674479447948 2.8278099858598376e-20
236.77572343234326 2.827034687165121e-20
236.87470207020704 2.826259781845892e-20
236.97368070807082 2.825485269631821e-20
237.0726593459346 2.8247111502528005e-20
237.1716379837984 2.823937423438947e-20
237.27061662166219 2.8231640889206e-20
237.36959525952597 2.822391146428322e-20
237.46857389738975 2.821618595692899e-20
237.56755253525355 2.820846436445336e-20
237.66653117311733 2.820074668416867e-20
237.76550981098111 2.819303291338939e-20
237.8644884488449 2.818532304943227e-20
237.96346708670868 2.8177617089616236e-20
238.06244572457248 2.816991503126247e-20
238.16142436243626 2.8162216871694326e-20
238.26040300030004 2.8154522608237384e-20
238.35938163816382 2.8146832238219377e-20
238.4583602760276 2.813914575897032e-20
238.5573389138914 2.813146316782238e-20
238.6563175517552 2.8123784462109915e-20
238.75529618961897 2.811610963916951e-20
238.85427482748275 2.810843869633988e-20
238.95325346534656 2.8100771630961993e-20
239.05223210321034 2.8093108440379e-20
239.15121074107412 2.8085449121936164e-20
239.2501893789379 2.807779367298102e-20
239.34916801680168 2.807014209086322e-20
239.4481466546655 2.8062494372934617e-20
239.54712529252927 2.805485051654924e-20
239.64610393039305 2.80472105190633e-20
239.74508256825683 2.8039574377835144e-20
239.8440612061206 2.80319420902253e-20
239.94303984398442 2.802431365359648e-20
240.0420184818482 2.8016689065313524e-20
240.14099711971198 2.800906832274347e-20
240.23997575757576 2.8001451423255497e-20
240.33895439543957 2.7993838364220904e-20
240.43793303330335 2.7986229143013206e-20
240.53691167116713 2.797862375700803e-20
240.6358903090309 2.797102220358317e-20
240.7348689468947 2.7963424480118525e-20
240.8338475847585 2.795583058399618e-20
240.93282622262228 2.7948240512600355e-20
241.03180486048606 2.794065426331741e-20
241.13078349834984 2.793307183353581e-20
241.22976213621365 2.792549322064616e-20
241.32874077407743 2.791791842204125e-20
241.4277194119412 2.791034743511595e-20
241.526698049805 2.7902780257267267e-20
241.62567668766877 2.7895216885894343e-20
241.72465532553258 2.7887657318398425e-20
241.82363396339636 2.788010155218288e-20
241.92261260126014 2.7872549584653225e-20
242.02159123912392 2.786500141321706e-20
242.1205698769877 2.7857457035284105e-20
242.2195485148515 2.7849916448266203e-20
242.3185271527153 2.7842379649577286e-20
242.41750579057907 2.783484663663343e-20
242.51648442844285 2.782731740685276e-20
242.61546306630666 2.7819791957655544e-20
242.71444170417044 2.7812270286464133e-20
242.81342034203422 2.780475239070301e-20
242.912398979898 2.77972382677987e-20
243.01137761776178 2.778972791517983e-20
243.1103562556256 2.778222133027717e-20
243.20933489348937 2.777471851052354e-20
243.30831353135315 2.7767219453353825e-20
243.40729216921693 2.775972415620505e-20
243.5062708070807 2.7752232616516266e-20
243.60524944494452 2.774474483172863e-20
243.7042280828083 2.773726079928541e-20
243.80320672067208 2.772978051663187e-20
243.90218535853586 2.772230398121542e-20
244.00116399639967 2.771483119048552e-20
244.10014263426345 2.770736214189369e-20
244.19912127212723 2.7699896832893514e-20
244.298099909991 2.769243526094066e-20
244.3970785478548 2.7684977423492834e-20
244.4960571857186 2.7677523318009805e-20
244.59503582358238 2.7670072941953457e-20
244.69401446144616 2.766262629278764e-20
244.79299309930994 2.765518336797834e-20
244.89197173717372 2.7647744164993515e-20
244.99095037503753 2.764030868130326e-20
245.0899290129013 2.7632876914379647e-20
245.1889076507651 2.762544886169683e-20
245.28788628862887 2.7618024520730993e-20
245.38686492649268 2.7610603888960367e-20
245.48584356435646 2.760318696386522e-20
245.58482220222024 2.7595773742927874e-20
245.68380084008402 2.7588364223632644e-20
245.7827794779478 2.758095840346593e-20
245.8817581158116 2.757355627991613e-20
245.9807367536754 2.756615785047369e-20
246.07971539153917 2.755876311263105e-20
246.17869402940295 2.755137206388271e-20
246.27767266726676 2.7543984701725185e-20
246.37665130513054 2.7536601023657005e-20
246.47562994299432 2.7529221027178716e-20
246.5746085808581 2.7521844709792886e-20
246.67358721872188 2.751447206900409e-20
246.7725658565857 2.750710310231893e-20
246.87154449444947 2.749973780724602e-20
246.97052313231325 2.7492376181295963e-20
247.06950177017703 2.7485018221981367e-20
247.1684804080408 2.747766392681689e-20
247.26745904590462 2.747031329331913e-20
247.3664376837684 2.746296631900672e-20
247.46541632163218 2.7455623001400296e-20
247.56439495949596 2.744828333802247e-20
247.66337359735977 2.744094732639788e-20
247.76235223522355 2.7433614964053104e-20
247.86133087308733 2.742628624851676e-20
247.9603095109511 2.741896117731946e-20
248.0592881488149 2.741163974799373e-20
248.1582667866787 2.740432195807416e-20
248.25724542454248 2.739700780509731e-20
248.35622406240626 2.7389697286601653e-20
248.45520270027004 2.738239040012776e-20
248.55418133813382 2.737508714321805e-20
248.65315997599762 2.7367787513416984e-20
248.7521386138614 2.736049150827103e-20
248.85111725172519 2.735319912532855e-20
248.95009588958897 2.734591036213991e-20
249.04907452745277 2.7338625216257465e-20
249.14805316531655 2.73313436852355e-20
249.24703180318033 2.732406576663028e-20
249.34601044104411 2.7316791458000017e-20
249.4449890789079 2.730952075690491e-20
249.5439677167717 2.730225366090709e-20
249.64294635463548 2.7294990167570656e-20
249.74192499249926 2.728773027446164e-20
249.84090363036304 2.7280473979148075e-20
249.93988226822685 2.727322127919987e-20
250.03886090609063 2.726597217218896e-20
250.1378395439544 2.725872665568916e-20
250.2368181818182 2.725148472727628e-20
250.33579681968197 2.7244246384528035e-20
250.43477545754578 2.7237011625024095e-20
250.53375409540956 2.722978044634608e-20
250.63273273327334 2.722255284607752e-20
250.73171137113712 2.7215328821803896e-20
250.8306900090009 2.7208108371112623e-20
250.9296686468647 2.720089149159305e-20
251.0286472847285 2.7193678180836456e-20
251.12762592259227 2.7186468436436015e-20
251.22660456045605 2.717926225598685e-20
251.32558319831986 2.7172059637086036e-20
251.42456183618364 2.716486057733252e-20
251.52354047404742 2.71576650743272e-20
251.6225191119112 2.715047312567288e-20
251.72149774977498 2.7143284728974265e-20
251.8204763876388 2.7136099881838035e-20
251.91945502550257 2.712891858187269e-20
252.01843366336635 2.712174082668872e-20
252.11741230123013 2.711456661389848e-20
252.2163909390939 2.710739594111624e-20
252.31536957695772 2.71002288059582e-20
252.4143482148215 2.7093065206042422e-20
252.51332685268528 2.708590513898889e-20
252.61230549054906 2.707874860241951e-20
252.71128412841287 2.7071595593958045e-20
252.81026276627665 2.706444611123017e-20
252.90924140414043 2.7057300151863464e-20
253.0082200420042 2.7050157713487385e-20
253.107198679868 2.7043018793733306e-20
253.2061773177318 2.7035883390234433e-20
253.30515595559558 2.7028751500625934e-20
253.40413459345936 2.7021623122544796e-20
253.50311323132314 2.7014498253629947e-20
253.60209186918692 2.7007376891522136e-20
253.70107050705073 2.7000259033864032e-20
253.8000491449145 2.6993144678300177e-20
253.8990277827783 2.6986033822477e-20
253.99800642064207 2.697892646404277e-20
254.09698505850588 2.6971822600647643e-20
254.19596369636966 2.6964722229943664e-20
254.29494233423344 2.695762534958473e-20
254.39392097209722 2.6950531957226615e-20
254.492899609961 2.694344205052695e-20
254.5918782478248 2.693635562714523e-20
254.6908568856886 2.6929272684742833e-20
254.78983552355237 2.6922193220982953e-20
254.88881416141615 2.691511723353069e-20
254.98779279927996 2.6908044720052972e-20
255.08677143714374 2.6900975678218593e-20
255.18575007500752 2.689391010569819e-20
255.2847287128713 2.688684800016429e-20
255.38370735073508 2.6879789359291205e-20
255.4826859885989 2.6872734180755154e-20
255.58166462646267 2.6865682462234166e-20
255.68064326432645 2.6858634201408134e-20
255.77962190219023 2.685158939595879e-20
255.878600540054 2.6844548043569714e-20
255.97757917791782 2.6837510141926293e-20
256.0765578157816 2.683047568871581e-20
256.17553645364535 2.6823444681627314e-20
256.27451509150916 2.6816417118351758e-20
256.37349372937297 2.680939299658187e-20
256.4724723672367 2.6802372314012258e-20
256.5714510051005 2.6795355068339325e-20
256.6704296429643 2.6788341257261316e-20
256.7694082808281 2.6781330878478292e-20
256.8683869186919 2.677432392969215e-20
256.96736555655565 2.6767320408606616e-20
257.06634419441946 2.6760320312927216e-20
257.1653228322832 2.675332364036132e-20
257.264301470147 2.6746330388618062e-20
257.3632801080108 2.673934055540848e-20
257.4622587458746 2.6732354138445366e-20
257.5612373837384 2.6725371135443328e-20
257.66021602160214 2.671839154411879e-20
257.75919465946595 2.6711415362190016e-20
257.85817329732976 2.6704442587377022e-20
257.9571519351935 2.6697473217401664e-20
258.0561305730573 2.669050724998762e-20
258.15510921092107 2.668354468286034e-20
258.2540878487849 2.6676585513747077e-20
258.3530664866487 2.6669629740376884e-20
258.45204512451244 2.6662677360480652e-20
258.55102376237625 2.6655728371791e-20
258.65000240024 2.6648782772042405e-20
258.7489810381038 2.664184055897107e-20
258.8479596759676 2.6634901730315067e-20
258.94693831383137 2.66279662838142e-20
259.0459169516952 2.6621034217210085e-20
259.144895589559 2.661410552824613e-20
259.24387422742274 2.6607180214667502e-20
259.34285286528655 2.6600258274221168e-20
259.4418315031503 2.6593339704655888e-20
259.5408101410141 2.658642450372216e-20
259.6397887788779 2.657951266917232e-20
259.73876741674167 2.657260419876044e-20
259.8377460546055 2.6565699090242382e-20
259.9367246924692 2.655879734137577e-20
260.03570333033304 2.6551898949920008e-20
260.13468196819684 2.654500391363627e-20
260.2336606060606 2.6538112230287502e-20
260.3326392439244 2.6531223897638416e-20
260.43161788178816 2.6524338913455482e-20
260.53059651965197 2.651745727550693e-20
260.6295751575158 2.651057898156277e-20
260.7285537953795 2.6503704029394763e-20
260.82753243324333 2.6496832416776443e-20
260.9265110711071 2.6489964141483074e-20
261.0254897089709 2.6483099201291696e-20
261.1244683468347 2.6476237593981087e-20
261.22344698469846 2.6469379317331805e-20
261.32242562256226 2.6462524369126147e-20
261.4214042604261 2.6455672747148145e-20
261.5203828982898 2.6448824449183595e-20
261.61936153615363 2.644197947302003e-20
261.7183401740174 2.6435137816446745e-20
261.8173188118812 2.642829947725475e-20
261.916297449745 2.6421464453236826e-20
262.01527608760875 2.6414632742187495e-20
262.11425472547256 2.6407804341902985e-20
262.2132333633363 2.6400979250181282e-20
262.3122120012001 2.6394157464822112e-20
262.41119063906393 2.6387338983626934e-20
262.5101692769277 2.6380523804398938e-20
262.6091479147915 2.6373711924943018e-20
262.70812655265524 2.6366903343065864e-20
262.80710519051905 2.6360098056575825e-20
262.90608382838286 2.635329606328299e-20
263.0050624662466 2.6346497360999238e-20
263.1040411041104 2.6339701947538068e-20
263.2030197419742 2.6332909820714796e-20
263.301998379838 2.6326120978346374e-20
263.4009770177018 2.631933541825154e-20
263.49995565556554 2.6312553138250733e-20
263.59893429342935 2.6305774136166075e-20
263.6979129312931 2.6298998409821426e-20
263.7968915691569 2.629222595704238e-20
263.8958702070207 2.628545677565621e-20
263.9948488448845 2.6278690863491907e-20
264.0938274827483 2.6271928218380163e-20
264.1928061206121 2.6265168838153407e-20
264.29178475847584 2.6258412720645745e-20
264.39076339633965 2.6251659863692985e-20
264.4897420342034 2.6244910265132664e-20
264.5887206720672 2.6238163922803983e-20
264.687699309931 2.623142083454787e-20
264.7866779477948 2.6224680998206942e-20
264.8856565856586 2.6217944411625516e-20
264.98463522352233 2.621121107264959e-20
265.08361386138614 2.620448097912687e-20
265.18259249924995 2.6197754128906735e-20
265.2815711371137 2.61910305198403e-20
265.3805497749775 2.618431014978032e-20
265.47952841284126 2.617759301658124e-20
265.57850705070507 2.6170879118099213e-20
265.6774856885689 2.6164168452192066e-20
265.77646432643263 2.6157461016719322e-20
265.87544296429644 2.615075680954216e-20
265.9744216021602 2.614405582852347e-20
266.073400240024 2.6137358071527776e-20
266.1723788778878 2.6130663536421316e-20
266.27135751575156 2.6123972221072012e-20
266.37033615361537 2.611728412334942e-20
266.4693147914791 2.6110599241124798e-20
266.56829342934293 2.6103917572271057e-20
266.6672720672067 2.6097239114662805e-20
266.7662507050705 2.609056386617629e-20
266.8652293429343 2.6083891824689428e-20
266.96420798079805 2.6077222988081822e-20
267.06318661866186 2.6070557354234717e-20
267.16216525652567 2.606389492103103e-20
267.2611438943894 2.6057235686355356e-20
267.36012253225323 2.6050579648093902e-20
267.459101170117 2.604392680413458e-20
267.5580798079808 2.6037277152366942e-20
267.6570584458446 2.603063069068218e-20
267.75603708370835 2.6023987416973173e-20
267.85501572157216 2.6017347329134424e-20
267.9539943594359 2.6010710425062085e-20
268.0529729972997 2.6004076702653964e-20
268.1519516351635 2.599744615980955e-20
268.2509302730273 2.5990818794429913e-20
268.3499089108911 2.5984194604417826e-20
268.44888754875484 2.5977573587677676e-20
268.54786618661865 2.59709557421155e-20
268.64684482448246 2.5964341065638974e-20
268.7458234623462 2.5957729556157425e-20
268.84480210021 2.595112121158178e-20
268.94378073807377 2.5944516029824654e-20
269.0427593759376 2.5937914008800276e-20
269.1417380138014 2.593131514642448e-20
269.24071665166514 2.5924719440614782e-20
269.33969528952895 2.5918126889290287e-20
269.43867392739276 2.591153749037175e-20
269.5376525652565 2.5904951241781564e-20
269.6366312031203 2.5898368141443714e-20
269.73560984098407 2.5891788187283838e-20
269.8345884788479 2.5885211377229206e-20
269.9335671167117 2.587863770920867e-20
270.03254575457544 2.5872067181152753e-20
270.13152439243925 2.5865499790993552e-20
270.230503030303 2.5858935536664817e-20
270.3294816681668 2.585237441610189e-20
270.4284603060306 2.5845816427241733e-20
270.52743894389437 2.5839261568022944e-20
270.6264175817582 2.58327098363857e-20
270.7253962196219 2.582616123027183e-20
270.82437485748574 2.5819615747624736e-20
270.92335349534955 2.5813073386389426e-20
271.0223321332133 2.5806534144512547e-20
271.1213107710771 2.579999801994233e-20
271.22028940894086 2.579346501062862e-20
271.31926804680467 2.5786935114522855e-20
271.4182466846685 2.5780408329578078e-20
271.5172253225322 2.5773884653748952e-20
271.61620396039604 2.5767364084991688e-20
271.7151825982598 2.5760846621264144e-20
271.8141612361236 2.5754332260525756e-20
271.9131398739874 2.574782100073755e-20
272.01211851185116 2.5741312839862148e-20
272.11109714971496 2.5734807775863794e-20
272.2100757875788 2.5728305806708253e-20
272.3090544254425 2.5721806930362942e-20
272.40803306330633 2.5715311144796838e-20
272.5070117011701 2.570881844798052e-20
272.6059903390339 2.5702328837886146e-20
272.7049689768977 2.5695842312487427e-20
272.80394761476146 2.5689358869759702e-20
272.90292625262526 2.5682878507679882e-20
273.001904890489 2.5676401224226438e-20
273.1008835283528 2.566992701737942e-20
273.19986216621663 2.5663455885120477e-20
273.2988408040804 2.5656987825432812e-20
273.3978194419442 2.5650522836301233e-20
273.49679807980795 2.5644060915712063e-20
273.59577671767175 2.5637602061653256e-20
273.69475535553556 2.5631146272114317e-20
273.7937339933993 2.5624693545086305e-20
273.8927126312631 2.561824387856185e-20
273.9916912691269 2.5611797270535165e-20
274.0906699069907 2.5605353719002022e-20
274.1896485448545 2.5598913221959734e-20
274.28862718271824 2.559247577740721e-20
274.38760582058205 2.5586041383344896e-20
274.48658445844586 2.557961003777482e-20
274.5855630963096 2.557318173870053e-20
274.6845417341734 2.556675648412717e-20
274.7835203720372 2.5560334272061422e-20
274.882499009901 2.5553915100511516e-20
274.9814776477648 2.5547498967487255e-20
275.08045628562854 2.5541085870999968e-20
275.17943492349235 2.553467580906256e-20
275.2784135613561 2.5528268779689462e-20
275.3773921992199 2.552186478089668e-20
275.4763708370837 2.551546381070172e-20
275.5753494749475 2.5509065867123683e-20
275.6743281128113 2.5502670948183186e-20
275.77330675067503 2.5496279051902407e-20
275.87228538853884 2.5489890176305016e-20
275.97126402640265 2.54835043194163e-20
276.0702426642664 2.5477121479263033e-20
276.1692213021302 2.5470741653873523e-20
276.26819993999396 2.5464364841277647e-20
276.36717857785777 2.5457991039506768e-20
276.4661572157216 2.5451620246593834e-20
276.56513585358533 2.54452524605733e-20
276.66411449144914 2.5438887679481142e-20
276.7630931293129 2.5432525901354886e-20
276.8620717671767 2.542616712423358e-20
276.9610504050405 2.5419811346157772e-20
277.06002904290426 2.5413458565169583e-20
277.15900768076807 2.540710877931263e-20
277.2579863186319 2.5400761986632037e-20
277.35696495649563 2.5394418185174487e-20
277.45594359435944 2.5388077372988157e-20
277.5549222322232 2.5381739548122754e-20
277.653900870087 2.5375404708629485e-20
277.7528795079508 2.5369072852561105e-20
277.85185814581456 2.5362743977971866e-20
277.95083678367837 2.535641808291751e-20
278.0498154215421 2.5350095165455338e-20
278.14879405940593 2.5343775223644134e-20
278.24777269726974 2.5337458255544188e-20
278.3467513351335 2.5331144259217323e-20
278.4457299729973 2.5324833232726842e-20
278.54470861086105 2.5318525174137576e-20
278.64368724872486 2.5312220081515828e-20
278.74266588658867 2.5305917952929452e-20
278.8416445244524 2.5299618786447786e-20
278.94062316231623 2.529332258014162e-20
279.03960180018 2.5287029332083336e-20
279.1385804380438 2.528073904034672e-20
279.2375590759076 2.5274451703007135e-20
279.33653771377135 2.5268167318141384e-20
279.43551635163516 2.5261885883827793e-20
279.53449498949897 2.5255607398146176e-20
279.6334736273627 2.5249331859177825e-20
279.7324522652265 2.5243059265005542e-20
279.8314309030903 2.523678961371361e-20
279.9304095409541 2.5230522903387798e-20
280.0293881788179 2.522425913211537e-20
280.12836681668165 2.5217998297985068e-20
280.22734545454546 2.521174039908712e-20
280.3263240924092 2.5205485433513237e-20
280.425302730273 2.519923339935663e-20
280.5242813681368 2.519298429471194e-20
280.6232600060006 2.518673811767536e-20
280.7222386438644 2.518049486634449e-20
280.82121728172814 2.5174254538818473e-20
280.92019591959195 2.5168017133197872e-20
281.01917455745576 2.516178264758474e-20
281.1181531953195 2.5155551080082634e-20
281.2171318331833 2.5149322428796557e-20
281.31611047104707 2.5143096691832977e-20
281.4150891089109 2.5136873867299836e-20
281.5140677467747 2.5130653953306548e-20
281.61304638463844 2.5124436947964018e-20
281.71202502250225 2.5118222849384556e-20
281.811003660366 2.5112011655682018e-20
281.9099822982298 2.5105803364971636e-20
282.0089609360936 2.5099597975370168e-20
282.10793957395737 2.5093395484995827e-20
282.2069182118212 2.508719589196825e-20
282.305896849685 2.5080999194408566e-20
282.40487548754874 2.507480539043933e-20
282.50385412541254 2.5068614478184597e-20
282.6028327632763 2.506242645576984e-20
282.7018114011401 2.5056241321321995e-20
282.8007900390039 2.5050059072969458e-20
282.89976867686767 2.5043879708842065e-20
282.9987473147315 2.5037703227071104e-20
283.0977259525952 2.503152962578933e-20
283.19670459045903 2.5025358903130925e-20
283.29568322832284 2.5019191057231508e-20
283.3946618661866 2.501302608622819e-20
283.4936405040504 2.5006863988259464e-20
283.59261914191416 2.5000704761465312e-20
283.69159777977796 2.4994548403987133e-20
283.7905764176418 2.498839491396778e-20
283.8895550555055 2.4982244289551533e-20
283.98853369336933 2.4976096528884122e-20
284.0875123312331 2.4969951630112702e-20
284.1864909690969 2.4963809591385873e-20
284.2854696069607 2.4957670410853663e-20
284.38444824482445 2.4951534086667527e-20
284.48342688268826 2.4945400616980378e-20
284.5824055205521 2.4939269999946523e-20
284.6813841584158 2.493314223372172e-20
284.78036279627963 2.4927017316463176e-20
284.8793414341434 2.492089524632946e-20
284.9783200720072 2.4914776021480638e-20
285.077298709871 2.490865964007815e-20
285.17627734773475 2.4902546100284886e-20
285.27525598559856 2.4896435400265172e-20
285.3742346234623 2.48903275381847e-20
285.4732132613261 2.488422251221063e-20
285.57219189918993 2.4878120320511532e-20
285.6711705370537 2.487202096125739e-20
285.7701491749175 2.486592443261959e-20
285.86912781278124 2.485983073277095e-20
285.96810645064505 2.48537398598857e-20
286.06708508850886 2.4847651812139472e-20
286.1660637263726 2.484156658770933e-20
286.2650423642364 2.4835484184773733e-20
286.3640210021002 2.4829404601512536e-20
286.462999639964 2.4823327836107033e-20
286.5619782778278 2.48172538867399e-20
286.66095691569154 2.4811182751595232e-20
286.75993555355535 2.480511442885852e-20
286.85891419141916 2.4799048916716673e-20
286.9578928292829 2.4792986213357978e-20
287.0568714671467 2.4786926316972146e-20
287.1558501050105 2.4780869225750273e-20
287.2548287428743 2.4774814937884857e-20
287.3538073807381 2.4768763451569794e-20
287.45278601860184 2.476271476500038e-20
287.55176465646565 2.4756668876373304e-20
287.6507432943294 2.475062578388664e-20
287.7497219321932 2.4744585485739865e-20
287.848700570057 2.473854798013385e-20
287.94767920792077 2.4732513265270846e-20
288.0466578457846 2.4726481339354503e-20
288.14563648364833 2.472045220058985e-20
288.24461512151214 2.4714425847183306e-20
288.34359375937595 2.4708402277342673e-20
288.4425723972397 2.4702381489277156e-20
288.5415510351035 2.469636348119731e-20
288.64052967296726 2.4690348251315108e-20
288.73950831083107 2.468433579784386e-20
288.8384869486949 2.4678326118998324e-20
288.93746558655863 2.4672319212994563e-20
289.03644422442244 2.4666315078050054e-20
289.1354228622862 2.4660313712383664e-20
289.23440150015 2.46543151142156e-20
289.3333801380138 2.464831928176745e-20
289.43235877587756 2.4642326213262226e-20
289.53133741374137 2.463633590692424e-20
289.6303160516052 2.4630348360979208e-20
289.72929468946893 2.462436357365422e-20
289.82827332733274 2.461838154317773e-20
289.9272519651965 2.461240226777956e-20
290.0262306030603 2.4606425745690887e-20
290.1252092409241 2.4600451975144263e-20
290.22418787878786 2.459448095437361e-20
290.32316651665167 2.4588512681614198e-20
290.4221451545154 2.4582547155102673e-20
290.5211237923792 2.4576584373077015e-20
290.62010243024304 2.4570624333776608e-20
290.7190810681068 2.4564667035442156e-20
290.8180597059706 2.4558712476315728e-20
290.91703834383435 2.4552760654640763e-20
291.01601698169816 2.4546811568662038e-20
291.11499561956197 2.4540865216625695e-20
291.2139742574257 2.4534921596779224e-20
291.3129528952895 2.452898070737146e-20
291.4119315331533 2.452304254665261e-20
291.5109101710171 2.4517107112874195e-20
291.6098888088809 2.4511174404289123e-20
291.70886744674465 2.4505244419151612e-20
291.80784608460846 2.4499317155717258e-20
291.90682472247227 2.4493392612242973e-20
292.005803360336 2.448747078698704e-20
292.1047819981998 2.448155167820906e-20
292.2037606360636 2.4475635284170004e-20
292.3027392739274 2.4469721603132136e-20
292.4017179117912 2.4463810633359123e-20
292.50069654965495 2.44579023731159e-20
292.59967518751876 2.44519968206688e-20
292.6986538253825 2.4446093974285452e-20
292.7976324632463 2.4440193832234826e-20
292.8966111011101 2.4434296392787256e-20
292.9955897389739 2.4428401654214365e-20
293.0945683768377 2.4422509614789144e-20
293.19354701470144 2.4416620272785885e-20
293.29252565256525 2.4410733626480206e-20
293.39150429042905 2.4404849674149096e-20
293.4904829282928 2.4398968414070835e-20
293.5894615661566 2.4393089844525028e-20
293.68844020402037 2.4387213963792618e-20
293.7874188418842 2.4381340770155855e-20
293.886397479748 2.4375470261898342e-20
293.98537611761174 2.436960243730497e-20
294.08435475547554 2.436373729466197e-20
294.1833333933393 2.435787483225689e-20
294.2823120312031 2.4352015048378572e-20
294.3812906690669 2.4346157941317204e-20
294.48026930693067 2.4340303509364298e-20
294.5792479447945 2.4334451750812647e-20
294.6782265826583 2.4328602663956368e-20
294.77720522052203 2.432275624709092e-20
294.87618385838584 2.4316912498513016e-20
294.9751624962496 2.431107141652074e-20
295.0741411341134 2.430523299941343e-20
295.1731197719772 2.4299397245491792e-20
295.27209840984096 2.42935641530578e-20
295.3710770477048 2.4287733720414714e-20
295.4700556855685 2.428190594586716e-20
295.56903432343233 2.4276080827721e-20
295.66801296129614 2.4270258364283455e-20
295.7669915991599 2.4264438553863026e-20
295.8659702370237 2.425862139476949e-20
295.96494887488745 2.4252806885313982e-20
296.06392751275126 2.4246995023808866e-20
296.1629061506151 2.4241185808567844e-20
296.2618847884788 2.4235379237905917e-20
296.36086342634263 2.4229575310139367e-20
296.4598420642064 2.4223774023585767e-20
296.5588207020702 2.4217975376564005e-20
296.657799339934 2.421217936739422e-20
296.75677797779775 2.4206385994397898e-20
296.85575661566156 2.4200595255897764e-20
296.95473525352537 2.4194807150217852e-20
297.0537138913891 2.4189021675683492e-20
297.15269252925293 2.4183238830621286e-20
297.2516711671167 2.4177458613359124e-20
297.3506498049805 2.4171681022226192e-20
297.4496284428443 2.4165906055552937e-20
297.54860708070805 2.416013371167111e-20
297.64758571857186 2.4154363988913728e-20
297.7465643564356 2.4148596885615108e-20
297.8455429942994 2.4142832400110832e-20
297.94452163216323 2.4137070530737733e-20
298.043500270027 2.4131311275833978e-20
298.1424789078908 2.4125554633738975e-20
298.24145754575454 2.41198006027934e-20
298.34043618361835 2.411404918133922e-20
298.43941482148216 2.4108300367719668e-20
298.5383934593459 2.4102554160279255e-20
298.6373720972097 2.4096810557363754e-20
298.7363507350735 2.4091069557320208e-20
298.8353293729373 2.4085331158496927e-20
298.9343080108011 2.4079595359243504e-20
299.03328664866484 2.4073862157910774e-20
299.13226528652865 2.406813155285085e-20
299.2312439243924 2.406240354241712e-20
299.3302225622562 2.4056678124964215e-20
299.42920120012 2.4050955298848026e-20
299.52817983798377 2.4045235062425742e-20
299.6271584758476 2.4039517414055753e-20
299.7261371137114 2.403380235209777e-20
299.82511575157514 2.4028089874912707e-20
299.92409438943895 2.4022379980862778e-20
300.0230730273027 2.4016672668311426e-20
300.1220516651665 2.4010967935623362e-20
300.2210303030303 2.400526578116454e-20
300.32000894089407 2.3999566203302183e-20
300.4189875787579 2.3993869200404738e-20
300.51796621662163 2.3988174770841934e-20
300.61694485448544 2.3982482912984718e-20
300.71592349234925 2.397679362520533e-20
300.814902130213 2.3971106905877207e-20
300.9138807680768 2.3965422753375058e-20
301.01285940594056 2.3959741166074835e-20
301.11183804380437 2.3954062142353742e-20
301.2108166816682 2.394838568059021e-20
301.30979531953193 2.3942711779163927e-20
301.40877395739574 2.3937040436455804e-20
301.5077525952595 2.3931371650848015e-20
301.6067312331233 2.392570542072395e-20
301.7057098709871 2.3920041744468254e-20
301.80468850885086 2.3914380620466802e-20
301.90366714671467 2.3908722047106714e-20
302.0026457845785 2.3903066022776332e-20
302.1016244224422 2.389741254586524e-20
302.20060306030604 2.389176161476424e-20
302.2995816981698 2.3886113227865405e-20
302.3985603360336 2.388046738356197e-20
302.4975389738974 2.387482408024848e-20
302.59651761176116 2.3869183316320655e-20
302.69549624962497 2.3863545090175466e-20
302.7944748874887 2.38579094002111e-20
302.8934535253525 2.3852276244826957e-20
302.99243216321634 2.38466456224237e-20
303.0914108010801 2.3841017531403192e-20
303.1903894389439 2.3835391970168503e-20
303.28936807680765 2.3829768937123958e-20
303.38834671467146 2.3824148430675082e-20
303.48732535253527 2.381853044922862e-20
303.586303990399 2.3812914991192548e-20
303.6852826282628 2.380730205497604e-20
303.7842612661266 2.3801691638989516e-20
303.8832399039904 2.379608374164457e-20
303.9822185418542 2.379047836135405e-20
304.08119717971795 2.3784875496531992e-20
304.18017581758176 2.3779275145593666e-20
304.2791544554455 2.3773677306955543e-20
304.3781330933093 2.3768081979035284e-20
304.4771117311731 2.3762489160251793e-20
304.5760903690369 2.3756898849025172e-20
304.6750690069007 2.3751311043776717e-20
304.7740476447645 2.3745725742928945e-20
304.87302628262825 2.3740142944905575e-20
304.97200492049205 2.3734562648131522e-20
305.0709835583558 2.3728984851032933e-20
305.1699621962196 2.372340955203711e-20
305.2689408340834 2.371783674957259e-20
305.3679194719472 2.3712266442069118e-20
305.466898109811 2.370669862795761e-20
305.56587674767474 2.3701133305670193e-20
305.66485538553854 2.369557047364021e-20
305.76383402340235 2.3690010130302153e-20
305.8628126612661 2.3684452274091767e-20
305.9617912991299 2.367889690344596e-20
306.06076993699367 2.3673344016802833e-20
306.1597485748575 2.3667793612601673e-20
306.2587272127213 2.3662245689282988e-20
306.35770585058503 2.3656700245288454e-20
306.45668448844884 2.3651157279060933e-20
306.5556631263126 2.3645616789044504e-20
306.6546417641764 2.3640078773684386e-20
306.7536204020402 2.3634543231427027e-20
306.85259903990396 2.362901016072005e-20
306.9515776777678 2.3623479560012237e-20
307.0505563156316 2.3617951427753592e-20
307.14953495349533 2.361242576239529e-20
307.24851359135914 2.3606902562389667e-20
307.3474922292229 2.3601381826190256e-20
307.4464708670867 2.3595863552251787e-20
307.5454495049505 2.3590347739030114e-20
307.64442814281426 2.358483438498234e-20
307.7434067806781 2.3579323488566693e-20
307.8423854185418 2.3573815048242587e-20
307.94136405640563 2.356830906247063e-20
308.04034269426944 2.3562805529712582e-20
308.1393213321332 2.355730444843139e-20
308.238299969997 2.355180581709116e-20
308.33727860786075 2.3546309634157198e-20
308.43625724572456 2.3540815898095926e-20
308.53523588358837 2.3535324607374985e-20
308.6342145214521 2.3529835760463172e-20
308.73319315931593 2.3524349355830422e-20
308.8321717971797 2.3518865391947892e-20
308.9311504350435 2.351338386728784e-20
309.0301290729073 2.350790478032373e-20
309.12910771077105 2.350242812953019e-20
309.22808634863486 2.3496953913382975e-20
309.3270649864986 2.3491482130359046e-20
309.4260436243624 2.3486012778936495e-20
309.52502226222623 2.348054585759457e-20
309.62400090009 2.3475081364813705e-20
309.7229795379538 2.3469619299075466e-20
309.8219581758176 2.3464159658862587e-20
309.92093681368135 2.3458702442658948e-20
310.01991545154516 2.3453247648949592e-20
310.1188940894089 2.3447795276220728e-20
310.2178727272727 2.3442345322959683e-20
310.31685136513653 2.343689778765496e-20
310.4158300030003 2.343145266879621e-20
310.5148086408641 2.342600996487423e-20
310.61378727872784 2.3420569674380967e-20
310.71276591659165 2.3415131795809518e-20
310.81174455445546 2.3409696327654112e-20
310.9107231923192 2.340426326841016e-20
311.009701830183 2.3398832616574174e-20
311.10868046804677 2.3393404370643835e-20
311.2076591059106 2.3387978529117964e-20
311.3066377437744 2.338255509049652e-20
311.40561638163814 2.33771340532806e-20
311.50459501950195 2.3371715415972467e-20
311.6035736573657 2.336629917707547e-20
311.7025522952295 2.3360885335094146e-20
311.8015309330933 2.335547388853416e-20
311.90050957095707 2.335006483590228e-20
311.9994882088209 2.3344658175706457e-20
312.0984668466847 2.3339253906455734e-20
312.19744548454844 2.3333852026660324e-20
312.29642412241225 2.332845253483156e-20
312.395402760276 2.3323055429481874e-20
312.4943813981398 2.331766070912488e-20
312.5933600360036 2.3312268372275294e-20
312.69233867386737 2.330687841744896e-20
312.7913173117312 2.3301490843162853e-20
312.89029594959493 2.3296105647935085e-20
312.98927458745874 2.329072283028488e-20
313.08825322532255 2.3285342388732585e-20
313.1872318631863 2.3279964321799697e-20
313.2862105010501 2.3274588628008812e-20
313.38518913891386 2.326921530588365e-20
313.48416777677767 2.326384435394904e-20
313.5831464146415 2.3258475770730978e-20
313.6821250525052 2.3253109554756527e-20
313.78110369036904 2.324774570455389e-20
313.8800823282328 2.3242384218652406e-20
313.9790609660966 2.3237025095582506e-20
314.0780396039604 2.3231668333875733e-20
314.17701824182416 2.322631393206476e-20
314.27599687968797 2.322096188868336e-20
314.3749755175518 2.321561220226644e-20
314.4739541554155 2.3210264871350007e-20
314.57293279327934 2.3204919894471162e-20
314.6719114311431 2.3199577270168153e-20
314.7708900690069 2.3194236996980305e-20
314.8698687068707 2.318889907344806e-20
314.96884734473446 2.3183563498112985e-20
315.06782598259826 2.317823026951772e-20
315.166804620462 2.3172899386206045e-20
315.2657832583258 2.3167570846722814e-20
315.36476189618963 2.3162244649614003e-20
315.4637405340534 2.315692079342669e-20
315.5627191719172 2.3151599276709066e-20
315.66169780978095 2.3146280098010374e-20
315.76067644764476 2.3140963255881022e-20
315.85965508550856 2.3135648748872466e-20
315.9586337233723 2.3130336575537306e-20
316.0576123612361 2.312502673442919e-20
316.1565909990999 2.3119719224102888e-20
316.2555696369637 2.3114414043114277e-20
316.3545482748275 2.3109111190020303e-20
316.45352691269125 2.310381066337903e-20
316.55250555055505 2.30985124617496e-20
316.6514841884188 2.3093216583692226e-20
316.7504628262826 2.3087923027768264e-20
316.8494414641464 2.3082631792540108e-20
316.9484201020102 2.307734287657129e-20
317.047398739874 2.307205627842638e-20
317.1463773777378 2.306677199667107e-20
317.24535601560154 2.3061490029872125e-20
317.34433465346535 2.3056210376597395e-20
317.4433132913291 2.3050933035415822e-20
317.5422919291929 2.304565800489743e-20
317.6412705670567 2.3040385283613305e-20
317.7402492049205 2.3035114870135657e-20
317.8392278427843 2.3029846763037734e-20
317.93820648064803 2.302458096089389e-20
318.03718511851184 2.3019317462279542e-20
318.13616375637565 2.3014056265771205e-20
318.2351423942394 2.3008797369946457e-20
318.3341210321032 2.3003540773383943e-20
318.43309966996696 2.2998286474663405e-20
318.5320783078308 2.299303447236566e-20
318.6310569456946 2.298778476507256e-20
318.73003558355833 2.2982537351367098e-20
318.82901422142214 2.2977292229833265e-20
318.9279928592859 2.297204939905618e-20
319.0269714971497 2.2966808857622e-20
319.1259501350135 2.2961570604117948e-20
319.22492877287726 2.2956334637132352e-20
319.32390741074107 2.2951100955254573e-20
319.4228860486049 2.2945869557075044e-20
319.52186468646863 2.2940640441185282e-20
319.62084332433244 2.2935413606177852e-20
319.7198219621962 2.2930189050646372e-20
319.81880060006 2.2924966773185548e-20
319.9177792379238 2.2919746772391142e-20
320.01675787578756 2.2914529046859973e-20
320.11573651365137 2.2909313595189912e-20
320.2147151515151 2.2904100415979897e-20
320.31369378937893 2.2898889507829936e-20
320.41267242724274 2.289368086934107e-20
320.5116510651065 2.2888474499115428e-20
320.6106297029703 2.288327039575617e-20
320.70960834083405 2.2878068557867508e-20
320.80858697869786 2.287286898405474e-20
320.90756561656167 2.2867671672924178e-20
321.0065442544254 2.2862476623083214e-20
321.10552289228923 2.2857283833140285e-20
321.204501530153 2.285209330170486e-20
321.3034801680168 2.2846905027387496e-20
321.4024588058806 2.2841719008799757e-20
321.50143744374435 2.2836535244554293e-20
321.60041608160816 2.2831353733264765e-20
321.6993947194719 2.282617447354591e-20
321.7983733573357 2.2820997464013503e-20
321.89735199519953 2.281582270328434e-20
321.9963306330633 2.281065018997629e-20
322.0953092709271 2.2805479922708267e-20
322.1942879087909 2.28003119001002e-20
322.29326654665465 2.2795146120773076e-20
322.39224518451846 2.2789982583348932e-20
322.4912238223822 2.2784821286450814e-20
322.590202460246 2.277966222870284e-20
322.6891810981098 2.2774505408730132e-20
322.7881597359736 2.2769350825158896e-20
322.8871383738374 2.2764198476616306e-20
322.98611701170114 2.2759048361730643e-20
323.08509564956495 2.2753900479131192e-20
323.18407428742876 2.2748754827448233e-20
323.2830529252925 2.2743611405313162e-20
323.3820315631563 2.2738470211358314e-20
323.48101020102007 2.273333124421712e-20
323.5799888388839 2.272819450252402e-20
323.6789674767477 2.2723059984914475e-20
323.77794611461144 2.2717927690025e-20
323.87692475247525 2.2712797616493108e-20
323.975903390339 2.270766976295735e-20
324.0748820282028 2.2702544128057303e-20
324.1738606660666 2.269742071043357e-20
324.27283930393037 2.2692299508727775e-20
324.3718179417942 2.2687180521582557e-20
324.470796579658 2.2682063747641602e-20
324.56977521752174 2.2676949185549595e-20
324.66875385538555 2.2671836833952258e-20
324.7677324932493 2.2666726691496303e-20
324.8667111311131 2.2661618756829484e-20
324.9656897689769 2.2656513028600587e-20
325.06466840684067 2.2651409505459383e-20
325.1636470447045 2.2646308186056687e-20
325.2626256825682 2.2641209069044297e-20
325.36160432043204 2.2636112153075055e-20
325.46058295829584 2.2631017436802808e-20
325.5595615961596 2.2625924918882405e-20
325.6585402340234 2.2620834597969724e-20
325.75751887188716 2.2615746472721647e-20
325.85649750975097 2.2610660541796068e-20
325.9554761476148 2.2605576803851878e-20
326.0544547854785 2.2600495257548996e-20
326.15343342334234 2.259541590154833e-20
326.2524120612061 2.2590338734511818e-20
326.3513906990699 2.258526375510237e-20
326.4503693369337 2.2580190961983943e-20
326.54934797479746 2.2575120353821454e-20
326.64832661266126 2.257005192928087e-20
326.747305250525 2.256498568702912e-20
326.8462838883888 2.2559921625734173e-20
326.94526252625263 2.255485974406496e-20
327.0442411641164 2.2549800040691427e-20
327.1432198019802 2.2544742514284537e-20
327.242198439844 2.2539687163516223e-20
327.34117707770775 2.2534633987059465e-20
327.44015571557156 2.252958298358815e-20
327.5391343534353 2.2524534151777262e-20
327.6381129912991 2.2519487490302713e-20
327.73709162916293 2.2514442997841435e-20
327.8360702670267 2.250940067307135e-20
327.9350489048905 2.2504360514671377e-20
328.03402754275425 2.249932252132142e-20
328.13300618061805 2.2494286691702368e-20
328.23198481848186 2.2489253024496106e-20
328.3309634563456 2.2484221518385533e-20
328.4299420942094 2.2479192172054496e-20
328.5289207320732 2.2474164984187856e-20
328.627899369937 2.246913995347145e-20
328.7268780078008 2.2464117078592106e-20
328.82585664566454 2.2459096358237642e-20
328.92483528352835 2.245407779109683e-20
329.0238139213921 2.2449061375859475e-20
329.1227925592559 2.2444047111216332e-20
329.2217711971197 2.2439034995859145e-20
329.3207498349835 2.2434025028480657e-20
329.4197284728473 2.242901720777455e-20
329.5187071107111 2.242401153243551e-20
329.61768574857484 2.2419008001159227e-20
329.71666438643865 2.2414006612642315e-20
329.8156430243024 2.240900736558242e-20
329.9146216621662 2.2404010258678117e-20
330.01360030003 2.239901529062898e-20
330.1125789378938 2.2394022460135568e-20
330.2115575757576 2.2389031765899404e-20
330.31053621362133 2.238404320662297e-20
330.40951485148514 2.2379056781009734e-20
330.50849348934895 2.2374072487764138e-20
330.6074721272127 2.2369090325591587e-20
330.7064507650765 2.236411029319845e-20
330.80542940294026 2.2359132389292088e-20
330.90440804080407 2.2354156612580808e-20
331.0033866786679 2.2349182961773907e-20
331.10236531653163 2.2344211435581615e-20
331.20134395439544 2.2339242032715134e-20
331.3003225922592 2.2334274751886697e-20
331.399301230123 2.2329309591809395e-20
331.4982798679868 2.2324346551197362e-20
331.59725850585056 2.2319385628765657e-20
331.69623714371437 2.2314426823230322e-20
331.7952157815781 2.2309470133308336e-20
331.89419441944193 2.230451555771767e-20
331.99317305730574 2.2299563095177217e-20
332.0921516951695 2.2294612744406865e-20
332.1911303330333 2.228966450412743e-20
332.2901089708971 2.2284718373060702e-20
332.38908760876086 2.2279774349929426e-20
332.48806624662467 2.2274832433457297e-20
332.5870448844884 2.2269892622368965e-20
332.68602352235223 2.2264954915390035e-20
332.78500216021604 2.2260019311247074e-20
332.8839807980798 2.2255085808667572e-20
332.9829594359436 2.2250154406380023e-20
333.08193807380735 2.2245225103113825e-20
333.18091671167116 2.2240297897599324e-20
333.27989534953497 2.223537278856785e-20
333.3788739873987 2.2230449774751663e-20
333.4778526252625 2.2225528854883964e-20
333.5768312631263 2.2220610027698905e-20
333.6758099009901 2.2215693291931597e-20
333.7747885388539 2.2210778646318077e-20
333.87376717671765 2.2205866089595333e-20
333.97274581458146 2.2200955620501292e-20
334.0717244524452 2.2196047237774855e-20
334.170703090309 2.219114094015581e-20
334.2696817281728 2.2186236726384935e-20
334.3686603660366 2.2181334595203916e-20
334.4676390039004 2.21764345453554e-20
334.5666176417642 2.2171536575582955e-20
334.66559627962795 2.2166640684631118e-20
334.76457491749176 2.2161746871245312e-20
334.8635535553555 2.215685513417194e-20
334.9625321932193 2.215196547215833e-20
335.0615108310831 2.2147077883952737e-20
335.1604894689469 2.2142192368304363e-20
335.2594681068107 2.2137308923963317e-20
335.35844674467444 2.2132427549680678e-20
335.45742538253825 2.212754824420843e-20
335.55640402040206 2.2122671006299476e-20
335.6553826582658 2.211779583470771e-20
335.7543612961296 2.2112922728187876e-20
335.85333993399337 2.2108051685495697e-20
335.9523185718572 2.2103182705387818e-20
336.051297209721 2.2098315786621796e-20
336.15027584758474 2.2093450927956133e-20
336.24925448544855 2.2088588128150238e-20
336.3482331233123 2.2083727385964452e-20
336.4472117611761 2.2078868700160046e-20
336.5461903990399 2.2074012069499205e-20
336.64516903690367 2.2069157492745055e-20
336.7441476747675 2.2064304968661606e-20
336.8431263126312 2.2059454496013834e-20
336.94210495049504 2.205460607356761e-20
337.04108358835884 2.2049759700089718e-20
337.1400622262226 2.2044915374347875e-20
337.2390408640864 2.2040073095110722e-20
337.3380195019502 2.203523286114778e-20
337.43699813981397 2.203039467122955e-20
337.5359767776778 2.202555852412739e-20
337.6349554155415 2.2020724418613594e-20
337.73393405340533 2.2015892353461382e-20
337.83291269126914 2.2011062327444868e-20
337.9318913291329 2.200623433933909e-20
338.0308699669967 2.2001408387919986e-20
338.12984860486046 2.1996584471964435e-20
338.22882724272426 2.1991762590250176e-20
338.3278058805881 2.198694274155591e-20
338.4267845184518 2.198212492466121e-20
338.52576315631563 2.197730913834657e-20
338.6247417941794 2.1972495381393402e-20
338.7237204320432 2.1967683652583998e-20
338.822699069907 2.1962873950701575e-20
338.92167770777075 2.1958066274530263e-20
339.02065634563456 2.195326062285509e-20
339.1196349834983 2.194845699446195e-20
339.2186136213621 2.1943655388137693e-20
339.31759225922593 2.1938855802670054e-20
339.4165708970897 2.1934058236847656e-20
339.5155495349535 2.1929262689460038e-20
339.6145281728173 2.1924469159297615e-20
339.71350681068105 2.1919677645151737e-20
339.81248544854486 2.191488814581463e-20
339.9114640864086 2.1910100660079413e-20
340.0104427242724 2.1905315186740104e-20
340.10942136213623 2.1900531724591648e-20
340.2084 2.189575027242983e-20
340.3073786378638 2.1890970829051374e-20
340.40635727572754 2.188619339325388e-20
340.50533591359135 2.188141796383585e-20
340.60431455145516 2.1876644539596648e-20
340.7032931893189 2.1871873119336587e-20
340.8022718271827 2.1867103701856805e-20
340.9012504650465 2.1862336285959392e-20
341.0002291029103 2.1857570870447264e-20
341.0992077407741 2.1852807454124293e-20
341.19818637863784 2.1848046035795174e-20
341.29716501650165 2.184328661426554e-20
341.3961436543654 2.183852918834188e-20
341.4951222922292 2.1833773756831584e-20
341.594100930093 2.182902031854291e-20
341.6930795679568 2.182426887228503e-20
341.7920582058206 2.1819519416867958e-20
341.89103684368433 2.181477195110263e-20
341.99001548154814 2.1810026473800844e-20
342.08899411941195 2.1805282983775276e-20
342.1879727572757 2.1800541479839486e-20
342.2869513951395 2.179580196080792e-20
342.3859300330033 2.1791064425495913e-20
342.48490867086707 2.1786328872719646e-20
342.5838873087309 2.1781595301296202e-20
342.68286594659463 2.177686371004353e-20
342.78184458445844 2.177213409778046e-20
342.88082322232225 2.176740646332671e-20
342.979801860186 2.1762680805502847e-20
343.0787804980498 2.1757957123130307e-20
343.17775913591356 2.1753235415031463e-20
343.27673777377737 2.174851568002946e-20
343.3757164116412 2.17437979169484e-20
343.47469504950493 2.1739082124613228e-20
343.57367368736874 2.1734368301849725e-20
343.6726523252325 2.1729656447484614e-20
343.7716309630963 2.1724946560345396e-20
343.8706096009601 2.172023863926053e-20
343.96958823882386 2.171553268305928e-20
344.06856687668767 2.1710828690571792e-20
344.1675455145514 2.1706126660629097e-20
344.26652415241523 2.170142659206307e-20
344.36550279027904 2.1696728483706452e-20
344.4644814281428 2.169203233439288e-20
344.5634600660066 2.1687338142956777e-20
344.6624387038704 2.1682645908233522e-20
344.76141734173416 2.167795562905931e-20
344.86039597959797 2.1673267304271172e-20
344.9593746174617 2.1668580932707033e-20
345.0583532553255 2.1663896513205688e-20
345.15733189318934 2.1659214044606753e-20
345.2563105310531 2.1654533525750737e-20
345.3552891689169 2.1649854955478973e-20
345.45426780678065 2.1645178332633694e-20
345.55324644464446 2.1640503656057934e-20
345.65222508250827 2.1635830924595618e-20
345.751203720372 2.1631160137091545e-20
345.8501823582358 2.1626491292391307e-20
345.9491609960996 2.1621824389341396e-20
346.0481396339634 2.1617159426789148e-20
346.1471182718272 2.161249640358273e-20
346.24609690969095 2.1607835318571203e-20
346.34507554755476 2.160317617060443e-20
346.4440541854185 2.159851895853314e-20
346.5430328232823 2.1593863681208936e-20
346.6420114611461 2.1589210337484225e-20
346.7409900990099 2.158455892621229e-20
346.8399687368737 2.1579909446247273e-20
346.9389473747375 2.1575261896444107e-20
347.03792601260125 2.1570616275658643e-20
347.13690465046506 2.156597258274752e-20
347.2358832883288 2.1561330816568254e-20
347.3348619261926 2.1556690975979168e-20
347.4338405640564 2.155205305983946e-20
347.5328192019202 2.154741706700918e-20
347.631797839784 2.1542782996349167e-20
347.73077647764774 2.153815084672116e-20
347.82975511551155 2.1533520616987684e-20
347.92873375337535 2.152889230601215e-20
348.0277123912391 2.1524265912658767e-20
348.1266910291029 2.1519641435792607e-20
348.22566966696667 2.1515018874279584e-20
348.3246483048305 2.151039822698641e-20
348.4236269426943 2.150577949278067e-20
348.52260558055804 2.150116267053079e-20
348.62158421842184 2.149654775910598e-20
348.7205628562856 2.1491934757376334e-20
348.8195414941494 2.1487323664212756e-20
348.9185201320132 2.1482714478486978e-20
349.01749876987697 2.1478107199071582e-20
349.1164774077408 2.1473501824839956e-20
349.2154560456045 2.1468898354666336e-20
349.31443468346833 2.1464296787425788e-20
349.41341332133214 2.1459697121994184e-20
349.5123919591959 2.1455099357248262e-20
349.6113705970597 2.1450503492065548e-20
349.7103492349235 2.144590952532442e-20
349.80932787278726 2.1441317455904065e-20
349.9083065106511 2.1436727282684506e-20
350.0072851485148 2.1432139004546595e-20
350.10626378637863 2.1427552620371976e-20
350.20524242424244 2.1422968129043172e-20
350.3042210621062 2.1418385529443476e-20
350.40319969997 2.1413804820457027e-20
350.50217833783375 2.1409226000968773e-20
350.60115697569756 2.1404649069864496e-20
350.7001356135614 2.1400074026030788e-20
350.7991142514251 2.139550086835507e-20
350.89809288928893 2.139092959572557e-20
350.9970715271527 2.1386360207031332e-20
351.0960501650165 2.1381792701162223e-20
351.1950288028803 2.1377227077008933e-20
351.29400744074405 2.1372663333462956e-20
351.39298607860786 2.1368101469416595e-20
351.4919647164716 2.1363541483762982e-20
351.5909433543354 2.1358983375396055e-20
351.68992199219923 2.1354427143210576e-20
351.788900630063 2.13498727861021e-20
351.8878792679268 2.1345320302967e-20
351.9868579057906 2.1340769692702477e-20
352.08583654365435 2.1336220954206504e-20
352.18481518151816 2.1331674086377907e-20
352.2837938193819 2.1327129088116302e-20
352.3827724572457 2.132258595832209e-20
352.48175109510953 2.1318044695896508e-20
352.5807297329733 2.1313505299741602e-20
352.6797083708371 2.1308967768760204e-20
352.77868700870084 2.1304432101855975e-20
352.87766564656465 2.1299898297933347e-20
352.97664428442846 2.1295366355897592e-20
353.0756229222922 2.129083627465476e-20
353.174601560156 2.1286308053111715e-20
353.2735801980198 2.1281781690176126e-20
353.3725588358836 2.1277257184756443e-20
353.4715374737474 2.1272734535761953e-20
353.57051611161114 2.1268213742102708e-20
353.66949474947495 2.1263694802689566e-20
353.7684733873387 2.1259177716434206e-20
353.8674520252025 2.1254662482249076e-20
353.9664306630663 2.1250149099047443e-20
354.06540930093007 2.124563756574336e-20
354.1643879387939 2.1241127881251684e-20
354.26336657665763 2.123662004448805e-20
354.36234521452144 2.1232114054368896e-20
354.46132385238525 2.122760990981147e-20
354.560302490249 2.1223107609733788e-20
354.6592811281128 2.1218607153054692e-20
354.7582597659766 2.121410853869377e-20
354.85723840384037 2.1209611765571434e-20
354.9562170417042 2.120511683260889e-20
355.05519567956793 2.1200623738728107e-20
355.15417431743174 2.1196132482851858e-20
355.25315295529555 2.1191643063903723e-20
355.3521315931593 2.1187155480808044e-20
355.4511102310231 2.118266973248996e-20
355.55008886888686 2.1178185817875388e-20
355.64906750675067 2.1173703735891048e-20
355.7480461446145 2.1169223485464433e-20
355.84702478247823 2.1164745065523824e-20
355.94600342034204 2.1160268474998285e-20
356.0449820582058 2.115579371281767e-20
356.1439606960696 2.1151320777912614e-20
356.2429393339334 2.114684966921452e-20
356.34191797179716 2.1142380385655584e-20
356.44089660966097 2.113791292616878e-20
356.5398752475247 2.1133447289687878e-20
356.6388538853885 2.1128983475147405e-20
356.73783252325234 2.1124521481482674e-20
356.8368111611161 2.1120061307629788e-20
356.9357897989799 2.1115602952525597e-20
357.0347684368437 2.1111146415107766e-20
357.13374707470746 2.1106691694314713e-20
357.23272571257127 2.1102238789085638e-20
357.331704350435 2.1097787698360524e-20
357.4306829882988 2.10933384210801e-20
357.52966162616264 2.1088890956185902e-20
357.6286402640264 2.108444530262023e-20
357.7276189018902 2.108000145932615e-20
357.82659753975395 2.1075559425247497e-20
357.92557617761776 2.1071119199328877e-20
358.02455481548157 2.1066680780515683e-20
358.1235334533453 2.1062244167754058e-20
358.2225120912091 2.1057809359990938e-20
358.3214907290729 2.105337635617399e-20
358.4204693669367 2.1048945155251694e-20
358.5194480048005 2.1044515756173253e-20
358.61842664266425 2.104008815788868e-20
358.71740528052806 2.103566235934871e-20
358.8163839183918 2.1031238359504888e-20
358.9153625562556 2.1026816157309484e-20
359.0143411941194 2.1022395751715557e-20
359.1133198319832 2.101797714167693e-20
359.212298469847 2.1013560326148174e-20
359.31127710771074 2.1009145304084626e-20
359.41025574557455 2.1004732074442384e-20
359.50923438343835 2.100032063617833e-20
359.6082130213021 2.0995910988250075e-20
359.7071916591659 2.0991503129616e-20
359.8061702970297 2.0987097059235246e-20
359.9051489348935 2.0982692776067738e-20
360.0041275727573 2.0978290279074093e-20
360.10310621062104 2.0973889567215762e-20
360.20208484848484 2.0969490639454895e-20
360.30106348634865 2.0965093494754433e-20
360.4000421242124 2.096069813207806e-20
360.4990207620762 2.0956304550390198e-20
360.59799939993997 2.0951912748656064e-20
360.6969780378038 2.094752272584158e-20
360.7959566756676 2.0943134480913458e-20
360.89493531353133 2.0938748012839152e-20
360.99391395139514 2.0934363320586854e-20
361.0928925892589 2.0929980403125517e-20
361.1918712271227 2.092559925942485e-20
361.2908498649865 2.0921219888455303e-20
361.38982850285026 2.0916842289188084e-20
361.4888071407141 2.0912466460595138e-20
361.5877857785778 2.0908092401649165e-20
361.68676441644163 2.0903720111323604e-20
361.78574305430544 2.0899349588592666e-20
361.8847216921692 2.089498083243126e-20
361.983700330033 2.0890613841815098e-20
362.0826789678968 2.0886248615720586e-20
362.18165760576056 2.0881885153124917e-20
362.2806362436244 2.0877523453005984e-20
362.3796148814881 2.0873163514342467e-20
362.47859351935193 2.0868805336113755e-20
362.57757215721574 2.0864448917299978e-20
362.6765507950795 2.0860094256882052e-20
362.7755294329433 2.0855741353841574e-20
362.87450807080705 2.0851390207160926e-20
362.97348670867086 2.0847040815823187e-20
363.07246534653467 2.084269317881222e-20
363.1714439843984 2.0838347295112597e-20
363.27042262226223 2.083400316370963e-20
363.369401260126 2.082966078358938e-20
363.4683798979898 2.082532015373863e-20
363.5673585358536 2.0820981273144905e-20
363.66633717371735 2.0816644140796473e-20
363.76531581158116 2.0812308755682318e-20
363.8642944494449 2.0807975116792178e-20
363.9632730873087 2.0803643223116502e-20
364.06225172517253 2.0799313073646488e-20
364.1612303630363 2.0794984667374062e-20
364.2602090009001 2.079065800329188e-20
364.35918763876384 2.0786333080393334e-20
364.45816627662765 2.0782009897672535e-20
364.55714491449146 2.0777688454124322e-20
364.6561235523552 2.0773368748744288e-20
364.755102190219 2.0769050780528713e-20
364.85408082808283 2.076473454847465e-20
364.9530594659466 2.076042005157985e-20
365.0520381038104 2.0756107288842804e-20
365.15101674167414 2.07517962592627e-20
365.24999537953795 2.0747486961839485e-20
365.34897401740176 2.0743179395573826e-20
365.4479526552655 2.07388735594671e-20
365.5469312931293 2.0734569452521417e-20
365.64590993099307 2.0730267073739602e-20
365.7448885688569 2.0725966422125207e-20
365.8438672067207 2.072166749668251e-20
365.94284584458444 2.0717370296416517e-20
366.04182448244825 2.0713074820332922e-20
366.140803120312 2.0708781067438175e-20
366.2397817581758 2.0704489036739412e-20
366.3387603960396 2.0700198727244517e-20
366.43773903390337 2.069591013796209e-20
366.5367176717672 2.0691623267901432e-20
366.63569630963093 2.0687338116072564e-20
366.73467494749474 2.0683054681486228e-20
366.83365358535855 2.0678772963153882e-20
366.9326322232223 2.0674492960087698e-20
367.0316108610861 2.067021467130056e-20
367.1305894989499 2.0665938095806068e-20
367.22956813681367 2.0661663232618543e-20
367.3285467746775 2.0657390080753e-20
367.42752541254123 2.065311863922518e-20
367.52650405040504 2.0648848907051545e-20
367.62548268826885 2.064458088324923e-20
367.7244613261326 2.0640314566836132e-20
367.8234399639964 2.0636049956830818e-20
367.92241860186016 2.0631787052252575e-20
368.02139723972397 2.062752585212141e-20
368.1203758775878 2.062326635545802e-20
368.2193545154515 2.0619008561283828e-20
368.31833315331534 2.061475246862094e-20
368.4173117911791 2.0610498076492198e-20
368.5162904290429 2.060624538392113e-20
368.6152690669067 2.0601994389931957e-20
368.71424770477046 2.0597745093549643e-20
368.81322634263427 2.059349749379982e-20
368.912204980498 2.0589251589708844e-20
369.0111836183618 2.0585007380303754e-20
369.11016225622564 2.058076486461232e-20
369.2091408940894 2.0576524041662986e-20
369.3081195319532 2.0572284910484913e-20
369.40709816981695 2.0568047470107944e-20
369.50607680768076 2.0563811719562655e-20
369.60505544554456 2.055957765788028e-20
369.7040340834083 2.0555345284092792e-20
369.8030127212721 2.0551114597232834e-20
369.90199135913593 2.0546885596333754e-20
370.0009699969997 2.0542658280429597e-20
370.0999486348635 2.0538432648555114e-20
370.19892727272725 2.053420869974573e-20
370.29790591059106 2.0529986433037595e-20
370.39688454845486 2.052576584746752e-20
370.4958631863186 2.0521546942073034e-20
370.5948418241824 2.0517329715892352e-20
370.6938204620462 2.051311416796439e-20
370.79279909991 2.0508900297328738e-20
370.8917777377738 2.050468810302569e-20
370.99075637563755 2.0500477584096235e-20
371.08973501350135 2.0496268739582035e-20
371.1887136513651 2.0492061568525472e-20
371.2876922892289 2.048785606996958e-20
371.3866709270927 2.0483652242958106e-20
371.4856495649565 2.0479450086535497e-20
371.5846282028203 2.0475249599746848e-20
371.68360684068404 2.0471050781637992e-20
371.78258547854784 2.0466853631255386e-20
371.88156411641165 2.0462658147646232e-20
371.9805427542754 2.0458464329858387e-20
372.0795213921392 2.0454272176940403e-20
372.178500030003 2.0450081687941505e-20
372.2774786678668 2.0445892861911617e-20
372.3764573057306 2.044170569790133e-20
372.47543594359433 2.0437520194961938e-20
372.57441458145814 2.043333635214539e-20
372.67339321932195 2.0429154168504337e-20
372.7723718571857 2.042497364309212e-20
372.8713504950495 2.042079477496273e-20
372.97032913291326 2.041661756317085e-20
373.0693077707771 2.0412442006771856e-20
373.1682864086409 2.040826810482179e-20
373.26726504650463 2.0404095856377383e-20
373.36624368436844 2.0399925260496015e-20
373.4652223222322 2.0395756316235783e-20
373.564200960096 2.0391589022655423e-20
373.6631795979598 2.0387423378814383e-20
373.76215823582356 2.038325938377276e-20
373.86113687368737 2.0379097036591327e-20
373.9601155115511 2.0374936336331548e-20
374.05909414941493 2.0370777282055542e-20
374.15807278727874 2.036661987282611e-20
374.2570514251425 2.0362464107706737e-20
374.3560300630063 2.0358309985761547e-20
374.4550087008701 2.035415750605538e-20
374.55398733873386 2.03500066676537e-20
374.65296597659767 2.0345857469622687e-20
374.7519446144614 2.0341709911029156e-20
374.85092325232523 2.0337563990940602e-20
374.94990189018904 2.033341970842519e-20
375.0488805280528 2.0329277062551762e-20
375.1478591659166 2.0325136052389807e-20
375.24683780378035 2.0320996677009502e-20
375.34581644164416 2.031685893548168e-20
375.44479507950797 2.0312722826877827e-20
375.5437737173717 2.0308588350270136e-20
375.64275235523553 2.0304455504731405e-20
375.7417309930993 2.0300324289335153e-20
375.8407096309631 2.0296194703155528e-20
375.9396882688269 2.0292066745267356e-20
376.03866690669065 2.0287940414746117e-20
376.13764554455446 2.0283815710667953e-20
376.2366241824182 2.0279692632109675e-20
376.335602820282 2.027557117814876e-20
376.43458145814583 2.0271451347863317e-20
376.5335600960096 2.0267333140332164e-20
376.6325387338734 2.0263216554634707e-20
376.73151737173714 2.0259101589851094e-20
376.83049600960095 2.0254988245062063e-20
376.92947464746476 2.025087651934905e-20
377.0284532853285 2.024676641179413e-20
377.1274319231923 2.0242657921480043e-20
377.2264105610561 2.0238551047490173e-20
377.3253891989199 2.0234445788908575e-20
377.4243678367837 2.0230342144819954e-20
377.52334647464744 2.0226240114309656e-20
377.62232511251125 2.0222139696463707e-20
377.72130375037506 2.0218040890368755e-20
377.8202823882388 2.0213943695112132e-20
377.9192610261026 2.02098481097818e-20
378.01823966396637 2.0205754133466374e-20
378.1172183018302 2.0201661765255143e-20
378.216196939694 2.019757100423802e-20
378.31517557755774 2.0193481849505578e-20
378.41415421542155 2.0189394300149052e-20
378.5131328532853 2.0185308355260284e-20
378.6121114911491 2.0181224013931823e-20
378.7110901290129 2.0177141275256835e-20
378.81006876687667 2.0173060138329122e-20
378.9090474047405 2.016898060224316e-20
379.00802604260423 2.0164902666094037e-20
379.10700468046804 2.0160826328977532e-20
379.20598331833185 2.0156751589990048e-20
379.3049619561956 2.0152678448228598e-20
379.4039405940594 2.0148606902790905e-20
379.5029192319232 2.014453695277529e-20
379.60189786978697 2.014046859728072e-20
379.7008765076508 2.0136401835406822e-20
379.7998551455145 2.0132336666253865e-20
379.89883378337834 2.012827308892273e-20
379.99781242124214 2.0124211102514993e-20
380.0967910591059 2.0120150706132805e-20
380.1957696969697 2.0116091898879006e-20
380.29474833483346 2.0112034679857065e-20
380.39372697269727 2.0107979048171076e-20
380.4927056105611 2.0103925002925782e-20
380.5916842484248 2.0099872543226563e-20
380.69066288628864 2.0095821668179427e-20
380.7896415241524 2.0091772376891046e-20
380.8886201620162 2.0087724668468685e-20
380.98759879988 2.00836785420203e-20
381.08657743774376 2.0079633996654427e-20
381.18555607560756 2.0075591031480265e-20
381.2845347134713 2.0071549645607654e-20
381.3835133513351 2.0067509838147043e-20
381.48249198919893 2.0063471608209545e-20
381.5814706270627 2.0059434954906877e-20
381.6804492649265 2.0055399877351405e-20
381.77942790279025 2.0051366374656125e-20
381.87840654065405 2.0047334445934652e-20
381.97738517851786 2.0043304090301252e-20
382.0763638163816 2.0039275306870797e-20
382.1753424542454 2.003524809475881e-20
382.27432109210923 2.0031222453081437e-20
382.373299729973 2.002719838095544e-20
382.4722783678368 2.0023175877498228e-20
382.57125700570055 2.001915494182782e-20
382.67023564356435 2.001513557306288e-20
382.76921428142816 2.001111777032268e-20
382.8681929192919 2.0007101532727135e-20
382.9671715571557 2.0003086859396773e-20
383.0661501950195 1.999907374945275e-20
383.1651288328833 1.9995062202016838e-20
383.2641074707471 1.9991052216211457e-20
383.36308610861084 1.998704379115964e-20
383.46206474647465 1.998303692598502e-20
383.5610433843384 1.9979031619811893e-20
383.6600220222022 1.9975027871765123e-20
383.759000660066 1.997102568097025e-20
383.8579792979298 1.9967025046553418e-20
383.9569579357936 1.996302596764137e-20
384.05593657365733 1.9959028443361488e-20
384.15491521152114 1.9955032472841764e-20
384.25389384938495 1.9951038055210823e-20
384.3528724872487 1.9947045189597888e-20
384.4518511251125 1.9943053875132827e-20
384.5508297629763 1.99390641109461e-20
384.6498084008401 1.993507589616879e-20
384.7487870387039 1.9931089229932597e-20
384.84776567656763 1.992710411136985e-20
384.94674431443144 1.9923120539613482e-20
385.04572295229525 1.9919138513797013e-20
385.144701590159 1.9915158033054647e-20
385.2436802280228 1.991117909652113e-20
385.34265886588656 1.9907201703331857e-20
385.44163750375037 1.9903225852622827e-20
385.5406161416142 1.9899251543530662e-20
385.63959477947793 1.9895278775192588e-20
385.73857341734174 1.9891307546746423e-20
385.8375520552055 1.9887337857330642e-20
385.9365306930693 1.988336970608428e-20
386.0355093309331 1.9879403092147012e-20
386.13448796879686 1.987543801465912e-20
386.23346660666067 1.987147447276147e-20
386.3324452445244 1.9867512465595576e-20
386.43142388238823 1.9863551992303523e-20
386.53040252025204 1.9859593052028028e-20
386.6293811581158 1.9855635643912402e-20
386.7283597959796 1.9851679767100573e-20
386.82733843384335 1.9847725420737057e-20
386.92631707170716 1.9843772603966985e-20
387.02529570957097 1.9839821315936098e-20
387.1242743474347 1.9835871555790738e-20
387.22325298529853 1.983192332267784e-20
387.32223162316234 1.9827976615744957e-20
387.4212102610261 1.982403143414024e-20
387.5201888988899 1.982008777701244e-20
387.61916753675365 1.9816145643510917e-20
387.71814617461746 1.9812205032785616e-20
387.81712481248127 1.9808265943987087e-20
387.916103450345 1.980432837626651e-20
388.0150820882088 1.980039232877561e-20
388.1140607260726 1.9796457800666768e-20
388.2130393639364 1.9792524791092924e-20
388.3120180018002 1.9788593299207634e-20
388.41099663966395 1.9784663324165046e-20
388.50997527752776 1.9780734865119902e-20
388.6089539153915 1.977680792122756e-20
388.7079325532553 1.9772882491643946e-20
388.8069111911191 1.9768958575525592e-20
388.9058898289829 1.9765036172029646e-20
389.0048684668467 1.9761115280313827e-20
389.10384710471044 1.9757195899536446e-20
389.20282574257425 1.9753278028856428e-20
389.30180438043806 1.9749361667433284e-20
389.4007830183018 1.97454468144271e-20
389.4997616561656 1.9741533468998568e-20
389.5987402940294 1.9737621630308994e-20
389.6977189318932 1.9733711297520237e-20
389.796697569757 1.9729802469794763e-20
389.89567620762074 1.9725895146295636e-20
389.99465484548455 1.9721989326186505e-20
390.09363348334836 1.9718085008631596e-20
390.1926121212121 1.9714182192795752e-20
390.2915907590759 1.9710280877844376e-20
390.39056939693967 1.9706381062943463e-20
390.4895480348035 1.9702482747259623e-20
390.5885266726673 1.9698585929960014e-20
390.68750531053104 1.9694690610212407e-20
390.78648394839485 1.9690796787185158e-20
390.8854625862586 1.9686904460047187e-20
390.9844412241224 1.968301362796804e-20
391.0834198619862 1.9679124290117795e-20
391.18239849984997 1.9675236445667158e-20
391.2813771377138 1.9671350093787386e-20
391.3803557755775 1.966746523365036e-20
391.47933441344134 1.96635818644285e-20
391.57831305130514 1.9659699985294834e-20
391.6772916891689 1.9655819595422956e-20
391.7762703270327 1.965194069398707e-20
391.87524896489646 1.9648063280161922e-20
391.97422760276027 1.9644187353122864e-20
392.0732062406241 1.964031291204583e-20
392.1721848784878 1.9636439956107312e-20
392.27116351635163 1.96325684844844e-20
392.37014215421544 1.9628698496354765e-20
392.4691207920792 1.962482999089664e-20
392.568099429943 1.962096296728883e-20
392.66707806780676 1.961709742471075e-20
392.76605670567056 1.9613233362342362e-20
392.8650353435344 1.960937077936421e-20
392.9640139813981 1.9605509674957428e-20
393.06299261926193 1.9601650048303716e-20
393.1619712571257 1.959779189858533e-20
393.2609498949895 1.9593935224985135e-20
393.3599285328533 1.9590080026686548e-20
393.45890717071705 1.9586226302873553e-20
393.55788580858086 1.9582374052730726e-20
393.6568644464446 1.9578523275443213e-20
393.7558430843084 1.9574673970196717e-20
393.85482172217223 1.9570826136177522e-20
393.953800360036 1.956697977257248e-20
394.0527789978998 1.9563134878569025e-20
394.15175763576354 1.9559291453355138e-20
394.25073627362735 1.9555449496119396e-20
394.34971491149116 1.955160900605093e-20
394.4486935493549 1.954776998233943e-20
394.5476721872187 1.9543932424175172e-20
394.64665082508253 1.9540096330749e-20
394.7456294629463 1.9536261701252308e-20
394.8446081008101 1.9532428534877076e-20
394.94358673867384 1.9528596830815844e-20
395.04256537653765 1.9524766588261705e-20
395.14154401440146 1.9520937806408342e-20
395.2405226522652 1.9517110484449977e-20
395.339501290129 1.9513284621581414e-20
395.4384799279928 1.950946021699801e-20
395.5374585658566 1.95056372698957e-20
395.6364372037204 1.9501815779470967e-20
395.73541584158414 1.9497995744920857e-20
395.83439447944795 1.9494177165443004e-20
395.9333731173117 1.9490360040235565e-20
396.0323517551755 1.9486544368497272e-20
396.1313303930393 1.948273014942744e-20
396.2303090309031 1.9478917382225917e-20
396.3292876687669 1.9475106066093133e-20
396.42826630663063 1.9471296200230046e-20
396.52724494449444 1.9467487783838203e-20
396.62622358235825 1.9463680816119685e-20
396.725202220222 1.9459875296277168e-20
396.8241808580858 1.9456071223513848e-20
396.92315949594956 1.94522685970335e-20
397.02213813381337 1.9448467416040425e-20
397.1211167716772 1.944466767973953e-20
397.22009540954093 1.9440869387336237e-20
397.31907404740474 1.943707253803654e-20
397.41805268526855 1.9433277131047e-20
397.5170313231323 1.9429483165574684e-20
397.6160099609961 1.9425690640827274e-20
397.71498859885986 1.9421899556012967e-20
397.81396723672367 1.941810991034053e-20
397.9129458745875 1.9414321703019274e-20
398.01192451245123 1.941053493325906e-20
398.11090315031504 1.940674960027031e-20
398.2098817881788 1.9402965703263985e-20
398.3088604260426 1.9399183241451617e-20
398.4078390639064 1.9395402214045265e-20
398.50681770177016 1.9391622620257555e-20
398.60579633963397 1.9387844459301654e-20
398.7047749774977 1.9384067730391283e-20
398.80375361536153 1.9380292432740694e-20
398.90273225322534 1.9376518565564722e-20
399.0017108910891 1.9372746128078715e-20
399.1006895289529 1.936897511949859e-20
399.19966816681665 1.9365205539040798e-20
399.29864680468046 1.9361437385922345e-20
399.39762544254427 1.935767065936078e-20
399.496604080408 1.9353905358574194e-20
399.5955827182718 1.935014148278123e-20
399.69456135613564 1.934637903120106e-20
399.7935399939994 1.934261800305343e-20
399.8925186318632 1.9338858397558597e-20
399.99149726972695 1.9335100213937388e-20
400.09047590759076 1.9331343451411137e-20
400.18945454545457 1.9327588109201767e-20
400.2884331833183 1.932383418653171e-20
400.3874118211821 1.9320081682623942e-20
400.4863904590459 1.9316330596702003e-20
400.5853690969097 1.9312580927989947e-20
400.6843477347735 1.9308832675712376e-20
400.78332637263725 1.9305085839094443e-20
400.88230501050106 1.930134041736182e-20
400.9812836483648 1.9297596409740743e-20
401.0802622862286 1.9293853815457954e-20
401.1792409240924 1.9290112633740766e-20
401.2782195619562 1.9286372863817013e-20
401.37719819982 1.9282634504915062e-20
401.47617683768374 1.9278897556263837e-20
401.57515547554755 1.9275162017092765e-20
401.67413411341136 1.9271427886631836e-20
401.7731127512751 1.9267695164111572e-20
401.8720913891389 1.9263963848763015e-20
401.9710700270027 1.9260233939817752e-20
402.0700486648665 1.925650543650791e-20
402.1690273027303 1.9252778338066135e-20
402.26800594059404 1.9249052643725618e-20
402.36698457845785 1.9245328352720083e-20
402.46596321632165 1.9241605464283778e-20
402.5649418541854 1.9237883977651484e-20
402.6639204920492 1.9234163892058517e-20
402.76289912991297 1.9230445206740722e-20
402.8618777677768 1.922672792093448e-20
402.9608564056406 1.9223012033876687e-20
403.05983504350434 1.9219297544804798e-20
403.15881368136814 1.9215584452956755e-20
403.2577923192319 1.9211872757571068e-20
403.3567709570957 1.9208162457886762e-20
403.4557495949595 1.9204453553143376e-20
403.55472823282327 1.9200746042580993e-20
403.6537068706871 1.9197039925440224e-20
403.7526855085508 1.919333520096219e-20
403.85166414641463 1.918963186838856e-20
403.95064278427844 1.9185929926961515e-20
404.0496214221422 1.9182229375923762e-20
404.148600060006 1.917853021451853e-20
404.24757869786976 1.9174832441989582e-20
404.34655733573356 1.9171136057581212e-20
404.4455359735974 1.916744106053821e-20
404.5445146114611 1.916374745010591e-20
404.64349324932493 1.9160055225530173e-20
404.74247188718874 1.9156364386057368e-20
404.8414505250525 1.9152674930934383e-20
404.9404291629163 1.914898685940866e-20
405.03940780078005 1.9145300170728118e-20
405.13838643864386 1.9141614864141223e-20
405.2373650765077 1.9137930938896963e-20
405.3363437143714 1.913424839424483e-20
405.43532235223523 1.9130567229434844e-20
405.534300990099 1.9126887443717547e-20
405.6332796279628 1.9123209036343994e-20
405.7322582658266 1.911953200656577e-20
405.83123690369035 1.9115856353634963e-20
405.93021554155416 1.9112182076804178e-20
406.0291941794179 1.9108509175326552e-20
406.1281728172817 1.9104837648455716e-20
406.22715145514553 1.9101167495445847e-20
406.3261300930093 1.909749871555161e-20
406.4251087308731 1.9093831308028204e-20
406.52408736873684 1.9090165272131328e-20
406.62306600660065 1.9086500607117206e-20
406.72204464446446 1.9082837312242574e-20
406.8210232823282 1.9079175386764676e-20
406.920001920192 1.907551482994128e-20
407.01898055805583 1.907185564103065e-20
407.1179591959196 1.9068197819291578e-20
407.2169378337834 1.9064541363983366e-20
407.31591647164714 1.906088627436582e-20
407.41489510951095 1.9057232549699265e-20
407.51387374737476 1.905358018924453e-20
407.6128523852385 1.9049929192262948e-20
407.7118310231023 1.9046279558016375e-20
407.8108096609661 1.9042631285767192e-20
407.9097882988299 1.9038984374778236e-20
408.0087669366937 1.9035338824312905e-20
408.10774557455744 1.9031694633635083e-20
408.20672421242125 1.902805180200917e-20
408.305702850285 1.902441032870006e-20
408.4046814881488 1.9020770212973165e-20
408.5036601260126 1.9017131454094392e-20
408.60263876387637 1.9013494051330186e-20
408.7016174017402 1.900985800394745e-20
408.80059603960393 1.9006223311213626e-20
408.89957467746774 1.9002589972396654e-20
408.99855331533155 1.8998957986764963e-20
409.0975319531953 1.8995327353587528e-20
409.1965105910591 1.8991698072133772e-20
409.29548922892286 1.8988070141673655e-20
409.39446786678667 1.8984443561477648e-20
409.4934465046505 1.8980818330816677e-20
409.59242514251423 1.8977194448962233e-20
409.69140378037804 1.897357191518626e-20
409.79038241824185 1.896995072876124e-20
409.8893610561056 1.896633088896012e-20
409.9883396939694 1.896271239505638e-20
410.08731833183316 1.8959095246323964e-20
410.18629696969697 1.8955479442037354e-20
410.2852756075608 1.8951864981471502e-20
410.38425424542453 1.8948251863901883e-20
410.48323288328834 1.8944640088604444e-20
410.5822115211521 1.894102965485566e-20
410.6811901590159 1.893742056193247e-20
410.7801687968797 1.8933812809112346e-20
410.87914743474346 1.8930206395673218e-20
410.97812607260727 1.8926601320893548e-20
411.077104710471 1.8922997584052273e-20
411.1760833483348 1.8919395184428837e-20
411.27506198619864 1.8915794121303162e-20
411.3740406240624 1.891219439395569e-20
411.4730192619262 1.890859600166734e-20
411.57199789978995 1.8904998943719525e-20
411.67097653765376 1.8901403219394157e-20
411.76995517551757 1.8897808827973634e-20
411.8689338133813 1.8894215768740867e-20
411.9679124512451 1.8890624040979234e-20
412.06689108910894 1.8887033643972618e-20
412.1658697269727 1.8883444577005386e-20
412.2648483648365 1.887985683936242e-20
412.36382700270025 1.8876270430329054e-20
412.46280564056406 1.8872685349191143e-20
412.56178427842787 1.8869101595235017e-20
412.6607629162916 1.886551916774751e-20
412.7597415541554 1.886193806601593e-20
412.8587201920192 1.8858358289328072e-20
412.957698829883 1.8854779836972245e-20
413.0566774677468 1.8851202708237215e-20
413.15565610561055 1.8847626902412246e-20
413.25463474347436 1.8844052418787102e-20
413.3536133813381 1.8840479256652024e-20
413.4525920192019 1.8836907415297732e-20
413.5515706570657 1.8833336894015437e-20
413.6505492949295 1.8829767692096852e-20
413.7495279327933 1.8826199808834156e-20
413.84850657065704 1.8822633243520012e-20
413.94748520852085 1.8819067995447585e-20
414.04646384638465 1.8815504063910496e-20
414.1454424842484 1.8811941448202885e-20
414.2444211221122 1.8808380147619346e-20
414.34339975997597 1.8804820161454982e-20
414.4423783978398 1.8801261489005344e-20
414.5413570357036 1.879770412956649e-20
414.64033567356734 1.8794148082434962e-20
414.73931431143114 1.8790593346907778e-20
414.83829294929495 1.8787039922282424e-20
414.9372715871587 1.8783487807856892e-20
415.0362502250225 1.8779937002929624e-20
415.13522886288627 1.8776387506799572e-20
415.2342075007501 1.8772839318766145e-20
415.3331861386139 1.876929243812924e-20
415.43216477647763 1.8765746864189236e-20
415.53114341434144 1.8762202596246984e-20
415.6301220522052 1.875865963360382e-20
415.729100690069 1.8755117975561547e-20
415.8280793279328 1.8751577621422448e-20
415.92705796579656 1.8748038570489294e-20
416.0260366036604 1.8744500822065322e-20
416.1250152415241 1.8740964375454247e-20
416.22399387938793 1.873742922996026e-20
416.32297251725174 1.8733895384888017e-20
416.4219511551155 1.873036283954268e-20
416.5209297929793 1.8726831593229847e-20
416.61990843084305 1.8723301645255616e-20
416.71888706870686 1.8719772994926548e-20
416.8178657065707 1.8716245641549683e-20
416.9168443444344 1.871271958443252e-20
417.01582298229823 1.8709194822883053e-20
417.11480162016204 1.870567135620973e-20
417.2137802580258 1.8702149183721478e-20
417.3127588958896 1.8698628304727697e-20
417.41173753375335 1.8695108718538252e-20
417.51071617161716 1.8691590424463486e-20
417.60969480948097 1.8688073421814215e-20
417.7086734473447 1.8684557709901695e-20
417.80765208520853 1.8681043288037698e-20
417.9066307230723 1.8677530155534437e-20
418.0056093609361 1.8674018311704594e-20
418.1045879987999 1.8670507755861328e-20
418.20356663666365 1.866699848731826e-20
418.30254527452746 1.866349050538948e-20
418.4015239123912 1.8659983809389557e-20
418.500502550255 1.8656478398633503e-20
418.59948118811883 1.865297427243681e-20
418.6984598259826 1.864947143011545e-20
418.7974384638464 1.8645969870985835e-20
418.89641710171014 1.864246959436486e-20
418.99539573957395 1.8638970599569877e-20
419.09437437743776 1.8635472885918703e-20
419.1933530153015 1.8631976452729615e-20
419.2923316531653 1.862848129932137e-20
419.3913102910291 1.8624987425013184e-20
419.4902889288929 1.8621494829124712e-20
419.5892675667567 1.861800351097611e-20
419.68824620462044 1.8614513469887962e-20
419.78722484248425 1.861102470518134e-20
419.88620348034806 1.8607537216177756e-20
419.9851821182118 1.8604051002199198e-20
420.0841607560756 1.8600566062568124e-20
420.18313939393937 1.8597082396607428e-20
420.2821180318032 1.8593600003640468e-20
420.381096669667 1.8590118882991083e-20
420.48007530753074 1.8586639033983545e-20
420.57905394539455 1.8583160455942614e-20
420.6780325832583 1.857968314819349e-20
420.7770112211221 1.8576207110061816e-20
420.8759898589859 1.8572732340873726e-20
420.97496849684967 1.856925883995581e-20
421.0739471347135 1.8565786606635073e-20
421.17292577257723 1.856231564023903e-20
421.27190441044104 1.8558845940095608e-20
421.37088304830485 1.855537750553323e-20
421.4698616861686 1.8551910335880745e-20
421.5688403240324 1.854844443046747e-20
421.66781896189616 1.854497978862317e-20
421.76679759975997 1.8541516409678077e-20
421.8657762376238 1.8538054292962867e-20
421.96475487548753 1.853459343780868e-20
422.06373351335134 1.8531133843547094e-20
422.16271215121515 1.8527675509510148e-20
422.2616907890789 1.8524218435030342e-20
422.3606694269427 1.8520762619440614e-20
422.45964806480646 1.8517308062074367e-20
422.55862670267027 1.8513854762265447e-20
422.6576053405341 1.8510402719348154e-20
422.7565839783978 1.850695193265724e-20
422.85556261626164 1.8503502401527912e-20
422.9545412541254 1.8500054125295817e-20
423.0535198919892 1.8496607103297062e-20
423.152498529853 1.8493161334868196e-20
423.25147716771676 1.8489716819346222e-20
423.35045580558057 1.848627355606859e-20
423.4494344434443 1.8482831544373204e-20
423.5484130813081 1.84793907835984e-20
423.64739171917194 1.8475951273082987e-20
423.7463703570357 1.8472513012166202e-20
423.8453489948995 1.8469076000187725e-20
423.94432763276325 1.8465640236487708e-20
424.04330627062706 1.8462205720406728e-20
424.14228490849086 1.845877245128581e-20
424.2412635463546 1.845534042846643e-20
424.3402421842184 1.8451909651290508e-20
424.4392208220822 1.844848011910042e-20
424.538199459946 1.8445051831238955e-20
424.6371780978098 1.8441624787049388e-20
424.73615673567355 1.84381989858754e-20
424.83513537353736 1.8434774427061137e-20
424.93411401140116 1.8431351109951192e-20
425.0330926492649 1.842792903389058e-20
425.1320712871287 1.8424508198224786e-20
425.2310499249925 1.8421088602299703e-20
425.3300285628563 1.8417670245461692e-20
425.4290072007201 1.8414253127057557e-20
425.52798583858385 1.8410837246434523e-20
425.62696447644765 1.840742260294028e-20
425.7259431143114 1.840400919592293e-20
425.8249217521752 1.8400597024731044e-20
425.923900390039 1.8397186088713604e-20
426.0228790279028 1.8393776387220064e-20
426.1218576657666 1.839036791960028e-20
426.22083630363034 1.8386960685204587e-20
426.31981494149414 1.8383554683383716e-20
426.41879357935795 1.8380149913488878e-20
426.5177722172217 1.8376746374871682e-20
426.6167508550855 1.8373344066884212e-20
426.71572949294927 1.8369942988878955e-20
426.8147081308131 1.836654314020885e-20
426.9136867686769 1.8363144520227277e-20
427.01266540654063 1.8359747128288043e-20
427.11164404440444 1.8356350963745398e-20
427.21062268226825 1.8352956025954023e-20
427.309601320132 1.8349562314269026e-20
427.4085799579958 1.834616982804597e-20
427.50755859585956 1.8342778566640822e-20
427.6065372337234 1.8339388529410023e-20
427.7055158715872 1.8335999715710395e-20
427.80449450945093 1.8332612124899252e-20
427.90347314731474 1.8329225756334297e-20
428.0024517851785 1.8325840609373672e-20
428.1014304230423 1.8322456683375978e-20
428.2004090609061 1.8319073977700212e-20
428.29938769876986 1.8315692491705827e-20
428.39836633663367 1.8312312224752696e-20
428.4973449744974 1.830893317620112e-20
428.59632361236123 1.8305555345411845e-20
428.69530225022504 1.8302178731746035e-20
428.7942808880888 1.8298803334565278e-20
428.8932595259526 1.8295429153231615e-20
428.99223816381635 1.829205618710749e-20
429.09121680168016 1.8288684435555784e-20
429.19019543954397 1.8285313897939812e-20
429.2891740774077 1.8281944573623308e-20
429.38815271527153 1.8278576461970456e-20
429.4871313531353 1.827520956234583e-20
429.5861099909991 1.8271843874114457e-20
429.6850886288629 1.8268479396641787e-20
429.78406726672665 1.8265116129293696e-20
429.88304590459046 1.8261754071436474e-20
429.98202454245427 1.8258393222436858e-20
430.081003180318 1.8255033581661983e-20
430.17998181818183 1.8251675148479435e-20
430.2789604560456 1.8248317922257216e-20
430.3779390939094 1.8244961902363743e-20
430.4769177317732 1.8241607088167863e-20
430.57589636963695 1.8238253479038853e-20
430.67487500750076 1.8234901074346407e-20
430.7738536453645 1.823154987346063e-20
430.8728322832283 1.8228199875752076e-20
430.9718109210921 1.8224851080591706e-20
431.0707895589559 1.822150348735089e-20
431.1697681968197 1.8218157095401446e-20
431.26874683468344 1.8214811904115595e-20
431.36772547254725 1.821146791286599e-20
431.46670411041106 1.820812512102568e-20
431.5656827482748 1.820478352796818e-20
431.6646613861386 1.820144313306738e-20
431.76364002400237 1.819810393569761e-20
431.8626186618662 1.8194765935233622e-20
431.96159729973 1.819142913105057e-20
432.06057593759374 1.8188093522524046e-20
432.15955457545755 1.818475910903004e-20
432.25853321332136 1.818142588994499e-20
432.3575118511851 1.8178093864645718e-20
432.4564904890489 1.8174763032509495e-20
432.55546912691267 1.8171433392913968e-20
432.6544477647765 1.8168104945237235e-20
432.7534264026403 1.816477768885781e-20
432.85240504050404 1.81614516231546e-20
432.95138367836785 1.8158126747506935e-20
433.0503623162316 1.8154803061294576e-20
433.1493409540954 1.8151480563897695e-20
433.2483195919592 1.8148159254696854e-20
433.34729822982297 1.8144839133073052e-20
433.4462768676868 1.8141520198407703e-20
433.54525550555053 1.8138202450082623e-20
433.64423414341434 1.8134885887480042e-20
433.74321278127815 1.8131570509982618e-20
433.8421914191419 1.8128256316973408e-20
433.9411700570057 1.8124943307835866e-20
434.04014869486946 1.81216314819539e-20
434.13912733273327 1.8118320838711793e-20
434.2381059705971 1.8115011377494248e-20
434.3370846084608 1.8111703097686396e-20
434.43606324632464 1.8108395998673754e-20
434.53504188418844 1.8105090079842265e-20
434.6340205220522 1.8101785340578282e-20
434.732999159916 1.809848178026854e-20
434.83197779777976 1.8095179398300234e-20
434.93095643564357 1.809187819406093e-20
435.0299350735074 1.8088578166938607e-20
435.1289137113711 1.8085279316321665e-20
435.22789234923493 1.8081981641598896e-20
435.3268709870987 1.8078685142159526e-20
435.4258496249625 1.8075389817393152e-20
435.5248282628263 1.807209566668981e-20
435.62380690069006 1.8068802689439927e-20
435.72278553855386 1.8065510885034327e-20
435.8217641764176 1.806222025286428e-20
435.9207428142814 1.805893079232141e-20
436.01972145214523 1.8055642502797768e-20
436.118700090009 1.805235538368583e-20
436.2176787278728 1.8049069434378453e-20
436.31665736573655 1.8045784654268902e-20
436.41563600360035 1.8042501042750848e-20
436.51461464146416 1.8039218599218364e-20
436.6135932793279 1.803593732306594e-20
436.7125719171917 1.8032657213688447e-20
436.8115505550555 1.802937827048118e-20
436.9105291929193 1.8026100492839818e-20
437.0095078307831 1.8022823880160456e-20
437.10848646864684 1.801954843183959e-20
437.20746510651065 1.8016274147274107e-20
437.30644374437446 1.8013001025861293e-20
437.4054223822382 1.8009729066998865e-20
437.504401020102 1.80064582700849e-20
437.6033796579658 1.800318863451791e-20
437.7023582958296 1.7999920159696782e-20
437.8013369336934 1.7996652845020813e-20
437.90031557155714 1.7993386689889706e-20
437.99929420942095 1.799012169370355e-20
438.0982728472847 1.7986857855862825e-20
438.1972514851485 1.7983595175768454e-20
438.2962301230123 1.79803336528217e-20
438.3952087608761 1.7977073286424258e-20
438.4941873987399 1.7973814075978227e-20
438.59316603660363 1.7970556020886076e-20
438.69214467446744 1.7967299120550685e-20
438.79112331233125 1.796404337437533e-20
438.890101950195 1.7960788781763685e-20
438.9890805880588 1.7957535342119822e-20
439.08805922592256 1.7954283054848196e-20
439.1870378637864 1.7951031919353674e-20
439.2860165016502 1.7947781935041497e-20
439.38499513951393 1.794453310131733e-20
439.48397377737774 1.7941285417587216e-20
439.58295241524155 1.793803888325757e-20
439.6819310531053 1.793479349773525e-20
439.7809096909691 1.7931549260427464e-20
439.87988832883286 1.7928306170741837e-20
439.97886696669667 1.7925064228086367e-20
440.0778456045605 1.792182343186947e-20
440.17682424242423 1.7918583781499937e-20
440.27580288028804 1.791534527638694e-20
440.3747815181518 1.7912107915940087e-20
440.4737601560156 1.7908871699569318e-20
440.5727387938794 1.7905636626685012e-20
440.67171743174316 1.790240269669792e-20
440.77069606960697 1.7899169909019168e-20
440.8696747074707 1.7895938263060298e-20
440.96865334533453 1.789270775823323e-20
441.06763198319834 1.7889478393950275e-20
441.1666106210621 1.7886250169624132e-20
441.2655892589259 1.7883023084667887e-20
441.36456789678965 1.7879797138495022e-20
441.46354653465346 1.7876572330519402e-20
441.56252517251727 1.7873348660155272e-20
441.661503810381 1.787012612681728e-20
441.76048244824483 1.7866904729920452e-20
441.8594610861086 1.7863684468880202e-20
441.9584397239724 1.786046534311233e-20
442.0574183618362 1.7857247352033024e-20
442.15639699969995 1.7854030495058868e-20
442.25537563756376 1.7850814771606805e-20
442.35435427542757 1.7847600181094193e-20
442.4533329132913 1.784438672293875e-20
442.5523115511551 1.7841174396558606e-20
442.6512901890189 1.783796320137225e-20
442.7502688268827 1.783475313679856e-20
442.8492474647465 1.783154420225683e-20
442.94822610261025 1.7828336397166682e-20
443.04720474047406 1.782512972094816e-20
443.1461833783378 1.7821924173021698e-20
443.2451620162016 1.7818719752808065e-20
443.3441406540654 1.781551645972847e-20
443.4431192919292 1.781231429320447e-20
443.542097929793 1.780911325265801e-20
443.64107656765674 1.780591333751142e-20
443.74005520552055 1.7802714547187408e-20
443.83903384338436 1.779951688110907e-20
443.9380124812481 1.779632033869987e-20
444.0369911191119 1.7793124919383653e-20
444.13596975697567 1.7789930622584672e-20
444.2349483948395 1.7786737447727522e-20
444.3339270327033 1.7783545394237193e-20
444.43290567056704 1.7780354461539066e-20
444.53188430843085 1.7777164649058874e-20
444.63086294629466 1.7773975956222758e-20
444.7298415841584 1.7770788382457216e-20
444.8288202220222 1.7767601927189133e-20
444.92779885988597 1.7764416589845777e-20
445.0267774977498 1.7761232369854773e-20
445.1257561356136 1.775804926664414e-20
445.22473477347734 1.775486727964228e-20
445.32371341134115 1.7751686408277948e-20
445.4226920492049 1.77485066519803e-20
445.5216706870687 1.774532801017885e-20
445.6206493249325 1.77421504823035e-20
445.71962796279627 1.7738974067784516e-20
445.8186066006601 1.7735798766052542e-20
445.9175852385238 1.7732624576538608e-20
446.01656387638764 1.77294514986741e-20
446.11554251425144 1.7726279531890793e-20
446.2145211521152 1.772310867562083e-20
446.313499789979 1.7719938929296733e-20
446.41247842784276 1.7716770292351384e-20
446.51145706570657 1.7713602764218053e-20
446.6104357035704 1.7710436344330357e-20
446.7094143414341 1.7707271032122336e-20
446.80839297929793 1.7704106827028347e-20
446.9073716171617 1.7700943728483155e-20
447.0063502550255 1.7697781735921864e-20
447.1053288928893 1.7694620848779992e-20
447.20430753075306 1.7691461066493382e-20
447.30328616861686 1.7688302388498294e-20
447.4022648064807 1.7685144814231323e-20
447.5012434443444 1.7681988343129435e-20
447.60022208220823 1.7678832974629996e-20
447.699200720072 1.7675678708170704e-20
447.7981793579358 1.767252554318966e-20
447.8971579957996 1.7669373479125306e-20
447.99613663366335 1.7666222515416466e-20
448.09511527152716 1.7663072651502338e-20
448.1940939093909 1.7659923886822466e-20
448.2930725472547 1.7656776220816794e-20
448.39205118511853 1.7653629652925604e-20
448.4910298229823 1.7650484182589557e-20
448.5900084608461 1.7647339809249686e-20
448.68898709870984 1.7644196532347378e-20
448.78796573657365 1.7641054351324405e-20
448.88694437443746 1.7637913265622885e-20
448.9859230123012 1.7634773274685307e-20
449.084901650165 1.7631634377954538e-20
449.1838802880288 1.7628496574873794e-20
449.2828589258926 1.7625359864886667e-20
449.3818375637564 1.7622224247437106e-20
449.48081620162014 1.7619089721969433e-20
449.57979483948395 1.7615956287928318e-20
449.67877347734776 1.7612823944758812e-20
449.7777521152115 1.7609692691906328e-20
449.8767307530753 1.760656252881662e-20
449.9757093909391 1.7603433454935846e-20
450.0746880288029 1.7600305469710473e-20
450.1736666666667 1.7597178572587382e-20
450.27264530453044 1.7594052763013792e-20
450.37162394239425 1.7590928040437275e-20
450.470602580258 1.758780440430578e-20
450.5695812181218 1.7584681854067607e-20
450.6685598559856 1.7581560389171426e-20
450.7675384938494 1.7578440009066267e-20
450.8665171317132 1.757532071320151e-20
450.96549576957693 1.7572202501026903e-20
451.06447440744074 1.7569085371992562e-20
451.16345304530455 1.7565969325548937e-20
451.2624316831683 1.7562854361146862e-20
451.3614103210321 1.7559740478237518e-20
451.46038895889586 1.7556627676272452e-20
451.55936759675967 1.7553515954703565e-20
451.6583462346235 1.7550405312983102e-20
451.75732487248723 1.7547295750563704e-20
451.85630351035104 1.7544187266898327e-20
451.9552821482148 1.75410798614403e-20
452.0542607860786 1.7537973533643328e-20
452.1532394239424 1.753486828296145e-20
452.25221806180616 1.753176410884906e-20
452.35119669966997 1.752866101076092e-20
452.4501753375338 1.7525558988152147e-20
452.54915397539753 1.7522458040478207e-20
452.64813261326134 1.751935816719493e-20
452.7471112511251 1.7516259367758478e-20
452.8460898889889 1.751316164162541e-20
452.9450685268527 1.7510064988252595e-20
453.04404716471646 1.750696940709729e-20
453.14302580258027 1.7503874897617084e-20
453.242004440444 1.750078145926992e-20
453.34098307830783 1.749768909151412e-20
453.43996171617164 1.7494597793808326e-20
453.5389403540354 1.749150756561155e-20
453.6379189918992 1.7488418406383163e-20
453.73689762976295 1.748533031558287e-20
453.83587626762676 1.7482243292670743e-20
453.93485490549057 1.7479157337107198e-20
454.0338335433543 1.7476072448352996e-20
454.1328121812181 1.7472988625869275e-20
454.2317908190819 1.74699058691175e-20
454.3307694569457 1.7466824177559487e-20
454.4297480948095 1.7463743550657413e-20
454.52872673267325 1.7460663987873803e-20
454.62770537053706 1.7457585488671517e-20
454.72668400840087 1.7454508052513796e-20
454.8256626462646 1.74514316788642e-20
454.9246412841284 1.7448356367186657e-20
455.0236199219922 1.7445282116945424e-20
455.122598559856 1.7442208927605126e-20
455.2215771977198 1.7439136798630725e-20
455.32055583558355 1.7436065729487543e-20
455.41953447344736 1.7432995719641226e-20
455.5185131113111 1.7429926768557803e-20
455.6174917491749 1.742685887570361e-20
455.7164703870387 1.742379204054536e-20
455.8154490249025 1.7420726262550102e-20
455.9144276627663 1.7417661541185227e-20
456.01340630063004 1.7414597875918475e-20
456.11238493849385 1.7411535266217938e-20
456.21136357635766 1.740847371155205e-20
456.3103422142214 1.7405413211389586e-20
456.4093208520852 1.740235376519966e-20
456.50829948994897 1.7399295372451755e-20
456.6072781278128 1.739623803261567e-20
456.7062567656766 1.739318174516157e-20
456.80523540354034 1.739012650955995e-20
456.90421404140415 1.7387072325281653e-20
457.0031926792679 1.738401919179787e-20
457.1021713171317 1.7380967108580122e-20
457.2011499549955 1.7377916075100285e-20
457.30012859285927 1.737486609083058e-20
457.3991072307231 1.737181715524356e-20
457.4980858685869 1.7368769267812125e-20
457.59706450645064 1.7365722428009525e-20
457.69604314431444 1.7362676635309318e-20
457.7950217821782 1.735963188918546e-20
457.894000420042 1.7356588189112185e-20
457.9929790579058 1.735354553456412e-20
458.09195769576957 1.735050392501621e-20
458.1909363336334 1.7347463359943716e-20
458.2899149714971 1.7344423838822298e-20
458.38889360936093 1.73413853611279e-20
458.48787224722474 1.7338347926336838e-20
458.5868508850885 1.733531153392575e-20
458.6858295229523 1.7332276183371622e-20
458.78480816081606 1.7329241874151773e-20
458.88378679867986 1.7326208605743863e-20
458.9827654365437 1.732317637762589e-20
459.0817440744074 1.732014518927619e-20
459.18072271227123 1.731711504017343e-20
459.279701350135 1.731408592979664e-20
459.3786799879988 1.7311057857625152e-20
459.4776586258626 1.730803082313864e-20
459.57663726372635 1.730500482581715e-20
459.67561590159016 1.730197986514102e-20
459.774594539454 1.7298955940590952e-20
459.8735731773177 1.729593305164798e-20
459.97255181518153 1.7292911197793447e-20
460.0715304530453 1.7289890378509073e-20
460.1705090909091 1.7286870593276875e-20
460.2694877287729 1.7283851841579243e-20
460.36846636663665 1.7280834122898863e-20
460.46744500450046 1.7277817436718777e-20
460.5664236423642 1.7274801782522362e-20
460.665402280228 1.7271787159793315e-20
460.76438091809183 1.726877356801568e-20
460.8633595559556 1.7265761006673828e-20
460.9623381938194 1.7262749475252454e-20
461.06131683168314 1.725973897323661e-20
461.16029546954695 1.7256729500111655e-20
461.25927410741076 1.725372105536329e-20
461.3582527452745 1.7250713638477562e-20
461.4572313831383 1.7247707248940815e-20
461.5562100210021 1.7244701886239767e-20
461.6551886588659 1.7241697549861422e-20
461.7541672967297 1.723869423929315e-20
461.85314593459344 1.7235691954022653e-20
461.95212457245725 1.7232690693537925e-20
462.05110321032106 1.7229690457327326e-20
462.1500818481848 1.7226691244879543e-20
462.2490604860486 1.722369305568357e-20
462.3480391239124 1.7220695889228757e-20
462.4470177617762 1.721769974500476e-20
462.54599639964 1.721470462250158e-20
462.64497503750374 1.7211710521209538e-20
462.74395367536755 1.7208717440619298e-20
462.8429323132313 1.7205725380221822e-20
462.9419109510951 1.7202734339508428e-20
463.0408895889589 1.7199744317970748e-20
463.13986822682267 1.719675531510075e-20
463.2388468646865 1.7193767330390717e-20
463.33782550255023 1.7190780363333268e-20
463.43680414041404 1.7187794413421357e-20
463.53578277827785 1.7184809480148232e-20
463.6347614161416 1.7181825563007505e-20
463.7337400540054 1.7178842661493088e-20
463.83271869186916 1.7175860775099235e-20
463.93169732973297 1.7172879903320518e-20
464.0306759675968 1.7169900045651817e-20
464.12965460546053 1.7166921201588372e-20
464.22863324332434 1.716394337062572e-20
464.3276118811881 1.7160966552259743e-20
464.4265905190519 1.7157990745986617e-20
464.5255691569157 1.715501595130288e-20
464.62454779477946 1.7152042167705357e-20
464.72352643264327 1.7149069394691218e-20
464.8225050705071 1.7146097631757947e-20
464.92148370837083 1.7143126878403363e-20
465.02046234623464 1.71401571341256e-20
465.1194409840984 1.71371883984231e-20
465.2184196219622 1.713422067079466e-20
465.317398259826 1.7131253950739353e-20
465.41637689768976 1.712828823775662e-20
465.51535553555357 1.7125323531346194e-20
465.6143341734173 1.7122359831008148e-20
465.7133128112811 1.7119397136242856e-20
465.81229144914494 1.711643544655102e-20
465.9112700870087 1.711347476143367e-20
466.0102487248725 1.711051508039215e-20
466.10922736273625 1.710755640292812e-20
466.20820600060006 1.710459872854357e-20
466.30718463846387 1.7101642056740797e-20
466.4061632763276 1.7098686387022432e-20
466.5051419141914 1.7095731718891404e-20
466.6041205520552 1.7092778051850982e-20
466.703099189919 1.7089825385404734e-20
466.8020778277828 1.708687371905656e-20
466.90105646564655 1.7083923052310686e-20
467.00003510351036 1.708097338467163e-20
467.09901374137416 1.707802471564424e-20
467.1979923792379 1.7075077044733688e-20
467.2969710171017 1.7072130371445448e-20
467.3959496549655 1.7069184695285334e-20
467.4949282928293 1.7066240015759443e-20
467.5939069306931 1.7063296332374215e-20
467.69288556855685 1.7060353644636404e-20
467.79186420642066 1.705741195205306e-20
467.8908428442844 1.7054471254131573e-20
467.9898214821482 1.7051531550379634e-20
468.088800120012 1.7048592840305246e-20
468.1877787578758 1.704565512341674e-20
468.2867573957396 1.7042718399222746e-20
468.38573603360334 1.703978266723222e-20
468.48471467146715 1.7036847926954427e-20
468.58369330933095 1.703391417789894e-20
468.6826719471947 1.703098141957567e-20
468.7816505850585 1.702804965149481e-20
468.88062922292227 1.7025118873166882e-20
468.9796078607861 1.7022189084102712e-20
469.0785864986499 1.7019260283813448e-20
469.17756513651364 1.7016332471810552e-20
469.27654377437744 1.7013405647605786e-20
469.3755224122412 1.7010479810711236e-20
469.474501050105 1.7007554960639288e-20
469.5734796879688 1.700463109690265e-20
469.67245832583257 1.7001708219014335e-20
469.7714369636964 1.6998786326487668e-20
469.8704156015602 1.699586541883628e-20
469.96939423942393 1.6992945495574125e-20
470.06837287728774 1.6990026556215457e-20
470.1673515151515 1.698710860027485e-20
470.2663301530153 1.6984191627267157e-20
470.3653087908791 1.6981275636707585e-20
470.46428742874286 1.6978360628111618e-20
470.5632660666067 1.6975446600995067e-20
470.6622447044704 1.697253355487404e-20
470.76122334233423 1.6969621489264946e-20
470.86020198019804 1.6966710403684532e-20
470.9591806180618 1.6963800297649825e-20
471.0581592559256 1.6960891170678173e-20
471.15713789378935 1.695798302228723e-20
471.25611653165316 1.6955075851994944e-20
471.35509516951697 1.6952169659319594e-20
471.4540738073807 1.6949264443779742e-20
471.55305244524453 1.694636020489428e-20
471.6520310831083 1.694345694218239e-20
471.7510097209721 1.694055465516356e-20
471.8499883588359 1.6937653343357577e-20
471.94896699669965 1.6934753006284572e-20
472.04794563456346 1.6931853643464937e-20
472.14692427242727 1.6928955254419388e-20
472.245902910291 1.6926057838668952e-20
472.34488154815483 1.6923161395734927e-20
472.4438601860186 1.6920265925138977e-20
472.5428388238824 1.6917371426403007e-20
472.6418174617462 1.691447789904928e-20
472.74079609960995 1.6911585342600312e-20
472.83977473747376 1.6908693756578952e-20
472.9387533753375 1.690580314050836e-20
473.0377320132013 1.6902913493911966e-20
473.13671065106513 1.6900024816313543e-20
473.2356892889289 1.6897137107237132e-20
473.3346679267927 1.68942503662071e-20
473.43364656465644 1.6891364592748112e-20
473.53262520252025 1.688847978638511e-20
473.63160384038406 1.6885595946643384e-20
473.7305824782478 1.6882713073048482e-20
473.8295611161116 1.6879831165126278e-20
473.9285397539754 1.6876950222402938e-20
474.0275183918392 1.6874070244404922e-20
474.126497029703 1.6871191230659013e-20
474.22547566756674 1.686831318069227e-20
474.32445430543055 1.6865436094032073e-20
474.4234329432943 1.6862559970206078e-20
474.5224115811581 1.6859684808742267e-20
474.6213902190219 1.68568106091689e-20
474.72036885688567 1.6853937371014547e-20
474.8193474947495 1.6851065093808073e-20
474.9183261326133 1.6848193777078643e-20
475.01730477047704 1.6845323420355725e-20
475.11628340834085 1.684245402316908e-20
475.2152620462046 1.6839585585048764e-20
475.3142406840684 1.6836718105525137e-20
475.4132193219322 1.683385158412885e-20
475.51219795979597 1.683098602039087e-20
475.6111765976598 1.6828121413842428e-20
475.71015523552353 1.6825257764015086e-20
475.80913387338734 1.682239507044068e-20
475.90811251125115 1.6819533332651343e-20
476.0070911491149 1.6816672550179534e-20
476.1060697869787 1.6813812722557962e-20
476.20504842484246 1.6810953849319672e-20
476.30402706270627 1.6808095929997977e-20
476.4030057005701 1.6805238964126497e-20
476.50198433843383 1.6802382951239145e-20
476.60096297629764 1.6799527890870132e-20
476.6999416141614 1.6796673782553964e-20
476.7989202520252 1.6793820625825435e-20
476.897898889889 1.6790968420219644e-20
476.99687752775276 1.6788117165271964e-20
477.09585616561657 1.6785266860518093e-20
477.1948348034804 1.6782417505493987e-20
477.2938134413441 1.677956909973592e-20
477.39279207920794 1.677672164278046e-20
477.4917707170717 1.677387513416444e-20
477.5907493549355 1.6771029573425026e-20
477.6897279927993 1.676818496009964e-20
477.78870663066306 1.6765341293726024e-20
477.88768526852687 1.6762498573842198e-20
477.9866639063906 1.6759656799986467e-20
478.0856425442544 1.6756815971697443e-20
478.18462118211824 1.6753976088514024e-20
478.283599819982 1.6751137149975396e-20
478.3825784578458 1.6748299155621036e-20
478.48155709570955 1.6745462104990713e-20
478.58053573357336 1.6742625997624487e-20
478.67951437143716 1.6739790833062712e-20
478.7784930093009 1.6736956610846028e-20
478.8774716471647 1.673412333051535e-20
478.9764502850285 1.6731290991611918e-20
479.0754289228923 1.672845959367723e-20
479.1744075607561 1.6725629136253084e-20
479.27338619861985 1.672279961888156e-20
479.37236483648365 1.671997104110505e-20
479.4713434743474 1.6717143402466203e-20
479.5703221122112 1.6714316702507978e-20
479.669300750075 1.6711490940773616e-20
479.7682793879388 1.670866611680664e-20
479.8672580258026 1.6705842230150862e-20
479.9662366636664 1.6703019280350392e-20
480.06521530153015 1.6700197266949622e-20
480.16419393939395 1.6697376189493226e-20
480.2631725772577 1.6694556047526166e-20
480.3621512151215 1.6691736840593682e-20
480.4611298529853 1.6688918568241325e-20
480.5601084908491 1.668610123001492e-20
480.6590871287129 1.6683284825460563e-20
480.75806576657664 1.668046935412465e-20
480.85704440444044 1.6677654815553866e-20
480.95602304230425 1.6674841209295163e-20
481.055001680168 1.667202853489581e-20
481.1539803180318 1.6669216791903324e-20
481.25295895589556 1.6666405979865536e-20
481.3519375937594 1.6663596098330543e-20
481.4509162316232 1.6660787146846732e-20
481.54989486948693 1.6657979124962772e-20
481.64887350735074 1.665517203222762e-20
481.7478521452145 1.6652365868190528e-20
481.8468307830783 1.6649560632400987e-20
481.9458094209421 1.6646756324408826e-20
482.04478805880586 1.6643952943764123e-20
482.1437666966697 1.6641150490017256e-20
482.2427453345335 1.663834896271886e-20
482.34172397239723 1.6635548361419895e-20
482.44070261026104 1.663274868567155e-20
482.5396812481248 1.662994993502535e-20
482.6386598859886 1.662715210903305e-20
482.7376385238524 1.662435520724673e-20
482.83661716171616 1.6621559229218733e-20
482.93559579957997 1.661876417450166e-20
483.0345744374437 1.6615970042648433e-20
483.13355307530753 1.6613176833212233e-20
483.23253171317134 1.6610384545746536e-20
483.3315103510351 1.6607593179805065e-20
483.4304889888989 1.6604802734941855e-20
483.52946762676265 1.660201321071122e-20
483.62844626462646 1.659922460666773e-20
483.72742490249027 1.659643692236625e-20
483.826403540354 1.6593650157361924e-20
483.92538217821783 1.6590864311210174e-20
484.0243608160816 1.6588079383466703e-20
484.1233394539454 1.6585295373687475e-20
484.2223180918092 1.658251228142876e-20
484.32129672967295 1.6579730106247095e-20
484.42027536753676 1.6576948847699274e-20
484.5192540054005 1.6574168505342402e-20
484.6182326432643 1.657138907873383e-20
484.71721128112813 1.6568610567431218e-20
484.8161899189919 1.6565832970992486e-20
484.9151685568557 1.6563056288975814e-20
485.0141471947195 1.656028052093969e-20
485.11312583258325 1.655750566644286e-20
485.21210447044706 1.6554731725044356e-20
485.3110831083108 1.6551958696303468e-20
485.4100617461746 1.6549186579779783e-20
485.5090403840384 1.6546415375033157e-20
485.6080190219022 1.6543645081623706e-20
485.706997659766 1.654087569911184e-20
485.80597629762974 1.653810722705824e-20
485.90495493549355 1.653533966502386e-20
486.00393357335736 1.6532573012569914e-20
486.1029122112211 1.6529807269257927e-20
486.2018908490849 1.6527042434649648e-20
486.30086948694867 1.652427850830715e-20
486.3998481248125 1.6521515489792738e-20
486.4988267626763 1.6518753378669013e-20
486.59780540054004 1.6515992174498852e-20
486.69678403840385 1.6513231876845394e-20
486.7957626762676 1.651047248527205e-20
486.8947413141314 1.6507713999342508e-20
486.9937199519952 1.650495641862073e-20
487.09269858985897 1.650219974267096e-20
487.1916772277228 1.6499443971057676e-20
487.2906558655866 1.6496689103345678e-20
487.38963450345034 1.64939351391e-20
487.48861314131415 1.6491182077885973e-20
487.5875917791779 1.648842991926917e-20
487.6865704170417 1.6485678662815465e-20
487.7855490549055 1.648292830809099e-20
487.88452769276927 1.6480178854662144e-20
487.9835063306331 1.6477430302095595e-20
488.08248496849683 1.647468264995829e-20
488.18146360636064 1.6471935897817446e-20
488.28044224422445 1.6469190045240535e-20
488.3794208820882 1.646644509179532e-20
488.478399519952 1.6463701037049816e-20
488.57737815781576 1.6460957880572316e-20
488.67635679567957 1.645821562193137e-20
488.7753354335434 1.6455474260695812e-20
488.8743140714071 1.645273379643475e-20
488.97329270927094 1.6449994228717533e-20
489.0722713471347 1.6447255557113797e-20
489.1712499849985 1.6444517781193452e-20
489.2702286228623 1.644178090052665e-20
489.36920726072606 1.643904491468384e-20
489.46818589858987 1.6436309823235725e-20
489.5671645364537 1.6433575625753264e-20
489.6661431743174 1.6430842321807707e-20
489.76512181218123 1.6428109910970546e-20
489.864100450045 1.6425378392813564e-20
489.9630790879088 1.6422647766908785e-20
490.0620577257726 1.6419918032828523e-20
490.16103636363636 1.6417189190145337e-20
490.26001500150016 1.641446123843207e-20
490.3589936393639 1.6411734177261812e-20
490.4579722772277 1.6409008006207935e-20
490.55695091509153 1.6406282724844073e-20
490.6559295529553 1.6403558332744115e-20
490.7549081908191 1.640083482948222e-20
490.85388682868285 1.6398112214632817e-20
490.95286546654665 1.6395390487770584e-20
491.05184410441046 1.6392669648470482e-20
491.1508227422742 1.6389949696307728e-20
491.249801380138 1.6387230630857806e-20
491.3487800180018 1.638451245169646e-20
491.4477586558656 1.6381795158399682e-20
491.5467372937294 1.6379078750543752e-20
491.64571593159314 1.637636322770521e-20
491.74469456945695 1.6373648589460844e-20
491.8436732073207 1.6370934835387716e-20
491.9426518451845 1.6368221965063147e-20
492.0416304830483 1.636550997806471e-20
492.1406091209121 1.6362798873970255e-20
492.2395877587759 1.6360088652357905e-20
492.3385663966397 1.6357379312806006e-20
492.43754503450344 1.6354670854893196e-20
492.53652367236725 1.6351963278198365e-20
492.635502310231 1.6349256582300674e-20
492.7344809480948 1.634655076677952e-20
492.8334595859586 1.6343845831214583e-20
492.9324382238224 1.6341141775185795e-20
493.0314168616862 1.6338438598273357e-20
493.13039549954993 1.6335736300057714e-20
493.22937413741374 1.6333034880119582e-20
493.32835277527755 1.633033433803993e-20
493.4273314131413 1.6327634673400002e-20
493.5263100510051 1.6324935885781273e-20
493.62528868886886 1.6322237974765505e-20
493.7242673267327 1.6319540939934703e-20
493.8232459645965 1.6316844780871144e-20
493.92222460246023 1.631414949715734e-20
494.02120324032404 1.6311455088376086e-20
494.1201818781878 1.6308761554110423e-20
494.2191605160516 1.630606889394365e-20
494.3181391539154 1.6303377107459327e-20
494.41711779177916 1.6300686194241265e-20
494.51609642964297 1.6297996153873542e-20
494.6150750675068 1.6295306985940487e-20
494.71405370537053 1.6292618690026685e-20
494.81303234323434 1.6289931265716987e-20
494.9120109810981 1.6287244712596487e-20
495.0109896189619 1.6284559030250544e-20
495.1099682568257 1.6281874218264762e-20
495.20894689468946 1.627919027622502e-20
495.30792553255327 1.627650720371744e-20
495.406904170417 1.6273825000328408e-20
495.50588280828083 1.6271143665644548e-20
495.60486144614464 1.6268463199252755e-20
495.7038400840084 1.6265783600740176e-20
495.8028187218722 1.626310486969421e-20
495.90179735973595 1.626042700570252e-20
496.00077599759976 1.6257750008353002e-20
496.09975463546357 1.6255073877233826e-20
496.1987332733273 1.6252398611933417e-20
496.29771191119113 1.6249724212040434e-20
496.3966905490549 1.6247050677143796e-20
496.4956691869187 1.624437800683271e-20
496.5946478247825 1.624170620069658e-20
496.69362646264625 1.6239035258325112e-20
496.79260510051006 1.6236365179308228e-20
496.8915837383738 1.6233695963236127e-20
496.9905623762376 1.6231027609699247e-20
497.0895410141014 1.6228360118288293e-20
497.1885196519652 1.6225693488594197e-20
497.287498289829 1.6223027720208177e-20
497.3864769276928 1.6220362812721674e-20
497.48545556555655 1.62176987657264e-20
497.58443420342036 1.6215035578814298e-20
497.6834128412841 1.6212373251577575e-20
497.7823914791479 1.6209711783608692e-20
497.8813701170117 1.6207051174500357e-20
497.9803487548755 1.620439142384553e-20
498.0793273927393 1.6201732531237417e-20
498.17830603060304 1.6199074496269472e-20
498.27728466846685 1.6196417318535416e-20
498.37626330633066 1.6193760997629196e-20
498.4752419441944 1.619110553314503e-20
498.5742205820582 1.6188450924677373e-20
498.67319921992197 1.6185797171820934e-20
498.7721778577858 1.618314427417067e-20
498.8711564956496 1.6180492231321778e-20
498.97013513351334 1.6177841042869727e-20
499.06911377137715 1.6175190708410206e-20
499.1680924092409 1.6172541227539187e-20
499.2670710471047 1.6169892599852848e-20
499.3660496849685 1.6167244824947655e-20
499.46502832283227 1.6164597902420286e-20
499.5640069606961 1.6161951831867697e-20
499.6629855985599 1.6159306612887078e-20
499.76196423642364 1.6156662245075872e-20
499.86094287428745 1.6154018728031754e-20
499.9599215121512 1.615137606135266e-20
500.058900150015 1.6148734244636774e-20
500.1578787878788 1.6146093277482516e-20
500.25685742574257 1.6143453159488567e-20
500.3558360636064 1.614081389025384e-20
500.4548147014701 1.61381754693775e-20
500.55379333933394 1.613553789645896e-20
500.65277197719774 1.6132901171097867e-20
500.7517506150615 1.613026529289414e-20
500.8507292529253 1.612763026144791e-20
500.94970789078906 1.6124996076359582e-20
501.04868652865287 1.6122362737229778e-20
501.1476651665167 1.61197302436594e-20
501.2466438043804 1.6117098595249557e-20
501.34562244224423 1.6114467791601628e-20
501.444601080108 1.6111837832317234e-20
501.5435797179718 1.6109208716998223e-20
501.6425583558356 1.6106580445246702e-20
501.74153699369936 1.610395301666502e-20
501.84051563156316 1.6101326430855767e-20
501.9394942694269 1.6098700687421777e-20
502.0384729072907 1.609607578596613e-20
502.13745154515453 1.6093451726092135e-20
502.2364301830183 1.6090828507403368e-20
502.3354088208821 1.6088206129503626e-20
502.4343874587459 1.608558459199696e-20
502.53336609660965 1.6082963894487665e-20
502.63234473447346 1.6080344036580255e-20
502.7313233723372 1.6077725017879524e-20
502.830302010201 1.6075106837990487e-20
502.92928064806483 1.6072489496518385e-20
503.0282592859286 1.606987299306873e-20
503.1272379237924 1.6067257327247254e-20
503.22621656165614 1.606464249865995e-20
503.32519519951995 1.6062028506913024e-20
503.42417383738376 1.6059415351612953e-20
503.5231524752475 1.605680303236643e-20
503.6221311131113 1.60541915487804e-20
503.7211097509751 1.6051580900462043e-20
503.8200883888389 1.6048971087018792e-20
503.9190670267027 1.604636210805831e-20
504.01804566456644 1.604375396318848e-20
504.11702430243025 1.6041146652017468e-20
504.216002940294 1.6038540174153635e-20
504.3149815781578 1.6035934529205624e-20
504.4139602160216 1.6033329716782266e-20
504.5129388538854 1.6030725736492684e-20
504.6119174917492 1.60281225879462e-20
504.710896129613 1.6025520270752395e-20
504.80987476747674 1.6022918784521077e-20
504.90885340534055 1.6020318128862303e-20
505.0078320432043 1.6017718303386355e-20
505.1068106810681 1.6015119307703758e-20
505.2057893189319 1.601252114142529e-20
505.3047679567957 1.600992380416194e-20
505.4037465946595 1.6007327295524942e-20
505.50272523252323 1.600473161512579e-20
505.60170387038704 1.600213676257617e-20
505.70068250825085 1.599954273748805e-20
505.7996611461146 1.5996949539473604e-20
505.8986397839784 1.5994357168145264e-20
505.99761842184216 1.5991765623115677e-20
506.09659705970597 1.598917490399774e-20
506.1955756975698 1.5986585010404584e-20
506.29455433543353 1.5983995941949576e-20
506.39353297329734 1.598140769824631e-20
506.4925116111611 1.5978820278908614e-20
506.5914902490249 1.5976233683550576e-20
506.6904688868887 1.5973647911786482e-20
506.78944752475246 1.5971062963230887e-20
506.88842616261627 1.5968478837498564e-20
506.98740480048 1.5965895534204513e-20
507.08638343834383 1.596331305296398e-20
507.18536207620764 1.596073139339244e-20
507.2843407140714 1.595815055510561e-20
507.3833193519352 1.5955570537719425e-20
507.482297989799 1.5952991340850067e-20
507.58127662766276 1.5950412964113946e-20
507.68025526552657 1.5947835407127713e-20
507.7792339033903 1.594525866950824e-20
507.87821254125413 1.594268275087263e-20
507.97719117911794 1.594010765083823e-20
508.0761698169817 1.5937533369022624e-20
508.1751484548455 1.5934959905043608e-20
508.27412709270925 1.593238725851923e-20
508.37310573057306 1.5929815429067748e-20
508.47208436843687 1.5927244416307682e-20
508.5710630063006 1.592467421985775e-20
508.6700416441644 1.592210483933693e-20
508.7690202820282 1.5919536274364414e-20
508.867998919892 1.5916968524559628e-20
508.9669775577558 1.5914401589542235e-20
509.06595619561955 1.591183546893213e-20
509.16493483348336 1.5909270162349424e-20
509.2639134713471 1.5906705669414477e-20
509.3628921092109 1.590414198974786e-20
509.4618707470747 1.59015791229704e-20
509.5608493849385 1.5899017068703117e-20
509.6598280228023 1.58964558265673e-20
509.7588066606661 1.5893895396184437e-20
509.85778529852985 1.5891335777176275e-20
509.95676393639366 1.5888776969164757e-20
510.0557425742574 1.5886218971772076e-20
510.1547212121212 1.588366178462065e-20
510.253699849985 1.5881105407333125e-20
510.3526784878488 1.5878549839532375e-20
510.4516571257126 1.587599508084151e-20
510.55063576357634 1.5873441130883847e-20
510.64961440144015 1.587088798928295e-20
510.74859303930396 1.586833565566261e-20
510.8475716771677 1.5865784129646847e-20
510.9465503150315 1.586323341085989e-20
511.04552895289527 1.5860683498926218e-20
511.1445075907591 1.5858134393470525e-20
511.2434862286229 1.5855586094117732e-20
511.34246486648664 1.5853038600493e-20
511.44144350435045 1.5850491912221693e-20
511.5404221422142 1.5847946028929428e-20
511.639400780078 1.584540095024203e-20
511.7383794179418 1.5842856675785552e-20
511.83735805580557 1.5840313205186277e-20
511.9363366936694 1.5837770538070726e-20
512.0353153315332 1.5835228674065612e-20
512.1342939693969 1.5832687612797923e-20
512.2332726072608 1.5830147353894816e-20
512.3322512451246 1.582760789698372e-20
512.4312298829883 1.5825069241692265e-20
512.5302085208522 1.582253138764831e-20
512.6291871587159 1.5819994334479944e-20
512.7281657965797 1.581745808181548e-20
512.8271444344434 1.5814922629283444e-20
512.9261230723073 1.5812387976512596e-20
513.025101710171 1.580985412313193e-20
513.1240803480348 1.5807321068770634e-20
513.2230589858987 1.5804788813058153e-20
513.3220376237624 1.580225735562414e-20
513.4210162616262 1.5799726696098467e-20
513.51999489949 1.5797196834111233e-20
513.6189735373538 1.5794667769292763e-20
513.7179521752175 1.5792139501273615e-20
513.8169308130813 1.5789612029684547e-20
513.9159094509452 1.5787085354156552e-20
514.0148880888089 1.578455947432085e-20
514.1138667266727 1.578203438980887e-20
514.2128453645365 1.5779510100252275e-20
514.3118240024003 1.577698660528295e-20
514.410802640264 1.5774463904532992e-20
514.5097812781279 1.5771941997634725e-20
514.6087599159916 1.5769420884220702e-20
514.7077385538554 1.5766900563923688e-20
514.8067171917193 1.5764381036376667e-20
514.905695829583 1.5761862301212848e-20
515.0046744674468 1.5759344358065667e-20
515.1036531053105 1.5756827206568772e-20
515.2026317431744 1.5754310846356027e-20
515.3016103810381 1.575179527706154e-20
515.4005890189019 1.574928049831961e-20
515.4995676567657 1.5746766509764773e-20
515.5985462946295 1.5744253311031784e-20
515.6975249324933 1.5741740901755607e-20
515.7965035703571 1.5739229281571438e-20
515.8954822082209 1.5736718450114692e-20
515.9944608460846 1.5734208407020996e-20
516.0934394839484 1.5731699151926185e-20
516.1924181218122 1.5729190684466347e-20
516.291396759676 1.5726683004277755e-20
516.3903753975397 1.572417611099692e-20
516.4893540354036 1.5721670004260565e-20
516.5883326732674 1.5719164683705632e-20
516.6873113111311 1.5716660148969282e-20
516.786289948995 1.5714156399688883e-20
516.8852685868587 1.571165343550205e-20
516.9842472247225 1.570915125604658e-20
517.0832258625862 1.5706649860960514e-20
517.1822045004501 1.570414924988208e-20
517.2811831383138 1.570164942244976e-20
517.3801617761776 1.5699150378302253e-20
517.4791404140415 1.5696652117078422e-20
517.5781190519052 1.5694154638417408e-20
517.677097689769 1.569165794195854e-20
517.7760763276328 1.568916202734135e-20
517.8750549654966 1.5686666894205618e-20
517.9740336033603 1.5684172542191328e-20
518.0730122412242 1.5681678970938668e-20
518.171990879088 1.5679186180088052e-20
518.2709695169517 1.5676694169280112e-20
518.3699481548155 1.567420293815569e-20
518.4689267926793 1.5671712486355848e-20
518.5679054305431 1.5669222813521846e-20
518.6668840684068 1.5666733919295195e-20
518.7658627062707 1.5664245803317584e-20
518.8648413441344 1.5661758465230932e-20
518.9638199819982 1.565927190467738e-20
519.0627986198621 1.5656786121299258e-20
519.1617772577258 1.5654301114739157e-20
519.2607558955896 1.5651816884639828e-20
519.3597345334533 1.564933343064427e-20
519.4587131713172 1.5646850752395676e-20
519.5576918091809 1.564436884953748e-20
519.6566704470447 1.56418877217133e-20
519.7556490849086 1.5639407368566974e-20
519.8546277227723 1.5636927789742577e-20
519.9536063606361 1.5634448984884364e-20
520.0525849984999 1.563197095363682e-20
520.1515636363637 1.5629493695644644e-20
520.2505422742274 1.562701721055274e-20
520.3495209120913 1.5624541498006224e-20
520.448499549955 1.5622066557650432e-20
520.5474781878188 1.5619592389130918e-20
520.6464568256825 1.5617118992093418e-20
520.7454354635464 1.5614646366183905e-20
520.8444141014102 1.5612174511048573e-20
520.9433927392739 1.5609703426333795e-20
521.0423713771378 1.560723311168618e-20
521.1413500150015 1.560476356675254e-20
521.2403286528653 1.5602294791179898e-20
521.3393072907292 1.5599826784615484e-20
521.4382859285929 1.5597359546706755e-20
521.5372645664567 1.5594893077101354e-20
521.6362432043204 1.5592427375447157e-20
521.7352218421843 1.5589962441392227e-20
521.834200480048 1.5587498274584863e-20
521.9331791179118 1.5585034874673562e-20
522.0321577557756 1.5582572241307012e-20
522.1311363936394 1.558011037413415e-20
522.2301150315031 1.5577649272804092e-20
522.3290936693669 1.557518893696617e-20
522.4280723072308 1.5572729366269928e-20
522.5270509450945 1.557027056036511e-20
522.6260295829583 1.5567812518901702e-20
522.7250082208221 1.5565355241529846e-20
522.8239868586859 1.5562898727899938e-20
522.9229654965496 1.5560442977662556e-20
523.0219441344134 1.5557987990468495e-20
523.1209227722773 1.5555533765968757e-20
523.219901410141 1.5553080303814555e-20
523.3188800480048 1.5550627603657317e-20
523.4178586858686 1.554817566514865e-20
523.5168373237324 1.5545724487940396e-20
523.6158159615961 1.5543274071684602e-20
523.71479459946 1.554082441603351e-20
523.8137732373237 1.5538375520639574e-20
523.9127518751875 1.553592738515546e-20
524.0117305130514 1.5533480009234034e-20
524.1107091509151 1.5531033392528367e-20
524.2096877887789 1.552858753469175e-20
524.3086664266426 1.5526142435377672e-20
524.4076450645065 1.5523698094239815e-20
524.5066237023702 1.5521254510932085e-20
524.605602340234 1.5518811685108587e-20
524.7045809780979 1.551636961642363e-20
524.8035596159616 1.5513928304531738e-20
524.9025382538254 1.551148774908763e-20
525.0015168916892 1.5509047949746233e-20
525.100495529553 1.5506608906162676e-20
525.1994741674167 1.5504170617992308e-20
525.2984528052805 1.550173308489066e-20
525.3974314431443 1.5499296306513478e-20
525.4964100810081 1.5496860282516716e-20
525.5953887188718 1.5494425012556546e-20
525.6943673567357 1.54919904962893e-20
525.7933459945995 1.548955673337157e-20
525.8923246324632 1.54871237234601e-20
525.9913032703271 1.5484691466211874e-20
526.0902819081908 1.5482259961284063e-20
526.1892605460546 1.5479829208334045e-20
526.2882391839184 1.5477399207019416e-20
526.3872178217822 1.547496995699795e-20
526.486196459646 1.5472541457927633e-20
526.5851750975097 1.5470113709466658e-20
526.6841537353736 1.5467686711273413e-20
526.7831323732373 1.5465260463006507e-20
526.8821110111011 1.5462834964324735e-20
526.9810896489649 1.546041021488709e-20
527.0800682868287 1.5457986214352795e-20
527.1790469246924 1.5455562962381233e-20
527.2780255625563 1.545314045863202e-20
527.3770042004201 1.5450718702764964e-20
527.4759828382838 1.544829769444008e-20
527.5749614761476 1.5445877433317577e-20
527.6739401140114 1.5443457919057867e-20
527.7729187518752 1.5441039151321566e-20
527.8718973897389 1.5438621129769492e-20
527.9708760276028 1.5436203854062657e-20
528.0698546654666 1.5433787323862272e-20
528.1688333033303 1.5431371538829767e-20
528.2678119411942 1.542895649862675e-20
528.3667905790579 1.5426542202915046e-20
528.4657692169217 1.542412865135667e-20
528.5647478547855 1.5421715843613834e-20
528.6637264926493 1.5419303779348974e-20
528.762705130513 1.5416892458224692e-20
528.8616837683768 1.541448187990381e-20
528.9606624062407 1.5412072044049337e-20
529.0596410441044 1.54096629503245e-20
529.1586196819682 1.5407254598392705e-20
529.257598319832 1.5404846987917575e-20
529.3565769576958 1.5402440118562923e-20
529.4555555955595 1.5400033989992747e-20
529.5545342334234 1.539762860187127e-20
529.6535128712871 1.5395223953862904e-20
529.7524915091509 1.5392820045632234e-20
529.8514701470147 1.5390416876844088e-20
529.9504487848785 1.5388014447163463e-20
530.0494274227423 1.5385612756255553e-20
530.148406060606 1.5383211803785755e-20
530.2473846984699 1.5380811589419674e-20
530.3463633363336 1.5378412112823104e-20
530.4453419741974 1.5376013373662022e-20
530.5443206120613 1.5373615371602625e-20
530.643299249925 1.53712181063113e-20
530.7422778877888 1.5368821577454622e-20
530.8412565256525 1.5366425784699375e-20
530.9402351635164 1.5364030727712535e-20
531.0392138013801 1.5361636406161265e-20
531.1381924392439 1.5359242819712944e-20
531.2371710771077 1.5356849968035123e-20
531.3361497149715 1.5354457850795565e-20
531.4351283528352 1.5352066467662228e-20
531.5341069906991 1.5349675818303264e-20
531.6330856285629 1.5347285902387026e-20
531.7320642664266 1.5344896719582042e-20
531.8310429042905 1.5342508269557056e-20
531.9300215421542 1.5340120551981e-20
532.029000180018 1.5337733566523005e-20
532.1279788178817 1.5335347312852395e-20
532.2269574557456 1.5332961790638674e-20
532.3259360936094 1.533057699955157e-20
532.4249147314731 1.5328192939260987e-20
532.523893369337 1.532580960943701e-20
532.6228720072007 1.5323427009749956e-20
532.7218506450645 1.53210451398703e-20
532.8208292829283 1.5318663999468727e-20
532.9198079207921 1.531628358821611e-20
533.0187865586558 1.5313903905783532e-20
533.1177651965196 1.5311524951842244e-20
533.2167438343835 1.530914672606371e-20
533.3157224722472 1.5306769228119573e-20
533.414701110111 1.5304392457681687e-20
533.5136797479748 1.530201641442207e-20
533.6126583858386 1.5299641098012975e-20
533.7116370237023 1.529726650812681e-20
533.8106156615662 1.529489264443619e-20
533.90959429943 1.5292519506613917e-20
534.0085729372937 1.5290147094333012e-20
534.1075515751576 1.5287775407266636e-20
534.2065302130213 1.528540444508819e-20
534.3055088508851 1.5283034207471244e-20
534.4044874887488 1.5280664694089564e-20
534.5034661266127 1.527829590461711e-20
534.6024447644764 1.5275927838728032e-20
534.7014234023402 1.527356049609667e-20
534.8004020402041 1.527119387639755e-20
534.8993806780678 1.526882797930541e-20
534.9983593159316 1.5266462804495145e-20
535.0973379537954 1.526409835164187e-20
535.1963165916592 1.5261734620420878e-20
535.2952952295229 1.5259371610507662e-20
535.3942738673867 1.5257009321577886e-20
535.4932525052506 1.525464775330742e-20
535.5922311431143 1.5252286905372325e-20
535.691209780978 1.5249926777448844e-20
535.7901884188419 1.524756736921341e-20
535.8891670567057 1.5245208680342654e-20
535.9881456945694 1.5242850710513385e-20
536.0871243324333 1.5240493459402623e-20
536.186102970297 1.5238136926687543e-20
536.2850816081608 1.5235781112045536e-20
536.3840602460247 1.5233426015154165e-20
536.4830388838884 1.523107163569121e-20
536.5820175217522 1.5228717973334606e-20
536.6809961596159 1.5226365027762498e-20
536.7799747974798 1.5224012798653196e-20
536.8789534353435 1.5221661285685245e-20
536.9779320732073 1.5219310488537315e-20
537.0769107110712 1.5216960406888317e-20
537.1758893489349 1.5214611040417338e-20
537.2748679867987 1.5212262388803626e-20
537.3738466246625 1.5209914451726633e-20
537.4728252625263 1.5207567228866015e-20
537.57180390039 1.5205220719901597e-20
537.6707825382538 1.5202874924513396e-20
537.7697611761176 1.520052984238161e-20
537.8687398139814 1.519818547318664e-20
537.9677184518451 1.5195841816609054e-20
538.066697089709 1.519349887232962e-20
538.1656757275728 1.5191156640029286e-20
538.2646543654365 1.5188815119389198e-20
538.3636330033004 1.5186474310090665e-20
538.4626116411641 1.5184134211815212e-20
538.5615902790279 1.5181794824244517e-20
538.6605689168917 1.5179456147060478e-20
538.7595475547555 1.5177118179945152e-20
538.8585261926193 1.5174780922580796e-20
538.957504830483 1.5172444374649864e-20
539.0564834683469 1.5170108535834945e-20
539.1554621062106 1.516777340581888e-20
539.2544407440744 1.516543898428465e-20
539.3534193819382 1.5163105270915437e-20
539.452398019802 1.51607722653946e-20
539.5513766576657 1.5158439967405694e-20
539.6503552955296 1.5156108376632448e-20
539.7493339333934 1.5153777492758792e-20
539.8483125712571 1.5151447315468808e-20
539.9472912091209 1.5149117844446808e-20
540.0462698469847 1.5146789079377237e-20
540.1452484848485 1.5144461019944763e-20
540.2442271227122 1.514213366583423e-20
540.3432057605761 1.513980701673064e-20
540.4421843984398 1.5137481072319217e-20
540.5411630363036 1.513515583228535e-20
540.6401416741675 1.51328312963146e-20
540.7391203120312 1.5130507464092732e-20
540.838098949895 1.512818433530568e-20
540.9370775877588 1.512586190963957e-20
541.0360562256226 1.5123540186780692e-20
541.1350348634863 1.5121219166415558e-20
541.2340135013501 1.5118898848230816e-20
541.332992139214 1.5116579231913322e-20
541.4319707770777 1.5114260317150116e-20
541.5309494149415 1.5111942103628412e-20
541.6299280528053 1.510962459103561e-20
541.7289066906691 1.5107307779059295e-20
541.8278853285328 1.5104991667387216e-20
541.9268639663967 1.510267625570731e-20
542.0258426042604 1.5100361543707727e-20
542.1248212421242 1.5098047531076758e-20
542.223799879988 1.5095734217502892e-20
542.3227785178518 1.5093421602674808e-20
542.4217571557156 1.5091109686281337e-20
542.5207357935793 1.5088798468011525e-20
542.6197144314432 1.5086487947554562e-20
542.7186930693069 1.5084178124599873e-20
542.8176717071707 1.5081868998837008e-20
542.9166503450346 1.5079560569955716e-20
543.0156289828983 1.5077252837645946e-20
543.1146076207621 1.50749458015978e-20
543.2135862586258 1.5072639461501572e-20
543.3125648964897 1.507033381704774e-20
543.4115435343534 1.506802886792695e-20
543.5105221722172 1.506572461383004e-20
543.609500810081 1.506342105444801e-20
543.7084794479448 1.506111818947206e-20
543.8074580858085 1.5058816018593566e-20
543.9064367236724 1.5056514541504064e-20
544.0054153615362 1.5054213757895285e-20
544.1043939993999 1.5051913667459146e-20
544.2033726372638 1.5049614269887714e-20
544.3023512751275 1.504731556487327e-20
544.4013299129913 1.5045017552108248e-20
544.500308550855 1.504272023128527e-20
544.5992871887189 1.5040423602097138e-20
544.6982658265827 1.5038127664236824e-20
544.7972444644464 1.5035832417397484e-20
544.8962231023103 1.5033537861272455e-20
544.995201740174 1.5031243995555247e-20
545.0941803780378 1.5028950819939538e-20
545.1931590159016 1.5026658334119195e-20
545.2921376537654 1.502436653778828e-20
545.3911162916291 1.5022075430640994e-20
545.4900949294929 1.5019785012371745e-20
545.5890735673568 1.5017495282675088e-20
545.6880522052205 1.5015206241245792e-20
545.7870308430843 1.5012917887778774e-20
545.8860094809481 1.5010630221969147e-20
545.9849881188119 1.5008343243512187e-20
546.0839667566756 1.5006056952103354e-20
546.1829453945395 1.5003771347438265e-20
546.2819240324033 1.500148642921275e-20
546.380902670267 1.4999202197122783e-20
546.4798813081309 1.4996918650864527e-20
546.5788599459946 1.4994635790134318e-20
546.6778385838584 1.4992353614628668e-20
546.7768172217221 1.4990072124044263e-20
546.875795859586 1.4987791318077962e-20
546.9747744974497 1.498551119642681e-20
547.0737531353135 1.4983231758788017e-20
547.1727317731774 1.4980953004858975e-20
547.2717104110411 1.4978674934337236e-20
547.3706890489049 1.497639754692055e-20
547.4696676867687 1.4974120842306815e-20
547.5686463246325 1.497184482019413e-20
547.6676249624962 1.4969569480280748e-20
547.76660360036 1.4967294822265106e-20
547.8655822382239 1.4965020845845813e-20
547.9645608760876 1.4962747550721655e-20
548.0635395139514 1.4960474936591592e-20
548.1625181518152 1.495820300315474e-20
548.261496789679 1.4955931750110418e-20
548.3604754275427 1.4953661177158092e-20
548.4594540654066 1.4951391283997424e-20
548.5584327032703 1.494912207032823e-20
548.6574113411341 1.4946853535850507e-20
548.756389978998 1.494458568026443e-20
548.8553686168617 1.4942318503270342e-20
548.9543472547255 1.494005200456876e-20
549.0533258925892 1.4937786183860368e-20
549.1523045304531 1.4935521040846026e-20
549.2512831683168 1.4933256575226773e-20
549.3502618061806 1.493099278670381e-20
549.4492404440444 1.492872967497852e-20
549.5482190819082 1.4926467239752448e-20
549.647197719772 1.4924205480727317e-20
549.7461763576358 1.4921944397605024e-20
549.8451549954996 1.4919683990087635e-20
549.9441336333633 1.4917424257877368e-20
550.0431122712271 1.491516520067666e-20
550.1420909090909 1.4912906818188068e-20
550.2410695469547 1.4910649110114358e-20
550.3400481848184 1.4908392076158443e-20
550.4390268226823 1.4906135716023412e-20
550.5380054605461 1.490388002941254e-20
550.6369840984098 1.4901625016029255e-20
550.7359627362737 1.4899370675577163e-20
550.8349413741374 1.4897117007760033e-20
550.9339200120012 1.4894864012281818e-20
551.032898649865 1.4892611688846632e-20
551.1318772877288 1.4890360037158757e-20
551.2308559255926 1.488810905692265e-20
551.3298345634563 1.488585874784295e-20
551.4288132013202 1.488360910962443e-20
551.5277918391839 1.488136014197207e-20
551.6267704770477 1.4879111844590993e-20
551.7257491149115 1.487686421718652e-20
551.8247277527753 1.487461725946411e-20
551.923706390639 1.4872370971129413e-20
552.0226850285029 1.4870125351888237e-20
552.1216636663667 1.4867880401446562e-20
552.2206423042304 1.486563611951054e-20
552.3196209420942 1.4863392505786482e-20
552.418599579958 1.486114955998088e-20
552.5175782178218 1.4858907281800393e-20
552.6165568556855 1.4856665670951827e-20
552.7155354935494 1.4854424727142198e-20
552.8145141314131 1.485218445007865e-20
552.9134927692769 1.4849944839468515e-20
553.0124714071408 1.484770589501928e-20
553.1114500450045 1.4845467616438618e-20
553.2104286828683 1.4843230003434354e-20
553.309407320732 1.4840993055714492e-20
553.4083859585959 1.4838756772987187e-20
553.5073645964596 1.4836521154960784e-20
553.6063432343234 1.483428620134378e-20
553.7053218721873 1.483205191184483e-20
553.804300510051 1.482981828617278e-20
553.9032791479148 1.4827585324036628e-20
554.0022577857786 1.482535302514554e-20
554.1012364236424 1.4823121389208852e-20
554.2002150615061 1.4820890415936068e-20
554.29919369937 1.4818660105036842e-20
554.3981723372337 1.481643045622102e-20
554.4971509750975 1.4814201469198598e-20
554.5961296129612 1.4811973143679734e-20
554.6951082508251 1.4809745479374767e-20
554.7940868886889 1.4807518475994192e-20
554.8930655265526 1.4805292133248662e-20
554.9920441644165 1.4803066450849024e-20
555.0910228022802 1.4800841428506255e-20
555.190001440144 1.4798617065931515e-20
555.2889800780079 1.4796393362836133e-20
555.3879587158716 1.4794170318931594e-20
555.4869373537354 1.4791947933929557e-20
555.5859159915991 1.478972620754184e-20
555.684894629463 1.4787505139480413e-20
555.7838732673267 1.4785284729457447e-20
555.8828519051905 1.4783064977185234e-20
555.9818305430543 1.478084588237626e-20
556.0808091809181 1.4778627444743164e-20
556.1797878187818 1.4776409663998756e-20
556.2787664566457 1.4774192539855995e-20
556.3777450945095 1.4771976072028024e-20
556.4767237323732 1.476976026022813e-20
556.5757023702371 1.4767545104169783e-20
556.6746810081008 1.476533060356661e-20
556.7736596459646 1.4763116758132386e-20
556.8726382838283 1.4760903567581073e-20
556.9716169216922 1.475869103162678e-20
557.070595559556 1.4756479149983778e-20
557.1695741974197 1.475426792236652e-20
557.2685528352836 1.47520573484896e-20
557.3675314731473 1.474984742806779e-20
557.4665101110111 1.4747638160816022e-20
557.5654887488749 1.4745429546449378e-20
557.6644673867387 1.474322158468311e-20
557.7634460246024 1.4741014275232643e-20
557.8624246624662 1.4738807617813553e-20
557.9614033003301 1.4736601612141577e-20
558.0603819381938 1.4734396257932622e-20
558.1593605760576 1.4732191554902752e-20
558.2583392139214 1.4729987502768176e-20
558.3573178517852 1.472778410124532e-20
558.4562964896489 1.4725581350050697e-20
558.5552751275128 1.4723379248901027e-20
558.6542537653766 1.4721177797513184e-20
558.7532324032403 1.471897699560421e-20
558.8522110411042 1.471677684289129e-20
558.9511896789679 1.471457733909178e-20
559.0501683168317 1.47123784839232e-20
559.1491469546954 1.4710180277103217e-20
559.2481255925593 1.4707982718349677e-20
559.347104230423 1.470578580738058e-20
559.4460828682868 1.4703589543914073e-20
559.5450615061507 1.470139392766849e-20
559.6440401440144 1.46991989583623e-20
559.7430187818782 1.469700463571415e-20
559.841997419742 1.4694810959442823e-20
559.9409760576058 1.4692617929267298e-20
560.0399546954695 1.4690425544906682e-20
560.1389333333333 1.4688233806080252e-20
560.2379119711971 1.4686042712507454e-20
560.3368906090609 1.4683852263907875e-20
560.4358692469247 1.468166246000128e-20
560.5348478847885 1.467947330050758e-20
560.6338265226523 1.467728478514686e-20
560.732805160516 1.467509691363934e-20
560.8317837983799 1.4672909685705415e-20
560.9307624362436 1.4670723101065644e-20
561.0297410741074 1.466853715944073e-20
561.1287197119713 1.4666351860551552e-20
561.227698349835 1.4664167204119127e-20
561.3266769876988 1.4661983189864644e-20
561.4256556255625 1.465979981750945e-20
561.5246342634264 1.465761708677503e-20
561.6236129012901 1.4655434997383067e-20
561.7225915391539 1.4653253549055365e-20
561.8215701770177 1.465107274151391e-20
561.9205488148815 1.464889257448082e-20
562.0195274527453 1.4646713047678397e-20
562.1185060906091 1.4644534160829085e-20
562.2174847284729 1.4642355913655492e-20
562.3164633663366 1.4640178305880375e-20
562.4154420042004 1.4638001337226666e-20
562.5144206420642 1.463582500741743e-20
562.613399279928 1.4633649316175903e-20
562.7123779177917 1.463147426322548e-20
562.8113565556556 1.46292998482897e-20
562.9103351935194 1.4627126071092275e-20
563.0093138313831 1.4624952931357064e-20
563.108292469247 1.4622780428808082e-20
563.2072711071107 1.46206085631695e-20
563.3062497449745 1.461843733416565e-20
563.4052283828383 1.461626674152102e-20
563.5042070207021 1.461409678496024e-20
563.6031856585658 1.4611927464208126e-20
563.7021642964296 1.4609758778989608e-20
563.8011429342935 1.46075907290298e-20
563.9001215721572 1.460542331405398e-20
563.999100210021 1.460325653378757e-20
564.0980788478848 1.460109038795611e-20
564.1970574857486 1.4598924876285357e-20
564.2960361236123 1.45967599985012e-20
564.3950147614762 1.4594595754329657e-20
564.49399339934 1.4592432143496942e-20
564.5929720372037 1.4590269165729395e-20
564.6919506750675 1.458810682075352e-20
564.7909293129313 1.4585945108295978e-20
564.8899079507951 1.458378402808358e-20
564.9888865886588 1.4581623579843294e-20
565.0878652265227 1.4579463763302243e-20
565.1868438643864 1.45773045781877e-20
565.2858225022502 1.45751460242271e-20
565.3848011401141 1.4572988101148013e-20
565.4837797779778 1.4570830808678184e-20
565.5827584158416 1.4568674146545513e-20
565.6817370537053 1.4566518114478036e-20
565.7807156915692 1.456436271220395e-20
565.8796943294329 1.4562207939451603e-20
565.9786729672967 1.456005379594951e-20
566.0776516051606 1.4557900281426318e-20
566.1766302430243 1.4555747395610854e-20
566.2756088808881 1.4553595138232056e-20
566.3745875187519 1.455144350901906e-20
566.4735661566157 1.454929250770113e-20
566.5725447944794 1.4547142134007698e-20
566.6715234323433 1.4544992387668318e-20
566.770502070207 1.454284326841273e-20
566.8694807080708 1.454069477597082e-20
566.9684593459345 1.4538546910072603e-20
567.0674379837984 1.4536399670448266e-20
567.1664166216622 1.4534253056828155e-20
567.2653952595259 1.4532107068942762e-20
567.3643738973898 1.45299617065227e-20
567.4633525352535 1.4527816969298777e-20
567.5623311731173 1.4525672857001945e-20
567.6613098109812 1.452352936936328e-20
567.7602884488449 1.4521386506114034e-20
567.8592670867087 1.451924426698561e-20
567.9582457245724 1.4517102651709552e-20
568.0572243624363 1.4514961660017544e-20
568.1562030003 1.451282129164147e-20
568.2551816381638 1.4510681546313294e-20
568.3541602760276 1.4508542423765195e-20
568.4531389138914 1.4506403923729456e-20
568.5521175517551 1.4504266045938546e-20
568.651096189619 1.450212879012505e-20
568.7500748274828 1.4499992156021735e-20
568.8490534653465 1.4497856143361503e-20
568.9480321032104 1.4495720751877407e-20
569.0470107410741 1.4493585981302648e-20
569.1459893789379 1.4491451831370585e-20
569.2449680168016 1.448931830181472e-20
569.3439466546655 1.4487185392368702e-20
569.4429252925293 1.4485053102766338e-20
569.541903930393 1.4482921432741586e-20
569.6408825682569 1.4480790382028532e-20
569.7398612061206 1.4478659950361444e-20
569.8388398439844 1.4476530137474715e-20
569.9378184818482 1.4474400943102888e-20
570.036797119712 1.447227236698068e-20
570.1357757575757 1.4470144408842925e-20
570.2347543954395 1.4468017068424626e-20
570.3337330333034 1.4465890345460918e-20
570.4327116711671 1.4463764239687105e-20
570.5316903090309 1.4461638750838622e-20
570.6306689468947 1.445951387865106e-20
570.7296475847585 1.4457389622860167e-20
570.8286262226222 1.4455265983201818e-20
570.9276048604861 1.4453142959412054e-20
571.0265834983499 1.4451020551227055e-20
571.1255621362136 1.4448898758383167e-20
571.2245407740775 1.444677758061685e-20
571.3235194119412 1.4444657017664738e-20
571.422498049805 1.44425370692636e-20
571.5214766876687 1.4440417735150364e-20
571.6204553255326 1.4438299015062094e-20
571.7194339633963 1.4436180908736016e-20
571.8184126012601 1.443406341590949e-20
571.917391239124 1.443194653632001e-20
572.0163698769877 1.4429830269705252e-20
572.1153485148515 1.442771461580302e-20
572.2143271527153 1.4425599574351253e-20
572.3133057905791 1.4423485145088057e-20
572.4122844284428 1.4421371327751676e-20
572.5112630663066 1.4419258122080508e-20
572.6102417041704 1.4417145527813068e-20
572.7092203420342 1.4415033544688062e-20
572.808198979898 1.4412922172444315e-20
572.9071776177618 1.441081141082079e-20
573.0061562556256 1.4408701259556627e-20
573.1051348934893 1.4406591718391084e-20
573.2041135313532 1.440448278706357e-20
573.3030921692169 1.4402374465313653e-20
573.4020708070807 1.440026675288104e-20
573.5010494449446 1.4398159649505564e-20
573.6000280828083 1.4396053154927238e-20
573.6990067206721 1.4393947268886192e-20
573.7979853585358 1.439184199112272e-20
573.8969639963997 1.4389737321377258e-20
573.9959426342634 1.4387633259390368e-20
574.0949212721272 1.438552980490277e-20
574.193899909991 1.4383426957655348e-20
574.2928785478548 1.4381324717389096e-20
574.3918571857185 1.4379223083845176e-20
574.4908358235824 1.437712205676488e-20
574.5898144614462 1.4375021635889666e-20
574.6887930993099 1.4372921820961113e-20
574.7877717371737 1.437082261172095e-20
574.8867503750375 1.4368724007911065e-20
574.9857290129013 1.4366626009273462e-20
575.084707650765 1.4364528615550323e-20
575.1836862886289 1.4362431826483946e-20
575.2826649264927 1.4360335641816783e-20
575.3816435643564 1.4358240061291434e-20
575.4806222022203 1.4356145084650636e-20
575.579600840084 1.4354050711637272e-20
575.6785794779478 1.4351956941994368e-20
575.7775581158115 1.434986377546509e-20
575.8765367536754 1.4347771211792754e-20
575.9755153915391 1.434567925072082e-20
576.0744940294029 1.434358789199287e-20
576.1734726672668 1.4341497135352654e-20
576.2724513051305 1.4339406980544062e-20
576.3714299429943 1.433731742731111e-20
576.4704085808581 1.4335228475397977e-20
576.5693872187219 1.4333140124548965e-20
576.6683658565856 1.433105237450853e-20
576.7673444944495 1.432896522502127e-20
576.8663231323133 1.432687867583192e-20
576.965301770177 1.4324792726685368e-20
577.0642804080408 1.432270737732663e-20
577.1632590459046 1.432062262750086e-20
577.2622376837684 1.4318538476953384e-20
577.3612163216321 1.4316454925429628e-20
577.460194959496 1.4314371972675203e-20
577.5591735973597 1.431228961843582e-20
577.6581522352235 1.4310207862457362e-20
577.7571308730874 1.430812670448584e-20
577.8561095109511 1.4306046144267403e-20
577.9550881488149 1.4303966181548352e-20
578.0540667866786 1.4301886816075123e-20
578.1530454245425 1.429980804759429e-20
578.2520240624062 1.429772987585257e-20
578.35100270027 1.429565230059682e-20
578.4499813381339 1.4293575321574052e-20
578.5489599759976 1.4291498938531396e-20
578.6479386138614 1.428942315121613e-20
578.7469172517252 1.428734795937568e-20
578.845895889589 1.42852733627576e-20
578.9448745274527 1.4283199361109603e-20
579.0438531653166 1.4281125954179517e-20
579.1428318031803 1.4279053141715328e-20
579.2418104410441 1.4276980923465154e-20
579.3407890789078 1.4274909299177267e-20
579.4397677167717 1.427283826860005e-20
579.5387463546355 1.4270767831482056e-20
579.6377249924992 1.4268697987571964e-20
579.7367036303631 1.426662873661858e-20
579.8356822682268 1.426456007837087e-20
579.9346609060906 1.4262492012577935e-20
580.0336395439545 1.4260424538989008e-20
580.1326181818182 1.425835765735346e-20
580.231596819682 1.425629136742081e-20
580.3305754575457 1.4254225668940706e-20
580.4295540954096 1.425216056166294e-20
580.5285327332733 1.4250096045337448e-20
580.6275113711371 1.4248032119714305e-20
580.7264900090009 1.424596878454369e-20
580.8254686468647 1.4243906039575978e-20
580.9244472847284 1.424184388456164e-20
581.0234259225923 1.4239782319251298e-20
581.1224045604561 1.4237721343395713e-20
581.2213831983198 1.4235660956745787e-20
581.3203618361837 1.423360115905255e-20
581.4193404740474 1.4231541950067175e-20
581.5183191119112 1.4229483329540974e-20
581.6172977497749 1.4227425297225405e-20
581.7162763876388 1.4225367852872045e-20
581.8152550255026 1.4223310996232617e-20
581.9142336633663 1.4221254727058982e-20
582.0132123012302 1.4219199045103143e-20
582.1121909390939 1.4217143950117236e-20
582.2111695769577 1.4215089441853528e-20
582.3101482148215 1.4213035520064432e-20
582.4091268526853 1.4210982184502497e-20
582.508105490549 1.4208929434920394e-20
582.6070841284128 1.4206877271070958e-20
582.7060627662767 1.420482569270713e-20
582.8050414041404 1.4202774699582018e-20
582.9040200420042 1.4200724291448847e-20
583.002998679868 1.4198674468060976e-20
583.1019773177318 1.4196625229171903e-20
583.2009559555955 1.4194576574535284e-20
583.2999345934594 1.419252850390487e-20
583.3989132313231 1.4190481017034588e-20
583.4978918691869 1.4188434113678478e-20
583.5968705070508 1.418638779359072e-20
583.6958491449145 1.4184342056525628e-20
583.7948277827783 1.4182296902237665e-20
583.893806420642 1.4180252330481414e-20
583.9927850585059 1.417820834101159e-20
584.0917636963696 1.417616493358305e-20
584.1907423342334 1.4174122107950814e-20
584.2897209720973 1.4172079863869976e-20
584.388699609961 1.4170038201095826e-20
584.4876782478248 1.416799711938375e-20
584.5866568856886 1.4165956618489282e-20
584.6856355235524 1.4163916698168098e-20
584.7846141614161 1.4161877358175997e-20
584.8835927992799 1.4159838598268916e-20
584.9825714371437 1.415780041820292e-20
585.0815500750075 1.4155762817734236e-20
585.1805287128713 1.415372579661918e-20
585.2795073507351 1.4151689354614237e-20
585.3784859885989 1.4149653491476027e-20
585.4774646264626 1.4147618206961283e-20
585.5764432643265 1.414558350082687e-20
585.6754219021902 1.4143549372829828e-20
585.774400540054 1.4141515822727272e-20
585.8733791779177 1.41394828502765e-20
585.9723578157816 1.4137450455234906e-20
586.0713364536454 1.413541863736006e-20
586.1703150915091 1.4133387396409625e-20
586.269293729373 1.4131356732141406e-20
586.3682723672367 1.4129326644313364e-20
586.4672510051005 1.4127297132683568e-20
586.5662296429643 1.4125268197010233e-20
586.6652082808281 1.41232398370517e-20
586.7641869186918 1.412121205256645e-20
586.8631655565557 1.411918484331309e-20
586.9621441944195 1.411715820905036e-20
587.0611228322832 1.4115132149537152e-20
587.160101470147 1.4113106664532444e-20
587.2590801080108 1.41110817537954e-20
587.3580587458746 1.4109057417085283e-20
587.4570373837383 1.4107033654161502e-20
587.5560160216022 1.4105010464783587e-20
587.654994659466 1.4102987848711207e-20
587.7539732973297 1.4100965805704172e-20
587.8529519351936 1.4098944335522403e-20
587.9519305730573 1.409692343792598e-20
588.0509092109211 1.4094903112675082e-20
588.1498878487848 1.409288335953005e-20
588.2488664866487 1.409086417825133e-20
588.3478451245124 1.408884556859952e-20
588.4468237623762 1.4086827530335346e-20
588.5458024002401 1.4084810063219652e-20
588.6447810381038 1.4082793167013432e-20
588.7437596759676 1.4080776841477792e-20
588.8427383138314 1.4078761086373987e-20
588.9417169516952 1.407674590146339e-20
589.0406955895589 1.4074731286507507e-20
589.1396742274228 1.4072717241267974e-20
589.2386528652866 1.4070703765506574e-20
589.3376315031503 1.40686908589852e-20
589.4366101410141 1.4066678521465883e-20
589.5355887788779 1.4064666752710772e-20
589.6345674167417 1.4062655552482175e-20
589.7335460546054 1.4060644920542502e-20
589.8325246924693 1.405863485665431e-20
589.931503330333 1.4056625360580285e-20
590.0304819681968 1.405461643208323e-20
590.1294606060607 1.4052608070926084e-20
590.2284392439244 1.4050600276871933e-20
590.3274178817882 1.4048593049683956e-20
590.4263965196519 1.4046586389125507e-20
590.5253751575158 1.4044580294960028e-20
590.6243537953795 1.404257476695112e-20
590.7233324332433 1.404056980486249e-20
590.8223110711072 1.4038565408457997e-20
590.9212897089709 1.4036561577501608e-20
591.0202683468347 1.4034558311757438e-20
591.1192469846985 1.4032555610989716e-20
591.2182256225623 1.4030553474962802e-20
591.317204260426 1.40285519034412e-20
591.4161828982899 1.4026550896189527e-20
591.5151615361536 1.4024550452972528e-20
591.6141401740174 1.4022550573555088e-20
591.7131188118811 1.4020551257702214e-20
591.812097449745 1.4018552505179035e-20
591.9110760876088 1.401655431575082e-20
592.0100547254725 1.4014556689182966e-20
592.1090333633364 1.401255962524098e-20
592.2080120012001 1.401056312369052e-20
592.3069906390639 1.4008567184297364e-20
592.4059692769277 1.4006571806827396e-20
592.5049479147915 1.4004576991046678e-20
592.6039265526553 1.4002582736721357e-20
592.702905190519 1.400058904361771e-20
592.8018838283829 1.3998595911502153e-20
592.9008624662466 1.399660334014125e-20
592.9998411041104 1.3994611329301643e-20
593.0988197419742 1.399261987875014e-20
593.197798379838 1.3990628988253665e-20
593.2967770177017 1.3988638657579275e-20
593.3957556555656 1.398664888649414e-20
593.4947342934294 1.3984659674765567e-20
593.5937129312931 1.3982671022160986e-20
593.692691569157 1.398068292844796e-20
593.7916702070207 1.397869539339417e-20
593.8906488448845 1.3976708416767427e-20
593.9896274827482 1.3974721998335675e-20
594.0886061206121 1.3972736137866968e-20
594.1875847584759 1.3970750835129514e-20
594.2865633963396 1.3968766089891618e-20
594.3855420342035 1.396678190192172e-20
594.4845206720672 1.3964798270988393e-20
594.583499309931 1.396281519686035e-20
594.6824779477948 1.396083267930638e-20
594.7814565856586 1.395885071809546e-20
594.8804352235223 1.3956869312996646e-20
594.9794138613861 1.3954888463779142e-20
595.07839249925 1.395290817021227e-20
595.1773711371137 1.395092843206548e-20
595.2763497749775 1.394894924910835e-20
595.3753284128413 1.3946970621110586e-20
595.4743070507051 1.3944992547842e-20
595.5732856885688 1.3943015029072554e-20
595.6722643264327 1.394103806457231e-20
595.7712429642964 1.393906165411149e-20
595.8702216021602 1.3937085797460406e-20
595.9692002400241 1.3935110494389516e-20
596.0681788778878 1.3933135744669387e-20
596.1671575157516 1.3931161548070725e-20
596.2661361536153 1.3929187904364355e-20
596.3651147914792 1.392721481332122e-20
596.4640934293429 1.3925242274712398e-20
596.5630720672067 1.392327028830909e-20
596.6620507050706 1.392129885388262e-20
596.7610293429343 1.3919327971204424e-20
596.8600079807981 1.391735764004608e-20
596.9589866186619 1.3915387860179288e-20
597.0579652565257 1.3913418631375856e-20
597.1569438943894 1.391144995340773e-20
597.2559225322532 1.3909481826046972e-20
597.354901170117 1.3907514249065778e-20
597.4538798079808 1.3905547222236465e-20
597.5528584458445 1.3903580745331457e-20
597.6518370837084 1.3901614818123326e-20
597.7508157215722 1.3899649440384746e-20
597.8497943594359 1.3897684611888532e-20
597.9487729972998 1.3895720332407613e-20
598.0477516351635 1.389375660171504e-20
598.1467302730273 1.389179341958399e-20
598.245708910891 1.388983078578776e-20
598.3446875487549 1.3887868700099774e-20
598.4436661866187 1.388590716229358e-20
598.5426448244824 1.3883946172142833e-20
598.6416234623463 1.3881985729421338e-20
598.74060210021 1.3880025833903003e-20
598.8395807380738 1.387806648536186e-20
598.9385593759376 1.3876107683572065e-20
599.0375380138014 1.3874149428307907e-20
599.1365166516651 1.387219171934378e-20
599.235495289529 1.3870234556454205e-20
599.3344739273928 1.3868277939413842e-20
599.4334525652565 1.3866321867997443e-20
599.5324312031203 1.3864366341979906e-20
599.6314098409841 1.3862411361136237e-20
599.7303884788479 1.3860456925241584e-20
599.8293671167116 1.3858503034071187e-20
599.9283457545755 1.385654968740043e-20
600.0273243924393 1.3854596885004805e-20
600.126303030303 1.3852644626659946e-20
600.2252816681669 1.3850692912141568e-20
600.3242603060306 1.384874174122556e-20
600.4232389438944 1.384679111368789e-20
600.5222175817581 1.3844841029304665e-20
600.621196219622 1.3842891487852107e-20
600.7201748574857 1.3840942489106574e-20
600.8191534953495 1.3838994032844526e-20
600.9181321332134 1.3837046118842544e-20
601.0171107710771 1.3835098746877352e-20
601.1160894089409 1.3833151916725765e-20
601.2150680468047 1.383120562816473e-20
601.3140466846685 1.3829259880971338e-20
601.4130253225322 1.3827314674922763e-20
601.5120039603961 1.3825370009796316e-20
601.6109825982599 1.3823425885369438e-20
601.7099612361236 1.3821482301419662e-20
601.8089398739874 1.381953925772467e-20
601.9079185118512 1.3817596754062262e-20
602.006897149715 1.3815654790210338e-20
602.1058757875787 1.3813713365946932e-20
602.2048544254426 1.3811772481050185e-20
602.3038330633063 1.3809832135298378e-20
602.4028117011701 1.38078923284699e-20
602.501790339034 1.3805953060343256e-20
602.6007689768977 1.380401433069708e-20
602.6997476147615 1.380207613931011e-20
602.7987262526252 1.380013848596123e-20
602.8977048904891 1.37982013704294e-20
602.9966835283528 1.3796264792493755e-20
603.0956621662166 1.37943287519335e-20
603.1946408040804 1.3792393248527983e-20
603.2936194419442 1.379045828205666e-20
603.392598079808 1.378852385229914e-20
603.4915767176718 1.378658995903508e-20
603.5905553555356 1.3784656602044326e-20
603.6895339933993 1.378272378110681e-20
603.7885126312632 1.3780791496002588e-20
603.8874912691269 1.377885974651183e-20
603.9864699069907 1.3776928532414825e-20
604.0854485448544 1.377499785349199e-20
604.1844271827183 1.3773067709523852e-20
604.2834058205821 1.3771138100291054e-20
604.3823844584458 1.3769209025574368e-20
604.4813630963097 1.3767280485154662e-20
604.5803417341734 1.3765352478812958e-20
604.6793203720372 1.3763425006330356e-20
604.778299009901 1.3761498067488094e-20
604.8772776477648 1.3759571662067525e-20
604.9762562856286 1.375764578985013e-20
605.0752349234923 1.3755720450617485e-20
605.1742135613562 1.3753795644151307e-20
605.2731921992199 1.3751871370233407e-20
605.3721708370837 1.374994762864573e-20
605.4711494749475 1.3748024419170333e-20
605.5701281128113 1.3746101741589397e-20
605.669106750675 1.3744179595685205e-20
605.7680853885389 1.3742257981240174e-20
605.8670640264027 1.3740336898036815e-20
605.9660426642664 1.3738416345857774e-20
606.0650213021303 1.373649632448582e-20
606.163999939994 1.3734576833703817e-20
606.2629785778578 1.3732657873294764e-20
606.3619572157215 1.373073944304177e-20
606.4609358535854 1.3728821542728048e-20
606.5599144914491 1.3726904172136952e-20
606.6588931293129 1.3724987331051928e-20
606.7578717671768 1.3723071019256557e-20
606.8568504050405 1.372115523653452e-20
606.9558290429043 1.3719239982669642e-20
607.0548076807681 1.3717325257445823e-20
607.1537863186319 1.37154110606471e-20
607.2527649564956 1.3713497392057637e-20
607.3517435943594 1.3711584251461703e-20
607.4507222322233 1.3709671638643672e-20
607.549700870087 1.3707759553388048e-20
607.6486795079508 1.3705847995479447e-20
607.7476581458146 1.3703936964702603e-20
607.8466367836784 1.3702026460842352e-20
607.9456154215421 1.370011648368367e-20
608.044594059406 1.3698207033011615e-20
608.1435726972697 1.3696298108611393e-20
608.2425513351335 1.3694389710268298e-20
608.3415299729973 1.3692481837767762e-20
608.4405086108611 1.369057449089531e-20
608.5394872487249 1.368866766943661e-20
608.6384658865886 1.3686761373177404e-20
608.7374445244525 1.3684855601903593e-20
608.8364231623162 1.3682950355401158e-20
608.93540180018 1.368104563345622e-20
609.0343804380439 1.3679141435854995e-20
609.1333590759076 1.3677237762383814e-20
609.2323377137714 1.3675334612829147e-20
609.3313163516352 1.3673431986977543e-20
609.430294989499 1.3671529884615693e-20
609.5292736273627 1.366962830553039e-20
609.6282522652265 1.3667727249508536e-20
609.7272309030903 1.3665826716337162e-20
609.8262095409541 1.3663926705803396e-20
609.9251881788178 1.3662027217694498e-20
610.0241668166817 1.3660128251797818e-20
610.1231454545455 1.3658229807900844e-20
610.2221240924092 1.3656331885791157e-20
610.3211027302731 1.3654434485256472e-20
610.4200813681368 1.3652537606084604e-20
610.5190600060006 1.3650641248063478e-20
610.6180386438643 1.3648745410981143e-20
610.7170172817282 1.3646850094625754e-20
610.815995919592 1.3644955298785574e-20
610.9149745574557 1.3643061023248997e-20
611.0139531953196 1.3641167267804515e-20
611.1129318331833 1.3639274032240735e-20
611.2119104710471 1.363738131634638e-20
611.3108891089109 1.3635489119910283e-20
611.4098677467747 1.3633597442721396e-20
611.5088463846384 1.3631706284568782e-20
611.6078250225023 1.362981564524159e-20
611.7068036603661 1.3627925524529126e-20
611.8057822982298 1.3626035922220787e-20
611.9047609360936 1.3624146838106068e-20
612.0037395739574 1.3622258271974596e-20
612.1027182118212 1.362037022361611e-20
612.2016968496849 1.3618482692820448e-20
612.3006754875488 1.3616595679377573e-20
612.3996541254126 1.3614709183077552e-20
612.4986327632763 1.361282320371056e-20
612.5976114011402 1.3610937741066896e-20
612.6965900390039 1.360905279493696e-20
612.7955686768677 1.3607168365111276e-20
612.8945473147314 1.3605284451380466e-20
612.9935259525953 1.3603401053535267e-20
613.092504590459 1.360151817136653e-20
613.1914832283228 1.3599635804665223e-20
613.2904618661867 1.3597753953222406e-20
613.3894405040504 1.3595872616829274e-20
613.4884191419142 1.3593991795277117e-20
613.587397779778 1.3592111488357342e-20
613.6863764176418 1.359023169586146e-20
613.7853550555055 1.358835241758111e-20
613.8843336933694 1.358647365330803e-20
613.9833123312332 1.3584595402834066e-20
614.0822909690969 1.3582717665951173e-20
614.1812696069607 1.3580840442451427e-20
614.2802482448245 1.3578963732127002e-20
614.3792268826883 1.3577087534770193e-20
614.478205520552 1.3575211850173412e-20
614.5771841584159 1.357333667812916e-20
614.6761627962796 1.3571462018430062e-20
614.7751414341434 1.356958787086885e-20
614.8741200720073 1.3567714235238368e-20
614.973098709871 1.3565841111331565e-20
615.0720773477348 1.356396849894151e-20
615.1710559855985 1.356209639786137e-20
615.2700346234624 1.3560224807884432e-20
615.3690132613261 1.3558353728804086e-20
615.4679918991899 1.355648316041383e-20
615.5669705370537 1.355461310250727e-20
615.6659491749175 1.3552743554878138e-20
615.7649278127813 1.3550874517320269e-20
615.8639064506451 1.354900598962759e-20
615.9628850885089 1.3547137971594153e-20
616.0618637263726 1.3545270463014115e-20
616.1608423642365 1.3543403463681736e-20
616.2598210021002 1.3541536973391418e-20
616.358799639964 1.3539670991937617e-20
616.4577782778277 1.3537805519114943e-20
616.5567569156916 1.3535940554718092e-20
616.6557355535554 1.3534076098541882e-20
616.7547141914191 1.3532212150381226e-20
616.853692829283 1.353034871003116e-20
616.9526714671467 1.3528485777286814e-20
617.0516501050105 1.3526623351943443e-20
617.1506287428743 1.3524761433796397e-20
617.2496073807381 1.3522900022641138e-20
617.3485860186018 1.3521039118273245e-20
617.4475646564656 1.351917872048839e-20
617.5465432943295 1.3517318829082358e-20
617.6455219321932 1.3515459443851051e-20
617.744500570057 1.3513600564590464e-20
617.8434792079208 1.3511742191096727e-20
617.9424578457846 1.3509884323166044e-20
618.0414364836483 1.3508026960594747e-20
618.1404151215122 1.3506170103179269e-20
618.239393759376 1.3504313750716157e-20
618.3383723972397 1.3502457903002058e-20
618.4373510351036 1.3500602559833735e-20
618.5363296729673 1.3498747721008046e-20
618.6353083108311 1.3496893386321964e-20
618.7342869486948 1.3495039555572586e-20
618.8332655865587 1.3493186228557073e-20
618.9322442244224 1.3491333405072736e-20
619.0312228622862 1.348948108491698e-20
619.1302015001501 1.3487629267887296e-20
619.2291801380138 1.3485777953781314e-20
619.3281587758776 1.3483927142396762e-20
619.4271374137414 1.3482076833531453e-20
619.5261160516052 1.3480227026983335e-20
619.6250946894689 1.347837772255044e-20
619.7240733273327 1.3476528920030933e-20
619.8230519651966 1.3474680619223056e-20
619.9220306030603 1.3472832819925182e-20
620.0210092409241 1.3470985521935774e-20
620.1199878787879 1.3469138725053406e-20
620.2189665166517 1.3467292429076764e-20
620.3179451545154 1.3465446633804637e-20
620.4169237923793 1.3463601339035907e-20
620.515902430243 1.3461756544569594e-20
620.6148810681068 1.3459912250204784e-20
620.7138597059705 1.3458068455740706e-20
620.8128383438344 1.3456225160976664e-20
620.9118169816982 1.3454382365712094e-20
621.0107956195619 1.3452540069746518e-20
621.1097742574258 1.3450698272879564e-20
621.2087528952895 1.344885697491099e-20
621.3077315331533 1.3447016175640631e-20
621.4067101710172 1.3445175874868439e-20
621.5056888088809 1.3443336072394473e-20
621.6046674467447 1.3441496768018893e-20
621.7036460846085 1.3439657961541972e-20
621.8026247224723 1.343781965276408e-20
621.901603360336 1.3435981841485691e-20
622.0005819981998 1.3434144527507393e-20
622.0995606360636 1.3432307710629876e-20
622.1985392739274 1.3430471390653922e-20
622.2975179117911 1.3428635567380445e-20
622.396496549655 1.3426800240610428e-20
622.4954751875188 1.3424965410144999e-20
622.5944538253825 1.3423131075785353e-20
622.6934324632464 1.3421297237332812e-20
622.7924111011101 1.3419463894588801e-20
622.8913897389739 1.3417631047354843e-20
622.9903683768376 1.341579869543257e-20
623.0893470147015 1.341396683862371e-20
623.1883256525653 1.3412135476730105e-20
623.287304290429 1.3410304609553697e-20
623.3862829282929 1.3408474236896524e-20
623.4852615661566 1.3406644358560755e-20
623.5842402040204 1.3404814974348632e-20
623.6832188418842 1.3402986084062511e-20
623.782197479748 1.3401157687504865e-20
623.8811761176117 1.3399329784478252e-20
623.9801547554756 1.3397502374785346e-20
624.0791333933394 1.3395675458228922e-20
624.1781120312031 1.3393849034611852e-20
624.2770906690669 1.3392023103737114e-20
624.3760693069307 1.3390197665407799e-20
624.4750479447945 1.3388372719427093e-20
624.5740265826582 1.3386548265598279e-20
624.6730052205221 1.338472430372476e-20
624.7719838583859 1.3382900833610034e-20
624.8709624962496 1.3381077855057693e-20
624.9699411341135 1.3379255367871443e-20
625.0689197719772 1.3377433371855094e-20
625.167898409841 1.3375611866812555e-20
625.2668770477047 1.3373790852547829e-20
625.3658556855686 1.3371970328865043e-20
625.4648343234323 1.3370150295568402e-20
625.5638129612961 1.3368330752462236e-20
625.66279159916 1.3366511699350964e-20
625.7617702370237 1.3364693136039111e-20
625.8607488748875 1.3362875062331301e-20
625.9597275127513 1.3361057478032271e-20
626.0587061506151 1.3359240382946846e-20
626.1576847884788 1.3357423776879966e-20
626.2566634263427 1.3355607659636661e-20
626.3556420642064 1.3353792031022081e-20
626.4546207020702 1.3351976890841455e-20
626.553599339934 1.3350162238900132e-20
626.6525779777978 1.3348348075003557e-20
626.7515566156616 1.3346534398957272e-20
626.8505352535253 1.334472121056693e-20
626.9495138913892 1.3342908509638276e-20
627.0484925292529 1.3341096295977167e-20
627.1474711671167 1.3339284569389556e-20
627.2464498049806 1.3337473329681489e-20
627.3454284428443 1.3335662576659136e-20
627.4444070807081 1.3333852310128745e-20
627.5433857185718 1.3332042529896674e-20
627.6423643564357 1.333023323576939e-20
627.7413429942994 1.3328424427553454e-20
627.8403216321632 1.332661610505552e-20
627.939300270027 1.3324808268082357e-20
628.0382789078908 1.3323000916440835e-20
628.1372575457546 1.3321194049937911e-20
628.2362361836184 1.3319387668380657e-20
628.3352148214822 1.3317581771576235e-20
628.4341934593459 1.3315776359331919e-20
628.5331720972098 1.3313971431455071e-20
628.6321507350735 1.3312166987753165e-20
628.7311293729373 1.3310363028033774e-20
628.830108010801 1.330855955210456e-20
628.9290866486649 1.33067565597733e-20
629.0280652865287 1.3304954050847861e-20
629.1270439243924 1.3303152025136218e-20
629.2260225622563 1.3301350482446439e-20
629.32500120012 1.3299549422586701e-20
629.4239798379838 1.3297748845365266e-20
629.5229584758476 1.3295948750590518e-20
629.6219371137114 1.3294149138070923e-20
629.7209157515751 1.329235000761505e-20
629.8198943894389 1.3290551359031572e-20
629.9188730273028 1.3288753192129265e-20
630.0178516651665 1.3286955506716998e-20
630.1168303030303 1.3285158302603741e-20
630.2158089408941 1.328336157959856e-20
630.3147875787579 1.3281565337510636e-20
630.4137662166216 1.3279769576149222e-20
630.5127448544855 1.3277974295323704e-20
630.6117234923493 1.327617949484354e-20
630.710702130213 1.3274385174518298e-20
630.8096807680768 1.3272591334157649e-20
630.9086594059406 1.3270797973571351e-20
631.0076380438044 1.3269005092569278e-20
631.1066166816681 1.3267212690961386e-20
631.205595319532 1.3265420768557742e-20
631.3045739573957 1.3263629325168508e-20
631.4035525952595 1.3261838360603943e-20
631.5025312331234 1.3260047874674404e-20
631.6015098709871 1.3258257867190351e-20
631.7004885088509 1.3256468337962345e-20
631.7994671467147 1.325467928680103e-20
631.8984457845785 1.3252890713517173e-20
631.9974244224422 1.325110261792162e-20
632.096403060306 1.3249314999825316e-20
632.1953816981699 1.3247527859039313e-20
632.2943603360336 1.3245741195374764e-20
632.3933389738974 1.3243955008642912e-20
632.4923176117612 1.3242169298655093e-20
632.591296249625 1.3240384065222758e-20
632.6902748874887 1.3238599308157434e-20
632.7892535253526 1.3236815027270776e-20
632.8882321632163 1.3235031222374505e-20
632.9872108010801 1.3233247893280463e-20
633.0861894389438 1.3231465039800576e-20
633.1851680768077 1.322968266174687e-20
633.2841467146715 1.3227900758931478e-20
633.3831253525352 1.322611933116662e-20
633.4821039903991 1.3224338378264611e-20
633.5810826282628 1.3222557900037884e-20
633.6800612661266 1.3220777896298941e-20
633.7790399039905 1.3218998366860406e-20
633.8780185418542 1.3217219311534985e-20
633.976997179718 1.3215440730135488e-20
634.0759758175818 1.321366262247481e-20
634.1749544554456 1.3211884988365966e-20
634.2739330933093 1.3210107827622054e-20
634.3729117311731 1.3208331140056263e-20
634.4718903690369 1.3206554925481892e-20
634.5708690069007 1.3204779183712327e-20
634.6698476447644 1.3203003914561054e-20
634.7688262826283 1.3201229117841658e-20
634.8678049204921 1.3199454793367818e-20
634.9667835583558 1.3197680940953315e-20
635.0657621962197 1.3195907560412017e-20
635.1647408340834 1.319413465155789e-20
635.2637194719472 1.3192362214205008e-20
635.3626981098109 1.3190590248167533e-20
635.4616767476748 1.3188818753259712e-20
635.5606553855386 1.3187047729295913e-20
635.6596340234023 1.3185277176090578e-20
635.7586126612662 1.318350709345826e-20
635.8575912991299 1.31817374812136e-20
635.9565699369937 1.3179968339171335e-20
636.0555485748575 1.3178199667146297e-20
636.1545272127213 1.317643146495343e-20
636.253505850585 1.3174663732407745e-20
636.3524844884489 1.3172896469324366e-20
636.4514631263127 1.3171129675518517e-20
636.5504417641764 1.3169363350805514e-20
636.6494204020402 1.3167597495000758e-20
636.748399039904 1.3165832107919752e-20
636.8473776777678 1.3164067189378107e-20
636.9463563156315 1.3162302739191509e-20
637.0453349534954 1.3160538757175756e-20
637.1443135913592 1.315877524314672e-20
637.2432922292229 1.3157012196920398e-20
637.3422708670868 1.3155249618312852e-20
637.4412495049505 1.3153487507140265e-20
637.5402281428143 1.3151725863218902e-20
637.639206780678 1.3149964686365115e-20
637.7381854185419 1.3148203976395363e-20
637.8371640564056 1.3146443733126201e-20
637.9361426942694 1.3144683956374275e-20
638.0351213321333 1.3142924645956311e-20
638.134099969997 1.3141165801689168e-20
638.2330786078608 1.3139407423389757e-20
638.3320572457246 1.3137649510875108e-20
638.4310358835884 1.313589206396234e-20
638.5300145214521 1.3134135082468665e-20
638.628993159316 1.3132378566211383e-20
638.7279717971797 1.313062251500791e-20
638.8269504350435 1.3128866928675731e-20
638.9259290729073 1.3127111807032436e-20
639.0249077107711 1.3125357149895713e-20
639.1238863486349 1.3123602957083334e-20
639.2228649864986 1.3121849228413181e-20
639.3218436243625 1.3120095963703211e-20
639.4208222622262 1.3118343162771485e-20
639.51980090009 1.3116590825436161e-20
639.6187795379539 1.3114838951515475e-20
639.7177581758176 1.3113087540827782e-20
639.8167368136814 1.3111336593191507e-20
639.9157154515451 1.3109586108425182e-20
640.014694089409 1.310783608634743e-20
640.1136727272727 1.3106086526776959e-20
640.2126513651365 1.3104337429532585e-20
640.3116300030003 1.3102588794433202e-20
640.4106086408641 1.3100840621297813e-20
640.5095872787278 1.3099092909945498e-20
640.6085659165917 1.3097345660195449e-20
640.7075445544555 1.3095598871866932e-20
640.8065231923192 1.3093852544779317e-20
640.905501830183 1.3092106678752063e-20
641.0044804680468 1.3090361273604721e-20
641.1034591059106 1.3088616329156943e-20
641.2024377437743 1.308687184522847e-20
641.3014163816382 1.3085127821639122e-20
641.400395019502 1.3083384258208832e-20
641.4993736573657 1.3081641154757616e-20
641.5983522952296 1.307989851110558e-20
641.6973309330933 1.307815632707293e-20
641.7963095709571 1.3076414602479958e-20
641.895288208821 1.3074673337147058e-20
641.9942668466847 1.3072932530894696e-20
642.0932454845484 1.3071192183543454e-20
642.1922241224122 1.3069452294913994e-20
642.2912027602761 1.306771286482707e-20
642.3901813981398 1.3065973893103526e-20
642.4891600360036 1.3064235379564312e-20
642.5881386738674 1.3062497324030446e-20
642.6871173117312 1.3060759726323065e-20
642.7860959495949 1.3059022586263378e-20
642.8850745874588 1.305728590367269e-20
642.9840532253226 1.3055549678372413e-20
643.0830318631863 1.3053813910184018e-20
643.1820105010501 1.3052078598929109e-20
643.2809891389139 1.3050343744429343e-20
643.3799677767777 1.3048609346506494e-20
643.4789464146414 1.3046875404982416e-20
643.5779250525053 1.3045141919679061e-20
643.676903690369 1.3043408890418465e-20
643.7758823282328 1.3041676317022767e-20
643.8748609660967 1.3039944199314173e-20
643.9738396039604 1.3038212537115012e-20
644.0728182418242 1.3036481330247686e-20
644.171796879688 1.303475057853468e-20
644.2707755175518 1.3033020281798592e-20
644.3697541554155 1.3031290439862097e-20
644.4687327932793 1.3029561052547968e-20
644.5677114311432 1.3027832119679052e-20
644.6666900690069 1.3026103641078312e-20
644.7656687068707 1.3024375616568776e-20
644.8646473447345 1.3022648045973584e-20
644.9636259825983 1.3020920929115958e-20
645.062604620462 1.301919426581921e-20
645.1615832583259 1.301746805590674e-20
645.2605618961896 1.3015742299202043e-20
645.3595405340534 1.3014016995528701e-20
645.4585191719171 1.3012292144710394e-20
645.557497809781 1.301056774657088e-20
645.6564764476448 1.3008843800934018e-20
645.7554550855085 1.300712030762375e-20
645.8544337233724 1.3005397266464113e-20
645.9534123612361 1.3003674677279232e-20
646.0523909990999 1.3001952539893318e-20
646.1513696369638 1.3000230854130676e-20
646.2503482748275 1.2998509619815703e-20
646.3493269126913 1.2996788836772892e-20
646.4483055505551 1.2995068504826804e-20
646.5472841884189 1.2993348623802101e-20
646.6462628262826 1.2991629193523546e-20
646.7452414641464 1.2989910213815985e-20
646.8442201020102 1.2988191684504335e-20
646.943198739874 1.2986473605413636e-20
647.0421773777377 1.298475597636898e-20
647.1411560156016 1.2983038797195585e-20
647.2401346534654 1.2981322067718735e-20
647.3391132913291 1.2979605787763808e-20
647.438091929193 1.297788995715627e-20
647.5370705670567 1.297617457572168e-20
647.6360492049205 1.2974459643285693e-20
647.7350278427842 1.2972745159674032e-20
647.8340064806481 1.297103112471253e-20
647.9329851185119 1.2969317538227104e-20
648.0319637563756 1.2967604400043742e-20
648.1309423942395 1.2965891709988548e-20
648.2299210321032 1.2964179467887695e-20
648.328899669967 1.2962467673567462e-20
648.4278783078308 1.2960756326854186e-20
648.5268569456946 1.295904542757433e-20
648.6258355835583 1.2957334975554426e-20
648.7248142214222 1.2955624970621094e-20
648.823792859286 1.2953915412601043e-20
648.9227714971497 1.2952206301321077e-20
649.0217501350135 1.2950497636608082e-20
649.1207287728773 1.294878941828903e-20
649.2197074107411 1.2947081646190994e-20
649.3186860486048 1.2945374320141118e-20
649.4176646864687 1.2943667439966643e-20
649.5166433243324 1.2941961005494909e-20
649.6156219621962 1.2940255016553313e-20
649.7146006000601 1.2938549472969372e-20
649.8135792379238 1.2936844374570681e-20
649.9125578757876 1.293513972118491e-20
650.0115365136513 1.2933435512639829e-20
650.1105151515152 1.2931731748763298e-20
650.2094937893789 1.293002842938326e-20
650.3084724272427 1.2928325554327742e-20
650.4074510651066 1.2926623123424859e-20
650.5064297029703 1.2924921136502823e-20
650.6054083408341 1.2923219593389925e-20
650.7043869786979 1.2921518493914543e-20
650.8033656165617 1.2919817837905149e-20
650.9023442544254 1.2918117625190293e-20
651.0013228922893 1.2916417855598623e-20
651.100301530153 1.2914718528958858e-20
651.1992801680168 1.291301964509983e-20
651.2982588058806 1.2911321203850425e-20
651.3972374437444 1.2909623205039641e-20
651.4962160816082 1.2907925648496555e-20
651.5951947194719 1.290622853405033e-20
651.6941733573358 1.2904531861530222e-20
651.7931519951995 1.2902835630765567e-20
651.8921306330633 1.2901139841585783e-20
651.9911092709272 1.2899444493820386e-20
652.0900879087909 1.2897749587298969e-20
652.1890665466547 1.2896055121851221e-20
652.2880451845184 1.2894361097306914e-20
652.3870238223823 1.2892667513495899e-20
652.486002460246 1.2890974370248123e-20
652.5849810981098 1.2889281667393615e-20
652.6839597359736 1.2887589404762489e-20
652.7829383738374 1.2885897582184954e-20
652.8819170117011 1.2884206199491287e-20
652.980895649565 1.2882515256511873e-20
653.0798742874288 1.2880824753077168e-20
653.1788529252925 1.2879134689017716e-20
653.2778315631563 1.2877445064164153e-20
653.3768102010201 1.28757558783472e-20
653.4757888388839 1.2874067131397653e-20
653.5747674767476 1.2872378823146411e-20
653.6737461146115 1.2870690953424438e-20
653.7727247524753 1.2869003522062808e-20
653.871703390339 1.2867316528892664e-20
653.9706820282029 1.2865629973745233e-20
654.0696606660666 1.2863943856451842e-20
654.1686393039304 1.2862258176843892e-20
654.2676179417942 1.2860572934752862e-20
654.366596579658 1.2858888130010338e-20
654.4655752175217 1.2857203762447975e-20
654.5645538553855 1.2855519831897518e-20
654.6635324932494 1.2853836338190799e-20
654.7625111311131 1.2852153281159733e-20
654.8614897689769 1.2850470660636317e-20
654.9604684068407 1.2848788476452636e-20
655.0594470447045 1.2847106728440869e-20
655.1584256825682 1.2845425416433261e-20
655.2574043204321 1.2843744540262153e-20
655.3563829582959 1.2842064099759984e-20
655.4553615961596 1.2840384094759243e-20
655.5543402340234 1.2838704525092542e-20
655.6533188718872 1.2837025390592545e-20
655.752297509751 1.283534669109203e-20
655.8512761476147 1.2833668426423842e-20
655.9502547854786 1.2831990596420903e-20
656.0492334233423 1.2830313200916237e-20
656.1482120612061 1.2828636239742955e-20
656.24719069907 1.2826959712734226e-20
656.3461693369337 1.2825283619723337e-20
656.4451479747975 1.2823607960543626e-20
656.5441266126613 1.2821932735028548e-20
656.6431052505251 1.2820257943011617e-20
656.7420838883888 1.2818583584326441e-20
656.8410625262526 1.2816909658806714e-20
656.9400411641165 1.2815236166286201e-20
657.0390198019802 1.2813563106598776e-20
657.137998439844 1.2811890479578375e-20
657.2369770777078 1.2810218285059027e-20
657.3359557155716 1.2808546522874838e-20
657.4349343534353 1.2806875192859996e-20
657.5339129912992 1.2805204294848799e-20
657.6328916291629 1.280353382867559e-20
657.7318702670267 1.2801863794174822e-20
657.8308489048904 1.2800194191181025e-20
657.9298275427543 1.2798525019528804e-20
658.0288061806181 1.2796856279052865e-20
658.1277848184818 1.2795187969587982e-20
658.2267634563457 1.279352009096901e-20
658.3257420942094 1.2791852643030903e-20
658.4247207320732 1.2790185625608689e-20
658.523699369937 1.2788519038537479e-20
658.6226780078008 1.2786852881652465e-20
658.7216566456646 1.2785187154788934e-20
658.8206352835284 1.2783521857782235e-20
658.9196139213922 1.2781856990467816e-20
659.0185925592559 1.2780192552681208e-20
659.1175711971197 1.277852854425802e-20
659.2165498349835 1.2776864965033932e-20
659.3155284728473 1.277520181484474e-20
659.414507110711 1.2773539093526292e-20
659.5134857485749 1.2771876800914523e-20
659.6124643864387 1.2770214936845462e-20
659.7114430243024 1.276855350115522e-20
659.8104216621663 1.2766892493679972e-20
659.90940030003 1.2765231914256002e-20
660.0083789378938 1.2763571762719654e-20
660.1073575757575 1.2761912038907365e-20
660.2063362136214 1.2760252742655653e-20
660.3053148514852 1.2758593873801127e-20
660.4042934893489 1.2756935432180457e-20
660.5032721272128 1.2755277417630409e-20
660.6022507650765 1.2753619829987831e-20
660.7012294029403 1.2751962669089656e-20
660.8002080408041 1.2750305934772888e-20
660.8991866786679 1.2748649626874622e-20
660.9981653165316 1.2746993745232035e-20
661.0971439543955 1.2745338289682377e-20
661.1961225922593 1.2743683260062985e-20
661.295101230123 1.2742028656211289e-20
661.3940798679868 1.2740374477964781e-20
661.4930585058506 1.273872072516104e-20
661.5920371437144 1.273706739763774e-20
661.6910157815781 1.2735414495232625e-20
661.789994419442 1.2733762017783518e-20
661.8889730573057 1.2732109965128337e-20
661.9879516951695 1.2730458337105054e-20
662.0869303330334 1.272880713355176e-20
662.1859089708971 1.2727156354306597e-20
662.2848876087609 1.27255059992078e-20
662.3838662466246 1.2723856068093687e-20
662.4828448844885 1.2722206560802656e-20
662.5818235223522 1.2720557477173182e-20
662.680802160216 1.2718908817043818e-20
662.7797807980799 1.2717260580253208e-20
662.8787594359436 1.2715612766640078e-20
662.9777380738074 1.2713965376043217e-20
663.0767167116712 1.2712318408301516e-20
663.175695349535 1.2710671863253938e-20
663.2746739873987 1.270902574073952e-20
663.3736526252625 1.2707380040597395e-20
663.4726312631263 1.2705734762666759e-20
663.5716099009901 1.2704089906786905e-20
663.6705885388538 1.2702445472797188e-20
663.7695671767177 1.2700801460537061e-20
663.8685458145815 1.2699157869846063e-20
663.9675244524452 1.2697514700563779e-20
664.0665030903091 1.2695871952529905e-20
664.1654817281728 1.2694229625584211e-20
664.2644603660366 1.269258771956655e-20
664.3634390039005 1.2690946234316843e-20
664.4624176417642 1.2689305169675096e-20
664.561396279628 1.2687664525481407e-20
664.6603749174917 1.2686024301575933e-20
664.7593535553556 1.2684384497798928e-20
664.8583321932193 1.2682745113990724e-20
664.9573108310831 1.2681106149991727e-20
665.0562894689469 1.2679467605642418e-20
665.1552681068107 1.2677829480783376e-20
665.2542467446744 1.2676191775255237e-20
665.3532253825383 1.2674554488898738e-20
665.4522040204021 1.2672917621554681e-20
665.5511826582658 1.2671281173063955e-20
665.6501612961296 1.2669645143267522e-20
665.7491399339934 1.266800953200643e-20
665.8481185718572 1.2666374339121809e-20
665.9470972097209 1.2664739564454854e-20
666.0460758475848 1.2663105207846854e-20
666.1450544854486 1.2661471269139168e-20
666.2440331233123 1.2659837748173243e-20
666.3430117611762 1.2658204644790595e-20
666.4419903990399 1.265657195883283e-20
666.5409690369037 1.265493969014163e-20
666.6399476747675 1.2653307838558745e-20
666.7389263126313 1.265167640392602e-20
666.837904950495 1.2650045386085365e-20
666.9368835883588 1.2648414784878786e-20
667.0358622262227 1.2646784600148343e-20
667.1348408640864 1.2645154831736203e-20
667.2338195019502 1.2643525479484585e-20
667.332798139814 1.2641896543235809e-20
667.4317767776778 1.2640268022832269e-20
667.5307554155415 1.2638639918116417e-20
667.6297340534054 1.2637012228930812e-20
667.7287126912692 1.2635384955118075e-20
667.8276913291329 1.2633758096520912e-20
667.9266699669967 1.2632131652982107e-20
668.0256486048605 1.2630505624344508e-20
668.1246272427243 1.2628880010451065e-20
668.223605880588 1.2627254811144792e-20
668.3225845184519 1.2625630026268784e-20
668.4215631563156 1.2624005655666215e-20
668.5205417941794 1.2622381699180338e-20
668.6195204320433 1.2620758156654474e-20
668.718499069907 1.2619135027932046e-20
668.8174777077708 1.2617512312856526e-20
668.9164563456346 1.2615890011271484e-20
669.0154349834984 1.2614268123020559e-20
669.1144136213621 1.261264664794747e-20
669.2133922592259 1.2611025585896018e-20
669.3123708970897 1.2609404936710068e-20
669.4113495349535 1.2607784700233585e-20
669.5103281728173 1.2606164876310596e-20
669.6093068106811 1.2604545464785198e-20
669.7082854485449 1.2602926465501594e-20
669.8072640864086 1.2601307878304028e-20
669.9062427242725 1.259968970303686e-20
670.0052213621362 1.2598071939544493e-20
670.1042 1.259645458767143e-20
670.2031786378637 1.2594837647262238e-20
670.3021572757276 1.2593221118161566e-20
670.4011359135914 1.2591605000214147e-20
670.5001145514551 1.2589989293264784e-20
670.599093189319 1.258837399715835e-20
670.6980718271827 1.2586759111739821e-20
670.7970504650465 1.2585144636854216e-20
670.8960291029103 1.2583530572346648e-20
670.9950077407741 1.2581916918062312e-20
671.0939863786379 1.258030367384648e-20
671.1929650165017 1.257869083954448e-20
671.2919436543655 1.2577078415001747e-20
671.3909222922292 1.2575466400063767e-20
671.489900930093 1.2573854794576118e-20
671.5888795679568 1.2572243598384449e-20
671.6878582058206 1.2570632811334487e-20
671.7868368436843 1.2569022433272037e-20
671.8858154815482 1.2567412464042971e-20
671.984794119412 1.2565802903493253e-20
672.0837727572757 1.256419375146892e-20
672.1827513951396 1.2562585007816068e-20
672.2817300330033 1.2560976672380896e-20
672.3807086708671 1.2559368745009648e-20
672.4796873087308 1.2557761225548684e-20
672.5786659465947 1.2556154113844394e-20
672.6776445844584 1.2554547409743293e-20
672.7766232223222 1.2552941113091934e-20
672.8756018601861 1.2551335223736957e-20
672.9745804980498 1.2549729741525081e-20
673.0735591359136 1.2548124666303109e-20
673.1725377737774 1.2546519997917899e-20
673.2715164116412 1.2544915736216414e-20
673.3704950495049 1.2543311881045662e-20
673.4694736873687 1.2541708432252742e-20
673.5684523252326 1.2540105389684827e-20
673.6674309630963 1.253850275318918e-20
673.7664096009601 1.2536900522613107e-20
673.8653882388239 1.2535298697804022e-20
673.9643668766877 1.2533697278609393e-20
674.0633455145514 1.2532096264876774e-20
674.1623241524153 1.2530495656453794e-20
674.261302790279 1.252889545318815e-20
674.3602814281428 1.2527295654927628e-20
674.4592600660067 1.2525696261520073e-20
674.5582387038704 1.2524097272813415e-20
674.6572173417342 1.2522498688655667e-20
674.7561959795979 1.252090050889489e-20
674.8551746174618 1.251930273337925e-20
674.9541532553255 1.2517705361956979e-20
675.0531318931893 1.2516108394476373e-20
675.1521105310532 1.2514511830785807e-20
675.2510891689169 1.2512915670733751e-20
675.3500678067807 1.2511319914168716e-20
675.4490464446445 1.2509724560939322e-20
675.5480250825083 1.2508129610894235e-20
675.647003720372 1.2506535063882217e-20
675.7459823582358 1.2504940919752088e-20
675.8449609960996 1.2503347178352755e-20
675.9439396339634 1.2501753839533197e-20
676.0429182718271 1.2500160903142461e-20
676.141896909691 1.2498568369029674e-20
676.2408755475548 1.2496976237044042e-20
676.3398541854185 1.2495384507034836e-20
676.4388328232824 1.249379317885141e-20
676.5378114611461 1.2492202252343184e-20
676.6367900990099 1.2490611727359664e-20
676.7357687368738 1.2489021603750403e-20
676.8347473747375 1.2487431881365075e-20
676.9337260126013 1.2485842560053379e-20
677.032704650465 1.2484253639665124e-20
677.1316832883289 1.2482665120050172e-20
677.2306619261926 1.248107700105847e-20
677.3296405640564 1.2479489282540035e-20
677.4286192019202 1.247790196434496e-20
677.527597839784 1.2476315046323401e-20
677.6265764776477 1.247472852832561e-20
677.7255551155116 1.247314241020189e-20
677.8245337533754 1.2471556691802638e-20
677.9235123912391 1.2469971372978303e-20
678.0224910291029 1.2468386453579431e-20
678.1214696669667 1.2466801933456616e-20
678.2204483048305 1.2465217812460551e-20
678.3194269426942 1.2463634090441985e-20
678.4184055805581 1.2462050767251752e-20
678.5173842184219 1.2460467842740746e-20
678.6163628562856 1.2458885316759954e-20
678.7153414941495 1.2457303189160405e-20
678.8143201320132 1.2455721459793242e-20
678.913298769877 1.2454140128509654e-20
679.0122774077408 1.24525591951609e-20
679.1112560456046 1.2450978659598333e-20
679.2102346834683 1.2449398521673367e-20
679.3092133213321 1.2447818781237486e-20
679.408191959196 1.2446239438142247e-20
679.5071705970597 1.2444660492239296e-20
679.6061492349235 1.2443081943380327e-20
679.7051278727873 1.2441503791417129e-20
679.8041065106511 1.2439926036201554e-20
679.9030851485148 1.243834867758553e-20
680.0020637863787 1.2436771715421042e-20
680.1010424242425 1.2435195149560178e-20
680.2000210621062 1.2433618979855075e-20
680.29899969997 1.2432043206157947e-20
680.3979783378338 1.2430467828321087e-20
680.4969569756976 1.2428892846196858e-20
680.5959356135613 1.2427318259637692e-20
680.6949142514252 1.2425744068496093e-20
680.7938928892889 1.2424170272624643e-20
680.8928715271527 1.2422596871876002e-20
680.9918501650166 1.2421023866102878e-20
681.0908288028803 1.2419451255158081e-20
681.1898074407441 1.2417879038894473e-20
681.2887860786079 1.2416307217164993e-20
681.3877647164717 1.2414735789822667e-20
681.4867433543354 1.2413164756720565e-20
681.5857219921992 1.241159411771185e-20
681.684700630063 1.2410023872649755e-20
681.7836792679268 1.240845402138758e-20
681.8826579057906 1.240688456377869e-20
681.9816365436544 1.2405315499676539e-20
682.0806151815182 1.2403746828934645e-20
682.1795938193819 1.240217855140659e-20
682.2785724572458 1.2400610666946036e-20
682.3775510951095 1.2399043175406723e-20
682.4765297329733 1.2397476076642456e-20
682.575508370837 1.23959093705071e-20
682.6744870087009 1.2394343056854608e-20
682.7734656465647 1.2392777135539e-20
682.8724442844284 1.2391211606414366e-20
682.9714229222923 1.2389646469334865e-20
683.070401560156 1.2388081724154735e-20
683.1693801980198 1.2386517370728282e-20
683.2683588358836 1.2384953408909877e-20
683.3673374737474 1.2383389838553974e-20
683.4663161116111 1.2381826659515083e-20
683.565294749475 1.2380263871647804e-20
683.6642733873388 1.2378701474806792e-20
683.7632520252025 1.2377139468846788e-20
683.8622306630663 1.2375577853622584e-20
683.9612093009301 1.2374016628989056e-20
684.0601879387939 1.2372455794801158e-20
684.1591665766576 1.2370895350913905e-20
684.2581452145215 1.2369335297182374e-20
684.3571238523853 1.2367775633461733e-20
684.456102490249 1.2366216359607214e-20
684.5550811281129 1.236465747547411e-20
684.6540597659766 1.2363098980917793e-20
684.7530384038404 1.236154087579371e-20
684.8520170417041 1.2359983159957364e-20
684.950995679568 1.2358425833264346e-20
685.0499743174317 1.2356868895570304e-20
685.1489529552955 1.2355312346730971e-20
685.2479315931594 1.2353756186602125e-20
685.3469102310231 1.2352200415039647e-20
685.4458888688869 1.2350645031899463e-20
685.5448675067507 1.2349090037037588e-20
685.6438461446145 1.2347535430310089e-20
685.7428247824782 1.2345981211573116e-20
685.841803420342 1.2344427380682887e-20
685.9407820582059 1.2342873937495686e-20
686.0397606960696 1.2341320881867873e-20
686.1387393339334 1.2339768213655867e-20
686.2377179717972 1.2338215932716181e-20
686.336696609661 1.2336664038905371e-20
686.4356752475247 1.2335112532080071e-20
686.5346538853886 1.2333561412096998e-20
686.6336325232523 1.2332010678812917e-20
686.7326111611161 1.2330460332084694e-20
686.83158979898 1.2328910371769224e-20
686.9305684368437 1.2327360797723512e-20
687.0295470747075 1.2325811609804605e-20
687.1285257125712 1.2324262807869628e-20
687.2275043504351 1.2322714391775776e-20
687.3264829882988 1.2321166361380322e-20
687.4254616261626 1.23196187165406e-20
687.5244402640265 1.2318071457114009e-20
687.6234189018902 1.2316524582958017e-20
687.722397539754 1.2314978093930181e-20
687.8213761776178 1.2313431989888111e-20
687.9203548154816 1.2311886270689483e-20
688.0193334533453 1.2310340936192049e-20
688.1183120912091 1.2308795986253638e-20
688.2172907290729 1.2307251420732132e-20
688.3162693669367 1.2305707239485492e-20
688.4152480048004 1.2304163442371745e-20
688.5142266426643 1.2302620029248996e-20
688.6132052805281 1.2301076999975401e-20
688.7121839183918 1.2299534354409201e-20
688.8111625562557 1.2297992092408703e-20
688.9101411941194 1.2296450213832283e-20
689.0091198319832 1.2294908718538372e-20
689.108098469847 1.229336760638549e-20
689.2070771077108 1.2291826877232212e-20
689.3060557455746 1.2290286530937187e-20
689.4050343834383 1.2288746567359147e-20
689.5040130213022 1.2287206986356856e-20
689.6029916591659 1.2285667787789185e-20
689.7019702970297 1.2284128971515055e-20
689.8009489348935 1.2282590537393448e-20
689.8999275727573 1.2281052485283441e-20
689.998906210621 1.2279514815044152e-20
690.0978848484849 1.2277977526534784e-20
690.1968634863487 1.2276440619614599e-20
690.2958421242124 1.2274904094142934e-20
690.3948207620762 1.2273367949979194e-20
690.49379939994 1.2271832186982843e-20
690.5927780378038 1.227029680501343e-20
690.6917566756675 1.2268761803930553e-20
690.7907353135314 1.2267227183593897e-20
690.8897139513952 1.22656929438632e-20
690.9886925892589 1.2264159084598281e-20
691.0876712271228 1.2262625605659008e-20
691.1866498649865 1.226109250690534e-20
691.2856285028503 1.2259559788197283e-20
691.3846071407141 1.2258027449394935e-20
691.4835857785779 1.2256495490358441e-20
691.5825644164416 1.2254963910948015e-20
691.6815430543054 1.225343271102395e-20
691.7805216921693 1.2251901890446598e-20
691.879500330033 1.225037144907639e-20
691.9784789678968 1.2248841386773809e-20
692.0774576057606 1.2247311703399416e-20
692.1764362436244 1.2245782398813837e-20
692.2754148814881 1.2244253472877764e-20
692.374393519352 1.2242724925451961e-20
692.4733721572157 1.2241196756397252e-20
692.5723507950795 1.2239668965574541e-20
692.6713294329433 1.2238141552844784e-20
692.7703080708071 1.223661451806901e-20
692.8692867086709 1.2235087861108324e-20
692.9682653465346 1.2233561581823887e-20
693.0672439843985 1.2232035680076936e-20
693.1662226222622 1.2230510155728764e-20
693.265201260126 1.2228985008640745e-20
693.3641798979899 1.2227460238674305e-20
693.4631585358536 1.2225935845690952e-20
693.5621371737174 1.222441182955226e-20
693.6611158115812 1.222288819011985e-20
693.760094449445 1.2221364927255429e-20
693.8590730873087 1.2219842040820764e-20
693.9580517251725 1.2218319530677702e-20
694.0570303630363 1.2216797396688126e-20
694.1560090009001 1.2215275638714036e-20
694.2549876387639 1.2213754256617442e-20
694.3539662766277 1.2212233250260452e-20
694.4529449144915 1.2210712619505237e-20
694.5519235523552 1.220919236421404e-20
694.6509021902191 1.2207672484249154e-20
694.7498808280828 1.220615297947296e-20
694.8488594659466 1.2204633849747883e-20
694.9478381038103 1.2203115094936436e-20
695.0468167416742 1.2201596714901176e-20
695.145795379538 1.220007870950475e-20
695.2447740174017 1.2198561078609853e-20
695.3437526552656 1.2197043822079249e-20
695.4427312931293 1.2195526939775784e-20
695.5417099309931 1.2194010431562352e-20
695.640688568857 1.2192494297301914e-20
695.7396672067207 1.219097853685752e-20
695.8386458445844 1.218946315009225e-20
695.9376244824482 1.2187948136869281e-20
696.0366031203121 1.2186433497051841e-20
696.1355817581758 1.2184919230503224e-20
696.2345603960396 1.2183405337086801e-20
696.3335390339034 1.2181891816665993e-20
696.4325176717672 1.2180378669104299e-20
696.5314963096309 1.2178865894265284e-20
696.6304749474948 1.2177353492012568e-20
696.7294535853586 1.217584146220984e-20
696.8284322232223 1.217432980472087e-20
696.9274108610862 1.2172818519409471e-20
697.0263894989499 1.2171307606139542e-20
697.1253681368137 1.2169797064775032e-20
697.2243467746774 1.2168286895179964e-20
697.3233254125413 1.2166777097218422e-20
697.422304050405 1.2165267670754556e-20
697.5212826882688 1.2163758615652594e-20
697.6202613261327 1.2162249931776805e-20
697.7192399639964 1.2160741618991548e-20
697.8182186018602 1.2159233677161228e-20
697.917197239724 1.2157726106150328e-20
698.0161758775878 1.2156218905823395e-20
698.1151545154515 1.2154712076045032e-20
698.2141331533153 1.2153205616679917e-20
698.3131117911792 1.2151699527592788e-20
698.4120904290429 1.215019380864845e-20
698.5110690669067 1.2148688459711777e-20
698.6100477047705 1.2147183480647687e-20
698.7090263426343 1.2145678871321203e-20
698.808004980498 1.2144174631597378e-20
698.9069836183619 1.2142670761341343e-20
699.0059622562256 1.2141167260418289e-20
699.1049408940894 1.213966412869349e-20
699.2039195319533 1.2138161366032245e-20
699.302898169817 1.2136658972299966e-20
699.4018768076808 1.2135156947362094e-20
699.5008554455445 1.2133655291084152e-20
699.5998340834084 1.213215400333172e-20
699.6988127212721 1.2130653083970445e-20
699.7977913591359 1.212915253286605e-20
699.8967699969998 1.2127652349884296e-20
699.9957486348635 1.2126152534891034e-20
700.0947272727273 1.2124653087752171e-20
700.1937059105911 1.212315400833367e-20
700.2926845484549 1.212165529650157e-20
700.3916631863186 1.2120156952121968e-20
700.4906418241824 1.2118658975061029e-20
700.5896204620462 1.2117161365184975e-20
700.68859909991 1.2115664122360108e-20
700.7875777377737 1.2114167246452773e-20
700.8865563756376 1.21126707373294e-20
700.9855350135014 1.2111174594856461e-20
701.0845136513651 1.2109678818900517e-20
701.183492289229 1.2108183409328165e-20
701.2824709270927 1.2106688366006103e-20
701.3814495649565 1.2105193688801047e-20
701.4804282028203 1.2103699377579819e-20
701.5794068406841 1.2102205432209276e-20
701.6783854785479 1.210071185255636e-20
701.7773641164116 1.2099218638488063e-20
701.8763427542755 1.2097725789871437e-20
701.9753213921392 1.2096233306573612e-20
702.074300030003 1.2094741188461773e-20
702.1732786678668 1.209324943540317e-20
702.2722573057306 1.2091758047265117e-20
702.3712359435943 1.2090267023915001e-20
702.4702145814582 1.2088776365220245e-20
702.569193219322 1.2087286071048369e-20
702.6681718571857 1.2085796141266935e-20
702.7671504950495 1.2084306575743577e-20
702.8661291329133 1.2082817374345993e-20
702.9651077707771 1.208132853694193e-20
703.0640864086408 1.2079840063399223e-20
703.1630650465047 1.2078351953585746e-20
703.2620436843685 1.2076864207369453e-20
703.3610223222322 1.207537682461836e-20
703.4600009600961 1.2073889805200534e-20
703.5589795979598 1.2072403148984115e-20
703.6579582358236 1.2070916855837309e-20
703.7569368736874 1.2069430925628368e-20
703.8559155115512 1.2067945358225638e-20
703.9548941494149 1.206646015349749e-20
704.0538727872787 1.2064975311312389e-20
704.1528514251426 1.206349083153884e-20
704.2518300630063 1.2062006714045432e-20
704.3508087008701 1.2060522958700806e-20
704.4497873387339 1.2059039565373659e-20
704.5487659765977 1.2057556533932765e-20
704.6477446144614 1.2056073864246955e-20
704.7467232523253 1.205459155618511e-20
704.845701890189 1.20531096096162e-20
704.9446805280528 1.2051628024409232e-20
705.0436591659166 1.2050146800433294e-20
705.1426378037804 1.2048665937557524e-20
705.2416164416442 1.204718543565113e-20
705.3405950795079 1.2045705294583376e-20
705.4395737173718 1.20442255142236e-20
705.5385523552355 1.2042746094441188e-20
705.6375309930993 1.2041267035105601e-20
705.7365096309632 1.2039788336086345e-20
705.8354882688269 1.2038309997253019e-20
705.9344669066907 1.2036832018475244e-20
706.0334455445545 1.2035354399622738e-20
706.1324241824183 1.2033877140565264e-20
706.231402820282 1.203240024117265e-20
706.3303814581458 1.2030923701314784e-20
706.4293600960096 1.2029447520861624e-20
706.5283387338734 1.2027971699683185e-20
706.6273173717371 1.2026496237649539e-20
706.726296009601 1.202502113463082e-20
706.8252746474648 1.2023546390497242e-20
706.9242532853285 1.2022072005119059e-20
707.0232319231924 1.2020597978366596e-20
707.1222105610561 1.2019124310110245e-20
707.2211891989199 1.201765100022044e-20
707.3201678367836 1.2016178048567711e-20
707.4191464746475 1.2014705455022612e-20
707.5181251125113 1.2013233219455781e-20
707.617103750375 1.2011761341737917e-20
707.7160823882389 1.2010289821739769e-20
707.8150610261026 1.2008818659332165e-20
707.9140396639664 1.2007347854385977e-20
708.0130183018302 1.2005877406772142e-20
708.111996939694 1.2004407316361675e-20
708.2109755775577 1.200293758302563e-20
708.3099542154215 1.2001468206635133e-20
708.4089328532854 1.199999918706137e-20
708.5079114911491 1.1998530524175592e-20
708.6068901290129 1.1997062217849108e-20
708.7058687668767 1.1995594267953285e-20
708.8048474047405 1.199412667435956e-20
708.9038260426042 1.1992659436939418e-20
709.0028046804681 1.1991192555564417e-20
709.1017833183319 1.1989726030106173e-20
709.2007619561956 1.1988259860436358e-20
709.2997405940595 1.1986794046426706e-20
709.3987192319232 1.1985328587949032e-20
709.497697869787 1.1983863484875173e-20
709.5966765076507 1.1982398737077063e-20
709.6956551455146 1.1980934344426672e-20
709.7946337833783 1.1979470306796055e-20
709.8936124212421 1.1978006624057305e-20
709.992591059106 1.1976543296082584e-20
710.0915696969697 1.1975080322744117e-20
710.1905483348335 1.1973617703914194e-20
710.2895269726973 1.1972155439465151e-20
710.3885056105611 1.1970693529269403e-20
710.4874842484248 1.1969231973199409e-20
710.5864628862886 1.19677707711277e-20
710.6854415241525 1.1966309922926864e-20
710.7844201620162 1.1964849428469544e-20
710.88339879988 1.1963389287628448e-20
710.9823774377438 1.1961929500276355e-20
711.0813560756076 1.1960470066286083e-20
711.1803347134713 1.1959010985530529e-20
711.2793133513352 1.1957552257882632e-20
711.3782919891989 1.1956093883215415e-20
711.4772706270627 1.1954635861401941e-20
711.5762492649266 1.1953178192315342e-20
711.6752279027903 1.1951720875828808e-20
711.7742065406541 1.1950263911815594e-20
711.8731851785178 1.1948807300149001e-20
711.9721638163817 1.1947351040702408e-20
712.0711424542454 1.1945895133349247e-20
712.1701210921092 1.1944439577963001e-20
712.269099729973 1.194298437441723e-20
712.3680783678368 1.194152952258554e-20
712.4670570057006 1.1940075022341599e-20
712.5660356435644 1.1938620873559139e-20
712.6650142814282 1.1937167076111958e-20
712.7639929192919 1.1935713629873898e-20
712.8629715571557 1.193426053471887e-20
712.9619501950195 1.1932807790520844e-20
713.0609288328833 1.1931355397153851e-20
713.159907470747 1.192990335449198e-20
713.2588861086109 1.1928451662409375e-20
713.3578647464747 1.192700032078025e-20
713.4568433843384 1.1925549329478867e-20
713.5558220222023 1.1924098688379558e-20
713.654800660066 1.1922648397356708e-20
713.7537792979298 1.192119845628476e-20
713.8527579357936 1.1919748865038221e-20
713.9517365736574 1.1918299623491661e-20
714.0507152115212 1.1916850731519696e-20
714.1496938493849 1.1915402188997014e-20
714.2486724872488 1.1913953995798357e-20
714.3476511251125 1.191250615179853e-20
714.4466297629763 1.1911058656872385e-20
714.5456084008401 1.1909611510894846e-20
714.6445870387039 1.1908164713740893e-20
714.7435656765676 1.1906718265285574e-20
714.8425443144315 1.1905272165403971e-20
714.9415229522953 1.1903826413971254e-20
715.040501590159 1.1902381010862628e-20
715.1394802280228 1.1900935955953367e-20
715.2384588658866 1.1899491249118814e-20
715.3374375037504 1.1898046890234355e-20
715.4364161416141 1.1896602879175437e-20
715.535394779478 1.1895159215817579e-20
715.6343734173417 1.189371590003634e-20
715.7333520552055 1.1892272931707359e-20
715.8323306930694 1.1890830310706312e-20
715.9313093309331 1.1889388036908951e-20
716.0302879687969 1.1887946110191068e-20
716.1292666066607 1.188650453042854e-20
716.2282452445245 1.1885063297497275e-20
716.3272238823882 1.188362241127326e-20
716.426202520252 1.1882181871632525e-20
716.5251811581159 1.1880741678451174e-20
716.6241597959796 1.1879301831605361e-20
716.7231384338434 1.1877862330971292e-20
716.8221170717072 1.1876423176425244e-20
716.921095709571 1.1874984367843545e-20
717.0200743474347 1.1873545905102579e-20
717.1190529852986 1.1872107788078804e-20
717.2180316231623 1.1870670016648711e-20
717.3170102610261 1.1869232590688866e-20
717.4159888988899 1.18677955100759e-20
717.5149675367537 1.1866358774686476e-20
717.6139461746175 1.186492238439734e-20
717.7129248124812 1.1863486339085288e-20
717.8119034503451 1.1862050638627167e-20
717.9108820882088 1.1860615282899893e-20
718.0098607260726 1.1859180271780437e-20
718.1088393639365 1.185774560514582e-20
718.2078180018002 1.1856311282873126e-20
718.306796639664 1.1854877304839506e-20
718.4057752775277 1.1853443670922155e-20
718.5047539153916 1.1852010380998326e-20
718.6037325532553 1.185057743494535e-20
718.7027111911191 1.1849144832640586e-20
718.801689828983 1.184771257396147e-20
718.9006684668467 1.1846280658785498e-20
718.9996471047104 1.184484908699021e-20
719.0986257425743 1.1843417858453203e-20
719.1976043804381 1.1841986973052156e-20
719.2965830183018 1.1840556430664773e-20
719.3955616561657 1.1839126231168843e-20
719.4945402940294 1.1837696374442195e-20
719.5935189318932 1.1836266860362718e-20
719.6924975697569 1.1834837688808369e-20
719.7914762076208 1.1833408859657142e-20
719.8904548454846 1.1831980372787116e-20
719.9894334833483 1.1830552228076401e-20
720.0884121212122 1.1829124425403177e-20
720.1873907590759 1.1827696964645681e-20
720.2863693969397 1.182626984568221e-20
720.3853480348035 1.1824843068391107e-20
720.4843266726673 1.1823416632650788e-20
720.583305310531 1.1821990538339706e-20
720.6822839483948 1.1820564785336395e-20
720.7812625862587 1.1819139373519418e-20
720.8802412241224 1.1817714302767426e-20
720.9792198619862 1.1816289572959097e-20
721.07819849985 1.1814865183973188e-20
721.1771771377138 1.181344113568851e-20
721.2761557755775 1.1812017427983913e-20
721.3751344134414 1.1810594060738329e-20
721.4741130513052 1.1809171033830725e-20
721.5730916891689 1.1807748347140145e-20
721.6720703270328 1.1806326000545664e-20
721.7710489648965 1.1804903993926441e-20
721.8700276027603 1.1803482327161677e-20
721.969006240624 1.1802061000130632e-20
722.0679848784879 1.1800640012712617e-20
722.1669635163516 1.1799219364787012e-20
722.2659421542154 1.1797799056233246e-20
722.3649207920793 1.1796379086930798e-20
722.463899429943 1.1794959456759221e-20
722.5628780678068 1.1793540165598107e-20
722.6618567056706 1.1792121213327114e-20
722.7608353435344 1.1790702599825956e-20
722.8598139813981 1.1789284324974397e-20
722.9587926192619 1.1787866388652266e-20
723.0577712571258 1.1786448790739436e-20
723.1567498949895 1.1785031531115852e-20
723.2557285328533 1.1783614609661505e-20
723.3547071707171 1.1782198026256444e-20
723.4536858085809 1.178078178078077e-20
723.5526644464446 1.1779365873114656e-20
723.6516430843085 1.1777950303138308e-20
723.7506217221722 1.1776535070732008e-20
723.849600360036 1.1775120175776079e-20
723.9485789978999 1.1773705618150911e-20
724.0475576357636 1.1772291397736949e-20
724.1465362736274 1.1770877514414685e-20
724.2455149114911 1.1769463968064671e-20
724.344493549355 1.1768050758567517e-20
724.4434721872187 1.1766637885803899e-20
724.5424508250825 1.1765225349654525e-20
724.6414294629463 1.1763813150000173e-20
724.7404081008101 1.1762401286721686e-20
724.8393867386739 1.1760989759699941e-20
724.9383653765377 1.1759578568815885e-20
725.0373440144015 1.1758167713950517e-20
725.1363226522652 1.1756757194984895e-20
725.235301290129 1.1755347011800131e-20
725.3342799279928 1.1753937164277384e-20
725.4332585658566 1.1752527652297877e-20
725.5322372037203 1.1751118475742895e-20
725.6312158415842 1.1749709634493759e-20
725.730194479448 1.1748301128431867e-20
725.8291731173117 1.1746892957438658e-20
725.9281517551756 1.174548512139563e-20
726.0271303930393 1.1744077620184338e-20
726.1261090309031 1.1742670453686386e-20
726.225087668767 1.1741263621783446e-20
726.3240663066307 1.1739857124357237e-20
726.4230449444944 1.173845096128953e-20
726.5220235823582 1.1737045132462159e-20
726.6210022202221 1.1735639637757e-20
726.7199808580858 1.1734234477056007e-20
726.8189594959496 1.173282965024116e-20
726.9179381338134 1.173142515719452e-20
727.0169167716772 1.1730020997798192e-20
727.1158954095409 1.1728617171934332e-20
727.2148740474048 1.1727213679485158e-20
727.3138526852686 1.1725810520332934e-20
727.4128313231323 1.1724407694359993e-20
727.5118099609961 1.1723005201448714e-20
727.6107885988599 1.1721603041481518e-20
727.7097672367237 1.1720201214340915e-20
727.8087458745874 1.1718799719909435e-20
727.9077245124513 1.1717398558069679e-20
728.006703150315 1.1715997728704299e-20
728.1056817881788 1.171459723169601e-20
728.2046604260427 1.1713197066927565e-20
728.3036390639064 1.1711797234281791e-20
728.4026177017702 1.1710397733641553e-20
728.5015963396339 1.1708998564889781e-20
728.6005749774978 1.1707599727909451e-20
728.6995536153615 1.17062012225836e-20
728.7985322532253 1.170480304879532e-20
728.8975108910892 1.1703405206427755e-20
728.9964895289529 1.1702007695364099e-20
729.0954681668167 1.170061051548761e-20
729.1944468046805 1.169921366668159e-20
729.2934254425443 1.1697817148829401e-20
729.392404080408 1.1696420961814464e-20
729.4913827182719 1.169502510552024e-20
729.5903613561356 1.169362957983026e-20
729.6893399939994 1.16922343846281e-20
729.7883186318631 1.1690839519797389e-20
729.887297269727 1.1689444985221816e-20
729.9862759075908 1.168805078078512e-20
730.0852545454545 1.1686656906371101e-20
730.1842331833184 1.1685263361863596e-20
730.2832118211821 1.1683870147146516e-20
730.3821904590459 1.1682477262103811e-20
730.4811690969098 1.1681084706619498e-20
730.5801477347735 1.1679692480577636e-20
730.6791263726373 1.1678300583862344e-20
730.778105010501 1.167690901635779e-20
730.8770836483649 1.1675517777948201e-20
730.9760622862286 1.1674126868517862e-20
731.0750409240924 1.16727362879511e-20
731.1740195619562 1.1671346036132297e-20
731.27299819982 1.1669956112945903e-20
731.3719768376837 1.1668566518276404e-20
731.4709554755476 1.1667177252008349e-20
731.5699341134114 1.1665788314026341e-20
731.6689127512751 1.1664399704215036e-20
731.767891389139 1.1663011422459131e-20
731.8668700270027 1.1661623468643399e-20
731.9658486648665 1.1660235842652647e-20
732.0648273027302 1.165884854437175e-20
732.1638059405941 1.1657461573685623e-20
732.2627845784579 1.1656074930479245e-20
732.3617632163216 1.165468861463764e-20
732.4607418541855 1.1653302626045895e-20
732.5597204920492 1.1651916964589136e-20
732.658699129913 1.1650531630152561e-20
732.7576777677768 1.1649146622621402e-20
732.8566564056406 1.1647761941880958e-20
732.9556350435043 1.1646377587816579e-20
733.0546136813681 1.1644993560313661e-20
733.153592319232 1.1643609859257654e-20
733.2525709570957 1.164222648453407e-20
733.3515495949595 1.1640843436028466e-20
733.4505282328233 1.1639460713626455e-20
733.5495068706871 1.1638078317213704e-20
733.6484855085508 1.163669624667593e-20
733.7474641464147 1.16353145018989e-20
733.8464427842785 1.163393308276845e-20
733.9454214221422 1.163255198917044e-20
734.0444000600061 1.1631171220990809e-20
734.1433786978698 1.1629790778115546e-20
734.2423573357336 1.1628410660430673e-20
734.3413359735973 1.1627030867822286e-20
734.4403146114612 1.1625651400176523e-20
734.5392932493249 1.1624272257379572e-20
734.6382718871887 1.1622893439317692e-20
734.7372505250526 1.1621514945877166e-20
734.8362291629163 1.1620136776944357e-20
734.9352078007801 1.161875893240566e-20
735.0341864386439 1.1617381412147537e-20
735.1331650765077 1.1616004216056492e-20
735.2321437143714 1.161462734401909e-20
735.3311223522352 1.161325079592194e-20
735.430100990099 1.1611874571651708e-20
735.5290796279628 1.1610498671095114e-20
735.6280582658266 1.1609123094138925e-20
735.7270369036904 1.1607747840669968e-20
735.8260155415542 1.1606372910575116e-20
735.9249941794179 1.1604998303741292e-20
736.0239728172818 1.1603624020055486e-20
736.1229514551455 1.1602250059404715e-20
736.2219300930093 1.160087642167607e-20
736.3209087308732 1.1599503106756684e-20
736.4198873687369 1.1598130114533752e-20
736.5188660066007 1.1596757444894503e-20
736.6178446444644 1.1595385097726232e-20
736.7168232823283 1.159401307291629e-20
736.815801920192 1.1592641370352063e-20
736.9147805580558 1.1591269989921005e-20
737.0137591959196 1.158989893151061e-20
737.1127378337834 1.1588528195008434e-20
737.2117164716472 1.1587157780302077e-20
737.310695109511 1.1585787687279193e-20
737.4096737473748 1.1584417915827498e-20
737.5086523852385 1.1583048465834737e-20
737.6076310231023 1.1581679337188727e-20
737.7066096609661 1.158031052977733e-20
737.8055882988299 1.157894204348846e-20
737.9045669366936 1.1577573878210083e-20
738.0035455745575 1.1576206033830208e-20
738.1025242124213 1.1574838510236914e-20
738.201502850285 1.1573471307318312e-20
738.3004814881489 1.1572104424962584e-20
738.3994601260126 1.1570737863057943e-20
738.4984387638764 1.1569371621492662e-20
738.5974174017402 1.1568005700155077e-20
738.696396039604 1.1566640098933555e-20
738.7953746774677 1.1565274817716529e-20
738.8943533153315 1.1563909856392486e-20
738.9933319531954 1.1562545214849944e-20
739.0923105910591 1.156118089297749e-20
739.1912892289229 1.155981689066376e-20
739.2902678667867 1.155845320779744e-20
739.3892465046505 1.1557089844267263e-20
739.4882251425142 1.1555726799962019e-20
739.5872037803781 1.1554364074770541e-20
739.6861824182419 1.1553001668581724e-20
739.7851610561056 1.1551639581284507e-20
739.8841396939694 1.1550277812767882e-20
739.9831183318332 1.1548916362920894e-20
740.082096969697 1.1547555231632628e-20
740.1810756075607 1.1546194418792236e-20
740.2800542454246 1.1544833924288909e-20
740.3790328832883 1.1543473748011898e-20
740.4780115211521 1.1542113889850502e-20
740.576990159016 1.1540754349694062e-20
740.6759687968797 1.1539395127431981e-20
740.7749474347435 1.1538036222953705e-20
740.8739260726072 1.1536677636148744e-20
740.9729047104711 1.153531936690664e-20
741.0718833483348 1.1533961415117e-20
741.1708619861986 1.1532603780669468e-20
741.2698406240625 1.1531246463453758e-20
741.3688192619262 1.1529889463359621e-20
741.46779789979 1.152853278027686e-20
741.5667765376538 1.1527176414095326e-20
741.6657551755176 1.1525820364704928e-20
741.7647338133813 1.1524464631995624e-20
741.8637124512452 1.1523109215857419e-20
741.962691089109 1.1521754116180369e-20
742.0616697269727 1.1520399332854587e-20
742.1606483648364 1.1519044865770221e-20
742.2596270027003 1.1517690714817483e-20
742.3586056405641 1.1516336879886636e-20
742.4575842784278 1.151498336086798e-20
742.5565629162917 1.1513630157651883e-20
742.6555415541554 1.1512277270128748e-20
742.7545201920192 1.1510924698189038e-20
742.853498829883 1.1509572441723259e-20
742.9524774677468 1.1508220500621974e-20
743.0514561056106 1.1506868874775793e-20
743.1504347434743 1.1505517564075373e-20
743.2494133813382 1.150416656841143e-20
743.3483920192019 1.1502815887674717e-20
743.4473706570657 1.150146552175605e-20
743.5463492949295 1.1500115470546278e-20
743.6453279327933 1.1498765733936329e-20
743.744306570657 1.1497416311817149e-20
743.8432852085209 1.1496067204079752e-20
743.9422638463847 1.1494718410615196e-20
744.0412424842484 1.1493369931314596e-20
744.1402211221123 1.1492021766069108e-20
744.239199759976 1.149067391476994e-20
744.3381783978398 1.1489326377308351e-20
744.4371570357035 1.148797915357565e-20
744.5361356735674 1.1486632243463196e-20
744.6351143114312 1.1485285646862404e-20
744.7340929492949 1.148393936366472e-20
744.8330715871588 1.1482593393761658e-20
744.9320502250225 1.1481247737044774e-20
745.0310288628863 1.1479902393405673e-20
745.1300075007501 1.147855736273601e-20
745.2289861386139 1.1477212644927498e-20
745.3279647764776 1.1475868239871882e-20
745.4269434143414 1.1474524147460976e-20
745.5259220522053 1.1473180367586624e-20
745.624900690069 1.1471836900140737e-20
745.7238793279328 1.1470493745015262e-20
745.8228579657966 1.1469150902102207e-20
745.9218366036604 1.1467808371293621e-20
746.0208152415241 1.1466466152481602e-20
746.119793879388 1.1465124245558302e-20
746.2187725172518 1.1463782650415926e-20
746.3177511551155 1.1462441366946708e-20
746.4167297929794 1.1461100395042962e-20
746.5157084308431 1.1459759734597018e-20
746.6146870687069 1.1458419385501288e-20
746.7136657065706 1.1457079347648206e-20
746.8126443444345 1.1455739620930268e-20
746.9116229822982 1.1454400205240021e-20
747.010601620162 1.1453061100470052e-20
747.1095802580259 1.1451722306513e-20
747.2085588958896 1.1450383823261565e-20
747.3075375337534 1.1449045650608478e-20
747.4065161716172 1.144770778844653e-20
747.505494809481 1.1446370236668552e-20
747.6044734473447 1.1445032995167436e-20
747.7034520852085 1.144369606383611e-20
747.8024307230723 1.1442359442567568e-20
747.9014093609361 1.1441023131254825e-20
748.0003879987999 1.1439687129790976e-20
748.0993666366637 1.1438351438069145e-20
748.1983452745275 1.143701605598251e-20
748.2973239123912 1.1435680983424295e-20
748.3963025502551 1.1434346220287782e-20
748.4952811881188 1.1433011766466286e-20
748.5942598259826 1.1431677621853189e-20
748.6932384638465 1.1430343786341903e-20
748.7922171017102 1.1429010259825902e-20
748.891195739574 1.1427677042198702e-20
748.9901743774377 1.1426344133353873e-20
749.0891530153016 1.1425011533185027e-20
749.1881316531653 1.1423679241585824e-20
749.2871102910291 1.1422347258449979e-20
749.386088928893 1.1421015583671252e-20
749.4850675667567 1.141968421714345e-20
749.5840462046204 1.1418353158760435e-20
749.6830248424843 1.1417022408416103e-20
749.7820034803481 1.1415691966004413e-20
749.8809821182118 1.1414361831419365e-20
749.9799607560756 1.141303200455501e-20
750.0789393939394 1.1411702485305436e-20
750.1779180318032 1.1410373273564802e-20
750.2768966696669 1.1409044369227294e-20
750.3758753075308 1.1407715772187158e-20
750.4748539453946 1.1406387482338677e-20
750.5738325832583 1.1405059499576199e-20
750.6728112211222 1.1403731823794104e-20
750.7717898589859 1.1402404454886823e-20
750.8707684968497 1.1401077392748845e-20
750.9697471347134 1.1399750637274696e-20
751.0687257725773 1.1398424188358953e-20
751.167704410441 1.1397098045896244e-20
751.2666830483048 1.1395772209781242e-20
751.3656616861687 1.1394446679908667e-20
751.4646403240324 1.1393121456173287e-20
751.5636189618962 1.1391796538469921e-20
751.66259759976 1.1390471926693428e-20
751.7615762376238 1.138914762073873e-20
751.8605548754875 1.1387823620500784e-20
751.9595335133514 1.1386499925874587e-20
752.0585121512152 1.1385176536755209e-20
752.1574907890789 1.1383853453037742e-20
752.2564694269427 1.138253067461734e-20
752.3554480648065 1.1381208201389205e-20
752.4544267026703 1.1379886033248577e-20
752.553405340534 1.137856417009075e-20
752.6523839783979 1.1377242611811061e-20
752.7513626162616 1.1375921358304906e-20
752.8503412541254 1.1374600409467712e-20
752.9493198919893 1.1373279765194968e-20
753.048298529853 1.1371959425382199e-20
753.1472771677168 1.1370639389924985e-20
753.2462558055805 1.1369319658718949e-20
753.3452344434444 1.1368000231659764e-20
753.4442130813081 1.1366681108643147e-20
753.5431917191719 1.1365362289564868e-20
753.6421703570358 1.1364043774320734e-20
753.7411489948995 1.1362725562806614e-20
753.8401276327633 1.1361407654918409e-20
753.9391062706271 1.1360090050552076e-20
754.0380849084909 1.1358772749603622e-20
754.1370635463546 1.1357455751969088e-20
754.2360421842185 1.135613905754457e-20
754.3350208220822 1.135482266622622e-20
754.433999459946 1.135350657791022e-20
754.5329780978097 1.1352190792492815e-20
754.6319567356736 1.1350875309870274e-20
754.7309353735374 1.1349560129938944e-20
754.8299140114011 1.1348245252595197e-20
754.928892649265 1.1346930677735452e-20
755.0278712871287 1.1345616405256189e-20
755.1268499249925 1.1344302435053925e-20
755.2258285628563 1.1342988767025219e-20
755.3248072007201 1.1341675401066688e-20
755.4237858385839 1.134036233707499e-20
755.5227644764476 1.133904957494683e-20
755.6217431143115 1.1337737114578955e-20
755.7207217521752 1.1336424955868174e-20
755.819700390039 1.1335113098711319e-20
755.9186790279028 1.1333801543005294e-20
756.0176576657666 1.133249028864703e-20
756.1166363036303 1.1331179335533511e-20
756.2156149414942 1.132986868356177e-20
756.314593579358 1.1328558332628893e-20
756.4135722172217 1.1327248282631993e-20
756.5125508550856 1.1325938533468245e-20
756.6115294929493 1.1324629085034867e-20
756.7105081308131 1.1323319937229126e-20
756.8094867686768 1.132201108994832e-20
756.9084654065407 1.1320702543089814e-20
757.0074440444045 1.1319394296551012e-20
757.1064226822682 1.1318086350229362e-20
757.2054013201321 1.1316778704022352e-20
757.3043799579958 1.1315471357827534e-20
757.4033585958596 1.1314164311542485e-20
757.5023372337234 1.1312857565064848e-20
757.6013158715872 1.1311551118292294e-20
757.7002945094509 1.1310244971122561e-20
757.7992731473147 1.1308939123453407e-20
757.8982517851786 1.1307633575182665e-20
757.9972304230423 1.1306328326208183e-20
758.0962090609061 1.130502337642789e-20
758.1951876987699 1.1303718725739716e-20
758.2941663366337 1.1302414374041693e-20
758.3931449744974 1.1301110321231846e-20
758.4921236123613 1.1299806567208283e-20
758.591102250225 1.1298503111869138e-20
758.6900808880888 1.1297199955112602e-20
758.7890595259527 1.1295897096836897e-20
758.8880381638164 1.1294594536940307e-20
758.9870168016802 1.1293292275321159e-20
759.0859954395439 1.1291990311877814e-20
759.1849740774078 1.129068864650869e-20
759.2839527152715 1.1289387279112252e-20
759.3829313531353 1.1288086209587e-20
759.4819099909992 1.1286785437831487e-20
759.5808886288629 1.1285484963744312e-20
759.6798672667267 1.1284184787224123e-20
759.7788459045905 1.1282884908169597e-20
759.8778245424543 1.1281585326479479e-20
759.976803180318 1.1280286042052545e-20
760.0757818181818 1.1278987054787622e-20
760.1747604560456 1.1277688364583576e-20
760.2737390939094 1.1276389971339331e-20
760.3727177317732 1.1275091874953837e-20
760.471696369637 1.1273794075326111e-20
760.5706750075008 1.127249657235521e-20
760.6696536453645 1.1271199365940218e-20
760.7686322832284 1.1269902455980286e-20
760.8676109210921 1.1268605842374607e-20
760.9665895589559 1.1267309525022405e-20
761.0655681968196 1.1266013503822965e-20
761.1645468346835 1.1264717778675613e-20
761.2635254725473 1.126342234947972e-20
761.362504110411 1.1262127216134682e-20
761.4614827482749 1.1260832378539987e-20
761.5604613861386 1.1259537836595122e-20
761.6594400240024 1.1258243590199642e-20
761.7584186618662 1.1256949639253145e-20
761.85739729973 1.1255655983655268e-20
761.9563759375937 1.1254362623305699e-20
762.0553545754576 1.1253069558104163e-20
762.1543332133214 1.1251776787950439e-20
762.2533118511851 1.125048431274435e-20
762.3522904890489 1.1249192132385759e-20
762.4512691269127 1.1247900246774574e-20
762.5502477647765 1.1246608655810755e-20
762.6492264026402 1.124531735939429e-20
762.7482050405041 1.1244026357425243e-20
762.8471836783679 1.1242735649803686e-20
762.9461623162316 1.1241445236429766e-20
763.0451409540955 1.1240155117203656e-20
763.1441195919592 1.123886529202558e-20
763.243098229823 1.1237575760795807e-20
763.3420768676867 1.1236286523414652e-20
763.4410555055506 1.1234997579782472e-20
763.5400341434143 1.1233708929799669e-20
763.6390127812781 1.123242057336669e-20
763.737991419142 1.1231132510384023e-20
763.8369700570057 1.1229844740752217e-20
763.9359486948695 1.1228557264371838e-20
764.0349273327333 1.1227270081143521e-20
764.1339059705971 1.1225983190967933e-20
764.2328846084608 1.1224696593745787e-20
764.3318632463247 1.1223410289377845e-20
764.4308418841885 1.1222124277764913e-20
764.5298205220522 1.1220838558807827e-20
764.628799159916 1.1219553132407483e-20
764.7277777977798 1.1218267998464832e-20
764.8267564356436 1.1216983156880837e-20
764.9257350735073 1.1215698607556531e-20
765.0247137113712 1.121441435039298e-20
765.123692349235 1.1213130385291295e-20
765.2226709870987 1.1211846712152643e-20
765.3216496249626 1.1210563330878218e-20
765.4206282628263 1.1209280241369272e-20
765.5196069006901 1.1207997443527091e-20
765.6185855385538 1.1206714937253003e-20
765.7175641764177 1.1205432722448403e-20
765.8165428142814 1.1204150799014697e-20
765.9155214521452 1.1202869166853368e-20
766.014500090009 1.1201587825865912e-20
766.1134787278728 1.1200306775953885e-20
766.2124573657366 1.1199026017018896e-20
766.3114360036004 1.1197745548962576e-20
766.4104146414642 1.1196465371686618e-20
766.5093932793279 1.1195185485092754e-20
766.6083719171918 1.1193905889082751e-20
766.7073505550555 1.1192626583558434e-20
766.8063291929193 1.1191347568421661e-20
766.905307830783 1.1190068843574339e-20
767.0042864686469 1.118879040891842e-20
767.1032651065107 1.1187512264355893e-20
767.2022437443744 1.1186234409788796e-20
767.3012223822383 1.1184956845119208e-20
767.400201020102 1.1183679570249262e-20
767.4991796579658 1.1182402585081117e-20
767.5981582958296 1.118112588951699e-20
767.6971369336934 1.117984948345913e-20
767.7961155715572 1.1178573366809842e-20
767.8950942094209 1.1177297539471472e-20
767.9940728472848 1.1176022001346391e-20
768.0930514851485 1.1174746752337044e-20
768.1920301230123 1.1173471792345897e-20
768.2910087608761 1.1172197121275464e-20
768.3899873987399 1.1170922739028314e-20
768.4889660366036 1.1169648645507044e-20
768.5879446744675 1.11683748406143e-20
768.6869233123313 1.1167101324252773e-20
768.785901950195 1.11658280963252e-20
768.8848805880589 1.1164555156734357e-20
768.9838592259226 1.1163282505383058e-20
769.0828378637864 1.1162010142174175e-20
769.1818165016501 1.1160738067010606e-20
769.280795139514 1.115946627979531e-20
769.3797737773777 1.1158194780431276e-20
769.4787524152415 1.1156923568821535e-20
769.5777310531054 1.1155652644869174e-20
769.6767096909691 1.1154382008477314e-20
769.7756883288329 1.1153111659549119e-20
769.8746669666967 1.1151841597987798e-20
769.9736456045605 1.1150571823696606e-20
770.0726242424242 1.1149302336578832e-20
770.171602880288 1.114803313653782e-20
770.2705815181519 1.1146764223476945e-20
770.3695601560156 1.1145495597299634e-20
770.4685387938794 1.1144227257909359e-20
770.5675174317432 1.1142959205209617e-20
770.666496069607 1.1141691439103972e-20
770.7654747074707 1.1140423959496019e-20
770.8644533453346 1.113915676628939e-20
770.9634319831983 1.113788985938777e-20
771.0624106210621 1.1136623238694881e-20
771.161389258926 1.1135356904114492e-20
771.2603678967897 1.1134090855550417e-20
771.3593465346535 1.1132825092906492e-20
771.4583251725172 1.1131559616086634e-20
771.5573038103811 1.1130294424994763e-20
771.6562824482448 1.1129029519534868e-20
771.7552610861086 1.112776489961097e-20
771.8542397239725 1.1126500565127138e-20
771.9532183618362 1.1125236515987471e-20
772.0521969997 1.1123972752096132e-20
772.1511756375638 1.1122709273357302e-20
772.2501542754276 1.1121446079675226e-20
772.3491329132913 1.112018317095418e-20
772.4481115511551 1.1118920547098484e-20
772.547090189019 1.1117658208012501e-20
772.6460688268827 1.1116396153600637e-20
772.7450474647464 1.111513438376734e-20
772.8440261026103 1.11138728984171e-20
772.9430047404741 1.1112611697454453e-20
773.0419833783378 1.1111350780783973e-20
773.1409620162017 1.1110090148310271e-20
773.2399406540654 1.1108829799938017e-20
773.3389192919292 1.1107569735571906e-20
773.4378979297929 1.1106309955116688e-20
773.5368765676568 1.110505045847714e-20
773.6358552055206 1.1103791245558102e-20
773.7348338433843 1.1102532316264436e-20
773.8338124812482 1.110127367050106e-20
773.9327911191119 1.1100015308172929e-20
774.0317697569757 1.1098757229185044e-20
774.1307483948395 1.1097499433442431e-20
774.2297270327033 1.1096241920850185e-20
774.328705670567 1.1094984691313425e-20
774.4276843084309 1.1093727744737315e-20
774.5266629462947 1.1092471081027061e-20
774.6256415841584 1.1091214700087918e-20
774.7246202220222 1.1089958601825177e-20
774.823598859886 1.1088702786144167e-20
774.9225774977498 1.1087447252950262e-20
775.0215561356135 1.1086192002148888e-20
775.1205347734774 1.1084937033645492e-20
775.2195134113412 1.1083682347345582e-20
775.3184920492049 1.1082427943154705e-20
775.4174706870688 1.1081173820978436e-20
775.5164493249325 1.1079919980722405e-20
775.6154279627963 1.1078666422292282e-20
775.71440660066 1.107741314559377e-20
775.8133852385239 1.1076160150532626e-20
775.9123638763876 1.1074907437014645e-20
776.0113425142514 1.107365500494566e-20
776.1103211521153 1.1072402854231542e-20
776.209299789979 1.1071150984778213e-20
776.3082784278428 1.106989939649163e-20
776.4072570657066 1.1068648089277796e-20
776.5062357035704 1.1067397063042755e-20
776.6052143414341 1.1066146317692591e-20
776.704192979298 1.1064895853133422e-20
776.8031716171618 1.1063645669271426e-20
776.9021502550255 1.1062395766012804e-20
777.0011288928893 1.106114614326381e-20
777.1001075307531 1.105989680093073e-20
777.1990861686169 1.1058647738919901e-20
777.2980648064806 1.1057398957137697e-20
777.3970434443445 1.105615045549053e-20
777.4960220822082 1.1054902233884859e-20
777.595000720072 1.1053654292227184e-20
777.6939793579359 1.1052406630424032e-20
777.7929579957996 1.1051159248382005e-20
777.8919366336634 1.1049912146007709e-20
777.9909152715271 1.1048665323207809e-20
778.089893909391 1.104741877988901e-20
778.1888725472547 1.1046172515958059e-20
778.2878511851185 1.1044926531321739e-20
778.3868298229823 1.1043680825886879e-20
778.4858084608461 1.1042435399560345e-20
778.5847870987099 1.1041190252249051e-20
778.6837657365737 1.1039945383859945e-20
778.7827443744375 1.103870079430002e-20
778.8817230123012 1.1037456483476308e-20
778.9807016501651 1.103621245129588e-20
779.0796802880288 1.1034968697665848e-20
779.1786589258926 1.1033725222493381e-20
779.2776375637563 1.1032482025685663e-20
779.3766162016202 1.103123910714993e-20
779.475594839484 1.1029996466793464e-20
779.5745734773477 1.102875410452359e-20
779.6735521152116 1.1027512020247656e-20
779.7725307530753 1.102627021387307e-20
779.8715093909391 1.1025028685307271e-20
779.970488028803 1.102378743445774e-20
780.0694666666667 1.1022546461232004e-20
780.1684453045305 1.1021305765537623e-20
780.2674239423942 1.1020065347282199e-20
780.3664025802581 1.1018825206373379e-20
780.4653812181218 1.101758534271885e-20
780.5643598559856 1.1016345756226336e-20
780.6633384938494 1.10151064468036e-20
780.7623171317132 1.101386741435846e-20
780.8612957695769 1.1012628658798751e-20
780.9602744074408 1.1011390180032372e-20
781.0592530453046 1.1010151977967243e-20
781.1582316831683 1.1008914052511343e-20
781.2572103210322 1.1007676403572668e-20
781.3561889588959 1.1006439031059278e-20
781.4551675967597 1.1005201934879265e-20
781.5541462346234 1.1003965114940754e-20
781.6531248724873 1.1002728571151914e-20
781.752103510351 1.1001492303420967e-20
781.8510821482148 1.100025631165616e-20
781.9500607860787 1.099902059576578e-20
782.0490394239424 1.0997785155658164e-20
782.1480180618062 1.0996549991241687e-20
782.24699669967 1.0995315102424761e-20
782.3459753375338 1.0994080489115833e-20
782.4449539753975 1.0992846151223406e-20
782.5439326132613 1.099161208865601e-20
782.6429112511252 1.0990378301322216e-20
782.7418898889889 1.098914478913064e-20
782.8408685268527 1.0987911551989938e-20
782.9398471647165 1.0986678589808796e-20
783.0388258025803 1.098544590249596e-20
783.137804440444 1.0984213489960198e-20
783.2367830783079 1.098298135211032e-20
783.3357617161716 1.0981749488855193e-20
783.4347403540354 1.09805179001037e-20
783.5337189918991 1.0979286585764777e-20
783.632697629763 1.0978055545747397e-20
783.7316762676268 1.0976824779960582e-20
783.8306549054905 1.0975594288313378e-20
783.9296335433544 1.0974364070714882e-20
784.0286121812181 1.0973134127074229e-20
784.1275908190819 1.0971904457300593e-20
784.2265694569458 1.0970675061303176e-20
784.3255480948095 1.0969445938991247e-20
784.4245267326733 1.096821709027409e-20
784.5235053705371 1.0966988515061036e-20
784.6224840084009 1.0965760213261464e-20
784.7214626462646 1.0964532184784786e-20
784.8204412841284 1.0963304429540445e-20
784.9194199219922 1.096207694743794e-20
785.018398559856 1.0960849738386799e-20
785.1173771977197 1.0959622802296596e-20
785.2163558355836 1.0958396139076935e-20
785.3153344734474 1.0957169748637471e-20
785.4143131113111 1.095594363088789e-20
785.513291749175 1.0954717785737925e-20
785.6122703870387 1.0953492213097337e-20
785.7112490249025 1.0952266912875943e-20
785.8102276627662 1.0951041884983584e-20
785.9092063006301 1.0949817129330148e-20
786.0081849384939 1.0948592645825561e-20
786.1071635763576 1.0947368434379788e-20
786.2061422142215 1.0946144494902837e-20
786.3051208520852 1.0944920827304751e-20
786.404099489949 1.094369743149561e-20
786.5030781278128 1.094247430738554e-20
786.6020567656766 1.0941251454884706e-20
786.7010354035403 1.09400288739033e-20
786.8000140414042 1.0938806564351572e-20
786.898992679268 1.0937584526139804e-20
786.9979713171317 1.0936362759178301e-20
787.0969499549955 1.093514126337744e-20
787.1959285928593 1.0933920038647604e-20
787.2949072307231 1.093269908489923e-20
787.3938858685868 1.0931478402042805e-20
787.4928645064507 1.0930257989988836e-20
787.5918431443145 1.0929037848647878e-20
787.6908217821782 1.0927817977930519e-20
787.7898004200421 1.09265983777474e-20
787.8887790579058 1.092537904800919e-20
787.9877576957696 1.0924159988626595e-20
788.0867363336333 1.0922941199510365e-20
788.1857149714972 1.092172268057129e-20
788.2846936093609 1.0920504431720196e-20
788.3836722472247 1.0919286452867951e-20
788.4826508850886 1.0918068743925455e-20
788.5816295229523 1.0916851304803653e-20
788.6806081608161 1.091563413541353e-20
788.7795867986799 1.0914417235666108e-20
788.8785654365437 1.0913200605472443e-20
788.9775440744074 1.0911984244743633e-20
789.0765227122713 1.0910768153390822e-20
789.175501350135 1.0909552331325182e-20
789.2744799879988 1.0908336778457927e-20
789.3734586258626 1.0907121494700315e-20
789.4724372637264 1.0905906479963634e-20
789.5714159015902 1.0904691734159218e-20
789.6703945394539 1.0903477257198434e-20
789.7693731773178 1.0902263048992689e-20
789.8683518151815 1.0901049109453438e-20
789.9673304530453 1.0899835438492165e-20
790.0663090909092 1.0898622036020382e-20
790.1652877287729 1.0897408901949666e-20
790.2642663666367 1.0896196036191608e-20
790.3632450045004 1.0894983438657857e-20
790.4622236423643 1.0893771109260085e-20
790.561202280228 1.0892559047910004e-20
790.6601809180918 1.0891347254519383e-20
790.7591595559556 1.0890135729e-20
790.8581381938194 1.0888924471263698e-20
790.9571168316832 1.0887713481222343e-20
791.056095469547 1.0886502758787841e-20
791.1550741074108 1.0885292303872144e-20
791.2540527452745 1.0884082116387237e-20
791.3530313831384 1.0882872196245138e-20
791.4520100210021 1.0881662543357908e-20
791.5509886588659 1.0880453157637652e-20
791.6499672967296 1.0879244038996508e-20
791.7489459345935 1.0878035187346653e-20
791.8479245724573 1.0876826602600295e-20
791.946903210321 1.0875618284669695e-20
792.0458818481849 1.087441023346714e-20
792.1448604860486 1.0873202448904958e-20
792.2438391239124 1.0871994930895518e-20
792.3428177617762 1.0870787679351224e-20
792.44179639964 1.0869580694184517e-20
792.5407750375037 1.0868373975307884e-20
792.6397536753675 1.0867167522633838e-20
792.7387323132314 1.0865961336074939e-20
792.8377109510951 1.086475541554379e-20
792.9366895889589 1.0863549760953012e-20
793.0356682268227 1.0862344372215276e-20
793.1346468646865 1.08611392492433e-20
793.2336255025502 1.085993439194983e-20
793.3326041404141 1.0858729800247646e-20
793.4315827782779 1.0857525474049571e-20
793.5305614161416 1.0856321413268466e-20
793.6295400540055 1.0855117617817234e-20
793.7285186918692 1.0853914087608805e-20
793.827497329733 1.0852710822556154e-20
793.9264759675967 1.0851507822572298e-20
794.0254546054606 1.0850305087570277e-20
794.1244332433243 1.0849102617463191e-20
794.2234118811881 1.0847900412164152e-20
794.322390519052 1.0846698471586327e-20
794.4213691569157 1.0845496795642919e-20
794.5203477947795 1.0844295384247163e-20
794.6193264326433 1.0843094237312336e-20
794.7183050705071 1.084189335475175e-20
794.8172837083708 1.0840692736478754e-20
794.9162623462346 1.0839492382406742e-20
795.0152409840985 1.0838292292449128e-20
795.1142196219622 1.0837092466519389e-20
795.213198259826 1.0835892904531017e-20
795.3121768976898 1.0834693606397549e-20
795.4111555355536 1.0833494572032569e-20
795.5101341734173 1.0832295801349681e-20
795.6091128112812 1.0831097294262536e-20
795.708091449145 1.0829899050684833e-20
795.8070700870087 1.0828701070530285e-20
795.9060487248724 1.082750335371266e-20
796.0050273627363 1.0826305900145751e-20
796.1040060006001 1.0825108709743409e-20
796.2029846384638 1.0823911782419495e-20
796.3019632763277 1.0822715118087924e-20
796.4009419141914 1.0821518716662649e-20
796.4999205520552 1.0820322578057657e-20
796.598899189919 1.0819126702186964e-20
796.6978778277828 1.0817931088964638e-20
796.7968564656466 1.0816735738304767e-20
796.8958351035104 1.08155406501215e-20
796.9948137413742 1.0814345824328997e-20
797.0937923792379 1.0813151260841475e-20
797.1927710171017 1.0811956959573176e-20
797.2917496549655 1.081076292043838e-20
797.3907282928293 1.080956914335142e-20
797.489706930693 1.080837562822664e-20
797.5886855685569 1.0807182374978441e-20
797.6876642064207 1.0805989383521253e-20
797.7866428442844 1.0804796653769544e-20
797.8856214821483 1.0803604185637819e-20
797.984600120012 1.080241197904062e-20
798.0835787578758 1.0801220033892534e-20
798.1825573957395 1.0800028350108165e-20
798.2815360336034 1.0798836927602169e-20
798.3805146714672 1.0797645766289241e-20
798.4794933093309 1.0796454866084107e-20
798.5784719471948 1.0795264226901522e-20
798.6774505850585 1.07940738486563e-20
798.7764292229223 1.0792883731263266e-20
798.8754078607861 1.0791693874637296e-20
798.9743864986499 1.0790504278693307e-20
799.0733651365136 1.0789314943346242e-20
799.1723437743775 1.0788125868511083e-20
799.2713224122413 1.0786937054102853e-20
799.370301050105 1.078574850003661e-20
799.4692796879688 1.0784560206227448e-20
799.5682583258326 1.0783372172590494e-20
799.6672369636964 1.0782184399040919e-20
799.7662156015601 1.0780996885493925e-20
799.865194239424 1.0779809631864755e-20
799.9641728772878 1.0778622638068677e-20
800.0631515151515 1.0777435904021013e-20
800.1621301530154 1.0776249429637111e-20
800.2611087908791 1.077506321483236e-20
800.3600874287429 1.0773877259522179e-20
800.4590660666066 1.0772691563622027e-20
800.5580447044705 1.0771506127047396e-20
800.6570233423342 1.0770320949713827e-20
800.756001980198 1.0769136031536883e-20
800.8549806180619 1.076795137243217e-20
800.9539592559256 1.0766766972315325e-20
801.0529378937894 1.0765582831102039e-20
801.1519165316532 1.0764398948708009e-20
801.250895169517 1.0763215325048994e-20
801.3498738073807 1.0762031960040782e-20
801.4488524452446 1.0760848853599188e-20
801.5478310831083 1.0759666005640073e-20
801.6468097209721 1.0758483416079338e-20
801.7457883588359 1.075730108483291e-20
801.8447669966997 1.0756119011816754e-20
801.9437456345635 1.0754937196946881e-20
802.0427242724272 1.0753755640139324e-20
802.1417029102911 1.0752574341310159e-20
802.2406815481548 1.0751393300375503e-20
802.3396601860186 1.0750212517251498e-20
802.4386388238825 1.0749031991854334e-20
802.5376174617462 1.0747851724100221e-20
802.63659609961 1.0746671713905432e-20
802.7355747374737 1.0745491961186241e-20
802.8345533753376 1.0744312465858985e-20
802.9335320132013 1.0743133227840028e-20
803.0325106510651 1.0741954247045772e-20
803.131489288929 1.0740775523392645e-20
803.2304679267927 1.0739597056797127e-20
803.3294465646565 1.0738418847175719e-20
803.4284252025203 1.0737240894444971e-20
803.5274038403841 1.0736063198521457e-20
803.6263824782478 1.0734885759321796e-20
803.7253611161117 1.073370857676264e-20
803.8243397539754 1.0732531650760673e-20
803.9233183918392 1.0731354981232613e-20
804.0222970297029 1.0730178568095226e-20
804.1212756675668 1.0729002411265301e-20
804.2202543054306 1.0727826510659676e-20
804.3192329432943 1.0726650866195206e-20
804.4182115811582 1.0725475477788796e-20
804.5171902190219 1.0724300345357385e-20
804.6161688568857 1.0723125468817948e-20
804.7151474947495 1.0721950848087483e-20
804.8141261326133 1.0720776483083046e-20
804.913104770477 1.0719602373721703e-20
805.0120834083408 1.0718428519920581e-20
805.1110620462047 1.0717254921596821e-20
805.2100406840684 1.0716081578667619e-20
805.3090193219322 1.0714908491050182e-20
805.407997959796 1.071373565866178e-20
805.5069765976598 1.07125630814197e-20
805.6059552355235 1.0711390759241273e-20
805.7049338733874 1.0710218692043855e-20
805.8039125112512 1.0709046879744853e-20
805.9028911491149 1.0707875322261696e-20
806.0018697869787 1.0706704019511854e-20
806.1008484248425 1.0705532971412828e-20
806.1998270627063 1.0704362177882169e-20
806.29880570057 1.0703191638837443e-20
806.3977843384339 1.0702021354196263e-20
806.4967629762976 1.0700851323876277e-20
806.5957416141614 1.0699681547795162e-20
806.6947202520253 1.069851202587064e-20
806.793698889889 1.069734275802046e-20
806.8926775277528 1.0696173744162407e-20
806.9916561656166 1.0695004984214303e-20
807.0906348034804 1.069383647809401e-20
807.1896134413441 1.0692668225719419e-20
807.2885920792079 1.0691500227008455e-20
807.3875707170718 1.0690332481879076e-20
807.4865493549355 1.0689164990249286e-20
807.5855279927993 1.0687997752037125e-20
807.6845066306631 1.0686830767160649e-20
807.7834852685269 1.0685664035537964e-20
807.8824639063906 1.0684497557087207e-20
807.9814425442545 1.0683331331726554e-20
808.0804211821182 1.0682165359374212e-20
808.179399819982 1.0680999639948421e-20
808.2783784578457 1.067983417336747e-20
808.3773570957096 1.0678668959549656e-20
808.4763357335734 1.0677503998413331e-20
808.5753143714371 1.0676339289876887e-20
808.674293009301 1.0675174833858729e-20
808.7732716471647 1.0674010630277321e-20
808.8722502850285 1.0672846679051138e-20
808.9712289228924 1.0671682980098708e-20
809.0702075607561 1.067051953333859e-20
809.1691861986199 1.0669356338689375e-20
809.2681648364837 1.0668193396069683e-20
809.3671434743475 1.0667030705398181e-20
809.4661221122112 1.0665868266593566e-20
809.565100750075 1.0664706079574562e-20
809.6640793879388 1.0663544144259934e-20
809.7630580258026 1.0662382460568492e-20
809.8620366636663 1.0661221028419061e-20
809.9610153015302 1.0660059847730512e-20
810.059993939394 1.0658898918421751e-20
810.1589725772577 1.0657738240411715e-20
810.2579512151216 1.0656577813619373e-20
810.3569298529853 1.0655417637963738e-20
810.4559084908491 1.0654257713363848e-20
810.5548871287128 1.0653098039738783e-20
810.6538657665767 1.065193861700765e-20
810.7528444044405 1.0650779445089599e-20
810.8518230423042 1.0649620523903806e-20
810.9508016801681 1.0648461853369489e-20
811.0497803180318 1.0647303433405894e-20
811.1487589558956 1.0646145263932304e-20
811.2477375937594 1.0644987344868036e-20
811.3467162316232 1.0643829676132445e-20
811.4456948694869 1.0642672257644916e-20
811.5446735073508 1.0641515089324866e-20
811.6436521452146 1.0640358171091759e-20
811.7426307830783 1.0639201502865075e-20
811.8416094209421 1.0638045084564343e-20
811.9405880588059 1.0636888916109119e-20
812.0395666966697 1.0635732997418993e-20
812.1385453345334 1.0634577328413592e-20
812.2375239723973 1.0633421909012583e-20
812.336502610261 1.0632266739135654e-20
812.4354812481248 1.0631111818702535e-20
812.5344598859887 1.0629957147632991e-20
812.6334385238524 1.0628802725846813e-20
812.7324171617162 1.0627648553263842e-20
812.8313957995799 1.0626494629803945e-20
812.9303744374438 1.0625340955387004e-20
813.0293530753075 1.0624187529932972e-20
813.1283317131713 1.0623034353361804e-20
813.2273103510352 1.0621881425593507e-20
813.3262889888989 1.0620728746548116e-20
813.4252676267627 1.0619576316145702e-20
813.5242462646265 1.0618424134306365e-20
813.6232249024903 1.0617272200950249e-20
813.722203540354 1.0616120515997518e-20
813.8211821782179 1.061496907936838e-20
813.9201608160816 1.061381789098308e-20
814.0191394539454 1.0612666950761883e-20
814.1181180918092 1.0611516258625104e-20
814.217096729673 1.0610365814493078e-20
814.3160753675368 1.0609215618286178e-20
814.4150540054005 1.0608065669924823e-20
814.5140326432644 1.0606915969329445e-20
814.6130112811281 1.0605766516420527e-20
814.7119899189919 1.0604617311118576e-20
814.8109685568558 1.0603468353344136e-20
814.9099471947195 1.0602319643017784e-20
815.0089258325833 1.0601171180060131e-20
815.107904470447 1.0600022964391825e-20
815.2068831083109 1.0598874995933542e-20
815.3058617461746 1.0597727274605994e-20
815.4048403840384 1.0596579800329932e-20
815.5038190219022 1.0595432573026126e-20
815.602797659766 1.0594285592615397e-20
815.7017762976297 1.0593138859018585e-20
815.8007549354936 1.0591992372156579e-20
815.8997335733574 1.0590846131950285e-20
815.9987122112211 1.0589700138320658e-20
816.0976908490849 1.0588554391188675e-20
816.1966694869487 1.0587408890475347e-20
816.2956481248125 1.0586263636101724e-20
816.3946267626762 1.0585118627988891e-20
816.4936054005401 1.058397386605796e-20
816.5925840384039 1.0582829350230078e-20
816.6915626762676 1.0581685080426427e-20
816.7905413141315 1.0580541056568224e-20
816.8895199519952 1.0579397278576716e-20
816.988498589859 1.0578253746373189e-20
817.0874772277228 1.0577110459878953e-20
817.1864558655866 1.0575967419015355e-20
817.2854345034503 1.0574824623703781e-20
817.3844131413141 1.0573682073865645e-20
817.483391779178 1.057253976942239e-20
817.5823704170417 1.057139771029551e-20
817.6813490549055 1.057025589640651e-20
817.7803276927693 1.0569114327676939e-20
817.8793063306331 1.056797300402838e-20
817.9782849684968 1.0566831925382449e-20
818.0772636063607 1.0565691091660789e-20
818.1762422442245 1.0564550502785082e-20
818.2752208820882 1.0563410158677049e-20
818.374199519952 1.0562270059258429e-20
818.4731781578158 1.0561130204451e-20
818.5721567956796 1.0559990594176587e-20
818.6711354335433 1.0558851228357024e-20
818.7701140714072 1.0557712106914196e-20
818.869092709271 1.0556573229770011e-20
818.9680713471347 1.0555434596846421e-20
819.0670499849986 1.05542962080654e-20
819.1660286228623 1.0553158063348964e-20
819.2650072607261 1.0552020162619151e-20
819.3639858985899 1.0550882505798039e-20
819.4629645364537 1.0549745092807742e-20
819.5619431743174 1.0548607923570403e-20
819.6609218121812 1.054747099800819e-20
819.759900450045 1.0546334316043322e-20
819.8588790879088 1.0545197877598034e-20
819.9578577257726 1.0544061682594605e-20
820.0568363636364 1.0542925730955337e-20
820.1558150015002 1.0541790022602578e-20
820.2547936393639 1.054065455745869e-20
820.3537722772278 1.0539519335446093e-20
820.4527509150915 1.0538384356487213e-20
820.5517295529553 1.0537249620504526e-20
820.650708190819 1.0536115127420534e-20
820.7496868286829 1.0534980877157775e-20
820.8486654665467 1.053384686963882e-20
820.9476441044104 1.0532713104786268e-20
821.0466227422743 1.0531579582522755e-20
821.145601380138 1.0530446302770949e-20
821.2445800180018 1.0529313265453547e-20
821.3435586558656 1.0528180470493287e-20
821.4425372937294 1.0527047917812928e-20
821.5415159315932 1.052591560733527e-20
821.640494569457 1.0524783538983139e-20
821.7394732073208 1.052365171267941e-20
821.8384518451845 1.0522520128346968e-20
821.9374304830483 1.0521388785908739e-20
822.0364091209121 1.0520257685287685e-20
822.1353877587759 1.0519126826406806e-20
822.2343663966396 1.0517996209189122e-20
822.3333450345035 1.0516865833557691e-20
822.4323236723673 1.0515735699435595e-20
822.531302310231 1.0514605806745971e-20
822.6302809480949 1.0513476155411963e-20
822.7292595859586 1.0512346745356762e-20
822.8282382238224 1.0511217576503583e-20
822.9272168616861 1.0510088648775688e-20
823.02619549955 1.050895996209635e-20
823.1251741374138 1.0507831516388892e-20
823.2241527752775 1.0506703311576658e-20
823.3231314131414 1.0505575347583035e-20
823.4221100510051 1.0504447624331429e-20
823.5210886888689 1.050332014174529e-20
823.6200673267327 1.0502192899748092e-20
823.7190459645965 1.0501065898263351e-20
823.8180246024602 1.0499939137214603e-20
823.9170032403241 1.0498812616525427e-20
824.0159818781879 1.049768633611942e-20
824.1149605160516 1.0496560295920235e-20
824.2139391539154 1.0495434495851531e-20
824.3129177917792 1.0494308935837017e-20
824.411896429643 1.049318361580042e-20
824.5108750675067 1.0492058535665515e-20
824.6098537053706 1.0490933695356094e-20
824.7088323432343 1.0489809094795993e-20
824.8078109810981 1.0488684733909074e-20
824.906789618962 1.0487560612619224e-20
825.0057682568257 1.0486436730850383e-20
825.1047468946895 1.0485313088526503e-20
825.2037255325532 1.0484189685571572e-20
825.3027041704171 1.0483066521909615e-20
825.4016828082808 1.0481943597464688e-20
825.5006614461446 1.0480820912160878e-20
825.5996400840085 1.04796984659223e-20
825.6986187218722 1.0478576258673102e-20
825.797597359736 1.0477454290337475e-20
825.8965759975998 1.0476332560839628e-20
825.9955546354636 1.0475211070103802e-20
826.0945332733273 1.0474089818054282e-20
826.1935119111912 1.0472968804615367e-20
826.292490549055 1.047184802971141e-20
826.3914691869187 1.047072749326678e-20
826.4904478247824 1.046960719520588e-20
826.5894264626463 1.0468487135453144e-20
826.6884051005101 1.0467367313933042e-20
826.7873837383738 1.0466247730570073e-20
826.8863623762377 1.0465128385288767e-20
826.9853410141014 1.046400927801369e-20
827.0843196519652 1.0462890408669436e-20
827.183298289829 1.0461771777180627e-20
827.2822769276928 1.0460653383471927e-20
827.3812555655566 1.045953522746802e-20
827.4802342034203 1.045841730909363e-20
827.5792128412842 1.0457299628273504e-20
827.6781914791479 1.0456182184932437e-20
827.7771701170117 1.0455064978995229e-20
827.8761487548755 1.0453948010386744e-20
827.9751273927393 1.0452831279031842e-20
828.074106030603 1.045171478485545e-20
828.1730846684669 1.0450598527782493e-20
828.2720633063307 1.044948250773796e-20
828.3710419441944 1.0448366724646845e-20
828.4700205820582 1.0447251178434191e-20
828.568999219922 1.0446135869025055e-20
828.6679778577858 1.044502079634454e-20
828.7669564956495 1.0443905960317779e-20
828.8659351335134 1.044279136086993e-20
828.9649137713772 1.044167699792618e-20
829.0638924092409 1.0440562871411764e-20
829.1628710471048 1.043944898125193e-20
829.2618496849685 1.0438335327371963e-20
829.3608283228323 1.043722190969718e-20
829.4598069606961 1.0436108728152937e-20
829.5587855985599 1.0434995782664605e-20
829.6577642364236 1.0433883073157603e-20
829.7567428742874 1.0432770599557367e-20
829.8557215121513 1.043165836178937e-20
829.954700150015 1.0430546359779125e-20
830.0536787878788 1.0429434593452154e-20
830.1526574257426 1.0428323062734036e-20
830.2516360636064 1.0427211767550373e-20
830.3506147014701 1.0426100707826777e-20
830.449593339334 1.0424989883488918e-20
830.5485719771978 1.0423879294462487e-20
830.6475506150615 1.0422768940673207e-20
830.7465292529253 1.0421658822046829e-20
830.8455078907891 1.0420548938509138e-20
830.9444865286529 1.0419439289985949e-20
831.0434651665166 1.0418329876403111e-20
831.1424438043805 1.0417220697686493e-20
831.2414224422442 1.0416111753762018e-20
831.340401080108 1.0415003044555608e-20
831.4393797179719 1.0413894569993247e-20
831.5383583558356 1.0412786330000926e-20
831.6373369936994 1.0411678324504685e-20
831.7363156315632 1.0410570553430578e-20
831.835294269427 1.0409463016704707e-20
831.9342729072907 1.0408355714253193e-20
832.0332515451545 1.0407248646002187e-20
832.1322301830184 1.0406141811877882e-20
832.2312088208821 1.0405035211806487e-20
832.3301874587459 1.0403928845714255e-20
832.4291660966097 1.0402822713527468e-20
832.5281447344735 1.0401716815172429e-20
832.6271233723372 1.0400611150575478e-20
832.7261020102011 1.0399505719662983e-20
832.8250806480648 1.039840052236135e-20
832.9240592859286 1.0397295558597015e-20
833.0230379237923 1.0396190828296433e-20
833.1220165616562 1.0395086331386099e-20
833.22099519952 1.0393982067792534e-20
833.3199738373837 1.0392878037442297e-20
833.4189524752476 1.0391774240261974e-20
833.5179311131113 1.0390670676178176e-20
833.6169097509751 1.0389567345117551e-20
833.715888388839 1.0388464247006776e-20
833.8148670267027 1.038736138177256e-20
833.9138456645665 1.0386258749341636e-20
834.0128243024303 1.0385156349640776e-20
834.1118029402941 1.0384054182596778e-20
834.2107815781578 1.0382952248136474e-20
834.3097602160216 1.0381850546186717e-20
834.4087388538854 1.0380749076674402e-20
834.5077174917492 1.0379647839526449e-20
834.6066961296129 1.0378546834669807e-20
834.7056747674768 1.0377446062031459e-20
834.8046534053406 1.0376345521538417e-20
834.9036320432043 1.037524521311772e-20
835.0026106810682 1.0374145136696445e-20
835.1015893189319 1.0373045292201689e-20
835.2005679567957 1.0371945679560596e-20
835.2995465946594 1.0370846298700316e-20
835.3985252325233 1.0369747149548051e-20
835.497503870387 1.0368648232031024e-20
835.5964825082508 1.0367549546076483e-20
835.6954611461147 1.0366451091611719e-20
835.7944397839784 1.0365352868564046e-20
835.8934184218422 1.036425487686081e-20
835.992397059706 1.036315711642938e-20
836.0913756975698 1.0362059587197166e-20
836.1903543354335 1.0360962289091602e-20
836.2893329732974 1.0359865222040152e-20
836.3883116111612 1.0358768385970315e-20
836.4872902490249 1.0357671780809613e-20
836.5862688868887 1.0356575406485607e-20
836.6852475247525 1.035547926292588e-20
836.7842261626163 1.0354383350058045e-20
836.88320480048 1.0353287667809752e-20
836.9821834383439 1.0352192216108674e-20
837.0811620762076 1.0351096994882519e-20
837.1801407140714 1.0350002004059025e-20
837.2791193519353 1.0348907243565956e-20
837.378097989799 1.0347812713331109e-20
837.4770766276628 1.0346718413282309e-20
837.5760552655265 1.0345624343347408e-20
837.6750339033904 1.0344530503454302e-20
837.7740125412541 1.0343436893530895e-20
837.8729911791179 1.0342343513505144e-20
837.9719698169818 1.0341250363305015e-20
838.0709484548455 1.034015744285852e-20
838.1699270927093 1.0339064752093689e-20
838.2689057305731 1.0337972290938592e-20
838.3678843684369 1.033688005932132e-20
838.4668630063006 1.0335788057170001e-20
838.5658416441644 1.0334696284412786e-20
838.6648202820282 1.0333604740977868e-20
838.763798919892 1.0332513426793445e-20
838.8627775577557 1.0331422341787776e-20
838.9617561956196 1.033033148588913e-20
839.0607348334834 1.0329240859025807e-20
839.1597134713471 1.0328150461126142e-20
839.258692109211 1.0327060292118496e-20
839.3576707470747 1.0325970351931268e-20
839.4566493849385 1.0324880640492871e-20
839.5556280228024 1.032379115773176e-20
839.6546066606661 1.0322701903576415e-20
839.7535852985299 1.032161287795535e-20
839.8525639363936 1.0320524080797107e-20
839.9515425742575 1.0319435512030254e-20
840.0505212121212 1.0318347171583386e-20
840.149499849985 1.0317259059385134e-20
840.2484784878488 1.031617117536416e-20
840.3474571257126 1.0315083519449149e-20
840.4464357635763 1.0313996091568821e-20
840.5454144014402 1.0312908891651922e-20
840.644393039304 1.0311821919627228e-20
840.7433716771677 1.0310735175423548e-20
840.8423503150315 1.0309648658969712e-20
840.9413289528953 1.030856237019459e-20
841.0403075907591 1.0307476309027073e-20
841.1392862286228 1.0306390475396086e-20
841.2382648664867 1.0305304869230584e-20
841.3372435043505 1.0304219490459543e-20
841.4362221422142 1.0303134339011984e-20
841.5352007800781 1.0302049414816941e-20
841.6341794179418 1.0300964717803491e-20
841.7331580558056 1.0299880247900726e-20
841.8321366936694 1.0298796005037776e-20
841.9311153315332 1.0297711989143803e-20
842.030093969397 1.0296628200147999e-20
842.1290726072607 1.029554463797957e-20
842.2280512451246 1.029446130256777e-20
842.3270298829883 1.029337819384187e-20
842.4260085208521 1.029229531173118e-20
842.5249871587159 1.0291212656165026e-20
842.6239657965797 1.0290130227072775e-20
842.7229444344434 1.0289048024383818e-20
842.8219230723073 1.0287966048027577e-20
842.920901710171 1.0286884297933502e-20
843.0198803480348 1.0285802774031077e-20
843.1188589858986 1.02847214762498e-20
843.2178376237624 1.0283640404519214e-20
843.3168162616262 1.0282559558768887e-20
843.4157948994899 1.0281478938928413e-20
843.5147735373538 1.0280398544927416e-20
843.6137521752175 1.0279318376695555e-20
843.7127308130813 1.0278238434162508e-20
843.8117094509452 1.027715871725798e-20
843.9106880888089 1.0276079225911724e-20
844.0096667266727 1.027499996005351e-20
844.1086453645365 1.0273920919613125e-20
844.2076240024003 1.02728421045204e-20
844.306602640264 1.0271763514705195e-20
844.4055812781278 1.0270685150097398e-20
844.5045599159916 1.0269607010626914e-20
844.6035385538554 1.0268529096223695e-20
844.7025171917192 1.0267451406817709e-20
844.801495829583 1.0266373942338956e-20
844.9004744674468 1.0265296702717467e-20
844.9994531053105 1.02642196878833e-20
845.0984317431744 1.0263142897766543e-20
845.1974103810381 1.0262066332297313e-20
845.2963890189019 1.0260989991405751e-20
845.3953676567656 1.0259913875022034e-20
845.4943462946295 1.025883798307636e-20
845.5933249324933 1.0257762315498964e-20
845.692303570357 1.0256686872220104e-20
845.7912822082209 1.0255611653170072e-20
845.8902608460846 1.0254536658279179e-20
845.9892394839484 1.0253461887477775e-20
846.0882181218122 1.0252387340696234e-20
846.187196759676 1.0251313017864954e-20
846.2861753975398 1.0250238918914378e-20
846.3851540354036 1.0249165043774954e-20
846.4841326732674 1.0248091392377178e-20
846.5831113111311 1.0247017964651564e-20
846.6820899489949 1.0245944760528658e-20
846.7810685868587 1.0244871779939042e-20
846.8800472247225 1.0243799022813307e-20
846.9790258625862 1.0242726489082093e-20
847.0780045004501 1.0241654178676057e-20
847.1769831383139 1.0240582091525888e-20
847.2759617761776 1.0239510227562305e-20
847.3749404140415 1.0238438586716052e-20
847.4739190519052 1.02373671689179e-20
847.572897689769 1.0236295974098658e-20
847.6718763276327 1.0235225002189154e-20
847.7708549654966 1.0234154253120239e-20
847.8698336033603 1.0233083726822814e-20
847.9688122412241 1.0232013423227789e-20
848.067790879088 1.0230943342266104e-20
848.1667695169517 1.0229873483868741e-20
848.2657481548155 1.0228803847966697e-20
848.3647267926793 1.0227734434490997e-20
848.4637054305431 1.0226665243372704e-20
848.5626840684068 1.0225596274542904e-20
848.6616627062706 1.0224527527932708e-20
848.7606413441345 1.0223459003473258e-20
848.8596199819982 1.0222390701095731e-20
848.958598619862 1.022132262073132e-20
849.0575772577258 1.0220254762311251e-20
849.1565558955896 1.0219187125766785e-20
849.2555345334533 1.0218119711029202e-20
849.3545131713172 1.0217052518029814e-20
849.453491809181 1.0215985546699966e-20
849.5524704470447 1.0214918796971021e-20
849.6514490849086 1.021385226877437e-20
849.7504277227723 1.0212785962041448e-20
849.8494063606361 1.0211719876703699e-20
849.9483849984998 1.021065401269261e-20
850.0473636363637 1.0209588369939688e-20
850.1463422742274 1.0208522948376466e-20
850.2453209120912 1.020745774793451e-20
850.344299549955 1.0206392768545417e-20
850.4432781878188 1.0205328010140804e-20
850.5422568256826 1.020426347265232e-20
850.6412354635464 1.0203199156011636e-20
850.7402141014102 1.0202135060150475e-20
850.8391927392739 1.0201071185000547e-20
850.9381713771377 1.0200007530493626e-20
851.0371500150015 1.0198944096561498e-20
851.1361286528653 1.0197880883135981e-20
851.235107290729 1.0196817890148916e-20
851.3340859285929 1.0195755117532181e-20
851.4330645664567 1.0194692565217662e-20
851.5320432043204 1.0193630233137306e-20
851.6310218421843 1.0192568121223051e-20
851.730000480048 1.0191506229406895e-20
851.8289791179118 1.0190444557620845e-20
851.9279577557757 1.0189383105796934e-20
852.0269363936394 1.0188321873867237e-20
852.1259150315032 1.018726086176385e-20
852.2248936693669 1.0186200069418885e-20
852.3238723072308 1.0185139496764505e-20
852.4228509450945 1.0184079143732877e-20
852.5218295829583 1.0183019010256216e-20
852.6208082208221 1.0181959096266749e-20
852.7197868586859 1.018089940169674e-20
852.8187654965496 1.017983992647848e-20
852.9177441344135 1.0178780670544277e-20
853.0167227722773 1.0177721633826486e-20
853.115701410141 1.0176662816257479e-20
853.2146800480048 1.0175604217769644e-20
853.3136586858686 1.0174545838295417e-20
853.4126373237324 1.017348767776725e-20
853.5116159615961 1.0172429736117629e-20
853.61059459946 1.0171372013279059e-20
853.7095732373238 1.0170314509184078e-20
853.8085518751875 1.0169257223765252e-20
853.9075305130514 1.0168200156955173e-20
854.0065091509151 1.0167143308686462e-20
854.1054877887789 1.0166086678891769e-20
854.2044664266427 1.0165030267503763e-20
854.3034450645065 1.016397407445515e-20
854.4024237023702 1.0162918099678658e-20
854.501402340234 1.0161862343107045e-20
854.6003809780979 1.0160806804673097e-20
854.6993596159616 1.0159751484309627e-20
854.7983382538254 1.0158696381949473e-20
854.8973168916892 1.0157641497525497e-20
854.996295529553 1.0156586830970604e-20
855.0952741674167 1.0155532382217706e-20
855.1942528052806 1.0154478151199756e-20
855.2932314431444 1.0153424137849732e-20
855.3922100810081 1.0152370342100635e-20
855.4911887188719 1.0151316763885496e-20
855.5901673567357 1.0150263403137373e-20
855.6891459945995 1.0149210259789357e-20
855.7881246324632 1.0148157333774553e-20
855.8871032703271 1.01471046250261e-20
855.9860819081908 1.0146052133477174e-20
856.0850605460546 1.0144999859060966e-20
856.1840391839185 1.0143947801710693e-20
856.2830178217822 1.014289596135961e-20
856.381996459646 1.0141844337940992e-20
856.4809750975098 1.014079293138814e-20
856.5799537353736 1.0139741741634382e-20
856.6789323732373 1.0138690768613081e-20
856.7779110111011 1.013764001225762e-20
856.876889648965 1.013658947250141e-20
856.9758682868287 1.0135539149277886e-20
857.0748469246925 1.0134489042520523e-20
857.1738255625563 1.0133439152162808e-20
857.2728042004201 1.0132389478138262e-20
857.3717828382838 1.0131340020380432e-20
857.4707614761477 1.0130290778822888e-20
857.5697401140114 1.0129241753399238e-20
857.6687187518752 1.0128192944043107e-20
857.7676973897389 1.0127144350688152e-20
857.8666760276028 1.0126095973268054e-20
857.9656546654666 1.0125047811716517e-20
858.0646333033303 1.0123999865967284e-20
858.1636119411942 1.0122952135954115e-20
858.2625905790579 1.0121904621610807e-20
858.3615692169217 1.0120857322871164e-20
858.4605478547855 1.0119810239669036e-20
858.5595264926493 1.0118763371938293e-20
858.658505130513 1.0117716719612835e-20
858.7574837683769 1.0116670282626577e-20
858.8564624062407 1.011562406091349e-20
858.9554410441044 1.0114578054407528e-20
859.0544196819682 1.0113532263042713e-20
859.153398319832 1.0112486686753067e-20
859.2523769576958 1.0111441325472652e-20
859.3513555955595 1.011039617913555e-20
859.4503342334234 1.0109351247675881e-20
859.5493128712872 1.0108306531027774e-20
859.6482915091509 1.0107262029125402e-20
859.7472701470148 1.010621774190295e-20
859.8462487848785 1.0105173669294641e-20
859.9452274227423 1.0104129811234719e-20
860.044206060606 1.010308616765746e-20
860.1431846984699 1.0102042738497156e-20
860.2421633363336 1.0100999523688135e-20
860.3411419741974 1.0099956523164755e-20
860.4401206120613 1.0098913736861383e-20
860.539099249925 1.0097871164712433e-20
860.6380778877888 1.0096828806652334e-20
860.7370565256526 1.0095786662615548e-20
860.8360351635164 1.0094744732536555e-20
860.9350138013801 1.0093703016349869e-20
861.0339924392439 1.0092661513990028e-20
861.1329710771078 1.0091620225391594e-20
861.2319497149715 1.0090579150489164e-20
861.3309283528353 1.0089538289217352e-20
861.4299069906991 1.0088497641510797e-20
861.5288856285629 1.0087457207304185e-20
861.6278642664266 1.0086416986532192e-20
861.7268429042905 1.0085376979129558e-20
861.8258215421542 1.0084337185031033e-20
861.924800180018 1.008329760417138e-20
862.0237788178819 1.0082258236485413e-20
862.1227574557456 1.0081219081907958e-20
862.2217360936094 1.0080180140373872e-20
862.3207147314731 1.0079141411818035e-20
862.419693369337 1.0078102896175354e-20
862.5186720072007 1.0077064593380763e-20
862.6176506450645 1.007602650336923e-20
862.7166292829284 1.0074988626075735e-20
862.8156079207921 1.0073950961435301e-20
862.9145865586559 1.0072913509382956e-20
863.0135651965197 1.0071876269853774e-20
863.1125438343835 1.0070839242782841e-20
863.2115224722472 1.0069802428105281e-20
863.310501110111 1.0068765825756243e-20
863.4094797479748 1.0067729435670888e-20
863.5084583858386 1.0066693257784418e-20
863.6074370237023 1.0065657292032061e-20
863.7064156615662 1.0064621538349057e-20
863.80539429943 1.0063585996670693e-20
863.9043729372937 1.0062550666932258e-20
864.0033515751576 1.0061515549069095e-20
864.1023302130213 1.0060480643016548e-20
864.2013088508851 1.0059445948710001e-20
864.300287488749 1.005841146608486e-20
864.3992661266127 1.0057377195076561e-20
864.4982447644765 1.0056343135620556e-20
864.5972234023402 1.0055309287652331e-20
864.6962020402041 1.0054275651107402e-20
864.7951806780678 1.0053242225921306e-20
864.8941593159316 1.0052209012029601e-20
864.9931379537954 1.0051176009367876e-20
865.0921165916592 1.0050143217871753e-20
865.191095229523 1.0049110637476865e-20
865.2900738673868 1.0048078268118883e-20
865.3890525052506 1.0047046109733498e-20
865.4880311431143 1.0046014162256432e-20
865.5870097809781 1.0044982425623427e-20
865.6859884188419 1.004395089977025e-20
865.7849670567057 1.0042919584632705e-20
865.8839456945694 1.0041888480146613e-20
865.9829243324333 1.0040857586247819e-20
866.081902970297 1.00398269028722e-20
866.1808816081608 1.0038796429955658e-20
866.2798602460247 1.0037766167434111e-20
866.3788388838884 1.0036736115243515e-20
866.4778175217522 1.0035706273319857e-20
866.576796159616 1.0034676641599122e-20
866.6757747974798 1.0033647220017357e-20
866.7747534353435 1.0032618008510605e-20
866.8737320732073 1.0031589007014954e-20
866.9727107110712 1.0030560215466505e-20
867.0716893489349 1.0029531633801397e-20
867.1706679867987 1.002850326195578e-20
867.2696466246625 1.002747509986584e-20
867.3686252625263 1.0026447147467794e-20
867.46760390039 1.002541940469787e-20
867.5665825382539 1.0024391871492326e-20
867.6655611761176 1.0023364547787458e-20
867.7645398139814 1.002233743351957e-20
867.8635184518452 1.0021310528625001e-20
867.962497089709 1.0020283833040116e-20
868.0614757275728 1.0019257346701308e-20
868.1604543654365 1.0018231069544986e-20
868.2594330033004 1.0017205001507586e-20
868.3584116411641 1.0016179142525588e-20
868.4573902790279 1.0015153492535469e-20
868.5563689168918 1.0014128051473753e-20
868.6553475547555 1.0013102819276984e-20
868.7543261926193 1.0012077795881727e-20
868.8533048304831 1.0011052981224571e-20
868.9522834683469 1.001002837524214e-20
869.0512621062106 1.000900397787108e-20
869.1502407440744 1.0007979789048062e-20
869.2492193819382 1.0006955808709775e-20
869.348198019802 1.0005932036792944e-20
869.4471766576658 1.0004908473234314e-20
869.5461552955296 1.0003885117970655e-20
869.6451339333934 1.0002861970938773e-20
869.7441125712571 1.0001839032075478e-20
869.843091209121 1.0000816301317622e-20
869.9420698469847 9.999793778602086e-21
870.0410484848485 9.998771463865759e-21
870.1400271227122 9.997749357045567e-21
870.2390057605761 9.996727458078463e-21
870.3379843984399 9.995705766901422e-21
870.4369630363036 9.994684283451437e-21
870.5359416741675 9.993663007665538e-21
870.6349203120312 9.99264193948078e-21
870.733898949895 9.991621078834233e-21
870.8328775877588 9.990600425662993e-21
870.9318562256226 9.9895799799042e-21
871.0308348634863 9.988559741494994e-21
871.1298135013501 9.987539710372556e-21
871.228792139214 9.986519886474088e-21
871.3277707770777 9.985500269736818e-21
871.4267494149415 9.984480860097996e-21
871.5257280528053 9.983461657494898e-21
871.6247066906691 9.982442661864837e-21
871.7236853285328 9.981423873145126e-21
871.8226639663967 9.980405291273125e-21
871.9216426042605 9.97938691618622e-21
872.0206212421242 9.978368747821803e-21
872.1195998799881 9.977350786117303e-21
872.2185785178518 9.976333031010178e-21
872.3175571557156 9.975315482437904e-21
872.4165357935793 9.974298140337985e-21
872.5155144314432 9.973281004647951e-21
872.614493069307 9.972264075305353e-21
872.7134717071707 9.971247352247774e-21
872.8124503450346 9.970230835412811e-21
872.9114289828983 9.969214524738098e-21
873.0104076207621 9.968198420161285e-21
873.1093862586259 9.96718252162005e-21
873.2083648964897 9.966166829052105e-21
873.3073435343534 9.965151342395172e-21
873.4063221722172 9.964136061587002e-21
873.505300810081 9.963120986565376e-21
873.6042794479448 9.962106117268101e-21
873.7032580858086 9.961091453632996e-21
873.8022367236724 9.960076995597923e-21
873.9012153615362 9.959062743100756e-21
874.0001939993999 9.958048696079397e-21
874.0991726372638 9.957034854471774e-21
874.1981512751275 9.95602121821584e-21
874.2971299129913 9.955007787249576e-21
874.3961085508552 9.95399456151098e-21
874.4950871887189 9.95298154093808e-21
874.5940658265827 9.951968725468927e-21
874.6930444644464 9.950956115041595e-21
874.7920231023103 9.949943709594191e-21
874.891001740174 9.948931509064836e-21
874.9899803780378 9.947919513391683e-21
875.0889590159017 9.946907722512904e-21
875.1879376537654 9.945896136366707e-21
875.2869162916292 9.944884754891311e-21
875.385894929493 9.943873578024966e-21
875.4848735673568 9.942862605705945e-21
875.5838522052205 9.941851837872548e-21
875.6828308430843 9.9408412744631e-21
875.7818094809481 9.93983091541595e-21
875.8807881188119 9.938820760669467e-21
875.9797667566756 9.93781081016205e-21
876.0787453945395 9.936801063832124e-21
876.1777240324033 9.935791521618133e-21
876.276702670267 9.934782183458546e-21
876.3756813081309 9.93377304929186e-21
876.4746599459946 9.9327641190566e-21
876.5736385838584 9.931755392691304e-21
876.6726172217222 9.930746870134542e-21
876.771595859586 9.929738551324916e-21
876.8705744974498 9.928730436201037e-21
876.9695531353135 9.927722524701548e-21
877.0685317731774 9.926714816765118e-21
877.1675104110411 9.925707312330438e-21
877.2664890489049 9.924700011336226e-21
877.3654676867687 9.923692913721222e-21
877.4644463246325 9.922686019424191e-21
877.5634249624962 9.921679328383924e-21
877.6624036003601 9.920672840539231e-21
877.7613822382239 9.919666555828951e-21
877.8603608760876 9.918660474191955e-21
877.9593395139514 9.91765459556712e-21
878.0583181518152 9.91664891989336e-21
878.157296789679 9.915643447109615e-21
878.2562754275427 9.914638177154839e-21
878.3552540654066 9.913633109968026e-21
878.4542327032703 9.91262824548817e-21
878.5532113411341 9.911623583654324e-21
878.652189978998 9.910619124405527e-21
878.7511686168617 9.90961486768087e-21
878.8501472547255 9.908610813419454e-21
878.9491258925893 9.907606961560416e-21
879.0481045304531 9.906603312042902e-21
879.1470831683168 9.905599864806102e-21
879.2460618061806 9.904596619789207e-21
879.3450404440445 9.903593576931452e-21
879.4440190819082 9.902590736172086e-21
879.542997719772 9.901588097450384e-21
879.6419763576358 9.900585660705644e-21
879.7409549954996 9.899583425877196e-21
879.8399336333633 9.898581392904379e-21
879.9389122712272 9.897579561726568e-21
880.037890909091 9.896577932283163e-21
880.1368695469547 9.895576504513588e-21
880.2358481848185 9.894575278357271e-21
880.3348268226823 9.893574253753699e-21
880.4338054605461 9.892573430642356e-21
880.5327840984098 9.891572808962758e-21
880.6317627362737 9.890572388654445e-21
880.7307413741374 9.889572169656985e-21
880.8297200120012 9.888572151909965e-21
880.928698649865 9.887572335353001e-21
881.0276772877288 9.886572719925725e-21
881.1266559255926 9.8855733055678e-21
881.2256345634564 9.884574092218909e-21
881.3246132013202 9.883575079818763e-21
881.4235918391839 9.882576268307096e-21
881.5225704770477 9.88157765762366e-21
881.6215491149115 9.880579247708236e-21
881.7205277527753 9.879581038500637e-21
881.819506390639 9.878583029940679e-21
881.9184850285029 9.877585221968221e-21
882.0174636663667 9.876587614523138e-21
882.1164423042304 9.875590207545333e-21
882.2154209420943 9.874593000974722e-21
882.314399579958 9.873595994751261e-21
882.4133782178218 9.872599188814918e-21
882.5123568556855 9.871602583105691e-21
882.6113354935494 9.87060617756359e-21
882.7103141314132 9.869609972128673e-21
882.8092927692769 9.868613966740993e-21
882.9082714071408 9.867618161340648e-21
883.0072500450045 9.866622555867747e-21
883.1062286828683 9.865627150262437e-21
883.2052073207321 9.864631944464874e-21
883.3041859585959 9.863636938415242e-21
883.4031645964596 9.862642132053753e-21
883.5021432343234 9.861647525320639e-21
883.6011218721873 9.860653118156157e-21
883.700100510051 9.859658910500587e-21
883.7990791479148 9.858664902294234e-21
883.8980577857786 9.857671093477424e-21
883.9970364236424 9.856677483990508e-21
884.0960150615061 9.855684073773867e-21
884.19499369937 9.854690862767892e-21
884.2939723372338 9.853697850913008e-21
884.3929509750975 9.85270503814966e-21
884.4919296129614 9.851712424418322e-21
884.5909082508251 9.850720009659479e-21
884.6898868886889 9.84972779381366e-21
884.7888655265526 9.848735776821391e-21
884.8878441644165 9.847743958623242e-21
884.9868228022802 9.846752339159804e-21
885.085801440144 9.845760918371681e-21
885.1847800780079 9.84476969619951e-21
885.2837587158716 9.843778672583952e-21
885.3827373537354 9.842787847465681e-21
885.4817159915992 9.841797220785406e-21
885.580694629463 9.840806792483856e-21
885.6796732673267 9.839816562501785e-21
885.7786519051905 9.838826530779962e-21
885.8776305430544 9.837836697259189e-21
885.9766091809181 9.836847061880284e-21
886.0755878187819 9.835857624584101e-21
886.1745664566457 9.8348683853115e-21
886.2735450945095 9.833879344003378e-21
886.3725237323732 9.832890500600647e-21
886.4715023702371 9.83190185504425e-21
886.5704810081008 9.830913407275144e-21
886.6694596459646 9.829925157234319e-21
886.7684382838285 9.828937104862781e-21
886.8674169216922 9.827949250101566e-21
886.966395559556 9.82696159289173e-21
887.0653741974197 9.825974133174341e-21
887.1643528352836 9.824986870890514e-21
887.2633314731473 9.823999805981368e-21
887.3623101110111 9.823012938388052e-21
887.461288748875 9.822026268051738e-21
887.5602673867387 9.821039794913621e-21
887.6592460246025 9.82005351891492e-21
887.7582246624663 9.819067439996882e-21
887.8572033003301 9.818081558100764e-21
887.9561819381938 9.817095873167852e-21
888.0551605760576 9.816110385139465e-21
888.1541392139214 9.81512509395693e-21
888.2531178517852 9.81413999956161e-21
888.3520964896489 9.813155101894884e-21
888.4510751275128 9.812170400898153e-21
888.5500537653766 9.811185896512848e-21
888.6490324032403 9.810201588680412e-21
888.7480110411042 9.80921747734233e-21
888.8469896789679 9.808233562440085e-21
888.9459683168317 9.807249843915206e-21
889.0449469546955 9.806266321709225e-21
889.1439255925593 9.805282995763724e-21
889.242904230423 9.80429986602027e-21
889.3418828682868 9.803316932420493e-21
889.4408615061507 9.802334194906013e-21
889.5398401440144 9.801351653418498e-21
889.6388187818782 9.800369307899625e-21
889.737797419742 9.799387158291093e-21
889.8367760576058 9.798405204534637e-21
889.9357546954695 9.797423446571998e-21
890.0347333333334 9.796441884344951e-21
890.1337119711972 9.795460517795293e-21
890.2326906090609 9.794479346864845e-21
890.3316692469247 9.79349837149544e-21
890.4306478847885 9.792517591628951e-21
890.5296265226523 9.791537007207256e-21
890.628605160516 9.790556618172267e-21
890.7275837983799 9.789576424465923e-21
890.8265624362436 9.788596426030169e-21
890.9255410741074 9.787616622806996e-21
891.0245197119713 9.786637014738397e-21
891.123498349835 9.785657601766395e-21
891.2224769876988 9.784678383833043e-21
891.3214556255626 9.783699360880403e-21
891.4204342634264 9.78272053285057e-21
891.5194129012901 9.781741899685663e-21
891.6183915391539 9.780763461327821e-21
891.7173701770178 9.7797852177192e-21
891.8163488148815 9.778807168801982e-21
891.9153274527453 9.777829314518375e-21
892.0143060906091 9.776851654810614e-21
892.1132847284729 9.775874189620945e-21
892.2122633663366 9.774896918891643e-21
892.3112420042005 9.773919842565003e-21
892.4102206420642 9.772942960583348e-21
892.509199279928 9.771966272889021e-21
892.6081779177917 9.770989779424388e-21
892.7071565556556 9.770013480131829e-21
892.8061351935194 9.769037374953763e-21
892.9051138313831 9.768061463832621e-21
893.004092469247 9.767085746710855e-21
893.1030711071107 9.766110223530949e-21
893.2020497449745 9.765134894235399e-21
893.3010283828384 9.76415975876673e-21
893.4000070207021 9.76318481706749e-21
893.4989856585659 9.762210069080246e-21
893.5979642964296 9.761235514747591e-21
893.6969429342935 9.760261154012133e-21
893.7959215721572 9.759286986816514e-21
893.894900210021 9.75831301310339e-21
893.9938788478848 9.757339232815443e-21
894.0928574857486 9.756365645895381e-21
894.1918361236123 9.755392252285925e-21
894.2908147614762 9.754419051929819e-21
894.38979339934 9.753446044769844e-21
894.4887720372037 9.752473230748792e-21
894.5877506750676 9.75150060980947e-21
894.6867293129313 9.750528181894732e-21
894.7857079507951 9.749555946947424e-21
894.8846865886588 9.748583904910438e-21
894.9836652265227 9.747612055726677e-21
895.0826438643865 9.74664039933907e-21
895.1816225022502 9.745668935690567e-21
895.2806011401141 9.74469766472414e-21
895.3795797779778 9.743726586382781e-21
895.4785584158416 9.742755700609518e-21
895.5775370537054 9.74178500734738e-21
895.6765156915692 9.74081450653944e-21
895.775494329433 9.739844198128773e-21
895.8744729672967 9.738874082058491e-21
895.9734516051606 9.737904158271718e-21
896.0724302430243 9.736934426711613e-21
896.1714088808881 9.735964887321342e-21
896.2703875187519 9.734995540044103e-21
896.3693661566157 9.734026384823115e-21
896.4683447944794 9.733057421601629e-21
896.5673234323433 9.732088650322888e-21
896.666302070207 9.731120070930192e-21
896.7652807080708 9.73015168336684e-21
896.8642593459347 9.729183487576168e-21
896.9632379837984 9.728215483501519e-21
897.0622166216622 9.727247671086272e-21
897.1611952595259 9.726280050273823e-21
897.2601738973898 9.725312621007589e-21
897.3591525352535 9.724345383231009e-21
897.4581311731173 9.723378336887548e-21
897.5571098109812 9.722411481920687e-21
897.6560884488449 9.721444818273932e-21
897.7550670867087 9.720478345890816e-21
897.8540457245725 9.719512064714885e-21
897.9530243624363 9.718545974689717e-21
898.0520030003 9.717580075758906e-21
898.1509816381638 9.71661436786606e-21
898.2499602760277 9.715648850954826e-21
898.3489389138914 9.714683524968865e-21
898.4479175517552 9.713718389851862e-21
898.546896189619 9.712753445547508e-21
898.6458748274828 9.711788691999544e-21
898.7448534653465 9.710824129151717e-21
898.8438321032104 9.709859756947797e-21
898.9428107410741 9.70889557533157e-21
899.0417893789379 9.707931584246864e-21
899.1407680168018 9.7069677836375e-21
899.2397466546655 9.70600417344735e-21
899.3387252925293 9.705040753620287e-21
899.437703930393 9.70407752410022e-21
899.5366825682569 9.703114484831066e-21
899.6356612061206 9.702151635756774e-21
899.7346398439844 9.701188976821317e-21
899.8336184818482 9.700226507968679e-21
899.932597119712 9.699264229142874e-21
900.0315757575758 9.698302140287937e-21
900.1305543954396 9.69734024134792e-21
900.2295330333034 9.696378532266906e-21
900.3285116711671 9.69541701298899e-21
900.4274903090309 9.694455683458298e-21
900.5264689468947 9.693494543618966e-21
900.6254475847585 9.692533593415162e-21
900.7244262226222 9.691572832791072e-21
900.8234048604861 9.690612261690905e-21
900.9223834983499 9.689651880058896e-21
901.0213621362136 9.688691687839286e-21
901.1203407740775 9.687731684976356e-21
901.2193194119412 9.686771871414402e-21
901.318298049805 9.685812247097735e-21
901.4172766876688 9.684852811970698e-21
901.5162553255326 9.683893565977649e-21
901.6152339633963 9.682934509062973e-21
901.7142126012601 9.681975641171069e-21
901.813191239124 9.68101696224637e-21
901.9121698769877 9.680058472233315e-21
902.0111485148515 9.679100171076376e-21
902.1101271527153 9.67814205872004e-21
902.2091057905791 9.677184135108827e-21
902.3080844284428 9.676226400187265e-21
902.4070630663067 9.675268853899907e-21
902.5060417041705 9.674311496191337e-21
902.6050203420342 9.673354327006145e-21
902.703998979898 9.672397346288955e-21
902.8029776177618 9.671440553984403e-21
902.9019562556256 9.670483950037164e-21
903.0009348934893 9.669527534391913e-21
903.0999135313532 9.668571306993358e-21
903.198892169217 9.667615267786226e-21
903.2978708070807 9.666659416715268e-21
903.3968494449446 9.665703753725247e-21
903.4958280828083 9.664748278760969e-21
903.5948067206721 9.66379299176724e-21
903.6937853585358 9.662837892688889e-21
903.7927639963997 9.66188298147078e-21
903.8917426342634 9.660928258057791e-21
903.9907212721272 9.659973722394817e-21
904.089699909991 9.659019374426776e-21
904.1886785478548 9.658065214098624e-21
904.2876571857186 9.657111241355312e-21
904.3866358235824 9.656157456141827e-21
904.4856144614462 9.655203858403177e-21
904.5845930993099 9.65425044808439e-21
904.6835717371738 9.653297225130513e-21
904.7825503750375 9.652344189486618e-21
904.8815290129013 9.651391341097795e-21
904.980507650765 9.650438679909163e-21
905.0794862886289 9.649486205865849e-21
905.1784649264927 9.648533918913007e-21
905.2774435643564 9.647581818995818e-21
905.3764222022203 9.646629906059486e-21
905.475400840084 9.645678180049223e-21
905.5743794779478 9.644726640910274e-21
905.6733581158117 9.643775288587896e-21
905.7723367536754 9.642824123027376e-21
905.8713153915392 9.641873144174017e-21
905.9702940294029 9.640922351973147e-21
906.0692726672668 9.639971746370106e-21
906.1682513051305 9.639021327310275e-21
906.2672299429943 9.63807109473903e-21
906.3662085808581 9.637121048601788e-21
906.4651872187219 9.636171188843985e-21
906.5641658565856 9.635221515411067e-21
906.6631444944495 9.634272028248509e-21
906.7621231323133 9.633322727301808e-21
906.861101770177 9.632373612516477e-21
906.9600804080409 9.631424683838062e-21
907.0590590459046 9.63047594121211e-21
907.1580376837684 9.629527384584211e-21
907.2570163216321 9.628579013899956e-21
907.355994959496 9.627630829104975e-21
907.4549735973598 9.626682830144908e-21
907.5539522352235 9.625735016965424e-21
907.6529308730874 9.624787389512197e-21
907.7519095109511 9.623839947730942e-21
907.8508881488149 9.62289269156738e-21
907.9498667866787 9.621945620967262e-21
908.0488454245425 9.620998735876362e-21
908.1478240624062 9.620052036240466e-21
908.24680270027 9.619105522005384e-21
908.3457813381339 9.618159193116949e-21
908.4447599759976 9.61721304952101e-21
908.5437386138614 9.616267091163455e-21
908.6427172517252 9.615321317990161e-21
908.741695889589 9.614375729947054e-21
908.8406745274527 9.613430326980071e-21
908.9396531653166 9.612485109035166e-21
909.0386318031804 9.611540076058323e-21
909.1376104410441 9.610595227995538e-21
909.236589078908 9.609650564792831e-21
909.3355677167717 9.608706086396244e-21
909.4345463546355 9.607761792751846e-21
909.5335249924992 9.606817683805706e-21
909.6325036303631 9.605873759503939e-21
909.7314822682268 9.60493001979267e-21
909.8304609060906 9.603986464618038e-21
909.9294395439545 9.603043093926215e-21
910.0284181818182 9.602099907663384e-21
910.127396819682 9.601156905775757e-21
910.2263754575458 9.600214088209561e-21
910.3253540954096 9.599271454911051e-21
910.4243327332733 9.598329005826489e-21
910.5233113711371 9.59738674090217e-21
910.622290009001 9.596444660084405e-21
910.7212686468647 9.595502763319526e-21
910.8202472847285 9.594561050553893e-21
910.9192259225923 9.593619521733872e-21
911.0182045604561 9.592678176805864e-21
911.1171831983198 9.591737015716281e-21
911.2161618361837 9.59079603841156e-21
911.3151404740474 9.58985524483816e-21
911.4141191119112 9.588914634942556e-21
911.513097749775 9.587974208671247e-21
911.6120763876388 9.587033965970749e-21
911.7110550255026 9.586093906787608e-21
911.8100336633663 9.585154031068383e-21
911.9090123012302 9.584214338759648e-21
912.0079909390939 9.583274829808015e-21
912.1069695769577 9.582335504160095e-21
912.2059482148215 9.58139636176254e-21
912.3049268526853 9.580457402562009e-21
912.403905490549 9.579518626505186e-21
912.5028841284129 9.578580033538772e-21
912.6018627662767 9.577641623609502e-21
912.7008414041404 9.576703396664114e-21
912.7998200420042 9.575765352649376e-21
912.898798679868 9.57482749151207e-21
912.9977773177318 9.57388981319901e-21
913.0967559555955 9.57295231765702e-21
913.1957345934594 9.572015004832949e-21
913.2947132313232 9.571077874673664e-21
913.3936918691869 9.570140927126054e-21
913.4926705070508 9.569204162137035e-21
913.5916491449145 9.568267579653526e-21
913.6906277827783 9.567331179622487e-21
913.7896064206421 9.566394961990883e-21
913.8885850585059 9.565458926705709e-21
913.9875636963696 9.564523073713975e-21
914.0865423342334 9.563587402962713e-21
914.1855209720973 9.562651914398975e-21
914.284499609961 9.561716607969835e-21
914.3834782478248 9.560781483622389e-21
914.4824568856886 9.559846541303746e-21
914.5814355235524 9.558911780961036e-21
914.6804141614161 9.557977202541426e-21
914.77939279928 9.55704280599208e-21
914.8783714371438 9.556108591260199e-21
914.9773500750075 9.555174558292996e-21
915.0763287128713 9.554240707037702e-21
915.1753073507351 9.553307037441582e-21
915.2742859885989 9.552373549451906e-21
915.3732646264626 9.551440243015975e-21
915.4722432643265 9.5505071180811e-21
915.5712219021902 9.549574174594622e-21
915.670200540054 9.548641412503898e-21
915.7691791779179 9.547708831756305e-21
915.8681578157816 9.54677643229924e-21
915.9671364536454 9.545844214080125e-21
916.0661150915091 9.544912177046392e-21
916.165093729373 9.543980321145502e-21
916.2640723672367 9.543048646324937e-21
916.3630510051005 9.542117152532194e-21
916.4620296429644 9.541185839714787e-21
916.5610082808281 9.540254707820261e-21
916.6599869186919 9.539323756796175e-21
916.7589655565557 9.538392986590103e-21
916.8579441944195 9.537462397149651e-21
916.9569228322832 9.536531988422437e-21
917.0559014701471 9.535601760356098e-21
917.1548801080108 9.534671712898297e-21
917.2538587458746 9.533741845996714e-21
917.3528373837383 9.532812159599046e-21
917.4518160216022 9.531882653653018e-21
917.550794659466 9.530953328106363e-21
917.6497732973297 9.53002418290685e-21
917.7487519351936 9.529095218002254e-21
917.8477305730573 9.528166433340376e-21
917.9467092109211 9.527237828869042e-21
918.045687848785 9.526309404536082e-21
918.1446664866487 9.525381160289363e-21
918.2436451245125 9.524453096076764e-21
918.3426237623762 9.523525211846189e-21
918.4416024002401 9.522597507545552e-21
918.5405810381038 9.521669983122802e-21
918.6395596759676 9.520742638525891e-21
918.7385383138314 9.519815473702804e-21
918.8375169516952 9.518888488601538e-21
918.936495589559 9.517961683170122e-21
919.0354742274228 9.517035057356581e-21
919.1344528652866 9.51610861110899e-21
919.2334315031503 9.51518234437542e-21
919.3324101410142 9.514256257103974e-21
919.4313887788779 9.513330349242768e-21
919.5303674167417 9.512404620739951e-21
919.6293460546054 9.511479071543672e-21
919.7283246924693 9.510553701602115e-21
919.827303330333 9.509628510863483e-21
919.9262819681968 9.508703499275987e-21
920.0252606060607 9.507778666787873e-21
920.1242392439244 9.506854013347398e-21
920.2232178817882 9.505929538902836e-21
920.322196519652 9.50500524340249e-21
920.4211751575158 9.504081126794676e-21
920.5201537953795 9.503157189027734e-21
920.6191324332433 9.502233430050021e-21
920.7181110711072 9.501309849809912e-21
920.8170897089709 9.50038644825581e-21
920.9160683468347 9.499463225336125e-21
921.0150469846985 9.498540180999299e-21
921.1140256225623 9.497617315193786e-21
921.213004260426 9.496694627868062e-21
921.3119828982899 9.495772118970622e-21
921.4109615361536 9.494849788449986e-21
921.5099401740174 9.493927636254684e-21
921.6089188118813 9.493005662333277e-21
921.707897449745 9.492083866634329e-21
921.8068760876088 9.491162249106448e-21
921.9058547254725 9.490240809698236e-21
922.0048333633364 9.489319548358337e-21
922.1038120012001 9.488398465035393e-21
922.2027906390639 9.487477559678088e-21
922.3017692769278 9.486556832235107e-21
922.4007479147915 9.485636282655161e-21
922.4997265526553 9.484715910886991e-21
922.5987051905191 9.48379571687934e-21
922.6976838283829 9.48287570058098e-21
922.7966624662466 9.4819558619407e-21
922.8956411041104 9.48103620090732e-21
922.9946197419742 9.480116717429652e-21
923.093598379838 9.479197411456563e-21
923.1925770177018 9.47827828293691e-21
923.2915556555656 9.477359331819583e-21
923.3905342934294 9.476440558053494e-21
923.4895129312931 9.475521961587567e-21
923.588491569157 9.474603542370748e-21
923.6874702070207 9.473685300352006e-21
923.7864488448845 9.472767235480322e-21
923.8854274827484 9.471849347704705e-21
923.9844061206121 9.470931636974179e-21
924.0833847584759 9.470014103237786e-21
924.1823633963396 9.469096746444591e-21
924.2813420342035 9.468179566543678e-21
924.3803206720672 9.467262563484146e-21
924.479299309931 9.46634573721512e-21
924.5782779477948 9.465429087685736e-21
924.6772565856586 9.464512614845162e-21
924.7762352235223 9.463596318642572e-21
924.8752138613862 9.462680199027165e-21
924.97419249925 9.461764255948167e-21
925.0731711371137 9.460848489354808e-21
925.1721497749775 9.459932899196346e-21
925.2711284128413 9.459017485422057e-21
925.3701070507051 9.458102247981245e-21
925.4690856885688 9.45718718682322e-21
925.5680643264327 9.456272301897311e-21
925.6670429642965 9.455357593152883e-21
925.7660216021602 9.454443060539302e-21
925.8650002400241 9.453528704005959e-21
925.9639788778878 9.45261452350227e-21
926.0629575157516 9.451700518977669e-21
926.1619361536153 9.4507866903816e-21
926.2609147914792 9.449873037663532e-21
926.359893429343 9.448959560772958e-21
926.4588720672067 9.448046259659383e-21
926.5578507050706 9.447133134272335e-21
926.6568293429343 9.446220184561364e-21
926.7558079807981 9.445307410476032e-21
926.8547866186619 9.444394811965922e-21
926.9537652565257 9.443482388980643e-21
927.0527438943894 9.442570141469815e-21
927.1517225322533 9.441658069383082e-21
927.250701170117 9.440746172670103e-21
927.3496798079808 9.439834451280563e-21
927.4486584458446 9.438922905164157e-21
927.5476370837084 9.438011534270604e-21
927.6466157215722 9.437100338549647e-21
927.7455943594359 9.436189317951039e-21
927.8445729972998 9.435278472424555e-21
927.9435516351635 9.434367801919996e-21
928.0425302730273 9.433457306387175e-21
928.1415089108912 9.432546985775919e-21
928.2404875487549 9.43163684003609e-21
928.3394661866187 9.430726869117553e-21
928.4384448244824 9.4298170729702e-21
928.5374234623463 9.42890745154394e-21
928.63640210021 9.427998004788705e-21
928.7353807380738 9.427088732654443e-21
928.8343593759377 9.426179635091118e-21
928.9333380138014 9.42527071204871e-21
929.0323166516652 9.42436196347724e-21
929.131295289529 9.423453389326717e-21
929.2302739273928 9.422544989547191e-21
929.3292525652565 9.421636764088719e-21
929.4282312031204 9.420728712901383e-21
929.5272098409841 9.41982083593529e-21
929.6261884788479 9.41891313314055e-21
929.7251671167116 9.418005604467301e-21
929.8241457545755 9.417098249865705e-21
929.9231243924393 9.416191069285931e-21
930.022103030303 9.415284062678177e-21
930.1210816681669 9.414377229992656e-21
930.2200603060306 9.413470571179598e-21
930.3190389438944 9.412564086189257e-21
930.4180175817582 9.4116577749719e-21
930.516996219622 9.410751637477817e-21
930.6159748574858 9.409845673657318e-21
930.7149534953495 9.408939883460721e-21
930.8139321332134 9.408034266838383e-21
930.9129107710771 9.407128823740657e-21
931.0118894089409 9.406223554117931e-21
931.1108680468047 9.405318457920605e-21
931.2098466846685 9.404413535099107e-21
931.3088253225322 9.403508785603864e-21
931.4078039603961 9.402604209385344e-21
931.5067825982599 9.401699806394016e-21
931.6057612361236 9.400795576580382e-21
931.7047398739875 9.39989151989495e-21
931.8037185118512 9.398987636288262e-21
931.902697149715 9.398083925710863e-21
932.0016757875787 9.397180388113323e-21
932.1006544254426 9.39627702344623e-21
932.1996330633064 9.3953738316602e-21
932.2986117011701 9.394470812705855e-21
932.397590339034 9.393567966533836e-21
932.4965689768977 9.392665293094816e-21
932.5955476147615 9.39176279233947e-21
932.6945262526253 9.390860464218497e-21
932.7935048904891 9.389958308682631e-21
932.8924835283528 9.3890563256826e-21
932.9914621662166 9.388154515169164e-21
933.0904408040805 9.387252877093092e-21
933.1894194419442 9.386351411405188e-21
933.288398079808 9.385450118056263e-21
933.3873767176718 9.384548996997145e-21
933.4863553555356 9.383648048178689e-21
933.5853339933993 9.382747271551762e-21
933.6843126312632 9.38184666706725e-21
933.783291269127 9.380946234676063e-21
933.8822699069907 9.380045974329123e-21
933.9812485448546 9.379145885977371e-21
934.0802271827183 9.378245969571772e-21
934.1792058205821 9.377346225063308e-21
934.2781844584458 9.376446652402973e-21
934.3771630963097 9.375547251541787e-21
934.4761417341734 9.374648022430787e-21
934.5751203720372 9.373748965021028e-21
934.674099009901 9.372850079263577e-21
934.7730776477648 9.37195136510953e-21
934.8720562856286 9.371052822510001e-21
934.9710349234924 9.370154451416109e-21
935.0700135613562 9.369256251779002e-21
935.1689921992199 9.368358223549859e-21
935.2679708370837 9.367460366679841e-21
935.3669494749475 9.36656268112017e-21
935.4659281128113 9.365665166822054e-21
935.564906750675 9.36476782373674e-21
935.6638853885389 9.36387065181548e-21
935.7628640264027 9.362973651009553e-21
935.8618426642664 9.362076821270251e-21
935.9608213021303 9.361180162548885e-21
936.059799939994 9.360283674796788e-21
936.1587785778578 9.359387357965315e-21
936.2577572157215 9.358491212005823e-21
936.3567358535854 9.357595236869704e-21
936.4557144914492 9.356699432508358e-21
936.5546931293129 9.355803798873209e-21
936.6536717671768 9.354908335915703e-21
936.7526504050405 9.3540130435873e-21
936.8516290429043 9.353117921839467e-21
936.9506076807681 9.352222970623707e-21
937.0495863186319 9.351328189891535e-21
937.1485649564956 9.350433579594478e-21
937.2475435943595 9.349539139684093e-21
937.3465222322233 9.348644870111948e-21
937.445500870087 9.347750770829623e-21
937.5444795079508 9.346856841788731e-21
937.6434581458146 9.345963082940891e-21
937.7424367836784 9.345069494237749e-21
937.8414154215421 9.344176075630963e-21
937.940394059406 9.343282827072214e-21
938.0393726972698 9.342389748513187e-21
938.1383513351335 9.341496839905615e-21
938.2373299729974 9.340604101201216e-21
938.3363086108611 9.33971153235175e-21
938.4352872487249 9.338819133308978e-21
938.5342658865886 9.337926904024694e-21
938.6332445244525 9.3370348444507e-21
938.7322231623162 9.336142954538821e-21
938.83120180018 9.3352512342409e-21
938.9301804380439 9.334359683508796e-21
939.0291590759076 9.333468302294387e-21
939.1281377137714 9.332577090549567e-21
939.2271163516352 9.331686048226253e-21
939.326094989499 9.330795175276376e-21
939.4250736273627 9.329904471651887e-21
939.5240522652266 9.329013937304755e-21
939.6230309030904 9.328123572186961e-21
939.7220095409541 9.327233376250516e-21
939.8209881788179 9.326343349447446e-21
939.9199668166817 9.32545349172978e-21
940.0189454545455 9.324563803049587e-21
940.1179240924092 9.323674283358934e-21
940.2169027302731 9.32278493260993e-21
940.3158813681368 9.321895750754678e-21
940.4148600060006 9.32100673774531e-21
940.5138386438645 9.32011789353397e-21
940.6128172817282 9.319229218072834e-21
940.711795919592 9.318340711314077e-21
940.8107745574557 9.317452373209916e-21
940.9097531953196 9.316564203712553e-21
941.0087318331833 9.31567620277424e-21
941.1077104710471 9.314788370347229e-21
941.206689108911 9.313900706383796e-21
941.3056677467747 9.313013210836228e-21
941.4046463846385 9.312125883656847e-21
941.5036250225023 9.311238724797967e-21
941.6026036603661 9.310351734211944e-21
941.7015822982298 9.309464911851136e-21
941.8005609360937 9.30857825766793e-21
941.8995395739574 9.307691771614719e-21
941.9985182118212 9.306805453643932e-21
942.097496849685 9.305919303707989e-21
942.1964754875488 9.305033321759357e-21
942.2954541254126 9.304147507750496e-21
942.3944327632763 9.303261861633909e-21
942.4934114011402 9.302376383362086e-21
942.5923900390039 9.301491072887558e-21
942.6913686768677 9.300605930162875e-21
942.7903473147315 9.299720955140589e-21
942.8893259525953 9.298836147773278e-21
942.988304590459 9.297951508013542e-21
943.0872832283228 9.297067035813991e-21
943.1862618661867 9.296182731127258e-21
943.2852405040504 9.295298593905992e-21
943.3842191419142 9.294414624102861e-21
943.483197779778 9.293530821670543e-21
943.5821764176418 9.292647186561747e-21
943.6811550555055 9.291763718729192e-21
943.7801336933694 9.290880418125609e-21
943.8791123312332 9.289997284703766e-21
943.9780909690969 9.289114318416427e-21
944.0770696069608 9.288231519216385e-21
944.1760482448245 9.287348887056448e-21
944.2750268826883 9.286466421889439e-21
944.374005520552 9.28558412366821e-21
944.4729841584159 9.284701992345614e-21
944.5719627962796 9.283820027874532e-21
944.6709414341434 9.282938230207868e-21
944.7699200720073 9.282056599298525e-21
944.868898709871 9.281175135099444e-21
944.9678773477348 9.280293837563569e-21
945.0668559855986 9.279412706643872e-21
945.1658346234624 9.278531742293336e-21
945.2648132613261 9.277650944464958e-21
945.3637918991899 9.276770313111765e-21
945.4627705370538 9.275889848186791e-21
945.5617491749175 9.275009549643098e-21
945.6607278127813 9.274129417433745e-21
945.7597064506451 9.273249451511833e-21
945.8586850885089 9.272369651830466e-21
945.9576637263726 9.271490018342772e-21
946.0566423642365 9.27061055100189e-21
946.1556210021002 9.269731249760985e-21
946.254599639964 9.26885211457323e-21
946.3535782778279 9.267973145391822e-21
946.4525569156916 9.267094342169974e-21
946.5515355535554 9.266215704860921e-21
946.6505141914191 9.265337233417904e-21
946.749492829283 9.26445892779419e-21
946.8484714671467 9.26358078794306e-21
946.9474501050105 9.26270281381782e-21
947.0464287428744 9.261825005371781e-21
947.1454073807381 9.260947362558287e-21
947.2443860186019 9.260069885330679e-21
947.3433646564657 9.259192573642336e-21
947.4423432943295 9.25831542744664e-21
947.5413219321932 9.257438446697e-21
947.640300570057 9.256561631346836e-21
947.7392792079208 9.255684981349587e-21
947.8382578457846 9.254808496658707e-21
947.9372364836483 9.253932177227677e-21
948.0362151215122 9.253056023009981e-21
948.135193759376 9.252180033959137e-21
948.2341723972397 9.251304210028664e-21
948.3331510351036 9.250428551172108e-21
948.4321296729673 9.24955305734303e-21
948.5311083108311 9.248677728495013e-21
948.6300869486948 9.247802564581643e-21
948.7290655865587 9.246927565556538e-21
948.8280442244225 9.24605273137333e-21
948.9270228622862 9.245178061985663e-21
949.0260015001501 9.244303557347205e-21
949.1249801380138 9.243429217411639e-21
949.2239587758776 9.242555042132658e-21
949.3229374137414 9.241681031463986e-21
949.4219160516052 9.240807185359353e-21
949.520894689469 9.239933503772511e-21
949.6198733273328 9.239059986657224e-21
949.7188519651966 9.238186633967285e-21
949.8178306030603 9.23731344565649e-21
949.9168092409241 9.236440421678666e-21
950.0157878787879 9.235567561987644e-21
950.1147665166517 9.234694866537288e-21
950.2137451545154 9.233822335281454e-21
950.3127237923793 9.232949968174045e-21
950.411702430243 9.232077765168959e-21
950.5106810681068 9.231205726220121e-21
950.6096597059707 9.230333851281471e-21
950.7086383438344 9.22946214030697e-21
950.8076169816982 9.228590593250589e-21
950.9065956195619 9.227719210066319e-21
951.0055742574258 9.22684799070817e-21
951.1045528952895 9.225976935130168e-21
951.2035315331533 9.225106043286357e-21
951.3025101710172 9.224235315130796e-21
951.4014888088809 9.223364750617563e-21
951.5004674467447 9.222494349700751e-21
951.5994460846085 9.22162411233447e-21
951.6984247224723 9.220754038472856e-21
951.797403360336 9.219884128070045e-21
951.8963819981999 9.219014381080208e-21
951.9953606360637 9.218144797457515e-21
952.0943392739274 9.217275377156173e-21
952.1933179117912 9.216406120130388e-21
952.292296549655 9.215537026334391e-21
952.3912751875188 9.214668095722435e-21
952.4902538253825 9.21379932824878e-21
952.5892324632464 9.212930723867713e-21
952.6882111011101 9.212062282533524e-21
952.7871897389739 9.211194004200539e-21
952.8861683768378 9.210325888823086e-21
952.9851470147015 9.209457936355509e-21
953.0841256525653 9.208590146752184e-21
953.183104290429 9.207722519967489e-21
953.2820829282929 9.206855055955823e-21
953.3810615661566 9.205987754671609e-21
953.4800402040204 9.205120616069279e-21
953.5790188418842 9.204253640103285e-21
953.677997479748 9.203386826728093e-21
953.7769761176118 9.202520175898188e-21
953.8759547554756 9.201653687568073e-21
953.9749333933394 9.200787361692267e-21
954.0739120312031 9.199921198225307e-21
954.172890669067 9.199055197121741e-21
954.2718693069307 9.198189358336144e-21
954.3708479447945 9.197323681823103e-21
954.4698265826582 9.196458167537215e-21
954.5688052205221 9.195592815433102e-21
954.6677838583859 9.194727625465406e-21
954.7667624962496 9.193862597588775e-21
954.8657411341135 9.192997731757881e-21
954.9647197719772 9.192133027927412e-21
955.063698409841 9.191268486052074e-21
955.1626770477048 9.19040410608658e-21
955.2616556855686 9.189539887985682e-21
955.3606343234324 9.188675831704118e-21
955.4596129612961 9.187811937196674e-21
955.55859159916 9.186948204418125e-21
955.6575702370237 9.186084633323287e-21
955.7565488748875 9.185221223866973e-21
955.8555275127513 9.184357976004026e-21
955.9545061506151 9.1834948896893e-21
956.0534847884788 9.182631964877668e-21
956.1524634263427 9.181769201524012e-21
956.2514420642065 9.180906599583248e-21
956.3504207020702 9.180044159010287e-21
956.4493993399341 9.179181879760077e-21
956.5483779777978 9.178319761787567e-21
956.6473566156616 9.177457805047732e-21
956.7463352535253 9.176596009495558e-21
956.8453138913892 9.17573437508605e-21
956.944292529253 9.174872901774235e-21
957.0432711671167 9.174011589515146e-21
957.1422498049806 9.17315043826384e-21
957.2412284428443 9.172289447975391e-21
957.3402070807081 9.171428618604883e-21
957.4391857185719 9.170567950107423e-21
957.5381643564357 9.169707442438136e-21
957.6371429942994 9.168847095552161e-21
957.7361216321632 9.167986909404642e-21
957.835100270027 9.167126883950757e-21
957.9340789078908 9.166267019145702e-21
958.0330575457546 9.165407314944675e-21
958.1320361836184 9.164547771302891e-21
958.2310148214822 9.163688388175598e-21
958.3299934593459 9.162829165518042e-21
958.4289720972098 9.161970103285503e-21
958.5279507350735 9.161111201433258e-21
958.6269293729373 9.16025245991662e-21
958.725908010801 9.159393878690902e-21
958.8248866486649 9.158535457711446e-21
958.9238652865287 9.157677196933602e-21
959.0228439243924 9.156819096312745e-21
959.1218225622563 9.155961155804257e-21
959.22080120012 9.155103375363541e-21
959.3197798379838 9.15424575494602e-21
959.4187584758477 9.153388294507123e-21
959.5177371137114 9.152530994002308e-21
959.6167157515752 9.151673853387047e-21
959.715694389439 9.150816872616816e-21
959.8146730273028 9.149960051647121e-21
959.9136516651665 9.149103390433484e-21
960.0126303030303 9.148246888931433e-21
960.1116089408941 9.147390547096521e-21
960.2105875787579 9.146534364884319e-21
960.3095662166216 9.145678342250405e-21
960.4085448544855 9.144822479150384e-21
960.5075234923493 9.143966775539868e-21
960.606502130213 9.14311123137449e-21
960.7054807680769 9.142255846609909e-21
960.8044594059406 9.141400621201778e-21
960.9034380438044 9.140545555105782e-21
961.0024166816681 9.139690648277624e-21
961.101395319532 9.138835900673016e-21
961.2003739573958 9.137981312247688e-21
961.2993525952595 9.137126882957385e-21
961.3983312331234 9.136272612757877e-21
961.4973098709871 9.135418501604939e-21
961.5962885088509 9.134564549454369e-21
961.6952671467147 9.13371075626198e-21
961.7942457845785 9.132857121983603e-21
961.8932244224422 9.132003646575075e-21
961.9922030603061 9.131150329992264e-21
962.0911816981699 9.130297172191044e-21
962.1901603360336 9.129444173127312e-21
962.2891389738974 9.128591332756978e-21
962.3881176117612 9.127738651035965e-21
962.487096249625 9.126886127920219e-21
962.5860748874887 9.126033763365701e-21
962.6850535253526 9.125181557328379e-21
962.7840321632164 9.124329509764248e-21
962.8830108010801 9.123477620629317e-21
962.981989438944 9.122625889879605e-21
963.0809680768077 9.121774317471153e-21
963.1799467146715 9.120922903360022e-21
963.2789253525352 9.120071647502285e-21
963.3779039903991 9.119220549854019e-21
963.4768826282628 9.118369610371341e-21
963.5758612661266 9.117518829010362e-21
963.6748399039905 9.116668205727225e-21
963.7738185418542 9.115817740478083e-21
963.872797179718 9.114967433219099e-21
963.9717758175818 9.114117283906467e-21
964.0707544554456 9.113267292496383e-21
964.1697330933093 9.11241745894506e-21
964.2687117311732 9.111567783208741e-21
964.367690369037 9.110718265243672e-21
964.4666690069007 9.109868905006116e-21
964.5656476447645 9.109019702452358e-21
964.6646262826283 9.108170657538694e-21
964.7636049204921 9.107321770221438e-21
964.8625835583558 9.106473040456921e-21
964.9615621962197 9.105624468201491e-21
965.0605408340834 9.104776053411503e-21
965.1595194719472 9.10392779604334e-21
965.2584981098111 9.103079696053398e-21
965.3574767476748 9.102231753398086e-21
965.4564553855386 9.101383968033823e-21
965.5554340234023 9.100536339917063e-21
965.6544126612662 9.099688869004257e-21
965.7533912991299 9.098841555251877e-21
965.8523699369937 9.097994398616421e-21
965.9513485748575 9.097147399054389e-21
966.0503272127213 9.096300556522306e-21
966.149305850585 9.095453870976709e-21
966.2482844884489 9.094607342374149e-21
966.3472631263127 9.093760970671198e-21
966.4462417641764 9.092914755824447e-21
966.5452204020403 9.092068697790494e-21
966.644199039904 9.091222796525953e-21
966.7431776777678 9.09037705198746e-21
966.8421563156315 9.089531464131669e-21
966.9411349534954 9.088686032915237e-21
967.0401135913592 9.087840758294856e-21
967.1390922292229 9.086995640227212e-21
967.2380708670868 9.086150678669029e-21
967.3370495049505 9.085305873577026e-21
967.4360281428143 9.084461224907957e-21
967.5350067806781 9.083616732618575e-21
967.6339854185419 9.08277239666566e-21
967.7329640564056 9.081928217006002e-21
967.8319426942694 9.08108419359642e-21
967.9309213321333 9.080240326393721e-21
968.029899969997 9.079396615354757e-21
968.1288786078608 9.07855306043638e-21
968.2278572457246 9.077709661595461e-21
968.3268358835884 9.07686641878889e-21
968.4258145214521 9.07602333197357e-21
968.524793159316 9.075180401106416e-21
968.6237717971798 9.074337626144362e-21
968.7227504350435 9.073495007044365e-21
968.8217290729074 9.07265254376339e-21
968.9207077107711 9.071810236258414e-21
969.0196863486349 9.07096808448644e-21
969.1186649864986 9.070126088404479e-21
969.2176436243625 9.069284247969557e-21
969.3166222622262 9.068442563138724e-21
969.41560090009 9.067601033869042e-21
969.5145795379539 9.06675966011758e-21
969.6135581758176 9.065918441841438e-21
969.7125368136814 9.065077378997717e-21
969.8115154515452 9.064236471543548e-21
969.910494089409 9.063395719436068e-21
970.0094727272727 9.062555122632423e-21
970.1084513651365 9.061714681089795e-21
970.2074300030004 9.060874394765367e-21
970.3064086408641 9.06003426361634e-21
970.4053872787279 9.05919428759993e-21
970.5043659165917 9.058354466673371e-21
970.6033445544555 9.057514800793914e-21
970.7023231923192 9.056675289918819e-21
970.8013018301831 9.055835934005372e-21
970.9002804680468 9.054996733010864e-21
970.9992591059106 9.054157686892613e-21
971.0982377437743 9.053318795607935e-21
971.1972163816382 9.05248005911418e-21
971.296195019502 9.051641477368707e-21
971.3951736573657 9.050803050328889e-21
971.4941522952296 9.049964777952107e-21
971.5931309330933 9.049126660195778e-21
971.6921095709571 9.048288697017314e-21
971.791088208821 9.04745088837415e-21
971.8900668466847 9.04661323422375e-21
971.9890454845485 9.045775734523567e-21
972.0880241224123 9.044938389231089e-21
972.1870027602761 9.04410119830382e-21
972.2859813981398 9.043264161699261e-21
972.3849600360036 9.042427279374947e-21
972.4839386738674 9.041590551288422e-21
972.5829173117312 9.04075397739725e-21
972.681895949595 9.039917557659004e-21
972.7808745874588 9.039081292031277e-21
972.8798532253226 9.038245180471674e-21
972.9788318631863 9.037409222937814e-21
973.0778105010502 9.036573419387334e-21
973.1767891389139 9.035737769777894e-21
973.2757677767777 9.034902274067157e-21
973.3747464146414 9.034066932212808e-21
973.4737250525053 9.033231744172548e-21
973.572703690369 9.03239670990409e-21
973.6716823282328 9.031561829365166e-21
973.7706609660967 9.030727102513515e-21
973.8696396039604 9.029892529306905e-21
973.9686182418242 9.029058109703109e-21
974.067596879688 9.028223843659922e-21
974.1665755175518 9.027389731135148e-21
974.2655541554155 9.026555772086611e-21
974.3645327932794 9.025721966472146e-21
974.4635114311432 9.02488831424961e-21
974.5624900690069 9.024054815376867e-21
974.6614687068707 9.023221469811808e-21
974.7604473447345 9.022388277512326e-21
974.8594259825983 9.021555238436338e-21
974.958404620462 9.020722352541771e-21
975.0573832583259 9.01988961978658e-21
975.1563618961897 9.019057040128712e-21
975.2553405340534 9.01822461352615e-21
975.3543191719173 9.017392339936886e-21
975.453297809781 9.016560219318925e-21
975.5522764476448 9.015728251630291e-21
975.6512550855085 9.014896436829014e-21
975.7502337233724 9.014064774873153e-21
975.8492123612361 9.013233265720774e-21
975.9481909990999 9.01240190932996e-21
976.0471696369638 9.011570705658804e-21
976.1461482748275 9.01073965466543e-21
976.2451269126913 9.009908756307956e-21
976.3441055505551 9.009078010544532e-21
976.4430841884189 9.008247417333316e-21
976.5420628262826 9.007416976632482e-21
976.6410414641465 9.006586688400215e-21
976.7400201020102 9.005756552594727e-21
976.838998739874 9.004926569174233e-21
976.9379773777378 9.004096738096972e-21
977.0369560156016 9.003267059321188e-21
977.1359346534654 9.002437532805154e-21
977.2349132913291 9.001608158507144e-21
977.333891929193 9.000778936385453e-21
977.4328705670567 8.999949866398403e-21
977.5318492049205 8.999120948504308e-21
977.6308278427844 8.998292182661515e-21
977.7298064806481 8.997463568828378e-21
977.8287851185119 8.99663510696327e-21
977.9277637563756 8.99580679702458e-21
978.0267423942395 8.994978638970699e-21
978.1257210321032 8.994150632760059e-21
978.224699669967 8.99332277835108e-21
978.3236783078308 8.992495075702215e-21
978.4226569456946 8.991667524771923e-21
978.5216355835583 8.990840125518684e-21
978.6206142214222 8.990012877900988e-21
978.719592859286 8.989185781877344e-21
978.8185714971497 8.988358837406271e-21
978.9175501350136 8.987532044446313e-21
979.0165287728773 8.986705402956016e-21
979.1155074107411 8.985878912893952e-21
979.2144860486048 8.985052574218699e-21
979.3134646864687 8.984226386888859e-21
979.4124433243325 8.98340035086304e-21
979.5114219621962 8.982574466099878e-21
979.6104006000601 8.981748732558002e-21
979.7093792379238 8.980923150196084e-21
979.8083578757876 8.980097718972787e-21
979.9073365136514 8.979272438846805e-21
980.0063151515152 8.978447309776832e-21
980.105293789379 8.977622331721594e-21
980.2042724272427 8.97679750463982e-21
980.3032510651066 8.975972828490258e-21
980.4022297029703 8.975148303231674e-21
980.5012083408341 8.974323928822837e-21
980.6001869786979 8.973499705222541e-21
980.6991656165617 8.972675632389603e-21
980.7981442544254 8.971851710282833e-21
980.8971228922893 8.971027938861077e-21
980.996101530153 8.970204318083182e-21
981.0950801680168 8.96938084790802e-21
981.1940588058806 8.968557528294465e-21
981.2930374437444 8.967734359201417e-21
981.3920160816082 8.96691134058779e-21
981.4909947194719 8.966088472412513e-21
981.5899733573358 8.965265754634517e-21
981.6889519951995 8.964443187212767e-21
981.7879306330633 8.963620770106231e-21
981.8869092709272 8.962798503273897e-21
981.9858879087909 8.96197638667476e-21
982.0848665466547 8.961154420267847e-21
982.1838451845185 8.960332604012175e-21
982.2828238223823 8.959510937866798e-21
982.381802460246 8.958689421790774e-21
982.4807810981098 8.957868055743178e-21
982.5797597359737 8.957046839683096e-21
982.6787383738374 8.956225773569637e-21
982.7777170117012 8.955404857361919e-21
982.876695649565 8.954584091019077e-21
982.9756742874288 8.953763474500258e-21
983.0746529252925 8.952943007764629e-21
983.1736315631564 8.952122690771358e-21
983.2726102010201 8.951302523479654e-21
983.3715888388839 8.950482505848714e-21
983.4705674767476 8.949662637837762e-21
983.5695461146115 8.94884291940604e-21
983.6685247524753 8.948023350512796e-21
983.767503390339 8.947203931117296e-21
983.8664820282029 8.946384661178827e-21
983.9654606660666 8.945565540656677e-21
984.0644393039304 8.944746569510163e-21
984.1634179417943 8.943927747698607e-21
984.262396579658 8.943109075181357e-21
984.3613752175218 8.942290551917759e-21
984.4603538553856 8.941472177867187e-21
984.5593324932494 8.94065395298903e-21
984.6583111311131 8.939835877242676e-21
984.7572897689769 8.939017950587546e-21
984.8562684068407 8.938200172983068e-21
984.9552470447045 8.937382544388682e-21
985.0542256825682 8.936565064763846e-21
985.1532043204321 8.935747734068035e-21
985.2521829582959 8.93493055226074e-21
985.3511615961596 8.934113519301452e-21
985.4501402340235 8.933296635149697e-21
985.5491188718872 8.932479899764996e-21
985.648097509751 8.931663313106906e-21
985.7470761476147 8.930846875134977e-21
985.8460547854786 8.930030585808785e-21
985.9450334233424 8.929214445087923e-21
986.0440120612061 8.928398452931994e-21
986.14299069907 8.927582609300616e-21
986.2419693369337 8.926766914153423e-21
986.3409479747975 8.925951367450058e-21
986.4399266126613 8.925135969150186e-21
986.5389052505251 8.924320719213482e-21
986.6378838883888 8.923505617599639e-21
986.7368625262527 8.922690664268362e-21
986.8358411641165 8.921875859179371e-21
986.9348198019802 8.9210612022924e-21
987.033798439844 8.920246693567196e-21
987.1327770777078 8.919432332963526e-21
987.2317557155716 8.918618120441167e-21
987.3307343534353 8.917804055959917e-21
987.4297129912992 8.916990139479571e-21
987.528691629163 8.91617637095996e-21
987.6276702670267 8.915362750360916e-21
987.7266489048906 8.914549277642291e-21
987.8256275427543 8.913735952763951e-21
987.9246061806181 8.912922775685772e-21
988.0235848184818 8.912109746367651e-21
988.1225634563457 8.911296864769495e-21
988.2215420942094 8.910484130851224e-21
988.3205207320732 8.909671544572783e-21
988.4194993699371 8.908859105894116e-21
988.5184780078008 8.908046814775193e-21
988.6174566456646 8.907234671175987e-21
988.7164352835284 8.906422675056506e-21
988.8154139213922 8.905610826376749e-21
988.9143925592559 8.904799125096743e-21
989.0133711971198 8.903987571176524e-21
989.1123498349835 8.903176164576145e-21
989.2113284728473 8.902364905255675e-21
989.310307110711 8.90155379317519e-21
989.4092857485749 8.900742828294794e-21
989.5082643864387 8.899932010574585e-21
989.6072430243024 8.899121339974696e-21
989.7062216621663 8.898310816455265e-21
989.80520030003 8.897500439976438e-21
989.9041789378938 8.896690210498391e-21
990.0031575757577 8.895880127981298e-21
990.1021362136214 8.895070192385358e-21
990.2011148514852 8.89426040367078e-21
990.3000934893489 8.89345076179779e-21
990.3990721272128 8.892641266726624e-21
990.4980507650765 8.891831918417538e-21
990.5970294029403 8.891022716830796e-21
990.6960080408041 8.890213661926681e-21
990.7949866786679 8.889404753665486e-21
990.8939653165316 8.888595992007528e-21
990.9929439543955 8.887787376913124e-21
991.0919225922593 8.886978908342614e-21
991.190901230123 8.88617058625635e-21
991.2898798679868 8.885362410614709e-21
991.3888585058506 8.884554381378053e-21
991.4878371437144 8.883746498506793e-21
991.5868157815781 8.882938761961337e-21
991.685794419442 8.882131171702096e-21
991.7847730573058 8.881323727689524e-21
991.8837516951695 8.880516429884063e-21
991.9827303330334 8.879709278246186e-21
992.0817089708971 8.878902272736366e-21
992.1806876087609 8.878095413315106e-21
992.2796662466247 8.877288699942909e-21
992.3786448844885 8.8764821325803e-21
992.4776235223522 8.875675711187813e-21
992.576602160216 8.874869435726007e-21
992.6755807980799 8.874063306155439e-21
992.7745594359436 8.873257322436696e-21
992.8735380738074 8.872451484530365e-21
992.9725167116712 8.871645792397059e-21
993.071495349535 8.870840245997397e-21
993.1704739873987 8.870034845292018e-21
993.2694526252626 8.869229590241568e-21
993.3684312631264 8.868424480806714e-21
993.4674099009901 8.867619516948137e-21
993.5663885388539 8.866814698626523e-21
993.6653671767177 8.866010025802585e-21
993.7643458145815 8.865205498437036e-21
993.8633244524452 8.86440111649062e-21
993.9623030903091 8.863596879924077e-21
994.0612817281728 8.862792788698182e-21
994.1602603660366 8.861988842773698e-21
994.2592390039005 8.861185042111424e-21
994.3582176417642 8.860381386672162e-21
994.457196279628 8.859577876416735e-21
994.5561749174918 8.858774511305968e-21
994.6551535553556 8.85797129130072e-21
994.7541321932193 8.857168216361841e-21
994.8531108310831 8.856365286450212e-21
994.952089468947 8.855562501526717e-21
995.0510681068107 8.854759861552265e-21
995.1500467446745 8.853957366487771e-21
995.2490253825383 8.853155016294163e-21
995.3480040204021 8.852352810932389e-21
995.4469826582658 8.85155075036341e-21
995.5459612961297 8.850748834548194e-21
995.6449399339934 8.849947063447729e-21
995.7439185718572 8.849145437023021e-21
995.842897209721 8.848343955235081e-21
995.9418758475848 8.84754261804493e-21
996.0408544854486 8.846741425413628e-21
996.1398331233123 8.845940377302217e-21
996.2388117611762 8.845139473671777e-21
996.3377903990399 8.844338714483383e-21
996.4367690369037 8.843538099698138e-21
996.5357476747675 8.842737629277159e-21
996.6347263126313 8.841937303181564e-21
996.733704950495 8.841137121372496e-21
996.8326835883589 8.84033708381111e-21
996.9316622262227 8.839537190458574e-21
997.0306408640864 8.838737441276068e-21
997.1296195019502 8.837937836224792e-21
997.228598139814 8.837138375265948e-21
997.3275767776778 8.836339058360763e-21
997.4265554155415 8.835539885470476e-21
997.5255340534054 8.834740856556333e-21
997.6245126912692 8.833941971579606e-21
997.7234913291329 8.833143230501565e-21
997.8224699669968 8.832344633283509e-21
997.9214486048605 8.831546179886743e-21
998.0204272427243 8.830747870272586e-21
998.119405880588 8.829949704402368e-21
998.2183845184519 8.829151682237444e-21
998.3173631563157 8.828353803739166e-21
998.4163417941794 8.827556068868922e-21
998.5153204320433 8.826758477588088e-21
998.614299069907 8.825961029858077e-21
998.7132777077708 8.825163725640298e-21
998.8122563456346 8.824366564896183e-21
998.9112349834984 8.823569547587177e-21
999.0102136213621 8.822772673674744e-21
999.109192259226 8.821975943120341e-21
999.2081708970898 8.82117935588547e-21
999.3071495349535 8.820382911931617e-21
999.4061281728173 8.819586611220303e-21
999.5051068106811 8.818790453713044e-21
999.6040854485449 8.817994439371392e-21
999.7030640864086 8.817198568156895e-21
999.8020427242725 8.816402840031123e-21
999.9010213621362 8.815607254955651e-21
1000.0 8.81481181289208e-21
