0.0 0.0
10.9754 0.0
11.074312351235124 1.2925638580161164e-22
11.173224702470247 2.108842432500076e-22
11.272137053705372 2.5051058091493233e-22
11.371049404940495 2.531732473889362e-22
11.469961756175618 2.233828287488737e-22
11.56887410741074 1.65177806366354e-22
11.667786458645866 8.21737432035004e-23
11.766698809880989 2.239282515716997e-23
11.865611161116112 1.4562519885074579e-22
11.964523512351235 2.849314958697494e-22
12.06343586358636 4.37993344063308e-22
12.162348214821483 6.027378730976774e-22
12.261260566056606 7.773126439228685e-22
12.36017291729173 9.60063194976131e-22
12.459085268526852 1.1495129210134641e-21
12.557997619761977 1.3443450327312067e-21
12.6569099709971 1.54338637376969e-21
12.755822322232223 1.745592896760446e-21
12.854734673467348 1.950036622202045e-21
12.953647024702471 2.155893923490743e-21
13.052559375937594 2.3624349987049248e-21
13.151471727172718 2.5690144050242877e-21
13.25038407840784 2.775062545193862e-21
13.349296429642965 2.980078007430637e-21
13.448208780878089 3.183620670800935e-21
13.547121132113212 3.3853054975291646e-21
13.646033483348335 3.5847969420750035e-21
13.744945834583458 3.781803914260487e-21
13.843858185818583 3.97607524034788e-21
13.942770537053706 4.167395571860736e-21
14.041682888288829 4.355581697186436e-21
14.140595239523954 4.540479215673349e-21
14.239507590759077 4.721959538104315e-21
14.3384199419942 4.899917181147897e-21
14.437332293229323 5.074267326708917e-21
14.536244644464446 5.24494362006753e-21
14.635156995699571 5.411896183347438e-21
14.734069346934694 5.5750898232262506e-21
14.832981698169817 5.734502413924428e-21
14.931894049404942 5.890123438409688e-21
15.030806400640063 6.041952672458091e-21
15.129718751875188 6.1899989977396854e-21
15.228631103110311 6.3342793314665394e-21
15.327543454345435 6.474817661370708e-21
15.42645580558056 6.6116441758832145e-21
15.525368156815682 6.7447944803770445e-21
15.624280508050806 6.874308891228865e-21
15.723192859285929 7.000231800255503e-21
15.822105210521052 7.122611102802447e-21
15.921017561756177 7.241497683411427e-21
16.0199299129913 7.356944953578021e-21
16.118842264226423 7.469008436637866e-21
16.217754615461548 7.577745395294e-21
16.31666696669667 7.683214497726868e-21
16.415579317931794 7.785475518614166e-21
16.514491669166915 7.884589071736452e-21
16.61340402040204 7.980616371159464e-21
16.712316371637165 8.073619018267954e-21
16.811228722872286 8.163658812182955e-21
16.91014107410741 8.250797581326438e-21
17.009053425342536 8.335097034107349e-21
17.107965776577657 8.416618626892688e-21
17.206878127812782 8.495423447599601e-21
17.305790479047907 8.57157211339901e-21
17.40470283028303 8.645124681163421e-21
17.503615181518153 8.716140569417802e-21
17.602527532753275 8.784678490668854e-21
17.7014398839884 8.850796393092136e-21
17.80035223522352 8.914551410651875e-21
17.899264586458646 8.97599982081382e-21
17.99817693769377 9.035197009090097e-21
18.097089288928892 9.092197439725321e-21
18.196001640164017 9.147054631897881e-21
18.29491399139914 9.199821140868161e-21
18.393826342634263 9.250548543558925e-21
18.492738693869388 9.299287428100564e-21
18.591651045104513 9.3460873869181e-21
18.690563396339634 9.390997012975877e-21
18.78947574757476 9.434063898832461e-21
18.888388098809884 9.475334638190431e-21
18.987300450045005 9.514854829655883e-21
19.086212801280126 9.552669082449185e-21
19.18512515251525 9.588821023833148e-21
19.284037503750376 9.623353308047196e-21
19.382949854985497 9.656307626556008e-21
19.481862206220622 9.687724719440142e-21
19.580774557455747 9.717644387772226e-21
19.67968690869087 9.746105506837906e-21
19.778599259925993 9.773146040074656e-21
19.87751161116112 9.798803053613638e-21
19.97642396239624 9.823112731321887e-21
20.075336313631365 9.846110390251848e-21
20.17424866486649 9.867830496415236e-21
20.27316101610161 9.88830668080629e-21
20.372073367336732 9.907571755607794e-21
20.470985718571857 9.925657730519794e-21
20.56989806980698 9.94259582915768e-21
20.668810421042103 9.958416505472096e-21
20.767722772277228 9.973149460148322e-21
20.866635123512353 9.986823656947503e-21
20.965547474747474 9.999467338956784e-21
21.0644598259826 1.0011108044718974e-20
21.163372177217724 1.0021772624216078e-20
21.262284528452845 1.0031487254684353e-20
21.36119687968797 1.004027745624138e-20
21.460109230923095 1.0048168107308146e-20
21.559021582158216 1.0055183459811984e-20
21.657933933393338 1.0061347154157725e-20
21.756846284628466 1.0066682233956893e-20
21.855758635863587 1.0071211160506398e-20
21.95467098709871 1.0074955827009475e-20
22.053583338333834 1.0077937572533519e-20
22.15249568956896 1.0080177195700275e-20
22.25140804080408 1.0081694968105412e-20
22.350320392039205 1.0082510647465099e-20
22.44923274327433 1.008264349048847e-20
22.54814509450945 1.0082112265475629e-20
22.647057445744576 1.008093526464121e-20
22.7459697969797 1.0079130316164809e-20
22.844882148214822 1.0076714795969435e-20
22.943794499449943 1.0073705639230256e-20
23.04270685068507 1.0070119351615998e-20
23.141619201920193 1.006597202026581e-20
23.240531553155314 1.0061279324504864e-20
23.33944390439044 1.0056056546302003e-20
23.438356255625564 1.0050318580473397e-20
23.537268606860685 1.0044079944635847e-20
23.63618095809581 1.0037354788914107e-20
23.735093309330935 1.0030156905406342e-20
23.834005660566056 1.0022499737412095e-20
23.93291801180118 1.0014396388427353e-20
24.031830363036306 1.0005859630911117e-20
24.130742714271427 9.99690191482821e-21
24.22965506550655 9.987535375972892e-21
24.328567416741677 9.977771844078021e-21
24.4274797679768 9.967622850714286e-21
24.52639211921192 9.957099636984415e-21
24.625304470447045 9.946213161016793e-21
24.72421682168217 9.934974105263235e-21
24.82312917291729 9.923392883605512e-21
24.922041524152416 9.911479648275076e-21
25.02095387538754 9.899244296590615e-21
25.119866226622662 9.886696477517847e-21
25.218778577857787 9.873845598055865e-21
25.31769092909291 9.860700829454429e-21
25.416603280328033 9.847271113266478e-21
25.515515631563154 9.833565167240001e-21
25.614427982798283 9.819591491053297e-21
25.713340334033404 9.80535837189793e-21
25.812252685268525 9.790873889912958e-21
25.91116503650365 9.776145923474629e-21
26.010077387738775 9.761182154345193e-21
26.108989738973897 9.745990072684566e-21
26.20790209020902 9.730576981928473e-21
26.306814441444146 9.714950003536713e-21
26.405726792679268 9.699116081614834e-21
26.504639143914392 9.68308198741289e-21
26.603551495149517 9.666854323704268e-21
26.70246384638464 9.650439529048119e-21
26.801376197619764 9.633843881938325e-21
26.90028854885489 9.617073504842232e-21
26.99920090009001 9.600134368132051e-21
27.098113251325135 9.583032293911905e-21
27.197025602560256 9.565772959743379e-21
27.29593795379538 9.548361902272288e-21
27.394850305030502 9.530804520759423e-21
27.493762656265627 9.51310608051794e-21
27.592675007500752 9.495271716259852e-21
27.691587358735873 9.477306435354207e-21
27.790499709970998 9.459215120999365e-21
27.889412061206123 9.441002535311703e-21
27.988324412441244 9.422673322333105e-21
28.08723676367637 9.404232010959404e-21
28.18614911491149 9.385683017792038e-21
28.285061466146615 9.367030649914939e-21
28.38397381738174 9.348279107598789e-21
28.48288616861686 9.329432486934611e-21
28.581798519851986 9.310494782398676e-21
28.680710871087108 9.291469889350529e-21
28.779623222322233 9.272361606466069e-21
28.878535573557357 9.253173638107466e-21
28.97744792479248 9.233909596631512e-21
29.076360276027604 9.214573004638335e-21
29.17527262726273 9.195167297161883e-21
29.27418497849785 9.175695823803885e-21
29.373097329732975 9.156161850812869e-21
29.472009680968096 9.136568563109686e-21
29.57092203220322 9.116919066260927e-21
29.669834383438346 9.097216388401867e-21
29.768746734673467 9.077463482110142e-21
29.867659085908592 9.057663226231482e-21
29.966571437143713 9.037818427658968e-21
30.065483788378838 9.017931823066935e-21
30.164396139613963 8.998006080600797e-21
30.263308490849084 8.978043801524006e-21
30.36222084208421 8.958047521823261e-21
30.461133193319334 8.938019713773191e-21
30.560045544554455 8.917962787461439e-21
30.65895789578958 8.89787909227542e-21
30.7578702470247 8.877770918351622e-21
30.856782598259826 8.857640497988544e-21
30.95569494949495 8.837490007024175e-21
31.054607300730073 8.817321566179107e-21
31.153519651965198 8.797137242365985e-21
31.252432003200322 8.776939049966412e-21
31.351344354435444 8.75672895207603e-21
31.45025670567057 8.736508861718656e-21
31.54916905690569 8.716280643030377e-21
31.648081408140815 8.696046112414293e-21
31.74699375937594 8.675807039666709e-21
31.84590611061106 8.655565149075616e-21
31.944818461846186 8.635322120492078e-21
32.04373081308131 8.615079590375279e-21
32.14264316431643 8.594839152812022e-21
32.24155551555155 8.574602360511138e-21
32.34046786678668 8.554370725773667e-21
32.4393802180218 8.534145721439392e-21
32.538292569256924 8.513928781810215e-21
32.63720492049205 8.493721303551166e-21
32.736117271727174 8.473524646569525e-21
32.835029622962296 8.453340134872631e-21
32.933941974197424 8.43316905740493e-21
33.032854325432545 8.413012668864846e-21
33.13176667666767 8.392872190501941e-21
33.230679027902795 8.372748810894896e-21
33.32959137913791 8.352643686710791e-21
33.42850373037304 8.332557943446204e-21
33.527416081608166 8.312492676150558e-21
33.62632843284328 8.292448950132165e-21
33.72524078407841 8.27242780164744e-21
33.82415313531354 8.252430238573698e-21
33.92306548654865 8.232457241065946e-21
34.02197783778378 8.212509762198089e-21
34.1208901890189 8.192588728588926e-21
34.21980254025402 8.17269504101336e-21
34.31871489148915 8.152829574999129e-21
34.41762724272427 8.132993181409512e-21
34.51653959395939 8.113186687012263e-21
34.61545194519452 8.093410895035205e-21
34.71436429642964 8.073666585708783e-21
34.813276647664765 8.053954516795845e-21
34.91218899889989 8.034275424109139e-21
35.011101350135014 8.014630022016597e-21
35.110013701370136 7.995019003934918e-21
35.208926052605264 7.975443042811598e-21
35.307838403840385 7.955902791595815e-21
35.40675075507551 7.936398883698295e-21
35.505663106310635 7.916931933440615e-21
35.60457545754576 7.897502536493996e-21
35.70348780878088 7.878111270308063e-21
35.802400160016006 7.858758694529603e-21
35.90131251125113 7.83944535141175e-21
36.00022486248625 7.820171766213713e-21
36.09913721372138 7.80093844759133e-21
36.19804956495649 7.781745887978641e-21
36.29696191619162 7.76259456396074e-21
36.39587426742675 7.743484936638082e-21
36.49478661866186 7.724417451982453e-21
36.59369896989699 7.70539254118482e-21
36.69261132113211 7.686410620995286e-21
36.791523672367234 7.667472094055227e-21
36.89043602360236 7.648577349221966e-21
36.98934837483748 7.629726761886023e-21
37.088260726072605 7.610920694281185e-21
37.18717307730773 7.592159495787545e-21
37.286085428542854 7.5734435032277e-21
37.384997779777976 7.554773041156259e-21
37.483910131013104 7.536148422142798e-21
37.582822482248226 7.517569947048466e-21
37.68173483348335 7.499037905296343e-21
37.780647184718475 7.480552575135732e-21
37.8795595359536 7.462114223900516e-21
37.97847188718872 7.443723108261712e-21
38.077384238423846 7.425379474474377e-21
38.17629658965897 7.407083558618984e-21
38.27520894089409 7.388835586837399e-21
38.37412129212922 7.370635775563593e-21
38.47303364336434 7.352484331749221e-21
38.57194599459946 7.334381453084135e-21
38.67085834583459 7.316327328212037e-21
38.7697706970697 7.298322136941319e-21
38.86868304830483 7.280366050451194e-21
38.96759539953996 7.262459231493288e-21
39.066507750775074 7.24460183458877e-21
39.1654201020102 7.226794006221058e-21
39.26433245324533 7.209035885024324e-21
39.363244804480445 7.191327601967821e-21
39.46215715571557 7.173669280536084e-21
39.561069506950695 7.15606103690525e-21
39.659981858185816 7.13850298011539e-21
39.758894209420944 7.120995212239134e-21
39.857806560656066 7.103537828546512e-21
39.95671891189119 7.08613091766624e-21
40.055631263126315 7.06877456174337e-21
40.15454361436144 7.051468836593608e-21
40.25345596559656 7.0342138118541e-21
40.35236831683169 7.017009551131037e-21
40.45128066806681 6.999856112143955e-21
40.55019301930193 6.982753546866897e-21
40.64910537053706 6.965701901666498e-21
40.74801772177218 6.94870121743703e-21
40.8469300730073 6.931751529732527e-21
40.94584242424243 6.914852868895976e-21
41.04475477547755 6.898005260185758e-21
41.14366712671267 6.881208723899274e-21
41.2425794779478 6.864463275493902e-21
41.341491829182914 6.84776892570533e-21
41.44040418041804 6.831125680663281e-21
41.53931653165317 6.814533542004762e-21
41.638228882888285 6.797992506984808e-21
41.73714123412341 6.781502568584855e-21
41.83605358535854 6.7650637156187514e-21
41.934965936593656 6.7486759328364335e-21
42.033878287828784 6.732339201025415e-21
42.132790639063906 6.71605349711001e-21
42.23170299029903 6.6998187942484554e-21
42.330615341534156 6.6836350619278785e-21
42.42952769276928 6.6675022660572686e-21
42.5284400440044 6.65142036905837e-21
42.62735239523953 6.635389329954663e-21
42.72626474647465 6.619409104458366e-21
42.82517709770977 6.603479645055602e-21
42.9240894489449 6.5876009010896964e-21
43.02300180018002 6.571772818842668e-21
43.12191415141514 6.555995341614986e-21
43.22082650265027 6.540268409803563e-21
43.31973885388539 6.524591960978089e-21
43.41865120512051 6.508965929955725e-21
43.51756355635564 6.493390248874128e-21
43.61647590759076 6.477864847262977e-21
43.71538825882588 6.462389652113877e-21
43.814300610061004 6.446964587948798e-21
43.91321296129613 6.4315895768870195e-21
44.01212531253125 6.416264538710637e-21
44.111037663766375 6.4009893909286336e-21
44.2099500150015 6.385764048839594e-21
44.308862366236625 6.370588425593029e-21
44.407774717471746 6.355462432249398e-21
44.506687068706874 6.3403859778388405e-21
44.605599419941996 6.325358969418604e-21
44.70451177117712 6.310381312129262e-21
44.803424122412245 6.295452909249696e-21
44.90233647364737 6.2805736622509015e-21
45.00124882488249 6.265743470848613e-21
45.10016117611761 6.250962233054802e-21
45.19907352735274 6.236229845228052e-21
45.29798587858786 6.221546202122855e-21
45.39689822982298 6.206911196937797e-21
45.49581058105811 6.192324721362776e-21
45.59472293229323 6.1777866656251016e-21
45.69363528352835 6.163296918534685e-21
45.79254763476348 6.1488553675281574e-21
45.8914599859986 6.134461898712107e-21
45.99037233723372 6.12011639690533e-21
46.08928468846885 6.105818745680174e-21
46.18819703970397 6.0915688274029896e-21
46.287109390939094 6.077366523273671e-21
46.386021742174215 6.0632117133643916e-21
46.48493409340934 6.049104276657414e-21
46.583846444644465 6.035044091082164e-21
46.682758795879586 6.021031033551402e-21
46.781671147114714 6.0070649799966825e-21
46.880583498349836 5.993145805402987e-21
46.97949584958496 5.97927338384262e-21
47.078408200820085 5.965447588508342e-21
47.17732055205521 5.951668291745814e-21
47.27623290329033 5.937935365085264e-21
47.37514525452546 5.924248679272531e-21
47.47405760576058 5.910608104299365e-21
47.5729699569957 5.897013509433084e-21
47.67188230823082 5.883464763245587e-21
47.77079465946595 5.8699617336416864e-21
47.86970701070107 5.856504287886865e-21
47.96861936193619 5.843092292634373e-21
48.06753171317132 5.8297256139517396e-21
48.16644406440644 5.8164041173467055e-21
48.26535641564156 5.80312766779256e-21
48.36426876687669 5.789896129752922e-21
48.46318111811181 5.776709367205966e-21
48.562093469346934 5.763567243668106e-21
48.66100582058206 5.750469622217152e-21
48.75991817181718 5.73741636551494e-21
48.858830523052305 5.7244073358294465e-21
48.957742874287426 5.711442395056425e-21
49.056655225522555 5.6985214047405435e-21
49.155567576757676 5.6856442260960435e-21
49.2544799279928 5.672810720026914e-21
49.353392279227926 5.660020747146638e-21
49.45230463046305 5.647274167797481e-21
49.55121698169817 5.634570842069321e-21
49.6501293329333 5.621910629818063e-21
49.74904168416842 5.6092933906836326e-21
49.84795403540354 5.596718984107553e-21
49.94686638663867 5.58418726935012e-21
50.04577873787379 5.571698105507161e-21
50.14469108910891 5.559251351526458e-21
50.24360344034404 5.546846866223722e-21
50.34251579157916 5.5344845082982444e-21
50.44142814281428 5.5221641363481686e-21
50.5403404940494 5.509885608885399e-21
50.63925284528453 5.497648784350173e-21
50.73816519651965 5.485453521125273e-21
50.837077547754774 5.473299677549925e-21
50.9359898989899 5.461187111933343e-21
51.034902250225024 5.449115682567984e-21
51.133814601460145 5.4370852477424465e-21
51.23272695269527 5.425095665754106e-21
51.331639303930395 5.413146794921409e-21
51.430551655165516 5.401238493595896e-21
51.529464006400644 5.389370620173913e-21
51.628376357635766 5.377543033108075e-21
51.72728870887089 5.3657555909184054e-21
51.82620106010601 5.354008152203236e-21
51.92511341134114 5.342300575649827e-21
52.02402576257626 5.330632720044735e-21
52.12293811381138 5.319004444283906e-21
52.22185046504651 5.307415607382538e-21
52.32076281628163 5.2958660684846994e-21
52.41967516751675 5.2843556868726725e-21
52.51858751875188 5.2728843219761094e-21
52.617499869987 5.261451833380924e-21
52.71641222122212 5.250058080837979e-21
52.81532457245725 5.238702924271522e-21
52.91423692369237 5.2273862237874395e-21
53.01314927492749 5.21610783968128e-21
53.112061626162614 5.2048676324460664e-21
53.21097397739774 5.193665462779925e-21
53.309886328632864 5.182501191593483e-21
53.408798679867985 5.1713746800171e-21
53.50771103110311 5.160285789407889e-21
53.606623382338235 5.1492343813565725e-21
53.705535733573356 5.138220317694123e-21
53.804448084808485 5.127243460498252e-21
53.903360436043606 5.116303672099708e-21
54.00227278727873 5.105400815088413e-21
54.101185138513856 5.094534752319415e-21
54.20009748974898 5.083705346918693e-21
54.2990098409841 5.072912462288787e-21
54.39792219221922 5.0621559621142725e-21
54.49683454345435 5.051435710367086e-21
54.59574689468947 5.0407515713116974e-21
54.69465924592459 5.030103409510114e-21
54.79357159715972 5.019491089826777e-21
54.89248394839484 5.008914477433278e-21
54.99139629962996 4.9983734378129565e-21
55.09030865086509 4.9878678367653544e-21
55.18922100210021 4.977397540410542e-21
55.28813335333533 4.966962415193302e-21
55.38704570457046 4.956562327887196e-21
55.48595805580558 4.946197145598503e-21
55.584870407040704 4.935866735770019e-21
55.683782758275825 4.925570966184779e-21
55.782695109510954 4.915309704969593e-21
55.881607460746075 4.905082820598543e-21
55.980519811981196 4.894890181896306e-21
56.079432163216325 4.884731658041397e-21
56.178344514451446 4.874607118569292e-21
56.27725686568657 4.864516433375466e-21
56.376169216921696 4.8544594727182884e-21
56.47508156815682 4.844436107221848e-21
56.57399391939194 4.83444620787868e-21
56.67290627062707 4.824489646052363e-21
56.77181862186219 4.814566293480067e-21
56.87073097309731 4.80467602227497e-21
56.96964332433243 4.794818704928592e-21
57.06855567556756 4.784994214313063e-21
57.16746802680268 4.775202423683275e-21
57.2663803780378 4.7654432066789505e-21
57.36529272927293 4.755716437326658e-21
57.46420508050805 4.746021990041701e-21
57.56311743174317 4.736359739629959e-21
57.6620297829783 4.726729561289647e-21
57.76094213421342 4.717131330612977e-21
57.859854485448544 4.707564923587768e-21
57.95876683668367 4.698030216598972e-21
58.057679187918794 4.6885270864301325e-21
58.156591539153915 4.679055410264758e-21
58.25550389038904 4.669615065687656e-21
58.354416241624165 4.660205930686166e-21
58.453328592859286 4.6508278836513546e-21
58.55224094409441 4.641480803379127e-21
58.651153295329536 4.63216456907128e-21
58.75006564656466 4.622879060336512e-21
58.84897799779978 4.61362415719134e-21
58.94789034903491 4.60439974006098e-21
59.04680270027003 4.595205689780174e-21
59.14571505150515 4.586041887593935e-21
59.24462740274028 4.576908215158265e-21
59.3435397539754 4.5678045545408075e-21
59.44245210521052 4.558730788221439e-21
59.54136445644565 4.549686799092826e-21
59.64027680768077 4.5406724704609145e-21
59.73918915891589 4.531687686045386e-21
59.83810151015101 4.522732329980059e-21
59.93701386138614 4.513806286813233e-21
60.03592621262126 4.504909441508011e-21
60.134838563856384 4.496041679442551e-21
60.23375091509151 4.4872028864102845e-21
60.332663266326634 4.4783929486201066e-21
60.431575617561755 4.469611752696499e-21
60.53048796879688 4.460859185679618e-21
60.629400320032005 4.452135135025372e-21
60.728312671267126 4.443439488605407e-21
60.827225022502255 4.434772134707108e-21
60.926137373737376 4.42613296203352e-21
61.0250497249725 4.417521859703267e-21
61.12396207620762 4.408938717250409e-21
61.22287442744275 4.400383424624278e-21
61.32178677867787 4.39185587218928e-21
61.42069912991299 4.38335595072466e-21
61.51961148114812 4.374883551424236e-21
61.61852383238324 4.3664385658961e-21
61.71743618361836 4.358020886162296e-21
61.81634853485349 4.349630404658459e-21
61.91526088608861 4.3412670142334225e-21
62.01417323732373 4.332930608148813e-21
62.11308558855886 4.324621080078602e-21
62.21199793979398 4.3163383241086346e-21
62.3109102910291 4.308082234736138e-21
62.409822642264224 4.2998527068691954e-21
62.50873499349935 4.2916496358261986e-21
62.607647344734474 4.283472917335276e-21
62.706559695969595 4.275322447533698e-21
62.805472047204724 4.267198122967261e-21
62.904384398439845 4.2590998405896416e-21
63.003296749674966 4.251027497761736e-21
63.102209100910095 4.242980992250968e-21
63.201121452145216 4.234960222230599e-21
63.30003380338034 4.226965086278981e-21
63.398946154615466 4.218995483378824e-21
63.49785850585059 4.211051312916432e-21
63.59677085708571 4.203132474680917e-21
63.69568320832083 4.195238868863384e-21
63.79459555955596 4.187370396056128e-21
63.89350791079108 4.179526957251789e-21
63.9924202620262 4.1717084538425e-21
64.09133261326133 4.163914787619014e-21
64.19024496449646 4.156145860769816e-21
64.28915731573157 4.148401575880233e-21
64.3880696669667 4.140681835931499e-21
64.48698201820181 4.132986544299835e-21
64.58589436943694 4.125315604755505e-21
64.68480672067207 4.117668921461856e-21
64.7837190719072 4.110046398974335e-21
64.88263142314231 4.102447942239521e-21
64.98154377437743 4.094873456594108e-21
65.08045612561256 4.087322847763916e-21
65.17936847684769 4.079796021862852e-21
65.27828082808281 4.0722928853918854e-21
65.37719317931794 4.064813345238002e-21
65.47610553055306 4.057357308673149e-21
65.57501788178817 4.0499246833531736e-21
65.6739302330233 4.042515377316733e-21
65.77284258425843 4.035129298984234e-21
65.87175493549356 4.02776635715672e-21
65.97066728672868 4.0204264610147776e-21
66.0695796379638 4.013109520117416e-21
66.16849198919891 4.0058154444009546e-21
66.26740434043404 3.9985441441778874e-21
66.36631669166917 3.991295530135761e-21
66.4652290429043 3.9840695133360094e-21
66.56414139413941 3.976866005212826e-21
66.66305374537454 3.969684917571984e-21
66.76196609660965 3.96252616258969e-21
66.86087844784478 3.9553896528114e-21
66.95979079907991 3.948275301150649e-21
67.05870315031504 3.94118302088787e-21
67.15761550155015 3.934112725669192e-21
67.25652785278528 3.927064329505262e-21
67.3554402040204 3.920037746770041e-21
67.45435255525553 3.913032892199581e-21
67.55326490649065 3.90604968089085e-21
67.65217725772578 3.899088028300488e-21
67.7510896089609 3.892147850243604e-21
67.85000196019601 3.885229062892551e-21
67.94891431143114 3.878331582775693e-21
68.04782666266627 3.871455326776187e-21
68.1467390139014 3.864600212130743e-21
68.24565136513652 3.8577661564283824e-21
68.34456371637164 3.85095307760921e-21
68.44347606760675 3.8441608939631625e-21
68.54238841884188 3.837389524128764e-21
68.64130077007701 3.830638887091881e-21
68.74021312131214 3.823908902184472e-21
68.83912547254727 3.817199489083329e-21
68.93803782378238 3.810510567808833e-21
69.0369501750175 3.803842058723687e-21
69.13586252625262 3.797193882531664e-21
69.23477487748775 3.7905659602763464e-21
69.33368722872288 3.7839582133398606e-21
69.432599579958 3.7773705634416245e-21
69.53151193119312 3.770802932637069e-21
69.63042428242824 3.764255243316385e-21
69.72933663366337 3.7577274182032565e-21
69.8282489848985 3.75121938035359e-21
69.92716133613362 3.7447310531542485e-21
70.02607368736874 3.738262360321786e-21
70.12498603860386 3.7318132259011845e-21
70.22389838983898 3.725383574264576e-21
70.32281074107411 3.718973330109984e-21
70.42172309230924 3.7125824184600454e-21
70.52063544354436 3.706210764660759e-21
70.61954779477948 3.699858294380203e-21
70.71846014601459 3.693524933607275e-21
70.81737249724972 3.687210608650422e-21
70.91628484848485 3.680915246136382e-21
71.01519719971998 3.674638773008909e-21
71.1141095509551 3.66838111652752e-21
71.21302190219022 3.6621422042662195e-21
71.31193425342533 3.655921964112246e-21
71.41084660466046 3.649720324264804e-21
71.50975895589559 3.643537213233814e-21
71.60867130713072 3.637372559838642e-21
71.70758365836583 3.631226293206853e-21
71.80649600960096 3.625098342772942e-21
71.90540836083608 3.618988638277093e-21
72.0043207120712 3.612897109763918e-21
72.10323306330633 3.606823687581208e-21
72.20214541454146 3.600768302378688e-21
72.30105776577658 3.5947308851067575e-21
72.3999701170117 3.58871136701526e-21
72.49888246824682 3.5827096796522265e-21
72.59779481948195 3.576725754862643e-21
72.69670717071708 3.570759524787204e-21
72.7956195219522 3.564810921861085e-21
72.89453187318732 3.558879878812696e-21
72.99344422442243 3.552966328662456e-21
73.09235657565756 3.547070204721559e-21
73.19126892689269 3.541191440590754e-21
73.29018127812782 3.5353299701591046e-21
73.38909362936295 3.529485727602784e-21
73.48800598059806 3.523658647383842e-21
73.58691833183317 3.517848664248991e-21
73.6858306830683 3.512055713228392e-21
73.78474303430343 3.506279729634446e-21
73.88365538553856 3.500520649060576e-21
73.98256773677369 3.49477840738003e-21
74.0814800880088 3.4890529407446696e-21
74.18039243924392 3.4833441855837785e-21
74.27930479047905 3.4776520786028515e-21
74.37821714171417 3.471976556782417e-21
74.4771294929493 3.466317557376829e-21
74.57604184418442 3.460675017913091e-21
74.67495419541955 3.4550488761896685e-21
74.77386654665466 3.449439070275294e-21
74.87277889788979 3.443845538507814e-21
74.97169124912492 3.438268219492985e-21
75.07060360036004 3.432707052103325e-21
75.16951595159517 3.427161975476927e-21
75.26842830283027 3.4216329290163115e-21
75.3673406540654 3.41611985238724e-21
75.46625300530053 3.410622685517579e-21
75.56516535653566 3.405141368596133e-21
75.66407770777079 3.399675842071501e-21
75.76299005900592 3.394226046650915e-21
75.86190241024102 3.388791923299111e-21
75.96081476147614 3.3833734132371734e-21
76.05972711271127 3.377970457941407e-21
76.1586394639464 3.3725829991422014e-21
76.25755181518153 3.3672109788228972e-21
76.35646416641663 3.361854339218663e-21
76.45537651765176 3.3565130228153697e-21
76.55428886888689 3.3511869723484703e-21
76.65320122012201 3.3458761308018913e-21
76.75211357135714 3.34058044140691e-21
76.85102592259227 3.3352998476410566e-21
76.94993827382737 3.3300342932270037e-21
77.0488506250625 3.3247837221314595e-21
77.14776297629763 3.319548078564091e-21
77.24667532753276 3.314327306976409e-21
77.34558767876788 3.3091213520606927e-21
77.44450003000301 3.303930158748898e-21
77.54341238123811 3.2987536722115783e-21
77.64232473247324 3.293591837856802e-21
77.74123708370837 3.2884446013290885e-21
77.8401494349435 3.2833119085083292e-21
77.93906178617863 3.278193705508724e-21
78.03797413741376 3.273089938677723e-21
78.13688648864886 3.268000554594961e-21
78.23579883988398 3.262925500071208e-21
78.33471119111911 3.2578647221473174e-21
78.43362354235424 3.2528181680931813e-21
78.53253589358937 3.247785785406685e-21
78.6314482448245 3.2427675218126683e-21
78.7303605960596 3.2377633252618955e-21
78.82927294729473 3.2327731439300175e-21
78.92818529852985 3.2277969262165494e-21
79.02709764976498 3.222834620743847e-21
79.12601000100011 3.217886176356087e-21
79.22492235223521 3.2129515421182578e-21
79.32383470347034 3.2080306673151383e-21
79.42274705470547 3.2031235014502945e-21
79.5216594059406 3.198229994245081e-21
79.62057175717572 3.193350095637641e-21
79.71948410841085 3.1884837557819067e-21
79.81839645964595 3.1836309250466114e-21
79.91730881088108 3.178791554014298e-21
80.01622116211621 3.173965593480347e-21
80.11513351335134 3.1691529944519826e-21
80.21404586458647 3.1643537081473108e-21
80.3129582158216 3.1595676859943378e-21
80.4118705670567 3.1547948796300107e-21
80.51078291829182 3.1500352408992457e-21
80.60969526952695 3.14528872185398e-21
80.70860762076208 3.1405552747522033e-21
80.80751997199721 3.1358348520570197e-21
80.90643232323234 3.131127406435691e-21
81.00534467446744 3.126432890758698e-21
81.10425702570257 3.1217512580987943e-21
81.2031693769377 3.117082461730082e-21
81.30208172817282 3.1124264551270676e-21
81.40099407940795 3.1077831919637475e-21
81.49990643064308 3.1031526261126717e-21
81.59881878187818 3.098534711644031e-21
81.69773113311331 3.0939294028247387e-21
81.79664348434844 3.089336654117524e-21
81.89555583558356 3.0847564201800126e-21
81.9944681868187 3.0801886558638332e-21
82.0933805380538 3.075633316213718e-21
82.19229288928892 3.0710903564665936e-21
82.29120524052405 3.0665597320507007e-21
82.39011759175918 3.062041398584704e-21
82.4890299429943 3.0575353118768022e-21
82.58794229422944 3.0530414279238498e-21
82.68685464546454 3.048559702910487e-21
82.78576699669966 3.0440900932082474e-21
82.88467934793479 3.0396325553747126e-21
82.98359169916992 3.0351870461526324e-21
83.08250405040505 3.0307535224690667e-21
83.18141640164018 3.026331941434526e-21
83.28032875287528 3.0219222603421185e-21
83.3792411041104 3.0175244366667004e-21
83.47815345534553 3.0131384280640356e-21
83.57706580658066 3.0087641923699355e-21
83.67597815781579 3.0044016875994415e-21
83.77489050905092 3.000050871945974e-21
83.87380286028602 2.9957117037805112e-21
83.97271521152115 2.991384141650754e-21
84.07162756275628 2.9870681442803052e-21
84.1705399139914 2.9827636705678543e-21
84.26945226522653 2.978470679586351e-21
84.36836461646163 2.974189130582204e-21
84.46727696769676 2.9699189829744588e-21
84.56618931893189 2.965660196354007e-21
84.66510167016702 2.9614127304827733e-21
84.76401402140215 2.9571765452929222e-21
84.86292637263728 2.9529516008860624e-21
84.96183872387238 2.9487378575324607e-21
85.0607510751075 2.9445352756702435e-21
85.15966342634263 2.940343815904629e-21
85.25857577757776 2.936163439007134e-21
85.35748812881289 2.9319941059148064e-21
85.45640048004802 2.9278357777294457e-21
85.55531283128312 2.9236884157168425e-21
85.65422518251825 2.9195519813060015e-21
85.75313753375337 2.91542643608839e-21
85.8520498849885 2.9113117418171754e-21
85.95096223622363 2.9072078604064726e-21
86.04987458745876 2.9031147539305822e-21
86.14878693869386 2.8990323846232624e-21
86.24769928992899 2.8949607148769628e-21
86.34661164116412 2.8908997072421e-21
86.44552399239925 2.8868493244263157e-21
86.54443634363437 2.8828095292937327e-21
86.6433486948695 2.8787802848642423e-21
86.7422610461046 2.8747615543127626e-21
86.84117339733973 2.870753300968522e-21
86.94008574857486 2.8667554883143363e-21
87.03899809980999 2.8627680799858913e-21
87.13791045104512 2.8587910397710334e-21
87.23682280228022 2.8548243316090575e-21
87.33573515351534 2.8508679195899937e-21
87.43464750475047 2.846921767953914e-21
87.5335598559856 2.8429858410902294e-21
87.63247220722073 2.8390601035369915e-21
87.73138455845586 2.8351445199801943e-21
87.83029690969096 2.831239055253097e-21
87.92920926092609 2.827343674335524e-21
88.02812161216121 2.823458342353183e-21
88.12703396339634 2.8195830245770004e-21
88.22594631463147 2.8157176864224245e-21
88.3248586658666 2.811862293448757e-21
88.4237710171017 2.8080168113584916e-21
88.52268336833683 2.804181205996635e-21
88.62159571957196 2.800355443350049e-21
88.72050807080709 2.796539489546789e-21
88.81942042204221 2.792733310855444e-21
88.91833277327734 2.7889368736844846e-21
89.01724512451244 2.7851501445816118e-21
89.11615747574757 2.7813730902331e-21
89.2150698269827 2.7776056774631644e-21
89.31398217821783 2.7738478732333134e-21
89.41289452945296 2.770099644641707e-21
89.51180688068808 2.766360958922522e-21
89.61071923192318 2.762631783445326e-21
89.70963158315831 2.7589120857144324e-21
89.80854393439344 2.7552018333682886e-21
89.90745628562857 2.7515009941788468e-21
90.0063686368637 2.7478095360509415e-21
90.1052809880988 2.744127427021672e-21
90.20419333933393 2.74045463525979e-21
90.30310569056905 2.7367911290650858e-21
90.40201804180418 2.7331368768677795e-21
90.50093039303931 2.7294918472279193e-21
90.59984274427444 2.7258560088347698e-21
90.69875509550954 2.7222293305062244e-21
90.79766744674467 2.7186117811881903e-21
90.8965797979798 2.7150033299540124e-21
90.99549214921493 2.711403946003877e-21
91.09440450045005 2.7078135986642142e-21
91.19331685168518 2.7042322573871254e-21
91.29222920292028 2.7006598917497902e-21
91.39114155415541 2.6970964714538905e-21
91.49005390539054 2.693541966325035e-21
91.58896625662567 2.689996346312187e-21
91.6878786078608 2.686459581487084e-21
91.78679095909592 2.6829316420436777e-21
91.88570331033102 2.6794124982975656e-21
91.98461566156615 2.6759021206854253e-21
92.08352801280128 2.6724004797644598e-21
92.18244036403641 2.6689075462118326e-21
92.28135271527154 2.6654232908241204e-21
92.38026506650664 2.661947684516756e-21
92.47917741774177 2.6584806983234782e-21
92.5780897689769 2.655022303395788e-21
92.67700212021202 2.6515724710024074e-21
92.77591447144715 2.6481311725287285e-21
92.87482682268228 2.644698379476286e-21
92.97373917391738 2.6412740634622096e-21
93.07265152515251 2.637858196218702e-21
93.17156387638764 2.6344507495924985e-21
93.27047622762277 2.6310516955443447e-21
93.3693885788579 2.6276610061484694e-21
93.46830093009302 2.6242786535920604e-21
93.56721328132812 2.6209046101747442e-21
93.66612563256325 2.617538848308069e-21
93.76503798379838 2.6141813405149882e-21
93.86395033503351 2.61083205942935e-21
93.96286268626864 2.607490977795383e-21
94.06177503750376 2.6041580684671947e-21
94.16068738873886 2.6008333044082544e-21
94.25959973997399 2.5975166586909057e-21
94.35851209120912 2.5942081044958547e-21
94.45742444244425 2.5909076151116758e-21
94.55633679367938 2.58761516393432e-21
94.6552491449145 2.5843307244666118e-21
94.7541614961496 2.5810542703177727e-21
94.85307384738474 2.577785775202917e-21
94.95198619861986 2.5745252129425827e-21
95.05089854985499 2.5712725574622316e-21
95.14981090109012 2.568027782791786e-21
95.24872325232522 2.564790863065132e-21
95.34763560356035 2.5615617725196587e-21
95.44654795479548 2.558340485495768e-21
95.5454603060306 2.555126976436425e-21
95.64437265726573 2.5519212198866674e-21
95.74328500850086 2.5487231904931484e-21
95.84219735973596 2.5455328630036774e-21
95.94110971097109 2.5423502122667413e-21
96.04002206220622 2.539175213231064e-21
96.13893441344135 2.5360078409451346e-21
96.23784676467648 2.5328480705567553e-21
96.3367591159116 2.5296958773125915e-21
96.4356714671467 2.5265512365577207e-21
96.53458381838183 2.5234141237351762e-21
96.63349616961696 2.520284514385508e-21
96.73240852085209 2.517162384146339e-21
96.83132087208722 2.514047708751916e-21
96.93023322332235 2.5109404640326763e-21
97.02914557455745 2.5078406259148075e-21
97.12805792579258 2.5047481704198078e-21
97.2269702770277 2.5016630736640628e-21
97.32588262826283 2.4985853118584015e-21
97.42479497949796 2.4955148613076768e-21
97.52370733073309 2.492451698410331e-21
97.62261968196819 2.4893957996579806e-21
97.72153203320332 2.4863471416349813e-21
97.82044438443845 2.483305701018015e-21
97.91935673567357 2.4802714545756705e-21
98.0182690869087 2.477244379168026e-21
98.1171814381438 2.474224451746229e-21
98.21609378937893 2.4712116493520927e-21
98.31500614061406 2.4682059491176816e-21
98.41391849184919 2.4652073282649017e-21
98.51283084308432 2.4622157641050938e-21
98.61174319431944 2.459231234038632e-21
98.71065554555454 2.456253715554519e-21
98.80956789678967 2.4532831862299843e-21
98.9084802480248 2.4503196237300887e-21
99.00739259925993 2.447363005807328e-21
99.10630495049506 2.4444133103012326e-21
99.20521730173019 2.4414705151379824e-21
99.30412965296529 2.4385345983300115e-21
99.40304200420042 2.4356055379756184e-21
99.50195435543554 2.432683312258585e-21
99.60086670667067 2.4297678994477833e-21
99.6997790579058 2.4268592778968025e-21
99.79869140914093 2.4239574260435565e-21
99.89760376037603 2.4210623224099145e-21
99.99651611161116 2.418173945601314e-21
100.09542846284629 2.4152922743063952e-21
100.19434081408141 2.4124172872966213e-21
100.29325316531654 2.4095489634259056e-21
100.39216551655164 2.406687281630246e-21
100.49107786778677 2.4038322209273556e-21
100.5899902190219 2.400983760416289e-21
100.68890257025703 2.3981418792770907e-21
100.78781492149216 2.395306556770422e-21
100.88672727272728 2.3924777722372024e-21
100.98563962396238 2.389655505098254e-21
101.08455197519751 2.3868397348539372e-21
101.18346432643264 2.3840304410838038e-21
101.28237667766777 2.381227603446234e-21
101.3812890289029 2.3784312016780907e-21
101.48020138013803 2.375641215594365e-21
101.57911373137313 2.372857625087831e-21
101.67802608260826 2.370080410128694e-21
101.77693843384338 2.3673095507642526e-21
101.87585078507851 2.3645450271185445e-21
101.97476313631364 2.3617868193920134e-21
102.07367548754877 2.3590349078611672e-21
102.17258783878387 2.3562892728782357e-21
102.271500190019 2.3535498948708347e-21
102.37041254125413 2.3508167543416343e-21
102.46932489248925 2.348089831868021e-21
102.56823724372438 2.3453691081017693e-21
102.66714959495951 2.3426545637687064e-21
102.76606194619461 2.3399461796683902e-21
102.86497429742974 2.337243936673776e-21
102.96388664866487 2.3345478157308915e-21
103.0627989999 2.3318577978585192e-21
103.16171135113512 2.329173864147867e-21
103.26062370237022 2.32649599576225e-21
103.35953605360535 2.3238241739367707e-21
103.45844840484048 2.321158379978004e-21
103.55736075607561 2.3184985952636757e-21
103.65627310731074 2.315844801242355e-21
103.75518545854587 2.313196979433134e-21
103.85409780978097 2.3105551114253245e-21
103.9530101610161 2.3079191788781383e-21
104.05192251225122 2.3052891635203872e-21
104.15083486348635 2.302665047150173e-21
104.24974721472148 2.3000468116345802e-21
104.34865956595661 2.2974344389093755e-21
104.44757191719171 2.2948279109787036e-21
104.54648426842684 2.292227209914784e-21
104.64539661966197 2.289632317857616e-21
104.7443089708971 2.2870432170146792e-21
104.84322132213222 2.284459889660634e-21
104.94213367336735 2.2818823181370302e-21
105.04104602460245 2.279310484852013e-21
105.13995837583758 2.2767443722800246e-21
105.23887072707271 2.2741839629615237e-21
105.33778307830784 2.2716292395026894e-21
105.43669542954297 2.2690801845751322e-21
105.5356077807781 2.2665367809156132e-21
105.6345201320132 2.263999011325754e-21
105.73343248324832 2.2614668586717512e-21
105.83234483448345 2.2589403058841026e-21
105.93125718571858 2.256419335957318e-21
106.03016953695371 2.253903931949642e-21
106.12908188818881 2.2513940769827764e-21
106.22799423942394 2.2488897542416008e-21
106.32690659065906 2.2463909469739028e-21
106.42581894189419 2.2438976384900967e-21
106.52473129312932 2.241409812162954e-21
106.62364364436445 2.2389274514273334e-21
106.72255599559955 2.236450539779907e-21
106.82146834683468 2.2339790607788902e-21
106.9203806980698 2.2315129980437837e-21
107.01929304930493 2.2290523352550933e-21
107.11820540054006 2.226597056154075e-21
107.21711775177519 2.224147144542466e-21
107.31603010301029 2.2217025842822264e-21
107.41494245424542 2.2192633592952735e-21
107.51385480548055 2.2168294535632244e-21
107.61276715671568 2.2144008511271357e-21
107.7116795079508 2.2119775360872502e-21
107.81059185918593 2.2095594926027334e-21
107.90950421042103 2.2071467048914257e-21
108.00841656165616 2.204739157229583e-21
108.10732891289129 2.20233683395163e-21
108.20624126412642 2.1999397194499014e-21
108.30515361536155 2.1975477981744e-21
108.40406596659665 2.195161054632543e-21
108.50297831783178 2.1927794733889118e-21
108.6018906690669 2.1904030390650126e-21
108.70080302030203 2.1880317363390256e-21
108.79971537153716 2.1856655499455636e-21
108.89862772277229 2.183304464675429e-21
108.99754007400739 2.1809484653753677e-21
109.09645242524252 2.178597536947833e-21
109.19536477647765 2.1762516643507505e-21
109.29427712771277 2.1739108325972644e-21
109.3931894789479 2.1715750267555216e-21
109.49210183018303 2.1692442319484147e-21
109.59101418141813 2.166918433353364e-21
109.68992653265326 2.1645976162020703e-21
109.78883888388839 2.1622817657802954e-21
109.88775123512352 2.1599708674276185e-21
109.98666358635865 2.1576649065372134e-21
110.08557593759377 2.1553638685556165e-21
110.18448828882887 2.1530677389825012e-21
110.283400640064 2.1507765033704458e-21
110.38231299129913 2.14849014732471e-21
110.48122534253426 2.1462086565030153e-21
110.58013769376939 2.1439320166153104e-21
110.67905004500452 2.141660213423558e-21
110.77796239623962 2.139393232741509e-21
110.87687474747474 2.1371310604344805e-21
110.97578709870987 2.1348736824191404e-21
111.074699449945 2.132621084663285e-21
111.17361180118013 2.130373253185623e-21
111.27252415241523 2.128130174055562e-21
111.37143650365036 2.1258918333929844e-21
111.47034885488549 2.1236582173680452e-21
111.56926120612061 2.1214293122009486e-21
111.66817355735574 2.119205104161741e-21
111.76708590859087 2.1169855795700954e-21
111.86599825982597 2.114770724795109e-21
111.9649106110611 2.1125605262550814e-21
112.06382296229623 2.110354970417321e-21
112.16273531353136 2.108154043797923e-21
112.26164766476649 2.1059577329615773e-21
112.36056001600161 2.103766024521351e-21
112.45947236723671 2.101578905138492e-21
112.55838471847184 2.0993963615222206e-21
112.65729706970697 2.0972183804295312e-21
112.7562094209421 2.0950449486649873e-21
112.85512177217723 2.0928760530805235e-21
112.95403412341236 2.0907116805752464e-21
113.05294647464746 2.08855181809523e-21
113.15185882588258 2.0863964526333286e-21
113.25077117711771 2.084245571228968e-21
113.34968352835284 2.0820991609679612e-21
113.44859587958797 2.079957208982305e-21
113.5475082308231 2.0778197024499893e-21
113.6464205820582 2.0756866285948064e-21
113.74533293329333 2.0735579746861523e-21
113.84424528452845 2.071433728038843e-21
113.94315763576358 2.06931387601292e-21
114.04206998699871 2.067198406013461e-21
114.14098233823381 2.0650873054903935e-21
114.23989468946894 2.0629805619383026e-21
114.33880704070407 2.0608781628962513e-21
114.4377193919392 2.0587800959475886e-21
114.53663174317433 2.0566863487197678e-21
114.63554409440945 2.0545969088841612e-21
114.73445644564455 2.0525117641558768e-21
114.83336879687968 2.050430902293574e-21
114.93228114811481 2.0483543110992868e-21
115.03119349934994 2.0462819784182414e-21
115.13010585058507 2.044213892138674e-21
115.2290182018202 2.042150040191653e-21
115.3279305530553 2.0400904105509023e-21
115.42684290429042 2.0380349912326222e-21
115.52575525552555 2.0359837702953138e-21
115.62466760676068 2.033936735839604e-21
115.72357995799581 2.0318938760080702e-21
115.82249230923094 2.0298551789850653e-21
115.92140466046604 2.0278206329965473e-21
116.02031701170117 2.0257902263099004e-21
116.1192293629363 2.023763947233774e-21
116.21814171417142 2.021741784117903e-21
116.31705406540655 2.0197237253529413e-21
116.41596641664165 2.017709759370293e-21
116.51487876787678 2.0156998746419422e-21
116.61379111911191 2.013694059680287e-21
116.71270347034704 2.0116923030379734e-21
116.81161582158217 2.0096945933077277e-21
116.9105281728173 2.0077009191221914e-21
117.0094405240524 2.005711269153757e-21
117.10835287528752 2.003725632114405e-21
117.20726522652265 2.0017439967555407e-21
117.30617757775778 1.999766351867832e-21
117.40508992899291 1.997792686281045e-21
117.50400228022804 1.9958229888638908e-21
117.60291463146314 1.9938572485238582e-21
117.70182698269826 1.9918954542070577e-21
117.8007393339334 1.98993759489806e-21
117.89965168516852 1.9879836596197476e-21
117.99856403640365 1.986033637433144e-21
118.09747638763878 1.984087517437269e-21
118.19638873887388 1.9821452887689784e-21
118.295301090109 1.980206940602809e-21
118.39421344134414 1.978272462150824e-21
118.49312579257926 1.976341842662464e-21
118.59203814381439 1.9744150714243878e-21
118.69095049504952 1.9724921377603258e-21
118.78986284628462 1.970573031030929e-21
118.88877519751975 1.968657740633612e-21
118.98768754875488 1.9667462560024115e-21
119.08659989999 1.96483856660783e-21
119.18551225122513 1.962934661956693e-21
119.28442460246023 1.961034531591999e-21
119.38333695369536 1.9591381650927705e-21
119.48224930493049 1.957245552073908e-21
119.58116165616562 1.9553566821860515e-21
119.68007400740075 1.9534715451154256e-21
119.77898635863588 1.9515901305836964e-21
119.87789870987098 1.9497124283478375e-21
119.9768110611061 1.9478384281999735e-21
120.07572341234123 1.945968119967249e-21
120.17463576357636 1.9441014935116762e-21
120.27354811481149 1.942238538730006e-21
120.37246046604662 1.940379245553577e-21
120.47137281728172 1.9385236039481813e-21
120.57028516851685 1.936671603913922e-21
120.66919751975198 1.93482323548508e-21
120.7681098709871 1.9329784887299688e-21
120.86702222222223 1.9311373537508045e-21
120.96593457345736 1.9292998206835634e-21
121.06484692469246 1.9274658796978504e-21
121.16375927592759 1.925635520996759e-21
121.26267162716272 1.923808734816741e-21
121.36158397839785 1.921985511427472e-21
121.46049632963297 1.920165841131713e-21
121.5594086808681 1.9183497142651836e-21
121.6583210321032 1.9165371211964266e-21
121.75723338333833 1.9147280523266752e-21
121.85614573457346 1.9129224980897256e-21
121.95505808580859 1.9111204489518025e-21
122.05397043704372 1.9093218954114335e-21
122.15288278827882 1.9075268279993147e-21
122.25179513951394 1.905735237278185e-21
122.35070749074907 1.9039471138426995e-21
122.4496198419842 1.902162448319299e-21
122.54853219321933 1.9003812313660845e-21
122.64744454445446 1.8986034536726888e-21
122.74635689568956 1.8968291059601538e-21
122.84526924692469 1.895058178980803e-21
122.94418159815982 1.893290663518118e-21
123.04309394939494 1.891526550386615e-21
123.14200630063007 1.8897658304317186e-21
123.2409186518652 1.888008494529639e-21
123.3398310031003 1.8862545335872563e-21
123.43874335433543 1.8845039385419876e-21
123.53765570557056 1.8827567003616723e-21
123.63656805680569 1.881012810044454e-21
123.73548040804081 1.8792722586186543e-21
123.83439275927594 1.8775350371426555e-21
123.93330511051104 1.8758011367047813e-21
124.03221746174617 1.874070548423179e-21
124.1311298129813 1.8723432634456996e-21
124.23004216421643 1.8706192729497837e-21
124.32895451545156 1.8688985681423388e-21
124.42786686668666 1.8671811402596305e-21
124.52677921792178 1.865466980567159e-21
124.62569156915691 1.8637560803595483e-21
124.72460392039204 1.8620484309604295e-21
124.82351627162717 1.8603440237223265e-21
124.9224286228623 1.858642850026546e-21
125.0213409740974 1.8569449012830553e-21
125.12025332533253 1.8552501689303765e-21
125.21916567656766 1.853558644435476e-21
125.31807802780278 1.8518703192936443e-21
125.41699037903791 1.8501851850283907e-21
125.51590273027304 1.848503233191334e-21
125.61481508150814 1.846824455362086e-21
125.71372743274327 1.8451488431481462e-21
125.8126397839784 1.8434763881847908e-21
125.91155213521353 1.8418070821349654e-21
126.01046448644865 1.8401409166891743e-21
126.10937683768378 1.838477883565374e-21
126.20828918891888 1.8368179745088663e-21
126.30720154015401 1.835161181292191e-21
126.40611389138914 1.833507495715015e-21
126.50502624262427 1.8318569096040348e-21
126.6039385938594 1.8302094148128656e-21
126.70285094509453 1.8285650032219377e-21
126.80176329632963 1.8269236667383887e-21
126.90067564756475 1.8252853972959654e-21
126.99958799879988 1.8236501868549142e-21
127.09850035003501 1.822018027401882e-21
127.19741270127014 1.820388910949813e-21
127.29632505250524 1.818762829537843e-21
127.39523740374037 1.817139775231201e-21
127.4941497549755 1.8155197401211105e-21
127.59306210621062 1.813902716324678e-21
127.69197445744575 1.8122886959848053e-21
127.79088680868088 1.810677671270083e-21
127.88979915991598 1.80906963437469e-21
127.98871151115111 1.8074645775182946e-21
128.08762386238624 1.805862492945961e-21
128.18653621362137 1.8042633729280454e-21
128.2854485648565 1.8026672097601e-21
128.38436091609162 1.8010739957627758e-21
128.48327326732672 1.799483723281727e-21
128.58218561856185 1.7978963846875085e-21
128.68109796979698 1.796311972375491e-21
128.7800103210321 1.794730478765752e-21
128.87892267226724 1.7931518963029914e-21
128.97783502350237 1.791576217456431e-21
129.07674737473747 1.790003434719722e-21
129.1756597259726 1.7884335406108488e-21
129.27457207720772 1.786866527672039e-21
129.37348442844285 1.7853023884696676e-21
129.47239677967798 1.783741115594166e-21
129.5713091309131 1.782182701659924e-21
129.6702214821482 1.7806271393052115e-21
129.76913383338334 1.7790744211920685e-21
129.86804618461846 1.7775245400062277e-21
129.9669585358536 1.775977488457019e-21
130.06587088708872 1.7744332592772797e-21
130.16478323832382 1.7728918452232644e-21
130.26369558955895 1.771353239074555e-21
130.36260794079408 1.7698174336339705e-21
130.4615202920292 1.768284421727483e-21
130.56043264326433 1.7667541962041223e-21
130.65934499449946 1.765226749935895e-21
130.75825734573456 1.7637020758176913e-21
130.8571696969697 1.7621801667671996e-21
130.95608204820482 1.760661015724822e-21
131.05499439943995 1.7591446156535843e-21
131.15390675067508 1.7576309595390508e-21
131.2528191019102 1.7561200403892404e-21
131.3517314531453 1.7546118512345396e-21
131.45064380438043 1.7531063851276176e-21
131.54955615561556 1.7516036351433435e-21
131.6484685068507 1.750103594378697e-21
131.74738085808582 1.748606255952693e-21
131.84629320932095 1.7471116130062897e-21
131.94520556055605 1.7456196587023082e-21
132.04411791179118 1.7441303862253547e-21
132.1430302630263 1.742643788781729e-21
132.24194261426143 1.7411598595993515e-21
132.34085496549656 1.739678591927673e-21
132.43976731673166 1.738199979037603e-21
132.5386796679668 1.736724014221417e-21
132.63759201920192 1.7352506907926865e-21
132.73650437043705 1.7337800020861914e-21
132.83541672167217 1.7323119414578478e-21
132.9343290729073 1.730846502284617e-21
133.0332414241424 1.729383677964438e-21
133.13215377537753 1.72792346191614e-21
133.23106612661266 1.7264658475793703e-21
133.3299784778478 1.7250108284145092e-21
133.42889082908292 1.723558397902598e-21
133.52780318031805 1.7221085495452585e-21
133.62671553155315 1.7206612768646196e-21
133.72562788278827 1.719216573403231e-21
133.8245402340234 1.717774432723998e-21
133.92345258525853 1.7163348484100973e-21
134.02236493649366 1.7148978140649065e-21
134.1212772877288 1.7134633233119236e-21
134.2201896389639 1.712031369794696e-21
134.31910199019902 1.7106019471767406e-21
134.41801434143414 1.7091750491414754e-21
134.51692669266927 1.7077506693921406e-21
134.6158390439044 1.7063288016517252e-21
134.71475139513953 1.704909439662895e-21
134.81366374637463 1.70349257718792e-21
134.91257609760976 1.7020782080085955e-21
135.0114884488449 1.700666325926177e-21
135.11040080008001 1.6992569247613035e-21
135.20931315131514 1.697849998353925e-21
135.30822550255024 1.6964455405632365e-21
135.40713785378537 1.6950435452675945e-21
135.5060502050205 1.6936440063644581e-21
135.60496255625563 1.6922469177703141e-21
135.70387490749076 1.6908522734206023e-21
135.80278725872589 1.6894600672696513e-21
135.90169960996099 1.6880702932906048e-21
136.0006119611961 1.6866829454753515e-21
136.09952431243124 1.6852980178344574e-21
136.19843666366637 1.6839155043970995e-21
136.2973490149015 1.6825353992109901e-21
136.39626136613663 1.6811576963423142e-21
136.49517371737173 1.6797823898756582e-21
136.59408606860686 1.678409473913942e-21
136.69299841984198 1.677038942578354e-21
136.7919107710771 1.675670790008281e-21
136.89082312231224 1.6743050103612437e-21
136.98973547354737 1.6729415978128267e-21
137.08864782478247 1.671580546556613e-21
137.1875601760176 1.6702218508041223e-21
137.28647252725273 1.6688655047847343e-21
137.38538487848786 1.6675115027456375e-21
137.48429722972298 1.6661598389517512e-21
137.5832095809581 1.6648105076856674e-21
137.6821219321932 1.6634635032475846e-21
137.78103428342834 1.6621188199552401e-21
137.87994663466347 1.660776452143851e-21
137.9788589858986 1.6594363941660454e-21
138.07777133713373 1.6580986403918026e-21
138.17668368836883 1.6567631852083869e-21
138.27559603960395 1.6554300230202846e-21
138.37450839083908 1.654099148249141e-21
138.4734207420742 1.6527705553337014e-21
138.57233309330934 1.6514442387297425e-21
138.67124544454447 1.650120192910015e-21
138.77015779577957 1.6487984123641796e-21
138.8690701470147 1.6474788915987461e-21
138.96798249824982 1.6461616251370124e-21
139.06689484948495 1.6448466075189998e-21
139.16580720072008 1.6435338333013995e-21
139.2647195519552 1.6422232970575047e-21
139.36363190319034 1.6409149933771539e-21
139.46254425442544 1.6396089168666706e-21
139.56145660566057 1.6383050621488013e-21
139.6603689568957 1.6370034238626585e-21
139.75928130813082 1.6357039966636608e-21
139.85819365936595 1.6344067752234728e-21
139.95710601060108 1.633111754229947e-21
140.05601836183618 1.6318189283870642e-21
140.1549307130713 1.6305282924148761e-21
140.25384306430644 1.6292398410494477e-21
140.35275541554157 1.6279535690427978e-21
140.4516677667767 1.6266694711628428e-21
140.55058011801182 1.6253875421933378e-21
140.64949246924692 1.6241077769338222e-21
140.74840482048205 1.6228301701995594e-21
140.84731717171718 1.6215547168214816e-21
140.9462295229523 1.6202814116461335e-21
141.04514187418744 1.6190102495356159e-21
141.14405422542256 1.6177412253675307e-21
141.24296657665766 1.6164743340349243e-21
141.3418789278928 1.6152095704462287e-21
141.44079127912792 1.6139469295252136e-21
141.53970363036305 1.6126864062109248e-21
141.63861598159818 1.6114279954576322e-21
141.73752833283328 1.6101716922347768e-21
141.8364406840684 1.6089174915269099e-21
141.93535303530354 1.6076653883336483e-21
142.03426538653866 1.60641537766961e-21
142.1331777377738 1.6051674545643707e-21
142.23209008900892 1.6039216140624034e-21
142.33100244024402 1.602677851223026e-21
142.42991479147915 1.6014361611203521e-21
142.52882714271428 1.6001965388432316e-21
142.6277394939494 1.5989589794952067e-21
142.72665184518453 1.5977234781944506e-21
142.82556419641966 1.596490030073722e-21
142.92447654765476 1.5952586302803105e-21
143.0233888988899 1.5940292739759817e-21
143.12230125012502 1.5928019563369328e-21
143.22121360136015 1.5915766725537348e-21
143.32012595259528 1.5903534178312872e-21
143.4190383038304 1.5891321873887584e-21
143.5179506550655 1.587912976459545e-21
143.61686300630063 1.5866957802912149e-21
143.71577535753576 1.5854805941454587e-21
143.8146877087709 1.5842674132980406e-21
143.91360006000602 1.5830562330387452e-21
144.01251241124115 1.5818470486713332e-21
144.11142476247625 1.5806398555134883e-21
144.21033711371138 1.5794346488967665e-21
144.3092494649465 1.578231424166551e-21
144.40816181618163 1.5770301766820005e-21
144.50707416741676 1.5758309018160023e-21
144.60598651865186 1.5746335949551223e-21
144.704898869887 1.5734382514995575e-21
144.80381122112212 1.572244866863088e-21
144.90272357235725 1.5710534364730275e-21
145.00163592359237 1.5698639557701797e-21
145.1005482748275 1.5686764202087865e-21
145.1994606260626 1.5674908252564815e-21
145.29837297729773 1.5663071663942446e-21
145.39728532853286 1.5651254391163554e-21
145.496197679768 1.5639456389303428e-21
145.59511003100312 1.5627677613569428e-21
145.69402238223824 1.5615918019300491e-21
145.79293473347334 1.5604177561966674e-21
145.89184708470847 1.5592456197168738e-21
145.9907594359436 1.5580753880637594e-21
146.08967178717873 1.5569070568233962e-21
146.18858413841386 1.555740621594782e-21
146.287496489649 1.554576077989802e-21
146.3864088408841 1.5534134216331794e-21
146.48532119211922 1.5522526481624319e-21
146.58423354335434 1.5510937532278277e-21
146.68314589458947 1.5499367324923397e-21
146.7820582458246 1.5487815816316047e-21
146.88097059705973 1.5476282963338733e-21
146.97988294829483 1.5464768722999691e-21
147.07879529952996 1.5453273052432469e-21
147.1777076507651 1.544179590889546e-21
147.27662000200021 1.543033724977148e-21
147.37553235323534 1.5418897032567312e-21
147.47444470447044 1.5407475214913348e-21
147.57335705570557 1.5396071754563038e-21
147.6722694069407 1.53846866093926e-21
147.77118175817583 1.5373319737400471e-21
147.87009410941096 1.5361971096706972e-21
147.96900646064609 1.5350640645553845e-21
148.06791881188119 1.5339328342303827e-21
148.1668311631163 1.5328034145440249e-21
148.26574351435144 1.531675801356661e-21
148.36465586558657 1.5305499905406177e-21
148.4635682168217 1.5294259779801535e-21
148.56248056805683 1.5283037595714224e-21
148.66139291929193 1.5271833312224276e-21
148.76030527052706 1.526064688852983e-21
148.85921762176218 1.524947828394675e-21
148.9581299729973 1.5238327457908178e-21
149.05704232423244 1.5227194369964141e-21
149.15595467546757 1.5216078979781159e-21
149.25486702670267 1.5204981247141858e-21
149.3537793779378 1.5193901131944504e-21
149.45269172917293 1.5182838594202695e-21
149.55160408040805 1.5171793594044903e-21
149.65051643164318 1.5160766091714105e-21
149.74942878287828 1.5149756047567375e-21
149.8483411341134 1.5138763422075495e-21
149.94725348534854 1.5127788175822596e-21
150.04616583658367 1.5116830269505703e-21
150.1450781878188 1.510588966393444e-21
150.24399053905393 1.5094966320030535e-21
150.34290289028903 1.5084060198827545e-21
150.44181524152415 1.5073171261470384e-21
150.54072759275928 1.5062299469214999e-21
150.6396399439944 1.5051444783427975e-21
150.73855229522954 1.504060716558615e-21
150.83746464646467 1.502978657727623e-21
150.93637699769977 1.5018982980194456e-21
151.0352893489349 1.500819633614618e-21
151.13420170017002 1.4997426607045507e-21
151.23311405140515 1.4986673754914942e-21
151.33202640264028 1.4975937741885032e-21
151.4309387538754 1.4965218530193945e-21
151.5298511051105 1.4954516082187156e-21
151.62876345634564 1.4943830360317037e-21
151.72767580758077 1.4933161327142562e-21
151.8265881588159 1.4922508945328859e-21
151.92550051005102 1.491187317764692e-21
152.02441286128615 1.4901253986973205e-21
152.12332521252125 1.4890651336289298e-21
152.22223756375638 1.4880065188681537e-21
152.3211499149915 1.4869495507340676e-21
152.42006226622664 1.4858942255561541e-21
152.51897461746177 1.4848405396742628e-21
152.61788696869687 1.4837884894385807e-21
152.716799319932 1.4827380712095953e-21
152.81571167116712 1.481689281358059e-21
152.91462402240225 1.4806421162649552e-21
153.01353637363738 1.4795965723214635e-21
153.1124487248725 1.4785526459289259e-21
153.2113610761076 1.477510333498813e-21
153.31027342734274 1.4764696314526874e-21
153.40918577857786 1.4754305362221706e-21
153.508098129813 1.4743930442489127e-21
153.60701048104812 1.4733571519845548e-21
153.70592283228325 1.4723228558906944e-21
153.80483518351835 1.4712901524388574e-21
153.90374753475348 1.4702590381104585e-21
154.0026598859886 1.4692295093967722e-21
154.10157223722373 1.4682015627988982e-21
154.20048458845886 1.4671751948277289e-21
154.299396939694 1.4661504020039155e-21
154.3983092909291 1.4651271808578363e-21
154.49722164216422 1.4641055279295657e-21
154.59613399339935 1.463085439768838e-21
154.69504634463448 1.462066912935017e-21
154.7939586958696 1.461049943997066e-21
154.89287104710473 1.4600345295335113e-21
154.99178339833983 1.4590206661324143e-21
155.09069574957496 1.4580083503913366e-21
155.1896081008101 1.4569975789173117e-21
155.28852045204522 1.4559883483268099e-21
155.38743280328035 1.4549806552457072e-21
155.48634515451545 1.4539744963092593e-21
155.58525750575058 1.4529698681620625e-21
155.6841698569857 1.451966767458027e-21
155.78308220822083 1.4509651908603459e-21
155.88199455945596 1.449965135041465e-21
155.9809069106911 1.4489665966830482e-21
156.0798192619262 1.4479695724759517e-21
156.17873161316132 1.44697405912019e-21
156.27764396439645 1.4459800533249078e-21
156.37655631563157 1.4449875518083482e-21
156.4754686668667 1.4439965512978225e-21
156.57438101810183 1.4430070485296823e-21
156.67329336933693 1.4420190402492882e-21
156.77220572057206 1.4410325232109774e-21
156.8711180718072 1.4400474941780386e-21
156.97003042304232 1.439063949922681e-21
157.06894277427745 1.4380818872260022e-21
157.16785512551257 1.4371013028779616e-21
157.26676747674767 1.4361221936773508e-21
157.3656798279828 1.435144556431764e-21
157.46459217921793 1.434168387957569e-21
157.56350453045306 1.4331936850798777e-21
157.6624168816882 1.432220444632519e-21
157.7613292329233 1.4312486634580085e-21
157.86024158415842 1.430278338407521e-21
157.95915393539354 1.4293094663408598e-21
158.05806628662867 1.428342044126434e-21
158.1569786378638 1.4273760686412214e-21
158.25589098909893 1.4264115367707492e-21
158.35480334033403 1.4254484454090603e-21
158.45371569156916 1.4244867914586887e-21
158.5526280428043 1.4235265718306274e-21
158.65154039403942 1.4225677834443054e-21
158.75045274527454 1.4216104232275582e-21
158.84936509650967 1.4206544881165996e-21
158.94827744774477 1.4196999750559955e-21
159.0471897989799 1.4187468809986349e-21
159.14610215021503 1.4177952029057053e-21
159.24501450145016 1.4168449377466626e-21
159.34392685268529 1.4158960824992071e-21
159.4428392039204 1.4149486341492538e-21
159.5417515551555 1.414002589690909e-21
159.64066390639064 1.4130579461264387e-21
159.73957625762577 1.4121147004662477e-21
159.8384886088609 1.411172849728848e-21
159.93740096009603 1.4102323909408366e-21
160.03631331133116 1.4092933211368668e-21
160.13522566256626 1.4083556373596226e-21
160.23413801380138 1.4074193366597902e-21
160.3330503650365 1.4064844160960391e-21
160.43196271627164 1.405550872734989e-21
160.53087506750677 1.4046187036511847e-21
160.62978741874187 1.4036879059270758e-21
160.728699769977 1.4027584766529847e-21
160.82761212121213 1.4018304129270858e-21
160.92652447244726 1.4009037118553768e-21
161.02543682368238 1.3999783705516556e-21
161.1243491749175 1.3990543861374946e-21
161.2232615261526 1.3981317557422143e-21
161.32217387738774 1.39721047650286e-21
161.42108622862287 1.396290545564175e-21
161.519998579858 1.3953719600785796e-21
161.61891093109313 1.3944547172061397e-21
161.71782328232825 1.3935388141145485e-21
161.81673563356335 1.3926242479791005e-21
161.91564798479848 1.3917110159826629e-21
162.0145603360336 1.390799115315657e-21
162.11347268726874 1.3898885431760292e-21
162.21238503850387 1.388979296769231e-21
162.311297389739 1.3880713733081912e-21
162.4102097409741 1.3871647700132934e-21
162.50912209220922 1.386259484112353e-21
162.60803444344435 1.3853555128405925e-21
162.70694679467948 1.3844528534406163e-21
162.8058591459146 1.3835515031623894e-21
162.9047714971497 1.382651459263213e-21
163.00368384838484 1.3817527190076995e-21
163.10259619961997 1.3808552796677535e-21
163.2015085508551 1.379959138522542e-21
163.30042090209022 1.3790642928584767e-21
163.39933325332535 1.3781707399691878e-21
163.49824560456045 1.3772784771555032e-21
163.59715795579558 1.3763875017254217e-21
163.6960703070307 1.375497810994095e-21
163.79498265826584 1.3746094022838025e-21
163.89389500950097 1.3737222729239278e-21
163.9928073607361 1.3728364202509355e-21
164.0917197119712 1.3719518416083534e-21
164.19063206320632 1.3710685343467443e-21
164.28954441444145 1.3701864958236859e-21
164.38845676567658 1.3693057234037498e-21
164.4873691169117 1.368426214458478e-21
164.58628146814684 1.3675479663663598e-21
164.68519381938194 1.3666709765128113e-21
164.78410617061706 1.3657952422901535e-21
164.8830185218522 1.3649207610975885e-21
164.98193087308732 1.36404753034118e-21
165.08084322432245 1.3631755474338312e-21
165.17975557555758 1.3623048097952602e-21
165.27866792679268 1.3614353148519828e-21
165.3775802780278 1.3605670600372894e-21
165.47649262926294 1.3597000427912208e-21
165.57540498049806 1.35883426056055e-21
165.6743173317332 1.3579697107987618e-21
165.7732296829683 1.3571063909660285e-21
165.87214203420342 1.35624429852919e-21
165.97105438543855 1.3553834309617332e-21
166.06996673667368 1.3545237857437723e-21
166.1688790879088 1.3536653603620249e-21
166.26779143914393 1.3528081523097916e-21
166.36670379037903 1.3519521590869413e-21
166.46561614161416 1.3510973781998793e-21
166.5645284928493 1.3502438071615385e-21
166.66344084408442 1.3493914434913502e-21
166.76235319531955 1.3485402847152298e-21
166.86126554655468 1.3476903283655506e-21
166.96017789778978 1.3468415719811299e-21
167.0590902490249 1.3459940131072025e-21
167.15800260026003 1.3451476492954044e-21
167.25691495149516 1.3443024781037544e-21
167.3558273027303 1.343458497096628e-21
167.45473965396542 1.3426157038447442e-21
167.55365200520052 1.3417740959251418e-21
167.65256435643565 1.3409336709211582e-21
167.75147670767078 1.3400944264224155e-21
167.8503890589059 1.3392563600247946e-21
167.94930141014103 1.33841946933042e-21
168.04821376137616 1.3375837519476384e-21
168.14712611261126 1.3367492054909992e-21
168.2460384638464 1.3359158275812365e-21
168.34495081508152 1.3350836158452472e-21
168.44386316631665 1.334252567916075e-21
168.54277551755177 1.33342268143289e-21
168.64168786878687 1.332593954040968e-21
168.740600220022 1.331766383391675e-21
168.83951257125713 1.3309399671424437e-21
168.93842492249226 1.3301147029567598e-21
169.0373372737274 1.3292905885041388e-21
169.13624962496252 1.3284676214601094e-21
169.23516197619762 1.3276457995061951e-21
169.33407432743275 1.3268251203298954e-21
169.43298667866787 1.3260055816246649e-21
169.531899029903 1.3251871810898984e-21
169.63081138113813 1.3243699164309119e-21
169.72972373237326 1.3235537853589215e-21
169.82863608360836 1.3227387855910286e-21
169.9275484348435 1.3219249148501986e-21
170.02646078607862 1.3211121708652456e-21
170.12537313731374 1.3203005513708123e-21
170.22428548854887 1.319490054107354e-21
170.323197839784 1.3186806768211168e-21
170.4221101910191 1.3178724172641265e-21
170.52102254225423 1.317065273194162e-21
170.61993489348936 1.3162592423747466e-21
170.7188472447245 1.3154543225751225e-21
170.81775959595961 1.3146505115702396e-21
170.91667194719471 1.3138478071407327e-21
171.01558429842984 1.3130462070729075e-21
171.11449664966497 1.312245709158722e-21
171.2134090009001 1.3114463111957691e-21
171.31232135213523 1.3106480109872587e-21
171.41123370337036 1.3098508063420023e-21
171.51014605460546 1.3090546950743946e-21
171.60905840584059 1.3082596750043953e-21
171.7079707570757 1.3074657439575143e-21
171.80688310831084 1.306672899764793e-21
171.90579545954597 1.3058811402627881e-21
172.0047078107811 1.3050904632935562e-21
172.1036201620162 1.3043008667046324e-21
172.20253251325133 1.3035123483490191e-21
172.30144486448646 1.3027249060851647e-21
172.40035721572158 1.3019385377769513e-21
172.4992695669567 1.3011532412936745e-21
172.59818191819184 1.3003690145100293e-21
172.69709426942694 1.2995858553060908e-21
172.79600662066207 1.2988037615673012e-21
172.8949189718972 1.2980227311844507e-21
172.99383132313233 1.2972427620536638e-21
173.09274367436745 1.2964638520763808e-21
173.19165602560258 1.2956859991593423e-21
173.29056837683768 1.294909201214574e-21
173.3894807280728 1.2941334561593684e-21
173.48839307930794 1.293358761916274e-21
173.58730543054307 1.2925851164130702e-21
173.6862177817782 1.2918125175827623e-21
173.7851301330133 1.2910409633635563e-21
173.88404248424843 1.2902704516988498e-21
173.98295483548355 1.2895009805372115e-21
174.08186718671868 1.2887325478323695e-21
174.1807795379538 1.2879651515431933e-21
174.27969188918894 1.287198789633678e-21
174.37860424042404 1.2864334600729305e-21
174.47751659165917 1.285669160835152e-21
174.5764289428943 1.2849058898996253e-21
174.67534129412942 1.2841436452506968e-21
174.77425364536455 1.283382424877763e-21
174.87316599659968 1.2826222267752544e-21
174.97207834783478 1.2818630489426207e-21
175.0709906990699 1.2811048893843143e-21
175.16990305030504 1.280347746109779e-21
175.26881540154017 1.2795916171334305e-21
175.3677277527753 1.2788365004746433e-21
175.46664010401042 1.2780823941577377e-21
175.56555245524552 1.277329296211961e-21
175.66446480648065 1.2765772046714748e-21
175.76337715771578 1.275826117575343e-21
175.8622895089509 1.2750760329675122e-21
175.96120186018604 1.2743269488967992e-21
176.06011421142117 1.2735788634168768e-21
176.15902656265627 1.2728317745862593e-21
176.2579389138914 1.2720856804682868e-21
176.35685126512652 1.2713405791311116e-21
176.45576361636165 1.2705964686476848e-21
176.55467596759678 1.2698533470957394e-21
176.65358831883188 1.2691112125577794e-21
176.752500670067 1.2683700631210605e-21
176.85141302130214 1.2676298968775823e-21
176.95032537253726 1.2668907119240688e-21
177.0492377237724 1.266152506361958e-21
177.14815007500752 1.265415278297385e-21
177.24706242624262 1.2646790258411695e-21
177.34597477747775 1.2639437471088011e-21
177.44488712871288 1.2632094402204278e-21
177.543799479948 1.2624761033008376e-21
177.64271183118314 1.2617437344794493e-21
177.74162418241826 1.261012331890296e-21
177.84053653365336 1.2602818936720115e-21
177.9394488848885 1.2595524179678188e-21
178.03836123612362 1.258823902925514e-21
178.13727358735875 1.2580963466974535e-21
178.23618593859388 1.2573697474405401e-21
178.335098289829 1.2566441033162118e-21
178.4340106410641 1.2559194124904264e-21
178.53292299229923 1.2551956731336459e-21
178.63183534353436 1.2544728834208285e-21
178.7307476947695 1.2537510415314108e-21
178.82966004600462 1.253030145649297e-21
178.92857239723972 1.2523101939628447e-21
179.02748474847485 1.251591184664851e-21
179.12639709970998 1.2508731159525414e-21
179.2253094509451 1.2501559860275552e-21
179.32422180218023 1.249439793095933e-21
179.42313415341536 1.2487245353681031e-21
179.52204650465046 1.2480102110588708e-21
179.6209588558856 1.2472968183874006e-21
179.71987120712072 1.2465843555772102e-21
179.81878355835585 1.2458728208561513e-21
179.91769590959098 1.2451622124564014e-21
180.0166082608261 1.2444525286144475e-21
180.1155206120612 1.2437437675710782e-21
180.21443296329633 1.2430359275713644e-21
180.31334531453146 1.2423290068646525e-21
180.4122576657666 1.2416230037045495e-21
180.51117001700172 1.240917916348911e-21
180.61008236823685 1.2402137430598276e-21
180.70899471947195 1.2395104821036152e-21
180.80790707070707 1.2388081317507974e-21
180.9068194219422 1.2381066902761013e-21
181.00573177317733 1.2374061559584364e-21
181.10464412441246 1.2367065270808887e-21
181.2035564756476 1.2360078019307055e-21
181.3024688268827 1.235309978799284e-21
181.40138117811782 1.2346130559821597e-21
181.50029352935294 1.2339170317789934e-21
181.59920588058807 1.2332219044935591e-21
181.6981182318232 1.2325276724337336e-21
181.7970305830583 1.2318343339114827e-21
181.89594293429343 1.2311418872428497e-21
181.99485528552856 1.2304503307479448e-21
182.0937676367637 1.2297596627509315e-21
182.19267998799882 1.2290698815800146e-21
182.29159233923394 1.2283809855674327e-21
182.39050469046904 1.2276929730494401e-21
182.48941704170417 1.2270058423662992e-21
182.5883293929393 1.2263195918622676e-21
182.68724174417443 1.2256342198855885e-21
182.78615409540956 1.2249497247884747e-21
182.8850664466447 1.224266104927103e-21
182.9839787978798 1.2235833586615963e-21
183.08289114911491 1.2229014843560177e-21
183.18180350035004 1.2222204803783562e-21
183.28071585158517 1.2215403451005152e-21
183.3796282028203 1.2208610768983031e-21
183.47854055405543 1.22018267415142e-21
183.57745290529053 1.2195051352434483e-21
183.67636525652566 1.2188284585618387e-21
183.77527760776078 1.2181526424979023e-21
183.8741899589959 1.2174776854467972e-21
183.97310231023104 1.2168035858075193e-21
184.07201466146617 1.2161303419828878e-21
184.17092701270127 1.2154579523795402e-21
184.2698393639364 1.2147864154079129e-21
184.36875171517153 1.2141157294822389e-21
184.46766406640666 1.2134458930205305e-21
184.56657641764178 1.2127769044445725e-21
184.66548876887688 1.2121087621799089e-21
184.764401120112 1.2114414646558312e-21
184.86331347134714 1.2107750103053733e-21
184.96222582258227 1.2101093975652935e-21
185.0611381738174 1.2094446248760678e-21
185.16005052505253 1.2087806906818793e-21
185.25896287628763 1.2081175934306067e-21
185.35787522752275 1.2074553315738128e-21
185.45678757875788 1.2067939035667356e-21
185.555699929993 1.2061333078682774e-21
185.65461228122814 1.2054735429409948e-21
185.75352463246327 1.2048146072510848e-21
185.85243698369837 1.2041564992683802e-21
185.9513493349335 1.2034992174663336e-21
186.05026168616862 1.2028427603220119e-21
186.14917403740375 1.2021871263160815e-21
186.24808638863888 1.2015323139328014e-21
186.346998739874 1.2008783216600122e-21
186.4459110911091 1.2002251479891236e-21
186.54482344234424 1.1995727914151082e-21
186.64373579357937 1.1989212504364871e-21
186.7426481448145 1.1982705235553235e-21
186.84156049604962 1.1976206092772104e-21
186.94047284728472 1.1969715061112615e-21
187.03938519851985 1.1963232125701003e-21
187.13829754975498 1.1956757271698505e-21
187.2372099009901 1.1950290484301282e-21
187.33612225222524 1.1943831748740275e-21
187.43503460346037 1.1937381050281145e-21
187.53394695469547 1.1930938374224167e-21
187.6328593059306 1.1924503705904105e-21
187.73177165716572 1.1918077030690162e-21
187.83068400840085 1.191165833398583e-21
187.92959635963598 1.1905247601228849e-21
188.0285087108711 1.1898844817891046e-21
188.1274210621062 1.1892449969478298e-21
188.22633341334134 1.1886063041530402e-21
188.32524576457647 1.1879684019620987e-21
188.4241581158116 1.1873312889357413e-21
188.52307046704672 1.186694963638069e-21
188.62198281828185 1.1860594246365373e-21
188.72089516951695 1.1854246705019473e-21
188.81980752075208 1.1847906998084346e-21
188.9187198719872 1.1841575111334628e-21
189.01763222322234 1.1835251030578113e-21
189.11654457445746 1.1828934741655662e-21
189.2154569256926 1.1822626230441156e-21
189.3143692769277 1.1816325482841342e-21
189.41328162816282 1.1810032484795756e-21
189.51219397939795 1.1803747222276656e-21
189.61110633063308 1.1797469681288913e-21
189.7100186818682 1.1791199847869913e-21
189.8089310331033 1.178493770808949e-21
189.90784338433843 1.1778683248049797e-21
190.00675573557356 1.177243645388525e-21
190.1056680868087 1.1766197311762425e-21
190.20458043804382 1.1759965807879965e-21
190.30349278927895 1.175374192846849e-21
190.40240514051405 1.1747525659790517e-21
190.50131749174918 1.1741316988140348e-21
190.6002298429843 1.1735115899844023e-21
190.69914219421943 1.1728922381259191e-21
190.79805454545456 1.1722736418775033e-21
190.8969668966897 1.1716557998812173e-21
190.9958792479248 1.1710387107822621e-21
191.09479159915992 1.1704223732289622e-21
191.19370395039505 1.1698067858727638e-21
191.29261630163018 1.169191947368221e-21
191.3915286528653 1.1685778563729898e-21
191.49044100410043 1.1679645115478177e-21
191.58935335533553 1.1673519115565388e-21
191.68826570657066 1.166740055066058e-21
191.7871780578058 1.166128940746351e-21
191.88609040904092 1.1655185672704514e-21
191.98500276027605 1.1649089333144386e-21
192.08391511151117 1.1643000375574385e-21
192.18282746274627 1.1636918786816069e-21
192.2817398139814 1.1630844553721238e-21
192.38065216521653 1.1624777663171864e-21
192.47956451645166 1.161871810208e-21
192.5784768676868 1.1612665857387672e-21
192.6773892189219 1.1606620916066842e-21
192.77630157015702 1.1600583265119281e-21
192.87521392139215 1.1594552891576506e-21
192.97412627262727 1.158852978249971e-21
193.0730386238624 1.1582513924979658e-21
193.17195097509753 1.157650530613661e-21
193.27086332633263 1.1570503913120257e-21
193.36977567756776 1.1564509733109618e-21
193.4686880288029 1.155852275331296e-21
193.56760038003802 1.1552542960967748e-21
193.66651273127314 1.1546570343340516e-21
193.76542508250827 1.1540604887726822e-21
193.86433743374337 1.153464658145117e-21
193.9632497849785 1.1528695411866911e-21
194.06216213621363 1.152275136635616e-21
194.16107448744876 1.1516814432329745e-21
194.2599868386839 1.15108845972271e-21
194.35889918991901 1.1504961848516208e-21
194.45781154115411 1.1499046173693512e-21
194.55672389238924 1.1493137560283822e-21
194.65563624362437 1.148723599584028e-21
194.7545485948595 1.1481341467944217e-21
194.85346094609463 1.1475453964205154e-21
194.95237329732973 1.1469573472260663e-21
195.05128564856486 1.1463699979776316e-21
195.15019799979999 1.1457833474445591e-21
195.2491103510351 1.1451973943989834e-21
195.34802270227024 1.144612137615814e-21
195.44693505350537 1.1440275758727297e-21
195.54584740474047 1.1434437079501716e-21
195.6447597559756 1.142860532631333e-21
195.74367210721073 1.142278048702156e-21
195.84258445844586 1.141696254951319e-21
195.94149680968098 1.1411151501702346e-21
196.0404091609161 1.1405347331530378e-21
196.1393215121512 1.13995500269658e-21
196.23823386338634 1.1393759576004224e-21
196.33714621462147 1.1387975966668287e-21
196.4360585658566 1.1382199187007552e-21
196.53497091709173 1.1376429225098472e-21
196.63388326832685 1.137066606904429e-21
196.73279561956195 1.1364909706974974e-21
196.83170797079708 1.1359160127047153e-21
196.9306203220322 1.1353417317444018e-21
197.02953267326734 1.1347681266375295e-21
197.12844502450247 1.1341951962077119e-21
197.2273573757376 1.1336229392812016e-21
197.3262697269727 1.1330513546868782e-21
197.42518207820783 1.1324804412562456e-21
197.52409442944295 1.1319101978234213e-21
197.62300678067808 1.1313406232251317e-21
197.7219191319132 1.1307717163007032e-21
197.8208314831483 1.130203475892058e-21
197.91974383438344 1.1296359008437032e-21
198.01865618561857 1.129068990002727e-21
198.1175685368537 1.1285027422187907e-21
198.21648088808882 1.127937156344121e-21
198.31539323932395 1.1273722312335038e-21
198.41430559055905 1.1268079657442783e-21
198.51321794179418 1.1262443587363274e-21
198.6121302930293 1.1256814090720735e-21
198.71104264426444 1.1251191156164706e-21
198.80995499549957 1.1245574772369976e-21
198.9088673467347 1.1239964928036507e-21
199.0077796979698 1.1234361611889388e-21
199.10669204920492 1.122876481267874e-21
199.20560440044005 1.122317451917966e-21
199.30451675167518 1.1217590720192169e-21
199.4034291029103 1.1212013404541123e-21
199.50234145414544 1.1206442561076159e-21
199.60125380538054 1.1200878178671627e-21
199.70016615661567 1.119532024622651e-21
199.7990785078508 1.1189768752664382e-21
199.89799085908592 1.1184223686933322e-21
199.99690321032105 1.1178685038005863e-21
200.09581556155618 1.1173152794878918e-21
200.19472791279128 1.1167626946573714e-21
200.2936402640264 1.1162107482135719e-21
200.39255261526154 1.115659439063461e-21
200.49146496649666 1.1151087661164172e-21
200.5903773177318 1.1145587282842252e-21
200.6892896689669 1.114009324481068e-21
200.78820202020202 1.113460553623523e-21
200.88711437143715 1.1129124146305538e-21
200.98602672267228 1.1123649064235035e-21
201.0849390739074 1.1118180279260898e-21
201.18385142514254 1.111271778064397e-21
201.28276377637764 1.1107261557668722e-21
201.38167612761276 1.1101811599643157e-21
201.4805884788479 1.1096367895898777e-21
201.57950083008302 1.1090930435790498e-21
201.67841318131815 1.1085499208696613e-21
201.77732553255328 1.1080074204018701e-21
201.87623788378838 1.1074655411181588e-21
201.9751502350235 1.1069242819633268e-21
202.07406258625863 1.1063836418844868e-21
202.17297493749376 1.1058436198310534e-21
202.2718872887289 1.1053042147547449e-21
202.37079963996402 1.1047654256095698e-21
202.46971199119912 1.1042272513518245e-21
202.56862434243425 1.1036896909400856e-21
202.66753669366938 1.1031527433352065e-21
202.7664490449045 1.1026164075003093e-21
202.86536139613963 1.1020806824007768e-21
202.96427374737473 1.101545567004252e-21
203.06318609860986 1.1010110602806266e-21
203.162098449845 1.1004771612020388e-21
203.26101080108012 1.0999438687428652e-21
203.35992315231525 1.0994111818797166e-21
203.45883550355038 1.09887909959143e-21
203.55774785478548 1.0983476208590645e-21
203.6566602060206 1.097816744665896e-21
203.75557255725573 1.0972864699974081e-21
203.85448490849086 1.0967567958412905e-21
203.953397259726 1.0962277211874299e-21
204.05230961096112 1.0956992450279055e-21
204.15122196219622 1.095171366356984e-21
204.25013431343135 1.0946440841711128e-21
204.34904666466647 1.0941173974689136e-21
204.4479590159016 1.0935913052511782e-21
204.54687136713673 1.0930658065208637e-21
204.64578371837186 1.0925409002830828e-21
204.74469606960696 1.0920165855451027e-21
204.8436084208421 1.0914928613163357e-21
204.94252077207722 1.0909697266083376e-21
205.04143312331234 1.0904471804347983e-21
205.14034547454747 1.0899252218115374e-21
205.2392578257826 1.089403849756501e-21
205.3381701770177 1.0888830632897512e-21
205.43708252825283 1.0883628614334667e-21
205.53599487948796 1.0878432432119313e-21
205.6349072307231 1.087324207651532e-21
205.73381958195822 1.086805753780754e-21
205.83273193319332 1.086287880630173e-21
205.93164428442844 1.0857705872324493e-21
206.03055663566357 1.0852538726223265e-21
206.1294689868987 1.0847377358366212e-21
206.22838133813383 1.0842221759142199e-21
206.32729368936896 1.0837071918960744e-21
206.42620604060406 1.083192782825195e-21
206.5251183918392 1.0826789477466451e-21
206.62403074307431 1.0821656857075362e-21
206.72294309430944 1.081652995757024e-21
206.82185544554457 1.081140876946301e-21
206.9207677967797 1.0806293283285924e-21
207.0196801480148 1.0801183489591501e-21
207.11859249924993 1.0796079378952462e-21
207.21750485048506 1.0790980941961735e-21
207.31641720172018 1.0785888169232326e-21
207.4153295529553 1.0780801051397312e-21
207.51424190419044 1.0775719579109778e-21
207.61315425542554 1.0770643743042783e-21
207.71206660666067 1.0765573533889262e-21
207.8109789578958 1.076050894236202e-21
207.90989130913093 1.0755449959193683e-21
208.00880366036606 1.0750396575136599e-21
208.10771601160118 1.0745348780962829e-21
208.20662836283628 1.0740306567464089e-21
208.3055407140714 1.0735269925451686e-21
208.40445306530654 1.073023884575649e-21
208.50336541654167 1.0725213319228849e-21
208.6022777677768 1.072019333673857e-21
208.7011901190119 1.071517888917486e-21
208.80010247024703 1.0710169967446279e-21
208.89901482148215 1.070516656248067e-21
208.99792717271728 1.0700168665225132e-21
209.0968395239524 1.069517626664597e-21
209.19575187518754 1.069018935772864e-21
209.29466422642264 1.0685207929477684e-21
209.39357657765777 1.0680231972916701e-21
209.4924889288929 1.06752614790883e-21
209.59140128012803 1.0670296439054047e-21
209.69031363136315 1.0665336843894395e-21
209.78922598259828 1.0660382684708667e-21
209.88813833383338 1.0655433952615005e-21
209.9870506850685 1.0650490638750285e-21
210.08596303630364 1.0645552734270122e-21
210.18487538753877 1.0640620230348773e-21
210.2837877387739 1.063569311817913e-21
210.38270009000902 1.0630771388972641e-21
210.48161244124412 1.0625855033959283e-21
210.58052479247925 1.0620944044387511e-21
210.67943714371438 1.0616038411524199e-21
210.7783494949495 1.0611138126654603e-21
210.87726184618464 1.0606243181082312e-21
210.97617419741974 1.0601353566129215e-21
211.07508654865487 1.0596469273135417e-21
211.17399889989 1.059159029345923e-21
211.27291125112512 1.0586716618477119e-21
211.37182360236025 1.0581848239583638e-21
211.47073595359538 1.0576985148191405e-21
211.56964830483048 1.0572127335731047e-21
211.6685606560656 1.0567274793651136e-21
211.76747300730074 1.056242751341819e-21
211.86638535853587 1.0557585486516577e-21
211.965297709771 1.0552748704448504e-21
212.06421006100612 1.054791715873395e-21
212.16312241224122 1.0543090840910643e-21
212.26203476347635 1.0538269742533994e-21
212.36094711471148 1.0533453855177051e-21
212.4598594659466 1.0528643170430484e-21
212.55877181718174 1.052383767990251e-21
212.65768416841686 1.0519037375218847e-21
212.75659651965196 1.0514242248022714e-21
212.8555088708871 1.0509452289974719e-21
212.95442122212222 1.0504667492752859e-21
213.05333357335735 1.0499887848052487e-21
213.15224592459248 1.0495113347586231e-21
213.2511582758276 1.049034398308397e-21
213.3500706270627 1.048557974629279e-21
213.44898297829783 1.0480820628976935e-21
213.54789532953296 1.0476066622917772e-21
213.6468076807681 1.0471317719913747e-21
213.74572003200322 1.0466573911780326e-21
213.84463238323832 1.0461835190349982e-21
213.94354473447345 1.045710154747212e-21
214.04245708570858 1.0452372975013048e-21
214.1413694369437 1.0447649464855953e-21
214.24028178817883 1.0442931008900825e-21
214.33919413941396 1.0438217599064427e-21
214.43810649064906 1.0433509227280278e-21
214.5370188418842 1.0428805885498569e-21
214.63593119311932 1.0424107565686156e-21
214.73484354435445 1.0419414259826493e-21
214.83375589558958 1.0414725959919608e-21
214.9326682468247 1.0410042657982053e-21
215.0315805980598 1.0405364346046868e-21
215.13049294929493 1.040069101616352e-21
215.22940530053006 1.0396022660397902e-21
215.3283176517652 1.0391359270832256e-21
215.42723000300032 1.0386700839565143e-21
215.52614235423545 1.03820473587114e-21
215.62505470547055 1.037739882040211e-21
215.72396705670567 1.0372755216784555e-21
215.8228794079408 1.0368116540022164e-21
215.92179175917593 1.0363482782294497e-21
216.02070411041106 1.0358853935797172e-21
216.1196164616462 1.0354229992741866e-21
216.2185288128813 1.0349610945356241e-21
216.31744116411642 1.0344996785883905e-21
216.41635351535155 1.0340387506584409e-21
216.51526586658667 1.0335783099733163e-21
216.6141782178218 1.0331183557621422e-21
216.7130905690569 1.0326588872556234e-21
216.81200292029203 1.0321999036860406e-21
216.91091527152716 1.0317414042872478e-21
217.0098276227623 1.031283388294666e-21
217.10873997399742 1.0308258549452797e-21
217.20765232523254 1.0303688034776357e-21
217.30656467646764 1.0299122331318363e-21
217.40547702770277 1.0294561431495357e-21
217.5043893789379 1.029000532773937e-21
217.60330173017303 1.0285454012497904e-21
217.70221408140816 1.0280907478233832e-21
217.8011264326433 1.0276365717425442e-21
217.9000387838784 1.027182872256633e-21
217.99895113511351 1.026729648616539e-21
218.09786348634864 1.0262769000746787e-21
218.19677583758377 1.0258246258849899e-21
218.2956881888189 1.0253728253029286e-21
218.39460054005403 1.0249214975854664e-21
218.49351289128913 1.0244706419910844e-21
218.59242524252426 1.0240202577797714e-21
218.69133759375939 1.0235703442130205e-21
218.7902499449945 1.0231209005538231e-21
218.88916229622964 1.0226719260666667e-21
218.98807464746474 1.022223420017533e-21
219.08698699869987 1.0217753816738906e-21
219.185899349935 1.0213278103046922e-21
219.28481170117013 1.0208807051803745e-21
219.38372405240526 1.0204340655728501e-21
219.48263640364038 1.0199878907555057e-21
219.58154875487548 1.0195421800031987e-21
219.6804611061106 1.0190969325922542e-21
219.77937345734574 1.0186521478004588e-21
219.87828580858087 1.0182078249070593e-21
219.977198159816 1.0177639631927598e-21
220.07611051105113 1.0173205619397154e-21
220.17502286228623 1.0168776204315313e-21
220.27393521352136 1.0164351379532564e-21
220.37284756475648 1.0159931137913823e-21
220.4717599159916 1.0155515472338396e-21
220.57067226722674 1.0151104375699926e-21
220.66958461846187 1.0146697840906376e-21
220.76849696969697 1.0142295860879983e-21
220.8674093209321 1.0137898428557222e-21
220.96632167216723 1.0133505536888787e-21
221.06523402340235 1.012911717883953e-21
221.16414637463748 1.0124733347388464e-21
221.2630587258726 1.0120354035528672e-21
221.3619710771077 1.0115979236267353e-21
221.46088342834284 1.0111608942625691e-21
221.55979577957797 1.0107243147638908e-21
221.6587081308131 1.0102881844356173e-21
221.75762048204822 1.0098525025840603e-21
221.85653283328332 1.0094172685169205e-21
221.95544518451845 1.008982481543284e-21
222.05435753575358 1.0085481409736225e-21
222.1532698869887 1.0081142461197865e-21
222.25218223822384 1.0076807962950017e-21
222.35109458945897 1.0072477908138686e-21
222.45000694069407 1.0068152289923566e-21
222.5489192919292 1.006383110147801e-21
222.64783164316432 1.005951433598902e-21
222.74674399439945 1.0055201986657176e-21
222.84565634563458 1.0050894046696638e-21
222.9445686968697 1.0046590509335085e-21
223.0434810481048 1.0042291367813703e-21
223.14239339933994 1.0037996615387152e-21
223.24130575057507 1.0033706245323512e-21
223.3402181018102 1.0029420250904273e-21
223.43913045304532 1.0025138625424288e-21
223.53804280428045 1.002086136219176e-21
223.63695515551555 1.0016588454528187e-21
223.73586750675068 1.0012319895768334e-21
223.8347798579858 1.0008055679260213e-21
223.93369220922094 1.0003795798365046e-21
224.03260456045606 9.999540246457234e-22
224.1315169116912 9.995289016924312e-22
224.2304292629263 9.991042103166946e-22
224.32934161416142 9.98679949859886e-22
224.42825396539655 9.98256119664685e-22
224.52716631663168 9.978327190750719e-22
224.6260786678668 9.974097474363264e-22
224.7249910191019 9.969872040950228e-22
224.82390337033704 9.965650883990286e-22
224.92281572157216 9.961433996975015e-22
225.0217280728073 9.957221373408829e-22
225.12064042404242 9.953013006809008e-22
225.21955277527755 9.948808890705614e-22
225.31846512651265 9.94460901864147e-22
225.41737747774778 9.94041338417216e-22
225.5162898289829 9.936221980865968e-22
225.61520218021803 9.932034802303858e-22
225.71411453145316 9.927851842079433e-22
225.8130268826883 9.923673093798936e-22
225.9119392339234 9.919498551081171e-22
226.01085158515852 9.91532820755752e-22
226.10976393639365 9.91116205687189e-22
226.20867628762878 9.907000092680677e-22
226.3075886388639 9.902842308652754e-22
226.40650099009903 9.898688698469426e-22
226.50541334133413 9.894539255824411e-22
226.60432569256926 9.890393974423801e-22
226.7032380438044 9.886252847986045e-22
226.80215039503952 9.882115870241901e-22
226.90106274627465 9.87798303493443e-22
226.99997509750975 9.87385433581895e-22
227.09888744874488 9.869729766663002e-22
227.19779979998 9.865609321246342e-22
227.29671215121513 9.861492993360896e-22
227.39562450245026 9.857380776810727e-22
227.4945368536854 9.85327266541203e-22
227.5934492049205 9.84916865299308e-22
227.69236155615562 9.845068733394194e-22
227.79127390739075 9.840972900467748e-22
227.89018625862587 9.836881148078102e-22
227.989098609861 9.83279347010159e-22
228.08801096109613 9.828709860426497e-22
228.18692331233123 9.824630312953017e-22
228.28583566356636 9.82055482159323e-22
228.3847480148015 9.816483380271085e-22
228.48366036603662 9.812415982922355e-22
228.58257271727174 9.808352623494616e-22
228.68148506850687 9.804293295947233e-22
228.78039741974197 9.800237994251308e-22
228.8793097709771 9.796186712389655e-22
228.97822212221223 9.792139444356793e-22
229.07713447344736 9.7880961841589e-22
229.1760468246825 9.784056925813794e-22
229.27495917591762 9.78002166335091e-22
229.37387152715272 9.775990390811245e-22
229.47278387838784 9.771963102247364e-22
229.57169622962297 9.767939791723367e-22
229.6706085808581 9.76392045331484e-22
229.76952093209323 9.759905081108846e-22
229.86843328332833 9.7558936692039e-22
229.96734563456346 9.751886211709935e-22
230.0662579857986 9.747882702748276e-22
230.16517033703371 9.743883136451605e-22
230.26408268826884 9.739887506963956e-22
230.36299503950397 9.735895808440674e-22
230.46190739073907 9.73190803504838e-22
230.5608197419742 9.727924180964956e-22
230.65973209320933 9.723944240379533e-22
230.75864444444446 9.719968207492425e-22
230.85755679567959 9.715996076515149e-22
230.9564691469147 9.712027841670353e-22
231.0553814981498 9.70806349719184e-22
231.15429384938494 9.704103037324481e-22
231.25320620062007 9.70014645632426e-22
231.3521185518552 9.696193748458173e-22
231.45103090309033 9.692244908004274e-22
231.54994325432546 9.688299929251597e-22
231.64885560556056 9.684358806500154e-22
231.74776795679568 9.680421534060892e-22
231.8466803080308 9.676488106255702e-22
231.94559265926594 9.672558517417347e-22
232.04450501050107 9.668632761889484e-22
232.1434173617362 9.664710834026585e-22
232.2423297129713 9.66079272819398e-22
232.34124206420643 9.65687843876775e-22
232.44015441544155 9.65296796013479e-22
232.53906676667668 9.649061286692699e-22
232.6379791179118 9.645158412849817e-22
232.7368914691469 9.641259333025184e-22
232.83580382038204 9.637364041648496e-22
232.93471617161717 9.633472533160088e-22
233.0336285228523 9.629584802010932e-22
233.13254087408743 9.62570084266259e-22
233.23145322532255 9.621820649587186e-22
233.33036557655765 9.617944217267396e-22
233.42927792779278 9.61407154019642e-22
233.5281902790279 9.610202612877949e-22
233.62710263026304 9.606337429826151e-22
233.72601498149817 9.60247598556564e-22
233.8249273327333 9.598618274631456e-22
233.9238396839684 9.594764291569045e-22
234.02275203520352 9.59091403093421e-22
234.12166438643865 9.587067487293129e-22
234.22057673767378 9.583224655222286e-22
234.3194890889089 9.579385529308492e-22
234.41840144014404 9.575550104148823e-22
234.51731379137914 9.571718374350614e-22
234.61622614261427 9.567890334531431e-22
234.7151384938494 9.564065979319054e-22
234.81405084508452 9.560245303351452e-22
234.91296319631965 9.55642830127674e-22
235.01187554755475 9.552614967753193e-22
235.11078789878988 9.548805297449177e-22
235.209700250025 9.544999285043183e-22
235.30861260126014 9.541196925223737e-22
235.40752495249527 9.53739821268943e-22
235.5064373037304 9.533603142148865e-22
235.6053496549655 9.52981170832066e-22
235.70426200620062 9.526023905933387e-22
235.80317435743575 9.522239729725588e-22
235.90208670867088 9.518459174445734e-22
236.000999059906 9.514682234852193e-22
236.09991141114114 9.510908905713234e-22
236.19882376237624 9.507139181806977e-22
236.29773611361136 9.50337305792138e-22
236.3966484648465 9.499610528854228e-22
236.49556081608162 9.495851589413087e-22
236.59447316731675 9.492096234415312e-22
236.69338551855188 9.488344458687996e-22
236.79229786978698 9.484596257067957e-22
236.8912102210221 9.48085162440173e-22
236.99012257225723 9.477110555545518e-22
237.08903492349236 9.473373045365196e-22
237.1879472747275 9.469639088736276e-22
237.28685962596262 9.465908680543884e-22
237.38577197719772 9.462181815682738e-22
237.48468432843285 9.458458489057137e-22
237.58359667966798 9.454738695580923e-22
237.6825090309031 9.45102243017747e-22
237.78142138213823 9.447309687779662e-22
237.88033373337333 9.443600463329865e-22
237.97924608460846 9.439894751779902e-22
238.0781584358436 9.436192548091061e-22
238.17707078707872 9.432493847234022e-22
238.27598313831385 9.428798644188888e-22
238.37489548954898 9.42510693394513e-22
238.47380784078408 9.42141871150157e-22
238.5727201920192 9.417733971866377e-22
238.67163254325433 9.414052710057027e-22
238.77054489448946 9.410374921100298e-22
238.8694572457246 9.406700600032229e-22
238.96836959695972 9.403029741898108e-22
239.06728194819482 9.39936234175247e-22
239.16619429942995 9.39569839465904e-22
239.26510665066507 9.392037895690745e-22
239.3640190019002 9.388380839929666e-22
239.46293135313533 9.384727222467045e-22
239.56184370437046 9.381077038403242e-22
239.66075605560556 9.37743028284772e-22
239.7596684068407 9.373786950919026e-22
239.85858075807582 9.370147037744785e-22
239.95749310931095 9.366510538461645e-22
240.05640546054607 9.362877448215292e-22
240.1553178117812 9.359247762160406e-22
240.2542301630163 9.355621475460656e-22
240.35314251425143 9.351998583288663e-22
240.45205486548656 9.348379080826009e-22
240.5509672167217 9.344762963263168e-22
240.64987956795682 9.34115022579954e-22
240.74879191919192 9.337540863643405e-22
240.84770427042704 9.333934872011885e-22
240.94661662166217 9.330332246130963e-22
241.0455289728973 9.32673298123544e-22
241.14444132413243 9.323137072568914e-22
241.24335367536756 9.319544515383758e-22
241.34226602660266 9.315955304941128e-22
241.4411783778378 9.312369436510904e-22
241.54009072907292 9.308786905371684e-22
241.63900308030804 9.305207706810794e-22
241.73791543154317 9.301631836124225e-22
241.8368277827783 9.29805928861663e-22
241.9357401340134 9.294490059601323e-22
242.03465248524853 9.29092414440022e-22
242.13356483648366 9.287361538343857e-22
242.23247718771879 9.28380223677137e-22
242.3313895389539 9.28024623503044e-22
242.43030189018904 9.276693528477292e-22
242.52921424142414 9.273144112476705e-22
242.62812659265927 9.269597982401949e-22
242.7270389438944 9.266055133634794e-22
242.82595129512953 9.262515561565478e-22
242.92486364636466 9.258979261592681e-22
243.02377599759976 9.255446229123547e-22
243.12268834883488 9.251916459573603e-22
243.22160070007 9.24838994836679e-22
243.32051305130514 9.244866690935418e-22
243.41942540254027 9.241346682720174e-22
243.5183377537754 9.23782991917006e-22
243.6172501050105 9.23431639574241e-22
243.71616245624563 9.23080610790287e-22
243.81507480748076 9.227299051125363e-22
243.91398715871588 9.223795220892073e-22
244.012899509951 9.220294612693447e-22
244.11181186118614 9.216797222028142e-22
244.21072421242124 9.21330304440304e-22
244.30963656365637 9.209812075333214e-22
244.4085489148915 9.206324310341908e-22
244.50746126612663 9.202839744960529e-22
244.60637361736175 9.199358374728609e-22
244.70528596859688 9.195880195193814e-22
244.80419831983198 9.192405201911911e-22
244.9031106710671 9.18893339044674e-22
245.00202302230224 9.185464756370225e-22
245.10093537353737 9.181999295262327e-22
245.1998477247725 9.178537002711027e-22
245.29876007600762 9.175077874312353e-22
245.39767242724272 9.17162190567029e-22
245.49658477847785 9.16816909239682e-22
245.59549712971298 9.164719430111885e-22
245.6944094809481 9.161272914443373e-22
245.79332183218324 9.157829541027077e-22
245.89223418341834 9.154389305506714e-22
245.99114653465347 9.15095220353389e-22
246.0900588858886 9.147518230768084e-22
246.18897123712372 9.144087382876619e-22
246.28788358835885 9.140659655534669e-22
246.38679593959398 9.137235044425207e-22
246.48570829082908 9.133813545239049e-22
246.5846206420642 9.130395153674749e-22
246.68353299329934 9.126979865438663e-22
246.78244534453447 9.123567676244884e-22
246.8813576957696 9.120158581815246e-22
246.98027004700472 9.116752577879302e-22
247.07918239823982 9.113349660174293e-22
247.17809474947495 9.109949824445155e-22
247.27700710071008 9.106553066444494e-22
247.3759194519452 9.103159381932552e-22
247.47483180318034 9.099768766677213e-22
247.57374415441546 9.096381216453975e-22
247.67265650565056 9.092996727045944e-22
247.7715688568857 9.08961529424379e-22
247.87048120812082 9.086236913845766e-22
247.96939355935595 9.082861581657673e-22
248.06830591059108 9.079489293492838e-22
248.1672182618262 9.076120045172107e-22
248.2661306130613 9.07275383252383e-22
248.36504296429644 9.06939065138383e-22
248.46395531553156 9.066030497595413e-22
248.5628676667667 9.062673367009325e-22
248.66178001800182 9.059319255483755e-22
248.76069236923692 9.055968158884296e-22
248.85960472047205 9.05262007308396e-22
248.95851707170718 9.049274993963133e-22
249.0574294229423 9.045932917409582e-22
249.15634177417743 9.042593839318415e-22
249.25525412541256 9.039257755592093e-22
249.35416647664766 9.035924662140376e-22
249.4530788278828 9.032594554880358e-22
249.55199117911792 9.029267429736401e-22
249.65090353035305 9.025943282640155e-22
249.74981588158818 9.022622109530516e-22
249.8487282328233 9.019303906353637e-22
249.9476405840584 9.015988669062887e-22
250.04655293529353 9.012676393618842e-22
250.14546528652866 9.009367075989285e-22
250.2443776377638 9.00606071214918e-22
250.34328998899892 9.002757298080632e-22
250.44220234023405 8.999456829772925e-22
250.54111469146915 8.996159303222463e-22
250.64002704270428 8.992864714432756e-22
250.7389393939394 8.989573059414436e-22
250.83785174517453 8.986284334185207e-22
250.93676409640966 8.982998534769853e-22
251.03567644764476 8.979715657200207e-22
251.1345887988799 8.976435697515147e-22
251.23350115011502 8.97315865176058e-22
251.33241350135015 8.969884515989411e-22
251.43132585258527 8.966613286261553e-22
251.5302382038204 8.963344958643897e-22
251.6291505550555 8.960079529210298e-22
251.72806290629063 8.956816994041549e-22
251.82697525752576 8.953557349225387e-22
251.9258876087609 8.95030059085648e-22
252.02479995999602 8.94704671503638e-22
252.12371231123115 8.943795717873545e-22
252.22262466246625 8.940547595483301e-22
252.32153701370137 8.937302343987838e-22
252.4204493649365 8.934059959516183e-22
252.51936171617163 8.9308204382042e-22
252.61827406740676 8.927583776194574e-22
252.7171864186419 8.924349969636786e-22
252.816098769877 8.921119014687098e-22
252.91501112111212 8.917890907508554e-22
253.01392347234724 8.914665644270959e-22
253.11283582358237 8.911443221150836e-22
253.2117481748175 8.908223634331467e-22
253.31066052605263 8.905006880002835e-22
253.40957287728773 8.90179295436162e-22
253.50848522852286 8.89858185361119e-22
253.607397579758 8.895373573961586e-22
253.70630993099311 8.892168111629496e-22
253.80522228222824 8.888965462838268e-22
253.90413463346334 8.885765623817872e-22
254.00304698469847 8.88256859080488e-22
254.1019593359336 8.879374360042464e-22
254.20087168716873 8.876182927780407e-22
254.29978403840386 8.872994290275034e-22
254.39869638963899 8.869808443789247e-22
254.49760874087409 8.866625384592481e-22
254.5965210921092 8.8634451089607e-22
254.69543344334434 8.860267613176391e-22
254.79434579457947 8.85709289352854e-22
254.8932581458146 8.853920946312617e-22
254.99217049704973 8.850751767830567e-22
255.09108284828483 8.847585354390798e-22
255.18999519951996 8.844421702308166e-22
255.28890755075508 8.84126080790395e-22
255.3878199019902 8.83810266750586e-22
255.48673225322534 8.834947277447993e-22
255.58564460446047 8.831794634070867e-22
255.68455695569557 8.828644733721346e-22
255.7834693069307 8.825497572752678e-22
255.88238165816583 8.82235314752446e-22
255.98129400940095 8.81921145440261e-22
256.08020636063605 8.816072489759396e-22
256.1791187118712 8.812936249973383e-22
256.2780310631063 8.80980273142942e-22
256.37694341434144 8.806671930518662e-22
256.47585576557657 8.80354384363853e-22
256.5747681168117 8.80041846719268e-22
256.6736804680468 8.797295797591043e-22
256.7725928192819 8.794175831249764e-22
256.871505170517 8.791058564591198e-22
256.97041752175215 8.787943994043912e-22
257.0693298729873 8.784832116042676e-22
257.1682422242224 8.78172292702842e-22
257.26715457545754 8.77861642344825e-22
257.36606692669267 8.775512601755407e-22
257.4649792779278 8.772411458409296e-22
257.5638916291629 8.769312989875427e-22
257.66280398039805 8.766217192625434e-22
257.7617163316332 8.763124063137043e-22
257.8606286828683 8.760033597894072e-22
257.9595410341034 8.756945793386417e-22
258.0584533853385 8.753860646110018e-22
258.15736573657364 8.750778152566886e-22
258.25627808780877 8.747698309265052e-22
258.3551904390439 8.744621112718585e-22
258.454102790279 8.741546559447536e-22
258.55301514151415 8.738474645977987e-22
258.6519274927493 8.735405368841988e-22
258.7508398439844 8.732338724577565e-22
258.84975219521954 8.729274709728696e-22
258.94866454645467 8.726213320845316e-22
259.04757689768974 8.723154554483296e-22
259.14648924892487 8.720098407204425e-22
259.24540160016 8.717044875576393e-22
259.3443139513951 8.713993956172803e-22
259.44322630263025 8.710945645573138e-22
259.5421386538654 8.70789994036275e-22
259.6410510051005 8.704856837132852e-22
259.73996335633564 8.701816332480513e-22
259.83887570757076 8.698778423008626e-22
259.9377880588059 8.69574310532591e-22
260.036700410041 8.69271037604691e-22
260.13561276127615 8.689680231791952e-22
260.2345251125112 8.686652669187163e-22
260.33343746374635 8.683627684864432e-22
260.4323498149815 8.680605275461421e-22
260.5312621662166 8.677585437621533e-22
260.63017451745174 8.674568167993918e-22
260.72908686868686 8.671553463233463e-22
260.827999219922 8.668541320000744e-22
260.9269115711571 8.665531734962059e-22
261.02582392239225 8.662524704789395e-22
261.1247362736274 8.659520226160411e-22
261.2236486248625 8.656518295758439e-22
261.32256097609763 8.65351891027247e-22
261.4214733273327 8.65052206639713e-22
261.52038567856783 8.647527760832682e-22
261.61929802980296 8.644535990285005e-22
261.7182103810381 8.641546751465594e-22
261.8171227322732 8.638560041091536e-22
261.91603508350835 8.635575855885506e-22
262.0149474347435 8.632594192575748e-22
262.1138597859786 8.629615047896075e-22
262.21277213721373 8.626638418585838e-22
262.31168448844886 8.623664301389944e-22
262.410596839684 8.62069269305882e-22
262.50950919091906 8.617723590348403e-22
262.6084215421542 8.614756990020142e-22
262.7073338933893 8.611792888840977e-22
262.80624624462445 8.608831283583321e-22
262.9051585958596 8.60587217102508e-22
263.0040709470947 8.602915547949596e-22
263.10298329832983 8.599961411145673e-22
263.20189564956496 8.59700975740754e-22
263.3008080008001 8.594060583534859e-22
263.3997203520352 8.591113886332708e-22
263.49863270327035 8.588169662611563e-22
263.5975450545055 8.58522790918729e-22
263.69645740574055 8.582288622881147e-22
263.7953697569757 8.579351800519737e-22
263.8942821082108 8.57641743893505e-22
263.99319445944593 8.573485534964408e-22
264.09210681068106 8.570556085450463e-22
264.1910191619162 8.567629087241209e-22
264.2899315131513 8.564704537189944e-22
264.38884386438644 8.561782432155272e-22
264.4877562156216 8.558862769001085e-22
264.5866685668567 8.555945544596561e-22
264.68558091809183 8.553030755816148e-22
264.7844932693269 8.550118399539557e-22
264.88340562056203 8.547208472651727e-22
264.98231797179716 8.544300972042877e-22
265.0812303230323 8.541395894608408e-22
265.1801426742674 8.538493237248961e-22
265.27905502550254 8.535592996870385e-22
265.3779673767377 8.532695170383716e-22
265.4768797279728 8.529799754705177e-22
265.57579207920793 8.526906746756165e-22
265.67470443044306 8.524016143463242e-22
265.7736167816782 8.521127941758113e-22
265.8725291329133 8.51824213857764e-22
265.9714414841484 8.515358730863808e-22
266.0703538353835 8.512477715563722e-22
266.16926618661864 8.509599089629603e-22
266.26817853785377 8.506722850018763e-22
266.3670908890889 8.503848993693613e-22
266.466003240324 8.500977517621637e-22
266.56491559155916 8.498108418775396e-22
266.6638279427943 8.495241694132495e-22
266.7627402940294 8.4923773406756e-22
266.86165264526454 8.489515355392413e-22
266.96056499649967 8.48665573527566e-22
267.05947734773474 8.483798477323087e-22
267.15838969896987 8.480943578537435e-22
267.257302050205 8.478091035926458e-22
267.3562144014401 8.475240846502895e-22
267.45512675267526 8.472393007284459e-22
267.5540391039104 8.469547515293815e-22
267.6529514551455 8.466704367558603e-22
267.75186380638064 8.463863561111404e-22
267.85077615761577 8.461025092989732e-22
267.94968850885084 8.458188960236031e-22
268.04860086008597 8.455355159897653e-22
268.1475132113211 8.452523689026864e-22
268.2464255625562 8.449694544680823e-22
268.34533791379135 8.446867723921574e-22
268.4442502650265 8.444043223816042e-22
268.5431626162616 8.44122104143601e-22
268.64207496749674 8.438401173858124e-22
268.74098731873187 8.435583618163877e-22
268.839899669967 8.43276837143959e-22
268.9388120212021 8.42995543077642e-22
269.03772437243725 8.427144793270337e-22
269.1366367236723 8.424336456022121e-22
269.23554907490745 8.421530416137346e-22
269.3344614261426 8.418726670726371e-22
269.4333737773777 8.415925216904339e-22
269.53228612861284 8.413126051791167e-22
269.63119847984797 8.410329172511517e-22
269.7301108310831 8.407534576194805e-22
269.8290231823182 8.404742259975192e-22
269.92793553355335 8.401952220991569e-22
270.0268478847885 8.399164456387536e-22
270.1257602360236 8.3963789633114155e-22
270.2246725872587 8.393595738916229e-22
270.3235849384938 8.390814780359686e-22
270.42249728972894 8.388036084804184e-22
270.52140964096407 8.385259649416785e-22
270.6203219921992 8.382485471369225e-22
270.7192343434343 8.379713547837889e-22
270.81814669466945 8.376943876003807e-22
270.9170590459046 8.374176453052644e-22
271.0159713971397 8.3714112761746905e-22
271.11488374837484 8.368648342564852e-22
271.21379609960997 8.3658876494226585e-22
271.3127084508451 8.36312919395221e-22
271.41162080208017 8.360372973362214e-22
271.5105331533153 8.357618984865955e-22
271.6094455045504 8.354867225681287e-22
271.70835785578555 8.3521176930306275e-22
271.8072702070207 8.349370384140942e-22
271.9061825582558 8.346625296243731e-22
272.00509490949094 8.343882426575061e-22
272.10400726072606 8.341141772375487e-22
272.2029196119612 8.3384033308901005e-22
272.3018319631963 8.33566709936849e-22
272.40074431443145 8.332933075064746e-22
272.4996566656665 8.330201255237456e-22
272.59856901690165 8.327471637149669e-22
272.6974813681368 8.324744218068916e-22
272.7963937193719 8.322018995267196e-22
272.89530607060703 8.319295966020949e-22
272.99421842184216 8.316575127611062e-22
273.0931307730773 8.313856477322865e-22
273.1920431243124 8.311140012446099e-22
273.29095547554755 8.30842573027494e-22
273.3898678267827 8.305713628107968e-22
273.4887801780178 8.3030037032481535e-22
273.58769252925293 8.300295953002865e-22
273.686604880488 8.297590374683852e-22
273.78551723172313 8.294886965607241e-22
273.88442958295826 8.29218572309352e-22
273.9833419341934 8.289486644467531e-22
274.0822542854285 8.286789727058474e-22
274.18116663666365 8.284094968199875e-22
274.2800789878988 8.281402365229597e-22
274.3789913391339 8.27871191548982e-22
274.47790369036903 8.276023616327048e-22
274.57681604160416 8.273337465092075e-22
274.6757283928393 8.270653459140003e-22
274.7746407440744 8.267971595830215e-22
274.8735530953095 8.265291872526379e-22
274.9724654465446 8.262614286596418e-22
275.07137779777975 8.25993883541254e-22
275.1702901490149 8.257265516351186e-22
275.26920250025 8.254594326793053e-22
275.36811485148513 8.251925264123072e-22
275.46702720272026 8.249258325730404e-22
275.5659395539554 8.246593509008425e-22
275.6648519051905 8.243930811354734e-22
275.76376425642565 8.2412702301711105e-22
275.8626766076608 8.238611762863556e-22
275.96158895889585 8.235955406842247e-22
276.060501310131 8.233301159521521e-22
276.1594136613661 8.230649018319921e-22
276.25832601260123 8.227998980660118e-22
276.35723836383636 8.225351043968963e-22
276.4561507150715 8.222705205677438e-22
276.5550630663066 8.220061463220656e-22
276.65397541754174 8.217419814037878e-22
276.7528877687769 8.214780255572473e-22
276.851800120012 8.212142785271923e-22
276.95071247124713 8.209507400587819e-22
277.04962482248226 8.206874098975847e-22
277.14853717371733 8.204242877895785e-22
277.24744952495246 8.201613734811483e-22
277.3463618761876 8.19898666719087e-22
277.4452742274227 8.196361672505936e-22
277.54418657865784 8.193738748232735e-22
277.643098929893 8.191117891851353e-22
277.7420112811281 8.188499100845941e-22
277.84092363236323 8.185882372704661e-22
277.93983598359836 8.183267704919708e-22
278.0387483348335 8.18065509498729e-22
278.1376606860686 8.178044540407637e-22
278.2365730373037 8.175436038684961e-22
278.3354853885388 8.172829587327481e-22
278.43439773977394 8.170225183847392e-22
278.53331009100907 8.167622825760876e-22
278.6322224422442 8.165022510588078e-22
278.7311347934793 8.162424235853106e-22
278.83004714471446 8.159827999084023e-22
278.9289594959496 8.15723379781284e-22
279.0278718471847 8.154641629575507e-22
279.12678419841984 8.152051491911896e-22
279.22569654965497 8.149463382365819e-22
279.3246089008901 8.146877298484989e-22
279.42352125212517 8.144293237821032e-22
279.5224336033603 8.141711197929472e-22
279.6213459545954 8.13913117636974e-22
279.72025830583055 8.136553170705126e-22
279.8191706570657 8.13397717850282e-22
279.9180830083008 8.131403197333873e-22
280.01699535953594 8.128831224773204e-22
280.11590771077107 8.126261258399578e-22
280.2148200620062 8.123693295795609e-22
280.3137324132413 8.121127334547759e-22
280.41264476447645 8.118563372246323e-22
280.5115571157115 8.116001406485404e-22
280.61046946694665 8.113441434862942e-22
280.7093818181818 8.110883454980674e-22
280.8082941694169 8.108327464444155e-22
280.90720652065204 8.105773460862714e-22
281.00611887188717 8.103221441849486e-22
281.1050312231223 8.100671405021377e-22
281.2039435743574 8.098123347999073e-22
281.30285592559255 8.095577268407019e-22
281.4017682768277 8.093033163873427e-22
281.5006806280628 8.090491032030251e-22
281.59959297929794 8.087950870513194e-22
281.698505330533 8.0854126769616995e-22
281.79741768176814 8.082876449018928e-22
281.89633003300327 8.080342184331779e-22
281.9952423842384 8.077809880550854e-22
282.0941547354735 8.07527953533047e-22
282.19306708670865 8.07275114632864e-22
282.2919794379438 8.0702247112070755e-22
282.3908917891789 8.067700227631169e-22
282.48980414041404 8.06517769327e-22
282.58871649164917 8.062657105796311e-22
282.6876288428843 8.060138462886516e-22
282.7865411941194 8.057621762220687e-22
282.8854535453545 8.055107001482542e-22
282.9843658965896 8.052594178359447e-22
283.08327824782475 8.050083290542407e-22
283.1821905990599 8.047574335726046e-22
283.281102950295 8.045067311608629e-22
283.38001530153014 8.0425622158920235e-22
283.47892765276526 8.0400590462817075e-22
283.5778400040004 8.037557800486764e-22
283.6767523552355 8.0350584762198725e-22
283.77566470647065 8.032561071197297e-22
283.8745770577058 8.030065583138885e-22
283.97348940894085 8.027572009768055e-22
284.072401760176 8.025080348811796e-22
284.1713141114111 8.02259059800066e-22
284.27022646264624 8.02010275506875e-22
284.36913881388136 8.017616817753712e-22
284.4680511651165 8.015132783796735e-22
284.5669635163516 8.012650650942552e-22
284.66587586758675 8.010170416939406e-22
284.7647882188219 8.007692079539069e-22
284.863700570057 8.005215636496824e-22
284.96261292129213 8.002741085571463e-22
285.06152527252726 8.000268424525272e-22
285.16043762376233 7.997797651124037e-22
285.25934997499746 7.995328763137021e-22
285.3582623262326 7.992861758336977e-22
285.4571746774677 7.99039663450012e-22
285.55608702870285 7.987933389406148e-22
285.654999379938 7.985472020838197e-22
285.7539117311731 7.983012526582875e-22
285.85282408240823 7.980554904430222e-22
285.95173643364336 7.978099152173735e-22
286.0506487848785 7.975645267610319e-22
286.1495611361136 7.9731932485403325e-22
286.2484734873487 7.970743092767537e-22
286.3473858385838 7.968294798099116e-22
286.44629818981895 7.965848362345649e-22
286.5452105410541 7.9634037833211425e-22
286.6441228922892 7.960961058842951e-22
286.74303524352433 7.958520186731865e-22
286.84194759475946 7.956081164812036e-22
286.9408599459946 7.953643990910981e-22
287.0397722972297 7.951208662859605e-22
287.13868464846485 7.948775178492154e-22
287.2375969997 7.946343535646249e-22
287.3365093509351 7.943913732162845e-22
287.4354217021702 7.9414857658862555e-22
287.5343340534053 7.939059634664114e-22
287.63324640464043 7.93663533634739e-22
287.73215875587556 7.934212868790387e-22
287.8310711071107 7.931792229850711e-22
287.9299834583458 7.92937341738929e-22
288.02889580958094 7.926956429270348e-22
288.1278081608161 7.924541263361418e-22
288.2267205120512 7.922127917533321e-22
288.32563286328633 7.91971638966016e-22
288.42454521452146 7.917306677619316e-22
288.52345756575653 7.914898779291462e-22
288.62236991699166 7.912492692560515e-22
288.7212822682268 7.910088415313674e-22
288.8201946194619 7.907685945441375e-22
288.91910697069704 7.905285280837316e-22
289.0180193219322 7.902886419398428e-22
289.1169316731673 7.900489359024891e-22
289.21584402440243 7.898094097620112e-22
289.31475637563756 7.8957006330907075e-22
289.4136687268727 7.893308963346535e-22
289.5125810781078 7.89091908630065e-22
289.61149342934294 7.888530999869322e-22
289.710405780578 7.886144701972012e-22
289.80931813181314 7.883760190531388e-22
289.90823048304827 7.881377463473295e-22
290.0071428342834 7.878996518726763e-22
290.1060551855185 7.876617354223999e-22
290.20496753675366 7.874239967900385e-22
290.3038798879888 7.87186435769446e-22
290.4027922392239 7.869490521547929e-22
290.50170459045904 7.867118457405644e-22
290.60061694169417 7.864748163215599e-22
290.6995292929293 7.8623796369289395e-22
290.7984416441644 7.860012876499939e-22
290.8973539953995 7.8576478798860095e-22
290.9962663466346 7.8552846450476635e-22
291.09517869786976 7.852923169948552e-22
291.1940910491049 7.850563452555431e-22
291.29300340034 7.8482054908381605e-22
291.39191575157514 7.845849282769697e-22
291.49082810281027 7.843494826326102e-22
291.5897404540454 7.84114211948651e-22
291.6886528052805 7.838791160233151e-22
291.78756515651565 7.83644194655132e-22
291.8864775077508 7.8340944764293925e-22
291.98538985898585 7.831748747858802e-22
292.084302210221 7.829404758834049e-22
292.1832145614561 7.827062507352674e-22
292.28212691269124 7.824721991415279e-22
292.38103926392637 7.822383209025502e-22
292.4799516151615 7.820046158190015e-22
292.5788639663966 7.817710836918527e-22
292.67777631763175 7.81537724322377e-22
292.7766886688669 7.81304537512149e-22
292.875601020102 7.810715230630452e-22
292.97451337133714 7.808386807772429e-22
293.07342572257227 7.806060104572199e-22
293.17233807380734 7.803735119057527e-22
293.27125042504247 7.80141184925918e-22
293.3701627762776 7.799090293210904e-22
293.4690751275127 7.796770448949428e-22
293.56798747874785 7.794452314514458e-22
293.666899829983 7.792135887948668e-22
293.7658121812181 7.789821167297691e-22
293.86472453245324 7.78750815061012e-22
293.96363688368837 7.785196835937505e-22
294.0625492349235 7.782887221334342e-22
294.1614615861586 7.780579304858063e-22
294.2603739373937 7.778273084569045e-22
294.3592862886288 7.7759685585305825e-22
294.45819863986395 7.773665724808912e-22
294.5571109910991 7.771364581473176e-22
294.6560233423342 7.769065126595439e-22
294.75493569356934 7.766767358250674e-22
294.85384804480447 7.764471274516754e-22
294.9527603960396 7.762176873474452e-22
295.0516727472747 7.759884153207436e-22
295.15058509850985 7.75759311180226e-22
295.249497449745 7.755303747348355e-22
295.3484098009801 7.753016057938042e-22
295.4473221522152 7.750730041666502e-22
295.5462345034503 7.748445696631787e-22
295.64514685468544 7.746163020934806e-22
295.74405920592056 7.743882012679325e-22
295.8429715571557 7.741602669971966e-22
295.9418839083908 7.739324990922192e-22
296.04079625962595 7.737048973642304e-22
296.1397086108611 7.734774616247439e-22
296.2386209620962 7.732501916855561e-22
296.33753331333133 7.730230873587469e-22
296.43644566456646 7.7279614845667685e-22
296.53535801580153 7.725693747919886e-22
296.63427036703666 7.72342766177605e-22
296.7331827182718 7.721163224267292e-22
296.8320950695069 7.718900433528457e-22
296.93100742074205 7.716639287697168e-22
297.0299197719772 7.714379784913837e-22
297.1288321232123 7.712121923321665e-22
297.22774447444743 7.709865701066629e-22
297.32665682568256 7.7076111162974725e-22
297.4255691769177 7.705358167165715e-22
297.5244815281528 7.703106851825636e-22
297.62339387938795 7.700857168434268e-22
297.722306230623 7.698609115151399e-22
297.82121858185815 7.696362690139567e-22
297.9201309330933 7.694117891564052e-22
298.0190432843284 7.691874717592861e-22
298.11795563556353 7.689633166396747e-22
298.21686798679866 7.687393236149182e-22
298.3157803380338 7.685154925026363e-22
298.4146926892689 7.682918231207203e-22
298.51360504050405 7.680683152873327e-22
298.6125173917392 7.6784496882090705e-22
298.7114297429743 7.676217835401464e-22
298.81034209420943 7.673987592640248e-22
298.9092544454445 7.67175895811784e-22
299.00816679667963 7.669531930029354e-22
299.10707914791476 7.667306506572585e-22
299.2059914991499 7.665082685948008e-22
299.304903850385 7.662860466358768e-22
299.40381620162015 7.660639846010676e-22
299.5027285528553 7.658420823112214e-22
299.6016409040904 7.6562033958745115e-22
299.70055325532553 7.6539875625113545e-22
299.79946560656066 7.651773321239186e-22
299.8983779577958 7.649560670277084e-22
299.99729030903086 7.647349607846767e-22
300.096202660266 7.645140132172587e-22
300.1951150115011 7.642932241481531e-22
300.29402736273624 7.640725934003199e-22
300.3929397139714 7.638521207969821e-22
300.4918520652065 7.636318061616238e-22
300.59076441644163 7.6341164931799065e-22
300.68967676767676 7.631916500900874e-22
300.7885891189119 7.629718083021807e-22
300.887501470147 7.627521237787957e-22
300.98641382138214 7.625325963447165e-22
301.0853261726173 7.6231322582498695e-22
301.18423852385234 7.620940120449078e-22
301.2831508750875 7.618749548300386e-22
301.3820632263226 7.61656054006195e-22
301.48097557755773 7.614373093994508e-22
301.57988792879286 7.612187208361353e-22
301.678800280028 7.610002881428333e-22
301.7777126312631 7.607820111463858e-22
301.87662498249824 7.605638896738884e-22
301.97553733373337 7.603459235526912e-22
302.0744496849685 7.601281126103981e-22
302.1733620362036 7.599104566748667e-22
302.2722743874387 7.596929555742082e-22
302.3711867386738 7.594756091367854e-22
302.47009908990896 7.59258417191214e-22
302.5690114411441 7.59041379566361e-22
302.6679237923792 7.58824496091345e-22
302.76683614361434 7.586077665955354e-22
302.86574849484947 7.583911909085519e-22
302.9646608460846 7.581747688602639e-22
303.0635731973197 7.579585002807908e-22
303.16248554855486 7.577423850005e-22
303.26139789979 7.575264228500085e-22
303.3603102510251 7.573106136601808e-22
303.4592226022602 7.5709495726213e-22
303.5581349534953 7.568794534872144e-22
303.65704730473044 7.566641021670411e-22
303.75595965596557 7.564489031334628e-22
303.8548720072007 7.562338562185776e-22
303.9537843584358 7.560189612547297e-22
304.05269670967095 7.558042180745084e-22
304.1516090609061 7.555896265107469e-22
304.2505214121412 7.553751863965233e-22
304.34943376337634 7.551608975651582e-22
304.44834611461147 7.549467598502171e-22
304.54725846584654 7.547327730855068e-22
304.64617081708167 7.545189371050769e-22
304.7450831683168 7.543052517432197e-22
304.8439955195519 7.540917168344681e-22
304.94290787078705 7.538783322135964e-22
305.0418202220222 7.5366509771561955e-22
305.1407325732573 7.534520131757929e-22
305.23964492449244 7.532390784296111e-22
305.33855727572757 7.530262933128082e-22
305.4374696269627 7.5281365766135815e-22
305.5363819781978 7.526011713114719e-22
305.63529432943295 7.523888340995993e-22
305.734206680668 7.521766458624278e-22
305.83311903190315 7.519646064368824e-22
305.9320313831383 7.51752715660124e-22
306.0309437343734 7.515409733695505e-22
306.12985608560854 7.513293794027955e-22
306.22876843684367 7.511179335977282e-22
306.3276807880788 7.509066357924531e-22
306.4265931393139 7.506954858253089e-22
306.52550549054905 7.504844835348696e-22
306.6244178417842 7.5027362875994155e-22
306.7233301930193 7.500629213395658e-22
306.82224254425444 7.498523611130157e-22
306.9211548954895 7.496419479197973e-22
307.02006724672464 7.4943168159964945e-22
307.11897959795976 7.492215619925419e-22
307.2178919491949 7.49011588938676e-22
307.31680430043 7.488017622784846e-22
307.41571665166515 7.485920818526308e-22
307.5146290029003 7.483825475020069e-22
307.6135413541354 7.481731590677366e-22
307.71245370537054 7.479639163911713e-22
307.81136605660566 7.47754819313893e-22
307.9102784078408 7.4754586767771065e-22
308.00919075907586 7.473370613246619e-22
308.108103110311 7.471284000970123e-22
308.2070154615461 7.469198838372541e-22
308.30592781278125 7.467115123881069e-22
308.4048401640164 7.4650328559251735e-22
308.5037525152515 7.462952032936569e-22
308.60266486648663 7.460872653349227e-22
308.70157721772176 7.458794715599391e-22
308.8004895689569 7.456718218125529e-22
308.899401920192 7.454643159368373e-22
308.99831427142715 7.452569537770883e-22
309.0972266226623 7.45049735177826e-22
309.19613897389735 7.44842659983794e-22
309.2950513251325 7.446357280399583e-22
309.3939636763676 7.444289391915081e-22
309.49287602760273 7.442222932838544e-22
309.59178837883786 7.440157901626296e-22
309.690700730073 7.438094296736878e-22
309.7896130813081 7.436032116631037e-22
309.88852543254325 7.433971359771733e-22
309.9874377837784 7.431912024624121e-22
310.0863501350135 7.429854109655547e-22
310.18526248624863 7.427797613335569e-22
310.2841748374837 7.425742534135922e-22
310.38308718871883 7.423688870530526e-22
310.48199953995396 7.421636620995491e-22
310.5809118911891 7.419585784009096e-22
310.6798242424242 7.41753635805181e-22
310.77873659365935 7.415488341606254e-22
310.8776489448945 7.413441733157227e-22
310.9765612961296 7.411396531191691e-22
311.07547364736473 7.4093527341987615e-22
311.17438599859986 7.407310340669719e-22
311.273298349835 7.405269349097985e-22
311.3722107010701 7.403229757979134e-22
311.4711230523052 7.401191565810887e-22
311.5700354035403 7.3991547710931e-22
311.66894775477544 7.397119372327771e-22
311.7678601060106 7.395085368019027e-22
311.8667724572457 7.393052756673129e-22
311.96568480848083 7.391021536798456e-22
312.06459715971596 7.388991706905515e-22
312.1635095109511 7.386963265506931e-22
312.2624218621862 7.384936211117436e-22
312.36133421342134 7.38291054225388e-22
312.4602465646565 7.380886257435224e-22
312.55915891589154 7.3788633551825165e-22
312.6580712671267 7.37684183401892e-22
312.7569836183618 7.374821692469687e-22
312.85589596959693 7.37280292906217e-22
312.95480832083206 7.370785542325788e-22
313.0537206720672 7.3687695307920695e-22
313.1526330233023 7.366754892994615e-22
313.25154537453744 7.364741627469103e-22
313.35045772577257 7.362729732753283e-22
313.4493700770077 7.360719207386978e-22
313.5482824282428 7.35871004991208e-22
313.64719477947796 7.356702258872539e-22
313.746107130713 7.354695832814366e-22
313.84501948194816 7.352690770285632e-22
313.9439318331833 7.350687069836454e-22
314.0428441844184 7.348684730019002e-22
314.14175653565354 7.346683749387493e-22
314.24066888688867 7.344684126498178e-22
314.3395812381238 7.34268585990936e-22
314.4384935893589 7.340688948181364e-22
314.53740594059406 7.338693389876545e-22
314.6363182918292 7.336699183559299e-22
314.7352306430643 7.334706327796033e-22
314.8341429942994 7.332714821155178e-22
314.9330553455345 7.330724662207185e-22
315.03196769676964 7.328735849524521e-22
315.13088004800477 7.326748381681653e-22
315.2297923992399 7.324762257255063e-22
315.328704750475 7.322777474823235e-22
315.42761710171015 7.320794032966645e-22
315.5265294529453 7.318811930267782e-22
315.6254418041804 7.316831165311105e-22
315.72435415541554 7.314851736683082e-22
315.82326650665067 7.31287364297215e-22
315.9221788578858 7.310896882768747e-22
316.02109120912087 7.308921454665278e-22
316.120003560356 7.306947357256124e-22
316.2189159115911 7.304974589137636e-22
316.31782826282625 7.303003148908143e-22
316.4167406140614 7.301033035167929e-22
316.5156529652965 7.299064246519249e-22
316.61456531653164 7.297096781566307e-22
316.71347766776677 7.29513063891527e-22
316.8123900190019 7.293165817174254e-22
316.911302370237 7.291202314953321e-22
317.01021472147215 7.2892401308644795e-22
317.1091270727073 7.287279263521683e-22
317.20803942394235 7.2853197115408205e-22
317.3069517751775 7.28336147353971e-22
317.4058641264126 7.281404548138112e-22
317.50477647764774 7.279448933957712e-22
317.60368882888287 7.277494629622117e-22
317.702601180118 7.275541633756855e-22
317.8015135313531 7.273589944989375e-22
317.90042588258825 7.271639561949044e-22
317.9993382338234 7.269690483267136e-22
318.0982505850585 7.267742707576833e-22
318.19716293629364 7.265796233513228e-22
318.2960752875287 7.263851059713311e-22
318.39498763876384 7.261907184815971e-22
318.49389998999897 7.25996460746199e-22
318.5928123412341 7.258023326294054e-22
318.6917246924692 7.256083339956718e-22
318.79063704370435 7.254144647096442e-22
318.8895493949395 7.252207246361562e-22
318.9884617461746 7.250271136402285e-22
319.08737409740974 7.248336315870706e-22
319.18628644864486 7.24640278342078e-22
319.28519879988 7.244470537708345e-22
319.3841111511151 7.2425395773911e-22
319.4830235023502 7.240609901128607e-22
319.5819358535853 7.23868150758228e-22
319.68084820482045 7.236754395415403e-22
319.7797605560556 7.234828563293108e-22
319.8786729072907 7.232904009882374e-22
319.97758525852583 7.230980733852034e-22
320.07649760976096 7.229058733872758e-22
320.1754099609961 7.2271380086170655e-22
320.2743223122312 7.225218556759305e-22
320.37323466346635 7.2233003769756665e-22
320.4721470147015 7.221383467944167e-22
320.57105936593655 7.219467828344653e-22
320.6699717171717 7.2175534568588e-22
320.7688840684068 7.215640352170103e-22
320.86779641964193 7.213728512963868e-22
320.96670877087706 7.211817937927233e-22
321.0656211221122 7.209908625749143e-22
321.1645334733473 7.208000575120343e-22
321.26344582458245 7.206093784733396e-22
321.3623581758176 7.204188253282669e-22
321.4612705270527 7.202283979464321e-22
321.56018287828783 7.200380961976313e-22
321.65909522952296 7.198479199518404e-22
321.75800758075803 7.196578690792144e-22
321.85691993199316 7.194679434500859e-22
321.9558322832283 7.192781429349678e-22
322.0547446344634 7.190884674045502e-22
322.15365698569855 7.188989167297017e-22
322.2525693369337 7.187094907814677e-22
322.3514816881688 7.185201894310716e-22
322.45039403940393 7.183310125499139e-22
322.54930639063906 7.181419600095716e-22
322.6482187418742 7.179530316817977e-22
322.7471310931093 7.177642274385221e-22
322.8460434443444 7.175755471518504e-22
322.9449557955795 7.173869906940629e-22
323.04386814681465 7.171985579376163e-22
323.1427804980498 7.170102487551413e-22
323.2416928492849 7.168220630194445e-22
323.34060520052003 7.166340006035046e-22
323.43951755175516 7.164460613804771e-22
323.5384299029903 7.162582452236886e-22
323.6373422542254 7.160705520066419e-22
323.73625460546054 7.158829816030103e-22
323.8351669566957 7.156955338866422e-22
323.9340793079308 7.155082087315571e-22
324.0329916591659 7.153210060119472e-22
324.131904010401 7.151339256021772e-22
324.23081636163613 7.149469673767831e-22
324.32972871287126 7.147601312104719e-22
324.4286410641064 7.14573416978123e-22
324.5275534153415 7.14386824554785e-22
324.62646576657664 7.142003538156787e-22
324.7253781178118 7.140140046361938e-22
324.8242904690469 7.138277768918913e-22
324.92320282028203 7.136416704585002e-22
325.02211517151716 7.134556852119209e-22
325.1210275227523 7.132698210282216e-22
325.21993987398736 7.130840777836394e-22
325.3188522252225 7.128984553545806e-22
325.4177645764576 7.127129536176193e-22
325.51667692769274 7.12527572449498e-22
325.61558927892787 7.123423117271261e-22
325.714501630163 7.121571713275813e-22
325.8134139813981 7.119721511281084e-22
325.91232633263326 7.117872510061188e-22
326.0112386838684 7.116024708391904e-22
326.1101510351035 7.114178105050673e-22
326.20906338633864 7.112332698816601e-22
326.3079757375737 7.110488488470449e-22
326.40688808880884 7.108645472794637e-22
326.50580044004397 7.106803650573225e-22
326.6047127912791 7.104963020591938e-22
326.7036251425142 7.103123581638133e-22
326.80253749374936 7.101285332500826e-22
326.9014498449845 7.099448271970661e-22
327.0003621962196 7.097612398839922e-22
327.09927454745474 7.095777711902538e-22
327.19818689868987 7.093944209954063e-22
327.297099249925 7.092111891791675e-22
327.3960116011601 7.090280756214199e-22
327.4949239523952 7.08845080202206e-22
327.5938363036303 7.086622028017333e-22
327.69274865486545 7.084794433003677e-22
327.7916610061006 7.0829680157864e-22
327.8905733573357 7.081142775172407e-22
327.98948570857084 7.079318709970221e-22
328.08839805980597 7.0774958189899675e-22
328.1873104110411 7.075674101043381e-22
328.2862227622762 7.073853554943798e-22
328.38513511351135 7.072034179506153e-22
328.4840474647465 7.070215973546996e-22
328.58295981598155 7.068398935884443e-22
328.6818721672167 7.066583065338217e-22
328.7807845184518 7.064768360729639e-22
328.87969686968694 7.062954820881604e-22
328.97860922092207 7.061142444618595e-22
329.0775215721572 7.059331230766686e-22
329.1764339233923 7.05752117815351e-22
329.27534627462745 7.055712285608305e-22
329.3742586258626 7.053904551961849e-22
329.4731709770977 7.052097976046528e-22
329.57208332833284 7.050292556696268e-22
329.67099567956797 7.048488292746573e-22
329.76990803080304 7.046685183034508e-22
329.86882038203817 7.044883226398704e-22
329.9677327332733 7.043082421679343e-22
330.0666450845084 7.041282767718171e-22
330.16555743574355 7.039484263358478e-22
330.2644697869787 7.037686907445113e-22
330.3633821382138 7.035890698824469e-22
330.46229448944894 7.034095636344484e-22
330.56120684068406 7.032301718854642e-22
330.6601191919192 7.030508945205963e-22
330.7590315431543 7.028717314251011e-22
330.8579438943894 7.026926824843879e-22
330.9568562456245 7.025137475840195e-22
331.05576859685965 7.023349266097121e-22
331.1546809480948 7.021562194473345e-22
331.2535932993299 7.019776259829077e-22
331.35250565056504 7.01799146102605e-22
331.45141800180016 7.016207796927523e-22
331.5503303530353 7.0144252663982675e-22
331.6492427042704 7.012643868304573e-22
331.74815505550555 7.010863601514235e-22
331.8470674067407 7.009084464896572e-22
331.9459797579758 7.007306457322394e-22
332.0448921092109 7.005529577664037e-22
332.143804460446 7.0037538247953175e-22
332.24271681168113 7.0019791975915645e-22
332.34162916291626 7.000205694929607e-22
332.4405415141514 6.998433315687765e-22
332.5394538653865 6.996662058745849e-22
332.63836621662165 6.994891922985163e-22
332.7372785678568 6.993122907288502e-22
332.8361909190919 6.99135501054014e-22
332.93510327032703 6.989588231625839e-22
333.03401562156216 6.987822569432842e-22
333.1329279727973 6.986058022849867e-22
333.23184032403236 6.984294590767111e-22
333.3307526752675 6.982532272076239e-22
333.4296650265026 6.980771065670395e-22
333.52857737773775 6.979010970444184e-22
333.6274897289729 6.977251985293683e-22
333.726402080208 6.975494109116429e-22
333.82531443144313 6.973737340811424e-22
333.92422678267826 6.971981679279131e-22
334.0231391339134 6.970227123421452e-22
334.1220514851485 6.9684736721417725e-22
334.22096383638365 6.966721324344906e-22
334.3198761876187 6.964970078937123e-22
334.41878853885385 6.963219934826145e-22
334.517700890089 6.961470890921133e-22
334.6166132413241 6.959722946132693e-22
334.71552559255923 6.957976099372869e-22
334.81443794379436 6.956230349555147e-22
334.9133502950295 6.954485695594444e-22
335.0122626462646 6.952742136407109e-22
335.11117499749975 6.950999670910932e-22
335.2100873487349 6.949258298025118e-22
335.30899969997 6.9475180166703e-22
335.40791205120513 6.945778825768548e-22
335.5068244024402 6.944040724243332e-22
335.60573675367533 6.94230371101956e-22
335.70464910491046 6.940567785023546e-22
335.8035614561456 6.938832945183028e-22
335.9024738073807 6.93709919042714e-22
336.00138615861584 6.9353665196864455e-22
336.100298509851 6.933634931892896e-22
336.1992108610861 6.931904425979868e-22
336.29812321232123 6.930175000882121e-22
336.39703556355636 6.928446655535834e-22
336.4959479147915 6.926719388878568e-22
336.59486026602656 6.924993199849297e-22
336.6937726172617 6.923268087388371e-22
336.7926849684968 6.921544050437543e-22
336.89159731973194 6.919821087939953e-22
336.99050967096707 6.918099198840123e-22
337.0894220222022 6.916378382083974e-22
337.1883343734373 6.914658636618793e-22
337.28724672467246 6.912939961393257e-22
337.3861590759076 6.911222355357417e-22
337.4850714271427 6.909505817462702e-22
337.58398377837784 6.907790346661914e-22
337.68289612961297 6.906075941909225e-22
337.78180848084804 6.904362602160184e-22
337.88072083208317 6.902650326371693e-22
337.9796331833183 6.900939113502032e-22
338.0785455345534 6.899228962510835e-22
338.17745788578856 6.897519872359101e-22
338.2763702370237 6.895811842009183e-22
338.3752825882588 6.894104870424801e-22
338.47419493949394 6.892398956571007e-22
338.57310729072907 6.890694099414232e-22
338.6720196419642 6.888990297922234e-22
338.7709319931993 6.887287551064132e-22
338.8698443444344 6.885585857810383e-22
338.9687566956695 6.883885217132786e-22
339.06766904690465 6.88218562800449e-22
339.1665813981398 6.88048708939997e-22
339.2654937493749 6.878789600295046e-22
339.36440610061004 6.877093159666872e-22
339.46331845184517 6.875397766493926e-22
339.5622308030803 6.873703419756033e-22
339.6611431543154 6.872010118434323e-22
339.76005550555055 6.870317861511274e-22
339.8589678567857 6.868626647970672e-22
339.9578802080208 6.866936476797632e-22
340.0567925592559 6.865247346978582e-22
340.155704910491 6.863559257501274e-22
340.25461726172614 6.861872207354776e-22
340.35352961296127 6.860186195529461e-22
340.4524419641964 6.858501221017016e-22
340.5513543154315 6.856817282810446e-22
340.65026666666665 6.8551343799040425e-22
340.7491790179018 6.853452511293424e-22
340.8480913691369 6.851771675975497e-22
340.94700372037204 6.850091872948476e-22
341.04591607160717 6.848413101211867e-22
341.1448284228423 6.8467353597664795e-22
341.24374077407737 6.845058647614411e-22
341.3426531253125 6.843382963759055e-22
341.4415654765476 6.84170830720509e-22
341.54047782778275 6.840034676958492e-22
341.6393901790179 6.838362072026514e-22
341.738302530253 6.836690491417695e-22
341.83721488148814 6.835019934141855e-22
341.93612723272327 6.833350399210101e-22
342.0350395839584 6.8316818856348075e-22
342.1339519351935 6.8300143924296285e-22
342.23286428642865 6.828347918609497e-22
342.3317766376637 6.826682463190612e-22
342.43068898889885 6.825018025190442e-22
342.529601340134 6.82335460362772e-22
342.6285136913691 6.821692197522457e-22
342.72742604260424 6.820030805895911e-22
342.82633839383936 6.818370427770616e-22
342.9252507450745 6.816711062170354e-22
343.0241630963096 6.8150527081201705e-22
343.12307544754475 6.813395364646366e-22
343.2219877987799 6.811739030776495e-22
343.320900150015 6.810083705539363e-22
343.41981250125014 6.808429387965022e-22
343.5187248524852 6.806776077084775e-22
343.61763720372034 6.805123771931173e-22
343.71654955495546 6.803472471537997e-22
343.8154619061906 6.80182217494029e-22
343.9143742574257 6.800172881174316e-22
344.01328660866085 6.798524589277591e-22
344.112198959896 6.796877298288855e-22
344.2111113111311 6.795231007248092e-22
344.31002366236623 6.793585715196508e-22
344.40893601360136 6.791941421176544e-22
344.5078483648365 6.790298124231874e-22
344.60676071607156 6.788655823407387e-22
344.7056730673067 6.787014517749199e-22
344.8045854185418 6.785374206304656e-22
344.90349776977695 6.783734888122315e-22
345.0024101210121 6.782096562251953e-22
345.1013224722472 6.780459227744567e-22
345.20023482348233 6.77882288365236e-22
345.29914717471746 6.777187529028762e-22
345.3980595259526 6.775553162928396e-22
345.4969718771877 6.773919784407109e-22
345.59588422842285 6.77228739252194e-22
345.694796579658 6.770655986331148e-22
345.79370893089305 6.769025564894185e-22
345.8926212821282 6.767396127271699e-22
345.9915336333633 6.765767672525554e-22
346.09044598459843 6.764140199718793e-22
346.18935833583356 6.762513707915666e-22
346.2882706870687 6.760888196181613e-22
346.3871830383038 6.759263663583265e-22
346.48609538953895 6.75764010918844e-22
346.5850077407741 6.756017532066148e-22
346.6839200920092 6.754395931286587e-22
346.78283244324433 6.752775305921126e-22
346.8817447944794 6.751155655042332e-22
346.98065714571453 6.749536977723945e-22
347.07956949694966 6.747919273040877e-22
347.1784818481848 6.746302540069233e-22
347.2773941994199 6.744686777886275e-22
347.37630655065504 6.743071985570453e-22
347.4752189018902 6.741458162201373e-22
347.5741312531253 6.739845306859824e-22
347.67304360436043 6.738233418627749e-22
347.77195595559556 6.736622496588274e-22
347.8708683068307 6.735012539825669e-22
347.9697806580658 6.733403547425376e-22
348.0686930093009 6.731795518474e-22
348.167605360536 6.730188452059297e-22
348.26651771177114 6.728582347270185e-22
348.3654300630063 6.726977203196732e-22
348.4643424142414 6.725373018930162e-22
348.56325476547653 6.723769793562845e-22
348.66216711671166 6.722167526188312e-22
348.7610794679468 6.720566215901219e-22
348.8599918191819 6.718965861797396e-22
348.95890417041704 6.7173664629737955e-22
349.05781652165217 6.715768018528516e-22
349.1567288728873 6.714170527560801e-22
349.25564122412237 6.712573989171038e-22
349.3545535753575 6.710978402460731e-22
349.4534659265926 6.709383766532539e-22
349.55237827782776 6.707790080490239e-22
349.6512906290629 6.7061973434387505e-22
349.750202980298 6.704605554484125e-22
349.84911533153314 6.703014712733522e-22
349.94802768276827 6.701424817295249e-22
350.0469400340034 6.699835867278724e-22
350.1458523852385 6.698247861794496e-22
350.24476473647366 6.696660799954229e-22
350.3436770877087 6.695074680870707e-22
350.44258943894386 6.693489503657828e-22
350.541501790179 6.69190526743062e-22
350.6404141414141 6.690321971305207e-22
350.73932649264924 6.688739614398834e-22
350.83823884388437 6.687158195829851e-22
350.9371511951195 6.685577714717724e-22
351.0360635463546 6.683998170183021e-22
351.13497589758975 6.682419561347415e-22
351.2338882488249 6.680841887333686e-22
351.33280060006 6.679265147265708e-22
351.43171295129514 6.677689340268459e-22
351.5306253025302 6.676114465468026e-22
351.62953765376534 6.674540521991576e-22
351.72845000500047 6.672967508967375e-22
351.8273623562356 6.671395425524782e-22
351.9262747074707 6.669824270794264e-22
352.02518705870585 6.668254043907348e-22
352.124099409941 6.666684743996679e-22
352.2230117611761 6.66511637019596e-22
352.32192411241124 6.663548921640001e-22
352.42083646364637 6.661982397464684e-22
352.5197488148815 6.660416796806978e-22
352.61866116611657 6.658852118804929e-22
352.7175735173517 6.657288362597659e-22
352.8164858685868 6.655725527325361e-22
352.91539821982195 6.654163612129322e-22
353.0143105710571 6.652602616151883e-22
353.1132229222922 6.651042538536463e-22
353.21213527352734 6.649483378427551e-22
353.31104762476247 6.647925134970705e-22
353.4099599759976 6.646367807312546e-22
353.5088723272327 6.644811394600762e-22
353.60778467846785 6.643255895984104e-22
353.706697029703 6.641701310612384e-22
353.80560938093805 6.640147637636477e-22
353.9045217321732 6.638594876208311e-22
354.0034340834083 6.637043025480866e-22
354.10234643464344 6.635492084608192e-22
354.20125878587857 6.633942052745378e-22
354.3001711371137 6.632392929048579e-22
354.3990834883488 6.63084471267498e-22
354.49799583958395 6.629297402782831e-22
354.5969081908191 6.627750998531421e-22
354.6958205420542 6.626205499081093e-22
354.79473289328934 6.6246609035932205e-22
354.8936452445244 6.623117211230228e-22
354.99255759575954 6.621574421155582e-22
355.09146994699466 6.620032532533776e-22
355.1903822982298 6.618491544530351e-22
355.2892946494649 6.6169514563118805e-22
355.38820700070005 6.6154122670459765e-22
355.4871193519352 6.613873975901277e-22
355.5860317031703 6.612336582047449e-22
355.68494405440543 6.6108000846552e-22
355.78385640564056 6.609264482896251e-22
355.8827687568757 6.607729775943361e-22
355.9816811081108 6.606195962970303e-22
356.0805934593459 6.604663043151887e-22
356.179505810581 6.603131015663926e-22
356.27841816181615 6.601599879683267e-22
356.3773305130513 6.600069634387768e-22
356.4762428642864 6.598540278956312e-22
356.57515521552153 6.597011812568785e-22
356.67406756675666 6.595484234406097e-22
356.7729799179918 6.593957543650162e-22
356.8718922692269 6.592431739483909e-22
356.97080462046205 6.590906821091281e-22
357.0697169716972 6.589382787657214e-22
357.1686293229323 6.587859638367666e-22
357.2675416741674 6.586337372409589e-22
357.3664540254025 6.584815988970934e-22
357.46536637663763 6.58329548724067e-22
357.56427872787276 6.581775866408745e-22
357.6631910791079 6.580257125666125e-22
357.762103430343 6.578739264204755e-22
357.86101578157815 6.577222281217589e-22
357.9599281328133 6.575706175898562e-22
358.0588404840484 6.574190947442615e-22
358.15775283528353 6.572676595045671e-22
358.25666518651866 6.571163117904638e-22
358.35557753775373 6.569650515217422e-22
358.45448988898886 6.568138786182907e-22
358.553402240224 6.566627930000968e-22
358.6523145914591 6.565117945872451e-22
358.75122694269425 6.563608832999206e-22
358.8501392939294 6.562100590584034e-22
358.9490516451645 6.560593217830741e-22
359.04796399639963 6.559086713944092e-22
359.14687634763476 6.557581078129839e-22
359.2457886988699 6.556076309594701e-22
359.344701050105 6.55457240754637e-22
359.44361340134014 6.553069371193512e-22
359.5425257525752 6.551567199745771e-22
359.64143810381034 6.550065892413735e-22
359.7403504550455 6.54856544840898e-22
359.8392628062806 6.547065866944044e-22
359.93817515751573 6.545567147232421e-22
360.03708750875086 6.544069288488577e-22
360.135999859986 6.54257228992793e-22
360.2349122112211 6.541076150766862e-22
360.33382456245624 6.5395808702227165e-22
360.4327369136914 6.538086447513782e-22
360.5316492649265 6.536592881859315e-22
360.6305616161616 6.535100172479521e-22
360.7294739673967 6.533608318595549e-22
360.82838631863183 6.532117319429513e-22
360.92729866986696 6.53062717420447e-22
361.0262110211021 6.529137882144421e-22
361.1251233723372 6.527649442474322e-22
361.22403572357234 6.526161854420064e-22
361.32294807480747 6.524675117208487e-22
361.4218604260426 6.523189230067377e-22
361.5207727772777 6.52170419222545e-22
361.61968512851286 6.520220002912374e-22
361.718597479748 6.518736661358742e-22
361.81750983098306 6.517254166796101e-22
361.9164221822182 6.515772518456912e-22
362.0153345334533 6.514291715574583e-22
362.11424688468844 6.512811757383449e-22
362.21315923592357 6.511332643118786e-22
362.3120715871587 6.509854372016782e-22
362.4109839383938 6.508376943314562e-22
362.50989628962895 6.506900356250181e-22
362.6088086408641 6.505424610062622e-22
362.7077209920992 6.503949703991779e-22
362.80663334333434 6.502475637278477e-22
362.9055456945694 6.501002409164463e-22
363.00445804580454 6.499530018892394e-22
363.10337039703967 6.498058465705861e-22
363.2022827482748 6.496587748849359e-22
363.3011950995099 6.495117867568303e-22
363.40010745074505 6.493648821109026e-22
363.4990198019802 6.492180608718762e-22
363.5979321532153 6.490713229645676e-22
363.69684450445044 6.489246683138819e-22
363.79575685568557 6.487780968448169e-22
363.8946692069207 6.486316084824609e-22
363.9935815581558 6.484852031519919e-22
364.0924939093909 6.483388807786792e-22
364.191406260626 6.48192641287882e-22
364.29031861186115 6.480464846050496e-22
364.3892309630963 6.4790041065572205e-22
364.4881433143314 6.477544193655282e-22
364.58705566556654 6.476085106601881e-22
364.68596801680167 6.474626844655101e-22
364.7848803680368 6.473169407073927e-22
364.8837927192719 6.471712793118241e-22
364.98270507050705 6.470257002048812e-22
365.0816174217422 6.468802033127299e-22
365.1805297729773 6.4673478856162565e-22
365.2794421242124 6.465894558779125e-22
365.3783544754475 6.464442051880229e-22
365.47726682668264 6.462990364184782e-22
365.57617917791777 6.461539494958886e-22
365.6750915291529 6.46008944346952e-22
365.774003880388 6.4586402089845445e-22
365.87291623162315 6.457191790772703e-22
365.9718285828583 6.455744188103623e-22
366.0707409340934 6.454297400247802e-22
366.16965328532854 6.452851426476615e-22
366.26856563656366 6.451406266062317e-22
366.36747798779874 6.449961918278034e-22
366.46639033903386 6.448518382397769e-22
366.565302690269 6.44707565769638e-22
366.6642150415041 6.445633743449622e-22
366.76312739273925 6.444192638934102e-22
366.8620397439744 6.442752343427292e-22
366.9609520952095 6.44131285620754e-22
367.05986444644464 6.439874176554049e-22
367.15877679767976 6.438436303746903e-22
367.2576891489149 6.436999237067018e-22
367.35660150015 6.435562975796203e-22
367.45551385138515 6.434127519217113e-22
367.5544262026202 6.432692866613259e-22
367.65333855385535 6.431259017269008e-22
367.7522509050905 6.429825970469597e-22
367.8511632563256 6.4283937255010975e-22
367.95007560756073 6.426962281650454e-22
368.04898795879586 6.425531638205445e-22
368.147900310031 6.424101794454718e-22
368.2468126612661 6.422672749687759e-22
368.34572501250125 6.4212445031949e-22
368.4446373637364 6.419817054267332e-22
368.5435497149715 6.418390402197076e-22
368.6424620662066 6.416964546277014e-22
368.7413744174417 6.415539485800862e-22
368.84028676867683 6.414115220063179e-22
368.93919911991196 6.412691748359365e-22
369.0381114711471 6.411269069985661e-22
369.1370238223822 6.409847184239146e-22
369.23593617361735 6.408426090417739e-22
369.3348485248525 6.4070057878201865e-22
369.4337608760876 6.405586275746081e-22
369.53267322732273 6.404167553495842e-22
369.63158557855786 6.402749620370717e-22
369.730497929793 6.4013324756727965e-22
369.82941028102806 6.399916118704993e-22
369.9283226322632 6.398500548771042e-22
370.0272349834983 6.397085765175523e-22
370.12614733473345 6.395671767223819e-22
370.2250596859686 6.394258554222158e-22
370.3239720372037 6.392846125477587e-22
370.42288438843883 6.391434480297967e-22
370.52179673967396 6.390023617991987e-22
370.6207090909091 6.388613537869156e-22
370.7196214421442 6.387204239239802e-22
370.81853379337934 6.3857957214150685e-22
370.9174461446144 6.384387983706915e-22
371.01635849584954 6.382981025428119e-22
371.1152708470847 6.381574845892271e-22
371.2141831983198 6.380169444413774e-22
371.31309554955493 6.378764820307839e-22
371.41200790079006 6.377360972890498e-22
371.5109202520252 6.375957901478583e-22
371.6098326032603 6.374555605389732e-22
371.70874495449544 6.373154083942401e-22
371.8076573057306 6.371753336455843e-22
371.9065696569657 6.370353362250116e-22
372.00548200820083 6.368954160646083e-22
372.1043943594359 6.367555730965415e-22
372.20330671067103 6.366158072530572e-22
372.30221906190616 6.3647611846648215e-22
372.4011314131413 6.363365066692231e-22
372.5000437643764 6.36196971793766e-22
372.59895611561154 6.360575137726771e-22
372.69786846684667 6.359181325386012e-22
372.7967808180818 6.357788280242633e-22
372.8956931693169 6.356396001624681e-22
372.99460552055206 6.355004488860976e-22
373.0935178717872 6.353613741281152e-22
373.1924302230223 6.352223758215617e-22
373.2913425742574 6.350834538995571e-22
373.3902549254925 6.349446082953002e-22
373.48916727672764 6.348058389420683e-22
373.58807962796277 6.346671457732171e-22
373.6869919791979 6.345285287221812e-22
373.785904330433 6.343899877224722e-22
373.88481668166816 6.342515227076817e-22
373.9837290329033 6.341131336114777e-22
374.0826413841384 6.339748203676067e-22
374.18155373537354 6.338365829098933e-22
374.28046608660867 6.336984211722388e-22
374.37937843784374 6.335603350886232e-22
374.47829078907887 6.334223245931037e-22
374.577203140314 6.332843896198138e-22
374.6761154915491 6.331465301029658e-22
374.77502784278425 6.330087459768476e-22
374.8739401940194 6.328710371758258e-22
374.9728525452545 6.327334036343422e-22
375.07176489648964 6.325958452869164e-22
375.17067724772477 6.324583620681442e-22
375.2695895989599 6.323209539126985e-22
375.368501950195 6.321836207553281e-22
375.46741430143015 6.320463625308581e-22
375.5663266526652 6.319091791741904e-22
375.66523900390035 6.317720706203024e-22
375.7641513551355 6.316350368042474e-22
375.8630637063706 6.314980776611559e-22
375.96197605760574 6.313611931262329e-22
376.06088840884087 6.312243831347587e-22
376.159800760076 6.310876476220905e-22
376.2587131113111 6.309509865236601e-22
376.35762546254625 6.308143997749747e-22
376.4565378137814 6.306778873116174e-22
376.5554501650165 6.305414490692455e-22
376.6543625162516 6.304050849835918e-22
376.7532748674867 6.302687949904638e-22
376.85218721872184 6.301325790257441e-22
376.95109956995697 6.299964370253898e-22
377.0500119211921 6.298603689254324e-22
377.1489242724272 6.297243746619785e-22
377.24783662366235 6.295884541712079e-22
377.3467489748975 6.294526073893762e-22
377.4456613261326 6.293168342528121e-22
377.54457367736774 6.291811346979184e-22
377.64348602860287 6.290455086611721e-22
377.742398379838 6.28909956079124e-22
377.84131073107307 6.287744768883986e-22
377.9402230823082 6.286390710256939e-22
378.0391354335433 6.285037384277818e-22
378.13804778477845 6.283684790315068e-22
378.2369601360136 6.282332927737878e-22
378.3358724872487 6.280981795916158e-22
378.43478483848384 6.279631394220559e-22
378.53369718971896 6.278281722022456e-22
378.6326095409541 6.276932778693947e-22
378.7315218921892 6.275584563607874e-22
378.83043424342435 6.274237076137787e-22
378.9293465946594 6.272890315657979e-22
379.02825894589455 6.271544281543456e-22
379.1271712971297 6.270198973169948e-22
379.2260836483648 6.268854389913913e-22
379.32499599959993 6.267510531152528e-22
379.42390835083506 6.266167396263693e-22
379.5228207020702 6.264824984626018e-22
379.6217330533053 6.263483295618843e-22
379.72064540454045 6.262142328622219e-22
379.8195577557756 6.260802083016916e-22
379.9184701070107 6.259462558184415e-22
380.01738245824583 6.2581237535069195e-22
380.1162948094809 6.2567856683673365e-22
380.21520716071603 6.2554483021492905e-22
380.31411951195116 6.254111654237118e-22
380.4130318631863 6.25277572401586e-22
380.5119442144214 6.2514405108712775e-22
380.61085656565655 6.250106014189827e-22
380.7097689168917 6.248772233358679e-22
380.8086812681268 6.247439167765711e-22
380.90759361936193 6.246106816799504e-22
381.00650597059706 6.24477517984934e-22
381.1054183218322 6.243444256305211e-22
381.2043306730673 6.242114045557801e-22
381.3032430243024 6.240784546998507e-22
381.4021553755375 6.239455760019415e-22
381.50106772677265 6.2381276840133205e-22
381.5999800780078 6.236800318373708e-22
381.6988924292429 6.235473662494763e-22
381.79780478047803 6.234147715771365e-22
381.89671713171316 6.232822477599097e-22
381.9956294829483 6.231497947374222e-22
382.0945418341834 6.230174124493711e-22
382.19345418541855 6.228851008355213e-22
382.2923665366537 6.227528598357078e-22
382.39127888788875 6.226206893898344e-22
382.4901912391239 6.2248858943787345e-22
382.589103590359 6.223565599198669e-22
382.68801594159413 6.222246007759239e-22
382.78692829282926 6.220927119462245e-22
382.8858406440644 6.219608933710151e-22
382.9847529952995 6.218291449906115e-22
383.08366534653464 6.216974667453981e-22
383.1825776977698 6.215658585758273e-22
383.2814900490049 6.214343204224189e-22
383.38040240024003 6.213028522257621e-22
383.47931475147516 6.211714539265127e-22
383.57822710271023 6.210401254653955e-22
383.67713945394536 6.209088667832021e-22
383.7760518051805 6.207776778207919e-22
383.8749641564156 6.206465585190928e-22
383.97387650765074 6.205155088190989e-22
384.0727888588859 6.203845286618725e-22
384.171701210121 6.20253617988543e-22
384.27061356135613 6.201227767403067e-22
384.36952591259126 6.199920048584271e-22
384.4684382638264 6.198613022842348e-22
384.5673506150615 6.197306689591271e-22
384.6662629662966 6.196001048245686e-22
384.7651753175317 6.194696098220901e-22
384.86408766876684 6.1933918389328835e-22
384.96300002000197 6.192088269798287e-22
385.0619123712371 6.190785390234407e-22
385.1608247224722 6.18948319965921e-22
385.25973707370736 6.1881816974913325e-22
385.3586494249425 6.186880883150061e-22
385.4575617761776 6.18558075605535e-22
385.55647412741274 6.18428131562781e-22
385.65538647864787 6.182982561288707e-22
385.754298829883 6.181684492459976e-22
385.85321118111807 6.180387108564195e-22
385.9521235323532 6.179090409024608e-22
386.0510358835883 6.1777943932651e-22
386.14994823482346 6.176499060710233e-22
386.2488605860586 6.1752044107852e-22
386.3477729372937 6.1739104429158575e-22
386.44668528852884 6.172617156528707e-22
386.54559763976397 6.171324551050912e-22
386.6445099909991 6.170032625910267e-22
386.7434223422342 6.168741380535228e-22
386.84233469346935 6.167450814354894e-22
386.9412470447044 6.166160926799018e-22
387.04015939593955 6.164871717297984e-22
387.1390717471747 6.163583185282833e-22
387.2379840984098 6.162295330185246e-22
387.33689644964494 6.161008151437548e-22
387.43580880088007 6.159721648472705e-22
387.5347211521152 6.15843582072432e-22
387.6336335033503 6.1571506676266435e-22
387.73254585458545 6.155866188614562e-22
387.8314582058206 6.1545823831236035e-22
387.9303705570557 6.1532992505899225e-22
388.02928290829084 6.152016790450326e-22
388.1281952595259 6.150735002142248e-22
388.22710761076104 6.149453885103756e-22
388.32601996199617 6.148173438773551e-22
388.4249323132313 6.146893662590976e-22
388.5238446644664 6.145614555995997e-22
388.62275701570155 6.144336118429215e-22
388.7216693669367 6.14305834933186e-22
388.8205817181718 6.141781248145797e-22
388.91949406940694 6.140504814313504e-22
389.01840642064207 6.13922904727811e-22
389.1173187718772 6.137953946483352e-22
389.2162311231123 6.136679511373602e-22
389.3151434743474 6.135405741393854e-22
389.4140558255825 6.134132635989725e-22
389.51296817681765 6.132860194607462e-22
389.6118805280528 6.131588416693926e-22
389.7107928792879 6.130317301696606e-22
389.80970523052304 6.129046849063606e-22
389.90861758175816 6.127777058243657e-22
390.0075299329933 6.126507928686104e-22
390.1064422842284 6.125239459840914e-22
390.20535463546355 6.123971651158666e-22
390.3042669866987 6.122704502090554e-22
390.40317933793375 6.121438012088399e-22
390.5020916891689 6.120172180604632e-22
390.601004040404 6.11890700709229e-22
390.69991639163914 6.117642491005024e-22
390.79882874287426 6.116378631797115e-22
390.8977410941094 6.1151154289234285e-22
390.9966534453445 6.113852881839461e-22
391.09556579657965 6.112590990001311e-22
391.1944781478148 6.111329752865683e-22
391.2933904990499 6.110069169889902e-22
391.39230285028503 6.108809240531878e-22
391.49121520152016 6.107549964250151e-22
391.59012755275523 6.106291340503849e-22
391.68903990399036 6.105033368752713e-22
391.7879522552255 6.10377604845709e-22
391.8868646064606 6.102519379077918e-22
391.98577695769575 6.101263360076745e-22
392.0846893089309 6.100007990915729e-22
392.183601660166 6.09875327105761e-22
392.28251401140113 6.097499199965739e-22
392.38142636263626 6.096245777104066e-22
392.4803387138714 6.094993001937133e-22
392.5792510651065 6.093740873930088e-22
392.6781634163416 6.092489392548662e-22
392.7770757675767 6.091238557259192e-22
392.87598811881185 6.0899883675286065e-22
392.974900470047 6.088738822824428e-22
393.0738128212821 6.087489922614774e-22
393.17272517251723 6.0862416663683455e-22
393.27163752375236 6.0849940535544405e-22
393.3705498749875 6.083747083642957e-22
393.4694622262226 6.0825007561043665e-22
393.56837457745775 6.081255070409737e-22
393.6672869286929 6.080010026030723e-22
393.766199279928 6.078765622439571e-22
393.8651116311631 6.077521859109106e-22
393.9640239823982 6.076278735512743e-22
394.06293633363333 6.075036251124482e-22
394.16184868486846 6.073794405418905e-22
394.2607610361036 6.072553197871179e-22
394.3596733873387 6.071312627957053e-22
394.45858573857384 6.070072695152854e-22
394.557498089809 6.068833398935495e-22
394.6564104410441 6.067594738782466e-22
394.75532279227923 6.066356714171841e-22
394.85423514351436 6.065119324582263e-22
394.95314749474943 6.063882569492958e-22
395.05205984598456 6.062646448383728e-22
395.1509721972197 6.061410960734956e-22
395.2498845484548 6.060176106027591e-22
395.34879689968994 6.058941883743162e-22
395.4477092509251 6.05770829336377e-22
395.5466216021602 6.056475334372089e-22
395.64553395339533 6.055243006251368e-22
395.74444630463046 6.054011308485419e-22
395.8433586558656 6.052780240558634e-22
395.9422710071007 6.051549801955969e-22
396.04118335833584 6.050319992162949e-22
396.1400957095709 6.049090810665672e-22
396.23900806080604 6.047862256950795e-22
396.33792041204117 6.046634330505549e-22
396.4368327632763 6.045407030817728e-22
396.5357451145114 6.044180357375685e-22
396.63465746574656 6.04295430966835e-22
396.7335698169817 6.041728887185206e-22
396.8324821682168 6.040504089416301e-22
396.93139451945194 6.039279915852248e-22
397.03030687068707 6.03805636598422e-22
397.1292192219222 6.036833439303942e-22
397.2281315731573 6.035611135303713e-22
397.3270439243924 6.034389453476383e-22
397.4259562756275 6.033168393315355e-22
397.52486862686266 6.0319479543146e-22
397.6237809780978 6.030728135968637e-22
397.7226933293329 6.029508937772547e-22
397.82160568056804 6.028290359221956e-22
397.92051803180317 6.027072399813061e-22
398.0194303830383 6.025855059042596e-22
398.1183427342734 6.024638336407852e-22
398.21725508550855 6.023422231406684e-22
398.3161674367437 6.022206743537477e-22
398.41507978797875 6.020991872299186e-22
398.5139921392139 6.019777617191303e-22
398.612904490449 6.018563977713874e-22
398.71181684168414 6.017350953367493e-22
398.81072919291927 6.016138543653299e-22
398.9096415441544 6.014926748072983e-22
399.0085538953895 6.013715566128777e-22
399.10746624662465 6.012504997323458e-22
399.2063785978598 6.011295041160353e-22
399.3052909490949 6.010085697143325e-22
399.40420330033004 6.008876964776785e-22
399.50311565156517 6.007668843565688e-22
399.60202800280024 6.006461333015524e-22
399.70094035403537 6.005254432632327e-22
399.7998527052705 6.004048141922673e-22
399.8987650565056 6.002842460393673e-22
399.99767740774075 6.001637387552982e-22
400.0965897589759 6.000432922908789e-22
400.195502110211 5.999229065969822e-22
400.29441446144614 5.998025816245343e-22
400.39332681268127 5.996823173245147e-22
400.4922391639164 5.995621136479575e-22
400.5911515151515 5.994419705459491e-22
400.6900638663866 5.993218879696299e-22
400.7889762176217 5.99201865870193e-22
400.88788856885685 5.990819041988851e-22
400.986800920092 5.989620029070058e-22
401.0857132713271 5.988421619459084e-22
401.18462562256224 5.987223812669981e-22
401.28353797379737 5.98602660821734e-22
401.3824503250325 5.984830005616274e-22
401.4813626762676 5.983634004382424e-22
401.58027502750275 5.982438604031965e-22
401.6791873787379 5.981243804081591e-22
401.778099729973 5.980049604048521e-22
401.8770120812081 5.9788560034505055e-22
401.9759244324432 5.977663001805812e-22
402.07483678367834 5.976470598633237e-22
402.17374913491346 5.975278793452092e-22
402.2726614861486 5.974087585782223e-22
402.3715738373837 5.9728969751439845e-22
402.47048618861885 5.97170696105826e-22
402.569398539854 5.970517543046448e-22
402.6683108910891 5.9693287206304695e-22
402.76722324232423 5.968140493332761e-22
402.86613559355936 5.966952860676281e-22
402.96504794479443 5.965765822184498e-22
403.06396029602956 5.964579377381406e-22
403.1628726472647 5.963393525791509e-22
403.2617849984998 5.962208266939821e-22
403.36069734973495 5.961023600351885e-22
403.4596097009701 5.959839525553741e-22
403.5585220522052 5.958656042071957e-22
403.65743440344033 5.957473149433598e-22
403.75634675467546 5.956290847166252e-22
403.8552591059106 5.95510913479802e-22
403.9541714571457 5.953928011857496e-22
404.05308380838085 5.952747477873805e-22
404.1519961596159 5.951567532376567e-22
404.25090851085105 5.950388174895911e-22
404.3498208620862 5.949209404962478e-22
404.4487332133213 5.948031222107414e-22
404.54764556455643 5.94685362586237e-22
404.64655791579156 5.945676615759503e-22
404.7454702670267 5.9445001913314775e-22
404.8443826182618 5.9433243521114565e-22
404.94329496949695 5.942149097633111e-22
405.0422073207321 5.940974427430609e-22
405.1411196719672 5.939800341038629e-22
405.24003202320233 5.938626837992343e-22
405.3389443744374 5.937453917827426e-22
405.43785672567253 5.936281580080059e-22
405.53676907690766 5.93510982428691e-22
405.6356814281428 5.933938649985157e-22
405.7345937793779 5.932768056712471e-22
405.83350613061305 5.9315980440070165e-22
405.9324184818482 5.930428611407465e-22
406.0313308330833 5.929259758452972e-22
406.13024318431843 5.928091484683202e-22
406.22915553555356 5.926923789638295e-22
406.3280678867887 5.925756672858904e-22
406.42698023802376 5.924590133886169e-22
406.5258925892589 5.923424172261715e-22
406.624804940494 5.922258787527664e-22
406.72371729172914 5.92109397922664e-22
406.8226296429643 5.919929746901737e-22
406.9215419941994 5.918766090096558e-22
407.02045434543453 5.917603008355183e-22
407.11936669666966 5.9164405012221855e-22
407.2182790479048 5.915278568242628e-22
407.3171913991399 5.914117208962057e-22
407.41610375037504 5.91295642292651e-22
407.5150161016102 5.911796209682503e-22
407.61392845284524 5.910636568777053e-22
407.7128408040804 5.909477499757639e-22
407.8117531553155 5.908319002172248e-22
407.91066550655063 5.90716107556933e-22
408.00957785778576 5.906003719497834e-22
408.1084902090209 5.904846933507179e-22
408.207402560256 5.903690717147274e-22
408.30631491149114 5.902535069968505e-22
408.40522726272627 5.901379991521736e-22
408.5041396139614 5.900225481358321e-22
408.6030519651965 5.899071539030075e-22
408.7019643164316 5.8979181640893135e-22
408.8008766676667 5.896765356088812e-22
408.89978901890186 5.895613114581827e-22
408.998701370137 5.894461439122102e-22
409.0976137213721 5.893310329263838e-22
409.19652607260724 5.892159784561729e-22
409.29543842384237 5.89100980457093e-22
409.3943507750775 5.889860388847082e-22
409.4932631263126 5.888711536946294e-22
409.59217547754776 5.887563248425139e-22
409.6910878287829 5.886415522840675e-22
409.790000180018 5.8852683597504275e-22
409.8889125312531 5.88412175871239e-22
409.9878248824882 5.882975719285025e-22
410.08673723372334 5.881830241027271e-22
410.18564958495847 5.880685323498531e-22
410.2845619361936 5.879540966258679e-22
410.3834742874287 5.8783971688680515e-22
410.48238663866385 5.877253930887457e-22
410.581298989899 5.876111251878168e-22
410.6802113411341 5.874969131401925e-22
410.77912369236924 5.87382756902093e-22
410.87803604360437 5.872686564297855e-22
410.97694839483944 5.8715461167958325e-22
411.07586074607457 5.8704062260784595e-22
411.1747730973097 5.86926689170979e-22
411.2736854485448 5.868128113254352e-22
411.37259779977995 5.866989890277126e-22
411.4715101510151 5.8658522223435525e-22
411.5704225022502 5.864715109019544e-22
411.66933485348534 5.863578549871453e-22
411.76824720472047 5.862442544466106e-22
411.8671595559556 5.8613070923707925e-22
411.9660719071907 5.860172193153241e-22
412.06498425842585 5.859037846381655e-22
412.1638966096609 5.857904051624688e-22
412.26280896089605 5.856770808451444e-22
412.3617213121312 5.8556381164314905e-22
412.4606336633663 5.854505975134846e-22
412.55954601460144 5.85337438413199e-22
412.65845836583657 5.852243342993843e-22
412.7573707170717 5.851112851291792e-22
412.8562830683068 5.849982908597666e-22
412.95519541954195 5.848853514483752e-22
413.0541077707771 5.847724668522786e-22
413.1530201220122 5.846596370287955e-22
413.25193247324734 5.845468619352895e-22
413.3508448244824 5.844341415291699e-22
413.44975717571754 5.843214757678894e-22
413.54866952695266 5.842088646089471e-22
413.6475818781878 5.840963080098855e-22
413.7464942294229 5.839838059282933e-22
413.84540658065805 5.838713583218025e-22
413.9443189318932 5.837589651480905e-22
414.0432312831283 5.83646626364879e-22
414.14214363436344 5.835343419299341e-22
414.24105598559856 5.834221118010665e-22
414.3399683368337 5.83309935936131e-22
414.43888068806876 5.831978142930271e-22
414.5377930393039 5.830857468296981e-22
414.636705390539 5.82973733504132e-22
414.73561774177415 5.828617742743603e-22
414.8345300930093 5.827498690984591e-22
414.9334424442444 5.826380179345489e-22
415.03235479547953 5.825262207407925e-22
415.13126714671466 5.824144774753987e-22
415.2301794979498 5.823027880966185e-22
415.3290918491849 5.8219115256274765e-22
415.42800420042005 5.820795708321253e-22
415.5269165516552 5.819680428631342e-22
415.62582890289025 5.81856568614201e-22
415.7247412541254 5.817451480437956e-22
415.8236536053605 5.816337811104314e-22
415.92256595659563 5.815224677726659e-22
416.02147830783076 5.814112079890986e-22
416.1203906590659 5.813000017183741e-22
416.219303010301 5.811888489191787e-22
416.31821536153615 5.810777495502428e-22
416.4171277127713 5.809667035703396e-22
416.5160400640064 5.808557109382861e-22
416.61495241524153 5.807447716129412e-22
416.7138647664766 5.806338855532078e-22
416.81277711771173 5.805230527180312e-22
416.91168946894686 5.804122730663996e-22
417.010601820182 5.80301546557344e-22
417.1095141714171 5.801908731499391e-22
417.20842652265225 5.800802528033006e-22
417.3073388738874 5.799696854765885e-22
417.4062512251225 5.798591711290042e-22
417.50516357635763 5.797487097197922e-22
417.60407592759276 5.796383012082398e-22
417.7029882788279 5.795279455536761e-22
417.801900630063 5.794176427154727e-22
417.9008129812981 5.793073926530442e-22
417.9997253325332 5.791971953258464e-22
418.09863768376835 5.790870506933783e-22
418.1975500350035 5.789769587151802e-22
418.2964623862386 5.788669193508351e-22
418.39537473747373 5.78756932559968e-22
418.49428708870886 5.786469983022462e-22
418.593199439944 5.785371165373776e-22
418.6921117911791 5.784272872251139e-22
418.79102414241424 5.783175103252469e-22
418.8899364936494 5.782077857976111e-22
418.98884884488444 5.780981136020832e-22
419.0877611961196 5.779884936985803e-22
419.1866735473547 5.7787892604706165e-22
419.28558589858983 5.777694106075287e-22
419.38449824982496 5.776599473400232e-22
419.4834106010601 5.775505362046301e-22
419.5823229522952 5.774411771614737e-22
419.68123530353034 5.773318701707212e-22
419.78014765476547 5.772226151925802e-22
419.8790600060006 5.771134121873e-22
419.9779723572357 5.770042611151713e-22
420.07688470847086 5.768951619365252e-22
420.1757970597059 5.767861146117346e-22
420.27470941094106 5.766771191012124e-22
420.3736217621762 5.765681753654143e-22
420.4725341134113 5.764592833648351e-22
420.57144646464644 5.763504430600116e-22
420.67035881588157 5.762416544115206e-22
420.7692711671167 5.761329173799801e-22
420.8681835183518 5.7602423192604935e-22
420.96709586958696 5.759155980104273e-22
421.0660082208221 5.758070155938539e-22
421.1649205720572 5.756984846371099e-22
421.26383292329234 5.755900051010158e-22
421.3627452745274 5.754815769464337e-22
421.46165762576254 5.753732001342651e-22
421.56056997699767 5.752648746254526e-22
421.6594823282328 5.7515660038097825e-22
421.7583946794679 5.750483773618651e-22
421.85730703070305 5.749402055291757e-22
421.9562193819382 5.748320848440135e-22
422.0551317331733 5.747240152675218e-22
422.15404408440844 5.746159967608838e-22
422.25295643564357 5.745080292853225e-22
422.3518687868787 5.744001128021009e-22
422.45078113811377 5.742922472725224e-22
422.5496934893489 5.741844326579299e-22
422.648605840584 5.740766689197055e-22
422.74751819181915 5.7396895601927185e-22
422.8464305430543 5.73861293918091e-22
422.9453428942894 5.737536825776648e-22
423.04425524552454 5.736461219595343e-22
423.14316759675967 5.735386120252799e-22
423.2420799479948 5.734311527365225e-22
423.3409922992299 5.733237440549215e-22
423.43990465046505 5.73216385942176e-22
423.5388170017002 5.731090783600242e-22
423.63772935293525 5.730018212702439e-22
423.7366417041704 5.7289461463465165e-22
423.8355540554055 5.727874584151037e-22
423.93446640664064 5.726803525734956e-22
424.03337875787577 5.725732970717605e-22
424.1322911091109 5.724662918718728e-22
424.231203460346 5.723593369358442e-22
424.33011581158115 5.722524322257258e-22
424.4290281628163 5.721455777036076e-22
424.5279405140514 5.720387733316186e-22
424.62685286528654 5.719320190719264e-22
424.7257652165216 5.718253148867373e-22
424.82467756775674 5.717186607382959e-22
424.92358991899187 5.716120565888865e-22
425.022502270227 5.71505502400831e-22
425.1214146214621 5.7139899813649e-22
425.22032697269725 5.712925437582627e-22
425.3192393239324 5.71186139228587e-22
425.4181516751675 5.710797845099385e-22
425.51706402640264 5.709734795648319e-22
425.61597637763776 5.708672243558201e-22
425.7148887288729 5.707610188454931e-22
425.813801080108 5.706548629964807e-22
425.9127134313431 5.705487567714495e-22
426.0116257825782 5.7044270013310515e-22
426.11053813381335 5.703366930441909e-22
426.2094504850485 5.702307354674877e-22
426.3083628362836 5.701248273658152e-22
426.40727518751874 5.700189687020305e-22
426.50618753875386 5.69913159439028e-22
426.605099889989 5.698073995397413e-22
426.7040122412241 5.697016889671402e-22
426.80292459245925 5.695960276842331e-22
426.9018369436944 5.69490415654066e-22
427.00074929492945 5.693848528397222e-22
427.0996616461646 5.692793392043229e-22
427.1985739973997 5.691738747110266e-22
427.29748634863483 5.69068459323029e-22
427.39639869986996 5.689630930035638e-22
427.4953110511051 5.688577757159016e-22
427.5942234023402 5.687525074233506e-22
427.69313575357535 5.686472880892558e-22
427.7920481048105 5.685421176770003e-22
427.8909604560456 5.684369961500036e-22
427.98987280728073 5.683319234717225e-22
428.08878515851586 5.682268996056512e-22
428.18769750975093 5.681219245153206e-22
428.28660986098606 5.680169981642986e-22
428.3855222122212 5.6791212051619e-22
428.4844345634563 5.678072915346369e-22
428.58334691469145 5.677025111833179e-22
428.6822592659266 5.675977794259487e-22
428.7811716171617 5.674930962262809e-22
428.88008396839683 5.67388461548104e-22
428.97899631963196 5.672838753552434e-22
429.0779086708671 5.671793376115613e-22
429.1768210221022 5.670748482809565e-22
429.27573337333735 5.669704073273644e-22
429.3746457245724 5.668660147147568e-22
429.47355807580755 5.667616704071418e-22
429.5724704270427 5.6665737436856375e-22
429.6713827782778 5.665531265631042e-22
429.77029512951293 5.664489269548797e-22
429.86920748074806 5.663447755080441e-22
429.9681198319832 5.662406721867873e-22
430.0670321832183 5.661366169553349e-22
430.16594453445344 5.660326097779487e-22
430.2648568856886 5.659286506189269e-22
430.3637692369237 5.658247394426035e-22
430.4626815881588 5.657208762133485e-22
430.5615939393939 5.656170608955682e-22
430.66050629062903 5.655132934537032e-22
430.75941864186416 5.654095738522327e-22
430.8583309930993 5.653059020556688e-22
430.9572433443344 5.652022780285617e-22
431.05615569556954 5.65098701735496e-22
431.1550680468047 5.649951731410922e-22
431.2539803980398 5.648916922100065e-22
431.35289274927493 5.647882589069302e-22
431.45180510051006 5.646848731965913e-22
431.5507174517452 5.645815350437518e-22
431.64962980298026 5.644782444132106e-22
431.7485421542154 5.643750012698009e-22
431.8474545054505 5.642718055783916e-22
431.94636685668564 5.64168657303887e-22
432.04527920792077 5.640655564112265e-22
432.1441915591559 5.639625028653846e-22
432.243103910391 5.638594966313713e-22
432.34201626162616 5.63756537674232e-22
432.4409286128613 5.63653625959046e-22
432.5398409640964 5.63550761450929e-22
432.63875331533154 5.634479441150308e-22
432.7376656665666 5.633451739165364e-22
432.83657801780174 5.632424508206657e-22
432.93549036903687 5.631397747926738e-22
433.034402720272 5.630371457978497e-22
433.1333150715071 5.629345638015185e-22
433.23222742274226 5.628320287690389e-22
433.3311397739774 5.627295406658047e-22
433.4300521252125 5.626270994572444e-22
433.52896447644764 5.625247051088214e-22
433.62787682768277 5.624223575860329e-22
433.7267891789179 5.623200568544111e-22
433.825701530153 5.622178028795223e-22
433.9246138813881 5.621155956269681e-22
434.0235262326232 5.620134350623835e-22
434.12243858385835 5.619113211514383e-22
434.2213509350935 5.618092538598363e-22
434.3202632863286 5.617072331533166e-22
434.41917563756374 5.616052589976506e-22
434.51808798879887 5.615033313586459e-22
434.617000340034 5.614014502021425e-22
434.7159126912691 5.61299615494016e-22
434.81482504250425 5.611978272001749e-22
434.9137373937394 5.610960852865623e-22
435.01264974497445 5.609943897191553e-22
435.1115620962096 5.608927404639641e-22
435.2104744474447 5.607911374870337e-22
435.30938679867984 5.606895807544429e-22
435.40829914991497 5.6058807023230345e-22
435.5072115011501 5.604866058867617e-22
435.6061238523852 5.603851876839973e-22
435.70503620362035 5.602838155902236e-22
435.8039485548555 5.60182489571688e-22
435.9028609060906 5.600812095946705e-22
436.00177325732574 5.599799756254858e-22
436.10068560856087 5.598787876304812e-22
436.19959795979594 5.597776455760379e-22
436.29851031103107 5.596765494285702e-22
436.3974226622662 5.595754991545266e-22
436.4963350135013 5.594744947203875e-22
436.59524736473645 5.593735360926677e-22
436.6941597159716 5.592726232379152e-22
436.7930720672067 5.591717561227106e-22
436.89198441844184 5.590709347136683e-22
436.99089676967697 5.589701589774352e-22
437.0898091209121 5.58869428880692e-22
437.1887214721472 5.587687443901515e-22
437.28763382338235 5.586681054725606e-22
437.3865461746174 5.585675120946982e-22
437.48545852585255 5.584669642233769e-22
437.5843708770877 5.583664618254416e-22
437.6832832283228 5.582660048677704e-22
437.78219557955794 5.581655933172736e-22
437.88110793079306 5.580652271408952e-22
437.9800202820282 5.5796490630561115e-22
438.0789326332633 5.578646307784303e-22
438.17784498449845 5.577644005263945e-22
438.2767573357336 5.5766421551657745e-22
438.3756696869687 5.575640757160861e-22
438.4745820382038 5.574639810920596e-22
438.5734943894389 5.573639316116693e-22
438.67240674067403 5.572639272421195e-22
438.77131909190916 5.571639679506469e-22
438.8702314431443 5.570640537045198e-22
438.9691437943794 5.569641844710401e-22
439.06805614561455 5.568643602175405e-22
439.1669684968497 5.567645809113868e-22
439.2658808480848 5.566648465199769e-22
439.36479319931993 5.56565157010741e-22
439.46370555055506 5.564655123511408e-22
439.5626179017902 5.563659125086713e-22
439.66153025302526 5.5626635745085775e-22
439.7604426042604 5.561668471452589e-22
439.8593549554955 5.560673815594646e-22
439.95826730673065 5.5596796066109725e-22
440.0571796579658 5.558685844178105e-22
440.1560920092009 5.557692527972906e-22
440.25500436043603 5.556699657672549e-22
440.35391671167116 5.555707232954526e-22
440.4528290629063 5.55471525349665e-22
440.5517414141414 5.5537237189770445e-22
440.65065376537655 5.552732629074161e-22
440.7495661166116 5.551741983466753e-22
440.84847846784675 5.550751781833899e-22
440.9473908190819 5.5497620238549905e-22
441.046303170317 5.548772709209732e-22
441.14521552155213 5.547783837578143e-22
441.24412787278726 5.546795408640563e-22
441.3430402240224 5.545807422077633e-22
441.4419525752575 5.54481987757032e-22
441.54086492649265 5.543832774799894e-22
441.6397772777278 5.542846113447944e-22
441.7386896289629 5.541859893196372e-22
441.83760198019803 5.540874113727387e-22
441.9365143314331 5.539888774723509e-22
442.03542668266823 5.538903875867576e-22
442.13433903390336 5.537919416842725e-22
442.2332513851385 5.5369353973324185e-22
442.3321637363736 5.535951817020414e-22
442.43107608760874 5.534968675590789e-22
442.5299884388439 5.53398597272793e-22
442.628900790079 5.5330037081165175e-22
442.72781314131413 5.532021881441559e-22
442.82672549254926 5.531040492388365e-22
442.9256378437844 5.530059540642547e-22
443.02455019501946 5.5290790258900275e-22
443.1234625462546 5.52809894781704e-22
443.2223748974897 5.527119306110116e-22
443.32128724872484 5.5261401004561e-22
443.42019959996 5.525161330542138e-22
443.5191119511951 5.52418299605569e-22
443.61802430243023 5.523205096684507e-22
443.71693665366536 5.522227632116656e-22
443.8158490049005 5.521250602040505e-22
443.9147613561356 5.52027400614472e-22
444.01367370737074 5.519297844118283e-22
444.11258605860587 5.518322115650468e-22
444.21149840984094 5.517346820430855e-22
444.31041076107607 5.5163719581493285e-22
444.4093231123112 5.515397528496074e-22
444.5082354635463 5.514423531161575e-22
444.60714781478146 5.513449965836625e-22
444.7060601660166 5.512476832212311e-22
444.8049725172517 5.511504129980019e-22
444.90388486848684 5.510531858831441e-22
445.00279721972197 5.50956001845857e-22
445.1017095709571 5.508588608553691e-22
445.2006219221922 5.507617628809393e-22
445.29953427342735 5.506647078918565e-22
445.3984466246624 5.505676958574391e-22
445.49735897589755 5.5047072674703525e-22
445.5962713271327 5.503738005300232e-22
445.6951836783678 5.502769171758111e-22
445.79409602960294 5.501800766538357e-22
445.89300838083807 5.5008327893356495e-22
445.9919207320732 5.499865239844951e-22
446.0908330833083 5.498898117761531e-22
446.18974543454345 5.497931422780944e-22
446.2886577857786 5.496965154599046e-22
446.3875701370137 5.495999312911985e-22
446.4864824882488 5.495033897416208e-22
446.5853948394839 5.494068907808452e-22
446.68430719071904 5.493104343785749e-22
446.78321954195417 5.492140205045418e-22
446.8821318931893 5.491176491285082e-22
446.9810442444244 5.490213202202654e-22
447.07995659565955 5.48925033749633e-22
447.1788689468947 5.48828789686461e-22
447.2777812981298 5.4873258800062745e-22
447.37669364936494 5.486364286620407e-22
447.47560600060007 5.485403116406375e-22
447.5745183518352 5.484442369063833e-22
447.67343070307027 5.483482044292735e-22
447.7723430543054 5.482522141793318e-22
447.8712554055405 5.48156266126611e-22
447.97016775677565 5.480603602411928e-22
448.0690801080108 5.479644964931876e-22
448.1679924592459 5.478686748527355e-22
448.26690481048104 5.477728952900044e-22
448.36581716171617 5.4767715777519135e-22
448.4647295129513 5.4758146227852205e-22
448.5636418641864 5.474858087702508e-22
448.66255421542155 5.473901972206617e-22
448.7614665666566 5.472946276000656e-22
448.86037891789175 5.471990998788029e-22
448.9592912691269 5.471036140272428e-22
449.058203620362 5.47008170015783e-22
449.15711597159714 5.46912767814849e-22
449.25602832283226 5.468174073948957e-22
449.3549406740674 5.467220887264057e-22
449.4538530253025 5.466268117798904e-22
449.55276537653765 5.465315765258891e-22
449.6516777277728 5.464363829349702e-22
449.7505900790079 5.463412309777298e-22
449.84950243024304 5.462461206247921e-22
449.9484147814781 5.4615105184681005e-22
450.04732713271324 5.460560246144647e-22
450.14623948394836 5.45961038898465e-22
450.2451518351835 5.458660946695475e-22
450.3440641864186 5.457711918984785e-22
450.44297653765375 5.456763305560509e-22
450.5418888888889 5.455815106130857e-22
450.640801240124 5.454867320404327e-22
450.73971359135913 5.453919948089687e-22
450.83862594259426 5.452972988895993e-22
450.9375382938294 5.452026442532579e-22
451.03645064506446 5.451080308709046e-22
451.1353629962996 5.450134587135286e-22
451.2342753475347 5.4491892775214645e-22
451.33318769876985 5.4482443795780255e-22
451.432100050005 5.447299893015683e-22
451.5310124012401 5.446355817545439e-22
451.62992475247523 5.44541215287857e-22
451.72883710371036 5.444468898726619e-22
451.8277494549455 5.443526054801415e-22
451.9266618061806 5.442583620815058e-22
452.02557415741575 5.441641596479928e-22
452.1244865086509 5.440699981508671e-22
452.22339885988595 5.439758775614217e-22
452.3223112111211 5.438817978509758e-22
452.4212235623562 5.437877589908779e-22
452.52013591359133 5.436937609525019e-22
452.61904826482646 5.435998037072499e-22
452.7179606160616 5.435058872265515e-22
452.8168729672967 5.434120114818636e-22
452.91578531853185 5.433181764446695e-22
453.014697669767 5.4322438208648025e-22
453.1136100210021 5.431306283788343e-22
453.21252237223723 5.4303691529329715e-22
453.31143472347236 5.4294324280146075e-22
453.41034707470743 5.428496108749447e-22
453.50925942594256 5.427560194853953e-22
453.6081717771777 5.42662468604487e-22
453.7070841284128 5.425689582039188e-22
453.80599647964794 5.424754882554194e-22
453.9049088308831 5.423820587307421e-22
454.0038211821182 5.422886696016688e-22
454.10273353335333 5.421953208400074e-22
454.20164588458846 5.421020124175921e-22
454.3005582358236 5.420087443062855e-22
454.3994705870587 5.419155164779749e-22
454.4983829382938 5.4182232890457615e-22
454.5972952895289 5.4172918155803045e-22
454.69620764076404 5.416360744103065e-22
454.7951199919992 5.415430074333994e-22
454.8940323432343 5.414499805993302e-22
454.99294469446943 5.413569938801472e-22
455.09185704570456 5.412640472479254e-22
455.1907693969397 5.411711406747655e-22
455.2896817481748 5.410782741327953e-22
455.38859409940994 5.409854475941692e-22
455.48750645064507 5.408926610310666e-22
455.5864188018802 5.4079991441569515e-22
455.68533115311527 5.407072077202877e-22
455.7842435043504 5.406145409171037e-22
455.8831558555855 5.405219139784286e-22
455.98206820682066 5.404293268765747e-22
456.0809805580558 5.403367795838798e-22
456.1798929092909 5.402442720727082e-22
456.27880526052604 5.401518043154508e-22
456.37771761176117 5.400593762845235e-22
456.4766299629963 5.399669879523694e-22
456.5755423142314 5.398746392914571e-22
456.67445466546656 5.397823302742811e-22
456.7733670167016 5.396900608733625e-22
456.87227936793676 5.395978310612474e-22
456.9711917191719 5.395056408105093e-22
457.070104070407 5.394134900937456e-22
457.16901642164214 5.3932137888358185e-22
457.26792877287727 5.392293071526672e-22
457.3668411241124 5.391372748736782e-22
457.4657534753475 5.390452820193162e-22
457.56466582658265 5.389533285623094e-22
457.6635781778178 5.388614144754109e-22
457.7624905290529 5.387695397313988e-22
457.86140288028804 5.386777043030788e-22
457.9603152315231 5.385859081632804e-22
458.05922758275824 5.384941512848598e-22
458.15813993399337 5.384024336406982e-22
458.2570522852285 5.383107552037026e-22
458.3559646364636 5.382191159468051e-22
458.45487698769875 5.381275158429642e-22
458.5537893389339 5.380359548651623e-22
458.652701690169 5.379444329864093e-22
458.75161404140414 5.378529501797382e-22
458.85052639263927 5.377615064182092e-22
458.9494387438744 5.376701016749069e-22
459.04835109510947 5.375787359229414e-22
459.1472634463446 5.374874091354482e-22
459.2461757975797 5.373961212855876e-22
459.34508814881485 5.373048723465453e-22
459.44400050005 5.372136622915331e-22
459.5429128512851 5.37122491093786e-22
459.64182520252024 5.370313587265661e-22
459.74073755375537 5.369402651631594e-22
459.8396499049905 5.368492103768772e-22
459.9385622562256 5.36758194341056e-22
460.03747460746075 5.3666721702905735e-22
460.1363869586959 5.365762784142674e-22
460.23529930993095 5.364853784700976e-22
460.3342116611661 5.363945171699844e-22
460.4331240124012 5.363036944873882e-22
460.53203636363634 5.362129103957957e-22
460.63094871487147 5.361221648687172e-22
460.7298610661066 5.360314578796889e-22
460.8287734173417 5.359407894022703e-22
460.92768576857685 5.358501594100471e-22
461.026598119812 5.357595678766287e-22
461.1255104710471 5.356690147756497e-22
461.22442282228224 5.355785000807696e-22
461.32333517351736 5.354880237656715e-22
461.42224752475244 5.353975858040643e-22
461.52115987598756 5.353071861696801e-22
461.6200722272227 5.352168248362773e-22
461.7189845784578 5.351265017776373e-22
461.81789692969295 5.350362169675661e-22
461.9168092809281 5.3494597037989515e-22
462.0157216321632 5.348557619884797e-22
462.11463398339833 5.3476559176719905e-22
462.21354633463346 5.346754596899576e-22
462.3124586858686 5.345853657306834e-22
462.4113710371037 5.344953098633293e-22
462.5102833883388 5.34405292061872e-22
462.6091957395739 5.3431531230031275e-22
462.70810809080905 5.342253705526772e-22
462.8070204420442 5.341354667930146e-22
462.9059327932793 5.34045600995399e-22
463.00484514451443 5.33955773133928e-22
463.10375749574956 5.338659831827237e-22
463.2026698469847 5.337762311159322e-22
463.3015821982198 5.336865169077238e-22
463.40049454945495 5.335968405322923e-22
463.4994069006901 5.33507201963856e-22
463.5983192519252 5.334176011766569e-22
463.6972316031603 5.333280381449615e-22
463.7961439543954 5.332385128430593e-22
463.89505630563053 5.331490252452643e-22
463.99396865686566 5.33059575325914e-22
464.0928810081008 5.329701630593702e-22
464.1917933593359 5.328807884200179e-22
464.29070571057105 5.327914513822667e-22
464.3896180618062 5.327021519205489e-22
464.4885304130413 5.326128900093214e-22
464.58744276427643 5.325236656230643e-22
464.68635511551156 5.324344787362815e-22
464.78526746674663 5.323453293235006e-22
464.88417981798176 5.322562173592729e-22
464.9830921692169 5.321671428181727e-22
465.082004520452 5.320781056747985e-22
465.18091687168715 5.319891059037722e-22
465.2798292229223 5.319001434797387e-22
465.3787415741574 5.318112183773677e-22
465.47765392539253 5.317223305713505e-22
465.57656627662766 5.316334800364028e-22
465.6754786278628 5.315446667472642e-22
465.7743909790979 5.314558906786965e-22
465.87330333033304 5.31367151805486e-22
465.9722156815681 5.312784501024408e-22
466.07112803280324 5.31189785544394e-22
466.1700403840384 5.311011581062009e-22
466.2689527352735 5.310125677627402e-22
466.36786508650863 5.309240144889141e-22
466.46677743774376 5.308354982596473e-22
466.5656897889789 5.307470190498885e-22
466.664602140214 5.306585768346091e-22
466.76351449144914 5.3057017158880345e-22
466.8624268426843 5.304818032874893e-22
466.9613391939194 5.303934719057066e-22
467.0602515451545 5.303051774185203e-22
467.1591638963896 5.302169198010156e-22
467.25807624762473 5.301286990283028e-22
467.35698859885986 5.300405150755143e-22
467.455900950095 5.299523679178054e-22
467.5548133013301 5.298642575303547e-22
467.65372565256524 5.297761838883629e-22
467.75263800380037 5.296881469670538e-22
467.8515503550355 5.296001467416749e-22
467.9504627062706 5.295121831874953e-22
468.04937505750576 5.294242562798073e-22
468.1482874087409 5.293363659939259e-22
468.24719975997596 5.292485123051888e-22
468.3461121112111 5.291606951889565e-22
468.4450244624462 5.290729146206118e-22
468.54393681368134 5.289851705755602e-22
468.64284916491647 5.288974630292304e-22
468.7417615161516 5.288097919570731e-22
468.8406738673867 5.287221573345609e-22
468.93958621862186 5.286345591371907e-22
469.038498569857 5.285469973404799e-22
469.1374109210921 5.2845947191997e-22
469.23632327232724 5.283719828512238e-22
469.33523562356237 5.282845301098272e-22
469.43414797479744 5.281971136713876e-22
469.53306032603257 5.28109733511536e-22
469.6319726772677 5.280223896059251e-22
469.7308850285028 5.279350819302296e-22
469.82979737973795 5.278478104601467e-22
469.9287097309731 5.277605751713966e-22
470.0276220822082 5.276733760397203e-22
470.12653443344334 5.27586213040882e-22
470.22544678467847 5.274990861506681e-22
470.3243591359136 5.274119953448868e-22
470.4232714871487 5.273249405993683e-22
470.5221838383838 5.272379218899656e-22
470.6210961896189 5.271509391925528e-22
470.72000854085405 5.27063992483027e-22
470.8189208920892 5.269770817373066e-22
470.9178332433243 5.268902069313323e-22
471.01674559455944 5.26803368041067e-22
471.11565794579457 5.267165650424951e-22
471.2145702970297 5.2662979791162325e-22
471.3134826482648 5.265430666244798e-22
471.41239499949995 5.264563711571153e-22
471.5113073507351 5.263697114856018e-22
471.6102197019702 5.262830875860333e-22
471.7091320532053 5.261964994345255e-22
471.8080444044404 5.261099470072161e-22
471.90695675567554 5.26023430280264e-22
472.00586910691067 5.259369492298512e-22
472.1047814581458 5.2585050383217955e-22
472.2036938093809 5.257640940634739e-22
472.30260616061605 5.256777198999801e-22
472.4015185118512 5.2559138131796625e-22
472.5004308630863 5.255050782937212e-22
472.59934321432144 5.254188108035561e-22
472.69825556555656 5.253325788238032e-22
472.79716791679164 5.252463823308168e-22
472.89608026802676 5.251602213009722e-22
472.9949926192619 5.250740957106659e-22
473.093904970497 5.249880055363169e-22
473.19281732173215 5.249019507543651e-22
473.2917296729673 5.2481593134127125e-22
473.3906420242024 5.247299472735181e-22
473.48955437543754 5.246439985276099e-22
473.58846672667266 5.245580850800716e-22
473.6873790779078 5.244722069074501e-22
473.7862914291429 5.243863639863132e-22
473.88520378037805 5.243005562932501e-22
473.9841161316131 5.242147838048712e-22
474.08302848284825 5.24129046497808e-22
474.1819408340834 5.240433443487133e-22
474.2808531853185 5.239576773342611e-22
474.37976553655363 5.238720454311465e-22
474.47867788778876 5.237864486160857e-22
474.5775902390239 5.237008868658161e-22
474.676502590259 5.236153601570957e-22
474.77541494149415 5.235298684667046e-22
474.8743272927293 5.234444117714427e-22
474.9732396439644 5.233589900481314e-22
475.0721519951995 5.2327360327361315e-22
475.1710643464346 5.231882514247517e-22
475.26997669766973 5.231029344784308e-22
475.36888904890486 5.23017652411556e-22
475.46780140014 5.229324052010529e-22
475.5667137513751 5.228471928238687e-22
475.66562610261025 5.227620152569712e-22
475.7645384538454 5.22676872477349e-22
475.8634508050805 5.225917644620109e-22
475.96236315631563 5.225066911879874e-22
476.06127550755076 5.224216526323293e-22
476.1601878587859 5.223366487721081e-22
476.25910021002096 5.222516795844159e-22
476.3580125612561 5.2216674504636555e-22
476.4569249124912 5.220818451350903e-22
476.55583726372635 5.21996979827745e-22
476.6547496149615 5.21912149101504e-22
476.7536619661966 5.218273529335621e-22
476.85257431743173 5.21742591301136e-22
476.95148666866686 5.216578641814616e-22
477.050399019902 5.215731715517957e-22
477.1493113711371 5.214885133894159e-22
477.24822372237224 5.214038896716196e-22
477.3471360736074 5.213193003757258e-22
477.44604842484245 5.212347454790723e-22
477.5449607760776 5.211502249590186e-22
477.6438731273127 5.210657387929439e-22
477.74278547854783 5.209812869582481e-22
477.84169782978296 5.208968694323508e-22
477.9406101810181 5.208124861926932e-22
478.0395225322532 5.20728137216735e-22
478.13843488348834 5.206438224819575e-22
478.2373472347235 5.205595419658618e-22
478.3362595859586 5.204752956459691e-22
478.43517193719373 5.203910834998208e-22
478.5340842884288 5.203069055049787e-22
478.63299663966393 5.202227616390244e-22
478.73190899089906 5.201386518795597e-22
478.8308213421342 5.20054576204207e-22
478.9297336933693 5.199705345906077e-22
479.02864604460444 5.198865270164243e-22
479.12755839583957 5.198025534593389e-22
479.2264707470747 5.197186138970532e-22
479.3253830983098 5.196347083072897e-22
479.42429544954496 5.1955083666779005e-22
479.5232078007801 5.1946699895631645e-22
479.6221201520152 5.193831951506508e-22
479.7210325032503 5.192994252285945e-22
479.8199448544854 5.192156891679696e-22
479.91885720572054 5.191319869466172e-22
480.01776955695567 5.19048318542399e-22
480.1166819081908 5.189646839331953e-22
480.2155942594259 5.188810830969077e-22
480.31450661066106 5.187975160114566e-22
480.4134189618962 5.18713982654782e-22
480.5123313131313 5.186304830048442e-22
480.61124366436644 5.1854701703962285e-22
480.71015601560157 5.184635847371175e-22
480.80906836683664 5.183801860753473e-22
480.90798071807177 5.182968210323501e-22
481.0068930693069 5.1821348958618505e-22
481.105805420542 5.181301917149294e-22
481.20471777177715 5.180469273966809e-22
481.3036301230123 5.179636966095562e-22
481.4025424742474 5.178804993316917e-22
481.50145482548254 5.1779733554124355e-22
481.60036717671767 5.177142052163872e-22
481.6992795279528 5.1763110833531685e-22
481.7981918791879 5.175480448762474e-22
481.89710423042305 5.174650148174122e-22
481.9960165816581 5.173820181370645e-22
482.09492893289325 5.1729905481347625e-22
482.1938412841284 5.172161248249395e-22
482.2927536353635 5.171332281497654e-22
482.39166598659864 5.170503647662838e-22
482.49057833783377 5.169675346528448e-22
482.5894906890689 5.16884737787817e-22
482.688403040304 5.168019741495886e-22
482.78731539153915 5.167192437165668e-22
482.8862277427743 5.16636546467178e-22
482.9851400940094 5.165538823798681e-22
483.0840524452445 5.164712514331018e-22
483.1829647964796 5.163886536053625e-22
483.28187714771474 5.16306088875154e-22
483.38078949894987 5.162235572209978e-22
483.479701850185 5.161410586214352e-22
483.5786142014201 5.160585930550268e-22
483.67752655265525 5.159761605003511e-22
483.7764389038904 5.158937609360068e-22
483.8753512551255 5.158113943406107e-22
483.97426360636064 5.157290606927992e-22
484.07317595759577 5.156467599712273e-22
484.1720883088309 5.155644921545687e-22
484.27100066006597 5.154822572215167e-22
484.3699130113011 5.154000551507828e-22
484.4688253625362 5.153178859210974e-22
484.56773771377135 5.152357495112099e-22
484.6666500650065 5.151536458998888e-22
484.7655624162416 5.150715750659205e-22
484.86447476747674 5.149895369881117e-22
484.96338711871186 5.149075316452857e-22
485.062299469947 5.148255590162866e-22
485.1612118211821 5.147436190799759e-22
485.26012417241725 5.146617118152345e-22
485.3590365236524 5.1457983720096105e-22
485.45794887488745 5.144979952160744e-22
485.5568612261226 5.144161858395097e-22
485.6557735773577 5.143344090502235e-22
485.75468592859283 5.142526648271882e-22
485.85359827982796 5.141709531493972e-22
485.9525106310631 5.140892739958603e-22
486.0514229822982 5.140076273456074e-22
486.15033533353335 5.139260131776858e-22
486.2492476847685 5.13844431471162e-22
486.3481600360036 5.137628822051209e-22
486.44707238723873 5.136813653586653e-22
486.5459847384738 5.135998809109169e-22
486.64489708970893 5.135184288410157e-22
486.74380944094406 5.134370091281197e-22
486.8427217921792 5.13355621751406e-22
486.9416341434143 5.132742666900693e-22
487.04054649464945 5.13192943923323e-22
487.1394588458846 5.13111653430399e-22
487.2383711971197 5.1303039519054615e-22
487.33728354835483 5.129491691830339e-22
487.43619589958996 5.128679753871481e-22
487.5351082508251 5.12786813782193e-22
487.6340206020602 5.127056843474915e-22
487.7329329532953 5.126245870623845e-22
487.8318453045304 5.125435219062313e-22
487.93075765576555 5.124624888584089e-22
488.0296700070007 5.123814878983126e-22
488.1285823582358 5.12300519005356e-22
488.22749470947093 5.122195821589702e-22
488.32640706070606 5.121386773386052e-22
488.4253194119412 5.120578045237279e-22
488.5242317631763 5.119769636938246e-22
488.62314411441145 5.118961548283984e-22
488.7220564656466 5.118153779069711e-22
488.82096881688165 5.117346329090817e-22
488.9198811681168 5.116539198142882e-22
489.0187935193519 5.115732386021654e-22
489.11770587058703 5.114925892523067e-22
489.21661822182216 5.114119717443232e-22
489.3155305730573 5.11331386057844e-22
489.4144429242924 5.112508321725155e-22
489.51335527552754 5.111703100680028e-22
489.6122676267627 5.110898197239874e-22
489.7111799779978 5.110093611201705e-22
489.81009232923293 5.109289342362693e-22
489.90900468046806 5.108485390520194e-22
490.00791703170313 5.107681755471746e-22
490.10682938293826 5.106878437015057e-22
490.2057417341734 5.106075434948014e-22
490.3046540854085 5.105272749068681e-22
490.40356643664364 5.1044703791752945e-22
490.5024787878788 5.103668325066278e-22
490.6013911391139 5.102866586540221e-22
490.70030349034903 5.102065163395887e-22
490.79921584158416 5.101264055432225e-22
490.8981281928193 5.100463262448356e-22
490.9970405440544 5.099662784243566e-22
491.0959528952895 5.098862620617331e-22
491.1948652465246 5.098062771369294e-22
491.29377759775974 5.097263236299273e-22
491.39268994899487 5.09646401520726e-22
491.49160230023 5.095665107893428e-22
491.5905146514651 5.094866514158113e-22
491.68942700270026 5.09406823380183e-22
491.7883393539354 5.0932702666252715e-22
491.8872517051705 5.092472612429301e-22
491.98616405640564 5.091675271014951e-22
492.08507640764077 5.090878242183432e-22
492.1839887588759 5.09008152573613e-22
492.28290111011097 5.089285121474591e-22
492.3818134613461 5.0884890292005505e-22
492.4807258125812 5.087693248715904e-22
492.57963816381636 5.086897779822723e-22
492.6785505150515 5.086102622323254e-22
492.7774628662866 5.0853077760199135e-22
492.87637521752174 5.084513240715283e-22
492.97528756875687 5.083719016212128e-22
493.074199919992 5.082925102313375e-22
493.1731122712271 5.082131498822124e-22
493.27202462246225 5.081338205541648e-22
493.3709369736974 5.080545222275392e-22
493.46984932493245 5.079752548826964e-22
493.5687616761676 5.078960185000153e-22
493.6676740274027 5.0781681305989075e-22
493.76658637863784 5.077376385427354e-22
493.86549872987297 5.076584949289783e-22
493.9644110811081 5.07579382199066e-22
494.0633234323432 5.075003003334616e-22
494.16223578357835 5.074212493126449e-22
494.2611481348135 5.073422291171135e-22
494.3600604860486 5.072632397273811e-22
494.45897283728374 5.071842811239783e-22
494.5578851885188 5.071053532874529e-22
494.65679753975394 5.070264561983693e-22
494.75570989098907 5.069475898373086e-22
494.8546222422242 5.068687541848691e-22
494.9535345934593 5.067899492216654e-22
495.05244694469445 5.067111749283295e-22
495.1513592959296 5.066324312855091e-22
495.2502716471647 5.065537182738696e-22
495.34918399839984 5.064750358740929e-22
495.44809634963497 5.06396384066877e-22
495.5470087008701 5.06317762832937e-22
495.6459210521052 5.062391721530049e-22
495.7448334033403 5.06160612007829e-22
495.8437457545754 5.0608208237817425e-22
495.94265810581055 5.06003583244822e-22
496.0415704570457 5.059251145885706e-22
496.1404828082808 5.058466763902346e-22
496.23939515951594 5.05768268630645e-22
496.33830751075106 5.056898912906503e-22
496.4372198619862 5.056115443511144e-22
496.5361322132213 5.055332277929173e-22
496.63504456445645 5.054549415969569e-22
496.7339569156916 5.053766857441471e-22
496.83286926692665 5.052984602154172e-22
496.9317816181618 5.052202649917142e-22
497.0306939693969 5.051421000540008e-22
497.12960632063204 5.050639653832563e-22
497.22851867186716 5.049858609604761e-22
497.3274310231023 5.049077867666726e-22
497.4263433743374 5.0482974278287375e-22
497.52525572557255 5.047517289901243e-22
497.6241680768077 5.046737453694853e-22
497.7230804280428 5.045957919020331e-22
497.82199277927793 5.04517868568862e-22
497.92090513051306 5.044399753510814e-22
498.01981748174813 5.0436211222981675e-22
498.11872983298326 5.042842791862105e-22
498.2176421842184 5.04206476201421e-22
498.3165545354535 5.041287032566222e-22
498.41546688668865 5.040509603330051e-22
498.5143792379238 5.03973247411776e-22
498.6132915891589 5.03895564474158e-22
498.71220394039403 5.038179115013902e-22
498.81111629162916 5.037402884747268e-22
498.9100286428643 5.036626953754395e-22
499.0089409940994 5.035851321848152e-22
499.1078533453345 5.03507598884157e-22
499.2067656965696 5.034300954547841e-22
499.30567804780475 5.033526218780318e-22
499.4045903990399 5.032751781352505e-22
499.503502750275 5.031977642078079e-22
499.60241510151013 5.031203800770866e-22
499.70132745274526 5.030430257244859e-22
499.8002398039804 5.029657011314203e-22
499.8991521552155 5.028884062793206e-22
499.99806450645065 5.028111411496334e-22
500.0969768576858 5.0273390572382105e-22
500.1958892089209 5.026566999833623e-22
500.294801560156 5.025795239097504e-22
500.3937139113911 5.02502377484496e-22
500.49262626262623 5.024252606891243e-22
500.59153861386136 5.023481735051773e-22
500.6904509650965 5.022711159142117e-22
500.7893633163316 5.021940878978005e-22
500.88827566756675 5.0211708943753265e-22
500.9871880188019 5.020401205150124e-22
501.086100370037 5.019631811118596e-22
501.18501272127213 5.018862712097105e-22
501.28392507250726 5.01809390790216e-22
501.3828374237424 5.017325398350433e-22
501.48174977497746 5.016557183258753e-22
501.5806621262126 5.015789262444095e-22
501.6795744774477 5.015021635723606e-22
501.77848682868284 5.014254302914572e-22
501.877399179918 5.013487263834448e-22
501.9763115311531 5.012720518300839e-22
502.07522388238823 5.011954066131502e-22
502.17413623362336 5.011187907144352e-22
502.2730485848585 5.010422041157461e-22
502.3719609360936 5.009656467989053e-22
502.47087328732874 5.0088911874575065e-22
502.5697856385638 5.008126199381355e-22
502.66869798979894 5.00736150357929e-22
502.76761034103407 5.006597099870147e-22
502.8665226922692 5.005832988072924e-22
502.9654350435043 5.005069168006772e-22
503.06434739473946 5.0043056394909925e-22
503.1632597459746 5.00354240234504e-22
503.2621720972097 5.002779456388528e-22
503.36108444844484 5.002016801441214e-22
503.45999679967997 5.001254437323019e-22
503.5589091509151 5.000492363854006e-22
503.6578215021502 4.999730580854398e-22
503.7567338533853 4.998969088144565e-22
503.8556462046204 4.99820788554504e-22
503.95455855585556 4.997446972876493e-22
504.0534709070907 4.996686349959756e-22
504.1523832583258 4.995926016615809e-22
504.25129560956094 4.995165972665783e-22
504.35020796079607 4.994406217930969e-22
504.4491203120312 4.993646752232793e-22
504.5480326632663 4.992887575392849e-22
504.64694501450145 4.9921286872328665e-22
504.7458573657366 4.991370087574742e-22
504.84476971697165 4.990611776240509e-22
504.9436820682068 4.989853753052356e-22
505.0425944194419 4.989096017832626e-22
505.14150677067704 4.988338570403807e-22
505.24041912191217 4.987581410588534e-22
505.3393314731473 4.986824538209607e-22
505.4382438243824 4.986067953089956e-22
505.53715617561755 4.985311655052674e-22
505.6360685268527 4.984555643920993e-22
505.7349808780878 4.983799919518308e-22
505.83389322932294 4.983044481668151e-22
505.93280558055807 4.982289330194206e-22
506.03171793179314 4.981534464920309e-22
506.13063028302827 4.980779885670441e-22
506.2295426342634 4.9800255922687365e-22
506.3284549854985 4.979271584539464e-22
506.42736733673365 4.978517862307061e-22
506.5262796879688 4.977764425396098e-22
506.6251920392039 4.9770112736312995e-22
506.72410439043904 4.976258406837531e-22
506.82301674167417 4.975505824839817e-22
506.9219290929093 4.974753527463318e-22
507.0208414441444 4.974001514533347e-22
507.1197537953795 4.973249785875362e-22
507.2186661466146 4.972498341314973e-22
507.31757849784975 4.971747180677928e-22
507.4164908490849 4.970996303790128e-22
507.51540320032 4.970245710477618e-22
507.61431555155514 4.96949540056659e-22
507.71322790279027 4.968745373883383e-22
507.8121402540254 4.967995630254478e-22
507.9110526052605 4.967246169506507e-22
508.00996495649565 4.966496991466244e-22
508.1088773077308 4.96574809596061e-22
508.2077896589659 4.964999482816668e-22
508.306702010201 4.964251151861632e-22
508.4056143614361 4.96350310292286e-22
508.50452671267124 4.962755335827843e-22
508.60343906390636 4.962007850404236e-22
508.7023514151415 4.961260646479826e-22
508.8012637663766 4.960513723882545e-22
508.90017611761175 4.959767082440476e-22
508.9990884688469 4.959020721981834e-22
509.098000820082 4.9582746423349905e-22
509.19691317131714 4.957528843328458e-22
509.29582552255226 4.956783324790886e-22
509.3947378737874 4.956038086551072e-22
509.49365022502246 4.955293128437957e-22
509.5925625762576 4.954548450280627e-22
509.6914749274927 4.953804051908305e-22
509.79038727872785 4.953059933150363e-22
509.889299629963 4.952316093836312e-22
509.9882119811981 4.951572533795807e-22
510.08712433243323 4.950829252858644e-22
510.18603668366836 4.950086250854766e-22
510.2849490349035 4.949343527614251e-22
510.3838613861386 4.948601082967322e-22
510.48277373737375 4.947858916744346e-22
510.5816860886088 4.947117028775833e-22
510.68059843984395 4.946375418892427e-22
510.7795107910791 4.945634086924915e-22
510.8784231423142 4.944893032704237e-22
510.97733549354933 4.9441522560614565e-22
511.07624784478446 4.943411756827792e-22
511.1751601960196 4.942671534834594e-22
511.2740725472547 4.941931589913357e-22
511.37298489848985 4.941191921895717e-22
511.471897249725 4.94045253061345e-22
511.5708096009601 4.939713415898469e-22
511.66972195219523 4.93897457758283e-22
511.7686343034303 4.938236015498729e-22
511.86754665466543 4.937497729478499e-22
511.96645900590056 4.936759719354617e-22
512.0653713571357 4.936021984959696e-22
512.1642837083708 4.935284526126488e-22
512.263196059606 4.934547342687886e-22
512.3621084108411 4.933810434476925e-22
512.4610207620763 4.933073801326767e-22
512.5599331133113 4.932337443070731e-22
512.6588454645465 4.931601359542255e-22
512.7577578157816 4.930865550574931e-22
512.8566701670167 4.930130016002482e-22
512.9555825182518 4.929394755658768e-22
513.0544948694869 4.928659769377792e-22
513.1534072207221 4.927925056993691e-22
513.2523195719572 4.927190618340745e-22
513.3512319231924 4.926456453253358e-22
513.4501442744274 4.92572256156609e-22
513.5490566256626 4.924988943113623e-22
513.6479689768977 4.9242555977307865e-22
513.7468813281329 4.923522525252541e-22
513.845793679368 4.922789725513985e-22
513.9447060306031 4.922057198350354e-22
514.0436183818382 4.92132494359702e-22
514.1425307330733 4.920592961089492e-22
514.2414430843085 4.919861250663419e-22
514.3403554355435 4.919129812154576e-22
514.4392677867787 4.918398645398882e-22
514.5381801380138 4.917667750232395e-22
514.637092489249 4.916937126491292e-22
514.736004840484 4.91620677401191e-22
514.8349171917192 4.9154766926307e-22
514.9338295429543 4.9147468821842615e-22
515.0327418941895 4.9140173425093195e-22
515.1316542454246 4.913288073442745e-22
515.2305665966596 4.912559074821534e-22
515.3294789478948 4.911830346482822e-22
515.4283912991299 4.911101888263876e-22
515.5273036503651 4.910373700002105e-22
515.6262160016001 4.90964578153504e-22
515.7251283528353 4.908918132700359e-22
515.8240407040704 4.908190753335865e-22
515.9229530553056 4.907463643279497e-22
516.0218654065407 4.906736802369333e-22
516.1207777577758 4.906010230443572e-22
516.2196901090109 4.905283927340564e-22
516.318602460246 4.904557892898777e-22
516.4175148114812 4.903832126956817e-22
516.5164271627162 4.903106629353432e-22
516.6153395139514 4.902381399927487e-22
516.7142518651865 4.9016564385179935e-22
516.8131642164217 4.900931744964085e-22
516.9120765676568 4.900207319105036e-22
517.0109889188919 4.899483160780248e-22
517.109901270127 4.898759269829259e-22
517.2088136213622 4.898035646091732e-22
517.3077259725973 4.897312289407473e-22
517.4066383238325 4.896589199616409e-22
517.5055506750675 4.895866376558604e-22
517.6044630263026 4.895143820074254e-22
517.7033753775378 4.89442153000368e-22
517.8022877287729 4.893699506187344e-22
517.901200080008 4.892977748465833e-22
518.0001124312431 4.892256256679869e-22
518.0990247824783 4.891535030670296e-22
518.1979371337134 4.890814070278103e-22
518.2968494849486 4.890093375344394e-22
518.3957618361836 4.889372945710415e-22
518.4946741874188 4.888652781217536e-22
518.5935865386539 4.887932881707264e-22
518.692498889889 4.887213247021226e-22
518.7914112411241 4.886493877001186e-22
518.8903235923592 4.88577477148904e-22
518.9892359435944 4.885055930326805e-22
519.0881482948295 4.884337353356633e-22
519.1870606460647 4.883619040420805e-22
519.2859729972997 4.882900991361731e-22
519.3848853485349 4.882183206021953e-22
519.48379769977 4.881465684244136e-22
519.5827100510052 4.880748425871074e-22
519.6816224022402 4.880031430745701e-22
519.7805347534753 4.879314698711062e-22
519.8794471047105 4.878598229610344e-22
519.9783594559456 4.877882023286859e-22
520.0772718071808 4.8771660795840445e-22
520.1761841584158 4.876450398345467e-22
520.275096509651 4.8757349794148215e-22
520.3740088608861 4.875019822635932e-22
520.4729212121213 4.874304927852749e-22
520.5718335633563 4.873590294909348e-22
520.6707459145915 4.872875923649935e-22
520.7696582658266 4.872161813918844e-22
520.8685706170617 4.871447965560537e-22
520.9674829682968 4.870734378419595e-22
521.0663953195319 4.870021052340735e-22
521.1653076707671 4.8693079871687995e-22
521.2642200220022 4.868595182748751e-22
521.3631323732374 4.867882638925685e-22
521.4620447244724 4.867170355544817e-22
521.5609570757076 4.866458332451498e-22
521.6598694269427 4.865746569491202e-22
521.7587817781779 4.865035066509522e-22
521.857694129413 4.864323823352182e-22
521.9566064806481 4.863612839865032e-22
522.0555188318832 4.862902115894052e-22
522.1544311831183 4.862191651285336e-22
522.2533435343535 4.861481445885112e-22
522.3522558855885 4.8607714995397325e-22
522.4511682368237 4.86006181209567e-22
522.5500805880588 4.859352383399531e-22
522.648992939294 4.858643213298034e-22
522.747905290529 4.857934301638033e-22
522.8468176417642 4.857225648266504e-22
522.9457299929993 4.856517253030547e-22
523.0446423442345 4.855809115777383e-22
523.1435546954696 4.85510123635436e-22
523.2424670467047 4.85439361460895e-22
523.3413793979398 4.853686250388752e-22
523.440291749175 4.852979143541481e-22
523.5392041004101 4.852272293914981e-22
523.6381164516453 4.851565701357223e-22
523.7370288028803 4.850859365716292e-22
523.8359411541154 4.8501532868404e-22
523.9348535053506 4.84944746457789e-22
524.0337658565857 4.848741898777218e-22
524.1326782078208 4.848036589286965e-22
524.2315905590559 4.847331535955838e-22
524.3305029102911 4.846626738632663e-22
524.4294152615262 4.845922197166391e-22
524.5283276127614 4.845217911406096e-22
524.6272399639964 4.844513881200975e-22
524.7261523152316 4.843810106400339e-22
524.8250646664667 4.843106586853632e-22
524.9239770177018 4.842403322410412e-22
525.022889368937 4.841700312920363e-22
525.121801720172 4.840997558233289e-22
525.2207140714072 4.840295058199118e-22
525.3196264226423 4.839592812667898e-22
525.4185387738775 4.838890821489791e-22
525.5174511251125 4.838189084515093e-22
525.6163634763477 4.837487601594211e-22
525.7152758275828 4.836786372577681e-22
525.814188178818 4.836085397316151e-22
525.913100530053 4.835384675660399e-22
526.0120128812881 4.834684207461314e-22
526.1109252325233 4.833983992569909e-22
526.2098375837584 4.833284030837326e-22
526.3087499349936 4.832584322114812e-22
526.4076622862286 4.831884866253746e-22
526.5065746374638 4.831185663105619e-22
526.6054869886989 4.830486712522044e-22
526.7043993399341 4.829788014354761e-22
526.8033116911691 4.829089568455622e-22
526.9022240424043 4.828391374676593e-22
527.0011363936394 4.827693432869775e-22
527.1000487448746 4.826995742887375e-22
527.1989610961097 4.826298304581725e-22
527.2978734473447 4.825601117805272e-22
527.3967857985799 4.824904182410586e-22
527.495698149815 4.824207498250356e-22
527.5946105010502 4.823511065177383e-22
527.6935228522852 4.822814883044595e-22
527.7924352035204 4.822118951705033e-22
527.8913475547555 4.821423271011855e-22
527.9902599059907 4.820727840818344e-22
528.0891722572258 4.820032660977893e-22
528.1880846084609 4.81933773134402e-22
528.286996959696 4.818643051770357e-22
528.3859093109311 4.81794862211065e-22
528.4848216621663 4.817254442218769e-22
528.5837340134013 4.816560511948701e-22
528.6826463646365 4.815866831154545e-22
528.7815587158716 4.81517339969052e-22
528.8804710671068 4.814480217410965e-22
528.9793834183419 4.813787284170331e-22
529.078295769577 4.813094599823187e-22
529.1772081208121 4.812402164224224e-22
529.2761204720473 4.811709977228239e-22
529.3750328232824 4.811018038690157e-22
529.4739451745174 4.810326348465015e-22
529.5728575257526 4.809634906407961e-22
529.6717698769877 4.808943712374262e-22
529.7706822282229 4.808252766219305e-22
529.869594579458 4.807562067798593e-22
529.9685069306931 4.806871616967738e-22
530.0674192819282 4.806181413582472e-22
530.1663316331634 4.805491457498642e-22
530.2652439843985 4.80480174857221e-22
530.3641563356337 4.804112286659253e-22
530.4630686868687 4.803423071615969e-22
530.5619810381039 4.8027341032986625e-22
530.660893389339 4.802045381563752e-22
530.759805740574 4.801356906267781e-22
530.8587180918092 4.800668677267401e-22
530.9576304430443 4.799980694419374e-22
531.0565427942795 4.799292957580586e-22
531.1554551455146 4.798605466608033e-22
531.2543674967498 4.797918221358819e-22
531.3532798479848 4.797231221690179e-22
531.45219219922 4.796544467459439e-22
531.5511045504551 4.795857958524057e-22
531.6500169016903 4.795171694741599e-22
531.7489292529253 4.794485675969742e-22
531.8478416041604 4.793799902066282e-22
531.9467539553956 4.793114372889121e-22
532.0456663066307 4.792429088296283e-22
532.1445786578658 4.791744048145895e-22
532.2434910091009 4.791059252296209e-22
532.3424033603361 4.790374700605581e-22
532.4413157115712 4.789690392932482e-22
532.5402280628064 4.789006329135498e-22
532.6391404140414 4.788322509073327e-22
532.7380527652766 4.787638932604775e-22
532.8369651165117 4.786955599588766e-22
532.9358774677468 4.786272509884336e-22
533.034789818982 4.785589663350629e-22
533.133702170217 4.784907059846903e-22
533.2326145214522 4.784224699232533e-22
533.3315268726873 4.783542581366996e-22
533.4304392239225 4.782860706109891e-22
533.5293515751575 4.782179073320919e-22
533.6282639263927 4.781497682859897e-22
533.7271762776278 4.78081653458676e-22
533.826088628863 4.78013562836154e-22
533.925000980098 4.779454964044394e-22
534.0239133313331 4.77877454149558e-22
534.1228256825683 4.778094360575474e-22
534.2217380338034 4.777414421144561e-22
534.3206503850386 4.776734723063431e-22
534.4195627362736 4.776055266192792e-22
534.5184750875088 4.775376050393458e-22
534.6173874387439 4.774697075526358e-22
534.7162997899791 4.774018341452526e-22
534.8152121412141 4.773339848033111e-22
534.9141244924493 4.772661595129368e-22
535.0130368436844 4.771983582602663e-22
535.1119491949196 4.771305810314473e-22
535.2108615461547 4.770628278126385e-22
535.3097738973897 4.769950985900096e-22
535.4086862486249 4.769273933497408e-22
535.50759859986 4.768597120780238e-22
535.6065109510952 4.767920547610607e-22
535.7054233023302 4.767244213850654e-22
535.8043356535654 4.766568119362615e-22
535.9032480048005 4.765892264008846e-22
536.0021603560357 4.765216647651806e-22
536.1010727072708 4.764541270154064e-22
536.199985058506 4.763866131378295e-22
536.298897409741 4.763191231187285e-22
536.3978097609761 4.762516569443934e-22
536.4967221122113 4.761842146011238e-22
536.5956344634463 4.761167960752315e-22
536.6945468146815 4.760494013530376e-22
536.7934591659166 4.759820304208757e-22
536.8923715171518 4.759146832650883e-22
536.9912838683869 4.758473598720308e-22
537.090196219622 4.757800602280673e-22
537.1891085708571 4.757127843195742e-22
537.2880209220923 4.756455321329377e-22
537.3869332733274 4.755783036545552e-22
537.4858456245624 4.755110988708348e-22
537.5847579757976 4.75443917768195e-22
537.6836703270327 4.753767603330656e-22
537.7825826782679 4.753096265518865e-22
537.881495029503 4.752425164111082e-22
537.9804073807381 4.751754298971926e-22
538.0793197319732 4.7510836699661165e-22
538.1782320832084 4.750413276958483e-22
538.2771444344435 4.74974311981396e-22
538.3760567856787 4.749073198397582e-22
538.4749691369137 4.748403512574505e-22
538.5738814881489 4.747734062209971e-22
538.672793839384 4.74706484716935e-22
538.771706190619 4.7463958673181015e-22
538.8706185418542 4.745727122521794e-22
538.9695308930893 4.745058612646107e-22
539.0684432443245 4.744390337556817e-22
539.1673555955596 4.743722297119818e-22
539.2662679467948 4.743054491201097e-22
539.3651802980298 4.742386919666755e-22
539.464092649265 4.74171958238299e-22
539.5630050005001 4.741052479216118e-22
539.6619173517353 4.7403856100325455e-22
539.7608297029703 4.739718974698788e-22
539.8597420542054 4.739052573081477e-22
539.9586544054406 4.738386405047326e-22
540.0575667566757 4.737720470463181e-22
540.1564791079109 4.737054769195967e-22
540.2553914591459 4.736389301112729e-22
540.3543038103811 4.735724066080612e-22
540.4532161616162 4.735059063966861e-22
540.5521285128514 4.73439429463883e-22
540.6510408640864 4.733729757963976e-22
540.7499532153216 4.73306545380986e-22
540.8488655665567 4.732401382044144e-22
540.9477779177918 4.731737542534593e-22
541.046690269027 4.731073935149081e-22
541.145602620262 4.730410559755585e-22
541.2445149714972 4.729747416222178e-22
541.3434273227323 4.7290845044170425e-22
541.4423396739675 4.728421824208463e-22
541.5412520252025 4.727759375464822e-22
541.6401643764377 4.727097158054614e-22
541.7390767276728 4.726435171846432e-22
541.837989078908 4.725773416708966e-22
541.936901430143 4.725111892511018e-22
542.0358137813781 4.724450599121486e-22
542.1347261326133 4.723789536409375e-22
542.2336384838484 4.723128704243786e-22
542.3325508350836 4.722468102493928e-22
542.4314631863186 4.721807731029112e-22
542.5303755375538 4.721147589718744e-22
542.6292878887889 4.720487678432341e-22
542.7282002400241 4.719827997039514e-22
542.8271125912592 4.719168545409985e-22
542.9260249424943 4.718509323413566e-22
543.0249372937294 4.717850330920178e-22
543.1238496449646 4.717191567799843e-22
543.2227619961997 4.716533033922686e-22
543.3216743474347 4.71587472915892e-22
543.4205866986699 4.715216653378877e-22
543.519499049905 4.714558806452983e-22
543.6184114011402 4.713901188251759e-22
543.7173237523753 4.713243798645834e-22
543.8162361036104 4.712586637505936e-22
543.9151484548455 4.711929704702892e-22
544.0140608060807 4.711273000107631e-22
544.1129731573158 4.710616523591181e-22
544.211885508551 4.709960275024672e-22
544.310797859786 4.709304254279335e-22
544.4097102110211 4.708648461226495e-22
544.5086225622563 4.707992895737582e-22
544.6075349134913 4.707337557684132e-22
544.7064472647265 4.706682446937765e-22
544.8053596159616 4.706027563370214e-22
544.9042719671968 4.705372906853309e-22
545.0031843184319 4.704718477258973e-22
545.102096669667 4.704064274459237e-22
545.2010090209021 4.703410298326227e-22
545.2999213721373 4.702756548732164e-22
545.3988337233724 4.702103025549379e-22
545.4977460746074 4.701449728650293e-22
545.5966584258426 4.700796657907427e-22
545.6955707770777 4.700143813193405e-22
545.7944831283129 4.699491194380947e-22
545.893395479548 4.698838801342872e-22
545.9923078307831 4.698186633952094e-22
546.0912201820182 4.697534692081634e-22
546.1901325332534 4.696882975604601e-22
546.2890448844885 4.696231484394208e-22
546.3879572357237 4.695580218323771e-22
546.4868695869587 4.694929177266693e-22
546.5857819381939 4.69427836109648e-22
546.684694289429 4.693627769686739e-22
546.7836066406641 4.6929774029111735e-22
546.8825189918992 4.692327260643575e-22
546.9814313431343 4.691677342757849e-22
547.0803436943695 4.69102764912799e-22
547.1792560456046 4.690378179628086e-22
547.2781683968398 4.689728934132328e-22
547.3770807480748 4.689079912515003e-22
547.47599309931 4.688431114650493e-22
547.5749054505451 4.68778254041328e-22
547.6738178017803 4.687134189677942e-22
547.7727301530153 4.686486062319148e-22
547.8716425042504 4.68583815821168e-22
547.9705548554856 4.685190477230396e-22
548.0694672067207 4.684543019250263e-22
548.1683795579559 4.683895784146341e-22
548.2672919091909 4.683248771793788e-22
548.3662042604261 4.682601982067858e-22
548.4651166116612 4.681955414843899e-22
548.5640289628964 4.681309069997358e-22
548.6629413141314 4.680662947403772e-22
548.7618536653666 4.680017046938781e-22
548.8607660166017 4.679371368478119e-22
548.9596783678368 4.678725911897612e-22
549.058590719072 4.678080677073187e-22
549.157503070307 4.677435663880861e-22
549.2564154215422 4.676790872196753e-22
549.3553277727773 4.676146301897067e-22
549.4542401240125 4.675501952858116e-22
549.5531524752475 4.674857824956294e-22
549.6520648264827 4.674213918068102e-22
549.7509771777178 4.67357023207013e-22
549.849889528953 4.672926766839058e-22
549.9488018801881 4.672283522251674e-22
550.0477142314231 4.671640498184847e-22
550.1466265826583 4.670997694515551e-22
550.2455389338934 4.670355111120847e-22
550.3444512851286 4.669712747877893e-22
550.4433636363636 4.669070604663945e-22
550.5422759875988 4.668428681356347e-22
550.6411883388339 4.66778697783254e-22
550.7401006900691 4.66714549397006e-22
550.8390130413042 4.666504229646538e-22
550.9379253925393 4.665863184739692e-22
551.0368377437744 4.665222359127345e-22
551.1357500950096 4.664581752687399e-22
551.2346624462447 4.663941365297863e-22
551.3335747974797 4.663301196836835e-22
551.4324871487149 4.662661247182502e-22
551.53139949995 4.662021516213154e-22
551.6303118511852 4.661382003807161e-22
551.7292242024203 4.660742709842995e-22
551.8281365536554 4.660103634199223e-22
551.9270489048905 4.6594647767544985e-22
552.0259612561257 4.65882613738757e-22
552.1248736073608 4.658187715977281e-22
552.223785958596 4.657549512402564e-22
552.322698309831 4.656911526542447e-22
552.4216106610661 4.656273758276054e-22
552.5205230123013 4.655636207482587e-22
552.6194353635364 4.654998874041357e-22
552.7183477147715 4.654361757831759e-22
552.8172600660066 4.653724858733285e-22
552.9161724172418 4.65308817662551e-22
553.0150847684769 4.652451711388108e-22
553.113997119712 4.651815462900847e-22
553.2129094709471 4.6511794310435795e-22
553.3118218221823 4.650543615696255e-22
553.4107341734174 4.649908016738911e-22
553.5096465246525 4.649272634051683e-22
553.6085588758876 4.648637467514789e-22
553.7074712271227 4.648002517008545e-22
553.8063835783579 4.647367782413354e-22
553.905295929593 4.646733263609715e-22
554.0042082808282 4.646098960478212e-22
554.1031206320632 4.645464872899526e-22
554.2020329832984 4.644831000754427e-22
554.3009453345335 4.64419734392377e-22
554.3998576857687 4.64356390228851e-22
554.4987700370037 4.642930675729687e-22
554.5976823882389 4.642297664128432e-22
554.696594739474 4.6416648673659695e-22
554.7955070907091 4.641032285323611e-22
554.8944194419443 4.640399917882756e-22
554.9933317931793 4.639767764924905e-22
555.0922441444145 4.639135826331634e-22
555.1911564956496 4.638504101984618e-22
555.2900688468848 4.637872591765626e-22
555.3889811981198 4.637241295556506e-22
555.487893549355 4.636610213239199e-22
555.5868059005901 4.635979344695742e-22
555.6857182518253 4.635348689808254e-22
555.7846306030604 4.634718248458949e-22
555.8835429542954 4.634088020530126e-22
555.9824553055306 4.633458005904176e-22
556.0813676567657 4.632828204463579e-22
556.1802800080009 4.632198616090901e-22
556.2791923592359 4.631569240668806e-22
556.3781047104711 4.630940078080036e-22
556.4770170617062 4.630311128207429e-22
556.5759294129414 4.629682390933907e-22
556.6748417641764 4.629053866142487e-22
556.7737541154116 4.628425553716268e-22
556.8726664666467 4.627797453538441e-22
556.9715788178818 4.627169565492287e-22
557.070491169117 4.626541889461171e-22
557.169403520352 4.625914425328549e-22
557.2683158715872 4.625287172977969e-22
557.3672282228223 4.624660132293057e-22
557.4661405740575 4.624033303157536e-22
557.5650529252925 4.623406685455216e-22
557.6639652765277 4.622780279069989e-22
557.7628776277628 4.622154083885844e-22
557.861789978998 4.621528099786848e-22
557.9607023302331 4.620902326657163e-22
558.0596146814681 4.620276764381036e-22
558.1585270327033 4.619651412842797e-22
558.2574393839384 4.6190262719268745e-22
558.3563517351736 4.61840134151777e-22
558.4552640864086 4.617776621500086e-22
558.5541764376438 4.6171521117585035e-22
558.6530887888789 4.616527812177791e-22
558.7520011401141 4.61590372264281e-22
558.8509134913492 4.615279843038501e-22
558.9498258425843 4.614656173249896e-22
559.0487381938194 4.6140327131621135e-22
559.1476505450546 4.613409462660357e-22
559.2465628962897 4.612786421629919e-22
559.3454752475247 4.612163589956179e-22
559.4443875987599 4.611540967524595e-22
559.543299949995 4.610918554220719e-22
559.6422123012302 4.610296349930191e-22
559.7411246524653 4.609674354538731e-22
559.8400370037004 4.609052567932146e-22
559.9389493549355 4.608430989996334e-22
560.0378617061707 4.607809620617276e-22
560.1367740574058 4.607188459681032e-22
560.235686408641 4.606567507073761e-22
560.334598759876 4.605946762681698e-22
560.4335111111111 4.605326226391167e-22
560.5324234623463 4.604705898088575e-22
560.6313358135814 4.604085777660419e-22
560.7302481648165 4.603465864993277e-22
560.8291605160516 4.602846159973815e-22
560.9280728672868 4.60222666248878e-22
561.0269852185219 4.601607372425008e-22
561.1258975697571 4.600988289669423e-22
561.2248099209921 4.600369414109028e-22
561.3237222722273 4.599750745630908e-22
561.4226346234624 4.599132284122243e-22
561.5215469746975 4.598514029470292e-22
561.6204593259326 4.597895981562399e-22
561.7193716771677 4.597278140285991e-22
561.8182840284029 4.59666050552858e-22
561.917196379638 4.596043077177765e-22
562.0161087308732 4.595425855121227e-22
562.1150210821082 4.594808839246733e-22
562.2139334333434 4.59419202944213e-22
562.3128457845785 4.593575425595357e-22
562.4117581358137 4.592959027594427e-22
562.5106704870487 4.592342835327443e-22
562.6095828382839 4.5917268486825915e-22
562.708495189519 4.591111067548142e-22
562.8074075407541 4.590495491812449e-22
562.9063198919893 4.589880121363942e-22
563.0052322432243 4.589264956091151e-22
563.1041445944595 4.58864999588267e-22
563.2030569456946 4.588035240627193e-22
563.3019692969298 4.587420690213486e-22
563.4008816481648 4.586806344530405e-22
563.4997939994 4.586192203466884e-22
563.5987063506351 4.585578266911946e-22
563.6976187018703 4.5849645347546875e-22
563.7965310531054 4.584351006884296e-22
563.8954434043404 4.583737683190046e-22
563.9943557555756 4.583124563561277e-22
564.0932681068107 4.58251164788743e-22
564.1921804580459 4.581898936058018e-22
564.2910928092809 4.58128642796264e-22
564.3900051605161 4.580674123490975e-22
564.4889175117512 4.580062022532789e-22
564.5878298629864 4.579450124977923e-22
564.6867422142215 4.578838430716312e-22
564.7856545654566 4.578226939637957e-22
564.8845669166917 4.5776156516329545e-22
564.9834792679268 4.577004566591479e-22
565.082391619162 4.576393684403778e-22
565.181303970397 4.575783004960198e-22
565.2802163216322 4.575172528151152e-22
565.3791286728673 4.574562253867145e-22
565.4780410241025 4.573952181998751e-22
565.5769533753376 4.573342312436642e-22
565.6758657265727 4.572732645071558e-22
565.7747780778078 4.572123179794327e-22
565.873690429043 4.571513916495853e-22
565.9726027802781 4.570904855067132e-22
566.0715151315131 4.570295995399225e-22
566.1704274827483 4.569687337383287e-22
566.2693398339834 4.56907888091055e-22
566.3682521852186 4.568470625872323e-22
566.4671645364537 4.567862572160003e-22
566.5660768876888 4.567254719665062e-22
566.6649892389239 4.566647068279055e-22
566.7639015901591 4.566039617893617e-22
566.8628139413942 4.565432368400463e-22
566.9617262926294 4.564825319691389e-22
567.0606386438644 4.564218471658271e-22
567.1595509950996 4.563611824193067e-22
567.2584633463347 4.563005377187812e-22
567.3573756975698 4.562399130534624e-22
567.4562880488049 4.5617930841257e-22
567.55520040004 4.5611872378533135e-22
567.6541127512752 4.560581591609827e-22
567.7530251025103 4.55997614528767e-22
567.8519374537454 4.559370898779364e-22
567.9508498049805 4.558765851977504e-22
568.0497621562157 4.558161004774766e-22
568.1486745074508 4.557556357063899e-22
568.247586858686 4.556951908737743e-22
568.346499209921 4.5563476596892115e-22
568.4454115611561 4.555743609811296e-22
568.5443239123913 4.55513975899707e-22
568.6432362636264 4.554536107139684e-22
568.7421486148615 4.553932654132367e-22
568.8410609660966 4.553329399868429e-22
568.9399733173318 4.552726344241258e-22
569.0388856685669 4.552123487144323e-22
569.1377980198021 4.5515208284711695e-22
569.2367103710371 4.55091836811542e-22
569.3356227222723 4.550316105970778e-22
569.4345350735074 4.549714041931028e-22
569.5334474247425 4.549112175890027e-22
569.6323597759776 4.548510507741713e-22
569.7312721272127 4.547909037380107e-22
569.8301844784479 4.547307764699299e-22
569.929096829683 4.546706689593467e-22
570.0280091809182 4.546105811956859e-22
570.1269215321532 4.5455051316838065e-22
570.2258338833884 4.544904648668715e-22
570.3247462346235 4.544304362806072e-22
570.4236585858587 4.543704273990437e-22
570.5225709370937 4.543104382116456e-22
570.6214832883289 4.542504687078842e-22
570.720395639564 4.541905188772394e-22
570.8193079907991 4.541305887091986e-22
570.9182203420343 4.540706781932567e-22
571.0171326932693 4.540107873189169e-22
571.1160450445045 4.539509160756892e-22
571.2149573957396 4.538910644530925e-22
571.3138697469748 4.538312324406523e-22
571.4127820982098 4.537714200279028e-22
571.511694449445 4.537116272043848e-22
571.6106068006801 4.536518539596482e-22
571.7095191519153 4.535921002832492e-22
571.8084315031504 4.535323661647525e-22
571.9073438543854 4.534726515937301e-22
572.0062562056206 4.5341295655976195e-22
572.1051685568557 4.533532810524357e-22
572.2040809080909 4.532936250613461e-22
572.302993259326 4.532339885760963e-22
572.4019056105611 4.531743715862964e-22
572.5008179617962 4.5311477408156465e-22
572.5997303130314 4.530551960515268e-22
572.6986426642665 4.529956374858158e-22
572.7975550155016 4.529360983740727e-22
572.8964673667367 4.528765787059461e-22
572.9953797179718 4.52817078471092e-22
573.094292069207 4.5275759765917415e-22
573.193204420442 4.526981362598638e-22
573.2921167716772 4.5263869426283935e-22
573.3910291229123 4.52579271657788e-22
573.4899414741475 4.5251986843440295e-22
573.5888538253826 4.524604845823864e-22
573.6877661766177 4.52401120091447e-22
573.7866785278528 4.523417749513012e-22
573.885590879088 4.522824491516734e-22
573.9845032303231 4.522231426822954e-22
574.0834155815581 4.521638555329057e-22
574.1823279327933 4.521045876932519e-22
574.2812402840284 4.520453391530876e-22
574.3801526352636 4.519861099021745e-22
574.4790649864987 4.519268999302818e-22
574.5779773377338 4.518677092271864e-22
574.6768896889689 4.518085377826724e-22
574.7758020402041 4.517493855865311e-22
574.8747143914392 4.516902526285615e-22
574.9736267426744 4.516311388985708e-22
575.0725390939094 4.515720443863722e-22
575.1714514451446 4.515129690817876e-22
575.2703637963797 4.514539129746456e-22
575.3692761476148 4.513948760547826e-22
575.4681884988499 4.513358583120423e-22
575.567100850085 4.512768597362757e-22
575.6660132013202 4.512178803173414e-22
575.7649255525553 4.511589200451053e-22
575.8638379037905 4.510999789094405e-22
575.9627502550255 4.510410569002279e-22
576.0616626062607 4.5098215400735575e-22
576.1605749574958 4.509232702207194e-22
576.259487308731 4.508644055302213e-22
576.358399659966 4.50805559925772e-22
576.4573120112011 4.507467333972893e-22
576.5562243624363 4.506879259346974e-22
576.6551367136714 4.506291375279288e-22
576.7540490649066 4.505703681669231e-22
576.8529614161416 4.505116178416272e-22
576.9518737673768 4.504528865419952e-22
577.0507861186119 4.503941742579888e-22
577.1496984698471 4.503354809795766e-22
577.2486108210821 4.502768066967349e-22
577.3475231723173 4.502181513994467e-22
577.4464355235524 4.501595150777031e-22
577.5453478747875 4.50100897721502e-22
577.6442602260227 4.500422993208483e-22
577.7431725772577 4.4998371986575515e-22
577.8420849284929 4.499251593462415e-22
577.940997279728 4.498666177523354e-22
578.0399096309632 4.498080950740701e-22
578.1388219821982 4.497495913014873e-22
578.2377343334334 4.496911064246365e-22
578.3366466846685 4.496326404335728e-22
578.4355590359037 4.495741933183596e-22
578.5344713871388 4.495157650690675e-22
578.6333837383739 4.49457355675774e-22
578.732296089609 4.493989651285637e-22
578.8312084408441 4.4934059341752875e-22
578.9301207920793 4.492822405327681e-22
579.0290331433143 4.492239064643888e-22
579.1279454945495 4.491655912025035e-22
579.2268578457846 4.491072947372331e-22
579.3257701970198 4.49049017058706e-22
579.4246825482549 4.489907581570565e-22
579.52359489949 4.489325180224271e-22
579.6225072507251 4.488742966449672e-22
579.7214196019603 4.488160940148327e-22
579.8203319531954 4.487579101221876e-22
579.9192443044304 4.486997449572028e-22
580.0181566556656 4.486415985100555e-22
580.1170690069007 4.485834707709307e-22
580.2159813581359 4.4852536173002055e-22
580.314893709371 4.484672713775243e-22
580.4138060606061 4.484091997036476e-22
580.5127184118412 4.48351146698604e-22
580.6116307630764 4.482931123526141e-22
580.7105431143115 4.48235096655905e-22
580.8094554655466 4.48177099598711e-22
580.9083678167817 4.481191211712736e-22
581.0072801680168 4.480611613638418e-22
581.106192519252 4.480032201666708e-22
581.205104870487 4.479452975700236e-22
581.3040172217222 4.478873935641691e-22
581.4029295729573 4.478295081393851e-22
581.5018419241925 4.477716412859542e-22
581.6007542754276 4.477137929941681e-22
581.6996666266627 4.47655963254324e-22
581.7985789778978 4.475981520567264e-22
581.897491329133 4.475403593916874e-22
581.9964036803681 4.4748258524952575e-22
582.0953160316031 4.474248296205667e-22
582.1942283828383 4.473670924951431e-22
582.2931407340734 4.473093738635946e-22
582.3920530853086 4.472516737162676e-22
582.4909654365437 4.471939920435162e-22
582.5898777877788 4.471363288357002e-22
582.6887901390139 4.470786840831874e-22
582.7877024902491 4.470210577763516e-22
582.8866148414842 4.469634499055745e-22
582.9855271927194 4.4690586046124455e-22
583.0844395439544 4.468482894337562e-22
583.1833518951896 4.46790736813512e-22
583.2822642464247 4.467332025909206e-22
583.3811765976598 4.46675686756398e-22
583.480088948895 4.466181893003666e-22
583.57900130013 4.465607102132561e-22
583.6779136513652 4.465032494855031e-22
583.7768260026003 4.464458071075509e-22
583.8757383538355 4.4638838306984935e-22
583.9746507050705 4.463309773628561e-22
584.0735630563057 4.462735899770347e-22
584.1724754075408 4.46216220902856e-22
584.271387758776 4.461588701307973e-22
584.370300110011 4.461015376513433e-22
584.4692124612461 4.460442234549855e-22
584.5681248124813 4.459869275322214e-22
584.6670371637164 4.459296498735564e-22
584.7659495149516 4.458723904695018e-22
584.8648618661866 4.458151493105764e-22
584.9637742174218 4.457579263873053e-22
585.0626865686569 4.457007216902207e-22
585.1615989198921 4.456435352098616e-22
585.2605112711271 4.455863669367733e-22
585.3594236223623 4.455292168615084e-22
585.4583359735974 4.454720849746262e-22
585.5572483248325 4.454149712666927e-22
585.6561606760677 4.4535787572828e-22
585.7550730273027 4.453007983499684e-22
585.8539853785379 4.452437391223435e-22
585.952897729773 4.451866980359984e-22
586.0518100810082 4.451296750815328e-22
586.1507224322432 4.450726702495531e-22
586.2496347834784 4.4501568353067235e-22
586.3485471347135 4.449587149155102e-22
586.4474594859487 4.449017643946934e-22
586.5463718371838 4.448448319588551e-22
586.6452841884189 4.447879175986348e-22
586.744196539654 4.447310213046798e-22
586.8431088908891 4.44674143067643e-22
586.9420212421243 4.446172828781842e-22
587.0409335933593 4.445604407269701e-22
587.1398459445945 4.445036166046739e-22
587.2387582958296 4.44446810501976e-22
587.3376706470648 4.443900224095623e-22
587.4365829982999 4.443332523181267e-22
587.535495349535 4.442765002183683e-22
587.6344077007701 4.442197661009944e-22
587.7333200520053 4.441630499567174e-22
587.8322324032404 4.4410635177625745e-22
587.9311447544754 4.440496715503408e-22
588.0300571057106 4.4399300926970045e-22
588.1289694569457 4.439363649250759e-22
588.2278818081809 4.438797385072134e-22
588.326794159416 4.438231300068658e-22
588.4257065106511 4.437665394147919e-22
588.5246188618862 4.437099667217583e-22
588.6235312131214 4.436534119185369e-22
588.7224435643565 4.435968749959072e-22
588.8213559155917 4.435403559446547e-22
588.9202682668267 4.434838547555715e-22
589.0191806180618 4.434273714194563e-22
589.118092969297 4.433709059271146e-22
589.217005320532 4.433144582693578e-22
589.3159176717672 4.432580284370044e-22
589.4148300230023 4.432016164208793e-22
589.5137423742375 4.431452222118139e-22
589.6126547254726 4.430888458006461e-22
589.7115670767078 4.430324871782202e-22
589.8104794279428 4.429761463353871e-22
589.909391779178 4.429198232630045e-22
590.0083041304131 4.428635179519356e-22
590.1072164816482 4.428072303930516e-22
590.2061288328833 4.427509605772288e-22
590.3050411841184 4.426947084953507e-22
590.4039535353536 4.426384741383069e-22
590.5028658865887 4.425822574969941e-22
590.6017782378239 4.425260585623143e-22
590.7006905890589 4.424698773251774e-22
590.7996029402941 4.424137137764986e-22
590.8985152915292 4.423575679072001e-22
590.9974276427644 4.423014397082102e-22
591.0963399939994 4.422453291704636e-22
591.1952523452346 4.421892362849022e-22
591.2941646964697 4.421331610424734e-22
591.3930770477048 4.420771034341314e-22
591.49198939894 4.420210634508365e-22
591.590901750175 4.419650410835561e-22
591.6898141014102 4.419090363232631e-22
591.7887264526453 4.418530491609375e-22
591.8876388038805 4.417970795875652e-22
591.9865511551155 4.41741127594139e-22
592.0854635063507 4.4168519317165725e-22
592.1843758575858 4.416292763111256e-22
592.283288208821 4.415733770035553e-22
592.382200560056 4.415174952399645e-22
592.4811129112911 4.414616310113776e-22
592.5800252625263 4.414057843088247e-22
592.6789376137614 4.413499551233432e-22
592.7778499649966 4.412941434459759e-22
592.8767623162316 4.412383492677729e-22
592.9756746674668 4.4118257257978995e-22
593.0745870187019 4.411268133730892e-22
593.1734993699371 4.410710716387392e-22
593.2724117211721 4.410153473678149e-22
593.3713240724073 4.40959640551397e-22
593.4702364236424 4.409039511805738e-22
593.5691487748775 4.40848279246438e-22
593.6680611261127 4.407926247400899e-22
593.7669734773477 4.407369876526364e-22
593.8658858285829 4.40681367975189e-22
593.964798179818 4.406257656988674e-22
594.0637105310532 4.405701808147958e-22
594.1626228822882 4.405146133141061e-22
594.2615352335234 4.404590631879355e-22
594.3604475847585 4.404035304274279e-22
594.4593599359937 4.403480150237335e-22
594.5582722872288 4.402925169680082e-22
594.657184638464 4.402370362514148e-22
594.756096989699 4.401815728651217e-22
594.8550093409341 4.401261268003038e-22
594.9539216921693 4.400706980481424e-22
595.0528340434043 4.400152865998246e-22
595.1517463946395 4.399598924465439e-22
595.2506587458746 4.399045155795001e-22
595.3495710971098 4.39849155989899e-22
595.4484834483449 4.397938136689527e-22
595.54739579958 4.397384886078793e-22
595.6463081508151 4.3968318079790335e-22
595.7452205020503 4.396278902302549e-22
595.8441328532854 4.395726168961715e-22
595.9430452045204 4.395173607868953e-22
596.0419575557556 4.394621218936758e-22
596.1408699069907 4.394069002077675e-22
596.2397822582259 4.393516957204324e-22
596.338694609461 4.392965084229373e-22
596.4376069606961 4.392413383065561e-22
596.5365193119312 4.391861853625683e-22
596.6354316631664 4.391310495822596e-22
596.7343440144015 4.390759309569224e-22
596.8332563656367 4.390208294778537e-22
596.9321687168717 4.389657451363582e-22
597.0310810681068 4.389106779237463e-22
597.129993419342 4.388556278313335e-22
597.2289057705771 4.388005948504428e-22
597.3278181218122 4.3874557897240195e-22
597.4267304730473 4.3869058018854625e-22
597.5256428242825 4.386355984902154e-22
597.6245551755176 4.385806338687564e-22
597.7234675267528 4.38525686315522e-22
597.8223798779878 4.384707558218709e-22
597.921292229223 4.384158423791674e-22
598.0202045804581 4.383609459787826e-22
598.1191169316932 4.383060666120932e-22
598.2180292829283 4.382512042704823e-22
598.3169416341634 4.381963589453386e-22
598.4158539853986 4.381415306280566e-22
598.5147663366337 4.380867193100379e-22
598.6136786878689 4.380319249826888e-22
598.7125910391039 4.379771476374223e-22
598.8115033903391 4.379223872656575e-22
598.9104157415742 4.378676438588189e-22
599.0093280928094 4.378129174083379e-22
599.1082404440444 4.377582079056509e-22
599.2071527952796 4.377035153422006e-22
599.3060651465147 4.3764883970943655e-22
599.4049774977498 4.375941809988125e-22
599.503889848985 4.3753953920178985e-22
599.60280220022 4.37484914309835e-22
599.7017145514552 4.374303063144206e-22
599.8006269026903 4.373757152070251e-22
599.8995392539255 4.373211409791328e-22
599.9984516051605 4.372665836222348e-22
600.0973639563957 4.372120431278266e-22
600.1962763076308 4.371575194874109e-22
600.295188658866 4.371030126924959e-22
600.394101010101 4.370485227345957e-22
600.4930133613361 4.369940496052299e-22
600.5919257125713 4.36939593295925e-22
600.6908380638064 4.368851537982123e-22
600.7897504150416 4.368307311036295e-22
600.8886627662766 4.367763252037205e-22
600.9875751175118 4.367219360900345e-22
601.0864874687469 4.3666756375412675e-22
601.1853998199821 4.366132081875585e-22
601.2843121712172 4.3655886938189685e-22
601.3832245224523 4.365045473287148e-22
601.4821368736874 4.36450242019591e-22
601.5810492249225 4.363959534461102e-22
601.6799615761577 4.363416815998625e-22
601.7788739273927 4.362874264724445e-22
601.8777862786279 4.362331880554582e-22
601.976698629863 4.361789663405115e-22
602.0756109810982 4.361247613192184e-22
602.1745233323333 4.360705729831982e-22
602.2734356835684 4.360164013240764e-22
602.3723480348035 4.359622463334844e-22
602.4712603860387 4.359081080030592e-22
602.5701727372738 4.358539863244433e-22
602.669085088509 4.357998812892856e-22
602.767997439744 4.357457928892403e-22
602.8669097909791 4.356917211159677e-22
602.9658221422143 4.356376659611338e-22
603.0647344934494 4.355836274164102e-22
603.1636468446845 4.355296054734743e-22
603.2625591959196 4.354756001240097e-22
603.3614715471548 4.354216113597048e-22
603.4603838983899 4.353676391722551e-22
603.559296249625 4.353136835533607e-22
603.6582086008601 4.352597444947279e-22
603.7571209520953 4.352058219880687e-22
603.8560333033304 4.351519160251009e-22
603.9549456545654 4.350980265975475e-22
604.0538580058006 4.350441536971383e-22
604.1527703570357 4.349902973156078e-22
604.2516827082709 4.349364574446967e-22
604.350595059506 4.3488263407615145e-22
604.4495074107411 4.348288272017237e-22
604.5484197619762 4.347750368131712e-22
604.6473321132114 4.347212629022578e-22
604.7462444644465 4.34667505460752e-22
604.8451568156817 4.346137644804289e-22
604.9440691669167 4.345600399530692e-22
605.0429815181518 4.345063318704583e-22
605.141893869387 4.344526402243882e-22
605.2408062206221 4.343989650066566e-22
605.3397185718572 4.343453062090666e-22
605.4386309230923 4.342916638234267e-22
605.5375432743275 4.3423803784155125e-22
605.6364556255626 4.341844282552604e-22
605.7353679767978 4.3413083505638e-22
605.8342803280328 4.34077258236741e-22
605.933192679268 4.340236977881805e-22
606.0321050305031 4.339701537025414e-22
606.1310173817382 4.339166259716712e-22
606.2299297329733 4.338631145874242e-22
606.3288420842084 4.338096195416594e-22
606.4277544354436 4.33756140826242e-22
606.5266667866787 4.337026784330427e-22
606.6255791379139 4.336492323539375e-22
606.7244914891489 4.335958025808082e-22
606.8234038403841 4.335423891055421e-22
606.9223161916192 4.334889919200324e-22
607.0212285428544 4.334356110161773e-22
607.1201408940894 4.3338224638588085e-22
607.2190532453246 4.333288980210529e-22
607.3179655965597 4.332755659136086e-22
607.4168779477948 4.3322225005546865e-22
607.51579029903 4.331689504385594e-22
607.614702650265 4.331156670548128e-22
607.7136150015002 4.330623998961656e-22
607.8125273527353 4.330091489545616e-22
607.9114397039705 4.329559142219486e-22
608.0103520552055 4.32902695690281e-22
608.1092644064407 4.328494933515179e-22
608.2081767576758 4.327963071976249e-22
608.307089108911 4.327431372205716e-22
608.4060014601461 4.326899834123348e-22
608.5049138113811 4.326368457648959e-22
608.6038261626163 4.325837242702418e-22
608.7027385138514 4.325306189203647e-22
608.8016508650866 4.324775297072634e-22
608.9005632163216 4.324244566229406e-22
608.9994755675568 4.3237139965940555e-22
609.0983879187919 4.323183588086725e-22
609.1973002700271 4.322653340627617e-22
609.2962126212622 4.322123254136987e-22
609.3951249724973 4.321593328535137e-22
609.4940373237324 4.321063563742433e-22
609.5929496749675 4.320533959679291e-22
609.6918620262027 4.320004516266181e-22
609.7907743774377 4.319475233423633e-22
609.8896867286729 4.318946111072227e-22
609.988599079908 4.3184171491325945e-22
610.0875114311432 4.317888347525427e-22
610.1864237823783 4.31735970617147e-22
610.2853361336134 4.316831224991515e-22
610.3842484848485 4.316302903906418e-22
610.4831608360837 4.315774742837082e-22
610.5820731873188 4.315246741704466e-22
610.680985538554 4.314718900429586e-22
610.779897889789 4.31419121893351e-22
610.8788102410241 4.313663697137357e-22
610.9777225922593 4.313136334962301e-22
611.0766349434944 4.312609132329574e-22
611.1755472947295 4.312082089160455e-22
611.2744596459646 4.3115552053762845e-22
611.3733719971998 4.311028480898452e-22
611.4722843484349 4.310501915648396e-22
611.57119669967 4.309975509547618e-22
611.6701090509051 4.309449262517669e-22
611.7690214021403 4.308923174480152e-22
611.8679337533754 4.308397245356725e-22
611.9668461046105 4.307871475069098e-22
612.0657584558456 4.307345863539034e-22
612.1646708070807 4.306820410688353e-22
612.2635831583159 4.306295116438924e-22
612.362495509551 4.305769980712672e-22
612.4614078607862 4.3052450034315745e-22
612.5603202120212 4.304720184517662e-22
612.6592325632564 4.3041955238930125e-22
612.7581449144915 4.303671021479767e-22
612.8570572657267 4.303146677200115e-22
612.9559696169617 4.302622490976297e-22
613.0548819681968 4.302098462730606e-22
613.153794319432 4.301574592385395e-22
613.2527066706671 4.30105087986306e-22
613.3516190219023 4.300527325086053e-22
613.4505313731373 4.3000039279768855e-22
613.5494437243725 4.299480688458109e-22
613.6483560756076 4.298957606452341e-22
613.7472684268428 4.29843468188224e-22
613.8461807780778 4.297911914670526e-22
613.945093129313 4.2973893047399665e-22
614.0440054805481 4.296866852013379e-22
614.1429178317832 4.296344556413647e-22
614.2418301830184 4.295822417863684e-22
614.3407425342534 4.295300436286473e-22
614.4396548854886 4.294778611605047e-22
614.5385672367237 4.294256943742485e-22
614.6374795879589 4.293735432621921e-22
614.7363919391939 4.293214078166544e-22
614.8353042904291 4.2926928802995915e-22
614.9342166416642 4.292171838944354e-22
615.0331289928994 4.291650954024174e-22
615.1320413441344 4.291130225462445e-22
615.2309536953696 4.290609653182615e-22
615.3298660466047 4.290089237108185e-22
615.4287783978398 4.289568977162699e-22
615.527690749075 4.289048873269763e-22
615.62660310031 4.288528925353029e-22
615.7255154515452 4.288009133336204e-22
615.8244278027803 4.287489497143041e-22
615.9233401540155 4.286970016697348e-22
616.0222525052505 4.286450691922991e-22
616.1211648564857 4.285931522743876e-22
616.2200772077208 4.285412509083967e-22
616.318989558956 4.284893650867279e-22
616.4179019101911 4.284374948017874e-22
616.5168142614261 4.283856400459871e-22
616.6157266126613 4.28333800811744e-22
616.7146389638964 4.282819770914798e-22
616.8135513151316 4.282301688776215e-22
616.9124636663666 4.281783761626013e-22
617.0113760176018 4.281265989388563e-22
617.1102883688369 4.280748371988292e-22
617.2092007200721 4.280230909349671e-22
617.3081130713072 4.27971360139723e-22
617.4070254225423 4.27919644805554e-22
617.5059377737774 4.278679449249232e-22
617.6048501250125 4.27816260490298e-22
617.7037624762477 4.277645914941516e-22
617.8026748274827 4.277129379289621e-22
617.9015871787179 4.276612997872122e-22
618.000499529953 4.2760967706139025e-22
618.0994118811882 4.27558069743989e-22
618.1983242324233 4.275064778275071e-22
618.2972365836584 4.274549013044477e-22
618.3961489348935 4.27403340167319e-22
618.4950612861287 4.273517944086343e-22
618.5939736373638 4.273002640209119e-22
618.6928859885988 4.272487489966755e-22
618.791798339834 4.271972493284535e-22
618.8907106910691 4.27145765008779e-22
618.9896230423043 4.270942960301909e-22
619.0885353935394 4.270428423852329e-22
619.1874477447745 4.269914040664526e-22
619.2863600960096 4.269399810664044e-22
619.3852724472448 4.268885733776469e-22
619.4841847984799 4.268371809927428e-22
619.5830971497151 4.267858039042614e-22
619.6820095009501 4.267344421047759e-22
619.7809218521853 4.266830955868645e-22
619.8798342034204 4.266317643431115e-22
619.9787465546555 4.265804483661046e-22
620.0776589058906 4.265291476484377e-22
620.1765712571257 4.264778621827089e-22
620.2754836083609 4.264265919615216e-22
620.374395959596 4.263753369774845e-22
620.4733083108312 4.263240972232106e-22
620.5722206620662 4.262728726913183e-22
620.6711330133014 4.262216633744306e-22
620.7700453645365 4.261704692651759e-22
620.8689577157717 4.2611929035618685e-22
620.9678700670067 4.260681266401019e-22
621.0667824182418 4.260169781095638e-22
621.165694769477 4.259658447572205e-22
621.2646071207121 4.259147265757247e-22
621.3635194719473 4.258636235577344e-22
621.4624318231823 4.258125356959118e-22
621.5613441744175 4.257614629829246e-22
621.6602565256526 4.257104054114455e-22
621.7591688768878 4.256593629741516e-22
621.8580812281228 4.256083356637253e-22
621.956993579358 4.255573234728537e-22
622.0559059305931 4.255063263942291e-22
622.1548182818282 4.254553444205478e-22
622.2537306330634 4.254043775445119e-22
622.3526429842984 4.253534257588284e-22
622.4515553355336 4.253024890562089e-22
622.5504676867687 4.252515674293688e-22
622.6493800380039 4.252006608710304e-22
622.7482923892389 4.2514976937392e-22
622.8472047404741 4.250988929307676e-22
622.9461170917092 4.250480315343103e-22
623.0450294429444 4.249971851772877e-22
623.1439417941795 4.24946353852446e-22
623.2428541454146 4.248955375525354e-22
623.3417664966497 4.248447362703115e-22
623.4406788478848 4.247939499985337e-22
623.53959119912 4.247431787299673e-22
623.638503550355 4.246924224573819e-22
623.7374159015902 4.246416811735525e-22
623.8363282528253 4.245909548712577e-22
623.9352406040605 4.2454024354328215e-22
624.0341529552956 4.244895471824148e-22
624.1330653065307 4.244388657814492e-22
624.2319776577658 4.243881993331845e-22
624.330890009001 4.2433754783042325e-22
624.4298023602361 4.242869112659742e-22
624.5287147114711 4.242362896326503e-22
624.6276270627063 4.241856829232689e-22
624.7265394139414 4.241350911306532e-22
624.8254517651766 4.240845142476296e-22
624.9243641164117 4.240339522670309e-22
625.0232764676468 4.239834051816935e-22
625.1221888188819 4.239328729844593e-22
625.2211011701171 4.238823556681747e-22
625.3200135213522 4.238318532256905e-22
625.4189258725874 4.237813656498628e-22
625.5178382238224 4.23730892933552e-22
625.6167505750575 4.236804350696238e-22
625.7156629262927 4.236299920509479e-22
625.8145752775278 4.235795638703995e-22
625.9134876287629 4.235291505208579e-22
626.012399979998 4.234787519952074e-22
626.1113123312332 4.234283682863375e-22
626.2102246824683 4.2337799938714112e-22
626.3091370337035 4.2332764529051737e-22
626.4080493849385 4.232773059893692e-22
626.5069617361737 4.2322698147660443e-22
626.6058740874088 4.231766717451356e-22
626.7047864386439 4.2312637678788032e-22
626.803698789879 4.2307609659775996e-22
626.9026111411141 4.230258311677018e-22
627.0015234923493 4.229755804906367e-22
627.1004358435844 4.2292534455950106e-22
627.1993481948195 4.228751233672354e-22
627.2982605460546 4.22824916906785e-22
627.3971728972898 4.227747251711003e-22
627.4960852485249 4.2272454815313576e-22
627.5949975997601 4.2267438584585073e-22
627.6939099509951 4.2262423824220946e-22
627.7928223022303 4.2257410533518053e-22
627.8917346534654 4.2252398711773753e-22
627.9906470047005 4.2247388358285793e-22
628.0895593559356 4.224237947235249e-22
628.1884717071707 4.223737205327256e-22
628.2873840584059 4.2232366100345187e-22
628.386296409641 4.222736161287006e-22
628.4852087608762 4.2222358590147237e-22
628.5841211121112 4.2217357031477363e-22
628.6830334633464 4.2212356936161454e-22
628.7819458145815 4.2207358303501015e-22
628.8808581658167 4.2202361132798025e-22
628.9797705170517 4.2197365423354906e-22
629.0786828682868 4.219237117447453e-22
629.177595219522 4.2187378385460263e-22
629.2765075707571 4.218238705561595e-22
629.3754199219923 4.217739718424579e-22
629.4743322732273 4.2172408770654565e-22
629.5732446244625 4.2167421814147417e-22
629.6721569756976 4.216243631403004e-22
629.7710693269328 4.21574522696085e-22
629.8699816781678 4.2152469680189375e-22
629.968894029403 4.2147488545079684e-22
630.0678063806381 4.2142508863586887e-22
630.1667187318732 4.213753063501891e-22
630.2656310831084 4.2132553858684155e-22
630.3645434343434 4.2127578533891477e-22
630.4634557855786 4.2122604659950134e-22
630.5623681368137 4.2117632236169905e-22
630.6612804880489 4.211266126186099e-22
630.760192839284 4.210769173633408e-22
630.8591051905191 4.210272365890019e-22
630.9580175417542 4.209775702887102e-22
631.0569298929894 4.2092791845558486e-22
631.1558422442245 4.208782810827515e-22
631.2547545954596 4.2082865816333857e-22
631.3536669466947 4.207790496904801e-22
631.4525792979298 4.2072945565731475e-22
631.551491649165 4.206798760569849e-22
631.6504040004 4.2063031088263796e-22
631.7493163516352 4.205807601274258e-22
631.8482287028703 4.205312237845046e-22
631.9471410541055 4.204817018470352e-22
632.0460534053406 4.204321943081831e-22
632.1449657565757 4.2038270116111754e-22
632.2438781078108 4.203332223990136e-22
632.342790459046 4.2028375801504954e-22
632.4417028102811 4.2023430800240832e-22
632.5406151615161 4.201848723542782e-22
632.6395275127513 4.2013545106385094e-22
632.7384398639864 4.2008604412432326e-22
632.8373522152216 4.2003665152889643e-22
632.9362645664567 4.199872732707759e-22
633.0351769176918 4.199379093431716e-22
633.1340892689269 4.1988855973929814e-22
633.2330016201621 4.198392244523741e-22
633.3319139713972 4.1978990347562345e-22
633.4308263226324 4.1974059680227324e-22
633.5297386738674 4.196913044255562e-22
633.6286510251025 4.196420263387088e-22
633.7275633763377 4.1959276253497216e-22
633.8264757275728 4.195435130075916e-22
633.9253880788079 4.1949427774981746e-22
634.024300430043 4.194450567549038e-22
634.1232127812782 4.193958500161095e-22
634.2221251325133 4.193466575266976e-22
634.3210374837485 4.1929747927993577e-22
634.4199498349835 4.192483152690959e-22
634.5188621862187 4.1919916548745432e-22
634.6177745374538 4.1915002992829227e-22
634.7166868886889 4.1910090858489427e-22
634.815599239924 4.190518014505503e-22
634.9145115911591 4.190027085185543e-22
635.0134239423943 4.189536297822044e-22
635.1123362936294 4.189045652348035e-22
635.2112486448646 4.188555148696582e-22
635.3101609960996 4.188064786800807e-22
635.4090733473348 4.187574566593862e-22
635.5079856985699 4.187084488008952e-22
635.6068980498051 4.1865945509793204e-22
635.7058104010401 4.1861047554382576e-22
635.8047227522753 4.185615101319095e-22
635.9036351035104 4.18512558855521e-22
636.0025474547455 4.1846362170800203e-22
636.1014598059807 4.1841469868269874e-22
636.2003721572157 4.183657897729621e-22
636.2992845084509 4.1831689497214673e-22
636.398196859686 4.182680142736122e-22
636.4971092109212 4.1821914767072176e-22
636.5960215621562 4.181702951568438e-22
636.6949339133914 4.1812145672535025e-22
636.7938462646265 4.180726323696176e-22
636.8927586158617 4.1802382208302715e-22
636.9916709670968 4.1797502585896364e-22
637.0905833183318 4.179262436908167e-22
637.189495669567 4.1787747557198024e-22
637.2884080208021 4.1782872149585226e-22
637.3873203720373 4.1777998145583505e-22
637.4862327232723 4.1773125544533566e-22
637.5851450745075 4.1768254345776444e-22
637.6840574257426 4.1763384548653714e-22
637.7829697769778 4.175851615250731e-22
637.8818821282129 4.1753649156679634e-22
637.980794479448 4.174878356051346e-22
638.0797068306831 4.174391936335205e-22
638.1786191819182 4.173905656453908e-22
638.2775315331534 4.173419516341857e-22
638.3764438843884 4.1729335159335115e-22
638.4753562356236 4.17244765516336e-22
638.5742685868587 4.17196193396594e-22
638.6731809380939 4.1714763522758346e-22
638.772093289329 4.1709909100276594e-22
638.8710056405641 4.1705056071560824e-22
638.9699179917992 4.1700204435958067e-22
639.0688303430344 4.1695354192815845e-22
639.1677426942695 4.169050534148203e-22
639.2666550455046 4.168565788130499e-22
639.3655673967397 4.168081181163346e-22
639.4644797479748 4.1675967131816603e-22
639.56339209921 4.1671123841204043e-22
639.662304450445 4.1666281939145783e-22
639.7612168016802 4.166144142499229e-22
639.8601291529153 4.165660229809438e-22
639.9590415041505 4.1651764557803386e-22
640.0579538553856 4.164692820347097e-22
640.1568662066207 4.1642093234449255e-22
640.2557785578558 4.163725965009081e-22
640.354690909091 4.1632427449748583e-22
640.4536032603261 4.1627596632775963e-22
640.5525156115611 4.1622767198526717e-22
640.6514279627963 4.161793914635506e-22
640.7503403140314 4.161311247561566e-22
640.8492526652666 4.1608287185663553e-22
640.9481650165017 4.16034632758542e-22
641.0470773677368 4.1598640745543467e-22
641.1459897189719 4.159381959408769e-22
641.2449020702071 4.1588999820843566e-22
641.3438144214422 4.158418142516823e-22
641.4427267726774 4.157936440641921e-22
641.5416391239124 4.1574548763954497e-22
641.6405514751475 4.156973449713244e-22
641.7394638263827 4.156492160531185e-22
641.8383761776178 4.1560110087851904e-22
641.937288528853 4.1555299944112253e-22
642.036200880088 4.15504911734529e-22
642.1351132313232 4.1545683775234325e-22
642.2340255825583 4.1540877748817326e-22
642.3329379337935 4.1536073093563227e-22
642.4318502850285 4.1531269808833677e-22
642.5307626362637 4.152646789399076e-22
642.6296749874988 4.1521667348397018e-22
642.7285873387339 4.1516868171415315e-22
642.827499689969 4.151207036240903e-22
642.9264120412041 4.1507273920741853e-22
643.0253243924393 4.1502478845777918e-22
643.1242367436744 4.149768513688182e-22
643.2231490949096 4.1492892793418503e-22
643.3220614461446 4.148810181475335e-22
643.4209737973798 4.14833122002521e-22
643.5198861486149 4.1478523949280996e-22
643.6187984998501 4.147373706120661e-22
643.7177108510851 4.1468951535395917e-22
643.8166232023203 4.1464167371216373e-22
643.9155355535554 4.1459384568035774e-22
644.0144479047905 4.145460312522233e-22
644.1133602560257 4.144982304214468e-22
644.2122726072607 4.1445044318171905e-22
644.3111849584959 4.144026695267338e-22
644.410097309731 4.1435490945018974e-22
644.5090096609662 4.1430716294578953e-22
644.6079220122012 4.142594300072394e-22
644.7068343634364 4.1421171062825035e-22
644.8057467146715 4.141640048025368e-22
644.9046590659067 4.1411631252381747e-22
645.0035714171418 4.1406863378581473e-22
645.1024837683768 4.1402096858225594e-22
645.201396119612 4.1397331690687135e-22
645.3003084708471 4.139256787533962e-22
645.3992208220823 4.138780541155687e-22
645.4981331733173 4.138304429871321e-22
645.5970455245525 4.1378284536183306e-22
645.6959578757876 4.1373526123342223e-22
645.7948702270228 4.1368769059565494e-22
645.8937825782579 4.1364013344228964e-22
645.992694929493 4.135925897670892e-22
646.0916072807281 4.1354505956382076e-22
646.1905196319632 4.134975428262548e-22
646.2894319831984 4.1345003954816603e-22
646.3883443344334 4.1340254972333365e-22
646.4872566856686 4.133550733455403e-22
646.5861690369037 4.1330761040857266e-22
646.6850813881389 4.132601609062217e-22
646.783993739374 4.132127248322817e-22
646.8829060906091 4.1316530218055156e-22
646.9818184418442 4.1311789294483427e-22
647.0807307930794 4.13070497118936e-22
647.1796431443145 4.130231146966674e-22
647.2785554955497 4.1297574567184294e-22
647.3774678467847 4.129283900382815e-22
647.4763801980198 4.1288104778980532e-22
647.575292549255 4.1283371892024034e-22
647.67420490049 4.1278640342341747e-22
647.7731172517252 4.1273910129317076e-22
647.8720296029603 4.1269181252333856e-22
647.9709419541955 4.126445371077627e-22
648.0698543054306 4.1259727504028944e-22
648.1687666566658 4.1255002631476875e-22
648.2676790079008 4.1250279092505455e-22
648.366591359136 4.124555688650048e-22
648.4655037103711 4.124083601284812e-22
648.5644160616062 4.123611647093493e-22
648.6633284128413 4.123139826014787e-22
648.7622407640764 4.1226681379874314e-22
648.8611531153116 4.1221965829501963e-22
648.9600654665467 4.1217251608419014e-22
649.0589778177819 4.1212538716013905e-22
649.1578901690169 4.1207827151675607e-22
649.2568025202521 4.1203116914793374e-22
649.3557148714872 4.1198408004756967e-22
649.4546272227224 4.1193700420956394e-22
649.5535395739574 4.1188994162782143e-22
649.6524519251925 4.1184289229625067e-22
649.7513642764277 4.117958562087642e-22
649.8502766276628 4.117488333592783e-22
649.949188978898 4.1170182374171287e-22
650.048101330133 4.1165482734999224e-22
650.1470136813682 4.116078441780442e-22
650.2459260326033 4.115608742198005e-22
650.3448383838385 4.1151391746919652e-22
650.4437507350735 4.1146697392017206e-22
650.5426630863087 4.1142004356667054e-22
650.6415754375438 4.1137312640263876e-22
650.7404877887789 4.11326222422028e-22
650.839400140014 4.1127933161879324e-22
650.9383124912491 4.1123245398689287e-22
651.0372248424843 4.1118558952028944e-22
651.1361371937194 4.111387382129496e-22
651.2350495449546 4.1109190005884323e-22
651.3339618961896 4.1104507505194463e-22
651.4328742474248 4.109982631862314e-22
651.5317865986599 4.109514644556857e-22
651.6306989498951 4.1090467885429266e-22
651.7296113011301 4.108579063760415e-22
651.8285236523653 4.108111470149255e-22
651.9274360036004 4.1076440076494143e-22
652.0263483548355 4.107176676200906e-22
652.1252607060707 4.1067094757437684e-22
652.2241730573057 4.106242406218089e-22
652.3230854085409 4.1057754675639894e-22
652.421997759776 4.1053086597216247e-22
652.5209101110112 4.104841982631196e-22
652.6198224622462 4.10437543623294e-22
652.7187348134814 4.103909020467123e-22
652.8176471647165 4.103442735274064e-22
652.9165595159517 4.102976580594106e-22
653.0154718671868 4.102510556367638e-22
653.1143842184218 4.1020446625350826e-22
653.213296569657 4.1015788990369025e-22
653.3122089208921 4.101113265813595e-22
653.4111212721273 4.1006477628057016e-22
653.5100336233623 4.1001823899537927e-22
653.6089459745975 4.0997171471984816e-22
653.7078583258326 4.099252034480419e-22
653.8067706770678 4.0987870517402933e-22
653.9056830283029 4.0983221989188248e-22
654.004595379538 4.0978574759567806e-22
654.1035077307731 4.0973928827949607e-22
654.2024200820082 4.0969284193741972e-22
654.3013324332434 4.096464085635366e-22
654.4002447844784 4.095999881519382e-22
654.4991571357136 4.0955358069671925e-22
654.5980694869487 4.0950718619197844e-22
654.6969818381839 4.0946080463181795e-22
654.795894189419 4.0941443601034386e-22
654.8948065406541 4.0936808032166633e-22
654.9937188918892 4.093217375598984e-22
655.0926312431244 4.092754077191576e-22
655.1915435943595 4.092290907935649e-22
655.2904559455947 4.091827867772447e-22
655.3893682968297 4.0913649566432555e-22
655.4882806480648 4.090902174489395e-22
655.5871929993 4.0904395212522197e-22
655.6861053505351 4.0899769968731293e-22
655.7850177017702 4.0895146012935497e-22
655.8839300530053 4.0890523344549526e-22
655.9828424042405 4.08859019629884e-22
656.0817547554756 4.0881281867667585e-22
656.1806671067108 4.0876663058002835e-22
656.2795794579458 4.087204553341031e-22
656.378491809181 4.086742929330652e-22
656.4774041604161 4.0862814337108386e-22
656.5763165116512 4.085820066423313e-22
656.6752288628863 4.0853588274098367e-22
656.7741412141214 4.084897716612212e-22
656.8730535653566 4.084436733972273e-22
656.9719659165917 4.0839758794318944e-22
657.0708782678269 4.0835151529329796e-22
657.1697906190619 4.083054554417476e-22
657.2687029702971 4.082594083827363e-22
657.3676153215322 4.082133741104666e-22
657.4665276727674 4.08167352619143e-22
657.5654400240024 4.0812134390297506e-22
657.6643523752375 4.080753479561755e-22
657.7632647264727 4.0802936477296044e-22
657.8621770777078 4.079833943475503e-22
657.961089428943 4.079374366741681e-22
658.060001780178 4.078914917470414e-22
658.1589141314132 4.0784555956040106e-22
658.2578264826483 4.0779964010848147e-22
658.3567388338835 4.077537333855207e-22
658.4556511851185 4.077078393857607e-22
658.5545635363537 4.0766195810344624e-22
658.6534758875888 4.076160895328268e-22
658.7523882388239 4.0757023366815466e-22
658.851300590059 4.0752439050368576e-22
658.9502129412941 4.0747856003368006e-22
659.0491252925293 4.074327422524007e-22
659.1480376437644 4.073869371541148e-22
659.2469499949996 4.0734114473309287e-22
659.3458623462346 4.0729536498360875e-22
659.4447746974698 4.0724959789994014e-22
659.5436870487049 4.0720384347636863e-22
659.6425993999401 4.071581017071786e-22
659.7415117511752 4.071123725866589e-22
659.8404241024103 4.0706665610910103e-22
659.9393364536454 4.070209522688007e-22
660.0382488048805 4.069752610600574e-22
660.1371611561157 4.0692958247717316e-22
660.2360735073507 4.068839165144548e-22
660.3349858585859 4.068382631662117e-22
660.433898209821 4.0679262242675753e-22
660.5328105610562 4.06746994290409e-22
660.6317229122913 4.067013787514867e-22
660.7306352635264 4.0665577580431428e-22
660.8295476147615 4.0661018544322e-22
660.9284599659967 4.065646076625341e-22
661.0273723172318 4.065190424565917e-22
661.1262846684668 4.0647348981973104e-22
661.225197019702 4.064279497462937e-22
661.3241093709371 4.0638242223062478e-22
661.4230217221723 4.0633690726707307e-22
661.5219340734074 4.062914048499911e-22
661.6208464246425 4.0624591497373435e-22
661.7197587758776 4.062004376326624e-22
661.8186711271128 4.0615497282113777e-22
661.9175834783479 4.061095205335271e-22
662.016495829583 4.0606408076420026e-22
662.1154081808181 4.0601865350753048e-22
662.2143205320532 4.0597323875789456e-22
662.3132328832884 4.0592783650967336e-22
662.4121452345235 4.0588244675724996e-22
662.5110575857586 4.058370694950126e-22
662.6099699369937 4.0579170471735134e-22
662.7088822882289 4.05746352418661e-22
662.807794639464 4.0570101259333986e-22
662.9067069906991 4.0565568523578834e-22
663.0056193419342 4.0561037034041175e-22
663.1045316931694 4.055650679016182e-22
663.2034440444045 4.055197779138198e-22
663.3023563956397 4.054745003714316e-22
663.4012687468747 4.0542923526887215e-22
663.5001810981098 4.0538398260056403e-22
663.599093449345 4.053387423609327e-22
663.6980058005801 4.0529351454440717e-22
663.7969181518152 4.052482991454202e-22
663.8958305030503 4.052030961584078e-22
663.9947428542855 4.0515790557780933e-22
664.0936552055206 4.051127273980679e-22
664.1925675567558 4.0506756161362994e-22
664.2914799079908 4.0502240821894534e-22
664.390392259226 4.0497726720846706e-22
664.4893046104611 4.0493213857665218e-22
664.5882169616962 4.0488702231796087e-22
664.6871293129313 4.048419184268566e-22
664.7860416641664 4.0479682689780632e-22
664.8849540154016 4.0475174772528094e-22
664.9838663666367 4.047066809037541e-22
665.0827787178719 4.0466162642770286e-22
665.1816910691069 4.046165842916083e-22
665.2806034203421 4.0457155448995475e-22
665.3795157715772 4.045265370172295e-22
665.4784281228124 4.0448153186792357e-22
665.5773404740474 4.044365390365316e-22
665.6762528252825 4.0439155851755135e-22
665.7751651765177 4.04346590305484e-22
665.8740775277528 4.043016343948342e-22
665.972989878988 4.0425669078011e-22
666.071902230223 4.042117594558229e-22
666.1708145814582 4.041668404164877e-22
666.2697269326933 4.041219336566227e-22
666.3686392839285 4.040770391707492e-22
666.4675516351635 4.0403215695339275e-22
666.5664639863987 4.039872869990815e-22
666.6653763376338 4.039424293023471e-22
666.7642886888689 4.038975838577249e-22
666.8632010401041 4.0385275065975335e-22
666.9621133913391 4.0380792970297446e-22
667.0610257425743 4.0376312098193323e-22
667.1599380938094 4.037183244911789e-22
667.2588504450446 4.036735402252629e-22
667.3577627962796 4.0362876817874113e-22
667.4566751475148 4.035840083461718e-22
667.5555874987499 4.0353926072211746e-22
667.6544998499851 4.0349452530114354e-22
667.7534122012202 4.0344980207781837e-22
667.8523245524553 4.034050910467149e-22
667.9512369036904 4.033603922024081e-22
668.0501492549255 4.03315705539477e-22
668.1490616061607 4.032710310525037e-22
668.2479739573957 4.03226368736074e-22
668.3468863086309 4.031817185847765e-22
668.445798659866 4.0313708059320374e-22
668.5447110111012 4.03092454755951e-22
668.6436233623363 4.0304784106761744e-22
668.7425357135714 4.0300323952280506e-22
668.8414480648065 4.029586501161193e-22
668.9403604160417 4.0291407284216926e-22
669.0392727672768 4.0286950769556713e-22
669.1381851185118 4.0282495467092836e-22
669.237097469747 4.0278041376287168e-22
669.3360098209821 4.0273588496601915e-22
669.4349221722173 4.0269136827499665e-22
669.5338345234524 4.026468636844323e-22
669.6327468746875 4.0260237118895864e-22
669.7316592259226 4.0255789078321096e-22
669.8305715771578 4.0251342246182756e-22
669.9294839283929 4.024689662194507e-22
670.028396279628 4.024245220507254e-22
670.1273086308631 4.0238008995030066e-22
670.2262209820982 4.0233566991282774e-22
670.3251333333334 4.02291261932962e-22
670.4240456845685 4.022468660053617e-22
670.5229580358036 4.022024821246889e-22
670.6218703870387 4.021581102856082e-22
670.7207827382739 4.021137504827878e-22
670.819695089509 4.020694027108992e-22
670.9186074407442 4.020250669646174e-22
671.0175197919792 4.019807432386205e-22
671.1164321432144 4.019364315275893e-22
671.2153444944495 4.0189213182620877e-22
671.3142568456847 4.0184784412916678e-22
671.4131691969197 4.018035684311541e-22
671.5120815481548 4.0175930472686544e-22
671.61099389939 4.0171505301099816e-22
671.7099062506251 4.016708132782531e-22
671.8088186018603 4.016265855233344e-22
671.9077309530953 4.0158236974094933e-22
672.0066433043305 4.015381659258087e-22
672.1055556555656 4.0149397407262623e-22
672.2044680068008 4.0144979417611893e-22
672.3033803580358 4.01405626231007e-22
672.402292709271 4.013614702320139e-22
672.5012050605061 4.0131732617386693e-22
672.6001174117412 4.0127319405129553e-22
672.6990297629764 4.012290738590331e-22
672.7979421142114 4.011849655918159e-22
672.8968544654466 4.0114086924438397e-22
672.9957668166817 4.0109678481148e-22
673.0946791679169 4.0105271228784987e-22
673.1935915191519 4.0100865166824316e-22
673.2925038703871 4.009646029474121e-22
673.3914162216222 4.0092056612011275e-22
673.4903285728574 4.0087654118110374e-22
673.5892409240925 4.008325281251475e-22
673.6881532753275 4.007885269470091e-22
673.7870656265627 4.007445376414569e-22
673.8859779777978 4.007005602032632e-22
673.984890329033 4.0065659462720236e-22
674.083802680268 4.0061264090805254e-22
674.1827150315032 4.005686990405954e-22
674.2816273827383 4.005247690196152e-22
674.3805397339735 4.004808508398996e-22
674.4794520852085 4.004369444962394e-22
674.5783644364437 4.0039304998342864e-22
674.6772767876788 4.0034916729626458e-22
674.7761891389139 4.003052964295474e-22
674.8751014901491 4.0026143737808083e-22
674.9740138413841 4.002175901366716e-22
675.0729261926193 4.001737547001295e-22
675.1718385438544 4.001299310632673e-22
675.2707508950896 4.0008611922090174e-22
675.3696632463246 4.000423191678516e-22
675.4685755975598 3.9999853089894e-22
675.5674879487949 3.9995475440899196e-22
675.6664003000301 3.999109896928368e-22
675.7653126512652 3.998672367453062e-22
675.8642250025003 3.998234955612355e-22
675.9631373537354 3.9977976613546277e-22
676.0620497049705 3.9973604846282932e-22
676.1609620562057 3.9969234253817975e-22
676.2598744074407 3.996486483563618e-22
676.3587867586759 3.996049659122265e-22
676.457699109911 3.995612952006272e-22
676.5566114611462 3.9951763621642135e-22
676.6555238123813 3.9947398895446923e-22
676.7544361636164 3.994303534096338e-22
676.8533485148515 3.9938672957678186e-22
676.9522608660867 3.993431174507826e-22
677.0511732173218 3.9929951702650904e-22
677.1500855685568 3.9925592829883668e-22
677.248997919792 3.9921235126264453e-22
677.3479102710271 3.991687859128147e-22
677.4468226222623 3.9912523224423217e-22
677.5457349734974 3.9908169025178536e-22
677.6446473247325 3.9903815993036525e-22
677.7435596759676 3.9899464127486667e-22
677.8424720272028 3.9895113428018662e-22
677.9413843784379 3.9890763894122628e-22
678.0402967296731 3.9886415525288887e-22
678.1392090809081 3.988206832100815e-22
678.2381214321432 3.9877722280771394e-22
678.3370337833784 3.987337740406992e-22
678.4359461346135 3.986903369039534e-22
678.5348584858486 3.9864691139239545e-22
678.6337708370837 3.9860349750094794e-22
678.7326831883189 3.985600952245359e-22
678.831595539554 3.9851670455808766e-22
678.9305078907892 3.9847332549653443e-22
679.0294202420242 3.984299580348114e-22
679.1283325932594 3.9838660216785574e-22
679.2272449444945 3.9834325789060796e-22
679.3261572957297 3.9829992519801207e-22
679.4250696469647 3.982566040850145e-22
679.5239819981998 3.9821329454656545e-22
679.622894349435 3.981699965776174e-22
679.7218067006701 3.981267101731265e-22
679.8207190519053 3.9808343532805164e-22
679.9196314031403 3.980401720373549e-22
680.0185437543755 3.979969202960014e-22
680.1174561056106 3.979536800989592e-22
680.2163684568458 3.979104514411995e-22
680.3152808080808 3.978672343176963e-22
680.414193159316 3.978240287234269e-22
680.5131055105511 3.9778083465337187e-22
680.6120178617862 3.9773765210251405e-22
680.7109302130214 3.9769448106583996e-22
680.8098425642564 3.976513215383391e-22
680.9087549154916 3.9760817351500375e-22
681.0076672667267 3.9756503699082913e-22
681.1065796179619 3.975219119608136e-22
681.2054919691969 3.9747879841995905e-22
681.3044043204321 3.9743569636326957e-22
681.4033166716672 3.973926057857528e-22
681.5022290229024 3.97349526682419e-22
681.6011413741375 3.973064590482819e-22
681.7000537253725 3.9726340287835795e-22
681.7989660766077 3.972203581676664e-22
681.8978784278428 3.9717732491122993e-22
681.996790779078 3.9713430310407413e-22
682.095703130313 3.970912927412275e-22
682.1946154815482 3.97048293817721e-22
682.2935278327833 3.970053063285896e-22
682.3924401840185 3.969623302688709e-22
682.4913525352536 3.9691936563360506e-22
682.5902648864887 3.9687641241783546e-22
682.6891772377238 3.968334706166088e-22
682.7880895889589 3.9679054022497434e-22
682.8870019401941 3.9674762123798436e-22
682.9859142914291 3.9670471365069423e-22
683.0848266426643 3.966618174581626e-22
683.1837389938994 3.966189326554503e-22
683.2826513451346 3.965760592376221e-22
683.3815636963697 3.9653319719974478e-22
683.4804760476048 3.964903465368889e-22
683.5793883988399 3.964475072441273e-22
683.6783007500751 3.9640467931653656e-22
683.7772131013102 3.963618627491953e-22
683.8761254525454 3.963190575371858e-22
683.9750378037804 3.962762636755931e-22
684.0739501550155 3.9623348115950505e-22
684.1728625062507 3.9619070998401256e-22
684.2717748574858 3.961479501442095e-22
684.3706872087209 3.9610520163519266e-22
684.469599559956 3.9606246445206178e-22
684.5685119111912 3.960197385899194e-22
684.6674242624263 3.9597702404387135e-22
684.7663366136615 3.959343208090259e-22
684.8652489648965 3.958916288804949e-22
684.9641613161317 3.958489482533923e-22
685.0630736673668 3.9580627892283577e-22
685.1619860186019 3.9576362088394576e-22
685.260898369837 3.957209741318449e-22
685.3598107210721 3.956783386616596e-22
685.4587230723073 3.9563571446851895e-22
685.5576354235424 3.955931015475549e-22
685.6565477747776 3.955504998939024e-22
685.7554601260126 3.9550790950269883e-22
685.8543724772478 3.954653303690851e-22
685.9532848284829 3.954227624882049e-22
686.0521971797181 3.9538020585520474e-22
686.1511095309531 3.9533766046523386e-22
686.2500218821882 3.9529512631344474e-22
686.3489342334234 3.952526033949924e-22
686.4478465846585 3.9521009170503516e-22
686.5467589358936 3.9516759123873384e-22
686.6456712871287 3.9512510199125257e-22
686.7445836383639 3.95082623957758e-22
686.843495989599 3.950401571334197e-22
686.9424083408342 3.949977015134105e-22
687.0413206920692 3.949552570929055e-22
687.1402330433044 3.949128238670834e-22
687.2391453945395 3.948704018311253e-22
687.3380577457747 3.9482799098021507e-22
687.4369700970097 3.947855913095399e-22
687.5358824482448 3.947432028142895e-22
687.63479479948 3.947008254896567e-22
687.7337071507151 3.9465845933083695e-22
687.8326195019503 3.9461610433302884e-22
687.9315318531853 3.945737604914337e-22
688.0304442044205 3.9453142780125543e-22
688.1293565556556 3.9448910625770134e-22
688.2282689068908 3.944467958559813e-22
688.3271812581258 3.94404496591308e-22
688.426093609361 3.9436220845889683e-22
688.5250059605961 3.9431993145396675e-22
688.6239183118312 3.9427766557173866e-22
688.7228306630664 3.9423541080743676e-22
688.8217430143014 3.941931671562883e-22
688.9206553655366 3.941509346135227e-22
689.0195677167717 3.9410871317437307e-22
689.1184800680069 3.9406650283407466e-22
689.217392419242 3.94024303587866e-22
689.3163047704771 3.9398211543098815e-22
689.4152171217122 3.9393993835868506e-22
689.5141294729474 3.93897772366204e-22
689.6130418241825 3.9385561744879405e-22
689.7119541754175 3.938134736017083e-22
689.8108665266527 3.937713408202017e-22
689.9097788778878 3.937292190995324e-22
690.008691229123 3.9368710843496157e-22
690.107603580358 3.936450088217531e-22
690.2065159315932 3.9360292025517315e-22
690.3054282828283 3.9356084273049164e-22
690.4043406340635 3.935187762429806e-22
690.5032529852986 3.934767207879148e-22
690.6021653365337 3.9343467636057265e-22
690.7010776877688 3.933926429562343e-22
690.7999900390039 3.9335062057018366e-22
690.8989023902391 3.933086091977065e-22
690.9978147414741 3.932666088340921e-22
691.0967270927093 3.9322461947463234e-22
691.1956394439444 3.9318264111462196e-22
691.2945517951796 3.9314067374935805e-22
691.3934641464147 3.930987173741414e-22
691.4923764976498 3.9305677198427446e-22
691.5912888488849 3.930148375750634e-22
691.6902012001201 3.929729141418165e-22
691.7891135513552 3.929310016798455e-22
691.8880259025904 3.9288910018446406e-22
691.9869382538254 3.9284720965098955e-22
692.0858506050605 3.928053300747416e-22
692.1847629562957 3.9276346145104233e-22
692.2836753075308 3.9272160377521744e-22
692.3825876587659 3.926797570425946e-22
692.481500010001 3.9263792124850486e-22
692.5804123612362 3.925960963882814e-22
692.6793247124713 3.9255428245726096e-22
692.7782370637065 3.925124794507824e-22
692.8771494149415 3.924706873641873e-22
692.9760617661767 3.924289061928207e-22
693.0749741174118 3.9238713593202975e-22
693.1738864686469 3.9234537657716445e-22
693.272798819882 3.923036281235777e-22
693.3717111711171 3.922618905666248e-22
693.4706235223523 3.9222016390166467e-22
693.5695358735874 3.9217844812405803e-22
693.6684482248226 3.9213674322916854e-22
693.7673605760576 3.9209504921236306e-22
693.8662729272928 3.920533660690108e-22
693.9651852785279 3.9201169379448378e-22
694.0640976297631 3.919700323841567e-22
694.1630099809981 3.9192838183340723e-22
694.2619223322332 3.918867421376153e-22
694.3608346834684 3.9184511329216413e-22
694.4597470347035 3.9180349529243935e-22
694.5586593859387 3.9176188813382933e-22
694.6575717371737 3.91720291811725e-22
694.7564840884089 3.9167870632152066e-22
694.855396439644 3.916371316586124e-22
694.9543087908792 3.915955678183997e-22
695.0532211421142 3.915540147962846e-22
695.1521334933494 3.9151247258767176e-22
695.2510458445845 3.914709411879686e-22
695.3499581958197 3.914294205925849e-22
695.4488705470548 3.913879107969342e-22
695.5477828982898 3.9134641179643136e-22
695.646695249525 3.913049235864951e-22
695.7456076007601 3.912634461625459e-22
695.8445199519953 3.912219795200076e-22
695.9434323032303 3.9118052365430663e-22
696.0423446544655 3.9113907856087156e-22
696.1412570057006 3.9109764423513463e-22
696.2401693569358 3.9105622067253003e-22
696.3390817081709 3.9101480786849467e-22
696.437994059406 3.9097340581846835e-22
696.5369064106411 3.9093201451789405e-22
696.6358187618762 3.908906339622159e-22
696.7347311131114 3.908492641468826e-22
696.8336434643464 3.9080790506734417e-22
696.9325558155816 3.9076655671905377e-22
697.0314681668167 3.907252190974676e-22
697.1303805180519 3.9068389219804365e-22
697.229292869287 3.906425760162435e-22
697.3282052205221 3.9060127054753057e-22
697.4271175717572 3.9055997578737195e-22
697.5260299229924 3.905186917312362e-22
697.6249422742275 3.904774183745954e-22
697.7238546254625 3.9043615571292415e-22
697.8227669766977 3.903949037416994e-22
697.9216793279328 3.90353662456401e-22
698.020591679168 3.9031243185251123e-22
698.119504030403 3.902712119255156e-22
698.2184163816382 3.9023000267090153e-22
698.3173287328733 3.9018880408415957e-22
698.4162410841085 3.901476161607826e-22
698.5151534353436 3.901064388962663e-22
698.6140657865787 3.9006527228610902e-22
698.7129781378138 3.9002411632581216e-22
698.8118904890489 3.899829710108786e-22
698.9108028402841 3.89941836336815e-22
699.0097151915191 3.8990071229913016e-22
699.1086275427543 3.8985959889333546e-22
699.2075398939894 3.8981849611494525e-22
699.3064522452246 3.8977740395947595e-22
699.4053645964597 3.897363224224472e-22
699.5042769476948 3.8969525149938114e-22
699.6031892989299 3.896541911858019e-22
699.7021016501651 3.896131414772371e-22
699.8010140014002 3.8957210236921666e-22
699.8999263526354 3.8953107385727265e-22
699.9988387038704 3.894900559369407e-22
700.0977510551055 3.8944904860375797e-22
700.1966634063407 3.894080518532652e-22
700.2955757575758 3.8936706568100525e-22
700.394488108811 3.893260900825232e-22
700.493400460046 3.892851250533677e-22
700.5923128112812 3.8924417058908934e-22
700.6912251625163 3.892032266852413e-22
700.7901375137515 3.8916229333737957e-22
700.8890498649865 3.8912137054106274e-22
700.9879622162217 3.8908045829185196e-22
701.0868745674568 3.890395565853108e-22
701.1857869186919 3.8899866541700575e-22
701.284699269927 3.8895778478250555e-22
701.3836116211621 3.8891691467738164e-22
701.4825239723973 3.8887605509720814e-22
701.5814363236324 3.8883520603756173e-22
701.6803486748676 3.887943674940217e-22
701.7792610261026 3.887535394621696e-22
701.8781733773378 3.8871272193758986e-22
701.9770857285729 3.886719149158699e-22
702.0759980798081 3.886311183925987e-22
702.1749104310431 3.885903323633685e-22
702.2738227822782 3.8854955682377412e-22
702.3727351335134 3.8850879176941267e-22
702.4716474847485 3.8846803719588406e-22
702.5705598359837 3.884272930987903e-22
702.6694721872187 3.883865594737366e-22
702.7683845384539 3.8834583631633046e-22
702.867296889689 3.8830512362218197e-22
702.9662092409242 3.8826442138690377e-22
703.0651215921592 3.882237296061107e-22
703.1640339433944 3.881830482754206e-22
703.2629462946295 3.8814237739045377e-22
703.3618586458647 3.881017169468331e-22
703.4607709970998 3.8806106694018373e-22
703.5596833483348 3.880204273661339e-22
703.65859569957 3.879797982203135e-22
703.7575080508051 3.879391794983562e-22
703.8564204020403 3.8789857119589683e-22
703.9553327532753 3.8785797330857384e-22
704.0542451045105 3.8781738583202795e-22
704.1531574557456 3.8777680876190183e-22
704.2520698069808 3.8773624209384136e-22
704.3509821582159 3.8769568582349505e-22
704.449894509451 3.87655139946513e-22
704.5488068606861 3.8761460445854867e-22
704.6477192119212 3.8757407935525807e-22
704.7466315631564 3.8753356463229917e-22
704.8455439143914 3.8749306028533304e-22
704.9444562656266 3.8745256631002256e-22
705.0433686168617 3.8741208270203425e-22
705.1422809680969 3.873716094570359e-22
705.241193319332 3.8733114657069855e-22
705.3401056705671 3.8729069403869547e-22
705.4390180218022 3.872502518567029e-22
705.5379303730374 3.8720982002039894e-22
705.6368427242725 3.871693985254644e-22
705.7357550755075 3.8712898736758272e-22
705.8346674267427 3.8708858654244e-22
705.9335797779778 3.8704819604572463e-22
706.032492129213 3.8700781587312734e-22
706.131404480448 3.869674460203415e-22
706.2303168316832 3.8692708648306313e-22
706.3292291829183 3.8688673725699073e-22
706.4281415341535 3.868463983378249e-22
706.5270538853886 3.8680606972126894e-22
706.6259662366238 3.867657514030293e-22
706.7248785878588 3.867254433788135e-22
706.8237909390939 3.866851456443329e-22
706.9227032903291 3.866448581953005e-22
707.0216156415642 3.866045810274324e-22
707.1205279927993 3.8656431413644643e-22
707.2194403440344 3.865240575180639e-22
707.3183526952696 3.8648381116800755e-22
707.4172650465047 3.8644357508200314e-22
707.5161773977399 3.8640334925577873e-22
707.6150897489749 3.8636313368506517e-22
707.7140021002101 3.8632292836559545e-22
707.8129144514452 3.862827332931051e-22
707.9118268026804 3.8624254846333207e-22
708.0107391539154 3.8620237387201706e-22
708.1096515051505 3.8616220951490283e-22
708.2085638563857 3.8612205538773456e-22
708.3074762076208 3.860819114862605e-22
708.406388558856 3.860417778062307e-22
708.505300910091 3.8600165434339797e-22
708.6042132613262 3.859615410935175e-22
708.7031256125613 3.85921438052347e-22
708.8020379637965 3.8588134521564648e-22
708.9009503150315 3.858412625791786e-22
708.9998626662667 3.858011901387083e-22
709.0987750175018 3.8576112789000277e-22
709.1976873687369 3.8572107582883234e-22
709.296599719972 3.8568103395096886e-22
709.3955120712071 3.856410022521875e-22
709.4944244224423 3.85600980728265e-22
709.5933367736774 3.855609693749813e-22
709.6922491249126 3.8552096818811817e-22
709.7911614761476 3.8548097716346043e-22
709.8900738273828 3.8544099629679477e-22
709.9889861786179 3.8540102558391036e-22
710.0878985298531 3.8536106502059912e-22
710.1868108810881 3.8532111460265525e-22
710.2857232323232 3.852811743258751e-22
710.3846355835584 3.8524124418605805e-22
710.4835479347935 3.8520132417900535e-22
710.5824602860287 3.8516141430052074e-22
710.6813726372637 3.851215145464105e-22
710.7802849884989 3.8508162491248337e-22
710.879197339734 3.8504174539455047e-22
710.9781096909692 3.850018759884252e-22
711.0770220422042 3.8496201668992314e-22
711.1759343934394 3.849221674948631e-22
711.2748467446745 3.848823283990655e-22
711.3737590959097 3.8484249939835327e-22
711.4726714471448 3.8480268048855246e-22
711.5715837983798 3.8476287166549047e-22
711.670496149615 3.8472307292499762e-22
711.7694085008501 3.846832842629068e-22
711.8683208520853 3.846435056750528e-22
711.9672332033203 3.846037371572733e-22
712.0661455545555 3.845639787054081e-22
712.1650579057906 3.8452423031529926e-22
712.2639702570258 3.8448449198279164e-22
712.3628826082609 3.8444476370373214e-22
712.461794959496 3.8440504547397017e-22
712.5607073107311 3.843653372893575e-22
712.6596196619662 3.843256391457482e-22
712.7585320132014 3.8428595103899876e-22
712.8574443644364 3.8424627296496824e-22
712.9563567156716 3.8420660491951764e-22
713.0552690669067 3.8416694689851106e-22
713.1541814181419 3.8412729889781386e-22
713.253093769377 3.8408766091329487e-22
713.3520061206121 3.8404803294082473e-22
713.4509184718472 3.8400841497627657e-22
713.5498308230824 3.8396880701552584e-22
713.6487431743175 3.839292090544501e-22
713.7476555255525 3.838896210889299e-22
713.8465678767877 3.838500431148475e-22
713.9454802280228 3.8381047512808817e-22
714.044392579258 3.8377091712453884e-22
714.1433049304931 3.8373136910008897e-22
714.2422172817282 3.8369183105063097e-22
714.3411296329633 3.8365230297205877e-22
714.4400419841985 3.836127848602692e-22
714.5389543354336 3.835732767111612e-22
714.6378666866688 3.835337785206362e-22
714.7367790379038 3.8349429028459767e-22
714.8356913891389 3.8345481199895177e-22
714.9346037403741 3.8341534365960674e-22
715.0335160916092 3.833758852624734e-22
715.1324284428443 3.833364368034648e-22
715.2313407940794 3.8329699827849636e-22
715.3302531453146 3.8325756968348547e-22
715.4291654965497 3.8321815101435236e-22
715.5280778477849 3.831787422670194e-22
715.6269901990199 3.831393434374112e-22
715.7259025502551 3.830999545214548e-22
715.8248149014902 3.8306057551507947e-22
715.9237272527254 3.830212064142167e-22
716.0226396039604 3.8298184721480106e-22
716.1215519551955 3.8294249791276823e-22
716.2204643064307 3.829031585040571e-22
716.3193766576658 3.828638289846085e-22
716.418289008901 3.828245093503653e-22
716.517201360136 3.8278519959727367e-22
716.6161137113712 3.827458997212813e-22
716.7150260626063 3.8270660971833805e-22
716.8139384138415 3.8266732958439635e-22
716.9128507650765 3.8262805931541157e-22
717.0117631163117 3.8258879890734013e-22
717.1106754675468 3.8254954835614175e-22
717.2095878187819 3.825103076577781e-22
717.308500170017 3.82471076808213e-22
717.4074125212521 3.8243185580341264e-22
717.5063248724873 3.8239264463934576e-22
717.6052372237224 3.823534433119834e-22
717.7041495749576 3.823142518172981e-22
717.8030619261926 3.8227507015126587e-22
717.9019742774278 3.8223589830986424e-22
718.0008866286629 3.821967362890733e-22
718.0997989798981 3.821575840848751e-22
718.1987113311332 3.821184416932545e-22
718.2976236823682 3.82079309110198e-22
718.3965360336034 3.8204018633169514e-22
718.4954483848385 3.820010733537372e-22
718.5943607360737 3.8196197017231776e-22
718.6932730873087 3.8192287678343275e-22
718.7921854385439 3.8188379318308057e-22
718.891097789779 3.8184471936726195e-22
718.9900101410142 3.8180565533197904e-22
719.0889224922493 3.817666010732373e-22
719.1878348434844 3.817275565870441e-22
719.2867471947195 3.8168852186940896e-22
719.3856595459547 3.8164949691634354e-22
719.4845718971898 3.816104817238621e-22
719.5834842484248 3.815714762879811e-22
719.68239659966 3.815324806047189e-22
719.7813089508951 3.814934946700966e-22
719.8802213021303 3.8145451848013726e-22
719.9791336533654 3.814155520308663e-22
720.0780460046005 3.813765953183112e-22
720.1769583558356 3.8133764833850214e-22
720.2758707070708 3.81298711087471e-22
720.3747830583059 3.8125978356125233e-22
720.473695409541 3.812208657558826e-22
720.5726077607761 3.8118195766740094e-22
720.6715201120112 3.811430592918481e-22
720.7704324632464 3.8110417062526784e-22
720.8693448144815 3.8106529166370546e-22
720.9682571657166 3.8102642240320885e-22
721.0671695169517 3.8098756283982822e-22
721.1660818681869 3.8094871296961577e-22
721.264994219422 3.8090987278862597e-22
721.3639065706572 3.808710422929156e-22
721.4628189218922 3.8083222147854397e-22
721.5617312731274 3.80793410341572e-22
721.6606436243625 3.8075460887806293e-22
721.7595559755976 3.807158170840829e-22
721.8584683268327 3.806770349556996e-22
721.9573806780678 3.8063826248898297e-22
722.056293029303 3.8059949968000564e-22
722.1552053805381 3.8056074652484214e-22
722.2541177317732 3.8052200301956893e-22
722.3530300830083 3.804832691602654e-22
722.4519424342435 3.8044454494301247e-22
722.5508547854786 3.8040583036389356e-22
722.6497671367138 3.803671254189945e-22
722.7486794879488 3.803284301044031e-22
722.8475918391839 3.8028974441620885e-22
722.9465041904191 3.8025106835050495e-22
723.0454165416542 3.8021240190338495e-22
723.1443288928893 3.80173745070946e-22
723.2432412441244 3.8013509784928685e-22
723.3421535953596 3.800964602345086e-22
723.4410659465947 3.8005783222271427e-22
723.5399782978299 3.8001921381000942e-22
723.6388906490649 3.7998060499250164e-22
723.7378030003001 3.7994200576630088e-22
723.8367153515352 3.79903416127519e-22
723.9356277027704 3.7986483607227047e-22
724.0345400540054 3.7982626559667146e-22
724.1334524052405 3.7978770469684053e-22
724.2323647564757 3.7974915336889858e-22
724.3312771077108 3.7971061160896855e-22
724.430189458946 3.7967207941317536e-22
724.529101810181 3.7963355677764655e-22
724.6280141614162 3.7959504369851136e-22
724.7269265126513 3.795565401719019e-22
724.8258388638865 3.7951804619395153e-22
724.9247512151215 3.7947956176079647e-22
725.0236635663567 3.7944108686857515e-22
725.1225759175918 3.794026215134274e-22
725.2214882688269 3.7936416569149616e-22
725.3204006200621 3.7932571939892597e-22
725.4193129712971 3.7928728263186356e-22
725.5182253225323 3.792488553864583e-22
725.6171376737674 3.792104376588611e-22
725.7160500250026 3.791720294452255e-22
725.8149623762376 3.791336307417068e-22
725.9138747274728 3.790952415444626e-22
726.0127870787079 3.7905686184965314e-22
726.1116994299431 3.790184916534401e-22
726.2106117811782 3.789801309519877e-22
726.3095241324132 3.7894177974146214e-22
726.4084364836484 3.789034380180317e-22
726.5073488348835 3.788651057778675e-22
726.6062611861187 3.7882678301714163e-22
726.7051735373537 3.7878846973202924e-22
726.8040858885889 3.787501659187075e-22
726.902998239824 3.7871187157335547e-22
727.0019105910592 3.786735866921545e-22
727.1008229422943 3.7863531127128788e-22
727.1997352935294 3.7859704530694124e-22
727.2986476447645 3.7855878879530234e-22
727.3975599959997 3.7852054173256106e-22
727.4964723472348 3.784823041149096e-22
727.5953846984698 3.784440759385416e-22
727.694297049705 3.7840585719965364e-22
727.7932094009401 3.783676478944438e-22
727.8921217521753 3.7832944801911317e-22
727.9910341034104 3.7829125756986365e-22
728.0899464546455 3.7825307654290082e-22
728.1888588058806 3.782149049344308e-22
728.2877711571158 3.781767427406629e-22
728.3866835083509 3.781385899578083e-22
728.485595859586 3.781004465820801e-22
728.5845082108211 3.78062312609694e-22
728.6834205620562 3.7802418803686703e-22
728.7823329132914 3.7798607285981903e-22
728.8812452645265 3.779479670747717e-22
728.9801576157616 3.779098706779487e-22
729.0790699669967 3.778717836655762e-22
729.1779823182319 3.7783370603388182e-22
729.276894669467 3.7779563777909628e-22
729.3758070207022 3.777575788974512e-22
729.4747193719372 3.777195293851815e-22
729.5736317231724 3.776814892385231e-22
729.6725440744075 3.77643458453715e-22
729.7714564256426 3.7760543702699753e-22
729.8703687768777 3.775674249546135e-22
729.9692811281128 3.775294222328079e-22
730.068193479348 3.7749142885782744e-22
730.1671058305831 3.7745344482592144e-22
730.2660181818183 3.774154701333406e-22
730.3649305330533 3.7737750477633845e-22
730.4638428842885 3.7733954875117023e-22
730.5627552355236 3.773016020540934e-22
730.6616675867588 3.772636646813672e-22
730.7605799379938 3.7722573662925343e-22
730.8594922892289 3.771878178940155e-22
730.9584046404641 3.771499084719192e-22
731.0573169916992 3.7711200835923265e-22
731.1562293429344 3.7707411755222515e-22
731.2551416941694 3.77036236047169e-22
731.3540540454046 3.7699836384033806e-22
731.4529663966397 3.7696050092800876e-22
731.5518787478749 3.7692264730645884e-22
731.6507910991099 3.7688480297196904e-22
731.7497034503451 3.7684696792082113e-22
731.8486158015802 3.7680914214929985e-22
731.9475281528154 3.767713256536915e-22
732.0464405040505 3.767335184302847e-22
732.1453528552855 3.7669572047537e-22
732.2442652065207 3.766579317852398e-22
732.3431775577558 3.7662015235618913e-22
732.442089908991 3.7658238218451475e-22
732.541002260226 3.765446212665151e-22
732.6399146114612 3.7650686959849134e-22
732.7388269626963 3.764691271767465e-22
732.8377393139315 3.7643139399758534e-22
732.9366516651666 3.7639367005731484e-22
733.0355640164017 3.763559553522443e-22
733.1344763676368 3.763182498786849e-22
733.2333887188719 3.7628055363294954e-22
733.3323010701071 3.7624286661135366e-22
733.4312134213421 3.7620518881021443e-22
733.5301257725773 3.7616752022585106e-22
733.6290381238124 3.761298608545851e-22
733.7279504750476 3.7609221069273955e-22
733.8268628262826 3.760545697366407e-22
733.9257751775178 3.7601693798261498e-22
734.0246875287529 3.759793154269926e-22
734.1235998799881 3.759417020661051e-22
734.2225122312232 3.759040978962856e-22
734.3214245824582 3.7586650291386997e-22
734.4203369336934 3.758289171151959e-22
734.5192492849285 3.7579134049660286e-22
734.6181616361637 3.7575377305443273e-22
734.7170739873987 3.75716214785029e-22
734.8159863386339 3.756786656847378e-22
734.914898689869 3.7564112574990653e-22
735.0138110411042 3.7560359497688513e-22
735.1127233923393 3.755660733620253e-22
735.2116357435744 3.7552856090168093e-22
735.3105480948095 3.754910575922081e-22
735.4094604460447 3.754535634299642e-22
735.5083727972798 3.7541607841130936e-22
735.6072851485148 3.753786025326057e-22
735.70619749975 3.7534113579021655e-22
735.8051098509851 3.753036781805082e-22
735.9040222022203 3.752662296998485e-22
736.0029345534554 3.7522879034460753e-22
736.1018469046905 3.751913601111569e-22
736.2007592559256 3.7515393899587075e-22
736.2996716071608 3.751165269951249e-22
736.3985839583959 3.7507912410529726e-22
736.4974963096311 3.750417303227681e-22
736.5964086608661 3.75004345643919e-22
736.6953210121012 3.74966970065134e-22
736.7942333633364 3.74929603582799e-22
736.8931457145715 3.7489224619330223e-22
736.9920580658066 3.7485489789303307e-22
737.0909704170417 3.748175586783838e-22
737.1898827682769 3.7478022854574817e-22
737.288795119512 3.747429074915222e-22
737.3877074707472 3.7470559551210354e-22
737.4866198219822 3.746682926038923e-22
737.5855321732174 3.7463099876329022e-22
737.6844445244525 3.745937139867012e-22
737.7833568756876 3.74556438270531e-22
737.8822692269227 3.745191716111873e-22
737.9811815781578 3.7448191400508003e-22
738.080093929393 3.744446654486209e-22
738.1790062806281 3.744074259382237e-22
738.2779186318633 3.7437019547030395e-22
738.3768309830983 3.743329740412795e-22
738.4757433343335 3.7429576164757015e-22
738.5746556855686 3.74258558285597e-22
738.6735680368038 3.7422136395178407e-22
738.7724803880388 3.741841786425569e-22
738.8713927392739 3.7414700235434282e-22
738.9703050905091 3.741098350835713e-22
739.0692174417442 3.7407267682667406e-22
739.1681297929794 3.740355275800843e-22
739.2670421442144 3.739983873402374e-22
739.3659544954496 3.739612561035711e-22
739.4648668466847 3.739241338665241e-22
739.5637791979199 3.73887020625538e-22
739.6626915491549 3.738499163770557e-22
739.7616039003901 3.738128211175229e-22
739.8605162516252 3.737757348433861e-22
739.9594286028604 3.737386575510949e-22
740.0583409540955 3.737015892370999e-22
740.1572533053305 3.7366452989785442e-22
740.2561656565657 3.7362747952981304e-22
740.3550780078008 3.7359043812943302e-22
740.453990359036 3.7355340569317277e-22
740.552902710271 3.7351638221749314e-22
740.6518150615062 3.73479367698857e-22
740.7507274127413 3.7344236213372906e-22
740.8496397639765 3.734053655185755e-22
740.9485521152116 3.7336837784986506e-22
741.0474644664467 3.733313991240681e-22
741.1463768176818 3.7329442933765707e-22
741.2452891689169 3.7325746848710634e-22
741.3442015201521 3.732205165688921e-22
741.4431138713871 3.731835735794925e-22
741.5420262226223 3.7314663951538763e-22
741.6409385738574 3.7310971437305956e-22
741.7398509250926 3.730727981489924e-22
741.8387632763277 3.730358908396718e-22
741.9376756275628 3.729989924415857e-22
742.0365879787979 3.72962102951224e-22
742.1355003300331 3.7292522236507793e-22
742.2344126812682 3.7288835067964136e-22
742.3333250325032 3.7285148789140986e-22
742.4322373837384 3.728146339968807e-22
742.5311497349735 3.7277778899255333e-22
742.6300620862087 3.727409528749288e-22
742.7289744374438 3.7270412564051055e-22
742.8278867886789 3.726673072858034e-22
742.926799139914 3.726304978073145e-22
743.0257114911492 3.725936972015527e-22
743.1246238423843 3.725569054650287e-22
743.2235361936195 3.725201225942554e-22
743.3224485448545 3.7248334858574735e-22
743.4213608960897 3.72446583436021e-22
743.5202732473248 3.7240982714159483e-22
743.6191855985599 3.7237307969898927e-22
743.718097949795 3.7233634110472653e-22
743.8170103010301 3.7229961135533036e-22
743.9159226522653 3.7226289044732715e-22
744.0148350035004 3.722261783772449e-22
744.1137473547356 3.721894751416133e-22
744.2126597059706 3.7215278073696374e-22
744.3115720572058 3.721160951598304e-22
744.4104844084409 3.720794184067484e-22
744.5093967596761 3.72042750474255e-22
744.6083091109111 3.720060913588901e-22
744.7072214621462 3.7196944105719437e-22
744.8061338133814 3.7193279956571078e-22
744.9050461646165 3.7189616688098445e-22
745.0039585158517 3.7185954299956225e-22
745.1028708670867 3.718229279179928e-22
745.2017832183219 3.7178632163282663e-22
745.300695569557 3.717497241406163e-22
745.3996079207922 3.717131354379162e-22
745.4985202720272 3.716765555212821e-22
745.5974326232624 3.716399843872726e-22
745.6963449744975 3.7160342203244755e-22
745.7952573257326 3.7156686845336864e-22
745.8941696769677 3.7153032364659953e-22
745.9930820282028 3.7149378760870624e-22
746.091994379438 3.7145726033625555e-22
746.1909067306731 3.7142074182581726e-22
746.2898190819083 3.713842320739625e-22
746.3887314331433 3.71347731077264e-22
746.4876437843785 3.7131123883229705e-22
746.5865561356136 3.7127475533563825e-22
746.6854684868488 3.7123828058386627e-22
746.7843808380838 3.7120181457356136e-22
746.8832931893189 3.711653573013063e-22
746.9822055405541 3.7112890876368507e-22
747.0811178917892 3.7109246895728365e-22
747.1800302430244 3.7105603787869e-22
747.2789425942594 3.7101961552449407e-22
747.3778549454946 3.7098320189128744e-22
747.4767672967297 3.7094679697566343e-22
747.5756796479649 3.709104007742174e-22
747.6745919992 3.7087401328354667e-22
747.7735043504351 3.7083763450025e-22
747.8724167016702 3.708012644209286e-22
747.9713290529054 3.7076490304218483e-22
748.0702414041405 3.707285503606235e-22
748.1691537553755 3.7069220637285084e-22
748.2680661066107 3.706558710754754e-22
748.3669784578458 3.706195444651067e-22
748.465890809081 3.7058322653835726e-22
748.564803160316 3.705469172918404e-22
748.6637155115512 3.7051061672217194e-22
748.7626278627863 3.704743248259692e-22
748.8615402140215 3.704380415998515e-22
748.9604525652566 3.7040176704043967e-22
749.0593649164917 3.703655011443571e-22
749.1582772677268 3.7032924390822825e-22
749.2571896189619 3.702929953286797e-22
749.3561019701971 3.702567554023398e-22
749.4550143214321 3.7022052412583876e-22
749.5539266726673 3.7018430149580887e-22
749.6528390239024 3.701480875088839e-22
749.7517513751376 3.7011188216169943e-22
749.8506637263727 3.700756854508932e-22
749.9495760776078 3.7003949737310406e-22
750.0484884288429 3.7000331792497373e-22
750.1474007800781 3.6996714710314485e-22
750.2463131313132 3.699309849042625e-22
750.3452254825482 3.69894831324973e-22
750.4441378337834 3.698586863619248e-22
750.5430501850185 3.6982255001176823e-22
750.6419625362537 3.6978642227115514e-22
750.7408748874888 3.697503031367396e-22
750.8397872387239 3.697141926051771e-22
750.938699589959 3.6967809067312516e-22
751.0376119411942 3.6964199733724307e-22
751.1365242924293 3.69605912594192e-22
751.2354366436645 3.695698364406346e-22
751.3343489948995 3.6953376887323557e-22
751.4332613461347 3.6949770988866145e-22
751.5321736973698 3.694616594835806e-22
751.6310860486049 3.694256176546629e-22
751.72999839984 3.6938958439858045e-22
751.8289107510751 3.6935355971200676e-22
751.9278231023103 3.6931754359161724e-22
752.0267354535454 3.692815360340893e-22
752.1256478047806 3.692455370361019e-22
752.2245601560156 3.692095465943357e-22
752.3234725072508 3.6917356470547364e-22
752.4223848584859 3.6913759136619997e-22
752.5212972097211 3.691016265732008e-22
752.6202095609561 3.6906567032316435e-22
752.7191219121912 3.6902972261278023e-22
752.8180342634264 3.6899378343873974e-22
752.9169466146615 3.689578527977368e-22
753.0158589658967 3.689219306864661e-22
753.1147713171317 3.688860171016247e-22
753.2136836683669 3.688501120399111e-22
753.312596019602 3.6881421549802583e-22
753.4115083708372 3.687783274726713e-22
753.5104207220722 3.687424479605511e-22
753.6093330733074 3.687065769583715e-22
753.7082454245425 3.6867071446283953e-22
753.8071577757776 3.686348604706649e-22
753.9060701270128 3.6859901497855864e-22
754.0049824782478 3.685631779832334e-22
754.103894829483 3.68527349481404e-22
754.2028071807181 3.684915294697867e-22
754.3017195319533 3.6845571794509964e-22
754.4006318831883 3.684199149040628e-22
754.4995442344235 3.68384120343398e-22
754.5984565856586 3.6834833425982847e-22
754.6973689368938 3.6831255665007943e-22
754.7962812881289 3.682767875108779e-22
754.8951936393639 3.682410268389526e-22
754.9941059905991 3.6820527463103397e-22
755.0930183418342 3.6816953088385423e-22
755.1919306930694 3.681337955941472e-22
755.2908430443044 3.680980687586492e-22
755.3897553955396 3.6806235037409705e-22
755.4886677467747 3.680266404372303e-22
755.5875800980099 3.6799093894478986e-22
755.686492449245 3.679552458935184e-22
755.7854048004801 3.6791956128016053e-22
755.8843171517152 3.6788388510146244e-22
755.9832295029504 3.6784821735417207e-22
756.0821418541855 3.678125580350393e-22
756.1810542054205 3.677769071408153e-22
756.2799665566557 3.677412646682534e-22
756.3788789078908 3.6770563061410856e-22
756.477791259126 3.6767000497513754e-22
756.576703610361 3.676343877480986e-22
756.6756159615962 3.6759877892975196e-22
756.7745283128313 3.6756317851685934e-22
756.8734406640665 3.675275865061846e-22
756.9723530153016 3.6749200289449286e-22
757.0712653665367 3.6745642767855134e-22
757.1701777177718 3.6742086085512913e-22
757.2690900690069 3.673853024209963e-22
757.3680024202421 3.6734975237292524e-22
757.4669147714771 3.6731421070769023e-22
757.5658271227123 3.6727867742206653e-22
757.6647394739474 3.6724315251283186e-22
757.7636518251826 3.6720763597676543e-22
757.8625641764177 3.67172127810648e-22
757.9614765276528 3.671366280112623e-22
758.0603888788879 3.671011365753925e-22
758.1593012301231 3.6706565349982475e-22
758.2582135813582 3.6703017878134683e-22
758.3571259325932 3.6699471241674817e-22
758.4560382838284 3.669592544028201e-22
758.5549506350635 3.6692380473635535e-22
758.6538629862987 3.668883634141484e-22
758.7527753375338 3.6685293043299604e-22
758.851687688769 3.6681750578969604e-22
758.950600040004 3.667820894810481e-22
759.0495123912392 3.66746681503854e-22
759.1484247424743 3.667112818549165e-22
759.2473370937095 3.6667589053104065e-22
759.3462494449445 3.6664050752903303e-22
759.4451617961797 3.6660513284570215e-22
759.5440741474148 3.6656976647785747e-22
759.6429864986499 3.665344084223112e-22
759.741898849885 3.664990586758764e-22
759.8408112011201 3.6646371723536817e-22
759.9397235523553 3.664283840976034e-22
760.0386359035904 3.663930592594006e-22
760.1375482548256 3.663577427175799e-22
760.2364606060606 3.6632243446896324e-22
760.3353729572958 3.662871345103738e-22
760.4342853085309 3.6625184283863727e-22
760.5331976597661 3.6621655945058046e-22
760.6321100110011 3.661812843430321e-22
760.7310223622362 3.6614601751282216e-22
760.8299347134714 3.6611075895678287e-22
760.9288470647065 3.660755086717482e-22
761.0277594159417 3.66040266654553e-22
761.1266717671767 3.6600503290203477e-22
761.2255841184119 3.659698074110318e-22
761.324496469647 3.6593459017838514e-22
761.4234088208822 3.6589938120093627e-22
761.5223211721172 3.6586418047552925e-22
761.6212335233524 3.658289879990096e-22
761.7201458745875 3.657938037682244e-22
761.8190582258226 3.657586277800225e-22
761.9179705770578 3.6572346003125453e-22
762.0168829282928 3.6568830051877195e-22
762.115795279528 3.656531492394295e-22
762.2147076307631 3.656180061900821e-22
762.3136199819983 3.6558287136758738e-22
762.4125323332333 3.655477447688037e-22
762.5114446844685 3.655126263905918e-22
762.6103570357036 3.6547751622981397e-22
762.7092693869388 3.6544241428333403e-22
762.8081817381739 3.6540732054801723e-22
762.9070940894089 3.65372235020731e-22
763.0060064406441 3.6533715769834406e-22
763.1049187918792 3.65302088577727e-22
763.2038311431144 3.652670276557518e-22
763.3027434943494 3.652319749292924e-22
763.4016558455846 3.651969303952244e-22
763.5005681968197 3.6516189405042465e-22
763.5994805480549 3.6512686589177216e-22
763.69839289929 3.6509184591614708e-22
763.7973052505251 3.650568341204319e-22
763.8962176017602 3.6502183050151007e-22
763.9951299529954 3.649868350562671e-22
764.0940423042305 3.6495184778159004e-22
764.1929546554655 3.6491686867436756e-22
764.2918670067007 3.6488189773148993e-22
764.3907793579358 3.648469349498491e-22
764.489691709171 3.6481198032633886e-22
764.588604060406 3.647770338578545e-22
764.6875164116412 3.6474209554129285e-22
764.7864287628763 3.647071653735526e-22
764.8853411141115 3.646722433515335e-22
764.9842534653466 3.6463732947213802e-22
765.0831658165818 3.646024237322693e-22
765.1820781678168 3.6456752612883247e-22
765.2809905190519 3.645326366587341e-22
765.3799028702871 3.644977553188831e-22
765.4788152215222 3.6446288210618905e-22
765.5777275727573 3.644280170175637e-22
765.6766399239924 3.643931600499205e-22
765.7755522752276 3.64358311200174e-22
765.8744646264627 3.643234704652414e-22
765.9733769776979 3.642886378420401e-22
766.0722893289329 3.6425381332749054e-22
766.1712016801681 3.642189969185138e-22
766.2701140314032 3.6418418861203316e-22
766.3690263826383 3.6414938840497313e-22
766.4679387338734 3.641145962942598e-22
766.5668510851085 3.6407981227682175e-22
766.6657634363437 3.640450363495879e-22
766.7646757875788 3.6401026850948974e-22
766.863588138814 3.6397550875345996e-22
766.962500490049 3.639407570784331e-22
767.0614128412842 3.639060134813447e-22
767.1603251925193 3.6387127795913313e-22
767.2592375437545 3.638365505087371e-22
767.3581498949895 3.6380183112709765e-22
767.4570622462247 3.6376711981115727e-22
767.5559745974598 3.6373241655786017e-22
767.6548869486949 3.6369772136415183e-22
767.75379929993 3.636630342269796e-22
767.8527116511651 3.6362835514329247e-22
767.9516240024003 3.635936841100409e-22
768.0505363536354 3.6355902112417714e-22
768.1494487048706 3.6352436618265473e-22
768.2483610561056 3.634897192824293e-22
768.3472734073408 3.6345508042045735e-22
768.4461857585759 3.6342044959369773e-22
768.5450981098111 3.633858267991105e-22
768.6440104610462 3.633512120336575e-22
768.7429228122812 3.6331660529430217e-22
768.8418351635164 3.632820065780091e-22
768.9407475147515 3.632474158817451e-22
769.0396598659867 3.6321283320247793e-22
769.1385722172217 3.6317825853717776e-22
769.2374845684569 3.631436918828158e-22
769.336396919692 3.631091332363648e-22
769.4353092709272 3.6307458259479946e-22
769.5342216221622 3.630400399550956e-22
769.6331339733974 3.630055053142312e-22
769.7320463246325 3.6297097866918516e-22
769.8309586758676 3.6293646001693866e-22
769.9298710271028 3.6290194935447403e-22
770.0287833783378 3.628674466787752e-22
770.127695729573 3.628329519868279e-22
770.2266080808081 3.6279846527561923e-22
770.3255204320433 3.6276398654213807e-22
770.4244327832783 3.6272951578337463e-22
770.5233451345135 3.626950529963211e-22
770.6222574857486 3.626605981779706e-22
770.7211698369838 3.626261513253183e-22
770.8200821882189 3.625917124353611e-22
770.9189945394539 3.625572815050971e-22
771.0179068906891 3.625228585315259e-22
771.1168192419242 3.6248844351164936e-22
771.2157315931594 3.6245403644246995e-22
771.3146439443944 3.624196373209923e-22
771.4135562956296 3.6238524614422275e-22
771.5124686468647 3.623508629091689e-22
771.6113809980999 3.623164876128396e-22
771.710293349335 3.6228212025224613e-22
771.8092057005701 3.622477608244005e-22
771.9081180518052 3.6221340932631685e-22
772.0070304030404 3.6217906575501065e-22
772.1059427542755 3.6214473010749887e-22
772.2048551055105 3.6211040238079993e-22
772.3037674567457 3.620760825719342e-22
772.4026798079808 3.6204177067792373e-22
772.501592159216 3.6200746669579127e-22
772.6005045104511 3.61973170622562e-22
772.6994168616862 3.619388824552622e-22
772.7983292129213 3.6190460219091963e-22
772.8972415641565 3.6187032982656423e-22
772.9961539153916 3.61836065359227e-22
773.0950662666268 3.6180180878594003e-22
773.1939786178618 3.617675601037381e-22
773.2928909690969 3.6173331930965652e-22
773.3918033203321 3.616990864007329e-22
773.4907156715672 3.616648613740056e-22
773.5896280228023 3.616306442265154e-22
773.6885403740374 3.6159643495530424e-22
773.7874527252726 3.61562233557415e-22
773.8863650765077 3.6152804002989327e-22
773.9852774277429 3.6149385436978523e-22
774.0841897789779 3.614596765741392e-22
774.1831021302131 3.6142550664000475e-22
774.2820144814482 3.6139134456443283e-22
774.3809268326833 3.6135719034447638e-22
774.4798391839184 3.613230439771895e-22
774.5787515351535 3.612889054596279e-22
774.6776638863887 3.6125477478884897e-22
774.7765762376238 3.6122065196191173e-22
774.875488588859 3.611865369758762e-22
774.974400940094 3.611524298278046e-22
775.0733132913292 3.6111833051476023e-22
775.1722256425643 3.6108423903380798e-22
775.2711379937995 3.610501553820145e-22
775.3700503450345 3.6101607955644772e-22
775.4689626962697 3.6098201155417707e-22
775.5678750475048 3.60947951372274e-22
775.6667873987399 3.609138990078106e-22
775.765699749975 3.608798544578615e-22
775.8646121012101 3.60845817719502e-22
775.9635244524453 3.608117887898095e-22
776.0624368036804 3.6077776766586264e-22
776.1613491549156 3.6074375434474124e-22
776.2602615061506 3.6070974882352764e-22
776.3591738573858 3.6067575109930488e-22
776.4580862086209 3.6064176116915753e-22
776.5569985598561 3.6060777903017203e-22
776.6559109110912 3.605738046794362e-22
776.7548232623262 3.605398381140394e-22
776.8537356135614 3.6050587933107238e-22
776.9526479647965 3.604719283276273e-22
777.0515603160317 3.6043798510079835e-22
777.1504726672667 3.6040404964768056e-22
777.2493850185019 3.6037012196537107e-22
777.348297369737 3.603362020509681e-22
777.4472097209722 3.6030228990157165e-22
777.5461220722073 3.6026838551428305e-22
777.6450344234424 3.602344888862051e-22
777.7439467746775 3.602006000144425e-22
777.8428591259126 3.6016671889610075e-22
777.9417714771478 3.6013284552828732e-22
778.0406838283828 3.6009897990811137e-22
778.139596179618 3.6006512203268337e-22
778.2385085308531 3.600312718991146e-22
778.3374208820883 3.599974295045193e-22
778.4363332333234 3.5996359484601186e-22
778.5352455845585 3.599297679207087e-22
778.6341579357936 3.5989594872572784e-22
778.7330702870288 3.5986213725818844e-22
778.8319826382639 3.598283335152118e-22
778.9308949894989 3.5979453749392e-22
779.0298073407341 3.5976074919143683e-22
779.1287196919692 3.5972696860488776e-22
779.2276320432044 3.5969319573139974e-22
779.3265443944395 3.596594305681011e-22
779.4254567456746 3.5962567311212107e-22
779.5243690969097 3.5959192336059184e-22
779.6232814481449 3.5955818131064557e-22
779.72219379938 3.5952444695941684e-22
779.8211061506152 3.594907203040414e-22
779.9200185018502 3.594570013416563e-22
780.0189308530854 3.594232900694003e-22
780.1178432043205 3.593895864844138e-22
780.2167555555556 3.593558905838383e-22
780.3156679067907 3.5932220236481683e-22
780.4145802580258 3.592885218244945e-22
780.513492609261 3.592548489600169e-22
780.6124049604961 3.592211837685318e-22
780.7113173117312 3.5918752624718837e-22
780.8102296629663 3.591538763931371e-22
780.9091420142015 3.5912023420352984e-22
781.0080543654366 3.5908659967552033e-22
781.1069667166718 3.590529728062632e-22
781.2058790679068 3.590193535929152e-22
781.3047914191419 3.58985742032634e-22
781.4037037703771 3.589521381225791e-22
781.5026161216122 3.589185418599113e-22
781.6015284728473 3.588849532417926e-22
781.7004408240824 3.588513722653872e-22
781.7993531753176 3.5881779892786007e-22
781.8982655265527 3.5878423322637786e-22
781.9971778777879 3.5875067515810866e-22
782.0960902290229 3.587171247202224e-22
782.1950025802581 3.5868358190988983e-22
782.2939149314932 3.586500467242836e-22
782.3928272827283 3.5861651916057783e-22
782.4917396339634 3.585829992159476e-22
782.5906519851985 3.5854948688756994e-22
782.6895643364337 3.585159821726233e-22
782.7884766876688 3.5848248506828744e-22
782.887389038904 3.584489955717436e-22
782.986301390139 3.5841551368017463e-22
783.0852137413742 3.5838203939076433e-22
783.1841260926093 3.583485727006988e-22
783.2830384438445 3.5831511360716453e-22
783.3819507950795 3.5828166210735045e-22
783.4808631463147 3.5824821819844635e-22
783.5797754975498 3.5821478187764383e-22
783.6786878487849 3.5818135314213554e-22
783.7776002000201 3.5814793198911566e-22
783.8765125512551 3.581145184157803e-22
783.9754249024903 3.580811124193262e-22
784.0743372537254 3.5804771399695245e-22
784.1732496049606 3.580143231458587e-22
784.2721619561956 3.5798093986324653e-22
784.3710743074308 3.579475641463191e-22
784.4699866586659 3.5791419599228077e-22
784.5688990099011 3.578808353983369e-22
784.6678113611362 3.5784748236169537e-22
784.7667237123712 3.578141368795645e-22
784.8656360636064 3.5778079894915454e-22
784.9645484148415 3.5774746856767673e-22
785.0634607660767 3.5771414573234447e-22
785.1623731173117 3.5768083044037205e-22
785.2612854685469 3.576475226889754e-22
785.360197819782 3.5761422247537144e-22
785.4591101710172 3.5758092979677923e-22
785.5580225222523 3.575476446504191e-22
785.6569348734874 3.5751436703351185e-22
785.7558472247225 3.574810969432812e-22
785.8547595759576 3.5744783437695123e-22
785.9536719271928 3.574145793317478e-22
786.0525842784278 3.5738133180489813e-22
786.151496629663 3.5734809179363126e-22
786.2504089808981 3.5731485929517674e-22
786.3493213321333 3.572816343067662e-22
786.4482336833684 3.572484168256333e-22
786.5471460346035 3.5721520684901144e-22
786.6460583858386 3.571820043741369e-22
786.7449707370738 3.5714880939824674e-22
786.8438830883089 3.571156219185797e-22
786.9427954395439 3.5708244193237557e-22
787.0417077907791 3.570492694368761e-22
787.1406201420142 3.570161044293239e-22
787.2395324932494 3.5698294690696326e-22
787.3384448444845 3.569497968670399e-22
787.4373571957196 3.569166543068009e-22
787.5362695469547 3.568835192234947e-22
787.6351818981899 3.5685039161437126e-22
787.734094249425 3.568172714766819e-22
787.8330066006602 3.567841588076793e-22
787.9319189518952 3.5675105360461774e-22
788.0308313031304 3.5671795586475247e-22
788.1297436543655 3.5668486558534063e-22
788.2286560056006 3.566517827636402e-22
788.3275683568357 3.5661870739691157e-22
788.4264807080708 3.565856394824153e-22
788.525393059306 3.5655257901741405e-22
788.6243054105411 3.565195259991719e-22
788.7232177617763 3.564864804249542e-22
788.8221301130113 3.5645344229202735e-22
788.9210424642465 3.5642041159765966e-22
789.0199548154816 3.563873883391209e-22
789.1188671667168 3.563543725136816e-22
789.2177795179518 3.563213641186142e-22
789.3166918691869 3.562883631511927e-22
789.4156042204221 3.5625536960869155e-22
789.5145165716572 3.562223834883878e-22
789.6134289228924 3.561894047875591e-22
789.7123412741274 3.5615643350348484e-22
789.8112536253626 3.561234696334454e-22
789.9101659765977 3.560905131747231e-22
790.0090783278329 3.5605756412460124e-22
790.1079906790679 3.560246224803646e-22
790.2069030303031 3.5599168823929936e-22
790.3058153815382 3.5595876139869326e-22
790.4047277327733 3.5592584195583517e-22
790.5036400840085 3.5589292990801527e-22
790.6025524352435 3.558600252525256e-22
790.7014647864787 3.5582712798665873e-22
790.8003771377138 3.5579423810770976e-22
790.899289488949 3.5576135561297416e-22
790.998201840184 3.557284804997494e-22
791.0971141914192 3.556956127653338e-22
791.1960265426543 3.5566275240702774e-22
791.2949388938895 3.556298994221322e-22
791.3938512451246 3.555970538079502e-22
791.4927635963597 3.555642155617857e-22
791.5916759475948 3.5553138468094427e-22
791.6905882988299 3.554985611627325e-22
791.7895006500651 3.5546574500445904e-22
791.8884130013001 3.5543293620343315e-22
791.9873253525353 3.5540013475696605e-22
792.0862377037704 3.553673406623698e-22
792.1851500550056 3.5533455391695803e-22
792.2840624062407 3.5530177451804633e-22
792.3829747574758 3.5526900246295066e-22
792.4818871087109 3.552362377489887e-22
792.5807994599461 3.5520348037347994e-22
792.6797118111812 3.55170730333745e-22
792.7786241624162 3.5513798762710535e-22
792.8775365136514 3.551052522508843e-22
792.9764488648865 3.5507252420240677e-22
793.0753612161217 3.550398034789985e-22
793.1742735673567 3.5500709007798667e-22
793.2731859185919 3.5497438399670016e-22
793.372098269827 3.5494168523246877e-22
793.4710106210622 3.5490899378262407e-22
793.5699229722973 3.5487630964449877e-22
793.6688353235324 3.54843632815427e-22
793.7677476747675 3.5481096329274393e-22
793.8666600260026 3.547783010737868e-22
793.9655723772378 3.547456461558932e-22
794.0644847284728 3.5471299853640314e-22
794.163397079708 3.546803582126572e-22
794.2623094309431 3.5464772518199765e-22
794.3612217821783 3.54615099441768e-22
794.4601341334134 3.5458248098931296e-22
794.5590464846485 3.54549869821979e-22
794.6579588358836 3.5451726593711357e-22
794.7568711871188 3.5448466933206574e-22
794.8557835383539 3.5445208000418553e-22
794.954695889589 3.5441949795082465e-22
795.0536082408241 3.5438692316933603e-22
795.1525205920592 3.543543556570739e-22
795.2514329432944 3.5432179541139405e-22
795.3503452945295 3.542892424296535e-22
795.4492576457646 3.542566967092102e-22
795.5481699969997 3.54224158247424e-22
795.6470823482349 3.5419162704165576e-22
795.74599469947 3.5415910308926796e-22
795.8449070507052 3.5412658638762413e-22
795.9438194019402 3.5409407693408924e-22
796.0427317531754 3.540615747260294e-22
796.1416441044105 3.54029079760813e-22
796.2405564556456 3.53996592035808e-22
796.3394688068807 3.5396411154838514e-22
796.4383811581158 3.539316382959163e-22
796.537293509351 3.5389917227577415e-22
796.6362058605861 3.5386671348533277e-22
796.7351182118213 3.538342619219683e-22
796.8340305630563 3.5380181758305746e-22
796.9329429142915 3.537693804659782e-22
797.0318552655266 3.537369505681104e-22
797.1307676167618 3.5370452788683504e-22
797.2296799679968 3.5367211241953404e-22
797.3285923192319 3.536397041635912e-22
797.4275046704671 3.536073031163912e-22
797.5264170217022 3.5357490927532066e-22
797.6253293729374 3.5354252263776627e-22
797.7242417241724 3.5351014320111767e-22
797.8231540754076 3.5347777096276465e-22
797.9220664266427 3.534454059200988e-22
798.0209787778779 3.534130480705126e-22
798.119891129113 3.5338069741140054e-22
798.2188034803481 3.533483539401577e-22
798.3177158315832 3.5331601765418065e-22
798.4166281828183 3.5328368855086813e-22
798.5155405340535 3.532513666276188e-22
798.6144528852885 3.5321905188183354e-22
798.7133652365237 3.5318674431091437e-22
798.8122775877588 3.5315444391226454e-22
798.911189938994 3.5312215068328826e-22
799.010102290229 3.53089864621392e-22
799.1090146414642 3.530575857239827e-22
799.2079269926993 3.530253139884687e-22
799.3068393439345 3.5299304941225976e-22
799.4057516951696 3.5296079199276746e-22
799.5046640464047 3.529285417274038e-22
799.6035763976398 3.528962986135823e-22
799.7024887488749 3.5286406264871867e-22
799.8014011001101 3.528318338302285e-22
799.9003134513451 3.527996121555298e-22
799.9992258025803 3.5276739762204133e-22
800.0981381538154 3.527351902271832e-22
800.1970505050506 3.527029899683769e-22
800.2959628562857 3.5267079684304566e-22
800.3948752075208 3.5263861084861314e-22
800.4937875587559 3.5260643198250476e-22
800.5926999099911 3.525742602421473e-22
800.6916122612262 3.5254209562496885e-22
800.7905246124612 3.5250993812839834e-22
800.8894369636964 3.524777877498666e-22
800.9883493149315 3.5244564448680544e-22
801.0872616661667 3.5241350833664777e-22
801.1861740174018 3.523813792968282e-22
801.2850863686369 3.523492573647825e-22
801.383998719872 3.523171425379475e-22
801.4829110711072 3.522850348137616e-22
801.5818234223423 3.522529341896644e-22
801.6807357735775 3.522208406630966e-22
801.7796481248125 3.5218875423150048e-22
801.8785604760476 3.521566748923193e-22
801.9774728272828 3.5212460264299805e-22
802.0763851785179 3.520925374809824e-22
802.175297529753 3.5206047940371966e-22
802.2742098809881 3.5202842840865864e-22
802.3731222322233 3.519963844932489e-22
802.4720345834584 3.5196434765494146e-22
802.5709469346936 3.5193231789118887e-22
802.6698592859286 3.519002951994448e-22
802.7687716371638 3.518682795771642e-22
802.8676839883989 3.5183627102180296e-22
802.966596339634 3.51804269530819e-22
803.0655086908691 3.517722751016708e-22
803.1644210421042 3.5174028773181837e-22
803.2633333933394 3.5170830741872306e-22
803.3622457445745 3.516763341598476e-22
803.4611580958097 3.5164436795265553e-22
803.5600704470447 3.516124087946122e-22
803.6589827982799 3.515804566831837e-22
803.757895149515 3.515485116158379e-22
803.8568075007502 3.5151657359004357e-22
803.9557198519852 3.514846426032711e-22
804.0546322032204 3.5145271865299164e-22
804.1535445544555 3.5142080173667798e-22
804.2524569056906 3.513888918518041e-22
804.3513692569258 3.5135698899584535e-22
804.4502816081608 3.513250931662778e-22
804.549193959396 3.5129320436057967e-22
804.6481063106311 3.5126132257623003e-22
804.7470186618663 3.512294478107085e-22
804.8459310131013 3.5119758006149714e-22
804.9448433643365 3.511657193260785e-22
805.0437557155716 3.511338656019369e-22
805.1426680668068 3.5110201888655735e-22
805.2415804180418 3.5107017917742646e-22
805.3404927692769 3.51038346472032e-22
805.4394051205121 3.5100652076786315e-22
805.5383174717472 3.509747020624102e-22
805.6372298229824 3.509428903531645e-22
805.7361421742174 3.5091108563761916e-22
805.8350545254526 3.50879287913268e-22
805.9339668766877 3.508474971776065e-22
806.0328792279229 3.5081571342813102e-22
806.131791579158 3.507839366623398e-22
806.2307039303931 3.507521668777313e-22
806.3296162816282 3.507204040718063e-22
806.4285286328633 3.5068864824206623e-22
806.5274409840985 3.506568993860136e-22
806.6263533353335 3.5062515750115276e-22
806.7252656865687 3.505934225849889e-22
806.8241780378038 3.505616946350286e-22
806.923090389039 3.5052997364877946e-22
807.022002740274 3.504982596237506e-22
807.1209150915092 3.504665525574524e-22
807.2198274427443 3.504348524473961e-22
807.3187397939795 3.504031592910944e-22
807.4176521452146 3.5037147308606155e-22
807.5165644964497 3.503397938298125e-22
807.6154768476848 3.503081215198638e-22
807.7143891989199 3.5027645615373316e-22
807.8133015501551 3.5024479772893926e-22
807.9122139013901 3.5021314624300247e-22
808.0111262526253 3.50181501693444e-22
808.1100386038604 3.501498640777866e-22
808.2089509550956 3.5011823339355395e-22
808.3078633063307 3.5008660963827115e-22
808.4067756575658 3.500549928094647e-22
808.5056880088009 3.500233829046619e-22
808.6046003600361 3.4999177992139144e-22
808.7035127112712 3.4996018385718354e-22
808.8024250625062 3.4992859470956936e-22
808.9013374137414 3.4989701247608097e-22
809.0002497649765 3.4986543715425265e-22
809.0991621162117 3.4983386874161863e-22
809.1980744674468 3.498023072357154e-22
809.296986818682 3.4977075263408033e-22
809.395899169917 3.49739204934252e-22
809.4948115211522 3.497076641337698e-22
809.5937238723873 3.4967613023017505e-22
809.6926362236225 3.4964460322100976e-22
809.7915485748575 3.4961308310381754e-22
809.8904609260926 3.4958156987614294e-22
809.9893732773278 3.49550063535532e-22
810.0882856285629 3.4951856407953166e-22
810.187197979798 3.494870715056899e-22
810.2861103310331 3.4945558581155693e-22
810.3850226822683 3.494241069946828e-22
810.4839350335034 3.493926350526199e-22
810.5828473847386 3.4936116998292127e-22
810.6817597359736 3.493297117831412e-22
810.7806720872088 3.4929826045083527e-22
810.8795844384439 3.492668159835602e-22
810.978496789679 3.4923537837887443e-22
811.0774091409141 3.492039476343366e-22
811.1763214921492 3.4917252374750743e-22
811.2752338433844 3.491411067159484e-22
811.3741461946195 3.4910969653722244e-22
811.4730585458547 3.4907829320889357e-22
811.5719708970897 3.490468967285269e-22
811.6708832483249 3.4901550709368904e-22
811.76979559956 3.489841243019478e-22
811.8687079507952 3.4895274835087157e-22
811.9676203020302 3.489213792380308e-22
812.0665326532654 3.488900169609965e-22
812.1654450045005 3.4885866151734116e-22
812.2643573557356 3.4882731290463856e-22
812.3632697069708 3.487959711204635e-22
812.4621820582058 3.487646361623921e-22
812.561094409441 3.4873330802800144e-22
812.6600067606761 3.487019867148701e-22
812.7589191119113 3.4867067222057773e-22
812.8578314631463 3.48639364542705e-22
812.9567438143815 3.486080636788341e-22
813.0556561656166 3.4857676962654834e-22
813.1545685168518 3.485454823834318e-22
813.2534808680869 3.485142019470706e-22
813.3523932193219 3.4848292831505105e-22
813.4513055705571 3.4845166148496143e-22
813.5502179217922 3.4842040145439086e-22
813.6491302730274 3.4838914822092956e-22
813.7480426242624 3.4835790178216913e-22
813.8469549754976 3.483266621357028e-22
813.9458673267327 3.4829542927912375e-22
814.0447796779679 3.482642032100277e-22
814.143692029203 3.4823298392601073e-22
814.2426043804381 3.482017714246702e-22
814.3415167316732 3.4817056570360515e-22
814.4404290829083 3.4813936676041495e-22
814.5393414341435 3.4810817459270117e-22
814.6382537853785 3.480769891980655e-22
814.7371661366137 3.4804581057411177e-22
814.8360784878488 3.480146387184444e-22
814.934990839084 3.479834736286692e-22
815.033903190319 3.4795231530239294e-22
815.1328155415542 3.479211637372239e-22
815.2317278927893 3.4789001893077152e-22
815.3306402440245 3.4785888088064605e-22
815.4295525952596 3.478277495844593e-22
815.5284649464948 3.477966250398239e-22
815.6273772977298 3.4776550724435414e-22
815.7262896489649 3.4773439619566474e-22
815.8252020002001 3.4770329189137247e-22
815.9241143514352 3.4767219432909477e-22
816.0230267026703 3.4764110350645012e-22
816.1219390539054 3.4761001942105862e-22
816.2208514051406 3.475789420705412e-22
816.3197637563757 3.475478714525202e-22
816.4186761076108 3.4751680756461877e-22
816.5175884588459 3.4748575040446154e-22
816.6165008100811 3.474546999696741e-22
816.7154131613162 3.474236562578837e-22
816.8143255125512 3.47392619266718e-22
816.9132378637864 3.473615889938063e-22
817.0121502150215 3.473305654367788e-22
817.1110625662567 3.4729954859326744e-22
817.2099749174918 3.4726853846090488e-22
817.308887268727 3.472375350373245e-22
817.407799619962 3.4720653832016156e-22
817.5067119711972 3.471755483070524e-22
817.6056243224323 3.47144564995634e-22
817.7045366736675 3.471135883835452e-22
817.8034490249025 3.470826184684258e-22
817.9023613761376 3.4705165524791603e-22
818.0012737273728 3.4702069871965833e-22
818.1001860786079 3.469897488812954e-22
818.199098429843 3.4695880573047216e-22
818.2980107810781 3.4692786926483335e-22
818.3969231323133 3.468969394820259e-22
818.4958354835484 3.4686601637969765e-22
818.5947478347836 3.468350999554973e-22
818.6936601860186 3.4680419020707487e-22
818.7925725372538 3.4677328713208166e-22
818.8914848884889 3.4674239072817006e-22
818.990397239724 3.467115009929935e-22
819.0893095909591 3.466806179242065e-22
819.1882219421942 3.4664974151946497e-22
819.2871342934294 3.4661887177642593e-22
819.3860466446645 3.4658800869274735e-22
819.4849589958997 3.465571522660886e-22
819.5838713471347 3.465263024941098e-22
819.6827836983699 3.4649545937447263e-22
819.781696049605 3.4646462290483985e-22
819.8806084008402 3.46433793082875e-22
819.9795207520752 3.4640296990624335e-22
820.0784331033104 3.4637215337261075e-22
820.1773454545455 3.463413434796445e-22
820.2762578057806 3.463105402250131e-22
820.3751701570158 3.4627974360638595e-22
820.4740825082508 3.462489536214335e-22
820.572994859486 3.462181702678279e-22
820.6719072107211 3.46187393543242e-22
820.7708195619563 3.461566234453498e-22
820.8697319131913 3.4612585997182636e-22
820.9686442644265 3.4609510312034813e-22
821.0675566156616 3.460643528885928e-22
821.1664689668968 3.4603360927423843e-22
821.2653813181319 3.460028722749654e-22
821.3642936693669 3.4597214188845414e-22
821.4632060206021 3.4594141811238675e-22
821.5621183718372 3.4591070094444643e-22
821.6610307230724 3.458799903823175e-22
821.7599430743074 3.458492864236852e-22
821.8588554255426 3.45818589066236e-22
821.9577677767777 3.4578789830765764e-22
822.0566801280129 3.457572141456392e-22
822.155592479248 3.457265365778701e-22
822.2545048304831 3.456958656020417e-22
822.3534171817182 3.45665201215846e-22
822.4523295329533 3.4563454341697614e-22
822.5512418841885 3.4560389220312672e-22
822.6501542354235 3.455732475719933e-22
822.7490665866587 3.455426095212725e-22
822.8479789378938 3.4551197804866207e-22
822.946891289129 3.454813531518607e-22
823.045803640364 3.454507348285687e-22
823.1447159915992 3.454201230764871e-22
823.2436283428343 3.453895178933183e-22
823.3425406940695 3.4535891927676527e-22
823.4414530453046 3.4532832722453292e-22
823.5403653965398 3.452977417343264e-22
823.6392777477748 3.452671628038531e-22
823.7381900990099 3.4523659043082015e-22
823.8371024502451 3.4520602461293693e-22
823.9360148014802 3.4517546534791346e-22
824.0349271527153 3.4514491263346085e-22
824.1338395039504 3.451143664672915e-22
824.2327518551856 3.450838268471186e-22
824.3316642064207 3.450532937706565e-22
824.4305765576559 3.450227672356214e-22
824.5294889088909 3.449922472397297e-22
824.6284012601261 3.449617337806994e-22
824.7273136113612 3.449312268562491e-22
824.8262259625963 3.449007264640993e-22
824.9251383138314 3.448702326019709e-22
825.0240506650665 3.4483974526758627e-22
825.1229630163017 3.4480926445866877e-22
825.2218753675368 3.447787901729429e-22
825.320787718772 3.4474832240813412e-22
825.419700070007 3.4471786116196928e-22
825.5186124212422 3.446874064321763e-22
825.6175247724773 3.4465695821648394e-22
825.7164371237125 3.4462651651262214e-22
825.8153494749475 3.44596081318322e-22
825.9142618261826 3.4456565263131586e-22
826.0131741774178 3.4453523044933693e-22
826.1120865286529 3.445048147701197e-22
826.210998879888 3.444744055913995e-22
826.3099112311231 3.444440029109131e-22
826.4088235823583 3.444136067263982e-22
826.5077359335934 3.4438321703559363e-22
826.6066482848286 3.4435283383623886e-22
826.7055606360636 3.443224571260755e-22
826.8044729872988 3.4429208690284515e-22
826.9033853385339 3.442617231642914e-22
827.002297689769 3.44231365908158e-22
827.1012100410042 3.4420101513219068e-22
827.2001223922392 3.4417067083413583e-22
827.2990347434744 3.44140333011741e-22
827.3979470947095 3.4411000166275475e-22
827.4968594459447 3.440796767849269e-22
827.5957717971797 3.44049358376008e-22
827.6946841484149 3.440190464337502e-22
827.79359649965 3.4398874095590663e-22
827.8925088508852 3.4395844194023106e-22
827.9914212021203 3.439281493844787e-22
828.0903335533554 3.4389786328640576e-22
828.1892459045905 3.438675836437696e-22
828.2881582558256 3.4383731045432904e-22
828.3870706070608 3.438070437158429e-22
828.4859829582958 3.437767834260722e-22
828.584895309531 3.4374652958277853e-22
828.6838076607661 3.437162821837245e-22
828.7827200120013 3.4368604122667397e-22
828.8816323632363 3.436558067093921e-22
828.9805447144715 3.436255786296445e-22
829.0794570657066 3.435953569851984e-22
829.1783694169418 3.43565141773822e-22
829.2772817681769 3.4353493299328446e-22
829.3761941194119 3.4350473064135613e-22
829.4751064706471 3.4347453471580835e-22
829.5740188218822 3.4344434521441346e-22
829.6729311731174 3.4341416213494503e-22
829.7718435243524 3.433839854751778e-22
829.8707558755876 3.4335381523288727e-22
829.9696682268227 3.4332365140585025e-22
830.0685805780579 3.432934939918446e-22
830.167492929293 3.432633429886493e-22
830.2664052805281 3.43233198394044e-22
830.3653176317632 3.4320306020580985e-22
830.4642299829983 3.43172928421729e-22
830.5631423342335 3.431428030395848e-22
830.6620546854685 3.4311268405716125e-22
830.7609670367037 3.4308257147224354e-22
830.8598793879388 3.4305246528261837e-22
830.958791739174 3.430223654860729e-22
831.0577040904091 3.4299227208039584e-22
831.1566164416442 3.4296218506337647e-22
831.2555287928793 3.4293210443280577e-22
831.3544411441145 3.4290203018647527e-22
831.4533534953496 3.4287196232217755e-22
831.5522658465848 3.4284190083770675e-22
831.6511781978198 3.428118457308578e-22
831.7500905490549 3.427817969994262e-22
831.8490029002901 3.427517546412092e-22
831.9479152515252 3.4272171865400495e-22
832.0468276027603 3.426916890356126e-22
832.1457399539954 3.4266166578383195e-22
832.2446523052306 3.4263164889646465e-22
832.3435646564657 3.4260163837131293e-22
832.4424770077009 3.425716342061799e-22
832.5413893589359 3.425416363988703e-22
832.6403017101711 3.425116449471893e-22
832.7392140614062 3.424816598489436e-22
832.8381264126413 3.4245168110194067e-22
832.9370387638764 3.4242170870398913e-22
833.0359511151115 3.423917426528987e-22
833.1348634663467 3.423617829464802e-22
833.2337758175818 3.4233182958254544e-22
833.332688168817 3.4230188255890688e-22
833.431600520052 3.422719418733788e-22
833.5305128712872 3.4224200752377586e-22
833.6294252225223 3.4221207950791424e-22
833.7283375737575 3.4218215782361093e-22
833.8272499249925 3.4215224246868397e-22
833.9261622762276 3.4212233344095236e-22
834.0250746274628 3.420924307382364e-22
834.1239869786979 3.420625343583575e-22
834.222899329933 3.420326442991375e-22
834.3218116811681 3.420027605583999e-22
834.4207240324033 3.419728831339693e-22
834.5196363836384 3.419430120236707e-22
834.6185487348736 3.4191314722533036e-22
834.7174610861086 3.418832887367765e-22
834.8163734373438 3.4185343655583696e-22
834.9152857885789 3.418235906803416e-22
835.014198139814 3.41793751108121e-22
835.1131104910492 3.417639178370067e-22
835.2120228422842 3.4173409086483123e-22
835.3109351935194 3.4170427018942875e-22
835.4098475447545 3.4167445580863376e-22
835.5087598959897 3.416446477202818e-22
835.6076722472247 3.4161484592220983e-22
835.7065845984599 3.4158505041225605e-22
835.805496949695 3.4155526118825893e-22
835.9044093009302 3.415254782480585e-22
836.0033216521653 3.4149570158949606e-22
836.1022340034004 3.4146593121041307e-22
836.2011463546355 3.4143616710865276e-22
836.3000587058706 3.414064092820592e-22
836.3989710571058 3.4137665772847756e-22
836.4978834083408 3.4134691244575377e-22
836.596795759576 3.4131717343173517e-22
836.6957081108111 3.412874406842698e-22
836.7946204620463 3.4125771420120695e-22
836.8935328132814 3.412279939803966e-22
836.9924451645165 3.411982800196904e-22
837.0913575157516 3.411685723169404e-22
837.1902698669868 3.411388708699999e-22
837.2891822182219 3.411091756767234e-22
837.3880945694569 3.4107948673496593e-22
837.4870069206921 3.4104980404258406e-22
837.5859192719272 3.4102012759743552e-22
837.6848316231624 3.409904573973783e-22
837.7837439743975 3.4096079344027186e-22
837.8826563256326 3.4093113572397684e-22
837.9815686768677 3.4090148424635474e-22
838.0804810281029 3.40871839005268e-22
838.179393379338 3.4084219999857994e-22
838.2783057305732 3.408125672241554e-22
838.3772180818082 3.407829406798602e-22
838.4761304330433 3.4075332036356045e-22
838.5750427842785 3.407237062731238e-22
838.6739551355136 3.4069409840641925e-22
838.7728674867487 3.4066449676131602e-22
838.8717798379838 3.406349013356847e-22
838.970692189219 3.406053121273975e-22
839.0696045404541 3.4057572913432664e-22
839.1685168916893 3.40546152354346e-22
839.2674292429243 3.4051658178533017e-22
839.3663415941595 3.4048701742515495e-22
839.4652539453946 3.404574592716971e-22
839.5641662966298 3.404279073228343e-22
839.6630786478648 3.403983615764453e-22
839.7619909990999 3.4036882203040987e-22
839.8609033503351 3.403392886826088e-22
839.9598157015702 3.403097615309238e-22
840.0587280528053 3.402802405732378e-22
840.1576404040404 3.4025072580743446e-22
840.2565527552756 3.402212172313987e-22
840.3554651065107 3.401917148430162e-22
840.4543774577459 3.401622186401739e-22
840.5532898089809 3.401327286207595e-22
840.6522021602161 3.401032447826617e-22
840.7511145114512 3.400737671237707e-22
840.8500268626863 3.400442956419771e-22
840.9489392139214 3.400148303351727e-22
841.0478515651565 3.399853712012504e-22
841.1467639163917 3.39955918238104e-22
841.2456762676268 3.3992647144362827e-22
841.344588618862 3.398970308157192e-22
841.443500970097 3.3986759635227356e-22
841.5424133213322 3.398381680511892e-22
841.6413256725673 3.3980874591036485e-22
841.7402380238025 3.3977932992770034e-22
841.8391503750375 3.397499201010965e-22
841.9380627262726 3.397205164284554e-22
842.0369750775078 3.3969111890767965e-22
842.1358874287429 3.3966172753667284e-22
842.2347997799781 3.3963234231334026e-22
842.3337121312131 3.3960296323558736e-22
842.4326244824483 3.395735903013209e-22
842.5315368336834 3.395442235084489e-22
842.6304491849186 3.3951486285488e-22
842.7293615361536 3.394855083385241e-22
842.8282738873888 3.394561599572918e-22
842.9271862386239 3.394268177090949e-22
843.026098589859 3.3939748159184603e-22
843.1250109410942 3.3936815160345906e-22
843.2239232923292 3.3933882774184876e-22
843.3228356435644 3.393095100049306e-22
843.4217479947995 3.3928019839062153e-22
843.5206603460347 3.3925089289683917e-22
843.6195726972697 3.392215935215021e-22
843.7184850485049 3.391923002625301e-22
843.81739739974 3.3916301311784346e-22
843.9163097509752 3.3913373208536428e-22
844.0152221022103 3.3910445716301483e-22
844.1141344534454 3.3907518834871877e-22
844.2130468046805 3.3904592564040074e-22
844.3119591559156 3.3901666903598637e-22
844.4108715071508 3.389874185334017e-22
844.5097838583858 3.38958174130575e-22
844.608696209621 3.389289358254342e-22
844.7076085608561 3.3889970361590888e-22
844.8065209120913 3.3887047749992966e-22
844.9054332633264 3.3884125747542777e-22
845.0043456145615 3.3881204354033583e-22
845.1032579657966 3.38782835692587e-22
845.2021703170318 3.3875363393011583e-22
845.3010826682669 3.387244382508574e-22
845.399995019502 3.3869524865274827e-22
845.4989073707371 3.386660651337258e-22
845.5978197219722 3.3863688769172795e-22
845.6967320732074 3.3860771632469407e-22
845.7956444244425 3.385785510305645e-22
845.8945567756776 3.3854939180728027e-22
845.9934691269127 3.385202386527834e-22
846.0923814781479 3.384910915650174e-22
846.191293829383 3.3846195054192615e-22
846.2902061806182 3.384328155814546e-22
846.3891185318532 3.384036866815489e-22
846.4880308830883 3.383745638401561e-22
846.5869432343235 3.3834544705522413e-22
846.6858555855586 3.383163363247019e-22
846.7847679367937 3.3828723164653935e-22
846.8836802880288 3.382581330186874e-22
846.982592639264 3.3822904043909777e-22
847.0815049904991 3.3819995390572324e-22
847.1804173417343 3.381708734165176e-22
847.2793296929693 3.381417989694357e-22
847.3782420442045 3.381127305624332e-22
847.4771543954396 3.3808366819346675e-22
847.5760667466748 3.3805461186049393e-22
847.6749790979098 3.380255615614734e-22
847.7738914491449 3.379965172943644e-22
847.8728038003801 3.379674790571278e-22
847.9717161516152 3.3793844684772513e-22
848.0706285028504 3.379094206641184e-22
848.1695408540854 3.3788040050427123e-22
848.2684532053206 3.37851386366148e-22
848.3673655565557 3.3782237824771404e-22
848.4662779077909 3.3779337614693533e-22
848.5651902590259 3.3776438006177954e-22
848.6641026102611 3.3773538999021445e-22
848.7630149614962 3.3770640593020924e-22
848.8619273127313 3.3767742787973415e-22
848.9608396639665 3.3764845583676024e-22
849.0597520152015 3.376194897992594e-22
849.1586643664367 3.375905297652044e-22
849.2575767176718 3.3756157573256925e-22
849.356489068907 3.3753262769932903e-22
849.455401420142 3.3750368566345935e-22
849.5543137713772 3.374747496229368e-22
849.6532261226123 3.374458195757393e-22
849.7521384738475 3.3741689551984566e-22
849.8510508250826 3.3738797745323495e-22
849.9499631763176 3.3735906537388833e-22
850.0488755275528 3.373301592797869e-22
850.1477878787879 3.37301259168913e-22
850.2467002300231 3.3727236503925047e-22
850.3456125812581 3.372434768887833e-22
850.4445249324933 3.372145947154968e-22
850.5434372837284 3.371857185173773e-22
850.6423496349636 3.37156848292412e-22
850.7412619861987 3.371279840385889e-22
850.8401743374338 3.3709912575389722e-22
850.9390866886689 3.3707027343632676e-22
851.037999039904 3.370414270838687e-22
851.1369113911392 3.370125866945145e-22
851.2358237423742 3.3698375226625746e-22
851.3347360936094 3.369549237970913e-22
851.4336484448445 3.369261012850103e-22
851.5325607960797 3.3689728472801056e-22
851.6314731473148 3.368684741240886e-22
851.7303854985499 3.368396694712418e-22
851.829297849785 3.3681087076746857e-22
851.9282102010202 3.3678207801076864e-22
852.0271225522553 3.36753291199142e-22
852.1260349034904 3.3672451033059e-22
852.2249472547255 3.366957354031152e-22
852.3238596059606 3.366669664147202e-22
852.4227719571958 3.366382033634094e-22
852.5216843084308 3.366094462471877e-22
852.620596659666 3.3658069506406125e-22
852.7195090109011 3.3655194981203664e-22
852.8184213621363 3.3652321048912185e-22
852.9173337133714 3.364944770933258e-22
853.0162460646065 3.364657496226578e-22
853.1151584158416 3.364370280751286e-22
853.2140707670768 3.364083124487497e-22
853.3129831183119 3.3637960274153377e-22
853.411895469547 3.36350898951494e-22
853.5108078207821 3.3632220107664463e-22
853.6097201720172 3.3629350911500134e-22
853.7086325232524 3.362648230645797e-22
853.8075448744875 3.3623614292339746e-22
853.9064572257226 3.3620746868947207e-22
854.0053695769577 3.3617880036082296e-22
854.1042819281929 3.3615013793546968e-22
854.203194279428 3.361214814114333e-22
854.3021066306632 3.3609283078673523e-22
854.4010189818982 3.3606418605939825e-22
854.4999313331333 3.360355472274462e-22
854.5988436843685 3.3600691428890325e-22
854.6977560356036 3.3597828724179495e-22
854.7966683868387 3.3594966608414756e-22
854.8955807380738 3.3592105081398854e-22
854.994493089309 3.358924414293458e-22
855.0934054405441 3.3586383792824883e-22
855.1923177917793 3.358352403087273e-22
855.2912301430143 3.358066485688122e-22
855.3901424942495 3.357780627065354e-22
855.4890548454846 3.357494827199299e-22
855.5879671967198 3.3572090860702913e-22
855.6868795479548 3.3569234036586783e-22
855.7857918991899 3.3566377799448152e-22
855.8847042504251 3.356352214909065e-22
855.9836166016602 3.3560667085318027e-22
856.0825289528954 3.3557812607934096e-22
856.1814413041304 3.35549587167428e-22
856.2803536553656 3.355210541154812e-22
856.3792660066007 3.35492526921542e-22
856.4781783578359 3.3546400558365166e-22
856.577090709071 3.354354900998535e-22
856.6760030603061 3.3540698046819123e-22
856.7749154115412 3.3537847668670926e-22
856.8738277627763 3.353499787534534e-22
856.9727401140115 3.3532148666646986e-22
857.0716524652465 3.352930004238064e-22
857.1705648164817 3.352645200235111e-22
857.2694771677168 3.352360454636329e-22
857.368389518952 3.3520757674222233e-22
857.467301870187 3.351791138573301e-22
857.5662142214222 3.351506568070083e-22
857.6651265726573 3.351222055893097e-22
857.7640389238925 3.35093760202288e-22
857.8629512751276 3.3506532064399793e-22
857.9618636263626 3.3503688691249477e-22
858.0607759775978 3.3500845900583527e-22
858.1596883288329 3.3498003692207655e-22
858.2586006800681 3.3495162065927695e-22
858.3575130313031 3.349232102154955e-22
858.4564253825383 3.348948055887926e-22
858.5553377337734 3.3486640677722855e-22
858.6542500850086 3.3483801377886583e-22
858.7531624362437 3.3480962659176675e-22
858.8520747874788 3.3478124521399535e-22
858.9509871387139 3.347528696436157e-22
859.049899489949 3.347244998786938e-22
859.1488118411842 3.346961359172954e-22
859.2477241924192 3.346677777574882e-22
859.3466365436544 3.3463942539734005e-22
859.4455488948895 3.3461107883492014e-22
859.5444612461247 3.345827380682982e-22
859.6433735973598 3.3455440309554537e-22
859.7422859485949 3.34526073914733e-22
859.84119829983 3.344977505239339e-22
859.9401106510652 3.344694329212215e-22
860.0390230023003 3.344411211046704e-22
860.1379353535355 3.344128150723555e-22
860.2368477047705 3.343845148223532e-22
860.3357600560056 3.3435622035274063e-22
860.4346724072408 3.3432793166159557e-22
860.5335847584759 3.34299648746997e-22
860.632497109711 3.342713716070246e-22
860.7314094609461 3.3424310023975893e-22
860.8303218121813 3.3421483464328154e-22
860.9292341634164 3.3418657481567494e-22
861.0281465146516 3.3415832075502227e-22
861.1270588658866 3.3413007245940777e-22
861.2259712171218 3.3410182992691656e-22
861.3248835683569 3.340735931556346e-22
861.423795919592 3.340453621436486e-22
861.5227082708271 3.340171368890461e-22
861.6216206220622 3.339889173899161e-22
861.7205329732974 3.339607036443479e-22
861.8194453245325 3.339324956504319e-22
861.9183576757677 3.3390429340625926e-22
862.0172700270027 3.3387609690992226e-22
862.1161823782379 3.338479061595138e-22
862.215094729473 3.338197211531276e-22
862.3140070807082 3.3379154188885893e-22
862.4129194319432 3.3376336836480295e-22
862.5118317831783 3.3373520057905656e-22
862.6107441344135 3.3370703852971687e-22
862.7096564856486 3.3367888221488257e-22
862.8085688368838 3.3365073163265225e-22
862.9074811881188 3.3362258678112645e-22
863.006393539354 3.335944476584059e-22
863.1053058905891 3.335663142625924e-22
863.2042182418243 3.3353818659178863e-22
863.3031305930593 3.335100646440981e-22
863.4020429442945 3.3348194841762533e-22
863.5009552955296 3.3345383791047584e-22
863.5998676467648 3.3342573312075525e-22
863.6987799979998 3.33397634046571e-22
863.7976923492349 3.3336954068603094e-22
863.8966047004701 3.3334145303724395e-22
863.9955170517052 3.333133710983194e-22
864.0944294029404 3.3328529486736807e-22
864.1933417541754 3.3325722434250147e-22
864.2922541054106 3.332291595218315e-22
864.3911664566457 3.332011004034716e-22
864.4900788078809 3.331730469855357e-22
864.588991159116 3.331449992661389e-22
864.6879035103511 3.331169572433965e-22
864.7868158615862 3.3308892091542545e-22
864.8857282128213 3.330608902803431e-22
864.9846405640565 3.3303286533626773e-22
865.0835529152915 3.33004846081319e-22
865.1824652665267 3.3297683251361654e-22
865.2813776177618 3.3294882463128146e-22
865.380289968997 3.3292082243243557e-22
865.479202320232 3.328928259152016e-22
865.5781146714672 3.3286483507770283e-22
865.6770270227023 3.3283684991806396e-22
865.7759393739375 3.3280887043441025e-22
865.8748517251726 3.327808966248677e-22
865.9737640764076 3.327529284875633e-22
866.0726764276428 3.327249660206251e-22
866.1715887788779 3.326970092221816e-22
866.2705011301131 3.3266905809036223e-22
866.3694134813481 3.3264111262329776e-22
866.4683258325833 3.3261317281911935e-22
866.5672381838184 3.325852386759591e-22
866.6661505350536 3.3255731019195017e-22
866.7650628862887 3.3252938736522635e-22
866.8639752375238 3.325014701939222e-22
866.9628875887589 3.324735586761736e-22
867.061799939994 3.324456528101167e-22
867.1607122912292 3.3241775259388898e-22
867.2596246424642 3.3238985802562852e-22
867.3585369936994 3.323619691034742e-22
867.4574493449345 3.3233408582556614e-22
867.5563616961697 3.323062081900447e-22
867.6552740474048 3.322783361950517e-22
867.75418639864 3.3225046983872965e-22
867.853098749875 3.322226091192217e-22
867.9520111011102 3.3219475403467183e-22
868.0509234523453 3.3216690458322505e-22
868.1498358035805 3.321390607630272e-22
868.2487481548155 3.3211122257222505e-22
868.3476605060506 3.32083390008966e-22
868.4465728572858 3.3205556307139855e-22
868.5454852085209 3.320277417576717e-22
868.644397559756 3.319999260659355e-22
868.7433099109911 3.31972115994341e-22
868.8422222622263 3.3194431154104023e-22
868.9411346134614 3.319165127041854e-22
869.0400469646966 3.3188871948193e-22
869.1389593159316 3.318609318724285e-22
869.2378716671668 3.3183314987383585e-22
869.3367840184019 3.318053734843081e-22
869.435696369637 3.317776027020023e-22
869.5346087208721 3.317498375250757e-22
869.6335210721072 3.3172207795168697e-22
869.7324334233424 3.3169432397999556e-22
869.8313457745775 3.3166657560816186e-22
869.9302581258127 3.3163883283434658e-22
870.0291704770477 3.3161109565671176e-22
870.1280828282829 3.3158336407341984e-22
870.226995179518 3.3155563808263483e-22
870.3259075307532 3.315279176825209e-22
870.4248198819882 3.3150020287124316e-22
870.5237322332233 3.31472493646968e-22
870.6226445844585 3.31444790007862e-22
870.7215569356936 3.314170919520932e-22
870.8204692869288 3.3138939947782995e-22
870.9193816381638 3.3136171258324206e-22
871.018293989399 3.313340312664995e-22
871.1172063406341 3.3130635552577307e-22
871.2161186918693 3.312786853592354e-22
871.3150310431043 3.3125102076505863e-22
871.4139433943395 3.3122336174141693e-22
871.5128557455746 3.311957082864842e-22
871.6117680968098 3.31168060398436e-22
871.7106804480449 3.3114041807544847e-22
871.8095927992799 3.3111278131569855e-22
871.9085051505151 3.3108515011736386e-22
872.0074175017502 3.3105752447862307e-22
872.1063298529854 3.3102990439765546e-22
872.2052422042204 3.3100228987264144e-22
872.3041545554556 3.3097468090176234e-22
872.4030669066907 3.3094707748319948e-22
872.5019792579259 3.309194796151361e-22
872.600891609161 3.3089188729575594e-22
872.6998039603961 3.308643005232427e-22
872.7987163116312 3.3083671929578215e-22
872.8976286628663 3.308091436115603e-22
872.9965410141015 3.3078157346876385e-22
873.0954533653365 3.3075400886558056e-22
873.1943657165717 3.3072644980019897e-22
873.2932780678068 3.306988962708086e-22
873.392190419042 3.3067134827559944e-22
873.491102770277 3.306438058127627e-22
873.5900151215122 3.3061626888048994e-22
873.6889274727473 3.3058873747697397e-22
873.7878398239825 3.3056121160040833e-22
873.8867521752176 3.3053369124898734e-22
873.9856645264526 3.305061764209058e-22
874.0845768776878 3.304786671143601e-22
874.1834892289229 3.3045116332754653e-22
874.2824015801581 3.3042366505866327e-22
874.3813139313932 3.3039617230590814e-22
874.4802262826283 3.3036868506748056e-22
874.5791386338634 3.303412033415809e-22
874.6780509850986 3.303137271264095e-22
874.7769633363337 3.3028625642016836e-22
874.8758756875689 3.302587912210598e-22
874.9747880388039 3.302313315272874e-22
875.073700390039 3.302038773370552e-22
875.1726127412742 3.301764286485677e-22
875.2715250925093 3.3014898546003126e-22
875.3704374437444 3.3012154776965217e-22
875.4693497949795 3.3009411557563777e-22
875.5682621462147 3.300666888761964e-22
875.6671744974498 3.30039267669537e-22
875.766086848685 3.300118519538695e-22
875.86499919992 3.2998444172740436e-22
875.9639115511552 3.2995703698835324e-22
876.0628239023903 3.2992963773492837e-22
876.1617362536255 3.299022439653426e-22
876.2606486048605 3.2987485567780994e-22
876.3595609560956 3.2984747287054533e-22
876.4584733073308 3.298200955417641e-22
876.5573856585659 3.2979272368968215e-22
876.656298009801 3.2976535731251733e-22
876.7552103610361 3.2973799640848726e-22
876.8541227122713 3.297106409758105e-22
876.9530350635064 3.296832910127067e-22
877.0519474147416 3.2965594651739655e-22
877.1508597659766 3.2962860748810085e-22
877.2497721172118 3.296012739230415e-22
877.3486844684469 3.2957394582044157e-22
877.447596819682 3.2954662317852444e-22
877.5465091709171 3.2951930599551453e-22
877.6454215221522 3.2949199426963704e-22
877.7443338733874 3.294646879991179e-22
877.8432462246225 3.2943738718218412e-22
877.9421585758577 3.2941009181706303e-22
878.0410709270927 3.293828019019832e-22
878.1399832783279 3.293555174351737e-22
878.238895629563 3.2932823841486476e-22
878.3378079807982 3.29300964839287e-22
878.4367203320332 3.2927369670667195e-22
878.5356326832683 3.292464340152521e-22
878.6345450345035 3.2921917676326087e-22
878.7334573857386 3.2919192494893185e-22
878.8323697369738 3.2916467857050004e-22
878.9312820882088 3.291374376262012e-22
879.030194439444 3.291102021142715e-22
879.1291067906791 3.290829720329482e-22
879.2280191419143 3.290557473804693e-22
879.3269314931493 3.2902852815507365e-22
879.4258438443845 3.2900131435500087e-22
879.5247561956196 3.289741059784909e-22
879.6236685468548 3.289469030237854e-22
879.7225808980899 3.289197054891263e-22
879.8214932493249 3.2889251337275616e-22
879.9204056005601 3.2886532667291852e-22
880.0193179517952 3.2883814538785794e-22
880.1182303030304 3.288109695158194e-22
880.2171426542654 3.287837990550488e-22
880.3160550055006 3.287566340037929e-22
880.4149673567357 3.2872947436029937e-22
880.5138797079709 3.287023201228164e-22
880.612792059206 3.286751712895932e-22
880.7117044104411 3.2864802785887933e-22
880.8106167616762 3.286208898289255e-22
880.9095291129113 3.285937571979837e-22
881.0084414641465 3.2856662996430554e-22
881.1073538153815 3.285395081261445e-22
881.2062661666167 3.2851239168175413e-22
881.3051785178518 3.2848528062938922e-22
881.404090869087 3.2845817496730515e-22
881.5030032203221 3.284310746937581e-22
881.6019155715572 3.284039798070048e-22
881.7008279227923 3.283768903053033e-22
881.7997402740275 3.2834980618691215e-22
881.8986526252626 3.283227274500905e-22
881.9975649764976 3.2829565409309863e-22
882.0964773277328 3.2826858611419727e-22
882.1953896789679 3.282415235116482e-22
882.2943020302031 3.28214466283714e-22
882.3932143814382 3.281874144286575e-22
882.4921267326733 3.281603679447431e-22
882.5910390839084 3.281333268302355e-22
882.6899514351436 3.2810629108340033e-22
882.7888637863787 3.2807926070250387e-22
882.8877761376139 3.2805223568581323e-22
882.9866884888489 3.280252160315966e-22
883.085600840084 3.279982017381223e-22
883.1845131913192 3.2797119280366003e-22
883.2834255425543 3.279441892264801e-22
883.3823378937894 3.279171910048534e-22
883.4812502450245 3.2789019813705184e-22
883.5801625962597 3.2786321062134803e-22
883.6790749474948 3.278362284560153e-22
883.77798729873 3.278092516393277e-22
883.876899649965 3.2778228016956037e-22
883.9758120012002 3.277553140449888e-22
884.0747243524353 3.277283532638895e-22
884.1736367036705 3.2770139782453967e-22
884.2725490549055 3.2767444772521747e-22
884.3714614061406 3.276475029642017e-22
884.4703737573758 3.276205635397717e-22
884.5692861086109 3.2759362945020805e-22
884.668198459846 3.2756670069379163e-22
884.7671108110811 3.2753977726880455e-22
884.8660231623163 3.2751285917352944e-22
884.9649355135514 3.274859464062494e-22
885.0638478647866 3.2745903896524892e-22
885.1627602160216 3.274321368488129e-22
885.2616725672568 3.274052400552271e-22
885.3605849184919 3.2737834858277772e-22
885.459497269727 3.273514624297527e-22
885.5584096209622 3.273245815944393e-22
885.6573219721972 3.2729770607512687e-22
885.7562343234324 3.2727083587010457e-22
885.8551466746675 3.2724397097766306e-22
885.9540590259027 3.2721711139609314e-22
886.0529713771377 3.2719025712368713e-22
886.1518837283729 3.271634081587372e-22
886.250796079608 3.271365644995369e-22
886.3497084308432 3.2710972614438025e-22
886.4486207820783 3.270828930915626e-22
886.5475331333133 3.270560653393793e-22
886.6464454845485 3.270292428861268e-22
886.7453578357836 3.270024257301025e-22
886.8442701870188 3.2697561386960413e-22
886.9431825382538 3.269488073029306e-22
887.042094889489 3.2692200602838114e-22
887.1410072407241 3.268952100442566e-22
887.2399195919593 3.2686841934885734e-22
887.3388319431944 3.2684163394048546e-22
887.4377442944295 3.2681485381744355e-22
887.5366566456646 3.2678807897803466e-22
887.6355689968998 3.2676130942056313e-22
887.7344813481349 3.267345451433336e-22
887.8333936993699 3.267077861446516e-22
887.9323060506051 3.2668103242282365e-22
888.0312184018402 3.266542839761566e-22
888.1301307530754 3.2662754080295856e-22
888.2290431043104 3.2660080290153776e-22
888.3279554555456 3.26574070270204e-22
888.4268678067807 3.2654734290726715e-22
888.5257801580159 3.2652062081103783e-22
888.624692509251 3.2649390397982816e-22
888.7236048604861 3.264671924119502e-22
888.8225172117212 3.264404861057172e-22
888.9214295629563 3.264137850594428e-22
889.0203419141915 3.2638708927144203e-22
889.1192542654265 3.263603987400299e-22
889.2181666166617 3.263337134635226e-22
889.3170789678968 3.2630703344023738e-22
889.415991319132 3.2628035866849134e-22
889.5149036703671 3.262536891466031e-22
889.6138160216022 3.2622702487289204e-22
889.7127283728373 3.2620036584567775e-22
889.8116407240725 3.261737120632808e-22
889.9105530753076 3.2614706352402297e-22
890.0094654265426 3.2612042022622596e-22
890.1083777777778 3.260937821682129e-22
890.2072901290129 3.2606714934830746e-22
890.3062024802481 3.260405217648338e-22
890.4051148314832 3.260138994161171e-22
890.5040271827183 3.2598728230048335e-22
890.6029395339534 3.2596067041625907e-22
890.7018518851886 3.259340637617715e-22
890.8007642364237 3.2590746233534897e-22
890.8996765876589 3.2588086613532034e-22
890.9985889388939 3.25854275160015e-22
891.097501290129 3.2582768940776338e-22
891.1964136413642 3.2580110887689646e-22
891.2953259925993 3.257745335657464e-22
891.3942383438344 3.2574796347264536e-22
891.4931506950695 3.2572139859592676e-22
891.5920630463047 3.256948389339248e-22
891.6909753975398 3.256682844849742e-22
891.789887748775 3.2564173524741034e-22
891.88880010001 3.2561519121956973e-22
891.9877124512452 3.2558865239978915e-22
892.0866248024803 3.255621187864066e-22
892.1855371537155 3.255355903777602e-22
892.2844495049505 3.2550906717218955e-22
892.3833618561856 3.254825491680343e-22
892.4822742074208 3.2545603636363547e-22
892.5811865586559 3.2542952875733435e-22
892.6800989098911 3.254030263474728e-22
892.7790112611261 3.2537652913239424e-22
892.8779236123613 3.2535003711044213e-22
892.9768359635964 3.253235502799608e-22
893.0757483148316 3.252970686392955e-22
893.1746606660666 3.252705921867918e-22
893.2735730173018 3.2524412092079647e-22
893.3724853685369 3.252176548396569e-22
893.471397719772 3.2519119394172124e-22
893.5703100710072 3.25164738225338e-22
893.6692224222422 3.251382876888568e-22
893.7681347734774 3.251118423306278e-22
893.8670471247125 3.2508540214900205e-22
893.9659594759477 3.2505896714233155e-22
894.0648718271827 3.2503253730896834e-22
894.1637841784179 3.2500611264726587e-22
894.262696529653 3.2497969315557776e-22
894.3616088808882 3.24953278832259e-22
894.4605212321233 3.249268696756649e-22
894.5594335833583 3.2490046568415124e-22
894.6583459345935 3.2487406685607508e-22
894.7572582858286 3.2484767318979397e-22
894.8561706370638 3.2482128468366613e-22
894.9550829882988 3.247949013360505e-22
895.053995339534 3.247685231453071e-22
895.1529076907691 3.2474215010979624e-22
895.2518200420043 3.2471578222787877e-22
895.3507323932394 3.2468941949791724e-22
895.4496447444745 3.2466306191827366e-22
895.5485570957096 3.246367094873119e-22
895.6474694469448 3.2461036220339573e-22
895.7463817981799 3.2458402006489e-22
895.8452941494149 3.2455768307016037e-22
895.9442065006501 3.245313512175733e-22
896.0431188518852 3.2450502450549514e-22
896.1420312031204 3.24478702932294e-22
896.2409435543555 3.2445238649633837e-22
896.3398559055906 3.244260751959972e-22
896.4387682568257 3.243997690296404e-22
896.5376806080609 3.2437346799563874e-22
896.636592959296 3.2434717209236347e-22
896.7355053105312 3.243208813181863e-22
896.8344176617662 3.242945956714805e-22
896.9333300130013 3.242683151506189e-22
897.0322423642365 3.2424203975397616e-22
897.1311547154716 3.2421576947992707e-22
897.2300670667067 3.2418950432684736e-22
897.3289794179418 3.241632442931132e-22
897.427891769177 3.241369893771018e-22
897.5268041204121 3.2411073957719055e-22
897.6257164716473 3.2408449489175834e-22
897.7246288228823 3.2405825531918437e-22
897.8235411741175 3.2403202085784853e-22
897.9224535253526 3.2400579150613118e-22
898.0213658765877 3.239795672624139e-22
898.1202782278228 3.239533481250787e-22
898.2191905790579 3.239271340925085e-22
898.3181029302931 3.2390092516308646e-22
898.4170152815282 3.238747213351971e-22
898.5159276327634 3.238485226072252e-22
898.6148399839984 3.238223289775563e-22
898.7137523352336 3.2379614044457716e-22
898.8126646864687 3.2376995700667425e-22
898.9115770377039 3.2374377866223577e-22
899.0104893889389 3.237176054096499e-22
899.109401740174 3.2369143724730606e-22
899.2083140914092 3.2366527417359413e-22
899.3072264426443 3.236391161869044e-22
899.4061387938794 3.2361296328562857e-22
899.5050511451145 3.235868154681583e-22
899.6039634963497 3.2356067273288665e-22
899.7028758475848 3.2353453507820707e-22
899.80178819882 3.235084025025134e-22
899.900700550055 3.2348227500420065e-22
899.9996129012902 3.234561525816645e-22
900.0985252525253 3.2343003523330083e-22
900.1974376037605 3.2340392295750705e-22
900.2963499549955 3.233778157526805e-22
900.3952623062306 3.2335171361722e-22
900.4941746574658 3.233256165495242e-22
900.5930870087009 3.232995245479932e-22
900.6919993599361 3.2327343761102708e-22
900.7909117111711 3.232473557370273e-22
900.8898240624063 3.232212789243958e-22
900.9887364136414 3.231952071715352e-22
901.0876487648766 3.231691404768486e-22
901.1865611161116 3.231430788387403e-22
901.2854734673468 3.2311702225561463e-22
901.3843858185819 3.230909707258773e-22
901.483298169817 3.2306492424793453e-22
901.5822105210522 3.230388828201927e-22
901.6811228722872 3.230128464410597e-22
901.7800352235224 3.2298681510894343e-22
901.8789475747575 3.2296078882225304e-22
901.9778599259927 3.22934767579398e-22
902.0767722772277 3.2290875137878875e-22
902.1756846284629 3.228827402188361e-22
902.274596979698 3.22856734097952e-22
902.3735093309332 3.228307330145486e-22
902.4724216821683 3.228047369670391e-22
902.5713340334033 3.227787459538374e-22
902.6702463846385 3.2275275997335773e-22
902.7691587358736 3.227267790240154e-22
902.8680710871088 3.227008031042262e-22
902.9669834383438 3.2267483221240703e-22
903.065895789579 3.22648866346975e-22
903.1648081408141 3.2262290550634786e-22
903.2637204920493 3.2259694968894447e-22
903.3626328432844 3.22570998893184e-22
903.4615451945195 3.2254505311748664e-22
903.5604575457546 3.2251911236027313e-22
903.6593698969898 3.224931766199646e-22
903.7582822482249 3.224672458949837e-22
903.85719459946 3.2244132018375284e-22
903.9561069506951 3.2241539948469556e-22
904.0550193019302 3.223894837962363e-22
904.1539316531654 3.2236357311679944e-22
904.2528440044005 3.2233766744481097e-22
904.3517563556356 3.2231176677869713e-22
904.4506687068707 3.222858711168847e-22
904.5495810581059 3.222599804578014e-22
904.648493409341 3.2223409479987552e-22
904.7474057605762 3.2220821414153623e-22
904.8463181118112 3.2218233848121285e-22
904.9452304630463 3.22156467817336e-22
905.0441428142815 3.2213060214833687e-22
905.1430551655166 3.2210474147264716e-22
905.2419675167517 3.2207888578869904e-22
905.3408798679868 3.2205303509492593e-22
905.439792219222 3.220271893897616e-22
905.5387045704571 3.2200134867164034e-22
905.6376169216923 3.2197551293899767e-22
905.7365292729273 3.219496821902693e-22
905.8354416241625 3.2192385642389164e-22
905.9343539753976 3.2189803563830217e-22
906.0332663266327 3.218722198319386e-22
906.1321786778678 3.2184640900323957e-22
906.2310910291029 3.2182060315064457e-22
906.3300033803381 3.217948022725933e-22
906.4289157315732 3.2176900636752653e-22
906.5278280828084 3.217432154338855e-22
906.6267404340434 3.217174294701124e-22
906.7256527852786 3.2169164847464965e-22
906.8245651365137 3.2166587244594087e-22
906.9234774877489 3.216401013824298e-22
907.0223898389839 3.216143352825615e-22
907.121302190219 3.215885741447812e-22
907.2202145414542 3.2156281796753493e-22
907.3191268926893 3.2153706674926967e-22
907.4180392439245 3.2151132048843253e-22
907.5169515951595 3.214855791834717e-22
907.6158639463947 3.214598428328363e-22
907.7147762976298 3.214341114349755e-22
907.813688648865 3.2140838498833952e-22
907.9126010001 3.213826634913791e-22
908.0115133513352 3.213569469425456e-22
908.1104257025703 3.213312353402916e-22
908.2093380538055 3.2130552868306967e-22
908.3082504050406 3.2127982696933323e-22
908.4071627562756 3.2125413019753684e-22
908.5060751075108 3.2122843836613514e-22
908.6049874587459 3.2120275147358344e-22
908.7038998099811 3.211770695183384e-22
908.8028121612161 3.211513924988564e-22
908.9017245124513 3.2112572041359533e-22
909.0006368636864 3.211000532610135e-22
909.0995492149216 3.2107439103956945e-22
909.1984615661567 3.2104873374772287e-22
909.2973739173918 3.210230813839342e-22
909.3962862686269 3.209974339466642e-22
909.495198619862 3.209717914343744e-22
909.5941109710972 3.2094615384552714e-22
909.6930233223322 3.209205211785853e-22
909.7919356735674 3.2089489343201235e-22
909.8908480248025 3.2086927060427277e-22
909.9897603760377 3.2084365269383116e-22
910.0886727272728 3.208180396991533e-22
910.1875850785079 3.207924316187054e-22
910.286497429743 3.207668284509546e-22
910.3854097809782 3.207412301943682e-22
910.4843221322133 3.207156368474145e-22
910.5832344834483 3.206900484085624e-22
910.6821468346835 3.2066446487628167e-22
910.7810591859186 3.2063888624904226e-22
910.8799715371538 3.206133125253153e-22
910.9788838883889 3.2058774370357234e-22
911.077796239624 3.205621797822854e-22
911.1767085908591 3.205366207599277e-22
911.2756209420943 3.2051106663497274e-22
911.3745332933294 3.2048551740589433e-22
911.4734456445645 3.2045997307116795e-22
911.5723579957996 3.204344336292689e-22
911.6712703470348 3.204088990786733e-22
911.7701826982699 3.2038336941785785e-22
911.869095049505 3.203578446453008e-22
911.9680074007401 3.203323247594796e-22
912.0669197519752 3.203068097588733e-22
912.1658321032104 3.202812996419617e-22
912.2647444544455 3.2025579440722457e-22
912.3636568056806 3.2023029405314283e-22
912.4625691569157 3.2020479857819843e-22
912.5614815081509 3.2017930798087294e-22
912.660393859386 3.2015382225964943e-22
912.7593062106212 3.2012834141301117e-22
912.8582185618562 3.2010286543944244e-22
912.9571309130913 3.2007739433742816e-22
913.0560432643265 3.200519281054534e-22
913.1549556155616 3.200264667420046e-22
913.2538679667967 3.200010102455683e-22
913.3527803180318 3.1997555861463183e-22
913.451692669267 3.1995011184768335e-22
913.5506050205021 3.199246699432117e-22
913.6495173717373 3.1989923289970597e-22
913.7484297229723 3.1987380071565646e-22
913.8473420742075 3.1984837338955355e-22
913.9462544254426 3.1982295091988885e-22
914.0451667766777 3.1979753330515415e-22
914.1440791279128 3.197721205438421e-22
914.2429914791479 3.19746712634446e-22
914.3419038303831 3.197213095754598e-22
914.4408161816182 3.1969591136537785e-22
914.5397285328534 3.196705180026959e-22
914.6386408840884 3.196451294859094e-22
914.7375532353236 3.196197458135149e-22
914.8364655865587 3.195943669840099e-22
914.9353779377939 3.1956899299589184e-22
915.034290289029 3.1954362384765946e-22
915.133202640264 3.195182595378117e-22
915.2321149914992 3.194929000648486e-22
915.3310273427343 3.1946754542727034e-22
915.4299396939695 3.19442195623578e-22
915.5288520452045 3.1941685065227346e-22
915.6277643964397 3.19391510511859e-22
915.7266767476748 3.1936617520083776e-22
915.82558909891 3.193408447177132e-22
915.924501450145 3.193155190609897e-22
916.0234138013802 3.192901982291722e-22
916.1223261526153 3.192648822207665e-22
916.2212385038505 3.192395710342785e-22
916.3201508550856 3.192142646682153e-22
916.4190632063206 3.1918896312108435e-22
916.5179755575558 3.1916366639139374e-22
916.6168879087909 3.1913837447765247e-22
916.7158002600261 3.191130873783701e-22
916.8147126112611 3.1908780509205616e-22
916.9136249624963 3.190625276172222e-22
917.0125373137314 3.190372549523791e-22
917.1114496649666 3.1901198709603896e-22
917.2103620162017 3.1898672404671434e-22
917.3092743674368 3.1896146580291876e-22
917.4081867186719 3.1893621236316627e-22
917.507099069907 3.189109637259712e-22
917.6060114211422 3.188857198898489e-22
917.7049237723772 3.188604808533151e-22
917.8038361236124 3.1883524661488643e-22
917.9027484748475 3.1881001717308006e-22
918.0016608260827 3.187847925264136e-22
918.1005731773178 3.1875957267340576e-22
918.1994855285529 3.187343576125755e-22
918.298397879788 3.187091473424424e-22
918.3973102310232 3.186839418615268e-22
918.4962225822583 3.186587411683498e-22
918.5951349334933 3.186335452614331e-22
918.6940472847285 3.1860835413929863e-22
918.7929596359636 3.1858316780046936e-22
918.8918719871988 3.18557986243469e-22
918.9907843384339 3.1853280946682165e-22
919.089696689669 3.1850763746905186e-22
919.1886090409041 3.184824702486853e-22
919.2875213921393 3.1845730780424796e-22
919.3864337433744 3.1843215013426627e-22
919.4853460946096 3.1840699723726806e-22
919.5842584458446 3.18381849111781e-22
919.6831707970798 3.1835670575633365e-22
919.7820831483149 3.1833156716945514e-22
919.88099549955 3.183064333496754e-22
919.9799078507851 3.1828130429552523e-22
920.0788202020202 3.1825618000553513e-22
920.1777325532554 3.1823106047823737e-22
920.2766449044905 3.1820594571216395e-22
920.3755572557257 3.181808357058482e-22
920.4744696069607 3.181557304578234e-22
920.5733819581959 3.1813062996662423e-22
920.672294309431 3.1810553423078515e-22
920.7712066606662 3.1808044324884177e-22
920.8701190119012 3.180553570193306e-22
920.9690313631363 3.1803027554078814e-22
921.0679437143715 3.180051988117517e-22
921.1668560656066 3.1798012683075937e-22
921.2657684168418 3.1795505959634987e-22
921.3646807680768 3.179299971070625e-22
921.463593119312 3.179049393614371e-22
921.5625054705471 3.1787988635801436e-22
921.6614178217823 3.178548380953352e-22
921.7603301730173 3.178297945719415e-22
921.8592425242525 3.178047557863757e-22
921.9581548754876 3.177797217371807e-22
922.0570672267227 3.177546924229006e-22
922.1559795779579 3.1772966784207913e-22
922.2548919291929 3.177046479932614e-22
922.3538042804281 3.17679632874993e-22
922.4527166316632 3.1765462248582017e-22
922.5516289828984 3.176296168242894e-22
922.6505413341334 3.1760461588894836e-22
922.7494536853686 3.175796196783449e-22
922.8483660366037 3.175546281910278e-22
922.9472783878389 3.17529641425546e-22
923.046190739074 3.175046593804498e-22
923.145103090309 3.174796820542895e-22
923.2440154415442 3.1745470944561613e-22
923.3429277927793 3.174297415529814e-22
923.4418401440145 3.1740477837493815e-22
923.5407524952495 3.173798199100389e-22
923.6396648464847 3.173548661568373e-22
923.7385771977198 3.1732991711388757e-22
923.837489548955 3.173049727797448e-22
923.93640190019 3.172800331529639e-22
924.0353142514252 3.1725509823210145e-22
924.1342266026603 3.1723016801571413e-22
924.2331389538955 3.1720524250235887e-22
924.3320513051306 3.17180321690594e-22
924.4309636563656 3.171554055789777e-22
924.5298760076008 3.171304941660692e-22
924.6287883588359 3.171055874504285e-22
924.7277007100711 3.1708068543061556e-22
924.8266130613061 3.1705578810519184e-22
924.9255254125413 3.170308954727187e-22
925.0244377637764 3.170060075317583e-22
925.1233501150116 3.169811242808737e-22
925.2222624662467 3.1695624571862807e-22
925.3211748174818 3.169313718435857e-22
925.4200871687169 3.1690650265431133e-22
925.518999519952 3.168816381493701e-22
925.6179118711872 3.168567783273279e-22
925.7168242224222 3.1683192318675113e-22
925.8157365736574 3.1680707272620726e-22
925.9146489248925 3.1678222694426364e-22
926.0135612761277 3.1675738583948867e-22
926.1124736273628 3.167325494104517e-22
926.211385978598 3.167077176557218e-22
926.310298329833 3.166828905738696e-22
926.4092106810682 3.1665806816346544e-22
926.5081230323033 3.16633250423081e-22
926.6070353835383 3.166084373512882e-22
926.7059477347735 3.165836289466595e-22
926.8048600860086 3.165588252077683e-22
926.9037724372438 3.1653402613318867e-22
927.0026847884789 3.1650923172149434e-22
927.101597139714 3.1648444197126094e-22
927.2005094909491 3.1645965688106406e-22
927.2994218421843 3.164348764494796e-22
927.3983341934194 3.1641010067508476e-22
927.4972465446546 3.1638532955645685e-22
927.5961588958896 3.163605630921741e-22
927.6950712471248 3.1633580128081503e-22
927.7939835983599 3.1631104412095887e-22
927.892895949595 3.162862916111855e-22
927.9918083008301 3.162615437500758e-22
928.0907206520652 3.162368005362103e-22
928.1896330033004 3.16212061968171e-22
928.2885453545355 3.1618732804453995e-22
928.3874577057707 3.1616259876390047e-22
928.4863700570057 3.1613787412483575e-22
928.5852824082409 3.1611315412592994e-22
928.684194759476 3.160884387657679e-22
928.7831071107112 3.1606372804293457e-22
928.8820194619462 3.160390219560162e-22
928.9809318131813 3.1601432050359928e-22
929.0798441644165 3.159896236842707e-22
929.1787565156516 3.159649314966184e-22
929.2776688668868 3.1594024393923062e-22
929.3765812181218 3.1591556101069614e-22
929.475493569357 3.1589088270960453e-22
929.5744059205921 3.1586620903454605e-22
929.6733182718273 3.158415399841111e-22
929.7722306230623 3.158168755568914e-22
929.8711429742975 3.157922157514784e-22
929.9700553255326 3.157675605664649e-22
930.0689676767677 3.1574291000044377e-22
930.1678800280029 3.1571826405200893e-22
930.2667923792379 3.1569362271975466e-22
930.3657047304731 3.156689860022754e-22
930.4646170817082 3.1564435389816735e-22
930.5635294329434 3.1561972640602605e-22
930.6624417841784 3.155951035244483e-22
930.7613541354136 3.1557048525203136e-22
930.8602664866487 3.155458715873733e-22
930.9591788378839 3.155212625290723e-22
931.058091189119 3.1549665807572743e-22
931.157003540354 3.154720582259384e-22
931.2559158915892 3.1544746297830557e-22
931.3548282428243 3.1542287233142955e-22
931.4537405940595 3.1539828628391183e-22
931.5526529452945 3.1537370483435447e-22
931.6515652965297 3.1534912798136003e-22
931.7504776477648 3.1532455572353156e-22
931.849389999 3.1529998805947313e-22
931.948302350235 3.1527542498778906e-22
932.0472147014702 3.152508665070841e-22
932.1461270527053 3.1522631261596415e-22
932.2450394039405 3.1520176331303495e-22
932.3439517551756 3.1517721859690356e-22
932.4428641064106 3.1515267846617702e-22
932.5417764576458 3.151281429194635e-22
932.6406888088809 3.1510361195537155e-22
932.7396011601161 3.1507908557250993e-22
932.8385135113512 3.1505456376948866e-22
932.9374258625863 3.1503004654491796e-22
933.0363382138214 3.150055338974086e-22
933.1352505650566 3.1498102582557175e-22
933.2341629162917 3.1495652232802e-22
933.3330752675269 3.149320234033655e-22
933.4319876187619 3.149075290502217e-22
933.530899969997 3.148830392672023e-22
933.6298123212322 3.1485855405292163e-22
933.7287246724673 3.1483407340599476e-22
933.8276370237024 3.1480959732503726e-22
933.9265493749375 3.1478512580866514e-22
934.0254617261727 3.14760658855495e-22
934.1243740774078 3.147361964641446e-22
934.223286428643 3.1471173863323144e-22
934.322198779878 3.146872853613738e-22
934.4211111311132 3.1466283664719114e-22
934.5200234823483 3.1463839248930303e-22
934.6189358335834 3.146139528863294e-22
934.7178481848185 3.145895178368915e-22
934.8167605360536 3.145650873396102e-22
934.9156728872888 3.145406613931077e-22
935.0145852385239 3.1451623999600664e-22
935.113497589759 3.1449182314692997e-22
935.2124099409941 3.1446741084450154e-22
935.3113222922293 3.1444300308734536e-22
935.4102346434644 3.144185998740868e-22
935.5091469946996 3.1439420120335075e-22
935.6080593459346 3.1436980707376335e-22
935.7069716971698 3.143454174839513e-22
935.8058840484049 3.1432103243254207e-22
935.90479639964 3.142966519181628e-22
936.0037087508751 3.1427227593944226e-22
936.1026211021102 3.1424790449500916e-22
936.2015334533454 3.142235375834931e-22
936.3004458045805 3.141991752035242e-22
936.3993581558157 3.141748173537329e-22
936.4982705070507 3.1415046403275055e-22
936.5971828582859 3.1412611523920887e-22
936.696095209521 3.1410177097174066e-22
936.7950075607562 3.140774312289782e-22
936.8939199119912 3.140530960095551e-22
936.9928322632263 3.140287653121058e-22
937.0917446144615 3.1400443913526484e-22
937.1906569656966 3.1398011747766743e-22
937.2895693169318 3.1395580033794944e-22
937.3884816681668 3.139314877147472e-22
937.487394019402 3.1390717960669763e-22
937.5863063706371 3.1388287601243836e-22
937.6852187218723 3.1385857693060755e-22
937.7841310731073 3.1383428235984376e-22
937.8830434243425 3.138099922987862e-22
937.9819557755776 3.137857067460749e-22
938.0808681268127 3.137614257003502e-22
938.1797804780479 3.1373714916025287e-22
938.2786928292829 3.1371287712442475e-22
938.3776051805181 3.1368860959150763e-22
938.4765175317532 3.1366434656014444e-22
938.5754298829884 3.136400880289784e-22
938.6743422342234 3.136158339966532e-22
938.7732545854586 3.1359158446181325e-22
938.8721669366937 3.1356733942310365e-22
938.9710792879289 3.135430988791699e-22
939.069991639164 3.1351886282865793e-22
939.168903990399 3.1349463127021455e-22
939.2678163416342 3.13470404202487e-22
939.3667286928693 3.1344618162412296e-22
939.4656410441045 3.1342196353377088e-22
939.5645533953395 3.1339774993007986e-22
939.6634657465747 3.1337354081169894e-22
939.7623780978098 3.133493361772786e-22
939.861290449045 3.133251360254694e-22
939.9602028002801 3.133009403549224e-22
940.0591151515152 3.1327674916428942e-22
940.1580275027503 3.1325256245222285e-22
940.2569398539855 3.132283802173756e-22
940.3558522052206 3.13204202458401e-22
940.4547645564556 3.131800291739532e-22
940.5536769076908 3.131558603626867e-22
940.6525892589259 3.1313169602325664e-22
940.7515016101611 3.131075361543189e-22
940.8504139613962 3.130833807545295e-22
940.9493263126313 3.1305922982254544e-22
941.0482386638664 3.1303508335702394e-22
941.1471510151016 3.130109413566234e-22
941.2460633663367 3.1298680382000207e-22
941.3449757175719 3.129626707458185e-22
941.4438880688069 3.129385421327334e-22
941.542800420042 3.1291441797940616e-22
941.6417127712772 3.1289029828449793e-22
941.7406251225123 3.1286618304666983e-22
941.8395374737474 3.1284207226458396e-22
941.9384498249825 3.1281796593690255e-22
942.0373621762177 3.1279386406228866e-22
942.1362745274528 3.1276976663940597e-22
942.235186878688 3.1274567366691856e-22
942.334099229923 3.1272158514349103e-22
942.4330115811582 3.126975010677887e-22
942.5319239323933 3.126734214384775e-22
942.6308362836284 3.1264934625422335e-22
942.7297486348635 3.1262527551369373e-22
942.8286609860986 3.126012092155556e-22
942.9275733373338 3.125771473584773e-22
943.0264856885689 3.1255308994112744e-22
943.125398039804 3.1252903696217475e-22
943.2243103910391 3.1250498842028945e-22
943.3232227422743 3.124809443141415e-22
943.4221350935094 3.12456904642402e-22
943.5210474447446 3.1243286940374174e-22
943.6199597959796 3.1240883859683316e-22
943.7188721472148 3.123848122203485e-22
943.8177844984499 3.1236079027296084e-22
943.916696849685 3.1233677275334364e-22
944.0156092009202 3.1231275966017126e-22
944.1145215521552 3.122887509921183e-22
944.2134339033904 3.122647467478599e-22
944.3123462546255 3.122407469260719e-22
944.4112586058607 3.122167515254307e-22
944.5101709570957 3.1219276054461307e-22
944.6090833083309 3.121687739822965e-22
944.707995659566 3.1214479183715914e-22
944.8069080108012 3.121208141078792e-22
944.9058203620363 3.1209684079313613e-22
945.0047327132713 3.120728718916095e-22
945.1036450645065 3.1204890740197935e-22
945.2025574157416 3.120249473229265e-22
945.3014697669768 3.120009916531322e-22
945.4003821182118 3.1197704039127836e-22
945.499294469447 3.1195309353604755e-22
945.5982068206821 3.1192915108612254e-22
945.6971191719173 3.1190521304018674e-22
945.7960315231524 3.1188127939692416e-22
945.8949438743875 3.1185735015501956e-22
945.9938562256226 3.1183342531315813e-22
946.0927685768577 3.118095048700253e-22
946.1916809280929 3.117855888243076e-22
946.2905932793279 3.117616771746915e-22
946.3895056305631 3.117377699198646e-22
946.4884179817982 3.1171386705851445e-22
946.5873303330334 3.116899685893299e-22
946.6862426842684 3.1166607451099955e-22
946.7851550355036 3.1164218482221294e-22
946.8840673867387 3.1161829952166034e-22
946.9829797379739 3.11594418608032e-22
947.081892089209 3.1157054208001946e-22
947.180804440444 3.115466699363139e-22
947.2797167916792 3.115228021756082e-22
947.3786291429143 3.1149893879659465e-22
947.4775414941495 3.114750797979667e-22
947.5764538453845 3.1145122517841817e-22
947.6753661966197 3.114273749366436e-22
947.7742785478548 3.114035290713376e-22
947.87319089909 3.1137968758119606e-22
947.9721032503251 3.1135585046491477e-22
948.0710156015602 3.1133201772119025e-22
948.1699279527953 3.113081893487197e-22
948.2688403040305 3.112843653462009e-22
948.3677526552656 3.1126054571233176e-22
948.4666650065006 3.112367304458112e-22
948.5655773577358 3.112129195453385e-22
948.6644897089709 3.111891130096135e-22
948.7634020602061 3.1116531083733615e-22
948.8623144114412 3.1114151302720773e-22
948.9612267626763 3.1111771957792976e-22
949.0601391139114 3.110939304882038e-22
949.1590514651466 3.1107014575673273e-22
949.2579638163817 3.1104636538221944e-22
949.3568761676169 3.1102258936336736e-22
949.4557885188519 3.109988176988808e-22
949.554700870087 3.109750503874644e-22
949.6536132213222 3.1095128742782316e-22
949.7525255725573 3.1092752881866317e-22
949.8514379237924 3.109037745586902e-22
949.9503502750275 3.1088002464661153e-22
950.0492626262627 3.108562790811342e-22
950.1481749774978 3.108325378609661e-22
950.247087328733 3.1080880098481576e-22
950.345999679968 3.1078506845139215e-22
950.4449120312032 3.107613402594045e-22
950.5438243824383 3.107376164075631e-22
950.6427367336734 3.1071389689457816e-22
950.7416490849085 3.1069018171916105e-22
950.8405614361436 3.106664708800232e-22
950.9394737873788 3.1064276437587693e-22
951.0383861386139 3.106190622054346e-22
951.1372984898491 3.105953643674097e-22
951.2362108410841 3.10571670860516e-22
951.3351231923193 3.1054798168346767e-22
951.4340355435544 3.105242968349795e-22
951.5329478947896 3.1050061631376664e-22
951.6318602460246 3.104769401185453e-22
951.7307725972598 3.104532682480318e-22
951.8296849484949 3.104296007009429e-22
951.92859729973 3.1040593747599613e-22
952.0275096509652 3.103822785719095e-22
952.1264220022002 3.1035862398740154e-22
952.2253343534354 3.103349737211912e-22
952.3242467046705 3.1031132777199804e-22
952.4231590559057 3.1028768613854236e-22
952.5220714071407 3.1026404881954474e-22
952.6209837583759 3.1024041581372624e-22
952.719896109611 3.1021678711980863e-22
952.8188084608462 3.10193162736514e-22
952.9177208120813 3.101695426625652e-22
953.0166331633163 3.101459268966856e-22
953.1155455145515 3.1012231543759876e-22
953.2144578657866 3.100987082840291e-22
953.3133702170218 3.1007510543470145e-22
953.4122825682568 3.100515068883414e-22
953.511194919492 3.1002791264367455e-22
953.6101072707271 3.1000432269942764e-22
953.7090196219623 3.0998073705432727e-22
953.8079319731974 3.0995715570710108e-22
953.9068443244325 3.0993357865647737e-22
954.0057566756676 3.099100059011841e-22
954.1046690269027 3.0988643743995074e-22
954.2035813781379 3.0986287327150657e-22
954.3024937293729 3.0983931339458206e-22
954.4014060806081 3.0981575780790766e-22
954.5003184318432 3.0979220651021427e-22
954.5992307830784 3.097686595002339e-22
954.6981431343135 3.097451167766986e-22
954.7970554855486 3.09721578338341e-22
954.8959678367837 3.0969804418389457e-22
954.9948801880189 3.0967451431209277e-22
955.093792539254 3.0965098872167037e-22
955.192704890489 3.096274674113615e-22
955.2916172417242 3.0960395037990196e-22
955.3905295929593 3.095804376260274e-22
955.4894419441945 3.0955692914847415e-22
955.5883542954296 3.095334249459794e-22
955.6872666466647 3.095099250172801e-22
955.7861789978998 3.094864293611145e-22
955.885091349135 3.0946293797622083e-22
955.9840037003701 3.0943945086133827e-22
956.0829160516053 3.0941596801520602e-22
956.1818284028403 3.093924894365645e-22
956.2807407540755 3.0936901512415363e-22
956.3796531053106 3.0934554507671506e-22
956.4785654565457 3.093220792929898e-22
956.5774778077808 3.092986177717203e-22
956.6763901590159 3.092751605116489e-22
956.7753025102511 3.0925170751151892e-22
956.8742148614862 3.0922825877007378e-22
956.9731272127214 3.092048142860577e-22
957.0720395639564 3.0918137405821537e-22
957.1709519151916 3.091579380852918e-22
957.2698642664267 3.0913450636603287e-22
957.3687766176619 3.0911107889918454e-22
957.4676889688969 3.090876556834938e-22
957.566601320132 3.0906423671770777e-22
957.6655136713672 3.09040822000574e-22
957.7644260226023 3.0901741153084094e-22
957.8633383738375 3.0899400530725714e-22
957.9622507250725 3.089706033285723e-22
958.0611630763077 3.089472055935359e-22
958.1600754275428 3.0892381210089826e-22
958.258987778778 3.0890042284941016e-22
958.357900130013 3.0887703783782307e-22
958.4568124812482 3.088536570648888e-22
958.5557248324833 3.088302805293597e-22
958.6546371837184 3.0880690822998855e-22
958.7535495349535 3.087835401655289e-22
958.8524618861886 3.0876017633473433e-22
958.9513742374238 3.0873681673635963e-22
959.0502865886589 3.087134613691594e-22
959.1491989398941 3.086901102318891e-22
959.2481112911291 3.086667633233049e-22
959.3470236423643 3.086434206421629e-22
959.4459359935994 3.086200821872204e-22
959.5448483448346 3.0859674795723477e-22
959.6437606960696 3.085734179509637e-22
959.7426730473048 3.085500921671659e-22
959.8415853985399 3.0852677060460027e-22
959.940497749775 3.0850345326202625e-22
960.0394101010102 3.08480140138204e-22
960.1383224522452 3.084568312318941e-22
960.2372348034804 3.084335265418574e-22
960.3361471547155 3.0841022606685524e-22
960.4350595059507 3.0838692980564995e-22
960.5339718571857 3.083636377570042e-22
960.6328842084209 3.083403499196805e-22
960.731796559656 3.0831706629244277e-22
960.8307089108912 3.0829378687405495e-22
960.9296212621263 3.0827051166328172e-22
961.0285336133613 3.082472406588882e-22
961.1274459645965 3.082239738596395e-22
961.2263583158316 3.0820071126430223e-22
961.3252706670668 3.081774528716427e-22
961.4241830183018 3.0815419868042794e-22
961.523095369537 3.081309486894258e-22
961.6220077207721 3.081077028974041e-22
961.7209200720073 3.0808446130313153e-22
961.8198324232424 3.0806122390537715e-22
961.9187447744775 3.0803799070291076e-22
962.0176571257126 3.0801476169450224e-22
962.1165694769477 3.0799153687892224e-22
962.2154818281829 3.079683162549419e-22
962.314394179418 3.0794509982133276e-22
962.4133065306531 3.079218875768671e-22
962.5122188818882 3.078986795203172e-22
962.6111312331234 3.078754756504566e-22
962.7100435843585 3.0785227596605854e-22
962.8089559355936 3.0782908046589734e-22
962.9078682868287 3.078058891487474e-22
963.0067806380639 3.0778270201338393e-22
963.105692989299 3.07759519058583e-22
963.204605340534 3.0773634028311993e-22
963.3035176917692 3.0771316568577193e-22
963.4024300430043 3.0768999526531577e-22
963.5013423942395 3.0766682902052935e-22
963.6002547454746 3.076436669501904e-22
963.6991670967097 3.0762050905307776e-22
963.7980794479448 3.075973553279706e-22
963.89699179918 3.0757420577364843e-22
963.9959041504151 3.0755106038889117e-22
964.0948165016503 3.075279191724797e-22
964.1937288528853 3.0750478212319502e-22
964.2926412041205 3.074816492398186e-22
964.3915535553556 3.074585205211326e-22
964.4904659065907 3.074353959659197e-22
964.5893782578258 3.074122755729628e-22
964.6882906090609 3.073891593410456e-22
964.7872029602961 3.073660472689522e-22
964.8861153115312 3.073429393554669e-22
964.9850276627664 3.073198355993749e-22
965.0839400140014 3.07296735999462e-22
965.1828523652366 3.0727364055451388e-22
965.2817647164717 3.0725054926331725e-22
965.3806770677069 3.072274621246591e-22
965.4795894189419 3.0720437913732707e-22
965.578501770177 3.0718130030010894e-22
965.6774141214122 3.071582256117935e-22
965.7763264726473 3.071351550711695e-22
965.8752388238825 3.071120886770265e-22
965.9741511751175 3.070890264281548e-22
966.0730635263527 3.0706596832334437e-22
966.1719758775878 3.070429143613864e-22
966.270888228823 3.070198645410725e-22
966.369800580058 3.069968188611946e-22
966.4687129312932 3.0697377732054484e-22
966.5676252825283 3.0695073991791636e-22
966.6665376337634 3.0692770665210275e-22
966.7654499849986 3.069046775218977e-22
966.8643623362336 3.0688165252609563e-22
966.9632746874688 3.0685863166349148e-22
967.0621870387039 3.0683561493288072e-22
967.1610993899391 3.0681260233305916e-22
967.2600117411741 3.0678959386282316e-22
967.3589240924093 3.0676658952096935e-22
967.4578364436444 3.0674358930629563e-22
967.5567487948796 3.067205932175992e-22
967.6556611461147 3.066976012536787e-22
967.7545734973498 3.066746134133328e-22
967.8534858485849 3.0665162969536103e-22
967.95239819982 3.066286500985631e-22
968.0513105510552 3.066056746217392e-22
968.1502229022902 3.0658270326368963e-22
968.2491352535254 3.0655973602321654e-22
968.3480476047605 3.0653677289912103e-22
968.4469599559957 3.065138138902053e-22
968.5458723072308 3.0649085899527235e-22
968.6447846584659 3.064679082131252e-22
968.743697009701 3.064449615425674e-22
968.8426093609362 3.064220189824033e-22
968.9415217121713 3.0639908053143753e-22
969.0404340634063 3.06376146188475e-22
969.1393464146415 3.063532159523213e-22
969.2382587658766 3.0633028982178307e-22
969.3371711171118 3.063073677956662e-22
969.4360834683469 3.062844498727781e-22
969.534995819582 3.062615360519261e-22
969.6339081708171 3.0623862633191838e-22
969.7328205220523 3.0621572071156347e-22
969.8317328732874 3.0619281918967005e-22
969.9306452245226 3.0616992176504796e-22
970.0295575757576 3.061470284365071e-22
970.1284699269927 3.0612413920285783e-22
970.2273822782279 3.061012540629109e-22
970.326294629463 3.060783730154777e-22
970.4252069806981 3.0605549605937044e-22
970.5241193319332 3.0603262319340103e-22
970.6230316831684 3.0600975441638284e-22
970.7219440344035 3.059868897271286e-22
970.8208563856386 3.0596402912445245e-22
970.9197687368737 3.0594117260716857e-22
971.0186810881089 3.0591832017409176e-22
971.117593439344 3.0589547182403717e-22
971.216505790579 3.058726275558207e-22
971.3154181418142 3.0584978736825813e-22
971.4143304930493 3.0582695126016667e-22
971.5132428442845 3.0580411923036296e-22
971.6121551955196 3.0578129127766492e-22
971.7110675467547 3.0575846740089053e-22
971.8099798979898 3.057356475988585e-22
971.908892249225 3.0571283187038754e-22
972.0078046004601 3.0569002021429753e-22
972.1067169516953 3.056672126294085e-22
972.2056293029303 3.056444091145407e-22
972.3045416541655 3.0562160966851514e-22
972.4034540054006 3.055988142901533e-22
972.5023663566357 3.055760229782772e-22
972.6012787078708 3.055532357317091e-22
972.7001910591059 3.0553045254927174e-22
972.7991034103411 3.0550767342978874e-22
972.8980157615762 3.0548489837208373e-22
972.9969281128114 3.054621273749809e-22
973.0958404640464 3.0543936043730513e-22
973.1947528152816 3.0541659755788183e-22
973.2936651665167 3.0539383873553637e-22
973.3925775177519 3.0537108396909517e-22
973.491489868987 3.0534833325738477e-22
973.590402220222 3.053255865992322e-22
973.6893145714572 3.0530284399346527e-22
973.7882269226923 3.05280105438912e-22
973.8871392739275 3.0525737093440083e-22
973.9860516251625 3.052346404787609e-22
974.0849639763977 3.0521191407082157e-22
974.1838763276328 3.051891917094127e-22
974.282788678868 3.051664733933649e-22
974.381701030103 3.051437591215093e-22
974.4806133813382 3.051210488926769e-22
974.5795257325733 3.0509834270569956e-22
974.6784380838084 3.050756405594096e-22
974.7773504350436 3.0505294245264e-22
974.8762627862786 3.0503024838422394e-22
974.9751751375138 3.0500755835299495e-22
975.0740874887489 3.0498487235778744e-22
975.1729998399841 3.049621903974359e-22
975.2719121912191 3.0493951247077553e-22
975.3708245424543 3.0491683857664186e-22
975.4697368936894 3.048941687138711e-22
975.5686492449246 3.048715028812997e-22
975.6675615961597 3.0484884107776465e-22
975.7664739473948 3.0482618330210337e-22
975.8653862986299 3.0480352955315385e-22
975.964298649865 3.0478087982975455e-22
976.0632110011002 3.047582341307442e-22
976.1621233523352 3.0473559245496228e-22
976.2610357035704 3.0471295480124825e-22
976.3599480548055 3.04690321168443e-22
976.4588604060407 3.0466769155538667e-22
976.5577727572758 3.0464506596092075e-22
976.6566851085109 3.046224443838868e-22
976.755597459746 3.0459982682312705e-22
976.8545098109812 3.0457721327748387e-22
976.9534221622163 3.0455460374580054e-22
977.0523345134513 3.045319982269205e-22
977.1512468646865 3.045093967196877e-22
977.2501592159216 3.0448679922294673e-22
977.3490715671568 3.0446420573554235e-22
977.4479839183919 3.044416162563202e-22
977.546896269627 3.0441903078412574e-22
977.6458086208621 3.0439644931780535e-22
977.7447209720973 3.043738718562059e-22
977.8436333233324 3.043512983981747e-22
977.9425456745676 3.0432872894255947e-22
978.0414580258026 3.0430616348820792e-22
978.1403703770377 3.042836020339693e-22
978.2392827282729 3.0426104457869217e-22
978.338195079508 3.042384911212264e-22
978.4371074307431 3.0421594166042176e-22
978.5360197819782 3.0419339619512887e-22
978.6349321332134 3.0417085472419836e-22
978.7338444844485 3.0414831724648193e-22
978.8327568356837 3.0412578376083134e-22
978.9316691869187 3.0410325426609904e-22
979.0305815381539 3.0408072876113746e-22
979.129493889389 3.0405820724479993e-22
979.228406240624 3.040356897159402e-22
979.3273185918592 3.040131761734124e-22
979.4262309430943 3.039906666160711e-22
979.5251432943295 3.0396816104277135e-22
979.6240556455646 3.0394565945236833e-22
979.7229679967998 3.0392316184371883e-22
979.8218803480348 3.039006682156787e-22
979.92079269927 3.038781785671049e-22
980.0197050505051 3.038556928968546e-22
980.1186174017403 3.0383321120378585e-22
980.2175297529753 3.0381073348675697e-22
980.3164421042105 3.037882597446265e-22
980.4153544554456 3.0376578997625355e-22
980.5142668066807 3.03743324180498e-22
980.6131791579159 3.037208623562196e-22
980.7120915091509 3.0369840450227934e-22
980.8110038603861 3.0367595061753767e-22
980.9099162116212 3.036535007008565e-22
981.0088285628564 3.0363105475109744e-22
981.1077409140914 3.0360861276712284e-22
981.2066532653266 3.035861747477958e-22
981.3055656165617 3.0356374069197926e-22
981.4044779677969 3.0354131059853725e-22
981.503390319032 3.035188844663337e-22
981.602302670267 3.0349646229423333e-22
981.7012150215022 3.0347404408110098e-22
981.8001273727373 3.0345162982580257e-22
981.8990397239725 3.0342921952720395e-22
981.9979520752075 3.0340681318417146e-22
982.0968644264427 3.0338441079557213e-22
982.1957767776778 3.033620123602732e-22
982.294689128913 3.033396178771425e-22
982.393601480148 3.033172273450482e-22
982.4925138313832 3.0329484076285926e-22
982.5914261826183 3.0327245812944444e-22
982.6903385338534 3.0325007944367367e-22
982.7892508850886 3.032277047044168e-22
982.8881632363236 3.032053339105443e-22
982.9870755875588 3.0318296706092754e-22
983.0859879387939 3.0316060415443735e-22
983.1849002900291 3.0313824518994594e-22
983.2838126412641 3.0311589016632547e-22
983.3827249924993 3.030935390824488e-22
983.4816373437344 3.0307119193718897e-22
983.5805496949696 3.0304884872941983e-22
983.6794620462047 3.0302650945801532e-22
983.7783743974398 3.030041741218498e-22
983.8772867486749 3.029818427197987e-22
983.97619909991 3.0295951525073743e-22
984.0751114511452 3.0293719171354152e-22
984.1740238023802 3.029148721070875e-22
984.2729361536154 3.028925564302522e-22
984.3718485048505 3.028702446819129e-22
984.4707608560857 3.0284793686094704e-22
984.5696732073208 3.02825632966233e-22
984.668585558556 3.0280333299664915e-22
984.767497909791 3.0278103695107464e-22
984.8664102610262 3.0275874482838884e-22
984.9653226122613 3.027364566274718e-22
985.0642349634963 3.027141723472037e-22
985.1631473147315 3.0269189198646558e-22
985.2620596659666 3.0266961554413846e-22
985.3609720172018 3.0264734301910405e-22
985.4598843684369 3.026250744102446e-22
985.558796719672 3.026028097164425e-22
985.6577090709071 3.025805489365811e-22
985.7566214221423 3.025582920695437e-22
985.8555337733774 3.025360391142141e-22
985.9544461246126 3.025137900694768e-22
986.0533584758476 3.0249154493421647e-22
986.1522708270827 3.024693037073183e-22
986.2511831783179 3.024470663876682e-22
986.350095529553 3.0242483297415223e-22
986.4490078807881 3.0240260346565697e-22
986.5479202320232 3.0238037786106934e-22
986.6468325832584 3.023581561592767e-22
986.7457449344935 3.0233593835916716e-22
986.8446572857287 3.02313724459629e-22
986.9435696369637 3.02291514459551e-22
987.0424819881989 3.022693083578224e-22
987.141394339434 3.0224710615333264e-22
987.2403066906691 3.02224907844972e-22
987.3392190419042 3.02202713431631e-22
987.4381313931393 3.021805229122008e-22
987.5370437443745 3.021583362855725e-22
987.6359560956096 3.021361535506381e-22
987.7348684468448 3.0211397470628977e-22
987.8337807980798 3.0209179975142064e-22
987.932693149315 3.020696286849236e-22
988.0316055005501 3.0204746150569214e-22
988.1305178517853 3.020252982126204e-22
988.2294302030203 3.0200313880460323e-22
988.3283425542555 3.01980983280535e-22
988.4272549054906 3.0195883163931146e-22
988.5261672567257 3.0193668387982843e-22
988.6250796079609 3.0191454000098177e-22
988.7239919591959 3.018924000016686e-22
988.8229043104311 3.0187026388078573e-22
988.9218166616662 3.018481316372307e-22
989.0207290129014 3.0182600326990187e-22
989.1196413641364 3.0180387877769755e-22
989.2185537153716 3.017817581595162e-22
989.3174660666067 3.0175964141425744e-22
989.4163784178419 3.017375285408211e-22
989.515290769077 3.017154195381073e-22
989.614203120312 3.0169331440501626e-22
989.7131154715472 3.016712131404496e-22
989.8120278227823 3.016491157433084e-22
989.9109401740175 3.0162702221249465e-22
990.0098525252525 3.016049325469107e-22
990.1087648764877 3.0158284674545935e-22
990.2076772277228 3.0156076480704396e-22
990.306589578958 3.01538686730568e-22
990.405501930193 3.0151661251493556e-22
990.5044142814282 3.014945421590511e-22
990.6033266326633 3.014724756618197e-22
990.7022389838984 3.014504130221467e-22
990.8011513351336 3.014283542389378e-22
990.9000636863686 3.014062993110994e-22
990.9989760376038 3.013842482375382e-22
991.0978883888389 3.0136220101716106e-22
991.1968007400741 3.0134015764887574e-22
991.2957130913092 3.0131811813159003e-22
991.3946254425443 3.012960824642125e-22
991.4935377937794 3.012740506456522e-22
991.5924501450146 3.0125202267481773e-22
991.6913624962497 3.0122999855061945e-22
991.7902748474849 3.0120797827196705e-22
991.8891871987199 3.0118596183777104e-22
991.988099549955 3.011639492469429e-22
992.0870119011902 3.011419404983936e-22
992.1859242524253 3.0111993559103507e-22
992.2848366036604 3.010979345237799e-22
992.3837489548955 3.0107593729554037e-22
992.4826613061307 3.0105394390522977e-22
992.5815736573658 3.010319543517615e-22
992.680486008601 3.010099686340498e-22
992.779398359836 3.0098798675100904e-22
992.8783107110712 3.00966008701554e-22
992.9772230623063 3.009440344846e-22
993.0761354135414 3.0092206409906263e-22
993.1750477647765 3.00900097543858e-22
993.2739601160116 3.008781348179028e-22
993.3728724672468 3.0085617592011423e-22
993.4717848184819 3.0083422084940915e-22
993.570697169717 3.008122696047056e-22
993.6696095209521 3.0079032218492206e-22
993.7685218721873 3.007683785889772e-22
993.8674342234224 3.0074643881578967e-22
993.9663465746576 3.0072450286427946e-22
994.0652589258926 3.0070257073336643e-22
994.1641712771277 3.0068064242197107e-22
994.2630836283629 3.0065871792901385e-22
994.361995979598 3.0063679725341638e-22
994.4609083308331 3.006148803941001e-22
994.5598206820682 3.005929673499871e-22
994.6587330333034 3.0057105811999995e-22
994.7576453845385 3.005491527030616e-22
994.8565577357737 3.0052725109809544e-22
994.9554700870087 3.005053533040251e-22
995.0543824382439 3.0048345931977494e-22
995.153294789479 3.004615691442694e-22
995.2522071407141 3.004396827764338e-22
995.3511194919492 3.004178002151936e-22
995.4500318431843 3.0039592145947433e-22
995.5489441944195 3.0037404650820255e-22
995.6478565456546 3.0035217536030514e-22
995.7467688968898 3.0033030801470892e-22
995.8456812481248 3.003084444703419e-22
995.94459359936 3.002865847261317e-22
996.0435059505951 3.0026472878100684e-22
996.1424183018303 3.002428766338963e-22
996.2413306530653 3.002210282837293e-22
996.3402430043005 3.0019918372943534e-22
996.4391553555356 3.0017734296994478e-22
996.5380677067707 3.001555060041883e-22
996.6369800580059 3.0013367283109613e-22
996.7358924092409 3.0011184344960034e-22
996.8348047604761 3.000900178586324e-22
996.9337171117112 3.000681960571248e-22
997.0326294629464 3.0004637804400974e-22
997.1315418141814 3.000245638182204e-22
997.2304541654166 3.0000275337869056e-22
997.3293665166517 2.999809467243538e-22
997.4282788678869 2.9995914385414445e-22
997.527191219122 2.999373447669972e-22
997.626103570357 2.9991554946184723e-22
997.7250159215922 2.998937579376301e-22
997.8239282728273 2.998719701932819e-22
997.9228406240625 2.998501862277388e-22
998.0217529752975 2.9982840603993757e-22
998.1206653265327 2.9980662962881583e-22
998.2195776777678 2.9978485699331084e-22
998.318490029003 2.997630881323606e-22
998.4174023802381 2.9974132304490394e-22
998.5163147314732 2.9971956172987933e-22
998.6152270827083 2.996978041862264e-22
998.7141394339434 2.996760504128847e-22
998.8130517851786 2.996543004087944e-22
998.9119641364136 2.996325541728961e-22
999.0108764876488 2.996108117041307e-22
999.1097888388839 2.995890730014395e-22
999.2087011901191 2.9956733806376443e-22
999.3076135413542 2.9954560689004764e-22
999.4065258925893 2.995238794792316e-22
999.5054382438244 2.9950215583025977e-22
999.6043505950596 2.9948043594207506e-22
999.7032629462947 2.9945871981362148e-22
999.8021752975299 2.9943700744384357e-22
999.9010876487649 2.99415298831686e-22
1000.0 2.9939359397609336e-22
