0.0 0.0
13.7896 0.0
13.888230903090308 1.1282937152960335e-22
13.986861806180618 2.130785211178299e-22
14.085492709270927 3.0198891489237587e-22
14.184123612361237 3.8068710680364707e-22
14.282754515451545 4.501952408719126e-22
14.381385418541853 5.114405779378791e-22
14.480016321632164 5.652641403928585e-22
14.578647224722472 6.124285590545652e-22
14.677278127812782 6.536251980117192e-22
14.77590903090309 6.8948062577969e-22
14.8745399339934 7.205624943979219e-22
14.973170837083709 7.473848820749147e-22
15.071801740174017 7.704131495748589e-22
15.170432643264327 7.900683556766627e-22
15.269063546354635 8.067312726630099e-22
15.367694449444944 8.207460388626963e-22
15.466325352535254 8.324234817280325e-22
15.564956255625562 8.420441417397351e-22
15.663587158715872 8.498610245576445e-22
15.76221806180618 8.561021062449329e-22
15.86084896489649 8.609726140565379e-22
15.959479867986799 8.64657103173891e-22
16.058110771077107 8.673213478641032e-22
16.156741674167417 8.691140638224924e-22
16.255372577257727 8.701684769031909e-22
16.354003480348034 8.706037520379384e-22
16.452634383438344 8.705262948727677e-22
16.551265286528654 8.70030937502494e-22
16.64989618961896 8.692020186423464e-22
16.74852709270927 8.681143676338748e-22
16.84715799579958 8.668342008282191e-22
16.945788898889887 8.65419938116262e-22
17.044419801980197 8.639229466736503e-22
17.143050705070507 8.62388218352216e-22
17.241681608160818 8.608549865720901e-22
17.340312511251124 8.5935728804467e-22
17.438943414341434 8.579244741808218e-22
17.537574317431744 8.56581676606319e-22
17.63620522052205 8.55350230814035e-22
17.73483612361236 8.542480616250712e-22
17.83346702670267 8.532900338067508e-22
17.93209792979298 8.5248827089998e-22
18.030728832883288 8.518524450399305e-22
18.129359735973598 8.513900403095595e-22
18.227990639063908 8.511065919429407e-22
18.326621542154214 8.510059034927004e-22
18.425252445244524 8.510902438912523e-22
18.523883348334834 8.513605261673601e-22
18.622514251425144 8.518164694262663e-22
18.72114515451545 8.524567455617683e-22
18.81977605760576 8.53279112041479e-22
18.918406960696068 8.542805319898233e-22
19.017037863786378 8.554572826878733e-22
19.115668766876688 8.568050535117906e-22
19.214299669966998 8.58319034243842e-22
19.312930573057308 8.59993994608911e-22
19.411561476147615 8.618243558161981e-22
19.510192379237925 8.638042548182756e-22
19.60882328232823 8.659276019384876e-22
19.70745418541854 8.68188132461358e-22
19.80608508850885 8.705794527296971e-22
19.90471599159916 8.730950812449662e-22
20.003346894689468 8.757284852248072e-22
20.101977797779778 8.784731130324838e-22
20.200608700870088 8.813224228570942e-22
20.299239603960395 8.842699079908366e-22
20.397870507050705 8.873091190195366e-22
20.496501410141015 8.90433683215352e-22
20.595132313231325 8.936373213955204e-22
20.69376321632163 8.969138624880996e-22
20.79239411941194 9.002572560246647e-22
20.891025022502248 9.03661582760838e-22
20.989655925592558 9.07121063607845e-22
21.088286828682868 9.10630067042452e-22
21.18691773177318 9.1418311514768e-22
21.28554863486349 9.177748884234976e-22
21.384179537953795 9.214002294942403e-22
21.482810441044105 9.250541458283566e-22
21.58144134413441 9.28731811575624e-22
21.68007224722472 9.324285686178077e-22
21.77870315031503 9.361399269198539e-22
21.87733405340534 9.398615642609619e-22
21.975964956495652 9.435893254176711e-22
22.07459585958596 9.47319220864439e-22
22.17322676267627 9.51047425051176e-22
22.271857665766575 9.547702743116721e-22
22.370488568856885 9.584842644518578e-22
22.469119471947195 9.621860480621104e-22
22.567750375037505 9.65872431593739e-22
22.666381278127815 9.695403722357934e-22
22.765012181218122 9.731869746249389e-22
22.86364308430843 9.768094874178359e-22
22.96227398739874 9.804052997525498e-22
23.06090489048905 9.83971937622865e-22
23.15953579357936 9.875070601869112e-22
23.25816669666967 9.91008456029223e-22
23.356797599759975 9.944740393934662e-22
23.455428502850285 9.979018464010036e-22
23.554059405940592 1.0012900312689822e-21
23.652690309030902 1.004636862539962e-21
23.751321212121212 1.0079407193337422e-21
23.849952115211522 1.0112000876307794e-21
23.948583018301832 1.0144135565954326e-21
24.04721392139214 1.0175798149462034e-21
24.14584482448245 1.0206976473791983e-21
24.244475727572755 1.0237659310501882e-21
24.343106630663065 1.026783632119855e-21
24.441737533753376 1.0297498023660495e-21
24.540368436843686 1.032663575866409e-21
24.638999339933996 1.0355241657538417e-21
24.737630243024302 1.0383308610471621e-21
24.836261146114612 1.0410830235584644e-21
24.93489204920492 1.0437800848785292e-21
25.03352295229523 1.0464215434411067e-21
25.13215385538554 1.0490069616666617e-21
25.23078475847585 1.0515359631857842e-21
25.32941566156616 1.0540082301422479e-21
25.428046564656466 1.0564235005754727e-21
25.526677467746772 1.058781565881893e-21
25.625308370837082 1.0610822683545635e-21
25.723939273927392 1.0633254988002255e-21
25.822570177017703 1.0655111942328115e-21
25.921201080108013 1.0676393356423493e-21
26.01983198319832 1.0697099458380345e-21
26.11846288628863 1.0717230873642121e-21
26.217093789378936 1.0736788604878845e-21
26.315724692469246 1.0755774012563403e-21
26.414355595559556 1.0774188796234062e-21
26.512986498649866 1.0792034976427921e-21
26.611617401740176 1.080931487727014e-21
26.710248304830483 1.0826031109702485e-21
26.808879207920793 1.0842186555335803e-21
26.9075101110111 1.0857784350909985e-21
27.00614101410141 1.087282787334513e-21
27.10477191719172 1.088732072536823e-21
27.20340282028203 1.0901266721698698e-21
27.30203372337234 1.0914669875777028e-21
27.400664626462646 1.0927534387020753e-21
27.499295529552953 1.0939864628591549e-21
27.597926432643263 1.095166513565849e-21
27.696557335733573 1.0962940594141597e-21
27.795188238823883 1.0973695829920882e-21
27.893819141914193 1.0983935798496e-21
27.9924500450045 1.0993665575081749e-21
28.09108094809481 1.1002890345125228e-21
28.189711851185116 1.101161539523069e-21
28.288342754275426 1.1019846104478104e-21
28.386973657365736 1.1027587936122716e-21
28.485604560456046 1.1034846429661257e-21
28.584235463546356 1.1041627193253424e-21
28.682866366636663 1.1047935896485168e-21
28.781497269726973 1.1053778263462196e-21
28.88012817281728 1.1059160066221326e-21
28.97875907590759 1.1064087118449126e-21
29.0773899789979 1.1068565269495347e-21
29.17602088208821 1.1072600398671723e-21
29.27465178517852 1.107619840982423e-21
29.373282688268826 1.107936522616966e-21
29.471913591359137 1.1082106785385914e-21
29.570544494449443 1.1084429034946575e-21
29.669175397539753 1.1086337927690443e-21
29.767806300630063 1.1087839417617127e-21
29.866437203720373 1.1088939455899487e-21
29.96506810681068 1.108964398710497e-21
30.06369900990099 1.1089958945617411e-21
30.1623299129913 1.1089890252251083e-21
30.260960816081607 1.1089443811050013e-21
30.359591719171917 1.1088625506264367e-21
30.458222622262227 1.1087441199497293e-21
30.556853525352537 1.1085896727015068e-21
30.655484428442843 1.108399789721384e-21
30.754115331533153 1.108175048823675e-21
30.852746234623464 1.1079160245734761e-21
30.95137713771377 1.1076232880765703e-21
31.05000804080408 1.1072974067825322e-21
31.14863894389439 1.1069389443005066e-21
31.247269846984697 1.1065484602270877e-21
31.345900750075007 1.1061265099858097e-21
31.444531653165317 1.1056736446777398e-21
31.543162556255627 1.105190410942673e-21
31.641793459345934 1.104677350830496e-21
31.740424362436244 1.1041350016822448e-21
31.839055265526554 1.103563896020441e-21
31.93768616861686 1.102964561448288e-21
32.036317071707174 1.1023375205573245e-21
32.134947974797484 1.1016832908431648e-21
32.23357887788779 1.1010023846289329e-21
32.3322097809781 1.100295308996057e-21
32.43084068406841 1.099562565722077e-21
32.52947158715872 1.098804651225131e-21
32.62810249024902 1.0980220565148141e-21
32.72673339333933 1.0972152671490868e-21
32.82536429642964 1.0963847631969779e-21
32.92399519951995 1.0955310192067654e-21
33.02262610261026 1.094654504179377e-21
33.12125700570057 1.093755681546777e-21
33.21988790879088 1.0928350091550462e-21
33.31851881188119 1.0918929392519582e-21
33.4171497149715 1.0909299184787994e-21
33.51578061806181 1.0899463878662248e-21
33.614411521152114 1.088942782833935e-21
33.713042424242424 1.08791953319397e-21
33.811673327332734 1.0868770631574405e-21
33.91030423042304 1.0858157913444805e-21
34.00893513351335 1.0847361307972903e-21
34.10756603660366 1.083638488996046e-21
34.20619693969397 1.0825232678775646e-21
34.30482784278428 1.0813908638565212e-21
34.40345874587459 1.0802416678491047e-21
34.5020896489649 1.0790760652989443e-21
34.60072055205521 1.0778944362051905e-21
34.69935145514552 1.0766971551525994e-21
34.79798235823583 1.0754845913434987e-21
34.89661326132613 1.0742571086315356e-21
34.99524416441644 1.073015065557062e-21
35.09387506750675 1.0717588153840636e-21
35.19250597059706 1.0704887061385253e-21
35.291136873687364 1.069205080648132e-21
35.389767776777674 1.0679082765832096e-21
35.488398679867984 1.0665986264988057e-21
35.587029582958294 1.0652764578778403e-21
35.685660486048604 1.0639420931752242e-21
35.784291389138914 1.0625958498628737e-21
35.882922292229225 1.0612380404755526e-21
35.981553195319535 1.0598689726574518e-21
36.080184098409845 1.0584889492094514e-21
36.178815001500155 1.0570982681369916e-21
36.27744590459046 1.055697222698498e-21
36.37607680768077 1.0542861014542907e-21
36.47470771077108 1.0528651883159239e-21
36.57333861386138 1.0514347625959058e-21
36.67196951695169 1.0499950990577483e-21
36.770600420042 1.0485464679662816e-21
36.86923132313231 1.047089135138216e-21
36.96786222622262 1.0456233619928678e-21
37.06649312931293 1.0441494056030486e-21
37.16512403240324 1.0426675187460493e-21
37.26375493549355 1.0411779499546853e-21
37.36238583858386 1.039680943568384e-21
37.46101674167417 1.038176739784254e-21
37.559647644764475 1.0366655747081297e-21
37.658278547854785 1.0351476804055439e-21
37.756909450945095 1.0336232849525989e-21
37.855540354035405 1.0320926124867265e-21
37.95417125712571 1.0305558832572928e-21
38.05280216021602 1.0290133136760275e-21
38.15143306330633 1.027465116367264e-21
38.25006396639664 1.0259115002179587e-21
38.34869486948695 1.0243526704274725e-21
38.44732577257726 1.0227888285570981e-21
38.54595667566757 1.0212201725793099e-21
38.64458757875788 1.0196468969267275e-21
38.74321848184819 1.0180691925407728e-21
38.8418493849385 1.016487246919997e-21
38.9404802880288 1.0149012441680896e-21
39.03911119111911 1.01331136504152e-21
39.13774209420942 1.01171778699684e-21
39.236372997299725 1.0101206842376018e-21
39.335003900390035 1.0085202277609057e-21
39.433634803480345 1.0069165854035465e-21
39.532265706570655 1.0053099218877791e-21
39.630896609660965 1.0037003988666622e-21
39.729527512751275 1.0020881749689989e-21
39.828158415841585 1.0004734058438547e-21
39.926789318931895 9.988562442046488e-22
40.025420222022206 9.97236839872815e-22
40.124051125112516 9.956153398210342e-22
40.22268202820282 9.939918882160116e-22
40.32131293129313 9.923666264608271e-22
40.41994383438344 9.907396932368299e-22
40.51857473747375 9.891112245450837e-22
40.61720564056405 9.874813537473624e-22
40.71583654365436 9.858502116066881e-22
40.81446744674467 9.842179263274198e-22
40.91309834983498 9.825846235948832e-22
41.01172925292529 9.809504266145344e-22
41.1103601560156 9.793154561506815e-22
41.20899105910591 9.776798305647312e-22
41.30762196219622 9.76043665852987e-22
41.40625286528653 9.744070756839916e-22
41.50488376837684 9.727701714354049e-22
41.603514671467146 9.711330622304297e-22
41.702145574557456 9.694958549737796e-22
41.800776477647766 9.678586543871976e-22
41.89940738073807 9.662215630445209e-22
41.99803828382838 9.645846814062895e-22
42.09666918691869 9.629481078539179e-22
42.195300090009 9.613119387234099e-22
42.29393099309931 9.596762683386362e-22
42.39256189618962 9.580411890441656e-22
42.49119279927993 9.564067912376628e-22
42.58982370237024 9.547731634018456e-22
42.68845460546055 9.53140392136012e-22
42.78708550855086 9.515085621871341e-22
42.88571641164116 9.498777564805296e-22
42.98434731473147 9.482480561501034e-22
43.08297821782178 9.466195405681734e-22
43.18160912091209 9.449922873748828e-22
43.280240024002396 9.433663725071853e-22
43.378870927092706 9.417418702274369e-22
43.477501830183016 9.401188531515664e-22
43.576132733273326 9.384973922768573e-22
43.674763636363636 9.368775570093202e-22
43.773394539453946 9.352594151906735e-22
43.872025442544256 9.336430331249336e-22
43.970656345634566 9.32028475604619e-22
44.069287248724876 9.304158059365669e-22
44.167918151815186 9.288050859673727e-22
44.26654905490549 9.271963761084575e-22
44.3651799579958 9.25589735360756e-22
44.46381086108611 9.23985221339044e-22
44.56244176417641 9.223828902959013e-22
44.66107266726672 9.207827971453114e-22
44.75970357035703 9.191849954859109e-22
44.85833447344734 9.17589537623885e-22
44.95696537653765 9.15996474595517e-22
45.05559627962796 9.144058561893942e-22
45.15422718271827 9.128177309682731e-22
45.25285808580858 9.11232146290616e-22
45.35148898889889 9.096491483317895e-22
45.4501198919892 9.080687821049399e-22
45.548750795079506 9.064910914815481e-22
45.647381698169816 9.049161192116594e-22
45.74601260126013 9.03343906943805e-22
45.84464350435044 9.01774495244615e-22
45.94327440744075 9.002079236181115e-22
46.04190531053105 8.986442305247166e-22
46.14053621362136 8.970834533999506e-22
46.23916711671167 8.95525628672837e-22
46.33779801980198 8.939707917840217e-22
46.43642892289229 8.924189772035987e-22
46.5350598259826 8.908702184486577e-22
46.63369072907291 8.89324548100551e-22
46.73232163216321 8.877819978218858e-22
46.83095253525352 8.862425983732383e-22
46.92958343834383 8.847063796296142e-22
47.02821434143414 8.8317337059663e-22
47.12684524452445 8.816435994264428e-22
47.22547614761476 8.801170934334199e-22
47.324107050705074 8.785938791095579e-22
47.42273795379538 8.770739821396464e-22
47.52136885688569 8.755574274161953e-22
47.619999759976 8.740442390541083e-22
47.71863066306631 8.725344404051266e-22
47.81726156615662 8.710280540720296e-22
47.91589246924693 8.695251019226135e-22
48.01452337233723 8.680256051034267e-22
48.11315427542754 8.665295840532927e-22
48.21178517851785 8.65037058516606e-22
48.31041608160816 8.635480475564054e-22
48.40904698469847 8.620625695672379e-22
48.50767788778878 8.605806422878064e-22
48.60630879087909 8.591022828134085e-22
48.70493969396939 8.576275076081726e-22
48.803570597059704 8.56156332517083e-22
48.902201500150014 8.546887727778126e-22
49.000832403240324 8.532248430323575e-22
49.099463306330634 8.517645573384722e-22
49.198094209420944 8.503079291809208e-22
49.296725112511254 8.488549714825336e-22
49.39535601560156 8.474056966150832e-22
49.49398691869187 8.459601164099772e-22
49.59261782178218 8.445182421687663e-22
49.69124872487249 8.43080084673484e-22
49.7898796279628 8.416456541968057e-22
49.88851053105311 8.402149605120361e-22
49.98714143414342 8.387880129029339e-22
50.08577233723372 8.373648201733628e-22
50.18440324032403 8.3594539065678275e-22
50.28303414341434 8.345297322255812e-22
50.38166504650465 8.331178523002417e-22
50.48029594959496 8.317097578583623e-22
50.57892685268527 8.303054554435134e-22
50.677557755775574 8.289049511739485e-22
50.776188658865884 8.275082507511676e-22
50.874819561956194 8.261153594683307e-22
50.973450465046504 8.247262822185275e-22
51.072081368136814 8.23341023502907e-22
51.170712271227124 8.2195958743866745e-22
51.269343174317434 8.205819777669077e-22
51.36797407740774 8.192081978603426e-22
51.46660498049805 8.178382507308866e-22
51.56523588358836 8.164721390371092e-22
51.66386678667867 8.151098650915553e-22
51.76249768976898 8.137514308679435e-22
51.86112859285929 8.123968380082384e-22
51.9597594959496 8.110460878296018e-22
52.0583903990399 8.096991813312184e-22
52.15702130213021 8.08356119201007e-22
52.25565220522052 8.070169018222159e-22
52.35428310831083 8.056815292798994e-22
52.45291401140114 8.043500013672828e-22
52.55154491449145 8.030223175920169e-22
52.65017581758176 8.016984771823215e-22
52.748806720672064 8.003784790930248e-22
52.847437623762374 7.990623220114894e-22
52.946068526852684 7.977500043634466e-22
53.044699429942995 7.964415243187123e-22
53.143330333033305 7.951368797968159e-22
53.241961236123615 7.938360684725229e-22
53.34059213921392 7.925390877812629e-22
53.43922304230423 7.91245934924456e-22
53.53785394539454 7.8995660687475535e-22
53.63648484848485 7.886711003811871e-22
53.73511575157516 7.873894119742035e-22
53.83374665466547 7.861115379706466e-22
53.93237755775578 7.848374744786209e-22
54.03100846084608 7.83567217402283e-22
54.12963936393639 7.823007624465402e-22
54.2282702670267 7.810381051216741e-22
54.32690117011701 7.797792407478708e-22
54.42553207320732 7.785241644596792e-22
54.52416297629763 7.772728712103839e-22
54.62279387938794 7.760253557763005e-22
54.721424782478245 7.74781612760997e-22
54.820055685568555 7.735416365994344e-22
54.918686588658865 7.723054215620338e-22
55.017317491749175 7.710729617586768e-22
55.115948394839485 7.698442511426209e-22
55.214579297929795 7.686192835143553e-22
55.313210201020105 7.673980525253835e-22
55.41184110411041 7.661805516819327e-22
55.51047200720072 7.649667743486018e-22
55.60910291029103 7.637567137519432e-22
55.70773381338134 7.625503629839712e-22
55.80636471647165 7.613477150056153e-22
55.90499561956196 7.601487626501089e-22
56.00362652265226 7.589534986263103e-22
56.10225742574257 7.577619155219679e-22
56.20088832883288 7.565740058069272e-22
56.29951923192319 7.553897618362708e-22
56.3981501350135 7.542091758534087e-22
56.49678103810381 7.530322399931086e-22
56.59541194119412 7.518589462844688e-22
56.694042844284425 7.506892866538383e-22
56.792673747374735 7.495232529276807e-22
56.891304650465045 7.48360836835389e-22
56.989935553555355 7.472020300120399e-22
57.088566456645665 7.46046824001108e-22
57.187197359735976 7.448952102571198e-22
57.285828262826286 7.437471801482616e-22
57.38445916591659 7.426027249589404e-22
57.4830900690069 7.414618358922947e-22
57.58172097209721 7.403245040726572e-22
57.68035187518752 7.391907205479735e-22
57.77898277827783 7.38060476292174e-22
57.87761368136814 7.369337622075014e-22
57.97624458445845 7.358105691267925e-22
58.07487548754875 7.346908878157207e-22
58.17350639063906 7.335747089749904e-22
58.27213729372937 7.3246202324249295e-22
58.37076819681968 7.313528211954254e-22
58.46939909990999 7.302470933523583e-22
58.5680300030003 7.291448301752733e-22
58.666660906090605 7.280460220715588e-22
58.765291809180916 7.26950659395965e-22
58.863922712271226 7.258587324525254e-22
58.962553615361536 7.247702314964366e-22
59.061184518451846 7.236851467359062e-22
59.159815421542156 7.226034683339609e-22
59.258446324632466 7.215251864102231e-22
59.35707722772277 7.204502910426498e-22
59.45570813081308 7.1937877226924e-22
59.55433903390339 7.183106200897057e-22
59.6529699369937 7.172458244671139e-22
59.75160084008401 7.161843753294954e-22
59.85023174317432 7.151262625714165e-22
59.94886264626463 7.140714760555289e-22
60.04749354935493 7.130200056140817e-22
60.14612445244524 7.119718410504059e-22
60.24475535553555 7.109269721403707e-22
60.34338625862586 7.09885388633807e-22
60.44201716171617 7.088470802559068e-22
60.54064806480648 7.078120367085916e-22
60.639278967896786 7.067802476718536e-22
60.737909870987096 7.057517028050713e-22
60.836540774077406 7.04726391748297e-22
60.935171677167716 7.037043041235192e-22
61.033802580258026 7.026854295358984e-22
61.132433483348336 7.016697575749789e-22
61.231064386438646 7.006572778158734e-22
61.32969528952895 6.996479798204276e-22
61.42832619261926 6.986418531383555e-22
61.52695709570957 6.97638887308355e-22
61.62558799879988 6.966390718592002e-22
61.72421890189019 6.956423963108093e-22
61.8228498049805 6.9464885017529e-22
61.92148070807081 6.936584229579657e-22
62.02011161116111 6.926711041583787e-22
62.11874251425142 6.916868832712701e-22
62.21737341734173 6.907057497875419e-22
62.31600432043204 6.897276931951992e-22
62.41463522352235 6.887527029802689e-22
62.51326612661266 6.877807686277007e-22
62.61189702970297 6.868118796222509e-22
62.710527932793276 6.858460254493437e-22
62.809158835883586 6.848831955959129e-22
62.9077897389739 6.839233795512327e-22
63.00642064206421 6.829665668077214e-22
63.10505154515452 6.820127468617325e-22
63.20368244824483 6.810619092143281e-22
63.30231335133513 6.801140433720332e-22
63.40094425442544 6.791691388475754e-22
63.49957515751575 6.782271851606072e-22
63.59820606060606 6.772881718384129e-22
63.69683696369637 6.763520884165963e-22
63.79546786678668 6.754189244397596e-22
63.89409876987699 6.744886694621583e-22
63.99272967296729 6.735613130483493e-22
64.09136057605761 6.726368447738186e-22
64.18999147914792 6.717152542255973e-22
64.28862238223823 6.707965310028613e-22
64.38725328532854 6.6988066471751995e-22
64.48588418841885 6.689676449947866e-22
64.58451509150916 6.68057461473742e-22
64.68314599459946 6.6715010380787725e-22
64.78177689768977 6.662455616656292e-22
64.88040780078008 6.653438247308998e-22
64.97903870387039 6.64444882703566e-22
65.0776696069607 6.635487252999726e-22
65.17630051005101 6.6265534225342e-22
65.27493141314132 6.617647233146327e-22
65.37356231623161 6.608768582522203e-22
65.47219321932192 6.599917368531266e-22
65.57082412241223 6.591093489230685e-22
65.66945502550254 6.582296842869583e-22
65.76808592859285 6.573527327893252e-22
65.86671683168316 6.564784842947145e-22
65.96534773477347 6.556069286880861e-22
66.06397863786378 6.547380558751976e-22
66.1626095409541 6.538718557829783e-22
66.2612404440444 6.530083183598938e-22
66.35987134713471 6.521474335763011e-22
66.45850225022502 6.512891914247934e-22
66.55713315331533 6.504335819205359e-22
66.65576405640564 6.495805951015933e-22
66.75439495949595 6.487302210292455e-22
66.85302586258626 6.478824497883003e-22
66.95165676567657 6.470372714873892e-22
67.05028766876688 6.461946762592616e-22
67.1489185718572 6.453546542610688e-22
67.2475494749475 6.4451719567463695e-22
67.3461803780378 6.436822907067369e-22
67.44481128112811 6.428499295893403e-22
67.54344218421842 6.420201025798746e-22
67.64207308730873 6.411927999614645e-22
67.74070399039904 6.4036801204316945e-22
67.83933489348935 6.395457291602129e-22
67.93796579657966 6.387259416742041e-22
68.03659669966996 6.379086399733535e-22
68.13522760276027 6.370938144726799e-22
68.23385850585058 6.362814556142132e-22
68.33248940894089 6.354715538671878e-22
68.4311203120312 6.346640997282318e-22
68.52975121512151 6.338590837215484e-22
68.62838211821182 6.330564963990911e-22
68.72701302130213 6.322563283407333e-22
68.82564392439244 6.314585701544324e-22
68.92427482748275 6.306632124763864e-22
69.02290573057306 6.298702459711849e-22
69.12153663366337 6.290796613319567e-22
69.22016753675368 6.282914492805097e-22
69.31879843984399 6.275056005674649e-22
69.4174293429343 6.267221059723869e-22
69.51606024602461 6.259409563039072e-22
69.61469114911492 6.251621423998456e-22
69.71332205220523 6.243856551273203e-22
69.81195295529554 6.236114853828625e-22
69.91058385838585 6.228396240925143e-22
70.00921476147614 6.220700622119341e-22
70.10784566456645 6.213027907264875e-22
70.20647656765676 6.205378006513396e-22
70.30510747074707 6.1977508303154e-22
70.40373837383738 6.190146289421037e-22
70.5023692769277 6.1825642948809e-22
70.60100018001799 6.175004758046729e-22
70.6996310831083 6.167467590572118e-22
70.79826198619861 6.159952704413155e-22
70.89689288928892 6.152460011829027e-22
70.99552379237923 6.144989425382592e-22
71.09415469546954 6.137540857940907e-22
71.19278559855985 6.130114222675715e-22
71.29141650165016 6.122709433063919e-22
71.39004740474047 6.115326402887974e-22
71.48867830783078 6.107965046236306e-22
71.58730921092109 6.100625277503626e-22
71.6859401140114 6.093307011391284e-22
71.78457101710171 6.08601016290753e-22
71.88320192019202 6.078734647367767e-22
71.98183282328233 6.071480380394772e-22
72.08046372637264 6.064247277918909e-22
72.17909462946295 6.057035256178249e-22
72.27772553255326 6.049844231718726e-22
72.37635643564357 6.042674121394235e-22
72.47498733873388 6.035524842366686e-22
72.57361824182419 6.02839631210608e-22
72.67224914491449 6.021288448390494e-22
72.7708800480048 6.014201169306089e-22
72.86951095109511 6.007134393247076e-22
72.96814185418542 6.000088038915644e-22
73.06677275727573 5.993062025321879e-22
73.16540366036604 5.986056271783658e-22
73.26403456345633 5.979070697926519e-22
73.36266546654664 5.972105223683474e-22
73.46129636963695 5.965159769294871e-22
73.55992727272726 5.95823425530816e-22
73.65855817581757 5.951328602577687e-22
73.75718907890789 5.944442732264435e-22
73.8558199819982 5.937576565835764e-22
73.9544508850885 5.930730025065127e-22
74.05308178817882 5.9239030320317505e-22
74.15171269126913 5.917095509120334e-22
74.25034359435944 5.910307379020674e-22
74.34897449744975 5.903538564727323e-22
74.44760540054006 5.896788989539194e-22
74.54623630363037 5.890058577059166e-22
74.64486720672068 5.883347251193674e-22
74.74349810981099 5.876654936152262e-22
74.8421290129013 5.8699815564471425e-22
74.9407599159916 5.8633270368927315e-22
75.03939081908192 5.856691302605151e-22
75.13802172217223 5.850074279001762e-22
75.23665262526254 5.84347589180062e-22
75.33528352835283 5.836896067019962e-22
75.43391443144314 5.830334730977672e-22
75.53254533453345 5.823791810290716e-22
75.63117623762376 5.817267231874585e-22
75.72980714071407 5.810760922942695e-22
75.82843804380438 5.804272811005817e-22
75.92706894689468 5.797802823871446e-22
76.02569984998499 5.791350889643202e-22
76.1243307530753 5.784916936720185e-22
76.22296165616561 5.778500893796343e-22
76.32159255925592 5.772102689859812e-22
76.42022346234623 5.765722254192255e-22
76.51885436543654 5.759359516368178e-22
76.61748526852685 5.7530144062542645e-22
76.71611617161716 5.746686854008658e-22
76.81474707470747 5.74037679008027e-22
76.91337797779778 5.734084145208053e-22
77.01200888088809 5.727808850420294e-22
77.1106397839784 5.721550837033861e-22
77.20927068706871 5.715310036653484e-22
77.30790159015902 5.70908638117098e-22
77.40653249324933 5.702879802764511e-22
77.50516339633964 5.696690233897811e-22
77.60379429942995 5.690517607319416e-22
77.70242520252026 5.6843618560618755e-22
77.80105610561057 5.678222913440967e-22
77.89968700870088 5.6721007130548995e-22
77.99831791179119 5.66599518878351e-22
78.0969488148815 5.659906274787451e-22
78.19557971797181 5.653833905507384e-22
78.29421062106209 5.647778015663142e-22
78.3928415241524 5.641738540252912e-22
78.49147242724271 5.635715414552398e-22
78.59010333033302 5.629708574113979e-22
78.68873423342333 5.623717954765869e-22
78.78736513651364 5.617743492611257e-22
78.88599603960395 5.611785124027465e-22
78.98462694269426 5.605842785665075e-22
79.08325784578457 5.599916414447068e-22
79.18188874887488 5.594005947567959e-22
79.2805196519652 5.58811132249292e-22
79.3791505550555 5.582232476956894e-22
79.47778145814581 5.57636934896373e-22
79.57641236123612 5.570521876785278e-22
79.67504326432643 5.564689998960524e-22
79.77367416741674 5.558873654294667e-22
79.87230507050705 5.553072781858248e-22
79.97093597359736 5.54728732098623e-22
80.06956687668767 5.541517211277115e-22
80.16819777977798 5.535762392592029e-22
80.2668286828683 5.530022805053813e-22
80.3654595859586 5.524298389046105e-22
80.46409048904891 5.518589085212443e-22
80.56272139213922 5.512894834455345e-22
80.66135229522953 5.507215577935374e-22
80.75998319831984 5.501551257070243e-22
80.85861410141015 5.495901813533872e-22
80.95724500450044 5.49026718925548e-22
81.05587590759075 5.484647326418645e-22
81.15450681068106 5.479042167460393e-22
81.25313771377137 5.473451655070252e-22
81.35176861686168 5.467875732189333e-22
81.45039951995199 5.462314342009397e-22
81.5490304230423 5.456767427971919e-22
81.6476613261326 5.451234933767161e-22
81.74629222922292 5.4457168033332295e-22
81.84492313231323 5.44021298085514e-22
81.94355403540354 5.434723410763891e-22
82.04218493849385 5.42924803773552e-22
82.14081584158416 5.423786806690162e-22
82.23944674467447 5.418339662791119e-22
82.33807764776478 5.412906551443918e-22
82.43670855085509 5.407487418295378e-22
82.5353394539454 5.40208220923266e-22
82.63397035703571 5.396690870382337e-22
82.73260126012602 5.391313348109463e-22
82.83123216321633 5.385949589016605e-22
82.92986306630664 5.38059953994295e-22
83.02849396939695 5.375263147963312e-22
83.12712487248726 5.369940360387245e-22
83.22575577557757 5.364631124758074e-22
83.32438667866788 5.359335388851959e-22
83.42301758175819 5.354053100676982e-22
83.5216484848485 5.348784208472184e-22
83.62027938793878 5.343528660706643e-22
83.71891029102909 5.338286406078532e-22
83.8175411941194 5.333057393514195e-22
83.91617209720971 5.327841572167207e-22
84.01480300030002 5.322638891417441e-22
84.11343390339033 5.317449300870138e-22
84.21206480648064 5.312272750354984e-22
84.31069570957095 5.307109189925169e-22
84.40932661266126 5.301958569856465e-22
84.50795751575157 5.2968208406463e-22
84.60658841884188 5.291695953012832e-22
84.70521932193219 5.2865838578940225e-22
84.8038502250225 5.281484506446721e-22
84.90248112811281 5.276397850045731e-22
85.00111203120312 5.271323840282903e-22
85.09974293429343 5.266262428966211e-22
85.19837383738374 5.261213568118833e-22
85.29700474047405 5.256177209978239e-22
85.39563564356436 5.251153306995277e-22
85.49426654665467 5.246141811833268e-22
85.59289744974498 5.241142677367081e-22
85.69152835283529 5.236155856682235e-22
85.7901592559256 5.231181303073995e-22
85.88879015901591 5.2262189700464575e-22
85.98742106210622 5.221268811311663e-22
86.08605196519653 5.216330780788679e-22
86.18468286828684 5.211404832602712e-22
86.28331377137712 5.206490921084205e-22
86.38194467446743 5.201589000767954e-22
86.48057557755774 5.196699026392196e-22
86.57920648064805 5.191820952897736e-22
86.67783738373836 5.186954735427056e-22
86.77646828682867 5.18210032932342e-22
86.87509918991898 5.177257690130001e-22
86.9737300930093 5.172426773588992e-22
87.0723609960996 5.167607535640731e-22
87.17099189918991 5.162799932422826e-22
87.26962280228022 5.1580039202692685e-22
87.36825370537053 5.153219455709581e-22
87.46688460846084 5.148446495467927e-22
87.56551551155115 5.14368499646226e-22
87.66414641464146 5.138934915803446e-22
87.76277731773177 5.134196210794409e-22
87.86140822082209 5.12946883892927e-22
87.9600391239124 5.124752757892485e-22
88.0586700270027 5.120047925557993e-22
88.15730093009302 5.115354299988369e-22
88.25593183318333 5.110671839433959e-22
88.35456273627364 5.1060005023320485e-22
88.45319363936395 5.101340247306012e-22
88.55182454245426 5.09669103316447e-22
88.65045544554457 5.092052818900448e-22
88.74908634863488 5.08742556369054e-22
88.84771725172519 5.0828092268940795e-22
88.94634815481547 5.078203768052309e-22
89.04497905790578 5.073609146887535e-22
89.14360996099609 5.069025323302325e-22
89.2422408640864 5.064452257378666e-22
89.34087176717671 5.0598899093771585e-22
89.43950267026702 5.055338239736179e-22
89.53813357335733 5.05079720907109e-22
89.63676447644764 5.046266778173409e-22
89.73539537953795 5.041746908010004e-22
89.83402628262826 5.03723755972229e-22
89.93265718571857 5.032738694625419e-22
90.03128808880888 5.028250274207491e-22
90.12991899189919 5.023772260128738e-22
90.2285498949895 5.019304614220744e-22
90.32718079807981 5.014847298485644e-22
90.42581170117012 5.01040027509534e-22
90.52444260426043 5.0059635063907075e-22
90.62307350735074 5.001536954880817e-22
90.72170441044105 4.997120583242152e-22
90.82033531353136 4.992714354317828e-22
90.91896621662167 4.988318231116817e-22
91.01759711971198 4.9839321768131885e-22
91.11622802280229 4.979556154745311e-22
91.2148589258926 4.975190128415119e-22
91.31348982898291 4.970834061487323e-22
91.41212073207322 4.966487917788663e-22
91.51075163516353 4.962151661307149e-22
91.60938253825381 4.957825256191298e-22
91.70801344134412 4.953508666749394e-22
91.80664434443443 4.949201857448726e-22
91.90527524752474 4.944904792914855e-22
92.00390615061505 4.940617437930858e-22
92.10253705370536 4.936339757436596e-22
92.20116795679567 4.932071716527979e-22
92.29979885988598 4.927813280456222e-22
92.39842976297629 4.923564414627115e-22
92.4970606660666 4.919325084600309e-22
92.59569156915691 4.915095256088564e-22
92.69432247224722 4.910874894957059e-22
92.79295337533753 4.906663967222641e-22
92.89158427842784 4.902462439053126e-22
92.99021518151815 4.898270276766584e-22
93.08884608460846 4.894087446830619e-22
93.18747698769877 4.889913915861672e-22
93.28610789078908 4.885749650624309e-22
93.3847387938794 4.88159461803052e-22
93.4833696969697 4.877448785139022e-22
93.58200060006001 4.87331211915456e-22
93.68063150315032 4.869184587427216e-22
93.77926240624063 4.865066157451713e-22
93.87789330933094 4.860956796866735e-22
93.97652421242125 4.85685647345424e-22
94.07515511551156 4.852765155138775e-22
94.17378601860187 4.8486828099868e-22
94.27241692169216 4.844609406206013e-22
94.37104782478247 4.840544912144672e-22
94.46967872787278 4.83648929629093e-22
94.56830963096309 4.832442527272166e-22
94.6669405340534 4.828404573854324e-22
94.7655714371437 4.824375404941241e-22
94.86420234023402 4.820354989574002e-22
94.96283324332433 4.816343296930277e-22
95.06146414641464 4.812340296323668e-22
95.16009504950495 4.808345957203061e-22
95.25872595259526 4.804360249151976e-22
95.35735685568557 4.800383141887929e-22
95.45598775877588 4.796414605261779e-22
95.55461866186619 4.792454609257111e-22
95.6532495649565 4.788503123989567e-22
95.7518804680468 4.784560119706251e-22
95.85051137113712 4.780625566785067e-22
95.94914227422743 4.776699435734113e-22
96.04777317731774 4.772781697191044e-22
96.14640408040805 4.7688723219224565e-22
96.24503498349836 4.764971280823272e-22
96.34366588658867 4.7610785449161085e-22
96.44229678967898 4.757194085350687e-22
96.54092769276929 4.753317873403204e-22
96.6395585958596 4.749449880475727e-22
96.73818949894991 4.7455900780956015e-22
96.83682040204022 4.741738437914832e-22
96.9354513051305 4.737894931709494e-22
97.03408220822081 4.7340595313791345e-22
97.13271311131112 4.730232208946173e-22
97.23134401440143 4.7264129365553215e-22
97.32997491749174 4.722601686472986e-22
97.42860582058205 4.718798431086688e-22
97.52723672367236 4.715003142904471e-22
97.62586762676267 4.71121579455433e-22
97.72449852985298 4.707436358783635e-22
97.82312943294329 4.703664808458547e-22
97.9217603360336 4.6999011165634525e-22
98.02039123912391 4.696145256200393e-22
98.11902214221422 4.692397200588494e-22
98.21765304530453 4.688656923063409e-22
98.31628394839484 4.684924397076752e-22
98.41491485148515 4.681199596195532e-22
98.51354575457546 4.677482494101616e-22
98.61217665766577 4.67377306459115e-22
98.71080756075608 4.670071281574038e-22
98.80943846384639 4.66637711907336e-22
98.9080693669367 4.662690551224853e-22
99.00670027002701 4.659011552276356e-22
99.10533117311732 4.655340096587266e-22
99.20396207620763 4.651676158628011e-22
99.30259297929794 4.648019712979502e-22
99.40122388238825 4.644370734332613e-22
99.49985478547856 4.640729197487636e-22
99.59848568856884 4.637095077353765e-22
99.69711659165915 4.633468348948566e-22
99.79574749474946 4.629848987397447e-22
99.89437839783977 4.626236967933158e-22
99.99300930093008 4.622632265895249e-22
100.0916402040204 4.619034856729561e-22
100.1902711071107 4.615444715987737e-22
100.28890201020101 4.611861819326669e-22
100.38753291329132 4.608286142508027e-22
100.48616381638163 4.604717661397731e-22
100.58479471947194 4.601156351965462e-22
100.68342562256225 4.597602190284153e-22
100.78205652565256 4.59405515252949e-22
100.88068742874287 4.5905152149794225e-22
100.97931833183318 4.586982354013667e-22
101.0779492349235 4.583456546113213e-22
101.1765801380138 4.579937767859835e-22
101.27521104110411 4.576425995935616e-22
101.37384194419442 4.572921207122448e-22
101.47247284728473 4.569423378301558e-22
101.57110375037504 4.565932486453039e-22
101.66973465346535 4.562448508655346e-22
101.76836555655566 4.558971422084853e-22
101.86699645964597 4.55550120401536e-22
101.96562736273629 4.55203783181763e-22
102.0642582658266 4.548581282958923e-22
102.1628891689169 4.545131535002522e-22
102.26152007200719 4.541688565607285e-22
102.3601509750975 4.538252352527168e-22
102.4587818781878 4.534822873610777e-22
102.55741278127812 4.531400106800916e-22
102.65604368436843 4.5279840301341125e-22
102.75467458745874 4.524574621740186e-22
102.85330549054905 4.521171859841797e-22
102.95193639363936 4.517775722753986e-22
103.05056729672967 4.514386188883743e-22
103.14919819981998 4.5110032367295495e-22
103.24782910291029 4.507626844880959e-22
103.3464600060006 4.504256992018139e-22
103.44509090909091 4.500893656911443e-22
103.54372181218122 4.497536818420978e-22
103.64235271527153 4.494186455496164e-22
103.74098361836184 4.490842547175318e-22
103.83961452145215 4.487505072585212e-22
103.93824542454246 4.484174010940657e-22
104.03687632763277 4.480849341544076e-22
104.13550723072308 4.477531043785081e-22
104.23413813381339 4.474219097140057e-22
104.3327690369037 4.470913481171747e-22
104.43139993999401 4.4676141755288245e-22
104.53003084308432 4.464321159945496e-22
104.62866174617463 4.461034414241087e-22
104.72729264926494 4.457753918319622e-22
104.82592355235522 4.454479652169425e-22
104.92455445544553 4.451211595862722e-22
105.02318535853584 4.447949729555223e-22
105.12181626162615 4.444694033485736e-22
105.22044716471646 4.44144448797576e-22
105.31907806780677 4.438201073429084e-22
105.41770897089708 4.434963770331405e-22
105.51633987398739 4.431732559249928e-22
105.6149707770777 4.428507420832967e-22
105.71360168016801 4.425288335809572e-22
105.81223258325832 4.422075284989137e-22
105.91086348634863 4.418868249261003e-22
106.00949438943894 4.415667209594092e-22
106.10812529252925 4.412472147036517e-22
106.20675619561956 4.409283042715203e-22
106.30538709870987 4.406099877835509e-22
106.40401800180018 4.402922633680859e-22
106.50264890489049 4.399751291612362e-22
106.6012798079808 4.396585833068441e-22
106.69991071107111 4.393426239564464e-22
106.79854161416142 4.390272492692383e-22
106.89717251725173 4.387124574120355e-22
106.99580342034204 4.383982465592387e-22
107.09443432343235 4.380846148927973e-22
107.19306522652266 4.377715606021728e-22
107.29169612961297 4.374590818843037e-22
107.39032703270328 4.371471769435687e-22
107.48895793579356 4.368358439917531e-22
107.58758883888387 4.365250812480116e-22
107.68621974197418 4.362148869388334e-22
107.7848506450645 4.359052592980084e-22
107.8834815481548 4.355961965665915e-22
107.98211245124511 4.352876969928679e-22
108.08074335433543 4.349797588323191e-22
108.17937425742574 4.346723803475883e-22
108.27800516051605 4.343655598084466e-22
108.37663606360636 4.340592954917593e-22
108.47526696669667 4.337535856814508e-22
108.57389786978698 4.334484286684729e-22
108.67252877287729 4.331438227507698e-22
108.7711596759676 4.32839766233246e-22
108.8697905790579 4.325362574277328e-22
108.96842148214822 4.322332946529554e-22
109.06705238523853 4.319308762344994e-22
109.16568328832884 4.316290005047802e-22
109.26431419141915 4.31327665803008e-22
109.36294509450946 4.310268704751581e-22
109.46157599759977 4.30726612873937e-22
109.56020690069008 4.304268913587511e-22
109.65883780378039 4.301277042956755e-22
109.7574687068707 4.298290500574214e-22
109.856099609961 4.2953092702330525e-22
109.95473051305132 4.292333335792174e-22
110.05336141614163 4.28936268117591e-22
110.15199231923191 4.28639729037371e-22
110.25062322232222 4.283437147439836e-22
110.34925412541253 4.280482236493047e-22
110.44788502850284 4.277532541716312e-22
110.54651593159315 4.274588047356485e-22
110.64514683468346 4.27164873772402e-22
110.74377773777377 4.268714597192663e-22
110.84240864086408 4.2657856101991515e-22
110.94103954395439 4.262861761242934e-22
111.0396704470447 4.259943034885839e-22
111.13830135013501 4.257029415751825e-22
111.23693225322532 4.254120888526654e-22
111.33556315631563 4.251217437957615e-22
111.43419405940594 4.24831904885323e-22
111.53282496249625 4.245425706082967e-22
111.63145586558656 4.242537394576961e-22
111.73008676867687 4.239654099325711e-22
111.82871767176718 4.236775805379813e-22
111.92734857485749 4.2339024978496674e-22
112.0259794779478 4.231034161905203e-22
112.12461038103811 4.228170782775599e-22
112.22324128412842 4.2253123457489997e-22
112.32187218721873 4.222458836172246e-22
112.42050309030904 4.219610239450591e-22
112.51913399339935 4.216766541047437e-22
112.61776489648966 4.2139277264840516e-22
112.71639579957997 4.21109378133931e-22
112.81502670267025 4.208264691249413e-22
112.91365760576056 4.205440441907621e-22
113.01228850885087 4.2026210190639937e-22
113.11091941194118 4.199806408525119e-22
113.20955031503149 4.19699659615385e-22
113.3081812181218 4.194191567869039e-22
113.40681212121211 4.191391309645284e-22
113.50544302430242 4.1885958075126567e-22
113.60407392739273 4.185805047556459e-22
113.70270483048304 4.1830190159169464e-22
113.80133573357335 4.18023769878909e-22
113.89996663666366 4.1774610824223087e-22
113.99859753975397 4.1746891531202202e-22
114.09722844284428 4.1719218972403925e-22
114.1958593459346 4.169159301194084e-22
114.2944902490249 4.166401351446e-22
114.39312115211521 4.163648034514044e-22
114.49175205520552 4.160899336969065e-22
114.59038295829583 4.1581552454346205e-22
114.68901386138614 4.155415746586722e-22
114.78764476447645 4.152680827153597e-22
114.88627566756676 4.149950473915448e-22
114.98490657065707 4.147224673704208e-22
115.08353747374738 4.144503413403298e-22
115.1821683768377 4.1417866799473966e-22
115.280799279928 4.1390744603221933e-22
115.37943018301831 4.1363667415641636e-22
115.4780610861086 4.1336635107603216e-22
115.5766919891989 4.1309647550479885e-22
115.67532289228922 4.1282704616145733e-22
115.77395379537953 4.1255806176973227e-22
115.87258469846984 4.122895210583104e-22
115.97121560156015 4.120214227608169e-22
116.06984650465046 4.1175376561579293e-22
116.16847740774077 4.1148654836667283e-22
116.26710831083108 4.112197697617615e-22
116.36573921392139 4.109534285542121e-22
116.4643701170117 4.1068752350200362e-22
116.563001020102 4.1042205336791857e-22
116.66163192319232 4.1015701691952097e-22
116.76026282628263 4.0989241292913486e-22
116.85889372937294 4.096282401738209e-22
116.95752463246325 4.093644974353566e-22
117.05615553555356 4.0910118350021298e-22
117.15478643864387 4.0883829715953386e-22
117.25341734173418 4.0857583720911426e-22
117.35204824482449 4.083138024493795e-22
117.4506791479148 4.0805219168536267e-22
117.54931005100511 4.0779100372668427e-22
117.64794095409542 4.075302373875326e-22
117.74657185718573 4.072698914866399e-22
117.84520276027604 4.070099648472642e-22
117.94383366336635 4.0675045629716705e-22
118.04246456645666 4.0649136466859367e-22
118.14109546954694 4.062326887982525e-22
118.23972637263725 4.0597442752729366e-22
118.33835727572756 4.0571657970129063e-22
118.43698817881787 4.0545914417021837e-22
118.53561908190818 4.0520211978843393e-22
118.63424998499849 4.049455054146568e-22
118.7328808880888 4.046892999119479e-22
118.83151179117911 4.0443350214769136e-22
118.93014269426942 4.0417811099357342e-22
119.02877359735973 4.0392312532556403e-22
119.12740450045004 4.036685440238959e-22
119.22603540354035 4.0341436597304722e-22
119.32466630663066 4.031605900617203e-22
119.42329720972097 4.029072151828239e-22
119.52192811281128 4.026542402334524e-22
119.62055901590159 4.024016641148694e-22
119.7191899189919 4.0214948573248596e-22
119.81782082208221 4.0189770399584435e-22
119.91645172517252 4.016463178185977e-22
120.01508262826283 4.013953261184913e-22
120.11371353135314 4.011447278173457e-22
120.21234443444345 4.0089452184103645e-22
120.31097533753376 4.0064470711947684e-22
120.40960624062407 4.0039528258659922e-22
120.50823714371438 4.0014624718033746e-22
120.60686804680469 3.998975998426076e-22
120.705498949895 3.9964933951929134e-22
120.80412985298528 3.994014651602173e-22
120.9027607560756 3.991539757191439e-22
121.0013916591659 3.989068701537404e-22
121.10002256225621 3.98660147425571e-22
121.19865346534652 3.9841380650007586e-22
121.29728436843683 3.9816784634655457e-22
121.39591527152714 3.9792226593814837e-22
121.49454617461745 3.976770642518228e-22
121.59317707770776 3.974322402683513e-22
121.69180798079807 3.9718779297229705e-22
121.79043888388838 3.9694372135199665e-22
121.8890697869787 3.967000243995433e-22
121.987700690069 3.9645670111076907e-22
122.08633159315931 3.962137504852297e-22
122.18496249624963 3.959711715261865e-22
122.28359339933994 3.9572896324059017e-22
122.38222430243025 3.9548712463906484e-22
122.48085520552056 3.952456547358909e-22
122.57948610861087 3.950045525489894e-22
122.67811701170118 3.9476381709990537e-22
122.77674791479149 3.9452344741379138e-22
122.8753788178818 3.942834425193925e-22
122.9740097209721 3.940438014490287e-22
123.07264062406242 3.938045232385806e-22
123.17127152715273 3.9356560692747244e-22
123.26990243024304 3.9332705155865664e-22
123.36853333333335 3.9308885617859843e-22
123.46716423642363 3.928510198372603e-22
123.56579513951394 3.926135415880849e-22
123.66442604260425 3.9237642048798254e-22
123.76305694569456 3.921396555973128e-22
123.86168784878487 3.919032459798714e-22
123.96031875187518 3.9166719070287366e-22
124.05894965496549 3.9143148883693987e-22
124.1575805580558 3.9119613945608044e-22
124.25621146114611 3.909611416376801e-22
124.35484236423642 3.9072649446248394e-22
124.45347326732673 3.904921970145823e-22
124.55210417041704 3.9025824838139495e-22
124.65073507350735 3.900246476536583e-22
124.74936597659766 3.8979139392540897e-22
124.84799687968797 3.895584862939701e-22
124.94662778277828 3.8932592385993723e-22
125.04525868586859 3.8909370572716293e-22
125.1438895889589 3.8886183100274287e-22
125.24252049204921 3.886302987970023e-22
125.34115139513952 3.883991082234803e-22
125.43978229822983 3.8816825839891693e-22
125.53841320132014 3.879377484432388e-22
125.63704410441045 3.8770757747954465e-22
125.73567500750076 3.8747774463409253e-22
125.83430591059107 3.8724824903628474e-22
125.93293681368138 3.870190898186543e-22
126.03156771677169 3.867902661168524e-22
126.13019861986197 3.865617770696329e-22
126.22882952295228 3.863336218188398e-22
126.32746042604259 3.86105799509394e-22
126.4260913291329 3.858783092892794e-22
126.52472223222321 3.856511503095292e-22
126.62335313531352 3.854243217242135e-22
126.72198403840383 3.8519782269042513e-22
126.82061494149414 3.849716523682667e-22
126.91924584458445 3.8474580992083846e-22
127.01787674767476 3.845202945142237e-22
127.11650765076507 3.8429510531747635e-22
127.21513855385538 3.840702415026088e-22
127.31376945694569 3.838457022445783e-22
127.412400360036 3.836214867212736e-22
127.51103126312631 3.8339759411350446e-22
127.60966216621662 3.8317402360498547e-22
127.70829306930693 3.829507743823267e-22
127.80692397239724 3.8272784563501964e-22
127.90555487548755 3.825052365554246e-22
128.00418577857786 3.822829463387592e-22
128.10281668166817 3.8206097418308463e-22
128.20144758475848 3.818393192892948e-22
128.3000784878488 3.8161798086110294e-22
128.3987093909391 3.813969581050305e-22
128.4973402940294 3.811762502303937e-22
128.59597119711972 3.8095585644929288e-22
128.69460210021003 3.807357759765993e-22
128.79323300330032 3.8051600802994416e-22
128.89186390639063 3.802965518297058e-22
128.99049480948094 3.8007740659899862e-22
129.08912571257125 3.7985857156366112e-22
129.18775661566156 3.7964004595224384e-22
129.28638751875187 3.7942182899599795e-22
129.38501842184218 3.7920391992886387e-22
129.4836493249325 3.7898631798745956e-22
129.5822802280228 3.787690224110685e-22
129.6809111311131 3.7855203244162907e-22
129.77954203420342 3.7833534732372315e-22
129.87817293729373 3.781189663045637e-22
129.97680384038404 3.7790288863398517e-22
130.07543474347435 3.776871135644309e-22
130.17406564656466 3.7747164035094245e-22
130.27269654965497 3.7725646825114874e-22
130.37132745274528 3.7704159652525473e-22
130.4699583558356 3.768270244360304e-22
130.5685892589259 3.766127512488e-22
130.6672201620162 3.7639877623143086e-22
130.76585106510652 3.7618509865432305e-22
130.86448196819683 3.75971717790398e-22
130.96311287128714 3.757586329150886e-22
131.06174377437745 3.7554584330632697e-22
131.16037467746776 3.7533334824453617e-22
131.25900558055807 3.751211470126172e-22
131.35763648364838 3.749092388959401e-22
131.45626738673866 3.7469762318233333e-22
131.55489828982897 3.7448629916207204e-22
131.65352919291928 3.742752661278695e-22
131.7521600960096 3.740645233748653e-22
131.8507909990999 3.7385407020061653e-22
131.9494219021902 3.7364390590508593e-22
132.04805280528052 3.734340297906329e-22
132.14668370837083 3.7322444116200285e-22
132.24531461146114 3.730151393263174e-22
132.34394551455145 3.728061235930644e-22
132.44257641764176 3.725973932740874e-22
132.54120732073207 3.723889476835765e-22
132.63983822382238 3.7218078613805773e-22
132.7384691269127 3.719729079563837e-22
132.837100030003 3.7176531245972366e-22
132.9357309330933 3.715579989715542e-22
133.03436183618362 3.7135096681764834e-22
133.13299273927393 3.711442153260673e-22
133.23162364236424 3.7093774382715017e-22
133.33025454545455 3.707315516535043e-22
133.42888544854486 3.7052563813999605e-22
133.52751635163517 3.703200026237413e-22
133.62614725472548 3.7011464444409616e-22
133.7247781578158 3.6990956294264664e-22
133.8234090609061 3.6970475746320127e-22
133.9220399639964 3.695002273517797e-22
134.02067086708672 3.6929597195660486e-22
134.119301770177 3.6909199062809313e-22
134.2179326732673 3.688882827188455e-22
134.31656357635762 3.686848475836383e-22
134.41519447944793 3.6848168457941427e-22
134.51382538253824 3.682787930652731e-22
134.61245628562855 3.6807617240246343e-22
134.71108718871886 3.678738219543727e-22
134.80971809180917 3.6767174108651935e-22
134.90834899489948 3.674699291665429e-22
135.0069798979898 3.6726838556419653e-22
135.1056108010801 3.670671096513365e-22
135.2042417041704 3.6686610080191546e-22
135.30287260726072 3.6666535839197204e-22
135.40150351035103 3.664648817996231e-22
135.50013441344134 3.6626467040505525e-22
135.59876531653165 3.660647235905157e-22
135.69739621962196 3.65865040740304e-22
135.79602712271227 3.656656212407635e-22
135.89465802580258 3.654664644802737e-22
135.9932889288929 3.652675698492405e-22
136.0919198319832 3.650689367400885e-22
136.19055073507351 3.6487056454725313e-22
136.28918163816383 3.6467245266717185e-22
136.38781254125414 3.6447460049827567e-22
136.48644344434445 3.6427700744098175e-22
136.58507434743476 3.6407967289768428e-22
136.68370525052507 3.6388259627274732e-22
136.78233615361535 3.6368577697249613e-22
136.88096705670566 3.634892144052088e-22
136.97959795979597 3.6329290798110946e-22
137.07822886288628 3.63096857112359e-22
137.1768597659766 3.629010612130479e-22
137.2754906690669 3.6270551969918815e-22
137.3741215721572 3.625102319887052e-22
137.47275247524752 3.6231519750143046e-22
137.57138337833783 3.621204156590932e-22
137.67001428142814 3.619258858853132e-22
137.76864518451845 3.6173160760559257e-22
137.86727608760876 3.615375802473086e-22
137.96590699069907 3.6134380323970532e-22
138.06453789378938 3.6115027601388704e-22
138.1631687968797 3.6095699800280994e-22
138.26179969997 3.6076396864127433e-22
138.3604306030603 3.605711873659184e-22
138.45906150615062 3.6037865361520933e-22
138.55769240924093 3.6018636682943654e-22
138.65632331233124 3.5999432645070447e-22
138.75495421542155 3.5980253192292486e-22
138.85358511851186 3.596109826918095e-22
138.95221602160217 3.594196782048632e-22
139.05084692469248 3.592286179113762e-22
139.1494778277828 3.5903780126241724e-22
139.2481087308731 3.5884722771082604e-22
139.3467396339634 3.586568967112064e-22
139.4453705370537 3.5846680771991905e-22
139.544001440144 3.582769601950747e-22
139.6426323432343 3.5808735359652643e-22
139.74126324632462 3.5789798738586364e-22
139.83989414941493 3.5770886102640377e-22
139.93852505250524 3.575199739831867e-22
140.03715595559555 3.5733132572296704e-22
140.13578685868586 3.5714291571420723e-22
140.23441776177617 3.569547434270709e-22
140.33304866486648 3.5676680833341594e-22
140.4316795679568 3.5657910990678805e-22
140.5303104710471 3.5639164762241337e-22
140.6289413741374 3.5620442095719233e-22
140.72757227722772 3.5601742938969244e-22
140.82620318031803 3.5583067240014206e-22
140.92483408340834 3.556441494704234e-22
141.02346498649865 3.554578600840663e-22
141.12209588958896 3.5527180372624117e-22
141.22072679267927 3.5508597988375317e-22
141.31935769576958 3.5490038804503488e-22
141.4179885988599 3.5471502770014e-22
141.5166195019502 3.5452989834073756e-22
141.6152504050405 3.5434499946010474e-22
141.71388130813082 3.541603305531206e-22
141.81251221122113 3.539758911162605e-22
141.91114311431144 3.53791680647588e-22
142.00977401740175 3.536076986467507e-22
142.10840492049206 3.5342394461497245e-22
142.20703582358237 3.532404180550475e-22
142.30566672667268 3.530571184713347e-22
142.404297629763 3.528740453697509e-22
142.5029285328533 3.5269119825776448e-22
142.6015594359436 3.5250857664439006e-22
142.7001903390339 3.523261800401818e-22
142.7988212421242 3.5214400795722695e-22
142.89745214521452 3.51962059909141e-22
142.99608304830483 3.517803354110606e-22
143.09471395139514 3.5159883397963793e-22
143.19334485448545 3.514175551330347e-22
143.29197575757576 3.512364983909163e-22
143.39060666066607 3.5105566327444565e-22
143.48923756375638 3.5087504930627753e-22
143.5878684668467 3.5069465601055315e-22
143.686499369937 3.505144829128926e-22
143.7851302730273 3.503345295403918e-22
143.88376117611762 3.5015479542161384e-22
143.98239207920793 3.4997528008658564e-22
144.08102298229824 3.497959830667903e-22
144.17965388538855 3.49616903895163e-22
144.27828478847886 3.494380421060839e-22
144.37691569156917 3.4925939723537355e-22
144.47554659465948 3.4908096882028678e-22
144.5741774977498 3.489027563995075e-22
144.6728084008401 3.487247595131423e-22
144.7714393039304 3.4854697770271594e-22
144.87007020702072 3.483694105111648e-22
144.96870111011103 3.481920574828325e-22
145.06733201320134 3.4801491816346347e-22
145.16596291629165 3.4783799210019803e-22
145.26459381938196 3.476612788415663e-22
145.36322472247224 3.4748477793748426e-22
145.46185562556255 3.4730848893924645e-22
145.56048652865286 3.471324113995224e-22
145.65911743174317 3.469565448723498e-22
145.75774833483348 3.4678088891313054e-22
145.8563792379238 3.466054430786242e-22
145.9550101410141 3.464302069269437e-22
146.0536410441044 3.4625518001754987e-22
146.15227194719472 3.460803619112458e-22
146.25090285028503 3.4590575217017225e-22
146.34953375337534 3.457313503578021e-22
146.44816465646565 3.455571560389355e-22
146.54679555955596 3.453831687796945e-22
146.64542646264627 3.4520938814751776e-22
146.74405736573658 3.4503581371115615e-22
146.8426882688269 3.448624450406675e-22
146.9413191719172 3.4468928170741095e-22
147.0399500750075 3.4451632328404267e-22
147.13858097809782 3.443435693445107e-22
147.23721188118813 3.441710194640497e-22
147.33584278427844 3.439986732191764e-22
147.43447368736875 3.4382653018768446e-22
147.53310459045906 3.436545899486398e-22
147.63173549354937 3.434828520823755e-22
147.73036639663968 3.4331131617048694e-22
147.82899729973 3.431399817958273e-22
147.9276282028203 3.429688485425024e-22
148.02625910591058 3.4279791599586616e-22
148.1248900090009 3.4262718374251546e-22
148.2235209120912 3.42456651370286e-22
148.3221518151815 3.4228631846824736e-22
148.42078271827182 3.4211618462669784e-22
148.51941362136213 3.4194624943716053e-22
148.61804452445244 3.417765124923781e-22
148.71667542754275 3.416069733863083e-22
148.81530633063306 3.4143763171411933e-22
148.91393723372337 3.41268487072186e-22
149.01256813681368 3.410995390580835e-22
149.111199039904 3.4093078727058466e-22
149.2098299429943 3.4076223130965397e-22
149.3084608460846 3.405938707764442e-22
149.40709174917492 3.40425705273291e-22
149.50572265226523 3.4025773440370913e-22
149.60435355535554 3.400899577723877e-22
149.70298445844585 3.3992237498518546e-22
149.80161536153616 3.397549856491271e-22
149.90024626462647 3.395877893723979e-22
149.99887716771678 3.3942078576434064e-22
150.0975080708071 3.392539744354497e-22
150.1961389738974 3.39087354997368e-22
150.29476987698771 3.389209270628824e-22
150.39340078007803 3.387546902459189e-22
150.49203168316834 3.3858864416153836e-22
150.59066258625865 3.384227884259335e-22
150.68929348934893 3.3825712265642283e-22
150.78792439243924 3.380916464714478e-22
150.88655529552955 3.379263594905678e-22
150.98518619861986 3.3776126133445697e-22
151.08381710171017 3.375963516248988e-22
151.18244800480048 3.374316299847823e-22
151.2810789078908 3.3726709603809885e-22
151.3797098109811 3.3710274940993688e-22
151.4783407140714 3.3693858972647855e-22
151.57697161716172 3.36774616614995e-22
151.67560252025203 3.3661082970384315e-22
151.77423342334234 3.364472286224611e-22
151.87286432643265 3.362838130013635e-22
151.97149522952296 3.361205824721394e-22
152.07012613261327 3.3595753666744623e-22
152.16875703570358 3.357946752210072e-22
152.2673879387939 3.3563199776760654e-22
152.3660188418842 3.3546950394308637e-22
152.4646497449745 3.353071933843415e-22
152.56328064806482 3.3514506572931715e-22
152.66191155115513 3.3498312061700375e-22
152.76054245424544 3.34821357687434e-22
152.85917335733575 3.3465977658167804e-22
152.95780426042606 3.3449837694184076e-22
153.05643516351637 3.3433715841105674e-22
153.15506606660668 3.3417612063348793e-22
153.253696969697 3.3401526325431843e-22
153.35232787278727 3.338545859197517e-22
153.45095877587758 3.3369408827700606e-22
153.5495896789679 3.3353376997431166e-22
153.6482205820582 3.333736306609063e-22
153.7468514851485 3.332136699870324e-22
153.84548238823882 3.330538876039318e-22
153.94411329132913 3.3289428316384405e-22
154.04274419441944 3.3273485632000123e-22
154.14137509750975 3.325756067266252e-22
154.24000600060006 3.324165340389233e-22
154.33863690369037 3.322576379130857e-22
154.43726780678068 3.320989180062806e-22
154.535898709871 3.319403739766514e-22
154.6345296129613 3.317820054833134e-22
154.7331605160516 3.316238121863494e-22
154.83179141914192 3.3146579374680695e-22
154.93042232223223 3.313079498266944e-22
155.02905322532254 3.3115028008897724e-22
155.12768412841285 3.3099278419757563e-22
155.22631503150316 3.308354618173596e-22
155.32494593459347 3.3067831261414617e-22
155.42357683768378 3.305213362546963e-22
155.5222077407741 3.30364532406711e-22
155.6208386438644 3.302079007388279e-22
155.7194695469547 3.300514409206181e-22
155.81810045004502 3.2989515262258253e-22
155.91673135313533 3.2973903551614905e-22
156.01536225622561 3.295830892736683e-22
156.11399315931592 3.2942731356841116e-22
156.21262406240623 3.292717080745652e-22
156.31125496549654 3.2911627246723095e-22
156.40988586858685 3.289610064224192e-22
156.50851677167717 3.288059096170474e-22
156.60714767476748 3.286509817289364e-22
156.70577857785779 3.284962224368071e-22
156.8044094809481 3.283416314202779e-22
156.9030403840384 3.281872083598601e-22
157.00167128712872 3.2803295293695635e-22
157.10030219021903 3.2787886483385615e-22
157.19893309330934 3.2772494373373305e-22
157.29756399639965 3.2757118932064203e-22
157.39619489948996 3.274176012795156e-22
157.49482580258027 3.2726417929616113e-22
157.59345670567058 3.271109230572569e-22
157.6920876087609 3.2695783225035045e-22
157.7907185118512 3.2680490656385416e-22
157.8893494149415 3.2665214568704303e-22
157.98798031803182 3.2649954931005056e-22
158.08661122112213 3.2634711712386696e-22
158.18524212421244 3.2619484882033517e-22
158.28387302730275 3.260427440921485e-22
158.38250393039306 3.258908026328466e-22
158.48113483348337 3.2573902413681364e-22
158.57976573657368 3.2558740829927456e-22
158.67839663966396 3.2543595481629223e-22
158.77702754275427 3.252846633847645e-22
158.87565844584458 3.251335337024216e-22
158.9742893489349 3.249825654678223e-22
159.0729202520252 3.24831758380352e-22
159.1715511551155 3.24681112140219e-22
159.27018205820582 3.2453062644845205e-22
159.36881296129613 3.2438030100689752e-22
159.46744386438644 3.2423013551821583e-22
159.56607476747675 3.240801296858798e-22
159.66470567056706 3.2393028321416987e-22
159.76333657365737 3.237805958081738e-22
159.86196747674768 3.236310671737814e-22
159.960598379838 3.2348169701768334e-22
160.0592292829283 3.2333248504736716e-22
160.1578601860186 3.231834309711157e-22
160.25649108910892 3.230345344980034e-22
160.35512199219923 3.228857953378936e-22
160.45375289528954 3.2273721320143605e-22
160.55238379837985 3.2258878780006407e-22
160.65101470147016 3.2244051884599193e-22
160.74964560456047 3.222924060522117e-22
160.84827650765078 3.2214444913249116e-22
160.9469074107411 3.219966478013701e-22
161.0455383138314 3.218490017741589e-22
161.1441692169217 3.2170151076693473e-22
161.24280012001202 3.2155417449653946e-22
161.3414310231023 3.21406992680577e-22
161.4400619261926 3.2125996503741065e-22
161.53869282928292 3.2111309128615943e-22
161.63732373237323 3.2096637114669714e-22
161.73595463546354 3.2081980433964896e-22
161.83458553855385 3.206733905863883e-22
161.93321644164416 3.2052712960903496e-22
162.03184734473447 3.2038102113045205e-22
162.13047824782478 3.2023506487424415e-22
162.2291091509151 3.200892605647536e-22
162.3277400540054 3.1994360792705905e-22
162.4263709570957 3.197981066869718e-22
162.52500186018602 3.1965275657103476e-22
162.62363276327633 3.195075573065184e-22
162.72226366636664 3.1936250862141895e-22
162.82089456945695 3.1921761024445634e-22
162.91952547254726 3.190728619050703e-22
163.01815637563757 3.1892826333341935e-22
163.11678727872788 3.1878381426037804e-22
163.2154181818182 3.186395144175333e-22
163.3140490849085 3.184953635371836e-22
163.4126799879988 3.183513613523354e-22
163.51131089108912 3.1820750759670137e-22
163.60994179417943 3.1806380200469723e-22
163.70857269726974 3.1792024431144047e-22
163.80720360036005 3.1777683425274654e-22
163.90583450345036 3.176335715651275e-22
164.00446540654065 3.1749045598578958e-22
164.10309630963096 3.173474872526301e-22
164.20172721272127 3.172046651042356e-22
164.30035811581158 3.170619892798796e-22
164.3989890189019 3.1691945951952007e-22
164.4976199219922 3.16777075563797e-22
164.5962508250825 3.166348371540301e-22
164.69488172817282 3.1649274403221648e-22
164.79351263126313 3.163507959410289e-22
164.89214353435344 3.162089926238126e-22
164.99077443744375 3.160673338245835e-22
165.08940534053406 3.1592581928802543e-22
165.18803624362437 3.1578444875948874e-22
165.28666714671468 3.1564322198498756e-22
165.385298049805 3.1550213871119707e-22
165.4839289528953 3.15361198685452e-22
165.5825598559856 3.1522040165574417e-22
165.68119075907592 3.1507974737072013e-22
165.77982166216623 3.1493923557967895e-22
165.87845256525654 3.147988660325701e-22
165.97708346834685 3.1465863847999145e-22
166.07571437143716 3.145185526731862e-22
166.17434527452747 3.143786083640423e-22
166.27297617761778 3.142388053050885e-22
166.3716070807081 3.1409914324949355e-22
166.4702379837984 3.139596219510633e-22
166.5688688868887 3.138202411642386e-22
166.667499789979 3.1368100064409416e-22
166.7661306930693 3.1354190014633422e-22
166.8647615961596 3.13402939427293e-22
166.96339249924992 3.1326411824393087e-22
167.06202340234023 3.131254363538327e-22
167.16065430543054 3.1298689351520617e-22
167.25928520852085 3.128484894868791e-22
167.35791611161116 3.1271022402829765e-22
167.45654701470147 3.1257209689952443e-22
167.55517791779178 3.124341078612358e-22
167.6538088208821 3.122962566747207e-22
167.7524397239724 3.121585431018779e-22
167.8510706270627 3.1202096690521425e-22
167.94970153015302 3.1188352784784274e-22
168.04833243324333 3.117462256934802e-22
168.14696333633364 3.116090602064454e-22
168.24559423942395 3.1147203115165763e-22
168.34422514251426 3.113351382946332e-22
168.44285604560457 3.111983814014851e-22
168.54148694869488 3.110617602389206e-22
168.6401178517852 3.10925274574238e-22
168.7387487548755 3.1078892417532674e-22
168.8373796579658 3.1065270881066373e-22
168.93601056105612 3.1051662824931245e-22
169.03464146414643 3.1038068226092034e-22
169.13327236723674 3.1024487061571715e-22
169.23190327032705 3.101091930845131e-22
169.33053417341733 3.0997364943869694e-22
169.42916507650764 3.0983823945023384e-22
169.52779597959795 3.0970296289166375e-22
169.62642688268826 3.0956781953609908e-22
169.72505778577857 3.0943280915722346e-22
169.82368868886888 3.0929793152928936e-22
169.9223195919592 3.091631864271161e-22
170.0209504950495 3.0902857362608893e-22
170.11958139813981 3.0889409290215563e-22
170.21821230123012 3.087597440318261e-22
170.31684320432043 3.086255267921698e-22
170.41547410741074 3.084914409608141e-22
170.51410501050105 3.0835748631594194e-22
170.61273591359137 3.0822366263629127e-22
170.71136681668168 3.080899697011516e-22
170.80999771977199 3.0795640729036364e-22
170.9086286228623 3.078229751843168e-22
171.0072595259526 3.07689673163947e-22
171.10589042904292 3.075565010107359e-22
171.20452133213323 3.074234585067083e-22
171.30315223522354 3.0729054543443093e-22
171.40178313831385 3.0715776157701006e-22
171.50041404140416 3.070251067180903e-22
171.59904494449447 3.068925806418527e-22
171.69767584758478 3.067601831330129e-22
171.7963067506751 3.0662791397681903e-22
171.8949376537654 3.06495772959051e-22
171.99356855685568 3.06363759866018e-22
172.092199459946 3.0623187448455663e-22
172.1908303630363 3.061001166020298e-22
172.2894612661266 3.0596848600632466e-22
172.38809216921692 3.0583698248585103e-22
172.48672307230723 3.0570560582953966e-22
172.58535397539754 3.0557435582684013e-22
172.68398487848785 3.0544323226772038e-22
172.78261578157816 3.0531223494266353e-22
172.88124668466847 3.0518136364266735e-22
172.97987758775878 3.0505061815924193e-22
173.0785084908491 3.049199982844084e-22
173.1771393939394 3.0478950381069723e-22
173.2757702970297 3.0465913453114623e-22
173.37440120012002 3.0452889023929963e-22
173.47303210321033 3.043987707292055e-22
173.57166300630064 3.0426877579541554e-22
173.67029390939095 3.0413890523298153e-22
173.76892481248126 3.040091588374557e-22
173.86755571557157 3.038795364048874e-22
173.96618661866188 3.0375003773182326e-22
174.0648175217522 3.0362066261530387e-22
174.1634484248425 3.034914108528633e-22
174.2620793279328 3.0336228224252704e-22
174.36071023102312 3.0323327658281124e-22
174.45934113411343 3.031043936727195e-22
174.55797203720374 3.0297563331174305e-22
174.65660294029402 3.028469952998583e-22
174.75523384338433 3.027184794375255e-22
174.85386474647464 3.02590085525687e-22
174.95249564956495 3.02461813365766e-22
175.05112655265526 3.0233366275966506e-22
175.14975745574557 3.02205633509764e-22
175.24838835883588 3.0207772541891917e-22
175.3470192619262 3.019499382904615e-22
175.4456501650165 3.0182227192819504e-22
175.5442810681068 3.016947261363953e-22
175.64291197119712 3.0156730071980845e-22
175.74154287428743 3.0143999548364873e-22
175.84017377737774 3.0131281023359797e-22
175.93880468046805 3.0118574477580356e-22
176.03743558355836 3.010587989168771e-22
176.13606648664867 3.009319724638931e-22
176.23469738973898 3.008052652243873e-22
176.3333282928293 3.006786770063553e-22
176.4319591959196 3.005522076182511e-22
176.5305900990099 3.0042585686898557e-22
176.62922100210022 3.002996245679255e-22
176.72785190519053 3.0017351052489136e-22
176.82648280828084 3.0004751455015648e-22
176.92511371137115 2.999216364544453e-22
177.02374461446146 2.9979587604893237e-22
177.12237551755177 2.996702331452405e-22
177.22100642064208 2.9954470755543952e-22
177.31963732373237 2.994192990920449e-22
177.41826822682268 2.9929400756801635e-22
177.51689912991299 2.9916883279675636e-22
177.6155300330033 2.9904377459210895e-22
177.7141609360936 2.989188327683583e-22
177.81279183918392 2.9879400714022707e-22
177.91142274227423 2.9866929752287547e-22
178.01005364536454 2.9854470373189953e-22
178.10868454845485 2.984202255833301e-22
178.20731545154516 2.98295862893631e-22
178.30594635463547 2.981716154796984e-22
178.40457725772578 2.9804748315885835e-22
178.5032081608161 2.979234657488671e-22
178.6018390639064 2.9779956306790795e-22
178.7004699669967 2.976757749345911e-22
178.79910087008702 2.9755210116795224e-22
178.89773177317733 2.9742854158745053e-22
178.99636267626764 2.973050960129682e-22
179.09499357935795 2.971817642648085e-22
179.19362448244826 2.9705854616369474e-22
179.29225538553857 2.9693544153076917e-22
179.39088628862888 2.9681245018759123e-22
179.4895171917192 2.966895719561366e-22
179.5881480948095 2.965668066587959e-22
179.6867789978998 2.9644415411837307e-22
179.78540990099012 2.963216141580846e-22
179.88404080408043 2.9619918660155795e-22
179.9826717071707 2.960768712728304e-22
180.08130261026102 2.9595466799634747e-22
180.17993351335133 2.9583257659696235e-22
180.27856441644164 2.957105968999339e-22
180.37719531953195 2.9558872873092604e-22
180.47582622262226 2.95466971916006e-22
180.57445712571257 2.953453262816434e-22
180.67308802880288 2.9522379165470873e-22
180.7717189318932 2.9510236786247275e-22
180.8703498349835 2.949810547326042e-22
180.9689807380738 2.9485985209316974e-22
181.06761164116412 2.9473875977263206e-22
181.16624254425443 2.9461777759984877e-22
181.26487344734474 2.944969054040711e-22
181.36350435043505 2.943761430149432e-22
181.46213525352536 2.9425549026250013e-22
181.56076615661567 2.941349469771677e-22
181.65939705970598 2.940145129897603e-22
181.7580279627963 2.9389418813148015e-22
181.8566588658866 2.9377397223391633e-22
181.9552897689769 2.936538651290432e-22
182.05392067206722 2.9353386664921937e-22
182.15255157515753 2.9341397662718677e-22
182.25118247824784 2.932941948960691e-22
182.34981338133815 2.931745212893712e-22
182.44844428442846 2.93054955640977e-22
182.54707518751877 2.9293549778514955e-22
182.64570609060905 2.9281614755652887e-22
182.74433699369936 2.9269690479013153e-22
182.84296789678967 2.9257776932134887e-22
182.94159879987998 2.9245874098594617e-22
183.0402297029703 2.92339819620062e-22
183.1388606060606 2.922210050602062e-22
183.2374915091509 2.9210229714325933e-22
183.33612241224122 2.9198369570647165e-22
183.43475331533153 2.9186520058746153e-22
183.53338421842184 2.9174681162421466e-22
183.63201512151215 2.91628528655083e-22
183.73064602460246 2.9151035151878344e-22
183.82927692769277 2.913922800543971e-22
183.92790783078308 2.9127431410136743e-22
184.0265387338734 2.9115645349950037e-22
184.1251696369637 2.910386980889623e-22
184.22380054005401 2.9092104771027897e-22
184.32243144314432 2.90803502204335e-22
184.42106234623463 2.9068606141237246e-22
184.51969324932494 2.905687251759897e-22
184.61832415241525 2.9045149333714074e-22
184.71695505550557 2.9033436573813383e-22
184.81558595859588 2.9021734222162992e-22
184.91421686168619 2.901004226306429e-22
185.0128477647765 2.899836068085374e-22
185.1114786678668 2.898668945990284e-22
185.21010957095712 2.897502858461799e-22
185.3087404740474 2.896337803944037e-22
185.4073713771377 2.8951737808845885e-22
185.50600228022802 2.8940107877345023e-22
185.60463318331833 2.892848822948278e-22
185.70326408640864 2.891687884983856e-22
185.80189498949895 2.8905279723026e-22
185.90052589258926 2.8893690833692997e-22
185.99915679567957 2.888211216652149e-22
186.09778769876988 2.8870543706227422e-22
186.1964186018602 2.885898543756064e-22
186.2950495049505 2.8847437345304747e-22
186.3936804080408 2.883589941427705e-22
186.49231131113112 2.882437162932847e-22
186.59094221422143 2.8812853975343383e-22
186.68957311731174 2.880134643723958e-22
186.78820402040205 2.878984899996812e-22
186.88683492349236 2.8778361648513293e-22
186.98546582658267 2.8766884367892463e-22
187.08409672967298 2.8755417143156015e-22
187.1827276327633 2.8743959959387223e-22
187.2813585358536 2.873251280170217e-22
187.3799894389439 2.8721075655249673e-22
187.47862034203422 2.870964850521114e-22
187.57725124512453 2.8698231336800546e-22
187.67588214821484 2.8686824135264216e-22
187.77451305130515 2.8675426885880883e-22
187.87314395439546 2.866403957396148e-22
187.97177485748574 2.8652662184849087e-22
188.07040576057605 2.8641294703918857e-22
188.16903666366636 2.8629937116577874e-22
188.26766756675667 2.8618589408265084e-22
188.36629846984698 2.860725156445124e-22
188.4649293729373 2.8595923570638736e-22
188.5635602760276 2.8584605412361577e-22
188.6621911791179 2.857329707518526e-22
188.76082208220822 2.856199854470668e-22
188.85945298529853 2.8550709806554044e-22
188.95808388838884 2.8539430846386795e-22
189.05671479147915 2.8528161649895504e-22
189.15534569456946 2.851690220280177e-22
189.25397659765977 2.8505652490858165e-22
189.35260750075008 2.849441249984811e-22
189.4512384038404 2.84831822155858e-22
189.5498693069307 2.8471961623916143e-22
189.648500210021 2.8460750710714614e-22
189.74713111311132 2.84495494618872e-22
189.84576201620163 2.843835786337032e-22
189.94439291929194 2.842717590113072e-22
190.04302382238225 2.841600356116541e-22
190.14165472547256 2.8404840829501527e-22
190.24028562856287 2.839368769219632e-22
190.33891653165318 2.8382544135336977e-22
190.4375474347435 2.8371410145040636e-22
190.5361783378338 2.8360285707454225e-22
190.63480924092408 2.834917080875439e-22
190.7334401440144 2.8338065435147444e-22
190.8320710471047 2.8326969572869273e-22
190.93070195019502 2.831588320818519e-22
191.02933285328533 2.830480632738995e-22
191.12796375637564 2.8293738916807577e-22
191.22659465946595 2.8282680962791343e-22
191.32522556255626 2.8271632451723644e-22
191.42385646564657 2.826059337001596e-22
191.52248736873688 2.82495637041087e-22
191.62111827182719 2.823854344047123e-22
191.7197491749175 2.8227532565601664e-22
191.8183800780078 2.8216531066026884e-22
191.91701098109812 2.820553892830239e-22
192.01564188418843 2.8194556139012274e-22
192.11427278727874 2.81835826847691e-22
192.21290369036905 2.8172618552213837e-22
192.31153459345936 2.8161663728015764e-22
192.41016549654967 2.815071819887244e-22
192.50879639963998 2.8139781951509554e-22
192.6074273027303 2.8128854972680883e-22
192.7060582058206 2.8117937249168227e-22
192.8046891089109 2.810702876778128e-22
192.90332001200122 2.8096129515357617e-22
193.00195091509153 2.8085239478762567e-22
193.10058181818184 2.807435864488914e-22
193.19921272127212 2.8063487000657982e-22
193.29784362436243 2.805262453301722e-22
193.39647452745274 2.804177122894252e-22
193.49510543054305 2.803092707543685e-22
193.59373633363336 2.802009205953053e-22
193.69236723672367 2.8009266168281077e-22
193.79099813981398 2.7998449388773183e-22
193.8896290429043 2.798764170811859e-22
193.9882599459946 2.797684311345607e-22
194.0868908490849 2.796605359195128e-22
194.18552175217522 2.795527313079675e-22
194.28415265526553 2.7944501717211753e-22
194.38278355835584 2.7933739338442313e-22
194.48141446144615 2.7922985981761014e-22
194.58004536453646 2.791224163446703e-22
194.67867626762677 2.790150628388598e-22
194.77730717071708 2.789077991736994e-22
194.8759380738074 2.7880062522297235e-22
194.9745689768977 2.7869354086072506e-22
195.073199879988 2.7858654596126538e-22
195.17183078307832 2.784796403991625e-22
195.27046168616863 2.7837282404924588e-22
195.36909258925894 2.782660967866044e-22
195.46772349234925 2.7815945848658607e-22
195.56635439543956 2.7805290902479717e-22
195.66498529852987 2.7794644827710133e-22
195.76361620162018 2.77840076119619e-22
195.86224710471046 2.777337924287265e-22
195.96087800780077 2.7762759708105574e-22
196.05950891089108 2.7752148995349344e-22
196.1581398139814 2.774154709231797e-22
196.2567707170717 2.7730953986750828e-22
196.355401620162 2.772036966641253e-22
196.45403252325232 2.770979411909289e-22
196.55266342634263 2.7699227332606844e-22
196.65129432943294 2.768866929479434e-22
196.74992523252325 2.7678119993520316e-22
196.84855613561356 2.766757941667463e-22
196.94718703870387 2.765704755217199e-22
197.04581794179418 2.7646524387951833e-22
197.1444488448845 2.763600991197835e-22
197.2430797479748 2.7625504112240332e-22
197.3417106510651 2.7615006976751164e-22
197.44034155415542 2.7604518493548726e-22
197.53897245724573 2.7594038650695296e-22
197.63760336033604 2.758356743627759e-22
197.73623426342635 2.7573104838406565e-22
197.83486516651666 2.7562650845217453e-22
197.93349606960697 2.7552205444869617e-22
198.03212697269728 2.7541768625546555e-22
198.1307578757876 2.753134037545579e-22
198.2293887788779 2.7520920682828813e-22
198.32801968196821 2.751050953592101e-22
198.42665058505852 2.750010692301164e-22
198.5252814881488 2.748971283240371e-22
198.62391239123912 2.7479327252423974e-22
198.72254329432943 2.746895017142278e-22
198.82117419741974 2.7458581577774106e-22
198.91980510051005 2.7448221459875413e-22
199.01843600360036 2.7437869806147665e-22
199.11706690669067 2.7427526605035165e-22
199.21569780978098 2.7417191845005594e-22
199.3143287128713 2.740686551454984e-22
199.4129596159616 2.7396547602182072e-22
199.5115905190519 2.7386238096439515e-22
199.61022142214222 2.7375936985882517e-22
199.70885232523253 2.736564425909447e-22
199.80748322832284 2.735535990468165e-22
199.90611413141315 2.7345083911273285e-22
200.00474503450346 2.733481626752139e-22
200.10337593759377 2.7324556962100774e-22
200.20200684068408 2.731430598370895e-22
200.3006377437744 2.730406332106607e-22
200.3992686468647 2.7293828962914877e-22
200.497899549955 2.7283602898020628e-22
200.59653045304532 2.727338511517105e-22
200.69516135613563 2.7263175603176297e-22
200.79379225922594 2.7252974350868825e-22
200.89242316231625 2.7242781347103405e-22
200.99105406540656 2.723259658075703e-22
201.08968496849687 2.722242004072884e-22
201.18831587158715 2.72122517159401e-22
201.28694677467746 2.7202091595334123e-22
201.38557767776777 2.7191939667876185e-22
201.48420858085808 2.718179592255352e-22
201.5828394839484 2.7171660348375215e-22
201.6814703870387 2.7161532934372185e-22
201.780101290129 2.7151413669597084e-22
201.87873219321932 2.7141302543124274e-22
201.97736309630963 2.7131199544049747e-22
202.07599399939994 2.712110466149109e-22
202.17462490249025 2.711101788458742e-22
202.27325580558056 2.7100939202499276e-22
202.37188670867087 2.7090868604408656e-22
202.47051761176118 2.7080806079518897e-22
202.5691485148515 2.7070751617054638e-22
202.6677794179418 2.706070520626171e-22
202.7664103210321 2.705066683640723e-22
202.86504122412242 2.704063649677934e-22
202.96367212721273 2.703061417668734e-22
203.06230303030304 2.7020599865461457e-22
203.16093393339335 2.7010593552452955e-22
203.25956483648366 2.700059522703398e-22
203.35819573957397 2.6990604878597526e-22
203.45682664266428 2.6980622496557377e-22
203.5554575457546 2.6970648070348066e-22
203.6540884488449 2.696068158942482e-22
203.7527193519352 2.6950723043263484e-22
203.8513502550255 2.6940772421360503e-22
203.9499811581158 2.6930829713232827e-22
204.04861206120611 2.692089490841787e-22
204.14724296429642 2.6910967996473503e-22
204.24587386738673 2.6901048966977907e-22
204.34450477047704 2.6891137809529607e-22
204.44313567356735 2.688123451374739e-22
204.54176657665766 2.6871339069270216e-22
204.64039747974797 2.686145146575724e-22
204.73902838283828 2.6851571692887673e-22
204.8376592859286 2.684169974036079e-22
204.9362901890189 2.6831835597895875e-22
205.03492109210922 2.682197925523212e-22
205.13355199519953 2.681213070212864e-22
205.23218289828984 2.6802289928364373e-22
205.33081380138015 2.6792456923738044e-22
205.42944470447046 2.6782631678068103e-22
205.52807560756077 2.677281418119271e-22
205.62670651065108 2.676300442296964e-22
205.72533741374139 2.6753202393276237e-22
205.8239683168317 2.6743408082009413e-22
205.922599219922 2.673362147908552e-22
206.02123012301232 2.672384257444036e-22
206.11986102610263 2.671407135802913e-22
206.21849192919294 2.6704307819826323e-22
206.31712283228325 2.6694551949825736e-22
206.41575373537356 2.6684803738040383e-22
206.51438463846384 2.6675063174502463e-22
206.61301554155415 2.6665330249263307e-22
206.71164644464446 2.6655604952393315e-22
206.81027734773477 2.664588727398194e-22
206.90890825082508 2.6636177204137606e-22
207.0075391539154 2.662647473298767e-22
207.1061700570057 2.661677985067837e-22
207.204800960096 2.6607092547374803e-22
207.30343186318632 2.6597412813260823e-22
207.40206276627663 2.658774063853905e-22
207.50069366936694 2.657807601343077e-22
207.59932457245725 2.6568418928175957e-22
207.69795547554756 2.6558769373033133e-22
207.79658637863787 2.654912733827939e-22
207.89521728172818 2.653949281421033e-22
207.9938481848185 2.6529865791139987e-22
208.0924790879088 2.6520246259400833e-22
208.1911099909991 2.6510634209343673e-22
208.28974089408942 2.6501029631337627e-22
208.38837179717973 2.6491432515770106e-22
208.48700270027004 2.64818428530467e-22
208.58563360336035 2.64722606335912e-22
208.68426450645066 2.646268584784552e-22
208.78289540954097 2.6453118486269663e-22
208.88152631263128 2.644355853934165e-22
208.9801572157216 2.6434005997557485e-22
209.0787881188119 2.642446085143115e-22
209.17741902190218 2.6414923091494498e-22
209.2760499249925 2.6405392708297223e-22
209.3746808280828 2.639586969240686e-22
209.4733117311731 2.6386354034408672e-22
209.57194263426342 2.6376845724905673e-22
209.67057353735373 2.636734475451852e-22
209.76920444044404 2.635785111388552e-22
209.86783534353435 2.634836479366253e-22
209.96646624662466 2.6338885784522986e-22
210.06509714971497 2.6329414077157795e-22
210.16372805280528 2.63199496622753e-22
210.2623589558956 2.63104925306013e-22
210.3609898589859 2.63010426728789e-22
210.4596207620762 2.629160007986855e-22
210.55825166516652 2.6282164742347986e-22
210.65688256825683 2.6272736651112146e-22
210.75551347134714 2.626331579697318e-22
210.85414437443745 2.6253902170760373e-22
210.95277527752776 2.624449576332011e-22
211.05140618061807 2.6235096565515835e-22
211.15003708370838 2.622570456822803e-22
211.2486679867987 2.621631976235412e-22
211.347298889889 2.6206942138808464e-22
211.4459297929793 2.6197571688522346e-22
211.54456069606962 2.618820840244383e-22
211.64319159915993 2.6178852271537865e-22
211.74182250225024 2.61695032867861e-22
211.84045340534053 2.6160161439186914e-22
211.93908430843084 2.6150826719755393e-22
212.03771521152115 2.6141499119523244e-22
212.13634611461146 2.613217862953877e-22
212.23497701770177 2.612286524086682e-22
212.33360792079208 2.611355894458876e-22
212.4322388238824 2.610425973180244e-22
212.5308697269727 2.609496759362214e-22
212.629500630063 2.608568252117851e-22
212.72813153315332 2.6076404505618563e-22
212.82676243624363 2.606713353810563e-22
212.92539333933394 2.6057869609819304e-22
213.02402424242425 2.604861271195539e-22
213.12265514551456 2.603936283572591e-22
213.22128604860487 2.603011997235902e-22
213.31991695169518 2.602088411309898e-22
213.4185478547855 2.6011655249206097e-22
213.5171787578758 2.6002433371956777e-22
213.6158096609661 2.599321847264334e-22
213.71444056405642 2.59840105425741e-22
213.81307146714673 2.5974809573073253e-22
213.91170237023704 2.5965615555480886e-22
214.01033327332735 2.5956428481152927e-22
214.10896417641766 2.5947248341461056e-22
214.20759507950797 2.5938075127792744e-22
214.30622598259828 2.592890883155118e-22
214.4048568856886 2.5919749444155197e-22
214.50348778877887 2.59105969570393e-22
214.60211869186918 2.590145136165358e-22
214.7007495949595 2.589231264946367e-22
214.7993804980498 2.588318081195076e-22
214.8980114011401 2.587405584061152e-22
214.99664230423042 2.5864937726958045e-22
215.09527320732073 2.5855826462517865e-22
215.19390411041104 2.5846722038833877e-22
215.29253501350135 2.5837624447464283e-22
215.39116591659166 2.5828533679982633e-22
215.48979681968197 2.581944972797769e-22
215.58842772277228 2.5810372583053484e-22
215.6870586258626 2.580130223682917e-22
215.7856895289529 2.5792238680939124e-22
215.8843204320432 2.578318190703279e-22
215.98295133513352 2.5774131906774687e-22
216.08158223822383 2.576508867184438e-22
216.18021314131414 2.575605219393643e-22
216.27884404440445 2.5747022464760393e-22
216.37747494749476 2.573799947604072e-22
216.47610585058507 2.572898321951676e-22
216.57473675367538 2.571997368694272e-22
216.6733676567657 2.571097087008763e-22
216.771998559856 2.570197476073533e-22
216.8706294629463 2.569298535068435e-22
216.96926036603662 2.568400263174801e-22
217.06789126912693 2.567502659575423e-22
217.1665221722172 2.566605723454564e-22
217.26515307530752 2.565709453997943e-22
217.36378397839783 2.564813850392737e-22
217.46241488148814 2.563918911827579e-22
217.56104578457845 2.56302463749255e-22
217.65967668766876 2.5621310265791786e-22
217.75830759075907 2.5612380782804363e-22
217.85693849384938 2.5603457917907333e-22
217.9555693969397 2.5594541663059194e-22
218.05420030003 2.5585632010232733e-22
218.15283120312031 2.5576728951415047e-22
218.25146210621062 2.55678324786075e-22
218.35009300930093 2.555894258382567e-22
218.44872391239124 2.5550059259099327e-22
218.54735481548155 2.554118249647242e-22
218.64598571857186 2.553231228800297e-22
218.74461662166217 2.5523448625763146e-22
218.84324752475248 2.5514591501839126e-22
218.9418784278428 2.550574090833116e-22
219.0405093309331 2.5496896837353437e-22
219.13914023402342 2.548805928103414e-22
219.23777113711373 2.5479228231515335e-22
219.33640204020404 2.547040368095302e-22
219.43503294329435 2.546158562151701e-22
219.53366384638466 2.545277404539097e-22
219.63229474947497 2.5443968944772347e-22
219.73092565256528 2.5435170311872334e-22
219.82955655565556 2.5426378138915886e-22
219.92818745874587 2.541759241814159e-22
220.02681836183618 2.540881314180174e-22
220.1254492649265 2.5400040302162238e-22
220.2240801680168 2.5391273891502605e-22
220.3227110711071 2.538251390211589e-22
220.42134197419742 2.537376032630867e-22
220.51997287728773 2.536501315640106e-22
220.61860378037804 2.5356272384726625e-22
220.71723468346835 2.5347538003632342e-22
220.81586558655866 2.5338810005478624e-22
220.91449648964897 2.533008838263922e-22
221.01312739273928 2.532137312750126e-22
221.1117582958296 2.531266423246515e-22
221.2103891989199 2.530396168994459e-22
221.3090201020102 2.5295265492366507e-22
221.40765100510052 2.528657563217107e-22
221.50628190819083 2.5277892101811614e-22
221.60491281128114 2.526921489375463e-22
221.70354371437145 2.5260544000479733e-22
221.80217461746176 2.5251879414479624e-22
221.90080552055207 2.524322112826006e-22
221.99943642364238 2.523456913433984e-22
222.0980673267327 2.5225923425250763e-22
222.196698229823 2.5217283993537596e-22
222.2953291329133 2.5208650831758004e-22
222.39396003600362 2.5200023932482625e-22
222.4925909390939 2.5191403288294937e-22
222.5912218421842 2.5182788891791273e-22
222.68985274527452 2.517418073558079e-22
222.78848364836483 2.51655788122854e-22
222.88711455145514 2.515698311453983e-22
222.98574545454545 2.514839363499149e-22
223.08437635763576 2.5139810366300493e-22
223.18300726072607 2.513123330113967e-22
223.28163816381638 2.512266243219441e-22
223.3802690669067 2.5114097752162776e-22
223.478899969997 2.510553925375538e-22
223.5775308730873 2.509698692969541e-22
223.67616177617762 2.5088440772718554e-22
223.77479267926793 2.5079900775573e-22
223.87342358235824 2.507136693101942e-22
223.97205448544855 2.5062839231830883e-22
224.07068538853886 2.50543176707929e-22
224.16931629162917 2.5045802240703345e-22
224.26794719471948 2.5037292934372434e-22
224.3665780978098 2.5028789744622723e-22
224.4652090009001 2.502029266428906e-22
224.5638399039904 2.501180168621852e-22
224.66247080708072 2.5003316803270476e-22
224.76110171017103 2.499483800831643e-22
224.85973261326134 2.498636529424016e-22
224.95836351635165 2.4977898653937516e-22
225.05699441944196 2.496943808031649e-22
225.15562532253225 2.4960983566297196e-22
225.25425622562256 2.4952535104811795e-22
225.35288712871287 2.4944092688804492e-22
225.45151803180318 2.493565631123148e-22
225.55014893489349 2.4927225965061e-22
225.6487798379838 2.4918801643273174e-22
225.7474107410741 2.491038333886012e-22
225.84604164416442 2.490197104482582e-22
225.94467254725473 2.4893564754186124e-22
226.04330345034504 2.4885164459968765e-22
226.14193435343535 2.4876770155213283e-22
226.24056525652566 2.4868381832971e-22
226.33919615961597 2.4859999486305017e-22
226.43782706270628 2.4851623108290156e-22
226.5364579657966 2.484325269201299e-22
226.6350888688869 2.4834888230571744e-22
226.7337197719772 2.482652971707632e-22
226.83235067506752 2.4818177144648246e-22
226.93098157815783 2.480983050642067e-22
227.02961248124814 2.4801489795538296e-22
227.12824338433845 2.4793155005157413e-22
227.22687428742876 2.478482612844582e-22
227.32550519051907 2.4776503158582807e-22
227.42413609360938 2.476818608875917e-22
227.5227669966997 2.475987491217714e-22
227.62139789979 2.4751569622050354e-22
227.7200288028803 2.4743270211603876e-22
227.8186597059706 2.473497667407413e-22
227.9172906090609 2.472668900270888e-22
228.0159215121512 2.4718407190767223e-22
228.11455241524152 2.471013123151953e-22
228.21318331833183 2.4701861118247484e-22
228.31181422142214 2.469359684424396e-22
228.41044512451245 2.468533840281309e-22
228.50907602760276 2.467708578727017e-22
228.60770693069307 2.466883899094171e-22
228.70633783378338 2.466059800716531e-22
228.8049687368737 2.465236282928973e-22
228.903599639964 2.46441334506748e-22
229.0022305430543 2.4635909864691395e-22
229.10086144614462 2.4627692064721506e-22
229.19949234923493 2.461948004415807e-22
229.29812325232524 2.4611273796405067e-22
229.39675415541555 2.4603073314877404e-22
229.49538505850586 2.4594878593000957e-22
229.59401596159617 2.458668962421252e-22
229.69264686468648 2.4578506401959806e-22
229.7912777677768 2.4570328919701335e-22
229.8899086708671 2.456215717090655e-22
229.9885395739574 2.4553991149055646e-22
230.08717047704772 2.4545830847639667e-22
230.18580138013803 2.453767626016043e-22
230.28443228322834 2.4529527380130457e-22
230.38306318631865 2.452138420107305e-22
230.48169408940893 2.4513246716522187e-22
230.58032499249924 2.4505114920022502e-22
230.67895589558955 2.4496988805129345e-22
230.77758679867986 2.448886836540863e-22
230.87621770177017 2.4480753594436944e-22
230.97484860486048 2.4472644485801386e-22
231.0734795079508 2.4464541033099686e-22
231.1721104110411 2.445644322994005e-22
231.2707413141314 2.444835106994124e-22
231.36937221722172 2.44402645467325e-22
231.46800312031203 2.443218365395352e-22
231.56663402340234 2.4424108385254455e-22
231.66526492649265 2.441603873429588e-22
231.76389582958296 2.440797469474875e-22
231.86252673267327 2.439991626029442e-22
231.96115763576358 2.4391863424624575e-22
232.0597885388539 2.4383816181441233e-22
232.1584194419442 2.437577452445673e-22
232.25705034503451 2.436773844739369e-22
232.35568124812482 2.435970794398494e-22
232.45431215121513 2.435168300797365e-22
232.55294305430544 2.4343663633113104e-22
232.65157395739575 2.433564981316684e-22
232.75020486048606 2.4327641541908536e-22
232.84883576357637 2.4319638813122033e-22
232.94746666666668 2.4311641620601307e-22
233.046097569757 2.430364995815041e-22
233.14472847284728 2.429566381958351e-22
233.2433593759376 2.4287683198724793e-22
233.3419902790279 2.427970808940852e-22
233.4406211821182 2.427173848547894e-22
233.53925208520852 2.426377438079032e-22
233.63788298829883 2.425581576920689e-22
233.73651389138914 2.424786264460282e-22
233.83514479447945 2.4239915000862215e-22
233.93377569756976 2.423197283187909e-22
234.03240660066007 2.4224036131557326e-22
234.13103750375038 2.42161048938107e-22
234.2296684068407 2.420817911256282e-22
234.328299309931 2.4200258781747075e-22
234.4269302130213 2.419234389530671e-22
234.52556111611162 2.4184434447194726e-22
234.62419201920193 2.417653043137386e-22
234.72282292229224 2.4168631841816606e-22
234.82145382538255 2.416073867250517e-22
234.92008472847286 2.415285091743146e-22
235.01871563156317 2.4144968570597016e-22
235.11734653465348 2.413709162601308e-22
235.2159774377438 2.4129220077700495e-22
235.3146083408341 2.4121353919689703e-22
235.4132392439244 2.411349314602078e-22
235.51187014701472 2.4105637750743305e-22
235.61050105010503 2.409778772791646e-22
235.70913195319534 2.4089943071608924e-22
235.80776285628562 2.4082103775898877e-22
235.90639375937593 2.4074269834874024e-22
236.00502466246624 2.406644124263148e-22
236.10365556555655 2.405861799327783e-22
236.20228646864686 2.4050800080929106e-22
236.30091737173717 2.4042987499710684e-22
236.39954827482748 2.403518024375739e-22
236.4981791779178 2.402737830721337e-22
236.5968100810081 2.4019581684232127e-22
236.6954409840984 2.401179036897649e-22
236.79407188718872 2.400400435561858e-22
236.89270279027903 2.3996223638339793e-22
236.99133369336934 2.3988448211330827e-22
237.08996459645965 2.3980678068791585e-22
237.18859549954996 2.3972913204931196e-22
237.28722640264027 2.3965153613968024e-22
237.38585730573058 2.395739929012957e-22
237.4844882088209 2.3949650227652543e-22
237.5831191119112 2.3941906420782763e-22
237.6817500150015 2.3934167863775186e-22
237.78038091809182 2.3926434550893895e-22
237.87901182118213 2.391870647641204e-22
237.97764272427244 2.3910983634611816e-22
238.07627362736275 2.3903266019784493e-22
238.17490453045306 2.389555362623038e-22
238.27353543354337 2.3887846448258765e-22
238.37216633663368 2.388014448018793e-22
238.47079723972396 2.3872447716345155e-22
238.56942814281427 2.386475615106664e-22
238.66805904590458 2.3857069778697527e-22
238.7666899489949 2.3849388593591876e-22
238.8653208520852 2.384171259011265e-22
238.96395175517551 2.3834041762631653e-22
239.06258265826582 2.3826376105529585e-22
239.16121356135613 2.381871561319597e-22
239.25984446444645 2.3811060280029144e-22
239.35847536753676 2.380341010043624e-22
239.45710627062707 2.37957650688332e-22
239.55573717371738 2.37881251796447e-22
239.65436807680769 2.378049042730417e-22
239.752998979898 2.3772860806253787e-22
239.8516298829883 2.3765236310944375e-22
239.95026078607862 2.375761693583553e-22
240.04889168916893 2.3750002675395467e-22
240.14752259225924 2.374239352410106e-22
240.24615349534955 2.373478947643782e-22
240.34478439843986 2.3727190526899894e-22
240.44341530153017 2.371959666998999e-22
240.54204620462048 2.3712007900219424e-22
240.6406771077108 2.370442421210809e-22
240.7393080108011 2.3696845600184368e-22
240.8379389138914 2.368927205898523e-22
240.93656981698172 2.36817035830561e-22
241.035200720072 2.3674140166950947e-22
241.1338316231623 2.366658180523217e-22
241.23246252625262 2.3659028492470626e-22
241.33109342934293 2.3651480223245653e-22
241.42972433243324 2.364393699214495e-22
241.52835523552355 2.363639879376464e-22
241.62698613861386 2.362886562270927e-22
241.72561704170417 2.362133747359169e-22
241.82424794479448 2.361381434103314e-22
241.9228788478848 2.3606296219663175e-22
242.0215097509751 2.3598783104119684e-22
242.1201406540654 2.3591274989048824e-22
242.21877155715572 2.358377186910506e-22
242.31740246024603 2.3576273738951093e-22
242.41603336333634 2.35687805932579e-22
242.51466426642665 2.356129242670468e-22
242.61329516951696 2.3553809233978816e-22
242.71192607260727 2.35463310097759e-22
242.81055697569758 2.353885774879972e-22
242.9091878787879 2.35313894457622e-22
243.0078187818782 2.352392609538342e-22
243.1064496849685 2.3516467692391596e-22
243.20508058805882 2.350901423152302e-22
243.30371149114913 2.3501565707522107e-22
243.40234239423944 2.349412211514135e-22
243.50097329732975 2.3486683449141275e-22
243.59960420042006 2.3479249704290475e-22
243.69823510351034 2.347182087536555e-22
243.79686600660065 2.3464396957151144e-22
243.89549690969096 2.3456977944439844e-22
243.99412781278127 2.3449563832032256e-22
244.09275871587158 2.3442154614736917e-22
244.1913896189619 2.343475028737034e-22
244.2900205220522 2.3427350844756923e-22
244.3886514251425 2.3419956281729018e-22
244.48728232823282 2.3412566593126833e-22
244.58591323132313 2.340518177379849e-22
244.68454413441344 2.3397801818599943e-22
244.78317503750375 2.3390426722395013e-22
244.88180594059406 2.338305648005535e-22
244.98043684368437 2.3375691086460406e-22
245.07906774677468 2.3368330536497433e-22
245.177698649865 2.336097482506148e-22
245.2763295529553 2.335362394705533e-22
245.3749604560456 2.334627789738955e-22
245.47359135913592 2.3338936670982443e-22
245.57222226222623 2.333160026275999e-22
245.67085316531654 2.3324268667655905e-22
245.76948406840685 2.331694188061161e-22
245.86811497149716 2.330961989657614e-22
245.96674587458747 2.330230271050623e-22
246.06537677767778 2.3294990317366265e-22
246.1640076807681 2.3287682712128194e-22
246.2626385838584 2.328037988977164e-22
246.3612694869487 2.3273081845283793e-22
246.459900390039 2.3265788573659414e-22
246.5585312931293 2.325850006990083e-22
246.65716219621962 2.325121632901792e-22
246.75579309930993 2.32439373460281e-22
246.85442400240024 2.32366631159563e-22
246.95305490549055 2.3229393633834934e-22
247.05168580858086 2.3222128894703924e-22
247.15031671167117 2.321486889361065e-22
247.24894761476148 2.3207613625609973e-22
247.3475785178518 2.320036308576414e-22
247.4462094209421 2.3193117269142876e-22
247.5448403240324 2.31858761708233e-22
247.64347122712272 2.3178639785889914e-22
247.74210213021303 2.3171408109434633e-22
247.84073303330334 2.3164181136556687e-22
247.93936393639365 2.3156958862362715e-22
248.03799483948396 2.314974128196663e-22
248.13662574257427 2.3142528390489737e-22
248.23525664566458 2.3135320183060583e-22
248.3338875487549 2.312811665481504e-22
248.4325184518452 2.3120917800896254e-22
248.5311493549355 2.3113723616454633e-22
248.62978025802582 2.3106534096647817e-22
248.72841116111613 2.30993492366407e-22
248.82704206420644 2.3092169031605397e-22
248.92567296729675 2.3084993476721203e-22
249.02430387038703 2.3077822567174627e-22
249.12293477347734 2.307065629815933e-22
249.22156567656765 2.3063494664876164e-22
249.32019657965796 2.30563376625331e-22
249.41882748274827 2.3049185286345255e-22
249.51745838583858 2.304203753153486e-22
249.6160892889289 2.3034894393331255e-22
249.7147201920192 2.302775586697087e-22
249.8133510951095 2.30206219476972e-22
249.91198199819982 2.30134926307608e-22
250.01061290129013 2.30063679114193e-22
250.10924380438044 2.2999247784937325e-22
250.20787470747075 2.2992132246586545e-22
250.30650561056106 2.2985021291645634e-22
250.40513651365137 2.2977914915400237e-22
250.50376741674168 2.2970813113143e-22
250.602398319832 2.2963715880173525e-22
250.7010292229223 2.2956623211798337e-22
250.7996601260126 2.2949535103330953e-22
250.89829102910292 2.2942451550091774e-22
250.99692193219323 2.2935372547408087e-22
251.09555283528354 2.2928298090614142e-22
251.19418373837385 2.2921228175051e-22
251.29281464146416 2.291416279606663e-22
251.39144554455447 2.290710194901584e-22
251.49007644764478 2.290004562926029e-22
251.5887073507351 2.289299383216843e-22
251.68733825382537 2.288594655311559e-22
251.78596915691568 2.287890378748382e-22
251.884600060006 2.2871865530662036e-22
251.9832309630963 2.2864831778045863e-22
252.0818618661866 2.285780252503772e-22
252.18049276927692 2.2850777767046747e-22
252.27912367236723 2.284375749948884e-22
252.37775457545754 2.283674171778661e-22
252.47638547854785 2.282973041736936e-22
252.57501638163816 2.282272359367312e-22
252.67364728472847 2.281572124214053e-22
252.77227818781878 2.280872335822098e-22
252.8709090909091 2.280172993737047e-22
252.9695399939994 2.279474097505163e-22
253.06817089708971 2.278775646673375e-22
253.16680180018002 2.278077640789271e-22
253.26543270327033 2.2773800794011006e-22
253.36406360636065 2.27668296205777e-22
253.46269450945096 2.2759862883088473e-22
253.56132541254127 2.2752900577045513e-22
253.65995631563158 2.27459426979576e-22
253.75858721872189 2.2738989241340046e-22
253.8572181218122 2.2732040202714663e-22
253.9558490249025 2.272509557760979e-22
254.05447992799282 2.2718155361560285e-22
254.15311083108313 2.271121955010746e-22
254.25174173417344 2.2704288138799102e-22
254.35037263726372 2.2697361123189494e-22
254.44900354035403 2.269043849883932e-22
254.54763444344434 2.2683520261315734e-22
254.64626534653465 2.2676606406192295e-22
254.74489624962496 2.266969692904899e-22
254.84352715271527 2.266279182547218e-22
254.94215805580558 2.2655891091054647e-22
255.0407889588959 2.264899472139551e-22
255.1394198619862 2.2642102712100265e-22
255.2380507650765 2.263521505878076e-22
255.33668166816682 2.262833175705517e-22
255.43531257125713 2.262145280254798e-22
255.53394347434744 2.2614578190890055e-22
255.63257437743775 2.260770791771847e-22
255.73120528052806 2.2600841978676646e-22
255.82983618361837 2.259398036941424e-22
255.92846708670868 2.2587123085587225e-22
256.02709798979896 2.258027012285777e-22
256.1257288928893 2.2573421476894306e-22
256.2243597959796 2.2566577143371507e-22
256.3229906990699 2.255973711797024e-22
256.4216216021602 2.255290139637756e-22
256.52025250525054 2.2546069974286757e-22
256.6188834083408 2.2539242847397276e-22
256.71751431143116 2.253242001141471e-22
256.81614521452144 2.252560146205085e-22
256.9147761176118 2.251878719502359e-22
257.01340702070206 2.251197720605698e-22
257.11203792379234 2.250517149088118e-22
257.2106688268827 2.2498370045232466e-22
257.30929972997296 2.2491572864853187e-22
257.4079306330633 2.2484779945491806e-22
257.5065615361536 2.247799128290285e-22
257.6051924392439 2.2471206872846905e-22
257.7038233423342 2.24644267110906e-22
257.80245424542454 2.2457650793406605e-22
257.9010851485148 2.245087911557363e-22
257.99971605160516 2.244411167337637e-22
258.09834695469544 2.243734846260557e-22
258.1969778577858 2.2430589479057903e-22
258.29560876087606 2.2423834718536107e-22
258.3942396639664 2.2417084176848805e-22
258.4928705670567 2.241033784981062e-22
258.591501470147 2.240359573324212e-22
258.6901323732373 2.2396857822969815e-22
258.78876327632764 2.2390124114826106e-22
258.8873941794179 2.238339460464934e-22
258.98602508250826 2.2376669288283744e-22
259.08465598559854 2.2369948161579466e-22
259.1832868886889 2.2363231220392477e-22
259.28191779177916 2.2356518460584678e-22
259.3805486948695 2.234980987802378e-22
259.4791795979598 2.2343105468583367e-22
259.5778105010501 2.233640522814284e-22
259.6764414041404 2.232970915258744e-22
259.7750723072307 2.232301723780821e-22
259.873703210321 2.2316329479701987e-22
259.9723341134113 2.2309645874171406e-22
260.07096501650165 2.230296641712488e-22
260.1695959195919 2.229629110447659e-22
260.26822682268227 2.228961993214649e-22
260.36685772577255 2.228295289606026e-22
260.4654886288629 2.2276289992149305e-22
260.56411953195317 2.2269631216350807e-22
260.6627504350435 2.226297656460759e-22
260.7613813381338 2.225632603286824e-22
260.8600122412241 2.2249679617087e-22
260.9586431443144 2.224303731322381e-22
261.05727404740475 2.2236399117244304e-22
261.155904950495 2.222976502511972e-22
261.25453585358537 2.2223135032826984e-22
261.35316675667565 2.221650913634867e-22
261.451797659766 2.2209887331672933e-22
261.55042856285627 2.2203269614793615e-22
261.6490594659466 2.21966559817101e-22
261.7476903690369 2.219004642842742e-22
261.8463212721272 2.218344095095615e-22
261.9449521752175 2.2176839545312468e-22
262.04358307830785 2.2170242207518117e-22
262.14221398139813 2.2163648933600388e-22
262.24084488448847 2.2157059719592107e-22
262.33947578757875 2.2150474561531657e-22
262.43810669066903 2.2143893455462916e-22
262.53673759375937 2.213731639743531e-22
262.63536849684965 2.2130743383503743e-22
262.73399939994 2.2124174409728626e-22
262.83263030303027 2.211760947217584e-22
262.9312612061206 2.2111048566916736e-22
263.0298921092109 2.210449169002816e-22
263.12852301230123 2.2097938837592344e-22
263.2271539153915 2.209139000569705e-22
263.32578481848185 2.2084845190435406e-22
263.42441572157213 2.207830438790598e-22
263.52304662466247 2.207176759421276e-22
263.62167752775275 2.2065234805465134e-22
263.7203084308431 2.2058706017777853e-22
263.8189393339334 2.20521812272711e-22
263.9175702370237 2.2045660430070406e-22
264.016201140114 2.203914362230663e-22
264.11483204320433 2.2032630800116034e-22
264.2134629462946 2.20261219596402e-22
264.31209384938495 2.201961709702605e-22
264.41072475247523 2.20131162084258e-22
264.50935565556557 2.2006619289997024e-22
264.60798655865585 2.2000126337902557e-22
264.7066174617462 2.199363734831055e-22
264.8052483648365 2.1987152317394427e-22
264.9038792679268 2.1980671241332895e-22
265.0025101710171 2.1974194116309915e-22
265.1011410741074 2.1967720938514704e-22
265.1997719771977 2.1961251704141707e-22
265.298402880288 2.1954786409390646e-22
265.39703378337833 2.1948325050466407e-22
265.4956646864686 2.1941867623579165e-22
265.59429558955895 2.1935414124944232e-22
265.69292649264924 2.1928964550782154e-22
265.7915573957396 2.1922518897318654e-22
265.89018829882986 2.191607716078462e-22
265.9888192019202 2.190963933741614e-22
266.0874501050105 2.190320542345441e-22
266.1860810081008 2.189677541514583e-22
266.2847119111911 2.189034930874189e-22
266.38334281428143 2.188392710049924e-22
266.4819737173717 2.187750878667964e-22
266.58060462046205 2.1871094363549954e-22
266.67923552355234 2.186468382738217e-22
266.7778664266427 2.185827717445334e-22
266.87649732973296 2.18518744010456e-22
266.9751282328233 2.18454755034462e-22
267.0737591359136 2.183908047794741e-22
267.1723900390039 2.183268932084656e-22
267.2710209420942 2.1826302028446046e-22
267.36965184518453 2.181991859705329e-22
267.4682827482748 2.181353902298073e-22
267.56691365136516 2.1807163302545846e-22
267.66554455445544 2.18007914320711e-22
267.7641754575457 2.1794423407883987e-22
267.86280636063606 2.178805922631695e-22
267.96143726372634 2.1781698883707455e-22
268.0600681668167 2.1775342376397926e-22
268.15869906990696 2.176898970073572e-22
268.2573299729973 2.176264085307321e-22
268.3559608760876 2.1756295829767663e-22
268.4545917791779 2.174995462718129e-22
268.5532226822682 2.1743617241681253e-22
268.65185358535854 2.173728366963962e-22
268.7504844884488 2.173095390743337e-22
268.84911539153916 2.1724627951444375e-22
268.94774629462944 2.1718305798059403e-22
269.0463771977198 2.17119874436701e-22
269.14500810081006 2.1705672884673035e-22
269.2436390039004 2.169936211746955e-22
269.3422699069907 2.169305513846592e-22
269.440900810081 2.1686751944073244e-22
269.5395317131713 2.1680452530707453e-22
269.63816261626164 2.167415689478931e-22
269.7367935193519 2.1667865032744424e-22
269.83542442244226 2.1661576941003176e-22
269.93405532553254 2.16552926160008e-22
270.0326862286229 2.164901205417727e-22
270.13131713171316 2.16427352519774e-22
270.2299480348035 2.1636462205850747e-22
270.3285789378938 2.1630192912251647e-22
270.4272098409841 2.16239273676392e-22
270.5258407440744 2.161766556847728e-22
270.62447164716474 2.1611407511234463e-22
270.723102550255 2.160515319238409e-22
270.82173345334536 2.159890260840423e-22
270.92036435643564 2.159265575577765e-22
271.018995259526 2.1586412630991853e-22
271.11762616261626 2.1580173230539015e-22
271.2162570657066 2.1573937550916043e-22
271.3148879687969 2.156770558862451e-22
271.4135188718872 2.1561477340170636e-22
271.5121497749775 2.1555252802065356e-22
271.6107806780678 2.154903197082425e-22
271.7094115811581 2.154281484296753e-22
271.8080424842484 2.1536601415020095e-22
271.90667338733874 2.1530391683511435e-22
272.005304290429 2.152418564497568e-22
272.10393519351936 2.1517983295951595e-22
272.20256609660964 2.1511784632982543e-22
272.3011969997 2.1505589652616477e-22
272.39982790279026 2.149939835140598e-22
272.4984588058806 2.1493210725908176e-22
272.5970897089709 2.14870267726848e-22
272.6957206120612 2.148084648830214e-22
272.7943515151515 2.1474669869331063e-22
272.89298241824184 2.1468496912346966e-22
272.9916133213321 2.14623276139298e-22
273.09024422442246 2.145616197066406e-22
273.18887512751274 2.1449999979138787e-22
273.2875060306031 2.144384163594749e-22
273.38613693369336 2.143768693768825e-22
273.4847678367837 2.143153588096362e-22
273.583398739874 2.1425388462380637e-22
273.6820296429643 2.1419244678550877e-22
273.7806605460546 2.141310452609035e-22
273.87929144914494 2.140696800161957e-22
273.9779223522352 2.1400835101763497e-22
274.07655325532556 2.1394705823151566e-22
274.17518415841585 2.1388580162417632e-22
274.2738150615061 2.138245811620004e-22
274.37244596459647 2.137633968114151e-22
274.47107686768675 2.137022485388925e-22
274.5697077707771 2.1364113631094834e-22
274.66833867386737 2.135800600941429e-22
274.7669695769577 2.1351901985507994e-22
274.865600480048 2.1345801556040785e-22
274.9642313831383 2.1339704717681843e-22
275.0628622862286 2.1333611467104744e-22
275.16149318931895 2.1327521800987433e-22
275.2601240924092 2.1321435716012204e-22
275.35875499549957 2.1315353208865758e-22
275.45738589858985 2.1309274276239076e-22
275.5560168016802 2.130319891482752e-22
275.65464770477047 2.1297127121330813e-22
275.7532786078608 2.1291058892452925e-22
275.8519095109511 2.1284994224902235e-22
275.9505404140414 2.1278933115391372e-22
276.0491713171317 2.1272875560637286e-22
276.14780222022205 2.1266821557361226e-22
276.24643312331233 2.126077110228874e-22
276.34506402640267 2.1254724192149626e-22
276.44369492949295 2.1248680823678e-22
276.5423258325833 2.124264099361218e-22
276.64095673567357 2.123660469869484e-22
276.7395876387639 2.123057193567279e-22
276.8382185418542 2.122454270129719e-22
276.93684944494447 2.121851699232337e-22
277.0354803480348 2.1212494805510896e-22
277.1341112511251 2.1206476137623596e-22
277.23274215421543 2.120046098542945e-22
277.3313730573057 2.1194449345700714e-22
277.43000396039605 2.1188441215213784e-22
277.52863486348633 2.1182436590749294e-22
277.62726576657667 2.1176435469092037e-22
277.72589666966695 2.1170437847030977e-22
277.8245275727573 2.116444372135929e-22
277.9231584758476 2.1158453088874275e-22
278.0217893789379 2.1152465946377405e-22
278.1204202820282 2.11464822906743e-22
278.21905118511853 2.1140502118574716e-22
278.3176820882088 2.1134525426892557e-22
278.41631299129915 2.112855221244584e-22
278.51494389438943 2.1122582472056712e-22
278.61357479747977 2.111661620255143e-22
278.71220570057005 2.111065340076035e-22
278.8108366036604 2.1104694063517965e-22
278.9094675067507 2.1098738187662801e-22
279.008098409841 2.1092785770037513e-22
279.1067293129313 2.1086836807488814e-22
279.20536021602163 2.1080891296867497e-22
279.3039911191119 2.1074949235028424e-22
279.40262202220225 2.1069010618830504e-22
279.50125292529253 2.10630754451367e-22
279.5998838283828 2.1057143710814015e-22
279.69851473147315 2.1051215412733489e-22
279.79714563456344 2.1045290547770199e-22
279.8957765376538 2.1039369112803232e-22
279.99440744074406 2.103345110471571e-22
280.0930383438344 2.1027536520394736e-22
280.1916692469247 2.102162535673144e-22
280.290300150015 2.1015717610620936e-22
280.3889310531053 2.100981327896233e-22
280.48756195619563 2.1003912358658685e-22
280.5861928592859 2.0998014846617093e-22
280.68482376237625 2.0992120739748562e-22
280.78345466546654 2.0986230034968077e-22
280.8820855685569 2.0980342729194592e-22
280.98071647164716 2.0974458819350992e-22
281.0793473747375 2.0968578302364093e-22
281.1779782778278 2.0962701175164672e-22
281.2766091809181 2.0956827434687409e-22
281.3752400840084 2.0950957077870933e-22
281.47387098709873 2.0945090101657754e-22
281.572501890189 2.0939226502994314e-22
281.67113279327936 2.0933366278830931e-22
281.76976369636964 2.0927509426121847e-22
281.86839459946 2.092165594182517e-22
281.96702550255026 2.0915805822902902e-22
282.0656564056406 2.0909959066320887e-22
282.1642873087309 2.0904115669048895e-22
282.26291821182116 2.0898275628060498e-22
282.3615491149115 2.0892438940333153e-22
282.4601800180018 2.0886605602848164e-22
282.5588109210921 2.0880775612590664e-22
282.6574418241824 2.087494896654964e-22
282.75607272727274 2.0869125661717893e-22
282.854703630363 2.086330569509204e-22
282.95333453345336 2.085748906367252e-22
283.05196543654364 2.0851675764463601e-22
283.150596339634 2.084586579447331e-22
283.24922724272426 2.0840059150713515e-22
283.3478581458146 2.0834255830199844e-22
283.4464890489049 2.0828455829951723e-22
283.5451199519952 2.0822659146992348e-22
283.6437508550855 2.0816865778348682e-22
283.74238175817584 2.081107572105146e-22
283.8410126612661 2.0805288972135184e-22
283.93964356435646 2.0799505528638075e-22
284.03827446744674 2.0793725387602126e-22
284.1369053705371 2.0787948546073086e-22
284.23553627362736 2.0782175001100376e-22
284.3341671767177 2.07764047497372e-22
284.432798079808 2.077063778904047e-22
284.5314289828983 2.0764874116070783e-22
284.6300598859886 2.0759113727892493e-22
284.72869078907894 2.0753356621573587e-22
284.8273216921692 2.0747602794185827e-22
284.9259525952595 2.0741852242804603e-22
285.02458349834984 2.0736104964509008e-22
285.1232144014401 2.0730360956381817e-22
285.22184530453046 2.0724620215509462e-22
285.32047620762074 2.071888273898207e-22
285.4191071107111 2.071314852389338e-22
285.51773801380136 2.070741756734081e-22
285.6163689168917 2.0701689866425433e-22
285.714999819982 2.0695965418251944e-22
285.8136307230723 2.069024421992867e-22
285.9122616261626 2.0684526268567575e-22
286.01089252925294 2.0678811561284251e-22
286.1095234323432 2.0673100095197884e-22
286.20815433543356 2.0667391867431294e-22
286.30678523852384 2.0661686875110893e-22
286.4054161416142 2.0655985115366673e-22
286.50404704470446 2.0650286585332253e-22
286.6026779477948 2.0644591282144818e-22
286.7013088508851 2.0638899202945126e-22
286.7999397539754 2.0633210344877521e-22
286.8985706570657 2.0627524705089908e-22
286.99720156015604 2.0621842280733756e-22
287.0958324632463 2.06161630689641e-22
287.19446336633666 2.061048706693949e-22
287.29309426942694 2.0604814271822082e-22
287.3917251725173 2.0599144680777498e-22
287.49035607560756 2.059347829097494e-22
287.58898697869785 2.058781509958714e-22
287.6876178817882 2.0582155103790306e-22
287.78624878487847 2.0576498300764207e-22
287.8848796879688 2.0570844687692097e-22
287.9835105910591 2.0565194261760745e-22
288.0821414941494 2.0559547020160402e-22
288.1807723972397 2.0553902960084838e-22
288.27940330033005 2.0548262078731268e-22
288.3780342034203 2.054262437330043e-22
288.47666510651067 2.0536989840996514e-22
288.57529600960095 2.0531358479027166e-22
288.6739269126913 2.0525730284603515e-22
288.77255781578157 2.0520105254940162e-22
288.8711887188719 2.0514483387255122e-22
288.9698196219622 2.0508864678769873e-22
289.0684505250525 2.0503249126709346e-22
289.1670814281428 2.0497636728301891e-22
289.26571233123315 2.0492027480779272e-22
289.3643432343234 2.0486421381376713e-22
289.46297413741377 2.048081842733283e-22
289.56160504050405 2.0475218615889672e-22
289.6602359435944 2.046962194429266e-22
289.75886684668467 2.0464028409790642e-22
289.857497749775 2.0458438009635866e-22
289.9561286528653 2.0452850741083948e-22
290.0547595559556 2.044726660139389e-22
290.1533904590459 2.044168558782811e-22
290.2520213621362 2.043610769765235e-22
290.35065226522653 2.043053292813574e-22
290.4492831683168 2.042496127655078e-22
290.54791407140715 2.0419392740173313e-22
290.64654497449743 2.0413827316282536e-22
290.74517587758777 2.0408265002161013e-22
290.84380678067805 2.0402705795094594e-22
290.9424376837684 2.0397149692372531e-22
291.04106858685867 2.0391596691287364e-22
291.139699489949 2.0386046789134957e-22
291.2383303930393 2.0380499983214517e-22
291.33696129612963 2.0374956270828524e-22
291.4355921992199 2.0369415649282813e-22
291.53422310231025 2.0363878115886486e-22
291.63285400540053 2.035834366795196e-22
291.73148490849087 2.035281230279492e-22
291.83011581158115 2.0347284017734379e-22
291.9287467146715 2.0341758810092594e-22
292.0273776177618 2.0336236677195103e-22
292.1260085208521 2.0330717616370725e-22
292.2246394239424 2.0325201624951542e-22
292.32327032703273 2.0319688700272884e-22
292.421901230123 2.0314178839673356e-22
292.52053213321335 2.0308672040494792e-22
292.61916303630363 2.0303168300082275e-22
292.71779393939397 2.0297667615784144e-22
292.81642484248425 2.0292169984951928e-22
292.91505574557453 2.0286675404940443e-22
293.0136866486649 2.028118387310767e-22
293.11231755175515 2.0275695386814846e-22
293.2109484548455 2.0270209943426407e-22
293.3095793579358 2.0264727540310008e-22
293.4082102610261 2.0259248174836475e-22
293.5068411641164 2.0253771844379864e-22
293.60547206720673 2.0248298546317402e-22
293.704102970297 2.0242828278029523e-22
293.80273387338735 2.0237361036899822e-22
293.90136477647764 2.0231896820315067e-22
293.999995679568 2.0226435625665224e-22
294.09862658265826 2.0220977450343408e-22
294.1972574857486 2.021552229174589e-22
294.2958883888389 2.0210070147272098e-22
294.3945192919292 2.0204621014324623e-22
294.4931501950195 2.0199174890309198e-22
294.59178109810983 2.019373177263468e-22
294.6904120012001 2.018829165871309e-22
294.78904290429045 2.0182854545959547e-22
294.88767380738074 2.0177420431792328e-22
294.9863047104711 2.01719893136328e-22
295.08493561356136 2.0166561188905481e-22
295.1835665166517 2.0161136055037957e-22
295.282197419742 2.0155713909460958e-22
295.3808283228323 2.0150294749608285e-22
295.4794592259226 2.0144878572916865e-22
295.5780901290129 2.0139465376826678e-22
295.6767210321032 2.0134055158780817e-22
295.7753519351935 2.012864791622547e-22
295.87398283828384 2.0123243646609848e-22
295.9726137413741 2.0117842347386287e-22
296.07124464446446 2.011244401601015e-22
296.16987554755474 2.0107048649939896e-22
296.2685064506451 2.0101656246637017e-22
296.36713735373536 2.0096266803566054e-22
296.4657682568257 2.0090880318194617e-22
296.564399159916 2.008549678799333e-22
296.6630300630063 2.0080116210435868e-22
296.7616609660966 2.007473858299895e-22
296.86029186918694 2.00693639031623e-22
296.9589227722772 2.0063992168408676e-22
297.05755367536756 2.0058623376223852e-22
297.15618457845784 2.0053257524096613e-22
297.2548154815482 2.0047894609518756e-22
297.35344638463846 2.0042534629985077e-22
297.4520772877288 2.003717758299337e-22
297.5507081908191 2.003182346604444e-22
297.6493390939094 2.002647227664204e-22
297.7479699969997 2.0021124012292953e-22
297.84660090009004 2.001577867050692e-22
297.9452318031803 2.0010436248796654e-22
298.04386270627066 2.0005096744677846e-22
298.14249360936094 1.9999760155669146e-22
298.2411245124512 1.999442647929217e-22
298.33975541554156 1.9989095713071493e-22
298.43838631863184 1.9983767854534634e-22
298.5370172217222 1.9978442901212054e-22
298.63564812481246 1.997312085063717e-22
298.7342790279028 1.9967801700346335e-22
298.8329099309931 1.9962485447878822e-22
298.9315408340834 1.9957172090776836e-22
299.0301717371737 1.9951861626585526e-22
299.12880264026404 1.9946554052852937e-22
299.2274335433543 1.9941249367130023e-22
299.32606444644466 1.9935947566970668e-22
299.42469534953494 1.9930648649931667e-22
299.5233262526253 1.9925352613572674e-22
299.62195715571556 1.9920059455456284e-22
299.7205880588059 1.9914769173147966e-22
299.8192189618962 1.9909481764216078e-22
299.9178498649865 1.9904197226231852e-22
300.0164807680768 1.989891555676941e-22
300.11511167116714 1.9893636753405738e-22
300.2137425742574 1.98883608137207e-22
300.31237347734776 1.9883087735297013e-22
300.41100438043804 1.9877817515720268e-22
300.5096352835284 1.9872550152578897e-22
300.60826618661866 1.9867285643464197e-22
300.706897089709 1.9862023985970305e-22
300.8055279927993 1.9856765177694192e-22
300.90415889588957 1.9851509216235688e-22
301.0027897989799 1.9846256099197425e-22
301.1014207020702 1.9841005824184893e-22
301.2000516051605 1.9835758388806388e-22
301.2986825082508 1.9830513790673044e-22
301.39731341134114 1.9825272027398793e-22
301.4959443144314 1.9820033096600384e-22
301.59457521752176 1.9814796995897373e-22
301.69320612061205 1.9809563722912122e-22
301.7918370237024 1.980433327526978e-22
301.89046792679267 1.9799105650598317e-22
301.989098829883 1.979388084652845e-22
302.0877297329733 1.978865886069372e-22
302.1863606360636 1.9783439690730423e-22
302.2849915391539 1.977822333427765e-22
302.38362244224425 1.9773009788977244e-22
302.4822533453345 1.9767799052473846e-22
302.58088424842487 1.9762591122414822e-22
302.67951515151515 1.9757385996450327e-22
302.7781460546055 1.9752183672233258e-22
302.87677695769577 1.9746984147419265e-22
302.9754078607861 1.9741787419666743e-22
303.0740387638764 1.9736593486636848e-22
303.1726696669667 1.973140234599343e-22
303.271300570057 1.9726213995403118e-22
303.36993147314735 1.9721028432535246e-22
303.4685623762376 1.9715845655061882e-22
303.5671932793279 1.9710665660657806e-22
303.66582418241825 1.970548844700053e-22
303.76445508550853 1.9700314011770255e-22
303.86308598859887 1.969514235264992e-22
303.96171689168915 1.9689973467325146e-22
304.0603477947795 1.9684807353484264e-22
304.15897869786977 1.9679644008818292e-22
304.2576096009601 1.9674483431020952e-22
304.3562405040504 1.9669325617788655e-22
304.45487140714073 1.9664170566820465e-22
304.553502310231 1.9659018275818175e-22
304.65213321332135 1.9653868742486205e-22
304.75076411641163 1.9648721964531678e-22
304.84939501950197 1.9643577939664376e-22
304.94802592259225 1.9638436665596732e-22
305.0466568256826 1.9633298140043852e-22
305.14528772877287 1.962816236072349e-22
305.2439186318632 1.9623029325356055e-22
305.3425495349535 1.9617899031664605e-22
305.44118043804383 1.9612771477374826e-22
305.5398113411341 1.9607646660215062e-22
305.63844224422445 1.9602524577916267e-22
305.73707314731473 1.9597405228212057e-22
305.83570405040507 1.9592288608838641e-22
305.93433495349535 1.958717471753488e-22
306.0329658565857 1.9582063552042232e-22
306.131596759676 1.9576955110104778e-22
306.23022766276625 1.9571849389469224e-22
306.3288585658566 1.9566746387884832e-22
306.4274894689469 1.9561646103103535e-22
306.5261203720372 1.955654853287981e-22
306.6247512751275 1.955145367497076e-22
306.72338217821783 1.9546361527136067e-22
306.8220130813081 1.9541272087137994e-22
306.92064398439845 1.9536185352741396e-22
307.01927488748873 1.9531101321713706e-22
307.1179057905791 1.952601999182493e-22
307.21653669366935 1.9520941360847636e-22
307.3151675967597 1.951586542655697e-22
307.41379849985 1.9510792186730638e-22
307.5124294029403 1.9505721639148902e-22
307.6110603060306 1.95006537815946e-22
307.70969120912093 1.9495588611853073e-22
307.8083221122112 1.9490526127712261e-22
307.90695301530155 1.9485466326962616e-22
308.00558391839184 1.9480409207397142e-22
308.1042148214822 1.9475354766811381e-22
308.20284572457246 1.947030300300341e-22
308.3014766276628 1.94652539137738e-22
308.4001075307531 1.9460207496925698e-22
308.4987384338434 1.9455163750264737e-22
308.5973693369337 1.9450122671599079e-22
308.69600024002403 1.9445084258739396e-22
308.7946311431143 1.9440048509498868e-22
308.8932620462046 1.9435015421693186e-22
308.99189294929494 1.9429984993140536e-22
309.0905238523852 1.94249572216616e-22
309.18915475547556 1.9419932105079563e-22
309.28778565856584 1.9414909641220094e-22
309.3864165616562 1.9409889827911342e-22
309.48504746474646 1.940487266298396e-22
309.5836783678368 1.9399858144271054e-22
309.6823092709271 1.9394846269608235e-22
309.7809401740174 1.9389837036833542e-22
309.8795710771077 1.938483044378753e-22
309.97820198019804 1.9379826488313187e-22
310.0768328832883 1.937482516825597e-22
310.17546378637866 1.936982648146378e-22
310.27409468946894 1.9364830425787014e-22
310.3727255925593 1.9359836999078463e-22
310.47135649564956 1.9354846199193391e-22
310.5699873987399 1.9349858023989515e-22
310.6686183018302 1.9344872471326963e-22
310.7672492049205 1.933988953906832e-22
310.8658801080108 1.9334909225078594e-22
310.96451101110114 1.9329931527225206e-22
311.0631419141914 1.932495644337802e-22
311.16177281728176 1.931998397140932e-22
311.26040372037204 1.9315014109193805e-22
311.3590346234624 1.931004685460856e-22
311.45766552655266 1.9305082205533133e-22
311.55629642964294 1.9300120159849426e-22
311.6549273327333 1.9295160715441764e-22
311.75355823582356 1.9290203870196872e-22
311.8521891389139 1.928524962200386e-22
311.9508200420042 1.9280297968754248e-22
312.0494509450945 1.9275348908341927e-22
312.1480818481848 1.9270402438663177e-22
312.24671275127514 1.9265458557616651e-22
312.3453436543654 1.926051726310341e-22
312.44397455745576 1.9255578553026836e-22
312.54260546054604 1.9250642425292735e-22
312.6412363636364 1.9245708877809235e-22
312.73986726672666 1.9240777908486853e-22
312.838498169817 1.9235849515238461e-22
312.9371290729073 1.9230923695979286e-22
313.0357599759976 1.9226000448626898e-22
313.1343908790879 1.9221079771101219e-22
313.23302178217824 1.921616166132454e-22
313.3316526852685 1.9211246117221462e-22
313.43028358835886 1.9206333136718939e-22
313.52891449144914 1.920142271774626e-22
313.6275453945395 1.9196514858235031e-22
313.72617629762976 1.9191609556119225e-22
313.8248072007201 1.918670680933509e-22
313.9234381038104 1.918180661582122e-22
314.0220690069007 1.917690897351853e-22
314.120699909991 1.9172013880370247e-22
314.2193308130813 1.91671213343219e-22
314.3179617161716 1.916223133332133e-22
314.4165926192619 1.9157343875318689e-22
314.51522352235224 1.9152458958266415e-22
314.6138544254425 1.9147576580119266e-22
314.71248532853286 1.9142696738834258e-22
314.81111623162315 1.913781943237074e-22
314.9097471347135 1.913294465869031e-22
315.00837803780377 1.912807241575688e-22
315.1070089408941 1.912320270153662e-22
315.2056398439844 1.9118335513997995e-22
315.3042707470747 1.9113470851111717e-22
315.402901650165 1.9108608710850802e-22
315.50153255325534 1.9103749091190514e-22
315.6001634563456 1.9098891990108377e-22
315.69879435943596 1.9094037405584178e-22
315.79742526252625 1.9089185335599978e-22
315.8960561656166 1.9084335778140053e-22
315.99468706870687 1.9079488731190983e-22
316.0933179717972 1.9074644192741545e-22
316.1919488748875 1.9069802160782783e-22
316.2905797779778 1.9064962633307994e-22
316.3892106810681 1.9060125608312674e-22
316.48784158415845 1.9055291083794582e-22
316.5864724872487 1.905045905775371e-22
316.68510339033907 1.9045629528192254e-22
316.78373429342935 1.9040802493114669e-22
316.88236519651963 1.9035977950527584e-22
316.98099609960997 1.903115589843989e-22
317.07962700270025 1.902633633486266e-22
317.1782579057906 1.9021519257809197e-22
317.27688880888087 1.901670466529501e-22
317.3755197119712 1.9011892555337808e-22
317.4741506150615 1.9007082925957497e-22
317.5727815181518 1.9002275775176195e-22
317.6714124212421 1.8997471101018184e-22
317.77004332433245 1.8992668901509982e-22
317.86867422742273 1.898786917468026e-22
317.96730513051307 1.8983071918559893e-22
318.06593603360335 1.897827713118193e-22
318.1645669366937 1.8973484810581603e-22
318.26319783978397 1.8968694954796307e-22
318.3618287428743 1.8963907561865645e-22
318.4604596459646 1.8959122629831336e-22
318.55909054905493 1.8954340156737307e-22
318.6577214521452 1.8949560140629645e-22
318.75635235523555 1.894478257955657e-22
318.85498325832583 1.8940007471568476e-22
318.95361416141617 1.8935234814717926e-22
319.05224506450645 1.893046460705961e-22
319.1508759675968 1.8925696846650369e-22
319.24950687068707 1.89209315315492e-22
319.3481377737774 1.8916168659817232e-22
319.4467686768677 1.8911408229517732e-22
319.545399579958 1.89066502387161e-22
319.6440304830483 1.890189468547987e-22
319.7426613861386 1.8897141567878727e-22
319.84129228922893 1.889239088398444e-22
319.9399231923192 1.8887642631870929e-22
320.03855409540955 1.8882896809614226e-22
320.13718499849983 1.8878153415292482e-22
320.2358159015902 1.8873412446985966e-22
320.33444680468045 1.886867390277704e-22
320.4330777077708 1.886393778075019e-22
320.5317086108611 1.8859204078991993e-22
320.6303395139514 1.8854472795591145e-22
320.7289704170417 1.8849743928638433e-22
320.82760132013203 1.8845017476226727e-22
320.9262322232223 1.8840293436451003e-22
321.02486312631265 1.883557180740832e-22
321.12349402940293 1.8830852587197825e-22
321.2221249324933 1.8826135773920752e-22
321.32075583558355 1.882142136568041e-22
321.4193867386739 1.8816709360582188e-22
321.5180176417642 1.8811999756733541e-22
321.6166485448545 1.8807292552244003e-22
321.7152794479448 1.8802587745225183e-22
321.81391035103513 1.8797885333790748e-22
321.9125412541254 1.8793185316056421e-22
322.01117215721575 1.8788487690139986e-22
322.10980306030604 1.8783792454161292e-22
322.2084339633963 1.8779099606242247e-22
322.30706486648666 1.8774409144506777e-22
322.40569576957694 1.8769721067080909e-22
322.5043266726673 1.8765035372092647e-22
322.60295757575756 1.876035205767211e-22
322.7015884788479 1.8755671121951386e-22
322.8002193819382 1.8750992563064657e-22
322.8988502850285 1.8746316379148097e-22
322.9974811881188 1.8741642568339931e-22
323.09611209120914 1.8736971128780413e-22
323.1947429942994 1.87323020586118e-22
323.29337389738976 1.8727635355978394e-22
323.39200480048004 1.872297101902651e-22
323.4906357035704 1.8718309045904468e-22
323.58926660666066 1.87136494347626e-22
323.687897509751 1.8708992183753263e-22
323.7865284128413 1.870433729103082e-22
323.8851593159316 1.8699684754751624e-22
323.9837902190219 1.8695034573074032e-22
324.08242112211224 1.8690386744158409e-22
324.1810520252025 1.86857412661671e-22
324.27968292829286 1.8681098137264476e-22
324.37831383138314 1.8676457355616847e-22
324.4769447344735 1.8671818919392558e-22
324.57557563756376 1.8667182826761915e-22
324.6742065406541 1.866254907589719e-22
324.7728374437444 1.8657917664972673e-22
324.87146834683466 1.8653288592164608e-22
324.970099249925 1.8648661855651199e-22
325.0687301530153 1.8644037453612646e-22
325.1673610561056 1.8639415384231092e-22
325.2659919591959 1.863479564569066e-22
325.36462286228624 1.8630178236177437e-22
325.4632537653765 1.8625563153879468e-22
325.56188466846686 1.8620950396986736e-22
325.66051557155714 1.8616339963691202e-22
325.7591464746475 1.861173185218676e-22
325.85777737773776 1.860712606066927e-22
325.9564082808281 1.8602522587336499e-22
326.0550391839184 1.859792143038821e-22
326.1536700870087 1.8593322588026074e-22
326.252300990099 1.8588726058453695e-22
326.35093189318934 1.8584131839876627e-22
326.4495627962796 1.8579539930502352e-22
326.54819369936996 1.8574950328540262e-22
326.64682460246024 1.8570363032201705e-22
326.7454555055506 1.8565778039699933e-22
326.84408640864086 1.8561195349250126e-22
326.9427173117312 1.8556614959069373e-22
327.0413482148215 1.8552036867376693e-22
327.1399791179118 1.8547461072392993e-22
327.2386100210021 1.854288757234113e-22
327.33724092409244 1.8538316365445822e-22
327.4358718271827 1.853374744993372e-22
327.534502730273 1.8529180824033374e-22
327.63313363336334 1.8524616485975223e-22
327.7317645364536 1.852005443399161e-22
327.83039543954396 1.8515494666316782e-22
327.92902634263424 1.8510937181186849e-22
328.0276572457246 1.850638197683983e-22
328.12628814881487 1.8501829051515624e-22
328.2249190519052 1.849727840345602e-22
328.3235499549955 1.8492730030904685e-22
328.4221808580858 1.8488183932107147e-22
328.5208117611761 1.8483640105310837e-22
328.61944266426644 1.8479098548765036e-22
328.7180735673567 1.8474559260720908e-22
328.81670447044706 1.8470022239431479e-22
328.91533537353735 1.8465487483151648e-22
329.0139662766277 1.846095499013815e-22
329.11259717971797 1.8456424758649618e-22
329.2112280828083 1.8451896786946516e-22
329.3098589858986 1.844737107329117e-22
329.4084898889889 1.844284761594775e-22
329.5071207920792 1.8438326413182285e-22
329.60575169516954 1.8433807463262658e-22
329.7043825982598 1.8429290764458565e-22
329.80301350135016 1.8424776315041584e-22
329.90164440444045 1.8420264113285101e-22
330.0002753075308 1.8415754157464347e-22
330.09890621062107 1.84112464458564e-22
330.19753711371135 1.8406740976740147e-22
330.2961680168017 1.8402237748396312e-22
330.39479891989197 1.8397736759107468e-22
330.4934298229823 1.8393238007157967e-22
330.5920607260726 1.8388741490834018e-22
330.6906916291629 1.8384247208423643e-22
330.7893225322532 1.8379755158216662e-22
330.88795343534355 1.8375265338504725e-22
330.98658433843383 1.8370777747581292e-22
331.08521524152417 1.836629238374162e-22
331.18384614461445 1.8361809245282787e-22
331.2824770477048 1.8357328330503664e-22
331.38110795079507 1.8352849637704928e-22
331.4797388538854 1.8348373165189044e-22
331.5783697569757 1.8343898911260295e-22
331.677000660066 1.8339426874224735e-22
331.7756315631563 1.833495705239022e-22
331.87426246624665 1.833048944406639e-22
331.97289336933693 1.8326024047564676e-22
332.07152427242727 1.832156086119829e-22
332.17015517551755 1.8317099883282226e-22
332.2687860786079 1.8312641112133247e-22
332.36741698169817 1.830818454606991e-22
332.4660478847885 1.830373018341253e-22
332.5646787878788 1.8299278022483205e-22
332.66330969096913 1.829482806160579e-22
332.7619405940594 1.8290380299105922e-22
332.8605714971497 1.8285934733310987e-22
332.95920240024003 1.8281491362550132e-22
333.0578333033303 1.8277050185154276e-22
333.15646420642065 1.8272611199456091e-22
333.25509510951093 1.8268174403789997e-22
333.35372601260127 1.8263739796492167e-22
333.45235691569155 1.8259307375900533e-22
333.5509878187819 1.8254877140354748e-22
333.6496187218722 1.825044908819625e-22
333.7482496249625 1.8246023217768183e-22
333.8468805280528 1.8241599527415454e-22
333.94551143114313 1.823717801548469e-22
334.0441423342334 1.8232758680324265e-22
334.14277323732375 1.8228341520284278e-22
334.24140414041403 1.8223926533716574e-22
334.3400350435044 1.82195137189747e-22
334.43866594659465 1.821510307441395e-22
334.537296849685 1.8210694598391334e-22
334.6359277527753 1.820628828926558e-22
334.7345586558656 1.8201884145397139e-22
334.8331895589559 1.8197482165148181e-22
334.93182046204623 1.8193082346882575e-22
335.0304513651365 1.8188684688965913e-22
335.12908226822685 1.8184289189765509e-22
335.22771317131713 1.8179895847650347e-22
335.3263440744075 1.8175504660991152e-22
335.42497497749775 1.817111562816033e-22
335.52360588058804 1.8166728747532002e-22
335.6222367836784 1.8162344017481972e-22
335.72086768676866 1.815796143638775e-22
335.819498589859 1.815358100262852e-22
335.9181294929493 1.8149202714585184e-22
336.0167603960396 1.8144826570640304e-22
336.1153912991299 1.8140452569178157e-22
336.21402220222024 1.8136080708584696e-22
336.3126531053105 1.8131710987247515e-22
336.41128400840086 1.8127343403555952e-22
336.50991491149114 1.812297795590097e-22
336.6085458145815 1.8118614642675237e-22
336.70717671767176 1.8114253462273082e-22
336.8058076207621 1.81098944130905e-22
336.9044385238524 1.8105537493525166e-22
337.0030694269427 1.8101182701976397e-22
337.101700330033 1.8096830036845204e-22
337.20033123312334 1.8092479496534235e-22
337.2989621362136 1.8088131079447798e-22
337.39759303930396 1.8083784783991878e-22
337.49622394239424 1.8079440608574087e-22
337.5948548454846 1.8075098551603714e-22
337.69348574857486 1.8070758611491681e-22
337.7921166516652 1.8066420786650557e-22
337.8907475547555 1.806208507549457e-22
337.9893784578458 1.805775147643958e-22
338.0880093609361 1.8053419987903077e-22
338.1866402640264 1.8049090608304215e-22
338.2852711671167 1.8044763336063766e-22
338.383902070207 1.804043816960414e-22
338.48253297329734 1.8036115107349383e-22
338.5811638763876 1.8031794147725177e-22
338.67979477947796 1.80274752891588e-22
338.77842568256824 1.8023158530079197e-22
338.8770565856586 1.8018843868916898e-22
338.97568748874886 1.8014531304104102e-22
339.0743183918392 1.8010220834074562e-22
339.1729492949295 1.8005912457263703e-22
339.2715801980198 1.800160617210854e-22
339.3702111011101 1.7997301977047703e-22
339.46884200420044 1.799299987052143e-22
339.5674729072907 1.798869985097157e-22
339.66610381038106 1.7984401916841586e-22
339.76473471347134 1.7980106066576523e-22
339.8633656165617 1.7975812298623046e-22
339.96199651965196 1.7971520611429413e-22
340.0606274227423 1.7967231003445472e-22
340.1592583258326 1.796294347312269e-22
340.2578892289229 1.7958658018914086e-22
340.3565201320132 1.7954374639274307e-22
340.45515103510354 1.7950093332659576e-22
340.5537819381938 1.7945814097527691e-22
340.65241284128416 1.7941536932338054e-22
340.75104374437444 1.7937261835551638e-22
340.8496746474647 1.7932988805630994e-22
340.94830555055506 1.7928717841040249e-22
341.04693645364534 1.7924448940245118e-22
341.1455673567357 1.792018210171287e-22
341.24419825982596 1.791591732391238e-22
341.3428291629163 1.7911654605314043e-22
341.4414600660066 1.7907393944389876e-22
341.5400909690969 1.7903135339613412e-22
341.6387218721872 1.7898878789459774e-22
341.73735277527754 1.7894624292405639e-22
341.8359836783678 1.7890371846929254e-22
341.93461458145816 1.7886121451510402e-22
342.03324548454844 1.7881873104630432e-22
342.1318763876388 1.7877626804772259e-22
342.23050729072907 1.7873382550420325e-22
342.3291381938194 1.786914034006063e-22
342.4277690969097 1.7864900172180716e-22
342.5264 1.7860662045269686e-22
342.6250309030903 1.7856425957818175e-22
342.72366180618064 1.785219190831834e-22
342.8222927092709 1.784795989526392e-22
342.92092361236126 1.7843729917150148e-22
343.01955451545155 1.783950197247381e-22
343.1181854185419 1.7835276059733214e-22
343.21681632163217 1.7831052177428212e-22
343.3154472247225 1.782683032406018e-22
343.4140781278128 1.782261049813201e-22
343.51270903090307 1.781839269814813e-22
343.6113399339934 1.7814176922614493e-22
343.7099708370837 1.7809963170038553e-22
343.808601740174 1.7805751438929286e-22
343.9072326432643 1.7801541727797213e-22
344.00586354635465 1.7797334035154325e-22
344.1044944494449 1.7793128359514173e-22
344.20312535253527 1.7788924699391763e-22
344.30175625562555 1.778472305330366e-22
344.4003871587159 1.7780523419767893e-22
344.49901806180617 1.7776325797304034e-22
344.5976489648965 1.777213018443314e-22
344.6962798679868 1.7767936579677741e-22
344.7949107710771 1.776374498156191e-22
344.8935416741674 1.7759555388611184e-22
344.99217257725775 1.7755367799352613e-22
345.09080348034803 1.7751182212314727e-22
345.18943438343837 1.7746998626027564e-22
345.28806528652865 1.7742817039022614e-22
345.386696189619 1.7738637449832898e-22
345.48532709270927 1.7734459856992882e-22
345.5839579957996 1.773028425903854e-22
345.6825888988899 1.7726110654507323e-22
345.7812198019802 1.7721939041938134e-22
345.8798507050705 1.7717769419871406e-22
345.97848160816085 1.771360178684898e-22
346.07711251125113 1.7709436141414225e-22
346.1757434143414 1.7705272482111946e-22
346.27437431743175 1.7701110807488427e-22
346.37300522052203 1.7696951116091448e-22
346.47163612361237 1.7692793406470191e-22
346.57026702670265 1.7688637677175371e-22
346.668897929793 1.76844839267591e-22
346.7675288328833 1.7680332153774994e-22
346.8661597359736 1.7676182356778104e-22
346.9647906390639 1.767203453432495e-22
347.06342154215423 1.7667888684973486e-22
347.1620524452445 1.7663744807283146e-22
347.26068334833485 1.7659602899814784e-22
347.35931425142513 1.7655462961130708e-22
347.45794515451547 1.7651324989794702e-22
347.55657605760575 1.7647188984371952e-22
347.6552069606961 1.7643054943429105e-22
347.7538378637864 1.7638922865534254e-22
347.8524687668767 1.763479274925691e-22
347.951099669967 1.7630664593168048e-22
348.04973057305733 1.7626538395840051e-22
348.1483614761476 1.7622414155846748e-22
348.24699237923795 1.7618291871763397e-22
348.34562328232823 1.7614171542166684e-22
348.4442541854186 1.761005316563472e-22
348.54288508850885 1.7605936740747053e-22
348.6415159915992 1.760182226608463e-22
348.7401468946895 1.7597709740229836e-22
348.83877779777976 1.7593599161766485e-22
348.9374087008701 1.7589490529279776e-22
349.0360396039604 1.758538384135636e-22
349.1346705070507 1.7581279096584285e-22
349.233301410141 1.7577176293553003e-22
349.33193231323133 1.7573075430853389e-22
349.4305632163216 1.7568976507077728e-22
349.52919411941195 1.7564879520819691e-22
349.62782502250224 1.7560784470674385e-22
349.7264559255926 1.7556691355238294e-22
349.82508682868286 1.7552600173109325e-22
349.9237177317732 1.7548510922886748e-22
350.0223486348635 1.7544423603171277e-22
350.1209795379538 1.754033821256499e-22
350.2196104410441 1.7536254749671364e-22
350.31824134413444 1.753217321309528e-22
350.4168722472247 1.7528093601442996e-22
350.51550315031506 1.7524015913322163e-22
350.61413405340534 1.7519940147341814e-22
350.7127649564957 1.7515866302112375e-22
350.81139585958596 1.7511794376245666e-22
350.9100267626763 1.7507724368354848e-22
351.0086576657666 1.7503656277054507e-22
351.1072885688569 1.749959010096058e-22
351.2059194719472 1.7495525838690384e-22
351.30455037503754 1.749146348886261e-22
351.4031812781278 1.7487403050097333e-22
351.5018121812181 1.7483344521015988e-22
351.60044308430844 1.747928790024137e-22
351.6990739873987 1.7475233186397661e-22
351.79770489048906 1.7471180378110397e-22
351.89633579357934 1.746712947400648e-22
351.9949666966697 1.7463080472714162e-22
352.09359759975996 1.7459033372863079e-22
352.1922285028503 1.7454988173084198e-22
352.2908594059406 1.7450944872009867e-22
352.3894903090309 1.7446903468273777e-22
352.4881212121212 1.7442863960510964e-22
352.58675211521154 1.743882634735783e-22
352.6853830183018 1.7434790627452119e-22
352.78401392139216 1.743075679943293e-22
352.88264482448244 1.7426724861940692e-22
352.9812757275728 1.7422694813617187e-22
353.07990663066306 1.741866665310555e-22
353.1785375337534 1.741464037905024e-22
353.2771684368437 1.7410615990097068e-22
353.375799339934 1.740659348489317e-22
353.4744302430243 1.740257286208703e-22
353.57306114611464 1.739855412032846e-22
353.6716920492049 1.7394537258268606e-22
353.77032295229526 1.7390522274559932e-22
353.86895385538554 1.738650916785626e-22
353.9675847584759 1.7382497936812703e-22
354.06621566156616 1.7378488580085737e-22
354.16484656465644 1.737448109633312e-22
354.2634774677468 1.737047548421396e-22
354.36210837083706 1.7366471742388697e-22
354.4607392739274 1.7362469869519053e-22
354.5593701770177 1.735846986426809e-22
354.658001080108 1.735447172530018e-22
354.7566319831983 1.7350475451281017e-22
354.85526288628864 1.734648104087759e-22
354.9538937893789 1.7342488492758213e-22
355.05252469246926 1.7338497805592505e-22
355.15115559555954 1.733450897805139e-22
355.2497864986499 1.7330522008807087e-22
355.34841740174016 1.732653689653314e-22
355.4470483048305 1.7322553639904381e-22
355.5456792079208 1.7318572237596946e-22
355.6443101110111 1.731459268828826e-22
355.7429410141014 1.7310614990657064e-22
355.84157191719174 1.7306639143383382e-22
355.940202820282 1.730266514514853e-22
356.03883372337236 1.7298692994635114e-22
356.13746462646264 1.7294722690527043e-22
356.236095529553 1.7290754231509504e-22
356.33472643264327 1.728678761626898e-22
356.4333573357336 1.728282284349322e-22
356.5319882388239 1.7278859911871283e-22
356.6306191419142 1.7274898820093488e-22
356.7292500450045 1.7270939566851453e-22
356.8278809480948 1.7266982150838065e-22
356.9265118511851 1.726302657074747e-22
357.0251427542754 1.7259072825275132e-22
357.12377365736575 1.7255120913117754e-22
357.222404560456 1.7251170832973326e-22
357.32103546354637 1.7247222583541102e-22
357.41966636663665 1.7243276163521615e-22
357.518297269727 1.7239331571616656e-22
357.61692817281727 1.723538880652928e-22
357.7155590759076 1.723144786696381e-22
357.8141899789979 1.7227508751625856e-22
357.9128208820882 1.7223571459222237e-22
358.0114517851785 1.721963598846108e-22
358.11008268826885 1.7215702338051744e-22
358.2087135913591 1.721177050670485e-22
358.30734449444947 1.7207840493132277e-22
358.40597539753975 1.7203912296047149e-22
358.5046063006301 1.7199985914163856e-22
358.60323720372037 1.7196061346198032e-22
358.7018681068107 1.7192138590866548e-22
358.800499009901 1.7188217646887542e-22
358.8991299129913 1.718429851298037e-22
358.9977608160816 1.718038118786566e-22
359.09639171917195 1.7176465670265274e-22
359.19502262226223 1.7172551958902306e-22
359.29365352535257 1.7168640052501087e-22
359.39228442844285 1.7164729949787202e-22
359.49091533153313 1.716082164948746e-22
359.58954623462347 1.7156915150329903e-22
359.68817713771375 1.7153010451043814e-22
359.7868080408041 1.7149107550359696e-22
359.88543894389437 1.7145206447009303e-22
359.9840698469847 1.714130713972558e-22
360.082700750075 1.7137409627242743e-22
360.18133165316533 1.7133513908296194e-22
360.2799625562556 1.712961998162259e-22
360.37859345934595 1.7125727845959788e-22
360.47722436243623 1.7121837500046872e-22
360.57585526552657 1.711794894262415e-22
360.67448616861685 1.7114062172433145e-22
360.7731170717072 1.7110177188216587e-22
360.8717479747975 1.7106293988718432e-22
360.9703788778878 1.7102412572683845e-22
361.0690097809781 1.7098532938859204e-22
361.16764068406843 1.7094655085992092e-22
361.2662715871587 1.7090779012831306e-22
361.36490249024905 1.7086904718126842e-22
361.46353339333933 1.708303220062991e-22
361.56216429642967 1.7079161459092911e-22
361.66079519951995 1.7075292492269472e-22
361.7594261026103 1.7071425298914398e-22
361.8580570057006 1.706755987778369e-22
361.9566879087909 1.7063696227634579e-22
362.0553188118812 1.705983434722546e-22
362.1539497149715 1.7055974235315937e-22
362.2525806180618 1.705211589066679e-22
362.3512115211521 1.7048259312040022e-22
362.44984242424243 1.70444044981988e-22
362.5484733273327 1.7040551447907492e-22
362.64710423042305 1.7036700159931653e-22
362.74573513351334 1.7032850633038013e-22
362.8443660366037 1.7029002865994497e-22
362.94299693969396 1.702515685757022e-22
363.0416278427843 1.7021312606535459e-22
363.1402587458746 1.7017470111661677e-22
363.2388896489649 1.701362937172153e-22
363.3375205520552 1.7009790385488835e-22
363.43615145514553 1.7005953151738588e-22
363.5347823582358 1.7002117669246964e-22
363.63341326132615 1.6998283936791304e-22
363.73204416441644 1.699445195315012e-22
363.8306750675068 1.6990621717103106e-22
363.92930597059706 1.6986793227431117e-22
364.0279368736874 1.6982966482916158e-22
364.1265677767777 1.697914148234144e-22
364.225198679868 1.6975318224491282e-22
364.3238295829583 1.6971496708151216e-22
364.42246048604864 1.696767693210791e-22
364.5210913891389 1.69638588951492e-22
364.61972229222926 1.6960042596064074e-22
364.71835319531954 1.6956228033642676e-22
364.8169840984098 1.6952415206676317e-22
364.91561500150016 1.6948604113957447e-22
365.01424590459044 1.694479475427968e-22
365.1128768076808 1.6940987126437772e-22
365.21150771077106 1.6937181229227635e-22
365.3101386138614 1.6933377061446326e-22
365.4087695169517 1.692957462189205e-22
365.507400420042 1.692577390936416e-22
365.6060313231323 1.6921974922663146e-22
365.70466222622264 1.6918177660590643e-22
365.8032931293129 1.691438212194944e-22
365.90192403240326 1.691058830554344e-22
366.00055493549354 1.6906796210177707e-22
366.0991858385839 1.690300583465843e-22
366.19781674167416 1.689921717779294e-22
366.2964476447645 1.6895430238389692e-22
366.3950785478548 1.6891645015258287e-22
366.4937094509451 1.6887861507209453e-22
366.5923403540354 1.6884079713055043e-22
366.69097125712574 1.6880299631608038e-22
366.789602160216 1.6876521261682555e-22
366.88823306330636 1.6872744602093824e-22
366.98686396639664 1.6868969651658217e-22
367.085494869487 1.686519640919321e-22
367.18412577257726 1.6861424873517407e-22
367.2827566756676 1.6857655043450545e-22
367.3813875787579 1.6853886917813463e-22
367.48001848184816 1.6850120495428122e-22
367.5786493849385 1.6846355775117604e-22
367.6772802880288 1.6842592755706102e-22
367.7759111911191 1.6838831436018917e-22
367.8745420942094 1.683507181488248e-22
367.97317299729974 1.6831313891124308e-22
368.07180390039 1.6827557663573042e-22
368.17043480348036 1.682380313105844e-22
368.26906570657064 1.6820050292411334e-22
368.367696609661 1.6816299146463704e-22
368.46632751275126 1.6812549692048605e-22
368.5649584158416 1.680880192800019e-22
368.6635893189319 1.6805055853153738e-22
368.7622202220222 1.6801311466345611e-22
368.8608511251125 1.6797568766413268e-22
368.95948202820284 1.679382775219528e-22
369.0581129312931 1.6790088422531296e-22
369.15674383438346 1.6786350776262067e-22
369.25537473747374 1.678261481222944e-22
369.3540056405641 1.677888052927635e-22
369.45263654365436 1.6775147926246826e-22
369.5512674467447 1.6771417001985983e-22
369.649898349835 1.676768775534002e-22
369.7485292529253 1.6763960185156226e-22
369.8471601560156 1.6760234290282986e-22
369.9457910591059 1.6756510069569757e-22
370.0444219621962 1.675278752186706e-22
370.1430528652865 1.6749066646026552e-22
370.24168376837684 1.67453474409009e-22
370.3403146714671 1.6741629905343906e-22
370.43894557455747 1.6737914038210422e-22
370.53757647764775 1.6734199838356383e-22
370.6362073807381 1.6730487304638796e-22
370.73483828382837 1.6726776435915742e-22
370.8334691869187 1.6723067231046374e-22
370.932100090009 1.6719359688890924e-22
371.0307309930993 1.6715653808310672e-22
371.1293618961896 1.6711949588167995e-22
371.22799279927995 1.670824702732631e-22
371.3266237023702 1.670454612465011e-22
371.42525460546057 1.6700846879004963e-22
371.52388550855085 1.669714928925749e-22
371.6225164116412 1.669345335427536e-22
371.72114731473147 1.668975907292733e-22
371.8197782178218 1.6686066444083198e-22
371.9184091209121 1.6682375466613817e-22
372.0170400240024 1.6678686139391116e-22
372.1156709270927 1.667499846128806e-22
372.21430183018305 1.6671312431178669e-22
372.3129327332733 1.6667628047938033e-22
372.41156363636367 1.6663945310442274e-22
372.51019453945395 1.6660264217568567e-22
372.60882544254423 1.6656584768195145e-22
372.70745634563457 1.6652906961201296e-22
372.80608724872485 1.6649230795467326e-22
372.9047181518152 1.6645556269874608e-22
373.00334905490547 1.6641883383305552e-22
373.1019799579958 1.6638212134643613e-22
373.2006108610861 1.6634542522773286e-22
373.29924176417643 1.663087454658011e-22
373.3978726672667 1.662720820495065e-22
373.49650357035705 1.6623543496772523e-22
373.59513447344733 1.6619880420934374e-22
373.69376537653767 1.6616218976325888e-22
373.79239627962795 1.6612559161837788e-22
373.8910271827183 1.6608900976361805e-22
373.98965808580857 1.6605244418790733e-22
374.0882889888989 1.660158948801837e-22
374.1869198919892 1.6597936182939578e-22
374.28555079507953 1.6594284502450197e-22
374.3841816981698 1.6590634445447133e-22
374.48281260126015 1.6586986010828304e-22
374.58144350435043 1.6583339197492646e-22
374.68007440744077 1.657969400434013e-22
374.77870531053105 1.6576050430271742e-22
374.8773362136214 1.657240847418948e-22
374.9759671167117 1.6568768134996372e-22
375.074598019802 1.6565129411596464e-22
375.1732289228923 1.6561492302894814e-22
375.2718598259826 1.6557856807797498e-22
375.3704907290729 1.6554222925211593e-22
375.4691216321632 1.6550590654045217e-22
375.56775253525353 1.654695999320747e-22
375.6663834383438 1.6543330941608485e-22
375.76501434143415 1.6539703498159384e-22
375.86364524452443 1.6536077661772314e-22
375.9622761476148 1.6532453431360427e-22
376.06090705070505 1.652883080583787e-22
376.1595379537954 1.6525209784119802e-22
376.2581688568857 1.6521590365122372e-22
376.356799759976 1.6517972547762762e-22
376.4554306630663 1.651435633095913e-22
376.55406156615663 1.6510741713630628e-22
376.6526924692469 1.6507128694697429e-22
376.75132337233725 1.6503517273080687e-22
376.84995427542754 1.6499907447702554e-22
376.9485851785179 1.649629921748619e-22
377.04721608160816 1.6492692581355726e-22
377.1458469846985 1.6489087538236302e-22
377.2444778877888 1.6485484087054047e-22
377.3431087908791 1.648188222673608e-22
377.4417396939694 1.6478281956210497e-22
377.54037059705973 1.6474683274406397e-22
377.63900150015 1.6471086180253868e-22
377.73763240324035 1.6467490672683965e-22
377.83626330633064 1.6463896750628744e-22
377.9348942094209 1.646030441302124e-22
378.03352511251126 1.6456713658795459e-22
378.13215601560154 1.645312448688641e-22
378.2307869186919 1.6449536896230047e-22
378.32941782178216 1.6445950885763342e-22
378.4280487248725 1.6442366454424219e-22
378.5266796279628 1.6438783601151592e-22
378.6253105310531 1.643520232488533e-22
378.7239414341434 1.64316226245663e-22
378.82257233723374 1.6428044499136321e-22
378.921203240324 1.6424467947538196e-22
379.01983414341436 1.64208929687157e-22
379.11846504650464 1.6417319561613566e-22
379.217095949595 1.6413747725177506e-22
379.31572685268526 1.6410177458354185e-22
379.4143577557756 1.6406608760091256e-22
379.5129886588659 1.640304162933731e-22
379.6116195619562 1.6399476065041917e-22
379.7102504650465 1.639591206615562e-22
379.80888136813684 1.6392349631629893e-22
379.9075122712271 1.6388788760417197e-22
380.00614317431746 1.6385229451470935e-22
380.10477407740774 1.6381671703745487e-22
380.2034049804981 1.637811551619616e-22
380.30203588358836 1.6374560887779245e-22
380.4006667866787 1.637100781745198e-22
380.499297689769 1.6367456304172539e-22
380.59792859285926 1.636390634690007e-22
380.6965594959496 1.6360357944594661e-22
380.7951903990399 1.635681109621735e-22
380.8938213021302 1.6353265800730135e-22
380.9924522052205 1.6349722057095945e-22
381.09108310831084 1.6346179864278658e-22
381.1897140114011 1.6342639221243115e-22
381.28834491449146 1.6339100126955087e-22
381.38697581758174 1.6335562580381278e-22
381.4856067206721 1.6332026580489352e-22
381.58423762376236 1.6328492126247916e-22
381.6828685268527 1.6324959216626496e-22
381.781499429943 1.6321427850595581e-22
381.8801303330333 1.6317898027126575e-22
381.9787612361236 1.6314369745191838e-22
382.07739213921394 1.6310843003764657e-22
382.1760230423042 1.6307317801819243e-22
382.27465394539456 1.6303794138330765e-22
382.37328484848484 1.6300272012275301e-22
382.4719157515752 1.6296751422629867e-22
382.57054665466546 1.6293232368372418e-22
382.6691775577558 1.6289714848481825e-22
382.7678084608461 1.6286198861937891e-22
382.8664393639364 1.6282684407721352e-22
382.9650702670267 1.6279171484813866e-22
383.06370117011704 1.6275660092198005e-22
383.1623320732073 1.6272150228857282e-22
383.2609629762976 1.6268641893776125e-22
383.35959387938794 1.626513508593987e-22
383.4582247824782 1.62616298043348e-22
383.55685568556856 1.6258126047948088e-22
383.65548658865885 1.6254623815767858e-22
383.7541174917492 1.6251123106783113e-22
383.85274839483947 1.6247623919983805e-22
383.9513792979298 1.6244126254360776e-22
384.0500102010201 1.6240630108905806e-22
384.1486411041104 1.6237135482611557e-22
384.2472720072007 1.623364237447164e-22
384.34590291029104 1.6230150783480544e-22
384.4445338133813 1.6226660708633688e-22
384.54316471647167 1.6223172148927379e-22
384.64179561956195 1.6219685103358857e-22
384.7404265226523 1.6216199570926248e-22
384.83905742574257 1.6212715550628596e-22
384.9376883288329 1.6209233041465838e-22
385.0363192319232 1.6205752042438827e-22
385.1349501350135 1.6202272552549303e-22
385.2335810381038 1.6198794570799914e-22
385.33221194119415 1.6195318096194224e-22
385.4308428442844 1.6191843127736659e-22
385.52947374737477 1.6188369664432585e-22
385.62810465046505 1.6184897705288233e-22
385.7267355535554 1.618142724931075e-22
385.82536645664567 1.6177958295508163e-22
385.92399735973595 1.6174490842889399e-22
386.0226282628263 1.6171024890464274e-22
386.12125916591657 1.6167560437243516e-22
386.2198900690069 1.6164097482238708e-22
386.3185209720972 1.6160636024462357e-22
386.4171518751875 1.6157176062927826e-22
386.5157827782778 1.6153717596649397e-22
386.61441368136815 1.6150260624642227e-22
386.71304458445843 1.6146805145922338e-22
386.81167548754877 1.6143351159506673e-22
386.91030639063905 1.6139898664413027e-22
387.0089372937294 1.6136447659660097e-22
387.10756819681967 1.613299814426745e-22
387.20619909991 1.6129550117255539e-22
387.3048300030003 1.61261035776457e-22
387.40346090609063 1.6122658524460137e-22
387.5020918091809 1.6119214956721938e-22
387.60072271227125 1.6115772873455065e-22
387.69935361536153 1.611233227368436e-22
387.79798451845187 1.6108893156435528e-22
387.89661542154215 1.6105455520735168e-22
387.9952463246325 1.6102019365610728e-22
388.09387722772277 1.6098584690090532e-22
388.1925081308131 1.6095151493203792e-22
388.2911390339034 1.6091719773980576e-22
388.38976993699373 1.6088289531451807e-22
388.488400840084 1.6084860764649307e-22
388.5870317431743 1.6081433472605735e-22
388.68566264626463 1.6078007654354625e-22
388.7842935493549 1.6074583308930387e-22
388.88292445244525 1.607116043536828e-22
388.98155535553553 1.606773903270443e-22
389.0801862586259 1.6064319099975818e-22
389.17881716171615 1.6060900636220294e-22
389.2774480648065 1.6057483640476568e-22
389.3760789678968 1.60540681117842e-22
389.4747098709871 1.6050654049183615e-22
389.5733407740774 1.6047241451716088e-22
389.67197167716773 1.6043830318423752e-22
389.770602580258 1.6040420648349604e-22
389.86923348334835 1.603701244053747e-22
389.96786438643863 1.6033605694032058e-22
390.066495289529 1.6030200407878896e-22
390.16512619261925 1.60267965811244e-22
390.2637570957096 1.6023394212815793e-22
390.3623879987999 1.601999330200119e-22
390.4610189018902 1.6016593847729507e-22
390.5596498049805 1.6013195849050552e-22
390.65828070807083 1.6009799305014953e-22
390.7569116111611 1.6006404214674182e-22
390.85554251425145 1.600301057708056e-22
390.95417341734174 1.599961839128726e-22
391.0528043204321 1.5996227656348277e-22
391.15143522352236 1.5992838371318464e-22
391.25006612661264 1.598945053525349e-22
391.348697029703 1.5986064147209907e-22
391.44732793279326 1.598267920624506e-22
391.5459588358836 1.5979295711417152e-22
391.6445897389739 1.5975913661785213e-22
391.7432206420642 1.5972533056409114e-22
391.8418515451545 1.5969153894349577e-22
391.94048244824484 1.5965776174668115e-22
392.0391133513351 1.5962399896427112e-22
392.13774425442546 1.595902505868976e-22
392.23637515751574 1.5955651660520104e-22
392.3350060606061 1.5952279700982984e-22
392.43363696369636 1.5948909179144104e-22
392.5322678667867 1.594554009406997e-22
392.630898769877 1.5942172444827936e-22
392.7295296729673 1.5938806230486147e-22
392.8281605760576 1.5935441450113622e-22
392.92679147914794 1.593207810278016e-22
393.0254223822382 1.5928716187556405e-22
393.12405328532856 1.5925355703513817e-22
393.22268418841884 1.5921996649724675e-22
393.3213150915092 1.5918639025262086e-22
393.41994599459946 1.591528282919996e-22
393.5185768976898 1.5911928060613042e-22
393.6172078007801 1.5908574718576887e-22
393.7158387038704 1.5905222802167865e-22
393.8144696069607 1.5901872310463154e-22
393.913100510051 1.589852324254077e-22
394.0117314131413 1.589517559747951e-22
394.1103623162316 1.5891829374359018e-22
394.20899321932194 1.5888484572259715e-22
394.3076241224122 1.5885141190262866e-22
394.40625502550256 1.588179922745051e-22
394.50488592859284 1.5878458682905535e-22
394.6035168316832 1.5875119555711597e-22
394.70214773477346 1.5871781844953188e-22
394.8007786378638 1.5868445549715593e-22
394.8994095409541 1.5865110669084906e-22
394.9980404440444 1.5861777202148026e-22
395.0966713471347 1.5858445147992652e-22
395.19530225022504 1.5855114505707275e-22
395.2939331533153 1.5851785274381224e-22
395.39256405640566 1.5848457453104577e-22
395.49119495949594 1.584513104096826e-22
395.5898258625863 1.584180603706396e-22
395.68845676567656 1.5838482440484189e-22
395.7870876687669 1.5835160250322237e-22
395.8857185718572 1.5831839465672204e-22
395.9843494749475 1.582852008562898e-22
396.0829803780378 1.5825202109288243e-22
396.18161128112814 1.5821885535746468e-22
396.2802421842184 1.5818570364100933e-22
396.37887308730876 1.5815256593449687e-22
396.47750399039904 1.5811944222891593e-22
396.5761348934893 1.5808633251526283e-22
396.67476579657966 1.5805323678454195e-22
396.77339669966995 1.5802015502776536e-22
396.8720276027603 1.5798708723595326e-22
396.97065850585057 1.5795403340013346e-22
397.0692894089409 1.5792099351134175e-22
397.1679203120312 1.5788796756062175e-22
397.2665512151215 1.5785495553902485e-22
397.3651821182118 1.5782195743761041e-22
397.46381302130214 1.5778897324744545e-22
397.5624439243924 1.5775600295960494e-22
397.66107482748276 1.5772304656517157e-22
397.75970573057305 1.5769010405523582e-22
397.8583366336634 1.5765717542089591e-22
397.95696753675367 1.5762426065325796e-22
398.055598439844 1.5759135974343575e-22
398.1542293429343 1.575584726825509e-22
398.2528602460246 1.5752559946173265e-22
398.3514911491149 1.5749274007211817e-22
398.45012205220524 1.5745989450485215e-22
398.5487529552955 1.574270627510872e-22
398.64738385838587 1.5739424480198343e-22
398.74601476147615 1.573614406487089e-22
398.8446456645665 1.573286502824391e-22
398.94327656765677 1.5729587369435746e-22
399.0419074707471 1.572631108756549e-22
399.1405383738374 1.5723036181753014e-22
399.23916927692767 1.571976265111895e-22
399.337800180018 1.5716490494784695e-22
399.4364310831083 1.5713219711872408e-22
399.5350619861986 1.5709950301505018e-22
399.6336928892889 1.570668226280621e-22
399.73232379237925 1.5703415594900442e-22
399.83095469546953 1.5700150296912922e-22
399.92958559855987 1.569688636796962e-22
400.02821650165015 1.5693623807197266e-22
400.1268474047405 1.569036261372336e-22
400.22547830783077 1.5687102786676135e-22
400.3241092109211 1.5683844325184605e-22
400.4227401140114 1.5680587228378526e-22
400.5213710171017 1.5677331495388415e-22
400.620001920192 1.5674077125345544e-22
400.71863282328235 1.567082411738193e-22
400.81726372637263 1.5667572470630348e-22
400.91589462946297 1.5664322184224333e-22
401.01452553255325 1.566107325729816e-22
401.1131564356436 1.5657825688986847e-22
401.21178733873387 1.5654579478426188e-22
401.3104182418242 1.56513346247527e-22
401.4090491449145 1.564809112710366e-22
401.50768004800483 1.5644848984617085e-22
401.6063109510951 1.5641608196431745e-22
401.70494185418545 1.563836876168715e-22
401.80357275727573 1.5635130679523552e-22
401.902203660366 1.5631893949081952e-22
402.00083456345635 1.5628658569504092e-22
402.09946546654663 1.5625424539932458e-22
402.19809636963697 1.5622191859510273e-22
402.29672727272725 1.5618960527381498e-22
402.3953581758176 1.561573054269084e-22
402.4939890789079 1.5612501904583739e-22
402.5926199819982 1.5609274612206378e-22
402.6912508850885 1.560604866470567e-22
402.78988178817883 1.5602824061229272e-22
402.8885126912691 1.5599600800925571e-22
402.98714359435945 1.5596378882943684e-22
403.08577449744973 1.559315830643348e-22
403.1844054005401 1.5589939070545531e-22
403.28303630363035 1.5586721174431176e-22
403.3816672067207 1.5583504617242456e-22
403.480298109811 1.558028939813215e-22
403.5789290129013 1.5577075516253774e-22
403.6775599159916 1.5573862970761576e-22
403.77619081908193 1.557065176081051e-22
403.8748217221722 1.556744188555629e-22
403.97345262526255 1.556423334415532e-22
404.07208352835283 1.556102613576476e-22
404.1707144314432 1.5557820259542477e-22
404.26934533453345 1.555461571464707e-22
404.3679762376238 1.5551412500237856e-22
404.4666071407141 1.5548210615474875e-22
404.56523804380436 1.554501005951889e-22
404.6638689468947 1.554181083153139e-22
404.762499849985 1.5538612930674578e-22
404.8611307530753 1.553541635611137e-22
404.9597616561656 1.5532221107005417e-22
405.05839255925594 1.552902718252107e-22
405.1570234623462 1.5525834581823408e-22
405.25565436543656 1.5522643304078228e-22
405.35428526852684 1.5519453348452028e-22
405.4529161716172 1.5516264714112034e-22
405.55154707470746 1.551307740022618e-22
405.6501779777978 1.5509891405963107e-22
405.7488088808881 1.5506706730492186e-22
405.8474397839784 1.5503523372983483e-22
405.9460706870687 1.550034133260778e-22
406.04470159015904 1.549716060853657e-22
406.1433324932493 1.549398119994205e-22
406.24196339633966 1.5490803105997126e-22
406.34059429942994 1.548762632587542e-22
406.4392252025203 1.5484450858751248e-22
406.53785610561056 1.5481276703799644e-22
406.6364870087009 1.5478103860196337e-22
406.7351179117912 1.5474932327117771e-22
406.8337488148815 1.5471762103741072e-22
406.9323797179718 1.5468593189244097e-22
407.03101062106214 1.546542558280539e-22
407.1296415241524 1.5462259283604197e-22
407.2282724272427 1.5459094290820458e-22
407.32690333033304 1.545593060363483e-22
407.4255342334233 1.545276822122865e-22
407.52416513651366 1.5449607142783967e-22
407.62279603960394 1.544644736748352e-22
407.7214269426943 1.544328889451075e-22
407.82005784578456 1.5440131723049787e-22
407.9186887488749 1.5436975852285459e-22
408.0173196519652 1.543382128140329e-22
408.1159505550555 1.5430668009589503e-22
408.2145814581458 1.5427516036030992e-22
408.31321236123614 1.542436535991537e-22
408.4118432643264 1.5421215980430933e-22
408.51047416741676 1.5418067896766655e-22
408.60910507050704 1.541492110811221e-22
408.7077359735974 1.5411775613657967e-22
408.80636687668766 1.5408631412594968e-22
408.904997779778 1.5405488504114956e-22
409.0036286828683 1.5402346887410348e-22
409.1022595859586 1.5399206561674258e-22
409.2008904890489 1.5396067526100494e-22
409.29952139213924 1.5392929779883519e-22
409.3981522952295 1.5389793322218504e-22
409.49678319831986 1.53866581523013e-22
409.59541410141014 1.5383524269328425e-22
409.6940450045005 1.5380391672497103e-22
409.79267590759076 1.5377260361005222e-22
409.89130681068104 1.5374130334051344e-22
409.9899377137714 1.5371001590834729e-22
410.08856861686166 1.536787413055531e-22
410.187199519952 1.5364747952413686e-22
410.2858304230423 1.5361623055611146e-22
410.3844613261326 1.5358499439349649e-22
410.4830922292229 1.5355377102831839e-22
410.58172313231324 1.5352256045261014e-22
410.6803540354035 1.5349136265841172e-22
410.77898493849386 1.5346017763776963e-22
410.87761584158415 1.534290053827373e-22
410.9762467446745 1.5339784588537462e-22
411.07487764776477 1.5336669913774848e-22
411.1735085508551 1.5333556513193221e-22
411.2721394539454 1.5330444386000613e-22
411.3707703570357 1.5327333531405697e-22
411.469401260126 1.5324223948617823e-22
411.56803216321634 1.5321115636847016e-22
411.6666630663066 1.5318008595303967e-22
411.76529396939696 1.531490282320003e-22
411.86392487248725 1.5311798319747214e-22
411.9625557755776 1.5308695084158208e-22
412.06118667866787 1.5305593115646366e-22
412.1598175817582 1.530249241342569e-22
412.2584484848485 1.5299392976710864e-22
412.3570793879388 1.5296294804717208e-22
412.4557102910291 1.5293197896660736e-22
412.5543411941194 1.5290102251758094e-22
412.6529720972097 1.5287007869226601e-22
412.7516030003 1.5283914748284234e-22
412.85023390339035 1.528082288814962e-22
412.94886480648063 1.5277732288042064e-22
413.04749570957097 1.5274642947181507e-22
413.14612661266125 1.5271554864788561e-22
413.2447575157516 1.526846804008448e-22
413.34338841884187 1.5265382472291172e-22
413.4420193219322 1.5262298160631212e-22
413.5406502250225 1.5259215104327832e-22
413.6392811281128 1.5256133302604899e-22
413.7379120312031 1.5253052754686936e-22
413.83654293429345 1.5249973459799122e-22
413.93517383738373 1.52468954171673e-22
414.03380474047407 1.524381862601793e-22
414.13243564356435 1.524074308557815e-22
414.2310665466547 1.5237668795075734e-22
414.32969744974497 1.5234595753739104e-22
414.4283283528353 1.5231523960797335e-22
414.5269592559256 1.5228453415480144e-22
414.6255901590159 1.5225384117017888e-22
414.7242210621062 1.5222316064641588e-22
414.82285196519655 1.521924925758288e-22
414.92148286828683 1.5216183695074066e-22
415.02011377137717 1.5213119376348092e-22
415.11874467446745 1.5210056300638534e-22
415.21737557755773 1.520699446717961e-22
415.31600648064807 1.520393387520619e-22
415.41463738373835 1.520087452395377e-22
415.5132682868287 1.5197816412658503e-22
415.611899189919 1.519475954055716e-22
415.7105300930093 1.5191703906887168e-22
415.8091609960996 1.518864951088658e-22
415.90779189918993 1.5185596351794099e-22
416.0064228022802 1.5182544428849043e-22
416.10505370537055 1.5179493741291376e-22
416.20368460846083 1.5176444288361707e-22
416.30231551155117 1.5173396069301274e-22
416.40094641464145 1.5170349083351928e-22
416.4995773177318 1.5167303329756177e-22
416.5982082208221 1.516425880775716e-22
416.6968391239124 1.516121551659863e-22
416.7954700270027 1.5158173455524984e-22
416.89410093009303 1.5155132623781245e-22
416.9927318331833 1.5152093020613064e-22
417.09136273627365 1.5149054645266726e-22
417.18999363936393 1.514601749698914e-22
417.2886245424543 1.5142981575027846e-22
417.38725544554455 1.5139946878631e-22
417.4858863486349 1.5136913407047393e-22
417.5845172517252 1.5133881159526442e-22
417.6831481548155 1.5130850135318186e-22
417.7817790579058 1.5127820333673282e-22
417.8804099609961 1.5124791753843023e-22
417.9790408640864 1.512176439507932e-22
418.0776717671767 1.5118738256634693e-22
418.17630267026703 1.5115713337762295e-22
418.2749335733573 1.5112689637715919e-22
418.37356447644765 1.5109667155749928e-22
418.47219537953794 1.5106645891119356e-22
418.5708262826283 1.5103625843079818e-22
418.66945718571856 1.5100607010887568e-22
418.7680880888089 1.509758939379948e-22
418.8667189918992 1.509457299107302e-22
418.9653498949895 1.5091557801966302e-22
419.0639807980798 1.5088543825738027e-22
419.16261170117014 1.508553106164753e-22
419.2612426042604 1.508251950895476e-22
419.35987350735076 1.507950916692025e-22
419.45850441044104 1.5076500034805196e-22
419.5571353135314 1.5073492111871357e-22
419.65576621662166 1.5070485397381138e-22
419.754397119712 1.506747989059753e-22
419.8530280228023 1.5064475590784162e-22
419.9516589258926 1.5061472497205245e-22
420.0502898289829 1.505847060912561e-22
420.14892073207324 1.5055469925810699e-22
420.2475516351635 1.5052470446526556e-22
420.34618253825386 1.504947217053984e-22
420.44481344134414 1.5046475097117814e-22
420.5434443444344 1.5043479225528332e-22
420.64207524752476 1.504048455503987e-22
420.74070615061504 1.5037491084921506e-22
420.8393370537054 1.5034498814442915e-22
420.93796795679566 1.5031507742874375e-22
421.036598859886 1.5028517869486782e-22
421.1352297629763 1.5025529193551615e-22
421.2338606660666 1.502254171434096e-22
421.3324915691569 1.5019555431127506e-22
421.43112247224724 1.501657034318454e-22
421.5297533753375 1.5013586449785949e-22
421.62838427842786 1.501060375020622e-22
421.72701518151814 1.5007622243720431e-22
421.8256460846085 1.5004641929604273e-22
421.92427698769876 1.5001662807134013e-22
422.0229078907891 1.4998684875586534e-22
422.1215387938794 1.49957081342393e-22
422.2201696969697 1.4992732582370376e-22
422.31880060006 1.4989758219258414e-22
422.41743150315034 1.4986785044182674e-22
422.5160624062406 1.4983813056422999e-22
422.61469330933096 1.498084225525982e-22
422.71332421242124 1.497787263997418e-22
422.8119551155116 1.4974904209847685e-22
422.91058601860186 1.4971936964162548e-22
423.0092169216922 1.496897090220157e-22
423.1078478247825 1.4966006023248146e-22
423.20647872787276 1.496304232658624e-22
423.3051096309631 1.4960079811500438e-22
423.4037405340534 1.4957118477275875e-22
423.5023714371437 1.49541583231983e-22
423.601002340234 1.495119934855404e-22
423.69963324332434 1.4948241552630008e-22
423.7982641464146 1.4945284934713697e-22
423.89689504950496 1.4942329494093184e-22
423.99552595259524 1.493937523005714e-22
424.0941568556856 1.4936422141894817e-22
424.19278775877586 1.4933470228896032e-22
424.2914186618662 1.4930519490351208e-22
424.3900495649565 1.4927569925551335e-22
424.4886804680468 1.492462153378799e-22
424.5873113711371 1.4921674314353317e-22
424.68594227422744 1.491872826654006e-22
424.7845731773177 1.491578338964153e-22
424.88320408040806 1.4912839682951607e-22
424.98183498349835 1.4909897145764773e-22
425.0804658865887 1.4906955777376067e-22
425.17909678967897 1.4904015577081108e-22
425.2777276927693 1.4901076544176094e-22
425.3763585958596 1.4898138677957801e-22
425.4749894989499 1.4895201977723577e-22
425.5736204020402 1.4892266442771335e-22
425.67225130513054 1.4889332072399576e-22
425.7708822082208 1.4886398865907371e-22
425.8695131113111 1.4883466822594345e-22
425.96814401440145 1.488053594176072e-22
426.0667749174917 1.4877606222707278e-22
426.16540582058207 1.4874677664735362e-22
426.26403672367235 1.4871750267146906e-22
426.3626676267627 1.4868824029244398e-22
426.46129852985297 1.4865898950330894e-22
426.5599294329433 1.486297502971002e-22
426.6585603360336 1.4860052266685977e-22
426.7571912391239 1.4857130660563525e-22
426.8558221422142 1.4854210210647998e-22
426.95445304530455 1.485129091624528e-22
427.05308394839483 1.4848372776661834e-22
427.15171485148517 1.4845455791204684e-22
427.25034575457545 1.4842539959181423e-22
427.3489766576658 1.4839625279900185e-22
427.44760756075607 1.483671175266971e-22
427.5462384638464 1.483379937679925e-22
427.6448693669367 1.4830888151598656e-22
427.743500270027 1.482797807637832e-22
427.8421311731173 1.48250691504492e-22
427.94076207620765 1.4822161373122818e-22
428.03939297929793 1.481925474371125e-22
428.13802388238827 1.4816349261527132e-22
428.23665478547855 1.481344492588366e-22
428.3352856885689 1.4810541736094585e-22
428.43391659165917 1.4807639691474215e-22
428.53254749474945 1.4804738791337416e-22
428.6311783978398 1.4801839034999606e-22
428.72980930093007 1.479894042177676e-22
428.8284402040204 1.4796042950985415e-22
428.9270711071107 1.4793146621942648e-22
429.02570201020103 1.4790251433966098e-22
429.1243329132913 1.4787357386373967e-22
429.22296381638165 1.4784464478484983e-22
429.32159471947193 1.478157270961845e-22
429.42022562256227 1.4778682079094212e-22
429.51885652565255 1.4775792586232664e-22
429.6174874287429 1.4772904230354755e-22
429.7161183318332 1.4770017010781986e-22
429.8147492349235 1.4767130926836385e-22
429.9133801380138 1.4764245977840555e-22
430.01201104110413 1.4761362163117646e-22
430.1106419441944 1.4758479481991331e-22
430.20927284728475 1.4755597933785856e-22
430.30790375037503 1.4752717517826002e-22
430.40653465346537 1.4749838233437085e-22
430.50516555655565 1.4746960079944984e-22
430.603796459646 1.4744083056676112e-22
430.7024273627363 1.4741207162957434e-22
430.8010582658266 1.4738332398116443e-22
430.8996891689169 1.4735458761481193e-22
430.99832007200723 1.473258625238026e-22
431.0969509750975 1.4729714870142787e-22
431.1955818781878 1.4726844614098436e-22
431.29421278127813 1.4723975483577417e-22
431.3928436843684 1.4721107477910487e-22
431.49147458745875 1.4718240596428928e-22
431.59010549054904 1.4715374838464572e-22
431.6887363936394 1.4712510203349785e-22
431.78736729672966 1.470964669041747e-22
431.88599819982 1.4706784299001069e-22
431.9846291029103 1.4703923028434555e-22
432.0832600060006 1.4701062878052456e-22
432.1818909090909 1.4698203847189814e-22
432.28052181218123 1.4695345935182205e-22
432.3791527152715 1.469248914136576e-22
432.47778361836185 1.4689633465077126e-22
432.57641452145214 1.468677890565349e-22
432.6750454245425 1.4683925462432567e-22
432.77367632763276 1.468107313475261e-22
432.8723072307231 1.4678221921952401e-22
432.9709381338134 1.4675371823371253e-22
433.0695690369037 1.4672522838349012e-22
433.168199939994 1.4669674966226048e-22
433.26683084308434 1.4666828206343268e-22
433.3654617461746 1.4663982558042103e-22
433.46409264926496 1.466113802066451e-22
433.56272355235524 1.465829459355298e-22
433.6613544554456 1.4655452276050534e-22
433.75998535853586 1.4652611067500704e-22
433.85861626162614 1.4649770967247566e-22
433.9572471647165 1.4646931974635712e-22
434.05587806780676 1.4644094089010262e-22
434.1545089708971 1.4641257309716855e-22
434.2531398739874 1.4638421636101663e-22
434.3517707770777 1.4635587067511374e-22
434.450401680168 1.4632753603293213e-22
434.54903258325834 1.4629921242794903e-22
434.6476634863486 1.4627089985364707e-22
434.74629438943896 1.4624259830351415e-22
434.84492529252924 1.4621430777104315e-22
434.9435561956196 1.4618602824973227e-22
435.04218709870986 1.4615775973308504e-22
435.1408180018002 1.4612950221460995e-22
435.2394489048905 1.4610125568782088e-22
435.3380798079808 1.4607302014623672e-22
435.4367107110711 1.460447955833817e-22
435.53534161416144 1.4601658199278504e-22
435.6339725172517 1.4598837936798128e-22
435.73260342034206 1.459601877025101e-22
435.83123432343234 1.4593200698991628e-22
435.9298652265227 1.4590383722374964e-22
436.02849612961296 1.4587567839756552e-22
436.1271270327033 1.4584753050492392e-22
436.2257579357936 1.4581939353939033e-22
436.3243888388839 1.4579126749453526e-22
436.4230197419742 1.457631523639343e-22
436.5216506450645 1.4573504814116826e-22
436.6202815481548 1.457069548198228e-22
436.7189124512451 1.4567887239348913e-22
436.81754335433544 1.4565080085576308e-22
436.9161742574257 1.4562274020024603e-22
437.01480516051606 1.4559469042054412e-22
437.11343606360634 1.4556665151026871e-22
437.2120669666967 1.4553862346303626e-22
437.31069786978696 1.4551060627246822e-22
437.4093287728773 1.454825999321912e-22
437.5079596759676 1.4545460443583685e-22
437.6065905790579 1.4542661977704187e-22
437.7052214821482 1.4539864594944803e-22
437.80385238523854 1.4537068294670212e-22
437.9024832883288 1.4534273076245603e-22
438.00111419141916 1.4531478939036663e-22
438.09974509450944 1.4528685882409591e-22
438.1983759975998 1.4525893905731077e-22
438.29700690069006 1.4523103008368329e-22
438.3956378037804 1.4520313189689044e-22
438.4942687068707 1.4517524449061421e-22
438.592899609961 1.451473678585417e-22
438.6915305130513 1.4511950199436499e-22
438.79016141614164 1.4509164689178103e-22
438.8887923192319 1.4506380254449195e-22
438.98742322232226 1.4503596894620468e-22
439.08605412541255 1.4500814609063142e-22
439.1846850285028 1.4498033397148904e-22
439.28331593159317 1.4495253258249955e-22
439.38194683468345 1.4492474191738986e-22
439.4805777377738 1.4489696196989195e-22
439.57920864086407 1.4486919273374265e-22
439.6778395439544 1.448414342026838e-22
439.7764704470447 1.4481368637046217e-22
439.875101350135 1.447859492308295e-22
439.9737322532253 1.4475822277754246e-22
440.07236315631565 1.447305070043626e-22
440.1709940594059 1.447028019050565e-22
440.26962496249627 1.4467510747339565e-22
440.36825586558655 1.4464742370315636e-22
440.4668867686769 1.4461975058811993e-22
440.56551767176717 1.4459208812207255e-22
440.6641485748575 1.4456443629880538e-22
440.7627794779478 1.4453679511211442e-22
440.8614103810381 1.4450916455580053e-22
440.9600412841284 1.4448154462366952e-22
441.05867218721875 1.4445393530953208e-22
441.15730309030903 1.444263366072038e-22
441.25593399339937 1.4439874851050506e-22
441.35456489648965 1.4437117101326125e-22
441.45319579958 1.4434360410930242e-22
441.55182670267027 1.4431604779246372e-22
441.6504576057606 1.4428850205658502e-22
441.7490885088509 1.4426096689551107e-22
441.84771941194117 1.442334423030914e-22
441.9463503150315 1.442059282731805e-22
442.0449812181218 1.4417842479963753e-22
442.14361212121213 1.4415093187632682e-22
442.2422430243024 1.4412344949711705e-22
442.34087392739275 1.4409597765588217e-22
442.43950483048303 1.4406851634650069e-22
442.53813573357337 1.4404106556285586e-22
442.63676663666365 1.4401362529883606e-22
442.735397539754 1.4398619554833416e-22
442.83402844284427 1.4395877630524798e-22
442.9326593459346 1.439313675634801e-22
443.0312902490249 1.4390396931693796e-22
443.12992115211523 1.4387658155953366e-22
443.2285520552055 1.438492042851842e-22
443.32718295829585 1.4382183748781108e-22
443.42581386138613 1.4379448116134101e-22
443.52444476447647 1.437671352997052e-22
443.62307566756675 1.4373979989683958e-22
443.7217065706571 1.4371247494668485e-22
443.8203374737474 1.4368516044318677e-22
443.9189683768377 1.4365785638029538e-22
444.017599279928 1.436305627519657e-22
444.11623018301833 1.4360327955215753e-22
444.2148610861086 1.4357600677483529e-22
444.31349198919895 1.4354874441396813e-22
444.41212289228923 1.4352149246353013e-22
444.5107537953795 1.4349425091749976e-22
444.60938469846985 1.434670197698604e-22
444.70801560156013 1.4343979901460012e-22
444.8066465046505 1.4341258864571165e-22
444.90527740774075 1.433853886571925e-22
445.0039083108311 1.4335819904304472e-22
445.1025392139214 1.4333101979727523e-22
445.2011701170117 1.4330385091389554e-22
445.299801020102 1.432766923869218e-22
445.39843192319233 1.4324954421037491e-22
445.4970628262826 1.4322240637828052e-22
445.59569372937295 1.4319527888466865e-22
445.69432463246324 1.431681617235743e-22
445.7929555355536 1.4314105488903695e-22
445.89158643864386 1.4311395837510079e-22
445.9902173417342 1.4308687217581468e-22
446.0888482448245 1.4305979628523207e-22
446.1874791479148 1.4303273069741108e-22
446.2861100510051 1.430056754064144e-22
446.38474095409543 1.4297863040630947e-22
446.4833718571857 1.4295159569116825e-22
446.58200276027605 1.4292457125506734e-22
446.68063366336634 1.4289755709208802e-22
446.7792645664567 1.428705531963161e-22
446.87789546954696 1.4284355956184207e-22
446.9765263726373 1.4281657618276084e-22
447.0751572757276 1.4278960305317224e-22
447.17378817881786 1.4276264016718039e-22
447.2724190819082 1.4273568751889412e-22
447.3710499849985 1.427087451024269e-22
447.4696808880888 1.4268181291189663e-22
447.5683117911791 1.4265489094142593e-22
447.66694269426944 1.4262797918514195e-22
447.7655735973597 1.4260107763717634e-22
447.86420450045006 1.4257418629166533e-22
447.96283540354034 1.4254730514274976e-22
448.0614663066307 1.4252043418457501e-22
448.16009720972096 1.4249357341129103e-22
448.2587281128113 1.4246672281705217e-22
448.3573590159016 1.4243988239601746e-22
448.4559899189919 1.4241305214235036e-22
448.5546208220822 1.4238623205021912e-22
448.65325172517254 1.4235942211379608e-22
448.7518826282628 1.4233262232725848e-22
448.85051353135316 1.4230583268478785e-22
448.94914443444344 1.4227905318057043e-22
449.0477753375338 1.4225228380879672e-22
449.14640624062406 1.4222552456366187e-22
449.2450371437144 1.4219877543936557e-22
449.3436680468047 1.4217203643011192e-22
449.442298949895 1.4214530753010948e-22
449.5409298529853 1.421185887335714e-22
449.63956075607564 1.4209188003471525e-22
449.7381916591659 1.4206518142776315e-22
449.8368225622562 1.420384929069414e-22
449.93545346534654 1.420118144664812e-22
450.0340843684368 1.4198514610061791e-22
450.13271527152716 1.4195848780359142e-22
450.23134617461744 1.4193183956964615e-22
450.3299770777078 1.4190520139303092e-22
450.42860798079806 1.4187857326799886e-22
450.5272388838884 1.418519551888078e-22
450.6258697869787 1.4182534714971984e-22
450.724500690069 1.4179874914500155e-22
450.8231315931593 1.4177216116892385e-22
450.92176249624964 1.4174558321576217e-22
451.0203933993399 1.4171901527979644e-22
451.11902430243026 1.4169245735531082e-22
451.21765520552054 1.41665909436594e-22
451.3162861086109 1.4163937151793895e-22
451.41491701170116 1.4161284359364328e-22
451.5135479147915 1.4158632565800875e-22
451.6121788178818 1.4155981770534164e-22
451.7108097209721 1.4153331972995254e-22
451.8094406240624 1.4150683172615654e-22
451.90807152715274 1.4148035368827303e-22
452.006702430243 1.414538856106258e-22
452.10533333333336 1.4142742748754296e-22
452.20396423642364 1.4140097931335707e-22
452.302595139514 1.4137454108240492e-22
452.40122604260426 1.4134811278902785e-22
452.49985694569455 1.4132169442757141e-22
452.5984878487849 1.4129528599238556e-22
452.69711875187517 1.4126888747782455e-22
452.7957496549655 1.4124249887824699e-22
452.8943805580558 1.4121612018801586e-22
452.9930114611461 1.4118975140149855e-22
453.0916423642364 1.4116339251306655e-22
453.19027326732675 1.4113704351709588e-22
453.288904170417 1.4111070440796678e-22
453.38753507350737 1.4108437518006385e-22
453.48616597659765 1.4105805582777598e-22
453.584796879688 1.410317463454964e-22
453.68342778277827 1.4100544672762257e-22
453.7820586858686 1.4097915696855628e-22
453.8806895889589 1.4095287706270373e-22
453.9793204920492 1.4092660700447518e-22
454.0779513951395 1.4090034678828538e-22
454.17658229822985 1.4087409640855332e-22
454.2752132013201 1.4084785585970214e-22
454.37384410441047 1.4082162513615937e-22
454.47247500750075 1.4079540423235691e-22
454.5711059105911 1.407691931427307e-22
454.66973681368137 1.4074299186172102e-22
454.7683677167717 1.4071680038377248e-22
454.866998619862 1.406906187033339e-22
454.9656295229523 1.406644468148583e-22
455.0642604260426 1.4063828471280302e-22
455.1628913291329 1.4061213239162965e-22
455.26152223222323 1.4058598984580391e-22
455.3601531353135 1.4055985706979582e-22
455.45878403840385 1.4053373405807963e-22
455.55741494149413 1.4050762080513386e-22
455.65604584458447 1.4048151730544119e-22
455.75467674767475 1.4045542355348846e-22
455.8533076507651 1.4042933954376681e-22
455.95193855385537 1.4040326527077158e-22
456.0505694569457 1.403772007290023e-22
456.149200360036 1.403511459129628e-22
456.24783126312633 1.4032510081716075e-22
456.3464621662166 1.4029906543610846e-22
456.44509306930695 1.4027303976432216e-22
456.54372397239723 1.4024702379632238e-22
456.64235487548757 1.4022101752663375e-22
456.74098577857785 1.4019502094978513e-22
456.8396166816682 1.4016903406030946e-22
456.93824758475847 1.4014305685274403e-22
457.0368784878488 1.4011708932163012e-22
457.1355093909391 1.4009113146151311e-22
457.23414029402943 1.4006518326694285e-22
457.3327711971197 1.4003924473247308e-22
457.43140210021005 1.4001331585266166e-22
457.53003300330033 1.3998739662207076e-22
457.62866390639067 1.3996148703526662e-22
457.72729480948095 1.3993558708681956e-22
457.82592571257123 1.3990969677130416e-22
457.9245566156616 1.3988381608329888e-22
458.02318751875185 1.398579450173866e-22
458.1218184218422 1.3983208356815412e-22
458.2204493249325 1.3980623173019252e-22
458.3190802280228 1.3978038949809672e-22
458.4177111311131 1.397545568664661e-22
458.51634203420343 1.397287338299038e-22
458.6149729372937 1.397029203830173e-22
458.71360384038405 1.3967711652041802e-22
458.81223474347433 1.3965132223672165e-22
458.9108656465647 1.396255375265478e-22
459.00949654965495 1.395997623845202e-22
459.1081274527453 1.3957399680526675e-22
459.2067583558356 1.395482407834193e-22
459.3053892589259 1.395224943136138e-22
459.4040201620162 1.3949675739049039e-22
459.50265106510653 1.3947103000869306e-22
459.6012819681968 1.394453121628701e-22
459.69991287128715 1.3941960384767362e-22
459.79854377437744 1.3939390505775996e-22
459.8971746774678 1.393682157877895e-22
459.99580558055806 1.393425360324264e-22
460.0944364836484 1.3931686578633932e-22
460.1930673867387 1.3929120504420049e-22
460.291698289829 1.3926555380068654e-22
460.3903291929193 1.3923991205047782e-22
460.4889600960096 1.3921427978825905e-22
460.5875909990999 1.3918865700871857e-22
460.6862219021902 1.391630437065491e-22
460.78485280528054 1.391374398764471e-22
460.8834837083708 1.3911184551311323e-22
460.98211461146116 1.3908626061125204e-22
461.08074551455144 1.3906068516557213e-22
461.1793764176418 1.3903511917078605e-22
461.27800732073206 1.390095626216105e-22
461.3766382238224 1.3898401551276592e-22
461.4752691269127 1.3895847783897697e-22
461.573900030003 1.3893294959497205e-22
461.6725309330933 1.3890743077548378e-22
461.77116183618364 1.3888192137524867e-22
461.8697927392739 1.388564213890072e-22
461.96842364236426 1.3883093081150362e-22
462.06705454545454 1.3880544963748652e-22
462.1656854485449 1.3877997786170805e-22
462.26431635163516 1.387545154789247e-22
462.3629472547255 1.3872906248389665e-22
462.4615781578158 1.3870361887138816e-22
462.5602090609061 1.3867818463616726e-22
462.6588399639964 1.3865275977300608e-22
462.75747086708674 1.386273442766807e-22
462.856101770177 1.3860193814197105e-22
462.95473267326736 1.3857654136366095e-22
463.05336357635764 1.3855115393653834e-22
463.1519944794479 1.3852577585539484e-22
463.25062538253826 1.3850040711502614e-22
463.34925628562854 1.3847504771023179e-22
463.4478871887189 1.3844969763581528e-22
463.54651809180916 1.3842435688658398e-22
463.6451489948995 1.3839902545734912e-22
463.7437798979898 1.38373703342926e-22
463.8424108010801 1.3834839053813354e-22
463.9410417041704 1.3832308703779486e-22
464.03967260726074 1.3829779283673669e-22
464.138303510351 1.3827250792978989e-22
464.23693441344136 1.3824723231178894e-22
464.33556531653164 1.382219659775724e-22
464.434196219622 1.3819670892198265e-22
464.53282712271226 1.3817146113986593e-22
464.6314580258026 1.381462226260723e-22
464.7300889288929 1.3812099337545582e-22
464.8287198319832 1.3809577338287418e-22
464.9273507350735 1.3807056264318916e-22
465.02598163816384 1.3804536115126623e-22
465.1246125412541 1.3802016890197473e-22
465.22324344434446 1.3799498589018796e-22
465.32187434743474 1.3796981211078293e-22
465.4205052505251 1.3794464755864056e-22
465.51913615361536 1.3791949222864558e-22
465.6177670567057 1.3789434611568648e-22
465.716397959796 1.378692092146557e-22
465.81502886288627 1.3784408152044946e-22
465.9136597659766 1.378189630279677e-22
466.0122906690669 1.3779385373211429e-22
466.1109215721572 1.3776875362779684e-22
466.2095524752475 1.3774366270992695e-22
466.30818337833784 1.3771858097341963e-22
466.4068142814281 1.3769350841319419e-22
466.50544518451846 1.376684450241732e-22
466.60407608760875 1.3764339080128358e-22
466.7027069906991 1.3761834573945558e-22
466.80133789378937 1.3759330983362345e-22
466.8999687968797 1.3756828307872526e-22
466.99859969997 1.375432654697027e-22
467.0972306030603 1.3751825700150136e-22
467.1958615061506 1.3749325766907052e-22
467.29449240924095 1.3746826746736332e-22
467.3931233123312 1.374432863913366e-22
467.49175421542157 1.3741831443595096e-22
467.59038511851185 1.3739335159617077e-22
467.6890160216022 1.3736839786696416e-22
467.78764692469247 1.3734345324330301e-22
467.8862778277828 1.3731851772016293e-22
467.9849087308731 1.3729359129252323e-22
468.0835396339634 1.3726867395536705e-22
468.1821705370537 1.3724376570368126e-22
468.280801440144 1.3721886653245637e-22
468.3794323432343 1.3719397643668674e-22
468.4780632463246 1.3716909541137026e-22
468.57669414941495 1.3714422345150886e-22
468.67532505250523 1.371193605521078e-22
468.77395595559557 1.370945067081764e-22
468.87258685868585 1.3706966191472748e-22
468.9712177617762 1.3704482616677764e-22
469.06984866486647 1.3701999945934716e-22
469.1684795679568 1.3699518178746004e-22
469.2671104710471 1.3697037314614399e-22
469.36574137413743 1.3694557353043037e-22
469.4643722772277 1.369207829353543e-22
469.56300318031805 1.3689600135595446e-22
469.66163408340833 1.3687122878727335e-22
469.76026498649867 1.3684646522435705e-22
469.85889588958895 1.3682171066225543e-22
469.9575267926793 1.367969650960219e-22
470.05615769576957 1.3677222852071363e-22
470.1547885988599 1.3674750093139138e-22
470.2534195019502 1.3672278232311963e-22
470.35205040504053 1.366980726909665e-22
470.4506813081308 1.3667337203000384e-22
470.54931221122115 1.36648680335307e-22
470.64794311431143 1.3662399760195508e-22
470.74657401740177 1.3659932382503083e-22
470.84520492049205 1.3657465899962057e-22
470.94383582358233 1.3655000312081435e-22
471.04246672667267 1.3652535618370575e-22
471.14109762976295 1.3650071818339213e-22
471.2397285328533 1.3647608911497429e-22
471.3383594359436 1.3645146897355682e-22
471.4369903390339 1.3642685775424783e-22
471.5356212421242 1.3640225545215908e-22
471.63425214521453 1.3637766206240597e-22
471.7328830483048 1.3635307758010743e-22
471.83151395139515 1.3632850200038602e-22
471.93014485448543 1.3630393531836806e-22
472.0287757575758 1.362793775291833e-22
472.12740666066605 1.3625482862796505e-22
472.2260375637564 1.3623028860985042e-22
472.3246684668467 1.3620575746997985e-22
472.423299369937 1.361812352034976e-22
472.5219302730273 1.3615672180555142e-22
472.62056117611763 1.361322172712926e-22
472.7191920792079 1.3610772159587597e-22
472.81782298229825 1.3608323477446013e-22
472.91645388538853 1.3605875680220717e-22
473.0150847884789 1.3603428767428253e-22
473.11371569156915 1.3600982738585554e-22
473.2123465946595 1.359853759320988e-22
473.3109774977498 1.359609333081887e-22
473.4096084008401 1.3593649950930507e-22
473.5082393039304 1.359120745306313e-22
473.6068702070207 1.3588765836735438e-22
473.705501110111 1.3586325101466472e-22
473.8041320132013 1.358388524677564e-22
473.90276291629164 1.3581446272182698e-22
474.0013938193819 1.357900817720775e-22
474.10002472247226 1.357657096137127e-22
474.19865562556254 1.3574134624194065e-22
474.2972865286529 1.3571699165197306e-22
474.39591743174316 1.356926458390251e-22
474.4945483348335 1.3566830879831551e-22
474.5931792379238 1.3564398052506658e-22
474.6918101410141 1.3561966101450393e-22
474.7904410441044 1.3559535026185688e-22
474.88907194719474 1.355710482623582e-22
474.987702850285 1.3554675501124413e-22
475.08633375337536 1.355224705037544e-22
475.18496465646564 1.3549819473513228e-22
475.283595559556 1.3547392770062451e-22
475.38222646264626 1.354496693954813e-22
475.4808573657366 1.354254198149563e-22
475.5794882688269 1.3540117895430674e-22
475.6781191719172 1.3537694680879338e-22
475.7767500750075 1.3535272337368027e-22
475.87538097809784 1.3532850864423503e-22
475.9740118811881 1.3530430261572875e-22
476.07264278427846 1.3528010528343597e-22
476.17127368736874 1.3525591664263472e-22
476.269904590459 1.3523173668860644e-22
476.36853549354936 1.3520756541663604e-22
476.46716639663964 1.35183402822012e-22
476.56579729973 1.3515924890002602e-22
476.66442820282026 1.3513510364597342e-22
476.7630591059106 1.351109670551529e-22
476.8616900090009 1.3508683912286656e-22
476.9603209120912 1.3506271984442013e-22
477.0589518151815 1.3503860921512252e-22
477.15758271827184 1.3501450723028617e-22
477.2562136213621 1.3499041388522707e-22
477.35484452445246 1.3496632917526435e-22
477.45347542754274 1.349422530957209e-22
477.5521063306331 1.349181856419227e-22
477.65073723372336 1.3489412680919935e-22
477.7493681368137 1.3487007659288397e-22
477.847999039904 1.3484603498831272e-22
477.9466299429943 1.3482200199082542e-22
478.0452608460846 1.3479797759576536e-22
478.14389174917494 1.3477396179847898e-22
478.2425226522652 1.347499545943163e-22
478.34115355535556 1.3472595597863063e-22
478.43978445844584 1.347019659467788e-22
478.5384153615362 1.346779844941209e-22
478.63704626462646 1.3465401161602048e-22
478.7356771677168 1.3463004730784437e-22
478.8343080708071 1.346060915649629e-22
478.93293897389736 1.345821443827497e-22
479.0315698769877 1.3455820575658176e-22
479.130200780078 1.3453427568183948e-22
479.2288316831683 1.3451035415390653e-22
479.3274625862586 1.3448644116817015e-22
479.42609348934894 1.3446253672002068e-22
479.5247243924392 1.344386408048521e-22
479.62335529552956 1.3441475341806139e-22
479.72198619861985 1.3439087455504913e-22
479.8206171017102 1.3436700421121925e-22
479.91924800480047 1.3434314238197886e-22
480.0178789078908 1.3431928906273856e-22
480.1165098109811 1.342954442489122e-22
480.2151407140714 1.3427160793591698e-22
480.3137716171617 1.3424778011917345e-22
480.41240252025204 1.3422396079410545e-22
480.5110334233423 1.342001499561402e-22
480.60966432643266 1.3417634760070827e-22
480.70829522952295 1.3415255372324336e-22
480.8069261326133 1.3412876831918272e-22
480.90555703570357 1.341049913839667e-22
481.0041879387939 1.340812229130392e-22
481.1028188418842 1.340574629018471e-22
481.2014497449745 1.3403371134584094e-22
481.3000806480648 1.3400996824047432e-22
481.39871155115515 1.3398623358120418e-22
481.4973424542454 1.3396250736349075e-22
481.5959733573357 1.3393878958279767e-22
481.69460426042605 1.3391508023459177e-22
481.79323516351633 1.3389137931434303e-22
481.89186606660667 1.3386768681752498e-22
481.99049696969695 1.3384400273961426e-22
482.0891278727873 1.3382032707609078e-22
482.18775877587757 1.3379665982243783e-22
482.2863896789679 1.337730009741418e-22
482.3850205820582 1.3374935052669257e-22
482.4836514851485 1.337257084755831e-22
482.5822823882388 1.3370207481630963e-22
482.68091329132915 1.3367844954437174e-22
482.77954419441943 1.3365483265527226e-22
482.87817509750977 1.3363122414451716e-22
482.97680600060005 1.3360762400761572e-22
483.0754369036904 1.3358403224008047e-22
483.17406780678067 1.3356044883742734e-22
483.272698709871 1.3353687379517512e-22
483.3713296129613 1.3351330710884622e-22
483.46996051605163 1.3348974877396607e-22
483.5685914191419 1.3346619878606335e-22
483.66722232223225 1.3344265714067006e-22
483.76585322532253 1.3341912383332133e-22
483.86448412841287 1.3339559885955552e-22
483.96311503150315 1.3337208221491428e-22
484.0617459345935 1.333485738949424e-22
484.16037683768377 1.3332507389518794e-22
484.25900774077405 1.3330158221120218e-22
484.3576386438644 1.3327809883853943e-22
484.4562695469547 1.3325462377275744e-22
484.554900450045 1.3323115700941708e-22
484.6535313531353 1.3320769854408235e-22
484.75216225622563 1.3318424837232048e-22
484.8507931593159 1.3316080648970197e-22
484.94942406240625 1.3313737289180038e-22
485.04805496549653 1.3311394757419259e-22
485.14668586858687 1.3309053053245855e-22
485.24531677167715 1.3306712176218138e-22
485.3439476747675 1.3304372125894752e-22
485.4425785778578 1.3302032901834648e-22
485.5412094809481 1.3299694503597088e-22
485.6398403840384 1.3297356930741672e-22
485.73847128712873 1.329502018282829e-22
485.837102190219 1.329268425941717e-22
485.93573309330935 1.3290349160068844e-22
486.03436399639963 1.3288014884344163e-22
486.13299489949 1.3285681431804297e-22
486.23162580258025 1.328334880201072e-22
486.3302567056706 1.3281016994525232e-22
486.4288876087609 1.3278686008909954e-22
486.5275185118512 1.3276355844727292e-22
486.6261494149415 1.3274026501540004e-22
486.72478031803183 1.327169797891113e-22
486.8234112211221 1.3269370276404043e-22
486.9220421242124 1.326704339358242e-22
487.02067302730273 1.3264717330010257e-22
487.119303930393 1.3262392085251856e-22
487.21793483348335 1.326006765887183e-22
487.31656573657364 1.3257744050435116e-22
487.415196639664 1.3255421259506954e-22
487.51382754275426 1.325309928565289e-22
487.6124584458446 1.325077812843879e-22
487.7110893489349 1.324845778743083e-22
487.8097202520252 1.3246138262195495e-22
487.9083511551155 1.3243819552299587e-22
488.00698205820584 1.3241501657310195e-22
488.1056129612961 1.3239184576794744e-22
488.20424386438646 1.3236868310320959e-22
488.30287476747674 1.323455285745687e-22
488.4015056705671 1.3232238217770828e-22
488.50013657365736 1.3229924390831467e-22
488.5987674767477 1.3227611376207765e-22
488.697398379838 1.3225299173468979e-22
488.7960292829283 1.322298778218468e-22
488.8946601860186 1.3220677201924765e-22
488.99329108910894 1.3218367432259408e-22
489.0919219921992 1.321605847275912e-22
489.19055289528956 1.3213750322994696e-22
489.28918379837984 1.3211442982537248e-22
489.3878147014702 1.3209136450958192e-22
489.48644560456046 1.3206830727829248e-22
489.58507650765074 1.3204525812722446e-22
489.6837074107411 1.3202221705210115e-22
489.78233831383136 1.31999184048649e-22
489.8809692169217 1.319761591125973e-22
489.979600120012 1.319531422396787e-22
490.0782310231023 1.3193013342562853e-22
490.1768619261926 1.3190713266618545e-22
490.27549282928294 1.31884139957091e-22
490.3741237323732 1.318611552940898e-22
490.47275463546356 1.318381786729295e-22
490.57138553855384 1.3181521008936083e-22
490.6700164416442 1.317922495391374e-22
490.76864734473446 1.3176929701801594e-22
490.8672782478248 1.3174635252175628e-22
490.9659091509151 1.3172341604612115e-22
491.0645400540054 1.3170048758687628e-22
491.1631709570957 1.3167756713979046e-22
491.26180186018604 1.316546547006355e-22
491.3604327632763 1.3163175026518623e-22
491.45906366636666 1.316088538292204e-22
491.55769456945694 1.3158596538851894e-22
491.6563254725473 1.3156308493886543e-22
491.75495637563756 1.3154021247604693e-22
491.8535872787279 1.3151734799585302e-22
491.9522181818182 1.3149449149407657e-22
492.0508490849085 1.3147164296651334e-22
492.1494799879988 1.314488024089621e-22
492.2481108910891 1.3142596981722454e-22
492.3467417941794 1.314031451871054e-22
492.4453726972697 1.3138032851441244e-22
492.54400360036004 1.3135751979495614e-22
492.6426345034503 1.3133471902455035e-22
492.74126540654066 1.3131192619901157e-22
492.83989630963094 1.3128914131415932e-22
492.9385272127213 1.3126636436581623e-22
493.03715811581156 1.3124359534980773e-22
493.1357890189019 1.312208342619623e-22
493.2344199219922 1.3119808109811135e-22
493.3330508250825 1.3117533585408924e-22
493.4316817281728 1.3115259852573328e-22
493.53031263126314 1.3112986910888366e-22
493.6289435343534 1.311071475993837e-22
493.72757443744376 1.310844339930794e-22
493.82620534053405 1.3106172828581994e-22
493.9248362436244 1.3103903047345741e-22
494.02346714671467 1.3101634055184656e-22
494.122098049805 1.309936585168454e-22
494.2207289528953 1.3097098436431476e-22
494.3193598559856 1.3094831809011835e-22
494.4179907590759 1.3092565969012282e-22
494.51662166216624 1.3090300916019776e-22
494.6152525652565 1.3088036649621566e-22
494.71388346834686 1.3085773169405193e-22
494.81251437143715 1.3083510474958491e-22
494.9111452745274 1.3081248565869588e-22
495.00977617761777 1.3078987441726895e-22
495.10840708070805 1.3076727102119121e-22
495.2070379837984 1.3074467546635253e-22
495.30566888688867 1.3072208774864586e-22
495.404299789979 1.3069950786396684e-22
495.5029306930693 1.3067693580821429e-22
495.6015615961596 1.3065437157728963e-22
495.7001924992499 1.3063181516709727e-22
495.79882340234025 1.3060926657354463e-22
495.89745430543053 1.3058672579254185e-22
495.99608520852087 1.3056419282000198e-22
496.09471611161115 1.3054166765184106e-22
496.1933470147015 1.3051915028397781e-22
496.29197791779177 1.304966407123341e-22
496.3906088208821 1.3047413893283442e-22
496.4892397239724 1.3045164494140626e-22
496.5878706270627 1.3042915873397987e-22
496.686501530153 1.3040668030648855e-22
496.78513243324335 1.303842096548682e-22
496.88376333633363 1.303617467750579e-22
496.98239423942397 1.3033929166299935e-22
497.08102514251425 1.3031684431463707e-22
497.1796560456046 1.302944047259186e-22
497.27828694869487 1.302719728927943e-22
497.3769178517852 1.3024954881121727e-22
497.4755487548755 1.302271324771435e-22
497.5741796579658 1.3020472388653192e-22
497.6728105610561 1.3018232303534409e-22
497.7714414641464 1.3015992991954465e-22
497.87007236723673 1.3013754453510093e-22
497.968703270327 1.3011516687798308e-22
498.06733417341735 1.3009279694416408e-22
498.16596507650763 1.3007043472961983e-22
498.26459597959797 1.30048080230329e-22
498.36322688268825 1.3002573344227307e-22
498.4618577857786 1.3000339436143632e-22
498.5604886888689 1.2998106298380584e-22
498.6591195919592 1.299587393053716e-22
498.7577504950495 1.2993642332212637e-22
498.85638139813983 1.2991411503006563e-22
498.9550123012301 1.2989181442518784e-22
499.05364320432045 1.2986952150349403e-22
499.15227410741073 1.2984723626098826e-22
499.25090501050107 1.2982495869367727e-22
499.34953591359135 1.2980268879757057e-22
499.4481668166817 1.297804265686806e-22
499.546797719772 1.2975817200302237e-22
499.6454286228623 1.2973592509661395e-22
499.7440595259526 1.2971368584547593e-22
499.84269042904293 1.2969145424563194e-22
499.9413213321332 1.2966923029310813e-22
500.03995223522355 1.2964701398393366e-22
500.13858313831383 1.296248053141403e-22
500.2372140414041 1.296026042797627e-22
500.33584494449445 1.2958041087683816e-22
500.43447584758474 1.2955822510140692e-22
500.5331067506751 1.2953604694951188e-22
500.63173765376536 1.2951387641719868e-22
500.7303685568557 1.2949171350051576e-22
500.828999459946 1.294695581955143e-22
500.9276303630363 1.2944741049824838e-22
501.0262612661266 1.2942527040477459e-22
501.12489216921693 1.2940313791115241e-22
501.2235230723072 1.2938101301344407e-22
501.32215397539755 1.293588957077145e-22
501.42078487848784 1.293367859900315e-22
501.5194157815782 1.293146838564654e-22
501.61804668466846 1.292925893030894e-22
501.7166775877588 1.2927050232597947e-22
501.8153084908491 1.2924842292121426e-22
501.9139393939394 1.292263510848751e-22
502.0125702970297 1.2920428681304611e-22
502.11120120012004 1.2918223010181422e-22
502.2098321032103 1.2916018094726894e-22
502.30846300630066 1.2913813934550264e-22
502.40709390939094 1.2911610529261016e-22
502.5057248124813 1.2909407878468942e-22
502.60435571557156 1.2907205981784074e-22
502.7029866186619 1.2905004838816735e-22
502.8016175217522 1.290280444917751e-22
502.90024842484246 1.2900604812477254e-22
502.9988793279328 1.2898405928327096e-22
503.0975102310231 1.2896207796338444e-22
503.1961411341134 1.289401041612296e-22
503.2947720372037 1.2891813787292576e-22
503.39340294029404 1.288961790945951e-22
503.4920338433843 1.2887422782236237e-22
503.59066474647466 1.2885228405235506e-22
503.68929564956494 1.2883034778070333e-22
503.7879265526553 1.2880841900353991e-22
503.88655745574556 1.2878649771700057e-22
503.9851883588359 1.2876458391722323e-22
504.0838192619262 1.2874267760034908e-22
504.1824501650165 1.2872077876252146e-22
504.2810810681068 1.2869888739988668e-22
504.37971197119714 1.2867700350859377e-22
504.4783428742874 1.2865512708479424e-22
504.57697377737776 1.286332581246423e-22
504.67560468046804 1.286113966242949e-22
504.7742355835584 1.2858954257991165e-22
504.87286648664866 1.285676959876548e-22
504.971497389739 1.2854585684368923e-22
505.0701282928293 1.2852402514418255e-22
505.1687591959196 1.285022008853049e-22
505.2673900990099 1.2848038406322923e-22
505.36602100210024 1.2845857467413104e-22
505.4646519051905 1.2843677271418842e-22
505.5632828082808 1.284149781795823e-22
505.66191371137114 1.2839319106649608e-22
505.7605446144614 1.2837141137111576e-22
505.85917551755176 1.2834963908963017e-22
505.95780642064204 1.2832787421823074e-22
506.0564373237324 1.283061167531113e-22
506.15506822682266 1.2828436669046868e-22
506.253699129913 1.2826262402650194e-22
506.3523300330033 1.282408887574131e-22
506.4509609360936 1.2821916087940664e-22
506.5495918391839 1.2819744038868962e-22
506.64822274227424 1.281757272814719e-22
506.7468536453645 1.2815402155396576e-22
506.84548454845486 1.281323232023862e-22
506.94411545154514 1.2811063222295089e-22
507.0427463546355 1.2808894861187991e-22
507.14137725772576 1.280672723653962e-22
507.2400081608161 1.2804560347972514e-22
507.3386390639064 1.2802394195109466e-22
507.4372699669967 1.2800228777573552e-22
507.535900870087 1.2798064094988083e-22
507.63453177317734 1.2795900146976646e-22
507.7331626762676 1.2793736933163086e-22
507.83179357935796 1.2791574453171498e-22
507.93042448244825 1.2789412706626246e-22
508.0290553855386 1.2787251693151947e-22
508.12768628862887 1.2785091412373473e-22
508.22631719171915 1.2782931863915962e-22
508.3249480948095 1.2780773047404814e-22
508.42357899789977 1.2778614962465666e-22
508.5222099009901 1.277645760872444e-22
508.6208408040804 1.2774300985807293e-22
508.7194717071707 1.2772145093340656e-22
508.818102610261 1.2769989930951206e-22
508.91673351335135 1.276783549826588e-22
509.0153644164416 1.2765681794911866e-22
509.11399531953197 1.2763528820516623e-22
509.21262622262225 1.2761376574707857e-22
509.3112571257126 1.2759225057113519e-22
509.40988802880287 1.2757074267361838e-22
509.5085189318932 1.2754924205081284e-22
509.6071498349835 1.2752774869900579e-22
509.7057807380738 1.2750626261448701e-22
509.8044116411641 1.2748478379354912e-22
509.90304254425445 1.274633122324868e-22
510.00167344734473 1.2744184792759758e-22
510.10030435043507 1.274203908751815e-22
510.19893525352535 1.2739894107154113e-22
510.2975661566157 1.2737749851298148e-22
510.39619705970597 1.273560631958102e-22
510.4948279627963 1.2733463511633741e-22
510.5934588658866 1.273132142708758e-22
510.6920897689769 1.2729180065574058e-22
510.7907206720672 1.2727039426724947e-22
510.8893515751575 1.2724899510172272e-22
510.98798247824783 1.2722760315548315e-22
511.0866133813381 1.2720621842485592e-22
511.18524428442845 1.2718484090616903e-22
511.28387518751873 1.2716347059575258e-22
511.38250609060907 1.2714210748993962e-22
511.48113699369935 1.2712075158506529e-22
511.5797678967897 1.2709940287746764e-22
511.67839879988 1.2707806136348693e-22
511.7770297029703 1.2705672703946599e-22
511.8756606060606 1.2703539990175018e-22
511.97429150915093 1.2701407994668743e-22
512.0729224122412 1.2699276717062811e-22
512.1715533153315 1.2697146156992498e-22
512.2701842184218 1.2695016314093344e-22
512.3688151215122 1.269288718800113e-22
512.4674460246024 1.2690758778351894e-22
512.5660769276927 1.2688631084781914e-22
512.6647078307831 1.2686504106927718e-22
512.7633387338734 1.268437784442608e-22
512.8619696369636 1.2682252296914037e-22
512.960600540054 1.2680127464028858e-22
513.0592314431443 1.2678003345408054e-22
513.1578623462347 1.2675879940689408e-22
513.2564932493249 1.2673757249510926e-22
513.3551241524152 1.2671635271510876e-22
513.4537550555056 1.2669514006327758e-22
513.5523859585958 1.2667393453600338e-22
513.6510168616861 1.2665273612967614e-22
513.7496477647765 1.2663154484068832e-22
513.8482786678668 1.2661036066543485e-22
513.946909570957 1.2658918360031318e-22
514.0455404740474 1.265680136417231e-22
514.1441713771377 1.2654685078606694e-22
514.242802280228 1.265256950297494e-22
514.3414331833183 1.2650454636917777e-22
514.4400640864086 1.264834048007616e-22
514.5386949894989 1.26462270320913e-22
514.6373258925893 1.2644114292604656e-22
514.7359567956795 1.2642002261257926e-22
514.8345876987698 1.2639890937693038e-22
514.9332186018602 1.263778032155218e-22
515.0318495049505 1.2635670412477784e-22
515.1304804080407 1.2633561210112523e-22
515.2291113111311 1.2631452714099299e-22
515.3277422142214 1.262934492408128e-22
515.4263731173118 1.2627237839701857e-22
515.525004020402 1.262513146060468e-22
515.6236349234923 1.262302578643362e-22
515.7222658265827 1.2620920816832806e-22
515.820896729673 1.2618816551446602e-22
515.9195276327632 1.2616712989919624e-22
516.0181585358536 1.2614610131896719e-22
516.1167894389439 1.261250797702297e-22
516.2154203420341 1.261040652494371e-22
516.3140512451245 1.2608305775304517e-22
516.4126821482148 1.2606205727751194e-22
516.5113130513051 1.26041063819298e-22
516.6099439543954 1.2602007737486626e-22
516.7085748574857 1.25999097940682e-22
516.807205760576 1.25978125513213e-22
516.9058366636664 1.2595716008892927e-22
517.0044675667566 1.2593620166430343e-22
517.1030984698469 1.259152502358102e-22
517.2017293729373 1.2589430579992703e-22
517.3003602760276 1.2587336835313352e-22
517.3989911791178 1.258524378919117e-22
517.4976220822082 1.25831514412746e-22
517.5962529852985 1.2581059791212324e-22
517.6948838883889 1.2578968838653258e-22
517.7935147914791 1.2576878583246566e-22
517.8921456945694 1.257478902464163e-22
517.9907765976598 1.2572700162488086e-22
518.0894075007501 1.2570611996435802e-22
518.1880384038403 1.2568524526134882e-22
518.2866693069307 1.256643775123566e-22
518.385300210021 1.2564351671388728e-22
518.4839311131113 1.2562266286244878e-22
518.5825620162016 1.2560181595455182e-22
518.6811929192919 1.2558097598670904e-22
518.7798238223822 1.2556014295543581e-22
518.8784547254725 1.2553931685724952e-22
518.9770856285628 1.2551849768867023e-22
519.0757165316531 1.254976854462201e-22
519.1743474347435 1.254768801264238e-22
519.2729783378337 1.2545608172580816e-22
519.371609240924 1.2543529024090258e-22
519.4702401440144 1.2541450566823868e-22
519.5688710471047 1.2539372800435038e-22
519.667501950195 1.2537295724577403e-22
519.7661328532853 1.2535219338904827e-22
519.8647637563756 1.2533143643071403e-22
519.963394659466 1.253106863673147e-22
520.0620255625562 1.2528994319539584e-22
520.1606564656465 1.2526920691150542e-22
520.2592873687369 1.2524847751219375e-22
520.3579182718272 1.2522775499401341e-22
520.4565491749174 1.2520703935351943e-22
520.5551800780078 1.2518633058726894e-22
520.6538109810981 1.2516562869182159e-22
520.7524418841884 1.2514493366373923e-22
520.8510727872787 1.2512424549958606e-22
520.949703690369 1.2510356419592864e-22
521.0483345934593 1.2508288974933566e-22
521.1469654965497 1.250622221563783e-22
521.2455963996399 1.2504156141363012e-22
521.3442273027302 1.2502090751766668e-22
521.4428582058206 1.2500026046506606e-22
521.5414891089108 1.2497962025240867e-22
521.6401200120011 1.249589868762771e-22
521.7387509150915 1.2493836033325623e-22
521.8373818181818 1.2491774061993336e-22
521.936012721272 1.2489712773289794e-22
522.0346436243624 1.2487652166874185e-22
522.1332745274527 1.248559224240591e-22
522.2319054305431 1.2483532999544605e-22
522.3305363336333 1.2481474437950153e-22
522.4291672367236 1.2479416557282627e-22
522.527798139814 1.2477359357202362e-22
522.6264290429043 1.2475302837369904e-22
522.7250599459945 1.2473246997446035e-22
522.8236908490849 1.2471191837091754e-22
522.9223217521752 1.2469137355968298e-22
523.0209526552655 1.246708355373713e-22
523.1195835583558 1.2465030430059922e-22
523.2182144614461 1.2462977984598605e-22
523.3168453645364 1.2460926217015304e-22
523.4154762676268 1.2458875126972395e-22
523.514107170717 1.2456824714132467e-22
523.6127380738073 1.2454774978158337e-22
523.7113689768977 1.2452725918713042e-22
523.809999879988 1.2450677535459864e-22
523.9086307830783 1.2448629828062287e-22
524.0072616861686 1.2446582796184037e-22
524.1058925892589 1.244453643948905e-22
524.2045234923492 1.244249075764151e-22
524.3031543954395 1.244044575030579e-22
524.4017852985298 1.2438401417146524e-22
524.5004162016202 1.2436357757828548e-22
524.5990471047104 1.243431477201693e-22
524.6976780078007 1.2432272459376963e-22
524.7963089108911 1.2430230819574153e-22
524.8949398139814 1.2428189852274243e-22
524.9935707170716 1.242614955714319e-22
525.092201620162 1.2424109933847184e-22
525.1908325232523 1.2422070982052618e-22
525.2894634263426 1.2420032701426132e-22
525.3880943294329 1.2417995091634576e-22
525.4867252325232 1.2415958152345023e-22
525.5853561356136 1.2413921883224762e-22
525.6839870387039 1.2411886283941316e-22
525.7826179417941 1.2409851354162434e-22
525.8812488448845 1.2407817093556057e-22
525.9798797479748 1.2405783501790383e-22
526.078510651065 1.2403750578533817e-22
526.1771415541554 1.2401718323454967e-22
526.2757724572457 1.239968673622269e-22
526.374403360336 1.2397655816506054e-22
526.4730342634263 1.2395625563974334e-22
526.5716651665166 1.2393595978297045e-22
526.6702960696069 1.2391567059143917e-22
526.7689269726972 1.238953880618489e-22
526.8675578757875 1.2387511219090135e-22
526.9661887788778 1.2385484297530027e-22
527.0648196819682 1.2383458041175184e-22
527.1634505850584 1.2381432449696422e-22
527.2620814881487 1.2379407522764788e-22
527.3607123912391 1.2377383260051546e-22
527.4593432943294 1.2375359661228165e-22
527.5579741974196 1.2373336725966354e-22
527.65660510051 1.2371314453938028e-22
527.7552360036003 1.2369292844815323e-22
527.8538669066907 1.236727189827059e-22
527.9524978097809 1.2365251613976398e-22
528.0511287128712 1.236323199160554e-22
528.1497596159616 1.2361213030831016e-22
528.2483905190519 1.235919473132605e-22
528.3470214221421 1.235717709276408e-22
528.4456523252325 1.2355160114818767e-22
528.5442832283228 1.2353143797163979e-22
528.6429141314131 1.2351128139473808e-22
528.7415450345034 1.2349113141422557e-22
528.8401759375937 1.234709880268475e-22
528.938806840684 1.234508512293512e-22
529.0374377437744 1.2343072101848622e-22
529.1360686468646 1.2341059739100425e-22
529.2346995499549 1.2339048034365911e-22
529.3333304530453 1.2337036987320682e-22
529.4319613561355 1.233502659764055e-22
529.5305922592258 1.2333016865001544e-22
529.6292231623162 1.2331007789079896e-22
529.7278540654065 1.2328999369552083e-22
529.8264849684967 1.2326991606094765e-22
529.9251158715871 1.232498449838482e-22
530.0237467746774 1.2322978046099365e-22
530.1223776777678 1.2320972248915703e-22
530.221008580858 1.2318967106511363e-22
530.3196394839483 1.2316962618564086e-22
530.4182703870387 1.2314958784751819e-22
530.516901290129 1.231295560475274e-22
530.6155321932192 1.2310953078245215e-22
530.7141630963096 1.2308951204907839e-22
530.8127939993999 1.230694998441942e-22
530.9114249024902 1.2304949416458973e-22
531.0100558055805 1.2302949500705728e-22
531.1086867086708 1.230095023683912e-22
531.2073176117611 1.2298951624538802e-22
531.3059485148515 1.2296953663484644e-22
531.4045794179417 1.2294956353356711e-22
531.503210321032 1.2292959693835296e-22
531.6018412241224 1.2290963684600892e-22
531.7004721272127 1.2288968325334213e-22
531.799103030303 1.2286973615716173e-22
531.8977339333933 1.2284979555427897e-22
531.9963648364836 1.228298614415074e-22
532.0949957395738 1.2280993381566237e-22
532.1936266426642 1.2279001267356142e-22
532.2922575457545 1.2277009801202444e-22
532.3908884488449 1.2275018982787307e-22
532.4895193519351 1.2273028811793127e-22
532.5881502550254 1.22710392879025e-22
532.6867811581158 1.2269050410798222e-22
532.7854120612061 1.2267062180163323e-22
532.8840429642963 1.2265074595681026e-22
532.9826738673867 1.2263087657034757e-22
533.081304770477 1.226110136390816e-22
533.1799356735673 1.2259115715985088e-22
533.2785665766576 1.2257130712949596e-22
533.3771974797479 1.2255146354485946e-22
533.4758283828382 1.2253162640278614e-22
533.5744592859286 1.225117957001228e-22
533.6730901890188 1.2249197143371848e-22
533.7717210921091 1.2247215360042386e-22
533.8703519951995 1.2245234219709212e-22
533.9689828982898 1.2243253722057835e-22
534.06761380138 1.2241273866773975e-22
534.1662447044704 1.2239294653543535e-22
534.2648756075607 1.2237316082052661e-22
534.3635065106511 1.2235338151987684e-22
534.4621374137413 1.223336086303515e-22
534.5607683168316 1.2231384214881794e-22
534.659399219922 1.2229408207214575e-22
534.7580301230122 1.222743283972065e-22
534.8566610261025 1.2225458112087385e-22
534.9552919291929 1.2223484024002338e-22
535.0539228322832 1.22215105751533e-22
535.1525537353734 1.221953776522823e-22
535.2511846384638 1.2217565593915325e-22
535.3498155415541 1.2215594060902964e-22
535.4484464446444 1.2213623165879738e-22
535.5470773477347 1.221165290853445e-22
535.645708250825 1.2209683288556096e-22
535.7443391539153 1.2207714305633878e-22
535.8429700570057 1.2205745959457202e-22
535.9416009600959 1.2203778249715678e-22
536.0402318631862 1.220181117609912e-22
536.1388627662766 1.2199844738297542e-22
536.2374936693669 1.2197878936001175e-22
536.3361245724572 1.2195913768900432e-22
536.4347554755475 1.2193949236685937e-22
536.5333863786378 1.2191985339048519e-22
536.6320172817282 1.2190022075679212e-22
536.7306481848184 1.218805944626924e-22
536.8292790879087 1.2186097450510043e-22
536.9279099909991 1.2184136088093255e-22
537.0265408940894 1.2182175358710712e-22
537.1251717971796 1.2180215262054453e-22
537.22380270027 1.2178255797816717e-22
537.3224336033603 1.2176296965689949e-22
537.4210645064505 1.2174338765366786e-22
537.5196954095409 1.2172381196540067e-22
537.6183263126312 1.2170424258902848e-22
537.7169572157215 1.216846795214836e-22
537.8155881188118 1.2166512275970059e-22
537.9142190219021 1.216455723006157e-22
538.0128499249925 1.2162602814116759e-22
538.1114808280828 1.2160649027829652e-22
538.210111731173 1.2158695870894511e-22
538.3087426342634 1.2156743343005759e-22
538.4073735373537 1.2154791443858051e-22
538.506004440444 1.215284017314622e-22
538.6046353435343 1.2150889530565314e-22
538.7032662466246 1.2148939515810563e-22
538.8018971497149 1.2146990128577416e-22
538.9005280528053 1.2145041368561495e-22
538.9991589558955 1.2143093235458648e-22
539.0977898589858 1.2141145728964898e-22
539.1964207620762 1.2139198848776485e-22
539.2950516651665 1.2137252594589827e-22
539.3936825682567 1.213530696610156e-22
539.4923134713471 1.2133361963008496e-22
539.5909443744374 1.2131417585007662e-22
539.6895752775278 1.2129473831796273e-22
539.788206180618 1.212753070307175e-22
539.8868370837083 1.2125588198531704e-22
539.9854679867987 1.2123646317873936e-22
540.0840988898889 1.2121705060796453e-22
540.1827297929792 1.2119764426997465e-22
540.2813606960696 1.2117824416175357e-22
540.3799915991599 1.2115885028028734e-22
540.4786225022501 1.2113946262256378e-22
540.5772534053405 1.2112008118557277e-22
540.6758843084308 1.2110070596630606e-22
540.7745152115211 1.2108133696175754e-22
540.8731461146114 1.2106197416892284e-22
540.9717770177017 1.2104261758479955e-22
541.070407920792 1.2102326720638737e-22
541.1690388238824 1.210039230306879e-22
541.2676697269726 1.2098458505470456e-22
541.3663006300629 1.209652532754428e-22
541.4649315331533 1.2094592768991012e-22
541.5635624362436 1.209266082951157e-22
541.6621933393338 1.2090729508807099e-22
541.7608242424242 1.2088798806578902e-22
541.8594551455145 1.2086868722528506e-22
541.9580860486049 1.2084939256357615e-22
542.0567169516951 1.2083010407768134e-22
542.1553478547854 1.208108217646215e-22
542.2539787578758 1.207915456214195e-22
542.3526096609661 1.2077227564510033e-22
542.4512405640563 1.2075301183269056e-22
542.5498714671467 1.2073375418121888e-22
542.648502370237 1.2071450268771582e-22
542.7471332733272 1.2069525734921403e-22
542.8457641764176 1.2067601816274776e-22
542.9443950795079 1.2065678512535342e-22
543.0430259825982 1.2063755823406934e-22
543.1416568856885 1.2061833748593559e-22
543.2402877887788 1.2059912287799444e-22
543.3389186918691 1.2057991440728962e-22
543.4375495949595 1.2056071207086725e-22
543.5361804980497 1.2054151586577512e-22
543.63481140114 1.205223257890629e-22
543.7334423042304 1.205031418377823e-22
543.8320732073207 1.2048396400898678e-22
543.9307041104109 1.204647922997319e-22
544.0293350135013 1.2044562670707493e-22
544.1279659165916 1.204264672280751e-22
544.226596819682 1.2040731385979363e-22
544.3252277227722 1.2038816659929358e-22
544.4238586258625 1.2036902544363978e-22
544.5224895289529 1.2034989038989914e-22
544.6211204320432 1.2033076143514031e-22
544.7197513351334 1.2031163857643407e-22
544.8183822382238 1.202925218108528e-22
544.9170131413141 1.202734111354709e-22
545.0156440444044 1.2025430654736468e-22
545.1142749474947 1.2023520804361236e-22
545.212905850585 1.202161156212939e-22
545.3115367536753 1.201970292774913e-22
545.4101676567656 1.2017794900928832e-22
545.5087985598559 1.2015887481377074e-22
545.6074294629462 1.2013980668802595e-22
545.7060603660366 1.2012074462914353e-22
545.8046912691268 1.2010168863421484e-22
545.9033221722171 1.20082638700333e-22
546.0019530753075 1.2006359482459304e-22
546.1005839783978 1.2004455700409194e-22
546.199214881488 1.2002552523592853e-22
546.2978457845784 1.2000649951720342e-22
546.3964766876687 1.1998747984501912e-22
546.4951075907591 1.1996846621648004e-22
546.5937384938493 1.1994945862869253e-22
546.6923693969396 1.199304570787646e-22
546.79100030003 1.199114615638063e-22
546.8896312031203 1.1989247208092939e-22
546.9882621062105 1.1987348862724764e-22
547.0868930093009 1.1985451119987648e-22
547.1855239123912 1.1983553979593343e-22
547.2841548154815 1.1981657441253765e-22
547.3827857185718 1.1979761504681034e-22
547.4814166216621 1.1977866169587435e-22
547.5800475247524 1.197597143568545e-22
547.6786784278428 1.1974077302687746e-22
547.777309330933 1.197218377030717e-22
547.8759402340233 1.197029083825675e-22
547.9745711371137 1.1968398506249704e-22
548.0732020402039 1.196650677399944e-22
548.1718329432942 1.1964615641219534e-22
548.2704638463846 1.1962725107623757e-22
548.3690947494749 1.1960835172926065e-22
548.4677256525652 1.1958945836840588e-22
548.5663565556555 1.1957057099081642e-22
548.6649874587458 1.1955168959363736e-22
548.7636183618362 1.195328141740155e-22
548.8622492649264 1.1951394472909947e-22
548.9608801680167 1.1949508125603977e-22
549.0595110711071 1.1947622375198876e-22
549.1581419741974 1.1945737221410061e-22
549.2567728772876 1.1943852663953125e-22
549.355403780378 1.1941968702543842e-22
549.4540346834683 1.1940085336898176e-22
549.5526655865586 1.193820256673227e-22
549.6512964896489 1.1936320391762451e-22
549.7499273927392 1.1934438811705219e-22
549.8485582958295 1.1932557826277255e-22
549.9471891989199 1.1930677435195438e-22
550.0458201020101 1.1928797638176815e-22
550.1444510051004 1.1926918434938604e-22
550.2430819081908 1.1925039825198223e-22
550.3417128112811 1.1923161808673271e-22
550.4403437143714 1.192128438508151e-22
550.5389746174617 1.1919407554140888e-22
550.637605520552 1.1917531315569536e-22
550.7362364236423 1.1915655669085778e-22
550.8348673267326 1.191378061440809e-22
550.9334982298229 1.1911906151255155e-22
551.0321291329133 1.1910032279345812e-22
551.1307600360035 1.1908158998399105e-22
551.2293909390938 1.1906286308134232e-22
551.3280218421842 1.1904414208270584e-22
551.4266527452745 1.1902542698527726e-22
551.5252836483647 1.1900671778625416e-22
551.6239145514551 1.1898801448283561e-22
551.7225454545454 1.1896931707222277e-22
551.8211763576357 1.1895062555161842e-22
551.919807260726 1.1893193991822719e-22
552.0184381638163 1.1891326016925533e-22
552.1170690669067 1.1889458630191117e-22
552.215699969997 1.1887591831340452e-22
552.3143308730872 1.1885725620094718e-22
552.4129617761776 1.1883859996175255e-22
552.5115926792679 1.18819949593036e-22
552.6102235823582 1.1880130509201447e-22
552.7088544854485 1.1878266645590685e-22
552.8074853885388 1.1876403368193367e-22
552.9061162916291 1.1874540676731732e-22
553.0047471947195 1.1872678570928178e-22
553.1033780978097 1.187081705050531e-22
553.2020090009 1.1868956115185881e-22
553.3006399039904 1.1867095764692838e-22
553.3992708070806 1.1865235998749287e-22
553.4979017101709 1.1863376817078532e-22
553.5965326132613 1.1861518219404034e-22
553.6951635163516 1.1859660205449444e-22
553.7937944194418 1.1857802774938577e-22
553.8924253225322 1.185594592759542e-22
553.9910562256225 1.1854089663144162e-22
554.0896871287129 1.1852233981309128e-22
554.1883180318031 1.185037888181485e-22
554.2869489348934 1.1848524364386028e-22
554.3855798379838 1.1846670428747518e-22
554.4842107410741 1.1844817074624369e-22
554.5828416441643 1.1842964301741805e-22
554.6814725472547 1.1841112109825216e-22
554.780103450345 1.1839260498600168e-22
554.8787343534353 1.1837409467792406e-22
554.9773652565256 1.1835559017127843e-22
555.0759961596159 1.183370914633256e-22
555.1746270627062 1.183185985513283e-22
555.2732579657966 1.1830011143255083e-22
555.3718888688868 1.1828163010425938e-22
555.4705197719771 1.1826315456372164e-22
555.5691506750675 1.182446848082073e-22
555.6677815781578 1.1822622083498746e-22
555.766412481248 1.1820776264133529e-22
555.8650433843384 1.1818931022452547e-22
555.9636742874287 1.1817086358183447e-22
556.0623051905189 1.1815242271054048e-22
556.1609360936093 1.1813398760792341e-22
556.2595669966996 1.181155582712649e-22
556.35819789979 1.1809713469784817e-22
556.4568288028802 1.1807871688495844e-22
556.5554597059705 1.1806030482988243e-22
556.6540906090609 1.1804189852990867e-22
556.7527215121512 1.1802349798232732e-22
556.8513524152414 1.1800510318443036e-22
556.9499833183318 1.1798671413351132e-22
557.0486142214221 1.1796833082686572e-22
557.1472451245124 1.1794995326179047e-22
557.2458760276027 1.1793158143558435e-22
557.344506930693 1.179132153455479e-22
557.4431378337833 1.1789485498898316e-22
557.5417687368737 1.178765003631941e-22
557.6403996399639 1.1785815146548633e-22
557.7390305430542 1.17839808293167e-22
557.8376614461446 1.1782147084354512e-22
557.9362923492349 1.1780313911393144e-22
558.0349232523251 1.1778481310163822e-22
558.1335541554155 1.1776649280397965e-22
558.2321850585058 1.177481782182714e-22
558.3308159615962 1.1772986934183086e-22
558.4294468646864 1.177115661719773e-22
558.5280777677767 1.176932687060315e-22
558.6267086708671 1.176749769413159e-22
558.7253395739573 1.1765669087515477e-22
558.8239704770476 1.17638410504874e-22
558.922601380138 1.1762013582780112e-22
559.0212322832283 1.1760186684126544e-22
559.1198631863185 1.1758360354259785e-22
559.2184940894089 1.1756534592913103e-22
559.3171249924992 1.1754709399819915e-22
559.4157558955895 1.1752884774713834e-22
559.5143867986798 1.1751060717328618e-22
559.6130177017701 1.174923722739819e-22
559.7116486048604 1.1747414304656664e-22
559.8102795079508 1.17455919488383e-22
559.908910411041 1.1743770159677528e-22
560.0075413141313 1.174194893690896e-22
560.1061722172217 1.1740128280267353e-22
560.204803120312 1.1738308189487646e-22
560.3034340234022 1.173648866430494e-22
560.4020649264926 1.1734669704454504e-22
560.5006958295829 1.1732851309671767e-22
560.5993267326733 1.173103347969233e-22
560.6979576357635 1.172921621425196e-22
560.7965885388538 1.1727399513086586e-22
560.8952194419442 1.1725583375932314e-22
560.9938503450345 1.1723767802525396e-22
561.0924812481247 1.1721952792602265e-22
561.1911121512151 1.1720138345899514e-22
561.2897430543054 1.1718324462153903e-22
561.3883739573956 1.1716511141102367e-22
561.487004860486 1.1714698382481978e-22
561.5856357635763 1.171288618602999e-22
561.6842666666666 1.1711074551483833e-22
561.7828975697569 1.1709263478581094e-22
561.8815284728472 1.1707452967059502e-22
561.9801593759375 1.1705643016656977e-22
562.0787902790279 1.1703833627111604e-22
562.1774211821181 1.1702024798161619e-22
562.2760520852084 1.1700216529545418e-22
562.3746829882988 1.1698408821001577e-22
562.4733138913891 1.169660167226883e-22
562.5719447944794 1.169479508308607e-22
562.6705756975697 1.1692989053192347e-22
562.76920660066 1.1691183582326894e-22
562.8678375037504 1.168937867022909e-22
562.9664684068406 1.1687574316638492e-22
563.0650993099309 1.1685770521294802e-22
563.1637302130213 1.1683967283937887e-22
563.2623611161116 1.1682164604307797e-22
563.3609920192018 1.168036248214473e-22
563.4596229222922 1.167856091718904e-22
563.5582538253825 1.167675990918126e-22
563.6568847284728 1.1674959457862065e-22
563.7555156315631 1.167315956297231e-22
563.8541465346534 1.1671360224253004e-22
563.9527774377437 1.1669561441445313e-22
564.051408340834 1.1667763214290577e-22
564.1500392439243 1.166596554253029e-22
564.2486701470146 1.16641684259061e-22
564.347301050105 1.1662371864159831e-22
564.4459319531952 1.1660575857033461e-22
564.5445628562856 1.1658780404269122e-22
564.6431937593759 1.1656985505609127e-22
564.7418246624662 1.1655191160795923e-22
564.8404555655565 1.1653397369572143e-22
564.9390864686468 1.165160413168056e-22
565.0377173717371 1.1649811446864123e-22
565.1363482748275 1.1648019314865932e-22
565.2349791779177 1.1646227735429239e-22
565.333610081008 1.1644436708297487e-22
565.4322409840984 1.164264623321424e-22
565.5308718871887 1.1640856309923254e-22
565.6295027902789 1.1639066938168423e-22
565.7281336933693 1.1637278117693807e-22
565.8267645964596 1.1635489848243626e-22
565.92539549955 1.1633702129562264e-22
566.0240264026402 1.1631914961394267e-22
566.1226573057305 1.163012834348431e-22
566.2212882088209 1.1628342275577271e-22
566.3199191119112 1.1626556757418159e-22
566.4185500150014 1.1624771788752142e-22
566.5171809180918 1.162298736932456e-22
566.6158118211821 1.1621203498880897e-22
566.7144427242723 1.1619420177166814e-22
566.8130736273627 1.16176374039281e-22
566.911704530453 1.1615855178910736e-22
567.0103354335433 1.1614073501860836e-22
567.1089663366336 1.1612292372524683e-22
567.2075972397239 1.1610511790648716e-22
567.3062281428142 1.1608731755979528e-22
567.4048590459046 1.160695226826388e-22
567.5034899489948 1.160517332724867e-22
567.6021208520851 1.1603394932680975e-22
567.7007517551755 1.160161708430802e-22
567.7993826582658 1.159983978187718e-22
567.898013561356 1.1598063025135994e-22
567.9966444644464 1.159628681383216e-22
568.0952753675367 1.1594511147713524e-22
568.193906270627 1.15927360265281e-22
568.2925371737173 1.1590961450024048e-22
568.3911680768076 1.1589187417949688e-22
568.489798979898 1.1587413930053502e-22
568.5884298829883 1.1585640986084104e-22
568.6870607860785 1.1583868585790302e-22
568.7856916891689 1.158209672892103e-22
568.8843225922592 1.1580325415225388e-22
568.9829534953495 1.1578554644452624e-22
569.0815843984398 1.157678441635216e-22
569.1802153015301 1.1575014730673553e-22
569.2788462046204 1.157324558716652e-22
569.3774771077107 1.1571476985580941e-22
569.476108010801 1.1569708925666839e-22
569.5747389138913 1.1567941407174406e-22
569.6733698169817 1.1566174429853977e-22
569.7720007200719 1.1564407993456044e-22
569.8706316231622 1.1562642097731253e-22
569.9692625262526 1.1560876742430406e-22
570.0678934293429 1.1559111927304463e-22
570.1665243324331 1.1557347652104531e-22
570.2651552355235 1.1555583916581866e-22
570.3637861386138 1.1553820720487897e-22
570.4624170417042 1.1552058063574188e-22
570.5610479447944 1.1550295945592465e-22
570.6596788478847 1.1548534366294609e-22
570.7583097509751 1.1546773325432635e-22
570.8569406540654 1.1545012822758749e-22
570.9555715571556 1.1543252858025277e-22
571.054202460246 1.1541493430984698e-22
571.1528333633363 1.1539734541389672e-22
571.2514642664266 1.153797618899299e-22
571.3500951695169 1.1536218373547594e-22
571.4487260726072 1.1534461094806588e-22
571.5473569756975 1.1532704352523218e-22
571.6459878787879 1.1530948146450896e-22
571.7446187818781 1.152919247634318e-22
571.8432496849684 1.1527437341953771e-22
571.9418805880588 1.1525682743036534e-22
572.040511491149 1.152392867934548e-22
572.1391423942393 1.1522175150634767e-22
572.2377732973297 1.1520422156658723e-22
572.33640420042 1.15186696971718e-22
572.4350351035102 1.151691777192862e-22
572.5336660066006 1.151516638068396e-22
572.6322969096909 1.151341552319273e-22
572.7309278127813 1.1511665199210004e-22
572.8295587158715 1.1509915408491e-22
572.9281896189618 1.1508166150791097e-22
573.0268205220522 1.150641742586581e-22
573.1254514251425 1.1504669233470816e-22
573.2240823282327 1.1502921573361935e-22
573.3227132313231 1.1501174445295144e-22
573.4213441344134 1.149942784902656e-22
573.5199750375037 1.1497681784312465e-22
573.618605940594 1.1495936250909274e-22
573.7172368436843 1.1494191248573567e-22
573.8158677467746 1.149244677706206e-22
573.914498649865 1.1490702836131627e-22
574.0131295529552 1.1488959425539293e-22
574.1117604560455 1.148721654504222e-22
574.2103913591359 1.1485474194397737e-22
574.3090222622262 1.1483732373363301e-22
574.4076531653164 1.1481991081696546e-22
574.5062840684068 1.1480250319155223e-22
574.6049149714971 1.147851008549725e-22
574.7035458745873 1.14767703804807e-22
574.8021767776777 1.1475031203863768e-22
574.900807680768 1.1473292555404829e-22
574.9994385838584 1.1471554434862385e-22
575.0980694869486 1.1469816841995094e-22
575.1967003900389 1.146807977656176e-22
575.2953312931293 1.1466343238321338e-22
575.3939621962196 1.1464607227032918e-22
575.4925930993098 1.1462871742455762e-22
575.5912240024002 1.1461136784349256e-22
575.6898549054905 1.1459402352472945e-22
575.7884858085808 1.1457668446586516e-22
575.8871167116711 1.1455935066449813e-22
575.9857476147614 1.1454202211822815e-22
576.0843785178517 1.145246988246565e-22
576.1830094209421 1.1450738078138605e-22
576.2816403240323 1.1449006798602096e-22
576.3802712271226 1.1447276043616697e-22
576.478902130213 1.1445545812943127e-22
576.5775330333033 1.144381610634225e-22
576.6761639363936 1.1442086923575077e-22
576.7747948394839 1.1440358264402766e-22
576.8734257425742 1.143863012858661e-22
576.9720566456646 1.143690251588807e-22
577.0706875487548 1.143517542606874e-22
577.1693184518451 1.1433448858890345e-22
577.2679493549355 1.1431722814114787e-22
577.3665802580257 1.1429997291504087e-22
577.465211161116 1.1428272290820424e-22
577.5638420642064 1.1426547811826125e-22
577.6624729672967 1.1424823854283652e-22
577.7611038703869 1.1423100417955618e-22
577.8597347734773 1.1421377502604781e-22
577.9583656765676 1.141965510799404e-22
578.056996579658 1.1417933233886445e-22
578.1556274827482 1.1416211880045182e-22
578.2542583858385 1.1414491046233593e-22
578.3528892889288 1.141277073221515e-22
578.4515201920192 1.1411050937753485e-22
578.5501510951094 1.140933166261237e-22
578.6487819981998 1.1407612906555695e-22
578.7474129012901 1.1405894669347534e-22
578.8460438043804 1.1404176950752088e-22
578.9446747074707 1.1402459750533702e-22
579.043305610561 1.1400743068456846e-22
579.1419365136513 1.1399026904286173e-22
579.2405674167417 1.1397311257786442e-22
579.3391983198319 1.1395596128722579e-22
579.4378292229222 1.139388151685964e-22
579.5364601260126 1.1392167421962826e-22
579.6350910291029 1.1390453843797494e-22
579.7337219321931 1.1388740782129117e-22
579.8323528352835 1.1387028236723347e-22
579.9309837383738 1.1385316207345944e-22
580.029614641464 1.138360469376283e-22
580.1282455445544 1.1381893695740064e-22
580.2268764476447 1.1380183213043848e-22
580.325507350735 1.137847324544053e-22
580.4241382538253 1.1376763792696586e-22
580.5227691569156 1.1375054854578654e-22
580.621400060006 1.1373346430853505e-22
580.7200309630963 1.1371638521288036e-22
580.8186618661865 1.136993112564932e-22
580.9172927692769 1.1368224243704534e-22
581.0159236723672 1.1366517875221027e-22
581.1145545754575 1.1364812019966266e-22
581.2131854785478 1.1363106677707879e-22
581.3118163816381 1.136140184821362e-22
581.4104472847284 1.1359697531251394e-22
581.5090781878188 1.1357993726589242e-22
581.607709090909 1.1356290433995344e-22
581.7063399939993 1.1354587653238018e-22
581.8049708970897 1.135288538408574e-22
581.90360180018 1.1351183626307103e-22
582.0022327032702 1.1349482379670856e-22
582.1008636063606 1.1347781643945885e-22
582.1994945094509 1.134608141890121e-22
582.2981254125413 1.1344381704306e-22
582.3967563156315 1.134268249992956e-22
582.4953872187218 1.134098380554133e-22
582.5940181218122 1.1339285620910892e-22
582.6926490249024 1.1337587945807982e-22
582.7912799279927 1.1335890780002454e-22
582.8899108310831 1.13341941232643e-22
582.9885417341734 1.1332497975363687e-22
583.0871726372636 1.1330802336070877e-22
583.185803540354 1.1329107205156291e-22
583.2844344434443 1.13274125823905e-22
583.3830653465346 1.132571846754419e-22
583.4816962496249 1.1324024860388202e-22
583.5803271527152 1.1322331760693505e-22
583.6789580558055 1.132063916823122e-22
583.7775889588959 1.13189470827726e-22
583.8762198619861 1.131725550408903e-22
583.9748507650764 1.131556443195204e-22
584.0734816681668 1.1313873866133297e-22
584.1721125712571 1.1312183806404613e-22
584.2707434743473 1.1310494252537911e-22
584.3693743774377 1.1308805204305297e-22
584.468005280528 1.1307116661478964e-22
584.5666361836184 1.1305428623831285e-22
584.6652670867086 1.1303741091134747e-22
584.7638979897989 1.1302054063161986e-22
584.8625288928893 1.1300367539685752e-22
584.9611597959796 1.1298681520478968e-22
585.0597906990698 1.1296996005314672e-22
585.1584216021602 1.1295310993966038e-22
585.2570525052505 1.1293626486206388e-22
585.3556834083407 1.1291942481809169e-22
585.4543143114311 1.1290258980547972e-22
585.5529452145214 1.128857598219652e-22
585.6515761176117 1.1286893486528674e-22
585.750207020702 1.1285211493318446e-22
585.8488379237923 1.1283530002339953e-22
585.9474688268826 1.128184901336747e-22
586.046099729973 1.1280168526175417e-22
586.1447306330632 1.1278488540538317e-22
586.2433615361535 1.127680905623086e-22
586.3419924392439 1.1275130073027857e-22
586.4406233423342 1.1273451590704264e-22
586.5392542454244 1.1271773609035152e-22
586.6378851485148 1.1270096127795754e-22
586.7365160516051 1.126841914676142e-22
586.8351469546955 1.1266742665707649e-22
586.9337778577857 1.1265066684410051e-22
587.032408760876 1.1263391202644402e-22
587.1310396639664 1.1261716220186595e-22
587.2296705670567 1.1260041736812654e-22
587.3283014701469 1.1258367752298756e-22
587.4269323732373 1.1256694266421194e-22
587.5255632763276 1.1255021278956398e-22
587.6241941794179 1.1253348789680941e-22
587.7228250825082 1.1251676798371533e-22
587.8214559855985 1.1250005304805e-22
587.9200868886888 1.1248334308758322e-22
588.0187177917791 1.12466638100086e-22
588.1173486948694 1.1244993808333078e-22
588.2159795979597 1.1243324303509117e-22
588.3146105010501 1.124165529531424e-22
588.4132414041403 1.1239986783526076e-22
588.5118723072306 1.1238318767922402e-22
588.610503210321 1.1236651248281126e-22
588.7091341134113 1.1234984224380284e-22
588.8077650165015 1.1233317695998066e-22
588.9063959195919 1.123165166291275e-22
589.0050268226822 1.1229986124902795e-22
589.1036577257726 1.122832108174677e-22
589.2022886288628 1.1226656533223384e-22
589.3009195319531 1.1224992479111466e-22
589.3995504350435 1.1223328919189997e-22
589.4981813381338 1.1221665853238066e-22
589.596812241224 1.1220003281034916e-22
589.6954431443144 1.1218341202359917e-22
589.7940740474047 1.121667961699256e-22
589.892704950495 1.121501852471249e-22
589.9913358535853 1.1213357925299455e-22
590.0899667566756 1.1211697818533363e-22
590.188597659766 1.121003820419424e-22
590.2872285628563 1.1208379082062232e-22
590.3858594659465 1.120672045191764e-22
590.4844903690368 1.120506231354089e-22
590.5831212721272 1.1203404666712525e-22
590.6817521752174 1.1201747511213237e-22
590.7803830783078 1.120009084682384e-22
590.8790139813981 1.1198434673325276e-22
590.9776448844884 1.119677899049863e-22
591.0762757875787 1.1195123798125097e-22
591.174906690669 1.1193469095986036e-22
591.2735375937593 1.1191814883862899e-22
591.3721684968497 1.1190161161537305e-22
591.4707993999399 1.1188507928790966e-22
591.5694303030302 1.118685518540575e-22
591.6680612061206 1.1185202931163657e-22
591.7666921092109 1.11835511658468e-22
591.8653230123011 1.1181899889237434e-22
591.9639539153915 1.118024910111794e-22
592.0625848184818 1.117859880127083e-22
592.1612157215721 1.1176948989478744e-22
592.2598466246624 1.1175299665524458e-22
592.3584775277527 1.1173650829190873e-22
592.457108430843 1.1172002480261011e-22
592.5557393339334 1.1170354618518037e-22
592.6543702370236 1.1168707243745246e-22
592.753001140114 1.1167060355726048e-22
592.8516320432043 1.1165413954243986e-22
592.9502629462946 1.116376803908275e-22
593.0488938493849 1.1162122610026143e-22
593.1475247524752 1.1160477666858088e-22
593.2461556555655 1.1158833209362659e-22
593.3447865586558 1.1157189237324043e-22
593.4434174617461 1.1155545750526557e-22
593.5420483648364 1.1153902748754656e-22
593.6406792679268 1.115226023179291e-22
593.739310171017 1.115061819942603e-22
593.8379410741073 1.1148976651438847e-22
593.9365719771977 1.1147335587616323e-22
594.035202880288 1.1145695007743544e-22
594.1338337833782 1.1144054911605732e-22
594.2324646864686 1.1142415298988228e-22
594.3310955895589 1.1140776169676505e-22
594.4297264926493 1.1139137523456166e-22
594.5283573957395 1.1137499360112933e-22
594.6269882988298 1.1135861679432662e-22
594.7256192019202 1.113422448120134e-22
594.8242501050105 1.113258776520507e-22
594.9228810081007 1.1130951531230097e-22
595.021511911191 1.112931577906278e-22
595.1201428142814 1.1127680508489601e-22
595.2187737173717 1.112604571929719e-22
595.317404620462 1.1124411411272282e-22
595.4160355235523 1.1122777584201753e-22
595.5146664266426 1.1121144237872603e-22
595.613297329733 1.111951137207194e-22
595.7119282328232 1.1117878986587035e-22
595.8105591359135 1.1116247081205243e-22
595.9091900390039 1.111461565571408e-22
596.0078209420941 1.1112984709901175e-22
596.1064518451844 1.111135424355427e-22
596.2050827482748 1.1109724256461258e-22
596.3037136513651 1.1108094748410135e-22
596.4023445544553 1.1106465719189045e-22
596.5009754575457 1.1104837168586226e-22
596.599606360636 1.1103209096390074e-22
596.6982372637264 1.1101581502389094e-22
596.7968681668166 1.1099954386371926e-22
596.8954990699069 1.109832774812731e-22
596.9941299729973 1.1096701587444147e-22
597.0927608760876 1.109507590411144e-22
597.1913917791778 1.1093450697918329e-22
597.2900226822682 1.1091825968654057e-22
597.3886535853585 1.1090201716108014e-22
597.4872844884488 1.1088577940069712e-22
597.5859153915391 1.1086954640328785e-22
597.6845462946294 1.1085331816674977e-22
597.7831771977197 1.1083709468898175e-22
597.8818081008101 1.1082087596788394e-22
597.9804390039003 1.1080466200135753e-22
598.0790699069906 1.1078845278730508e-22
598.177700810081 1.1077224832363033e-22
598.2763317131713 1.1075604860823844e-22
598.3749626162615 1.107398536390355e-22
598.4735935193519 1.1072366341392905e-22
598.5722244224422 1.1070747793082784e-22
598.6708553255324 1.1069129718764182e-22
598.7694862286228 1.1067512118228218e-22
598.8681171317131 1.1065894991266134e-22
598.9667480348035 1.1064278337669296e-22
599.0653789378937 1.10626621572292e-22
599.164009840984 1.1061046449737452e-22
599.2626407440744 1.1059431214985789e-22
599.3612716471647 1.1057816452766064e-22
599.4599025502549 1.105620216287027e-22
599.5585334533453 1.1054588345090502e-22
599.6571643564356 1.105297499921899e-22
599.7557952595259 1.1051362125048082e-22
599.8544261626162 1.1049749722370254e-22
599.9530570657065 1.104813779097809e-22
600.0516879687968 1.1046526330664313e-22
600.1503188718872 1.104491534122176e-22
600.2489497749774 1.104330482244339e-22
600.3475806780677 1.1041694774122294e-22
600.4462115811581 1.1040085196051663e-22
600.5448424842484 1.1038476088024827e-22
600.6434733873386 1.103686744983524e-22
600.742104290429 1.1035259281276465e-22
600.8407351935193 1.1033651582142194e-22
600.9393660966097 1.1032044352226244e-22
601.0379969996999 1.1030437591322546e-22
601.1366279027902 1.1028831299225153e-22
601.2352588058806 1.102722547572824e-22
601.3338897089708 1.102562012062611e-22
601.4325206120611 1.102401523371317e-22
601.5311515151515 1.1022410814783972e-22
601.6297824182418 1.102080686363317e-22
601.728413321332 1.1019203380055552e-22
601.8270442244224 1.101760036384601e-22
601.9256751275127 1.1015997814799566e-22
602.024306030603 1.1014395732711369e-22
602.1229369336933 1.1012794117376677e-22
602.2215678367836 1.1011192968590867e-22
602.320198739874 1.1009592286149457e-22
602.4188296429643 1.1007992069848062e-22
602.5174605460545 1.1006392319482425e-22
602.6160914491448 1.1004793034848412e-22
602.7147223522352 1.1003194215742e-22
602.8133532553255 1.1001595861959298e-22
602.9119841584157 1.099999797329653e-22
603.0106150615061 1.099840054955003e-22
603.1092459645964 1.0996803590516264e-22
603.2078768676868 1.0995207095991812e-22
603.306507770777 1.0993611065773382e-22
603.4051386738673 1.0992015499657777e-22
603.5037695769577 1.0990420397441952e-22
603.602400480048 1.0988825758922954e-22
603.7010313831382 1.0987231583897967e-22
603.7996622862286 1.0985637872164282e-22
603.8982931893189 1.098404462351932e-22
603.9969240924091 1.0982451837760597e-22
604.0955549954995 1.0980859514685785e-22
604.1941858985898 1.0979267654092638e-22
604.2928168016801 1.0977676255779048e-22
604.3914477047704 1.0976085319543034e-22
604.4900786078607 1.097449484518271e-22
604.588709510951 1.097290483249632e-22
604.6873404140414 1.0971315281282224e-22
604.7859713171316 1.0969726191338906e-22
604.884602220222 1.0968137562464966e-22
604.9832331233123 1.096654939445911e-22
605.0818640264026 1.0964961687120173e-22
605.1804949294929 1.0963374440247113e-22
605.2791258325832 1.096178765363899e-22
605.3777567356735 1.0960201327094989e-22
605.4763876387639 1.0958615460414416e-22
605.5750185418541 1.0957030053396697e-22
605.6736494449444 1.0955445105841361e-22
605.7722803480348 1.0953860617548064e-22
605.8709112511251 1.0952276588316575e-22
605.9695421542153 1.095069301794679e-22
606.0681730573057 1.0949109906238709e-22
606.166803960396 1.0947527252992455e-22
606.2654348634863 1.094594505800827e-22
606.3640657665766 1.0944363321086506e-22
606.4626966696669 1.0942782042027633e-22
606.5613275727572 1.0941201220632246e-22
606.6599584758475 1.0939620856701047e-22
606.7585893789378 1.0938040950034854e-22
606.8572202820282 1.09364615004346e-22
606.9558511851185 1.0934882507701352e-22
607.0544820882087 1.0933303971636268e-22
607.153112991299 1.0931725892040644e-22
607.2517438943894 1.093014826871587e-22
607.3503747974797 1.0928571101463464e-22
607.44900570057 1.0926994390085068e-22
607.5476366036603 1.0925418134382422e-22
607.6462675067506 1.0923842334157392e-22
607.744898409841 1.0922266989211956e-22
607.8435293129312 1.092069209934821e-22
607.9421602160215 1.0919117664368354e-22
608.0407911191119 1.0917543684074734e-22
608.1394220222022 1.0915970158269775e-22
608.2380529252924 1.0914397086756036e-22
608.3366838283828 1.091282446933618e-22
608.4353147314731 1.0911252305813e-22
608.5339456345635 1.090968059598939e-22
608.6325765376537 1.0908109339668372e-22
608.731207440744 1.0906538536653065e-22
608.8298383438344 1.0904968186746717e-22
608.9284692469247 1.0903398289752687e-22
609.0271001500149 1.0901828845474446e-22
609.1257310531053 1.0900259853715573e-22
609.2243619561956 1.089869131427978e-22
609.3229928592858 1.0897123226970874e-22
609.4216237623762 1.0895555591592786e-22
609.5202546654665 1.0893988407949553e-22
609.6188855685568 1.0892421675845342e-22
609.7175164716471 1.089085539508441e-22
609.8161473747374 1.0889289565471149e-22
609.9147782778277 1.088772418681005e-22
610.0134091809181 1.088615925890573e-22
610.1120400840083 1.0884594781562915e-22
610.2106709870986 1.0883030754586433e-22
610.309301890189 1.0881467177781236e-22
610.4079327932793 1.0879904050952398e-22
610.5065636963695 1.0878341373905083e-22
610.6051945994599 1.0876779146444587e-22
610.7038255025502 1.0875217368376317e-22
610.8024564056406 1.0873656039505781e-22
610.9010873087308 1.0872095159638606e-22
610.9997182118211 1.087053472858054e-22
611.0983491149115 1.0868974746137433e-22
611.1969800180018 1.0867415212115247e-22
611.295610921092 1.0865856126320074e-22
611.3942418241824 1.0864297488558086e-22
611.4928727272727 1.0862739298635602e-22
611.591503630363 1.0861181556359027e-22
611.6901345334533 1.0859624261534895e-22
611.7887654365436 1.085806741396984e-22
611.8873963396339 1.0856511013470616e-22
611.9860272427242 1.0854955059844087e-22
612.0846581458145 1.0853399552897226e-22
612.1832890489048 1.0851844492437119e-22
612.2819199519952 1.0850289878270964e-22
612.3805508550854 1.0848735710206079e-22
612.4791817581757 1.0847181988049873e-22
612.5778126612661 1.084562871160988e-22
612.6764435643564 1.0844075880693752e-22
612.7750744674466 1.0842523495109242e-22
612.873705370537 1.0840971554664207e-22
612.9723362736273 1.0839420059166638e-22
613.0709671767177 1.0837869008424612e-22
613.1695980798079 1.0836318402246325e-22
613.2682289828982 1.0834768240440102e-22
613.3668598859886 1.083321852281435e-22
613.4654907890789 1.0831669249177608e-22
613.5641216921691 1.0830120419338518e-22
613.6627525952595 1.0828572033105825e-22
613.7613834983498 1.0827024090288391e-22
613.8600144014401 1.08254765906952e-22
613.9586453045304 1.0823929534135327e-22
614.0572762076207 1.0822382920417962e-22
614.155907110711 1.0820836749352418e-22
614.2545380138014 1.0819291020748096e-22
614.3531689168916 1.0817745734414529e-22
614.4517998199819 1.0816200890161352e-22
614.5504307230723 1.0814656487798295e-22
614.6490616261625 1.081311252713523e-22
614.7476925292528 1.0811569007982099e-22
614.8463234323432 1.0810025930148983e-22
614.9449543354335 1.0808483293446062e-22
615.0435852385237 1.0806941097683625e-22
615.1422161416141 1.0805399342672078e-22
615.2408470447044 1.080385802822192e-22
615.3394779477948 1.0802317154143778e-22
615.438108850885 1.0800776720248368e-22
615.5367397539753 1.0799236726346539e-22
615.6353706570657 1.0797697172249227e-22
615.734001560156 1.0796158057767487e-22
615.8326324632462 1.0794619382712487e-22
615.9312633663366 1.0793081146895492e-22
616.0298942694269 1.0791543350127882e-22
616.1285251725172 1.079000599222115e-22
616.2271560756075 1.0788469072986883e-22
616.3257869786978 1.0786932592236798e-22
616.4244178817881 1.0785396549782696e-22
616.5230487848785 1.0783860945436505e-22
616.6216796879687 1.0782325779010258e-22
616.720310591059 1.0780791050316084e-22
616.8189414941494 1.0779256759166234e-22
616.9175723972397 1.0777722905373055e-22
617.01620330033 1.0776189488749018e-22
617.1148342034203 1.0774656509106683e-22
617.2134651065106 1.0773123966258727e-22
617.3120960096009 1.077159186001794e-22
617.4107269126912 1.0770060190197203e-22
617.5093578157815 1.0768528956609524e-22
617.6079887188719 1.0766998159068013e-22
617.7066196219621 1.0765467797385862e-22
617.8052505250524 1.0763937871376414e-22
617.9038814281428 1.0762408380853083e-22
618.0025123312331 1.0760879325629413e-22
618.1011432343233 1.0759350705519047e-22
618.1997741374137 1.0757822520335717e-22
618.298405040504 1.0756294769893293e-22
618.3970359435943 1.0754767454005734e-22
618.4956668466846 1.0753240572487102e-22
618.5942977497749 1.0751714125151576e-22
618.6929286528652 1.075018811181344e-22
618.7915595559556 1.0748662532287078e-22
618.8901904590458 1.0747137386386993e-22
618.9888213621362 1.074561267392777e-22
619.0874522652265 1.074408839472413e-22
619.1860831683168 1.0742564548590874e-22
619.284714071407 1.0741041135342931e-22
619.3833449744974 1.0739518154795317e-22
619.4819758775877 1.073799560676317e-22
619.5806067806781 1.0736473491061716e-22
619.6792376837683 1.0734951807506305e-22
619.7778685868586 1.0733430555912382e-22
619.876499489949 1.0731909736095505e-22
619.9751303930392 1.0730389347871326e-22
620.0737612961295 1.0728869391055611e-22
620.1723921992199 1.072734986546423e-22
620.2710231023102 1.0725830770913155e-22
620.3696540054004 1.0724312107218468e-22
620.4682849084908 1.0722793874196355e-22
620.5669158115811 1.0721276071663107e-22
620.6655467146714 1.0719758699435114e-22
620.7641776177617 1.0718241757328876e-22
620.862808520852 1.0716725245161003e-22
620.9614394239424 1.0715209162748195e-22
621.0600703270327 1.0713693509907274e-22
621.1587012301229 1.071217828645516e-22
621.2573321332133 1.0710663492208866e-22
621.3559630363036 1.0709149126985527e-22
621.4545939393939 1.070763519060237e-22
621.5532248424842 1.0706121682876736e-22
621.6518557455745 1.0704608603626064e-22
621.7504866486648 1.0703095952667897e-22
621.8491175517552 1.0701583729819878e-22
621.9477484548454 1.0700071934899771e-22
622.0463793579357 1.0698560567725422e-22
622.1450102610261 1.0697049628114796e-22
622.2436411641164 1.0695539115885953e-22
622.3422720672066 1.0694029030857063e-22
622.440902970297 1.0692519372846396e-22
622.5395338733873 1.069101014167233e-22
622.6381647764775 1.0689501337153342e-22
622.7367956795679 1.068799295910801e-22
622.8354265826582 1.0686485007355013e-22
622.9340574857486 1.0684977481713155e-22
623.0326883888388 1.0683470382001314e-22
623.1313192919291 1.068196370803849e-22
623.2299501950195 1.068045745964378e-22
623.3285810981098 1.0678951636636382e-22
623.4272120012 1.0677446238835594e-22
623.5258429042904 1.067594126606083e-22
623.6244738073807 1.0674436718131593e-22
623.723104710471 1.0672932594867502e-22
623.8217356135613 1.0671428896088264e-22
623.9203665166516 1.0669925621613694e-22
624.0189974197419 1.0668422771263717e-22
624.1176283228323 1.0666920344858349e-22
624.2162592259225 1.066541834221771e-22
624.3148901290128 1.0663916763162031e-22
624.4135210321032 1.0662415607511637e-22
624.5121519351935 1.0660914875086963e-22
624.6107828382837 1.0659414565708534e-22
624.7094137413741 1.0657914679196986e-22
624.8080446444644 1.0656415215373049e-22
624.9066755475548 1.0654916174057566e-22
625.005306450645 1.0653417555071479e-22
625.1039373537353 1.065191935823582e-22
625.2025682568257 1.0650421583371735e-22
625.3011991599159 1.0648924230300473e-22
625.3998300630062 1.0647427298843364e-22
625.4984609660966 1.0645930788821865e-22
625.5970918691869 1.0644434700057527e-22
625.6957227722771 1.0642939032371992e-22
625.7943536753675 1.0641443785587003e-22
625.8929845784578 1.0639948959524418e-22
625.9916154815481 1.0638454554006195e-22
626.0902463846384 1.0636960568854383e-22
626.1888772877287 1.0635467003891127e-22
626.287508190819 1.0633973858938685e-22
626.3861390939094 1.0632481133819419e-22
626.4847699969996 1.063098882835578e-22
626.5834009000899 1.0629496942370314e-22
626.6820318031803 1.0628005475685691e-22
626.7806627062706 1.0626514428124663e-22
626.8792936093608 1.0625023799510097e-22
626.9779245124512 1.062353358966493e-22
627.0765554155415 1.062204379841223e-22
627.1751863186319 1.062055442557516e-22
627.2738172217221 1.0619065470976968e-22
627.3724481248124 1.0617576934441017e-22
627.4710790279028 1.0616088815790764e-22
627.5697099309931 1.0614601114849768e-22
627.6683408340833 1.0613113831441685e-22
627.7669717371737 1.061162696539027e-22
627.865602640264 1.0610140516519378e-22
627.9642335433542 1.0608654484652976e-22
628.0628644464446 1.0607168869615105e-22
628.1614953495349 1.0605683671229925e-22
628.2601262526252 1.060419888932169e-22
628.3587571557155 1.060271452371476e-22
628.4573880588058 1.0601230574233576e-22
628.5560189618961 1.0599747040702698e-22
628.6546498649865 1.0598263922946773e-22
628.7532807680767 1.0596781220790557e-22
628.851911671167 1.0595298934058887e-22
628.9505425742574 1.0593817062576724e-22
629.0491734773477 1.05923356061691e-22
629.147804380438 1.0590854564661176e-22
629.2464352835283 1.0589373937878189e-22
629.3450661866186 1.058789372564547e-22
629.443697089709 1.0586413927788473e-22
629.5423279927992 1.0584934544132734e-22
629.6409588958895 1.0583455574503883e-22
629.7395897989799 1.0581977018727669e-22
629.8382207020702 1.0580498876629919e-22
629.9368516051604 1.0579021148036561e-22
630.0354825082508 1.0577543832773628e-22
630.1341134113411 1.0576066930667254e-22
630.2327443144314 1.0574590441543657e-22
630.3313752175217 1.0573114365229164e-22
630.430006120612 1.0571638701550196e-22
630.5286370237023 1.0570163450333273e-22
630.6272679267926 1.0568688611405012e-22
630.7258988298829 1.0567214184592125e-22
630.8245297329732 1.0565740169721427e-22
630.9231606360636 1.0564266566619826e-22
631.0217915391538 1.0562793375114335e-22
631.1204224422441 1.0561320595032045e-22
631.2190533453345 1.055984822620017e-22
631.3176842484248 1.0558376268446003e-22
631.416315151515 1.0556904721596945e-22
631.5149460546054 1.0555433585480482e-22
631.6135769576957 1.0553962859924202e-22
631.7122078607861 1.0552492544755797e-22
631.8108387638763 1.0551022639803053e-22
631.9094696669666 1.0549553144893845e-22
632.008100570057 1.0548084059856149e-22
632.1067314731473 1.0546615384518041e-22
632.2053623762375 1.0545147118707695e-22
632.3039932793279 1.054367926225337e-22
632.4026241824182 1.0542211814983431e-22
632.5012550855085 1.0540744776726342e-22
632.5998859885988 1.0539278147310654e-22
632.6985168916891 1.0537811926565018e-22
632.7971477947794 1.0536346114318187e-22
632.8957786978698 1.0534880710398998e-22
632.99440960096 1.0533415714636399e-22
633.0930405040504 1.0531951126859422e-22
633.1916714071407 1.0530486946897196e-22
633.2903023102309 1.0529023174578957e-22
633.3889332133213 1.0527559809734017e-22
633.4875641164116 1.0526096852191798e-22
633.5861950195019 1.0524634301781823e-22
633.6848259225922 1.0523172158333696e-22
633.7834568256825 1.0521710421677125e-22
633.8820877287728 1.0520249091641905e-22
633.9807186318632 1.051878816805794e-22
634.0793495349534 1.0517327650755216e-22
634.1779804380437 1.0515867539563823e-22
634.2766113411341 1.0514407834313941e-22
634.3752422442244 1.0512948534835849e-22
634.4738731473146 1.051148964095992e-22
634.572504050405 1.0510031152516619e-22
634.6711349534953 1.0508573069336504e-22
634.7697658565856 1.050711539125024e-22
634.8683967596759 1.0505658118088578e-22
634.9670276627662 1.0504201249682354e-22
635.0656585658566 1.0502744785862516e-22
635.1642894689469 1.0501288726460095e-22
635.2629203720371 1.0499833071306229e-22
635.3615512751275 1.0498377820232135e-22
635.4601821782178 1.0496922973069132e-22
635.5588130813081 1.0495468529648636e-22
635.6574439843984 1.0494014489802147e-22
635.7560748874887 1.0492560853361276e-22
635.854705790579 1.0491107620157707e-22
635.9533366936693 1.0489654790023238e-22
636.0519675967596 1.0488202362789743e-22
636.1505984998499 1.0486750338289212e-22
636.2492294029403 1.0485298716353708e-22
636.3478603060305 1.048384749681539e-22
636.4464912091208 1.0482396679506525e-22
636.5451221122112 1.0480946264259458e-22
636.6437530153015 1.0479496250906638e-22
636.7423839183917 1.0478046639280608e-22
636.8410148214821 1.0476597429213987e-22
636.9396457245724 1.0475148620539515e-22
637.0382766276628 1.047370021309e-22
637.136907530753 1.0472252206698361e-22
637.2355384338433 1.04708046011976e-22
637.3341693369337 1.0469357396420812e-22
637.432800240024 1.0467910592201196e-22
637.5314311431142 1.0466464188372029e-22
637.6300620462046 1.0465018184766692e-22
637.7286929492949 1.0463572581218653e-22
637.8273238523852 1.0462127377561474e-22
637.9259547554755 1.0460682573628815e-22
638.0245856585658 1.0459238169254416e-22
638.1232165616561 1.0457794164272124e-22
638.2218474647465 1.0456350558515868e-22
638.3204783678367 1.0454907351819677e-22
638.419109270927 1.0453464544017667e-22
638.5177401740174 1.0452022134944043e-22
638.6163710771076 1.0450580124433117e-22
638.7150019801979 1.044913851231928e-22
638.8136328832883 1.0447697298437017e-22
638.9122637863786 1.0446256482620906e-22
639.0108946894688 1.0444816064705621e-22
639.1095255925592 1.0443376044525917e-22
639.2081564956495 1.0441936421916657e-22
639.3067873987399 1.0440497196712783e-22
639.4054183018301 1.0439058368749333e-22
639.5040492049204 1.0437619937861439e-22
639.6026801080108 1.0436181903884321e-22
639.7013110111011 1.0434744266653287e-22
639.7999419141913 1.0433307026003751e-22
639.8985728172817 1.04318701817712e-22
639.997203720372 1.0430433733791223e-22
640.0958346234623 1.0428997681899499e-22
640.1944655265526 1.0427562025931799e-22
640.2930964296429 1.0426126765723982e-22
640.3917273327332 1.0424691901111999e-22
640.4903582358236 1.0423257431931892e-22
640.5889891389138 1.0421823358019798e-22
640.6876200420041 1.0420389679211938e-22
640.7862509450945 1.0418956395344632e-22
640.8848818481848 1.0417523506254278e-22
640.983512751275 1.0416091011777384e-22
641.0821436543654 1.0414658911750522e-22
641.1807745574557 1.041322720601039e-22
641.279405460546 1.0411795894393736e-22
641.3780363636363 1.0410364976737432e-22
641.4766672667266 1.0408934452878427e-22
641.575298169817 1.0407504322653756e-22
641.6739290729072 1.0406074585900553e-22
641.7725599759975 1.0404645242456031e-22
641.8711908790879 1.0403216292157512e-22
641.9698217821782 1.0401787734842387e-22
642.0684526852684 1.0400359570348149e-22
642.1670835883588 1.0398931798512378e-22
642.2657144914491 1.0397504419172744e-22
642.3643453945394 1.0396077432167009e-22
642.4629762976297 1.0394650837333027e-22
642.56160720072 1.0393224634508728e-22
642.6602381038103 1.0391798823532141e-22
642.7588690069007 1.0390373404241398e-22
642.8574999099909 1.0388948376474699e-22
642.9561308130812 1.0387523740070335e-22
643.0547617161716 1.0386099494866703e-22
643.1533926192619 1.0384675640702276e-22
643.2520235223521 1.0383252177415623e-22
643.3506544254425 1.0381829104845388e-22
643.4492853285328 1.0380406422830328e-22
643.5479162316232 1.0378984131209271e-22
643.6465471347134 1.0377562229821139e-22
643.7451780378037 1.0376140718504939e-22
643.8438089408941 1.0374719597099779e-22
643.9424398439843 1.0373298865444847e-22
644.0410707470746 1.0371878523379415e-22
644.139701650165 1.0370458570742847e-22
644.2383325532553 1.0369039007374607e-22
644.3369634563455 1.0367619833114237e-22
644.4355943594359 1.0366201047801365e-22
644.5342252625262 1.0364782651275711e-22
644.6328561656165 1.0363364643377084e-22
644.7314870687068 1.0361947023945388e-22
644.8301179717971 1.0360529792820601e-22
644.9287488748874 1.03591129498428e-22
645.0273797779778 1.0357696494852148e-22
645.126010681068 1.0356280427688897e-22
645.2246415841583 1.0354864748193378e-22
645.3232724872487 1.0353449456206019e-22
645.421903390339 1.0352034551567337e-22
645.5205342934293 1.0350620034117937e-22
645.6191651965196 1.0349205903698499e-22
645.7177960996099 1.0347792160149805e-22
645.8164270027003 1.0346378803312724e-22
645.9150579057905 1.0344965833028204e-22
646.0136888088808 1.0343553249137286e-22
646.1123197119712 1.0342141051481098e-22
646.2109506150615 1.0340729239900852e-22
646.3095815181517 1.0339317814237857e-22
646.4082124212421 1.0337906774333498e-22
646.5068433243324 1.0336496120029253e-22
646.6054742274226 1.0335085851166686e-22
646.704105130513 1.0333675967587452e-22
646.8027360336033 1.033226646913328e-22
646.9013669366936 1.0330857355646005e-22
646.9999978397839 1.0329448626967537e-22
647.0986287428742 1.0328040282939873e-22
647.1972596459646 1.03266323234051e-22
647.2958905490549 1.0325224748205387e-22
647.3945214521451 1.0323817557183e-22
647.4931523552355 1.0322410750180284e-22
647.5917832583258 1.0321004327039668e-22
647.6904141614161 1.0319598287603672e-22
647.7890450645064 1.0318192631714906e-22
647.8876759675967 1.0316787359216058e-22
647.986306870687 1.0315382469949907e-22
648.0849377737774 1.0313977963759318e-22
648.1835686768676 1.0312573840487244e-22
648.2821995799579 1.0311170099976719e-22
648.3808304830483 1.0309766742070871e-22
648.4794613861386 1.0308363766612901e-22
648.5780922892288 1.0306961173446114e-22
648.6767231923192 1.0305558962413886e-22
648.7753540954095 1.0304157133359681e-22
648.8739849984999 1.0302755686127061e-22
648.9726159015901 1.0301354620559658e-22
649.0712468046804 1.0299953936501196e-22
649.1698777077708 1.0298553633795488e-22
649.268508610861 1.0297153712286427e-22
649.3671395139513 1.0295754171817994e-22
649.4657704170417 1.0294355012234263e-22
649.564401320132 1.0292956233379375e-22
649.6630322232222 1.0291557835097575e-22
649.7616631263126 1.0290159817233181e-22
649.8602940294029 1.0288762179630601e-22
649.9589249324932 1.0287364922134336e-22
650.0575558355835 1.028596804458895e-22
650.1561867386738 1.0284571546839118e-22
650.2548176417641 1.028317542872958e-22
650.3534485448545 1.028177969010518e-22
650.4520794479447 1.0280384330810825e-22
650.550710351035 1.0278989350691519e-22
650.6493412541254 1.0277594749592356e-22
650.7479721572157 1.0276200527358502e-22
650.8466030603059 1.0274806683835219e-22
650.9452339633963 1.0273413218867843e-22
651.0438648664866 1.0272020132301802e-22
651.142495769577 1.027062742398261e-22
651.2411266726672 1.0269235093755859e-22
651.3397575757575 1.0267843141467221e-22
651.4383884788479 1.0266451566962472e-22
651.5370193819382 1.0265060370087451e-22
651.6356502850284 1.0263669550688095e-22
651.7342811881188 1.0262279108610417e-22
651.8329120912091 1.0260889043700515e-22
651.9315429942993 1.0259499355804582e-22
652.0301738973897 1.0258110044768876e-22
652.12880480048 1.0256721110439748e-22
652.2274357035703 1.0255332552663642e-22
652.3260666066606 1.0253944371287076e-22
652.4246975097509 1.0252556566156651e-22
652.5233284128412 1.0251169137119051e-22
652.6219593159316 1.0249782084021048e-22
652.7205902190218 1.02483954067095e-22
652.8192211221121 1.024700910503134e-22
652.9178520252025 1.0245623178833592e-22
653.0164829282928 1.0244237627963355e-22
653.115113831383 1.0242852452267824e-22
653.2137447344734 1.0241467651594264e-22
653.3123756375637 1.0240083225790033e-22
653.4110065406541 1.0238699174702564e-22
653.5096374437443 1.0237315498179382e-22
653.6082683468346 1.0235932196068089e-22
653.706899249925 1.0234549268216367e-22
653.8055301530153 1.0233166714471992e-22
653.9041610561055 1.0231784534682807e-22
654.0027919591959 1.0230402728696756e-22
654.1014228622862 1.022902129636185e-22
654.2000537653765 1.0227640237526196e-22
654.2986846684668 1.022625955203797e-22
654.3973155715571 1.0224879239745441e-22
654.4959464746474 1.0223499300496957e-22
654.5945773777377 1.0222119734140952e-22
654.693208280828 1.0220740540525929e-22
654.7918391839183 1.0219361719500491e-22
654.8904700870087 1.0217983270913315e-22
654.9891009900989 1.0216605194613159e-22
655.0877318931892 1.0215227490448864e-22
655.1863627962796 1.0213850158269355e-22
655.2849936993699 1.0212473197923636e-22
655.3836246024601 1.0211096609260802e-22
655.4822555055505 1.0209720392130019e-22
655.5808864086408 1.0208344546380535e-22
655.6795173117312 1.0206969071861691e-22
655.7781482148214 1.0205593968422896e-22
655.8767791179117 1.0204219235913654e-22
655.9754100210021 1.0202844874183538e-22
656.0740409240924 1.0201470883082215e-22
656.1726718271826 1.020009726245942e-22
656.271302730273 1.0198724012164982e-22
656.3699336333633 1.0197351132048807e-22
656.4685645364536 1.0195978621960873e-22
656.5671954395439 1.019460648175126e-22
656.6658263426342 1.0193234711270113e-22
656.7644572457245 1.0191863310367656e-22
656.8630881488149 1.0190492278894208e-22
656.9617190519051 1.0189121616700159e-22
657.0603499549954 1.0187751323635982e-22
657.1589808580858 1.0186381399552233e-22
657.257611761176 1.018501184429955e-22
657.3562426642663 1.0183642657728649e-22
657.4548735673567 1.0182273839690323e-22
657.553504470447 1.0180905390035455e-22
657.6521353735372 1.0179537308615004e-22
657.7507662766276 1.0178169595280009e-22
657.8493971797179 1.0176802249881587e-22
657.9480280828083 1.0175435272270945e-22
658.0466589858985 1.0174068662299364e-22
658.1452898889888 1.01727024198182e-22
658.2439207920792 1.0171336544678896e-22
658.3425516951695 1.0169971036732981e-22
658.4411825982597 1.0168605895832058e-22
658.5398135013501 1.0167241121827802e-22
658.6384444044404 1.0165876714571984e-22
658.7370753075307 1.0164512673916447e-22
658.835706210621 1.0163148999713113e-22
658.9343371137113 1.0161785691813983e-22
659.0329680168016 1.0160422750071145e-22
659.131598919892 1.0159060174336759e-22
659.2302298229822 1.0157697964463074e-22
659.3288607260725 1.0156336120302407e-22
659.4274916291629 1.0154974641707166e-22
659.5261225322532 1.0153613528529831e-22
659.6247534353435 1.0152252780622966e-22
659.7233843384338 1.0150892397839211e-22
659.8220152415241 1.0149532380031287e-22
659.9206461446144 1.0148172727051997e-22
660.0192770477047 1.0146813438754223e-22
660.117907950795 1.0145454514990921e-22
660.2165388538854 1.0144095955615134e-22
660.3151697569756 1.014273776047998e-22
660.4138006600659 1.0141379929438651e-22
660.5124315631563 1.0140022462344435e-22
660.6110624662466 1.0138665359050674e-22
660.7096933693368 1.0137308619410813e-22
660.8083242724272 1.013595224327836e-22
660.9069551755175 1.0134596230506915e-22
661.0055860786078 1.0133240580950142e-22
661.1042169816981 1.0131885294461801e-22
661.2028478847884 1.0130530370895711e-22
661.3014787878788 1.0129175810105786e-22
661.4001096909691 1.0127821611946015e-22
661.4987405940593 1.0126467776270459e-22
661.5973714971497 1.0125114302933261e-22
661.69600240024 1.0123761191788648e-22
661.7946333033303 1.0122408442690921e-22
661.8932642064206 1.0121056055494458e-22
661.9918951095109 1.0119704030053714e-22
662.0905260126012 1.011835236622323e-22
662.1891569156916 1.0117001063857617e-22
662.2877878187818 1.0115650122811572e-22
662.3864187218721 1.0114299542939859e-22
662.4850496249625 1.0112949324097332e-22
662.5836805280527 1.0111599466138917e-22
662.682311431143 1.0110249968919616e-22
662.7809423342334 1.0108900832294519e-22
662.8795732373237 1.0107552056118781e-22
662.9782041404139 1.0106203640247644e-22
663.0768350435043 1.0104855584536417e-22
663.1754659465946 1.0103507888840502e-22
663.274096849685 1.0102160553015367e-22
663.3727277527752 1.0100813576916564e-22
663.4713586558655 1.0099466960399716e-22
663.5699895589559 1.0098120703320533e-22
663.6686204620462 1.0096774805534793e-22
663.7672513651364 1.0095429266898356e-22
663.8658822682268 1.0094084087267162e-22
663.9645131713171 1.0092739266497218e-22
664.0631440744074 1.009139480444462e-22
664.1617749774977 1.0090050700965538e-22
664.260405880588 1.0088706955916218e-22
664.3590367836783 1.0087363569152976e-22
664.4576676867687 1.0086020540532217e-22
664.5562985898589 1.0084677869910419e-22
664.6549294929492 1.0083335557144137e-22
664.7535603960396 1.0081993602089993e-22
664.8521912991299 1.0080652004604705e-22
664.9508222022201 1.0079310764545053e-22
665.0494531053105 1.0077969881767896e-22
665.1480840084008 1.0076629356130176e-22
665.246714911491 1.0075289187488902e-22
665.3453458145814 1.007394937570117e-22
665.4439767176717 1.0072609920624143e-22
665.542607620762 1.0071270822115069e-22
665.6412385238523 1.0069932080031273e-22
665.7398694269426 1.0068593694230138e-22
665.838500330033 1.0067255664569147e-22
665.9371312331233 1.0065917990905852e-22
666.0357621362135 1.0064580673097869e-22
666.1343930393039 1.0063243711002908e-22
666.2330239423942 1.0061907104478742e-22
666.3316548454845 1.0060570853383227e-22
666.4302857485748 1.0059234957574298e-22
666.5289166516651 1.0057899416909953e-22
666.6275475547554 1.0056564231248272e-22
666.7261784578458 1.0055229400447424e-22
666.824809360936 1.0053894924365639e-22
666.9234402640263 1.0052560802861217e-22
667.0220711671167 1.0051227035792555e-22
667.120702070207 1.0049893623018106e-22
667.2193329732972 1.0048560564396416e-22
667.3179638763876 1.0047227859786085e-22
667.4165947794779 1.0045895509045807e-22
667.5152256825683 1.0044563512034344e-22
667.6138565856585 1.0043231868610532e-22
667.7124874887488 1.0041900578633288e-22
667.8111183918392 1.00405696419616e-22
667.9097492949294 1.0039239058454532e-22
668.0083801980197 1.0037908827971225e-22
668.1070111011101 1.0036578950370892e-22
668.2056420042004 1.003524942551282e-22
668.3042729072906 1.0033920253256383e-22
668.402903810381 1.0032591433461014e-22
668.5015347134713 1.0031262965986225e-22
668.6001656165616 1.002993485069161e-22
668.6987965196519 1.0028607087436836e-22
668.7974274227422 1.0027279676081636e-22
668.8960583258325 1.0025952616485828e-22
668.9946892289229 1.0024625908509301e-22
669.0933201320131 1.002329955201202e-22
669.1919510351034 1.0021973546854018e-22
669.2905819381938 1.0020647892895414e-22
669.3892128412841 1.0019322589996386e-22
669.4878437443743 1.0017997638017207e-22
669.5864746474647 1.0016673036818202e-22
669.685105550555 1.001534878625979e-22
669.7837364536454 1.0014024886202451e-22
669.8823673567356 1.0012701336506749e-22
669.9809982598259 1.0011378137033308e-22
670.0796291629163 1.001005528764285e-22
670.1782600660066 1.0008732788196138e-22
670.2768909690968 1.0007410638554046e-22
670.3755218721872 1.0006088838577486e-22
670.4741527752775 1.0004767388127474e-22
670.5727836783677 1.0003446287065084e-22
670.6714145814581 1.0002125535251467e-22
670.7700454845484 1.0000805132547843e-22
670.8686763876387 9.999485078815519e-23
670.967307290729 9.998165373915862e-23
671.0659381938193 9.996846017710325e-23
671.1645690969096 9.995527010060421e-23
671.2632 9.994208350827744e-23
671.3618309030902 9.992890039873963e-23
671.4604618061805 9.99157207706082e-23
671.5590927092709 9.990254462250123e-23
671.6577236123612 9.988937195303765e-23
671.7563545154514 9.987620276083706e-23
671.8549854185418 9.986303704451973e-23
671.9536163216321 9.984987480270679e-23
672.0522472247225 9.983671603402009e-23
672.1508781278127 9.982356073708208e-23
672.249509030903 9.981040891051605e-23
672.3481399339934 9.979726055294601e-23
672.4467708370837 9.97841156629966e-23
672.5454017401739 9.977097423929336e-23
672.6440326432643 9.97578362804625e-23
672.7426635463546 9.974470178513088e-23
672.841294449445 9.973157075192614e-23
672.9399253525352 9.971844317947664e-23
673.0385562556255 9.970531906641149e-23
673.1371871587158 9.969219841136051e-23
673.2358180618061 9.967908121295419e-23
673.3344489648964 9.96659674698239e-23
673.4330798679867 9.965285718060153e-23
673.5317107710771 9.963975034391988e-23
673.6303416741673 9.962664695841238e-23
673.7289725772577 9.961354702271318e-23
673.827603480348 9.960045053545717e-23
673.9262343834383 9.958735749527994e-23
674.0248652865286 9.957426790081786e-23
674.1234961896189 9.9561181750708e-23
674.2221270927092 9.95480990435881e-23
674.3207579957996 9.95350197780967e-23
674.4193888988898 9.952194395287299e-23
674.5180198019801 9.950887156655688e-23
674.6166507050705 9.949580261778908e-23
674.7152816081608 9.948273710521096e-23
674.813912511251 9.946967502746459e-23
674.9125434143414 9.94566163831928e-23
675.0111743174317 9.944356117103911e-23
675.109805220522 9.943050938964774e-23
675.2084361236123 9.941746103766374e-23
675.3070670267026 9.940441611373269e-23
675.405697929793 9.939137461650103e-23
675.5043288328833 9.937833654461588e-23
675.6029597359735 9.936530189672508e-23
675.7015906390639 9.935227067147707e-23
675.8002215421542 9.93392428675212e-23
675.8988524452444 9.932621848350742e-23
675.9974833483348 9.931319751808637e-23
676.0961142514251 9.930017996990942e-23
676.1947451545154 9.928716583762875e-23
676.2933760576057 9.927415511989714e-23
676.392006960696 9.926114781536804e-23
676.4906378637863 9.924814392269579e-23
676.5892687668767 9.923514344053529e-23
676.6878996699669 9.922214636754214e-23
676.7865305730572 9.920915270237282e-23
676.8851614761476 9.919616244368429e-23
676.9837923792379 9.918317559013434e-23
677.0824232823281 9.917019214038148e-23
677.1810541854185 9.91572120930849e-23
677.2796850885088 9.914423544690448e-23
677.3783159915992 9.913126220050087e-23
677.4769468946894 9.911829235253534e-23
677.5755777977797 9.910532590166988e-23
677.67420870087 9.909236284656725e-23
677.7728396039604 9.907940318589085e-23
677.8714705070506 9.906644691830484e-23
677.970101410141 9.905349404247401e-23
678.0687323132313 9.904054455706387e-23
678.1673632163216 9.902759846074072e-23
678.2659941194119 9.901465575217146e-23
678.3646250225022 9.900171643002376e-23
678.4632559255925 9.89887804929659e-23
678.5618868286828 9.897584793966697e-23
678.6605177317731 9.896291876879666e-23
678.7591486348634 9.894999297902548e-23
678.8577795379538 9.893707056902447e-23
678.956410441044 9.892415153746556e-23
679.0550413441343 9.891123588302119e-23
679.1536722472247 9.889832360436467e-23
679.252303150315 9.88854147001699e-23
679.3509340534052 9.887250916911155e-23
679.4495649564956 9.885960700986484e-23
679.5481958595859 9.884670822110587e-23
679.6468267626763 9.883381280151127e-23
679.7454576657665 9.882092074975858e-23
679.8440885688568 9.880803206452578e-23
679.9427194719472 9.87951467444917e-23
680.0413503750375 9.878226478833591e-23
680.1399812781277 9.876938619473846e-23
680.2386121812181 9.875651096238028e-23
680.3372430843084 9.874363908994299e-23
680.4358739873987 9.873077057610876e-23
680.534504890489 9.87179054195606e-23
680.6331357935793 9.870504361898214e-23
680.7317666966696 9.869218517305771e-23
680.83039759976 9.867933008047233e-23
680.9290285028502 9.866647833991169e-23
681.0276594059405 9.865362995006223e-23
681.1262903090309 9.864078490961099e-23
681.2249212121211 9.862794321724574e-23
681.3235521152114 9.861510487165501e-23
681.4221830183018 9.860226987152789e-23
681.5208139213921 9.858943821555421e-23
681.6194448244823 9.857660990242459e-23
681.7180757275727 9.856378493083012e-23
681.816706630663 9.855096329946277e-23
681.9153375337534 9.85381450070151e-23
682.0139684368436 9.852533005218036e-23
682.1125993399339 9.85125184336525e-23
682.2112302430243 9.849971015012615e-23
682.3098611461146 9.848690520029665e-23
682.4084920492048 9.847410358286e-23
682.5071229522952 9.846130529651279e-23
682.6057538553855 9.84485103399525e-23
682.7043847584758 9.843571871187709e-23
682.8030156615661 9.842293041098535e-23
682.9016465646564 9.841014543597663e-23
683.0002774677467 9.839736378555104e-23
683.0989083708371 9.838458545840931e-23
683.1975392739273 9.837181045325293e-23
683.2961701770176 9.835903876878399e-23
683.394801080108 9.834627040370526e-23
683.4934319831983 9.833350535672025e-23
683.5920628862885 9.832074362653321e-23
683.6906937893789 9.830798521184881e-23
683.7893246924692 9.829523011137255e-23
683.8879555955594 9.82824783238108e-23
683.9865864986498 9.826972984787023e-23
684.0852174017401 9.825698468225849e-23
684.1838483048305 9.824424282568369e-23
684.2824792079207 9.823150427685481e-23
684.381110111011 9.821876903448135e-23
684.4797410141014 9.820603709727354e-23
684.5783719171917 9.819330846394233e-23
684.6770028202819 9.818058313319922e-23
684.7756337233723 9.816786110375652e-23
684.8742646264626 9.815514237432708e-23
684.9728955295529 9.814242694362455e-23
685.0715264326432 9.81297148103632e-23
685.1701573357335 9.811700597325794e-23
685.2687882388238 9.81043004310243e-23
685.3674191419142 9.809159818237861e-23
685.4660500450044 9.807889922603786e-23
685.5646809480947 9.806620356071957e-23
685.6633118511851 9.805351118514204e-23
685.7619427542754 9.804082209802423e-23
685.8605736573656 9.802813629808577e-23
685.959204560456 9.801545378404687e-23
686.0578354635463 9.80027745546285e-23
686.1564663666367 9.799009860855229e-23
686.2550972697269 9.797742594454049e-23
686.3537281728172 9.796475656131606e-23
686.4523590759076 9.795209045760258e-23
686.5509899789978 9.79394276321243e-23
686.6496208820881 9.792676808360623e-23
686.7482517851785 9.791411181077385e-23
686.8468826882688 9.79014588123535e-23
686.945513591359 9.788880908707211e-23
687.0441444944494 9.787616263365716e-23
687.1427753975397 9.7863519450837e-23
687.24140630063 9.785087953734047e-23
687.3400372037203 9.783824289189722e-23
687.4386681068106 9.78256095132373e-23
687.537299009901 9.781297940009181e-23
687.6359299129913 9.780035255119212e-23
687.7345608160815 9.778772896527053e-23
687.8331917191719 9.777510864105985e-23
687.9318226222622 9.776249157729363e-23
688.0304535253525 9.774987777270602e-23
688.1290844284428 9.773726722603189e-23
688.2277153315331 9.772465993600673e-23
688.3263462346234 9.771205590136665e-23
688.4249771377138 9.769945512084844e-23
688.523608040804 9.768685759318964e-23
688.6222389438943 9.767426331712826e-23
688.7208698469847 9.766167229140314e-23
688.819500750075 9.764908451475366e-23
688.9181316531652 9.763649998591996e-23
689.0167625562556 9.762391870364271e-23
689.1153934593459 9.761134066666328e-23
689.2140243624361 9.759876587372378e-23
689.3126552655265 9.758619432356683e-23
689.4112861686168 9.757362601493577e-23
689.5099170717072 9.756106094657463e-23
689.6085479747974 9.754849911722802e-23
689.7071788778877 9.753594052564124e-23
689.805809780978 9.752338517056024e-23
689.9044406840684 9.751083305073161e-23
690.0030715871586 9.749828416490257e-23
690.101702490249 9.7485738511821e-23
690.2003333933393 9.747319609023549e-23
690.2989642964296 9.746065689889517e-23
690.3975951995199 9.744812093654987e-23
690.4962261026102 9.743558820195012e-23
690.5948570057005 9.742305869384703e-23
690.6934879087909 9.741053241099232e-23
690.7921188118811 9.739800935213847e-23
690.8907497149714 9.738548951603848e-23
690.9893806180618 9.73729729014461e-23
691.0880115211521 9.736045950711572e-23
691.1866424242423 9.734794933180227e-23
691.2852733273327 9.733544237426144e-23
691.383904230423 9.732293863324944e-23
691.4825351335134 9.731043810752326e-23
691.5811660366036 9.729794079584044e-23
691.6797969396939 9.728544669695924e-23
691.7784278427843 9.727295580963842e-23
691.8770587458745 9.726046813263755e-23
691.9756896489648 9.724798366471675e-23
692.0743205520552 9.723550240463676e-23
692.1729514551455 9.7223024351159e-23
692.2715823582357 9.721054950304556e-23
692.3702132613261 9.719807785905914e-23
692.4688441644164 9.718560941796302e-23
692.5674750675067 9.717314417852115e-23
692.666105970597 9.716068213949824e-23
692.7647368736873 9.714822329965948e-23
692.8633677767776 9.71357676577707e-23
692.961998679868 9.712331521259848e-23
693.0606295829582 9.711086596290997e-23
693.1592604860485 9.709841990747296e-23
693.2578913891389 9.708597704505582e-23
693.3565222922292 9.70735373744277e-23
693.4551531953194 9.706110089435823e-23
693.5537840984098 9.704866760361777e-23
693.6524150015001 9.703623750097727e-23
693.7510459045905 9.702381058520835e-23
693.8496768076807 9.701138685508318e-23
693.948307710771 9.699896630937467e-23
694.0469386138614 9.698654894685634e-23
694.1455695169517 9.697413476630225e-23
694.2442004200419 9.696172376648722e-23
694.3428313231323 9.694931594618654e-23
694.4414622262226 9.693691130417635e-23
694.5400931293128 9.692450983923323e-23
694.6387240324032 9.691211155013443e-23
694.7373549354935 9.689971643565797e-23
694.8359858385838 9.688732449458222e-23
694.9346167416741 9.687493572568649e-23
695.0332476447644 9.686255012775053e-23
695.1318785478547 9.685016769955473e-23
695.2305094509451 9.683778843988012e-23
695.3291403540353 9.682541234750847e-23
695.4277712571256 9.6813039421222e-23
695.526402160216 9.680066965980361e-23
695.6250330633063 9.678830306203691e-23
695.7236639663965 9.677593962670614e-23
695.8222948694869 9.676357935259594e-23
695.9209257725772 9.675122223849185e-23
696.0195566756676 9.67388682831799e-23
696.1181875787578 9.672651748544676e-23
696.2168184818481 9.671416984407973e-23
696.3154493849385 9.670182535786669e-23
696.4140802880288 9.66894840255962e-23
696.512711191119 9.667714584605751e-23
696.6113420942094 9.666481081804028e-23
696.7099729972997 9.665247894033498e-23
696.80860390039 9.664015021173261e-23
696.9072348034803 9.662782463102486e-23
697.0058657065706 9.661550219700397e-23
697.1044966096609 9.660318290846278e-23
697.2031275127512 9.659086676419493e-23
697.3017584158415 9.657855376299445e-23
697.4003893189318 9.656624390365606e-23
697.4990202220222 9.655393718497518e-23
697.5976511251124 9.654163360574773e-23
697.6962820282027 9.652933316477037e-23
697.7949129312931 9.65170358608403e-23
697.8935438343834 9.650474169275528e-23
697.9921747374736 9.649245065931388e-23
698.090805640564 9.648016275931507e-23
698.1894365436543 9.646787799155855e-23
698.2880674467447 9.645559635484459e-23
698.3866983498349 9.644331784797414e-23
698.4853292529252 9.643104246974868e-23
698.5839601560156 9.641877021897033e-23
698.6825910591059 9.640650109444193e-23
698.7812219621961 9.639423509496672e-23
698.8798528652865 9.638197221934876e-23
698.9784837683768 9.636971246639256e-23
699.0771146714671 9.635745583490337e-23
699.1757455745574 9.6345202323687e-23
699.2743764776477 9.633295193154982e-23
699.373007380738 9.63207046572989e-23
699.4716382838284 9.630846049974182e-23
699.5702691869186 9.629621945768695e-23
699.668900090009 9.628398152994303e-23
699.7675309930993 9.627174671531956e-23
699.8661618961895 9.625951501262663e-23
699.9647927992798 9.624728642067489e-23
700.0634237023702 9.623506093827566e-23
700.1620546054605 9.62228385642408e-23
700.2606855085508 9.62106192973829e-23
700.3593164116411 9.619840313651499e-23
700.4579473147314 9.618619008045079e-23
700.5565782178218 9.617398012800464e-23
700.655209120912 9.61617732779915e-23
700.7538400240023 9.614956952922684e-23
700.8524709270927 9.613736888052685e-23
700.951101830183 9.61251713307083e-23
701.0497327332732 9.611297687858844e-23
701.1483636363636 9.610078552298526e-23
701.2469945394539 9.608859726271736e-23
701.3456254425442 9.607641209660382e-23
701.4442563456345 9.606423002346446e-23
701.5428872487248 9.605205104211963e-23
701.6415181518151 9.603987515139026e-23
701.7401490549055 9.602770235009792e-23
701.8387799579957 9.601553263706479e-23
701.937410861086 9.60033660111136e-23
702.0360417641764 9.59912024710678e-23
702.1346726672667 9.597904201575124e-23
702.233303570357 9.596688464398855e-23
702.3319344734473 9.595473035460486e-23
702.4305653765376 9.594257914642597e-23
702.5291962796279 9.593043101827817e-23
702.6278271827182 9.591828596898849e-23
702.7264580858085 9.590614399738443e-23
702.8250889888989 9.589400510229416e-23
702.9237198919891 9.588186928254646e-23
703.0223507950794 9.586973653697059e-23
703.1209816981698 9.585760686439657e-23
703.2196126012601 9.584548026365485e-23
703.3182435043503 9.583335673357668e-23
703.4168744074407 9.582123627299363e-23
703.515505310531 9.580911888073813e-23
703.6141362136214 9.579700455564303e-23
703.7127671167116 9.578489329654194e-23
703.8113980198019 9.57727851022688e-23
703.9100289228923 9.576067997165842e-23
704.0086598259826 9.574857790354602e-23
704.1072907290728 9.573647889676752e-23
704.2059216321632 9.572438295015936e-23
704.3045525352535 9.57122900625586e-23
704.4031834383438 9.570020023280285e-23
704.501814341434 9.568811345973045e-23
704.6004452445244 9.567602974218014e-23
704.6990761476147 9.566394907899134e-23
704.7977070507051 9.565187146900414e-23
704.8963379537953 9.563979691105907e-23
704.9949688568856 9.562772540399734e-23
705.093599759976 9.561565694666069e-23
705.1922306630662 9.560359153789154e-23
705.2908615661565 9.559152917653276e-23
705.3894924692469 9.557946986142795e-23
705.4881233723372 9.556741359142123e-23
705.5867542754274 9.555536036535727e-23
705.6853851785178 9.55433101820814e-23
705.7840160816081 9.55312630404395e-23
705.8826469846985 9.551921893927802e-23
705.9812778877887 9.550717787744404e-23
706.079908790879 9.549513985378513e-23
706.1785396939694 9.54831048671496e-23
706.2771705970597 9.547107291638621e-23
706.3758015001499 9.545904400034431e-23
706.4744324032403 9.544701811787395e-23
706.5730633063306 9.54349952678256e-23
706.6716942094209 9.542297544905044e-23
706.7703251125112 9.541095866040021e-23
706.8689560156015 9.539894490072719e-23
706.9675869186918 9.53869341688842e-23
707.0662178217822 9.537492646372479e-23
707.1648487248724 9.536292178410296e-23
707.2634796279627 9.53509201288733e-23
707.3621105310531 9.533892149689107e-23
707.4607414341434 9.5326925887012e-23
707.5593723372336 9.531493329809254e-23
707.658003240324 9.530294372898949e-23
707.7566341434143 9.529095717856043e-23
707.8552650465045 9.527897364566351e-23
707.9538959495949 9.526699312915732e-23
708.0525268526852 9.525501562790113e-23
708.1511577557756 9.524304114075478e-23
708.2497886588658 9.523106966657867e-23
708.3484195619561 9.521910120423375e-23
708.4470504650465 9.52071357525816e-23
708.5456813681368 9.519517331048436e-23
708.644312271227 9.518321387680473e-23
708.7429431743174 9.517125745040594e-23
708.8415740774077 9.515930403015191e-23
708.940204980498 9.514735361490699e-23
709.0388358835883 9.513540620353624e-23
709.1374667866786 9.512346179490521e-23
709.2360976897689 9.511152038788004e-23
709.3347285928593 9.509958198132749e-23
709.4333594959495 9.508764657411477e-23
709.5319903990398 9.507571416510981e-23
709.6306213021302 9.5063784753181e-23
709.7292522052205 9.505185833719738e-23
709.8278831083107 9.503993491602852e-23
709.9265140114011 9.502801448854449e-23
710.0251449144914 9.501609705361611e-23
710.1237758175818 9.50041826101146e-23
710.222406720672 9.499227115691186e-23
710.3210376237623 9.498036269288025e-23
710.4196685268527 9.496845721689278e-23
710.5182994299429 9.495655472782305e-23
710.6169303330332 9.494465522454514e-23
710.7155612361236 9.493275870593375e-23
710.8141921392139 9.492086517086414e-23
710.9128230423041 9.490897461821217e-23
711.0114539453945 9.489708704685415e-23
711.1100848484848 9.488520245566713e-23
711.2087157515751 9.487332084352857e-23
711.3073466546654 9.486144220931663e-23
711.4059775577557 9.484956655190989e-23
711.504608460846 9.483769387018762e-23
711.6032393639364 9.482582416302957e-23
711.7018702670266 9.481395742931613e-23
711.800501170117 9.480209366792812e-23
711.8991320732073 9.479023287774707e-23
711.9977629762976 9.477837505765504e-23
712.0963938793878 9.47665202065346e-23
712.1950247824782 9.475466832326893e-23
712.2936556855685 9.474281940674172e-23
712.3922865886589 9.473097345583725e-23
712.4909174917491 9.471913046944042e-23
712.5895483948394 9.470729044643655e-23
712.6881792979298 9.469545338571166e-23
712.7868102010201 9.468361928615227e-23
712.8854411041103 9.467178814664546e-23
712.9840720072007 9.465995996607884e-23
713.082702910291 9.464813474334068e-23
713.1813338133812 9.46363124773197e-23
713.2799647164716 9.462449316690518e-23
713.3785956195619 9.461267681098707e-23
713.4772265226522 9.460086340845576e-23
713.5758574257425 9.458905295820223e-23
713.6744883288328 9.457724545911806e-23
713.7731192319231 9.456544091009534e-23
713.8717501350135 9.455363931002673e-23
713.9703810381037 9.454184065780544e-23
714.069011941194 9.453004495232524e-23
714.1676428442844 9.451825219248047e-23
714.2662737473747 9.450646237716597e-23
714.364904650465 9.449467550527723e-23
714.4635355535553 9.44828915757102e-23
714.5621664566456 9.447111058736143e-23
714.660797359736 9.445933253912799e-23
714.7594282628262 9.444755742990757e-23
714.8580591659165 9.443578525859836e-23
714.9566900690069 9.442401602409911e-23
715.0553209720972 9.441224972530909e-23
715.1539518751874 9.440048636112822e-23
715.2525827782778 9.438872593045685e-23
715.3512136813681 9.437696843219594e-23
715.4498445844584 9.436521386524701e-23
715.5484754875487 9.435346222851219e-23
715.647106390639 9.434171352089396e-23
715.7457372937293 9.432996774129555e-23
715.8443681968196 9.431822488862065e-23
715.9429990999099 9.430648496177353e-23
716.0416300030003 9.429474795965894e-23
716.1402609060906 9.428301388118232e-23
716.2388918091808 9.427128272524947e-23
716.3375227122712 9.42595544907669e-23
716.4361536153615 9.42478291766416e-23
716.5347845184518 9.423610678178108e-23
716.633415421542 9.422438730509347e-23
716.7320463246324 9.421267074548735e-23
716.8306772277227 9.42009571018719e-23
716.9293081308131 9.418924637315689e-23
717.0279390339033 9.417753855825257e-23
717.1265699369936 9.41658336560697e-23
717.225200840084 9.41541316655197e-23
717.3238317431743 9.414243258551443e-23
717.4224626462645 9.41307364149664e-23
717.5210935493549 9.411904315278848e-23
717.6197244524452 9.41073527978943e-23
717.7183553555356 9.409566534919791e-23
717.8169862586258 9.408398080561391e-23
717.9156171617161 9.407229916605745e-23
718.0142480648065 9.406062042944424e-23
718.1128789678968 9.404894459469052e-23
718.211509870987 9.403727166071307e-23
718.3101407740774 9.40256016264292e-23
718.4087716771677 9.401393449075675e-23
718.5074025802579 9.400227025261419e-23
718.6060334833483 9.399060891092038e-23
718.7046643864386 9.397895046459486e-23
718.8032952895289 9.39672949125576e-23
718.9019261926192 9.39556422537292e-23
719.0005570957095 9.394399248703071e-23
719.0991879987998 9.393234561138377e-23
719.1978189018902 9.392070162571059e-23
719.2964498049804 9.390906052893385e-23
719.3950807080707 9.389742231997676e-23
719.4937116111611 9.388578699776317e-23
719.5923425142514 9.387415456121735e-23
719.6909734173416 9.386252500926415e-23
719.789604320432 9.385089834082897e-23
719.8882352235223 9.383927455483775e-23
719.9868661266127 9.382765365021689e-23
720.0854970297029 9.381603562589344e-23
720.1841279327932 9.380442048079486e-23
720.2827588358836 9.37928082138493e-23
720.3813897389739 9.378119882398527e-23
720.4800206420641 9.376959231013194e-23
720.5786515451545 9.375798867121895e-23
720.6772824482448 9.374638790617654e-23
720.7759133513351 9.373479001393538e-23
720.8745442544254 9.372319499342671e-23
720.9731751575157 9.371160284358233e-23
721.071806060606 9.370001356333458e-23
721.1704369636963 9.368842715161635e-23
721.2690678667866 9.367684360736092e-23
721.3676987698769 9.366526292950223e-23
721.4663296729673 9.365368511697475e-23
721.5649605760575 9.364211016871346e-23
721.6635914791478 9.363053808365381e-23
721.7622223822382 9.36189688607318e-23
721.8608532853285 9.360740249888409e-23
721.9594841884187 9.359583899704769e-23
722.0581150915091 9.35842783541602e-23
722.1567459945994 9.35727205691598e-23
722.2553768976898 9.356116564098511e-23
722.35400780078 9.354961356857537e-23
722.4526387038703 9.353806435087029e-23
722.5512696069607 9.352651798681006e-23
722.649900510051 9.351497447533552e-23
722.7485314131412 9.350343381538789e-23
722.8471623162316 9.349189600590907e-23
722.9457932193219 9.348036104584137e-23
723.0444241224122 9.346882893412763e-23
723.1430550255025 9.345729966971131e-23
723.2416859285928 9.34457732515363e-23
723.3403168316831 9.343424967854701e-23
723.4389477347734 9.342272894968849e-23
723.5375786378637 9.341121106390612e-23
723.636209540954 9.339969602014596e-23
723.7348404440444 9.338818381735454e-23
723.8334713471346 9.337667445447892e-23
723.932102250225 9.336516793046668e-23
724.0307331533153 9.335366424426595e-23
724.1293640564056 9.334216339482527e-23
724.2279949594958 9.333066538109384e-23
724.3266258625862 9.331917020202126e-23
724.4252567656765 9.33076778565578e-23
724.5238876687669 9.329618834365408e-23
724.6225185718571 9.328470166226135e-23
724.7211494749474 9.327321781133134e-23
724.8197803780378 9.326173678981632e-23
724.9184112811281 9.325025859666904e-23
725.0170421842183 9.323878323084285e-23
725.1156730873087 9.322731069129149e-23
725.214303990399 9.321584097696933e-23
725.3129348934893 9.320437408683121e-23
725.4115657965796 9.319291001983247e-23
725.5101966996699 9.3181448774929e-23
725.6088276027602 9.316999035107721e-23
725.7074585058506 9.315853474723395e-23
725.8060894089408 9.314708196235677e-23
725.9047203120311 9.313563199540348e-23
726.0033512151215 9.31241848453326e-23
726.1019821182117 9.31127405111031e-23
726.200613021302 9.310129899167444e-23
726.2992439243924 9.308986028600666e-23
726.3978748274827 9.30784243930602e-23
726.496505730573 9.306699131179617e-23
726.5951366336633 9.305556104117604e-23
726.6937675367536 9.304413358016188e-23
726.792398439844 9.303270892771628e-23
726.8910293429342 9.302128708280233e-23
726.9896602460245 9.300986804438351e-23
727.0882911491149 9.299845181142404e-23
727.1869220522052 9.298703838288845e-23
727.2855529552954 9.29756277577419e-23
727.3841838583858 9.296421993495003e-23
727.4828147614761 9.295281491347892e-23
727.5814456645664 9.294141269229529e-23
727.6800765676567 9.29300132703663e-23
727.778707470747 9.291861664665952e-23
727.8773383738373 9.290722282014321e-23
727.9759692769277 9.289583178978607e-23
728.0746001800179 9.288444355455725e-23
728.1732310831082 9.287305811342647e-23
728.2718619861986 9.286167546536392e-23
728.3704928892889 9.285029560934035e-23
728.4691237923792 9.283891854432696e-23
728.5677546954695 9.282754426929547e-23
728.6663855985598 9.281617278321816e-23
728.76501650165 9.280480408506777e-23
728.8636474047404 9.279343817381749e-23
728.9622783078307 9.27820750484411e-23
729.0609092109211 9.277071470791288e-23
729.1595401140113 9.275935715120758e-23
729.2581710171016 9.27480023773005e-23
729.356801920192 9.273665038516732e-23
729.4554328232823 9.272530117378442e-23
729.5540637263725 9.271395474212853e-23
729.6526946294629 9.270261108917697e-23
729.7513255325532 9.269127021390745e-23
729.8499564356435 9.267993211529832e-23
729.9485873387338 9.266859679232836e-23
730.0472182418241 9.265726424397684e-23
730.1458491449145 9.264593446922356e-23
730.2444800480048 9.263460746704885e-23
730.343110951095 9.262328323643353e-23
730.4417418541854 9.261196177635875e-23
730.5403727572757 9.260064308580647e-23
730.639003660366 9.258932716375892e-23
730.7376345634563 9.25780140091989e-23
730.8362654665466 9.25667036211097e-23
730.9348963696369 9.255539599847512e-23
731.0335272727273 9.254409114027947e-23
731.1321581758175 9.253278904550756e-23
731.2307890789078 9.252148971314461e-23
731.3294199819982 9.251019314217651e-23
731.4280508850884 9.249889933158948e-23
731.5266817881787 9.248760828037027e-23
731.6253126912691 9.247631998750625e-23
731.7239435943594 9.246503445198515e-23
731.8225744974496 9.245375167279526e-23
731.92120540054 9.244247164892535e-23
732.0198363036303 9.243119437936464e-23
732.1184672067207 9.241991986310298e-23
732.2170981098109 9.240864809913057e-23
732.3157290129012 9.239737908643817e-23
732.4143599159916 9.238611282401705e-23
732.5129908190819 9.237484931085891e-23
732.6116217221721 9.236358854595599e-23
732.7102526252625 9.235233052830106e-23
732.8088835283528 9.234107525688733e-23
732.9075144314431 9.232982273070852e-23
733.0061453345334 9.231857294875877e-23
733.1047762376237 9.230732591003287e-23
733.203407140714 9.229608161352599e-23
733.3020380438044 9.228484005823377e-23
733.4006689468946 9.227360124315243e-23
733.4992998499849 9.226236516727862e-23
733.5979307530753 9.225113182960952e-23
733.6965616561656 9.223990122914279e-23
733.7951925592558 9.22286733648765e-23
733.8938234623462 9.221744823580934e-23
733.9924543654365 9.22062258409404e-23
734.0910852685267 9.219500617926932e-23
734.1897161716171 9.218378924979616e-23
734.2883470747074 9.217257505152154e-23
734.3869779777978 9.216136358344655e-23
734.485608880888 9.215015484457268e-23
734.5842397839783 9.213894883390206e-23
734.6828706870687 9.212774555043717e-23
734.781501590159 9.211654499318106e-23
734.8801324932492 9.210534716113731e-23
734.9787633963396 9.209415205330979e-23
735.0773942994299 9.208295966870308e-23
735.1760252025202 9.207177000632213e-23
735.2746561056105 9.206058306517241e-23
735.3732870087008 9.204939884425984e-23
735.4719179117911 9.203821734259086e-23
735.5705488148815 9.202703855917238e-23
735.6691797179717 9.201586249301186e-23
735.767810621062 9.200468914311708e-23
735.8664415241524 9.199351850849645e-23
735.9650724272427 9.198235058815882e-23
736.0637033303329 9.197118538111362e-23
736.1623342334233 9.196002288637053e-23
736.2609651365136 9.194886310293987e-23
736.359596039604 9.19377060298325e-23
736.4582269426942 9.192655166605968e-23
736.5568578457845 9.191540001063305e-23
736.6554887488749 9.190425106256498e-23
736.7541196519651 9.189310482086807e-23
736.8527505550554 9.188196128455559e-23
736.9513814581458 9.187082045264116e-23
737.0500123612361 9.185968232413894e-23
737.1486432643263 9.184854689806364e-23
737.2472741674167 9.183741417343028e-23
737.345905070507 9.182628414925449e-23
737.4445359735973 9.181515682455233e-23
737.5431668766876 9.18040321983404e-23
737.6417977797779 9.179291026963568e-23
737.7404286828682 9.178179103745565e-23
737.8390595859586 9.177067450081839e-23
737.9376904890488 9.175956065874233e-23
738.0363213921391 9.174844951024637e-23
738.1349522952295 9.173734105435002e-23
738.2335831983198 9.172623529007307e-23
738.33221410141 9.171513221643597e-23
738.4308450045004 9.17040318324595e-23
738.5294759075907 9.169293413716508e-23
738.6281068106811 9.168183912957447e-23
738.7267377137713 9.167074680870993e-23
738.8253686168616 9.165965717359424e-23
738.923999519952 9.16485702232506e-23
739.0226304230423 9.163748595670273e-23
739.1212613261325 9.162640437297481e-23
739.2198922292229 9.161532547109151e-23
739.3185231323132 9.160424925007792e-23
739.4171540354034 9.159317570895971e-23
739.5157849384938 9.158210484676284e-23
739.6144158415841 9.15710366625139e-23
739.7130467446744 9.155997115524e-23
739.8116776477647 9.154890832396852e-23
739.910308550855 9.153784816772748e-23
740.0089394539453 9.152679068554523e-23
740.1075703570357 9.15157358764508e-23
740.2062012601259 9.15046837394735e-23
740.3048321632162 9.149363427364317e-23
740.4034630663066 9.148258747799015e-23
740.5020939693969 9.147154335154523e-23
740.6007248724871 9.146050189333968e-23
740.6993557755775 9.144946310240522e-23
740.7979866786678 9.1438426977774e-23
740.8966175817582 9.142739351847877e-23
740.9952484848484 9.141636272355263e-23
741.0938793879387 9.140533459202916e-23
741.1925102910291 9.139430912294248e-23
741.2911411941194 9.138328631532709e-23
741.3897720972096 9.137226616821807e-23
741.4884030003 9.136124868065085e-23
741.5870339033903 9.135023385166132e-23
741.6856648064806 9.1339221680286e-23
741.7842957095709 9.132821216556173e-23
741.8829266126612 9.13172053065258e-23
741.9815575157515 9.13062011022161e-23
742.0801884188418 9.129519955167085e-23
742.1788193219321 9.128420065392885e-23
742.2774502250224 9.127320440802923e-23
742.3760811281128 9.126221081301173e-23
742.474712031203 9.125121986791649e-23
742.5733429342934 9.124023157178408e-23
742.6719738373837 9.122924592365553e-23
742.770604740474 9.121826292257243e-23
742.8692356435643 9.120728256757681e-23
742.9678665466546 9.119630485771102e-23
743.0664974497449 9.118532979201804e-23
743.1651283528353 9.117435736954129e-23
743.2637592559255 9.116338758932455e-23
743.3623901590158 9.115242045041213e-23
743.4610210621062 9.114145595184886e-23
743.5596519651965 9.113049409267991e-23
743.6582828682867 9.111953487195101e-23
743.7569137713771 9.110857828870827e-23
743.8555446744674 9.109762434199837e-23
743.9541755775577 9.108667303086832e-23
744.052806480648 9.107572435436571e-23
744.1514373837383 9.10647783115385e-23
744.2500682868287 9.105383490143514e-23
744.348699189919 9.104289412310457e-23
744.4473300930092 9.103195597559616e-23
744.5459609960996 9.102102045795971e-23
744.6445918991899 9.101008756924555e-23
744.7432228022801 9.099915730850441e-23
744.8418537053705 9.098822967478751e-23
744.9404846084608 9.097730466714646e-23
745.0391155115511 9.096638228463346e-23
745.1377464146414 9.095546252630107e-23
745.2363773177317 9.09445453912023e-23
745.335008220822 9.093363087839063e-23
745.4336391239124 9.092271898692003e-23
745.5322700270026 9.091180971584496e-23
745.6309009300929 9.090090306422017e-23
745.7295318331833 9.088999903110107e-23
745.8281627362736 9.08790976155434e-23
745.9267936393638 9.086819881660338e-23
746.0254245424542 9.08573026333377e-23
746.1240554455445 9.084640906480348e-23
746.2226863486349 9.083551811005832e-23
746.3213172517251 9.082462976816026e-23
746.4199481548154 9.081374403816783e-23
746.5185790579058 9.080286091913994e-23
746.6172099609961 9.079198041013598e-23
746.7158408640863 9.078110251021587e-23
746.8144717671767 9.077022721843988e-23
746.913102670267 9.075935453386877e-23
747.0117335733573 9.074848445556374e-23
747.1103644764476 9.073761698258649e-23
747.2089953795379 9.072675211399913e-23
747.3076262826282 9.07158898488642e-23
747.4062571857185 9.070503018624473e-23
747.5048880888088 9.069417312520419e-23
747.6035189918991 9.068331866480651e-23
747.7021498949895 9.067246680411604e-23
747.8007807980797 9.066161754219765e-23
747.89941170117 9.065077087811654e-23
747.9980426042604 9.063992681093846e-23
748.0966735073507 9.062908533972955e-23
748.1953044104409 9.061824646355648e-23
748.2939353135313 9.060741018148627e-23
748.3925662166216 9.059657649258645e-23
748.491197119712 9.058574539592499e-23
748.5898280228022 9.057491689057027e-23
748.6884589258925 9.056409097559115e-23
748.7870898289829 9.055326765005693e-23
748.8857207320732 9.054244691303737e-23
748.9843516351634 9.05316287636027e-23
749.0829825382538 9.052081320082349e-23
749.1816134413441 9.051000022377089e-23
749.2802443444344 9.049918983151636e-23
749.3788752475247 9.048838202313198e-23
749.477506150615 9.047757679769009e-23
749.5761370537053 9.046677415426358e-23
749.6747679567957 9.045597409192577e-23
749.7733988598859 9.044517660975045e-23
749.8720297629762 9.043438170681175e-23
749.9706606660666 9.042358938218438e-23
750.0692915691568 9.041279963494341e-23
750.1679224722471 9.040201246416435e-23
750.2665533753375 9.03912278689232e-23
750.3651842784278 9.038044584829637e-23
750.463815181518 9.036966640136073e-23
750.5624460846084 9.035888952719361e-23
750.6610769876987 9.034811522487268e-23
750.7597078907891 9.033734349347618e-23
750.8583387938793 9.032657433208273e-23
750.9569696969696 9.031580773977138e-23
751.05560060006 9.030504371562169e-23
751.1542315031503 9.029428225871358e-23
751.2528624062405 9.028352336812743e-23
751.3514933093309 9.027276704294411e-23
751.4501242124212 9.026201328224484e-23
751.5487551155115 9.025126208511134e-23
751.6473860186018 9.024051345062584e-23
751.7460169216921 9.02297673778708e-23
751.8446478247824 9.021902386592936e-23
751.9432787278728 9.020828291388491e-23
752.041909630963 9.019754452082145e-23
752.1405405340533 9.018680868582323e-23
752.2391714371437 9.017607540797505e-23
752.337802340234 9.016534468636215e-23
752.4364332433242 9.01546165200702e-23
752.5350641464146 9.014389090818528e-23
752.6336950495049 9.013316784979388e-23
752.7323259525951 9.0122447343983e-23
752.8309568556855 9.011172938984008e-23
752.9295877587758 9.010101398645288e-23
753.0282186618662 9.009030113290972e-23
753.1268495649564 9.007959082829933e-23
753.2254804680467 9.006888307171081e-23
753.3241113711371 9.005817786223375e-23
753.4227422742274 9.004747519895819e-23
753.5213731773176 9.003677508097457e-23
753.620004080408 9.002607750737373e-23
753.7186349834983 9.001538247724703e-23
753.8172658865886 9.000468998968622e-23
753.9158967896789 8.999400004378346e-23
754.0145276927692 8.998331263863138e-23
754.1131585958595 8.997262777332305e-23
754.2117894989499 8.996194544695191e-23
754.3104204020401 8.995126565861191e-23
754.4090513051304 8.994058840739737e-23
754.5076822082208 8.992991369240307e-23
754.6063131113111 8.991924151272424e-23
754.7049440144013 8.990857186745656e-23
754.8035749174917 8.989790475569597e-23
754.902205820582 8.988724017653909e-23
755.0008367236724 8.987657812908282e-23
755.0994676267626 8.986591861242453e-23
755.1980985298529 8.985526162566198e-23
755.2967294329433 8.984460716789342e-23
755.3953603360335 8.983395523821754e-23
755.4939912391238 8.982330583573332e-23
755.5926221422142 8.981265895954034e-23
755.6912530453045 8.980201460873854e-23
755.7898839483947 8.97913727824283e-23
755.8885148514851 8.978073347971039e-23
755.9871457545754 8.977009669968604e-23
756.0857766576657 8.975946244145688e-23
756.184407560756 8.974883070412504e-23
756.2830384638463 8.973820148679295e-23
756.3816693669366 8.972757478856358e-23
756.480300270027 8.971695060854035e-23
756.5789311731172 8.970632894582698e-23
756.6775620762076 8.969570979952769e-23
756.7761929792979 8.96850931687471e-23
756.8748238823882 8.96744790525903e-23
756.9734547854785 8.966386745016281e-23
757.0720856885688 8.965325836057049e-23
757.1707165916591 8.96426517829197e-23
757.2693474947495 8.96320477163172e-23
757.3679783978397 8.96214461598702e-23
757.46660930093 8.961084711268627e-23
757.5652402040204 8.96002505738735e-23
757.6638711071107 8.958965654254027e-23
757.7625020102009 8.957906501779557e-23
757.8611329132913 8.956847599874862e-23
757.9597638163816 8.955788948450915e-23
758.0583947194718 8.954730547418742e-23
758.1570256225622 8.953672396689386e-23
758.2556565256525 8.952614496173953e-23
758.3542874287429 8.951556845783586e-23
758.4529183318331 8.950499445429471e-23
758.5515492349234 8.949442295022825e-23
758.6501801380138 8.948385394474924e-23
758.7488110411041 8.947328743697078e-23
758.8474419441943 8.946272342600638e-23
758.9460728472847 8.945216191096996e-23
759.044703750375 8.94416028909759e-23
759.1433346534653 8.943104636513901e-23
759.2419655565556 8.942049233257449e-23
759.3405964596459 8.940994079239791e-23
759.4392273627362 8.939939174372534e-23
759.5378582658266 8.938884518567324e-23
759.6364891689168 8.937830111735853e-23
759.7351200720071 8.936775953789845e-23
759.8337509750975 8.935722044641079e-23
759.9323818781878 8.934668384201357e-23
760.031012781278 8.933614972382543e-23
760.1296436843684 8.932561809096532e-23
760.2282745874587 8.931508894255261e-23
760.326905490549 8.93045622777071e-23
760.4255363936393 8.929403809554903e-23
760.5241672967296 8.928351639519901e-23
760.62279819982 8.927299717577814e-23
760.7214291029102 8.926248043640782e-23
760.8200600060005 8.925196617620999e-23
760.9186909090909 8.92414543943069e-23
761.0173218121812 8.923094508982134e-23
761.1159527152714 8.922043826187635e-23
761.2145836183618 8.920993390959554e-23
761.3132145214521 8.91994320321028e-23
761.4118454245424 8.918893262852256e-23
761.5104763276327 8.917843569797959e-23
761.609107230723 8.91679412395991e-23
761.7077381338133 8.915744925250665e-23
761.8063690369037 8.914695973582834e-23
761.9049999399939 8.913647268869057e-23
762.0036308430842 8.91259881102202e-23
762.1022617461746 8.911550599954448e-23
762.2008926492649 8.910502635579108e-23
762.2995235523551 8.909454917808811e-23
762.3981544554455 8.908407446556408e-23
762.4967853585358 8.907360221734788e-23
762.5954162616262 8.90631324325688e-23
762.6940471647164 8.905266511035668e-23
762.7926780678067 8.904220024984156e-23
762.8913089708971 8.903173785015403e-23
762.9899398739874 8.902127791042505e-23
763.0885707770776 8.901082042978602e-23
763.187201680168 8.900036540736869e-23
763.2858325832583 8.898991284230527e-23
763.3844634863485 8.897946273372836e-23
763.4830943894389 8.896901508077097e-23
763.5817252925292 8.895856988256654e-23
763.6803561956195 8.89481271382489e-23
763.7789870987098 8.893768684695225e-23
763.8776180018001 8.892724900781126e-23
763.9762489048904 8.8916813619961e-23
764.0748798079808 8.890638068253689e-23
764.173510711071 8.889595019467487e-23
764.2721416141613 8.888552215551113e-23
764.3707725172517 8.88750965641824e-23
764.469403420342 8.88646734198258e-23
764.5680343234322 8.885425272157878e-23
764.6666652265226 8.884383446857923e-23
764.7652961296129 8.88334186599655e-23
764.8639270327033 8.882300529487629e-23
764.9625579357935 8.88125943724507e-23
765.0611888388838 8.880218589182825e-23
765.1598197419742 8.879177985214891e-23
765.2584506450645 8.878137625255301e-23
765.3570815481547 8.877097509218126e-23
765.4557124512451 8.87605763701748e-23
765.5543433543354 8.875018008567518e-23
765.6529742574257 8.873978623782441e-23
765.751605160516 8.872939482576474e-23
765.8502360636063 8.871900584863902e-23
765.9488669666966 8.870861930559036e-23
766.0474978697869 8.869823519576233e-23
766.1461287728772 8.86878535182989e-23
766.2447596759675 8.867747427234445e-23
766.3433905790579 8.866709745704374e-23
766.4420214821481 8.865672307154194e-23
766.5406523852384 8.864635111498463e-23
766.6392832883288 8.863598158651775e-23
766.7379141914191 8.862561448528774e-23
766.8365450945093 8.861524981044133e-23
766.9351759975997 8.860488756112572e-23
767.03380690069 8.85945277364885e-23
767.1324378037804 8.85841703356776e-23
767.2310687068706 8.857381535784142e-23
767.3296996099609 8.856346280212878e-23
767.4283305130513 8.855311266768876e-23
767.5269614161416 8.854276495367105e-23
767.6255923192318 8.853241965922559e-23
767.7242232223222 8.852207678350271e-23
767.8228541254125 8.851173632565318e-23
767.9214850285028 8.850139828482826e-23
768.0201159315931 8.849106266017945e-23
768.1187468346834 8.848072945085873e-23
768.2173777377737 8.847039865601848e-23
768.3160086408641 8.84600702748114e-23
768.4146395439543 8.844974430639076e-23
768.5132704470446 8.843942074991002e-23
768.611901350135 8.842909960452318e-23
768.7105322532252 8.841878086938459e-23
768.8091631563155 8.840846454364894e-23
768.9077940594059 8.839815062647146e-23
769.0064249624962 8.838783911700764e-23
769.1050558655865 8.837753001441343e-23
769.2036867686768 8.836722331784511e-23
769.3023176717671 8.835691902645944e-23
769.4009485748575 8.834661713941354e-23
769.4995794779477 8.833631765586494e-23
769.598210381038 8.832602057497154e-23
769.6968412841284 8.831572589589161e-23
769.7954721872187 8.830543361778385e-23
769.8941030903089 8.829514373980738e-23
769.9927339933993 8.828485626112168e-23
770.0913648964896 8.82745711808866e-23
770.18999579958 8.826428849826244e-23
770.2886267026702 8.825400821240982e-23
770.3872576057605 8.824373032248981e-23
770.4858885088508 8.823345482766388e-23
770.5845194119412 8.822318172709385e-23
770.6831503150314 8.821291101994195e-23
770.7817812181218 8.820264270537083e-23
770.8804121212121 8.819237678254342e-23
770.9790430243024 8.818211325062318e-23
771.0776739273927 8.817185210877399e-23
771.176304830483 8.816159335615986e-23
771.2749357335733 8.815133699194549e-23
771.3735666366636 8.814108301529585e-23
771.4721975397539 8.813083142537624e-23
771.5708284428442 8.81205822213524e-23
771.6694593459346 8.811033540239052e-23
771.7680902490248 8.81000909676571e-23
771.8667211521151 8.808984891631904e-23
771.9653520552055 8.807960924754365e-23
772.0639829582958 8.806937196049865e-23
772.162613861386 8.80591370543521e-23
772.2612447644764 8.804890452827246e-23
772.3598756675667 8.803867438142855e-23
772.458506570657 8.80284466129897e-23
772.5571374737473 8.801822122212548e-23
772.6557683768376 8.800799820800595e-23
772.754399279928 8.799777756980147e-23
772.8530301830183 8.798755930668285e-23
772.9516610861085 8.797734341782131e-23
773.0502919891989 8.796712990238834e-23
773.1489228922892 8.795691875955593e-23
773.2475537953795 8.794670998849644e-23
773.3461846984698 8.793650358838258e-23
773.4448156015601 8.792629955838743e-23
773.5434465046504 8.791609789768451e-23
773.6420774077408 8.79058986054477e-23
773.740708310831 8.789570168085125e-23
773.8393392139213 8.788550712306981e-23
773.9379701170117 8.787531493127845e-23
774.0366010201019 8.786512510465254e-23
774.1352319231922 8.785493764236787e-23
774.2338628262826 8.784475254360067e-23
774.3324937293729 8.783456980752745e-23
774.4311246324631 8.782438943332526e-23
774.5297555355535 8.781421142017134e-23
774.6283864386438 8.780403576724344e-23
774.7270173417342 8.779386247371967e-23
774.8256482448244 8.778369153877849e-23
774.9242791479147 8.777352296159879e-23
775.022910051005 8.776335674135976e-23
775.1215409540954 8.775319287724112e-23
775.2201718571856 8.774303136842281e-23
775.318802760276 8.773287221408524e-23
775.4174336633663 8.772271541340915e-23
775.5160645664566 8.771256096557573e-23
775.6146954695469 8.770240886976649e-23
775.7133263726372 8.769225912516338e-23
775.8119572757275 8.768211173094863e-23
775.9105881788179 8.767196668630495e-23
776.0092190819081 8.766182399041543e-23
776.1078499849984 8.765168364246343e-23
776.2064808880888 8.764154564163281e-23
776.3051117911791 8.763140998710771e-23
776.4037426942693 8.762127667807279e-23
776.5023735973597 8.76111457137129e-23
776.60100450045 8.760101709321339e-23
776.6996354035402 8.759089081576001e-23
776.7982663066306 8.758076688053879e-23
776.8968972097209 8.757064528673618e-23
776.9955281128113 8.75605260335391e-23
777.0941590159015 8.755040912013466e-23
777.1927899189918 8.754029454571052e-23
777.2914208220822 8.753018230945463e-23
777.3900517251725 8.75200724105553e-23
777.4886826282627 8.750996484820131e-23
777.5873135313531 8.749985962158174e-23
777.6859444344434 8.748975672988603e-23
777.7845753375337 8.747965617230404e-23
777.883206240624 8.746955794802603e-23
777.9818371437143 8.745946205624253e-23
778.0804680468046 8.744936849614461e-23
778.179098949895 8.743927726692352e-23
778.2777298529852 8.742918836777105e-23
778.3763607560755 8.741910179787926e-23
778.4749916591659 8.740901755644066e-23
778.5736225622562 8.739893564264805e-23
778.6722534653464 8.738885605569471e-23
778.7708843684368 8.737877879477415e-23
778.8695152715271 8.736870385908043e-23
778.9681461746175 8.735863124780783e-23
779.0667770777077 8.73485609601511e-23
779.165407980798 8.733849299530525e-23
779.2640388838884 8.732842735246583e-23
779.3626697869786 8.731836403082859e-23
779.4613006900689 8.730830302958981e-23
779.5599315931593 8.729824434794601e-23
779.6585624962496 8.728818798509417e-23
779.7571933993398 8.727813394023158e-23
779.8558243024302 8.726808221255595e-23
779.9544552055205 8.725803280126529e-23
780.0530861086108 8.724798570555808e-23
780.1517170117011 8.72379409246331e-23
780.2503479147914 8.722789845768957e-23
780.3489788178817 8.721785830392691e-23
780.4476097209721 8.720782046254518e-23
780.5462406240623 8.719778493274455e-23
780.6448715271526 8.71877517137257e-23
780.743502430243 8.717772080468964e-23
780.8421333333333 8.716769220483782e-23
780.9407642364235 8.71576659133719e-23
781.0393951395139 8.714764192949409e-23
781.1380260426042 8.713762025240682e-23
781.2366569456946 8.712760088131298e-23
781.3352878487848 8.711758381541581e-23
781.4339187518751 8.710756905391888e-23
781.5325496549655 8.709755659602619e-23
781.6311805580558 8.708754644094204e-23
781.729811461146 8.707753858787116e-23
781.8284423642364 8.706753303601856e-23
781.9270732673267 8.705752978458973e-23
782.0257041704169 8.704752883279046e-23
782.1243350735073 8.703753017982688e-23
782.2229659765976 8.702753382490557e-23
782.321596879688 8.70175397672334e-23
782.4202277827782 8.700754800601759e-23
782.5188586858685 8.699755854046586e-23
782.6174895889588 8.698757136978615e-23
782.7161204920492 8.697758649318684e-23
782.8147513951394 8.69676039098766e-23
782.9133822982297 8.695762361906455e-23
783.0120132013201 8.69476456199602e-23
783.1106441044104 8.693766991177327e-23
783.2092750075007 8.6927696493714e-23
783.307905910591 8.691772536499294e-23
783.4065368136813 8.690775652482092e-23
783.5051677167717 8.689778997240932e-23
783.6037986198619 8.68878257069697e-23
783.7024295229522 8.687786372771408e-23
783.8010604260426 8.686790403385478e-23
783.8996913291329 8.685794662460461e-23
783.9983222322231 8.684799149917661e-23
784.0969531353135 8.683803865678418e-23
784.1955840384038 8.682808809664112e-23
784.2942149414941 8.681813981796172e-23
784.3928458445844 8.680819381996042e-23
784.4914767476747 8.679825010185212e-23
784.590107650765 8.678830866285207e-23
784.6887385538553 8.67783695021759e-23
784.7873694569456 8.676843261903958e-23
784.886000360036 8.675849801265942e-23
784.9846312631263 8.674856568225217e-23
785.0832621662165 8.673863562703484e-23
785.1818930693069 8.672870784622486e-23
785.2805239723972 8.671878233903999e-23
785.3791548754875 8.670885910469837e-23
785.4777857785778 8.669893814241854e-23
785.5764166816681 8.66890194514193e-23
785.6750475847584 8.667910303091983e-23
785.7736784878488 8.666918888013972e-23
785.872309390939 8.665927699829899e-23
785.9709402940293 8.664936738461781e-23
786.0695711971197 8.663946003831687e-23
786.16820210021 8.662955495861715e-23
786.2668330033002 8.661965214474004e-23
786.3654639063906 8.660975159590723e-23
786.4640948094809 8.659985331134078e-23
786.5627257125713 8.658995729026319e-23
786.6613566156615 8.658006353189716e-23
786.7599875187518 8.657017203546584e-23
786.8586184218422 8.656028280019279e-23
786.9572493249325 8.655039582530184e-23
787.0558802280227 8.65405111100172e-23
787.154511131113 8.653062865356339e-23
787.2531420342034 8.65207484551654e-23
787.3517729372936 8.651087051404846e-23
787.450403840384 8.650099482943823e-23
787.5490347434743 8.649112140056066e-23
787.6476656465646 8.648125022664215e-23
787.7462965496549 8.647138130690937e-23
787.8449274527452 8.646151464058933e-23
787.9435583558355 8.645165022690947e-23
788.0421892589259 8.644178806509757e-23
788.1408201620161 8.643192815438172e-23
788.2394510651064 8.642207049399036e-23
788.3380819681968 8.64122150831523e-23
788.4367128712871 8.640236192109678e-23
788.5353437743773 8.639251100705328e-23
788.6339746774677 8.63826623402517e-23
788.732605580558 8.637281591992221e-23
788.8312364836484 8.636297174529542e-23
788.9298673867386 8.635312981560231e-23
789.0284982898289 8.634329013007411e-23
789.1271291929193 8.633345268794247e-23
789.2257600960096 8.632361748843938e-23
789.3243909990998 8.631378453079718e-23
789.4230219021902 8.630395381424859e-23
789.5216528052805 8.629412533802658e-23
789.6202837083708 8.628429910136457e-23
789.7189146114611 8.627447510349632e-23
789.8175455145514 8.626465334365592e-23
789.9161764176417 8.625483382107782e-23
790.014807320732 8.624501653499682e-23
790.1134382238223 8.623520148464798e-23
790.2120691269126 8.622538866926687e-23
790.310700030003 8.621557808808931e-23
790.4093309330932 8.620576974035149e-23
790.5079618361835 8.619596362528993e-23
790.6065927392739 8.618615974214152e-23
790.7052236423642 8.617635809014352e-23
790.8038545454544 8.616655866853348e-23
790.9024854485448 8.615676147654938e-23
791.0011163516351 8.614696651342942e-23
791.0997472547255 8.613717377841227e-23
791.1983781578157 8.612738327073691e-23
791.297009060906 8.611759498964267e-23
791.3956399639964 8.610780893436918e-23
791.4942708670867 8.609802510415647e-23
791.5929017701769 8.60882434982449e-23
791.6915326732673 8.607846411587519e-23
791.7901635763576 8.606868695628839e-23
791.8887944794479 8.605891201872588e-23
791.9874253825382 8.604913930242941e-23
792.0860562856285 8.603936880664107e-23
792.1846871887188 8.602960053060329e-23
792.2833180918092 8.601983447355891e-23
792.3819489948994 8.601007063475099e-23
792.4805798979897 8.600030901342301e-23
792.5792108010801 8.599054960881878e-23
792.6778417041703 8.598079242018252e-23
792.7764726072606 8.597103744675863e-23
792.875103510351 8.596128468779202e-23
792.9737344134413 8.595153414252791e-23
793.0723653165315 8.594178581021179e-23
793.1709962196219 8.593203969008955e-23
793.2696271227122 8.592229578140739e-23
793.3682580258026 8.591255408341195e-23
793.4668889288928 8.590281459535006e-23
793.5655198319831 8.589307731646899e-23
793.6641507350735 8.588334224601634e-23
793.7627816381638 8.587360938324007e-23
793.861412541254 8.58638787273884e-23
793.9600434443444 8.585415027771001e-23
794.0586743474347 8.584442403345382e-23
794.157305250525 8.583469999386912e-23
794.2559361536153 8.582497815820563e-23
794.3545670567056 8.581525852571326e-23
794.453197959796 8.580554109564234e-23
794.5518288628863 8.579582586724356e-23
794.6504597659765 8.578611283976795e-23
794.7490906690668 8.577640201246679e-23
794.8477215721572 8.576669338459181e-23
794.9463524752475 8.575698695539505e-23
795.0449833783377 8.574728272412888e-23
795.1436142814281 8.573758069004594e-23
795.2422451845184 8.572788085239935e-23
795.3408760876086 8.571818321044247e-23
795.439506990699 8.570848776342899e-23
795.5381378937893 8.569879451061302e-23
795.6367687968797 8.568910345124896e-23
795.7353996999699 8.56794145845915e-23
795.8340306030602 8.566972790989576e-23
795.9326615061506 8.566004342641719e-23
796.0312924092409 8.565036113341144e-23
796.1299233123311 8.564068103013473e-23
796.2285542154215 8.563100311584334e-23
796.3271851185118 8.562132738979413e-23
796.4258160216021 8.561165385124421e-23
796.5244469246924 8.560198249945102e-23
796.6230778277827 8.559231333367226e-23
796.721708730873 8.558264635316611e-23
796.8203396339634 8.557298155719101e-23
796.9189705370536 8.556331894500579e-23
797.017601440144 8.555365851586945e-23
797.1162323432343 8.554400026904153e-23
797.2148632463246 8.553434420378181e-23
797.3134941494149 8.552469031935045e-23
797.4121250525052 8.551503861500785e-23
797.5107559555955 8.550538909001484e-23
797.6093868586859 8.549574174363258e-23
797.7080177617761 8.548609657512245e-23
797.8066486648664 8.547645358374635e-23
797.9052795679568 8.546681276876633e-23
798.003910471047 8.545717412944494e-23
798.1025413741373 8.544753766504495e-23
798.2011722772277 8.543790337482946e-23
798.299803180318 8.542827125806197e-23
798.3984340834082 8.54186413140063e-23
798.4970649864986 8.540901354192656e-23
798.5956958895889 8.539938794108722e-23
798.6943267926792 8.538976451075311e-23
798.7929576957695 8.538014325018935e-23
798.8915885988598 8.537052415866139e-23
798.9902195019502 8.536090723543504e-23
799.0888504050405 8.535129247977641e-23
799.1874813081307 8.534167989095205e-23
799.286112211221 8.533206946822863e-23
799.3847431143114 8.532246121087332e-23
799.4833740174017 8.531285511815359e-23
799.582004920492 8.530325118933729e-23
799.6806358235823 8.529364942369242e-23
799.7792667266726 8.528404982048748e-23
799.877897629763 8.527445237899128e-23
799.9765285328532 8.52648570984729e-23
800.0751594359435 8.525526397820176e-23
800.1737903390339 8.524567301744765e-23
800.2724212421242 8.523608421548067e-23
800.3710521452144 8.522649757157125e-23
800.4696830483048 8.521691308499015e-23
800.5683139513951 8.520733075500846e-23
800.6669448544853 8.519775058089754e-23
800.7655757575757 8.518817256192923e-23
800.864206660666 8.517859669737554e-23
800.9628375637564 8.516902298650889e-23
801.0614684668466 8.515945142860197e-23
801.1600993699369 8.514988202292787e-23
801.2587302730273 8.514031476876002e-23
801.3573611761176 8.513074966537208e-23
801.4559920792078 8.512118671203809e-23
801.5546229822982 8.511162590803243e-23
801.6532538853885 8.510206725262976e-23
801.7518847884788 8.509251074510517e-23
801.8505156915691 8.508295638473396e-23
801.9491465946594 8.507340417079179e-23
802.0477774977497 8.50638541025547e-23
802.1464084008401 8.505430617929901e-23
802.2450393039303 8.504476040030139e-23
802.3436702070206 8.503521676483876e-23
802.442301110111 8.502567527218845e-23
802.5409320132013 8.501613592162814e-23
802.6395629162915 8.500659871243571e-23
802.7381938193819 8.499706364388946e-23
802.8368247224722 8.498753071526805e-23
802.9354556255626 8.497799992585035e-23
803.0340865286528 8.496847127491562e-23
803.1327174317431 8.495894476174347e-23
803.2313483348335 8.494942038561377e-23
803.3299792379237 8.493989814580677e-23
803.428610141014 8.493037804160298e-23
803.5272410441044 8.492086007228334e-23
803.6258719471947 8.4911344237129e-23
803.7245028502849 8.490183053542146e-23
803.8231337533753 8.489231896644261e-23
803.9217646564656 8.48828095294746e-23
804.0203955595559 8.487330222379994e-23
804.1190264626462 8.48637970487014e-23
804.2176573657365 8.485429400346214e-23
804.3162882688268 8.484479308736558e-23
804.4149191719172 8.483529429969553e-23
804.5135500750074 8.482579763973613e-23
804.6121809780977 8.481630310677171e-23
804.7108118811881 8.480681070008706e-23
804.8094427842784 8.479732041896726e-23
804.9080736873686 8.478783226269768e-23
805.006704590459 8.4778346230564e-23
805.1053354935493 8.476886232185229e-23
805.2039663966397 8.475938053584885e-23
805.3025972997299 8.474990087184041e-23
805.4012282028202 8.474042332911387e-23
805.4998591059106 8.473094790695662e-23
805.5984900090009 8.472147460465624e-23
805.6971209120911 8.47120034215007e-23
805.7957518151815 8.470253435677821e-23
805.8943827182718 8.469306740977747e-23
805.993013621362 8.468360257978725e-23
806.0916445244524 8.467413986609689e-23
806.1902754275427 8.46646792679958e-23
806.288906330633 8.465522078477399e-23
806.3875372337233 8.464576441572151e-23
806.4861681368136 8.463631016012896e-23
806.5847990399039 8.462685801728708e-23
806.6834299429943 8.461740798648703e-23
806.7820608460845 8.460796006702028e-23
806.8806917491748 8.459851425817855e-23
806.9793226522652 8.458907055925394e-23
807.0779535553555 8.457962896953891e-23
807.1765844584457 8.45701894883261e-23
807.2752153615361 8.456075211490855e-23
807.3738462646264 8.455131684857969e-23
807.4724771677168 8.454188368863313e-23
807.571108070807 8.453245263436282e-23
807.6697389738973 8.452302368506314e-23
807.7683698769877 8.451359684002865e-23
807.867000780078 8.450417209855431e-23
807.9656316831682 8.449474945993535e-23
808.0642625862586 8.448532892346734e-23
808.1628934893489 8.447591048844617e-23
808.2615243924392 8.446649415416799e-23
808.3601552955295 8.445707991992938e-23
808.4587861986198 8.44476677850271e-23
808.5574171017101 8.443825774875829e-23
808.6560480048004 8.442884981042046e-23
808.7546789078907 8.44194439693113e-23
808.853309810981 8.441004022472892e-23
808.9519407140714 8.440063857597168e-23
809.0505716171616 8.439123902233838e-23
809.149202520252 8.438184156312797e-23
809.2478334233423 8.43724461976398e-23
809.3464643264326 8.436305292517348e-23
809.4450952295228 8.435366174502905e-23
809.5437261326132 8.434427265650668e-23
809.6423570357035 8.4334885658907e-23
809.7409879387939 8.432550075153092e-23
809.8396188418841 8.431611793367965e-23
809.9382497449744 8.430673720465469e-23
810.0368806480648 8.429735856375788e-23
810.1355115511551 8.428798201029135e-23
810.2341424542453 8.427860754355758e-23
810.3327733573357 8.42692351628593e-23
810.431404260426 8.425986486749965e-23
810.5300351635163 8.425049665678195e-23
810.6286660666066 8.424113053000996e-23
810.7272969696969 8.423176648648766e-23
810.8259278727872 8.422240452551934e-23
810.9245587758776 8.421304464640965e-23
811.0231896789678 8.420368684846357e-23
811.1218205820581 8.419433113098631e-23
811.2204514851485 8.418497749328343e-23
811.3190823882387 8.417562593466083e-23
811.417713291329 8.416627645442467e-23
811.5163441944194 8.415692905188138e-23
811.6149750975097 8.414758372633787e-23
811.7136060006 8.41382404771012e-23
811.8122369036903 8.412889930347873e-23
811.9108678067806 8.411956020477827e-23
812.009498709871 8.411022318030778e-23
812.1081296129612 8.410088822937564e-23
812.2067605160515 8.409155535129049e-23
812.3053914191419 8.408222454536128e-23
812.4040223222322 8.407289581089726e-23
812.5026532253224 8.406356914720803e-23
812.6012841284128 8.405424455360345e-23
812.6999150315031 8.404492202939369e-23
812.7985459345934 8.403560157388926e-23
812.8971768376837 8.4026283186401e-23
812.995807740774 8.401696686623995e-23
813.0944386438644 8.400765261271756e-23
813.1930695469547 8.39983404251455e-23
813.2917004500449 8.398903030283584e-23
813.3903313531353 8.397972224510093e-23
813.4889622562256 8.397041625125335e-23
813.5875931593159 8.396111232060608e-23
813.6862240624062 8.395181045247233e-23
813.7848549654965 8.39425106461657e-23
813.8834858685868 8.393321290099999e-23
813.982116771677 8.392391721628942e-23
814.0807476747674 8.391462359134845e-23
814.1793785778577 8.39053320254918e-23
814.2780094809481 8.389604251803458e-23
814.3766403840383 8.38867550682922e-23
814.4752712871286 8.387746967558029e-23
814.573902190219 8.386818633921483e-23
814.6725330933093 8.385890505851219e-23
814.7711639963995 8.38496258327889e-23
814.8697948994899 8.384034866136187e-23
814.9684258025802 8.383107354354832e-23
815.0670567056706 8.382180047866573e-23
815.1656876087608 8.381252946603194e-23
815.2643185118511 8.380326050496504e-23
815.3629494149415 8.379399359478342e-23
815.4615803180318 8.378472873480586e-23
815.560211221122 8.377546592435134e-23
815.6588421242124 8.376620516273917e-23
815.7574730273027 8.375694644928897e-23
815.856103930393 8.374768978332065e-23
815.9547348334833 8.37384351641545e-23
816.0533657365736 8.372918259111097e-23
816.1519966396639 8.371993206351096e-23
816.2506275427543 8.371068358067553e-23
816.3492584458445 8.370143714192616e-23
816.4478893489348 8.369219274658457e-23
816.5465202520252 8.368295039397274e-23
816.6451511551154 8.367371008341309e-23
816.7437820582057 8.366447181422818e-23
816.8424129612961 8.365523558574097e-23
816.9410438643864 8.364600139727464e-23
817.0396747674766 8.363676924815287e-23
817.138305670567 8.36275391376993e-23
817.2369365736573 8.361831106523816e-23
817.3355674767477 8.360908503009388e-23
817.4341983798379 8.359986103159116e-23
817.5328292829282 8.359063906905506e-23
817.6314601860186 8.358141914181086e-23
817.7300910891089 8.357220124918423e-23
817.8287219921991 8.356298539050108e-23
817.9273528952895 8.355377156508761e-23
818.0259837983798 8.354455977227035e-23
818.1246147014701 8.353535001137611e-23
818.2232456045604 8.352614228173203e-23
818.3218765076507 8.351693658266549e-23
818.420507410741 8.350773291350424e-23
818.5191383138314 8.349853127357624e-23
818.6177692169216 8.348933166220983e-23
818.7164001200119 8.348013407873357e-23
818.8150310231023 8.347093852247639e-23
818.9136619261926 8.346174499276745e-23
819.0122928292828 8.345255348893632e-23
819.1109237323732 8.344336401031272e-23
819.2095546354635 8.343417655622671e-23
819.3081855385537 8.342499112600872e-23
819.4068164416441 8.341580771898943e-23
819.5054473447344 8.340662633449975e-23
819.6040782478248 8.339744697187099e-23
819.702709150915 8.33882696304347e-23
819.8013400540053 8.337909430952276e-23
819.8999709570957 8.336992100846727e-23
819.998601860186 8.336074972660071e-23
820.0972327632762 8.335158046325582e-23
820.1958636663666 8.334241321776562e-23
820.2944945694569 8.333324798946344e-23
820.3931254725472 8.332408477768292e-23
820.4917563756375 8.331492358175796e-23
820.5903872787278 8.330576440102278e-23
820.6890181818181 8.329660723481186e-23
820.7876490849085 8.328745208246002e-23
820.8862799879987 8.327829894330235e-23
820.984910891089 8.326914781667422e-23
821.0835417941794 8.325999870191131e-23
821.1821726972697 8.325085159834961e-23
821.28080360036 8.324170650532538e-23
821.3794345034503 8.323256342217511e-23
821.4780654065406 8.322342234823576e-23
821.576696309631 8.321428328284438e-23
821.6753272127212 8.320514622533845e-23
821.7739581158115 8.319601117505564e-23
821.8725890189019 8.3186878131334e-23
821.9712199219921 8.317774709351188e-23
822.0698508250824 8.316861806092778e-23
822.1684817281728 8.315949103292065e-23
822.2671126312631 8.315036600882967e-23
822.3657435343533 8.31412429879943e-23
822.4643744374437 8.313212196975432e-23
822.563005340534 8.312300295344974e-23
822.6616362436243 8.311388593842091e-23
822.7602671467146 8.310477092400853e-23
822.8588980498049 8.309565790955346e-23
822.9575289528952 8.308654689439689e-23
823.0561598559856 8.30774378778804e-23
823.1547907590758 8.30683308593457e-23
823.2534216621661 8.305922583813492e-23
823.3520525652565 8.305012281359043e-23
823.4506834683468 8.30410217850549e-23
823.549314371437 8.303192275187125e-23
823.6479452745274 8.30228257133827e-23
823.7465761776177 8.301373066893281e-23
823.8452070807081 8.300463761786541e-23
823.9438379837983 8.299554655952458e-23
824.0424688868886 8.29864574932547e-23
824.141099789979 8.297737041840049e-23
824.2397306930693 8.296828533430686e-23
824.3383615961595 8.29592022403191e-23
824.4369924992499 8.295012113578273e-23
824.5356234023402 8.294104202004363e-23
824.6342543054304 8.293196489244788e-23
824.7328852085208 8.292288975234188e-23
824.8315161116111 8.291381659907233e-23
824.9301470147014 8.290474543198622e-23
825.0287779177917 8.289567625043078e-23
825.127408820882 8.288660905375359e-23
825.2260397239723 8.287754384130247e-23
825.3246706270627 8.286848061242554e-23
825.4233015301529 8.285941936647126e-23
825.5219324332433 8.285036010278825e-23
825.6205633363336 8.284130282072552e-23
825.7191942394239 8.283224751963236e-23
825.8178251425142 8.282319419885832e-23
825.9164560456045 8.281414285775318e-23
826.0150869486948 8.280509349566711e-23
826.1137178517852 8.279604611195055e-23
826.2123487548754 8.278700070595412e-23
826.3109796579657 8.27779572770288e-23
826.4096105610561 8.276891582452589e-23
826.5082414641464 8.27598763477969e-23
826.6068723672366 8.275083884619372e-23
826.705503270327 8.27418033190684e-23
826.8041341734173 8.273276976577333e-23
826.9027650765076 8.272373818566123e-23
827.0013959795979 8.271470857808507e-23
827.1000268826882 8.270568094239805e-23
827.1986577857786 8.269665527795373e-23
827.2972886888688 8.268763158410594e-23
827.3959195919591 8.267860986020868e-23
827.4945504950495 8.266959010561647e-23
827.5931813981398 8.266057231968385e-23
827.69181230123 8.265155650176585e-23
827.7904432043204 8.264254265121764e-23
827.8890741074107 8.263353076739473e-23
827.987705010501 8.262452084965293e-23
828.0863359135913 8.261551289734834e-23
828.1849668166816 8.260650690983723e-23
828.2835977197719 8.259750288647629e-23
828.3822286228623 8.258850082662244e-23
828.4808595259525 8.257950072963288e-23
828.5794904290428 8.257050259486505e-23
828.6781213321332 8.256150642167672e-23
828.7767522352235 8.255251220942591e-23
828.8753831383137 8.254351995747103e-23
828.9740140414041 8.25345296651706e-23
829.0726449444944 8.252554133188348e-23
829.1712758475848 8.251655495696889e-23
829.269906750675 8.250757053978623e-23
829.3685376537653 8.249858807969525e-23
829.4671685568557 8.248960757605594e-23
829.565799459946 8.248062902822856e-23
829.6644303630362 8.247165243557368e-23
829.7630612661266 8.246267779745213e-23
829.8616921692169 8.245370511322503e-23
829.9603230723071 8.24447343822538e-23
830.0589539753975 8.243576560390009e-23
830.1575848784878 8.242679877752582e-23
830.2562157815781 8.241783390249327e-23
830.3548466846684 8.240887097816493e-23
830.4534775877587 8.239991000390362e-23
830.552108490849 8.239095097907236e-23
830.6507393939394 8.238199390303452e-23
830.7493702970296 8.237303877515364e-23
830.8480012001199 8.236408559479377e-23
830.9466321032103 8.235513436131897e-23
831.0452630063006 8.234618507409373e-23
831.1438939093908 8.233723773248275e-23
831.2425248124812 8.232829233585108e-23
831.3411557155715 8.231934888356394e-23
831.4397866186619 8.231040737498695e-23
831.5384175217521 8.230146780948594e-23
831.6370484248424 8.229253018642699e-23
831.7356793279328 8.228359450517651e-23
831.8343102310231 8.227466076510117e-23
831.9329411341133 8.226572896556789e-23
832.0315720372037 8.225679910594387e-23
832.130202940294 8.224787118559666e-23
832.2288338433843 8.223894520389397e-23
832.3274647464746 8.223002116020387e-23
832.4260956495649 8.222109905389466e-23
832.5247265526552 8.221217888433494e-23
832.6233574557455 8.220326065089359e-23
832.7219883588358 8.219434435293973e-23
832.8206192619261 8.218542998984277e-23
832.9192501650165 8.217651756097241e-23
833.0178810681067 8.216760706569867e-23
833.116511971197 8.215869850339165e-23
833.2151428742874 8.214979187342198e-23
833.3137737773777 8.214088717516042e-23
833.412404680468 8.213198440797803e-23
833.5110355835583 8.212308357124609e-23
833.6096664866486 8.211418466433627e-23
833.708297389739 8.210528768662043e-23
833.8069282928292 8.209639263747072e-23
833.9055591959195 8.208749951625954e-23
834.0041900990099 8.207860832235964e-23
834.1028210021002 8.206971905514391e-23
834.2014519051904 8.206083171398568e-23
834.3000828082808 8.205194629825843e-23
834.3987137113711 8.204306280733592e-23
834.4973446144614 8.203418124059224e-23
834.5959755175517 8.202530159740171e-23
834.694606420642 8.201642387713892e-23
834.7932373237323 8.200754807917874e-23
834.8918682268227 8.199867420289634e-23
834.9904991299129 8.198980224766713e-23
835.0891300330032 8.19809322128668e-23
835.1877609360936 8.197206409787126e-23
835.2863918391838 8.196319790205681e-23
835.3850227422741 8.195433362479992e-23
835.4836536453645 8.19454712654773e-23
835.5822845484548 8.193661082346607e-23
835.680915451545 8.192775229814353e-23
835.7795463546354 8.191889568888725e-23
835.8781772577257 8.191004099507506e-23
835.9768081608161 8.190118821608509e-23
836.0754390639063 8.189233735129573e-23
836.1740699669966 8.188348840008562e-23
836.272700870087 8.187464136183376e-23
836.3713317731773 8.186579623591923e-23
836.4699626762675 8.185695302172162e-23
836.5685935793579 8.184811171862057e-23
836.6672244824482 8.183927232599612e-23
836.7658553855385 8.183043484322852e-23
836.8644862886288 8.18215992696984e-23
836.9631171917191 8.181276560478644e-23
837.0617480948094 8.18039338478738e-23
837.1603789978998 8.179510399834176e-23
837.25900990099 8.178627605557201e-23
837.3576408040803 8.17774500189464e-23
837.4562717071707 8.176862588784703e-23
837.554902610261 8.175980366165638e-23
837.6535335133512 8.175098333975711e-23
837.7521644164416 8.174216492153216e-23
837.8507953195319 8.173334840636475e-23
837.9494262226222 8.17245337936384e-23
838.0480571257125 8.171572108273677e-23
838.1466880288028 8.170691027304394e-23
838.2453189318932 8.169810136394423e-23
838.3439498349834 8.168929435482211e-23
838.4425807380737 8.168048924506244e-23
838.5412116411641 8.167168603405027e-23
838.6398425442544 8.166288472117097e-23
838.7384734473446 8.165408530581016e-23
838.837104350435 8.164528778735371e-23
838.9357352535253 8.163649216518776e-23
839.0343661566156 8.162769843869874e-23
839.1329970597059 8.161890660727326e-23
839.2316279627962 8.161011667029831e-23
839.3302588658865 8.160132862716108e-23
839.4288897689769 8.159254247724909e-23
839.5275206720671 8.158375821994999e-23
839.6261515751575 8.157497585465179e-23
839.7247824782478 8.156619538074278e-23
839.8234133813381 8.155741679761148e-23
839.9220442844284 8.154864010464671e-23
840.0206751875187 8.153986530123747e-23
840.119306090609 8.153109238677307e-23
840.2179369936994 8.152232136064315e-23
840.3165678967896 8.151355222223748e-23
840.4151987998799 8.150478497094623e-23
840.5138297029703 8.149601960615975e-23
840.6124606060605 8.148725612726868e-23
840.7110915091508 8.147849453366389e-23
840.8097224122412 8.146973482473654e-23
840.9083533153315 8.146097699987806e-23
841.0069842184217 8.145222105848013e-23
841.1056151215121 8.144346699993474e-23
841.2042460246024 8.143471482363403e-23
841.3028769276928 8.142596452897049e-23
841.401507830783 8.141721611533687e-23
841.5001387338733 8.140846958212614e-23
841.5987696369637 8.139972492873154e-23
841.697400540054 8.139098215454664e-23
841.7960314431442 8.138224125896522e-23
841.8946623462346 8.137350224138122e-23
841.9932932493249 8.136476510118904e-23
842.0919241524152 8.135602983778316e-23
842.1905550555055 8.13472964505585e-23
842.2891859585958 8.133856493891006e-23
842.3878168616861 8.132983530223321e-23
842.4864477647765 8.132110753992352e-23
842.5850786678667 8.13123816513769e-23
842.683709570957 8.130365763598944e-23
842.7823404740474 8.129493549315756e-23
842.8809713771377 8.128621522227784e-23
842.9796022802279 8.127749682274723e-23
843.0782331833183 8.126878029396286e-23
843.1768640864086 8.126006563532219e-23
843.2754949894988 8.125135284622285e-23
843.3741258925892 8.12426419260628e-23
843.4727567956795 8.123393287424021e-23
843.5713876987699 8.122522569015359e-23
843.6700186018601 8.121652037320166e-23
843.7686495049504 8.120781692278327e-23
843.8672804080408 8.119911533829778e-23
843.9659113111311 8.119041561914464e-23
844.0645422142213 8.118171776472359e-23
844.1631731173117 8.117302177443462e-23
844.261804020402 8.1164327647678e-23
844.3604349234923 8.11556353838543e-23
844.4590658265826 8.114694498236423e-23
844.5576967296729 8.113825644260882e-23
844.6563276327632 8.112956976398942e-23
844.7549585358536 8.112088494590759e-23
844.8535894389438 8.111220198776502e-23
844.9522203420341 8.11035208889639e-23
845.0508512451245 8.109484164890649e-23
845.1494821482148 8.108616426699536e-23
845.248113051305 8.107748874263335e-23
845.3467439543954 8.106881507522357e-23
845.4453748574857 8.106014326416932e-23
845.544005760576 8.105147330887424e-23
845.6426366636663 8.10428052087422e-23
845.7412675667566 8.103413896317728e-23
845.839898469847 8.10254745715838e-23
845.9385293729372 8.101681203336651e-23
846.0371602760275 8.100815134793015e-23
846.1357911791179 8.099949251467998e-23
846.2344220822082 8.099083553302127e-23
846.3330529852984 8.098218040235971e-23
846.4316838883888 8.097352712210123e-23
846.5303147914791 8.096487569165196e-23
846.6289456945694 8.09562261104183e-23
846.7275765976597 8.09475783778069e-23
846.82620750075 8.093893249322471e-23
846.9248384038403 8.093028845607889e-23
847.0234693069307 8.092164626577681e-23
847.1221002100209 8.091300592172621e-23
847.2207311131112 8.0904367423335e-23
847.3193620162016 8.089573077001134e-23
847.4179929192919 8.088709596116373e-23
847.5166238223821 8.08784629962008e-23
847.6152547254725 8.086983187453152e-23
847.7138856285628 8.086120259556506e-23
847.8125165316532 8.085257515871091e-23
847.9111474347434 8.084394956337874e-23
848.0097783378337 8.083532580897853e-23
848.1084092409241 8.082670389492047e-23
848.2070401440144 8.0818083820615e-23
848.3056710471046 8.080946558547288e-23
848.404301950195 8.080084918890502e-23
848.5029328532853 8.079223463032269e-23
848.6015637563755 8.078362190913733e-23
848.7001946594659 8.077501102476065e-23
848.7988255625562 8.076640197660461e-23
848.8974564656465 8.075779476408142e-23
848.9960873687368 8.074918938660363e-23
849.0947182718271 8.07405858435839e-23
849.1933491749174 8.073198413443521e-23
849.2919800780078 8.072338425857079e-23
849.390610981098 8.071478621540415e-23
849.4892418841883 8.070619000434893e-23
849.5878727872787 8.069759562481921e-23
849.686503690369 8.068900307622915e-23
849.7851345934592 8.068041235799325e-23
849.8837654965496 8.067182346952621e-23
849.9823963996399 8.066323641024305e-23
850.0810273027303 8.0654651179559e-23
850.1796582058205 8.064606777688949e-23
850.2782891089108 8.063748620165024e-23
850.3769200120012 8.062890645325728e-23
850.4755509150915 8.06203285311268e-23
850.5741818181817 8.061175243467529e-23
850.6728127212721 8.060317816331946e-23
850.7714436243624 8.059460571647626e-23
850.8700745274527 8.058603509356295e-23
850.968705430543 8.057746629399699e-23
851.0673363336333 8.056889931719608e-23
851.1659672367236 8.056033416257819e-23
851.2645981398139 8.055177082956155e-23
851.3632290429042 8.054320931756457e-23
851.4618599459945 8.053464962600601e-23
851.5604908490849 8.052609175430483e-23
851.6591217521751 8.05175357018802e-23
851.7577526552654 8.050898146815157e-23
851.8563835583558 8.050042905253866e-23
851.9550144614461 8.04918784544614e-23
852.0536453645364 8.048332967334002e-23
852.1522762676267 8.047478270859492e-23
852.250907170717 8.04662375596468e-23
852.3495380738074 8.045769422591656e-23
852.4481689768976 8.044915270682547e-23
852.5467998799879 8.044061300179488e-23
852.6454307830783 8.043207511024644e-23
852.7440616861686 8.042353903160212e-23
852.8426925892588 8.041500476528413e-23
852.9413234923492 8.040647231071478e-23
853.0399543954395 8.039794166731676e-23
853.1385852985298 8.038941283451299e-23
853.2372162016201 8.038088581172664e-23
853.3358471047104 8.037236059838106e-23
853.4344780078007 8.036383719389988e-23
853.5331089108911 8.035531559770703e-23
853.6317398139813 8.034679580922658e-23
853.7303707170717 8.033827782788295e-23
853.829001620162 8.032976165310074e-23
853.9276325232522 8.032124728430482e-23
854.0262634263426 8.031273472092029e-23
854.1248943294329 8.03042239623725e-23
854.2235252325232 8.029571500808704e-23
854.3221561356135 8.028720785748976e-23
854.4207870387038 8.027870251000675e-23
854.5194179417941 8.02701989650643e-23
854.6180488448845 8.026169722208902e-23
854.7166797479747 8.025319728050773e-23
854.815310651065 8.024469913974744e-23
854.9139415541554 8.023620279923549e-23
855.0125724572457 8.022770825839938e-23
855.1112033603359 8.021921551666695e-23
855.2098342634263 8.021072457346624e-23
855.3084651665166 8.020223542822547e-23
855.407096069607 8.019374808037315e-23
855.5057269726972 8.018526252933808e-23
855.6043578757875 8.017677877454924e-23
855.7029887788779 8.016829681543588e-23
855.8016196819682 8.015981665142747e-23
855.9002505850584 8.015133828195375e-23
855.9988814881488 8.01428617064447e-23
856.0975123912391 8.013438692433051e-23
856.1961432943294 8.01259139350416e-23
856.2947741974197 8.011744273800873e-23
856.39340510051 8.01089733326628e-23
856.4920360036003 8.010050571843499e-23
856.5906669066906 8.009203989475671e-23
856.6892978097809 8.00835758610596e-23
856.7879287128712 8.007511361677559e-23
856.8865596159616 8.006665316133683e-23
856.9851905190518 8.005819449417569e-23
857.0838214221421 8.004973761472472e-23
857.1824523252325 8.004128252241688e-23
857.2810832283228 8.003282921668518e-23
857.379714131413 8.002437769696308e-23
857.4783450345034 8.001592796268407e-23
857.5769759375937 8.000748001328198e-23
857.675606840684 7.999903384819088e-23
857.7742377437743 7.999058946684505e-23
857.8728686468646 7.998214686867907e-23
857.971499549955 7.997370605312771e-23
858.0701304530453 7.996526701962595e-23
858.1687613561355 7.995682976760909e-23
858.2673922592259 7.99483942965126e-23
858.3660231623162 7.993996060577223e-23
858.4646540654065 7.993152869482394e-23
858.5632849684968 7.992309856310395e-23
858.6619158715871 7.991467021004868e-23
858.7605467746774 7.990624363509485e-23
858.8591776777678 7.989781883767938e-23
858.957808580858 7.988939581723946e-23
859.0564394839483 7.988097457321244e-23
859.1550703870387 7.987255510503599e-23
859.2537012901289 7.986413741214802e-23
859.3523321932192 7.985572149398655e-23
859.4509630963096 7.984730734999005e-23
859.5495939993999 7.983889497959699e-23
859.6482249024901 7.983048438224631e-23
859.7468558055805 7.9822075557377e-23
859.8454867086708 7.981366850442837e-23
859.9441176117612 7.980526322284e-23
860.0427485148514 7.979685971205165e-23
860.1413794179417 7.978845797150328e-23
860.2400103210321 7.978005800063517e-23
860.3386412241224 7.977165979888783e-23
860.4372721272126 7.976326336570195e-23
860.535903030303 7.975486870051849e-23
860.6345339333933 7.974647580277866e-23
860.7331648364836 7.973808467192385e-23
860.8317957395739 7.972969530739578e-23
860.9304266426642 7.972130770863628e-23
861.0290575457545 7.971292187508754e-23
861.1276884488449 7.970453780619189e-23
861.2263193519351 7.969615550139197e-23
861.3249502550254 7.968777496013061e-23
861.4235811581158 7.967939618185084e-23
861.5222120612061 7.967101916599601e-23
861.6208429642963 7.96626439120097e-23
861.7194738673867 7.965427041933561e-23
861.818104770477 7.964589868741781e-23
861.9167356735672 7.963752871570055e-23
862.0153665766576 7.962916050362825e-23
862.1139974797479 7.962079405064568e-23
862.2126283828383 7.961242935619777e-23
862.3112592859285 7.96040664197297e-23
862.4098901890188 7.959570524068689e-23
862.5085210921092 7.958734581851503e-23
862.6071519951995 7.957898815265994e-23
862.7057828982897 7.957063224256775e-23
862.8044138013801 7.956227808768487e-23
862.9030447044704 7.955392568745779e-23
863.0016756075607 7.954557504133339e-23
863.100306510651 7.953722614875872e-23
863.1989374137413 7.952887900918103e-23
863.2975683168316 7.952053362204786e-23
863.396199219922 7.951218998680693e-23
863.4948301230122 7.950384810290624e-23
863.5934610261025 7.949550796979401e-23
863.6920919291929 7.948716958691866e-23
863.7907228322832 7.947883295372889e-23
863.8893537353734 7.947049806967357e-23
863.9879846384638 7.946216493420186e-23
864.0866155415541 7.945383354676313e-23
864.1852464446445 7.9445503906807e-23
864.2838773477347 7.943717601378326e-23
864.382508250825 7.942884986714205e-23
864.4811391539154 7.942052546633357e-23
864.5797700570056 7.941220281080841e-23
864.6784009600959 7.940388190001728e-23
864.7770318631863 7.939556273341122e-23
864.8756627662766 7.938724531044141e-23
864.9742936693668 7.937892963055935e-23
865.0729245724572 7.93706156932167e-23
865.1715554755475 7.936230349786532e-23
865.2701863786378 7.935399304395736e-23
865.3688172817281 7.934568433094528e-23
865.4674481848184 7.933737735828157e-23
865.5660790879087 7.932907212541911e-23
865.6647099909991 7.932076863181094e-23
865.7633408940893 7.931246687691038e-23
865.8619717971796 7.930416686017094e-23
865.96060270027 7.929586858104633e-23
866.0592336033603 7.928757203899059e-23
866.1578645064506 7.927927723345785e-23
866.2564954095409 7.927098416390263e-23
866.3551263126312 7.926269282977952e-23
866.4537572157216 7.925440323054342e-23
866.5523881188118 7.92461153656495e-23
866.6510190219021 7.923782923455308e-23
866.7496499249925 7.92295448367097e-23
866.8482808280828 7.922126217157526e-23
866.946911731173 7.921298123860571e-23
867.0455426342634 7.920470203725733e-23
867.1441735373537 7.919642456698665e-23
867.2428044404439 7.918814882725033e-23
867.3414353435343 7.917987481750533e-23
867.4400662466246 7.917160253720884e-23
867.538697149715 7.916333198581822e-23
867.6373280528052 7.915506316279119e-23
867.7359589558955 7.914679606758554e-23
867.8345898589859 7.913853069965928e-23
867.9332207620762 7.913026705847083e-23
868.0318516651664 7.912200514347873e-23
868.1304825682568 7.911374495414166e-23
868.2291134713471 7.910548648991864e-23
868.3277443744374 7.90972297502689e-23
868.4263752775277 7.908897473465186e-23
868.525006180618 7.908072144252723e-23
868.6236370837083 7.907246987335483e-23
868.7222679867987 7.906422002659484e-23
868.8208988898889 7.905597190170759e-23
868.9195297929792 7.904772549815362e-23
869.0181606960696 7.903948081539376e-23
869.1167915991599 7.9031237852889e-23
869.2154225022501 7.902299661010063e-23
869.3140534053405 7.901475708649009e-23
869.4126843084308 7.900651928151911e-23
869.5113152115212 7.899828319464957e-23
869.6099461146114 7.899004882534364e-23
869.7085770177017 7.898181617306368e-23
869.807207920792 7.897358523727231e-23
869.9058388238823 7.896535601743234e-23
870.0044697269726 7.895712851300679e-23
870.103100630063 7.894890272345891e-23
870.2017315331533 7.89406786482523e-23
870.3003624362435 7.893245628685059e-23
870.3989933393339 7.892423563871775e-23
870.4976242424242 7.891601670331792e-23
870.5962551455145 7.890779948011549e-23
870.6948860486048 7.88995839685751e-23
870.7935169516951 7.88913701681616e-23
870.8921478547854 7.888315807834003e-23
870.9907787578758 7.887494769857564e-23
871.089409660966 7.8866739028334e-23
871.1880405640563 7.88585320670808e-23
871.2866714671467 7.885032681428195e-23
871.385302370237 7.88421232694037e-23
871.4839332733272 7.883392143191241e-23
871.5825641764176 7.882572130127471e-23
871.6811950795079 7.881752287695746e-23
871.7798259825983 7.880932615842768e-23
871.8784568856885 7.880113114515267e-23
871.9770877887788 7.879293783659998e-23
872.0757186918692 7.878474623223727e-23
872.1743495949595 7.877655633153259e-23
872.2729804980497 7.876836813395402e-23
872.3716114011401 7.876018163897e-23
872.4702423042304 7.875199684604915e-23
872.5688732073206 7.874381375466028e-23
872.667504110411 7.873563236427248e-23
872.7661350135013 7.872745267435505e-23
872.8647659165916 7.87192746843774e-23
872.9633968196819 7.87110983938094e-23
873.0620277227722 7.870292380212086e-23
873.1606586258625 7.8694750908782e-23
873.2592895289529 7.868657971326319e-23
873.3579204320431 7.867841021503506e-23
873.4565513351334 7.867024241356841e-23
873.5551822382238 7.866207630833431e-23
873.6538131413141 7.8653911898804e-23
873.7524440444043 7.864574918444902e-23
873.8510749474947 7.8637588164741e-23
873.949705850585 7.862942883915193e-23
874.0483367536754 7.862127120715391e-23
874.1469676567656 7.861311526821933e-23
874.2455985598559 7.860496102182077e-23
874.3442294629463 7.859680846743103e-23
874.4428603660366 7.858865760452315e-23
874.5414912691268 7.858050843257034e-23
874.6401221722172 7.857236095104612e-23
874.7387530753075 7.856421515942409e-23
874.8373839783978 7.85560710571782e-23
874.9360148814881 7.854792864378254e-23
875.0346457845784 7.853978791871148e-23
875.1332766876687 7.853164888143957e-23
875.231907590759 7.852351153144155e-23
875.3305384938493 7.851537586819246e-23
875.4291693969396 7.850724189116745e-23
875.52780030003 7.849910959984199e-23
875.6264312031202 7.849097899369171e-23
875.7250621062105 7.848285007219246e-23
875.8236930093009 7.847472283482032e-23
875.9223239123912 7.846659728105164e-23
876.0209548154814 7.845847341036288e-23
876.1195857185718 7.845035122223078e-23
876.2182166216621 7.844223071613231e-23
876.3168475247525 7.843411189154459e-23
876.4154784278427 7.842599474794509e-23
876.514109330933 7.84178792848113e-23
876.6127402340234 7.840976550162115e-23
876.7113711371137 7.840165339785255e-23
876.8100020402039 7.83935429729839e-23
876.9086329432943 7.838543422649354e-23
877.0072638463846 7.837732715786019e-23
877.1058947494749 7.836922176656273e-23
877.2045256525652 7.836111805208035e-23
877.3031565556555 7.83530160138923e-23
877.4017874587458 7.834491565147819e-23
877.5004183618362 7.833681696431771e-23
877.5990492649264 7.832871995189089e-23
877.6976801680167 7.832062461367791e-23
877.7963110711071 7.831253094915915e-23
877.8949419741973 7.83044389578153e-23
877.9935728772876 7.829634863912713e-23
878.092203780378 7.828825999257575e-23
878.1908346834683 7.828017301764237e-23
878.2894655865585 7.827208771380855e-23
878.3880964896489 7.82640040805559e-23
878.4867273927392 7.82559221173664e-23
878.5853582958296 7.824784182372214e-23
878.6839891989198 7.823976319910546e-23
878.7826201020101 7.823168624299894e-23
878.8812510051005 7.822361095488538e-23
878.9798819081908 7.82155373342477e-23
879.078512811281 7.820746538056914e-23
879.1771437143714 7.819939509333306e-23
879.2757746174617 7.819132647202315e-23
879.374405520552 7.818325951612321e-23
879.4730364236423 7.817519422511732e-23
879.5716673267326 7.816713059848969e-23
879.670298229823 7.815906863572486e-23
879.7689291329133 7.815100833630747e-23
879.8675600360035 7.814294969972252e-23
879.9661909390938 7.813489272545501e-23
880.0648218421842 7.812683741299034e-23
880.1634527452745 7.811878376181402e-23
880.2620836483648 7.811073177141188e-23
880.3607145514551 7.810268144126975e-23
880.4593454545454 7.809463277087394e-23
880.5579763576357 7.808658575971082e-23
880.656607260726 7.807854040726693e-23
880.7552381638163 7.807049671302913e-23
880.8538690669067 7.806245467648448e-23
880.9524999699969 7.80544142971202e-23
881.0511308730872 7.804637557442369e-23
881.1497617761776 7.803833850788267e-23
881.2483926792679 7.803030309698499e-23
881.3470235823581 7.80222693412188e-23
881.4456544854485 7.801423724007232e-23
881.5442853885388 7.800620679303408e-23
881.6429162916291 7.799817799959281e-23
881.7415471947194 7.799015085923748e-23
881.8401780978097 7.798212537145717e-23
881.9388090009 7.797410153574125e-23
882.0374399039904 7.79660793515793e-23
882.1360708070806 7.795805881846109e-23
882.234701710171 7.795003993587662e-23
882.3333326132613 7.794202270331604e-23
882.4319635163516 7.79340071202698e-23
882.5305944194419 7.792599318622851e-23
882.6292253225322 7.791798090068298e-23
882.7278562256225 7.790997026312421e-23
882.8264871287129 7.79019612730435e-23
882.9251180318031 7.789395392993232e-23
883.0237489348934 7.788594823328229e-23
883.1223798379838 7.787794418258528e-23
883.221010741074 7.786994177733341e-23
883.3196416441643 7.786194101701895e-23
883.4182725472547 7.78539419011344e-23
883.516903450345 7.784594442917247e-23
883.6155343534352 7.783794860062608e-23
883.7141652565256 7.78299544149884e-23
883.8127961596159 7.782196187175268e-23
883.9114270627063 7.781397097041251e-23
884.0100579657965 7.780598171046167e-23
884.1086888688868 7.779799409139407e-23
884.2073197719772 7.779000811270396e-23
884.3059506750675 7.778202377388564e-23
884.4045815781577 7.777404107443371e-23
884.503212481248 7.7766060013843e-23
884.6018433843384 7.775808059160845e-23
884.7004742874287 7.775010280722535e-23
884.799105190519 7.774212666018907e-23
884.8977360936093 7.773415214999521e-23
884.9963669966996 7.772617927613967e-23
885.09499789979 7.771820803811843e-23
885.1936288028802 7.771023843542777e-23
885.2922597059705 7.770227046756415e-23
885.3908906090609 7.769430413402419e-23
885.4895215121512 7.76863394343048e-23
885.5881524152414 7.767837636790302e-23
885.6867833183318 7.767041493431615e-23
885.7854142214221 7.766245513304167e-23
885.8840451245123 7.765449696357727e-23
885.9826760276027 7.764654042542089e-23
886.081306930693 7.763858551807059e-23
886.1799378337834 7.763063224102469e-23
886.2785687368736 7.762268059378172e-23
886.3771996399639 7.76147305758404e-23
886.4758305430543 7.760678218669968e-23
886.5744614461446 7.759883542585864e-23
886.6730923492348 7.759089029281669e-23
886.7717232523252 7.758294678707332e-23
886.8703541554155 7.757500490812832e-23
886.9689850585058 7.756706465548161e-23
887.0676159615961 7.755912602863346e-23
887.1662468646864 7.755118902708405e-23
887.2648777677767 7.754325365033411e-23
887.3635086708671 7.753531989788436e-23
887.4621395739573 7.752738776923577e-23
887.5607704770476 7.751945726388957e-23
887.659401380138 7.751152838134711e-23
887.7580322832283 7.750360112111e-23
887.8566631863185 7.749567548268006e-23
887.9552940894089 7.748775146555926e-23
888.0539249924992 7.747982906924983e-23
888.1525558955896 7.747190829325416e-23
888.2511867986798 7.746398913707492e-23
888.3498177017701 7.745607160021487e-23
888.4484486048605 7.744815568217705e-23
888.5470795079507 7.74402413824647e-23
888.645710411041 7.743232870058129e-23
888.7443413141314 7.742441763603034e-23
888.8429722172217 7.741650818831578e-23
888.9416031203119 7.740860035694164e-23
889.0402340234023 7.740069414141213e-23
889.1388649264926 7.739278954123175e-23
889.2374958295829 7.738488655590507e-23
889.3361267326732 7.737698518493704e-23
889.4347576357635 7.736908542783265e-23
889.5333885388538 7.736118728409716e-23
889.6320194419442 7.735329075323607e-23
889.7306503450344 7.734539583475499e-23
889.8292812481247 7.73375025281598e-23
889.9279121512151 7.732961083295661e-23
890.0265430543054 7.732172074865161e-23
890.1251739573956 7.731383227475135e-23
890.223804860486 7.730594541076246e-23
890.3224357635763 7.729806015619181e-23
890.4210666666667 7.72901765105465e-23
890.5196975697569 7.728229447333378e-23
890.6183284728472 7.727441404406115e-23
890.7169593759376 7.726653522223629e-23
890.8155902790279 7.725865800736704e-23
890.9142211821181 7.725078239896158e-23
891.0128520852085 7.724290839652807e-23
891.1114829882988 7.723503599957506e-23
891.210113891389 7.722716520761127e-23
891.3087447944794 7.721929602014549e-23
891.4073756975697 7.721142843668692e-23
891.50600660066 7.720356245674472e-23
891.6046375037503 7.719569807982848e-23
891.7032684068406 7.718783530544783e-23
891.801899309931 7.71799741331127e-23
891.9005302130213 7.717211456233313e-23
891.9991611161115 7.716425659261944e-23
892.0977920192018 7.715640022348209e-23
892.1964229222922 7.714854545443182e-23
892.2950538253825 7.714069228497945e-23
892.3936847284727 7.713284071463613e-23
892.4923156315631 7.71249907429131e-23
892.5909465346534 7.711714236932187e-23
892.6895774377438 7.71092955933741e-23
892.788208340834 7.710145041458171e-23
892.8868392439243 7.709360683245671e-23
892.9854701470147 7.70857648465115e-23
893.084101050105 7.707792445625842e-23
893.1827319531952 7.707008566121026e-23
893.2813628562856 7.706224846087988e-23
893.3799937593759 7.705441285478029e-23
893.4786246624662 7.70465788424248e-23
893.5772555655565 7.703874642332692e-23
893.6758864686468 7.70309155970003e-23
893.7745173717371 7.702308636295877e-23
893.8731482748274 7.701525872071648e-23
893.9717791779177 7.700743266978761e-23
894.070410081008 7.699960820968666e-23
894.1690409840984 7.699178533992826e-23
894.2676718871886 7.698396406002734e-23
894.366302790279 7.697614436949889e-23
894.4649336933693 7.696832626785819e-23
894.5635645964596 7.696050975462072e-23
894.6621954995499 7.695269482930205e-23
894.7608264026402 7.694488149141807e-23
894.8594573057305 7.693706974048486e-23
894.9580882088209 7.692925957601858e-23
895.0567191119111 7.692145099753575e-23
895.1553500150014 7.691364400455291e-23
895.2539809180918 7.6905838596587e-23
895.3526118211821 7.689803477315493e-23
895.4512427242723 7.689023253377402e-23
895.5498736273627 7.688243187796162e-23
895.648504530453 7.687463280523534e-23
895.7471354335433 7.686683531511308e-23
895.8457663366336 7.685903940711277e-23
895.9443972397239 7.685124508075259e-23
896.0430281428143 7.684345233555104e-23
896.1416590459046 7.683566117102661e-23
896.2402899489948 7.682787158669813e-23
896.3389208520852 7.682008358208465e-23
896.4375517551755 7.681229715670523e-23
896.5361826582657 7.680451231007933e-23
896.634813561356 7.679672904172648e-23
896.7334444644464 7.678894735116647e-23
896.8320753675367 7.678116723791926e-23
896.930706270627 7.677338870150504e-23
897.0293371737173 7.676561174144406e-23
897.1279680768076 7.675783635725697e-23
897.226598979898 7.675006254846442e-23
897.3252298829882 7.674229031458746e-23
897.4238607860785 7.673451965514712e-23
897.5224916891689 7.672675056966478e-23
897.6211225922592 7.67189830576619e-23
897.7197534953494 7.671121711866029e-23
897.8183843984398 7.670345275218176e-23
897.9170153015301 7.669568995774845e-23
898.0156462046205 7.668792873488263e-23
898.1142771077107 7.668016908310687e-23
898.212908010801 7.667241100194376e-23
898.3115389138914 7.666465449091616e-23
898.4101698169817 7.665689954954725e-23
898.5088007200719 7.664914617736023e-23
898.6074316231623 7.664139437387851e-23
898.7060625262526 7.663364413862581e-23
898.8046934293429 7.662589547112591e-23
898.9033243324332 7.661814837090291e-23
899.0019552355235 7.661040283748098e-23
899.1005861386138 7.660265887038458e-23
899.1992170417041 7.659491646913833e-23
899.2978479447944 7.658717563326699e-23
899.3964788478847 7.657943636229558e-23
899.4951097509751 7.657169865574925e-23
899.5937406540653 7.656396251315349e-23
899.6923715571556 7.655622793403376e-23
899.791002460246 7.65484949179159e-23
899.8896333633363 7.654076346432583e-23
899.9882642664265 7.653303357278975e-23
900.0868951695169 7.65253052428339e-23
900.1855260726072 7.651757847398492e-23
900.2841569756976 7.650985326576949e-23
900.3827878787878 7.650212961771455e-23
900.4814187818781 7.649440752934717e-23
900.5800496849685 7.648668700019467e-23
900.6786805880588 7.647896802978455e-23
900.777311491149 7.647125061764449e-23
900.8759423942394 7.646353476330235e-23
900.9745732973297 7.64558204662862e-23
901.07320420042 7.64481077261243e-23
901.1718351035103 7.644039654234507e-23
901.2704660066006 7.643268691447718e-23
901.3690969096909 7.642497884204947e-23
901.4677278127813 7.641727232459091e-23
901.5663587158715 7.640956736163073e-23
901.6649896189618 7.640186395269833e-23
901.7636205220522 7.639416209732333e-23
901.8622514251424 7.638646179503542e-23
901.9608823282327 7.637876304536466e-23
902.0595132313231 7.637106584784114e-23
902.1581441344134 7.636337020199524e-23
902.2567750375036 7.635567610735753e-23
902.355405940594 7.634798356345868e-23
902.4540368436843 7.63402925698296e-23
902.5526677467747 7.633260312600143e-23
902.6512986498649 7.632491523150549e-23
902.7499295529552 7.631722888587321e-23
902.8485604560456 7.630954408863631e-23
902.9471913591359 7.630186083932658e-23
903.0458222622261 7.629417913747617e-23
903.1444531653165 7.628649898261726e-23
903.2430840684068 7.627882037428225e-23
903.3417149714971 7.627114331200383e-23
903.4403458745874 7.626346779531474e-23
903.5389767776777 7.625579382374805e-23
903.637607680768 7.624812139683684e-23
903.7362385838584 7.624045051411457e-23
903.8348694869486 7.62327811751148e-23
903.933500390039 7.622511337937119e-23
904.0321312931293 7.621744712641775e-23
904.1307621962196 7.620978241578854e-23
904.2293930993098 7.620211924701797e-23
904.3280240024002 7.619445761964046e-23
904.4266549054905 7.61867975331907e-23
904.5252858085807 7.617913898720361e-23
904.6239167116711 7.617148198121421e-23
904.7225476147614 7.616382651475773e-23
904.8211785178518 7.615617258736965e-23
904.919809420942 7.614852019858559e-23
905.0184403240323 7.61408693479413e-23
905.1170712271227 7.613322003497288e-23
905.215702130213 7.612557225921641e-23
905.3143330333032 7.611792602020828e-23
905.4129639363936 7.611028131748511e-23
905.5115948394839 7.61026381505836e-23
905.6102257425742 7.609499651904066e-23
905.7088566456645 7.608735642239344e-23
905.8074875487548 7.607971786017921e-23
905.9061184518451 7.607208083193547e-23
906.0047493549355 7.606444533719994e-23
906.1033802580257 7.605681137551041e-23
906.202011161116 7.604917894640496e-23
906.3006420642064 7.604154804942184e-23
906.3992729672967 7.603391868409942e-23
906.497903870387 7.602629084997632e-23
906.5965347734773 7.601866454659131e-23
906.6951656765676 7.601103977348345e-23
906.793796579658 7.60034165301918e-23
906.8924274827482 7.599579481625576e-23
906.9910583858385 7.598817463121482e-23
907.0896892889289 7.598055597460874e-23
907.1883201920191 7.597293884597742e-23
907.2869510951094 7.596532324486086e-23
907.3855819981998 7.595770917079942e-23
907.4842129012901 7.595009662333353e-23
907.5828438043803 7.594248560200379e-23
907.6814747074707 7.59348761063511e-23
907.780105610561 7.592726813591639e-23
907.8787365136513 7.591966169024088e-23
907.9773674167416 7.591205676886596e-23
908.0759983198319 7.590445337133316e-23
908.1746292229222 7.589685149718426e-23
908.2732601260126 7.588925114596116e-23
908.3718910291028 7.588165231720599e-23
908.4705219321932 7.587405501046103e-23
908.5691528352835 7.586645922526877e-23
908.6677837383738 7.585886496117186e-23
908.766414641464 7.585127221771317e-23
908.8650455445544 7.58436809944357e-23
908.9636764476447 7.583609129088267e-23
909.0623073507351 7.582850310659749e-23
909.1609382538253 7.582091644112372e-23
909.2595691569156 7.581333129400515e-23
909.358200060006 7.580574766478567e-23
909.4568309630963 7.579816555300947e-23
909.5554618661865 7.579058495822084e-23
909.6540927692769 7.578300587996426e-23
909.7527236723672 7.577542831778442e-23
909.8513545754574 7.576785227122616e-23
909.9499854785478 7.576027773983452e-23
910.0486163816381 7.575270472315474e-23
910.1472472847285 7.57451332207322e-23
910.2458781878187 7.573756323211252e-23
910.344509090909 7.572999475684148e-23
910.4431399939994 7.572242779446498e-23
910.5417708970897 7.571486234452915e-23
910.6404018001799 7.570729840658039e-23
910.7390327032703 7.569973598016509e-23
910.8376636063606 7.569217506483e-23
910.9362945094509 7.568461566012192e-23
911.0349254125412 7.567705776558799e-23
911.1335563156315 7.56695013807753e-23
911.2321872187218 7.566194650523131e-23
911.3308181218122 7.565439313850364e-23
911.4294490249024 7.564684128014001e-23
911.5280799279927 7.563929092968839e-23
911.6267108310831 7.563174208669689e-23
911.7253417341734 7.562419475071385e-23
911.8239726372636 7.56166489212877e-23
911.922603540354 7.560910459796713e-23
912.0212344434443 7.560156178030104e-23
912.1198653465347 7.559402046783837e-23
912.2184962496249 7.558648066012841e-23
912.3171271527152 7.557894235672053e-23
912.4157580558056 7.557140555716427e-23
912.5143889588958 7.556387026100939e-23
912.6130198619861 7.555633646780583e-23
912.7116507650765 7.554880417710368e-23
912.8102816681668 7.554127338845326e-23
912.908912571257 7.553374410140504e-23
913.0075434743474 7.552621631550962e-23
913.1061743774377 7.551869003031787e-23
913.204805280528 7.551116524538077e-23
913.3034361836183 7.550364196024952e-23
913.4020670867086 7.549612017447551e-23
913.5006979897989 7.548859988761023e-23
913.5993288928893 7.548108109920548e-23
913.6979597959795 7.547356380881308e-23
913.7965906990698 7.546604801598518e-23
913.8952216021602 7.5458533720274e-23
913.9938525052505 7.545102092123197e-23
914.0924834083407 7.544350961841175e-23
914.1911143114311 7.543599981136609e-23
914.2897452145214 7.5428491499648e-23
914.3883761176118 7.542098468281062e-23
914.487007020702 7.54134793604073e-23
914.5856379237923 7.540597553199149e-23
914.6842688268827 7.539847319711692e-23
914.782899729973 7.539097235533745e-23
914.8815306330632 7.538347300620712e-23
914.9801615361536 7.537597514928019e-23
915.0787924392439 7.536847878411096e-23
915.1774233423341 7.536098391025414e-23
915.2760542454245 7.535349052726434e-23
915.3746851485148 7.534599863469662e-23
915.4733160516051 7.533850823210597e-23
915.5719469546954 7.533101931904778e-23
915.6705778577857 7.532353189507745e-23
915.769208760876 7.53160459597506e-23
915.8678396639664 7.530856151262312e-23
915.9664705670566 7.530107855325096e-23
916.0651014701469 7.529359708119029e-23
916.1637323732373 7.528611709599745e-23
916.2623632763276 7.527863859722899e-23
916.3609941794178 7.527116158444159e-23
916.4596250825082 7.526368605719213e-23
916.5582559855985 7.525621201503768e-23
916.6568868886889 7.524873945753543e-23
916.7555177917791 7.524126838424283e-23
916.8541486948694 7.52337987947174e-23
916.9527795979598 7.522633068851697e-23
917.0514105010501 7.52188640651994e-23
917.1500414041403 7.52113989243229e-23
917.2486723072307 7.520393526544563e-23
917.347303210321 7.519647308812615e-23
917.4459341134113 7.518901239192304e-23
917.5445650165016 7.518155317639511e-23
917.6431959195919 7.51740954411014e-23
917.7418268226822 7.516663918560102e-23
917.8404577257725 7.515918440945334e-23
917.9390886288628 7.515173111221782e-23
918.0377195319531 7.514427929345423e-23
918.1363504350435 7.513682895272238e-23
918.2349813381337 7.512938008958229e-23
918.333612241224 7.512193270359421e-23
918.4322431443144 7.51144867943185e-23
918.5308740474047 7.510704236131577e-23
918.629504950495 7.509959940414668e-23
918.7281358535853 7.509215792237217e-23
918.8267667566756 7.508471791555337e-23
918.925397659766 7.507727938325148e-23
919.0240285628562 7.506984232502798e-23
919.1226594659465 7.506240674044444e-23
919.2212903690369 7.505497262906263e-23
919.3199212721272 7.504753999044456e-23
919.4185521752174 7.504010882415233e-23
919.5171830783078 7.503267912974823e-23
919.6158139813981 7.502525090679476e-23
919.7144448844884 7.501782415485455e-23
919.8130757875787 7.501039887349042e-23
919.911706690669 7.500297506226535e-23
920.0103375937593 7.499555272074259e-23
920.1089684968497 7.498813184848539e-23
920.2075993999399 7.498071244505733e-23
920.3062303030302 7.497329451002206e-23
920.4048612061206 7.496587804294343e-23
920.5034921092108 7.495846304338554e-23
920.6021230123011 7.495104951091253e-23
920.7007539153915 7.494363744508885e-23
920.7993848184818 7.4936226845479e-23
920.898015721572 7.492881771164771e-23
920.9966466246624 7.492141004315986e-23
921.0952775277527 7.491400383958059e-23
921.1939084308431 7.49065991004751e-23
921.2925393339333 7.489919582540879e-23
921.3911702370236 7.489179401394727e-23
921.489801140114 7.48843936656563e-23
921.5884320432043 7.487699478010177e-23
921.6870629462945 7.486959735684985e-23
921.7856938493849 7.486220139546677e-23
921.8843247524752 7.4854806895519e-23
921.9829556555655 7.484741385657311e-23
922.0815865586558 7.484002227819596e-23
922.1802174617461 7.483263215995447e-23
922.2788483648364 7.482524350141577e-23
922.3774792679268 7.481785630214717e-23
922.476110171017 7.481047056171617e-23
922.5747410741074 7.480308627969036e-23
922.6733719771977 7.47957034556376e-23
922.7720028802879 7.478832208912587e-23
922.8706337833783 7.478094217972335e-23
922.9692646864686 7.477356372699829e-23
923.0678955895589 7.476618673051929e-23
923.1665264926492 7.475881118985498e-23
923.2651573957395 7.475143710457415e-23
923.3637882988298 7.474406447424589e-23
923.4624192019202 7.473669329843935e-23
923.5610501050104 7.472932357672385e-23
923.6596810081007 7.4721955308669e-23
923.7583119111911 7.471458849384441e-23
923.8569428142814 7.470722313181996e-23
923.9555737173716 7.469985922216571e-23
924.054204620462 7.469249676445181e-23
924.1528355235523 7.468513575824868e-23
924.2514664266427 7.467777620312686e-23
924.3500973297329 7.467041809865703e-23
924.4487282328232 7.46630614444101e-23
924.5473591359136 7.465570623995708e-23
924.6459900390039 7.464835248486925e-23
924.7446209420941 7.464100017871794e-23
924.8432518451845 7.463364932107474e-23
924.9418827482748 7.462629991151137e-23
925.0405136513651 7.46189519495997e-23
925.1391445544554 7.461160543491186e-23
925.2377754575457 7.460426036702e-23
925.336406360636 7.45969167454966e-23
925.4350372637263 7.458957456991417e-23
925.5336681668166 7.45822338398455e-23
925.6322990699069 7.457489455486344e-23
925.7309299729973 7.456755671454111e-23
925.8295608760875 7.456022031845176e-23
925.9281917791778 7.455288536616877e-23
926.0268226822682 7.454555185726572e-23
926.1254535853585 7.453821979131639e-23
926.2240844884487 7.453088916789467e-23
926.3227153915391 7.452355998657466e-23
926.4213462946294 7.451623224693062e-23
926.5199771977198 7.450890594853696e-23
926.61860810081 7.450158109096826e-23
926.7172390039003 7.449425767379926e-23
926.8158699069907 7.448693569660493e-23
926.914500810081 7.447961515896033e-23
927.0131317131712 7.447229606044073e-23
927.1117626162616 7.446497840062154e-23
927.2103935193519 7.445766217907836e-23
927.3090244224422 7.445034739538695e-23
927.4076553255325 7.444303404912323e-23
927.5062862286228 7.443572213986334e-23
927.6049171317131 7.442841166718345e-23
927.7035480348035 7.442110263066006e-23
927.8021789378937 7.441379502986975e-23
927.900809840984 7.440648886438922e-23
927.9994407440744 7.439918413379549e-23
928.0980716471646 7.439188083766561e-23
928.1967025502549 7.43845789755768e-23
928.2953334533453 7.437727854710657e-23
928.3939643564356 7.436997955183243e-23
928.4925952595258 7.436268198933221e-23
928.5912261626162 7.435538585918375e-23
928.6898570657065 7.434809116096521e-23
928.7884879687969 7.434079789425481e-23
928.8871188718871 7.433350605863101e-23
928.9857497749774 7.432621565367234e-23
929.0843806780678 7.431892667895762e-23
929.1830115811581 7.431163913406569e-23
929.2816424842483 7.430435301857572e-23
929.3802733873387 7.429706833206689e-23
929.478904290429 7.428978507411863e-23
929.5775351935193 7.428250324431053e-23
929.6761660966096 7.427522284222233e-23
929.7747969996999 7.426794386743392e-23
929.8734279027902 7.426066631952546e-23
929.9720588058806 7.425339019807708e-23
930.0706897089708 7.424611550266923e-23
930.1693206120611 7.423884223288251e-23
930.2679515151515 7.423157038829757e-23
930.3665824182418 7.422429996849536e-23
930.465213321332 7.421703097305701e-23
930.5638442244224 7.420976340156361e-23
930.6624751275127 7.420249725359666e-23
930.761106030603 7.419523252873767e-23
930.8597369336933 7.418796922656834e-23
930.9583678367836 7.418070734667062e-23
931.056998739874 7.417344688862646e-23
931.1556296429642 7.416618785201819e-23
931.2542605460545 7.415893023642807e-23
931.3528914491449 7.415167404143874e-23
931.4515223522352 7.414441926663282e-23
931.5501532553254 7.413716591159323e-23
931.6487841584158 7.412991397590296e-23
931.7474150615061 7.412266345914522e-23
931.8460459645964 7.411541436090343e-23
931.9446768676867 7.4108166680761e-23
932.043307770777 7.410092041830165e-23
932.1419386738673 7.409367557310927e-23
932.2405695769577 7.40864321447678e-23
932.3392004800479 7.40791901328615e-23
932.4378313831382 7.407194953697466e-23
932.5364622862286 7.406471035669173e-23
932.6350931893189 7.405747259159746e-23
932.7337240924091 7.40502362412766e-23
932.8323549954995 7.404300130531415e-23
932.9309858985898 7.403576778329529e-23
933.0296168016802 7.40285356748053e-23
933.1282477047704 7.402130497942968e-23
933.2268786078607 7.401407569675403e-23
933.3255095109511 7.400684782636418e-23
933.4241404140413 7.399962136784609e-23
933.5227713171316 7.399239632078582e-23
933.621402220222 7.398517268476972e-23
933.7200331233123 7.397795045938424e-23
933.8186640264025 7.397072964421594e-23
933.9172949294929 7.396351023885159e-23
934.0159258325832 7.395629224287817e-23
934.1145567356735 7.394907565588271e-23
934.2131876387638 7.394186047745253e-23
934.3118185418541 7.393464670717498e-23
934.4104494449444 7.392743434463766e-23
934.5090803480348 7.392022338942832e-23
934.607711251125 7.391301384113484e-23
934.7063421542153 7.390580569934528e-23
934.8049730573057 7.389859896364788e-23
934.903603960396 7.3891393633631e-23
935.0022348634863 7.388418970888319e-23
935.1008657665766 7.387698718899315e-23
935.1994966696669 7.386978607354974e-23
935.2981275727573 7.386258636214198e-23
935.3967584758475 7.385538805435907e-23
935.4953893789378 7.384819114979033e-23
935.5940202820282 7.384099564802527e-23
935.6926511851185 7.383380154865356e-23
935.7912820882087 7.382660885126507e-23
935.8899129912991 7.381941755544972e-23
935.9885438943894 7.381222766079768e-23
936.0871747974796 7.380503916689925e-23
936.18580570057 7.37978520733449e-23
936.2844366036603 7.379066637972522e-23
936.3830675067506 7.378348208563104e-23
936.4816984098409 7.377629919065333e-23
936.5803293129312 7.376911769438312e-23
936.6789602160216 7.376193759641169e-23
936.7775911191119 7.375475889633051e-23
936.8762220222021 7.374758159373115e-23
936.9748529252925 7.374040568820528e-23
937.0734838283828 7.373323117934488e-23
937.1721147314731 7.372605806674198e-23
937.2707456345634 7.371888634998879e-23
937.3693765376537 7.37117160286777e-23
937.468007440744 7.370454710240124e-23
937.5666383438344 7.369737957075212e-23
937.6652692469246 7.369021343332318e-23
937.7639001500149 7.36830486897074e-23
937.8625310531053 7.367588533949802e-23
937.9611619561956 7.366872338228832e-23
938.0597928592858 7.366156281767181e-23
938.1584237623762 7.365440364524209e-23
938.2570546654665 7.364724586459303e-23
938.3556855685569 7.364008947531857e-23
938.4543164716471 7.36329344770128e-23
938.5529473747374 7.362578086927001e-23
938.6515782778278 7.361862865168467e-23
938.750209180918 7.361147782385133e-23
938.8488400840083 7.360432838536478e-23
938.9474709870987 7.35971803358199e-23
939.046101890189 7.359003367481176e-23
939.1447327932792 7.358288840193558e-23
939.2433636963696 7.357574451678681e-23
939.3419945994599 7.356860201896087e-23
939.4406255025502 7.356146090805356e-23
939.5392564056405 7.355432118366069e-23
939.6378873087308 7.354718284537825e-23
939.7365182118211 7.354004589280245e-23
939.8351491149115 7.353291032552959e-23
939.9337800180017 7.35257761431562e-23
940.032410921092 7.351864334527881e-23
940.1310418241824 7.351151193149433e-23
940.2296727272727 7.350438190139965e-23
940.3283036303629 7.34972532545919e-23
940.4269345334533 7.349012599066834e-23
940.5255654365436 7.348300010922638e-23
940.624196339634 7.347587560986365e-23
940.7228272427242 7.346875249217782e-23
940.8214581458145 7.346163075576681e-23
940.9200890489049 7.345451040022865e-23
941.0187199519952 7.34473914251616e-23
941.1173508550854 7.344027383016395e-23
941.2159817581758 7.343315761483423e-23
941.3146126612661 7.342604277877114e-23
941.4132435643563 7.341892932157351e-23
941.5118744674467 7.341181724284026e-23
941.610505370537 7.340470654217059e-23
941.7091362736273 7.33975972191638e-23
941.8077671767176 7.339048927341927e-23
941.9063980798079 7.338338270453668e-23
942.0050289828982 7.337627751211572e-23
942.1036598859886 7.336917369575637e-23
942.2022907890788 7.336207125505867e-23
942.3009216921691 7.335497018962285e-23
942.3995525952595 7.334787049904927e-23
942.4981834983498 7.334077218293851e-23
942.59681440144 7.333367524089124e-23
942.6954453045304 7.332657967250827e-23
942.7940762076207 7.331948547739066e-23
942.8927071107111 7.33123926551395e-23
942.9913380138013 7.330530120535617e-23
943.0899689168916 7.32982111276421e-23
943.188599819982 7.329112242159886e-23
943.2872307230723 7.32840350868283e-23
943.3858616261625 7.327694912293231e-23
943.4844925292529 7.326986452951296e-23
943.5831234323432 7.326278130617253e-23
943.6817543354335 7.325569945251334e-23
943.7803852385238 7.324861896813804e-23
943.8790161416141 7.324153985264919e-23
943.9776470447044 7.32344621056497e-23
944.0762779477947 7.322738572674263e-23
944.174908850885 7.322031071553109e-23
944.2735397539753 7.321323707161835e-23
944.3721706570657 7.320616479460796e-23
944.4708015601559 7.319909388410347e-23
944.5694324632462 7.31920243397087e-23
944.6680633663366 7.318495616102754e-23
944.7666942694269 7.317788934766411e-23
944.8653251725171 7.317082389922259e-23
944.9639560756075 7.316375981530738e-23
945.0625869786978 7.315669709552305e-23
945.1612178817882 7.314963573947428e-23
945.2598487848784 7.314257574676587e-23
945.3584796879687 7.313551711700286e-23
945.4571105910591 7.31284598497904e-23
945.5557414941494 7.312140394473376e-23
945.6543723972396 7.311434940143845e-23
945.75300330033 7.310729621951e-23
945.8516342034203 7.310024439855424e-23
945.9502651065106 7.309319393817703e-23
946.0488960096009 7.308614483798449e-23
946.1475269126912 7.30790970975828e-23
946.2461578157815 7.307205071657832e-23
946.3447887188719 7.306500569457758e-23
946.4434196219621 7.305796203118725e-23
946.5420505250524 7.305091972601416e-23
946.6406814281428 7.304387877866531e-23
946.739312331233 7.303683918874778e-23
946.8379432343233 7.302980095586887e-23
946.9365741374137 7.3022764079636e-23
947.035205040504 7.301572855965677e-23
947.1338359435942 7.300869439553896e-23
947.2324668466846 7.300166158689035e-23
947.3310977497749 7.299463013331906e-23
947.4297286528653 7.298760003443325e-23
947.5283595559555 7.298057128984123e-23
947.6269904590458 7.297354389915153e-23
947.7256213621362 7.29665178619728e-23
947.8242522652265 7.29594931779138e-23
947.9228831683167 7.295246984658351e-23
948.0215140714071 7.294544786759097e-23
948.1201449744974 7.293842724054547e-23
948.2187758775877 7.29314079650564e-23
948.317406780678 7.292439004073329e-23
948.4160376837683 7.291737346718582e-23
948.5146685868586 7.291035824402389e-23
948.613299489949 7.290334437085747e-23
948.7119303930392 7.289633184729669e-23
948.8105612961295 7.288932067295189e-23
948.9091921992199 7.288231084743345e-23
949.0078231023102 7.287530237035204e-23
949.1064540054005 7.286829524131837e-23
949.2050849084908 7.286128945994337e-23
949.3037158115811 7.2854285025838e-23
949.4023467146714 7.28472819386136e-23
949.5009776177617 7.28402801978814e-23
949.599608520852 7.283327980325292e-23
949.6982394239424 7.282628075433985e-23
949.7968703270326 7.281928305075397e-23
949.8955012301229 7.281228669210718e-23
949.9941321332133 7.280529167801164e-23
950.0927630363036 7.279829800807954e-23
950.1913939393938 7.279130568192332e-23
950.2900248424842 7.278431469915552e-23
950.3886557455745 7.277732505938875e-23
950.4872866486648 7.277033676223598e-23
950.5859175517551 7.276334980731008e-23
950.6845484548454 7.275636419422426e-23
950.7831793579358 7.274937992259181e-23
950.8818102610261 7.274239699202611e-23
950.9804411641163 7.273541540214079e-23
951.0790720672067 7.272843515254957e-23
951.177702970297 7.272145624286635e-23
951.2763338733873 7.271447867270517e-23
951.3749647764776 7.270750244168011e-23
951.4735956795679 7.270052754940561e-23
951.5722265826582 7.269355399549612e-23
951.6708574857486 7.268658177956622e-23
951.7694883888388 7.267961090123075e-23
951.8681192919291 7.267264136010456e-23
951.9667501950195 7.266567315580273e-23
952.0653810981097 7.265870628794051e-23
952.1640120012 7.265174075613324e-23
952.2626429042904 7.264477655999644e-23
952.3612738073807 7.263781369914572e-23
952.4599047104709 7.2630852173197e-23
952.5585356135613 7.262389198176612e-23
952.6571665166516 7.261693312446924e-23
952.755797419742 7.260997560092258e-23
952.8544283228322 7.260301941074256e-23
952.9530592259225 7.259606455354567e-23
953.0516901290129 7.258911102894868e-23
953.1503210321032 7.258215883656836e-23
953.2489519351934 7.25752079760217e-23
953.3475828382838 7.25682584469259e-23
953.4462137413741 7.256131024889815e-23
953.5448446444644 7.255436338155592e-23
953.6434755475547 7.254741784451676e-23
953.742106450645 7.254047363739841e-23
953.8407373537353 7.253353075981873e-23
953.9393682568257 7.252658921139572e-23
954.0379991599159 7.251964899174756e-23
954.1366300630062 7.251271010049251e-23
954.2352609660966 7.250577253724907e-23
954.3338918691869 7.249883630163578e-23
954.4325227722771 7.249190139327144e-23
954.5311536753675 7.24849678117749e-23
954.6297845784578 7.247803555676522e-23
954.728415481548 7.24711046278616e-23
954.8270463846384 7.246417502468327e-23
954.9256772877287 7.24572467468498e-23
955.024308190819 7.245031979398078e-23
955.1229390939093 7.244339416569594e-23
955.2215699969996 7.243646986161526e-23
955.32020090009 7.242954688135871e-23
955.4188318031803 7.242262522454658e-23
955.5174627062705 7.241570489079915e-23
955.6160936093609 7.240878587973694e-23
955.7147245124512 7.240186819098054e-23
955.8133554155415 7.239495182415077e-23
955.9119863186318 7.238803677886858e-23
956.0106172217221 7.2381123054755e-23
956.1092481248124 7.237421065143128e-23
956.2078790279028 7.236729956851872e-23
956.306509930993 7.236038980563891e-23
956.4051408340833 7.235348136241346e-23
956.5037717371737 7.234657423846416e-23
956.602402640264 7.233966843341295e-23
956.7010335433542 7.233276394688192e-23
956.7996644464446 7.23258607784933e-23
956.8982953495349 7.23189589278695e-23
956.9969262526253 7.231205839463294e-23
957.0955571557155 7.23051591784064e-23
957.1941880588058 7.229826127881262e-23
957.2928189618962 7.229136469547452e-23
957.3914498649864 7.228446942801528e-23
957.4900807680767 7.227757547605811e-23
957.5887116711671 7.227068283922632e-23
957.6873425742574 7.226379151714356e-23
957.7859734773476 7.225690150943341e-23
957.884604380438 7.225001281571971e-23
957.9832352835283 7.224312543562641e-23
958.0818661866186 7.223623936877764e-23
958.1804970897089 7.222935461479761e-23
958.2791279927992 7.222247117331076e-23
958.3777588958895 7.221558904394152e-23
958.4763897989799 7.220870822631469e-23
958.5750207020701 7.220182872005502e-23
958.6736516051604 7.219495052478747e-23
958.7722825082508 7.218807364013719e-23
958.8709134113411 7.218119806572933e-23
958.9695443144313 7.21743238011894e-23
959.0681752175217 7.216745084614286e-23
959.166806120612 7.216057920021541e-23
959.2654370237024 7.215370886303287e-23
959.3640679267926 7.214683983422118e-23
959.4626988298829 7.213997211340647e-23
959.5613297329733 7.213310570021497e-23
959.6599606360636 7.212624059427311e-23
959.7585915391538 7.211937679520738e-23
959.8572224422442 7.211251430264445e-23
959.9558533453345 7.210565311621116e-23
960.0544842484247 7.209879323553448e-23
960.1531151515151 7.209193466024146e-23
960.2517460546054 7.208507738995941e-23
960.3503769576957 7.207822142431567e-23
960.449007860786 7.207136676293776e-23
960.5476387638763 7.20645134054534e-23
960.6462696669666 7.205766135149034e-23
960.744900570057 7.20508106006766e-23
960.8435314731472 7.204396115264021e-23
960.9421623762375 7.203711300700945e-23
961.0407932793279 7.203026616341266e-23
961.1394241824182 7.202342062147839e-23
961.2380550855084 7.20165763808353e-23
961.3366859885988 7.200973344111219e-23
961.4353168916891 7.200289180193798e-23
961.5339477947795 7.199605146294178e-23
961.6325786978697 7.198921242375284e-23
961.73120960096 7.198237468400042e-23
961.8298405040504 7.197553824331416e-23
961.9284714071407 7.196870310132361e-23
962.0271023102309 7.196186925765865e-23
962.1257332133213 7.195503671194912e-23
962.2243641164116 7.194820546382514e-23
962.322995019502 7.194137551291693e-23
962.4216259225922 7.193454685885482e-23
962.5202568256825 7.19277195012693e-23
962.6188877287728 7.192089343979102e-23
962.7175186318631 7.191406867405074e-23
962.8161495349534 7.190724520367938e-23
962.9147804380437 7.190042302830799e-23
963.0134113411341 7.189360214756779e-23
963.1120422442243 7.188678256109008e-23
963.2106731473147 7.187996426850635e-23
963.309304050405 7.187314726944822e-23
963.4079349534953 7.186633156354744e-23
963.5065658565856 7.18595171504359e-23
963.6051967596759 7.185270402974566e-23
963.7038276627662 7.184589220110885e-23
963.8024585658566 7.183908166415779e-23
963.9010894689468 7.1832272418525e-23
963.9997203720371 7.182546446384297e-23
964.0983512751275 7.181865779974453e-23
964.1969821782178 7.181185242586249e-23
964.295613081308 7.18050483418299e-23
964.3942439843984 7.179824554727987e-23
964.4928748874887 7.179144404184571e-23
964.591505790579 7.178464382516086e-23
964.6901366936693 7.177784489685889e-23
964.7887675967596 7.177104725657347e-23
964.88739849985 7.176425090393852e-23
964.9860294029403 7.175745583858793e-23
965.0846603060305 7.175066206015589e-23
965.1832912091209 7.174386956827666e-23
965.2819221122112 7.173707836258459e-23
965.3805530153014 7.173028844271429e-23
965.4791839183918 7.172349980830038e-23
965.5778148214821 7.171671245897771e-23
965.6764457245724 7.170992639438121e-23
965.7750766276627 7.170314161414601e-23
965.873707530753 7.169635811790731e-23
965.9723384338433 7.168957590530052e-23
966.0709693369337 7.168279497596107e-23
966.1696002400239 7.167601532952472e-23
966.2682311431142 7.166923696562715e-23
966.3668620462046 7.166245988390433e-23
966.4654929492949 7.165568408399233e-23
966.5641238523851 7.164890956552732e-23
966.6627547554755 7.164213632814567e-23
966.7613856585658 7.163536437148382e-23
966.8600165616562 7.162859369517838e-23
966.9586474647464 7.162182429886615e-23
967.0572783678367 7.161505618218396e-23
967.155909270927 7.160828934476884e-23
967.2545401740174 7.160152378625799e-23
967.3531710771076 7.159475950628869e-23
967.451801980198 7.158799650449836e-23
967.5504328832883 7.15812347805246e-23
967.6490637863786 7.157447433400505e-23
967.7476946894689 7.156771516457767e-23
967.8463255925592 7.156095727188035e-23
967.9449564956495 7.155420065555127e-23
968.0435873987398 7.154744531522868e-23
968.1422183018301 7.154069125055092e-23
968.2408492049204 7.153393846115657e-23
968.3394801080108 7.152718694668431e-23
968.438111011101 7.152043670677291e-23
968.5367419141913 7.151368774106132e-23
968.6353728172817 7.150694004918863e-23
968.734003720372 7.150019363079407e-23
968.8326346234622 7.149344848551694e-23
968.9312655265526 7.148670461299678e-23
969.0298964296429 7.147996201287317e-23
969.1285273327333 7.14732206847859e-23
969.2271582358235 7.146648062837486e-23
969.3257891389138 7.145974184328006e-23
969.4244200420042 7.145300432914169e-23
969.5230509450945 7.144626808560006e-23
969.6216818481847 7.143953311229559e-23
969.7203127512751 7.143279940886882e-23
969.8189436543654 7.142606697496054e-23
969.9175745574557 7.141933581021151e-23
970.016205460546 7.141260591426283e-23
970.1148363636363 7.140587728675551e-23
970.2134672667266 7.139914992733083e-23
970.312098169817 7.13924238356302e-23
970.4107290729072 7.138569901129513e-23
970.5093599759975 7.137897545396726e-23
970.6079908790879 7.13722531632884e-23
970.7066217821781 7.136553213890053e-23
970.8052526852684 7.135881238044561e-23
970.9038835883588 7.135209388756592e-23
971.0025144914491 7.134537665990376e-23
971.1011453945393 7.133866069710163e-23
971.1997762976297 7.133194599880208e-23
971.29840720072 7.13252325646479e-23
971.3970381038104 7.131852039428193e-23
971.4956690069006 7.13118094873472e-23
971.5942999099909 7.130509984348683e-23
971.6929308130813 7.129839146234412e-23
971.7915617161716 7.129168434356243e-23
971.8901926192618 7.128497848678542e-23
971.9888235223522 7.127827389165664e-23
972.0874544254425 7.127157055781998e-23
972.1860853285328 7.126486848491937e-23
972.2847162316231 7.125816767259887e-23
972.3833471347134 7.125146812050272e-23
972.4819780378037 7.124476982827527e-23
972.5806089408941 7.123807279556101e-23
972.6792398439843 7.123137702200457e-23
972.7778707470746 7.122468250725062e-23
972.876501650165 7.121798925094416e-23
972.9751325532553 7.121129725273013e-23
973.0737634563455 7.120460651225374e-23
973.1723943594359 7.119791702916023e-23
973.2710252625262 7.1191228803095e-23
973.3696561656164 7.118454183370366e-23
973.4682870687068 7.117785612063191e-23
973.5669179717971 7.117117166352547e-23
973.6655488748875 7.116448846203041e-23
973.7641797779777 7.115780651579277e-23
973.862810681068 7.115112582445875e-23
973.9614415841584 7.11444463876747e-23
974.0600724872487 7.113776820508709e-23
974.1587033903389 7.113109127634265e-23
974.2573342934293 7.112441560108802e-23
974.3559651965196 7.11177411789701e-23
974.45459609961 7.111106800963596e-23
974.5532270027002 7.110439609273269e-23
974.6518579057905 7.109772542790756e-23
974.7504888088808 7.109105601480808e-23
974.8491197119712 7.108438785308169e-23
974.9477506150614 7.107772094237615e-23
975.0463815181517 7.107105528233924e-23
975.1450124212421 7.106439087261886e-23
975.2436433243324 7.105772771286316e-23
975.3422742274226 7.105106580272031e-23
975.440905130513 7.104440514183865e-23
975.5395360336033 7.103774572986666e-23
975.6381669366937 7.103108756645294e-23
975.7367978397839 7.102443065124626e-23
975.8354287428742 7.101777498389545e-23
975.9340596459646 7.10111205640495e-23
976.0326905490548 7.100446739135757e-23
976.1313214521451 7.09978154654689e-23
976.2299523552355 7.099116478603293e-23
976.3285832583258 7.098451535269913e-23
976.427214161416 7.097786716511723e-23
976.5258450645064 7.097122022293695e-23
976.6244759675967 7.096457452580821e-23
976.723106870687 7.095793007338112e-23
976.8217377737773 7.095128686530583e-23
976.9203686768676 7.094464490123264e-23
977.018999579958 7.093800418081202e-23
977.1176304830483 7.093136470369453e-23
977.2162613861385 7.092472646953092e-23
977.3148922892289 7.091808947797197e-23
977.4135231923192 7.091145372866866e-23
977.5121540954095 7.090481922127219e-23
977.6107849984998 7.089818595543363e-23
977.7094159015901 7.089155393080442e-23
977.8080468046804 7.088492314703609e-23
977.9066777077708 7.087829360378018e-23
978.005308610861 7.087166530068853e-23
978.1039395139513 7.086503823741297e-23
978.2025704170417 7.085841241360554e-23
978.301201320132 7.085178782891834e-23
978.3998322232222 7.084516448300369e-23
978.4984631263126 7.0838542375514e-23
978.5970940294029 7.083192150610179e-23
978.6957249324931 7.08253018744197e-23
978.7943558355835 7.081868348012058e-23
978.8929867386738 7.081206632285731e-23
978.9916176417642 7.080545040228295e-23
979.0902485448544 7.079883571805071e-23
979.1888794479447 7.079222226981385e-23
979.287510351035 7.078561005722591e-23
979.3861412541254 7.07789990799404e-23
979.4847721572156 7.0772389337611e-23
979.583403060306 7.076578082989159e-23
979.6820339633963 7.075917355643613e-23
979.7806648664866 7.075256751689868e-23
979.8792957695769 7.074596271093351e-23
979.9779266726672 7.073935913819492e-23
980.0765575757575 7.073275679833746e-23
980.1751884788479 7.07261556910156e-23
980.2738193819381 7.071955581588425e-23
980.3724502850284 7.07129571725982e-23
980.4710811881188 7.070635976081241e-23
980.5697120912091 7.069976358018204e-23
980.6683429942993 7.069316863036236e-23
980.7669738973897 7.068657491100874e-23
980.86560480048 7.067998242177669e-23
980.9642357035704 7.067339116232183e-23
981.0628666066606 7.066680113229995e-23
981.1614975097509 7.066021233136697e-23
981.2601284128413 7.065362475917889e-23
981.3587593159315 7.064703841539185e-23
981.4573902190218 7.064045329966216e-23
981.5560211221122 7.063386941164621e-23
981.6546520252025 7.062728675100055e-23
981.7532829282927 7.062070531738186e-23
981.8519138313831 7.061412511044693e-23
981.9505447344734 7.060754612985264e-23
982.0491756375637 7.06009683752561e-23
982.147806540654 7.05943918463145e-23
982.2464374437443 7.058781654268511e-23
982.3450683468346 7.058124246402534e-23
982.443699249925 7.057466960999279e-23
982.5423301530152 7.056809798024518e-23
982.6409610561055 7.056152757444028e-23
982.7395919591959 7.055495839223603e-23
982.8382228622862 7.054839043329056e-23
982.9368537653764 7.054182369726201e-23
983.0354846684668 7.053525818380876e-23
983.1341155715571 7.052869389258921e-23
983.2327464746475 7.052213082326201e-23
983.3313773777377 7.051556897548584e-23
983.430008280828 7.050900834891952e-23
983.5286391839184 7.050244894322204e-23
983.6272700870087 7.049589075805245e-23
983.7259009900989 7.048933379307006e-23
983.8245318931893 7.04827780479341e-23
983.9231627962796 7.047622352230411e-23
984.0217936993698 7.046967021583973e-23
984.1204246024602 7.046311812820059e-23
984.2190555055505 7.045656725904662e-23
984.3176864086408 7.045001760803772e-23
984.4163173117311 7.04434691748341e-23
984.5149482148214 7.043692195909592e-23
984.6135791179117 7.043037596048354e-23
984.7122100210021 7.042383117865751e-23
984.8108409240923 7.041728761327837e-23
984.9094718271826 7.041074526400688e-23
985.008102730273 7.040420413050395e-23
985.1067336333633 7.039766421243051e-23
985.2053645364535 7.039112550944768e-23
985.3039954395439 7.038458802121674e-23
985.4026263426342 7.037805174739903e-23
985.5012572457246 7.037151668765608e-23
985.5998881488148 7.036498284164948e-23
985.6985190519051 7.035845020904096e-23
985.7971499549955 7.035191878949245e-23
985.8957808580858 7.034538858266592e-23
985.994411761176 7.033885958822349e-23
986.0930426642664 7.03323318058274e-23
986.1916735673567 7.032580523514002e-23
986.290304470447 7.031927987582389e-23
986.3889353735373 7.031275572754161e-23
986.4875662766276 7.030623278995592e-23
986.5861971797179 7.029971106272973e-23
986.6848280828082 7.029319054552602e-23
986.7834589858985 7.028667123800793e-23
986.8820898889888 7.028015313983868e-23
986.9807207920792 7.027363625068169e-23
987.0793516951694 7.026712057020041e-23
987.1779825982597 7.026060609805856e-23
987.2766135013501 7.025409283391976e-23
987.3752444044404 7.024758077744801e-23
987.4738753075306 7.024106992830725e-23
987.572506210621 7.023456028616159e-23
987.6711371137113 7.022805185067537e-23
987.7697680168017 7.022154462151284e-23
987.8683989198919 7.021503859833862e-23
987.9670298229822 7.020853378081723e-23
988.0656607260726 7.020203016861352e-23
988.1642916291629 7.01955277613923e-23
988.2629225322531 7.018902655881857e-23
988.3615534353435 7.018252656055747e-23
988.4601843384338 7.017602776627424e-23
988.5588152415241 7.016953017563427e-23
988.6574461446144 7.016303378830301e-23
988.7560770477047 7.015653860394613e-23
988.854707950795 7.015004462222933e-23
988.9533388538854 7.014355184281849e-23
989.0519697569756 7.013706026537962e-23
989.150600660066 7.013056988957881e-23
989.2492315631563 7.012408071508235e-23
989.3478624662465 7.01175927415565e-23
989.4464933693368 7.011110596866785e-23
989.5451242724272 7.010462039608294e-23
989.6437551755175 7.009813602346853e-23
989.7423860786078 7.009165285049149e-23
989.8410169816981 7.008517087681877e-23
989.9396478847884 7.007869010211748e-23
990.0382787878788 7.007221052605486e-23
990.136909690969 7.006573214829825e-23
990.2355405940593 7.005925496851515e-23
990.3341714971497 7.005277898637307e-23
990.43280240024 7.004630420153985e-23
990.5314333033302 7.003983061368324e-23
990.6300642064206 7.003335822247121e-23
990.7286951095109 7.00268870275719e-23
990.8273260126012 7.002041702865347e-23
990.9259569156915 7.00139482253843e-23
991.0245878187818 7.00074806174328e-23
991.1232187218721 7.000101420446761e-23
991.2218496249625 6.999454898615735e-23
991.3204805280527 6.99880849621709e-23
991.419111431143 6.998162213217717e-23
991.5177423342334 6.997516049584525e-23
991.6163732373237 6.996870005284435e-23
991.715004140414 6.996224080284376e-23
991.8136350435043 6.99557827455129e-23
991.9122659465946 6.994932588052134e-23
992.0108968496849 6.99428702075388e-23
992.1095277527752 6.993641572623504e-23
992.2081586558655 6.992996243627996e-23
992.3067895589559 6.992351033734366e-23
992.4054204620461 6.991705942909627e-23
992.5040513651364 6.991060971120812e-23
992.6026822682268 6.990416118334954e-23
992.7013131713171 6.989771384519116e-23
992.7999440744073 6.989126769640359e-23
992.8985749774977 6.988482273665762e-23
992.997205880588 6.987837896562415e-23
993.0958367836784 6.987193638297415e-23
993.1944676867686 6.986549498837883e-23
993.2930985898589 6.985905478150939e-23
993.3917294929493 6.985261576203727e-23
993.4903603960396 6.984617792963396e-23
993.5889912991298 6.983974128397107e-23
993.6876222022202 6.983330582472033e-23
993.7862531053105 6.982687155155365e-23
993.8848840084008 6.982043846414303e-23
993.983514911491 6.981400656216052e-23
994.0821458145814 6.980757584527842e-23
994.1807767176717 6.980114631316906e-23
994.2794076207621 6.979471796550487e-23
994.3780385238523 6.978829080195847e-23
994.4766694269426 6.978186482220261e-23
994.575300330033 6.977544002591009e-23
994.6739312331232 6.976901641275388e-23
994.7725621362135 6.976259398240706e-23
994.8711930393039 6.975617273454279e-23
994.9698239423942 6.974975266883445e-23
995.0684548454844 6.974333378495543e-23
995.1670857485748 6.973691608257934e-23
995.2657166516651 6.973049956137979e-23
995.3643475547555 6.972408422103064e-23
995.4629784578457 6.971767006120577e-23
995.561609360936 6.971125708157925e-23
995.6602402640264 6.970484528182521e-23
995.7588711671167 6.969843466161794e-23
995.8575020702069 6.969202522063187e-23
995.9561329732973 6.968561695854147e-23
996.0547638763876 6.967920987502142e-23
996.1533947794779 6.967280396974646e-23
996.2520256825682 6.966639924239147e-23
996.3506565856585 6.965999569263144e-23
996.4492874887488 6.965359332014149e-23
996.5479183918392 6.964719212459693e-23
996.6465492949294 6.964079210567302e-23
996.7451801980197 6.963439326304526e-23
996.8438111011101 6.962799559638927e-23
996.9424420042004 6.962159910538076e-23
997.0410729072906 6.961520378969555e-23
997.139703810381 6.96088096490096e-23
997.2383347134713 6.960241668299899e-23
997.3369656165615 6.959602489133995e-23
997.4355965196519 6.958963427370872e-23
997.5342274227422 6.958324482978176e-23
997.6328583258326 6.957685655923565e-23
997.7314892289228 6.957046946174702e-23
997.8301201320131 6.956408353699265e-23
997.9287510351035 6.955769878464949e-23
998.0273819381938 6.955131520439453e-23
998.126012841284 6.954493279590494e-23
998.2246437443744 6.953855155885795e-23
998.3232746474647 6.953217149293099e-23
998.421905550555 6.952579259780153e-23
998.5205364536453 6.951941487314716e-23
998.6191673567356 6.951303831864567e-23
998.7177982598259 6.950666293397486e-23
998.8164291629163 6.950028871881275e-23
998.9150600660065 6.949391567283742e-23
999.0136909690968 6.948754379572709e-23
999.1123218721872 6.948117308716004e-23
999.2109527752775 6.947480354681478e-23
999.3095836783677 6.946843517436982e-23
999.4082145814581 6.946206796950386e-23
999.5068454845484 6.945570193189575e-23
999.6054763876388 6.944933706122431e-23
999.704107290729 6.944297335716865e-23
999.8027381938193 6.943661081940791e-23
999.9013690969097 6.943024944762136e-23
1000.0 6.942388924148838e-23
