0.0 0.0
11.1498 0.0
11.24869490949095 7.5574724981141e-23
11.347589818981898 1.7805009717528952e-22
11.446484728472848 3.0287909373535483e-22
11.545379637963798 4.460744846793525e-22
11.644274547454746 6.041449036336482e-22
11.743169456945695 7.740381786484967e-22
11.842064366436645 9.530910801432697e-22
11.940959275927593 1.1389847443395685e-21
12.039854185418543 1.3297051191716699e-21
12.138749094909492 1.5235078572785508e-21
12.23764400440044 1.7188871487069667e-21
12.33653891389139 1.9145480456260755e-21
12.43543382338234 2.1093818837388056e-21
12.534328732873288 2.30244445110142e-21
12.633223642364237 2.492936595531901e-21
12.732118551855187 2.6801869974000933e-21
12.831013461346135 2.863636865952474e-21
12.929908370837085 3.0428263449607915e-21
13.028803280328034 3.2173824378555666e-21
13.127698189818982 3.3870082840131395e-21
13.226593099309932 3.551473636858415e-21
13.325488008800882 3.710606411228414e-21
13.42438291829183 3.864285182282739e-21
13.52327782778278 4.012432531377178e-21
13.62217273727373 4.155009145941364e-21
13.721067646764677 4.292008590699129e-21
13.819962556255627 4.423452676697167e-21
13.918857465746576 4.549387362701911e-21
14.017752375237524 4.669879130707143e-21
14.116647284728474 4.7850117836706345e-21
14.215542194219422 4.894883619262228e-21
14.314437103710372 4.999604938438632e-21
14.413332013201321 5.099295852135194e-21
14.51222692269227 5.1940843533454445e-21
14.611121832183219 5.284104625401246e-21
14.710016741674167 5.369495560419944e-21
14.808911651165117 5.450399464693758e-21
14.907806560656066 5.526960930298662e-21
15.006701470147014 5.599325854430993e-21
15.105596379637964 5.667640589968423e-21
15.204491289128914 5.732051212526035e-21
15.303386198619862 5.792702890860842e-21
15.402281108110811 5.849739348890642e-21
15.501176017601761 5.90330240885425e-21
15.600070927092709 5.953531606266151e-21
15.698965836583659 6.00056386832457e-21
15.797860746074608 6.044533248330468e-21
15.896755655565556 6.0855707094781516e-21
15.995650565056506 6.1238039520956975e-21
16.094545474547456 6.159357279055187e-21
16.193440384038404 6.192351494646051e-21
16.292335293529355 6.222903832717882e-21
16.391230203020303 6.251127910357558e-21
16.49012511251125 6.277133703775661e-21
16.589020022002202 6.3010275434439676e-21
16.68791493149315 6.322912125853809e-21
16.7868098409841 6.342886539558319e-21
16.88570475047505 6.361046303424091e-21
16.984599659965998 6.377483415252249e-21
17.083494569456946 6.392286409138642e-21
17.182389478947897 6.405540420130484e-21
17.281284388438845 6.4173272549041385e-21
17.380179297929793 6.427725467338838e-21
17.479074207420744 6.436810437994494e-21
17.577969116911692 6.444654456621614e-21
17.67686402640264 6.4513268069377994e-21
17.77575893589359 6.456893853000536e-21
17.87465384538454 6.4614191265908995e-21
17.973548754875488 6.464963415098567e-21
18.07244366436644 6.467584849465826e-21
18.171338573857387 6.469338991808402e-21
18.270233483348335 6.470278922384401e-21
18.369128392839286 6.470455325630024e-21
18.468023302330234 6.469916575022943e-21
18.566918211821182 6.4687088165717325e-21
18.665813121312134 6.466876050762696e-21
18.76470803080308 6.464460212825007e-21
18.86360294029403 6.461501251200741e-21
18.96249784978498 6.4580372041295745e-21
19.06139275927593 6.4541042742777074e-21
19.160287668766877 6.449736901358512e-21
19.25918257825783 6.4449678327078354e-21
19.358077487748773 6.439828191790531e-21
19.456972397239724 6.434347544626304e-21
19.555867306730676 6.428553964133869e-21
19.65476221622162 6.422474092400461e-21
19.75365712571257 6.4161332008922015e-21
19.852552035203523 6.409555248626856e-21
19.951446944694467 6.402762938336242e-21
20.05034185418542 6.395777770650448e-21
20.14923676367637 6.388620096339631e-21
20.248131673167315 6.3813091666527706e-21
20.347026582658266 6.3738631817951785e-21
20.445921492149218 6.3662993375888285e-21
20.544816401640162 6.358633870361167e-21
20.643711311131113 6.350882100109356e-21
20.742606220622065 6.343058471987793e-21
20.84150113011301 6.335176596167285e-21
20.94039603960396 6.327249286114568e-21
21.039290949094912 6.3192885953409754e-21
21.138185858585857 6.311305852668763e-21
21.237080768076808 6.303311696063452e-21
21.33597567756776 6.295316105079898e-21
21.434870587058704 6.2873284319692636e-21
21.533765496549655 6.279357431493313e-21
21.632660406040607 6.271411289491633e-21
21.73155531553155 6.263497650246465e-21
21.830450225022503 6.2556236426888945e-21
21.929345134513454 6.247795905489071e-21
22.0282400440044 6.2400206110721575e-21
22.12713495349535 6.23230348860051e-21
22.2260298629863 6.224649845961645e-21
22.324924772477246 6.217064590800181e-21
22.423819681968197 6.2095522506311085e-21
22.522714591459145 6.2021169920702806e-21
22.621609500950093 6.194762639217248e-21
22.720504410441045 6.187492691224048e-21
22.819399319931993 6.180310339082787e-21
22.91829422942294 6.1732184816635575e-21
23.017189138913892 6.166219741033169e-21
23.11608404840484 6.159316477084172e-21
23.214978957895788 6.152510801502559e-21
23.31387386738674 6.14580459110157e-21
23.412768776877687 6.13919950054786e-21
23.511663686368635 6.132696974505589e-21
23.610558595859587 6.1262982592227575e-21
23.709453505350535 6.120004413583391e-21
23.808348414841483 6.1138163196481726e-21
23.907243324332434 6.1077346927053384e-21
24.006138233823382 6.101760090852689e-21
24.10503314331433 6.0958929241308184e-21
24.20392805280528 6.09013346322695e-21
24.30282296229623 6.084481847767808e-21
24.401717871787177 6.07893809421941e-21
24.50061278127813 6.073502103410789e-21
24.599507690769077 6.068173667698114e-21
24.698402600260025 6.062952477784837e-21
24.797297509750976 6.057838129213094e-21
24.896192419241924 6.052830128540616e-21
24.995087328732872 6.0479278992172034e-21
25.093982238223823 6.043130787173985e-21
25.19287714771477 6.038438066138133e-21
25.29177205720572 6.03384894268535e-21
25.39066696669667 6.029362561041751e-21
25.48956187618762 6.024978007646337e-21
25.588456785678567 6.020694315484847e-21
25.687351695169518 6.016510468205166e-21
25.786246604660466 6.012425404024252e-21
25.885141514151414 6.008438019435882e-21
25.984036423642365 6.004547172728244e-21
26.082931333133313 6.000751687320135e-21
26.18182624262426 5.997050354923825e-21
26.280721152115213 5.9934419385426586e-21
26.37961606160616 5.9899251753108575e-21
26.47851097109711 5.98649877918276e-21
26.57740588058806 5.983161443478512e-21
26.676300790079008 5.9799118432927154e-21
26.775195699569956 5.9767486377723914e-21
26.874090609060907 5.973670472270404e-21
26.972985518551855 5.970675980380015e-21
27.071880428042803 5.967763785856165e-21
27.170775337533755 5.964932504428784e-21
27.2696702470247 5.9621807455131794e-21
27.36856515651565 5.95950711382233e-21
27.467460066006602 5.956910210885706e-21
27.566354975497546 5.954388636479118e-21
27.665249884988498 5.951940989969675e-21
27.76414479447945 5.9495658715800304e-21
27.863039703970394 5.947261883575678e-21
27.961934613461345 5.945027631379046e-21
28.060829522952297 5.942861724613911e-21
28.15972443244324 5.940762778083409e-21
28.258619341934192 5.938729412685023e-21
28.357514251425144 5.936760256265442e-21
28.45640916091609 5.93485394441837e-21
28.55530407040704 5.933009121227997e-21
28.65419897989799 5.931224439960842e-21
28.753093889388936 5.9294985637085416e-21
28.851988798879887 5.927830165983977e-21
28.95088370837084 5.9262179312731406e-21
29.049778617861783 5.924660555544883e-21
29.148673527352734 5.9231567467207146e-21
29.247568436843686 5.921705225106734e-21
29.34646334633463 5.920304723789505e-21
29.44535825582558 5.918953988997813e-21
29.544253165316533 5.917651780432065e-21
29.643148074807478 5.916396871562971e-21
29.74204298429843 5.9151880499011406e-21
29.84093789378938 5.914024117239127e-21
29.939832803280325 5.912903889867377e-21
30.038727712771276 5.911826198765452e-21
30.137622622262228 5.9107898897699105e-21
30.236517531753172 5.9097938237200594e-21
30.335412441244124 5.90883687658282e-21
30.434307350735075 5.90791793955783e-21
30.53320226022602 5.907035919163928e-21
30.63209716971697 5.906189737308011e-21
30.730992079207923 5.905378331337305e-21
30.829886988698867 5.9046006540759866e-21
30.92878189818982 5.903855673847062e-21
31.02767680768077 5.9031423744803365e-21
31.126571717171714 5.902459755307389e-21
31.225466626662666 5.901806831144204e-21
31.324361536153617 5.901182632262326e-21
31.42325644564456 5.900586204349177e-21
31.522151355135513 5.9000166084582294e-21
31.621046264626465 5.8994729209496766e-21
31.71994117411741 5.898954233422262e-21
31.81883608360836 5.898459652636736e-21
31.917730993099312 5.897988300431631e-21
32.016625902590256 5.8975393136317655e-21
32.11552081208121 5.897111843950064e-21
32.21441572157216 5.8967050578831276e-21
32.3133106310631 5.896318136600995e-21
32.412205540554055 5.8959502758315785e-21
32.51110045004501 5.895600685740098e-21
32.60999535953595 5.8952685908040314e-21
32.7088902690269 5.894953229683785e-21
32.807785178517854 5.894653855089594e-21
32.9066800880088 5.89436973364486e-21
33.00557499749975 5.894100145746318e-21
33.1044699069907 5.893844385421313e-21
33.203364816481646 5.893601760182421e-21
33.3022597259726 5.893371590879793e-21
33.40115463546355 5.893153211551337e-21
33.50004954495449 5.892945969271085e-21
33.598944454445444 5.892749223995946e-21
33.697839363936396 5.892562348411012e-21
33.79673427342734 5.8923847277737065e-21
33.89562918291829 5.892215759756884e-21
33.99452409240924 5.8920548542911125e-21
34.09341900190019 5.891901433406317e-21
34.19231391139114 5.891754931072892e-21
34.29120882088209 5.891614793042488e-21
34.390103730373035 5.891480476688623e-21
34.488998639863986 5.8913514508471714e-21
34.58789354935494 5.891227195656984e-21
34.68678845884588 5.891107202400646e-21
34.785683368336834 5.890990973345553e-21
34.884578277827785 5.890878021585361e-21
34.98347318731873 5.890767870882007e-21
35.08236809680968 5.8906600555082414e-21
35.18126300630063 5.8905541200908845e-21
35.28015791579158 5.890449619454858e-21
35.37905282528253 5.890346118468033e-21
35.47794773477348 5.8902431918869935e-21
35.576842644264424 5.890140424203785e-21
35.675737553755376 5.890037409493688e-21
35.77463246324633 5.8899337512641054e-21
35.87352737273727 5.889829062304573e-21
35.97242228222822 5.889722964537986e-21
36.071317191719174 5.889615088873069e-21
36.17021210121012 5.8895050750580904e-21
36.26910701070107 5.889392571535966e-21
36.36800192019202 5.8892772353006444e-21
36.466896829682966 5.8891587317549446e-21
36.56579173917392 5.88903673456974e-21
36.66468664866487 5.888910925544664e-21
36.76358155815581 5.888780994470191e-21
36.862476467646765 5.888646638991311e-21
36.961371377137716 5.8885075644725884e-21
37.06026628662866 5.888363483864834e-21
37.15916119611961 5.888214117573273e-21
37.258056105610564 5.888059193327249e-21
37.35695101510151 5.887898446051529e-21
37.45584592459246 5.887731617739117e-21
37.55474083408341 5.887558457325688e-21
37.653635743574355 5.8873787205655535e-21
37.75253065306531 5.887192169909271e-21
37.85142556255626 5.886998574382759e-21
37.9503204720472 5.886797709468064e-21
38.049215381538154 5.886589356985671e-21
38.148110291029106 5.886373304978403e-21
38.24700520052005 5.88614934759692e-21
38.345900110011 5.885917284986769e-21
38.44479501950195 5.885676923177011e-21
38.5436899289929 5.885428073970434e-21
38.64258483848385 5.885170554835291e-21
38.7414797479748 5.8849041887986126e-21
38.840374657465745 5.884628804341071e-21
38.939269566956696 5.884344235293345e-21
39.03816447644765 5.884050320734063e-21
39.13705938593859 5.88374690488919e-21
39.23595429542954 5.883433837033007e-21
39.334849204920495 5.8831109713905114e-21
39.43374411441144 5.8827781670413344e-21
39.53263902390239 5.882435287825133e-21
39.631533933393335 5.882082202248396e-21
39.73042884288429 5.8817187833928005e-21
39.82932375237524 5.881344908824846e-21
39.92821866186618 5.880960460507058e-21
40.027113571357134 5.8805653247105016e-21
40.126008480848085 5.8801593919287154e-21
40.22490339033903 5.8797425567930404e-21
40.32379829982998 5.879314717989281e-21
40.42269320932093 5.878875778175734e-21
40.52158811881188 5.878425643902536e-21
40.62048302830283 5.877964225532357e-21
40.71937793779378 5.8774914371623535e-21
40.818272847284724 5.877007196547463e-21
40.917167756775676 5.8765114250249145e-21
41.01606266626663 5.8760040474400444e-21
41.11495757575757 5.875484992073339e-21
41.21385248524852 5.8749541905686806e-21
41.312747394739475 5.8744115778628414e-21
41.41164230423042 5.873857092116152e-21
41.51053721372137 5.873290674644348e-21
41.60943212321232 5.872712269851607e-21
41.70832703270327 5.872121825164692e-21
41.80722194219422 5.8715192909682814e-21
41.90611685168517 5.870904620541352e-21
42.005011761176114 5.8702777699947516e-21
42.103906670667065 5.8696386982097706e-21
42.20280158015802 5.8689873667778466e-21
42.30169648964896 5.868323739941304e-21
42.40059139913991 5.867647784535144e-21
42.499486308630864 5.866959469929852e-21
42.59838121812181 5.866258767975229e-21
42.69727612761276 5.865545652945208e-21
42.79617103710371 5.8648201014836876e-21
42.895065946594656 5.864082092551278e-21
42.99396085608561 5.8633316073730526e-21
43.09285576557656 5.862568629387219e-21
43.1917506750675 5.861793144194721e-21
43.290645584558455 5.8610051395097325e-21
43.3895404940494 5.860204605111087e-21
43.48843540354035 5.859391532794572e-21
43.5873303130313 5.858565916326064e-21
43.686225222522246 5.85772775139559e-21
43.7851201320132 5.856877035572167e-21
43.88401504150415 5.856013768259498e-21
43.982909950995094 5.855137950652499e-21
44.081804860486045 5.854249585694606e-21
44.180699769977 5.853348678035881e-21
44.27959467946794 5.852435233991918e-21
44.37848958895889 5.851509261503472e-21
44.477384498449844 5.850570770096882e-21
44.57627940794079 5.849619770845224e-21
44.67517431743174 5.848656276330176e-21
44.77406922692269 5.847680300604638e-21
44.872964136413636 5.8466918591560064e-21
44.97185904590459 5.845690968870199e-21
45.07075395539554 5.844677647996317e-21
45.16964886488648 5.843651916112e-21
45.268543774377434 5.842613794089451e-21
45.367438683868386 5.84156330406208e-21
45.46633359335933 5.840500469391821e-21
45.56522850285028 5.839425314637043e-21
45.66412341234123 5.838337865521105e-21
45.76301832183218 5.837238148901506e-21
45.86191323132313 5.8361261927396255e-21
45.96080814081408 5.835002026071072e-21
46.059703050305025 5.833865678976572e-21
46.158597959795976 5.832717182553473e-21
46.25749286928693 5.831556568887751e-21
46.35638777877787 5.8303838710266e-21
46.455282688268824 5.829199122951547e-21
46.554177597759775 5.828002359552107e-21
46.65307250725072 5.826793616599934e-21
46.75196741674167 5.825572930723503e-21
46.85086232623262 5.824340339383285e-21
46.94975723572357 5.8230958808474235e-21
47.04865214521452 5.821839594167854e-21
47.14754705470547 5.820571519156972e-21
47.246441964196414 5.819291696364709e-21
47.345336873687366 5.8180001670560815e-21
47.44423178317832 5.816696973189193e-21
47.54312669266926 5.815382157393692e-21
47.64202160216021 5.8140557629496506e-21
47.740916511651164 5.812717833766856e-21
47.83981142114211 5.811368414364556e-21
47.93870633063306 5.810007549851591e-21
48.03760124012401 5.808635285906934e-21
48.136496149614956 5.807251668760646e-21
48.23539105910591 5.8058567451751826e-21
48.33428596859686 5.8044505624271385e-21
48.4331808780878 5.80303316828931e-21
48.532075787578755 5.801604611013168e-21
48.630970697069706 5.800164939311692e-21
48.72986560656065 5.798714202342528e-21
48.8287605160516 5.797252449691534e-21
48.927655425542554 5.795779731356641e-21
49.0265503350335 5.794296097732069e-21
49.12544524452445 5.792801599592874e-21
49.2243401540154 5.7912962880797975e-21
49.323235063506345 5.789780214684464e-21
49.4221299729973 5.78825343123488e-21
49.52102488248825 5.786715989881231e-21
49.61991979197919 5.785167943081993e-21
49.718814701470144 5.7836093435903306e-21
49.817709610961096 5.782040244440817e-21
49.91660452045204 5.7804606989363714e-21
50.01549942994299 5.778870760635557e-21
50.11439433943394 5.777270483340091e-21
50.21328924892489 5.775659921082665e-21
50.31218415841584 5.774039128115014e-21
50.41107906790679 5.772408158896226e-21
50.509973977397735 5.770767068081364e-21
50.608868886888686 5.769115910510262e-21
50.70776379637964 5.767454741196639e-21
50.80665870587058 5.7657836153173925e-21
50.905553615361534 5.764102588202179e-21
51.004448524852485 5.762411715323199e-21
51.10334343434343 5.760711052285201e-21
51.20223834383438 5.75900065481575e-21
51.30113325332533 5.757280578755669e-21
51.40002816281628 5.75555088004972e-21
51.49892307230723 5.753811614737502e-21
51.59781798179818 5.752062838944528e-21
51.696712891289124 5.750304608873533e-21
51.795607800780076 5.748536980795978e-21
51.89450271027103 5.746760011043724e-21
51.99339761976197 5.744973756000943e-21
52.09229252925292 5.743178272096165e-21
52.191187438743874 5.741373615794553e-21
52.29008234823482 5.739559843590331e-21
52.38897725772577 5.737737011999407e-21
52.48787216721672 5.735905177552165e-21
52.586767076707666 5.734064396786415e-21
52.68566198619862 5.732214726240538e-21
52.78455689568957 5.73035622244676e-21
52.88345180518051 5.728488941924631e-21
52.982346714671465 5.726612941174613e-21
53.081241624162416 5.7247282766718654e-21
53.18013653365336 5.722835004860153e-21
53.27903144314431 5.720933182145921e-21
53.377926352635264 5.719022864892513e-21
53.47682126212621 5.7171041094145224e-21
53.57571617161716 5.715176971972288e-21
53.67461108110811 5.7132415087665514e-21
53.773505990599055 5.7112977759332e-21
53.87240090009001 5.709345829538194e-21
53.97129580958096 5.707385725572595e-21
54.0701907190719 5.70541751994772e-21
54.169085628562854 5.703441268490439e-21
54.267980538053806 5.701457026938576e-21
54.36687544754475 5.699464850936445e-21
54.4657703570357 5.697464796030491e-21
54.56466526652665 5.695456917665053e-21
54.6635601760176 5.693441271178245e-21
54.76245508550855 5.691417911797936e-21
54.8613499949995 5.689386894637855e-21
54.960244904490445 5.687348274693765e-21
55.059139813981396 5.6853021068398045e-21
55.15803472347235 5.68324844582487e-21
55.25692963296329 5.6811873462691394e-21
55.35582454245424 5.679118862660662e-21
55.454719451945195 5.677043049352079e-21
55.55361436143614 5.674959960557404e-21
55.65250927092709 5.672869650348921e-21
55.751404180418035 5.6707721726541675e-21
55.85029908990899 5.668667581252994e-21
55.94919399939994 5.666555929774727e-21
56.04808890889088 5.664437271695399e-21
56.146983818381834 5.662311660335089e-21
56.245878727872785 5.6601791488553155e-21
56.34477363736373 5.658039790256523e-21
56.44366854685468 5.6558936373756575e-21
56.54256345634563 5.653740742883787e-21
56.64145836583658 5.6515811592838475e-21
56.74035327532753 5.649414938908401e-21
56.83924818481848 5.647242133917522e-21
56.938143094309424 5.645062796296725e-21
57.037038003800376 5.642876977854951e-21
57.13593291329133 5.6406847302226666e-21
57.23482782278227 5.638486104849974e-21
57.33372273227322 5.63628115300483e-21
57.432617641764175 5.634069925771301e-21
57.53151255125512 5.631852474047901e-21
57.63040746074607 5.629628848545967e-21
57.72930237023702 5.627399099788124e-21
57.828197279727966 5.625163278106776e-21
57.92709218921892 5.622921433642679e-21
58.02598709870987 5.620673616343565e-21
58.124882008200814 5.6184198759628156e-21
58.223776917691765 5.6161602620581736e-21
58.32267182718272 5.613894823990558e-21
58.42156673667366 5.611623610922864e-21
58.52046164616461 5.609346671818873e-21
58.619356555655564 5.607064055442171e-21
58.71825146514651 5.604775810355125e-21
58.81714637463746 5.602481984917928e-21
58.91604128412841 5.600182627287664e-21
59.014936193619356 5.597877785417424e-21
59.11383110311031 5.595567507055471e-21
59.21272601260126 5.593251839744459e-21
59.3116209220922 5.590930830820669e-21
59.410515831583155 5.588604527413296e-21
59.509410741074106 5.586272976443798e-21
59.60830565056505 5.583936224625253e-21
59.707200560056 5.581594318461771e-21
59.80609546954695 5.5792473042479415e-21
59.9049903790379 5.576895228068316e-21
60.00388528852885 5.574538135796932e-21
60.1027801980198 5.572176073096864e-21
60.201675107510745 5.5698090854198195e-21
60.3005700170017 5.567437218005752e-21
60.39946492649265 5.56506051588253e-21
60.49835983598359 5.562679023865621e-21
60.597254745474544 5.5602927865578094e-21
60.696149654965495 5.557901848348952e-21
60.79504456445644 5.5555062534157505e-21
60.89393947394739 5.553106045721582e-21
60.99283438343834 5.550701269016314e-21
61.09172929292929 5.548291966836186e-21
61.19062420242024 5.5458781825037e-21
61.28951911191119 5.5434599591275546e-21
61.388414021402134 5.541037339602567e-21
61.487308930893086 5.5386103666096664e-21
61.58620384038404 5.5361790826158865e-21
61.68509874987498 5.533743529874392e-21
61.78399365936593 5.531303750424512e-21
61.882888568856885 5.528859786091822e-21
61.98178347834783 5.526411678488228e-21
62.08067838783878 5.523959469012087e-21
62.17957329732973 5.521503198848332e-21
62.278468206820676 5.519042908968641e-21
62.37736311631163 5.516578640131598e-21
62.47625802580258 5.5141104328829075e-21
62.575152935293524 5.511638327555594e-21
62.674047844784475 5.509162364270248e-21
62.77294275427543 5.506682582935268e-21
62.87183766376637 5.504199023247145e-21
62.97073257325732 5.501711724690745e-21
63.069627482748274 5.499220726539612e-21
63.16852239223922 5.496726067856293e-21
63.26741730173017 5.494227787492677e-21
63.36631221122112 5.491725924090349e-21
63.465207120712066 5.489220516080963e-21
63.56410203020302 5.48671160168662e-21
63.66299693969397 5.4841992189202726e-21
63.76189184918491 5.481683405586135e-21
63.860786758675864 5.479164199280117e-21
63.959681668166816 5.476641637390253e-21
64.05857657765776 5.474115757097169e-21
64.15747148714871 5.471586595374537e-21
64.25636639663966 5.46905418898956e-21
64.35526130613061 5.4665185745034634e-21
64.45415621562157 5.463979788271999e-21
64.55305112511252 5.461437866445943e-21
64.65194603460345 5.458892844971643e-21
64.7508409440944 5.456344759591538e-21
64.84973585358536 5.4537936458447084e-21
64.94863076307631 5.451239539067433e-21
65.04752567256726 5.448682474393749e-21
65.14642058205821 5.446122486756033e-21
65.24531549154915 5.443559610885582e-21
65.3442104010401 5.4409938813132036e-21
65.44310531053105 5.438425332369817e-21
65.542000220022 5.435853998187071e-21
65.64089512951296 5.433279912697953e-21
65.7397900390039 5.43070310963741e-21
65.83868494849484 5.428123622542998e-21
65.9375798579858 5.425541484755503e-21
66.03647476747675 5.4229567294196036e-21
66.1353696769677 5.420369389484514e-21
66.23426458645865 5.417779497704651e-21
66.3331594959496 5.415187086640291e-21
66.43205440544054 5.412592188658265e-21
66.53094931493149 5.409994835932608e-21
66.62984422442244 5.4073950604452645e-21
66.7287391339134 5.4047928939867696e-21
66.82763404340434 5.402188368156947e-21
66.9265289528953 5.399581514365609e-21
67.02542386238623 5.3969723638332555e-21
67.12431877187718 5.394360947591794e-21
67.22321368136814 5.391747296485244e-21
67.32210859085909 5.389131441170464e-21
67.42100350035004 5.3865134121178625e-21
67.51989840984099 5.383893239612135e-21
67.61879331933193 5.381270953752992e-21
67.71768822882288 5.378646584455886e-21
67.81658313831383 5.376020161452755e-21
67.91547804780478 5.3733917142927565e-21
68.01437295729573 5.3707612723430236e-21
68.11326786678667 5.368128864789391e-21
68.21216277627762 5.365494520637165e-21
68.31105768576857 5.3628582687118634e-21
68.40995259525953 5.360220137659965e-21
68.50884750475048 5.357580155949674e-21
68.60774241424143 5.354938351871684e-21
68.70663732373237 5.352294753539924e-21
68.80553223322332 5.34964938889233e-21
68.90442714271427 5.347002285691606e-21
69.00332205220522 5.344353471525998e-21
69.10221696169617 5.341702973810046e-21
69.20111187118712 5.339050819785361e-21
69.30000678067806 5.336397036521407e-21
69.39890169016901 5.333741650916248e-21
69.49779659965996 5.33108468969734e-21
69.59669150915092 5.328426179422296e-21
69.69558641864187 5.3257661464796614e-21
69.79448132813282 5.323104617089687e-21
69.89337623762376 5.320441617305112e-21
69.9922711471147 5.317777173011926e-21
70.09116605660566 5.315111309930162e-21
70.19006096609661 5.312444053614659e-21
70.28895587558756 5.3097754294558504e-21
70.38785078507851 5.3071054626805296e-21
70.48674569456945 5.304434178352638e-21
70.5856406040604 5.3017616013740345e-21
70.68453551355135 5.299087756485276e-21
70.7834304230423 5.2964126682663945e-21
70.88232533253326 5.293736361137672e-21
70.98122024202421 5.291058859360415e-21
71.08011515151514 5.288380187037737e-21
71.1790100610061 5.28570036811532e-21
71.27790497049705 5.283019426382211e-21
71.376799879988 5.2803373854715724e-21
71.47569478947895 5.2776542688614675e-21
71.5745896989699 5.274970099875635e-21
71.67348460846084 5.272284901684252e-21
71.77237951795179 5.269598697304711e-21
71.87127442744274 5.266911509602387e-21
71.9701693369337 5.2642233612914055e-21
72.06906424642465 5.261534274935409e-21
72.1679591559156 5.258844272948329e-21
72.26685406540653 5.2561533775951414e-21
72.36574897489749 5.253461610992636e-21
72.46464388438844 5.2507689951101805e-21
72.56353879387939 5.248075551770474e-21
72.66243370337034 5.245381302650317e-21
72.76132861286129 5.242686269281358e-21
72.86022352235223 5.239990473050852e-21
72.95911843184318 5.2372939352024254e-21
73.05801334133413 5.234596676836818e-21
73.15690825082508 5.231898718912634e-21
73.25580316031603 5.229200082247101e-21
73.35469806980699 5.22650078751681e-21
73.45359297929792 5.223800855258459e-21
73.55248788878887 5.22110030586961e-21
73.65138279827983 5.218399159609415e-21
73.75027770777078 5.2156974365993656e-21
73.84917261726173 5.21299515682403e-21
73.94806752675268 5.210292340131789e-21
74.04696243624362 5.2075890062355704e-21
74.14585734573457 5.204885174713577e-21
74.24475225522552 5.202180865010022e-21
74.34364716471647 5.1994760964358614e-21
74.44254207420742 5.1967708881694965e-21
74.54143698369838 5.19406525925753e-21
74.64033189318931 5.191359228615463e-21
74.73922680268026 5.188652815028424e-21
74.83812171217122 5.185946037151886e-21
74.93701662166217 5.183238913512372e-21
75.03591153115312 5.1805314625081784e-21
75.13480644064407 5.177823702410077e-21
75.23370135013501 5.17511565136203e-21
75.33259625962596 5.172407327381882e-21
75.43149116911691 5.169698748362073e-21
75.53038607860786 5.166989932070339e-21
75.6292809880988 5.164280896150403e-21
75.72817589758975 5.16157165812267e-21
75.8270708070807 5.1588622353849274e-21
75.92596571657165 5.156152645213027e-21
76.0248606260626 5.1534429047615754e-21
76.12375553555356 5.150733031064619e-21
76.2226504450445 5.148023041036329e-21
76.32154535453544 5.145312951471669e-21
76.4204402640264 5.1426027790470915e-21
76.51933517351735 5.139892540321198e-21
76.6182300830083 5.137182251735411e-21
76.71712499249925 5.134471929614653e-21
76.81601990199019 5.131761590168006e-21
76.91491481148114 5.1290512494893694e-21
77.01380972097209 5.1263409235581354e-21
77.11270463046304 5.123630628239837e-21
77.211599539954 5.1209203792868095e-21
77.31049444944495 5.118210192338838e-21
77.40938935893588 5.1155000829238086e-21
77.50828426842683 5.1127900664583625e-21
77.60717917791779 5.1100801582485366e-21
77.70607408740874 5.107370373490397e-21
77.80496899689969 5.104660727270701e-21
77.90386390639064 5.1019512345675096e-21
78.00275881588158 5.09924191025083e-21
78.10165372537253 5.096532769083256e-21
78.20054863486348 5.093823825720583e-21
78.29944354435443 5.0911150947124364e-21
78.39833845384538 5.0884065905029016e-21
78.49723336333633 5.0856983274311384e-21
78.59612827282727 5.082990319732e-21
78.69502318231822 5.0802825815366434e-21
78.79391809180918 5.0775751268731454e-21
78.89281300130013 5.0748679696671086e-21
78.99170791079108 5.0721611237422766e-21
79.09060282028203 5.069454602821118e-21
79.18949772977297 5.0667484205254485e-21
79.28839263926392 5.064042590377012e-21
79.38728754875487 5.0613371257980864e-21
79.48618245824582 5.0586320401120685e-21
79.58507736773677 5.055927346544064e-21
79.68397227722772 5.053223058221483e-21
79.78286718671866 5.050519188174612e-21
79.88176209620961 5.047815749337198e-21
79.98065700570056 5.04511275454703e-21
80.07955191519152 5.042410216546513e-21
80.17844682468247 5.039708147983239e-21
80.27734173417342 5.037006561410556e-21
80.37623664366436 5.0343054692881365e-21
80.47513155315531 5.031604883982546e-21
80.57402646264626 5.02890481776779e-21
80.67292137213721 5.026205282825897e-21
80.77181628162816 5.0235062912474426e-21
80.87071119111911 5.0208078550321326e-21
80.96960610061005 5.018109986089336e-21
81.068501010101 5.015412696238636e-21
81.16739591959195 5.0127159972103715e-21
81.2662908290829 5.010019900646196e-21
81.36518573857386 5.0073244180995884e-21
81.46408064806481 5.004629561036415e-21
81.56297555755575 5.001935340835448e-21
81.6618704670467 4.999241768788908e-21
81.76076537653765 4.996548856102978e-21
81.8596602860286 4.993856613898341e-21
81.95855519551955 4.9911650532107e-21
82.0574501050105 4.9884741849912975e-21
82.15634501450144 4.9857840201074286e-21
82.25523992399239 4.9830945693429606e-21
82.35413483348334 4.9804058433988515e-21
82.4530297429743 4.977717852893638e-21
82.55192465246525 4.9750306083639666e-21
82.6508195619562 4.9723441202650875e-21
82.74971447144713 4.969658398971349e-21
82.84860938093809 4.966973454776706e-21
82.94750429042904 4.964289297895216e-21
83.04639919991999 4.9616059384615246e-21
83.14529410941094 4.958923386531363e-21
83.24418901890189 4.956241652082037e-21
83.34308392839283 4.953560745012902e-21
83.44197883788378 4.9508806751458625e-21
83.54087374737473 4.948201452225838e-21
83.63976865686568 4.945523085921249e-21
83.73866356635664 4.9428455858244876e-21
83.83755847584759 4.940168961452393e-21
83.93645338533852 4.93749322224672e-21
84.03534829482948 4.9348183775746054e-21
84.13424320432043 4.932144436729038e-21
84.23313811381138 4.9294714089293144e-21
84.33203302330233 4.926799303321498e-21
84.43092793279328 4.9241281289788895e-21
84.52982284228422 4.9214578949024675e-21
84.62871775177517 4.918788610021336e-21
84.72761266126612 4.9161202831932005e-21
84.82650757075707 4.913452923204784e-21
84.92540248024802 4.9107865387722914e-21
85.02429738973898 4.908121138541847e-21
85.12319229922991 4.9054567310899325e-21
85.22208720872086 4.902793324923827e-21
85.32098211821182 4.900130928482037e-21
85.41987702770277 4.897469550134735e-21
85.51877193719372 4.894809198184184e-21
85.61766684668467 4.892149880865171e-21
85.71656175617561 4.889491606345432e-21
85.81545666566656 4.886834382726065e-21
85.91435157515751 4.8841782180419635e-21
86.01324648464846 4.881523120262221e-21
86.11214139413941 4.878869097290567e-21
86.21103630363037 4.876216156965755e-21
86.3099312131213 4.8735643070619966e-21
86.40882612261225 4.8709135552893495e-21
86.5077210321032 4.868263909294142e-21
86.60661594159416 4.865615376659367e-21
86.70551085108511 4.862967964905084e-21
86.80440576057606 4.8603216814888234e-21
86.903300670067 4.857676533805979e-21
87.00219557955795 4.8550325291902056e-21
87.1010904890489 4.8523896749138054e-21
87.19998539853985 4.849747978188133e-21
87.2988803080308 4.84710744616396e-21
87.39777521752174 4.844468085931894e-21
87.49667012701269 4.84182990452272e-21
87.59556503650364 4.8391929089078226e-21
87.6944599459946 4.83655710599954e-21
87.79335485548555 4.8339225026515466e-21
87.8922497649765 4.831289105659233e-21
87.99114467446744 4.828656921760074e-21
88.09003958395839 4.826025957633993e-21
88.18893449344934 4.8233962199037515e-21
88.28782940294029 4.820767715135288e-21
88.38672431243124 4.8181404498381025e-21
88.48561922192219 4.8155144304656044e-21
88.58451413141313 4.812889663415483e-21
88.68340904090408 4.8102661550300614e-21
88.78230395039503 4.807643911596646e-21
88.88119885988598 4.805022939347891e-21
88.98009376937694 4.80240324446214e-21
89.07898867886789 4.799784833063783e-21
89.17788358835882 4.7971677112235956e-21
89.27677849784978 4.794551884959094e-21
89.37567340734073 4.791937360234865e-21
89.47456831683168 4.789324142962922e-21
89.57346322632263 4.7867122390030324e-21
89.67235813581358 4.784101654163062e-21
89.77125304530452 4.781492394199306e-21
89.87014795479547 4.778884464816824e-21
89.96904286428642 4.776277871669765e-21
90.06793777377737 4.773672620361711e-21
90.16683268326832 4.77106871644599e-21
90.26572759275928 4.7684661654260075e-21
90.36462250225021 4.765864972755569e-21
90.46351741174117 4.763265143839201e-21
90.56241232123212 4.760666684032467e-21
90.66130723072307 4.758069598642299e-21
90.76020214021402 4.755473892927289e-21
90.85909704970497 4.7528795720980285e-21
90.95799195919591 4.750286641317403e-21
91.05688686868686 4.7476951057009055e-21
91.15578177817781 4.745104970316954e-21
91.25467668766876 4.742516240187179e-21
91.35357159715971 4.739928920286754e-21
91.45246650665067 4.737343015544674e-21
91.5513614161416 4.734758530844067e-21
91.65025632563255 4.7321754710224895e-21
91.7491512351235 4.729593840872238e-21
91.84804614461446 4.727013645140614e-21
91.94694105410541 4.724434888530254e-21
92.04583596359636 4.7218575756993916e-21
92.1447308730873 4.719281711262168e-21
92.24362578257825 4.716707299788904e-21
92.3425206920692 4.7141343458064e-21
92.44141560156015 4.7115628537982135e-21
92.5403105110511 4.708992828204942e-21
92.63920542054205 4.706424273424512e-21
92.73810033003299 4.7038571938124466e-21
92.83699523952394 4.7012915936821535e-21
92.9358901490149 4.698727477305201e-21
93.03478505850585 4.6961648489115824e-21
93.1336799679968 4.693603712690001e-21
93.23257487748775 4.691044072788136e-21
93.33146978697869 4.688485933312914e-21
93.43036469646964 4.68592929833077e-21
93.52925960596059 4.683374171867926e-21
93.62815451545154 4.680820557910644e-21
93.72704942494249 4.678268460405502e-21
93.82594433443344 4.67571788325964e-21
93.92483924392438 4.673168830341027e-21
94.02373415341533 4.67062130547873e-21
94.12262906290628 4.668075312463153e-21
94.22152397239724 4.6655308550463006e-21
94.32041888188819 4.662987936942034e-21
94.41931379137914 4.6604465618263205e-21
94.51820870087008 4.657906733337478e-21
94.61710361036103 4.655368455076438e-21
94.71599851985198 4.6528317306069765e-21
94.81489342934293 4.650296563455978e-21
94.91378833883388 4.6477629571136606e-21
95.01268324832483 4.645230915033836e-21
95.11157815781577 4.6427004406341395e-21
95.21047306730672 4.640171537296275e-21
95.30936797679767 4.637644208366254e-21
95.40826288628863 4.635118457154625e-21
95.50715779577958 4.632594286936725e-21
95.60605270527053 4.630071700952893e-21
95.70494761476147 4.627550702408724e-21
95.80384252425242 4.625031294475282e-21
95.90273743374337 4.6225134802893395e-21
96.00163234323432 4.619997262953604e-21
96.10052725272527 4.617482645536947e-21
96.19942216221622 4.614969631074623e-21
96.29831707170716 4.6124582225685e-21
96.39721198119811 4.6099484229872854e-21
96.49610689068906 4.607440235266733e-21
96.59500180018001 4.6049336623098775e-21
96.69389670967097 4.6024287069872484e-21
96.79279161916192 4.599925372137083e-21
96.89168652865285 4.597423660565555e-21
96.9905814381438 4.594923575046971e-21
97.08947634763476 4.592425118323996e-21
97.18837125712571 4.589928293107868e-21
97.28726616661666 4.587433102078596e-21
97.38616107610761 4.584939547885183e-21
97.48505598559855 4.582447633145818e-21
97.5839508950895 4.579957360448108e-21
97.68284580458045 4.577468732349254e-21
97.7817407140714 4.5749817513762755e-21
97.88063562356236 4.572496420026206e-21
97.9795305330533 4.570012740766297e-21
98.07842544254424 4.5675307160342155e-21
98.1773203520352 4.565050348238247e-21
98.27621526152615 4.56257163975749e-21
98.3751101710171 4.560094592942055e-21
98.47400508050805 4.557619210113257e-21
98.572899989999 4.5551454935638186e-21
98.67179489948994 4.552673445558047e-21
98.77068980898089 4.55020306833204e-21
98.86958471847184 4.5477343640938725e-21
98.9684796279628 4.545267335023782e-21
99.06737453745374 4.542801983274366e-21
99.1662694469447 4.540338310970759e-21
99.26516435643563 4.537876320210823e-21
99.36405926592658 4.535416013065331e-21
99.46295417541754 4.532957391578157e-21
99.56184908490849 4.530500457766445e-21
99.66074399439944 4.52804521362081e-21
99.75963890389039 4.5255916611054925e-21
99.85853381338133 4.523139802158563e-21
99.95742872287228 4.5206896386920845e-21
100.05632363236323 4.5182411725922924e-21
100.15521854185418 4.515794405719777e-21
100.25411345134513 4.513349339909641e-21
100.35300836083607 4.510905976971698e-21
100.45190327032702 4.5084643186906245e-21
100.55079817981797 4.5060243668261395e-21
100.64969308930893 4.503586123113173e-21
100.74858799879988 4.5011495892620395e-21
100.84748290829083 4.498714766958597e-21
100.94637781778177 4.4962816578644224e-21
101.04527272727272 4.493850263616976e-21
101.14416763676367 4.491420585829765e-21
101.24306254625462 4.488992626092506e-21
101.34195745574557 4.4865663859712914e-21
101.44085236523652 4.4841418670087526e-21
101.53974727472746 4.481719070724213e-21
101.63864218421841 4.479297998613851e-21
101.73753709370936 4.476878652150875e-21
101.83643200320031 4.4744610327856505e-21
101.93532691269127 4.472045141945884e-21
102.03422182218222 4.4696309810367654e-21
102.13311673167316 4.467218551441127e-21
102.2320116411641 4.464807854519596e-21
102.33090655065506 4.462398891610753e-21
102.42980146014601 4.4599916640312686e-21
102.52869636963696 4.457586173076077e-21
102.62759127912791 4.455182420018513e-21
102.72648618861885 4.4527804061104536e-21
102.8253810981098 4.450380132582484e-21
102.92427600760075 4.447981600644032e-21
103.0231709170917 4.445584811483523e-21
103.12206582658266 4.443189766268516e-21
103.22096073607361 4.440796466145856e-21
103.31985564556454 4.438404912241818e-21
103.4187505550555 4.43601510566224e-21
103.51764546454645 4.4336270474926754e-21
103.6165403740374 4.431240738798532e-21
103.71543528352835 4.4288561806252076e-21
103.8143301930193 4.4264733739982295e-21
103.91322510251024 4.424092319923403e-21
104.01212001200119 4.421713019386934e-21
104.11101492149214 4.4193354733555724e-21
104.2099098309831 4.4169596827767506e-21
104.30880474047405 4.414585648578719e-21
104.407699649965 4.412213371670668e-21
104.50659455945593 4.40984285294288e-21
104.60548946894689 4.4074740932668414e-21
104.70438437843784 4.4051070934953905e-21
104.80327928792879 4.402741854462842e-21
104.90217419741974 4.400378376985111e-21
105.00106910691069 4.398016661859857e-21
105.09996401640163 4.395656709866597e-21
105.19885892589258 4.3932985217668375e-21
105.29775383538353 4.3909420983042054e-21
105.39664874487448 4.388587440204569e-21
105.49554365436543 4.386234548176165e-21
105.59443856385639 4.383883422909723e-21
105.69333347334732 4.381534065078589e-21
105.79222838283827 4.379186475338841e-21
105.89112329232923 4.376840654329427e-21
105.99001820182018 4.374496602672269e-21
106.08891311131113 4.372154320972393e-21
106.18780802080208 4.369813809818044e-21
106.28670293029302 4.367475069780811e-21
106.38559783978397 4.365138101415736e-21
106.48449274927492 4.3628029052614384e-21
106.58338765876587 4.360469481840231e-21
106.68228256825682 4.358137831658232e-21
106.78117747774778 4.355807955205482e-21
106.88007238723871 4.353479852956059e-21
106.97896729672966 4.351153525368191e-21
107.07786220622062 4.3488289728843735e-21
107.17675711571157 4.3465061959314695e-21
107.27565202520252 4.3441851949208376e-21
107.37454693469347 4.341865970248428e-21
107.4734418441844 4.339548522294906e-21
107.57233675367536 4.337232851425747e-21
107.67123166316631 4.334918957991354e-21
107.77012657265726 4.332606842327167e-21
107.86902148214821 4.330296504753766e-21
107.96791639163916 4.327987945576978e-21
108.0668113011301 4.325681165087987e-21
108.16570621062105 4.323376163563431e-21
108.264601120112 4.321072941265516e-21
108.36349602960296 4.318771498442113e-21
108.46239093909391 4.3164718353268686e-21
108.56128584858486 4.314173952139297e-21
108.6601807580758 4.3118778490848935e-21
108.75907566756675 4.309583526355226e-21
108.8579705770577 4.307290984128044e-21
108.95686548654865 4.3050002225673715e-21
109.0557603960396 4.302711241823611e-21
109.15465530553055 4.300424042033644e-21
109.25355021502149 4.298138623320916e-21
109.35244512451244 4.295854985795558e-21
109.4513400340034 4.2935731295544594e-21
109.55023494349435 4.291293054681379e-21
109.6491298529853 4.2890147612470344e-21
109.74802476247625 4.2867382493092e-21
109.84691967196719 4.284463518912797e-21
109.94581458145814 4.282190570089995e-21
110.04470949094909 4.2799194028602996e-21
110.14360440044004 4.2776500172306464e-21
110.24249930993099 4.275382413195489e-21
110.34139421942194 4.273116590736898e-21
110.44028912891288 4.2708525498246514e-21
110.53918403840383 4.2685902904163155e-21
110.63807894789478 4.266329812457347e-21
110.73697385738573 4.264071115881169e-21
110.83586876687669 4.261814200609275e-21
110.93476367636764 4.259559066551307e-21
111.03365858585857 4.2573057136051405e-21
111.13255349534953 4.2550541416569815e-21
111.23144840484048 4.252804350581441e-21
111.33034331433143 4.2505563402416354e-21
111.42923822382238 4.248310110489255e-21
111.52813313331333 4.246065661164664e-21
111.62702804280427 4.243822992096973e-21
111.72592295229522 4.2415821031041314e-21
111.82481786178617 4.239342993993005e-21
111.92371277127712 4.2371056645594615e-21
112.02260768076808 4.2348701145884504e-21
112.12150259025903 4.232636343854086e-21
112.22039749974996 4.2304043521197306e-21
112.31929240924092 4.2281741391380664e-21
112.41818731873187 4.225945704651189e-21
112.51708222822282 4.2237190483906765e-21
112.61597713771377 4.2214941700776684e-21
112.71487204720471 4.219271069422954e-21
112.81376695669566 4.217049746127039e-21
112.91266186618661 4.2148301998802266e-21
113.01155677567756 4.2126124303627006e-21
113.11045168516851 4.2103964372445925e-21
113.20934659465946 4.2081822201860645e-21
113.3082415041504 4.205969778837384e-21
113.40713641364135 4.20375911283899e-21
113.5060313231323 4.201550221821583e-21
113.60492623262326 4.199343105406187e-21
113.70382114211421 4.1971377632042274e-21
113.80271605160516 4.1949341948176036e-21
113.9016109610961 4.192732399838763e-21
114.00050587058705 4.190532377850772e-21
114.099400780078 4.1883341284273854e-21
114.19829568956895 4.186137651133124e-21
114.2971905990599 4.183942945523341e-21
114.39608550855085 4.181750011144288e-21
114.49498041804179 4.179558847533199e-21
114.59387532753274 4.177369454218342e-21
114.6927702370237 4.175181830719101e-21
114.79166514651465 4.1729959765460426e-21
114.8905600560056 4.1708118912009806e-21
114.98945496549655 4.1686295741770406e-21
115.08834987498749 4.166449024958739e-21
115.18724478447844 4.164270243022039e-21
115.28613969396939 4.162093227834423e-21
115.38503460346034 4.1599179788549536e-21
115.48392951295129 4.157744495534343e-21
115.58282442244224 4.155572777315022e-21
115.68171933193318 4.153402823631197e-21
115.78061424142413 4.1512346339089104e-21
115.87950915091508 4.149068207566124e-21
115.97840406040604 4.146903544012761e-21
116.07729896989699 4.144740642650782e-21
116.17619387938794 4.142579502874245e-21
116.27508878887888 4.140420124069364e-21
116.37398369836983 4.1382625056145715e-21
116.47287860786078 4.1361066468805904e-21
116.57177351735173 4.133952547230477e-21
116.67066842684268 4.131800206019698e-21
116.76956333633363 4.129649622596185e-21
116.86845824582457 4.127500796300386e-21
116.96735315531552 4.125353726465339e-21
117.06624806480647 4.123208412416726e-21
117.16514297429742 4.12106485347293e-21
117.26403788378838 4.1189230489450916e-21
117.36293279327933 4.116782998137171e-21
117.46182770277026 4.114644700346004e-21
117.56072261226122 4.112508154861362e-21
117.65961752175217 4.110373360966003e-21
117.75851243124312 4.108240317935737e-21
117.85740734073407 4.106109025039469e-21
117.95630225022502 4.1039794815392715e-21
118.05519715971596 4.101851686690426e-21
118.15409206920691 4.0997256397414864e-21
118.25298697869786 4.097601339934328e-21
118.35188188818881 4.0954787865042074e-21
118.45077679767977 4.093357978679812e-21
118.54967170717072 4.091238915683317e-21
118.64856661666165 4.089121596730441e-21
118.7474615261526 4.0870060210304855e-21
118.84635643564356 4.0848921877864115e-21
118.94525134513451 4.082780096194866e-21
119.04414625462546 4.0806697454462525e-21
119.14304116411641 4.0785611347247736e-21
119.24193607360735 4.076454263208488e-21
119.3408309830983 4.0743491300693556e-21
119.43972589258925 4.0722457344732915e-21
119.5386208020802 4.070144075580219e-21
119.63751571157115 4.068044152544114e-21
119.7364106210621 4.0659459645130574e-21
119.83530553055304 4.063849510629287e-21
119.934200440044 4.0617547900292404e-21
120.03309534953495 4.0596618018436115e-21
120.1319902590259 4.057570545197394e-21
120.23088516851685 4.055481019209924e-21
120.3297800780078 4.053393222994946e-21
120.42867498749874 4.05130715566064e-21
120.52756989698969 4.0492228163096834e-21
120.62646480648064 4.047140204039286e-21
120.72535971597159 4.045059317941245e-21
120.82425462546254 4.042980157101993e-21
120.9231495349535 4.040902720602633e-21
121.02204444444443 4.038827007518998e-21
121.12093935393538 4.0367530169216835e-21
121.21983426342634 4.034680747876103e-21
121.31872917291729 4.032610199442527e-21
121.41762408240824 4.030541370676128e-21
121.51651899189919 4.028474260627026e-21
121.61541390139013 4.0264088683403345e-21
121.71430881088108 4.024345192856202e-21
121.81320372037203 4.022283233209848e-21
121.91209862986298 4.020222988431625e-21
122.01099353935393 4.018164457547043e-21
122.10988844884488 4.016107639576817e-21
122.20878335833582 4.014052533536918e-21
122.30767826782677 4.011999138438601e-21
122.40657317731772 4.009947453288458e-21
122.50546808680868 4.0078974770884574e-21
122.60436299629963 4.0058492088359765e-21
122.70325790579058 4.003802647523857e-21
122.80215281528152 4.0017577921404325e-21
122.90104772477247 3.999714641669574e-21
122.99994263426342 3.997673195090737e-21
123.09883754375437 3.995633451378984e-21
123.19773245324532 3.993595409505045e-21
123.29662736273627 3.991559068435339e-21
123.39552227222721 3.989524427132029e-21
123.49441718171816 3.9874914845530436e-21
123.59331209120911 3.985460239652131e-21
123.69220700070007 3.9834306913788865e-21
123.79110191019102 3.981402838678803e-21
123.88999681968197 3.979376680493291e-21
123.9888917291729 3.977352215759732e-21
124.08778663866386 3.9753294434115096e-21
124.18668154815481 3.973308362378047e-21
124.28557645764576 3.971288971584843e-21
124.38447136713671 3.96927126995351e-21
124.48336627662766 3.967255256401811e-21
124.5822611861186 3.9652409298436936e-21
124.68115609560955 3.9632282891893284e-21
124.7800510051005 3.961217333345144e-21
124.87894591459145 3.9592080612138595e-21
124.9778408240824 3.957200471694525e-21
125.07673573357334 3.9551945636825494e-21
125.1756306430643 3.953190336069744e-21
125.27452555255525 3.951187787744353e-21
125.3734204620462 3.9491869175910845e-21
125.47231537153715 3.94718772449115e-21
125.5712102810281 3.945190207322292e-21
125.67010519051904 3.943194364958827e-21
125.76900010000999 3.941200196271669e-21
125.86789500950094 3.939207700128368e-21
125.96678991899189 3.937216875393144e-21
126.06568482848284 3.935227720926918e-21
126.1645797379738 3.933240235587343e-21
126.26347464746473 3.931254418228837e-21
126.36236955695568 3.9292702677026174e-21
126.46126446644664 3.927287782856734e-21
126.56015937593759 3.925306962536093e-21
126.65905428542854 3.923327805582499e-21
126.75794919491949 3.921350310834678e-21
126.85684410441043 3.919374477128312e-21
126.95573901390138 3.9174003032960725e-21
127.05463392339233 3.9154277881676436e-21
127.15352883288328 3.9134569305697594e-21
127.25242374237423 3.9114877293262336e-21
127.35131865186518 3.909520183257986e-21
127.45021356135612 3.907554291183075e-21
127.54910847084707 3.9055900519167266e-21
127.64800338033803 3.903627464271365e-21
127.74689828982898 3.901666527056642e-21
127.84579319931993 3.89970723907946e-21
127.94468810881088 3.8977495991440125e-21
128.04358301830183 3.895793606051802e-21
128.14247792779278 3.893839258601677e-21
128.24137283728373 3.891886555589849e-21
128.34026774677469 3.889935495809942e-21
128.43916265626564 3.887986078052987e-21
128.5380575657566 3.886038301107485e-21
128.6369524752475 3.8840921637594154e-21
128.73584738473846 3.8821476647922644e-21
128.83474229422941 3.8802048029870524e-21
128.93363720372037 3.87826357712237e-21
129.03253211321132 3.8763239859743954e-21
129.13142702270227 3.874386028316925e-21
129.23032193219322 3.872449702921397e-21
129.32921684168417 3.8705150085569205e-21
129.42811175117512 3.868581943990303e-21
129.52700666066607 3.866650507986074e-21
129.62590157015703 3.86472069930651e-21
129.72479647964798 3.862792516711664e-21
129.8236913891389 3.860865958959385e-21
129.92258629862985 3.85894102480535e-21
130.0214812081208 3.8570177130030846e-21
130.12037611761176 3.8550960223039915e-21
130.2192710271027 3.8531759514573676e-21
130.31816593659366 3.851257499210444e-21
130.4170608460846 3.849340664308394e-21
130.51595575557556 3.847425445494362e-21
130.6148506650665 3.8455118415094994e-21
130.71374557455746 3.843599851092972e-21
130.81264048404842 3.841689472981993e-21
130.91153539353937 3.839780705911845e-21
131.0104303030303 3.837873548615904e-21
131.10932521252124 3.835967999825661e-21
131.2082201220122 3.8340640582707486e-21
131.30711503150314 3.832161722678961e-21
131.4060099409941 3.830260991776275e-21
131.50490485048505 3.8283618642868826e-21
131.603799759976 3.826464338933199e-21
131.70269466946695 3.824568414435895e-21
131.8015895789579 3.822674089513922e-21
131.90048448844885 3.820781362884523e-21
131.9993793979398 3.818890233263265e-21
132.09827430743076 3.817000699364056e-21
132.19716921692168 3.815112759899164e-21
132.29606412641263 3.813226413579245e-21
132.39495903590358 3.8113416591133656e-21
132.49385394539453 3.809458495209012e-21
132.59274885488549 3.807576920572126e-21
132.69164376437644 3.805696933907115e-21
132.7905386738674 3.80381853391688e-21
132.88943358335834 3.801941719302834e-21
132.9883284928493 3.800066488764919e-21
133.08722340234024 3.798192841001633e-21
133.1861183118312 3.796320774710048e-21
133.28501322132215 3.794450288585824e-21
133.38390813081307 3.792581381323238e-21
133.48280304030402 3.7907140516152004e-21
133.58169794979497 3.788848298153272e-21
133.68059285928592 3.786984119627689e-21
133.77948776877687 3.785121514727376e-21
133.87838267826783 3.783260482139974e-21
133.97727758775878 3.7814010205518515e-21
134.07617249724973 3.7795431286481275e-21
134.17506740674068 3.777686805112688e-21
134.27396231623163 3.77583204862821e-21
134.37285722572258 3.773978857876176e-21
134.47175213521353 3.772127231536892e-21
134.57064704470446 3.770277168289507e-21
134.6695419541954 3.7684286668120344e-21
134.76843686368636 3.766581725781366e-21
134.8673317731773 3.764736343873293e-21
134.96622668266826 3.76289251976252e-21
135.06512159215922 3.761050252122689e-21
135.16401650165017 3.759209539626391e-21
135.26291141114112 3.757370380945189e-21
135.36180632063207 3.755532774749632e-21
135.46070123012302 3.75369671970927e-21
135.55959613961397 3.751862214492681e-21
135.65849104910492 3.750029257767473e-21
135.75738595859585 3.748197848200321e-21
135.8562808680868 3.746367984456962e-21
135.95517577757775 3.744539665202226e-21
136.0540706870687 3.742712889100052e-21
136.15296559655965 3.740887654813499e-21
136.2518605060506 3.739063961004764e-21
136.35075541554156 3.737241806335201e-21
136.4496503250325 3.7354211894653374e-21
136.54854523452346 3.7336021090548845e-21
136.6474401440144 3.731784563762761e-21
136.74633505350536 3.729968552247101e-21
136.8452299629963 3.7281540731652794e-21
136.94412487248724 3.7263411251739185e-21
137.0430197819782 3.7245297069289084e-21
137.14191469146914 3.7227198170854204e-21
137.2408096009601 3.720911454297926e-21
137.33970451045104 3.719104617220206e-21
137.438599419942 3.71729930450537e-21
137.53749432943295 3.715495514805875e-21
137.6363892389239 3.713693246773528e-21
137.73528414841485 3.7118924990595166e-21
137.8341790579058 3.710093270314409e-21
137.93307396739675 3.708295559188184e-21
138.03196887688767 3.706499364330227e-21
138.13086378637863 3.70470468438936e-21
138.22975869586958 3.7029115180138476e-21
138.32865360536053 3.701119863851422e-21
138.42754851485148 3.699329720549279e-21
138.52644342434243 3.697541086754106e-21
138.62533833383338 3.695753961112097e-21
138.72423324332433 3.69396834226895e-21
138.8231281528153 3.6921842288699035e-21
138.92202306230624 3.690401619559735e-21
139.0209179717972 3.6886205129827755e-21
139.11981288128814 3.686840907782931e-21
139.21870779077906 3.685062802603686e-21
139.31760270027002 3.6832861960881265e-21
139.41649760976097 3.681511086878944e-21
139.51539251925192 3.679737473618454e-21
139.61428742874287 3.677965354948607e-21
139.71318233823382 3.6761947295110064e-21
139.81207724772477 3.674425595946913e-21
139.91097215721572 3.67265795289726e-21
140.00986706670668 3.670891799002674e-21
140.1087619761976 3.6691271329034745e-21
140.20765688568855 3.667363953239698e-21
140.3065517951795 3.665602258651098e-21
140.40544670467045 3.663842047777177e-21
140.5043416141614 3.662083319257169e-21
140.60323652365236 3.660326071730085e-21
140.7021314331433 3.6585703038347e-21
140.80102634263426 3.656816014209572e-21
140.8999212521252 3.655063201493065e-21
140.99881616161616 3.653311864323341e-21
141.0977110711071 3.651562001338389e-21
141.19660598059806 3.649813611176024e-21
141.295500890089 3.648066692473908e-21
141.39439579957994 3.646321243869558e-21
141.4932907090709 3.644577264000354e-21
141.59218561856184 3.642834751503555e-21
141.6910805280528 3.6410937050163074e-21
141.78997543754375 3.63935412317566e-21
141.8888703470347 3.637616004618565e-21
141.98776525652565 3.635879347981904e-21
142.0866601660166 3.634144151902488e-21
142.18555507550755 3.6324104150170674e-21
142.2844499849985 3.6306781359623524e-21
142.38334489448945 3.628947313375015e-21
142.48223980398038 3.6272179458916994e-21
142.58113471347133 3.6254900321490395e-21
142.68002962296228 3.623763570783664e-21
142.77892453245323 3.622038560432208e-21
142.87781944194418 3.620314999731322e-21
142.97671435143513 3.618592887317681e-21
143.0756092609261 3.6168722218280014e-21
143.17450417041704 3.615153001899045e-21
143.273399079908 3.61343522616763e-21
143.37229398939894 3.611718893270641e-21
143.4711888988899 3.610004001845038e-21
143.57008380838084 3.608290550527873e-21
143.66897871787177 3.6065785379562836e-21
143.76787362736272 3.604867962767521e-21
143.86676853685367 3.603158823598952e-21
143.96566344634462 3.601451119088062e-21
144.06455835583557 3.599744847872475e-21
144.16345326532652 3.598040008589958e-21
144.26234817481748 3.596336599878428e-21
144.36124308430843 3.594634620375967e-21
144.46013799379938 3.592934068720823e-21
144.55903290329033 3.5912349435514324e-21
144.65792781278128 3.58953724350641e-21
144.75682272227223 3.5878409672245796e-21
144.85571763176316 3.586146113344961e-21
144.9546125412541 3.584452680506796e-21
145.05350745074506 3.582760667349549e-21
145.152402360236 3.581070072512918e-21
145.25129726972696 3.5793808946368415e-21
145.3501921792179 3.577693132361508e-21
145.44908708870886 3.576006784327366e-21
145.54798199819982 3.57432184917513e-21
145.64687690769077 3.572638325545789e-21
145.74577181718172 3.570956212080617e-21
145.84466672667267 3.5692755074211795e-21
145.94356163616362 3.567596210209339e-21
146.04245654565455 3.5659183190872715e-21
146.1413514551455 3.564241832697465e-21
146.24024636463645 3.562566749682732e-21
146.3391412741274 3.560893068686221e-21
146.43803618361835 3.5592207883514145e-21
146.5369310931093 3.557549907322147e-21
146.63582600260025 3.555880424242604e-21
146.7347209120912 3.5542123377573396e-21
146.83361582158216 3.552545646511273e-21
146.9325107310731 3.550880349149709e-21
147.03140564056406 3.549216444318329e-21
147.130300550055 3.547553930663215e-21
147.22919545954593 3.545892806830849e-21
147.3280903690369 3.544233071468114e-21
147.42698527852784 3.5425747232223174e-21
147.5258801880188 3.540917760741181e-21
147.62477509750974 3.5392621826728634e-21
147.7236700070007 3.537607987665955e-21
147.82256491649164 3.535955174369496e-21
147.9214598259826 3.534303741432967e-21
148.02035473547355 3.532653687506317e-21
148.1192496449645 3.5310050112399545e-21
148.21814455445545 3.529357711284759e-21
148.3170394639464 3.527711786292092e-21
148.41593437343732 3.526067234913795e-21
148.51482928292828 3.524424055802209e-21
148.61372419241923 3.522782247610163e-21
148.71261910191018 3.521141808991e-21
148.81151401140113 3.51950273859857e-21
148.91040892089208 3.5178650350872424e-21
149.00930383038303 3.51622869711191e-21
149.10819873987398 3.514593723328e-21
149.20709364936494 3.512960112391472e-21
149.3059885588559 3.511327862958832e-21
149.40488346834684 3.509696973687132e-21
149.5037783778378 3.5080674432339865e-21
149.6026732873287 3.5064392702575664e-21
149.70156819681966 3.504812453416611e-21
149.80046310631062 3.503186991370439e-21
149.89935801580157 3.501562882778942e-21
149.99825292529252 3.4999401263026005e-21
150.09714783478347 3.498318720602491e-21
150.19604274427442 3.4966986643402825e-21
150.29493765376537 3.4950799561782486e-21
150.39383256325632 3.493462594779276e-21
150.49272747274728 3.4918465788068594e-21
150.59162238223823 3.490231906925123e-21
150.69051729172915 3.488618577798811e-21
150.7894122012201 3.487006590093299e-21
150.88830711071105 3.485395942474606e-21
150.987202020202 3.483786633609389e-21
151.08609692969296 3.482178662164953e-21
151.1849918391839 3.4805720268092614e-21
151.28388674867486 3.478966726210932e-21
151.3827816581658 3.477362759039251e-21
151.48167656765676 3.475760123964169e-21
151.5805714771477 3.4741588196563176e-21
151.67946638663867 3.472558844787004e-21
151.77836129612962 3.470960198028221e-21
151.87725620562054 3.469362878052658e-21
151.9761511151115 3.4677668835336896e-21
152.07504602460244 3.466172213145397e-21
152.1739409340934 3.464578865562568e-21
152.27283584358435 3.462986839460696e-21
152.3717307530753 3.461396133515991e-21
152.47062566256625 3.4598067464053876e-21
152.5695205720572 3.4582186768065386e-21
152.66841548154815 3.456631923397832e-21
152.7673103910391 3.455046484858384e-21
152.86620530053005 3.453462359868057e-21
152.965100210021 3.451879547107448e-21
153.06399511951193 3.450298045257915e-21
153.16289002900288 3.4487178530015534e-21
153.26178493849383 3.447138969021228e-21
153.36067984798478 3.445561392000561e-21
153.45957475747574 3.44398512062394e-21
153.5584696669667 3.442410153576529e-21
153.65736457645764 3.4408364895442545e-21
153.7562594859486 3.439264127213836e-21
153.85515439543954 3.43769306527277e-21
153.9540493049305 3.436123302409341e-21
154.05294421442144 3.434554837312627e-21
154.1518391239124 3.432987668672503e-21
154.25073403340332 3.431421795179644e-21
154.34962894289427 3.429857215525528e-21
154.44852385238522 3.4282939284024436e-21
154.54741876187617 3.426731932503492e-21
154.64631367136712 3.4251712265225905e-21
154.74520858085808 3.423611809154477e-21
154.84410349034903 3.422053679094717e-21
154.94299839983998 3.4204968350397e-21
155.04189330933093 3.418941275686649e-21
155.14078821882188 3.417386999733628e-21
155.23968312831283 3.415834005879537e-21
155.33857803780379 3.4142822928241175e-21
155.4374729472947 3.412731859267966e-21
155.53636785678566 3.411182703912525e-21
155.6352627662766 3.4096348254600916e-21
155.73415767576756 3.4080882226138244e-21
155.8330525852585 3.406542894077744e-21
155.93194749474947 3.404998838556733e-21
156.03084240424042 3.403456054756549e-21
156.12973731373137 3.401914541383818e-21
156.22863222322232 3.400374297146044e-21
156.32752713271327 3.398835320751611e-21
156.42642204220422 3.397297610909788e-21
156.52531695169517 3.395761166330726e-21
156.6242118611861 3.394225985725468e-21
156.72310677067705 3.392692067805953e-21
156.822001680168 3.391159411285013e-21
156.92089658965895 3.389628014876383e-21
157.0197914991499 3.3880978772946967e-21
157.11868640864085 3.3865689972554966e-21
157.2175813181318 3.3850413734752357e-21
157.31647622762276 3.3835150046712775e-21
157.4153711371137 3.3819898895619024e-21
157.51426604660466 3.3804660268663094e-21
157.6131609560956 3.3789434153046154e-21
157.71205586558656 3.377422053597869e-21
157.8109507750775 3.3759019404680414e-21
157.90984568456844 3.3743830746380358e-21
158.0087405940594 3.372865454831689e-21
158.10763550355034 3.371349079773779e-21
158.2065304130413 3.3698339481900115e-21
158.30542532253224 3.368320058807048e-21
158.4043202320232 3.3668074103524847e-21
158.50321514151415 3.365296001554873e-21
158.6021100510051 3.36378583114371e-21
158.70100496049605 3.3622768978494487e-21
158.799899869987 3.3607692004034977e-21
158.89879477947795 3.359262737538223e-21
158.99768968896888 3.357757507986955e-21
159.09658459845983 3.3562535104839854e-21
159.19547950795078 3.3547507437645736e-21
159.29437441744173 3.353249206564947e-21
159.39326932693268 3.3517488976223075e-21
159.49216423642363 3.350249815674829e-21
159.59105914591458 3.348751959461663e-21
159.68995405540554 3.3472553277229413e-21
159.7888489648965 3.345759919199775e-21
159.88774387438744 3.34426573263426e-21
159.9866387838784 3.3427727667694827e-21
160.08553369336934 3.341281020349513e-21
160.18442860286027 3.3397904921194166e-21
160.28332351235122 3.3383011808252458e-21
160.38221842184217 3.3368130852140572e-21
160.48111333133312 3.3353262040339013e-21
160.58000824082407 3.3338405360338297e-21
160.67890315031502 3.3323560799638957e-21
160.77779805980597 3.330872834575159e-21
160.87669296929693 3.3293907986196866e-21
160.97558787878788 3.3279099708505523e-21
161.07448278827883 3.3264303500218433e-21
161.17337769776978 3.3249519348886595e-21
161.27227260726073 3.323474724207115e-21
161.37116751675165 3.321998716734347e-21
161.4700624262426 3.320523911228505e-21
161.56895733573356 3.319050306448764e-21
161.6678522452245 3.31757790115532e-21
161.76674715471546 3.316106694109401e-21
161.8656420642064 3.3146366840732568e-21
161.96453697369736 3.3131678698101656e-21
162.06343188318831 3.3117002500844416e-21
162.16232679267927 3.31023382366143e-21
162.26122170217022 3.308768589307511e-21
162.36011661166117 3.3073045457901014e-21
162.45901152115212 3.305841691877659e-21
162.55790643064304 3.3043800263396816e-21
162.656801340134 3.302919547946705e-21
162.75569624962495 3.3014602554703145e-21
162.8545911591159 3.300002147683139e-21
162.95348606860685 3.2985452233588558e-21
163.0523809780978 3.2970894812721922e-21
163.15127588758875 3.2956349201989244e-21
163.2501707970797 3.294181538915881e-21
163.34906570657066 3.2927293362009453e-21
163.4479606160616 3.291278310833063e-21
163.54685552555256 3.289828461592223e-21
163.64575043504348 3.2883797872594885e-21
163.74464534453443 3.286932286616973e-21
163.84354025402538 3.2854859584478586e-21
163.94243516351634 3.2840408015363815e-21
164.0413300730073 3.2825968146678574e-21
164.14022498249824 3.2811539966286552e-21
164.2391198919892 3.2797123462062215e-21
164.33801480148014 3.278271862189065e-21
164.4369097109711 3.2768325433667703e-21
164.53580462046205 3.275394388529993e-21
164.634699529953 3.273957396470461e-21
164.73359443944395 3.2725215659809793e-21
164.83248934893487 3.2710868958554296e-21
164.93138425842582 3.2696533848887667e-21
165.03027916791677 3.268221031877033e-21
165.12917407740773 3.266789835617342e-21
165.22806898689868 3.2653597949078963e-21
165.32696389638963 3.2639309085479747e-21
165.42585880588058 3.262503175337947e-21
165.52475371537153 3.2610765940792623e-21
165.62364862486248 3.2596511635744616e-21
165.72254353435343 3.258226882627171e-21
165.8214384438444 3.256803750042103e-21
165.92033335333534 3.255381764625065e-21
166.01922826282626 3.253960925182952e-21
166.1181231723172 3.2525412305237573e-21
166.21701808180816 3.2511226794565572e-21
166.31591299129911 3.249705270791531e-21
166.41480790079007 3.248289003339951e-21
166.51370281028102 3.2468738759141856e-21
166.61259771977197 3.2454598873277045e-21
166.71149262926292 3.244047036395069e-21
166.81038753875387 3.2426353219319475e-21
166.90928244824482 3.2412247427551044e-21
167.00817735773578 3.2398152976824078e-21
167.10707226722673 3.2384069855328284e-21
167.20596717671765 3.236999805126438e-21
167.3048620862086 3.2355937552844173e-21
167.40375699569955 3.2341888348290508e-21
167.5026519051905 3.2327850425837275e-21
167.60154681468146 3.2313823773729447e-21
167.7004417241724 3.229980838022309e-21
167.79933663366336 3.2285804233585334e-21
167.8982315431543 3.2271811322094422e-21
167.99712645264526 3.2257829634039736e-21
168.0960213621362 3.22438591577217e-21
168.19491627162716 3.222989988145193e-21
168.29381118111812 3.22159517935531e-21
168.39270609060904 3.2202014882359104e-21
168.4916010001 3.2188089136214915e-21
168.59049590959094 3.2174174543476704e-21
168.6893908190819 3.2160271092511757e-21
168.78828572857284 3.214637877169858e-21
168.8871806380638 3.2132497569426788e-21
168.98607554755475 3.2118627474097233e-21
169.0849704570457 3.210476847412194e-21
169.18386536653665 3.2090920557924092e-21
169.2827602760276 3.207708371393813e-21
169.38165518551855 3.206325793060965e-21
169.4805500950095 3.2049443196395497e-21
169.57944500450043 3.203563949976372e-21
169.67833991399138 3.202184682919358e-21
169.77723482348233 3.2008065173175582e-21
169.87612973297328 3.1994294520211482e-21
169.97502464246423 3.198053485881424e-21
170.07391955195519 3.1966786177508093e-21
170.17281446144614 3.195304846482851e-21
170.2717093709371 3.1939321709322237e-21
170.37060428042804 3.1925605899547267e-21
170.469499189919 3.1911901024072855e-21
170.56839409940994 3.1898207071479548e-21
170.6672890089009 3.188452403035915e-21
170.76618391839182 3.1870851889314754e-21
170.86507882788277 3.1857190636960735e-21
170.96397373737372 3.1843540261922756e-21
171.06286864686467 3.182990075283777e-21
171.16176355635562 3.1816272098354043e-21
171.26065846584657 3.1802654287131115e-21
171.35955337533753 3.1789047307839877e-21
171.45844828482848 3.177545114916248e-21
171.55734319431943 3.176186579979239e-21
171.65623810381038 3.1748291248434425e-21
171.75513301330133 3.1734727483804694e-21
171.85402792279228 3.172117449463064e-21
171.9529228322832 3.1707632269651e-21
172.05181774177416 3.1694100797615895e-21
172.1507126512651 3.168058006728673e-21
172.24960756075606 3.1667070067436256e-21
172.348502470247 3.1653570786848576e-21
172.44739737973796 3.1640082214319104e-21
172.54629228922892 3.162660433865462e-21
172.64518719871987 3.161313714867323e-21
172.74408210821082 3.1599680633204396e-21
172.84297701770177 3.1586234781088923e-21
172.94187192719272 3.1572799581178982e-21
173.04076683668367 3.155937502233806e-21
173.1396617461746 3.154596109344103e-21
173.23855665566555 3.1532557783374085e-21
173.3374515651565 3.1519165081034824e-21
173.43634647464745 3.150578297533218e-21
173.5352413841384 3.149241145518642e-21
173.63413629362935 3.1479050509529213e-21
173.7330312031203 3.146570012730356e-21
173.83192611261126 3.1452360297463832e-21
173.9308210221022 3.143903100897579e-21
174.02971593159316 3.1425712250816527e-21
174.1286108410841 3.1412404011974507e-21
174.22750575057506 3.1399106281449574e-21
174.32640066006599 3.138581904825293e-21
174.42529556955694 3.1372542301407133e-21
174.5241904790479 3.1359276029946154e-21
174.62308538853884 3.1346020222915265e-21
174.7219802980298 3.133277486937114e-21
174.82087520752074 3.131953995838186e-21
174.9197701170117 3.1306315479026806e-21
175.01866502650265 3.129310142039677e-21
175.1175599359936 3.1279897771593884e-21
175.21645484548455 3.126670452173169e-21
175.3153497549755 3.1253521659935074e-21
175.41424466446645 3.1240349175340265e-21
175.51313957395737 3.12271870570949e-21
175.61203448344833 3.121403529435795e-21
175.71092939293928 3.1200893876299775e-21
175.80982430243023 3.1187762792102088e-21
175.90871921192118 3.117464203095798e-21
176.00761412141213 3.1161531582071885e-21
176.10650903090308 3.1148431434659606e-21
176.20540394039404 3.113534157794833e-21
176.304298849885 3.112226200117656e-21
176.40319375937594 3.110919269359419e-21
176.5020886688669 3.109613364446247e-21
176.6009835783578 3.1083084843053996e-21
176.69987848784876 3.1070046278652717e-21
176.79877339733972 3.105701794055394e-21
176.89766830683067 3.104399981806432e-21
176.99656321632162 3.103099190050188e-21
177.09545812581257 3.1017994177195955e-21
177.19435303530352 3.1005006637487245e-21
177.29324794479447 3.099202927072781e-21
177.39214285428542 3.0979062066281035e-21
177.49103776377638 3.096610501352164e-21
177.58993267326733 3.0953158101835697e-21
177.68882758275828 3.0940221320620583e-21
177.7877224922492 3.092729465928506e-21
177.88661740174015 3.091437810724916e-21
177.9855123112311 3.0901471653944284e-21
178.08440722072206 3.088857528881317e-21
178.183302130213 3.0875689001309825e-21
178.28219703970396 3.0862812780899633e-21
178.3810919491949 3.0849946617059252e-21
178.47998685868586 3.0837090499276682e-21
178.5788817681768 3.082424441705124e-21
178.67777667766777 3.0811408359893512e-21
178.77667158715872 3.079858231732542e-21
178.87556649664967 3.0785766278880196e-21
178.9744614061406 3.0772960234102356e-21
179.07335631563154 3.0760164172547715e-21
179.1722512251225 3.0747378083783365e-21
179.27114613461345 3.0734601957387726e-21
179.3700410441044 3.0721835782950466e-21
179.46893595359535 3.070907955007256e-21
179.5678308630863 3.0696333248366256e-21
179.66672577257725 3.0683596867455062e-21
179.7656206820682 3.067087039697379e-21
179.86451559155915 3.0658153826568465e-21
179.9634105010501 3.0645447145896436e-21
180.06230541054106 3.063275034462629e-21
180.16120032003198 3.0620063412437865e-21
180.26009522952293 3.0607386339022236e-21
180.35899013901388 3.059471911408176e-21
180.45788504850483 3.0582061727330013e-21
180.5567799579958 3.0569414168491826e-21
180.65567486748674 3.0556776427303245e-21
180.7545697769777 3.0544148493511576e-21
180.85346468646864 3.053153035687532e-21
180.9523595959596 3.0518922007164225e-21
181.05125450545054 3.0506323434159256e-21
181.1501494149415 3.0493734627652575e-21
181.24904432443245 3.0481155577447567e-21
181.34793923392337 3.0468586273358818e-21
181.44683414341432 3.0456026705212085e-21
181.54572905290527 3.044347686284438e-21
181.64462396239622 3.0430936736103858e-21
181.74351887188718 3.0418406314849854e-21
181.84241378137813 3.0405885588952923e-21
181.94130869086908 3.0393374548294774e-21
182.04020360036003 3.0380873182768273e-21
182.13909850985098 3.0368381482277463e-21
182.23799341934193 3.0355899436737546e-21
182.33688832883288 3.034342703607488e-21
182.43578323832384 3.033096427022697e-21
182.53467814781476 3.031851112914248e-21
182.6335730573057 3.030606760278117e-21
182.73246796679666 3.029363368111398e-21
182.8313628762876 3.028120935412297e-21
182.93025778577856 3.0268794611801283e-21
183.02915269526952 3.0256389444153217e-21
183.12804760476047 3.0243993841194184e-21
183.22694251425142 3.023160779295069e-21
183.32583742374237 3.0219231289460335e-21
183.42473233323332 3.020686432077181e-21
183.52362724272427 3.0194506876944905e-21
183.62252215221523 3.0182158948050496e-21
183.72141706170615 3.0169820524170527e-21
183.8203119711971 3.015749159539801e-21
183.91920688068805 3.0145172151837045e-21
184.018101790179 3.013286218360275e-21
184.11699669966995 3.0120561680821324e-21
184.2158916091609 3.010827063362999e-21
184.31478651865186 3.0095989032177087e-21
184.4136814281428 3.0083716866621864e-21
184.51257633763376 3.00714541271347e-21
184.6114712471247 3.0059200803896935e-21
184.71036615661566 3.004695688710096e-21
184.80926106610661 3.0034722366950174e-21
184.90815597559754 3.002249723365894e-21
185.0070508850885 3.001028147745267e-21
185.10594579457944 2.9998075088567733e-21
185.2048407040704 2.9985878057251464e-21
185.30373561356134 2.9973690373762238e-21
185.4026305230523 2.9961512028369327e-21
185.50152543254325 2.9949343011353034e-21
185.6004203420342 2.9937183313004538e-21
185.69931525152515 2.9925032923626057e-21
185.7982101610161 2.9912891833530678e-21
185.89710507050705 2.9900760033042476e-21
185.995999979998 2.9888637512496424e-21
186.09489488948893 2.9876524262238433e-21
186.19378979897988 2.9864420272625316e-21
186.29268470847083 2.9852325534024797e-21
186.39157961796178 2.9840240036815525e-21
186.49047452745273 2.982816377138701e-21
186.58936943694368 2.981609672813968e-21
186.68826434643464 2.980403889748482e-21
186.7871592559256 2.979199026984458e-21
186.88605416541654 2.977995083565203e-21
186.9849490749075 2.976792058535102e-21
187.08384398439844 2.9755899509396334e-21
187.1827388938894 2.9743887598253538e-21
187.28163380338032 2.9731884842399036e-21
187.38052871287127 2.9719891232320115e-21
187.47942362236222 2.9707906758514823e-21
187.57831853185317 2.9695931411492083e-21
187.67721344134412 2.9683965181771555e-21
187.77610835083507 2.967200805988377e-21
187.87500326032603 2.9660060036369997e-21
187.97389816981698 2.964812110178232e-21
188.07279307930793 2.9636191246683574e-21
188.17168798879888 2.9624270461647405e-21
188.27058289828983 2.9612358737258178e-21
188.36947780778078 2.960045606411104e-21
188.4683727172717 2.958856243281186e-21
188.56726762676266 2.9576677833977275e-21
188.6661625362536 2.9564802258234632e-21
188.76505744574456 2.9552935696222014e-21
188.8639523552355 2.9541078138588207e-21
188.96284726472646 2.9529229575992694e-21
189.06174217421741 2.9517389999105704e-21
189.16063708370837 2.9505559398608102e-21
189.25953199319932 2.9493737765191488e-21
189.35842690269027 2.9481925089558085e-21
189.45732181218122 2.9470121362420838e-21
189.55621672167214 2.9458326574503294e-21
189.6551116311631 2.9446540716539703e-21
189.75400654065405 2.9434763779274933e-21
189.852901450145 2.942299575346449e-21
189.95179635963595 2.94112366298745e-21
190.0506912691269 2.9399486399281747e-21
190.14958617861785 2.9387745052473554e-21
190.2484810881088 2.9376012580247925e-21
190.34737599759976 2.9364288973413405e-21
190.4462709070907 2.9352574222789156e-21
190.54516581658166 2.934086831920488e-21
190.6440607260726 2.9329171253500896e-21
190.74295563556353 2.931748301652807e-21
190.84185054505448 2.9305803599147778e-21
190.94074545454544 2.9294132992231995e-21
191.0396403640364 2.9282471186663217e-21
191.13853527352734 2.927081817333446e-21
191.2374301830183 2.9259173943149253e-21
191.33632509250924 2.9247538487021647e-21
191.4352200020002 2.92359117958762e-21
191.53411491149114 2.922429386064795e-21
191.6330098209821 2.921268467228242e-21
191.73190473047305 2.9201084221735644e-21
191.830799639964 2.918949249997406e-21
191.92969454945492 2.917790949797463e-21
192.02858945894587 2.9166335206724705e-21
192.12748436843682 2.915476961722215e-21
192.22637927792778 2.91432127204752e-21
192.32527418741873 2.9131664507502533e-21
192.42416909690968 2.912012496933327e-21
192.52306400640063 2.9108594097006885e-21
192.62195891589158 2.9097071881573316e-21
192.72085382538253 2.908555831409284e-21
192.81974873487349 2.9074053385636144e-21
192.91864364436444 2.906255708728426e-21
193.0175385538554 2.9051069410128602e-21
193.1164334633463 2.903959034527094e-21
193.21532837283726 2.9028119883823375e-21
193.31422328232821 2.9016658016908363e-21
193.41311819181917 2.9005204735658674e-21
193.51201310131012 2.899376003121738e-21
193.61090801080107 2.8982323894737907e-21
193.70980292029202 2.897089631738395e-21
193.80869782978297 2.8959477290329483e-21
193.90759273927392 2.8948066804758805e-21
194.00648764876487 2.893666485186646e-21
194.10538255825583 2.8925271422857273e-21
194.20427746774678 2.8913886508946267e-21
194.3031723772377 2.8902510101358816e-21
194.40206728672865 2.8891142191330423e-21
194.5009621962196 2.8879782770106903e-21
194.59985710571056 2.8868431828944232e-21
194.6987520152015 2.8857089359108636e-21
194.79764692469246 2.884575535187651e-21
194.8965418341834 2.8834429798534456e-21
194.99543674367436 2.882311269037927e-21
195.0943316531653 2.88118040187179e-21
195.19322656265626 2.880050377486746e-21
195.29212147214722 2.8789211950155237e-21
195.39101638163817 2.877792853591863e-21
195.4899112911291 2.876665352350521e-21
195.58880620062004 2.8755386904272664e-21
195.687701110111 2.8744128669588773e-21
195.78659601960194 2.8732878810831457e-21
195.8854909290929 2.8721637319388726e-21
195.98438583858385 2.8710404186658673e-21
196.0832807480748 2.869917940404945e-21
196.18217565756575 2.8687962962979336e-21
196.2810705670567 2.8676754854876627e-21
196.37996547654765 2.8665555071179678e-21
196.4788603860386 2.8654363603336883e-21
196.57775529552956 2.8643180442806697e-21
196.67665020502048 2.8632005581057555e-21
196.77554511451143 2.8620839009567955e-21
196.87444002400238 2.860968071982635e-21
196.97333493349333 2.8598530703331236e-21
197.07222984298429 2.8587388951591047e-21
197.17112475247524 2.8576255456124236e-21
197.2700196619662 2.8565130208459194e-21
197.36891457145714 2.8554013200134264e-21
197.4678094809481 2.854290442269779e-21
197.56670439043904 2.8531803867707984e-21
197.66559929993 2.852071152673302e-21
197.76449420942095 2.8509627391350986e-21
197.86338911891187 2.8498551453149924e-21
197.96228402840282 2.848748370372768e-21
198.06117893789377 2.8476424134692087e-21
198.16007384738472 2.8465372737660774e-21
198.25896875687567 2.8454329504261318e-21
198.35786366636663 2.844329442613109e-21
198.45675857585758 2.8432267494917388e-21
198.55565348534853 2.8421248702277272e-21
198.65454839483948 2.8410238039877687e-21
198.75344330433043 2.8399235499395372e-21
198.85233821382138 2.838824107251691e-21
198.95123312331233 2.8377254750938666e-21
199.05012803280326 2.8366276526366795e-21
199.1490229422942 2.8355306390517253e-21
199.24791785178516 2.8344344335115737e-21
199.3468127612761 2.8333390351897762e-21
199.44570767076706 2.8322444432608545e-21
199.54460258025802 2.8311506569003084e-21
199.64349748974897 2.830057675284609e-21
199.74239239923992 2.828965497591201e-21
199.84128730873087 2.8278741229985013e-21
199.94018221822182 2.8267835506858962e-21
200.03907712771277 2.8256937798337407e-21
200.13797203720372 2.8246048096233636e-21
200.23686694669465 2.8235166392370528e-21
200.3357618561856 2.822429267858072e-21
200.43465676567655 2.8213426946706425e-21
200.5335516751675 2.8202569188599564e-21
200.63244658465845 2.8191719396121665e-21
200.7313414941494 2.818087756114389e-21
200.83023640364036 2.8170043675547042e-21
200.9291313131313 2.815921773122147e-21
201.02802622262226 2.814839972006718e-21
201.1269211321132 2.813758963399376e-21
201.22581604160416 2.8126787464920353e-21
201.32471095109508 2.811599320477567e-21
201.42360586058604 2.8105206845498016e-21
201.522500770077 2.8094428379035202e-21
201.62139567956794 2.8083657797344598e-21
201.7202905890589 2.80728950923931e-21
201.81918549854984 2.8062140256157128e-21
201.9180804080408 2.8051393280622615e-21
202.01697531753175 2.804065415778498e-21
202.1158702270227 2.802992287964913e-21
202.21476513651365 2.8019199438229482e-21
202.3136600460046 2.800848382554988e-21
202.41255495549555 2.7997776033643642e-21
202.51144986498647 2.7987076054553568e-21
202.61034477447743 2.7976383880331848e-21
202.70923968396838 2.796569950304013e-21
202.80813459345933 2.7955022914749477e-21
202.90702950295028 2.7944354107540364e-21
203.00592441244123 2.7933693073502666e-21
203.10481932193218 2.7923039804735656e-21
203.20371423142313 2.7912394293347947e-21
203.3026091409141 2.7901756531457576e-21
203.40150405040504 2.789112651119191e-21
203.500398959896 2.7880504224687673e-21
203.59929386938694 2.7869889664090942e-21
203.69818877887786 2.78592828215571e-21
203.79708368836882 2.7848683689250858e-21
203.89597859785977 2.7838092259346264e-21
203.99487350735072 2.782750852402661e-21
204.09376841684167 2.7816932475484526e-21
204.19266332633262 2.7806364105921925e-21
204.29155823582357 2.779580340754997e-21
204.39045314531452 2.7785250372589065e-21
204.48934805480548 2.777470499326892e-21
204.58824296429643 2.7764167261828434e-21
204.68713787378738 2.7753637170515762e-21
204.78603278327833 2.774311471158828e-21
204.88492769276925 2.773259987731257e-21
204.9838226022602 2.772209265996439e-21
205.08271751175116 2.771159305182873e-21
205.1816124212421 2.770110104519975e-21
205.28050733073306 2.769061663238076e-21
205.379402240224 2.7680139805684245e-21
205.47829714971496 2.766967055743184e-21
205.5771920592059 2.7659208879954325e-21
205.67608696869686 2.7648754765591597e-21
205.77498187818782 2.7638308206692692e-21
205.87387678767877 2.762786919561573e-21
205.97277169716972 2.761743772472795e-21
206.07166660666064 2.7607013786405696e-21
206.1705615161516 2.759659737303436e-21
206.26945642564255 2.758618847700841e-21
206.3683513351335 2.75757870907314e-21
206.46724624462445 2.7565393206615913e-21
206.5661411541154 2.755500681708358e-21
206.66503606360635 2.7544627914565055e-21
206.7639309730973 2.7534256491500023e-21
206.86282588258825 2.752389254033716e-21
206.9617207920792 2.7513536053534167e-21
207.06061570157016 2.750318702355773e-21
207.1595106110611 2.7492845442883494e-21
207.25840552055203 2.7482511303996096e-21
207.35730043004298 2.7472184599389122e-21
207.45619533953393 2.7461865321565113e-21
207.5550902490249 2.7451553463035557e-21
207.65398515851584 2.7441249016320867e-21
207.7528800680068 2.7430951973950346e-21
207.85177497749774 2.7420662328462268e-21
207.9506698869887 2.741038007240376e-21
208.04956479647964 2.740010519833084e-21
208.1484597059706 2.7389837698808448e-21
208.24735461546155 2.737957756641034e-21
208.3462495249525 2.7369324793719175e-21
208.44514443444342 2.7359079373326424e-21
208.54403934393437 2.734884129783244e-21
208.64293425342532 2.7338610559846357e-21
208.74182916291628 2.7328387151986184e-21
208.84072407240723 2.73181710668787e-21
208.93961898189818 2.730796229715948e-21
209.03851389138913 2.729776083547294e-21
209.13740880088008 2.7287566674472193e-21
209.23630371037103 2.7277379806819218e-21
209.33519861986198 2.726720022518468e-21
209.43409352935294 2.7257027922248023e-21
209.5329884388439 2.7246862890697427e-21
209.6318833483348 2.7236705123229795e-21
209.73077825782576 2.7226554612550772e-21
209.8296731673167 2.721641135137469e-21
209.92856807680766 2.7206275332424587e-21
210.02746298629862 2.7196146548432203e-21
210.12635789578957 2.718602499213793e-21
210.22525280528052 2.717591065629087e-21
210.32414771477147 2.7165803533648762e-21
210.42304262426242 2.715570361697798e-21
210.52193753375337 2.7145610899053562e-21
210.62083244324432 2.713552537265917e-21
210.71972735273528 2.7125447030587082e-21
210.8186222622262 2.7115375865638198e-21
210.91751717171715 2.7105311870622e-21
211.0164120812081 2.7095255038356576e-21
211.11530699069905 2.708520536166858e-21
211.21420190019 2.7075162833393247e-21
211.31309680968096 2.7065127446374372e-21
211.4119917191719 2.7055099193464307e-21
211.51088662866286 2.7045078067523916e-21
211.6097815381538 2.7035064061422637e-21
211.70867644764476 2.7025057168038395e-21
211.8075713571357 2.7015057380257627e-21
211.90646626662667 2.7005064690975288e-21
212.0053611761176 2.6995079093094815e-21
212.10425608560854 2.6985100579528124e-21
212.2031509950995 2.697512914319562e-21
212.30204590459044 2.6965164777026122e-21
212.4009408140814 2.695520747395696e-21
212.49983572357235 2.6945257226933864e-21
212.5987306330633 2.693531402891101e-21
212.69762554255425 2.6925377872851e-21
212.7965204520452 2.6915448751724844e-21
212.89541536153615 2.6905526658511932e-21
212.9943102710271 2.6895611586200095e-21
213.09320518051805 2.6885703527785483e-21
213.19210009000898 2.687580247627268e-21
213.29099499949993 2.6865908424674592e-21
213.38988990899088 2.6856021366012482e-21
213.48878481848183 2.6846141293315977e-21
213.58767972797278 2.6836268199622998e-21
213.68657463746374 2.682640207797984e-21
213.7854695469547 2.6816542921441058e-21
213.88436445644564 2.6806690723069557e-21
213.9832593659366 2.6796845475936493e-21
214.08215427542754 2.678700717312135e-21
214.1810491849185 2.677717580771183e-21
214.27994409440942 2.6767351372803964e-21
214.37883900390037 2.6757533861501974e-21
214.47773391339132 2.6747723266918376e-21
214.57662882288227 2.673791958217388e-21
214.67552373237322 2.672812280039745e-21
214.77441864186417 2.6718332914726244e-21
214.87331355135512 2.6708549918305644e-21
214.97220846084608 2.6698773804289217e-21
215.07110337033703 2.668900456583871e-21
215.16999827982798 2.667924219612405e-21
215.26889318931893 2.6669486688323343e-21
215.36778809880988 2.6659738035622823e-21
215.4666830083008 2.664999623121689e-21
215.56557791779176 2.6640261268308072e-21
215.6644728272827 2.6630533140107038e-21
215.76336773677366 2.6620811839832547e-21
215.8622626462646 2.661109736071149e-21
215.96115755575556 2.6601389695978847e-21
216.0600524652465 2.659168883887768e-21
216.15894737473747 2.658199478265914e-21
216.25784228422842 2.6572307520582426e-21
216.35673719371937 2.6562627045914815e-21
216.45563210321032 2.655295335193163e-21
216.55452701270127 2.654328643191622e-21
216.6534219221922 2.653362627915999e-21
216.75231683168315 2.6523972886962317e-21
216.8512117411741 2.6514326248630638e-21
216.95010665066505 2.650468635748037e-21
217.049001560156 2.6495053206834906e-21
217.14789646964695 2.6485426790025644e-21
217.2467913791379 2.647580710039194e-21
217.34568628862885 2.6466194131281127e-21
217.4445811981198 2.645658787604845e-21
217.54347610761076 2.644698832805713e-21
217.6423710171017 2.643739548067832e-21
217.74126592659266 2.642780932729109e-21
217.84016083608358 2.6418229861282422e-21
217.93905574557454 2.6408657076047195e-21
218.0379506550655 2.6399090964988188e-21
218.13684556455644 2.6389531521516072e-21
218.2357404740474 2.637997873904937e-21
218.33463538353834 2.63704326110145e-21
218.4335302930293 2.6360893130845726e-21
218.53242520252024 2.6351360291985123e-21
218.6313201120112 2.6341834087882667e-21
218.73021502150215 2.63323145119961e-21
218.8291099309931 2.6322801557791013e-21
218.92800484048405 2.631329521874081e-21
219.02689974997497 2.630379548832666e-21
219.12579465946592 2.6294302360037568e-21
219.22468956895688 2.628481582737026e-21
219.32358447844783 2.6275335883829284e-21
219.42247938793878 2.6265862522926917e-21
219.52137429742973 2.625639573818321e-21
219.62026920692068 2.6246935523125932e-21
219.71916411641163 2.6237481871290575e-21
219.81805902590258 2.6228034776220395e-21
219.91695393539354 2.6218594231466318e-21
220.0158488448845 2.6209160230587e-21
220.11474375437544 2.619973276714878e-21
220.21363866386636 2.6190311834725677e-21
220.3125335733573 2.6180897426899373e-21
220.41142848284827 2.617148953725926e-21
220.51032339233922 2.6162088159402335e-21
220.60921830183017 2.6152693286933267e-21
220.70811321132112 2.6143304913464356e-21
220.80700812081207 2.613392303261553e-21
220.90590303030302 2.6124547638014322e-21
221.00479793979397 2.6115178723295895e-21
221.10369284928493 2.6105816282103e-21
221.20258775877588 2.609646030808599e-21
221.30148266826683 2.6087110794902757e-21
221.40037757775775 2.607776773621882e-21
221.4992724872487 2.6068431125707208e-21
221.59816739673965 2.6059100957048552e-21
221.6970623062306 2.6049777223930968e-21
221.79595721572156 2.604045992005018e-21
221.8948521252125 2.6031149039109346e-21
221.99374703470346 2.6021844574819214e-21
222.0926419441944 2.601254652089799e-21
222.19153685368536 2.6003254871071413e-21
222.29043176317631 2.5993969619072668e-21
222.38932667266727 2.598469075864245e-21
222.48822158215822 2.597541828352891e-21
222.58711649164914 2.596615218748765e-21
222.6860114011401 2.595689246428173e-21
222.78490631063104 2.594763910768165e-21
222.883801220122 2.5938392111465347e-21
222.98269612961295 2.592915146941816e-21
223.0815910391039 2.5919917175332856e-21
223.18048594859485 2.5910689223009593e-21
223.2793808580858 2.5901467606255947e-21
223.37827576757675 2.5892252318886836e-21
223.4771706770677 2.5883043354724596e-21
223.57606558655866 2.587384070759891e-21
223.6749604960496 2.586464437134682e-21
223.77385540554053 2.5855454339812715e-21
223.87275031503148 2.5846270606848306e-21
223.97164522452243 2.5837093166312654e-21
224.07054013401338 2.582792201207214e-21
224.16943504350434 2.581875713800046e-21
224.2683299529953 2.5809598537978578e-21
224.36722486248624 2.5800446205894802e-21
224.4661197719772 2.5791300135644667e-21
224.56501468146814 2.5782160321131032e-21
224.6639095909591 2.5773026756263983e-21
224.76280450045004 2.5763899434960886e-21
224.861699409941 2.575477835114634e-21
224.96059431943192 2.5745663498752202e-21
225.05948922892287 2.573655487171753e-21
225.15838413841382 2.57274524639886e-21
225.25727904790477 2.5718356269518943e-21
225.35617395739573 2.5709266282269246e-21
225.45506886688668 2.5700182496207394e-21
225.55396377637763 2.5691104905308464e-21
225.65285868586858 2.5682033503554734e-21
225.75175359535953 2.5672968284935576e-21
225.85064850485048 2.566390924344761e-21
225.94954341434143 2.5654856373094505e-21
226.04843832383239 2.564580966788714e-21
226.1473332333233 2.563676912184351e-21
226.24622814281426 2.56277347289887e-21
226.3451230523052 2.561870648335493e-21
226.44401796179616 2.5609684378981532e-21
226.54291287128711 2.5600668409914895e-21
226.64180778077807 2.5591658570208522e-21
226.74070269026902 2.5582654853922982e-21
226.83959759975997 2.557365725512591e-21
226.93849250925092 2.5564665767892003e-21
227.03738741874187 2.5555680386302988e-21
227.13628232823282 2.554670110444765e-21
227.23517723772375 2.55377279164218e-21
227.3340721472147 2.5528760816328263e-21
227.43296705670565 2.5519799798276878e-21
227.5318619661966 2.5510844856384497e-21
227.63075687568755 2.5501895984774965e-21
227.7296517851785 2.5492953177579104e-21
227.82854669466946 2.5484016428934707e-21
227.9274416041604 2.5475085732986556e-21
228.02633651365136 2.546616108388638e-21
228.1252314231423 2.5457242475792858e-21
228.22412633263326 2.544832990287161e-21
228.3230212421242 2.5439423359295192e-21
228.42191615161514 2.5430522839243074e-21
228.5208110611061 2.542162833690166e-21
228.61970597059704 2.5412739846464253e-21
228.718600880088 2.540385736213103e-21
228.81749578957894 2.5394980878109083e-21
228.9163906990699 2.5386110388612383e-21
229.01528560856084 2.5377245887861756e-21
229.1141805180518 2.536838737008492e-21
229.21307542754275 2.5359534829516398e-21
229.3119703370337 2.5350688260397606e-21
229.41086524652465 2.5341847656976764e-21
229.5097601560156 2.533301301350894e-21
229.60865506550653 2.532418432425601e-21
229.70754997499748 2.531536158348667e-21
229.80644488448843 2.5306544785476374e-21
229.90533979397938 2.5297733924507445e-21
230.00423470347033 2.528892899486893e-21
230.10312961296128 2.528012999085666e-21
230.20202452245223 2.5271336906773263e-21
230.30091943194319 2.5262549736928083e-21
230.39981434143414 2.5253768475637245e-21
230.4987092509251 2.524499311722359e-21
230.59760416041604 2.523622365601673e-21
230.696499069907 2.5227460086352944e-21
230.79539397939791 2.521870240257528e-21
230.89428888888887 2.520995059903345e-21
230.99318379837982 2.520120467008388e-21
231.09207870787077 2.51924646100897e-21
231.19097361736172 2.5183730413420705e-21
231.28986852685267 2.5175002074453346e-21
231.38876343634362 2.516627958757077e-21
231.48765834583457 2.515756294716276e-21
231.58655325532553 2.514885214762574e-21
231.68544816481648 2.5140147183362783e-21
231.78434307430743 2.513144804878359e-21
231.88323798379838 2.512275473830448e-21
231.9821328932893 2.511406724634837e-21
232.08102780278026 2.5105385567344818e-21
232.1799227122712 2.5096709695729933e-21
232.27881762176216 2.508803962594644e-21
232.3777125312531 2.5079375352443627e-21
232.47660744074406 2.5070716869677355e-21
232.575502350235 2.5062064172110055e-21
232.67439725972596 2.505341725421071e-21
232.77329216921692 2.5044776110454827e-21
232.87218707870787 2.503614073532446e-21
232.97108198819882 2.5027511123308213e-21
233.06997689768977 2.5018887268901166e-21
233.1688718071807 2.5010269166604964e-21
233.26776671667164 2.500165681092769e-21
233.3666616261626 2.499305019638398e-21
233.46555653565355 2.4984449317494907e-21
233.5644514451445 2.4975854168788046e-21
233.66334635463545 2.496726474479746e-21
233.7622412641264 2.4958681040063635e-21
233.86113617361735 2.495010304913352e-21
233.9600310831083 2.4941530766560515e-21
234.05892599259926 2.4932964186904464e-21
234.1578209020902 2.4924403304731624e-21
234.25671581158116 2.491584811461467e-21
234.35561072107208 2.4907298611132687e-21
234.45450563056303 2.4898754788871165e-21
234.55340054005399 2.4890216642421998e-21
234.65229544954494 2.488168416638346e-21
234.7511903590359 2.4873157355360183e-21
234.85008526852684 2.4864636203963213e-21
234.9489801780178 2.4856120706809908e-21
235.04787508750874 2.4847610858524e-21
235.1467699969997 2.483910665373556e-21
235.24566490649065 2.483060808708102e-21
235.3445598159816 2.4822115153203118e-21
235.44345472547255 2.48136278467509e-21
235.54234963496347 2.480514616237975e-21
235.64124454445442 2.4796670094751337e-21
235.74013945394537 2.478819963853363e-21
235.83903436343633 2.4779734788400904e-21
235.93792927292728 2.4771275539033684e-21
236.03682418241823 2.476282188511878e-21
236.13571909190918 2.4754373821349274e-21
236.23461400140013 2.4745931342424473e-21
236.33350891089108 2.473749444304997e-21
236.43240382038204 2.472906311793757e-21
236.531298729873 2.472063736180531e-21
236.63019363936394 2.4712217169377465e-21
236.72908854885486 2.470380253538451e-21
236.8279834583458 2.469539345456312e-21
236.92687836783676 2.4686989921656186e-21
237.02577327732772 2.4678591931412795e-21
237.12466818681867 2.467019947858818e-21
237.22356309630962 2.466181255794379e-21
237.32245800580057 2.465343116424721e-21
237.42135291529152 2.464505529227221e-21
237.52024782478247 2.4636684936798668e-21
237.61914273427342 2.4628320092612645e-21
237.71803764376438 2.461996075450633e-21
237.81693255325533 2.461160691727802e-21
237.91582746274625 2.4603258575732143e-21
238.0147223722372 2.459491572467923e-21
238.11361728172815 2.4586578358935925e-21
238.2125121912191 2.4578246473324954e-21
238.31140710071006 2.4569920062675136e-21
238.410302010201 2.4561599121821378e-21
238.50919691969196 2.4553283645604634e-21
238.6080918291829 2.4544973628871942e-21
238.70698673867386 2.453666906647638e-21
238.8058816481648 2.452836995327709e-21
238.90477655765577 2.4520076284139244e-21
239.0036714671467 2.4511788053934034e-21
239.10256637663764 2.4503505257538696e-21
239.2014612861286 2.4495227889836466e-21
239.30035619561954 2.4486955945716592e-21
239.3992511051105 2.4478689420074325e-21
239.49814601460145 2.447042830781091e-21
239.5970409240924 2.446217260383357e-21
239.69593583358335 2.4453922303055503e-21
239.7948307430743 2.4445677400395885e-21
239.89372565256525 2.4437437890779852e-21
239.9926205620562 2.442920376913848e-21
240.09151547154715 2.4420975030408804e-21
240.19041038103808 2.4412751669533795e-21
240.28930529052903 2.4404533681462336e-21
240.38820020001998 2.4396321061149265e-21
240.48709510951093 2.4388113803555305e-21
240.58599001900188 2.437991190364711e-21
240.68488492849283 2.4371715356397202e-21
240.7837798379838 2.436352415678403e-21
240.88267474747474 2.435533829979191e-21
240.9815696569657 2.4347157780411008e-21
241.08046456645664 2.4338982593637415e-21
241.1793594759476 2.433081273447304e-21
241.27825438543854 2.4322648197925648e-21
241.37714929492947 2.431448897900886e-21
241.47604420442042 2.4306335072742146e-21
241.57493911391137 2.4298186474150785e-21
241.67383402340232 2.4290043178265885e-21
241.77272893289327 2.4281905180124368e-21
241.87162384238422 2.427377247476897e-21
241.97051875187518 2.426564505724822e-21
242.06941366136613 2.425752292261644e-21
242.16830857085708 2.4249406065933742e-21
242.26720348034803 2.4241294482266007e-21
242.36609838983898 2.4233188166684904e-21
242.46499329932993 2.422508711426782e-21
242.56388820882086 2.4216991320097963e-21
242.6627831183118 2.4208900779264222e-21
242.76167802780276 2.420081548686127e-21
242.8605729372937 2.4192735437989487e-21
242.95946784678466 2.4184660627754997e-21
243.0583627562756 2.417659105126962e-21
243.15725766576656 2.4168526703650896e-21
243.25615257525752 2.4160467580022076e-21
243.35504748474847 2.4152413675512087e-21
243.45394239423942 2.4144364985255573e-21
243.55283730373037 2.413632150439281e-21
243.65173221322132 2.4128283228069796e-21
243.75062712271225 2.4120250151438157e-21
243.8495220322032 2.41122222696552e-21
243.94841694169415 2.410419957788387e-21
244.0473118511851 2.4096182071292746e-21
244.14620676067605 2.408816974505607e-21
244.245101670167 2.408016259435369e-21
244.34399657965795 2.407216061437108e-21
244.4428914891489 2.4064163800299328e-21
244.54178639863986 2.4056172147335114e-21
244.6406813081308 2.4048185650680764e-21
244.73957621762176 2.404020430554412e-21
244.8384711271127 2.4032228107138672e-21
244.93736603660363 2.4024257050683457e-21
245.0362609460946 2.401629113140308e-21
245.13515585558554 2.400833034452772e-21
245.2340507650765 2.4000374685293116e-21
245.33294567456744 2.399242414894052e-21
245.4318405840584 2.398447873071678e-21
245.53073549354934 2.3976538425874215e-21
245.6296304030403 2.3968603229670718e-21
245.72852531253125 2.3960673137369667e-21
245.8274202220222 2.3952748144239967e-21
245.92631513151315 2.394482824555604e-21
246.0252100410041 2.3936913436597776e-21
246.12410495049502 2.3929003712650583e-21
246.22299985998598 2.3921099069005325e-21
246.32189476947693 2.3913199500958348e-21
246.42078967896788 2.390530500381148e-21
246.51968458845883 2.3897415572872e-21
246.61857949794978 2.388953120345264e-21
246.71747440744073 2.388165189087157e-21
246.81636931693168 2.3873777630452425e-21
246.91526422642264 2.3865908417524256e-21
247.0141591359136 2.3858044247421525e-21
247.11305404540454 2.3850185115484136e-21
247.2119489548955 2.384233101705738e-21
247.3108438643864 2.383448194749199e-21
247.40973877387736 2.382663790214405e-21
247.50863368336832 2.381879887637507e-21
247.60752859285927 2.3810964865551907e-21
247.70642350235022 2.380313586504683e-21
247.80531841184117 2.3795311870237462e-21
247.90421332133212 2.378749287650677e-21
248.00310823082307 2.3779678879243104e-21
248.10200314031403 2.377186987384014e-21
248.20089804980498 2.3764065855696913e-21
248.29979295929593 2.3756266820217768e-21
248.39868786878688 2.3748472762812396e-21
248.4975827782778 2.3740683678895813e-21
248.59647768776875 2.37328995638883e-21
248.6953725972597 2.372512041321551e-21
248.79426750675066 2.3717346222308343e-21
248.8931624162416 2.370957698660302e-21
248.99205732573256 2.3701812701541037e-21
249.0909522352235 2.3694053362569163e-21
249.18984714471446 2.368629896513944e-21
249.28874205420541 2.3678549504709176e-21
249.38763696369637 2.367080497674093e-21
249.48653187318732 2.366306537670253e-21
249.58542678267827 2.365533070006702e-21
249.6843216921692 2.364760094231269e-21
249.78321660166014 2.3639876098923083e-21
249.8821115111511 2.3632156165386925e-21
249.98100642064205 2.3624441137198176e-21
250.079901330133 2.361673100985601e-21
250.17879623962395 2.3609025778864796e-21
250.2776911491149 2.360132543973411e-21
250.37658605860585 2.3593629987978695e-21
250.4754809680968 2.3585939419118484e-21
250.57437587758776 2.357825372867859e-21
250.6732707870787 2.357057291218929e-21
250.77216569656966 2.356289696518604e-21
250.87106060606058 2.3555225883209415e-21
250.96995551555153 2.354755966180515e-21
251.06885042504248 2.3539898296524138e-21
251.16774533453344 2.3532241782922395e-21
251.2666402440244 2.3524590116561058e-21
251.36553515351534 2.35169432930064e-21
251.4644300630063 2.3509301307829788e-21
251.56332497249724 2.35016641566077e-21
251.6622198819882 2.3494031834921733e-21
251.76111479147914 2.3486404338358562e-21
251.8600097009701 2.3478781662509953e-21
251.95890461046102 2.3471163802972748e-21
252.05779951995197 2.346355075534887e-21
252.15669442944292 2.3455942515245293e-21
252.25558933893387 2.3448339078274082e-21
252.35448424842482 2.344074044005232e-21
252.45337915791578 2.343314659620216e-21
252.55227406740673 2.3425557542350797e-21
252.65116897689768 2.3417973274130444e-21
252.75006388638863 2.3410393787178343e-21
252.84895879587958 2.3402819077136775e-21
252.94785370537053 2.339524913965302e-21
253.04674861486149 2.3387683970379363e-21
253.1456435243524 2.3380123564973103e-21
253.24453843384336 2.337256791909652e-21
253.3434333433343 2.3365017028416887e-21
253.44232825282526 2.3357470888606454e-21
253.54122316231621 2.3349929495342464e-21
253.64011807180717 2.33423928443071e-21
253.73901298129812 2.3334860931187533e-21
253.83790789078907 2.3327333751675856e-21
253.93680280028002 2.3319811301469155e-21
254.03569770977097 2.331229357626942e-21
254.13459261926192 2.330478057178359e-21
254.23348752875287 2.3297272283723543e-21
254.3323824382438 2.328976870780606e-21
254.43127734773475 2.3282269839752854e-21
254.5301722572257 2.3274775675290543e-21
254.62906716671665 2.326728621015064e-21
254.7279620762076 2.3259801440069567e-21
254.82685698569856 2.3252321360788635e-21
254.9257518951895 2.324484596805403e-21
255.02464680468046 2.3237375257616817e-21
255.1235417141714 2.322990922523295e-21
255.22243662366236 2.322244786666322e-21
255.3213315331533 2.3214991177673293e-21
255.42022644264426 2.320753915403369e-21
255.5191213521352 2.3200091791519765e-21
255.61801626162614 2.3192649085911715e-21
255.7169111711171 2.3185211032994588e-21
255.81580608060804 2.3177777628558225e-21
255.914700990099 2.3170348868397318e-21
256.01359589959 2.3162924748311344e-21
256.1124908090809 2.3155505264104625e-21
256.2113857185719 2.3148090411586247e-21
256.3102806280628 2.3140680186570117e-21
256.4091755375538 2.313327458487491e-21
256.5080704470447 2.31258736023241e-21
256.6069653565357 2.311847723474593e-21
256.7058602660266 2.3111085477973414e-21
256.8047551755175 2.3103698327844333e-21
256.9036500850085 2.3096315780201203e-21
257.00254499449943 2.308893783089133e-21
257.1014399039904 2.308156447576673e-21
257.20033481348133 2.3074195710684187e-21
257.2992297229723 2.3066831531505194e-21
257.39812463246324 2.305947193409598e-21
257.4970195419542 2.3052116914327476e-21
257.59591445144514 2.3044766468075367e-21
257.6948093609361 2.3037420591219995e-21
257.79370427042704 2.303007927964646e-21
257.89259917991797 2.302274252924451e-21
257.99149408940895 2.3015410335908592e-21
258.09038899889987 2.3008082695537857e-21
258.18928390839085 2.300075960403611e-21
258.28817881788177 2.299344105731184e-21
258.38707372737275 2.298612705127818e-21
258.4859686368637 2.2978817581852962e-21
258.58486354635465 2.2971512644958618e-21
258.6837584558456 2.2964212236522283e-21
258.78265336533656 2.2956916352475684e-21
258.8815482748275 2.294962498875519e-21
258.98044318431846 2.2942338141301827e-21
259.0793380938094 2.2935055806061225e-21
259.1782330033003 2.29277779789836e-21
259.2771279127913 2.292050465602384e-21
259.3760228222822 2.2913235833141385e-21
259.4749177317732 2.290597150630029e-21
259.5738126412641 2.2898711671469215e-21
259.6727075507551 2.289145632462136e-21
259.771602460246 2.2884205461734583e-21
259.870497369737 2.2876959078791225e-21
259.9693922792279 2.2869717171778278e-21
260.0682871887189 2.2862479736687217e-21
260.1671820982098 2.285524676951415e-21
260.26607700770074 2.2848018266259663e-21
260.3649719171917 2.2840794222928933e-21
260.46386682668265 2.2833574635531657e-21
260.5627617361736 2.2826359500082082e-21
260.66165664566455 2.2819148812598957e-21
260.76055155515553 2.2811942569105542e-21
260.85944646464645 2.2804740765629656e-21
260.95834137413743 2.279754339820358e-21
261.05723628362836 2.2790350462864125e-21
261.15613119311934 2.2783161955652574e-21
261.25502610261026 2.2775977872614738e-21
261.35392101210124 2.276879820980086e-21
261.45281592159216 2.2761622963265716e-21
261.5517108310831 2.2754452129068527e-21
261.65060574057406 2.2747285703272966e-21
261.749500650065 2.27401236819472e-21
261.84839555955597 2.273296606116382e-21
261.9472904690469 2.272581283699989e-21
262.04618537853787 2.2718664005536906e-21
262.1450802880288 2.2711519562860815e-21
262.2439751975198 2.2704379505061964e-21
262.3428701070107 2.2697243828235158e-21
262.4417650165017 2.2690112528479612e-21
262.5406599259926 2.2682985601898958e-21
262.6395548354835 2.2675863044601224e-21
262.7384497449745 2.2668744852698846e-21
262.8373446544654 2.266163102230868e-21
262.9362395639564 2.265452154955192e-21
263.03513447344733 2.2647416430554206e-21
263.1340293829383 2.2640315661445527e-21
263.23292429242923 2.263321923836024e-21
263.3318192019202 2.262612715743709e-21
263.43071411141113 2.2619039414819165e-21
263.5296090209021 2.2611956006653928e-21
263.62850393039304 2.260487692909318e-21
263.727398839884 2.2597802178293075e-21
263.82629374937494 2.2590731750414097e-21
263.92518865886586 2.2583665641621077e-21
264.02408356835684 2.257660384808317e-21
264.12297847784777 2.2569546365973852e-21
264.22187338733875 2.25624931914709e-21
264.32076829682967 2.2555444320756447e-21
264.41966320632065 2.2548399750016872e-21
264.5185581158116 2.2541359475442912e-21
264.61745302530255 2.253432349322956e-21
264.7163479347935 2.25272917995761e-21
264.81524284428446 2.252026439068612e-21
264.9141377537754 2.251324126276748e-21
265.0130326632663 2.2506222412032293e-21
265.1119275727573 2.249920783469696e-21
265.2108224822482 2.249219752698214e-21
265.3097173917392 2.2485191485112726e-21
265.4086123012301 2.247818970531789e-21
265.5075072107211 2.2471192183831044e-21
265.606402120212 2.2464198916889806e-21
265.705297029703 2.2457209900736066e-21
265.8041919391939 2.2450225131615932e-21
265.9030868486849 2.2443244605779708e-21
266.0019817581758 2.243626831948197e-21
266.10087666766674 2.2429296268981436e-21
266.1997715771577 2.2422328450541078e-21
266.29866648664864 2.241536486042804e-21
266.3975613961396 2.2408405494913698e-21
266.49645630563055 2.240145035027358e-21
266.5953512151215 2.239449942278741e-21
266.69424612461245 2.23875527087391e-21
266.7931410341034 2.2380610204416714e-21
266.89203594359435 2.237367190611251e-21
266.99093085308533 2.2366737810122866e-21
267.08982576257625 2.2359807912748363e-21
267.18872067206723 2.2352882210293715e-21
267.28761558155816 2.2345960699067774e-21
267.38651049104914 2.233904337538352e-21
267.48540540054006 2.233213023555811e-21
267.58430031003104 2.2325221275912786e-21
267.68319521952196 2.2318316492772953e-21
267.78209012901294 2.2311415882468094e-21
267.88098503850387 2.230451944133184e-21
267.9798799479948 2.229762716570191e-21
268.07877485748577 2.229073905192012e-21
268.1776697669767 2.228385509633241e-21
268.2765646764677 2.2276975295288777e-21
268.3754595859586 2.2270099645143323e-21
268.4743544954496 2.2263228142254256e-21
268.5732494049405 2.225636078298381e-21
268.6721443144315 2.2249497563698304e-21
268.7710392239224 2.2242638480768162e-21
268.8699341334134 2.2235783530567813e-21
268.9688290429043 2.222893270947577e-21
269.0677239523952 2.2222086013874585e-21
269.1666188618862 2.2215243440150862e-21
269.26551377137713 2.2208404984695237e-21
269.3644086808681 2.2201570643902384e-21
269.46330359035903 2.2194740414171006e-21
269.56219849985 2.218791429190381e-21
269.66109340934094 2.2181092273507555e-21
269.7599883188319 2.2174274355392974e-21
269.85888322832284 2.216746053397484e-21
269.9577781378138 2.2160650805671907e-21
270.05667304730474 2.215384516690694e-21
270.1555679567957 2.214704361410668e-21
270.25446286628664 2.2140246143701867e-21
270.35335777577757 2.213345275212721e-21
270.45225268526855 2.2126663435821396e-21
270.55114759475947 2.211987819122711e-21
270.65004250425045 2.2113097014790953e-21
270.7489374137414 2.210631990296353e-21
270.84783232323235 2.2099546852199377e-21
270.9467272327233 2.209277785895699e-21
271.04562214221426 2.20860129196988e-21
271.1445170517052 2.20792520308912e-21
271.24341196119616 2.2072495189004485e-21
271.3423068706871 2.2065742390512896e-21
271.441201780178 2.2058993631894618e-21
271.540096689669 2.2052248909631718e-21
271.6389915991599 2.2045508220210195e-21
271.7378865086509 2.2038771560119965e-21
271.8367814181418 2.203203892585484e-21
271.9356763276328 2.202531031391252e-21
272.0345712371237 2.201858572079462e-21
272.1334661466147 2.2011865143006616e-21
272.2323610561056 2.200514857705792e-21
272.3312559655966 2.199843601946175e-21
272.4301508750875 2.1991727466735253e-21
272.5290457845785 2.198502291539942e-21
272.6279406940694 2.1978322361979117e-21
272.72683560356035 2.1971625803003056e-21
272.8257305130513 2.1964933235003815e-21
272.92462542254225 2.1958244654517805e-21
273.02352033203323 2.1951560058085308e-21
273.12241524152415 2.194487944225041e-21
273.22131015101513 2.1938202803561052e-21
273.32020506050605 2.1931530138568996e-21
273.41909996999703 2.1924861443829836e-21
273.51799487948796 2.1918196715902978e-21
273.61688978897894 2.191153595135163e-21
273.71578469846986 2.190487914674283e-21
273.8146796079608 2.1898226298647404e-21
273.91357451745176 2.1891577403639993e-21
274.0124694269427 2.1884932458299006e-21
274.11136433643367 2.1878291459206663e-21
274.2102592459246 2.1871654402948966e-21
274.30915415541557 2.1865021286115685e-21
274.4080490649065 2.1858392105300375e-21
274.5069439743975 2.185176685710034e-21
274.6058388838884 2.1845145538116682e-21
274.7047337933794 2.1838528144954224e-21
274.8036287028703 2.1831914674221587e-21
274.9025236123613 2.1825305122531095e-21
275.0014185218522 2.1818699486498847e-21
275.1003134313431 2.181209776274468e-21
275.1992083408341 2.1805499947892154e-21
275.298103250325 2.1798906038568566e-21
275.396998159816 2.179231603140493e-21
275.49589306930693 2.1785729923036006e-21
275.5947879787979 2.177914771010023e-21
275.69368288828883 2.1772569389239793e-21
275.7925777977798 2.1765994957100558e-21
275.89147270727074 2.17594244103321e-21
275.9903676167617 2.1752857745587687e-21
276.08926252625264 2.174629495952429e-21
276.18815743574356 2.1739736048802565e-21
276.28705234523454 2.1733181010086833e-21
276.38594725472547 2.172662984004511e-21
276.48484216421645 2.172008253534908e-21
276.58373707370737 2.17135390926741e-21
276.68263198319835 2.170699950869916e-21
276.78152689268927 2.1700463780106957e-21
276.88042180218025 2.16939319035838e-21
276.9793167116712 2.1687403875819676e-21
277.07821162116215 2.1680879693508188e-21
277.1771065306531 2.167435935334661e-21
277.276001440144 2.1667842852035825e-21
277.374896349635 2.166133018628036e-21
277.4737912591259 2.1654821352788347e-21
277.5726861686169 2.164831634827158e-21
277.6715810781078 2.1641815169445427e-21
277.7704759875988 2.163531781302888e-21
277.8693708970897 2.1628824275744548e-21
277.9682658065807 2.1622334554318626e-21
278.0671607160716 2.1615848645480926e-21
278.1660556255626 2.1609366545964833e-21
278.2649505350535 2.1602888252507332e-21
278.3638454445445 2.159641376184898e-21
278.4627403540354 2.1589943070733935e-21
278.56163526352634 2.1583476175909902e-21
278.6605301730173 2.1577013074128163e-21
278.75942508250824 2.157055376214357e-21
278.8583199919992 2.1564098236714543e-21
278.95721490149015 2.1557646494603058e-21
279.0561098109811 2.155119853257461e-21
279.15500472047205 2.154475434739827e-21
279.25389962996303 2.1538313935846646e-21
279.35279453945395 2.1531877294695883e-21
279.45168944894493 2.1525444420725646e-21
279.55058435843586 2.151901531071915e-21
279.6494792679268 2.1512589961463125e-21
279.74837417741776 2.15061683697478e-21
279.8472690869087 2.149975053236695e-21
279.94616399639966 2.1493336446117834e-21
280.0450589058906 2.1486926107801243e-21
280.14395381538156 2.1480519514221437e-21
280.2428487248725 2.1474116662186204e-21
280.34174363436347 2.1467717548506788e-21
280.4406385438544 2.146132216999796e-21
280.53953345334537 2.1454930523477945e-21
280.6384283628363 2.144854260576846e-21
280.7373232723273 2.144215841369468e-21
280.8362181818182 2.1435777944085275e-21
280.9351130913091 2.142940119377236e-21
281.0340080008001 2.142302815959152e-21
281.132902910291 2.1416658838381785e-21
281.231797819782 2.1410293226985643e-21
281.3306927292729 2.140393132224904e-21
281.4295876387639 2.1397573121021338e-21
281.52848254825483 2.1391218620155365e-21
281.6273774577458 2.1384867816507365e-21
281.72627236723673 2.1378520706937025e-21
281.8251672767277 2.1372177288307435e-21
281.92406218621863 2.136583755748513e-21
282.02295709570956 2.1359501511340045e-21
282.12185200520054 2.135316914674554e-21
282.22074691469146 2.1346840460578365e-21
282.31964182418244 2.1340515449718685e-21
282.41853673367336 2.133419411105006e-21
282.51743164316434 2.1327876441459436e-21
282.61632655265527 2.1321562437837173e-21
282.71522146214625 2.1315252097076992e-21
282.81411637163717 2.1308945416076017e-21
282.91301128112815 2.13026423917347e-21
283.0119061906191 2.1296343020956945e-21
283.11080110011005 2.129004730064995e-21
283.209696009601 2.1283755227724314e-21
283.3085909190919 2.1277466799093987e-21
283.4074858285829 2.1271182011676267e-21
283.5063807380738 2.126490086239183e-21
283.6052756475648 2.1258623348164665e-21
283.7041705570557 2.125234946592211e-21
283.8030654665467 2.124607921259486e-21
283.9019603760376 2.123981258511693e-21
284.0008552855286 2.1233549580425655e-21
284.0997501950195 2.122729019546172e-21
284.1986451045105 2.122103442716909e-21
284.2975400140014 2.12147822724951e-21
284.39643492349234 2.1208533728390354e-21
284.4953298329833 2.120228879180878e-21
284.59422474247424 2.1196047459707607e-21
284.6931196519652 2.1189809729047372e-21
284.79201456145614 2.1183575596791892e-21
284.8909094709471 2.1177345059908293e-21
284.98980438043804 2.117111811536697e-21
285.088699289929 2.1164894760141614e-21
285.18759419941995 2.1158674991209176e-21
285.2864891089109 2.1152458805549904e-21
285.38538401840185 2.1146246200147297e-21
285.48427892789283 2.1140037171988135e-21
285.58317383738375 2.113383171806246e-21
285.6820687468747 2.1127629835363547e-21
285.78096365636566 2.112143152088795e-21
285.8798585658566 2.1115236771635464e-21
285.97875347534756 2.110904558460911e-21
286.0776483848385 2.1102857956815198e-21
286.17654329432946 2.1096673885263213e-21
286.2754382038204 2.1090493366965922e-21
286.37433311331137 2.10843163989393e-21
286.4732280228023 2.1078142978202533e-21
286.57212293229327 2.1071973101778054e-21
286.6710178417842 2.10658067666915e-21
286.7699127512751 2.105964396997171e-21
286.8688076607661 2.105348470865074e-21
286.967702570257 2.1047328979763857e-21
287.066597479748 2.1041176780349508e-21
287.1654923892389 2.1035028107449353e-21
287.2643872987299 2.1028882958108222e-21
287.3632822082208 2.102274132937417e-21
287.4621771177118 2.1016603218298392e-21
287.5610720272027 2.1010468621935287e-21
287.6599669366937 2.100433753734243e-21
287.75886184618463 2.0998209961580558e-21
287.8577567556756 2.099208589171356e-21
287.95665166516653 2.0985965324808524e-21
288.05554657465746 2.097984825793567e-21
288.15444148414844 2.0973734688168378e-21
288.25333639363936 2.096762461258318e-21
288.35223130313034 2.0961518028259762e-21
288.45112621262126 2.0955414932280934e-21
288.55002112211224 2.0949315321732653e-21
288.64891603160316 2.094321919370403e-21
288.74781094109414 2.0937126545287287e-21
288.84670585058507 2.093103737357776e-21
288.94560076007605 2.092495167567393e-21
289.04449566956697 2.0918869448677397e-21
289.1433905790579 2.0912790689692865e-21
289.2422854885489 2.0906715395828138e-21
289.3411803980398 2.0900643564194153e-21
289.4400753075308 2.089457519190494e-21
289.5389702170217 2.088851027607762e-21
289.6378651265127 2.0882448813832408e-21
289.7367600360036 2.0876390802292615e-21
289.8356549454946 2.087033623858465e-21
289.9345498549855 2.086428511983797e-21
290.0334447644765 2.0858237443185165e-21
290.1323396739674 2.085219320576185e-21
290.23123458345833 2.0846152404706744e-21
290.3301294929493 2.084011503716159e-21
290.42902440244023 2.0834081100271274e-21
290.5279193119312 2.082805059118365e-21
290.62681422142214 2.082202350704968e-21
290.7257091309131 2.081599984502338e-21
290.82460404040404 2.080997960226178e-21
290.923498949895 2.0803962775924987e-21
291.02239385938594 2.0797949363176138e-21
291.1212887688769 2.079193936118139e-21
291.22018367836785 2.078593276710996e-21
291.3190785878588 2.0779929578134083e-21
291.41797349734975 2.0773929791428992e-21
291.5168684068407 2.0767933404172976e-21
291.61576331633165 2.0761940413547334e-21
291.7146582258226 2.0755950816736353e-21
291.81355313531355 2.0749964610927374e-21
291.9124480448045 2.0743981793310706e-21
292.01134295429546 2.0738002361079668e-21
292.1102378637864 2.0732026311430575e-21
292.20913277327736 2.0726053641562753e-21
292.3080276827683 2.0720084348678495e-21
292.40692259225926 2.071411842998309e-21
292.5058175017502 2.070815588268483e-21
292.6047124112411 2.0702196703994947e-21
292.7036073207321 2.069624089112767e-21
292.802502230223 2.0690288441300196e-21
292.901397139714 2.0684339351732698e-21
293.0002920492049 2.06783936196483e-21
293.0991869586959 2.0672451242273076e-21
293.1980818681868 2.066651221683609e-21
293.2969767776778 2.066057654056933e-21
293.3958716871687 2.0654644210707733e-21
293.4947665966597 2.0648715224489205e-21
293.5936615061506 2.064278957915456e-21
293.6925564156416 2.0636867271947583e-21
293.7914513251325 2.063094830011497e-21
293.89034623462345 2.062503266090635e-21
293.98924114411443 2.0619120351574265e-21
294.08813605360535 2.061321136937423e-21
294.18703096309633 2.0607305711564613e-21
294.28592587258726 2.0601403375406746e-21
294.38482078207824 2.0595504358164843e-21
294.48371569156916 2.0589608657106044e-21
294.58261060106014 2.0583716269500387e-21
294.68150551055106 2.0577827192620813e-21
294.78040042004204 2.057194142374314e-21
294.87929532953297 2.0566058960146114e-21
294.9781902390239 2.0560179799111347e-21
295.07708514851487 2.055430393792334e-21
295.1759800580058 2.0548431373869477e-21
295.27487496749677 2.0542562104240004e-21
295.3737698769877 2.053669612632808e-21
295.4726647864787 2.053083343742971e-21
295.5715596959696 2.0524974034843776e-21
295.6704546054606 2.0519117915871997e-21
295.7693495149515 2.051326507781899e-21
295.8682444244425 2.0507415517992197e-21
295.9671393339334 2.0501569233701953e-21
296.0660342434244 2.0495726222261396e-21
296.1649291529153 2.0489886480986535e-21
296.26382406240623 2.048405000719621e-21
296.3627189718972 2.0478216798212125e-21
296.46161388138813 2.0472386851358783e-21
296.5605087908791 2.0466560163963536e-21
296.65940370037004 2.0460736733356577e-21
296.758298609861 2.0454916556870905e-21
296.85719351935194 2.0449099631842337e-21
296.9560884288429 2.0443285955609527e-21
297.05498333833384 2.0437475525513914e-21
297.1538782478248 2.0431668338899787e-21
297.25277315731574 2.0425864393114185e-21
297.35166806680667 2.0420063685507017e-21
297.45056297629765 2.041426621343094e-21
297.54945788578857 2.040847197424142e-21
297.64835279527955 2.0402680965296726e-21
297.7472477047705 2.039689318395791e-21
297.84614261426145 2.039110862758881e-21
297.9450375237524 2.0385327293556037e-21
298.04393243324336 2.0379549179228988e-21
298.1428273427343 2.0373774281979854e-21
298.24172225222526 2.036800259918355e-21
298.3406171617162 2.0362234128217796e-21
298.43951207120716 2.035646886646308e-21
298.5384069806981 2.0350706811302614e-21
298.637301890189 2.0344947960122415e-21
298.73619679968 2.0339192310311212e-21
298.8350917091709 2.0333439859260514e-21
298.9339866186619 2.0327690604364557e-21
299.0328815281528 2.0321944543020333e-21
299.1317764376438 2.0316201672627577e-21
299.2306713471347 2.0310461990588733e-21
299.3295662566257 2.0304725494309017e-21
299.4284611661166 2.0298992181196356e-21
299.5273560756076 2.0293262048661386e-21
299.6262509850985 2.02875350941175e-21
299.72514589458945 2.0281811314980794e-21
299.8240408040804 2.027609070867007e-21
299.92293571357135 2.0270373272606858e-21
300.0218306230623 2.026465900421539e-21
300.12072553255325 2.0258947900922603e-21
300.21962044204423 2.0253239960158145e-21
300.31851535153515 2.0247535179354354e-21
300.41741026102613 2.0241833555946265e-21
300.51630517051706 2.0236135087371615e-21
300.61520008000804 2.0230439771070802e-21
300.71409498949896 2.022474760448694e-21
300.81298989898994 2.0219058585065822e-21
300.91188480848086 2.0213372710255894e-21
301.0107797179718 2.0207689977508316e-21
301.10967462746277 2.0202010384276884e-21
301.2085695369537 2.019633392801808e-21
301.30746444644467 2.019066060619104e-21
301.4063593559356 2.01849904162576e-21
301.5052542654266 2.0179323355682193e-21
301.6041491749175 2.0173659421931953e-21
301.7030440844085 2.0167998612476652e-21
301.8019389938994 2.016234092478872e-21
301.9008339033904 2.0156686356343207e-21
301.9997288128813 2.0151034904617836e-21
302.0986237223722 2.0145386567092947e-21
302.1975186318632 2.0139741341251534e-21
302.2964135413541 2.0134099224579186e-21
302.3953084508451 2.012846021456417e-21
302.49420336033603 2.0122824308697347e-21
302.593098269827 2.0117191504472205e-21
302.69199317931793 2.0111561799384865e-21
302.7908880888089 2.0105935190934033e-21
302.88978299829984 2.010031167662107e-21
302.9886779077908 2.0094691253949905e-21
303.08757281728174 2.008907392042711e-21
303.18646772677266 2.0083459673561825e-21
303.28536263626364 2.007784851086581e-21
303.38425754575456 2.0072240429853424e-21
303.48315245524554 2.0066635428041586e-21
303.58204736473647 2.0061033502949854e-21
303.68094227422745 2.0055434652100343e-21
303.77983718371837 2.004983887301775e-21
303.87873209320935 2.0044246163229362e-21
303.9776270027003 2.003865652026504e-21
304.07652191219125 2.003306994165721e-21
304.1754168216822 2.0027486424940883e-21
304.27431173117316 2.0021905967653614e-21
304.3732066406641 2.001632856733557e-21
304.472101550155 2.0010754221529412e-21
304.570996459646 2.0005182927780406e-21
304.6698913691369 1.999961468363637e-21
304.7687862786279 1.999404948664763e-21
304.8676811881188 1.9988487334367122e-21
304.9665760976098 1.9982928224350283e-21
305.0654710071007 1.9977372154155107e-21
305.1643659165917 1.9971819121342104e-21
305.2632608260826 1.996626912347438e-21
305.3621557355736 1.9960722158117504e-21
305.4610506450645 1.995517822283961e-21
305.55994555455544 1.994963731521134e-21
305.6588404640464 1.9944099432805874e-21
305.75773537353734 1.993856457319891e-21
305.8566302830283 1.9933032733968664e-21
305.95552519251925 1.992750391269585e-21
306.0544201020102 1.9921978106963688e-21
306.15331501150115 1.9916455314357943e-21
306.25220992099213 1.991093553246684e-21
306.35110483048305 1.990541875888114e-21
306.44999973997403 1.989990499119406e-21
306.54889464946496 1.989439422700136e-21
306.64778955895594 1.9888886463901268e-21
306.74668446844686 1.9883381699494486e-21
306.8455793779378 1.987787993138423e-21
306.94447428742876 1.9872381157176164e-21
307.0433691969197 1.9866885374478467e-21
307.14226410641066 1.9861392580901764e-21
307.2411590159016 1.9855902774059184e-21
307.34005392539257 1.9850415951566287e-21
307.4389488348835 1.9844932111041137e-21
307.53784374437447 1.9839451250104234e-21
307.6367386538654 1.9833973366378557e-21
307.7356335633564 1.982849845748953e-21
307.8345284728473 1.982302652106505e-21
307.9334233823382 1.981755755473544e-21
308.0323182918292 1.9812091556133464e-21
308.1312132013201 1.98066285228944e-21
308.2301081108111 1.980116845265586e-21
308.329003020302 1.979571134305801e-21
308.427897929793 1.979025719174336e-21
308.5267928392839 1.9784805996356894e-21
308.6256877487749 1.977935775454604e-21
308.72458265826583 1.977391246396061e-21
308.8234775677568 1.9768470122252894e-21
308.92237247724773 1.9763030727077546e-21
309.0212673867387 1.975759427609168e-21
309.12016229622964 1.9752160766954822e-21
309.21905720572056 1.9746730197328877e-21
309.31795211521154 1.9741302564878193e-21
309.41684702470246 1.9735877867269525e-21
309.51574193419344 1.9730456102172003e-21
309.61463684368437 1.9725037267257176e-21
309.71353175317535 1.9719621360198997e-21
309.81242666266627 1.97142083786738e-21
309.91132157215725 1.970879832036031e-21
310.0102164816482 1.9703391182939643e-21
310.10911139113915 1.969798696409532e-21
310.2080063006301 1.969258566151321e-21
310.306901210121 1.9687187272881587e-21
310.405796119612 1.9681791795891084e-21
310.5046910291029 1.9676399228234733e-21
310.6035859385939 1.9671009567607905e-21
310.7024808480848 1.9665622811708363e-21
310.8013757575758 1.9660238958236218e-21
310.9002706670667 1.965485800489396e-21
310.9991655765577 1.964947994938642e-21
311.0980604860486 1.9644104789420814e-21
311.1969553955396 1.9638732522706672e-21
311.2958503050305 1.96333631469559e-21
311.3947452145215 1.962799665988275e-21
311.4936401240124 1.9622633059203797e-21
311.59253503350334 1.9617272342638e-21
311.6914299429943 1.9611914507906615e-21
311.79032485248524 1.9606559552733254e-21
311.8892197619762 1.9601207474843848e-21
311.98811467146714 1.959585827196669e-21
312.0870095809581 1.9590511941832365e-21
312.18590449044905 1.958516848217379e-21
312.28479939994 1.9579827890726212e-21
312.38369430943095 1.957449016522721e-21
312.48258921892193 1.956915530341664e-21
312.58148412841285 1.9563823303036715e-21
312.6803790379038 1.955849416183192e-21
312.77927394739476 1.9553167877549068e-21
312.8781688568857 1.954784444793728e-21
312.97706376637666 1.9542523870747955e-21
313.0759586758676 1.9537206143734813e-21
313.17485358535856 1.9531891264653874e-21
313.2737484948495 1.9526579231263432e-21
313.37264340434047 1.9521270041324073e-21
313.4715383138314 1.951596369259869e-21
313.57043322332237 1.9510660182852437e-21
313.6693281328133 1.950535950985277e-21
313.76822304230427 1.9500061671369408e-21
313.8671179517952 1.949476666517435e-21
313.9660128612861 1.9489474489041876e-21
314.0649077707771 1.948418514074853e-21
314.163802680268 1.947889861807313e-21
314.262697589759 1.947361491879674e-21
314.3615924992499 1.946833404070272e-21
314.4604874087409 1.946305598157666e-21
314.5593823182318 1.9457780739206425e-21
314.6582772277228 1.94525083113821e-21
314.75717213721373 1.944723869589607e-21
314.8560670467047 1.944197189054295e-21
314.95496195619563 1.9436707893119573e-21
315.05385686568656 1.9431446701425062e-21
315.15275177517753 1.9426188313260737e-21
315.25164668466846 1.9420932726430187e-21
315.35054159415944 1.941567993873922e-21
315.44943650365036 1.9410429947995867e-21
315.54833141314134 1.9405182752010413e-21
315.64722632263226 1.939993834859536e-21
315.74612123212324 1.939469673556541e-21
315.84501614161417 1.9389457910737527e-21
315.94391105110515 1.9384221871930862e-21
316.04280596059607 1.9378988616966798e-21
316.141700870087 1.9373758143668912e-21
316.240595779578 1.936853044986301e-21
316.3394906890689 1.9363305533377116e-21
316.4383855985599 1.935808339204142e-21
316.5372805080508 1.935286402368834e-21
316.6361754175418 1.9347647426152486e-21
316.7350703270327 1.9342433597270683e-21
316.8339652365237 1.9337222534881924e-21
316.9328601460146 1.93320142368274e-21
317.0317550555056 1.9326808700950503e-21
317.1306499649965 1.9321605925096804e-21
317.2295448744875 1.9316405907114044e-21
317.3284397839784 1.9311208644852165e-21
317.42733469346933 1.9306014136163272e-21
317.5262296029603 1.9300822378901656e-21
317.62512451245124 1.929563337092378e-21
317.7240194219422 1.9290447110088267e-21
317.82291433143314 1.9285263594255913e-21
317.9218092409241 1.928008282128968e-21
318.02070415041504 1.9274904789054692e-21
318.119599059906 1.926972949541822e-21
318.21849396939695 1.9264556938249727e-21
318.3173888788879 1.9259387115420787e-21
318.41628378837885 1.9254220024805148e-21
318.51517869786977 1.9249055664278693e-21
318.61407360736075 1.924389403171948e-21
318.7129685168517 1.923873512500768e-21
318.81186342634265 1.9233578942025618e-21
318.9107583358336 1.922842548065777e-21
319.00965324532456 1.9223274738790708e-21
319.1085481548155 1.921812671431319e-21
319.20744306430646 1.9212981405116055e-21
319.3063379737974 1.9207838809092316e-21
319.40523288328836 1.9202698924137064e-21
319.5041277927793 1.9197561748147555e-21
319.60302270227027 1.9192427279023133e-21
319.7019176117612 1.9187295514665287e-21
319.8008125212521 1.9182166452977597e-21
319.8997074307431 1.9177040091865773e-21
319.998602340234 1.917191642923763e-21
320.097497249725 1.9166795463003074e-21
320.1963921592159 1.916167719107414e-21
320.2952870687069 1.915656161136497e-21
320.3941819781978 1.9151448721791767e-21
320.4930768876888 1.914633852027286e-21
320.5919717971797 1.9141231004728684e-21
320.6908667066707 1.9136126173081734e-21
320.7897616161616 1.9131024023256616e-21
320.88865652565255 1.9125924553180012e-21
320.98755143514353 1.91208277607807e-21
321.08644634463445 1.9115733643989527e-21
321.18534125412543 1.9110642200739425e-21
321.28423616361636 1.910555342896542e-21
321.38313107310734 1.9100467326604575e-21
321.48202598259826 1.9095383891596065e-21
321.58092089208924 1.9090303121881095e-21
321.67981580158016 1.9085225015402962e-21
321.77871071107114 1.9080149570107036e-21
321.87760562056206 1.9075076783940722e-21
321.97650053005304 1.9070006654853496e-21
322.07539543954397 1.9064939180796897e-21
322.1742903490349 1.9059874359724516e-21
322.27318525852587 1.9054812189591982e-21
322.3720801680168 1.9049752668356986e-21
322.4709750775078 1.9044695793979276e-21
322.5698699869987 1.903964156442061e-21
322.6687648964897 1.9034589977644835e-21
322.7676598059806 1.90295410316178e-21
322.8665547154716 1.9024494724307403e-21
322.9654496249625 1.9019451053683575e-21
323.0643445344535 1.901441001771828e-21
323.1632394439444 1.9009371614385523e-21
323.26213435343533 1.900433584166132e-21
323.3610292629263 1.8999302697523705e-21
323.45992417241723 1.899427217995276e-21
323.5588190819082 1.8989244286930562e-21
323.65771399139913 1.8984219016441224e-21
323.7566089008901 1.897919636647087e-21
323.85550381038104 1.8974176335007613e-21
323.954398719872 1.896915892004162e-21
324.05329362936294 1.8964144119565017e-21
324.1521885388539 1.895913193157199e-21
324.25108344834484 1.8954122354058657e-21
324.3499783578358 1.89491153850232e-21
324.44887326732675 1.894411102246578e-21
324.54776817681767 1.893910926438853e-21
324.64666308630865 1.8934110108795603e-21
324.7455579957996 1.892911355369314e-21
324.84445290529055 1.892411959708925e-21
324.9433478147815 1.891912823699406e-21
325.04224272427246 1.891413947141964e-21
325.1411376337634 1.8909153298380084e-21
325.24003254325436 1.8904169715891428e-21
325.3389274527453 1.8899188721971716e-21
325.43782236223626 1.8894210314640935e-21
325.5367172717272 1.8889234491921068e-21
325.6356121812181 1.888426125183606e-21
325.7345070907091 1.8879290592411812e-21
325.8334020002 1.887432251167621e-21
325.932296909691 1.886935700765908e-21
326.0311918191819 1.886439407839222e-21
326.1300867286729 1.8859433721909375e-21
326.2289816381638 1.885447593624628e-21
326.3278765476548 1.884952071944057e-21
326.4267714571457 1.884456806953186e-21
326.5256663666367 1.8839617984561715e-21
326.6245612761276 1.883467046257364e-21
326.7234561856186 1.8829725501613077e-21
326.8223510951095 1.8824783099727424e-21
326.92124600460045 1.8819843254965997e-21
327.0201409140914 1.8814905965380064e-21
327.11903582358235 1.880997122902283e-21
327.21793073307333 1.880503904394941e-21
327.31682564256425 1.8800109408216877e-21
327.41572055205523 1.8795182319884196e-21
327.51461546154616 1.87902577770123e-21
327.61351037103714 1.8785335777664005e-21
327.71240528052806 1.878041631990408e-21
327.81130019001904 1.8775499401799164e-21
327.91019509950996 1.8770585021417887e-21
328.0090900090009 1.8765673176830714e-21
328.10798491849187 1.8760763866110056e-21
328.2068798279828 1.8755857087330244e-21
328.30577473747377 1.8750952838567487e-21
328.4046696469647 1.8746051117899933e-21
328.5035645564557 1.8741151923407596e-21
328.6024594659466 1.8736255253172403e-21
328.7013543754376 1.8731361105278197e-21
328.8002492849285 1.8726469477810695e-21
328.8991441944195 1.8721580368857492e-21
328.9980391039104 1.871669377650811e-21
329.0969340134013 1.871180969885394e-21
329.1958289228923 1.870692813398825e-21
329.2947238323832 1.8702049080006214e-21
329.3936187418742 1.869717253500486e-21
329.49251365136513 1.8692298497083127e-21
329.5914085608561 1.868742696434179e-21
329.69030347034703 1.8682557934883548e-21
329.789198379838 1.867769140681293e-21
329.88809328932894 1.867282737823636e-21
329.9869881988199 1.866796584726211e-21
330.08588310831084 1.8663106812000338e-21
330.1847780178018 1.8658250270563063e-21
330.28367292729274 1.865339622106414e-21
330.38256783678366 1.864854466161932e-21
330.48146274627464 1.864369559034617e-21
330.58035765576557 1.8638849005364156e-21
330.67925256525655 1.8634004904794556e-21
330.77814747474747 1.8629163286760526e-21
330.87704238423845 1.862432414938706e-21
330.9759372937294 1.8619487490800992e-21
331.07483220322035 1.8614653309131007e-21
331.1737271127113 1.860982160250762e-21
331.27262202220226 1.8604992369063203e-21
331.3715169316932 1.8600165606931958e-21
331.4704118411841 1.8595341314249924e-21
331.5693067506751 1.8590519489154956e-21
331.668201660166 1.8585700129786756e-21
331.767096569657 1.858088323428684e-21
331.8659914791479 1.8576068800798575e-21
331.9648863886389 1.8571256827467124e-21
332.0637812981298 1.8566447312439485e-21
332.1626762076208 1.8561640253864484e-21
332.2615711171117 1.855683564989274e-21
332.3604660266027 1.855203349867672e-21
332.4593609360936 1.854723379837066e-21
332.5582558455846 1.8542436547130658e-21
332.6571507550755 1.853764174311457e-21
332.75604566456644 1.8532849384482097e-21
332.8549405740574 1.852805946939473e-21
332.95383548354835 1.8523271996015755e-21
333.0527303930393 1.851848696251028e-21
333.15162530253025 1.851370436704518e-21
333.25052021202123 1.850892420778915e-21
333.34941512151215 1.8504146482912675e-21
333.44831003100313 1.849937119058801e-21
333.54720494049405 1.849459832898924e-21
333.64609984998503 1.8489827896292205e-21
333.74499475947596 1.8485059890674525e-21
333.8438896689669 1.848029431031564e-21
333.94278457845786 1.847553115339672e-21
334.0416794879488 1.8470770418100774e-21
334.14057439743976 1.8466012102612527e-21
334.2394693069307 1.846125620511852e-21
334.33836421642167 1.845650272380705e-21
334.4372591259126 1.8451751656868194e-21
334.53615403540357 1.8447003002493774e-21
334.6350489448945 1.844225675887742e-21
334.7339438543855 1.8437512924214482e-21
334.8328387638764 1.8432771496702095e-21
334.9317336733674 1.8428032474539148e-21
335.0306285828583 1.8423295855926295e-21
335.1295234923492 1.841856163906593e-21
335.2284184018402 1.8413829822162223e-21
335.3273133113311 1.840910040342108e-21
335.4262082208221 1.8404373381050156e-21
335.525103130313 1.8399648753258863e-21
335.623998039804 1.8394926518258337e-21
335.72289294929493 1.8390206674261487e-21
335.8217878587859 1.8385489219482947e-21
335.92068276827683 1.8380774152139095e-21
336.0195776777678 1.8376061470448035e-21
336.11847258725874 1.8371351172629625e-21
336.21736749674966 1.8366643256905445e-21
336.31626240624064 1.836193772149878e-21
336.41515731573156 1.8357234564634708e-21
336.51405222522254 1.8352533784539965e-21
336.61294713471347 1.8347835379443067e-21
336.71184204420445 1.83431393475742e-21
336.81073695369537 1.8338445687165333e-21
336.90963186318635 1.83337543964501e-21
337.00852677267727 1.832906547366387e-21
337.10742168216825 1.832437891704373e-21
337.2063165916592 1.8319694724828494e-21
337.30521150115015 1.8315012895258646e-21
337.4041064106411 1.8310333426576416e-21
337.503001320132 1.8305656317025726e-21
337.601896229623 1.83009815648522e-21
337.7007911391139 1.8296309168303182e-21
337.7996860486049 1.8291639125627693e-21
337.8985809580958 1.8286971435076464e-21
337.9974758675868 1.828230609490191e-21
338.0963707770777 1.8277643103358174e-21
338.1952656865687 1.8272982458701057e-21
338.2941605960596 1.826832415918807e-21
338.3930555055506 1.8263668203078387e-21
338.4919504150415 1.8259014588632908e-21
338.59084532453244 1.825436331411419e-21
338.6897402340234 1.8249714377786476e-21
338.78863514351434 1.82450677779157e-21
338.8875300530053 1.8240423512769457e-21
338.98642496249624 1.823578158061704e-21
339.0853198719872 1.8231141979729397e-21
339.18421478147815 1.822650470837916e-21
339.2831096909691 1.8221869764840632e-21
339.38200460046005 1.8217237147389783e-21
339.48089950995103 1.8212606854304247e-21
339.57979441944195 1.820797888386333e-21
339.67868932893293 1.8203353234347983e-21
339.77758423842386 1.8198729904040844e-21
339.8764791479148 1.81941088912262e-21
339.97537405740576 1.8189490194189974e-21
340.0742689668967 1.8184873811219778e-21
340.17316387638766 1.8180259740604854e-21
340.2720587858786 1.8175647980636106e-21
340.37095369536956 1.8171038529606073e-21
340.4698486048605 1.816643138580897e-21
340.56874351435147 1.816182654754063e-21
340.6676384238424 1.8157224013098537e-21
340.76653333333337 1.8152623780781823e-21
340.8654282428243 1.814802584889126e-21
340.9643231523152 1.814343021572925e-21
341.0632180618062 1.813883687959982e-21
341.1621129712971 1.8134245838808667e-21
341.2610078807881 1.8129657091663074e-21
341.359902790279 1.8125070636472003e-21
341.45879769977 1.8120486471546006e-21
341.5576926092609 1.8115904595197274e-21
341.6565875187519 1.8111325005739627e-21
341.75548242824283 1.8106747701488507e-21
341.8543773377338 1.810217268076096e-21
341.95327224722473 1.809759994187568e-21
342.05216715671565 1.8093029483152944e-21
342.15106206620663 1.8088461302914666e-21
342.24995697569756 1.8083895399484378e-21
342.34885188518854 1.8079331771187207e-21
342.44774679467946 1.807477041634989e-21
342.54664170417044 1.8070211333300793e-21
342.64553661366136 1.806565452036984e-21
342.74443152315234 1.806109997588863e-21
342.84332643264327 1.8056547698190297e-21
342.94222134213425 1.8051997685609605e-21
343.04111625162517 1.8047449936482924e-21
343.14001116111615 1.8042904449148194e-21
343.2389060706071 1.8038361221944975e-21
343.337800980098 1.8033820253214403e-21
343.436695889589 1.802928154129921e-21
343.5355907990799 1.8024745084543714e-21
343.6344857085709 1.8020210881293826e-21
343.7333806180618 1.8015678929897043e-21
343.8322755275528 1.801114922870243e-21
343.9311704370437 1.8006621776060654e-21
344.0300653465347 1.8002096570323937e-21
344.1289602560256 1.7997573609846108e-21
344.2278551655166 1.7993052892982552e-21
344.3267500750075 1.7988534418090227e-21
344.42564498449843 1.798401818352768e-21
344.5245398939894 1.7979504187655e-21
344.62343480348034 1.797499242883387e-21
344.7223297129713 1.797048290542754e-21
344.82122462246224 1.79659756158008e-21
344.9201195319532 1.7961470558320017e-21
345.01901444144414 1.7956967731353142e-21
345.1179093509351 1.7952467133269645e-21
345.21680426042604 1.7947968762440584e-21
345.315699169917 1.7943472617238552e-21
345.41459407940795 1.793897869603771e-21
345.5134889888989 1.7934486997213764e-21
345.61238389838985 1.792999751914398e-21
345.7112788078808 1.7925510260207164e-21
345.81017371737175 1.792102521878365e-21
345.9090686268627 1.791654239325537e-21
346.00796353635366 1.7912061782005734e-21
346.1068584458446 1.7907583383419745e-21
346.20575335533556 1.7903107195883918e-21
346.3046482648265 1.7898633217786313e-21
346.40354317431746 1.789416144751653e-21
346.5024380838084 1.78896918834657e-21
346.60133299329937 1.7885224524026477e-21
346.7002279027903 1.7880759367593073e-21
346.7991228122812 1.7876296412561192e-21
346.8980177217722 1.787183565732809e-21
346.9969126312631 1.7867377100292544e-21
347.0958075407541 1.786292073985485e-21
347.194702450245 1.7858466574416834e-21
347.293597359736 1.785401460238182e-21
347.3924922692269 1.784956482215468e-21
347.4913871787179 1.7845117232141792e-21
347.5902820882088 1.784067183075103e-21
347.6891769976998 1.78362286163918e-21
347.7880719071907 1.7831787587475038e-21
347.8869668166817 1.7827348742413137e-21
347.98586172617263 1.782291207962004e-21
348.08475663566355 1.78184775975112e-21
348.18365154515453 1.7814045294503527e-21
348.28254645464546 1.7809615169015486e-21
348.38144136413644 1.7805187219467015e-21
348.48033627362736 1.7800761444279557e-21
348.57923118311834 1.7796337841876052e-21
348.67812609260926 1.7791916410680944e-21
348.77702100210024 1.778749714912015e-21
348.87591591159116 1.77830800556211e-21
348.97481082108214 1.7778665128612717e-21
349.07370573057307 1.777425236652538e-21
349.172600640064 1.7769841767790994e-21
349.27149554955497 1.776543333084292e-21
349.3703904590459 1.776102705411603e-21
349.4692853685369 1.775662293604665e-21
349.5681802780278 1.7752220975072606e-21
349.6670751875188 1.774782116963319e-21
349.7659700970097 1.7743423518169184e-21
349.8648650065007 1.7739028019122826e-21
349.9637599159916 1.773463467093785e-21
350.0626548254826 1.773024347205944e-21
350.1615497349735 1.7725854420934262e-21
350.2604446444645 1.772146751601044e-21
350.3593395539554 1.7717082755737608e-21
350.45823446344633 1.7712700138566786e-21
350.5571293729373 1.7708319662950515e-21
350.65602428242823 1.770394132734279e-21
350.7549191919192 1.7699565130199052e-21
350.85381410141014 1.7695191069976222e-21
350.9527090109011 1.769081914513263e-21
351.05160392039204 1.7686449354128127e-21
351.150498829883 1.7682081695423954e-21
351.24939373937394 1.7677716167482855e-21
351.3482886488649 1.7673352768768988e-21
351.44718355835585 1.7668991497747983e-21
351.54607846784677 1.7664632352886895e-21
351.64497337733775 1.766027533265423e-21
351.7438682868287 1.7655920435519952e-21
351.84276319631965 1.7651567659955454e-21
351.9416581058106 1.7647217004433573e-21
352.04055301530155 1.7642868467428567e-21
352.1394479247925 1.7638522047416165e-21
352.23834283428346 1.7634177742873493e-21
352.3372377437744 1.7629835552279142e-21
352.43613265326536 1.7625495474113118e-21
352.5350275627563 1.7621157506856853e-21
352.63392247224726 1.761682164899321e-21
352.7328173817382 1.761248789900649e-21
352.8317122912291 1.7608156255382414e-21
352.9306072007201 1.7603826716608114e-21
353.029502110211 1.759949928117216e-21
353.128397019702 1.7595173947564533e-21
353.2272919291929 1.7590850714276633e-21
353.3261868386839 1.7586529579801277e-21
353.4250817481748 1.758221054263271e-21
353.5239766576658 1.757789360126656e-21
353.6228715671567 1.7573578754199906e-21
353.7217664766477 1.7569265999931204e-21
353.8206613861386 1.7564955336960333e-21
353.91955629562955 1.756064676378859e-21
354.0184512051205 1.7556340278918648e-21
354.11734611461145 1.755203588085461e-21
354.21624102410243 1.754773356810198e-21
354.31513593359335 1.754343333916765e-21
354.41403084308433 1.7539135192559907e-21
354.51292575257526 1.753483912678846e-21
354.61182066206624 1.7530545140364383e-21
354.71071557155716 1.7526253231800178e-21
354.80961048104814 1.7521963399609713e-21
354.90850539053906 1.7517675642308255e-21
355.00740030003 1.751338995841247e-21
355.10629520952097 1.7509106346440386e-21
355.2051901190119 1.750482480491145e-21
355.30408502850287 1.750054533234648e-21
355.4029799379938 1.7496267927267663e-21
355.50187484748477 1.749199258819859e-21
355.6007697569757 1.748771931366422e-21
355.6996646664667 1.7483448102190888e-21
355.7985595759576 1.7479178952306327e-21
355.8974544854486 1.747491186253961e-21
355.9963493949395 1.74706468314212e-21
356.0952443044305 1.7466383857482958e-21
356.1941392139214 1.7462122939258075e-21
356.2930341234123 1.7457864075281137e-21
356.3919290329033 1.745360726408808e-21
356.49082394239423 1.744935250421622e-21
356.5897188518852 1.744509979420424e-21
356.68861376137613 1.744084913259217e-21
356.7875086708671 1.74366005179214e-21
356.88640358035804 1.743235394873471e-21
356.985298489849 1.74281094235762e-21
357.08419339933994 1.7423866940991357e-21
357.1830883088309 1.7419626499526997e-21
357.28198321832184 1.741538809773131e-21
357.38087812781276 1.741115173415384e-21
357.47977303730374 1.7406917407345456e-21
357.57866794679467 1.7402685115858406e-21
357.67756285628565 1.7398454858246257e-21
357.77645776577657 1.7394226633063947e-21
357.87535267526755 1.739000043886774e-21
357.9742475847585 1.7385776274215255e-21
358.07314249424945 1.738155413766545e-21
358.1720374037404 1.7377334027778616e-21
358.27093231323136 1.7373115943116396e-21
358.3698272227223 1.7368899882241748e-21
358.46872213221326 1.7364685843718983e-21
358.5676170417042 1.7360473826113746e-21
358.6665119511951 1.7356263827993e-21
358.7654068606861 1.7352055847925048e-21
358.864301770177 1.734784988447953e-21
358.963196679668 1.7343645936227398e-21
359.0620915891589 1.733944400174093e-21
359.1609864986499 1.7335244079593755e-21
359.2598814081408 1.7331046168360802e-21
359.3587763176318 1.7326850266618316e-21
359.4576712271227 1.732265637294387e-21
359.5565661366137 1.731846448591636e-21
359.6554610461046 1.7314274604116012e-21
359.75435595559554 1.731008672612434e-21
359.8532508650865 1.730590085052418e-21
359.95214577457745 1.730171697589969e-21
360.0510406840684 1.7297535100836336e-21
360.14993559355935 1.7293355223920894e-21
360.2488305030503 1.7289177343741444e-21
360.34772541254125 1.728500145888738e-21
360.44662032203223 1.7280827567949383e-21
360.54551523152315 1.727665566951946e-21
360.64441014101413 1.7272485762190926e-21
360.74330505050506 1.7268317844558355e-21
360.84219995999604 1.7264151915217673e-21
360.94109486948696 1.725998797276606e-21
361.0399897789779 1.725582601580203e-21
361.13888468846886 1.7251666042925347e-21
361.2377795979598 1.7247508052737124e-21
361.33667450745077 1.724335204383972e-21
361.4355694169417 1.723919801483681e-21
361.53446432643267 1.7235045964333345e-21
361.6333592359236 1.723089589093557e-21
361.7322541454146 1.7226747793251012e-21
361.8311490549055 1.7222601669888488e-21
361.9300439643965 1.7218457519458093e-21
362.0289388738874 1.7214315340571217e-21
362.1278337833783 1.7210175131840516e-21
362.2267286928693 1.720603689187992e-21
362.3256236023602 1.720190061930466e-21
362.4245185118512 1.719776631273122e-21
362.5234134213421 1.7193633970777367e-21
362.6223083308331 1.718950359206215e-21
362.72120324032403 1.7185375175205884e-21
362.820098149815 1.7181248718830136e-21
362.91899305930593 1.7177124221557783e-21
363.0178879687969 1.717300168201292e-21
363.11678287828784 1.716888109882095e-21
363.2156777877788 1.7164762470608525e-21
363.31457269726974 1.7160645796003538e-21
363.41346760676066 1.7156531073635194e-21
363.51236251625164 1.71524183021339e-21
363.61125742574256 1.714830748013138e-21
363.71015233523354 1.7144198606260573e-21
363.80904724472447 1.714009167915569e-21
363.90794215421545 1.713598669745219e-21
364.00683706370637 1.71318836597868e-21
364.10573197319735 1.7127782564797476e-21
364.2046268826883 1.7123683411123465e-21
364.30352179217925 1.71195861974052e-21
364.4024167016702 1.711549092228442e-21
364.5013116111611 1.7111397584404094e-21
364.6002065206521 1.7107306182408413e-21
364.699101430143 1.7103216714942844e-21
364.797996339634 1.709912918065407e-21
364.8968912491249 1.709504357819004e-21
364.9957861586159 1.7090959906199902e-21
365.0946810681068 1.70868781633341e-21
365.1935759775978 1.7082798348244253e-21
365.2924708870887 1.7078720459583276e-21
365.3913657965797 1.7074644496005255e-21
365.4902607060706 1.707057045616556e-21
365.5891556155616 1.706649833872078e-21
365.6880505250525 1.7062428142328713e-21
365.78694543454344 1.7058359865648393e-21
365.8858403440344 1.705429350734011e-21
365.98473525352534 1.7050229066065325e-21
366.0836301630163 1.7046166540486772e-21
366.18252507250725 1.704210592926839e-21
366.2814199819982 1.703804723107534e-21
366.38031489148915 1.7033990444574003e-21
366.47920980098013 1.7029935568431974e-21
366.57810471047105 1.702588260131808e-21
366.67699961996203 1.7021831541902335e-21
366.77589452945296 1.7017782388856e-21
366.8747894389439 1.7013735140851543e-21
366.97368434843486 1.700968979656262e-21
367.0725792579258 1.700564635466412e-21
367.17147416741676 1.7001604813832145e-21
367.2703690769077 1.6997565172743993e-21
367.36926398639866 1.6993527430078156e-21
367.4681588958896 1.6989491584514366e-21
367.56705380538057 1.6985457634733524e-21
367.6659487148715 1.698142557941776e-21
367.76484362436247 1.697739541725039e-21
367.8637385338534 1.697336714691593e-21
367.9626334433443 1.6969340767100105e-21
368.0615283528353 1.6965316276489824e-21
368.1604232623262 1.6961293673773197e-21
368.2593181718172 1.695727295763955e-21
368.3582130813081 1.6953254126779354e-21
368.4571079907991 1.6949237179884317e-21
368.55600290029 1.6945222115647313e-21
368.654897809781 1.694120893276242e-21
368.7537927192719 1.6937197629924887e-21
368.8526876287629 1.6933188205831165e-21
368.95158253825383 1.6929180659178883e-21
369.0504774477448 1.6925174988666851e-21
369.14937235723573 1.692117119299507e-21
369.24826726672666 1.6917169270864717e-21
369.34716217621764 1.6913169220978155e-21
369.44605708570856 1.6909171042038917e-21
369.54495199519954 1.6905174732751707e-21
369.64384690469046 1.690118029182243e-21
369.74274181418144 1.6897187717958138e-21
369.84163672367237 1.6893197009867078e-21
369.94053163316335 1.6889208166258648e-21
370.03942654265427 1.6885221185843456e-21
370.13832145214525 1.688123606733322e-21
370.2372163616362 1.6877252809440886e-21
370.3361112711271 1.6873271410880514e-21
370.4350061806181 1.6869291870367382e-21
370.533901090109 1.686531418661788e-21
370.6327959996 1.6861338358349602e-21
370.7316909090909 1.6857364384281283e-21
370.8305858185819 1.6853392263132821e-21
370.9294807280728 1.6849421993625286e-21
371.0283756375638 1.684545357448089e-21
371.1272705470547 1.684148700442301e-21
371.2261654565457 1.6837522282176162e-21
371.3250603660366 1.6833559406466044e-21
371.4239552755276 1.6829598376019504e-21
371.5228501850185 1.6825639189564506e-21
371.62174509450944 1.6821681845830196e-21
371.7206400040004 1.6817726343546866e-21
371.81953491349134 1.681377268144595e-21
371.9184298229823 1.680982085826002e-21
372.01732473247324 1.6805870872722815e-21
372.1162196419642 1.6801922723569202e-21
372.21511455145514 1.679797640953519e-21
372.3140094609461 1.6794031929357934e-21
372.41290437043705 1.6790089281775733e-21
372.511799279928 1.678614846552801e-21
372.61069418941895 1.678220947935535e-21
372.7095890989099 1.677827232199945e-21
372.80848400840085 1.677433699220315e-21
372.9073789178918 1.6770403488710442e-21
373.00627382738276 1.6766471810266415e-21
373.1051687368737 1.6762541955617311e-21
373.20406364636466 1.6758613923510511e-21
373.3029585558556 1.675468771269451e-21
373.40185346534656 1.6750763321918929e-21
373.5007483748375 1.674684074993452e-21
373.59964328432847 1.6742919995493165e-21
373.6985381938194 1.6739001057347857e-21
373.79743310331037 1.6735083934252746e-21
373.8963280128013 1.6731168624963041e-21
373.9952229222922 1.6727255128235126e-21
374.0941178317832 1.672334344282648e-21
374.1930127412741 1.6719433567495719e-21
374.2919076507651 1.6715525501002538e-21
374.390802560256 1.6711619242107786e-21
374.489697469747 1.670771478957341e-21
374.5885923792379 1.6703812142162459e-21
374.6874872887289 1.6699911298639107e-21
374.7863821982198 1.6696012257768655e-21
374.8852771077108 1.669211501831747e-21
374.98417201720173 1.6688219579053066e-21
375.08306692669265 1.6684325938744047e-21
375.18196183618363 1.6680434096160102e-21
375.28085674567455 1.6676544050072073e-21
375.37975165516553 1.667265579925187e-21
375.47864656465646 1.6668769342472514e-21
375.57754147414744 1.6664884678508108e-21
375.67643638363836 1.6661001806133898e-21
375.77533129312934 1.6657120724126179e-21
375.87422620262026 1.6653241431262378e-21
375.97312111211124 1.6649363926321003e-21
376.07201602160217 1.6645488208081661e-21
376.17091093109315 1.6641614275325043e-21
376.26980584058407 1.6637742126832948e-21
376.368700750075 1.6633871761388252e-21
376.467595659566 1.6630003177774925e-21
376.5664905690569 1.6626136374778024e-21
376.6653854785479 1.662227135118371e-21
376.7642803880388 1.66184081057792e-21
376.8631752975298 1.6614546637352805e-21
376.9620702070207 1.661068694469395e-21
377.0609651165117 1.6606829026593108e-21
377.1598600260026 1.6602972881841842e-21
377.2587549354936 1.65991185092328e-21
377.3576498449845 1.6595265907559713e-21
377.45654475447543 1.659141507561737e-21
377.5554396639664 1.6587566012201659e-21
377.65433457345733 1.6583718716109533e-21
377.7532294829483 1.6579873186139019e-21
377.85212439243924 1.657602942108922e-21
377.9510193019302 1.6572187419760317e-21
378.04991421142114 1.6568347180953546e-21
378.1488091209121 1.6564508703471218e-21
378.24770403040304 1.6560671986116731e-21
378.346598939894 1.6556837027694518e-21
378.44549384938495 1.6553003827010111e-21
378.54438875887587 1.6549172382870084e-21
378.64328366836685 1.6545342694082073e-21
378.74217857785777 1.65415147594548e-21
378.84107348734875 1.6537688577798027e-21
378.9399683968397 1.6533864147922586e-21
379.03886330633065 1.6530041468640367e-21
379.1377582158216 1.6526220538764305e-21
379.23665312531256 1.6522401357108411e-21
379.3355480348035 1.6518583922487745e-21
379.43444294429446 1.651476823371842e-21
379.5333378537854 1.6510954289617606e-21
379.63223276327636 1.6507142089003512e-21
379.7311276727673 1.650333163069542e-21
379.8300225822582 1.6499522913513643e-21
379.9289174917492 1.6495715936279548e-21
380.0278124012401 1.6491910697815558e-21
380.1267073107311 1.6488107196945124e-21
380.225602220222 1.6484305432492773e-21
380.324497129713 1.6480505403284035e-21
380.4233920392039 1.6476707108145524e-21
380.5222869486949 1.6472910545904872e-21
380.6211818581858 1.6469115715390754e-21
380.7200767676768 1.6465322615432888e-21
380.8189716771677 1.6461531244862034e-21
380.91786658665865 1.6457741602509985e-21
381.0167614961496 1.645395368720957e-21
381.11565640564055 1.645016749779465e-21
381.21455131513153 1.6446383033100133e-21
381.31344622462245 1.644260029196195e-21
381.41234113411343 1.6438819273217054e-21
381.51123604360436 1.6435039975703456e-21
381.61013095309534 1.6431262398260166e-21
381.70902586258626 1.6427486539727254e-21
381.80792077207724 1.6423712398945779e-21
381.90681568156816 1.6419939974757864e-21
382.00571059105914 1.6416169266006627e-21
382.10460550055006 1.6412400271536232e-21
382.203500410041 1.6408632990191856e-21
382.30239531953197 1.6404867420819697e-21
382.4012902290229 1.6401103562266977e-21
382.50018513851387 1.6397341413381926e-21
382.5990800480048 1.6393580973013821e-21
382.6979749574958 1.6389822240012928e-21
382.7968698669867 1.638606521323054e-21
382.8957647764777 1.6382309891518964e-21
382.9946596859686 1.6378556273731516e-21
383.0935545954596 1.6374804358722533e-21
383.1924495049505 1.6371054145347367e-21
383.2913444144414 1.636730563246237e-21
383.3902393239324 1.63635588189249e-21
383.48913423342333 1.6359813703593348e-21
383.5880291429143 1.6356070285327086e-21
383.68692405240523 1.63523285629865e-21
383.7858189618962 1.6348588535432987e-21
383.88471387138713 1.6344850201528956e-21
383.9836087808781 1.634111356013779e-21
384.08250369036904 1.6337378610123903e-21
384.18139859986 1.6333645350352693e-21
384.28029350935094 1.6329913779690574e-21
384.3791884188419 1.6326183897004926e-21
384.47808332833284 1.632245570116418e-21
384.57697823782377 1.6318729191037709e-21
384.67587314731475 1.6315004365495914e-21
384.77476805680567 1.6311281223410184e-21
384.87366296629665 1.6307559763652892e-21
384.9725578757876 1.6303839985097417e-21
385.07145278527855 1.630012188661812e-21
385.1703476947695 1.629640546709036e-21
385.26924260426046 1.629269072539047e-21
385.3681375137514 1.628897766039579e-21
385.46703242324236 1.6285266270984628e-21
385.5659273327333 1.62815565560363e-21
385.6648222422242 1.6277848514431084e-21
385.7637171517152 1.627414214505026e-21
385.8626120612061 1.627043744677608e-21
385.9615069706971 1.6266734418491772e-21
386.060401880188 1.6263033059081574e-21
386.159296789679 1.6259333367430667e-21
386.2581916991699 1.6255635342425224e-21
386.3570866086609 1.6251938982952411e-21
386.4559815181518 1.6248244287900344e-21
386.5548764276428 1.6244551256158144e-21
386.6537713371337 1.624085988661587e-21
386.7526662466247 1.6237170178164582e-21
386.8515611561156 1.6233482129696316e-21
386.95045606560655 1.6229795740104045e-21
387.0493509750975 1.6226111008281753e-21
387.14824588458845 1.6222427933124369e-21
387.2471407940794 1.6218746513527783e-21
387.34603570357035 1.6215066748388883e-21
387.44493061306133 1.6211388636605495e-21
387.54382552255225 1.6207712177076416e-21
387.64272043204323 1.6204037368701423e-21
387.74161534153416 1.620036421038123e-21
387.84051025102514 1.6196692701017525e-21
387.93940516051606 1.619302283951297e-21
388.038300070007 1.6189354624771158e-21
388.13719497949796 1.6185688055696665e-21
388.2360898889889 1.6182023131195022e-21
388.33498479847987 1.6178359850172696e-21
388.4338797079708 1.6174698211537143e-21
388.53277461746177 1.6171038214196744e-21
388.6316695269527 1.6167379857060838e-21
388.7305644364437 1.616372313903974e-21
388.8294593459346 1.6160068059044687e-21
388.9283542554256 1.6156414615987885e-21
389.0272491649165 1.6152762808782479e-21
389.1261440744075 1.6149112636342573e-21
389.2250389838984 1.6145464097583213e-21
389.3239338933893 1.614181719142038e-21
389.4228288028803 1.613817191677102e-21
389.5217237123712 1.6134528272553019e-21
389.6206186218622 1.6130886257685196e-21
389.71951353135313 1.6127245871087316e-21
389.8184084408441 1.6123607111680096e-21
389.91730335033503 1.6119969978385177e-21
390.016198259826 1.611633447012515e-21
390.11509316931694 1.6112700585823546e-21
390.2139880788079 1.6109068324404819e-21
390.31288298829884 1.6105437684794388e-21
390.41177789778976 1.610180866591857e-21
390.51067280728074 1.6098181266704642e-21
390.60956771677166 1.6094555486080814e-21
390.70846262626264 1.609093132297621e-21
390.80735753575357 1.6087308776320908e-21
390.90625244524455 1.6083687845045897e-21
391.00514735473547 1.6080068528083116e-21
391.10404226422645 1.6076450824365408e-21
391.2029371737174 1.6072834732826562e-21
391.30183208320835 1.6069220252401287e-21
391.4007269926993 1.6065607382025216e-21
391.4996219021902 1.6061996120634908e-21
391.5985168116812 1.6058386467167841e-21
391.6974117211721 1.605477842056243e-21
391.7963066306631 1.6051171979757995e-21
391.895201540154 1.6047567143694786e-21
391.994096449645 1.604396391131396e-21
392.0929913591359 1.6040362281557616e-21
392.1918862686269 1.6036762253368748e-21
392.2907811781178 1.6033163825691273e-21
392.3896760876088 1.6029566997470027e-21
392.4885709970997 1.6025971767650762e-21
392.5874659065907 1.6022378135180138e-21
392.6863608160816 1.6018786099005736e-21
392.78525572557254 1.6015195658076037e-21
392.8841506350635 1.601160681134043e-21
392.98304554455444 1.600801955774924e-21
393.0819404540454 1.600443389625368e-21
393.18083536353635 1.6000849825805869e-21
393.2797302730273 1.5997267345358838e-21
393.37862518251825 1.5993686453866522e-21
393.47752009200923 1.5990107150283764e-21
393.57641500150015 1.5986529433566316e-21
393.67530991099113 1.598295330267082e-21
393.77420482048205 1.5979378756554826e-21
393.873099729973 1.5975805794176797e-21
393.97199463946396 1.5972234414496072e-21
394.0708895489549 1.5968664616472911e-21
394.16978445844586 1.5965096399068451e-21
394.2686793679368 1.5961529761244755e-21
394.36757427742776 1.5957964701964756e-21
394.4664691869187 1.5954401220192293e-21
394.56536409640967 1.59508393148921e-21
394.6642590059006 1.5947278985029803e-21
394.76315391539157 1.5943720229571922e-21
394.8620488248825 1.5940163047485866e-21
394.9609437343735 1.5936607437739937e-21
395.0598386438644 1.5933053399303325e-21
395.1587335533553 1.592950093114611e-21
395.2576284628463 1.5925950032239256e-21
395.3565233723372 1.5922400701554623e-21
395.4554182818282 1.5918852938064946e-21
395.5543131913191 1.5915306740743852e-21
395.6532081008101 1.5911762108565843e-21
395.752103010301 1.5908219040506329e-21
395.850997919792 1.5904677535541565e-21
395.94989282928293 1.5901137592648712e-21
396.0487877387739 1.5897599210805812e-21
396.14768264826483 1.5894062388991776e-21
396.24657755775576 1.5890527126186394e-21
396.34547246724674 1.5886993421370342e-21
396.44436737673766 1.5883461273525167e-21
396.54326228622864 1.5879930681633295e-21
396.64215719571956 1.5876401644678023e-21
396.74105210521054 1.5872874161643518e-21
396.83994701470147 1.5869348231514821e-21
396.93884192419245 1.5865823853277861e-21
397.03773683368337 1.5862301025919421e-21
397.13663174317435 1.5858779748427153e-21
397.23552665266527 1.5855260019789598e-21
397.33442156215625 1.5851741838996136e-21
397.4333164716472 1.5848225205037044e-21
397.5322113811381 1.5844710116903438e-21
397.6311062906291 1.5841196573587324e-21
397.73000120012 1.5837684574081556e-21
397.828896109611 1.5834174117379858e-21
397.9277910191019 1.583066520247681e-21
398.0266859285929 1.582715782836787e-21
398.1255808380838 1.5823651994049348e-21
398.2244757475748 1.5820147698518406e-21
398.3233706570657 1.581664494077307e-21
398.4222655665567 1.5813143719812232e-21
398.5211604760476 1.5809644034635634e-21
398.62005538553854 1.5806145884243882e-21
398.7189502950295 1.5802649267638423e-21
398.81784520452044 1.5799154183821575e-21
398.9167401140114 1.57956606317965e-21
399.01563502350234 1.5792168610567214e-21
399.1145299329933 1.5788678119138584e-21
399.21342484248424 1.5785189156516333e-21
399.3123197519752 1.5781701721707033e-21
399.41121466146615 1.5778215813718105e-21
399.5101095709571 1.577473143155781e-21
399.60900448044805 1.5771248574235272e-21
399.70789938993903 1.5767767240760445e-21
399.80679429942995 1.5764287430144153e-21
399.9056892089209 1.5760809141398027e-21
400.00458411841186 1.575733237353458e-21
400.1034790279028 1.5753857125567147e-21
400.20237393739376 1.5750383396509904e-21
400.3012688468847 1.5746911185377889e-21
400.40016375637566 1.5743440491186947e-21
400.4990586658666 1.5739971312953798e-21
400.59795357535756 1.5736503649695975e-21
400.6968484848485 1.5733037500431865e-21
400.79574339433947 1.5729572864180675e-21
400.8946383038304 1.5726109739962467e-21
400.9935332133213 1.5722648126798126e-21
401.0924281228123 1.5719188023709365e-21
401.1913230323032 1.5715729429718753e-21
401.2902179417942 1.5712272343849678e-21
401.3891128512851 1.5708816765126345e-21
401.4880077607761 1.5705362692573817e-21
401.586902670267 1.5701910125217966e-21
401.685797579758 1.569845906208551e-21
401.7846924892489 1.5695009502203986e-21
401.8835873987399 1.5691561444601755e-21
401.98248230823083 1.5688114888308012e-21
402.0813772177218 1.568466983235277e-21
402.18027212721273 1.568122627576687e-21
402.27916703670365 1.5677784217581983e-21
402.37806194619463 1.5674343656830594e-21
402.47695685568556 1.5670904592546014e-21
402.57585176517654 1.5667467023762375e-21
402.67474667466746 1.5664030949514625e-21
402.77364158415844 1.5660596368838537e-21
402.87253649364936 1.5657163280770713e-21
402.97143140314034 1.565373168434855e-21
403.07032631263127 1.5650301578610276e-21
403.16922122212225 1.5646872962594926e-21
403.26811613161317 1.5643445835342376e-21
403.3670110411041 1.5640020195893277e-21
403.4659059505951 1.5636596043289127e-21
403.564800860086 1.5633173376572216e-21
403.663695769577 1.5629752194785652e-21
403.7625906790679 1.5626332496973368e-21
403.8614855885589 1.5622914282180076e-21
403.9603804980498 1.561949754945133e-21
404.0592754075408 1.5616082297833476e-21
404.1581703170317 1.5612668526373672e-21
404.2570652265227 1.5609256234119867e-21
404.3559601360136 1.5605845420120855e-21
404.45485504550453 1.5602436083426187e-21
404.5537499549955 1.5599028223086257e-21
404.65264486448643 1.5595621838152232e-21
404.7515397739774 1.5592216927676112e-21
404.85043468346834 1.5588813490710676e-21
404.9493295929593 1.5585411526309513e-21
405.04822450245024 1.558201103352701e-21
405.1471194119412 1.557861201141835e-21
405.24601432143214 1.5575214459039523e-21
405.3449092309231 1.5571818375447306e-21
405.44380414041404 1.5568423759699292e-21
405.542699049905 1.5565030610853842e-21
405.64159395939595 1.5561638927970137e-21
405.74048886888687 1.5558248710108138e-21
405.83938377837785 1.5554859956328599e-21
405.9382786878688 1.555147266569308e-21
406.03717359735975 1.5548086837263919e-21
406.1360685068507 1.5544702470104251e-21
406.23496341634166 1.5541319563278e-21
406.3338583258326 1.5537938115849885e-21
406.43275323532356 1.5534558126885395e-21
406.5316481448145 1.5531179595450834e-21
406.63054305430546 1.5527802520613278e-21
406.7294379637964 1.552442690144058e-21
406.8283328732873 1.5521052737001405e-21
406.9272277827783 1.5517680026365172e-21
407.0261226922692 1.5514308768602105e-21
407.1250176017602 1.5510938962783195e-21
407.2239125112511 1.5507570607980232e-21
407.3228074207421 1.5504203703265772e-21
407.421702330233 1.5500838247713163e-21
407.520597239724 1.5497474240396527e-21
407.6194921492149 1.5494111680390768e-21
407.7183870587059 1.5490750566771565e-21
407.8172819681968 1.5487390898615375e-21
407.9161768776878 1.548403267499943e-21
408.0150717871787 1.5480675895001733e-21
408.11396669666965 1.5477320557701082e-21
408.21286160616063 1.547396666217702e-21
408.31175651565155 1.547061420750989e-21
408.41065142514253 1.5467263192780786e-21
408.50954633463346 1.5463913617071587e-21
408.60844124412444 1.546056547946494e-21
408.70733615361536 1.545721877904426e-21
408.80623106310634 1.545387351489373e-21
408.90512597259726 1.5450529686098309e-21
409.00402088208824 1.544718729174371e-21
409.10291579157916 1.5443846330916432e-21
409.2018107010701 1.544050680270372e-21
409.30070561056107 1.543716870619359e-21
409.399600520052 1.5433832040474836e-21
409.49849542954297 1.5430496804636998e-21
409.5973903390339 1.5427162997770382e-21
409.6962852485249 1.5423830618966076e-21
409.7951801580158 1.5420499667315901e-21
409.8940750675068 1.541717014191245e-21
409.9929699769977 1.5413842041849087e-21
410.0918648864887 1.5410515366219923e-21
410.1907597959796 1.5407190114119816e-21
410.2896547054706 1.5403866284644406e-21
410.3885496149615 1.5400543876890079e-21
410.4874445244524 1.539722288995397e-21
410.5863394339434 1.5393903322933974e-21
410.68523434343433 1.5390585174928751e-21
410.7841292529253 1.5387268445037694e-21
410.88302416241623 1.5383953132360962e-21
410.9819190719072 1.5380639235999464e-21
411.08081398139814 1.5377326755054865e-21
411.1797088908891 1.5374015688629567e-21
411.27860380038004 1.5370706035826735e-21
411.377498709871 1.5367397795750275e-21
411.47639361936194 1.536409096750484e-21
411.57528852885287 1.536078555019585e-21
411.67418343834385 1.535748154292943e-21
411.77307834783477 1.5354178944812495e-21
411.87197325732575 1.5350877754952678e-21
411.9708681668167 1.5347577972458372e-21
412.06976307630765 1.5344279596438697e-21
412.1686579857986 1.5340982626003528e-21
412.26755289528955 1.5337687060263481e-21
412.3664478047805 1.5334392898329911e-21
412.46534271427146 1.5331100139314912e-21
412.5642376237624 1.5327808782331316e-21
412.66313253325336 1.5324518826492704e-21
412.7620274427443 1.5321230270913381e-21
412.8609223522352 1.5317943114708407e-21
412.9598172617262 1.5314657356993557e-21
413.0587121712171 1.5311372996885354e-21
413.1576070807081 1.5308090033501056e-21
413.256501990199 1.5304808465958664e-21
413.35539689969 1.530152829337689e-21
413.4542918091809 1.5298249514875207e-21
413.5531867186719 1.5294972129573795e-21
413.6520816281628 1.5291696136593574e-21
413.7509765376538 1.52884215350562e-21
413.8498714471447 1.5285148324084061e-21
413.94876635663564 1.528187650280026e-21
414.0476612661266 1.5278606070328636e-21
414.14655617561755 1.5275337025793768e-21
414.2454510851085 1.5272069368320937e-21
414.34434599459945 1.5268803097036174e-21
414.44324090409043 1.5265538211066219e-21
414.54213581358135 1.526227470953854e-21
414.64103072307233 1.5259012591581342e-21
414.73992563256326 1.5255751856323531e-21
414.83882054205424 1.525249250289476e-21
414.93771545154516 1.524923453042538e-21
415.03661036103614 1.5245977938046479e-21
415.13550527052706 1.524272272488986e-21
415.234400180018 1.5239468890088044e-21
415.33329508950897 1.5236216432774273e-21
415.4321899989999 1.5232965352082512e-21
415.53108490849087 1.5229715647147429e-21
415.6299798179818 1.5226467317104421e-21
415.72887472747277 1.5223220361089604e-21
415.8277696369637 1.5219974778239795e-21
415.9266645464547 1.521673056769254e-21
416.0255594559456 1.521348772858608e-21
416.1244543654366 1.5210246260059394e-21
416.2233492749275 1.5207006161252146e-21
416.3222441844184 1.5203767431304738e-21
416.4211390939094 1.5200530069358263e-21
416.5200340034003 1.5197294074554535e-21
416.6189289128913 1.5194059446036065e-21
416.71782382238223 1.5190826182946096e-21
416.8167187318732 1.518759428442855e-21
416.91561364136413 1.5184363749628078e-21
417.0145085508551 1.5181134577690025e-21
417.11340346034603 1.517790676776045e-21
417.212298369837 1.5174680318986104e-21
417.31119327932794 1.517145523051447e-21
417.41008818881886 1.5168231501493697e-21
417.50898309830984 1.5165009131072663e-21
417.60787800780076 1.5161788118400946e-21
417.70677291729174 1.5158568462628813e-21
417.80566782678267 1.5155350162907243e-21
417.90456273627365 1.5152133218387915e-21
418.00345764576457 1.5148917628223192e-21
418.10235255525555 1.514570339156616e-21
418.2012474647465 1.5142490507570574e-21
418.30014237423745 1.5139278975390926e-21
418.3990372837284 1.5136068794182357e-21
418.49793219321936 1.513285996310074e-21
418.5968271027103 1.5129652481302625e-21
418.6957220122012 1.5126446347945267e-21
418.7946169216922 1.5123241562186602e-21
418.8935118311831 1.5120038123185274e-21
418.9924067406741 1.5116836030100604e-21
419.091301650165 1.5113635282092622e-21
419.190196559656 1.5110435878322027e-21
419.2890914691469 1.5107237817950224e-21
419.3879863786379 1.5104041100139306e-21
419.4868812881288 1.5100845724052051e-21
419.5857761976198 1.5097651688851925e-21
419.6846711071107 1.5094458993703087e-21
419.78356601660164 1.509126763777037e-21
419.8824609260926 1.5088077620219305e-21
419.98135583558354 1.5084888940216105e-21
420.0802507450745 1.5081701596927663e-21
420.17914565456545 1.5078515589521564e-21
420.2780405640564 1.5075330917166072e-21
420.37693547354735 1.5072147579030129e-21
420.4758303830383 1.506896557428337e-21
420.57472529252925 1.5065784902096097e-21
420.67362020202023 1.5062605561639303e-21
420.77251511151115 1.5059427552084651e-21
420.87141002100213 1.50562508726045e-21
420.97030493049306 1.5053075522371875e-21
421.069199839984 1.5049901500560475e-21
421.16809474947496 1.504672880634468e-21
421.2669896589659 1.5043557438899551e-21
421.36588456845686 1.5040387397400819e-21
421.4647794779478 1.5037218681024895e-21
421.56367438743877 1.5034051288948862e-21
421.6625692969297 1.5030885220350478e-21
421.76146420642067 1.5027720474408163e-21
421.8603591159116 1.5024557050301022e-21
421.9592540254026 1.5021394947208832e-21
422.0581489348935 1.5018234164312033e-21
422.1570438443844 1.5015074700791738e-21
422.2559387538754 1.5011916555829727e-21
422.3548336633663 1.5008759728608461e-21
422.4537285728573 1.5005604218311053e-21
422.5526234823482 1.5002450024121297e-21
422.6515183918392 1.4999297145223637e-21
422.7504133013301 1.49961455808032e-21
422.8493082108211 1.499299533004577e-21
422.94820312031203 1.4989846392137806e-21
423.047098029803 1.4986698766266407e-21
423.14599293929393 1.498355245161937e-21
423.2448878487849 1.4980407447385118e-21
423.34378275827584 1.497726375275277e-21
423.44267766776676 1.497412136691208e-21
423.54157257725774 1.4970980289053476e-21
423.64046748674866 1.4967840518368049e-21
423.73936239623964 1.4964702054047542e-21
423.83825730573056 1.496156489528435e-21
423.93715221522154 1.4958429041271546e-21
424.03604712471247 1.4955294491202846e-21
424.13494203420345 1.4952161244272625e-21
424.23383694369437 1.4949029299675916e-21
424.33273185318535 1.4945898656608407e-21
424.4316267626763 1.494276931426645e-21
424.5305216721672 1.4939641271847029e-21
424.6294165816582 1.4936514528547796e-21
424.7283114911491 1.4933389083567062e-21
424.8272064006401 1.4930264936103778e-21
424.926101310131 1.4927142085357553e-21
425.024996219622 1.4924020530528643e-21
425.1238911291129 1.4920900270817958e-21
425.2227860386039 1.4917781305427053e-21
425.3216809480948 1.4914663633558144e-21
425.4205758575858 1.491154725441408e-21
425.5194707670767 1.4908432167198363e-21
425.6183656765677 1.4905318371115142e-21
425.7172605860586 1.4902205865369217e-21
425.81615549554954 1.4899094649166027e-21
425.9150504050405 1.4895984721711664e-21
426.01394531453144 1.489287608221286e-21
426.1128402240224 1.4889768729876981e-21
426.21173513351334 1.4886662663912053e-21
426.3106300430043 1.4883557883526738e-21
426.40952495249525 1.4880454387930334e-21
426.5084198619862 1.4877352176332786e-21
426.60731477147715 1.4874251247944681e-21
426.70620968096813 1.4871151601977244e-21
426.80510459045905 1.4868053237642338e-21
426.90399949995 1.4864956154152465e-21
427.00289440944096 1.4861860350720762e-21
427.1017893189319 1.4858765826561012e-21
427.20068422842286 1.4855672580887628e-21
427.2995791379138 1.4852580612915666e-21
427.39847404740476 1.4849489921860796e-21
427.4973689568957 1.4846400506939353e-21
427.59626386638666 1.4843312367368285e-21
427.6951587758776 1.4840225502365194e-21
427.79405368536857 1.4837139911148283e-21
427.8929485948595 1.4834055592936419e-21
427.99184350435047 1.483097254694908e-21
428.0907384138414 1.4827890772406393e-21
428.1896333233323 1.482481026852909e-21
428.2885282328233 1.4821731034538562e-21
428.3874231423142 1.4818653069656804e-21
428.4863180518052 1.481557637310646e-21
428.5852129612961 1.4812500944110787e-21
428.6841078707871 1.4809426781893672e-21
428.783002780278 1.4806353885679635e-21
428.881897689769 1.4803282254693824e-21
428.9807925992599 1.4800211888161994e-21
429.0796875087509 1.4797142785310544e-21
429.17858241824183 1.4794074945366495e-21
429.27747732773275 1.4791008367557488e-21
429.37637223722373 1.4787943051111772e-21
429.47526714671466 1.4784878995258245e-21
429.57416205620564 1.4781816199226417e-21
429.67305696569656 1.4778754662246401e-21
429.77195187518754 1.4775694383548955e-21
429.87084678467846 1.4772635362365458e-21
429.96974169416944 1.4769577597927874e-21
430.06863660366037 1.4766521089468828e-21
430.16753151315135 1.4763465836221538e-21
430.26642642264227 1.4760411837419846e-21
430.3653213321332 1.4757359092298208e-21
430.4642162416242 1.47543076000917e-21
430.5631111511151 1.4751257360036018e-21
430.6620060606061 1.4748208371367457e-21
430.760900970097 1.4745160633322936e-21
430.859795879588 1.474211414514e-21
430.9586907890789 1.4739068906056789e-21
431.0575856985699 1.4736024915312053e-21
431.1564806080608 1.473298217214517e-21
431.2553755175518 1.4729940675796125e-21
431.3542704270427 1.4726900425505507e-21
431.4531653365337 1.4723861420514513e-21
431.5520602460246 1.4720823660064959e-21
431.65095515551553 1.4717787143399273e-21
431.7498500650065 1.4714751869760472e-21
431.84874497449744 1.4711717838392197e-21
431.9476398839884 1.4708685048538697e-21
432.04653479347934 1.4705653499444809e-21
432.1454297029703 1.4702623190356e-21
432.24432461246124 1.4699594120518328e-21
432.3432195219522 1.4696566289178456e-21
432.44211443144314 1.4693539695583657e-21
432.5410093409341 1.4690514338981805e-21
432.63990425042505 1.4687490218621382e-21
432.73879915991597 1.4684467333751445e-21
432.83769406940695 1.468144568362169e-21
432.9365889788979 1.4678425267482401e-21
433.03548388838885 1.4675406084584455e-21
433.1343787978798 1.467238813417933e-21
433.23327370737076 1.4669371415519106e-21
433.3321686168617 1.4666355927856473e-21
433.43106352635266 1.4663341670444695e-21
433.5299584358436 1.4660328642537652e-21
433.62885334533456 1.4657316843389818e-21
433.7277482548255 1.4654306272256258e-21
433.82664316431647 1.4651296928392636e-21
433.9255380738074 1.4648288811055218e-21
434.0244329832983 1.4645281919500852e-21
434.1233278927893 1.4642276252986983e-21
434.2222228022802 1.4639271810771656e-21
434.3211177117712 1.4636268592113502e-21
434.4200126212621 1.4633266596271746e-21
434.5189075307531 1.4630265822506211e-21
434.617802440244 1.4627266270077305e-21
434.716697349735 1.4624267938246021e-21
434.8155922592259 1.4621270826273957e-21
434.9144871687169 1.4618274933423281e-21
435.0133820782078 1.4615280258956767e-21
435.11227698769875 1.4612286802137771e-21
435.21117189718973 1.4609294562230235e-21
435.31006680668065 1.460630353849868e-21
435.40896171617163 1.4603313730208232e-21
435.50785662566255 1.4600325136624598e-21
435.60675153515353 1.4597337757014052e-21
435.70564644464446 1.4594351590643471e-21
435.80454135413544 1.4591366636780314e-21
435.90343626362636 1.458838289469262e-21
436.00233117311734 1.4585400363649007e-21
436.10122608260826 1.4582419042918685e-21
436.20012099209924 1.4579438931771441e-21
436.29901590159017 1.4576460029477637e-21
436.3979108110811 1.4573482335308236e-21
436.49680572057207 1.4570505848534748e-21
436.595700630063 1.456753056842929e-21
436.694595539554 1.4564556494264551e-21
436.7934904490449 1.4561583625313799e-21
436.8923853585359 1.4558611960850867e-21
436.9912802680268 1.4555641500150191e-21
437.0901751775178 1.4552672242486756e-21
437.1890700870087 1.4549704187136144e-21
437.2879649964997 1.4546737333374496e-21
437.3868599059906 1.454377168047854e-21
437.4857548154815 1.454080722772558e-21
437.5846497249725 1.4537843974393485e-21
437.68354463446343 1.4534881919760696e-21
437.7824395439544 1.453192106310623e-21
437.88133445344533 1.4528961403709692e-21
437.9802293629363 1.452600294085123e-21
438.07912427242724 1.4523045673811586e-21
438.1780191819182 1.4520089601872058e-21
438.27691409140914 1.451713472431453e-21
438.3758090009001 1.451418104042143e-21
438.47470391039104 1.4511228549475789e-21
438.573598819882 1.450827725076117e-21
438.67249372937295 1.4505327143561728e-21
438.77138863886387 1.4502378227162183e-21
438.87028354835485 1.4499430500847807e-21
438.96917845784577 1.4496483963904458e-21
439.06807336733675 1.4493538615618545e-21
439.1669682768277 1.4490594455277048e-21
439.26586318631865 1.4487651482167504e-21
439.3647580958096 1.4484709695578031e-21
439.46365300530056 1.4481769094797287e-21
439.5625479147915 1.4478829679114512e-21
439.66144282428246 1.44758914478195e-21
439.7603377337734 1.4472954400202607e-21
439.8592326432643 1.4470018535554749e-21
439.9581275527553 1.4467083853167407e-21
440.0570224622462 1.4464150352332625e-21
440.1559173717372 1.4461218032342984e-21
440.2548122812281 1.4458286892491655e-21
440.3537071907191 1.445535693207235e-21
440.45260210021 1.4452428150379343e-21
440.551497009701 1.4449500546707456e-21
440.6503919191919 1.4446574120352084e-21
440.7492868286829 1.4443648870609168e-21
440.8481817381738 1.4440724796775207e-21
440.9470766476648 1.443780189814726e-21
441.0459715571557 1.4434880174022929e-21
441.14486646664665 1.4431959623700373e-21
441.2437613761376 1.4429040246478314e-21
441.34265628562855 1.442612204165602e-21
441.44155119511953 1.442320500853331e-21
441.54044610461045 1.4420289146410563e-21
441.63934101410143 1.4417374454588695e-21
441.73823592359236 1.4414460932369188e-21
441.83713083308334 1.4411548579054065e-21
441.93602574257426 1.4408637393945904e-21
442.03492065206524 1.4405727376347826e-21
442.13381556155616 1.4402818525563509e-21
442.2327104710471 1.4399910840897168e-21
442.33160538053806 1.4397004321653576e-21
442.430500290029 1.439409896713805e-21
442.52939519951997 1.4391194776656442e-21
442.6282901090109 1.438829174951518e-21
442.72718501850187 1.43853898850212e-21
442.8260799279928 1.4382489182482006e-21
442.9249748374838 1.4379589641205653e-21
443.0238697469747 1.4376691260500708e-21
443.1227646564657 1.4373794039676319e-21
443.2216595659566 1.4370897978042152e-21
443.3205544754475 1.436800307490842e-21
443.4194493849385 1.436510932958589e-21
443.5183442944294 1.436221674138585e-21
443.6172392039204 1.4359325309620145e-21
443.71613411341133 1.4356435033601159e-21
443.8150290229023 1.4353545912641801e-21
443.91392393239323 1.4350657946055538e-21
444.0128188418842 1.4347771133156362e-21
444.11171375137513 1.4344885473258812e-21
444.2106086608661 1.434200096567796e-21
444.30950357035704 1.433911760972941e-21
444.408398479848 1.4336235404729317e-21
444.50729338933894 1.4333354349994365e-21
444.60618829882986 1.4330474444841762e-21
444.70508320832084 1.4327595688589265e-21
444.80397811781177 1.4324718080555171e-21
444.90287302730275 1.4321841620058287e-21
445.00176793679367 1.4318966306417975e-21
445.10066284628465 1.4316092138954119e-21
445.1995577557756 1.4313219116987148e-21
445.29845266526655 1.4310347239838006e-21
445.3973475747575 1.4307476506828181e-21
445.49624248424846 1.4304606917279685e-21
445.5951373937394 1.4301738470515063e-21
445.6940323032303 1.4298871165857389e-21
445.7929272127213 1.4296005002630268e-21
445.8918221222122 1.4293139980157832e-21
445.9907170317032 1.4290276097764745e-21
446.0896119411941 1.4287413354776195e-21
446.1885068506851 1.428455175051789e-21
446.287401760176 1.4281691284316086e-21
446.386296669667 1.4278831955497541e-21
446.4851915791579 1.4275973763389556e-21
446.5840864886489 1.4273116707319952e-21
446.6829813981398 1.4270260786617072e-21
446.7818763076308 1.4267406000609782e-21
446.8807712171217 1.4264552348627482e-21
446.97966612661264 1.4261699830000082e-21
447.0785610361036 1.4258848444058021e-21
447.17745594559455 1.425599819013227e-21
447.2763508550855 1.4253149067554295e-21
447.37524576457645 1.4250301075656116e-21
447.4741406740674 1.4247454213770247e-21
447.57303558355835 1.4244608481229737e-21
447.67193049304933 1.4241763877368153e-21
447.77082540254025 1.4238920401519581e-21
447.86972031203123 1.4236078053018612e-21
447.96861522152216 1.423323683120038e-21
448.0675101310131 1.4230396735400518e-21
448.16640504050406 1.422755776495518e-21
448.265299949995 1.4224719919201039e-21
448.36419485948596 1.4221883197475286e-21
448.4630897689769 1.4219047599115627e-21
448.56198467846787 1.4216213123460279e-21
448.6608795879588 1.4213379769847977e-21
448.75977449744977 1.4210547537617971e-21
448.8586694069407 1.4207716426110018e-21
448.9575643164317 1.4204886434664408e-21
449.0564592259226 1.4202057562621907e-21
449.1553541354136 1.4199229809323835e-21
449.2542490449045 1.4196403174112002e-21
449.3531439543954 1.4193577656328725e-21
449.4520388638864 1.419075325531684e-21
449.5509337733773 1.4187929970419695e-21
449.6498286828683 1.4185107800981143e-21
449.7487235923592 1.4182286746345547e-21
449.8476185018502 1.4179466805857784e-21
449.94651341134113 1.4176647978863232e-21
450.0454083208321 1.4173830264707783e-21
450.14430323032303 1.4171013662737833e-21
450.243198139814 1.4168198172300277e-21
450.34209304930494 1.4165383792742537e-21
450.44098795879586 1.4162570523412527e-21
450.53988286828684 1.4159758363658656e-21
450.63877777777776 1.4156947312829865e-21
450.73767268726874 1.4154137370275577e-21
450.83656759675966 1.4151328535345733e-21
450.93546250625064 1.4148520807390762e-21
451.03435741574157 1.4145714185761611e-21
451.13325232523255 1.4142908669809726e-21
451.23214723472347 1.4140104258887047e-21
451.33104214421445 1.4137300952346018e-21
451.4299370537054 1.4134498749539604e-21
451.52883196319635 1.4131697649821234e-21
451.6277268726873 1.4128897652544874e-21
451.7266217821782 1.4126098757064962e-21
451.8255166916692 1.4123300962736447e-21
451.9244116011601 1.4120504268914782e-21
452.0233065106511 1.4117708674955903e-21
452.122201420142 1.4114914180216267e-21
452.221096329633 1.41121207840528e-21
452.3199912391239 1.4109328485822943e-21
452.4188861486149 1.410653728488463e-21
452.5177810581058 1.4103747180596294e-21
452.6166759675968 1.4100958172316856e-21
452.7155708770877 1.4098170259405733e-21
452.81446578657864 1.4095383441222845e-21
452.9133606960696 1.4092597717128593e-21
453.01225560556054 1.408981308648388e-21
453.1111505150515 1.40870295486501e-21
453.21004542454244 1.4084247102989142e-21
453.3089403340334 1.4081465748863386e-21
453.40783524352435 1.4078685485635703e-21
453.5067301530153 1.407590631266945e-21
453.60562506250625 1.4073128229328484e-21
453.70451997199723 1.4070351234977146e-21
453.80341488148815 1.4067575328980268e-21
453.90230979097913 1.4064800510703171e-21
454.00120470047005 1.4062026779511668e-21
454.100099609961 1.4059254134772055e-21
454.19899451945196 1.4056482575851121e-21
454.2978894289429 1.4053712102116143e-21
454.39678433843386 1.4050942712934868e-21
454.4956792479248 1.404817440767556e-21
454.59457415741576 1.4045407185706952e-21
454.6934690669067 1.404264104639825e-21
454.79236397639767 1.4039875989119164e-21
454.8912588858886 1.4037112013239896e-21
454.99015379537957 1.4034349118131105e-21
455.0890487048705 1.4031587303163946e-21
455.1879436143614 1.402882656771007e-21
455.2868385238524 1.4026066911141593e-21
455.3857334333433 1.4023308332831124e-21
455.4846283428343 1.4020550832151744e-21
455.5835232523252 1.401779440847703e-21
455.6824181618162 1.4015039061181027e-21
455.7813130713071 1.4012284789638265e-21
455.8802079807981 1.4009531593223752e-21
455.979102890289 1.4006779471312987e-21
456.07799779978 1.4004028423281924e-21
456.17689270927093 1.400127844850703e-21
456.27578761876185 1.3998529546365215e-21
456.37468252825283 1.3995781716233889e-21
456.47357743774376 1.3993034957490934e-21
456.57247234723474 1.3990289269514704e-21
456.67136725672566 1.3987544651684041e-21
456.77026216621664 1.3984801103378247e-21
456.86915707570756 1.3982058623977112e-21
456.96805198519854 1.3979317212860896e-21
457.06694689468947 1.3976576869410336e-21
457.16584180418045 1.3973837593006639e-21
457.26473671367137 1.3971099383031494e-21
457.36363162316235 1.396836223886705e-21
457.46252653265327 1.396562615989595e-21
457.5614214421442 1.3962891145501282e-21
457.6603163516352 1.3960157195066623e-21
457.7592112611261 1.3957424307976026e-21
457.8581061706171 1.3954692483613998e-21
457.957001080108 1.3951961721365533e-21
458.055895989599 1.394923202061609e-21
458.1547908990899 1.3946503380751589e-21
458.2536858085809 1.3943775801158432e-21
458.3525807180718 1.3941049281223481e-21
458.4514756275628 1.3938323820334077e-21
458.5503705370537 1.3935599417878012e-21
458.64926544654463 1.3932876073243552e-21
458.7481603560356 1.3930153785819448e-21
458.84705526552654 1.3927432554994894e-21
458.9459501750175 1.3924712380159556e-21
459.04484508450844 1.3921993260703572e-21
459.1437399939994 1.3919275196017546e-21
459.24263490349034 1.3916558185492539e-21
459.3415298129813 1.3913842228520077e-21
459.44042472247224 1.3911127324492162e-21
459.5393196319632 1.3908413472801245e-21
459.63821454145415 1.3905700672840243e-21
459.7371094509451 1.3902988924002544e-21
459.83600436043605 1.3900278225681997e-21
459.934899269927 1.3897568577272899e-21
460.03379417941795 1.389485997817002e-21
460.1326890889089 1.3892152427768593e-21
460.23158399839986 1.3889445925464308e-21
460.3304789078908 1.3886740470653311e-21
460.42937381738176 1.3884036062732214e-21
460.5282687268727 1.388133270109808e-21
460.62716363636366 1.3878630385148443e-21
460.7260585458546 1.3875929114281287e-21
460.82495345534556 1.3873228887895048e-21
460.9238483648365 1.3870529705388643e-21
461.0227432743274 1.3867831566161414e-21
461.1216381838184 1.3865134469613182e-21
461.2205330933093 1.3862438415144218e-21
461.3194280028003 1.3859743402155249e-21
461.4183229122912 1.385704943004746e-21
461.5172178217822 1.3854356498222482e-21
461.6161127312731 1.3851664606082408e-21
461.7150076407641 1.384897375302978e-21
461.813902550255 1.3846283938467606e-21
461.912797459746 1.3843595161799329e-21
462.0116923692369 1.3840907422428855e-21
462.1105872787279 1.3838220719760547e-21
462.20948218821883 1.3835535053199214e-21
462.30837709770975 1.3832850422150108e-21
462.40727200720073 1.3830166826018952e-21
462.50616691669165 1.3827484264211905e-21
462.60506182618263 1.3824802736135572e-21
462.70395673567356 1.3822122241197026e-21
462.80285164516454 1.3819442778803767e-21
462.90174655465546 1.381676434836377e-21
463.00064146414644 1.3814086949285434e-21
463.09953637363736 1.3811410580977624e-21
463.19843128312834 1.3808735242849641e-21
463.29732619261927 1.380606093431123e-21
463.3962211021102 1.3803387654772607e-21
463.49511601160117 1.3800715403644398e-21
463.5940109210921 1.3798044180337713e-21
463.6929058305831 1.379537398426408e-21
463.791800740074 1.3792704814835492e-21
463.890695649565 1.3790036671464363e-21
463.9895905590559 1.3787369553563565e-21
464.0884854685469 1.3784703460546424e-21
464.1873803780378 1.3782038391826695e-21
464.2862752875288 1.3779374346818574e-21
464.3851701970197 1.3776711324936715e-21
464.4840651065107 1.3774049325596203e-21
464.5829600160016 1.3771388348212566e-21
464.68185492549253 1.3768728392201775e-21
464.7807498349835 1.3766069456980244e-21
464.87964474447443 1.376341154196482e-21
464.9785396539654 1.3760754646572797e-21
465.07743456345634 1.3758098770221915e-21
465.1763294729473 1.3755443912330336e-21
465.27522438243824 1.3752790072316677e-21
465.3741192919292 1.3750137249599984e-21
465.47301420142014 1.3747485443599748e-21
465.5719091109111 1.3744834653735895e-21
465.67080402040204 1.3742184879428783e-21
465.76969892989297 1.3739536120099218e-21
465.86859383938395 1.3736888375168429e-21
465.96748874887487 1.3734241644058093e-21
466.06638365836585 1.3731595926190318e-21
466.1652785678568 1.3728951220987648e-21
466.26417347734775 1.3726307527873058e-21
466.3630683868387 1.3723664846269966e-21
466.46196329632966 1.3721023175602216e-21
466.5608582058206 1.3718382515294085e-21
466.65975311531156 1.3715742864770293e-21
466.7586480248025 1.3713104223455988e-21
466.8575429342934 1.3710466590776744e-21
466.9564378437844 1.3707829966158574e-21
467.0553327532753 1.3705194349027924e-21
467.1542276627663 1.3702559738811663e-21
467.2531225722572 1.3699926134937107e-21
467.3520174817482 1.369729353683198e-21
467.4509123912391 1.3694661943924456e-21
467.5498073007301 1.3692031355643124e-21
467.648702210221 1.3689401771417014e-21
467.747597119712 1.3686773190675579e-21
467.8464920292029 1.3684145612848704e-21
467.9453869386939 1.3681519037366694e-21
468.0442818481848 1.3678893463660286e-21
468.14317675767575 1.3676268891160656e-21
468.2420716671667 1.3673645319299389e-21
468.34096657665765 1.3671022747508502e-21
468.43986148614863 1.3668401175220435e-21
468.53875639563955 1.3665780601868077e-21
468.63765130513053 1.366316102688471e-21
468.73654621462146 1.3660542449704058e-21
468.83544112411244 1.3657924869760261e-21
468.93433603360336 1.3655308286487902e-21
469.03323094309434 1.3652692699321955e-21
469.13212585258526 1.3650078107697857e-21
469.2310207620762 1.3647464511051434e-21
469.32991567156716 1.364485190881896e-21
469.4288105810581 1.3642240300437106e-21
469.52770549054907 1.3639629685342984e-21
469.62660040004 1.3637020062974128e-21
469.72549530953097 1.3634411432768473e-21
469.8243902190219 1.3631803794164398e-21
469.9232851285129 1.3629197146600692e-21
470.0221800380038 1.362659148951656e-21
470.1210749474948 1.3623986822351634e-21
470.2199698569857 1.362138314454596e-21
470.3188647664767 1.3618780455540011e-21
470.4177596759676 1.3616178754774664e-21
470.5166545854585 1.3613578041691216e-21
470.6155494949495 1.3610978315731403e-21
470.7144444044404 1.360837957633735e-21
470.8133393139314 1.3605781822951614e-21
470.91223422342233 1.360318505501717e-21
471.0111291329133 1.3600589271977394e-21
471.11002404240423 1.3597994473276103e-21
471.2089189518952 1.3595400658357498e-21
471.30781386138614 1.359280782666622e-21
471.4067087708771 1.3590215977647318e-21
471.50560368036804 1.3587625110746246e-21
471.60449858985896 1.358503522540888e-21
471.70339349934994 1.3582446321081507e-21
471.80228840884087 1.3579858397210829e-21
471.90118331833185 1.3577271453243952e-21
472.00007822782277 1.3574685488628414e-21
472.09897313731375 1.357210050281214e-21
472.1978680468047 1.3569516495243484e-21
472.29676295629565 1.3566933465371201e-21
472.3956578657866 1.3564351412644463e-21
472.49455277527755 1.356177033651285e-21
472.5934476847685 1.3559190236426356e-21
472.69234259425946 1.3556611111835367e-21
472.7912375037504 1.355403296219071e-21
472.8901324132413 1.3551455786943586e-21
472.9890273227323 1.3548879585545632e-21
473.0879222322232 1.3546304357448874e-21
473.1868171417142 1.3543730102105756e-21
473.2857120512051 1.3541156818969127e-21
473.3846069606961 1.3538584507492238e-21
473.483501870187 1.3536013167128758e-21
473.582396779678 1.3533442797332747e-21
473.6812916891689 1.3530873397558686e-21
473.7801865986599 1.3528304967261449e-21
473.8790815081508 1.352573750589632e-21
473.97797641764174 1.3523171012918988e-21
474.0768713271327 1.3520605487785547e-21
474.17576623662364 1.3518040929952497e-21
474.2746611461146 1.3515477338876727e-21
474.37355605560555 1.3512914714015556e-21
474.4724509650965 1.3510353054826672e-21
474.57134587458745 1.3507792360768197e-21
474.67024078407843 1.350523263129864e-21
474.76913569356935 1.3502673865876908e-21
474.86803060306033 1.3500116063962319e-21
474.96692551255126 1.3497559225014586e-21
475.06582042204224 1.3495003348493817e-21
475.16471533153316 1.3492448433860546e-21
475.2636102410241 1.3489894480575663e-21
475.36250515051506 1.34873414881005e-21
475.461400060006 1.3484789455896763e-21
475.56029496949697 1.3482238383426567e-21
475.6591898789879 1.3479688270152423e-21
475.75808478847887 1.3477139115537235e-21
475.8569796979698 1.3474590919044315e-21
475.95587460746077 1.347204368013736e-21
476.0547695169517 1.3469497398280475e-21
476.1536644264427 1.3466952072938155e-21
476.2525593359336 1.3464407703575298e-21
476.3514542454245 1.3461864289657187e-21
476.4503491549155 1.3459321830649504e-21
476.5492440644064 1.3456780326018334e-21
476.6481389738974 1.3454239775230143e-21
476.7470338833883 1.3451700177751814e-21
476.8459287928793 1.3449161533050592e-21
476.94482370237023 1.3446623840594148e-21
477.0437186118612 1.3444087099850523e-21
477.14261352135213 1.3441551310288161e-21
477.2415084308431 1.3439016471375895e-21
477.34040334033403 1.3436482582582956e-21
477.439298249825 1.3433949643378956e-21
477.53819315931594 1.3431417653233915e-21
477.63708806880686 1.3428886611618224e-21
477.73598297829784 1.342635651800268e-21
477.83487788778876 1.3423827371858471e-21
477.93377279727974 1.3421299172657157e-21
478.03266770677067 1.3418771919870716e-21
478.13156261626165 1.3416245612971482e-21
478.23045752575257 1.341372025143221e-21
478.32935243524355 1.3411195834726026e-21
478.4282473447345 1.3408672362326442e-21
478.52714225422545 1.3406149833707368e-21
478.6260371637164 1.3403628248343097e-21
478.7249320732073 1.340110760570831e-21
478.8238269826983 1.339858790527807e-21
478.9227218921892 1.3396069146527835e-21
479.0216168016802 1.3393551328933438e-21
479.1205117111711 1.3391034451971121e-21
479.2194066206621 1.3388518515117472e-21
479.318301530153 1.3386003517849502e-21
479.417196439644 1.3383489459644592e-21
479.5160913491349 1.3380976339980504e-21
479.6149862586259 1.3378464158335383e-21
479.7138811681168 1.337595291418777e-21
479.81277607760774 1.3373442607016577e-21
479.9116709870987 1.3370933236301106e-21
480.01056589658964 1.3368424801521035e-21
480.1094608060806 1.3365917302156429e-21
480.20835571557154 1.3363410737687745e-21
480.3072506250625 1.3360905107595794e-21
480.40614553455345 1.3358400411361793e-21
480.5050404440444 1.3355896648467338e-21
480.60393535353535 1.335339381839439e-21
480.7028302630263 1.335089192062531e-21
480.80172517251725 1.3348390954642818e-21
480.90062008200823 1.3345890919930031e-21
480.99951499149915 1.334339181597044e-21
481.0984099009901 1.3340893642247907e-21
481.19730481048106 1.3338396398246684e-21
481.296199719972 1.3335900083451391e-21
481.39509462946296 1.3333404697347035e-21
481.4939895389539 1.3330910239419e-21
481.59288444844486 1.3328416709153033e-21
481.6917793579358 1.3325924106035282e-21
481.79067426742677 1.3323432429552245e-21
481.8895691769177 1.3320941679190818e-21
481.98846408640867 1.3318451854438259e-21
482.0873589958996 1.3315962954782206e-21
482.1862539053905 1.3313474979710672e-21
482.2851488148815 1.3310987928712043e-21
482.3840437243724 1.3308501801275088e-21
482.4829386338634 1.330601659688894e-21
482.5818335433543 1.330353231504311e-21
482.6807284528453 1.3301048955227474e-21
482.7796233623362 1.3298566516932298e-21
482.8785182718272 1.3296084999648207e-21
482.9774131813181 1.3293604402866206e-21
483.0763080908091 1.329112472607767e-21
483.17520300030003 1.3288645968774334e-21
483.274097909791 1.3286168130448318e-21
483.37299281928193 1.3283691210592115e-21
483.47188772877286 1.328121520869858e-21
483.57078263826384 1.3278740124260944e-21
483.66967754775476 1.3276265956772806e-21
483.76857245724574 1.3273792705728134e-21
483.86746736673666 1.3271320370621262e-21
483.96636227622764 1.32688489509469e-21
484.06525718571856 1.3266378446200124e-21
484.16415209520954 1.3263908855876378e-21
484.26304700470047 1.3261440179471476e-21
484.36194191419145 1.325897241648159e-21
484.46083682368237 1.325650556640328e-21
484.5597317331733 1.3254039628733443e-21
484.6586266426643 1.3251574602969373e-21
484.7575215521552 1.3249110488608706e-21
484.8564164616462 1.3246647285149467e-21
484.9553113711371 1.3244184992090032e-21
485.0542062806281 1.3241723608929135e-21
485.153101190119 1.3239263135165897e-21
485.25199609961 1.3236803570299791e-21
485.3508910091009 1.323434491383065e-21
485.4497859185919 1.3231887165258677e-21
485.5486808280828 1.322943032408444e-21
485.6475757375738 1.3226974389808863e-21
485.7464706470647 1.3224519361933253e-21
485.84536555655563 1.322206523995925e-21
485.9442604660466 1.3219612023388874e-21
486.04315537553754 1.3217159711724516e-21
486.1420502850285 1.321470830446891e-21
486.24094519451944 1.3212257801125154e-21
486.3398401040104 1.3209808201196721e-21
486.43873501350134 1.3207359504187432e-21
486.5376299229923 1.320491170960147e-21
486.63652483248325 1.3202464816943385e-21
486.7354197419742 1.3200018825718076e-21
486.83431465146515 1.3197573735430817e-21
486.9332095609561 1.3195129545587225e-21
487.03210447044705 1.3192686255693286e-21
487.130999379938 1.3190243865255344e-21
487.22989428942896 1.318780237378009e-21
487.3287891989199 1.3185361780774584e-21
487.42768410841086 1.3182922085746248e-21
487.5265790179018 1.3180483288202852e-21
487.62547392739276 1.3178045387652523e-21
487.7243688368837 1.3175608383603748e-21
487.82326374637466 1.3173172275565363e-21
487.9221586558656 1.3170737063046575e-21
488.02105356535657 1.3168302745556931e-21
488.1199484748475 1.3165869322606347e-21
488.2188433843384 1.3163436793705078e-21
488.3177382938294 1.3161005158363752e-21
488.4166332033203 1.3158574416093336e-21
488.5155281128113 1.3156144566405155e-21
488.6144230223022 1.3153715608810898e-21
488.7133179317932 1.3151287542822598e-21
488.8122128412841 1.3148860367952635e-21
488.9111077507751 1.3146434083713748e-21
489.010002660266 1.3144008689619042e-21
489.108897569757 1.314158418518195e-21
489.2077924792479 1.3139160569916273e-21
489.30668738873885 1.3136737843336166e-21
489.40558229822983 1.3134316004956113e-21
489.50447720772075 1.3131895054290974e-21
489.60337211721173 1.3129474990855951e-21
489.70226702670266 1.3127055814166593e-21
489.80116193619364 1.3124637523738799e-21
489.90005684568456 1.312222011908882e-21
489.99895175517554 1.3119803599733254e-21
490.09784666466646 1.3117387965189052e-21
490.19674157415744 1.3114973214973517e-21
490.29563648364837 1.3112559348604284e-21
490.39453139313935 1.3110146365599357e-21
490.49342630263027 1.3107734265477072e-21
490.5923212121212 1.3105323047756127e-21
490.6912161216122 1.3102912711955539e-21
490.7901110311031 1.3100503257594715e-21
490.8890059405941 1.3098094684193365e-21
490.987900850085 1.3095686991271578e-21
491.086795759576 1.3093280178349771e-21
491.1856906690669 1.309087424494871e-21
491.2845855785579 1.308846919058951e-21
491.3834804880488 1.3086065014793626e-21
491.4823753975398 1.3083661717082863e-21
491.5812703070307 1.3081259296979368e-21
491.68016521652163 1.307885775400563e-21
491.7790601260126 1.3076457087684484e-21
491.87795503550353 1.307405729753911e-21
491.9768499449945 1.3071658383093028e-21
492.07574485448544 1.3069260343870101e-21
492.1746397639764 1.3066863179394538e-21
492.27353467346734 1.3064466889190881e-21
492.3724295829583 1.3062071472784024e-21
492.47132449244924 1.3059676929699203e-21
492.5702194019402 1.3057283259461988e-21
492.66911431143114 1.3054890461598297e-21
492.76800922092207 1.3052498535634379e-21
492.86690413041305 1.3050107481096833e-21
492.96579903990397 1.3047717297512598e-21
493.06469394939495 1.304532798440894e-21
493.1635888588859 1.3042939541313486e-21
493.26248376837685 1.3040551967754184e-21
493.3613786778678 1.3038165263259325e-21
493.46027358735876 1.3035779427357541e-21
493.5591684968497 1.3033394459577807e-21
493.65806340634066 1.3031010359449427e-21
493.7569583158316 1.3028627126502044e-21
493.85585322532256 1.3026244760265647e-21
493.9547481348135 1.3023863260270551e-21
494.0536430443044 1.3021482626047416e-21
494.1525379537954 1.3019102857127232e-21
494.2514328632863 1.3016723953041334e-21
494.3503277727773 1.3014345913321381e-21
494.4492226822682 1.3011968737499376e-21
494.5481175917592 1.3009592425107656e-21
494.6470125012501 1.3007216975678891e-21
494.7459074107411 1.3004842388746088e-21
494.844802320232 1.3002468663842587e-21
494.943697229723 1.3000095800502056e-21
495.0425921392139 1.2997723798258522e-21
495.14148704870485 1.2995352656646303e-21
495.2403819581958 1.2992982375200089e-21
495.33927686768675 1.2990612953454882e-21
495.43817177717773 1.2988244390946027e-21
495.53706668666865 1.298587668720919e-21
495.63596159615963 1.2983509841780384e-21
495.73485650565055 1.2981143854195938e-21
495.83375141514153 1.2978778723992518e-21
495.93264632463246 1.2976414450707137e-21
496.03154123412344 1.2974051033877105e-21
496.13043614361436 1.2971688473040102e-21
496.22933105310534 1.29693267677341e-21
496.32822596259626 1.2966965917497442e-21
496.4271208720872 1.296460592186876e-21
496.52601578157817 1.2962246780387033e-21
496.6249106910691 1.2959888492591582e-21
496.72380560056007 1.2957531058022042e-21
496.822700510051 1.2955174476218377e-21
496.921595419542 1.2952818746720873e-21
497.0204903290329 1.295046386907017e-21
497.1193852385239 1.29481098428072e-21
497.2182801480148 1.2945756667473254e-21
497.3171750575058 1.294340434260993e-21
497.4160699669967 1.2941052867759157e-21
497.5149648764876 1.2938702242463205e-21
497.6138597859786 1.2936352466264641e-21
497.7127546954695 1.2934003538706389e-21
497.8116496049605 1.2931655459331673e-21
497.91054451445143 1.2929308227684065e-21
498.0094394239424 1.292696184330744e-21
498.10833433343333 1.2924616305746018e-21
498.2072292429243 1.292227161454433e-21
498.30612415241524 1.2919927769247232e-21
498.4050190619062 1.291758476939991e-21
498.50391397139714 1.2915242614547876e-21
498.6028088808881 1.2912901304236954e-21
498.70170379037904 1.29105608380133e-21
498.80059869986997 1.2908221215423385e-21
498.89949360936095 1.2905882436014015e-21
498.99838851885187 1.2903544499332308e-21
499.09728342834285 1.2901207404925705e-21
499.19617833783377 1.2898871152341972e-21
499.29507324732475 1.2896535741129192e-21
499.3939681568157 1.2894201170835773e-21
499.49286306630665 1.2891867441010444e-21
499.5917579757976 1.2889534551202254e-21
499.69065288528856 1.2887202500960569e-21
499.7895477947795 1.288487128983507e-21
499.8884427042704 1.288254091737578e-21
499.9873376137614 1.2880211383133014e-21
500.0862325232523 1.2877882686657422e-21
500.1851274327433 1.2875554827499973e-21
500.2840223422342 1.2873227805211947e-21
500.3829172517252 1.287090161934494e-21
500.4818121612161 1.2868576269450882e-21
500.5807070707071 1.2866251755082001e-21
500.679601980198 1.2863928075790864e-21
500.778496889689 1.2861605231130333e-21
500.8773917991799 1.28592832206536e-21
500.9762867086709 1.2856962043914177e-21
501.0751816181618 1.285464170046587e-21
501.17407652765274 1.2852322189862828e-21
501.2729714371437 1.2850003511659505e-21
501.37186634663465 1.2847685665410666e-21
501.4707612561256 1.2845368650671399e-21
501.56965616561655 1.2843052466997098e-21
501.66855107510753 1.2840737113943482e-21
501.76744598459845 1.2838422591066577e-21
501.86634089408943 1.2836108897922724e-21
501.96523580358036 1.283379603406858e-21
502.06413071307134 1.2831483999061114e-21
502.16302562256226 1.282917279245761e-21
502.2619205320532 1.2826862413815667e-21
502.36081544154416 1.2824552862693189e-21
502.4597103510351 1.2822244138648398e-21
502.55860526052606 1.2819936241239823e-21
502.657500170017 1.2817629170026318e-21
502.75639507950797 1.2815322924567028e-21
502.8552899889989 1.2813017504421434e-21
502.95418489848987 1.2810712909149309e-21
503.0530798079808 1.2808409138310737e-21
503.1519747174718 1.280610619146613e-21
503.2508696269627 1.2803804068176194e-21
503.3497645364537 1.2801502768001943e-21
503.4486594459446 1.279920229050472e-21
503.5475543554355 1.2796902635246153e-21
503.6464492649265 1.2794603801788195e-21
503.7453441744174 1.2792305789693106e-21
503.8442390839084 1.2790008598523451e-21
503.94313399339933 1.2787712227842101e-21
504.0420289028903 1.278541667721225e-21
504.14092381238123 1.2783121946197377e-21
504.2398187218722 1.278082803436129e-21
504.33871363136313 1.2778534941268086e-21
504.4376085408541 1.277624266648218e-21
504.53650345034504 1.2773951209568301e-21
504.63539835983596 1.2771660570091456e-21
504.73429326932694 1.2769370747616996e-21
504.83318817881786 1.2767081741710552e-21
504.93208308830884 1.2764793551938064e-21
505.03097799779977 1.2762506177865782e-21
505.12987290729075 1.2760219619060262e-21
505.22876781678167 1.2757933875088369e-21
505.32766272627265 1.2755648945517258e-21
505.4265576357636 1.27533648299144e-21
505.52545254525455 1.275108152784757e-21
505.6243474547455 1.2748799038884838e-21
505.7232423642364 1.2746517362594591e-21
505.8221372737274 1.2744236498545516e-21
505.9210321832183 1.2741956446306582e-21
506.0199270927093 1.2739677205447091e-21
506.1188220022002 1.2737398775536627e-21
506.2177169116912 1.2735121156145091e-21
506.3166118211821 1.2732844346842673e-21
506.4155067306731 1.2730568347199874e-21
506.514401640164 1.2728293156787482e-21
506.613296549655 1.2726018775176614e-21
506.7121914591459 1.2723745201938664e-21
506.8110863686369 1.2721472436645326e-21
506.9099812781278 1.271920047886861e-21
507.00887618761874 1.2716929328180808e-21
507.1077710971097 1.2714658984154537e-21
507.20666600660064 1.271238944636269e-21
507.3055609160916 1.2710120714378467e-21
507.40445582558255 1.2707852787775366e-21
507.5033507350735 1.270558566612719e-21
507.60224564456445 1.270331934900804e-21
507.7011405540554 1.2701053835992302e-21
507.80003546354635 1.2698789126654676e-21
507.89893037303733 1.269652522057015e-21
507.99782528252825 1.2694262117314014e-21
508.0967201920192 1.269199981646186e-21
508.19561510151016 1.2689738317589569e-21
508.2945100110011 1.2687477620273311e-21
508.39340492049206 1.2685217724089575e-21
508.492299829983 1.268295862861513e-21
508.59119473947396 1.2680700333427043e-21
508.6900896489649 1.2678442838102681e-21
508.78898455845587 1.26761861422197e-21
508.8878794679468 1.2673930245356062e-21
508.98677437743777 1.2671675147090011e-21
509.0856692869287 1.2669420847000099e-21
509.1845641964197 1.2667167344665156e-21
509.2834591059106 1.266491463966433e-21
509.3823540154015 1.2662662731577033e-21
509.4812489248925 1.2660411619982996e-21
509.5801438343834 1.2658161304462227e-21
509.6790387438744 1.2655911784595042e-21
509.7779336533653 1.2653663059962032e-21
509.8768285628563 1.2651415130144104e-21
509.9757234723472 1.264916799472243e-21
510.0746183818382 1.2646921653278502e-21
510.17351329132913 1.264467610539408e-21
510.2724082008201 1.2642431350651229e-21
510.37130311031103 1.26401873886323e-21
510.47019801980196 1.2637944218919941e-21
510.56909292929294 1.2635701841097087e-21
510.66798783878386 1.2633460254746962e-21
510.76688274827484 1.2631219459453083e-21
510.86577765776576 1.2628979454799258e-21
510.96467256725674 1.2626740240369583e-21
511.06356747674766 1.2624501815748442e-21
511.16246238623864 1.2622264180520507e-21
511.26135729572957 1.2620027334270757e-21
511.36025220522055 1.2617791276584436e-21
511.45914711471147 1.2615556007047083e-21
511.55804202420245 1.2613321525244532e-21
511.6569369336934 1.2611087830762906e-21
511.7558318431843 1.2608854923188606e-21
511.8547267526753 1.2606622802108324e-21
511.9536216621662 1.2604391467109055e-21
512.0525165716572 1.2602160917778053e-21
512.1514114811481 1.2599931153702882e-21
512.250306390639 1.259770217447139e-21
512.34920130013 1.2595473979671693e-21
512.448096209621 1.2593246568892213e-21
512.5469911191119 1.259101994172165e-21
512.6458860286028 1.2588794097748993e-21
512.7447809380938 1.2586569036563516e-21
512.8436758475847 1.2584344757754773e-21
512.9425707570757 1.2582121260912603e-21
513.0414656665666 1.2579898545627137e-21
513.1403605760576 1.257767661148879e-21
513.2392554855485 1.257545545808826e-21
513.3381503950395 1.257323508501651e-21
513.4370453045304 1.2571015491864821e-21
513.5359402140214 1.256879667822474e-21
513.6348351235123 1.2566578643688083e-21
513.7337300330033 1.2564361387846972e-21
513.8326249424942 1.2562144910293812e-21
513.9315198519852 1.2559929210621271e-21
514.0304147614761 1.2557714288422302e-21
514.129309670967 1.2555500143290165e-21
514.228204580458 1.255328677481837e-21
514.327099489949 1.2551074182600742e-21
514.4259943994399 1.254886236623135e-21
514.5248893089308 1.254665132530457e-21
514.6237842184219 1.2544441059415047e-21
514.7226791279128 1.2542231568157721e-21
514.8215740374037 1.2540022851127793e-21
514.9204689468946 1.2537814907920753e-21
515.0193638563857 1.253560773813238e-21
515.1182587658766 1.2533401341358716e-21
515.2171536753675 1.2531195717196094e-21
515.3160485848584 1.252899086524112e-21
515.4149434943494 1.252678678509068e-21
515.5138384038404 1.2524583476341943e-21
515.6127333133313 1.2522380938592353e-21
515.7116282228222 1.2520179171439633e-21
515.8105231323132 1.2517978174481787e-21
515.9094180418042 1.2515777947317083e-21
516.0083129512951 1.251357848954408e-21
516.107207860786 1.2511379800761618e-21
516.206102770277 1.25091818805688e-21
516.304997679768 1.2506984728565015e-21
516.4038925892589 1.2504788344349923e-21
516.5027874987499 1.250259272752347e-21
516.6016824082408 1.2500397877685866e-21
516.7005773177317 1.2498203794437608e-21
516.7994722272227 1.2496010477379447e-21
516.8983671367137 1.2493817926112444e-21
516.9972620462046 1.2491626140237907e-21
517.0961569556955 1.248943511935743e-21
517.1950518651865 1.2487244863072881e-21
517.2939467746775 1.2485055370986399e-21
517.3928416841684 1.2482866642700402e-21
517.4917365936593 1.2480678677817578e-21
517.5906315031502 1.2478491475940884e-21
517.6895264126413 1.247630503667356e-21
517.7884213221322 1.2474119359619121e-21
517.8873162316231 1.2471934444381346e-21
517.986211141114 1.2469750290564291e-21
518.0851060506051 1.2467566897772277e-21
518.184000960096 1.2465384265609913e-21
518.2828958695869 1.246320239368207e-21
518.3817907790778 1.246102128159389e-21
518.4806856885689 1.2458840928950788e-21
518.5795805980598 1.2456661335358453e-21
518.6784755075507 1.2454482500422837e-21
518.7773704170417 1.2452304423750177e-21
518.8762653265326 1.245012710494697e-21
518.9751602360236 1.2447950543619986e-21
519.0740551455145 1.244577473937626e-21
519.1729500550055 1.2443599691823116e-21
519.2718449644964 1.244142540056812e-21
519.3707398739874 1.2439251865219124e-21
519.4696347834783 1.2437079085384258e-21
519.5685296929693 1.2434907060671895e-21
519.6674246024602 1.2432735790690703e-21
519.7663195119512 1.2430565275049597e-21
519.8652144214421 1.2428395513357784e-21
519.9641093309331 1.2426226505224711e-21
520.063004240424 1.2424058250260125e-21
520.1618991499149 1.2421890748074006e-21
520.260794059406 1.2419723998276625e-21
520.3596889688969 1.2417558000478521e-21
520.4585838783878 1.2415392754290487e-21
520.5574787878787 1.2413228259323593e-21
520.6563736973698 1.241106451518916e-21
520.7552686068607 1.24089015214988e-21
520.8541635163516 1.2406739277864375e-21
520.9530584258425 1.2404577783898014e-21
521.0519533353335 1.2402417039212111e-21
521.1508482448245 1.2400257043419332e-21
521.2497431543154 1.2398097796132605e-21
521.3486380638063 1.2395939296965118e-21
521.4475329732973 1.2393781545530332e-21
521.5464278827883 1.2391624541441961e-21
521.6453227922792 1.2389468284313995e-21
521.7442177017701 1.2387312773760683e-21
521.8431126112611 1.2385158009396549e-21
521.9420075207521 1.2383003990836353e-21
522.040902430243 1.2380850717695145e-21
522.139797339734 1.2378698189588225e-21
522.2386922492249 1.2376546406131165e-21
522.3375871587158 1.2374395366939791e-21
522.4364820682068 1.2372245071630193e-21
522.5353769776978 1.2370095519818728e-21
522.6342718871887 1.2367946711122013e-21
522.7331667966796 1.2365798645156925e-21
522.8320617061706 1.2363651321540605e-21
522.9309566156616 1.2361504739890446e-21
523.0298515251525 1.2359358899824123e-21
523.1287464346434 1.235721380095955e-21
523.2276413441344 1.2355069442914915e-21
523.3265362536254 1.2352925825308662e-21
523.4254311631163 1.2350782947759498e-21
523.5243260726072 1.2348640809886383e-21
523.6232209820982 1.234649941130854e-21
523.7221158915892 1.2344358751645465e-21
523.8210108010801 1.234221883051689e-21
523.919905710571 1.2340079647542829e-21
524.018800620062 1.2337941202343531e-21
524.117695529553 1.2335803494539524e-21
524.2165904390439 1.2333666523751587e-21
524.3154853485348 1.2331530289600759e-21
524.4143802580259 1.232939479170833e-21
524.5132751675168 1.2327260029695863e-21
524.6121700770077 1.2325126003185156e-21
524.7110649864986 1.2322992711798287e-21
524.8099598959896 1.2320860155157586e-21
524.9088548054806 1.2318728332885627e-21
525.0077497149715 1.231659724460525e-21
525.1066446244624 1.2314466889939552e-21
525.2055395339534 1.2312337268511894e-21
525.3044344434444 1.231020837994587e-21
525.4033293529353 1.2308080223865361e-21
525.5022242624262 1.2305952799894475e-21
525.6011191719172 1.2303826107657595e-21
525.7000140814082 1.2301700146779346e-21
525.7989089908991 1.2299574916884624e-21
525.89780390039 1.2297450417598565e-21
525.996698809881 1.2295326648546561e-21
526.0955937193719 1.2293203609354264e-21
526.1944886288629 1.2291081299647579e-21
526.2933835383539 1.2288959719052667e-21
526.3922784478448 1.2286838867195942e-21
526.4911733573357 1.2284718743704062e-21
526.5900682668267 1.2282599348203946e-21
526.6889631763177 1.2280480680322775e-21
526.7878580858086 1.227836273968797e-21
526.8867529952995 1.2276245525927206e-21
526.9856479047904 1.2274129038668422e-21
527.0845428142815 1.2272013277539785e-21
527.1834377237724 1.2269898242169747e-21
527.2823326332633 1.226778393218699e-21
527.3812275427542 1.226567034722044e-21
527.4801224522453 1.2263557486899303e-21
527.5790173617362 1.2261445350853011e-21
527.6779122712271 1.2259333938711257e-21
527.776807180718 1.2257223250103987e-21
527.8757020902091 1.2255113284661387e-21
527.9745969997 1.225300404201391e-21
528.0734919091909 1.2250895521792247e-21
528.1723868186818 1.2248787723627341e-21
528.2712817281728 1.2246680647150385e-21
528.3701766376638 1.2244574291992823e-21
528.4690715471547 1.2242468657786347e-21
528.5679664566456 1.2240363744162898e-21
528.6668613661366 1.2238259550754664e-21
528.7657562756276 1.2236156077194093e-21
528.8646511851185 1.2234053323113874e-21
528.9635460946095 1.2231951288146929e-21
529.0624410041004 1.2229849971926448e-21
529.1613359135914 1.222774937408587e-21
529.2602308230823 1.2225649494258871e-21
529.3591257325733 1.2223550332079377e-21
529.4580206420642 1.222145188718156e-21
529.5569155515551 1.2219354159199846e-21
529.6558104610461 1.2217257147768898e-21
529.7547053705371 1.2215160852523638e-21
529.853600280028 1.2213065273099228e-21
529.9524951895189 1.2210970409131065e-21
530.05139009901 1.220887626025481e-21
530.1502850085009 1.220678282610636e-21
530.2491799179918 1.2204690106321867e-21
530.3480748274827 1.220259810053772e-21
530.4469697369736 1.2200506808390543e-21
530.5458646464647 1.2198416229517224e-21
530.6447595559556 1.2196326363554894e-21
530.7436544654465 1.2194237210140917e-21
530.8425493749374 1.2192148768912907e-21
530.9414442844285 1.219006103950872e-21
531.0403391939194 1.218797402156647e-21
531.1392341034103 1.2185887714724496e-21
531.2381290129013 1.2183802118621383e-21
531.3370239223923 1.2181717232895967e-21
531.4359188318832 1.2179633057187325e-21
531.5348137413741 1.2177549591134783e-21
531.6337086508651 1.2175466834377894e-21
531.732603560356 1.2173384786556466e-21
531.831498469847 1.2171303447310548e-21
531.9303933793379 1.2169222816280424e-21
532.0292882888289 1.2167142893106633e-21
532.1281831983198 1.2165063677429934e-21
532.2270781078108 1.2162985168891351e-21
532.3259730173017 1.2160907367132142e-21
532.4248679267927 1.2158830271793799e-21
532.5237628362836 1.2156753882518061e-21
532.6226577457746 1.21546781989469e-21
532.7215526552656 1.2152603220722545e-21
532.8204475647565 1.2150528947487449e-21
532.9193424742474 1.2148455378884316e-21
533.0182373837383 1.2146382514556084e-21
533.1171322932294 1.214431035414592e-21
533.2160272027203 1.2142238897297263e-21
533.3149221122112 1.2140168143653754e-21
533.4138170217021 1.2138098092859302e-21
533.5127119311932 1.213602874455803e-21
533.6116068406841 1.2133960098394324e-21
533.710501750175 1.2131892154012794e-21
533.8093966596659 1.2129824911058289e-21
533.908291569157 1.2127758369175897e-21
534.0071864786479 1.2125692528010954e-21
534.1060813881388 1.2123627387209011e-21
534.2049762976297 1.2121562946415891e-21
534.3038712071207 1.2119499205277613e-21
534.4027661166117 1.2117436163440463e-21
534.5016610261026 1.211537382055096e-21
534.6005559355935 1.2113312176255851e-21
534.6994508450845 1.2111251230202129e-21
534.7983457545755 1.2109190982037001e-21
534.8972406640664 1.210713143140794e-21
534.9961355735574 1.2105072577962642e-21
535.0950304830483 1.210301442134904e-21
535.1939253925392 1.2100956961215291e-21
535.2928203020302 1.2098900197209816e-21
535.3917152115212 1.209684412898123e-21
535.4906101210121 1.2094788756178422e-21
535.589505030503 1.2092734078450498e-21
535.688399939994 1.2090680095446792e-21
535.787294849485 1.208862680681689e-21
535.8861897589759 1.2086574212210597e-21
535.9850846684668 1.2084522311277962e-21
536.0839795779578 1.208247110366926e-21
536.1828744874488 1.2080420589035003e-21
536.2817693969397 1.2078370767025942e-21
536.3806643064306 1.2076321637293048e-21
536.4795592159215 1.207427319948754e-21
536.5784541254126 1.2072225453260858e-21
536.6773490349035 1.2070178398264682e-21
536.7762439443944 1.2068132034150924e-21
536.8751388538853 1.2066086360571726e-21
536.9740337633764 1.2064041377179453e-21
537.0729286728673 1.2061997083626724e-21
537.1718235823582 1.2059953479566367e-21
537.2707184918492 1.205791056465146e-21
537.3696134013402 1.2055868338535294e-21
537.4685083108311 1.2053826800871415e-21
537.567403220322 1.2051785951313568e-21
537.666298129813 1.2049745789515762e-21
537.7651930393039 1.2047706315132209e-21
537.8640879487949 1.2045667527817377e-21
537.9629828582858 1.2043629427225934e-21
538.0618777677768 1.2041592013012806e-21
538.1607726772677 1.2039555284833137e-21
538.2596675867587 1.203751924234229e-21
538.3585624962496 1.2035483885195882e-21
538.4574574057406 1.2033449213049744e-21
538.5563523152315 1.2031415225559934e-21
538.6552472247225 1.2029381922382738e-21
538.7541421342135 1.2027349303174679e-21
538.8530370437044 1.2025317367592506e-21
538.9519319531953 1.2023286115293198e-21
539.0508268626862 1.2021255545933953e-21
539.1497217721773 1.2019225659172198e-21
539.2486166816682 1.20171964546656e-21
539.3475115911591 1.201516793207205e-21
539.44640650065 1.2013140091049657e-21
539.5453014101411 1.201111293125676e-21
539.644196319632 1.2009086452351933e-21
539.7430912291229 1.2007060653993967e-21
539.8419861386138 1.2005035535841887e-21
539.9408810481048 1.2003011097554932e-21
540.0397759575958 1.2000987338792591e-21
540.1386708670867 1.1998964259214554e-21
540.2375657765776 1.199694185848075e-21
540.3364606860686 1.1994920136251332e-21
540.4353555955596 1.1992899092186674e-21
540.5342505050505 1.1990878725947388e-21
540.6331454145414 1.198885903719429e-21
540.7320403240324 1.198684002558844e-21
540.8309352335234 1.1984821690791113e-21
540.9298301430143 1.198280403246381e-21
541.0287250525053 1.1980787050268263e-21
541.1276199619962 1.1978770743866413e-21
541.2265148714871 1.1976755112920438e-21
541.3254097809781 1.1974740157092737e-21
541.4243046904691 1.1972725876045936e-21
541.52319959996 1.1970712269442873e-21
541.6220945094509 1.1968699336946626e-21
541.7209894189419 1.1966687078220473e-21
541.8198843284329 1.1964675492927941e-21
541.9187792379238 1.1962664580732762e-21
542.0176741474147 1.1960654341298894e-21
542.1165690569057 1.1958644774290521e-21
542.2154639663967 1.1956635879372048e-21
542.3143588758876 1.1954627656208103e-21
542.4132537853785 1.195262010446353e-21
542.5121486948694 1.1950613223803396e-21
542.6110436043605 1.1948607013893e-21
542.7099385138514 1.194660147439785e-21
542.8088334233423 1.1944596604983678e-21
542.9077283328332 1.1942592405316437e-21
543.0066232423243 1.1940588875062306e-21
543.1055181518152 1.1938586013887677e-21
543.2044130613061 1.193658382145917e-21
543.303307970797 1.1934582297443616e-21
543.402202880288 1.1932581441508076e-21
543.501097789779 1.1930581253319817e-21
543.5999926992699 1.1928581732546343e-21
543.6988876087609 1.1926582878855368e-21
543.7977825182518 1.192458469191482e-21
543.8966774277428 1.1922587171392852e-21
543.9955723372337 1.1920590316957846e-21
544.0944672467247 1.1918594128278378e-21
544.1933621562156 1.1916598605023268e-21
544.2922570657066 1.191460374686154e-21
544.3911519751975 1.1912609553462443e-21
544.4900468846885 1.1910616024495433e-21
544.5889417941794 1.19086231596302e-21
544.6878367036703 1.1906630958536633e-21
544.7867316131614 1.1904639420884859e-21
544.8856265226523 1.190264854634521e-21
544.9845214321432 1.1900658334588234e-21
545.0834163416341 1.1898668785284695e-21
545.1823112511252 1.1896679898105582e-21
545.2812061606161 1.18946916727221e-21
545.380101070107 1.189270410880566e-21
545.4789959795979 1.18907172060279e-21
545.577890889089 1.188873096406067e-21
545.6767857985799 1.1886745382576034e-21
545.7756807080708 1.1884760461246274e-21
545.8745756175617 1.1882776199743888e-21
545.9734705270527 1.1880792597741582e-21
546.0723654365437 1.1878809654912295e-21
546.1712603460346 1.1876827370929163e-21
546.2701552555255 1.187484574546554e-21
546.3690501650165 1.1872864778195006e-21
546.4679450745075 1.1870884468791341e-21
546.5668399839984 1.186890481692855e-21
546.6657348934893 1.1866925822280843e-21
546.7646298029803 1.1864947484522651e-21
546.8635247124713 1.1862969803328615e-21
546.9624196219622 1.1860992778373597e-21
547.0613145314531 1.1859016409332665e-21
547.1602094409441 1.1857040695881093e-21
547.259104350435 1.1855065637694388e-21
547.357999259926 1.1853091234448254e-21
547.456894169417 1.185111748581861e-21
547.5557890789079 1.1849144391481593e-21
547.6546839883988 1.1847171951113553e-21
547.7535788978898 1.184520016439104e-21
547.8524738073808 1.1843229030990832e-21
547.9513687168717 1.1841258550589907e-21
548.0502636263626 1.1839288722865462e-21
548.1491585358535 1.1837319547494901e-21
548.2480534453446 1.183535102415584e-21
548.3469483548355 1.1833383152526113e-21
548.4458432643264 1.1831415932283751e-21
548.5447381738173 1.1829449363107015e-21
548.6436330833084 1.1827483444674349e-21
548.7425279927993 1.182551817666444e-21
548.8414229022902 1.1823553558756166e-21
548.9403178117811 1.1821589590628616e-21
549.0392127212722 1.1819626271961089e-21
549.1381076307631 1.1817663602433101e-21
549.237002540254 1.181570158172437e-21
549.335897449745 1.1813740209514832e-21
549.4347923592359 1.1811779485484619e-21
549.5336872687269 1.180981940931408e-21
549.6325821782178 1.1807859980683783e-21
549.7314770877088 1.1805901199274486e-21
549.8303719971997 1.1803943064767166e-21
549.9292669066907 1.180198557684301e-21
550.0281618161816 1.1800028735183403e-21
550.1270567256726 1.1798072539469947e-21
550.2259516351635 1.179611698938446e-21
550.3248465446545 1.1794162084608942e-21
550.4237414541454 1.1792207824825634e-21
550.5226363636364 1.1790254209716951e-21
550.6215312731273 1.1788301238965542e-21
550.7204261826182 1.1786348912254242e-21
550.8193210921092 1.178439722926611e-21
550.9182160016002 1.1782446189684401e-21
551.0171109110911 1.1780495793192589e-21
551.116005820582 1.1778546039474343e-21
551.214900730073 1.177659692821353e-21
551.313795639564 1.1774648459094244e-21
551.4126905490549 1.1772700631800774e-21
551.5115854585458 1.1770753446017616e-21
551.6104803680369 1.1768806901429468e-21
551.7093752775278 1.176686099772124e-21
551.8082701870187 1.1764915734578052e-21
551.9071650965096 1.1762971111685206e-21
552.0060600060006 1.1761027128728233e-21
552.1049549154916 1.1759083785392858e-21
552.2038498249825 1.1757141081365011e-21
552.3027447344734 1.1755199016330835e-21
552.4016396439644 1.1753257589976663e-21
552.5005345534554 1.1751316801989035e-21
552.5994294629463 1.1749376652054716e-21
552.6983243724372 1.1747437139860643e-21
552.7972192819282 1.1745498265093978e-21
552.8961141914191 1.174356002744208e-21
552.9950091009101 1.1741622426592504e-21
553.093904010401 1.1739685462233025e-21
553.192798919892 1.1737749134051607e-21
553.2916938293829 1.1735813441736422e-21
553.3905887388739 1.1733878384975845e-21
553.4894836483649 1.1731943963458452e-21
553.5883785578558 1.1730010176873021e-21
553.6872734673467 1.1728077024908532e-21
553.7861683768377 1.1726144507254166e-21
553.8850632863287 1.172421262359931e-21
553.9839581958196 1.1722281373633552e-21
554.0828531053105 1.1720350757046678e-21
554.1817480148014 1.1718420773528672e-21
554.2806429242925 1.1716491422769731e-21
554.3795378337834 1.1714562704460243e-21
554.4784327432743 1.1712634618290805e-21
554.5773276527652 1.1710707163952203e-21
554.6762225622563 1.170878034113543e-21
554.7751174717472 1.1706854149531681e-21
554.8740123812381 1.1704928588832351e-21
554.972907290729 1.1703003658729035e-21
555.0718022002201 1.1701079358913515e-21
555.170697109711 1.1699155689077802e-21
555.2695920192019 1.1697232648914082e-21
555.3684869286928 1.1695310238114743e-21
555.4673818381838 1.1693388456372378e-21
555.5662767476748 1.1691467303379776e-21
555.6651716571657 1.168954677882993e-21
555.7640665666567 1.1687626882416025e-21
555.8629614761476 1.1685707613831452e-21
555.9618563856386 1.1683788972769793e-21
556.0607512951295 1.1681870958924828e-21
556.1596462046205 1.1679953571990542e-21
556.2585411141114 1.1678036811661118e-21
556.3574360236023 1.1676120677630928e-21
556.4563309330933 1.1674205169594544e-21
556.5552258425843 1.1672290287246744e-21
556.6541207520752 1.1670376030282496e-21
556.7530156615661 1.1668462398396968e-21
556.8519105710571 1.1666549391285518e-21
556.9508054805481 1.1664637008643717e-21
557.049700390039 1.1662725250167314e-21
557.1485952995299 1.1660814115552262e-21
557.247490209021 1.1658903604494714e-21
557.3463851185119 1.1656993716691015e-21
557.4452800280028 1.165508445183771e-21
557.5441749374937 1.1653175809631535e-21
557.6430698469846 1.1651267789769424e-21
557.7419647564757 1.1649360391948504e-21
557.8408596659666 1.16474536158661e-21
557.9397545754575 1.1645547461219745e-21
558.0386494849485 1.1643641927707137e-21
558.1375443944395 1.1641737015026194e-21
558.2364393039304 1.1639832722875018e-21
558.3353342134213 1.1637929050951913e-21
558.4342291229123 1.1636025998955374e-21
558.5331240324033 1.163412356658408e-21
558.6320189418942 1.1632221753536924e-21
558.7309138513851 1.1630320559512978e-21
558.8298087608761 1.1628419984211511e-21
558.928703670367 1.1626520027331993e-21
559.027598579858 1.1624620688574072e-21
559.126493489349 1.1622721967637612e-21
559.2253883988399 1.1620823864222647e-21
559.3242833083308 1.1618926378029418e-21
559.4231782178218 1.1617029508758354e-21
559.5220731273128 1.1615133256110083e-21
559.6209680368037 1.1613237619785416e-21
559.7198629462946 1.1611342599485362e-21
559.8187578557856 1.1609448194911118e-21
559.9176527652766 1.1607554405764085e-21
560.0165476747675 1.1605661231745841e-21
560.1154425842584 1.1603768672558166e-21
560.2143374937493 1.160187672790303e-21
560.3132324032404 1.1599985397482589e-21
560.4121273127313 1.1598094680999193e-21
560.5110222222222 1.1596204578155386e-21
560.6099171317131 1.1594315088653904e-21
560.7088120412042 1.1592426212197668e-21
560.8077069506951 1.1590537948489798e-21
560.906601860186 1.1588650297233594e-21
561.0054967696769 1.1586763258132557e-21
561.1043916791679 1.158487683089037e-21
561.2032865886589 1.1582991015210913e-21
561.3021814981498 1.1581105810798255e-21
561.4010764076407 1.1579221217356645e-21
561.4999713171317 1.1577337234590537e-21
561.5988662266227 1.157545386220456e-21
561.6977611361136 1.1573571099903542e-21
561.7966560456045 1.1571688947392503e-21
561.8955509550955 1.1569807404376643e-21
561.9944458645865 1.1567926470561353e-21
562.0933407740774 1.156604614565222e-21
562.1922356835684 1.156416642935501e-21
562.2911305930593 1.1562287321375681e-21
562.3900255025502 1.1560408821420381e-21
562.4889204120412 1.1558530929195447e-21
562.5878153215322 1.1556653644407402e-21
562.6867102310231 1.1554776966762959e-21
562.785605140514 1.1552900895969015e-21
562.884500050005 1.155102543173265e-21
562.983394959496 1.1549150573761152e-21
563.0822898689869 1.1547276321761973e-21
563.1811847784778 1.154540267544277e-21
563.2800796879689 1.1543529634511364e-21
563.3789745974598 1.1541657198675794e-21
563.4778695069507 1.1539785367644261e-21
563.5767644164416 1.1537914141125163e-21
563.6756593259325 1.1536043518827078e-21
563.7745542354236 1.1534173500458783e-21
563.8734491449145 1.1532304085729222e-21
563.9723440544054 1.1530435274347548e-21
564.0712389638963 1.1528567066023079e-21
564.1701338733874 1.1526699460465329e-21
564.2690287828783 1.1524832457383995e-21
564.3679236923692 1.1522966056488963e-21
564.4668186018602 1.1521100257490298e-21
564.5657135113512 1.1519235060098258e-21
564.6646084208421 1.1517370464023275e-21
564.763503330333 1.1515506468975983e-21
564.862398239824 1.1513643074667182e-21
564.9612931493149 1.1511780280807864e-21
565.0601880588059 1.1509918087109208e-21
565.1590829682968 1.1508056493282577e-21
565.2579778777878 1.1506195499039514e-21
565.3568727872787 1.1504335104091746e-21
565.4557676967697 1.1502475308151187e-21
565.5546626062606 1.1500616110929938e-21
565.6535575157516 1.1498757512140278e-21
565.7524524252425 1.1496899511494662e-21
565.8513473347334 1.1495042108705747e-21
565.9502422442245 1.1493185303486355e-21
566.0491371537154 1.1491329095549502e-21
566.1480320632063 1.1489473484608385e-21
566.2469269726972 1.1487618470376379e-21
566.3458218821883 1.1485764052567046e-21
566.4447167916792 1.148391023089413e-21
566.5436117011701 1.1482057005071552e-21
566.642506610661 1.1480204374813422e-21
566.7414015201521 1.1478352339834025e-21
566.840296429643 1.1476500899847836e-21
566.9391913391339 1.1474650054569508e-21
567.0380862486248 1.1472799803713871e-21
567.1369811581158 1.1470950146995946e-21
567.2358760676068 1.1469101084130921e-21
567.3347709770977 1.1467252614834174e-21
567.4336658865886 1.1465404738821273e-21
567.5325607960796 1.146355745580795e-21
567.6314557055706 1.146171076551012e-21
567.7303506150615 1.1459864667643893e-21
567.8292455245524 1.1458019161925544e-21
567.9281404340434 1.1456174248071533e-21
568.0270353435344 1.1454329925798502e-21
568.1259302530253 1.1452486194823272e-21
568.2248251625163 1.1450643054862839e-21
568.3237200720072 1.1448800505634389e-21
568.4226149814981 1.1446958546855279e-21
568.5215098909891 1.1445117178243045e-21
568.6204048004801 1.1443276399515407e-21
568.719299709971 1.1441436210390267e-21
568.8181946194619 1.1439596610585695e-21
568.9170895289529 1.1437757599819941e-21
569.0159844384439 1.1435919177811449e-21
569.1148793479348 1.1434081344278824e-21
569.2137742574257 1.1432244098940861e-21
569.3126691669166 1.1430407441516522e-21
569.4115640764077 1.1428571371724956e-21
569.5104589858986 1.1426735889285488e-21
569.6093538953895 1.1424900993917623e-21
569.7082488048804 1.1423066685341038e-21
569.8071437143715 1.1421232963275584e-21
569.9060386238624 1.1419399827441307e-21
570.0049335333533 1.1417567277558411e-21
570.1038284428442 1.1415735313347289e-21
570.2027233523353 1.1413903934528503e-21
570.3016182618262 1.1412073140822798e-21
570.4005131713171 1.1410242931951098e-21
570.499408080808 1.140841330763449e-21
570.598302990299 1.1406584267594252e-21
570.69719789979 1.140475581155183e-21
570.7960928092809 1.1402927939228852e-21
570.8949877187719 1.1401100650347116e-21
570.9938826282628 1.1399273944628595e-21
571.0927775377538 1.1397447821795447e-21
571.1916724472447 1.1395622281569997e-21
571.2905673567357 1.1393797323674757e-21
571.3894622662266 1.1391972947832388e-21
571.4883571757176 1.1390149153765759e-21
571.5872520852085 1.1388325941197887e-21
571.6861469946995 1.1386503309851985e-21
571.7850419041904 1.1384681259451433e-21
571.8839368136813 1.138285978971977e-21
571.9828317231724 1.1381038900380735e-21
572.0817266326633 1.1379218591158231e-21
572.1806215421542 1.137739886177633e-21
572.2795164516451 1.1375579711959273e-21
572.3784113611362 1.1373761141431494e-21
572.4773062706271 1.1371943149917595e-21
572.576201180118 1.1370125737142339e-21
572.6750960896089 1.136830890283067e-21
572.7739909991 1.136649264670771e-21
572.8728859085909 1.136467696849875e-21
572.9717808180818 1.1362861867929256e-21
573.0706757275727 1.1361047344724863e-21
573.1695706370637 1.135923339861138e-21
573.2684655465547 1.135742002931479e-21
573.3673604560456 1.1355607236561256e-21
573.4662553655365 1.1353795020077098e-21
573.5651502750275 1.135198337958882e-21
573.6640451845185 1.135017231482309e-21
573.7629400940094 1.1348361825506753e-21
573.8618350035003 1.1346551911366835e-21
573.9607299129913 1.1344742572130514e-21
574.0596248224822 1.1342933807525154e-21
574.1585197319732 1.134112561727828e-21
574.2574146414642 1.1339318001117605e-21
574.3563095509551 1.1337510958770995e-21
574.455204460446 1.1335704489966504e-21
574.554099369937 1.1333898594432327e-21
574.652994279428 1.1332093271896875e-21
574.7518891889189 1.1330288522088693e-21
574.8507840984098 1.1328484344736514e-21
574.9496790079008 1.132668073956923e-21
575.0485739173918 1.1324877706315912e-21
575.1474688268827 1.1323075244705805e-21
575.2463637363736 1.1321273354468306e-21
575.3452586458645 1.1319472035333001e-21
575.4441535553556 1.1317671287029638e-21
575.5430484648465 1.1315871109288137e-21
575.6419433743374 1.1314071501838583e-21
575.7408382838283 1.1312272464411228e-21
575.8397331933194 1.1310473996736506e-21
575.9386281028103 1.1308676098545008e-21
576.0375230123012 1.13068787695675e-21
576.1364179217921 1.1305082009534917e-21
576.2353128312832 1.1303285818178351e-21
576.3342077407741 1.1301490195229082e-21
576.433102650265 1.1299695140418546e-21
576.531997559756 1.1297900653478353e-21
576.6308924692469 1.1296106734140272e-21
576.7297873787379 1.1294313382136248e-21
576.8286822882288 1.1292520597198396e-21
576.9275771977198 1.1290728379058986e-21
577.0264721072107 1.1288936727450477e-21
577.1253670167017 1.1287145642105473e-21
577.2242619261926 1.1285355122756757e-21
577.3231568356836 1.1283565169137286e-21
577.4220517451745 1.1281775780980166e-21
577.5209466546655 1.1279986958018686e-21
577.6198415641564 1.1278198699986288e-21
577.7187364736474 1.1276411006616597e-21
577.8176313831383 1.1274623877643392e-21
577.9165262926292 1.1272837312800624e-21
578.0154212021203 1.1271051311822401e-21
578.1143161116112 1.1269265874443022e-21
578.2132110211021 1.1267481000396919e-21
578.312105930593 1.1265696689418713e-21
578.4110008400841 1.1263912941243185e-21
578.509895749575 1.126212975560528e-21
578.6087906590659 1.1260347132240109e-21
578.7076855685568 1.1258565070882942e-21
578.8065804780477 1.1256783571269227e-21
578.9054753875388 1.125500263313458e-21
579.0043702970297 1.1253222256214758e-21
579.1032652065206 1.1251442440245708e-21
579.2021601160116 1.1249663184963525e-21
579.3010550255026 1.1247884490104477e-21
579.3999499349935 1.1246106355405007e-21
579.4988448444844 1.1244328780601695e-21
579.5977397539754 1.1242551765431308e-21
579.6966346634664 1.1240775309630773e-21
579.7955295729573 1.1238999412937173e-21
579.8944244824482 1.1237224075087763e-21
579.9933193919392 1.1235449295819955e-21
580.0922143014301 1.1233675074871334e-21
580.1911092109211 1.1231901411979637e-21
580.290004120412 1.1230128306882776e-21
580.388899029903 1.1228355759318818e-21
580.4877939393939 1.1226583769026e-21
580.5866888488849 1.122481233574271e-21
580.6855837583759 1.1223041459207511e-21
580.7844786678668 1.1221271139159136e-21
580.8833735773577 1.1219501375336449e-21
580.9822684868487 1.1217732167478508e-21
581.0811633963397 1.121596351532452e-21
581.1800583058306 1.121419541861386e-21
581.2789532153215 1.1212427877086054e-21
581.3778481248124 1.1210660890480808e-21
581.4767430343035 1.120889445853797e-21
581.5756379437944 1.1207128580997562e-21
581.6745328532853 1.1205363257599771e-21
581.7734277627762 1.1203598488084934e-21
581.8723226722673 1.1201834272193552e-21
581.9712175817582 1.1200070609666299e-21
582.0701124912491 1.1198307500243992e-21
582.16900740074 1.1196544943667628e-21
582.267902310231 1.1194782939678345e-21
582.366797219722 1.1193021488017458e-21
582.4656921292129 1.1191260588426432e-21
582.5645870387038 1.1189500240646911e-21
582.6634819481948 1.1187740444420665e-21
582.7623768576858 1.118598119948966e-21
582.8612717671767 1.1184222505596001e-21
582.9601666766677 1.118246436248196e-21
583.0590615861586 1.1180706769889973e-21
583.1579564956496 1.1178949727562622e-21
583.2568514051405 1.1177193235242663e-21
583.3557463146315 1.1175437292673007e-21
583.4546412241224 1.1173681899596718e-21
583.5535361336133 1.1171927055757028e-21
583.6524310431043 1.1170172760897322e-21
583.7513259525953 1.1168419014761151e-21
583.8502208620862 1.1166665817092224e-21
583.9491157715771 1.1164913167634398e-21
584.0480106810681 1.1163161066131695e-21
584.1469055905591 1.1161409512328306e-21
584.24580050005 1.1159658505968564e-21
584.3446954095409 1.1157908046796974e-21
584.443590319032 1.1156158134558185e-21
584.5424852285229 1.1154408768997018e-21
584.6413801380138 1.1152659949858442e-21
584.7402750475047 1.1150911676887593e-21
584.8391699569956 1.1149163949829748e-21
584.9380648664867 1.1147416768430365e-21
585.0369597759776 1.1145670132435047e-21
585.1358546854685 1.1143924041589545e-21
585.2347495949595 1.1142178495639785e-21
585.3336445044505 1.1140433494331845e-21
585.4325394139414 1.1138689037411944e-21
585.5314343234323 1.1136945124626485e-21
585.6303292329233 1.1135201755722002e-21
585.7292241424143 1.1133458930445203e-21
585.8281190519052 1.1131716648542951e-21
585.9270139613961 1.1129974909762259e-21
586.0259088708871 1.112823371385029e-21
586.124803780378 1.1126493060554381e-21
586.223698689869 1.1124752949622011e-21
586.32259359936 1.1123013380800824e-21
586.4214885088509 1.1121274353838607e-21
586.5203834183418 1.1119535868483322e-21
586.6192783278328 1.1117797924483065e-21
586.7181732373238 1.1116060521586105e-21
586.8170681468147 1.1114323659540857e-21
586.9159630563056 1.1112587338095893e-21
587.0148579657965 1.1110851556999938e-21
587.1137528752876 1.110911631600188e-21
587.2126477847785 1.1107381614850752e-21
587.3115426942694 1.1105647453295748e-21
587.4104376037603 1.1103913831086212e-21
587.5093325132514 1.1102180747971652e-21
587.6082274227423 1.110044820370171e-21
587.7071223322332 1.1098716198026204e-21
587.8060172417241 1.10969847306951e-21
587.9049121512152 1.109525380145851e-21
588.0038070607061 1.109352341006671e-21
588.102701970197 1.1091793556270127e-21
588.2015968796879 1.1090064239819334e-21
588.3004917891789 1.1088335460465066e-21
588.3993866986699 1.108660721795821e-21
588.4982816081608 1.1084879512049804e-21
588.5971765176517 1.108315234249104e-21
588.6960714271427 1.1081425709033267e-21
588.7949663366337 1.1079699611427972e-21
588.8938612461246 1.1077974049426823e-21
588.9927561556156 1.1076249022781614e-21
589.0916510651065 1.1074524531244303e-21
589.1905459745975 1.1072800574566996e-21
589.2894408840884 1.1071077152501957e-21
589.3883357935794 1.1069354264801608e-21
589.4872307030703 1.1067631911218496e-21
589.5861256125612 1.1065910091505356e-21
589.6850205220522 1.1064188805415047e-21
589.7839154315432 1.1062468052700595e-21
589.8828103410341 1.1060747833115175e-21
589.981705250525 1.1059028146412108e-21
590.080600160016 1.105730899234487e-21
590.179495069507 1.1055590370667091e-21
590.2783899789979 1.1053872281132546e-21
590.3772848884888 1.1052154723495164e-21
590.4761797979799 1.1050437697509026e-21
590.5750747074708 1.1048721202928372e-21
590.6739696169617 1.104700523950758e-21
590.7728645264526 1.1045289807001173e-21
590.8717594359435 1.1043574905163845e-21
590.9706543454346 1.1041860533750424e-21
591.0695492549255 1.1040146692515896e-21
591.1684441644164 1.1038433381215394e-21
591.2673390739074 1.1036720599604207e-21
591.3662339833984 1.1035008347437764e-21
591.4651288928893 1.1033296624471649e-21
591.5640238023802 1.1031585430461601e-21
591.6629187118712 1.10298747651635e-21
591.7618136213621 1.1028164628333376e-21
591.8607085308531 1.1026455019727408e-21
591.959603440344 1.1024745939101939e-21
592.058498349835 1.1023037386213441e-21
592.1573932593259 1.1021329360818543e-21
592.2562881688169 1.101962186267403e-21
592.3551830783078 1.1017914891536823e-21
592.4540779877988 1.1016208447164e-21
592.5529728972897 1.1014502529312787e-21
592.6518678067807 1.1012797137740552e-21
592.7507627162717 1.1011092272204823e-21
592.8496576257626 1.1009387932463267e-21
592.9485525352535 1.1007684118273695e-21
593.0474474447444 1.1005980829394083e-21
593.1463423542355 1.1004278065582538e-21
593.2452372637264 1.100257582659732e-21
593.3441321732173 1.1000874112196846e-21
593.4430270827082 1.0999172922139668e-21
593.5419219921993 1.0997472256184487e-21
593.6408169016902 1.0995772114090158e-21
593.7397118111811 1.099407249561568e-21
593.838606720672 1.0992373400520196e-21
593.9375016301631 1.0990674828562998e-21
594.036396539654 1.0988976779503523e-21
594.1352914491449 1.0987279253101369e-21
594.2341863586358 1.0985582249116264e-21
594.3330812681268 1.0983885767308078e-21
594.4319761776178 1.098218980743685e-21
594.5308710871087 1.098049436926274e-21
594.6297659965996 1.0978799452546078e-21
594.7286609060906 1.0977105057047319e-21
594.8275558155816 1.0975411182527083e-21
594.9264507250725 1.097371782874612e-21
595.0253456345635 1.0972024995465335e-21
595.1242405440544 1.0970332682445771e-21
595.2231354535453 1.0968640889448632e-21
595.3220303630363 1.0966949616235244e-21
595.4209252725273 1.0965258862567096e-21
595.5198201820182 1.0963568628205826e-21
595.6187150915091 1.0961878912913202e-21
595.7176100010001 1.0960189716451142e-21
595.8165049104911 1.0958501038581713e-21
595.915399819982 1.0956812879067122e-21
596.0142947294729 1.0955125237669728e-21
596.113189638964 1.0953438114152021e-21
596.2120845484549 1.0951751508276655e-21
596.3109794579458 1.095006541980641e-21
596.4098743674367 1.0948379848504218e-21
596.5087692769276 1.0946694794133156e-21
596.6076641864187 1.0945010256456446e-21
596.7065590959096 1.0943326235237449e-21
596.8054540054005 1.0941642730239673e-21
596.9043489148914 1.0939959741226773e-21
597.0032438243825 1.0938277267962533e-21
597.1021387338734 1.0936595310210902e-21
597.2010336433643 1.0934913867735964e-21
597.2999285528552 1.093323294030193e-21
597.3988234623463 1.0931552527673178e-21
597.4977183718372 1.0929872629614222e-21
597.5966132813281 1.0928193245889711e-21
597.695508190819 1.0926514376264439e-21
597.79440310031 1.092483602050335e-21
597.893298009801 1.0923158178371525e-21
597.9921929192919 1.0921480849634194e-21
598.0910878287829 1.0919804034056718e-21
598.1899827382738 1.0918127731404604e-21
598.2888776477648 1.091645194144351e-21
598.3877725572557 1.0914776663939224e-21
598.4866674667467 1.0913101898657689e-21
598.5855623762376 1.0911427645364973e-21
598.6844572857286 1.0909753903827303e-21
598.7833521952195 1.090808067381104e-21
598.8822471047105 1.0906407955082685e-21
598.9811420142014 1.0904735747408878e-21
599.0800369236923 1.0903064050556413e-21
599.1789318331834 1.0901392864292202e-21
599.2778267426743 1.0899722188383327e-21
599.3767216521652 1.0898052022596991e-21
599.4756165616561 1.0896382366700544e-21
599.5745114711472 1.0894713220461475e-21
599.6734063806381 1.0893044583647417e-21
599.772301290129 1.089137645602614e-21
599.8711961996199 1.0889708837365558e-21
599.9700911091109 1.088804172743372e-21
600.0689860186019 1.088637512599882e-21
600.1678809280928 1.0884709032829198e-21
600.2667758375837 1.0883043447693322e-21
600.3656707470747 1.0881378370359795e-21
600.4645656565657 1.0879713800597384e-21
600.5634605660566 1.0878049738174974e-21
600.6623554755475 1.0876386182861603e-21
600.7612503850385 1.087472313442644e-21
600.8601452945295 1.0873060592638793e-21
600.9590402040204 1.0871398557268115e-21
601.0579351135113 1.0869737028083998e-21
601.1568300230023 1.0868076004856166e-21
601.2557249324932 1.086641548735449e-21
601.3546198419842 1.0864755475348974e-21
601.4535147514752 1.0863095968609769e-21
601.5524096609661 1.086143696690715e-21
601.651304570457 1.0859778470011552e-21
601.750199479948 1.0858120477693527e-21
601.849094389439 1.0856462989723778e-21
601.9479892989299 1.085480600587314e-21
602.0468842084208 1.0853149525912598e-21
602.1457791179118 1.0851493549613255e-21
602.2446740274028 1.084983807674637e-21
602.3435689368937 1.0848183107083331e-21
602.4424638463846 1.0846528640395664e-21
602.5413587558755 1.0844874676455043e-21
602.6402536653666 1.0843221215033256e-21
602.7391485748575 1.084156825590226e-21
602.8380434843484 1.0839915798834124e-21
602.9369383938393 1.0838263843601065e-21
603.0358333033304 1.0836612389975428e-21
603.1347282128213 1.0834961437729715e-21
603.2336231223122 1.0833310986636547e-21
603.3325180318031 1.0831661036468685e-21
603.4314129412942 1.0830011586999027e-21
603.5303078507851 1.0828362638000615e-21
603.629202760276 1.0826714189246624e-21
603.728097669767 1.0825066240510356e-21
603.8269925792579 1.082341879156526e-21
603.9258874887489 1.0821771842184916e-21
604.0247823982398 1.0820125392143048e-21
604.1236773077308 1.0818479441213506e-21
604.2225722172217 1.0816833989170278e-21
604.3214671267127 1.081518903578749e-21
604.4203620362036 1.081354458083941e-21
604.5192569456946 1.0811900624100431e-21
604.6181518551855 1.0810257165345094e-21
604.7170467646764 1.080861420434805e-21
604.8159416741674 1.0806971740884115e-21
604.9148365836584 1.0805329774728221e-21
605.0137314931493 1.0803688305655452e-21
605.1126264026402 1.0802047333441007e-21
605.2115213121313 1.0800406857860225e-21
605.3104162216222 1.0798766878688602e-21
605.4093111311131 1.079712739570174e-21
605.508206040604 1.0795488408675389e-21
605.6071009500951 1.0793849917385428e-21
605.705995859586 1.079221192160788e-21
605.8048907690769 1.0790574421118891e-21
605.9037856785678 1.0788937415694752e-21
606.0026805880588 1.0787300905111876e-21
606.1015754975498 1.0785664889146817e-21
606.2004704070407 1.078402936757627e-21
606.2993653165316 1.0782394340177044e-21
606.3982602260226 1.0780759806726103e-21
606.4971551355136 1.0779125767000531e-21
606.5960500450045 1.0777492220777556e-21
606.6949449544954 1.0775859167834523e-21
606.7938398639864 1.0774226607948935e-21
606.8927347734774 1.0772594540898403e-21
606.9916296829683 1.0770962966460686e-21
607.0905245924592 1.0769331884413669e-21
607.1894195019502 1.0767701294535375e-21
607.2883144114411 1.0766071196603956e-21
607.3872093209321 1.0764441590397697e-21
607.486104230423 1.0762812475695026e-21
607.584999139914 1.0761183852274486e-21
607.6838940494049 1.0759555719914764e-21
607.7827889588959 1.0757928078394675e-21
607.8816838683869 1.0756300927493171e-21
607.9805787778778 1.075467426698933e-21
608.0794736873687 1.0753048096662365e-21
608.1783685968596 1.0751422416291618e-21
608.2772635063507 1.0749797225656573e-21
608.3761584158416 1.0748172524536834e-21
608.4750533253325 1.074654831271213e-21
608.5739482348234 1.0744924589962357e-21
608.6728431443145 1.074330135606749e-21
608.7717380538054 1.0741678610807682e-21
608.8706329632963 1.0740056353963194e-21
608.9695278727872 1.0738434585314423e-21
609.0684227822783 1.0736813304641893e-21
609.1673176917692 1.0735192511726265e-21
609.2662126012601 1.0733572206348328e-21
609.365107510751 1.0731952388289005e-21
609.464002420242 1.0730333057329338e-21
609.562897329733 1.0728714213250522e-21
609.6617922392239 1.0727095855833861e-21
609.7606871487149 1.0725477984860793e-21
609.8595820582058 1.07238606001129e-21
609.9584769676968 1.0722243701371873e-21
610.0573718771877 1.0720627288419555e-21
610.1562667866787 1.071901136103791e-21
610.2551616961696 1.0717395919009023e-21
610.3540566056606 1.0715780962115115e-21
610.4529515151515 1.0714166490138549e-21
610.5518464246425 1.0712552502861798e-21
610.6507413341334 1.0710939000067474e-21
610.7496362436243 1.0709325981538327e-21
610.8485311531153 1.0707713447057206e-21
610.9474260626063 1.0706101396407131e-21
611.0463209720972 1.0704489829371227e-21
611.1452158815881 1.0702878745732742e-21
611.2441107910792 1.0701268145275064e-21
611.3430057005701 1.0699658027781717e-21
611.441900610061 1.0698048393036339e-21
611.5407955195519 1.0696439240822702e-21
611.639690429043 1.0694830570924706e-21
611.7385853385339 1.069322238312638e-21
611.8374802480248 1.069161467721189e-21
611.9363751575157 1.0690007452965515e-21
612.0352700670066 1.068840071017167e-21
612.1341649764977 1.0686794448614893e-21
612.2330598859886 1.0685188668079864e-21
612.3319547954795 1.0683583368351376e-21
612.4308497049705 1.0681978549214355e-21
612.5297446144615 1.0680374210453852e-21
612.6286395239524 1.0678770351855053e-21
612.7275344334433 1.0677166973203267e-21
612.8264293429343 1.0675564074283925e-21
612.9253242524252 1.0673961654882596e-21
613.0242191619162 1.0672359714784967e-21
613.1231140714071 1.0670758253776859e-21
613.2220089808981 1.0669157271644214e-21
613.320903890389 1.0667556768173112e-21
613.41979879988 1.0665956743149734e-21
613.518693709371 1.0664357196360421e-21
613.6175886188619 1.0662758127591625e-21
613.7164835283528 1.066115953662992e-21
613.8153784378438 1.0659561423262003e-21
613.9142733473348 1.0657963787274722e-21
614.0131682568257 1.0656366628455024e-21
614.1120631663166 1.0654769946589996e-21
614.2109580758075 1.065317374146685e-21
614.3098529852986 1.065157801287292e-21
614.4087478947895 1.0649982760595664e-21
614.5076428042804 1.0648387984422679e-21
614.6065377137713 1.0646793684141674e-21
614.7054326232624 1.0645199859540487e-21
614.8043275327533 1.0643606510407087e-21
614.9032224422442 1.0642013636529561e-21
615.0021173517351 1.0640421237696124e-21
615.1010122612262 1.0638829313695119e-21
615.1999071707171 1.0637237864315008e-21
615.298802080208 1.0635646889344393e-21
615.3976969896989 1.0634056388571977e-21
615.4965918991899 1.0632466361786609e-21
615.5954868086809 1.0630876808777247e-21
615.6943817181718 1.0629287729332998e-21
615.7932766276627 1.0627699123243062e-21
615.8921715371537 1.062611099029678e-21
615.9910664466447 1.0624523330283623e-21
616.0899613561356 1.0622936142993179e-21
616.1888562656266 1.0621349428215157e-21
616.2877511751175 1.0619763185739396e-21
616.3866460846085 1.061817741535585e-21
616.4855409940994 1.0616592116854619e-21
616.5844359035904 1.0615007290025903e-21
616.6833308130813 1.0613422934660032e-21
616.7822257225722 1.0611839050547468e-21
616.8811206320632 1.0610255637478785e-21
616.9800155415542 1.0608672695244695e-21
617.0789104510451 1.060709022363602e-21
617.177805360536 1.0605508222443715e-21
617.276700270027 1.0603926691458843e-21
617.375595179518 1.0602345630472614e-21
617.4744900890089 1.060076503927634e-21
617.5733849984998 1.0599184917661469e-21
617.6722799079907 1.0597605265419563e-21
617.7711748174818 1.0596026082342308e-21
617.8700697269727 1.059444736822152e-21
617.9689646364636 1.0592869122849136e-21
618.0678595459545 1.059129134601721e-21
618.1667544554456 1.0589714037517919e-21
618.2656493649365 1.0588137197143563e-21
618.3645442744274 1.0586560824686568e-21
618.4634391839184 1.0584984919939483e-21
618.5623340934094 1.058340948269497e-21
618.6612290029003 1.0581834512745823e-21
618.7601239123912 1.0580260009884955e-21
618.8590188218822 1.0578685973905396e-21
618.9579137313731 1.0577112404600305e-21
619.0568086408641 1.0575539301762952e-21
619.155703550355 1.0573966665186745e-21
619.254598459846 1.05723944946652e-21
619.3534933693369 1.0570822789991958e-21
619.4523882788279 1.0569251550960785e-21
619.5512831883188 1.0567680777365558e-21
619.6501780978098 1.0566110469000292e-21
619.7490730073007 1.0564540625659103e-21
619.8479679167917 1.056297124713624e-21
619.9468628262827 1.0561402333226075e-21
620.0457577357736 1.0559833883723101e-21
620.1446526452645 1.0558265898421922e-21
620.2435475547554 1.0556698377117262e-21
620.3424424642465 1.0555131319603978e-21
620.4413373737374 1.0553564725677042e-21
620.5402322832283 1.0551998595131546e-21
620.6391271927192 1.0550432927762697e-21
620.7380221022103 1.0548867723365824e-21
620.8369170117012 1.0547302981736389e-21
620.9358119211921 1.0545738702669953e-21
621.034706830683 1.0544174885962214e-21
621.133601740174 1.0542611531408981e-21
621.232496649665 1.0541048638806182e-21
621.3313915591559 1.0539486207949875e-21
621.4302864686468 1.0537924238636225e-21
621.5291813781378 1.0536362730661523e-21
621.6280762876288 1.0534801683822174e-21
621.7269711971197 1.0533241097914714e-21
621.8258661066106 1.0531680972735786e-21
621.9247610161016 1.0530121308082153e-21
622.0236559255926 1.0528562103750711e-21
622.1225508350835 1.0527003359538448e-21
622.2214457445745 1.0525445075242505e-21
622.3203406540654 1.0523887250660114e-21
622.4192355635563 1.0522329885588634e-21
622.5181304730473 1.052077297982555e-21
622.6170253825383 1.051921653316846e-21
622.7159202920292 1.0517660545415073e-21
622.8148152015201 1.0516105016363235e-21
622.9137101110111 1.0514549945810886e-21
623.0126050205021 1.0512995333556105e-21
623.111499929993 1.0511441179397078e-21
623.2103948394839 1.0509887483132117e-21
623.309289748975 1.0508334244559634e-21
623.4081846584659 1.0506781463478183e-21
623.5070795679568 1.0505229139686427e-21
623.6059744774477 1.0503677272983134e-21
623.7048693869386 1.0502125863167208e-21
623.8037642964297 1.050057491003765e-21
623.9026592059206 1.0499024413393606e-21
624.0015541154115 1.0497474373034314e-21
624.1004490249024 1.049592478875914e-21
624.1993439343935 1.0494375660367562e-21
624.2982388438844 1.0492826987659193e-21
624.3971337533753 1.0491278770433731e-21
624.4960286628663 1.0489731008491025e-21
624.5949235723573 1.048818370163101e-21
624.6938184818482 1.0486636849653764e-21
624.7927133913391 1.0485090452359466e-21
624.8916083008301 1.0483544509548412e-21
624.990503210321 1.0481999021021023e-21
625.089398119812 1.0480453986577828e-21
625.1882930293029 1.0478909406019479e-21
625.2871879387939 1.0477365279146735e-21
625.3860828482848 1.047582160576048e-21
625.4849777577758 1.0474278385661705e-21
625.5838726672667 1.0472735618651538e-21
625.6827675767577 1.0471193304531198e-21
625.7816624862486 1.0469651443102024e-21
625.8805573957395 1.0468110034165483e-21
625.9794523052306 1.0466569077523154e-21
626.0783472147215 1.046502857297672e-21
626.1772421242124 1.0463488520327993e-21
626.2761370337033 1.046194891937889e-21
626.3750319431944 1.0460409769931452e-21
626.4739268526853 1.0458871071787838e-21
626.5728217621762 1.0457332824750299e-21
626.6717166716671 1.0455795028621232e-21
626.7706115811582 1.045425768320313e-21
626.8695064906491 1.0452720788298605e-21
626.96840140014 1.0451184343710382e-21
627.0672963096309 1.0449648349241304e-21
627.1661912191219 1.0448112804694335e-21
627.2650861286129 1.0446577709872532e-21
627.3639810381038 1.0445043064579087e-21
627.4628759475947 1.0443508868617302e-21
627.5617708570857 1.0441975121790597e-21
627.6606657665767 1.0440441823902482e-21
627.7595606760676 1.0438908974756616e-21
627.8584555855585 1.0437376574156746e-21
627.9573504950495 1.0435844621906746e-21
628.0562454045405 1.04343131178106e-21
628.1551403140314 1.0432782061672404e-21
628.2540352235224 1.0431251453296372e-21
628.3529301330133 1.042972129248683e-21
628.4518250425042 1.0428191579048212e-21
628.5507199519952 1.0426662312785078e-21
628.6496148614862 1.0425133493502078e-21
628.7485097709771 1.0423605121004008e-21
628.847404680468 1.0422077195095755e-21
628.946299589959 1.0420549715582318e-21
629.04519449945 1.0419022682268824e-21
629.1440894089409 1.0417496094960496e-21
629.2429843184318 1.0415969953462688e-21
629.3418792279228 1.0414444257580841e-21
629.4407741374138 1.0412919007120543e-21
629.5396690469047 1.0411394201887464e-21
629.6385639563956 1.0409869841687402e-21
629.7374588658865 1.0408345926326261e-21
629.8363537753776 1.0406822455610066e-21
629.9352486848685 1.040529942934495e-21
630.0341435943594 1.0403776847337153e-21
630.1330385038503 1.0402254709393032e-21
630.2319334133414 1.0400733015319053e-21
630.3308283228323 1.0399211764921799e-21
630.4297232323232 1.0397690958007962e-21
630.5286181418141 1.0396170594384347e-21
630.6275130513051 1.039465067385787e-21
630.7264079607961 1.0393131196235555e-21
630.825302870287 1.0391612161324541e-21
630.924197779778 1.0390093568932082e-21
631.0230926892689 1.0388575418865542e-21
631.1219875987599 1.0387057710932389e-21
631.2208825082508 1.038554044494021e-21
631.3197774177418 1.0384023620696704e-21
631.4186723272327 1.0382507238009667e-21
631.5175672367237 1.0380991296687026e-21
631.6164621462146 1.0379475796536806e-21
631.7153570557056 1.0377960737367154e-21
631.8142519651965 1.0376446118986316e-21
631.9131468746874 1.037493194120265e-21
632.0120417841785 1.0373418203824624e-21
632.1109366936694 1.037190490666083e-21
632.2098316031603 1.0370392049519962e-21
632.3087265126512 1.0368879632210815e-21
632.4076214221423 1.0367367654542298e-21
632.5065163316332 1.0365856116323453e-21
632.6054112411241 1.0364345017363397e-21
632.704306150615 1.036283435747138e-21
632.8032010601061 1.036132413645676e-21
632.902095969597 1.0359814354128996e-21
633.0009908790879 1.0358305010297663e-21
633.0998857885788 1.0356796104772443e-21
633.1987806980698 1.0355287637363132e-21
633.2976756075608 1.0353779607879628e-21
633.3965705170517 1.035227201613195e-21
633.4954654265426 1.0350764861930212e-21
633.5943603360336 1.0349258145084652e-21
633.6932552455246 1.0347751865405602e-21
633.7921501550155 1.0346246022703522e-21
633.8910450645064 1.034474061678896e-21
633.9899399739974 1.0343235647472594e-21
634.0888348834883 1.0341731114565192e-21
634.1877297929793 1.0340227017877645e-21
634.2866247024702 1.0338723357220942e-21
634.3855196119612 1.0337220132406196e-21
634.4844145214521 1.0335717343244602e-21
634.5833094309431 1.0334214989547495e-21
634.682204340434 1.0332713071126304e-21
634.781099249925 1.0331211587792563e-21
634.8799941594159 1.0329710539357908e-21
634.9788890689069 1.0328209925634104e-21
635.0777839783979 1.0326709746433012e-21
635.1766788878888 1.0325210001566598e-21
635.2755737973797 1.0323710690846948e-21
635.3744687068706 1.0322211814086237e-21
635.4733636163617 1.0320713371096768e-21
635.5722585258526 1.0319215361690939e-21
635.6711534353435 1.0317717785681263e-21
635.7700483448344 1.0316220642880353e-21
635.8689432543255 1.031472393310093e-21
635.9678381638164 1.0313227656155834e-21
636.0667330733073 1.0311731811858005e-21
636.1656279827982 1.0310236400020488e-21
636.2645228922893 1.0308741420456434e-21
636.3634178017802 1.0307246872979113e-21
636.4623127112711 1.0305752757401883e-21
636.561207620762 1.0304259073538226e-21
636.660102530253 1.0302765821201724e-21
636.758997439744 1.0301273000206069e-21
636.8578923492349 1.0299780610365052e-21
636.9567872587259 1.029828865149258e-21
637.0556821682168 1.029679712340266e-21
637.1545770777078 1.0295306025909405e-21
637.2534719871987 1.029381535882705e-21
637.3523668966897 1.0292325121969915e-21
637.4512618061806 1.029083531515244e-21
637.5501567156716 1.0289345938189158e-21
637.6490516251625 1.0287856990894728e-21
637.7479465346535 1.0286368473083898e-21
637.8468414441444 1.0284880384571532e-21
637.9457363536353 1.0283392725172593e-21
638.0446312631263 1.0281905494702154e-21
638.1435261726173 1.0280418692975398e-21
638.2424210821082 1.02789323198076e-21
638.3413159915991 1.0277446375014154e-21
638.4402109010902 1.0275960858410554e-21
638.5391058105811 1.0274475769812404e-21
638.638000720072 1.0272991109035406e-21
638.7368956295629 1.0271506875895375e-21
638.8357905390538 1.0270023070208221e-21
638.9346854485449 1.0268539691789972e-21
639.0335803580358 1.0267056740456758e-21
639.1324752675267 1.0265574216024799e-21
639.2313701770177 1.0264092118310442e-21
639.3302650865087 1.0262610447130127e-21
639.4291599959996 1.0261129202300401e-21
639.5280549054905 1.0259648383637915e-21
639.6269498149815 1.0258167990959426e-21
639.7258447244725 1.0256688024081793e-21
639.8247396339634 1.0255208482821981e-21
639.9236345434543 1.0253729366997067e-21
640.0225294529453 1.0252250676424219e-21
640.1214243624362 1.0250772410920717e-21
640.2203192719272 1.0249294570303944e-21
640.3192141814181 1.0247817154391387e-21
640.4181090909091 1.0246340163000637e-21
640.5170040004 1.024486359594939e-21
640.615898909891 1.0243387453055444e-21
640.714793819382 1.0241911734136707e-21
640.8136887288729 1.0240436439011179e-21
640.9125836383638 1.0238961567496979e-21
641.0114785478548 1.0237487119412313e-21
641.1103734573458 1.0236013094575505e-21
641.2092683668367 1.0234539492804972e-21
641.3081632763276 1.0233066313919245e-21
641.4070581858185 1.0231593557736942e-21
641.5059530953096 1.0230121224076804e-21
641.6048480048005 1.0228649312757666e-21
641.7037429142914 1.0227177823598463e-21
641.8026378237823 1.022570675641823e-21
641.9015327332734 1.022423611103612e-21
642.0004276427643 1.0222765887271377e-21
642.0993225522552 1.0221296084943353e-21
642.1982174617461 1.0219826703871499e-21
642.2971123712372 1.0218357743875368e-21
642.3960072807281 1.021688920477462e-21
642.494902190219 1.021542108638902e-21
642.59379709971 1.021395338853842e-21
642.6926920092009 1.0212486111042794e-21
642.7915869186919 1.0211019253722208e-21
642.8904818281828 1.0209552816396836e-21
642.9893767376738 1.0208086798886946e-21
643.0882716471647 1.020662120101291e-21
643.1871665566557 1.020515602259521e-21
643.2860614661466 1.0203691263454422e-21
643.3849563756376 1.0202226923411232e-21
643.4838512851285 1.0200763002286407e-21
643.5827461946194 1.0199299499900845e-21
643.6816411041104 1.0197836416075531e-21
643.7805360136014 1.0196373750631548e-21
643.8794309230923 1.0194911503390082e-21
643.9783258325832 1.0193449674172433e-21
644.0772207420742 1.0191988262799985e-21
644.1761156515652 1.0190527269094233e-21
644.2750105610561 1.0189066692876772e-21
644.373905470547 1.0187606533969305e-21
644.472800380038 1.0186146792193614e-21
644.571695289529 1.0184687467371607e-21
644.6705901990199 1.0183228559325283e-21
644.7694851085108 1.0181770067876734e-21
644.8683800180017 1.0180311992848173e-21
644.9672749274928 1.017885433406189e-21
645.0661698369837 1.0177397091340291e-21
645.1650647464746 1.017594026450588e-21
645.2639596559656 1.0174483853381258e-21
645.3628545654566 1.0173027857789133e-21
645.4617494749475 1.0171572277552307e-21
645.5606443844384 1.017011711249368e-21
645.6595392939294 1.016866236243626e-21
645.7584342034204 1.0167208027203156e-21
645.8573291129113 1.0165754106617573e-21
645.9562240224022 1.0164300600502808e-21
646.0551189318932 1.0162847508682273e-21
646.1540138413841 1.016139483097947e-21
646.2529087508751 1.0159942567218006e-21
646.351803660366 1.0158490717221587e-21
646.450698569857 1.0157039280814018e-21
646.5495934793479 1.01555882578192e-21
646.6484883888389 1.015413764806113e-21
646.7473832983299 1.015268745136393e-21
646.8462782078208 1.0151237667551779e-21
646.9451731173117 1.0149788296449002e-21
647.0440680268026 1.0148339337879985e-21
647.1429629362937 1.014689079166923e-21
647.2418578457846 1.014544265764135e-21
647.3407527552755 1.0143994935621027e-21
647.4396476647664 1.0142547625433068e-21
647.5385425742575 1.0141100726902366e-21
647.6374374837484 1.0139654239853916e-21
647.7363323932393 1.0138208164112816e-21
647.8352273027302 1.0136762499504257e-21
647.9341222122213 1.0135317245853531e-21
648.0330171217122 1.0133872402986026e-21
648.1319120312031 1.0132427970727237e-21
648.230806940694 1.0130983948902746e-21
648.329701850185 1.0129540337338242e-21
648.428596759676 1.0128097135859502e-21
648.5274916691669 1.0126654344292424e-21
648.6263865786578 1.0125211962462971e-21
648.7252814881488 1.012376999019723e-21
648.8241763976398 1.0122328427321378e-21
648.9230713071307 1.0120887273661688e-21
649.0219662166216 1.011944652904453e-21
649.1208611261126 1.0118006193296383e-21
649.2197560356036 1.0116566266243805e-21
649.3186509450945 1.0115126747713466e-21
649.4175458545855 1.0113687637532135e-21
649.5164407640764 1.0112248935526667e-21
649.6153356735673 1.011081064152402e-21
649.7142305830583 1.0109372755351245e-21
649.8131254925493 1.010793527683551e-21
649.9120204020402 1.0106498205804055e-21
650.0109153115311 1.0105061542084228e-21
650.1098102210221 1.010362528550348e-21
650.2087051305131 1.0102189435889353e-21
650.307600040004 1.0100753993069476e-21
650.4064949494949 1.0099318956871593e-21
650.505389858986 1.0097884327123537e-21
650.6042847684769 1.0096450103653238e-21
650.7031796779678 1.0095016286288716e-21
650.8020745874587 1.0093582874858099e-21
650.9009694969496 1.0092149869189613e-21
650.9998644064407 1.0090717269111561e-21
651.0987593159316 1.0089285074452367e-21
651.1976542254225 1.0087853285040535e-21
651.2965491349134 1.0086421900704675e-21
651.3954440444045 1.0084990921273487e-21
651.4943389538954 1.0083560346575763e-21
651.5932338633863 1.0082130176440401e-21
651.6921287728773 1.0080700410696397e-21
651.7910236823682 1.0079271049172832e-21
651.8899185918592 1.0077842091698886e-21
651.9888135013501 1.007641353810384e-21
652.0877084108411 1.0074985388217073e-21
652.186603320332 1.0073557641868047e-21
652.285498229823 1.0072130298886327e-21
652.3843931393139 1.0070703359101576e-21
652.4832880488049 1.0069276822343553e-21
652.5821829582958 1.0067850688442113e-21
652.6810778677868 1.006642495722719e-21
652.7799727772777 1.0064999628528845e-21
652.8788676867687 1.0063574702177197e-21
652.9777625962596 1.0062150178002492e-21
653.0766575057505 1.0060726055835054e-21
653.1755524152416 1.0059302335505307e-21
653.2744473247325 1.0057879016843768e-21
653.3733422342234 1.005645609968105e-21
653.4722371437143 1.0055033583847865e-21
653.5711320532054 1.0053611469175014e-21
653.6700269626963 1.0052189755493398e-21
653.7689218721872 1.0050768442633998e-21
653.8678167816781 1.0049347530427916e-21
653.9667116911692 1.0047927018706319e-21
654.0656066006601 1.0046506907300495e-21
654.164501510151 1.0045087196041808e-21
654.2633964196419 1.0043667884761723e-21
654.3622913291329 1.0042248973291805e-21
654.4611862386239 1.0040830461463696e-21
654.5600811481148 1.0039412349109158e-21
654.6589760576057 1.0037994636060019e-21
654.7578709670967 1.0036577322148225e-21
654.8567658765877 1.0035160407205794e-21
654.9556607860786 1.0033743891064864e-21
655.0545556955695 1.0032327773557639e-21
655.1534506050605 1.0030912054516438e-21
655.2523455145515 1.0029496733773657e-21
655.3512404240424 1.0028081811161805e-21
655.4501353335334 1.002666728651347e-21
655.5490302430243 1.0025253159661332e-21
655.6479251525152 1.0023839430438175e-21
655.7468200620062 1.0022426098676872e-21
655.8457149714972 1.0021013164210388e-21
655.9446098809881 1.001960062687178e-21
656.043504790479 1.0018188486494194e-21
656.14239969997 1.0016776742910883e-21
656.241294609461 1.0015365395955186e-21
656.3401895189519 1.0013954445460527e-21
656.4390844284428 1.001254389126044e-21
656.5379793379337 1.001113373318853e-21
656.6368742474248 1.0009723971078512e-21
656.7357691569157 1.0008314604764185e-21
656.8346640664066 1.0006905634079454e-21
656.9335589758975 1.0005497058858297e-21
657.0324538853886 1.0004088878934792e-21
657.1313487948795 1.000268109414312e-21
657.2302437043704 1.000127370431754e-21
657.3291386138613 9.999866709292414e-22
657.4280335233524 9.998460108902185e-22
657.5269284328433 9.997053902981398e-22
657.6258233423342 9.995648091364687e-22
657.7247182518252 9.994242673886781e-22
657.8236131613161 9.99283765038249e-22
657.9225080708071 9.991433020686728e-22
658.021402980298 9.990028784634498e-22
658.120297889789 9.988624942060893e-22
658.2191927992799 9.987221492801097e-22
658.3180877087709 9.985818436690389e-22
658.4169826182618 9.984415773564135e-22
658.5158775277528 9.983013503257798e-22
658.6147724372437 9.981611625606926e-22
658.7136673467347 9.980210140447166e-22
658.8125622562256 9.978809047614248e-22
658.9114571657166 9.977408346944007e-22
659.0103520752075 9.97600803827235e-22
659.1092469846984 9.97460812143529e-22
659.2081418941895 9.973208596268923e-22
659.3070368036804 9.971809462609448e-22
659.4059317131713 9.970410720293136e-22
659.5048266226622 9.96901236915637e-22
659.6037215321533 9.967614409035602e-22
659.7026164416442 9.96621683976739e-22
659.8015113511351 9.964819661188382e-22
659.900406260626 9.963422873135317e-22
659.999301170117 9.962026475445012e-22
660.098196079608 9.960630467954382e-22
660.1970909890989 9.95923485050045e-22
660.2959858985898 9.957839622920302e-22
660.3948808080808 9.956444785051122e-22
660.4937757175718 9.955050336730196e-22
660.5926706270627 9.95365627779489e-22
660.6915655365536 9.952262608082668e-22
660.7904604460446 9.950869327431074e-22
660.8893553555356 9.949476435677741e-22
660.9882502650265 9.948083932660408e-22
661.0871451745174 9.94669181821689e-22
661.1860400840084 9.945300092185097e-22
661.2849349934993 9.943908754403027e-22
661.3838299029903 9.942517804708764e-22
661.4827248124813 9.941127242940495e-22
661.5816197219722 9.93973706893648e-22
661.6805146314631 9.938347282535075e-22
661.7794095409541 9.936957883574735e-22
661.8783044504451 9.935568871893993e-22
661.977199359936 9.934180247331472e-22
662.0760942694269 9.932792009725889e-22
662.1749891789179 9.931404158916043e-22
662.2738840884089 9.930016694740835e-22
662.3727789978998 9.928629617039245e-22
662.4716739073907 9.927242925650343e-22
662.5705688168816 9.925856620413291e-22
662.6694637263727 9.924470701167335e-22
662.7683586358636 9.923085167751818e-22
662.8672535453545 9.921700020006165e-22
662.9661484548454 9.920315257769896e-22
663.0650433643365 9.918930880882605e-22
663.1639382738274 9.917546889183998e-22
663.2628331833183 9.916163282513848e-22
663.3617280928092 9.914780060712035e-22
663.4606230023003 9.913397223618505e-22
663.5595179117912 9.912014771073316e-22
663.6584128212821 9.910632702916596e-22
663.757307730773 9.909251018988574e-22
663.856202640264 9.907869719129562e-22
663.955097549755 9.90648880317996e-22
664.0539924592459 9.905108270980255e-22
664.1528873687369 9.903728122371023e-22
664.2517822782278 9.902348357192932e-22
664.3506771877188 9.900968975286732e-22
664.4495720972097 9.899589976493257e-22
664.5484670067007 9.898211360653446e-22
664.6473619161916 9.89683312760831e-22
664.7462568256825 9.895455277198952e-22
664.8451517351735 9.894077809266565e-22
664.9440466446645 9.892700723652421e-22
665.0429415541554 9.891324020197893e-22
665.1418364636463 9.889947698744434e-22
665.2407313731374 9.888571759133583e-22
665.3396262826283 9.88719620120697e-22
665.4385211921192 9.885821024806305e-22
665.5374161016101 9.884446229773398e-22
665.6363110111012 9.883071815950134e-22
665.7352059205921 9.881697783178492e-22
665.834100830083 9.880324131300533e-22
665.9329957395739 9.878950860158418e-22
666.0318906490648 9.877577969594368e-22
666.1307855585559 9.876205459450722e-22
666.2296804680468 9.87483332956988e-22
666.3285753775377 9.873461579794353e-22
666.4274702870287 9.872090209966718e-22
666.5263651965197 9.870719219929641e-22
666.6252601060106 9.86934860952589e-22
666.7241550155015 9.867978378598306e-22
666.8230499249925 9.866608526989817e-22
666.9219448344835 9.86523905454344e-22
667.0208397439744 9.863869961102282e-22
667.1197346534653 9.86250124650954e-22
667.2186295629563 9.86113291060847e-22
667.3175244724472 9.859764953242453e-22
667.4164193819382 9.858397374254922e-22
667.5153142914291 9.857030173489421e-22
667.6142092009201 9.855663350789571e-22
667.713104110411 9.854296905999075e-22
667.811999019902 9.852930838961715e-22
667.910893929393 9.851565149521388e-22
668.0097888388839 9.850199837522044e-22
668.1086837483748 9.848834902807733e-22
668.2075786578658 9.84747034522259e-22
668.3064735673568 9.846106164610844e-22
668.4053684768477 9.844742360816784e-22
668.5042633863386 9.843378933684814e-22
668.6031582958295 9.84201588305941e-22
668.7020532053206 9.840653208785119e-22
668.8009481148115 9.839290910706609e-22
668.8998430243024 9.837928988668596e-22
668.9987379337933 9.836567442515907e-22
669.0976328432844 9.835206272093436e-22
669.1965277527753 9.833845477246177e-22
669.2954226622662 9.8324850578192e-22
669.3943175717571 9.831125013657666e-22
669.4932124812481 9.829765344606802e-22
669.5921073907391 9.828406050511952e-22
669.69100230023 9.827047131218523e-22
669.789897209721 9.825688586572008e-22
669.8887921192119 9.82433041641799e-22
669.9876870287029 9.822972620602127e-22
670.0865819381938 9.821615198970182e-22
670.1854768476848 9.820258151367981e-22
670.2843717571757 9.818901477641444e-22
670.3832666666667 9.817545177636569e-22
670.4821615761576 9.816189251199454e-22
670.5810564856486 9.814833698176265e-22
670.6799513951395 9.813478518413254e-22
670.7788463046304 9.812123711756767e-22
670.8777412141214 9.810769278053222e-22
670.9766361236124 9.809415217149131e-22
671.0755310331033 9.808061528891083e-22
671.1744259425942 9.806708213125758e-22
671.2733208520852 9.805355269699903e-22
671.3722157615762 9.80400269846038e-22
671.4711106710671 9.802650499254098e-22
671.570005580558 9.801298671928079e-22
671.668900490049 9.79994721632941e-22
671.76779539954 9.798596132305274e-22
671.8666903090309 9.797245419702924e-22
671.9655852185218 9.795895078369717e-22
672.0644801280127 9.794545108153068e-22
672.1633750375038 9.793195508900494e-22
672.2622699469947 9.79184628045959e-22
672.3611648564856 9.790497422678028e-22
672.4600597659766 9.78914893540358e-22
672.5589546754676 9.787800818484076e-22
672.6578495849585 9.78645307176745e-22
672.7567444944494 9.785105695101705e-22
672.8556394039404 9.783758688334946e-22
672.9545343134313 9.782412051315338e-22
673.0534292229223 9.78106578389114e-22
673.1523241324132 9.7797198859107e-22
673.2512190419042 9.77837435722243e-22
673.3501139513951 9.777029197674846e-22
673.4490088608861 9.775684407116529e-22
673.547903770377 9.774339985396163e-22
673.646798679868 9.772995932362486e-22
673.7456935893589 9.771652247864344e-22
673.8445884988499 9.77030893175065e-22
673.9434834083409 9.76896598387041e-22
674.0423783178318 9.767623404072706e-22
674.1412732273227 9.766281192206696e-22
674.2401681368136 9.764939348121636e-22
674.3390630463047 9.763597871666843e-22
674.4379579557956 9.762256762691747e-22
674.5368528652865 9.760916021045827e-22
674.6357477747774 9.759575646578664e-22
674.7346426842685 9.758235639139908e-22
674.8335375937594 9.756895998579305e-22
674.9324325032503 9.755556724746676e-22
675.0313274127412 9.754217817491917e-22
675.1302223222323 9.75287927666502e-22
675.2291172317232 9.751541102116041e-22
675.3280121412141 9.750203293695131e-22
675.426907050705 9.748865851252518e-22
675.525801960196 9.747528774638515e-22
675.624696869687 9.746192063703506e-22
675.7235917791779 9.744855718297972e-22
675.8224866886688 9.743519738272456e-22
675.9213815981598 9.742184123477602e-22
676.0202765076508 9.740848873764121e-22
676.1191714171417 9.73951398898281e-22
676.2180663266327 9.738179468984552e-22
676.3169612361236 9.736845313620302e-22
676.4158561456146 9.735511522741099e-22
676.5147510551055 9.734178096198062e-22
676.6136459645965 9.732845033842394e-22
676.7125408740874 9.731512335525377e-22
676.8114357835783 9.730180001098378e-22
676.9103306930693 9.728848030412838e-22
677.0092256025603 9.727516423320275e-22
677.1081205120512 9.726185179672301e-22
677.2070154215421 9.724854299320595e-22
677.3059103310331 9.72352378211693e-22
677.4048052405241 9.722193627913145e-22
677.503700150015 9.72086383656117e-22
677.6025950595059 9.71953440791301e-22
677.7014899689968 9.718205341820755e-22
677.8003848784879 9.716876638136565e-22
677.8992797879788 9.715548296712687e-22
677.9981746974697 9.714220317401455e-22
678.0970696069606 9.712892700055269e-22
678.1959645164517 9.711565444526618e-22
678.2948594259426 9.710238550668068e-22
678.3937543354335 9.708912018332266e-22
678.4926492449245 9.707585847371941e-22
678.5915441544155 9.706260037639895e-22
678.6904390639064 9.704934588989013e-22
678.7893339733973 9.703609501272263e-22
678.8882288828883 9.702284774342685e-22
678.9871237923792 9.700960408053415e-22
679.0860187018702 9.699636402257638e-22
679.1849136113611 9.698312756808653e-22
679.2838085208521 9.696989471559812e-22
679.382703430343 9.695666546364565e-22
679.481598339834 9.694343981076422e-22
679.580493249325 9.693021775548993e-22
679.6793881588159 9.691699929635956e-22
679.7782830683068 9.690378443191063e-22
679.8771779777978 9.689057316068157e-22
679.9760728872888 9.687736548121153e-22
680.0749677967797 9.686416139204047e-22
680.1738627062706 9.685096089170908e-22
680.2727576157615 9.683776397875893e-22
680.3716525252526 9.682457065173225e-22
680.4705474347435 9.68113809091723e-22
680.5694423442344 9.679819474962285e-22
680.6683372537253 9.678501217162866e-22
680.7672321632164 9.677183317373507e-22
680.8661270727073 9.675865775448844e-22
680.9650219821982 9.67454859124357e-22
681.0639168916891 9.673231764612473e-22
681.1628118011802 9.67191529541041e-22
681.2617067106711 9.670599183492323e-22
681.360601620162 9.669283428713218e-22
681.4594965296529 9.667968030928201e-22
681.5583914391439 9.666652989992436e-22
681.6572863486349 9.665338305761178e-22
681.7561812581258 9.664023978089751e-22
681.8550761676167 9.662710006833567e-22
681.9539710771077 9.66139639184811e-22
682.0528659865987 9.660083132988935e-22
682.1517608960896 9.658770230111688e-22
682.2506558055805 9.657457683072087e-22
682.3495507150715 9.656145491725923e-22
682.4484456245624 9.654833655929074e-22
682.5473405340534 9.653522175537483e-22
682.6462354435444 9.652211050407189e-22
682.7451303530353 9.65090028039429e-22
682.8440252625262 9.64958986535497e-22
682.9429201720172 9.648279805145493e-22
683.0418150815082 9.646970099622195e-22
683.1407099909991 9.645660748641489e-22
683.23960490049 9.644351752059866e-22
683.338499809981 9.643043109733902e-22
683.437394719472 9.641734821520238e-22
683.5362896289629 9.640426887275601e-22
683.6351845384538 9.639119306856791e-22
683.7340794479447 9.63781208012069e-22
683.8329743574358 9.636505206924237e-22
683.9318692669267 9.635198687124482e-22
684.0307641764176 9.633892520578524e-22
684.1296590859085 9.632586707143551e-22
684.2285539953996 9.631281246676814e-22
684.3274489048905 9.629976139035671e-22
684.4263438143814 9.628671384077525e-22
684.5252387238723 9.627366981659873e-22
684.6241336333634 9.626062931640275e-22
684.7230285428543 9.62475923387638e-22
684.8219234523452 9.623455888225911e-22
684.9208183618362 9.622152894546663e-22
685.0197132713271 9.620850252696513e-22
685.1186081808181 9.619547962533406e-22
685.217503090309 9.618246023915373e-22
685.3163979998 9.616944436700511e-22
685.4152929092909 9.615643200747e-22
685.5141878187819 9.6143423159131e-22
685.6130827282728 9.613041782057136e-22
685.7119776377638 9.611741599037518e-22
685.8108725472547 9.610441766712728e-22
685.9097674567456 9.60914228494131e-22
686.0086623662366 9.607843153581921e-22
686.1075572757276 9.606544372493256e-22
686.2064521852185 9.605245941534105e-22
686.3053470947094 9.603947860563324e-22
686.4042420042005 9.602650129439856e-22
686.5031369136914 9.601352748022715e-22
686.6020318231823 9.600055716170977e-22
686.7009267326732 9.59875903374382e-22
686.7998216421643 9.597462700600473e-22
686.8987165516552 9.59616671660025e-22
686.9976114611461 9.594871081602544e-22
687.096506370637 9.593575795466821e-22
687.195401280128 9.592280858052613e-22
687.294296189619 9.590986269219535e-22
687.3931910991099 9.589692028827286e-22
687.4920860086008 9.588398136735628e-22
687.5909809180918 9.587104592804393e-22
687.6898758275828 9.585811396893504e-22
687.7887707370737 9.584518548862949e-22
687.8876656465646 9.583226048572793e-22
687.9865605560556 9.58193389588317e-22
688.0854554655466 9.580642090654299e-22
688.1843503750375 9.579350632746467e-22
688.2832452845284 9.57805952202004e-22
688.3821401940194 9.576768758335457e-22
688.4810351035103 9.575478341553224e-22
688.5799300130013 9.574188271533935e-22
688.6788249224923 9.572898548138243e-22
688.7777198319832 9.571609171226893e-22
688.8766147414741 9.570320140660693e-22
688.9755096509651 9.56903145630052e-22
689.0744045604561 9.567743118007349e-22
689.173299469947 9.566455125642195e-22
689.2721943794379 9.565167479066175e-22
689.3710892889289 9.563880178140467e-22
689.4699841984199 9.56259322272633e-22
689.5688791079108 9.56130661268509e-22
689.6677740174017 9.560020347878152e-22
689.7666689268926 9.558734428166992e-22
689.8655638363837 9.55744885341316e-22
689.9644587458746 9.556163623478283e-22
690.0633536553655 9.55487873822406e-22
690.1622485648564 9.55359419751226e-22
690.2611434743475 9.552310001204731e-22
690.3600383838384 9.551026149163393e-22
690.4589332933293 9.54974264125024e-22
690.5578282028202 9.548459477327338e-22
690.6567231123112 9.547176657256825e-22
690.7556180218022 9.545894180900914e-22
690.8545129312931 9.544612048121895e-22
690.953407840784 9.543330258782131e-22
691.052302750275 9.542048812744047e-22
691.151197659766 9.540767709870157e-22
691.2500925692569 9.539486950023038e-22
691.3489874787479 9.53820653306534e-22
691.4478823882388 9.536926458859793e-22
691.5467772977298 9.535646727269195e-22
691.6456722072207 9.53436733815642e-22
691.7445671167117 9.53308829138441e-22
691.8434620262026 9.531809586816183e-22
691.9423569356935 9.530531224314834e-22
692.0412518451845 9.52925320374352e-22
692.1401467546755 9.527975524965484e-22
692.2390416641664 9.52669818784403e-22
692.3379365736573 9.52542119224254e-22
692.4368314831484 9.524144538024472e-22
692.5357263926393 9.522868225053347e-22
692.6346213021302 9.521592253192769e-22
692.7335162116211 9.520316622306407e-22
692.8324111211122 9.519041332258004e-22
692.9313060306031 9.517766382911379e-22
693.030200940094 9.51649177413042e-22
693.1290958495849 9.515217505779087e-22
693.2279907590759 9.513943577721418e-22
693.3268856685669 9.512669989821509e-22
693.4257805780578 9.511396741943551e-22
693.5246754875487 9.510123833951777e-22
693.6235703970397 9.508851265710518e-22
693.7224653065307 9.50757903708417e-22
693.8213602160216 9.50630714793719e-22
693.9202551255125 9.50503559813412e-22
694.0191500350035 9.503764387539575e-22
694.1180449444945 9.502493516018226e-22
694.2169398539854 9.501222983434833e-22
694.3158347634763 9.499952789654211e-22
694.4147296729673 9.498682934541266e-22
694.5136245824582 9.497413417960964e-22
694.6125194919492 9.496144239778337e-22
694.7114144014402 9.494875399858503e-22
694.8103093109311 9.493606898066642e-22
694.909204220422 9.492338734268007e-22
695.008099129913 9.491070908327917e-22
695.106994039404 9.48980342011178e-22
695.2058889488949 9.48853626948506e-22
695.3047838583858 9.487269456313286e-22
695.4036787678767 9.486002980462079e-22
695.5025736773678 9.48473684179711e-22
695.6014685868587 9.483471040184138e-22
695.7003634963496 9.482205575488988e-22
695.7992584058405 9.48094044757755e-22
695.8981533153316 9.479675656315788e-22
695.9970482248225 9.478411201569739e-22
696.0959431343134 9.47714708320551e-22
696.1948380438043 9.47588330108928e-22
696.2937329532954 9.474619855087287e-22
696.3926278627863 9.473356745065866e-22
696.4915227722772 9.472093970891396e-22
696.5904176817681 9.470831532430344e-22
696.6893125912591 9.469569429549228e-22
696.7882075007501 9.468307662114668e-22
696.887102410241 9.467046229993319e-22
696.985997319732 9.465785133051934e-22
697.0848922292229 9.464524371157321e-22
697.1837871387139 9.463263944176357e-22
697.2826820482048 9.462003851976002e-22
697.3815769576958 9.460744094423285e-22
697.4804718671867 9.45948467138529e-22
697.5793667766777 9.45822558272918e-22
697.6782616861686 9.456966828322196e-22
697.7771565956596 9.455708408031635e-22
697.8760515051505 9.454450321724876e-22
697.9749464146414 9.453192569269361e-22
698.0738413241324 9.451935150532602e-22
698.1727362336234 9.450678065382187e-22
698.2716311431143 9.449421313685762e-22
698.3705260526052 9.448164895311056e-22
698.4694209620963 9.446908810125863e-22
698.5683158715872 9.44565305799804e-22
698.6672107810781 9.444397638795523e-22
698.766105690569 9.443142552386314e-22
698.86500060006 9.441887798638481e-22
698.963895509551 9.440633377420169e-22
699.0627904190419 9.439379288599586e-22
699.1616853285328 9.438125532045015e-22
699.2605802380237 9.436872107624798e-22
699.3594751475148 9.43561901520736e-22
699.4583700570057 9.43436625466119e-22
699.5572649664966 9.433113825854837e-22
699.6561598759876 9.431861728656931e-22
699.7550547854786 9.430609962936172e-22
699.8539496949695 9.429358528561317e-22
699.9528446044604 9.428107425401202e-22
700.0517395139514 9.426856653324732e-22
700.1506344234423 9.425606212200876e-22
700.2495293329333 9.424356101898673e-22
700.3484242424242 9.423106322287238e-22
700.4473191519152 9.421856873235742e-22
700.5462140614061 9.420607754613431e-22
700.6451089708971 9.419358966289623e-22
700.744003880388 9.418110508133709e-22
700.842898789879 9.416862380015133e-22
700.9417936993699 9.41561458180342e-22
701.0406886088609 9.41436711336816e-22
701.1395835183519 9.413119974579008e-22
701.2384784278428 9.411873165305698e-22
701.3373733373337 9.410626685418016e-22
701.4362682468246 9.409380534785831e-22
701.5351631563157 9.408134713279074e-22
701.6340580658066 9.406889220767746e-22
701.7329529752975 9.405644057121915e-22
701.8318478847884 9.404399222211723e-22
701.9307427942795 9.403154715907364e-22
702.0296377037704 9.401910538079123e-22
702.1285326132613 9.40066668859733e-22
702.2274275227522 9.399423167332399e-22
702.3263224322433 9.39817997415481e-22
702.4252173417342 9.396937108935104e-22
702.5241122512251 9.395694571543893e-22
702.623007160716 9.394452361851864e-22
702.721902070207 9.393210479729758e-22
702.820796979698 9.39196892504839e-22
702.9196918891889 9.390727697678656e-22
703.0185867986798 9.3894867974915e-22
703.1174817081708 9.388246224357938e-22
703.2163766176618 9.387005978149059e-22
703.3152715271527 9.38576605873602e-22
703.4141664366437 9.384526465990045e-22
703.5130613461346 9.383287199782411e-22
703.6119562556255 9.382048259984487e-22
703.7108511651165 9.380809646467694e-22
703.8097460746075 9.379571359103527e-22
703.9086409840984 9.378333397763532e-22
704.0075358935893 9.377095762319346e-22
704.1064308030803 9.375858452642658e-22
704.2053257125713 9.374621468605228e-22
704.3042206220622 9.373384810078886e-22
704.4031155315531 9.372148476935525e-22
704.5020104410441 9.3709124690471e-22
704.6009053505351 9.369676786285647e-22
704.699800260026 9.368441428523262e-22
704.7986951695169 9.367206395632104e-22
704.8975900790078 9.3659716874844e-22
704.9964849884989 9.364737303952447e-22
705.0953798979898 9.36350324490861e-22
705.1942748074807 9.362269510225314e-22
705.2931697169716 9.361036099775055e-22
705.3920646264627 9.3598030134304e-22
705.4909595359536 9.358570251063975e-22
705.5898544454445 9.35733781254847e-22
705.6887493549355 9.356105697756657e-22
705.7876442644265 9.354873906561356e-22
705.8865391739174 9.353642438835463e-22
705.9854340834083 9.352411294451947e-22
706.0843289928993 9.35118047328383e-22
706.1832239023902 9.3499499752042e-22
706.2821188118812 9.348719800086225e-22
706.3810137213721 9.347489947803126e-22
706.4799086308631 9.3462604182282e-22
706.578803540354 9.345031211234801e-22
706.677698449845 9.343802326696351e-22
706.776593359336 9.342573764486354e-22
706.8754882688269 9.34134552447835e-22
706.9743831783178 9.340117606545968e-22
707.0732780878088 9.338890010562894e-22
707.1721729972998 9.33766273640289e-22
707.2710679067907 9.336435783939764e-22
707.3699628162816 9.335209153047411e-22
707.4688577257725 9.333982843599776e-22
707.5677526352636 9.332756855470877e-22
707.6666475447545 9.3315311885348e-22
707.7655424542454 9.33030584266569e-22
707.8644373637363 9.32908081773776e-22
707.9633322732274 9.327856113625291e-22
708.0622271827183 9.32663173020263e-22
708.1611220922092 9.325407667344175e-22
708.2600170017001 9.32418392492442e-22
708.3589119111911 9.32296050281789e-22
708.4578068206821 9.3217374008992e-22
708.556701730173 9.320514619043016e-22
708.6555966396639 9.319292157124077e-22
708.7544915491549 9.318070015017186e-22
708.8533864586459 9.316848192597204e-22
708.9522813681368 9.315626689739072e-22
709.0511762776277 9.314405506317773e-22
709.1500711871187 9.313184642208383e-22
709.2489660966097 9.311964097286018e-22
709.3478610061006 9.310743871425876e-22
709.4467559155916 9.309523964503211e-22
709.5456508250825 9.308304376393349e-22
709.6445457345734 9.307085106971668e-22
709.7434406440644 9.305866156113621e-22
709.8423355535554 9.304647523694725e-22
709.9412304630463 9.303429209590564e-22
710.0401253725372 9.30221121367678e-22
710.1390202820282 9.30099353582907e-22
710.2379151915192 9.299776175923232e-22
710.3368101010101 9.298559133835086e-22
710.435705010501 9.297342409440542e-22
710.534599919992 9.296126002615564e-22
710.633494829483 9.294909913236183e-22
710.7323897389739 9.2936941411785e-22
710.8312846484648 9.29247868631867e-22
710.9301795579557 9.29126354853292e-22
711.0290744674468 9.29004872769753e-22
711.1279693769377 9.28883422368887e-22
711.2268642864286 9.287620036383348e-22
711.3257591959195 9.28640616565744e-22
711.4246541054106 9.285192611387695e-22
711.5235490149015 9.283979373450718e-22
711.6224439243924 9.282766451723193e-22
711.7213388338834 9.281553846081842e-22
711.8202337433743 9.280341556403478e-22
711.9191286528653 9.279129582564962e-22
712.0180235623562 9.277917924443218e-22
712.1169184718472 9.27670658191524e-22
712.2158133813381 9.275495554858084e-22
712.3147082908291 9.274284843148872e-22
712.41360320032 9.273074446664781e-22
712.512498109811 9.271864365283065e-22
712.6113930193019 9.270654598881028e-22
712.7102879287929 9.269445147336047e-22
712.8091828382838 9.268236010525555e-22
712.9080777477748 9.267027188327055e-22
713.0069726572657 9.26581868061811e-22
713.1058675667566 9.264610487276351e-22
713.2047624762477 9.263402608179463e-22
713.3036573857386 9.262195043205198e-22
713.4025522952295 9.26098779223138e-22
713.5014472047204 9.25978085513589e-22
713.6003421142115 9.258574231796657e-22
713.6992370237024 9.257367922091704e-22
713.7981319331933 9.256161925899092e-22
713.8970268426842 9.254956243096953e-22
713.9959217521753 9.253750873563479e-22
714.0948166616662 9.252545817176943e-22
714.1937115711571 9.25134107381565e-22
714.292606480648 9.25013664335799e-22
714.391501390139 9.248932525682408e-22
714.49039629963 9.247728720667411e-22
714.5892912091209 9.246525228191581e-22
714.6881861186118 9.245322048133545e-22
714.7870810281028 9.244119180372005e-22
714.8859759375938 9.242916624785711e-22
714.9848708470847 9.2417143812535e-22
715.0837657565756 9.240512449654245e-22
715.1826606660666 9.239310829866898e-22
715.2815555755576 9.238109521770474e-22
715.3804504850485 9.236908525244036e-22
715.4793453945395 9.235707840166727e-22
715.5782403040304 9.234507466417743e-22
715.6771352135213 9.233307403876336e-22
715.7760301230123 9.232107652421837e-22
715.8749250325033 9.230908211933626e-22
715.9738199419942 9.229709082291144e-22
716.0727148514851 9.228510263373913e-22
716.1716097609761 9.227311755061485e-22
716.2705046704671 9.226113557233503e-22
716.369399579958 9.224915669769664e-22
716.4682944894489 9.223718092549719e-22
716.5671893989398 9.222520825453484e-22
716.6660843084309 9.221323868360848e-22
716.7649792179218 9.220127221151741e-22
716.8638741274127 9.218930883706177e-22
716.9627690369036 9.217734855904211e-22
717.0616639463947 9.216539137625981e-22
717.1605588558856 9.215343728751671e-22
717.2594537653765 9.21414862916153e-22
717.3583486748674 9.212953838735874e-22
717.4572435843585 9.211759357355069e-22
717.5561384938494 9.210565184899562e-22
717.6550334033403 9.209371321249838e-22
717.7539283128312 9.208177766286462e-22
717.8528232223222 9.20698451989005e-22
717.9517181318132 9.205791581941282e-22
718.0506130413041 9.204598952320908e-22
718.149507950795 9.203406630909724e-22
718.248402860286 9.2022146175886e-22
718.347297769777 9.201022912238446e-22
718.4461926792679 9.199831514740275e-22
718.5450875887589 9.198640424975118e-22
718.6439824982498 9.19744964282409e-22
718.7428774077408 9.196259168168355e-22
718.8417723172317 9.195069000889151e-22
718.9406672267227 9.19387914086777e-22
719.0395621362136 9.192689587985558e-22
719.1384570457045 9.191500342123945e-22
719.2373519551955 9.190311403164386e-22
719.3362468646865 9.189122770988433e-22
719.4351417741774 9.187934445477673e-22
719.5340366836683 9.186746426513769e-22
719.6329315931594 9.185558713978434e-22
719.7318265026503 9.184371307753454e-22
719.8307214121412 9.183184207720665e-22
719.9296163216321 9.181997413761961e-22
720.0285112311232 9.180810925759308e-22
720.1274061406141 9.17962474359473e-22
720.226301050105 9.178438867150304e-22
720.3251959595959 9.177253296308167e-22
720.4240908690869 9.176068030950534e-22
720.5229857785779 9.17488307095966e-22
720.6218806880688 9.173698416217867e-22
720.7207755975597 9.172514066607543e-22
720.8196705070507 9.171330022011126e-22
720.9185654165417 9.170146282311122e-22
721.0174603260326 9.1689628473901e-22
721.1163552355235 9.167779717130677e-22
721.2152501450145 9.166596891415541e-22
721.3141450545054 9.165414370127433e-22
721.4130399639964 9.16423215314916e-22
721.5119348734873 9.163050240363581e-22
721.6108297829783 9.161868631653625e-22
721.7097246924692 9.160687326902281e-22
721.8086196019602 9.159506325992578e-22
721.9075145114512 9.15832562880763e-22
722.0064094209421 9.157145235230604e-22
722.105304330433 9.155965145144712e-22
722.204199239924 9.154785358433245e-22
722.303094149415 9.15360587497954e-22
722.4019890589059 9.152426694667005e-22
722.5008839683968 9.151247817379097e-22
722.5997788778877 9.150069242999342e-22
722.6986737873788 9.148890971411317e-22
722.7975686968697 9.147713002498665e-22
722.8964636063606 9.146535336145083e-22
722.9953585158515 9.145357972234331e-22
723.0942534253426 9.144180910650223e-22
723.1931483348335 9.143004151276646e-22
723.2920432443244 9.141827693997533e-22
723.3909381538153 9.140651538696877e-22
723.4898330633064 9.139475685258738e-22
723.5887279727973 9.138300133567228e-22
723.6876228822882 9.13712488350652e-22
723.7865177917791 9.135949934960851e-22
723.8854127012701 9.13477528781451e-22
723.9843076107611 9.133600941951846e-22
724.083202520252 9.132426897257278e-22
724.182097429743 9.13125315361526e-22
724.2809923392339 9.130079710910338e-22
724.3798872487249 9.128906569027081e-22
724.4787821582158 9.127733727850147e-22
724.5776770677068 9.126561187264236e-22
724.6765719771977 9.125388947154113e-22
724.7754668866886 9.124217007404597e-22
724.8743617961796 9.12304536790057e-22
724.9732567056706 9.121874028526971e-22
725.0721516151615 9.120702989168794e-22
725.1710465246524 9.119532249711107e-22
725.2699414341434 9.11836181003901e-22
725.3688363436344 9.11719167003769e-22
725.4677312531253 9.116021829592366e-22
725.5666261626162 9.11485228858834e-22
725.6655210721073 9.113683046910952e-22
725.7644159815982 9.112514104445611e-22
725.8633108910891 9.11134546107779e-22
725.96220580058 9.110177116693002e-22
726.061100710071 9.109009071176835e-22
726.159995619562 9.107841324414925e-22
726.2588905290529 9.106673876292981e-22
726.3577854385438 9.105506726696742e-22
726.4566803480348 9.10433987551204e-22
726.5555752575258 9.103173322624735e-22
726.6544701670167 9.102007067920763e-22
726.7533650765076 9.100841111286108e-22
726.8522599859986 9.099675452606825e-22
726.9511548954896 9.098510091769012e-22
727.0500498049805 9.097345028658834e-22
727.1489447144714 9.096180263162505e-22
727.2478396239624 9.095015795166312e-22
727.3467345334533 9.093851624556584e-22
727.4456294429443 9.09268775121972e-22
727.5445243524352 9.091524175042169e-22
727.6434192619262 9.090360895910435e-22
727.7423141714171 9.089197913711087e-22
727.8412090809081 9.088035228330753e-22
727.940103990399 9.086872839656113e-22
728.03899889989 9.085710747573908e-22
728.1378938093809 9.084548951970926e-22
728.2367887188719 9.083387452734025e-22
728.3356836283629 9.08222624975012e-22
728.4345785378538 9.081065342906177e-22
728.5334734473447 9.079904732089218e-22
728.6323683568356 9.07874441718634e-22
728.7312632663267 9.077584398084662e-22
728.8301581758176 9.076424674671406e-22
728.9290530853085 9.075265246833808e-22
729.0279479947994 9.074106114459188e-22
729.1268429042905 9.072947277434916e-22
729.2257378137814 9.071788735648414e-22
729.3246327232723 9.070630488987172e-22
729.4235276327632 9.069472537338722e-22
729.5224225422542 9.068314880590664e-22
729.6213174517452 9.067157518630658e-22
729.7202123612361 9.066000451346409e-22
729.819107270727 9.064843678625688e-22
729.918002180218 9.06368720035632e-22
730.016897089709 9.062531016426184e-22
730.1157919991999 9.06137512672322e-22
730.2146869086909 9.060219531135418e-22
730.3135818181818 9.059064229550841e-22
730.4124767276728 9.057909221857589e-22
730.5113716371637 9.056754507943827e-22
730.6102665466547 9.055600087697783e-22
730.7091614561456 9.054445961007727e-22
730.8080563656365 9.053292127761998e-22
730.9069512751275 9.052138587848981e-22
731.0058461846185 9.050985341157138e-22
731.1047410941094 9.049832387574957e-22
731.2036360036003 9.04867972699101e-22
731.3025309130913 9.047527359293905e-22
731.4014258225823 9.046375284372318e-22
731.5003207320732 9.045223502114978e-22
731.5992156415641 9.044072012410675e-22
731.6981105510552 9.042920815148242e-22
731.7970054605461 9.041769910216583e-22
731.895900370037 9.040619297504652e-22
731.9947952795279 9.039468976901451e-22
732.0936901890188 9.038318948296058e-22
732.1925850985099 9.037169211577586e-22
732.2914800080008 9.036019766635217e-22
732.3903749174917 9.034870613358176e-22
732.4892698269826 9.033721751635769e-22
732.5881647364737 9.032573181357324e-22
732.6870596459646 9.031424902412254e-22
732.7859545554555 9.030276914690017e-22
732.8848494649465 9.02912921808012e-22
732.9837443744374 9.027981812472134e-22
733.0826392839284 9.026834697755679e-22
733.1815341934193 9.025687873820444e-22
733.2804291029103 9.024541340556158e-22
733.3793240124012 9.023395097852614e-22
733.4782189218922 9.022249145599656e-22
733.5771138313831 9.02110348368719e-22
733.6760087408741 9.019958112005173e-22
733.774903650365 9.01881303044362e-22
733.873798559856 9.017668238892596e-22
733.972693469347 9.016523737242225e-22
734.0715883788379 9.015379525382689e-22
734.1704832883288 9.014235603204224e-22
734.2693781978197 9.013091970597116e-22
734.3682731073108 9.011948627451706e-22
734.4671680168017 9.010805573658408e-22
734.5660629262926 9.009662809107666e-22
734.6649578357835 9.008520333689996e-22
734.7638527452746 9.007378147295956e-22
734.8627476547655 9.00623624981618e-22
734.9616425642564 9.005094641141329e-22
735.0605374737473 9.00395332116215e-22
735.1594323832384 9.002812289769416e-22
735.2583272927293 9.001671546853967e-22
735.3572222022202 9.000531092306712e-22
735.4561171117111 8.999390926018587e-22
735.5550120212021 8.998251047880605e-22
735.6539069306931 8.99711145778382e-22
735.752801840184 8.995972155619357e-22
735.8516967496749 8.994833141278374e-22
735.9505916591659 8.993694414652113e-22
736.0494865686569 8.992555975631825e-22
736.1483814781478 8.991417824108868e-22
736.2472763876387 8.990279959974622e-22
736.3461712971297 8.989142383120523e-22
736.4450662066207 8.98800509343808e-22
736.5439611161116 8.986868090818832e-22
736.6428560256026 8.985731375154397e-22
736.7417509350935 8.98459494633643e-22
736.8406458445844 8.983458804256649e-22
736.9395407540754 8.982322948806814e-22
737.0384356635664 8.981187379878755e-22
737.1373305730573 8.980052097364352e-22
737.2362254825482 8.978917101155534e-22
737.3351203920392 8.977782391144292e-22
737.4340153015302 8.976647967222658e-22
737.5329102110211 8.975513829282733e-22
737.631805120512 8.974379977216658e-22
737.7307000300029 8.97324641091665e-22
737.829594939494 8.972113130274947e-22
737.9284898489849 8.970980135183874e-22
738.0273847584758 8.969847425535795e-22
738.1262796679667 8.968715001223124e-22
738.2251745774578 8.967582862138332e-22
738.3240694869487 8.96645100817395e-22
738.4229643964396 8.965319439222557e-22
738.5218593059305 8.964188155176785e-22
738.6207542154216 8.963057155929323e-22
738.7196491249125 8.961926441372914e-22
738.8185440344034 8.960796011400352e-22
738.9174389438944 8.959665865904486e-22
739.0163338533853 8.958536004778223e-22
739.1152287628763 8.957406427914509e-22
739.2141236723672 8.956277135206365e-22
739.3130185818582 8.955148126546844e-22
739.4119134913491 8.954019401829075e-22
739.5108084008401 8.952890960946217e-22
739.609703310331 8.9517628037915e-22
739.708598219822 8.950634930258196e-22
739.8074931293129 8.949507340239642e-22
739.9063880388039 8.948380033629215e-22
740.0052829482948 8.94725301032036e-22
740.1041778577858 8.946126270206558e-22
740.2030727672767 8.944999813181361e-22
740.3019676767676 8.943873639138364e-22
740.4008625862587 8.94274774797121e-22
740.4997574957496 8.941622139573615e-22
740.5986524052405 8.940496813839323e-22
740.6975473147314 8.93937177066215e-22
740.7964422242225 8.938247009935956e-22
740.8953371337134 8.937122531554659e-22
740.9942320432043 8.935998335412222e-22
741.0931269526952 8.934874421402673e-22
741.1920218621863 8.933750789420076e-22
741.2909167716772 8.93262743935857e-22
741.3898116811681 8.931504371112332e-22
741.488706590659 8.930381584575586e-22
741.58760150015 8.929259079642633e-22
741.686496409641 8.92813685620779e-22
741.7853913191319 8.927014914165468e-22
741.8842862286228 8.9258932534101e-22
741.9831811381138 8.924771873836183e-22
742.0820760476048 8.923650775338269e-22
742.1809709570957 8.922529957810956e-22
742.2798658665866 8.921409421148907e-22
742.3787607760776 8.920289165246812e-22
742.4776556855685 8.919169189999446e-22
742.5765505950595 8.91804949530161e-22
742.6754455045505 8.91693008104817e-22
742.7743404140414 8.91581094713405e-22
742.8732353235323 8.914692093454211e-22
742.9721302330233 8.913573519903668e-22
743.0710251425143 8.912455226377507e-22
743.1699200520052 8.911337212770848e-22
743.2688149614961 8.910219478978868e-22
743.3677098709871 8.909102024896793e-22
743.4666047804781 8.907984850419913e-22
743.565499689969 8.906867955443558e-22
743.6643945994599 8.905751339863111e-22
743.7632895089508 8.904635003574017e-22
743.8621844184419 8.903518946471763e-22
743.9610793279328 8.902403168451886e-22
744.0599742374237 8.90128766940999e-22
744.1588691469146 8.900172449241714e-22
744.2577640564057 8.899057507842762e-22
744.3566589658966 8.897942845108873e-22
744.4555538753875 8.896828460935865e-22
744.5544487848784 8.895714355219578e-22
744.6533436943695 8.89460052785592e-22
744.7522386038604 8.893486978740852e-22
744.8511335133513 8.892373707770381e-22
744.9500284228423 8.891260714840565e-22
745.0489233323332 8.89014799984752e-22
745.1478182418242 8.889035562687408e-22
745.2467131513151 8.887923403256439e-22
745.3456080608061 8.886811521450884e-22
745.444502970297 8.885699917167068e-22
745.543397879788 8.884588590301354e-22
745.6422927892789 8.883477540750161e-22
745.7411876987699 8.882366768409967e-22
745.8400826082608 8.88125627317729e-22
745.9389775177517 8.880146054948713e-22
746.0378724272427 8.879036113620857e-22
746.1367673367337 8.877926449090398e-22
746.2356622462246 8.876817061254072e-22
746.3345571557155 8.875707950008658e-22
746.4334520652066 8.874599115250984e-22
746.5323469746975 8.873490556877933e-22
746.6312418841884 8.872382274786444e-22
746.7301367936793 8.871274268873495e-22
746.8290317031704 8.870166539036127e-22
746.9279266126613 8.869059085171427e-22
747.0268215221522 8.867951907176535e-22
747.1257164316431 8.866845004948634e-22
747.224611341134 8.865738378384967e-22
747.3235062506251 8.864632027382823e-22
747.422401160116 8.863525951839547e-22
747.5212960696069 8.86242015165253e-22
747.6201909790979 8.861314626719223e-22
747.7190858885889 8.86020937693711e-22
747.8179807980798 8.859104402203736e-22
747.9168757075707 8.857999702416705e-22
748.0157706170617 8.856895277473657e-22
748.1146655265527 8.85579112727229e-22
748.2135604360436 8.854687251710355e-22
748.3124553455345 8.853583650685648e-22
748.4113502550255 8.852480324096016e-22
748.5102451645164 8.85137727183937e-22
748.6091400740074 8.850274493813638e-22
748.7080349834984 8.849171989916842e-22
748.8069298929893 8.848069760047017e-22
748.9058248024802 8.846967804102277e-22
749.0047197119712 8.845866121980762e-22
749.1036146214622 8.844764713580684e-22
749.2025095309531 8.84366357880029e-22
749.301404440444 8.842562717537883e-22
749.400299349935 8.841462129691819e-22
749.499194259426 8.840361815160496e-22
749.5980891689169 8.839261773842373e-22
749.6969840784078 8.838162005635947e-22
749.7958789878987 8.837062510439783e-22
749.8947738973898 8.835963288152466e-22
749.9936688068807 8.834864338672667e-22
750.0925637163716 8.833765661899082e-22
750.1914586258625 8.832667257730469e-22
750.2903535353536 8.831569126065622e-22
750.3892484448445 8.830471266803405e-22
750.4881433543354 8.829373679842723e-22
750.5870382638263 8.828276365082518e-22
750.6859331733173 8.827179322421807e-22
750.7848280828083 8.826082551759629e-22
750.8837229922992 8.824986052995098e-22
750.9826179017901 8.823889826027365e-22
751.0815128112811 8.822793870755625e-22
751.1804077207721 8.821698187079145e-22
751.279302630263 8.820602774897211e-22
751.378197539754 8.819507634109182e-22
751.4770924492449 8.818412764614458e-22
751.5759873587359 8.817318166312491e-22
751.6748822682268 8.816223839102782e-22
751.7737771777178 8.815129782884877e-22
751.8726720872087 8.814035997558378e-22
751.9715669966996 8.812942483022936e-22
752.0704619061906 8.811849239178242e-22
752.1693568156816 8.810756265924047e-22
752.2682517251725 8.809663563160152e-22
752.3671466346634 8.808571130786397e-22
752.4660415441545 8.807478968702685e-22
752.5649364536454 8.806387076808948e-22
752.6638313631363 8.805295455005197e-22
752.7627262726272 8.804204103191462e-22
752.8616211821183 8.803113021267845e-22
752.9605160916092 8.802022209134478e-22
753.0594110011001 8.800931666691557e-22
753.158305910591 8.799841393839324e-22
753.257200820082 8.798751390478061e-22
753.356095729573 8.797661656508113e-22
753.4549906390639 8.796572191829862e-22
753.5538855485548 8.795482996343749e-22
753.6527804580458 8.794394069950256e-22
753.7516753675368 8.793305412549912e-22
753.8505702770277 8.79221702404331e-22
753.9494651865186 8.79112890433107e-22
754.0483600960096 8.790041053313882e-22
754.1472550055006 8.788953470892474e-22
754.2461499149915 8.787866156967618e-22
754.3450448244824 8.786779111440143e-22
754.4439397339734 8.785692334210927e-22
754.5428346434643 8.784605825180893e-22
754.6417295529553 8.783519584251012e-22
754.7406244624462 8.782433611322304e-22
754.8395193719372 8.781347906295844e-22
754.9384142814281 8.780262469072747e-22
755.0373091909191 8.779177299554178e-22
755.13620410041 8.77809239764136e-22
755.235099009901 8.77700776323555e-22
755.3339939193919 8.775923396238061e-22
755.4328888288828 8.774839296550258e-22
755.5317837383739 8.773755464073545e-22
755.6306786478648 8.77267189870938e-22
755.7295735573557 8.771588600359281e-22
755.8284684668466 8.77050556892478e-22
755.9273633763377 8.76942280430749e-22
756.0262582858286 8.768340306409068e-22
756.1251531953195 8.767258075131204e-22
756.2240481048104 8.766176110375656e-22
756.3229430143015 8.7650944120442e-22
756.4218379237924 8.7640129800387e-22
756.5207328332833 8.762931814261037e-22
756.6196277427742 8.76185091461315e-22
756.7185226522652 8.760770280997027e-22
756.8174175617562 8.759689913314708e-22
756.9163124712471 8.758609811468266e-22
757.015207380738 8.75752997535984e-22
757.114102290229 8.756450404891614e-22
757.21299719972 8.755371099965808e-22
757.3118921092109 8.754292060484693e-22
757.4107870187019 8.753213286350602e-22
757.5096819281928 8.752134777465895e-22
757.6085768376838 8.751056533733001e-22
757.7074717471747 8.74997855505438e-22
757.8063666566657 8.748900841332546e-22
757.9052615661566 8.747823392470063e-22
758.0041564756475 8.746746208369536e-22
758.1030513851385 8.745669288933617e-22
758.2019462946295 8.744592634065024e-22
758.3008412041204 8.743516243666503e-22
758.3997361136113 8.742440117640851e-22
758.4986310231023 8.741364255890918e-22
758.5975259325933 8.74028865831959e-22
758.6964208420842 8.739213324829822e-22
758.7953157515751 8.73813825532459e-22
758.894210661066 8.737063449706945e-22
758.9931055705571 8.735988907879952e-22
759.092000480048 8.734914629746763e-22
759.1908953895389 8.733840615210544e-22
759.2897902990298 8.732766864174522e-22
759.3886852085209 8.731693376541972e-22
759.4875801180118 8.730620152216214e-22
759.5864750275027 8.729547191100615e-22
759.6853699369937 8.728474493098591e-22
759.7842648464847 8.7274020581136e-22
759.8831597559756 8.726329886049158e-22
759.9820546654665 8.725257976808814e-22
760.0809495749575 8.724186330296171e-22
760.1798444844484 8.723114946414884e-22
760.2787393939394 8.722043825068651e-22
760.3776343034303 8.72097296616121e-22
760.4765292129213 8.719902369596356e-22
760.5754241224122 8.718832035277923e-22
760.6743190319032 8.717761963109792e-22
760.7732139413941 8.716692152995905e-22
760.8721088508851 8.715622604840238e-22
760.971003760376 8.714553318546813e-22
761.069898669867 8.713484294019694e-22
761.168793579358 8.712415531163015e-22
761.2676884888489 8.71134702988093e-22
761.3665833983398 8.71027879007766e-22
761.4654783078307 8.709210811657457e-22
761.5643732173218 8.708143094524621e-22
761.6632681268127 8.707075638583515e-22
761.7621630363036 8.706008443738533e-22
761.8610579457945 8.704941509894116e-22
761.9599528552856 8.703874836954758e-22
762.0588477647765 8.702808424825005e-22
762.1577426742674 8.70174227340943e-22
762.2566375837583 8.700676382612663e-22
762.3555324932494 8.699610752339389e-22
762.4544274027403 8.698545382494326e-22
762.5533223122312 8.69748027298225e-22
762.6522172217221 8.69641542370797e-22
762.7511121312131 8.695350834576346e-22
762.8500070407041 8.694286505492296e-22
762.948901950195 8.693222436360774e-22
763.047796859686 8.692158627086773e-22
763.1466917691769 8.691095077575344e-22
763.2455866786679 8.69003178773158e-22
763.3444815881588 8.688968757460623e-22
763.4433764976498 8.687905986667654e-22
763.5422714071407 8.686843475257912e-22
763.6411663166316 8.685781223136664e-22
763.7400612261226 8.68471923020924e-22
763.8389561356136 8.683657496381015e-22
763.9378510451045 8.682596021557395e-22
764.0367459545954 8.681534805643841e-22
764.1356408640864 8.68047384854586e-22
764.2345357735774 8.679413150169017e-22
764.3334306830683 8.678352710418899e-22
764.4323255925592 8.677292529201157e-22
764.5312205020502 8.676232606421478e-22
764.6301154115412 8.675172941985597e-22
764.7290103210321 8.674113535799301e-22
764.827905230523 8.673054387768414e-22
764.9268001400139 8.67199549779881e-22
765.025695049505 8.67093686579641e-22
765.1245899589959 8.66987849166717e-22
765.2234848684868 8.668820375317112e-22
765.3223797779777 8.66776251665229e-22
765.4212746874688 8.666704915578799e-22
765.5201695969597 8.665647572002787e-22
765.6190645064506 8.66459048583045e-22
765.7179594159416 8.66353365696802e-22
765.8168543254326 8.662477085321788e-22
765.9157492349235 8.661420770798074e-22
766.0146441444144 8.660364713303262e-22
766.1135390539054 8.65930891274376e-22
766.2124339633963 8.658253369026035e-22
766.3113288728873 8.657198082056604e-22
766.4102237823782 8.656143051742016e-22
766.5091186918692 8.65508827798887e-22
766.6080136013601 8.654033760703819e-22
766.7069085108511 8.652979499793545e-22
766.805803420342 8.65192549516479e-22
766.904698329833 8.650871746724326e-22
767.0035932393239 8.649818254378989e-22
767.1024881488149 8.648765018035645e-22
767.2013830583059 8.647712037601212e-22
767.3002779677968 8.64665931298265e-22
767.3991728772877 8.64560684408696e-22
767.4980677867786 8.644554630821206e-22
767.5969626962697 8.64350267309247e-22
767.6958576057606 8.642450970807903e-22
767.7947525152515 8.641399523874684e-22
767.8936474247424 8.640348332200042e-22
767.9925423342335 8.639297395691259e-22
768.0914372437244 8.638246714255656e-22
768.1903321532153 8.63719628780059e-22
768.2892270627062 8.636146116233473e-22
768.3881219721972 8.635096199461768e-22
768.4870168816882 8.634046537392959e-22
768.5859117911791 8.632997129934602e-22
768.68480670067 8.63194797699428e-22
768.783701610161 8.630899078479627e-22
768.882596519652 8.629850434298319e-22
768.9814914291429 8.628802044358083e-22
769.0803863386338 8.62775390856668e-22
769.1792812481248 8.62670602683192e-22
769.2781761576158 8.625658399061663e-22
769.3770710671067 8.624611025163808e-22
769.4759659765976 8.6235639050463e-22
769.5748608860886 8.622517038617126e-22
769.6737557955795 8.621470425784319e-22
769.7726507050705 8.62042406645596e-22
769.8715456145615 8.61937796054016e-22
769.9704405240524 8.6183321079451e-22
770.0693354335433 8.617286508578978e-22
770.1682303430343 8.616241162350057e-22
770.2671252525253 8.615196069166632e-22
770.3660201620162 8.614151228937046e-22
770.4649150715071 8.613106641569687e-22
770.5638099809981 8.612062306972983e-22
770.6627048904891 8.611018225055413e-22
770.76159979998 8.609974395725494e-22
770.8604947094709 8.608930818891793e-22
770.9593896189618 8.607887494462912e-22
771.0582845284529 8.606844422347504e-22
771.1571794379438 8.605801602454269e-22
771.2560743474347 8.60475903469194e-22
771.3549692569256 8.603716718969304e-22
771.4538641664167 8.602674655195188e-22
771.5527590759076 8.601632843278462e-22
771.6516539853985 8.600591283128038e-22
771.7505488948894 8.59954997465288e-22
771.8494438043804 8.598508917761985e-22
771.9483387138714 8.5974681123644e-22
772.0472336233623 8.596427558369223e-22
772.1461285328533 8.595387255685577e-22
772.2450234423442 8.594347204222648e-22
772.3439183518352 8.593307403889642e-22
772.4428132613261 8.592267854595844e-22
772.5417081708171 8.591228556250543e-22
772.640603080308 8.590189508763106e-22
772.739497989799 8.589150712042917e-22
772.8383928992899 8.588112165999424e-22
772.9372878087809 8.5870738705421e-22
773.0361827182718 8.586035825580477e-22
773.1350776277627 8.584998031024122e-22
773.2339725372537 8.583960486782642e-22
773.3328674467447 8.582923192765702e-22
773.4317623562356 8.581886148883002e-22
773.5306572657265 8.580849355044275e-22
773.6295521752176 8.57981281115932e-22
773.7284470847085 8.578776517137953e-22
773.8273419941994 8.577740472890048e-22
773.9262369036903 8.576704678325531e-22
774.0251318131814 8.575669133354349e-22
774.1240267226723 8.574633837886514e-22
774.2229216321632 8.573598791832065e-22
774.3218165416541 8.572563995101095e-22
774.420711451145 8.571529447603728e-22
774.5196063606361 8.570495149250144e-22
774.618501270127 8.56946109995056e-22
774.7173961796179 8.56842729961524e-22
774.8162910891089 8.567393748154478e-22
774.9151859985999 8.56636044547863e-22
775.0140809080908 8.565327391498082e-22
775.1129758175817 8.564294586123265e-22
775.2118707270727 8.563262029264658e-22
775.3107656365637 8.562229720832777e-22
775.4096605460546 8.561197660738181e-22
775.5085554555455 8.560165848891474e-22
775.6074503650365 8.559134285203309e-22
775.7063452745274 8.558102969584369e-22
775.8052401840184 8.557071901945385e-22
775.9041350935094 8.556041082197144e-22
776.0030300030003 8.555010510250445e-22
776.1019249124912 8.553980186016168e-22
776.2008198219822 8.552950109405197e-22
776.2997147314732 8.551920280328494e-22
776.3986096409641 8.550890698697034e-22
776.497504550455 8.549861364421856e-22
776.5963994599459 8.548832277414033e-22
776.695294369437 8.547803437584672e-22
776.7941892789279 8.546774844844946e-22
776.8930841884188 8.54574649910604e-22
776.9919790979097 8.54471840027921e-22
777.0908740074008 8.54369054827573e-22
777.1897689168917 8.54266294300694e-22
777.2886638263826 8.5416355843842e-22
777.3875587358735 8.540608472318931e-22
777.4864536453646 8.53958160672258e-22
777.5853485548555 8.53855498750665e-22
777.6842434643464 8.537528614582682e-22
777.7831383738373 8.53650248786225e-22
777.8820332833283 8.535476607256984e-22
777.9809281928193 8.534450972678548e-22
778.0798231023102 8.533425584038652e-22
778.1787180118012 8.532400441249047e-22
778.2776129212921 8.53137554422152e-22
778.3765078307831 8.530350892867914e-22
778.475402740274 8.5293264871001e-22
778.574297649765 8.528302326829996e-22
778.6731925592559 8.527278411969569e-22
778.7720874687469 8.52625474243081e-22
778.8709823782378 8.525231318125777e-22
778.9698772877288 8.52420813896655e-22
779.0687721972197 8.523185204865258e-22
779.1676671067106 8.522162515734074e-22
779.2665620162016 8.521140071485206e-22
779.3654569256926 8.520117872030915e-22
779.4643518351835 8.519095917283488e-22
779.5632467446744 8.518074207155271e-22
779.6621416541655 8.517052741558633e-22
779.7610365636564 8.516031520406006e-22
779.8599314731473 8.515010543609848e-22
779.9588263826382 8.513989811082665e-22
780.0577212921293 8.512969322737004e-22
780.1566162016202 8.511949078485449e-22
780.2555111111111 8.510929078240636e-22
780.354406020602 8.509909321915233e-22
780.453300930093 8.508889809421951e-22
780.552195839584 8.507870540673543e-22
780.6510907490749 8.506851515582814e-22
780.7499856585658 8.505832734062588e-22
780.8488805680568 8.504814196025755e-22
780.9477754775478 8.503795901385225e-22
781.0466703870387 8.50277785005397e-22
781.1455652965296 8.501760041944989e-22
781.2444602060206 8.500742476971324e-22
781.3433551155115 8.49972515504606e-22
781.4422500250025 8.49870807608233e-22
781.5411449344934 8.4976912399933e-22
781.6400398439844 8.49667464669217e-22
781.7389347534753 8.495658296092205e-22
781.8378296629663 8.494642188106693e-22
781.9367245724573 8.493626322648966e-22
782.0356194819482 8.492610699632393e-22
782.1345143914391 8.491595318970398e-22
782.2334093009301 8.490580180576434e-22
782.3323042104211 8.489565284363993e-22
782.431199119912 8.488550630246624e-22
782.5300940294029 8.487536218137905e-22
782.6289889388938 8.486522047951455e-22
782.7278838483849 8.485508119600932e-22
782.8267787578758 8.484494433000046e-22
782.9256736673667 8.483480988062536e-22
783.0245685768576 8.482467784702188e-22
783.1234634863487 8.481454822832827e-22
783.2223583958396 8.480442102368325e-22
783.3212533053305 8.479429623222579e-22
783.4201482148214 8.47841738530955e-22
783.5190431243125 8.477405388543212e-22
783.6179380338034 8.476393632837611e-22
783.7168329432943 8.475382118106808e-22
783.8157278527852 8.474370844264918e-22
783.9146227622762 8.47335981122609e-22
784.0135176717672 8.472349018904516e-22
784.1124125812581 8.471338467214433e-22
784.211307490749 8.470328156070117e-22
784.31020240024 8.469318085385878e-22
784.409097309731 8.468308255076072e-22
784.5079922192219 8.467298665055096e-22
784.6068871287129 8.466289315237388e-22
784.7057820382038 8.4652802055374215e-22
784.8046769476947 8.464271335869718e-22
784.9035718571857 8.463262706148827e-22
785.0024667666767 8.462254316289361e-22
785.1013616761676 8.461246166205947e-22
785.2002565856585 8.460238255813267e-22
785.2991514951495 8.459230585026041e-22
785.3980464046405 8.458223153759034e-22
785.4969413141314 8.4572159619270315e-22
785.5958362236223 8.456209009444895e-22
785.6947311331134 8.45520229622749e-22
785.7936260426043 8.454195822189743e-22
785.8925209520952 8.4531895872466125e-22
785.9914158615861 8.452183591313105e-22
786.090310771077 8.451177834304255e-22
786.1892056805681 8.450172316135151e-22
786.288100590059 8.449167036720915e-22
786.3869954995499 8.448161995976699e-22
786.4858904090408 8.447157193817717e-22
786.5847853185319 8.446152630159211e-22
786.6836802280228 8.445148304916455e-22
786.7825751375137 8.444144218004779e-22
786.8814700470047 8.443140369339541e-22
786.9803649564957 8.442136758836141e-22
787.0792598659866 8.441133386410029e-22
787.1781547754775 8.440130251976684e-22
787.2770496849685 8.439127355451624e-22
787.3759445944594 8.438124696750416e-22
787.4748395039504 8.437122275788662e-22
787.5737344134413 8.436120092482e-22
787.6726293229323 8.435118146746115e-22
787.7715242324232 8.4341164384967245e-22
787.8704191419142 8.433114967649589e-22
787.9693140514051 8.432113734120515e-22
788.0682089608961 8.431112737825339e-22
788.167103870387 8.430111978679945e-22
788.265998779878 8.429111456600251e-22
788.364893689369 8.42811117150221e-22
788.4637885988599 8.427111123301834e-22
788.5626835083508 8.426111311915151e-22
788.6615784178417 8.425111737258239e-22
788.7604733273328 8.424112399247222e-22
788.8593682368237 8.423113297798259e-22
788.9582631463146 8.422114432827539e-22
789.0571580558055 8.421115804251305e-22
789.1560529652966 8.420117411985825e-22
789.2549478747875 8.419119255947426e-22
789.3538427842784 8.418121336052452e-22
789.4527376937693 8.417123652217303e-22
789.5516326032603 8.416126204358411e-22
789.6505275127513 8.415128992392249e-22
789.7494224222422 8.414132016235328e-22
789.8483173317331 8.413135275804201e-22
789.9472122412241 8.412138771015459e-22
790.0461071507151 8.411142501785728e-22
790.145002060206 8.410146468031682e-22
790.243896969697 8.4091506696700265e-22
790.3427918791879 8.408155106617513e-22
790.4416867886789 8.40715977879092e-22
790.5405816981698 8.4061646861070825e-22
790.6394766076608 8.405169828482859e-22
790.7383715171517 8.404175205835159e-22
790.8372664266426 8.403180818080923e-22
790.9361613361336 8.402186665137132e-22
791.0350562456246 8.401192746920808e-22
791.1339511551155 8.400199063349014e-22
791.2328460646064 8.399205614338845e-22
791.3317409740974 8.398212399807441e-22
791.4306358835884 8.397219419671979e-22
791.5295307930793 8.396226673849676e-22
791.6284257025702 8.395234162257784e-22
791.7273206120612 8.3942418848136e-22
791.8262155215522 8.393249841434454e-22
791.9251104310431 8.392258032037721e-22
792.024005340534 8.391266456540807e-22
792.1229002500249 8.390275114861165e-22
792.221795159516 8.389284006916276e-22
792.3206900690069 8.388293132623675e-22
792.4195849784978 8.3873024919009215e-22
792.5184798879887 8.3863120846656215e-22
792.6173747974798 8.385321910835415e-22
792.7162697069707 8.384331970327992e-22
792.8151646164616 8.38334226306106e-22
792.9140595259526 8.382352788952383e-22
793.0129544354436 8.381363547919758e-22
793.1118493449345 8.380374539881019e-22
793.2107442544254 8.379385764754042e-22
793.3096391639164 8.378397222456738e-22
793.4085340734073 8.377408912907061e-22
793.5074289828983 8.376420836022996e-22
793.6063238923892 8.375432991722574e-22
793.7052188018802 8.3744453799238575e-22
793.8041137113711 8.373458000544957e-22
793.9030086208621 8.372470853504011e-22
794.001903530353 8.3714839387192e-22
794.100798439844 8.370497256108751e-22
794.1996933493349 8.369510805590909e-22
794.2985882588258 8.36852458708398e-22
794.3974831683169 8.3675386005063e-22
794.4963780778078 8.366552845776238e-22
794.5952729872987 8.365567322812203e-22
794.6941678967896 8.364582031532649e-22
794.7930628062807 8.363596971856056e-22
794.8919577157716 8.362612143700959e-22
794.9908526252625 8.361627546985915e-22
795.0897475347534 8.360643181629526e-22
795.1886424442445 8.359659047550434e-22
795.2875373537354 8.358675144667315e-22
795.3864322632263 8.357691472898886e-22
795.4853271727172 8.356708032163902e-22
795.5842220822082 8.35572482238115e-22
795.6831169916992 8.354741843469465e-22
795.7820119011901 8.353759095347714e-22
795.880906810681 8.3527765779348e-22
795.979801720172 8.351794291149669e-22
796.078696629663 8.3508122349113e-22
796.1775915391539 8.349830409138715e-22
796.2764864486448 8.348848813750969e-22
796.3753813581358 8.3478674486671595e-22
796.4742762676268 8.346886313806418e-22
796.5731711771177 8.34590540908791e-22
796.6720660866087 8.344924734430854e-22
796.7709609960996 8.343944289754486e-22
796.8698559055905 8.342964074978097e-22
796.9687508150815 8.3419840900210035e-22
797.0676457245725 8.341004334802568e-22
797.1665406340634 8.340024809242181e-22
797.2654355435543 8.339045513259288e-22
797.3643304530453 8.33806644677335e-22
797.4632253625363 8.3370876097038775e-22
797.5621202720272 8.336109001970424e-22
797.6610151815181 8.335130623492571e-22
797.759910091009 8.334152474189936e-22
797.8588050005001 8.333174553982185e-22
797.957699909991 8.332196862789011e-22
798.0565948194819 8.331219400530151e-22
798.1554897289728 8.330242167125376e-22
798.2543846384639 8.32926516249449e-22
798.3532795479548 8.328288386557348e-22
798.4521744574457 8.32731183923383e-22
798.5510693669366 8.326335520443856e-22
798.6499642764277 8.325359430107385e-22
798.7488591859186 8.324383568144415e-22
798.8477540954095 8.323407934474978e-22
798.9466490049005 8.322432529019142e-22
799.0455439143914 8.321457351697017e-22
799.1444388238824 8.320482402428747e-22
799.2433337333733 8.319507681134516e-22
799.3422286428643 8.318533187734539e-22
799.4411235523552 8.317558922149075e-22
799.5400184618462 8.316584884298418e-22
799.6389133713371 8.315611074102896e-22
799.7378082808281 8.314637491482876e-22
799.836703190319 8.313664136358768e-22
799.93559809981 8.31269100865101e-22
800.034493009301 8.311718108280077e-22
800.1333879187919 8.3107454351664885e-22
800.2322828282828 8.3097729892308005e-22
800.3311777377737 8.308800770393597e-22
800.4300726472648 8.307828778575504e-22
800.5289675567557 8.306857013697187e-22
800.6278624662466 8.305885475679347e-22
800.7267573757375 8.30491416444272e-22
800.8256522852286 8.303943079908079e-22
800.9245471947195 8.302972221996236e-22
801.0234421042104 8.3020015906280385e-22
801.1223370137013 8.3010311857243705e-22
801.2212319231924 8.300061007206151e-22
801.3201268326833 8.299091054994339e-22
801.4190217421742 8.298121329009932e-22
801.5179166516651 8.297151829173957e-22
801.616811561156 8.2961825554074855e-22
801.7157064706471 8.295213507631614e-22
801.814601380138 8.2942446857674965e-22
801.9134962896289 8.293276089736299e-22
802.0123911991199 8.292307719459241e-22
802.1112861086109 8.291339574857572e-22
802.2101810181018 8.29037165585258e-22
802.3090759275927 8.289403962365589e-22
802.4079708370837 8.288436494317959e-22
802.5068657465746 8.287469251631092e-22
802.6057606560656 8.286502234226404e-22
802.7046555655565 8.285535442025386e-22
802.8035504750475 8.28456887494953e-22
802.9024453845384 8.283602532920387e-22
803.0013402940294 8.282636415859529e-22
803.1002352035204 8.281670523688574e-22
803.1991301130113 8.280704856329177e-22
803.2980250225022 8.279739413703022e-22
803.3969199319932 8.278774195731831e-22
803.4958148414842 8.27780920233737e-22
803.5947097509751 8.276844433441432e-22
803.693604660466 8.275879888965853e-22
803.7924995699569 8.274915568832495e-22
803.891394479448 8.273951472963271e-22
803.9902893889389 8.272987601280121e-22
804.0891842984298 8.272023953705019e-22
804.1880792079207 8.271060530159983e-22
804.2869741174118 8.270097330567056e-22
804.3858690269027 8.269134354848331e-22
804.4847639363936 8.268171602925929e-22
804.5836588458845 8.267209074722004e-22
804.6825537553756 8.2662467701587495e-22
804.7814486648665 8.265284689158401e-22
804.8803435743574 8.264322831643222e-22
804.9792384838483 8.263361197535512e-22
805.0781333933393 8.262399786757612e-22
805.1770283028303 8.26143859923189e-22
805.2759232123212 8.260477634880764e-22
805.3748181218122 8.259516893626674e-22
805.4737130313031 8.258556375392104e-22
805.5726079407941 8.257596080099569e-22
805.671502850285 8.256636007671621e-22
805.770397759776 8.255676158030852e-22
805.8692926692669 8.254716531099881e-22
805.9681875787579 8.253757126801376e-22
806.0670824882488 8.252797945058027e-22
806.1659773977398 8.2518389857925685e-22
806.2648723072307 8.250880248927765e-22
806.3637672167216 8.249921734386425e-22
806.4626621262126 8.248963442091381e-22
806.5615570357036 8.248005371965508e-22
806.6604519451945 8.247047523931722e-22
806.7593468546854 8.2460898979129635e-22
806.8582417641765 8.24513249383221e-22
806.9571366736674 8.244175311612484e-22
807.0560315831583 8.243218351176837e-22
807.1549264926492 8.242261612448357e-22
807.2538214021401 8.241305095350164e-22
807.3527163116312 8.240348799805416e-22
807.4516112211221 8.239392725737309e-22
807.550506130613 8.2384368730690715e-22
807.649401040104 8.237481241723974e-22
807.748295949595 8.236525831625304e-22
807.8471908590859 8.235570642696411e-22
807.9460857685768 8.234615674860655e-22
808.0449806780678 8.233660928041449e-22
808.1438755875588 8.23270640216223e-22
808.2427704970497 8.231752097146476e-22
808.3416654065406 8.230798012917702e-22
808.4405603160316 8.229844149399453e-22
808.5394552255225 8.228890506515311e-22
808.6383501350135 8.227937084188889e-22
808.7372450445044 8.2269838823438505e-22
808.8361399539954 8.226030900903873e-22
808.9350348634863 8.22507813979269e-22
809.0339297729773 8.224125598934045e-22
809.1328246824683 8.223173278251744e-22
809.2317195919592 8.222221177669613e-22
809.3306145014501 8.221269297111513e-22
809.4295094109411 8.220317636501342e-22
809.5284043204321 8.219366195763034e-22
809.627299229923 8.218414974820557e-22
809.7261941394139 8.217463973597917e-22
809.8250890489048 8.216513192019154e-22
809.9239839583959 8.215562630008335e-22
810.0228788678868 8.214612287489569e-22
810.1217737773777 8.213662164387005e-22
810.2206686868686 8.212712260624812e-22
810.3195635963597 8.211762576127214e-22
810.4184585058506 8.210813110818449e-22
810.5173534153415 8.209863864622803e-22
810.6162483248324 8.208914837464593e-22
810.7151432343234 8.207966029268178e-22
810.8140381438144 8.20701743995793e-22
810.9129330533053 8.206069069458283e-22
811.0118279627962 8.205120917693688e-22
811.1107228722872 8.204172984588636e-22
811.2096177817782 8.203225270067655e-22
811.3085126912691 8.202277774055301e-22
811.40740760076 8.201330496476175e-22
811.506302510251 8.2003834372549e-22
811.605197419742 8.199436596316142e-22
811.7040923292329 8.198489973584602e-22
811.8029872387239 8.197543568985015e-22
811.9018821482148 8.196597382442142e-22
812.0007770577057 8.195651413880792e-22
812.0996719671967 8.1947056632258e-22
812.1985668766877 8.193760130402031e-22
812.2974617861786 8.192814815334396e-22
812.3963566956695 8.191869717947838e-22
812.4952516051605 8.190924838167326e-22
812.5941465146515 8.189980175917871e-22
812.6930414241424 8.189035731124518e-22
812.7919363336333 8.188091503712341e-22
812.8908312431244 8.187147493606458e-22
812.9897261526153 8.186203700732007e-22
813.0886210621062 8.185260125014177e-22
813.1875159715971 8.184316766378176e-22
813.286410881088 8.183373624749257e-22
813.3853057905791 8.182430700052702e-22
813.48420070007 8.181487992213831e-22
813.5830956095609 8.180545501157994e-22
813.6819905190519 8.179603226810574e-22
813.7808854285429 8.178661169096996e-22
813.8797803380338 8.177719327942711e-22
813.9786752475247 8.176777703273212e-22
814.0775701570157 8.175836295014015e-22
814.1764650665067 8.174895103090682e-22
814.2753599759976 8.173954127428797e-22
814.3742548854885 8.173013367953997e-22
814.4731497949795 8.172072824591925e-22
814.5720447044704 8.171132497268288e-22
814.6709396139614 8.170192385908802e-22
814.7698345234523 8.169252490439237e-22
814.8687294329433 8.16831281078538e-22
814.9676243424342 8.167373346873062e-22
815.0665192519252 8.166434098628148e-22
815.1654141614162 8.165495065976527e-22
815.2643090709071 8.164556248844142e-22
815.363203980398 8.163617647156946e-22
815.4620988898889 8.162679260840941e-22
815.56099379938 8.161741089822158e-22
815.6598887088709 8.160803134026659e-22
815.7587836183618 8.15986539338055e-22
815.8576785278527 8.158927867809965e-22
815.9565734373438 8.157990557241062e-22
816.0554683468347 8.157053461600046e-22
816.1543632563256 8.156116580813154e-22
816.2532581658165 8.155179914806649e-22
816.3521530753076 8.154243463506839e-22
816.4510479847985 8.153307226840054e-22
816.5499428942894 8.152371204732662e-22
816.6488378037803 8.151435397111068e-22
816.7477327132713 8.150499803901708e-22
816.8466276227623 8.149564425031051e-22
816.9455225322532 8.148629260425602e-22
817.0444174417441 8.147694310011894e-22
817.1433123512351 8.146759573716496e-22
817.2422072607261 8.145825051466018e-22
817.341102170217 8.144890743187091e-22
817.439997079708 8.143956648806389e-22
817.5388919891989 8.143022768250616e-22
817.6377868986899 8.142089101446506e-22
817.7366818081808 8.141155648320832e-22
817.8355767176718 8.1402224088004e-22
817.9344716271627 8.139289382812045e-22
818.0333665366536 8.138356570282637e-22
818.1322614461446 8.137423971139085e-22
818.2311563556356 8.136491585308319e-22
818.3300512651265 8.135559412717317e-22
818.4289461746174 8.134627453293078e-22
818.5278410841084 8.133695706962639e-22
818.6267359935994 8.132764173653075e-22
818.7256309030903 8.131832853291487e-22
818.8245258125812 8.130901745805011e-22
818.9234207220723 8.129970851120816e-22
819.0223156315632 8.129040169166109e-22
819.1212105410541 8.128109699868122e-22
819.220105450545 8.127179443154129e-22
819.319000360036 8.126249398951426e-22
819.417895269527 8.125319567187354e-22
819.5167901790179 8.12438994778928e-22
819.6156850885088 8.123460540684608e-22
819.7145799979997 8.122531345800767e-22
819.8134749074908 8.121602363065227e-22
819.9123698169817 8.120673592405491e-22
820.0112647264726 8.119745033749091e-22
820.1101596359636 8.118816687023594e-22
820.2090545454545 8.117888552156597e-22
820.3079494549455 8.1169606290757375e-22
820.4068443644364 8.116032917708672e-22
820.5057392739274 8.115105417983109e-22
820.6046341834183 8.11417812982677e-22
820.7035290929093 8.113251053167426e-22
820.8024240024002 8.112324187932867e-22
820.9013189118912 8.111397534050926e-22
821.0002138213821 8.110471091449469e-22
821.0991087308731 8.109544860056382e-22
821.198003640364 8.1086188397996e-22
821.296898549855 8.107693030607079e-22
821.3957934593459 8.106767432406815e-22
821.4946883688368 8.105842045126834e-22
821.5935832783279 8.104916868695189e-22
821.6924781878188 8.103991903039976e-22
821.7913730973097 8.103067148089318e-22
821.8902680068006 8.10214260377137e-22
821.9891629162917 8.1012182700143215e-22
822.0880578257826 8.100294146746392e-22
822.1869527352735 8.099370233895838e-22
822.2858476447644 8.098446531390946e-22
822.3847425542555 8.097523039160033e-22
822.4836374637464 8.096599757131452e-22
822.5825323732373 8.095676685233586e-22
822.6814272827282 8.094753823394852e-22
822.7803221922192 8.093831171543697e-22
822.8792171017102 8.092908729608605e-22
822.9781120112011 8.0919864975180895e-22
823.077006920692 8.091064475200695e-22
823.175901830183 8.090142662584998e-22
823.274796739674 8.089221059599615e-22
823.3736916491649 8.088299666173184e-22
823.4725865586558 8.087378482234383e-22
823.5714814681468 8.086457507711919e-22
823.6703763776377 8.085536742534532e-22
823.7692712871287 8.084616186630995e-22
823.8681661966197 8.08369583993011e-22
823.9670611061106 8.082775702360715e-22
824.0659560156015 8.081855773851678e-22
824.1648509250925 8.080936054331904e-22
824.2637458345835 8.080016543730321e-22
824.3626407440744 8.079097241975899e-22
824.4615356535653 8.078178148997632e-22
824.5604305630563 8.077259264724551e-22
824.6593254725473 8.076340589085719e-22
824.7582203820382 8.07542212201023e-22
824.8571152915291 8.074503863427203e-22
824.95601020102 8.073585813265806e-22
825.0549051105111 8.07266797145522e-22
825.153800020002 8.071750337924675e-22
825.2526949294929 8.070832912603422e-22
825.3515898389838 8.069915695420743e-22
825.4504847484749 8.068998686305961e-22
825.5493796579658 8.06808188518842e-22
825.6482745674567 8.0671652919975075e-22
825.7471694769476 8.066248906662634e-22
825.8460643864387 8.065332729113246e-22
825.9449592959296 8.064416759278821e-22
826.0438542054205 8.063500997088867e-22
826.1427491149115 8.062585442472927e-22
826.2416440244024 8.06167009536057e-22
826.3405389338934 8.060754955681406e-22
826.4394338433843 8.059840023365063e-22
826.5383287528753 8.058925298341221e-22
826.6372236623662 8.058010780539568e-22
826.7361185718572 8.057096469889841e-22
826.8350134813481 8.056182366321804e-22
826.9339083908391 8.05526846976525e-22
827.03280330033 8.054354780150009e-22
827.131698209821 8.053441297405934e-22
827.230593119312 8.05252802146292e-22
827.3294880288029 8.051614952250884e-22
827.4283829382938 8.050702089699783e-22
827.5272778477847 8.049789433739599e-22
827.6261727572758 8.048876984300345e-22
827.7250676667667 8.047964741312075e-22
827.8239625762576 8.0470527047048675e-22
827.9228574857485 8.046140874408828e-22
828.0217523952396 8.045229250354104e-22
828.1206473047305 8.0443178324708695e-22
828.2195422142214 8.043406620689323e-22
828.3184371237123 8.042495614939711e-22
828.4173320332033 8.041584815152292e-22
828.5162269426943 8.0406742212573695e-22
828.6151218521852 8.0397638331852725e-22
828.7140167616761 8.03885365086637e-22
828.8129116711671 8.037943674231047e-22
828.9118065806581 8.037033903209731e-22
829.010701490149 8.03612433773288e-22
829.1095963996399 8.035214977730981e-22
829.2084913091309 8.0343058231345525e-22
829.3073862186219 8.033396873874141e-22
829.4062811281128 8.032488129880331e-22
829.5051760376037 8.031579591083735e-22
829.6040709470947 8.030671257414997e-22
829.7029658565856 8.029763128804789e-22
829.8018607660766 8.028855205183819e-22
829.9007556755676 8.027947486482822e-22
829.9996505850585 8.027039972632571e-22
830.0985454945494 8.02613266356386e-22
830.1974404040404 8.025225559207523e-22
830.2963353135314 8.024318659494419e-22
830.3952302230223 8.023411964355444e-22
830.4941251325132 8.022505473721516e-22
830.5930200420042 8.021599187523594e-22
830.6919149514952 8.020693105692665e-22
830.7908098609861 8.019787228159742e-22
830.889704770477 8.018881554855875e-22
830.9885996799679 8.017976085712143e-22
831.087494589459 8.017070820659653e-22
831.1863894989499 8.016165759629543e-22
831.2852844084408 8.015260902552993e-22
831.3841793179317 8.014356249361198e-22
831.4830742274228 8.013451799985395e-22
831.5819691369137 8.012547554356844e-22
831.6808640464046 8.011643512406848e-22
831.7797589558955 8.010739674066725e-22
831.8786538653866 8.009836039267828e-22
831.9775487748775 8.008932607941556e-22
832.0764436843684 8.0080293800193195e-22
832.1753385938594 8.007126355432568e-22
832.2742335033503 8.006223534112782e-22
832.3731284128413 8.00532091599147e-22
832.4720233223322 8.004418501000174e-22
832.5709182318232 8.003516289070469e-22
832.6698131413141 8.002614280133954e-22
832.7687080508051 8.001712474122259e-22
832.867602960296 8.000810870967055e-22
832.966497869787 7.999909470600027e-22
833.0653927792779 7.999008272952907e-22
833.1642876887688 7.998107277957449e-22
833.2631825982598 7.997206485545437e-22
833.3620775077508 7.996305895648688e-22
833.4609724172417 7.995405508199051e-22
833.5598673267326 7.994505323128401e-22
833.6587622362237 7.993605340368646e-22
833.7576571457146 7.992705559851725e-22
833.8565520552055 7.991805981509612e-22
833.9554469646964 7.990906605274298e-22
834.0543418741875 7.990007431077816e-22
834.1532367836784 7.989108458852229e-22
834.2521316931693 7.988209688529625e-22
834.3510266026602 7.987311120042125e-22
834.4499215121511 7.986412753321879e-22
834.5488164216422 7.985514588301074e-22
834.6477113311331 7.984616624911916e-22
834.746606240624 7.983718863086654e-22
834.845501150115 7.982821302757552e-22
834.944396059606 7.981923943856921e-22
835.0432909690969 7.981026786317089e-22
835.1421858785878 7.98012983007042e-22
835.2410807880788 7.9792330750493105e-22
835.3399756975698 7.97833652118618e-22
835.4388706070607 7.977440168413489e-22
835.5377655165516 7.976544016663713e-22
835.6366604260426 7.975648065869377e-22
835.7355553355335 7.974752315963016e-22
835.8344502450245 7.973856766877206e-22
835.9333451545155 7.972961418544559e-22
836.0322400640064 7.972066270897703e-22
836.1311349734973 7.971171323869304e-22
836.2300298829883 7.970276577392059e-22
836.3289247924793 7.969382031398692e-22
836.4278197019702 7.968487685821957e-22
836.5267146114611 7.967593540594641e-22
836.625609520952 7.966699595649554e-22
836.7245044304431 7.965805850919549e-22
836.823399339934 7.964912306337495e-22
836.9222942494249 7.964018961836299e-22
837.0211891589158 7.963125817348895e-22
837.1200840684069 7.9622328728082495e-22
837.2189789778978 7.961340128147356e-22
837.3178738873887 7.9604475832992365e-22
837.4167687968796 7.959555238196949e-22
837.5156637063707 7.958663092773575e-22
837.6145586158616 7.957771146962232e-22
837.7134535253525 7.956879400696059e-22
837.8123484348434 7.955987853908237e-22
837.9112433443344 7.955096506531959e-22
838.0101382538254 7.954205358500467e-22
838.1090331633163 7.95331440974702e-22
838.2079280728072 7.952423660204911e-22
838.3068229822982 7.95153310980746e-22
838.4057178917892 7.950642758488025e-22
838.5046128012801 7.9497526061799855e-22
838.603507710771 7.948862652816748e-22
838.702402620262 7.94797289833176e-22
838.801297529753 7.947083342658486e-22
838.9001924392439 7.9461939857304305e-22
838.9990873487349 7.945304827481121e-22
839.0979822582258 7.944415867844122e-22
839.1968771677167 7.943527106753014e-22
839.2957720772077 7.942638544141422e-22
839.3946669866987 7.94175017994299e-22
839.4935618961896 7.9408620140914e-22
839.5924568056805 7.939974046520355e-22
839.6913517151715 7.939086277163593e-22
839.7902466246625 7.938198705954883e-22
839.8891415341534 7.937311332828012e-22
839.9880364436443 7.936424157716812e-22
840.0869313531354 7.935537180555135e-22
840.1858262626263 7.934650401276866e-22
840.2847211721172 7.933763819815918e-22
840.3836160816081 7.932877436106232e-22
840.482510991099 7.93199125008178e-22
840.5814059005901 7.931105261676558e-22
840.680300810081 7.930219470824609e-22
840.7791957195719 7.929333877459982e-22
840.8780906290629 7.928448481516768e-22
840.9769855385539 7.927563282929087e-22
841.0758804480448 7.926678281631088e-22
841.1747753575357 7.925793477556944e-22
841.2736702670267 7.924908870640863e-22
841.3725651765176 7.924024460817078e-22
841.4714600860086 7.9231402480198545e-22
841.5703549954995 7.922256232183488e-22
841.6692499049905 7.921372413242303e-22
841.7681448144814 7.920488791130642e-22
841.8670397239724 7.919605365782894e-22
841.9659346334633 7.918722137133466e-22
842.0648295429543 7.9178391051167965e-22
842.1637244524452 7.91695626966736e-22
842.2626193619362 7.91607363071964e-22
842.3615142714272 7.915191188208177e-22
842.4604091809181 7.914308942067521e-22
842.559304090409 7.913426892232254e-22
842.6581989998999 7.912545038636994e-22
842.757093909391 7.911663381216376e-22
842.8559888188819 7.9107819199050765e-22
842.9548837283728 7.909900654637796e-22
843.0537786378637 7.909019585349263e-22
843.1526735473548 7.908138711974232e-22
843.2515684568457 7.907258034447496e-22
843.3504633663366 7.906377552703866e-22
843.4493582758275 7.905497266678189e-22
843.5482531853186 7.904617176305337e-22
843.6471480948095 7.903737281520213e-22
843.7460430043004 7.902857582257748e-22
843.8449379137913 7.901978078452904e-22
843.9438328232823 7.901098770040664e-22
844.0427277327733 7.900219656956048e-22
844.1416226422642 7.899340739134109e-22
844.2405175517551 7.898462016509914e-22
844.3394124612461 7.8975834890185685e-22
844.4383073707371 7.896705156595205e-22
844.537202280228 7.895827019174988e-22
844.636097189719 7.8949490766931e-22
844.7349920992099 7.894071329084769e-22
844.8338870087009 7.893193776285232e-22
844.9327819181918 7.892316418229772e-22
845.0316768276828 7.89143925485369e-22
845.1305717371737 7.89056228609232e-22
845.2294666466646 7.889685511881024e-22
845.3283615561556 7.88880893215519e-22
845.4272564656466 7.88793254685024e-22
845.5261513751375 7.887056355901617e-22
845.6250462846284 7.886180359244798e-22
845.7239411941194 7.885304556815289e-22
845.8228361036104 7.884428948548622e-22
845.9217310131013 7.883553534380355e-22
846.0206259225922 7.882678314246085e-22
846.1195208320831 7.88180328808142e-22
846.2184157415742 7.880928455822014e-22
846.3173106510651 7.880053817403537e-22
846.416205560556 7.879179372761697e-22
846.515100470047 7.8783051218322215e-22
846.613995379538 7.877431064550871e-22
846.7128902890289 7.876557200853437e-22
846.8117851985198 7.875683530675732e-22
846.9106801080108 7.8748100539536055e-22
847.0095750175018 7.873936770622922e-22
847.1084699269927 7.873063680619597e-22
847.2073648364836 7.872190783879545e-22
847.3062597459746 7.871318080338736e-22
847.4051546554655 7.870445569933149e-22
847.5040495649565 7.869573252598801e-22
847.6029444744474 7.868701128271737e-22
847.7018393839384 7.867829196888021e-22
847.8007342934293 7.866957458383761e-22
847.8996292029203 7.866085912695077e-22
847.9985241124112 7.865214559758131e-22
848.0974190219022 7.864343399509097e-22
848.1963139313931 7.863472431884195e-22
848.2952088408841 7.86260165681966e-22
848.394103750375 7.861731074251763e-22
848.492998659866 7.860860684116795e-22
848.5918935693569 7.859990486351088e-22
848.6907884788478 7.859120480890986e-22
848.7896833883389 7.858250667672874e-22
848.8885782978298 7.857381046633155e-22
848.9874732073207 7.856511617708269e-22
849.0863681168116 7.85564238083468e-22
849.1852630263027 7.854773335948876e-22
849.2841579357936 7.853904482987381e-22
849.3830528452845 7.85303582188674e-22
849.4819477547754 7.85216735258353e-22
849.5808426642664 7.851299075014355e-22
849.6797375737574 7.850430989115844e-22
849.7786324832483 7.8495630948246605e-22
849.8775273927392 7.848695392077484e-22
849.9764223022302 7.847827880811036e-22
850.0753172117212 7.846960560962058e-22
850.1742121212121 7.8460934324673195e-22
850.273107030703 7.845226495263621e-22
850.372001940194 7.844359749287787e-22
850.470896849685 7.843493194476668e-22
850.5697917591759 7.8426268307671525e-22
850.6686866686669 7.841760658096145e-22
850.7675815781578 7.840894676400585e-22
850.8664764876487 7.840028885617434e-22
850.9653713971397 7.839163285683687e-22
851.0642663066307 7.838297876536365e-22
851.1631612161216 7.837432658112515e-22
851.2620561256125 7.836567630349212e-22
851.3609510351035 7.835702793183555e-22
851.4598459445945 7.834838146552683e-22
851.5587408540854 7.833973690393747e-22
851.6576357635763 7.833109424643938e-22
851.7565306730673 7.832245349240463e-22
851.8554255825583 7.831381464120569e-22
851.9543204920492 7.830517769221524e-22
852.0532154015401 7.829654264480622e-22
852.152110311031 7.828790949835183e-22
852.2510052205221 7.827927825222564e-22
852.349900130013 7.827064890580142e-22
852.4487950395039 7.826202145845323e-22
852.5476899489948 7.825339590955536e-22
852.6465848584859 7.824477225848243e-22
852.7454797679768 7.823615050460939e-22
852.8443746774677 7.822753064731132e-22
852.9432695869586 7.821891268596368e-22
853.0421644964497 7.821029661994216e-22
853.1410594059406 7.820168244862277e-22
853.2399543154315 7.819307017138174e-22
853.3388492249225 7.8184459787595535e-22
853.4377441344134 7.817585129664104e-22
853.5366390439044 7.816724469789527e-22
853.6355339533953 7.8158639990735585e-22
853.7344288628863 7.8150037174539615e-22
853.8333237723772 7.814143624868522e-22
853.9322186818682 7.813283721255055e-22
854.0311135913591 7.812424006551409e-22
854.1300085008501 7.811564480695448e-22
854.228903410341 7.810705143625076e-22
854.3277983198319 7.80984599527821e-22
854.426693229323 7.808987035592806e-22
854.5255881388139 7.808128264506847e-22
854.6244830483048 7.807269681958333e-22
854.7233779577957 7.806411287885299e-22
854.8222728672868 7.805553082225804e-22
854.9211677767777 7.804695064917938e-22
855.0200626862686 7.803837235899814e-22
855.1189575957595 7.802979595109575e-22
855.2178525052506 7.802122142485388e-22
855.3167474147415 7.801264877965449e-22
855.4156423242324 7.800407801487981e-22
855.5145372337233 7.799550912991233e-22
855.6134321432143 7.7986942124134815e-22
855.7123270527053 7.79783769969303e-22
855.8112219621962 7.796981374768212e-22
855.9101168716871 7.796125237577383e-22
856.0090117811781 7.795269288058925e-22
856.1079066906691 7.794413526151248e-22
856.20680160016 7.793557951792797e-22
856.3056965096509 7.792702564922031e-22
856.4045914191419 7.791847365477448e-22
856.5034863286329 7.79099235339756e-22
856.6023812381238 7.790137528620915e-22
856.7012761476147 7.789282891086089e-22
856.8001710571057 7.788428440731674e-22
856.8990659665966 7.787574177496303e-22
856.9979608760876 7.786720101318624e-22
857.0968557855786 7.785866212137319e-22
857.1957506950695 7.785012509891094e-22
857.2946456045604 7.784158994518683e-22
857.3935405140514 7.78330566595884e-22
857.4924354235424 7.78245252415036e-22
857.5913303330333 7.7815995690320495e-22
857.6902252425242 7.780746800542755e-22
857.7891201520152 7.779894218621333e-22
857.8880150615062 7.779041823206686e-22
857.9869099709971 7.77818961423773e-22
858.085804880488 7.77733759165341e-22
858.1846997899789 7.7764857553927e-22
858.28359469947 7.775634105394599e-22
858.3824896089609 7.774782641598137e-22
858.4813845184518 7.7739313639423605e-22
858.5802794279427 7.773080272366354e-22
858.6791743374338 7.772229366809219e-22
858.7780692469247 7.771378647210091e-22
858.8769641564156 7.770528113508125e-22
858.9758590659065 7.769677765642513e-22
859.0747539753975 7.768827603552459e-22
859.1736488848885 7.767977627177205e-22
859.2725437943794 7.767127836456019e-22
859.3714387038704 7.766278231328184e-22
859.4703336133613 7.765428811733023e-22
859.5692285228523 7.764579577609879e-22
859.6681234323432 7.763730528898123e-22
859.7670183418342 7.762881665537148e-22
859.8659132513251 7.762032987466381e-22
859.9648081608161 7.76118449462527e-22
860.063703070307 7.760336186953287e-22
860.162597979798 7.759488064389941e-22
860.2614928892889 7.758640126874753e-22
860.3603877987798 7.757792374347285e-22
860.4592827082708 7.75694480674711e-22
860.5581776177618 7.756097424013841e-22
860.6570725272527 7.755250226087105e-22
860.7559674367436 7.754403212906571e-22
860.8548623462347 7.753556384411917e-22
860.9537572557256 7.752709740542857e-22
861.0526521652165 7.751863281239131e-22
861.1515470747074 7.7510170064405025e-22
861.2504419841985 7.750170916086759e-22
861.3493368936894 7.749325010117721e-22
861.4482318031803 7.748479288473228e-22
861.5471267126712 7.747633751093151e-22
861.6460216221622 7.746788397917386e-22
861.7449165316532 7.745943228885849e-22
861.8438114411441 7.745098243938494e-22
861.942706350635 7.7442534430152895e-22
862.041601260126 7.743408826056237e-22
862.140496169617 7.742564393001357e-22
862.2393910791079 7.741720143790706e-22
862.3382859885988 7.740876078364362e-22
862.4371808980898 7.740032196662424e-22
862.5360758075807 7.739188498625024e-22
862.6349707170717 7.738344984192314e-22
862.7338656265626 7.737501653304479e-22
862.8327605360536 7.736658505901724e-22
862.9316554455445 7.735815541924285e-22
863.0305503550355 7.734972761312414e-22
863.1294452645265 7.734130164006402e-22
863.2283401740174 7.733287749946559e-22
863.3272350835083 7.732445519073219e-22
863.4261299929993 7.731603471326746e-22
863.5250249024903 7.730761606647528e-22
863.6239198119812 7.729919924975978e-22
863.7228147214721 7.729078426252538e-22
863.821709630963 7.72823711041767e-22
863.9206045404541 7.727395977411867e-22
864.019499449945 7.72655502717565e-22
864.1183943594359 7.725714259649555e-22
864.2172892689268 7.724873674774159e-22
864.3161841784179 7.724033272490049e-22
864.4150790879088 7.723193052737847e-22
864.5139739973997 7.7223530154582e-22
864.6128689068906 7.721513160591781e-22
864.7117638163817 7.720673488079283e-22
864.8106587258726 7.71983399786143e-22
864.9095536353635 7.7189946898789745e-22
865.0084485448544 7.718155564072683e-22
865.1073434543454 7.717316620383363e-22
865.2062383638364 7.7164778587518325e-22
865.3051332733273 7.715639279118949e-22
865.4040281828183 7.714800881425583e-22
865.5029230923092 7.713962665612643e-22
865.6018180018002 7.71312463162105e-22
865.7007129112911 7.712286779391761e-22
865.7996078207821 7.7114491088657555e-22
865.898502730273 7.71061161998403e-22
865.997397639764 7.709774312687621e-22
866.0962925492549 7.708937186917584e-22
866.1951874587459 7.708100242614998e-22
866.2940823682368 7.707263479720967e-22
866.3929772777277 7.706426898176622e-22
866.4918721872187 7.705590497923121e-22
866.5907670967097 7.704754278901651e-22
866.6896620062006 7.703918241053409e-22
866.7885569156915 7.70308238431964e-22
866.8874518251826 7.702246708641594e-22
866.9863467346735 7.701411213960554e-22
867.0852416441644 7.700575900217838e-22
867.1841365536553 7.699740767354769e-22
867.2830314631462 7.698905815312715e-22
867.3819263726373 7.698071044033055e-22
867.4808212821282 7.697236453457205e-22
867.5797161916191 7.696402043526594e-22
867.67861110111 7.69556781418269e-22
867.7775060106011 7.694733765366972e-22
867.876400920092 7.693899897020954e-22
867.9752958295829 7.693066209086174e-22
868.0741907390739 7.692232701504196e-22
868.1730856485649 7.691399374216597e-22
868.2719805580558 7.690566227164996e-22
868.3708754675467 7.689733260291034e-22
868.4697703770377 7.688900473536366e-22
868.5686652865286 7.688067866842682e-22
868.6675601960196 7.687235440151693e-22
868.7664551055105 7.686403193405139e-22
868.8653500150015 7.685571126544783e-22
868.9642449244924 7.684739239512412e-22
869.0631398339834 7.683907532249835e-22
869.1620347434744 7.683076004698895e-22
869.2609296529653 7.682244656801454e-22
869.3598245624562 7.6814134884994e-22
869.4587194719472 7.680582499734645e-22
869.5576143814382 7.679751690449127e-22
869.6565092909291 7.678921060584811e-22
869.75540420042 7.678090610083681e-22
869.8542991099109 7.677260338887755e-22
869.953194019402 7.676430246939064e-22
870.0520889288929 7.675600334179681e-22
870.1509838383838 7.674770600551682e-22
870.2498787478747 7.6739410459971885e-22
870.3487736573658 7.673111670458334e-22
870.4476685668567 7.672282473877281e-22
870.5465634763476 7.67145345619622e-22
870.6454583858385 7.6706246173573575e-22
870.7443532953296 7.669795957302936e-22
870.8432482048205 7.668967475975212e-22
870.9421431143114 7.668139173316478e-22
871.0410380238023 7.667311049269038e-22
871.1399329332933 7.666483103775237e-22
871.2388278427843 7.665655336777428e-22
871.3377227522752 7.664827748218003e-22
871.4366176617661 7.664000338039369e-22
871.5355125712571 7.663173106183961e-22
871.6344074807481 7.6623460525942385e-22
871.733302390239 7.661519177212691e-22
871.83219729973 7.660692479981821e-22
871.9310922092209 7.659865960844163e-22
872.0299871187118 7.659039619742283e-22
872.1288820282028 7.6582134566187565e-22
872.2277769376938 7.657387471416193e-22
872.3266718471847 7.656561664077231e-22
872.4255667566756 7.655736034544519e-22
872.5244616661666 7.654910582760744e-22
872.6233565756576 7.654085308668611e-22
872.7222514851485 7.653260212210852e-22
872.8211463946394 7.65243529333022e-22
872.9200413041305 7.651610551969498e-22
873.0189362136214 7.650785988071489e-22
873.1178311231123 7.649961601579023e-22
873.2167260326032 7.649137392434953e-22
873.3156209420941 7.648313360582157e-22
873.4145158515852 7.647489505963534e-22
873.5134107610761 7.646665828522017e-22
873.612305670567 7.645842328200557e-22
873.711200580058 7.645019004942128e-22
873.810095489549 7.644195858689728e-22
873.9089903990399 7.643372889386384e-22
874.0078853085308 7.642550096975148e-22
874.1067802180218 7.641727481399089e-22
874.2056751275128 7.640905042601308e-22
874.3045700370037 7.640082780524926e-22
874.4034649464946 7.639260695113088e-22
874.5023598559856 7.638438786308969e-22
874.6012547654765 7.637617054055764e-22
874.7001496749675 7.63679549829669e-22
874.7990445844584 7.63597411897499e-22
874.8979394939494 7.635152916033938e-22
874.9968344034403 7.634331889416817e-22
875.0957293129313 7.633511039066952e-22
875.1946242224222 7.632690364927684e-22
875.2935191319132 7.631869866942374e-22
875.3924140414041 7.631049545054412e-22
875.491308950895 7.630229399207215e-22
875.590203860386 7.629409429344216e-22
875.689098769877 7.628589635408883e-22
875.7879936793679 7.627770017344696e-22
875.8868885888588 7.626950575095173e-22
875.9857834983499 7.626131308603841e-22
876.0846784078408 7.625312217814262e-22
876.1835733173317 7.624493302670019e-22
876.2824682268226 7.623674563114717e-22
876.3813631363137 7.622855999091988e-22
876.4802580458046 7.622037610545489e-22
876.5791529552955 7.621219397418898e-22
876.6780478647864 7.620401359655917e-22
876.7769427742774 7.619583497200276e-22
876.8758376837684 7.618765809995719e-22
876.9747325932593 7.617948297986033e-22
877.0736275027502 7.617130961115005e-22
877.1725224122412 7.616313799326468e-22
877.2714173217322 7.615496812564263e-22
877.3703122312231 7.614680000772264e-22
877.469207140714 7.613863363894365e-22
877.568102050205 7.613046901874486e-22
877.666996959696 7.612230614656571e-22
877.7658918691869 7.611414502184585e-22
877.8647867786779 7.610598564402522e-22
877.9636816881688 7.6097828012543905e-22
878.0625765976597 7.608967212684235e-22
878.1614715071507 7.608151798636116e-22
878.2603664166417 7.60733655905412e-22
878.3592613261326 7.606521493882357e-22
878.4581562356235 7.605706603064958e-22
878.5570511451145 7.604891886546086e-22
878.6559460546055 7.604077344269918e-22
878.7548409640964 7.603262976180666e-22
878.8537358735873 7.602448782222551e-22
878.9526307830783 7.601634762339831e-22
879.0515256925693 7.600820916476781e-22
879.1504206020602 7.600007244577702e-22
879.2493155115511 7.599193746586916e-22
879.348210421042 7.598380422448774e-22
879.4471053305331 7.597567272107647e-22
879.546000240024 7.596754295507929e-22
879.6448951495149 7.5959414925940395e-22
879.7437900590058 7.595128863310422e-22
879.8426849684969 7.594316407601541e-22
879.9415798779878 7.593504125411885e-22
880.0404747874787 7.592692016685971e-22
880.1393696969697 7.591880081368335e-22
880.2382646064606 7.591068319403537e-22
880.3371595159516 7.59025673073616e-22
880.4360544254425 7.589445315310813e-22
880.5349493349335 7.588634073072132e-22
880.6338442444244 7.587823003964763e-22
880.7327391539154 7.587012107933388e-22
880.8316340634063 7.586201384922716e-22
880.9305289728973 7.585390834877464e-22
881.0294238823882 7.58458045774238e-22
881.1283187918792 7.58377025346224e-22
881.2272137013701 7.582960221981845e-22
881.3261086108611 7.582150363246008e-22
881.425003520352 7.581340677199571e-22
881.5238984298429 7.5805311637874045e-22
881.622793339334 7.579721822954396e-22
881.7216882488249 7.578912654645459e-22
881.8205831583158 7.578103658805529e-22
881.9194780678067 7.577294835379569e-22
882.0183729772978 7.57648618431256e-22
882.1172678867887 7.575677705549507e-22
882.2161627962796 7.574869399035444e-22
882.3150577057705 7.574061264715419e-22
882.4139526152616 7.573253302534519e-22
882.5128475247525 7.57244551243783e-22
882.6117424342434 7.571637894370485e-22
882.7106373437343 7.570830448277628e-22
882.8095322532253 7.570023174104429e-22
882.9084271627163 7.569216071796077e-22
883.0073220722072 7.568409141297796e-22
883.1062169816981 7.567602382554825e-22
883.2051118911891 7.566795795512419e-22
883.3040068006801 7.565989380115869e-22
883.402901710171 7.565183136310484e-22
883.501796619662 7.564377064041595e-22
883.6006915291529 7.563571163254563e-22
883.6995864386439 7.562765433894759e-22
883.7984813481348 7.56195987590759e-22
883.8973762576258 7.56115448923848e-22
883.9962711671167 7.560349273832875e-22
884.0951660766076 7.559544229636251e-22
884.1940609860986 7.558739356594096e-22
884.2929558955896 7.557934654651935e-22
884.3918508050805 7.557130123755305e-22
884.4907457145714 7.556325763849767e-22
884.5896406240624 7.555521574880909e-22
884.6885355335534 7.554717556794343e-22
884.7874304430443 7.553913709535705e-22
884.8863253525352 7.5531100330506395e-22
884.9852202620261 7.552306527284836e-22
885.0841151715172 7.551503192183989e-22
885.1830100810081 7.550700027693831e-22
885.281904990499 7.549897033760102e-22
885.3807998999899 7.54909421032858e-22
885.479694809481 7.548291557345052e-22
885.5785897189719 7.547489074755337e-22
885.6774846284628 7.546686762505278e-22
885.7763795379537 7.54588462054073e-22
885.8752744474448 7.545082648807585e-22
885.9741693569357 7.544280847251748e-22
886.0730642664266 7.54347921581915e-22
886.1719591759176 7.542677754455749e-22
886.2708540854085 7.541876463107517e-22
886.3697489948995 7.541075341720455e-22
886.4686439043904 7.540274390240586e-22
886.5675388138814 7.539473608613956e-22
886.6664337233723 7.538672996786629e-22
886.7653286328633 7.537872554704699e-22
886.8642235423542 7.537072282314279e-22
886.9631184518452 7.536272179561509e-22
887.0620133613361 7.535472246392544e-22
887.1609082708271 7.534672482753564e-22
887.259803180318 7.53387288859078e-22
887.358698089809 7.533073463850412e-22
887.4575929992999 7.532274208478716e-22
887.5564879087908 7.531475122421961e-22
887.6553828182819 7.530676205626445e-22
887.7542777277728 7.529877458038483e-22
887.8531726372637 7.5290788796044205e-22
887.9520675467546 7.528280470270616e-22
888.0509624562457 7.527482229983457e-22
888.1498573657366 7.5266841586893525e-22
888.2487522752275 7.525886256334736e-22
888.3476471847184 7.525088522866055e-22
888.4465420942093 7.524290958229796e-22
888.5454370037004 7.523493562372447e-22
888.6443319131913 7.522696335240535e-22
888.7432268226822 7.521899276780606e-22
888.8421217321732 7.521102386939221e-22
888.9410166416642 7.520305665662972e-22
889.0399115511551 7.519509112898475e-22
889.138806460646 7.518712728592358e-22
889.237701370137 7.517916512691279e-22
889.336596279628 7.517120465141918e-22
889.4354911891189 7.516324585890977e-22
889.5343860986098 7.515528874885182e-22
889.6332810081008 7.514733332071272e-22
889.7321759175917 7.513937957396026e-22
889.8310708270827 7.513142750806228e-22
889.9299657365736 7.512347712248695e-22
890.0288606460646 7.511552841670263e-22
890.1277555555555 7.510758139017788e-22
890.2266504650465 7.509963604238154e-22
890.3255453745375 7.509169237278263e-22
890.4244402840284 7.50837503808504e-22
890.5233351935193 7.507581006605433e-22
890.6222301030103 7.506787142786416e-22
890.7211250125013 7.505993446574978e-22
890.8200199219922 7.505199917918131e-22
890.9189148314831 7.504406556762919e-22
891.017809740974 7.5036133630563965e-22
891.1167046504651 7.502820336745648e-22
891.215599559956 7.502027477777774e-22
891.3144944694469 7.501234786099906e-22
891.4133893789378 7.500442261659189e-22
891.5122842884289 7.499649904402793e-22
891.6111791979198 7.498857714277912e-22
891.7100741074107 7.498065691231763e-22
891.8089690169016 7.497273835211578e-22
891.9078639263927 7.496482146164624e-22
892.0067588358836 7.495690624038175e-22
892.1056537453745 7.49489926877954e-22
892.2045486548654 7.4941080803360445e-22
892.3034435643564 7.493317058655036e-22
892.4023384738474 7.492526203683882e-22
892.5012333833383 7.491735515369976e-22
892.6001282928293 7.490944993660735e-22
892.6990232023202 7.490154638503593e-22
892.7979181118112 7.489364449846007e-22
892.8968130213021 7.488574427635462e-22
892.9957079307931 7.487784571819458e-22
893.094602840284 7.486994882345517e-22
893.1934977497749 7.486205359161191e-22
893.2923926592659 7.485416002214044e-22
893.3912875687569 7.484626811451671e-22
893.4901824782478 7.483837786821683e-22
893.5890773877387 7.483048928271713e-22
893.6879722972297 7.482260235749417e-22
893.7868672067207 7.481471709202475e-22
893.8857621162116 7.48068334857859e-22
893.9846570257025 7.479895153825481e-22
894.0835519351936 7.479107124890894e-22
894.1824468446845 7.478319261722597e-22
894.2813417541754 7.47753156426837e-22
894.3802366636663 7.476744032476034e-22
894.4791315731572 7.475956666293414e-22
894.5780264826483 7.475169465668366e-22
894.6769213921392 7.474382430548764e-22
894.7758163016301 7.473595560882509e-22
894.874711211121 7.472808856617514e-22
894.9736061206121 7.472022317701729e-22
895.072501030103 7.471235944083107e-22
895.1713959395939 7.470449735709642e-22
895.2702908490849 7.469663692529334e-22
895.3691857585759 7.468877814490213e-22
895.4680806680668 7.468092101540332e-22
895.5669755775577 7.46730655362776e-22
895.6658704870487 7.466521170700591e-22
895.7647653965396 7.465735952706937e-22
895.8636603060306 7.4649508995949405e-22
895.9625552155215 7.464166011312755e-22
896.0614501250125 7.463381287808567e-22
896.1603450345034 7.462596729030574e-22
896.2592399439944 7.461812334926996e-22
896.3581348534854 7.46102810544609e-22
896.4570297629763 7.460244040536112e-22
896.5559246724672 7.459460140145356e-22
896.6548195819582 7.458676404222131e-22
896.7537144914492 7.457892832714768e-22
896.8526094009401 7.457109425571621e-22
896.951504310431 7.456326182741067e-22
897.0503992199219 7.455543104171499e-22
897.149294129413 7.454760189811338e-22
897.2481890389039 7.453977439609023e-22
897.3470839483948 7.453194853513015e-22
897.4459788578857 7.452412431471798e-22
897.5448737673768 7.451630173433873e-22
897.6437686768677 7.450848079347771e-22
897.7426635863586 7.450066149162036e-22
897.8415584958495 7.449284382825236e-22
897.9404534053405 7.448502780285965e-22
898.0393483148315 7.44772134149283e-22
898.1382432243224 7.446940066394469e-22
898.2371381338133 7.446158954939536e-22
898.3360330433043 7.445378007076704e-22
898.4349279527953 7.44459722275467e-22
898.5338228622862 7.443816601922159e-22
898.6327177717772 7.443036144527908e-22
898.7316126812681 7.442255850520676e-22
898.8305075907591 7.441475719849251e-22
898.92940250025 7.440695752462434e-22
899.028297409741 7.439915948309049e-22
899.1271923192319 7.439136307337951e-22
899.2260872287228 7.438356829498002e-22
899.3249821382138 7.437577514738094e-22
899.4238770477048 7.436798363007136e-22
899.5227719571957 7.436019374254066e-22
899.6216668666866 7.4352405484278295e-22
899.7205617761776 7.434461885477406e-22
899.8194566856686 7.433683385351796e-22
899.9183515951595 7.43290504800001e-22
900.0172465046504 7.432126873371088e-22
900.1161414141415 7.431348861414097e-22
900.2150363236324 7.430571012078109e-22
900.3139312331233 7.429793325312232e-22
900.4128261426142 7.42901580106559e-22
900.5117210521051 7.428238439287322e-22
900.6106159615962 7.427461239926599e-22
900.7095108710871 7.426684202932608e-22
900.808405780578 7.425907328254559e-22
900.907300690069 7.425130615841675e-22
901.00619559956 7.424354065643215e-22
901.1050905090509 7.423577677608441e-22
901.2039854185418 7.422801451686656e-22
901.3028803280328 7.422025387827168e-22
901.4017752375237 7.421249485979313e-22
901.5006701470147 7.420473746092447e-22
901.5995650565056 7.419698168115948e-22
901.6984599659966 7.418922751999217e-22
901.7973548754875 7.418147497691665e-22
901.8962497849785 7.417372405142743e-22
901.9951446944694 7.416597474301904e-22
902.0940396039604 7.415822705118634e-22
902.1929345134513 7.415048097542435e-22
902.2918294229423 7.414273651522833e-22
902.3907243324333 7.413499367009376e-22
902.4896192419242 7.412725243951623e-22
902.5885141514151 7.411951282299166e-22
902.687409060906 7.411177482001611e-22
902.7863039703971 7.410403843008593e-22
902.885198879888 7.409630365269754e-22
902.9840937893789 7.40885704873477e-22
903.0829886988698 7.408083893353332e-22
903.1818836083609 7.407310899075153e-22
903.2807785178518 7.406538065849967e-22
903.3796734273427 7.405765393627526e-22
903.4785683368336 7.40499288235761e-22
903.5774632463247 7.404220531990008e-22
903.6763581558156 7.403448342474545e-22
903.7752530653065 7.402676313761055e-22
903.8741479747974 7.401904445799396e-22
903.9730428842884 7.4011327385394555e-22
904.0719377937794 7.400361191931121e-22
904.1708327032703 7.399589805924323e-22
904.2697276127612 7.398818580469e-22
904.3686225222522 7.398047515515114e-22
904.4675174317432 7.397276611012652e-22
904.5664123412341 7.396505866911616e-22
904.665307250725 7.39573528316203e-22
904.764202160216 7.394964859713942e-22
904.863097069707 7.3941945965174135e-22
904.9619919791979 7.393424493522538e-22
905.0608868886889 7.392654550679419e-22
905.1597817981798 7.3918847679381885e-22
905.2586767076707 7.391115145248992e-22
905.3575716171617 7.390345682561998e-22
905.4564665266527 7.389576379827405e-22
905.5553614361436 7.388807236995415e-22
905.6542563456345 7.388038254016266e-22
905.7531512551255 7.387269430840204e-22
905.8520461646165 7.386500767417509e-22
905.9509410741074 7.385732263698469e-22
906.0498359835983 7.384963919633402e-22
906.1487308930892 7.38419573517264e-22
906.2476258025803 7.383427710266536e-22
906.3465207120712 7.382659844865472e-22
906.4454156215621 7.381892138919843e-22
906.544310531053 7.381124592380061e-22
906.6432054405441 7.380357205196566e-22
906.742100350035 7.379589977319818e-22
906.8409952595259 7.378822908700292e-22
906.9398901690168 7.378055999288489e-22
907.0387850785079 7.3772892490349265e-22
907.1376799879988 7.376522657890147e-22
907.2365748974897 7.375756225804707e-22
907.3354698069807 7.374989952729194e-22
907.4343647164716 7.374223838614201e-22
907.5332596259626 7.373457883410354e-22
907.6321545354535 7.3726920870682935e-22
907.7310494449445 7.371926449538684e-22
907.8299443544354 7.371160970772204e-22
907.9288392639264 7.370395650719562e-22
908.0277341734173 7.369630489331478e-22
908.1266290829083 7.368865486558696e-22
908.2255239923992 7.368100642351982e-22
908.3244189018902 7.36733595666212e-22
908.4233138113811 7.366571429439911e-22
908.5222087208721 7.365807060636187e-22
908.621103630363 7.365042850201788e-22
908.7199985398539 7.364278798087585e-22
908.818893449345 7.36351490424446e-22
908.9177883588359 7.362751168623318e-22
909.0166832683268 7.361987591175091e-22
909.1155781778177 7.36122417185072e-22
909.2144730873088 7.3604609106011775e-22
909.3133679967997 7.359697807377448e-22
909.4122629062906 7.35893486213054e-22
909.5111578157815 7.358172074811483e-22
909.6100527252726 7.35740944537132e-22
909.7089476347635 7.356646973761124e-22
909.8078425442544 7.355884659931981e-22
909.9067374537453 7.355122503835003e-22
910.0056323632363 7.354360505421312e-22
910.1045272727273 7.353598664642062e-22
910.2034221822182 7.352836981448424e-22
910.3023170917091 7.352075455791582e-22
910.4012120012001 7.351314087622747e-22
910.5001069106911 7.35055287689315e-22
910.599001820182 7.349791823554039e-22
910.697896729673 7.349030927556683e-22
910.7967916391639 7.348270188852375e-22
910.8956865486548 7.347509607392423e-22
910.9945814581458 7.346749183128154e-22
911.0934763676368 7.345988916010919e-22
911.1923712771277 7.345228805992092e-22
911.2912661866186 7.3444688530230595e-22
911.3901610961096 7.34370905705523e-22
911.4890560056006 7.342949418040037e-22
911.5879509150915 7.34218993592893e-22
911.6868458245824 7.341430610673378e-22
911.7857407340734 7.340671442224866e-22
911.8846356435644 7.339912430534914e-22
911.9835305530553 7.339153575555045e-22
912.0824254625462 7.338394877236807e-22
912.1813203720371 7.337636335531777e-22
912.2802152815282 7.336877950391538e-22
912.3791101910191 7.336119721767703e-22
912.47800510051 7.3353616496119e-22
912.5769000100009 7.33460373387578e-22
912.675794919492 7.33384597451101e-22
912.7746898289829 7.333088371469284e-22
912.8735847384738 7.332330924702303e-22
912.9724796479647 7.3315736341618e-22
913.0713745574558 7.330816499799526e-22
913.1702694669467 7.330059521567249e-22
913.2691643764376 7.329302699416752e-22
913.3680592859286 7.328546033299849e-22
913.4669541954195 7.327789523168364e-22
913.5658491049105 7.32703316897415e-22
913.6647440144014 7.32627697066907e-22
913.7636389238924 7.325520928205011e-22
913.8625338333833 7.324765041533883e-22
913.9614287428743 7.324009310607608e-22
914.0603236523652 7.323253735378138e-22
914.1592185618562 7.322498315797437e-22
914.2581134713471 7.321743051817494e-22
914.357008380838 7.320987943390309e-22
914.455903290329 7.32023299046791e-22
914.55479819982 7.319478193002346e-22
914.6536931093109 7.318723550945675e-22
914.7525880188018 7.317969064249986e-22
914.8514829282929 7.317214732867383e-22
914.9503778377838 7.31646055674999e-22
915.0492727472747 7.315706535849945e-22
915.1481676567656 7.314952670119421e-22
915.2470625662567 7.314198959510587e-22
915.3459574757476 7.313445403975658e-22
915.4448523852385 7.312692003466851e-22
915.5437472947294 7.311938757936411e-22
915.6426422042204 7.311185667336591e-22
915.7415371137114 7.310432731619676e-22
915.8404320232023 7.30967995073797e-22
915.9393269326932 7.308927324643788e-22
916.0382218421842 7.308174853289473e-22
916.1371167516752 7.3074225366273775e-22
916.2360116611661 7.3066703746098875e-22
916.334906570657 7.305918367189393e-22
916.433801480148 7.30516651431832e-22
916.532696389639 7.304414815949098e-22
916.6315912991299 7.30366327203419e-22
916.7304862086208 7.302911882526066e-22
916.8293811181118 7.302160647377225e-22
916.9282760276027 7.301409566540178e-22
917.0271709370937 7.300658639967463e-22
917.1260658465847 7.29990786761163e-22
917.2249607560756 7.299157249425259e-22
917.3238556655665 7.298406785360933e-22
917.4227505750575 7.297656475371268e-22
917.5216454845485 7.296906319408897e-22
917.6205403940394 7.29615631742647e-22
917.7194353035303 7.295406469376655e-22
917.8183302130213 7.2946567752121425e-22
917.9172251225123 7.293907234885642e-22
918.0161200320032 7.2931578483498825e-22
918.1150149414941 7.292408615557605e-22
918.213909850985 7.291659536461585e-22
918.3128047604761 7.290910611014602e-22
918.411699669967 7.290161839169467e-22
918.5105945794579 7.289413220878999e-22
918.6094894889488 7.288664756096045e-22
918.7083843984399 7.287916444773466e-22
918.8072793079308 7.287168286864148e-22
918.9061742174217 7.286420282320989e-22
919.0050691269126 7.285672431096912e-22
919.1039640364036 7.284924733144856e-22
919.2028589458946 7.284177188417781e-22
919.3017538553855 7.283429796868668e-22
919.4006487648765 7.282682558450509e-22
919.4995436743674 7.281935473116328e-22
919.5984385838584 7.281188540819156e-22
919.6973334933493 7.280441761512049e-22
919.7962284028403 7.279695135148084e-22
919.8951233123312 7.278948661680354e-22
919.9940182218222 7.278202341061968e-22
920.0929131313131 7.277456173246065e-22
920.1918080408041 7.276710158185788e-22
920.290702950295 7.275964295834317e-22
920.3895978597859 7.275218586144832e-22
920.488492769277 7.274473029070546e-22
920.5873876787679 7.273727624564688e-22
920.6862825882588 7.272982372580499e-22
920.7851774977497 7.272237273071249e-22
920.8840724072408 7.271492325990221e-22
920.9829673167317 7.270747531290723e-22
921.0818622262226 7.270002888926069e-22
921.1807571357135 7.26925839884961e-22
921.2796520452046 7.2685140610147e-22
921.3785469546955 7.267769875374725e-22
921.4774418641864 7.26702584188308e-22
921.5763367736773 7.266281960493183e-22
921.6752316831682 7.265538231158472e-22
921.7741265926593 7.264794653832402e-22
921.8730215021502 7.264051228468449e-22
921.9719164116411 7.263307955020104e-22
922.070811321132 7.262564833440885e-22
922.1697062306231 7.261821863684315e-22
922.268601140114 7.261079045703955e-22
922.3674960496049 7.260336379453365e-22
922.4663909590959 7.259593864886141e-22
922.5652858685868 7.258851501955883e-22
922.6641807780778 7.258109290616222e-22
922.7630756875687 7.257367230820804e-22
922.8619705970597 7.25662532252329e-22
922.9608655065506 7.255883565677364e-22
923.0597604160416 7.255141960236721e-22
923.1586553255325 7.254400506155093e-22
923.2575502350235 7.253659203386213e-22
923.3564451445144 7.252918051883841e-22
923.4553400540054 7.252177051601754e-22
923.5542349634964 7.2514362024937425e-22
923.6531298729873 7.250695504513626e-22
923.7520247824782 7.249954957615235e-22
923.8509196919691 7.249214561752426e-22
923.9498146014602 7.248474316879066e-22
924.0487095109511 7.247734222949044e-22
924.147604420442 7.24699427991627e-22
924.2464993299329 7.246254487734672e-22
924.345394239424 7.245514846358194e-22
924.4442891489149 7.244775355740799e-22
924.5431840584058 7.244036015836476e-22
924.6420789678967 7.24329682659922e-22
924.7409738773878 7.242557787983054e-22
924.8398687868787 7.241818899942018e-22
924.9387636963696 7.24108016243017e-22
925.0376586058605 7.240341575401584e-22
925.1365535153515 7.23960313881036e-22
925.2354484248425 7.238864852610607e-22
925.3343433343334 7.238126716756459e-22
925.4332382438243 7.237388731202067e-22
925.5321331533153 7.236650895901603e-22
925.6310280628063 7.235913210809251e-22
925.7299229722972 7.235175675879222e-22
925.8288178817882 7.234438291065739e-22
925.9277127912791 7.233701056323046e-22
926.0266077007701 7.232963971605409e-22
926.125502610261 7.232227036867103e-22
926.224397519752 7.231490252062435e-22
926.3232924292429 7.230753617145713e-22
926.4221873387338 7.230017132071285e-22
926.5210822482248 7.229280796793499e-22
926.6199771577158 7.2285446112667305e-22
926.7188720672067 7.227808575445374e-22
926.8177669766976 7.227072689283837e-22
926.9166618861886 7.226336952736552e-22
927.0155567956796 7.225601365757962e-22
927.1144517051705 7.224865928302536e-22
927.2133466146614 7.22413064032476e-22
927.3122415241523 7.223395501779136e-22
927.4111364336434 7.222660512620184e-22
927.5100313431343 7.221925672802446e-22
927.6089262526252 7.221190982280478e-22
927.7078211621161 7.220456441008857e-22
927.8067160716072 7.21972204894218e-22
927.9056109810981 7.21898780603506e-22
928.004505890589 7.218253712242129e-22
928.10340080008 7.217519767518035e-22
928.202295709571 7.21678597181745e-22
928.3011906190619 7.216052325095056e-22
928.4000855285528 7.215318827305564e-22
928.4989804380438 7.214585478403693e-22
928.5978753475347 7.21385227834419e-22
928.6967702570257 7.2131192270818085e-22
928.7956651665166 7.212386324571332e-22
928.8945600760076 7.211653570767556e-22
928.9934549854985 7.210920965625296e-22
929.0923498949895 7.210188509099383e-22
929.1912448044804 7.209456201144674e-22
929.2901397139714 7.208724041716031e-22
929.3890346234623 7.207992030768351e-22
929.4879295329533 7.207260168256534e-22
929.5868244424443 7.2065284541355085e-22
929.6857193519352 7.205796888360213e-22
929.7846142614261 7.2050654708856115e-22
929.883509170917 7.204334201666683e-22
929.9824040804081 7.203603080658424e-22
930.081298989899 7.202872107815852e-22
930.1801938993899 7.202141283093997e-22
930.2790888088808 7.201410606447918e-22
930.3779837183719 7.200680077832678e-22
930.4768786278628 7.199949697203368e-22
930.5757735373537 7.199219464515092e-22
930.6746684468446 7.198489379722983e-22
930.7735633563357 7.197759442782172e-22
930.8724582658266 7.197029653647826e-22
930.9713531753175 7.196300012275124e-22
931.0702480848084 7.195570518619261e-22
931.1691429942994 7.194841172635455e-22
931.2680379037904 7.194111974278934e-22
931.3669328132813 7.193382923504954e-22
931.4658277227722 7.192654020268781e-22
931.5647226322632 7.191925264525705e-22
931.6636175417542 7.1911966562310295e-22
931.7625124512451 7.190468195340078e-22
931.861407360736 7.189739881808193e-22
931.960302270227 7.189011715590731e-22
932.0591971797179 7.188283696643073e-22
932.1580920892089 7.18755582492061e-22
932.2569869986999 7.18682810037876e-22
932.3558819081908 7.186100522972952e-22
932.4547768176817 7.185373092658635e-22
932.5536717271727 7.184645809391277e-22
932.6525666366637 7.183918673126362e-22
932.7514615461546 7.183191683819393e-22
932.8503564556455 7.182464841425893e-22
932.9492513651365 7.1817381459013995e-22
933.0481462746275 7.18101159720147e-22
933.1470411841184 7.18028519528168e-22
933.2459360936093 7.17955894009762e-22
933.3448310031002 7.178832831604898e-22
933.4437259125913 7.178106869759148e-22
933.5426208220822 7.177381054516016e-22
933.6415157315731 7.176655385831162e-22
933.740410641064 7.175929863660273e-22
933.8393055505551 7.175204487959042e-22
933.938200460046 7.174479258683192e-22
934.0370953695369 7.1737541757884585e-22
934.1359902790279 7.173029239230591e-22
934.2348851885189 7.172304448965364e-22
934.3337800980098 7.171579804948565e-22
934.4326750075007 7.170855307136002e-22
934.5315699169917 7.170130955483497e-22
934.6304648264826 7.169406749946892e-22
934.7293597359736 7.168682690482047e-22
934.8282546454645 7.167958777044844e-22
934.9271495549555 7.167235009591174e-22
935.0260444644464 7.16651138807695e-22
935.1249393739374 7.165787912458109e-22
935.2238342834283 7.165064582690591e-22
935.3227291929193 7.16434139873037e-22
935.4216241024102 7.163618360533421e-22
935.5205190119011 7.162895468055754e-22
935.6194139213922 7.162172721253384e-22
935.7183088308831 7.161450120082349e-22
935.817203740374 7.160727664498705e-22
935.9160986498649 7.160005354458522e-22
936.014993559356 7.159283189917892e-22
936.1138884688469 7.1585611708329215e-22
936.2127833783378 7.157839297159735e-22
936.3116782878287 7.157117568854477e-22
936.4105731973198 7.156395985873306e-22
936.5094681068107 7.155674548172402e-22
936.6083630163016 7.154953255707963e-22
936.7072579257925 7.154232108436194e-22
936.8061528352835 7.153511106313335e-22
936.9050477447745 7.152790249295627e-22
937.0039426542654 7.152069537339339e-22
937.1028375637563 7.151348970400756e-22
937.2017324732473 7.150628548436178e-22
937.3006273827383 7.14990827140192e-22
937.3995222922292 7.149188139254323e-22
937.4984172017201 7.14846815194974e-22
937.5973121112111 7.147748309444538e-22
937.6962070207021 7.147028611695108e-22
937.795101930193 7.146309058657856e-22
937.893996839684 7.145589650289208e-22
937.9928917491749 7.144870386545599e-22
938.0917866586658 7.144151267383494e-22
938.1906815681568 7.143432292759362e-22
938.2895764776478 7.1427134626297045e-22
938.3884713871387 7.141994776951024e-22
938.4873662966296 7.141276235679856e-22
938.5862612061206 7.140557838772741e-22
938.6851561156116 7.139839586186242e-22
938.7840510251025 7.139121477876942e-22
938.8829459345934 7.138403513801436e-22
938.9818408440844 7.137685693916341e-22
939.0807357535754 7.136968018178289e-22
939.1796306630663 7.136250486543934e-22
939.2785255725572 7.135533098969935e-22
939.3774204820481 7.134815855412982e-22
939.4763153915392 7.134098755829775e-22
939.5752103010301 7.133381800177034e-22
939.674105210521 7.132664988411495e-22
939.773000120012 7.131948320489914e-22
939.871895029503 7.131231796369057e-22
939.9707899389939 7.130515416005718e-22
940.0696848484848 7.129799179356702e-22
940.1685797579757 7.129083086378828e-22
940.2674746674667 7.12836713702894e-22
940.3663695769577 7.127651331263893e-22
940.4652644864486 7.126935669040564e-22
940.5641593959396 7.126220150315842e-22
940.6630543054305 7.125504775046641e-22
940.7619492149215 7.124789543189883e-22
940.8608441244124 7.124074454702517e-22
940.9597390339034 7.123359509541497e-22
941.0586339433943 7.122644707663804e-22
941.1575288528853 7.121930049026435e-22
941.2564237623762 7.1212155335864e-22
941.3553186718672 7.1205011613007335e-22
941.4542135813581 7.119786932126474e-22
941.553108490849 7.119072846020691e-22
941.65200340034 7.118358902940465e-22
941.750898309831 7.117645102842895e-22
941.8497932193219 7.116931445685094e-22
941.9486881288128 7.116217931424197e-22
942.0475830383039 7.115504560017349e-22
942.1464779477948 7.114791331421723e-22
942.2453728572857 7.114078245594499e-22
942.3442677667766 7.113365302492877e-22
942.4431626762677 7.112652502074079e-22
942.5420575857586 7.111939844295334e-22
942.6409524952495 7.1112273291139e-22
942.7398474047404 7.110514956487045e-22
942.8387423142314 7.109802726372052e-22
942.9376372237224 7.109090638726227e-22
943.0365321332133 7.108378693506888e-22
943.1354270427042 7.107666890671376e-22
943.2343219521952 7.106955230177041e-22
943.3332168616862 7.106243711981256e-22
943.4321117711771 7.105532336041411e-22
943.531006680668 7.104821102314909e-22
943.629901590159 7.104110010759172e-22
943.72879649965 7.103399061331641e-22
943.8276914091409 7.102688253989772e-22
943.9265863186318 7.101977588691037e-22
944.0254812281228 7.101267065392925e-22
944.1243761376137 7.100556684052947e-22
944.2232710471047 7.099846444628623e-22
944.3221659565957 7.099136347077496e-22
944.4210608660866 7.098426391357122e-22
944.5199557755775 7.097716577425074e-22
944.6188506850685 7.097006905238948e-22
944.7177455945595 7.0962973747563495e-22
944.8166405040504 7.095587985934906e-22
944.9155354135413 7.09487873873226e-22
945.0144303230322 7.094169633106066e-22
945.1133252325233 7.093460669014004e-22
945.2122201420142 7.092751846413765e-22
945.3111150515051 7.092043165263059e-22
945.410009960996 7.091334625519614e-22
945.5089048704871 7.090626227141168e-22
945.607799779978 7.089917970085487e-22
945.7066946894689 7.089209854310347e-22
945.8055895989598 7.088501879773535e-22
945.9044845084509 7.087794046432868e-22
946.0033794179418 7.087086354246174e-22
946.1022743274327 7.086378803171291e-22
946.2011692369236 7.085671393166088e-22
946.3000641464146 7.084964124188432e-22
946.3989590559056 7.084256996196225e-22
946.4978539653965 7.083550009147374e-22
946.5967488748875 7.082843162999809e-22
946.6956437843784 7.082136457711475e-22
946.7945386938694 7.0814298932403265e-22
946.8934336033603 7.080723469544349e-22
946.9923285128513 7.080017186581535e-22
947.0912234223422 7.079311044309892e-22
947.1901183318332 7.078605042687452e-22
947.2890132413241 7.077899181672257e-22
947.3879081508151 7.077193461222373e-22
947.486803060306 7.076487881295869e-22
947.5856979697969 7.0757824418508465e-22
947.684592879288 7.075077142845412e-22
947.7834877887789 7.074371984237698e-22
947.8823826982698 7.073666965985846e-22
947.9812776077607 7.072962088048015e-22
948.0801725172518 7.072257350382386e-22
948.1790674267427 7.071552752947151e-22
948.2779623362336 7.070848295700522e-22
948.3768572457245 7.070143978600726e-22
948.4757521552154 7.069439801606006e-22
948.5746470647065 7.068735764674621e-22
948.6735419741974 7.068031867764851e-22
948.7724368836883 7.067328110834988e-22
948.8713317931793 7.066624493843344e-22
948.9702267026703 7.0659210167482415e-22
949.0691216121612 7.065217679508027e-22
949.1680165216521 7.06451448208106e-22
949.2669114311431 7.063811424425715e-22
949.3658063406341 7.063108506500382e-22
949.464701250125 7.0624057282634755e-22
949.5635961596159 7.061703089673419e-22
949.6624910691069 7.061000590688653e-22
949.7613859785978 7.060298231267638e-22
949.8602808880888 7.059596011368847e-22
949.9591757975797 7.058893930950775e-22
950.0580707070707 7.058191989971923e-22
950.1569656165616 7.057490188390822e-22
950.2558605260526 7.056788526166011e-22
950.3547554355436 7.056087003256044e-22
950.4536503450345 7.055385619619499e-22
950.5525452545254 7.054684375214963e-22
950.6514401640164 7.05398327000104e-22
950.7503350735074 7.053282303936358e-22
950.8492299829983 7.052581476979554e-22
950.9481248924892 7.05188078908928e-22
951.0470198019801 7.051180240224212e-22
951.1459147114712 7.050479830343036e-22
951.2448096209621 7.04977955940446e-22
951.343704530453 7.049079427367199e-22
951.4425994399439 7.048379434189995e-22
951.541494349435 7.047679579831595e-22
951.6403892589259 7.046979864250778e-22
951.7392841684168 7.046280287406324e-22
951.8381790779077 7.045580849257034e-22
951.9370739873988 7.044881549761729e-22
952.0359688968897 7.044182388879248e-22
952.1348638063806 7.043483366568436e-22
952.2337587158715 7.042784482788159e-22
952.3326536253625 7.042085737497309e-22
952.4315485348535 7.041387130654776e-22
952.5304434443444 7.040688662219485e-22
952.6293383538354 7.039990332150362e-22
952.7282332633263 7.039292140406358e-22
952.8271281728173 7.03859408694644e-22
952.9260230823082 7.037896171729583e-22
953.0249179917992 7.037198394714792e-22
953.1238129012901 7.036500755861073e-22
953.222707810781 7.03580325512746e-22
953.321602720272 7.035105892472999e-22
953.420497629763 7.034408667856749e-22
953.5193925392539 7.03371158123779e-22
953.6182874487448 7.033014632575214e-22
953.7171823582358 7.032317821828134e-22
953.8160772677268 7.031621148955677e-22
953.9149721772177 7.030924613916982e-22
954.0138670867086 7.030228216671211e-22
954.1127619961997 7.029531957177537e-22
954.2116569056906 7.028835835395152e-22
954.3105518151815 7.028139851283262e-22
954.4094467246724 7.0274440048010905e-22
954.5083416341633 7.02674829590788e-22
954.6072365436544 7.026052724562878e-22
954.7061314531453 7.025357290725364e-22
954.8050263626362 7.024661994354621e-22
954.9039212721271 7.023966835409953e-22
955.0028161816182 7.023271813850678e-22
955.1017110911091 7.022576929636133e-22
955.2006060006 7.021882182725673e-22
955.299500910091 7.021187573078656e-22
955.398395819582 7.020493100654478e-22
955.4972907290729 7.01979876541253e-22
955.5961856385638 7.019104567312229e-22
955.6950805480548 7.018410506313007e-22
955.7939754575457 7.017716582374313e-22
955.8928703670367 7.017022795455607e-22
955.9917652765276 7.016329145516369e-22
956.0906601860186 7.015635632516099e-22
956.1895550955095 7.014942256414305e-22
956.2884500050005 7.0142490171705115e-22
956.3873449144915 7.013555914744266e-22
956.4862398239824 7.01286294909513e-22
956.5851347334733 7.01217012018267e-22
956.6840296429643 7.011477427966478e-22
956.7829245524553 7.01078487240617e-22
956.8818194619462 7.010092453461358e-22
956.9807143714371 7.00940017109169e-22
957.079609280928 7.008708025256815e-22
957.1785041904191 7.0080160159164e-22
957.27739909991 7.007324143030141e-22
957.3762940094009 7.0066324065577275e-22
957.4751889188918 7.005940806458888e-22
957.5740838283829 7.005249342693351e-22
957.6729787378738 7.004558015220868e-22
957.7718736473647 7.0038668240012025e-22
957.8707685568556 7.003175768994138e-22
957.9696634663466 7.002484850159469e-22
958.0685583758376 7.001794067457011e-22
958.1674532853285 7.001103420846586e-22
958.2663481948194 7.000412910288046e-22
958.3652431043104 6.999722535741248e-22
958.4641380138014 6.999032297166066e-22
958.5630329232923 6.998342194522397e-22
958.6619278327832 6.997652227770144e-22
958.7608227422742 6.996962396869229e-22
958.8597176517652 6.996272701779593e-22
958.9586125612561 6.995583142461193e-22
959.057507470747 6.9948937188739915e-22
959.156402380238 6.994204430977983e-22
959.2552972897289 6.993515278733165e-22
959.3541921992199 6.992826262099556e-22
959.4530871087109 6.9921373810371855e-22
959.5519820182018 6.991448635506109e-22
959.6508769276927 6.990760025466385e-22
959.7497718371837 6.990071550878094e-22
959.8486667466747 6.989383211701338e-22
959.9475616561656 6.98869500789622e-22
960.0464565656565 6.988006939422871e-22
960.1453514751475 6.987319006241434e-22
960.2442463846385 6.986631208312067e-22
960.3431412941294 6.985943545594945e-22
960.4420362036203 6.985256018050255e-22
960.5409311131112 6.984568625638203e-22
960.6398260226023 6.983881368319006e-22
960.7387209320932 6.983194246052908e-22
960.8376158415841 6.982507258800156e-22
960.936510751075 6.981820406521021e-22
961.0354056605661 6.981133689175781e-22
961.134300570057 6.980447106724736e-22
961.2331954795479 6.979760659128204e-22
961.3320903890389 6.9790743463465075e-22
961.4309852985298 6.978388168339998e-22
961.5298802080208 6.977702125069035e-22
961.6287751175117 6.977016216493992e-22
961.7276700270027 6.976330442575265e-22
961.8265649364936 6.975644803273258e-22
961.9254598459846 6.974959298548393e-22
962.0243547554755 6.974273928361109e-22
962.1232496649665 6.973588692671866e-22
962.2221445744574 6.972903591441122e-22
962.3210394839484 6.972218624629368e-22
962.4199343934393 6.971533792197106e-22
962.5188293029303 6.970849094104847e-22
962.6177242124212 6.970164530313127e-22
962.7166191219121 6.969480100782487e-22
962.8155140314032 6.96879580547349e-22
962.9144089408941 6.968111644346716e-22
963.013303850385 6.967427617362758e-22
963.1121987598759 6.96674372448222e-22
963.211093669367 6.9660599656657295e-22
963.3099885788579 6.9653763408739225e-22
963.4088834883488 6.964692850067456e-22
963.5077783978397 6.964009493206995e-22
963.6066733073308 6.963326270253231e-22
963.7055682168217 6.962643181166861e-22
963.8044631263126 6.961960225908602e-22
963.9033580358035 6.961277404439182e-22
964.0022529452945 6.96059471671935e-22
964.1011478547855 6.959912162709868e-22
964.2000427642764 6.959229742371511e-22
964.2989376737673 6.958547455665073e-22
964.3978325832583 6.957865302551362e-22
964.4967274927493 6.9571832829912e-22
964.5956224022402 6.956501396945425e-22
964.6945173117311 6.955819644374893e-22
964.7934122212221 6.955138025240472e-22
964.8923071307131 6.954456539503043e-22
964.991202040204 6.95377518712351e-22
965.090096949695 6.95309396806278e-22
965.1889918591859 6.952412882281794e-22
965.2878867686768 6.951731929741491e-22
965.3867816781678 6.95105111040283e-22
965.4856765876588 6.950370424226789e-22
965.5845714971497 6.949689871174357e-22
965.6834664066406 6.949009451206544e-22
965.7823613161316 6.948329164284368e-22
965.8812562256226 6.947649010368865e-22
965.9801511351135 6.946968989421086e-22
966.0790460446044 6.946289101402105e-22
966.1779409540953 6.945609346272994e-22
966.2768358635864 6.944929723994854e-22
966.3757307730773 6.9442502345288e-22
966.4746256825682 6.943570877835958e-22
966.5735205920591 6.94289165387747e-22
966.6724155015502 6.942212562614491e-22
966.7713104110411 6.941533604008199e-22
966.870205320532 6.9408547780197805e-22
966.969100230023 6.940176084610435e-22
967.067995139514 6.939497523741388e-22
967.1668900490049 6.938819095373866e-22
967.2657849584958 6.938140799469118e-22
967.3646798679868 6.937462635988413e-22
967.4635747774777 6.936784604893024e-22
967.5624696869687 6.936106706144247e-22
967.6613645964596 6.935428939703388e-22
967.7602595059506 6.934751305531777e-22
967.8591544154415 6.9340738035907455e-22
967.9580493249325 6.933396433841653e-22
968.0569442344234 6.932719196245868e-22
968.1558391439144 6.932042090764771e-22
968.2547340534053 6.931365117359764e-22
968.3536289628963 6.930688275992255e-22
968.4525238723872 6.930011566623684e-22
968.5514187818782 6.929334989215486e-22
968.6503136913691 6.928658543729122e-22
968.74920860086 6.927982230126068e-22
968.848103510351 6.927306048367812e-22
968.946998419842 6.926629998415856e-22
969.0458933293329 6.925954080231724e-22
969.1447882388238 6.925278293776944e-22
969.2436831483149 6.9246026390130645e-22
969.3425780578058 6.923927115901655e-22
969.4414729672967 6.923251724404291e-22
969.5403678767876 6.922576464482565e-22
969.6392627862787 6.921901336098087e-22
969.7381576957696 6.921226339212479e-22
969.8370526052605 6.920551473787382e-22
969.9359475147514 6.919876739784447e-22
970.0348424242424 6.919202137165343e-22
970.1337373337334 6.918527665891749e-22
970.2326322432243 6.917853325925369e-22
970.3315271527152 6.917179117227915e-22
970.4304220622062 6.91650503976111e-22
970.5293169716972 6.9158310934866995e-22
970.6282118811881 6.9151572783664435e-22
970.727106790679 6.914483594362109e-22
970.82600170017 6.913810041435487e-22
970.9248966096609 6.913136619548376e-22
971.0237915191519 6.912463328662595e-22
971.1226864286429 6.911790168739972e-22
971.2215813381338 6.911117139742359e-22
971.3204762476247 6.9104442416316135e-22
971.4193711571157 6.90977147436961e-22
971.5182660666067 6.909098837918241e-22
971.6171609760976 6.90842633223941e-22
971.7160558855885 6.907753957295043e-22
971.8149507950795 6.907081713047065e-22
971.9138457045705 6.906409599457436e-22
972.0127406140614 6.905737616488116e-22
972.1116355235523 6.905065764101083e-22
972.2105304330432 6.904394042258329e-22
972.3094253425343 6.903722450921868e-22
972.4083202520252 6.903050990053719e-22
972.5072151615161 6.902379659615923e-22
972.606110071007 6.90170845957053e-22
972.7050049804981 6.901037389879611e-22
972.803899889989 6.900366450505246e-22
972.9027947994799 6.899695641409533e-22
973.0016897089708 6.89902496255458e-22
973.1005846184619 6.898354413902515e-22
973.1994795279528 6.8976839954154805e-22
973.2983744374437 6.897013707055629e-22
973.3972693469346 6.896343548785135e-22
973.4961642564256 6.895673520566179e-22
973.5950591659166 6.895003622360963e-22
973.6939540754075 6.8943338541317e-22
973.7928489848985 6.893664215840616e-22
973.8917438943894 6.892994707449961e-22
973.9906388038804 6.892325328921987e-22
974.0895337133713 6.891656080218967e-22
974.1884286228623 6.890986961303192e-22
974.2873235323532 6.89031797213696e-22
974.3862184418441 6.889649112682589e-22
974.4851133513351 6.888980382902405e-22
974.5840082608261 6.88831178275876e-22
974.682903170317 6.887643312214012e-22
974.7817980798079 6.886974971230535e-22
974.880692989299 6.8863067597707145e-22
974.9795878987899 6.88563867779696e-22
975.0784828082808 6.884970725271685e-22
975.1773777177717 6.884302902157324e-22
975.2762726272628 6.8836352084163225e-22
975.3751675367537 6.882967644011145e-22
975.4740624462446 6.882300208904268e-22
975.5729573557355 6.881632903058177e-22
975.6718522652264 6.880965726435381e-22
975.7707471747175 6.880298678998398e-22
975.8696420842084 6.879631760709763e-22
975.9685369936993 6.8789649715320235e-22
976.0674319031903 6.878298311427743e-22
976.1663268126813 6.8776317803595e-22
976.2652217221722 6.876965378289886e-22
976.3641166316631 6.876299105181506e-22
976.4630115411541 6.875632960996983e-22
976.5619064506451 6.874966945698946e-22
976.660801360136 6.874301059250053e-22
976.7596962696269 6.873635301612961e-22
976.8585911791179 6.872969672750355e-22
976.9574860886088 6.87230417262492e-22
977.0563809980998 6.871638801199367e-22
977.1552759075907 6.87097355843642e-22
977.2541708170817 6.870308444298812e-22
977.3530657265726 6.869643458749294e-22
977.4519606360636 6.86897860175063e-22
977.5508555455546 6.8683138732656e-22
977.6497504550455 6.867649273256995e-22
977.7486453645364 6.866984801687627e-22
977.8475402740274 6.866320458520313e-22
977.9464351835184 6.865656243717893e-22
978.0453300930093 6.864992157243214e-22
978.1442250025002 6.864328199059146e-22
978.2431199119911 6.863664369128566e-22
978.3420148214822 6.863000667414365e-22
978.4409097309731 6.8623370938794525e-22
978.539804640464 6.861673648486754e-22
978.6386995499549 6.861010331199201e-22
978.737594459446 6.860347141979746e-22
978.8364893689369 6.859684080791354e-22
978.9353842784278 6.859021147597005e-22
979.0342791879187 6.858358342359693e-22
979.1331740974097 6.857695665042422e-22
979.2320690069007 6.857033115608217e-22
979.3309639163916 6.856370694020113e-22
979.4298588258825 6.855708400241163e-22
979.5287537353735 6.855046234234427e-22
979.6276486448645 6.854384195962987e-22
979.7265435543554 6.853722285389939e-22
979.8254384638464 6.853060502478382e-22
979.9243333733373 6.852398847191445e-22
980.0232282828283 6.851737319492256e-22
980.1221231923192 6.851075919343975e-22
980.2210181018102 6.850414646709758e-22
980.3199130113011 6.849753501552786e-22
980.418807920792 6.84909248383625e-22
980.517702830283 6.848431593523355e-22
980.616597739774 6.847770830577326e-22
980.7154926492649 6.847110194961396e-22
980.8143875587558 6.846449686638809e-22
980.9132824682468 6.845789305572836e-22
981.0121773777378 6.845129051726748e-22
981.1110722872287 6.84446892506384e-22
981.2099671967196 6.843808925547414e-22
981.3088621062107 6.843149053140789e-22
981.4077570157016 6.842489307807303e-22
981.5066519251925 6.841829689510299e-22
981.6055468346834 6.84117019821314e-22
981.7044417441743 6.840510833879204e-22
981.8033366536654 6.839851596471877e-22
981.9022315631563 6.839192485954565e-22
982.0011264726472 6.838533502290682e-22
982.1000213821382 6.837874645443668e-22
982.1989162916292 6.83721591537696e-22
982.2978112011201 6.836557312054023e-22
982.396706110611 6.8358988354383305e-22
982.495601020102 6.835240485493369e-22
982.594495929593 6.83458226218264e-22
982.6933908390839 6.833924165469661e-22
982.7922857485748 6.833266195317962e-22
982.8911806580658 6.832608351691085e-22
982.9900755675567 6.831950634552593e-22
983.0889704770477 6.83129304386605e-22
983.1878653865386 6.830635579595049e-22
983.2867602960296 6.829978241703186e-22
983.3856552055205 6.829321030154077e-22
983.4845501150115 6.828663944911344e-22
983.5834450245025 6.828006985938636e-22
983.6823399339934 6.827350153199606e-22
983.7812348434843 6.826693446657923e-22
983.8801297529752 6.826036866277269e-22
983.9790246624663 6.8253804120213435e-22
984.0779195719572 6.824724083853857e-22
984.1768144814481 6.824067881738537e-22
984.275709390939 6.823411805639118e-22
984.3746043004301 6.822755855519353e-22
984.473499209921 6.822100031343015e-22
984.5723941194119 6.821444333073879e-22
984.6712890289028 6.820788760675741e-22
984.7701839383939 6.820133314112409e-22
984.8690788478848 6.819477993347708e-22
984.9679737573757 6.818822798345469e-22
985.0668686668666 6.818167729069549e-22
985.1657635763576 6.817512785483805e-22
985.2646584858486 6.816857967552117e-22
985.3635533953395 6.816203275238379e-22
985.4624483048304 6.81554870850649e-22
985.5613432143214 6.814894267320376e-22
985.6602381238124 6.814239951643967e-22
985.7591330333033 6.8135857614412085e-22
985.8580279427943 6.812931696676062e-22
985.9569228522852 6.812277757312502e-22
986.0558177617762 6.811623943314516e-22
986.1547126712671 6.810970254646106e-22
986.2536075807581 6.810316691271288e-22
986.352502490249 6.809663253154092e-22
986.4513973997399 6.809009940258557e-22
986.5502923092309 6.808356752548744e-22
986.6491872187219 6.807703689988722e-22
986.7480821282128 6.807050752542574e-22
986.8469770377037 6.806397940174402e-22
986.9458719471947 6.805745252848309e-22
987.0447668566857 6.805092690528431e-22
987.1436617661766 6.8044402531789e-22
987.2425566756675 6.803787940763875e-22
987.3414515851584 6.803135753247513e-22
987.4403464946495 6.802483690594001e-22
987.5392414041404 6.801831752767535e-22
987.6381363136313 6.801179939732317e-22
987.7370312231222 6.800528251452569e-22
987.8359261326133 6.799876687892526e-22
987.9348210421042 6.79922524901644e-22
988.0337159515951 6.798573934788566e-22
988.132610861086 6.79792274517319e-22
988.2315057705771 6.797271680134589e-22
988.330400680068 6.796620739637077e-22
988.4292955895589 6.795969923644965e-22
988.5281904990499 6.795319232122586e-22
988.6270854085408 6.794668665034279e-22
988.7259803180318 6.794018222344407e-22
988.8248752275227 6.793367904017336e-22
988.9237701370137 6.792717710017456e-22
989.0226650465046 6.79206764030916e-22
989.1215599559956 6.791417694856863e-22
989.2204548654865 6.790767873624989e-22
989.3193497749775 6.790118176577978e-22
989.4182446844684 6.78946860368028e-22
989.5171395939594 6.788819154896364e-22
989.6160345034504 6.788169830190708e-22
989.7149294129413 6.787520629527805e-22
989.8138243224322 6.786871552872163e-22
989.9127192319231 6.786222600188299e-22
990.0116141414142 6.785573771440748e-22
990.1105090509051 6.784925066594061e-22
990.209403960396 6.784276485612794e-22
990.3082988698869 6.783628028461522e-22
990.407193779378 6.782979695104829e-22
990.5060886888689 6.782331485507326e-22
990.6049835983598 6.781683399633616e-22
990.7038785078507 6.781035437448336e-22
990.8027734173418 6.780387598916123e-22
990.9016683268327 6.779739884001632e-22
991.0005632363236 6.779092292669536e-22
991.0994581458145 6.778444824884511e-22
991.1983530553055 6.7777974806112545e-22
991.2972479647965 6.777150259814472e-22
991.3961428742874 6.776503162458894e-22
991.4950377837783 6.77585618850925e-22
991.5939326932693 6.775209337930289e-22
991.6928276027603 6.774562610686771e-22
991.7917225122512 6.773916006743481e-22
991.8906174217421 6.773269526065199e-22
991.9895123312331 6.772623168616731e-22
992.088407240724 6.771976934362893e-22
992.187302150215 6.771330823268514e-22
992.286197059706 6.770684835298434e-22
992.3850919691969 6.770038970417514e-22
992.4839868786878 6.769393228590621e-22
992.5828817881788 6.768747609782639e-22
992.6817766976698 6.76810211395846e-22
992.7806716071607 6.767456741082997e-22
992.8795665166516 6.766811491121174e-22
992.9784614261426 6.766166364037922e-22
993.0773563356336 6.765521359798197e-22
993.1762512451245 6.764876478366957e-22
993.2751461546154 6.764231719709179e-22
993.3740410641063 6.76358708378985e-22
993.4729359735974 6.762942570573979e-22
993.5718308830883 6.762298180026574e-22
993.6707257925792 6.761653912112671e-22
993.7696207020701 6.761009766797308e-22
993.8685156115612 6.760365744045541e-22
993.9674105210521 6.759721843822442e-22
994.066305430543 6.759078066093092e-22
994.165200340034 6.758434410822586e-22
994.264095249525 6.757790877976029e-22
994.3629901590159 6.757147467518548e-22
994.4618850685068 6.756504179415276e-22
994.5607799779978 6.755861013631364e-22
994.6596748874887 6.755217970131971e-22
994.7585697969797 6.754575048882271e-22
994.8574647064706 6.753932249847455e-22
994.9563596159616 6.75328957299272e-22
995.0552545254525 6.752647018283285e-22
995.1541494349435 6.7520045856843755e-22
995.2530443444344 6.751362275161231e-22
995.3519392539254 6.750720086679108e-22
995.4508341634163 6.75007802020327e-22
995.5497290729073 6.749436075699001e-22
995.6486239823982 6.748794253131592e-22
995.7475188918892 6.748152552466353e-22
995.8464138013801 6.747510973668601e-22
995.945308710871 6.746869516703666e-22
996.044203620362 6.746228181536898e-22
996.143098529853 6.745586968133657e-22
996.2419934393439 6.744945876459312e-22
996.3408883488348 6.74430490647925e-22
996.4397832583259 6.743664058158867e-22
996.5386781678168 6.743023331463579e-22
996.6375730773077 6.742382726358808e-22
996.7364679867986 6.741742242809992e-22
996.8353628962896 6.741101880782579e-22
996.9342578057806 6.740461640242036e-22
997.0331527152715 6.739821521153842e-22
997.1320476247624 6.739181523483485e-22
997.2309425342534 6.738541647196467e-22
997.3298374437444 6.737901892258303e-22
997.4287323532353 6.737262258634524e-22
997.5276272627262 6.736622746290671e-22
997.6265221722172 6.735983355192301e-22
997.7254170817082 6.735344085304981e-22
997.8243119911991 6.734704936594291e-22
997.92320690069 6.734065909025829e-22
998.022101810181 6.733427002565197e-22
998.1209967196719 6.732788217178021e-22
998.2198916291629 6.73214955282993e-22
998.3187865386539 6.731511009486572e-22
998.4176814481448 6.730872587113606e-22
998.5165763576357 6.730234285676704e-22
998.6154712671267 6.729596105141552e-22
998.7143661766177 6.728958045473846e-22
998.8132610861086 6.728320106639299e-22
998.9121559955995 6.727682288603635e-22
999.0110509050905 6.72704459133259e-22
999.1099458145815 6.726407014791912e-22
999.2088407240724 6.725769558947369e-22
999.3077356335633 6.725132223764733e-22
999.4066305430542 6.724495009209793e-22
999.5055254525453 6.723857915248351e-22
999.6044203620362 6.7232209418462225e-22
999.7033152715271 6.722584088969233e-22
999.802210181018 6.721947356583225e-22
999.9011050905091 6.7213107446540475e-22
1000.0 6.720674253147574e-22
