0.0 0.0
10.2794 0.0
10.37838195819582 5.508136607812094e-23
10.47736391639164 1.0055496180557162e-22
10.57634587458746 1.376936391479706e-22
10.67532783278328 1.6761501969435017e-22
10.774309790979098 1.913001447460655e-22
10.873291749174918 2.0960984951248939e-22
10.972273707370737 2.2329914769323957e-22
11.071255665566557 2.3302987534255784e-22
11.170237623762377 2.3938181061144653e-22
11.269219581958197 2.428624580265333e-22
11.368201540154017 2.439156617769654e-22
11.467183498349836 2.429291915178098e-22
11.566165456545654 2.4024142601275365e-22
11.665147414741474 2.3614724414701297e-22
11.764129372937294 2.3090321911572704e-22
11.863111331133114 2.247321996520155e-22
11.962093289328934 2.1782735176140205e-22
12.061075247524753 2.1035572536764675e-22
12.160057205720573 2.0246140237117642e-22
12.259039163916393 1.9426827572127926e-22
12.358021122112213 1.8588250307486513e-22
12.45700308030803 1.7739467334351086e-22
12.55598503850385 1.6888171981802894e-22
12.65496699669967 1.6040860952058914e-22
12.75394895489549 1.5202983489467527e-22
12.85293091309131 1.4379073083881421e-22
12.95191287128713 1.3572863736572462e-22
13.05089482948295 1.2787392577605282e-22
13.149876787678767 1.20250904133431e-22
13.248858745874589 1.1287861597891717e-22
13.347840704070407 1.0577154459618834e-22
13.446822662266227 9.894023370674207e-23
13.545804620462047 9.239183421284171e-23
13.644786578657866 8.613058549380614e-23
13.743768536853686 8.01582387807082e-23
13.842750495049506 7.447442926908801e-23
13.941732453245326 6.907700286537087e-23
14.040714411441144 6.396230278790577e-23
14.139696369636965 5.912542064718175e-23
14.238678327832783 5.45604161026399e-23
14.337660286028603 5.0260508727116433e-23
14.436642244224423 4.621824529740538e-23
14.535624202420243 4.2425645364060585e-23
14.634606160616062 3.8874327630198617e-23
14.73358811881188 3.555561938238616e-23
14.832570077007702 3.246065096283392e-23
14.93155203520352 2.9580437046888353e-23
15.030533993399342 2.6905946290288005e-23
15.12951595159516 2.4428160733457352e-23
15.22849790979098 2.2138126193030658e-23
15.3274798679868 2.0026994731404913e-23
15.426461826182619 1.8086060171226588e-23
15.525443784378439 1.63067875119337e-23
15.624425742574257 1.468083700781364e-23
15.723407700770078 1.3200083580380959e-23
15.822389658965896 1.1856632160883958e-23
15.921371617161718 1.0642829490397566e-23
16.020353575357536 9.551272844097118e-24
16.119335533553354 8.57481609245715e-24
16.218317491749175 7.706573464028411e-24
16.317299449944997 6.939921331937458e-24
16.416281408140815 6.2684983083270955e-24
16.515263366336633 5.686203897353781e-24
16.614245324532455 5.187195927488466e-24
16.713227282728273 4.7658869573375906e-24
16.812209240924094 4.416939825634007e-24
16.911191199119912 4.135262495156421e-24
17.010173157315734 3.9160023217743866e-24
17.10915511551155 3.754539863351798e-24
17.20813707370737 3.646482328645398e-24
17.30711903190319 3.587656753403275e-24
17.40610099009901 3.574102979394367e-24
17.50508294829483 3.602066501974421e-24
17.60406490649065 3.667991242765424e-24
17.70304686468647 3.7685122961550425e-24
17.80202882288229 3.900448691254178e-24
17.901010781078107 4.06079620476519e-24
17.999992739273928 4.246720254805934e-24
18.098974697469746 4.4555489008423644e-24
18.197956655665568 4.684765970751509e-24
18.296938613861386 4.932004332240608e-24
18.395920572057207 5.195039322646704e-24
18.494902530253025 5.4717823482762906e-24
18.593884488448843 5.760274661937401e-24
18.692866446644665 6.0586813251968685e-24
18.791848404840486 6.365285359951907e-24
18.890830363036304 6.67848209231939e-24
18.989812321232122 6.996773690431784e-24
19.088794279427944 7.318763896468741e-24
19.187776237623762 7.643152952304418e-24
19.28675819581958 7.96873271717765e-24
19.3857401540154 8.294381975102447e-24
19.484722112211223 8.619061929087549e-24
19.58370407040704 8.941811878719897e-24
19.68268602860286 9.261745077234363e-24
19.78166798679868 9.578044763832895e-24
19.880649944994502 9.889960366780103e-24
19.97963190319032 1.0196803872525823e-23
20.07861386138614 1.0497946356016506e-23
20.17759581958196 1.0792814667181e-23
20.276577777777778 1.1080888268553265e-23
20.375559735973596 1.1361696218931036e-23
20.474541694169417 1.163481429797915e-23
20.57352365236524 1.1899862266685718e-23
20.672505610561057 1.2156501258665389e-23
20.771487568756875 1.240443129730686e-23
20.870469526952697 1.2643388933888951e-23
20.969451485148515 1.2873145001858965e-23
21.068433443344333 1.3093502482569523e-23
21.167415401540154 1.3304294477875702e-23
21.266397359735976 1.3505382285132992e-23
21.365379317931794 1.3696653570223462e-23
21.46436127612761 1.3878020634403656e-23
21.563343234323433 1.4049418770865055e-23
21.662325192519255 1.4210804707042325e-23
21.76130715071507 1.4362155128847205e-23
21.86028910891089 1.450346528311075e-23
21.959271067106712 1.4634747654672493e-23
22.05825302530253 1.4756030714681562e-23
22.15723498349835 1.48673577367824e-23
22.25621694169417 1.496878567801958e-23
22.35519889988999 1.5060384121389267e-23
22.45418085808581 1.5142234277107715e-23
22.553162816281628 1.521442803976543e-23
22.65214477447745 1.5277067098680457e-23
22.751126732673267 1.5330262098847017e-23
22.850108690869085 1.5374131850004562e-23
22.949090649064907 1.540880258145018e-23
23.04807260726073 1.5434407240327413e-23
23.147054565456546 1.545108483121457e-23
23.246036523652364 1.5458979794933808e-23
23.345018481848186 1.5458241424608885e-23
23.444000440044004 1.5449023317067415e-23
23.542982398239822 1.5431482857776958e-23
23.641964356435643 1.5405780737603926e-23
23.740946314631465 1.537208049973848e-23
23.839928272827283 1.5330548115213968e-23
23.9389102310231 1.5281351585538548e-23
24.037892189218923 1.5224660571001365e-23
24.136874147414744 1.5160646043293463e-23
24.23585610561056 1.5089479961172918e-23
24.33483806380638 1.5011334967908564e-23
24.4338200220022 1.4926384109361167e-23
24.53280198019802 1.483480057156928e-23
24.631783938393838 1.4736757436786663e-23
24.73076589658966 1.4632427456958768e-23
24.82974785478548 1.4521982843682086e-23
24.9287298129813 1.4405595073732932e-23
25.027711771177117 1.428343470929694e-23
25.12669372937294 1.4155671232079646e-23
25.225675687568756 1.40224728905164e-23
25.324657645764574 1.3884006559330278e-23
25.423639603960396 1.3740437610746607e-23
25.522621562156218 1.359192979667773e-23
25.621603520352036 1.343864514125982e-23
25.720585478547854 1.3280743843121404e-23
25.819567436743675 1.3118384186825789e-23
25.918549394939493 1.2951722462934346e-23
26.01753135313531 1.2780912896184642e-23
26.116513311331133 1.2606107581280983e-23
26.215495269526954 1.2427456425856764e-23
26.314477227722776 1.2245107100146435e-23
26.41345918591859 1.2059204992971112e-23
26.512441144114412 1.1869893173628427e-23
26.611423102310233 1.1677312359327447e-23
26.710405060506048 1.1481600887807122e-23
26.80938701870187 1.1282894694805326e-23
26.90836897689769 1.1081327296065077e-23
27.007350935093513 1.0877029773578824e-23
27.106332893289327 1.0670130765782512e-23
27.20531485148515 1.0460756461436606e-23
27.30429680968097 1.0249030596944261e-23
27.403278767876785 1.0035074456854661e-23
27.502260726072606 9.819006877340906e-24
27.601242684268428 9.600944252431782e-24
27.70022464246425 9.381000542787906e-24
27.799206600660064 9.159287286850555e-24
27.898188558855885 8.935913614165488e-24
27.997170517051707 8.710986260721736e-24
28.09615247524752 8.484609586144713e-24
28.195134433443343 8.256885592587444e-24
28.294116391639164 8.027913945186345e-24
28.393098349834986 7.797791993940394e-24
28.4920803080308 7.566614796889745e-24
28.591062266226622 7.334475144478723e-24
28.690044224422444 7.10146358498497e-24
28.789026182618265 6.867668450916014e-24
28.88800814081408 6.633175886270045e-24
28.9869900990099 6.3980698745698664e-24
29.085972057205723 6.162432267583357e-24
29.184954015401537 5.926342814649409e-24
29.28393597359736 5.689879192526719e-24
29.38291793179318 5.4531170357040365e-24
29.481899889989002 5.2161299670959155e-24
29.580881848184816 4.978989629061203e-24
29.679863806380638 4.741765714691462e-24
29.77884576457646 4.504525999308245e-24
29.877827722772274 4.267336372121352e-24
29.976809680968096 4.030260867995237e-24
30.075791639163917 3.7933616992857655e-24
30.17477359735974 3.5566992876987984e-24
30.273755555555553 3.320332296137934e-24
30.372737513751375 3.0843176604962865e-24
30.471719471947196 2.8487106213716293e-24
30.57070143014301 2.6135647556618933e-24
30.669683388338832 2.3789320080187226e-24
30.768665346534654 2.1448627221322157e-24
30.867647304730475 1.9114056718184854e-24
30.96662926292629 1.678608091890895e-24
31.06561122112211 1.4465157087974223e-24
31.164593179317933 1.2151727709947335e-24
31.263575137513754 9.84622079052161e-25
31.36255709570957 7.549050154655096e-25
31.46153905390539 5.260615741649567e-25
31.560521012101212 2.9813038970567964e-25
31.659502970297027 7.114876613104461e-26
31.758484928492848 1.548472945064381e-25
31.85746688668867 3.7982306397294122e-25
31.95644884488449 6.037450600359259e-25
32.055430803080306 8.265810190176274e-25
32.15441276127613 1.0482998687139365e-24
32.25339471947195 1.2688717016937771e-24
32.35237667766776 1.4882677489807016e-24
32.451358635863585 1.706460354118362e-24
32.550340594059406 1.9234229476272393e-24
32.64932255225523 2.1391300218509788e-24
32.74830451045104 2.3535571061978065e-24
32.847286468646864 2.5666807427782578e-24
32.946268426842686 2.7784784624377055e-24
33.04525038503851 2.988928761183324e-24
33.14423234323432 3.1980110770111394e-24
33.24321430143014 3.4057057671275965e-24
33.342196259625965 3.611994085563396e-24
33.44117821782178 3.816858161183481e-24
33.5401601760176 4.020280976088469e-24
33.63914213421342 4.2222463444045465e-24
33.738124092409244 4.4227388914611855e-24
33.83710605060506 4.621744033354539e-24
33.93608800880088 4.8192479568910146e-24
34.0350699669967 5.015237599910747e-24
34.134051925192516 5.209700631986984e-24
34.23303388338834 5.402625435496707e-24
34.33201584158416 5.594001087059165e-24
34.43099779977998 5.7838173393398e-24
34.529979757975795 5.972064603215305e-24
34.62896171617162 6.1587339302934876e-24
34.72794367436744 6.343816995785083e-24
34.82692563256325 6.527306081726679e-24
34.925907590759074 6.70919406054292e-24
35.024889548954896 6.889474378950648e-24
35.12387150715072 7.068141042195745e-24
35.22285346534653 7.245188598620851e-24
35.32183542354235 7.420612124557339e-24
35.420817381738175 7.594407209537816e-24
35.519799339933996 7.766569941825366e-24
35.61878129812981 7.937096894250557e-24
35.71776325632563 8.105985110358822e-24
35.816745214521454 8.273232090855214e-24
35.91572717271727 8.438835780347109e-24
36.01470913091309 8.602794554379492e-24
36.11369108910891 8.765107206754652e-24
36.21267304730473 8.92577293713593e-24
36.31165500550055 9.084791338926611e-24
36.41063696369637 9.242162387424553e-24
36.50961892189219 9.397886428240009e-24
36.608600880088005 9.551964165979577e-24
36.70758283828383 9.704396653187752e-24
36.80656479647965 9.855185279540957e-24
36.90554675467547 1.0004331761292133e-23
37.004528712871284 1.0151838130958111e-23
37.103510671067106 1.029770672724845e-23
37.20249262926293 1.0441940185227656e-23
37.30147458745875 1.0584541426710791e-23
37.40045654565456 1.0725513650882689e-23
37.499438503850385 1.0864860325141636e-23
37.59842046204621 1.1002585176160378e-23
37.69740242024202 1.1138692181158733e-23
37.79638437843784 1.127318555938945e-23
37.895366336633664 1.1406069763824724e-23
37.994348294829486 1.1537349473047763e-23
38.0933302530253 1.1667029583338499e-23
38.19231221122112 1.179511520095517e-23
38.29129416941694 1.1921611634602499e-23
38.39027612761276 1.2046524388085934e-23
38.48925808580858 1.2169859153149645e-23
38.5882400440044 1.2291621802487894e-23
38.68722200220022 1.2411818382935295e-23
38.78620396039604 1.2530455108822448e-23
38.88518591859186 1.2647538355503998e-23
38.98416787678768 1.2763074653044646e-23
39.083149834983494 1.2877070680069351e-23
39.182131793179316 1.2989533257766377e-23
39.28111375137514 1.310046934404641e-23
39.38009570957096 1.3209886027848985e-23
39.479077667766774 1.3317790523597657e-23
39.578059625962595 1.342419016579729e-23
39.67704158415842 1.35290924037712e-23
39.77602354235424 1.363250479653694e-23
39.87500550055005 1.3734435007814732e-23
39.973987458745874 1.3834890801168706e-23
40.072969416941696 1.393388003527474e-23
40.17195137513751 1.4031410659314715e-23
40.27093333333333 1.4127490708493694e-23
40.36991529152915 1.422212829967644e-23
40.468897249724975 1.4315331627140718e-23
40.56787920792079 1.440710895844755e-23
40.66686116611661 1.449746863041932e-23
40.76584312431243 1.4586419045231558e-23
40.86482508250825 1.4673968666609667e-23
40.96380704070407 1.4760126016129023e-23
41.06278899889989 1.484489966962033e-23
41.16177095709571 1.4928298253671958e-23
41.260752915291526 1.501033044223079e-23
41.35973487348735 1.5091004953298603e-23
41.45871683168317 1.5170330545721232e-23
41.557698789878984 1.524831601606815e-23
41.656680748074805 1.5324970195601316e-23
41.75566270627063 1.5400301947330925e-23
41.85464466446645 1.5474320163154433e-23
41.95362662266226 1.554703376108047e-23
42.052608580858085 1.5618451682530743e-23
42.151590539053906 1.568858288972345e-23
42.25057249724973 1.5757436363131514e-23
42.34955445544555 1.5825021099016678e-23
42.448536413641364 1.5891346107037334e-23
42.547518371837185 1.5956420407927047e-23
42.64650033003301 1.6020253031243696e-23
42.74548228822882 1.6082853013185782e-23
42.84446424642464 1.6144229394476457e-23
42.943446204620464 1.6204391218311544e-23
43.042428162816286 1.6263347528370885e-23
43.1414101210121 1.6321107366892152e-23
43.24039207920792 1.6377679772804435e-23
43.33937403740374 1.6433073779920742e-23
43.43835599559956 1.6487298415187285e-23
43.53733795379538 1.6540362696990128e-23
43.6363199119912 1.65922756335149e-23
43.73530187018702 1.6643046221160777e-23
43.83428382838284 1.669268344300596e-23
43.93326578657866 1.674119626732296e-23
44.03224774477448 1.6788593646145414e-23
44.131229702970295 1.6834884513880932e-23
44.230211661166116 1.6880077785971296e-23
44.32919361936194 1.6924182357599822e-23
44.42817557755776 1.6967207102440805e-23
44.527157535753574 1.7009160871454754e-23
44.626139493949395 1.7050052491725034e-23
44.72512145214522 1.708989076533584e-23
44.82410341034104 1.7128684468289757e-23
44.92308536853685 1.716644234946605e-23
45.022067326732675 1.7203173129615856e-23
45.121049284928496 1.7238885500395064e-23
45.22003124312431 1.7273588123433538e-23
45.31901320132013 1.7307289629439612e-23
45.417995159515954 1.7339998617338896e-23
45.516977117711775 1.7371723653446648e-23
45.61595907590759 1.7402473270673012e-23
45.71494103410341 1.7432255967759472e-23
45.81392299229923 1.7461080208547182e-23
45.91290495049505 1.7488954421274646e-23
46.01188690869087 1.751588699790499e-23
46.11086886688669 1.7541886293481817e-23
46.20985082508251 1.7566960625513337e-23
46.308832783278326 1.7591118273382405e-23
46.40781474147415 1.761436747778448e-23
46.50679669966997 1.763671644018978e-23
46.605778657865784 1.765817332233133e-23
46.704760616061606 1.7678746245716708e-23
46.80374257425743 1.769844329116413e-23
46.90272453245325 1.7717272498360806e-23
47.00170649064906 1.7735241865443564e-23
47.100688448844885 1.7752359348602086e-23
47.199670407040706 1.7768632861702724e-23
47.29865236523653 1.778407027593258e-23
47.39763432343234 1.7798679419464103e-23
47.496616281628164 1.781246807713904e-23
47.595598239823985 1.7825443990170684e-23
47.6945801980198 1.7837614855865688e-23
47.79356215621562 1.7848988327362318e-23
47.89254411441144 1.7859572013387127e-23
47.991526072607265 1.7869373478027706e-23
48.09050803080308 1.7878400240522645e-23
48.1894899889989 1.7886659775066308e-23
48.28847194719472 1.7894159510629996e-23
48.38745390539054 1.7900906830797816e-23
48.48643586358636 1.7906909073616655e-23
48.58541782178218 1.7912173531461056e-23
48.684399779978 1.7916707450910783e-23
48.783381738173816 1.7920518032643177e-23
48.88236369636964 1.7923612431336712e-23
48.98134565456546 1.79259977555886e-23
49.08032761276128 1.792768106784359e-23
49.179309570957095 1.7928669384334352e-23
49.278291529152916 1.7928969675034895e-23
49.37727348734874 1.7928588863622774e-23
49.47625544554455 1.7927533827453958e-23
49.575237403740374 1.7925811397547188e-23
49.674219361936196 1.7923428358578394e-23
49.77320132013202 1.7920391448884983e-23
49.87218327832783 1.791670736048038e-23
49.97116523652365 1.791238273907608e-23
50.070147194719475 1.7907424184114267e-23
50.16912915291529 1.790183824880769e-23
50.26811111111111 1.7895631440188966e-23
50.36709306930693 1.788881021916707e-23
50.466075027502754 1.7881381000591772e-23
50.56505698569857 1.7873350153325966e-23
50.66403894389439 1.7864724000325196e-23
50.76302090209021 1.7855508818723322e-23
50.862002860286026 1.784571083992655e-23
50.96098481848185 1.78353362497123e-23
51.05996677667767 1.7824391188336135e-23
51.15894873487349 1.7812881750642612e-23
51.257930693069305 1.7800813986184584e-23
51.35691265126513 1.778819389934632e-23
51.45589460946095 1.7775027449472488e-23
51.55487656765677 1.7761320551002854e-23
51.653858525852584 1.7747079073611714e-23
51.752840484048406 1.7732308842352318e-23
51.85182244224423 1.7717015637806083e-23
51.95080440044004 1.7701205196235973e-23
52.04978635863586 1.768488320974482e-23
52.148768316831685 1.7668055326437172e-23
52.24775027502751 1.7650727150586324e-23
52.34673223322332 1.7632904242803073e-23
52.44571419141914 1.7614592120210612e-23
52.544696149614964 1.759579625662161e-23
52.64367810781078 1.7576522082718514e-23
52.7426600660066 1.755677498623817e-23
52.84164202420242 1.7536560312158712e-23
52.94062398239824 1.7515883362889352e-23
53.03960594059406 1.749474939846401e-23
53.13858789878988 1.747316363673648e-23
53.2375698569857 1.74511312535788e-23
53.33655181518152 1.742865738308209e-23
53.43553377337734 1.7405747117759846e-23
53.53451573157316 1.7382405508752958e-23
53.63349768976898 1.7358637566037307e-23
53.732479647964794 1.733444825863341e-23
53.831461606160616 1.7309842514817668e-23
53.93044356435644 1.728482522233547e-23
54.02942552255226 1.7259401228616432e-23
54.12840748074807 1.7233575340990713e-23
54.227389438943895 1.7207352326907117e-23
54.32637139713972 1.7180736914152288e-23
54.42535335533553 1.7153733791071997e-23
54.52433531353135 1.7126347606792962e-23
54.623317271727174 1.7098582971445633e-23
54.722299229922996 1.707044445638908e-23
54.82128118811881 1.7041936594436e-23
54.92026314631463 1.7013063880078776e-23
55.01924510451045 1.6983830769716733e-23
55.11822706270627 1.6954241681883682e-23
55.21720902090209 1.6924300997476602e-23
55.31619097909791 1.6894013059984803e-23
55.41517293729373 1.6863382175719325e-23
55.51415489548955 1.6832412614043637e-23
55.61313685368537 1.680110860760347e-23
55.71211881188119 1.6769474352558607e-23
55.81110077007701 1.6737514008813826e-23
55.910082728272826 1.67052317002504e-23
56.00906468646865 1.6672631514958e-23
56.10804664466447 1.663971750546652e-23
56.207028602860284 1.6606493688978256e-23
56.306010561056105 1.6572964047599572e-23
56.40499251925193 1.6539132528573516e-23
56.50397447744775 1.6505003044511234e-23
56.60295643564356 1.6470579473624204e-23
56.701938393839384 1.6435865659955974e-23
56.800920352035206 1.6400865413613646e-23
56.89990231023102 1.636558251099912e-23
56.99888426842684 1.6330020695040283e-23
57.09786622662266 1.6294183675421916e-23
57.196848184818485 1.6258075128815756e-23
57.2958301430143 1.622169869911069e-23
57.39481210121012 1.6185057997642627e-23
57.49379405940594 1.6148156603423095e-23
57.59277601760176 1.6110998063368588e-23
57.69175797579758 1.6073585892527973e-23
57.7907399339934 1.6035923574310892e-23
57.88972189218922 1.599801456071412e-23
57.988703850385036 1.5959862272548563e-23
58.08768580858086 1.5921470099664417e-23
58.18666776677668 1.5882841401177017e-23
58.2856497249725 1.584397950569076e-23
58.384631683168315 1.5804887711523062e-23
58.48361364136414 1.5765569286927327e-23
58.58259559955996 1.572602747031512e-23
58.68157755775577 1.5686265470477935e-23
58.780559515951595 1.5646286466807416e-23
58.879541474147416 1.5606093609515502e-23
58.97852343234324 1.5565690019853533e-23
59.07750539053905 1.5525078790330157e-23
59.176487348734874 1.5484262984928624e-23
59.275469306930695 1.5443245639323535e-23
59.37445126512651 1.540202976109568e-23
59.47343322332233 1.5360618329947264e-23
59.57241518151815 1.5319014297915063e-23
59.671397139713974 1.5277220589583267e-23
59.77037909790979 1.523524010229529e-23
59.86936105610561 1.5193075706363944e-23
59.96834301430143 1.515073024528197e-23
60.067324972497254 1.5108206535929956e-23
60.16630693069307 1.5065507368784693e-23
60.26528888888889 1.5022635508125194e-23
60.36427084708471 1.4979593692238771e-23
60.463252805280526 1.4936384633625572e-23
60.56223476347635 1.489301101920212e-23
60.66121672167217 1.4849475510503238e-23
60.76019867986799 1.4805780743884072e-23
60.859180638063805 1.4761929330720374e-23
60.958162596259626 1.4717923857607014e-23
61.05714455445545 1.4673766886557027e-23
61.15612651265126 1.4629460955197977e-23
61.255108470847084 1.4585008576967957e-23
61.354090429042905 1.4540412241310545e-23
61.45307238723873 1.44956744138684e-23
61.55205434543454 1.445079753667578e-23
61.65103630363036 1.4405784028350118e-23
61.750018261826185 1.4360636284281848e-23
61.849000220022 1.4315356676824195e-23
61.94798217821782 1.42699475554807e-23
62.04696413641364 1.4224411247092386e-23
62.145946094609464 1.4178750056023302e-23
62.24492805280528 1.413296626434505e-23
62.3439100110011 1.408706213202055e-23
62.44289196919692 1.4041039897085955e-23
62.54187392739274 1.399490177583209e-23
62.64085588558856 1.3948649962983982e-23
62.73983784378438 1.3902286631880382e-23
62.8388198019802 1.385581393465074e-23
62.937801760176015 1.3809234002392082e-23
63.03678371837184 1.376254894534453e-23
63.13576567656766 1.3715760853064967e-23
63.23474763476348 1.3668871794600726e-23
63.333729592959294 1.3621883818661018e-23
63.432711551155116 1.3574798953787954e-23
63.53169350935094 1.3527619208526028e-23
63.63067546754675 1.34803465715906e-23
63.72965742574257 1.3432983012035212e-23
63.828639383938395 1.338553047941777e-23
63.927621342134216 1.3337990903965494e-23
64.02660330033002 1.329036619673882e-23
64.12558525852585 1.3242658249794024e-23
64.22456721672167 1.3194868936345239e-23
64.32354917491749 1.3147000110924186e-23
64.42253113311331 1.3099053609540192e-23
64.52151309130913 1.3051031249837937e-23
64.62049504950495 1.3002934831254762e-23
64.71947700770076 1.2954766135176441e-23
64.81845896589658 1.2906526925092242e-23
64.9174409240924 1.2858218946748246e-23
65.01642288228823 1.2809843928300362e-23
65.11540484048405 1.2761403580465579e-23
65.21438679867987 1.2712899596672167e-23
65.31336875687569 1.2664333653209376e-23
65.4123507150715 1.2615707409375324e-23
65.51133267326732 1.2567022507624067e-23
65.61031463146314 1.2518280573711614e-23
65.70929658965896 1.2469483216840983e-23
65.80827854785478 1.2420632029805677e-23
65.9072605060506 1.2371728589132834e-23
66.00624246424643 1.2322774455224572e-23
66.10522442244223 1.2273771172498818e-23
66.20420638063806 1.2224720269528382e-23
66.30318833883388 1.2175623259180265e-23
66.4021702970297 1.2126481638752182e-23
66.50115225522552 1.2077296890109468e-23
66.60013421342134 1.2028070479820297e-23
66.69911617161716 1.1978803859289863e-23
66.79809812981298 1.1929498464893679e-23
66.89708008800879 1.1880155718109797e-23
66.99606204620461 1.1830777025650128e-23
67.09504400440044 1.1781363779590347e-23
67.19402596259626 1.173191735749931e-23
67.29300792079208 1.1682439122567065e-23
67.3919898789879 1.163293042373202e-23
67.49097183718372 1.1583392595807177e-23
67.58995379537953 1.1533826959605093e-23
67.68893575357535 1.1484234822062235e-23
67.78791771177117 1.1434617476362216e-23
67.886899669967 1.1384976202057693e-23
67.98588162816282 1.1335312265192049e-23
68.08486358635864 1.128562691841928e-23
68.18384554455446 1.1235921401123483e-23
68.28282750275027 1.1186196939537103e-23
68.38180946094609 1.113645474685868e-23
68.48079141914191 1.1086696023368893e-23
68.57977337733773 1.1036921956546392e-23
68.67875533553355 1.0987133721182036e-23
68.77773729372937 1.0937332479493205e-23
68.8767192519252 1.0887519381235866e-23
68.975701210121 1.0837695563816816e-23
69.07468316831682 1.078786215240449e-23
69.17366512651265 1.0738020260039037e-23
69.27264708470847 1.068817098774148e-23
69.37162904290429 1.0638315424621761e-23
69.47061100110011 1.0588454647986353e-23
69.56959295929593 1.0538589723444576e-23
69.66857491749174 1.0488721705014262e-23
69.76755687568756 1.0438851635226378e-23
69.86653883388338 1.0388980545229056e-23
69.9655207920792 1.0339109454890592e-23
70.06450275027503 1.0289239372901309e-23
70.16348470847085 1.0239371296875327e-23
70.26246666666667 1.0189506213450772e-23
70.36144862486248 1.01396450983893e-23
70.4604305830583 1.0089788916675304e-23
70.55941254125412 1.0039938622613381e-23
70.65839449944994 9.990095159926007e-24
70.75737645764576 9.940259461849615e-24
70.85635841584158 9.890432451230066e-24
70.9553403740374 9.840615040617806e-24
71.05432233223323 9.790808132361234e-24
71.15330429042903 9.74101261870049e-24
71.25228624862486 9.691229381859374e-24
71.35126820682068 9.641459294137138e-24
71.4502501650165 9.591703217999485e-24
71.54923212321232 9.541962006168156e-24
71.64821408140814 9.492236501710843e-24
71.74719603960396 9.442527538129257e-24
71.84617799779977 9.392835939447259e-24
71.94515995599559 9.343162520297653e-24
72.04414191419141 9.29350808600879e-24
72.14312387238724 9.243873432689835e-24
72.24210583058306 9.19425934731593e-24
72.34108778877888 9.144666607812007e-24
72.4400697469747 9.095095983136606e-24
72.53905170517051 9.04554823336425e-24
72.63803366336633 8.996024109767527e-24
72.73701562156215 8.946524354898522e-24
72.83599757975797 8.897049702669182e-24
72.9349795379538 8.847600878431385e-24
73.03396149614962 8.798178599056361e-24
73.13294345434544 8.748783573012595e-24
73.23192541254124 8.699416500444512e-24
73.33090737073707 8.650078073249089e-24
73.42988932893289 8.600768975152562e-24
73.52887128712871 8.551489881786519e-24
73.62785324532453 8.502241460762612e-24
73.72683520352035 8.453024371747748e-24
73.82581716171617 8.40383926653752e-24
73.92479911991198 8.354686789129764e-24
74.0237810781078 8.305567575797155e-24
74.12276303630362 8.256482255159153e-24
74.22174499449945 8.207431448253384e-24
74.32072695269527 8.158415768606803e-24
74.41970891089109 8.109435822305177e-24
74.5186908690869 8.060492208063264e-24
74.61767282728272 8.011585517293362e-24
74.71665478547854 7.962716334173998e-24
74.81563674367436 7.913885235717336e-24
74.91461870187018 7.865092791836604e-24
75.013600660066 7.81633956541253e-24
75.11258261826183 7.767626112359364e-24
75.21156457645763 7.718952981690394e-24
75.31054653465345 7.670320715582654e-24
75.40952849284928 7.621729849441272e-24
75.5085104510451 7.57318091196321e-24
75.60749240924092 7.524674425200521e-24
75.70647436743674 7.47621090462255e-24
75.80545632563256 7.427790859178673e-24
75.90443828382837 7.379414791359024e-24
76.00342024202419 7.331083197256183e-24
76.10240220022001 7.282796566625123e-24
76.20138415841583 7.23455538294331e-24
76.30036611661166 7.186360123470205e-24
76.39934807480748 7.138211259305658e-24
76.4983300330033 7.090109255448943e-24
76.5973119911991 7.042054570855982e-24
76.69629394939493 6.99404765849694e-24
76.79527590759075 6.946088965412882e-24
76.89425786578657 6.898178932772407e-24
76.99323982398239 6.850317995927024e-24
77.09222178217821 6.802506584466635e-24
77.19120374037404 6.754745122274577e-24
77.29018569856984 6.707034027581692e-24
77.38916765676566 6.65937371302025e-24
77.48814961496149 6.611764585677371e-24
77.58713157315731 6.5642070471479295e-24
77.68611353135313 6.516701493587054e-24
77.78509548954895 6.469248315761978e-24
77.88407744774477 6.4218478991035904e-24
77.98305940594058 6.374500623757709e-24
78.0820413641364 6.3272068646352125e-24
78.18102332233222 6.279966991462674e-24
78.28000528052804 6.2327813688318275e-24
78.37898723872387 6.185650356248929e-24
78.47796919691969 6.138574308183534e-24
78.57695115511551 6.091553574116754e-24
78.67593311331133 6.044588498589654e-24
78.77491507150714 5.997679421250143e-24
78.87389702970296 5.9508266769007274e-24
78.97287898789878 5.904030595544785e-24
79.0718609460946 5.857291502433025e-24
79.17084290429042 5.810609718109241e-24
79.26982486248625 5.7639855584557745e-24
79.36880682068207 5.717419334738753e-24
79.46778877887787 5.6709113536524674e-24
79.5667707370737 5.6244619173637584e-24
79.66575269526952 5.5780713235558034e-24
79.76473465346534 5.531739865471718e-24
79.86371661166116 5.4854678319574204e-24
79.96269856985698 5.4392555075043314e-24
80.0616805280528 5.39310317229198e-24
80.16066248624861 5.347011102229484e-24
80.25964444444443 5.300979568997377e-24
80.35862640264025 5.2550088400887125e-24
80.45760836083608 5.209099178849887e-24
80.5565903190319 5.1632508445209616e-24
80.65557227722772 5.117464092275863e-24
80.75455423542354 5.0717391732621286e-24
80.85353619361935 5.026076334640097e-24
80.95251815181517 4.980475819622044e-24
81.05150011001099 4.934937867510824e-24
81.15048206820681 4.889462713738104e-24
81.24946402640263 4.844050589902373e-24
81.34844598459846 4.798701723806603e-24
81.44742794279428 4.7534163394954135e-24
81.54640990099008 4.7081946572921294e-24
81.6453918591859 4.6630368938353405e-24
81.74437381738173 4.617943262115196e-24
81.84335577557755 4.572913971509314e-24
81.94233773377337 4.5279492278185454e-24
82.04131969196919 4.483049233302089e-24
82.14030165016501 4.438214186712621e-24
82.23928360836082 4.393444283330907e-24
82.33826556655664 4.3487397150002774e-24
82.43724752475246 4.304100670160485e-24
82.53622948294829 4.259527333881618e-24
82.63521144114411 4.2150198878974324e-24
82.73419339933993 4.170578510638565e-24
82.83317535753575 4.12620337726533e-24
82.93215731573156 4.081894659700283e-24
83.03113927392738 4.037652526660373e-24
83.1301212321232 3.993477143689097e-24
83.22910319031902 3.9493686731879495e-24
83.32808514851484 3.905327274447929e-24
83.42706710671067 3.861353103680569e-24
83.52604906490649 3.817446314048881e-24
83.62503102310231 3.773607055697596e-24
83.72401298129812 3.72983547578382e-24
83.82299493949394 3.686131718506638e-24
83.92197689768976 3.6424959251371195e-24
84.02095885588558 3.598928234047499e-24
84.1199408140814 3.555428780740661e-24
84.21892277227722 3.5119976978786964e-24
84.31790473047305 3.468635115311817e-24
84.41688668866885 3.425341160106681e-24
84.51586864686467 3.3821159565743485e-24
84.6148506050605 3.338959626298461e-24
84.71383256325632 3.2958722881625662e-24
84.81281452145214 3.2528540583777028e-24
84.91179647964796 3.2099050505093988e-24
85.01077843784378 3.1670253755045703e-24
85.10976039603959 3.124215141718155e-24
85.20874235423541 3.0814744549394977e-24
85.30772431243123 3.0388034184185103e-24
85.40670627062705 2.9962021328916548e-24
85.50568822882288 2.9536706966073348e-24
85.6046701870187 2.9112092053516905e-24
85.70365214521452 2.8688177524735623e-24
85.80263410341033 2.8264964289095673e-24
85.90161606160615 2.7842453232088767e-24
86.00059801980197 2.7420645215576082e-24
86.09957997799779 2.6999541078032553e-24
86.19856193619361 2.6579141634786582e-24
86.29754389438943 2.615944767826026e-24
86.39652585258526 2.574045997820414e-24
86.49550781078106 2.532217928193176e-24
86.59448976897689 2.4904606314552328e-24
86.6934717271727 2.4487741779200066e-24
86.79245368536853 2.407158635726303e-24
86.89143564356435 2.365614070860811e-24
86.99041760176017 2.3241405471804615e-24
87.089399559956 2.2827381264346623e-24
87.1883815181518 2.2414068682872244e-24
87.28736347634762 2.200146830338157e-24
87.38634543454344 2.1589580681451327e-24
87.48532739273926 2.11784063524504e-24
87.58430935093509 2.0767945831749796e-24
87.68329130913091 2.035819961493351e-24
87.78227326732673 1.994916817800531e-24
87.88125522552255 1.9540851977596983e-24
87.98023718371836 1.9133251451168907e-24
88.07921914191418 1.8726367017215163e-24
88.17820110011 1.8320199075462925e-24
88.27718305830582 1.791474800707077e-24
88.37616501650164 1.751001417482543e-24
88.47514697469747 1.710599792333748e-24
88.57412893289329 1.6702699579232017e-24
88.6731108910891 1.6300119451343314e-24
88.77209284928492 1.5898257830903151e-24
88.87107480748074 1.5497114991725804e-24
88.97005676567656 1.5096691190398921e-24
89.06903872387238 1.4696986666464349e-24
89.1680206820682 1.4298001642602864e-24
89.26700264026402 1.389973632481362e-24
89.36598459845983 1.350219090259399e-24
89.46496655665565 1.3105365549118832e-24
89.56394851485148 1.2709260421413325e-24
89.6629304730473 1.2313875660530926e-24
89.76191243124312 1.191921139172357e-24
89.86089438943894 1.152526772461433e-24
89.95987634763476 1.113204475336616e-24
90.05885830583057 1.0739542556850478e-24
90.15784026402639 1.0347761198814858e-24
90.25682222222221 9.956700728044807e-25
90.35580418041803 9.566361178531459e-25
90.45478613861385 9.176742569629204e-25
90.55376809680968 8.787844906220486e-25
90.6527500550055 8.399668178870362e-25
90.7517320132013 8.012212363988991e-25
90.85071397139713 7.62547742398289e-25
90.94969592959295 7.239463307412577e-25
91.04867788778877 6.8541699491449505e-25
91.14765984598459 6.4695972705046225e-25
91.24664180418041 6.085745179425482e-25
91.34562376237623 5.702613570598075e-25
91.44460572057204 5.320202325618916e-25
91.54358767876786 4.938511313134606e-25
91.64256963696369 4.557540388989227e-25
91.7415515951595 4.177289396366691e-25
91.84053355335533 3.7977581659317025e-25
91.93951551155115 3.418946515972899e-25
92.03849746974697 3.040854252541004e-25
92.1374794279428 2.6634811695878414e-25
92.2364613861386 2.2868270491024533e-25
92.33544334433442 1.9108916612478875e-25
92.43442530253024 1.535674764495033e-25
92.53340726072607 1.161176105756591e-25
92.63238921892189 7.873954205176009e-26
92.73137117711771 4.1433243296749333e-26
92.83035313531353 4.198685612950522e-27
92.92933509350934 3.2964160801202447e-26
93.02831705170516 7.005532683821629e-26
93.12729900990098 1.0707484446926006e-25
93.2262809680968 1.440227467314516e-25
93.32526292629262 1.8089906771555227e-25
93.42424488448844 2.1770384255377287e-25
93.52322684268427 2.544371074075242e-25
93.62220880088007 2.9109889945556044e-25
93.7211907590759 3.2768925688188096e-25
93.82017271727172 3.6420821886416618e-25
93.91915467546754 4.0065582556182684e-25
94.01813663366336 4.370321181045889e-25
94.11711859185918 4.733371385810509e-25
94.216100550055 5.095709300272055e-25
94.31508250825081 5.457335364151944e-25
94.41406446644663 5.818250026423128e-25
94.51304642464245 6.178453745197624e-25
94.61202838283828 6.537946987618679e-25
94.7110103410341 6.896730229750401e-25
94.80999229922992 7.254803956472636e-25
94.90897425742574 7.612168661373533e-25
95.00795621562155 7.968824846643583e-25
95.10693817381737 8.324773022971598e-25
95.20592013201319 8.680013709442812e-25
95.30490209020901 9.034547433433372e-25
95.40388404840483 9.388374730511936e-25
95.50286600660066 9.741496144336663e-25
95.60184796479648 1.0093912226557445e-24
95.70082992299228 1.0445623536715978e-24
95.7998118811881 1.0796630642149043e-24
95.89879383938393 1.1146934117890926e-24
95.99777579757975 1.149653454657795e-24
96.09675775577557 1.1845432518352918e-24
96.19573971397139 1.219362863077206e-24
96.29472167216721 1.2541123488711005e-24
96.39370363036304 1.2887917704271837e-24
96.49268558855884 1.3234011896693377e-24
96.59166754675466 1.357940669225949e-24
96.69064950495049 1.3924102724209158e-24
96.7896314631463 1.4268100632647678e-24
96.88861342134213 1.4611401064459462e-24
96.98759537953795 1.495400467321928e-24
97.08657733773377 1.5295912119108162e-24
97.18555929592958 1.5637124068824137e-24
97.2845412541254 1.5977641195502354e-24
97.38352321232122 1.6317464178626603e-24
97.48250517051704 1.6656593703948516e-24
97.58148712871287 1.699503046340473e-24
97.68046908690869 1.733277515503554e-24
97.77945104510451 1.766982848290347e-24
97.87843300330032 1.800619115701286e-24
97.97741496149614 1.8341863893232707e-24
98.07639691969196 1.8676847413215203e-24
98.17537887788778 1.9011142444319853e-24
98.2743608360836 1.9344749719536255e-24
98.37334279427942 1.9677669977406703e-24
98.47232475247525 2.0009903961952637e-24
98.57130671067105 2.0341452422596552e-24
98.67028866886687 2.0672316114091165e-24
98.7692706270627 2.1002495796444e-24
98.86825258525852 2.13319922348454e-24
98.96723454345434 2.166080619959613e-24
99.06621650165016 2.198893846603587e-24
99.16519845984598 2.231638981447305e-24
99.26418041804179 2.2643161030114262e-24
99.36316237623761 2.2969252902995876e-24
99.46214433443343 2.329466622791371e-24
99.56112629262925 2.361940180435685e-24
99.66010825082508 2.3943460436438705e-24
99.7590902090209 2.426684293283225e-24
99.85807216721672 2.458955010670073e-24
99.95705412541253 2.491158277563605e-24
100.05603608360835 2.52329417615914e-24
100.15501804180417 2.5553627890817405e-24
100.25399999999999 2.5873641993799836e-24
100.35298195819581 2.619298490519468e-24
100.45196391639163 2.651165746376779e-24
100.55094587458746 2.6829660512331705e-24
100.64992783278328 2.7146994897685065e-24
100.74890979097908 2.746366147055193e-24
100.8478917491749 2.777966108552174e-24
100.94687370737073 2.8094994600990436e-24
101.04585566556655 2.8409662879100904e-24
101.14483762376237 2.8723666785684853e-24
101.24381958195819 2.9037007190205992e-24
101.34280154015401 2.9349684965701462e-24
101.44178349834982 2.966170098872624e-24
101.54076545654564 2.997305613929717e-24
101.63974741474146 3.0283751300836835e-24
101.73872937293729 3.0593787360119517e-24
101.83771133113311 3.09031652072156e-24
101.93669328932893 3.1211885735438687e-24
102.03567524752475 3.1519949841291738e-24
102.13465720572056 3.1827358424414987e-24
102.23363916391638 3.2134112387532135e-24
102.3326211221122 3.2440212636400737e-24
102.43160308030802 3.274566007975806e-24
102.53058503850384 3.305045562927336e-24
102.62956699669967 3.3354600199495096e-24
102.72854895489549 3.365809470780232e-24
102.8275309130913 3.396094007435537e-24
102.92651287128712 3.426313722204725e-24
103.02549482948294 3.456468707645396e-24
103.12447678767876 3.4865590565787794e-24
103.22345874587458 3.516584862085029e-24
103.3224407040704 3.546546217498375e-24
103.42142266226622 3.5764432164026915e-24
103.52040462046203 3.606275952626575e-24
103.61938657865785 3.636044520239221e-24
103.71836853685367 3.665749013545462e-24
103.8173504950495 3.695389527081712e-24
103.91633245324532 3.7249661556112024e-24
104.01531441144114 3.754478994119784e-24
104.11429636963696 3.783928137811569e-24
104.21327832783277 3.813313682104659e-24
104.31226028602859 3.8426357226268345e-24
104.41124224422441 3.8718943552113455e-24
104.51022420242023 3.90108967589283e-24
104.60920616061605 3.930221780903127e-24
104.70818811881188 3.959290766667187e-24
104.8071700770077 3.98829672979906e-24
104.9061520352035 4.017239767097898e-24
105.00513399339933 4.046119975543929e-24
105.10411595159515 4.074937452294644e-24
105.20309790979097 4.103692294680829e-24
105.30207986798679 4.1323846002027624e-24
105.40106182618261 4.161014466526374e-24
105.50004378437843 4.189581991479495e-24
105.59902574257426 4.218087273048145e-24
105.69800770077006 4.2465304093728664e-24
105.79698965896588 4.27491149874502e-24
105.8959716171617 4.303230639603138e-24
105.99495357535753 4.331487930529438e-24
106.09393553355335 4.359683470246196e-24
106.19291749174917 4.387817357612288e-24
106.29189944994499 4.415889691619719e-24
106.3908814081408 4.4439005713901526e-24
106.48986336633662 4.4718500961715174e-24
106.58884532453244 4.4997383653346604e-24
106.68782728272826 4.5275654783699916e-24
106.78680924092409 4.555331534884153e-24
106.88579119911991 4.583036634596905e-24
106.98477315731573 4.61068087733764e-24
107.08375511551154 4.6382643630424275e-24
107.18273707370736 4.6657871917506955e-24
107.28171903190318 4.693249463602143e-24
107.380700990099 4.720651278833677e-24
107.47968294829482 4.747992737776274e-24
107.57866490649064 4.7752739408520035e-24
107.67764686468647 4.8024949885709355e-24
107.77662882288227 4.8296559815282855e-24
107.8756107810781 4.856757020401361e-24
107.97459273927392 4.8837982059466634e-24
108.07357469746974 4.910779638997135e-24
108.17255665566556 4.9377014204591205e-24
108.27153861386138 4.964563651309572e-24
108.3705205720572 4.9913664325934294e-24
108.46950253025301 5.018109865420631e-24
108.56848448844883 5.044794050963525e-24
108.66746644664465 5.0714190904540616e-24
108.76644840484047 5.09798508518118e-24
108.8654303630363 5.1244921364881676e-24
108.96441232123212 5.150940345769948e-24
109.06339427942794 5.177329814470571e-24
109.16237623762375 5.2036606440805825e-24
109.26135819581957 5.2299329361345876e-24
109.36034015401539 5.2561467922085125e-24
109.45932211221121 5.282302313917417e-24
109.55830407040703 5.3083996029127686e-24
109.65728602860285 5.334438760880163e-24
109.75626798679868 5.360419889536837e-24
109.8552499449945 5.386343090629292e-24
109.9542319031903 5.412208465930992e-24
110.05321386138613 5.438016117240012e-24
110.15219581958195 5.463766146376603e-24
110.25117777777777 5.489458655181103e-24
110.35015973597359 5.515093745511529e-24
110.44914169416941 5.540671519241422e-24
110.54812365236523 5.5661920782575804e-24
110.64710561056104 5.591655524457912e-24
110.74608756875686 5.6170619597492685e-24
110.84506952695268 5.64241148604523e-24
110.9440514851485 5.667704205264156e-24
111.04303344334433 5.6929402193268976e-24
111.14201540154015 5.718119630154815e-24
111.24099735973597 5.7432425396677426e-24
111.33997931793178 5.768309049781933e-24
111.4389612761276 5.7933192624080804e-24
111.53794323432342 5.818273279449284e-24
111.63692519251924 5.843171202799138e-24
111.73590715071506 5.868013134339762e-24
111.83488910891089 5.8927991759398945e-24
111.93387106710671 5.9175294294530136e-24
112.03285302530251 5.942203996715425e-24
112.13183498349834 5.9668229795444196e-24
112.23081694169416 5.991386479736419e-24
112.32979889988998 6.015894599065258e-24
112.4287808580858 6.040347439280211e-24
112.52776281628162 6.0647451021043975e-24
112.62674477447744 6.0890876892329345e-24
112.72572673267325 6.113375302331208e-24
112.82470869086907 6.137608043033141e-24
112.9236906490649 6.16178601293959e-24
113.02267260726072 6.185909313616537e-24
113.12165456545654 6.2099780465935094e-24
113.22063652365236 6.233992313361989e-24
113.31961848184818 6.257952215373616e-24
113.41860044004399 6.281857854038789e-24
113.51758239823981 6.305709330724982e-24
113.61656435643563 6.3295067467551346e-24
113.71554631463145 6.353250203406206e-24
113.81452827282727 6.376939801907611e-24
113.9135102310231 6.400575643439613e-24
114.01249218921892 6.424157829131977e-24
114.11147414741474 6.447686460062422e-24
114.21045610561055 6.471161637255114e-24
114.30943806380637 6.494583461679327e-24
114.40842002200219 6.517952034247878e-24
114.50740198019801 6.541267455815906e-24
114.60638393839383 6.564529827179242e-24
114.70536589658965 6.58773924907327e-24
114.80434785478548 6.6108958221713905e-24
114.90332981298128 6.633999647083758e-24
115.0023117711771 6.65705082435593e-24
115.10129372937293 6.680049454467525e-24
115.20027568756875 6.702995637831011e-24
115.29925764576457 6.72588947479033e-24
115.39823960396039 6.748731065619643e-24
115.49722156215621 6.771520510522174e-24
115.59620352035202 6.794257909628819e-24
115.69518547854784 6.816943362997087e-24
115.79416743674366 6.839576970609727e-24
115.89314939493948 6.862158832373676e-24
115.9921313531353 6.884689048118837e-24
116.09111331133113 6.907167717596817e-24
116.19009526952695 6.929594940479957e-24
116.28907722772276 6.951970816360073e-24
116.38805918591858 6.97429544474733e-24
116.4870411441144 6.996568925069207e-24
116.58602310231022 7.018791356669346e-24
116.68500506050604 7.040962838806506e-24
116.78398701870186 7.063083470653439e-24
116.88296897689769 7.085153351295924e-24
116.9819509350935 7.107172579731614e-24
117.08093289328932 7.129141254869179e-24
117.17991485148514 7.151059475527105e-24
117.27889680968096 7.17292734043273e-24
117.37787876787678 7.194744948221439e-24
117.4768607260726 7.216512397435454e-24
117.57584268426842 7.238229786522954e-24
117.67482464246423 7.259897213837144e-24
117.77380660066005 7.281514777635333e-24
117.87278855885587 7.303082576077959e-24
117.9717705170517 7.324600707227714e-24
118.07075247524752 7.346069269048574e-24
118.16973443344334 7.367488359404997e-24
118.26871639163916 7.388858076060972e-24
118.36769834983498 7.41017851667919e-24
118.46668030803079 7.431449778820171e-24
118.56566226622661 7.452671959941476e-24
118.66464422442243 7.473845157396746e-24
118.76362618261825 7.494969468434977e-24
118.86260814081407 7.51604499019969e-24
118.9615900990099 7.537071819728155e-24
119.06057205720572 7.558050053950537e-24
119.15955401540153 7.578979789689146e-24
119.25853597359735 7.59986112365771e-24
119.35751793179317 7.620694152460543e-24
119.45649988998899 7.641478972591882e-24
119.55548184818481 7.662215680435052e-24
119.65446380638063 7.682904372261824e-24
119.75344576457645 7.703545144231629e-24
119.85242772277226 7.724138092390941e-24
119.95140968096808 7.744683312672471e-24
120.0503916391639 7.765180900894562e-24
120.14937359735973 7.785630952760508e-24
120.24835555555555 7.806033563857787e-24
120.34733751375137 7.826388829657582e-24
120.44631947194719 7.846696845513958e-24
120.545301430143 7.866957706663276e-24
120.64428338833882 7.887171508223657e-24
120.74326534653464 7.907338345194241e-24
120.84224730473046 7.927458312454614e-24
120.94122926292629 7.947531504764229e-24
121.0402112211221 7.967558016761782e-24
121.13919317931793 7.987537942964666e-24
121.23817513751374 8.007471377768343e-24
121.33715709570956 8.027358415445827e-24
121.43613905390538 8.04719915014707e-24
121.5351210121012 8.066993675898488e-24
121.63410297029702 8.086742086602374e-24
121.73308492849284 8.106444476036331e-24
121.83206688668866 8.126100937852811e-24
121.93104884488447 8.145711565578555e-24
122.0300308030803 8.165276452614141e-24
122.12901276127612 8.184795692233402e-24
122.22799471947194 8.204269377583008e-24
122.32697667766776 8.223697601681919e-24
122.42595863586358 8.243080457420957e-24
122.5249405940594 8.26241803756233e-24
122.62392255225521 8.281710434739168e-24
122.72290451045103 8.300957741455018e-24
122.82188646864685 8.32016005008349e-24
122.92086842684267 8.339317452867773e-24
123.0198503850385 8.358430041920132e-24
123.11883234323432 8.377497909221656e-24
123.21781430143014 8.396521146621676e-24
123.31679625962596 8.415499845837426e-24
123.41577821782177 8.434434098453658e-24
123.51476017601759 8.453323995922232e-24
123.61374213421341 8.472169629561669e-24
123.71272409240923 8.490971090556868e-24
123.81170605060505 8.509728469958697e-24
123.91068800880088 8.528441858683557e-24
124.0096699669967 8.547111347513127e-24
124.1086519251925 8.565737027093945e-24
124.20763388338833 8.584318987937072e-24
124.30661584158415 8.602857320417734e-24
124.40559779977997 8.621352114775086e-24
124.50457975797579 8.639803461111706e-24
124.60356171617161 8.658211449393443e-24
124.70254367436743 8.676576169448989e-24
124.80152563256324 8.694897710969683e-24
124.90050759075906 8.713176163509038e-24
124.99948954895488 8.731411616482603e-24
125.0984715071507 8.749604159167628e-24
125.19745346534653 8.767753880702689e-24
125.29643542354235 8.785860870087584e-24
125.39541738173817 8.803925216182891e-24
125.49439933993398 8.821947007709718e-24
125.5933812981298 8.839926333249645e-24
125.69236325632562 8.857863281244152e-24
125.79134521452144 8.875757939994647e-24
125.89032717271726 8.893610397662017e-24
125.98930913091309 8.911420742266534e-24
126.0882910891089 8.929189061687535e-24
126.18727304730471 8.94691544366322e-24
126.28625500550054 8.964599975790446e-24
126.38523696369636 8.982242745524488e-24
126.48421892189218 8.999843840178802e-24
126.583200880088 9.017403346924894e-24
126.68218283828382 9.034921352792006e-24
126.78116479647964 9.05239794466704e-24
126.88014675467545 9.069833209294286e-24
126.97912871287127 9.08722723327526e-24
127.0781106710671 9.104580103068482e-24
127.17709262926292 9.121891904989375e-24
127.27607458745874 9.139162725210083e-24
127.37505654565456 9.156392649759169e-24
127.47403850385038 9.173581764521623e-24
127.5730204620462 9.190730155238651e-24
127.67200242024201 9.20783790750747e-24
127.77098437843783 9.224905106781183e-24
127.86996633663365 9.24193183836867e-24
127.96894829482947 9.258918187434415e-24
128.0679302530253 9.275864238998411e-24
128.16691221122113 9.292770077935903e-24
128.26589416941695 9.309635788977445e-24
128.36487612761275 9.326461456708666e-24
128.46385808580857 9.343247165570104e-24
128.5628400440044 9.359992999857279e-24
128.6618220022002 9.376699043720356e-24
128.76080396039603 9.393365381164192e-24
128.85978591859185 9.409992096048215e-24
128.95876787678768 9.42657927208623e-24
129.0577498349835 9.443126992846433e-24
129.15673179317932 9.459635341751312e-24
129.25571375137514 9.476104402077482e-24
129.35469570957096 9.49253425695571e-24
129.45367766776678 9.508924989370713e-24
129.5526596259626 9.525276682161211e-24
129.65164158415843 9.541589418019764e-24
129.75062354235422 9.557863279492764e-24
129.84960550055004 9.574098348980301e-24
129.94858745874586 9.590294708736224e-24
130.04756941694168 9.606452440867925e-24
130.1465513751375 9.622571627336464e-24
130.24553333333333 9.638652349956331e-24
130.34451529152915 9.654694690395603e-24
130.44349724972497 9.67069873017572e-24
130.5424792079208 9.686664550671553e-24
130.6414611661166 9.702592233111369e-24
130.74044312431243 9.718481858576723e-24
130.83942508250826 9.7343335080025e-24
130.93840704070408 9.750147262176891e-24
131.0373889988999 9.76592320174132e-24
131.1363709570957 9.781661407190497e-24
131.23535291529151 9.797361958872321e-24
131.33433487348734 9.81302493698794e-24
131.43331683168316 9.828650421591658e-24
131.53229878987898 9.844238492591081e-24
131.6312807480748 9.859789229746922e-24
131.73026270627062 9.875302712673148e-24
131.82924466446644 9.8907790208369e-24
131.92822662266227 9.906218233558581e-24
132.0272085808581 9.921620430011762e-24
132.1261905390539 9.936985689223275e-24
132.22517249724973 9.952314090073178e-24
132.32415445544555 9.967605711294832e-24
132.42313641364137 9.982860631474859e-24
132.5221183718372 9.998078929053193e-24
132.621100330033 1.0013260682323104e-23
132.7200822882288 1.002840596943123e-23
132.81906424642463 1.0043514868377631e-23
132.91804620462045 1.005858745701575e-23
133.01702816281627 1.0073623813052543e-23
133.1160101210121 1.0088624014048444e-23
133.21499207920792 1.0103588137417415e-23
133.31397403740374 1.0118516260427114e-23
133.41295599559956 1.0133408460198717e-23
133.51193795379538 1.0148264813707147e-23
133.6109199119912 1.0163085397781069e-23
133.70990187018702 1.0177870289102944e-23
133.80888382838285 1.0192619564209097e-23
133.90786578657867 1.0207333299489735e-23
134.00684774477446 1.0222011571189063e-23
134.10582970297028 1.0236654455405312e-23
134.2048116611661 1.0251262028090834e-23
134.30379361936193 1.026583436505213e-23
134.40277557755775 1.0280371541949967e-23
134.50175753575357 1.0294873634299411e-23
134.6007394939494 1.0309340717469943e-23
134.6997214521452 1.0323772866685451e-23
134.79870341034103 1.0338170157024455e-23
134.89768536853686 1.0352532663420052e-23
134.99666732673268 1.0366860460660042e-23
135.0956492849285 1.0381153623387082e-23
135.19463124312432 1.039541222609863e-23
135.29361320132014 1.0409636343147201e-23
135.39259515951593 1.0423826048740307e-23
135.49157711771176 1.0437981416940658e-23
135.59055907590758 1.0452102521666244e-23
135.6895410341034 1.0466189436690334e-23
135.78852299229922 1.0480242235641715e-23
135.88750495049504 1.0494260992004718e-23
135.98648690869086 1.0508245779119293e-23
136.08546886688669 1.0522196670181197e-23
136.1844508250825 1.0536113738242003e-23
136.28343278327833 1.054999705620934e-23
136.38241474147415 1.056384669684681e-23
136.48139669966997 1.0577662732774357e-23
136.5803786578658 1.0591445236468108e-23
136.67936061606162 1.0605194280260693e-23
136.77834257425744 1.0618909936341254e-23
136.87732453245323 1.06325922767556e-23
136.97630649064905 1.064624137340636e-23
137.07528844884487 1.0659857298053025e-23
137.1742704070407 1.067344012231214e-23
137.27325236523652 1.0686989917657393e-23
137.37223432343234 1.0700506755419782e-23
137.47121628162816 1.0713990706787666e-23
137.57019823982398 1.0727441842806983e-23
137.6691801980198 1.074086023438135e-23
137.76816215621562 1.0754245952272148e-23
137.86714411441145 1.0767599067098735e-23
137.96612607260727 1.0780919649338523e-23
138.0651080308031 1.0794207769327149e-23
138.1640899889989 1.0807463497258607e-23
138.2630719471947 1.0820686903185341e-23
138.36205390539055 1.0833878057018495e-23
138.46103586358637 1.0847037028527905e-23
138.5600178217822 1.0860163887342409e-23
138.658999779978 1.0873258702949856e-23
138.7579817381738 1.0886321544697333e-23
138.85696369636963 1.0899352481791246e-23
138.95594565456545 1.0912351583297601e-23
139.05492761276128 1.0925318918141949e-23
139.1539095709571 1.0938254555109713e-23
139.25289152915292 1.095115856284629e-23
139.35187348734874 1.0964031009857167e-23
139.45085544554456 1.0976871964508124e-23
139.54983740374038 1.0989681495025367e-23
139.6488193619362 1.1002459669495675e-23
139.74780132013203 1.1015206555866588e-23
139.84678327832785 1.1027922221946552e-23
139.94576523652367 1.1040606735405087e-23
140.04474719471946 1.1053260163772955e-23
140.14372915291528 1.1065882574442265e-23
140.2427111111111 1.1078474034666737e-23
140.34169306930693 1.1091034611561782e-23
140.44067502750275 1.1103564372104698e-23
140.53965698569857 1.1116063383134897e-23
140.6386389438944 1.1128531711353954e-23
140.7376209020902 1.1140969423325859e-23
140.83660286028604 1.115337658547717e-23
140.93558481848186 1.1165753264097183e-23
141.03456677667768 1.1178099525338138e-23
141.1335487348735 1.119041543521528e-23
141.23253069306932 1.1202701059607193e-23
141.33151265126514 1.1214956464255855e-23
141.43049460946094 1.122718171476685e-23
141.52947656765676 1.1239376876609566e-23
141.62845852585258 1.1251542015117347e-23
141.7274404840484 1.1263677195487695e-23
141.82642244224422 1.1275782482782394e-23
141.92540440044004 1.1287857941927778e-23
142.02438635863587 1.1299903637714827e-23
142.1233683168317 1.1311919634799427e-23
142.2223502750275 1.1323905997702474e-23
142.32133223322333 1.1335862790810124e-23
142.42031419141915 1.1347790078373925e-23
142.51929614961497 1.1359687924511075e-23
142.6182781078108 1.1371556393204508e-23
142.71726006600662 1.1383395548303141e-23
142.81624202420244 1.1395205453522083e-23
142.91522398239823 1.1406986172442762e-23
143.01420594059405 1.1418737768513171e-23
143.11318789878987 1.1430460305048027e-23
143.2121698569857 1.1442153845228947e-23
143.31115181518152 1.1453818452104658e-23
143.41013377337734 1.1465454188591213e-23
143.50911573157316 1.1477061117472122e-23
143.60809768976898 1.1488639301398634e-23
143.7070796479648 1.1500188802889807e-23
143.80606160616063 1.151170968433284e-23
143.90504356435645 1.1523202007983167e-23
144.00402552255227 1.1534665835964668e-23
144.1030074807481 1.15461012302699e-23
144.2019894389439 1.155750825276031e-23
144.3009713971397 1.1568886965166332e-23
144.39995335533553 1.1580237429087673e-23
144.49893531353135 1.1591559705993526e-23
144.59791727172717 1.1602853857222659e-23
144.696899229923 1.1614119943983739e-23
144.7958811881188 1.1625358027355458e-23
144.89486314631463 1.1636568168286763e-23
144.99384510451046 1.1647750427597035e-23
145.09282706270628 1.1658904865976298e-23
145.1918090209021 1.1670031543985412e-23
145.29079097909792 1.1681130522056334e-23
145.38977293729374 1.169220186049221e-23
145.48875489548956 1.1703245619467692e-23
145.58773685368539 1.171426185902906e-23
145.68671881188118 1.1725250639094456e-23
145.785700770077 1.1736212019454105e-23
145.88468272827282 1.1747146059770496e-23
145.98366468646864 1.1758052819578576e-23
146.08264664466446 1.1768932358285993e-23
146.1816286028603 1.1779784735173261e-23
146.2806105610561 1.1790610009394012e-23
146.37959251925193 1.1801408239975142e-23
146.47857447744775 1.1812179485817097e-23
146.57755643564357 1.1822923805693984e-23
146.6765383938394 1.18336412582539e-23
146.77552035203522 1.1844331902018986e-23
146.87450231023104 1.185499579538576e-23
146.97348426842686 1.1865632996625312e-23
147.07246622662268 1.187624356388342e-23
147.17144818481847 1.1886827555180899e-23
147.2704301430143 1.1897385028413675e-23
147.36941210121012 1.19079160413531e-23
147.46839405940594 1.1918420651646069e-23
147.56737601760176 1.1928898916815302e-23
147.66635797579758 1.1939350894259575e-23
147.7653399339934 1.194977664125383e-23
147.86432189218922 1.1960176214949439e-23
147.96330385038505 1.1970549672374467e-23
148.06228580858087 1.1980897070433797e-23
148.1612677667767 1.1991218465909407e-23
148.2602497249725 1.2001513915460513e-23
148.35923168316833 1.2011783475623905e-23
148.45821364136415 1.2022027202813972e-23
148.55719559955995 1.203224515332309e-23
148.65617755775577 1.2042437383321784e-23
148.7551595159516 1.205260394885885e-23
148.8541414741474 1.2062744905861702e-23
148.95312343234323 1.2072860310136502e-23
149.05210539053905 1.2082950217368406e-23
149.15108734873488 1.2093014683121738e-23
149.2500693069307 1.2103053762840259e-23
149.34905126512652 1.211306751184737e-23
149.44803322332234 1.2123055985346273e-23
149.54701518151816 1.2133019238420231e-23
149.64599713971398 1.214295732603283e-23
149.7449790979098 1.2152870303028057e-23
149.84396105610563 1.2162758224130665e-23
149.94294301430142 1.2172621143946278e-23
150.04192497249724 1.2182459116961655e-23
150.14090693069306 1.2192272197544912e-23
150.23988888888888 1.2202060439945718e-23
150.3388708470847 1.221182389829551e-23
150.43785280528053 1.2221562626607695e-23
150.53683476347635 1.2231276678777938e-23
150.63581672167217 1.224096610858426e-23
150.734798679868 1.2250630969687356e-23
150.8337806380638 1.2260271315630773e-23
150.93276259625964 1.2269887199841084e-23
151.03174455445546 1.2279478675628202e-23
151.13072651265128 1.2289045796185492e-23
151.2297084708471 1.2298588614590045e-23
151.32869042904292 1.2308107183802899e-23
151.42767238723872 1.2317601556669209e-23
151.52665434543454 1.2327071785918517e-23
151.62563630363036 1.2336517924164938e-23
151.72461826182618 1.2345940023907345e-23
151.823600220022 1.2355338137529689e-23
151.92258217821782 1.2364712317301088e-23
152.02156413641364 1.2374062615376119e-23
152.12054609460947 1.2383389083795016e-23
152.2195280528053 1.2392691774483906e-23
152.3185100110011 1.2401970739255005e-23
152.41749196919693 1.2411226029806783e-23
152.51647392739275 1.2420457697724271e-23
152.61545588558857 1.2429665794479286e-23
152.7144378437844 1.2438850371430514e-23
152.8134198019802 1.2448011479823834e-23
152.912401760176 1.245714917079257e-23
153.01138371837183 1.2466263495357598e-23
153.11036567656765 1.2475354504427569e-23
153.20934763476347 1.248442224879928e-23
153.3083295929593 1.2493466779157682e-23
153.40731155115512 1.2502488146076235e-23
153.50629350935094 1.2511486400017057e-23
153.60527546754676 1.2520461591331203e-23
153.70425742574258 1.252941377025881e-23
153.8032393839384 1.2538342986929328e-23
153.90222134213423 1.2547249291361786e-23
154.00120330033005 1.2556132733464957e-23
154.10018525852587 1.2564993363037605e-23
154.19916721672166 1.2573831229768636e-23
154.29814917491748 1.2582646383237405e-23
154.3971311331133 1.2591438872913898e-23
154.49611309130913 1.2600208748158881e-23
154.59509504950495 1.2608956058224216e-23
154.69407700770077 1.2617680852252999e-23
154.7930589658966 1.2626383179279855e-23
154.8920409240924 1.2635063088231044e-23
154.99102288228823 1.2643720627924782e-23
155.09000484048406 1.2652355847071362e-23
155.18898679867988 1.266096879427344e-23
155.2879687568757 1.2669559518026235e-23
155.38695071507152 1.2678128066717697e-23
155.48593267326734 1.2686674488628813e-23
155.58491463146314 1.269519883193369e-23
155.68389658965896 1.270370114469989e-23
155.78287854785478 1.2712181474888573e-23
155.8818605060506 1.272063987035475e-23
155.98084246424642 1.2729076378847474e-23
156.07982442244224 1.2737491048010048e-23
156.17880638063806 1.2745883925380247e-23
156.2777883388339 1.275425505839055e-23
156.3767702970297 1.2762604494368316e-23
156.47575225522553 1.277093228053602e-23
156.57473421342135 1.2779238464011465e-23
156.67371617161717 1.2787523091807981e-23
156.772698129813 1.2795786210834646e-23
156.87168008800882 1.2804027867896493e-23
156.97066204620464 1.2812248109694748e-23
157.06964400440043 1.2820446982827e-23
157.16862596259625 1.282862453378743e-23
157.26760792079207 1.2836780808967034e-23
157.3665898789879 1.2844915854653815e-23
157.46557183718372 1.2853029717033e-23
157.56455379537954 1.286112244218727e-23
157.66353575357536 1.2869194076096935e-23
157.76251771177118 1.2877244664640194e-23
157.861499669967 1.288527425359325e-23
157.96048162816282 1.2893282888630655e-23
158.05946358635865 1.2901270615325398e-23
158.15844554455447 1.2909237479149211e-23
158.2574275027503 1.2917183525472689e-23
158.3564094609461 1.292510879956557e-23
158.4553914191419 1.2933013346596878e-23
158.55437337733773 1.2940897211635237e-23
158.65335533553355 1.2948760439648955e-23
158.75233729372937 1.2956603075506309e-23
158.8513192519252 1.2964425163975735e-23
158.950301210121 1.2972226749726036e-23
159.04928316831683 1.2980007877326579e-23
159.14826512651265 1.2987768591247528e-23
159.24724708470848 1.2995508935860001e-23
159.3462290429043 1.3003228955436377e-23
159.44521100110012 1.3010928694150367e-23
159.54419295929594 1.3018608196077314e-23
159.64317491749176 1.3026267505194391e-23
159.74215687568758 1.3033906665380774e-23
159.84113883388338 1.3041525720417877e-23
159.9401207920792 1.3049124713989535e-23
160.03910275027502 1.3056703689682246e-23
160.13808470847084 1.3064262690985299e-23
160.23706666666666 1.3071801761291089e-23
160.33604862486249 1.3079320943895219e-23
160.4350305830583 1.3086820281996769e-23
160.53401254125413 1.3094299818698481e-23
160.63299449944995 1.3101759597006961e-23
160.73197645764577 1.310919965983287e-23
160.8309584158416 1.3116620049991163e-23
160.92994037403741 1.3124020810201246e-23
161.02892233223324 1.3131401983087213e-23
161.12790429042906 1.3138763611178052e-23
161.22688624862488 1.3146105736907823e-23
161.32586820682067 1.3153428402615854e-23
161.4248501650165 1.3160731650546999e-23
161.52383212321232 1.3168015522851762e-23
161.62281408140814 1.3175280061586564e-23
161.72179603960396 1.3182525308713897e-23
161.82077799779978 1.3189751306102574e-23
161.9197599559956 1.3196958095527863e-23
162.01874191419142 1.3204145718671764e-23
162.11772387238724 1.3211314217123136e-23
162.21670583058307 1.3218463632377958e-23
162.3156877887789 1.3225594005839492e-23
162.4146697469747 1.3232705378818489e-23
162.51365170517053 1.3239797792533384e-23
162.61263366336635 1.324687128811052e-23
162.71161562156215 1.3253925906584318e-23
162.81059757975797 1.3260961688897488e-23
162.9095795379538 1.326797867590123e-23
163.0085614961496 1.3274976908355407e-23
163.10754345434543 1.3281956426928792e-23
163.20652541254125 1.3288917272199197e-23
163.30550737073708 1.3295859484653747e-23
163.4044893289329 1.330278310468901e-23
163.50347128712872 1.330968817261121e-23
163.60245324532454 1.3316574728636485e-23
163.70143520352036 1.3323442812890963e-23
163.80041716171618 1.3330292465411084e-23
163.899399119912 1.3337123726143696e-23
163.99838107810783 1.3343936634946312e-23
164.09736303630362 1.335073123158727e-23
164.19634499449944 1.3357507555745955e-23
164.29532695269526 1.3364265647012957e-23
164.39430891089108 1.3371005544890318e-23
164.4932908690869 1.3377727288791645e-23
164.59227282728273 1.3384430918042394e-23
164.69125478547855 1.3391116471879988e-23
164.79023674367437 1.339778398945409e-23
164.8892187018702 1.340443350982667e-23
164.988200660066 1.3411065071972346e-23
165.08718261826183 1.3417678714778463e-23
165.18616457645766 1.3424274477045344e-23
165.28514653465348 1.3430852397486414e-23
165.3841284928493 1.3437412514728533e-23
165.48311045104512 1.3443954867311995e-23
165.58209240924091 1.3450479493690855e-23
165.68107436743674 1.3456986432233084e-23
165.78005632563256 1.346347572122074e-23
165.87903828382838 1.3469947398850178e-23
165.9780202420242 1.3476401503232217e-23
166.07700220022002 1.348283807239236e-23
166.17598415841584 1.3489257144270953e-23
166.27496611661167 1.3495658756723388e-23
166.3739480748075 1.3502042947520282e-23
166.4729300330033 1.3508409754347687e-23
166.57191199119913 1.3514759214807227e-23
166.67089394939495 1.3521091366416357e-23
166.76987590759077 1.3527406246608463e-23
166.8688578657866 1.353370389273314e-23
166.9678398239824 1.3539984342056316e-23
167.0668217821782 1.354624763176044e-23
167.16580374037403 1.3552493798944695e-23
167.26478569856985 1.3558722880625176e-23
167.36376765676567 1.3564934913735038e-23
167.4627496149615 1.3571129935124756e-23
167.56173157315732 1.357730798156221e-23
167.66071353135314 1.358346908973296e-23
167.75969548954896 1.3589613296240383e-23
167.85867744774478 1.3595740637605854e-23
167.9576594059406 1.3601851150268965e-23
168.05664136413642 1.3607944870587617e-23
168.15562332233225 1.3614021834838346e-23
168.25460528052807 1.3620082079216366e-23
168.35358723872386 1.362612563983583e-23
168.45256919691968 1.363215255273e-23
168.5515511551155 1.3638162853851417e-23
168.65053311331133 1.3644156579072065e-23
168.74951507150715 1.3650133764183548e-23
168.84849702970297 1.3656094444897354e-23
168.9474789878988 1.3662038656844928e-23
169.0464609460946 1.366796643557788e-23
169.14544290429043 1.3673877816568232e-23
169.24442486248626 1.3679772835208487e-23
169.34340682068208 1.3685651526811886e-23
169.4423887788779 1.3691513926612566e-23
169.54137073707372 1.369736006976573e-23
169.64035269526954 1.370318999134781e-23
169.73933465346536 1.3709003726356717e-23
169.83831661166116 1.3714801309711885e-23
169.93729856985698 1.37205827762546e-23
170.0362805280528 1.372634816074804e-23
170.13526248624862 1.373209749787755e-23
170.23424444444444 1.3737830822250763e-23
170.33322640264026 1.3743548168397803e-23
170.43220836083609 1.374924957077144e-23
170.5311903190319 1.3754935063747265e-23
170.63017227722773 1.3760604681623884e-23
170.72915423542355 1.3766258458623072e-23
170.82813619361937 1.377189642888996e-23
170.9271181518152 1.377751862649319e-23
171.02610011001101 1.3783125085425102e-23
171.12508206820684 1.378871583960192e-23
171.22406402640263 1.3794290922863884e-23
171.32304598459845 1.379985036897547e-23
171.42202794279427 1.3805394211625522e-23
171.5210099009901 1.3810922484427416e-23
171.61999185918592 1.3816435220919304e-23
171.71897381738174 1.3821932454564198e-23
171.81795577557756 1.382741421875018e-23
171.91693773377338 1.3832880546790568e-23
172.0159196919692 1.3838331471924097e-23
172.11490165016502 1.3843767027315064e-23
172.21388360836085 1.384918724605351e-23
172.31286556655667 1.3854592161155383e-23
172.4118475247525 1.385998180556273e-23
172.5108294829483 1.386535621214383e-23
172.6098114411441 1.3870715413693382e-23
172.70879339933992 1.3876059442932644e-23
172.80777535753575 1.3881388332509668e-23
172.90675731573157 1.3886702114999388e-23
173.0057392739274 1.3892000822903847e-23
173.1047212321232 1.3897284488652295e-23
173.20370319031903 1.3902553144601434e-23
173.30268514851485 1.3907806823035537e-23
173.40166710671068 1.3913045556166617e-23
173.5006490649065 1.391826937613458e-23
173.59963102310232 1.3923478315007432e-23
173.69861298129814 1.3928672404781395e-23
173.79759493949396 1.3933851677381108e-23
173.89657689768978 1.393901616465976e-23
173.9955588558856 1.3944165898399282e-23
174.0945408140814 1.3949300910310484e-23
174.19352277227722 1.395442123203323e-23
174.29250473047304 1.3959526895136593e-23
174.39148668866886 1.396461793111903e-23
174.49046864686468 1.3969694371408538e-23
174.5894506050605 1.3974756247362808e-23
174.68843256325633 1.3979803590269377e-23
174.78741452145215 1.3984836431345835e-23
174.88639647964797 1.3989854801739928e-23
174.9853784378438 1.3994858732529726e-23
175.0843603960396 1.3999848254723832e-23
175.18334235423544 1.400482339926149e-23
175.28232431243126 1.400978419701277e-23
175.38130627062708 1.4014730678778698e-23
175.48028822882287 1.4019662875291452e-23
175.5792701870187 1.4024580817214504e-23
175.67825214521451 1.4029484535142753e-23
175.77723410341034 1.403437405960273e-23
175.87621606160616 1.4039249421052712e-23
175.97519801980198 1.4044110649882913e-23
176.0741799779978 1.404895777641561e-23
176.17316193619362 1.405379083090529e-23
176.27214389438944 1.4058609843538873e-23
176.37112585258527 1.406341484443581e-23
176.4701078107811 1.4068205863648224e-23
176.5690897689769 1.4072982931161116e-23
176.66807172717273 1.4077746076892486e-23
176.76705368536855 1.4082495330693482e-23
176.86603564356435 1.4087230722348593e-23
176.96501760176017 1.4091952281575752e-23
177.063999559956 1.4096660038026533e-23
177.1629815181518 1.4101354021286262e-23
177.26196347634763 1.410603426087422e-23
177.36094543454345 1.4110700786243734e-23
177.45992739273927 1.4115353626782376e-23
177.5589093509351 1.4119992811812116e-23
177.65789130913092 1.4124618370589438e-23
177.75687326732674 1.4129230332305496e-23
177.85585522552256 1.4133828726086316e-23
177.95483718371838 1.4138413580992863e-23
178.0538191419142 1.4142984926021277e-23
178.15280110011003 1.4147542790102972e-23
178.25178305830585 1.4152087202104785e-23
178.35076501650164 1.4156618190829124e-23
178.44974697469746 1.4161135785014153e-23
178.54872893289328 1.41656400133339e-23
178.6477108910891 1.4170130904398415e-23
178.74669284928493 1.4174608486753962e-23
178.84567480748075 1.4179072788883067e-23
178.94465676567657 1.418352383920477e-23
179.0436387238724 1.4187961666074696e-23
179.1426206820682 1.4192386297785262e-23
179.24160264026403 1.4196797762565777e-23
179.34058459845986 1.4201196088582596e-23
179.43956655665568 1.4205581303939293e-23
179.5385485148515 1.4209953436676778e-23
179.63753047304732 1.4214312514773445e-23
179.7365124312431 1.4218658566145333e-23
179.83549438943894 1.4222991618646236e-23
179.93447634763476 1.4227311700067915e-23
180.03345830583058 1.4231618838140155e-23
180.1324402640264 1.423591306053096e-23
180.23142222222222 1.424019439484671e-23
180.33040418041804 1.424446286863224e-23
180.42938613861386 1.424871850937107e-23
180.5283680968097 1.4252961344485434e-23
180.6273500550055 1.4257191401336583e-23
180.72633201320133 1.4261408707224723e-23
180.82531397139715 1.4265613289389363e-23
180.92429592959297 1.4269805175009256e-23
181.0232778877888 1.427398439120274e-23
181.1222598459846 1.4278150965027705e-23
181.2212418041804 1.4282304923481868e-23
181.32022376237623 1.4286446293502764e-23
181.41920572057205 1.429057510196808e-23
181.51818767876787 1.4294691375695595e-23
181.6171696369637 1.429879514144347e-23
181.71615159515952 1.4302886425910295e-23
181.81513355335534 1.430696525573527e-23
181.91411551155116 1.4311031657498322e-23
182.01309746974698 1.431508565772028e-23
182.1120794279428 1.4319127282862935e-23
182.21106138613862 1.4323156559329287e-23
182.31004334433445 1.4327173513463565e-23
182.40902530253027 1.4331178171551434e-23
182.5080072607261 1.4335170559820167e-23
182.60698921892188 1.4339150704438656e-23
182.7059711771177 1.4343118631517654e-23
182.80495313531353 1.4347074367109885e-23
182.90393509350935 1.435101793721017e-23
183.00291705170517 1.4354949367755516e-23
183.101899009901 1.435886868462539e-23
183.2008809680968 1.4362775913641667e-23
183.29986292629263 1.4366671080568906e-23
183.39884488448845 1.4370554211114425e-23
183.49782684268428 1.437442533092844e-23
183.5968088008801 1.43782844656042e-23
183.69579075907592 1.438213164067811e-23
183.79477271727174 1.43859668816299e-23
183.89375467546756 1.43897902138827e-23
183.99273663366336 1.4393601662803216e-23
184.09171859185918 1.4397401253701846e-23
184.190700550055 1.4401189011832803e-23
184.28968250825082 1.4404964962394286e-23
184.38866446644664 1.4408729130528516e-23
184.48764642464246 1.4412481541321995e-23
184.58662838283828 1.4416222219805517e-23
184.6856103410341 1.441995119095439e-23
184.78459229922993 1.442366847968851e-23
184.88357425742575 1.4427374110872502e-23
184.98255621562157 1.4431068109315845e-23
185.0815381738174 1.4434750499773018e-23
185.1805201320132 1.443842130694361e-23
185.27950209020904 1.4442080555472468e-23
185.37848404840483 1.4445728269949805e-23
185.47746600660065 1.4449364474911302e-23
185.57644796479647 1.4452989194838328e-23
185.6754299229923 1.445660245415795e-23
185.77441188118812 1.446020427724314e-23
185.87339383938394 1.446379468841288e-23
185.97237579757976 1.4467373711932264e-23
186.07135775577558 1.4470941372012655e-23
186.1703397139714 1.4474497692811788e-23
186.26932167216722 1.4478042698433917e-23
186.36830363036304 1.4481576412929917e-23
186.46728558855887 1.4485098860297428e-23
186.5662675467547 1.4488610064480966e-23
186.6652495049505 1.4492110049372037e-23
186.76423146314633 1.4495598838809307e-23
186.86321342134212 1.449907645657864e-23
186.96219537953795 1.4502542926413326e-23
187.06117733773377 1.4505998271994122e-23
187.1601592959296 1.4509442516949395e-23
187.2591412541254 1.451287568485528e-23
187.35812321232123 1.4516297799235756e-23
187.45710517051705 1.451970888356279e-23
187.55608712871287 1.4523108961256436e-23
187.6550690869087 1.4526498055685008e-23
187.75405104510452 1.4529876190165135e-23
187.85303300330034 1.4533243387961944e-23
187.95201496149616 1.4536599672289105e-23
188.05099691969198 1.4539945066309032e-23
188.1499788778878 1.4543279593132944e-23
188.2489608360836 1.4546603275821024e-23
188.34794279427942 1.4549916137382513e-23
188.44692475247524 1.4553218200775813e-23
188.54590671067106 1.4556509488908657e-23
188.64488866886688 1.4559790024638198e-23
188.7438706270627 1.456305983077109e-23
188.84285258525853 1.456631893006369e-23
188.94183454345435 1.4569567345222115e-23
189.04081650165017 1.4572805098902337e-23
189.139798459846 1.4576032213710382e-23
189.2387804180418 1.4579248712202378e-23
189.33776237623763 1.4582454616884678e-23
189.43674433443346 1.4585649950214038e-23
189.53572629262928 1.4588834734597625e-23
189.63470825082507 1.4592008992393246e-23
189.7336902090209 1.459517274590937e-23
189.8326721672167 1.4598326017405328e-23
189.93165412541254 1.4601468829091328e-23
190.03063608360836 1.4604601203128672e-23
190.12961804180418 1.4607723161629806e-23
190.2286 1.4610834726658446e-23
190.32758195819582 1.4613935920229696e-23
190.42656391639164 1.4617026764310167e-23
190.52554587458746 1.4620107280818095e-23
190.6245278327833 1.462317749162343e-23
190.7235097909791 1.4626237418547955e-23
190.82249174917493 1.462928708336544e-23
190.92147370737075 1.4632326507801655e-23
191.02045566556657 1.4635355713534636e-23
191.11943762376237 1.4638374722194628e-23
191.2184195819582 1.4641383555364326e-23
191.317401540154 1.4644382234578894e-23
191.41638349834983 1.4647370781326176e-23
191.51536545654565 1.4650349217046698e-23
191.61434741474147 1.4653317563133822e-23
191.7133293729373 1.4656275840933902e-23
191.81231133113312 1.4659224071746344e-23
191.91129328932894 1.4662162276823704e-23
192.01027524752476 1.466509047737184e-23
192.10925720572058 1.4668008694549983e-23
192.2082391639164 1.4670916949470862e-23
192.30722112211222 1.467381526320085e-23
192.40620308030805 1.467670365675999e-23
192.50518503850384 1.467958215112216e-23
192.60416699669966 1.4682450767215188e-23
192.70314895489548 1.468530952592093e-23
192.8021309130913 1.4688158448075367e-23
192.90111287128713 1.4690997554468753e-23
193.00009482948295 1.4693826865845718e-23
193.09907678767877 1.4696646402905316e-23
193.1980587458746 1.4699456186301198e-23
193.2970407040704 1.4702256236641698e-23
193.39602266226623 1.4705046574489928e-23
193.49500462046205 1.470782722036387e-23
193.59398657865788 1.4710598194736533e-23
193.6929685368537 1.4713359518035993e-23
193.79195049504952 1.4716111210645565e-23
193.8909324532453 1.471885329290384e-23
193.98991441144113 1.4721585785104837e-23
194.08889636963696 1.4724308707498092e-23
194.18787832783278 1.472702208028875e-23
194.2868602860286 1.4729725923637697e-23
194.38584224422442 1.4732420257661646e-23
194.48482420242024 1.473510510243321e-23
194.58380616061606 1.473778047798108e-23
194.68278811881189 1.474044640429004e-23
194.7817700770077 1.474310290130114e-23
194.88075203520353 1.4745749988911764e-23
194.97973399339935 1.4748387686975732e-23
195.07871595159517 1.47510160153034e-23
195.177697909791 1.4753634993661785e-23
195.2766798679868 1.4756244641774648e-23
195.3756618261826 1.475884497932257e-23
195.47464378437843 1.4761436025943122e-23
195.57362574257425 1.4764017801230882e-23
195.67260770077007 1.4766590324737603e-23
195.7715896589659 1.4769153615972273e-23
195.87057161716172 1.477170769440123e-23
195.96955357535754 1.477425257944824e-23
196.06853553355336 1.4776788290494657e-23
196.16751749174918 1.4779314846879443e-23
196.266499449945 1.4781832267899307e-23
196.36548140814082 1.478434057280882e-23
196.46446336633664 1.4786839780820457e-23
196.56344532453247 1.4789329911104777e-23
196.6624272827283 1.4791810982790434e-23
196.76140924092408 1.4794283014964345e-23
196.8603911991199 1.479674602667173e-23
196.95937315731572 1.4799200036916266e-23
197.05835511551155 1.480164506466012e-23
197.15733707370737 1.4804081128824114e-23
197.2563190319032 1.4806508248287777e-23
197.355300990099 1.4808926441889422e-23
197.45428294829483 1.4811335728426313e-23
197.55326490649065 1.4813736126654702e-23
197.65224686468648 1.481612765528994e-23
197.7512288228823 1.4818510333006577e-23
197.85021078107812 1.4820884178438452e-23
197.94919273927394 1.4823249210178774e-23
198.04817469746976 1.482560544678027e-23
198.14715665566555 1.48279529067552e-23
198.24613861386138 1.483029160857554e-23
198.3451205720572 1.4832621570672975e-23
198.44410253025302 1.483494281143909e-23
198.54308448844884 1.4837255349225372e-23
198.64206644664466 1.4839559202343415e-23
198.74104840484048 1.4841854389064893e-23
198.8400303630363 1.4844140927621744e-23
198.93901232123213 1.4846418836206193e-23
199.03799427942795 1.4848688132970913e-23
199.13697623762377 1.4850948836029067e-23
199.2359581958196 1.4853200963454412e-23
199.3349401540154 1.4855444533281398e-23
199.43392211221123 1.4857679563505255e-23
199.53290407040703 1.4859906072082098e-23
199.63188602860285 1.4862124076928977e-23
199.73086798679867 1.4864333595924023e-23
199.8298499449945 1.4866534646906482e-23
199.92883190319031 1.486872724767688e-23
200.02781386138614 1.4870911415997016e-23
200.12679581958196 1.4873087169590116e-23
200.22577777777778 1.4875254526140958e-23
200.3247597359736 1.4877413503295865e-23
200.42374169416942 1.487956411866284e-23
200.52272365236524 1.4881706389811687e-23
200.62170561056107 1.488384033427405e-23
200.7206875687569 1.488596596954354e-23
200.8196695269527 1.4888083313075784e-23
200.91865148514853 1.4890192382288555e-23
201.01763344334432 1.489229319456184e-23
201.11661540154014 1.489438576723791e-23
201.21559735973597 1.4896470117621448e-23
201.3145793179318 1.4898546262979592e-23
201.4135612761276 1.4900614220542052e-23
201.51254323432343 1.4902674007501215e-23
201.61152519251925 1.4904725641012167e-23
201.71050715071507 1.4906769138192844e-23
201.8094891089109 1.490880451612406e-23
201.90847106710672 1.4910831791849677e-23
202.00745302530254 1.4912850982376592e-23
202.10643498349836 1.4914862104674918e-23
202.20541694169418 1.4916865175677964e-23
202.30439889989 1.491886021228244e-23
202.4033808580858 1.4920847231348417e-23
202.50236281628162 1.4922826249699543e-23
202.60134477447744 1.4924797284123004e-23
202.70032673267326 1.4926760351369698e-23
202.79930869086908 1.4928715468154256e-23
202.8982906490649 1.4930662651155195e-23
202.99727260726073 1.493260191701492e-23
203.09625456545655 1.4934533282339884e-23
203.19523652365237 1.4936456763700633e-23
203.2942184818482 1.4938372377631873e-23
203.393200440044 1.4940280140632593e-23
203.49218239823983 1.4942180069166134e-23
203.59116435643566 1.4944072179660242e-23
203.69014631463148 1.4945956488507185e-23
203.78912827282727 1.4947833012063857e-23
203.8881102310231 1.4949701766651777e-23
203.9870921892189 1.4951562768557263e-23
204.08607414741473 1.495341603403145e-23
204.18505610561056 1.49552615792904e-23
204.28403806380638 1.4957099420515184e-23
204.3830200220022 1.495892957385195e-23
204.48200198019802 1.4960752055412025e-23
204.58098393839384 1.4962566881271942e-23
204.67996589658966 1.4964374067473627e-23
204.77894785478549 1.4966173630024358e-23
204.8779298129813 1.4967965584896893e-23
204.97691177117713 1.4969749948029615e-23
205.07589372937295 1.497152673532649e-23
205.17487568756877 1.4973295962657247e-23
205.27385764576456 1.4975057645857404e-23
205.3728396039604 1.4976811800728378e-23
205.4718215621562 1.497855844303752e-23
205.57080352035203 1.498029758851826e-23
205.66978547854785 1.498202925287013e-23
205.76876743674367 1.4983753451758846e-23
205.8677493949395 1.4985470200816436e-23
205.96673135313532 1.4987179515641257e-23
206.06571331133114 1.4988881411798102e-23
206.16469526952696 1.4990575904818277e-23
206.26367722772278 1.4992263010199677e-23
206.3626591859186 1.499394274340687e-23
206.46164114411442 1.4995615119871137e-23
206.56062310231025 1.4997280154990626e-23
206.65960506050604 1.4998937864130324e-23
206.75858701870186 1.5000588262622258e-23
206.85756897689768 1.5002231365765445e-23
206.9565509350935 1.500386718882604e-23
207.05553289328932 1.5005495747037426e-23
207.15451485148515 1.500711705560022e-23
207.25349680968097 1.5008731129682436e-23
207.3524787678768 1.5010337984419488e-23
207.4514607260726 1.5011937634914288e-23
207.55044268426843 1.5013530096237351e-23
207.64942464246425 1.5015115383426827e-23
207.74840660066008 1.50166935114886e-23
207.8473885588559 1.501826449539633e-23
207.94637051705172 1.5019828350091604e-23
208.0453524752475 1.5021385090483924e-23
208.14433443344333 1.5022934731450814e-23
208.24331639163915 1.5024477287837922e-23
208.34229834983498 1.5026012774459038e-23
208.4412803080308 1.502754120609621e-23
208.54026226622662 1.502906259749981e-23
208.63924422442244 1.50305769633886e-23
208.73822618261826 1.5032084318449803e-23
208.83720814081408 1.5033584677339165e-23
208.9361900990099 1.5035078054681077e-23
209.03517205720573 1.503656446506857e-23
209.13415401540155 1.5038043923063462e-23
209.23313597359737 1.5039516443196383e-23
209.3321179317932 1.5040982039966873e-23
209.431099889989 1.5042440727843404e-23
209.5300818481848 1.504389252126355e-23
209.62906380638063 1.5045337434633936e-23
209.72804576457645 1.5046775482330426e-23
209.82702772277227 1.504820667869809e-23
209.9260096809681 1.5049631038051351e-23
210.02499163916391 1.505104857467403e-23
210.12397359735974 1.5052459302819404e-23
210.22295555555556 1.5053863236710286e-23
210.32193751375138 1.5055260390539102e-23
210.4209194719472 1.5056650778467963e-23
210.51990143014302 1.5058034414628703e-23
210.61888338833884 1.5059411313122975e-23
210.71786534653467 1.5060781488022362e-23
210.8168473047305 1.5062144953368337e-23
210.91582926292628 1.5063501723172455e-23
211.0148112211221 1.506485181141632e-23
211.11379317931792 1.5066195232051723e-23
211.21277513751374 1.5067531999000675e-23
211.31175709570957 1.5068862126155498e-23
211.4107390539054 1.507018562737886e-23
211.5097210121012 1.507150251650389e-23
211.60870297029703 1.5072812807334195e-23
211.70768492849285 1.5074116513643964e-23
211.80666688668867 1.5075413649178035e-23
211.9056488448845 1.5076704227651935e-23
212.00463080308032 1.5077988262751987e-23
212.10361276127614 1.507926576813532e-23
212.20259471947196 1.5080536757430006e-23
212.30157667766775 1.5081801244235066e-23
212.40055863586358 1.5083059242120568e-23
212.4995405940594 1.5084310764627712e-23
212.59852255225522 1.5085555825268822e-23
212.69750451045104 1.5086794437527508e-23
212.79648646864686 1.508802661485867e-23
212.89546842684268 1.5089252370688563e-23
212.9944503850385 1.5090471718414907e-23
213.09343234323433 1.5091684671406902e-23
213.19241430143015 1.5092891243005325e-23
213.29139625962597 1.5094091446522602e-23
213.3903782178218 1.5095285295242834e-23
213.4893601760176 1.50964728024219e-23
213.58834213421343 1.509765398128749e-23
213.68732409240926 1.5098828845039204e-23
213.78630605060505 1.5099997406848592e-23
213.88528800880087 1.5101159679859227e-23
213.9842699669967 1.5102315677186765e-23
214.0832519251925 1.510346541191902e-23
214.18223388338834 1.5104608897116005e-23
214.28121584158416 1.5105746145810013e-23
214.38019779977998 1.510687717100569e-23
214.4791797579758 1.5108001985680072e-23
214.57816171617162 1.5109120602782675e-23
214.67714367436744 1.5110233035235514e-23
214.77612563256326 1.511133929593324e-23
214.8751075907591 1.5112439397743124e-23
214.9740895489549 1.5113533353505182e-23
215.07307150715073 1.5114621176032187e-23
215.17205346534652 1.5115702878109766e-23
215.27103542354234 1.5116778472496448e-23
215.37001738173817 1.511784797192373e-23
215.468999339934 1.511891138909614e-23
215.5679812981298 1.5119968736691284e-23
215.66696325632563 1.512102002735995e-23
215.76594521452145 1.5122065273726096e-23
215.86492717271727 1.5123104488386984e-23
215.9639091309131 1.5124137683913197e-23
216.06289108910892 1.512516487284873e-23
216.16187304730474 1.5126186067711018e-23
216.26085500550056 1.5127201280991012e-23
216.35983696369638 1.5128210525153258e-23
216.4588189218922 1.5129213812635948e-23
216.557800880088 1.5130211155850925e-23
216.65678283828382 1.5131202567183842e-23
216.75576479647964 1.5132188058994135e-23
216.85474675467546 1.5133167643615146e-23
216.95372871287128 1.513414133335413e-23
217.0527106710671 1.5135109140492355e-23
217.15169262926293 1.513607107728515e-23
217.25067458745875 1.5137027155961927e-23
217.34965654565457 1.513797738872632e-23
217.4486385038504 1.5138921787756162e-23
217.5476204620462 1.5139860365203598e-23
217.64660242024203 1.51407931331951e-23
217.74558437843785 1.514172010383156e-23
217.84456633663368 1.5142641289188365e-23
217.9435482948295 1.514355670131538e-23
218.0425302530253 1.5144466352237087e-23
218.1415122112211 1.5145370253952595e-23
218.24049416941693 1.5146268418435738e-23
218.33947612761276 1.5147160857635062e-23
218.43845808580858 1.5148047583473965e-23
218.5374400440044 1.5148928607850696e-23
218.63642200220022 1.514980394263845e-23
218.73540396039604 1.5150673599685392e-23
218.83438591859186 1.5151537590814733e-23
218.93336787678768 1.5152395927824796e-23
219.0323498349835 1.5153248622489055e-23
219.13133179317933 1.5154095686556183e-23
219.23031375137515 1.5154937131750132e-23
219.32929570957097 1.515577296977019e-23
219.42827766776676 1.5156603212291e-23
219.52725962596259 1.515742787096268e-23
219.6262415841584 1.5158246957410794e-23
219.72522354235423 1.515906048323651e-23
219.82420550055005 1.515986846001655e-23
219.92318745874587 1.5160670899303325e-23
220.0221694169417 1.5161467812624948e-23
220.12115137513752 1.516225921148532e-23
220.22013333333334 1.516304510736415e-23
220.31911529152916 1.5163825511717022e-23
220.41809724972498 1.516460043597547e-23
220.5170792079208 1.5165369891547015e-23
220.61606116611662 1.5166133889815216e-23
220.71504312431244 1.5166892442139733e-23
220.81402508250824 1.5167645559856384e-23
220.91300704070406 1.516839325427719e-23
221.01198899889988 1.516913553669043e-23
221.1109709570957 1.5169872418360683e-23
221.20995291529152 1.5170603910528938e-23
221.30893487348735 1.517133002441257e-23
221.40791683168317 1.517205077120542e-23
221.506898789879 1.5172766162077902e-23
221.6058807480748 1.5173476208176965e-23
221.70486270627063 1.5174180920626234e-23
221.80384466446645 1.5174880310525988e-23
221.90282662266227 1.5175574388953258e-23
222.0018085808581 1.5176263166961865e-23
222.10079053905392 1.5176946655582494e-23
222.19977249724974 1.5177624865822693e-23
222.29875445544553 1.5178297808666996e-23
222.39773641364135 1.517896549507692e-23
222.49671837183718 1.5179627935991032e-23
222.595700330033 1.5180285142325026e-23
222.69468228822882 1.5180937124971733e-23
222.79366424642464 1.5181583894801203e-23
222.89264620462046 1.5182225462660744e-23
222.99162816281628 1.5182861839374987e-23
223.0906101210121 1.5183493035745908e-23
223.18959207920793 1.518411906255291e-23
223.28857403740375 1.518473993055287e-23
223.38755599559957 1.5185355650480157e-23
223.4865379537954 1.518596623304673e-23
223.5855199119912 1.5186571688942165e-23
223.684501870187 1.51871720288337e-23
223.78348382838283 1.518776726336628e-23
223.88246578657865 1.518835740316266e-23
223.98144774477447 1.5188942458823358e-23
224.0804297029703 1.5189522440926808e-23
224.1794116611661 1.5190097360029353e-23
224.27839361936194 1.519066722666528e-23
224.37737557755776 1.5191232051346937e-23
224.47635753575358 1.5191791844564704e-23
224.5753394939494 1.5192346616787097e-23
224.67432145214522 1.519289637846081e-23
224.77330341034104 1.5193441140010722e-23
224.87228536853686 1.5193980911840017e-23
224.9712673267327 1.5194515704330156e-23
225.07024928492848 1.5195045527840982e-23
225.1692312431243 1.5195570392710758e-23
225.26821320132012 1.51960903092562e-23
225.36719515951594 1.519660528777253e-23
225.46617711771177 1.5197115338533525e-23
225.5651590759076 1.5197620471791585e-23
225.6641410341034 1.519812069777776e-23
225.76312299229923 1.5198616026701765e-23
225.86210495049505 1.519910646875214e-23
225.96108690869087 1.5199592034096146e-23
226.0600688668867 1.5200072732879926e-23
226.15905082508252 1.5200548575228533e-23
226.25803278327834 1.520101957124593e-23
226.35701474147416 1.520148573101507e-23
226.45599669966998 1.520194706459797e-23
226.55497865786577 1.52024035820357e-23
226.6539606160616 1.520285529334847e-23
226.75294257425742 1.520330220853567e-23
226.85192453245324 1.5203744337575903e-23
226.95090649064906 1.5204181690427053e-23
227.04988844884488 1.520461427702632e-23
227.1488704070407 1.5205042107290252e-23
227.24785236523653 1.520546519111484e-23
227.34683432343235 1.520588353837547e-23
227.44581628162817 1.5206297158927093e-23
227.544798239824 1.5206706062604174e-23
227.6437801980198 1.5207110259220777e-23
227.74276215621563 1.5207509758570608e-23
227.84174411441145 1.5207904570427054e-23
227.94072607260725 1.5208294704543233e-23
228.03970803080307 1.5208680170652042e-23
228.1386899889989 1.52090609784662e-23
228.2376719471947 1.5209437137678284e-23
228.33665390539053 1.5209808657960792e-23
228.43563586358636 1.5210175548966164e-23
228.53461782178218 1.521053782032687e-23
228.633599779978 1.5210895481655392e-23
228.73258173817382 1.5211248542544318e-23
228.83156369636964 1.5211597012566367e-23
228.93054565456546 1.5211940901274463e-23
229.02952761276129 1.5212280218201713e-23
229.1285095709571 1.521261497286152e-23
229.22749152915293 1.5212945174747597e-23
229.32647348734872 1.5213270833333993e-23
229.42545544554454 1.521359195807519e-23
229.52443740374036 1.521390855840608e-23
229.6234193619362 1.521422064374207e-23
229.722401320132 1.5214528223479103e-23
229.82138327832783 1.521483130699365e-23
229.92036523652365 1.5215129903642864e-23
230.01934719471947 1.5215424022764523e-23
230.1183291529153 1.5215713673677096e-23
230.21731111111112 1.5215998865679844e-23
230.31629306930694 1.5216279608052784e-23
230.41527502750276 1.5216555910056783e-23
230.51425698569858 1.521682778093358e-23
230.6132389438944 1.5217095229905827e-23
230.71222090209022 1.521735826617716e-23
230.81120286028602 1.5217616898932186e-23
230.91018481848184 1.5217871137336594e-23
231.00916677667766 1.5218120990537138e-23
231.10814873487348 1.5218366467661704e-23
231.2071306930693 1.521860757781937e-23
231.30611265126512 1.5218844330100414e-23
231.40509460946095 1.5219076733576373e-23
231.50407656765677 1.5219304797300075e-23
231.6030585258526 1.521952853030572e-23
231.7020404840484 1.5219747941608857e-23
231.80102244224423 1.5219963040206458e-23
231.90000440044005 1.5220173835076997e-23
231.99898635863588 1.522038033518041e-23
232.0979683168317 1.522058254945821e-23
232.1969502750275 1.52207804868335e-23
232.2959322332233 1.522097415621097e-23
232.39491419141913 1.5221163566477033e-23
232.49389614961495 1.5221348726499796e-23
232.59287810781078 1.5221529645129095e-23
232.6918600660066 1.5221706331196596e-23
232.79084202420242 1.5221878793515763e-23
232.88982398239824 1.5222047040881967e-23
232.98880594059406 1.5222211082072464e-23
233.08778789878988 1.5222370925846472e-23
233.1867698569857 1.522252658094521e-23
233.28575181518153 1.5222678056091923e-23
233.38473377337735 1.5222825359991936e-23
233.48371573157317 1.522296850133269e-23
233.58269768976896 1.5223107488783773e-23
233.68167964796478 1.522324233099694e-23
233.7806616061606 1.5223373036606255e-23
233.87964356435643 1.522349961422796e-23
233.97862552255225 1.5223622072460678e-23
234.07760748074807 1.5223740419885343e-23
234.1765894389439 1.52238546650653e-23
234.27557139713971 1.5223964816546313e-23
234.37455335533554 1.5224070882856623e-23
234.47353531353136 1.5224172872506957e-23
234.57251727172718 1.5224270793990604e-23
234.671499229923 1.522436465578343e-23
234.77048118811882 1.522445446634393e-23
234.86946314631464 1.5224540234113273e-23
234.96844510451044 1.5224621967515284e-23
235.06742706270626 1.5224699674956573e-23
235.16640902090208 1.5224773364826497e-23
235.2653909790979 1.5224843045497234e-23
235.36437293729372 1.5224908725323824e-23
235.46335489548954 1.522497041264417e-23
235.56233685368537 1.5225028115779135e-23
235.6613188118812 1.5225081843032538e-23
235.760300770077 1.5225131602691192e-23
235.85928272827283 1.522517740302496e-23
235.95826468646865 1.5225219252286773e-23
236.05724664466447 1.52252571587127e-23
236.1562286028603 1.5225291130521923e-23
236.25521056105612 1.5225321175916853e-23
236.35419251925194 1.522534730308312e-23
236.45317447744773 1.5225369520189608e-23
236.55215643564355 1.5225387835388504e-23
236.65113839383937 1.5225402256815334e-23
236.7501203520352 1.5225412792589013e-23
236.84910231023102 1.5225419450811837e-23
236.94808426842684 1.5225422239569602e-23
237.04706622662266 1.5225421166931527e-23
237.14604818481848 1.5225416240950407e-23
237.2450301430143 1.5225407469662553e-23
237.34401210121013 1.5225394861087898e-23
237.44299405940595 1.522537842322998e-23
237.54197601760177 1.5225358164076028e-23
237.6409579757976 1.522533409159696e-23
237.7399399339934 1.5225306213747444e-23
237.8389218921892 1.5225274538465908e-23
237.93790385038503 1.5225239073674578e-23
238.03688580858085 1.5225199827279574e-23
238.13586776677667 1.5225156807170844e-23
238.2348497249725 1.5225110021222274e-23
238.3338316831683 1.5225059477291712e-23
238.43281364136413 1.522500518322098e-23
238.53179559955996 1.5224947146835912e-23
238.63077755775578 1.5224885375946432e-23
238.7297595159516 1.522481987834653e-23
238.82874147414742 1.522475066181433e-23
238.92772343234324 1.5224677734112122e-23
239.02670539053906 1.5224601102986392e-23
239.12568734873489 1.5224520776167855e-23
239.22466930693068 1.5224436761371495e-23
239.3236512651265 1.52243490662966e-23
239.42263322332232 1.52242576986268e-23
239.52161518151814 1.5224162666030055e-23
239.62059713971396 1.5224063976158797e-23
239.7195790979098 1.522396163664984e-23
239.8185610561056 1.522385565512451e-23
239.91754301430143 1.5223746039188606e-23
240.01652497249725 1.522363279643249e-23
240.11550693069307 1.5223515934431085e-23
240.2144888888889 1.522339546074395e-23
240.31347084708472 1.5223271382915255e-23
240.41245280528054 1.522314370847385e-23
240.51143476347636 1.522301244493332e-23
240.61041672167218 1.5222877599791978e-23
240.70939867986797 1.5222739180532893e-23
240.8083806380638 1.5222597194623984e-23
240.90736259625962 1.5222451649517985e-23
241.00634455445544 1.5222302552652517e-23
241.10532651265126 1.5222149911450112e-23
241.20430847084708 1.5221993733318227e-23
241.3032904290429 1.5221834025649335e-23
241.40227238723872 1.5221670795820868e-23
241.50125434543455 1.5221504051195337e-23
241.60023630363037 1.5221333799120317e-23
241.6992182618262 1.5221160046928477e-23
241.798200220022 1.5220982801937637e-23
241.89718217821783 1.5220802071450802e-23
241.99616413641365 1.5220617862756146e-23
242.09514609460945 1.5220430183127116e-23
242.19412805280527 1.5220239039822412e-23
242.2931100110011 1.5220044440086016e-23
242.3920919691969 1.5219846391147286e-23
242.49107392739273 1.5219644900220914e-23
242.59005588558855 1.5219439974507002e-23
242.68903784378438 1.5219231621191068e-23
242.7880198019802 1.521901984744411e-23
242.88700176017602 1.5218804660422607e-23
242.98598371837184 1.5218586067268566e-23
243.08496567656766 1.5218364075109532e-23
243.18394763476348 1.5218138691058674e-23
243.2829295929593 1.521790992221475e-23
243.38191155115513 1.5217677775662184e-23
243.48089350935092 1.5217442258471073e-23
243.57987546754674 1.521720337769723e-23
243.67885742574256 1.5216961140382215e-23
243.77783938393839 1.521671555355335e-23
243.8768213421342 1.5216466624223785e-23
243.97580330033003 1.52162143593925e-23
244.07478525852585 1.52159587660443e-23
244.17376721672167 1.521569985114998e-23
244.2727491749175 1.5215437621666182e-23
244.37173113311331 1.5215172084535532e-23
244.47071309130914 1.5214903246686672e-23
244.56969504950496 1.521463111503422e-23
244.66867700770078 1.5214355696478893e-23
244.7676589658966 1.521407699790746e-23
244.86664092409242 1.5213795026192788e-23
244.96562288228822 1.5213509788193934e-23
245.06460484048404 1.521322129075609e-23
245.16358679867986 1.5212929540710664e-23
245.26256875687568 1.5212634544875278e-23
245.3615507150715 1.5212336310053855e-23
245.46053267326732 1.521203484303657e-23
245.55951463146314 1.5211730150599954e-23
245.65849658965897 1.5211422239506846e-23
245.7574785478548 1.5211111116506512e-23
245.8564605060506 1.5210796788334616e-23
245.95544246424643 1.5210479261713234e-23
246.05442442244225 1.521015854335095e-23
246.15340638063807 1.520983463994282e-23
246.2523883388339 1.520950755817045e-23
246.3513702970297 1.5209177304701995e-23
246.4503522552255 1.520884388619217e-23
246.54933421342133 1.520850730928238e-23
246.64831617161715 1.5208167580600578e-23
246.74729812981298 1.5207824706761467e-23
246.8462800880088 1.5207478694366407e-23
246.94526204620462 1.5207129550003515e-23
247.04424400440044 1.5206777280247657e-23
247.14322596259626 1.5206421891660496e-23
247.24220792079208 1.5206063390790504e-23
247.3411898789879 1.5205701784173016e-23
247.44017183718373 1.520533707833021e-23
247.53915379537955 1.5204969279771197e-23
247.63813575357537 1.5204598394992006e-23
247.73711771177116 1.520422443047563e-23
247.83609966996698 1.520384739269203e-23
247.9350816281628 1.5203467288098227e-23
248.03406358635863 1.5203084123138247e-23
248.13304554455445 1.5202697904243204e-23
248.23202750275027 1.5202308637831298e-23
248.3310094609461 1.5201916330307885e-23
248.4299914191419 1.5201520988065443e-23
248.52897337733773 1.5201122617483656e-23
248.62795533553356 1.520072122492941e-23
248.72693729372938 1.5200316816756842e-23
248.8259192519252 1.5199909399307338e-23
248.92490121012102 1.5199498978909594e-23
249.02388316831684 1.5199085561879605e-23
249.12286512651266 1.5198669154520728e-23
249.22184708470846 1.5198249763123712e-23
249.32082904290428 1.5197827393966684e-23
249.4198110011001 1.519740205331521e-23
249.51879295929592 1.519697374742232e-23
249.61777491749174 1.519654248252851e-23
249.71675687568757 1.519610826486181e-23
249.8157388338834 1.5195671100637774e-23
249.9147207920792 1.5195230996059526e-23
250.01370275027503 1.5194787957317777e-23
250.11268470847085 1.5194341990590873e-23
250.21166666666667 1.519389310204478e-23
250.3106486248625 1.519344129783315e-23
250.40963058305832 1.5192986584097338e-23
250.50861254125414 1.5192528966966418e-23
250.60759449944993 1.5192068452557206e-23
250.70657645764575 1.5191605046974317e-23
250.80555841584157 1.519113875631015e-23
250.9045403740374 1.5190669586644954e-23
251.00352233223322 1.51901975440468e-23
251.10250429042904 1.5189722634571684e-23
251.20148624862486 1.5189244864263493e-23
251.30046820682068 1.5188764239154026e-23
251.3994501650165 1.5188280765263085e-23
251.49843212321232 1.5187794448598418e-23
251.59741408140815 1.518730529515582e-23
251.69639603960397 1.5186813310919093e-23
251.7953779977998 1.5186318501860115e-23
251.8943599559956 1.518582087393888e-23
251.9933419141914 1.5185320433103428e-23
252.09232387238723 1.518481718529002e-23
252.19130583058305 1.5184311136423034e-23
252.29028778877887 1.5183802292415036e-23
252.3892697469747 1.5183290659166836e-23
252.4882517051705 1.518277624256748e-23
252.58723366336633 1.5182259048494252e-23
252.68621562156216 1.5181739082812768e-23
252.78519757975798 1.518121635137693e-23
252.8841795379538 1.5180690860028997e-23
252.98316149614962 1.5180162614599595e-23
253.08214345434544 1.517963162090773e-23
253.18112541254126 1.5179097884760855e-23
253.28010737073708 1.5178561411954826e-23
253.3790893289329 1.5178022208273985e-23
253.4780712871287 1.517748027949116e-23
253.57705324532452 1.5176935631367713e-23
253.67603520352034 1.5176388269653513e-23
253.77501716171616 1.5175838200087024e-23
253.87399911991199 1.517528542839528e-23
253.9729810781078 1.517472996029395e-23
254.07196303630363 1.517417180148731e-23
254.17094499449945 1.5173610957668312e-23
254.26992695269527 1.5173047434518617e-23
254.3689089108911 1.5172481237708564e-23
254.46789086908692 1.5171912372897244e-23
254.56687282728274 1.51713408457325e-23
254.66585478547856 1.5170766661850957e-23
254.76483674367438 1.517018982687806e-23
254.86381870187017 1.5169610346428076e-23
254.962800660066 1.5169028226104107e-23
255.06178261826182 1.516844347149818e-23
255.16076457645764 1.516785608819118e-23
255.25974653465346 1.516726608175293e-23
255.35872849284928 1.5166673457742207e-23
255.4577104510451 1.5166078221706767e-23
255.55669240924092 1.516548037918335e-23
255.65567436743675 1.5164879935697725e-23
255.75465632563257 1.5164276896764698e-23
255.8536382838284 1.5163671267888145e-23
255.9526202420242 1.5163063054561032e-23
256.05160220022003 1.516245226226543e-23
256.1505841584158 1.5161838896472565e-23
256.2495661166116 1.51612229626428e-23
256.34854807480747 1.51606044662257e-23
256.44753003300326 1.5159983412660024e-23
256.5465119911991 1.5159359807373746e-23
256.6454939493949 1.5158733655784126e-23
256.74447590759075 1.5158104963297684e-23
256.84345786578655 1.5157473735310217e-23
256.9424398239824 1.5156839977206865e-23
257.0414217821782 1.5156203694362108e-23
257.14040374037404 1.5155564892139775e-23
257.23938569856983 1.5154923575893107e-23
257.3383676567657 1.5154279750964735e-23
257.4373496149615 1.515363342268673e-23
257.5363315731573 1.5152984596380615e-23
257.6353135313531 1.515233327735741e-23
257.7342954895489 1.5151679470917598e-23
257.83327744774476 1.5151023182351224e-23
257.93225940594056 1.515036441693784e-23
258.0312413641364 1.5149703179946617e-23
258.1302233223322 1.5149039476636244e-23
258.22920528052805 1.5148373312255068e-23
258.32818723872384 1.5147704692041077e-23
258.4271691969197 1.514703362122188e-23
258.5261511551155 1.5146360105014796e-23
258.62513311331134 1.5145684148626802e-23
258.72411507150713 1.5145005757254634e-23
258.823097029703 1.5144324936084748e-23
258.9220789878988 1.5143641690293393e-23
259.0210609460946 1.514295602504655e-23
259.1200429042904 1.514226794550007e-23
259.2190248624862 1.5141577456799583e-23
259.31800682068206 1.5140884564080597e-23
259.41698877887785 1.5140189272468493e-23
259.5159707370737 1.513949158707853e-23
259.6149526952695 1.5138791513015878e-23
259.71393465346534 1.513808905537567e-23
259.81291661166114 1.513738421924297e-23
259.911898569857 1.5136677009692835e-23
260.0108805280528 1.5135967431790313e-23
260.10986248624863 1.5135255490590485e-23
260.2088444444444 1.5134541191138473e-23
260.3078264026403 1.5133824538469434e-23
260.40680836083607 1.5133105537608637e-23
260.50579031903186 1.5132384193571463e-23
260.6047722772277 1.51316605113634e-23
260.7037542354235 1.5130934495980084e-23
260.80273619361935 1.5130206152407325e-23
260.90171815181515 1.5129475485621115e-23
261.000700110011 1.5128742500587665e-23
261.0996820682068 1.5128007202263397e-23
261.19866402640264 1.5127269595595023e-23
261.29764598459843 1.5126529685519484e-23
261.3966279427943 1.5125787476964012e-23
261.4956099009901 1.5125042974846182e-23
261.5945918591859 1.5124296184073884e-23
261.6935738173817 1.5123547109545364e-23
261.79255577557757 1.5122795756149226e-23
261.89153773377336 1.5122042128764485e-23
261.99051969196915 1.5121286232260578e-23
262.089501650165 1.5120528071497352e-23
262.1884836083608 1.5119767651325113e-23
262.28746556655665 1.511900497658464e-23
262.38644752475244 1.511824005210723e-23
262.4854294829483 1.511747288271465e-23
262.5844114411441 1.5116703473219257e-23
262.68339339933993 1.51159318284239e-23
262.7823753575357 1.511515795312205e-23
262.8813573157316 1.511438185209775e-23
262.98033927392737 1.5113603530125658e-23
263.0793212321232 1.5112822991971065e-23
263.178303190319 1.5112040242389918e-23
263.27728514851486 1.5111255286128837e-23
263.37626710671066 1.5110468127925118e-23
263.47524906490645 1.51096787725068e-23
263.5742310231023 1.510888722459263e-23
263.6732129812981 1.5108093488892106e-23
263.77219493949394 1.5107297570105495e-23
263.87117689768974 1.5106499472923862e-23
263.9701588558856 1.5105699202029078e-23
264.0691408140814 1.510489676209384e-23
264.16812277227723 1.5104092157781692e-23
264.267104730473 1.5103285393747035e-23
264.3660866886689 1.5102476474635176e-23
264.46506864686467 1.510166540508231e-23
264.5640506050605 1.5100852189715553e-23
264.6630325632563 1.510003683315298e-23
264.7620145214521 1.5099219340003614e-23
264.86099647964795 1.5098399714867467e-23
264.95997843784374 1.509757796233554e-23
265.0589603960396 1.5096754086989857e-23
265.1579423542354 1.5095928093403486e-23
265.25692431243124 1.5095099986140533e-23
265.35590627062703 1.5094269769756204e-23
265.4548882288229 1.509343744879677e-23
265.5538701870187 1.5092603027799646e-23
265.6528521452145 1.5091766511293344e-23
265.7518341034103 1.5090927903797542e-23
265.85081606160617 1.5090087209823078e-23
265.94979801980196 1.508924443387199e-23
266.0487799779978 1.508839958043751e-23
266.1477619361936 1.5087552654004097e-23
266.2467438943894 1.5086703659047434e-23
266.34572585258525 1.5085852600034482e-23
266.4447078107811 1.5084999481423486e-23
266.5436897689769 1.5084144307663954e-23
266.64267172717274 1.5083287083196752e-23
266.74165368536853 1.5082427812454037e-23
266.8406356435644 1.508156649985934e-23
266.9396176017602 1.5080703149827565e-23
267.03859955995597 1.5079837766764977e-23
267.1375815181518 1.5078970355069258e-23
267.2365634763476 1.507810091912952e-23
267.33554543454346 1.5077229463326308e-23
267.43452739273926 1.507635599203163e-23
267.5335093509351 1.5075480509608953e-23
267.6324913091309 1.5074603020413254e-23
267.73147326732675 1.507372352879101e-23
267.83045522552254 1.5072842039080256e-23
267.9294371837184 1.507195855561052e-23
268.0284191419142 1.5071073082702946e-23
268.12740110011003 1.507018562467022e-23
268.2263830583058 1.506929618581666e-23
268.3253650165016 1.5068404770438173e-23
268.42434697469747 1.506751138282232e-23
268.52332893289326 1.5066616027248302e-23
268.6223108910891 1.5065718707986993e-23
268.7212928492849 1.5064819429300942e-23
268.82027480748076 1.506391819544444e-23
268.91925676567655 1.506301501066343e-23
269.0182387238724 1.5062109879195673e-23
269.1172206820682 1.5061202805270615e-23
269.21620264026404 1.5060293793109515e-23
269.31518459845984 1.5059382846925412e-23
269.4141665566557 1.5058469970923147e-23
269.5131485148515 1.5057555169299397e-23
269.61213047304733 1.5056638446242643e-23
269.7111124312431 1.5055719805933272e-23
269.8100943894389 1.505479925254351e-23
269.90907634763477 1.5053876790237496e-23
270.00805830583056 1.505295242317126e-23
270.1070402640264 1.5052026155492757e-23
270.2060222222222 1.50510979913419e-23
270.30500418041805 1.5050167934850543e-23
270.40398613861385 1.5049235990142527e-23
270.5029680968097 1.5048302161333675e-23
270.6019500550055 1.504736645253181e-23
270.70093201320134 1.504642886783681e-23
270.79991397139713 1.5045489411340563e-23
270.898895929593 1.5044548087127024e-23
270.9978778877888 1.504360489927223e-23
271.0968598459846 1.50426598518443e-23
271.1958418041804 1.504171294890346e-23
271.2948237623762 1.504076419450205e-23
271.39380572057206 1.5039813592684583e-23
271.49278767876785 1.5038861147487694e-23
271.5917696369637 1.5037906862940186e-23
271.6907515951595 1.5036950743063073e-23
271.78973355335535 1.5035992791869582e-23
271.88871551155114 1.5035033013365115e-23
271.987697469747 1.5034071411547348e-23
272.0866794279428 1.5033107990406196e-23
272.18566138613863 1.503214275392386e-23
272.2846433443344 1.5031175706074787e-23
272.3836253025303 1.5030206850825768e-23
272.48260726072607 1.5029236192135876e-23
272.58158921892186 1.502826373395653e-23
272.6805711771177 1.5027289480231503e-23
272.7795531353135 1.5026313434896923e-23
272.87853509350936 1.50253356018813e-23
272.97751705170515 1.502435598510554e-23
273.076499009901 1.502337458848295e-23
273.1754809680968 1.5022391415919275e-23
273.27446292629264 1.502140647131272e-23
273.37344488448844 1.5020419758553885e-23
273.4724268426843 1.501943128152591e-23
273.5714088008801 1.5018441044104395e-23
273.67039075907593 1.5017449050157455e-23
273.7693727172717 1.5016455303545696e-23
273.8683546754676 1.5015459808122295e-23
273.96733663366336 1.501446256773296e-23
274.06631859185916 1.501346358621597e-23
274.165300550055 1.5012462867402187e-23
274.2642825082508 1.5011460415115057e-23
274.36326446644665 1.5010456233170653e-23
274.46224642464244 1.5009450325377666e-23
274.5612283828383 1.5008442695537423e-23
274.6602103410341 1.500743334744393e-23
274.75919229922994 1.5006422284883832e-23
274.85817425742573 1.500540951163651e-23
274.9571562156216 1.5004395031473995e-23
275.0561381738174 1.5003378848161057e-23
275.1551201320132 1.5002360965455203e-23
275.254102090209 1.5001341387106682e-23
275.35308404840487 1.5000320116858513e-23
275.45206600660066 1.4999297158446463e-23
275.55104796479645 1.499827251559913e-23
275.6500299229923 1.4997246192037903e-23
275.7490118811881 1.4996218191476986e-23
275.84799383938395 1.49951885176234e-23
275.94697579757974 1.4994157174177068e-23
276.0459577557756 1.4993124164830737e-23
276.1449397139714 1.4992089493270045e-23
276.24392167216723 1.4991053163173523e-23
276.342903630363 1.4990015178212633e-23
276.4418855885589 1.4988975542051717e-23
276.54086754675467 1.4987934258348092e-23
276.6398495049505 1.498689133075201e-23
276.7388314631463 1.49858467629067e-23
276.8378134213421 1.4984800558448347e-23
276.93679537953795 1.498375272100619e-23
277.03577733773375 1.4982703254202403e-23
277.1347592959296 1.4981652161652256e-23
277.2337412541254 1.4980599446963992e-23
277.33272321232124 1.4979545113738955e-23
277.43170517051703 1.4978489165571528e-23
277.5306871287129 1.4977431606049198e-23
277.6296690869087 1.4976372438752538e-23
277.7286510451045 1.4975311667255213e-23
277.8276330033003 1.497424929512404e-23
277.92661496149617 1.4973185325918954e-23
278.02559691969196 1.497211976319306e-23
278.1245788778878 1.497105261049261e-23
278.2235608360836 1.4969983871357037e-23
278.3225427942794 1.496891354931899e-23
278.42152475247525 1.4967841647904296e-23
278.52050671067104 1.4966768170632014e-23
278.6194886688669 1.4965693121014462e-23
278.7184706270627 1.496461650255717e-23
278.81745258525854 1.4963538318758945e-23
278.91643454345433 1.4962458573111877e-23
279.0154165016502 1.496137726910134e-23
279.114398459846 1.4960294410206012e-23
279.2133804180418 1.49592099998979e-23
279.3123623762376 1.4958124041642326e-23
279.41134433443347 1.4957036538897963e-23
279.51032629262926 1.4955947495116843e-23
279.6093082508251 1.4954856913744373e-23
279.7082902090209 1.495376479821934e-23
279.8072721672167 1.4952671151973932e-23
279.90625412541254 1.4951575978433742e-23
280.00523608360834 1.4950479281017817e-23
280.1042180418042 1.494938106313859e-23
280.2032 1.4948281328202014e-23
280.30218195819583 1.494718007960744e-23
280.4011639163916 1.494607732074776e-23
280.5001458745875 1.494497305500931e-23
280.59912783278327 1.494386728577196e-23
280.6981097909791 1.4942760016409086e-23
280.7970917491749 1.494165125028759e-23
280.89607370737076 1.4940540990767947e-23
280.99505566556655 1.493942924120416e-23
281.09403762376235 1.493831600494381e-23
281.1930195819582 1.493720128532808e-23
281.292001540154 1.4936085085691727e-23
281.39098349834984 1.4934967409363147e-23
281.48996545654563 1.4933848259664322e-23
281.5889474147415 1.49327276399109e-23
281.6879293729373 1.4931605553412166e-23
281.7869113311331 1.493048200347107e-23
281.8858932893289 1.492935699338424e-23
281.98487524752477 1.492823052644198e-23
282.08385720572056 1.4927102605928307e-23
282.1828391639164 1.492597323512095e-23
282.2818211221122 1.492484241729136e-23
282.38080308030806 1.4923710155704734e-23
282.47978503850385 1.4922576453619993e-23
282.57876699669964 1.4921441314289873e-23
282.6777489548955 1.4920304740960845e-23
282.7767309130913 1.4919166736873187e-23
282.87571287128713 1.4918027305260963e-23
282.9746948294829 1.491688644935207e-23
283.0736767876788 1.4915744172368234e-23
283.17265874587457 1.4914600477524997e-23
283.2716407040704 1.4913455368031773e-23
283.3706226622662 1.4912308847091842e-23
283.46960462046206 1.491116091790235e-23
283.56858657865786 1.4910011583654331e-23
283.6675685368537 1.490886084753274e-23
283.7665504950495 1.4907708712716423e-23
283.86553245324535 1.4906555182378163e-23
283.96451441144114 1.4905400259684684e-23
284.06349636963694 1.4904243947796647e-23
284.1624783278328 1.4903086249868698e-23
284.2614602860286 1.490192716904944e-23
284.36044224422443 1.4900766708481473e-23
284.4594242024202 1.4899604871301388e-23
284.5584061606161 1.48984416606398e-23
284.65738811881187 1.489727707962134e-23
284.7563700770077 1.4896111131364678e-23
284.8553520352035 1.4894943818982516e-23
284.95433399339936 1.489377514558164e-23
285.05331595159515 1.4892605114262895e-23
285.152297909791 1.489143372812122e-23
285.2512798679868 1.4890260990245642e-23
285.3502618261826 1.4889086903719278e-23
285.44924378437844 1.488791147161938e-23
285.54822574257423 1.4886734697017363e-23
285.6472077007701 1.4885556582978732e-23
285.7461896589659 1.4884377132563183e-23
285.8451716171617 1.4883196348824552e-23
285.9441535753575 1.488201423481088e-23
286.04313553355337 1.4880830793564388e-23
286.14211749174916 1.4879646028121483e-23
286.241099449945 1.4878459941512808e-23
286.3400814081408 1.487727253676323e-23
286.43906336633665 1.4876083816891823e-23
286.53804532453245 1.4874893784911955e-23
286.6370272827283 1.487370244383122e-23
286.7360092409241 1.4872509796651513e-23
286.8349911991199 1.487131584636897e-23
286.93397315731573 1.4870120595974056e-23
287.0329551155115 1.486892404845153e-23
287.1319370737074 1.4867726206780469e-23
287.23091903190317 1.4866527073934276e-23
287.329900990099 1.486532665288071e-23
287.4288829482948 1.4864124946581853e-23
287.52786490649066 1.4862921957994193e-23
287.62684686468646 1.4861717690068546e-23
287.7258288228823 1.486051214575013e-23
287.8248107810781 1.485930532797857e-23
287.92379273927395 1.48580972396879e-23
288.02277469746974 1.4856887883806563e-23
288.1217566556656 1.4855677263257434e-23
288.2207386138614 1.4854465380957823e-23
288.3197205720572 1.4853252239819517e-23
288.41870253025303 1.4852037842748746e-23
288.5176844884488 1.485082219264621e-23
288.6166664466447 1.4849605292407116e-23
288.71564840484046 1.484838714492116e-23
288.8146303630363 1.484716775307253e-23
288.9136123212321 1.4845947119739964e-23
289.01259427942796 1.4844725247796706e-23
289.11157623762375 1.4843502140110543e-23
289.2105581958196 1.484227779954383e-23
289.3095401540154 1.4841052228953478e-23
289.40852211221124 1.4839825431190945e-23
289.50750407040704 1.4838597409102322e-23
289.60648602860283 1.4837368165528257e-23
289.7054679867987 1.483613770330403e-23
289.8044499449945 1.4834906025259518e-23
289.9034319031903 1.4833673134219226e-23
290.0024138613861 1.4832439033002323e-23
290.10139581958197 1.48312037244226e-23
290.20037777777776 1.4829967211288518e-23
290.2993597359736 1.482872949640323e-23
290.3983416941694 1.4827490582564512e-23
290.49732365236525 1.4826250472564898e-23
290.59630561056105 1.4825009169191582e-23
290.6952875687569 1.4823766675226503e-23
290.7942695269527 1.4822522993446288e-23
290.89325148514854 1.482127812662233e-23
290.99223344334433 1.4820032077520733e-23
291.0912154015401 1.48187848489024e-23
291.190197359736 1.4817536443522956e-23
291.28917931793177 1.481628686413284e-23
291.3881612761276 1.481503611347725e-23
291.4871432343234 1.48137841942962e-23
291.58612519251926 1.481253110932448e-23
291.68510715071506 1.481127686129175e-23
291.7840891089109 1.4810021452922443e-23
291.8830710671067 1.4808764886935874e-23
291.98205302530255 1.4807507166046177e-23
292.08103498349834 1.4806248292962358e-23
292.1800169416942 1.4804988270388292e-23
292.27899889989 1.4803727101022732e-23
292.37798085808583 1.480246478755932e-23
292.4769628162816 1.4801201332686585e-23
292.5759447744774 1.4799936739087996e-23
292.67492673267327 1.4798671009441916e-23
292.77390869086906 1.479740414642165e-23
292.8728906490649 1.4796136152695444e-23
292.9718726072607 1.4794867030926474e-23
293.07085456545656 1.4793596783772908e-23
293.16983652365235 1.4792325413887864e-23
293.2688184818482 1.479105292391944e-23
293.367800440044 1.4789779316510728e-23
293.46678239823984 1.4788504594299836e-23
293.56576435643564 1.4787228759919855e-23
293.6647463146315 1.4785951815998903e-23
293.7637282728273 1.4784673765160147e-23
293.8627102310231 1.4783394610021782e-23
293.9616921892189 1.4782114353197028e-23
294.0606741474147 1.4780832997294207e-23
294.15965610561057 1.4779550544916693e-23
294.25863806380636 1.4778266998662918e-23
294.3576200220022 1.4776982361126443e-23
294.456601980198 1.4775696634895893e-23
294.55558393839385 1.4774409822555024e-23
294.65456589658965 1.477312192668269e-23
294.7535478547855 1.477183294985289e-23
294.8525298129813 1.4770542894634743e-23
294.95151177117714 1.4769251763592545e-23
295.05049372937293 1.4767959559285705e-23
295.1494756875688 1.476666628426884e-23
295.2484576457646 1.476537194109173e-23
295.34743960396037 1.476407653229931e-23
295.4464215621562 1.4762780060431753e-23
295.545403520352 1.4761482528024423e-23
295.64438547854786 1.476018393760788e-23
295.74336743674365 1.4758884291707922e-23
295.8423493949395 1.475758359284559e-23
295.9413313531353 1.4756281843537145e-23
296.04031331133115 1.4754979046294107e-23
296.13929526952694 1.4753675203623276e-23
296.2382772277228 1.4752370318026688e-23
296.3372591859186 1.475106439200169e-23
296.43624114411443 1.4749757428040894e-23
296.5352231023102 1.4748449428632234e-23
296.634205060506 1.4747140396258933e-23
296.73318701870187 1.4745830333399535e-23
296.83216897689766 1.4744519242527916e-23
296.9311509350935 1.4743207126113283e-23
297.0301328932893 1.4741893986620182e-23
297.12911485148516 1.474057982650853e-23
297.22809680968095 1.4739264648233583e-23
297.3270787678768 1.4737948454245988e-23
297.4260607260726 1.473663124699178e-23
297.52504268426844 1.4735313028912352e-23
297.62402464246424 1.4733993802444527e-23
297.7230066006601 1.4732673570020517e-23
297.8219885588559 1.4731352334067975e-23
297.9209705170517 1.4730030097009945e-23
298.0199524752475 1.4728706861264942e-23
298.1189344334433 1.4727382629246917e-23
298.21791639163916 1.4726057403365246e-23
298.31689834983496 1.472473118602481e-23
298.4158803080308 1.4723403979625932e-23
298.5148622662266 1.472207578656443e-23
298.61384422442245 1.4720746609231597e-23
298.71282618261824 1.4719416450014246e-23
298.8118081408141 1.4718085311294677e-23
298.9107900990099 1.4716753195450713e-23
299.00977205720574 1.4715420104855703e-23
299.10875401540153 1.471408604187854e-23
299.2077359735974 1.4712751008883613e-23
299.3067179317932 1.4711415008230935e-23
299.405699889989 1.4710078042276024e-23
299.5046818481848 1.4708740113369984e-23
299.6036638063806 1.4707401223859498e-23
299.70264576457646 1.470606137608683e-23
299.80162772277225 1.4704720572389838e-23
299.9006096809681 1.4703378815102e-23
299.9995916391639 1.470203610655236e-23
300.09857359735975 1.470069244906565e-23
300.19755555555554 1.4699347844962184e-23
300.2965375137514 1.469800229655792e-23
300.3955194719472 1.4696655806164462e-23
300.49450143014303 1.46953083760891e-23
300.5934833883388 1.4693960008634732e-23
300.6924653465347 1.4692610706099968e-23
300.79144730473047 1.4691260470779103e-23
300.89042926292626 1.4689909304962066e-23
300.9894112211221 1.468855721093457e-23
301.0883931793179 1.4687204190977962e-23
301.18737513751375 1.4685850247369318e-23
301.28635709570955 1.4684495382381476e-23
301.3853390539054 1.4683139598282957e-23
301.4843210121012 1.4681782897338025e-23
301.58330297029704 1.4680425281806727e-23
301.68228492849283 1.4679066753944842e-23
301.7812668866887 1.467770731600391e-23
301.8802488448845 1.467634697023126e-23
301.9792308030803 1.4674985718869973e-23
302.0782127612761 1.467362356415895e-23
302.17719471947197 1.4672260508332865e-23
302.27617667766776 1.4670896553622223e-23
302.37515863586356 1.4669531702253325e-23
302.4741405940594 1.46681659564483e-23
302.5731225522552 1.46667993184251e-23
302.67210451045105 1.4665431790397507e-23
302.77108646864684 1.4664063374575187e-23
302.8700684268427 1.4662694073163627e-23
302.9690503850385 1.4661323888364185e-23
303.06803234323434 1.4659952822374083e-23
303.16701430143013 1.4658580877386438e-23
303.265996259626 1.4657208055590228e-23
303.3649782178218 1.4655834359170367e-23
303.4639601760176 1.4654459790307636e-23
303.5629421342134 1.4653084351178727e-23
303.66192409240927 1.4651708043956276e-23
303.76090605060506 1.4650330870808826e-23
303.85988800880085 1.464895283390087e-23
303.9588699669967 1.4647573935392817e-23
304.0578519251925 1.4646194177441056e-23
304.15683388338834 1.4644813562197922e-23
304.25581584158414 1.464343209181171e-23
304.35479779978 1.464204976842669e-23
304.4537797579758 1.464066659418313e-23
304.55276171617163 1.463928257121727e-23
304.6517436743674 1.4637897701661373e-23
304.7507256325633 1.4636511987643665e-23
304.84970759075907 1.4635125431288414e-23
304.9486895489549 1.4633738034715936e-23
305.0476715071507 1.463234980004251e-23
305.1466534653465 1.463096072938049e-23
305.24563542354235 1.4629570824838286e-23
305.34461738173815 1.4628180088520327e-23
305.443599339934 1.4626788522527135e-23
305.5425812981298 1.4625396128955266e-23
305.64156325632564 1.4624002909897386e-23
305.74054521452143 1.4622608867442223e-23
305.8395271727173 1.4621214003674583e-23
305.9385091309131 1.4619818320675398e-23
306.0374910891089 1.461842182052168e-23
306.1364730473047 1.4617024505286586e-23
306.23545500550057 1.461562637703936e-23
306.33443696369636 1.461422743784538e-23
306.4334189218922 1.4612827689766184e-23
306.532400880088 1.461142713485943e-23
306.6313828382838 1.4610025775178927e-23
306.73036479647965 1.4608623612774653e-23
306.82934675467544 1.4607220649692743e-23
306.9283287128713 1.46058168879755e-23
307.0273106710671 1.460441232966144e-23
307.12629262926293 1.4603006976785213e-23
307.2252745874587 1.4601600831377722e-23
307.3242565456546 1.4600193895466014e-23
307.42323850385037 1.45987861710734e-23
307.5222204620462 1.4597377660219373e-23
307.621202420242 1.4595968364919663e-23
307.72018437843786 1.459455828718623e-23
307.81916633663366 1.4593147429027275e-23
307.9181482948295 1.459173579244724e-23
308.0171302530253 1.4590323379446833e-23
308.1161122112211 1.4588910192023002e-23
308.21509416941694 1.4587496232168988e-23
308.31407612761274 1.4586081501874295e-23
308.4130580858086 1.4584666003124702e-23
308.5120400440044 1.4583249737902297e-23
308.61102200220023 1.458183270818544e-23
308.710003960396 1.4580414915948824e-23
308.8089859185919 1.4578996363163425e-23
308.90796787678767 1.457757705179657e-23
309.0069498349835 1.4576156983811878e-23
309.1059317931793 1.4574736161169324e-23
309.20491375137516 1.4573314585825197e-23
309.30389570957095 1.4571892259732172e-23
309.40287766776675 1.457046918483925e-23
309.5018596259626 1.4569045363091806e-23
309.6008415841584 1.4567620796431554e-23
309.69982354235424 1.4566195486796628e-23
309.79880550055003 1.4564769436121517e-23
309.8977874587459 1.4563342646337097e-23
309.9967694169417 1.4561915119370656e-23
310.0957513751375 1.456048685714586e-23
310.1947333333333 1.4559057861582817e-23
310.29371529152917 1.455762813459803e-23
310.39269724972496 1.4556197678104444e-23
310.4916792079208 1.4554766494011396e-23
310.5906611661166 1.45533345842247e-23
310.68964312431245 1.4551901950646607e-23
310.78862508250825 1.455046859517581e-23
310.88760704070404 1.454903451970746e-23
310.9865889988999 1.4547599726133172e-23
311.0855709570957 1.4546164216341046e-23
311.18455291529153 1.454472799221566e-23
311.2835348734873 1.454329105563804e-23
311.3825168316832 1.4541853408485775e-23
311.48149878987897 1.4540415052632873e-23
311.5804807480748 1.45389759899499e-23
311.6794627062706 1.4537536222303923e-23
311.77844466446646 1.4536095751558532e-23
311.87742662266226 1.453465457957382e-23
311.9764085808581 1.4533212708206432e-23
312.0753905390539 1.4531770139309564e-23
312.17437249724975 1.4530326874732927e-23
312.27335445544554 1.45288829163228e-23
312.37233641364134 1.4527438265922032e-23
312.4713183718372 1.4525992925370016e-23
312.570300330033 1.4524546896502733e-23
312.6692822882288 1.4523100181152738e-23
312.7682642464246 1.4521652781149172e-23
312.86724620462047 1.452020469831776e-23
312.96622816281626 1.451875593448085e-23
313.0652101210121 1.4517306491457354e-23
313.1641920792079 1.4515856371062838e-23
313.26317403740376 1.4514405575109457e-23
313.36215599559955 1.4512954105406016e-23
313.4611379537954 1.451150196375792e-23
313.5601199119912 1.451004915196724e-23
313.659101870187 1.4508595671832678e-23
313.75808382838284 1.4507141525149574e-23
313.85706578657863 1.4505686713709952e-23
313.9560477447745 1.4504231239302478e-23
314.0550297029703 1.4502775103712508e-23
314.1540116611661 1.450131830872205e-23
314.2529936193619 1.449986085610981e-23
314.35197557755777 1.4498402747651176e-23
314.45095753575356 1.4496943985118238e-23
314.5499394939494 1.449548457027978e-23
314.6489214521452 1.44940245049013e-23
314.74790341034105 1.4492563790745006e-23
314.84688536853685 1.4491102429569837e-23
314.9458673267327 1.448964042313143e-23
315.0448492849285 1.448817777318219e-23
315.1438312431243 1.4486714481471248e-23
315.24281320132013 1.448525054974447e-23
315.3417951595159 1.4483785979744473e-23
315.4407771177118 1.448232077321067e-23
315.53975907590757 1.4480854931879184e-23
315.6387410341034 1.4479388457482937e-23
315.7377229922992 1.4477921351751634e-23
315.83670495049506 1.4476453616411745e-23
315.93568690869085 1.447498525318654e-23
316.0346688668867 1.447351626379608e-23
316.1336508250825 1.447204664995722e-23
316.23263278327835 1.4470576413383644e-23
316.33161474147414 1.4469105555785827e-23
316.43059669967 1.4467634078871064e-23
316.5295786578658 1.446616198434349e-23
316.6285606160616 1.4464689273904074e-23
316.7275425742574 1.4463215949250597e-23
316.8265245324532 1.446174201207771e-23
316.92550649064907 1.4460267464076894e-23
317.02448844884486 1.4458792306936505e-23
317.1234704070407 1.4457316542341745e-23
317.2224523652365 1.4455840171974685e-23
317.32143432343236 1.4454363197514287e-23
317.42041628162815 1.4452885620636368e-23
317.519398239824 1.4451407443013644e-23
317.6183801980198 1.444992866631572e-23
317.71736215621564 1.4448449292209098e-23
317.81634411441144 1.4446969322357193e-23
317.91532607260723 1.4445488758420308e-23
318.0143080308031 1.4444007602055688e-23
318.1132899889989 1.4442525854917464e-23
318.2122719471947 1.444104351865673e-23
318.3112539053905 1.4439560594921493e-23
318.41023586358637 1.4438077085356702e-23
318.50921782178216 1.4436592991604256e-23
318.608199779978 1.443510831530298e-23
318.7071817381738 1.4433623058088703e-23
318.80616369636965 1.443213722159417e-23
318.90514565456544 1.443065080744911e-23
319.0041276127613 1.442916381728023e-23
319.1031095709571 1.4427676252711206e-23
319.20209152915294 1.4426188115362715e-23
319.30107348734873 1.4424699406852406e-23
319.4000554455445 1.4423210128794937e-23
319.4990374037404 1.4421720282801966e-23
319.59801936193617 1.4420229870482153e-23
319.697001320132 1.441873889344117e-23
319.7959832783278 1.441724735328172e-23
319.89496523652366 1.4415755251603524e-23
319.99394719471945 1.441426259000333e-23
320.0929291529153 1.4412769370074923e-23
320.1919111111111 1.4411275593409137e-23
320.29089306930695 1.4409781261593847e-23
320.38987502750274 1.4408286376213982e-23
320.4888569856986 1.4406790938851525e-23
320.5878389438944 1.4405294951085528e-23
320.68682090209023 1.4403798414492125e-23
320.785802860286 1.4402301330644503e-23
320.8847848184818 1.440080370111293e-23
320.98376677667767 1.4399305527464787e-23
321.08274873487346 1.4397806811264522e-23
321.1817306930693 1.439630755407368e-23
321.2807126512651 1.4394807757450928e-23
321.37969460946096 1.4393307422952024e-23
321.47867656765675 1.4391806552129844e-23
321.5776585258526 1.4390305146534395e-23
321.6766404840484 1.4388803207712787e-23
321.77562244224424 1.4387300737209278e-23
321.87460440044003 1.4385797736565255e-23
321.9735863586359 1.4384294207319242e-23
322.0725683168317 1.4382790151006912e-23
322.17155027502747 1.438128556916111e-23
322.2705322332233 1.43797804633118e-23
322.3695141914191 1.4378274834986135e-23
322.46849614961496 1.4376768685708435e-23
322.56747810781076 1.437526201700018e-23
322.6664600660066 1.4373754830380042e-23
322.7654420242024 1.4372247127363872e-23
322.86442398239825 1.4370738909464706e-23
322.96340594059404 1.4369230178192784e-23
323.0623878987899 1.436772093505554e-23
323.1613698569857 1.4366211181557608e-23
323.26035181518154 1.4364700919200842e-23
323.35933377337733 1.4363190149484313e-23
323.4583157315732 1.4361678873904305e-23
323.557297689769 1.4360167093954333e-23
323.65627964796477 1.4358654811125145e-23
323.7552616061606 1.4357142026904717e-23
323.8542435643564 1.435562874277828e-23
323.95322552255226 1.43541149602283e-23
324.05220748074805 1.43526006807345e-23
324.1511894389439 1.435108590577387e-23
324.2501713971397 1.4349570636820647e-23
324.34915335533555 1.434805487534635e-23
324.44813531353134 1.4346538622819758e-23
324.5471172717272 1.4345021880706938e-23
324.646099229923 1.4343504650471244e-23
324.74508118811883 1.4341986933573298e-23
324.8440631463146 1.4340468731471033e-23
324.9430451045105 1.433895004561969e-23
325.04202706270627 1.4337430877471786e-23
325.14100902090206 1.4335911228477167e-23
325.2399909790979 1.4334391100082985e-23
325.3389729372937 1.4332870493733717e-23
325.43795489548955 1.4331349410871168e-23
325.53693685368535 1.4329827852934455e-23
325.6359188118812 1.4328305821360038e-23
325.734900770077 1.4326783317581726e-23
325.83388272827284 1.4325260343030652e-23
325.93286468646863 1.4323736899135322e-23
326.0318466446645 1.4322212987321577e-23
326.1308286028603 1.4320688609012628e-23
326.2298105610561 1.4319163765629037e-23
326.3287925192519 1.4317638458588748e-23
326.4277744774477 1.4316112689307083e-23
326.52675643564356 1.4314586459196733e-23
326.62573839383936 1.4313059769667767e-23
326.7247203520352 1.4311532622127663e-23
326.823702310231 1.4310005017981264e-23
326.92268426842685 1.4308476958630845e-23
327.02166622662264 1.4306948445476058e-23
327.1206481848185 1.4305419479913972e-23
327.2196301430143 1.430389006333908e-23
327.31861210121014 1.4302360197143273e-23
327.4175940594059 1.4300829882715882e-23
327.5165760176018 1.429929912144365e-23
327.61555797579757 1.4297767914710775e-23
327.7145399339934 1.4296236263898877e-23
327.8135218921892 1.4294704170387008e-23
327.912503850385 1.4293171635551686e-23
328.01148580858086 1.429163866076688e-23
328.11046776677665 1.429010524740401e-23
328.2094497249725 1.428857139683195e-23
328.3084316831683 1.4287037110417044e-23
328.40741364136414 1.4285502389523127e-23
328.50639559955994 1.4283967235511476e-23
328.6053775577558 1.4282431649740872e-23
328.7043595159516 1.4280895633567585e-23
328.80334147414743 1.4279359188345346e-23
328.9023234323432 1.4277822315425408e-23
329.0013053905391 1.4276285016156512e-23
329.10028734873487 1.427474729188491e-23
329.1992693069307 1.4273209143954356e-23
329.2982512651265 1.427167057370611e-23
329.3972332233223 1.427013158247897e-23
329.49621518151815 1.4268592171609235e-23
329.59519713971395 1.4267052342430756e-23
329.6941790979098 1.4265512096274878e-23
329.7931610561056 1.4263971434470533e-23
329.89214301430144 1.4262430358344147e-23
329.99112497249723 1.4260888869219714e-23
330.0901069306931 1.4259346968418783e-23
330.1890888888889 1.4257804657260445e-23
330.2880708470847 1.4256261937061364e-23
330.3870528052805 1.4254718809135737e-23
330.48603476347637 1.4253175274795376e-23
330.58501672167216 1.4251631335349633e-23
330.68399867986795 1.425008699210544e-23
330.7829806380638 1.4248542246367328e-23
330.8819625962596 1.424699709943741e-23
330.98094455445545 1.424545155261536e-23
331.07992651265124 1.424390560719849e-23
331.1789084708471 1.4242359264481697e-23
331.2778904290429 1.4240812525757473e-23
331.37687238723873 1.423926539231592e-23
331.4758543454345 1.4237717865444776e-23
331.5748363036304 1.4236169946429368e-23
331.67381826182617 1.4234621636552655e-23
331.772800220022 1.4233072937095232e-23
331.8717821782178 1.423152384933532e-23
331.97076413641366 1.4229974374548775e-23
332.06974609460946 1.422842451400908e-23
332.16872805280525 1.4226874268987392e-23
332.2677100110011 1.4225323640752493e-23
332.3666919691969 1.4223772630570823e-23
332.46567392739274 1.422222123970648e-23
332.56465588558854 1.4220669469421232e-23
332.6636378437844 1.4219117320974517e-23
332.7626198019802 1.4217564795623405e-23
332.86160176017603 1.42160118946227e-23
332.9605837183718 1.421445861922484e-23
333.0595656765677 1.4212904970679962e-23
333.15854763476347 1.42113509502359e-23
333.2575295929593 1.4209796559138168e-23
333.3565115511551 1.4208241798629976e-23
333.45549350935096 1.4206686669952247e-23
333.55447546754675 1.420513117434358e-23
333.65345742574254 1.420357531304034e-23
333.7524393839384 1.4202019087276542e-23
333.8514213421342 1.420046249828396e-23
333.95040330033004 1.4198905547292074e-23
334.04938525852583 1.4197348235528105e-23
334.1483672167217 1.4195790564216973e-23
334.2473491749175 1.419423253458137e-23
334.3463311331133 1.4192674147841697e-23
334.4453130913091 1.419111540521613e-23
334.54429504950497 1.418955630792056e-23
334.64327700770076 1.4187996857168655e-23
334.7422589658966 1.4186437054171818e-23
334.8412409240924 1.418487690013923e-23
334.9402228822882 1.418331639627783e-23
335.03920484048405 1.4181755543792307e-23
335.13818679867984 1.4180194343885165e-23
335.2371687568757 1.4178632797756642e-23
335.3361507150715 1.4177070906604782e-23
335.43513267326733 1.417550867162539e-23
335.5341146314631 1.4173946094012088e-23
335.633096589659 1.4172383174956275e-23
335.73207854785477 1.4170819915647157e-23
335.8310605060506 1.4169256317271727e-23
335.9300424642464 1.41676923810148e-23
336.02902442244226 1.4166128108058984e-23
336.12800638063806 1.4164563499584712e-23
336.2269883388339 1.4162998556770217e-23
336.3259702970297 1.416143328079159e-23
336.4249522552255 1.4159867672822712e-23
336.52393421342134 1.4158301734035305e-23
336.62291617161713 1.4156735465598937e-23
336.721898129813 1.4155168868680987e-23
336.8208800880088 1.4153601944446703e-23
336.9198620462046 1.4152034694059156e-23
337.0188440044004 1.4150467118679293e-23
337.11782596259627 1.4148899219465885e-23
337.21680792079206 1.4147330997575583e-23
337.3157898789879 1.4145762454162886e-23
337.4147718371837 1.4144193590380167e-23
337.51375379537956 1.4142624407377666e-23
337.61273575357535 1.4141054906303507e-23
337.7117177117712 1.413948508830365e-23
337.810699669967 1.413791495452199e-23
337.9096816281628 1.4136344506100286e-23
338.00866358635864 1.413477374417817e-23
338.10764554455443 1.413320266989319e-23
338.2066275027503 1.413163128438077e-23
338.3056094609461 1.413005958877426e-23
338.4045914191419 1.4128487584204893e-23
338.5035733773377 1.412691527180182e-23
338.60255533553357 1.4125342652692105e-23
338.70153729372936 1.4123769728000725e-23
338.8005192519252 1.4122196498850575e-23
338.899501210121 1.4120622966362486e-23
338.99848316831685 1.4119049131655193e-23
339.09746512651265 1.4117474995845392e-23
339.19644708470844 1.4115900560047688e-23
339.2954290429043 1.4114325825374646e-23
339.3944110011001 1.411275079293677e-23
339.49339295929593 1.411117546384249e-23
339.5923749174917 1.4109599839198214e-23
339.6913568756876 1.4108023920108282e-23
339.79033883388337 1.410644770767502e-23
339.8893207920792 1.4104871202998684e-23
339.988302750275 1.4103294407177514e-23
340.08728470847086 1.4101717321307726e-23
340.18626666666665 1.4100139946483488e-23
340.2852486248625 1.4098562283796953e-23
340.3842305830583 1.4096984334338265e-23
340.48321254125415 1.4095406099195547e-23
340.58219449944994 1.4093827579454908e-23
340.68117645764573 1.409224877620044e-23
340.7801584158416 1.4090669690514252e-23
340.8791403740374 1.4089090323476433e-23
340.9781223322332 1.4087510676165078e-23
341.077104290429 1.4085930749656294e-23
341.17608624862487 1.4084350545024202e-23
341.27506820682066 1.4082770063340924e-23
341.3740501650165 1.4081189305676604e-23
341.4730321232123 1.4079608273099418e-23
341.57201408140816 1.4078026966675553e-23
341.67099603960395 1.407644538746923e-23
341.7699779977998 1.4074863536542704e-23
341.8689599559956 1.4073281414956266e-23
341.96794191419144 1.4071699023768235e-23
342.06692387238724 1.4070116364034987e-23
342.16590583058303 1.4068533436810935e-23
342.2648877887789 1.406695024314855e-23
342.3638697469747 1.4065366784098362e-23
342.4628517051705 1.406378306070893e-23
342.5618336633663 1.4062199074026904e-23
342.66081562156216 1.4060614825096987e-23
342.75979757975796 1.4059030314961946e-23
342.8587795379538 1.4057445544662625e-23
342.9577614961496 1.405586051523794e-23
343.05674345434545 1.4054275227724896e-23
343.15572541254124 1.405268968315856e-23
343.2547073707371 1.4051103882572096e-23
343.3536893289329 1.4049517826996764e-23
343.4526712871287 1.404793151746191e-23
343.55165324532453 1.4046344954994966e-23
343.6506352035203 1.4044758140621474e-23
343.7496171617162 1.4043171075365085e-23
343.84859911991197 1.4041583760247548e-23
343.9475810781078 1.4039996196288727e-23
344.0465630363036 1.403840838450658e-23
344.14554499449946 1.4036820325917216e-23
344.24452695269525 1.403523202153484e-23
344.3435089108911 1.4033643472371777e-23
344.4424908690869 1.403205467943851e-23
344.54147282728275 1.4030465643743615e-23
344.64045478547854 1.402887636629383e-23
344.7394367436744 1.402728684809401e-23
344.8384187018702 1.4025697090147166e-23
344.937400660066 1.4024107093454456e-23
345.0363826182618 1.4022516859015162e-23
345.1353645764576 1.402092638782675e-23
345.23434653465347 1.4019335680884808e-23
345.33332849284926 1.4017744739183104e-23
345.4323104510451 1.401615356371356e-23
345.5312924092409 1.4014562155466268e-23
345.63027436743675 1.4012970515429476e-23
345.72925632563255 1.401137864458962e-23
345.8282382838284 1.400978654393129e-23
345.9272202420242 1.4008194214437277e-23
346.02620220022004 1.4006601657088533e-23
346.12518415841583 1.4005008872864207e-23
346.2241661166117 1.4003415862741626e-23
346.3231480748075 1.4001822627696332e-23
346.42213003300327 1.4000229168702026e-23
346.5211119911991 1.3998635486730632e-23
346.6200939493949 1.3997041582752272e-23
346.71907590759076 1.3995447457735265e-23
346.81805786578656 1.399385311264614e-23
346.9170398239824 1.399225854844964e-23
347.0160217821782 1.3990663766108728e-23
347.11500374037405 1.3989068766584574e-23
347.21398569856984 1.3987473550836568e-23
347.3129676567657 1.3985878119822327e-23
347.4119496149615 1.3984282474497707e-23
347.51093157315734 1.3982686615816775e-23
347.60991353135313 1.3981090544731845e-23
347.7088954895489 1.3979494262193463e-23
347.8078774477448 1.397789776915042e-23
347.90685940594057 1.3976301066549742e-23
348.0058413641364 1.3974704155336708e-23
348.1048233223322 1.3973107036454843e-23
348.20380528052806 1.397150971084593e-23
348.30278723872385 1.396991217945001e-23
348.4017691969197 1.396831444320537e-23
348.5007511551155 1.3966716503048573e-23
348.59973311331134 1.396511835991444e-23
348.69871507150714 1.3963520014736075e-23
348.797697029703 1.3961921468444816e-23
348.8966789878988 1.3960322721970332e-23
348.99566094609463 1.3958723776240525e-23
349.0946429042904 1.395712463218161e-23
349.1936248624862 1.395552529071805e-23
349.29260682068207 1.3953925752772634e-23
349.39158877887786 1.3952326019266412e-23
349.4905707370737 1.3950726091118753e-23
349.5895526952695 1.3949125969247303e-23
349.68853465346535 1.3947525654568025e-23
349.78751661166115 1.394592514799516e-23
349.886498569857 1.3944324450441282e-23
349.9854805280528 1.3942723562817262e-23
350.08446248624864 1.394112248603229e-23
350.18344444444443 1.3939521220993858e-23
350.2824264026403 1.3937919768607788e-23
350.3814083608361 1.3936318129778222e-23
350.4803903190319 1.393471630540763e-23
350.5793722772277 1.3933114296396796e-23
350.6783542354235 1.3931512103644853e-23
350.77733619361936 1.3929909728049253e-23
350.87631815181516 1.3928307170505795e-23
350.975300110011 1.3926704431908603e-23
351.0742820682068 1.3925101513150165e-23
351.17326402640265 1.3923498415121305e-23
351.27224598459844 1.3921895138711188e-23
351.3712279427943 1.392029168480734e-23
351.4702099009901 1.3918688054295643e-23
351.56919185918593 1.3917084248060332e-23
351.6681738173817 1.391548026698401e-23
351.7671557755776 1.3913876111947624e-23
351.86613773377337 1.3912271783830508e-23
351.96511969196916 1.391066728351037e-23
352.064101650165 1.3909062611863267e-23
352.1630836083608 1.3907457769763656e-23
352.26206556655666 1.390585275808435e-23
352.36104752475245 1.3904247577696564e-23
352.4600294829483 1.3902642229469884e-23
352.5590114411441 1.390103671427229e-23
352.65799339933994 1.3899431032970155e-23
352.75697535753574 1.389782518642823e-23
352.8559573157316 1.3896219175509686e-23
352.9549392739274 1.389461300107606e-23
353.05392123212323 1.3893006663987333e-23
353.152903190319 1.389140016510185e-23
353.2518851485149 1.388979350527639e-23
353.35086710671067 1.3888186685366137e-23
353.44984906490646 1.388657970622469e-23
353.5488310231023 1.3884972568704044e-23
353.6478129812981 1.3883365273654647e-23
353.74679493949395 1.3881757821925346e-23
353.84577689768975 1.388015021436341e-23
353.9447588558856 1.3878542451814548e-23
354.0437408140814 1.3876934535122914e-23
354.14272277227724 1.3875326465131056e-23
354.24170473047303 1.387371824267999e-23
354.3406866886689 1.3872109868609155e-23
354.4396686468647 1.3870501343756446e-23
354.5386506050605 1.3868892668958186e-23
354.6376325632563 1.3867283845049158e-23
354.73661452145217 1.3865674872862594e-23
354.83559647964796 1.3864065753230176e-23
354.93457843784375 1.386245648698204e-23
355.0335603960396 1.3860847074946783e-23
355.1325423542354 1.3859237517951468e-23
355.23152431243125 1.3857627816821617e-23
355.33050627062704 1.385601797238123e-23
355.4294882288229 1.3854407985452737e-23
355.5284701870187 1.3852797856857104e-23
355.62745214521453 1.385118758741372e-23
355.7264341034103 1.3849577177940486e-23
355.8254160616062 1.384796662925375e-23
355.92439801980197 1.3846355942168388e-23
356.0233799779978 1.3844745117497716e-23
356.1223619361936 1.3843134156053574e-23
356.2213438943894 1.384152305864627e-23
356.32032585258526 1.3839911826084623e-23
356.41930781078105 1.383830045917594e-23
356.5182897689769 1.3836688958726027e-23
356.6172717271727 1.383507732553921e-23
356.71625368536854 1.3833465560418292e-23
356.81523564356434 1.383185366416461e-23
356.9142176017602 1.3830241637577998e-23
357.013199559956 1.3828629481456803e-23
357.11218151815183 1.3827017196597895e-23
357.2111634763476 1.3825404783796657e-23
357.3101454345435 1.3823792243846994e-23
357.40912739273926 1.3822179577541342e-23
357.5081093509351 1.382056678567065e-23
357.6070913091309 1.3818953869024412e-23
357.7060732673267 1.3817340828390644e-23
357.80505522552255 1.3815727664555903e-23
357.90403718371834 1.3814114378305277e-23
358.0030191419142 1.3812500970422392e-23
358.10200110011 1.381088744168943e-23
358.20098305830584 1.3809273792887112e-23
358.29996501650163 1.3807660024794702e-23
358.3989469746975 1.3806046138190003e-23
358.4979289328933 1.3804432133849406e-23
358.5969108910891 1.3802818012547826e-23
358.6958928492849 1.3801203775058742e-23
358.79487480748077 1.3799589422154216e-23
358.89385676567656 1.3797974954604845e-23
358.9928387238724 1.37963603731798e-23
359.0918206820682 1.3794745678646827e-23
359.190802640264 1.3793130871772245e-23
359.28978459845985 1.3791515953320944e-23
359.38876655665564 1.3789900924056384e-23
359.4877485148515 1.3788285784740595e-23
359.5867304730473 1.3786670536134226e-23
359.68571243124313 1.378505517899647e-23
359.7846943894389 1.3783439714085135e-23
359.8836763476348 1.3781824142156582e-23
359.98265830583057 1.378020846396581e-23
360.0816402640264 1.3778592680266376e-23
360.1806222222222 1.3776976791810455e-23
360.27960418041806 1.3775360799348807e-23
360.37858613861385 1.37737447036308e-23
360.47756809680965 1.3772128505404403e-23
360.5765500550055 1.3770512205416197e-23
360.6755320132013 1.3768895804411376e-23
360.77451397139714 1.3767279303133724e-23
360.87349592959293 1.376566270232567e-23
360.9724778877888 1.3764046002728227e-23
361.0714598459846 1.3762429205081055e-23
361.1704418041804 1.376081231012243e-23
361.2694237623762 1.3759195318589244e-23
361.36840572057207 1.3757578231217004e-23
361.46738767876786 1.3755961048739867e-23
361.5663696369637 1.3754343771890627e-23
361.6653515951595 1.375272640140069e-23
361.76433355335536 1.3751108938000102e-23
361.86331551155115 1.374949138241756e-23
361.96229746974694 1.3747873735380403e-23
362.0612794279428 1.3746255997614596e-23
362.1602613861386 1.374463816984477e-23
362.25924334433444 1.3743020252794184e-23
362.35822530253023 1.3741402247184766e-23
362.4572072607261 1.373978415373709e-23
362.5561892189219 1.3738165973170386e-23
362.6551711771177 1.3736547706202542e-23
362.7541531353135 1.3734929353550108e-23
362.85313509350937 1.3733310915928296e-23
362.95211705170516 1.373169239405099e-23
363.051099009901 1.373007378863072e-23
363.1500809680968 1.3728455100378715e-23
363.24906292629265 1.3726836330004857e-23
363.34804488448844 1.3725217478217714e-23
363.44702684268424 1.3723598545724515e-23
363.5460088008801 1.3721979533231194e-23
363.6449907590759 1.372036044144234e-23
363.74397271727173 1.371874127106125e-23
363.8429546754675 1.3717122022789884e-23
363.9419366336634 1.3715502697328918e-23
364.04091859185917 1.3713883295377693e-23
364.139900550055 1.3712263817634264e-23
364.2388825082508 1.3710644264795374e-23
364.33786446644666 1.3709024637556455e-23
364.43684642464245 1.3707404936611663e-23
364.5358283828383 1.370578516265383e-23
364.6348103410341 1.370416531637451e-23
364.7337922992299 1.3702545398463965e-23
364.83277425742574 1.370092540961116e-23
364.93175621562153 1.3699305350503784e-23
365.0307381738174 1.3697685221828215e-23
365.1297201320132 1.369606502426958e-23
365.228702090209 1.36944447585117e-23
365.3276840484048 1.3692824425237123e-23
365.42666600660067 1.369120402512714e-23
365.52564796479646 1.368958355886175e-23
365.6246299229923 1.3687963027119673e-23
365.7236118811881 1.3686342430578377e-23
365.82259383938396 1.3684721769914055e-23
365.92157579757975 1.3683101045801633e-23
366.0205577557756 1.368148025891478e-23
366.1195397139714 1.36798594099259e-23
366.2185216721672 1.3678238499506143e-23
366.31750363036303 1.3676617528325396e-23
366.4164855885588 1.367499649705229e-23
366.5154675467547 1.3673375406354224e-23
366.61444950495047 1.3671754256897334e-23
366.7134314631463 1.36701330493465e-23
366.8124134213421 1.3668511784365378e-23
366.91139537953796 1.366689046261636e-23
367.01037733773376 1.366526908476062e-23
367.1093592959296 1.3663647651458073e-23
367.2083412541254 1.3662026163367412e-23
367.30732321232125 1.366040462114608e-23
367.40630517051704 1.365878302545031e-23
367.5052871287129 1.365716137693509e-23
367.6042690869087 1.3655539676254197e-23
367.7032510451045 1.3653917924060155e-23
367.80223300330033 1.3652296121004294e-23
367.9012149614961 1.3650674267736713e-23
368.000196919692 1.364905236490628e-23
368.09917887788777 1.3647430413160664e-23
368.1981608360836 1.3645808413146314e-23
368.2971427942794 1.364418636550847e-23
368.39612475247526 1.3642564270891148e-23
368.49510671067105 1.3640942129937182e-23
368.5940886688669 1.3639319943288168e-23
368.6930706270627 1.3637697711584525e-23
368.79205258525855 1.363607543546547e-23
368.89103454345434 1.3634453115569e-23
368.99001650165013 1.3632830752531933e-23
369.088998459846 1.3631208346989882e-23
369.1879804180418 1.3629585899577277e-23
369.2869623762376 1.3627963410927348e-23
369.3859443344334 1.3626340881672145e-23
369.48492629262927 1.3624718312442537e-23
369.58390825082506 1.3623095703868173e-23
369.6828902090209 1.362147305657757e-23
369.7818721672167 1.3619850371198033e-23
369.88085412541255 1.3618227648355693e-23
369.97983608360835 1.3616604888675518e-23
370.0788180418042 1.361498209278128e-23
370.1778 1.36133592612956e-23
370.27678195819584 1.3611736394839924e-23
370.37576391639163 1.3610113494034522e-23
370.4747458745874 1.3608490559498515e-23
370.5737278327833 1.3606867591849835e-23
370.67270979097907 1.3605244591705278e-23
370.7716917491749 1.360362155968048e-23
370.8706737073707 1.360199849638988e-23
370.96965566556656 1.3600375402446817e-23
371.06863762376236 1.3598752278463445e-23
371.1676195819582 1.359712912505078e-23
371.266601540154 1.3595505942818667e-23
371.36558349834985 1.3593882732375828e-23
371.46456545654564 1.3592259494329834e-23
371.5635474147415 1.3590636229287107e-23
371.6625293729373 1.358901293785294e-23
371.76151133113314 1.3587389620631462e-23
371.86049328932893 1.3585766278225696e-23
371.9594752475247 1.3584142911237502e-23
372.0584572057206 1.3582519520267637e-23
372.15743916391637 1.3580896105915698e-23
372.2564211221122 1.3579272668780176e-23
372.355403080308 1.357764920945841e-23
372.45438503850386 1.357602572854665e-23
372.55336699669965 1.357440222663998e-23
372.6523489548955 1.3572778704332404e-23
372.7513309130913 1.3571155162216776e-23
372.85031287128714 1.356953160088484e-23
372.94929482948294 1.3567908020927257e-23
373.0482767876788 1.356628442293352e-23
373.1472587458746 1.3564660807492052e-23
373.2462407040704 1.3563037175190155e-23
373.3452226622662 1.356141352661402e-23
373.444204620462 1.355978986234873e-23
373.54318657865787 1.3558166182978278e-23
373.64216853685366 1.3556542489085548e-23
373.7411504950495 1.355491878125232e-23
373.8401324532453 1.3553295060059293e-23
373.93911441144115 1.355167132608604e-23
374.03809636963695 1.3550047579911082e-23
374.1370783278328 1.3548423822111806e-23
374.2360602860286 1.354680005326455e-23
374.33504224422444 1.354517627394452e-23
374.43402420242023 1.3543552484725878e-23
374.5330061606161 1.3541928686181675e-23
374.6319881188119 1.3540304878883893e-23
374.73097007700767 1.3538681063403432e-23
374.8299520352035 1.3537057240310106e-23
374.9289339933993 1.3535433410172656e-23
375.02791595159516 1.3533809573558758e-23
375.12689790979096 1.3532185731035012e-23
375.2258798679868 1.3530561883166935e-23
375.3248618261826 1.352893803051899e-23
375.42384378437845 1.352731417365457e-23
375.52282574257424 1.3525690313135996e-23
375.6218077007701 1.3524066449524528e-23
375.7207896589659 1.352244258338038e-23
375.81977161716173 1.352081871526268e-23
375.9187535753575 1.3519194845729515e-23
376.0177355335533 1.3517570975337923e-23
376.11671749174917 1.3515947104643875e-23
376.21569944994496 1.351432323420229e-23
376.3146814081408 1.351269936456705e-23
376.4136633663366 1.3511075496290977e-23
376.51264532453246 1.3509451629925852e-23
376.61162728272825 1.350782776602241e-23
376.7106092409241 1.3506203905130336e-23
376.8095911991199 1.3504580047798298e-23
376.90857315731574 1.3502956194573886e-23
377.00755511551154 1.3501332346003694e-23
377.1065370737074 1.3499708502633255e-23
377.2055190319032 1.3498084665007077e-23
377.30450099009903 1.349646083366863e-23
377.4034829482948 1.3494837009160376e-23
377.5024649064906 1.349321319202372e-23
377.60144686468647 1.3491589382799044e-23
377.70042882288226 1.3489965582025737e-23
377.7994107810781 1.3488341790242126e-23
377.8983927392739 1.3486718007985544e-23
377.99737469746975 1.3485094235792283e-23
378.09635665566555 1.3483470474197642e-23
378.1953386138614 1.3481846723735892e-23
378.2943205720572 1.348022298494029e-23
378.39330253025304 1.3478599258343077e-23
378.49228448844883 1.3476975544475498e-23
378.5912664466447 1.3475351843867778e-23
378.6902484048405 1.3473728157049133e-23
378.7892303630363 1.3472104484547776e-23
378.8882123212321 1.3470480826890945e-23
378.9871942794279 1.3468857184604827e-23
379.08617623762376 1.3467233558214655e-23
379.18515819581955 1.3465609948244626e-23
379.2841401540154 1.3463986355217964e-23
379.3831221122112 1.3462362779656902e-23
379.48210407040705 1.3460739222082673e-23
379.58108602860284 1.345911568301551e-23
379.6800679867987 1.3457492162974672e-23
379.7790499449945 1.345586866247843e-23
379.87803190319033 1.345424518204405e-23
379.9770138613861 1.3452621722187847e-23
380.075995819582 1.3450998283425123e-23
380.17497777777777 1.3449374866270212e-23
380.27395973597356 1.344775147123648e-23
380.3729416941694 1.3446128098836295e-23
380.4719236523652 1.3444504749581068e-23
380.57090561056106 1.3442881423981228e-23
380.66988756875685 1.3441258122546228e-23
380.7688695269527 1.3439634845784563e-23
380.8678514851485 1.3438011594203748e-23
380.96683344334434 1.3436388368310347e-23
381.06581540154014 1.3434765168609936e-23
381.164797359736 1.343314199560715e-23
381.2637793179318 1.3431518849805642e-23
381.3627612761276 1.3429895731708126e-23
381.4617432343234 1.342827264181635e-23
381.56072519251927 1.3426649580631096e-23
381.65970715071506 1.342502654865219e-23
381.75868910891086 1.3423403546378537e-23
381.8576710671067 1.3421780574308044e-23
381.9566530253025 1.3420157632937705e-23
382.05563498349835 1.3418534722763545e-23
382.15461694169414 1.3416911844280655e-23
382.25359889989 1.341528899798317e-23
382.3525808580858 1.3413666184364284e-23
382.45156281628164 1.3412043403916262e-23
382.55054477447743 1.341042065713042e-23
382.6495267326733 1.3408797944497127e-23
382.7485086908691 1.340717526650583e-23
382.8474906490649 1.3405552623645032e-23
382.9464726072607 1.3403930016402308e-23
383.04545456545657 1.3402307445264303e-23
383.14443652365236 1.3400684910716725e-23
383.24341848184815 1.339906241324435e-23
383.342400440044 1.339743995333105e-23
383.4413823982398 1.3395817531459727e-23
383.54036435643565 1.339419514811242e-23
383.63934631463144 1.33925728037702e-23
383.7383282728273 1.339095049891322e-23
383.8373102310231 1.3389328234020756e-23
383.93629218921893 1.338770600957111e-23
384.0352741474147 1.338608382604171e-23
384.1342561056106 1.3384461683909043e-23
384.23323806380637 1.338283958364871e-23
384.3322200220022 1.3381217525735383e-23
384.431201980198 1.3379595510642829e-23
384.5301839383938 1.3377973538843904e-23
384.62916589658965 1.337635161081056e-23
384.72814785478545 1.337472972701386e-23
384.8271298129813 1.3373107887923938e-23
384.9261117711771 1.3371486094010047e-23
385.02509372937294 1.3369864345740533e-23
385.12407568756873 1.3368242643582833e-23
385.2230576457646 1.3366620988003512e-23
385.3220396039604 1.3364999379468224e-23
385.4210215621562 1.3363377818441727e-23
385.520003520352 1.3361756305387896e-23
385.61898547854787 1.336013484076971e-23
385.71796743674366 1.3358513425049264e-23
385.8169493949395 1.335689205868776e-23
385.9159313531353 1.3355270742145514e-23
386.0149133113311 1.3353649475881978e-23
386.11389526952695 1.3352028260355694e-23
386.21287722772274 1.335040709602433e-23
386.3118591859186 1.334878598334469e-23
386.4108411441144 1.3347164922772676e-23
386.50982310231024 1.334554391476334e-23
386.60880506050603 1.3343922959770834e-23
386.7077870187019 1.3342302058248448e-23
386.8067689768977 1.334068121064862e-23
386.9057509350935 1.3339060417422874e-23
387.0047328932893 1.333743967902191e-23
387.10371485148517 1.3335818995895524e-23
387.20269680968096 1.3334198368492665e-23
387.3016787678768 1.333257779726143e-23
387.4006607260726 1.3330957282649024e-23
387.4996426842684 1.3329336825101813e-23
387.59862464246424 1.332771642506529e-23
387.69760660066004 1.3326096082984105e-23
387.7965885588559 1.3324475799302035e-23
387.8955705170517 1.3322855574462007e-23
387.99455247524753 1.3321235408906105e-23
388.0935344334433 1.3319615303075543e-23
388.1925163916392 1.33179952574107e-23
388.29149834983497 1.331637527235109e-23
388.3904803080308 1.3314755348335402e-23
388.4894622662266 1.3313135485801455e-23
388.58844422442246 1.3311515685186232e-23
388.68742618261825 1.3309895946925877e-23
388.78640814081405 1.330827627145569e-23
388.8853900990099 1.3306656659210128e-23
388.9843720572057 1.3305037110622816e-23
389.08335401540154 1.3303417626126524e-23
389.18233597359733 1.3301798206153205e-23
389.2813179317932 1.3300178851133975e-23
389.380299889989 1.3298559561499096e-23
389.4792818481848 1.3296940337678034e-23
389.5782638063806 1.329532118009939e-23
389.67724576457647 1.3293702089190962e-23
389.77622772277226 1.3292083065379704e-23
389.8752096809681 1.3290464109091755e-23
389.9741916391639 1.3288845220752427e-23
390.07317359735976 1.3287226400786193e-23
390.17215555555555 1.3285607649616733e-23
390.27113751375134 1.3283988967666878e-23
390.3701194719472 1.3282370355358668e-23
390.469101430143 1.32807518131133e-23
390.56808338833883 1.3279133341351175e-23
390.6670653465346 1.3277514940491873e-23
390.7660473047305 1.3275896610954154e-23
390.86502926292627 1.327427835315597e-23
390.9640112211221 1.3272660167514472e-23
391.0629931793179 1.327104205444599e-23
391.16197513751376 1.3269424014366043e-23
391.26095709570956 1.3267806047689362e-23
391.3599390539054 1.3266188154829866e-23
391.4589210121012 1.3264570336200663e-23
391.55790297029705 1.3262952592214064e-23
391.65688492849284 1.326133492328158e-23
391.75586688668864 1.3259717329813927e-23
391.8548488448845 1.325809981222101e-23
391.9538308030803 1.3256482370911963e-23
392.05281276127613 1.3254865006295084e-23
392.1517947194719 1.3253247718777932e-23
392.2507766776678 1.3251630508767224e-23
392.34975863586357 1.3250013376668907e-23
392.4487405940594 1.3248396322888155e-23
392.5477225522552 1.3246779347829315e-23
392.64670451045106 1.3245162451895983e-23
392.74568646864685 1.3243545635490957e-23
392.8446684268427 1.3241928899016243e-23
392.9436503850385 1.3240312242873074e-23
393.0426323432343 1.32386956674619e-23
393.14161430143014 1.3237079173182394e-23
393.24059625962593 1.3235462760433443e-23
393.3395782178218 1.3233846429613161e-23
393.4385601760176 1.323223018111889e-23
393.5375421342134 1.3230614015347187e-23
393.6365240924092 1.3228997932693845e-23
393.73550605060507 1.3227381933553888e-23
393.83448800880086 1.3225766018321559e-23
393.9334699669967 1.3224150187390336e-23
394.0324519251925 1.3222534441152935e-23
394.13143388338835 1.3220918780001293e-23
394.23041584158415 1.3219303204326602e-23
394.32939779978 1.3217687714519272e-23
394.4283797579758 1.321607231096895e-23
394.5273617161716 1.3214456994064542e-23
394.62634367436743 1.3212841764194161e-23
394.7253256325632 1.3211226621745203e-23
394.8243075907591 1.3209611567104271e-23
394.92328954895487 1.3207996600657233e-23
395.0222715071507 1.3206381722789188e-23
395.1212534653465 1.3204766933884496e-23
395.22023542354236 1.3203152234326753e-23
395.31921738173816 1.3201537624498813e-23
395.418199339934 1.3199923104782775e-23
395.5171812981298 1.3198308675559995e-23
395.61616325632565 1.3196694337211077e-23
395.71514521452144 1.3195080090115881e-23
395.8141271727173 1.3193465934653529e-23
395.9131091309131 1.3191851871202385e-23
396.0120910891089 1.3190237900140087e-23
396.1110730473047 1.3188624021843528e-23
396.2100550055005 1.3187010236688861e-23
396.30903696369637 1.3185396545051493e-23
396.40801892189216 1.3183782947306114e-23
396.507000880088 1.3182169443826659e-23
396.6059828382838 1.318055603498635e-23
396.70496479647966 1.3178942721157636e-23
396.80394675467545 1.317732950271229e-23
396.9029287128713 1.3175716380021316e-23
397.0019106710671 1.3174103353455e-23
397.10089262926294 1.3172490423382898e-23
397.19987458745874 1.3170877590173854e-23
397.29885654565453 1.3169264854195956e-23
397.3978385038504 1.3167652215816605e-23
397.4968204620462 1.3166039675402456e-23
397.595802420242 1.3164427233319436e-23
397.6947843784378 1.3162814889932783e-23
397.79376633663367 1.3161202645606986e-23
397.89274829482946 1.315959050070583e-23
397.9917302530253 1.3157978455592379e-23
398.0907122112211 1.3156366510628992e-23
398.18969416941695 1.3154754666177293e-23
398.28867612761275 1.3153142922598222e-23
398.3876580858086 1.3151531280251979e-23
398.4866400440044 1.3149919739498072e-23
398.58562200220024 1.3148308300695297e-23
398.68460396039603 1.3146696964201735e-23
398.7835859185918 1.3145085730374767e-23
398.8825678767877 1.3143474599571068e-23
398.98154983498347 1.314186357214661e-23
399.0805317931793 1.3140252648456658e-23
399.1795137513751 1.3138641828855776e-23
399.27849570957096 1.3137031113697836e-23
399.37747766776675 1.313542050333599e-23
399.4764596259626 1.3133809998122721e-23
399.5754415841584 1.3132199598409795e-23
399.67442354235425 1.3130589304548277e-23
399.77340550055004 1.3128979116888554e-23
399.8723874587459 1.3127369035780323e-23
399.9713694169417 1.3125759061572565e-23
400.07035137513753 1.3124149194613594e-23
400.1693333333333 1.312253943525102e-23
400.2683152915291 1.3120929783831772e-23
400.36729724972497 1.3119320240702088e-23
400.46627920792076 1.3117710806207528e-23
400.5652611661166 1.3116101480692945e-23
400.6642431243124 1.311449226450253e-23
400.76322508250826 1.3112883157979788e-23
400.86220704070405 1.3111274161467544e-23
400.9611889988999 1.3109665275307925e-23
401.0601709570957 1.3108056499842402e-23
401.15915291529154 1.3106447835411756e-23
401.25813487348734 1.3104839282356093e-23
401.3571168316832 1.3103230841014845e-23
401.456098789879 1.3101622511726762e-23
401.5550807480748 1.3100014294829938e-23
401.6540627062706 1.3098406190661775e-23
401.7530446644664 1.309679819955902e-23
401.85202662266227 1.309519032185774e-23
401.95100858085806 1.3093582557893341e-23
402.0499905390539 1.3091974908000554e-23
402.1489724972497 1.3090367372513452e-23
402.24795445544555 1.3088759951765433e-23
402.34693641364134 1.3087152646089237e-23
402.4459183718372 1.3085545455816942e-23
402.544900330033 1.3083938381279967e-23
402.64388228822884 1.3082331422809061e-23
402.74286424642463 1.3080724580734316e-23
402.8418462046205 1.3079117855385178e-23
402.9408281628163 1.3077511247090415e-23
403.03981012101207 1.307590475617816e-23
403.1387920792079 1.3074298382975879e-23
403.2377740374037 1.3072692127810379e-23
403.33675599559956 1.3071085991007833e-23
403.43573795379535 1.3069479972893743e-23
403.5347199119912 1.306787407379298e-23
403.633701870187 1.3066268294029743e-23
403.73268382838285 1.3064662633927597e-23
403.83166578657864 1.3063057093809464e-23
403.9306477447745 1.3061451673997607e-23
404.0296297029703 1.3059846374813652e-23
404.12861166116613 1.3058241196578582e-23
404.2275936193619 1.3056636139612739e-23
404.3265755775578 1.3055031204235814e-23
404.42555753575357 1.3053426390766866e-23
404.52453949394936 1.3051821699524309e-23
404.6235214521452 1.3050217130825927e-23
404.722503410341 1.3048612684988862e-23
404.82148536853686 1.3047008362329612e-23
404.92046732673265 1.304540416316406e-23
405.0194492849285 1.3043800087807437e-23
405.1184312431243 1.3042196136574344e-23
405.21741320132014 1.3040592309778765e-23
405.31639515951593 1.3038988607734026e-23
405.4153771177118 1.3037385030752849e-23
405.5143590759076 1.3035781579147322e-23
405.6133410341034 1.3034178253228896e-23
405.7123229922992 1.3032575053308404e-23
405.811304950495 1.3030971979696054e-23
405.91028690869086 1.3029369032701424e-23
406.00926886688666 1.3027766212633474e-23
406.1082508250825 1.3026163519800538e-23
406.2072327832783 1.3024560954510338e-23
406.30621474147415 1.3022958517069962e-23
406.40519669966994 1.3021356207785896e-23
406.5041786578658 1.3019754026963991e-23
406.6031606160616 1.3018151974909494e-23
406.70214257425744 1.3016550051927035e-23
406.80112453245323 1.3014948258320621e-23
406.9001064906491 1.3013346594393656e-23
406.9990884488449 1.3011745060448923e-23
407.0980704070407 1.3010143656788597e-23
407.1970523652365 1.3008542383714252e-23
407.2960343234323 1.3006941241526837e-23
407.39501628162816 1.30053402305267e-23
407.49399823982395 1.300373935101358e-23
407.5929801980198 1.3002138603286614e-23
407.6919621562156 1.3000537987644333e-23
407.79094411441145 1.299893750438466e-23
407.88992607260724 1.299733715380492e-23
407.9889080308031 1.2995736936201829e-23
408.0878899889989 1.299413685187151e-23
408.18687194719473 1.2992536901109479e-23
408.2858539053905 1.2990937084210659e-23
408.3848358635864 1.2989337401469379e-23
408.48381782178217 1.2987737853179354e-23
408.582799779978 1.2986138439633718e-23
408.6817817381738 1.2984539161125011e-23
408.7807636963696 1.2982940017945166e-23
408.87974565456545 1.298134101038554e-23
408.97872761276125 1.2979742138736892e-23
409.0777095709571 1.2978143403289375e-23
409.1766915291529 1.2976544804332575e-23
409.27567348734874 1.2974946342155483e-23
409.37465544554453 1.2973348017046491e-23
409.4736374037404 1.2971749829293419e-23
409.5726193619362 1.2970151779183498e-23
409.671601320132 1.2968553867003362e-23
409.7705832783278 1.2966956093039076e-23
409.86956523652367 1.2965358457576113e-23
409.96854719471946 1.296376096089937e-23
410.06752915291526 1.2962163603293169e-23
410.1665111111111 1.296056638504123e-23
410.2654930693069 1.2958969306426727e-23
410.36447502750275 1.2957372367732227e-23
410.46345698569854 1.2955775569239732e-23
410.5624389438944 1.295417891123067e-23
410.6614209020902 1.2952582393985898e-23
410.76040286028604 1.2950986017785685e-23
410.85938481848183 1.2949389782909742e-23
410.9583667766777 1.2947793689637193e-23
411.0573487348735 1.294619773824661e-23
411.1563306930693 1.2944601929015983e-23
411.2553126512651 1.2943006262222737e-23
411.35429460946096 1.2941410738143725e-23
411.45327656765676 1.2939815357055234e-23
411.55225852585255 1.293822011923299e-23
411.6512404840484 1.2936625024952152e-23
411.7502224422442 1.2935030074487312e-23
411.84920440044004 1.2933435268112499e-23
411.94818635863584 1.2931840606101182e-23
412.0471683168317 1.2930246088726274e-23
412.1461502750275 1.2928651716260122e-23
412.24513223322333 1.2927057488974507e-23
412.3441141914191 1.2925463407140667e-23
412.443096149615 1.292386947102927e-23
412.54207810781077 1.2922275680910433e-23
412.6410600660066 1.292068203705372e-23
412.7400420242024 1.2919088539728131e-23
412.83902398239826 1.2917495189202131e-23
412.93800594059405 1.291590198574361e-23
413.03698789878985 1.2914308929619925e-23
413.1359698569857 1.2912716021097866e-23
413.2349518151815 1.2911123260443687e-23
413.33393377337734 1.2909530647923087e-23
413.43291573157313 1.2907938183801222e-23
413.531897689769 1.2906345868342684e-23
413.6308796479648 1.2904753701811552e-23
413.7298616061606 1.2903161684471326e-23
413.8288435643564 1.2901569816584982e-23
413.92782552255227 1.2899978098414947e-23
414.02680748074806 1.2898386530223104e-23
414.1257894389439 1.2896795112270794e-23
414.2247713971397 1.2895203844818824e-23
414.3237533553355 1.289361272812746e-23
414.42273531353135 1.2892021762456424e-23
414.52171727172714 1.28904309480649e-23
414.620699229923 1.2888840285211545e-23
414.7196811881188 1.288724977415447e-23
414.81866314631463 1.2885659415151257e-23
414.9176451045104 1.2884069208458958e-23
415.0166270627063 1.2882479154334073e-23
415.11560902090207 1.2880889253032597e-23
415.2145909790979 1.2879299504809969e-23
415.3135729372937 1.2877709909921113e-23
415.41255489548956 1.2876120468620425e-23
415.51153685368536 1.2874531181161755e-23
415.6105188118812 1.2872942047798442e-23
415.709500770077 1.2871353068783301e-23
415.8084827282728 1.2869764244368605e-23
415.90746468646864 1.286817557480611e-23
416.00644664466444 1.2866587060347056e-23
416.1054286028603 1.2864998701242142e-23
416.2044105610561 1.2863410497741567e-23
416.30339251925193 1.286182245009499e-23
416.4023744774477 1.2860234558551557e-23
416.5013564356436 1.2858646823359896e-23
416.60033839383937 1.2857059244768116e-23
416.6993203520352 1.2855471823023799e-23
416.798302310231 1.2853884558374026e-23
416.89728426842686 1.2852297451065354e-23
416.99626622662265 1.285071050134382e-23
417.0952481848185 1.2849123709454954e-23
417.1942301430143 1.2847537075643765e-23
417.2932121012101 1.2845950600154761e-23
417.39219405940594 1.2844364283231927e-23
417.49117601760173 1.2842778125118745e-23
417.5901579757976 1.2841192126058183e-23
417.6891399339934 1.2839606286292707e-23
417.7881218921892 1.2838020606064263e-23
417.887103850385 1.2836435085614293e-23
417.98608580858087 1.2834849725183738e-23
418.08506776677666 1.2833264525013038e-23
418.1840497249725 1.283167948534211e-23
418.2830316831683 1.2830094606410387e-23
418.38201364136415 1.2828509888456785e-23
418.48099559955995 1.2826925331719726e-23
418.57997755775574 1.282534093643713e-23
418.6789595159516 1.282375670284641e-23
418.7779414741474 1.2822172631184482e-23
418.87692343234323 1.2820588721687775e-23
418.975905390539 1.2819004974592208e-23
419.0748873487349 1.2817421390133194e-23
419.17386930693067 1.2815837968545681e-23
419.2728512651265 1.2814254710064081e-23
419.3718332233223 1.2812671614922349e-23
419.47081518151816 1.2811088683353923e-23
419.56979713971396 1.2809505915591758e-23
419.6687790979098 1.280792331186831e-23
419.7677610561056 1.2806340872415552e-23
419.86674301430145 1.2804758597464962e-23
419.96572497249724 1.2803176487247533e-23
420.06470693069303 1.2801594541993759e-23
420.1636888888889 1.2800012761933657e-23
420.2626708470847 1.2798431147296761e-23
420.3616528052805 1.2796849698312098e-23
420.4606347634763 1.2795268415208225e-23
420.55961672167217 1.2793687298213219e-23
420.65859867986796 1.2792106347554668e-23
420.7575806380638 1.2790525563459671e-23
420.8565625962596 1.278894494615485e-23
420.95554455445546 1.2787364495866348e-23
421.05452651265125 1.2785784212819825e-23
421.1535084708471 1.2784204097240467e-23
421.2524904290429 1.2782624149352966e-23
421.35147238723874 1.2781044369381554e-23
421.45045434543454 1.2779464757549981e-23
421.54943630363033 1.2777885314081509e-23
421.6484182618262 1.277630603919894e-23
421.747400220022 1.2774726933124597e-23
421.8463821782178 1.2773147996080324e-23
421.9453641364136 1.2771569228287499e-23
422.04434609460947 1.2769990629967021e-23
422.14332805280526 1.2768412201339317e-23
422.2423100110011 1.2766833942624351e-23
422.3412919691969 1.2765255854041615e-23
422.44027392739275 1.2763677935810133e-23
422.53925588558855 1.2762100188148454e-23
422.6382378437844 1.2760522611274657e-23
422.7372198019802 1.275894520540637e-23
422.836201760176 1.2757367970760751e-23
422.93518371837183 1.2755790907554475e-23
423.0341656765676 1.2754214016003772e-23
423.1331476347635 1.2752637296324405e-23
423.23212959295927 1.2751060748731675e-23
423.3311115511551 1.2749484373440408e-23
423.4300935093509 1.2747908170664981e-23
423.52907546754676 1.2746332140619319e-23
423.62805742574255 1.2744756283516864e-23
423.7270393839384 1.2743180599570616e-23
423.8260213421342 1.2741605088993121e-23
423.92500330033005 1.2740029751996452e-23
424.02398525852584 1.2738454588792236e-23
424.1229672167217 1.2736879599591641e-23
424.2219491749175 1.2735304784605387e-23
424.3209311331133 1.2733730144043731e-23
424.4199130913091 1.2732155678116471e-23
424.5188950495049 1.2730581387032975e-23
424.61787700770077 1.2729007271002145e-23
424.71685896589656 1.2727433330232426e-23
424.8158409240924 1.2725859564931812e-23
424.9148228822882 1.2724285975307876e-23
425.01380484048406 1.2722712561567702e-23
425.11278679867985 1.2721139323917958e-23
425.2117687568757 1.2719566262564846e-23
425.3107507150715 1.2717993377714124e-23
425.40973267326734 1.2716420669571118e-23
425.50871463146314 1.2714848138340691e-23
425.607696589659 1.2713275784227277e-23
425.7066785478548 1.2711703607434855e-23
425.8056605060506 1.2710131608166965e-23
425.9046424642464 1.270855978662671e-23
426.0036244224422 1.2706988143016745e-23
426.10260638063806 1.2705416677539284e-23
426.20158833883386 1.2703845390396113e-23
426.3005702970297 1.2702274281788566e-23
426.3995522552255 1.2700703351917549e-23
426.49853421342135 1.2699132600983519e-23
426.59751617161714 1.2697562029186509e-23
426.696498129813 1.2695991636726102e-23
426.7954800880088 1.269442142380146e-23
426.89446204620464 1.2692851390611305e-23
426.99344400440043 1.2691281537353923e-23
427.0924259625962 1.2689711864227166e-23
427.1914079207921 1.268814237142846e-23
427.29038987898787 1.2686573059154794e-23
427.3893718371837 1.2685003927602732e-23
427.4883537953795 1.2683434976968396e-23
427.58733575357536 1.2681866207447493e-23
427.68631771177115 1.2680297619235296e-23
427.785299669967 1.2678729212526651e-23
427.8842816281628 1.267716098751597e-23
427.98326358635865 1.2675592944397245e-23
428.08224554455444 1.2674025083364043e-23
428.1812275027503 1.2672457404609506e-23
428.2802094609461 1.2670889908326346e-23
428.37919141914193 1.2669322594706856e-23
428.4781733773377 1.2667755463942918e-23
428.5771553355335 1.2666188516225965e-23
428.67613729372937 1.266462175174702e-23
428.77511925192516 1.2663055170696707e-23
428.874101210121 1.2661488773265195e-23
428.9730831683168 1.2659922559642263e-23
429.07206512651265 1.265835653001725e-23
429.17104708470845 1.26567906845791e-23
429.2700290429043 1.2655225023516307e-23
429.3690110011001 1.2653659547016982e-23
429.46799295929594 1.2652094255268802e-23
429.56697491749173 1.2650529148459036e-23
429.6659568756876 1.264896422677453e-23
429.7649388338834 1.264739949040173e-23
429.8639207920792 1.2645834939526658e-23
429.962902750275 1.2644270574334929e-23
430.0618847084708 1.2642706395011743e-23
430.16086666666666 1.2641142401741896e-23
430.25984862486246 1.2639578594709762e-23
430.3588305830583 1.263801497409932e-23
430.4578125412541 1.2636451540094128e-23
430.55679449944995 1.2634888292877352e-23
430.65577645764574 1.263332523263173e-23
430.7547584158416 1.2631762359539598e-23
430.8537403740374 1.2630199673782909e-23
430.95272233223324 1.262863717554318e-23
431.05170429042903 1.2627074865001547e-23
431.1506862486249 1.2625512742338718e-23
431.2496682068207 1.2623950807735029e-23
431.34865016501647 1.2622389061370382e-23
431.4476321232123 1.2620827503424299e-23
431.5466140814081 1.2619266134075901e-23
431.64559603960396 1.2617704953503881e-23
431.74457799779975 1.261614396188657e-23
431.8435599559956 1.2614583159401875e-23
431.9425419141914 1.2613022546227316e-23
432.04152387238724 1.2611462122540016e-23
432.14050583058304 1.2609901888516678e-23
432.2394877887789 1.2608341844333644e-23
432.3384697469747 1.2606781990166834e-23
432.43745170517053 1.2605222326191791e-23
432.5364336633663 1.260366285258365e-23
432.6354156215622 1.2602103569517158e-23
432.73439757975797 1.2600544477166668e-23
432.83337953795376 1.2598985575706142e-23
432.9323614961496 1.259742686530914e-23
433.0313434543454 1.2595868346148856e-23
433.13032541254125 1.2594310018398069e-23
433.22930737073705 1.2592751882229176e-23
433.3282893289329 1.2591193937814191e-23
433.4272712871287 1.2589636185324732e-23
433.52625324532454 1.2588078624932034e-23
433.62523520352033 1.258652125680694e-23
433.7242171617162 1.2584964081119909e-23
433.823199119912 1.2583407098041016e-23
433.9221810781078 1.2581850307739954e-23
434.0211630363036 1.2580293710386017e-23
434.12014499449947 1.2578737306148143e-23
434.21912695269526 1.2577181095194851e-23
434.31810891089106 1.2575625077694307e-23
434.4170908690869 1.2574069253814281e-23
434.5160728272827 1.257251362372216e-23
434.61505478547855 1.2570958187584966e-23
434.71403674367434 1.2569402945569326e-23
434.8130187018702 1.2567847897841491e-23
434.912000660066 1.2566293044567327e-23
435.01098261826183 1.2564738385912339e-23
435.1099645764576 1.2563183922041651e-23
435.2089465346535 1.2561629653119986e-23
435.30792849284927 1.2560075579311733e-23
435.4069104510451 1.2558521700780862e-23
435.5058924092409 1.2556968017690997e-23
435.6048743674367 1.2555414530205378e-23
435.70385632563256 1.2553861238486873e-23
435.80283828382835 1.2552308142697977e-23
435.9018202420242 1.2550755243000813e-23
436.00080220022 1.2549202539557133e-23
436.09978415841584 1.2547650032528313e-23
436.19876611661164 1.2546097722075362e-23
436.2977480748075 1.2544545608358927e-23
436.3967300330033 1.254299369153927e-23
436.49571199119913 1.2541441971776303e-23
436.5946939493949 1.2539890449229554e-23
436.6936759075908 1.253833912405819e-23
436.79265786578657 1.2536787996421013e-23
436.8916398239824 1.2535237066476455e-23
436.9906217821782 1.2533686334382595e-23
437.089603740374 1.2532135800297126e-23
437.18858569856985 1.2530585464377394e-23
437.28756765676565 1.252903532678037e-23
437.3865496149615 1.252748538766268e-23
437.4855315731573 1.2525935647180561e-23
437.58451353135314 1.2524386105489916e-23
437.68349548954893 1.2522836762746261e-23
437.7824774477448 1.2521287619104778e-23
437.8814594059406 1.2519738674720268e-23
437.9804413641364 1.2518189929747178e-23
438.0794233223322 1.2516641384339606e-23
438.17840528052807 1.2515093038651278e-23
438.27738723872386 1.2513544892835576e-23
438.3763691969197 1.2511996947045513e-23
438.4753511551155 1.2510449201433755e-23
438.5743331133113 1.2508901656152602e-23
438.67331507150715 1.2507354311354013e-23
438.77229702970294 1.2505807167189587e-23
438.8712789878988 1.2504260223810558e-23
438.9702609460946 1.2502713481367825e-23
439.06924290429043 1.2501166940011924e-23
439.1682248624862 1.2499620599893042e-23
439.2672068206821 1.2498074461161002e-23
439.36618877887787 1.2496528523965307e-23
439.4651707370737 1.2494982788455072e-23
439.5641526952695 1.2493437254779099e-23
439.66313465346536 1.2491891923085804e-23
439.76211661166116 1.2490346793523284e-23
439.86109856985695 1.2488801866239276e-23
439.9600805280528 1.2487257141381166e-23
440.0590624862486 1.2485712619096011e-23
440.15804444444444 1.2484168299530496e-23
440.25702640264024 1.2482624182830987e-23
440.3560083608361 1.2481080269143475e-23
440.4549903190319 1.247953655861364e-23
440.55397227722773 1.2477993051386788e-23
440.6529542354235 1.2476449747607912e-23
440.7519361936194 1.2474906647421627e-23
440.85091815181516 1.247336375097224e-23
440.949900110011 1.2471821058403699e-23
441.0488820682068 1.2470278569859611e-23
441.14786402640266 1.2468736285483245e-23
441.24684598459845 1.2467194205417535e-23
441.34582794279424 1.246565232980507e-23
441.4448099009901 1.24641106587881e-23
441.5437918591859 1.2462569192508544e-23
441.64277381738174 1.2461027931107973e-23
441.74175577557753 1.2459486874727626e-23
441.8407377337734 1.2457946023508414e-23
441.9397196919692 1.2456405377590904e-23
442.038701650165 1.2454864937115323e-23
442.1376836083608 1.2453324702221577e-23
442.23666556655667 1.2451784673049226e-23
442.33564752475246 1.2450244849737502e-23
442.4346294829483 1.2448705232425303e-23
442.5336114411441 1.2447165821251195e-23
442.63259339933995 1.244562661635341e-23
442.73157535753575 1.2444087617869859e-23
442.83055731573154 1.2442548825938105e-23
442.9295392739274 1.2441010240695395e-23
443.0285212321232 1.2439471862278639e-23
443.12750319031903 1.2437933690824421e-23
443.2264851485148 1.2436395726468999e-23
443.3254671067107 1.2434857969348306e-23
443.42444906490647 1.2433320419597927e-23
443.5234310231023 1.2431783077353147e-23
443.6224129812981 1.2430245942748912e-23
443.72139493949396 1.2428709015919841e-23
443.82037689768975 1.2427172297000238e-23
443.9193588558856 1.2425635786124069e-23
444.0183408140814 1.2424099483424981e-23
444.1173227722772 1.2422563389036304e-23
444.21630473047304 1.2421027503091036e-23
444.31528668866883 1.2419491825721862e-23
444.4142686468647 1.2417956357061134e-23
444.5132506050605 1.241642109724089e-23
444.6122325632563 1.2414886046392848e-23
444.7112145214521 1.2413351204648406e-23
444.81019647964797 1.2411816572138634e-23
444.90917843784376 1.2410282148994295e-23
445.0081603960396 1.2408747935345825e-23
445.1071423542354 1.2407213931323344e-23
445.20612431243126 1.2405680137056658e-23
445.30510627062705 1.2404146552675255e-23
445.4040882288229 1.2402613178308298e-23
445.5030701870187 1.2401080014084644e-23
445.6020521452145 1.2399547060132839e-23
445.70103410341034 1.2398014316581101e-23
445.80001606160613 1.2396481783557336e-23
445.898998019802 1.2394949461189146e-23
445.9979799779978 1.2393417349603815e-23
446.0969619361936 1.2391885448928307e-23
446.1959438943894 1.2390353759289286e-23
446.29492585258527 1.2388822280813094e-23
446.39390781078106 1.2387291013625773e-23
446.4928897689769 1.2385759957853044e-23
446.5918717271727 1.2384229113620322e-23
446.69085368536855 1.2382698481052707e-23
446.78983564356434 1.2381168060275012e-23
446.8888176017602 1.2379637851411708e-23
446.987799559956 1.2378107854586984e-23
447.0867815181518 1.2376578069924711e-23
447.18576347634763 1.2375048497548455e-23
447.2847454345434 1.237351913758147e-23
447.3837273927393 1.2371989990146721e-23
447.48270935093507 1.2370461055366853e-23
447.5816913091309 1.2368932333364202e-23
447.6806732673267 1.2367403824260816e-23
447.77965522552256 1.2365875528178422e-23
447.87863718371835 1.2364347445238467e-23
447.9776191419142 1.236281957556206e-23
448.07660110011 1.2361291919270046e-23
448.17558305830585 1.235976447648294e-23
448.27456501650164 1.2358237247320978e-23
448.37354697469743 1.2356710231904072e-23
448.4725289328933 1.2355183430351846e-23
448.5715108910891 1.2353656842783633e-23
448.6704928492849 1.2352130469318451e-23
448.7694748074807 1.235060431007503e-23
448.86845676567657 1.2349078365171792e-23
448.96743872387236 1.234755263472687e-23
449.0664206820682 1.2346027118858095e-23
449.165402640264 1.2344501817683008e-23
449.26438459845986 1.2342976731318844e-23
449.36336655665565 1.2341451859882552e-23
449.4623485148515 1.2339927203490781e-23
449.5613304730473 1.2338402762259881e-23
449.66031243124314 1.2336878536305916e-23
449.75929438943894 1.2335354525744653e-23
449.8582763476347 1.2333830730691564e-23
449.9572583058306 1.2332307151261833e-23
450.05624026402637 1.2330783787570348e-23
450.1552222222222 1.2329260639731703e-23
450.254204180418 1.2327737707860207e-23
450.35318613861386 1.232621499206987e-23
450.45216809680966 1.2324692492474427e-23
450.5511500550055 1.2323170209187306e-23
450.6501320132013 1.2321648142321653e-23
450.74911397139715 1.2320126291990334e-23
450.84809592959294 1.2318604658305909e-23
450.9470778877888 1.2317083241380658e-23
451.0460598459846 1.2315562041326584e-23
451.14504180418044 1.2314041058255387e-23
451.24402376237623 1.231252029227849e-23
451.343005720572 1.2310999743507037e-23
451.4419876787679 1.230947941205186e-23
451.54096963696367 1.2307959298023537e-23
451.6399515951595 1.2306439401532349e-23
451.7389335533553 1.2304919722688288e-23
451.83791551155116 1.230340026160107e-23
451.93689746974695 1.2301881018380118e-23
452.0358794279428 1.2300361993134596e-23
452.1348613861386 1.2298843185973356e-23
452.23384334433445 1.2297324597004991e-23
452.33282530253024 1.2295806226337799e-23
452.4318072607261 1.2294288074079802e-23
452.5307892189219 1.2292770140338754e-23
452.6297711771177 1.2291252425222105e-23
452.7287531353135 1.228973492883705e-23
452.8277350935093 1.2288217651290482e-23
452.92671705170517 1.2286700592689039e-23
453.02569900990096 1.228518375313907e-23
453.1246809680968 1.2283667132746645e-23
453.2236629262926 1.2282150731617559e-23
453.32264488448845 1.2280634549857336e-23
453.42162684268425 1.2279118587571211e-23
453.5206088008801 1.227760284486416e-23
453.6195907590759 1.2276087321840874e-23
453.71857271727174 1.2274572018605776e-23
453.81755467546753 1.2273056935263005e-23
453.9165366336634 1.2271542071916431e-23
454.0155185918592 1.227002742866966e-23
454.11450055005497 1.2268513005626011e-23
454.2134825082508 1.2266998802888544e-23
454.3124644664466 1.226548482056004e-23
454.41144642464246 1.2263971058743002e-23
454.51042838283826 1.2262457517539683e-23
454.6094103410341 1.2260944197052037e-23
454.7083922992299 1.2259431097381777e-23
454.80737425742575 1.2257918218630329e-23
454.90635621562154 1.225640556089886e-23
455.0053381738174 1.2254893124288252e-23
455.1043201320132 1.2253380908899144e-23
455.20330209020904 1.2251868914831882e-23
455.30228404840483 1.2250357142186564e-23
455.4012660066007 1.224884559106301e-23
455.5002479647965 1.2247334261560784e-23
455.59922992299227 1.2245823153779175e-23
455.6982118811881 1.22443122678172e-23
455.7971938393839 1.2242801603773638e-23
455.89617579757976 1.2241291161746974e-23
455.99515775577555 1.2239780941835446e-23
456.0941397139714 1.223827094413703e-23
456.1931216721672 1.223676116874942e-23
456.29210363036304 1.2235251615770072e-23
456.39108558855884 1.2233742285296164e-23
456.4900675467547 1.2232233177424616e-23
456.5890495049505 1.2230724292252088e-23
456.68803146314633 1.2229215629874981e-23
456.7870134213421 1.2227707190389431e-23
456.8859953795379 1.2226198973891313e-23
456.98497733773377 1.2224690980476254e-23
457.08395929592956 1.2223183210239601e-23
457.1829412541254 1.2221675663276471e-23
457.2819232123212 1.222016833968169e-23
457.38090517051705 1.2218661239549856e-23
457.47988712871285 1.2217154362975286e-23
457.5788690869087 1.2215647710052064e-23
457.6778510451045 1.2214141280873996e-23
457.77683300330034 1.221263507553464e-23
457.87581496149613 1.2211129094127298e-23
457.974796919692 1.2209623336745025e-23
458.0737788778878 1.2208117803480602e-23
458.1727608360836 1.2206612494426574e-23
458.2717427942794 1.2205107409675232e-23
458.3707247524752 1.2203602549318594e-23
458.46970671067106 1.2202097913448451e-23
458.56868866886686 1.2200593502156321e-23
458.6676706270627 1.2199089315533482e-23
458.7666525852585 1.2197585353670954e-23
458.86563454345435 1.2196081616659499e-23
458.96461650165014 1.2194578104589657e-23
459.063598459846 1.2193074817551675e-23
459.1625804180418 1.2191571755635589e-23
459.26156237623763 1.2190068918931164e-23
459.3605443344334 1.2188566307527915e-23
459.4595262926293 1.2187063921515113e-23
459.55850825082507 1.2185561760981794e-23
459.65749020902086 1.2184059826016721e-23
459.7564721672167 1.2182558116708428e-23
459.8554541254125 1.2181056633145196e-23
459.95443608360836 1.2179555375415053e-23
460.05341804180415 1.2178054343605793e-23
460.1524 1.2176553537804961e-23
460.2513819581958 1.2175052958099847e-23
460.35036391639164 1.2173552604577505e-23
460.44934587458744 1.2172052477324748e-23
460.5483278327833 1.2170552576428129e-23
460.6473097909791 1.2169052901973975e-23
460.74629174917493 1.2167553454048361e-23
460.8452737073707 1.2166054232737117e-23
460.9442556655666 1.216455523812584e-23
461.04323762376237 1.216305647029987e-23
461.14221958195816 1.216155792934432e-23
461.241201540154 1.2160059615344053e-23
461.3401834983498 1.2158561528383701e-23
461.43916545654565 1.2157063668547638e-23
461.53814741474145 1.2155566035920012e-23
461.6371293729373 1.2154068630584727e-23
461.7361113311331 1.2152571452625453e-23
461.83509328932894 1.215107450212561e-23
461.93407524752473 1.214957777916839e-23
462.0330572057206 1.2148081283836747e-23
462.1320391639164 1.2146585016213384e-23
462.2310211221122 1.2145088976380784e-23
462.330003080308 1.2143593164421182e-23
462.42898503850387 1.2142097580416584e-23
462.52796699669966 1.2140602224448749e-23
462.62694895489545 1.2139107096599213e-23
462.7259309130913 1.213761219694927e-23
462.8249128712871 1.2136117525579981e-23
462.92389482948295 1.2134623082572174e-23
463.02287678767874 1.2133128868006434e-23
463.1218587458746 1.2131634881963128e-23
463.2208407040704 1.213014112452238e-23
463.31982266226623 1.2128647595764069e-23
463.418804620462 1.2127154295767875e-23
463.5177865786579 1.2125661224613209e-23
463.61676853685367 1.2124168382379281e-23
463.7157504950495 1.2122675769145042e-23
463.8147324532453 1.2121183384989244e-23
463.9137144114411 1.2119691229990374e-23
464.01269636963696 1.2118199304226716e-23
464.11167832783275 1.2116707607776305e-23
464.2106602860286 1.2115216140716963e-23
464.3096422442244 1.2113724903126267e-23
464.40862420242024 1.2112233895081583e-23
464.50760616061604 1.2110743116660043e-23
464.6065881188119 1.210925256793854e-23
464.7055700770077 1.2107762248993748e-23
464.8045520352035 1.2106272159902119e-23
464.9035339933993 1.210478230073987e-23
465.00251595159517 1.2103292671582996e-23
465.10149790979096 1.2101803272507266e-23
465.2004798679868 1.2100314103588218e-23
465.2994618261826 1.2098825164901177e-23
465.3984437843784 1.2097336456521234e-23
465.49742574257425 1.2095847978523253e-23
465.59640770077004 1.2094359730981887e-23
465.6953896589659 1.2092871713971552e-23
465.7943716171617 1.2091383927566448e-23
465.89335357535754 1.2089896371840545e-23
465.99233553355333 1.2088409046867605e-23
466.0913174917492 1.2086921952721155e-23
466.190299449945 1.2085435089474504e-23
466.2892814081408 1.2083948457200742e-23
466.3882633663366 1.2082462055972731e-23
466.48724532453247 1.2080975885863128e-23
466.58622728272826 1.207948994694435e-23
466.6852092409241 1.2078004239288603e-23
466.7841911991199 1.2076518762967881e-23
466.8831731573157 1.2075033518053953e-23
466.98215511551155 1.2073548504618361e-23
467.08113707370734 1.2072063722732442e-23
467.1801190319032 1.2070579172467307e-23
467.279100990099 1.2069094853893855e-23
467.37808294829483 1.2067610767082763e-23
467.4770649064906 1.2066126912104489e-23
467.5760468646865 1.2064643289029294e-23
467.67502882288227 1.2063159897927188e-23
467.7740107810781 1.2061676738867993e-23
467.8729927392739 1.2060193811921308e-23
467.97197469746976 1.2058711117156518e-23
468.07095665566555 1.205722865464279e-23
468.16993861386135 1.205574642444908e-23
468.2689205720572 1.2054264426644125e-23
468.367902530253 1.2052782661296455e-23
468.46688448844884 1.2051301128474381e-23
468.56586644664463 1.2049819828246014e-23
468.6648484048405 1.2048338760679234e-23
468.7638303630363 1.2046857925841717e-23
468.8628123212321 1.2045377323800933e-23
468.9617942794279 1.2043896954624136e-23
469.06077623762377 1.2042416818378366e-23
469.15975819581956 1.2040936915130451e-23
469.2587401540154 1.2039457244947018e-23
469.3577221122112 1.2037977807894486e-23
469.45670407040706 1.203649860403905e-23
469.55568602860285 1.2035019633446698e-23
469.65466798679864 1.2033540896183224e-23
469.7536499449945 1.2032062392314195e-23
469.8526319031903 1.2030584121904985e-23
469.95161386138614 1.2029106085020756e-23
470.05059581958193 1.2027628281726453e-23
470.1495777777778 1.2026150712086825e-23
470.2485597359736 1.2024673376166418e-23
470.3475416941694 1.2023196274029554e-23
470.4465236523652 1.2021719405740362e-23
470.54550561056107 1.2020242771362768e-23
470.64448756875686 1.2018766370960474e-23
470.7434695269527 1.2017290204597003e-23
470.8424514851485 1.201581427233566e-23
470.94143344334435 1.2014338574239548e-23
471.04041540154014 1.2012863110371553e-23
471.13939735973594 1.201138788079438e-23
471.2383793179318 1.2009912885570513e-23
471.3373612761276 1.2008438124762245e-23
471.43634323432343 1.2006963598431662e-23
471.5353251925192 1.2005489306640637e-23
471.6343071507151 1.2004015249450858e-23
471.73328910891087 1.2002541426923812e-23
471.8322710671067 1.2001067839120772e-23
471.9312530253025 1.1999594486102809e-23
472.03023498349836 1.1998121367930807e-23
472.12921694169415 1.1996648484665445e-23
472.22819889989 1.199517583636719e-23
472.3271808580858 1.1993703423096331e-23
472.4261628162816 1.1992231244912944e-23
472.52514477447744 1.1990759301876902e-23
472.62412673267323 1.1989287594047897e-23
472.7231086908691 1.1987816121485406e-23
472.8220906490649 1.1986344884248717e-23
472.9210726072607 1.1984873882396916e-23
473.0200545654565 1.1983403115988894e-23
473.11903652365237 1.1981932585083346e-23
473.21801848184816 1.1980462289738766e-23
473.317000440044 1.1978992230013469e-23
473.4159823982398 1.1977522405965541e-23
473.51496435643566 1.197605281765291e-23
473.61394631463145 1.1974583465133287e-23
473.7129282728273 1.197311434846418e-23
473.8119102310231 1.1971645467702936e-23
473.9108921892189 1.197017682290667e-23
474.00987414741473 1.1968708414132326e-23
474.1088561056105 1.1967240241436658e-23
474.2078380638064 1.19657723048762e-23
474.30682002200217 1.1964304604507326e-23
474.405801980198 1.1962837140386192e-23
474.5047839383938 1.1961369912568782e-23
474.60376589658966 1.1959902921110872e-23
474.70274785478546 1.1958436166068058e-23
474.8017298129813 1.1956969647495734e-23
474.9007117711771 1.1955503365449112e-23
474.99969372937295 1.1954037319983211e-23
475.09867568756874 1.1952571511152866e-23
475.1976576457646 1.1951105939012703e-23
475.2966396039604 1.1949640603617179e-23
475.3956215621562 1.1948175505020554e-23
475.49460352035203 1.1946710643276889e-23
475.5935854785478 1.1945246018440084e-23
475.6925674367437 1.1943781630563823e-23
475.79154939493947 1.1942317479701608e-23
475.8905313531353 1.1940853565906764e-23
475.9895133113311 1.1939389889232428e-23
476.08849526952696 1.1937926449731534e-23
476.18747722772275 1.1936463247456843e-23
476.2864591859186 1.1935000282460926e-23
476.3854411441144 1.1933537554796171e-23
476.48442310231025 1.1932075064514777e-23
476.58340506050604 1.1930612811668762e-23
476.68238701870183 1.1929150796309947e-23
476.7813689768977 1.1927689018489987e-23
476.8803509350935 1.1926227478260332e-23
476.9793328932893 1.1924766175672264e-23
477.0783148514851 1.1923305110776874e-23
477.17729680968097 1.1921844283625075e-23
477.27627876787676 1.1920383694267586e-23
477.3752607260726 1.1918923342754949e-23
477.4742426842684 1.1917463229137533e-23
477.57322464246425 1.1916003353465509e-23
477.67220660066005 1.191454371578888e-23
477.7711885588559 1.191308431615745e-23
477.8701705170517 1.1911625154620859e-23
477.96915247524754 1.191016623122856e-23
478.06813443344333 1.1908707546029825e-23
478.1671163916391 1.190724909907374e-23
478.266098349835 1.1905790890409228e-23
478.36508030803077 1.1904332920085006e-23
478.4640622662266 1.1902875188149628e-23
478.5630442244224 1.1901417694651477e-23
478.66202618261826 1.1899960439638743e-23
478.76100814081406 1.1898503423159436e-23
478.8599900990099 1.1897046645261396e-23
478.9589720572057 1.1895590105992284e-23
479.05795401540155 1.1894133805399583e-23
479.15693597359734 1.1892677743530592e-23
479.2559179317932 1.1891221920432443e-23
479.354899889989 1.1889766336152087e-23
479.45388184818484 1.1888310990736288e-23
479.5528638063806 1.1886855884231662e-23
479.6518457645764 1.188540101668462e-23
479.75082772277227 1.188394638814141e-23
479.84980968096806 1.1882491998648101e-23
479.9487916391639 1.1881037848250596e-23
480.0477735973597 1.1879583936994616e-23
480.14675555555556 1.1878130264925707e-23
480.24573751375135 1.1876676832089238e-23
480.3447194719472 1.1875223638530418e-23
480.443701430143 1.1873770684294278e-23
480.54268338833884 1.1872317969425648e-23
480.64166534653464 1.1870865493969233e-23
480.7406473047305 1.1869413257969525e-23
480.8396292629263 1.1867961261470872e-23
480.9386112211221 1.1866509504517438e-23
481.0375931793179 1.1865057987153205e-23
481.1365751375137 1.1863606709421996e-23
481.23555709570957 1.186215567136747e-23
481.33453905390536 1.1860704873033102e-23
481.4335210121012 1.1859254314462194e-23
481.532502970297 1.18578039956979e-23
481.63148492849285 1.1856353916783171e-23
481.73046688668865 1.1854904077760816e-23
481.8294488448845 1.1853454478673461e-23
481.9284308030803 1.1852005119563572e-23
482.02741276127614 1.1850556000473434e-23
482.12639471947193 1.1849107121445176e-23
482.2253766776678 1.1847658482520753e-23
482.3243586358636 1.1846210083741946e-23
482.42334059405937 1.1844761925150386e-23
482.5223225522552 1.1843314006787515e-23
482.621304510451 1.1841866328694628e-23
482.72028646864686 1.1840418890912838e-23
482.81926842684265 1.1838971693483097e-23
482.9182503850385 1.1837524736446192e-23
483.0172323432343 1.183607801984275e-23
483.11621430143015 1.1834631543713222e-23
483.21519625962594 1.1833185308097892e-23
483.3141782178218 1.183173931303689e-23
483.4131601760176 1.1830293558570178e-23
483.51214213421343 1.1828848044737549e-23
483.6111240924092 1.182740277157863e-23
483.7101060506051 1.1825957739132895e-23
483.80908800880087 1.1824512947439647e-23
483.90806996699666 1.182306839653802e-23
484.0070519251925 1.1821624086467e-23
484.1060338833883 1.1820180017265398e-23
484.20501584158416 1.1818736188971865e-23
484.30399779977995 1.1817292601624894e-23
484.4029797579758 1.1815849255262809e-23
484.5019617161716 1.1814406149923781e-23
484.60094367436744 1.1812963285645812e-23
484.69992563256324 1.1811520662466749e-23
484.7989075907591 1.1810078280424267e-23
484.8978895489549 1.1808636139555903e-23
484.99687150715073 1.1807194239899004e-23
485.0958534653465 1.1805752581490783e-23
485.1948354235423 1.180431116436828e-23
485.29381738173817 1.1802869988568376e-23
485.39279933993396 1.1801429054127799e-23
485.4917812981298 1.1799988361083105e-23
485.5907632563256 1.1798547909470714e-23
485.68974521452145 1.1797107699326862e-23
485.78872717271724 1.1795667730687646e-23
485.8877091309131 1.1794228003588997e-23
485.9866910891089 1.1792788518066691e-23
486.08567304730474 1.179134927415634e-23
486.18465500550053 1.178991027189341e-23
486.2836369636964 1.1788471511313205e-23
486.3826189218922 1.1787032992450871e-23
486.481600880088 1.178559471534139e-23
486.5805828382838 1.1784156680019616e-23
486.6795647964796 1.1782718886520214e-23
486.77854675467546 1.178128133487771e-23
486.87752871287125 1.1779844025126478e-23
486.9765106710671 1.1778406957300732e-23
487.0754926292629 1.1776970131434521e-23
487.17447458745875 1.1775533547561767e-23
487.27345654565454 1.177409720571621e-23
487.3724385038504 1.1772661105931445e-23
487.4714204620462 1.1771225248240931e-23
487.57040242024203 1.1769789632677942e-23
487.6693843784378 1.176835425927562e-23
487.7683663366337 1.1766919128066957e-23
487.86734829482947 1.1765484239084777e-23
487.9663302530253 1.1764049592361767e-23
488.0653122112211 1.1762615187930452e-23
488.1642941694169 1.1761181025823207e-23
488.26327612761276 1.1759747106072261e-23
488.36225808580855 1.1758313428709685e-23
488.4612400440044 1.1756879993767404e-23
488.5602220022002 1.175544680127719e-23
488.65920396039604 1.1754013851270658e-23
488.75818591859183 1.1752581143779296e-23
488.8571678767877 1.1751148678834413e-23
488.9561498349835 1.1749716456467185e-23
489.0551317931793 1.1748284476708631e-23
489.1541137513751 1.1746852739589638e-23
489.25309570957097 1.1745421245140917e-23
489.35207766776676 1.1743989993393053e-23
489.45105962596256 1.1742558984376473e-23
489.5500415841584 1.1741128218121454e-23
489.6490235423542 1.1739697694658126e-23
489.74800550055005 1.173826741401648e-23
489.84698745874584 1.1736837376226351e-23
489.9459694169417 1.1735407581317437e-23
490.0449513751375 1.1733978029319265e-23
490.14393333333334 1.1732548720261247e-23
490.24291529152913 1.173111965417263e-23
490.341897249725 1.1729690831082515e-23
490.4408792079208 1.1728262251019867e-23
490.5398611661166 1.1726833914013488e-23
490.6388431243124 1.1725405820092056e-23
490.73782508250827 1.1723977969284097e-23
490.83680704070406 1.1722550361617982e-23
490.93578899889985 1.1721122997121949e-23
491.0347709570957 1.1719695875824088e-23
491.1337529152915 1.1718268997752338e-23
491.23273487348735 1.1716842362934508e-23
491.33171683168314 1.1715415971398256e-23
491.430698789879 1.1713989823171087e-23
491.5296807480748 1.1712563918280386e-23
491.62866270627063 1.1711138256753378e-23
491.7276446644664 1.1709712838617146e-23
491.8266266226623 1.1708287663898631e-23
491.92560858085807 1.1706862732624647e-23
492.0245905390539 1.1705438044821846e-23
492.1235724972497 1.1704013600516745e-23
492.22255445544556 1.1702589399735725e-23
492.32153641364135 1.1701165442505027e-23
492.42051837183715 1.1699741728850737e-23
492.519500330033 1.1698318258798816e-23
492.6184822882288 1.1696895032375073e-23
492.71746424642464 1.1695472049605194e-23
492.81644620462043 1.1694049310514701e-23
492.9154281628163 1.1692626815128996e-23
493.0144101210121 1.1691204563473332e-23
493.1133920792079 1.168978255557282e-23
493.2123740374037 1.1688360791452449e-23
493.31135599559957 1.168693927113705e-23
493.41033795379536 1.1685517994651329e-23
493.5093199119912 1.1684096962019844e-23
493.608301870187 1.168267617326702e-23
493.7072838283828 1.168125562841714e-23
493.80626578657865 1.1679835327494359e-23
493.90524774477444 1.167841527052269e-23
494.0042297029703 1.1676995457526004e-23
494.1032116611661 1.167557588852804e-23
494.20219361936194 1.1674156563552402e-23
494.30117557755773 1.1672737482622547e-23
494.4001575357536 1.1671318645761812e-23
494.4991394939494 1.1669900052993393e-23
494.5981214521452 1.1668481704340337e-23
494.697103410341 1.1667063599825581e-23
494.79608536853686 1.16656457394719e-23
494.89506732673266 1.1664228123301954e-23
494.9940492849285 1.1662810751338256e-23
495.0930312431243 1.1661393623603196e-23
495.1920132013201 1.1659976740119016e-23
495.29099515951594 1.1658560100907834e-23
495.38997711771174 1.1657143705991637e-23
495.4889590759076 1.1655727555392263e-23
495.5879410341034 1.1654311649131438e-23
495.68692299229923 1.1652895987230741e-23
495.785904950495 1.1651480569711615e-23
495.8848869086909 1.1650065396595384e-23
495.98386886688667 1.1648650467903227e-23
496.0828508250825 1.1647235783656204e-23
496.1818327832783 1.1645821343875227e-23
496.28081474147416 1.1644407148581086e-23
496.37979669966995 1.1642993197794442e-23
496.4787786578658 1.1641579491535821e-23
496.5777606160616 1.1640166029825618e-23
496.6767425742574 1.1638752812684097e-23
496.77572453245324 1.1637339840131384e-23
496.87470649064903 1.1635927112187498e-23
496.9736884488449 1.1634514628872304e-23
497.0726704070407 1.1633102390205546e-23
497.1716523652365 1.1631690396206838e-23
497.2706343234323 1.163027864689567e-23
497.36961628162817 1.1628867142291386e-23
497.46859823982396 1.1627455882413233e-23
497.5675801980198 1.1626044867280292e-23
497.6665621562156 1.1624634096911535e-23
497.76554411441145 1.1623223571325807e-23
497.86452607260725 1.1621813290541825e-23
497.96350803080304 1.162040325457817e-23
498.0624899889989 1.1618993463453297e-23
498.1614719471947 1.1617583917185547e-23
498.26045390539053 1.1616174615793109e-23
498.3594358635863 1.1614765559294074e-23
498.4584178217822 1.1613356747706386e-23
498.55739977997797 1.1611948181047865e-23
498.6563817381738 1.1610539859336215e-23
498.7553636963696 1.1609131782589001e-23
498.85434565456546 1.1607723950823671e-23
498.95332761276126 1.160631636405755e-23
499.0523095709571 1.1604909022307823e-23
499.1512915291529 1.1603501925591568e-23
499.25027348734875 1.1602095073925721e-23
499.34925544554454 1.1600688467327112e-23
499.44823740374034 1.1599282105812425e-23
499.5472193619362 1.1597875989398235e-23
499.646201320132 1.1596470118100994e-23
499.74518327832783 1.159506449193702e-23
499.8441652365236 1.159365911092251e-23
499.9431471947195 1.1592253975073545e-23
500.04212915291527 1.159084908440608e-23
500.1411111111111 1.1589444438935935e-23
500.2400930693069 1.1588040038678824e-23
500.33907502750276 1.1586635883650331e-23
500.43805698569855 1.1585231973865915e-23
500.5370389438944 1.1583828309340915e-23
500.6360209020902 1.1582424890090558e-23
500.73500286028604 1.1581021716129928e-23
500.83398481848184 1.1579618787474005e-23
500.93296677667763 1.1578216104137647e-23
501.0319487348735 1.1576813666135581e-23
501.1309306930693 1.1575411473482419e-23
501.2299126512651 1.157400952619265e-23
501.3288946094609 1.1572607824280649e-23
501.42787656765677 1.157120636776066e-23
501.52685852585256 1.1569805156646824e-23
501.6258404840484 1.156840419095314e-23
501.7248224422442 1.1567003470693501e-23
501.82380440044005 1.1565602995881684e-23
501.92278635863585 1.1564202766531337e-23
502.0217683168317 1.156280278265599e-23
502.1207502750275 1.1561403044269064e-23
502.2197322332233 1.1560003551383852e-23
502.31871419141913 1.1558604304013533e-23
502.4176961496149 1.1557205302171167e-23
502.5166781078108 1.1555806545869685e-23
502.61566006600657 1.1554408035121931e-23
502.7146420242024 1.1553009769940588e-23
502.8136239823982 1.1551611750338262e-23
502.91260594059406 1.1550213976327412e-23
503.01158789878986 1.1548816447920404e-23
503.1105698569857 1.1547419165129468e-23
503.2095518151815 1.1546022127966731e-23
503.30853377337735 1.1544625336444199e-23
503.40751573157314 1.1543228790573756e-23
503.506497689769 1.1541832490367174e-23
503.6054796479648 1.1540436435836119e-23
503.7044616061606 1.1539040626992128e-23
503.8034435643564 1.1537645063846627e-23
503.9024255225522 1.1536249746410927e-23
504.00140748074807 1.1534854674696232e-23
504.10038943894386 1.153345984871361e-23
504.1993713971397 1.1532065268474046e-23
504.2983533553355 1.1530670933988381e-23
504.39733531353136 1.1529276845267362e-23
504.49631727172715 1.1527883002321606e-23
504.595299229923 1.1526489405161634e-23
504.6942811881188 1.1525096053797835e-23
504.79326314631464 1.1523702948240508e-23
504.89224510451044 1.1522310088499815e-23
504.9912270627063 1.1520917474585806e-23
505.0902090209021 1.1519525106508442e-23
505.1891909790979 1.1518132984277557e-23
505.2881729372937 1.1516741107902862e-23
505.3871548954895 1.1515349477393975e-23
505.48613685368537 1.1513958092760392e-23
505.58511881188116 1.1512566954011498e-23
505.684100770077 1.1511176061156567e-23
505.7830827282728 1.1509785414204765e-23
505.88206468646865 1.1508395013165137e-23
505.98104664466445 1.1507004858046634e-23
506.0800286028603 1.1505614948858076e-23
506.1790105610561 1.1504225285608192e-23
506.27799251925194 1.1502835868305585e-23
506.37697447744773 1.1501446696958766e-23
506.4759564356435 1.1500057771576105e-23
506.5749383938394 1.1498669092165897e-23
506.67392035203517 1.1497280658736304e-23
506.772902310231 1.1495892471295392e-23
506.8718842684268 1.1494504529851117e-23
506.97086622662266 1.1493116834411308e-23
507.06984818481845 1.149172938498371e-23
507.1688301430143 1.1490342181575941e-23
507.2678121012101 1.1488955224195527e-23
507.36679405940595 1.1487568512849867e-23
507.46577601760174 1.1486182047546268e-23
507.5647579757976 1.148479582829192e-23
507.6637399339934 1.148340985509391e-23
507.76272189218923 1.1482024127959216e-23
507.861703850385 1.1480638646894704e-23
507.9606858085808 1.1479253411907144e-23
508.05966776677667 1.1477868423003185e-23
508.15864972497246 1.1476483680189378e-23
508.2576316831683 1.1475099183472175e-23
508.3566136413641 1.1473714932857905e-23
508.45559559955996 1.1472330928352801e-23
508.55457755775575 1.1470947169962988e-23
508.6535595159516 1.1469563657694487e-23
508.7525414741474 1.1468180391553205e-23
508.85152343234324 1.146679737154496e-23
508.95050539053904 1.1465414597675443e-23
509.0494873487349 1.1464032069950261e-23
509.1484693069307 1.146264978837491e-23
509.24745126512653 1.1461267752954764e-23
509.3464332233223 1.1459885963695124e-23
509.4454151815181 1.1458504420601162e-23
509.54439713971396 1.145712312367795e-23
509.64337909790976 1.1455742072930466e-23
509.7423610561056 1.1454361268363575e-23
509.8413430143014 1.145298070998204e-23
509.94032497249725 1.1451600397790526e-23
510.03930693069304 1.1450220331793594e-23
510.1382888888889 1.1448840511995687e-23
510.2372708470847 1.1447460938401169e-23
510.33625280528054 1.1446081611014285e-23
510.43523476347633 1.1444702529839178e-23
510.5342167216722 1.14433236948799e-23
510.633198679868 1.1441945106140396e-23
510.73218063806377 1.1440566763624497e-23
510.8311625962596 1.143918866733595e-23
510.9301445544554 1.1437810817278387e-23
511.02912651265126 1.1436433213455348e-23
511.12810847084705 1.143505585587027e-23
511.2270904290429 1.1433678744526481e-23
511.3260723872387 1.1432301879427212e-23
511.42505434543455 1.1430925260575608e-23
511.52403630363034 1.1429548887974692e-23
511.6230182618262 1.1428172761627404e-23
511.722000220022 1.1426796881536566e-23
511.82098217821783 1.1425421247704915e-23
511.9199641364136 1.1424045860135082e-23
512.0189460946094 1.14226707188296e-23
512.1179280528053 1.14212958237909e-23
512.216910011001 1.1419921175021321e-23
512.3158919691969 1.1418546772523094e-23
512.4148739273927 1.1417172616298354e-23
512.5138558855886 1.1415798706349138e-23
512.6128378437843 1.1414425042677389e-23
512.7118198019801 1.1413051625284947e-23
512.810801760176 1.141167845417355e-23
512.9097837183718 1.1410305529344845e-23
513.0087656765676 1.1408932850800383e-23
513.1077476347634 1.1407560418541604e-23
513.2067295929593 1.1406188232569864e-23
513.3057115511551 1.1404816292886417e-23
513.4046935093509 1.140344459949242e-23
513.5036754675467 1.1402073152388933e-23
513.6026574257426 1.140070195157692e-23
513.7016393839383 1.1399330997057247e-23
513.8006213421341 1.139796028883068e-23
513.89960330033 1.1396589826897893e-23
513.9985852585258 1.1395219611259474e-23
514.0975672167216 1.1393849641915897e-23
514.1965491749174 1.1392479918867544e-23
514.2955311331133 1.1391110442114721e-23
514.3945130913091 1.1389741211657601e-23
514.4934950495049 1.1388372227496302e-23
514.5924770077007 1.1387003489630828e-23
514.6914589658966 1.1385634998061076e-23
514.7904409240924 1.1384266752786872e-23
514.8894228822882 1.1382898753807932e-23
514.988404840484 1.1381531001123884e-23
515.0873867986799 1.1380163494734262e-23
515.1863687568756 1.1378796234638503e-23
515.2853507150714 1.1377429220835943e-23
515.3843326732673 1.1376062453325843e-23
515.4833146314631 1.1374695932107359e-23
515.5822965896589 1.1373329657179552e-23
515.6812785478547 1.1371963628541387e-23
515.7802605060506 1.1370597846191748e-23
515.8792424642464 1.136923231012942e-23
515.9782244224422 1.1367867020353087e-23
516.077206380638 1.1366501976861354e-23
516.1761883388339 1.1365137179652724e-23
516.2751702970297 1.136377262872562e-23
516.3741522552255 1.1362408324078357e-23
516.4731342134213 1.1361044265709159e-23
516.5721161716172 1.1359680453616181e-23
516.6710981298129 1.1358316887797461e-23
516.7700800880087 1.1356953568250953e-23
516.8690620462046 1.1355590494974519e-23
516.9680440044004 1.1354227667965942e-23
517.0670259625962 1.13528650872229e-23
517.166007920792 1.1351502752742984e-23
517.2649898789879 1.1350140664523694e-23
517.3639718371837 1.1348778822562444e-23
517.4629537953795 1.1347417226856554e-23
517.5619357535753 1.1346055877403253e-23
517.6609177117712 1.1344694774199678e-23
517.759899669967 1.1343333917242888e-23
517.8588816281627 1.134197330652984e-23
517.9578635863586 1.1340612942057405e-23
518.0568455445544 1.1339252823822365e-23
518.1558275027502 1.1337892951821413e-23
518.254809460946 1.1336533326051155e-23
518.3537914191419 1.1335173946508105e-23
518.4527733773377 1.1333814813188686e-23
518.5517553355335 1.1332455926089251e-23
518.6507372937293 1.1331097285206033e-23
518.7497192519252 1.1329738890535198e-23
518.848701210121 1.1328380742072824e-23
518.9476831683168 1.13270228398149e-23
519.0466651265126 1.1325665183757313e-23
519.1456470847085 1.1324307773895882e-23
519.2446290429042 1.1322950610226333e-23
519.3436110011 1.132159369274429e-23
519.4425929592959 1.1320237021445311e-23
519.5415749174917 1.131888059632486e-23
519.6405568756875 1.1317524417378309e-23
519.7395388338833 1.1316168484600945e-23
519.8385207920792 1.1314812797987965e-23
519.937502750275 1.1313457357534498e-23
520.0364847084708 1.1312102163235569e-23
520.1354666666666 1.1310747215086117e-23
520.2344486248625 1.1309392513081001e-23
520.3334305830583 1.1308038057214999e-23
520.432412541254 1.1306683847482793e-23
520.5313944994499 1.1305329883878985e-23
520.6303764576458 1.1303976166398095e-23
520.7293584158415 1.130262269503455e-23
520.8283403740373 1.1301269469782699e-23
520.9273223322332 1.1299916490636802e-23
521.026304290429 1.1298563757591037e-23
521.1252862486248 1.1297211270639498e-23
521.2242682068206 1.1295859029776184e-23
521.3232501650165 1.1294507034995033e-23
521.4222321232123 1.1293155286289872e-23
521.5212140814081 1.1291803783654473e-23
521.6201960396039 1.1290452527082492e-23
521.7191779977998 1.128910151656753e-23
521.8181599559956 1.1287750752103083e-23
521.9171419141913 1.1286400233682585e-23
522.0161238723872 1.1285049961299364e-23
522.115105830583 1.1283699934946684e-23
522.2140877887788 1.128235015461772e-23
522.3130697469746 1.1281000620305556e-23
522.4120517051705 1.1279651332003204e-23
522.5110336633663 1.1278302289703593e-23
522.6100156215622 1.1276953493399562e-23
522.7089975797579 1.1275604943083878e-23
522.8079795379538 1.1274256638749219e-23
522.9069614961496 1.1272908580388185e-23
523.0059434543455 1.127156076799329e-23
523.1049254125412 1.1270213201556967e-23
523.203907370737 1.1268865881071579e-23
523.3028893289329 1.1267518806529393e-23
523.4018712871288 1.1266171977922605e-23
523.5008532453245 1.1264825395243326e-23
523.5998352035203 1.1263479058483575e-23
523.6988171617162 1.1262132967635317e-23
523.7977991199119 1.1260787122690411e-23
523.8967810781078 1.1259441523640659e-23
523.9957630363036 1.1258096170477758e-23
524.0947449944995 1.125675106319334e-23
524.1937269526952 1.1255406201778959e-23
524.2927089108911 1.1254061586226082e-23
524.3916908690869 1.1252717216526098e-23
524.4906728272828 1.125137309267032e-23
524.5896547854785 1.1250029214649975e-23
524.6886367436744 1.1248685582456218e-23
524.7876187018702 1.124734219608013e-23
524.8866006600659 1.1245999055512702e-23
524.9855826182618 1.1244656160744836e-23
525.0845645764576 1.1243313511767382e-23
525.1835465346535 1.1241971108571102e-23
525.2825284928492 1.1240628951146676e-23
525.3815104510451 1.1239287039484702e-23
525.4804924092409 1.1237945373575702e-23
525.5794743674368 1.1236603953410131e-23
525.6784563256325 1.1235262778978358e-23
525.7774382838284 1.123392185027067e-23
525.8764202420242 1.1232581167277281e-23
525.9754022002201 1.1231240729988337e-23
526.0743841584158 1.1229900538393891e-23
526.1733661166116 1.1228560592483922e-23
526.2723480748075 1.1227220892248347e-23
526.3713300330032 1.1225881437676985e-23
526.4703119911991 1.1224542228759598e-23
526.5692939493949 1.1223203265485858e-23
526.6682759075908 1.1221864547845369e-23
526.7672578657865 1.1220526075827654e-23
526.8662398239824 1.1219187849422159e-23
526.9652217821782 1.1217849868618257e-23
527.0642037403741 1.1216512133405245e-23
527.1631856985698 1.1215174643772354e-23
527.2621676567657 1.1213837399708712e-23
527.3611496149615 1.1212500401203407e-23
527.4601315731574 1.121116364824542e-23
527.5591135313531 1.1209827140823681e-23
527.6580954895489 1.120849087892703e-23
527.7570774477448 1.1207154862544241e-23
527.8560594059405 1.1205819091664014e-23
527.9550413641364 1.1204483566274963e-23
528.0540233223322 1.120314828636564e-23
528.1530052805281 1.1201813251924514e-23
528.2519872387238 1.1200478462939993e-23
528.3509691969197 1.119914391940039e-23
528.4499511551155 1.1197809621293965e-23
528.5489331133114 1.1196475568608899e-23
528.6479150715071 1.1195141761333287e-23
528.746897029703 1.1193808199455168e-23
528.8458789878988 1.119247488296249e-23
528.9448609460946 1.1191141811843149e-23
529.0438429042904 1.1189808986084947e-23
529.1428248624862 1.118847640567563e-23
529.2418068206821 1.1187144070602867e-23
529.3407887788778 1.1185811980854242e-23
529.4397707370737 1.1184480136417275e-23
529.5387526952695 1.1183148537279428e-23
529.6377346534654 1.1181817183428065e-23
529.7367166116611 1.1180486074850502e-23
529.835698569857 1.1179155211533956e-23
529.9346805280528 1.11778245934656e-23
530.0336624862487 1.1176494220632516e-23
530.1326444444444 1.1175164093021735e-23
530.2316264026402 1.1173834210620192e-23
530.3306083608361 1.1172504573414763e-23
530.429590319032 1.1171175181392256e-23
530.5285722772277 1.1169846034539404e-23
530.6275542354235 1.1168517132842862e-23
530.7265361936194 1.1167188476289234e-23
530.8255181518151 1.1165860064865035e-23
530.924500110011 1.1164531898556707e-23
531.0234820682068 1.1163203977350641e-23
531.1224640264027 1.1161876301233142e-23
531.2214459845984 1.1160548870190458e-23
531.3204279427943 1.1159221684208749e-23
531.4194099009901 1.1157894743274117e-23
531.518391859186 1.1156568047372598e-23
531.6173738173817 1.1155241596490151e-23
531.7163557755775 1.1153915390612659e-23
531.8153377337734 1.1152589429725957e-23
531.9143196919692 1.1151263713815791e-23
532.013301650165 1.1149938242867853e-23
532.1122836083608 1.1148613016867746e-23
532.2112655665567 1.1147288035801023e-23
532.3102475247524 1.1145963299653161e-23
532.4092294829483 1.114463880840957e-23
532.5082114411441 1.1143314562055593e-23
532.60719339934 1.1141990560576493e-23
532.7061753575357 1.1140666803957486e-23
532.8051573157315 1.1139343292183703e-23
532.9041392739274 1.1138020025240218e-23
533.0031212321232 1.1136697003112018e-23
533.102103190319 1.1135374225784054e-23
533.2010851485148 1.1134051693241182e-23
533.3000671067107 1.1132729405468192e-23
533.3990490649064 1.1131407362449833e-23
533.4980310231023 1.1130085564170762e-23
533.5970129812981 1.112876401061557e-23
533.695994939494 1.1127442701768791e-23
533.7949768976897 1.1126121637614891e-23
533.8939588558856 1.1124800818138259e-23
533.9929408140814 1.1123480243323235e-23
534.0919227722773 1.1122159913154076e-23
534.190904730473 1.1120839827614981e-23
534.2898866886688 1.1119519986690081e-23
534.3888686468647 1.1118200390363442e-23
534.4878506050605 1.1116881038619065e-23
534.5868325632563 1.1115561931440882e-23
534.6858145214521 1.111424306881276e-23
534.784796479648 1.1112924450718501e-23
534.8837784378437 1.1111606077141848e-23
534.9827603960396 1.1110287948066464e-23
535.0817423542354 1.1108970063475957e-23
535.1807243124313 1.1107652423353876e-23
535.279706270627 1.1106335027683698e-23
535.3786882288229 1.1105017876448822e-23
535.4776701870187 1.1103700969632607e-23
535.5766521452146 1.1102384307218336e-23
535.6756341034103 1.1101067889189217e-23
535.7746160616061 1.1099751715528416e-23
535.873598019802 1.1098435786219012e-23
535.9725799779978 1.1097120101244036e-23
536.0715619361936 1.1095804660586457e-23
536.1705438943894 1.1094489464229163e-23
536.2695258525853 1.1093174512154986e-23
536.368507810781 1.109185980434671e-23
536.4674897689769 1.1090545340787025e-23
536.5664717271727 1.1089231121458586e-23
536.6654536853686 1.1087917146343978e-23
536.7644356435643 1.1086603415425708e-23
536.8634176017601 1.1085289928686234e-23
536.962399559956 1.1083976686107947e-23
537.0613815181518 1.1082663687673179e-23
537.1603634763476 1.1081350933364194e-23
537.2593454345434 1.1080038423163193e-23
537.3583273927393 1.1078726157052323e-23
537.4573093509351 1.1077414135013663e-23
537.5562913091309 1.1076102357029225e-23
537.6552732673267 1.1074790823080963e-23
537.7542552255226 1.1073479533150775e-23
537.8532371837183 1.1072168487220498e-23
537.9522191419142 1.1070857685271886e-23
538.05120110011 1.1069547127286658e-23
538.1501830583059 1.1068236813246452e-23
538.2491650165016 1.1066926743132866e-23
538.3481469746974 1.1065616916927409e-23
538.4471289328933 1.1064307334611556e-23
538.5461108910891 1.10629979961667e-23
538.6450928492849 1.1061688901574185e-23
538.7440748074807 1.1060380050815293e-23
538.8430567656766 1.1059071443871239e-23
538.9420387238724 1.1057763080723187e-23
539.0410206820682 1.1056454961352234e-23
539.140002640264 1.1055147085739412e-23
539.2389845984599 1.1053839453865708e-23
539.3379665566556 1.1052532065712038e-23
539.4369485148515 1.105122492125925e-23
539.5359304730473 1.1049918020488155e-23
539.6349124312432 1.1048611363379482e-23
539.7338943894389 1.1047304949913918e-23
539.8328763476347 1.1045998780072075e-23
539.9318583058306 1.1044692853834517e-23
540.0308402640264 1.1043387171181738e-23
540.1298222222222 1.1042081732094189e-23
540.228804180418 1.1040776536552244e-23
540.3277861386139 1.1039471584536227e-23
540.4267680968097 1.1038166876026409e-23
540.5257500550055 1.1036862411002994e-23
540.6247320132013 1.1035558189446122e-23
540.7237139713972 1.1034254211335888e-23
540.8226959295929 1.1032950476652324e-23
540.9216778877887 1.103164698537539e-23
541.0206598459846 1.103034373748501e-23
541.1196418041804 1.1029040732961038e-23
541.2186237623762 1.1027737971783272e-23
541.317605720572 1.1026435453931448e-23
541.4165876787679 1.1025133179385251e-23
541.5155696369637 1.1023831148124312e-23
541.6145515951595 1.1022529360128182e-23
541.7135335533553 1.1021227815376385e-23
541.8125155115512 1.1019926513848368e-23
541.9114974697469 1.101862545552353e-23
542.0104794279428 1.1017324640381197e-23
542.1094613861386 1.1016024068400667e-23
542.2084433443345 1.1014723739561152e-23
542.3074253025302 1.1013423653841822e-23
542.406407260726 1.1012123811221789e-23
542.5053892189219 1.101082421168011e-23
542.6043711771177 1.1009524855195779e-23
542.7033531353135 1.1008225741747739e-23
542.8023350935093 1.1006926871314875e-23
542.9013170517052 1.1005628243876017e-23
543.000299009901 1.1004329859409939e-23
543.0992809680968 1.1003031717895356e-23
543.1982629262926 1.1001733819310927e-23
543.2972448844885 1.1000436163635264e-23
543.3962268426842 1.099913875084692e-23
543.49520880088 1.0997841580924379e-23
543.5941907590759 1.099654465384609e-23
543.6931727172718 1.099524796959044e-23
543.7921546754675 1.0993951528135746e-23
543.8911366336633 1.099265532946029e-23
543.9901185918592 1.0991359373542289e-23
544.089100550055 1.0990063660359904e-23
544.1880825082508 1.0988768189891258e-23
544.2870644664466 1.0987472962114396e-23
544.3860464246425 1.0986177977007318e-23
544.4850283828383 1.0984883234547974e-23
544.5840103410341 1.0983588734714254e-23
544.6829922992299 1.0982294477483998e-23
544.7819742574258 1.0981000462834985e-23
544.8809562156215 1.097970669074495e-23
544.9799381738173 1.0978413161191562e-23
545.0789201320132 1.0977119874152453e-23
545.177902090209 1.0975826829605187e-23
545.2768840484048 1.0974534027527274e-23
545.3758660066006 1.0973241467896182e-23
545.4748479647965 1.0971949150689316e-23
545.5738299229923 1.0970657075884032e-23
545.6728118811881 1.0969365243457632e-23
545.7717938393839 1.0968073653387362e-23
545.8707757975798 1.0966782305650421e-23
545.9697577557756 1.0965491200223947e-23
546.0687397139714 1.0964200337085038e-23
546.1677216721672 1.0962909716210724e-23
546.266703630363 1.0961619337577994e-23
546.3656855885588 1.0960329201163781e-23
546.4646675467546 1.0959039306944961e-23
546.5636495049505 1.0957749654898363e-23
546.6626314631463 1.0956460245000765e-23
546.7616134213421 1.0955171077228896e-23
546.8605953795379 1.0953882151559419e-23
546.9595773377338 1.0952593467968953e-23
547.0585592959296 1.0951305026434073e-23
547.1575412541254 1.0950016826931297e-23
547.2565232123212 1.0948728869437081e-23
547.3555051705171 1.0947441153927845e-23
547.4544871287129 1.094615368037995e-23
547.5534690869086 1.0944866448769717e-23
547.6524510451045 1.0943579459073385e-23
547.7514330033003 1.0942292711267184e-23
547.8504149614961 1.0941006205327258e-23
547.9493969196919 1.0939719941229723e-23
548.0483788778878 1.093843391895063e-23
548.1473608360836 1.0937148138465985e-23
548.2463427942794 1.0935862599751753e-23
548.3453247524752 1.0934577302783827e-23
548.4443067106711 1.0933292247538069e-23
548.5432886688669 1.093200743399028e-23
548.6422706270627 1.0930722862116215e-23
548.7412525852585 1.0929438531891584e-23
548.8402345434544 1.092815444329203e-23
548.9392165016502 1.0926870596293164e-23
549.038198459846 1.0925586990870547e-23
549.1371804180418 1.0924303626999671e-23
549.2361623762376 1.0923020504656005e-23
549.3351443344334 1.0921737623814944e-23
549.4341262926292 1.0920454984451855e-23
549.5331082508251 1.0919172586542034e-23
549.6320902090209 1.0917890430060752e-23
549.7310721672167 1.0916608514983209e-23
549.8300541254125 1.0915326841284569e-23
549.9290360836084 1.0914045408939943e-23
550.0280180418042 1.0912764217924392e-23
550.127 1.0911483268212933e-23
550.2259819581958 1.0910202559780533e-23
550.3249639163917 1.0908922092602108e-23
550.4239458745874 1.0907641866652523e-23
550.5229278327832 1.0906361881906604e-23
550.6219097909791 1.0905082138339115e-23
550.7208917491749 1.0903802635924789e-23
550.8198737073707 1.0902523374638295e-23
550.9188556655665 1.0901244354454269e-23
551.0178376237624 1.0899965575347285e-23
551.1168195819582 1.0898687037291876e-23
551.215801540154 1.0897408740262527e-23
551.3147834983498 1.0896130684233676e-23
551.4137654565457 1.0894852869179717e-23
551.5127474147415 1.0893575295074991e-23
551.6117293729372 1.0892297961893788e-23
551.7107113311331 1.089102086961036e-23
551.809693289329 1.0889744018198912e-23
551.9086752475247 1.0888467407633596e-23
552.0076572057205 1.0887191037888512e-23
552.1066391639164 1.088591490893773e-23
552.2056211221122 1.0884639020755256e-23
552.304603080308 1.088336337331507e-23
552.4035850385038 1.088208796659108e-23
552.5025669966997 1.0880812800557163e-23
552.6015489548955 1.0879537875187152e-23
552.7005309130913 1.087826319045482e-23
552.7995128712871 1.0876988746333911e-23
552.898494829483 1.0875714542798116e-23
552.9974767876788 1.0874440579821067e-23
553.0964587458745 1.0873166857376376e-23
553.1954407040704 1.0871893375437585e-23
553.2944226622662 1.0870620133978204e-23
553.393404620462 1.086934713297169e-23
553.4923865786578 1.0868074372391465e-23
553.5913685368537 1.086680185221089e-23
553.6903504950495 1.0865529572403302e-23
553.7893324532453 1.0864257532941973e-23
553.8883144114411 1.0862985733800134e-23
553.987296369637 1.0861714174950976e-23
554.0862783278328 1.0860442856367645e-23
554.1852602860286 1.0859171778023245e-23
554.2842422442244 1.0857900939890818e-23
554.3832242024203 1.0856630341943385e-23
554.4822061606161 1.0855359984153903e-23
554.5811881188118 1.0854089866495301e-23
554.6801700770077 1.0852819988940448e-23
554.7791520352035 1.0851550351462179e-23
554.8781339933993 1.0850280954033286e-23
554.9771159515951 1.0849011796626503e-23
555.076097909791 1.0847742879214534e-23
555.1750798679868 1.0846474201770042e-23
555.2740618261826 1.0845205764265629e-23
555.3730437843784 1.0843937566673863e-23
555.4720257425743 1.0842669608967273e-23
555.5710077007701 1.0841401891118332e-23
555.6699896589658 1.0840134413099488e-23
555.7689716171617 1.0838867174883129e-23
555.8679535753575 1.0837600176441602e-23
555.9669355335534 1.0836333417747217e-23
556.0659174917491 1.0835066898772237e-23
556.164899449945 1.0833800619488883e-23
556.2638814081408 1.0832534579869333e-23
556.3628633663366 1.0831268779885724e-23
556.4618453245324 1.083000321951014e-23
556.5608272827283 1.0828737898714635e-23
556.6598092409241 1.0827472817471217e-23
556.7587911991199 1.082620797575185e-23
556.8577731573157 1.0824943373528452e-23
556.9567551155116 1.0823679010772902e-23
557.0557370737074 1.082241488745704e-23
557.1547190319031 1.0821151003552661e-23
557.253700990099 1.0819887359031508e-23
557.3526829482948 1.0818623953865303e-23
557.4516649064907 1.0817360788025708e-23
557.5506468646864 1.0816097861484347e-23
557.6496288228823 1.0814835174212806e-23
557.7486107810781 1.0813572726182639e-23
557.8475927392739 1.0812310517365331e-23
557.9465746974697 1.081104854773235e-23
558.0455566556656 1.0809786817255106e-23
558.1445386138614 1.0808525325904986e-23
558.2435205720572 1.0807264073653325e-23
558.342502530253 1.0806003060471408e-23
558.4414844884489 1.0804742286330493e-23
558.5404664466447 1.08034817512018e-23
558.6394484048404 1.0802221455056483e-23
558.7384303630363 1.080096139786569e-23
558.8374123212321 1.0799701579600495e-23
558.9363942794279 1.0798442000231959e-23
559.0353762376237 1.0797182659731083e-23
559.1343581958196 1.0795923558068834e-23
559.2333401540154 1.0794664695216146e-23
559.3323221122112 1.07934060711439e-23
559.431304070407 1.0792147685822943e-23
559.5302860286029 1.0790889539224079e-23
559.6292679867987 1.0789631631318072e-23
559.7282499449944 1.0788373962075663e-23
559.8272319031903 1.078711653146752e-23
559.9262138613861 1.0785859339464299e-23
560.025195819582 1.0784602386036602e-23
560.1241777777777 1.0783345671154997e-23
560.2231597359736 1.078208919479001e-23
560.3221416941694 1.0780832956912138e-23
560.4211236523652 1.0779576957491814e-23
560.520105610561 1.0778321196499453e-23
560.6190875687569 1.0777065673905421e-23
560.7180695269527 1.0775810389680054e-23
560.8170514851485 1.0774555343793644e-23
560.9160334433443 1.0773300536216428e-23
561.0150154015402 1.0772045966918639e-23
561.113997359736 1.0770791635870437e-23
561.2129793179317 1.076953754304196e-23
561.3119612761276 1.0768283688403308e-23
561.4109432343234 1.076703007192453e-23
561.5099251925193 1.0765776693575651e-23
561.608907150715 1.076452355332666e-23
561.7078891089109 1.0763270651147483e-23
561.8068710671067 1.0762017987008027e-23
561.9058530253025 1.0760765560878171e-23
562.0048349834983 1.0759513372727725e-23
562.1038169416942 1.0758261422526486e-23
562.20279889989 1.0757009710244205e-23
562.3017808580857 1.0755758235850597e-23
562.4007628162816 1.0754506999315328e-23
562.4997447744774 1.0753256000608046e-23
562.5987267326733 1.0752005239698349e-23
562.697708690869 1.0750754716555796e-23
562.7966906490649 1.0749504431149908e-23
562.8956726072607 1.0748254383450182e-23
562.9946545654566 1.0747004573426059e-23
563.0936365236523 1.0745755001046957e-23
563.1926184818482 1.0744505666282243e-23
563.291600440044 1.0743256569101265e-23
563.3905823982398 1.0742007709473316e-23
563.4895643564356 1.0740759087367664e-23
563.5885463146315 1.0739510702753532e-23
563.6875282728273 1.0738262555600114e-23
563.786510231023 1.0737014645876558e-23
563.8854921892189 1.0735766973551986e-23
563.9844741474147 1.0734519538595481e-23
564.0834561056106 1.0733272340976071e-23
564.1824380638063 1.0732025380662779e-23
564.2814200220022 1.0730778657624566e-23
564.380401980198 1.0729532171830374e-23
564.4793839383939 1.0728285923249086e-23
564.5783658965896 1.0727039911849585e-23
564.6773478547855 1.0725794137600685e-23
564.7763298129813 1.0724548600471166e-23
564.875311771177 1.0723303300429797e-23
564.9742937293729 1.0722058237445289e-23
565.0732756875688 1.0720813411486326e-23
565.1722576457646 1.0719568822521547e-23
565.2712396039603 1.0718324470519578e-23
565.3702215621562 1.0717080355448977e-23
565.469203520352 1.0715836477278292e-23
565.5681854785479 1.0714592835976028e-23
565.6671674367436 1.0713349431510653e-23
565.7661493949395 1.0712106263850592e-23
565.8651313531353 1.0710863332964258e-23
565.9641133113312 1.0709620638820004e-23
566.0630952695269 1.0708378181386157e-23
566.1620772277228 1.0707135960631022e-23
566.2610591859186 1.0705893976522844e-23
566.3600411441143 1.070465222902985e-23
566.4590231023102 1.0703410718120233e-23
566.558005060506 1.0702169443762142e-23
566.6569870187019 1.07009284059237e-23
566.7559689768976 1.069968760457299e-23
566.8549509350935 1.069844703967806e-23
566.9539328932893 1.0697206711206936e-23
567.0529148514852 1.0695966619127585e-23
567.1518968096809 1.0694726763407967e-23
567.2508787678768 1.069348714401599e-23
567.3498607260726 1.0692247760919531e-23
567.4488426842684 1.0691008614086436e-23
567.5478246424642 1.0689769703484523e-23
567.64680660066 1.0688531029081562e-23
567.7457885588559 1.0687292590845302e-23
567.8447705170516 1.0686054388743449e-23
567.9437524752475 1.0684816422743674e-23
568.0427344334433 1.0683578692813635e-23
568.1417163916392 1.0682341198920924e-23
568.2406983498349 1.0681103941033133e-23
568.3396803080308 1.0679866919117792e-23
568.4386622662266 1.0678630133142411e-23
568.5376442244225 1.0677393583074473e-23
568.6366261826182 1.0676157268881418e-23
568.7356081408141 1.0674921190530658e-23
568.8345900990099 1.0673685347989556e-23
568.9335720572057 1.0672449741225473e-23
569.0325540154015 1.0671214370205708e-23
569.1315359735974 1.0669979234897547e-23
569.2305179317932 1.0668744335268228e-23
569.3294998899889 1.066750967128497e-23
569.4284818481848 1.0666275242914954e-23
569.5274638063806 1.066504105012532e-23
569.6264457645765 1.0663807092883185e-23
569.7254277227722 1.066257337115564e-23
569.8244096809681 1.0661339884909724e-23
569.9233916391639 1.066010663411246e-23
570.0223735973598 1.0658873618730835e-23
570.1213555555555 1.0657640838731807e-23
570.2203375137514 1.0656408294082288e-23
570.3193194719472 1.0655175984749172e-23
570.418301430143 1.0653943910699327e-23
570.5172833883388 1.0652712071899562e-23
570.6162653465346 1.065148046831668e-23
570.7152473047305 1.065024909991745e-23
570.8142292629262 1.0649017966668592e-23
570.9132112211221 1.0647787068536811e-23
571.0121931793179 1.0646556405488776e-23
571.1111751375138 1.0645325977491122e-23
571.2101570957095 1.0644095784510456e-23
571.3091390539054 1.0642865826513354e-23
571.4081210121012 1.0641636103466359e-23
571.5071029702971 1.0640406615335972e-23
571.6060849284928 1.0639177362088685e-23
571.7050668866887 1.063794834369095e-23
571.8040488448845 1.0636719560109175e-23
571.9030308030802 1.0635491011309755e-23
572.0020127612761 1.0634262697259046e-23
572.1009947194719 1.0633034617923376e-23
572.1999766776678 1.0631806773269038e-23
572.2989586358635 1.0630579163262305e-23
572.3979405940594 1.0629351787869396e-23
572.4969225522552 1.0628124647056531e-23
572.5959045104511 1.062689774078988e-23
572.6948864686468 1.0625671069035584e-23
572.7938684268427 1.0624444631759752e-23
572.8928503850385 1.0623218428928479e-23
572.9918323432344 1.0621992460507808e-23
573.0908143014301 1.0620766726463764e-23
573.189796259626 1.0619541226762344e-23
573.2887782178218 1.0618315961369508e-23
573.3877601760175 1.0617090930251193e-23
573.4867421342134 1.0615866133373291e-23
573.5857240924092 1.0614641570701693e-23
573.6847060506051 1.0613417242202231e-23
573.7836880088008 1.061219314784072e-23
573.8826699669967 1.0610969287582949e-23
573.9816519251925 1.0609745661394676e-23
574.0806338833884 1.0608522269241621e-23
574.1796158415841 1.0607299111089482e-23
574.27859779978 1.060607618690393e-23
574.3775797579758 1.0604853496650602e-23
574.4765617161717 1.06036310402951e-23
574.5755436743674 1.0602408817803017e-23
574.6745256325632 1.0601186829139897e-23
574.7735075907591 1.0599965074271261e-23
574.8724895489548 1.0598743553162608e-23
574.9714715071507 1.0597522265779394e-23
575.0704534653465 1.0596301212087065e-23
575.1694354235424 1.059508039205102e-23
575.2684173817381 1.0593859805636642e-23
575.367399339934 1.0592639452809275e-23
575.4663812981298 1.0591419333534247e-23
575.5653632563257 1.0590199447776846e-23
575.6643452145214 1.0588979795502344e-23
575.7633271727173 1.0587760376675974e-23
575.8623091309131 1.0586541191262942e-23
575.9612910891088 1.0585322239228428e-23
576.0602730473047 1.0584103520537588e-23
576.1592550055005 1.0582885035155541e-23
576.2582369636964 1.0581666783047378e-23
576.3572189218921 1.0580448764178182e-23
576.456200880088 1.0579230978512985e-23
576.5551828382838 1.0578013426016795e-23
576.6541647964797 1.0576796106654602e-23
576.7531467546754 1.0575579020391362e-23
576.8521287128713 1.0574362167192004e-23
576.9511106710671 1.057314554702143e-23
577.050092629263 1.0571929159844514e-23
577.1490745874587 1.0570713005626105e-23
577.2480565456545 1.0569497084331017e-23
577.3470385038504 1.0568281395924046e-23
577.4460204620461 1.0567065940369962e-23
577.545002420242 1.0565850717633492e-23
577.6439843784378 1.056463572767936e-23
577.7429663366337 1.0563420970472232e-23
577.8419482948294 1.0562206445976781e-23
577.9409302530253 1.0560992154157632e-23
578.0399122112211 1.0559778094979387e-23
578.138894169417 1.0558564268406615e-23
578.2378761276127 1.0557350674403881e-23
578.3368580858086 1.0556137312935695e-23
578.4358400440044 1.0554924183966554e-23
578.5348220022003 1.0553711287460936e-23
578.633803960396 1.0552498623383276e-23
578.7327859185918 1.0551286191697998e-23
578.8317678767877 1.0550073992369483e-23
578.9307498349834 1.0548862025362105e-23
579.0297317931793 1.054765029064019e-23
579.1287137513751 1.0546438788168062e-23
579.227695709571 1.0545227517909998e-23
579.3266776677667 1.0544016479830262e-23
579.4256596259626 1.0542805673893087e-23
579.5246415841584 1.0541595100062676e-23
579.6236235423543 1.0540384758303212e-23
579.72260550055 1.0539174648578856e-23
579.8215874587459 1.0537964770853735e-23
579.9205694169417 1.0536755125091948e-23
580.0195513751376 1.0535545711257576e-23
580.1185333333333 1.0534336529314679e-23
580.2175152915291 1.0533127579227278e-23
580.316497249725 1.0531918860959378e-23
580.4154792079207 1.0530710374474952e-23
580.5144611661166 1.0529502119737952e-23
580.6134431243124 1.0528294096712307e-23
580.7124250825083 1.0527086305361916e-23
580.811407040704 1.0525878745650656e-23
580.9103889988999 1.0524671417542372e-23
581.0093709570957 1.0523464321000895e-23
581.1083529152916 1.0522257455990017e-23
581.2073348734873 1.0521050822473527e-23
581.3063168316831 1.0519844420415168e-23
581.405298789879 1.0518638249778663e-23
581.5042807480748 1.0517432310527718e-23
581.6032627062706 1.0516226602626008e-23
581.7022446644664 1.0515021126037182e-23
581.8012266226623 1.0513815880724869e-23
581.900208580858 1.0512610866652674e-23
581.9991905390539 1.0511406083784168e-23
582.0981724972497 1.0510201532082906e-23
582.1971544554456 1.0508997211512425e-23
582.2961364136413 1.0507793122036226e-23
582.3951183718372 1.0506589263617783e-23
582.494100330033 1.0505385636220561e-23
582.5930822882289 1.0504182239807991e-23
582.6920642464246 1.0502979074343475e-23
582.7910462046204 1.0501776139790401e-23
582.8900281628163 1.0500573436112132e-23
582.989010121012 1.0499370963272005e-23
583.0879920792079 1.0498168721233325e-23
583.1869740374037 1.0496966709959386e-23
583.2859559955996 1.0495764929413456e-23
583.3849379537953 1.0494563379558765e-23
583.4839199119912 1.049336206035854e-23
583.582901870187 1.0492160971775976e-23
583.6818838283829 1.0490960113774242e-23
583.7808657865786 1.0489759486316482e-23
583.8798477447745 1.048855908936582e-23
583.9788297029703 1.048735892288536e-23
584.0778116611662 1.0486158986838171e-23
584.1767936193619 1.048495928118732e-23
584.2757755775577 1.048375980589583e-23
584.3747575357536 1.0482560560926705e-23
584.4737394939493 1.0481361546242935e-23
584.5727214521452 1.0480162761807482e-23
584.671703410341 1.0478964207583282e-23
584.7706853685369 1.047776588353325e-23
584.8696673267326 1.047656778962028e-23
584.9686492849285 1.047536992580724e-23
585.0676312431243 1.0474172292056985e-23
585.1666132013202 1.0472974888332327e-23
585.2655951595159 1.0471777714596081e-23
585.3645771177117 1.047058077081102e-23
585.4635590759076 1.0469384056939892e-23
585.5625410341034 1.0468187572945447e-23
585.6615229922992 1.0466991318790387e-23
585.760504950495 1.0465795294437413e-23
585.8594869086909 1.046459949984917e-23
585.9584688668866 1.0463403934988334e-23
586.0574508250825 1.04622085998175e-23
586.1564327832783 1.0461013494299282e-23
586.2554147414742 1.0459818618396258e-23
586.3543966996699 1.0458623972070983e-23
586.4533786578658 1.0457429555285993e-23
586.5523606160616 1.0456235368003798e-23
586.6513425742575 1.0455041410186891e-23
586.7503245324532 1.0453847681797741e-23
586.849306490649 1.0452654182798797e-23
586.9482884488449 1.0451460913152479e-23
587.0472704070407 1.0450267872821194e-23
587.1462523652365 1.0449075061767328e-23
587.2452343234323 1.0447882479953239e-23
587.3442162816282 1.0446690127341267e-23
587.4431982398239 1.0445498003893725e-23
587.5421801980198 1.0444306109572917e-23
587.6411621562156 1.0443114444341111e-23
587.7401441144115 1.0441923008160562e-23
587.8391260726072 1.0440731800993511e-23
587.938108030803 1.0439540822802162e-23
588.0370899889989 1.0438350073548702e-23
588.1360719471948 1.0437159553195311e-23
588.2350539053905 1.0435969261704127e-23
588.3340358635863 1.0434779199037281e-23
588.4330178217822 1.0433589365156886e-23
588.531999779978 1.0432399760025013e-23
588.6309817381738 1.043121038360374e-23
588.7299636963696 1.0430021235855098e-23
588.8289456545655 1.0428832316741126e-23
588.9279276127612 1.0427643626223812e-23
589.0269095709571 1.0426455164265149e-23
589.1258915291529 1.0425266930827089e-23
589.2248734873488 1.0424078925871578e-23
589.3238554455445 1.042289114936054e-23
589.4228374037403 1.0421703601255863e-23
589.5218193619362 1.0420516281519439e-23
589.620801320132 1.0419329190113122e-23
589.7197832783278 1.0418142326998746e-23
589.8187652365236 1.0416955692138143e-23
589.9177471947195 1.0415769285493101e-23
590.0167291529153 1.0414583107025397e-23
590.1157111111111 1.04133971566968e-23
590.2146930693069 1.0412211434469039e-23
590.3136750275028 1.0411025940303835e-23
590.4126569856985 1.040984067416289e-23
590.5116389438944 1.0408655636007884e-23
590.6106209020902 1.0407470825800466e-23
590.709602860286 1.0406286243502288e-23
590.8085848184818 1.0405101889074959e-23
590.9075667766776 1.0403917762480085e-23
591.0065487348735 1.040273386367925e-23
591.1055306930693 1.0401550192634003e-23
591.2045126512651 1.0400366749305893e-23
591.3034946094609 1.0399183533656443e-23
591.4024765676568 1.0398000545647156e-23
591.5014585258525 1.0396817785239511e-23
591.6004404840484 1.0395635252394969e-23
591.6994224422442 1.0394452947074983e-23
591.7984044004401 1.0393270869240976e-23
591.8973863586358 1.0392089018854352e-23
591.9963683168316 1.0390907395876499e-23
592.0953502750275 1.0389726000268782e-23
592.1943322332233 1.0388544831992555e-23
592.2933141914191 1.0387363891009147e-23
592.3922961496149 1.0386183177279871e-23
592.4912781078108 1.0385002690766012e-23
592.5902600660066 1.0383822431428852e-23
592.6892420242024 1.0382642399229638e-23
592.7882239823982 1.0381462594129616e-23
592.8872059405941 1.0380283016089992e-23
592.9861878987898 1.0379103665071972e-23
593.0851698569857 1.0377924541036737e-23
593.1841518151815 1.0376745643945447e-23
593.2831337733774 1.0375566973759242e-23
593.3821157315731 1.0374388530439249e-23
593.481097689769 1.0373210313946579e-23
593.5800796479648 1.0372032324242309e-23
593.6790616061606 1.0370854561287522e-23
593.7780435643564 1.0369677025043261e-23
593.8770255225522 1.0368499715470568e-23
593.9760074807481 1.0367322632530445e-23
594.0749894389439 1.0366145776183899e-23
594.1739713971397 1.0364969146391909e-23
594.2729533553355 1.0363792743115433e-23
594.3719353135314 1.0362616566315415e-23
594.4709172717271 1.036144061595278e-23
594.569899229923 1.0360264891988435e-23
594.6688811881188 1.0359089394383271e-23
594.7678631463147 1.0357914123098162e-23
594.8668451045104 1.0356739078093956e-23
594.9658270627062 1.0355564259331496e-23
595.0648090209021 1.0354389666771598e-23
595.1637909790979 1.0353215300375059e-23
595.2627729372937 1.0352041160102677e-23
595.3617548954895 1.0350867245915203e-23
595.4607368536854 1.034969355777339e-23
595.5597188118812 1.0348520095637975e-23
595.658700770077 1.0347346859469668e-23
595.7576827282728 1.0346173849229166e-23
595.8566646864687 1.0345001064877149e-23
595.9556466446644 1.034382850637428e-23
596.0546286028602 1.0342656173681203e-23
596.1536105610561 1.0341484066758549e-23
596.252592519252 1.0340312185566926e-23
596.3515744774477 1.0339140530066928e-23
596.4505564356435 1.0337969100219134e-23
596.5495383938394 1.0336797895984107e-23
596.6485203520352 1.0335626917322376e-23
596.747502310231 1.0334456164194497e-23
596.8464842684268 1.0333285636560949e-23
596.9454662266227 1.033211533438224e-23
597.0444481848185 1.0330945257618842e-23
597.1434301430143 1.0329775406231218e-23
597.2424121012101 1.0328605780179809e-23
597.341394059406 1.0327436379425041e-23
597.4403760176017 1.0326267203927327e-23
597.5393579757975 1.0325098253647055e-23
597.6383399339934 1.0323929528544605e-23
597.7373218921892 1.0322761028580339e-23
597.836303850385 1.0321592753714601e-23
597.9352858085808 1.0320424703907717e-23
598.0342677667767 1.031925687912e-23
598.1332497249725 1.0318089279311749e-23
598.2322316831683 1.0316921904443232e-23
598.3312136413641 1.031575475447473e-23
598.43019559956 1.0314587829366475e-23
598.5291775577558 1.0313421129078705e-23
598.6281595159516 1.031225465357163e-23
598.7271414741474 1.0311088402805456e-23
598.8261234323433 1.0309922376740361e-23
598.925105390539 1.0308756575336522e-23
599.0240873487348 1.030759099855408e-23
599.1230693069307 1.0306425646353172e-23
599.2220512651265 1.0305260518693926e-23
599.3210332233223 1.0304095615536437e-23
599.4200151815181 1.0302930936840802e-23
599.518997139714 1.0301766482567088e-23
599.6179790979098 1.0300602252675354e-23
599.7169610561056 1.0299438247125646e-23
599.8159430143014 1.0298274465877992e-23
599.9149249724973 1.0297110908892398e-23
600.013906930693 1.0295947576128864e-23
600.1128888888888 1.029478446754736e-23
600.2118708470847 1.029362158310787e-23
600.3108528052805 1.0292458922770326e-23
600.4098347634763 1.0291296486494683e-23
600.5088167216721 1.0290134274240838e-23
600.607798679868 1.0288972285968714e-23
600.7067806380638 1.0287810521638187e-23
600.8057625962596 1.0286648981209143e-23
600.9047445544554 1.0285487664641437e-23
601.0037265126513 1.0284326571894909e-23
601.1027084708471 1.0283165702929397e-23
601.2016904290429 1.0282005057704714e-23
601.3006723872387 1.0280844636180659e-23
601.3996543454346 1.0279684438317008e-23
601.4986363036303 1.027852446407355e-23
601.5976182618261 1.0277364713410023e-23
601.696600220022 1.0276205186286182e-23
601.7955821782178 1.0275045882661745e-23
601.8945641364136 1.027388680249643e-23
601.9935460946094 1.027272794574993e-23
602.0925280528053 1.0271569312381926e-23
602.1915100110011 1.0270410902352093e-23
602.2904919691969 1.0269252715620082e-23
602.3894739273927 1.0268094752145535e-23
602.4884558855886 1.0266937011888072e-23
602.5874378437844 1.026577949480731e-23
602.6864198019802 1.0264622200862845e-23
602.785401760176 1.0263465130014258e-23
602.8843837183719 1.0262308282221115e-23
602.9833656765676 1.0261151657442983e-23
603.0823476347634 1.0259995255639388e-23
603.1813295929593 1.025883907676986e-23
603.2803115511551 1.0257683120793915e-23
603.3792935093509 1.0256527387671052e-23
603.4782754675467 1.0255371877360757e-23
603.5772574257426 1.0254216589822489e-23
603.6762393839384 1.0253061525015721e-23
603.7752213421342 1.025190668289988e-23
603.87420330033 1.0250752063434414e-23
603.9731852585259 1.0249597666578725e-23
604.0721672167217 1.0248443492292215e-23
604.1711491749174 1.0247289540534282e-23
604.2701311331133 1.0246135811264296e-23
604.3691130913091 1.0244982304441608e-23
604.4680950495049 1.0243829020025589e-23
604.5670770077007 1.024267595797555e-23
604.6660589658966 1.0241523118250823e-23
604.7650409240924 1.0240370500810715e-23
604.8640228822882 1.023921810561452e-23
604.963004840484 1.023806593262152e-23
605.0619867986799 1.023691398179098e-23
605.1609687568757 1.0235762253082156e-23
605.2599507150715 1.0234610746454287e-23
605.3589326732673 1.02334594618666e-23
605.4579146314632 1.0232308399278315e-23
605.556896589659 1.0231157558648633e-23
605.6558785478547 1.0230006939936742e-23
605.7548605060506 1.022885654310182e-23
605.8538424642464 1.0227706368103022e-23
605.9528244224422 1.022655641489951e-23
606.051806380638 1.022540668345041e-23
606.1507883388339 1.022425717371485e-23
606.2497702970297 1.0223107885651948e-23
606.3487522552255 1.0221958819220792e-23
606.4477342134213 1.0220809974380478e-23
606.5467161716172 1.0219661351090067e-23
606.645698129813 1.0218512949308636e-23
606.7446800880087 1.0217364768995227e-23
606.8436620462046 1.0216216810108873e-23
606.9426440044004 1.0215069072608593e-23
607.0416259625963 1.0213921556453404e-23
607.140607920792 1.0212774261602305e-23
607.2395898789879 1.0211627188014279e-23
607.3385718371837 1.0210480335648301e-23
607.4375537953795 1.0209333704463334e-23
607.5365357535753 1.0208187294418322e-23
607.6355177117712 1.0207041105472198e-23
607.734499669967 1.02058951375839e-23
607.8334816281628 1.0204749390712332e-23
607.9324635863586 1.0203603864816393e-23
608.0314455445545 1.020245855985497e-23
608.1304275027503 1.0201313475786943e-23
608.229409460946 1.0200168612571177e-23
608.3283914191419 1.0199023970166522e-23
608.4273733773377 1.0197879548531812e-23
608.5263553355335 1.0196735347625884e-23
608.6253372937293 1.0195591367407551e-23
608.7243192519252 1.0194447607835613e-23
608.823301210121 1.019330406886887e-23
608.9222831683168 1.01921607504661e-23
609.0212651265126 1.019101765258607e-23
609.1202470847085 1.018987477518754e-23
609.2192290429043 1.0188732118229251e-23
609.3182110011 1.0187589681669944e-23
609.4171929592959 1.0186447465468336e-23
609.5161749174918 1.0185305469583143e-23
609.6151568756876 1.0184163693973055e-23
609.7141388338833 1.0183022138596777e-23
609.8131207920792 1.0181880803412969e-23
609.912102750275 1.0180739688380302e-23
610.0110847084708 1.0179598793457437e-23
610.1100666666666 1.0178458118603003e-23
610.2090486248625 1.0177317663775644e-23
610.3080305830583 1.0176177428933969e-23
610.4070125412541 1.0175037414036598e-23
610.5059944994499 1.0173897619042116e-23
610.6049764576458 1.0172758043909123e-23
610.7039584158416 1.0171618688596187e-23
610.8029403740373 1.0170479553061876e-23
610.9019223322332 1.0169340637264734e-23
611.000904290429 1.0168201941163311e-23
611.0998862486249 1.0167063464716137e-23
611.1988682068206 1.0165925207881742e-23
611.2978501650165 1.0164787170618621e-23
611.3968321232123 1.0163649352885278e-23
611.4958140814081 1.0162511754640205e-23
611.5947960396039 1.0161374375841869e-23
611.6937779977998 1.0160237216448748e-23
611.7927599559956 1.0159100276419291e-23
611.8917419141914 1.0157963555711947e-23
611.9907238723872 1.0156827054285144e-23
612.0897058305831 1.0155690772097315e-23
612.1886877887789 1.0154554709106861e-23
612.2876697469746 1.01534188652722e-23
612.3866517051705 1.0152283240551718e-23
612.4856336633663 1.0151147834903793e-23
612.5846156215622 1.0150012648286798e-23
612.6835975797579 1.0148877680659095e-23
612.7825795379538 1.0147742931979035e-23
612.8815614961496 1.0146608402204955e-23
612.9805434543454 1.0145474091295193e-23
613.0795254125412 1.0144339999208061e-23
613.1785073707371 1.0143206125901873e-23
613.2774893289329 1.0142072471334922e-23
613.3764712871287 1.014093903546551e-23
613.4754532453245 1.0139805818251905e-23
613.5744352035204 1.0138672819652377e-23
613.6734171617162 1.0137540039625195e-23
613.7723991199119 1.013640747812859e-23
613.8713810781078 1.0135275135120818e-23
613.9703630363036 1.0134143010560108e-23
614.0693449944995 1.0133011104404665e-23
614.1683269526952 1.0131879416612714e-23
614.2673089108911 1.0130747947142442e-23
614.3662908690869 1.0129616695952046e-23
614.4652728272827 1.0128485662999707e-23
614.5642547854785 1.0127354848243589e-23
614.6632367436744 1.0126224251641857e-23
614.7622187018702 1.0125093873152662e-23
614.861200660066 1.0123963712734144e-23
614.9601826182618 1.0122833770344438e-23
615.0591645764576 1.0121704045941665e-23
615.1581465346535 1.0120574539483932e-23
615.2571284928492 1.0119445250929346e-23
615.3561104510451 1.0118316180236006e-23
615.4550924092409 1.0117187327361992e-23
615.5540743674368 1.0116058692265371e-23
615.6530563256325 1.0114930274904224e-23
615.7520382838284 1.0113802075236595e-23
615.8510202420242 1.0112674093220537e-23
615.95000220022 1.011154632881409e-23
616.0489841584158 1.0110418781975273e-23
616.1479661166117 1.0109291452662113e-23
616.2469480748075 1.0108164340832617e-23
616.3459300330032 1.0107037446444784e-23
616.4449119911991 1.0105910769456617e-23
616.5438939493949 1.0104784309826083e-23
616.6428759075908 1.0103658067511163e-23
616.7418578657865 1.0102532042469831e-23
616.8408398239824 1.0101406234660026e-23
616.9398217821782 1.0100280644039705e-23
617.038803740374 1.0099155270566809e-23
617.1377856985698 1.0098030114199256e-23
617.2367676567657 1.0096905174894973e-23
617.3357496149615 1.0095780452611879e-23
617.4347315731573 1.0094655947307862e-23
617.5337135313531 1.0093531658940828e-23
617.632695489549 1.009240758746865e-23
617.7316774477448 1.0091283732849222e-23
617.8306594059405 1.00901600950404e-23
617.9296413641364 1.0089036674000041e-23
618.0286233223322 1.0087913469686002e-23
618.1276052805281 1.0086790482056125e-23
618.2265872387238 1.0085667711068245e-23
618.3255691969197 1.0084545156680186e-23
618.4245511551155 1.0083422818849761e-23
618.5235331133113 1.0082300697534783e-23
618.6225150715071 1.008117879269305e-23
618.721497029703 1.0080057104282356e-23
618.8204789878988 1.0078935632260484e-23
618.9194609460945 1.007781437658521e-23
619.0184429042904 1.0076693337214299e-23
619.1174248624862 1.0075572514105508e-23
619.2164068206821 1.0074451907216593e-23
619.3153887788778 1.0073331516505293e-23
619.4143707370737 1.007221134192934e-23
619.5133526952695 1.0071091383446467e-23
619.6123346534654 1.0069971641014383e-23
619.7113166116611 1.0068852114590807e-23
619.810298569857 1.0067732804133437e-23
619.9092805280528 1.0066613709599964e-23
620.0082624862486 1.0065494830948083e-23
620.1072444444444 1.0064376168135462e-23
620.2062264026403 1.006325772111978e-23
620.3052083608361 1.0062139489858695e-23
620.4041903190318 1.006102147430986e-23
620.5031722772277 1.0059903674430928e-23
620.6021542354235 1.0058786090179532e-23
620.7011361936194 1.0057668721513304e-23
620.8001181518151 1.0056551568389878e-23
620.899100110011 1.0055434630766853e-23
620.9980820682068 1.0054317908601852e-23
621.0970640264027 1.0053201401852473e-23
621.1960459845984 1.0052085110476304e-23
621.2950279427943 1.0050969034430938e-23
621.3940099009901 1.0049853173673944e-23
621.4929918591858 1.00487375281629e-23
621.5919738173817 1.0047622097855372e-23
621.6909557755775 1.0046506882708906e-23
621.7899377337734 1.0045391882681053e-23
621.8889196919691 1.0044277097729369e-23
621.987901650165 1.0043162527811363e-23
622.0868836083608 1.0042048172884585e-23
622.1858655665567 1.0040934032906541e-23
622.2848475247524 1.003982010783475e-23
622.3838294829483 1.0038706397626707e-23
622.4828114411441 1.0037592902239923e-23
622.58179339934 1.0036479621631877e-23
622.6807753575357 1.003536655576006e-23
622.7797573157316 1.0034253704581947e-23
622.8787392739274 1.0033141068055002e-23
622.9777212321231 1.0032028646136691e-23
623.076703190319 1.0030916438784476e-23
623.1756851485148 1.0029804445955797e-23
623.2746671067107 1.0028692667608095e-23
623.3736490649064 1.0027581103698808e-23
623.4726310231023 1.0026469754185366e-23
623.5716129812981 1.0025358619025184e-23
623.670594939494 1.0024247698175677e-23
623.7695768976897 1.0023136991594258e-23
623.8685588558856 1.0022026499238323e-23
623.9675408140814 1.002091622106526e-23
624.0665227722773 1.0019806157032469e-23
624.165504730473 1.0018696307097323e-23
624.2644866886689 1.0017586671217193e-23
624.3634686468647 1.001647724934945e-23
624.4624506050604 1.0015368041451453e-23
624.5614325632563 1.0014259047480561e-23
624.6604145214521 1.001315026739411e-23
624.759396479648 1.001204170114945e-23
624.8583784378437 1.0010933348703916e-23
624.9573603960396 1.0009825210014832e-23
625.0563423542354 1.000871728503952e-23
625.1553243124313 1.0007609573735296e-23
625.254306270627 1.000650207605947e-23
625.3532882288229 1.0005394791969344e-23
625.4522701870187 1.000428772142221e-23
625.5512521452144 1.0003180864375364e-23
625.6502341034103 1.0002074220786092e-23
625.7492160616061 1.0000967790611657e-23
625.848198019802 9.999861573809346e-24
625.9471799779977 9.998755570336416e-24
626.0461619361936 9.997649780150134e-24
626.1451438943894 9.99654420320774e-24
626.2441258525853 9.995438839466489e-24
626.343107810781 9.994333688883626e-24
626.4420897689769 9.993228751416375e-24
626.5410717271727 9.992124027021968e-24
626.6400536853686 9.991019515657631e-24
626.7390356435643 9.989915217280587e-24
626.8380176017602 9.988811131848034e-24
626.936999559956 9.987707259317183e-24
627.0359815181517 9.986603599645234e-24
627.1349634763476 9.985500152789382e-24
627.2339454345434 9.98439691870681e-24
627.3329273927393 9.983293897354704e-24
627.431909350935 9.982191088690237e-24
627.5308913091309 9.98108849267058e-24
627.6298732673267 9.979986109252897e-24
627.7288552255226 9.978883938394351e-24
627.8278371837183 9.977781980052097e-24
627.9268191419142 9.976680234183272e-24
628.02580110011 9.975578700745026e-24
628.1247830583059 9.974477379694495e-24
628.2237650165016 9.973376270988814e-24
628.3227469746975 9.972275374585104e-24
628.4217289328933 9.971174690440482e-24
628.520710891089 9.97007421851207e-24
628.6196928492849 9.968973958756974e-24
628.7186748074807 9.967873911132296e-24
628.8176567656766 9.966774075595135e-24
628.9166387238723 9.965674452102589e-24
629.0156206820682 9.964575040611745e-24
629.114602640264 9.963475841079683e-24
629.2135845984599 9.962376853463478e-24
629.3125665566556 9.961278077720211e-24
629.4115485148515 9.960179513806938e-24
629.5105304730473 9.95908116168073e-24
629.6095124312432 9.95798302129864e-24
629.7084943894389 9.956885092617719e-24
629.8074763476347 9.955787375595012e-24
629.9064583058306 9.954689870187566e-24
630.0054402640263 9.953592576352416e-24
630.1044222222222 9.952495494046589e-24
630.203404180418 9.95139862322711e-24
630.3023861386139 9.95030196385101e-24
630.4013680968096 9.949205515875301e-24
630.5003500550055 9.948109279256992e-24
630.5993320132013 9.94701325395309e-24
630.6983139713972 9.945917439920598e-24
630.7972959295929 9.944821837116514e-24
630.8962778877888 9.94372644549783e-24
630.9952598459846 9.942631265021535e-24
631.0942418041805 9.94153629564461e-24
631.1932237623762 9.940441537324031e-24
631.292205720572 9.939346990016772e-24
631.3911876787679 9.938252653679809e-24
631.4901696369636 9.937158528270093e-24
631.5891515951595 9.936064613744594e-24
631.6881335533553 9.93497091006026e-24
631.7871155115512 9.933877417174042e-24
631.8860974697469 9.932784135042897e-24
631.9850794279428 9.93169106362375e-24
632.0840613861386 9.930598202873543e-24
632.1830433443345 9.929505552749214e-24
632.2820253025302 9.928413113207685e-24
632.381007260726 9.92732088420588e-24
632.4799892189219 9.926228865700718e-24
632.5789711771178 9.925137057649114e-24
632.6779531353135 9.92404546000798e-24
632.7769350935093 9.922954072734221e-24
632.8759170517052 9.921862895784736e-24
632.9748990099009 9.920771929116425e-24
633.0738809680968 9.919681172686179e-24
633.1728629262926 9.918590626450888e-24
633.2718448844885 9.917500290367439e-24
633.3708268426842 9.916410164392707e-24
633.4698088008801 9.915320248483573e-24
633.5687907590759 9.914230542596908e-24
633.6677727172718 9.91314104668958e-24
633.7667546754675 9.912051760718452e-24
633.8657366336633 9.910962684640387e-24
633.9647185918592 9.909873818412239e-24
634.0637005500549 9.90878516199086e-24
634.1626825082508 9.907696715333098e-24
634.2616644664466 9.906608478395793e-24
634.3606464246425 9.905520451135795e-24
634.4596283828382 9.904432633509933e-24
634.5586103410341 9.903345025475045e-24
634.6575922992299 9.902257626987951e-24
634.7565742574258 9.901170438005481e-24
634.8555562156215 9.900083458484459e-24
634.9545381738174 9.898996688381693e-24
635.0535201320132 9.897910127654004e-24
635.152502090209 9.896823776258204e-24
635.2514840484048 9.895737634151092e-24
635.3504660066006 9.894651701289476e-24
635.4494479647965 9.89356597763015e-24
635.5484299229922 9.892480463129915e-24
635.6474118811881 9.891395157745551e-24
635.7463938393839 9.890310061433858e-24
635.8453757975798 9.889225174151617e-24
635.9443577557755 9.888140495855602e-24
636.0433397139714 9.887056026502601e-24
636.1423216721672 9.88597176604938e-24
636.2413036303631 9.884887714452712e-24
636.3402855885588 9.883803871669368e-24
636.4392675467546 9.882720237656102e-24
636.5382495049505 9.88163681236968e-24
636.6372314631463 9.880553595766863e-24
636.7362134213421 9.879470587804396e-24
636.8351953795379 9.878387788439032e-24
636.9341773377338 9.877305197627517e-24
637.0331592959295 9.8762228153266e-24
637.1321412541254 9.875140641493017e-24
637.2311232123212 9.874058676083502e-24
637.3301051705171 9.872976919054793e-24
637.4290871287128 9.871895370363621e-24
637.5280690869087 9.870814029966712e-24
637.6270510451045 9.86973289782079e-24
637.7260330033004 9.868651973882578e-24
637.8250149614961 9.867571258108792e-24
637.923996919692 9.866490750456147e-24
638.0229788778878 9.865410450881356e-24
638.1219608360836 9.864330359341131e-24
638.2209427942794 9.863250475792177e-24
638.3199247524752 9.862170800191189e-24
638.4189067106711 9.861091332494875e-24
638.5178886688668 9.860012072659937e-24
638.6168706270627 9.858933020643056e-24
638.7158525852585 9.857854176400933e-24
638.8148345434544 9.85677553989025e-24
638.9138165016501 9.855697111067704e-24
639.012798459846 9.854618889889968e-24
639.1117804180418 9.85354087631372e-24
639.2107623762377 9.852463070295646e-24
639.3097443344334 9.85138547179242e-24
639.4087262926292 9.850308080760707e-24
639.5077082508251 9.849230897157179e-24
639.6066902090209 9.848153920938507e-24
639.7056721672167 9.847077152061351e-24
639.8046541254125 9.84600059048237e-24
639.9036360836084 9.844924236158224e-24
640.0026180418041 9.843848089045574e-24
640.1016 9.84277214910107e-24
640.2005819581958 9.841696416281362e-24
640.2995639163917 9.840620890543097e-24
640.3985458745874 9.839545571842927e-24
640.4975278327832 9.838470460137491e-24
640.5965097909791 9.837395555383428e-24
640.695491749175 9.836320857537379e-24
640.7944737073707 9.835246366555982e-24
640.8934556655665 9.834172082395873e-24
640.9924376237624 9.833098005013675e-24
641.0914195819582 9.832024134366022e-24
641.190401540154 9.830950470409542e-24
641.2893834983498 9.829877013100859e-24
641.3883654565457 9.828803762396592e-24
641.4873474147414 9.827730718253363e-24
641.5863293729373 9.826657880627791e-24
641.6853113311331 9.825585249476488e-24
641.784293289329 9.824512824756073e-24
641.8832752475247 9.823440606423153e-24
641.9822572057205 9.822368594434337e-24
642.0812391639164 9.82129678874623e-24
642.1802211221122 9.820225189315443e-24
642.279203080308 9.819153796098572e-24
642.3781850385038 9.818082609052223e-24
642.4771669966997 9.817011628132994e-24
642.5761489548954 9.815940853297474e-24
642.6751309130913 9.814870284502268e-24
642.7741128712871 9.813799921703961e-24
642.873094829483 9.812729764859149e-24
642.9720767876787 9.811659813924415e-24
643.0710587458746 9.810590068856349e-24
643.1700407040704 9.809520529611534e-24
643.2690226622663 9.808451196146557e-24
643.368004620462 9.807382068418002e-24
643.4669865786578 9.806313146382437e-24
643.5659685368537 9.80524442999645e-24
643.6649504950495 9.80417591921661e-24
643.7639324532453 9.803107613999491e-24
643.8629144114411 9.802039514301669e-24
643.961896369637 9.800971620079714e-24
644.0608783278327 9.799903931290197e-24
644.1598602860286 9.798836447889677e-24
644.2588422442244 9.797769169834725e-24
644.3578242024203 9.796702097081905e-24
644.456806160616 9.795635229587784e-24
644.5557881188118 9.794568567308914e-24
644.6547700770077 9.793502110201856e-24
644.7537520352035 9.79243585822317e-24
644.8527339933993 9.791369811329408e-24
644.9517159515951 9.79030396947713e-24
645.050697909791 9.789238332622882e-24
645.1496798679868 9.788172900723222e-24
645.2486618261826 9.787107673734701e-24
645.3476437843784 9.78604265161386e-24
645.4466257425743 9.784977834317246e-24
645.54560770077 9.783913221801419e-24
645.6445896589659 9.782848814022904e-24
645.7435716171617 9.781784610938262e-24
645.8425535753576 9.78072061250402e-24
645.9415355335533 9.779656818676723e-24
646.0405174917491 9.778593229412916e-24
646.139499449945 9.777529844669127e-24
646.2384814081408 9.776466664401904e-24
646.3374633663366 9.775403688567771e-24
646.4364453245324 9.77434091712327e-24
646.5354272827283 9.77327835002493e-24
646.6344092409241 9.772215987229284e-24
646.7333911991199 9.771153828692864e-24
646.8323731573157 9.770091874372196e-24
646.9313551155116 9.769030124223808e-24
647.0303370737073 9.767968578204233e-24
647.1293190319032 9.766907236269994e-24
647.228300990099 9.765846098377615e-24
647.3272829482949 9.764785164483618e-24
647.4262649064906 9.763724434544531e-24
647.5252468646864 9.762663908516877e-24
647.6242288228823 9.76160358635717e-24
647.7232107810781 9.760543468021937e-24
647.8221927392739 9.759483553467693e-24
647.9211746974697 9.758423842650958e-24
648.0201566556656 9.757364335528247e-24
648.1191386138614 9.75630503205608e-24
648.2181205720572 9.755245932190974e-24
648.317102530253 9.75418703588944e-24
648.4160844884489 9.753128343107991e-24
648.5150664466446 9.752069853803142e-24
648.6140484048404 9.75101156793141e-24
648.7130303630363 9.7499534854493e-24
648.8120123212321 9.748895606313324e-24
648.9109942794279 9.747837930479999e-24
649.0099762376237 9.746780457905823e-24
649.1089581958196 9.745723188547313e-24
649.2079401540154 9.744666122360975e-24
649.3069221122112 9.743609259303319e-24
649.405904070407 9.742552599330844e-24
649.5048860286029 9.741496142400066e-24
649.6038679867987 9.740439888467485e-24
649.7028499449945 9.739383837489607e-24
649.8018319031903 9.738327989422936e-24
649.9008138613862 9.737272344223979e-24
649.9997958195819 9.736216901849235e-24
650.0987777777777 9.735161662255211e-24
650.1977597359736 9.734106625398408e-24
650.2967416941694 9.733051791235327e-24
650.3957236523652 9.73199715972247e-24
650.494705610561 9.730942730816341e-24
650.5936875687569 9.729888504473436e-24
650.6926695269527 9.728834480650261e-24
650.7916514851485 9.727780659303311e-24
650.8906334433443 9.726727040389088e-24
650.9896154015402 9.72567362386409e-24
651.0885973597359 9.724620409684818e-24
651.1875793179317 9.723567397807772e-24
651.2865612761276 9.722514588189443e-24
651.3855432343234 9.721461980786338e-24
651.4845251925192 9.720409575554954e-24
651.583507150715 9.719357372451783e-24
651.6824891089109 9.718305371433325e-24
651.7814710671067 9.717253572456082e-24
651.8804530253025 9.716201975476547e-24
651.9794349834983 9.715150580451216e-24
652.0784169416942 9.714099387336588e-24
652.17739889989 9.713048396089163e-24
652.2763808580858 9.71199760666543e-24
652.3753628162816 9.71094701902189e-24
652.4743447744775 9.70989663311504e-24
652.5733267326732 9.708846448901378e-24
652.672308690869 9.707796466337402e-24
652.7712906490649 9.706746685379596e-24
652.8702726072607 9.705697105984473e-24
652.9692545654565 9.704647728108522e-24
653.0682365236523 9.703598551708239e-24
653.1672184818482 9.702549576740125e-24
653.266200440044 9.701500803160669e-24
653.3651823982398 9.700452230926377e-24
653.4641643564356 9.699403859993738e-24
653.5631463146315 9.698355690319259e-24
653.6621282728273 9.697307721859424e-24
653.761110231023 9.696259954570747e-24
653.8600921892189 9.695212388409711e-24
653.9590741474148 9.694165023332818e-24
654.0580561056105 9.693117859296573e-24
654.1570380638063 9.69207089625747e-24
654.2560200220022 9.691024134172003e-24
654.355001980198 9.689977572996674e-24
654.4539839383938 9.688931212687989e-24
654.5529658965896 9.687885053202443e-24
654.6519478547855 9.686839094496527e-24
654.7509298129813 9.685793336526755e-24
654.8499117711771 9.68474777924962e-24
654.9488937293729 9.683702422621624e-24
655.0478756875688 9.682657266599272e-24
655.1468576457646 9.681612311139064e-24
655.2458396039603 9.680567556197498e-24
655.3448215621562 9.679523001731083e-24
655.443803520352 9.678478647696314e-24
655.5427854785478 9.677434494049706e-24
655.6417674367436 9.676390540747759e-24
655.7407493949395 9.67534678774697e-24
655.8397313531353 9.674303235003857e-24
655.9387133113311 9.673259882474918e-24
656.0376952695269 9.672216730116657e-24
656.1366772277228 9.671173777885586e-24
656.2356591859186 9.670131025738213e-24
656.3346411441144 9.669088473631045e-24
656.4336231023102 9.668046121520587e-24
656.5326050605061 9.667003969363354e-24
656.6315870187019 9.665962017115857e-24
656.7305689768976 9.664920264734603e-24
656.8295509350935 9.663878712176102e-24
656.9285328932893 9.662837359396872e-24
657.0275148514851 9.661796206353422e-24
657.1264968096809 9.66075525300227e-24
657.2254787678768 9.659714499299922e-24
657.3244607260726 9.658673945202899e-24
657.4234426842684 9.657633590667724e-24
657.5224246424642 9.656593435650903e-24
657.6214066006601 9.65555348010896e-24
657.7203885588559 9.65451372399841e-24
657.8193705170517 9.653474167275775e-24
657.9183524752475 9.652434809897573e-24
658.0173344334434 9.651395651820331e-24
658.1163163916392 9.650356693000568e-24
658.2152983498349 9.649317933394806e-24
658.3142803080308 9.64827937295957e-24
658.4132622662266 9.647241011651383e-24
658.5122442244224 9.64620284942678e-24
658.6112261826182 9.645164886242278e-24
658.7102081408141 9.644127122054408e-24
658.8091900990099 9.643089556819701e-24
658.9081720572057 9.642052190494691e-24
659.0071540154015 9.6410150230359e-24
659.1061359735974 9.639978054399864e-24
659.2051179317932 9.63894128454312e-24
659.304099889989 9.637904713422206e-24
659.4030818481848 9.636868340993646e-24
659.5020638063806 9.635832167213987e-24
659.6010457645764 9.634796192039762e-24
659.7000277227722 9.633760415427511e-24
659.7990096809681 9.63272483733378e-24
659.8979916391639 9.631689457715099e-24
659.9969735973597 9.630654276528023e-24
660.0959555555555 9.629619293729089e-24
660.1949375137514 9.628584509274848e-24
660.2939194719472 9.627549923121839e-24
660.392901430143 9.626515535226617e-24
660.4918833883388 9.625481345545727e-24
660.5908653465347 9.624447354035722e-24
660.6898473047305 9.623413560653156e-24
660.7888292629262 9.622379965354575e-24
660.8878112211221 9.621346568096543e-24
660.9867931793179 9.620313368835608e-24
661.0857751375137 9.619280367528333e-24
661.1847570957095 9.618247564131273e-24
661.2837390539054 9.617214958600991e-24
661.3827210121012 9.616182550894044e-24
661.481702970297 9.615150340967005e-24
661.5806849284928 9.614118328776432e-24
661.6796668866887 9.613086514278891e-24
661.7786488448845 9.612054897430951e-24
661.8776308030803 9.611023478189182e-24
661.9766127612761 9.609992256510152e-24
662.075594719472 9.608961232350434e-24
662.1745766776678 9.607930405666604e-24
662.2735586358635 9.606899776415239e-24
662.3725405940594 9.60586934455291e-24
662.4715225522552 9.604839110036204e-24
662.570504510451 9.603809072821693e-24
662.6694864686468 9.602779232865966e-24
662.7684684268427 9.601749590125599e-24
662.8674503850385 9.600720144557181e-24
662.9664323432343 9.599690896117301e-24
663.0654143014301 9.598661844762547e-24
663.164396259626 9.597632990449511e-24
663.2633782178218 9.596604333134778e-24
663.3623601760175 9.595575872774952e-24
663.4613421342134 9.594547609326616e-24
663.5603240924092 9.59351954274638e-24
663.6593060506051 9.592491672990836e-24
663.7582880088008 9.591464000016587e-24
663.8572699669967 9.590436523780244e-24
663.9562519251925 9.589409244238393e-24
664.0552338833883 9.588382161347656e-24
664.1542158415841 9.587355275064635e-24
664.25319779978 9.586328585345944e-24
664.3521797579758 9.58530209214819e-24
664.4511617161716 9.584275795427994e-24
664.5501436743674 9.583249695141963e-24
664.6491256325633 9.582223791246726e-24
664.7481075907591 9.581198083698894e-24
664.8470895489548 9.580172572455093e-24
664.9460715071507 9.579147257471949e-24
665.0450534653465 9.578122138706081e-24
665.1440354235424 9.577097216114122e-24
665.2430173817381 9.576072489652705e-24
665.341999339934 9.575047959278454e-24
665.4409812981298 9.574023624948007e-24
665.5399632563256 9.572999486617999e-24
665.6389452145214 9.571975544245065e-24
665.7379271727173 9.570951797785855e-24
665.8369091309131 9.56992824719701e-24
665.9358910891088 9.568904892435165e-24
666.0348730473047 9.567881733456972e-24
666.1338550055005 9.566858770219081e-24
666.2328369636964 9.56583600267814e-24
666.3318189218921 9.564813430790805e-24
666.430800880088 9.56379105451373e-24
666.5297828382838 9.562768873803573e-24
666.6287647964796 9.561746888616993e-24
666.7277467546754 9.560725098910656e-24
666.8267287128713 9.559703504641224e-24
666.9257106710671 9.558682105765357e-24
667.0246926292629 9.557660902239733e-24
667.1236745874587 9.556639894021022e-24
667.2226565456546 9.555619081065887e-24
667.3216385038504 9.554598463331017e-24
667.4206204620461 9.553578040773087e-24
667.519602420242 9.552557813348775e-24
667.6185843784378 9.551537781014766e-24
667.7175663366337 9.55051794372774e-24
667.8165482948294 9.54949830144439e-24
667.9155302530253 9.548478854121402e-24
668.0145122112211 9.547459601715474e-24
668.1134941694169 9.546440544183294e-24
668.2124761276127 9.545421681481567e-24
668.3114580858086 9.544403013566985e-24
668.4104400440044 9.543384540396256e-24
668.5094220022002 9.542366261926082e-24
668.608403960396 9.54134817811317e-24
668.7073859185919 9.540330288914233e-24
668.8063678767877 9.53931259428598e-24
668.9053498349834 9.538295094185128e-24
669.0043317931793 9.53727778856839e-24
669.1033137513751 9.536260677392495e-24
669.202295709571 9.535243760614153e-24
669.3012776677667 9.5342270381901e-24
669.4002596259626 9.533210510077057e-24
669.4992415841584 9.532194176231761e-24
669.5982235423542 9.53117803661094e-24
669.69720550055 9.530162091171328e-24
669.7961874587459 9.529146339869663e-24
669.8951694169417 9.528130782662694e-24
669.9941513751374 9.527115419507159e-24
670.0931333333333 9.526100250359805e-24
670.1921152915291 9.525085275177383e-24
670.291097249725 9.524070493916642e-24
670.3900792079207 9.523055906534334e-24
670.4890611661166 9.522041512987224e-24
670.5880431243124 9.521027313232067e-24
670.6870250825083 9.520013307225625e-24
670.786007040704 9.518999494924669e-24
670.8849889988999 9.517985876285958e-24
670.9839709570957 9.516972451266274e-24
671.0829529152915 9.515959219822386e-24
671.1819348734873 9.514946181911071e-24
671.2809168316832 9.51393333748911e-24
671.379898789879 9.512920686513282e-24
671.4788807480747 9.51190822894038e-24
671.5778627062706 9.510895964727187e-24
671.6768446644664 9.509883893830492e-24
671.7758266226623 9.508872016207093e-24
671.874808580858 9.50786033181379e-24
671.9737905390539 9.506848840607379e-24
672.0727724972497 9.505837542544667e-24
672.1717544554456 9.504826437582454e-24
672.2707364136413 9.503815525677554e-24
672.3697183718372 9.502804806786778e-24
672.468700330033 9.501794280866938e-24
672.5676822882288 9.500783947874859e-24
672.6666642464246 9.499773807767353e-24
672.7656462046205 9.498763860501258e-24
672.8646281628163 9.497754106033387e-24
672.963610121012 9.49674454432058e-24
673.0625920792079 9.495735175319663e-24
673.1615740374037 9.494725998987472e-24
673.2605559955996 9.493717015280859e-24
673.3595379537953 9.492708224156655e-24
673.4585199119912 9.491699625571709e-24
673.557501870187 9.490691219482872e-24
673.6564838283829 9.489683005846995e-24
673.7554657865786 9.488674984620939e-24
673.8544477447745 9.487667155761549e-24
673.9534297029703 9.486659519225696e-24
674.052411661166 9.485652074970247e-24
674.1513936193619 9.484644822952066e-24
674.2503755775577 9.483637763128027e-24
674.3493575357536 9.482630895455003e-24
674.4483394939493 9.48162421988987e-24
674.5473214521452 9.480617736389515e-24
674.646303410341 9.479611444910816e-24
674.7452853685369 9.478605345410666e-24
674.8442673267326 9.477599437845954e-24
674.9432492849285 9.476593722173575e-24
675.0422312431243 9.475588198350426e-24
675.14121320132 9.474582866333406e-24
675.2401951595159 9.473577726079429e-24
675.3391771177118 9.472572777545388e-24
675.4381590759076 9.47156802068821e-24
675.5371410341033 9.470563455464799e-24
675.6361229922992 9.469559081832073e-24
675.735104950495 9.468554899746958e-24
675.8340869086909 9.467550909166381e-24
675.9330688668866 9.466547110047262e-24
676.0320508250825 9.465543502346538e-24
676.1310327832783 9.464540086021146e-24
676.2300147414742 9.463536861028023e-24
676.3289966996699 9.46253382732411e-24
676.4279786578658 9.461530984866351e-24
676.5269606160616 9.4605283336117e-24
676.6259425742574 9.459525873517104e-24
676.7249245324532 9.458523604539528e-24
676.823906490649 9.457521526635925e-24
676.9228884488449 9.456519639763257e-24
677.0218704070406 9.455517943878496e-24
677.1208523652365 9.45451643893861e-24
677.2198343234323 9.453515124900574e-24
677.3188162816282 9.452514001721365e-24
677.4177982398239 9.451513069357968e-24
677.5167801980198 9.450512327767357e-24
677.6157621562156 9.449511776906533e-24
677.7147441144115 9.448511416732482e-24
677.8137260726072 9.447511247202202e-24
677.9127080308031 9.446511268272695e-24
678.0116899889989 9.445511479900959e-24
678.1106719471946 9.444511882044001e-24
678.2096539053905 9.443512474658834e-24
678.3086358635863 9.442513257702473e-24
678.4076178217822 9.441514231131937e-24
678.5065997799779 9.440515394904246e-24
678.6055817381738 9.439516748976425e-24
678.7045636963696 9.438518293305506e-24
678.8035456545655 9.437520027848516e-24
678.9025276127612 9.436521952562502e-24
679.0015095709571 9.435524067404493e-24
679.1004915291529 9.434526372331546e-24
679.1994734873488 9.433528867300696e-24
679.2984554455445 9.432531552269007e-24
679.3974374037404 9.431534427193532e-24
679.4964193619362 9.430537492031325e-24
679.5954013201319 9.429540746739457e-24
679.6943832783278 9.42854419127499e-24
679.7933652365236 9.427547825594999e-24
679.8923471947195 9.426551649656558e-24
679.9913291529152 9.425555663416745e-24
680.0903111111111 9.424559866832646e-24
680.1892930693069 9.423564259861354e-24
680.2882750275028 9.422568842459944e-24
680.3872569856985 9.421573614585523e-24
680.4862389438944 9.42057857619519e-24
680.5852209020902 9.41958372724604e-24
680.6842028602861 9.418589067695193e-24
680.7831848184818 9.417594597499746e-24
680.8821667766776 9.416600316616824e-24
680.9811487348735 9.41560622500354e-24
681.0801306930692 9.414612322617022e-24
681.1791126512651 9.413618609414393e-24
681.2780946094609 9.412625085352783e-24
681.3770765676568 9.411631750389329e-24
681.4760585258525 9.410638604481175e-24
681.5750404840484 9.409645647585458e-24
681.6740224422442 9.408652879659327e-24
681.7730044004401 9.407660300659936e-24
681.8719863586358 9.406667910544441e-24
681.9709683168317 9.405675709269995e-24
682.0699502750275 9.40468369679377e-24
682.1689322332234 9.403691873072927e-24
682.2679141914191 9.402700238064644e-24
682.366896149615 9.40170879172609e-24
682.4658781078108 9.400717534014455e-24
682.5648600660065 9.399726464886921e-24
682.6638420242024 9.398735584300671e-24
682.7628239823982 9.397744892212903e-24
682.8618059405941 9.396754388580815e-24
682.9607878987898 9.395764073361605e-24
683.0597698569857 9.394773946512483e-24
683.1587518151815 9.393784007990655e-24
683.2577337733774 9.392794257753339e-24
683.3567157315731 9.391804695757751e-24
683.455697689769 9.390815321961114e-24
683.5546796479648 9.389826136320656e-24
683.6536616061605 9.38883713879361e-24
683.7526435643564 9.387848329337207e-24
683.8516255225522 9.386859707908694e-24
683.9506074807481 9.385871274465304e-24
684.0495894389438 9.384883028964302e-24
684.1485713971397 9.383894971362929e-24
684.2475533553355 9.382907101618445e-24
684.3465353135314 9.381919419688113e-24
684.4455172717271 9.380931925529198e-24
684.544499229923 9.379944619098971e-24
684.6434811881188 9.37895750035471e-24
684.7424631463147 9.377970569253692e-24
684.8414451045104 9.376983825753201e-24
684.9404270627062 9.375997269810518e-24
685.0394090209021 9.375010901382948e-24
685.1383909790978 9.374024720427786e-24
685.2373729372937 9.373038726902327e-24
685.3363548954895 9.37205292076388e-24
685.4353368536854 9.37106730196976e-24
685.5343188118811 9.370081870477275e-24
685.633300770077 9.369096626243747e-24
685.7322827282728 9.3681115692265e-24
685.8312646864687 9.367126699382867e-24
685.9302466446644 9.366142016670176e-24
686.0292286028603 9.365157521045764e-24
686.1282105610561 9.364173212466982e-24
686.227192519252 9.363189090891166e-24
686.3261744774477 9.362205156275673e-24
686.4251564356435 9.361221408577855e-24
686.5241383938394 9.360237847755079e-24
686.6231203520351 9.359254473764699e-24
686.722102310231 9.358271286564102e-24
686.8210842684268 9.35728828611065e-24
686.9200662266227 9.356305472361719e-24
687.0190481848184 9.355322845274702e-24
687.1180301430143 9.35434040480698e-24
687.2170121012101 9.353358150915952e-24
687.315994059406 9.352376083559012e-24
687.4149760176017 9.351394202693567e-24
687.5139579757976 9.350412508277014e-24
687.6129399339934 9.349431000266772e-24
687.7119218921893 9.348449678620257e-24
687.810903850385 9.347468543294892e-24
687.9098858085808 9.346487594248094e-24
688.0088677667767 9.345506831437302e-24
688.1078497249724 9.344526254819953e-24
688.2068316831683 9.343545864353477e-24
688.3058136413641 9.342565659995329e-24
688.40479559956 9.34158564170295e-24
688.5037775577557 9.340605809433798e-24
688.6027595159516 9.339626163145335e-24
688.7017414741474 9.33864670279502e-24
688.8007234323433 9.337667428340325e-24
688.899705390539 9.336688339738723e-24
688.9986873487348 9.335709436947695e-24
689.0976693069307 9.334730719924717e-24
689.1966512651265 9.333752188627281e-24
689.2956332233223 9.332773843012885e-24
689.3946151815181 9.331795683039017e-24
689.493597139714 9.330817708663187e-24
689.5925790979097 9.3298399198429e-24
689.6915610561056 9.32886231653567e-24
689.7905430143014 9.327884898699007e-24
689.8895249724973 9.326907666290443e-24
689.988506930693 9.325930619267502e-24
690.0874888888889 9.324953757587711e-24
690.1864708470847 9.323977081208616e-24
690.2854528052806 9.323000590087753e-24
690.3844347634763 9.322024284182668e-24
690.4834167216721 9.321048163450917e-24
690.582398679868 9.320072227850054e-24
690.6813806380638 9.31909647733764e-24
690.7803625962596 9.31812091187125e-24
690.8793445544554 9.31714553140844e-24
690.9783265126513 9.316170335906799e-24
691.077308470847 9.31519532532391e-24
691.1762904290429 9.314220499617352e-24
691.2752723872387 9.313245858744722e-24
691.3742543454346 9.312271402663612e-24
691.4732363036303 9.311297131331633e-24
691.5722182618262 9.310323044706382e-24
691.671200220022 9.309349142745477e-24
691.7701821782179 9.308375425406531e-24
691.8691641364136 9.307401892647173e-24
691.9681460946094 9.306428544425029e-24
692.0671280528053 9.305455380697722e-24
692.166110011001 9.304482401422902e-24
692.2650919691969 9.303509606558205e-24
692.3640739273927 9.302536996061278e-24
692.4630558855886 9.301564569889776e-24
692.5620378437843 9.30059232800136e-24
692.6610198019802 9.299620270353686e-24
692.760001760176 9.298648396904432e-24
692.8589837183719 9.297676707611263e-24
692.9579656765676 9.296705202431862e-24
693.0569476347634 9.295733881323914e-24
693.1559295929593 9.294762744245101e-24
693.2549115511551 9.293791791153129e-24
693.3538935093509 9.292821022005691e-24
693.4528754675467 9.291850436760492e-24
693.5518574257426 9.290880035375241e-24
693.6508393839383 9.289909817807656e-24
693.7498213421342 9.288939784015454e-24
693.84880330033 9.287969933956368e-24
693.9477852585259 9.287000267588118e-24
694.0467672167216 9.28603078486845e-24
694.1457491749175 9.285061485755104e-24
694.2447311331133 9.284092370205821e-24
694.3437130913092 9.283123438178361e-24
694.4426950495049 9.282154689630477e-24
694.5416770077007 9.281186124519934e-24
694.6406589658966 9.280217742804496e-24
694.7396409240924 9.279249544441942e-24
694.8386228822882 9.278281529390048e-24
694.937604840484 9.277313697606603e-24
695.0365867986799 9.276346049049389e-24
695.1355687568756 9.275378583676202e-24
695.2345507150715 9.274411301444849e-24
695.3335326732673 9.273444202313127e-24
695.4325146314632 9.272477286238851e-24
695.5314965896589 9.271510553179839e-24
695.6304785478548 9.270544003093914e-24
695.7294605060506 9.269577635938901e-24
695.8284424642465 9.26861145167263e-24
695.9274244224422 9.267645450252946e-24
696.026406380638 9.266679631637685e-24
696.1253883388339 9.265713995784702e-24
696.2243702970297 9.264748542651848e-24
696.3233522552255 9.263783272196982e-24
696.4223342134213 9.26281818437798e-24
696.5213161716172 9.261853279152697e-24
696.6202981298129 9.260888556479018e-24
696.7192800880088 9.259924016314827e-24
696.8182620462046 9.258959658618006e-24
696.9172440044005 9.25799548334645e-24
697.0162259625962 9.257031490458059e-24
697.115207920792 9.256067679910733e-24
697.2141898789879 9.255104051662388e-24
697.3131718371837 9.254140605670933e-24
697.4121537953795 9.253177341894295e-24
697.5111357535753 9.252214260290388e-24
697.6101177117712 9.251251360817155e-24
697.709099669967 9.250288643432534e-24
697.8080816281628 9.249326108094459e-24
697.9070635863586 9.24836375476089e-24
698.0060455445545 9.247401583389767e-24
698.1050275027502 9.24643959393906e-24
698.204009460946 9.24547778636673e-24
698.3029914191419 9.244516160630752e-24
698.4019733773378 9.2435547166891e-24
698.5009553355335 9.242593454499754e-24
698.5999372937293 9.241632374020705e-24
698.6989192519252 9.240671475209944e-24
698.797901210121 9.239710758025475e-24
698.8968831683168 9.238750222425296e-24
698.9958651265126 9.237789868367421e-24
699.0948470847085 9.236829695809865e-24
699.1938290429043 9.235869704710652e-24
699.2928110011001 9.234909895027811e-24
699.3917929592959 9.233950266719369e-24
699.4907749174918 9.23299081974337e-24
699.5897568756875 9.232031554057857e-24
699.6887388338833 9.23107246962088e-24
699.7877207920792 9.230113566390494e-24
699.886702750275 9.229154844324762e-24
699.9856847084708 9.228196303381756e-24
700.0846666666666 9.227237943519544e-24
700.1836486248625 9.226279764696207e-24
700.2826305830583 9.225321766869828e-24
700.3816125412541 9.224363949998502e-24
700.4805944994499 9.223406314040318e-24
700.5795764576458 9.222448858953386e-24
700.6785584158415 9.221491584695809e-24
700.7775403740374 9.220534491225704e-24
700.8765223322332 9.219577578501192e-24
700.9755042904291 9.218620846480392e-24
701.0744862486248 9.217664295121443e-24
701.1734682068206 9.216707924382476e-24
701.2724501650165 9.215751734221637e-24
701.3714321232123 9.214795724597075e-24
701.4704140814081 9.213839895466944e-24
701.5693960396039 9.212884246789406e-24
701.6683779977998 9.211928778522625e-24
701.7673599559956 9.210973490624776e-24
701.8663419141914 9.210018383054036e-24
701.9653238723872 9.209063455768589e-24
702.0643058305831 9.208108708726623e-24
702.1632877887788 9.207154141886336e-24
702.2622697469747 9.206199755205934e-24
702.3612517051705 9.205245548643615e-24
702.4602336633664 9.204291522157603e-24
702.5592156215621 9.20333767570611e-24
702.6581975797579 9.202384009247366e-24
702.7571795379538 9.201430522739602e-24
702.8561614961496 9.200477216141055e-24
702.9551434543454 9.199524089409966e-24
703.0541254125412 9.198571142504588e-24
703.1531073707371 9.197618375383175e-24
703.2520893289329 9.196665788003992e-24
703.3510712871287 9.195713380325298e-24
703.4500532453245 9.194761152305369e-24
703.5490352035204 9.19380910390249e-24
703.6480171617161 9.192857235074943e-24
703.746999119912 9.191905545781022e-24
703.8459810781078 9.190954035979015e-24
703.9449630363036 9.19000270562724e-24
704.0439449944994 9.189051554683994e-24
704.1429269526952 9.188100583107601e-24
704.2419089108911 9.187149790856378e-24
704.3408908690869 9.186199177888652e-24
704.4398728272827 9.185248744162761e-24
704.5388547854785 9.184298489637041e-24
704.6378367436744 9.18334841426984e-24
704.7368187018702 9.182398518019512e-24
704.835800660066 9.18144880084441e-24
704.9347826182618 9.1804992627029e-24
705.0337645764577 9.179549903553356e-24
705.1327465346534 9.178600723354151e-24
705.2317284928492 9.177651722063667e-24
705.3307104510451 9.176702899640293e-24
705.4296924092409 9.175754256042424e-24
705.5286743674367 9.174805791228469e-24
705.6276563256325 9.173857505156821e-24
705.7266382838284 9.172909397785898e-24
705.8256202420242 9.171961469074127e-24
705.92460220022 9.171013718979927e-24
706.0235841584158 9.170066147461729e-24
706.1225661166117 9.169118754477978e-24
706.2215480748075 9.168171539987104e-24
706.3205300330033 9.167224503947573e-24
706.4195119911991 9.166277646317833e-24
706.518493949395 9.165330967056348e-24
706.6174759075907 9.164384466121588e-24
706.7164578657865 9.163438143472029e-24
706.8154398239824 9.16249199906615e-24
706.9144217821782 9.161546032862442e-24
707.013403740374 9.160600244819392e-24
707.1123856985698 9.159654634895508e-24
707.2113676567657 9.158709203049292e-24
707.3103496149615 9.157763949239256e-24
707.4093315731573 9.156818873423925e-24
707.5083135313531 9.15587397556182e-24
707.607295489549 9.154929255611472e-24
707.7062774477448 9.153984713531417e-24
707.8052594059405 9.153040349280205e-24
707.9042413641364 9.152096162816374e-24
708.0032233223322 9.151152154098497e-24
708.102205280528 9.15020832308513e-24
708.2011872387238 9.149264669734835e-24
708.3001691969197 9.148321194006198e-24
708.3991511551155 9.147377895857796e-24
708.4981331133113 9.14643477524822e-24
708.5971150715071 9.145491832136058e-24
708.696097029703 9.14454906647992e-24
708.7950789878988 9.143606478238404e-24
708.8940609460946 9.142664067370134e-24
708.9930429042904 9.141721833833723e-24
709.0920248624863 9.140779777587797e-24
709.191006820682 9.139837898590992e-24
709.2899887788778 9.138896196801942e-24
709.3889707370737 9.137954672179301e-24
709.4879526952695 9.137013324681714e-24
709.5869346534653 9.136072154267843e-24
709.6859166116611 9.135131160896349e-24
709.784898569857 9.134190344525908e-24
709.8838805280528 9.133249705115194e-24
709.9828624862486 9.132309242622893e-24
710.0818444444444 9.131368957007692e-24
710.1808264026403 9.13042884822829e-24
710.2798083608361 9.129488916243393e-24
710.3787903190319 9.128549161011708e-24
710.4777722772277 9.127609582491951e-24
710.5767542354236 9.126670180642846e-24
710.6757361936193 9.12573095542312e-24
710.7747181518151 9.124791906791508e-24
710.873700110011 9.123853034706757e-24
710.9726820682068 9.122914339127611e-24
711.0716640264026 9.121975820012826e-24
711.1706459845984 9.121037477321168e-24
711.2696279427943 9.120099311011398e-24
711.3686099009901 9.119161321042293e-24
711.4675918591859 9.118223507372641e-24
711.5665738173817 9.11728586996122e-24
711.6655557755776 9.116348408766829e-24
711.7645377337734 9.115411123748263e-24
711.8635196919691 9.114474014864337e-24
711.962501650165 9.113537082073863e-24
712.0614836083608 9.112600325335658e-24
712.1604655665566 9.111663744608551e-24
712.2594475247524 9.110727339851374e-24
712.3584294829483 9.109791111022967e-24
712.4574114411441 9.10885505808218e-24
712.5563933993399 9.107919180987863e-24
712.6553753575357 9.106983479698878e-24
712.7543573157316 9.106047954174088e-24
712.8533392739274 9.105112604372366e-24
712.9523212321232 9.104177430252596e-24
713.051303190319 9.103242431773662e-24
713.1502851485149 9.10230760889445e-24
713.2492671067107 9.101372961573873e-24
713.3482490649064 9.100438489770825e-24
713.4472310231023 9.099504193444224e-24
713.5462129812981 9.098570072552988e-24
713.6451949394939 9.097636127056045e-24
713.7441768976897 9.096702356912324e-24
713.8431588558856 9.095768762080765e-24
713.9421408140814 9.094835342520312e-24
714.0411227722772 9.093902098189926e-24
714.140104730473 9.09296902904856e-24
714.2390866886689 9.092036135055177e-24
714.3380686468647 9.091103416168752e-24
714.4370506050604 9.090170872348266e-24
714.5360325632563 9.089238503552706e-24
714.6350145214521 9.088306309741058e-24
714.733996479648 9.08737429087233e-24
714.8329784378437 9.086442446905518e-24
714.9319603960396 9.085510777799644e-24
715.0309423542354 9.084579283513722e-24
715.1299243124312 9.083647964006781e-24
715.228906270627 9.082716819237852e-24
715.3278882288229 9.081785849165972e-24
715.4268701870187 9.080855053750196e-24
715.5258521452145 9.07992443294957e-24
715.6248341034103 9.078993986723155e-24
715.7238160616062 9.07806371503002e-24
715.822798019802 9.077133617829232e-24
715.9217799779977 9.076203695079876e-24
716.0207619361936 9.075273946741039e-24
716.1197438943894 9.074344372771815e-24
716.2187258525853 9.073414973131306e-24
716.317707810781 9.07248574777861e-24
716.4166897689769 9.071556696672852e-24
716.5156717271727 9.070627819773147e-24
716.6146536853685 9.069699117038626e-24
716.7136356435643 9.068770588428423e-24
716.8126176017602 9.067842233901672e-24
716.911599559956 9.066914053417527e-24
717.0105815181518 9.065986046935144e-24
717.1095634763476 9.065058214413686e-24
717.2085454345435 9.064130555812315e-24
717.3075273927393 9.063203071090211e-24
717.406509350935 9.062275760206555e-24
717.5054913091309 9.061348623120538e-24
717.6044732673267 9.060421659791352e-24
717.7034552255225 9.059494870178203e-24
717.8024371837183 9.0585682542403e-24
717.9014191419142 9.057641811936859e-24
718.00040110011 9.0567155432271e-24
718.0993830583058 9.055789448070258e-24
718.1983650165016 9.054863526425571e-24
718.2973469746975 9.05393777825228e-24
718.3963289328933 9.053012203509633e-24
718.495310891089 9.052086802156896e-24
718.5942928492849 9.051161574153329e-24
718.6932748074807 9.050236519458201e-24
718.7922567656766 9.049311638030795e-24
718.8912387238723 9.048386929830394e-24
718.9902206820682 9.04746239481629e-24
719.089202640264 9.046538032947783e-24
719.1881845984598 9.045613844184179e-24
719.2871665566556 9.044689828484794e-24
719.3861485148515 9.043765985808946e-24
719.4851304730473 9.04284231611596e-24
719.584112431243 9.041918819365171e-24
719.6830943894389 9.040995495515924e-24
719.7820763476348 9.04007234452756e-24
719.8810583058306 9.039149366359439e-24
719.9800402640263 9.03822656097092e-24
720.0790222222222 9.037303928321376e-24
720.178004180418 9.036381468370178e-24
720.2769861386139 9.035459181076708e-24
720.3759680968096 9.034537066400362e-24
720.4749500550055 9.033615124300534e-24
720.5739320132013 9.032693354736624e-24
720.6729139713971 9.031771757668046e-24
720.7718959295929 9.03085033305422e-24
720.8708778877888 9.029929080854567e-24
720.9698598459846 9.02900800102852e-24
721.0688418041804 9.028087093535521e-24
721.1678237623762 9.027166358335006e-24
721.266805720572 9.026245795386443e-24
721.3657876787679 9.025325404649278e-24
721.4647696369636 9.024405186082986e-24
721.5637515951595 9.023485139647038e-24
721.6627335533553 9.022565265300914e-24
721.7617155115512 9.021645563004108e-24
721.8606974697469 9.02072603271611e-24
721.9596794279428 9.01980667439642e-24
722.0586613861386 9.018887488004557e-24
722.1576433443344 9.017968473500024e-24
722.2566253025302 9.01704963084236e-24
722.3556072607261 9.01613095999108e-24
722.4545892189219 9.015212460905731e-24
722.5535711771176 9.014294133545859e-24
722.6525531353135 9.013375977871004e-24
722.7515350935093 9.012457993840741e-24
722.8505170517052 9.011540181414624e-24
722.9494990099009 9.01062254055223e-24
723.0484809680968 9.009705071213148e-24
723.1474629262926 9.008787773356949e-24
723.2464448844885 9.007870646943239e-24
723.3454268426842 9.006953691931615e-24
723.4444088008801 9.006036908281688e-24
723.5433907590759 9.005120295953073e-24
723.6423727172717 9.004203854905393e-24
723.7413546754675 9.00328758509828e-24
723.8403366336634 9.002371486491365e-24
723.9393185918592 9.0014555590443e-24
724.0383005500549 9.000539802716736e-24
724.1372825082508 8.999624217468327e-24
724.2362644664466 8.998708803258743e-24
724.3352464246425 8.997793560047654e-24
724.4342283828382 8.996878487794744e-24
724.5332103410341 8.995963586459698e-24
724.6321922992299 8.99504885600221e-24
724.7311742574258 8.994134296381987e-24
724.8301562156215 8.993219907558733e-24
724.9291381738174 8.992305689492161e-24
725.0281201320132 8.991391642142004e-24
725.127102090209 8.990477765467987e-24
725.2260840484048 8.989564059429852e-24
725.3250660066007 8.988650523987335e-24
725.4240479647965 8.987737159100198e-24
725.5230299229922 8.986823964728193e-24
725.6220118811881 8.985910940831095e-24
725.7209938393839 8.984998087368671e-24
725.8199757975798 8.984085404300704e-24
725.9189577557755 8.983172891586986e-24
726.0179397139714 8.982260549187309e-24
726.1169216721672 8.981348377061478e-24
726.215903630363 8.980436375169302e-24
726.3148855885588 8.979524543470595e-24
726.4138675467547 8.978612881925191e-24
726.5128495049505 8.977701390492913e-24
726.6118314631462 8.976790069133604e-24
726.7108134213421 8.975878917807114e-24
726.809795379538 8.97496793647329e-24
726.9087773377338 8.974057125091998e-24
727.0077592959295 8.973146483623107e-24
727.1067412541254 8.972236012026485e-24
727.2057232123212 8.971325710262021e-24
727.3047051705171 8.97041557828961e-24
727.4036871287128 8.96950561606914e-24
727.5026690869087 8.968595823560524e-24
727.6016510451045 8.967686200723667e-24
727.7006330033003 8.966776747518494e-24
727.7996149614961 8.96586746390493e-24
727.898596919692 8.96495834984291e-24
727.9975788778878 8.96404940529237e-24
728.0965608360835 8.963140630213267e-24
728.1955427942794 8.962232024565551e-24
728.2945247524752 8.961323588309188e-24
728.3935067106711 8.960415321404152e-24
728.4924886688668 8.959507223810417e-24
728.5914706270627 8.958599295487966e-24
728.6904525852585 8.957691536396797e-24
728.7894345434544 8.95678394649691e-24
728.8884165016501 8.95587652574831e-24
728.987398459846 8.954969274111015e-24
729.0863804180418 8.954062191545042e-24
729.1853623762375 8.95315527801043e-24
729.2843443344334 8.952248533467204e-24
729.3833262926292 8.951341957875416e-24
729.4823082508251 8.950435551195116e-24
729.5812902090208 8.949529313386362e-24
729.6802721672167 8.948623244409229e-24
729.7792541254125 8.947717344223779e-24
729.8782360836084 8.946811612790097e-24
729.9772180418041 8.945906050068279e-24
730.0762 8.94500065601841e-24
730.1751819581958 8.944095430600602e-24
730.2741639163917 8.943190373774964e-24
730.3731458745874 8.942285485501612e-24
730.4721278327833 8.941380765740676e-24
730.5711097909791 8.940476214452282e-24
730.6700917491748 8.939571831596582e-24
730.7690737073707 8.938667617133712e-24
730.8680556655665 8.937763571023834e-24
730.9670376237624 8.936859693227113e-24
731.0660195819581 8.935955983703717e-24
731.165001540154 8.935052442413823e-24
731.2639834983498 8.934149069317618e-24
731.3629654565457 8.933245864375291e-24
731.4619474147414 8.93234282754705e-24
731.5609293729373 8.931439958793095e-24
731.6599113311331 8.930537258073643e-24
731.758893289329 8.929634725348919e-24
731.8578752475247 8.92873236057915e-24
731.9568572057206 8.927830163724583e-24
732.0558391639164 8.926928134745448e-24
732.1548211221121 8.926026273602011e-24
732.253803080308 8.925124580254525e-24
732.3527850385038 8.924223054663255e-24
732.4517669966997 8.923321696788484e-24
732.5507489548954 8.922420506590488e-24
732.6497309130913 8.921519484029563e-24
732.7487128712871 8.920618629066002e-24
732.847694829483 8.91971794166011e-24
732.9466767876787 8.918817421772201e-24
733.0456587458746 8.917917069362596e-24
733.1446407040704 8.91701688439162e-24
733.2436226622663 8.916116866819612e-24
733.342604620462 8.91521701660691e-24
733.4415865786578 8.914317333713872e-24
733.5405685368537 8.913417818100845e-24
733.6395504950494 8.912518469728202e-24
733.7385324532453 8.911619288556312e-24
733.8375144114411 8.910720274545558e-24
733.936496369637 8.909821427656322e-24
734.0354783278327 8.90892274784901e-24
734.1344602860286 8.908024235084018e-24
734.2334422442244 8.907125889321754e-24
734.3324242024203 8.906227710522644e-24
734.431406160616 8.90532969864711e-24
734.5303881188119 8.904431853655579e-24
734.6293700770077 8.9035341755085e-24
734.7283520352034 8.902636664166319e-24
734.8273339933993 8.901739319589493e-24
734.9263159515951 8.900842141738482e-24
735.025297909791 8.89994513057376e-24
735.1242798679867 8.899048286055807e-24
735.2232618261826 8.898151608145107e-24
735.3222437843784 8.897255096802151e-24
735.4212257425743 8.896358751987442e-24
735.52020770077 8.895462573661495e-24
735.6191896589659 8.894566561784827e-24
735.7181716171617 8.893670716317948e-24
735.8171535753576 8.892775037221401e-24
735.9161355335533 8.891879524455728e-24
736.0151174917492 8.89098417798147e-24
736.114099449945 8.890088997759185e-24
736.2130814081407 8.889193983749434e-24
736.3120633663366 8.888299135912788e-24
736.4110453245324 8.88740445420982e-24
736.5100272827283 8.886509938601121e-24
736.609009240924 8.885615589047284e-24
736.7079911991199 8.884721405508907e-24
736.8069731573157 8.883827387946593e-24
736.9059551155116 8.882933536320966e-24
737.0049370737073 8.882039850592651e-24
737.1039190319032 8.881146330722274e-24
737.202900990099 8.88025297667047e-24
737.3018829482949 8.879359788397892e-24
737.4008649064906 8.878466765865193e-24
737.4998468646864 8.877573909033033e-24
737.5988288228823 8.87668121786208e-24
737.697810781078 8.875788692313017e-24
737.7967927392739 8.874896332346523e-24
737.8957746974697 8.874004137923291e-24
737.9947566556656 8.873112109004024e-24
738.0937386138613 8.872220245549427e-24
738.1927205720572 8.871328547520218e-24
738.291702530253 8.870437014877116e-24
738.3906844884489 8.869545647580859e-24
738.4896664466446 8.868654445592176e-24
738.5886484048405 8.867763408871822e-24
738.6876303630363 8.866872537380544e-24
738.7866123212322 8.865981831079105e-24
738.8855942794279 8.865091289928283e-24
738.9845762376237 8.864200913888844e-24
739.0835581958196 8.863310702921575e-24
739.1825401540153 8.862420656987272e-24
739.2815221122112 8.861530776046733e-24
739.380504070407 8.860641060060764e-24
739.4794860286029 8.859751508990187e-24
739.5784679867986 8.858862122795818e-24
739.6774499449945 8.857972901438491e-24
739.7764319031903 8.857083844879043e-24
739.8754138613862 8.856194953078327e-24
739.9743958195819 8.855306225997188e-24
740.0733777777778 8.854417663596496e-24
740.1723597359736 8.853529265837115e-24
740.2713416941695 8.852641032679925e-24
740.3703236523652 8.851752964085812e-24
740.469305610561 8.850865060015669e-24
740.5682875687569 8.849977320430394e-24
740.6672695269526 8.849089745290899e-24
740.7662514851485 8.848202334558096e-24
740.8652334433443 8.847315088192913e-24
740.9642154015402 8.846428006156278e-24
741.0631973597359 8.845541088409135e-24
741.1621793179318 8.844654334912429e-24
741.2611612761276 8.843767745627113e-24
741.3601432343235 8.842881320514153e-24
741.4591251925192 8.84199505953452e-24
741.558107150715 8.84110896264919e-24
741.6570891089109 8.840223029819149e-24
741.7560710671066 8.839337261005393e-24
741.8550530253025 8.838451656168924e-24
741.9540349834983 8.837566215270748e-24
742.0530169416942 8.836680938271888e-24
742.1519988998899 8.835795825133364e-24
742.2509808580858 8.834910875816213e-24
742.3499628162816 8.834026090281473e-24
742.4489447744775 8.833141468490191e-24
742.5479267326732 8.832257010403426e-24
742.646908690869 8.831372715982245e-24
742.7458906490649 8.830488585187713e-24
742.8448726072608 8.829604617980918e-24
742.9438545654565 8.828720814322938e-24
743.0428365236523 8.82783717417488e-24
743.1418184818482 8.826953697497836e-24
743.2408004400439 8.826070384252925e-24
743.3397823982398 8.825187234401264e-24
743.4387643564356 8.824304247903978e-24
743.5377463146315 8.823421424722198e-24
743.6367282728272 8.822538764817076e-24
743.7357102310231 8.821656268149756e-24
743.8346921892189 8.820773934681398e-24
743.9336741474148 8.819891764373167e-24
744.0326561056105 8.819009757186237e-24
744.1316380638063 8.818127913081791e-24
744.2306200220022 8.817246232021018e-24
744.329601980198 8.816364713965114e-24
744.4285839383938 8.815483358875281e-24
744.5275658965896 8.814602166712744e-24
744.6265478547855 8.81372113743871e-24
744.7255298129812 8.812840271014414e-24
744.8245117711771 8.811959567401092e-24
744.9234937293729 8.811079026559993e-24
745.0224756875688 8.810198648452363e-24
745.1214576457645 8.809318433039465e-24
745.2204396039604 8.80843838028257e-24
745.3194215621562 8.807558490142948e-24
745.4184035203521 8.806678762581887e-24
745.5173854785478 8.80579919756068e-24
745.6163674367436 8.804919795040621e-24
745.7153493949395 8.804040554983022e-24
745.8143313531353 8.803161477349202e-24
745.9133133113311 8.802282562100476e-24
746.0122952695269 8.801403809198181e-24
746.1112772277228 8.800525218603658e-24
746.2102591859185 8.799646790278243e-24
746.3092411441144 8.798768524183303e-24
746.4082231023102 8.7978904202802e-24
746.5072050605061 8.797012478530298e-24
746.6061870187018 8.796134698894978e-24
746.7051689768977 8.795257081335631e-24
746.8041509350935 8.794379625813647e-24
746.9031328932894 8.79350233229043e-24
747.0021148514851 8.792625200727392e-24
747.1010968096809 8.79174823108595e-24
747.2000787678768 8.790871423327528e-24
747.2990607260726 8.789994777413562e-24
747.3980426842684 8.789118293305494e-24
747.4970246424642 8.788241970964775e-24
747.5960066006601 8.787365810352862e-24
747.6949885588558 8.786489811431222e-24
747.7939705170517 8.785613974161328e-24
747.8929524752475 8.78473829850466e-24
747.9919344334434 8.78386278442271e-24
748.0909163916391 8.782987431876976e-24
748.189898349835 8.782112240828967e-24
748.2888803080308 8.781237211240189e-24
748.3878622662266 8.780362343072165e-24
748.4868442244224 8.779487636286428e-24
748.5858261826182 8.778613090844514e-24
748.6848081408141 8.777738706707968e-24
748.7837900990099 8.776864483838345e-24
748.8827720572057 8.775990422197207e-24
748.9817540154015 8.775116521746119e-24
749.0807359735974 8.774242782446659e-24
749.1797179317931 8.773369204260414e-24
749.278699889989 8.772495787148978e-24
749.3776818481848 8.771622531073952e-24
749.4766638063807 8.770749435996942e-24
749.5756457645764 8.76987650187957e-24
749.6746277227722 8.769003728683458e-24
749.7736096809681 8.768131116370239e-24
749.8725916391639 8.767258664901555e-24
749.9715735973597 8.766386374239055e-24
750.0705555555555 8.765514244344399e-24
750.1695375137514 8.764642275179244e-24
750.2685194719471 8.763770466705274e-24
750.367501430143 8.76289881888416e-24
750.4664833883388 8.762027331677596e-24
750.5654653465347 8.761156005047276e-24
750.6644473047304 8.760284838954911e-24
750.7634292629263 8.759413833362205e-24
750.8624112211221 8.758542988230888e-24
750.961393179318 8.757672303522686e-24
751.0603751375137 8.756801779199335e-24
751.1593570957095 8.755931415222582e-24
751.2583390539054 8.755061211554177e-24
751.3573210121012 8.75419116815588e-24
751.456302970297 8.753321284989466e-24
751.5552849284928 8.752451562016708e-24
751.6542668866887 8.751581999199393e-24
751.7532488448844 8.750712596499312e-24
751.8522308030803 8.74984335387827e-24
751.9512127612761 8.748974271298073e-24
752.050194719472 8.748105348720534e-24
752.1491766776677 8.747236586107493e-24
752.2481586358635 8.746367983420768e-24
752.3471405940594 8.745499540622208e-24
752.4461225522552 8.744631257673659e-24
752.545104510451 8.743763134536981e-24
752.6440864686468 8.742895171174039e-24
752.7430684268427 8.742027367546705e-24
752.8420503850385 8.741159723616862e-24
752.9410323432343 8.740292239346401e-24
753.0400143014301 8.739424914697216e-24
753.138996259626 8.738557749631217e-24
753.2379782178217 8.737690744110315e-24
753.3369601760176 8.736823898096432e-24
753.4359421342134 8.735957211551497e-24
753.5349240924093 8.735090684437452e-24
753.633906050605 8.73422431671624e-24
753.7328880088008 8.733358108349814e-24
753.8318699669967 8.732492059300138e-24
753.9308519251925 8.731626169529183e-24
754.0298338833883 8.730760438998925e-24
754.1288158415841 8.729894867671352e-24
754.22779779978 8.729029455508459e-24
754.3267797579758 8.728164202472246e-24
754.4257617161716 8.727299108524723e-24
754.5247436743674 8.726434173627912e-24
754.6237256325633 8.72556939774384e-24
754.722707590759 8.72470478083454e-24
754.8216895489549 8.723840322862056e-24
754.9206715071507 8.722976023788435e-24
755.0196534653466 8.72211188357574e-24
755.1186354235423 8.721247902186039e-24
755.2176173817381 8.720384079581404e-24
755.316599339934 8.719520415723923e-24
755.4155812981298 8.71865691057568e-24
755.5145632563256 8.717793564098782e-24
755.6135452145214 8.71693037625533e-24
755.7125271727173 8.716067347007446e-24
755.8115091309131 8.71520447631725e-24
755.9104910891089 8.714341764146878e-24
756.0094730473047 8.713479210458463e-24
756.1084550055006 8.71261681521416e-24
756.2074369636963 8.711754578376123e-24
756.3064189218921 8.710892499906513e-24
756.405400880088 8.710030579767506e-24
756.5043828382838 8.709168817921282e-24
756.6033647964796 8.708307214330029e-24
756.7023467546754 8.707445768955946e-24
756.8013287128713 8.706584481761231e-24
756.9003106710671 8.705723352708108e-24
756.9992926292629 8.704862381758789e-24
757.0982745874587 8.70400156887551e-24
757.1972565456546 8.703140914020501e-24
757.2962385038504 8.702280417156013e-24
757.3952204620462 8.7014200782443e-24
757.494202420242 8.70055989724762e-24
757.5931843784379 8.699699874128246e-24
757.6921663366336 8.698840008848455e-24
757.7911482948294 8.697980301370531e-24
757.8901302530253 8.697120751656771e-24
757.9891122112211 8.696261359669478e-24
758.0880941694169 8.695402125370961e-24
758.1870761276127 8.694543048723541e-24
758.2860580858086 8.693684129689541e-24
758.3850400440044 8.692825368231298e-24
758.4840220022002 8.691966764311157e-24
758.583003960396 8.691108317891466e-24
758.6819859185919 8.690250028934585e-24
758.7809678767876 8.689391897402884e-24
758.8799498349834 8.688533923258735e-24
758.9789317931793 8.68767610646453e-24
759.0779137513751 8.686818446982649e-24
759.1768957095709 8.6859609447755e-24
759.2758776677667 8.685103599805491e-24
759.3748596259626 8.684246412035038e-24
759.4738415841584 8.683389381426563e-24
759.5728235423542 8.682532507942502e-24
759.67180550055 8.681675791545295e-24
759.7707874587459 8.680819232197391e-24
759.8697694169417 8.679962829861248e-24
759.9687513751375 8.679106584499331e-24
760.0677333333333 8.678250496074111e-24
760.1667152915292 8.677394564548072e-24
760.2656972497249 8.676538789883706e-24
760.3646792079207 8.67568317204351e-24
760.4636611661166 8.674827710989991e-24
760.5626431243124 8.67397240668566e-24
760.6616250825082 8.673117259093042e-24
760.760607040704 8.67226226817467e-24
760.8595889988999 8.67140743389308e-24
760.9585709570957 8.670552756210821e-24
761.0575529152915 8.669698235090448e-24
761.1565348734873 8.668843870494524e-24
761.2555168316832 8.667989662385618e-24
761.354498789879 8.667135610726318e-24
761.4534807480748 8.666281715479208e-24
761.5524627062706 8.665427976606875e-24
761.6514446644665 8.66457439407194e-24
761.7504266226622 8.663720967837005e-24
761.849408580858 8.662867697864695e-24
761.9483905390539 8.662014584117639e-24
762.0473724972497 8.66116162655847e-24
762.1463544554455 8.66030882514984e-24
762.2453364136413 8.659456179854401e-24
762.3443183718372 8.658603690634809e-24
762.443300330033 8.657751357453744e-24
762.5422822882288 8.656899180273875e-24
762.6412642464246 8.65604715905789e-24
762.7402462046205 8.655195293768493e-24
762.8392281628163 8.654343584368376e-24
762.938210121012 8.653492030820255e-24
763.0371920792079 8.652640633086848e-24
763.1361740374037 8.651789391130886e-24
763.2351559955995 8.650938304915102e-24
763.3341379537953 8.650087374402236e-24
763.4331199119912 8.649236599555047e-24
763.532101870187 8.64838598033629e-24
763.6310838283828 8.647535516708741e-24
763.7300657865786 8.64668520863517e-24
763.8290477447745 8.645835056078364e-24
763.9280297029703 8.644985059001116e-24
764.0270116611661 8.644135217366228e-24
764.1259936193619 8.643285531136513e-24
764.2249755775578 8.642436000274784e-24
764.3239575357536 8.641586624743868e-24
764.4229394939493 8.640737404506598e-24
764.5219214521452 8.639888339525825e-24
764.620903410341 8.639039429764392e-24
764.7198853685368 8.638190675185159e-24
764.8188673267326 8.637342075750994e-24
764.9178492849285 8.636493631424773e-24
765.0168312431243 8.635645342169384e-24
765.1158132013201 8.634797207947708e-24
765.2147951595159 8.633949228722656e-24
765.3137771177118 8.633101404457132e-24
765.4127590759076 8.632253735114055e-24
765.5117410341034 8.631406220656346e-24
765.6107229922992 8.630558861046941e-24
765.709704950495 8.62971165624878e-24
765.8086869086909 8.628864606224819e-24
765.9076688668866 8.628017710938006e-24
766.0066508250825 8.627170970351312e-24
766.1056327832783 8.626324384427711e-24
766.2046147414741 8.625477953130193e-24
766.3035966996699 8.624631676421735e-24
766.4025786578658 8.623785554265344e-24
766.5015606160616 8.622939586624028e-24
766.6005425742574 8.6220937734608e-24
766.6995245324532 8.621248114738686e-24
766.7985064906491 8.620402610420718e-24
766.8974884488449 8.619557260469938e-24
766.9964704070406 8.618712064849394e-24
767.0954523652365 8.617867023522137e-24
767.1944343234323 8.617022136451239e-24
767.2934162816281 8.61617740359977e-24
767.3923982398239 8.615332824930818e-24
767.4913801980198 8.614488400407466e-24
767.5903621562156 8.613644129992811e-24
767.6893441144114 8.612800013649966e-24
767.7883260726072 8.611956051342042e-24
767.8873080308031 8.61111224303216e-24
767.9862899889989 8.610268588683463e-24
768.0852719471947 8.60942508825907e-24
768.1842539053905 8.608581741722148e-24
768.2832358635864 8.607738549035845e-24
768.3822178217822 8.606895510163325e-24
768.4811997799779 8.606052625067765e-24
768.5801817381738 8.60520989371234e-24
768.6791636963696 8.604367316060243e-24
768.7781456545654 8.603524892074672e-24
768.8771276127612 8.60268262171883e-24
768.9761095709571 8.601840504955933e-24
769.0750915291529 8.600998541749202e-24
769.1740734873487 8.600156732061868e-24
769.2730554455445 8.59931507585717e-24
769.3720374037404 8.598473573098357e-24
769.4710193619362 8.597632223748686e-24
769.570001320132 8.596791027771413e-24
769.6689832783278 8.595949985129814e-24
769.7679652365237 8.595109095787175e-24
769.8669471947195 8.594268359706771e-24
769.9659291529152 8.593427776851915e-24
770.0649111111111 8.592587347185902e-24
770.1638930693069 8.591747070672046e-24
770.2628750275027 8.590906947273675e-24
770.3618569856985 8.590066976954111e-24
770.4608389438944 8.589227159676699e-24
770.5598209020902 8.58838749540478e-24
770.658802860286 8.587547984101714e-24
770.7577848184818 8.586708625730856e-24
770.8567667766777 8.585869420255589e-24
770.9557487348735 8.585030367639287e-24
771.0547306930692 8.584191467845335e-24
771.1537126512651 8.583352720837132e-24
771.252694609461 8.582514126578086e-24
771.3516765676568 8.581675685031603e-24
771.4506585258525 8.580837396161113e-24
771.5496404840484 8.579999259930038e-24
771.6486224422442 8.579161276301817e-24
771.74760440044 8.578323445239901e-24
771.8465863586358 8.577485766707742e-24
771.9455683168317 8.576648240668797e-24
772.0445502750275 8.575810867086545e-24
772.1435322332233 8.574973645924461e-24
772.2425141914191 8.574136577146037e-24
772.341496149615 8.573299660714762e-24
772.4404781078108 8.572462896594146e-24
772.5394600660065 8.571626284747703e-24
772.6384420242024 8.570789825138946e-24
772.7374239823982 8.56995351773141e-24
772.8364059405941 8.569117362488633e-24
772.9353878987898 8.568281359374159e-24
773.0343698569857 8.567445508351543e-24
773.1333518151815 8.566609809384345e-24
773.2323337733773 8.565774262436138e-24
773.3313157315731 8.564938867470502e-24
773.430297689769 8.564103624451023e-24
773.5292796479648 8.563268533341295e-24
773.6282616061605 8.562433594104925e-24
773.7272435643564 8.561598806705524e-24
773.8262255225522 8.560764171106713e-24
773.9252074807481 8.559929687272123e-24
774.0241894389438 8.559095355165386e-24
774.1231713971397 8.55826117475015e-24
774.2221533553355 8.557427145990072e-24
774.3211353135314 8.55659326884881e-24
774.4201172717271 8.555759543290039e-24
774.519099229923 8.554925969277431e-24
774.6180811881188 8.554092546774678e-24
774.7170631463146 8.553259275745479e-24
774.8160451045104 8.552426156153533e-24
774.9150270627063 8.55159318796255e-24
775.0140090209021 8.550760371136256e-24
775.1129909790978 8.549927705638375e-24
775.2119729372937 8.549095191432648e-24
775.3109548954895 8.548262828482821e-24
775.4099368536854 8.547430616752641e-24
775.5089188118811 8.546598556205881e-24
775.607900770077 8.545766646806302e-24
775.7068827282728 8.544934888517684e-24
775.8058646864686 8.54410328130382e-24
775.9048466446644 8.543271825128502e-24
776.0038286028603 8.542440519955533e-24
776.1028105610561 8.54160936574872e-24
776.2017925192519 8.540778362471895e-24
776.3007744774477 8.539947510088884e-24
776.3997564356436 8.539116808563515e-24
776.4987383938394 8.53828625785964e-24
776.5977203520351 8.537455857941115e-24
776.696702310231 8.536625608771798e-24
776.7956842684268 8.535795510315563e-24
776.8946662266227 8.53496556253628e-24
776.9936481848184 8.53413576539785e-24
777.0926301430143 8.533306118864162e-24
777.1916121012101 8.532476622899113e-24
777.2905940594059 8.531647277466626e-24
777.3895760176017 8.530818082530615e-24
777.4885579757976 8.52998903805501e-24
777.5875399339934 8.529160144003752e-24
777.6865218921891 8.52833140034078e-24
777.785503850385 8.527502807030052e-24
777.8844858085808 8.526674364035532e-24
777.9834677667767 8.525846071321183e-24
778.0824497249724 8.525017928850992e-24
778.1814316831683 8.524189936588939e-24
778.2804136413641 8.523362094499029e-24
778.37939559956 8.52253440254526e-24
778.4783775577557 8.52170686069164e-24
778.5773595159516 8.520879468902201e-24
778.6763414741474 8.520052227140961e-24
778.7753234323432 8.519225135371965e-24
778.874305390539 8.518398193559251e-24
778.9732873487349 8.517571401666877e-24
779.0722693069307 8.516744759658908e-24
779.1712512651264 8.51591826749941e-24
779.2702332233223 8.515091925152468e-24
779.3692151815181 8.514265732582161e-24
779.468197139714 8.513439689752593e-24
779.5671790979097 8.512613796627866e-24
779.6661610561056 8.511788053172088e-24
779.7651430143014 8.510962459349381e-24
779.8641249724973 8.510137015123881e-24
779.963106930693 8.509311720459723e-24
780.0620888888889 8.50848657532104e-24
780.1610708470847 8.507661579672e-24
780.2600528052805 8.506836733476765e-24
780.3590347634763 8.5060120366995e-24
780.4580167216722 8.50518748930439e-24
780.556998679868 8.50436309125562e-24
780.6559806380637 8.503538842517385e-24
780.7549625962596 8.502714743053886e-24
780.8539445544554 8.501890792829345e-24
780.9529265126513 8.501066991807975e-24
781.051908470847 8.500243339954007e-24
781.1508904290429 8.499419837231684e-24
781.2498723872387 8.498596483605247e-24
781.3488543454346 8.497773279038947e-24
781.4478363036303 8.496950223497058e-24
781.5468182618262 8.496127316943842e-24
781.645800220022 8.49530455934358e-24
781.7447821782177 8.494481950660564e-24
781.8437641364136 8.49365949085908e-24
781.9427460946094 8.492837179903451e-24
782.0417280528053 8.49201501775797e-24
782.140710011001 8.491193004386969e-24
782.2396919691969 8.49037113975478e-24
782.3386739273927 8.489549423825737e-24
782.4376558855886 8.488727856564179e-24
782.5366378437843 8.487906437934471e-24
782.6356198019802 8.487085167900977e-24
782.734601760176 8.486264046428064e-24
782.8335837183719 8.485443073480111e-24
782.9325656765676 8.48462224902151e-24
783.0315476347635 8.483801573016656e-24
783.1305295929593 8.482981045429952e-24
783.229511551155 8.48216066622581e-24
783.3284935093509 8.481340435368659e-24
783.4274754675467 8.480520352822923e-24
783.5264574257426 8.479700418553044e-24
783.6254393839383 8.478880632523465e-24
783.7244213421342 8.478060994698644e-24
783.82340330033 8.477241505043042e-24
783.9223852585259 8.476422163521131e-24
784.0213672167216 8.475602970097395e-24
784.1203491749175 8.47478392473632e-24
784.2193311331133 8.473965027402403e-24
784.318313091309 8.473146278060151e-24
784.4172950495049 8.472327676674077e-24
784.5162770077008 8.471509223208704e-24
784.6152589658966 8.470690917628555e-24
784.7142409240923 8.469872759898178e-24
784.8132228822882 8.469054749982116e-24
784.912204840484 8.468236887844926e-24
785.0111867986799 8.467419173451174e-24
785.1101687568756 8.46660160676543e-24
785.2091507150715 8.465784187752269e-24
785.3081326732673 8.464966916376288e-24
785.4071146314632 8.464149792602081e-24
785.5060965896589 8.46333281639426e-24
785.6050785478548 8.46251598771743e-24
785.7040605060506 8.461699306536212e-24
785.8030424642463 8.46088277281525e-24
785.9020244224422 8.460066386519175e-24
786.001006380638 8.459250147612632e-24
786.0999883388339 8.45843405606028e-24
786.1989702970296 8.457618111826786e-24
786.2979522552255 8.456802314876818e-24
786.3969342134213 8.455986665175058e-24
786.4959161716172 8.4551711626862e-24
786.5948981298129 8.454355807374939e-24
786.6938800880088 8.453540599205979e-24
786.7928620462046 8.45272553814404e-24
786.8918440044005 8.451910624153836e-24
786.9908259625962 8.451095857200106e-24
787.089807920792 8.45028123724759e-24
787.1887898789879 8.449466764261032e-24
787.2877718371836 8.448652438205189e-24
787.3867537953795 8.447838259044828e-24
787.4857357535753 8.44702422674472e-24
787.5847177117712 8.446210341269646e-24
787.6836996699669 8.445396602584403e-24
787.7826816281628 8.444583010653779e-24
787.8816635863586 8.44376956544259e-24
787.9806455445545 8.442956266915644e-24
788.0796275027502 8.442143115037769e-24
788.1786094609461 8.441330109773794e-24
788.2775914191419 8.44051725108856e-24
788.3765733773378 8.439704538946915e-24
788.4755553355335 8.438891973313721e-24
788.5745372937293 8.438079554153836e-24
788.6735192519252 8.437267281432134e-24
788.7725012101209 8.436455155113505e-24
788.8714831683168 8.435643175162834e-24
788.9704651265126 8.434831341545017e-24
789.0694470847085 8.434019654224965e-24
789.1684290429042 8.433208113167593e-24
789.2674110011001 8.432396718337826e-24
789.3663929592959 8.431585469700595e-24
789.4653749174918 8.430774367220841e-24
789.5643568756875 8.42996341086351e-24
789.6633388338834 8.429152600593565e-24
789.7623207920792 8.428341936375969e-24
789.8613027502751 8.427531418175696e-24
789.9602847084708 8.426721045957731e-24
790.0592666666666 8.425910819687061e-24
790.1582486248625 8.42510073932869e-24
790.2572305830582 8.424290804847618e-24
790.3562125412541 8.42348101620887e-24
790.4551944994499 8.422671373377461e-24
790.5541764576458 8.421861876318434e-24
790.6531584158415 8.421052524996824e-24
790.7521403740374 8.420243319377681e-24
790.8511223322332 8.419434259426063e-24
790.9501042904291 8.418625345107042e-24
791.0490862486248 8.417816576385686e-24
791.1480682068207 8.417007953227077e-24
791.2470501650165 8.416199475596313e-24
791.3460321232124 8.415391143458486e-24
791.4450140814081 8.414582956778709e-24
791.5439960396039 8.413774915522104e-24
791.6429779977998 8.412967019653787e-24
791.7419599559955 8.412159269138889e-24
791.8409419141914 8.411351663942564e-24
791.9399238723872 8.41054420402995e-24
792.0389058305831 8.409736889366215e-24
792.1378877887788 8.408929719916515e-24
792.2368697469747 8.408122695646036e-24
792.3358517051705 8.407315816519954e-24
792.4348336633664 8.406509082503467e-24
792.5338156215621 8.405702493561771e-24
792.632797579758 8.404896049660078e-24
792.7317795379538 8.404089750763601e-24
792.8307614961495 8.403283596837564e-24
792.9297434543454 8.402477587847205e-24
793.0287254125412 8.401671723757773e-24
793.1277073707371 8.400866004534503e-24
793.2266893289328 8.400060430142668e-24
793.3256712871287 8.399255000547525e-24
793.4246532453245 8.398449715714355e-24
793.5236352035204 8.39764457560844e-24
793.6226171617161 8.396839580195075e-24
793.721599119912 8.396034729439558e-24
793.8205810781078 8.395230023307197e-24
793.9195630363037 8.394425461763315e-24
794.0185449944994 8.393621044773239e-24
794.1175269526952 8.39281677230229e-24
794.2165089108911 8.392012644315823e-24
794.3154908690868 8.391208660779189e-24
794.4144728272827 8.390404821657743e-24
794.5134547854785 8.38960112691685e-24
794.6124367436744 8.388797576521893e-24
794.7114187018701 8.387994170438258e-24
794.810400660066 8.387190908631327e-24
794.9093826182618 8.386387791066509e-24
795.0083645764577 8.385584817709214e-24
795.1073465346534 8.38478198852486e-24
795.2063284928493 8.383979303478867e-24
795.3053104510451 8.383176762536678e-24
795.404292409241 8.382374365663734e-24
795.5032743674367 8.381572112825482e-24
795.6022563256325 8.38077000398739e-24
795.7012382838284 8.379968039114914e-24
795.8002202420241 8.379166218173545e-24
795.89920220022 8.378364541128757e-24
795.9981841584158 8.37756300794605e-24
796.0971661166117 8.376761618590922e-24
796.1961480748074 8.375960373028882e-24
796.2951300330033 8.375159271225454e-24
796.3941119911991 8.374358313146157e-24
796.493093949395 8.373557498756535e-24
796.5920759075907 8.372756828022128e-24
796.6910578657865 8.371956300908483e-24
796.7900398239824 8.371155917381167e-24
796.8890217821782 8.370355677405743e-24
796.988003740374 8.369555580947797e-24
797.0869856985698 8.368755627972903e-24
797.1859676567657 8.367955818446664e-24
797.2849496149614 8.36715615233468e-24
797.3839315731573 8.366356629602556e-24
797.4829135313531 8.365557250215915e-24
797.581895489549 8.364758014140385e-24
797.6808774477447 8.363958921341603e-24
797.7798594059406 8.36315997178521e-24
797.8788413641364 8.362361165436858e-24
797.9778233223323 8.361562502262208e-24
798.076805280528 8.360763982226932e-24
798.1757872387238 8.359965605296703e-24
798.2747691969197 8.35916737143721e-24
798.3737511551155 8.358369280614148e-24
798.4727331133113 8.357571332793215e-24
798.5717150715071 8.356773527940131e-24
798.670697029703 8.355975866020603e-24
798.7696789878987 8.355178347000366e-24
798.8686609460946 8.354380970845156e-24
798.9676429042904 8.353583737520712e-24
799.0666248624863 8.352786646992798e-24
799.165606820682 8.351989699227163e-24
799.2645887788779 8.351192894189582e-24
799.3635707370737 8.350396231845832e-24
799.4625526952696 8.3495997121617e-24
799.5615346534653 8.348803335102984e-24
799.6605166116611 8.348007100635474e-24
799.759498569857 8.347211008724995e-24
799.8584805280528 8.34641505933736e-24
799.9574624862486 8.345619252438402e-24
800.0564444444444 8.34482358799395e-24
800.1554264026403 8.344028065969854e-24
800.254408360836 8.343232686331967e-24
800.3533903190319 8.342437449046147e-24
800.4523722772277 8.341642354078268e-24
800.5513542354236 8.340847401394207e-24
800.6503361936193 8.340052590959847e-24
800.7493181518151 8.339257922741087e-24
800.848300110011 8.338463396703825e-24
800.9472820682068 8.337669012813978e-24
801.0462640264026 8.336874771037468e-24
801.1452459845984 8.336080671340215e-24
801.2442279427943 8.335286713688162e-24
801.34320990099 8.33449289804725e-24
801.4421918591859 8.333699224383437e-24
801.5411738173817 8.332905692662679e-24
801.6401557755776 8.332112302850951e-24
801.7391377337733 8.331319054914228e-24
801.8381196919692 8.330525948818497e-24
801.937101650165 8.329732984529758e-24
802.0360836083609 8.328940162014009e-24
802.1350655665566 8.328147481237267e-24
802.2340475247524 8.327354942165546e-24
802.3330294829483 8.326562544764874e-24
802.4320114411441 8.325770289001295e-24
802.5309933993399 8.32497817484085e-24
802.6299753575357 8.324186202249592e-24
802.7289573157316 8.323394371193585e-24
802.8279392739273 8.322602681638897e-24
802.9269212321232 8.321811133551614e-24
803.025903190319 8.321019726897806e-24
803.1248851485149 8.320228461643586e-24
803.2238671067106 8.319437337755049e-24
803.3228490649064 8.318646355198312e-24
803.4218310231023 8.317855513939486e-24
803.5208129812981 8.317064813944711e-24
803.6197949394939 8.316274255180119e-24
803.7187768976897 8.315483837611857e-24
803.8177588558856 8.31469356120607e-24
803.9167408140814 8.313903425928933e-24
804.0157227722772 8.313113431746612e-24
804.114704730473 8.312323578625285e-24
804.2136866886689 8.311533866531133e-24
804.3126686468646 8.310744295430363e-24
804.4116506050605 8.309954865289168e-24
804.5106325632563 8.309165576073768e-24
804.6096145214522 8.30837642775038e-24
804.7085964796479 8.307587420285234e-24
804.8075784378437 8.306798553644564e-24
804.9065603960396 8.306009827794624e-24
805.0055423542354 8.305221242701659e-24
805.1045243124312 8.304432798331936e-24
805.203506270627 8.303644494651722e-24
805.3024882288229 8.302856331627297e-24
805.4014701870187 8.302068309224953e-24
805.5004521452145 8.301280427410979e-24
805.5994341034103 8.300492686151683e-24
805.6984160616062 8.299705085413372e-24
805.7973980198019 8.298917625162376e-24
805.8963799779978 8.298130305365019e-24
805.9953619361936 8.297343125987632e-24
806.0943438943895 8.296556086996566e-24
806.1933258525852 8.29576918835818e-24
806.292307810781 8.294982430038829e-24
806.3912897689769 8.294195812004882e-24
806.4902717271727 8.293409334222733e-24
806.5892536853685 8.292622996658748e-24
806.6882356435643 8.291836799279339e-24
806.7872176017602 8.291050742050902e-24
806.886199559956 8.29026482493985e-24
806.9851815181518 8.289479047912603e-24
807.0841634763476 8.288693410935596e-24
807.1831454345435 8.287907913975257e-24
807.2821273927392 8.28712255699804e-24
807.381109350935 8.286337339970393e-24
807.4800913091309 8.285552262858783e-24
807.5790732673267 8.284767325629676e-24
807.6780552255225 8.283982528249555e-24
807.7770371837183 8.283197870684903e-24
807.8760191419142 8.282413352902219e-24
807.97500110011 8.281628974868011e-24
808.0739830583058 8.280844736548777e-24
808.1729650165016 8.280060637911051e-24
808.2719469746975 8.279276678921354e-24
808.3709289328933 8.27849285954623e-24
808.4699108910891 8.27770917975222e-24
808.5688928492849 8.276925639505877e-24
808.6678748074808 8.276142238773771e-24
808.7668567656765 8.27535897752246e-24
808.8658387238723 8.274575855718532e-24
808.9648206820682 8.273792873328568e-24
809.063802640264 8.273010030319171e-24
809.1627845984598 8.27222732665694e-24
809.2617665566556 8.271444762308482e-24
809.3607485148515 8.270662337240429e-24
809.4597304730473 8.269880051419402e-24
809.5587124312431 8.26909790481204e-24
809.6576943894389 8.268315897384986e-24
809.7566763476348 8.267534029104896e-24
809.8556583058305 8.266752299938432e-24
809.9546402640264 8.265970709852266e-24
810.0536222222222 8.26518925881307e-24
810.152604180418 8.26440794678754e-24
810.2515861386138 8.263626773742365e-24
810.3505680968096 8.262845739644248e-24
810.4495500550055 8.262064844459901e-24
810.5485320132013 8.26128408815605e-24
810.6475139713971 8.260503470699421e-24
810.7464959295929 8.259722992056748e-24
810.8454778877888 8.258942652194773e-24
810.9444598459846 8.25816245108026e-24
811.0434418041804 8.25738238867996e-24
811.1424237623762 8.25660246496065e-24
811.2414057205721 8.255822679889102e-24
811.3403876787678 8.255043033432108e-24
811.4393696369636 8.254263525556465e-24
811.5383515951595 8.253484156228968e-24
811.6373335533553 8.252704925416437e-24
811.7363155115511 8.251925833085684e-24
811.8352974697469 8.251146879203542e-24
811.9342794279428 8.250368063736846e-24
812.0332613861386 8.249589386652442e-24
812.1322433443344 8.248810847917183e-24
812.2312253025302 8.248032447497928e-24
812.3302072607261 8.247254185361549e-24
812.4291892189219 8.246476061474925e-24
812.5281711771177 8.245698075804939e-24
812.6271531353135 8.244920228318487e-24
812.7261350935094 8.24414251898247e-24
812.8251170517051 8.243364947763804e-24
812.9240990099009 8.242587514629402e-24
813.0230809680968 8.241810219546194e-24
813.1220629262926 8.241033062481121e-24
813.2210448844884 8.240256043401123e-24
813.3200268426842 8.239479162273151e-24
813.4190088008801 8.238702419064168e-24
813.5179907590759 8.237925813741142e-24
813.6169727172717 8.237149346271053e-24
813.7159546754675 8.236373016620884e-24
813.8149366336634 8.235596824757634e-24
813.9139185918592 8.234820770648297e-24
814.012900550055 8.234044854259888e-24
814.1118825082508 8.23326907555943e-24
814.2108644664467 8.232493434513943e-24
814.3098464246424 8.231717931090468e-24
814.4088283828382 8.230942565256045e-24
814.5078103410341 8.230167336977726e-24
814.6067922992299 8.229392246222577e-24
814.7057742574257 8.22861729295766e-24
814.8047562156215 8.227842477150054e-24
814.9037381738174 8.227067798766849e-24
815.0027201320132 8.226293257775129e-24
815.101702090209 8.225518854142002e-24
815.2006840484048 8.224744587834576e-24
815.2996660066007 8.223970458819975e-24
815.3986479647965 8.223196467065318e-24
815.4976299229922 8.222422612537741e-24
815.5966118811881 8.221648895204394e-24
815.695593839384 8.220875315032418e-24
815.7945757975797 8.220101871988981e-24
815.8935577557755 8.219328566041245e-24
815.9925397139714 8.218555397156393e-24
816.0915216721672 8.217782365301603e-24
816.190503630363 8.217009470444069e-24
816.2894855885588 8.216236712550995e-24
816.3884675467547 8.21546409158959e-24
816.4874495049505 8.21469160752707e-24
816.5864314631463 8.21391926033066e-24
816.6854134213421 8.213147049967595e-24
816.784395379538 8.21237497640512e-24
816.8833773377338 8.211603039610482e-24
816.9823592959295 8.210831239550943e-24
817.0813412541254 8.210059576193767e-24
817.1803232123212 8.20928804950623e-24
817.279305170517 8.208516659455617e-24
817.3782871287128 8.207745406009222e-24
817.4772690869087 8.206974289134341e-24
817.5762510451045 8.206203308798287e-24
817.6752330033003 8.205432464968372e-24
817.7742149614961 8.204661757611924e-24
817.873196919692 8.203891186696275e-24
817.9721788778878 8.203120752188766e-24
818.0711608360835 8.202350454056752e-24
818.1701427942794 8.201580292267585e-24
818.2691247524752 8.200810266788635e-24
818.368106710671 8.200040377587274e-24
818.4670886688668 8.199270624630883e-24
818.5660706270627 8.198501007886859e-24
818.6650525852585 8.197731527322595e-24
818.7640345434543 8.196962182905506e-24
818.8630165016501 8.196192974603001e-24
818.961998459846 8.195423902382507e-24
819.0609804180418 8.194654966211457e-24
819.1599623762376 8.193886166057289e-24
819.2589443344334 8.193117501887454e-24
819.3579262926293 8.19234897366941e-24
819.4569082508251 8.191580581370621e-24
819.5558902090208 8.190812324958556e-24
819.6548721672167 8.190044204400706e-24
819.7538541254125 8.189276219664555e-24
819.8528360836083 8.188508370717603e-24
819.9518180418041 8.187740657527357e-24
820.0508 8.186973080061328e-24
820.1497819581958 8.186205638287044e-24
820.2487639163916 8.185438332172034e-24
820.3477458745874 8.18467116168384e-24
820.4467278327833 8.183904126790002e-24
820.5457097909791 8.183137227458086e-24
820.6446917491749 8.182370463655654e-24
820.7436737073707 8.18160383535027e-24
820.8426556655666 8.180837342509527e-24
820.9416376237624 8.180070985101006e-24
821.0406195819581 8.1793047630923e-24
821.139601540154 8.178538676451028e-24
821.2385834983498 8.177772725144794e-24
821.3375654565456 8.177006909141221e-24
821.4365474147414 8.176241228407942e-24
821.5355293729373 8.175475682912587e-24
821.6345113311331 8.174710272622813e-24
821.7334932893289 8.173944997506271e-24
821.8324752475247 8.173179857530621e-24
821.9314572057206 8.172414852663542e-24
822.0304391639164 8.171649982872706e-24
822.1294211221121 8.170885248125802e-24
822.228403080308 8.170120648390526e-24
822.3273850385038 8.169356183634582e-24
822.4263669966997 8.168591853825684e-24
822.5253489548954 8.167827658931551e-24
822.6243309130913 8.167063598919914e-24
822.7233128712871 8.166299673758512e-24
822.8222948294829 8.165535883415084e-24
822.9212767876787 8.164772227857381e-24
823.0202587458746 8.164008707053174e-24
823.1192407040704 8.163245320970227e-24
823.2182226622662 8.162482069576323e-24
823.317204620462 8.16171895283924e-24
823.4161865786579 8.160955970726781e-24
823.5151685368537 8.160193123206744e-24
823.6141504950494 8.159430410246942e-24
823.7131324532453 8.15866783181519e-24
823.8121144114411 8.157905387879321e-24
823.911096369637 8.157143078407167e-24
824.0100783278327 8.156380903366574e-24
824.1090602860286 8.155618862725393e-24
824.2080422442244 8.15485695645148e-24
824.3070242024202 8.154095184512712e-24
824.406006160616 8.153333546876956e-24
824.5049881188119 8.1525720435121e-24
824.6039700770077 8.151810674386045e-24
824.7029520352035 8.151049439466683e-24
824.8019339933993 8.150288338721923e-24
824.9009159515952 8.149527372119689e-24
824.999897909791 8.1487665396279e-24
825.0988798679867 8.148005841214495e-24
825.1978618261826 8.147245276847414e-24
825.2968437843784 8.146484846494609e-24
825.3958257425742 8.145724550124034e-24
825.49480770077 8.144964387703658e-24
825.5937896589659 8.14420435920146e-24
825.6927716171617 8.143444464585418e-24
825.7917535753575 8.14268470382353e-24
825.8907355335533 8.141925076883784e-24
825.9897174917492 8.141165583734196e-24
826.088699449945 8.14040622434278e-24
826.1876814081407 8.139646998677563e-24
826.2866633663366 8.138887906706569e-24
826.3856453245324 8.138128948397849e-24
826.4846272827283 8.137370123719445e-24
826.583609240924 8.136611432639414e-24
826.6825911991199 8.135852875125822e-24
826.7815731573157 8.135094451146742e-24
826.8805551155115 8.134336160670256e-24
826.9795370737073 8.133578003664456e-24
827.0785190319032 8.132819980097433e-24
827.177500990099 8.132062089937296e-24
827.2764829482948 8.13130433315216e-24
827.3754649064906 8.13054670971015e-24
827.4744468646865 8.129789219579389e-24
827.5734288228823 8.129031862728022e-24
827.672410781078 8.128274639124194e-24
827.7713927392739 8.127517548736058e-24
827.8703746974697 8.126760591531775e-24
827.9693566556656 8.126003767479522e-24
828.0683386138613 8.125247076547477e-24
828.1673205720572 8.124490518703826e-24
828.266302530253 8.123734093916763e-24
828.3652844884488 8.122977802154496e-24
828.4642664466446 8.122221643385235e-24
828.5632484048405 8.121465617577199e-24
828.6622303630363 8.12070972469862e-24
828.761212321232 8.11995396471773e-24
828.8601942794279 8.119198337602776e-24
828.9591762376238 8.11844284332201e-24
829.0581581958196 8.117687481843693e-24
829.1571401540153 8.116932253136097e-24
829.2561221122112 8.116177157167494e-24
829.355104070407 8.115422193906177e-24
829.4540860286029 8.114667363320432e-24
829.5530679867986 8.113912665378566e-24
829.6520499449945 8.113158100048883e-24
829.7510319031903 8.112403667299708e-24
829.8500138613861 8.111649367099362e-24
829.9489958195819 8.110895199416183e-24
830.0479777777778 8.110141164218513e-24
830.1469597359736 8.1093872614747e-24
830.2459416941693 8.108633491153106e-24
830.3449236523652 8.10787985322209e-24
830.443905610561 8.107126347650043e-24
830.5428875687569 8.106372974405332e-24
830.6418695269526 8.105619733456356e-24
830.7408514851485 8.104866624771516e-24
830.8398334433443 8.104113648319217e-24
830.9388154015402 8.103360804067873e-24
831.0377973597359 8.10260809198591e-24
831.1367793179318 8.10185551204176e-24
831.2357612761276 8.101103064203864e-24
831.3347432343234 8.100350748440667e-24
831.4337251925192 8.099598564720633e-24
831.532707150715 8.098846513012216e-24
831.6316891089109 8.098094593283897e-24
831.7306710671066 8.097342805504156e-24
831.8296530253025 8.096591149641477e-24
831.9286349834983 8.09583962566436e-24
832.0276169416942 8.09508823354131e-24
832.1265988998899 8.094336973240843e-24
832.2255808580858 8.093585844731478e-24
832.3245628162816 8.092834847981745e-24
832.4235447744775 8.092083982960178e-24
832.5225267326732 8.091333249635331e-24
832.6215086908691 8.090582647975751e-24
832.7204906490649 8.089832177950001e-24
832.8194726072606 8.089081839526656e-24
832.9184545654565 8.088331632674287e-24
833.0174365236523 8.087581557361487e-24
833.1164184818482 8.086831613556846e-24
833.2154004400439 8.08608180122897e-24
833.3143823982398 8.085332120346469e-24
833.4133643564356 8.084582570877957e-24
833.5123463146315 8.083833152792069e-24
833.6113282728272 8.083083866057435e-24
833.7103102310231 8.082334710642701e-24
833.8092921892189 8.081585686516516e-24
833.9082741474147 8.08083679364754e-24
834.0072561056105 8.08008803200444e-24
834.1062380638064 8.079339401555891e-24
834.2052200220022 8.078590902270582e-24
834.304201980198 8.077842534117197e-24
834.4031839383938 8.077094297064439e-24
834.5021658965896 8.076346191081022e-24
834.6011478547855 8.075598216135653e-24
834.7001298129812 8.074850372197059e-24
834.7991117711771 8.074102659233975e-24
834.8980937293729 8.07335507721514e-24
834.9970756875688 8.072607626109303e-24
835.0960576457645 8.071860305885218e-24
835.1950396039604 8.071113116511655e-24
835.2940215621562 8.070366057957379e-24
835.393003520352 8.069619130191177e-24
835.4919854785478 8.06887233318184e-24
835.5909674367437 8.068125666898154e-24
835.6899493949395 8.067379131308936e-24
835.7889313531352 8.066632726382994e-24
835.8879133113311 8.065886452089147e-24
835.9868952695269 8.065140308396232e-24
836.0858772277228 8.064394295273075e-24
836.1848591859185 8.063648412688532e-24
836.2838411441144 8.062902660611452e-24
836.3828231023102 8.062157039010699e-24
836.4818050605061 8.061411547855141e-24
836.5807870187018 8.060666187113654e-24
836.6797689768977 8.059920956755128e-24
836.7787509350935 8.059175856748452e-24
836.8777328932892 8.058430887062536e-24
836.9767148514851 8.05768604766628e-24
837.075696809681 8.05694133852861e-24
837.1746787678768 8.056196759618446e-24
837.2736607260725 8.055452310904727e-24
837.3726426842684 8.054707992356398e-24
837.4716246424642 8.053963803942403e-24
837.5706066006601 8.053219745631705e-24
837.6695885588558 8.052475817393267e-24
837.7685705170517 8.051732019196065e-24
837.8675524752475 8.050988351009083e-24
837.9665344334434 8.05024481280131e-24
838.0655163916391 8.049501404541746e-24
838.164498349835 8.0487581261994e-24
838.2634803080308 8.048014977743282e-24
838.3624622662265 8.047271959142418e-24
838.4614442244224 8.046529070365838e-24
838.5604261826182 8.045786311382583e-24
838.6594081408141 8.045043682161694e-24
838.7583900990098 8.044301182672237e-24
838.8573720572057 8.043558812883268e-24
838.9563540154015 8.042816572763857e-24
839.0553359735974 8.042074462283086e-24
839.1543179317931 8.041332481410045e-24
839.253299889989 8.04059063011383e-24
839.3522818481848 8.039848908363534e-24
839.4512638063807 8.039107316128276e-24
839.5502457645764 8.038365853377178e-24
839.6492277227723 8.037624520079365e-24
839.7482096809681 8.03688331620397e-24
839.8471916391638 8.036142241720143e-24
839.9461735973597 8.035401296597025e-24
840.0451555555555 8.034660480803788e-24
840.1441375137514 8.033919794309595e-24
840.2431194719471 8.03317923708362e-24
840.342101430143 8.032438809095042e-24
840.4410833883388 8.031698510313066e-24
840.5400653465347 8.03095834070688e-24
840.6390473047304 8.0302183002457e-24
840.7380292629263 8.029478388898736e-24
840.8370112211221 8.028738606635214e-24
840.935993179318 8.027998953424364e-24
841.0349751375137 8.027259429235434e-24
841.1339570957095 8.026520034037664e-24
841.2329390539054 8.025780767800313e-24
841.3319210121011 8.025041630492642e-24
841.430902970297 8.02430262208393e-24
841.5298849284928 8.023563742543446e-24
841.6288668866887 8.022824991840488e-24
841.7278488448844 8.022086369944353e-24
841.8268308030803 8.021347876824338e-24
841.9258127612761 8.020609512449755e-24
842.024794719472 8.019871276789928e-24
842.1237766776677 8.019133169814193e-24
842.2227586358636 8.018395191491868e-24
842.3217405940594 8.017657341792309e-24
842.4207225522551 8.01691962068487e-24
842.519704510451 8.016182028138905e-24
842.6186864686468 8.01544456412378e-24
842.7176684268427 8.01470722860888e-24
842.8166503850384 8.013970021563584e-24
842.9156323432343 8.013232942957284e-24
843.0146143014301 8.012495992759383e-24
843.113596259626 8.011759170939288e-24
843.2125782178217 8.011022477466413e-24
843.3115601760176 8.010285912310183e-24
843.4105421342134 8.009549475440032e-24
843.5095240924093 8.0088131668254e-24
843.608506050605 8.008076986435732e-24
843.7074880088009 8.007340934240485e-24
843.8064699669967 8.006605010209127e-24
843.9054519251924 8.005869214311129e-24
844.0044338833883 8.005133546515968e-24
844.1034158415841 8.004398006793133e-24
844.20239779978 8.003662595112123e-24
844.3013797579757 8.002927311442437e-24
844.4003617161716 8.002192155753594e-24
844.4993436743674 8.001457128015105e-24
844.5983256325633 8.000722228196504e-24
844.697307590759 7.99998745626733e-24
844.7962895489549 7.999252812197116e-24
844.8952715071507 7.998518295955428e-24
844.9942534653466 7.997783907511811e-24
845.0932354235423 7.997049646835848e-24
845.1922173817381 7.996315513897104e-24
845.291199339934 7.995581508665165e-24
845.3901812981297 7.994847631109625e-24
845.4891632563256 7.994113881200081e-24
845.5881452145214 7.993380258906145e-24
845.6871271727173 7.992646764197426e-24
845.786109130913 7.991913397043554e-24
845.8850910891089 7.991180157414159e-24
845.9840730473047 7.990447045278877e-24
846.0830550055006 7.989714060607359e-24
846.1820369636963 7.988981203369258e-24
846.2810189218922 7.988248473534242e-24
846.380000880088 7.987515871071977e-24
846.4789828382839 7.986783395952149e-24
846.5779647964796 7.986051048144437e-24
846.6769467546754 7.98531882761854e-24
846.7759287128713 7.984586734344162e-24
846.874910671067 7.983854768291014e-24
846.9738926292629 7.983122929428815e-24
847.0728745874587 7.98239121772729e-24
847.1718565456546 7.981659633156176e-24
847.2708385038503 7.98092817568522e-24
847.3698204620462 7.980196845284158e-24
847.468802420242 7.979465641922768e-24
847.5677843784379 7.978734565570804e-24
847.6667663366336 7.978003616198045e-24
847.7657482948295 7.97727279377427e-24
847.8647302530253 7.976542098269277e-24
847.9637122112212 7.975811529652859e-24
848.0626941694169 7.975081087894824e-24
848.1616761276127 7.974350772964983e-24
848.2606580858086 7.973620584833164e-24
848.3596400440043 7.972890523469191e-24
848.4586220022002 7.972160588842904e-24
848.557603960396 7.971430780924157e-24
848.6565859185919 7.970701099682793e-24
848.7555678767876 7.969971545088678e-24
848.8545498349835 7.969242117111683e-24
848.9535317931793 7.968512815721684e-24
849.0525137513752 7.967783640888567e-24
849.1514957095709 7.967054592582228e-24
849.2504776677667 7.966325670772566e-24
849.3494596259626 7.965596875429491e-24
849.4484415841584 7.96486820652292e-24
849.5474235423542 7.964139664022778e-24
849.64640550055 7.963411247898996e-24
849.7453874587459 7.962682958121521e-24
849.8443694169416 7.961954794660299e-24
849.9433513751375 7.961226757485282e-24
850.0423333333333 7.960498846566444e-24
850.1413152915292 7.959771061873752e-24
850.2402972497249 7.959043403377188e-24
850.3392792079208 7.958315871046736e-24
850.4382611661166 7.957588464852402e-24
850.5372431243125 7.956861184764183e-24
850.6362250825082 7.956134030752092e-24
850.735207040704 7.955407002786148e-24
850.8341889988999 7.954680100836386e-24
850.9331709570956 7.953953324872832e-24
851.0321529152915 7.95322667486554e-24
851.1311348734873 7.952500150784551e-24
851.2301168316832 7.951773752599931e-24
851.3290987898789 7.95104748028175e-24
851.4280807480748 7.950321333800076e-24
851.5270627062706 7.949595313124997e-24
851.6260446644665 7.948869418226603e-24
851.7250266226622 7.948143649074993e-24
851.824008580858 7.947418005640272e-24
851.9229905390539 7.946692487892557e-24
852.0219724972497 7.945967095801971e-24
852.1209544554455 7.945241829338648e-24
852.2199364136413 7.94451668847272e-24
852.3189183718372 7.943791673174331e-24
852.4179003300329 7.943066783413645e-24
852.5168822882288 7.942342019160817e-24
852.6158642464246 7.941617380386015e-24
852.7148462046205 7.940892867059423e-24
852.8138281628162 7.940168479151222e-24
852.9128101210121 7.939444216631607e-24
853.0117920792079 7.938720079470784e-24
853.1107740374038 7.937996067638958e-24
853.2097559955995 7.937272181106338e-24
853.3087379537953 7.936548419843164e-24
853.4077199119912 7.935824783819664e-24
853.506701870187 7.935101273006069e-24
853.6056838283828 7.93437788737264e-24
853.7046657865786 7.933654626889623e-24
853.8036477447745 7.932931491527295e-24
853.9026297029702 7.932208481255919e-24
854.0016116611661 7.931485596045776e-24
854.1005936193619 7.930762835867149e-24
854.1995755775578 7.930040200690339e-24
854.2985575357535 7.929317690485658e-24
854.3975394939494 7.928595305223404e-24
854.4965214521452 7.9278730448739e-24
854.595503410341 7.927150909407478e-24
854.6944853685368 7.926428898794463e-24
854.7934673267326 7.92570701300521e-24
854.8924492849285 7.924985252010061e-24
854.9914312431243 7.924263615779371e-24
855.0904132013201 7.923542104283518e-24
855.1893951595159 7.922820717492871e-24
855.2883771177118 7.922099455377806e-24
855.3873590759075 7.921378317908719e-24
855.4863410341034 7.920657305056008e-24
855.5853229922992 7.919936416790077e-24
855.6843049504951 7.919215653081337e-24
855.7832869086908 7.918495013900213e-24
855.8822688668866 7.917774499217125e-24
855.9812508250825 7.917054109002523e-24
856.0802327832783 7.91633384322684e-24
856.1792147414741 7.91561370186054e-24
856.2781966996699 7.914893684874069e-24
856.3771786578658 7.914173792237909e-24
856.4761606160616 7.913454023922528e-24
856.5751425742574 7.91273437989841e-24
856.6741245324532 7.912014860136043e-24
856.7731064906491 7.911295464605933e-24
856.8720884488448 7.910576193278588e-24
856.9710704070407 7.909857046124516e-24
857.0700523652365 7.909138023114242e-24
857.1690343234324 7.908419124218302e-24
857.2680162816281 7.907700349407226e-24
857.3669982398239 7.906981698651568e-24
857.4659801980198 7.906263171921874e-24
857.5649621562156 7.90554476918871e-24
857.6639441144114 7.90482649042265e-24
857.7629260726072 7.904108335594261e-24
857.8619080308031 7.903390304674138e-24
857.9608899889989 7.902672397632866e-24
858.0598719471947 7.901954614441052e-24
858.1588539053905 7.901236955069301e-24
858.2578358635864 7.900519419488228e-24
858.3568178217821 7.899802007668461e-24
858.455799779978 7.89908471958063e-24
858.5547817381738 7.898367555195374e-24
858.6537636963697 7.89765051448334e-24
858.7527456545654 7.896933597415188e-24
858.8517276127612 7.896216803961573e-24
858.9507095709571 7.895500134093175e-24
859.0496915291529 7.894783587780663e-24
859.1486734873487 7.894067164994728e-24
859.2476554455445 7.893350865706068e-24
859.3466374037404 7.892634689885381e-24
859.4456193619361 7.891918637503374e-24
859.544601320132 7.89120270853077e-24
859.6435832783278 7.890486902938288e-24
859.7425652365237 7.889771220696668e-24
859.8415471947194 7.889055661776647e-24
859.9405291529152 7.888340226148971e-24
860.0395111111111 7.8876249137844e-24
860.138493069307 7.886909724653697e-24
860.2374750275027 7.886194658727637e-24
860.3364569856985 7.885479715976997e-24
860.4354389438944 7.88476489637256e-24
860.5344209020902 7.88405019988513e-24
860.633402860286 7.883335626485501e-24
860.7323848184818 7.882621176144492e-24
860.8313667766777 7.881906848832913e-24
860.9303487348734 7.881192644521594e-24
861.0293306930693 7.880478563181372e-24
861.1283126512651 7.879764604783087e-24
861.227294609461 7.87905076929758e-24
861.3262765676567 7.878337056695723e-24
861.4252585258525 7.877623466948368e-24
861.5242404840484 7.876910000026399e-24
861.6232224422442 7.876196655900682e-24
861.72220440044 7.875483434542122e-24
861.8211863586358 7.874770335921604e-24
861.9201683168317 7.87405736001003e-24
862.0191502750275 7.87334450677832e-24
862.1181322332233 7.872631776197388e-24
862.2171141914191 7.871919168238159e-24
862.316096149615 7.871206682871569e-24
862.4150781078107 7.870494320068562e-24
862.5140600660066 7.869782079800087e-24
862.6130420242024 7.869069962037102e-24
862.7120239823983 7.868357966750572e-24
862.811005940594 7.867646093911473e-24
862.9099878987898 7.866934343490782e-24
863.0089698569857 7.866222715459488e-24
863.1079518151815 7.865511209788587e-24
863.2069337733773 7.86479982644909e-24
863.3059157315731 7.864088565411999e-24
863.404897689769 7.863377426648338e-24
863.5038796479648 7.862666410129134e-24
863.6028616061606 7.861955515825427e-24
863.7018435643564 7.861244743708248e-24
863.8008255225523 7.860534093748657e-24
863.899807480748 7.859823565917711e-24
863.9987894389438 7.859113160186471e-24
864.0977713971397 7.858402876526017e-24
864.1967533553355 7.857692714907424e-24
864.2957353135313 7.856982675301783e-24
864.3947172717271 7.856272757680193e-24
864.493699229923 7.855562962013757e-24
864.5926811881188 7.854853288273585e-24
864.6916631463146 7.8541437364308e-24
864.7906451045104 7.853434306456525e-24
864.8896270627063 7.852724998321904e-24
864.9886090209021 7.852015811998069e-24
865.0875909790979 7.851306747456175e-24
865.1865729372937 7.850597804667383e-24
865.2855548954896 7.849888983602854e-24
865.3845368536853 7.849180284233765e-24
865.4835188118811 7.848471706531297e-24
865.582500770077 7.847763250466634e-24
865.6814827282728 7.847054916010982e-24
865.7804646864686 7.846346703135537e-24
865.8794466446644 7.845638611811517e-24
865.9784286028603 7.844930642010135e-24
866.0774105610561 7.844222793702622e-24
866.1763925192519 7.843515066860217e-24
866.2753744774477 7.842807461454156e-24
866.3743564356436 7.842099977455695e-24
866.4733383938394 7.841392614836083e-24
866.5723203520351 7.8406853735666e-24
866.671302310231 7.839978253618505e-24
866.7702842684268 7.839271254963089e-24
866.8692662266226 7.838564377571636e-24
866.9682481848184 7.837857621415444e-24
867.0672301430143 7.837150986465811e-24
867.1662121012101 7.83644447269406e-24
867.2651940594059 7.835738080071503e-24
867.3641760176017 7.83503180856947e-24
867.4631579757976 7.834325658159292e-24
867.5621399339934 7.833619628812318e-24
867.6611218921892 7.832913720499888e-24
867.760103850385 7.832207933193369e-24
867.8590858085809 7.831502266864122e-24
867.9580677667766 7.830796721483517e-24
868.0570497249724 7.830091297022946e-24
868.1560316831683 7.829385993453782e-24
868.2550136413641 7.82868081074743e-24
868.3539955995599 7.827975748875294e-24
868.4529775577557 7.827270807808778e-24
868.5519595159516 7.826565987519309e-24
868.6509414741474 7.82586128797831e-24
868.7499234323432 7.825156709157217e-24
868.848905390539 7.824452251027466e-24
868.9478873487349 7.823747913560511e-24
869.0468693069307 7.823043696727809e-24
869.1458512651265 7.822339600500825e-24
869.2448332233223 7.821635624851029e-24
869.3438151815182 7.820931769749906e-24
869.4427971397139 7.820228035168933e-24
869.5417790979097 7.819524421079615e-24
869.6407610561056 7.818820927453449e-24
869.7397430143014 7.818117554261952e-24
869.8387249724972 7.817414301476635e-24
869.937706930693 7.81671116906903e-24
870.0366888888889 7.81600815701066e-24
870.1356708470847 7.81530526527308e-24
870.2346528052805 7.814602493827826e-24
870.3336347634763 7.81389984264646e-24
870.4326167216722 7.813197311700544e-24
870.531598679868 7.812494900961652e-24
870.6305806380637 7.811792610401356e-24
870.7295625962596 7.811090439991252e-24
870.8285445544554 7.810388389702931e-24
870.9275265126512 7.80968645950799e-24
871.026508470847 7.808984649378041e-24
871.1254904290429 7.808282959284701e-24
871.2244723872387 7.807581389199598e-24
871.3234543454345 7.806879939094361e-24
871.4224363036303 7.806178608940627e-24
871.5214182618262 7.805477398710048e-24
871.620400220022 7.804776308374276e-24
871.7193821782178 7.804075337904981e-24
871.8183641364136 7.803374487273817e-24
871.9173460946095 7.802673756452475e-24
872.0163280528053 7.801973145412635e-24
872.115310011001 7.801272654125996e-24
872.2142919691969 7.800572282564251e-24
872.3132739273927 7.799872030699112e-24
872.4122558855885 7.799171898502293e-24
872.5112378437843 7.798471885945514e-24
872.6102198019802 7.797771993000513e-24
872.709201760176 7.797072219639024e-24
872.8081837183718 7.796372565832798e-24
872.9071656765676 7.795673031553576e-24
873.0061476347635 7.794973616773132e-24
873.1051295929593 7.794274321463227e-24
873.204111551155 7.793575145595643e-24
873.3030935093509 7.792876089142162e-24
873.4020754675468 7.792177152074568e-24
873.5010574257426 7.791478334364668e-24
873.6000393839383 7.79077963598427e-24
873.6990213421342 7.790081056905183e-24
873.79800330033 7.789382597099228e-24
873.8969852585258 7.788684256538238e-24
873.9959672167216 7.787986035194047e-24
874.0949491749175 7.787287933038499e-24
874.1939311331133 7.786589950043448e-24
874.2929130913091 7.78589208618075e-24
874.3918950495049 7.78519434142228e-24
874.4908770077008 7.784496715739904e-24
874.5898589658966 7.783799209105503e-24
874.6888409240923 7.783101821490972e-24
874.7878228822882 7.782404552868203e-24
874.886804840484 7.781707403209108e-24
874.9857867986799 7.781010372485591e-24
875.0847687568756 7.780313460669581e-24
875.1837507150715 7.779616667732998e-24
875.2827326732673 7.778919993647778e-24
875.3817146314631 7.778223438385862e-24
875.4806965896589 7.777527001919204e-24
875.5796785478548 7.776830684219755e-24
875.6786605060506 7.776134485259488e-24
875.7776424642464 7.77543840501037e-24
875.8766244224422 7.774742443444385e-24
875.975606380638 7.774046600533514e-24
876.0745883388339 7.773350876249759e-24
876.1735702970296 7.772655270565114e-24
876.2725522552255 7.7719597834516e-24
876.3715342134213 7.771264414881227e-24
876.4705161716171 7.770569164826023e-24
876.5694981298129 7.769874033258018e-24
876.6684800880088 7.769179020149255e-24
876.7674620462046 7.76848412547178e-24
876.8664440044004 7.767789349197648e-24
876.9654259625962 7.767094691298922e-24
877.0644079207921 7.766400151747676e-24
877.1633898789879 7.765705730515981e-24
877.2623718371837 7.765011427575925e-24
877.3613537953795 7.764317242899599e-24
877.4603357535754 7.76362317645911e-24
877.5593177117712 7.762929228226557e-24
877.6582996699669 7.76223539817406e-24
877.7572816281628 7.76154168627374e-24
877.8562635863586 7.760848092497729e-24
877.9552455445544 7.760154616818164e-24
878.0542275027502 7.75946125920719e-24
878.1532094609461 7.758768019636954e-24
878.2521914191419 7.758074898079626e-24
878.3511733773377 7.75738189450737e-24
878.4501553355335 7.756689008892355e-24
878.5491372937294 7.755996241206772e-24
878.6481192519252 7.755303591422807e-24
878.747101210121 7.754611059512658e-24
878.8460831683168 7.753918645448529e-24
878.9450651265126 7.753226349202637e-24
879.0440470847085 7.752534170747198e-24
879.1430290429042 7.751842110054439e-24
879.2420110011001 7.751150167096596e-24
879.3409929592959 7.750458341845912e-24
879.4399749174917 7.749766634274639e-24
879.5389568756875 7.749075044355028e-24
879.6379388338834 7.748383572059347e-24
879.7369207920792 7.747692217359874e-24
879.835902750275 7.74700098022888e-24
879.9348847084708 7.746309860638655e-24
880.0338666666667 7.745618858561496e-24
880.1328486248625 7.744927973969704e-24
880.2318305830582 7.744237206835589e-24
880.3308125412541 7.743546557131465e-24
880.4297944994499 7.742856024829662e-24
880.5287764576458 7.742165609902506e-24
880.6277584158415 7.741475312322341e-24
880.7267403740374 7.740785132061515e-24
880.8257223322332 7.740095069092369e-24
880.924704290429 7.739405123387282e-24
881.0236862486248 7.738715294918615e-24
881.1226682068207 7.738025583658749e-24
881.2216501650165 7.737335989580059e-24
881.3206321232122 7.736646512654948e-24
881.4196140814081 7.735957152855807e-24
881.518596039604 7.735267910155042e-24
881.6175779977998 7.734578784525074e-24
881.7165599559955 7.733889775938319e-24
881.8155419141914 7.733200884367203e-24
881.9145238723872 7.73251210978417e-24
882.0135058305831 7.73182345216166e-24
882.1124877887788 7.731134911472115e-24
882.2114697469747 7.73044648768801e-24
882.3104517051705 7.729758180781799e-24
882.4094336633663 7.729069990725961e-24
882.5084156215621 7.72838191749297e-24
882.607397579758 7.727693961055325e-24
882.7063795379538 7.727006121385511e-24
882.8053614961495 7.726318398456035e-24
882.9043434543454 7.725630792239407e-24
883.0033254125412 7.724943302708144e-24
883.1023073707371 7.724255929834773e-24
883.2012893289328 7.723568673591828e-24
883.3002712871287 7.722881533951846e-24
883.3992532453245 7.722194510887372e-24
883.4982352035204 7.721507604370964e-24
883.5972171617161 7.720820814375189e-24
883.696199119912 7.720134140872607e-24
883.7951810781078 7.7194475838358e-24
883.8941630363036 7.71876114323735e-24
883.9931449944994 7.718074819049858e-24
884.0921269526953 7.717388611245909e-24
884.1911089108911 7.716702519798118e-24
884.2900908690868 7.716016544679104e-24
884.3890728272827 7.715330685861473e-24
884.4880547854785 7.714644943317866e-24
884.5870367436744 7.71395931702092e-24
884.6860187018701 7.713273806943268e-24
884.785000660066 7.712588413057571e-24
884.8839826182618 7.711903135336483e-24
884.9829645764576 7.71121797375267e-24
885.0819465346534 7.710532928278807e-24
885.1809284928493 7.709847998887569e-24
885.2799104510451 7.709163185551649e-24
885.3788924092408 7.70847848824374e-24
885.4778743674367 7.707793906936549e-24
885.5768563256325 7.70710944160278e-24
885.6758382838284 7.706425092215152e-24
885.7748202420241 7.70574085874639e-24
885.87380220022 7.705056741169225e-24
885.9727841584158 7.7043727394564e-24
886.0717661166117 7.70368885358066e-24
886.1707480748074 7.703005083514758e-24
886.2697300330033 7.702321429231452e-24
886.3687119911991 7.701637890703519e-24
886.4676939493949 7.70095446790373e-24
886.5666759075907 7.700271160804871e-24
886.6656578657866 7.699587969379728e-24
886.7646398239824 7.698904893601105e-24
886.8636217821781 7.698221933441805e-24
886.962603740374 7.697539088874643e-24
887.0615856985698 7.696856359872434e-24
887.1605676567657 7.696173746408013e-24
887.2595496149614 7.695491248454209e-24
887.3585315731573 7.694808865983867e-24
887.4575135313531 7.694126598969834e-24
887.556495489549 7.693444447384973e-24
887.6554774477447 7.692762411202145e-24
887.7544594059406 7.692080490394218e-24
887.8534413641364 7.691398684934074e-24
887.9524233223322 7.690716994794602e-24
888.051405280528 7.690035419948691e-24
888.1503872387239 7.689353960369247e-24
888.2493691969197 7.688672616029173e-24
888.3483511551154 7.687991386901389e-24
888.4473331133113 7.687310272958819e-24
888.5463150715071 7.686629274174387e-24
888.645297029703 7.685948390521036e-24
888.7442789878987 7.685267621971707e-24
888.8432609460946 7.684586968499357e-24
888.9422429042904 7.683906430076942e-24
889.0412248624863 7.683226006677428e-24
889.140206820682 7.682545698273798e-24
889.2391887788779 7.681865504839018e-24
889.3381707370737 7.68118542634609e-24
889.4371526952694 7.680505462768006e-24
889.5361346534653 7.679825614077769e-24
889.6351166116611 7.67914588024839e-24
889.734098569857 7.678466261252886e-24
889.8330805280527 7.677786757064284e-24
889.9320624862486 7.677107367655618e-24
890.0310444444444 7.676428092999922e-24
890.1300264026403 7.675748933070248e-24
890.229008360836 7.675069887839654e-24
890.3279903190319 7.674390957281193e-24
890.4269722772277 7.673712141367939e-24
890.5259542354236 7.673033440072968e-24
890.6249361936193 7.672354853369367e-24
890.7239181518152 7.671676381230223e-24
890.822900110011 7.670998023628634e-24
890.9218820682067 7.670319780537708e-24
891.0208640264026 7.669641651930553e-24
891.1198459845984 7.668963637780297e-24
891.2188279427943 7.668285738060062e-24
891.31780990099 7.667607952742983e-24
891.4167918591859 7.666930281802203e-24
891.5157738173817 7.666252725210871e-24
891.6147557755776 7.66557528294214e-24
891.7137377337733 7.664897954969186e-24
891.8127196919692 7.664220741265165e-24
891.911701650165 7.66354364180326e-24
892.0106836083609 7.66286665655666e-24
892.1096655665566 7.662189785498558e-24
892.2086475247525 7.661513028602153e-24
892.3076294829483 7.66083638584065e-24
892.406611441144 7.660159857187265e-24
892.5055933993399 7.65948344261522e-24
892.6045753575357 7.658807142097742e-24
892.7035573157316 7.65813095560807e-24
892.8025392739273 7.657454883119451e-24
892.9015212321232 7.656778924605132e-24
893.000503190319 7.65610308003837e-24
893.0994851485149 7.65542734939243e-24
893.1984671067106 7.654751732640585e-24
893.2974490649065 7.65407622975612e-24
893.3964310231023 7.653400840712315e-24
893.495412981298 7.652725565482468e-24
893.5943949394939 7.652050404039882e-24
893.6933768976897 7.651375356357866e-24
893.7923588558856 7.65070042240973e-24
893.8913408140813 7.650025602168805e-24
893.9903227722772 7.649350895608414e-24
894.089304730473 7.648676302701902e-24
894.1882866886689 7.648001823422607e-24
894.2872686468646 7.64732745774389e-24
894.3862506050605 7.646653205639101e-24
894.4852325632563 7.645979067081617e-24
894.5842145214522 7.645305042044801e-24
894.6831964796479 7.64463113050204e-24
894.7821784378438 7.643957332426723e-24
894.8811603960396 7.643283647792244e-24
894.9801423542353 7.642610076572003e-24
895.0791243124312 7.641936618739417e-24
895.178106270627 7.641263274267897e-24
895.2770882288229 7.640590043130868e-24
895.3760701870186 7.639916925301764e-24
895.4750521452145 7.639243920754027e-24
895.5740341034103 7.638571029461094e-24
895.6730160616062 7.637898251396423e-24
895.7719980198019 7.637225586533478e-24
895.8709799779978 7.636553034845723e-24
895.9699619361936 7.635880596306631e-24
896.0689438943895 7.635208270889687e-24
896.1679258525852 7.634536058568378e-24
896.266907810781 7.633863959316202e-24
896.3658897689769 7.633191973106665e-24
896.4648717271726 7.632520099913274e-24
896.5638536853685 7.631848339709548e-24
896.6628356435643 7.631176692469017e-24
896.7618176017602 7.630505158165204e-24
896.8607995599559 7.629833736771654e-24
896.9597815181518 7.629162428261914e-24
897.0587634763476 7.628491232609537e-24
897.1577454345435 7.627820149788084e-24
897.2567273927392 7.627149179771126e-24
897.3557093509351 7.626478322532233e-24
897.4546913091309 7.62580757804499e-24
897.5536732673268 7.62513694628299e-24
897.6526552255225 7.624466427219829e-24
897.7516371837183 7.623796020829106e-24
897.8506191419142 7.62312572708444e-24
897.9496011001099 7.622455545959443e-24
898.0485830583058 7.621785477427742e-24
898.1475650165016 7.621115521462971e-24
898.2465469746975 7.620445678038769e-24
898.3455289328932 7.61977594712879e-24
898.4445108910891 7.619106328706676e-24
898.5434928492849 7.618436822746098e-24
898.6424748074808 7.617767429220722e-24
898.7414567656765 7.617098148104223e-24
898.8404387238724 7.616428979370283e-24
898.9394206820682 7.615759922992593e-24
899.038402640264 7.615090978944852e-24
899.1373845984598 7.614422147200761e-24
899.2363665566556 7.613753427734033e-24
899.3353485148515 7.61308482051839e-24
899.4343304730472 7.612416325527552e-24
899.5333124312431 7.611747942735253e-24
899.6322943894389 7.611079672115238e-24
899.7312763476348 7.610411513641253e-24
899.8302583058305 7.609743467287044e-24
899.9292402640264 7.609075533026383e-24
900.0282222222222 7.60840771083303e-24
900.1272041804181 7.607740000680767e-24
900.2261861386138 7.607072402543379e-24
900.3251680968096 7.60640491639465e-24
900.4241500550055 7.605737542208374e-24
900.5231320132013 7.605070279958366e-24
900.6221139713971 7.604403129618429e-24
900.7210959295929 7.603736091162388e-24
900.8200778877888 7.603069164564057e-24
900.9190598459845 7.602402349797282e-24
901.0180418041804 7.601735646835896e-24
901.1170237623762 7.601069055653748e-24
901.2160057205721 7.600402576224687e-24
901.3149876787678 7.599736208522587e-24
901.4139696369637 7.599069952521302e-24
901.5129515951595 7.59840380819471e-24
901.6119335533554 7.597737775516699e-24
901.7109155115511 7.597071854461157e-24
901.8098974697469 7.596406045001981e-24
901.9088794279428 7.595740347113071e-24
902.0078613861385 7.595074760768344e-24
902.1068433443344 7.594409285941712e-24
902.2058253025302 7.593743922607101e-24
902.3048072607261 7.593078670738444e-24
902.4037892189218 7.592413530309685e-24
902.5027711771177 7.591748501294762e-24
902.6017531353135 7.591083583667636e-24
902.7007350935094 7.590418777402259e-24
902.7997170517051 7.589754082472608e-24
902.898699009901 7.589089498852656e-24
902.9976809680968 7.588425026516377e-24
903.0966629262927 7.587760665437767e-24
903.1956448844884 7.58709641559082e-24
903.2946268426842 7.586432276949541e-24
903.3936088008801 7.585768249487936e-24
903.4925907590758 7.585104333180023e-24
903.5915727172717 7.58444052799983e-24
903.6905546754675 7.583776833921384e-24
903.7895366336634 7.583113250918725e-24
903.8885185918591 7.5824497789659e-24
903.987500550055 7.581786418036958e-24
904.0864825082508 7.581123168105962e-24
904.1854644664467 7.580460029146977e-24
904.2844464246424 7.579797001134077e-24
904.3834283828382 7.579134084041344e-24
904.4824103410341 7.578471277842862e-24
904.58139229923 7.577808582512727e-24
904.6803742574257 7.577145998025044e-24
904.7793562156215 7.576483524353924e-24
904.8783381738174 7.575821161473474e-24
904.9773201320131 7.575158909357824e-24
905.076302090209 7.574496767981101e-24
905.1752840484048 7.573834737317442e-24
905.2742660066007 7.573172817340996e-24
905.3732479647964 7.572511008025908e-24
905.4722299229923 7.571849309346338e-24
905.5712118811881 7.571187721276458e-24
905.670193839384 7.57052624379043e-24
905.7691757975797 7.569864876862437e-24
905.8681577557755 7.569203620466671e-24
905.9671397139714 7.568542474577315e-24
906.0661216721672 7.56788143916858e-24
906.165103630363 7.567220514214666e-24
906.2640855885588 7.566559699689791e-24
906.3630675467547 7.565898995568178e-24
906.4620495049504 7.565238401824052e-24
906.5610314631463 7.564577918431651e-24
906.6600134213421 7.563917545365213e-24
906.758995379538 7.56325728259899e-24
906.8579773377337 7.562597130107244e-24
906.9569592959296 7.561937087864232e-24
907.0559412541254 7.56127715584423e-24
907.1549232123213 7.56061733402151e-24
907.253905170517 7.559957622370362e-24
907.3528871287128 7.559298020865074e-24
907.4518690869087 7.558638529479945e-24
907.5508510451045 7.557979148189283e-24
907.6498330033003 7.557319876967398e-24
907.7488149614961 7.556660715788608e-24
907.847796919692 7.556001664627246e-24
907.9467788778877 7.555342723457641e-24
908.0457608360836 7.554683892254138e-24
908.1447427942794 7.554025170991078e-24
908.2437247524753 7.553366559642821e-24
908.342706710671 7.552708058183728e-24
908.4416886688668 7.552049666588165e-24
908.5406706270627 7.55139138483051e-24
908.6396525852585 7.550733212885142e-24
908.7386345434543 7.550075150726458e-24
908.8376165016501 7.549417198328847e-24
908.936598459846 7.548759355666719e-24
909.0355804180417 7.548101622714478e-24
909.1345623762376 7.547443999446545e-24
909.2335443344334 7.546786485837347e-24
909.3325262926293 7.54612908186131e-24
909.431508250825 7.545471787492877e-24
909.5304902090209 7.544814602706492e-24
909.6294721672167 7.544157527476605e-24
909.7284541254126 7.543500561777677e-24
909.8274360836083 7.542843705584175e-24
909.9264180418041 7.542186958870575e-24
910.0254 7.541530321611352e-24
910.1243819581958 7.540873793780997e-24
910.2233639163916 7.540217375354e-24
910.3223458745874 7.539561066304869e-24
910.4213278327833 7.538904866608104e-24
910.520309790979 7.538248776238226e-24
910.6192917491749 7.537592795169751e-24
910.7182737073707 7.53693692337722e-24
910.8172556655666 7.536281160835153e-24
910.9162376237623 7.535625507518102e-24
911.0152195819581 7.534969963400615e-24
911.114201540154 7.534314528457252e-24
911.2131834983498 7.53365920266257e-24
911.3121654565456 7.533003985991146e-24
911.4111474147414 7.532348878417556e-24
911.5101293729373 7.531693879916379e-24
911.6091113311331 7.531038990462214e-24
911.7080932893289 7.530384210029652e-24
911.8070752475247 7.529729538593307e-24
911.9060572057206 7.529074976127781e-24
912.0050391639163 7.528420522607705e-24
912.1040211221122 7.527766178007695e-24
912.203003080308 7.52711194230239e-24
912.3019850385039 7.526457815466424e-24
912.4009669966996 7.525803797474453e-24
912.4999489548954 7.525149888301119e-24
912.5989309130913 7.524496087921089e-24
912.6979128712871 7.523842396309034e-24
912.7968948294829 7.523188813439625e-24
912.8958767876787 7.522535339287541e-24
912.9948587458746 7.521881973827474e-24
913.0938407040704 7.521228717034115e-24
913.1928226622662 7.520575568882173e-24
913.291804620462 7.51992252934635e-24
913.3907865786579 7.519269598401367e-24
913.4897685368536 7.518616776021942e-24
913.5887504950495 7.51796406218281e-24
913.6877324532453 7.517311456858706e-24
913.7867144114412 7.51665896002437e-24
913.8856963696369 7.516006571654556e-24
913.9846783278327 7.515354291724023e-24
914.0836602860286 7.514702120207529e-24
914.1826422442244 7.51405005707985e-24
914.2816242024202 7.513398102315764e-24
914.380606160616 7.512746255890055e-24
914.4795881188119 7.512094517777513e-24
914.5785700770077 7.511442887952937e-24
914.6775520352035 7.510791366391137e-24
914.7765339933993 7.510139953066921e-24
914.8755159515952 7.509488647955109e-24
914.9744979097909 7.508837451030531e-24
915.0734798679867 7.508186362268008e-24
915.1724618261826 7.507535381642396e-24
915.2714437843784 7.506884509128533e-24
915.3704257425742 7.506233744701273e-24
915.46940770077 7.505583088335478e-24
915.5683896589659 7.504932540006014e-24
915.6673716171617 7.504282099687757e-24
915.7663535753575 7.503631767355589e-24
915.8653355335533 7.502981542984398e-24
915.9643174917492 7.502331426549075e-24
916.063299449945 7.501681418024521e-24
916.1622814081408 7.501031517385653e-24
916.2612633663366 7.500381724607376e-24
916.3602453245325 7.499732039664625e-24
916.4592272827282 7.499082462532315e-24
916.558209240924 7.498432993185391e-24
916.6571911991199 7.497783631598792e-24
916.7561731573157 7.497134377747468e-24
916.8551551155115 7.49648523160638e-24
916.9541370737073 7.495836193150482e-24
917.0531190319032 7.495187262354755e-24
917.152100990099 7.49453843919417e-24
917.2510829482948 7.493889723643716e-24
917.3500649064906 7.493241115678373e-24
917.4490468646865 7.492592615273152e-24
917.5480288228822 7.491944222403045e-24
917.647010781078 7.491295937043073e-24
917.7459927392739 7.490647759168247e-24
917.8449746974698 7.489999688753597e-24
917.9439566556655 7.489351725774153e-24
918.0429386138613 7.488703870204951e-24
918.1419205720572 7.488056122021038e-24
918.240902530253 7.48740848119747e-24
918.3398844884488 7.486760947709303e-24
918.4388664466446 7.486113521531597e-24
918.5378484048405 7.485466202639435e-24
918.6368303630363 7.48481899100789e-24
918.7358123212321 7.484171886612049e-24
918.8347942794279 7.483524889427006e-24
918.9337762376238 7.482877999427863e-24
919.0327581958195 7.482231216589723e-24
919.1317401540153 7.481584540887699e-24
919.2307221122112 7.480937972296917e-24
919.329704070407 7.480291510792498e-24
919.4286860286028 7.47964515634958e-24
919.5276679867986 7.478998908943303e-24
919.6266499449945 7.47835276854881e-24
919.7256319031903 7.47770673514126e-24
919.8246138613861 7.477060808695813e-24
919.9235958195819 7.476414989187635e-24
920.0225777777778 7.475769276591906e-24
920.1215597359736 7.4751236708838e-24
920.2205416941694 7.474478172038512e-24
920.3195236523652 7.473832780031234e-24
920.418505610561 7.473187494837165e-24
920.5174875687568 7.47254231643152e-24
920.6164695269526 7.471897244789508e-24
920.7154514851485 7.471252279886354e-24
920.8144334433443 7.470607421697289e-24
920.9134154015401 7.469962670197544e-24
921.0123973597359 7.46931802536237e-24
921.1113793179318 7.468673487167007e-24
921.2103612761276 7.46802905558671e-24
921.3093432343234 7.467384730596753e-24
921.4083251925192 7.466740512172397e-24
921.5073071507151 7.466096400288917e-24
921.6062891089109 7.465452394921601e-24
921.7052710671067 7.464808496045738e-24
921.8042530253025 7.464164703636624e-24
921.9032349834984 7.463521017669559e-24
922.0022169416941 7.462877438119859e-24
922.1011988998899 7.462233964962837e-24
922.2001808580858 7.461590598173816e-24
922.2991628162816 7.460947337728131e-24
922.3981447744774 7.460304183601114e-24
922.4971267326732 7.459661135768111e-24
922.5961086908691 7.459018194204472e-24
922.6950906490649 7.45837535888556e-24
922.7940726072607 7.457732629786729e-24
922.8930545654565 7.457090006883355e-24
922.9920365236524 7.45644749015082e-24
923.0910184818482 7.455805079564497e-24
923.190000440044 7.455162775099791e-24
923.2889823982398 7.45452057673209e-24
923.3879643564356 7.453878484436802e-24
923.4869463146314 7.453236498189336e-24
923.5859282728272 7.452594617965109e-24
923.6849102310231 7.45195284373955e-24
923.7838921892189 7.45131117548809e-24
923.8828741474147 7.450669613186167e-24
923.9818561056105 7.450028156809225e-24
924.0808380638064 7.449386806332715e-24
924.1798200220022 7.448745561732092e-24
924.278801980198 7.448104422982828e-24
924.3777839383938 7.44746339006039e-24
924.4767658965897 7.446822462940261e-24
924.5757478547855 7.446181641597923e-24
924.6747298129812 7.445540926008866e-24
924.7737117711771 7.44490031614859e-24
924.8726937293729 7.444259811992604e-24
924.9716756875687 7.443619413516414e-24
925.0706576457645 7.442979120695545e-24
925.1696396039604 7.442338933505514e-24
925.2686215621562 7.44169885192186e-24
925.367603520352 7.441058875920124e-24
925.4665854785478 7.440419005475845e-24
925.5655674367437 7.43977924056458e-24
925.6645493949395 7.439139581161885e-24
925.7635313531352 7.438500027243322e-24
925.8625133113311 7.437860578784472e-24
925.961495269527 7.437221235760912e-24
926.0604772277227 7.436581998148222e-24
926.1594591859185 7.435942865921998e-24
926.2584411441144 7.435303839057838e-24
926.3574231023102 7.434664917531351e-24
926.456405060506 7.434026101318144e-24
926.5553870187018 7.433387390393843e-24
926.6543689768977 7.432748784734063e-24
926.7533509350935 7.43211028431445e-24
926.8523328932893 7.431471889110634e-24
926.9513148514851 7.430833599098265e-24
927.050296809681 7.430195414252989e-24
927.1492787678768 7.429557334550473e-24
927.2482607260725 7.42891935996638e-24
927.3472426842684 7.428281490476376e-24
927.4462246424642 7.427643726056152e-24
927.54520660066 7.427006066681385e-24
927.6441885588558 7.426368512327771e-24
927.7431705170517 7.425731062971007e-24
927.8421524752475 7.425093718586802e-24
927.9411344334433 7.424456479150865e-24
928.0401163916391 7.423819344638916e-24
928.139098349835 7.423182315026681e-24
928.2380803080308 7.422545390289892e-24
928.3370622662266 7.421908570404292e-24
928.4360442244224 7.421271855345618e-24
928.5350261826183 7.42063524508963e-24
928.6340081408141 7.419998739612085e-24
928.7329900990098 7.419362338888749e-24
928.8319720572057 7.418726042895389e-24
928.9309540154015 7.418089851607792e-24
929.0299359735973 7.417453765001737e-24
929.1289179317931 7.416817783053017e-24
929.227899889989 7.416181905737433e-24
929.3268818481848 7.415546133030791e-24
929.4258638063806 7.414910464908901e-24
929.5248457645764 7.414274901347583e-24
929.6238277227723 7.413639442322661e-24
929.7228096809681 7.413004087809966e-24
929.8217916391638 7.412368837785338e-24
929.9207735973597 7.411733692224625e-24
930.0197555555555 7.411098651103673e-24
930.1187375137514 7.410463714398343e-24
930.2177194719471 7.409828882084501e-24
930.316701430143 7.409194154138017e-24
930.4156833883388 7.408559530534771e-24
930.5146653465346 7.407925011250643e-24
930.6136473047304 7.407290596261533e-24
930.7126292629263 7.40665628554333e-24
930.8116112211221 7.406022079071946e-24
930.9105931793179 7.405387976823287e-24
931.0095751375137 7.404753978773272e-24
931.1085570957096 7.404120084897827e-24
931.2075390539054 7.403486295172879e-24
931.3065210121011 7.402852609574374e-24
931.405502970297 7.402219028078251e-24
931.5044849284928 7.401585550660456e-24
931.6034668866887 7.400952177296955e-24
931.7024488448844 7.400318907963708e-24
931.8014308030803 7.399685742636685e-24
931.9004127612761 7.399052681291864e-24
931.9993947194719 7.39841972390523e-24
932.0983766776677 7.39778687045277e-24
932.1973586358636 7.397154120910483e-24
932.2963405940594 7.396521475254376e-24
932.3953225522552 7.39588893346045e-24
932.494304510451 7.39525649550473e-24
932.5932864686469 7.394624161363234e-24
932.6922684268427 7.393991931011998e-24
932.7912503850384 7.393359804427054e-24
932.8902323432343 7.392727781584446e-24
932.9892143014301 7.392095862460221e-24
933.088196259626 7.391464047030436e-24
933.1871782178217 7.390832335271159e-24
933.2861601760176 7.390200727158449e-24
933.3851421342134 7.389569222668394e-24
933.4841240924092 7.388937821777063e-24
933.583106050605 7.388306524460559e-24
933.6820880088009 7.387675330694967e-24
933.7810699669967 7.387044240456392e-24
933.8800519251924 7.386413253720943e-24
933.9790338833883 7.385782370464733e-24
934.0780158415841 7.385151590663887e-24
934.17699779978 7.38452091429453e-24
934.2759797579757 7.3838903413328e-24
934.3749617161716 7.383259871754838e-24
934.4739436743674 7.382629505536789e-24
934.5729256325632 7.381999242654812e-24
934.671907590759 7.38136908308506e-24
934.7708895489549 7.380739026803703e-24
934.8698715071507 7.380109073786923e-24
934.9688534653465 7.379479224010892e-24
935.0678354235423 7.378849477451802e-24
935.1668173817382 7.378219834085841e-24
935.265799339934 7.37759029388921e-24
935.3647812981297 7.376960856838122e-24
935.4637632563256 7.376331522908787e-24
935.5627452145214 7.375702292077416e-24
935.6617271727173 7.375073164320246e-24
935.760709130913 7.374444139613512e-24
935.8596910891089 7.373815217933444e-24
935.9586730473047 7.373186399256292e-24
936.0576550055005 7.372557683558307e-24
936.1566369636963 7.371929070815749e-24
936.2556189218922 7.371300561004878e-24
936.354600880088 7.370672154101972e-24
936.4535828382838 7.370043850083313e-24
936.5525647964796 7.369415648925176e-24
936.6515467546755 7.368787550603858e-24
936.7505287128713 7.368159555095655e-24
936.849510671067 7.367531662376875e-24
936.9484926292629 7.36690387242382e-24
937.0474745874587 7.36627618521282e-24
937.1464565456546 7.365648600720185e-24
937.2454385038503 7.365021118922253e-24
937.3444204620462 7.364393739795365e-24
937.443402420242 7.363766463315852e-24
937.5423843784378 7.363139289460078e-24
937.6413663366336 7.362512218204386e-24
937.7403482948295 7.361885249525148e-24
937.8393302530253 7.36125838339873e-24
937.938312211221 7.360631619801508e-24
938.0372941694169 7.360004958709864e-24
938.1362761276127 7.359378400100184e-24
938.2352580858086 7.358751943948868e-24
938.3342400440043 7.358125590232315e-24
938.4332220022002 7.357499338926932e-24
938.532203960396 7.356873190009135e-24
938.6311859185919 7.356247143455347e-24
938.7301678767876 7.355621199241991e-24
938.8291498349835 7.354995357345506e-24
938.9281317931793 7.354369617742329e-24
939.027113751375 7.353743980408908e-24
939.1260957095709 7.35311844532169e-24
939.2250776677668 7.352493012457148e-24
939.3240596259626 7.351867681791737e-24
939.4230415841583 7.35124245330194e-24
939.5220235423542 7.350617326964227e-24
939.62100550055 7.349992302755086e-24
939.7199874587459 7.349367380651006e-24
939.8189694169416 7.348742560628494e-24
939.9179513751375 7.34811784266405e-24
940.0169333333333 7.347493226734182e-24
940.1159152915292 7.34686871281542e-24
940.2148972497249 7.346244300884272e-24
940.3138792079208 7.345619990917277e-24
940.4128611661166 7.344995782890975e-24
940.5118431243123 7.344371676781906e-24
940.6108250825082 7.34374767256662e-24
940.709807040704 7.343123770221672e-24
940.8087889988999 7.34249996972363e-24
940.9077709570956 7.341876271049058e-24
941.0067529152915 7.341252674174538e-24
941.1057348734873 7.340629179076644e-24
941.2047168316832 7.340005785731969e-24
941.3036987898789 7.339382494117113e-24
941.4026807480748 7.33875930420867e-24
941.5016627062706 7.33813621598325e-24
941.6006446644665 7.337513229417467e-24
941.6996266226622 7.336890344487944e-24
941.7986085808581 7.336267561171308e-24
941.8975905390539 7.33564487944419e-24
941.9965724972496 7.335022299283232e-24
942.0955544554455 7.334399820665078e-24
942.1945364136413 7.333777443566384e-24
942.2935183718372 7.333155167963808e-24
942.3925003300329 7.332532993834017e-24
942.4914822882288 7.33191092115368e-24
942.5904642464246 7.331288949899477e-24
942.6894462046205 7.330667080048091e-24
942.7884281628162 7.330045311576219e-24
942.8874101210121 7.329423644460552e-24
942.9863920792079 7.328802078677798e-24
943.0853740374037 7.328180614204668e-24
943.1843559955995 7.327559251017876e-24
943.2833379537954 7.326937989094142e-24
943.3823199119912 7.326316828410202e-24
943.4813018701869 7.325695768942793e-24
943.5802838283828 7.325074810668652e-24
943.6792657865786 7.324453953564528e-24
943.7782477447745 7.323833197607179e-24
943.8772297029702 7.32321254277337e-24
943.9762116611661 7.322591989039858e-24
944.0751936193619 7.321971536383432e-24
944.1741755775578 7.321351184780857e-24
944.2731575357535 7.320730934208928e-24
944.3721394939494 7.32011078464444e-24
944.4711214521452 7.31949073606419e-24
944.570103410341 7.318870788444988e-24
944.6690853685368 7.318250941763639e-24
944.7680673267326 7.317631195996965e-24
944.8670492849285 7.317011551121794e-24
944.9660312431242 7.316392007114958e-24
945.0650132013201 7.315772563953294e-24
945.1639951595159 7.315153221613641e-24
945.2629771177118 7.314533980072855e-24
945.3619590759075 7.313914839307791e-24
945.4609410341034 7.313295799295314e-24
945.5599229922992 7.312676860012297e-24
945.6589049504951 7.312058021435607e-24
945.7578869086908 7.311439283542133e-24
945.8568688668867 7.31082064630876e-24
945.9558508250825 7.310202109712386e-24
946.0548327832782 7.309583673729916e-24
946.1538147414741 7.308965338338248e-24
946.25279669967 7.308347103514306e-24
946.3517786578658 7.307728969235004e-24
946.4507606160615 7.307110935477274e-24
946.5497425742574 7.30649300221804e-24
946.6487245324532 7.305875169434255e-24
946.7477064906491 7.305257437102853e-24
946.8466884488448 7.304639805200788e-24
946.9456704070407 7.304022273705026e-24
947.0446523652365 7.303404842592524e-24
947.1436343234324 7.302787511840257e-24
947.2426162816281 7.302170281425203e-24
947.341598239824 7.30155315132434e-24
947.4405801980198 7.300936121514666e-24
947.5395621562155 7.300319191973171e-24
947.6385441144114 7.299702362676864e-24
947.7375260726072 7.299085633602745e-24
947.8365080308031 7.298469004727837e-24
947.9354899889988 7.29785247602916e-24
948.0344719471947 7.297236047483742e-24
948.1334539053905 7.296619719068614e-24
948.2324358635864 7.296003490760821e-24
948.3314178217821 7.295387362537409e-24
948.430399779978 7.294771334375429e-24
948.5293817381738 7.29415540625194e-24
948.6283636963697 7.293539578144011e-24
948.7273456545654 7.292923850028714e-24
948.8263276127612 7.292308221883121e-24
948.9253095709571 7.291692693684325e-24
949.0242915291528 7.291077265409414e-24
949.1232734873487 7.290461937035483e-24
949.2222554455445 7.289846708539639e-24
949.3212374037404 7.28923157989899e-24
949.4202193619361 7.288616551090653e-24
949.519201320132 7.288001622091742e-24
949.6181832783278 7.287386792879403e-24
949.7171652365237 7.286772063430756e-24
949.8161471947194 7.286157433722951e-24
949.9151291529153 7.285542903733129e-24
950.0141111111111 7.284928473438448e-24
950.113093069307 7.284314142816066e-24
950.2120750275027 7.28369991184315e-24
950.3110569856985 7.283085780496875e-24
950.4100389438944 7.282471748754416e-24
950.5090209020901 7.28185781659296e-24
950.608002860286 7.281243983989697e-24
950.7069848184818 7.280630250921827e-24
950.8059667766777 7.280016617366551e-24
950.9049487348734 7.279403083301082e-24
951.0039306930693 7.278789648702638e-24
951.1029126512651 7.278176313548437e-24
951.201894609461 7.27756307781571e-24
951.3008765676567 7.27694994148169e-24
951.3998585258526 7.276336904523626e-24
951.4988404840484 7.275723966918754e-24
951.5978224422441 7.275111128644338e-24
951.69680440044 7.274498389677634e-24
951.7957863586358 7.273885749995909e-24
951.8947683168317 7.273273209576434e-24
951.9937502750274 7.272660768396494e-24
952.0927322332233 7.27204842643337e-24
952.1917141914191 7.271436183664349e-24
952.290696149615 7.270824040066734e-24
952.3896781078107 7.270211995617828e-24
952.4886600660066 7.269600050294939e-24
952.5876420242024 7.268988204075387e-24
952.6866239823983 7.268376456936496e-24
952.785605940594 7.267764808855588e-24
952.8845878987898 7.267153259810005e-24
952.9835698569857 7.26654180977708e-24
953.0825518151814 7.26593045873417e-24
953.1815337733773 7.265319206658618e-24
953.2805157315731 7.264708053527797e-24
953.379497689769 7.264096999319065e-24
953.4784796479647 7.263486044009794e-24
953.5774616061606 7.262875187577363e-24
953.6764435643564 7.26226442999916e-24
953.7754255225523 7.261653771252573e-24
953.874407480748 7.261043211315001e-24
953.9733894389439 7.260432750163845e-24
954.0723713971397 7.259822387776516e-24
954.1713533553356 7.259212124130431e-24
954.2703353135313 7.258601959203012e-24
954.3693172717271 7.257991892971685e-24
954.468299229923 7.257381925413885e-24
954.5672811881187 7.256772056507055e-24
954.6662631463146 7.25616228622864e-24
954.7652451045104 7.255552614556092e-24
954.8642270627063 7.25494304146687e-24
954.963209020902 7.254333566938444e-24
955.0621909790979 7.253724190948283e-24
955.1611729372937 7.25311491347386e-24
955.2601548954896 7.252505734492665e-24
955.3591368536853 7.251896653982184e-24
955.4581188118811 7.251287671919919e-24
955.557100770077 7.250678788283371e-24
955.6560827282728 7.250070003050042e-24
955.7550646864686 7.249461316197454e-24
955.8540466446644 7.248852727703124e-24
955.9530286028603 7.248244237544584e-24
956.052010561056 7.24763584569936e-24
956.1509925192519 7.247027552144997e-24
956.2499744774477 7.246419356859042e-24
956.3489564356436 7.245811259819043e-24
956.4479383938393 7.245203261002559e-24
956.5469203520352 7.244595360387156e-24
956.645902310231 7.243987557950403e-24
956.7448842684269 7.243379853669877e-24
956.8438662266226 7.24277224752316e-24
956.9428481848184 7.242164739487842e-24
957.0418301430143 7.241557329541513e-24
957.1408121012101 7.240950017661782e-24
957.2397940594059 7.240342803826258e-24
957.3387760176017 7.239735688012541e-24
957.4377579757976 7.23912867019826e-24
957.5367399339933 7.238521750361044e-24
957.6357218921892 7.237914928478519e-24
957.734703850385 7.237308204528324e-24
957.8336858085809 7.236701578488105e-24
957.9326677667766 7.236095050335511e-24
958.0316497249725 7.235488620048198e-24
958.1306316831683 7.234882287603828e-24
958.2296136413642 7.234276052980068e-24
958.3285955995599 7.233669916154604e-24
958.4275775577557 7.233063877105105e-24
958.5265595159516 7.232457935809263e-24
958.6255414741474 7.23185209224477e-24
958.7245234323432 7.231246346389327e-24
958.823505390539 7.230640698220639e-24
958.9224873487349 7.230035147716416e-24
959.0214693069306 7.229429694854373e-24
959.1204512651265 7.228824339612245e-24
959.2194332233223 7.228219081967749e-24
959.3184151815182 7.227613921898631e-24
959.4173971397139 7.227008859382628e-24
959.5163790979097 7.226403894397492e-24
959.6153610561056 7.225799026920971e-24
959.7143430143014 7.225194256930831e-24
959.8133249724972 7.224589584404838e-24
959.912306930693 7.223985009320763e-24
960.0112888888889 7.223380531656388e-24
960.1102708470846 7.222776151389498e-24
960.2092528052805 7.222171868497876e-24
960.3082347634763 7.22156768295933e-24
960.4072167216722 7.22096359475166e-24
960.5061986798679 7.22035960385267e-24
960.6051806380638 7.219755710240184e-24
960.7041625962596 7.219151913892019e-24
960.8031445544555 7.218548214785999e-24
960.9021265126512 7.217944612899965e-24
961.001108470847 7.217341108211753e-24
961.1000904290429 7.216737700699212e-24
961.1990723872387 7.21613439034019e-24
961.2980543454345 7.215531177112545e-24
961.3970363036303 7.214928060994146e-24
961.4960182618262 7.214325041962858e-24
961.5950002200219 7.213722119996561e-24
961.6939821782178 7.21311929507314e-24
961.7929641364136 7.212516567170473e-24
961.8919460946095 7.211913936266467e-24
961.9909280528052 7.211311402339014e-24
962.089910011001 7.210708965366023e-24
962.1888919691969 7.210106625325411e-24
962.2878739273928 7.209504382195092e-24
962.3868558855885 7.208902235952991e-24
962.4858378437843 7.208300186577044e-24
962.5848198019802 7.207698234045181e-24
962.683801760176 7.20709637833535e-24
962.7827837183718 7.206494619425502e-24
962.8817656765676 7.205892957293583e-24
962.9807476347635 7.205291391917566e-24
963.0797295929592 7.204689923275408e-24
963.1787115511551 7.20408855134509e-24
963.2776935093509 7.203487276104588e-24
963.3766754675468 7.202886097531888e-24
963.4756574257425 7.202285015604986e-24
963.5746393839383 7.201684030301869e-24
963.6736213421342 7.20108314160055e-24
963.77260330033 7.200482349479036e-24
963.8715852585258 7.199881653915341e-24
963.9705672167216 7.199281054887492e-24
964.0695491749175 7.198680552373511e-24
964.1685311331133 7.198080146351432e-24
964.2675130913091 7.197479836799298e-24
964.3664950495049 7.196879623695151e-24
964.4654770077008 7.196279507017049e-24
964.5644589658965 7.195679486743045e-24
964.6634409240924 7.195079562851206e-24
964.7624228822882 7.194479735319603e-24
964.861404840484 7.193880004126305e-24
964.9603867986798 7.1932803692494e-24
965.0593687568756 7.192680830666972e-24
965.1583507150715 7.192081388357123e-24
965.2573326732673 7.191482042297943e-24
965.3563146314631 7.190882792467547e-24
965.4552965896589 7.190283638844041e-24
965.5542785478548 7.189684581405546e-24
965.6532605060506 7.189085620130186e-24
965.7522424642464 7.18848675499609e-24
965.8512244224422 7.187887985981397e-24
965.9502063806381 7.187289313064243e-24
966.0491883388338 7.186690736222782e-24
966.1481702970297 7.18609225543517e-24
966.2471522552255 7.185493870679565e-24
966.3461342134214 7.184895581934125e-24
966.4451161716171 7.184297389177032e-24
966.5440981298129 7.183699292386463e-24
966.6430800880088 7.183101291540599e-24
966.7420620462046 7.18250338661763e-24
966.8410440044004 7.181905577595754e-24
966.9400259625962 7.181307864453177e-24
967.0390079207921 7.1807102471681e-24
967.1379898789879 7.18011272571874e-24
967.2369718371837 7.17951530008332e-24
967.3359537953795 7.178917970240063e-24
967.4349357535754 7.178320736167198e-24
967.5339177117711 7.17772359784297e-24
967.632899669967 7.17712655524562e-24
967.7318816281628 7.176529608353396e-24
967.8308635863586 7.175932757144556e-24
967.9298455445544 7.175336001597365e-24
968.0288275027502 7.174739341690082e-24
968.1278094609461 7.174142777400991e-24
968.2267914191419 7.173546308708365e-24
968.3257733773377 7.172949935590494e-24
968.4247553355335 7.172353658025665e-24
968.5237372937294 7.171757475992177e-24
968.6227192519251 7.171161389468343e-24
968.721701210121 7.17056539843246e-24
968.8206831683168 7.169969502862848e-24
968.9196651265127 7.169373702737829e-24
969.0186470847084 7.168777998035732e-24
969.1176290429042 7.168182388734891e-24
969.2166110011001 7.167586874813642e-24
969.3155929592959 7.166991456250332e-24
969.4145749174917 7.166396133023311e-24
969.5135568756875 7.165800905110942e-24
969.6125388338834 7.165205772491581e-24
969.7115207920792 7.164610735143602e-24
969.810502750275 7.164015793045379e-24
969.9094847084708 7.16342094617529e-24
970.0084666666667 7.162826194511722e-24
970.1074486248624 7.162231538033076e-24
970.2064305830582 7.16163697671774e-24
970.3054125412541 7.161042510544126e-24
970.40439449945 7.160448139490644e-24
970.5033764576457 7.159853863535706e-24
970.6023584158415 7.159259682657744e-24
970.7013403740374 7.158665596835175e-24
970.8003223322332 7.15807160604644e-24
970.899304290429 7.157477710269979e-24
970.9982862486248 7.156883909484236e-24
971.0972682068207 7.156290203667667e-24
971.1962501650165 7.155696592798728e-24
971.2952321232123 7.155103076855876e-24
971.3942140814081 7.1545096558176e-24
971.493196039604 7.153916329662352e-24
971.5921779977997 7.15332309836863e-24
971.6911599559955 7.15272996191492e-24
971.7901419141914 7.152136920279707e-24
971.8891238723872 7.151543973441498e-24
971.988105830583 7.150951121378798e-24
972.0870877887788 7.150358364070116e-24
972.1860697469747 7.149765701493974e-24
972.2850517051705 7.149173133628883e-24
972.3840336633663 7.148580660453388e-24
972.4830156215621 7.147988281946012e-24
972.581997579758 7.1473959980853e-24
972.6809795379538 7.1468038088498e-24
972.7799614961496 7.146211714218058e-24
972.8789434543454 7.145619714168643e-24
972.9779254125413 7.145027808680111e-24
973.076907370737 7.144435997731039e-24
973.1758893289328 7.143844281299997e-24
973.2748712871287 7.143252659365565e-24
973.3738532453245 7.142661131906342e-24
973.4728352035203 7.142069698900912e-24
973.5718171617161 7.141478360327877e-24
973.670799119912 7.140887116165844e-24
973.7697810781078 7.140295966393418e-24
973.8687630363036 7.13970491098923e-24
973.9677449944994 7.139113949931891e-24
974.0667269526953 7.138523083200034e-24
974.1657089108911 7.137932310772294e-24
974.2646908690868 7.137341632627309e-24
974.3636728272827 7.136751048743735e-24
974.4626547854785 7.136160559100213e-24
974.5616367436743 7.135570163675408e-24
974.6606187018701 7.13497986244798e-24
974.759600660066 7.1343896553966e-24
974.8585826182618 7.133799542499946e-24
974.9575645764576 7.1332095237367e-24
975.0565465346534 7.132619599085545e-24
975.1555284928493 7.132029768525184e-24
975.2545104510451 7.131440032034308e-24
975.3534924092409 7.130850389591624e-24
975.4524743674367 7.130260841175843e-24
975.5514563256326 7.129671386765684e-24
975.6504382838284 7.129082026339865e-24
975.7494202420241 7.12849275987712e-24
975.84840220022 7.127903587356181e-24
975.9473841584158 7.127314508755786e-24
976.0463661166116 7.126725524054689e-24
976.1453480748074 7.126136633231628e-24
976.2443300330033 7.125547836265374e-24
976.3433119911991 7.124959133134685e-24
976.4422939493949 7.124370523818328e-24
976.5412759075907 7.123782008295084e-24
976.6402578657866 7.123193586543731e-24
976.7392398239824 7.122605258543058e-24
976.8382217821782 7.122017024271855e-24
976.937203740374 7.121428883708917e-24
977.0361856985699 7.120840836833058e-24
977.1351676567656 7.12025288362308e-24
977.2341496149614 7.119665024057802e-24
977.3331315731573 7.119077258116045e-24
977.4321135313531 7.118489585776637e-24
977.5310954895489 7.117902007018415e-24
977.6300774477447 7.117314521820212e-24
977.7290594059406 7.116727130160877e-24
977.8280413641364 7.116139832019261e-24
977.9270233223322 7.115552627374217e-24
978.026005280528 7.11496551620461e-24
978.1249872387239 7.11437849848931e-24
978.2239691969197 7.113791574207189e-24
978.3229511551154 7.113204743337128e-24
978.4219331133113 7.112618005858009e-24
978.5209150715071 7.112031361748727e-24
978.6198970297029 7.111444810988181e-24
978.7188789878987 7.110858353555269e-24
978.8178609460946 7.110271989428904e-24
978.9168429042904 7.109685718587999e-24
979.0158248624862 7.109099541011477e-24
979.114806820682 7.108513456678258e-24
979.2137887788779 7.107927465567276e-24
979.3127707370737 7.107341567657477e-24
979.4117526952695 7.106755762927794e-24
979.5107346534653 7.106170051357181e-24
979.6097166116612 7.10558443292459e-24
979.708698569857 7.104998907608986e-24
979.8076805280527 7.104413475389336e-24
979.9066624862486 7.103828136244609e-24
980.0056444444444 7.103242890153786e-24
980.1046264026402 7.10265773709585e-24
980.203608360836 7.10207267704979e-24
980.3025903190319 7.101487709994601e-24
980.4015722772277 7.100902835909287e-24
980.5005542354235 7.100318054772853e-24
980.5995361936193 7.099733366564312e-24
980.6985181518152 7.099148771262682e-24
980.797500110011 7.098564268846986e-24
980.8964820682068 7.097979859296261e-24
980.9954640264026 7.097395542589537e-24
981.0944459845985 7.096811318705852e-24
981.1934279427943 7.096227187624262e-24
981.29240990099 7.095643149323816e-24
981.3913918591859 7.095059203783575e-24
981.4903738173817 7.094475350982596e-24
981.5893557755775 7.093891590899958e-24
981.6883377337733 7.093307923514736e-24
981.7873196919692 7.092724348806008e-24
981.886301650165 7.092140866752862e-24
981.9852836083608 7.091557477334397e-24
982.0842655665566 7.090974180529703e-24
982.1832475247525 7.09039097631789e-24
982.2822294829483 7.089807864678072e-24
982.381211441144 7.089224845589357e-24
982.4801933993399 7.088641919030873e-24
982.5791753575357 7.088059084981746e-24
982.6781573157316 7.087476343421112e-24
982.7771392739273 7.086893694328105e-24
982.8761212321232 7.086311137681872e-24
982.975103190319 7.085728673461564e-24
983.0740851485148 7.08514630164634e-24
983.1730671067106 7.084564022215358e-24
983.2720490649065 7.083981835147788e-24
983.3710310231023 7.083399740422801e-24
983.470012981298 7.08281773801958e-24
983.5689949394939 7.082235827917307e-24
983.6679768976898 7.081654010095175e-24
983.7669588558856 7.081072284532378e-24
983.8659408140813 7.080490651208121e-24
983.9649227722772 7.079909110101609e-24
984.063904730473 7.07932766119205e-24
984.1628866886688 7.078746304458678e-24
984.2618686468646 7.078165039880705e-24
984.3608506050605 7.077583867437366e-24
984.4598325632563 7.077002787107895e-24
984.5588145214521 7.076421798871542e-24
984.6577964796479 7.075840902707546e-24
984.7567784378438 7.075260098595163e-24
984.8557603960396 7.074679386513651e-24
984.9547423542353 7.07409876644228e-24
985.0537243124312 7.073518238360314e-24
985.152706270627 7.072937802247027e-24
985.2516882288229 7.07235745808171e-24
985.3506701870186 7.071777205843647e-24
985.4496521452145 7.07119704551213e-24
985.5486341034103 7.070616977066453e-24
985.6476160616061 7.070037000485929e-24
985.7465980198019 7.069457115749862e-24
985.8455799779978 7.068877322837572e-24
985.9445619361936 7.06829762172838e-24
986.0435438943894 7.067718012401611e-24
986.1425258525852 7.067138494836601e-24
986.2415078107811 7.066559069012684e-24
986.3404897689769 7.06597973490921e-24
986.4394717271726 7.065400492505524e-24
986.5384536853685 7.064821341780984e-24
986.6374356435643 7.06424228271495e-24
986.7364176017602 7.063663315286791e-24
986.8353995599559 7.063084439475877e-24
986.9343815181518 7.062505655261589e-24
987.0333634763476 7.061926962623308e-24
987.1323454345434 7.061348361540425e-24
987.2313273927392 7.060769851992335e-24
987.3303093509351 7.060191433958437e-24
987.4292913091309 7.059613107418143e-24
987.5282732673267 7.05903487235086e-24
987.6272552255225 7.058456728736006e-24
987.7262371837184 7.057878676553007e-24
987.8252191419142 7.057300715781291e-24
987.9242011001099 7.05672284640029e-24
988.0231830583058 7.056145068389454e-24
988.1221650165016 7.055567381728215e-24
988.2211469746975 7.054989786396032e-24
988.3201289328932 7.054412282372365e-24
988.4191108910891 7.05383486963667e-24
988.5180928492849 7.053257548168421e-24
988.6170748074807 7.052680317947091e-24
988.7160567656765 7.052103178952159e-24
988.8150387238724 7.051526131163108e-24
988.9140206820682 7.050949174559435e-24
989.013002640264 7.050372309120633e-24
989.1119845984598 7.049795534826204e-24
989.2109665566556 7.049218851655659e-24
989.3099485148515 7.048642259588504e-24
989.4089304730472 7.04806575860427e-24
989.5079124312431 7.047489348682469e-24
989.6068943894389 7.04691302980264e-24
989.7058763476348 7.046336801944321e-24
989.8048583058305 7.045760665087037e-24
989.9038402640264 7.045184619210358e-24
990.0028222222222 7.044608664293823e-24
990.101804180418 7.044032800316995e-24
990.2007861386138 7.043457027259432e-24
990.2997680968097 7.042881345100715e-24
990.3987500550055 7.04230575382041e-24
990.4977320132012 7.041730253398102e-24
990.5967139713971 7.041154843813373e-24
990.695695929593 7.040579525045819e-24
990.7946778877888 7.040004297075036e-24
990.8936598459845 7.039429159880633e-24
990.9926418041804 7.038854113442208e-24
991.0916237623762 7.038279157739382e-24
991.1906057205721 7.037704292751776e-24
991.2895876787678 7.037129518459015e-24
991.3885696369637 7.036554834840726e-24
991.4875515951595 7.035980241876548e-24
991.5865335533553 7.035405739546128e-24
991.6855155115511 7.03483132782911e-24
991.784497469747 7.034257006705147e-24
991.8834794279428 7.033682776153899e-24
991.9824613861385 7.033108636155028e-24
992.0814433443344 7.032534586688209e-24
992.1804253025302 7.031960627733115e-24
992.2794072607261 7.031386759269425e-24
992.3783892189218 7.030812981276834e-24
992.4773711771177 7.030239293735029e-24
992.5763531353135 7.029665696623708e-24
992.6753350935093 7.029092189922573e-24
992.7743170517051 7.028518773611342e-24
992.873299009901 7.027945447669715e-24
992.9722809680968 7.027372212077426e-24
993.0712629262925 7.026799066814194e-24
993.1702448844884 7.026226011859753e-24
993.2692268426842 7.025653047193835e-24
993.3682088008801 7.025080172796195e-24
993.4671907590758 7.024507388646567e-24
993.5661727172717 7.023934694724712e-24
993.6651546754675 7.023362091010387e-24
993.7641366336634 7.02278957748336e-24
993.8631185918591 7.022217154123395e-24
993.962100550055 7.021644820910277e-24
994.0610825082508 7.02107257782378e-24
994.1600644664466 7.020500424843692e-24
994.2590464246424 7.019928361949812e-24
994.3580283828383 7.019356389121928e-24
994.4570103410341 7.01878450633985e-24
994.5559922992298 7.018212713583385e-24
994.6549742574257 7.017641010832351e-24
994.7539562156215 7.01706939806656e-24
994.8529381738174 7.016497875265847e-24
994.9519201320131 7.015926442410041e-24
995.050902090209 7.015355099478976e-24
995.1498840484048 7.014783846452495e-24
995.2488660066007 7.014212683310444e-24
995.3478479647964 7.013641610032683e-24
995.4468299229923 7.013070626599062e-24
995.5458118811881 7.012499732989456e-24
995.6447938393839 7.011928929183724e-24
995.7437757975797 7.01135821516175e-24
995.8427577557756 7.010787590903409e-24
995.9417397139714 7.01021705638859e-24
996.0407216721671 7.009646611597188e-24
996.139703630363 7.009076256509095e-24
996.2386855885588 7.008505991104215e-24
996.3376675467547 7.007935815362457e-24
996.4366495049504 7.007365729263738e-24
996.5356314631463 7.006795732787975e-24
996.6346134213421 7.006225825915092e-24
996.733595379538 7.005656008625024e-24
996.8325773377337 7.0050862808977e-24
996.9315592959296 7.004516642713066e-24
997.0305412541254 7.003947094051069e-24
997.1295232123211 7.003377634891663e-24
997.228505170517 7.002808265214798e-24
997.3274871287128 7.002238985000449e-24
997.4264690869087 7.001669794228579e-24
997.5254510451044 7.001100692879159e-24
997.6244330033003 7.000531680932177e-24
997.7234149614961 6.99996275836761e-24
997.822396919692 6.999393925165453e-24
997.9213788778877 6.998825181305708e-24
998.0203608360836 6.998256526768363e-24
998.1193427942794 6.997687961533437e-24
998.2183247524753 6.997119485580941e-24
998.317306710671 6.996551098890896e-24
998.4162886688669 6.995982801443313e-24
998.5152706270627 6.995414593218235e-24
998.6142525852584 6.994846474195691e-24
998.7132345434543 6.994278444355718e-24
998.8122165016501 6.993710503678372e-24
998.911198459846 6.99314265214369e-24
999.0101804180417 6.99257488973174e-24
999.1091623762376 6.992007216422582e-24
999.2081443344334 6.99143963219628e-24
999.3071262926293 6.990872137032907e-24
999.406108250825 6.990304730912543e-24
999.5050902090209 6.989737413815274e-24
999.6040721672167 6.989170185721188e-24
999.7030541254126 6.988603046610376e-24
999.8020360836083 6.988035996462944e-24
999.9010180418042 6.987469035258994e-24
1000.0 6.986902162978641e-24
