0.0 0.0
12.9069 0.0
13.005619181918192 1.825300226975385e-24
13.104338363836384 3.7263702028143126e-23
13.203057545754575 1.0123984754766672e-22
13.301776727672767 1.8926907738649353e-22
13.40049590959096 2.9739385696254113e-22
13.499215091509152 4.2212693716298416e-22
13.597934273427343 5.604005270236274e-22
13.696653455345535 7.095208357143866e-22
13.795372637263727 8.671274115926724e-22
13.894091819181918 1.031156768582203e-21
13.99281100110011 1.1998098455788574e-21
14.091530183018302 1.3715228938059397e-21
14.190249364936493 1.5449414307603177e-21
14.288968546854687 1.718896938247436e-21
14.387687728772878 1.8923860165544773e-21
14.48640691069107 2.064551737554529e-21
14.585126092609261 2.234666966901265e-21
14.683845274527453 2.4021194498478162e-21
14.782564456445645 2.566398476945579e-21
14.881283638363836 2.7270829652425747e-21
14.980002820282028 2.88383080787599e-21
15.07872200220022 3.0363693603664614e-21
15.177441184118411 3.1844869456857e-21
15.276160366036603 3.3280252724614645e-21
15.374879547954796 3.466872671666502e-21
15.473598729872988 3.6009580669592434e-21
15.57231791179118 3.730245602626976e-21
15.671037093709371 3.854729860934583e-21
15.769756275627563 3.974431607718841e-21
15.868475457545754 4.0893940113599095e-21
15.967194639463948 4.199679285903109e-21
16.06591382138214 4.305365714154566e-21
16.16463300330033 4.406545011102387e-21
16.263352185218523 4.5033199920752276e-21
16.362071367136714 4.595802513688728e-21
16.460790549054906 4.684111658897607e-21
16.559509730973097 4.7683721404004465e-21
16.65822891289129 4.848712899273653e-21
16.75694809480948 4.9252658780735916e-21
16.855667276727672 4.99816494976356e-21
16.954386458645864 5.067544985728953e-21
17.053105640564056 5.1335410478524214e-21
17.151824822482247 5.1962876911585776e-21
17.25054400440044 5.2559183649190185e-21
17.34926318631863 5.312564901348701e-21
17.447982368236822 5.36635708214215e-21
17.546701550155014 5.417422274099513e-21
17.645420732073205 5.465885125995329e-21
17.7441399139914 5.511867319653038e-21
17.842859095909592 5.555487368918932e-21
17.941578277827784 5.596860460883198e-21
18.040297459745975 5.636098334286803e-21
18.139016641664167 5.673309190582866e-21
18.23773582358236 5.708597633598571e-21
18.33645500550055 5.742064634171169e-21
18.435174187418742 5.77380751651945e-21
18.533893369336933 5.8039199634571134e-21
18.632612551255125 5.832492037866559e-21
18.731331733173317 5.8596102181328576e-21
18.83005091509151 5.8853574454875776e-21
18.9287700970097 5.909813181440729e-21
19.027489278927895 5.933053473680252e-21
19.126208460846087 5.9551510290021084e-21
19.22492764276428 5.976175291998473e-21
19.32364682468247 5.9961925283768766e-21
19.42236600660066 6.015265911916755e-21
19.521085188518853 6.0334556141877345e-21
19.619804370437045 6.050818896259065e-21
19.718523552355236 6.067410201726678e-21
19.817242734273428 6.0832812504668306e-21
19.91596191619162 6.0984811326035654e-21
20.01468109810981 6.113056402244216e-21
20.113400280028003 6.127051170597787e-21
20.212119461946195 6.140507198146142e-21
20.310838643864386 6.153463985585002e-21
20.409557825782578 6.165958863296245e-21
20.50827700770077 6.1780270791500404e-21
20.60699618961896 6.1897018844700346e-21
20.705715371537153 6.201014618025017e-21
20.804434553455344 6.211994787936724e-21
20.903153735373536 6.2226701514174635e-21
21.001872917291728 6.233066792272121e-21
21.10059209920992 6.243209196116662e-21
21.19931128112811 6.253120323282774e-21
21.298030463046302 6.262821679390701e-21
21.396749644964494 6.2723333835857775e-21
21.49546882688269 6.281674234444559e-21
21.59418800880088 6.290861773565134e-21
21.692907190719072 6.299912346864654e-21
21.791626372637264 6.308841163614507e-21
21.890345554555456 6.317662353247279e-21
21.989064736473647 6.3263890199770814e-21
22.08778391839184 6.3350332952766405e-21
22.18650310031003 6.343606388259988e-21
22.285222282228222 6.352118634019564e-21
22.383941464146414 6.360579539971503e-21
22.48266064606461 6.368997830262686e-21
22.5813798279828 6.377381488294856e-21
22.680099009900992 6.3857377974216335e-21
22.778818191819184 6.3940733798755475e-21
22.877537373737376 6.402394233981135e-21
22.976256555655567 6.410705769710744e-21
23.07497573757376 6.419012842639771e-21
23.17369491949195 6.4273197863565375e-21
23.272414101410142 6.4356304433820035e-21
23.371133283328334 6.443948194653427e-21
23.469852465246525 6.4522759876257934e-21
23.568571647164717 6.460616363042161e-21
23.66729082908291 6.4689714804253424e-21
23.7660100110011 6.477343142339811e-21
23.86472919291929 6.485732817472988e-21
23.963448374837483 6.494141662583214e-21
24.062167556755675 6.502570543360683e-21
24.160886738673867 6.511020054245659e-21
24.25960592059206 6.519490537247867e-21
24.35832510251025 6.52798209980887e-21
24.45704428442844 6.536494631748017e-21
24.555763466346633 6.54502782133189e-21
24.654482648264825 6.553581170504454e-21
24.753201830183016 6.56215400931548e-21
24.851921012101208 6.5707455095819206e-21
24.9506401940194 6.5793546978170115e-21
25.04935937593759 6.5879804674594425e-21
25.148078557855786 6.596621590434822e-21
25.246797739773978 6.6052767280791844e-21
25.34551692169217 6.6139444414547175e-21
25.44423610361036 6.6226232010849184e-21
25.542955285528553 6.631311396136968e-21
25.641674467446745 6.64000734307686e-21
25.740393649364936 6.648709293822303e-21
25.839112831283128 6.6574154434174484e-21
25.93783201320132 6.666123937251819e-21
26.036551195119515 6.67483287784631e-21
26.135270377037706 6.6835403312262605e-21
26.233989558955898 6.692244332902518e-21
26.33270874087409 6.700942893479371e-21
26.43142792279228 6.709634003907873e-21
26.530147104710473 6.7183156404024724e-21
26.628866286628664 6.726985769037414e-21
26.727585468546856 6.735642350039099e-21
26.826304650465048 6.744283341790512e-21
26.92502383238324 6.752906704561415e-21
27.02374301430143 6.7615104039791076e-21
27.122462196219622 6.770092414252991e-21
27.221181378137814 6.778650721165787e-21
27.319900560056006 6.787183324843621e-21
27.418619741974197 6.795688242316689e-21
27.51733892389239 6.80416350988177e-21
27.61605810581058 6.812607185276859e-21
27.714777287728772 6.821017349678681e-21
27.813496469646964 6.829392109532156e-21
27.912215651565155 6.837729598221295e-21
28.010934833483347 6.84602797759028e-21
28.10965401540154 6.854285439323218e-21
28.20837319731973 6.862500206190176e-21
28.307092379237922 6.870670533167585e-21
28.405811561156113 6.878794708439556e-21
28.504530743074305 6.886871054287756e-21
28.603249924992497 6.894897927875799e-21
28.701969106910692 6.902873721934556e-21
28.800688288828884 6.910796865354261e-21
28.899407470747075 6.91866582368915e-21
28.998126652665267 6.926479099579825e-21
29.09684583458346 6.934235233098488e-21
29.19556501650165 6.941932802021759e-21
29.29428419841984 6.949570422035929e-21
29.393003380338033 6.957146746878545e-21
29.491722562256225 6.964660468420948e-21
29.590441744174417 6.972110316695357e-21
29.689160926092608 6.979495059870161e-21
29.7878801080108 6.986813504177332e-21
29.88659928992899 6.994064493794708e-21
29.985318471847183 7.00124691068707e-21
30.084037653765378 7.008359674408019e-21
30.18275683568357 7.015401741866627e-21
30.28147601760176 7.022372107060547e-21
30.380195199519953 7.029269800778695e-21
30.478914381438145 7.036093890275874e-21
30.577633563356336 7.042843478921302e-21
30.676352745274528 7.049517705823586e-21
30.77507192719272 7.056115745433857e-21
30.87379110911091 7.062636807129194e-21
30.972510291029103 7.069080134778123e-21
31.071229472947294 7.075445006289648e-21
31.169948654865486 7.081730733148022e-21
31.268667836783678 7.087936659933976e-21
31.36738701870187 7.094062163834542e-21
31.46610620062006 7.10010665414246e-21
31.564825382538253 7.106069571746545e-21
31.663544564456444 7.111950388614127e-21
31.762263746374636 7.117748607266891e-21
31.860982928292827 7.123463760250805e-21
31.959702110211023 7.129095409601688e-21
32.05842129212921 7.134643146306695e-21
32.15714047404741 7.14010658976312e-21
32.255859655965594 7.145485387235112e-21
32.35457883788379 7.150779213308991e-21
32.45329801980198 7.15598776934808e-21
32.552017201720176 7.161110782947574e-21
32.65073638363836 7.166148007390217e-21
32.74945556555656 7.171099221102938e-21
32.848174747474744 7.175964227115865e-21
32.94689392939294 7.18074285252316e-21
33.04561311131113 7.185434947946843e-21
33.144332293229326 7.190040387003934e-21
33.24305147514751 7.194559065777134e-21
33.34177065706571 7.198990902289452e-21
33.44048983898389 7.20333583598323e-21
33.53920902090209 7.207593827203866e-21
33.63792820282028 7.211764856688375e-21
33.736647384738475 7.215848925059198e-21
33.83536656665667 7.219846052323448e-21
33.93408574857486 7.223756277377805e-21
34.03280493049305 7.227579657519284e-21
34.13152411241124 7.231316267961966e-21
34.23024329432943 7.234966201359953e-21
34.328962476247625 7.238529567336739e-21
34.42768165816582 7.242006492020864e-21
34.52640084008401 7.245397117588259e-21
34.6251200220022 7.248701601811177e-21
34.72383920392039 7.251920117613948e-21
34.82255838583858 7.255052852635464e-21
34.921277567756775 7.2581000087985e-21
35.01999674967497 7.261061801886172e-21
35.11871593159316 7.263938461124934e-21
35.21743511351135 7.266730228775003e-21
35.31615429542954 7.269437359727452e-21
35.41487347734773 7.272060121108438e-21
35.513592659265925 7.274598791890374e-21
35.61231184118412 7.277053662510105e-21
35.71103102310231 7.279425034494125e-21
35.80975020502051 7.281713220090592e-21
35.90846938693869 7.28391854190842e-21
36.00718856885689 7.28604133256318e-21
36.105907750775074 7.288081934329849e-21
36.20462693269327 7.290040698802427e-21
36.30334611461146 7.291917986560251e-21
36.402065296529656 7.29371416684103e-21
36.50078447844784 7.295429617220592e-21
36.59950366036604 7.297064723299116e-21
36.698222842284224 7.298619878393977e-21
36.79694202420242 7.300095483239063e-21
36.89566120612061 7.3014919456904e-21
36.994380388038806 7.3028096804382e-21
37.09309956995699 7.304049108725124e-21
37.19181875187519 7.305210658070672e-21
37.29053793379338 7.306294762001808e-21
37.38925711571157 7.307301859789457e-21
37.487976297629764 7.308232396191e-21
37.586695479547956 7.30908682119875e-21
37.68541466146615 7.309865589793962e-21
37.78413384338434 7.3105691617068e-21
37.88285302530253 7.311198001181753e-21
37.98157220722072 7.311752576748666e-21
38.080291389138914 7.312233360999155e-21
38.179010571057105 7.31264083036846e-21
38.2777297529753 7.312975464922485e-21
38.37644893489349 7.313237748150148e-21
38.47516811681168 7.31342816676071e-21
38.57388729872987 7.313547210486212e-21
38.672606480648064 7.313595371888874e-21
38.771325662566255 7.313573146173216e-21
38.87004484448445 7.313481031003089e-21
38.96876402640264 7.313319526323363e-21
39.06748320832083 7.313089134186105e-21
39.16620239023902 7.312790358581409e-21
39.26492157215722 7.312423705272648e-21
39.363640754075405 7.31198968163594e-21
39.462359935993604 7.311488796504103e-21
39.56107911791179 7.310921560014602e-21
39.65979829982999 7.310288483461738e-21
39.75851748174817 7.309590079152796e-21
39.85723666366637 7.308826860268216e-21
39.955955845584555 7.307999340725553e-21
40.05467502750275 7.307108035047273e-21
40.15339420942094 7.306153458232359e-21
40.25211339133914 7.305136125631392e-21
40.35083257325732 7.30405655282539e-21
40.44955175517552 7.302915255507937e-21
40.548270937093704 7.301712749371038e-21
40.6469901190119 7.300449549993978e-21
40.74570930093009 7.29912617273577e-21
40.844428482848286 7.297743132630654e-21
40.94314766476648 7.296300944286788e-21
41.04186684668467 7.294800121788005e-21
41.14058602860286 7.293241178598666e-21
41.23930521052105 7.291624627471297e-21
41.338024392439245 7.289950980357358e-21
41.436743574357436 7.288220748320544e-21
41.53546275627563 7.286434441453092e-21
41.63418193819382 7.284592568794645e-21
41.73290112011201 7.282695638253853e-21
41.8316203020302 7.280744156532397e-21
41.930339483948394 7.27873862905175e-21
42.029058665866586 7.276679559882212e-21
42.12777784778478 7.274567451674456e-21
42.22649702970297 7.272402805593424e-21
42.32521621162116 7.270186121254415e-21
42.42393539353935 7.267917896661579e-21
42.522654575457544 7.265598628148486e-21
42.621373757375736 7.263228810320856e-21
42.720092939293934 7.260808936001416e-21
42.81881212121212 7.258339496176756e-21
42.91753130313032 7.255820979946182e-21
43.0162504850485 7.253253874472552e-21
43.1149696669667 7.250638664934946e-21
43.213688848884885 7.247975834483226e-21
43.312408030803084 7.245265864194425e-21
43.41112721272127 7.2425092330308e-21
43.50984639463947 7.23970641779974e-21
43.60856557655765 7.236857893115203e-21
43.70728475847585 7.233964131360911e-21
43.806003940394035 7.231025602655058e-21
43.904723122312234 7.228042774816644e-21
44.00344230423042 7.225016113333183e-21
44.10216148614862 7.221946081330088e-21
44.2008806680668 7.218833139541273e-21
44.299599849985 7.215677746281371e-21
44.398319031903185 7.21248035741912e-21
44.497038213821384 7.209241426352223e-21
44.595757395739575 7.205961403983438e-21
44.69447657765777 7.202640738697897e-21
44.79319575957596 7.199279876341746e-21
44.89191494149415 7.195879260201878e-21
44.99063412341234 7.192439330986916e-21
45.08935330533053 7.188960526809244e-21
45.188072487248725 7.185443283168216e-21
45.28679166916692 7.18188803293438e-21
45.38551085108511 7.178295206334767e-21
45.4842300330033 7.174665230939194e-21
45.58294921492149 7.17099853164758e-21
45.68166839683968 7.16729553067813e-21
45.780387578757875 7.163556647556576e-21
45.879106760676066 7.159782299106199e-21
45.97782594259426 7.155972899438823e-21
46.07654512451245 7.152128859946673e-21
46.17526430643064 7.148250589294924e-21
46.27398348834883 7.144338493415254e-21
46.372702670267024 7.140392975500022e-21
46.471421852185216 7.136414435997303e-21
46.57014103410341 7.132403272606618e-21
46.6688602160216 7.128359880275356e-21
46.76757939793979 7.124284651195999e-21
46.86629857985798 7.120177974803875e-21
46.965017761776174 7.116040237775705e-21
47.063736943694366 7.111871824028635e-21
47.16245612561256 7.107673114720093e-21
47.261175307530756 7.103444488247994e-21
47.35989448944895 7.099186320251726e-21
47.45861367136714 7.094898983613603e-21
47.55733285328533 7.090582848460849e-21
47.65605203520352 7.086238282168194e-21
47.754771217121714 7.081865649360845e-21
47.853490399039906 7.077465311918098e-21
47.9522095809581 7.073037628977321e-21
48.05092876287629 7.068582956938417e-21
48.14964794479448 7.064101649468782e-21
48.24836712671267 7.059594057508625e-21
48.347086308630864 7.055060529276789e-21
48.445805490549056 7.050501410276866e-21
48.54452467246725 7.045917043303794e-21
48.64324385438544 7.041307768450813e-21
48.74196303630363 7.036673923116713e-21
48.84068221822182 7.032015842013542e-21
48.939401400140014 7.027333857174549e-21
49.038120582058205 7.022628297962519e-21
49.1368397639764 7.017899491078413e-21
49.23555894589459 7.013147760570245e-21
49.33427812781278 7.008373427842361e-21
49.43299730973097 7.003576811664895e-21
49.53171649164916 6.998758228183543e-21
49.630435673567355 6.993917990929608e-21
49.72915485548555 6.989056410830227e-21
49.82787403740374 6.984173796218938e-21
49.92659321932193 6.979270452846373e-21
50.02531240124012 6.974346683891238e-21
50.12403158315831 6.969402789971474e-21
50.222750765076505 6.964439069155634e-21
50.321469946994696 6.959455816974418e-21
50.42018912891289 6.95445332643247e-21
50.51890831083108 6.94943188802025e-21
50.61762749274927 6.944391789726137e-21
50.71634667466746 6.939333317048685e-21
50.815065856585655 6.934256753009027e-21
50.91378503850385 6.929162378163408e-21
51.012504220422045 6.924050470615876e-21
51.11122340234024 6.918921306031105e-21
51.20994258425843 6.913775157647308e-21
51.30866176617662 6.908612296289311e-21
51.40738094809481 6.903432990381741e-21
51.506100130013 6.898237505962241e-21
51.604819311931195 6.893026106694908e-21
51.703538493849386 6.887799053883688e-21
51.80225767576758 6.882556606485973e-21
51.90097685768577 6.877299021126222e-21
51.99969603960396 6.872026552109635e-21
52.09841522152215 6.866739451436001e-21
52.197134403440344 6.86143796881346e-21
52.295853585358536 6.856122351672451e-21
52.39457276727673 6.850792845179655e-21
52.49329194919492 6.845449692252014e-21
52.59201113111311 6.840093133570787e-21
52.6907303130313 6.834723407595633e-21
52.789449494949494 6.829340750578745e-21
52.888168676867686 6.823945396579052e-21
52.98688785878588 6.818537577476366e-21
53.08560704070407 6.813117522985629e-21
53.18432622262226 6.807685460671169e-21
53.28304540454045 6.802241615960939e-21
53.381764586458644 6.796786212160806e-21
53.480483768376835 6.791319470468832e-21
53.57920295029503 6.785841609989559e-21
53.67792213221322 6.780352847748335e-21
53.77664131413141 6.774853398705569e-21
53.8753604960496 6.769343475771078e-21
53.974079677967794 6.7638232898183345e-21
54.072798859885985 6.758293049698766e-21
54.17151804180418 6.7527529622560395e-21
54.27023722372237 6.7472032323402894e-21
54.36895640564056 6.7416440628224036e-21
54.46767558755876 6.736075654608198e-21
54.56639476947695 6.730498206652644e-21
54.66511395139514 6.724911915974069e-21
54.763833133313334 6.719316977668268e-21
54.862552315231525 6.7137135849226254e-21
54.96127149714972 6.708101929030281e-21
55.05999067906791 6.702482199404094e-21
55.1587098609861 6.696854583590752e-21
55.25742904290429 6.69121926728471e-21
55.35614822482248 6.685576434342174e-21
55.454867406740675 6.679926266795011e-21
55.55358658865887 6.674268944864607e-21
55.65230577057706 6.668604646975712e-21
55.75102495249525 6.66293354977021e-21
55.84974413441344 6.6572558281208825e-21
55.94846331633163 6.6515716551450956e-21
56.047182498249825 6.645881202218378e-21
56.145901680168016 6.640184638988132e-21
56.24462086208621 6.634482133387061e-21
56.3433400440044 6.6287738516466975e-21
56.44205922592259 6.623059958310887e-21
56.54077840784078 6.617340616249054e-21
56.639497589758975 6.611615986669623e-21
56.738216771677166 6.605886229133226e-21
56.83693595359536 6.6001515015659276e-21
56.93565513551355 6.594411960272352e-21
57.03437431743174 6.58866775994878e-21
57.13309349934993 6.582919053696181e-21
57.231812681268124 6.577165993033132e-21
57.330531863186316 6.571408727908759e-21
57.42925104510451 6.565647406715559e-21
57.5279702270227 6.559882176302131e-21
57.62668940894089 6.554113181985932e-21
57.72540859085908 6.548340567565872e-21
57.824127772777274 6.542564475334921e-21
57.922846954695466 6.536785046092571e-21
58.02156613661366 6.531002419157295e-21
58.120285318531856 6.5252167323789286e-21
58.21900450045005 6.519428122150918e-21
58.31772368236824 6.5136367234226105e-21
58.41644286428643 6.5078426697113605e-21
58.51516204620462 6.50204609311466e-21
58.613881228122814 6.496247124322125e-21
58.712600410041006 6.4904458926274615e-21
58.8113195919592 6.484642525940337e-21
58.91003877387739 6.478837150798187e-21
59.00875795579558 6.4730298923779476e-21
59.10747713771377 6.467220874507722e-21
59.206196319631964 6.461410219678355e-21
59.304915501550155 6.455598049054971e-21
59.40363468346835 6.449784482488413e-21
59.50235386538654 6.44396963852659e-21
59.60107304730473 6.438153634425812e-21
59.69979222922292 6.432336586161995e-21
59.798511411141114 6.42651860844183e-21
59.897230593059305 6.420699814713826e-21
59.9959497749775 6.414880317179365e-21
60.09466895689569 6.4090602268036116e-21
60.19338813881388 6.4032396533263735e-21
60.29210732073207 6.3974187052728795e-21
60.39082650265026 6.391597489964517e-21
60.489545684568455 6.385776113529449e-21
60.58826486648665 6.379954680913185e-21
60.68698404840484 6.374133295889098e-21
60.78570323032303 6.368312061068812e-21
60.88442241224122 6.362491077912578e-21
60.98314159415941 6.3566704467395305e-21
61.081860776077605 6.35085026673788e-21
61.180579957995796 6.3450306359750795e-21
61.27929913991399 6.339211651407847e-21
61.37801832183218 6.333393408892156e-21
61.47673750375037 6.32757600319317e-21
61.57545668566856 6.3217595279950364e-21
61.67417586758676 6.315944075910708e-21
61.77289504950495 6.310129738491584e-21
61.871614231423145 6.304316606237194e-21
61.970333413341336 6.298504768604689e-21
62.06905259525953 6.292694314018372e-21
62.16777177717772 6.286885329879077e-21
62.26649095909591 6.281077902573526e-21
62.3652101410141 6.2752721174835904e-21
62.463929322932294 6.2694680589954856e-21
62.562648504850486 6.2636658105089114e-21
62.66136768676868 6.2578654544461096e-21
62.76008686868687 6.252067072260833e-21
62.85880605060506 6.246270744447295e-21
62.95752523252325 6.2404765505489966e-21
63.056244414441444 6.234684569167527e-21
63.154963596359636 6.2288948779712645e-21
63.25368277827783 6.223107553704024e-21
63.35240196019602 6.2173226721936395e-21
63.45112114211421 6.211540308360477e-21
63.5498403240324 6.205760536225863e-21
63.648559505950594 6.199983428920492e-21
63.747278687868786 6.194209058692683e-21
63.84599786978698 6.188437496916688e-21
63.94471705170517 6.182668814100813e-21
64.04343623362337 6.176903079895558e-21
64.14215541554155 6.1711403631016656e-21
64.24087459745974 6.165380731678102e-21
64.33959377937794 6.159624252749943e-21
64.43831296129613 6.153870992616272e-21
64.53703214321432 6.148121016757943e-21
64.6357513251325 6.142374389845309e-21
64.7344705070507 6.136631175745889e-21
64.8331896889689 6.130891437531959e-21
64.93190887088709 6.125155237488102e-21
65.03062805280527 6.1194226371186615e-21
65.12934723472347 6.113693697155177e-21
65.22806641664167 6.107968477563726e-21
65.32678559855987 6.102247037552208e-21
65.42550478047805 6.096529435577574e-21
65.52422396239623 6.090815729353018e-21
65.62294314431443 6.085105975855045e-21
65.72166232623263 6.0794002313305606e-21
65.82038150815082 6.0736985513038496e-21
65.919100690069 6.0680009905834865e-21
66.0178198719872 6.062307603269229e-21
66.1165390539054 6.056618442758837e-21
66.21525823582358 6.050933561754814e-21
66.31397741774177 6.045253012271118e-21
66.41269659965997 6.039576845639799e-21
66.51141578157817 6.0339051125175776e-21
66.61013496349635 6.028237862892399e-21
66.70885414541453 6.022575146089882e-21
66.80757332733273 6.016917010779738e-21
66.90629250925093 6.011263504982161e-21
67.00501169116912 6.005614676074112e-21
67.1037308730873 5.9999705707955804e-21
67.2024500550055 5.994331235255767e-21
67.3011692369237 5.988696714939273e-21
67.39988841884188 5.983067054712142e-21
67.49860760076007 5.977442298827949e-21
67.59732678267827 5.9718224909337504e-21
67.69604596459646 5.9662076740760346e-21
67.79476514651465 5.960597890706611e-21
67.89348432843283 5.9549931826884336e-21
67.99220351035103 5.949393591301378e-21
68.09092269226923 5.943799157248001e-21
68.18964187418742 5.938209920659197e-21
68.2883610561056 5.9326259210998056e-21
68.3870802380238 5.9270471975742556e-21
68.485799419942 5.921473788532035e-21
68.58451860186018 5.9159057318732184e-21
68.68323778377837 5.910343064953873e-21
68.78195696569657 5.904785824591456e-21
68.88067614761476 5.899234047070164e-21
68.97939532953296 5.8936877681462065e-21
69.07811451145115 5.888147023053053e-21
69.17683369336933 5.8826118465066526e-21
69.27555287528753 5.877082272710551e-21
69.37427205720573 5.8715583353610166e-21
69.47299123912391 5.866040067652118e-21
69.5717104210421 5.860527502280701e-21
69.6704296029603 5.855020671451368e-21
69.7691487848785 5.849519606881436e-21
69.86786796679668 5.844024339805778e-21
69.96658714871486 5.838534900981679e-21
70.06530633063306 5.833051320693632e-21
70.16402551255126 5.827573628758075e-21
70.26274469446945 5.822101854528116e-21
70.36146387638763 5.816636026898179e-21
70.46018305830583 5.811176174308647e-21
70.55890224022403 5.805722324750437e-21
70.65762142214221 5.800274505769528e-21
70.7563406040604 5.79483274447148e-21
70.8550597859786 5.789397067525871e-21
70.9537789678968 5.78396750117073e-21
71.05249814981498 5.7785440712169074e-21
71.15121733173316 5.773126803052424e-21
71.24993651365136 5.7677157216467385e-21
71.34865569556956 5.7623108515550545e-21
71.44737487748775 5.756912216922496e-21
71.54609405940593 5.751519841488304e-21
71.64481324132413 5.746133748589992e-21
71.74353242324233 5.74075396116744e-21
71.84225160516051 5.735380501766965e-21
71.9409707870787 5.7300133925453335e-21
72.0396899689969 5.724652655273799e-21
72.1384091509151 5.719298311342011e-21
72.23712833283328 5.713950381761971e-21
72.33584751475146 5.7086088871718845e-21
72.43456669666966 5.703273847840037e-21
72.53328587858786 5.697945283668602e-21
72.63200506050606 5.6926232141974046e-21
72.73072424242424 5.687307658607688e-21
72.82944342434243 5.681998635725793e-21
72.92816260626063 5.676696164026848e-21
73.02688178817883 5.671400261638429e-21
73.12560097009701 5.6661109463441195e-21
73.2243201520152 5.660828235587137e-21
73.3230393339334 5.655552146473829e-21
73.4217585158516 5.650282695777194e-21
73.52047769776978 5.645019899940376e-21
73.61919687968796 5.639763775080085e-21
73.71791606160616 5.6345143369900024e-21
73.81663524352436 5.629271601144188e-21
73.91535442544254 5.624035582700401e-21
74.01407360736073 5.618806296503414e-21
74.11279278927893 5.613583757088336e-21
74.21151197119713 5.608367978683802e-21
74.31023115311531 5.60315897521527e-21
74.4089503350335 5.5979567603081576e-21
74.5076695169517 5.592761347291027e-21
74.60638869886989 5.5875727491987336e-21
74.70510788078808 5.5823909787755055e-21
74.80382706270626 5.577216048478042e-21
74.90254624462446 5.572047970478539e-21
75.00126542654266 5.566886756667715e-21
75.09998460846084 5.561732418657824e-21
75.19870379037903 5.556584967785576e-21
75.29742297229723 5.551444415115106e-21
75.39614215421543 5.546310771440868e-21
75.49486133613361 5.5411840472905024e-21
75.5935805180518 5.5360642529277186e-21
75.69229969997 5.530951398355081e-21
75.79101888188819 5.5258454933168475e-21
75.88973806380638 5.5207465473017046e-21
75.98845724572456 5.5156545695455445e-21
76.08717642764276 5.5105695690341584e-21
76.18589560956096 5.5054915545059584e-21
76.28461479147916 5.500420534454619e-21
76.38333397339734 5.495356517131756e-21
76.48205315531553 5.490299510549492e-21
76.58077233723373 5.485249522483099e-21
76.67949151915192 5.480206560473549e-21
76.77821070107011 5.47517063183006e-21
76.87692988298829 5.47014174363261e-21
76.97564906490649 5.465119902734448e-21
77.07436824682469 5.46010511576455e-21
77.17308742874286 5.455097389130084e-21
77.27180661066106 5.45009672901883e-21
77.37052579257926 5.445103141401573e-21
77.46924497449746 5.4401166320345135e-21
77.56796415641563 5.435137206461581e-21
77.66668333833383 5.430164870016804e-21
77.76540252025202 5.425199627826615e-21
77.86412170217022 5.4202414848121254e-21
77.96284088408842 5.415290445691425e-21
78.06156006600659 5.410346514981794e-21
78.16027924792479 5.405409697001948e-21
78.25899842984299 5.400479995874255e-21
78.35771761176119 5.39555741552688e-21
78.45643679367936 5.390641959695997e-21
78.55515597559756 5.3857336319278794e-21
78.65387515751576 5.380832435581064e-21
78.75259433943395 5.37593837382843e-21
78.85131352135213 5.371051449659282e-21
78.95003270327032 5.36617166588142e-21
79.04875188518852 5.361299025123158e-21
79.14747106710672 5.356433529835378e-21
79.24619024902489 5.351575182293512e-21
79.34490943094309 5.346723984599517e-21
79.44362861286129 5.341879938683857e-21
79.54234779477949 5.3370430463074374e-21
79.64106697669766 5.332213309063536e-21
79.73978615861586 5.327390728379702e-21
79.83850534053406 5.322575305519657e-21
79.93722452245225 5.317767041585157e-21
80.03594370437042 5.312965937517849e-21
80.13466288628862 5.3081719941010974e-21
80.23338206820682 5.303385211961819e-21
80.33210125012502 5.298605591572265e-21
80.43082043204319 5.293833133251815e-21
80.52953961396139 5.2890678371687324e-21
80.62825879587959 5.284309703341909e-21
80.72697797779779 5.279558731642626e-21
80.82569715971596 5.2748149217962326e-21
80.92441634163416 5.2700782733838486e-21
81.02313552355236 5.265348785844069e-21
81.12185470547055 5.260626458474603e-21
81.22057388738872 5.255911290433942e-21
81.31929306930692 5.251203280742975e-21
81.41801225122512 5.246502428286622e-21
81.51673143314332 5.241808731815412e-21
81.61545061506152 5.237122189947101e-21
81.71416979697969 5.23244280116822e-21
81.81288897889789 5.227770563835615e-21
81.91160816081609 5.223105476178037e-21
82.01032734273429 5.218447536297606e-21
82.10904652465246 5.21379674217137e-21
82.20776570657065 5.2091530916527695e-21
82.30648488848885 5.204516582473131e-21
82.40520407040705 5.199887212243132e-21
82.50392325232522 5.195264978454245e-21
82.60264243424342 5.190649878480191e-21
82.70136161616162 5.1860419095783334e-21
82.80008079807982 5.1814410688911315e-21
82.89879997999799 5.176847353447495e-21
82.99751916191619 5.172260760164179e-21
83.09623834383439 5.167681285847175e-21
83.19495752575259 5.163108927193026e-21
83.29367670767076 5.158543680790196e-21
83.39239588958895 5.153985543120397e-21
83.49111507150715 5.149434510559889e-21
83.58983425342535 5.144890579380806e-21
83.68855343534352 5.140353745752414e-21
83.78727261726172 5.135824005742421e-21
83.88599179917992 5.131301355318225e-21
83.98471098109812 5.126785790348159e-21
84.08343016301629 5.122277306602749e-21
84.18214934493449 5.117775899755929e-21
84.28086852685269 5.113281565386259e-21
84.37958770877088 5.108794298978127e-21
84.47830689068905 5.104314095922954e-21
84.57702607260725 5.099840951520345e-21
84.67574525452545 5.095374860979288e-21
84.77446443644365 5.0909158194192896e-21
84.87318361836182 5.086463821871538e-21
84.97190280028002 5.082018863280011e-21
85.07062198219822 5.077580938502626e-21
85.16934116411642 5.073150042312337e-21
85.26806034603462 5.0687261693982396e-21
85.36677952795279 5.064309314366653e-21
85.46549870987099 5.059899471742206e-21
85.56421789178918 5.055496635968906e-21
85.66293707370738 5.051100801411196e-21
85.76165625562555 5.046711962354993e-21
85.86037543754375 5.042330113008728e-21
85.95909461946195 5.037955247504391e-21
86.05781380138015 5.033587359898513e-21
86.15653298329832 5.029226444173195e-21
86.25525216521652 5.0248724942371055e-21
86.35397134713472 5.020525503926446e-21
86.45269052905292 5.01618546700596e-21
86.55140971097109 5.011852377169861e-21
86.65012889288928 5.00752622804281e-21
86.74884807480748 5.00320701318087e-21
86.84756725672568 4.9988947260724306e-21
86.94628643864385 4.99458936013913e-21
87.04500562056205 4.990290908736794e-21
87.14372480248025 4.985999365156332e-21
87.24244398439845 4.981714722624634e-21
87.34116316631662 4.977436974305482e-21
87.43988234823482 4.97316611330041e-21
87.53860153015302 4.968902132649586e-21
87.63732071207122 4.964645025332679e-21
87.73603989398939 4.960394784269721e-21
87.83475907590758 4.956151402321935e-21
87.93347825782578 4.9519148722925975e-21
88.03219743974398 4.947685186927856e-21
88.13091662166215 4.9434623389175466e-21
88.22963580358035 4.939246320896023e-21
88.32835498549855 4.9350371254429516e-21
88.42707416741675 4.930834745084109e-21
88.52579334933492 4.92663917229218e-21
88.62451253125312 4.922450399487523e-21
88.72323171317132 4.918268419038963e-21
88.82195089508951 4.914093223264546e-21
88.92067007700771 4.909924804432297e-21
89.01938925892588 4.90576315476097e-21
89.11810844084408 4.9016082664208e-21
89.21682762276228 4.8974601315342225e-21
89.31554680468048 4.89331874217662e-21
89.41426598659865 4.889184090377026e-21
89.51298516851685 4.885056168118838e-21
89.61170435043505 4.880934967340537e-21
89.71042353235325 4.8768204799363846e-21
89.80914271427142 4.8727126977570936e-21
89.90786189618962 4.8686116126105285e-21
90.00658107810781 4.8645172162623924e-21
90.10530026002601 4.86042950043687e-21
90.20401944194418 4.856348456817325e-21
90.30273862386238 4.852274077046913e-21
90.40145780578058 4.8482063527292824e-21
90.50017698769878 4.844145275429184e-21
90.59889616961695 4.840090836673104e-21
90.69761535153515 4.836043027949921e-21
90.79633453345335 4.832001840711508e-21
90.89505371537155 4.82796726637336e-21
90.99377289728972 4.8239392963151934e-21
91.09249207920791 4.819917921881568e-21
91.19121126112611 4.8159031343824685e-21
91.28993044304431 4.811894925093906e-21
91.38864962496248 4.807893285258508e-21
91.48736880688068 4.803898206086075e-21
91.58608798879888 4.799909678754192e-21
91.68480717071708 4.7959276944087686e-21
91.78352635263525 4.791952244164599e-21
91.88224553455345 4.787983319105947e-21
91.98096471647165 4.784020910287059e-21
92.07968389838985 4.7800650087327344e-21
92.17840308030802 4.776115605438863e-21
92.27712226222621 4.772172691372949e-21
92.37584144414441 4.76823625747464e-21
92.47456062606261 4.764306294656256e-21
92.57327980798081 4.7603827938033046e-21
92.67199898989898 4.756465745774987e-21
92.77071817181718 4.752555141404707e-21
92.86943735373538 4.74865097150058e-21
92.96815653565358 4.744753226845914e-21
93.06687571757175 4.740861898199712e-21
93.16559489948995 4.736976976297154e-21
93.26431408140814 4.733098451850071e-21
93.36303326332634 4.7292263155474296e-21
93.46175244524451 4.725360558055799e-21
93.56047162716271 4.7215011700198075e-21
93.65919080908091 4.717648142062626e-21
93.75790999099911 4.713801464786384e-21
93.85662917291728 4.709961128772669e-21
93.95534835483548 4.706127124582932e-21
94.05406753675368 4.702299442758947e-21
94.15278671867188 4.698478073823248e-21
94.25150590059005 4.694663008279552e-21
94.35022508250825 4.690854236613191e-21
94.44894426442644 4.6870517492915425e-21
94.54766344634464 4.6832555367644295e-21
94.64638262826281 4.6794655894645555e-21
94.74510181018101 4.675681897807891e-21
94.84382099209921 4.671904452194101e-21
94.94254017401741 4.668133243006928e-21
95.04125935593558 4.664368260614603e-21
95.13997853785378 4.660609495370214e-21
95.23869771977198 4.656856937612127e-21
95.33741690169018 4.653110577664341e-21
95.43613608360835 4.649370405836884e-21
95.53485526552655 4.645636412426176e-21
95.63357444744474 4.641908587715414e-21
95.73229362936294 4.63818692197493e-21
95.83101281128111 4.63447140546255e-21
95.92973199319931 4.6307620284239766e-21
96.02845117511751 4.62705878109311e-21
96.12717035703571 4.623361653692432e-21
96.22588953895391 4.619670636433326e-21
96.32460872087208 4.615985719516448e-21
96.42332790279028 4.6123068931320425e-21
96.52204708470848 4.60863414746029e-21
96.62076626662667 4.604967472671653e-21
96.71948544854484 4.60130685892718e-21
96.81820463046304 4.5976522963788426e-21
96.91692381238124 4.594003775169863e-21
97.01564299429944 4.590361285435024e-21
97.11436217621761 4.5867248173009965e-21
97.21308135813581 4.583094360886626e-21
97.31180054005401 4.5794699063032715e-21
97.41051972197221 4.57585144365509e-21
97.50923890389038 4.57223896303934e-21
97.60795808580858 4.568632454546689e-21
97.70667726772677 4.565031908261495e-21
97.80539644964497 4.5614373142621116e-21
97.90411563156314 4.557848662621163e-21
98.00283481348134 4.554265943405838e-21
98.10155399539954 4.5506891466781715e-21
98.20027317731774 4.5471182624953146e-21
98.29899235923591 4.543553280909826e-21
98.39771154115411 4.5399941919699175e-21
98.49643072307231 4.5364409857197564e-21
98.5951499049905 4.532893652199706e-21
98.69386908690868 4.529352181446604e-21
98.79258826882688 4.525816563494013e-21
98.89130745074507 4.52228678837248e-21
98.99002663266327 4.518762846109797e-21
99.08874581458144 4.515244726731253e-21
99.18746499649964 4.511732420259868e-21
99.28618417841784 4.508225916716649e-21
99.38490336033604 4.504725206120844e-21
99.48362254225421 4.50123027849016e-21
99.58234172417241 4.497741123841012e-21
99.68106090609061 4.494257732188764e-21
99.7797800880088 4.49078009354795e-21
99.878499269927 4.4873081979325116e-21
99.97721845184518 4.4838420353560115e-21
100.07593763376337 4.480381595831879e-21
100.17465681568157 4.476926869373612e-21
100.27337599759977 4.4734778459950065e-21
100.37209517951794 4.4700345157103676e-21
100.47081436143614 4.466596868534728e-21
100.56953354335434 4.463164894484057e-21
100.66825272527254 4.459738583575471e-21
100.76697190719071 4.456317925827437e-21
100.8656910891089 4.452902911259974e-21
100.9644102710271 4.4494935298948665e-21
101.0631294529453 4.446089771755857e-21
101.16184863486347 4.442691626868832e-21
101.26056781678167 4.439299085262032e-21
101.35928699869987 4.435912136966244e-21
101.45800618061807 4.432530772014986e-21
101.55672536253624 4.429154980444682e-21
101.65544454445444 4.425784752294871e-21
101.75416372637264 4.422420077608376e-21
101.85288290829084 4.419060946431491e-21
101.95160209020901 4.4157073488141575e-21
102.0503212721272 4.412359274810136e-21
102.1490404540454 4.4090167144771915e-21
102.2477596359636 4.405679657877258e-21
102.34647881788177 4.4023480950766126e-21
102.44519799979997 4.3990220161460335e-21
102.54391718171817 4.395701411160995e-21
102.64263636363637 4.3923862702017875e-21
102.74135554555454 4.389076583353723e-21
102.84007472747274 4.385772340707268e-21
102.93879390939094 4.382473532358202e-21
103.03751309130914 4.3791801484078034e-21
103.13623227322731 4.37589217896297e-21
103.2349514551455 4.3726096141363734e-21
103.3336706370637 4.369332444046639e-21
103.4323898189819 4.366060658818457e-21
103.5311090009001 4.362794248582771e-21
103.62982818281827 4.359533203476877e-21
103.72854736473647 4.3562775136446e-21
103.82726654665467 4.353027169236426e-21
103.92598572857287 4.349782160409632e-21
104.02470491049104 4.3465424773284434e-21
104.12342409240924 4.343308110164148e-21
104.22214327432744 4.3400790490952465e-21
104.32086245624564 4.336855284307577e-21
104.4195816381638 4.3336368059944484e-21
104.518300820082 4.330423604356771e-21
104.6170200020002 4.327215669603183e-21
104.7157391839184 4.324012991950171e-21
104.81445836583657 4.320815561622205e-21
104.91317754775477 4.317623368851847e-21
105.01189672967297 4.314436403879891e-21
105.11061591159117 4.3112546569554584e-21
105.20933509350934 4.308078118336143e-21
105.30805427542754 4.304906778288101e-21
105.40677345734574 4.301740627086185e-21
105.50549263926393 4.2985796550140464e-21
105.6042118211821 4.295423852364246e-21
105.7029310031003 4.292273209438383e-21
105.8016501850185 4.289127716547175e-21
105.9003693669367 4.285987364010589e-21
105.99908854885487 4.282852142157933e-21
106.09780773077307 4.279722041327965e-21
106.19652691269127 4.276597051869004e-21
106.29524609460947 4.273477164139011e-21
106.39396527652764 4.270362368505718e-21
106.49268445844584 4.267252655346695e-21
106.59140364036404 4.2641480150494735e-21
106.69012282228223 4.261048438011626e-21
106.78884200420043 4.257953914640871e-21
106.8875611861186 4.254864435355163e-21
106.9862803680368 4.251779990582778e-21
107.084999549955 4.2487005707624105e-21
107.1837187318732 4.2456261663432755e-21
107.28243791379137 4.242556767785163e-21
107.38115709570957 4.23949236555856e-21
107.47987627762777 4.236432950144719e-21
107.57859545954597 4.233378512035743e-21
107.67731464146414 4.230329041734671e-21
107.77603382338233 4.227284529755563e-21
107.87475300530053 4.224244966623572e-21
107.97347218721873 4.2212103428750325e-21
108.0721913691369 4.2181806490575404e-21
108.1709105510551 4.2151558757300174e-21
108.2696297329733 4.212136013462801e-21
108.3683489148915 4.209121052837707e-21
108.46706809680967 4.206110984448125e-21
108.56578727872787 4.203105798899054e-21
108.66450646064607 4.200105486807216e-21
108.76322564256427 4.1971100388010995e-21
108.86194482448244 4.194119445521035e-21
108.96066400640063 4.191133697619265e-21
109.05938318831883 4.188152785760013e-21
109.15810237023703 4.1851767006195475e-21
109.2568215521552 4.182205432886242e-21
109.3555407340734 4.179238973260659e-21
109.4542599159916 4.176277312455576e-21
109.5529790979098 4.1733204411960956e-21
109.65169827982797 4.170368350219661e-21
109.75041746174617 4.167421030276152e-21
109.84913664366437 4.164478472127915e-21
109.94785582558256 4.161540666549849e-21
110.04657500750073 4.1586076043294385e-21
110.14529418941893 4.155679276266823e-21
110.24401337133713 4.152755673174851e-21
110.34273255325533 4.149836785879136e-21
110.44145173517353 4.1469226052181015e-21
110.5401709170917 4.144013122043042e-21
110.6388900990099 4.141108327218173e-21
110.7376092809281 4.138208211620675e-21
110.8363284628463 4.1353127661407585e-21
110.93504764476447 4.132421981681696e-21
111.03376682668267 4.129535849159878e-21
111.13248600860086 4.126654359504866e-21
111.23120519051906 4.1237775036594295e-21
111.32992437243723 4.120905272579599e-21
111.42864355435543 4.1180376572347e-21
111.52736273627363 4.115174648607409e-21
111.62608191819183 4.112316237693794e-21
111.72480110011 4.109462415503349e-21
111.8235202820282 4.1066131730590456e-21
111.9222394639464 4.103768501397366e-21
112.0209586458646 4.100928391568354e-21
112.11967782778277 4.09809283463564e-21
112.21839700970096 4.095261821676485e-21
112.31711619161916 4.0924353437818224e-21
112.41583537353736 4.089613392056297e-21
112.51455455545553 4.0867959576182865e-21
112.61327373737373 4.0839830315999566e-21
112.71199291929193 4.08117460514728e-21
112.81071210121013 4.0783706694200735e-21
112.9094312831283 4.075571215592045e-21
113.0081504650465 4.072776234850804e-21
113.1068696469647 4.069985718397917e-21
113.2055888288829 4.067199657448916e-21
113.30430801080107 4.064418043233345e-21
113.40302719271926 4.06164086699478e-21
113.50174637463746 4.0588681199908696e-21
113.60046555655566 4.056099793493361e-21
113.69918473847383 4.0533358787881084e-21
113.79790392039203 4.0505763671751266e-21
113.89662310231023 4.047821249968606e-21
113.99534228422843 4.04507051849694e-21
114.09406146614663 4.042324164102746e-21
114.1927806480648 4.0395821781428955e-21
114.291499829983 4.0368445519885425e-21
114.3902190119012 4.034111277025133e-21
114.4889381938194 4.031382344652439e-21
114.58765737573756 4.0286577462845775e-21
114.68637655765576 4.025937473350037e-21
114.78509573957396 4.0232215172916965e-21
114.88381492149216 4.020509869566827e-21
114.98253410341033 4.017802521647156e-21
115.08125328532853 4.015099465018835e-21
115.17997246724673 4.012400691182497e-21
115.27869164916493 4.009706191653258e-21
115.3774108310831 4.0070159579607384e-21
115.4761300130013 4.004329981649074e-21
115.5748491949195 4.00164825427695e-21
115.6735683768377 3.998970767417596e-21
115.77228755875586 3.996297512658815e-21
115.87100674067406 3.993628481602996e-21
115.96972592259226 3.9909636658671256e-21
116.06844510451046 3.988303057082806e-21
116.16716428642863 3.985646646896271e-21
116.26588346834683 3.982994426968386e-21
116.36460265026503 3.98034638897468e-21
116.46332183218323 3.9777025246053384e-21
116.5620410141014 3.975062825565236e-21
116.6607601960196 3.972427283573925e-21
116.7594793779378 3.969795890365664e-21
116.85819855985599 3.967168637689422e-21
116.95691774177416 3.964545517308884e-21
117.05563692369236 3.961926521002464e-21
117.15435610561056 3.959311640563324e-21
117.25307528752876 3.956700867799364e-21
117.35179446944693 3.954094194533239e-21
117.45051365136513 3.951491612602374e-21
117.54923283328333 3.948893113858953e-21
117.64795201520153 3.946298690169948e-21
117.74667119711972 3.943708333417116e-21
117.8453903790379 3.941122035496989e-21
117.9441095609561 3.9385397883209025e-21
118.04282874287429 3.9359615838149965e-21
118.14154792479249 3.933387413920217e-21
118.24026710671066 3.930817270592306e-21
118.33898628862886 3.928251145801832e-21
118.43770547054706 3.925689031534174e-21
118.53642465246526 3.923130919789536e-21
118.63514383438343 3.920576802582945e-21
118.73386301630163 3.9180266719442496e-21
118.83258219821982 3.915480519918129e-21
118.93130138013802 3.912938338564094e-21
119.0300205620562 3.910400119956483e-21
119.12873974397439 3.90786585618447e-21
119.22745892589259 3.9053355393520546e-21
119.32617810781079 3.90280916157808e-21
119.42489728972896 3.900286714996218e-21
119.52361647164716 3.897768191754972e-21
119.62233565356536 3.895253584017679e-21
119.72105483548356 3.892742883962507e-21
119.81977401740173 3.890236083782457e-21
119.91849319931993 3.887733175685353e-21
120.01721238123812 3.885234151893849e-21
120.11593156315632 3.8827390046454224e-21
120.2146507450745 3.8802477261923715e-21
120.31336992699269 3.877760308801815e-21
120.41208910891089 3.8752767447556826e-21
120.51080829082909 3.872797026350725e-21
120.60952747274726 3.870321145898488e-21
120.70824665466546 3.867849095725331e-21
120.80696583658366 3.8653808681724125e-21
120.90568501850186 3.8629164555956825e-21
121.00440420042003 3.86045585036588e-21
121.10312338233823 3.857999044868532e-21
121.20184256425642 3.855546031503945e-21
121.30056174617462 3.8530968026871975e-21
121.39928092809282 3.8506513508481324e-21
121.49800011001099 3.848209668431357e-21
121.59671929192919 3.845771747896235e-21
121.69543847384739 3.8433375817168734e-21
121.79415765576559 3.840907162382115e-21
121.89287683768376 3.8384804823955515e-21
121.99159601960196 3.836057534275481e-21
122.09031520152016 3.833638310554935e-21
122.18903438343835 3.831222803781639e-21
122.28775356535652 3.828811006518034e-21
122.38647274727472 3.8264029113412426e-21
122.48519192919292 3.823998510843077e-21
122.58391111111112 3.821597797630024e-21
122.68263029302929 3.819200764323226e-21
122.78134947494749 3.816807403558496e-21
122.88006865686569 3.814417707986278e-21
122.97878783878389 3.8120316702716646e-21
123.07750702070206 3.809649283094364e-21
123.17622620262026 3.807270539148702e-21
123.27494538453846 3.804895431143614e-21
123.37366456645665 3.802523951802623e-21
123.47238374837482 3.800156093863834e-21
123.57110293029302 3.79779185007993e-21
123.66982211221122 3.795431213218146e-21
123.76854129412942 3.793074176060273e-21
123.86726047604759 3.790720731402633e-21
123.96597965796579 3.78837087205607e-21
124.06469883988399 3.7860245908459445e-21
124.16341802180219 3.783681880612113e-21
124.26213720372036 3.78134273420892e-21
124.36085638563856 3.7790071445051925e-21
124.45957556755675 3.7766751043842014e-21
124.55829474947495 3.774346606743678e-21
124.65701393139312 3.772021644495783e-21
124.75573311331132 3.7697002105671025e-21
124.85445229522952 3.767382297898622e-21
124.95317147714772 3.765067899445727e-21
125.05189065906592 3.762757008178181e-21
125.15060984098409 3.76044961708011e-21
125.24932902290229 3.75814571914999e-21
125.34804820482049 3.755845307400637e-21
125.44676738673868 3.753548374859185e-21
125.54548656865686 3.751254914567076e-21
125.64420575057505 3.748964919580042e-21
125.74292493249325 3.746678382968089e-21
125.84164411441145 3.7443952978154915e-21
125.94036329632962 3.742115657220761e-21
126.03908247824782 3.7398394542966436e-21
126.13780166016602 3.737566682170095e-21
126.23652084208422 3.7352973339822735e-21
126.33524002400239 3.7330314028885176e-21
126.43395920592059 3.73076888205833e-21
126.53267838783879 3.7285097646753644e-21
126.63139756975698 3.726254043937405e-21
126.73011675167515 3.724001713056358e-21
126.82883593359335 3.721752765258221e-21
126.92755511551155 3.719507193783082e-21
127.02627429742975 3.717264991885088e-21
127.12499347934792 3.715026152832439e-21
127.22371266126612 3.712790669907364e-21
127.32243184318432 3.710558536406107e-21
127.42115102510252 3.708329745638908e-21
127.51987020702069 3.706104290929989e-21
127.61858938893889 3.703882165617522e-21
127.71730857085709 3.7016633630536375e-21
127.81602775277528 3.69944787660438e-21
127.91474693469345 3.697235699649706e-21
128.01346611661165 3.6950268255834604e-21
128.11218529852985 3.692821247813355e-21
128.21090448044805 3.69061895976096e-21
128.30962366236622 3.6884199548616764e-21
128.40834284428442 3.68622422656472e-21
128.50706202620262 3.684031768333103e-21
128.60578120812082 3.681842573643615e-21
128.70450039003902 3.679656635986806e-21
128.8032195719572 3.677473948866967e-21
128.90193875387538 3.675294505802104e-21
129.00065793579358 3.673118300323932e-21
129.09937711771178 3.670945325977839e-21
129.19809629962995 3.668775576322889e-21
129.29681548154815 3.666609044931773e-21
129.39553466346635 3.664445725390816e-21
129.49425384538455 3.6622856112999485e-21
129.59297302730272 3.66012869627268e-21
129.69169220922092 3.657974973936091e-21
129.79041139113912 3.6558244379307956e-21
129.88913057305732 3.653677081910946e-21
129.98784975497549 3.6515328995441906e-21
130.08656893689368 3.649391884511662e-21
130.18528811881188 3.647254030507966e-21
130.28400730073008 3.645119331241142e-21
130.38272648264825 3.642987780432658e-21
130.48144566456645 3.640859371817384e-21
130.58016484648465 3.638734099143578e-21
130.67888402840285 3.636611956172852e-21
130.77760321032102 3.634492936680164e-21
130.87632239223922 3.632377034453798e-21
130.97504157415742 3.630264243295325e-21
131.07376075607561 3.6281545570196074e-21
131.17247993799378 3.626047969454763e-21
131.27119911991198 3.623944474442142e-21
131.36991830183018 3.621844065836324e-21
131.46863748374838 3.6197467375050646e-21
131.56735666566655 3.617652483329309e-21
131.66607584758475 3.61556129720315e-21
131.76479502950295 3.6134731730338094e-21
131.86351421142115 3.611388104741631e-21
131.96223339333932 3.6093060862600365e-21
132.06095257525752 3.607227111535515e-21
132.15967175717572 3.60515117452761e-21
132.2583909390939 3.6030782692088814e-21
132.3571101210121 3.601008389564897e-21
132.45582930293028 3.59894152959421e-21
132.55454848484848 3.5968776833083226e-21
132.65326766676668 3.594816844731683e-21
132.75198684868488 3.59275900790166e-21
132.85070603060305 3.590704166868503e-21
132.94942521252125 3.588652315695346e-21
133.04814439443945 3.586603448458172e-21
133.14686357635765 3.584557559245788e-21
133.24558275827582 3.582514642159816e-21
133.34430194019401 3.580474691314655e-21
133.4430211221122 3.57843770083747e-21
133.5417403040304 3.5764036648681696e-21
133.64045948594858 3.57437257755938e-21
133.73917866786678 3.57234443307642e-21
133.83789784978498 3.5703192255972835e-21
133.93661703170318 3.568296949312626e-21
134.03533621362135 3.566277598425721e-21
134.13405539553955 3.564261167152455e-21
134.23277457745775 3.562247649721304e-21
134.33149375937595 3.560237040373292e-21
134.43021294129412 3.5582293333620026e-21
134.52893212321231 3.556224522953529e-21
134.6276513051305 3.554222603426453e-21
134.7263704870487 3.552223569071843e-21
134.82508966896688 3.55022741419321e-21
134.92380885088508 3.548234133106496e-21
135.02252803280328 3.546243720140048e-21
135.12124721472148 3.5442561696345946e-21
135.21996639663965 3.5422714759432274e-21
135.31868557855785 3.540289633431378e-21
135.41740476047605 3.538310636476785e-21
135.51612394239424 3.536334479469491e-21
135.61484312431242 3.5343611568118e-21
135.7135623062306 3.5323906629182675e-21
135.8122814881488 3.530422992215672e-21
135.911000670067 3.528458139142995e-21
136.0097198519852 3.5264960981513974e-21
136.10843903390338 3.524536863704196e-21
136.20715821582158 3.5225804302768395e-21
136.30587739773978 3.520626792356891e-21
136.40459657965798 3.518675944443998e-21
136.50331576157615 3.516727881049879e-21
136.60203494349435 3.5147825966982875e-21
136.70075412541254 3.512840085925002e-21
136.79947330733074 3.510900343277796e-21
136.8981924892489 3.5089633633164196e-21
136.9969116711671 3.5070291406125675e-21
137.0956308530853 3.505097669749869e-21
137.1943500350035 3.503168945323853e-21
137.29306921692168 3.50124296194194e-21
137.39178839883988 3.4993197142234e-21
137.49050758075808 3.497399196799346e-21
137.58922676267628 3.495481404312702e-21
137.68794594459445 3.493566331418182e-21
137.78666512651264 3.491653972782272e-21
137.88538430843084 3.489744323083198e-21
137.98410349034904 3.4878373770109086e-21
138.0828226722672 3.48593312926706e-21
138.1815418541854 3.48403157456497e-21
138.2802610361036 3.48213270762962e-21
138.3789802180218 3.480236523197621e-21
138.47769939993998 3.478343016017186e-21
138.57641858185818 3.476452180848117e-21
138.67513776377638 3.474564012461779e-21
138.77385694569458 3.47267850564107e-21
138.87257612761275 3.4707956551804075e-21
138.97129530953094 3.4689154558857e-21
139.07001449144914 3.4670379025743254e-21
139.16873367336734 3.46516299007511e-21
139.26745285528554 3.463290713228303e-21
139.3661720372037 3.461421066885558e-21
139.4648912191219 3.459554045909898e-21
139.5636104010401 3.457689645175712e-21
139.6623295829583 3.455827859568709e-21
139.76104876487648 3.453968683985922e-21
139.85976794679468 3.452112113335657e-21
139.95848712871287 3.4502581425374964e-21
140.05720631063107 3.448406766522245e-21
140.15592549254924 3.446557980231945e-21
140.25464467446744 3.444711778619822e-21
140.35336385638564 3.4428681566502744e-21
140.45208303830384 3.441027109298859e-21
140.550802220222 3.4391886315522464e-21
140.6495214021402 3.437352718408218e-21
140.7482405840584 3.435519364875635e-21
140.8469597659766 3.4336885659744116e-21
140.9456789478948 3.43186031673551e-21
141.04439812981298 3.430034612200891e-21
141.14311731173117 3.428211447423509e-21
141.24183649364937 3.4263908174672904e-21
141.34055567556757 3.424572717407098e-21
141.43927485748574 3.422757142328728e-21
141.53799403940394 3.420944087328855e-21
141.63671322132214 3.419133547515049e-21
141.73543240324034 3.417325518005726e-21
141.8341515851585 3.415519993930132e-21
141.9328707670767 3.413716970428323e-21
142.0315899489949 3.411916442651133e-21
142.1303091309131 3.41011840576017e-21
142.22902831283128 3.408322854927775e-21
142.32774749474947 3.406529785337006e-21
142.42646667666767 3.4047391921816206e-21
142.52518585858587 3.4029510706660445e-21
142.62390504050404 3.401165416005357e-21
142.72262422242224 3.399382223425259e-21
142.82134340434044 3.397601488162058e-21
142.92006258625864 3.395823205462651e-21
143.01878176817684 3.394047370584483e-21
143.117500950095 3.392273978795546e-21
143.2162201320132 3.39050302537434e-21
143.3149393139314 3.3887345056098645e-21
143.4136584958496 3.38696841480158e-21
143.51237767776777 3.3852047482594053e-21
143.61109685968597 3.3834435013036714e-21
143.70981604160417 3.381684669265128e-21
143.80853522352237 3.379928247484894e-21
143.90725440544054 3.3781742313144518e-21
144.00597358735874 3.3764226161156136e-21
144.10469276927694 3.374673397260517e-21
144.20341195119514 3.3729265701315773e-21
144.3021311331133 3.3711821301214925e-21
144.4008503150315 3.3694400726332005e-21
144.4995694969497 3.3677003930798636e-21
144.5982886788679 3.365963086884853e-21
144.69700786078607 3.3642281494817136e-21
144.79572704270427 3.3624955763141536e-21
144.89444622462247 3.360765362836016e-21
144.99316540654067 3.3590375045112634e-21
145.09188458845884 3.357311996813943e-21
145.19060377037704 3.355588835228182e-21
145.28932295229524 3.3538680152481443e-21
145.38804213421344 3.3521495323780336e-21
145.4867613161316 3.350433382132051e-21
145.5854804980498 3.348719560034384e-21
145.684199679968 3.3470080616191767e-21
145.7829188618862 3.3452988824305147e-21
145.88163804380437 3.3435920180224094e-21
145.98035722572257 3.3418874639587515e-21
146.07907640764077 3.3401852158133204e-21
146.17779558955897 3.338485269169741e-21
146.27651477147714 3.3367876196214687e-21
146.37523395339534 3.335092262771768e-21
146.47395313531354 3.3333991942336947e-21
146.57267231723173 3.331708409630069e-21
146.67139149914993 3.3300199045934483e-21
146.7701106810681 3.3283336747661244e-21
146.8688298629863 3.3266497158000786e-21
146.9675490449045 3.3249680233569756e-21
147.0662682268227 3.3232885931081462e-21
147.16498740874087 3.321611420734545e-21
147.26370659065907 3.319936501926746e-21
147.36242577257727 3.3182638323849217e-21
147.46114495449547 3.316593407818815e-21
147.55986413641364 3.3149252239477168e-21
147.65858331833184 3.3132592765004503e-21
147.75730250025003 3.311595561215345e-21
147.85602168216823 3.3099340738402235e-21
147.9547408640864 3.3082748101323664e-21
148.0534600460046 3.3066177658585017e-21
148.1521792279228 3.304962936794789e-21
148.250898409841 3.3033103187267763e-21
148.34961759175917 3.3016599074494084e-21
148.44833677367737 3.30001169876698e-21
148.54705595559557 3.2983656884931252e-21
148.64577513751377 3.296721872450805e-21
148.74449431943194 3.2950802464722707e-21
148.84321350135014 3.293440806399053e-21
148.94193268326833 3.2918035480819377e-21
149.04065186518653 3.2901684673809432e-21
149.1393710471047 3.288535560165305e-21
149.2380902290229 3.2869048223134555e-21
149.3368094109411 3.2852762497129866e-21
149.4355285928593 3.2836498382606564e-21
149.53424777477747 3.282025583862344e-21
149.63296695669567 3.280403482433045e-21
149.73168613861387 3.2787835298968423e-21
149.83040532053207 3.277165722186888e-21
149.92912450245024 3.2755500552453834e-21
150.02784368436843 3.273936525023551e-21
150.12656286628663 3.272325127481634e-21
150.22528204820483 3.270715858588849e-21
150.32400123012303 3.2691087143233913e-21
150.4227204120412 3.2675036906723936e-21
150.5214395939594 3.2659007836319157e-21
150.6201587758776 3.2642999892069247e-21
150.7188779577958 3.262701303411276e-21
150.81759713971397 3.261104722267683e-21
150.91631632163217 3.2595102418077045e-21
151.01503550355037 3.2579178580717284e-21
151.11375468546856 3.256327567108944e-21
151.21247386738673 3.2547393649773276e-21
151.31119304930493 3.2531532477436137e-21
151.40991223122313 3.2515692114832856e-21
151.50863141314133 3.2499872522805476e-21
151.6073505950595 3.2484073662283072e-21
151.7060697769777 3.2468295494281622e-21
151.8047889588959 3.2452537979903664e-21
151.9035081408141 3.243680108033821e-21
152.00222732273227 3.2421084756860527e-21
152.10094650465047 3.2405388970831912e-21
152.19966568656866 3.2389713683699484e-21
152.29838486848686 3.2374058856996047e-21
152.39710405040503 3.235842445233986e-21
152.49582323232323 3.23428104314344e-21
152.59454241424143 3.2327216756068194e-21
152.69326159615963 3.2311643388114703e-21
152.7919807780778 3.2296090289531993e-21
152.890699959996 3.228055742236259e-21
152.9894191419142 3.226504474873333e-21
153.0881383238324 3.224955223085515e-21
153.18685750575057 3.2234079831022777e-21
153.28557668766877 3.221862751161472e-21
153.38429586958696 3.2203195235092946e-21
153.48301505150516 3.2187782964002777e-21
153.58173423342333 3.2172390660972586e-21
153.68045341534153 3.2157018288713676e-21
153.77917259725973 3.2141665810020087e-21
153.87789177917793 3.212633318776839e-21
153.97661096109613 3.2111020384917525e-21
154.0753301430143 3.209572736450854e-21
154.1740493249325 3.208045408966445e-21
154.2727685068507 3.2065200523590067e-21
154.3714876887689 3.2049966629571797e-21
154.47020687068706 3.2034752370977403e-21
154.56892605260526 3.2019557711255804e-21
154.66764523452346 3.2004382613937056e-21
154.76636441644166 3.198922704263194e-21
154.86508359835983 3.1974090961031857e-21
154.96380278027803 3.195897433290873e-21
155.06252196219623 3.1943877122114712e-21
155.16124114411443 3.1928799292582033e-21
155.2599603260326 3.191374080832279e-21
155.3586795079508 3.1898701633428758e-21
155.457398689869 3.188368173207129e-21
155.5561178717872 3.186868106850101e-21
155.65483705370536 3.1853699607047748e-21
155.75355623562356 3.183873731212014e-21
155.85227541754176 3.182379414820581e-21
155.95099459945996 3.1808870079870796e-21
156.04971378137813 3.179396507175962e-21
156.14843296329633 3.1779079088595e-21
156.24715214521453 3.1764212095177724e-21
156.34587132713273 3.1749364056386354e-21
156.4445905090509 3.173453493717721e-21
156.5433096909691 3.1719724702584066e-21
156.6420288728873 3.1704933317717966e-21
156.7407480548055 3.169016074776717e-21
156.83946723672366 3.1675406957996766e-21
156.93818641864186 3.1660671913748733e-21
157.03690560056006 3.1645955580441493e-21
157.13562478247826 3.1631257923570014e-21
157.23434396439643 3.1616578908705365e-21
157.33306314631463 3.1601918501494766e-21
157.43178232823283 3.158727666766122e-21
157.53050151015103 3.157265337300345e-21
157.62922069206923 3.1558048583395708e-21
157.7279398739874 3.1543462264787514e-21
157.8266590559056 3.152889438320364e-21
157.9253782378238 3.1514344904743742e-21
158.024097419742 3.149981379558232e-21
158.12281660166016 3.148530102196848e-21
158.22153578357836 3.1470806550225783e-21
158.32025496549656 3.1456330346752087e-21
158.41897414741476 3.144187237801935e-21
158.51769332933293 3.142743261057337e-21
158.61641251125113 3.1413011011033772e-21
158.71513169316933 3.1398607546093738e-21
158.81385087508752 3.1384222182519847e-21
158.9125700570057 3.136985488715191e-21
159.0112892389239 3.1355505626902754e-21
159.1100084208421 3.1341174368758164e-21
159.2087276027603 3.1326861079776543e-21
159.30744678467846 3.131256572708888e-21
159.40616596659666 3.129828827789855e-21
159.50488514851486 3.1284028699481035e-21
159.60360433043306 3.126978695918396e-21
159.70232351235123 3.1255563024426726e-21
159.80104269426943 3.1241356862700393e-21
159.89976187618763 3.1227168441567622e-21
159.99848105810582 3.1212997728662303e-21
160.097200240024 3.119884469168962e-21
160.1959194219422 3.11847092984257e-21
160.2946386038604 3.1170591516717482e-21
160.3933577857786 3.1156491314482622e-21
160.49207696769676 3.1142408659709235e-21
160.59079614961496 3.1128343520455822e-21
160.68951533153316 3.1114295864850992e-21
160.78823451345136 3.110026566109343e-21
160.88695369536953 3.108625287745157e-21
160.98567287728773 3.1072257482263565e-21
161.08439205920592 3.1058279443937094e-21
161.18311124112412 3.104431873094909e-21
161.28183042304232 3.1030375311845757e-21
161.3805496049605 3.1016449155242225e-21
161.4792687868787 3.1002540229822532e-21
161.5779879687969 3.098864850433935e-21
161.6767071507151 3.0974773947613937e-21
161.77542633263326 3.0960916528535825e-21
161.87414551455146 3.0947076216062797e-21
161.97286469646966 3.09332529792206e-21
162.07158387838786 3.091944678710294e-21
162.17030306030603 3.090565760887115e-21
162.26902224222422 3.0891885413754184e-21
162.36774142414242 3.0878130171048305e-21
162.46646060606062 3.086439185011707e-21
162.5651797879788 3.085067042039103e-21
162.663898969897 3.0836965851367708e-21
162.7626181518152 3.0823278112611336e-21
162.8613373337334 3.080960717375273e-21
162.96005651565156 3.0795953004489183e-21
163.05877569756976 3.0782315574584183e-21
163.15749487948796 3.0768694853867344e-21
163.25621406140615 3.075509081223433e-21
163.35493324332433 3.074150341964649e-21
163.45365242524252 3.0727932646130834e-21
163.55237160716072 3.071437846177991e-21
163.65109078907892 3.0700840836751552e-21
163.7498099709971 3.068731974126875e-21
163.8485291529153 3.0673815145619552e-21
163.9472483348335 3.0660327020156845e-21
164.0459675167517 3.0646855335298247e-21
164.14468669866986 3.063340006152589e-21
164.24340588058806 3.061996116938629e-21
164.34212506250626 3.0606538629490272e-21
164.44084424442445 3.0593132412512716e-21
164.53956342634262 3.057974248919245e-21
164.63828260826082 3.0566368830332066e-21
164.73700179017902 3.0553011406797813e-21
164.83572097209722 3.0539670189519393e-21
164.93444015401542 3.0526345149489887e-21
165.0331593359336 3.051303625776549e-21
165.1318785178518 3.0499743485465477e-21
165.23059769977 3.048646680377198e-21
165.3293168816882 3.0473206183929847e-21
165.42803606360636 3.0459961597246523e-21
165.52675524552455 3.0446733015091844e-21
165.62547442744275 3.0433520408897987e-21
165.72419360936095 3.04203237501592e-21
165.82291279127912 3.0407143010431725e-21
165.92163197319732 3.0393978161333658e-21
166.02035115511552 3.0380829174544778e-21
166.11907033703372 3.0367696021806318e-21
166.2177895189519 3.035457867492105e-21
166.3165087008701 3.034147710575288e-21
166.4152278827883 3.032839128622682e-21
166.51394706470649 3.031532118832889e-21
166.61266624662466 3.0302266784105826e-21
166.71138542854285 3.0289228045665126e-21
166.81010461046105 3.0276204945174696e-21
166.90882379237925 3.0263197454862893e-21
167.00754297429742 3.0250205547018297e-21
167.10626215621562 3.023722919398948e-21
167.20498133813382 3.0224268368185066e-21
167.30370052005202 3.021132304207341e-21
167.4024197019702 3.019839318818247e-21
167.5011388838884 3.0185478779099855e-21
167.5998580658066 3.017257978747236e-21
167.69857724772478 3.0159696186006176e-21
167.79729642964296 3.0146827947466466e-21
167.89601561156115 3.0133975044677328e-21
167.99473479347935 3.012113745052174e-21
168.09345397539755 3.0108315137941257e-21
168.19217315731575 3.0095508079935984e-21
168.29089233923392 3.008271624956442e-21
168.38961152115212 3.0069939619943298e-21
168.48833070307032 3.0057178164247405e-21
168.58704988498852 3.004443185570955e-21
168.6857690669067 3.0031700667620284e-21
168.78448824882489 3.0018984573327924e-21
168.88320743074308 3.0006283546238275e-21
168.98192661266128 2.9993597559814597e-21
169.08064579457945 2.998092658757737e-21
169.17936497649765 2.99682706031042e-21
169.27808415841585 2.995562958002975e-21
169.37680334033405 2.994300349204546e-21
169.47552252225222 2.993039231289959e-21
169.57424170417042 2.991779601639687e-21
169.67296088608862 2.9905214576398564e-21
169.77168006800682 2.989264796682222e-21
169.870399249925 2.988009616164162e-21
169.96911843184319 2.9867559134886498e-21
170.06783761376138 2.9855036860642536e-21
170.16655679567958 2.984252931305124e-21
170.26527597759775 2.983003646630969e-21
170.36399515951595 2.981755829467055e-21
170.46271434143415 2.9805094772441787e-21
170.56143352335235 2.9792645873986666e-21
170.66015270527052 2.9780211573723573e-21
170.75887188718872 2.9767791846125783e-21
170.85759106910692 2.9755386665721556e-21
170.95631025102512 2.9742996007093764e-21
171.0550294329433 2.973061984487992e-21
171.15374861486148 2.9718258153771955e-21
171.25246779677968 2.970591090851615e-21
171.35118697869788 2.9693578083912967e-21
171.44990616061605 2.968125965481698e-21
171.54862534253425 2.9668955596136648e-21
171.64734452445245 2.9656665882834203e-21
171.74606370637065 2.9644390489925656e-21
171.84478288828885 2.963212939248052e-21
171.94350207020702 2.9619882565621697e-21
172.04222125212522 2.9607649984525413e-21
172.14094043404342 2.9595431624421054e-21
172.2396596159616 2.9583227460591044e-21
172.33837879787978 2.9571037468370747e-21
172.43709797979798 2.955886162314825e-21
172.53581716171618 2.954669990036436e-21
172.63453634363438 2.953455227551236e-21
172.73325552555255 2.9522418724137976e-21
172.83197470747075 2.9510299221839225e-21
172.93069388938895 2.949819374426625e-21
173.02941307130715 2.948610226712124e-21
173.12813225322532 2.9474024766158277e-21
173.22685143514352 2.9461961217183256e-21
173.32557061706171 2.9449911596053664e-21
173.4242897989799 2.9437875878678608e-21
173.52300898089808 2.9425854041018546e-21
173.62172816281628 2.941384605908525e-21
173.72044734473448 2.9401851908941633e-21
173.81916652665268 2.9389871566701707e-21
173.91788570857085 2.9377905008530317e-21
174.01660489048905 2.9365952210643166e-21
174.11532407240725 2.9354013149306658e-21
174.21404325432545 2.9342087800837658e-21
174.31276243624362 2.9330176141603574e-21
174.41148161816182 2.9318278148022054e-21
174.51020080008 2.9306393796560944e-21
174.6089199819982 2.9294523063738237e-21
174.70763916391638 2.9282665926121794e-21
174.80635834583458 2.9270822360329348e-21
174.90507752775278 2.925899234302833e-21
175.00379670967098 2.9247175850935785e-21
175.10251589158915 2.9235372860818235e-21
175.20123507350735 2.922358334949154e-21
175.29995425542555 2.921180729382085e-21
175.39867343734375 2.920004467072039e-21
175.49739261926194 2.9188295457153386e-21
175.59611180118011 2.9176559630131985e-21
175.6948309830983 2.91648371667171e-21
175.7935501650165 2.91531280440183e-21
175.8922693469347 2.9141432239193662e-21
175.99098852885288 2.9129749729449726e-21
176.08970771077108 2.911808049204132e-21
176.18842689268928 2.9106424504271485e-21
176.28714607460748 2.9094781743491258e-21
176.38586525652565 2.9083152187099796e-21
176.48458443844385 2.9071535812543912e-21
176.58330362036205 2.9059932597318316e-21
176.68202280228024 2.904834251896521e-21
176.78074198419841 2.9036765555074415e-21
176.8794611661166 2.902520168328303e-21
176.9781803480348 2.9013650881275544e-21
177.076899529953 2.9002113126783506e-21
177.17561871187118 2.8990588397585613e-21
177.27433789378938 2.8979076671507425e-21
177.37305707570758 2.8967577926421357e-21
177.47177625762578 2.895609214024656e-21
177.57049543954395 2.8944619290948803e-21
177.66921462146215 2.893315935654027e-21
177.76793380338034 2.8921712315079614e-21
177.86665298529854 2.8910278144671726e-21
177.9653721672167 2.88988568234676e-21
178.0640913491349 2.8887448329664425e-21
178.1628105310531 2.887605264150515e-21
178.2615297129713 2.8864669737278733e-21
178.36024889488948 2.885329959531975e-21
178.45896807680768 2.884194219400838e-21
178.55768725872588 2.883059751177036e-21
178.65640644064408 2.881926552707681e-21
178.75512562256225 2.8807946218444125e-21
178.85384480448045 2.8796639564433884e-21
178.95256398639864 2.8785345543652735e-21
179.05128316831684 2.8774064134752316e-21
179.15000235023504 2.8762795316429068e-21
179.2487215321532 2.875153906742425e-21
179.3474407140714 2.8740295366523706e-21
179.4461598959896 2.872906419255783e-21
179.5448790779078 2.8717845524401506e-21
179.64359825982598 2.870663934097386e-21
179.74231744174418 2.8695445621238273e-21
179.84103662366238 2.868426434420227e-21
179.93975580558057 2.867309548891737e-21
180.03847498749874 2.8661939034478934e-21
180.13719416941694 2.865079496002619e-21
180.23591335133514 2.8639663244742083e-21
180.33463253325334 2.8628543867853085e-21
180.4333517151715 2.8617436808629196e-21
180.5320708970897 2.860634204638377e-21
180.6307900790079 2.859525956047347e-21
180.7295092609261 2.8584189330298164e-21
180.82822844284428 2.8573131335300714e-21
180.92694762476248 2.8562085554967036e-21
181.02566680668068 2.855105196882586e-21
181.12438598859887 2.8540030556448713e-21
181.22310517051704 2.8529021297449794e-21
181.32182435243524 2.8518024171485856e-21
181.42054353435344 2.850703915825612e-21
181.51926271627164 2.849606623750216e-21
181.6179818981898 2.8485105389007853e-21
181.716701080108 2.8474156592599197e-21
181.8154202620262 2.8463219828144232e-21
181.9141394439444 2.8452295075553026e-21
182.01285862586258 2.8441382314777498e-21
182.11157780778078 2.8430481525811258e-21
182.21029698969897 2.8419592688689667e-21
182.30901617161717 2.8408715783489595e-21
182.40773535353534 2.8397850790329394e-21
182.50645453545354 2.838699768936883e-21
182.60517371737174 2.837615646080888e-21
182.70389289928994 2.83653270848917e-21
182.80261208120814 2.8354509541900523e-21
182.9013312631263 2.83437038121596e-21
183.0000504450445 2.833290987603402e-21
183.0987696269627 2.8322127713929643e-21
183.1974888088809 2.8311357306293046e-21
183.29620799079908 2.830059863361141e-21
183.39492717271727 2.8289851676412342e-21
183.49364635463547 2.827911641526395e-21
183.59236553655367 2.8268392830774516e-21
183.69108471847184 2.825768090359264e-21
183.78980390039004 2.824698061440696e-21
183.88852308230824 2.823629194394616e-21
183.98724226422644 2.8225614872978865e-21
184.0859614461446 2.8214949382313467e-21
184.1846806280628 2.820429545279817e-21
184.283399809981 2.819365306532072e-21
184.3821189918992 2.818302220080852e-21
184.48083817381738 2.8172402840228304e-21
184.57955735573557 2.8161794964586226e-21
184.67827653765377 2.8151198554927748e-21
184.77699571957197 2.814061359233743e-21
184.87571490149014 2.8130040057938913e-21
184.97443408340834 2.811947793289485e-21
185.07315326532654 2.810892719840681e-21
185.17187244724474 2.809838783571509e-21
185.2705916291629 2.8087859826098794e-21
185.3693108110811 2.807734315087557e-21
185.4680299929993 2.8066837791401594e-21
185.5667491749175 2.8056343729071562e-21
185.66546835683567 2.8045860945318394e-21
185.76418753875387 2.8035389421613342e-21
185.86290672067207 2.8024929139465825e-21
185.96162590259027 2.801448008042328e-21
186.06034508450844 2.80040422260712e-21
186.15906426642664 2.7993615558032914e-21
186.25778344834484 2.7983200057969594e-21
186.35650263026304 2.797279570758009e-21
186.45522181218124 2.796240248860094e-21
186.5539409940994 2.7952020382806157e-21
186.6526601760176 2.7941649372007224e-21
186.7513793579358 2.793128943805298e-21
186.850098539854 2.7920940562829577e-21
186.94881772177217 2.7910602728260305e-21
187.04753690369037 2.7900275916305574e-21
187.14625608560857 2.7889960108962795e-21
187.24497526752677 2.7879655288266296e-21
187.34369444944494 2.7869361436287272e-21
187.44241363136314 2.7859078535133634e-21
187.54113281328134 2.784880656694996e-21
187.63985199519954 2.783854551391742e-21
187.7385711771177 2.782829535825366e-21
187.8372903590359 2.7818056082212737e-21
187.9360095409541 2.780782766808501e-21
188.0347287228723 2.7797610098197123e-21
188.13344790479047 2.77874033549118e-21
188.23216708670867 2.7777207420627865e-21
188.33088626862687 2.776702227778011e-21
188.42960545054507 2.7756847908839243e-21
188.52832463246324 2.7746684296311704e-21
188.62704381438144 2.7736531422739792e-21
188.72576299629964 2.7726389270701316e-21
188.82448217821783 2.7716257822809697e-21
188.923201360136 2.7706137061713855e-21
189.0219205420542 2.7696026970098037e-21
189.1206397239724 2.768592753068187e-21
189.2193589058906 2.7675838726220143e-21
189.31807808780877 2.766576053950281e-21
189.41679726972697 2.7655692953354893e-21
189.51551645164517 2.7645635950636367e-21
189.61423563356337 2.7635589514242135e-21
189.71295481548154 2.762555362710187e-21
189.81167399739974 2.7615528272180036e-21
189.91039317931794 2.760551343247565e-21
190.00911236123613 2.759550909102241e-21
190.10783154315433 2.7585515230888423e-21
190.2065507250725 2.7575531835176246e-21
190.3052699069907 2.75655588870227e-21
190.4039890889089 2.7555596369598934e-21
190.5027082708271 2.7545644266110203e-21
190.60142745274527 2.753570255979587e-21
190.70014663466347 2.7525771233929297e-21
190.79886581658167 2.7515850271817757e-21
190.89758499849987 2.750593965680241e-21
190.99630418041804 2.7496039372258133e-21
191.09502336233624 2.7486149401593524e-21
191.19374254425443 2.747626972825079e-21
191.29246172617263 2.7466400335705645e-21
191.3911809080908 2.745654120746727e-21
191.489900090009 2.7446692327078223e-21
191.5886192719272 2.7436853678114346e-21
191.6873384538454 2.7427025244184718e-21
191.78605763576357 2.741720700893153e-21
191.88477681768177 2.7407398956030055e-21
191.98349599959997 2.739760106918855e-21
192.08221518151817 2.738781333214817e-21
192.18093436343634 2.7378035728682923e-21
192.27965354535453 2.736826824259956e-21
192.37837272727273 2.7358510857737487e-21
192.47709190919093 2.734876355796874e-21
192.5758110911091 2.7339026327197893e-21
192.6745302730273 2.732929914936193e-21
192.7732494549455 2.7319582008430244e-21
192.8719686368637 2.7309874888404525e-21
192.97068781878187 2.7300177773318645e-21
193.06940700070007 2.7290490647238697e-21
193.16812618261827 2.728081349426275e-21
193.26684536453647 2.727114629852097e-21
193.36556454645464 2.7261489044175405e-21
193.46428372837283 2.7251841715419943e-21
193.56300291029103 2.7242204296480267e-21
193.66172209220923 2.723257677161374e-21
193.76044127412743 2.7222959125109363e-21
193.8591604560456 2.721335134128771e-21
193.9578796379638 2.7203753404500822e-21
194.056598819882 2.719416529913213e-21
194.1553180018002 2.7184587009596447e-21
194.25403718371837 2.717501852033977e-21
194.35275636563657 2.716545981583939e-21
194.45147554755476 2.715591088060359e-21
194.55019472947296 2.714637169917182e-21
194.64891391139113 2.7136842256114424e-21
194.74763309330933 2.7127322536032665e-21
194.84635227522753 2.7117812523558657e-21
194.94507145714573 2.710831220335521e-21
195.0437906390639 2.7098821560115923e-21
195.1425098209821 2.7089340578564903e-21
195.2412290029003 2.7079869243456873e-21
195.3399481848185 2.707040753957696e-21
195.43866736673667 2.706095545174079e-21
195.53738654865487 2.705151296479421e-21
195.63610573057306 2.704208006361342e-21
195.73482491249126 2.703265673310477e-21
195.83354409440943 2.7023242958204697e-21
195.93226327632763 2.701383872387976e-21
196.03098245824583 2.7004444015126463e-21
196.12970164016403 2.6995058816971204e-21
196.2284208220822 2.6985683114470252e-21
196.3271400040004 2.6976316892709648e-21
196.4258591859186 2.696696013680512e-21
196.5245783678368 2.6957612831902052e-21
196.62329754975497 2.6948274963175385e-21
196.72201673167316 2.6938946515829557e-21
196.82073591359136 2.6929627475098426e-21
196.91945509550956 2.6920317826245256e-21
197.01817427742773 2.6911017554562545e-21
197.11689345934593 2.6901726645372063e-21
197.21561264126413 2.689244508402471e-21
197.31433182318233 2.6883172855900515e-21
197.41305100510053 2.6873909946408518e-21
197.5117701870187 2.6864656340986675e-21
197.6104893689369 2.685541202510191e-21
197.7092085508551 2.6846176984249888e-21
197.8079277327733 2.6836951203955094e-21
197.90664691469146 2.682773466977069e-21
198.00536609660966 2.6818527367278446e-21
198.10408527852786 2.6809329282088696e-21
198.20280446044606 2.680014039984029e-21
198.30152364236423 2.679096070620049e-21
198.40024282428243 2.67817901868649e-21
198.49896200620063 2.677262882755748e-21
198.59768118811883 2.6763476614030344e-21
198.696400370037 2.675433353206382e-21
198.7951195519552 2.674519956746636e-21
198.8938387338734 2.6736074706074386e-21
198.9925579157916 2.6726958933752355e-21
199.09127709770976 2.67178522363926e-21
199.18999627962796 2.67087545999153e-21
199.28871546154616 2.669966601026843e-21
199.38743464346436 2.6690586453427657e-21
199.48615382538253 2.6681515915396335e-21
199.58487300730073 2.667245438220536e-21
199.68359218921893 2.666340183991321e-21
199.78231137113713 2.66543582746058e-21
199.8810305530553 2.6645323672396403e-21
199.9797497349735 2.6636298019425706e-21
200.0784689168917 2.662728130186159e-21
200.1771880988099 2.6618273505899208e-21
200.27590728072806 2.6609274617760874e-21
200.37462646264626 2.6600284623695876e-21
200.47334564456446 2.6591303509980685e-21
200.57206482648266 2.6582331262918617e-21
200.67078400840086 2.657336786883991e-21
200.76950319031903 2.6564413314101694e-21
200.86822237223723 2.6555467585087818e-21
200.96694155415543 2.6546530668208863e-21
201.06566073607362 2.6537602549902084e-21
201.1643799179918 2.6528683216631313e-21
201.26309909991 2.6519772654886895e-21
201.3618182818282 2.651087085118569e-21
201.4605374637464 2.6501977792070973e-21
201.55925664566456 2.6493093464112288e-21
201.65797582758276 2.6484217853905584e-21
201.75669500950096 2.647535094807297e-21
201.85541419141916 2.6466492733262705e-21
201.95413337333733 2.6457643196149244e-21
202.05285255525553 2.6448802323433013e-21
202.15157173717373 2.6439970101840477e-21
202.25029091909192 2.643114651812401e-21
202.3490101010101 2.6422331559061866e-21
202.4477292829283 2.6413525211458118e-21
202.5464484648465 2.640472746214258e-21
202.6451676467647 2.6395938297970796e-21
202.74388682868286 2.6387157705823914e-21
202.84260601060106 2.637838567260864e-21
202.94132519251926 2.6369622185257297e-21
203.04004437443746 2.6360867230727556e-21
203.13876355635563 2.6352120796002564e-21
203.23748273827383 2.6343382868090787e-21
203.33620192019202 2.6334653434026006e-21
203.43492110211022 2.6325932480867184e-21
203.5336402840284 2.631721999569852e-21
203.6323594659466 2.6308515965629296e-21
203.7310786478648 2.6299820377793848e-21
203.829797829783 2.629113321935152e-21
203.92851701170116 2.628245447748664e-21
204.02723619361936 2.6273784139408352e-21
204.12595537553756 2.6265122192350695e-21
204.22467455745576 2.6256468623572456e-21
204.32339373937396 2.624782342035716e-21
204.42211292129213 2.6239186570012954e-21
204.52083210321032 2.6230558059872632e-21
204.61955128512852 2.622193787729357e-21
204.71827046704672 2.6213326009657538e-21
204.8169896489649 2.6204722444370856e-21
204.9157088308831 2.619612716886416e-21
205.0144280128013 2.6187540170592434e-21
205.1131471947195 2.6178961437034963e-21
205.21186637663766 2.6170390955695204e-21
205.31058555855586 2.6161828714100804e-21
205.40930474047406 2.6153274699803542e-21
205.50802392239225 2.61447289003792e-21
205.60674310431042 2.6136191303427614e-21
205.70546228622862 2.6127661896572513e-21
205.80418146814682 2.6119140667461576e-21
205.90290065006502 2.6110627603766274e-21
206.0016198319832 2.6102122693181894e-21
206.1003390139014 2.6093625923427436e-21
206.1990581958196 2.6085137282245558e-21
206.2977773777378 2.6076656757402588e-21
206.39649655965596 2.6068184336688397e-21
206.49521574157416 2.6059720007916322e-21
206.59393492349236 2.60512637589233e-21
206.69265410541055 2.6042815577569536e-21
206.79137328732872 2.6034375451738658e-21
206.89009246924692 2.6025943369337605e-21
206.98881165116512 2.6017519318296532e-21
207.08753083308332 2.600910328656884e-21
207.1862500150015 2.6000695262131044e-21
207.2849691969197 2.5992295232982747e-21
207.3836883788379 2.5983903187146624e-21
207.4824075607561 2.5975519112668322e-21
207.58112674267426 2.5967142997616445e-21
207.67984592459246 2.5958774830082454e-21
207.77856510651065 2.5950414598180674e-21
207.87728428842885 2.5942062290048205e-21
207.97600347034705 2.5933717893844877e-21
208.07472265226522 2.5925381397753206e-21
208.17344183418342 2.5917052789978335e-21
208.27216101610162 2.5908732058748e-21
208.37088019801982 2.5900419192312444e-21
208.469599379938 2.5892114178944413e-21
208.5683185618562 2.588381700693906e-21
208.6670377437744 2.5875527664613923e-21
208.76575692569259 2.586724614030888e-21
208.86447610761076 2.5858972422386076e-21
208.96319528952895 2.5850706499229856e-21
209.06191447144715 2.584244835924681e-21
209.16063365336535 2.583419799086557e-21
209.25935283528352 2.582595538253694e-21
209.35807201720172 2.581772052273365e-21
209.45679119911992 2.5809493399950525e-21
209.55551038103812 2.5801274002704194e-21
209.6542295629563 2.5793062319533265e-21
209.7529487448745 2.5784858338998138e-21
209.8516679267927 2.5776662049680983e-21
209.95038710871088 2.5768473440185742e-21
210.04910629062906 2.5760292499137996e-21
210.14782547254725 2.575211921518502e-21
210.24654465446545 2.5743953576995606e-21
210.34526383638365 2.5735795573260147e-21
210.44398301830182 2.5727645192690474e-21
210.54270220022002 2.5719502424019943e-21
210.64142138213822 2.5711367256003215e-21
210.74014056405642 2.570323967741635e-21
210.8388597459746 2.569511967705669e-21
210.9375789278928 2.568700724374284e-21
211.03629810981099 2.5678902366314608e-21
211.13501729172918 2.5670805033632945e-21
211.23373647364735 2.5662715234579943e-21
211.33245565556555 2.565463295805872e-21
211.43117483748375 2.5646558192993452e-21
211.52989401940195 2.5638490928329223e-21
211.62861320132015 2.563043115303211e-21
211.72733238323832 2.5622378856089025e-21
211.82605156515652 2.5614334026507716e-21
211.92477074707472 2.5606296653316718e-21
212.02348992899292 2.5598266725565285e-21
212.1222091109111 2.5590244232323414e-21
212.22092829282929 2.5582229162681683e-21
212.31964747474748 2.5574221505751286e-21
212.41836665666568 2.5566221250664016e-21
212.51708583858385 2.5558228386572076e-21
212.61580502050205 2.5550242902648243e-21
212.71452420242025 2.5542264788085656e-21
212.81324338433845 2.5534294032097802e-21
212.91196256625662 2.5526330623918527e-21
213.01068174817482 2.551837455280193e-21
213.10940093009302 2.5510425808022383e-21
213.20812011201122 2.5502484378874397e-21
213.3068392939294 2.5494550254672697e-21
213.40555847584758 2.548662342475206e-21
213.50427765776578 2.5478703878467295e-21
213.60299683968398 2.5470791605193277e-21
213.70171602160215 2.5462886594324833e-21
213.80043520352035 2.5454988835276705e-21
213.89915438543855 2.5447098317483487e-21
213.99787356735675 2.5439215030399665e-21
214.09659274927492 2.543133896349948e-21
214.19531193119312 2.5423470106276896e-21
214.29403111311132 2.541560844824565e-21
214.39275029502951 2.5407753978939065e-21
214.49146947694769 2.5399906687910128e-21
214.59018865886588 2.539206656473138e-21
214.68890784078408 2.5384233598994875e-21
214.78762702270228 2.5376407780312195e-21
214.88634620462045 2.5368589098314343e-21
214.98506538653865 2.5360777542651694e-21
215.08378456845685 2.535297310299402e-21
215.18250375037505 2.53451757690304e-21
215.28122293229325 2.533738553046915e-21
215.37994211421142 2.532960237703788e-21
215.47866129612962 2.532182629848332e-21
215.57738047804781 2.531405728457138e-21
215.676099659966 2.530629532508708e-21
215.77481884188418 2.529854040983446e-21
215.87353802380238 2.5290792528636636e-21
215.97225720572058 2.528305167133562e-21
216.07097638763878 2.527531782779245e-21
216.16969556955695 2.5267590987886966e-21
216.26841475147515 2.525987114151796e-21
216.36713393339335 2.5252158278602916e-21
216.46585311531155 2.5244452389078195e-21
216.56457229722972 2.5236753462898825e-21
216.66329147914792 2.5229061490038505e-21
216.7620106610661 2.5221376460489633e-21
216.8607298429843 2.5213698364263166e-21
216.95944902490248 2.5206027191388663e-21
217.05816820682068 2.5198362931914122e-21
217.15688738873888 2.519070557590614e-21
217.25560657065708 2.518305511344967e-21
217.35432575257525 2.5175411534648083e-21
217.45304493449345 2.5167774829623133e-21
217.55176411641165 2.5160144988514858e-21
217.65048329832985 2.51525220014816e-21
217.74920248024802 2.514490585869993e-21
217.84792166216621 2.5137296550364625e-21
217.9466408440844 2.512969406668862e-21
218.0453600260026 2.5122098397902913e-21
218.14407920792078 2.511450953425671e-21
218.24279838983898 2.510692746601712e-21
218.34151757175718 2.5099352183469364e-21
218.44023675367538 2.509178367691651e-21
218.53895593559355 2.5084221936679656e-21
218.63767511751175 2.5076666953097724e-21
218.73639429942995 2.5069118716527458e-21
218.83511348134815 2.5061577217343497e-21
218.93383266326634 2.505404244593814e-21
219.0325518451845 2.5046514392721475e-21
219.1312710271027 2.5038993048121272e-21
219.2299902090209 2.503147840258293e-21
219.3287093909391 2.502397044656944e-21
219.42742857285728 2.5016469170561437e-21
219.52614775477548 2.5008974565057027e-21
219.62486693669368 2.5001486620571835e-21
219.72358611861188 2.499400532763892e-21
219.82230530053005 2.4986530676808805e-21
219.92102448244825 2.497906265864935e-21
220.01974366436644 2.497160126374577e-21
220.11846284628464 2.4964146482700603e-21
220.2171820282028 2.495669830613365e-21
220.315901210121 2.494925672468192e-21
220.4146203920392 2.4941821728999612e-21
220.5133395739574 2.493439330975814e-21
220.61205875587558 2.492697145764596e-21
220.71077793779378 2.4919556163368663e-21
220.80949711971198 2.4912147417648847e-21
220.90821630163018 2.4904745211226137e-21
221.00693548354835 2.4897349534857133e-21
221.10565466546655 2.4889960379315333e-21
221.20437384738474 2.488257773539117e-21
221.30309302930294 2.4875201593891923e-21
221.4018122112211 2.4867831945641684e-21
221.5005313931393 2.486046878148132e-21
221.5992505750575 2.48531120922685e-21
221.6979697569757 2.484576186887754e-21
221.79668893889388 2.4838418102199492e-21
221.89540812081208 2.483108078314202e-21
221.99412730273028 2.4823749902629345e-21
222.09284648464848 2.4816425451602367e-21
222.19156566656665 2.4809107421018422e-21
222.29028484848484 2.4801795801851376e-21
222.38900403040304 2.4794490585091563e-21
222.48772321232124 2.4787191761745757e-21
222.58644239423944 2.4779899322837076e-21
222.6851615761576 2.4772613259405022e-21
222.7838807580758 2.4765333562505428e-21
222.882599939994 2.4758060223210384e-21
222.9813191219122 2.475079323260824e-21
223.08003830383038 2.4743532581803567e-21
223.17875748574858 2.4736278261917104e-21
223.27747666766678 2.4729030264085723e-21
223.37619584958497 2.472178857946246e-21
223.47491503150314 2.4714553199216328e-21
223.57363421342134 2.4707324114532465e-21
223.67235339533954 2.470010131661198e-21
223.77107257725774 2.4692884796671987e-21
223.8697917591759 2.4685674545945447e-21
223.9685109410941 2.4678470555681294e-21
224.0672301230123 2.4671272817144335e-21
224.1659493049305 2.4664081321615184e-21
224.26466848684868 2.4656896060390265e-21
224.36338766876688 2.464971702478175e-21
224.46210685068507 2.464254420611754e-21
224.56082603260327 2.463537759574126e-21
224.65954521452144 2.462821718501218e-21
224.75826439643964 2.4621062965305205e-21
224.85698357835784 2.4613914928010862e-21
224.95570276027604 2.4606773064535143e-21
225.0544219421942 2.459963736629969e-21
225.1531411241124 2.4592507824741583e-21
225.2518603060306 2.458538443131337e-21
225.3505794879488 2.457826717748301e-21
225.44929866986698 2.4571156054733894e-21
225.54801785178518 2.4564051054564745e-21
225.64673703370337 2.455695216848962e-21
225.74545621562157 2.4549859388037912e-21
225.84417539753974 2.4542772704754212e-21
225.94289457945794 2.453569211019841e-21
226.04161376137614 2.4528617595945535e-21
226.14033294329434 2.4521549153585828e-21
226.23905212521254 2.4514486774724633e-21
226.3377713071307 2.4507430450982413e-21
226.4364904890489 2.45003801739947e-21
226.5352096709671 2.4493335935412052e-21
226.6339288528853 2.448629772690003e-21
226.73264803480347 2.447926554013919e-21
226.83136721672167 2.4472239366824994e-21
226.93008639863987 2.446521919866785e-21
227.02880558055807 2.4458205027393007e-21
227.12752476247624 2.4451196844740603e-21
227.22624394439444 2.444419464246552e-21
227.32496312631264 2.44371984123375e-21
227.42368230823084 2.443020814614099e-21
227.522401490149 2.442322383567516e-21
227.6211206720672 2.4416245472753864e-21
227.7198398539854 2.4409273049205632e-21
227.8185590359036 2.44023065568736e-21
227.91727821782177 2.439534598761551e-21
228.01599739973997 2.4388391333303637e-21
228.11471658165817 2.438144258582484e-21
228.21343576357637 2.437449973708043e-21
228.31215494549454 2.43675627789862e-21
228.41087412741274 2.4360631703472397e-21
228.50959330933094 2.435370650248366e-21
228.60831249124914 2.434678716797902e-21
228.7070316731673 2.4339873691931832e-21
228.8057508550855 2.433296606632979e-21
228.9044700370037 2.4326064283174856e-21
229.0031892189219 2.4319168334483264e-21
229.10190840084007 2.4312278212285468e-21
229.20062758275827 2.4305393908626086e-21
229.29934676467647 2.4298515415563953e-21
229.39806594659467 2.4291642725172008e-21
229.49678512851284 2.4284775829537313e-21
229.59550431043104 2.427791472076096e-21
229.69422349234924 2.4271059390958148e-21
229.79294267426744 2.426420983225805e-21
229.89166185618564 2.4257366036803828e-21
229.9903810381038 2.4250527996752608e-21
230.089100220022 2.424369570427546e-21
230.1878194019402 2.4236869151557304e-21
230.2865385838584 2.4230048330796968e-21
230.38525776577657 2.4223233234207116e-21
230.48397694769477 2.4216423854014186e-21
230.58269612961297 2.4209620182458443e-21
230.68141531153117 2.420282221179386e-21
230.78013449344934 2.419602993428815e-21
230.87885367536754 2.4189243342222723e-21
230.97757285728574 2.418246242789264e-21
231.07629203920393 2.4175687183606624e-21
231.1750112211221 2.416891760168696e-21
231.2737304030403 2.4162153674469542e-21
231.3724495849585 2.4155395394303794e-21
231.4711687668767 2.4148642753552676e-21
231.56988794879487 2.4141895744592637e-21
231.66860713071307 2.413515435981355e-21
231.76732631263127 2.41284185916188e-21
231.86604549454947 2.412168843242511e-21
231.96476467646764 2.4114963874662625e-21
232.06348385838584 2.410824491077478e-21
232.16220304030404 2.4101531533218404e-21
232.26092222222223 2.4094823734463556e-21
232.3596414041404 2.4088121506993626e-21
232.4583605860586 2.4081424843305168e-21
232.5570797679768 2.4074733735908003e-21
232.655798949895 2.4068048177325115e-21
232.75451813181317 2.4061368160092637e-21
232.85323731373137 2.405469367675981e-21
232.95195649564957 2.4048024719889035e-21
233.05067567756777 2.4041361282055727e-21
233.14939485948597 2.403470335584835e-21
233.24811404140414 2.4028050933868434e-21
233.34683322332234 2.402140400873042e-21
233.44555240524053 2.4014762573061784e-21
233.54427158715873 2.400812661950291e-21
233.6429907690769 2.4001496140707046e-21
233.7417099509951 2.3994871129340392e-21
233.8404291329133 2.3988251578081972e-21
233.9391483148315 2.398163747962363e-21
234.03786749674967 2.3975028826670002e-21
234.13658667866787 2.396842561193853e-21
234.23530586058607 2.3961827828159375e-21
234.33402504250427 2.395523546807542e-21
234.43274422442244 2.3948648524442243e-21
234.53146340634063 2.3942066990028104e-21
234.63018258825883 2.3935490857613884e-21
234.72890177017703 2.392892011999308e-21
234.8276209520952 2.3922354769971783e-21
234.9263401340134 2.391579480036865e-21
235.0250593159316 2.390924020401486e-21
235.1237784978498 2.390269097375411e-21
235.22249767976797 2.389614710244255e-21
235.32121686168617 2.388960858294885e-21
235.41993604360437 2.3883075408154058e-21
235.51865522552256 2.387654757095162e-21
235.61737440744074 2.3870025064247408e-21
235.71609358935893 2.38635078809596e-21
235.81481277127713 2.385699601401873e-21
235.91353195319533 2.3850489456367628e-21
236.0122511351135 2.3843988200961405e-21
236.1109703170317 2.383749224076738e-21
236.2096894989499 2.3831001568765175e-21
236.3084086808681 2.382451617794653e-21
236.40712786278627 2.3818036061315414e-21
236.50584704470447 2.381156121188793e-21
236.60456622662267 2.380509162269228e-21
236.70328540854086 2.37986272867688e-21
236.80200459045906 2.379216819716988e-21
236.90072377237723 2.3785714346959966e-21
236.99944295429543 2.377926572921553e-21
237.09816213621363 2.377282233702502e-21
237.19688131813183 2.376638416348889e-21
237.29560050005 2.3759951201719485e-21
237.3943196819682 2.3753523444841163e-21
237.4930388638864 2.3747100885990107e-21
237.5917580458046 2.3740683518314392e-21
237.69047722772277 2.3734271334973966e-21
237.78919640964097 2.3727864329140576e-21
237.88791559155916 2.3721462493997753e-21
237.98663477347736 2.371506582274087e-21
238.08535395539553 2.3708674308576995e-21
238.18407313731373 2.3702287944724936e-21
238.28279231923193 2.3695906724415213e-21
238.38151150115013 2.3689530640890005e-21
238.4802306830683 2.3683159687403177e-21
238.5789498649865 2.3676793857220197e-21
238.6776690469047 2.367043314361816e-21
238.7763882288229 2.366407753988572e-21
238.87510741074107 2.365772703932312e-21
238.97382659265926 2.3651381635242113e-21
239.07254577457746 2.3645041320965958e-21
239.17126495649566 2.363870608982945e-21
239.26998413841383 2.3632375935178767e-21
239.36870332033203 2.362605085037162e-21
239.46742250225023 2.3619730828777066e-21
239.56614168416843 2.3613415863775567e-21
239.6648608660866 2.3607105948758996e-21
239.7635800480048 2.3600801077130528e-21
239.862299229923 2.359450124230465e-21
239.9610184118412 2.35882064377072e-21
240.05973759375937 2.358191665677526e-21
240.15845677567756 2.357563189295717e-21
240.25717595759576 2.35693521397125e-21
240.35589513951396 2.3563077390512025e-21
240.45461432143216 2.35568076388377e-21
240.55333350335033 2.3550542878182655e-21
240.65205268526853 2.354428310205115e-21
240.75077186718673 2.353802830395854e-21
240.84949104910493 2.3531778477431307e-21
240.9482102310231 2.3525533616006993e-21
241.0469294129413 2.351929371323417e-21
241.1456485948595 2.351305876267242e-21
241.2443677767777 2.3506828757892398e-21
241.34308695869586 2.3500603692475652e-21
241.44180614061406 2.349438356001473e-21
241.54052532253226 2.348816835411313e-21
241.63924450445046 2.348195806838521e-21
241.73796368636863 2.3475752696456257e-21
241.83668286828683 2.346955223196243e-21
241.93540205020503 2.346335666855069e-21
242.03412123212323 2.345716599987887e-21
242.1328404140414 2.345098021961557e-21
242.2315595959596 2.344479932144018e-21
242.3302787778778 2.3438623299042835e-21
242.428997959796 2.343245214612444e-21
242.52771714171416 2.3426285856396548e-21
242.62643632363236 2.3420124423581485e-21
242.72515550555056 2.3413967841412172e-21
242.82387468746876 2.340781610363221e-21
242.92259386938693 2.3401669203995834e-21
243.02131305130513 2.3395527136267837e-21
243.12003223322333 2.3389389894223678e-21
243.21875141514153 2.338325747164927e-21
243.3174705970597 2.3377129862341178e-21
243.4161897789779 2.337100706010636e-21
243.5149089608961 2.3364889058762393e-21
243.6136281428143 2.3358775852137222e-21
243.71234732473246 2.3352667434069345e-21
243.81106650665066 2.334656379840758e-21
243.90978568856886 2.3340464939011267e-21
244.00850487048706 2.3334370849750074e-21
244.10722405240526 2.3328281524504024e-21
244.20594323432343 2.332219695716355e-21
244.30466241624163 2.3316117141629337e-21
244.40338159815983 2.3310042071812415e-21
244.50210078007802 2.330397174163411e-21
244.6008199619962 2.3297906145026003e-21
244.6995391439144 2.3291845275929884e-21
244.7982583258326 2.32857891282978e-21
244.8969775077508 2.3279737696092004e-21
244.99569668966896 2.327369097328489e-21
245.09441587158716 2.326764895385905e-21
245.19313505350536 2.326161163180721e-21
245.29185423542356 2.325557900113221e-21
245.39057341734173 2.3249551055846968e-21
245.48929259925993 2.3243527789974504e-21
245.58801178117812 2.323750919754788e-21
245.68673096309632 2.3231495272610212e-21
245.7854501450145 2.322548600921464e-21
245.8841693269327 2.3219481401424253e-21
245.9828885088509 2.3213481443312157e-21
246.0816076907691 2.320748612896142e-21
246.18032687268726 2.320149545246501e-21
246.27904605460546 2.3195509407925833e-21
246.37776523652366 2.3189527989456712e-21
246.47648441844186 2.3183551191180297e-21
246.57520360036003 2.3177579007229117e-21
246.67392278227823 2.317161143174557e-21
246.77264196419642 2.3165648458881804e-21
246.87136114611462 2.3159690082799822e-21
246.9700803280328 2.315373629767138e-21
247.068799509951 2.3147787097677957e-21
247.1675186918692 2.3141842477010857e-21
247.2662378737874 2.313590242987101e-21
247.36495705570556 2.3129966950469097e-21
247.46367623762376 2.3124036033025457e-21
247.56239541954196 2.31181096717701e-21
247.66111460146016 2.3112187860942683e-21
247.75983378337835 2.3106270594792424e-21
247.85855296529652 2.310035786757823e-21
247.95727214721472 2.3094449673568547e-21
248.05599132913292 2.308854600704136e-21
248.15471051105112 2.3082646862284227e-21
248.2534296929693 2.3076752233594227e-21
248.3521488748875 2.3070862115277947e-21
248.4508680568057 2.306497650165144e-21
248.5495872387239 2.305909538704028e-21
248.64830642064206 2.3053218765779393e-21
248.74702560256026 2.3047346632213217e-21
248.84574478447846 2.3041478980695545e-21
248.94446396639665 2.303561580558965e-21
249.04318314831482 2.302975710126805e-21
249.14190233023302 2.3023902862112713e-21
249.24062151215122 2.3018053082514896e-21
249.33934069406942 2.301220775687519e-21
249.4380598759876 2.3006366879603497e-21
249.5367790579058 2.300053044511896e-21
249.635498239824 2.299469844785001e-21
249.7342174217422 2.2988870882234323e-21
249.83293660366036 2.2983047742718755e-21
249.93165578557856 2.2977229023759437e-21
250.03037496749675 2.297141471982164e-21
250.12909414941495 2.2965604825379785e-21
250.22781333133312 2.2959799334917505e-21
250.32653251325132 2.2953998242927514e-21
250.42525169516952 2.294820154391166e-21
250.52397087708772 2.2942409232380882e-21
250.6226900590059 2.2936621302855167e-21
250.7214092409241 2.293083774986363e-21
250.8201284228423 2.2925058567944364e-21
250.9188476047605 2.291928375164452e-21
251.01756678667866 2.291351329552021e-21
251.11628596859686 2.2907747194136605e-21
251.21500515051505 2.2901985442067764e-21
251.31372433243325 2.289622803389677e-21
251.41244351435145 2.289047496421558e-21
251.51116269626962 2.2884726227625107e-21
251.60988187818782 2.2878981818735163e-21
251.70860106010602 2.2873241732164383e-21
251.80732024202422 2.2867505962540337e-21
251.9060394239424 2.28617745044994e-21
252.0047586058606 2.2856047352686794e-21
252.1034777877788 2.2850324501756523e-21
252.20219696969698 2.2844605946371417e-21
252.30091615161516 2.283889168120305e-21
252.39963533353335 2.2833181700931775e-21
252.49835451545155 2.2827476000246686e-21
252.59707369736975 2.28217745738456e-21
252.69579287928792 2.2816077416435006e-21
252.79451206120612 2.2810384522730115e-21
252.89323124312432 2.280469588745481e-21
252.99195042504252 2.279901150534162e-21
253.0906696069607 2.2793331371131713e-21
253.1893887888789 2.2787655479574862e-21
253.28810797079709 2.2781983825429444e-21
253.38682715271528 2.277631640346246e-21
253.48554633463345 2.277065320844945e-21
253.58426551655165 2.276499423517448e-21
253.68298469846985 2.2759339478430213e-21
253.78170388038805 2.275368893301777e-21
253.88042306230622 2.2748042593746798e-21
253.97914224422442 2.2742400455435445e-21
254.07786142614262 2.2736762512910303e-21
254.17658060806082 2.273112876100643e-21
254.275299789979 2.27254991945673e-21
254.3740189718972 2.2719873808444807e-21
254.47273815381538 2.271425259749926e-21
254.57145733573358 2.2708635556599386e-21
254.67017651765175 2.270302268062218e-21
254.76889569956995 2.2697413964453084e-21
254.86761488148815 2.2691809402985846e-21
254.96633406340635 2.268620899112249e-21
255.06505324532455 2.2680612723773413e-21
255.16377242724272 2.2675020595857253e-21
255.26249160916092 2.2669432602300937e-21
255.36121079107912 2.2663848738039625e-21
255.45992997299732 2.2658268998016725e-21
255.55864915491549 2.265269337718388e-21
255.65736833683368 2.2647121870500914e-21
255.75608751875188 2.264155447293586e-21
255.85480670067008 2.26359911794649e-21
255.95352588258825 2.2630431985072395e-21
256.05224506450645 2.2624876884750844e-21
256.1509642464246 2.261932587350087e-21
256.24968342834285 2.2613778946331175e-21
256.348402610261 2.2608236098258596e-21
256.4471217921792 2.260269732430801e-21
256.5458409740974 2.2597162619512402e-21
256.6445601560156 2.2591631978912782e-21
256.74327933793376 2.258610539755814e-21
256.841998519852 2.258058287050554e-21
256.94071770177015 2.257506439282006e-21
257.0394368836884 2.2569549959574676e-21
257.13815606560655 2.256403956585041e-21
257.2368752475247 2.2558533206736196e-21
257.33559442944295 2.255303087732893e-21
257.4343136113611 2.2547532572733396e-21
257.5330327932793 2.25420382880623e-21
257.6317519751975 2.253654801843624e-21
257.7304711571157 2.2531061758983704e-21
257.8291903390339 2.252557950484099e-21
257.9279095209521 2.252010125115229e-21
258.02662870287025 2.2514626993069606e-21
258.1253478847885 2.2509156725752726e-21
258.22406706670665 2.2503690444369268e-21
258.3227862486248 2.2498228144094643e-21
258.42150543054305 2.249276982011198e-21
258.5202246124612 2.2487315467612205e-21
258.61894379437945 2.2481865081793976e-21
258.7176629762976 2.2476418657863636e-21
258.8163821582158 2.2470976191035274e-21
258.915101340134 2.2465537676530675e-21
259.0138205220522 2.246010310957926e-21
259.1125397039704 2.2454672485418144e-21
259.2112588858886 2.2449245799292074e-21
259.30997806780675 2.244382304645344e-21
259.408697249725 2.243840422216224e-21
259.50741643164315 2.2432989321686112e-21
259.6061356135613 2.2427578340300208e-21
259.70485479547955 2.2422171273287313e-21
259.8035739773977 2.241676811593774e-21
259.90229315931595 2.2411368863549372e-21
260.0010123412341 2.2405973511427606e-21
260.0997315231523 2.240058205488535e-21
260.1984507050705 2.2395194489243e-21
260.2971698869887 2.238981080982849e-21
260.39588906890685 2.2384431011977163e-21
260.4946082508251 2.2379055091031843e-21
260.59332743274325 2.2373683042342797e-21
260.6920466146615 2.236831486126774e-21
260.79076579657965 2.2362950543171757e-21
260.8894849784978 2.235759008342736e-21
260.98820416041605 2.2352233477414454e-21
261.0869233423342 2.234688072052027e-21
261.1856425242524 2.2341531808139466e-21
261.2843617061706 2.2336186735673975e-21
261.3830808880888 2.2330845498533094e-21
261.481800070007 2.23255080921334e-21
261.5805192519252 2.232017451189884e-21
261.67923843384335 2.2314844753260553e-21
261.7779576157616 2.230951881165702e-21
261.87667679767975 2.2304196682533964e-21
261.9753959795979 2.2298878361344317e-21
262.07411516151615 2.2293563843548294e-21
262.1728343434343 2.2288253124613273e-21
262.27155352535254 2.2282946200013864e-21
262.3702727072707 2.2277643065231864e-21
262.4689918891889 2.227234371575623e-21
262.5677110711071 2.2267048147083105e-21
262.6664302530253 2.2261756354715734e-21
262.7651494349435 2.2256468334164546e-21
262.8638686168617 2.2251184080947056e-21
262.96258779877985 2.224590359058789e-21
263.0613069806981 2.224062685861875e-21
263.16002616261625 2.2235353880578446e-21
263.2587453445344 2.2230084652012873e-21
263.35746452645265 2.2224819168474884e-21
263.4561837083708 2.2219557425524476e-21
263.55490289028904 2.2214299418728593e-21
263.6536220722072 2.2209045143661233e-21
263.7523412541254 2.220379459590337e-21
263.8510604360436 2.2198547771042982e-21
263.9497796179618 2.219330466467497e-21
264.04849879987995 2.2188065272401252e-21
264.1472179817982 2.218282958983065e-21
264.24593716371635 2.217759761257893e-21
264.3446563456346 2.217236933626876e-21
264.44337552755275 2.2167144756529734e-21
264.5420947094709 2.2161923868998335e-21
264.64081389138914 2.2156706669317884e-21
264.7395330733073 2.2151493153138624e-21
264.8382522552255 2.2146283316117613e-21
264.9369714371437 2.214107715391873e-21
265.0356906190619 2.213587466221273e-21
265.1344098009801 2.213067583667717e-21
265.2331289828983 2.212548067299634e-21
265.33184816481645 2.21202891668614e-21
265.4305673467347 2.211510131397021e-21
265.52928652865285 2.210991711002747e-21
265.6280057105711 2.2104736550744556e-21
265.72672489248924 2.2099559631839604e-21
265.8254440744074 2.2094386349037488e-21
265.92416325632564 2.208921669806976e-21
266.0228824382438 2.208405067467468e-21
266.121601620162 2.2078888274597203e-21
266.2203208020802 2.2073729493588945e-21
266.3190399839984 2.2068574327408193e-21
266.4177591659166 2.2063422771819826e-21
266.5164783478348 2.205827482259542e-21
266.61519752975295 2.2053130475513133e-21
266.7139167116712 2.2047989726357767e-21
266.81263589358934 2.204285257092065e-21
266.9113550755075 2.2037719004999766e-21
267.01007425742574 2.2032589024399634e-21
267.1087934393439 2.202746262493132e-21
267.20751262126214 2.2022339802412453e-21
267.3062318031803 2.2017220552667204e-21
267.4049509850985 2.2012104871526216e-21
267.5036701670167 2.200699275482671e-21
267.6023893489349 2.2001884198412336e-21
267.70110853085305 2.199677919813326e-21
267.7998277127713 2.1991677749846123e-21
267.89854689468945 2.1986579849413993e-21
267.9972660766077 2.1981485492706432e-21
268.09598525852584 2.1976394675599387e-21
268.194704440444 2.1971307393975265e-21
268.29342362236224 2.1966223643722838e-21
268.3921428042804 2.196114342073735e-21
268.4908619861986 2.195606672092033e-21
268.5895811681168 2.1950993540179758e-21
268.688300350035 2.1945923874429944e-21
268.7870195319532 2.194085771959157e-21
268.8857387138714 2.1935795071591628e-21
268.9844578957896 2.1930735926363443e-21
269.0831770777078 2.192568027984664e-21
269.18189625962594 2.1920628127987198e-21
269.28061544154417 2.1915579466737333e-21
269.37933462346234 2.1910534292055528e-21
269.47805380538057 2.190549259990659e-21
269.57677298729874 2.190045438626153e-21
269.6754921692169 2.1895419647097624e-21
269.77421135113514 2.1890388378398366e-21
269.8729305330533 2.188536057615349e-21
269.9716497149715 2.1880336236358923e-21
270.0703688968897 2.1875315355016765e-21
270.1690880788079 2.1870297928135343e-21
270.2678072607261 2.1865283951729125e-21
270.3665264426443 2.1860273421818734e-21
270.46524562456244 2.1855266334430986e-21
270.56396480648067 2.1850262685598795e-21
270.66268398839884 2.1845262471361184e-21
270.761403170317 2.1840265687763354e-21
270.86012235223524 2.183527233085654e-21
270.9588415341534 2.183028239669813e-21
271.05756071607163 2.182529588135155e-21
271.1562798979898 2.1820312780886296e-21
271.254999079908 2.1815333091377927e-21
271.3537182618262 2.1810356808908053e-21
271.4524374437444 2.1805383929564343e-21
271.55115662566254 2.1800414449440443e-21
271.64987580758077 2.1795448364636024e-21
271.74859498949894 2.1790485671256752e-21
271.84731417141717 2.178552636541435e-21
271.94603335333534 2.1780570443226408e-21
272.0447525352535 2.1775617900816565e-21
272.14347171717174 2.1770668734314373e-21
272.2421908990899 2.1765722939855373e-21
272.3409100810081 2.176078051358097e-21
272.4396292629263 2.1755841451638577e-21
272.5383484448445 2.1750905750181438e-21
272.6370676267627 2.1745973405368742e-21
272.73578680868087 2.1741044413365594e-21
272.83450599059904 2.173611877034289e-21
272.93322517251727 2.173119647247747e-21
273.03194435443544 2.1726277515952017e-21
273.13066353635367 2.172136189695503e-21
273.22938271827184 2.1716449611680872e-21
273.32810190019 2.1711540656329704e-21
273.42682108210823 2.1706635027107537e-21
273.5255402640264 2.1701732720226146e-21
273.6242594459446 2.1696833731903127e-21
273.7229786278628 2.169193805836181e-21
273.82169780978097 2.1687045695831353e-21
273.9204169916992 2.168215664054665e-21
274.01913617361737 2.167727088874833e-21
274.11785535553554 2.1672388436682785e-21
274.21657453745377 2.1667509280602097e-21
274.31529371937194 2.1662633416764116e-21
274.4140129012901 2.1657760841432316e-21
274.51273208320833 2.1652891550875967e-21
274.6114512651265 2.1648025541369967e-21
274.71017044704473 2.164316280919488e-21
274.8088896289629 2.1638303350636963e-21
274.9076088108811 2.1633447161988086e-21
275.0063279927993 2.162859423954582e-21
275.10504717471747 2.162374457961332e-21
275.20376635663564 2.161889817849937e-21
275.30248553855387 2.1614055032518376e-21
275.40120472047204 2.1609215137990367e-21
275.49992390239026 2.1604378491240907e-21
275.59864308430843 2.1599545088601177e-21
275.6973622662266 2.1594714926407934e-21
275.79608144814483 2.158988800100345e-21
275.894800630063 2.158506430873561e-21
275.9935198119812 2.158024384595779e-21
276.0922389938994 2.1575426609028924e-21
276.19095817581757 2.1570612594313434e-21
276.2896773577358 2.156580179818126e-21
276.38839653965397 2.1560994217007864e-21
276.48711572157214 2.1556189847174163e-21
276.58583490349037 2.155138868506658e-21
276.68455408540854 2.1546590727076993e-21
276.78327326732676 2.1541795969602737e-21
276.88199244924493 2.1537004409046582e-21
276.9807116311631 2.153221604181675e-21
277.07943081308133 2.152743086432692e-21
277.1781499949995 2.1522648872996108e-21
277.27686917691767 2.1517870064248818e-21
277.3755883588359 2.1513094434514912e-21
277.47430754075407 2.1508321980229646e-21
277.5730267226723 2.1503552697833648e-21
277.67174590459047 2.1498786583772956e-21
277.77046508650864 2.149402363449888e-21
277.86918426842686 2.1489263846468168e-21
277.96790345034503 2.1484507216142874e-21
278.0666226322632 2.1479753739990332e-21
278.16534181418143 2.147500341448325e-21
278.2640609960996 2.147025623609967e-21
278.36278017801783 2.1465512201322824e-21
278.461499359936 2.1460771306641364e-21
278.56021854185417 2.145603354854915e-21
278.6589377237724 2.14512989235453e-21
278.75765690569057 2.144656742813424e-21
278.85637608760874 2.1441839058825616e-21
278.95509526952696 2.1437113812134313e-21
279.05381445144513 2.143239168458047e-21
279.15253363336336 2.142767267268942e-21
279.25125281528153 2.1422956772991733e-21
279.3499719971997 2.1418243982023152e-21
279.44869117911793 2.1413534296324663e-21
279.5474103610361 2.140882771244238e-21
279.64612954295427 2.1404124226927633e-21
279.7448487248725 2.1399423836336894e-21
279.84356790679067 2.1394726537231782e-21
279.9422870887089 2.1390032326179102e-21
280.04100627062707 2.138534119975076e-21
280.13972545254524 2.1380653154523793e-21
280.23844463446346 2.137596818708039e-21
280.33716381638163 2.137128629400776e-21
280.43588299829986 2.136660747189834e-21
280.53460218021803 2.1361931717349544e-21
280.6333213621362 2.135725902696394e-21
280.7320405440544 2.1352589397349116e-21
280.8307597259726 2.1347922825117764e-21
280.92947890789077 2.134325930688759e-21
281.028198089809 2.1338598839281387e-21
281.12691727172717 2.133394141892694e-21
281.2256364536454 2.1329287042457065e-21
281.32435563556356 2.132463570650964e-21
281.42307481748173 2.1319987407727516e-21
281.52179399939996 2.1315342142758538e-21
281.62051318131813 2.1310699908255512e-21
281.7192323632363 2.1306060700876304e-21
281.81795154515453 2.130142451728367e-21
281.9166707270727 2.129679135414539e-21
282.0153899089909 2.1292161208134143e-21
282.1141090909091 2.12875340759276e-21
282.21282827282727 2.1282909954208316e-21
282.3115474547455 2.127828883966383e-21
282.41026663666366 2.127367072898655e-21
282.50898581858183 2.12690556188738e-21
282.60770500050006 2.1264443506027843e-21
282.70642418241823 2.1259834387155774e-21
282.80514336433646 2.125522825896961e-21
282.90386254625463 2.1250625118186227e-21
283.0025817281728 2.124602496152735e-21
283.101300910091 2.1241427785719587e-21
283.2000200920092 2.1236833587494377e-21
283.29873927392737 2.1232242363588002e-21
283.3974584558456 2.1227654110741564e-21
283.49617763776376 2.122306882570099e-21
283.594896819682 2.121848650521701e-21
283.69361600160016 2.121390714604518e-21
283.79233518351833 2.1209330744945832e-21
283.89105436543656 2.1204757298684075e-21
283.98977354735473 2.12001868040298e-21
284.08849272927296 2.119561925775769e-21
284.1872119111911 2.1191054656647146e-21
284.2859310931093 2.118649299748235e-21
284.3846502750275 2.118193427705221e-21
284.4833694569457 2.117737849215039e-21
284.58208863886387 2.117282563957526e-21
284.6808078207821 2.1168275716129884e-21
284.77952700270026 2.1163728718622093e-21
284.8782461846185 2.1159184643864377e-21
284.97696536653666 2.115464348867392e-21
285.07568454845483 2.115010524987259e-21
285.17440373037306 2.1145569924286914e-21
285.2731229122912 2.1141037508748147e-21
285.3718420942094 2.1136508000092113e-21
285.4705612761276 2.113198139515937e-21
285.5692804580458 2.1127457690795027e-21
285.667999639964 2.1122936883848927e-21
285.7667188218822 2.1118418971175447e-21
285.86543800380036 2.1113903949633638e-21
285.9641571857186 2.110939181608712e-21
286.06287636763676 2.1104882567404163e-21
286.16159554955493 2.1100376200457537e-21
286.26031473147316 2.10958727121247e-21
286.35903391339133 2.1091372099287615e-21
286.45775309530956 2.108687435883284e-21
286.5564722772277 2.1082379487651474e-21
286.6551914591459 2.1077887482639197e-21
286.7539106410641 2.107339834069619e-21
286.8526298229823 2.1068912058727195e-21
286.95134900490046 2.1064428633641462e-21
287.0500681868187 2.1059948062352774e-21
287.14878736873686 2.105547034177942e-21
287.2475065506551 2.1050995468844195e-21
287.34622573257326 2.1046523440474352e-21
287.44494491449143 2.1042054253601703e-21
287.54366409640966 2.103758790516244e-21
287.6423832783278 2.10331243920973e-21
287.74110246024605 2.102866371135145e-21
287.8398216421642 2.102420585987453e-21
287.9385408240824 2.1019750834620594e-21
288.0372600060006 2.1015298632548172e-21
288.1359791879188 2.101084925062018e-21
288.23469836983696 2.1006402685804004e-21
288.3334175517552 2.100195893507138e-21
288.43213673367336 2.0997517995398532e-21
288.5308559155916 2.0993079863765985e-21
288.62957509750976 2.0988644537158766e-21
288.7282942794279 2.098421201256619e-21
288.82701346134616 2.0979782286981987e-21
288.9257326432643 2.097535535740425e-21
289.0244518251825 2.097093122083542e-21
289.1231710071007 2.0966509874282307e-21
289.2218901890189 2.0962091314756075e-21
289.3206093709371 2.095767553927217e-21
289.4193285528553 2.095326254485041e-21
289.51804773477346 2.0948852328514935e-21
289.6167669166917 2.0944444887294194e-21
289.71548609860986 2.094004021822092e-21
289.81420528052803 2.0935638318332135e-21
289.91292446244626 2.0931239184669213e-21
290.0116436443644 2.0926842814277767e-21
290.11036282628265 2.092244920420766e-21
290.2090820082008 2.091805835151306e-21
290.307801190119 2.0913670253252387e-21
290.4065203720372 2.090928490648833e-21
290.5052395539554 2.090490230828776e-21
290.60395873587356 2.0900522455721863e-21
290.7026779177918 2.0896145345865996e-21
290.80139709970996 2.089177097579979e-21
290.9001162816282 2.088739934260702e-21
290.99883546354636 2.0883030443375734e-21
291.0975546454645 2.0878664275198146e-21
291.19627382738275 2.0874300835170677e-21
291.2949930093009 2.086994012039392e-21
291.39371219121915 2.0865582127972657e-21
291.4924313731373 2.0861226855015826e-21
291.5911505550555 2.085687429863655e-21
291.6898697369737 2.0852524455952083e-21
291.7885889188919 2.0848177324083815e-21
291.88730810081006 2.0843832900157335e-21
291.9860272827283 2.083949118130231e-21
292.08474646464646 2.0835152164652565e-21
292.1834656465647 2.083081584734601e-21
292.28218482848285 2.0826482226524678e-21
292.380904010401 2.0822151299334753e-21
292.47962319231925 2.0817823062926462e-21
292.5783423742374 2.081349751445412e-21
292.6770615561556 2.080917465107616e-21
292.7757807380738 2.0804854469955054e-21
292.874499919992 2.0800536968257374e-21
292.9732191019102 2.0796222143153756e-21
293.0719382838284 2.0791909991818834e-21
293.17065746574656 2.0787600511431353e-21
293.2693766476648 2.0783293699174078e-21
293.36809582958296 2.0778989552233792e-21
293.4668150115011 2.0774688067801312e-21
293.56553419341935 2.0770389243071473e-21
293.6642533753375 2.0766093075243126e-21
293.76297255725575 2.076179956151913e-21
293.8616917391739 2.0757508699106327e-21
293.9604109210921 2.075322048521555e-21
294.0591301030103 2.0748934917061615e-21
294.1578492849285 2.0744651991863355e-21
294.25656846684666 2.074037170684352e-21
294.3552876487649 2.0736094059228835e-21
294.45400683068306 2.073181904625e-21
294.5527260126013 2.0727546665141622e-21
294.65144519451945 2.0723276913142324e-21
294.7501643764376 2.071900978749457e-21
294.84888355835585 2.071474528544483e-21
294.947602740274 2.071048340424346e-21
295.04632192219225 2.0706224141144733e-21
295.1450411041104 2.070196749340683e-21
295.2437602860286 2.0697713458291827e-21
295.3424794679468 2.06934620330657e-21
295.441198649865 2.068921321499833e-21
295.53991783178316 2.0684967001363446e-21
295.6386370137014 2.0680723389438666e-21
295.73735619561955 2.0676482376505474e-21
295.8360753775378 2.067224395984922e-21
295.93479455945595 2.0668008136759076e-21
296.0335137413741 2.066377490452812e-21
296.13223292329235 2.0659544260453212e-21
296.2309521052105 2.065531620183507e-21
296.3296712871287 2.065109072597824e-21
296.4283904690469 2.0646867830191077e-21
296.5271096509651 2.0642647511785767e-21
296.6258288328833 2.063842976807829e-21
296.7245480148015 2.06342145963884e-21
296.82326719671966 2.063000199403971e-21
296.9219863786379 2.062579195835955e-21
297.02070556055605 2.062158448667908e-21
297.1194247424742 2.06173795763332e-21
297.21814392439245 2.061317722466059e-21
297.3168631063106 2.0608977429003703e-21
297.41558228822885 2.0604780186708726e-21
297.514301470147 2.0600585495125615e-21
297.6130206520652 2.059639335160803e-21
297.7117398339834 2.0592203753513412e-21
297.8104590159016 2.0588016698202883e-21
297.90917819781976 2.0583832183041336e-21
298.007897379738 2.0579650205397322e-21
298.10661656165615 2.0575470762643147e-21
298.2053357435744 2.0571293852154807e-21
298.30405492549255 2.0567119471311994e-21
298.4027741074107 2.0562947617498066e-21
298.50149328932895 2.0558778288100093e-21
298.6002124712471 2.0554611480508808e-21
298.69893165316535 2.0550447192118627e-21
298.7976508350835 2.0546285420327616e-21
298.8963700170017 2.0542126162537507e-21
298.9950891989199 2.0537969416153673e-21
299.0938083808381 2.0533815178585132e-21
299.19252756275625 2.0529663447244565e-21
299.2912467446745 2.0525514219548252e-21
299.38996592659265 2.052136749291611e-21
299.4886851085109 2.0517223264771696e-21
299.58740429042905 2.0513081532542167e-21
299.6861234723472 2.0508942293658257e-21
299.78484265426545 2.0504805545554356e-21
299.8835618361836 2.05006712856684e-21
299.9822810181018 2.0496539511441952e-21
300.08100020002 2.0492410220320154e-21
300.1797193819382 2.0488283409751663e-21
300.2784385638564 2.0484159077188792e-21
300.3771577457746 2.048003722008738e-21
300.47587692769275 2.0475917835906824e-21
300.574596109611 2.0471800922110054e-21
300.67331529152915 2.046768647616358e-21
300.7720344734473 2.0463574495537423e-21
300.87075365536555 2.0459464977705176e-21
300.9694728372837 2.0455357920143906e-21
301.06819201920194 2.045125332033427e-21
301.1669112011201 2.044715117576035e-21
301.2656303830383 2.044305148390981e-21
301.3643495649565 2.043895424227379e-21
301.4630687468747 2.043485944834695e-21
301.56178792879285 2.0430767099627406e-21
301.6605071107111 2.0426677193616782e-21
301.75922629262925 2.0422589727820196e-21
301.8579454745475 2.041850469974616e-21
301.95666465646565 2.0414422106906762e-21
302.0553838383838 2.0410341946817494e-21
302.15410302030205 2.040626421699732e-21
302.2528222022202 2.0402188914968623e-21
302.35154138413844 2.039811603825726e-21
302.4502605660566 2.0394045584392525e-21
302.5489797479748 2.038997755090713e-21
302.647698929893 2.0385911935337225e-21
302.7464181118112 2.038184873522238e-21
302.84513729372935 2.037778794810555e-21
302.9438564756476 2.0373729571533145e-21
303.04257565756575 2.0369673603054963e-21
303.141294839484 2.036562004022418e-21
303.24001402140215 2.0361568880597377e-21
303.3387332033203 2.035752012173451e-21
303.43745238523854 2.0353473761198943e-21
303.5361715671567 2.0349429796557373e-21
303.6348907490749 2.0345388225379877e-21
303.7336099309931 2.0341349045239934e-21
303.8323291129113 2.033731225371434e-21
303.9310482948295 2.033327784838325e-21
304.0297674767477 2.0329245826830157e-21
304.12848665866585 2.0325216186641905e-21
304.2272058405841 2.0321188925408674e-21
304.32592502250225 2.0317164040723943e-21
304.4246442044204 2.031314153018458e-21
304.52336338633864 2.0309121391390683e-21
304.6220825682568 2.0305103621945742e-21
304.72080175017504 2.0301088219456493e-21
304.8195209320932 2.0297075181532995e-21
304.9182401140114 2.0293064505788607e-21
305.0169592959296 2.0289056189839974e-21
305.1156784778478 2.028505023130702e-21
305.21439765976595 2.0281046627812947e-21
305.3131168416842 2.0277045376984202e-21
305.41183602360235 2.0273046476450584e-21
305.5105552055206 2.026904992384503e-21
305.60927438743875 2.026505571680385e-21
305.7079935693569 2.026106385296653e-21
305.80671275127514 2.025707432997582e-21
305.9054319331933 2.0253087145477707e-21
306.00415111511154 2.024910229712143e-21
306.1028702970297 2.0245119782559428e-21
306.2015894789479 2.0241139599447372e-21
306.3003086608661 2.0237161745444182e-21
306.3990278427843 2.023318621821193e-21
306.49774702470245 2.0229213015415948e-21
306.5964662066207 2.0225242134724718e-21
306.69518538853885 2.0221273573809985e-21
306.7939045704571 2.0217307330346597e-21
306.89262375237524 2.0213343402012686e-21
306.9913429342934 2.020938178648948e-21
307.09006211621164 2.020542248146141e-21
307.1887812981298 2.0201465484616105e-21
307.287500480048 2.0197510793644294e-21
307.3862196619662 2.0193558406239917e-21
307.4849388438844 2.0189608320100052e-21
307.5836580258026 2.018566053292493e-21
307.6823772077208 2.01817150424179e-21
307.78109638963895 2.0177771846285472e-21
307.8798155715572 2.0173830942237276e-21
307.97853475347534 2.016989232798606e-21
308.0772539353935 2.0165956001247725e-21
308.17597311731174 2.0162021959741232e-21
308.2746922992299 2.015809020118872e-21
308.37341148114814 2.015416072331539e-21
308.4721306630663 2.015023352384954e-21
308.5708498449845 2.014630860052259e-21
308.6695690269027 2.0142385951069024e-21
308.7682882088209 2.0138465573226423e-21
308.86700739073905 2.0134547464735438e-21
308.9657265726573 2.0130631623339815e-21
309.06444575457544 2.0126718046786334e-21
309.1631649364937 2.012280673282488e-21
309.26188411841184 2.0118897679208365e-21
309.36060330033 2.0114990883692767e-21
309.45932248224824 2.0111086344037092e-21
309.5580416641664 2.010718405800343e-21
309.65676084608464 2.0103284023356876e-21
309.7554800280028 2.0099386237865572e-21
309.854199209921 2.0095490699300672e-21
309.9529183918392 2.0091597405436384e-21
310.0516375737574 2.00877063540499e-21
310.15035675567555 2.0083817542921433e-21
310.2490759375938 2.0079930969834215e-21
310.34779511951194 2.007604663257449e-21
310.44651430143017 2.0072164528931457e-21
310.54523348334834 2.0068284656697367e-21
310.6439526652665 2.006440701366741e-21
310.74267184718474 2.0060531597639757e-21
310.8413910291029 2.0056658406415598e-21
310.9401102110211 2.0052787437799077e-21
311.0388293929393 2.004891868959728e-21
311.1375485748575 2.0045052159620307e-21
311.2362677567757 2.004118784568114e-21
311.3349869386939 2.003732574559582e-21
311.43370612061204 2.0033465857183206e-21
311.53242530253027 2.0029608178265225e-21
311.63114448444844 2.002575270666667e-21
311.7298636663666 2.0021899440215283e-21
311.82858284828484 2.0018048376741716e-21
311.927302030203 2.0014199514079597e-21
312.02602121212124 2.001035285006543e-21
312.1247403940394 2.0006508382538625e-21
312.2234595759576 2.000266610934153e-21
312.3221787578758 1.999882602831939e-21
312.420897939794 1.999498813732034e-21
312.51961712171214 1.9991152434195412e-21
312.6183363036304 1.9987318916798533e-21
312.71705548554854 1.998348758298651e-21
312.81577466746677 1.997965843061902e-21
312.91449384938494 1.9975831457558643e-21
313.0132130313031 1.9972006661670826e-21
313.11193221322134 1.996818404082384e-21
313.2106513951395 1.996436359288886e-21
313.30937057705773 1.996054531573988e-21
313.4080897589759 1.995672920725382e-21
313.5068089408941 1.9952915265310347e-21
313.6055281228123 1.994910348779205e-21
313.7042473047305 1.9945293872584302e-21
313.80296648664864 1.994148641757535e-21
313.90168566856687 1.9937681120656225e-21
314.00040485048504 1.9933877979720832e-21
314.09912403240327 1.993007699266584e-21
314.19784321432144 1.9926278157390797e-21
314.2965623962396 1.9922481471797995e-21
314.39528157815784 1.9918686933792574e-21
314.494000760076 1.9914894541282467e-21
314.5927199419942 1.9911104292178373e-21
314.6914391239124 1.9907316184393808e-21
314.7901583058306 1.990353021584508e-21
314.8888774877488 1.989974638445127e-21
314.98759666966697 1.9895964688134237e-21
315.08631585158514 1.9892185124818593e-21
315.18503503350337 1.988840769243175e-21
315.28375421542154 1.988463238890387e-21
315.3824733973397 1.9880859212167867e-21
315.48119257925794 1.987708816015942e-21
315.5799117611761 1.9873319230816935e-21
315.67863094309433 1.98695524220816e-21
315.7773501250125 1.9865787731897317e-21
315.8760693069307 1.9862025158210722e-21
315.9747884888489 1.9858264698971205e-21
316.07350767076707 1.9854506352130872e-21
316.17222685268524 1.9850750115644545e-21
316.27094603460347 1.984699598746975e-21
316.36966521652164 1.9843243965566786e-21
316.46838439843987 1.983949404789857e-21
316.56710358035804 1.9835746232430835e-21
316.6658227622762 1.9832000517131896e-21
316.76454194419443 1.9828256899972857e-21
316.8632611261126 1.982451537892745e-21
316.96198030803083 1.9820775951972147e-21
317.060699489949 1.981703861708608e-21
317.1594186718672 1.981330337225106e-21
317.2581378537854 1.9809570215451533e-21
317.35685703570357 1.9805839144674697e-21
317.45557621762174 1.980211015791033e-21
317.55429539953997 1.9798383253150935e-21
317.65301458145814 1.979465842839164e-21
317.75173376337636 1.9790935681630227e-21
317.85045294529453 1.9787215010867136e-21
317.9491721272127 1.9783496414105437e-21
318.04789130913093 1.9779779889350846e-21
318.1466104910491 1.9776065434611737e-21
318.2453296729673 1.9772353047899064e-21
318.3440488548855 1.9768642727226444e-21
318.44276803680367 1.9764934470610107e-21
318.5414872187219 1.9761228276068902e-21
318.64020640064007 1.9757524141624293e-21
318.73892558255824 1.9753822065300345e-21
318.83764476447647 1.9750122045123727e-21
318.93636394639464 1.9746424079123735e-21
319.0350831283128 1.974272816533221e-21
319.13380231023103 1.9739034301783644e-21
319.2325214921492 1.9735342486515067e-21
319.33124067406743 1.973165271756612e-21
319.4299598559856 1.972796499297902e-21
319.52867903790377 1.9724279310798574e-21
319.627398219822 1.9720595669072108e-21
319.72611740174017 1.9716914065849577e-21
319.8248365836584 1.9713234499183464e-21
319.92355576557657 1.970955696712881e-21
320.02227494749474 1.9705881467743238e-21
320.12099412941296 1.9702207999086868e-21
320.21971331133113 1.9698536559222424e-21
320.3184324932493 1.9694867146215147e-21
320.41715167516753 1.9691199758132806e-21
320.5158708570857 1.9687534393045733e-21
320.61459003900393 1.9683871049026745e-21
320.7133092209221 1.9680209724151225e-21
320.81202840284027 1.9676550416497072e-21
320.9107475847585 1.9672893124144672e-21
321.00946676667667 1.966923784517693e-21
321.10818594859484 1.966558457767932e-21
321.20690513051306 1.9661933319739757e-21
321.30562431243123 1.965828406944865e-21
321.40434349434946 1.9654636824898962e-21
321.50306267626763 1.965099158418612e-21
321.6017818581858 1.9647348345408005e-21
321.70050104010403 1.9643707106665048e-21
321.7992202220222 1.964006786606012e-21
321.89793940394037 1.9636430621698578e-21
321.9966585858586 1.963279537168824e-21
322.09537776777677 1.962916211413941e-21
322.194096949695 1.9625530847164842e-21
322.29281613161316 1.962190156887977e-21
322.39153531353134 1.9618274277401873e-21
322.49025449544956 1.9614648970851284e-21
322.58897367736773 1.961102564735058e-21
322.6876928592859 1.9607404305024788e-21
322.78641204120413 1.9603784942001386e-21
322.8851312231223 1.9600167556410262e-21
322.9838504050405 1.9596552146383766e-21
323.0825695869587 1.959293871005668e-21
323.18128876887687 1.958932724556616e-21
323.2800079507951 1.958571775105183e-21
323.37872713271327 1.958211022465576e-21
323.4774463146315 1.9578504664522346e-21
323.57616549654966 1.957490106879846e-21
323.67488467846783 1.957129943563338e-21
323.77360386038606 1.9567699763178744e-21
323.87232304230423 1.9564102049588638e-21
323.9710422242224 1.95605062930195e-21
324.06976140614063 1.955691249163016e-21
324.1684805880588 1.955332064358188e-21
324.267199769977 1.9549730747038266e-21
324.3659189518952 1.9546142800165307e-21
324.46463813381337 1.954255680113138e-21
324.5633573157316 1.953897274810722e-21
324.66207649764976 1.9535390639265924e-21
324.76079567956793 1.953181047278298e-21
324.85951486148616 1.9528232246836225e-21
324.95823404340433 1.952465595960581e-21
325.05695322532256 1.9521081609274317e-21
325.15567240724073 1.9517509194026603e-21
325.2543915891589 1.9513938712049925e-21
325.3531107710771 1.951037016153385e-21
325.4518299529953 1.950680354067028e-21
325.55054913491347 1.9503238847653463e-21
325.6492683168317 1.949967608067998e-21
325.74798749874986 1.9496115237948727e-21
325.8467066806681 1.9492556317660947e-21
325.94542586258626 1.948899931802015e-21
326.04414504450443 1.948544423723219e-21
326.14286422642266 1.9481891073505275e-21
326.24158340834083 1.947833982504986e-21
326.340302590259 1.9474790490078723e-21
326.4390217721772 1.947124306680692e-21
326.5377409540954 1.946769755345188e-21
326.6364601360136 1.9464153948233227e-21
326.7351793179318 1.946061224937292e-21
326.83389849984997 1.9457072455095237e-21
326.9326176817682 1.94535345636267e-21
327.03133686368636 1.944999857319607e-21
327.1300560456046 1.9446464482034466e-21
327.22877522752276 1.944293228837522e-21
327.32749440944093 1.943940199045396e-21
327.42621359135916 1.9435873586508554e-21
327.5249327732773 1.9432347074779163e-21
327.6236519551955 1.9428822453508165e-21
327.7223711371137 1.9425299720940213e-21
327.8210903190319 1.9421778875322226e-21
327.9198095009501 1.9418259914903327e-21
328.0185286828683 1.9414742837934906e-21
328.11724786478646 1.941122764267061e-21
328.2159670467047 1.9407714327366275e-21
328.31468622862286 1.9404202890280007e-21
328.41340541054103 1.9400693329672125e-21
328.51212459245926 1.9397185643805204e-21
328.61084377437743 1.9393679830943967e-21
328.70956295629566 1.9390175889355417e-21
328.8082821382138 1.9386673817308766e-21
328.907001320132 1.9383173613075392e-21
329.0057205020502 1.9379675274928934e-21
329.1044396839684 1.937617880114521e-21
329.20315886588656 1.9372684190002226e-21
329.3018780478048 1.9369191439780216e-21
329.40059722972296 1.9365700548761587e-21
329.4993164116412 1.9362211515230916e-21
329.59803559355936 1.935872433747501e-21
329.69675477547753 1.935523901378282e-21
329.79547395739576 1.9351755542445497e-21
329.8941931393139 1.9348273921756375e-21
329.9929123212321 1.934479415001094e-21
330.0916315031503 1.934131622550684e-21
330.1903506850685 1.933784014654392e-21
330.2890698669867 1.9334365911424183e-21
330.3877890489049 1.9330893518451727e-21
330.48650823082306 1.9327422965932905e-21
330.5852274127413 1.9323954252176164e-21
330.68394659465946 1.9320487375492094e-21
330.7826657765777 1.9317022334193445e-21
330.88138495849586 1.9313559126595126e-21
330.980104140414 1.931009775101413e-21
331.07882332233225 1.9306638205769668e-21
331.1775425042504 1.9303180489182995e-21
331.2762616861686 1.9299724599577546e-21
331.3749808680868 1.9296270535278883e-21
331.473700050005 1.929281829461465e-21
331.5724192319232 1.928936787591466e-21
331.6711384138414 1.9285919277510786e-21
331.76985759575956 1.9282472497737077e-21
331.8685767776778 1.927902753492963e-21
331.96729595959596 1.9275584387426668e-21
332.06601514151413 1.9272143053568537e-21
332.16473432343236 1.9268703531697633e-21
332.2634535053505 1.9265265820158518e-21
332.36217268726875 1.9261829917297784e-21
332.4608918691869 1.925839582146413e-21
332.5596110511051 1.9254963531008327e-21
332.6583302330233 1.9251533044283265e-21
332.7570494149415 1.9248104359643894e-21
332.85576859685966 1.9244677475447214e-21
332.9544877787779 1.9241252390052326e-21
333.05320696069606 1.9237829101820405e-21
333.1519261426143 1.9234407609114645e-21
333.25064532453246 1.9230987910300386e-21
333.3493645064506 1.9227570003744933e-21
333.44808368836885 1.92241538878177e-21
333.546802870287 1.9220739560890163e-21
333.6455220522052 1.9217327021335806e-21
333.7442412341234 1.9213916267530193e-21
333.8429604160416 1.9210507297850914e-21
333.9416795979598 1.9207100110677606e-21
334.040398779878 1.920369470439195e-21
334.13911796179616 1.920029107737764e-21
334.2378371437144 1.9196889228020413e-21
334.33655632563256 1.9193489154708042e-21
334.4352755075508 1.919009085583029e-21
334.53399468946895 1.9186694329778978e-21
334.6327138713871 1.9183299574947937e-21
334.73143305330535 1.9179906589732984e-21
334.8301522352235 1.9176515372532004e-21
334.9288714171417 1.9173125921744824e-21
335.0275905990599 1.9169738235773336e-21
335.1263097809781 1.9166352313021372e-21
335.2250289628963 1.916296815189482e-21
335.3237481448145 1.915958575080154e-21
335.42246732673266 1.9156205108151375e-21
335.5211865086509 1.9152826222356152e-21
335.61990569056906 1.914944909182975e-21
335.7186248724872 1.9146073714987908e-21
335.81734405440545 1.9142700090248476e-21
335.9160632363236 1.9139328216031207e-21
336.01478241824185 1.913595809075783e-21
336.11350160016 1.913258971285207e-21
336.2122207820782 1.912922308073961e-21
336.3109399639964 1.9125858192848083e-21
336.4096591459146 1.912249504760711e-21
336.50837832783276 1.9119133643448266e-21
336.607097509751 1.9115773978805047e-21
336.70581669166916 1.911241605211296e-21
336.8045358735874 1.910905986180941e-21
336.90325505550555 1.9105705406333763e-21
337.0019742374237 1.9102352684127357e-21
337.10069341934195 1.909900169363342e-21
337.1994126012601 1.9095652433297178e-21
337.2981317831783 1.9092304901565726e-21
337.3968509650965 1.908895909688814e-21
337.4955701470147 1.90856150177154e-21
337.5942893289329 1.9082272662500444e-21
337.6930085108511 1.907893202969807e-21
337.79172769276926 1.907559311776508e-21
337.8904468746875 1.907225592516009e-21
337.98916605660565 1.906892045034375e-21
338.0878852385239 1.90655866917785e-21
338.18660442044205 1.9062254647928773e-21
338.2853236023602 1.9058924317260883e-21
338.38404278427845 1.9055595698243024e-21
338.4827619661966 1.905226878934533e-21
338.5814811481148 1.9048943589039785e-21
338.680200330033 1.90456200958003e-21
338.7789195119512 1.904229830810266e-21
338.8776386938694 1.903897822442455e-21
338.9763578757876 1.903565984324553e-21
339.07507705770576 1.9032343163047034e-21
339.173796239624 1.902902818231239e-21
339.27251542154215 1.9025714899526815e-21
339.3712346034603 1.902240331317734e-21
339.46995378537855 1.901909342175294e-21
339.5686729672967 1.901578522374441e-21
339.66739214921495 1.90124787176444e-21
339.7661113311331 1.9009173901947485e-21
339.8648305130513 1.9005870775150023e-21
339.9635496949695 1.9002569335750273e-21
340.0622688768877 1.899926958224834e-21
340.16098805880586 1.899597151314616e-21
340.2597072407241 1.8992675126947543e-21
340.35842642264225 1.898938042215813e-21
340.4571456045605 1.8986087397285387e-21
340.55586478647865 1.8982796050838635e-21
340.6545839683968 1.897950638132906e-21
340.75330315031505 1.8976218387269627e-21
340.8520223322332 1.8972932067175146e-21
340.9507415141514 1.8969647419562287e-21
341.0494606960696 1.89663644429495e-21
341.1481798779878 1.8963083135857103e-21
341.246899059906 1.8959803496807182e-21
341.3456182418242 1.8956525524323683e-21
341.44433742374235 1.8953249216932336e-21
341.5430566056606 1.8949974573160705e-21
341.64177578757875 1.8946701591538138e-21
341.740494969497 1.894343027059581e-21
341.83921415141515 1.8940160608866662e-21
341.9379333333333 1.8936892604885498e-21
342.03665251525155 1.893362625718885e-21
342.1353716971697 1.8930361564315104e-21
342.2340908790879 1.8927098524804385e-21
342.3328100610061 1.892383713719862e-21
342.4315292429243 1.8920577400041562e-21
342.5302484248425 1.8917319311878698e-21
342.6289676067607 1.8914062871257332e-21
342.72768678867885 1.8910808076726504e-21
342.8264059705971 1.890755492683707e-21
342.92512515251525 1.8904303420141638e-21
343.0238443344334 1.8901053555194576e-21
343.12256351635165 1.889780533055205e-21
343.2212826982698 1.8894558744771946e-21
343.32000188018804 1.8891313796413958e-21
343.4187210621062 1.888807048403952e-21
343.5174402440244 1.88848288062118e-21
343.6161594259426 1.888158876149576e-21
343.7148786078608 1.8878350348458075e-21
343.81359778977895 1.8875113565667197e-21
343.9123169716972 1.8871878411693303e-21
344.01103615361535 1.8868644885108334e-21
344.1097553355336 1.8865412984485948e-21
344.20847451745175 1.8862182708401536e-21
344.3071936993699 1.8858954055432272e-21
344.40591288128815 1.8855727024157e-21
344.5046320632063 1.8852501613156325e-21
344.6033512451245 1.88492778210126e-21
344.7020704270427 1.8846055646309843e-21
344.8007896089609 1.8842835087633867e-21
344.8995087908791 1.8839616143572154e-21
344.9982279727973 1.8836398812713877e-21
345.09694715471545 1.883318309365002e-21
345.1956663366337 1.8829968984973175e-21
345.29438551855185 1.882675648527771e-21
345.3931047004701 1.8823545593159664e-21
345.49182388238825 1.8820336307216795e-21
345.5905430643064 1.8817128626048567e-21
345.68926224622464 1.8813922548256128e-21
345.7879814281428 1.88107180724423e-21
345.886700610061 1.8807515197211674e-21
345.9854197919792 1.880431392117044e-21
346.0841389738974 1.880111424292656e-21
346.1828581558156 1.879791616108961e-21
346.2815773377338 1.8794719674270885e-21
346.38029651965195 1.879152478108337e-21
346.4790157015702 1.87883314801417e-21
346.57773488348835 1.8785139770062194e-21
346.6764540654065 1.878194964946287e-21
346.77517324732474 1.877876111696337e-21
346.8738924292429 1.877557417118505e-21
346.97261161116114 1.877238881075091e-21
347.0713307930793 1.876920503428558e-21
347.1700499749975 1.876602284041543e-21
347.2687691569157 1.8762842227768395e-21
347.3674883388339 1.8759663194974153e-21
347.46620752075205 1.875648574066397e-21
347.5649267026703 1.8753309863470788e-21
347.66364588458845 1.87501355620292e-21
347.7623650665067 1.8746962834975433e-21
347.86108424842485 1.874379168094736e-21
347.959803430343 1.8740622098584523e-21
348.05852261226124 1.873745408652804e-21
348.1572417941794 1.8734287643420714e-21
348.2559609760976 1.8731122767906976e-21
348.3546801580158 1.8727959458632875e-21
348.453399339934 1.872479771424607e-21
348.5521185218522 1.8721637533395905e-21
348.6508377037704 1.8718478914733303e-21
348.74955688568855 1.8715321856910775e-21
348.8482760676068 1.8712166358582535e-21
348.94699524952495 1.870901241840436e-21
349.0457144314432 1.870586003503363e-21
349.14443361336134 1.8702709207129362e-21
349.2431527952795 1.8699559933352196e-21
349.34187197719774 1.869641221236432e-21
349.4405911591159 1.8693266042829604e-21
349.5393103410341 1.8690121423413436e-21
349.6380295229523 1.868697835278288e-21
349.7367487048705 1.8683836829606553e-21
349.8354678867887 1.8680696852554632e-21
349.9341870687069 1.867755842029901e-21
350.03290625062505 1.8674421531513034e-21
350.1316254325433 1.8671286184871694e-21
350.23034461446144 1.8668152379051583e-21
350.3290637963796 1.866502011273083e-21
350.42778297829784 1.8661889384589208e-21
350.526502160216 1.8658760193308002e-21
350.62522134213424 1.8655632537570098e-21
350.7239405240524 1.8652506416059986e-21
350.8226597059706 1.8649381827463696e-21
350.9213788878888 1.8646258770468783e-21
351.020098069807 1.864313724376446e-21
351.11881725172515 1.8640017246041455e-21
351.2175364336434 1.8636898775992024e-21
351.31625561556154 1.863378183231007e-21
351.4149747974798 1.8630666413690948e-21
351.51369397939794 1.8627552518831657e-21
351.6124131613161 1.8624440146430704e-21
351.71113234323434 1.862132929518812e-21
351.8098515251525 1.861821996380557e-21
351.9085707070707 1.8615112150986154e-21
352.0072898889889 1.861200585543461e-21
352.1060090709071 1.8608901075857166e-21
352.2047282528253 1.860579781096159e-21
352.3034474347435 1.860269605945722e-21
352.40216661666165 1.8599595820054856e-21
352.5008857985799 1.8596497091466934e-21
352.59960498049804 1.8593399872407303e-21
352.69832416241627 1.8590304161591455e-21
352.79704334433444 1.8587209957736305e-21
352.8957625262526 1.8584117259560356e-21
352.99448170817084 1.858102606578359e-21
353.093200890089 1.8577936375127536e-21
353.1919200720072 1.8574848186315243e-21
353.2906392539254 1.8571761498071228e-21
353.3893584358436 1.856867630912158e-21
353.4880776177618 1.8565592618193835e-21
353.58679679968 1.8562510424017093e-21
353.68551598159814 1.8559429725321937e-21
353.78423516351637 1.8556350520840404e-21
353.88295434543454 1.855327280930613e-21
353.9816735273527 1.855019658945414e-21
354.08039270927094 1.8547121860021053e-21
354.1791118911891 1.8544048619744893e-21
354.27783107310734 1.854097686736525e-21
354.3765502550255 1.8537906601623165e-21
354.4752694369437 1.8534837821261146e-21
354.5739886188619 1.8531770525023248e-21
354.6727078007801 1.852870471165494e-21
354.77142698269824 1.8525640379903217e-21
354.8701461646165 1.852257752851652e-21
354.96886534653464 1.8519516156244804e-21
355.06758452845287 1.8516456261839467e-21
355.16630371037104 1.8513397844053375e-21
355.2650228922892 1.8510340901640888e-21
355.36374207420744 1.8507285433357814e-21
355.4624612561256 1.8504231437961442e-21
355.5611804380438 1.850117891421051e-21
355.659899619962 1.84981278608652e-21
355.7586188018802 1.849507827668719e-21
355.8573379837984 1.849203016043959e-21
355.9560571657166 1.8488983510886997e-21
356.05477634763474 1.8485938326795396e-21
356.15349552955297 1.848289460693227e-21
356.25221471147114 1.8479852350066537e-21
356.35093389338937 1.847681155496858e-21
356.44965307530754 1.84737722204102e-21
356.5483722572257 1.8470734345164648e-21
356.64709143914394 1.84676979280066e-21
356.7458106210621 1.8464662967712193e-21
356.8445298029803 1.8461629463058976e-21
356.9432489848985 1.845859741282597e-21
357.0419681668167 1.8455566815793567e-21
357.1406873487349 1.8452537670743667e-21
357.23940653065307 1.8449509976459503e-21
357.33812571257124 1.844648373172579e-21
357.43684489448947 1.8443458935328684e-21
357.53556407640764 1.8440435586055705e-21
357.6342832583258 1.843741368269581e-21
357.73300244024404 1.8434393224039407e-21
357.8317216221622 1.8431374208878283e-21
357.93044080408043 1.8428356636005643e-21
358.0291599859986 1.842534050421609e-21
358.1278791679168 1.8422325812305687e-21
358.226598349835 1.8419312559071827e-21
358.32531753175317 1.841630074331336e-21
358.42403671367134 1.8413290363830534e-21
358.52275589558957 1.841028141942497e-21
358.62147507750774 1.8407273908899702e-21
358.72019425942597 1.840426783105918e-21
358.81891344134414 1.840126318470919e-21
358.9176326232623 1.8398259968656967e-21
359.01635180518053 1.839525818171112e-21
359.1150709870987 1.839225782268165e-21
359.2137901690169 1.838925889037991e-21
359.3125093509351 1.838626138361867e-21
359.4112285328533 1.8383265301212068e-21
359.5099477147715 1.8380270641975645e-21
359.60866689668967 1.8377277404726266e-21
359.70738607860784 1.837428558828223e-21
359.80610526052607 1.837129519146318e-21
359.90482444244424 1.8368306213090118e-21
360.00354362436246 1.836531865198545e-21
360.10226280628063 1.836233250697292e-21
360.2009819881988 1.8359347776877654e-21
360.29970117011703 1.8356364460526137e-21
360.3984203520352 1.8353382556746214e-21
360.4971395339534 1.835040206436709e-21
360.5958587158716 1.834742298221932e-21
360.69457789778977 1.8344445309134818e-21
360.793297079708 1.8341469043946866e-21
360.89201626162617 1.833849418549009e-21
360.99073544354434 1.833552073260045e-21
361.08945462546257 1.833254868411527e-21
361.18817380738074 1.8329578038873213e-21
361.2868929892989 1.8326608795714296e-21
361.38561217121713 1.8323640953479868e-21
361.4843313531353 1.8320674511012606e-21
361.58305053505353 1.8317709467156554e-21
361.6817697169717 1.831474582075707e-21
361.78048889888987 1.8311783570660852e-21
361.8792080808081 1.8308822715715933e-21
361.97792726272627 1.8305863254771663e-21
362.07664644464444 1.8302905186678756e-21
362.17536562656267 1.8299948510289192e-21
362.27408480848084 1.8296993224456335e-21
362.37280399039906 1.829403932803484e-21
362.47152317231723 1.8291086819880697e-21
362.5702423542354 1.82881356988512e-21
362.66896153615363 1.828518596380495e-21
362.7676807180718 1.8282237613601902e-21
362.86639989999 1.827929064710331e-21
362.9651190819082 1.8276345063171696e-21
363.06383826382637 1.827340086067095e-21
363.1625574457446 1.8270458038466247e-21
363.26127662766277 1.826751659542405e-21
363.35999580958094 1.826457653041215e-21
363.45871499149916 1.826163784229964e-21
363.55743417341733 1.8258700529956876e-21
363.65615335533556 1.8255764592255564e-21
363.75487253725373 1.825283002806866e-21
363.8535917191719 1.8249896836270452e-21
363.95231090109013 1.8246965015736516e-21
364.0510300830083 1.8244034565343666e-21
364.14974926492647 1.8241105483970067e-21
364.2484684468447 1.8238177770495144e-21
364.34718762876287 1.8235251423799603e-21
364.4459068106811 1.8232326442765473e-21
364.54462599259926 1.8229402826276e-21
364.64334517451744 1.8226480573215738e-21
364.74206435643566 1.8223559682470533e-21
364.84078353835383 1.82206401529275e-21
364.939502720272 1.8217721983475018e-21
365.03822190219023 1.8214805173002736e-21
365.1369410841084 1.8211889720401584e-21
365.2356602660266 1.8208975624563772e-21
365.3343794479448 1.820606288438273e-21
365.43309862986297 1.82031514987532e-21
365.5318178117812 1.8200241466571163e-21
365.63053699369937 1.819733278673388e-21
365.72925617561754 1.8194425458139856e-21
365.82797535753576 1.8191519479688853e-21
365.92669453945393 1.8188614850281898e-21
366.02541372137216 1.818571156882124e-21
366.12413290329033 1.818280963421045e-21
366.2228520852085 1.817990904535428e-21
366.3215712671267 1.8177009801158756e-21
366.4202904490449 1.817411190053116e-21
366.51900963096307 1.8171215342379984e-21
366.6177288128813 1.8168320125615017e-21
366.71644799479947 1.8165426249147268e-21
366.8151671767177 1.8162533711888933e-21
366.91388635863586 1.8159642512753528e-21
367.01260554055403 1.8156752650655798e-21
367.11132472247226 1.815386412451161e-21
367.21004390439043 1.8150976933238207e-21
367.30876308630866 1.8148091075753987e-21
367.40748226822683 1.814520655097859e-21
367.506201450145 1.814232335783288e-21
367.6049206320632 1.8139441495238952e-21
367.7036398139814 1.813656096212014e-21
367.80235899589957 1.8133681757400972e-21
367.9010781778178 1.8130803880007202e-21
367.99979735973596 1.812792732886582e-21
368.0985165416542 1.8125052102905013e-21
368.19723572357236 1.8122178201054195e-21
368.29595490549053 1.811930562224399e-21
368.39467408740876 1.811643436540624e-21
368.49339326932693 1.811356442947397e-21
368.5921124512451 1.8110695813381464e-21
368.6908316331633 1.8107828516064156e-21
368.7895508150815 1.8104962536458715e-21
368.8882699969997 1.8102097873503015e-21
368.9869891789179 1.8099234526136123e-21
369.08570836083607 1.809637249329831e-21
369.1844275427543 1.8093511773931033e-21
369.28314672467246 1.8090652366976957e-21
369.38186590659063 1.8087794271379955e-21
369.48058508850886 1.8084937486085046e-21
369.57930427042703 1.8082082010038505e-21
369.67802345234526 1.8079227842187733e-21
369.7767426342634 1.8076374981481353e-21
369.8754618161816 1.807352342686918e-21
369.9741809980998 1.8070673177302203e-21
370.072900180018 1.8067824231732576e-21
370.17161936193617 1.806497658911367e-21
370.2703385438544 1.806213024840001e-21
370.36905772577256 1.805928520854729e-21
370.4677769076908 1.8056441468512415e-21
370.56649608960896 1.8053599027253427e-21
370.66521527152713 1.8050757883729573e-21
370.76393445344536 1.8047918036901234e-21
370.86265363536353 1.804507948573e-21
370.96137281728176 1.8042242229178605e-21
371.0600919991999 1.803940626621097e-21
371.1588111811181 1.8036571595792126e-21
371.2575303630363 1.8033738216888347e-21
371.3562495449545 1.803090612846699e-21
371.45496872687266 1.8028075329496643e-21
371.5536879087909 1.8025245818946992e-21
371.65240709070906 1.8022417595788914e-21
371.7511262726273 1.8019590658994436e-21
371.84984545454546 1.801676500753672e-21
371.94856463646363 1.80139406403901e-21
372.04728381838186 1.801111755653005e-21
372.1460030003 1.80082957549332e-21
372.2447221822182 1.80054752345773e-21
372.3434413641364 1.8002655994441284e-21
372.4421605460546 1.799983803350521e-21
372.5408797279728 1.7997021350750254e-21
372.639598909891 1.799420594515879e-21
372.73831809180916 1.7991391815714276e-21
372.8370372737274 1.798857896140133e-21
372.93575645564556 1.7985767381205698e-21
373.03447563756373 1.7982957074114277e-21
373.13319481948196 1.798014803911505e-21
373.2319140014001 1.7977340275197217e-21
373.33063318331835 1.7974533781350996e-21
373.4293523652365 1.7971728556567837e-21
373.5280715471547 1.796892459984024e-21
373.6267907290729 1.7966121910161865e-21
373.7255099109911 1.796332048652747e-21
373.82422909290926 1.7960520327932984e-21
373.9229482748275 1.795772143337539e-21
374.02166745674566 1.7954923801852842e-21
374.1203866386639 1.7952127432364577e-21
374.21910582058206 1.7949332323910955e-21
374.31782500250023 1.7946538475493463e-21
374.41654418441846 1.794374588611468e-21
374.5152633663366 1.794095455477832e-21
374.61398254825485 1.793816448048916e-21
374.712701730173 1.7935375662253144e-21
374.8114209120912 1.793258809907728e-21
374.9101400940094 1.7929801789969676e-21
375.0088592759276 1.7927016733939568e-21
375.10757845784576 1.7924232929997284e-21
375.206297639764 1.7921450377154236e-21
375.30501682168216 1.7918669074422964e-21
375.4037360036004 1.791588902081708e-21
375.50245518551856 1.791311021535129e-21
375.6011743674367 1.7910332657041413e-21
375.69989354935495 1.7907556344904318e-21
375.7986127312731 1.7904781277958013e-21
375.8973319131913 1.7902007455221574e-21
375.9960510951095 1.7899234875715156e-21
376.0947702770277 1.7896463538460034e-21
376.1934894589459 1.78936934424785e-21
376.2922086408641 1.789092458679398e-21
376.39092782278226 1.7888156970430977e-21
376.4896470047005 1.7885390592415068e-21
376.58836618661866 1.7882625451772898e-21
376.6870853685368 1.78798615475322e-21
376.78580455045505 1.7877098878721777e-21
376.8845237323732 1.78743374443715e-21
376.98324291429145 1.787157724351231e-21
377.0819620962096 1.7868818275176254e-21
377.1806812781278 1.786606053839641e-21
377.279400460046 1.786330403220691e-21
377.3781196419642 1.7860548755642998e-21
377.47683882388236 1.7857794707740957e-21
377.5755580058006 1.7855041887538138e-21
377.67427718771876 1.7852290294072943e-21
377.772996369637 1.784953992638485e-21
377.87171555155516 1.784679078351438e-21
377.9704347334733 1.7844042864503127e-21
378.06915391539155 1.7841296168393736e-21
378.1678730973097 1.7838550694229897e-21
378.26659227922795 1.783580644105635e-21
378.3653114611461 1.783306340791891e-21
378.4640306430643 1.7830321593864416e-21
378.5627498249825 1.782758099794077e-21
378.6614690069007 1.7824841619196926e-21
378.76018818881886 1.7822103456682853e-21
378.8589073707371 1.78193665094496e-21
378.95762655265526 1.7816630776549247e-21
379.0563457345735 1.7813896257034893e-21
379.15506491649165 1.7811162949960726e-21
379.2537840984098 1.780843085438192e-21
379.35250328032805 1.780569996935469e-21
379.4512224622462 1.780297029393636e-21
379.5499416441644 1.7800241827185172e-21
379.6486608260826 1.77975145681605e-21
379.7473800080008 1.7794788515922694e-21
379.846099189919 1.7792063669533143e-21
379.9448183718372 1.7789340028054284e-21
380.04353755375536 1.778661759054955e-21
380.1422567356736 1.7783896356083433e-21
380.24097591759175 1.778117632372143e-21
380.3396950995099 1.7778457492530054e-21
380.43841428142815 1.777573986157685e-21
380.5371334633463 1.7773023429930376e-21
380.63585264526455 1.7770308196660222e-21
380.7345718271827 1.7767594160836996e-21
380.8332910091009 1.7764881321532284e-21
380.9320101910191 1.776216967781875e-21
381.0307293729373 1.7759459228770004e-21
381.12944855485546 1.7756749973460704e-21
381.2281677367737 1.775404191096652e-21
381.32688691869186 1.775133504036411e-21
381.4256061006101 1.774862936073117e-21
381.52432528252825 1.7745924871146358e-21
381.6230444644464 1.7743221570689383e-21
381.72176364636465 1.774051945844093e-21
381.8204828282828 1.7737818533482692e-21
381.91920201020105 1.7735118794897352e-21
382.0179211921192 1.7732420241768604e-21
382.1166403740374 1.7729722873181157e-21
382.2153595559556 1.7727026688220666e-21
382.3140787378738 1.7724331685973816e-21
382.41279791979196 1.7721637865528306e-21
382.5115171017102 1.7718945225972783e-21
382.61023628362835 1.7716253766396894e-21
382.7089554655466 1.7713563485891292e-21
382.80767464746475 1.7710874383547642e-21
382.9063938293829 1.770818645845851e-21
383.00511301130115 1.7705499709717532e-21
383.1038321932193 1.77028141364193e-21
383.2025513751375 1.7700129737659364e-21
383.3012705570557 1.76974465125343e-21
383.3999897389739 1.769476446014164e-21
383.4987089208921 1.7692083579579877e-21
383.5974281028103 1.7689403869948508e-21
383.69614728472845 1.7686725330348e-21
383.7948664666467 1.7684047959879787e-21
383.89358564856485 1.7681371757646295e-21
383.992304830483 1.76786967227509e-21
384.09102401240125 1.7676022854297956e-21
384.1897431943194 1.767335015139279e-21
384.28846237623765 1.767067861314169e-21
384.3871815581558 1.766800823865192e-21
384.485900740074 1.7665339027031694e-21
384.5846199219922 1.7662670977390202e-21
384.6833391039104 1.7660004088837606e-21
384.7820582858286 1.7657338360485016e-21
384.8807774677468 1.765467379144449e-21
384.97949664966495 1.765201038082907e-21
385.0782158315832 1.7649348127752742e-21
385.17693501350135 1.7646687031330453e-21
385.2756541954195 1.7644027090678096e-21
385.37437337733775 1.764136830491252e-21
385.4730925592559 1.7638710673151547e-21
385.57181174117414 1.7636054194513907e-21
385.6705309230923 1.7633398868119325e-21
385.7692501050105 1.7630744693088463e-21
385.8679692869287 1.762809166854289e-21
385.9666884688469 1.7625439793605184e-21
386.06540765076505 1.7622789067398816e-21
386.1641268326833 1.762013948904822e-21
386.26284601460145 1.761749105767878e-21
386.3615651965197 1.7614843772416804e-21
386.46028437843785 1.7612197632389563e-21
386.559003560356 1.760955263672524e-21
386.65772274227425 1.760690878455297e-21
386.7564419241924 1.76042660750028e-21
386.8551611061106 1.7601624507205768e-21
386.9538802880288 1.7598984080293775e-21
387.052599469947 1.7596344793399698e-21
387.1513186518652 1.7593706645657343e-21
387.2500378337834 1.7591069636201418e-21
387.34875701570155 1.758843376416757e-21
387.4474761976198 1.758579902869241e-21
387.54619537953795 1.7583165428913423e-21
387.6449145614561 1.7580532963969033e-21
387.74363374337435 1.7577901632998593e-21
387.8423529252925 1.7575271435142393e-21
387.94107210721074 1.7572642369541614e-21
388.0397912891289 1.7570014435338372e-21
388.1385104710471 1.756738763167569e-21
388.2372296529653 1.7564761957697543e-21
388.3359488348835 1.756213741254877e-21
388.4346680168017 1.7559513995375134e-21
388.5333871987199 1.7556891705323372e-21
388.63210638063805 1.755427054154105e-21
388.7308255625563 1.75516505031767e-21
388.82954474447445 1.7549031589379745e-21
388.9282639263926 1.754641379930049e-21
389.02698310831084 1.7543797132090206e-21
389.125702290229 1.7541181586901003e-21
389.22442147214724 1.753856716288595e-21
389.3231406540654 1.7535953859199013e-21
389.4218598359836 1.7533341674995012e-21
389.5205790179018 1.753073060942972e-21
389.61929819982 1.752812066165978e-21
389.71801738173815 1.7525511830842754e-21
389.8167365636564 1.752290411613708e-21
389.91545574557455 1.752029751670211e-21
390.0141749274928 1.7517692031698076e-21
390.11289410941095 1.751508766028613e-21
390.2116132913291 1.7512484401628265e-21
390.31033247324734 1.7509882254887417e-21
390.4090516551655 1.750728121922739e-21
390.5077708370837 1.7504681293812897e-21
390.6064900190019 1.7502082477809477e-21
390.7052092009201 1.7499484770383648e-21
390.8039283828383 1.7496888170702717e-21
390.9026475647565 1.749429267793496e-21
391.00136674667465 1.7491698291249485e-21
391.1000859285929 1.748910500981629e-21
391.19880511051105 1.748651283280626e-21
391.2975242924292 1.748392175939115e-21
391.39624347434744 1.748133178874361e-21
391.4949626562656 1.747874292003717e-21
391.59368183818384 1.7476155152446182e-21
391.692401020102 1.747356848514595e-21
391.7911202020202 1.7470982917312596e-21
391.8898393839384 1.7468398448123154e-21
391.9885585658566 1.7465815076755478e-21
392.0872777477748 1.746323280238836e-21
392.185996929693 1.7460651624201386e-21
392.28471611161115 1.745807154137505e-21
392.3834352935294 1.745549255309074e-21
392.48215447544754 1.7452914658530635e-21
392.5808736573657 1.7450337856877855e-21
392.67959283928394 1.7447762147316322e-21
392.7783120212021 1.744518752903087e-21
392.87703120312034 1.7442614001207163e-21
392.9757503850385 1.744004156303172e-21
393.0744695669567 1.7437470213691947e-21
393.1731887488749 1.7434899952376063e-21
393.2719079307931 1.74323307782732e-21
393.37062711271125 1.7429762690573303e-21
393.4693462946295 1.742719568846717e-21
393.56806547654764 1.742462977114649e-21
393.6667846584659 1.7422064937803755e-21
393.76550384038404 1.7419501187632342e-21
393.8642230223022 1.7416938519826464e-21
393.96294220422044 1.7414376933581183e-21
394.0616613861386 1.74118164280924e-21
394.1603805680568 1.7409257002556877e-21
394.259099749975 1.740669865617223e-21
394.3578189318932 1.7404141388136866e-21
394.4565381138114 1.7401585197650095e-21
394.5552572957296 1.739903008391204e-21
394.65397647764775 1.7396476046123675e-21
394.752695659566 1.7393923083486798e-21
394.85141484148414 1.7391371195204053e-21
394.9501340234023 1.738882038047893e-21
395.04885320532054 1.7386270638515735e-21
395.1475723872387 1.7383721968519626e-21
395.24629156915694 1.738117436969657e-21
395.3450107510751 1.7378627841253418e-21
395.4437299329933 1.737608238239781e-21
395.5424491149115 1.7373537992338202e-21
395.6411682968297 1.7370994670283935e-21
395.7398874787479 1.7368452415445118e-21
395.8386066606661 1.7365911227032734e-21
395.93732584258424 1.736337110425856e-21
396.03604502450247 1.7360832046335213e-21
396.13476420642064 1.735829405247613e-21
396.2334833883388 1.7355757121895575e-21
396.33220257025704 1.7353221253808622e-21
396.4309217521752 1.7350686447431195e-21
396.52964093409344 1.7348152701979986e-21
396.6283601160116 1.734562001667255e-21
396.7270792979298 1.7343088390727243e-21
396.825798479848 1.734055782336325e-21
396.9245176617662 1.7338028313800528e-21
397.02323684368434 1.7335499861259904e-21
397.12195602560257 1.7332972464962988e-21
397.22067520752074 1.733044612413219e-21
397.31939438943897 1.7327920837990773e-21
397.41811357135714 1.732539660576277e-21
397.5168327532753 1.7322873426673034e-21
397.61555193519354 1.7320351299947242e-21
397.7142711171117 1.7317830224811828e-21
397.8129902990299 1.7315310200494117e-21
397.9117094809481 1.7312791226222147e-21
398.0104286628663 1.731027330122482e-21
398.1091478447845 1.730775642473181e-21
398.2078670267027 1.7305240595973606e-21
398.30658620862084 1.7302725814181506e-21
398.40530539053907 1.7300212078587582e-21
398.50402457245724 1.729769938842471e-21
398.6027437543754 1.7295187742926576e-21
398.70146293629364 1.7292677141327657e-21
398.8001821182118 1.729016758286323e-21
398.89890130013003 1.7287659066769345e-21
398.9976204820482 1.7285151592282865e-21
399.0963396639664 1.7282645158641447e-21
399.1950588458846 1.7280139765083505e-21
399.2937780278028 1.7277635410848294e-21
399.392497209721 1.7275132095175805e-21
399.49121639163917 1.727262981730687e-21
399.58993557355734 1.7270128576483075e-21
399.68865475547557 1.7267628371946766e-21
399.78737393739374 1.726512920294115e-21
399.8860931193119 1.7262631068710136e-21
399.98481230123014 1.726013396849847e-21
400.0835314831483 1.7257637901551653e-21
400.18225066506653 1.725514286711597e-21
400.2809698469847 1.725264886443849e-21
400.3796890289029 1.7250155892767067e-21
400.4784082108211 1.7247663951350317e-21
400.57712739273927 1.7245173039437636e-21
400.67584657465744 1.724268315627922e-21
400.77456575657567 1.724019430112599e-21
400.87328493849384 1.7237706473229696e-21
400.97200412041207 1.7235219671842807e-21
401.07072330233024 1.7232733896218593e-21
401.1694424842484 1.7230249145611118e-21
401.26816166616663 1.7227765419275144e-21
401.3668808480848 1.722528271646627e-21
401.465600030003 1.7222801036440844e-21
401.5643192119212 1.7220320378455956e-21
401.6630383938394 1.7217840741769487e-21
401.7617575757576 1.7215362125640063e-21
401.86047675767577 1.7212884529327088e-21
401.95919593959394 1.721040795209073e-21
402.05791512151217 1.720793239319192e-21
402.15663430343034 1.7205457851892303e-21
402.2553534853485 1.7202984327454358e-21
402.35407266726673 1.7200511819141268e-21
402.4527918491849 1.7198040326216993e-21
402.55151103110313 1.7195569847946258e-21
402.6502302130213 1.7193100383594522e-21
402.7489493949395 1.7190631932428007e-21
402.8476685768577 1.7188164493713685e-21
402.94638775877587 1.7185698066719286e-21
403.0451069406941 1.718323265071331e-21
403.14382612261227 1.718076824496496e-21
403.24254530453044 1.7178304848744237e-21
403.34126448644867 1.717584246132186e-21
403.43998366836684 1.717338108196931e-21
403.538702850285 1.71709207099588e-21
403.63742203220323 1.71684613445633e-21
403.7361412141214 1.7166002985056527e-21
403.83486039603963 1.7163545630712935e-21
403.9335795779578 1.7161089280807713e-21
404.03229875987597 1.7158633934616816e-21
404.1310179417942 1.7156179591416935e-21
404.22973712371237 1.715372625048545e-21
404.32845630563054 1.715127391110056e-21
404.42717548754877 1.7148822572541133e-21
404.52589466946694 1.714637223408683e-21
404.62461385138516 1.7143922895018005e-21
404.72333303330333 1.714147455461576e-21
404.8220522152215 1.7139027212161937e-21
404.92077139713973 1.7136580866939107e-21
405.0194905790579 1.713413551823058e-21
405.1182097609761 1.7131691165320392e-21
405.2169289428943 1.7129247807493286e-21
405.31564812481247 1.7126805444034786e-21
405.4143673067307 1.7124364074231084e-21
405.51308648864887 1.7121923697369164e-21
405.61180567056704 1.7119484312736676e-21
405.71052485248526 1.711704591962204e-21
405.80924403440343 1.711460851731436e-21
405.9079632163216 1.7112172105103515e-21
406.00668239823983 1.7109736682280056e-21
406.105401580158 1.710730224813528e-21
406.20412076207623 1.710486880196119e-21
406.3028399439944 1.7102436343050566e-21
406.40155912591257 1.710000487069682e-21
406.5002783078308 1.7097574384194126e-21
406.59899748974897 1.709514488283739e-21
406.6977166716672 1.709271636592222e-21
406.79643585358536 1.7090288832744917e-21
406.89515503550354 1.708786228260253e-21
406.99387421742176 1.7085436714792803e-21
407.09259339933993 1.7083012128614206e-21
407.1913125812581 1.70805885233659e-21
407.29003176317633 1.707816589834776e-21
407.3887509450945 1.707574425286039e-21
407.4874701270127 1.7073323586205102e-21
407.5861893089309 1.707090389768389e-21
407.68490849084907 1.7068485186599467e-21
407.7836276727673 1.7066067452255268e-21
407.88234685468547 1.706365069395543e-21
407.98106603660364 1.7061234911004756e-21
408.07978521852186 1.7058820102708796e-21
408.17850440044003 1.70564062683738e-21
408.27722358235826 1.7053993407306698e-21
408.37594276427643 1.7051581518815125e-21
408.4746619461946 1.704917060220742e-21
408.5733811281128 1.704676065679263e-21
408.672100310031 1.7044351681880487e-21
408.77081949194917 1.7041943676781426e-21
408.8695386738674 1.703953664080658e-21
408.96825785578557 1.7037130573267768e-21
409.0669770377038 1.7034725473477527e-21
409.16569621962196 1.7032321340749038e-21
409.26441540154013 1.702991817439624e-21
409.36313458345836 1.7027515973733714e-21
409.46185376537653 1.7025114738076753e-21
409.5605729472947 1.702271446674133e-21
409.65929212921293 1.7020315159044115e-21
409.7580113111311 1.701791681430248e-21
409.8567304930493 1.7015519431834445e-21
409.9554496749675 1.701312301095876e-21
410.05416885688567 1.701072755099481e-21
410.1528880388039 1.7008333051262736e-21
410.25160722072206 1.7005939511083283e-21
410.3503264026403 1.7003546929777936e-21
410.44904558455846 1.7001155306668852e-21
410.54776476647663 1.6998764641078843e-21
410.64648394839486 1.6996374932331444e-21
410.74520313031303 1.6993986179750823e-21
410.8439223122312 1.699159838266184e-21
410.9426414941494 1.6989211540390077e-21
411.0413606760676 1.6986825652261722e-21
411.1400798579858 1.6984440717603697e-21
411.238799039904 1.6982056735743558e-21
411.33751822182217 1.6979673706009573e-21
411.4362374037404 1.697729162773065e-21
411.53495658565856 1.6974910500236405e-21
411.63367576757673 1.697253032285707e-21
411.73239494949496 1.6970151094923602e-21
411.83111413141313 1.696777281576761e-21
411.92983331333136 1.6965395484721375e-21
412.0285524952495 1.696301910111782e-21
412.1272716771677 1.6960643664290577e-21
412.2259908590859 1.6958269173573918e-21
412.3247100410041 1.6955895628302787e-21
412.42342922292227 1.6953523027812795e-21
412.5221484048405 1.695115137144022e-21
412.62086758675866 1.6948780658521985e-21
412.7195867686769 1.6946410888395714e-21
412.81830595059506 1.694404206039964e-21
412.91702513251323 1.6941674173872685e-21
413.01574431443146 1.6939307228154466e-21
413.11446349634963 1.6936941222585188e-21
413.2131826782678 1.6934576156505756e-21
413.311901860186 1.693221202925775e-21
413.4106210421042 1.6929848840183345e-21
413.5093402240224 1.692748658862544e-21
413.6080594059406 1.692512527392754e-21
413.70677858785876 1.6922764895433827e-21
413.805497769777 1.692040545248914e-21
413.90421695169516 1.691804694443895e-21
414.0029361336134 1.691568937062939e-21
414.10165531553156 1.6913332730407257e-21
414.20037449744973 1.6910977023119975e-21
414.29909367936796 1.6908622248115634e-21
414.3978128612861 1.690626840474297e-21
414.4965320432043 1.6903915492351356e-21
414.5952512251225 1.6901563510290815e-21
414.6939704070407 1.6899212457912027e-21
414.7926895889589 1.6896862334566311e-21
414.8914087708771 1.6894513139605616e-21
414.99012795279526 1.6892164872382562e-21
415.0888471347135 1.6889817532250385e-21
415.18756631663166 1.6887471118562987e-21
415.28628549854983 1.6885125630674882e-21
415.38500468046806 1.688278106794125e-21
415.4837238623862 1.6880437429717892e-21
415.58244304430445 1.6878094715361267e-21
415.6811622262226 1.6875752924228457e-21
415.7798814081408 1.6873412055677187e-21
415.878600590059 1.6871072109065804e-21
415.9773197719772 1.6868733083753317e-21
416.07603895389536 1.6866394979099352e-21
416.1747581358136 1.6864057794464157e-21
416.27347731773176 1.6861721529208638e-21
416.37219649965 1.6859386182694332e-21
416.47091568156816 1.685705175428339e-21
416.5696348634863 1.6854718243338596e-21
416.66835404540456 1.6852385649223356e-21
416.7670732273227 1.6850053971301748e-21
416.8657924092409 1.6847723208938439e-21
416.9645115911591 1.6845393361498727e-21
417.0632307730773 1.6843064428348542e-21
417.1619499549955 1.6840736408854439e-21
417.2606691369137 1.68384093023836e-21
417.35938831883186 1.6836083108303825e-21
417.4581075007501 1.6833757825983554e-21
417.55682668266826 1.683143345479184e-21
417.6555458645865 1.6829109994098339e-21
417.75426504650466 1.6826787443273349e-21
417.8529842284228 1.6824465801687802e-21
417.95170341034105 1.6822145068713215e-21
418.0504225922592 1.6819825243721738e-21
418.1491417741774 1.6817506326086167e-21
418.2478609560956 1.6815188315179855e-21
418.3465801380138 1.6812871210376833e-21
418.445299319932 1.6810555011051707e-21
418.5440185018502 1.6808239716579725e-21
418.64273768376836 1.6805925326336724e-21
418.7414568656866 1.6803611839699168e-21
418.84017604760476 1.6801299256044147e-21
418.9388952295229 1.6798987574749325e-21
419.03761441144115 1.6796676795193015e-21
419.1363335933593 1.6794366916754104e-21
419.23505277527755 1.6792057938812152e-21
419.3337719571957 1.6789749860747239e-21
419.4324911391139 1.6787442681940138e-21
419.5312103210321 1.6785136401772164e-21
419.6299295029503 1.6782831019625275e-21
419.72864868486846 1.678052653488204e-21
419.8273678667867 1.6778222946925587e-21
419.92608704870486 1.677592025513972e-21
420.0248062306231 1.6773618458908767e-21
420.12352541254126 1.6771317557617713e-21
420.2222445944594 1.6769017550652128e-21
420.32096377637765 1.6766718437398188e-21
420.4196829582958 1.6764420217242662e-21
420.518402140214 1.6762122889572935e-21
420.6171213221322 1.6759826453776962e-21
420.7158405040504 1.675753090924333e-21
420.8145596859686 1.6755236255361191e-21
420.9132788678868 1.6752942491520314e-21
421.01199804980496 1.6750649617111067e-21
421.1107172317232 1.6748357631524405e-21
421.20943641364136 1.6746066534151872e-21
421.3081555955596 1.674377632438561e-21
421.40687477747775 1.6741487001618363e-21
421.5055939593959 1.6739198565243463e-21
421.60431314131415 1.6736911014654817e-21
421.7030323232323 1.6734624349246952e-21
421.8017515051505 1.6732338568414978e-21
421.9004706870687 1.673005367155456e-21
421.9991898689869 1.672776965806199e-21
422.0979090509051 1.6725486527334148e-21
422.1966282328233 1.6723204278768472e-21
422.29534741474146 1.6720922911763015e-21
422.3940665966597 1.67186424257164e-21
422.49278577857785 1.6716362820027834e-21
422.591504960496 1.6714084094097125e-21
422.69022414241425 1.6711806247324655e-21
422.7889433243324 1.670952927911137e-21
422.88766250625065 1.670725318885883e-21
422.9863816881688 1.6704977975969153e-21
423.085100870087 1.6702703639845061e-21
423.1838200520052 1.6700430179889812e-21
423.2825392339234 1.6698157595507313e-21
423.38125841584156 1.6695885886101983e-21
423.4799775977598 1.6693615051078846e-21
423.57869677967795 1.6691345089843502e-21
423.6774159615962 1.668907600180213e-21
423.77613514351435 1.6686807786361492e-21
423.8748543254325 1.6684540442928917e-21
423.97357350735075 1.6682273970912282e-21
424.0722926892689 1.6680008369720085e-21
424.1710118711871 1.6677743638761354e-21
424.2697310531053 1.6675479777445726e-21
424.3684502350235 1.6673216785183391e-21
424.4671694169417 1.6670954661385098e-21
424.5658885988599 1.6668693405462193e-21
424.66460778077806 1.6666433016826564e-21
424.7633269626963 1.6664173494890702e-21
424.86204614461445 1.6661914839067628e-21
424.9607653265327 1.6659657048770938e-21
425.05948450845085 1.6657400123414834e-21
425.158203690369 1.6655144062414032e-21
425.25692287228725 1.6652888865183836e-21
425.3556420542054 1.6650634531140113e-21
425.4543612361236 1.6648381059699312e-21
425.5530804180418 1.66461284502784e-21
425.65179959996 1.664387670229495e-21
425.7505187818782 1.6641625815167063e-21
425.8492379637964 1.6639375788313441e-21
425.94795714571455 1.6637126621153305e-21
426.0466763276328 1.6634878313106455e-21
426.14539550955095 1.6632630863593272e-21
426.2441146914691 1.6630384272034644e-21
426.34283387338735 1.6628138537852054e-21
426.4415530553055 1.6625893660467525e-21
426.54027223722375 1.6623649639303661e-21
426.6389914191419 1.6621406473783592e-21
426.7377106010601 1.6619164163331014e-21
426.8364297829783 1.6616922707370172e-21
426.9351489648965 1.6614682105325892e-21
427.03386814681465 1.66124423566235e-21
427.1325873287329 1.6610203460688937e-21
427.23130651065105 1.6607965416948643e-21
427.3300256925693 1.6605728224829639e-21
427.42874487448745 1.6603491883759475e-21
427.5274640564056 1.6601256393166278e-21
427.62618323832385 1.6599021752478678e-21
427.724902420242 1.6596787961125915e-21
427.8236216021602 1.6594555018537736e-21
427.9223407840784 1.6592322924144433e-21
428.0210599659966 1.6590091677376859e-21
428.1197791479148 1.6587861277666407e-21
428.218498329833 1.6585631724444998e-21
428.31721751175115 1.6583403017145145e-21
428.4159366936694 1.6581175155199865e-21
428.51465587558755 1.6578948138042703e-21
428.6133750575058 1.6576721965107786e-21
428.71209423942395 1.6574496635829762e-21
428.8108134213421 1.6572272149643834e-21
428.90953260326035 1.6570048505985721e-21
429.0082517851785 1.6567825704291693e-21
429.1069709670967 1.6565603743998558e-21
429.2056901490149 1.656338262454368e-21
429.3044093309331 1.6561162345364926e-21
429.4031285128513 1.655894290590074e-21
429.5018476947695 1.6556724305590063e-21
429.60056687668765 1.6554506543872398e-21
429.6992860586059 1.6552289620187758e-21
429.79800524052405 1.6550073533976724e-21
429.8967244224422 1.6547858284680393e-21
429.99544360436045 1.6545643871740381e-21
430.0941627862786 1.6543430294598856e-21
430.19288196819684 1.654121755269851e-21
430.291601150115 1.6539005645482587e-21
430.3903203320332 1.6536794572394813e-21
430.4890395139514 1.6534584332879479e-21
430.5877586958696 1.6532374926381412e-21
430.68647787778775 1.6530166352345938e-21
430.785197059706 1.6527958610218915e-21
430.88391624162415 1.652575169944678e-21
430.9826354235424 1.652354561947642e-21
431.08135460546055 1.6521340369755301e-21
431.1800737873787 1.6519135949731387e-21
431.27879296929694 1.651693235885319e-21
431.3775121512151 1.6514729596569708e-21
431.4762313331333 1.6512527662330515e-21
431.5749505150515 1.6510326555585656e-21
431.6736696969697 1.6508126275785726e-21
431.7723888788879 1.6505926822381843e-21
431.8711080608061 1.6503728194825638e-21
431.96982724272425 1.6501530392569263e-21
432.0685464246425 1.6499333415065388e-21
432.16726560656065 1.64971372617672e-21
432.2659847884789 1.6494941932128412e-21
432.36470397039704 1.6492747425603245e-21
432.4634231523152 1.6490553741646459e-21
432.56214233423344 1.6488360879713285e-21
432.6608615161516 1.6486168839259518e-21
432.7595806980698 1.6483977619741457e-21
432.858299879988 1.6481787220615878e-21
432.9570190619062 1.6479597641340126e-21
433.0557382438244 1.647740888137202e-21
433.1544574257426 1.647522094016991e-21
433.25317660766075 1.6473033817192644e-21
433.351895789579 1.6470847511899595e-21
433.45061497149715 1.6468662023750644e-21
433.5493341534153 1.646647735220617e-21
433.64805333533354 1.6464293496727092e-21
433.7467725172517 1.6462110456774788e-21
433.84549169916994 1.6459928231811207e-21
433.9442108810881 1.6457746821298748e-21
434.0429300630063 1.6455566224700332e-21
434.1416492449245 1.6453386441479421e-21
434.2403684268427 1.6451207471099953e-21
434.33908760876085 1.6449029313026356e-21
434.4378067906791 1.64468519667236e-21
434.53652597259725 1.644467543165714e-21
434.6352451545155 1.6442499707292932e-21
434.73396433643364 1.644032479309744e-21
434.8326835183518 1.6438150688537629e-21
434.93140270027004 1.6435977393080961e-21
435.0301218821882 1.6433804906195412e-21
435.1288410641064 1.6431633227349432e-21
435.2275602460246 1.6429462356012e-21
435.3262794279428 1.6427292291652586e-21
435.424998609861 1.6425123033741164e-21
435.5237177917792 1.6422954581748175e-21
435.62243697369735 1.6420786935144598e-21
435.7211561556156 1.6418620093401875e-21
435.81987533753374 1.6416454055991969e-21
435.918594519452 1.641428882238733e-21
436.01731370137014 1.6412124392060894e-21
436.1160328832883 1.64099607644861e-21
436.21475206520654 1.64077979391369e-21
436.3134712471247 1.6405635915487703e-21
436.4121904290429 1.6403474693013426e-21
436.5109096109611 1.6401314271189489e-21
436.6096287928793 1.639915464949178e-21
436.7083479747975 1.6396995827396708e-21
436.8070671567157 1.6394837804381137e-21
436.90578633863385 1.6392680579922459e-21
437.0045055205521 1.6390524153498522e-21
437.10322470247024 1.6388368524587702e-21
437.2019438843884 1.6386213692668799e-21
437.30066306630664 1.6384059657221167e-21
437.3993822482248 1.6381906417724609e-21
437.49810143014304 1.6379753973659412e-21
437.5968206120612 1.6377602324506393e-21
437.6955397939794 1.6375451469746791e-21
437.7942589758976 1.6373301408862376e-21
437.8929781578158 1.6371152141335374e-21
437.99169733973395 1.636900366664851e-21
438.0904165216522 1.636685598428499e-21
438.18913570357034 1.6364709093728509e-21
438.28785488548857 1.6362562994463226e-21
438.38657406740674 1.6360417685973783e-21
438.4852932493249 1.6358273167745315e-21
438.58401243124314 1.635612943926344e-21
438.6827316131613 1.6353986500014227e-21
438.7814507950795 1.6351844349484262e-21
438.8801699769977 1.6349702987160576e-21
438.9788891589159 1.63475624125307e-21
439.0776083408341 1.6345422625082641e-21
439.1763275227523 1.634328362430485e-21
439.27504670467044 1.6341145409686297e-21
439.37376588658867 1.6339007980716416e-21
439.47248506850684 1.6336871336885092e-21
439.57120425042507 1.6334735477682709e-21
439.66992343234324 1.6332600402600127e-21
439.7686426142614 1.6330466111128658e-21
439.86736179617964 1.6328332602760091e-21
439.9660809780978 1.6326199876986705e-21
440.064800160016 1.6324067933301224e-21
440.1635193419342 1.6321936771196882e-21
440.2622385238524 1.6319806390167345e-21
440.3609577057706 1.6317676789706753e-21
440.4596768876888 1.6315547969309742e-21
440.55839606960694 1.6313419928471393e-21
440.65711525152517 1.6311292666687249e-21
440.75583443344334 1.6309166183453358e-21
440.8545536153615 1.6307040478266197e-21
440.95327279727974 1.6304915550622708e-21
441.0519919791979 1.6302791400020339e-21
441.15071116111613 1.6300668025956948e-21
441.2494303430343 1.6298545427930921e-21
441.3481495249525 1.6296423605441041e-21
441.4468687068707 1.6294302557986618e-21
441.5455878887889 1.6292182285067365e-21
441.64430707070704 1.629006278618351e-21
441.74302625262527 1.6287944060835705e-21
441.84174543454344 1.6285826108525093e-21
441.94046461646167 1.6283708928753241e-21
442.03918379837984 1.6281592521022228e-21
442.137902980298 1.627947688483455e-21
442.23662216221624 1.627736201969318e-21
442.3353413441344 1.6275247925101524e-21
442.4340605260526 1.62731346005635e-21
442.5327797079708 1.6271022045583436e-21
442.631498889889 1.6268910259666124e-21
442.7302180718072 1.626679924231684e-21
442.82893725372537 1.6264688993041275e-21
442.92765643564354 1.626257951134562e-21
443.02637561756177 1.6260470796736489e-21
443.12509479947994 1.625836284872096e-21
443.22381398139817 1.6256255666806556e-21
443.32253316331634 1.6254149250501271e-21
443.4212523452345 1.625204359931355e-21
443.51997152715273 1.6249938712752262e-21
443.6186907090709 1.6247834590326765e-21
443.7174098909891 1.6245731231546861e-21
443.8161290729073 1.6243628635922772e-21
443.9148482548255 1.6241526802965204e-21
444.0135674367437 1.6239425732185299e-21
444.11228661866187 1.6237325423094644e-21
444.21100580058004 1.623522587520529e-21
444.30972498249827 1.6233127088029709e-21
444.40844416441644 1.623102906108087e-21
444.5071633463346 1.6228931793872124e-21
444.60588252825283 1.6226835285917308e-21
444.704601710171 1.6224739536730705e-21
444.80332089208923 1.6222644545827041e-21
444.9020400740074 1.6220550312721472e-21
445.0007592559256 1.6218456836929614e-21
445.0994784378438 1.6216364117967513e-21
445.19819761976197 1.6214272155351677e-21
445.29691680168014 1.6212180948599038e-21
445.39563598359837 1.6210090497227003e-21
445.49435516551654 1.6208000800753358e-21
445.59307434743477 1.6205911858696391e-21
445.69179352935294 1.6203823670574813e-21
445.7905127112711 1.6201736235907757e-21
445.88923189318933 1.6199649554214804e-21
445.9879510751075 1.6197563625016021e-21
446.0866702570257 1.6195478447831822e-21
446.1853894389439 1.6193394022183129e-21
446.28410862086207 1.619131034759129e-21
446.3828278027803 1.6189227423578066e-21
446.48154698469847 1.6187145249665685e-21
446.58026616661664 1.6185063825376794e-21
446.67898534853487 1.6182983150234473e-21
446.77770453045304 1.6180903223762252e-21
446.87642371237126 1.6178824045484074e-21
446.97514289428943 1.617674561492433e-21
447.0738620762076 1.6174667931607851e-21
447.17258125812583 1.6172590995059887e-21
447.271300440044 1.6170514804806134e-21
447.3700196219622 1.6168439360372697e-21
447.4687388038804 1.6166364661286145e-21
447.56745798579857 1.6164290707073452e-21
447.6661771677168 1.616221749726203e-21
447.76489634963497 1.6160145031379732e-21
447.86361553155314 1.6158073308954813e-21
447.96233471347136 1.6156002329515995e-21
448.06105389538953 1.6153932092592398e-21
448.1597730773077 1.6151862597713586e-21
448.25849225922593 1.614979384440954e-21
448.3572114411441 1.6147725832210676e-21
448.45593062306233 1.6145658560647832e-21
448.5546498049805 1.6143592029252281e-21
448.65336898689867 1.61415262375557e-21
448.7520881688169 1.6139461185090219e-21
448.85080735073507 1.6137396871388372e-21
448.94952653265324 1.6135333295983123e-21
449.04824571457146 1.6133270458407865e-21
449.14696489648964 1.6131208358196421e-21
449.24568407840786 1.6129146994882995e-21
449.34440326032603 1.6127086368002277e-21
449.4431224422442 1.612502647708932e-21
449.54184162416243 1.6122967321679637e-21
449.6405608060806 1.6120908901309145e-21
449.73927998799877 1.6118851215514181e-21
449.837999169917 1.6116794263831503e-21
449.93671835183517 1.6114738045798297e-21
450.0354375337534 1.6112682560952147e-21
450.13415671567157 1.6110627808831084e-21
450.23287589758974 1.610857378897354e-21
450.33159507950796 1.610652050091836e-21
450.43031426142613 1.6104467944204805e-21
450.52903344334436 1.6102416118372579e-21
450.62775262526253 1.6100365022961755e-21
450.7264718071807 1.6098314657512873e-21
450.8251909890989 1.6096265021566839e-21
450.9239101710171 1.6094216114665018e-21
451.02262935293527 1.609216793634915e-21
451.1213485348535 1.6090120486161425e-21
451.22006771677167 1.6088073763644416e-21
451.3187868986899 1.6086027768341107e-21
451.41750608060806 1.6083982499794931e-21
451.51622526252623 1.6081937957549697e-21
451.61494444444446 1.6079894141149625e-21
451.71366362636263 1.6077851050139374e-21
451.8123828082808 1.6075808684063995e-21
451.91110199019903 1.6073767042468933e-21
452.0098211721172 1.6071726124900066e-21
452.1085403540354 1.606968593090368e-21
452.2072595359536 1.6067646460026458e-21
452.30597871787177 1.6065607711815487e-21
452.40469789979 1.6063569685818274e-21
452.50341708170816 1.6061532381582737e-21
452.60213626362633 1.6059495798657174e-21
452.70085544554456 1.6057459936590325e-21
452.79957462746273 1.605542479493128e-21
452.89829380938096 1.6053390373229623e-21
452.99701299129913 1.6051356671035252e-21
453.0957321732173 1.6049323687898517e-21
453.1944513551355 1.6047291423370156e-21
453.2931705370537 1.604525987700133e-21
453.3918897189719 1.6043229048343563e-21
453.4906089008901 1.604119893694883e-21
453.58932808280827 1.6039169542369455e-21
453.6880472647265 1.6037140864158218e-21
453.78676644664466 1.6035112901868274e-21
453.88548562856283 1.6033085655053151e-21
453.98420481048106 1.6031059123266829e-21
454.08292399239923 1.6029033306063647e-21
454.18164317431746 1.6027008202998365e-21
454.2803623562356 1.602498381362612e-21
454.3790815381538 1.6022960137502475e-21
454.477800720072 1.602093717418338e-21
454.5765199019902 1.6018914923225157e-21
454.67523908390837 1.601689338418457e-21
454.7739582658266 1.6014872556618739e-21
454.87267744774476 1.60128524400852e-21
454.971396629663 1.6010833034141878e-21
455.07011581158116 1.6008814338347108e-21
455.16883499349933 1.6006796352259587e-21
455.26755417541756 1.6004779075438437e-21
455.36627335733573 1.6002762507443159e-21
455.4649925392539 1.6000746647833645e-21
455.5637117211721 1.5998731496170182e-21
455.6624309030903 1.5996717052013459e-21
455.7611500850085 1.5994703314924546e-21
455.8598692669267 1.5992690284464902e-21
455.95858844884486 1.5990677960196385e-21
456.0573076307631 1.5988666341681238e-21
456.15602681268126 1.5986655428482108e-21
456.25474599459943 1.5984645220161992e-21
456.35346517651766 1.598263571628433e-21
456.45218435843583 1.5980626916412904e-21
456.55090354035406 1.5978618820111922e-21
456.6496227222722 1.5976611426945939e-21
456.7483419041904 1.5974604736479927e-21
456.8470610861086 1.5972598748279257e-21
456.9457802680268 1.5970593461909644e-21
457.044499449945 1.596858887693721e-21
457.1432186318632 1.5966584992928477e-21
457.24193781378136 1.5964581809450326e-21
457.3406569956996 1.5962579326070042e-21
457.43937617761776 1.5960577542355288e-21
457.53809535953593 1.5958576457874114e-21
457.63681454145416 1.5956576072194938e-21
457.7355337233723 1.5954576384886565e-21
457.83425290529055 1.5952577395518217e-21
457.9329720872087 1.595057910365944e-21
458.0316912691269 1.5948581508880217e-21
458.1304104510451 1.5946584610750867e-21
458.2291296329633 1.5944588408842119e-21
458.32784881488146 1.5942592902725069e-21
458.4265679967997 1.5940598091971196e-21
458.52528717871786 1.593860397615237e-21
458.6240063606361 1.5936610554840802e-21
458.72272554255426 1.5934617827609129e-21
458.8214447244724 1.5932625794030355e-21
458.92016390639066 1.5930634453677819e-21
459.0188830883088 1.5928643806125291e-21
459.117602270227 1.5926653850946896e-21
459.2163214521452 1.5924664587717117e-21
459.3150406340634 1.5922676016010859e-21
459.4137598159816 1.5920688135403358e-21
459.5124789978998 1.591870094547024e-21
459.61119817981796 1.5916714445787533e-21
459.7099173617362 1.5914728635931573e-21
459.80863654365436 1.5912743515479147e-21
459.90735572557253 1.5910759084007349e-21
460.00607490749076 1.5908775341093704e-21
460.1047940894089 1.5906792286316057e-21
460.20351327132715 1.5904809919252673e-21
460.3022324532453 1.5902828239482142e-21
460.4009516351635 1.5900847246583461e-21
460.4996708170817 1.589886694013598e-21
460.5983899989999 1.5896887319719435e-21
460.6971091809181 1.589490838491391e-21
460.7958283628363 1.5892930135299868e-21
460.89454754475446 1.5890952570458155e-21
460.9932667266727 1.588897568996996e-21
461.09198590859086 1.5886999493416863e-21
461.190705090509 1.588502398038081e-21
461.28942427242725 1.5883049150444099e-21
461.3881434543454 1.5881075003189389e-21
461.48686263626365 1.5879101538199746e-21
461.5855818181818 1.5877128755058565e-21
461.6843010001 1.5875156653349618e-21
461.7830201820182 1.5873185232657037e-21
461.8817393639364 1.5871214492565336e-21
461.98045854585456 1.5869244432659382e-21
462.0791777277728 1.5867275052524397e-21
462.17789690969096 1.5865306351745977e-21
462.2766160916092 1.5863338329910084e-21
462.37533527352736 1.5861370986603034e-21
462.4740544554455 1.5859404321411534e-21
462.57277363736375 1.5857438333922594e-21
462.6714928192819 1.5855473023723645e-21
462.7702120012001 1.5853508390402455e-21
462.8689311831183 1.585154443354715e-21
462.9676503650365 1.5849581152746217e-21
463.0663695469547 1.5847618547588518e-21
463.1650887288729 1.5845656617663246e-21
463.26380791079106 1.584369536255999e-21
463.3625270927093 1.5841734781868667e-21
463.46124627462746 1.5839774875179554e-21
463.5599654565456 1.583781564208332e-21
463.65868463846385 1.5835857082170954e-21
463.757403820382 1.583389919503382e-21
463.85612300230025 1.5831941980263627e-21
463.9548421842184 1.5829985437452444e-21
464.0535613661366 1.5828029566192721e-21
464.1522805480548 1.5826074366077236e-21
464.250999729973 1.5824119836699117e-21
464.3497189118912 1.5822165977651869e-21
464.4484380938094 1.582021278852934e-21
464.54715727572756 1.581826026892574e-21
464.6458764576458 1.5816308418435604e-21
464.74459563956395 1.5814357236653874e-21
464.8433148214821 1.5812406723175798e-21
464.94203400340035 1.5810456877596978e-21
465.0407531853185 1.580850769951341e-21
465.13947236723675 1.5806559188521399e-21
465.2381915491549 1.5804611344217613e-21
465.3369107310731 1.5802664166199077e-21
465.4356299129913 1.5800717654063168e-21
465.5343490949095 1.5798771807407608e-21
465.63306827682766 1.5796826625830464e-21
465.7317874587459 1.579488210893016e-21
465.83050664066405 1.5792938256305475e-21
465.9292258225823 1.5790995067555521e-21
466.02794500450045 1.5789052542279754e-21
466.1266641864186 1.5787110680078015e-21
466.22538336833685 1.578516948055044e-21
466.324102550255 1.5783228943297568e-21
466.4228217321732 1.578128906792023e-21
466.5215409140914 1.5779349854019647e-21
466.6202600960096 1.5777411301197346e-21
466.7189792779278 1.5775473409055235e-21
466.817698459846 1.5773536177195565e-21
466.91641764176416 1.5771599605220893e-21
467.0151368236824 1.5769663692734162e-21
467.11385600560055 1.576772843933865e-21
467.2125751875187 1.5765793844637951e-21
467.31129436943695 1.5763859908236063e-21
467.4100135513551 1.5761926629737245e-21
467.50873273327335 1.5759994008746158e-21
467.6074519151915 1.5758062044867799e-21
467.7061710971097 1.5756130737707473e-21
467.8048902790279 1.5754200086870873e-21
467.9036094609461 1.5752270091963985e-21
468.0023286428643 1.5750340752593177e-21
468.1010478247825 1.5748412068365133e-21
468.19976700670065 1.5746484038886886e-21
468.2984861886189 1.5744556663765797e-21
468.39720537053705 1.5742629942609595e-21
468.4959245524552 1.5740703875026307e-21
468.59464373437345 1.5738778460624316e-21
468.6933629162916 1.5736853699012364e-21
468.79208209820985 1.57349295897995e-21
468.890801280128 1.5733006132595126e-21
468.9895204620462 1.5731083327008967e-21
469.0882396439644 1.5729161172651107e-21
469.1869588258826 1.572723966913194e-21
469.28567800780075 1.572531881606223e-21
469.384397189719 1.5723398613053037e-21
469.48311637163715 1.5721479059715769e-21
469.5818355535554 1.5719560155662188e-21
469.68055473547355 1.5717641900504376e-21
469.7792739173917 1.5715724293854732e-21
469.87799309930995 1.5713807335326018e-21
469.9767122812281 1.5711891024531316e-21
470.0754314631463 1.5709975361084037e-21
470.1741506450645 1.5708060344597918e-21
470.2728698269827 1.5706145974687053e-21
470.3715890089009 1.5704232250965856e-21
470.4703081908191 1.570231917304904e-21
470.56902737273725 1.5700406740551711e-21
470.6677465546555 1.5698494953089246e-21
470.76646573657365 1.5696583810277395e-21
470.8651849184918 1.5694673311732213e-21
470.96390410041005 1.5692763457070086e-21
471.0626232823282 1.5690854245907747e-21
471.16134246424645 1.5688945677862232e-21
471.2600616461646 1.568703775255094e-21
471.3587808280828 1.5685130469591556e-21
471.457500010001 1.5683223828602116e-21
471.5562191919192 1.5681317829200998e-21
471.6549383738374 1.5679412471006866e-21
471.7536575557556 1.5677507753638743e-21
471.85237673767375 1.5675603676715974e-21
471.951095919592 1.5673700239858222e-21
472.04981510151015 1.567179744268548e-21
472.1485342834283 1.5669895284818052e-21
472.24725346534655 1.5667993765876597e-21
472.3459726472647 1.5666092885482073e-21
472.44469182918294 1.5664192643255764e-21
472.5434110111011 1.5662293038819277e-21
472.6421301930193 1.5660394071794567e-21
472.7408493749375 1.5658495741803889e-21
472.8395685568557 1.5656598048469804e-21
472.93828773877385 1.5654700991415234e-21
473.0370069206921 1.56528045702634e-21
473.13572610261025 1.5650908784637855e-21
473.2344452845285 1.5649013634162459e-21
473.33316446644665 1.5647119118461405e-21
473.4318836483648 1.5645225237159201e-21
473.53060283028304 1.5643331989880668e-21
473.6293220122012 1.5641439376250975e-21
473.7280411941194 1.5639547395895565e-21
473.8267603760376 1.5637656048440246e-21
473.9254795579558 1.5635765333511124e-21
474.024198739874 1.5633875250734608e-21
474.1229179217922 1.5631985799737464e-21
474.22163710371035 1.5630096980146718e-21
474.3203562856286 1.5628208791589774e-21
474.41907546754675 1.5626321233694326e-21
474.5177946494649 1.5624434306088369e-21
474.61651383138314 1.5622548008400257e-21
474.7152330133013 1.5620662340258596e-21
474.81395219521954 1.561877730129238e-21
474.9126713771377 1.561689289113085e-21
475.0113905590559 1.5615009109403623e-21
475.1101097409741 1.561312595574059e-21
475.2088289228923 1.5611243429771967e-21
475.3075481048105 1.560936153112829e-21
475.4062672867287 1.5607480259440391e-21
475.50498646864685 1.5605599614339453e-21
475.6037056505651 1.5603719595456926e-21
475.70242483248325 1.5601840202424596e-21
475.8011440144014 1.5599961434874564e-21
475.89986319631964 1.5598083292439232e-21
475.9985823782378 1.5596205774751321e-21
476.09730156015604 1.5594328881443854e-21
476.1960207420742 1.5592452612150184e-21
476.2947399239924 1.5590576966503953e-21
476.3934591059106 1.5588701944139126e-21
476.4921782878288 1.5586827544689966e-21
476.59089746974695 1.5584953767791065e-21
476.6896166516652 1.55830806130773e-21
476.78833583358335 1.5581208080183868e-21
476.8870550155016 1.557933616874629e-21
476.98577419741974 1.5577464878400367e-21
477.0844933793379 1.5575594208782224e-21
477.18321256125614 1.5573724159528284e-21
477.2819317431743 1.5571854730275303e-21
477.3806509250925 1.5569985920660297e-21
477.4793701070107 1.5568117730320642e-21
477.5780892889289 1.5566250158893976e-21
477.6768084708471 1.5564383206018266e-21
477.7755276527653 1.5562516871331786e-21
477.87424683468345 1.5560651154473077e-21
477.9729660166017 1.5558786055081047e-21
478.07168519851984 1.5556921572794878e-21
478.170404380438 1.5555057707254041e-21
478.26912356235624 1.5553194458098312e-21
478.3678427442744 1.5551331824967814e-21
478.46656192619264 1.5549469807502923e-21
478.5652811081108 1.5547608405344345e-21
478.664000290029 1.554574761813307e-21
478.7627194719472 1.5543887445510411e-21
478.8614386538654 1.5542027887117962e-21
478.9601578357836 1.5540168942597637e-21
479.0588770177018 1.5538310611591634e-21
479.15759619961995 1.5536452893742459e-21
479.2563153815382 1.553459578869294e-21
479.35503456345634 1.5532739296086165e-21
479.4537537453745 1.553088341556555e-21
479.55247292729274 1.5529028146774793e-21
479.6511921092109 1.5527173489357922e-21
479.74991129112914 1.5525319442959214e-21
479.8486304730473 1.552346600722329e-21
479.9473496549655 1.5521613181795057e-21
480.0460688368837 1.5519760966319691e-21
480.1447880188019 1.5517909360442716e-21
480.24350720072005 1.5516058363809906e-21
480.3422263826383 1.5514207976067369e-21
480.44094556455644 1.5512358196861475e-21
480.53966474647467 1.551050902583893e-21
480.63838392839284 1.5508660462646708e-21
480.737103110311 1.5506812506932063e-21
480.83582229222924 1.5504965158342587e-21
480.9345414741474 1.5503118416526146e-21
481.0332606560656 1.550127228113089e-21
481.1319798379838 1.5499426751805292e-21
481.230699019902 1.5497581828198077e-21
481.3294182018202 1.5495737509958316e-21
481.4281373837384 1.549389379673532e-21
481.52685656565654 1.5492050688178723e-21
481.62557574757477 1.549020818393846e-21
481.72429492949294 1.5488366283664738e-21
481.8230141114111 1.5486524987008055e-21
481.92173329332934 1.5484684293619232e-21
482.0204524752475 1.5482844203149332e-21
482.11917165716574 1.5481004715249752e-21
482.2178908390839 1.5479165829572168e-21
482.3166100210021 1.547732754576853e-21
482.4153292029203 1.5475489863491095e-21
482.5140483848385 1.5473652782392417e-21
482.6127675667567 1.5471816302125305e-21
482.7114867486749 1.5469980422342912e-21
482.81020593059304 1.5468145142698618e-21
482.90892511251127 1.5466310462846146e-21
483.00764429442944 1.5464476382439462e-21
483.1063634763476 1.5462642901132865e-21
483.20508265826584 1.5460810018580902e-21
483.303801840184 1.5458977734438429e-21
483.40252102210223 1.5457146048360585e-21
483.5012402040204 1.5455314960002797e-21
483.5999593859386 1.5453484469020779e-21
483.6986785678568 1.5451654575070518e-21
483.797397749775 1.5449825277808305e-21
483.89611693169314 1.5447996576890712e-21
483.99483611361137 1.5446168471974574e-21
484.09355529552954 1.5444340962717065e-21
484.19227447744777 1.5442514048775594e-21
484.29099365936594 1.544068772980786e-21
484.3897128412841 1.5438862005471856e-21
484.48843202320234 1.5437036875425872e-21
484.5871512051205 1.5435212339328466e-21
484.6858703870387 1.5433388396838474e-21
484.7845895689569 1.543156504761503e-21
484.8833087508751 1.5429742291317531e-21
484.9820279327933 1.5427920127605692e-21
485.08074711471147 1.5426098556139451e-21
485.17946629662964 1.5424277576579086e-21
485.27818547854787 1.5422457188585126e-21
485.37690466046604 1.542063739181839e-21
485.4756238423842 1.5418818185939984e-21
485.57434302430244 1.541699957061127e-21
485.6730622062206 1.5415181545493925e-21
485.77178138813883 1.541336411024986e-21
485.870500570057 1.5411547264541325e-21
485.9692197519752 1.54097310080308e-21
486.0679389338934 1.5407915340381061e-21
486.1666581158116 1.540610026125517e-21
486.2653772977298 1.5404285770316445e-21
486.36409647964797 1.5402471867228515e-21
486.46281566156614 1.5400658551655263e-21
486.56153484348437 1.539884582326085e-21
486.66025402540254 1.5397033681709733e-21
486.7589732073207 1.539522212666661e-21
486.85769238923893 1.53934111577965e-21
486.9564115711571 1.5391600774764675e-21
487.05513075307533 1.5389790977236666e-21
487.1538499349935 1.5387981764878305e-21
487.2525691169117 1.5386173137355716e-21
487.3512882988299 1.538436509433524e-21
487.45000748074807 1.5382557635483562e-21
487.54872666266624 1.5380750760467571e-21
487.64744584458447 1.5378944468954496e-21
487.74616502650264 1.5377138760611801e-21
487.84488420842086 1.5375333635107222e-21
487.94360339033904 1.5373529092108798e-21
488.0423225722572 1.5371725131284806e-21
488.14104175417543 1.5369921752303823e-21
488.2397609360936 1.536811895483469e-21
488.3384801180118 1.53663167385465e-21
488.43719929993 1.5364515103108651e-21
488.53591848184817 1.5362714048190797e-21
488.6346376637664 1.5360913573462883e-21
488.73335684568457 1.535911367859507e-21
488.83207602760274 1.5357314363257832e-21
488.93079520952097 1.5355515627121924e-21
489.02951439143914 1.535371746985835e-21
489.1282335733573 1.5351919891138397e-21
489.22695275527553 1.5350122890633582e-21
489.3256719371937 1.5348326468015756e-21
489.42439111911193 1.5346530622956983e-21
489.5231103010301 1.5344735355129634e-21
489.62182948294827 1.5342940664206326e-21
489.7205486648665 1.534114654985995e-21
489.81926784678467 1.533935301176367e-21
489.9179870287029 1.5337560049590914e-21
490.01670621062107 1.5335767663015373e-21
490.11542539253924 1.5333975851711003e-21
490.21414457445746 1.5332184615352045e-21
490.31286375637563 1.5330393953612988e-21
490.4115829382938 1.5328603866168592e-21
490.51030212021203 1.5326814352693894e-21
490.6090213021302 1.5325025412864182e-21
490.70774048404843 1.5323237046355016e-21
490.8064596659666 1.5321449252842214e-21
490.90517884788477 1.5319662032001864e-21
491.003898029803 1.5317875383510322e-21
491.10261721172117 1.5316089307044213e-21
491.20133639363934 1.531430380228041e-21
491.30005557555756 1.5312518868896064e-21
491.39877475747573 1.5310734506568571e-21
491.49749393939396 1.530895071497562e-21
491.59621312131213 1.5307167493795132e-21
491.6949323032303 1.5305384842705307e-21
491.79365148514853 1.5303602761384618e-21
491.8923706670667 1.5301821249511774e-21
491.99108984898487 1.5300040306765754e-21
492.0898090309031 1.5298259932825802e-21
492.18852821282127 1.5296480127371443e-21
492.2872473947395 1.529470089008243e-21
492.38596657665767 1.529292222063879e-21
492.48468575857584 1.5291144118720822e-21
492.58340494049406 1.5289366584009056e-21
492.68212412241223 1.528758961618431e-21
492.7808433043304 1.5285813214927664e-21
492.87956248624863 1.5284037379920426e-21
492.9782816681668 1.528226211084419e-21
493.077000850085 1.5280487407380797e-21
493.1757200320032 1.5278713269212352e-21
493.27443921392137 1.5276939696021223e-21
493.3731583958396 1.527516668749004e-21
493.47187757775777 1.5273394243301653e-21
493.570596759676 1.5271622363139198e-21
493.66931594159416 1.5269851046686097e-21
493.76803512351233 1.5268080293625964e-21
493.86675430543056 1.5266310103642717e-21
493.96547348734873 1.5264540476420524e-21
494.0641926692669 1.5262771411643808e-21
494.16291185118513 1.5261002908997225e-21
494.2616310331033 1.525923496816572e-21
494.3603502150215 1.5257467588834464e-21
494.4590693969397 1.5255700770688896e-21
494.55778857885787 1.5253934513414719e-21
494.6565077607761 1.5252168816697884e-21
494.75522694269426 1.525040368022458e-21
494.85394612461243 1.5248639103681279e-21
494.95266530653066 1.524687508675468e-21
495.05138448844883 1.5245111629131748e-21
495.15010367036706 1.5243348730499703e-21
495.24882285228523 1.5241586390546021e-21
495.3475420342034 1.5239824608958413e-21
495.4462612161216 1.5238063385424855e-21
495.5449803980398 1.5236302719633579e-21
495.64369957995797 1.523454261127306e-21
495.7424187618762 1.5232783060032024e-21
495.84113794379437 1.523102406559946e-21
495.9398571257126 1.5229265627664606e-21
496.03857630763076 1.5227507745916937e-21
496.13729548954893 1.5225750420046173e-21
496.23601467146716 1.5223993649742321e-21
496.33473385338533 1.5222237434695597e-21
496.4334530353035 1.52204817745965e-21
496.5321722172217 1.5218726669135758e-21
496.6308913991399 1.5216972118004338e-21
496.7296105810581 1.5215218120893497e-21
496.8283297629763 1.5213464677494703e-21
496.92704894489447 1.5211711787499665e-21
497.0257681268127 1.5209959450600393e-21
497.12448730873086 1.5208207666489103e-21
497.2232064906491 1.5206456434858253e-21
497.32192567256726 1.5204705755400562e-21
497.42064485448543 1.5202955627809014e-21
497.51936403640366 1.5201206051776815e-21
497.61808321832183 1.5199457026997424e-21
497.71680240024 1.5197708553164534e-21
497.8155215821582 1.5195960629972113e-21
497.9142407640764 1.5194213257114362e-21
498.0129599459946 1.519246643428572e-21
498.1116791279128 1.5190720161180874e-21
498.21039830983096 1.5188974437494762e-21
498.3091174917492 1.5187229262922557e-21
498.40783667366736 1.5185484637159682e-21
498.50655585558553 1.5183740559901822e-21
498.60527503750376 1.5181997030844872e-21
498.70399421942193 1.5180254049684992e-21
498.80271340134016 1.5178511616118584e-21
498.9014325832583 1.5176769729842297e-21
499.0001517651765 1.5175028390553008e-21
499.0988709470947 1.517328759794784e-21
499.1975901290129 1.517154735172418e-21
499.29630931093106 1.5169807651579635e-21
499.3950284928493 1.5168068497212053e-21
499.49374767476746 1.5166329888319552e-21
499.5924668566857 1.516459182460044e-21
499.69118603860386 1.5162854305753326e-21
499.78990522052203 1.5161117331477019e-21
499.88862440244026 1.5159380901470576e-21
499.9873435843584 1.5157645015433316e-21
500.0860627662766 1.5155909673064778e-21
500.1847819481948 1.5154174874064726e-21
500.283501130113 1.5152440618133202e-21
500.3822203120312 1.5150706904970465e-21
500.4809394939494 1.5148973734277021e-21
500.57965867586756 1.5147241105753596e-21
500.6783778577858 1.5145509019101177e-21
500.77709703970396 1.5143777474021e-21
500.8758162216222 1.514204647021449e-21
500.97453540354036 1.5140316007383367e-21
501.0732545854585 1.5138586085229557e-21
501.17197376737676 1.5136856703455225e-21
501.2706929492949 1.5135127861762784e-21
501.3694121312131 1.513339955985487e-21
501.4681313131313 1.513167179743438e-21
501.5668504950495 1.512994457420442e-21
501.6655696769677 1.512821788986835e-21
501.7642888588859 1.5126491744129758e-21
501.86300804080406 1.5124766136692457e-21
501.9617272227223 1.5123041067260544e-21
502.06044640464046 1.512131653553829e-21
502.15916558655863 1.5119592541230227e-21
502.25788476847686 1.5117869084041139e-21
502.356603950395 1.5116146163676008e-21
502.45532313231325 1.5114423779840093e-21
502.5540423142314 1.5112701932238845e-21
502.6527614961496 1.5110980620577976e-21
502.7514806780678 1.510925984456344e-21
502.850199859986 1.5107539603901381e-21
502.94891904190416 1.5105819898298232e-21
503.0476382238224 1.5104100727460603e-21
503.14635740574056 1.51023820910954e-21
503.2450765876588 1.5100663988909684e-21
503.34379576957696 1.509894642061083e-21
503.4425149514951 1.5097229385906375e-21
503.54123413341335 1.5095512884504144e-21
503.6399533153315 1.5093796916112156e-21
503.7386724972497 1.509208148043868e-21
503.8373916791679 1.5090366577192208e-21
503.9361108610861 1.5088652206081444e-21
504.0348300430043 1.5086938366815377e-21
504.1335492249225 1.5085225059103171e-21
504.23226840684066 1.5083512282654244e-21
504.3309875887589 1.5081800037178256e-21
504.42970677067706 1.5080088322385052e-21
504.5284259525953 1.5078377137984769e-21
504.62714513451346 1.507666648368773e-21
504.7258643164316 1.5074956359204485e-21
504.82458349834985 1.5073246764245845e-21
504.923302680268 1.5071537698522823e-21
505.0220218621862 1.5069829161746657e-21
505.1207410441044 1.5068121153628829e-21
505.2194602260226 1.5066413673881062e-21
505.3181794079408 1.506470672221526e-21
505.416898589859 1.5063000298343596e-21
505.51561777177716 1.506129440197845e-21
505.6143369536954 1.5059589032832446e-21
505.71305613561356 1.5057884190618416e-21
505.8117753175317 1.505617987504943e-21
505.91049449944995 1.5054476085838766e-21
506.0092136813681 1.5052772822699969e-21
506.10793286328635 1.5051070085346755e-21
506.2066520452045 1.5049367873493112e-21
506.3053712271227 1.5047666186853233e-21
506.4040904090409 1.504596502514152e-21
506.5028095909591 1.5044264388072646e-21
506.60152877287726 1.5042564275361448e-21
506.7002479547955 1.5040864686723047e-21
506.79896713671366 1.5039165621872747e-21
506.8976863186319 1.5037467080526088e-21
506.99640550055005 1.5035769062398847e-21
507.0951246824682 1.5034071567207002e-21
507.19384386438645 1.5032374594666758e-21
507.2925630463046 1.5030678144494575e-21
507.3912822282228 1.5028982216407083e-21
507.490001410141 1.5027286810121172e-21
507.5887205920592 1.5025591925353951e-21
507.6874397739774 1.502389756182273e-21
507.7861589558956 1.5022203719245071e-21
507.88487813781376 1.5020510397338732e-21
507.983597319732 1.501881759582171e-21
508.08231650165015 1.5017125314412198e-21
508.1810356835684 1.501543355282864e-21
508.27975486548655 1.5013742310789687e-21
508.3784740474047 1.5012051588014209e-21
508.47719322932295 1.5010361384221312e-21
508.5759124112411 1.500867169913028e-21
508.6746315931593 1.5006982532460668e-21
508.7733507750775 1.5005293883932229e-21
508.8720699569957 1.5003605753264926e-21
508.9707891389139 1.5001918140178951e-21
509.0695083208321 1.5000231044394711e-21
509.16822750275026 1.4998544465632831e-21
509.2669466846685 1.4996858403614177e-21
509.36566586658665 1.4995172858059793e-21
509.4643850485048 1.4993487828690971e-21
509.56310423042305 1.4991803315229216e-21
509.6618234123412 1.4990119317396228e-21
509.76054259425945 1.4988435834913965e-21
509.8592617761776 1.4986752867504573e-21
509.9579809580958 1.4985070414890412e-21
510.056700140014 1.4983388476794085e-21
510.1554193219322 1.498170705293838e-21
510.25413850385036 1.4980026143046321e-21
510.3528576857686 1.4978345746841153e-21
510.45157686768675 1.4976665864046322e-21
510.550296049605 1.4974986494385478e-21
510.64901523152315 1.4973307637582536e-21
510.7477344134413 1.4971629293361558e-21
510.84645359535955 1.4969951461446892e-21
510.9451727772777 1.4968274141563037e-21
511.0438919591959 1.4966597333434741e-21
511.1426111411141 1.4964921036786976e-21
511.2413303230323 1.4963245251344901e-21
511.3400495049505 1.4961569976833885e-21
511.4387686868687 1.4959895212979547e-21
511.53748786878685 1.4958220959507703e-21
511.6362070507051 1.495654721614436e-21
511.73492623262325 1.4954873982615759e-21
511.8336454145415 1.495320125864836e-21
511.93236459645965 1.4951529043968813e-21
512.0310837783778 1.4949857338304003e-21
512.129802960296 1.4948186141381016e-21
512.2285221422142 1.4946515452927162e-21
512.3272413241324 1.4944845272669926e-21
512.4259605060506 1.494317560033705e-21
512.5246796879687 1.4941506435656456e-21
512.623398869887 1.4939837778356308e-21
512.7221180518052 1.4938169628164934e-21
512.8208372337233 1.4936501984810933e-21
512.9195564156415 1.4934834848023075e-21
513.0182755975598 1.4933168217530322e-21
513.1169947794779 1.4931502093061905e-21
513.2157139613961 1.492983647434721e-21
513.3144331433143 1.4928171361115851e-21
513.4131523252325 1.4926506753097677e-21
513.5118715071507 1.4924842650022701e-21
513.6105906890689 1.4923179051621182e-21
513.7093098709871 1.4921515957623559e-21
513.8080290529052 1.4919853367760517e-21
513.9067482348235 1.4918191281762908e-21
514.0054674167417 1.491652969936182e-21
514.1041865986598 1.491486862028853e-21
514.202905780578 1.4913208044274535e-21
514.3016249624962 1.4911547971051538e-21
514.4003441444144 1.4909888400351463e-21
514.4990633263326 1.4908229331906402e-21
514.5977825082508 1.4906570765448695e-21
514.6965016901689 1.4904912700710859e-21
514.7952208720872 1.4903255137425642e-21
514.8939400540054 1.4901598075325984e-21
514.9926592359236 1.4899941514145033e-21
515.0913784178417 1.4898285453616145e-21
515.19009759976 1.4896629893472875e-21
515.2888167816782 1.4894974833448994e-21
515.3875359635963 1.4893320273278463e-21
515.4862551455145 1.4891666212695483e-21
515.5849743274327 1.4890012651434401e-21
515.6836935093509 1.4888359589229828e-21
515.7824126912691 1.4886707025816545e-21
515.8811318731873 1.4885054960929554e-21
515.9798510551054 1.4883403394304041e-21
516.0785702370237 1.4881752325675413e-21
516.1772894189419 1.4880101754779275e-21
516.2760086008601 1.4878451681351445e-21
516.3747277827782 1.4876802105127924e-21
516.4734469646964 1.4875153025844935e-21
516.5721661466147 1.4873504443238893e-21
516.6708853285328 1.4871856357046414e-21
516.769604510451 1.4870208767004337e-21
516.8683236923692 1.4868561672849673e-21
516.9670428742874 1.4866915074319656e-21
517.0657620562056 1.486526897115171e-21
517.1644812381238 1.4863623363083469e-21
517.2632004200419 1.4861978249852763e-21
517.3619196019602 1.4860333631197636e-21
517.4606387838784 1.4858689506856312e-21
517.5593579657965 1.4857045876567228e-21
517.6580771477147 1.4855402740069023e-21
517.756796329633 1.4853760097100524e-21
517.8555155115512 1.4852117947400786e-21
517.9542346934693 1.4850476290709033e-21
518.0529538753875 1.4848835126764695e-21
518.1516730573057 1.4847194455307426e-21
518.2503922392239 1.484555427607705e-21
518.3491114211421 1.4843914588813604e-21
518.4478306030603 1.4842275393257323e-21
518.5465497849784 1.484063668914864e-21
518.6452689668967 1.483899847622818e-21
518.7439881488149 1.4837360754236782e-21
518.842707330733 1.4835723522915457e-21
518.9414265126512 1.4834086782005447e-21
519.0401456945694 1.483245053124818e-21
519.1388648764877 1.483081477038526e-21
519.2375840584058 1.4829179499158518e-21
519.336303240324 1.4827544717309966e-21
519.4350224222422 1.4825910424581812e-21
519.5337416041604 1.4824276620716478e-21
519.6324607860786 1.4822643305456559e-21
519.7311799679968 1.4821010478544867e-21
519.8298991499149 1.4819378139724387e-21
519.9286183318331 1.4817746288738326e-21
520.0273375137514 1.4816114925330087e-21
520.1260566956695 1.4814484049243231e-21
520.2247758775877 1.4812853660221555e-21
520.323495059506 1.4811223758009043e-21
520.4222142414241 1.4809594342349852e-21
520.5209334233423 1.4807965412988366e-21
520.6196526052605 1.4806336969669126e-21
520.7183717871787 1.4804709012136909e-21
520.8170909690969 1.4803081540136652e-21
520.9158101510151 1.4801454553413518e-21
521.0145293329333 1.4799828051712833e-21
521.1132485148514 1.4798202034780135e-21
521.2119676967696 1.479657650236114e-21
521.3106868786879 1.4794951454201789e-21
521.409406060606 1.4793326890048176e-21
521.5081252425242 1.479170280964662e-21
521.6068444244424 1.4790079212743604e-21
521.7055636063606 1.478845609908585e-21
521.8042827882788 1.478683346842021e-21
521.903001970197 1.478521132049378e-21
522.0017211521152 1.4783589655053814e-21
522.1004403340334 1.4781968471847791e-21
522.1991595159516 1.4780347770623348e-21
522.2978786978698 1.4778727551128337e-21
522.3965978797879 1.4777107813110783e-21
522.4953170617061 1.477548855631892e-21
522.5940362436244 1.4773869780501164e-21
522.6927554255425 1.4772251485406123e-21
522.7914746074607 1.4770633670782596e-21
522.8901937893789 1.4769016336379567e-21
522.988912971297 1.4767399481946213e-21
523.0876321532153 1.4765783107231909e-21
523.1863513351335 1.4764167211986218e-21
523.2850705170516 1.4762551795958867e-21
523.3837896989698 1.4760936858899811e-21
523.4825088808881 1.4759322400559175e-21
523.5812280628063 1.4757708420687275e-21
523.6799472447244 1.4756094919034617e-21
523.7786664266426 1.4754481895351885e-21
523.8773856085609 1.4752869349389968e-21
523.976104790479 1.4751257280899938e-21
524.0748239723972 1.4749645689633043e-21
524.1735431543154 1.4748034575340738e-21
524.2722623362336 1.4746423937774654e-21
524.3709815181518 1.4744813776686613e-21
524.46970070007 1.4743204091828622e-21
524.5684198819881 1.4741594882952881e-21
524.6671390639063 1.4739986149811777e-21
524.7658582458246 1.4738377892157871e-21
524.8645774277427 1.4736770109743918e-21
524.9632966096609 1.4735162802322875e-21
525.0620157915791 1.4733555969647858e-21
525.1607349734973 1.4731949611472183e-21
525.2594541554155 1.473034372754935e-21
525.3581733373337 1.472873831763306e-21
525.4568925192518 1.4727133381477174e-21
525.55561170117 1.4725528918835755e-21
525.6543308830883 1.472392492946304e-21
525.7530500650064 1.4722321413113468e-21
525.8517692469246 1.4720718369541633e-21
525.9504884288428 1.4719115798502346e-21
526.0492076107611 1.4717513699750597e-21
526.1479267926792 1.4715912073041538e-21
526.2466459745974 1.4714310918130526e-21
526.3453651565156 1.4712710234773091e-21
526.4440843384338 1.4711110022724959e-21
526.542803520352 1.4709510281742027e-21
526.6415227022702 1.470791101158038e-21
526.7402418841883 1.470631221199629e-21
526.8389610661065 1.4704713882746202e-21
526.9376802480248 1.4703116023586757e-21
527.0363994299429 1.4701518634274767e-21
527.1351186118611 1.4699921714567235e-21
527.2338377937793 1.4698325264221345e-21
527.3325569756975 1.469672928299445e-21
527.4312761576157 1.4695133770644113e-21
527.5299953395339 1.4693538726928043e-21
527.6287145214521 1.469194415160416e-21
527.7274337033703 1.4690350044430563e-21
527.8261528852885 1.4688756405165503e-21
527.9248720672067 1.4687163233567451e-21
528.0235912491248 1.468557052939504e-21
528.122310431043 1.468397829240707e-21
528.2210296129613 1.4682386522362551e-21
528.3197487948794 1.4680795219020657e-21
528.4184679767976 1.4679204382140734e-21
528.5171871587158 1.4677614011482334e-21
528.615906340634 1.4676024106805162e-21
528.7146255225522 1.467443466786911e-21
528.8133447044704 1.4672845694434257e-21
528.9120638863885 1.467125718626086e-21
529.0107830683068 1.466966914310935e-21
529.109502250225 1.466808156474035e-21
529.2082214321432 1.4666494450914635e-21
529.3069406140613 1.4664907801393183e-21
529.4056597959795 1.4663321615937141e-21
529.5043789778978 1.4661735894307835e-21
529.6030981598159 1.466015063626678e-21
529.7018173417341 1.465856584157564e-21
529.8005365236523 1.4656981509996286e-21
529.8992557055705 1.4655397641290762e-21
529.9979748874887 1.4653814235221267e-21
530.0966940694069 1.465223129155021e-21
530.195413251325 1.4650648810040153e-21
530.2941324332432 1.4649066790453847e-21
530.3928516151615 1.4647485232554212e-21
530.4915707970797 1.4645904136104354e-21
530.5902899789978 1.4644323500867542e-21
530.689009160916 1.464274332660723e-21
530.7877283428343 1.4641163613087052e-21
530.8864475247524 1.4639584360070802e-21
530.9851667066706 1.463800556732247e-21
531.0838858885888 1.4636427234606217e-21
531.182605070507 1.4634849361686363e-21
531.2813242524252 1.4633271948327416e-21
531.3800434343434 1.4631694994294059e-21
531.4787626162615 1.4630118499351154e-21
531.5774817981797 1.4628542463263729e-21
531.676200980098 1.4626966885796984e-21
531.7749201620161 1.4625391766716308e-21
531.8736393439343 1.4623817105787252e-21
531.9723585258525 1.462224290277554e-21
532.0710777077708 1.4620669157447073e-21
532.1697968896889 1.4619095869567942e-21
532.2685160716071 1.4617523038904382e-21
532.3672352535253 1.4615950665222813e-21
532.4659544354435 1.461437874828985e-21
532.5646736173617 1.461280728787224e-21
532.6633927992799 1.4611236283736932e-21
532.762111981198 1.460966573565105e-21
532.8608311631162 1.460809564338187e-21
532.9595503450345 1.4606526006696858e-21
533.0582695269526 1.4604956825363639e-21
533.1569887088708 1.4603388099150023e-21
533.255707890789 1.4601819827823988e-21
533.3544270727073 1.4600252011153666e-21
533.4531462546254 1.459868464890739e-21
533.5518654365436 1.4597117740853653e-21
533.6505846184618 1.4595551286761099e-21
533.74930380038 1.459398528639858e-21
533.8480229822982 1.4592419739535081e-21
533.9467421642164 1.459085464593979e-21
534.0454613461345 1.4589290005382032e-21
534.1441805280527 1.4587725817631352e-21
534.242899709971 1.4586162082457415e-21
534.3416188918891 1.4584598799630077e-21
534.4403380738073 1.458303596891937e-21
534.5390572557255 1.458147359009548e-21
534.6377764376437 1.4579911662928784e-21
534.7364956195619 1.4578350187189797e-21
534.8352148014801 1.4576789162649245e-21
534.9339339833983 1.4575228589077972e-21
535.0326531653164 1.457366846624704e-21
535.1313723472347 1.4572108793927655e-21
535.2300915291529 1.4570549571891192e-21
535.328810711071 1.4568990799909199e-21
535.4275298929892 1.4567432477753392e-21
535.5262490749075 1.4565874605195654e-21
535.6249682568256 1.4564317182008026e-21
535.7236874387438 1.456276020796274e-21
535.822406620662 1.4561203682832184e-21
535.9211258025801 1.45596476063889e-21
536.0198449844984 1.4558091978405614e-21
536.1185641664166 1.4556536798655223e-21
536.2172833483347 1.455498206691077e-21
536.316002530253 1.455342778294548e-21
536.4147217121712 1.4551873946532738e-21
536.5134408940894 1.4550320557446108e-21
536.6121600760075 1.4548767615459311e-21
536.7108792579257 1.4547215120346231e-21
536.809598439844 1.4545663071880923e-21
536.9083176217621 1.4544111469837608e-21
537.0070368036803 1.4542560313990666e-21
537.1057559855985 1.4541009604114658e-21
537.2044751675166 1.4539459339984293e-21
537.3031943494349 1.4537909521374444e-21
537.4019135313531 1.4536360148060183e-21
537.5006327132712 1.45348112198167e-21
537.5993518951894 1.4533262736419369e-21
537.6980710771077 1.453171469764375e-21
537.7967902590259 1.4530167103265532e-21
537.895509440944 1.4528619953060593e-21
537.9942286228622 1.4527073246804966e-21
538.0929478047805 1.4525526984274843e-21
538.1916669866986 1.4523981165246602e-21
538.2903861686168 1.4522435789496746e-21
538.389105350535 1.4520890856801974e-21
538.4878245324531 1.4519346366939138e-21
538.5865437143714 1.4517802319685254e-21
538.6852628962896 1.4516258714817508e-21
538.7839820782077 1.4514715552113234e-21
538.8827012601259 1.451317283134993e-21
538.9814204420442 1.4511630552305262e-21
539.0801396239623 1.4510088714757077e-21
539.1788588058805 1.4508547318483349e-21
539.2775779877987 1.4507006363262243e-21
539.376297169717 1.4505465848872057e-21
539.4750163516351 1.4503925775091295e-21
539.5737355335533 1.4502386141698573e-21
539.6724547154715 1.4500846948472702e-21
539.7711738973896 1.4499308195192647e-21
539.8698930793079 1.4497769881637512e-21
539.9686122612261 1.4496232007586603e-21
540.0673314431442 1.4494694572819354e-21
540.1660506250624 1.449315757711537e-21
540.2647698069807 1.449162102025443e-21
540.3634889888988 1.4490084902016439e-21
540.462208170817 1.4488549222181506e-21
540.5609273527352 1.4487013980529857e-21
540.6596465346535 1.4485479176841918e-21
540.7583657165716 1.4483944810898244e-21
540.8570848984898 1.4482410882479571e-21
540.955804080408 1.4480877391366778e-21
541.0545232623261 1.4479344337340911e-21
541.1532424442444 1.4477811720183172e-21
541.2519616261626 1.4476279539674932e-21
541.3506808080807 1.4474747795597711e-21
541.4493999899989 1.4473216487733186e-21
541.5481191719172 1.44716856158632e-21
541.6468383538353 1.447015517976976e-21
541.7455575357535 1.4468625179235013e-21
541.8442767176717 1.4467095614041276e-21
541.9429958995898 1.4465566483971015e-21
542.0417150815081 1.4464037788806876e-21
542.1404342634263 1.4462509528331638e-21
542.2391534453445 1.4460981702328251e-21
542.3378726272626 1.4459454310579819e-21
542.4365918091809 1.4457927352869592e-21
542.5353109910991 1.4456400828981001e-21
542.6340301730172 1.4454874738697617e-21
542.7327493549354 1.4453349081803165e-21
542.8314685368537 1.4451823858081554e-21
542.9301877187718 1.4450299067316804e-21
543.02890690069 1.4448774709293136e-21
543.1276260826082 1.4447250783794893e-21
543.2263452645263 1.4445727290606599e-21
543.3250644464446 1.444420422951292e-21
543.4237836283628 1.4442681600298685e-21
543.5225028102809 1.444115940274888e-21
543.6212219921991 1.4439637636648619e-21
543.7199411741174 1.443811630178321e-21
543.8186603560356 1.4436595397938103e-21
543.9173795379537 1.4435074924898898e-21
544.0160987198719 1.4433554882451354e-21
544.1148179017902 1.4432035270381378e-21
544.2135370837083 1.4430516088475032e-21
544.3122562656265 1.4428997336518554e-21
544.4109754475447 1.4427479014298305e-21
544.5096946294628 1.4425961121600824e-21
544.6084138113811 1.4424443658212785e-21
544.7071329932993 1.4422926623921029e-21
544.8058521752174 1.4421410018512553e-21
544.9045713571356 1.4419893841774499e-21
545.0032905390539 1.4418378093494169e-21
545.1020097209721 1.4416862773459011e-21
545.2007289028902 1.441534788145662e-21
545.2994480848084 1.4413833417274772e-21
545.3981672667267 1.4412319380701367e-21
545.4968864486448 1.4410805771524484e-21
545.595605630563 1.440929258953231e-21
545.6943248124812 1.440777983451324e-21
545.7930439943993 1.4406267506255781e-21
545.8917631763176 1.4404755604548613e-21
545.9904823582358 1.440324412918057e-21
546.0892015401539 1.4401733079940615e-21
546.1879207220721 1.4400222456617875e-21
546.2866399039904 1.439871225900164e-21
546.3853590859085 1.4397202486881342e-21
546.4840782678267 1.4395693140046561e-21
546.5827974497449 1.4394184218287034e-21
546.6815166316632 1.4392675721392646e-21
546.7802358135813 1.4391167649153428e-21
546.8789549954995 1.438966000135957e-21
546.9776741774177 1.438815277780142e-21
547.0763933593358 1.4386645978269456e-21
547.1751125412541 1.4385139602554312e-21
547.2738317231723 1.4383633650446794e-21
547.3725509050904 1.4382128121737828e-21
547.4712700870086 1.4380623016218507e-21
547.5699892689269 1.437911833368007e-21
547.668708450845 1.4377614073913907e-21
547.7674276327632 1.4376110236711545e-21
547.8661468146814 1.4374606821864687e-21
547.9648659965997 1.437310382916516e-21
548.0635851785178 1.437160125840496e-21
548.162304360436 1.4370099109376196e-21
548.2610235423542 1.4368597381871189e-21
548.3597427242723 1.4367096075682335e-21
548.4584619061906 1.436559519060224e-21
548.5571810881088 1.4364094726423614e-21
548.6559002700269 1.4362594682939356e-21
548.7546194519451 1.4361095059942477e-21
548.8533386338634 1.4359595857226136e-21
548.9520578157815 1.435809707458369e-21
549.0507769976997 1.4356598711808573e-21
549.1494961796179 1.4355100768694423e-21
549.248215361536 1.4353603245034998e-21
549.3469345434543 1.435210614062421e-21
549.4456537253725 1.4350609455256103e-21
549.5443729072907 1.4349113188724904e-21
549.6430920892088 1.4347617340824956e-21
549.7418112711271 1.434612191135075e-21
549.8405304530453 1.4344626900096943e-21
549.9392496349634 1.4343132306858324e-21
550.0379688168816 1.4341638131429829e-21
550.1366879987999 1.4340144373606543e-21
550.235407180718 1.4338651033183698e-21
550.3341263626362 1.4337158109956669e-21
550.4328455445544 1.4335665603720971e-21
550.5315647264725 1.4334173514272292e-21
550.6302839083908 1.4332681841406429e-21
550.729003090309 1.4331190584919336e-21
550.8277222722271 1.432969974460713e-21
550.9264414541453 1.4328209320266064e-21
551.0251606360636 1.4326719311692508e-21
551.1238798179818 1.4325229718683035e-21
551.2225989998999 1.4323740541034286e-21
551.3213181818181 1.4322251778543135e-21
551.4200373637364 1.4320763431006526e-21
551.5187565456545 1.4319275498221581e-21
551.6174757275727 1.4317787979985558e-21
551.7161949094909 1.4316300876095873e-21
551.814914091409 1.4314814186350074e-21
551.9136332733273 1.4313327910545842e-21
552.0123524552455 1.431184204848102e-21
552.1110716371636 1.4310356599953602e-21
552.2097908190818 1.4308871564761683e-21
552.3085100010001 1.4307386942703546e-21
552.4072291829183 1.4305902733577607e-21
552.5059483648364 1.430441893718241e-21
552.6046675467546 1.4302935553316644e-21
552.7033867286729 1.4301452581779161e-21
552.802105910591 1.4299970022368935e-21
552.9008250925092 1.4298487874885094e-21
552.9995442744274 1.429700613912689e-21
553.0982634563455 1.4295524814893748e-21
553.1969826382638 1.429404390198521e-21
553.295701820182 1.4292563400200966e-21
553.3944210021001 1.429108330934086e-21
553.4931401840183 1.4289603629204852e-21
553.5918593659366 1.4288124359593067e-21
553.6905785478547 1.4286645500305758e-21
553.7892977297729 1.428516705114333e-21
553.8880169116911 1.4283689011906327e-21
553.9867360936094 1.428221138239542e-21
554.0854552755275 1.4280734162411444e-21
554.1841744574457 1.4279257351755352e-21
554.2828936393639 1.4277780950228251e-21
554.381612821282 1.4276304957631384e-21
554.4803320032003 1.427482937376614e-21
554.5790511851185 1.4273354198434037e-21
554.6777703670366 1.427187943143675e-21
554.7764895489548 1.427040507257607e-21
554.875208730873 1.4268931121653962e-21
554.9739279127912 1.426745757847249e-21
555.0726470947094 1.4265984442833885e-21
555.1713662766276 1.4264511714540517e-21
555.2700854585459 1.4263039393394887e-21
555.368804640464 1.4261567479199636e-21
555.4675238223822 1.4260095971757542e-21
555.5662430043004 1.4258624870871527e-21
555.6649621862185 1.4257154176344648e-21
555.7636813681368 1.425568388798011e-21
555.862400550055 1.4254214005581231e-21
555.9611197319731 1.4252744528951512e-21
556.0598389138913 1.4251275457894558e-21
556.1585580958096 1.42498067922141e-21
556.2572772777277 1.4248338531714052e-21
556.3559964596459 1.424687067619843e-21
556.4547156415641 1.4245403225471398e-21
556.5534348234822 1.4243936179337267e-21
556.6521540054005 1.4242469537600462e-21
556.7508731873187 1.424100330006558e-21
556.8495923692369 1.4239537466537323e-21
556.948311551155 1.423807203682055e-21
557.0470307330733 1.4236607010720246e-21
557.1457499149915 1.4235142388041536e-21
557.2444690969096 1.423367816858968e-21
557.3431882788278 1.4232214352170085e-21
557.441907460746 1.4230750938588284e-21
557.5406266426642 1.4229287927649956e-21
557.6393458245824 1.4227825319160904e-21
557.7380650065006 1.422636311292707e-21
557.8367841884187 1.4224901308754537e-21
557.935503370337 1.422343990644952e-21
558.0342225522552 1.4221978905818383e-21
558.1329417341734 1.4220518306667597e-21
558.2316609160915 1.4219058108803803e-21
558.3303800980098 1.4217598312033747e-21
558.429099279928 1.4216138916164337e-21
558.5278184618461 1.4214679921002593e-21
558.6265376437643 1.4213221326355677e-21
558.7252568256825 1.4211763132030902e-21
558.8239760076007 1.421030533783569e-21
558.9226951895189 1.4208847943577625e-21
559.0214143714371 1.4207390949064384e-21
559.1201335533552 1.4205934354103849e-21
559.2188527352735 1.4204478158503953e-21
559.3175719171917 1.4203022362072815e-21
559.4162910991098 1.420156696461868e-21
559.515010281028 1.4200111965949925e-21
559.6137294629463 1.419865736587505e-21
559.7124486448645 1.4197203164202705e-21
559.8111678267826 1.419574936074167e-21
559.9098870087008 1.419429595530084e-21
560.008606190619 1.4192842947689264e-21
560.1073253725372 1.419139033771613e-21
560.2060445544554 1.4189938125190739e-21
560.3047637363736 1.4188486309922522e-21
560.4034829182917 1.4187034891721067e-21
560.50220210021 1.4185583870396075e-21
560.6009212821282 1.4184133245757396e-21
560.6996404640463 1.4182683017615003e-21
560.7983596459645 1.4181233185778987e-21
560.8970788278828 1.4179783750059598e-21
560.9957980098009 1.4178334710267205e-21
561.0945171917191 1.4176886066212305e-21
561.1932363736373 1.4175437817705535e-21
561.2919555555555 1.4173989964557655e-21
561.3906747374737 1.417254250657957e-21
561.4893939193919 1.4171095443582297e-21
561.5881131013101 1.4169648775377008e-21
561.6868322832282 1.4168202501774997e-21
561.7855514651465 1.4166756622587668e-21
561.8842706470647 1.4165311137626598e-21
561.9829898289828 1.4163866046703449e-21
562.081709010901 1.4162421349630056e-21
562.1804281928192 1.4160977046218355e-21
562.2791473747374 1.4159533136280413e-21
562.3778665566556 1.4158089619628468e-21
562.4765857385738 1.4156646496074816e-21
562.575304920492 1.4155203765431965e-21
562.6740241024102 1.4153761427512481e-21
562.7727432843284 1.4152319482129113e-21
562.8714624662466 1.4150877929094705e-21
562.9701816481647 1.4149436768222245e-21
563.068900830083 1.414799599932487e-21
563.1676200120012 1.4146555622215795e-21
563.2663391939193 1.4145115636708424e-21
563.3650583758375 1.4143676042616247e-21
563.4637775577557 1.41422368397529e-21
563.5624967396739 1.4140798027932156e-21
563.6612159215921 1.4139359606967896e-21
563.7599351035103 1.413792157667414e-21
563.8586542854284 1.4136483936865056e-21
563.9573734673467 1.4135046687354898e-21
564.0560926492649 1.4133609827958096e-21
564.1548118311831 1.4132173358489172e-21
564.2535310131012 1.413073727876279e-21
564.3522501950195 1.4129301588593744e-21
564.4509693769377 1.412786628779695e-21
564.5496885588558 1.4126431376187474e-21
564.648407740774 1.412499685358047e-21
564.7471269226922 1.4123562719791244e-21
564.8458461046104 1.4122128974635244e-21
564.9445652865286 1.4120695617928004e-21
565.0432844684468 1.411926264948522e-21
565.1420036503649 1.4117830069122708e-21
565.2407228322832 1.4116397876656409e-21
565.3394420142014 1.4114966071902388e-21
565.4381611961196 1.4113534654676834e-21
565.5368803780377 1.411210362479608e-21
565.635599559956 1.4110672982076548e-21
565.7343187418742 1.4109242726334839e-21
565.8330379237923 1.4107812857387638e-21
565.9317571057105 1.4106383375051763e-21
566.0304762876287 1.4104954279144189e-21
566.1291954695469 1.4103525569481984e-21
566.2279146514651 1.4102097245882353e-21
566.3266338333833 1.4100669308162612e-21
566.4253530153014 1.4099241756140243e-21
566.5240721972197 1.409781458963281e-21
566.6227913791379 1.4096387808458023e-21
566.721510561056 1.409496141243372e-21
566.8202297429742 1.4093535401377856e-21
566.9189489248924 1.4092109775108509e-21
567.0176681068107 1.4090684533443894e-21
567.1163872887288 1.4089259676202346e-21
567.215106470647 1.4087835203202308e-21
567.3138256525652 1.4086411114262377e-21
567.4125448344834 1.4084987409201252e-21
567.5112640164016 1.4083564087837773e-21
567.6099831983198 1.4082141149990891e-21
567.7087023802379 1.408071859547968e-21
567.8074215621562 1.407929642412336e-21
567.9061407440744 1.4077874635741245e-21
568.0048599259925 1.4076453230152793e-21
568.1035791079107 1.4075032207177578e-21
568.202298289829 1.4073611566635306e-21
568.3010174717471 1.4072191308345796e-21
568.3997366536653 1.407077143212899e-21
568.4984558355835 1.4069351937804964e-21
568.5971750175017 1.4067932825193914e-21
568.6958941994199 1.4066514094116156e-21
568.7946133813381 1.4065095744392126e-21
568.8933325632563 1.4063677775842387e-21
568.9920517451744 1.406226018828763e-21
569.0907709270926 1.4060842981548652e-21
569.1894901090109 1.4059426155446409e-21
569.288209290929 1.4058009709801918e-21
569.3869284728472 1.405659364443638e-21
569.4856476547654 1.4055177959171098e-21
569.5843668366836 1.4053762653827473e-21
569.6830860186018 1.4052347728227052e-21
569.78180520052 1.4050933182191504e-21
569.8805243824382 1.4049519015542623e-21
569.9792435643564 1.4048105228102305e-21
570.0779627462746 1.4046691819692581e-21
570.1766819281928 1.4045278790135608e-21
570.2754011101109 1.4043866139253655e-21
570.3741202920291 1.4042453866869107e-21
570.4728394739474 1.404104197280449e-21
570.5715586558655 1.4039630456882437e-21
570.6702778377837 1.4038219318925715e-21
570.7689970197019 1.4036808558757188e-21
570.86771620162 1.4035398176199856e-21
570.9664353835383 1.4033988171076842e-21
571.0651545654565 1.403257854321139e-21
571.1638737473746 1.4031169292426848e-21
571.2625929292929 1.402976041854671e-21
571.3613121112111 1.4028351921394573e-21
571.4600312931293 1.4026943800794155e-21
571.5587504750474 1.4025536056569298e-21
571.6574696569656 1.402412868854396e-21
571.7561888388839 1.4022721696542231e-21
571.854908020802 1.4021315080388297e-21
571.9536272027202 1.4019908839906491e-21
572.0523463846384 1.4018502974921249e-21
572.1510655665566 1.4017097485257136e-21
572.2497847484748 1.4015692370738808e-21
572.348503930393 1.4014287631191095e-21
572.4472231123111 1.4012883266438887e-21
572.5459422942293 1.4011479276307228e-21
572.6446614761476 1.401007566062127e-21
572.7433806580658 1.4008672419206293e-21
572.8420998399839 1.400726955188768e-21
572.9408190219021 1.4005867058490948e-21
573.0395382038204 1.400446493884172e-21
573.1382573857385 1.4003063192765748e-21
573.2369765676567 1.400166182008889e-21
573.3356957495749 1.4000260820637142e-21
573.434414931493 1.399886019423659e-21
573.5331341134113 1.399745994071347e-21
573.6318532953295 1.3996060059894095e-21
573.7305724772476 1.3994660551604938e-21
573.8292916591658 1.3993261415672568e-21
573.9280108410841 1.3991862651923668e-21
574.0267300230022 1.3990464260185054e-21
574.1254492049204 1.3989066240283645e-21
574.2241683868386 1.3987668592046489e-21
574.3228875687569 1.3986271315300725e-21
574.421606750675 1.3984874409873658e-21
574.5203259325932 1.3983477875592658e-21
574.6190451145114 1.3982081712285242e-21
574.7177642964296 1.3980685919779035e-21
574.8164834783478 1.3979290497901782e-21
574.915202660266 1.3977895446481332e-21
575.0139218421841 1.397650076534567e-21
575.1126410241023 1.3975106454322894e-21
575.2113602060206 1.397371251324119e-21
575.3100793879387 1.3972318941928894e-21
575.4087985698569 1.3970925740214451e-21
575.5075177517751 1.3969532907926406e-21
575.6062369336933 1.3968140444893438e-21
575.7049561156115 1.3966748350944331e-21
575.8036752975297 1.3965356625907977e-21
575.9023944794479 1.3963965269613413e-21
576.001113661366 1.3962574281889755e-21
576.0998328432843 1.3961183662566265e-21
576.1985520252025 1.3959793411472292e-21
576.2972712071206 1.3958403528437324e-21
576.3959903890388 1.3957014013290954e-21
576.4947095709571 1.3955624865862883e-21
576.5934287528752 1.395423608598294e-21
576.6921479347934 1.3952847673481065e-21
576.7908671167116 1.3951459628187306e-21
576.8895862986298 1.395007194993182e-21
576.988305480548 1.3948684638544905e-21
577.0870246624662 1.3947297693856938e-21
577.1857438443844 1.3945911115698444e-21
577.2844630263025 1.3944524903900046e-21
577.3831822082208 1.3943139058292457e-21
577.481901390139 1.3941753578706559e-21
577.5806205720571 1.3940368464973299e-21
577.6793397539753 1.3938983716923763e-21
577.7780589358936 1.3937599334389126e-21
577.8767781178117 1.3936215317200715e-21
577.9754972997299 1.3934831665189934e-21
578.0742164816481 1.3933448378188315e-21
578.1729356635662 1.3932065456027512e-21
578.2716548454845 1.3930682898539269e-21
578.3703740274027 1.3929300705555467e-21
578.4690932093208 1.3927918876908094e-21
578.567812391239 1.3926537412429227e-21
578.6665315731573 1.3925156311951086e-21
578.7652507550755 1.3923775575305996e-21
578.8639699369936 1.3922395202326393e-21
578.9626891189118 1.3921015192844802e-21
579.0614083008301 1.39196355466939e-21
579.1601274827482 1.3918256263706462e-21
579.2588466646664 1.3916877343715351e-21
579.3575658465846 1.3915498786553575e-21
579.4562850285027 1.391412059205423e-21
579.555004210421 1.3912742760050543e-21
579.6537233923392 1.3911365290375842e-21
579.7524425742573 1.3909988182863567e-21
579.8511617561755 1.3908611437347268e-21
579.9498809380938 1.3907235053660614e-21
580.048600120012 1.3905859031637366e-21
580.1473193019301 1.3904483371111425e-21
580.2460384838483 1.390310807191679e-21
580.3447576657666 1.3901733133887555e-21
580.4434768476847 1.3900358556857951e-21
580.5421960296029 1.3898984340662299e-21
580.6409152115211 1.3897610485135043e-21
580.7396343934392 1.3896236990110732e-21
580.8383535753575 1.3894863855424036e-21
580.9370727572757 1.3893491080909719e-21
581.0357919391938 1.389211866640266e-21
581.134511121112 1.3890746611737855e-21
581.2332303030303 1.3889374916750415e-21
581.3319494849484 1.3888003581275538e-21
581.4306686668666 1.3886632605148556e-21
581.5293878487848 1.3885261988204894e-21
581.6281070307031 1.3883891730280096e-21
581.7268262126212 1.3882521831209819e-21
581.8255453945394 1.3881152290829814e-21
581.9242645764576 1.387978310897596e-21
582.0229837583757 1.3878414285484237e-21
582.121702940294 1.3877045820190718e-21
582.2204221222122 1.3875677712931624e-21
582.3191413041303 1.3874309963543247e-21
582.4178604860485 1.3872942571862004e-21
582.5165796679668 1.3871575537724426e-21
582.6152988498849 1.3870208860967142e-21
582.7140180318031 1.3868842541426889e-21
582.8127372137213 1.3867476578940524e-21
582.9114563956394 1.3866110973345014e-21
583.0101755775577 1.3864745724477413e-21
583.1088947594759 1.38633808321749e-21
583.2076139413941 1.3862016296274759e-21
583.3063331233122 1.3860652116614388e-21
583.4050523052305 1.3859288293031285e-21
583.5037714871487 1.3857924825363045e-21
583.6024906690668 1.38565617134474e-21
583.701209850985 1.3855198957122171e-21
583.7999290329033 1.3853836556225282e-21
583.8986482148214 1.385247451059478e-21
583.9973673967396 1.3851112820068802e-21
584.0960865786578 1.3849751484485613e-21
584.194805760576 1.384839050368356e-21
584.2935249424942 1.3847029877501108e-21
584.3922441244124 1.3845669605776857e-21
584.4909633063306 1.3844309688349467e-21
584.5896824882487 1.3842950125057732e-21
584.688401670167 1.3841590915740552e-21
584.7871208520852 1.3840232060236918e-21
584.8858400340033 1.383887355838595e-21
584.9845592159215 1.3837515410026863e-21
585.0832783978398 1.383615761499897e-21
585.1819975797579 1.3834800173141703e-21
585.2807167616761 1.3833443084294607e-21
585.3794359435943 1.38320863482973e-21
585.4781551255124 1.3830729964989543e-21
585.5768743074307 1.38293739342112e-21
585.6755934893489 1.38280182558022e-21
585.774312671267 1.3826662929602628e-21
585.8730318531852 1.3825307955452645e-21
585.9717510351035 1.3823953333192533e-21
586.0704702170217 1.3822599062662666e-21
586.1691893989398 1.3821245143703541e-21
586.267908580858 1.3819891576155733e-21
586.3666277627763 1.3818538359859948e-21
586.4653469446944 1.3817185494656996e-21
586.5640661266126 1.3815832980387767e-21
586.6627853085308 1.3814480816893288e-21
586.7615044904489 1.3813129004014656e-21
586.8602236723672 1.3811777541593112e-21
586.9589428542854 1.3810426429469977e-21
587.0576620362035 1.3809075667486679e-21
587.1563812181217 1.380772525548476e-21
587.25510040004 1.3806375193305844e-21
587.3538195819582 1.3805025480791686e-21
587.4525387638763 1.3803676117784143e-21
587.5512579457945 1.3802327104125148e-21
587.6499771277128 1.380097843965676e-21
587.7486963096309 1.3799630124221166e-21
587.8474154915491 1.3798282157660595e-21
587.9461346734673 1.379693453981743e-21
588.0448538553854 1.379558727053415e-21
588.1435730373037 1.379424034965332e-21
588.2422922192219 1.3792893777017617e-21
588.34101140114 1.3791547552469838e-21
588.4397305830582 1.3790201675852852e-21
588.5384497649765 1.3788856147009652e-21
588.6371689468946 1.3787510965783339e-21
588.7358881288128 1.3786166132017094e-21
588.834607310731 1.3784821645554228e-21
588.9333264926493 1.3783477506238134e-21
589.0320456745674 1.3782133713912315e-21
589.1307648564856 1.3780790268420384e-21
589.2294840384038 1.3779447169606043e-21
589.3282032203219 1.3778104417313105e-21
589.4269224022402 1.3776762011385491e-21
589.5256415841584 1.3775419951667215e-21
589.6243607660765 1.3774078238002386e-21
589.7230799479947 1.3772736870235232e-21
589.821799129913 1.3771395848210075e-21
589.9205183118311 1.3770055171771347e-21
590.0192374937493 1.376871484076357e-21
590.1179566756675 1.3767374855031359e-21
590.2166758575856 1.3766035214419461e-21
590.3153950395039 1.3764695918772708e-21
590.4141142214221 1.3763356967936022e-21
590.5128334033403 1.3762018361754458e-21
590.6115525852584 1.3760680100073128e-21
590.7102717671767 1.3759342182737286e-21
590.8089909490949 1.375800460959227e-21
590.907710131013 1.3756667380483506e-21
591.0064293129312 1.3755330495256557e-21
591.1051484948495 1.3753993953757052e-21
591.2038676767676 1.3752657755830737e-21
591.3025868586858 1.3751321901323457e-21
591.401306040604 1.3749986390081156e-21
591.5000252225221 1.374865122194988e-21
591.5987444044404 1.374731639677577e-21
591.6974635863586 1.3745981914405078e-21
591.7961827682768 1.3744647774684143e-21
591.8949019501949 1.374331397745943e-21
591.9936211321132 1.3741980522577467e-21
592.0923403140314 1.3740647409884905e-21
592.1910594959495 1.3739314639228501e-21
592.2897786778677 1.373798221045509e-21
592.388497859786 1.3736650123411622e-21
592.4872170417041 1.3735318377945155e-21
592.5859362236223 1.373398697390282e-21
592.6846554055405 1.3732655911131864e-21
592.7833745874586 1.3731325189479655e-21
592.8820937693769 1.3729994808793614e-21
592.9808129512951 1.3728664768921287e-21
593.0795321332132 1.3727335069710324e-21
593.1782513151314 1.3726005711008477e-21
593.2769704970497 1.3724676692663566e-21
593.3756896789679 1.3723348014523552e-21
593.474408860886 1.3722019676436458e-21
593.5731280428042 1.3720691678250435e-21
593.6718472247225 1.371936401981372e-21
593.7705664066406 1.3718036700974646e-21
593.8692855885588 1.3716709721581646e-21
593.968004770477 1.3715383081483249e-21
594.0667239523951 1.3714056780528098e-21
594.1654431343134 1.3712730818564912e-21
594.2641623162316 1.3711405195442527e-21
594.3628814981497 1.3710079911009868e-21
594.4616006800679 1.3708754965115953e-21
594.5603198619862 1.3707430357609911e-21
594.6590390439044 1.370610608834096e-21
594.7577582258225 1.3704782157158422e-21
594.8564774077407 1.3703458563911698e-21
594.955196589659 1.3702135308450328e-21
595.0539157715771 1.37008123906239e-21
595.1526349534953 1.3699489810282124e-21
595.2513541354135 1.3698167567274823e-21
595.3500733173316 1.3696845661451882e-21
595.4487924992499 1.3695524092663316e-21
595.5475116811681 1.3694202860759204e-21
595.6462308630862 1.3692881965589765e-21
595.7449500450044 1.369156140700527e-21
595.8436692269227 1.3690241184856124e-21
595.9423884088408 1.36889212989928e-21
596.041107590759 1.3687601749265886e-21
596.1398267726772 1.3686282535526063e-21
596.2385459545955 1.36849636576241e-21
596.3372651365136 1.3683645115410876e-21
596.4359843184318 1.3682326908737355e-21
596.53470350035 1.3681009037454599e-21
596.6334226822681 1.3679691501413783e-21
596.7321418641864 1.3678374300466147e-21
596.8308610461046 1.3677057434463055e-21
596.9295802280227 1.3675740903255958e-21
597.0282994099409 1.3674424706696393e-21
597.1270185918592 1.3673108844636008e-21
597.2257377737773 1.3671793316926539e-21
597.3244569556955 1.3670478123419827e-21
597.4231761376137 1.3669163263967772e-21
597.5218953195318 1.3667848738422424e-21
597.6206145014501 1.3666534546635893e-21
597.7193336833683 1.3665220688460409e-21
597.8180528652865 1.3663907163748259e-21
597.9167720472046 1.366259397235186e-21
598.0154912291229 1.3661281114123709e-21
598.1142104110411 1.3659968588916402e-21
598.2129295929592 1.365865639658264e-21
598.3116487748774 1.3657344536975187e-21
598.4103679567957 1.3656033009946945e-21
598.5090871387138 1.3654721815350868e-21
598.607806320632 1.3653410953040036e-21
598.7065255025502 1.365210042286762e-21
598.8052446844683 1.3650790224686872e-21
598.9039638663866 1.364948035835114e-21
599.0026830483048 1.3648170823713882e-21
599.101402230223 1.3646861620628634e-21
599.2001214121411 1.3645552748949033e-21
599.2988405940594 1.3644244208528796e-21
599.3975597759776 1.3642935999221765e-21
599.4962789578957 1.3641628120881852e-21
599.5949981398139 1.3640320573363064e-21
599.6937173217322 1.363901335651951e-21
599.7924365036503 1.3637706470205401e-21
599.8911556855685 1.3636399914275012e-21
599.9898748674867 1.3635093688582722e-21
600.0885940494048 1.363378779298304e-21
600.1873132313231 1.3632482227330514e-21
600.2860324132413 1.3631176991479818e-21
600.3847515951594 1.3629872085285724e-21
600.4834707770776 1.3628567508603062e-21
600.5821899589959 1.3627263261286797e-21
600.6809091409141 1.362595934319196e-21
600.7796283228322 1.362465575417368e-21
600.8783475047504 1.3623352494087184e-21
600.9770666866686 1.3622049562787791e-21
601.0757858685868 1.362074696013092e-21
601.174505050505 1.3619444685972053e-21
601.2732242324232 1.3618142740166803e-21
601.3719434143413 1.3616841122570844e-21
601.4706625962596 1.3615539833039968e-21
601.5693817781778 1.361423887143004e-21
601.6681009600959 1.3612938237597026e-21
601.7668201420141 1.3611637931396989e-21
601.8655393239324 1.3610337952686068e-21
601.9642585058506 1.3609038301320508e-21
602.0629776877687 1.3607738977156642e-21
602.1616968696869 1.360643998005089e-21
602.2604160516051 1.3605141309859778e-21
602.3591352335233 1.3603842966439911e-21
602.4578544154415 1.3602544949647971e-21
602.5565735973597 1.3601247259340773e-21
602.6552927792778 1.3599949895375194e-21
602.754011961196 1.3598652857608195e-21
602.8527311431143 1.3597356145896859e-21
602.9514503250324 1.3596059760098323e-21
603.0501695069506 1.3594763700069853e-21
603.1488886888689 1.3593467965668772e-21
603.247607870787 1.3592172556752518e-21
603.3463270527052 1.3590877473178617e-21
603.4450462346234 1.358958271480467e-21
603.5437654165416 1.3588288281488374e-21
603.6424845984598 1.3586994173087537e-21
603.741203780378 1.3585700389460034e-21
603.8399229622962 1.3584406930463834e-21
603.9386421442143 1.358311379595702e-21
604.0373613261326 1.3581820985797727e-21
604.1360805080508 1.3580528499844212e-21
604.2347996899689 1.3579236337954793e-21
604.3335188718871 1.3577944499987922e-21
604.4322380538053 1.3576652985802087e-21
604.5309572357235 1.3575361795255911e-21
604.6296764176417 1.3574070928208088e-21
604.7283955995599 1.3572780384517396e-21
604.827114781478 1.357149016404272e-21
604.9258339633963 1.357020026664301e-21
605.0245531453145 1.3568910692177337e-21
605.1232723272327 1.3567621440504835e-21
605.2219915091508 1.3566332511484742e-21
605.320710691069 1.3565043904976373e-21
605.4194298729873 1.356375562083914e-21
605.5181490549054 1.3562467658932566e-21
605.6168682368236 1.3561180019116214e-21
605.7155874187418 1.3559892701249775e-21
605.81430660066 1.3558605705193026e-21
605.9130257825782 1.3557319030805808e-21
606.0117449644964 1.3556032677948078e-21
606.1104641464145 1.355474664647987e-21
606.2091833283328 1.355346093626131e-21
606.307902510251 1.355217554715261e-21
606.4066216921692 1.3550890479014064e-21
606.5053408740873 1.354960573170607e-21
606.6040600560056 1.3548321305089104e-21
606.7027792379238 1.354703719902373e-21
606.8014984198419 1.3545753413370607e-21
606.9002176017601 1.3544469947990471e-21
606.9989367836783 1.3543186802744175e-21
607.0976559655965 1.354190397749261e-21
607.1963751475147 1.3540621472096806e-21
607.2950943294329 1.3539339286417834e-21
607.393813511351 1.3538057420316906e-21
607.4925326932693 1.3536775873655277e-21
607.5912518751875 1.3535494646294303e-21
607.6899710571056 1.3534213738095434e-21
607.7886902390238 1.3532933148920207e-21
607.887409420942 1.3531652878630245e-21
607.9861286028603 1.3530372927087255e-21
608.0848477847784 1.352909329415303e-21
608.1835669666966 1.3527813979689447e-21
608.2822861486148 1.3526534983558494e-21
608.381005330533 1.3525256305622223e-21
608.4797245124512 1.3523977945742767e-21
608.5784436943694 1.352269990378237e-21
608.6771628762875 1.352142217960335e-21
608.7758820582058 1.3520144773068102e-21
608.874601240124 1.351886768403914e-21
608.9733204220421 1.351759091237902e-21
609.0720396039603 1.3516314457950427e-21
609.1707587858785 1.3515038320616099e-21
609.2694779677968 1.3513762500238874e-21
609.3681971497149 1.3512486996681696e-21
609.4669163316331 1.3511211809807559e-21
609.5656355135513 1.350993693947956e-21
609.6643546954695 1.3508662385560894e-21
609.7630738773877 1.3507388147914822e-21
609.8617930593059 1.350611422640471e-21
609.960512241224 1.3504840620893992e-21
610.0592314231423 1.3503567331246199e-21
610.1579506050605 1.3502294357324947e-21
610.2566697869786 1.3501021698993933e-21
610.3553889688968 1.349974935611694e-21
610.454108150815 1.3498477328557847e-21
610.5528273327332 1.3497205616180606e-21
610.6515465146514 1.3495934218849254e-21
610.7502656965696 1.3494663136427927e-21
610.8489848784878 1.3493392368780835e-21
610.947704060406 1.3492121915772275e-21
611.0464232423242 1.3490851777266632e-21
611.1451424242424 1.3489581953128372e-21
611.2438616061605 1.3488312443222061e-21
611.3425807880787 1.3487043247412319e-21
611.441299969997 1.3485774365563884e-21
611.5400191519151 1.3484505797541555e-21
611.6387383338333 1.348323754321023e-21
611.7374575157515 1.348196960243489e-21
611.8361766976697 1.3480701975080588e-21
611.9348958795879 1.3479434661012478e-21
612.0336150615061 1.3478167660095791e-21
612.1323342434242 1.3476900972195849e-21
612.2310534253425 1.3475634597178047e-21
612.3297726072607 1.3474368534907858e-21
612.4284917891789 1.347310278525087e-21
612.527210971097 1.3471837348072731e-21
612.6259301530152 1.3470572223239174e-21
612.7246493349335 1.3469307410616026e-21
612.8233685168516 1.3468042910069186e-21
612.9220876987698 1.3466778721464645e-21
613.020806880688 1.3465514844668485e-21
613.1195260626062 1.346425127954685e-21
613.2182452445244 1.3462988025965981e-21
613.3169644264426 1.3461725083792213e-21
613.4156836083607 1.3460462452891949e-21
613.514402790279 1.3459200133131683e-21
613.6131219721972 1.3457938124377982e-21
613.7118411541154 1.3456676426497501e-21
613.8105603360335 1.3455415039356994e-21
613.9092795179517 1.345415396282328e-21
614.00799869987 1.3452893196763265e-21
614.1067178817881 1.3451632741043945e-21
614.2054370637063 1.345037259553238e-21
614.3041562456245 1.344911276009574e-21
614.4028754275427 1.3447853234601263e-21
614.5015946094609 1.3446594018916264e-21
614.6003137913791 1.3445335112908157e-21
614.6990329732972 1.3444076516444418e-21
614.7977521552154 1.344281822939263e-21
614.8964713371337 1.3441560251620437e-21
614.9951905190518 1.3440302582995576e-21
615.09390970097 1.3439045223385872e-21
615.1926288828882 1.3437788172659218e-21
615.2913480648065 1.3436531430683589e-21
615.3900672467246 1.3435274997327063e-21
615.4887864286428 1.343401887245778e-21
615.587505610561 1.3432763055943974e-21
615.6862247924792 1.3431507547653946e-21
615.7849439743974 1.343025234745609e-21
615.8836631563156 1.3428997455218886e-21
615.9823823382337 1.342774287081089e-21
616.081101520152 1.3426488594100742e-21
616.1798207020702 1.342523462495715e-21
616.2785398839883 1.342398096324892e-21
616.3772590659065 1.3422727608844941e-21
616.4759782478247 1.3421474561614173e-21
616.574697429743 1.3420221821425663e-21
616.6734166116611 1.3418969388148538e-21
616.7721357935793 1.3417717261651992e-21
616.8708549754975 1.3416465441805342e-21
616.9695741574157 1.3415213928477934e-21
617.0682933393339 1.341396272153923e-21
617.1670125212521 1.3412711820858759e-21
617.2657317031702 1.3411461226306136e-21
617.3644508850884 1.3410210937751065e-21
617.4631700670067 1.3408960955063299e-21
617.5618892489248 1.340771127811271e-21
617.660608430843 1.3406461906769228e-21
617.7593276127612 1.3405212840902872e-21
617.8580467946794 1.3403964080383746e-21
617.9567659765976 1.3402715625082022e-21
618.0554851585158 1.3401467474867944e-21
618.154204340434 1.3400219629611877e-21
618.2529235223521 1.3398972089184227e-21
618.3516427042704 1.3397724853455494e-21
618.4503618861886 1.3396477922296253e-21
618.5490810681067 1.3395231295577173e-21
618.6478002500249 1.3393984973168987e-21
618.7465194319432 1.339273895494251e-21
618.8452386138613 1.3391493240768653e-21
618.9439577957795 1.3390247830518388e-21
619.0426769776977 1.3389002724062774e-21
619.1413961596159 1.3387757921272952e-21
619.2401153415341 1.3386513422020133e-21
619.3388345234523 1.3385269226175627e-21
619.4375537053704 1.33840253336108e-21
619.5362728872886 1.3382781744197123e-21
619.6349920692069 1.3381538457806107e-21
619.7337112511251 1.338029547430939e-21
619.8324304330432 1.3379052793578655e-21
619.9311496149614 1.3377810415485681e-21
620.0298687968797 1.3376568339902324e-21
620.1285879787978 1.3375326566700503e-21
620.227307160716 1.3374085095752236e-21
620.3260263426342 1.3372843926929622e-21
620.4247455245523 1.3371603060104822e-21
620.5234647064706 1.3370362495150074e-21
620.6221838883888 1.3369122231937715e-21
620.7209030703069 1.336788227034015e-21
620.8196222522251 1.3366642610229858e-21
620.9183414341434 1.3365403251479407e-21
621.0170606160616 1.3364164193961432e-21
621.1157797979797 1.3362925437548643e-21
621.2144989798979 1.3361686982113856e-21
621.3132181618162 1.3360448827529933e-21
621.4119373437343 1.335921097366984e-21
621.5106565256525 1.3357973420406589e-21
621.6093757075707 1.3356736167613319e-21
621.7080948894888 1.3355499215163178e-21
621.8068140714071 1.3354262562929471e-21
621.9055332533253 1.335302621078552e-21
622.0042524352434 1.3351790158604742e-21
622.1029716171616 1.3350554406260658e-21
622.2016907990799 1.3349318953626836e-21
622.300409980998 1.3348083800576918e-21
622.3991291629162 1.3346848946984651e-21
622.4978483448344 1.3345614392723833e-21
622.5965675267527 1.3344380137668365e-21
622.6952867086708 1.3343146181692201e-21
622.794005890589 1.3341912524669395e-21
622.8927250725072 1.3340679166474051e-21
622.9914442544253 1.3339446106980373e-21
623.0901634363436 1.3338213346062639e-21
623.1888826182618 1.333698088359519e-21
623.2876018001799 1.3335748719452459e-21
623.3863209820981 1.3334516853508952e-21
623.4850401640164 1.3333285285639248e-21
623.5837593459345 1.3332054015718012e-21
623.6824785278527 1.3330823043619972e-21
623.7811977097709 1.3329592369219939e-21
623.8799168916892 1.332836199239281e-21
623.9786360736073 1.332713191301354e-21
624.0773552555255 1.3325902130957177e-21
624.1760744374437 1.3324672646098842e-21
624.2747936193618 1.3323443458313719e-21
624.3735128012801 1.3322214567477094e-21
624.4722319831983 1.3320985973464303e-21
624.5709511651164 1.3319757676150774e-21
624.6696703470346 1.3318529675411999e-21
624.7683895289529 1.3317301971123566e-21
624.867108710871 1.3316074563161118e-21
624.9658278927892 1.3314847451400388e-21
625.0645470747074 1.3313620635717176e-21
625.1632662566255 1.3312394115987367e-21
625.2619854385438 1.3311167892086912e-21
625.360704620462 1.3309941963891838e-21
625.4594238023802 1.330871633127826e-21
625.5581429842983 1.3307490994122355e-21
625.6568621662166 1.3306265952300386e-21
625.7555813481348 1.3305041205688673e-21
625.8543005300529 1.3303816754163651e-21
625.9530197119711 1.3302592597601779e-21
626.0517388938894 1.3301368735879628e-21
626.1504580758075 1.3300145168873832e-21
626.2491772577257 1.3298921896461103e-21
626.3478964396439 1.3297698918518219e-21
626.446615621562 1.3296476234922046e-21
626.5453348034803 1.3295253845549523e-21
626.6440539853985 1.329403175027765e-21
626.7427731673167 1.3292809948983515e-21
626.8414923492348 1.3291588441544282e-21
626.9402115311531 1.3290367227837183e-21
627.0389307130713 1.328914630773953e-21
627.1376498949894 1.3287925681128713e-21
627.2363690769076 1.328670534788217e-21
627.3350882588259 1.3285485307877458e-21
627.433807440744 1.3284265560992171e-21
627.5325266226622 1.3283046107103997e-21
627.6312458045804 1.328182694609068e-21
627.7299649864985 1.3280608077830077e-21
627.8286841684168 1.3279389502200054e-21
627.927403350335 1.3278171219078632e-21
628.0261225322531 1.327695322834384e-21
628.1248417141713 1.327573552987381e-21
628.2235608960896 1.3274518123546742e-21
628.3222800780078 1.3273301009240913e-21
628.4209992599259 1.3272084186834679e-21
628.5197184418441 1.3270867656206451e-21
628.6184376237624 1.3269651417234731e-21
628.7171568056805 1.3268435469798095e-21
628.8158759875987 1.326721981377517e-21
628.9145951695169 1.32660044490447e-21
629.013314351435 1.3264789375485453e-21
629.1120335333533 1.3263574592976309e-21
629.2107527152715 1.326236010139619e-21
629.3094718971896 1.326114590062413e-21
629.4081910791078 1.3259931990539194e-21
629.5069102610261 1.3258718371020544e-21
629.6056294429442 1.325750504194742e-21
629.7043486248624 1.3256292003199119e-21
629.8030678067806 1.3255079254655025e-21
629.9017869886989 1.3253866796194576e-21
630.000506170617 1.3252654627697311e-21
630.0992253525352 1.3251442749042812e-21
630.1979445344534 1.3250231160110753e-21
630.2966637163715 1.324901986078088e-21
630.3953828982898 1.3247808850933014e-21
630.494102080208 1.3246598130447021e-21
630.5928212621261 1.3245387699202878e-21
630.6915404440443 1.324417755708061e-21
630.7902596259626 1.3242967703960325e-21
630.8889788078807 1.3241758139722197e-21
630.9876979897989 1.3240548864246482e-21
631.0864171717171 1.32393398774135e-21
631.1851363536354 1.3238131179103637e-21
631.2838555355535 1.3236922769197375e-21
631.3825747174717 1.3235714647575232e-21
631.4812938993899 1.3234506814117834e-21
631.580013081308 1.3233299268705865e-21
631.6787322632263 1.3232092011220077e-21
631.7774514451445 1.323088504154129e-21
631.8761706270626 1.3229678359550404e-21
631.9748898089808 1.322847196512839e-21
632.0736089908991 1.3227265858156299e-21
632.1723281728172 1.3226060038515238e-21
632.2710473547354 1.3224854506086384e-21
632.3697665366536 1.3223649260751001e-21
632.4684857185717 1.3222444302390427e-21
632.56720490049 1.3221239630886044e-21
632.6659240824082 1.3220035246119338e-21
632.7646432643264 1.3218831147971844e-21
632.8633624462445 1.3217627336325174e-21
632.9620816281628 1.3216423811061019e-21
633.060800810081 1.3215220572061137e-21
633.1595199919991 1.3214017619207343e-21
633.2582391739173 1.3212814952381553e-21
633.3569583558356 1.321161257146572e-21
633.4556775377537 1.3210410476341895e-21
633.5543967196719 1.3209208666892191e-21
633.6531159015901 1.3208007142998781e-21
633.7518350835082 1.3206805904543918e-21
633.8505542654265 1.3205604951409934e-21
633.9492734473447 1.3204404283479217e-21
634.0479926292629 1.320320390063424e-21
634.146711811181 1.3202003802757527e-21
634.2454309930993 1.3200803989731692e-21
634.3441501750175 1.3199604461439411e-21
634.4428693569356 1.319840521776343e-21
634.5415885388538 1.3197206258586557e-21
634.6403077207721 1.3196007583791691e-21
634.7390269026902 1.3194809193261798e-21
634.8377460846084 1.3193611086879883e-21
634.9364652665266 1.3192413264529053e-21
635.0351844484447 1.3191215726092483e-21
635.133903630363 1.3190018471453408e-21
635.2326228122812 1.3188821500495135e-21
635.3313419941993 1.318762481310104e-21
635.4300611761175 1.318642840915457e-21
635.5287803580358 1.3185232288539252e-21
635.627499539954 1.3184036451138665e-21
635.7262187218721 1.3182840896836461e-21
635.8249379037903 1.3181645625516377e-21
635.9236570857086 1.3180450637062209e-21
636.0223762676267 1.3179255931357816e-21
636.1210954495449 1.3178061508287134e-21
636.2198146314631 1.3176867367734164e-21
636.3185338133812 1.3175673509582998e-21
636.4172529952995 1.3174479933717755e-21
636.5159721772177 1.317328664002267e-21
636.6146913591358 1.3172093628382003e-21
636.713410541054 1.3170900898680116e-21
636.8121297229723 1.316970845080144e-21
636.9108489048904 1.3168516284630448e-21
637.0095680868086 1.3167324400051692e-21
637.1082872687268 1.3166132796949814e-21
637.207006450645 1.3164941475209508e-21
637.3057256325632 1.3163750434715533e-21
637.4044448144814 1.3162559675352723e-21
637.5031639963996 1.3161369197005979e-21
637.6018831783177 1.3160178999560276e-21
637.700602360236 1.3158989082900645e-21
637.7993215421542 1.3157799446912209e-21
637.8980407240723 1.3156610091480121e-21
637.9967599059905 1.3155421016489648e-21
638.0954790879088 1.3154232221826088e-21
638.1941982698269 1.3153043707374826e-21
638.2929174517451 1.3151855473021314e-21
638.3916366336633 1.315066751865107e-21
638.4903558155816 1.3149479844149682e-21
638.5890749974997 1.3148292449402801e-21
638.6877941794179 1.3147105334296146e-21
638.7865133613361 1.3145918498715506e-21
638.8852325432542 1.314473194254675e-21
638.9839517251725 1.3143545665675791e-21
639.0826709070907 1.3142359667988633e-21
639.1813900890088 1.3141173949371328e-21
639.280109270927 1.3139988509710017e-21
639.3788284528453 1.3138803348890885e-21
639.4775476347634 1.3137618466800202e-21
639.5762668166816 1.3136433863324295e-21
639.6749859985998 1.3135249538349583e-21
639.7737051805179 1.3134065491762503e-21
639.8724243624362 1.3132881723449612e-21
639.9711435443544 1.3131698233297508e-21
640.0698627262726 1.3130515021192849e-21
640.1685819081907 1.312933208702239e-21
640.267301090109 1.312814943067292e-21
640.3660202720272 1.3126967052031322e-21
640.4647394539453 1.3125784950984513e-21
640.5634586358635 1.312460312741952e-21
640.6621778177818 1.3123421581223406e-21
640.7608969996999 1.3122240312283312e-21
640.8596161816181 1.3121059320486441e-21
640.9583353635363 1.3119878605720068e-21
641.0570545454544 1.3118698167871536e-21
641.1557737273727 1.3117518006828241e-21
641.2544929092909 1.3116338122477659e-21
641.3532120912091 1.3115158514707344e-21
641.4519312731272 1.3113979183404883e-21
641.5506504550455 1.3112800128457963e-21
641.6493696369637 1.3111621349754308e-21
641.7480888188818 1.3110442847181738e-21
641.8468080008 1.3109264620628123e-21
641.9455271827183 1.3108086669981394e-21
642.0442463646364 1.3106908995129554e-21
642.1429655465546 1.3105731595960694e-21
642.2416847284728 1.3104554472362922e-21
642.3404039103909 1.3103377624224466e-21
642.4391230923092 1.3102201051433574e-21
642.5378422742274 1.31010247538786e-21
642.6365614561455 1.309984873144793e-21
642.7352806380637 1.3098672984030047e-21
642.833999819982 1.3097497511513466e-21
642.9327190019002 1.3096322313786804e-21
643.0314381838183 1.3095147390738719e-21
643.1301573657365 1.309397274225793e-21
643.2288765476547 1.3092798368233235e-21
643.3275957295729 1.309162426855352e-21
643.4263149114911 1.3090450443107683e-21
643.5250340934093 1.3089276891784728e-21
643.6237532753274 1.3088103614473717e-21
643.7224724572457 1.3086930611063765e-21
643.8211916391639 1.3085757881444064e-21
643.919910821082 1.3084585425503872e-21
644.0186300030002 1.3083413243132504e-21
644.1173491849185 1.3082241334219352e-21
644.2160683668366 1.3081069698653855e-21
644.3147875487548 1.3079898336325526e-21
644.413506730673 1.3078727247123957e-21
644.5122259125912 1.3077556430938786e-21
644.6109450945094 1.3076385887659731e-21
644.7096642764276 1.3075215617176558e-21
644.8083834583458 1.30740456193791e-21
644.9071026402639 1.3072875894157277e-21
645.0058218221822 1.3071706441401048e-21
645.1045410041004 1.3070537261000445e-21
645.2032601860185 1.3069368352845576e-21
645.3019793679367 1.30681997168266e-21
645.400698549855 1.3067031352833742e-21
645.4994177317731 1.3065863260757295e-21
645.5981369136913 1.3064695440487614e-21
645.6968560956095 1.3063527891915128e-21
645.7955752775277 1.3062360614930314e-21
645.8942944594459 1.3061193609423724e-21
645.9930136413641 1.3060026875285966e-21
646.0917328232823 1.3058860412407729e-21
646.1904520052004 1.3057694220679757e-21
646.2891711871187 1.3056528299992842e-21
646.3878903690369 1.3055362650237861e-21
646.486609550955 1.3054197271305752e-21
646.5853287328732 1.3053032163087513e-21
646.6840479147914 1.3051867325474197e-21
646.7827670967096 1.3050702758356952e-21
646.8814862786278 1.304953846162693e-21
646.980205460546 1.304837443517542e-21
647.0789246424641 1.3047210678893727e-21
647.1776438243824 1.3046047192673231e-21
647.2763630063006 1.304488397640538e-21
647.3750821882188 1.3043721029981673e-21
647.4738013701369 1.30425583532937e-21
647.5725205520552 1.3041395946233072e-21
647.6712397339734 1.3040233808691506e-21
647.7699589158915 1.303907194056076e-21
647.8686780978097 1.3037910341732655e-21
647.967397279728 1.3036749012099075e-21
648.0661164616461 1.3035587951551987e-21
648.1648356435643 1.3034427159983394e-21
648.2635548254825 1.3033266637285383e-21
648.3622740074006 1.303210638335009e-21
648.4609931893189 1.3030946398069718e-21
648.5597123712371 1.3029786681336527e-21
648.6584315531553 1.302862723304286e-21
648.7571507350734 1.3027468053081103e-21
648.8558699169917 1.302630914134372e-21
648.9545890989099 1.3025150497723216e-21
649.053308280828 1.3023992122112179e-21
649.1520274627462 1.3022834014403258e-21
649.2507466446644 1.3021676174489157e-21
649.3494658265826 1.3020518602262643e-21
649.4481850085008 1.3019361297616544e-21
649.546904190419 1.301820426044376e-21
649.6456233723371 1.3017047490637244e-21
649.7443425542554 1.3015890988090023e-21
649.8430617361736 1.3014734752695165e-21
649.9417809180917 1.301357878434583e-21
650.0405001000099 1.3012423082935208e-21
650.1392192819281 1.3011267648356576e-21
650.2379384638464 1.3010112480503263e-21
650.3366576457645 1.3008957579268666e-21
650.4353768276827 1.300780294454623e-21
650.534096009601 1.3006648576229473e-21
650.6328151915191 1.3005494474211981e-21
650.7315343734373 1.3004340638387393e-21
650.8302535553555 1.300318706864941e-21
650.9289727372736 1.3002033764891793e-21
651.0276919191919 1.3000880727008362e-21
651.1264111011101 1.2999727954893018e-21
651.2251302830282 1.2998575448439714e-21
651.3238494649464 1.2997423207542442e-21
651.4225686468646 1.2996271232095283e-21
651.5212878287828 1.2995119521992372e-21
651.620007010701 1.2993968077127915e-21
651.7187261926192 1.2992816897396153e-21
651.8174453745374 1.2991665982691414e-21
651.9161645564556 1.2990515332908073e-21
652.0148837383738 1.2989364947940569e-21
652.113602920292 1.298821482768341e-21
652.2123221022101 1.2987064972031161e-21
652.3110412841284 1.2985915380878441e-21
652.4097604660466 1.2984766054119943e-21
652.5084796479647 1.2983616991650408e-21
652.6071988298829 1.2982468193364643e-21
652.7059180118011 1.2981319659157518e-21
652.8046371937193 1.2980171388923976e-21
652.9033563756375 1.2979023382558982e-21
653.0020755575557 1.2977875639957615e-21
653.1007947394739 1.2976728161014968e-21
653.199513921392 1.2975580945626219e-21
653.2982331033103 1.2974433993686605e-21
653.3969522852285 1.2973287305091421e-21
653.4956714671466 1.2972140879736024e-21
653.5943906490648 1.2970994717515822e-21
653.6931098309831 1.29698488183263e-21
653.7918290129012 1.2968703182062985e-21
653.8905481948194 1.2967557808621485e-21
653.9892673767376 1.2966412697897458e-21
654.0879865586558 1.2965267849786607e-21
654.186705740574 1.2964123264184719e-21
654.2854249224922 1.2962978940987637e-21
654.3841441044103 1.2961834880091256e-21
654.4828632863286 1.296069108139154e-21
654.5815824682468 1.2959547544784494e-21
654.680301650165 1.2958404270166205e-21
654.7790208320831 1.295726125743282e-21
654.8777400140013 1.295611850648053e-21
654.9764591959196 1.2954976017205584e-21
655.0751783778377 1.2953833789504324e-21
655.1738975597559 1.2952691823273102e-21
655.2726167416741 1.2951550118408381e-21
655.3713359235923 1.2950408674806649e-21
655.4700551055105 1.2949267492364457e-21
655.5687742874287 1.2948126570978433e-21
655.6674934693468 1.2946985910545249e-21
655.766212651265 1.2945845510961643e-21
655.8649318331833 1.2944705372124408e-21
655.9636510151015 1.2943565493930398e-21
656.0623701970196 1.2942425876276548e-21
656.1610893789378 1.2941286519059809e-21
656.2598085608561 1.2940147422177217e-21
656.3585277427742 1.2939008585525876e-21
656.4572469246924 1.2937870009002939e-21
656.5559661066106 1.2936731692505597e-21
656.6546852885288 1.2935593635931148e-21
656.753404470447 1.2934455839176903e-21
656.8521236523652 1.293331830214026e-21
656.9508428342833 1.293218102471866e-21
657.0495620162015 1.293104400680962e-21
657.1482811981198 1.2929907248310705e-21
657.2470003800379 1.292877074911952e-21
657.3457195619561 1.2927634509133768e-21
657.4444387438743 1.2926498528251185e-21
657.5431579257926 1.2925362806369576e-21
657.6418771077107 1.2924227343386799e-21
657.7405962896289 1.2923092139200775e-21
657.8393154715471 1.2921957193709476e-21
657.9380346534653 1.292082250681093e-21
658.0367538353835 1.2919688078403248e-21
658.1354730173017 1.2918553908384579e-21
658.2341921992198 1.2917419996653123e-21
658.332911381138 1.291628634310716e-21
658.4316305630563 1.291515294764502e-21
658.5303497449744 1.291401981016508e-21
658.6290689268926 1.291288693056579e-21
658.7277881088108 1.291175430874565e-21
658.826507290729 1.2910621944603219e-21
658.9252264726472 1.2909489838037122e-21
659.0239456545654 1.2908357988946033e-21
659.1226648364836 1.2907226397228694e-21
659.2213840184017 1.2906095062783888e-21
659.32010320032 1.290496398551046e-21
659.4188223822382 1.2903833165307342e-21
659.5175415641563 1.2902702602073485e-21
659.6162607460745 1.2901572295707919e-21
659.7149799279928 1.290044224610971e-21
659.8136991099109 1.2899312453178032e-21
659.9124182918291 1.2898182916812053e-21
660.0111374737473 1.2897053636911037e-21
660.1098566556655 1.2895924613374306e-21
660.2085758375837 1.2894795846101221e-21
660.3072950195019 1.2893667334991217e-21
660.4060142014201 1.289253907994377e-21
660.5047333833382 1.2891411080858434e-21
660.6034525652565 1.2890283337634805e-21
660.7021717471747 1.2889155850172543e-21
660.8008909290928 1.2888028618371365e-21
660.899610111011 1.2886901642131028e-21
660.9983292929293 1.2885774921351384e-21
661.0970484748474 1.288464845593231e-21
661.1957676567656 1.2883522245773756e-21
661.2944868386838 1.2882396290775705e-21
661.393206020602 1.2881270590838242e-21
661.4919252025202 1.2880145145861459e-21
661.5906443844384 1.2879019955745536e-21
661.6893635663565 1.2877895020390707e-21
661.7880827482747 1.2876770339697251e-21
661.886801930193 1.2875645913565525e-21
661.9855211121112 1.287452174189591e-21
662.0842402940293 1.2873397824588876e-21
662.1829594759475 1.2872274161544935e-21
662.2816786578658 1.2871150752664643e-21
662.3803978397839 1.2870027597848641e-21
662.4791170217021 1.2868904696997611e-21
662.5778362036203 1.2867782050012283e-21
662.6765553855384 1.286665965679347e-21
662.7752745674567 1.2865537517242009e-21
662.8739937493749 1.2864415631258815e-21
662.972712931293 1.2863293998744848e-21
663.0714321132112 1.2862172619601146e-21
663.1701512951295 1.2861051493728756e-21
663.2688704770477 1.2859930621028843e-21
663.3675896589658 1.2858810001402587e-21
663.466308840884 1.2857689634751229e-21
663.5650280228023 1.2856569520976083e-21
663.6637472047204 1.2855449659978498e-21
663.7624663866386 1.2854330051659886e-21
663.8611855685568 1.2853210695921732e-21
663.959904750475 1.2852091592665541e-21
664.0586239323932 1.2850972741792925e-21
664.1573431143114 1.2849854143205497e-21
664.2560622962295 1.2848735796804969e-21
664.3547814781477 1.2847617702493082e-21
664.453500660066 1.2846499860171632e-21
664.5522198419841 1.2845382269742514e-21
664.6509390239023 1.2844264931107603e-21
664.7496582058205 1.2843147844168889e-21
664.8483773877388 1.2842031008828413e-21
664.9470965696569 1.2840914424988252e-21
665.0458157515751 1.2839798092550538e-21
665.1445349334933 1.2838682011417471e-21
665.2432541154114 1.2837566181491307e-21
665.3419732973297 1.2836450602674341e-21
665.4406924792479 1.2835335274868934e-21
665.539411661166 1.2834220197977514e-21
665.6381308430842 1.2833105371902541e-21
665.7368500250025 1.283199079654655e-21
665.8355692069206 1.283087647181212e-21
665.9342883888388 1.2829762397601888e-21
666.033007570757 1.282864857381854e-21
666.1317267526751 1.2827535000364835e-21
666.2304459345934 1.282642167714357e-21
666.3291651165116 1.2825308604057598e-21
666.4278842984298 1.2824195781009837e-21
666.526603480348 1.2823083207903249e-21
666.6253226622662 1.2821970884640866e-21
666.7240418441844 1.2820858811125748e-21
666.8227610261025 1.281974698726104e-21
666.9214802080207 1.2818635412949924e-21
667.020199389939 1.2817524088095628e-21
667.1189185718571 1.2816413012601475e-21
667.2176377537753 1.2815302186370788e-21
667.3163569356935 1.2814191609306985e-21
667.4150761176116 1.2813081281313532e-21
667.5137952995299 1.281197120229392e-21
667.6125144814481 1.2810861372151744e-21
667.7112336633663 1.2809751790790605e-21
667.8099528452844 1.2808642458114182e-21
667.9086720272027 1.2807533374026221e-21
668.0073912091209 1.2806424538430496e-21
668.106110391039 1.280531595123084e-21
668.2048295729572 1.2804207612331163e-21
668.3035487548755 1.28030995216354e-21
668.4022679367936 1.2801991679047554e-21
668.5009871187118 1.2800884084471696e-21
668.59970630063 1.2799776737811913e-21
668.6984254825481 1.2798669638972388e-21
668.7971446644664 1.2797562787857323e-21
668.8958638463846 1.2796456184371007e-21
668.9945830283027 1.2795349828417746e-21
669.0933022102209 1.2794243719901938e-21
669.1920213921392 1.2793137858728002e-21
669.2907405740574 1.2792032244800442e-21
669.3894597559755 1.2790926878023784e-21
669.4881789378937 1.2789821758302618e-21
669.586898119812 1.2788716885541611e-21
669.6856173017301 1.2787612259645455e-21
669.7843364836483 1.2786507880518894e-21
669.8830556655665 1.2785403748066761e-21
669.9817748474846 1.2784299862193903e-21
670.0804940294029 1.2783196222805226e-21
670.1792132113211 1.2782092829805714e-21
670.2779323932392 1.278098968310039e-21
670.3766515751574 1.2779886782594324e-21
670.4753707570757 1.2778784128192652e-21
670.5740899389939 1.2777681719800545e-21
670.672809120912 1.2776579557323247e-21
670.7715283028302 1.2775477640666041e-21
670.8702474847485 1.277437596973426e-21
670.9689666666666 1.2773274544433325e-21
671.0676858485848 1.2772173364668663e-21
671.166405030503 1.2771072430345785e-21
671.2651242124211 1.2769971741370233e-21
671.3638433943394 1.2768871297647626e-21
671.4625625762576 1.2767771099083614e-21
671.5612817581757 1.276667114558391e-21
671.6600009400939 1.2765571437054294e-21
671.7587201220122 1.2764471973400563e-21
671.8574393039303 1.27633727545286e-21
671.9561584858485 1.2762273780344332e-21
672.0548776677667 1.276117505075372e-21
672.153596849685 1.2760076565662803e-21
672.2523160316031 1.2758978324977658e-21
672.3510352135213 1.2757880328604426e-21
672.4497543954395 1.2756782576449282e-21
672.5484735773576 1.2755685068418481e-21
672.6471927592759 1.27545878044183e-21
672.7459119411941 1.2753490784355078e-21
672.8446311231122 1.2752394008135225e-21
672.9433503050304 1.2751297475665192e-21
673.0420694869487 1.2750201186851453e-21
673.1407886688668 1.274910514160059e-21
673.239507850785 1.274800933981919e-21
673.3382270327032 1.2746913781413918e-21
673.4369462146213 1.2745818466291479e-21
673.5356653965396 1.2744723394358636e-21
673.6343845784578 1.27436285655222e-21
673.733103760376 1.2742533979689047e-21
673.8318229422941 1.2741439636766076e-21
673.9305421242124 1.2740345536660263e-21
674.0292613061306 1.2739251679278626e-21
674.1279804880487 1.2738158064528253e-21
674.2266996699669 1.2737064692316252e-21
674.3254188518852 1.2735971562549814e-21
674.4241380338033 1.2734878675136149e-21
674.5228572157215 1.2733786029982544e-21
674.6215763976397 1.2732693626996328e-21
674.7202955795578 1.2731601466084898e-21
674.8190147614761 1.2730509547155671e-21
674.9177339433943 1.2729417870116139e-21
675.0164531253125 1.2728326434873842e-21
675.1151723072306 1.2727235241336375e-21
675.2138914891489 1.2726144289411364e-21
675.3126106710671 1.2725053579006505e-21
675.4113298529852 1.272396311002955e-21
675.5100490349034 1.2722872882388286e-21
675.6087682168217 1.2721782895990553e-21
675.7074873987398 1.2720693150744259e-21
675.806206580658 1.2719603646557349e-21
675.9049257625762 1.2718514383337823e-21
676.0036449444943 1.2717425360993722e-21
676.1023641264126 1.2716336579433162e-21
676.2010833083308 1.2715248038564281e-21
676.2998024902489 1.2714159738295298e-21
676.3985216721671 1.2713071678534459e-21
676.4972408540854 1.2711983859190069e-21
676.5959600360036 1.271089628017048e-21
676.6946792179217 1.2709808941384107e-21
676.7933983998399 1.2708721842739413e-21
676.8921175817582 1.2707634984144887e-21
676.9908367636763 1.2706548365509113e-21
677.0895559455945 1.2705461986740684e-21
677.1882751275127 1.2704375847748263e-21
677.2869943094308 1.2703289948440571e-21
677.3857134913491 1.270220428872636e-21
677.4844326732673 1.270111886851445e-21
677.5831518551854 1.27000336877137e-21
677.6818710371036 1.2698948746233022e-21
677.7805902190219 1.269786404398139e-21
677.8793094009401 1.26967795808678e-21
677.9780285828582 1.2695695356801342e-21
678.0767477647764 1.2694611371691113e-21
678.1754669466947 1.2693527625446275e-21
678.2741861286128 1.269244411797607e-21
678.372905310531 1.2691360849189737e-21
678.4716244924492 1.2690277818996603e-21
678.5703436743673 1.268919502730603e-21
678.6690628562856 1.2688112474027448e-21
678.7677820382038 1.2687030159070315e-21
678.8665012201219 1.2685948082344138e-21
678.9652204020401 1.2684866243758492e-21
679.0639395839584 1.2683784643223002e-21
679.1626587658765 1.2682703280647322e-21
679.2613779477947 1.2681622155941181e-21
679.3600971297129 1.268054126901434e-21
679.4588163116312 1.2679460619776602e-21
679.5575354935493 1.2678380208137856e-21
679.6562546754675 1.2677300034008006e-21
679.7549738573857 1.2676220097297017e-21
679.8536930393038 1.2675140397914903e-21
679.9524122212221 1.2674060935771738e-21
680.0511314031403 1.2672981710777624e-21
680.1498505850584 1.2671902722842732e-21
680.2485697669766 1.2670823971877277e-21
680.3472889488949 1.2669745457791525e-21
680.446008130813 1.2668667180495779e-21
680.5447273127312 1.266758913990041e-21
680.6434464946494 1.2666511335915827e-21
680.7421656765675 1.2665433768452492e-21
680.8408848584858 1.2664356437420907e-21
680.939604040404 1.2663279342731637e-21
681.0383232223222 1.266220248429529e-21
681.1370424042403 1.266112586202253e-21
681.2357615861586 1.2660049475824052e-21
681.3344807680768 1.265897332561063e-21
681.4331999499949 1.2657897411293057e-21
681.5319191319131 1.2656821732782185e-21
681.6306383138314 1.2655746289988924e-21
681.7293574957495 1.2654671082824226e-21
681.8280766776677 1.2653596111199089e-21
681.9267958595859 1.265252137502457e-21
682.025515041504 1.265144687421176e-21
682.1242342234223 1.2650372608671812e-21
682.2229534053405 1.2649298578315923e-21
682.3216725872587 1.264822478305533e-21
682.4203917691768 1.2647151222801347e-21
682.5191109510951 1.2646077897465307e-21
682.6178301330133 1.2645004806958593e-21
682.7165493149314 1.2643931951192658e-21
682.8152684968496 1.2642859330078982e-21
682.9139876787679 1.2641786943529118e-21
683.012706860686 1.2640714791454631e-21
683.1114260426042 1.263964287376717e-21
683.2101452245224 1.2638571190378423e-21
683.3088644064405 1.263749974120011e-21
683.4075835883588 1.2636428526144011e-21
683.506302770277 1.2635357545121966e-21
683.6050219521951 1.2634286798045843e-21
683.7037411341133 1.263321628482757e-21
683.8024603160316 1.263214600537912e-21
683.9011794979498 1.2631075959612512e-21
683.9998986798679 1.2630006147439823e-21
684.0986178617861 1.262893656877316e-21
684.1973370437044 1.2627867223524704e-21
684.2960562256225 1.2626798111606657e-21
684.3947754075407 1.2625729232931289e-21
684.4934945894589 1.2624660587410902e-21
684.592213771377 1.2623592174957865e-21
684.6909329532953 1.2622523995484577e-21
684.7896521352135 1.2621456048903494e-21
684.8883713171316 1.2620388335127122e-21
684.9870904990498 1.2619320854068005e-21
685.085809680968 1.261825360563874e-21
685.1845288628863 1.2617186589751984e-21
685.2832480448044 1.2616119806320416e-21
685.3819672267226 1.2615053255256789e-21
685.4806864086408 1.2613986936473879e-21
685.579405590559 1.261292084988453e-21
685.6781247724772 1.2611854995401628e-21
685.7768439543954 1.2610789372938104e-21
685.8755631363135 1.2609723982406944e-21
685.9742823182318 1.2608658823721153e-21
686.07300150015 1.2607593896793819e-21
686.1717206820681 1.2606529201538068e-21
686.2704398639863 1.2605464737867057e-21
686.3691590459046 1.260440050569402e-21
686.4678782278227 1.2603336504932204e-21
686.5665974097409 1.260227273549492e-21
686.6653165916591 1.2601209197295533e-21
686.7640357735773 1.2600145890247456e-21
686.8627549554955 1.2599082814264132e-21
686.9614741374137 1.2598019969259062e-21
687.0601933193319 1.259695735514579e-21
687.15891250125 1.2595894971837909e-21
687.2576316831683 1.2594832819249073e-21
687.3563508650865 1.2593770897292956e-21
687.4550700470046 1.25927092058833e-21
687.5537892289228 1.2591647744933886e-21
687.652508410841 1.2590586514358537e-21
687.7512275927592 1.2589525514071143e-21
687.8499467746774 1.2588464743985618e-21
687.9486659565956 1.2587404204015927e-21
688.0473851385138 1.2586343894076094e-21
688.146104320432 1.2585283814080182e-21
688.2448235023502 1.25842239639423e-21
688.3435426842684 1.2583164343576601e-21
688.4422618661865 1.2582104952897288e-21
688.5409810481048 1.2581045791818622e-21
688.639700230023 1.2579986860254881e-21
688.7384194119411 1.2578928158120426e-21
688.8371385938593 1.257786968532964e-21
688.9358577757775 1.2576811441796953e-21
689.0345769576957 1.2575753427436853e-21
689.1332961396139 1.2574695642163876e-21
689.2320153215321 1.2573638085892584e-21
689.3307345034502 1.25725807585376e-21
689.4294536853685 1.2571523660013607e-21
689.5281728672867 1.2570466790235306e-21
689.6268920492049 1.2569410149117464e-21
689.725611231123 1.256835373657488e-21
689.8243304130413 1.2567297552522414e-21
689.9230495949595 1.2566241596874967e-21
690.0217687768776 1.2565185869547476e-21
690.1204879587958 1.2564130370454932e-21
690.219207140714 1.2563075099512392e-21
690.3179263226322 1.2562020056634918e-21
690.4166455045504 1.2560965241737652e-21
690.5153646864686 1.2559910654735753e-21
690.6140838683867 1.2558856295544461e-21
690.712803050305 1.2557802164079037e-21
690.8115222322232 1.2556748260254793e-21
690.9102414141413 1.2555694583987094e-21
691.0089605960595 1.2554641135191334e-21
691.1076797779778 1.2553587913782962e-21
691.206398959896 1.2552534919677488e-21
691.3051181418141 1.2551482152790453e-21
691.4038373237323 1.2550429613037432e-21
691.5025565056505 1.2549377300334073e-21
691.6012756875687 1.2548325214596043e-21
691.6999948694869 1.2547273355739072e-21
691.7987140514051 1.2546221723678934e-21
691.8974332333232 1.2545170318331436e-21
691.9961524152415 1.254411913961244e-21
692.0948715971597 1.2543068187437864e-21
692.1935907790778 1.2542017461723646e-21
692.292309960996 1.2540966962385791e-21
692.3910291429142 1.2539916689340346e-21
692.4897483248325 1.2538866642503386e-21
692.5884675067506 1.2537816821791051e-21
692.6871866886688 1.2536767227119526e-21
692.785905870587 1.2535717858405024e-21
692.8846250525052 1.2534668715563818e-21
692.9833442344234 1.253361979851222e-21
693.0820634163416 1.2532571107166603e-21
693.1807825982597 1.2531522641443353e-21
693.279501780178 1.2530474401258925e-21
693.3782209620962 1.2529426386529821e-21
693.4769401440143 1.2528378597172573e-21
693.5756593259325 1.2527331033103763e-21
693.6743785078507 1.2526283694240021e-21
693.7730976897689 1.2525236580498032e-21
693.8718168716871 1.2524189691794508e-21
693.9705360536053 1.2523143028046207e-21
694.0692552355235 1.2522096589169947e-21
694.1679744174417 1.2521050375082575e-21
694.2666935993599 1.2520004385700995e-21
694.3654127812781 1.2518958620942146e-21
694.4641319631962 1.2517913080723015e-21
694.5628511451145 1.2516867764960637e-21
694.6615703270327 1.2515822673572087e-21
694.7602895089508 1.2514777806474487e-21
694.859008690869 1.2513733163585002e-21
694.9577278727872 1.2512688744820846e-21
695.0564470547054 1.2511644550099271e-21
695.1551662366236 1.2510600579337573e-21
695.2538854185418 1.2509556832453102e-21
695.35260460046 1.2508513309363246e-21
695.4513237823782 1.2507470009985432e-21
695.5500429642964 1.2506426934237141e-21
695.6487621462146 1.2505384082035895e-21
695.7474813281327 1.2504341453299262e-21
695.846200510051 1.2503299047944845e-21
695.9449196919692 1.2502256865890302e-21
696.0436388738873 1.250121490705333e-21
696.1423580558055 1.2500173171351671e-21
696.2410772377237 1.2499131658703107e-21
696.3397964196419 1.2498090369025477e-21
696.4385156015601 1.2497049302236655e-21
696.5372347834783 1.2496008458254558e-21
696.6359539653964 1.2494967836997143e-21
696.7346731473147 1.2493927438382418e-21
696.8333923292329 1.2492887262328433e-21
696.9321115111511 1.2491847308753293e-21
697.0308306930692 1.2490807577575128e-21
697.1295498749874 1.2489768068712118e-21
697.2282690569057 1.2488728782082481e-21
697.3269882388238 1.2487689717604516e-21
697.425707420742 1.2486650875196502e-21
697.5244266026602 1.2485612254776815e-21
697.6231457845784 1.2484573856263857e-21
697.7218649664966 1.2483535679576055e-21
697.8205841484148 1.248249772463192e-21
697.9193033303329 1.2481459991349967e-21
698.0180225122512 1.2480422479648772e-21
698.1167416941694 1.2479385189446964e-21
698.2154608760875 1.24783481206632e-21
698.3141800580057 1.2477311273216186e-21
698.412899239924 1.2476274647024656e-21
698.5116184218422 1.247523824200743e-21
698.6103376037603 1.2474202058083324e-21
698.7090567856785 1.2473166095171223e-21
698.8077759675967 1.2472130353190042e-21
698.9064951495149 1.2471094832058766e-21
699.0052143314331 1.2470059531696385e-21
699.1039335133513 1.2469024452021957e-21
699.2026526952694 1.2467989592954582e-21
699.3013718771876 1.2466954954413388e-21
699.4000910591059 1.2465920536317566e-21
699.498810241024 1.246488633858634e-21
699.5975294229422 1.246385236113898e-21
699.6962486048604 1.2462818603894784e-21
699.7949677867787 1.2461785066773116e-21
699.8936869686968 1.2460751749693367e-21
699.992406150615 1.2459718652574987e-21
700.0911253325332 1.245868577533745e-21
700.1898445144514 1.2457653117900288e-21
700.2885636963696 1.2456620680183053e-21
700.3872828782878 1.245558846210538e-21
700.4860020602059 1.2454556463586908e-21
700.5847212421241 1.2453524684547334e-21
700.6834404240424 1.2452493124906403e-21
700.7821596059605 1.2451461784583895e-21
700.8808787878787 1.2450430663499631e-21
700.9795979697969 1.2449399761573485e-21
701.078317151715 1.244836907872536e-21
701.1770363336333 1.244733861487522e-21
701.2757555155515 1.2446308369943047e-21
701.3744746974697 1.2445278343848888e-21
701.4731938793878 1.2444248536512818e-21
701.5719130613061 1.244321894785496e-21
701.6706322432243 1.2442189577795484e-21
701.7693514251424 1.2441160426254597e-21
701.8680706070606 1.2440131493152541e-21
701.9667897889789 1.2439102778409618e-21
702.065508970897 1.2438074281946161e-21
702.1642281528152 1.2437046003682529e-21
702.2629473347334 1.2436017943539176e-21
702.3616665166516 1.2434990101436527e-21
702.4603856985698 1.2433962477295116e-21
702.559104880488 1.243293507103547e-21
702.6578240624062 1.2431907882578175e-21
702.7565432443243 1.2430880911843872e-21
702.8552624262426 1.2429854158753236e-21
702.9539816081608 1.2428827623226966e-21
703.0527007900789 1.2427801305185834e-21
703.1514199719971 1.2426775204550627e-21
703.2501391539154 1.2425749321242182e-21
703.3488583358335 1.2424723655181397e-21
703.4475775177517 1.2423698206289181e-21
703.5462966996699 1.2422672974486508e-21
703.645015881588 1.2421647959694384e-21
703.7437350635063 1.2420623161833851e-21
703.8424542454245 1.241959858082601e-21
703.9411734273426 1.2418574216591992e-21
704.0398926092608 1.2417550069052964e-21
704.1386117911791 1.2416526138130157e-21
704.2373309730973 1.2415502423744822e-21
704.3360501550154 1.2414478925818255e-21
704.4347693369336 1.2413455644271803e-21
704.5334885188519 1.2412432579026841e-21
704.63220770077 1.24114097300048e-21
704.7309268826882 1.2410387097127147e-21
704.8296460646064 1.2409364680315383e-21
704.9283652465245 1.2408342479491064e-21
705.0270844284428 1.240732049457578e-21
705.125803610361 1.240629872549115e-21
705.2245227922791 1.2405277172158873e-21
705.3232419741973 1.240425583450063e-21
705.4219611561156 1.240323471243821e-21
705.5206803380337 1.2402213805893387e-21
705.6193995199519 1.2401193114788016e-21
705.7181187018701 1.2400172639043966e-21
705.8168378837884 1.2399152378583153e-21
705.9155570657065 1.2398132333327556e-21
706.0142762476247 1.2397112503199157e-21
706.1129954295429 1.2396092888120023e-21
706.211714611461 1.239507348801222e-21
706.3104337933793 1.2394054302797885e-21
706.4091529752975 1.2393035332399187e-21
706.5078721572156 1.2392016576738332e-21
706.6065913391338 1.2390998035737565e-21
706.7053105210521 1.2389979709319174e-21
706.8040297029702 1.2388961597405507e-21
706.9027488848884 1.2387943699918925e-21
707.0014680668066 1.2386926016781833e-21
707.1001872487249 1.2385908547916702e-21
707.198906430643 1.2384891293246019e-21
707.2976256125612 1.238387425269231e-21
707.3963447944794 1.238285742617817e-21
707.4950639763975 1.2381840813626209e-21
707.5937831583158 1.2380824414959077e-21
707.692502340234 1.237980823009948e-21
707.7912215221521 1.2378792258970153e-21
707.8899407040703 1.2377776501493874e-21
707.9886598859886 1.2376760957593476e-21
708.0873790679067 1.2375745627191803e-21
708.1860982498249 1.2374730510211764e-21
708.2848174317431 1.2373715606576306e-21
708.3835366136612 1.237270091620841e-21
708.4822557955795 1.2371686439031084e-21
708.5809749774977 1.237067217496741e-21
708.6796941594159 1.236965812394048e-21
708.778413341334 1.2368644285873442e-21
708.8771325232523 1.2367630660689486e-21
708.9758517051705 1.2366617248311822e-21
709.0745708870886 1.2365604048663731e-21
709.1732900690068 1.2364591061668507e-21
709.2720092509251 1.23635782872495e-21
709.3707284328432 1.2362565725330092e-21
709.4694476147614 1.236155337583371e-21
709.5681667966796 1.2360541238683823e-21
709.6668859785977 1.2359529313803934e-21
709.765605160516 1.2358517601117588e-21
709.8643243424342 1.2357506100548366e-21
709.9630435243524 1.235649481201991e-21
710.0617627062705 1.235548373545588e-21
710.1604818881888 1.2354472870779968e-21
710.259201070107 1.235346221791594e-21
710.3579202520251 1.235245177678757e-21
710.4566394339433 1.2351441547318686e-21
710.5553586158616 1.2350431529433152e-21
710.6540777977797 1.2349421723054876e-21
710.7527969796979 1.23484121281078e-21
710.8515161616161 1.2347402744515921e-21
710.9502353435342 1.234639357220324e-21
711.0489545254525 1.2345384611093847e-21
711.1476737073707 1.2344375861111835e-21
711.2463928892888 1.234336732218135e-21
711.345112071207 1.2342358994226562e-21
711.4438312531253 1.2341350877171723e-21
711.5425504350435 1.2340342970941062e-21
711.6412696169616 1.2339335275458903e-21
711.7399887988798 1.233832779064959e-21
711.8387079807981 1.2337320516437482e-21
711.9374271627162 1.2336313452747022e-21
712.0361463446344 1.2335306599502668e-21
712.1348655265526 1.233429995662891e-21
712.2335847084707 1.233329352405029e-21
712.332303890389 1.233228730169139e-21
712.4310230723072 1.233128128947682e-21
712.5297422542253 1.2330275487331252e-21
712.6284614361435 1.2329269895179369e-21
712.7271806180618 1.2328264512945909e-21
712.8258997999799 1.2327259340555652e-21
712.9246189818981 1.2326254377933407e-21
713.0233381638163 1.2325249625004028e-21
713.1220573457346 1.2324245081692407e-21
713.2207765276527 1.2323240747923474e-21
713.3194957095709 1.2322236623622216e-21
713.4182148914891 1.2321232708713618e-21
713.5169340734072 1.2320229003122731e-21
713.6156532553255 1.2319225506774667e-21
713.7143724372437 1.2318222219594528e-21
713.8130916191618 1.2317219141507503e-21
713.91181080108 1.2316216272438767e-21
714.0105299829983 1.2315213612313585e-21
714.1092491649164 1.2314211161057233e-21
714.2079683468346 1.2313208918595031e-21
714.3066875287528 1.231220688485234e-21
714.4054067106711 1.2311205059754568e-21
714.5041258925892 1.2310203443227139e-21
714.6028450745074 1.2309202035195536e-21
714.7015642564256 1.230820083558527e-21
714.8002834383437 1.2307199844321896e-21
714.899002620262 1.230619906133101e-21
714.9977218021802 1.2305198486538246e-21
715.0964409840983 1.2304198119869264e-21
715.1951601660165 1.2303197961249783e-21
715.2938793479348 1.2302198010605541e-21
715.3925985298529 1.2301198267862331e-21
715.4913177117711 1.230019873294597e-21
715.5900368936893 1.2299199405782328e-21
715.6887560756074 1.2298200286297293e-21
715.7874752575257 1.2297201374416824e-21
715.8861944394439 1.2296202670066882e-21
715.9849136213621 1.2295204173173483e-21
716.0836328032802 1.2294205883662697e-21
716.1823519851985 1.2293207801460604e-21
716.2810711671167 1.2292209926493338e-21
716.3797903490348 1.2291212258687075e-21
716.478509530953 1.2290214797968012e-21
716.5772287128713 1.2289217544262398e-21
716.6759478947894 1.228822049749652e-21
716.7746670767076 1.2287223657596693e-21
716.8733862586258 1.228622702448929e-21
716.9721054405439 1.2285230598100702e-21
717.0708246224622 1.2284234378357369e-21
717.1695438043804 1.2283238365185759e-21
717.2682629862986 1.2282242558512387e-21
717.3669821682167 1.2281246958263815e-21
717.465701350135 1.2280251564366624e-21
717.5644205320532 1.2279256376747429e-21
717.6631397139713 1.22782613953329e-21
717.7618588958895 1.2277266620049758e-21
717.8605780778078 1.227627205082472e-21
717.9592972597259 1.2275277687584574e-21
718.0580164416441 1.2274283530256143e-21
718.1567356235623 1.227328957876627e-21
718.2554548054804 1.2272295833041861e-21
718.3541739873987 1.2271302293009822e-21
718.4528931693169 1.2270308958597133e-21
718.551612351235 1.2269315829730807e-21
718.6503315331532 1.226832290633788e-21
718.7490507150715 1.2267330188345426e-21
718.8477698969897 1.2266337675680568e-21
718.9464890789078 1.2265345368270468e-21
719.045208260826 1.2264353266042307e-21
719.1439274427443 1.2263361368923328e-21
719.2426466246624 1.226236967684078e-21
719.3413658065806 1.2261378189721986e-21
719.4400849884988 1.226038690749429e-21
719.5388041704169 1.2259395830085066e-21
719.6375233523352 1.2258404957421728e-21
719.7362425342534 1.2257414289431734e-21
719.8349617161715 1.2256423826042585e-21
719.9336808980897 1.2255433567181807e-21
720.032400080008 1.2254443512776956e-21
720.1311192619261 1.2253453662755656e-21
720.2298384438443 1.2252464017045527e-21
720.3285576257625 1.2251474575574268e-21
720.4272768076808 1.225048533826959e-21
720.5259959895989 1.224949630505924e-21
720.6247151715171 1.2248507475871015e-21
720.7234343534353 1.2247518850632741e-21
720.8221535353534 1.2246530429272283e-21
720.9208727172717 1.2245542211717543e-21
721.0195918991899 1.2244554197896462e-21
721.118311081108 1.2243566387737013e-21
721.2170302630262 1.2242578781167215e-21
721.3157494449445 1.2241591378115113e-21
721.4144686268626 1.2240604178508795e-21
721.5131878087808 1.2239617182276388e-21
721.611906990699 1.223863038934605e-21
721.7106261726173 1.2237643799645981e-21
721.8093453545354 1.2236657413104411e-21
721.9080645364536 1.2235671229649619e-21
722.0067837183718 1.223468524920991e-21
722.1055029002899 1.2233699471713628e-21
722.2042220822082 1.2232713897089166e-21
722.3029412641264 1.2231728525264924e-21
722.4016604460445 1.2230743356169366e-21
722.5003796279627 1.2229758389730993e-21
722.599098809881 1.2228773625878327e-21
722.6978179917991 1.2227789064539938e-21
722.7965371737173 1.2226804705644406e-21
722.8952563556355 1.2225820549120399e-21
722.9939755375536 1.2224836594896573e-21
723.0926947194719 1.2223852842901662e-21
723.1914139013901 1.222286929306439e-21
723.2901330833083 1.2221885945313556e-21
723.3888522652264 1.2220902799577974e-21
723.4875714471447 1.2219919855786506e-21
723.5862906290629 1.221893711386805e-21
723.685009810981 1.2217954573751524e-21
723.7837289928992 1.2216972235365907e-21
723.8824481748175 1.2215990098640198e-21
723.9811673567356 1.2215008163503441e-21
724.0798865386538 1.2214026429884709e-21
724.178605720572 1.2213044897713108e-21
724.2773249024901 1.2212063566917798e-21
724.3760440844084 1.2211082437427956e-21
724.4747632663266 1.2210101509172806e-21
724.5734824482448 1.2209120782081604e-21
724.6722016301629 1.220814025608364e-21
724.7709208120812 1.2207159931108251e-21
724.8696399939994 1.22061798070848e-21
724.9683591759175 1.2205199883942688e-21
725.0670783578357 1.2204220161611343e-21
725.165797539754 1.2203240640020255e-21
725.2645167216721 1.2202261319098928e-21
725.3632359035903 1.2201282198776905e-21
725.4619550855085 1.2200303278983761e-21
725.5606742674266 1.219932455964913e-21
725.6593934493449 1.2198346040702652e-21
725.7581126312631 1.2197367722074024e-21
725.8568318131812 1.2196389603692971e-21
725.9555509950994 1.2195411685489247e-21
726.0542701770177 1.219443396739266e-21
726.1529893589359 1.2193456449333026e-21
726.251708540854 1.2192479131240235e-21
726.3504277227722 1.2191502013044169e-21
726.4491469046905 1.2190525094674784e-21
726.5478660866086 1.2189548376062058e-21
726.6465852685268 1.2188571857135977e-21
726.745304450445 1.2187595537826622e-21
726.8440236323631 1.218661941806405e-21
726.9427428142814 1.218564349777839e-21
727.0414619961996 1.2184667776899798e-21
727.1401811781177 1.2183692255358458e-21
727.2389003600359 1.2182716933084593e-21
727.3376195419542 1.2181741810008472e-21
727.4363387238723 1.2180766886060375e-21
727.5350579057905 1.2179792161170654e-21
727.6337770877087 1.217881763526966e-21
727.732496269627 1.2177843308287795e-21
727.8312154515451 1.2176869180155514e-21
727.9299346334633 1.217589525080327e-21
728.0286538153815 1.217492152016158e-21
728.1273729972996 1.2173947988160983e-21
728.2260921792179 1.2172974654732057e-21
728.3248113611361 1.2172001519805425e-21
728.4235305430542 1.2171028583311736e-21
728.5222497249724 1.2170055845181663e-21
728.6209689068907 1.2169083305345932e-21
728.7196880888088 1.21681109637353e-21
728.818407270727 1.2167138820280553e-21
728.9171264526452 1.2166166874912522e-21
729.0158456345634 1.2165195127562063e-21
729.1145648164816 1.2164223578160072e-21
729.2132839983998 1.2163252226637472e-21
729.312003180318 1.2162281072925236e-21
729.4107223622361 1.2161310116954368e-21
729.5094415441544 1.2160339358655893e-21
729.6081607260726 1.2159368797960892e-21
729.7068799079907 1.2158398434800469e-21
729.8055990899089 1.2157428269105748e-21
729.9043182718272 1.2156458300807925e-21
730.0030374537453 1.2155488529838204e-21
730.1017566356635 1.2154518956127816e-21
730.2004758175817 1.2153549579608067e-21
730.2991949994998 1.2152580400210245e-21
730.3979141814181 1.215161141786571e-21
730.4966333633363 1.2150642632505852e-21
730.5953525452545 1.2149674044062076e-21
730.6940717271726 1.214870565246585e-21
730.7927909090909 1.2147737457648652e-21
730.8915100910091 1.2146769459542001e-21
730.9902292729272 1.2145801658077467e-21
731.0889484548454 1.214483405318664e-21
731.1876676367636 1.2143866644801132e-21
731.2863868186818 1.2142899432852616e-21
731.3851060006 1.214193241727279e-21
731.4838251825182 1.2140965597993378e-21
731.5825443644363 1.2139998974946154e-21
731.6812635463546 1.21390325480629e-21
731.7799827282728 1.2138066317275462e-21
731.878701910191 1.21371002825157e-21
731.9774210921091 1.2136134443715521e-21
732.0761402740274 1.2135168800806863e-21
732.1748594559456 1.2134203353721696e-21
732.2735786378637 1.2133238102392029e-21
732.3722978197819 1.2132273046749898e-21
732.4710170017001 1.2131308186727373e-21
732.5697361836183 1.2130343522256566e-21
732.6684553655365 1.2129379053269624e-21
732.7671745474547 1.2128414779698717e-21
732.8658937293728 1.2127450701476056e-21
732.964612911291 1.212648681853389e-21
733.0633320932093 1.2125523130804491e-21
733.1620512751274 1.2124559638220192e-21
733.2607704570456 1.212359634071331e-21
733.3594896389639 1.2122633238216255e-21
733.4582088208821 1.2121670330661427e-21
733.5569280028002 1.2120707617981272e-21
733.6556471847184 1.2119745100108287e-21
733.7543663666366 1.211878277697498e-21
733.8530855485548 1.211782064851392e-21
733.951804730473 1.211685871465766e-21
734.0505239123912 1.2115896975338847e-21
734.1492430943093 1.211493543049013e-21
734.2479622762276 1.2113974080044185e-21
734.3466814581458 1.211301292393374e-21
734.4454006400639 1.2112051962091553e-21
734.5441198219821 1.2111091194450403e-21
734.6428390039003 1.211013062094312e-21
734.7415581858185 1.2109170241502569e-21
734.8402773677367 1.2108210056061632e-21
734.9389965496549 1.210725006455322e-21
735.0377157315731 1.2106290266910311e-21
735.1364349134913 1.210533066306588e-21
735.2351540954095 1.210437125295297e-21
735.3338732773277 1.2103412036504616e-21
735.4325924592458 1.2102453013653939e-21
735.531311641164 1.2101494184334033e-21
735.6300308230823 1.2100535548478072e-21
735.7287500050004 1.2099577106019263e-21
735.8274691869186 1.2098618856890807e-21
735.9261883688368 1.2097660801025983e-21
736.024907550755 1.209670293835807e-21
736.1236267326732 1.2095745268820407e-21
736.2223459145914 1.2094787792346342e-21
736.3210650965096 1.2093830508869282e-21
736.4197842784278 1.2092873418322648e-21
736.518503460346 1.2091916520639898e-21
736.6172226422642 1.2090959815754519e-21
736.7159418241823 1.209000330360006e-21
736.8146610061006 1.2089046984110062e-21
736.9133801880188 1.2088090857218118e-21
737.0120993699369 1.2087134922857875e-21
737.1108185518551 1.2086179180962966e-21
737.2095377337733 1.2085223631467107e-21
737.3082569156915 1.2084268274304008e-21
737.4069760976097 1.208331310940744e-21
737.5056952795279 1.208235813671119e-21
737.604414461446 1.208140335614909e-21
737.7031336433643 1.2080448767654987e-21
737.8018528252825 1.2079494371162784e-21
737.9005720072007 1.2078540166606399e-21
737.9992911891188 1.2077586153919792e-21
738.098010371037 1.2076632333036967e-21
738.1967295529553 1.2075678703891933e-21
738.2954487348734 1.2074725266418747e-21
738.3941679167916 1.2073772020551504e-21
738.4928870987098 1.2072818966224331e-21
738.591606280628 1.207186610337138e-21
738.6903254625462 1.2070913431926835e-21
738.7890446444644 1.206996095182492e-21
738.8877638263825 1.2069008662999906e-21
738.9864830083008 1.2068056565386052e-21
739.085202190219 1.2067104658917704e-21
739.1839213721372 1.2066152943529199e-21
739.2826405540553 1.2065201419154926e-21
739.3813597359735 1.2064250085729299e-21
739.4800789178918 1.2063298943186778e-21
739.5787980998099 1.2062347991461848e-21
739.6775172817281 1.2061397230489012e-21
739.7762364636463 1.2060446660202843e-21
739.8749556455645 1.2059496280537898e-21
739.9736748274827 1.2058546091428808e-21
740.0723940094009 1.2057596092810202e-21
740.171113191319 1.2056646284616784e-21
740.2698323732373 1.2055696666783244e-21
740.3685515551555 1.2054747239244339e-21
740.4672707370736 1.2053798001934845e-21
740.5659899189918 1.2052848954789573e-21
740.66470910091 1.2051900097743352e-21
740.7634282828283 1.2050951430731065e-21
740.8621474647464 1.205000295368763e-21
740.9608666466646 1.204905466654797e-21
741.0595858285828 1.204810656924707e-21
741.158305010501 1.204715866171992e-21
741.2570241924192 1.204621094390157e-21
741.3557433743374 1.2045263415727068e-21
741.4544625562555 1.2044316077131542e-21
741.5531817381737 1.2043368928050106e-21
741.651900920092 1.2042421968417934e-21
741.7506201020101 1.2041475198170213e-21
741.8493392839283 1.2040528617242195e-21
741.9480584658465 1.2039582225569116e-21
742.0467776477647 1.203863602308629e-21
742.1454968296829 1.2037690009729033e-21
742.2442160116011 1.2036744185432702e-21
742.3429351935193 1.203579855013269e-21
742.4416543754375 1.203485310376443e-21
742.5403735573557 1.203390784626336e-21
742.6390927392739 1.2032962777564974e-21
742.737811921192 1.20320178976048e-21
742.8365311031102 1.2031073206318367e-21
742.9352502850285 1.203012870364128e-21
743.0339694669466 1.2029184389509137e-21
743.1326886488648 1.2028240263857598e-21
743.231407830783 1.2027296326622333e-21
743.3301270127012 1.2026352577739053e-21
743.4288461946194 1.2025409017143497e-21
743.5275653765376 1.2024465644771453e-21
743.6262845584558 1.2023522460558712e-21
743.725003740374 1.2022579464441116e-21
743.8237229222922 1.2021636656354536e-21
743.9224421042104 1.2020694036234868e-21
744.0211612861285 1.2019751604018061e-21
744.1198804680467 1.2018809359640062e-21
744.218599649965 1.2017867303036867e-21
744.3173188318831 1.2016925434144523e-21
744.4160380138013 1.2015983752899074e-21
744.5147571957195 1.201504225923661e-21
744.6134763776377 1.2014100953093257e-21
744.7121955595559 1.2013159834405177e-21
744.8109147414741 1.2012218903108547e-21
744.9096339233922 1.2011278159139585e-21
745.0083531053104 1.2010337602434553e-21
745.1070722872287 1.2009397232929717e-21
745.2057914691469 1.200845705056139e-21
745.304510651065 1.2007517055265919e-21
745.4032298329832 1.2006577246979683e-21
745.5019490149015 1.2005637625639083e-21
745.6006681968196 1.2004698191180565e-21
745.6993873787378 1.2003758943540584e-21
745.798106560656 1.2002819882655657e-21
745.8968257425742 1.2001881008462309e-21
745.9955449244924 1.2000942320897097e-21
746.0942641064106 1.2000003819896619e-21
746.1929832883287 1.1999065505397507e-21
746.291702470247 1.1998127377336421e-21
746.3904216521652 1.1997189435650037e-21
746.4891408340834 1.199625168027508e-21
746.5878600160015 1.1995314111148308e-21
746.6865791979197 1.1994376728206498e-21
746.785298379838 1.1993439531386453e-21
746.8840175617561 1.1992502520625026e-21
746.9827367436743 1.1991565695859099e-21
747.0814559255925 1.1990629057025573e-21
747.1801751075106 1.1989692604061384e-21
747.2788942894289 1.1988756336903499e-21
747.3776134713471 1.1987820255488924e-21
747.4763326532652 1.1986884359754693e-21
747.5750518351834 1.1985948649637853e-21
747.6737710171017 1.198501312507551e-21
747.7724901990198 1.1984077786004787e-21
747.871209380938 1.198314263236283e-21
747.9699285628562 1.1982207664086835e-21
748.0686477447745 1.1981272881114006e-21
748.1673669266926 1.1980338283381603e-21
748.2660861086108 1.1979403870826909e-21
748.364805290529 1.1978469643387208e-21
748.4635244724471 1.1977535600999862e-21
748.5622436543654 1.1976601743602235e-21
748.6609628362836 1.1975668071131723e-21
748.7596820182017 1.1974734583525779e-21
748.8584012001199 1.1973801280721836e-21
748.9571203820382 1.1972868162657412e-21
749.0558395639563 1.1971935229270023e-21
749.1545587458745 1.1971002480497225e-21
749.2532779277927 1.1970069916276596e-21
749.3519971097109 1.1969137536545765e-21
749.4507162916291 1.196820534124237e-21
749.5494354735473 1.1967273330304091e-21
749.6481546554655 1.1966341503668638e-21
749.7468738373836 1.196540986127375e-21
749.8455930193019 1.1964478403057205e-21
749.9443122012201 1.196354712895678e-21
750.0430313831382 1.1962616038910327e-21
750.1417505650564 1.1961685132855696e-21
750.2404697469747 1.1960754410730776e-21
750.3391889288928 1.1959823872473499e-21
750.437908110811 1.1958893518021821e-21
750.5366272927292 1.1957963347313703e-21
750.6353464746473 1.195703336028718e-21
750.7340656565656 1.195610355688028e-21
750.8327848384838 1.1955173937031092e-21
750.931504020402 1.195424450067771e-21
751.0302232023201 1.1953315247758257e-21
751.1289423842384 1.1952386178210923e-21
751.2276615661566 1.195145729197388e-21
751.3263807480747 1.1950528588985376e-21
751.4250999299929 1.1949600069183646e-21
751.5238191119112 1.194867173250699e-21
751.6225382938293 1.1947743578893716e-21
751.7212574757475 1.1946815608282165e-21
751.8199766576657 1.1945887820610723e-21
751.9186958395838 1.1944960215817788e-21
752.0174150215021 1.1944032793841811e-21
752.1161342034203 1.194310555462124e-21
752.2148533853384 1.1942178498094587e-21
752.3135725672566 1.194125162420037e-21
752.4122917491749 1.194032493287715e-21
752.5110109310931 1.1939398424063508e-21
752.6097301130112 1.1938472097698064e-21
752.7084492949294 1.1937545953719464e-21
752.8071684768477 1.1936619992066391e-21
752.9058876587658 1.193569421267754e-21
753.004606840684 1.1934768615491655e-21
753.1033260226022 1.1933843200447495e-21
753.2020452045203 1.1932917967483869e-21
753.3007643864386 1.1931992916539588e-21
753.3994835683568 1.1931068047553524e-21
753.4982027502749 1.193014336046455e-21
753.5969219321931 1.1929218855211588e-21
753.6956411141114 1.192829453173358e-21
753.7943602960296 1.1927370389969508e-21
753.8930794779477 1.1926446429858361e-21
753.9917986598659 1.1925522651339182e-21
754.0905178417842 1.192459905435105e-21
754.1892370237023 1.1923675638833041e-21
754.2879562056205 1.192275240472428e-21
754.3866753875387 1.1921829351963925e-21
754.4853945694568 1.192090648049116e-21
754.5841137513751 1.1919983790245193e-21
754.6828329332933 1.1919061281165273e-21
754.7815521152114 1.1918138953190663e-21
754.8802712971296 1.1917216806260665e-21
754.9789904790479 1.191629484031462e-21
755.077709660966 1.1915373055291882e-21
755.1764288428842 1.191445145113183e-21
755.2751480248024 1.1913530027773902e-21
755.3738672067207 1.1912608785157536e-21
755.4725863886388 1.1911687723222217e-21
755.571305570557 1.1910766841907443e-21
755.6700247524752 1.1909846141152758e-21
755.7687439343933 1.1908925620897727e-21
755.8674631163116 1.1908005281081936e-21
755.9661822982298 1.190708512164503e-21
756.0649014801479 1.190616514252665e-21
756.1636206620661 1.1905245343666488e-21
756.2623398439844 1.1904325725004235e-21
756.3610590259025 1.1903406286479663e-21
756.4597782078207 1.1902487028032527e-21
756.5584973897389 1.1901567949602632e-21
756.6572165716572 1.190064905112981e-21
756.7559357535753 1.1899730332553909e-21
756.8546549354935 1.189881179381483e-21
756.9533741174117 1.1897893434852483e-21
757.0520932993298 1.189697525560682e-21
757.1508124812481 1.1896057256017812e-21
757.2495316631663 1.1895139436025474e-21
757.3482508450844 1.1894221795569818e-21
757.4469700270026 1.1893304334590938e-21
757.5456892089209 1.1892387053028899e-21
757.644408390839 1.1891469950823836e-21
757.7431275727572 1.1890553027915897e-21
757.8418467546754 1.1889636284245253e-21
757.9405659365935 1.1888719719752132e-21
758.0392851185118 1.1887803334376744e-21
758.13800430043 1.1886887128059371e-21
758.2367234823482 1.1885971100740306e-21
758.3354426642663 1.1885055252359887e-21
758.4341618461846 1.1884139582858434e-21
758.5328810281028 1.1883224092176353e-21
758.6316002100209 1.1882308780254049e-21
758.7303193919391 1.188139364703196e-21
758.8290385738574 1.188047869245055e-21
758.9277577557755 1.187956391645033e-21
759.0264769376937 1.1878649318971806e-21
759.1251961196119 1.1877734899955543e-21
759.22391530153 1.1876820659342124e-21
759.3226344834483 1.1875906597072164e-21
759.4213536653665 1.1874992713086298e-21
759.5200728472846 1.1874079007325191e-21
759.6187920292028 1.187316547972955e-21
759.7175112111211 1.1872252130240095e-21
759.8162303930393 1.1871338958797591e-21
759.9149495749574 1.1870425965342804e-21
760.0136687568756 1.186951314981656e-21
760.1123879387939 1.18686005121597e-21
760.211107120712 1.1867688052313088e-21
760.3098263026302 1.1866775770217625e-21
760.4085454845484 1.186586366581423e-21
760.5072646664665 1.186495173904387e-21
760.6059838483848 1.1864039989847527e-21
760.704703030303 1.1863128418166193e-21
760.8034222122211 1.1862217023940938e-21
760.9021413941393 1.1861305807112803e-21
761.0008605760576 1.186039476762291e-21
761.0995797579758 1.1859483905412373e-21
761.1982989398939 1.1858573220422334e-21
761.2970181218121 1.1857662712593993e-21
761.3957373037304 1.1856752381868552e-21
761.4944564856485 1.1855842228187265e-21
761.5931756675667 1.1854932251491375e-21
761.6918948494849 1.1854022451722193e-21
761.790614031403 1.1853112828821038e-21
761.8893332133213 1.1852203382729257e-21
761.9880523952395 1.1851294113388233e-21
762.0867715771576 1.1850385020739388e-21
762.1854907590758 1.1849476104724141e-21
762.2842099409941 1.1848567365283968e-21
762.3829291229122 1.1847658802360352e-21
762.4816483048304 1.1846750415894824e-21
762.5803674867486 1.1845842205828922e-21
762.6790866686669 1.1844934172104236e-21
762.777805850585 1.1844026314662364e-21
762.8765250325032 1.1843118633444935e-21
762.9752442144214 1.1842211128393625e-21
763.0739633963395 1.184130379945011e-21
763.1726825782578 1.184039664655611e-21
763.271401760176 1.1839489669653376e-21
763.3701209420941 1.1838582868683672e-21
763.4688401240123 1.1837676243588815e-21
763.5675593059306 1.1836769794310613e-21
763.6662784878487 1.1835863520790937e-21
763.7649976697669 1.1834957422971671e-21
763.8637168516851 1.1834051500794728e-21
763.9624360336034 1.1833145754202044e-21
764.0611552155215 1.1832240183135602e-21
764.1598743974397 1.1831334787537378e-21
764.2585935793579 1.1830429567349408e-21
764.357312761276 1.182952452251375e-21
764.4560319431943 1.1828619652972466e-21
764.5547511251125 1.1827714958667684e-21
764.6534703070306 1.1826810439541524e-21
764.7521894889488 1.182590609553616e-21
764.850908670867 1.1825001926593777e-21
764.9496278527852 1.1824097932656589e-21
765.0483470347034 1.1823194113666852e-21
765.1470662166216 1.182229046956684e-21
765.2457853985397 1.1821387000298845e-21
765.344504580458 1.1820483705805201e-21
765.4432237623762 1.1819580586028277e-21
765.5419429442944 1.181867764091043e-21
765.6406621262125 1.1817774870394101e-21
765.7393813081308 1.1816872274421708e-21
765.838100490049 1.1815969852935736e-21
765.9368196719671 1.181506760587866e-21
766.0355388538853 1.1814165533193022e-21
766.1342580358036 1.1813263634821355e-21
766.2329772177217 1.1812361910706244e-21
766.3316963996399 1.18114603607903e-21
766.4304155815581 1.1810558985016143e-21
766.5291347634762 1.1809657783326435e-21
766.6278539453945 1.1808756755663867e-21
766.7265731273127 1.1807855901971152e-21
766.8252923092308 1.1806955222191023e-21
766.924011491149 1.1806054716266262e-21
767.0227306730673 1.180515438413966e-21
767.1214498549855 1.1804254225754035e-21
767.2201690369036 1.1803354241052245e-21
767.3188882188218 1.180245442997717e-21
767.41760740074 1.18015547924717e-21
767.5163265826582 1.1800655328478788e-21
767.6150457645764 1.1799756037941385e-21
767.7137649464946 1.1798856920802467e-21
767.8124841284127 1.1797957977005066e-21
767.911203310331 1.1797059206492215e-21
768.0099224922492 1.1796160609206983e-21
768.1086416741673 1.179526218509247e-21
768.2073608560855 1.1794363934091788e-21
768.3060800380038 1.1793465856148092e-21
768.404799219922 1.179256795120456e-21
768.5035184018401 1.1791670219204402e-21
768.6022375837583 1.1790772660090841e-21
768.7009567656766 1.1789875273807132e-21
768.7996759475947 1.178897806029657e-21
768.8983951295129 1.178808101950246e-21
768.9971143114311 1.1787184151368152e-21
769.0958334933492 1.1786287455836992e-21
769.1945526752675 1.1785390932852394e-21
769.2932718571857 1.1784494582357764e-21
769.3919910391038 1.1783598404296557e-21
769.490710221022 1.1782702398612245e-21
769.5894294029403 1.1781806565248318e-21
769.6881485848584 1.178091090414832e-21
769.7868677667766 1.1780015415255792e-21
769.8855869486948 1.177912009851432e-21
769.984306130613 1.1778224953867522e-21
770.0830253125312 1.1777329981259023e-21
770.1817444944494 1.1776435180632482e-21
770.2804636763676 1.1775540551931592e-21
770.3791828582857 1.1774646095100063e-21
770.477902040204 1.1773751810081648e-21
770.5766212221222 1.1772857696820098e-21
770.6753404040403 1.1771963755259233e-21
770.7740595859585 1.1771069985342857e-21
770.8727787678768 1.1770176387014811e-21
770.9714979497949 1.176928296021899e-21
771.0702171317131 1.1768389704899295e-21
771.1689363136313 1.1767496620999635e-21
771.2676554955495 1.1766603708463982e-21
771.3663746774677 1.1765710967236312e-21
771.4650938593859 1.1764818397260639e-21
771.5638130413041 1.1763925998480983e-21
771.6625322232222 1.1763033770841424e-21
771.7612514051405 1.1762141714286036e-21
771.8599705870587 1.1761249828758937e-21
771.9586897689768 1.1760358114204274e-21
772.057408950895 1.1759466570566215e-21
772.1561281328133 1.175857519778894e-21
772.2548473147314 1.1757683995816682e-21
772.3535664966496 1.1756792964593677e-21
772.4522856785678 1.1755902104064204e-21
772.5510048604859 1.1755011414172572e-21
772.6497240424042 1.1754120894863087e-21
772.7484432243224 1.175323054608012e-21
772.8471624062406 1.1752340367768042e-21
772.9458815881587 1.1751450359871248e-21
773.044600770077 1.1750560522334177e-21
773.1433199519952 1.1749670855101298e-21
773.2420391339133 1.1748781358117078e-21
773.3407583158315 1.1747892031326026e-21
773.4394774977497 1.1747002874672688e-21
773.5381966796679 1.174611388810163e-21
773.6369158615861 1.1745225071557424e-21
773.7356350435043 1.1744336424984693e-21
773.8343542254224 1.174344794832809e-21
773.9330734073407 1.1742559641532263e-21
774.0317925892589 1.1741671504541917e-21
774.130511771177 1.1740783537301763e-21
774.2292309530952 1.173989573975655e-21
774.3279501350135 1.1739008111851055e-21
774.4266693169317 1.1738120653530067e-21
774.5253884988498 1.1737233364738417e-21
774.624107680768 1.173634624542095e-21
774.7228268626862 1.1735459295522539e-21
774.8215460446044 1.1734572514988093e-21
774.9202652265226 1.1733685903762528e-21
775.0189844084408 1.1732799461790815e-21
775.1177035903589 1.1731913189017921e-21
775.2164227722772 1.173102708538886e-21
775.3151419541954 1.1730141150848654e-21
775.4138611361135 1.172925538534236e-21
775.5125803180317 1.1728369788815068e-21
775.61129949995 1.172748436121189e-21
775.7100186818682 1.1726599102477945e-21
775.8087378637863 1.1725714012558416e-21
775.9074570457045 1.172482909139847e-21
776.0061762276227 1.1723944338943333e-21
776.1048954095409 1.1723059755138235e-21
776.2036145914591 1.1722175339928444e-21
776.3023337733773 1.1721291093259248e-21
776.4010529552954 1.1720407015075966e-21
776.4997721372137 1.1719523105323933e-21
776.5984913191319 1.1718639363948524e-21
776.69721050105 1.1717755790895126e-21
776.7959296829682 1.1716872386109161e-21
776.8946488648864 1.171598914953607e-21
776.9933680468046 1.1715106081121326e-21
777.0920872287228 1.1714223180810415e-21
777.190806410641 1.1713340448548863e-21
777.2895255925592 1.1712457884282225e-21
777.3882447744774 1.1711575487956068e-21
777.4869639563956 1.171069325951599e-21
777.5856831383138 1.1709811198907606e-21
777.6844023202319 1.1708929306076581e-21
777.7831215021502 1.1708047580968574e-21
777.8818406840684 1.1707166023529293e-21
777.9805598659865 1.1706284633704462e-21
778.0792790479047 1.1705403411439826e-21
778.177998229823 1.170452235668117e-21
778.2767174117411 1.17036414693743e-21
778.3754365936593 1.1702760749465023e-21
778.4741557755775 1.1701880196899211e-21
778.5728749574957 1.170099981162273e-21
778.6715941394139 1.1700119593581495e-21
778.7703133213321 1.1699239542721428e-21
778.8690325032503 1.1698359658988479e-21
778.9677516851684 1.1697479942328637e-21
779.0664708670867 1.1696600392687898e-21
779.1651900490049 1.1695721010012299e-21
779.263909230923 1.1694841794247892e-21
779.3626284128412 1.1693962745340755e-21
779.4613475947594 1.1693083863236991e-21
779.5600667766776 1.169220514788275e-21
779.6587859585958 1.1691326599224164e-21
779.757505140514 1.1690448217207436e-21
779.8562243224321 1.1689570001778763e-21
779.9549435043504 1.168869195288437e-21
780.0536626862686 1.1687814070470523e-21
780.1523818681868 1.1686936354483499e-21
780.2511010501049 1.168605880486961e-21
780.3498202320231 1.168518142157519e-21
780.4485394139414 1.1684304204546583e-21
780.5472585958595 1.1683427153730202e-21
780.6459777777777 1.168255026907241e-21
780.744696959696 1.1681673550519685e-21
780.8434161416141 1.1680796998018464e-21
780.9421353235323 1.1679920611515224e-21
781.0408545054505 1.167904439095648e-21
781.1395736873686 1.1678168336288766e-21
781.2382928692869 1.1677292447458641e-21
781.3370120512051 1.1676416724412679e-21
781.4357312331232 1.1675541167097496e-21
781.5344504150414 1.1674665775459724e-21
781.6331695969596 1.1673790549446022e-21
781.7318887788779 1.1672915489003067e-21
781.830607960796 1.167204059407757e-21
781.9293271427142 1.1671165864616269e-21
782.0280463246324 1.1670291300565907e-21
782.1267655065506 1.1669416901873275e-21
782.2254846884688 1.166854266848518e-21
782.324203870387 1.1667668600348458e-21
782.4229230523051 1.166679469740995e-21
782.5216422342233 1.1665920959616554e-21
782.6203614161416 1.1665047386915169e-21
782.7190805980597 1.166417397925272e-21
782.8177997799779 1.1663300736576172e-21
782.9165189618961 1.1662427658832506e-21
783.0152381438144 1.1661554745968714e-21
783.1139573257325 1.1660681997931841e-21
783.2126765076507 1.1659809414668926e-21
783.3113956895689 1.1658936996127064e-21
783.410114871487 1.165806474225335e-21
783.5088340534053 1.165719265299491e-21
783.6075532353235 1.1656320728298905e-21
783.7062724172416 1.1655448968112499e-21
783.8049915991598 1.1654577372382903e-21
783.9037107810781 1.165370594105735e-21
784.0024299629962 1.165283467408308e-21
784.1011491449144 1.165196357140737e-21
784.1998683268326 1.1651092632977524e-21
784.2985875087508 1.1650221858740863e-21
784.397306690669 1.1649351248644736e-21
784.4960258725872 1.164848080263652e-21
784.5947450545054 1.1647610520663623e-21
784.6934642364236 1.1646740402673441e-21
784.7921834183418 1.1645870448613446e-21
784.89090260026 1.1645000658431095e-21
784.9896217821781 1.1644131032073888e-21
785.0883409640963 1.1643261569489354e-21
785.1870601460146 1.1642392270625015e-21
785.2857793279327 1.164152313542847e-21
785.3844985098509 1.1640654163847283e-21
785.4832176917691 1.1639785355829088e-21
785.5819368736873 1.1638916711321533e-21
785.6806560556055 1.1638048230272265e-21
785.7793752375237 1.1637179912628986e-21
785.8780944194419 1.1636311758339414e-21
785.97681360136 1.163544376735127e-21
786.0755327832783 1.1634575939612342e-21
786.1742519651965 1.1633708275070401e-21
786.2729711471146 1.163284077367327e-21
786.3716903290328 1.1631973435368766e-21
786.4704095109511 1.1631106260104767e-21
786.5691286928692 1.1630239247829155e-21
786.6678478747874 1.162937239848983e-21
786.7665670567056 1.1628505712034728e-21
786.8652862386238 1.1627639188411811e-21
786.964005420542 1.162677282756905e-21
787.0627246024602 1.1625906629454457e-21
787.1614437843783 1.162504059401606e-21
787.2601629662965 1.162417472120191e-21
787.3588821482148 1.1623309010960082e-21
787.457601330133 1.1622443463238676e-21
787.5563205120511 1.1621578077985836e-21
787.6550396939693 1.1620712855149677e-21
787.7537588758876 1.1619847794678402e-21
787.8524780578057 1.1618982896520197e-21
787.9511972397239 1.1618118160623278e-21
788.0499164216421 1.1617253586935897e-21
788.1486356035603 1.1616389175406311e-21
788.2473547854785 1.1615524925982832e-21
788.3460739673967 1.1614660838613761e-21
788.4447931493148 1.1613796913247448e-21
788.543512331233 1.1612933149832243e-21
788.6422315131513 1.1612069548316555e-21
788.7409506950694 1.1611206108648778e-21
788.8396698769876 1.1610342830777359e-21
788.9383890589058 1.160947971465075e-21
789.0371082408241 1.1608616760217441e-21
789.1358274227422 1.1607753967425936e-21
789.2345466046604 1.1606891336224764e-21
789.3332657865786 1.1606028866562484e-21
789.4319849684967 1.1605166558387672e-21
789.530704150415 1.1604304411648934e-21
789.6294233323332 1.160344242629489e-21
789.7281425142513 1.1602580602274193e-21
789.8268616961695 1.1601718939535519e-21
789.9255808780878 1.1600857438027554e-21
790.0243000600059 1.1599996097699027e-21
790.1230192419241 1.159913491849869e-21
790.2217384238423 1.1598273900375291e-21
790.3204576057606 1.1597413043277644e-21
790.4191767876787 1.1596552347154541e-21
790.5178959695969 1.1595691811954839e-21
790.6166151515151 1.1594831437627397e-21
790.7153343334332 1.1593971224121098e-21
790.8140535153515 1.159311117138484e-21
790.9127726972697 1.1592251279367576e-21
791.0114918791878 1.1591391548018254e-21
791.110211061106 1.1590531977285851e-21
791.2089302430243 1.1589672567119377e-21
791.3076494249424 1.158881331746784e-21
791.4063686068606 1.1587954228280323e-21
791.5050877887788 1.1587095299505865e-21
791.603806970697 1.1586236531093587e-21
791.7025261526152 1.1585377922992604e-21
791.8012453345334 1.1584519475152054e-21
791.8999645164516 1.1583661187521105e-21
791.9986836983697 1.1582803060048949e-21
792.097402880288 1.1581945092684809e-21
792.1961220622062 1.158108728537791e-21
792.2948412441243 1.158022963807752e-21
792.3935604260425 1.1579372150732922e-21
792.4922796079608 1.1578514823293417e-21
792.5909987898789 1.1577657655708346e-21
792.6897179717971 1.1576800647927053e-21
792.7884371537153 1.157594379989892e-21
792.8871563356334 1.1575087111573348e-21
792.9858755175517 1.1574230582899763e-21
793.0845946994699 1.1573374213827598e-21
793.1833138813881 1.1572518004306338e-21
793.2820330633062 1.1571661954285471e-21
793.3807522452245 1.157080606371451e-21
793.4794714271427 1.1569950332543004e-21
793.5781906090608 1.1569094760720503e-21
793.676909790979 1.1568239348196598e-21
793.7756289728973 1.1567384094920903e-21
793.8743481548154 1.1566529000843042e-21
793.9730673367336 1.1565674065912676e-21
794.0717865186518 1.1564819290079481e-21
794.17050570057 1.1563964673293163e-21
794.2692248824882 1.1563110215503433e-21
794.3679440644064 1.1562255916660047e-21
794.4666632463245 1.1561401776712777e-21
794.5653824282427 1.156054779561141e-21
794.664101610161 1.1559693973305767e-21
794.7628207920792 1.1558840309745688e-21
794.8615399739973 1.1557986804881028e-21
794.9602591559155 1.1557133458661684e-21
795.0589783378338 1.1556280271037556e-21
795.1576975197519 1.1555427241958573e-21
795.2564167016701 1.1554574371374687e-21
795.3551358835883 1.1553721659235894e-21
795.4538550655064 1.1552869105492167e-21
795.5525742474247 1.1552016710093548e-21
795.6512934293429 1.1551164472990072e-21
795.750012611261 1.1550312394131807e-21
795.8487317931792 1.1549460473468854e-21
795.9474509750975 1.1548608710951317e-21
796.0461701570156 1.1547757106529331e-21
796.1448893389338 1.1546905660153062e-21
796.243608520852 1.1546054371772695e-21
796.3423277027703 1.1545203241338416e-21
796.4410468846884 1.1544352268800476e-21
796.5397660666066 1.154350145410912e-21
796.6384852485248 1.154265079721461e-21
796.737204430443 1.154180029806726e-21
796.8359236123612 1.1540949956617358e-21
796.9346427942794 1.1540099772815274e-21
797.0333619761975 1.153924974661136e-21
797.1320811581157 1.1538399877956e-21
797.230800340034 1.1537550166799616e-21
797.3295195219521 1.1536700613092629e-21
797.4282387038703 1.1535851216785483e-21
797.5269578857885 1.1535001977828679e-21
797.6256770677068 1.1534152896172697e-21
797.7243962496249 1.1533303971768074e-21
797.8231154315431 1.1532455204565333e-21
797.9218346134613 1.1531606594515068e-21
798.0205537953794 1.1530758141567847e-21
798.1192729772977 1.1529909845674296e-21
798.2179921592159 1.1529061706785034e-21
798.316711341134 1.1528213724850732e-21
798.4154305230522 1.1527365899822066e-21
798.5141497049705 1.1526518231649731e-21
798.6128688868886 1.1525670720284465e-21
798.7115880688068 1.1524823365677002e-21
798.810307250725 1.152397616777812e-21
798.9090264326431 1.1523129126538606e-21
799.0077456145614 1.1522282241909275e-21
799.1064647964796 1.1521435513840959e-21
799.2051839783978 1.1520588942284526e-21
799.3039031603159 1.1519742527190848e-21
799.4026223422342 1.1518896268510829e-21
799.5013415241524 1.151805016619541e-21
799.6000607060705 1.1517204220195514e-21
799.6987798879887 1.1516358430462129e-21
799.797499069907 1.151551279694625e-21
799.8962182518251 1.1514667319598881e-21
799.9949374337433 1.1513821998371057e-21
800.0936566156615 1.1512976833213847e-21
800.1923757975796 1.1512131824078323e-21
800.2910949794979 1.1511286970915601e-21
800.3898141614161 1.1510442273676802e-21
800.4885333433343 1.1509597732313065e-21
800.5872525252524 1.1508753346775575e-21
800.6859717071707 1.150790911701551e-21
800.7846908890889 1.1507065042984098e-21
800.883410071007 1.1506221124632576e-21
800.9821292529252 1.150537736191218e-21
801.0808484348435 1.1504533754774219e-21
801.1795676167616 1.1503690303169985e-21
801.2782867986798 1.1502847007050802e-21
801.377005980598 1.1502003866368015e-21
801.4757251625161 1.1501160881072994e-21
801.5744443444344 1.1500318051117134e-21
801.6731635263526 1.1499475376451855e-21
801.7718827082707 1.149863285702857e-21
801.8706018901889 1.1497790492798754e-21
801.9693210721072 1.1496948283713886e-21
802.0680402540254 1.1496106229725463e-21
802.1667594359435 1.1495264330785015e-21
802.2654786178617 1.1494422586844078e-21
802.36419779978 1.1493580997854216e-21
802.4629169816981 1.149273956376703e-21
802.5616361636163 1.1491898284534125e-21
802.6603553455345 1.149105716010713e-21
802.7590745274526 1.1490216190437713e-21
802.8577937093709 1.1489375375477536e-21
802.9565128912891 1.1488534715178305e-21
803.0552320732072 1.1487694209491737e-21
803.1539512551254 1.1486853858369576e-21
803.2526704370437 1.1486013661763587e-21
803.3513896189618 1.148517361962555e-21
803.45010880088 1.1484333731907276e-21
803.5488279827982 1.1483493998560605e-21
803.6475471647165 1.148265441953737e-21
803.7462663466346 1.1481814994789448e-21
803.8449855285528 1.1480975724268745e-21
803.943704710471 1.148013660792716e-21
804.0424238923891 1.1479297645716657e-21
804.1411430743074 1.1478458837589164e-21
804.2398622562256 1.147762018349668e-21
804.3385814381437 1.147678168339121e-21
804.4373006200619 1.1475943337224774e-21
804.5360198019802 1.1475105144949415e-21
804.6347389838983 1.1474267106517207e-21
804.7334581658165 1.1473429221880234e-21
804.8321773477347 1.1472591490990608e-21
804.930896529653 1.1471753913800473e-21
805.0296157115711 1.1470916490261976e-21
805.1283348934893 1.1470079220327283e-21
805.2270540754075 1.1469242103948606e-21
805.3257732573256 1.1468405141078152e-21
805.4244924392439 1.146756833166817e-21
805.5232116211621 1.1466731675670922e-21
805.6219308030802 1.1465895173038683e-21
805.7206499849984 1.1465058823723774e-21
805.8193691669167 1.1464222627678499e-21
805.9180883488348 1.1463386584855225e-21
806.016807530753 1.1462550695206321e-21
806.1155267126712 1.1461714958684169e-21
806.2142458945893 1.1460879375241184e-21
806.3129650765076 1.1460043944829797e-21
806.4116842584258 1.1459208667402474e-21
806.510403440344 1.1458373542911683e-21
806.6091226222621 1.1457538571309917e-21
806.7078418041804 1.1456703752549708e-21
806.8065609860986 1.145586908658358e-21
806.9052801680167 1.1455034573364116e-21
807.0039993499349 1.145420021284388e-21
807.1027185318532 1.145336600497549e-21
807.2014377137713 1.1452531949711564e-21
807.3001568956895 1.1451698047004762e-21
807.3988760776077 1.1450864296807727e-21
807.4975952595258 1.1450030699073176e-21
807.5963144414441 1.1449197253753812e-21
807.6950336233623 1.1448363960802353e-21
807.7937528052805 1.1447530820171566e-21
807.8924719871986 1.1446697831814222e-21
807.9911911691169 1.144586499568312e-21
808.0899103510351 1.1445032311731076e-21
808.1886295329532 1.1444199779910928e-21
808.2873487148714 1.1443367400175522e-21
808.3860678967897 1.144253517247777e-21
808.4847870787078 1.1441703096770544e-21
808.583506260626 1.1440871173006782e-21
808.6822254425442 1.144003940113942e-21
808.7809446244623 1.143920778112143e-21
808.8796638063806 1.1438376312905795e-21
808.9783829882988 1.1437544996445512e-21
809.0771021702169 1.1436713831693634e-21
809.1758213521351 1.1435882818603184e-21
809.2745405340534 1.1435051957127256e-21
809.3732597159716 1.143422124721892e-21
809.4719788978897 1.14333906888313e-21
809.5706980798079 1.1432560281917523e-21
809.6694172617262 1.1431730026430754e-21
809.7681364436443 1.1430899922324157e-21
809.8668556255625 1.1430069969550938e-21
809.9655748074807 1.1429240168064306e-21
810.0642939893988 1.1428410517817503e-21
810.1630131713171 1.1427581018763792e-21
810.2617323532353 1.1426751670856439e-21
810.3604515351534 1.1425922474048758e-21
810.4591707170716 1.1425093428294077e-21
810.5578898989899 1.142426453354572e-21
810.656609080908 1.1423435789757064e-21
810.7553282628262 1.142260719688149e-21
810.8540474447444 1.14217787548724e-21
810.9527666266627 1.1420950463683224e-21
811.0514858085808 1.142012232326741e-21
811.150204990499 1.1419294333578415e-21
811.2489241724172 1.1418466494569746e-21
811.3476433543353 1.14176388061949e-21
811.4463625362536 1.1416811268407404e-21
811.5450817181718 1.1415983881160817e-21
811.6438009000899 1.1415156644408706e-21
811.7425200820081 1.141432955810467e-21
811.8412392639264 1.1413502622202306e-21
811.9399584458445 1.1412675836655268e-21
812.0386776277627 1.1411849201417202e-21
812.1373968096809 1.1411022716441775e-21
812.2361159915991 1.1410196381682697e-21
812.3348351735173 1.140937019709367e-21
812.4335543554355 1.140854416262844e-21
812.5322735373537 1.1407718278240768e-21
812.6309927192718 1.1406892543884427e-21
812.7297119011901 1.1406066959513206e-21
812.8284310831083 1.140524152508094e-21
812.9271502650264 1.1404416240541462e-21
813.0258694469446 1.1403591105848638e-21
813.1245886288629 1.1402766120956343e-21
813.223307810781 1.140194128581848e-21
813.3220269926992 1.1401116600388978e-21
813.4207461746174 1.1400292064621766e-21
813.5194653565355 1.139946767847082e-21
813.6181845384538 1.1398643441890122e-21
813.716903720372 1.1397819354833668e-21
813.8156229022902 1.139699541725549e-21
813.9143420842083 1.139617162910963e-21
814.0130612661266 1.1395347990350164e-21
814.1117804480448 1.1394524500931157e-21
814.2104996299629 1.139370116080674e-21
814.3092188118811 1.1392877969931016e-21
814.4079379937994 1.1392054928258152e-21
814.5066571757175 1.1391232035742306e-21
814.6053763576357 1.139040929233767e-21
814.7040955395539 1.1389586697998448e-21
814.802814721472 1.1388764252678874e-21
814.9015339033903 1.138794195633319e-21
815.0002530853085 1.1387119808915674e-21
815.0989722672267 1.1386297810380612e-21
815.1976914491448 1.1385475960682314e-21
815.296410631063 1.1384654259775105e-21
815.3951298129813 1.1383832707613348e-21
815.4938489948994 1.1383011304151406e-21
815.5925681768176 1.1382190049343676e-21
815.6912873587358 1.1381368943144557e-21
815.790006540654 1.1380547985508492e-21
815.8887257225722 1.137972717638993e-21
815.9874449044904 1.1378906515743344e-21
816.0861640864085 1.137808600352323e-21
816.1848832683268 1.1377265639684085e-21
816.283602450245 1.1376445424180458e-21
816.3823216321631 1.13756253569669e-21
816.4810408140813 1.1374805437997975e-21
816.5797599959996 1.1373985667228281e-21
816.6784791779178 1.137316604461244e-21
816.7771983598359 1.1372346570105072e-21
816.8759175417541 1.137152724366084e-21
816.9746367236723 1.1370708065234402e-21
817.0733559055905 1.1369889034780473e-21
817.1720750875087 1.1369070152253752e-21
817.2707942694269 1.136825141760899e-21
817.369513451345 1.1367432830800917e-21
817.4682326332633 1.1366614391784326e-21
817.5669518151815 1.1365796100513997e-21
817.6656709970996 1.1364977956944759e-21
817.7643901790178 1.1364159961031424e-21
817.863109360936 1.1363342112728868e-21
817.9618285428542 1.1362524411991958e-21
818.0605477247724 1.136170685877559e-21
818.1592669066906 1.136088945303467e-21
818.2579860886088 1.136007219472413e-21
818.356705270527 1.1359255083798943e-21
818.4554244524452 1.1358438120214056e-21
818.5541436343634 1.1357621303924482e-21
818.6528628162815 1.1356804634885226e-21
818.7515819981998 1.1355988113051326e-21
818.850301180118 1.1355171738377832e-21
818.9490203620361 1.1354355510819819e-21
819.0477395439543 1.1353539430332374e-21
819.1464587258725 1.1352723496870617e-21
819.2451779077907 1.1351907710389682e-21
819.3438970897089 1.1351092070844713e-21
819.4426162716271 1.135027657819089e-21
819.5413354535453 1.13494612323834e-21
819.6400546354635 1.1348646033377451e-21
819.7387738173817 1.1347830981128286e-21
819.8374929992999 1.1347016075591142e-21
819.936212181218 1.134620131672131e-21
820.0349313631363 1.134538670447406e-21
820.1336505450545 1.134457223880471e-21
820.2323697269726 1.1343757919668598e-21
820.3310889088908 1.1342943747021058e-21
820.429808090809 1.1342129720817473e-21
820.5285272727272 1.134131584101323e-21
820.6272464546454 1.134050210756374e-21
820.7259656365636 1.1339688520424414e-21
820.8246848184817 1.1338875079550728e-21
820.9234040004 1.1338061784898125e-21
821.0221231823182 1.1337248636422103e-21
821.1208423642364 1.133643563407818e-21
821.2195615461545 1.133562277782185e-21
821.3182807280728 1.1334810067608697e-21
821.416999909991 1.1333997503394264e-21
821.5157190919091 1.1333185085134146e-21
821.6144382738273 1.1332372812783945e-21
821.7131574557455 1.1331560686299282e-21
821.8118766376637 1.1330748705635803e-21
821.9105958195819 1.1329936870749175e-21
822.0093150015001 1.1329125181595075e-21
822.1080341834182 1.1328313638129217e-21
822.2067533653365 1.1327502240307306e-21
822.3054725472547 1.132669098808509e-21
822.4041917291729 1.1325879881418332e-21
822.502910911091 1.1325068920262824e-21
822.6016300930092 1.1324258104574344e-21
822.7003492749275 1.1323447434308722e-21
822.7990684568456 1.13226369094218e-21
822.8977876387638 1.1321826529869429e-21
822.996506820682 1.1321016295607485e-21
823.0952260026002 1.132020620659188e-21
823.1939451845184 1.1319396262778508e-21
823.2926643664366 1.1318586464123318e-21
823.3913835483547 1.1317776810582266e-21
823.490102730273 1.1316967302111317e-21
823.5888219121912 1.1316157938666478e-21
823.6875410941093 1.1315348720203747e-21
823.7862602760275 1.1314539646679171e-21
823.8849794579457 1.1313730718048784e-21
823.983698639864 1.1312921934268666e-21
824.0824178217821 1.1312113295294911e-21
824.1811370037003 1.1311304801083628e-21
824.2798561856185 1.1310496451590934e-21
824.3785753675367 1.1309688246772991e-21
824.4772945494549 1.1308880186585957e-21
824.5760137313731 1.1308072270986022e-21
824.6747329132912 1.1307264499929385e-21
824.7734520952094 1.1306456873372277e-21
824.8721712771277 1.1305649391270938e-21
824.9708904590458 1.1304842053581637e-21
825.069609640964 1.1304034860260648e-21
825.1683288228822 1.1303227811264276e-21
825.2670480048005 1.1302420906548844e-21
825.3657671867186 1.1301614146070692e-21
825.4644863686368 1.1300807529786163e-21
825.563205550555 1.1300001057651654e-21
825.6619247324732 1.1299194729623555e-21
825.7606439143914 1.1298388545658283e-21
825.8593630963096 1.1297582505712267e-21
825.9580822782277 1.1296776609741964e-21
826.056801460146 1.1295970857703846e-21
826.1555206420642 1.1295165249554423e-21
826.2542398239823 1.1294359785250175e-21
826.3529590059005 1.129355446474765e-21
826.4516781878187 1.1292749288003389e-21
826.5503973697369 1.1291944254973977e-21
826.6491165516551 1.129113936561598e-21
826.7478357335733 1.1290334619886013e-21
826.8465549154915 1.1289530017740705e-21
826.9452740974097 1.1288725559136698e-21
827.0439932793279 1.1287921244030646e-21
827.1427124612461 1.1287117072379239e-21
827.2414316431642 1.128631304413918e-21
827.3401508250824 1.128550915926718e-21
827.4388700070007 1.1284705417719987e-21
827.5375891889188 1.1283901819454349e-21
827.636308370837 1.1283098364427046e-21
827.7350275527552 1.128229505259488e-21
827.8337467346734 1.1281491883914661e-21
827.9324659165916 1.128068885834321e-21
828.0311850985098 1.1279885975837387e-21
828.1299042804279 1.1279083236354068e-21
828.2286234623461 1.127828063985014e-21
828.3273426442644 1.1277478186282501e-21
828.4260618261826 1.127667587560809e-21
828.5247810081007 1.1275873707783848e-21
828.623500190019 1.1275071682766746e-21
828.7222193719372 1.127426980051375e-21
828.8209385538553 1.1273468060981875e-21
828.9196577357735 1.1272666464128142e-21
829.0183769176917 1.1271865009909582e-21
829.1170960996099 1.1271063698283259e-21
829.2158152815281 1.1270262529206251e-21
829.3145344634463 1.1269461502635647e-21
829.4132536453644 1.1268660618528563e-21
829.5119728272826 1.1267859876842139e-21
829.6106920092009 1.126705927753352e-21
829.7094111911191 1.1266258820559875e-21
829.8081303730372 1.1265458505878397e-21
829.9068495549554 1.126465833344629e-21
830.0055687368737 1.1263858303220778e-21
830.1042879187918 1.1263058415159112e-21
830.20300710071 1.1262258669218552e-21
830.3017262826282 1.1261459065356374e-21
830.4004454645464 1.126065960352989e-21
830.4991646464646 1.125986028369641e-21
830.5978838283828 1.1259061105813267e-21
830.6966030103009 1.1258262069837824e-21
830.7953221922191 1.1257463175727457e-21
830.8940413741374 1.1256664423439553e-21
830.9927605560555 1.1255865812931535e-21
831.0914797379737 1.1255067344160816e-21
831.1901989198919 1.1254269017084852e-21
831.2889181018102 1.1253470831661112e-21
831.3876372837283 1.1252672787847085e-21
831.4863564656465 1.1251874885600265e-21
831.5850756475647 1.125107712487818e-21
831.6837948294828 1.1250279505638368e-21
831.7825140114011 1.1249482027838389e-21
831.8812331933193 1.1248684691435824e-21
831.9799523752374 1.124788749638827e-21
832.0786715571556 1.124709044265333e-21
832.1773907390739 1.1246293530188638e-21
832.276109920992 1.1245496758951858e-21
832.3748291029102 1.124470012890066e-21
832.4735482848284 1.1243903639992716e-21
832.5722674667467 1.1243107292185733e-21
832.6709866486648 1.1242311085437455e-21
832.769705830583 1.1241515019705605e-21
832.8684250125012 1.1240719094947947e-21
832.9671441944193 1.123992331112227e-21
833.0658633763376 1.1239127668186362e-21
833.1645825582558 1.1238332166098044e-21
833.2633017401739 1.123753680481515e-21
833.3620209220921 1.1236741584295532e-21
833.4607401040104 1.1235946504497054e-21
833.5594592859285 1.1235151565377613e-21
833.6581784678467 1.1234356766895112e-21
833.7568976497649 1.1233562109007478e-21
833.855616831683 1.1232767591672655e-21
833.9543360136013 1.1231973214848603e-21
834.0530551955195 1.1231178978493302e-21
834.1517743774377 1.1230384882564753e-21
834.2504935593558 1.1229590927020967e-21
834.3492127412741 1.122879711181998e-21
834.4479319231923 1.1228003436919847e-21
834.5466511051104 1.1227209902278636e-21
834.6453702870286 1.1226416507854443e-21
834.7440894689469 1.1225623253605355e-21
834.842808650865 1.1224830139489524e-21
834.9415278327832 1.1224037165465071e-21
835.0402470147014 1.122324433149017e-21
835.1389661966195 1.122245163752299e-21
835.2376853785378 1.1221659083521732e-21
835.336404560456 1.122086666944462e-21
835.4351237423741 1.1220074395249876e-21
835.5338429242923 1.1219282260895754e-21
835.6325621062106 1.1218490266340526e-21
835.7312812881288 1.1217698411542474e-21
835.8300004700469 1.1216906696459913e-21
835.9287196519651 1.121611512105116e-21
836.0274388338834 1.1215323685274552e-21
836.1261580158015 1.1214532389088456e-21
836.2248771977197 1.121374123245125e-21
836.3235963796379 1.1212950215321317e-21
836.422315561556 1.121215933765708e-21
836.5210347434743 1.1211368599416966e-21
836.6197539253925 1.1210578000559426e-21
836.7184731073106 1.120978754104293e-21
836.8171922892288 1.1208997220825962e-21
836.9159114711471 1.1208207039867017e-21
837.0146306530653 1.1207416998124617e-21
837.1133498349834 1.1206627095557307e-21
837.2120690169016 1.1205837332123642e-21
837.3107881988199 1.1205047707782193e-21
837.409507380738 1.1204258222491547e-21
837.5082265626562 1.1203468876210324e-21
837.6069457445744 1.1202679668897143e-21
837.7056649264925 1.1201890600510658e-21
837.8043841084108 1.1201101671009523e-21
837.903103290329 1.1200312880352418e-21
838.0018224722471 1.1199524228498052e-21
838.1005416541653 1.1198735715405134e-21
838.1992608360836 1.11979473410324e-21
838.2979800180017 1.1197159105338595e-21
838.3966991999199 1.1196371008282496e-21
838.4954183818381 1.1195583049822895e-21
838.5941375637564 1.1194795229918581e-21
838.6928567456745 1.1194007548528397e-21
838.7915759275927 1.1193220005611166e-21
838.8902951095109 1.1192432601125753e-21
838.989014291429 1.1191645335031038e-21
839.0877334733473 1.1190858207285903e-21
839.1864526552655 1.119007121784928e-21
839.2851718371836 1.118928436668007e-21
839.3838910191018 1.118849765373724e-21
839.4826102010201 1.118771107897974e-21
839.5813293829382 1.1186924642366564e-21
839.6800485648564 1.1186138343856695e-21
839.7787677467746 1.118535218340917e-21
839.8774869286929 1.1184566160983012e-21
839.976206110611 1.1183780276537268e-21
840.0749252925292 1.1182994530031022e-21
840.1736444744474 1.1182208921423354e-21
840.2723636563655 1.1181423450673357e-21
840.3710828382838 1.1180638117740172e-21
840.469802020202 1.1179852922582923e-21
840.5685212021201 1.1179067865160775e-21
840.6672403840383 1.1178282945432906e-21
840.7659595659566 1.1177498163358493e-21
840.8646787478747 1.1176713518896762e-21
840.9633979297929 1.1175929012006934e-21
841.0621171117111 1.1175144642648257e-21
841.1608362936292 1.1174360410779984e-21
841.2595554755475 1.1173576316361397e-21
841.3582746574657 1.1172792359351802e-21
841.4569938393839 1.11720085397105e-21
841.555713021302 1.1171224857396835e-21
841.6544322032203 1.117044131237014e-21
841.7531513851385 1.1169657904589798e-21
841.8518705670566 1.1168874634015189e-21
841.9505897489748 1.1168091500605701e-21
842.0493089308931 1.1167308504320775e-21
842.1480281128112 1.1166525645119827e-21
842.2467472947294 1.116574292296232e-21
842.3454664766476 1.1164960337807716e-21
842.4441856585657 1.1164177889615519e-21
842.542904840484 1.1163395578345217e-21
842.6416240224022 1.1162613403956337e-21
842.7403432043203 1.116183136640843e-21
842.8390623862385 1.1161049465661042e-21
842.9377815681568 1.1160267701673748e-21
843.036500750075 1.1159486074406146e-21
843.1352199319931 1.1158704583817835e-21
843.2339391139113 1.1157923229868444e-21
843.3326582958296 1.1157142012517625e-21
843.4313774777477 1.1156360931725028e-21
843.5300966596659 1.1155579987450334e-21
843.6288158415841 1.1154799179653246e-21
843.7275350235022 1.1154018508293463e-21
843.8262542054205 1.1153237973330726e-21
843.9249733873387 1.1152457574724768e-21
844.0236925692568 1.1151677312435365e-21
844.122411751175 1.1150897186422293e-21
844.2211309330933 1.1150117196645357e-21
844.3198501150115 1.114933734306435e-21
844.4185692969296 1.1148557625639135e-21
844.5172884788478 1.1147778044329532e-21
844.6160076607661 1.1146998599095433e-21
844.7147268426842 1.1146219289896705e-21
844.8134460246024 1.1145440116693257e-21
844.9121652065206 1.1144661079445004e-21
845.0108843884387 1.1143882178111873e-21
845.109603570357 1.1143103412653832e-21
845.2083227522752 1.1142324783030837e-21
845.3070419341933 1.1141546289202881e-21
845.4057611161115 1.114076793112996e-21
845.5044802980298 1.1139989708772098e-21
845.6031994799479 1.1139211622089336e-21
845.7019186618661 1.1138433671041729e-21
845.8006378437843 1.1137655855589338e-21
845.8993570257026 1.1136878175692252e-21
845.9980762076207 1.1136100631310585e-21
846.0967953895389 1.1135323222404459e-21
846.1955145714571 1.1134545948934006e-21
846.2942337533752 1.1133768810859376e-21
846.3929529352935 1.1132991808140755e-21
846.4916721172117 1.1132214940738333e-21
846.5903912991298 1.1131438208612308e-21
846.689110481048 1.1130661611722897e-21
846.7878296629663 1.1129885150030365e-21
846.8865488448844 1.1129108823494948e-21
846.9852680268026 1.1128332632076926e-21
847.0839872087208 1.1127556575736595e-21
847.182706390639 1.1126780654434255e-21
847.2814255725572 1.1126004868130237e-21
847.3801447544754 1.1125229216784876e-21
847.4788639363936 1.1124453700358536e-21
847.5775831183117 1.11236783188116e-21
847.67630230023 1.1122903072104441e-21
847.7750214821482 1.1122127960197483e-21
847.8737406640663 1.1121352983051144e-21
847.9724598459845 1.1120578140625876e-21
848.0711790279028 1.111980343288212e-21
848.1698982098209 1.1119028859780374e-21
848.2686173917391 1.1118254421281114e-21
848.3673365736573 1.1117480117344858e-21
848.4660557555754 1.1116705947932131e-21
848.5647749374937 1.1115931913003473e-21
848.6634941194119 1.111515801251945e-21
848.7622133013301 1.1114384246440635e-21
848.8609324832482 1.111361061472762e-21
848.9596516651665 1.1112837117341006e-21
849.0583708470847 1.1112063754241444e-21
849.1570900290028 1.1111290525389555e-21
849.255809210921 1.1110517430745997e-21
849.3545283928393 1.110974447027147e-21
849.4532475747574 1.1108971643926646e-21
849.5519667566756 1.1108198951672242e-21
849.6506859385938 1.1107426393468985e-21
849.7494051205119 1.1106653969277615e-21
849.8481243024302 1.1105881679058898e-21
849.9468434843484 1.1105109522773592e-21
850.0455626662665 1.1104337500382517e-21
850.1442818481847 1.1103565611846463e-21
850.243001030103 1.110279385712627e-21
850.3417202120212 1.110202223618276e-21
850.4404393939393 1.1101250748976818e-21
850.5391585758575 1.1100479395469293e-21
850.6378777577758 1.1099708175621096e-21
850.7365969396939 1.109893708939313e-21
850.8353161216121 1.1098166136746325e-21
850.9340353035303 1.1097395317641608e-21
851.0327544854484 1.109662463203995e-21
851.1314736673667 1.1095854079902324e-21
851.2301928492849 1.1095083661189723e-21
851.328912031203 1.1094313375863155e-21
851.4276312131212 1.1093543223883627e-21
851.5263503950395 1.1092773205212204e-21
851.6250695769577 1.1092003319809921e-21
851.7237887588758 1.1091233567637879e-21
851.822507940794 1.1090463948657139e-21
851.9212271227123 1.1089694462828823e-21
852.0199463046304 1.1088925110114055e-21
852.1186654865486 1.1088155890473957e-21
852.2173846684668 1.1087386803869709e-21
852.3161038503849 1.1086617850262466e-21
852.4148230323032 1.1085849029613423e-21
852.5135422142214 1.1085080341883777e-21
852.6122613961395 1.108431178703476e-21
852.7109805780577 1.1083543365027595e-21
852.809699759976 1.1082775075823549e-21
852.9084189418941 1.1082006919383895e-21
853.0071381238123 1.1081238895669905e-21
853.1058573057305 1.1080471004642889e-21
853.2045764876488 1.1079703246264158e-21
853.3032956695669 1.1078935620495055e-21
853.4020148514851 1.1078168127296935e-21
853.5007340334033 1.107740076663116e-21
853.5994532153214 1.1076633538459107e-21
853.6981723972397 1.1075866442742187e-21
853.7968915791579 1.107509947944182e-21
853.895610761076 1.107433264851943e-21
853.9943299429942 1.1073565949936459e-21
854.0930491249125 1.1072799383654387e-21
854.1917683068306 1.107203294963469e-21
854.2904874887488 1.1071266647838864e-21
854.389206670667 1.1070500478228416e-21
854.4879258525852 1.106973444076489e-21
854.5866450345034 1.1068968535409821e-21
854.6853642164216 1.1068202762124772e-21
854.7840833983398 1.1067437120871332e-21
854.8828025802579 1.106667161161108e-21
854.9815217621762 1.106590623430564e-21
855.0802409440944 1.1065140988916629e-21
855.1789601260125 1.1064375875405698e-21
855.2776793079307 1.1063610893734503e-21
855.376398489849 1.1062846043864709e-21
855.4751176717671 1.106208132575802e-21
855.5738368536853 1.1061316739376138e-21
855.6725560356035 1.1060552284680787e-21
855.7712752175216 1.1059787961633713e-21
855.8699943994399 1.1059023770196656e-21
855.9687135813581 1.1058259710331403e-21
856.0674327632763 1.1057495781999732e-21
856.1661519451944 1.1056731985163454e-21
856.2648711271127 1.1055968319784372e-21
856.3635903090309 1.1055204785824342e-21
856.462309490949 1.1054441383245204e-21
856.5610286728672 1.1053678112008834e-21
856.6597478547855 1.1052914972077105e-21
856.7584670367036 1.105215196341192e-21
856.8571862186218 1.1051389085975203e-21
856.95590540054 1.105062633972887e-21
857.0546245824581 1.104986372463488e-21
857.1533437643764 1.1049101240655191e-21
857.2520629462946 1.1048338887751786e-21
857.3507821282127 1.1047576665886656e-21
857.4495013101309 1.104681457502182e-21
857.5482204920492 1.104605261511929e-21
857.6469396739674 1.1045290786141119e-21
857.7456588558855 1.1044529088049367e-21
857.8443780378037 1.1043767520806106e-21
857.943097219722 1.1043006084373424e-21
858.0418164016401 1.104224477871343e-21
858.1405355835583 1.1041483603788253e-21
858.2392547654765 1.1040722559560017e-21
858.3379739473946 1.1039961645990887e-21
858.4366931293129 1.1039200863043026e-21
858.5354123112311 1.1038440210678619e-21
858.6341314931492 1.1037679688859877e-21
858.7328506750674 1.1036919297549007e-21
858.8315698569857 1.1036159036708243e-21
858.9302890389039 1.1035398906299833e-21
859.029008220822 1.103463890628605e-21
859.1277274027402 1.1033879036629174e-21
859.2264465846584 1.103311929729148e-21
859.3251657665766 1.1032359688235306e-21
859.4238849484948 1.1031600209422968e-21
859.522604130413 1.10308408608168e-21
859.6213233123311 1.1030081642379181e-21
859.7200424942494 1.1029322554072465e-21
859.8187616761676 1.1028563595859058e-21
859.9174808580857 1.1027804767701361e-21
860.0162000400039 1.102704606956179e-21
860.1149192219222 1.1026287501402791e-21
860.2136384038403 1.1025529063186816e-21
860.3123575857585 1.102477075487633e-21
860.4110767676767 1.1024012576433814e-21
860.509795949595 1.102325452782177e-21
860.6085151315131 1.102249660900272e-21
860.7072343134313 1.102173881993919e-21
860.8059534953495 1.1020981160593728e-21
860.9046726772676 1.1020223630928896e-21
861.0033918591859 1.1019466230907273e-21
861.1021110411041 1.1018708960491443e-21
861.2008302230222 1.101795181964403e-21
861.2995494049404 1.1017194808327654e-21
861.3982685868586 1.1016437926504954e-21
861.4969877687768 1.1015681174138587e-21
861.595706950695 1.1014924551191219e-21
861.6944261326132 1.1014168057625539e-21
861.7931453145314 1.1013411693404257e-21
861.8918644964496 1.1012655458490085e-21
861.9905836783678 1.1011899352845753e-21
862.089302860286 1.1011143376434019e-21
862.1880220422041 1.101038752921764e-21
862.2867412241224 1.1009631811159402e-21
862.3854604060406 1.1008876222222094e-21
862.4841795879587 1.1008120762368533e-21
862.5828987698769 1.1007365431561539e-21
862.6816179517951 1.1006610229763957e-21
862.7803371337133 1.1005855156938656e-21
862.8790563156315 1.1005100213048486e-21
862.9777754975497 1.1004345398056352e-21
863.0764946794678 1.1003590711925144e-21
863.175213861386 1.10028361546178e-21
863.2739330433043 1.100208172609724e-21
863.3726522252225 1.1001327426326417e-21
863.4713714071406 1.1000573255268294e-21
863.5700905890589 1.0999819212885854e-21
863.6688097709771 1.0999065299142102e-21
863.7675289528952 1.0998311514000039e-21
863.8662481348134 1.0997557857422686e-21
863.9649673167316 1.0996804329373097e-21
864.0636864986498 1.0996050929814328e-21
864.162405680568 1.0995297658709444e-21
864.2611248624862 1.0994544516021535e-21
864.3598440444043 1.0993791501713712e-21
864.4585632263226 1.0993038615749083e-21
864.5572824082408 1.099228585809079e-21
864.6560015901589 1.0991533228701983e-21
864.7547207720771 1.099078072754582e-21
864.8534399539953 1.099002835458548e-21
864.9521591359136 1.0989276109784169e-21
865.0508783178317 1.0988523993105077e-21
865.1495974997499 1.098777200451145e-21
865.2483166816681 1.0987020143966524e-21
865.3470358635863 1.0986268411433552e-21
865.4457550455045 1.09855168068758e-21
865.5444742274227 1.0984765330256557e-21
865.6431934093408 1.0984013981539132e-21
865.741912591259 1.0983262760686836e-21
865.8406317731773 1.0982511667663e-21
865.9393509550954 1.098176070243098e-21
866.0380701370136 1.0981009864954122e-21
866.1367893189318 1.0980259155195812e-21
866.2355085008501 1.097950857311945e-21
866.3342276827682 1.0978758118688432e-21
866.4329468646864 1.0978007791866186e-21
866.5316660466046 1.097725759261615e-21
866.6303852285228 1.0976507520901775e-21
866.729104410441 1.0975757576686535e-21
866.8278235923592 1.0975007759933906e-21
866.9265427742773 1.0974258070607395e-21
867.0252619561955 1.0973508508670502e-21
867.1239811381138 1.0972759074086769e-21
867.2227003200319 1.0972009766819734e-21
867.3214195019501 1.0971260586832954e-21
867.4201386838683 1.0970511534090005e-21
867.5188578657865 1.0969762608554477e-21
867.6175770477047 1.0969013810189974e-21
867.7162962296229 1.0968265138960113e-21
867.8150154115411 1.0967516594828523e-21
867.9137345934593 1.0966768177758872e-21
868.0124537753775 1.0966019887714795e-21
868.1111729572957 1.0965271724659989e-21
868.2098921392138 1.096452368855815e-21
868.308611321132 1.0963775779372974e-21
868.4073305030503 1.0963027997068199e-21
868.5060496849684 1.0962280341607562e-21
868.6047688668866 1.0961532812954804e-21
868.7034880488048 1.0960785411073702e-21
868.802207230723 1.0960038135928045e-21
868.9009264126412 1.0959290987481625e-21
868.9996455945594 1.095854396569825e-21
869.0983647764776 1.0957797070541767e-21
869.1970839583958 1.0957050301975998e-21
869.295803140314 1.0956303659964808e-21
869.3945223222322 1.0955557144472077e-21
869.4932415041503 1.0954810755461694e-21
869.5919606860685 1.095406449289755e-21
869.6906798679868 1.0953318356743573e-21
869.7893990499049 1.095257234696369e-21
869.8881182318231 1.0951826463521849e-21
869.9868374137413 1.0951080706382008e-21
870.0855565956595 1.095033507550816e-21
870.1842757775777 1.0949589570864286e-21
870.2829949594959 1.0948844192414382e-21
870.381714141414 1.0948098940122489e-21
870.4804333233322 1.0947353813952634e-21
870.5791525052505 1.0946608813868871e-21
870.6778716871687 1.0945863939835261e-21
870.7765908690868 1.094511919181589e-21
870.875310051005 1.0944374569774854e-21
870.9740292329233 1.0943630073676251e-21
871.0727484148414 1.0942885703484223e-21
871.1714675967596 1.0942141459162903e-21
871.2701867786778 1.0941397340676436e-21
871.368905960596 1.0940653347989013e-21
871.4676251425142 1.0939909481064801e-21
871.5663443244324 1.0939165739867992e-21
871.6650635063505 1.0938422124362818e-21
871.7637826882687 1.0937678634513502e-21
871.862501870187 1.0936935270284278e-21
871.9612210521051 1.0936192031639412e-21
872.0599402340233 1.0935448918543167e-21
872.1586594159415 1.0934705930959841e-21
872.2573785978598 1.0933963068853729e-21
872.3560977797779 1.0933220332189151e-21
872.4548169616961 1.0932477720930428e-21
872.5535361436143 1.093173523504192e-21
872.6522553255325 1.0930992874487977e-21
872.7509745074507 1.093025063923297e-21
872.8496936893689 1.0929508529241293e-21
872.948412871287 1.0928766544477357e-21
873.0471320532052 1.092802468490557e-21
873.1458512351235 1.092728295049037e-21
873.2445704170416 1.0926541341196204e-21
873.3432895989598 1.0925799856987534e-21
873.442008780878 1.0925058497828836e-21
873.5407279627963 1.0924317263684595e-21
873.6394471447144 1.0923576154519332e-21
873.7381663266326 1.0922835170297546e-21
873.8368855085508 1.092209431098379e-21
873.935604690469 1.0921353576542617e-21
874.0343238723872 1.092061296693857e-21
874.1330430543054 1.0919872482136243e-21
874.2317622362235 1.0919132122100221e-21
874.3304814181417 1.0918391886795114e-21
874.42920060006 1.0917651776185548e-21
874.5279197819781 1.0916911790236157e-21
874.6266389638963 1.0916171928911587e-21
874.7253581458145 1.0915432192176506e-21
874.8240773277327 1.0914692579995595e-21
874.9227965096509 1.0913953092333556e-21
875.0215156915691 1.0913213729155082e-21
875.1202348734873 1.0912474490424897e-21
875.2189540554054 1.0911735376107752e-21
875.3176732373237 1.0910996386168394e-21
875.4163924192419 1.0910257520571582e-21
875.51511160116 1.0909518779282104e-21
875.6138307830782 1.090878016226475e-21
875.7125499649965 1.0908041669484335e-21
875.8112691469146 1.0907303300905675e-21
875.9099883288328 1.0906565056493615e-21
876.008707510751 1.0905826936213003e-21
876.1074266926692 1.0905088940028712e-21
876.2061458745874 1.0904351067905611e-21
876.3048650565056 1.0903613319808609e-21
876.4035842384238 1.0902875695702613e-21
876.502303420342 1.0902138195552544e-21
876.6010226022602 1.0901400819323338e-21
876.6997417841784 1.0900663566979955e-21
876.7984609660965 1.0899926438487357e-21
876.8971801480147 1.089918943381052e-21
876.995899329933 1.0898452552914452e-21
877.0946185118511 1.0897715795764159e-21
877.1933376937693 1.0896979162324659e-21
877.2920568756875 1.089624265256099e-21
877.3907760576056 1.0895506266438219e-21
877.4894952395239 1.08947700039214e-21
877.5882144214421 1.0894033864975613e-21
877.6869336033602 1.0893297849565966e-21
877.7856527852784 1.089256195765755e-21
877.8843719671967 1.0891826189215508e-21
877.9830911491149 1.0891090544204962e-21
878.081810331033 1.0890355022591085e-21
878.1805295129512 1.0889619624339015e-21
878.2792486948695 1.0888884349413956e-21
878.3779678767876 1.0888149197781086e-21
878.4766870587058 1.0887414169405628e-21
878.575406240624 1.0886679264252802e-21
878.6741254225421 1.0885944482287842e-21
878.7728446044604 1.0885209823476e-21
878.8715637863786 1.088447528778254e-21
878.9702829682967 1.0883740875172742e-21
879.0690021502149 1.0883006585611899e-21
879.1677213321332 1.088227241906532e-21
879.2664405140513 1.0881538375498338e-21
879.3651596959695 1.0880804454876275e-21
879.4638788778877 1.0880070657164482e-21
879.562598059806 1.0879336982328324e-21
879.6613172417241 1.087860343033319e-21
879.7600364236423 1.0877870001144467e-21
879.8587556055605 1.0877136694727548e-21
879.9574747874786 1.0876403511047866e-21
880.0561939693969 1.0875670450070861e-21
880.1549131513151 1.087493751176197e-21
880.2536323332332 1.0874204696086657e-21
880.3523515151514 1.0873472003010405e-21
880.4510706970697 1.0872739432498707e-21
880.5497898789878 1.0872006984517055e-21
880.648509060906 1.0871274659030975e-21
880.7472282428242 1.0870542456006004e-21
880.8459474247425 1.0869810375407679e-21
880.9446666066606 1.086907841720157e-21
881.0433857885788 1.0868346581353246e-21
881.142104970497 1.0867614867828297e-21
881.2408241524151 1.0866883276592326e-21
881.3395433343334 1.086615180761095e-21
881.4382625162516 1.0865420460849799e-21
881.5369816981697 1.0864689236274514e-21
881.6357008800879 1.0863958133850765e-21
881.7344200620062 1.0863227153544205e-21
881.8331392439243 1.086249629532054e-21
881.9318584258425 1.0861765559145452e-21
882.0305776077607 1.0861034944984665e-21
882.1292967896788 1.0860304452803903e-21
882.2280159715971 1.0859574082568918e-21
882.3267351535153 1.0858843834245453e-21
882.4254543354335 1.085811370779928e-21
882.5241735173516 1.0857383703196181e-21
882.6228926992699 1.0856653820401964e-21
882.7216118811881 1.0855924059382428e-21
882.8203310631062 1.0855194420103406e-21
882.9190502450244 1.085446490253073e-21
883.0177694269427 1.0853735506630257e-21
883.1164886088608 1.085300623236785e-21
883.215207790779 1.0852277079709386e-21
883.3139269726972 1.0851548048620771e-21
883.4126461546153 1.0850819139067895e-21
883.5113653365336 1.0850090351016702e-21
883.6100845184518 1.0849361684433107e-21
883.70880370037 1.084863313928307e-21
883.8075228822881 1.0847904715532547e-21
883.9062420642064 1.0847176413147516e-21
884.0049612461246 1.0846448232093976e-21
884.1036804280427 1.0845720172337925e-21
884.2023996099609 1.0844992233845375e-21
884.3011187918792 1.0844264416582362e-21
884.3998379737973 1.0843536720514936e-21
884.4985571557155 1.084280914560915e-21
884.5972763376337 1.0842081691831071e-21
884.6959955195518 1.08413543591468e-21
884.7947147014701 1.0840627147522427e-21
884.8934338833883 1.083990005692407e-21
884.9921530653064 1.0839173087317854e-21
885.0908722472246 1.0838446238669916e-21
885.1895914291429 1.0837719510946423e-21
885.2883106110611 1.083699290411353e-21
885.3870297929792 1.0836266418137422e-21
885.4857489748974 1.0835540052984298e-21
885.5844681568157 1.0834813808620372e-21
885.6831873387338 1.0834087685011852e-21
885.781906520652 1.083336168212499e-21
885.8806257025702 1.0832635799926028e-21
885.9793448844883 1.083191003838123e-21
886.0780640664066 1.0831184397456874e-21
886.1767832483248 1.0830458877119253e-21
886.2755024302429 1.0829733477334675e-21
886.3742216121611 1.0829008198069438e-21
886.4729407940794 1.0828283039289905e-21
886.5716599759975 1.0827558000962395e-21
886.6703791579157 1.082683308305328e-21
886.7690983398339 1.0826108285528925e-21
886.8678175217522 1.0825383608355719e-21
886.9665367036703 1.0824659051500063e-21
887.0652558855885 1.0823934614928366e-21
887.1639750675067 1.0823210298607058e-21
887.2626942494248 1.082248610250258e-21
887.3614134313431 1.0821762026581382e-21
887.4601326132613 1.0821038070809933e-21
887.5588517951794 1.0820314235154714e-21
887.6575709770976 1.0819590519582208e-21
887.7562901590159 1.0818866924058936e-21
887.855009340934 1.0818143448551416e-21
887.9537285228522 1.0817420093026176e-21
888.0524477047704 1.081669685744977e-21
888.1511668866887 1.0815973741788756e-21
888.2498860686068 1.0815250746009713e-21
888.348605250525 1.0814527870079224e-21
888.4473244324432 1.0813805113963888e-21
888.5460436143613 1.0813082477630324e-21
888.6447627962796 1.081235996104516e-21
888.7434819781978 1.0811637564175043e-21
888.8422011601159 1.0810915286986617e-21
888.9409203420341 1.0810193129446554e-21
889.0396395239524 1.0809471091521541e-21
889.1383587058705 1.0808749173178271e-21
889.2370778877887 1.080802737438345e-21
889.3357970697069 1.0807305695103803e-21
889.434516251625 1.0806584135306056e-21
889.5332354335433 1.0805862694956972e-21
889.6319546154615 1.08051413740233e-21
889.7306737973797 1.0804420172471826e-21
889.8293929792978 1.0803699090269328e-21
889.9281121612161 1.0802978127382615e-21
890.0268313431343 1.0802257283778506e-21
890.1255505250524 1.080153655942382e-21
890.2242697069706 1.08008159542854e-21
890.3229888888889 1.080009546833011e-21
890.421708070807 1.079937510152481e-21
890.5204272527252 1.0798654853836382e-21
890.6191464346434 1.0797934725231731e-21
890.7178656165615 1.0797214715677746e-21
890.8165847984798 1.0796494825141365e-21
890.915303980398 1.0795775053589512e-21
891.0140231623162 1.0795055400989137e-21
891.1127423442343 1.0794335867307214e-21
891.2114615261526 1.07936164525107e-21
891.3101807080708 1.0792897156566595e-21
891.4088998899889 1.0792177979441895e-21
891.5076190719071 1.0791458921103608e-21
891.6063382538254 1.0790739981518772e-21
891.7050574357435 1.0790021160654419e-21
891.8037766176617 1.0789302458477609e-21
891.9024957995799 1.0788583874955398e-21
892.001214981498 1.0787865410054882e-21
892.0999341634163 1.0787147063743144e-21
892.1986533453345 1.0786428835987284e-21
892.2973725272526 1.0785710726754436e-21
892.3960917091708 1.0784992736011718e-21
892.4948108910891 1.0784274863726299e-21
892.5935300730073 1.0783557109865307e-21
892.6922492549254 1.078283947439593e-21
892.7909684368436 1.0782121957285352e-21
892.8896876187619 1.0781404558500774e-21
892.98840680068 1.07806872780094e-21
893.0871259825982 1.077997011577847e-21
893.1858451645164 1.0779253071775195e-21
893.2845643464345 1.0778536145966848e-21
893.3832835283528 1.0777819338320683e-21
893.482002710271 1.0777102648803973e-21
893.5807218921891 1.077638607738402e-21
893.6794410741073 1.0775669624028117e-21
893.7781602560256 1.0774953288703576e-21
893.8768794379438 1.077423707137774e-21
893.9755986198619 1.0773520972017942e-21
894.0743178017801 1.0772804990591529e-21
894.1730369836984 1.077208912706589e-21
894.2717561656165 1.0771373381408393e-21
894.3704753475347 1.077065775358642e-21
894.4691945294529 1.0769942243567394e-21
894.567913711371 1.0769226851318743e-21
894.6666328932893 1.0768511576807876e-21
894.7653520752075 1.0767796420002248e-21
894.8640712571256 1.0767081380869335e-21
894.9627904390438 1.0766366459376582e-21
895.061509620962 1.0765651655491486e-21
895.1602288028802 1.076493696918155e-21
895.2589479847984 1.0764222400414277e-21
895.3576671667166 1.0763507949157192e-21
895.4563863486349 1.0762793615377829e-21
895.555105530553 1.0762079399043742e-21
895.6538247124712 1.07613653001225e-21
895.7525438943894 1.0760651318581658e-21
895.8512630763075 1.0759937454388823e-21
895.9499822582258 1.0759223707511586e-21
896.048701440144 1.0758510077917564e-21
896.1474206220621 1.0757796565574386e-21
896.2461398039803 1.0757083170449686e-21
896.3448589858986 1.0756369892511126e-21
896.4435781678167 1.0755656731726361e-21
896.5422973497349 1.0754943688063067e-21
896.6410165316531 1.0754230761488947e-21
896.7397357135712 1.07535179519717e-21
896.8384548954895 1.0752805259479052e-21
896.9371740774077 1.0752092683978714e-21
897.0358932593259 1.075138022543843e-21
897.134612441244 1.0750667883825972e-21
897.2333316231623 1.074995565910909e-21
897.3320508050805 1.0749243551255575e-21
897.4307699869986 1.074853156023322e-21
897.5294891689168 1.074781968600983e-21
897.628208350835 1.074710792855323e-21
897.7269275327532 1.0746396287831243e-21
897.8256467146714 1.0745684763811718e-21
897.9243658965896 1.074497335646251e-21
898.0230850785077 1.0744262065751484e-21
898.121804260426 1.0743550891646535e-21
898.2205234423442 1.0742839834115553e-21
898.3192426242624 1.0742128893126444e-21
898.4179618061805 1.0741418068647138e-21
898.5166809880988 1.0740707360645557e-21
898.615400170017 1.0739996769089652e-21
898.7141193519351 1.0739286293947393e-21
898.8128385338533 1.0738575935186739e-21
898.9115577157716 1.0737865692775673e-21
899.0102768976897 1.0737155566682201e-21
899.1089960796079 1.073644555687433e-21
899.2077152615261 1.0735735663320075e-21
899.3064344434442 1.0735025885987496e-21
899.4051536253625 1.073431622484461e-21
899.5038728072807 1.0733606679859494e-21
899.6025919891988 1.0732897251000221e-21
899.701311171117 1.073218793823487e-21
899.8000303530353 1.0731478741531555e-21
899.8987495349535 1.0730769660858372e-21
899.9974687168716 1.073006069618345e-21
900.0961878987898 1.072935184747492e-21
900.194907080708 1.072864311470094e-21
900.2936262626262 1.072793449782967e-21
900.3923454445444 1.072722599682928e-21
900.4910646264626 1.072651761166796e-21
900.5897838083807 1.072580934231391e-21
900.688502990299 1.0725101188735338e-21
900.7872221722172 1.0724393150900475e-21
900.8859413541353 1.072368522877755e-21
900.9846605360535 1.0722977422334821e-21
901.0833797179718 1.072226973154055e-21
901.18209889989 1.0721562156363008e-21
901.2808180818081 1.0720854696770475e-21
901.3795372637263 1.072014735273126e-21
901.4782564456445 1.0719440124213677e-21
901.5769756275627 1.0718733011186047e-21
901.6756948094809 1.071802601361671e-21
901.7744139913991 1.0717319131474017e-21
901.8731331733172 1.0716612364726322e-21
901.9718523552355 1.0715905713342007e-21
902.0705715371537 1.0715199177289467e-21
902.1692907190718 1.0714492756537085e-21
902.26800990099 1.071378645105328e-21
902.3667290829083 1.0713080260806475e-21
902.4654482648264 1.071237418576512e-21
902.5641674467446 1.0711668225897645e-21
902.6628866286628 1.0710962381172528e-21
902.761605810581 1.0710256651558232e-21
902.8603249924992 1.070955103702326e-21
902.9590441744174 1.0708845537536092e-21
903.0577633563356 1.070814015306525e-21
903.1564825382537 1.0707434883579263e-21
903.255201720172 1.0706729729046658e-21
903.3539209020902 1.070602468943599e-21
903.4526400840083 1.0705319764715819e-21
903.5513592659265 1.0704614954854716e-21
903.6500784478447 1.0703910259821266e-21
903.7487976297629 1.0703205679584086e-21
903.8475168116811 1.070250121411176e-21
903.9462359935993 1.0701796863372923e-21
904.0449551755174 1.070109262733622e-21
904.1436743574357 1.0700388505970283e-21
904.2423935393539 1.0699684499243783e-21
904.3411127212721 1.0698980607125387e-21
904.4398319031902 1.0698276829583784e-21
904.5385510851085 1.069757316658767e-21
904.6372702670267 1.0696869618105754e-21
904.7359894489448 1.0696166184106762e-21
904.834708630863 1.0695462864559416e-21
904.9334278127812 1.069475965943248e-21
905.0321469946994 1.06940565686947e-21
905.1308661766176 1.0693353592314853e-21
905.2295853585358 1.069265073026172e-21
905.3283045404539 1.0691947982504102e-21
905.4270237223722 1.0691245349010799e-21
905.5257429042904 1.0690542829750631e-21
905.6244620862086 1.0689840424692436e-21
905.7231812681267 1.0689138133805061e-21
905.821900450045 1.0688435957057355e-21
905.9206196319632 1.0687733894418189e-21
906.0193388138813 1.0687031945856447e-21
906.1180579957995 1.0686330111341036e-21
906.2167771777177 1.0685628390840836e-21
906.3154963596359 1.0684926784324774e-21
906.4142155415541 1.0684225291761788e-21
906.5129347234723 1.0683523913120819e-21
906.6116539053904 1.068282264837081e-21
906.7103730873087 1.0682121497480741e-21
906.8090922692269 1.0681420460419583e-21
906.907811451145 1.0680719537156335e-21
907.0065306330632 1.0680018727659997e-21
907.1052498149814 1.0679318031899577e-21
907.2039689968997 1.0678617449844113e-21
907.3026881788178 1.067791698146264e-21
907.401407360736 1.0677216626724205e-21
907.5001265426542 1.0676516385597886e-21
907.5988457245724 1.067581625805275e-21
907.6975649064906 1.0675116244057876e-21
907.7962840884088 1.0674416343582386e-21
907.8950032703269 1.0673716556595376e-21
907.9937224522452 1.067301688306597e-21
908.0924416341634 1.0672317322963324e-21
908.1911608160815 1.0671617876256564e-21
908.2898799979997 1.0670918542914859e-21
908.388599179918 1.0670219322907387e-21
908.4873183618362 1.0669520216203327e-21
908.5860375437543 1.0668821222771877e-21
908.6847567256725 1.066812234258224e-21
908.7834759075907 1.0667423575603653e-21
908.8821950895089 1.0666724921805345e-21
908.9809142714271 1.0666026381156548e-21
909.0796334533453 1.066532795362653e-21
909.1783526352634 1.0664629639184563e-21
909.2770718171816 1.0663931437799915e-21
909.3757909990999 1.06632333494419e-21
909.474510181018 1.0662535374079805e-21
909.5732293629362 1.0661837511682948e-21
909.6719485448544 1.0661139762220668e-21
909.7706677267726 1.0660442125662304e-21
909.8693869086908 1.0659744601977206e-21
909.968106090609 1.0659047191134746e-21
910.0668252725272 1.0658349893104288e-21
910.1655444544454 1.0657652707855236e-21
910.2642636363636 1.0656955635356978e-21
910.3629828182818 1.065625867557894e-21
910.4617020001999 1.0655561828490537e-21
910.5604211821181 1.0654865094061215e-21
910.6591403640364 1.0654168472260418e-21
910.7578595459545 1.0653471963057604e-21
910.8565787278727 1.0652775566422243e-21
910.9552979097909 1.0652079282323838e-21
911.054017091709 1.065138311073186e-21
911.1527362736273 1.0650687051615838e-21
911.2514554555455 1.064999110494528e-21
911.3501746374636 1.0649295270689724e-21
911.4488938193819 1.0648599548818723e-21
911.5476130013001 1.0647903939301817e-21
911.6463321832183 1.0647208442108575e-21
911.7450513651364 1.0646513057208583e-21
911.8437705470546 1.0645817784571435e-21
911.9424897289729 1.0645122624166734e-21
912.041208910891 1.0644427575964086e-21
912.1399280928092 1.064373263993313e-21
912.2386472747274 1.0643037816043498e-21
912.3373664566456 1.0642343104264843e-21
912.4360856385638 1.064164850456683e-21
912.534804820482 1.0640954016919132e-21
912.6335240024001 1.064025964129143e-21
912.7322431843183 1.063956537765342e-21
912.8309623662366 1.063887122597483e-21
912.9296815481548 1.0638177186225363e-21
913.0284007300729 1.0637483258374763e-21
913.1271199119911 1.0636789442392772e-21
913.2258390939094 1.0636095738249146e-21
913.3245582758275 1.0635402145913652e-21
913.4232774577457 1.0634708665356074e-21
913.5219966396639 1.0634015296546209e-21
913.620715821582 1.0633322039453854e-21
913.7194350035003 1.0632628894048824e-21
913.8181541854185 1.0631935860300945e-21
913.9168733673366 1.063124293818007e-21
914.0155925492548 1.0630550127656029e-21
914.1143117311731 1.0629857428698702e-21
914.2130309130912 1.0629164841277961e-21
914.3117500950094 1.0628472365363674e-21
914.4104692769276 1.0627780000925772e-21
914.5091884588459 1.0627087747934136e-21
914.607907640764 1.0626395606358701e-21
914.7066268226822 1.0625703576169396e-21
914.8053460046004 1.0625011657336163e-21
914.9040651865186 1.062431984982896e-21
915.0027843684368 1.0623628153617768e-21
915.101503550355 1.0622936568672542e-21
915.2002227322731 1.0622245094963286e-21
915.2989419141913 1.0621553732460003e-21
915.3976610961096 1.0620862481132711e-21
915.4963802780277 1.0620171340951432e-21
915.5950994599459 1.0619480311886212e-21
915.6938186418641 1.0618789393907084e-21
915.7925378237824 1.0618098586984117e-21
915.8912570057005 1.0617407891087383e-21
915.9899761876187 1.0616717306186974e-21
916.0886953695369 1.0616026832252974e-21
916.187414551455 1.0615336469255501e-21
916.2861337333733 1.0614646217164664e-21
916.3848529152915 1.0613956075950603e-21
916.4835720972096 1.0613266045583462e-21
916.5822912791278 1.0612576126033379e-21
916.6810104610461 1.0611886317270526e-21
916.7797296429642 1.0611196619265091e-21
916.8784488248824 1.0610507031987253e-21
916.9771680068006 1.0609817555407209e-21
917.0758871887188 1.0609128189495185e-21
917.174606370637 1.0608438934221383e-21
917.2733255525552 1.0607749789556053e-21
917.3720447344734 1.0607060755469435e-21
917.4707639163915 1.0606371831931794e-21
917.5694830983098 1.060568301891339e-21
917.668202280228 1.0604994316384502e-21
917.7669214621461 1.0604305724315432e-21
917.8656406440643 1.0603617242676483e-21
917.9643598259826 1.0602928871437966e-21
918.0630790079007 1.0602240610570206e-21
918.1617981898189 1.060155246004354e-21
918.2605173717371 1.0600864419828324e-21
918.3592365536553 1.0600176489894915e-21
918.4579557355735 1.0599488670213682e-21
918.5566749174917 1.059880096075502e-21
918.6553940994098 1.0598113361489311e-21
918.754113281328 1.059742587238697e-21
918.8528324632463 1.059673849341841e-21
918.9515516451645 1.0596051224554068e-21
919.0502708270826 1.0595364065764382e-21
919.1489900090008 1.059467701701981e-21
919.2477091909191 1.0593990078290799e-21
919.3464283728372 1.0593303249547839e-21
919.4451475547554 1.0592616530761416e-21
919.5438667366736 1.0591929921902018e-21
919.6425859185917 1.0591243422940169e-21
919.74130510051 1.059055703384638e-21
919.8400242824282 1.0589870754591183e-21
919.9387434643463 1.0589184585145127e-21
920.0374626462645 1.0588498525478764e-21
920.1361818281828 1.0587812575562664e-21
920.234901010101 1.05871267353674e-21
920.3336201920191 1.058644100486356e-21
920.4323393739373 1.058575538402175e-21
920.5310585558556 1.0585069872812582e-21
920.6297777377737 1.0584384471206667e-21
920.7284969196919 1.0583699179174656e-21
920.8272161016101 1.0583013996687184e-21
920.9259352835282 1.0582328923714919e-21
921.0246544654465 1.058164396022851e-21
921.1233736473647 1.058095910619866e-21
921.2220928292828 1.0580274361596037e-21
921.320812011201 1.057958972639136e-21
921.4195311931193 1.057890520055534e-21
921.5182503750374 1.0578220784058689e-21
921.6169695569556 1.0577536476872165e-21
921.7156887388738 1.0576852278966498e-21
921.8144079207921 1.0576168190312453e-21
921.9131271027102 1.05754842108808e-21
922.0118462846284 1.0574800340642313e-21
922.1105654665466 1.0574116579567793e-21
922.2092846484647 1.0573432927628046e-21
922.308003830383 1.057274938479388e-21
922.4067230123012 1.0572065951036124e-21
922.5054421942193 1.0571382626325617e-21
922.6041613761375 1.0570699410633198e-21
922.7028805580558 1.0570016303929732e-21
922.8015997399739 1.05693333061861e-21
922.9003189218921 1.056865041737317e-21
922.9990381038103 1.0567967637461846e-21
923.0977572857286 1.0567284966423022e-21
923.1964764676467 1.0566602404227618e-21
923.2951956495649 1.0565919950846568e-21
923.3939148314831 1.0565237606250801e-21
923.4926340134012 1.0564555370411274e-21
923.5913531953195 1.0563873243298933e-21
923.6900723772377 1.0563191224884767e-21
923.7887915591558 1.0562509315139745e-21
923.887510741074 1.0561827514034875e-21
923.9862299229923 1.0561145821541147e-21
924.0849491049104 1.0560464237629587e-21
924.1836682868286 1.0559782762271211e-21
924.2823874687468 1.055910139543708e-21
924.381106650665 1.0558420137098215e-21
924.4798258325832 1.0557738987225693e-21
924.5785450145014 1.0557057945790587e-21
924.6772641964196 1.0556377012763973e-21
924.7759833783377 1.0555696188116952e-21
924.874702560256 1.0555015471820621e-21
924.9734217421742 1.0554334863846102e-21
925.0721409240923 1.055365436416451e-21
925.1708601060105 1.0552973972746997e-21
925.2695792879288 1.0552293689564712e-21
925.3682984698469 1.055161351458881e-21
925.4670176517651 1.055093344779046e-21
925.5657368336833 1.055025348914085e-21
925.6644560156014 1.0549573638611173e-21
925.7631751975197 1.0548893896172626e-21
925.8618943794379 1.0548214261796438e-21
925.960613561356 1.0547534735453825e-21
926.0593327432742 1.0546855317116025e-21
926.1580519251925 1.0546176006754294e-21
926.2567711071107 1.0545496804339877e-21
926.3554902890288 1.0544817709844055e-21
926.454209470947 1.0544138723238112e-21
926.5529286528653 1.0543459844493336e-21
926.6516478347834 1.054278107358103e-21
926.7503670167016 1.0542102410472512e-21
926.8490861986198 1.0541423855139106e-21
926.947805380538 1.0540745407552146e-21
927.0465245624562 1.0540067067682985e-21
927.1452437443744 1.053938883550297e-21
927.2439629262925 1.0538710710983479e-21
927.3426821082107 1.05380326940959e-21
927.441401290129 1.05373547848116e-21
927.5401204720472 1.053667698310201e-21
927.6388396539653 1.0535999288938522e-21
927.7375588358835 1.053532170229257e-21
927.8362780178018 1.0534644223135584e-21
927.9349971997199 1.0533966851439015e-21
928.0337163816381 1.0533289587174316e-21
928.1324355635563 1.0532612430312956e-21
928.2311547454744 1.0531935380826415e-21
928.3298739273927 1.0531258438686177e-21
928.4285931093109 1.0530581603863748e-21
928.527312291229 1.0529904876330637e-21
928.6260314731472 1.0529228256058368e-21
928.7247506550655 1.0528551743018467e-21
928.8234698369836 1.0527875337182483e-21
928.9221890189018 1.052719903852198e-21
929.02090820082 1.0526522847008502e-21
929.1196273827383 1.0525846762613643e-21
929.2183465646564 1.0525170785308982e-21
929.3170657465746 1.052449491506612e-21
929.4157849284928 1.0523819151856672e-21
929.5145041104109 1.052314349565224e-21
929.6132232923292 1.0522467946424475e-21
929.7119424742474 1.0521792504145006e-21
929.8106616561655 1.0521117168785482e-21
929.9093808380837 1.0520441940317585e-21
930.008100020002 1.0519766818712969e-21
930.1068192019201 1.0519091803943322e-21
930.2055383838383 1.0518416895980345e-21
930.3042575657565 1.0517742094795744e-21
930.4029767476748 1.0517067400361231e-21
930.5016959295929 1.051639281264854e-21
930.6004151115111 1.0515718331629406e-21
930.6991342934293 1.051504395727557e-21
930.7978534753474 1.0514369689558812e-21
930.8965726572657 1.0513695528450886e-21
930.9952918391839 1.051302147392358e-21
931.094011021102 1.0512347525948678e-21
931.1927302030202 1.051167368449799e-21
931.2914493849385 1.051099994954333e-21
931.3901685668566 1.0510326321056527e-21
931.4888877487748 1.0509652799009405e-21
931.587606930693 1.0508979383373815e-21
931.6863261126111 1.0508306074121612e-21
931.7850452945294 1.050763287122467e-21
931.8837644764476 1.050695977465486e-21
931.9824836583658 1.0506286784384071e-21
932.0812028402839 1.0505613900384205e-21
932.1799220222022 1.0504941122627166e-21
932.2786412041204 1.0504268451084882e-21
932.3773603860385 1.050359588572928e-21
932.4760795679567 1.050292342653231e-21
932.574798749875 1.0502251073465915e-21
932.6735179317931 1.0501578826502059e-21
932.7722371137113 1.0500906685612719e-21
932.8709562956295 1.0500234650769877e-21
932.9696754775476 1.0499562721945535e-21
933.0683946594659 1.049889089911169e-21
933.1671138413841 1.0498219182240364e-21
933.2658330233022 1.0497547571303586e-21
933.3645522052204 1.0496876066273386e-21
933.4632713871387 1.0496204667121813e-21
933.5619905690569 1.0495533373820937e-21
933.660709750975 1.0494862186342813e-21
933.7594289328932 1.049419110465953e-21
933.8581481148115 1.0493520128743178e-21
933.9568672967296 1.0492849258565854e-21
934.0555864786478 1.0492178494099682e-21
934.154305660566 1.0491507835316761e-21
934.2530248424841 1.0490837282189255e-21
934.3517440244024 1.0490166834689284e-21
934.4504632063206 1.0489496492789e-21
934.5491823882387 1.048882625646059e-21
934.6479015701569 1.048815612567621e-21
934.7466207520752 1.048748610040805e-21
934.8453399339934 1.0486816180628312e-21
934.9440591159115 1.0486146366309197e-21
935.0427782978297 1.0485476657422922e-21
935.141497479748 1.048480705394172e-21
935.2402166616661 1.0484137555837834e-21
935.3389358435843 1.0483468163083491e-21
935.4376550255025 1.0482798875650977e-21
935.5363742074206 1.0482129693512541e-21
935.6350933893389 1.048146061664048e-21
935.7338125712571 1.0480791645007073e-21
935.8325317531752 1.0480122778584625e-21
935.9312509350934 1.047945401734545e-21
936.0299701170117 1.0478785361261864e-21
936.1286892989298 1.0478116810306213e-21
936.227408480848 1.0477448364450823e-21
936.3261276627662 1.0476780023668063e-21
936.4248468446845 1.0476111787930287e-21
936.5235660266026 1.0475443657209881e-21
936.6222852085208 1.0474775631479216e-21
936.721004390439 1.0474107710710696e-21
936.8197235723571 1.0473439894876726e-21
936.9184427542754 1.0472772183949714e-21
937.0171619361936 1.0472104577902103e-21
937.1158811181117 1.0471437076706322e-21
937.2146003000299 1.0470769680334805e-21
937.3133194819482 1.047010238876004e-21
937.4120386638663 1.0469435201954465e-21
937.5107578457845 1.0468768119890584e-21
937.6094770277027 1.0468101142540865e-21
937.708196209621 1.0467434269877823e-21
937.8069153915391 1.0466767501873955e-21
937.9056345734573 1.0466100838501794e-21
938.0043537553755 1.046543427973386e-21
938.1030729372936 1.0464767825542707e-21
938.2017921192119 1.0464101475900873e-21
938.3005113011301 1.046343523078093e-21
938.3992304830482 1.0462769090155447e-21
938.4979496649664 1.0462103053997e-21
938.5966688468847 1.0461437122278193e-21
938.6953880288028 1.0460771294971614e-21
938.794107210721 1.046010557204989e-21
938.8928263926392 1.0459439953485647e-21
938.9915455745573 1.0458774439251505e-21
939.0902647564756 1.045810902932012e-21
939.1889839383938 1.0457443723664138e-21
939.287703120312 1.045677852225623e-21
939.3864223022301 1.0456113425069078e-21
939.4851414841484 1.0455448432075347e-21
939.5838606660666 1.0454783543247755e-21
939.6825798479847 1.0454118758559e-21
939.7812990299029 1.0453454077981793e-21
939.8800182118212 1.0452789501488864e-21
939.9787373937393 1.0452125029052966e-21
940.0774565756575 1.0451460660646816e-21
940.1761757575757 1.0450796396243189e-21
940.2748949394938 1.0450132235814858e-21
940.3736141214121 1.0449468179334591e-21
940.4723333033303 1.0448804226775176e-21
940.5710524852484 1.0448140378109422e-21
940.6697716671666 1.0447476633310125e-21
940.7684908490849 1.0446812992350118e-21
940.8672100310031 1.044614945520221e-21
940.9659292129212 1.0445486021839265e-21
941.0646483948394 1.0444822692234112e-21
941.1633675767577 1.044415946635962e-21
941.2620867586758 1.0443496344188661e-21
941.360805940594 1.0442833325694109e-21
941.4595251225122 1.0442170410848864e-21
941.5582443044303 1.0441507599625817e-21
941.6569634863486 1.0440844891997881e-21
941.7556826682668 1.0440182287937972e-21
941.8544018501849 1.0439519787419039e-21
941.9531210321031 1.043885739041401e-21
942.0518402140214 1.0438195096895832e-21
942.1505593959396 1.0437532906837478e-21
942.2492785778577 1.0436870820211915e-21
942.3479977597759 1.0436208836992125e-21
942.4467169416941 1.0435546957151093e-21
942.5454361236123 1.0434885180661829e-21
942.6441553055305 1.0434223507497346e-21
942.7428744874487 1.043356193763067e-21
942.8415936693668 1.0432900471034829e-21
942.9403128512851 1.0432239107682862e-21
943.0390320332033 1.0431577847547822e-21
943.1377512151214 1.0430916690602778e-21
943.2364703970396 1.0430255636820796e-21
943.3351895789579 1.0429594686174963e-21
943.433908760876 1.0428933838638376e-21
943.5326279427942 1.0428273094184132e-21
943.6313471247124 1.0427612452785353e-21
943.7300663066306 1.0426951914415147e-21
943.8287854885488 1.0426291479046661e-21
943.927504670467 1.0425631146653036e-21
944.0262238523852 1.0424970917207422e-21
944.1249430343033 1.0424310790682986e-21
944.2236622162216 1.0423650767052898e-21
944.3223813981398 1.042299084629035e-21
944.4211005800579 1.0422331028368523e-21
944.5198197619761 1.0421671313260632e-21
944.6185389438944 1.0421011700939888e-21
944.7172581258125 1.0420352191379508e-21
944.8159773077307 1.041969278455274e-21
944.9146964896489 1.0419033480432813e-21
945.0134156715671 1.0418374278992992e-21
945.1121348534853 1.041771518020654e-21
945.2108540354035 1.0417056184046722e-21
945.3095732173217 1.0416397290486825e-21
945.4082923992398 1.0415738499500153e-21
945.507011581158 1.0415079811060003e-21
945.6057307630763 1.0414421225139682e-21
945.7044499449944 1.0413762741712523e-21
945.8031691269126 1.0413104360751854e-21
945.9018883088308 1.0412446082231035e-21
946.000607490749 1.0411787906123394e-21
946.0993266726672 1.0411129832402318e-21
946.1980458545854 1.0410471861041164e-21
946.2967650365035 1.040981399201333e-21
946.3954842184218 1.0409156225292192e-21
946.49420340034 1.0408498560851172e-21
946.5929225822582 1.040784099866367e-21
946.6916417641763 1.0407183538703113e-21
946.7903609460946 1.040652618094294e-21
946.8890801280128 1.040586892535659e-21
946.9877993099309 1.0405211771917518e-21
947.0865184918491 1.040455472059918e-21
947.1852376737673 1.040389777137506e-21
947.2839568556855 1.040324092421863e-21
947.3826760376037 1.0402584179103393e-21
947.4813952195219 1.0401927536002843e-21
947.58011440144 1.0401270994890498e-21
947.6788335833583 1.040061455573988e-21
947.7775527652765 1.0399958218524519e-21
947.8762719471946 1.0399301983217958e-21
947.9749911291128 1.039864584979374e-21
948.073710311031 1.039798981822545e-21
948.1724294929493 1.0397333888486648e-21
948.2711486748674 1.03966780605509e-21
948.3698678567856 1.0396022334391817e-21
948.4685870387038 1.0395366709983005e-21
948.567306220622 1.0394711187298046e-21
948.6660254025402 1.0394055766310591e-21
948.7647445844584 1.0393400446994259e-21
948.8634637663765 1.0392745229322684e-21
948.9621829482948 1.0392090113269525e-21
949.060902130213 1.0391435098808446e-21
949.1596213121311 1.0390780185913107e-21
949.2583404940493 1.0390125374557192e-21
949.3570596759675 1.0389470664714395e-21
949.4557788578858 1.0388816056358408e-21
949.5544980398039 1.0388161549462942e-21
949.6532172217221 1.0387507144001715e-21
949.7519364036403 1.0386852839948465e-21
949.8506555855585 1.0386198637276913e-21
949.9493747674767 1.0385544535960831e-21
950.0480939493949 1.0384890535973956e-21
950.146813131313 1.0384236637290074e-21
950.2455323132313 1.0383582839882943e-21
950.3442514951495 1.038292914372636e-21
950.4429706770676 1.038227554879413e-21
950.5416898589858 1.0381622055060045e-21
950.640409040904 1.0380968662497932e-21
950.7391282228222 1.0380315371081613e-21
950.8378474047404 1.0379662180784917e-21
950.9365665866586 1.0379009091581712e-21
951.0352857685768 1.0378356103445825e-21
951.134004950495 1.0377703216351137e-21
951.2327241324132 1.0377050430271526e-21
951.3314433143314 1.0376397745180871e-21
951.4301624962495 1.0375745161053067e-21
951.5288816781677 1.0375092677862015e-21
951.627600860086 1.0374440295581632e-21
951.7263200420041 1.0373788014185839e-21
951.8250392239223 1.0373135833648578e-21
951.9237584058405 1.0372483753943773e-21
952.0224775877587 1.0371831775045394e-21
952.1211967696769 1.0371179896927401e-21
952.2199159515951 1.0370528119563753e-21
952.3186351335133 1.036987644292844e-21
952.4173543154315 1.036922486699546e-21
952.5160734973497 1.0368573391738798e-21
952.6147926792679 1.0367922017132475e-21
952.713511861186 1.0367270743150514e-21
952.8122310431042 1.036661956976693e-21
952.9109502250225 1.0365968496955774e-21
953.0096694069406 1.036531752469109e-21
953.1083885888588 1.0364666652946941e-21
953.207107770777 1.036401588169739e-21
953.3058269526952 1.0363365210916516e-21
953.4045461346134 1.0362714640578405e-21
953.5032653165316 1.0362064170657163e-21
953.6019844984497 1.0361413801126886e-21
953.700703680368 1.036076353196169e-21
953.7994228622862 1.0360113363135703e-21
953.8981420442044 1.035946329462306e-21
953.9968612261225 1.035881332639791e-21
954.0955804080407 1.0358163458434404e-21
954.194299589959 1.0357513690706703e-21
954.2930187718771 1.0356864023188985e-21
954.3917379537953 1.0356214455855423e-21
954.4904571357135 1.0355564988680219e-21
954.5891763176317 1.035491562163758e-21
954.6878954995499 1.0354266354701706e-21
954.7866146814681 1.0353617187846822e-21
954.8853338633862 1.035296812104716e-21
954.9840530453044 1.0352319154276965e-21
955.0827722272227 1.0351670287510477e-21
955.1814914091408 1.035102152072196e-21
955.280210591059 1.0350372853885684e-21
955.3789297729772 1.0349724286975924e-21
955.4776489548955 1.0349075819966968e-21
955.5763681368136 1.034842745283312e-21
955.6750873187318 1.0347779185548675e-21
955.77380650065 1.034713101808796e-21
955.8725256825682 1.0346482950425295e-21
955.9712448644864 1.0345834982535016e-21
956.0699640464046 1.0345187114391473e-21
956.1686832283227 1.0344539345969007e-21
956.267402410241 1.0343891677241988e-21
956.3661215921592 1.0343244108184799e-21
956.4648407740773 1.0342596638771813e-21
956.5635599559955 1.0341949268977422e-21
956.6622791379137 1.0341301998776032e-21
956.760998319832 1.0340654828142046e-21
956.8597175017501 1.0340007757049893e-21
956.9584366836683 1.0339360785473994e-21
957.0571558655865 1.0338713913388797e-21
957.1558750475047 1.0338067140768749e-21
957.2545942294229 1.03374204675883e-21
957.3533134113411 1.033677389382193e-21
957.4520325932592 1.0336127419444105e-21
957.5507517751774 1.0335481044429313e-21
957.6494709570957 1.0334834768752056e-21
957.7481901390138 1.0334188592386842e-21
957.846909320932 1.0333542515308165e-21
957.9456285028502 1.0332896537490565e-21
958.0443476847684 1.0332250658908578e-21
958.1430668666866 1.0331604879536734e-21
958.2417860486048 1.03309591993496e-21
958.340505230523 1.0330313618321726e-21
958.4392244124411 1.0329668136427688e-21
958.5379435943594 1.0329022753642056e-21
958.6366627762776 1.0328377469939438e-21
958.7353819581957 1.032773228529442e-21
958.834101140114 1.032708719968161e-21
958.9328203220322 1.032644221307563e-21
959.0315395039503 1.0325797325451107e-21
959.1302586858685 1.0325152536782675e-21
959.2289778677867 1.0324507847044976e-21
959.3276970497049 1.0323863256212672e-21
959.4264162316231 1.0323218764260426e-21
959.5251354135413 1.0322574371162898e-21
959.6238545954595 1.0321930076894794e-21
959.7225737773776 1.0321285881430786e-21
959.8212929592959 1.0320641784745584e-21
959.9200121412141 1.0319997786813904e-21
960.0187313231322 1.0319353887610457e-21
960.1174505050504 1.0318710087109976e-21
960.2161696869687 1.0318066385287199e-21
960.3148888688868 1.0317422782116864e-21
960.413608050805 1.0316779277573748e-21
960.5123272327232 1.0316135871632602e-21
960.6110464146414 1.0315492564268212e-21
960.7097655965596 1.0314849355455359e-21
960.8084847784778 1.0314206245168829e-21
960.9072039603959 1.0313563233383439e-21
961.0059231423141 1.0312920320073984e-21
961.1046423242324 1.0312277505215309e-21
961.2033615061506 1.0311634788782226e-21
961.3020806880687 1.0310992170749587e-21
961.4007998699869 1.0310349651092227e-21
961.4995190519052 1.0309707229785028e-21
961.5982382338233 1.0309064906802837e-21
961.6969574157415 1.0308422682120538e-21
961.7956765976597 1.0307780555713025e-21
961.8943957795778 1.030713852755518e-21
961.9931149614961 1.0306496597621917e-21
962.0918341434143 1.030585476588815e-21
962.1905533253324 1.0305213032328803e-21
962.2892725072506 1.03045713969188e-21
962.3879916891689 1.030392985963309e-21
962.4867108710871 1.0303288420446624e-21
962.5854300530052 1.0302647079334369e-21
962.6841492349234 1.0302005836271267e-21
962.7828684168417 1.0301364691232327e-21
962.8815875987598 1.0300723644192529e-21
962.980306780678 1.0300082695126858e-21
963.0790259625962 1.0299441844010334e-21
963.1777451445143 1.0298801090817956e-21
963.2764643264326 1.029816043552476e-21
963.3751835083508 1.029751987810578e-21
963.4739026902689 1.0296879418536057e-21
963.5726218721871 1.029623905679063e-21
963.6713410541054 1.029559879284458e-21
963.7700602360235 1.0294958626672965e-21
963.8687794179417 1.0294318558250871e-21
963.9674985998599 1.0293678587553376e-21
964.0662177817782 1.029303871455558e-21
964.1649369636963 1.0292398939232603e-21
964.2636561456145 1.0291759261559532e-21
964.3623753275327 1.0291119681511517e-21
964.4610945094508 1.0290480199063688e-21
964.5598136913691 1.0289840814191177e-21
964.6585328732873 1.0289201526869147e-21
964.7572520552054 1.0288562337072747e-21
964.8559712371236 1.0287923244777156e-21
964.9546904190419 1.0287284249957548e-21
965.05340960096 1.0286645352589122e-21
965.1521287828782 1.0286006552647054e-21
965.2508479647964 1.028536785010657e-21
965.3495671467145 1.028472924494287e-21
965.4482863286328 1.0284090737131198e-21
965.547005510551 1.0283452326646765e-21
965.6457246924692 1.0282814013464824e-21
965.7444438743873 1.0282175797560634e-21
965.8431630563056 1.028153767890944e-21
965.9418822382238 1.0280899657486524e-21
966.0406014201419 1.028026173326716e-21
966.1393206020601 1.0279623906226627e-21
966.2380397839784 1.0278986176340236e-21
966.3367589658965 1.0278348543583288e-21
966.4354781478147 1.027771100793109e-21
966.5341973297329 1.0277073569358977e-21
966.632916511651 1.0276436227842273e-21
966.7316356935693 1.0275798983356318e-21
966.8303548754875 1.0275161835876467e-21
966.9290740574057 1.0274524785378083e-21
967.0277932393238 1.0273887831836528e-21
967.1265124212421 1.0273250975227188e-21
967.2252316031603 1.0272614215525439e-21
967.3239507850784 1.0271977552706678e-21
967.4226699669966 1.0271340986746315e-21
967.5213891489149 1.027070451761976e-21
967.620108330833 1.0270068145302438e-21
967.7188275127512 1.026943186976978e-21
967.8175466946694 1.0268795690997214e-21
967.9162658765875 1.026815960896021e-21
968.0149850585058 1.0267523623634208e-21
968.113704240424 1.0266887734994683e-21
968.2124234223421 1.0266251943017118e-21
968.3111426042603 1.0265616247676978e-21
968.4098617861786 1.026498064894978e-21
968.5085809680968 1.026434514681101e-21
968.6073001500149 1.0263709741236187e-21
968.7060193319331 1.0263074432200828e-21
968.8047385138514 1.0262439219680467e-21
968.9034576957695 1.0261804103650638e-21
969.0021768776877 1.0261169084086888e-21
969.1008960596059 1.0260534160964772e-21
969.199615241524 1.0259899334259857e-21
969.2983344234423 1.0259264603947723e-21
969.3970536053605 1.0258629970003947e-21
969.4957727872786 1.0257995432404116e-21
969.5944919691968 1.0257360991123838e-21
969.6932111511151 1.0256726646138722e-21
969.7919303330333 1.0256092397424377e-21
969.8906495149514 1.025545824495644e-21
969.9893686968696 1.0254824188710546e-21
970.0880878787879 1.0254190228662338e-21
970.186807060706 1.0253556364787461e-21
970.2855262426242 1.0252922597061592e-21
970.3842454245424 1.0252288925460395e-21
970.4829646064605 1.0251655349959552e-21
970.5816837883788 1.0251021870534746e-21
970.680402970297 1.0250388487161689e-21
970.7791221522151 1.0249755199816068e-21
970.8778413341333 1.0249122008473608e-21
970.9765605160516 1.0248488913110039e-21
971.0752796979697 1.0247855913701088e-21
971.1739988798879 1.02472230102225e-21
971.2727180618061 1.0246590202650017e-21
971.3714372437244 1.0245957490959403e-21
971.4701564256425 1.0245324875126439e-21
971.5688756075607 1.024469235512688e-21
971.6675947894789 1.024405993093653e-21
971.766313971397 1.0243427602531168e-21
971.8650331533153 1.0242795369886608e-21
971.9637523352335 1.0242163232978661e-21
972.0624715171516 1.0241531191783144e-21
972.1611906990698 1.0240899246275885e-21
972.2599098809881 1.0240267396432735e-21
972.3586290629062 1.0239635642229526e-21
972.4573482448244 1.0239003983642116e-21
972.5560674267426 1.0238372420646384e-21
972.6547866086607 1.0237740953218189e-21
972.753505790579 1.0237109581333414e-21
972.8522249724972 1.0236478304967955e-21
972.9509441544154 1.0235847124097703e-21
973.0496633363335 1.023521603869858e-21
973.1483825182518 1.0234585048746492e-21
973.24710170017 1.0233954154217377e-21
973.3458208820881 1.0233323355087142e-21
973.4445400640063 1.0232692651331764e-21
973.5432592459246 1.0232062042927173e-21
973.6419784278427 1.0231431529849333e-21
973.7406976097609 1.0230801112074219e-21
973.8394167916791 1.0230170789577812e-21
973.9381359735972 1.0229540562336088e-21
974.0368551555155 1.0228910430325044e-21
974.1355743374337 1.0228280393520688e-21
974.2342935193519 1.022765045189903e-21
974.33301270127 1.0227020605436099e-21
974.4317318831883 1.022639085410791e-21
974.5304510651065 1.0225761197890511e-21
974.6291702470246 1.0225131636759954e-21
974.7278894289428 1.0224502170692285e-21
974.8266086108611 1.0223872799663565e-21
974.9253277927792 1.0223243523649883e-21
975.0240469746974 1.022261434262731e-21
975.1227661566156 1.0221985256571943e-21
975.2214853385337 1.0221356265459871e-21
975.320204520452 1.0220727369267207e-21
975.4189237023702 1.0220098567970078e-21
975.5176428842883 1.0219469861544588e-21
975.6163620662065 1.021884124996689e-21
975.7150812481248 1.0218212733213112e-21
975.813800430043 1.0217584311259411e-21
975.9125196119611 1.0216955984081951e-21
976.0112387938793 1.021632775165689e-21
976.1099579757976 1.0215699613960405e-21
976.2086771577157 1.021507157096869e-21
976.3073963396339 1.0214443622657933e-21
976.4061155215521 1.0213815769004345e-21
976.5048347034702 1.0213188009984122e-21
976.6035538853885 1.021256034557349e-21
976.7022730673067 1.021193277574868e-21
976.8009922492248 1.0211305300485935e-21
976.899711431143 1.021067791976148e-21
976.9984306130613 1.0210050633551586e-21
977.0971497949795 1.0209423441832504e-21
977.1958689768976 1.0208796344580522e-21
977.2945881588158 1.0208169341771899e-21
977.393307340734 1.0207542433382928e-21
977.4920265226522 1.0206915619389919e-21
977.5907457045704 1.0206288899769162e-21
977.6894648864886 1.0205662274496979e-21
977.7881840684067 1.020503574354969e-21
977.886903250325 1.0204409306903623e-21
977.9856224322432 1.0203782964535118e-21
978.0843416141613 1.0203156716420525e-21
978.1830607960795 1.0202530562536188e-21
978.2817799779978 1.0201904502858494e-21
978.3804991599159 1.0201278537363806e-21
978.4792183418341 1.0200652666028499e-21
978.5779375237523 1.0200026888828972e-21
978.6766567056706 1.0199401205741614e-21
978.7753758875887 1.0198775616742837e-21
978.8740950695069 1.0198150121809056e-21
978.9728142514251 1.0197524720916701e-21
979.0715334333432 1.0196899414042199e-21
979.1702526152615 1.0196274201161987e-21
979.2689717971797 1.0195649082252526e-21
979.3676909790978 1.0195024057290265e-21
979.466410161016 1.0194399126251668e-21
979.5651293429343 1.019377428911322e-21
979.6638485248524 1.0193149545851391e-21
979.7625677067706 1.019252489644269e-21
979.8612868886888 1.0191900340863603e-21
979.9600060706069 1.0191275879090638e-21
980.0587252525252 1.0190651511100324e-21
980.1574444344434 1.019002723686917e-21
980.2561636163616 1.0189403056373725e-21
980.3548827982797 1.0188778969590528e-21
980.453601980198 1.0188154976496126e-21
980.5523211621162 1.0187531077067074e-21
980.6510403440343 1.0186907271279954e-21
980.7497595259525 1.0186283559111332e-21
980.8484787078708 1.0185659940537783e-21
980.9471978897889 1.0185036415535918e-21
981.0459170717071 1.0184412984082326e-21
981.1446362536253 1.0183789646153626e-21
981.2433554355434 1.018316640172643e-21
981.3420746174617 1.0182543250777356e-21
981.4407937993799 1.0181920193283056e-21
981.5395129812981 1.0181297229220158e-21
981.6382321632162 1.0180674358565324e-21
981.7369513451345 1.0180051581295211e-21
981.8356705270527 1.0179428897386479e-21
981.9343897089708 1.0178806306815817e-21
982.033108890889 1.0178183809559905e-21
982.1318280728073 1.0177561405595432e-21
982.2305472547254 1.0176939094899105e-21
982.3292664366436 1.017631687744763e-21
982.4279856185618 1.0175694753217724e-21
982.5267048004799 1.0175072722186122e-21
982.6254239823982 1.0174450784329546e-21
982.7241431643164 1.0173828939624758e-21
982.8228623462345 1.0173207188048493e-21
982.9215815281527 1.0172585529577508e-21
983.020300710071 1.0171963964188592e-21
983.1190198919892 1.0171342491858492e-21
983.2177390739073 1.0170721112564024e-21
983.3164582558255 1.0170099826281961e-21
983.4151774377438 1.016947863298911e-21
983.5138966196619 1.0168857532662277e-21
983.6126158015801 1.0168236525278285e-21
983.7113349834983 1.016761561081396e-21
983.8100541654164 1.0166994789246133e-21
983.9087733473347 1.0166374060551652e-21
984.0074925292529 1.0165753424707365e-21
984.106211711171 1.016513288169013e-21
984.2049308930892 1.0164512431476814e-21
984.3036500750075 1.0163892074044303e-21
984.4023692569257 1.0163271809369462e-21
984.5010884388438 1.0162651637429193e-21
984.599807620762 1.016203155820041e-21
984.6985268026802 1.0161411571660003e-21
984.7972459845984 1.0160791677784898e-21
984.8959651665166 1.0160171876552015e-21
984.9946843484348 1.0159552167938292e-21
985.0934035303529 1.0158932551920672e-21
985.1921227122712 1.0158313028476103e-21
985.2908418941894 1.0157693597581544e-21
985.3895610761075 1.0157074259213957e-21
985.4882802580257 1.0156455013350322e-21
985.586999439944 1.0155835859967622e-21
985.6857186218621 1.0155216799042842e-21
985.7844378037803 1.015459783055299e-21
985.8831569856985 1.0153978954475077e-21
985.9818761676167 1.0153360170786097e-21
986.0805953495349 1.0152741479463098e-21
986.1793145314531 1.0152122880483098e-21
986.2780337133713 1.0151504373823142e-21
986.3767528952894 1.0150885959460278e-21
986.4754720772077 1.0150267637371566e-21
986.5741912591259 1.0149649407534068e-21
986.672910441044 1.0149031269924852e-21
986.7716296229622 1.014841322452101e-21
986.8703488048805 1.0147795271299621e-21
986.9690679867986 1.0147177410237788e-21
987.0677871687168 1.0146559641312617e-21
987.166506350635 1.0145941964501221e-21
987.2652255325531 1.0145324379780717e-21
987.3639447144714 1.0144706887128247e-21
987.4626638963896 1.0144089486520942e-21
987.5613830783078 1.0143472177935936e-21
987.6601022602259 1.014285496135041e-21
987.7588214421442 1.0142237836741506e-21
987.8575406240624 1.0141620804086398e-21
987.9562598059805 1.0141003863362278e-21
988.0549789878987 1.0140387014546315e-21
988.153698169817 1.0139770257615714e-21
988.2524173517351 1.0139153592547678e-21
988.3511365336533 1.0138537019319412e-21
988.4498557155715 1.013792053790815e-21
988.5485748974896 1.0137304148291104e-21
988.6472940794079 1.0136687850445521e-21
988.7460132613261 1.0136071644348633e-21
988.8447324432443 1.0135455529977692e-21
988.9434516251624 1.0134839507309979e-21
989.0421708070807 1.0134223576322738e-21
989.1408899889989 1.0133607736993262e-21
989.239609170917 1.013299198929882e-21
989.3383283528352 1.013237633321671e-21
989.4370475347534 1.0131760768724236e-21
989.5357667166716 1.013114529579871e-21
989.6344858985898 1.0130529914417437e-21
989.733205080508 1.0129914624557749e-21
989.8319242624261 1.0129299426196974e-21
989.9306434443444 1.012868431931245e-21
990.0293626262626 1.0128069303881538e-21
990.1280818081807 1.012745437988159e-21
990.2268009900989 1.0126839547289958e-21
990.3255201720171 1.0126224806084031e-21
990.4242393539354 1.0125610156241178e-21
990.5229585358535 1.01249955977388e-21
990.6216777177717 1.0124381130554288e-21
990.72039689969 1.0123766754665038e-21
990.8191160816081 1.0123152470048473e-21
990.9178352635263 1.0122538276682014e-21
991.0165544454445 1.0121924174543084e-21
991.1152736273626 1.0121310163609117e-21
991.2139928092809 1.012069624385757e-21
991.3127119911991 1.0120082415265883e-21
991.4114311731172 1.0119468677811526e-21
991.5101503550354 1.011885503147197e-21
991.6088695369536 1.0118241476224682e-21
991.7075887188719 1.0117628012047142e-21
991.80630790079 1.011701463891687e-21
991.9050270827082 1.0116401356811332e-21
992.0037462646264 1.0115788165708056e-21
992.1024654465446 1.0115175065584566e-21
992.2011846284628 1.0114562056418365e-21
992.299903810381 1.0113949138187001e-21
992.3986229922991 1.011333631086801e-21
992.4973421742174 1.011272357443894e-21
992.5960613561356 1.0112110928877343e-21
992.6947805380537 1.0111498374160788e-21
992.7934997199719 1.011088591026685e-21
992.8922189018901 1.0110273537173112e-21
992.9909380838083 1.0109661254857147e-21
993.0896572657265 1.0109049063296566e-21
993.1883764476447 1.0108436962468967e-21
993.2870956295629 1.0107824952351957e-21
993.385814811481 1.010721303292317e-21
993.4845339933993 1.0106601204160215e-21
993.5832531753175 1.0105989466040744e-21
993.6819723572356 1.0105377818542393e-21
993.7806915391538 1.0104766261642809e-21
993.8794107210721 1.010415479531966e-21
993.9781299029902 1.010354341955061e-21
994.0768490849084 1.0102932134313328e-21
994.1755682668266 1.0102320939585508e-21
994.2742874487448 1.0101709835344831e-21
994.373006630663 1.0101098821569002e-21
994.4717258125812 1.0100487898235727e-21
994.5704449944993 1.0099877065322715e-21
994.6691641764176 1.0099266322807697e-21
994.7678833583358 1.0098655670668392e-21
994.866602540254 1.0098045108882554e-21
994.9653217221721 1.0097434637427914e-21
995.0640409040903 1.009682425628223e-21
995.1627600860086 1.009621396542327e-21
995.2614792679267 1.0095603764828793e-21
995.3601984498449 1.0094993654476582e-21
995.4589176317631 1.0094383634344414e-21
995.5576368136813 1.0093773704410098e-21
995.6563559955995 1.009316386465143e-21
995.7550751775177 1.0092554115046209e-21
995.8537943594358 1.009194445557226e-21
995.952513541354 1.0091334886207402e-21
996.0512327232723 1.009072540692947e-21
996.1499519051905 1.0090116017716306e-21
996.2486710871086 1.0089506718545759e-21
996.3473902690268 1.008889750939567e-21
996.4461094509451 1.0088288390243912e-21
996.5448286328632 1.008767936106837e-21
996.6435478147814 1.0087070421846909e-21
996.7422669966996 1.0086461572557405e-21
996.8409861786178 1.008585281317777e-21
996.939705360536 1.0085244143685903e-21
997.0384245424542 1.0084635564059702e-21
997.1371437243723 1.0084027074277107e-21
997.2358629062905 1.0083418674316019e-21
997.3345820882088 1.0082810364154392e-21
997.4333012701269 1.0082202143770153e-21
997.5320204520451 1.0081594013141257e-21
997.6307396339633 1.008098597224566e-21
997.7294588158816 1.008037802106133e-21
997.8281779977997 1.0079770159566234e-21
997.9268971797179 1.0079162387738349e-21
998.0256163616361 1.0078554705555667e-21
998.1243355435543 1.0077947112996185e-21
998.2230547254725 1.0077339610037903e-21
998.3217739073907 1.0076732196658832e-21
998.4204930893088 1.0076124872837e-21
998.519212271227 1.0075517638550418e-21
998.6179314531453 1.0074910493777125e-21
998.7166506350634 1.0074303438495169e-21
998.8153698169816 1.0073696472682593e-21
998.9140889988998 1.0073089596317455e-21
999.0128081808181 1.007248280937782e-21
999.1115273627362 1.007187611184177e-21
999.2102465446544 1.0071269503687372e-21
999.3089657265726 1.0070662984892715e-21
999.4076849084908 1.0070056555435902e-21
999.506404090409 1.0069450215295036e-21
999.6051232723272 1.0068843964448222e-21
999.7038424542453 1.0068237802873577e-21
999.8025616361635 1.006763173054924e-21
999.9012808180818 1.006702574745333e-21
1000.0 1.0066419853564002e-21
