0.0 0.0
10.809 0.0
10.90792899289929 2.7199127582621e-20
11.006857985798579 5.1934683623874306e-20
11.10578697869787 7.450664990331218e-20
11.204715971597158 9.517847959998443e-20
11.30364496449645 1.1418151753987035e-19
11.402573957395738 1.3171887971538572e-19
11.501502950295029 1.4796885980306428e-19
11.60043194319432 1.630879216534241e-19
11.699360936093608 1.7721332914675146e-19
11.798289928992899 1.90465458237316e-19
11.897218921892188 2.0294983030679976e-19
11.996147914791479 2.1475890099629595e-19
12.095076907690768 2.2597363438254604e-19
12.194005900590058 2.366648886204762e-19
12.292934893489349 2.4689463591484154e-19
12.391863886388638 2.567170368442556e-19
12.490792879287929 2.661793865847705e-19
12.589721872187217 2.753229484197045e-19
12.688650865086508 2.8418368803570494e-19
12.787579857985797 2.9279292045639314e-19
12.886508850885088 3.0117788002322955e-19
12.985437843784378 3.093622225716789e-19
13.084366836683667 3.173664678461623e-19
13.183295829582958 3.252083892293147e-19
13.282224822482247 3.3290335701269824e-19
13.381153815381538 3.4046464069153023e-19
13.480082808280827 3.479036751127984e-19
13.579011801180117 3.552302947321547e-19
13.677940794079408 3.6245293973081785e-19
13.776869786978697 3.695788373003471e-19
13.875798779877988 3.766141610131827e-19
13.974727772777277 3.8356417085367233e-19
14.073656765676567 3.9043333618205574e-19
14.172585758575856 3.9722544363773217e-19
14.271514751475147 4.039436917535518e-19
14.370443744374438 4.1059077384596496e-19
14.469372737273726 4.1716895056354336e-19
14.568301730173017 4.2368011331535196e-19
14.667230723072306 4.301258396586097e-19
14.766159715971597 4.365074415996051e-19
14.865088708870886 4.428260076511061e-19
14.964017701770176 4.490824393914738e-19
15.062946694669467 4.552774831843485e-19
15.161875687568756 4.614117576411253e-19
15.260804680468045 4.674857773409337e-19
15.359733673367336 4.734999732629681e-19
15.458662666266626 4.794547103331086e-19
15.557591659165915 4.853503024400057e-19
15.656520652065206 4.911870252342973e-19
15.755449644964497 4.969651269880698e-19
15.854378637863785 5.026848377591361e-19
15.953307630763074 5.083463770760487e-19
16.052236623662367 5.139499603342889e-19
16.151165616561656 5.194958040716147e-19
16.250094609460945 5.249841302705869e-19
16.349023602360234 5.304151698186752e-19
16.447952595259526 5.357891652407357e-19
16.546881588158815 5.411063728048035e-19
16.645810581058104 5.463670640899897e-19
16.744739573957396 5.515715270943341e-19
16.843668566856685 5.567200669510351e-19
16.942597559755974 5.618130063128872e-19
17.041526552655263 5.668506854573616e-19
17.140455545554556 5.718334621581012e-19
17.239384538453844 5.767617113627756e-19
17.338313531353133 5.81635824712092e-19
17.437242524252426 5.864562099301823e-19
17.536171517151715 5.912232901125627e-19
17.635100510051004 5.959375029343897e-19
17.734029502950293 6.005992997984856e-19
17.832958495849585 6.052091449400005e-19
17.931887488748874 6.097675145020869e-19
18.030816481648163 6.142748955948267e-19
18.129745474547455 6.187317853478531e-19
18.228674467446744 6.231386899654152e-19
18.327603460346033 6.274961237912486e-19
18.426532453245322 6.318046083893459e-19
18.525461446144615 6.360646716456226e-19
18.624390439043903 6.402768468945701e-19
18.723319431943192 6.444416720740925e-19
18.822248424842485 6.485596889110971e-19
18.921177417741774 6.526314421396959e-19
19.020106410641063 6.5665747875344e-19
19.11903540354035 6.60638347292473e-19
19.21796439643964 6.645745971661376e-19
19.316893389338933 6.684667780112505e-19
19.415822382238225 6.723154390859346e-19
19.514751375137514 6.76121128698698e-19
19.613680368036803 6.798843936722566e-19
19.712609360936092 6.836057788413855e-19
19.81153835383538 6.8728582658402455e-19
19.91046734673467 6.9092507638469025e-19
20.009396339633962 6.945240644291973e-19
20.108325332533255 6.980833232296243e-19
20.207254325432544 7.016033812784093e-19
20.306183318331833 7.05084762730412e-19
20.40511231123112 7.085279871117965e-19
20.50404130413041 7.119335690545264e-19
20.6029702970297 7.153020180553269e-19
20.701899289928992 7.186338382579049e-19
20.800828282828284 7.219295282572949e-19
20.899757275727573 7.251895809251855e-19
20.998686268626862 7.284144832550967e-19
21.09761526152615 7.316047162263406e-19
21.19654425442544 7.347607546856781e-19
21.29547324732473 7.378830672456801e-19
21.39440224022402 7.409721161987591e-19
21.493331233123314 7.440283574459479e-19
21.592260226022603 7.470522404394841e-19
21.691189218921892 7.50044208138311e-19
21.79011821182118 7.530046969756635e-19
21.88904720472047 7.559341368379094e-19
21.98797619761976 7.588329510538744e-19
22.08690519051905 7.617015563939064e-19
22.185834183418343 7.645403630779923e-19
22.284763176317632 7.673497747922125e-19
22.38369216921692 7.701301887129566e-19
22.48262116211621 7.728819955382309e-19
22.5815501550155 7.756055795255316e-19
22.680479147914788 7.783013185357213e-19
22.77940814081408 7.809695840823927e-19
22.878337133713373 7.836107413862485e-19
22.977266126612662 7.862251494340172e-19
23.07619511951195 7.888131610415126e-19
23.17512411241124 7.913751229203837e-19
23.27405310531053 7.939113757482087e-19
23.372982098209818 7.964222542415672e-19
23.47191109110911 7.98908087231748e-19
23.570840084008402 8.013691977427756e-19
23.66976907690769 8.038059030714805e-19
23.76869806980698 8.062185148693079e-19
23.86762706270627 8.08607339225636e-19
23.966556055605558 8.10972676752341e-19
24.065485048504847 8.133148226694063e-19
24.16441404140414 8.156340668913406e-19
24.263343034303432 8.179306941142461e-19
24.36227202720272 8.202049839033198e-19
24.46120102010201 8.22457210780655e-19
24.5601300130013 8.24687644313165e-19
24.659059005900588 8.268965492004994e-19
24.757987998799877 8.290841853628207e-19
24.85691699169917 8.312508080283076e-19
24.95584598459846 8.333966678203014e-19
25.05477497749775 8.355220108439608e-19
25.15370397039704 8.376270787723606e-19
25.25263296329633 8.397121089319272e-19
25.351561956195617 8.417773343871549e-19
25.450490949094906 8.438229840245139e-19
25.5494199419942 8.4584928263549775e-19
25.64834893489349 8.478564509987509e-19
25.74727792779278 8.498447059612331e-19
25.84620692069207 8.518142605183489e-19
25.945135913591358 8.537653238930447e-19
26.044064906490647 8.556981016137971e-19
26.142993899389936 8.576127955914853e-19
26.241922892289228 8.595096041951177e-19
26.34085188518852 8.613887223263787e-19
26.43978087808781 8.632503414929941e-19
26.5387098709871 8.650946498808849e-19
26.637638863886387 8.669218324251041e-19
26.736567856785676 8.687320708795437e-19
26.835496849684965 8.705255438854093e-19
26.934425842584254 8.723024270384507e-19
27.03335483548355 8.740628929549542e-19
27.13228382838284 8.758071113364921e-19
27.231212821282128 8.775352490334307e-19
27.330141814181417 8.792474701072024e-19
27.429070807080706 8.809439358913494e-19
27.527999799979995 8.826248050513367e-19
27.626928792879283 8.842902336431559e-19
27.72585778577858 8.859403751707186e-19
27.82478677867787 8.875753806420523e-19
27.923715771577157 8.891953986243178e-19
28.022644764476446 8.90800575297647e-19
28.121573757375735 8.923910545078256e-19
28.220502750275024 8.939669778178312e-19
28.319431743174313 8.955284845582413e-19
28.41836073607361 8.970757118765248e-19
28.517289728972898 8.986087947852374e-19
28.616218721872187 9.001278662091296e-19
28.715147714771476 9.016330570311946e-19
28.814076707670765 9.031244961376644e-19
28.913005700570054 9.046023104619687e-19
29.011934693469343 9.060666250276905e-19
29.11086368636864 9.075175629905147e-19
29.209792679267927 9.089552456792007e-19
29.308721672167216 9.103797926355968e-19
29.407650665066505 9.117913216537079e-19
29.506579657965794 9.131899488178354e-19
29.605508650865083 9.145757885398188e-19
29.704437643764372 9.159489535953732e-19
29.803366636663668 9.173095551595707e-19
29.902295629562957 9.186577028414546e-19
30.001224622462246 9.199935047178256e-19
30.100153615361535 9.213170673662055e-19
30.199082608260824 9.226284958969976e-19
30.298011601160113 9.23927893984867e-19
30.3969405940594 9.252153638993503e-19
30.495869586958698 9.264910065347182e-19
30.594798579857986 9.27754921439097e-19
30.693727572757275 9.290072068428845e-19
30.792656565656564 9.302479596864503e-19
30.891585558555853 9.31477275647164e-19
30.990514551455142 9.326952491657485e-19
31.08944354435443 9.339019734719768e-19
31.188372537253727 9.350975406097347e-19
31.287301530153016 9.362820414614585e-19
31.386230523052305 9.374555657719645e-19
31.485159515951594 9.386182021716825e-19
31.584088508850883 9.397700381993138e-19
31.68301750175017 9.409111603239145e-19
31.78194649464946 9.42041653966441e-19
31.880875487548757 9.431616035207429e-19
31.979804480448045 9.442710923740371e-19
32.078733473347334 9.453702029268722e-19
32.17766246624662 9.464590166125859e-19
32.27659145914591 9.475376139162835e-19
32.3755204520452 9.486060743933355e-19
32.47444944494449 9.496644766874165e-19
32.573378437843786 9.50712898548086e-19
32.672307430743075 9.517514168479398e-19
32.771236423642364 9.527801075993242e-19
32.87016541654165 9.53799045970639e-19
32.96909440944094 9.54808306302224e-19
33.06802340234023 9.558079621218629e-19
33.16695239523952 9.567980861598873e-19
33.265881388138816 9.577787503639158e-19
33.364810381038104 9.58750025913218e-19
33.46373937393739 9.597119832327265e-19
33.56266836683668 9.606646920066998e-19
33.66159735973597 9.616082211920489e-19
33.76052635263526 9.625426390313278e-19
33.85945534553455 9.63468013065412e-19
33.958384338433845 9.643844101458581e-19
34.057313331333134 9.65291896446962e-19
34.15624232423242 9.661905374775183e-19
34.25517131713171 9.670803980922939e-19
34.354100310031 9.679615425032215e-19
34.45302930293029 9.688340342903152e-19
34.55195829582958 9.696979364123256e-19
34.650887288728875 9.705533112171333e-19
34.74981628162816 9.7140022045189e-19
34.84874527452745 9.722387252729144e-19
34.94767426742674 9.73068886255351e-19
35.04660326032603 9.738907634025956e-19
35.14553225322532 9.74704416155493e-19
35.24446124612461 9.755099034013194e-19
35.343390239023904 9.763072834825437e-19
35.44231923192319 9.770966142053862e-19
35.54124822482248 9.778779528481732e-19
35.64017721772177 9.786513561694928e-19
35.73910621062106 9.794168804161584e-19
35.83803520352035 9.801745813309874e-19
35.93696419641964 9.809245141603992e-19
36.035893189318934 9.816667336618296e-19
36.13482218221822 9.824012941109816e-19
36.23375117511751 9.831282493089028e-19
36.3326801680168 9.838476525889027e-19
36.43160916091609 9.845595568233076e-19
36.53053815381538 9.8526401443007e-19
36.62946714671467 9.859610773792157e-19
36.72839613961396 9.86650797199153e-19
36.82732513251325 9.87333224982839e-19
36.92625412541254 9.880084113938038e-19
37.02518311831183 9.88676406672046e-19
37.12411211121112 9.893372606397883e-19
37.22304110411041 9.899910227071165e-19
37.3219700970097 9.906377418774856e-19
37.42089908990899 9.912774667531092e-19
37.51982808280828 9.919102455402318e-19
37.61875707570757 9.925361260542843e-19
37.71768606860686 9.931551557249303e-19
37.81661506150615 9.93767381601004e-19
37.91554405440544 9.943728503553425e-19
38.014473047304726 9.949716082895152e-19
38.11340204020402 9.955637013384523e-19
38.21233103310331 9.961491750749795e-19
38.3112600260026 9.967280747142532e-19
38.41018901890189 9.973004451181127e-19
38.50911801180118 9.978663307993292e-19
38.60804700470047 9.984257759257792e-19
38.706975997599756 9.989788243245305e-19
38.80590499049905 9.995255194858393e-19
38.90483398339834 1.0000659045670776e-18
39.00376297629763 1.0006000223965705e-18
39.10269196919692 1.0011279154773685e-18
39.20162096209621 1.0016496259909358e-18
39.300549954995496 1.0021651958007743e-18
39.399478947894785 1.0026746664559694e-18
39.49840794079408 1.0031780791946778e-18
39.59733693369337 1.0036754749475363e-18
39.69626592659266 1.0041668943410136e-18
39.79519491949195 1.0046523777006995e-18
39.89412391239124 1.0051319650545255e-18
39.993052905290526 1.0056056961359327e-18
40.091981898189815 1.0060736103869774e-18
40.19091089108911 1.0065357469613785e-18
40.2898398839884 1.0069921447275141e-18
40.38876887688769 1.0074428422713613e-18
40.48769786978698 1.0078878778993789e-18
40.586626862686266 1.0083272896413485e-18
40.685555855585555 1.0087611152531575e-18
40.784484848484844 1.009189392219535e-18
40.88341384138414 1.0096121577567433e-18
40.98234283428343 1.01002944881522e-18
41.08127182718272 1.0104413020821754e-18
41.18020082008201 1.0108477539841474e-18
41.279129812981296 1.0112488406895094e-18
41.378058805880585 1.0116445981109437e-18
41.476987798779874 1.012035061907866e-18
41.57591679167917 1.0124202674888163e-18
41.67484578457846 1.0128002500138072e-18
41.77377477747775 1.0131750443966353e-18
41.872703770377036 1.0135446853071569e-18
41.971632763276325 1.013909207173527e-18
42.070561756175614 1.0142686441844015e-18
42.1694907490749 1.0146230302911076e-18
42.2684197419742 1.0149723992097793e-18
42.36734873487349 1.0153167844234617e-18
42.46627772777278 1.0156562191841804e-18
42.565206720672066 1.015990736514983e-18
42.664135713571355 1.0163203692119494e-18
42.763064706470644 1.0166451498461703e-18
42.86199369936993 1.0169651107656998e-18
42.96092269226922 1.017280284097479e-18
43.05985168516851 1.0175907017492283e-18
43.15878067806781 1.0178963954113199e-18
43.257709670967095 1.0181973965586168e-18
43.356638663866384 1.0184937364522912e-18
43.45556765676567 1.0187854461416124e-18
43.55449664966496 1.0190725564657185e-18
43.65342564256425 1.0193550980553535e-18
43.75235463546354 1.019633101334591e-18
43.851283628362836 1.0199065965225262e-18
43.950212621262125 1.020175613634953e-18
44.049141614161414 1.0204401824860154e-18
44.1480706070607 1.0207003326898337e-18
44.24699959995999 1.0209560936621198e-18
44.34592859285928 1.0212074946217615e-18
44.44485758575857 1.0214545645923937e-18
44.543786578657866 1.0216973324039457e-18
44.642715571557154 1.021935826694173e-18
44.74164456445644 1.0221700759101665e-18
44.84057355735573 1.022400108309845e-18
44.93950255025502 1.022625951963433e-18
45.03843154315431 1.0228476347549115e-18
45.1373605360536 1.023065184383464e-18
45.236289528952895 1.0232786283648956e-18
45.335218521852184 1.0234879940330394e-18
45.43414751475147 1.0236933085411478e-18
45.53307650765076 1.0238945988632644e-18
45.63200550055005 1.0240918917955841e-18
45.73093449344934 1.0242852139577945e-18
45.82986348634863 1.024474591794406e-18
45.928792479247925 1.024660051576062e-18
46.02772147214721 1.0248416194008421e-18
46.1266504650465 1.025019321195542e-18
46.22557945794579 1.025193182716949e-18
46.32450845084508 1.0253632295530966e-18
46.42343744374437 1.0255294871245082e-18
46.52236643664366 1.0256919806854305e-18
46.621295429542954 1.0258507353250494e-18
46.72022442244224 1.0260057759686953e-18
46.81915341534153 1.0261571273790386e-18
46.91808240824082 1.0263048141572669e-18
47.01701140114011 1.0264488607442583e-18
47.1159403940394 1.026589291421735e-18
47.21486938693869 1.02672613031341e-18
47.31379837983798 1.0268594013861243e-18
47.41272737273727 1.026989128450965e-18
47.51165636563656 1.0271153351643833e-18
47.61058535853585 1.0272380450292913e-18
47.70951435143514 1.0273572813961564e-18
47.80844334433443 1.0274730674640808e-18
47.90737233723372 1.0275854262818724e-18
48.00630133013301 1.0276943807491048e-18
48.1052303230323 1.0277999536171672e-18
48.20415931593159 1.0279021674903077e-18
48.30308830883088 1.0280010448266627e-18
48.40201730173017 1.0280966079392789e-18
48.50094629462946 1.0281888789971267e-18
48.59987528752875 1.0282778800261044e-18
48.69880428042804 1.0283636329100293e-18
48.79773327332733 1.0284461593916298e-18
48.89666226622662 1.0285254810735148e-18
48.99559125912591 1.0286016194191498e-18
49.0945202520252 1.0286745957538105e-18
49.19344924492449 1.028744431265539e-18
49.292378237823776 1.0288111470060858e-18
49.39130723072307 1.0288747638918436e-18
49.49023622362236 1.028935302704778e-18
49.58916521652165 1.0289927840933457e-18
49.68809420942094 1.0290472285734053e-18
49.78702320232023 1.0290986565291236e-18
49.88595219521952 1.0291470882138715e-18
49.984881188118806 1.0291925437511126e-18
50.0838101810181 1.029235043135287e-18
50.18273917391739 1.029274606232684e-18
50.28166816681668 1.0293112527823125e-18
50.38059715971597 1.0293450023967595e-18
50.47952615261526 1.029375874563044e-18
50.578455145514546 1.0294038886434654e-18
50.677384138413835 1.0294290638764422e-18
50.77631313131313 1.0294514193773456e-18
50.87524212421242 1.0294709741393279e-18
50.97417111711171 1.0294877470341397e-18
51.073100110011 1.0295017568129478e-18
51.17202910291029 1.0295130221071397e-18
51.270958095809576 1.0295215614291267e-18
51.369887088708865 1.0295273931731363e-18
51.46881608160816 1.0295305356160061e-18
51.56774507450745 1.0295310069179614e-18
51.66667406740674 1.0295288251233956e-18
51.76560306030603 1.0295240081616399e-18
51.864532053205316 1.0295165738477284e-18
51.963461046104605 1.029506539883158e-18
52.062390039003894 1.029493923856642e-18
52.16131903190319 1.0294787432448575e-18
52.26024802480248 1.0294610154131886e-18
52.35917701770177 1.0294407576164629e-18
52.45810601060106 1.029417986999683e-18
52.557035003500346 1.0293927205987517e-18
52.655963996399635 1.0293649753411952e-18
52.754892989298924 1.0293347680468749e-18
52.85382198219822 1.0293021154286999e-18
52.95275097509751 1.0292670340933318e-18
53.0516799679968 1.029229540541884e-18
53.150608960896086 1.0291896511706151e-18
53.249537953795375 1.0291473822716221e-18
53.348466946694664 1.0291027500335208e-18
53.44739593959395 1.0290557705421285e-18
53.54632493249325 1.0290064597811376e-18
53.64525392539254 1.0289548336327868e-18
53.74418291829183 1.0289009078785255e-18
53.843111911191116 1.0288446981996728e-18
53.942040904090405 1.0287862201780774e-18
54.040969896989694 1.0287254892967632e-18
54.13989888988898 1.0286625209405812e-18
54.23882788278828 1.028597330396849e-18
54.33775687568757 1.028529932855987e-18
54.436685868586856 1.0284603434121528e-18
54.535614861486145 1.028388577063871e-18
54.634543854385434 1.0283146487146544e-18
54.73347284728472 1.0282385731736266e-18
54.83240184018401 1.0281603651561346e-18
54.93133083308331 1.0280800392843624e-18
55.0302598259826 1.027997610087937e-18
55.129188818881886 1.0279130920045307e-18
55.228117811781175 1.0278264993804586e-18
55.327046804680464 1.027737846471277e-18
55.42597579757975 1.0276471474423672e-18
55.52490479047904 1.027554416369529e-18
55.62383378337834 1.0274596672395572e-18
55.72276277627763 1.0273629139508213e-18
55.821691769176915 1.0272641703138414e-18
55.920620762076204 1.0271634500518565e-18
56.01954975497549 1.027060766801391e-18
56.11847874787478 1.0269561341128191e-18
56.21740774077407 1.0268495654509204e-18
56.31633673367337 1.0267410741954376e-18
56.415265726572656 1.0266306736416255e-18
56.514194719471945 1.0265183770007989e-18
56.613123712371234 1.0264041974008774e-18
56.71205270527052 1.0262881478869232e-18
56.81098169816981 1.0261702414216787e-18
56.9099106910691 1.0260504908860985e-18
57.0088396839684 1.02592890907988e-18
57.107768676867686 1.0258055087219863e-18
57.206697669766974 1.0256803024511693e-18
57.30562666266626 1.0255533028264889e-18
57.40455565556555 1.0254245223278264e-18
57.50348464846484 1.0252939733563971e-18
57.60241364136413 1.0251616682352583e-18
57.701342634263426 1.0250276192098112e-18
57.800271627162715 1.0248918384483073e-18
57.899200620062004 1.0247543380423416e-18
57.99812961296129 1.024615130007348e-18
58.09705860586058 1.024474226283093e-18
58.19598759875987 1.0243316387341596e-18
58.29491659165916 1.024187379150436e-18
58.393845584558456 1.0240414592475948e-18
58.492774577457745 1.0238938906675702e-18
58.59170357035703 1.0237446849790354e-18
58.69063256325632 1.023593853677873e-18
58.78956155615561 1.0234414081876442e-18
58.8884905490549 1.0232873598600548e-18
58.98741954195419 1.0231317199754142e-18
59.086348534853485 1.0229744997431015e-18
59.185277527752774 1.0228157103020162e-18
59.28420652065206 1.0226553627210324e-18
59.38313551355135 1.0224934679994507e-18
59.48206450645064 1.0223300370674449e-18
59.58099349934993 1.0221650807865067e-18
59.67992249224922 1.0219986099498857e-18
59.778851485148515 1.021830635283029e-18
59.877780478047804 1.021661167444017e-18
59.97670947094709 1.0214902170239957e-18
60.07563846384638 1.0213177945476054e-18
60.17456745674567 1.021143910473409e-18
60.27349644964496 1.0209685751943176e-18
60.37242544254425 1.0207917990380076e-18
60.471354435443544 1.0206135922673433e-18
60.57028342834283 1.0204339650807914e-18
60.66921242124212 1.0202529276128329e-18
60.76814141414141 1.0200704899343743e-18
60.8670704070407 1.0198866620531561e-18
60.96599939993999 1.0197014539141569e-18
61.06492839283928 1.019514875399994e-18
61.163857385738574 1.0193269363313275e-18
61.26278637863786 1.019137646467252e-18
61.36171537153715 1.0189470155056945e-18
61.46064436443644 1.0187550530838042e-18
61.55957335733573 1.0185617687783428e-18
61.65850235023502 1.0183671721060724e-18
61.75743134313431 1.0181712725241362e-18
61.8563603360336 1.0179740794304416e-18
61.95528932893289 1.0177756021640403e-18
62.05421832183218 1.0175758500055041e-18
62.15314731473147 1.0173748321772988e-18
62.25207630763076 1.0171725578441546e-18
62.35100530053005 1.016969036113438e-18
62.44993429342934 1.016764276035517e-18
62.54886328632863 1.0165582866041238e-18
62.64779227922792 1.0163510767567204e-18
62.74672127212721 1.0161426553748545e-18
62.8456502650265 1.015933031284519e-18
62.94457925792579 1.0157222132565061e-18
63.04350825082508 1.0155102100067594e-18
63.142437243724366 1.0152970301967253e-18
63.24136623662366 1.0150826824336987e-18
63.34029522952295 1.0148671752711717e-18
63.43922422242224 1.0146505172091734e-18
63.53815321532153 1.014432716694614e-18
63.63708220822082 1.014213782121623e-18
63.73601120112011 1.013993721831883e-18
63.834940194019396 1.0137725441149685e-18
63.93386918691869 1.0135502572086754e-18
64.03279817981799 1.0133268692993514e-18
64.13172717271728 1.0131023885222238e-18
64.23065616561657 1.0128768229617264e-18
64.32958515851585 1.012650180651822e-18
64.42851415141514 1.0124224695763222e-18
64.52744314431443 1.0121936976692125e-18
64.62637213721372 1.0119638728149614e-18
64.72530113011301 1.0117330028488435e-18
64.8242301230123 1.011501095557246e-18
64.92315911591159 1.0112681586779856e-18
65.02208810881088 1.011034199900612e-18
65.12101710171017 1.0107992268667195e-18
65.21994609460945 1.0105632471702495e-18
65.31887508750876 1.0103262683577936e-18
65.41780408040805 1.0100882979288957e-18
65.51673307330734 1.0098493433363504e-18
65.61566206620662 1.0096094119865003e-18
65.71459105910591 1.0093685112395295e-18
65.8135200520052 1.0091266484097607e-18
65.91244904490449 1.008883830765942e-18
66.01137803780378 1.0086400655315385e-18
66.11030703070307 1.008395359885021e-18
66.20923602360236 1.0081497209601479e-18
66.30816501650165 1.0079031558462541e-18
66.40709400940094 1.007655671588527e-18
66.50602300230022 1.0074072751882912e-18
66.60495199519951 1.0071579736032849e-18
66.70388098809882 1.0069077737479356e-18
66.8028099809981 1.0066566824936357e-18
66.9017389738974 1.0064047066690153e-18
67.00066796679668 1.0061518530602125e-18
67.09959695969597 1.0058981284111443e-18
67.19852595259526 1.0056435394237696e-18
67.29745494549455 1.0053880927583605e-18
67.39638393839384 1.005131795033764e-18
67.49531293129313 1.004874652827662e-18
67.59424192419242 1.0046166726768355e-18
67.6931709170917 1.0043578610774214e-18
67.792099909991 1.0040982244851697e-18
67.89102890289028 1.003837769315698e-18
67.98995789578957 1.003576501944749e-18
68.08888688868888 1.0033144287084382e-18
68.18781588158816 1.0030515559035067e-18
68.28674487448745 1.0027878897875695e-18
68.38567386738674 1.0025234365793626e-18
68.48460286028603 1.0022582024589898e-18
68.58353185318532 1.0019921935681638e-18
68.68246084608461 1.0017254160104518e-18
68.7813898389839 1.0014578758515143e-18
68.88031883188319 1.0011895791193446e-18
68.97924782478248 1.0009205318045082e-18
69.07817681768176 1.0006507398603754e-18
69.17710581058105 1.0003802092033602e-18
69.27603480348034 1.0001089457131492e-18
69.37496379637963 9.998369552329359e-19
69.47389278927893 9.9956424356965e-19
69.57282178217822 9.99290816494185e-19
69.67175077507751 9.990166797416265e-19
69.7706797679768 9.987418390114773e-19
69.86960876087609 9.984662999678807e-19
69.96853775377538 9.981900682398447e-19
70.06746674667467 9.979131494214604e-19
70.16639573957396 9.97635549072125e-19
70.26532473247325 9.973572727167584e-19
70.36425372537254 9.970783258460194e-19
70.46318271827182 9.96798713916522e-19
70.56211171117111 9.965184423510505e-19
70.6610407040704 9.962375165387685e-19
70.75996969696969 9.959559418354355e-19
70.858898689869 9.956737235636107e-19
70.95782768276828 9.953908670128678e-19
71.05675667566757 9.951073774399961e-19
71.15568566856686 9.94823260069211e-19
71.25461466146615 9.945385200923563e-19
71.35354365436544 9.942531626691066e-19
71.45247264726473 9.939671929271708e-19
71.55140164016402 9.936806159624913e-19
71.6503306330633 9.93393436839444e-19
71.7492596259626 9.931056605910368e-19
71.84818861886188 9.928172922191035e-19
71.94711761176117 9.925283366945017e-19
72.04604660466046 9.922387989573057e-19
72.14497559755975 9.919486839170006e-19
72.24390459045905 9.916579964526708e-19
72.34283358335834 9.913667414131934e-19
72.44176257625763 9.910749236174263e-19
72.54069156915692 9.907825478543941e-19
72.63962056205621 9.904896188834785e-19
72.7385495549555 9.90196141434599e-19
72.83747854785479 9.89902120208401e-19
72.93640754075408 9.89607559876438e-19
73.03533653365336 9.893124650813504e-19
73.13426552655265 9.890168404370495e-19
73.23319451945194 9.887206905288958e-19
73.33212351235123 9.884240199138763e-19
73.43105250525052 9.881268331207833e-19
73.52998149814981 9.878291346503892e-19
73.62891049104911 9.875309289756206e-19
73.7278394839484 9.872322205417349e-19
73.82676847684769 9.86933013766488e-19
73.92569746974698 9.86633313040311e-19
74.02462646264627 9.863331227264772e-19
74.12355545554556 9.8603244716127e-19
74.22248444844485 9.857312906541575e-19
74.32141344134413 9.854296574879504e-19
74.42034243424342 9.851275519189757e-19
74.51927142714271 9.84824978177237e-19
74.618200420042 9.845219404665798e-19
74.71712941294129 9.842184429648556e-19
74.81605840584058 9.839144898240784e-19
74.91498739873987 9.836100851705933e-19
75.01391639163916 9.833052331052284e-19
75.11284538453845 9.829999377034587e-19
75.21177437743773 9.826942030155607e-19
75.31070337033702 9.82388033066769e-19
75.40963236323633 9.820814318574336e-19
75.50856135613562 9.817744033631724e-19
75.6074903490349 9.81466951535026e-19
75.7064193419342 9.8115908029961e-19
75.80534833483348 9.808507935592651e-19
75.90427732773277 9.80542095192209e-19
76.00320632063206 9.802329890526868e-19
76.10213531353135 9.799234789711156e-19
76.20106430643064 9.796135687542377e-19
76.29999329932993 9.793032621852625e-19
76.39892229222922 9.789925630240144e-19
76.4978512851285 9.786814750070771e-19
76.5967802780278 9.783700018479388e-19
76.69570927092708 9.780581472371317e-19
76.79463826382639 9.777459148423775e-19
76.89356725672567 9.774333083087266e-19
76.99249624962496 9.771203312586984e-19
77.09142524252425 9.768069872924212e-19
77.19035423542354 9.764932799877702e-19
77.28928322832283 9.761792129005031e-19
77.38821222122212 9.758647895644016e-19
77.48714121412141 9.755500134914004e-19
77.5860702070207 9.752348881717287e-19
77.68499919991999 9.749194170740382e-19
77.78392819281927 9.746036036455399e-19
77.88285718571856 9.742874513121357e-19
77.98178617861785 9.739709634785482e-19
78.08071517151714 9.736541435284538e-19
78.17964416441644 9.733369948246092e-19
78.27857315731573 9.730195207089838e-19
78.37750215021502 9.72701724502884e-19
78.47643114311431 9.723836095070837e-19
78.5753601360136 9.720651790019473e-19
78.67428912891289 9.717464362475592e-19
78.77321812181218 9.71427384483845e-19
78.87214711471147 9.711080269306978e-19
78.97107610761076 9.707883667880997e-19
79.07000510051004 9.704684072362453e-19
79.16893409340933 9.701481514356626e-19
79.26786308630862 9.698276025273342e-19
79.36679207920791 9.69506763632817e-19
79.4657210721072 9.69185637854362e-19
79.5646500650065 9.688642282750309e-19
79.66357905790579 9.685425379588177e-19
79.76250805080508 9.682205699507607e-19
79.86143704370437 9.67898327277063e-19
79.96036603660366 9.67575812945205e-19
80.05929502950295 9.672530299440605e-19
80.15822402240224 9.669299812440116e-19
80.25715301530153 9.666066697970592e-19
80.35608200820081 9.662830985369381e-19
80.4550110011001 9.659592703792273e-19
80.55393999399939 9.656351882214626e-19
80.65286898689868 9.653108549432449e-19
80.75179797979797 9.649862734063515e-19
80.85072697269726 9.646614464548447e-19
80.94965596559656 9.643363769151799e-19
81.04858495849585 9.640110675963131e-19
81.14751395139514 9.636855212898075e-19
81.24644294429443 9.633597407699407e-19
81.34537193719372 9.6303372879381e-19
81.44430093009301 9.62707488101436e-19
81.5432299229923 9.62381021415868e-19
81.64215891589159 9.620543314432878e-19
81.74108790879087 9.617274208731111e-19
81.84001690169016 9.61400292378091e-19
81.93894589458945 9.610729486144197e-19
82.03787488748874 9.60745392221828e-19
82.13680388038803 9.604176258236865e-19
82.23573287328732 9.60089652027106e-19
82.33466186618662 9.597614734230336e-19
82.43359085908591 9.594330925863564e-19
82.5325198519852 9.59104512075993e-19
82.63144884488449 9.587757344349943e-19
82.73037783778378 9.584467621906394e-19
82.82930683068307 9.581175978545324e-19
82.92823582358236 9.57788243922694e-19
83.02716481648164 9.574587028756605e-19
83.12609380938093 9.571289771785762e-19
83.22502280228022 9.56799069281286e-19
83.32395179517951 9.56468981618429e-19
83.4228807880788 9.561387166095318e-19
83.52180978097809 9.558082766590972e-19
83.62073877387738 9.554776641566995e-19
83.71966776677668 9.551468814770708e-19
83.81859675967597 9.548159309801944e-19
83.91752575257526 9.544848150113928e-19
84.01645474547455 9.541535359014146e-19
84.11538373837384 9.538220959665268e-19
84.21431273127313 9.534904975085987e-19
84.31324172417241 9.53158742815192e-19
84.4121707170717 9.528268341596452e-19
84.51109970997099 9.5249477380116e-19
84.61002870287028 9.521625639848886e-19
84.70895769576957 9.518302069420163e-19
84.80788668866886 9.514977048898478e-19
84.90681568156815 9.511650600318884e-19
85.00574467446744 9.508322745579314e-19
85.10467366736674 9.50499350644137e-19
85.20360266026603 9.501662904531176e-19
85.30253165316532 9.498330961340171e-19
85.4014606460646 9.49499769822594e-19
85.5003896389639 9.491663136413018e-19
85.59931863186318 9.488327296993677e-19
85.69824762476247 9.484990200928748e-19
85.79717661766176 9.481651869048397e-19
85.89610561056105 9.47831232205291e-19
85.99503460346034 9.474971580513491e-19
86.09396359635963 9.47162966487303e-19
86.19289258925892 9.468286595446862e-19
86.2918215821582 9.464942392423563e-19
86.3907505750575 9.461597075865691e-19
86.4896795679568 9.458250665710556e-19
86.58860856085609 9.454903181770963e-19
86.68753755375538 9.45155464373597e-19
86.78646654665467 9.44820507117162e-19
86.88539553955395 9.444854483521701e-19
86.98432453245324 9.441502900108458e-19
87.08325352535253 9.438150340133325e-19
87.18218251825182 9.434796822677684e-19
87.28111151115111 9.431442366703526e-19
87.3800405040504 9.428086991054223e-19
87.47896949694969 9.424730714455214e-19
87.57789848984898 9.421373555514706e-19
87.67682748274827 9.418015532724396e-19
87.77575647564755 9.414656664460157e-19
87.87468546854686 9.41129696898273e-19
87.97361446144615 9.407936464438422e-19
88.07254345434544 9.40457516885979e-19
88.17147244724472 9.401213100166318e-19
88.27040144014401 9.397850276165096e-19
88.3693304330433 9.394486714551497e-19
88.46825942594259 9.391122432909828e-19
88.56718841884188 9.387757448714023e-19
88.66611741174117 9.384391779328265e-19
88.76504640464046 9.381025442007697e-19
88.86397539753975 9.37765845389901e-19
88.96290439043904 9.37429083204113e-19
89.06183338333832 9.370922593365865e-19
89.16076237623761 9.367553754698521e-19
89.25969136913692 9.364184332758554e-19
89.3586203620362 9.360814344160198e-19
89.4575493549355 9.357443805413088e-19
89.55647834783478 9.354072732922892e-19
89.65540734073407 9.35070114299192e-19
89.75433633363336 9.347329051819764e-19
89.85326532653265 9.343956475503885e-19
89.95219431943194 9.340583430040218e-19
90.05112331233123 9.337209931323804e-19
90.15005230523052 9.333835995149372e-19
90.2489812981298 9.33046163721194e-19
90.3479102910291 9.327086873107405e-19
90.44683928392838 9.323711718333141e-19
90.54576827682767 9.32033618828858e-19
90.64469726972698 9.316960298275789e-19
90.74362626262626 9.313584063500067e-19
90.84255525552555 9.310207499070496e-19
90.94148424842484 9.306830620000539e-19
91.04041324132413 9.303453441208576e-19
91.13934223422342 9.3000759775185e-19
91.23827122712271 9.296698243660264e-19
91.337200220022 9.293320254270436e-19
91.43612921292129 9.289942023892763e-19
91.53505820582058 9.286563566978708e-19
91.63398719871986 9.283184897888008e-19
91.73291619161915 9.279806030889223e-19
91.83184518451844 9.27642698016026e-19
91.93077417741773 9.273047759788924e-19
92.02970317031703 9.26966838377344e-19
92.12863216321632 9.266288866023003e-19
92.22756115611561 9.26290922035829e-19
92.3264901490149 9.25952946051198e-19
92.42541914191419 9.25614960012929e-19
92.52434813481348 9.252769652768485e-19
92.62327712771277 9.249389631901391e-19
92.72220612061206 9.24600955091391e-19
92.82113511351135 9.242629423106524e-19
92.92006410641063 9.239249261694805e-19
93.01899309930992 9.235869079809911e-19
93.11792209220921 9.232488890499097e-19
93.2168510851085 9.229108706726197e-19
93.31578007800779 9.225728541372113e-19
93.4147090709071 9.222348407235339e-19
93.51363806380638 9.218968317032383e-19
93.61256705670567 9.215588283398337e-19
93.71149604960496 9.21220831888727e-19
93.81042504250425 9.208828435972777e-19
93.90935403540354 9.205448647048405e-19
94.00828302830283 9.20206896442815e-19
94.10721202120212 9.198689400346926e-19
94.2061410141014 9.195309966961013e-19
94.3050700070007 9.191930676348537e-19
94.40399899989998 9.188551540509926e-19
94.50292799279927 9.185172571368375e-19
94.60185698569856 9.181793780770285e-19
94.70078597859785 9.178415180485723e-19
94.79971497149715 9.175036782208874e-19
94.89864396439644 9.171658597558482e-19
94.99757295729573 9.168280638078313e-19
95.09650195019502 9.164902915237555e-19
95.19543094309431 9.1615254404313e-19
95.2943599359936 9.158148224980955e-19
95.39328892889289 9.154771280134687e-19
95.49221792179218 9.151394617067844e-19
95.59114691469146 9.148018246883379e-19
95.69007590759075 9.144642180612298e-19
95.78900490049004 9.141266429214055e-19
95.88793389338933 9.137891003576998e-19
95.98686288628862 9.134515914518765e-19
96.08579187918791 9.131141172786701e-19
96.18472087208721 9.127766789058294e-19
96.2836498649865 9.124392773941548e-19
96.38257885788579 9.121019137975425e-19
96.48150785078508 9.11764589163023e-19
96.58043684368437 9.114273045308013e-19
96.67936583658366 9.110900609342983e-19
96.77829482948295 9.107528594001896e-19
96.87722382238223 9.104157009484442e-19
96.97615281528152 9.100785865923662e-19
97.07508180818081 9.097415173386306e-19
97.1740108010801 9.09404494187325e-19
97.27293979397939 9.090675181319869e-19
97.37186878687868 9.087305901596422e-19
97.47079777977797 9.08393711250843e-19
97.56972677267727 9.080568823797054e-19
97.66865576557656 9.077201045139483e-19
97.76758475847585 9.073833786149292e-19
97.86651375137514 9.070467056376822e-19
97.96544274427443 9.06710086530956e-19
98.06437173717372 9.063735222372483e-19
98.163300730073 9.060370136928443e-19
98.2622297229723 9.057005618278514e-19
98.36115871587158 9.053641675662375e-19
98.46008770877087 9.05027831825864e-19
98.55901670167016 9.046915555185248e-19
98.65794569456945 9.043553395499776e-19
98.75687468746874 9.040191848199837e-19
98.85580368036803 9.03683092222339e-19
98.95473267326733 9.03347062644911e-19
99.05366166616662 9.030110969696732e-19
99.15259065906591 9.026751960727393e-19
99.2515196519652 9.023393608243957e-19
99.35044864486449 9.02003592089139e-19
99.44937763776377 9.016678907257069e-19
99.54830663066306 9.013322575871119e-19
99.64723562356235 9.009966935206754e-19
99.74616461646164 9.006611993680623e-19
99.84509360936093 9.00325775965311e-19
99.94402260226022 8.999904241428679e-19
100.04295159515951 8.996551447256191e-19
100.1418805880588 8.993199385329247e-19
100.24080958095809 8.98984806378648e-19
100.33973857385739 8.986497490711896e-19
100.43866756675668 8.983147674135198e-19
100.53759655965597 8.97979862203207e-19
100.63652555255526 8.976450342324521e-19
100.73545454545454 8.973102842881185e-19
100.83438353835383 8.969756131517644e-19
100.93331253125312 8.96641021599671e-19
101.03224152415241 8.96306510402875e-19
101.1311705170517 8.959720803271998e-19
101.23009950995099 8.95637732133284e-19
101.32902850285028 8.953034665766127e-19
101.42795749574957 8.949692844075466e-19
101.52688648864886 8.946351863713524e-19
101.62581548154814 8.943011732082324e-19
101.72474447444745 8.939672456533531e-19
101.82367346734674 8.93633404436876e-19
101.92260246024603 8.932996502839851e-19
102.02153145314531 8.929659839149155e-19
102.1204604460446 8.926324060449838e-19
102.21938943894389 8.922989173846154e-19
102.31831843184318 8.919655186393738e-19
102.41724742474247 8.916322105099875e-19
102.51617641764176 8.912989936923785e-19
102.61510541054105 8.909658688776916e-19
102.71403440344034 8.906328367523194e-19
102.81296339633963 8.902998979979318e-19
102.91189238923891 8.899670532915039e-19
103.0108213821382 8.896343033053404e-19
103.1097503750375 8.893016487071057e-19
103.2086793679368 8.889690901598482e-19
103.30760836083608 8.886366283220307e-19
103.40653735373537 8.883042638475514e-19
103.50546634663466 8.879719973857756e-19
103.60439533953395 8.87639829581559e-19
103.70332433243324 8.873077610752752e-19
103.80225332533253 8.869757925028401e-19
103.90118231823182 8.86643924495739e-19
104.0001113111311 8.86312157681053e-19
104.0990403040304 8.859804926814809e-19
104.19796929692968 8.856489301153689e-19
104.29689828982897 8.853174705967331e-19
104.39582728272826 8.849861147352856e-19
104.49475627562757 8.846548631364584e-19
104.59368526852685 8.843237164014297e-19
104.69261426142614 8.839926751271463e-19
104.79154325432543 8.836617399063504e-19
104.89047224722472 8.83330911327602e-19
104.98940124012401 8.830001899753048e-19
105.0883302330233 8.826695764297285e-19
105.18725922592259 8.82339071267033e-19
105.28618821882188 8.820086750592935e-19
105.38511721172117 8.816783883745235e-19
105.48404620462046 8.81348211776696e-19
105.58297519751974 8.810181458257703e-19
105.68190419041903 8.806881910777137e-19
105.78083318331832 8.803583480845232e-19
105.87976217621762 8.800286173942508e-19
105.97869116911691 8.796989995510246e-19
106.0776201620162 8.793694950950714e-19
106.17654915491549 8.790401045627407e-19
106.27547814781478 8.787108284865263e-19
106.37440714071407 8.783816673950866e-19
106.47333613361336 8.780526218132702e-19
106.57226512651265 8.777236922621355e-19
106.67119411941194 8.773948792589736e-19
106.77012311231123 8.77066183317328e-19
106.86905210521051 8.767376049470195e-19
106.9679810981098 8.764091446541661e-19
107.06691009100909 8.76080802941203e-19
107.16583908390838 8.757525803069057e-19
107.26476807680768 8.754244772464097e-19
107.36369706970697 8.750964942512336e-19
107.46262606260626 8.747686318092974e-19
107.56155505550555 8.744408904049441e-19
107.66048404840484 8.74113270518962e-19
107.75941304130413 8.737857726286017e-19
107.85834203420342 8.734583972076006e-19
107.9572710271027 8.731311447261996e-19
108.056200020002 8.728040156511649e-19
108.15512901290128 8.724770104458084e-19
108.25405800580057 8.721501295700064e-19
108.35298699869986 8.718233734802202e-19
108.45191599159915 8.714967426295152e-19
108.55084498449844 8.711702374675805e-19
108.64977397739774 8.7084385844075e-19
108.74870297029703 8.70517605992019e-19
108.84763196319632 8.701914805610647e-19
108.94656095609561 8.698654825842656e-19
109.0454899489949 8.695396124947206e-19
109.14441894189419 8.692138707222667e-19
109.24334793479348 8.688882576934995e-19
109.34227692769277 8.685627738317894e-19
109.44120592059205 8.682374195573031e-19
109.54013491349134 8.679121952870193e-19
109.63906390639063 8.675871014347498e-19
109.73799289928992 8.672621384111543e-19
109.83692189218921 8.669373066237621e-19
109.9358508850885 8.666126064769876e-19
110.0347798779878 8.662880383721488e-19
110.13370887088709 8.659636027074865e-19
110.23263786378638 8.656392998781798e-19
110.33156685668567 8.653151302763653e-19
110.43049584958496 8.649910942911534e-19
110.52942484248425 8.646671923086465e-19
110.62835383538354 8.643434247119578e-19
110.72728282828282 8.64019791881224e-19
110.82621182118211 8.636962941936272e-19
110.9251408140814 8.633729320234098e-19
111.02406980698069 8.630497057418906e-19
111.12299879987998 8.627266157174831e-19
111.22192779277927 8.624036623157122e-19
111.32085678567856 8.620808458992288e-19
111.41978577857786 8.617581668278289e-19
111.51871477147715 8.614356254584691e-19
111.61764376437644 8.611132221452816e-19
111.71657275727573 8.607909572395916e-19
111.81550175017502 8.604688310899347e-19
111.9144307430743 8.601468440420707e-19
112.0133597359736 8.598249964389994e-19
112.11228872887288 8.595032886209796e-19
112.21121772177217 8.59181720925541e-19
112.31014671467146 8.588602936875026e-19
112.40907570757075 8.585390072389866e-19
112.50800470047004 8.58217861909436e-19
112.60693369336933 8.578968580256265e-19
112.70586268626862 8.575759959116858e-19
112.8047916791679 8.572552758891061e-19
112.90372067206721 8.569346982767597e-19
113.0026496649665 8.566142633909157e-19
113.10157865786579 8.562939715452526e-19
113.20050765076508 8.559738230508753e-19
113.29943664366436 8.556538182163272e-19
113.39836563656365 8.553339573476089e-19
113.49729462946294 8.550142407481882e-19
113.59622362236223 8.546946687190192e-19
113.69515261526152 8.543752415585525e-19
113.79408160816081 8.540559595627531e-19
113.8930106010601 8.5373682302511265e-19
113.99193959395939 8.534178322366647e-19
114.09086858685868 8.53098987485997e-19
114.18979757975796 8.527802890592683e-19
114.28872657265727 8.524617372402209e-19
114.38765556555656 8.521433323101932e-19
114.48658455845585 8.518250745481365e-19
114.58551355135513 8.51506964230626e-19
114.68444254425442 8.511890016318762e-19
114.78337153715371 8.508711870237536e-19
114.882300530053 8.505535206757899e-19
114.98122952295229 8.502360028551973e-19
115.08015851585158 8.499186338268789e-19
115.17908750875087 8.496014138534452e-19
115.27801650165016 8.49284343195224e-19
115.37694549454945 8.489674221102766e-19
115.47587448744873 8.486506508544081e-19
115.57480348034802 8.483340296811829e-19
115.67373247324733 8.480175588419353e-19
115.77266146614662 8.477012385857847e-19
115.8715904590459 8.473850691596458e-19
115.9705194519452 8.470690508082432e-19
116.06944844484448 8.467531837741229e-19
116.16837743774377 8.464374682976657e-19
116.26730643064306 8.461219046170993e-19
116.36623542354235 8.458064929685099e-19
116.46516441644164 8.454912335858555e-19
116.56409340934093 8.451761267009785e-19
116.66302240224022 8.448611725436163e-19
116.7619513951395 8.445463713414148e-19
116.8608803880388 8.442317233199406e-19
116.95980938093808 8.439172287026915e-19
117.05873837383739 8.4360288771110925e-19
117.15766736673667 8.432887005645918e-19
117.25659635963596 8.429746674805047e-19
117.35552535253525 8.426607886741935e-19
117.45445434543454 8.423470643589928e-19
117.55338333833383 8.420334947462411e-19
117.65231233123312 8.417200800452908e-19
117.75124132413241 8.414068204635194e-19
117.8501703170317 8.410937162063415e-19
117.94909930993099 8.407807674772196e-19
118.04802830283028 8.404679744776758e-19
118.14695729572956 8.401553374073021e-19
118.24588628862885 8.398428564637734e-19
118.34481528152814 8.395305318428562e-19
118.44374427442744 8.392183637384219e-19
118.54267326732673 8.3890635234245455e-19
118.64160226022602 8.385944978450665e-19
118.74053125312531 8.382828004345044e-19
118.8394602460246 8.379712602971622e-19
118.93838923892389 8.37659877617593e-19
119.03731823182318 8.373486525785164e-19
119.13624722472247 8.370375853608325e-19
119.23517621762176 8.367266761436301e-19
119.33410521052105 8.364159251041984e-19
119.43303420342033 8.361053324180364e-19
119.53196319631962 8.357948982588651e-19
119.63089218921891 8.35484622798634e-19
119.7298211821182 8.351745062075364e-19
119.8287501750175 8.348645486540146e-19
119.92767916791679 8.345547503047744e-19
120.02660816081608 8.342451113247915e-19
120.12553715371537 8.339356318773236e-19
120.22446614661466 8.336263121239204e-19
120.32339513951395 8.33317152224432e-19
120.42232413241324 8.33008152337019e-19
120.52125312531253 8.326993126181649e-19
120.62018211821182 8.32390633222682e-19
120.7191111111111 8.320821143037231e-19
120.8180401040104 8.317737560127916e-19
120.91696909690968 8.314655584997488e-19
121.01589808980897 8.311575219128268e-19
121.11482708270826 8.308496463986338e-19
121.21375607560756 8.305419321021679e-19
121.31268506850685 8.302343791668226e-19
121.41161406140614 8.2992698773439845e-19
121.51054305430543 8.296197579451111e-19
121.60947204720472 8.293126899376014e-19
121.70840104010401 8.29005783848943e-19
121.8073300330033 8.286990398146541e-19
121.90625902590259 8.28392457968704e-19
122.00518801880187 8.280860384435222e-19
122.10411701170116 8.277797813700085e-19
122.20304600460045 8.274736868775428e-19
122.30197499749974 8.271677550939903e-19
122.40090399039903 8.268619861457141e-19
122.49983298329832 8.265563801575819e-19
122.59876197619762 8.262509372529748e-19
122.69769096909691 8.259456575537967e-19
122.7966199619962 8.256405411804821e-19
122.89554895489549 8.253355882520049e-19
122.99447794779478 8.250307988858876e-19
123.09340694069407 8.247261731982088e-19
123.19233593359336 8.244217113036112e-19
123.29126492649264 8.241174133153116e-19
123.39019391939193 8.238132793451079e-19
123.48912291229122 8.235093095033869e-19
123.58805190519051 8.232055038991349e-19
123.6869808980898 8.229018626399429e-19
123.78590989098909 8.225983858320165e-19
123.88483888388838 8.222950735801837e-19
123.98376787678768 8.219919259879026e-19
124.08269686968697 8.2168894315727e-19
124.18162586258626 8.213861251890273e-19
124.28055485548555 8.210834721825719e-19
124.37948384838484 8.207809842359625e-19
124.47841284128413 8.204786614459268e-19
124.57734183418341 8.201765039078711e-19
124.6762708270827 8.19874511715886e-19
124.77519981998199 8.195726849627557e-19
124.87412881288128 8.192710237399637e-19
124.97305780578057 8.18969528137703e-19
125.07198679867986 8.1866819824488175e-19
125.17091579157915 8.183670341491307e-19
125.26984478447844 8.180660359368128e-19
125.36877377737774 8.177652036930264e-19
125.46770277027703 8.174645375016181e-19
125.56663176317632 8.171640374451854e-19
125.6655607560756 8.168637036050866e-19
125.7644897489749 8.165635360614471e-19
125.86341874187418 8.162635348931667e-19
125.96234773477347 8.159637001779273e-19
126.06127672767276 8.156640319921997e-19
126.16020572057205 8.1536453041124975e-19
126.25913471347134 8.150651955091478e-19
126.35806370637063 8.147660273587729e-19
126.45699269926992 8.144670260318223e-19
126.5559216921692 8.141681915988162e-19
126.6548506850685 8.138695241291058e-19
126.7537796779678 8.135710236908807e-19
126.85270867086709 8.13272690351175e-19
126.95163766376638 8.129745241758732e-19
127.05056665666567 8.12676525229719e-19
127.14949564956495 8.123786935763203e-19
127.24842464246424 8.120810292781569e-19
127.34735363536353 8.117835323965866e-19
127.44628262826282 8.114862029918516e-19
127.54521162116211 8.111890411230863e-19
127.6441406140614 8.108920468483223e-19
127.74306960696069 8.105952202244954e-19
127.84199859985998 8.10298561307453e-19
127.94092759275927 8.100020701519594e-19
128.03985658565855 8.097057468117014e-19
128.13878557855787 8.09409591339298e-19
128.23771457145716 8.091136037863029e-19
128.33664356435645 8.088177842032135e-19
128.43557255725574 8.085221326394742e-19
128.53450155015503 8.082266491434867e-19
128.63343054305432 8.079313337626124e-19
128.7323595359536 8.076361865431811e-19
128.8312885288529 8.073412075304955e-19
128.93021752175218 8.070463967688381e-19
129.02914651465147 8.06751754301477e-19
129.12807550755076 8.064572801706712e-19
129.22700450045005 8.061629744176796e-19
129.32593349334934 8.058688370827621e-19
129.42486248624863 8.0557486820518955e-19
129.52379147914792 8.05281067823248e-19
129.6227204720472 8.049874359742443e-19
129.7216494649465 8.046939726945125e-19
129.82057845784578 8.044006780194199e-19
129.91950745074507 8.041075519833718e-19
130.01843644364436 8.038145946198183e-19
130.11736543654365 8.035218059612599e-19
130.21629442944294 8.032291860392512e-19
130.31522342234223 8.029367348844095e-19
130.41415241524152 8.026444525264189e-19
130.5130814081408 8.023523389940347e-19
130.6120104010401 8.020603943150921e-19
130.71093939393938 8.0176861851650865e-19
130.80986838683867 8.014770116242909e-19
130.908797379738 8.011855736635396e-19
131.00772637263728 8.008943046584564e-19
131.10665536553657 8.006032046323472e-19
131.20558435843586 8.003122736076291e-19
131.30451335133515 8.00021511605835e-19
131.40344234423443 7.99730918647618e-19
131.50237133713372 7.994404947527589e-19
131.601300330033 7.991502399401702e-19
131.7002293229323 7.9886015422790095e-19
131.7991583158316 7.985702376331417e-19
131.89808730873088 7.982804901722317e-19
131.99701630163017 7.979909118606615e-19
132.09594529452946 7.977015027130792e-19
132.19487428742875 7.974122627432966e-19
132.29380328032804 7.971231919642917e-19
132.39273227322732 7.968342903882156e-19
132.4916612661266 7.965455580263972e-19
132.5905902590259 7.962569948893479e-19
132.6895192519252 7.95968600986767e-19
132.78844824482448 7.956803763275454e-19
132.88737723772377 7.953923209197722e-19
132.98630623062306 7.951044347707378e-19
133.08523522352235 7.948167178869397e-19
133.18416421642164 7.945291702740882e-19
133.28309320932092 7.94241791937109e-19
133.3820222022202 7.939545828801496e-19
133.4809511951195 7.936675431065834e-19
133.5798801880188 7.93380672619015e-19
133.6788091809181 7.930939714192828e-19
133.7777381738174 7.928074395084679e-19
133.8766671667167 7.925210768868937e-19
133.97559615961598 7.92234883554134e-19
134.07452515251526 7.91948859509016e-19
134.17345414541455 7.916630047496257e-19
134.27238313831384 7.913773192733113e-19
134.37131213121313 7.910918030766892e-19
134.47024112411242 7.908064561556472e-19
134.5691701170117 7.905212785053492e-19
134.668099109911 7.902362701202401e-19
134.7670281028103 7.899514309940504e-19
134.86595709570958 7.896667611197989e-19
134.96488608860886 7.893822604897998e-19
135.06381508150815 7.890979290956642e-19
135.16274407440744 7.888137669283062e-19
135.26167306730673 7.885297739779464e-19
135.36060206020602 7.88245950234117e-19
135.4595310531053 7.879622956856648e-19
135.5584600460046 7.876788103207562e-19
135.6573890389039 7.873954941268818e-19
135.75631803180318 7.87112347090859e-19
135.85524702470246 7.868293691988381e-19
135.95417601760175 7.865465604363055e-19
136.05310501050104 7.862639207880869e-19
136.15203400340033 7.859814502383524e-19
136.25096299629962 7.856991487706214e-19
136.3498919891989 7.854170163677648e-19
136.44882098209823 7.851350530120097e-19
136.54774997499752 7.848532586849442e-19
136.6466789678968 7.845716333675205e-19
136.7456079607961 7.842901770400584e-19
136.84453695369538 7.840088896822504e-19
136.94346594659467 7.837277712731654e-19
137.04239493949396 7.834468217912513e-19
137.14132393239325 7.831660412143407e-19
137.24025292529254 7.828854295196535e-19
137.33918191819183 7.826049866838003e-19
137.43811091109112 7.823247126827889e-19
137.5370399039904 7.820446074920238e-19
137.6359688968897 7.817646710863142e-19
137.73489788978898 7.814849034398743e-19
137.83382688268827 7.812053045263301e-19
137.93275587558756 7.809258743187193e-19
138.03168486848685 7.806466127894998e-19
138.13061386138614 7.803675199105488e-19
138.22954285428543 7.800885956531697e-19
138.32847184718472 7.798098399880936e-19
138.427400840084 7.795312528854833e-19
138.5263298329833 7.7925283431493875e-19
138.62525882588258 7.78974584245498e-19
138.72418781878187 7.786965026456419e-19
138.82311681168116 7.784185894832977e-19
138.92204580458045 7.7814084472584325e-19
139.02097479747974 7.778632683401083e-19
139.11990379037903 7.775858602923804e-19
139.21883278327832 7.773086205484065e-19
139.3177617761776 7.770315490733978e-19
139.4166907690769 7.767546458320323e-19
139.51561976197618 7.764779107884584e-19
139.61454875487547 7.762013439062978e-19
139.71347774777476 7.759249451486496e-19
139.81240674067405 7.756487144780939e-19
139.91133573357337 7.753726518566938e-19
140.01026472647266 7.750967572459997e-19
140.10919371937194 7.7482103060705265e-19
140.20812271227123 7.745454719003865e-19
140.30705170517052 7.742700810860327e-19
140.4059806980698 7.739948581235223e-19
140.5049096909691 7.7371980297189e-19
140.6038386838684 7.7344491558967665e-19
140.70276767676768 7.731701959349328e-19
140.80169666966697 7.728956439652216e-19
140.90062566256626 7.726212596376224e-19
140.99955465546554 7.723470429087338e-19
141.09848364836483 7.720729937346761e-19
141.19741264126412 7.717991120710947e-19
141.2963416341634 7.715253978731642e-19
141.3952706270627 7.712518510955897e-19
141.494199619962 7.709784716926108e-19
141.59312861286128 7.70705259618005e-19
141.69205760576057 7.704322148250897e-19
141.79098659865986 7.701593372667262e-19
141.88991559155915 7.698866268953217e-19
141.98884458445843 7.696140836628333e-19
142.08777357735772 7.693417075207698e-19
142.186702570257 7.690694984201961e-19
142.2856315631563 7.687974563117341e-19
142.3845605560556 7.685255811455675e-19
142.48348954895488 7.682538728714436e-19
142.58241854185417 7.679823314386765e-19
142.68134753475348 7.677109567961501e-19
142.78027652765277 7.674397488923206e-19
142.87920552055206 7.6716870767521965e-19
142.97813451345135 7.668978330924564e-19
143.07706350635064 7.666271250912216e-19
143.17599249924993 7.663565836182888e-19
143.27492149214922 7.66086208620019e-19
143.3738504850485 7.658160000423611e-19
143.4727794779478 7.655459578308566e-19
143.57170847084708 7.652760819306418e-19
143.67063746374637 7.650063722864491e-19
143.76956645664566 7.647368288426125e-19
143.86849544954495 7.644674515430668e-19
143.96742444244424 7.641982403313539e-19
144.06635343534353 7.639291951506217e-19
144.16528242824282 7.636603159436303e-19
144.2642114211421 7.633916026527516e-19
144.3631404140414 7.63123055219974e-19
144.46206940694069 7.628546735869045e-19
144.56099839983997 7.625864576947699e-19
144.65992739273926 7.623184074844218e-19
144.75885638563855 7.620505228963363e-19
144.85778537853784 7.617828038706193e-19
144.95671437143713 7.615152503470069e-19
145.05564336433642 7.612478622648691e-19
145.1545723572357 7.60980639563212e-19
145.253501350135 7.607135821806793e-19
145.35243034303429 7.604466900555569e-19
145.4513593359336 7.601799631257735e-19
145.5502883288329 7.599134013289035e-19
145.64921732173218 7.5964700460217e-19
145.74814631463147 7.593807728824461e-19
145.84707530753076 7.591147061062582e-19
145.94600430043005 7.588488042097887e-19
146.04493329332934 7.585830671288769e-19
146.14386228622863 7.583174947990227e-19
146.2427912791279 7.580520871553885e-19
146.3417202720272 7.577868441328015e-19
146.4406492649265 7.575217656657562e-19
146.53957825782578 7.5725685168841585e-19
146.63850725072507 7.569921021346166e-19
146.73743624362436 7.567275169378674e-19
146.83636523652365 7.564630960313545e-19
146.93529422942294 7.56198839347942e-19
147.03422322232223 7.559347468201753e-19
147.13315221522151 7.556708183802825e-19
147.2320812081208 7.554070539601769e-19
147.3310102010201 7.551434534914595e-19
147.42993919391938 7.54880016905421e-19
147.52886818681867 7.546167441330435e-19
147.62779717971796 7.543536351050032e-19
147.72672617261725 7.540906897516732e-19
147.82565516551654 7.538279080031236e-19
147.92458415841583 7.535652897891261e-19
148.02351315131511 7.533028350391548e-19
148.1224421442144 7.53040543682388e-19
148.22137113711372 7.527784156477107e-19
148.320300130013 7.525164508637177e-19
148.4192291229123 7.5225464925871375e-19
148.5181581158116 7.5199301076071725e-19
148.61708710871088 7.517315352974616e-19
148.71601610161017 7.5147022279639745e-19
148.81494509450945 7.512090731846937e-19
148.91387408740874 7.50948086389242e-19
149.01280308030803 7.506872623366559e-19
149.11173207320732 7.504266009532749e-19
149.2106610661066 7.501661021651654e-19
149.3095900590059 7.499057658981224e-19
149.4085190519052 7.496455920776741e-19
149.50744804480448 7.493855806290793e-19
149.60637703770377 7.491257314773331e-19
149.70530603060305 7.48866044547168e-19
149.80423502350234 7.486065197630546e-19
149.90316401640163 7.483471570492047e-19
150.00209300930092 7.480879563295728e-19
150.1010220022002 7.478289175278587e-19
150.1999509950995 7.475700405675072e-19
150.2988799879988 7.473113253717131e-19
150.39780898089808 7.470527718634212e-19
150.49673797379737 7.46794379965327e-19
150.59566696669665 7.465361495998824e-19
150.69459595959594 7.462780806892929e-19
150.79352495249523 7.460201731555231e-19
150.89245394539452 7.457624269202963e-19
150.99138293829384 7.455048419050975e-19
151.09031193119313 7.452474180311745e-19
151.18924092409242 7.449901552195404e-19
151.2881699169917 7.447330533909744e-19
151.387098909891 7.444761124660243e-19
151.48602790279028 7.442193323650086e-19
151.58495689568957 7.439627130080164e-19
151.68388588858886 7.43706254314912e-19
151.78281488148815 7.434499562053343e-19
151.88174387438744 7.431938185986991e-19
151.98067286728673 7.429378414142016e-19
152.07960186018602 7.4268202457081685e-19
152.1785308530853 7.424263679873033e-19
152.2774598459846 7.421708715822021e-19
152.37638883888388 7.4191553527384e-19
152.47531783178317 7.416603589803317e-19
152.57424682468246 7.414053426195811e-19
152.67317581758175 7.411504861092811e-19
152.77210481048104 7.408957893669183e-19
152.87103380338033 7.406412523097723e-19
152.96996279627962 7.403868748549183e-19
153.0688917891789 7.401326569192291e-19
153.1678207820782 7.398785984193754e-19
153.26674977497748 7.396246992718283e-19
153.36567876787677 7.39370959392861e-19
153.46460776077606 7.391173786985503e-19
153.56353675367535 7.388639571047772e-19
153.66246574657464 7.386106945272302e-19
153.76139473947396 7.38357590881405e-19
153.86032373237325 7.381046460826076e-19
153.95925272527253 7.378518600459547e-19
154.05818171817182 7.375992326863763e-19
154.1571107110711 7.373467639186162e-19
154.2560397039704 7.370944536572339e-19
154.3549686968697 7.36842301816606e-19
154.45389768976898 7.365903083109285e-19
154.55282668266827 7.3633847305421695e-19
154.65175567556756 7.360867959603089e-19
154.75068466846685 7.35835276942865e-19
154.84961366136613 7.355839159153707e-19
154.94854265426542 7.35332712791137e-19
155.0474716471647 7.350816674833032e-19
155.146400640064 7.348307799048364e-19
155.2453296329633 7.345800499685363e-19
155.34425862586258 7.343294775870314e-19
155.44318761876187 7.340790626727857e-19
155.54211661166116 7.338288051380974e-19
155.64104560456045 7.335787048951001e-19
155.73997459745974 7.333287618557654e-19
155.83890359035902 7.330789759319038e-19
155.9378325832583 7.328293470351653e-19
156.0367615761576 7.325798750770422e-19
156.1356905690569 7.323305599688696e-19
156.23461956195618 7.320814016218265e-19
156.33354855485547 7.318323999469377e-19
156.43247754775476 7.315835548550753e-19
156.53140654065407 7.313348662569594e-19
156.63033553355336 7.310863340631596e-19
156.72926452645265 7.308379581840968e-19
156.82819351935194 7.305897385300443e-19
156.92712251225123 7.303416750111281e-19
157.02605150515052 7.300937675373299e-19
157.1249804980498 7.298460160184875e-19
157.2239094909491 7.295984203642959e-19
157.3228384838484 7.293509804843082e-19
157.42176747674768 7.291036962879385e-19
157.52069646964696 7.288565676844624e-19
157.61962546254625 7.286095945830164e-19
157.71855445544554 7.283627768926021e-19
157.81748344834483 7.281161145220859e-19
157.91641244124412 7.278696073801997e-19
158.0153414341434 7.276232553755439e-19
158.1142704270427 7.273770584165865e-19
158.213199419942 7.271310164116665e-19
158.31212841284128 7.268851292689932e-19
158.41105740574056 7.266393968966483e-19
158.50998639863985 7.263938192025871e-19
158.60891539153914 7.261483960946398e-19
158.70784438443843 7.259031274805119e-19
158.80677337733772 7.256580132677867e-19
158.905702370237 7.25413053363925e-19
159.0046313631363 7.251682476762674e-19
159.1035603560356 7.249235961120347e-19
159.20248934893488 7.246790985783301e-19
159.3014183418342 7.2443475498213825e-19
159.40034733473348 7.241905652303293e-19
159.49927632763277 7.239465292296575e-19
159.59820532053206 7.237026468867635e-19
159.69713431343135 7.234589181081756e-19
159.79606330633064 7.2321534280031e-19
159.89499229922993 7.229719208694731e-19
159.99392129212922 7.227286522218612e-19
160.0928502850285 7.224855367635632e-19
160.1917792779278 7.222425744005602e-19
160.29070827082708 7.219997650387273e-19
160.38963726372637 7.217571085838347e-19
160.48856625662566 7.215146049415491e-19
160.58749524952495 7.21272254017433e-19
160.68642424242424 7.210300557169493e-19
160.78535323532353 7.207880099454572e-19
160.88428222822282 7.205461166082189e-19
160.9832112211221 7.203043756103965e-19
161.0821402140214 7.200627868570551e-19
161.18106920692068 7.198213502531626e-19
161.27999819981997 7.195800657035916e-19
161.37892719271926 7.193389331131201e-19
161.47785618561855 7.190979523864328e-19
161.57678517851784 7.188571234281217e-19
161.67571417141713 7.186164461426868e-19
161.77464316431642 7.183759204345381e-19
161.8735721572157 7.181355462079965e-19
161.972501150115 7.178953233672933e-19
162.0714301430143 7.176552518165722e-19
162.1703591359136 7.174153314598917e-19
162.2692881288129 7.171755622012231e-19
162.36821712171218 7.169359439444539e-19
162.46714611461147 7.166964765933876e-19
162.56607510751076 7.164571600517448e-19
162.66500410041004 7.162179942231648e-19
162.76393309330933 7.159789790112049e-19
162.86286208620862 7.157401143193442e-19
162.9617910791079 7.155014000509813e-19
163.0607200720072 7.152628361094376e-19
163.1596490649065 7.150244223979561e-19
163.25857805780578 7.1478615881970555e-19
163.35750705070507 7.145480452777778e-19
163.45643604360436 7.143100816751905e-19
163.55536503650364 7.140722679148889e-19
163.65429402940293 7.138346038997439e-19
163.75322302230222 7.135970895325556e-19
163.8521520152015 7.13359724716054e-19
163.9510810081008 7.131225093528977e-19
164.0500100010001 7.128854433456771e-19
164.14893899389938 7.126485265969141e-19
164.24786798679867 7.124117590090634e-19
164.34679697969796 7.121751404845131e-19
164.44572597259724 7.119386709255858e-19
164.54465496549653 7.11702350234539e-19
164.64358395839582 7.11466178313567e-19
164.7425129512951 7.112301550648003e-19
164.8414419441944 7.109942803903073e-19
164.94037093709372 7.107585541920955e-19
165.039299929993 7.105229763721114e-19
165.1382289228923 7.102875468322415e-19
165.23715791579158 7.100522654743142e-19
165.33608690869087 7.098171322000986e-19
165.43501590159016 7.095821469113078e-19
165.53394489448945 7.093473095095979e-19
165.63287388738874 7.091126198965684e-19
165.73180288028803 7.088780779737656e-19
165.83073187318732 7.086436836426804e-19
165.9296608660866 7.084094368047506e-19
166.0285898589859 7.081753373613619e-19
166.12751885188518 7.079413852138482e-19
166.22644784478447 7.077075802634921e-19
166.32537683768376 7.074739224115263e-19
166.42430583058305 7.072404115591338e-19
166.52323482348234 7.070070476074491e-19
166.62216381638163 7.067738304575586e-19
166.72109280928092 7.065407600105021e-19
166.8200218021802 7.063078361672725e-19
166.9189507950795 7.06075058828817e-19
167.01787978797879 7.05842427896038e-19
167.11680878087807 7.056099432697939e-19
167.21573777377736 7.053776048508992e-19
167.31466676667665 7.051454125401263e-19
167.41359575957594 7.049133662382054e-19
167.51252475247523 7.046814658458251e-19
167.61145374537452 7.044497112636334e-19
167.71038273827384 7.042181023922395e-19
167.80931173117312 7.039866391322118e-19
167.9082407240724 7.037553213840819e-19
168.0071697169717 7.035241490483424e-19
168.106098709871 7.032931220254498e-19
168.20502770277028 7.030622402158238e-19
168.30395669566957 7.028315035198479e-19
168.40288568856886 7.026009118378723e-19
168.50181468146815 7.023704650702112e-19
168.60074367436744 7.021401631171462e-19
168.69967266726673 7.0191000587892545e-19
168.798601660166 7.01679993255765e-19
168.8975306530653 7.014501251478496e-19
168.9964596459646 7.012204014553323e-19
169.09538863886388 7.009908220783371e-19
169.19431763176317 7.007613869169573e-19
169.29324662466246 7.005320958712573e-19
169.39217561756175 7.00302948841274e-19
169.49110461046104 7.000739457270157e-19
169.59003360336033 6.998450864284644e-19
169.6889625962596 6.996163708455753e-19
169.7878915891589 6.993877988782776e-19
169.8868205820582 6.9915937042647625e-19
169.98574957495748 6.989310853900505e-19
170.08467856785677 6.987029436688565e-19
170.18360756075606 6.984749451627269e-19
170.28253655365535 6.982470897714719e-19
170.38146554655464 6.980193773948798e-19
170.48039453945395 6.97791807932716e-19
170.57932353235324 6.9756438128472725e-19
170.67825252525253 6.973370973506387e-19
170.77718151815182 6.971099560301562e-19
170.8761105110511 6.968829572229667e-19
170.9750395039504 6.966561008287381e-19
171.0739684968497 6.964293867471214e-19
171.17289748974898 6.962028148777494e-19
171.27182648264827 6.959763851202389e-19
171.37075547554755 6.957500973741902e-19
171.46968446844684 6.95523951539188e-19
171.56861346134613 6.95297947514802e-19
171.66754245424542 6.950720852005882e-19
171.7664714471447 6.94846364496088e-19
171.865400440044 6.946207853008291e-19
171.9643294329433 6.943953475143279e-19
172.06325842584258 6.941700510360874e-19
172.16218741874187 6.939448957655996e-19
172.26111641164115 6.937198816023449e-19
172.36004540454044 6.934950084457937e-19
172.45897439743973 6.932702761954062e-19
172.55790339033902 6.930456847506333e-19
172.6568323832383 6.928212340109165e-19
172.7557613761376 6.925969238756892e-19
172.8546903690369 6.923727542443773e-19
172.95361936193618 6.921487250163993e-19
173.05254835483547 6.9192483609116605e-19
173.15147734773475 6.917010873680828e-19
173.25040634063407 6.914774787465495e-19
173.34933533353336 6.912540101259596e-19
173.44826432643265 6.910306814057032e-19
173.54719331933194 6.908074924851651e-19
173.64612231223123 6.905844432637267e-19
173.74505130513052 6.903615336407666e-19
173.8439802980298 6.901387635156601e-19
173.9429092909291 6.899161327877802e-19
174.04183828382838 6.896936413564986e-19
174.14076727672767 6.894712891211859e-19
174.23969626962696 6.892490759812114e-19
174.33862526252625 6.89027001835944e-19
174.43755425542554 6.888050665847538e-19
174.53648324832483 6.885832701270105e-19
174.63541224122412 6.883616123620852e-19
174.7343412341234 6.881400931893514e-19
174.8332702270227 6.87918712508184e-19
174.93219921992198 6.876974702179603e-19
175.03112821282127 6.874763662180612e-19
175.13005720572056 6.872554004078708e-19
175.22898619861985 6.87034572686777e-19
175.32791519151914 6.86813882954173e-19
175.42684418441843 6.865933311094554e-19
175.52577317731772 6.863729170520272e-19
175.624702170217 6.861526406812973e-19
175.7236311631163 6.859325018966798e-19
175.82256015601558 6.857125005975963e-19
175.92148914891487 6.854926366834754e-19
176.0204181418142 6.852729100537532e-19
176.11934713471348 6.850533206078731e-19
176.21827612761277 6.848338682452883e-19
176.31720512051206 6.846145528654593e-19
176.41613411341135 6.8439537436785725e-19
176.51506310631063 6.841763326519622e-19
176.61399209920992 6.839574276172642e-19
176.7129210921092 6.837386591632641e-19
176.8118500850085 6.835200271894739e-19
176.9107790779078 6.833015315954171e-19
177.00970807080708 6.83083172280628e-19
177.10863706370637 6.828649491446538e-19
177.20756605660566 6.82646862087055e-19
177.30649504950495 6.824289110074036e-19
177.40542404240423 6.822110958052858e-19
177.50435303530352 6.819934163803021e-19
177.6032820282028 6.817758726320665e-19
177.7022110211021 6.815584644602072e-19
177.8011400140014 6.813411917643689e-19
177.90006900690068 6.811240544442099e-19
177.99899799979997 6.809070523994059e-19
178.09792699269926 6.806901855296476e-19
178.19685598559855 6.804734537346428e-19
178.29578497849784 6.802568569141155e-19
178.39471397139712 6.800403949678083e-19
178.4936429642964 6.798240677954807e-19
178.5925719571957 6.7960787529691e-19
178.691500950095 6.7939181737189245e-19
178.7904299429943 6.791758939202429e-19
178.8893589358936 6.789601048417954e-19
178.9882879287929 6.787444500364035e-19
179.08721692169217 6.785289294039406e-19
179.18614591459146 6.783135428443006e-19
179.28507490749075 6.7809829025739745e-19
179.38400390039004 6.778831715431668e-19
179.48293289328933 6.776681866015652e-19
179.58186188618862 6.77453335332571e-19
179.6807908790879 6.772386176361844e-19
179.7797198719872 6.770240334124286e-19
179.8786488648865 6.768095825613484e-19
179.97757785778577 6.765952649830127e-19
180.07650685068506 6.763810805775134e-19
180.17543584358435 6.761670292449658e-19
180.27436483648364 6.759531108855107e-19
180.37329382938293 6.757393253993114e-19
180.47222282228222 6.755256726865572e-19
180.5711518151815 6.753121526474618e-19
180.6700808080808 6.750987651822652e-19
180.7690098009801 6.748855101912321e-19
180.86793879387938 6.746723875746544e-19
180.96686778677866 6.74459397232849e-19
181.06579677967795 6.742465390661609e-19
181.16472577257724 6.740338129749612e-19
181.26365476547653 6.738212188596489e-19
181.36258375837582 6.7360875662065e-19
181.4615127512751 6.733964261584193e-19
181.56044174417443 6.731842273734393e-19
181.65937073707371 6.729721601662213e-19
181.758299729973 6.727602244373058e-19
181.8572287228723 6.72548420087262e-19
181.95615771577158 6.723367470166885e-19
182.05508670867087 6.721252051262147e-19
182.15401570157016 6.719137943164992e-19
182.25294469446945 6.717025144882307e-19
182.35187368736874 6.714913655421299e-19
182.45080268026803 6.712803473789474e-19
182.54973167316732 6.710694598994656e-19
182.6486606660666 6.708587030044983e-19
182.7475896589659 6.706480765948914e-19
182.84651865186518 6.704375805715225e-19
182.94544764476447 6.70227214835302e-19
183.04437663766376 6.700169792871728e-19
183.14330563056305 6.698068738281115e-19
183.24223462346234 6.69596898359127e-19
183.34116361636163 6.693870527812622e-19
183.44009260926092 6.691773369955939e-19
183.5390216021602 6.689677509032329e-19
183.6379505950595 6.687582944053247e-19
183.73687958795878 6.685489674030492e-19
183.83580858085807 6.683397697976209e-19
183.93473757375736 6.681307014902901e-19
184.03366656665665 6.67921762382342e-19
184.13259555955594 6.677129523750982e-19
184.23152455245523 6.675042713699153e-19
184.33045354535454 6.67295719268187e-19
184.42938253825383 6.670872959713434e-19
184.52831153115312 6.668790013808508e-19
184.6272405240524 6.666708353982132e-19
184.7261695169517 6.664627979249714e-19
184.825098509851 6.662548888627038e-19
184.92402750275028 6.660471081130267e-19
185.02295649564957 6.658394555775944e-19
185.12188548854886 6.656319311580991e-19
185.22081448144814 6.654245347562723e-19
185.31974347434743 6.652172662738832e-19
185.41867246724672 6.650101256127411e-19
185.517601460146 6.648031126746933e-19
185.6165304530453 6.645962273616278e-19
185.7154594459446 6.643894695754715e-19
185.81438843884388 6.6418283921819155e-19
185.91331743174317 6.639763361917952e-19
186.01224642464246 6.637699603983301e-19
186.11117541754174 6.635637117398849e-19
186.21010441044103 6.633575901185883e-19
186.30903340334032 6.631515954366106e-19
186.4079623962396 6.629457275961635e-19
186.5068913891389 6.627399864995006e-19
186.6058203820382 6.6253437204891595e-19
186.70474937493748 6.623288841467473e-19
186.80367836783677 6.621235226953733e-19
186.90260736073606 6.619182875972157e-19
187.00153635363534 6.617131787547386e-19
187.10046534653466 6.61508196070449e-19
187.19939433943395 6.613033394468969e-19
187.29832333233324 6.610986087866764e-19
187.39725232523253 6.608940039924236e-19
187.49618131813182 6.606895249668196e-19
187.5951103110311 6.604851716125891e-19
187.6940393039304 6.602809438325006e-19
187.79296829682968 6.600768415293669e-19
187.89189728972897 6.59872864606046e-19
187.99082628262826 6.596690129654398e-19
188.08975527552755 6.594652865104958e-19
188.18868426842684 6.592616851442061e-19
188.28761326132613 6.59058208769609e-19
188.38654225422542 6.588548572897873e-19
188.4854712471247 6.586516306078701e-19
188.584400240024 6.584485286270325e-19
188.68332923292328 6.582455512504951e-19
188.78225822582257 6.580426983815257e-19
188.88118721872186 6.578399699234379e-19
188.98011621162115 6.576373657795925e-19
189.07904520452044 6.574348858533966e-19
189.17797419741973 6.572325300483048e-19
189.27690319031902 6.57030298267819e-19
189.3758321832183 6.568281904154886e-19
189.4747611761176 6.566262063949097e-19
189.57369016901688 6.564243461097279e-19
189.67261916191617 6.562226094636346e-19
189.77154815481546 6.560209963603712e-19
189.87047714771478 6.558195067037267e-19
189.96940614061407 6.556181403975392e-19
190.06833513351336 6.55416897345694e-19
190.16726412641265 6.5521577745212695e-19
190.26619311931194 6.550147806208218e-19
190.36512211221122 6.5481390675581235e-19
190.4640511051105 6.546131557611806e-19
190.5629800980098 6.544125275410596e-19
190.6619090909091 6.54212021999631e-19
190.76083808380838 6.540116390411267e-19
190.85976707670767 6.538113785698286e-19
190.95869606960696 6.536112404900689e-19
191.05762506250625 6.534112247062299e-19
191.15655405540554 6.532113311227447e-19
191.25548304830482 6.53011559644097e-19
191.3544120412041 6.5281191017482145e-19
191.4533410341034 6.526123826195034e-19
191.5522700270027 6.524129768827795e-19
191.65119901990198 6.522136928693381e-19
191.75012801280127 6.520145304839183e-19
191.84905700570056 6.518154896313116e-19
191.94798599859985 6.516165702163607e-19
192.04691499149914 6.514177721439604e-19
192.14584398439843 6.5121909531905765e-19
192.2447729772977 6.510205396466517e-19
192.343701970197 6.508221050317939e-19
192.4426309630963 6.506237913795881e-19
192.54155995599558 6.504255985951914e-19
192.6404889488949 6.50227526583813e-19
192.7394179417942 6.500295752507155e-19
192.83834693469348 6.498317445012143e-19
192.93727592759276 6.496340342406785e-19
193.03620492049205 6.4943644437453e-19
193.13513391339134 6.492389748082446e-19
193.23406290629063 6.490416254473513e-19
193.33299189918992 6.488443961974337e-19
193.4319208920892 6.486472869641286e-19
193.5308498849885 6.4845029765312705e-19
193.6297788778878 6.482534281701746e-19
193.72870787078708 6.480566784210704e-19
193.82763686368637 6.478600483116691e-19
193.92656585658565 6.47663537747879e-19
194.02549484948494 6.474671466356637e-19
194.12442384238423 6.472708748810411e-19
194.22335283528352 6.470747223900848e-19
194.3222818281828 6.468786890689227e-19
194.4212108210821 6.4668277482373855e-19
194.5201398139814 6.464869795607714e-19
194.61906880688068 6.462913031863151e-19
194.71799779977997 6.460957456067199e-19
194.81692679267925 6.459003067283915e-19
194.91585578557854 6.457049864577915e-19
195.01478477847783 6.45509784701437e-19
195.11371377137712 6.453147013659016e-19
195.2126427642764 6.451197363578152e-19
195.3115717571757 6.449248895838637e-19
195.41050075007502 6.447301609507894e-19
195.5094297429743 6.445355503653916e-19
195.6083587358736 6.443410577345256e-19
195.70728772877288 6.441466829651042e-19
195.80621672167217 6.439524259640963e-19
195.90514571457146 6.437582866385281e-19
196.00407470747075 6.435642648954832e-19
196.10300370037004 6.433703606421023e-19
196.20193269326933 6.431765737855826e-19
196.30086168616862 6.429829042331803e-19
196.3997906790679 6.427893518922074e-19
196.4987196719672 6.42595916670035e-19
196.59764866486648 6.42402598474091e-19
196.69657765776577 6.422093972118611e-19
196.79550665066506 6.420163127908899e-19
196.89443564356435 6.418233451187792e-19
196.99336463646364 6.416304941031892e-19
197.09229362936293 6.4143775965183795e-19
197.19122262226222 6.412451416725026e-19
197.2901516151615 6.410526400730181e-19
197.3890806080608 6.408602547612784e-19
197.48800960096008 6.40667985645236e-19
197.58693859385937 6.404758326329016e-19
197.68586758675866 6.402837956323457e-19
197.78479657965795 6.400918745516966e-19
197.88372557255724 6.399000692991423e-19
197.98265456545653 6.3970837978293e-19
198.08158355835582 6.395168059113661e-19
198.18051255125513 6.393253475928155e-19
198.27944154415442 6.391340047357038e-19
198.3783705370537 6.389427772485146e-19
198.477299529953 6.38751665039792e-19
198.5762285228523 6.385606680181401e-19
198.67515751575158 6.383697860922217e-19
198.77408650865087 6.381790191707597e-19
198.87301550155016 6.379883671625372e-19
198.97194449444945 6.377978299763975e-19
199.07087348734873 6.376074075212436e-19
199.16980248024802 6.374170997060388e-19
199.2687314731473 6.372269064398061e-19
199.3676604660466 6.370368276316295e-19
199.4665894589459 6.368468631906534e-19
199.56551845184518 6.36657013026082e-19
199.66444744474447 6.36467277047181e-19
199.76337643764376 6.3627765516327565e-19
199.86230543054305 6.360881472837533e-19
199.96123442344233 6.358987533180604e-19
200.06016341634162 6.35709473175706e-19
200.1590924092409 6.355203067662585e-19
200.2580214021402 6.353312539993485e-19
200.3569503950395 6.351423147846672e-19
200.45587938793878 6.349534890319669e-19
200.55480838083807 6.347647766510613e-19
200.65373737373736 6.345761775518254e-19
200.75266636663665 6.343876916441954e-19
200.85159535953593 6.341993188381692e-19
200.95052435243525 6.340110590438062e-19
201.04945334533454 6.338229121712269e-19
201.14838233823383 6.336348781306142e-19
201.24731133113312 6.334469568322121e-19
201.3462403240324 6.33259148186327e-19
201.4451693169317 6.3307145210332635e-19
201.54409830983099 6.328838684936402e-19
201.64302730273027 6.326963972677602e-19
201.74195629562956 6.3250903833624e-19
201.84088528852885 6.323217916096961e-19
201.93981428142814 6.3213465699880635e-19
202.03874327432743 6.31947634414311e-19
202.13767226722672 6.317607237670126e-19
202.236601260126 6.315739249677763e-19
202.3355302530253 6.313872379275298e-19
202.4344592459246 6.312006625572622e-19
202.53338823882387 6.310141987680269e-19
202.63231723172316 6.308278464709381e-19
202.73124622462245 6.30641605577174e-19
202.83017521752174 6.304554759979743e-19
202.92910421042103 6.302694576446429e-19
203.02803320332032 6.300835504285454e-19
203.1269621962196 6.298977542611104e-19
203.2258911891189 6.2971206905383e-19
203.3248201820182 6.295264947182586e-19
203.42374917491748 6.29341031166014e-19
203.52267816781676 6.291556783087773e-19
203.62160716071605 6.2897043605829215e-19
203.72053615361537 6.2878530432636605e-19
203.81946514651466 6.2860028302486855e-19
203.91839413941395 6.284153720657344e-19
204.01732313231324 6.282305713609601e-19
204.11625212521253 6.280458808226058e-19
204.21518111811181 6.278613003627957e-19
204.3141101110111 6.276768298937169e-19
204.4130391039104 6.274924693276203e-19
204.51196809680968 6.2730821857682e-19
204.61089708970897 6.271240775536946e-19
204.70982608260826 6.269400461706852e-19
204.80875507550755 6.267561243402976e-19
204.90768406840684 6.265723119751004e-19
205.00661306130613 6.263886089877269e-19
205.10554205420542 6.262050152908739e-19
205.2044710471047 6.260215307973021e-19
205.303400040004 6.258381554198357e-19
205.40232903290328 6.256548890713634e-19
205.50125802580257 6.254717316648378e-19
205.60018701870186 6.252886831132756e-19
205.69911601160115 6.251057433297569e-19
205.79804500450044 6.249229122274271e-19
205.89697399739973 6.247401897194948e-19
205.99590299029902 6.245575757192328e-19
206.0948319831983 6.24375070139979e-19
206.1937609760976 6.24192672895135e-19
206.29268996899688 6.240103838981664e-19
206.39161896189617 6.238282030626035e-19
206.4905479547955 6.236461303020412e-19
206.58947694769478 6.234641655301385e-19
206.68840594059407 6.232823086606187e-19
206.78733493349336 6.2310055960727e-19
206.88626392639264 6.22918918283945e-19
206.98519291929193 6.227373846045605e-19
207.08412191219122 6.225559584830977e-19
207.1830509050905 6.223746398336037e-19
207.2819798979898 6.221934285701889e-19
207.3809088908891 6.220123246070292e-19
207.47983788378838 6.218313278583641e-19
207.57876687668767 6.216504382384992e-19
207.67769586958696 6.214696556618041e-19
207.77662486248624 6.212889800427131e-19
207.87555385538553 6.21108411295726e-19
207.97448284828482 6.2092794933540635e-19
208.0734118411841 6.207475940763834e-19
208.1723408340834 6.205673454333513e-19
208.2712698269827 6.203872033210688e-19
208.37019881988198 6.202071676543599e-19
208.46912781278127 6.200272383481128e-19
208.56805680568056 6.198474153172818e-19
208.66698579857984 6.196676984768855e-19
208.76591479147913 6.1948808774200775e-19
208.86484378437842 6.193085830277976e-19
208.9637727772777 6.191291842494685e-19
209.062701770177 6.189498913223005e-19
209.1616307630763 6.187707041616374e-19
209.2605597559756 6.185916226828885e-19
209.3594887488749 6.184126468015281e-19
209.45841774177418 6.182337764330969e-19
209.55734673467347 6.180550114931991e-19
209.65627572757276 6.178763518975053e-19
209.75520472047205 6.176977975617509e-19
209.85413371337134 6.175193484017366e-19
209.95306270627063 6.173410043333288e-19
210.05199169916992 6.171627652724589e-19
210.1509206920692 6.169846311351231e-19
210.2498496849685 6.16806601837384e-19
210.34877867786778 6.166286772953687e-19
210.44770767076707 6.164508574252701e-19
210.54663666366636 6.162731421433468e-19
210.64556565656565 6.16095531365922e-19
210.74449464946494 6.159180250093848e-19
210.84342364236423 6.1574062299019e-19
210.94235263526352 6.155633252248571e-19
211.0412816281628 6.153861316299719e-19
211.1402106210621 6.152090421221853e-19
211.23913961396138 6.150320566182134e-19
211.33806860686067 6.148551750348382e-19
211.43699759975996 6.146783972889075e-19
211.53592659265925 6.14501723297334e-19
211.63485558555854 6.143251529770961e-19
211.73378457845783 6.141486862452381e-19
211.83271357135712 6.139723230188695e-19
211.9316425642564 6.137960632151656e-19
212.03057155715572 6.136199067513673e-19
212.129500550055 6.134438535447808e-19
212.2284295429543 6.13267903512778e-19
212.3273585358536 6.130920565727967e-19
212.42628752875288 6.129163126423403e-19
212.52521652165217 6.127406716389773e-19
212.62414551455146 6.125651334803424e-19
212.72307450745075 6.123896980841356e-19
212.82200350035004 6.12214365368123e-19
212.92093249324932 6.120391352501359e-19
213.0198614861486 6.11864007648071e-19
213.1187904790479 6.11688982479892e-19
213.2177194719472 6.115140596636265e-19
213.31664846484648 6.113392391173689e-19
213.41557745774577 6.111645207592793e-19
213.51450645064506 6.10989904507583e-19
213.61343544354435 6.10815390280571e-19
213.71236443644364 6.106409779966004e-19
213.81129342934292 6.10466667574094e-19
213.9102224222422 6.102924589315396e-19
214.0091514151415 6.101183519874916e-19
214.1080804080408 6.099443466605695e-19
214.20700940094008 6.097704428694591e-19
214.30593839383937 6.09596640532911e-19
214.40486738673866 6.094229395697423e-19
214.50379637963795 6.092493398988357e-19
214.60272537253724 6.0907584143913915e-19
214.70165436543653 6.089024441096671e-19
214.8005833583358 6.0872914782949855e-19
214.89951235123513 6.085559525177794e-19
214.99844134413442 6.0838285809372035e-19
215.0973703370337 6.082098644765989e-19
215.196299329933 6.080369715857568e-19
215.2952283228323 6.07864179340603e-19
215.39415731573158 6.07691487660611e-19
215.49308630863086 6.075188964653206e-19
215.59201530153015 6.073464056743369e-19
215.69094429442944 6.071740152073314e-19
215.78987328732873 6.070017249840406e-19
215.88880228022802 6.068295349242667e-19
215.9877312731273 6.066574449478781e-19
216.0866602660266 6.0648545497480815e-19
216.1855892589259 6.063135649250571e-19
216.28451825182518 6.061417747186896e-19
216.38344724472447 6.059700842758364e-19
216.48237623762375 6.057984935166939e-19
216.58130523052304 6.056270023615245e-19
216.68023422342233 6.054556107306559e-19
216.77916321632162 6.052843185444814e-19
216.8780922092209 6.051131257234601e-19
216.9770212021202 6.049420321881167e-19
217.0759501950195 6.047710378590416e-19
217.17487918791878 6.046001426568907e-19
217.27380818081807 6.044293465023852e-19
217.37273717371735 6.042586493163123e-19
217.47166616661664 6.04088051019525e-19
217.57059515951593 6.039175515329417e-19
217.66952415241525 6.037471507775455e-19
217.76845314531454 6.035768486743866e-19
217.86738213821383 6.034066451445798e-19
217.96631113111312 6.032365401093055e-19
218.0652401240124 6.030665334898097e-19
218.1641691169117 6.028966252074041e-19
218.26309810981098 6.027268151834659e-19
218.36202710271027 6.025571033394377e-19
218.46095609560956 6.023874895968272e-19
218.55988508850885 6.022179738772082e-19
218.65881408140814 6.020485561022199e-19
218.75774307430743 6.018792361935669e-19
218.85667206720672 6.017100140730185e-19
218.955601060106 6.015408896624108e-19
219.0545300530053 6.013718628836443e-19
219.15345904590458 6.012029336586852e-19
219.25238803880387 6.0103410190956475e-19
219.35131703170316 6.008653675583805e-19
219.45024602460245 6.006967305272944e-19
219.54917501750174 6.005281907385343e-19
219.64810401040103 6.0035974811439335e-19
219.74703300330032 6.001914025772295e-19
219.8459619961996 6.000231540494668e-19
219.9448909890989 5.998550024535938e-19
220.04381998199818 5.996869477121653e-19
220.14274897489747 5.995189897478005e-19
220.24167796779676 5.993511284831838e-19
220.34060696069605 5.991833638410658e-19
220.43953595359537 5.990156957442612e-19
220.53846494649466 5.988481241156506e-19
220.63739393939395 5.986806488781798e-19
220.73632293229323 5.985132699548589e-19
220.83525192519252 5.983459872687644e-19
220.9341809180918 5.981788007430371e-19
221.0331099109911 5.9801171030088315e-19
221.1320389038904 5.978447158655738e-19
221.23096789678968 5.976778173604452e-19
221.32989688968897 5.97511014708899e-19
221.42882588258826 5.973443078344014e-19
221.52775487548755 5.971776966604841e-19
221.62668386838683 5.970111811107431e-19
221.72561286128612 5.968447611088403e-19
221.8245418541854 5.966784365785019e-19
221.9234708470847 5.965122074435192e-19
222.022399839984 5.963460736277483e-19
222.12132883288328 5.961800350551107e-19
222.22025782578257 5.960140916495923e-19
222.31918681868186 5.95848243335244e-19
222.41811581158115 5.95682490036182e-19
222.51704480448043 5.955168316765863e-19
222.61597379737972 5.953512681807027e-19
222.714902790279 5.951857994728412e-19
222.8138317831783 5.950204254773767e-19
222.9127607760776 5.948551461187492e-19
223.01168976897688 5.946899613214629e-19
223.11061876187617 5.945248710100869e-19
223.20954775477549 5.943598751092552e-19
223.30847674767477 5.941949735436662e-19
223.40740574057406 5.940301662380829e-19
223.50633473347335 5.938654531173328e-19
223.60526372637264 5.937008341063082e-19
223.70419271927193 5.93536309129966e-19
223.80312171217122 5.933718781133282e-19
223.9020507050705 5.932075409814798e-19
224.0009796979698 5.9304329765957125e-19
224.09990869086909 5.9287914807281775e-19
224.19883768376837 5.927150921464988e-19
224.29776667666766 5.925511298059575e-19
224.39669566956695 5.923872609766024e-19
224.49562466246624 5.922234855839056e-19
224.59455365536553 5.920598035534042e-19
224.69348264826482 5.918962148106991e-19
224.7924116411641 5.917327192814562e-19
224.8913406340634 5.915693168914046e-19
224.9902696269627 5.914060075663386e-19
225.08919861986197 5.912427912321164e-19
225.18812761276126 5.910796678146601e-19
225.28705660566055 5.909166372399566e-19
225.38598559855984 5.9075369943405605e-19
225.48491459145913 5.905908543230739e-19
225.58384358435842 5.904281018331882e-19
225.6827725772577 5.902654418906424e-19
225.781701570157 5.901028744217434e-19
225.8806305630563 5.899403993528623e-19
225.9795595559556 5.897780166104338e-19
226.0784885488549 5.896157261209569e-19
226.17741754175418 5.894535278109944e-19
226.27634653465347 5.892914216071731e-19
226.37527552755276 5.891294074361833e-19
226.47420452045205 5.889674852247799e-19
226.57313351335134 5.8880565489978115e-19
226.67206250625063 5.886439163880685e-19
226.77099149914991 5.884822696165883e-19
226.8699204920492 5.883207145123498e-19
226.9688494849485 5.881592510024263e-19
227.06777847784778 5.879978790139547e-19
227.16670747074707 5.878365984741355e-19
227.26563646364636 5.876754093102328e-19
227.36456545654565 5.875143114495746e-19
227.46349444944494 5.873533048195519e-19
227.56242344234423 5.871923893476196e-19
227.66135243524351 5.870315649612957e-19
227.7602814281428 5.868708315881624e-19
227.8592104210421 5.8671018915586455e-19
227.95813941394138 5.865496375921112e-19
228.05706840684067 5.863891768246737e-19
228.15599739973996 5.862288067813879e-19
228.25492639263925 5.860685273901522e-19
228.35385538553854 5.859083385789284e-19
228.45278437843783 5.857482402757417e-19
228.55171337133712 5.855882324086807e-19
228.6506423642364 5.8542831490589675e-19
228.74957135713572 5.852684876956045e-19
228.848500350035 5.851087507060819e-19
228.9474293429343 5.849491038656697e-19
229.0463583358336 5.847895471027722e-19
229.14528732873288 5.846300803458559e-19
229.24421632163217 5.844707035234516e-19
229.34314531453145 5.843114165641514e-19
229.44207430743074 5.841522193966119e-19
229.54100330033003 5.839931119495516e-19
229.63993229322932 5.838340941517523e-19
229.7388612861286 5.836751659320583e-19
229.8377902790279 5.83516327219377e-19
229.9367192719272 5.833575779426784e-19
230.03564826482648 5.831989180309958e-19
230.13457725772577 5.830403474134242e-19
230.23350625062506 5.828818660191216e-19
230.33243524352434 5.827234737773093e-19
230.43136423642363 5.825651706172707e-19
230.53029322932292 5.824069564683514e-19
230.6292222222222 5.822488312599602e-19
230.7281512151215 5.820907949215684e-19
230.8270802080208 5.819328473827086e-19
230.92600920092008 5.817749885729778e-19
231.02493819381937 5.816172184220334e-19
231.12386718671866 5.814595368595966e-19
231.22279617961794 5.813019438154502e-19
231.32172517251723 5.811444392194395e-19
231.42065416541652 5.809870230014723e-19
231.51958315831584 5.808296950915181e-19
231.61851215121513 5.806724554196088e-19
231.71744114411442 5.805153039158391e-19
231.8163701370137 5.803582405103644e-19
231.915299129913 5.802012651334037e-19
232.01422812281228 5.80044377715237e-19
232.11315711571157 5.798875781862067e-19
232.21208610861086 5.797308664767174e-19
232.31101510151015 5.795742425172353e-19
232.40994409440944 5.794177062382886e-19
232.50887308730873 5.792612575704673e-19
232.60780208020802 5.791048964444232e-19
232.7067310731073 5.789486227908702e-19
232.8056600660066 5.787924365405837e-19
232.90458905890588 5.78636337624401e-19
233.00351805180517 5.784803259732206e-19
233.10244704470446 5.783244015180035e-19
233.20137603760375 5.781685641897717e-19
233.30030503050304 5.780128139196086e-19
233.39923402340233 5.778571506386599e-19
233.49816301630162 5.777015742781322e-19
233.5970920092009 5.775460847692935e-19
233.6960210021002 5.773906820434738e-19
233.79494999499948 5.7723536603206395e-19
233.89387898789877 5.770801366665163e-19
233.99280798079806 5.769249938783448e-19
234.09173697369735 5.767699375991241e-19
234.19066596659664 5.766149677604909e-19
234.28959495949596 5.76460084294142e-19
234.38852395239525 5.763052871318367e-19
234.48745294529454 5.761505762053945e-19
234.58638193819382 5.7599595144669605e-19
234.6853109310931 5.758414127876832e-19
234.7842399239924 5.756869601603591e-19
234.8831689168917 5.755325934967876e-19
234.98209790979098 5.753783127290933e-19
235.08102690269027 5.752241177894621e-19
235.17995589558956 5.750700086101403e-19
235.27888488848885 5.749159851234358e-19
235.37781388138814 5.747620472617161e-19
235.47674287428742 5.746081949574108e-19
235.5756718671867 5.744544281430091e-19
235.674600860086 5.743007467510614e-19
235.7735298529853 5.7414715071417855e-19
235.87245884588458 5.739936399650319e-19
235.97138783878387 5.73840214436354e-19
236.07031683168316 5.736868740609367e-19
236.16924582458245 5.735336187716339e-19
236.26817481748174 5.733804485013584e-19
236.36710381038102 5.732273631830844e-19
236.4660328032803 5.73074362749846e-19
236.5649617961796 5.729214471347376e-19
236.6638907890789 5.72768616270914e-19
236.76281978197818 5.726158700915905e-19
236.86174877487747 5.724632085300422e-19
236.96067776777676 5.723106315196044e-19
237.05960676067608 5.721581389936724e-19
237.15853575357536 5.720057308857024e-19
237.25746474647465 5.718534071292094e-19
237.35639373937394 5.717011676577689e-19
237.45532273227323 5.71549012405017e-19
237.55425172517252 5.7139694130464875e-19
237.6531807180718 5.712449542904196e-19
237.7521097109711 5.710930512961448e-19
237.8510387038704 5.709412322556989e-19
237.94996769676968 5.70789497103017e-19
238.04889668966896 5.706378457720936e-19
238.14782568256825 5.704862781969823e-19
238.24675467546754 5.70334794311797e-19
238.34568366836683 5.701833940507112e-19
238.44461266126612 5.700320773479574e-19
238.5435416541654 5.698808441378283e-19
238.6424706470647 5.697296943546754e-19
238.741399639964 5.6957862793291e-19
238.84032863286328 5.694276448070028e-19
238.93925762576256 5.692767449114837e-19
239.03818661866185 5.691259281809419e-19
239.13711561156114 5.689751945500257e-19
239.23604460446043 5.688245439534433e-19
239.33497359735972 5.686739763259613e-19
239.433902590259 5.685234916024057e-19
239.5328315831583 5.683730897176617e-19
239.6317605760576 5.6822277060667325e-19
239.73068956895688 5.680725342044439e-19
239.8296185618562 5.679223804460355e-19
239.92854755475548 5.677723092665693e-19
240.02747654765477 5.67622320601225e-19
240.12640554055406 5.674724143852415e-19
240.22533453345335 5.673225905539164e-19
240.32426352635264 5.671728490426061e-19
240.42319251925193 5.670231897867258e-19
240.52212151215122 5.668736127217486e-19
240.6210505050505 5.667241177832074e-19
240.7199794979498 5.66574704906693e-19
240.81890849084908 5.664253740278548e-19
240.91783748374837 5.662761250824009e-19
241.01676647664766 5.661269580060979e-19
241.11569546954695 5.659778727347702e-19
241.21462446244624 5.658288692043014e-19
241.31355345534553 5.656799473506328e-19
241.41248244824482 5.655311071097648e-19
241.5114114411441 5.653823484177547e-19
241.6103404340434 5.652336712107193e-19
241.70926942694268 5.650850754248332e-19
241.80819841984197 5.649365609963285e-19
241.90712741274126 5.647881278614964e-19
242.00605640564055 5.646397759566851e-19
242.10498539853984 5.64491505218302e-19
242.20391439143913 5.643433155828108e-19
242.30284338433842 5.641952069867346e-19
242.4017723772377 5.640471793666537e-19
242.500701370137 5.638992326592064e-19
242.5996303630363 5.637513668010884e-19
242.6985593559356 5.636035817290538e-19
242.7974883488349 5.634558773799138e-19
242.89641734173418 5.633082536905374e-19
242.99534633463347 5.631607105978514e-19
243.09427532753276 5.630132480388397e-19
243.19320432043205 5.628658659505446e-19
243.29213331333133 5.627185642700646e-19
243.39106230623062 5.625713429345568e-19
243.4899912991299 5.624242018812351e-19
243.5889202920292 5.622771410473707e-19
243.6878492849285 5.621301603702925e-19
243.78677827782778 5.6198325978738605e-19
243.88570727072707 5.618364392360949e-19
243.98463626362636 5.616896986539188e-19
244.08356525652565 5.615430379784156e-19
244.18249424942493 5.613964571471994e-19
244.28142324232422 5.612499560979419e-19
244.3803522352235 5.611035347683718e-19
244.4792812281228 5.609571930962741e-19
244.5782102210221 5.608109310194912e-19
244.67713921392138 5.606647484759227e-19
244.77606820682067 5.605186454035244e-19
244.87499719971996 5.603726217403089e-19
244.97392619261925 5.602266774243457e-19
245.07285518551853 5.60080812393761e-19
245.17178417841782 5.599350265867382e-19
245.2707131713171 5.597893199415161e-19
245.36964216421643 5.596436923963905e-19
245.46857115711572 5.594981438897146e-19
245.567500150015 5.593526743598968e-19
245.6664291429143 5.592072837454027e-19
245.76535813581359 5.590619719847539e-19
245.86428712871287 5.589167390165284e-19
245.96321612161216 5.587715847793606e-19
246.06214511451145 5.586265092119415e-19
246.16107410741074 5.584815122530169e-19
246.26000310031003 5.583365938413906e-19
246.35893209320932 5.581917539159213e-19
246.4578610861086 5.580469924155241e-19
246.5567900790079 5.579023092791701e-19
246.65571907190719 5.577577044458862e-19
246.75464806480647 5.576131778547559e-19
246.85357705770576 5.574687294449175e-19
246.95250605060505 5.573243591555663e-19
247.05143504350434 5.571800669259521e-19
247.15036403640363 5.57035852695382e-19
247.24929302930292 5.568917164032175e-19
247.3482220222022 5.567476579888763e-19
247.4471510151015 5.566036773918313e-19
247.54608000800079 5.564597745516121e-19
247.64500900090007 5.563159494078023e-19
247.74393799379936 5.561722019000422e-19
247.84286698669865 5.560285319680268e-19
247.94179597959794 5.558849395515068e-19
248.04072497249723 5.5574142459028835e-19
248.13965396539655 5.555979870242327e-19
248.23858295829584 5.554546267932562e-19
248.33751195119513 5.553113438373307e-19
248.43644094409441 5.551681380964834e-19
248.5353699369937 5.550250095107957e-19
248.634298929893 5.548819580204055e-19
248.73322792279228 5.547389835655046e-19
248.83215691569157 5.545960860863401e-19
248.93108590859086 5.544532655232142e-19
249.03001490149015 5.543105218164838e-19
249.12894389438944 5.541678549065606e-19
249.22787288728873 5.540252647339118e-19
249.32680188018801 5.53882751239058e-19
249.4257308730873 5.537403143625759e-19
249.5246598659866 5.535979540450958e-19
249.62358885888588 5.534556702273039e-19
249.72251785178517 5.533134628499394e-19
249.82144684468446 5.531713318537971e-19
249.92037583758375 5.530292771797263e-19
250.01930483048304 5.5288729876863e-19
250.11823382338233 5.527453965614663e-19
250.21716281628161 5.526035704992475e-19
250.3160918091809 5.524618205230395e-19
250.4150208020802 5.523201465739641e-19
250.51394979497948 5.521785485931958e-19
250.61287878787877 5.520370265219636e-19
250.71180778077806 5.518955803015509e-19
250.81073677367735 5.517542098732955e-19
250.90966576657667 5.516129151785881e-19
251.00859475947595 5.514716961588745e-19
251.10752375237524 5.513305527556543e-19
251.20645274527453 5.511894849104805e-19
251.30538173817382 5.5104849256496e-19
251.4043107310731 5.509075756607541e-19
251.5032397239724 5.507667341395774e-19
251.6021687168717 5.506259679431984e-19
251.70109770977098 5.50485277013439e-19
251.80002670267027 5.503446612921748e-19
251.89895569556955 5.502041207213352e-19
251.99788468846884 5.500636552429036e-19
252.09681368136813 5.499232647989153e-19
252.19574267426742 5.49782949331461e-19
252.2946716671667 5.496427087826834e-19
252.393600660066 5.495025430947791e-19
252.4925296529653 5.49362452209998e-19
252.59145864586458 5.492224360706431e-19
252.69038763876387 5.490824946190708e-19
252.78931663166316 5.489426277976908e-19
252.88824562456244 5.488028355489655e-19
252.98717461746173 5.486631178154104e-19
253.08610361036102 5.485234745395947e-19
253.1850326032603 5.4838390566414e-19
253.2839615961596 5.482444111317208e-19
253.3828905890589 5.481049908850649e-19
253.48181958195818 5.479656448669529e-19
253.58074857485747 5.478263730202174e-19
253.67967756775678 5.476871752877449e-19
253.77860656065607 5.475480516124744e-19
253.87753555355536 5.47409001937397e-19
253.97646454645465 5.472700262055565e-19
254.07539353935394 5.471311243600501e-19
254.17432253225323 5.469922963440263e-19
254.27325152515252 5.468535421006871e-19
254.3721805180518 5.467148615732869e-19
254.4711095109511 5.465762547051317e-19
254.57003850385038 5.464377214395805e-19
254.66896749674967 5.462992617200445e-19
254.76789648964896 5.461608754899872e-19
254.86682548254825 5.4602256269292395e-19
254.96575447544754 5.45884323272423e-19
255.06468346834683 5.45746157172104e-19
255.16361246124612 5.456080643356389e-19
255.2625414541454 5.45470044706752e-19
255.3614704470447 5.453320982292194e-19
255.46039943994398 5.451942248468688e-19
255.55932843284327 5.450564245035802e-19
255.65825742574256 5.449186971432854e-19
255.75718641864185 5.44781042709968e-19
255.85611541154114 5.446434611476632e-19
255.95504440444043 5.445059524004581e-19
256.05397339733975 5.443685164124915e-19
256.15290239023903 5.442311531279535e-19
256.2518313831383 5.440938624910861e-19
256.3507603760376 5.439566444461831e-19
256.4496893689369 5.438194989375886e-19
256.5486183618362 5.436824259097e-19
256.6475473547355 5.435454253069643e-19
256.74647634763477 5.434084970738809e-19
256.84540534053406 5.432716411550004e-19
256.94433433343335 5.4313485749492445e-19
257.04326332633264 5.4299814603830575e-19
257.1421923192319 5.428615067298486e-19
257.2411213121312 5.4272493951430795e-19
257.3400503050305 5.425884443364905e-19
257.4389792979298 5.424520211412532e-19
257.5379082908291 5.423156698735045e-19
257.63683728372837 5.421793904782039e-19
257.73576627662766 5.420431829003611e-19
257.83469526952695 5.419070470850373e-19
257.93362426242624 5.417709829773444e-19
258.0325532553255 5.416349905224451e-19
258.1314822482248 5.414990696655526e-19
258.2304112411241 5.413632203519305e-19
258.3293402340234 5.412274425268941e-19
258.4282692269227 5.410917361358078e-19
258.52719821982197 5.409561011240878e-19
258.62612721272126 5.408205374372003e-19
258.72505620562055 5.406850450206616e-19
258.82398519851984 5.405496238200391e-19
258.9229141914191 5.4041427378095e-19
259.0218431843184 5.402789948490622e-19
259.1207721772177 5.401437869700934e-19
259.21970117011705 5.400086500898118e-19
259.31863016301634 5.398735841540358e-19
259.4175591559156 5.397385891086341e-19
259.5164881488149 5.396036648995249e-19
259.6154171417142 5.394688114726771e-19
259.7143461346135 5.393340287741092e-19
259.8132751275128 5.391993167498896e-19
259.91220412041207 5.390646753461365e-19
260.01113311331136 5.38930104509019e-19
260.11006210621065 5.387956041847546e-19
260.20899109910994 5.38661174319611e-19
260.3079200920092 5.38526814859906e-19
260.4068490849085 5.383925257520069e-19
260.5057780778078 5.382583069423306e-19
260.6047070707071 5.381241583773435e-19
260.7036360636064 5.379900800035617e-19
260.80256505650567 5.378560717675502e-19
260.90149404940496 5.377221336159247e-19
261.00042304230425 5.375882654953488e-19
261.09935203520354 5.374544673525369e-19
261.1982810281028 5.373207391342516e-19
261.2972100210021 5.37187080787305e-19
261.3961390139014 5.370534922585591e-19
261.4950680068007 5.369199734949242e-19
261.5939969997 5.367865244433602e-19
261.69292599259927 5.366531450508762e-19
261.79185498549856 5.365198352645297e-19
261.89078397839785 5.36386595031428e-19
261.98971297129714 5.362534242987268e-19
262.0886419641964 5.361203230136311e-19
262.1875709570957 5.359872911233945e-19
262.286499949995 5.358543285753191e-19
262.3854289428943 5.357214353167566e-19
262.4843579357936 5.355886112951067e-19
262.58328692869287 5.354558564578181e-19
262.68221592159216 5.353231707523883e-19
262.78114491449145 5.351905541263629e-19
262.88007390739074 5.350580065273364e-19
262.97900290029 5.349255279029515e-19
263.0779318931893 5.347931182009003e-19
263.1768608860886 5.346607773689218e-19
263.2757898789879 5.345285053548046e-19
263.3747188718872 5.343963021063848e-19
263.47364786478647 5.342641675715479e-19
263.57257685768576 5.341321016982262e-19
263.67150585058505 5.34000104434401e-19
263.77043484348434 5.338681757281017e-19
263.8693638363836 5.337363155274062e-19
263.9682928292829 5.336045237804393e-19
264.0672218221822 5.334728004353747e-19
264.1661508150815 5.333411454404338e-19
264.2650798079808 5.332095587438862e-19
264.3640088008801 5.330780402940488e-19
264.46293779377936 5.329465900392871e-19
264.56186678667865 5.328152079280139e-19
264.66079577957794 5.326838939086894e-19
264.7597247724772 5.325526479298223e-19
264.8586537653766 5.324214699399683e-19
264.95758275827586 5.322903598877313e-19
265.05651175117515 5.321593177217622e-19
265.15544074407444 5.320283433907595e-19
265.25436973697373 5.318974368434695e-19
265.353298729873 5.31766598028686e-19
265.4522277227723 5.316358268952494e-19
265.5511567156716 5.315051233920483e-19
265.6500857085709 5.313744874680186e-19
265.7490147014702 5.312439190721425e-19
265.84794369436946 5.311134181534502e-19
265.94687268726875 5.30982984661019e-19
266.04580168016804 5.308526185439733e-19
266.14473067306733 5.3072231975148435e-19
266.2436596659666 5.305920882327706e-19
266.3425886588659 5.304619239370974e-19
266.4415176517652 5.303318268137773e-19
266.5404466446645 5.302017968121693e-19
266.6393756375638 5.300718338816796e-19
266.73830463046306 5.299419379717612e-19
266.83723362336235 5.298121090319137e-19
266.93616261626164 5.296823470116833e-19
267.03509160916093 5.295526518606634e-19
267.1340206020602 5.294230235284934e-19
267.2329495949595 5.292934619648599e-19
267.3318785878588 5.291639671194955e-19
267.4308075807581 5.290345389421795e-19
267.5297365736574 5.2890517738273785e-19
267.62866556655666 5.28775882391043e-19
267.72759455945595 5.286466539170128e-19
267.82652355235524 5.285174919106128e-19
267.92545254525453 5.283883963218538e-19
268.0243815381538 5.282593671007933e-19
268.1233105310531 5.2813040419753515e-19
268.2222395239524 5.280015075622288e-19
268.3211685168517 5.278726771450701e-19
268.420097509751 5.27743912896301e-19
268.51902650265026 5.276152147662098e-19
268.61795549554955 5.274865827051298e-19
268.71688448844884 5.273580166634413e-19
268.81581348134813 5.272295165915698e-19
268.9147424742474 5.271010824399871e-19
269.01367146714676 5.2697271415920995e-19
269.11260046004605 5.268444116998023e-19
269.21152945294534 5.267161750123723e-19
269.31045844584463 5.265880040475748e-19
269.4093874387439 5.264598987561099e-19
269.5083164316432 5.263318590887232e-19
269.6072454245425 5.262038849962061e-19
269.7061744174418 5.260759764293949e-19
269.8051034103411 5.259481333391722e-19
269.90403240324036 5.258203556764654e-19
270.00296139613965 5.256926433922476e-19
270.10189038903894 5.255649964375368e-19
270.20081938193823 5.254374147633964e-19
270.2997483748375 5.253098983209357e-19
270.3986773677368 5.251824470613086e-19
270.4976063606361 5.2505506093571375e-19
270.5965353535354 5.249277398953956e-19
270.6954643464347 5.248004838916431e-19
270.79439333933396 5.246732928757912e-19
270.89332233223325 5.245461667992186e-19
270.99225132513254 5.244191056133499e-19
271.09118031803183 5.242921092696536e-19
271.1901093109311 5.241651777196441e-19
271.2890383038304 5.240383109148797e-19
271.3879672967297 5.23911508806964e-19
271.486896289629 5.237847713475456e-19
271.5858252825283 5.236580984883168e-19
271.68475427542757 5.235314901810151e-19
271.78368326832685 5.234049463774229e-19
271.88261226122614 5.232784670293665e-19
271.98154125412543 5.231520520887169e-19
272.0804702470247 5.2302570150739e-19
272.179399239924 5.228994152373454e-19
272.2783282328233 5.227731932305877e-19
272.3772572257226 5.226470354391654e-19
272.4761862186219 5.225209418151716e-19
272.57511521152117 5.223949123107433e-19
272.67404420442045 5.222689468780618e-19
272.77297319731974 5.221430454693527e-19
272.87190219021903 5.220172080368858e-19
272.9708311831183 5.218914345329745e-19
273.0697601760176 5.217657249099768e-19
273.1686891689169 5.216400791202941e-19
273.2676181618162 5.215144971163724e-19
273.3665471547155 5.213889788507011e-19
273.46547614761477 5.212635242758137e-19
273.56440514051405 5.211381333442872e-19
273.66333413341334 5.210128060087427e-19
273.76226312631263 5.2088754222184535e-19
273.8611921192119 5.207623419363028e-19
273.9601211121112 5.2063720510486755e-19
274.0590501050105 5.20512131680335e-19
274.1579790979098 5.203871216155449e-19
274.2569080908091 5.202621748633792e-19
274.35583708370837 5.201372913767646e-19
274.45476607660765 5.200124711086706e-19
274.553695069507 5.198877140121101e-19
274.6526240624063 5.197630200401396e-19
274.7515530553056 5.196383891458588e-19
274.85048204820487 5.195138212824106e-19
274.94941104110416 5.193893164029809e-19
275.04834003400344 5.192648744607996e-19
275.14726902690273 5.191404954091388e-19
275.246198019802 5.190161792013138e-19
275.3451270127013 5.188919257906835e-19
275.4440560056006 5.187677351306497e-19
275.5429849984999 5.186436071746566e-19
275.6419139913992 5.185195418761918e-19
275.74084298429847 5.183955391887858e-19
275.83977197719776 5.182715990660118e-19
275.93870097009705 5.181477214614861e-19
276.03762996299633 5.180239063288667e-19
276.1365589558956 5.179001536218559e-19
276.2354879487949 5.177764632941975e-19
276.3344169416942 5.176528352996783e-19
276.4333459345935 5.17529269592128e-19
276.5322749274928 5.174057661254182e-19
276.63120392039207 5.172823248534635e-19
276.73013291329136 5.171589457302208e-19
276.82906190619065 5.170356287096892e-19
276.92799089908993 5.16912373745911e-19
277.0269198919892 5.167891807929699e-19
277.1258488848885 5.166660498049924e-19
277.2247778777878 5.165429807361468e-19
277.3237068706871 5.164199735406441e-19
277.4226358635864 5.162970281727375e-19
277.52156485648567 5.161741445867216e-19
277.62049384938496 5.160513227369345e-19
277.71942284228425 5.159285625777546e-19
277.81835183518353 5.158058640636039e-19
277.9172808280828 5.156832271489453e-19
278.0162098209821 5.155606517882839e-19
278.1151388138814 5.154381379361668e-19
278.2140678067807 5.15315685547183e-19
278.31299679968 5.151932945759635e-19
278.41192579257927 5.1507096497718e-19
278.51085478547856 5.149486967055474e-19
278.60978377837785 5.148264897158213e-19
278.70871277127713 5.147043439627993e-19
278.8076417641764 5.145822594013203e-19
278.9065707570757 5.14460235986265e-19
279.005499749975 5.143382736725556e-19
279.1044287428743 5.14216372415156e-19
279.2033577357736 5.140945321690707e-19
279.30228672867287 5.139727528893468e-19
279.40121572157216 5.138510345310719e-19
279.50014471447145 5.137293770493748e-19
279.59907370737074 5.136077803994261e-19
279.69800270027 5.134862445364375e-19
279.7969316931693 5.133647694156617e-19
279.8958606860686 5.132433549923928e-19
279.9947896789679 5.131220012219658e-19
280.09371867186724 5.130007080597567e-19
280.1926476647665 5.128794754611827e-19
280.2915766576658 5.127583033817019e-19
280.3905056505651 5.126371917768135e-19
280.4894346434644 5.125161406020572e-19
280.5883636363637 5.123951498130142e-19
280.68729262926297 5.12274219365306e-19
280.78622162216226 5.121533492145949e-19
280.88515061506155 5.120325393165841e-19
280.98407960796084 5.119117896270176e-19
281.0830086008601 5.117911001016797e-19
281.1819375937594 5.116704706963959e-19
281.2808665866587 5.115499013670318e-19
281.379795579558 5.114293920694935e-19
281.4787245724573 5.11308942759728e-19
281.57765356535657 5.111885533937224e-19
281.67658255825586 5.110682239275043e-19
281.77551155115515 5.109479543171417e-19
281.87444054405444 5.10827744518743e-19
281.9733695369537 5.107075944884569e-19
282.072298529853 5.105875041824723e-19
282.1712275227523 5.104674735570185e-19
282.2701565156516 5.103475025683643e-19
282.3690855085509 5.102275911728196e-19
282.46801450145017 5.101077393267337e-19
282.56694349434946 5.099879469864962e-19
282.66587248724875 5.098682141085369e-19
282.76480148014804 5.097485406493253e-19
282.8637304730473 5.096289265653709e-19
282.9626594659466 5.095093718132229e-19
283.0615884588459 5.093898763494706e-19
283.1605174517452 5.092704401307436e-19
283.2594464446445 5.091510631137105e-19
283.35837543754377 5.090317452550798e-19
283.45730443044306 5.089124865115998e-19
283.55623342334235 5.087932868400586e-19
283.65516241624164 5.086741461972837e-19
283.7540914091409 5.085550645401423e-19
283.8530204020402 5.084360418255412e-19
283.9519493949395 5.083170780104265e-19
284.0508783878388 5.081981730517839e-19
284.1498073807381 5.080793269066385e-19
284.24873637363737 5.079605395320549e-19
284.34766536653666 5.078418108851366e-19
284.44659435943595 5.077231409230271e-19
284.54552335233524 5.076045296029085e-19
284.6444523452345 5.074859768820027e-19
284.7433813381338 5.073674827175702e-19
284.8423103310331 5.072490470669111e-19
284.9412393239324 5.071306698873646e-19
285.0401683168317 5.070123511363086e-19
285.13909730973097 5.068940907711602e-19
285.23802630263026 5.0677588874937575e-19
285.33695529552955 5.0665774502845065e-19
285.43588428842884 5.065396595659181e-19
285.5348132813281 5.064216323193516e-19
285.6337422742275 5.063036632463626e-19
285.73267126712676 5.061857523046017e-19
285.83160026002605 5.060678994517585e-19
285.93052925292534 5.059501046455604e-19
286.0294582458246 5.058323678437744e-19
286.1283872387239 5.057146890042057e-19
286.2273162316232 5.055970680846984e-19
286.3262452245225 5.054795050431348e-19
286.4251742174218 5.053619998374362e-19
286.5241032103211 5.052445524255613e-19
286.62303220322036 5.051271627655088e-19
286.72196119611965 5.050098308153146e-19
286.82089018901894 5.048925565330541e-19
286.91981918191823 5.047753398768395e-19
287.0187481748175 5.046581808048224e-19
287.1176771677168 5.045410792751925e-19
287.2166061606161 5.044240352461776e-19
287.3155351535154 5.043070486760436e-19
287.4144641464147 5.041901195230946e-19
287.51339313931396 5.040732477456729e-19
287.61232213221325 5.039564333021586e-19
287.71125112511254 5.038396761509705e-19
287.81018011801183 5.037229762505641e-19
287.9091091109111 5.0360633355943425e-19
288.0080381038104 5.034897480361131e-19
288.1069670967097 5.0337321963917035e-19
288.205896089609 5.032567483272139e-19
288.3048250825083 5.031403340588895e-19
288.40375407540756 5.030239767928804e-19
288.50268306830685 5.029076764879082e-19
288.60161206120614 5.027914331027309e-19
288.70054105410543 5.026752465961457e-19
288.7994700470047 5.025591169269863e-19
288.898399039904 5.024430440541242e-19
288.9973280328033 5.023270279364688e-19
289.0962570257026 5.022110685329668e-19
289.1951860186019 5.020951658026018e-19
289.29411501150116 5.019793197043956e-19
289.39304400440045 5.018635301974074e-19
289.49197299729974 5.017477972407331e-19
289.59090199019903 5.01632120793506e-19
289.6898309830983 5.015165008148975e-19
289.7887599759976 5.014009372641151e-19
289.8876889688969 5.012854301004041e-19
289.9866179617962 5.011699792830469e-19
290.0855469546955 5.010545847713633e-19
290.18447594759476 5.009392465247092e-19
290.28340494049405 5.008239645024789e-19
290.38233393339334 5.007087386641026e-19
290.48126292629263 5.005935689690477e-19
290.5801919191919 5.004784553768192e-19
290.6791209120912 5.003633978469582e-19
290.7780499049905 5.002483963390426e-19
290.8769788978898 5.001334508126881e-19
290.9759078907891 5.00018561227546e-19
291.07483688368836 4.999037275433052e-19
291.1737658765877 4.997889497196907e-19
291.272694869487 4.996742277164646e-19
291.3716238623863 4.995595614934257e-19
291.4705528552856 4.994449510104087e-19
291.56948184818486 4.993303962272858e-19
291.66841084108415 4.992158971039646e-19
291.76733983398344 4.991014536003906e-19
291.86626882688273 4.989870656765445e-19
291.965197819782 4.988727332924437e-19
292.0641268126813 4.987584564081427e-19
292.1630558055806 4.986442349837313e-19
292.2619847984799 4.985300689793364e-19
292.3609137913792 4.98415958355121e-19
292.45984278427846 4.983019030712835e-19
292.55877177717775 4.981879030880597e-19
292.65770077007704 4.980739583657207e-19
292.75662976297633 4.979600688645744e-19
292.8555587558756 4.978462345449639e-19
292.9544877487749 4.977324553672694e-19
293.0534167416742 4.976187312919061e-19
293.1523457345735 4.97505062279326e-19
293.2512747274728 4.973914482900162e-19
293.35020372037206 4.972778892845005e-19
293.44913271327135 4.971643852233379e-19
293.54806170617064 4.97050936067124e-19
293.64699069906993 4.969375417764892e-19
293.7459196919692 4.968242023121006e-19
293.8448486848685 4.967109176346603e-19
293.9437776777678 4.965976877049061e-19
294.0427066706671 4.964845124836123e-19
294.1416356635664 4.963713919315879e-19
294.24056465646566 4.962583260096777e-19
294.33949364936495 4.961453146787624e-19
294.43842264226424 4.960323578997576e-19
294.53735163516353 4.959194556336146e-19
294.6362806280628 4.958066078413208e-19
294.7352096209621 4.956938144838975e-19
294.8341386138614 4.955810755224027e-19
294.9330676067607 4.954683909179294e-19
295.03199659966 4.953557606316053e-19
295.13092559255927 4.952431846245943e-19
295.22985458545855 4.951306628580946e-19
295.32878357835784 4.950181952933398e-19
295.42771257125713 4.949057818915994e-19
295.5266415641564 4.947934226141771e-19
295.6255705570557 4.946811174224116e-19
295.724499549955 4.945688662776777e-19
295.8234285428543 4.94456669141384e-19
295.9223575357536 4.943445259749748e-19
296.02128652865287 4.9423243673992885e-19
296.12021552155215 4.941204013977602e-19
296.21914451445144 4.940084199100175e-19
296.31807350735073 4.938964922382844e-19
296.41700250025 4.93784618344179e-19
296.5159314931493 4.936727981893546e-19
296.6148604860486 4.935610317354991e-19
296.71378947894794 4.934493189443344e-19
296.81271847184723 4.933376597776182e-19
296.9116474647465 4.932260541971419e-19
297.0105764576458 4.931145021647319e-19
297.1095054505451 4.930030036422494e-19
297.2084344434444 4.928915585915888e-19
297.3073634363437 4.927801669746807e-19
297.40629242924297 4.926688287534888e-19
297.50522142214226 4.925575438900122e-19
297.60415041504154 4.924463123462834e-19
297.70307940794083 4.923351340843699e-19
297.8020084008401 4.922240090663735e-19
297.9009373937394 4.921129372544297e-19
297.9998663866387 4.920019186107088e-19
298.098795379538 4.918909530974148e-19
298.1977243724373 4.917800406767866e-19
298.29665336533657 4.91669181311096e-19
298.39558235823586 4.915583749626505e-19
298.49451135113515 4.914476215937898e-19
298.59344034403443 4.913369211668895e-19
298.6923693369337 4.912262736443572e-19
298.791298329833 4.911156789886367e-19
298.8902273227323 4.910051371622033e-19
298.9891563156316 4.908946481275681e-19
299.0880853085309 4.907842118472753e-19
299.18701430143017 4.906738282839026e-19
299.28594329432946 4.905634974000619e-19
299.38487228722875 4.904532191583988e-19
299.48380128012803 4.903429935215924e-19
299.5827302730273 4.902328204523558e-19
299.6816592659266 4.901226999134352e-19
299.7805882588259 4.900126318676108e-19
299.8795172517252 4.899026162776969e-19
299.9784462446245 4.8979265310654e-19
300.07737523752377 4.896827423170208e-19
300.17630423042306 4.895728838720537e-19
300.27523322332235 4.894630777345865e-19
300.37416221622163 4.893533238675999e-19
300.4730912091209 4.892436222341085e-19
300.5720202020202 4.891339727971595e-19
300.6709491949195 4.890243755198346e-19
300.7698781878188 4.889148303652475e-19
300.8688071807181 4.888053372965459e-19
300.96773617361737 4.886958962769104e-19
301.06666516651666 4.885865072695546e-19
301.16559415941595 4.884771702377258e-19
301.26452315231523 4.883678851447036e-19
301.3634521452145 4.882586519538014e-19
301.4623811381138 4.8814947062836525e-19
301.5613101310131 4.8804034113177395e-19
301.6602391239124 4.879312634274397e-19
301.7591681168117 4.878222374788077e-19
301.85809710971097 4.877132632493557e-19
301.95702610261026 4.876043407025941e-19
302.05595509550955 4.874954698020663e-19
302.15488408840883 4.873866505113494e-19
302.2538130813082 4.872778827940514e-19
302.35274207420747 4.87169166613815e-19
302.45167106710676 4.870605019343144e-19
302.55060006000605 4.869518887192562e-19
302.64952905290534 4.868433269323806e-19
302.7484580458046 4.867348165374598e-19
302.8473870387039 4.866263574982988e-19
302.9463160316032 4.8651794977873485e-19
303.0452450245025 4.864095933426378e-19
303.1441740174018 4.8630128815391e-19
303.24310301030107 4.86193034176486e-19
303.34203200320036 4.8608483137433345e-19
303.44096099609965 4.859766797114513e-19
303.53988998899894 4.858685791518716e-19
303.6388189818982 4.857605296596584e-19
303.7377479747975 4.85652531198908e-19
303.8366769676968 4.855445837337492e-19
303.9356059605961 4.854366872283425e-19
304.0345349534954 4.853288416468806e-19
304.13346394639467 4.852210469535892e-19
304.23239293929396 4.851133031127248e-19
304.33132193219325 4.850056100885769e-19
304.43025092509254 4.848979678454665e-19
304.5291799179918 4.847903763477469e-19
304.6281089108911 4.846828355598035e-19
304.7270379037904 4.845753454460531e-19
304.8259668966897 4.844679059709445e-19
304.924895889589 4.84360517098959e-19
305.02382488248827 4.842531787946089e-19
305.12275387538756 4.841458910224388e-19
305.22168286828685 4.840386537470251e-19
305.32061186118614 4.839314669329753e-19
305.4195408540854 4.838243305449294e-19
305.5184698469847 4.837172445475586e-19
305.617398839884 4.83610208905566e-19
305.7163278327833 4.835032235836861e-19
305.8152568256826 4.833962885466848e-19
305.91418581858187 4.8328940375936e-19
306.01311481148116 4.831825691865408e-19
306.11204380438045 4.830757847930879e-19
306.21097279727974 4.829690505438934e-19
306.309901790179 4.828623664038808e-19
306.4088307830783 4.827557323380045e-19
306.5077597759776 4.8264914831125145e-19
306.6066887688769 4.825426142886387e-19
306.7056177617762 4.824361302352149e-19
306.80454675467547 4.823296961160607e-19
306.90347574757476 4.822233118962869e-19
307.00240474047405 4.821169775410361e-19
307.10133373337334 4.820106930154818e-19
307.2002627262726 4.819044582848289e-19
307.2991917191719 4.81798273314313e-19
307.3981207120712 4.81692138069201e-19
307.4970497049705 4.815860525147911e-19
307.5959786978698 4.814800166164117e-19
307.69490769076907 4.813740303394228e-19
307.7938366836684 4.812680936492155e-19
307.8927656765677 4.811622065112112e-19
307.991694669467 4.810563688908623e-19
308.0906236623663 4.809505807536523e-19
308.1895526552656 4.808448420650957e-19
308.28848164816486 4.80739152790737e-19
308.38741064106415 4.806335128961521e-19
308.48633963396344 4.805279223469473e-19
308.5852686268627 4.804223811087599e-19
308.684197619762 4.803168891472573e-19
308.7831266126613 4.802114464281382e-19
308.8820556055606 4.801060529171309e-19
308.9809845984599 4.800007085799957e-19
309.0799135913592 4.798954133825219e-19
309.17884258425846 4.797901672905305e-19
309.27777157715775 4.796849702698722e-19
309.37670057005704 4.795798222864283e-19
309.4756295629563 4.794747233061105e-19
309.5745585558556 4.793696732948616e-19
309.6734875487549 4.792646722186531e-19
309.7724165416542 4.791597200434883e-19
309.8713455345535 4.790548167354003e-19
309.9702745274528 4.789499622604523e-19
310.06920352035206 4.788451565847376e-19
310.16813251325135 4.787403996743801e-19
310.26706150615064 4.786356914955334e-19
310.36599049904993 4.785310320143818e-19
310.4649194919492 4.784264211971391e-19
310.5638484848485 4.783218590100493e-19
310.6627774777478 4.782173454193866e-19
310.7617064706471 4.78112880391455e-19
310.8606354635464 4.780084638925889e-19
310.95956445644566 4.779040958891519e-19
311.05849344934495 4.777997763475381e-19
311.15742244224424 4.776955052341712e-19
311.25635143514353 4.775912825155048e-19
311.3552804280428 4.774871081580224e-19
311.4542094209421 4.773829821282374e-19
311.5531384138414 4.772789043926922e-19
311.6520674067407 4.771748749179601e-19
311.75099639964 4.77070893670643e-19
311.84992539253926 4.769669606173733e-19
311.94885438543855 4.768630757248123e-19
312.04778337833784 4.767592389596514e-19
312.14671237123713 4.766554502886115e-19
312.2456413641364 4.765517096784427e-19
312.3445703570357 4.7644801709592515e-19
312.443499349935 4.763443725078682e-19
312.5424283428343 4.762407758811102e-19
312.6413573357336 4.761372271825197e-19
312.74028632863286 4.760337263789945e-19
312.83921532153215 4.759302734374611e-19
312.93814431443144 4.7582686832487605e-19
313.03707330733073 4.757235110082249e-19
313.13600230023 4.756202014545223e-19
313.2349312931293 4.755169396308123e-19
313.33386028602865 4.754137255041687e-19
313.43278927892794 4.753105590416933e-19
313.53171827182723 4.75207440210518e-19
313.6306472647265 4.751043689778036e-19
313.7295762576258 4.750013453107395e-19
313.8285052505251 4.748983691765449e-19
313.9274342434244 4.747954405424682e-19
314.0263632363237 4.746925593757853e-19
314.12529222922296 4.745897256438026e-19
314.22422122212225 4.744869393138547e-19
314.32315021502154 4.743842003533052e-19
314.42207920792083 4.742815087295474e-19
314.5210082008201 4.741788644100019e-19
314.6199371937194 4.740762673621196e-19
314.7188661866187 4.739737175533791e-19
314.817795179518 4.738712149512882e-19
314.9167241724173 4.737687595233836e-19
315.01565316531656 4.736663512372305e-19
315.11458215821585 4.735639900604231e-19
315.21351115111514 4.734616759605836e-19
315.31244014401443 4.73359408905363e-19
315.4113691369137 4.732571888624417e-19
315.510298129813 4.731550157995274e-19
315.6092271227123 4.730528896843575e-19
315.7081561156116 4.729508104846969e-19
315.8070851085109 4.728487781683396e-19
315.90601410141016 4.727467927031079e-19
316.00494309430945 4.726448540568523e-19
316.10387208720874 4.725429621974519e-19
316.20280108010803 4.724411170928144e-19
316.3017300730073 4.72339318710875e-19
316.4006590659066 4.722375670195979e-19
316.4995880588059 4.721358619869755e-19
316.5985170517052 4.720342035810284e-19
316.6974460446045 4.719325917698052e-19
316.79637503750376 4.718310265213827e-19
316.89530403040305 4.71729507803866e-19
316.99423302330234 4.716280355853885e-19
317.09316201620163 4.715266098341112e-19
317.1920910091009 4.714252305182236e-19
317.2910200020002 4.713238976059429e-19
317.3899489948995 4.712226110655144e-19
317.4888779877988 4.71121370865212e-19
317.5878069806981 4.710201769733363e-19
317.68673597359737 4.709190293582171e-19
317.78566496649665 4.708179279882111e-19
317.88459395939594 4.707168728317036e-19
317.98352295229523 4.706158638571069e-19
318.0824519451945 4.705149010328623e-19
318.1813809380938 4.704139843274375e-19
318.2803099309931 4.703131137093293e-19
318.3792389238924 4.702122891470613e-19
318.4781679167917 4.701115106091848e-19
318.57709690969097 4.700107780642796e-19
318.67602590259025 4.699100914809521e-19
318.77495489548954 4.698094508278368e-19
318.87388388838883 4.697088560735958e-19
318.9728128812882 4.696083071869191e-19
319.07174187418747 4.695078041365231e-19
319.17067086708676 4.694073468911527e-19
319.26959985998604 4.693069354195806e-19
319.36852885288533 4.692065696906055e-19
319.4674578457846 4.691062496730547e-19
319.5663868386839 4.690059753357827e-19
319.6653158315832 4.689057466476706e-19
319.7642448244825 4.6880556357762785e-19
319.8631738173818 4.687054260945907e-19
319.96210281028107 4.686053341675228e-19
320.06103180318036 4.685052877654149e-19
320.15996079607964 4.684052868572848e-19
320.25888978897893 4.683053314121781e-19
320.3578187818782 4.68205421399167e-19
320.4567477747775 4.681055567873511e-19
320.5556767676768 4.680057375458568e-19
320.6546057605761 4.67905963643838e-19
320.7535347534754 4.678062350504755e-19
320.85246374637467 4.677065517349769e-19
320.95139273927396 4.676069136665771e-19
321.05032173217324 4.675073208145375e-19
321.14925072507253 4.674077731481475e-19
321.2481797179718 4.673082706367218e-19
321.3471087108711 4.672088132496034e-19
321.4460377037704 4.671094009561616e-19
321.5449666966697 4.670100337257924e-19
321.643895689569 4.669107115279189e-19
321.74282468246827 4.668114343319906e-19
321.84175367536756 4.667122021074842e-19
321.94068266826685 4.666130148239027e-19
322.03961166116613 4.665138724507763e-19
322.1385406540654 4.664147749576611e-19
322.2374696469647 4.663157223141408e-19
322.336398639864 4.662167144898249e-19
322.4353276327633 4.661177514543498e-19
322.5342566256626 4.660188331773782e-19
322.63318561856187 4.659199596286001e-19
322.73211461146116 4.65821130777731e-19
322.83104360436045 4.657223465945139e-19
322.92997259725973 4.656236070487171e-19
323.028901590159 4.655249121101362e-19
323.1278305830583 4.654262617485928e-19
323.2267595759576 4.653276559339351e-19
323.3256885688569 4.652290946360375e-19
323.4246175617562 4.651305778248008e-19
323.52354655465547 4.650321054701518e-19
323.62247554755476 4.649336775420438e-19
323.72140454045405 4.648352940104565e-19
323.82033353335333 4.647369548453957e-19
323.9192625262526 4.646386600168929e-19
324.0181915191519 4.645404094950064e-19
324.1171205120512 4.644422032498204e-19
324.2160495049505 4.643440412514449e-19
324.3149784978498 4.6424592347001685e-19
324.41390749074907 4.641478498756981e-19
324.5128364836484 4.640498204386772e-19
324.6117654765477 4.639518351291684e-19
324.710694469447 4.638538939174124e-19
324.8096234623463 4.637559967736754e-19
324.90855245524557 4.636581436682496e-19
325.00748144814486 4.63560334571453e-19
325.10641044104415 4.634625694536298e-19
325.20533943394344 4.633648482851498e-19
325.3042684268427 4.632671710364083e-19
325.403197419742 4.631695376778269e-19
325.5021264126413 4.63071948179853e-19
325.6010554055406 4.629744025129589e-19
325.6999843984399 4.628769006476439e-19
325.79891339133917 4.627794425544316e-19
325.89784238423846 4.626820282038724e-19
325.99677137713775 4.625846575665415e-19
326.09570037003704 4.624873306130402e-19
326.1946293629363 4.623900473139954e-19
326.2935583558356 4.622928076400589e-19
326.3924873487349 4.621956115619087e-19
326.4914163416342 4.620984590502482e-19
326.5903453345335 4.62001350075806e-19
326.68927432743277 4.619042846093364e-19
326.78820332033206 4.618072626216188e-19
326.88713231323135 4.617102840834582e-19
326.98606130613064 4.616133489656853e-19
327.0849902990299 4.615164572391552e-19
327.1839192919292 4.614196088747495e-19
327.2828482848285 4.613228038433741e-19
327.3817772777278 4.612260421159606e-19
327.4807062706271 4.611293236634659e-19
327.57963526352637 4.610326484568718e-19
327.67856425642566 4.609360164671858e-19
327.77749324932495 4.6083942766544e-19
327.87642224222424 4.607428820226921e-19
327.9753512351235 4.606463795100245e-19
328.0742802280228 4.605499200985446e-19
328.1732092209221 4.604535037593857e-19
328.2721382138214 4.6035713046370495e-19
328.3710672067207 4.602608001826857e-19
328.46999619961997 4.601645128875352e-19
328.56892519251926 4.600682685494863e-19
328.66785418541855 4.599720671397965e-19
328.76678317831784 4.598759086297486e-19
328.8657121712171 4.597797929906497e-19
328.9646411641164 4.596837201938325e-19
329.0635701570157 4.5958769021065365e-19
329.162499149915 4.5949170301249485e-19
329.2614281428143 4.59395758570763e-19
329.36035713571357 4.592998568568901e-19
329.45928612861286 4.592039978423314e-19
329.55821512151215 4.59108181498568e-19
329.65714411441144 4.590124077971056e-19
329.7560731073107 4.589166767094743e-19
329.85500210021 4.588209882072289e-19
329.9539310931093 4.587253422619485e-19
330.05286008600865 4.586297388452375e-19
330.15178907890794 4.585341779287241e-19
330.2507180718072 4.584386594840616e-19
330.3496470647065 4.583431834829274e-19
330.4485760576058 4.582477498970235e-19
330.5475050505051 4.581523586980763e-19
330.6464340434044 4.580570098578369e-19
330.7453630363037 4.579617033480806e-19
330.84429202920296 4.578664391406071e-19
330.94322102210225 4.577712172072401e-19
331.04215001500154 4.576760375198282e-19
331.1410790079008 4.57580900050244e-19
331.2400080008001 4.574858047703846e-19
331.3389369936994 4.573907516521711e-19
331.4378659865987 4.572957406675487e-19
331.536794979498 4.572007717884873e-19
331.6357239723973 4.571058449869808e-19
331.73465296529656 4.57010960235047e-19
331.83358195819585 4.569161175047277e-19
331.93251095109514 4.568213167680896e-19
332.0314399439944 4.567265579972228e-19
332.1303689368937 4.566318411642415e-19
332.229297929793 4.565371662412839e-19
332.3282269226923 4.56442533200513e-19
332.4271559155916 4.563479420141145e-19
332.5260849084909 4.56253392654299e-19
332.62501390139016 4.56158885093301e-19
332.72394289428945 4.560644193033781e-19
332.82287188718874 4.55969995256813e-19
332.921800880088 4.55875612925911e-19
333.0207298729873 4.5578127228300235e-19
333.1196588658866 4.556869733004402e-19
333.2185878587859 4.555927159506022e-19
333.3175168516852 4.554985002058895e-19
333.4164458445845 4.554043260387264e-19
333.51537483748376 4.553101934215623e-19
333.61430383038305 4.552161023268686e-19
333.71323282328234 4.551220527271423e-19
333.81216181618163 4.550280445949018e-19
333.9110908090809 4.549340779026913e-19
334.0100198019802 4.54840152623077e-19
334.1089487948795 4.547462687286493e-19
334.2078777877788 4.546524261920227e-19
334.3068067806781 4.54558624985834e-19
334.40573577357736 4.544648650827444e-19
334.50466476647665 4.543711464554383e-19
334.60359375937594 4.542774690766236e-19
334.70252275227523 4.541838329190316e-19
334.8014517451745 4.54090237955417e-19
334.9003807380738 4.539966841585581e-19
334.9993097309731 4.539031715012562e-19
335.0982387238724 4.538096999563358e-19
335.1971677167717 4.537162694966455e-19
335.29609670967096 4.536228800950563e-19
335.39502570257025 4.535295317244633e-19
335.49395469546954 4.534362243577839e-19
335.5928836883689 4.533429579679595e-19
335.6918126812682 4.532497325279544e-19
335.79074167416746 4.531565480107561e-19
335.88967066706675 4.530634043893752e-19
335.98859965996604 4.529703016368455e-19
336.08752865286533 4.528772397262236e-19
336.1864576457646 4.527842186305898e-19
336.2853866386639 4.526912383230467e-19
336.3843156315632 4.525982987767208e-19
336.4832446244625 4.525053999647606e-19
336.5821736173618 4.524125418603383e-19
336.68110261026106 4.523197244366489e-19
336.78003160316035 4.5222694766691035e-19
336.87896059605964 4.521342115243633e-19
336.97788958895893 4.520415159822715e-19
337.0768185818582 4.519488610139215e-19
337.1757475747575 4.51856246592623e-19
337.2746765676568 4.51763672691708e-19
337.3736055605561 4.516711392845314e-19
337.4725345534554 4.515786463444711e-19
337.57146354635466 4.514861938449275e-19
337.67039253925395 4.513937817593244e-19
337.76932153215324 4.513014100611072e-19
337.86825052505253 4.512090787237449e-19
337.9671795179518 4.511167877207288e-19
338.0661085108511 4.51024537025573e-19
338.1650375037504 4.509323266118136e-19
338.2639664966497 4.508401564530102e-19
338.362895489549 4.507480265227444e-19
338.46182448244826 4.506559367946207e-19
338.56075347534755 4.505638872422655e-19
338.65968246824684 4.504718778393284e-19
338.75861146114613 4.503799085594811e-19
338.8575404540454 4.502879793764178e-19
338.9564694469447 4.501960902638551e-19
339.055398439844 4.501042411955326e-19
339.1543274327433 4.50012432145211e-19
339.2532564256426 4.499206630866747e-19
339.35218541854186 4.498289339937297e-19
339.45111441144115 4.497372448402043e-19
339.55004340434044 4.496455955999495e-19
339.64897239723973 4.495539862468383e-19
339.747901390139 4.494624167547661e-19
339.8468303830383 4.493708870976503e-19
339.9457593759376 4.492793972494306e-19
340.0446883688369 4.491879471840692e-19
340.1436173617362 4.490965368755499e-19
340.24254635463546 4.490051662978793e-19
340.34147534753475 4.489138354250853e-19
340.44040434043404 4.488225442312182e-19
340.53933333333333 4.487312926903513e-19
340.6382623262326 4.486400807765785e-19
340.7371913191319 4.485489084640168e-19
340.8361203120312 4.484577757268044e-19
340.9350493049305 4.483666825391022e-19
341.0339782978298 4.482756288750925e-19
341.1329072907291 4.481846147089798e-19
341.2318362836284 4.480936400149905e-19
341.3307652765277 4.480027047673732e-19
341.429694269427 4.479118089403976e-19
341.5286232623263 4.478209525083561e-19
341.62755225522557 4.477301354455623e-19
341.72648124812486 4.476393577263518e-19
341.82541024102414 4.475486193250822e-19
341.92433923392343 4.474579202161325e-19
342.0232682268227 4.47367260373904e-19
342.122197219722 4.472766397728189e-19
342.2211262126213 4.471860583873217e-19
342.3200552055206 4.470955161918785e-19
342.4189841984199 4.47005013160977e-19
342.51791319131917 4.469145492691263e-19
342.61684218421846 4.468241244908575e-19
342.71577117711774 4.4673373880072295e-19
342.81470017001703 4.466433921732969e-19
342.9136291629163 4.46553084583175e-19
343.0125581558156 4.4646281600497395e-19
343.1114871487149 4.463725864133328e-19
343.2104161416142 4.462823957829114e-19
343.3093451345135 4.461922440883917e-19
343.40827412741277 4.461021313044763e-19
343.50720312031206 4.460120574058897e-19
343.60613211321134 4.459220223673779e-19
343.70506110611063 4.45832026163708e-19
343.8039900990099 4.457420687696683e-19
343.9029190919092 4.45652150160069e-19
344.0018480848085 4.45562270309741e-19
344.1007770777078 4.454724291935369e-19
344.1997060706071 4.453826267863307e-19
344.29863506350637 4.452928630630165e-19
344.39756405640566 4.452031379985114e-19
344.49649304930495 4.451134515677521e-19
344.59542204220423 4.450238037456976e-19
344.6943510351035 4.449341945073274e-19
344.7932800280028 4.448446238276424e-19
344.8922090209021 4.447550916816647e-19
344.9911380138014 4.446655980444371e-19
345.0900670067007 4.445761428910238e-19
345.18899599959997 4.444867261965099e-19
345.28792499249926 4.44397347936002e-19
345.38685398539855 4.443080080846269e-19
345.48578297829783 4.44218706617533e-19
345.5847119711971 4.441294435098895e-19
345.6836409640964 4.440402187368861e-19
345.7825699569957 4.439510322737345e-19
345.881498949895 4.438618840956661e-19
345.9804279427943 4.437727741779342e-19
346.07935693569357 4.436837024958122e-19
346.17828592859286 4.435946690245944e-19
346.27721492149215 4.435056737395965e-19
346.37614391439143 4.434167166161545e-19
346.4750729072907 4.433277976296254e-19
346.57400190019 4.432389167553868e-19
346.67293089308936 4.431500739688373e-19
346.77185988598865 4.430612692453957e-19
346.87078887888794 4.429725025605023e-19
346.9697178717872 4.428837738896169e-19
347.0686468646865 4.427950832082215e-19
347.1675758575858 4.42706430491817e-19
347.2665048504851 4.426178157159265e-19
347.3654338433844 4.425292388560929e-19
347.46436283628367 4.424406998878793e-19
347.56329182918296 4.423521987868702e-19
347.66222082208225 4.4226373552867e-19
347.76114981498154 4.421753100889037e-19
347.8600788078808 4.420869224432176e-19
347.9590078007801 4.419985725672771e-19
348.0579367936794 4.4191026043676925e-19
348.1568657865787 4.418219860274007e-19
348.255794779478 4.41733749314899e-19
348.35472377237727 4.416455502750117e-19
348.45365276527656 4.415573888835071e-19
348.55258175817585 4.414692651161736e-19
348.65151075107514 4.4138117894882e-19
348.7504397439744 4.4129313035727545e-19
348.8493687368737 4.412051193173892e-19
348.948297729773 4.411171458050308e-19
349.0472267226723 4.410292097960907e-19
349.1461557155716 4.409413112664782e-19
349.24508470847087 4.408534501921244e-19
349.34401370137016 4.4076562654897935e-19
349.44294269426945 4.406778403130137e-19
349.54187168716874 4.405900914602184e-19
349.640800680068 4.405023799666041e-19
349.7397296729673 4.404147058082023e-19
349.8386586658666 4.403270689610635e-19
349.9375876587659 4.402394694012593e-19
350.0365166516652 4.401519071048807e-19
350.13544564456447 4.40064382048039e-19
350.23437463746376 4.399768942068655e-19
350.33330363036305 4.398894435575113e-19
350.43223262326234 4.398020300761474e-19
350.5311616161616 4.397146537389654e-19
350.6300906090609 4.396273145221757e-19
350.7290196019602 4.395400124020099e-19
350.8279485948595 4.394527473547181e-19
350.9268775877588 4.393655193565714e-19
351.02580658065807 4.392783283838602e-19
351.12473557355736 4.391911744128949e-19
351.22366456645665 4.391040574200057e-19
351.32259355935594 4.390169773815424e-19
351.4215225522552 4.389299342738747e-19
351.5204515451545 4.38842928073392e-19
351.6193805380538 4.387559587565034e-19
351.7183095309531 4.386690262996379e-19
351.8172385238524 4.385821306792437e-19
351.91616751675167 4.384952718717895e-19
352.01509650965096 4.384084498537628e-19
352.11402550255025 4.383216646016713e-19
352.2129544954496 4.382349160920419e-19
352.3118834883489 4.38148204301421e-19
352.4108124812482 4.380615292063754e-19
352.50974147414746 4.379748907834905e-19
352.60867046704675 4.378882890093716e-19
352.70759945994604 4.378017238606436e-19
352.8065284528453 4.3771519531395085e-19
352.9054574457446 4.37628703345957e-19
353.0043864386439 4.375422479333451e-19
353.1033154315432 4.374558290528182e-19
353.2022444244425 4.373694466810977e-19
353.3011734173418 4.372831007949259e-19
353.40010241024106 4.371967913710627e-19
353.49903140314035 4.371105183862891e-19
353.59796039603964 4.370242818174042e-19
353.6968893889389 4.369380816412266e-19
353.7958183818382 4.368519178345949e-19
353.8947473747375 4.36765790374366e-19
353.9936763676368 4.36679699237417e-19
354.0926053605361 4.365936444006431e-19
354.1915343534354 4.365076258409601e-19
354.29046334633466 4.364216435353019e-19
354.38939233923395 4.363356974606222e-19
354.48832133213324 4.362497875938932e-19
354.5872503250325 4.361639139121073e-19
354.6861793179318 4.360780763922749e-19
354.7851083108311 4.359922750114261e-19
354.8840373037304 4.359065097466099e-19
354.9829662966297 4.3582078057489505e-19
355.081895289529 4.357350874733679e-19
355.18082428242826 4.356494304191351e-19
355.27975327532755 4.35563809389322e-19
355.37868226822684 4.354782243610722e-19
355.4776112611261 4.353926753115498e-19
355.5765402540254 4.35307162217936e-19
355.6754692469247 4.352216850574325e-19
355.774398239824 4.351362438072591e-19
355.8733272327233 4.350508384446546e-19
355.9722562256226 4.349654689468773e-19
356.07118521852186 4.348801352912029e-19
356.17011421142115 4.347948374549276e-19
356.26904320432044 4.34709575415365e-19
356.36797219721973 4.346243491498489e-19
356.466901190119 4.345391586357307e-19
356.5658301830183 4.34454003850381e-19
356.6647591759176 4.343688847711895e-19
356.7636881688169 4.342838013755642e-19
356.8626171617162 4.341987536409316e-19
356.96154615461546 4.341137415447375e-19
357.06047514751475 4.340287650644458e-19
357.15940414041404 4.339438241775398e-19
357.25833313331333 4.338589188615204e-19
357.3572621262126 4.337740490939078e-19
357.4561911191119 4.336892148522407e-19
357.5551201120112 4.3360441611407662e-19
357.6540491049105 4.3351965285699107e-19
357.75297809780983 4.3343492505857853e-19
357.8519070907091 4.3335023269645166e-19
357.9508360836084 4.3326557574824227e-19
358.0497650765077 4.331809541915994e-19
358.148694069407 4.3309636800419234e-19
358.2476230623063 4.330118171637072e-19
358.34655205520556 4.3292730164784956e-19
358.44548104810485 4.328428214343429e-19
358.54441004100414 4.3275837650092904e-19
358.64333903390343 4.326739668253687e-19
358.7422680268027 4.325895923854405e-19
358.841197019702 4.3250525315894145e-19
358.9401260126013 4.3242094912368733e-19
359.0390550055006 4.3233668025751113e-19
359.1379839983999 4.3225244653826555e-19
359.23691299129916 4.321682479438207e-19
359.33584198419845 4.320840844520648e-19
359.43477097709774 4.319999560409051e-19
359.53369996999703 4.31915862688266e-19
359.6326289628963 4.3183180437209117e-19
359.7315579557956 4.3174778107034156e-19
359.8304869486949 4.3166379276099693e-19
359.9294159415942 4.31579839422055e-19
360.0283449344935 4.3149592103153125e-19
360.12727392739276 4.3141203756745984e-19
360.22620292029205 4.313281890078923e-19
360.32513191319134 4.3124437533089924e-19
360.42406090609063 4.3116059651456857e-19
360.5229898989899 4.3107685253700592e-19
360.6219188918892 4.3099314337633586e-19
360.7208478847885 4.3090946901070057e-19
360.8197768776878 4.3082582941825997e-19
360.9187058705871 4.3074222457719234e-19
361.01763486348636 4.3065865446569356e-19
361.11656385638565 4.305751190619776e-19
361.21549284928494 4.304916183442764e-19
361.31442184218423 4.3040815229083953e-19
361.4133508350835 4.3032472087993475e-19
361.5122798279828 4.302413240898473e-19
361.6112088208821 4.3015796189888107e-19
361.7101378137814 4.3007463428535675e-19
361.8090668066807 4.299913412276132e-19
361.90799579957996 4.2990808270400774e-19
362.00692479247925 4.2982485869291413e-19
362.10585378537854 4.297416691727251e-19
362.20478277827783 4.2965851412185065e-19
362.3037117711771 4.295753935187182e-19
362.4026407640764 4.2949230734177336e-19
362.5015697569757 4.294092555694792e-19
362.600498749875 4.2932623818031625e-19
362.6994277427743 4.2924325515278326e-19
362.79835673567356 4.2916030646539604e-19
362.89728572857285 4.2907739209668823e-19
362.99621472147214 4.289945120252112e-19
363.09514371437143 4.2891166622953354e-19
363.1940727072707 4.288288546882418e-19
363.29300170017007 4.2874607737993974e-19
363.39193069306936 4.2866333428324886e-19
363.49085968596864 4.2858062537680834e-19
363.58978867886793 4.2849795063927404e-19
363.6887176717672 4.284153100493204e-19
363.7876466646665 4.283327035856386e-19
363.8865756575658 4.2825013122693735e-19
363.9855046504651 4.28167592951943e-19
364.0844336433644 4.280850887393992e-19
364.18336263626367 4.2800261856806683e-19
364.28229162916296 4.279201824167244e-19
364.38122062206224 4.278377802641675e-19
364.48014961496153 4.2775541208920933e-19
364.5790786078608 4.276730778706802e-19
364.6780076007601 4.2759077758742784e-19
364.7769365936594 4.2750851121831715e-19
364.8758655865587 4.274262787422307e-19
364.974794579458 4.2734408013806755e-19
365.07372357235727 4.2726191538474456e-19
365.17265256525656 4.271797844611959e-19
365.27158155815584 4.2709768734637237e-19
365.37051055105513 4.270156240192426e-19
365.4694395439544 4.269335944587919e-19
365.5683685368537 4.2685159864402296e-19
365.667297529753 4.267696365539559e-19
365.7662265226523 4.2668770816762686e-19
365.8651555155516 4.2660581346409064e-19
365.96408450845087 4.265239524224176e-19
366.06301350135016 4.2644212502169646e-19
366.16194249424944 4.2636033124103205e-19
366.26087148714873 4.2627857105954687e-19
366.359800480048 4.261968444563798e-19
366.4587294729473 4.2611515141068743e-19
366.5576584658466 4.2603349190164264e-19
366.6565874587459 4.259518659084359e-19
366.7555164516452 4.258702734102742e-19
366.85444544454447 4.257887143863816e-19
366.95337443744376 4.2570718881599904e-19
367.05230343034304 4.256256966783845e-19
367.15123242324233 4.2554423795281264e-19
367.2501614161416 4.254628126185752e-19
367.3490904090409 4.253814206549804e-19
367.4480194019402 4.2530006204135387e-19
367.5469483948395 4.252187367570374e-19
367.6458773877388 4.2513744478139023e-19
367.74480638063807 4.2505618609378785e-19
367.84373537353736 4.2497496067362264e-19
367.94266436643665 4.2489376850030395e-19
368.04159335933593 4.2481260955325775e-19
368.1405223522352 4.2473148381192665e-19
368.2394513451345 4.246503912557699e-19
368.3383803380338 4.2456933186426383e-19
368.4373093309331 4.2448830561690093e-19
368.5362383238324 4.244073124931907e-19
368.63516731673167 4.2432635247265904e-19
368.73409630963096 4.242454255348485e-19
368.83302530253025 4.2416453165931843e-19
368.9319542954296 4.240836708256447e-19
369.0308832883289 4.2400284301341964e-19
369.12981228122817 4.23922048202252e-19
369.22874127412746 4.238412863717673e-19
369.32767026702675 4.23760557501608e-19
369.42659925992604 4.2367986157143185e-19
369.5255282528253 4.2359919856091445e-19
369.6244572457246 4.235185684497469e-19
369.7233862386239 4.2343797121763736e-19
369.8223152315232 4.2335740684430995e-19
369.9212442244225 4.2327687530950562e-19
370.02017321732177 4.231963765929814e-19
370.11910221022106 4.231159106745111e-19
370.21803120312035 4.230354775338845e-19
370.31696019601964 4.229550771509081e-19
370.4158891889189 4.2287470950540414e-19
370.5148181818182 4.227943745772122e-19
370.6137471747175 4.2271407234618717e-19
370.7126761676168 4.2263380279220093e-19
370.8116051605161 4.225535658951411e-19
370.91053415341537 4.22473361634912e-19
371.00946314631466 4.22393189991434e-19
371.10839213921395 4.2231305094464344e-19
371.20732113211324 4.222329444744937e-19
371.3062501250125 4.2215287056095344e-19
371.4051791179118 4.2207282918400826e-19
371.5041081108111 4.2199282032365903e-19
371.6030371037104 4.2191284395992375e-19
371.7019660966097 4.2183290007283586e-19
371.80089508950897 4.2175298864244534e-19
371.89982408240826 4.216731096488181e-19
371.99875307530755 4.2159326307203597e-19
372.09768206820684 4.2151344889219737e-19
372.1966110611061 4.214336670894162e-19
372.2955400540054 4.213539176438228e-19
372.3944690469047 4.212742005355633e-19
372.493398039804 4.211945157447997e-19
372.5923270327033 4.2111486325171075e-19
372.69125602560257 4.210352430364903e-19
372.79018501850186 4.209556550793488e-19
372.88911401140115 4.2087609936051206e-19
372.98804300430044 4.2079657586022215e-19
373.0869719971997 4.2071708455873757e-19
373.185900990099 4.206376254363316e-19
373.2848299829983 4.205581984732946e-19
373.3837589758976 4.2047880364993146e-19
373.4826879687969 4.203994409465644e-19
373.58161696169617 4.2032011034353054e-19
373.68054595459546 4.202408118211829e-19
373.77947494749475 4.201615453598906e-19
373.87840394039404 4.2008231094003834e-19
373.9773329332933 4.200031085420269e-19
374.0762619261926 4.199239381462723e-19
374.1751909190919 4.1984479973320704e-19
374.2741199119912 4.1976569328327837e-19
374.3730489048905 4.196866187769503e-19
374.4719778977898 4.196075761947018e-19
374.5709068906891 4.1952856551702793e-19
374.6698358835884 4.1944958672443917e-19
374.7687648764877 4.193706397974621e-19
374.867693869387 4.1929172471663825e-19
374.9666228622863 4.1921284146252523e-19
375.06555185518556 4.191339900156962e-19
375.16448084808485 4.1905517035674002e-19
375.26340984098414 4.1897638246626087e-19
375.3623388338834 4.188976263248787e-19
375.4612678267827 4.188189019132289e-19
375.560196819682 4.1874020921196243e-19
375.6591258125813 4.1866154820174584e-19
375.7580548054806 4.1858291886326124e-19
375.8569837983799 4.185043211772059e-19
375.95591279127916 4.1842575512429293e-19
376.05484178417845 4.183472206852506e-19
376.15377077707774 4.1826871784082305e-19
376.252699769977 4.1819024657176936e-19
376.3516287628763 4.1811180685886445e-19
376.4505577557756 4.1803339868289835e-19
376.5494867486749 4.1795502202467646e-19
376.6484157415742 4.178766768650199e-19
376.7473447344735 4.177983631847647e-19
376.84627372737276 4.177200809647626e-19
376.94520272027205 4.1764183018588045e-19
377.04413171317134 4.175636108290005e-19
377.1430607060706 4.1748542287502016e-19
377.2419896989699 4.1740726630485234e-19
377.3409186918692 4.173291410994253e-19
377.4398476847685 4.17251047239682e-19
377.5387766776678 4.1717298470658125e-19
377.6377056705671 4.1709495348109656e-19
377.73663466346636 4.170169535442173e-19
377.83556365636565 4.1693898487694745e-19
377.93449264926494 4.1686104746030648e-19
378.0334216421642 4.167831412753287e-19
378.1323506350635 4.167052663030641e-19
378.2312796279628 4.1662742252457716e-19
378.3302086208621 4.1654960992094816e-19
378.4291376137614 4.16471828473272e-19
378.5280666066607 4.163940781626586e-19
378.62699559955996 4.1631635897023364e-19
378.72592459245925 4.16238670877137e-19
378.82485358535854 4.1616101386452413e-19
378.9237825782578 4.1608338791356536e-19
379.0227115711571 4.1600579300544623e-19
379.1216405640564 4.159282291213668e-19
379.2205695569557 4.1585069624254254e-19
379.319498549855 4.157731943502041e-19
379.4184275427543 4.156957234255965e-19
379.51735653565356 4.1561828344998016e-19
379.61628552855285 4.155408744046299e-19
379.71521452145214 4.1546349627083622e-19
379.81414351435143 4.153861490299038e-19
379.9130725072507 4.1530883266315286e-19
380.01200150015006 4.1523154715191786e-19
380.11093049304935 4.151542924775486e-19
380.20985948594864 4.150770686214095e-19
380.30878847884793 4.1499987556487985e-19
380.4077174717472 4.149227132893538e-19
380.5066464646465 4.1484558177624017e-19
380.6055754575458 4.147684810069629e-19
380.7045044504451 4.146914109629601e-19
380.8034334433444 4.1461437162568533e-19
380.90236243624366 4.1453736297660655e-19
381.00129142914295 4.1446038499720626e-19
381.10022042204224 4.14383437668982e-19
381.19914941494153 4.1430652097344603e-19
381.2980784078408 4.142296348921251e-19
381.3970074007401 4.141527794065605e-19
381.4959363936394 4.1407595449830865e-19
381.5948653865387 4.139991601489403e-19
381.693794379438 4.139223963400408e-19
381.79272337233726 4.1384566305321023e-19
381.89165236523655 4.137689602700634e-19
381.99058135813584 4.136922879722294e-19
382.08951035103513 4.1361564614135193e-19
382.1884393439344 4.135390347590897e-19
382.2873683368337 4.134624538071155e-19
382.386297329733 4.1338590326711676e-19
382.4852263226323 4.1330938312079536e-19
382.5841553155316 4.13232893349868e-19
382.68308430843086 4.131564339360655e-19
382.78201330133015 4.1308000486113354e-19
382.88094229422944 4.1300360610683183e-19
382.97987128712873 4.1292723765493487e-19
383.078800280028 4.128508994872313e-19
383.1777292729273 4.127745915855246e-19
383.2766582658266 4.126983139316322e-19
383.3755872587259 4.126220665073864e-19
383.4745162516252 4.125458492946332e-19
383.57344524452446 4.124696622752338e-19
383.67237423742375 4.123935054310632e-19
383.77130323032304 4.123173787440107e-19
383.87023222322233 4.122412821959804e-19
383.9691612161216 4.121652157688902e-19
384.0680902090209 4.1208917944467243e-19
384.1670192019202 4.120131732052741e-19
384.2659481948195 4.11937197032656e-19
384.3648771877188 4.1186125090879332e-19
384.46380618061806 4.1178533481567553e-19
384.56273517351735 4.117094487353065e-19
384.66166416641664 4.1163359264970386e-19
384.76059315931593 4.1155776654089994e-19
384.8595221522152 4.1148197039094097e-19
384.9584511451145 4.114062041818873e-19
385.0573801380138 4.113304678958138e-19
385.1563091309131 4.112547615148093e-19
385.2552381238124 4.111790850209764e-19
385.35416711671166 4.111034383964324e-19
385.45309610961095 4.1102782162330836e-19
385.5520251025103 4.1095223468374955e-19
385.6509540954096 4.108766775599152e-19
385.7498830883089 4.1080115023397877e-19
385.84881208120817 4.1072565268812787e-19
385.94774107410746 4.1065018490456376e-19
386.04667006700674 4.1057474686550193e-19
386.14559905990603 4.1049933855317198e-19
386.2445280528053 4.1042395994981754e-19
386.3434570457046 4.1034861103769594e-19
386.4423860386039 4.102732917990788e-19
386.5413150315032 4.1019800221625147e-19
386.6402440244025 4.1012274227151315e-19
386.73917301730177 4.1004751194717756e-19
386.83810201020106 4.099723112255719e-19
386.93703100310034 4.0989714008903686e-19
387.03595999599963 4.098219985199278e-19
387.1348889888989 4.0974688650061373e-19
387.2338179817982 4.0967180401347715e-19
387.3327469746975 4.095967510409151e-19
387.4316759675968 4.0952172756533756e-19
387.5306049604961 4.094467335691691e-19
387.62953395339537 4.093717690348478e-19
387.72846294629466 4.0929683394482556e-19
387.82739193919394 4.0922192828156804e-19
387.92632093209323 4.091470520275548e-19
388.0252499249925 4.090722051652792e-19
388.1241789178918 4.0899738767724775e-19
388.2231079107911 4.0892259954598173e-19
388.3220369036904 4.0884784075401513e-19
388.4209658965897 4.0877311128389635e-19
388.51989488948897 4.086984111181871e-19
388.61882388238826 4.086237402394629e-19
388.71775287528754 4.085490986303132e-19
388.81668186818683 4.084744862733404e-19
388.9156108610861 4.0839990315116127e-19
389.0145398539854 4.083253492464059e-19
389.1134688468847 4.082508245417181e-19
389.212397839784 4.081763290197549e-19
389.3113268326833 4.0810186266318743e-19
389.41025582558257 4.080274254547003e-19
389.50918481848186 4.079530173769914e-19
389.60811381138114 4.078786384127725e-19
389.70704280428043 4.0780428854476857e-19
389.8059717971797 4.0772996775571855e-19
389.904900790079 4.0765567602837434e-19
390.0038297829783 4.0758141334550193e-19
390.1027587758776 4.075071796898802e-19
390.2016877687769 4.074329750443021e-19
390.30061676167617 4.0735879939157357e-19
390.39954575457546 4.072846527145143e-19
390.49847474747475 4.0721053499595714e-19
390.59740374037403 4.071364462187487e-19
390.6963327332733 4.0706238636574875e-19
390.7952617261726 4.069883554198305e-19
390.8941907190719 4.069143533638806e-19
390.9931197119712 4.0684038018079903e-19
391.09204870487054 4.067664358534991e-19
391.1909776977698 4.066925203649076e-19
391.2899066906691 4.0661863369796467e-19
391.3888356835684 4.065447758356233e-19
391.4877646764677 4.064709467608507e-19
391.586693669367 4.063971464566263e-19
391.68562266226627 4.0632337490594365e-19
391.78455165516556 4.0624963209180927e-19
391.88348064806485 4.0617591799724265e-19
391.98240964096414 4.0610223260527717e-19
392.0813386338634 4.0602857589895883e-19
392.1802676267627 4.059549478613475e-19
392.279196619662 4.058813484755152e-19
392.3781256125613 4.058077777245485e-19
392.4770546054606 4.05734235591546e-19
392.57598359835987 4.056607220596201e-19
392.67491259125916 4.055872371118961e-19
392.77384158415845 4.0551378073151264e-19
392.87277057705774 4.054403529016215e-19
392.971699569957 4.053669536053872e-19
393.0706285628563 4.0529358282598777e-19
393.1695575557556 4.052202405466143e-19
393.2684865486549 4.051469267504706e-19
393.3674155415542 4.050736414207741e-19
393.46634453445347 4.050003845407549e-19
393.56527352735276 4.049271560936562e-19
393.66420252025205 4.0485395606273417e-19
393.76313151315134 4.0478078443125854e-19
393.8620605060506 4.047076411825113e-19
393.9609894989499 4.046345262997877e-19
394.0599184918492 4.0456143976639627e-19
394.1588474847485 4.044883815656581e-19
394.2577764776478 4.0441535168090745e-19
394.35670547054707 4.043423500954917e-19
394.45563446344636 4.042693767927705e-19
394.55456345634565 4.0419643175611755e-19
394.65349244924494 4.041235149689181e-19
394.7524214421442 4.040506264145715e-19
394.8513504350435 4.0397776607648923e-19
394.9502794279428 4.0390493393809606e-19
395.0492084208421 4.0383212998282925e-19
395.1481374137414 4.0375935419413934e-19
395.24706640664067 4.0368660655548924e-19
395.34599539953996 4.036138870503551e-19
395.44492439243925 4.0354119566222576e-19
395.54385338533854 4.034685323746025e-19
395.6427823782378 4.0339589717100016e-19
395.7417113711371 4.0332329003494556e-19
395.8406403640364 4.032507109499787e-19
395.9395693569357 4.0317815989965243e-19
396.038498349835 4.0310563686753188e-19
396.13742734273427 4.030331418371955e-19
396.23635633563356 4.0296067479223387e-19
396.33528532853285 4.0288823571625077e-19
396.43421432143214 4.028158245928624e-19
396.5331433143314 4.0274344140569763e-19
396.63207230723077 4.0267108613839807e-19
396.73100130013006 4.0259875877461807e-19
396.82993029302935 4.0252645929802474e-19
396.92885928592864 4.024541876922972e-19
397.0277882788279 4.02381943941128e-19
397.1267172717272 4.023097280282216e-19
397.2256462646265 4.0223753993729566e-19
397.3245752575258 4.021653796520799e-19
397.4235042504251 4.020932471563171e-19
397.5224332433244 4.020211424337621e-19
397.62136223622366 4.019490654681827e-19
397.72029122912295 4.0187701624335903e-19
397.81922022202224 4.0180499474308386e-19
397.9181492149215 4.0173300095116236e-19
398.0170782078208 4.0166103485141244e-19
398.1160072007201 4.015890964276638e-19
398.2149361936194 4.0151718566375973e-19
398.3138651865187 4.0144530254355513e-19
398.412794179418 4.013734470509177e-19
398.51172317231726 4.0130161916972743e-19
398.61065216521655 4.012298188838768e-19
398.70958115811584 4.011580461772708e-19
398.8085101510151 4.010863010338268e-19
398.9074391439144 4.010145834374743e-19
399.0063681368137 4.009428933721557e-19
399.105297129713 4.0087123082182525e-19
399.2042261226123 4.0079959577044984e-19
399.3031551155116 4.007279882020089e-19
399.40208410841086 4.006564081004937e-19
399.50101310131015 4.005848554499081e-19
399.59994209420944 4.0051333023426853e-19
399.6988710871087 4.004418324376031e-19
399.797800080008 4.003703620439531e-19
399.8967290729073 4.00298919037371e-19
399.9956580658066 4.002275034019226e-19
400.0945870587059 4.001561151216851e-19
400.1935160516052 4.000847541807487e-19
400.29244504450446 4.0001342056321523e-19
400.39137403740375 3.9994211425319914e-19
400.49030303030304 3.9987083523482664e-19
400.5892320232023 3.997995834922368e-19
400.6881610161016 3.9972835900958015e-19
400.7870900090009 3.996571617710201e-19
400.8860190019002 3.9958599176073175e-19
400.9849479947995 3.9951484896290254e-19
401.0838769876988 3.9944373336173154e-19
401.18280598059806 3.993726449414313e-19
401.28173497349735 3.9930158368622483e-19
401.38066396639664 3.9923054958034845e-19
401.4795929592959 3.9915954260804996e-19
401.5785219521952 3.990885627535895e-19
401.6774509450945 3.990176100012392e-19
401.7763799379938 3.9894668433528335e-19
401.8753089308931 3.9887578574001825e-19
401.9742379237924 3.9880491419975204e-19
402.07316691669166 3.9873406969880535e-19
402.172095909591 3.9866325222151024e-19
402.2710249024903 3.9859246175221127e-19
402.3699538953896 3.985216982752647e-19
402.4688828882889 3.984509617750389e-19
402.56781188118816 3.983802522359144e-19
402.66674087408745 3.9830956964228316e-19
402.76566986698674 3.982389139785497e-19
402.86459885988603 3.9816828522912997e-19
402.9635278527853 3.980976833784522e-19
403.0624568456846 3.980271084109566e-19
403.1613858385839 3.979565603110948e-19
403.2603148314832 3.978860390633308e-19
403.3592438243825 3.9781554465214015e-19
403.45817281728176 3.977450770620108e-19
403.55710181018105 3.9767463627744185e-19
403.65603080308034 3.976042222829447e-19
403.75495979597963 3.975338350630425e-19
403.8538887888789 3.974634746022704e-19
403.9528177817782 3.9739314088517494e-19
404.0517467746775 3.973228338963148e-19
404.1506757675768 3.972525536202604e-19
404.2496047604761 3.9718230004159393e-19
404.34853375337536 3.9711207314490935e-19
404.44746274627465 3.9704187291481236e-19
404.54639173917394 3.9697169933592047e-19
404.64532073207323 3.9690155239286284e-19
404.7442497249725 3.968314320702803e-19
404.8431787178718 3.9676133835282585e-19
404.9421077107711 3.966912712251635e-19
405.0410367036704 3.966212306719695e-19
405.1399656965697 3.965512166779317e-19
405.23889468946896 3.964812292277493e-19
405.33782368236825 3.964112683061334e-19
405.43675267526754 3.963413338978068e-19
405.53568166816683 3.962714259875042e-19
405.6346106610661 3.9620154455997125e-19
405.7335396539654 3.9613168959996573e-19
405.8324686468647 3.9606186109225675e-19
405.931397639764 3.959920590216253e-19
406.0303266326633 3.9592228337286384e-19
406.12925562556256 3.9585253413077646e-19
406.22818461846185 3.9578281128017857e-19
406.32711361136114 3.9571311480589737e-19
406.42604260426043 3.956434446927716e-19
406.5249715971597 3.955738009256515e-19
406.623900590059 3.9550418348939877e-19
406.7228295829583 3.9543459236888674e-19
406.8217585758576 3.953650275490001e-19
406.9206875687569 3.9529548901463514e-19
407.01961656165616 3.9522597675069953e-19
407.11854555455545 3.951564907421127e-19
407.21747454745474 3.950870309738051e-19
407.31640354035403 3.9501759743071896e-19
407.4153325332533 3.9494819009780783e-19
407.5142615261526 3.948788089600366e-19
407.6131905190519 3.948094540023819e-19
407.71211951195124 3.9474012520983133e-19
407.81104850485053 3.9467082256738404e-19
407.9099774977498 3.94601546060051e-19
408.0089064906491 3.945322956728539e-19
408.1078354835484 3.9446307139082604e-19
408.2067644764477 3.943938731990122e-19
408.305693469347 3.9432470108246843e-19
408.40462246224627 3.9425555502626213e-19
408.50355145514555 3.941864350154719e-19
408.60248044804484 3.9411734103518777e-19
408.70140944094413 3.940482730705111e-19
408.8003384338434 3.9397923110655454e-19
408.8992674267427 3.939102151284415e-19
408.998196419642 3.938412251213079e-19
409.0971254125413 3.937722610702996e-19
409.1960544054406 3.937033229605743e-19
409.29498339833987 3.9363441077730117e-19
409.39391239123916 3.9356552450566e-19
409.49284138413844 3.934966641308423e-19
409.59177037703773 3.934278296380506e-19
409.690699369937 3.933590210124987e-19
409.7896283628363 3.9329023823941154e-19
409.8885573557356 3.9322148130402496e-19
409.9874863486349 3.931527501915867e-19
410.0864153415342 3.930840448873548e-19
410.18534433443347 3.93015365376599e-19
410.28427332733276 3.929467116446e-19
410.38320232023204 3.928780836766495e-19
410.48213131313133 3.9280948145805074e-19
410.5810603060306 3.927409049741175e-19
410.6799892989299 3.926723542101751e-19
410.7789182918292 3.926038291515597e-19
410.8778472847285 3.925353297836187e-19
410.9767762776278 3.924668560917101e-19
411.07570527052707 3.9239840806120387e-19
411.17463426342636 3.923299856774803e-19
411.27356325632564 3.9226158892593067e-19
411.37249224922493 3.9219321779195766e-19
411.4714212421242 3.9212487226097475e-19
411.5703502350235 3.9205655231840657e-19
411.6692792279228 3.9198825794968854e-19
411.7682082208221 3.9191998914026727e-19
411.8671372137214 3.918517458756002e-19
411.96606620662067 3.9178352814115585e-19
412.06499519951996 3.9171533592241344e-19
412.16392419241924 3.9164716920486344e-19
412.26285318531853 3.915790279740069e-19
412.3617821782178 3.9151091221535646e-19
412.4607111711171 3.914428219144347e-19
412.5596401640164 3.913747570567761e-19
412.6585691569157 3.913067176279251e-19
412.757498149815 3.9123870361343792e-19
412.85642714271427 3.911707149988808e-19
412.95535613561356 3.9110275176983143e-19
413.05428512851284 3.910348139118783e-19
413.15321412141213 3.9096690141062036e-19
413.2521431143115 3.9089901425166775e-19
413.35107210721077 3.9083115242064116e-19
413.45000110011006 3.907633159031726e-19
413.54893009300935 3.9069550468490423e-19
413.64785908590864 3.906277187514894e-19
413.7467880788079 3.9055995808859216e-19
413.8457170717072 3.9049222268188734e-19
413.9446460646065 3.904245125170604e-19
414.0435750575058 3.9035682757980763e-19
414.1425040504051 3.9028916785583623e-19
414.24143304330437 3.902215333308639e-19
414.34036203620366 3.901539239906193e-19
414.43929102910295 3.900863398208413e-19
414.53822002200224 3.900187808072802e-19
414.6371490149015 3.8995124693569645e-19
414.7360780078008 3.8988373819186123e-19
414.8350070007001 3.8981625456155684e-19
414.9339359935994 3.897487960305757e-19
415.0328649864987 3.8968136258472105e-19
415.13179397939797 3.896139542098067e-19
415.23072297229726 3.895465708916577e-19
415.32965196519655 3.8947921261610867e-19
415.42858095809584 3.8941187936900583e-19
415.5275099509951 3.8934457113620544e-19
415.6264389438944 3.8927728790357435e-19
415.7253679367937 3.892100296569903e-19
415.824296929693 3.8914279638234153e-19
415.9232259225923 3.890755880655265e-19
416.02215491549157 3.8900840469245466e-19
416.12108390839086 3.8894124624904593e-19
416.22001290129015 3.888741127212305e-19
416.31894189418944 3.8880700409494923e-19
416.4178708870887 3.887399203561536e-19
416.516799879988 3.8867286149080563e-19
416.6157288728873 3.8860582748487757e-19
416.7146578657866 3.8853881832435224e-19
416.8135868586859 3.884718339952232e-19
416.91251585158517 3.884048744834943e-19
417.01144484448446 3.883379397751797e-19
417.11037383738375 3.8827102985630424e-19
417.20930283028304 3.882041447129031e-19
417.3082318231823 3.8813728433102186e-19
417.4071608160816 3.8807044869671653e-19
417.5060898089809 3.880036377960537e-19
417.6050188018802 3.8793685161511015e-19
417.7039477947795 3.87870090139973e-19
417.80287678767877 3.8780335335674013e-19
417.90180578057806 3.8773664125151937e-19
418.00073477347735 3.87669953810429e-19
418.09966376637664 3.876032910195982e-19
418.1985927592759 3.8753665286516534e-19
418.2975217521752 3.8747003933328037e-19
418.3964507450745 3.8740345041010277e-19
418.4953797379738 3.873368860818027e-19
418.5943087308731 3.872703463345603e-19
418.69323772377237 3.8720383115456636e-19
418.79216671667166 3.8713734052802196e-19
418.891095709571 3.87070874441138e-19
418.9900247024703 3.870044328801363e-19
419.0889536953696 3.8693801583124826e-19
419.18788268826887 3.868716232807161e-19
419.28681168116816 3.8680525521479205e-19
419.38574067406745 3.8673891161973844e-19
419.48466966696674 3.866725924818282e-19
419.583598659866 3.866062977873439e-19
419.6825276527653 3.8654002752257886e-19
419.7814566456646 3.864737816738364e-19
419.8803856385639 3.864075602274298e-19
419.9793146314632 3.8634136316968295e-19
420.07824362436247 3.862751904869295e-19
420.17717261726176 3.8620904216551364e-19
420.27610161016105 3.8614291819178925e-19
420.37503060306034 3.8607681855212085e-19
420.4739595959596 3.860107432328827e-19
420.5728885888589 3.859446922204593e-19
420.6718175817582 3.858786655012452e-19
420.7707465746575 3.8581266306164543e-19
420.8696755675568 3.8574668488807454e-19
420.9686045604561 3.856807309669577e-19
421.06753355335536 3.8561480128472964e-19
421.16646254625465 3.8554889582783545e-19
421.26539153915394 3.854830145827304e-19
421.3643205320532 3.8541715753587947e-19
421.4632495249525 3.85351324673758e-19
421.5621785178518 3.8528551598285103e-19
421.6611075107511 3.8521973144965383e-19
421.7600365036504 3.8515397106067183e-19
421.8589654965497 3.8508823480242006e-19
421.95789448944896 3.8502252266142404e-19
422.05682348234825 3.8495683462421867e-19
422.15575247524754 3.8489117067734926e-19
422.2546814681468 3.8482553080737105e-19
422.3536104610461 3.847599150008491e-19
422.4525394539454 3.8469432324435857e-19
422.5514684468447 3.8462875552448434e-19
422.650397439744 3.8456321182782135e-19
422.7493264326433 3.8449769214097447e-19
422.84825542554256 3.8443219645055853e-19
422.94718441844185 3.8436672474319804e-19
423.04611341134114 3.8430127700552783e-19
423.1450424042404 3.842358532241922e-19
423.2439713971397 3.841704533858453e-19
423.342900390039 3.841050774771513e-19
423.4418293829383 3.8403972548478457e-19
423.5407583758376 3.839743973954288e-19
423.6396873687369 3.8390909319577786e-19
423.73861636163616 3.838438128725348e-19
423.83754535453545 3.8377855641241374e-19
423.93647434743474 3.837133238021372e-19
424.035403340334 3.8364811502843866e-19
424.1343323332333 3.835829300780605e-19
424.2332613261326 3.835177689377556e-19
424.3321903190319 3.8345263159428623e-19
424.43111931193124 3.8338751803442433e-19
424.53004830483053 3.8332242824495216e-19
424.6289772977298 3.832573622126609e-19
424.7279062906291 3.8319231992435224e-19
424.8268352835284 3.831273013668369e-19
424.9257642764277 3.830623065269362e-19
425.024693269327 3.8299733539148036e-19
425.12362226222626 3.8293238794730964e-19
425.22255125512555 3.828674641812741e-19
425.32148024802484 3.8280256408023312e-19
425.42040924092413 3.827376876310564e-19
425.5193382338234 3.8267283482062256e-19
425.6182672267227 3.8260800563582037e-19
425.717196219622 3.8254320006354803e-19
425.8161252125213 3.8247841809071377e-19
425.9150542054206 3.8241365970423486e-19
426.01398319831986 3.8234892489103855e-19
426.11291219121915 3.822842136380618e-19
426.21184118411844 3.8221952593225077e-19
426.31077017701773 3.8215486176056187e-19
426.409699169917 3.8209022110996044e-19
426.5086281628163 3.820256039674217e-19
426.6075571557156 3.8196101031993064e-19
426.7064861486149 3.8189644015448143e-19
426.8054151415142 3.818318934580779e-19
426.90434413441346 3.8176737021773366e-19
427.00327312731275 3.8170287042047163e-19
427.10220212021204 3.8163839405332446e-19
427.20113111311133 3.8157394110333386e-19
427.3000601060106 3.8150951155755195e-19
427.3989890989099 3.8144510540303917e-19
427.4979180918092 3.8138072262686657e-19
427.5968470847085 3.8131636321611414e-19
427.6957760776078 3.8125202715787107e-19
427.79470507050706 3.8118771443923686e-19
427.89363406340635 3.8112342504731957e-19
427.99256305630564 3.8105915896923734e-19
428.09149204920493 3.809949161921175e-19
428.1904210421042 3.8093069670309685e-19
428.2893500350035 3.808665004893218e-19
428.3882790279028 3.808023275379476e-19
428.4872080208021 3.807381778361397e-19
428.5861370137014 3.806740513710725e-19
428.68506600660066 3.806099481299298e-19
428.78399499949995 3.8054586809990484e-19
428.88292399239924 3.804818112682003e-19
428.98185298529853 3.804177776220282e-19
429.0807819781978 3.8035376714860985e-19
429.1797109710971 3.8028977983517622e-19
429.2786399639964 3.8022581566896704e-19
429.3775689568957 3.80161874637232e-19
429.476497949795 3.800979567272296e-19
429.57542694269426 3.8003406192622794e-19
429.67435593559355 3.799701902215045e-19
429.77328492849284 3.799063416003459e-19
429.87221392139213 3.7984251605004803e-19
429.9711429142915 3.7977871355791607e-19
430.07007190719077 3.7971493411126484e-19
430.16900090009005 3.7965117769741784e-19
430.26792989298934 3.795874443037083e-19
430.36685888588863 3.7952373391747837e-19
430.4657878787879 3.794600465260798e-19
430.5647168716872 3.7939638211687324e-19
430.6636458645865 3.793327406772287e-19
430.7625748574858 3.792691221945255e-19
430.8615038503851 3.79205526656152e-19
430.96043284328437 3.7914195404950596e-19
431.05936183618365 3.7907840436199404e-19
431.15829082908294 3.7901487758103225e-19
431.25721982198223 3.7895137369404613e-19
431.3561488148815 3.7888789268846987e-19
431.4550778077808 3.7882443455174693e-19
431.5540068006801 3.7876099927133007e-19
431.6529357935794 3.7869758683468105e-19
431.7518647864787 3.78634197229271e-19
431.85079377937797 3.785708304425799e-19
431.94972277227725 3.785074864620971e-19
432.04865176517654 3.784441652753208e-19
432.14758075807583 3.783808668697584e-19
432.2465097509751 3.783175912329267e-19
432.3454387438744 3.7825433835235107e-19
432.4443677367737 3.7819110821556646e-19
432.543296729673 3.7812790081011634e-19
432.6422257225723 3.780647161235538e-19
432.74115471547157 3.7800155414344066e-19
432.84008370837086 3.77938414857348e-19
432.93901270127014 3.7787529825285547e-19
433.03794169416943 3.778122043175522e-19
433.1368706870687 3.7774913303903657e-19
433.235799679968 3.7768608440491526e-19
433.3347286728673 3.776230584028044e-19
433.4336576657666 3.7756005502032916e-19
433.5325866586659 3.774970742451236e-19
433.63151565156517 3.774341160648305e-19
433.73044464446446 3.773711804671022e-19
433.82937363736374 3.7730826743959963e-19
433.92830263026303 3.7724537696999233e-19
434.0272316231623 3.7718250904595975e-19
434.1261606160616 3.7711966365518936e-19
434.2250896089609 3.7705684078537808e-19
434.3240186018602 3.7699404042423154e-19
434.4229475947595 3.769312625594643e-19
434.52187658765877 3.7686850717879993e-19
434.62080558055806 3.768057742699708e-19
434.71973457345734 3.767430638207185e-19
434.81866356635663 3.766803758187928e-19
434.9175925592559 3.766177102519532e-19
435.0165215521552 3.765550671079674e-19
435.1154505450545 3.764924463746123e-19
435.2143795379538 3.764298480396735e-19
435.3133085308531 3.763672720909457e-19
435.41223752375237 3.763047185162321e-19
435.5111665166517 3.762421873033449e-19
435.610095509551 3.761796784401052e-19
435.7090245024503 3.7611719191434285e-19
435.8079534953496 3.760547277138964e-19
435.90688248824887 3.7599228582661345e-19
436.00581148114816 3.7592986624035005e-19
436.10474047404745 3.758674689429713e-19
436.20366946694674 3.75805093922351e-19
436.302598459846 3.757427411663717e-19
436.4015274527453 3.7568041066292463e-19
436.5004564456446 3.7561810239991026e-19
436.5993854385439 3.755558163652369e-19
436.6983144314432 3.754935525468224e-19
436.79724342434247 3.754313109325932e-19
436.89617241724176 3.7536909151048404e-19
436.99510141014105 3.753068942684387e-19
437.09403040304034 3.752447191944096e-19
437.1929593959396 3.7518256627635807e-19
437.2918883888389 3.7512043550225374e-19
437.3908173817382 3.750583268600752e-19
437.4897463746375 3.749962403378097e-19
437.5886753675368 3.74934175923453e-19
437.68760436043607 3.748721336050096e-19
437.78653335333536 3.7481011337049283e-19
437.88546234623465 3.747481152079243e-19
437.98439133913394 3.7468613910533464e-19
438.0833203320332 3.7462418505076273e-19
438.1822493249325 3.745622530322565e-19
438.2811783178318 3.7450034303787213e-19
438.3801073107311 3.7443845505567465e-19
438.4790363036304 3.743765890737375e-19
438.57796529652967 3.7431474508014284e-19
438.67689428942896 3.742529230629813e-19
438.77582328232825 3.7419112301035216e-19
438.87475227522754 3.741293449103634e-19
438.9736812681268 3.7406758875113132e-19
439.0726102610261 3.7400585452078096e-19
439.1715392539254 3.7394414220744557e-19
439.2704682468247 3.7388245179926764e-19
439.369397239724 3.7382078328439745e-19
439.46832623262327 3.73759136650994e-19
439.56725522552256 3.736975118872252e-19
439.66618421842185 3.73635908981267e-19
439.76511321132114 3.73574327921304e-19
439.8640422042204 3.735127686955295e-19
439.9629711971197 3.734512312921448e-19
440.061900190019 3.733897156993603e-19
440.1608291829183 3.7332822190539433e-19
440.2597581758176 3.73266749898474e-19
440.35868716871687 3.732052996668346e-19
440.45761616161616 3.7314387119872035e-19
440.55654515451545 3.730824644823835e-19
440.65547414741474 3.730210795060847e-19
440.754403140314 3.7295971625809334e-19
440.8533321332133 3.7289837472668683e-19
440.9522611261126 3.7283705490015175e-19
441.05119011901195 3.727757567667818e-19
441.15011911191124 3.7271448031488024e-19
441.2490481048105 3.726532255327583e-19
441.3479770977098 3.725919924087357e-19
441.4469060906091 3.7253078093114e-19
441.5458350835084 3.7246959108830806e-19
441.6447640764077 3.7240842286858427e-19
441.74369306930697 3.7234727626032176e-19
441.84262206220626 3.7228615125188203e-19
441.94155105510555 3.7222504783163464e-19
442.04048004800484 3.7216396598795795e-19
442.1394090409041 3.7210290570923807e-19
442.2383380338034 3.7204186698386983e-19
442.3372670267027 3.719808498002564e-19
442.436196019602 3.7191985414680887e-19
442.5351250125013 3.71858880011947e-19
442.63405400540057 3.717979273840984e-19
442.73298299829986 3.717369962516997e-19
442.83191199119915 3.716760866031951e-19
442.93084098409844 3.716151984270371e-19
443.0297699769977 3.71554331711687e-19
443.128698969897 3.7149348644561397e-19
443.2276279627963 3.7143266261729537e-19
443.3265569556956 3.7137186021521683e-19
443.4254859485949 3.7131107922787243e-19
443.5244149414942 3.7125031964376426e-19
443.62334393439346 3.711895814514026e-19
443.72227292729275 3.7112886463930604e-19
443.82120192019204 3.710681691960013e-19
443.9201309130913 3.710074951100234e-19
444.0190599059906 3.7094684236991547e-19
444.1179888988899 3.7088621096422874e-19
444.2169178917892 3.708256008815228e-19
444.3158468846885 3.707650121103651e-19
444.4147758775878 3.7070444463933157e-19
444.51370487048706 3.706438984570062e-19
444.61263386338635 3.705833735519809e-19
444.71156285628564 3.705228699128561e-19
444.8104918491849 3.7046238752823977e-19
444.9094208420842 3.704019263867488e-19
445.0083498349835 3.7034148647700757e-19
445.1072788278828 3.702810677876486e-19
445.2062078207821 3.702206703073131e-19
445.3051368136814 3.701602940246494e-19
445.40406580658066 3.7009993892831485e-19
445.50299479947995 3.700396050069743e-19
445.60192379237924 3.6997929224930076e-19
445.7008527852785 3.699190006439757e-19
445.7997817781778 3.6985873017968796e-19
445.8987107710771 3.6979848084513513e-19
445.9976397639764 3.697382526290222e-19
446.0965687568757 3.6967804552006274e-19
446.195497749775 3.696178595069781e-19
446.29442674267426 3.6955769457849757e-19
446.39335573557355 3.694975507233584e-19
446.49228472847284 3.694374279303064e-19
446.5912137213722 3.693773261880945e-19
446.6901427142715 3.6931724548548447e-19
446.78907170717076 3.6925718581124547e-19
446.88800070007005 3.6919714715415505e-19
446.98692969296934 3.691371295029983e-19
447.08585868586863 3.690771328465687e-19
447.1847876787679 3.690171571736673e-19
447.2837166716672 3.689572024731035e-19
447.3826456645665 3.688972687336944e-19
447.4815746574658 3.6883735594426496e-19
447.5805036503651 3.687774640936483e-19
447.67943264326436 3.687175931706852e-19
447.77836163616365 3.6865774316422465e-19
447.87729062906294 3.685979140631234e-19
447.97621962196223 3.68538105856246e-19
448.0751486148615 3.684783185324652e-19
448.1740776077608 3.68418552080661e-19
448.2730066006601 3.683588064897223e-19
448.3719355935594 3.682990817485448e-19
448.4708645864587 3.6823937784603265e-19
448.56979357935796 3.681796947710982e-19
448.66872257225725 3.6812003251266065e-19
448.76765156515654 3.6806039105964786e-19
448.86658055805583 3.680007704009952e-19
448.9655095509551 3.6794117052564623e-19
449.0644385438544 3.678815914225517e-19
449.1633675367537 3.6782203308067076e-19
449.262296529653 3.6776249548897016e-19
449.3612255225523 3.677029786364242e-19
449.46015451545156 3.676434825120154e-19
449.55908350835085 3.675840071047341e-19
449.65801250125014 3.6752455240357787e-19
449.75694149414943 3.674651183975527e-19
449.8558704870487 3.6740570507567184e-19
449.954799479948 3.6734631242695664e-19
450.0537284728473 3.672869404404361e-19
450.1526574657466 3.6722758910514695e-19
450.2515864586459 3.671682584101336e-19
450.35051545154516 3.671089483444484e-19
450.44944444444445 3.6704965889715135e-19
450.54837343734374 3.669903900573099e-19
450.64730243024303 3.669311418139997e-19
450.7462314231423 3.6687191415630377e-19
450.8451604160416 3.6681270707331275e-19
450.9440894089409 3.667535205541254e-19
451.0430184018402 3.6669435458784784e-19
451.1419473947395 3.666352091635939e-19
451.24087638763876 3.665760842704853e-19
451.33980538053805 3.6651697989765127e-19
451.43873437343734 3.664578960342283e-19
451.53766336633663 3.663988326693613e-19
451.6365923592359 3.6633978979220257e-19
451.7355213521352 3.6628076739191184e-19
451.8344503450345 3.662217654576564e-19
451.9333793379338 3.6616278397861165e-19
452.0323083308331 3.661038229439601e-19
452.1312373237324 3.660448823428921e-19
452.2301663166317 3.659859621646059e-19
452.329095309531 3.659270623983067e-19
452.4280243024303 3.6586818303320805e-19
452.5269532953296 3.6580932405853037e-19
452.62588228822887 3.6575048546350227e-19
452.72481128112815 3.6569166723735964e-19
452.82374027402744 3.656328693693456e-19
452.92266926692673 3.655740918487117e-19
453.021598259826 3.6551533466471623e-19
453.1205272527253 3.654565978066255e-19
453.2194562456246 3.6539788126371325e-19
453.3183852385239 3.6533918502526045e-19
453.4173142314232 3.6528050908055624e-19
453.51624322432247 3.6522185341889667e-19
453.61517221722175 3.6516321802958577e-19
453.71410121012104 3.651046029019346e-19
453.81303020302033 3.650460080252623e-19
453.9119591959196 3.6498743338889497e-19
454.0108881888189 3.649288789821666e-19
454.1098171817182 3.648703447944184e-19
454.2087461746175 3.648118308149991e-19
454.3076751675168 3.647533370332653e-19
454.40660416041607 3.6469486343858036e-19
454.50553315331535 3.646364100203155e-19
454.60446214621464 3.6457797676784973e-19
454.70339113911393 3.645195636705688e-19
454.8023201320132 3.644611707178664e-19
454.9012491249125 3.6440279789914336e-19
455.0001781178118 3.6434444520380826e-19
455.0991071107111 3.6428611262127676e-19
455.1980361036104 3.642278001409722e-19
455.29696509650967 3.641695077523251e-19
455.39589408940896 3.6411123544477366e-19
455.49482308230824 3.640529832077632e-19
455.59375207520753 3.639947510307469e-19
455.6926810681068 3.639365389031844e-19
455.7916100610061 3.638783468145435e-19
455.8905390539054 3.638201747542993e-19
455.9894680468047 3.63762022711934e-19
456.088397039704 3.6370389067693746e-19
456.18732603260327 3.636457786388065e-19
456.28625502550256 3.6358768658704572e-19
456.38518401840184 3.6352961451116656e-19
456.48411301130113 3.634715624006882e-19
456.5830420042004 3.6341353024513697e-19
456.6819709970997 3.6335551803404673e-19
456.780899989999 3.6329752575695836e-19
456.8798289828983 3.6323955340342006e-19
456.9787579757976 3.631816009629876e-19
457.07768696869687 3.6312366842522386e-19
457.17661596159616 3.6306575577969904e-19
457.27554495449544 3.630078630159905e-19
457.37447394739473 3.629499901236833e-19
457.473402940294 3.628921370923692e-19
457.5723319331933 3.6283430391164726e-19
457.67126092609266 3.6277649057112445e-19
457.77018991899195 3.6271869706041445e-19
457.86911891189123 3.6266092336913817e-19
457.9680479047905 3.62603169486924e-19
458.0669768976898 3.625454354034074e-19
458.1659058905891 3.624877211082311e-19
458.2648348834884 3.6243002659104505e-19
458.3637638763877 3.623723518415063e-19
458.46269286928697 3.623146968492795e-19
458.56162186218626 3.622570616040359e-19
458.66055085508555 3.6219944609545444e-19
458.75947984798484 3.6214185031322106e-19
458.8584088408841 3.620842742470287e-19
458.9573378337834 3.620267178865781e-19
459.0562668266827 3.6196918122157623e-19
459.155195819582 3.6191166424173804e-19
459.2541248124813 3.6185416693678527e-19
459.35305380538057 3.617966892964469e-19
459.45198279827986 3.6173923131045893e-19
459.55091179117915 3.6168179296856453e-19
459.64984078407844 3.616243742605143e-19
459.7487697769777 3.6156697517606566e-19
459.847698769877 3.61509595704983e-19
459.9466277627763 3.614522358370383e-19
460.0455567556756 3.613948955620102e-19
460.1444857485749 3.6133757486968476e-19
460.24341474147417 3.612802737498551e-19
460.34234373437346 3.6122299219232116e-19
460.44127272727275 3.6116573018689007e-19
460.54020172017204 3.6110848772337647e-19
460.6391307130713 3.6105126479160137e-19
460.7380597059706 3.6099406138139327e-19
460.8369886988699 3.609368774825878e-19
460.9359176917692 3.6087971308502736e-19
461.0348466846685 3.6082256817856144e-19
461.13377567756777 3.6076544275304697e-19
461.23270467046706 3.607083367983472e-19
461.33163366336635 3.606512503043332e-19
461.43056265626564 3.605941832608824e-19
461.5294916491649 3.605371356578797e-19
461.6284206420642 3.6048010748521676e-19
461.7273496349635 3.604230987327922e-19
461.8262786278628 3.6036610939051195e-19
461.9252076207621 3.6030913944828874e-19
462.02413661366137 3.602521888960422e-19
462.12306560656066 3.6019525772369906e-19
462.22199459945995 3.60138345921193e-19
462.32092359235924 3.6008145347846466e-19
462.4198525852585 3.600245803854616e-19
462.5187815781578 3.599677266321386e-19
462.6177105710571 3.5991089220845686e-19
462.7166395639564 3.59854077104385e-19
462.8155685568557 3.597972813098985e-19
462.91449754975497 3.5974050481497963e-19
463.01342654265426 3.596837476096178e-19
463.11235553555355 3.5962700968380895e-19
463.2112845284529 3.59570291027556e-19
463.3102135213522 3.5951359163086953e-19
463.40914251425147 3.59456911483766e-19
463.50807150715076 3.5940025057626964e-19
463.60700050005005 3.5934360889841073e-19
463.70592949294934 3.5928698644022693e-19
463.8048584858486 3.59230383191763e-19
463.9037874787479 3.5917379914307e-19
464.0027164716472 3.5911723428420633e-19
464.1016454645465 3.5906068860523685e-19
464.2005744574458 3.5900416209623374e-19
464.29950345034507 3.589476547472758e-19
464.39843244324436 3.588911665484483e-19
464.49736143614365 3.588346974898441e-19
464.59629042904294 3.5877824756156223e-19
464.6952194219422 3.5872181675370913e-19
464.7941484148415 3.5866540505639746e-19
464.8930774077408 3.5860901245974706e-19
464.9920064006401 3.585526389538846e-19
465.0909353935394 3.584962845289435e-19
465.18986438643867 3.5843994917506365e-19
465.28879337933796 3.583836328823923e-19
465.38772237223725 3.583273356410832e-19
465.48665136513654 3.582710574412968e-19
465.5855803580358 3.582147982732005e-19
465.6845093509351 3.581585581269683e-19
465.7834383438344 3.5810233699278115e-19
465.8823673367337 3.580461348608266e-19
465.981296329633 3.5798995172129907e-19
466.08022532253227 3.579337875643996e-19
466.17915431543156 3.57877642380336e-19
466.27808330833085 3.578215161593229e-19
466.37701230123014 3.577654088915818e-19
466.4759412941294 3.5770932056734037e-19
466.5748702870287 3.5765325117683375e-19
466.673799279928 3.575972007103031e-19
466.7727282728273 3.5754116915799676e-19
466.8716572657266 3.574851565101697e-19
466.9705862586259 3.574291627570833e-19
467.06951525152516 3.573731878890059e-19
467.16844424442445 3.5731723189621247e-19
467.26737323732374 3.572612947689846e-19
467.366302230223 3.5720537649761053e-19
467.4652312231223 3.5714947707238522e-19
467.5641602160216 3.570935964836105e-19
467.6630892089209 3.5703773472159454e-19
467.7620182018202 3.5698189177665215e-19
467.8609471947195 3.5692606763910514e-19
467.95987618761876 3.568702622992815e-19
468.05880518051805 3.5681447574751614e-19
468.15773417341734 3.567587079741505e-19
468.2566631663166 3.5670295896953277e-19
468.3555921592159 3.5664722872401765e-19
468.4545211521152 3.5659151722796644e-19
468.5534501450145 3.56535824471747e-19
468.6523791379138 3.5648015044573397e-19
468.7513081308131 3.564244951403085e-19
468.8502371237124 3.563688585458579e-19
468.9491661166117 3.56313240652777e-19
469.048095109511 3.562576414514663e-19
469.1470241024103 3.562020609323335e-19
469.2459530953096 3.5614649908579245e-19
469.34488208820886 3.5609095590226377e-19
469.44381108110815 3.560354313721745e-19
469.54274007400744 3.559799254859583e-19
469.64166906690673 3.5592443823405547e-19
469.740598059806 3.5586896960691277e-19
469.8395270527053 3.5581351959498347e-19
469.9384560456046 3.557580881887272e-19
470.0373850385039 3.557026753786105e-19
470.1363140314032 3.5564728115510624e-19
470.23524302430246 3.555919055086937e-19
470.33417201720175 3.5553654842985847e-19
470.43310101010104 3.554812099090935e-19
470.53203000300033 3.554258899368971e-19
470.6309589958996 3.55370588503775e-19
470.7298879887989 3.553153056002387e-19
470.8288169816982 3.5526004121680674e-19
470.9277459745975 3.552047953440037e-19
471.0266749674968 3.55149567972361e-19
471.12560396039606 3.5509435909241627e-19
471.22453295329535 3.5503916869471377e-19
471.32346194619464 3.5498399676980396e-19
471.42239093909393 3.5492884330824397e-19
471.5213199319932 3.5487370830059713e-19
471.6202489248925 3.548185917374336e-19
471.7191779177918 3.547634936093297e-19
471.8181069106911 3.5470841390686803e-19
471.9170359035904 3.54653352620638e-19
472.01596489648966 3.545983097412351e-19
472.11489388938895 3.5454328525926126e-19
472.21382288228824 3.5448827916532505e-19
472.31275187518753 3.544332914500413e-19
472.4116808680868 3.543783221040311e-19
472.5106098609861 3.543233711179221e-19
472.6095388538854 3.5426843848234827e-19
472.7084678467847 3.542135241879498e-19
472.807396839684 3.541586282253737e-19
472.90632583258326 3.5410375058527273e-19
473.00525482548255 3.5404889125830647e-19
473.10418381838184 3.539940502351408e-19
473.20311281128113 3.5393922750644755e-19
473.3020418041804 3.538844230629055e-19
473.4009707970797 3.5382963689519934e-19
473.499899789979 3.5377486899402034e-19
473.5988287828783 3.537201193500657e-19
473.6977577757776 3.5366538795403933e-19
473.79668676867686 3.536106747966515e-19
473.89561576157615 3.5355597986861843e-19
473.99454475447544 3.5350130316066296e-19
474.09347374737473 3.53446644663514e-19
474.192402740274 3.53392004367907e-19
474.2913317331733 3.533373822645833e-19
474.39026072607265 3.532827783442912e-19
474.48918971897194 3.5322819259778445e-19
474.58811871187123 3.531736250158238e-19
474.6870477047705 3.5311907558917583e-19
474.7859766976698 3.530645443086135e-19
474.8849056905691 3.53010031164916e-19
474.9838346834684 3.529555361488689e-19
475.0827636763677 3.5290105925126393e-19
475.18169266926697 3.52846600462899e-19
475.28062166216625 3.5279215977457822e-19
475.37955065506554 3.5273773717711223e-19
475.47847964796483 3.5268333266131756e-19
475.5774086408641 3.5262894621801717e-19
475.6763376337634 3.5257457783804e-19
475.7752666266627 3.5252022751222166e-19
475.874195619562 3.524658952314034e-19
475.9731246124613 3.52411580986433e-19
476.07205360536057 3.5235728476816446e-19
476.17098259825985 3.5230300656745773e-19
476.26991159115914 3.5224874637517916e-19
476.36884058405843 3.5219450418220115e-19
476.4677695769577 3.521402799794024e-19
476.566698569857 3.520860737576678e-19
476.6656275627563 3.520318855078883e-19
476.7645565556556 3.519777152209608e-19
476.8634855485549 3.5192356288778877e-19
476.96241454145417 3.518694284992816e-19
477.06134353435345 3.5181531204635497e-19
477.16027252725274 3.5176121351993024e-19
477.25920152015203 3.5170713291093574e-19
477.3581305130513 3.51653070210305e-19
477.4570595059506 3.515990254089785e-19
477.5559884988499 3.5154499849790214e-19
477.6549174917492 3.514909894680283e-19
477.7538464846485 3.5143699831031546e-19
477.85277547754777 3.5138302501572815e-19
477.95170447044705 3.513290695752371e-19
478.05063346334634 3.5127513197981873e-19
478.14956245624563 3.512212122204563e-19
478.2484914491449 3.511673102881382e-19
478.3474204420442 3.511134261738597e-19
478.4463494349435 3.510595598686218e-19
478.5452784278428 3.5100571136343144e-19
478.6442074207421 3.509518806493021e-19
478.74313641364137 3.5089806771725257e-19
478.84206540654066 3.5084427255830854e-19
478.94099439943994 3.50790495163501e-19
479.03992339233923 3.5073673552386757e-19
479.1388523852385 3.506829936304515e-19
479.2377813781378 3.506292694743021e-19
479.3367103710371 3.5057556304647514e-19
479.4356393639364 3.5052187433803173e-19
479.5345683568357 3.504682033400397e-19
479.63349734973497 3.504145500435722e-19
479.73242634263426 3.503609144397091e-19
479.83135533553354 3.503072965195355e-19
479.9302843284329 3.5025369627414327e-19
480.0292133213322 3.502001136946297e-19
480.12814231423147 3.501465487720983e-19
480.22707130713076 3.5009300149765856e-19
480.32600030003005 3.5003947186242596e-19
480.42492929292933 3.4998595985752195e-19
480.5238582858286 3.4993246547407353e-19
480.6227872787279 3.4987898870321453e-19
480.7217162716272 3.498255295360838e-19
480.8206452645265 3.4977208796382703e-19
480.9195742574258 3.497186639775951e-19
481.01850325032507 3.4966525756854513e-19
481.11743224322436 3.4961186872784035e-19
481.21636123612365 3.4955849744664955e-19
481.31529022902293 3.495051437161478e-19
481.4142192219222 3.49451807527516e-19
481.5131482148215 3.493984888719406e-19
481.6120772077208 3.4934518774061474e-19
481.7110062006201 3.492919041247366e-19
481.8099351935194 3.4923863801551084e-19
481.90886418641867 3.4918538940414783e-19
482.00779317931796 3.491321582818638e-19
482.10672217221725 3.490789446398809e-19
482.20565116511654 3.490257484694271e-19
482.3045801580158 3.4897256976173657e-19
482.4035091509151 3.4891940850804885e-19
482.5024381438144 3.4886626469960964e-19
482.6013671367137 3.4881313832767063e-19
482.700296129613 3.4876002938348883e-19
482.79922512251227 3.487069378583278e-19
482.89815411541156 3.4865386374345645e-19
482.99708310831085 3.486008070301499e-19
483.09601210121014 3.4854776770968866e-19
483.1949410941094 3.484947457733595e-19
483.2938700870087 3.4844174121245476e-19
483.392799079908 3.4838875401827267e-19
483.4917280728073 3.4833578418211738e-19
483.5906570657066 3.482828316952985e-19
483.68958605860587 3.482298965491322e-19
483.78851505150516 3.4817697873493953e-19
483.88744404440445 3.48124078244048e-19
483.98637303730374 3.4807119506779063e-19
484.085302030203 3.4801832919750626e-19
484.1842310231023 3.4796548062453967e-19
484.2831600160016 3.479126493402412e-19
484.3820890089009 3.4785983533596717e-19
484.4810180018002 3.4780703860307946e-19
484.57994699469947 3.4775425913294583e-19
484.67887598759876 3.477014969169399e-19
484.77780498049805 3.476487519464409e-19
484.87673397339734 3.475960242128338e-19
484.9756629662966 3.4754331370750947e-19
485.0745919591959 3.4749062042186426e-19
485.1735209520952 3.4743794434730066e-19
485.2724499449945 3.4738528547522643e-19
485.3713789378938 3.4733264379705544e-19
485.4703079307931 3.47280019304207e-19
485.5692369236924 3.4722741198810646e-19
485.6681659165917 3.4717482184018446e-19
485.767094909491 3.471222488518778e-19
485.8660239023903 3.470696930146286e-19
485.96495289528957 3.4701715431988483e-19
486.06388188818886 3.4696463275910023e-19
486.16281088108815 3.469121283237343e-19
486.26173987398744 3.468596410052519e-19
486.3606688668867 3.4680717079512395e-19
486.459597859786 3.467547176848266e-19
486.5585268526853 3.4670228166584217e-19
486.6574558455846 3.466498627296584e-19
486.7563848384839 3.4659746086776855e-19
486.85531383138317 3.4654507607167197e-19
486.95424282428246 3.464927083328729e-19
487.05317181718175 3.464403576428822e-19
487.15210081008104 3.4638802399321568e-19
487.2510298029803 3.46335707375395e-19
487.3499587958796 3.462834077809475e-19
487.4488877887789 3.4623112520140596e-19
487.5478167816782 3.4617885962830917e-19
487.6467457745775 3.46126611053201e-19
487.74567476747677 3.4607437946763157e-19
487.84460376037606 3.4602216486315603e-19
487.94353275327535 3.4596996723133544e-19
488.04246174617464 3.4591778656373635e-19
488.1413907390739 3.458656228519311e-19
488.2403197319732 3.458134760874973e-19
488.3392487248725 3.4576134626201856e-19
488.4381777177718 3.4570923336708364e-19
488.5371067106711 3.4565713739428716e-19
488.63603570357037 3.456050583352291e-19
488.73496469646966 3.455529961815156e-19
488.83389368936895 3.4550095092475735e-19
488.93282268226824 3.454489225565715e-19
489.0317516751675 3.453969110685803e-19
489.1306806680668 3.453449164524116e-19
489.2296096609661 3.4529293869969906e-19
489.3285386538654 3.4524097780208156e-19
489.4274676467647 3.451890337512037e-19
489.526396639664 3.451371065387154e-19
489.62532563256326 3.450851961562726e-19
489.72425462546255 3.4503330259553597e-19
489.82318361836184 3.449814258481728e-19
489.9221126112611 3.449295659058546e-19
490.0210416041604 3.448777227602595e-19
490.1199705970597 3.4482589640307043e-19
490.218899589959 3.447740868259762e-19
490.3178285828583 3.4472229402067096e-19
490.4167575757576 3.446705179788544e-19
490.51568656865686 3.4461875869223166e-19
490.61461556155615 3.445670161525133e-19
490.71354455445544 3.4451529035141575e-19
490.8124735473547 3.4446358128066035e-19
490.911402540254 3.444118889319741e-19
491.01033153315336 3.443602132970898e-19
491.10926052605265 3.443085543677452e-19
491.20818951895194 3.4425691213568386e-19
491.30711851185123 3.442052865926549e-19
491.4060475047505 3.441536777304122e-19
491.5049764976498 3.44102085540716e-19
491.6039054905491 3.440505100153313e-19
491.7028344834484 3.439989511460288e-19
491.8017634763477 3.439474089245847e-19
491.90069246924696 3.4389588334278036e-19
491.99962146214625 3.438443743924028e-19
492.09855045504554 3.437928820652445e-19
492.19747944794483 3.437414063531031e-19
492.2964084408441 3.4368994724778184e-19
492.3953374337434 3.436385047410893e-19
492.4942664266427 3.4358707882483934e-19
492.593195419542 3.435356694908516e-19
492.6921244124413 3.4348427673095056e-19
492.79105340534056 3.434329005369666e-19
492.88998239823985 3.433815409007352e-19
492.98891139113914 3.433301978140971e-19
493.08784038403843 3.432788712688989e-19
493.1867693769377 3.4322756125699197e-19
493.285698369837 3.431762677702333e-19
493.3846273627363 3.4312499080048565e-19
493.4835563556356 3.4307373033961624e-19
493.5824853485349 3.4302248637949864e-19
493.68141434143416 3.4297125891201086e-19
493.78034333433345 3.42920047929037e-19
493.87927232723274 3.428688534224659e-19
493.97820132013203 3.428176753841921e-19
494.0771303130313 3.427665138061155e-19
494.1760593059306 3.4271536868014103e-19
494.2749882988299 3.426642399981792e-19
494.3739172917292 3.426131277521456e-19
494.4728462846285 3.425620319339614e-19
494.57177527752776 3.4251095253555275e-19
494.67070427042705 3.424598895488516e-19
494.76963326332634 3.424088429657948e-19
494.86856225622563 3.423578127783245e-19
494.9674912491249 3.423067989783883e-19
495.0664202420242 3.422558015579388e-19
495.1653492349235 3.422048205089343e-19
495.2642782278228 3.421538558233382e-19
495.3632072207221 3.4210290749311914e-19
495.46213621362136 3.4205197551025094e-19
495.56106520652065 3.420010598667129e-19
495.65999419941994 3.419501605544893e-19
495.75892319231923 3.418992775655701e-19
495.8578521852185 3.4184841089194987e-19
495.9567811781178 3.417975605256291e-19
496.0557101710171 3.417467264586129e-19
496.1546391639164 3.4169590868291233e-19
496.2535681568157 3.416451071905431e-19
496.35249714971496 3.415943219735264e-19
496.45142614261425 3.415435530238886e-19
496.5503551355136 3.4149280033366126e-19
496.6492841284129 3.4144206389488105e-19
496.7482131213122 3.4139134369959e-19
496.84714211421147 3.413406397398357e-19
496.94607110711075 3.4128995200766995e-19
497.04500010001004 3.41239280495151e-19
497.14392909290933 3.411886251943413e-19
497.2428580858086 3.4113798609730896e-19
497.3417870787079 3.4108736319612724e-19
497.4407160716072 3.4103675648287425e-19
497.5396450645065 3.4098616594963385e-19
497.6385740574058 3.409355915884948e-19
497.73750305030507 3.4088503339155065e-19
497.83643204320435 3.408344913509009e-19
497.93536103610364 3.4078396545864955e-19
498.03429002900293 3.4073345570690608e-19
498.1332190219022 3.4068296208778494e-19
498.2321480148015 3.406324845934059e-19
498.3310770077008 3.4058202321589373e-19
498.4300060006001 3.4053157794737856e-19
498.5289349934994 3.4048114877999533e-19
498.62786398639867 3.4043073570588445e-19
498.72679297929795 3.403803387171912e-19
498.82572197219724 3.40329957806066e-19
498.92465096509653 3.4027959296466482e-19
499.0235799579958 3.4022924418514796e-19
499.1225089508951 3.401789114596817e-19
499.2214379437944 3.4012859478043663e-19
499.3203669366937 3.4007829413958904e-19
499.419295929593 3.400280095293201e-19
499.51822492249227 3.39977740941816e-19
499.61715391539155 3.39927488369268e-19
499.71608290829084 3.3987725180387274e-19
499.81501190119013 3.398270312378317e-19
499.9139408940894 3.3977682666335147e-19
500.0128698869887 3.397266380726436e-19
500.111798879888 3.3967646545792493e-19
500.2107278727873 3.3962630881141724e-19
500.3096568656866 3.3957616812534764e-19
500.40858585858587 3.3952604339194773e-19
500.50751485148515 3.394759346034547e-19
500.60644384438444 3.394258417521106e-19
500.70537283728373 3.393757648301625e-19
500.804301830183 3.393257038298625e-19
500.9032308230823 3.392756587434678e-19
501.0021598159816 3.3922562956324044e-19
501.1010888088809 3.391756162814479e-19
501.2000178017802 3.391256188903623e-19
501.29894679467947 3.3907563738226097e-19
501.39787578757876 3.390256717494263e-19
501.49680478047804 3.3897572198414544e-19
501.59573377337733 3.389257880787107e-19
501.6946627662766 3.3887587002541965e-19
501.7935917591759 3.388259678165743e-19
501.8925207520752 3.3877608144448238e-19
501.9914497449745 3.387262109014558e-19
502.09037873787383 3.3867635617981215e-19
502.1893077307731 3.3862651727187344e-19
502.2882367236724 3.385766941699674e-19
502.3871657165717 3.3852688686642596e-19
502.486094709471 3.3847709535358636e-19
502.5850237023703 3.3842731962379104e-19
502.68395269526957 3.383775596693868e-19
502.78288168816886 3.3832781548272614e-19
502.88181068106815 3.3827808705616597e-19
502.98073967396743 3.382283743820682e-19
503.0796686668667 3.3817867745279996e-19
503.178597659766 3.381289962607333e-19
503.2775266526653 3.38079330798245e-19
503.3764556455646 3.3802968105771677e-19
503.4753846384639 3.379800470315355e-19
503.57431363136317 3.379304287120927e-19
503.67324262426246 3.3788082609178525e-19
503.77217161716175 3.3783123916301446e-19
503.87110061006103 3.3778166791818676e-19
503.9700296029603 3.3773211234971367e-19
504.0689585958596 3.3768257245001144e-19
504.1678875887589 3.37633048211501e-19
504.2668165816582 3.3758353962660873e-19
504.3657455745575 3.3753404668776538e-19
504.46467456745677 3.37484569387407e-19
504.56360356035606 3.3743510771797413e-19
504.66253255325535 3.3738566167191255e-19
504.76146154615464 3.3733623124167297e-19
504.8603905390539 3.372868164197105e-19
504.9593195319532 3.372374171984857e-19
505.0582485248525 3.371880335704633e-19
505.1571775177518 3.371386655281137e-19
505.2561065106511 3.3708931306391156e-19
505.35503550355037 3.3703997617033696e-19
505.45396449644966 3.3699065483987406e-19
505.55289348934895 3.369413490650125e-19
505.65182248224824 3.3689205883824667e-19
505.7507514751475 3.3684278415207542e-19
505.8496804680468 3.3679352499900315e-19
505.9486094609461 3.367442813715384e-19
506.0475384538454 3.366950532621947e-19
506.1464674467447 3.366458406634908e-19
506.24539643964397 3.3659664356794983e-19
506.34432543254326 3.3654746196809995e-19
506.44325442544255 3.364982958564741e-19
506.54218341834184 3.3644914522561013e-19
506.6411124112411 3.3640001006805026e-19
506.7400414041404 3.363508903763421e-19
506.8389703970397 3.363017861430379e-19
506.937899389939 3.3625269736069447e-19
507.0368283828383 3.362036240218736e-19
507.13575737573757 3.3615456611914176e-19
507.23468636863686 3.3610552364507045e-19
507.33361536153615 3.3605649659223557e-19
507.43254435443544 3.360074849532179e-19
507.5314733473347 3.359584887206036e-19
507.63040234023407 3.3590950788698247e-19
507.72933133313336 3.3586054244495024e-19
507.82826032603265 3.3581159238710653e-19
507.92718931893194 3.3576265770605625e-19
508.0261183118312 3.3571373839440885e-19
508.1250473047305 3.356648344447784e-19
508.2239762976298 3.3561594584978395e-19
508.3229052905291 3.3556707260204925e-19
508.4218342834284 3.3551821469420274e-19
508.52076327632767 3.354693721188776e-19
508.61969226922696 3.354205448687119e-19
508.71862126212625 3.3537173293634797e-19
508.81755025502554 3.3532293631443333e-19
508.9164792479248 3.3527415499562017e-19
509.0154082408241 3.3522538897256526e-19
509.1143372337234 3.3517663823793013e-19
509.2132662266227 3.3512790278438084e-19
509.312195219522 3.350791826045886e-19
509.41112421242127 3.35030477691229e-19
509.51005320532056 3.3498178803698226e-19
509.60898219821985 3.349331136345333e-19
509.70791119111914 3.3488445447657233e-19
509.8068401840184 3.3483581055579316e-19
509.9057691769177 3.347871818648953e-19
510.004698169817 3.3473856839658253e-19
510.1036271627163 3.3468997014356316e-19
510.2025561556156 3.3464138709855017e-19
510.30148514851487 3.3459281925426167e-19
510.40041414141416 3.3454426660342e-19
510.49934313431345 3.3449572913875217e-19
510.59827212721274 3.344472068529901e-19
510.697201120112 3.3439869973887014e-19
510.7961301130113 3.343502077891335e-19
510.8950591059106 3.343017309965257e-19
510.9939880988099 3.3425326935379724e-19
511.0929170917092 3.3420482285370316e-19
511.19184608460847 3.3415639148900304e-19
511.29077507750776 3.3410797525246125e-19
511.38970407040705 3.3405957413684656e-19
511.48863306330634 3.340111881349325e-19
511.5875620562056 3.339628172394972e-19
511.6864910491049 3.339144614433237e-19
511.7854200420042 3.338661207391991e-19
511.8843490349035 3.338177951199155e-19
511.9832780278028 3.337694845782694e-19
512.0822070207021 3.3372118910706207e-19
512.1811360136013 3.3367290869909927e-19
512.2800650065006 3.3362464334719146e-19
512.3789939993999 3.335763930441535e-19
512.4779229922992 3.335281577828051e-19
512.5768519851985 3.334799375559704e-19
512.6757809780978 3.3343173235647787e-19
512.774709970997 3.333835421771612e-19
512.8736389638964 3.333353670108582e-19
512.9725679567956 3.33287206850411e-19
513.071496949695 3.3323906168866675e-19
513.1704259425943 3.331909315184774e-19
513.2693549354935 3.3314281633269855e-19
513.3682839283929 3.3309471612419136e-19
513.4672129212921 3.3304663088582077e-19
513.5661419141915 3.3299856061045666e-19
513.6650709070907 3.329505052909733e-19
513.76399989999 3.329024649202496e-19
513.8629288928893 3.3285443949116906e-19
513.9618578857886 3.3280642899661977e-19
514.0607868786878 3.3275843342949385e-19
514.1597158715872 3.327104527826884e-19
514.2586448644864 3.326624870491051e-19
514.3575738573858 3.3261453622164972e-19
514.456502850285 3.325666002932332e-19
514.5554318431844 3.325186792567703e-19
514.6543608360836 3.324707731051808e-19
514.7532898289829 3.3242288183138855e-19
514.8522188218822 3.3237500542832237e-19
514.9511478147815 3.323271438889152e-19
515.0500768076807 3.322792972061048e-19
515.1490058005801 3.322314653728329e-19
515.2479347934793 3.3218364838204634e-19
515.3468637863787 3.3213584622669596e-19
515.4457927792779 3.3208805889973753e-19
515.5447217721772 3.3204028639413083e-19
515.6436507650765 3.319925287028404e-19
515.7425797579758 3.3194478581883516e-19
515.841508750875 3.318970577350887e-19
515.9404377437744 3.318493444445783e-19
516.0393667366736 3.3180164594028703e-19
516.138295729573 3.3175396221520104e-19
516.2372247224722 3.31706293262312e-19
516.3361537153716 3.316586390746154e-19
516.4350827082708 3.3161099964511154e-19
516.5340117011701 3.3156337496680457e-19
516.6329406940694 3.315157650327039e-19
516.7318696869687 3.314681698358226e-19
516.8307986798679 3.314205893691789e-19
516.9297276727673 3.3137302362579484e-19
517.0286566656665 3.3132547259869733e-19
517.1275856585659 3.312779362809172e-19
517.2265146514651 3.3123041466549033e-19
517.3254436443644 3.3118290774545647e-19
517.4243726372637 3.3113541551386017e-19
517.523301630163 3.3108793796375e-19
517.6222306230623 3.3104047508817935e-19
517.7211596159616 3.309930268802057e-19
517.8200886088608 3.3094559333289095e-19
517.9190176017602 3.3089817443930153e-19
518.0179465946594 3.3085077019250825e-19
518.1168755875588 3.3080338058558616e-19
518.215804580458 3.307560056116149e-19
518.3147335733573 3.3070864526367824e-19
518.4136625662566 3.3066129953486467e-19
518.5125915591559 3.3061396841826643e-19
518.6115205520551 3.305666519069811e-19
518.7104495449545 3.305193499941096e-19
518.8093785378538 3.3047206267275785e-19
518.9083075307531 3.30424789936036e-19
519.0072365236524 3.303775317770584e-19
519.1061655165516 3.3033028818894396e-19
519.205094509451 3.302830591648158e-19
519.3040235023502 3.302358446978013e-19
519.4029524952496 3.3018864478103247e-19
519.5018814881488 3.301414594076454e-19
519.6008104810481 3.300942885707806e-19
519.6997394739474 3.3004713226358295e-19
519.7986684668467 3.299999904792016e-19
519.897597459746 3.2995286321079003e-19
519.9965264526453 3.299057504515059e-19
520.0954554455445 3.2985865219451176e-19
520.1943844384439 3.2981156843297367e-19
520.2933134313431 3.2976449916006263e-19
520.3922424242425 3.297174443689534e-19
520.4911714171417 3.296704040528255e-19
520.590100410041 3.2962337820486266e-19
520.6890294029403 3.295763668182528e-19
520.7879583958396 3.295293698861881e-19
520.8868873887388 3.294823874018653e-19
520.9858163816382 3.2943541935848506e-19
521.0847453745374 3.293884657492524e-19
521.1836743674368 3.2934152656737694e-19
521.282603360336 3.2929460180607227e-19
521.3815323532353 3.292476914585562e-19
521.4804613461346 3.2920079551805107e-19
521.5793903390339 3.2915391397778337e-19
521.6783193319332 3.2910704683098374e-19
521.7772483248325 3.290601940708873e-19
521.8761773177317 3.2901335569073323e-19
521.9751063106311 3.2896653168376493e-19
522.0740353035303 3.289197220432305e-19
522.1729642964297 3.2887292676238166e-19
522.2718932893289 3.2882614583447473e-19
522.3708222822282 3.287793792527703e-19
522.4697512751275 3.2873262701053286e-19
522.5686802680268 3.286858891010316e-19
522.667609260926 3.2863916551753967e-19
522.7665382538254 3.285924562533343e-19
522.8654672467246 3.285457613016973e-19
522.964396239624 3.2849908065591453e-19
523.0633252325232 3.284524143092759e-19
523.1622542254225 3.28405762255076e-19
523.2611832183218 3.283591244866131e-19
523.3601122112211 3.2831250099718984e-19
523.4590412041204 3.2826589178011345e-19
523.5579701970197 3.2821929682869463e-19
523.6568991899189 3.2817271613624897e-19
523.7558281828183 3.2812614969609593e-19
523.8547571757175 3.28079597501559e-19
523.9536861686169 3.2803305954596633e-19
524.0526151615161 3.2798653582265e-19
524.1515441544154 3.2794002632494585e-19
524.2504731473147 3.278935310461947e-19
524.349402140214 3.278470499797408e-19
524.4483311331132 3.278005831189334e-19
524.5472601260126 3.27754130457125e-19
524.6461891189118 3.2770769198767287e-19
524.7451181118112 3.2766126770393825e-19
524.8440471047104 3.276148575992866e-19
524.9429760976097 3.2756846166708725e-19
525.041905090509 3.2752207990071427e-19
525.1408340834083 3.2747571229354515e-19
525.2397630763076 3.2742935883896225e-19
525.3386920692069 3.273830195303516e-19
525.4376210621061 3.2733669436110346e-19
525.5365500550055 3.2729038332461226e-19
525.6354790479047 3.272440864142766e-19
525.734408040804 3.27197803623499e-19
525.8333370337033 3.271515349456865e-19
525.9322660266026 3.2710528037424995e-19
526.0311950195019 3.270590399026044e-19
526.1301240124012 3.270128135241689e-19
526.2290530053004 3.2696660123236707e-19
526.3279819981998 3.269204030206259e-19
526.426910991099 3.2687421888237715e-19
526.5258399839984 3.268280488110565e-19
526.6247689768976 3.2678189280010327e-19
526.723697969797 3.267357508429615e-19
526.8226269626962 3.266896229330792e-19
526.9215559555955 3.266435090639081e-19
527.0204849484948 3.265974092289045e-19
527.1194139413941 3.2655132342152832e-19
527.2183429342934 3.2650525163524394e-19
527.3172719271927 3.2645919386351973e-19
527.416200920092 3.2641315009982794e-19
527.5151299129913 3.2636712033764516e-19
527.6140589058906 3.263211045704518e-19
527.7129878987898 3.262751027917325e-19
527.8119168916892 3.2622911499497587e-19
527.9108458845884 3.261831411736748e-19
528.0097748774878 3.2613718132132567e-19
528.108703870387 3.2609123543142974e-19
528.2076328632863 3.260453034974917e-19
528.3065618561856 3.2599938551302044e-19
528.4054908490849 3.2595348147152873e-19
528.5044198419841 3.25907591366534e-19
528.6033488348835 3.25861715191557e-19
528.7022778277827 3.258158529401227e-19
528.8012068206821 3.2577000460576053e-19
528.9001358135813 3.257241701820034e-19
528.9990648064806 3.2567834966238846e-19
529.0979937993799 3.2563254304045687e-19
529.1969227922792 3.25586750309754e-19
529.2958517851785 3.255409714638288e-19
529.3947807780778 3.2549520649623476e-19
529.493709770977 3.254494554005288e-19
529.5926387638764 3.254037181702722e-19
529.6915677567756 3.2535799479903053e-19
529.790496749675 3.2531228528037254e-19
529.8894257425742 3.2526658960787204e-19
529.9883547354735 3.2522090777510556e-19
530.0872837283728 3.251752397756549e-19
530.1862127212721 3.2512958560310487e-19
530.2851417141713 3.250839452510451e-19
530.3840707070707 3.250383187130682e-19
530.4829996999699 3.2499270598277163e-19
530.5819286928693 3.249471070537564e-19
530.6808576857685 3.2490152191962773e-19
530.7797866786678 3.2485595057399443e-19
530.8787156715671 3.248103930104699e-19
530.9776446644664 3.247648492226709e-19
531.0765736573657 3.247193192042182e-19
531.175502650265 3.24673802948737e-19
531.2744316431642 3.2462830044985605e-19
531.3733606360636 3.245828117012081e-19
531.4722896289628 3.245373366964299e-19
531.5712186218622 3.244918754291621e-19
531.6701476147614 3.244464278930497e-19
531.7690766076607 3.244009940817407e-19
531.86800560056 3.2435557398888814e-19
531.9669345934593 3.24310167608148e-19
532.0658635863585 3.2426477493318093e-19
532.1647925792579 3.2421939595765106e-19
532.2637215721571 3.2417403067522686e-19
532.3626505650565 3.2412867907958023e-19
532.4615795579557 3.2408334116438736e-19
532.560508550855 3.240380169233282e-19
532.6594375437544 3.239927063500865e-19
532.7583665366536 3.239474094383502e-19
532.857295529553 3.2390212618181093e-19
532.9562245224522 3.238568565741643e-19
533.0551535153515 3.238116006091097e-19
533.1540825082508 3.237663582803507e-19
533.2530115011501 3.2372112958159446e-19
533.3519404940494 3.236759145065521e-19
533.4508694869487 3.2363071304893886e-19
533.5497984798479 3.235855252024735e-19
533.6487274727473 3.2354035096087897e-19
533.7476564656465 3.2349519031788188e-19
533.8465854585459 3.234500432672128e-19
533.9455144514451 3.2340490980260626e-19
534.0444434443444 3.233597899178005e-19
534.1433724372437 3.2331468360653776e-19
534.242301430143 3.23269590862564e-19
534.3412304230422 3.232245116796292e-19
534.4401594159416 3.2317944605148705e-19
534.5390884088408 3.231343939718953e-19
534.6380174017402 3.2308935543461523e-19
534.7369463946394 3.2304433043341225e-19
534.8358753875387 3.2299931896205554e-19
534.934804380438 3.2295432101431807e-19
535.0337333733373 3.229093365839767e-19
535.1326623662366 3.2286436566481206e-19
535.2315913591359 3.2281940825060864e-19
535.3305203520351 3.227744643351549e-19
535.4294493449345 3.227295339122428e-19
535.5283783378337 3.2268461697566856e-19
535.6273073307331 3.2263971351923194e-19
535.7262363236323 3.225948235367366e-19
535.8251653165316 3.2254994702198966e-19
535.9240943094309 3.2250508396880283e-19
536.0230233023302 3.224602343709908e-19
536.1219522952294 3.2241539822237275e-19
536.2208812881288 3.223705755167712e-19
536.319810281028 3.223257662480128e-19
536.4187392739274 3.222809704099276e-19
536.5176682668266 3.2223618799634976e-19
536.616597259726 3.2219141900111716e-19
536.7155262526252 3.2214666341807148e-19
536.8144552455245 3.2210192124105816e-19
536.9133842384238 3.2205719246392637e-19
537.0123132313231 3.220124770805291e-19
537.1112422242223 3.219677750847234e-19
537.2101712171217 3.219230864703695e-19
537.3091002100209 3.218784112313318e-19
537.4080292029203 3.2183374936147857e-19
537.5069581958195 3.2178910085468153e-19
537.6058871887188 3.2174446570481625e-19
537.7048161816181 3.216998439057624e-19
537.8037451745174 3.216552354514029e-19
537.9026741674166 3.216106403356246e-19
538.001603160316 3.215660585523183e-19
538.1005321532152 3.215214900953784e-19
538.1994611461146 3.21476934958703e-19
538.2983901390139 3.2143239313619404e-19
538.3973191319132 3.2138786462175703e-19
538.4962481248125 3.2134334940930157e-19
538.5951771177117 3.212988474927406e-19
538.6941061106111 3.21254358865991e-19
538.7930351035103 3.212098835229734e-19
538.8919640964097 3.211654214576119e-19
538.9908930893089 3.2112097266383486e-19
539.0898220822082 3.210765371355737e-19
539.1887510751075 3.2103211486676407e-19
539.2876800680068 3.2098770585134477e-19
539.386609060906 3.209433100832594e-19
539.4855380538054 3.208989275564538e-19
539.5844670467046 3.208545582648788e-19
539.683396039604 3.20810202202488e-19
539.7823250325032 3.2076585936323935e-19
539.8812540254025 3.2072152974109435e-19
539.9801830183018 3.2067721333001786e-19
540.0791120112011 3.2063291012397873e-19
540.1780410041004 3.2058862011694947e-19
540.2769699969997 3.205443433029062e-19
540.3758989898989 3.2050007967582902e-19
540.4748279827983 3.20455829229701e-19
540.5737569756975 3.204115919585097e-19
540.6726859685969 3.2036736785624593e-19
540.7716149614961 3.2032315691690414e-19
540.8705439543954 3.2027895913448266e-19
540.9694729472947 3.2023477450298333e-19
541.068401940194 3.2019060301641164e-19
541.1673309330932 3.2014644466877703e-19
541.2662599259926 3.2010229945409223e-19
541.3651889188918 3.200581673663737e-19
541.4641179117912 3.200140483996417e-19
541.5630469046904 3.199699425479202e-19
541.6619758975897 3.1992584980523634e-19
541.760904890489 3.1988177016562174e-19
541.8598338833883 3.198377036231107e-19
541.9587628762876 3.1979365017174193e-19
542.0576918691869 3.1974960980555724e-19
542.1566208620861 3.1970558251860253e-19
542.2555498549855 3.1966156830492696e-19
542.3544788478847 3.1961756715858347e-19
542.453407840784 3.1957357907362877e-19
542.5523368336833 3.19529604044123e-19
542.6512658265826 3.194856420641298e-19
542.7501948194819 3.1944169312771678e-19
542.8491238123812 3.1939775722895494e-19
542.9480528052804 3.193538343619188e-19
543.0469817981798 3.193099245206867e-19
543.145910791079 3.192660276993407e-19
543.2448397839784 3.192221438919659e-19
543.3437687768776 3.1917827309265156e-19
543.4426977697769 3.1913441529549033e-19
543.5416267626762 3.1909057049457857e-19
543.6405557555755 3.190467386840161e-19
543.7394847484749 3.1900291985790615e-19
543.8384137413741 3.1895911401035597e-19
543.9373427342734 3.1891532113547614e-19
544.0362717271727 3.1887154122738083e-19
544.135200720072 3.188277742801878e-19
544.2341297129713 3.187840202880184e-19
544.3330587058706 3.1874027924499755e-19
544.4319876987698 3.186965511452539e-19
544.5309166916692 3.186528359829192e-19
544.6298456845684 3.186091337521294e-19
544.7287746774678 3.185654444470235e-19
544.827703670367 3.185217680617443e-19
544.9266326632663 3.1847810459043824e-19
545.0255616561656 3.1843445402725493e-19
545.1244906490649 3.1839081636634797e-19
545.2234196419641 3.183471916018742e-19
545.3223486348635 3.183035797279942e-19
545.4212776277627 3.1825998073887213e-19
545.5202066206621 3.182163946286753e-19
545.6191356135613 3.1817282139157535e-19
545.7180646064606 3.181292610217463e-19
545.8169935993599 3.180857135133668e-19
545.9159225922592 3.1804217886061846e-19
546.0148515851585 3.1799865705768667e-19
546.1137805780578 3.1795514809876006e-19
546.212709570957 3.179116519780309e-19
546.3116385638564 3.1786816868969505e-19
546.4105675567556 3.17824698227952e-19
546.509496549655 3.177812405870045e-19
546.6084255425542 3.1773779576105904e-19
546.7073545354535 3.176943637443252e-19
546.8062835283528 3.1765094453101674e-19
546.9052125212521 3.176075381153502e-19
547.0041415141513 3.175641444915463e-19
547.1030705070507 3.1752076365382875e-19
547.2019994999499 3.17477395596425e-19
547.3009284928493 3.1743404031356584e-19
547.3998574857485 3.1739069779948576e-19
547.4987864786478 3.1734736804842257e-19
547.5977154715471 3.1730405105461764e-19
547.6966444644464 3.1726074681231587e-19
547.7955734573457 3.1721745531576526e-19
547.894502450245 3.1717417655921797e-19
547.9934314431442 3.1713091053692907e-19
548.0923604360436 3.170876572431573e-19
548.1912894289428 3.170444166721649e-19
548.2902184218422 3.1700118881821746e-19
548.3891474147414 3.169579736755843e-19
548.4880764076407 3.169147712385379e-19
548.58700540054 3.1687158150135434e-19
548.6859343934393 3.16828404458313e-19
548.7848633863385 3.1678524010369714e-19
548.8837923792379 3.167420884317928e-19
548.9827213721371 3.166989494368902e-19
549.0816503650365 3.166558231132825e-19
549.1805793579357 3.166127094552664e-19
549.279508350835 3.1656960845714194e-19
549.3784373437344 3.1652652011321323e-19
549.4773663366336 3.16483444417787e-19
549.576295329533 3.16440381365174e-19
549.6752243224322 3.163973309496878e-19
549.7741533153315 3.163542931656461e-19
549.8730823082308 3.1631126800736953e-19
549.9720113011301 3.162682554691823e-19
550.0709402940294 3.162252555454121e-19
550.1698692869287 3.161822682303899e-19
550.2687982798279 3.1613929351845034e-19
550.3677272727273 3.1609633140393106e-19
550.4666562656265 3.1605338188117367e-19
550.5655852585259 3.1601044494452245e-19
550.6645142514251 3.1596752058832584e-19
550.7634432443244 3.1592460880693516e-19
550.8623722372237 3.158817095947054e-19
550.961301230123 3.1583882294599496e-19
551.0602302230222 3.157959488551654e-19
551.1591592159216 3.1575308731658164e-19
551.2580882088208 3.157102383246126e-19
551.3570172017202 3.1566740187362985e-19
551.4559461946194 3.156245779580086e-19
551.5548751875187 3.1558176657212766e-19
551.653804180418 3.155389677103689e-19
551.7527331733173 3.1549618136711785e-19
551.8516621662166 3.1545340753676305e-19
551.9505911591159 3.154106462136969e-19
552.0495201520151 3.1536789739231466e-19
552.1484491449145 3.1532516106701553e-19
552.2473781378137 3.1528243723220153e-19
552.3463071307131 3.15239725882278e-19
552.4452361236123 3.1519702701165443e-19
552.5441651165116 3.1515434061474274e-19
552.6430941094109 3.151116666859588e-19
552.7420231023102 3.1506900521972157e-19
552.8409520952094 3.1502635621045344e-19
552.9398810881088 3.1498371965257996e-19
553.038810081008 3.149410955405305e-19
553.1377390739074 3.148984838687373e-19
553.2366680668066 3.1485588463163605e-19
553.335597059706 3.148132978236659e-19
553.4345260526052 3.1477072343926925e-19
553.5334550455045 3.1472816147289174e-19
553.6323840384038 3.146856119189828e-19
553.7313130313031 3.146430747719943e-19
553.8302420242023 3.1460055002638255e-19
553.9291710171017 3.1455803767660604e-19
554.0281000100009 3.145155377171276e-19
554.1270290029003 3.1447305014241255e-19
554.2259579957995 3.1443057494693023e-19
554.3248869886988 3.143881121251527e-19
554.4238159815981 3.1434566167155547e-19
554.5227449744974 3.1430322358061797e-19
554.6216739673966 3.1426079784682192e-19
554.720602960296 3.1421838446465306e-19
554.8195319531953 3.141759834286002e-19
554.9184609460946 3.1413359473315565e-19
555.0173899389939 3.140912183728145e-19
555.1163189318931 3.1404885434207573e-19
555.2152479247925 3.1400650263544117e-19
555.3141769176917 3.1396416324741636e-19
555.4131059105911 3.1392183617250957e-19
555.5120349034903 3.138795214052329e-19
555.6109638963896 3.138372189401014e-19
555.7098928892889 3.1379492877163357e-19
555.8088218821882 3.137526508943509e-19
555.9077508750875 3.1371038530277876e-19
556.0066798679868 3.1366813199144494e-19
556.105608860886 3.1362589095488114e-19
556.2045378537854 3.135836621876221e-19
556.3034668466846 3.135414456842059e-19
556.402395839584 3.134992414391739e-19
556.5013248324832 3.134570494470706e-19
556.6002538253825 3.1341486970244356e-19
556.6991828182818 3.1337270219984423e-19
556.7981118111811 3.1333054693382675e-19
556.8970408040803 3.132884038989486e-19
556.9959697969797 3.132462730897707e-19
557.0948987898789 3.1320415450085717e-19
557.1938277827783 3.1316204812677503e-19
557.2927567756775 3.1311995396209505e-19
557.3916857685768 3.1307787200139093e-19
557.4906147614761 3.1303580223923987e-19
557.5895437543754 3.1299374467022173e-19
557.6884727472747 3.129516992889202e-19
557.787401740174 3.129096660899219e-19
557.8863307330732 3.1286764506781687e-19
557.9852597259726 3.128256362171979e-19
558.0841887188718 3.127836395326617e-19
558.1831177117712 3.1274165500880774e-19
558.2820467046704 3.126996826402388e-19
558.3809756975697 3.126577224215609e-19
558.479904690469 3.1261577434738323e-19
558.5788336833683 3.1257383841231813e-19
558.6777626762675 3.1253191461098126e-19
558.7766916691669 3.1249000293799144e-19
558.8756206620661 3.124481033879709e-19
558.9745496549655 3.124062159555445e-19
559.0734786478647 3.123643406353408e-19
559.172407640764 3.123224774219916e-19
559.2713366336633 3.122806263101314e-19
559.3702656265626 3.1223878729439853e-19
559.4691946194619 3.12196960369434e-19
559.5681236123612 3.121551455298821e-19
559.6670526052604 3.1211334277039037e-19
559.7659815981598 3.1207155208560964e-19
559.864910591059 3.1202977347019377e-19
559.9638395839584 3.1198800691879984e-19
560.0627685768576 3.11946252426088e-19
560.1616975697569 3.1190450998672182e-19
560.2606265626562 3.118627795953679e-19
560.3595555555555 3.118210612466957e-19
560.4584845484549 3.117793549353784e-19
560.5574135413541 3.1173766065609207e-19
560.6563425342534 3.1169597840351593e-19
560.7552715271527 3.1165430817233224e-19
560.854200520052 3.1161264995722654e-19
560.9531295129513 3.1157100375288755e-19
561.0520585058506 3.115293695540072e-19
561.1509874987498 3.1148774735528045e-19
561.2499164916492 3.1144613715140524e-19
561.3488454845484 3.1140453893708315e-19
561.4477744774478 3.113629527070184e-19
561.546703470347 3.113213784559186e-19
561.6456324632463 3.1127981617849434e-19
561.7445614561456 3.112382658694596e-19
561.8434904490449 3.1119672752353105e-19
561.9424194419441 3.1115520113542906e-19
562.0413484348435 3.1111368669987663e-19
562.1402774277427 3.110721842116002e-19
562.2392064206421 3.1103069366532903e-19
562.3381354135413 3.1098921505579595e-19
562.4370644064406 3.1094774837773645e-19
562.5359933993399 3.109062936258894e-19
562.6349223922392 3.108648507949967e-19
562.7338513851385 3.108234198798032e-19
562.8327803780378 3.107820008750572e-19
562.931709370937 3.1074059377550994e-19
563.0306383638364 3.1069919857591557e-19
563.1295673567356 3.1065781527103176e-19
563.228496349635 3.1061644385561887e-19
563.3274253425342 3.105750843244404e-19
563.4263543354335 3.105337366722633e-19
563.5252833283328 3.104924008938574e-19
563.6242123212321 3.104510769839953e-19
563.7231413141313 3.104097649374533e-19
563.8220703070307 3.103684647490101e-19
563.9209992999299 3.1032717641344833e-19
564.0199282928293 3.1028589992555276e-19
564.1188572857285 3.102446352801121e-19
564.2177862786278 3.1020338247191734e-19
564.3167152715271 3.1016214149576325e-19
564.4156442644264 3.10120912346447e-19
564.5145732573257 3.100796950187696e-19
564.613502250225 3.100384895075344e-19
564.7124312431242 3.099972958075481e-19
564.8113602360236 3.099561139136207e-19
564.9102892289228 3.0991494382056505e-19
565.0092182218222 3.098737855231969e-19
565.1081472147214 3.0983263901633505e-19
565.2070762076207 3.097915042948019e-19
565.30600520052 3.097503813534222e-19
565.4049341934193 3.097092701870242e-19
565.5038631863185 3.096681707904391e-19
565.6027921792179 3.0962708315850084e-19
565.7017211721171 3.09586007286047e-19
565.8006501650165 3.095449431679175e-19
565.8995791579158 3.0950389079895594e-19
565.998508150815 3.094628501740085e-19
566.0974371437144 3.0942182128792465e-19
566.1963661366136 3.0938080413555677e-19
566.295295129513 3.0933979871176017e-19
566.3942241224122 3.092988050113936e-19
566.4931531153115 3.0925782302931833e-19
566.5920821082108 3.09216852760399e-19
566.6910111011101 3.091758941995029e-19
566.7899400940094 3.091349473415008e-19
566.8888690869087 3.090940121812662e-19
566.9877980798079 3.090530887136757e-19
567.0867270727073 3.0901217693360874e-19
567.1856560656065 3.089712768359482e-19
567.2845850585059 3.089303884155794e-19
567.3835140514051 3.088895116673911e-19
567.4824430443044 3.088486465862747e-19
567.5813720372037 3.0880779316712506e-19
567.680301030103 3.0876695140483956e-19
567.7792300230022 3.0872612129431896e-19
567.8781590159016 3.086853028304668e-19
567.9770880088008 3.086444960081895e-19
568.0760170017002 3.086037008223968e-19
568.1749459945994 3.0856291726800134e-19
568.2738749874987 3.085221453399186e-19
568.372803980398 3.0848138503306683e-19
568.4717329732973 3.084406363423677e-19
568.5706619661966 3.0839989926274583e-19
568.6695909590959 3.0835917378912843e-19
568.7685199519951 3.083184599164461e-19
568.8674489448945 3.082777576396322e-19
568.9663779377937 3.0823706695362304e-19
569.065306930693 3.0819638785335794e-19
569.1642359235923 3.081557203337792e-19
569.2631649164916 3.081150643898321e-19
569.3620939093909 3.080744200164648e-19
569.4610229022902 3.0803378720862873e-19
569.5599518951894 3.0799316596127765e-19
569.6588808880888 3.0795255626936883e-19
569.757809880988 3.0791195812786224e-19
569.8567388738874 3.07871371531721e-19
569.9556678667866 3.0783079647591094e-19
570.054596859686 3.0779023295540093e-19
570.1535258525852 3.077496809651628e-19
570.2524548454845 3.077091405001713e-19
570.3513838383838 3.0766861155540408e-19
570.4503128312831 3.076280941258419e-19
570.5492418241823 3.0758758820646815e-19
570.6481708170817 3.075470937922695e-19
570.7470998099809 3.0750661087823534e-19
570.8460288028803 3.07466139459358e-19
570.9449577957795 3.0742567953063283e-19
571.0438867886788 3.073852310870579e-19
571.1428157815781 3.073447941236344e-19
571.2417447744774 3.0730436863536634e-19
571.3406737673766 3.0726395461726083e-19
571.439602760276 3.072235520643276e-19
571.5385317531753 3.071831609715795e-19
571.6374607460746 3.0714278133403217e-19
571.7363897389739 3.0710241314670445e-19
571.8353187318731 3.070620564046177e-19
571.9342477247725 3.070217111027962e-19
572.0331767176717 3.069813772362674e-19
572.1321057105711 3.069410548000616e-19
572.2310347034703 3.069007437892118e-19
572.3299636963696 3.068604441987541e-19
572.4288926892689 3.0682015602372755e-19
572.5278216821682 3.0677987925917354e-19
572.6267506750675 3.067396139001372e-19
572.7256796679668 3.0669935994166586e-19
572.824608660866 3.066591173788102e-19
572.9235376537654 3.066188862066233e-19
573.0224666466646 3.0657866642016157e-19
573.121395639564 3.0653845801448406e-19
573.2203246324632 3.064982609846528e-19
573.3192536253625 3.0645807532573266e-19
573.4181826182618 3.0641790103279135e-19
573.5171116111611 3.063777381008994e-19
573.6160406040603 3.0633758652513044e-19
573.7149695969597 3.062974463005607e-19
573.8138985898589 3.062573174222695e-19
573.9128275827583 3.062171998853387e-19
574.0117565756575 3.061770936848535e-19
574.1106855685568 3.0613699881590143e-19
574.2096145614561 3.060969152735733e-19
574.3085435543554 3.0605684305296265e-19
574.4074725472547 3.0601678214916574e-19
574.506401540154 3.0597673255728167e-19
574.6053305330532 3.0593669427241276e-19
574.7042595259526 3.0589666728966366e-19
574.8031885188518 3.0585665160414224e-19
574.9021175117512 3.058166472109589e-19
575.0010465046504 3.0577665410522734e-19
575.0999754975497 3.057366722820636e-19
575.198904490449 3.056967017365869e-19
575.2978334833483 3.0565674246391905e-19
575.3967624762475 3.05616794459185e-19
575.4956914691469 3.0557685771751204e-19
575.5946204620461 3.055369322340309e-19
575.6935494549455 3.054970180038747e-19
575.7924784478447 3.054571150221793e-19
575.891407440744 3.0541722328408393e-19
575.9903364336433 3.053773427847302e-19
576.0892654265426 3.0533747351926225e-19
576.1881944194419 3.0529761548282803e-19
576.2871234123412 3.0525776867057727e-19
576.3860524052404 3.0521793307766313e-19
576.4849813981398 3.051781086992412e-19
576.583910391039 3.051382955304702e-19
576.6828393839384 3.050984935665115e-19
576.7817683768376 3.050587028025293e-19
576.8806973697369 3.0501892323369047e-19
576.9796263626362 3.0497915485516486e-19
577.0785553555355 3.0493939766212515e-19
577.1774843484349 3.048996516497465e-19
577.2764133413341 3.0485991681320722e-19
577.3753423342334 3.048201931476883e-19
577.4742713271327 3.0478048064837354e-19
577.573200320032 3.0474077931044923e-19
577.6721293129312 3.047010891291049e-19
577.7710583058306 3.0466141009953257e-19
577.8699872987298 3.046217422169272e-19
577.9689162916292 3.045820854764863e-19
578.0678452845284 3.045424398734105e-19
578.1667742774277 3.045028054029029e-19
578.265703270327 3.0446318206016943e-19
578.3646322632263 3.044235698404191e-19
578.4635612561256 3.0438396873886314e-19
578.5624902490249 3.04344378750716e-19
578.6614192419241 3.043047998711947e-19
578.7603482348235 3.0426523209551885e-19
578.8592772277227 3.042256754189116e-19
578.9582062206221 3.0418612983659766e-19
579.0571352135213 3.0414659534380555e-19
579.1560642064206 3.041070719357659e-19
579.2549931993199 3.040675596077123e-19
579.3539221922192 3.0402805835488136e-19
579.4528511851184 3.0398856817251193e-19
579.5517801780178 3.0394908905584595e-19
579.650709170917 3.0390962100012796e-19
579.7496381638164 3.0387016400060525e-19
579.8485671567156 3.0383071805252813e-19
579.947496149615 3.0379128315114924e-19
580.0464251425142 3.037518592917243e-19
580.1453541354135 3.037124464695112e-19
580.2442831283128 3.0367304467977137e-19
580.3432121212121 3.0363365391776846e-19
580.4421411141113 3.035942741787689e-19
580.5410701070107 3.035549054580419e-19
580.6399990999099 3.035155477508594e-19
580.7389280928093 3.034762010524961e-19
580.8378570857085 3.0343686535822936e-19
580.9367860786078 3.0339754066333925e-19
581.0357150715071 3.0335822696310864e-19
581.1346440644064 3.0331892425282296e-19
581.2335730573056 3.032796325277705e-19
581.332502050205 3.032403517832423e-19
581.4314310431042 3.0320108201453193e-19
581.5303600360036 3.0316182321693575e-19
581.6292890289028 3.0312257538575304e-19
581.7282180218021 3.0308333851628523e-19
581.8271470147014 3.0304411260383706e-19
581.9260760076007 3.030048976437157e-19
582.0250050005 3.029656936312309e-19
582.1239339933993 3.0292650056169536e-19
582.2228629862985 3.028873184304244e-19
582.3217919791979 3.0284814723273574e-19
582.4207209720971 3.028089869639503e-19
582.5196499649965 3.0276983761939124e-19
582.6185789578958 3.027306991943847e-19
582.717507950795 3.0269157168425937e-19
582.8164369436944 3.0265245508434653e-19
582.9153659365936 3.026133493899804e-19
583.014294929493 3.025742545964978e-19
583.1132239223922 3.025351706992378e-19
583.2121529152915 3.0249609769354297e-19
583.3110819081908 3.024570355747578e-19
583.4100109010901 3.024179843382298e-19
583.5089398939893 3.023789439793091e-19
583.6078688868887 3.023399144933484e-19
583.7067978797879 3.0230089587570325e-19
583.8057268726873 3.022618881217319e-19
583.9046558655865 3.0222289122679484e-19
584.0035848584859 3.021839051862556e-19
584.1025138513851 3.021449299954804e-19
584.2014428442844 3.0210596564983783e-19
584.3003718371837 3.0206701214469934e-19
584.399300830083 3.0202806947543903e-19
584.4982298229822 3.0198913763743357e-19
584.5971588158816 3.0195021662606226e-19
584.6960878087808 3.019113064367072e-19
584.7950168016802 3.0187240706475286e-19
584.8939457945794 3.0183351850558673e-19
584.9928747874787 3.017946407545986e-19
585.091803780378 3.0175577380718116e-19
585.1907327732773 3.017169176587293e-19
585.2896617661766 3.0167807230464133e-19
585.3885907590759 3.016392377403174e-19
585.4875197519751 3.016004139611606e-19
585.5864487448745 3.015616009625767e-19
585.6853777377737 3.0152279873997422e-19
585.784306730673 3.0148400728876392e-19
585.8832357235723 3.0144522660435944e-19
585.9821647164716 3.0140645668217705e-19
586.0810937093709 3.0136769751763565e-19
586.1800227022702 3.0132894910615663e-19
586.2789516951694 3.01290211443164e-19
586.3778806880688 3.0125148452408456e-19
586.476809680968 3.012127683443478e-19
586.5757386738674 3.0117406289938523e-19
586.6746676667666 3.0113536818463154e-19
586.7735966596659 3.01096684195524e-19
586.8725256525652 3.010580109275022e-19
586.9714546454645 3.010193483760084e-19
587.0703836383638 3.0098069653648787e-19
587.1693126312631 3.009420554043878e-19
587.2682416241623 3.0090342497515847e-19
587.3671706170617 3.0086480524425255e-19
587.4660996099609 3.0082619620712557e-19
587.5650286028603 3.007875978592351e-19
587.6639575957595 3.00749010196042e-19
587.7628865886588 3.0071043321300915e-19
587.8618155815581 3.006718669056023e-19
587.9607445744574 3.006333112692896e-19
588.0596735673566 3.005947662995422e-19
588.158602560256 3.0055623199183313e-19
588.2575315531553 3.005177083416388e-19
588.3564605460546 3.0047919534443747e-19
588.4553895389539 3.0044069299571055e-19
588.5543185318531 3.0040220129094165e-19
588.6532475247525 3.0036372022561685e-19
588.7521765176517 3.0032524979522545e-19
588.8511055105511 3.0028678999525875e-19
588.9500345034503 3.002483408212107e-19
589.0489634963496 3.0020990226857773e-19
589.1478924892489 3.0017147433285935e-19
589.2468214821482 3.0013305700955697e-19
589.3457504750475 3.0009465029417485e-19
589.4446794679468 3.0005625418221992e-19
589.543608460846 3.0001786866920166e-19
589.6425374537454 2.999794937506316e-19
589.7414664466446 2.999411294220247e-19
589.840395439544 2.9990277567889753e-19
589.9393244324432 2.9986443251677006e-19
590.0382534253425 2.9982609993116417e-19
590.1371824182418 2.9978777791760447e-19
590.2361114111411 2.997494664716184e-19
590.3350404040403 2.997111655887355e-19
590.4339693969397 2.996728752644881e-19
590.5328983898389 2.996345954944112e-19
590.6318273827383 2.9959632627404195e-19
590.7307563756375 2.995580675989202e-19
590.8296853685368 2.995198194645886e-19
590.9286143614361 2.9948158186659206e-19
591.0275433543354 2.994433548004778e-19
591.1264723472347 2.9940513826179617e-19
591.225401340134 2.993669322460994e-19
591.3243303330332 2.9932873674894283e-19
591.4232593259326 2.992905517658838e-19
591.5221883188318 2.992523772924826e-19
591.6211173117312 2.9921421332430166e-19
591.7200463046304 2.991760598569063e-19
591.8189752975297 2.99137916885864e-19
591.917904290429 2.990997844067449e-19
592.0168332833283 2.9906166241512184e-19
592.1157622762275 2.9902355090656985e-19
592.2146912691269 2.9898544987666667e-19
592.3136202620261 2.9894735932099247e-19
592.4125492549255 2.9890927923512984e-19
592.5114782478247 2.9887120961466417e-19
592.610407240724 2.9883315045518306e-19
592.7093362336233 2.9879510175227666e-19
592.8082652265226 2.9875706350153766e-19
592.9071942194219 2.9871903569856133e-19
593.0061232123212 2.986810183389451e-19
593.1050522052204 2.9864301141828946e-19
593.2039811981198 2.9860501493219685e-19
593.302910191019 2.985670288762724e-19
593.4018391839184 2.985290532461238e-19
593.5007681768176 2.984910880373613e-19
593.5996971697169 2.9845313324559717e-19
593.6986261626163 2.984151888664467e-19
593.7975551555155 2.9837725489552746e-19
593.8964841484149 2.983393313284594e-19
593.9954131413141 2.9830141816086494e-19
594.0943421342134 2.982635153883691e-19
594.1932711271127 2.9822562300659947e-19
594.292200120012 2.9818774101118584e-19
594.3911291129112 2.981498693977606e-19
594.4900581058106 2.9811200816195855e-19
594.5889870987098 2.980741572994171e-19
594.6879160916092 2.9803631680577598e-19
594.7868450845084 2.979984866766776e-19
594.8857740774077 2.979606669077663e-19
594.984703070307 2.979228574946895e-19
595.0836320632063 2.9788505843309674e-19
595.1825610561056 2.978472697186401e-19
595.2814900490049 2.978094913469741e-19
595.3804190419041 2.9777172331375573e-19
595.4793480348035 2.977339656146442e-19
595.5782770277027 2.9769621824530176e-19
595.6772060206021 2.976584812013924e-19
595.7761350135013 2.9762075447858305e-19
595.8750640064006 2.9758303807254275e-19
595.9739929992999 2.9754533197894326e-19
596.0729219921992 2.975076361934586e-19
596.1718509850984 2.974699507117653e-19
596.2707799779978 2.9743227552954234e-19
596.369708970897 2.9739461064247107e-19
596.4686379637964 2.973569560462353e-19
596.5675669566956 2.9731931173652127e-19
596.666495949595 2.9728167770901776e-19
596.7654249424942 2.972440539594156e-19
596.8643539353935 2.9720644048340866e-19
596.9632829282928 2.971688372766926e-19
597.0622119211921 2.9713124433496585e-19
597.1611409140913 2.9709366165392933e-19
597.2600699069907 2.9705608922928607e-19
597.3589988998899 2.970185270567418e-19
597.4579278927893 2.9698097513200465e-19
597.5568568856885 2.969434334507849e-19
597.6557858785878 2.9690590200879545e-19
597.7547148714871 2.9686838080175155e-19
597.8536438643864 2.96830869825371e-19
597.9525728572856 2.967933690753738e-19
598.051501850185 2.967558785474824e-19
598.1504308430842 2.967183982374218e-19
598.2493598359836 2.966809281409191e-19
598.3482888288828 2.9664346825370426e-19
598.4472178217821 2.9660601857150906e-19
598.5461468146814 2.9656857909006845e-19
598.6450758075807 2.965311498051189e-19
598.74400480048 2.964937307123999e-19
598.8429337933793 2.9645632180765284e-19
598.9418627862785 2.9641892308662203e-19
599.0407917791779 2.963815345450539e-19
599.1397207720771 2.9634415617869724e-19
599.2386497649765 2.963067879833032e-19
599.3375787578758 2.962694299546254e-19
599.436507750775 2.9623208208842e-19
599.5354367436744 2.9619474438044507e-19
599.6343657365736 2.961574168264615e-19
599.733294729473 2.9612009942223243e-19
599.8322237223722 2.9608279216352324e-19
599.9311527152715 2.9604549504610185e-19
600.0300817081708 2.960082080657386e-19
600.1290107010701 2.9597093121820584e-19
600.2279396939693 2.959336644992787e-19
600.3268686868687 2.9589640790473457e-19
600.4257976797679 2.9585916143035294e-19
600.5247266726673 2.958219250719161e-19
600.6236556655665 2.9578469882520836e-19
600.7225846584658 2.9574748268601644e-19
600.8215136513651 2.957102766501296e-19
600.9204426442644 2.9567308071333927e-19
601.0193716371637 2.9563589487143933e-19
601.118300630063 2.955987191202259e-19
601.2172296229622 2.955615534554977e-19
601.3161586158616 2.955243978730554e-19
601.4150876087608 2.9548725236870244e-19
601.5140166016602 2.954501169382444e-19
601.6129455945594 2.954129915774891e-19
601.7118745874587 2.9537587628224686e-19
601.810803580358 2.9533877104833047e-19
601.9097325732573 2.9530167587155477e-19
602.0086615661565 2.952645907477371e-19
602.1075905590559 2.9522751567269696e-19
602.2065195519551 2.9519045064225645e-19
602.3054485448545 2.951533956522399e-19
602.4043775377537 2.9511635069847404e-19
602.503306530653 2.950793157767875e-19
602.6022355235523 2.950422908830121e-19
602.7011645164516 2.9500527601298095e-19
602.8000935093509 2.9496827116253025e-19
602.8990225022502 2.949312763274984e-19
602.9979514951494 2.948942915037256e-19
603.0968804880488 2.9485731668705515e-19
603.195809480948 2.9482035187333215e-19
603.2947384738474 2.9478339705840403e-19
603.3936674667466 2.9474645223812095e-19
603.4925964596459 2.9470951740833478e-19
603.5915254525452 2.946725925649003e-19
603.6904544454445 2.9463567770367405e-19
603.7893834383437 2.945987728205153e-19
603.8883124312431 2.9456187791128543e-19
603.9872414241423 2.9452499297184823e-19
604.0861704170417 2.944881179980695e-19
604.1850994099409 2.9445125298581784e-19
604.2840284028402 2.944143979309639e-19
604.3829573957395 2.9437755282938048e-19
604.4818863886388 2.9434071767694257e-19
604.5808153815381 2.943038924695282e-19
604.6797443744374 2.94267077203017e-19
604.7786733673368 2.9423027187329083e-19
604.877602360236 2.941934764762345e-19
604.9765313531353 2.941566910077345e-19
605.0754603460346 2.941199154636797e-19
605.1743893389339 2.9408314983996163e-19
605.2733183318331 2.9404639413247366e-19
605.3722473247325 2.9400964833711165e-19
605.4711763176317 2.9397291244977386e-19
605.5701053105311 2.939361864663605e-19
605.6690343034303 2.938994703827744e-19
605.7679632963296 2.938627641949203e-19
605.8668922892289 2.9382606789870583e-19
605.9658212821282 2.9378938149004005e-19
606.0647502750274 2.9375270496483513e-19
606.1636792679268 2.9371603831900477e-19
606.262608260826 2.936793815484656e-19
606.3615372537254 2.93642734649136e-19
606.4604662466246 2.936060976169368e-19
606.559395239524 2.9356947044779126e-19
606.6583242324232 2.935328531376247e-19
606.7572532253225 2.9349624568236485e-19
606.8561822182218 2.934596480779414e-19
606.9551112111211 2.934230603202867e-19
607.0540402040203 2.9338648240533497e-19
607.1529691969197 2.9334991432902316e-19
607.2518981898189 2.9331335608729007e-19
607.3508271827183 2.932768076760767e-19
607.4497561756175 2.932402690913267e-19
607.5486851685168 2.932037403289857e-19
607.6476141614161 2.9316722138500143e-19
607.7465431543154 2.9313071225532438e-19
607.8454721472147 2.9309421293590685e-19
607.944401140114 2.9305772342270326e-19
608.0433301330132 2.9302124371167087e-19
608.1422591259126 2.929847737987685e-19
608.2411881188118 2.929483136799577e-19
608.3401171117112 2.929118633512021e-19
608.4390461046104 2.928754228084674e-19
608.5379750975097 2.9283899204772175e-19
608.636904090409 2.9280257106493555e-19
608.7358330833083 2.927661598560812e-19
608.8347620762075 2.927297584171336e-19
608.9336910691069 2.9269336674406955e-19
609.0326200620061 2.9265698483286854e-19
609.1315490549055 2.926206126795117e-19
609.2304780478047 2.92584250279983e-19
609.329407040704 2.9254789763026817e-19
609.4283360336033 2.9251155472635526e-19
609.5272650265026 2.9247522156423475e-19
609.6261940194019 2.9243889813989904e-19
609.7251230123012 2.9240258444934294e-19
609.8240520052004 2.923662804885635e-19
609.9229809980998 2.9232998625355996e-19
610.021909990999 2.9229370174033335e-19
610.1208389838984 2.922574269448877e-19
610.2197679767976 2.922211618632284e-19
610.3186969696969 2.9218490649136387e-19
610.4176259625963 2.92148660825304e-19
610.5165549554955 2.921124248610615e-19
610.6154839483949 2.920761985946507e-19
610.7144129412941 2.9203998202208866e-19
610.8133419341934 2.9200377513939416e-19
610.9122709270927 2.9196757794258875e-19
611.011199919992 2.9193139042769553e-19
611.1101289128912 2.918952125907403e-19
611.2090579057906 2.9185904442775077e-19
611.3079868986898 2.9182288593475693e-19
611.4069158915892 2.917867371077909e-19
611.5058448844884 2.9175059794288706e-19
611.6047738773877 2.91714468436082e-19
611.703702870287 2.916783485834145e-19
611.8026318631863 2.9164223838092544e-19
611.9015608560856 2.916061378246578e-19
612.0004898489849 2.9157004691065706e-19
612.0994188418841 2.9153396563497055e-19
612.1983478347835 2.9149789399364777e-19
612.2972768276827 2.9146183198274084e-19
612.396205820582 2.914257795983034e-19
612.4951348134813 2.913897368363921e-19
612.5940638063806 2.913537036930647e-19
612.6929927992799 2.9131768016438203e-19
612.7919217921792 2.9128166624640658e-19
612.8908507850784 2.9124566193520334e-19
612.9897797779778 2.912096672268391e-19
613.088708770877 2.9117368211738324e-19
613.1876377637764 2.91137706602907e-19
613.2865667566756 2.9110174067948384e-19
613.3854957495749 2.9106578434318946e-19
613.4844247424742 2.910298375901015e-19
613.5833537353735 2.909939004162999e-19
613.6822827282728 2.909579728178671e-19
613.7812117211721 2.9092205479088694e-19
613.8801407140713 2.9088614633144605e-19
613.9790697069707 2.9085024743563304e-19
614.0779986998699 2.9081435809953847e-19
614.1769276927693 2.907784783192553e-19
614.2758566856685 2.907426080908785e-19
614.3747856785678 2.9070674741050514e-19
614.4737146714671 2.906708962742348e-19
614.5726436643664 2.9063505467816847e-19
614.6715726572656 2.9059922261840995e-19
614.770501650165 2.9056340009106514e-19
614.8694306430642 2.9052758709224153e-19
614.9683596359636 2.904917836180493e-19
615.0672886288628 2.9045598966460044e-19
615.1662176217621 2.9042020522800933e-19
615.2651466146614 2.9038443030439235e-19
615.3640756075607 2.903486648898681e-19
615.46300460046 2.9031290898055686e-19
615.5619335933593 2.902771625725816e-19
615.6608625862585 2.9024142566206735e-19
615.7597915791579 2.902056982451409e-19
615.8587205720572 2.9016998031793145e-19
615.9576495649565 2.901342718765704e-19
616.0565785578558 2.900985729171908e-19
616.155507550755 2.900628834359285e-19
616.2544365436544 2.9002720342892097e-19
616.3533655365536 2.8999153289230777e-19
616.452294529453 2.8995587182223087e-19
616.5512235223522 2.8992022021483443e-19
616.6501525152515 2.898845780662641e-19
616.7490815081508 2.898489453726683e-19
616.8480105010501 2.898133221301973e-19
616.9469394939493 2.897777083350035e-19
617.0458684868487 2.8974210398324127e-19
617.1447974797479 2.897065090710672e-19
617.2437264726473 2.8967092359464013e-19
617.3426554655465 2.896353475501207e-19
617.4415844584458 2.89599780933672e-19
617.5405134513451 2.895642237414587e-19
617.6394424442444 2.8952867596964817e-19
617.7383714371437 2.8949313761440955e-19
617.837300430043 2.894576086719139e-19
617.9362294229422 2.8942208913833487e-19
618.0351584158416 2.893865790098477e-19
618.1340874087408 2.8935107828263015e-19
618.2330164016402 2.893155869528617e-19
618.3319453945394 2.892801050167241e-19
618.4308743874387 2.892446324704011e-19
618.529803380338 2.892091693100788e-19
618.6287323732373 2.891737155319448e-19
618.7276613661365 2.8913827113218954e-19
618.8265903590359 2.891028361070049e-19
618.9255193519351 2.8906741045258525e-19
619.0244483448345 2.890319941651266e-19
619.1233773377337 2.8899658724082776e-19
619.222306330633 2.8896118967588873e-19
619.3212353235323 2.889258014665123e-19
619.4201643164316 2.888904226089028e-19
619.5190933093309 2.8885505309926703e-19
619.6180223022302 2.8881969293381367e-19
619.7169512951294 2.887843421087536e-19
619.8158802880288 2.8874900062029953e-19
619.914809280928 2.8871366846466634e-19
620.0137382738274 2.886783456380711e-19
620.1126672667266 2.886430321367329e-19
620.2115962596259 2.886077279568726e-19
620.3105252525252 2.885724330947135e-19
620.4094542454245 2.885371475464808e-19
620.5083832383237 2.885018713084017e-19
620.6073122312231 2.8846660437670556e-19
620.7062412241223 2.8843134674762378e-19
620.8051702170217 2.883960984173898e-19
620.9040992099209 2.8836085938223895e-19
621.0030282028202 2.8832562963840886e-19
621.1019571957195 2.8829040918213903e-19
621.2008861886188 2.88255198009671e-19
621.299815181518 2.8821999611724853e-19
621.3987441744174 2.881848035011172e-19
621.4976731673167 2.881496201575249e-19
621.596602160216 2.881144460827214e-19
621.6955311531153 2.8807928127295847e-19
621.7944601460146 2.8804412572448983e-19
621.8933891389139 2.880089794335715e-19
621.9923181318131 2.879738423964614e-19
622.0912471247125 2.8793871460941938e-19
622.1901761176117 2.8790359606870747e-19
622.2891051105111 2.878684867705897e-19
622.3880341034103 2.878333867113322e-19
622.4869630963096 2.8779829588720296e-19
622.5858920892089 2.8776321429447193e-19
622.6848210821082 2.877281419294115e-19
622.7837500750074 2.8769307878829567e-19
622.8826790679068 2.876580248674005e-19
622.981608060806 2.876229801630045e-19
623.0805370537054 2.8758794467138747e-19
623.1794660466046 2.8755291838883204e-19
623.278395039504 2.8751790131162195e-19
623.3773240324032 2.87482893436044e-19
623.4762530253025 2.8744789475838602e-19
623.5751820182018 2.8741290527493866e-19
623.6741110111011 2.8737792498199384e-19
623.7730400040003 2.8734295387584613e-19
623.8719689968997 2.873079919527917e-19
623.9708979897989 2.87273039209129e-19
624.0698269826983 2.8723809564115833e-19
624.1687559755975 2.8720316124518175e-19
624.2676849684968 2.8716823601750386e-19
624.3666139613961 2.87133319954431e-19
624.4655429542954 2.8709841305227137e-19
624.5644719471946 2.870635153073353e-19
624.663400940094 2.870286267159352e-19
624.7623299329932 2.869937472743854e-19
624.8612589258926 2.869588769790022e-19
624.9601879187918 2.8692401582610377e-19
625.0591169116911 2.8688916381201066e-19
625.1580459045904 2.868543209330449e-19
625.2569748974897 2.868194871855309e-19
625.355903890389 2.86784662565795e-19
625.4548328832883 2.867498470701653e-19
625.5537618761875 2.867150406949721e-19
625.6526908690869 2.866802434365477e-19
625.7516198619861 2.866454552912263e-19
625.8505488548855 2.86610676255344e-19
625.9494778477847 2.86575906325239e-19
626.048406840684 2.8654114549725156e-19
626.1473358335833 2.865063937677236e-19
626.2462648264826 2.8647165113299923e-19
626.3451938193818 2.864369175894247e-19
626.4441228122812 2.8640219313334794e-19
626.5430518051804 2.863674777611191e-19
626.6419807980798 2.8633277146908986e-19
626.740909790979 2.8629807425361457e-19
626.8398387838783 2.862633861110489e-19
626.9387677767776 2.8622870703775085e-19
627.0376967696769 2.861940370300802e-19
627.1366257625763 2.861593760843989e-19
627.2355547554755 2.861247241970705e-19
627.3344837483749 2.86090081364461e-19
627.4334127412741 2.86055447582938e-19
627.5323417341734 2.8602082284887113e-19
627.6312707270727 2.859862071586321e-19
627.730199719972 2.8595160050859445e-19
627.8291287128712 2.8591700289513357e-19
627.9280577057706 2.8588241431462723e-19
628.0269866986698 2.858478347634547e-19
628.1259156915692 2.858132642379973e-19
628.2248446844684 2.857787027346385e-19
628.3237736773677 2.857441502497635e-19
628.422702670267 2.857096067797596e-19
628.5216316631663 2.856750723210159e-19
628.6205606560655 2.856405468699235e-19
628.7194896489649 2.856060304228756e-19
628.8184186418641 2.8557152297626724e-19
628.9173476347635 2.85537024526495e-19
629.0162766276627 2.8550253506995836e-19
629.115205620562 2.854680546030575e-19
629.2141346134613 2.854335831221956e-19
629.3130636063606 2.8539912062377726e-19
629.4119925992599 2.85364667104209e-19
629.5109215921592 2.853302225598995e-19
629.6098505850584 2.8529578698725924e-19
629.7087795779578 2.8526136038270057e-19
629.807708570857 2.8522694274263796e-19
629.9066375637564 2.851925340634875e-19
630.0055665566556 2.8515813434166764e-19
630.1044955495549 2.851237435735982e-19
630.2034245424542 2.850893617557015e-19
630.3023535353535 2.8505498888440143e-19
630.4012825282528 2.8502062495612377e-19
630.5002115211521 2.8498626996729637e-19
630.5991405140513 2.8495192391434914e-19
630.6980695069507 2.8491758679371346e-19
630.7969984998499 2.8488325860182315e-19
630.8959274927493 2.8484893933511345e-19
630.9948564856485 2.8481462899002206e-19
631.0937854785478 2.8478032756298785e-19
631.1927144714471 2.847460350504523e-19
631.2916434643464 2.847117514488586e-19
631.3905724572456 2.8467747675465166e-19
631.489501450145 2.8464321096427836e-19
631.5884304430442 2.846089540741876e-19
631.6873594359436 2.8457470608083004e-19
631.7862884288428 2.845404669806586e-19
631.8852174217421 2.8450623677012747e-19
631.9841464146414 2.844720154456933e-19
632.0830754075407 2.8443780300381446e-19
632.18200440044 2.8440359944095122e-19
632.2809333933393 2.8436940475356545e-19
632.3798623862385 2.843352189381214e-19
632.4787913791379 2.843010419910851e-19
632.5777203720372 2.842668739089241e-19
632.6766493649365 2.8423271468810826e-19
632.7755783578358 2.841985643251092e-19
632.874507350735 2.841644228164006e-19
632.9734363436344 2.841302901584574e-19
633.0723653365336 2.840961663477571e-19
633.171294329433 2.8406205138077903e-19
633.2702233223322 2.840279452540038e-19
633.3691523152315 2.839938479639146e-19
633.4680813081308 2.839597595069964e-19
633.5670103010301 2.839256798797354e-19
633.6659392939293 2.8389160907862063e-19
633.7648682868287 2.8385754710014216e-19
633.8637972797279 2.8382349394079263e-19
633.9627262726273 2.8378944959706593e-19
634.0616552655265 2.837554140654583e-19
634.1605842584258 2.837213873424675e-19
634.2595132513251 2.8368736942459356e-19
634.3584422442244 2.836533603083379e-19
634.4573712371237 2.8361935999020436e-19
634.556300230023 2.8358536846669813e-19
634.6552292229222 2.8355138573432643e-19
634.7541582158216 2.835174117895985e-19
634.8530872087208 2.834834466290255e-19
634.9520162016202 2.8344949024911995e-19
635.0509451945194 2.834155426463969e-19
635.1498741874187 2.8338160381737263e-19
635.248803180318 2.833476737585659e-19
635.3477321732173 2.833137524664968e-19
635.4466611661165 2.8327983993768758e-19
635.5455901590159 2.8324593616866205e-19
635.6445191519151 2.832120411559464e-19
635.7434481448145 2.8317815489606816e-19
635.8423771377137 2.831442773855569e-19
635.941306130613 2.831104086209441e-19
636.0402351235123 2.83076548598763e-19
636.1391641164116 2.8304269731554854e-19
636.2380931093109 2.830088547678381e-19
636.3370221022102 2.8297502095217003e-19
636.4359510951094 2.8294119586508525e-19
636.5348800880088 2.8290737950312626e-19
636.633809080908 2.828735718628373e-19
636.7327380738074 2.8283977294076446e-19
636.8316670667066 2.8280598273345594e-19
636.9305960596059 2.827722012374615e-19
637.0295250525052 2.827384284493329e-19
637.1284540454045 2.8270466436562355e-19
637.2273830383037 2.8267090898288876e-19
637.3263120312031 2.8263716229768595e-19
637.4252410241023 2.8260342430657398e-19
637.5241700170017 2.825696950061136e-19
637.6230990099009 2.8253597439286766e-19
637.7220280028002 2.825022624634007e-19
637.8209569956995 2.8246855921427894e-19
637.9198859885988 2.824348646420705e-19
638.018814981498 2.824011787433456e-19
638.1177439743974 2.8236750151467583e-19
638.2166729672967 2.823338329526349e-19
638.315601960196 2.823001730537982e-19
638.4145309530953 2.8226652181474296e-19
638.5134599459946 2.8223287923204844e-19
638.6123889388939 2.8219924530229533e-19
638.7113179317931 2.821656200220666e-19
638.8102469246925 2.8213200338794646e-19
638.9091759175917 2.8209839539652164e-19
639.008104910491 2.8206479604438007e-19
639.1070339033903 2.8203120532811173e-19
639.2059628962896 2.819976232443085e-19
639.3048918891889 2.819640497895639e-19
639.4038208820882 2.8193048496047326e-19
639.5027498749874 2.8189692875363387e-19
639.6016788678868 2.818633811656446e-19
639.700607860786 2.8182984219310653e-19
639.7995368536854 2.8179631183262197e-19
639.8984658465846 2.817627900807957e-19
639.997394839484 2.817292769342335e-19
640.0963238323832 2.8169577238954383e-19
640.1952528252825 2.816622764433361e-19
640.2941818181818 2.8162878909222223e-19
640.3931108110811 2.815953103328153e-19
640.4920398039803 2.8156184016173093e-19
640.5909687968797 2.815283785755857e-19
640.6898977897789 2.814949255709986e-19
640.7888267826783 2.8146148114459024e-19
640.8877557755775 2.8142804529298294e-19
640.9866847684768 2.813946180128008e-19
641.0856137613761 2.813611993006698e-19
641.1845427542754 2.813277891532175e-19
641.2834717471746 2.8129438756707384e-19
641.382400740074 2.8126099453886956e-19
641.4813297329732 2.812276100652382e-19
641.5802587258726 2.8119423414281426e-19
641.6791877187718 2.811608667682347e-19
641.7781167116711 2.8112750793813766e-19
641.8770457045704 2.8109415764916355e-19
641.9759746974697 2.81060815897954e-19
642.074903690369 2.8102748268115326e-19
642.1738326832683 2.8099415799540646e-19
642.2727616761675 2.8096084183736113e-19
642.3716906690669 2.80927534203666e-19
642.4706196619661 2.8089423509097224e-19
642.5695486548655 2.808609444959322e-19
642.6684776477647 2.8082766241520047e-19
642.767406640664 2.807943888454331e-19
642.8663356335633 2.807611237832879e-19
642.9652646264626 2.807278672254248e-19
643.0641936193618 2.80694619168505e-19
643.1631226122612 2.8066137960919164e-19
643.2620516051604 2.8062814854415e-19
643.3609805980598 2.8059492597004636e-19
643.459909590959 2.8056171188354955e-19
643.5588385838583 2.805285062813296e-19
643.6577675767577 2.804953091600585e-19
643.7566965696569 2.804621205164102e-19
643.8556255625563 2.8042894034706e-19
643.9545545554555 2.8039576864868525e-19
644.0534835483548 2.803626054179649e-19
644.1524125412541 2.803294506515797e-19
644.2513415341534 2.8029630434621224e-19
644.3502705270527 2.8026316649854663e-19
644.449199519952 2.8023003710526897e-19
644.5481285128512 2.80196916163067e-19
644.6470575057506 2.8016380366863014e-19
644.7459864986498 2.801306996186497e-19
644.8449154915492 2.800976040098187e-19
644.9438444844484 2.8006451683883176e-19
645.0427734773477 2.8003143810238535e-19
645.141702470247 2.7999836779717765e-19
645.2406314631463 2.7996530591990867e-19
645.3395604560455 2.799322524672801e-19
645.4384894489449 2.7989920743599536e-19
645.5374184418441 2.798661708227594e-19
645.6363474347435 2.798331426242793e-19
645.7352764276427 2.7980012283726366e-19
645.834205420542 2.7976711145842257e-19
645.9331344134413 2.7973410848446846e-19
646.0320634063406 2.7970111391211487e-19
646.1309923992399 2.7966812773807756e-19
646.2299213921392 2.7963514995907354e-19
646.3288503850384 2.796021805718219e-19
646.4277793779378 2.795692195730434e-19
646.526708370837 2.795362669594605e-19
646.6256373637364 2.7950332272779715e-19
646.7245663566356 2.794703868747793e-19
646.8234953495349 2.7943745939713466e-19
646.9224243424342 2.7940454029159247e-19
647.0213533353335 2.793716295548836e-19
647.1202823282327 2.7933872718374107e-19
647.2192113211321 2.7930583317489925e-19
647.3181403140313 2.7927294752509427e-19
647.4170693069307 2.792400702310639e-19
647.5159982998299 2.792072012895481e-19
647.6149272927292 2.791743406972877e-19
647.7138562856285 2.7914148845102606e-19
647.8127852785278 2.7910864454750783e-19
647.9117142714271 2.790758089834794e-19
648.0106432643264 2.790429817556889e-19
648.1095722572256 2.7901016286088633e-19
648.208501250125 2.789773522958229e-19
648.3074302430242 2.7894455005725233e-19
648.4063592359236 2.789117561419293e-19
648.5052882288228 2.7887897054661037e-19
648.6042172217221 2.788461932680541e-19
648.7031462146214 2.7881342430302063e-19
648.8020752075207 2.7878066364827125e-19
648.90100420042 2.7874791130057e-19
648.9999331933193 2.787151672566817e-19
649.0988621862185 2.7868243151337317e-19
649.1977911791179 2.7864970406741297e-19
649.2967201720172 2.7861698491557153e-19
649.3956491649164 2.7858427405462045e-19
649.4945781578158 2.785515714813336e-19
649.593507150715 2.78518877192486e-19
649.6924361436144 2.784861911848549e-19
649.7913651365136 2.7845351345521877e-19
649.890294129413 2.7842084400035807e-19
649.9892231223122 2.783881828170548e-19
650.0881521152115 2.7835552990209266e-19
650.1870811081108 2.783228852522572e-19
650.2860101010101 2.7829024886433534e-19
650.3849390939093 2.782576207351158e-19
650.4838680868087 2.782250008613892e-19
650.5827970797079 2.7819238923994757e-19
650.6817260726073 2.7815978586758443e-19
650.7806550655065 2.7812719074109575e-19
650.8795840584058 2.780946038572784e-19
650.9785130513051 2.780620252129312e-19
651.0774420442044 2.7802945480485477e-19
651.1763710371036 2.7799689262985102e-19
651.275300030003 2.7796433868472404e-19
651.3742290229022 2.779317929662792e-19
651.4731580158016 2.778992554713237e-19
651.5720870087008 2.7786672619666625e-19
651.6710160016002 2.7783420513911747e-19
651.7699449944994 2.778016922954896e-19
651.8688739873987 2.777691876625964e-19
651.967802980298 2.777366912372534e-19
652.0667319731973 2.777042030162775e-19
652.1656609660965 2.7767172299648776e-19
652.2645899589959 2.7763925117470443e-19
652.3635189518951 2.776067875477501e-19
652.4624479447945 2.77574332112448e-19
652.5613769376937 2.775418848656239e-19
652.660305930593 2.775094458041048e-19
652.7592349234923 2.7747701492471944e-19
652.8581639163916 2.774445922242983e-19
652.9570929092909 2.7741217769967324e-19
653.0560219021902 2.773797713476781e-19
653.1549508950894 2.773473731651482e-19
653.2538798879888 2.7731498314892053e-19
653.352808880888 2.772826012958339e-19
653.4517378737874 2.772502276027284e-19
653.5506668666866 2.77217862066446e-19
653.6495958595859 2.771855046838302e-19
653.7485248524852 2.771531554517265e-19
653.8474538453845 2.7712081436698156e-19
653.9463828382837 2.7708848142644393e-19
654.0453118311831 2.770561566269637e-19
654.1442408240823 2.770238399653928e-19
654.2431698169817 2.769915314385844e-19
654.3420988098809 2.769592310433938e-19
654.4410278027802 2.769269387766776e-19
654.5399567956795 2.7689465463529413e-19
654.6388857885788 2.768623786161033e-19
654.7378147814782 2.768301107159667e-19
654.8367437743774 2.7679785093174787e-19
654.9356727672767 2.7676559926031123e-19
655.034601760176 2.7673335569852358e-19
655.1335307530753 2.7670112024325273e-19
655.2324597459746 2.7666889289136867e-19
655.3313887388739 2.7663667363974253e-19
655.4303177317731 2.766044624852476e-19
655.5292467246725 2.765722594247583e-19
655.6281757175717 2.7654006445515104e-19
655.727104710471 2.7650787757330336e-19
655.8260337033703 2.764756987760949e-19
655.9249626962696 2.764435280604069e-19
656.0238916891689 2.764113654231218e-19
656.1228206820682 2.763792108611241e-19
656.2217496749674 2.763470643712998e-19
656.3206786678668 2.763149259505363e-19
656.419607660766 2.7628279559572306e-19
656.5185366536654 2.762506733037505e-19
656.6174656465646 2.7621855907151124e-19
656.7163946394639 2.7618645289589924e-19
656.8153236323632 2.7615435477381025e-19
656.9142526252625 2.761222647021413e-19
657.0131816181618 2.760901826777914e-19
657.1121106110611 2.7605810869766077e-19
657.2110396039603 2.7602604275865175e-19
657.3099685968597 2.7599398485766784e-19
657.4088975897589 2.759619349916143e-19
657.5078265826583 2.759298931573981e-19
657.6067555755575 2.7589785935192767e-19
657.7056845684568 2.758658335721129e-19
657.8046135613561 2.7583381581486567e-19
657.9035425542554 2.758018060770991e-19
658.0024715471546 2.7576980435572824e-19
658.101400540054 2.757378106476694e-19
658.2003295329532 2.7570582494984066e-19
658.2992585258526 2.756738472591617e-19
658.3981875187518 2.7564187757255367e-19
658.4971165116511 2.7560991588693954e-19
658.5960455045504 2.7557796219924364e-19
658.6949744974497 2.7554601650639216e-19
658.793903490349 2.7551407880531245e-19
658.8928324832483 2.7548214909293376e-19
658.9917614761475 2.754502273661871e-19
659.0906904690469 2.7541831362200457e-19
659.1896194619461 2.753864078573203e-19
659.2885484548455 2.753545100690697e-19
659.3874774477447 2.7532262025419e-19
659.486406440644 2.7529073840961987e-19
659.5853354335433 2.7525886453229948e-19
659.6842644264426 2.7522699861917073e-19
659.7831934193418 2.7519514066717736e-19
659.8821224122412 2.7516329067326404e-19
659.9810514051404 2.751314486343773e-19
660.0799803980398 2.7509961454746572e-19
660.178909390939 2.750677884094787e-19
660.2778383838383 2.7503597021736766e-19
660.3767673767377 2.750041599680857e-19
660.4756963696369 2.7497235765858684e-19
660.5746253625363 2.7494056328582763e-19
660.6735543554355 2.749087768467654e-19
660.7724833483348 2.748769983383591e-19
660.8714123412341 2.7484522775757006e-19
660.9703413341334 2.748134651013601e-19
661.0692703270327 2.747817103666932e-19
661.168199319932 2.7474996355053495e-19
661.2671283128312 2.7471822464985227e-19
661.3660573057306 2.7468649366161377e-19
661.4649862986298 2.746547705827895e-19
661.5639152915292 2.7462305541035107e-19
661.6628442844284 2.745913481412721e-19
661.7617732773277 2.7455964877252694e-19
661.860702270227 2.7452795730109223e-19
661.9596312631263 2.7449627372394577e-19
662.0585602560255 2.744645980380672e-19
662.1574892489249 2.744329302404374e-19
662.2564182418241 2.7440127032803907e-19
662.3553472347235 2.743696182978562e-19
662.4542762276227 2.7433797414687465e-19
662.553205220522 2.7430633787208154e-19
662.6521342134213 2.742747094704658e-19
662.7510632063206 2.742430889390176e-19
662.8499921992199 2.742114762747289e-19
662.9489211921192 2.7417987147459323e-19
663.0478501850184 2.7414827453560537e-19
663.1467791779178 2.74116685454762e-19
663.245708170817 2.7408510422906124e-19
663.3446371637164 2.7405353085550263e-19
663.4435661566156 2.740219653310873e-19
663.5424951495149 2.7399040765281787e-19
663.6414241424142 2.739588578176988e-19
663.7403531353135 2.7392731582273557e-19
663.8392821282127 2.738957816649358e-19
663.9382111211121 2.73864255341308e-19
664.0371401140113 2.73832736848863e-19
664.1360691069107 2.738012261846124e-19
664.2349980998099 2.737697233455696e-19
664.3339270927092 2.7373822832874976e-19
664.4328560856085 2.737067411311694e-19
664.5317850785078 2.7367526174984657e-19
664.630714071407 2.7364379018180065e-19
664.7296430643064 2.736123264240529e-19
664.8285720572056 2.7358087047362603e-19
664.927501050105 2.735494223275441e-19
665.0264300430042 2.735179819828327e-19
665.1253590359036 2.7348654943651935e-19
665.2242880288028 2.734551246856325e-19
665.3232170217021 2.7342370772720247e-19
665.4221460146014 2.7339229855826124e-19
665.5210750075007 2.733608971758418e-19
665.6200040004 2.733295035769792e-19
665.7189329932993 2.7329811775870965e-19
665.8178619861986 2.7326673971807115e-19
665.9167909790979 2.73235369452103e-19
666.0157199719972 2.73204006957846e-19
666.1146489648964 2.7317265223234275e-19
666.2135779577958 2.7314130527263696e-19
666.312506950695 2.7310996607577435e-19
666.4114359435944 2.7307863463880155e-19
666.5103649364936 2.730473109587672e-19
666.609293929393 2.730159950327214e-19
666.7082229222922 2.7298468685771534e-19
666.8071519151915 2.729533864308022e-19
666.9060809080908 2.729220937490365e-19
667.0050099009901 2.7289080880947407e-19
667.1039388938893 2.728595316091724e-19
667.2028678867887 2.728282621451908e-19
667.3017968796879 2.727970004145895e-19
667.4007258725873 2.7276574641443076e-19
667.4996548654865 2.7273450014177782e-19
667.5985838583858 2.7270326159369594e-19
667.6975128512851 2.726720307672515e-19
667.7964418441844 2.726408076595126e-19
667.8953708370836 2.7260959226754873e-19
667.994299829983 2.725783845884309e-19
668.0932288228822 2.7254718461923166e-19
668.1921578157816 2.725159923570248e-19
668.2910868086808 2.7248480779888627e-19
668.3900158015801 2.7245363094189265e-19
668.4889447944794 2.724224617831226e-19
668.5878737873787 2.7239130031965597e-19
668.686802780278 2.7236014654857437e-19
668.7857317731773 2.723290004669609e-19
668.8846607660765 2.7229786207189973e-19
668.9835897589759 2.7226673136047675e-19
669.0825187518751 2.722356083297795e-19
669.1814477447745 2.722044929768969e-19
669.2803767376737 2.7217338529891936e-19
669.379305730573 2.7214228529293876e-19
669.4782347234723 2.721111929560484e-19
669.5771637163716 2.7208010828534306e-19
669.6760927092708 2.7204903127791917e-19
669.7750217021702 2.7201796193087445e-19
669.8739506950694 2.719869002413082e-19
669.9728796879688 2.7195584620632114e-19
670.071808680868 2.719247998230156e-19
670.1707376737673 2.718937610884952e-19
670.2696666666666 2.7186272999986513e-19
670.3685956595659 2.7183170655423206e-19
670.4675246524652 2.7180069074870415e-19
670.5664536453645 2.7176968258039086e-19
670.6653826382637 2.7173868204640345e-19
670.7643116311631 2.7170768914385436e-19
670.8632406240623 2.7167670386985765e-19
670.9621696169617 2.7164572622152864e-19
671.0610986098609 2.7161475619598456e-19
671.1600276027602 2.715837937903435e-19
671.2589565956595 2.7155283900172567e-19
671.3578855885588 2.715218918272522e-19
671.4568145814582 2.714909522640459e-19
671.5557435743574 2.714600203092312e-19
671.6546725672567 2.714290959599336e-19
671.753601560156 2.713981792132804e-19
671.8525305530553 2.713672700664003e-19
671.9514595459545 2.7133636851642344e-19
672.0503885388539 2.7130547456048137e-19
672.1493175317531 2.7127458819570695e-19
672.2482465246525 2.712437094192349e-19
672.3471755175517 2.712128382282011e-19
672.446104510451 2.7118197461974287e-19
672.5450335033503 2.7115111859099893e-19
672.6439624962496 2.711202701391099e-19
672.7428914891489 2.7108942926121735e-19
672.8418204820482 2.710585959544645e-19
672.9407494749474 2.71027770215996e-19
673.0396784678468 2.709969520429579e-19
673.138607460746 2.709661414324979e-19
673.2375364536454 2.709353383817649e-19
673.3364654465446 2.709045428879093e-19
673.4353944394439 2.7087375494808327e-19
673.5343234323432 2.708429745594396e-19
673.6332524252425 2.708122017191335e-19
673.7321814181417 2.707814364243212e-19
673.8311104110411 2.707506786721601e-19
673.9300394039403 2.7071992845980942e-19
674.0289683968397 2.706891857844298e-19
674.1278973897389 2.706584506431831e-19
674.2268263826383 2.706277230332328e-19
674.3257553755375 2.705970029517437e-19
674.4246843684368 2.705662903958821e-19
674.5236133613361 2.705355853628158e-19
674.6225423542354 2.7050488784971383e-19
674.7214713471346 2.704741978537469e-19
674.820400340034 2.704435153720871e-19
674.9193293329332 2.704128404019077e-19
675.0182583258326 2.703821729403837e-19
675.1171873187318 2.7035151298469134e-19
675.2161163116311 2.703208605320085e-19
675.3150453045304 2.7029021557951427e-19
675.4139742974297 2.7025957812438923e-19
675.512903290329 2.702289481638154e-19
675.6118322832283 2.7019832569497627e-19
675.7107612761275 2.7016771071505685e-19
675.8096902690269 2.701371032212432e-19
675.9086192619261 2.7010650321072327e-19
676.0075482548255 2.70075910680686e-19
676.1064772477247 2.7004532562832207e-19
676.205406240624 2.700147480508234e-19
676.3043352335233 2.6998417794538342e-19
676.4032642264226 2.6995361530919706e-19
676.5021932193218 2.6992306013946053e-19
676.6011222122212 2.6989251243337136e-19
676.7000512051204 2.6986197218812867e-19
676.7989801980198 2.698314394009329e-19
676.897909190919 2.698009140689863e-19
676.9968381838183 2.6977039618949163e-19
677.0957671767177 2.6973988575965395e-19
677.1946961696169 2.6970938277667934e-19
677.2936251625163 2.696788872377754e-19
677.3925541554155 2.69648399140151e-19
677.4914831483148 2.696179184810164e-19
677.5904121412141 2.6958744525758367e-19
677.6893411341134 2.695569794670657e-19
677.7882701270127 2.6952652110667726e-19
677.887199119912 2.6949607017363414e-19
677.9861281128112 2.69465626665154e-19
678.0850571057106 2.694351905784554e-19
678.1839860986098 2.694047619107587e-19
678.2829150915092 2.693743406592853e-19
678.3818440844084 2.693439268212584e-19
678.4807730773077 2.6931352039390218e-19
678.579702070207 2.6928312137444265e-19
678.6786310631063 2.692527297601069e-19
678.7775600560055 2.6922234554812345e-19
678.8764890489049 2.6919196873572246e-19
678.9754180418041 2.6916159932013525e-19
679.0743470347035 2.691312372985945e-19
679.1732760276027 2.691008826683345e-19
679.272205020502 2.690705354265905e-19
679.3711340134013 2.690401955705999e-19
679.4700630063006 2.690098630976008e-19
679.5689919991999 2.689795380048329e-19
679.6679209920992 2.6894922028953743e-19
679.7668499849984 2.6891890994895683e-19
679.8657789778978 2.6888860698033503e-19
679.964707970797 2.6885831138091722e-19
680.0636369636964 2.6882802314795015e-19
680.1625659565956 2.6879774227868185e-19
680.2614949494949 2.6876746877036176e-19
680.3604239423942 2.6873720262024065e-19
680.4593529352935 2.687069438255709e-19
680.5582819281927 2.686766923836058e-19
680.6572109210921 2.686464482916005e-19
680.7561399139913 2.686162115468113e-19
680.8550689068907 2.6858598214649586e-19
680.9539978997899 2.6855576008791333e-19
681.0529268926892 2.6852554536832414e-19
681.1518558855885 2.6849533798499027e-19
681.2507848784878 2.684651379351748e-19
681.349713871387 2.684349452161423e-19
681.4486428642864 2.684047598251587e-19
681.5475718571856 2.6837458175949175e-19
681.646500850085 2.6834441101640957e-19
681.7454298429842 2.683142475931826e-19
681.8443588358836 2.6828409148708216e-19
681.9432878287828 2.6825394269538116e-19
682.0422168216821 2.6822380121535363e-19
682.1411458145814 2.6819366704427536e-19
682.2400748074807 2.6816354017942313e-19
682.3390038003799 2.681334206180752e-19
682.4379327932793 2.6810330835751123e-19
682.5368617861786 2.6807320339501244e-19
682.6357907790779 2.6804310572786094e-19
682.7347197719772 2.6801301535334057e-19
682.8336487648764 2.679829322687364e-19
682.9325777577758 2.679528564713349e-19
683.031506750675 2.6792278795842387e-19
683.1304357435744 2.6789272672729266e-19
683.2293647364736 2.6786267277523155e-19
683.328293729373 2.678326260995326e-19
683.4272227222722 2.6780258669748896e-19
683.5261517151715 2.6777255456639544e-19
683.6250807080708 2.6774252970354765e-19
683.7240097009701 2.6771251210624314e-19
683.8229386938693 2.676825017717806e-19
683.9218676867687 2.6765249869745993e-19
684.0207966796679 2.6762250288058252e-19
684.1197256725673 2.675925143184511e-19
684.2186546654665 2.6756253300836977e-19
684.3175836583658 2.675325589476439e-19
684.4165126512651 2.6750259213358034e-19
684.5154416441644 2.6747263256348685e-19
684.6143706370636 2.674426802346734e-19
684.713299629963 2.6741273514445055e-19
684.8122286228622 2.673827972901305e-19
684.9111576157616 2.673528666690264e-19
685.0100866086608 2.673229432784536e-19
685.1090156015601 2.6729302711572786e-19
685.2079445944594 2.6726311817816688e-19
685.3068735873587 2.672332164630896e-19
685.405802580258 2.67203321967816e-19
685.5047315731573 2.671734346896677e-19
685.6036605660565 2.6714355462596756e-19
685.7025895589559 2.671136817740397e-19
685.8015185518551 2.6708381613120996e-19
685.9004475447545 2.670539576948049e-19
685.9993765376537 2.6702410646215273e-19
686.098305530553 2.6699426243058315e-19
686.1972345234523 2.6696442559742706e-19
686.2961635163516 2.669345959600164e-19
686.3950925092508 2.6690477351568507e-19
686.4940215021502 2.668749582617675e-19
686.5929504950494 2.668451501956002e-19
686.6918794879488 2.6681534931452065e-19
686.790808480848 2.667855556158677e-19
686.8897374737473 2.667557690969814e-19
686.9886664666466 2.6672598975520336e-19
687.0875954595459 2.6669621758787636e-19
687.1865244524452 2.666664525923446e-19
687.2854534453445 2.6663669476595353e-19
687.3843824382437 2.6660694410604994e-19
687.4833114311431 2.665772006099819e-19
687.5822404240423 2.6654746427509896e-19
687.6811694169417 2.6651773509875173e-19
687.7800984098409 2.6648801307829236e-19
687.8790274027402 2.664582982110743e-19
687.9779563956395 2.6642859049445216e-19
688.0768853885388 2.6639888992578205e-19
688.1758143814382 2.663691965024213e-19
688.2747433743374 2.663395102217286e-19
688.3736723672367 2.663098310810637e-19
688.472601360136 2.6628015907778833e-19
688.5715303530353 2.6625049420926467e-19
688.6704593459345 2.662208364728568e-19
688.7693883388339 2.6619118586593e-19
688.8683173317331 2.6616154238585076e-19
688.9672463246325 2.661319060299867e-19
689.0661753175317 2.661022767957074e-19
689.165104310431 2.6607265468038283e-19
689.2640333033303 2.6604303968138523e-19
689.3629622962296 2.660134317960874e-19
689.4618912891289 2.6598383102186364e-19
689.5608202820282 2.6595423735609e-19
689.6597492749274 2.6592465079614293e-19
689.7586782678268 2.6589507133940125e-19
689.857607260726 2.658654989832442e-19
689.9565362536254 2.6583593372505284e-19
690.0554652465246 2.658063755622092e-19
690.1543942394239 2.657768244920969e-19
690.2533232323232 2.657472805121007e-19
690.3522522252225 2.657177436196067e-19
690.4511812181217 2.656882138120023e-19
690.5501102110211 2.6565869108667605e-19
690.6490392039203 2.656291754410181e-19
690.7479681968197 2.6559966687241965e-19
690.8468971897189 2.6557016537827314e-19
690.9458261826182 2.655406709559726e-19
691.0447551755175 2.6551118360291324e-19
691.1436841684168 2.6548170331649127e-19
691.2426131613161 2.654522300941045e-19
691.3415421542154 2.6542276393315195e-19
691.4404711471146 2.65393304831034e-19
691.539400140014 2.653638527851522e-19
691.6383291329132 2.653344077929095e-19
691.7372581258126 2.6530496985170995e-19
691.8361871187118 2.652755389589591e-19
691.9351161116111 2.6524611511206363e-19
692.0340451045104 2.652166983084317e-19
692.1329740974097 2.6518728854547245e-19
692.231903090309 2.651578858205966e-19
692.3308320832083 2.651284901312159e-19
692.4297610761075 2.650991014747436e-19
692.5286900690069 2.6506971984859415e-19
692.6276190619061 2.6504034525018332e-19
692.7265480548054 2.6501097767692794e-19
692.8254770477047 2.6498161712624627e-19
692.924406040604 2.64952263595558e-19
693.0233350335033 2.649229170822841e-19
693.1222640264026 2.6489357758384634e-19
693.2211930193018 2.648642450976682e-19
693.3201220122012 2.6483491962117427e-19
693.4190510051004 2.648056011517907e-19
693.5179799979998 2.6477628968694447e-19
693.6169089908991 2.6474698522406425e-19
693.7158379837983 2.6471768776057973e-19
693.8147669766977 2.6468839729392165e-19
693.9136959695969 2.646591138215226e-19
694.0126249624963 2.6462983734081603e-19
694.1115539553955 2.646005678492367e-19
694.2104829482948 2.6457130534422074e-19
694.3094119411941 2.645420498232056e-19
694.4083409340934 2.645128012836295e-19
694.5072699269926 2.6448355972293286e-19
694.606198919892 2.644543251385563e-19
694.7051279127912 2.644250975279427e-19
694.8040569056906 2.643958768885354e-19
694.9029858985898 2.643666632177795e-19
695.0019148914892 2.6433745651312104e-19
695.1008438843884 2.643082567720076e-19
695.1997728772877 2.6427906399188786e-19
695.298701870187 2.6424987817021167e-19
695.3976308630863 2.642206993044303e-19
695.4965598559855 2.6419152739199635e-19
695.5954888488849 2.641623624303634e-19
695.6944178417841 2.641332044169866e-19
695.7933468346835 2.64104053349322e-19
695.8922758275827 2.640749092248273e-19
695.991204820482 2.6404577204096104e-19
696.0901338133813 2.6401664179518332e-19
696.1890628062806 2.639875184849554e-19
696.2879917991798 2.6395840210773986e-19
696.3869207920792 2.6392929266100045e-19
696.4858497849784 2.63900190142202e-19
696.5847787778778 2.638710945488109e-19
696.683707770777 2.6384200587829454e-19
696.7826367636764 2.638129241281218e-19
696.8815657565756 2.637838492957627e-19
696.9804947494749 2.6375478137868815e-19
697.0794237423742 2.637257203743711e-19
697.1783527352735 2.63696666280285e-19
697.2772817281727 2.6366761909390467e-19
697.3762107210721 2.636385788127066e-19
697.4751397139713 2.6360954543416826e-19
697.5740687068707 2.6358051895576804e-19
697.6729976997699 2.635514993749862e-19
697.7719266926692 2.635224866893037e-19
697.8708556855685 2.63493480896203e-19
697.9697846784678 2.6346448199316774e-19
698.068713671367 2.63435489977683e-19
698.1676426642664 2.634065048472345e-19
698.2665716571656 2.633775265993099e-19
698.365500650065 2.6334855523139764e-19
698.4644296429642 2.633195907409877e-19
698.5633586358636 2.6329063312557093e-19
698.6622876287628 2.6326168238263966e-19
698.7612166216621 2.6323273850968766e-19
698.8601456145614 2.632038015042094e-19
698.9590746074607 2.6317487136370094e-19
699.0580036003599 2.6314594808565937e-19
699.1569325932593 2.631170316675833e-19
699.2558615861586 2.6308812210697237e-19
699.3547905790579 2.630592194013275e-19
699.4537195719572 2.630303235481506e-19
699.5526485648564 2.6300143454494524e-19
699.6515775577558 2.629725523892158e-19
699.750506550655 2.629436770784683e-19
699.8494355435544 2.6291480861020945e-19
699.9483645364536 2.6288594698194784e-19
700.0472935293529 2.628570921911926e-19
700.1462225222522 2.6282824423545463e-19
700.2451515151515 2.627994031122456e-19
700.3440805080508 2.6277056881907902e-19
700.4430095009501 2.627417413534688e-19
700.5419384938493 2.6271292071293064e-19
700.6408674867487 2.626841068949814e-19
700.7397964796479 2.62655299897139e-19
700.8387254725473 2.6262649971692255e-19
700.9376544654465 2.625977063518526e-19
701.0365834583458 2.625689197994508e-19
701.1355124512451 2.6254014005723987e-19
701.2344414441444 2.625113671227439e-19
701.3333704370436 2.624826009934883e-19
701.432299429943 2.624538416669994e-19
701.5312284228422 2.6242508914080487e-19
701.6301574157416 2.6239634341243374e-19
701.7290864086408 2.6236760447941593e-19
701.8280154015401 2.6233887233928304e-19
701.9269443944394 2.6231014698956727e-19
702.0258733873387 2.6228142842780257e-19
702.124802380238 2.622527166515238e-19
702.2237313731373 2.622240116582671e-19
702.3226603660365 2.621953134455699e-19
702.4215893589359 2.621666220109706e-19
702.5205183518351 2.621379373520091e-19
702.6194473447345 2.621092594662261e-19
702.7183763376337 2.6208058835116416e-19
702.817305330533 2.6205192400436634e-19
702.9162343234323 2.6202326642337727e-19
703.0151633163316 2.619946156057427e-19
703.1140923092308 2.6196597154900954e-19
703.2130213021302 2.6193733425072615e-19
703.3119502950294 2.619087037084416e-19
703.4108792879288 2.618800799197066e-19
703.509808280828 2.6185146288207287e-19
703.6087372737273 2.6182285259309333e-19
703.7076662666266 2.6179424905032215e-19
703.8065952595259 2.6176565225131457e-19
703.9055242524252 2.6173706219362714e-19
704.0044532453245 2.617084788748176e-19
704.1033822382237 2.6167990229244484e-19
704.2023112311231 2.6165133244406894e-19
704.3012402240223 2.616227693272512e-19
704.4001692169217 2.615942129395541e-19
704.4990982098209 2.615656632785412e-19
704.5980272027202 2.6153712034177736e-19
704.6969561956196 2.615085841268288e-19
704.7958851885188 2.614800546312626e-19
704.8948141814182 2.614515318526471e-19
704.9937431743174 2.61423015788552e-19
705.0926721672167 2.6139450643654796e-19
705.191601160116 2.613660037942071e-19
705.2905301530153 2.6133750785910236e-19
705.3894591459145 2.6130901862880824e-19
705.4883881388139 2.612805361009002e-19
705.5873171317131 2.6125206027295477e-19
705.6862461246125 2.6122359114255e-19
705.7851751175117 2.611951287072648e-19
705.884104110411 2.6116667296467944e-19
705.9830331033103 2.611382239123754e-19
706.0819620962096 2.611097815479351e-19
706.1808910891089 2.6108134586894237e-19
706.2798200820082 2.61052916872982e-19
706.3787490749074 2.610244945576405e-19
706.4776780678068 2.609960789205046e-19
706.576607060706 2.6096766995916305e-19
706.6755360536054 2.6093926767120544e-19
706.7744650465046 2.6091087205422263e-19
706.8733940394039 2.6088248310580634e-19
706.9723230323032 2.608541008235499e-19
707.0712520252025 2.6082572520504753e-19
707.1701810181017 2.6079735624789476e-19
707.2691100110011 2.6076899394968825e-19
707.3680390039003 2.6074063830802554e-19
707.4669679967997 2.6071228932050592e-19
707.5658969896989 2.6068394698472954e-19
707.6648259825982 2.6065561129829746e-19
707.7637549754975 2.6062728225881227e-19
707.8626839683968 2.6059895986387754e-19
707.961612961296 2.6057064411109815e-19
708.0605419541954 2.6054233499808015e-19
708.1594709470946 2.605140325224304e-19
708.258399939994 2.6048573668175735e-19
708.3573289328932 2.604574474736704e-19
708.4562579257926 2.6042916489578017e-19
708.5551869186918 2.6040088894569834e-19
708.6541159115911 2.6037261962103805e-19
708.7530449044904 2.6034435691941304e-19
708.8519738973897 2.603161008384388e-19
708.950902890289 2.6028785137573164e-19
709.0498318831883 2.6025960852890915e-19
709.1487608760875 2.6023137229558997e-19
709.2476898689869 2.602031426733938e-19
709.3466188618861 2.60174919659942e-19
709.4455478547854 2.6014670325285644e-19
709.5444768476847 2.601184934497606e-19
709.643405840584 2.6009029024827884e-19
709.7423348334833 2.600620936460367e-19
709.8412638263826 2.60033903640661e-19
709.9401928192818 2.6000572022977986e-19
710.0391218121812 2.599775434110221e-19
710.1380508050804 2.59949373182018e-19
710.2369797979798 2.5992120954039888e-19
710.3359087908791 2.5989305248379724e-19
710.4348377837783 2.5986490200984683e-19
710.5337667766777 2.5983675811618245e-19
710.6326957695769 2.598086208004398e-19
710.7316247624763 2.597804900602562e-19
710.8305537553755 2.597523658932697e-19
710.9294827482748 2.597242482971197e-19
711.0284117411741 2.596961372694469e-19
711.1273407340734 2.596680328078927e-19
711.2262697269726 2.5963993491010003e-19
711.325198719872 2.596118435737127e-19
711.4241277127712 2.5958375879637595e-19
711.5230567056706 2.595556805757358e-19
711.6219856985698 2.5952760890943963e-19
711.7209146914691 2.594995437951361e-19
711.8198436843684 2.5947148523047437e-19
711.9187726772677 2.5944343321310573e-19
712.017701670167 2.594153877406818e-19
712.1166306630663 2.593873488108556e-19
712.2155596559655 2.593593164212812e-19
712.3144886488649 2.593312905696141e-19
712.4134176417641 2.5930327125351067e-19
712.5123466346635 2.592752584706283e-19
712.6112756275627 2.592472522186257e-19
712.710204620462 2.592192524951627e-19
712.8091336133613 2.5919125929790037e-19
712.9080626062606 2.5916327262450044e-19
713.0069915991598 2.591352924726266e-19
713.1059205920592 2.5910731883994266e-19
713.2048495849584 2.5907935172411438e-19
713.3037785778578 2.590513911228083e-19
713.402707570757 2.5902343703369186e-19
713.5016365636563 2.5899548945443424e-19
713.6005655565556 2.5896754838270526e-19
713.6994945494549 2.589396138161758e-19
713.7984235423542 2.589116857525183e-19
713.8973525352535 2.588837641894059e-19
713.9962815281527 2.588558491245129e-19
714.0952105210521 2.5882794055551526e-19
714.1941395139513 2.588000384800895e-19
714.2930685068507 2.587721428959131e-19
714.3919974997499 2.587442538006654e-19
714.4909264926492 2.5871637119202615e-19
714.5898554855485 2.5868849506767666e-19
714.6887844784478 2.586606254252989e-19
714.787713471347 2.586327622625766e-19
714.8866424642464 2.5860490557719407e-19
714.9855714571456 2.585770553668369e-19
715.084500450045 2.585492116291918e-19
715.1834294429442 2.585213743619468e-19
715.2823584358435 2.5849354356279065e-19
715.3812874287428 2.584657192294133e-19
715.4802164216421 2.5843790135950607e-19
715.5791454145414 2.5841008995076137e-19
715.6780744074407 2.583822850008722e-19
715.77700340034 2.5835448650753346e-19
715.8759323932393 2.5832669446844053e-19
715.9748613861386 2.582989088812901e-19
716.0737903790379 2.5827112974378004e-19
716.1727193719372 2.582433570536093e-19
716.2716483648364 2.582155908084779e-19
716.3705773577358 2.5818783100608686e-19
716.469506350635 2.5816007764413864e-19
716.5684353435344 2.581323307203364e-19
716.6673643364336 2.581045902323846e-19
716.7662933293329 2.580768561779887e-19
716.8652223222322 2.580491285548556e-19
716.9641513151315 2.580214073606929e-19
717.0630803080307 2.5799369259320936e-19
717.1620093009301 2.57965984250115e-19
717.2609382938293 2.57938282329121e-19
717.3598672867287 2.5791058682793923e-19
717.4587962796279 2.5788289774428323e-19
717.5577252725273 2.578552150758671e-19
717.6566542654265 2.5782753882040636e-19
717.7555832583258 2.577998689756175e-19
717.8545122512251 2.5777220553921824e-19
717.9534412441244 2.577445485089272e-19
718.0523702370236 2.5771689788246423e-19
718.151299229923 2.5768925365755025e-19
718.2502282228222 2.5766161583190727e-19
718.3491572157216 2.576339844032584e-19
718.4480862086208 2.576063593693277e-19
718.5470152015201 2.5757874072784043e-19
718.6459441944194 2.575511284765232e-19
718.7448731873187 2.5752352261310317e-19
718.843802180218 2.57495923135309e-19
718.9427311731173 2.5746833004087034e-19
719.0416601660165 2.574407433275179e-19
719.1405891589159 2.5741316299298325e-19
719.2395181518151 2.5738558903499977e-19
719.3384471447145 2.573580214513009e-19
719.4373761376137 2.57330460239622e-19
719.536305130513 2.5730290539769915e-19
719.6352341234123 2.5727535692326965e-19
719.7341631163116 2.572478148140716e-19
719.8330921092108 2.572202790678444e-19
719.9320211021102 2.571927496823287e-19
720.0309500950094 2.5716522665526584e-19
720.1298790879088 2.5713770998439866e-19
720.228808080808 2.571101996674708e-19
720.3277370737073 2.570826957022269e-19
720.4266660666066 2.5705519808641294e-19
720.5255950595059 2.5702770681777585e-19
720.6245240524051 2.570002218940636e-19
720.7234530453045 2.569727433130253e-19
720.8223820382037 2.569452710724112e-19
720.9213110311031 2.569178051699725e-19
721.0202400240023 2.5689034560346134e-19
721.1191690169017 2.568628923706314e-19
721.2180980098009 2.5683544546923704e-19
721.3170270027002 2.5680800489703356e-19
721.4159559955996 2.5678057065177785e-19
721.5148849884988 2.567531427312276e-19
721.6138139813982 2.567257211331413e-19
721.7127429742974 2.566983058552789e-19
721.8116719671967 2.5667089689540143e-19
721.910600960096 2.566434942512706e-19
722.0095299529953 2.566160979206496e-19
722.1084589458945 2.565887079013024e-19
722.2073879387939 2.5656132419099436e-19
722.3063169316931 2.565339467874914e-19
722.4052459245925 2.5650657568856095e-19
722.5041749174917 2.564792108919715e-19
722.603103910391 2.564518523954922e-19
722.7020329032903 2.5642450019689376e-19
722.8009618961896 2.5639715429394753e-19
722.8998908890889 2.5636981468442623e-19
722.9988198819882 2.5634248136610344e-19
723.0977488748874 2.5631515433675414e-19
723.1966778677868 2.562878335941537e-19
723.295606860686 2.5626051913607913e-19
723.3945358535854 2.562332109603084e-19
723.4934648464846 2.5620590906462065e-19
723.5923938393839 2.5617861344679536e-19
723.6913228322832 2.561513241046141e-19
723.7902518251825 2.5612404103585877e-19
723.8891808180817 2.560967642383126e-19
723.9881098109811 2.5606949370975983e-19
724.0870388038803 2.5604222944798586e-19
724.1859677967797 2.5601497145077686e-19
724.2848967896789 2.5598771971592027e-19
724.3838257825782 2.559604742412046e-19
724.4827547754775 2.5593323502441943e-19
724.5816837683768 2.559060020633551e-19
724.680612761276 2.5587877535580343e-19
724.7795417541754 2.55851554899557e-19
724.8784707470746 2.558243406924094e-19
724.977399739974 2.557971327321555e-19
725.0763287328732 2.5576993101659124e-19
725.1752577257726 2.557427355435132e-19
725.2741867186718 2.5571554631071943e-19
725.3731157115711 2.5568836331600867e-19
725.4720447044704 2.5566118655718135e-19
725.5709736973697 2.556340160320381e-19
725.6699026902689 2.5560685173838107e-19
725.7688316831683 2.5557969367401353e-19
725.8677606760675 2.5555254183673957e-19
725.9666896689669 2.5552539622436433e-19
726.0656186618661 2.554982568346941e-19
726.1645476547654 2.554711236655362e-19
726.2634766476647 2.55443996714699e-19
726.362405640564 2.5541687597999173e-19
726.4613346334633 2.5538976145922496e-19
726.5602636263626 2.5536265315021006e-19
726.6591926192618 2.5533555105075947e-19
726.7581216121612 2.5530845515868678e-19
726.8570506050604 2.552813654718066e-19
726.9559795979598 2.5525428198793434e-19
727.0549085908591 2.552272047048868e-19
727.1538375837583 2.5520013362048168e-19
727.2527665766577 2.551730687325375e-19
727.3516955695569 2.551460100388742e-19
727.4506245624563 2.5511895753731235e-19
727.5495535553555 2.550919112256739e-19
727.6484825482548 2.550648711017816e-19
727.7474115411541 2.550378371634594e-19
727.8463405340534 2.5501080940853217e-19
727.9452695269526 2.5498378783482585e-19
728.044198519852 2.549567724401673e-19
728.1431275127512 2.5492976322238465e-19
728.2420565056506 2.5490276017930665e-19
728.3409854985498 2.5487576330876364e-19
728.4399144914491 2.5484877260858654e-19
728.5388434843484 2.5482178807660746e-19
728.6377724772477 2.5479480971065955e-19
728.736701470147 2.54767837508577e-19
728.8356304630463 2.547408714681947e-19
728.9345594559455 2.547139115873494e-19
729.0334884488449 2.5468695786387766e-19
729.1324174417441 2.546600102956182e-19
729.2313464346435 2.546330688804099e-19
729.3302754275427 2.546061336160936e-19
729.429204420442 2.5457920450051e-19
729.5281334133413 2.545522815315018e-19
729.6270624062406 2.545253647069122e-19
729.7259913991398 2.544984540245857e-19
729.8249203920392 2.544715494823675e-19
729.9238493849384 2.54444651078104e-19
730.0227783778378 2.544177588096429e-19
730.121707370737 2.5439087267483224e-19
730.2206363636363 2.543639926715218e-19
730.3195653565356 2.543371187975618e-19
730.4184943494349 2.543102510508039e-19
730.5174233423342 2.5428338942910055e-19
730.6163523352335 2.542565339303052e-19
730.7152813281327 2.5422968455227246e-19
730.8142103210321 2.542028412928576e-19
730.9131393139313 2.541760041499177e-19
731.0120683068307 2.5414917312130986e-19
731.1109972997299 2.5412234820489276e-19
731.2099262926292 2.54095529398526e-19
731.3088552855285 2.5406871670007013e-19
731.4077842784278 2.5404191010738693e-19
731.506713271327 2.5401510961833886e-19
731.6056422642264 2.5398831523078944e-19
731.7045712571256 2.5396152694260333e-19
731.803500250025 2.5393474475164647e-19
731.9024292429242 2.53907968655785e-19
732.0013582358235 2.5388119865288687e-19
732.1002872287228 2.5385443474082075e-19
732.1992162216221 2.5382767691745615e-19
732.2981452145214 2.538009251806637e-19
732.3970742074207 2.537741795283152e-19
732.49600320032 2.537474399582831e-19
732.5949321932193 2.5372070646844137e-19
732.6938611861186 2.536939790566643e-19
732.7927901790179 2.536672577208279e-19
732.8917191719172 2.536405424588085e-19
732.9906481648164 2.5361383326848404e-19
733.0895771577158 2.5358713014773295e-19
733.188506150615 2.5356043309443516e-19
733.2874351435144 2.535337421064711e-19
733.3863641364136 2.535070571817225e-19
733.4852931293129 2.5348037831807197e-19
733.5842221222122 2.534537055134032e-19
733.6831511151115 2.5342703876560065e-19
733.7820801080107 2.5340037807255034e-19
733.8810091009101 2.5337372343213855e-19
733.9799380938093 2.5334707484225303e-19
734.0788670867087 2.5332043230078236e-19
734.1777960796079 2.5329379580561633e-19
734.2767250725072 2.5326716535464515e-19
734.3756540654065 2.532405409457608e-19
734.4745830583058 2.5321392257685567e-19
734.5735120512051 2.531873102458233e-19
734.6724410441044 2.5316070395055837e-19
734.7713700370036 2.531341036889564e-19
734.870299029903 2.5310750945891384e-19
734.9692280228022 2.530809212583284e-19
735.0681570157016 2.5305433908509836e-19
735.1670860086008 2.5302776293712337e-19
735.2660150015001 2.5300119281230385e-19
735.3649439943994 2.529746287085413e-19
735.4638729872987 2.529480706237381e-19
735.562801980198 2.529215185557979e-19
735.6617309730973 2.5289497250262487e-19
735.7606599659965 2.5286843246212464e-19
735.8595889588959 2.5284189843220337e-19
735.9585179517951 2.5281537041076853e-19
736.0574469446944 2.5278884839572857e-19
736.1563759375937 2.527623323849928e-19
736.255304930493 2.527358223764713e-19
736.3542339233923 2.5270931836807564e-19
736.4531629162916 2.5268282035771793e-19
736.5520919091908 2.5265632834331155e-19
736.6510209020902 2.5262984232277067e-19
736.7499498949894 2.5260336229401038e-19
736.8488788878888 2.5257688825494705e-19
736.947807880788 2.525504202034977e-19
737.0467368736873 2.525239581375806e-19
737.1456658665866 2.524975020551147e-19
737.2445948594859 2.5247105195402013e-19
737.3435238523851 2.524446078322181e-19
737.4424528452845 2.5241816968763038e-19
737.5413818381837 2.523917375181802e-19
737.6403108310831 2.5236531132179135e-19
737.7392398239823 2.52338891096389e-19
737.8381688168816 2.5231247683989875e-19
737.9370978097809 2.522860685502478e-19
738.0360268026802 2.5225966622536383e-19
738.1349557955796 2.5223326986317573e-19
738.2338847884788 2.522068794616134e-19
738.3328137813781 2.5218049501860736e-19
738.4317427742774 2.5215411653208947e-19
738.5306717671767 2.5212774399999254e-19
738.629600760076 2.521013774202501e-19
738.7285297529753 2.520750167907967e-19
738.8274587458745 2.520486621095682e-19
738.9263877387739 2.5202231337450087e-19
739.0253167316731 2.5199597058353243e-19
739.1242457245725 2.5196963373460136e-19
739.2231747174717 2.51943302825647e-19
739.322103710371 2.5191697785460976e-19
739.4210327032703 2.5189065881943126e-19
739.5199616961696 2.5186434571805346e-19
739.6188906890688 2.5183803854842e-19
739.7178196819682 2.5181173730847505e-19
739.8167486748674 2.517854419961637e-19
739.9156776677668 2.517591526094321e-19
740.014606660666 2.5173286914622757e-19
740.1135356535654 2.517065916044982e-19
740.2124646464646 2.516803199821929e-19
740.3113936393639 2.5165405427726176e-19
740.4103226322632 2.516277944876558e-19
740.5092516251625 2.5160154061132675e-19
740.6081806180617 2.5157529264622775e-19
740.7071096109611 2.515490505903124e-19
740.8060386038603 2.5152281444153557e-19
740.9049675967597 2.514965841978531e-19
741.0038965896589 2.514703598572215e-19
741.1028255825582 2.514441414175986e-19
741.2017545754575 2.5141792887694283e-19
741.3006835683568 2.5139172223321366e-19
741.399612561256 2.51365521484372e-19
741.4985415541554 2.5133932662837876e-19
741.5974705470546 2.5131313766319677e-19
741.696399539954 2.512869545867892e-19
741.7953285328532 2.5126077739712038e-19
741.8942575257526 2.5123460609215553e-19
741.9931865186518 2.512084406698607e-19
742.0921155115511 2.511822811282033e-19
742.1910445044504 2.511561274651513e-19
742.2899734973497 2.511299796786736e-19
742.3889024902489 2.511038377667403e-19
742.4878314831483 2.5107770172732234e-19
742.5867604760475 2.5105157155839166e-19
742.6856894689469 2.510254472579208e-19
742.7846184618461 2.509993288238836e-19
742.8835474547454 2.5097321625425497e-19
742.9824764476447 2.509471095470103e-19
743.081405440544 2.5092100870012636e-19
743.1803344334432 2.508949137115805e-19
743.2792634263426 2.508688245793512e-19
743.3781924192418 2.5084274130141797e-19
743.4771214121412 2.5081666387576102e-19
743.5760504050405 2.5079059230036165e-19
743.6749793979398 2.507645265732022e-19
743.7739083908391 2.507384666922657e-19
743.8728373837383 2.507124126555361e-19
743.9717663766377 2.506863644609987e-19
744.0706953695369 2.5066032210663935e-19
744.1696243624363 2.506342855904449e-19
744.2685533553355 2.506082549104031e-19
744.3674823482348 2.5058223006450293e-19
744.4664113411341 2.505562110507339e-19
744.5653403340334 2.5053019786708684e-19
744.6642693269326 2.5050419051155317e-19
744.763198319832 2.504781889821253e-19
744.8621273127312 2.5045219327679685e-19
744.9610563056306 2.50426203393562e-19
745.0599852985298 2.5040021933041613e-19
745.1589142914291 2.5037424108535556e-19
745.2578432843284 2.5034826865637727e-19
745.3567722772277 2.503223020414794e-19
745.455701270127 2.5029634123866086e-19
745.5546302630263 2.502703862459218e-19
745.6535592559255 2.502444370612628e-19
745.7524882488249 2.5021849368268593e-19
745.8514172417241 2.5019255610819365e-19
745.9503462346235 2.5016662433578985e-19
746.0492752275227 2.5014069836347887e-19
746.148204220422 2.501147781892662e-19
746.2471332133213 2.500888638111585e-19
746.3460622062206 2.500629552271627e-19
746.4449911991198 2.500370524352875e-19
746.5439201920192 2.500111554335418e-19
746.6428491849184 2.4998526421993585e-19
746.7417781778178 2.499593787924804e-19
746.840707170717 2.499334991491877e-19
746.9396361636163 2.4990762528807054e-19
747.0385651565156 2.498817572071427e-19
747.1374941494149 2.4985589490441865e-19
747.2364231423142 2.4983003837791423e-19
747.3353521352135 2.498041876256462e-19
747.4342811281127 2.4977834264563165e-19
747.5332101210121 2.4975250343588887e-19
747.6321391139113 2.4972666999443756e-19
747.7310681068107 2.497008423192977e-19
747.8299970997099 2.4967502040849046e-19
747.9289260926092 2.4964920426003765e-19
748.0278550855085 2.496233938719627e-19
748.1267840784078 2.4959758924228896e-19
748.225713071307 2.495717903690415e-19
748.3246420642064 2.495459972502459e-19
748.4235710571056 2.495202098839289e-19
748.522500050005 2.4949442826811786e-19
748.6214290429042 2.4946865240084127e-19
748.7203580358035 2.4944288228012854e-19
748.8192870287028 2.494171179040098e-19
748.9182160216021 2.4939135927051604e-19
749.0171450145014 2.493656063776798e-19
749.1160740074007 2.4933985922353366e-19
749.2150030003 2.493141178061116e-19
749.3139319931993 2.4928838212344853e-19
749.4128609860986 2.4926265217358003e-19
749.5117899789979 2.492369279545427e-19
749.6107189718972 2.49211209464374e-19
749.7096479647964 2.491854967011125e-19
749.8085769576958 2.4915978966279743e-19
749.907505950595 2.491340883474689e-19
750.0064349434944 2.491083927531682e-19
750.1053639363936 2.490827028779373e-19
750.2042929292929 2.490570187198192e-19
750.3032219221922 2.4903134027685767e-19
750.4021509150915 2.490056675470974e-19
750.5010799079907 2.4898000052858406e-19
750.6000089008901 2.489543392193642e-19
750.6989378937893 2.489286836174852e-19
750.7978668866887 2.4890303372099556e-19
750.8967958795879 2.4887738952794444e-19
750.9957248724872 2.4885175103638185e-19
751.0946538653865 2.4882611824435904e-19
751.1935828582858 2.4880049114992774e-19
751.292511851185 2.4877486975114094e-19
751.3914408440844 2.487492540460523e-19
751.4903698369836 2.487236440327162e-19
751.589298829883 2.486980397091887e-19
751.6882278227822 2.4867244107352574e-19
751.7871568156816 2.486468481237848e-19
751.8860858085808 2.486212608580242e-19
751.9850148014801 2.485956792743026e-19
752.0839437943794 2.4857010337068046e-19
752.1828727872787 2.4854453314521853e-19
752.281801780178 2.4851896859597847e-19
752.3807307730773 2.484934097210229e-19
752.4796597659765 2.4846785651841563e-19
752.5785887588759 2.484423089862209e-19
752.6775177517751 2.4841676712250407e-19
752.7764467446744 2.4839123092533127e-19
752.8753757375737 2.483657003927699e-19
752.974304730473 2.483401755228877e-19
753.0732337233723 2.4831465631375365e-19
753.1721627162716 2.4828914276343753e-19
753.2710917091708 2.482636348700099e-19
753.3700207020702 2.4823813263154245e-19
753.4689496949694 2.4821263604610745e-19
753.5678786878688 2.4818714511177847e-19
753.666807680768 2.4816165982662947e-19
753.7657366736673 2.481361801887356e-19
753.8646656665666 2.4811070619617307e-19
753.9635946594659 2.4808523784701822e-19
754.0625236523651 2.480597751393493e-19
754.1614526452645 2.480343180712446e-19
754.2603816381637 2.480088666407838e-19
754.3593106310631 2.4798342084604716e-19
754.4582396239623 2.479579806851159e-19
754.5571686168616 2.4793254615607247e-19
754.656097609761 2.4790711725699947e-19
754.7550266026602 2.478816939859811e-19
754.8539555955596 2.4785627634110204e-19
754.9528845884588 2.47830864320448e-19
755.0518135813581 2.478054579221054e-19
755.1507425742574 2.4778005714416177e-19
755.2496715671567 2.477546619847054e-19
755.348600560056 2.477292724418254e-19
755.4475295529553 2.4770388851361176e-19
755.5464585458545 2.476785101981554e-19
755.6453875387539 2.4765313749354824e-19
755.7443165316531 2.4762777039788276e-19
755.8432455245525 2.476024089092527e-19
755.9421745174517 2.475770530257523e-19
756.041103510351 2.4755170274547696e-19
756.1400325032503 2.475263580665226e-19
756.2389614961496 2.475010189869867e-19
756.3378904890488 2.4747568550496683e-19
756.4368194819482 2.474503576185618e-19
756.5357484748474 2.474250353258712e-19
756.6346774677468 2.4739971862499566e-19
756.733606460646 2.473744075140365e-19
756.8325354535453 2.4734910199109587e-19
756.9314644464446 2.473238020542771e-19
757.0303934393439 2.472985077016839e-19
757.1293224322432 2.472732189314215e-19
757.2282514251425 2.4724793574159516e-19
757.3271804180417 2.472226581303118e-19
757.4261094109411 2.471973860956787e-19
757.5250384038403 2.471721196358042e-19
757.6239673967397 2.471468587487976e-19
757.7228963896389 2.4712160343276877e-19
757.8218253825382 2.470963536858287e-19
757.9207543754375 2.4707110950608904e-19
758.0196833683368 2.4704587089166254e-19
758.118612361236 2.470206378406628e-19
758.2175413541354 2.469954103512039e-19
758.3164703470346 2.4697018842140117e-19
758.415399339934 2.4694497204937083e-19
758.5143283328332 2.469197612332297e-19
758.6132573257325 2.4689455597109534e-19
758.7121863186318 2.4686935626108686e-19
758.8111153115311 2.4684416210132345e-19
758.9100443044304 2.4681897348992553e-19
759.0089732973297 2.467937904250144e-19
759.1079022902289 2.467686129047122e-19
759.2068312831283 2.4674344092714167e-19
759.3057602760275 2.4671827449042673e-19
759.4046892689269 2.4669311359269204e-19
759.5036182618261 2.4666795823206304e-19
759.6025472547254 2.466428084066662e-19
759.7014762476247 2.466176641146287e-19
759.800405240524 2.4659252535407848e-19
759.8993342334232 2.4656739212314475e-19
759.9982632263226 2.4654226441995694e-19
760.0971922192218 2.46517142242646e-19
760.1961212121212 2.4649202558934324e-19
760.2950502050205 2.46466914458181e-19
760.3939791979197 2.4644180884729243e-19
760.4929081908191 2.464167087548118e-19
760.5918371837183 2.4639161417887356e-19
760.6907661766177 2.463665251176138e-19
760.7896951695169 2.463414415691691e-19
760.8886241624162 2.463163635316766e-19
760.9875531553155 2.4629129100327484e-19
761.0864821482148 2.462662239821029e-19
761.1854111411141 2.4624116246630056e-19
761.2843401340134 2.4621610645400907e-19
761.3832691269126 2.4619105594336965e-19
761.482198119812 2.4616601093252513e-19
761.5811271127112 2.461409714196186e-19
761.6800561056106 2.461159374027944e-19
761.7789850985098 2.460909088801976e-19
761.8779140914091 2.4606588584997405e-19
761.9768430843084 2.4604086831027045e-19
762.0757720772077 2.460158562592343e-19
762.174701070107 2.459908496950143e-19
762.2736300630063 2.4596584861575925e-19
762.3725590559055 2.459408530196197e-19
762.4714880488049 2.4591586290474643e-19
762.5704170417041 2.458908782692911e-19
762.6693460346034 2.4586589911140653e-19
762.7682750275027 2.45840925429246e-19
762.867204020402 2.458159572209639e-19
762.9661330133013 2.457909944847153e-19
763.0650620062006 2.4576603721865623e-19
763.1639909990998 2.457410854209435e-19
763.2629199919992 2.457161390897347e-19
763.3618489848984 2.456911982231885e-19
763.4607779777978 2.4566626281946385e-19
763.559706970697 2.4564133287672137e-19
763.6586359635963 2.456164083931216e-19
763.7575649564956 2.455914893668267e-19
763.8564939493949 2.4556657579599905e-19
763.9554229422941 2.455416676788025e-19
764.0543519351935 2.4551676501340105e-19
764.1532809280927 2.4549186779795997e-19
764.2522099209921 2.4546697603064517e-19
764.3511389138913 2.454420897096237e-19
764.4500679067907 2.4541720883306295e-19
764.5489968996899 2.453923333991316e-19
764.6479258925892 2.453674634059988e-19
764.7468548854885 2.453425988518348e-19
764.8457838783878 2.453177397348105e-19
764.944712871287 2.4529288605309787e-19
765.0436418641864 2.452680378048693e-19
765.1425708570856 2.452431949882984e-19
765.241499849985 2.4521835760155943e-19
765.3404288428842 2.451935256428275e-19
765.4393578357835 2.451686991102785e-19
765.5382868286828 2.4514387800208905e-19
765.6372158215821 2.451190623164372e-19
765.7361448144815 2.4509425205150083e-19
765.8350738073807 2.4506944720545957e-19
765.93400280028 2.450446477764933e-19
766.0329317931793 2.4501985376278295e-19
766.1318607860786 2.4499506516251013e-19
766.2307897789779 2.4497028197385756e-19
766.3297187718772 2.4494550419500853e-19
766.4286477647764 2.4492073182414715e-19
766.5275767576758 2.4489596485945837e-19
766.626505750575 2.448712032991281e-19
766.7254347434744 2.44846447141343e-19
766.8243637363736 2.448216963842905e-19
766.9232927292729 2.447969510261588e-19
767.0222217221722 2.4477221106513717e-19
767.1211507150715 2.4474747649941537e-19
767.2200797079707 2.447227473271841e-19
767.3190087008701 2.446980235466351e-19
767.4179376937693 2.4467330515596056e-19
767.5168666866687 2.4464859215335385e-19
767.6157956795679 2.4462388453700876e-19
767.7147246724672 2.4459918230512016e-19
767.8136536653665 2.4457448545588383e-19
767.9125826582658 2.4454979398749605e-19
768.011511651165 2.445251078981541e-19
768.1104406440644 2.445004271860561e-19
768.2093696369636 2.444757518494009e-19
768.308298629863 2.4445108188638828e-19
768.4072276227622 2.444264172952187e-19
768.5061566156616 2.4440175807409352e-19
768.6050856085608 2.4437710422121484e-19
768.7040146014601 2.443524557347855e-19
768.8029435943594 2.4432781261300945e-19
768.9018725872587 2.443031748540912e-19
769.0008015801579 2.4427854245623606e-19
769.0997305730573 2.442539154176502e-19
769.1986595659565 2.4422929373654086e-19
769.2975885588559 2.442046774111156e-19
769.3965175517551 2.441800664395829e-19
769.4954465446544 2.441554608201524e-19
769.5943755375537 2.441308605510345e-19
769.693304530453 2.441062656304399e-19
769.7922335233523 2.4408167605658067e-19
769.8911625162516 2.440570918276692e-19
769.9900915091508 2.440325129419193e-19
770.0890205020502 2.4400793939754485e-19
770.1879494949494 2.4398337119276115e-19
770.2868784878488 2.4395880832578397e-19
770.385807480748 2.4393425079483003e-19
770.4847364736473 2.4390969859811675e-19
770.5836654665466 2.4388515173386245e-19
770.6825944594459 2.4386061020028607e-19
770.7815234523451 2.4383607399560763e-19
770.8804524452445 2.438115431180478e-19
770.9793814381437 2.43787017565828e-19
771.0783104310431 2.437624973371705e-19
771.1772394239423 2.4373798243029837e-19
771.2761684168416 2.4371347284343566e-19
771.375097409741 2.436889685748067e-19
771.4740264026402 2.436644696226373e-19
771.5729553955396 2.4363997598515353e-19
771.6718843884388 2.436154876605825e-19
771.7708133813381 2.4359100464715216e-19
771.8697423742374 2.4356652694309112e-19
771.9686713671367 2.4354205454662873e-19
772.067600360036 2.4351758745599534e-19
772.1665293529353 2.4349312566942203e-19
772.2654583458345 2.434686691851407e-19
772.3643873387339 2.4344421800138383e-19
772.4633163316331 2.4341977211638486e-19
772.5622453245325 2.4339533152837815e-19
772.6611743174317 2.4337089623559863e-19
772.760103310331 2.4334646623628214e-19
772.8590323032303 2.433220415286651e-19
772.9579612961296 2.4329762211098514e-19
773.0568902890288 2.4327320798148046e-19
773.1558192819282 2.432487991383899e-19
773.2547482748274 2.432243955799533e-19
773.3536772677268 2.4319999730441104e-19
773.452606260626 2.4317560431000476e-19
773.5515352535253 2.431512165949764e-19
773.6504642464246 2.431268341575689e-19
773.7493932393239 2.4310245699602603e-19
773.8483222322232 2.4307808510859225e-19
773.9472512251225 2.4305371849351283e-19
774.0461802180217 2.430293571490339e-19
774.1451092109211 2.4300500107340227e-19
774.2440382038203 2.4298065026486564e-19
774.3429671967197 2.4295630472167227e-19
774.4418961896189 2.4293196444207164e-19
774.5408251825182 2.429076294243135e-19
774.6397541754175 2.4288329966664876e-19
774.7386831683168 2.428589751673291e-19
774.837612161216 2.4283465592460667e-19
774.9365411541154 2.4281034193673453e-19
775.0354701470146 2.4278603320196683e-19
775.134399139914 2.427617297185582e-19
775.2333281328132 2.427374314847642e-19
775.3322571257125 2.4271313849884083e-19
775.4311861186118 2.4268885075904534e-19
775.5301151115111 2.4266456826363543e-19
775.6290441044104 2.4264029101086977e-19
775.7279730973097 2.4261601899900775e-19
775.8269020902089 2.425917522263095e-19
775.9258310831083 2.4256749069103604e-19
776.0247600760075 2.42543234391449e-19
776.1236890689069 2.4251898332581077e-19
776.2226180618061 2.4249473749238475e-19
776.3215470547054 2.4247049688943514e-19
776.4204760476047 2.4244626151522634e-19
776.519405040504 2.424220313680243e-19
776.6183340334032 2.4239780644609524e-19
776.7172630263026 2.4237358674770636e-19
776.8161920192018 2.423493722711257e-19
776.9151210121012 2.4232516301462175e-19
777.0140500050005 2.4230095897646397e-19
777.1129789978997 2.4227676015492274e-19
777.2119079907991 2.4225256654826907e-19
777.3108369836983 2.422283781547747e-19
777.4097659765977 2.422041949727121e-19
777.5086949694969 2.4218001700035478e-19
777.6076239623962 2.4215584423597677e-19
777.7065529552955 2.421316766778528e-19
777.8054819481948 2.421075143242587e-19
777.904410941094 2.420833571734709e-19
778.0033399339934 2.420592052237664e-19
778.1022689268926 2.420350584734233e-19
778.201197919792 2.420109169207203e-19
778.3001269126912 2.4198678056393685e-19
778.3990559055906 2.41962649401353e-19
778.4979848984898 2.4193852343125026e-19
778.5969138913891 2.4191440265191e-19
778.6958428842884 2.418902870616149e-19
778.7947718771877 2.418661766586483e-19
778.893700870087 2.4184207144129445e-19
778.9926298629863 2.418179714078378e-19
779.0915588558855 2.4179387655656426e-19
779.1904878487849 2.4176978688576006e-19
779.2894168416841 2.4174570239371264e-19
779.3883458345834 2.417216230787095e-19
779.4872748274827 2.416975489390396e-19
779.586203820382 2.4167347997299206e-19
779.6851328132813 2.4164941617885746e-19
779.7840618061806 2.416253575549265e-19
779.8829907990798 2.41601304099491e-19
779.9819197919792 2.415772558108434e-19
780.0808487848784 2.4155321268727687e-19
780.1797777777778 2.4152917472708564e-19
780.278706770677 2.4150514192856414e-19
780.3776357635763 2.414811142900081e-19
780.4765647564756 2.414570918097137e-19
780.5754937493749 2.4143307448597793e-19
780.6744227422741 2.4140906231709884e-19
780.7733517351735 2.413850553013747e-19
780.8722807280727 2.413610534371049e-19
780.9712097209721 2.4133705672258956e-19
781.0701387138713 2.4131306515612933e-19
781.1690677067706 2.412890787360259e-19
781.2679966996699 2.412650974605816e-19
781.3669256925692 2.412411213280995e-19
781.4658546854685 2.412171503368835e-19
781.5647836783678 2.411931844852381e-19
781.663712671267 2.411692237714686e-19
781.7626416641664 2.411452681938812e-19
781.8615706570656 2.411213177507826e-19
781.960499649965 2.4109737244048065e-19
782.0594286428642 2.410734322612835e-19
782.1583576357635 2.410494972115003e-19
782.2572866286628 2.4102556728944086e-19
782.3562156215621 2.4100164249341595e-19
782.4551446144615 2.4097772282173677e-19
782.5540736073607 2.4095380827271553e-19
782.65300260026 2.409298988446649e-19
782.7519315931593 2.4090599453589867e-19
782.8508605860586 2.4088209534473117e-19
782.9497895789578 2.408582012694774e-19
783.0487185718572 2.4083431230845322e-19
783.1476475647564 2.408104284599754e-19
783.2465765576558 2.407865497223611e-19
783.345505550555 2.407626760939284e-19
783.4444345434543 2.4073880757299614e-19
783.5433635363536 2.4071494415788413e-19
783.6422925292529 2.406910858469124e-19
783.7412215221522 2.406672326384022e-19
783.8401505150515 2.406433845306752e-19
783.9390795079507 2.4061954152205405e-19
784.0380085008501 2.4059570361086215e-19
784.1369374937493 2.405718707954234e-19
784.2358664866487 2.405480430740625e-19
784.3347954795479 2.4052422044510513e-19
784.4337244724472 2.4050040290687757e-19
784.5326534653465 2.404765904577067e-19
784.6315824582458 2.404527830959204e-19
784.730511451145 2.404289808198472e-19
784.8294404440444 2.4040518362781617e-19
784.9283694369436 2.4038139151815738e-19
785.027298429843 2.403576044892016e-19
785.1262274227422 2.403338225392801e-19
785.2251564156415 2.4031004566672525e-19
785.3240854085408 2.402862738698699e-19
785.4230144014401 2.4026250714704763e-19
785.5219433943394 2.4023874549659313e-19
785.6208723872387 2.4021498891684115e-19
785.7198013801379 2.4019123740612797e-19
785.8187303730373 2.4016749096278993e-19
785.9176593659365 2.4014374958516427e-19
786.0165883588359 2.4012001327158945e-19
786.1155173517351 2.4009628202040415e-19
786.2144463446344 2.400725558299476e-19
786.3133753375337 2.400488346985606e-19
786.412304330433 2.4002511862458374e-19
786.5112333233322 2.4000140760635914e-19
786.6101623162316 2.399777016422288e-19
786.7090913091308 2.3995400073053647e-19
786.8080203020302 2.399303048696258e-19
786.9069492949294 2.399066140578416e-19
787.0058782878288 2.398829282935292e-19
787.104807280728 2.3985924757503477e-19
787.2037362736273 2.398355719007051e-19
787.3026652665266 2.3981190126888797e-19
787.4015942594259 2.3978823567793163e-19
787.5005232523251 2.3976457512618504e-19
787.5994522452245 2.397409196119982e-19
787.6983812381237 2.3971726913372137e-19
787.7973102310231 2.3969362368970603e-19
787.8962392239223 2.396699832783041e-19
787.9951682168216 2.396463478978682e-19
788.094097209721 2.396227175467518e-19
788.1930262026202 2.395990922233092e-19
788.2919551955196 2.3957547192589507e-19
788.3908841884188 2.395518566528651e-19
788.4898131813181 2.3952824640257557e-19
788.5887421742174 2.3950464117338374e-19
788.6876711671167 2.3948104096364716e-19
788.786600160016 2.394574457717243e-19
788.8855291529153 2.3943385559597465e-19
788.9844581458145 2.3941027043475805e-19
789.0833871387139 2.39386690286435e-19
789.1823161316131 2.3936311514936715e-19
789.2812451245125 2.393395450219165e-19
789.3801741174117 2.393159799024459e-19
789.479103110311 2.3929241978931885e-19
789.5780321032103 2.392688646808998e-19
789.6769610961096 2.392453145755535e-19
789.7758900890088 2.3922176947164595e-19
789.8748190819082 2.391982293675435e-19
789.9737480748074 2.3917469426161314e-19
790.0726770677068 2.39151164152223e-19
790.171606060606 2.3912763903774157e-19
790.2705350535053 2.3910411891653803e-19
790.3694640464046 2.390806037869827e-19
790.4683930393039 2.39057093647446e-19
790.5673220322032 2.3903358849629967e-19
790.6662510251025 2.3901008833191584e-19
790.7651800180017 2.3898659315266737e-19
790.8641090109011 2.3896310295692774e-19
790.9630380038003 2.389396177430715e-19
791.0619669966997 2.389161375094737e-19
791.1608959895989 2.3889266225450993e-19
791.2598249824982 2.388691919765567e-19
791.3587539753975 2.3884572667399133e-19
791.4576829682968 2.388222663451916e-19
791.556611961196 2.387988109885362e-19
791.6555409540954 2.387753606024043e-19
791.7544699469946 2.3875191518517615e-19
791.853398939894 2.3872847473523237e-19
791.9523279327932 2.387050392509545e-19
792.0512569256925 2.386816087307246e-19
792.1501859185918 2.3865818317292564e-19
792.2491149114911 2.3863476257594126e-19
792.3480439043904 2.3861134693815556e-19
792.4469728972897 2.385879362579538e-19
792.5459018901889 2.3856453053372158e-19
792.6448308830883 2.3854112976384523e-19
792.7437598759875 2.38517733946712e-19
792.8426888688869 2.3849434308070977e-19
792.9416178617861 2.384709571642271e-19
793.0405468546854 2.3844757619565304e-19
793.1394758475847 2.3842420017337795e-19
793.238404840484 2.3840082909579207e-19
793.3373338333832 2.38377462961287e-19
793.4362628262826 2.3835410176825475e-19
793.5351918191819 2.383307455150882e-19
793.6341208120812 2.383073942001807e-19
793.7330498049805 2.3828404782192667e-19
793.8319787978797 2.3826070637872085e-19
793.9309077907791 2.382373698689588e-19
794.0298367836783 2.3821403829103694e-19
794.1287657765777 2.381907116433522e-19
794.2276947694769 2.381673899243024e-19
794.3266237623762 2.3814407313228574e-19
794.4255527552755 2.381207612657017e-19
794.5244817481748 2.3809745432294963e-19
794.623410741074 2.380741523024305e-19
794.7223397339734 2.3805085520254514e-19
794.8212687268726 2.380275630216957e-19
794.920197719772 2.380042757582848e-19
795.0191267126712 2.379809934107156e-19
795.1180557055706 2.379577159773922e-19
795.2169846984698 2.379344434567194e-19
795.3159136913691 2.379111758471025e-19
795.4148426842684 2.3788791314694756e-19
795.5137716771677 2.378646553546616e-19
795.6127006700669 2.378414024686519e-19
795.7116296629663 2.378181544873268e-19
795.8105586558655 2.3779491140909508e-19
795.9094876487649 2.377716732323665e-19
796.0084166416641 2.377484399555511e-19
796.1073456345634 2.3772521157706002e-19
796.2062746274627 2.377019880953051e-19
796.305203620362 2.376787695086983e-19
796.4041326132613 2.3765555581565306e-19
796.5030616061606 2.376323470145829e-19
796.6019905990598 2.3760914310390236e-19
796.7009195919592 2.3758594408202666e-19
796.7998485848584 2.3756274994737163e-19
796.8987775777578 2.3753956069835357e-19
796.997706570657 2.3751637633338985e-19
797.0966355635563 2.374931968508985e-19
797.1955645564556 2.374700222492979e-19
797.2944935493549 2.3744685252700754e-19
797.3934225422541 2.374236876824472e-19
797.4923515351535 2.374005277140377e-19
797.5912805280527 2.3737737262020055e-19
797.6902095209521 2.3735422239935745e-19
797.7891385138513 2.373310770499312e-19
797.8880675067506 2.373079365703455e-19
797.9869964996499 2.3728480095902426e-19
798.0859254925492 2.3726167021439217e-19
798.1848544854485 2.37238544334875e-19
798.2837834783478 2.372154233188988e-19
798.382712471247 2.3719230716489034e-19
798.4816414641464 2.371691958712773e-19
798.5805704570456 2.3714608943648787e-19
798.679499449945 2.371229878589509e-19
798.7784284428442 2.3709989113709597e-19
798.8773574357435 2.370767992693535e-19
798.9762864286428 2.3705371225415433e-19
799.0752154215421 2.3703063008993027e-19
799.1741444144415 2.370075527751136e-19
799.2730734073407 2.369844803081373e-19
799.37200240024 2.3696141268743513e-19
799.4709313931393 2.369383499114414e-19
799.5698603860386 2.369152919785911e-19
799.6687893789378 2.3689223888732023e-19
799.7677183718372 2.3686919063606505e-19
799.8666473647364 2.3684614722326266e-19
799.9655763576358 2.368231086473509e-19
800.064505350535 2.3680007490676827e-19
800.1634343434343 2.367770459999537e-19
800.2623633363336 2.367540219253474e-19
800.3612923292329 2.367310026813895e-19
800.4602213221322 2.3670798826652156e-19
800.5591503150315 2.366849786791851e-19
800.6580793079307 2.3666197391782287e-19
800.7570083008301 2.366389739808781e-19
800.8559372937293 2.3661597886679445e-19
800.9548662866287 2.365929885740167e-19
801.0537952795279 2.3657000310099013e-19
801.1527242724272 2.3654702244616054e-19
801.2516532653265 2.3652404660797447e-19
801.3505822582258 2.365010755848795e-19
801.449511251125 2.364781093753233e-19
801.5484402440244 2.364551479777545e-19
801.6473692369236 2.364321913906226e-19
801.746298229823 2.364092396123773e-19
801.8452272227222 2.363862926414695e-19
801.9441562156215 2.363633504763504e-19
802.0430852085208 2.36340413115472e-19
802.1420142014201 2.3631748055728695e-19
802.2409431943194 2.362945528002487e-19
802.3398721872187 2.3627162984281106e-19
802.4388011801179 2.362487116834289e-19
802.5377301730173 2.362257983205572e-19
802.6366591659165 2.362028897526525e-19
802.7355881588159 2.3617998597817116e-19
802.8345171517151 2.361570869955706e-19
802.9334461446144 2.361341928033089e-19
803.0323751375137 2.361113033998447e-19
803.131304130413 2.3608841878363735e-19
803.2302331233122 2.3606553895314687e-19
803.3291621162116 2.3604266390683403e-19
803.4280911091108 2.360197936431603e-19
803.5270201020102 2.3599692816058752e-19
803.6259490949094 2.3597406745757843e-19
803.7248780878087 2.359512115325963e-19
803.823807080708 2.3592836038410556e-19
803.9227360736073 2.3590551401057036e-19
804.0216650665066 2.3588267241045647e-19
804.1205940594059 2.358598355822298e-19
804.2195230523051 2.35837003524357e-19
804.3184520452045 2.3581417623530546e-19
804.4173810381037 2.3579135371354325e-19
804.5163100310031 2.357685359575389e-19
804.6152390239024 2.3574572296576194e-19
804.7141680168016 2.357229147366823e-19
804.813097009701 2.357001112687707e-19
804.9120260026002 2.356773125604984e-19
805.0109549954996 2.356545186103374e-19
805.1098839883988 2.3563172941676044e-19
805.2088129812981 2.356089449782408e-19
805.3077419741974 2.355861652932524e-19
805.4066709670967 2.3556339036027e-19
805.505599959996 2.3554062017776866e-19
805.6045289528953 2.3551785474422465e-19
805.7034579457945 2.3549509405811447e-19
805.8023869386939 2.3547233811791533e-19
805.9013159315931 2.354495869221052e-19
806.0002449244924 2.3542684046916255e-19
806.0991739173917 2.3540409875756696e-19
806.198102910291 2.3538136178579797e-19
806.2970319031903 2.353586295523365e-19
806.3959608960896 2.353359020556634e-19
806.4948898889888 2.353131792942609e-19
806.5938188818882 2.352904612666112e-19
806.6927478747874 2.3526774797119777e-19
806.7916768676868 2.3524503940650415e-19
806.890605860586 2.352223355710154e-19
806.9895348534853 2.3519963646321606e-19
807.0884638463846 2.351769420815922e-19
807.1873928392839 2.351542524246302e-19
807.2863218321831 2.351315674908174e-19
807.3852508250825 2.351088872786413e-19
807.4841798179817 2.350862117865904e-19
807.5831088108811 2.350635410131539e-19
807.6820378037803 2.350408749568213e-19
807.7809667966796 2.350182136160833e-19
807.8798957895789 2.3499555698943064e-19
807.9788247824782 2.349729050753551e-19
808.0777537753775 2.3495025787234883e-19
808.1766827682768 2.3492761537890516e-19
808.275611761176 2.349049775935175e-19
808.3745407540754 2.3488234451468023e-19
808.4734697469746 2.348597161408881e-19
808.572398739874 2.348370924706369e-19
808.6713277327732 2.348144735024227e-19
808.7702567256725 2.347918592347425e-19
808.8691857185718 2.347692496660937e-19
808.9681147114711 2.347466447949745e-19
809.0670437043703 2.3472404461988387e-19
809.1659726972697 2.3470144913932094e-19
809.2649016901689 2.346788583517863e-19
809.3638306830683 2.346562722557802e-19
809.4627596759675 2.3463369084980434e-19
809.5616886688669 2.3461111413236073e-19
809.6606176617661 2.34588542101952e-19
809.7595466546654 2.345659747570816e-19
809.8584756475647 2.345434120962533e-19
809.957404640464 2.345208541179719e-19
810.0563336333632 2.3449830082074264e-19
810.1552626262626 2.344757522030714e-19
810.2541916191619 2.344532082634646e-19
810.3531206120612 2.344306690004298e-19
810.4520496049605 2.3440813441247446e-19
810.5509785978597 2.3438560449810723e-19
810.6499075907591 2.343630792558372e-19
810.7488365836583 2.343405586841742e-19
810.8477655765577 2.343180427816287e-19
810.9466945694569 2.342955315467115e-19
811.0456235623562 2.342730249779344e-19
811.1445525552555 2.342505230738098e-19
811.2434815481548 2.3422802583285053e-19
811.342410541054 2.3420553325357027e-19
811.4413395339534 2.3418304533448335e-19
811.5402685268526 2.3416056207410444e-19
811.639197519752 2.3413808347094924e-19
811.7381265126512 2.341156095235338e-19
811.8370555055506 2.3409314023037495e-19
811.9359844984498 2.3407067558999013e-19
812.0349134913491 2.340482156008974e-19
812.1338424842484 2.340257602616155e-19
812.2327714771477 2.340033095706636e-19
812.3317004700469 2.3398086352656184e-19
812.4306294629463 2.339584221278308e-19
812.5295584558455 2.3393598537299176e-19
812.6284874487449 2.339135532605666e-19
812.7274164416441 2.338911257890777e-19
812.8263454345434 2.3386870295704837e-19
812.9252744274427 2.3384628476300224e-19
813.024203420342 2.338238712054638e-19
813.1231324132413 2.338014622829581e-19
813.2220614061406 2.3377905799401084e-19
813.3209903990398 2.3375665833714827e-19
813.4199193919392 2.3373426331089734e-19
813.5188483848384 2.3371187291378573e-19
813.6177773777378 2.3368948714434158e-19
813.716706370637 2.3366710600109367e-19
813.8156353635363 2.3364472948257152e-19
813.9145643564356 2.3362235758730526e-19
814.0134933493349 2.335999903138255e-19
814.1124223422341 2.3357762766066384e-19
814.2113513351335 2.3355526962635193e-19
814.3102803280327 2.335329162094227e-19
814.4092093209321 2.3351056740840907e-19
814.5081383138313 2.334882232218453e-19
814.6070673067306 2.3346588364826564e-19
814.7059962996299 2.3344354868620513e-19
814.8049252925292 2.334212183341998e-19
814.9038542854285 2.333988925907859e-19
815.0027832783278 2.3337657145450027e-19
815.101712271227 2.3335425492388083e-19
815.2006412641264 2.3333194299746563e-19
815.2995702570256 2.3330963567379367e-19
815.398499249925 2.3328733295140436e-19
815.4974282428242 2.332650348288381e-19
815.5963572357235 2.332427413046353e-19
815.6952862286229 2.332204523773375e-19
815.7942152215221 2.331981680454866e-19
815.8931442144215 2.331758883076254e-19
815.9920732073207 2.331536131622971e-19
816.09100220022 2.331313426080456e-19
816.1899311931193 2.331090766434153e-19
816.2888601860186 2.330868152669514e-19
816.3877891789178 2.330645584771996e-19
816.4867181718172 2.330423062727063e-19
816.5856471647164 2.3302005865201846e-19
816.6845761576158 2.3299781561368363e-19
816.783505150515 2.3297557715625015e-19
816.8824341434143 2.3295334327826685e-19
816.9813631363136 2.329311139782831e-19
817.0802921292129 2.329088892548491e-19
817.1792211221122 2.3288666910651553e-19
817.2781501150115 2.328644535318335e-19
817.3770791079107 2.3284224252935536e-19
817.4760081008101 2.328200360976333e-19
817.5749370937093 2.327978342352207e-19
817.6738660866087 2.327756369406713e-19
817.7727950795079 2.3275344421253953e-19
817.8717240724072 2.3273125604938027e-19
817.9706530653065 2.327090724497494e-19
818.0695820582058 2.326868934122032e-19
818.168511051105 2.3266471893529816e-19
818.2674400440044 2.326425490175922e-19
818.3663690369036 2.3262038365764327e-19
818.465298029803 2.3259822285401e-19
818.5642270227022 2.3257606660525185e-19
818.6631560156015 2.3255391490992877e-19
818.7620850085008 2.3253176776660125e-19
818.8610140014001 2.3250962517383043e-19
818.9599429942994 2.324874871301784e-19
819.0588719871987 2.324653536342072e-19
819.1578009800979 2.3244322468448e-19
819.2567299729973 2.324211002795604e-19
819.3556589658965 2.323989804180127e-19
819.4545879587959 2.3237686509840173e-19
819.5535169516951 2.323547543192929e-19
819.6524459445944 2.323326480792523e-19
819.7513749374937 2.3231054637684665e-19
819.850303930393 2.322884492106432e-19
819.9492329232922 2.3226635657920997e-19
820.0481619161916 2.322442684811153e-19
820.1470909090908 2.322221849149285e-19
820.2460199019902 2.322001058792191e-19
820.3449488948894 2.321780313725576e-19
820.4438778877887 2.3215596139351497e-19
820.542806880688 2.3213389594066255e-19
820.6417358735873 2.321118350125728e-19
820.7406648664866 2.3208977860781833e-19
820.8395938593859 2.3206772672497244e-19
820.9385228522851 2.3204567936260927e-19
821.0374518451845 2.3202363651930335e-19
821.1363808380837 2.3200159819362983e-19
821.235309830983 2.3197956438416453e-19
821.3342388238824 2.3195753508948394e-19
821.4331678167816 2.319355103081651e-19
821.532096809681 2.319134900387854e-19
821.6310258025802 2.318914742799234e-19
821.7299547954796 2.3186946303015767e-19
821.8288837883788 2.318474562880677e-19
821.9278127812781 2.318254540522336e-19
822.0267417741774 2.318034563212359e-19
822.1256707670767 2.317814630936558e-19
822.224599759976 2.3175947436807534e-19
822.3235287528753 2.3173749014307675e-19
822.4224577457745 2.317155104172433e-19
822.5213867386739 2.3169353518915855e-19
822.6203157315731 2.3167156445740667e-19
822.7192447244724 2.316495982205726e-19
822.8181737173717 2.3162763647724163e-19
822.917102710271 2.3160567922599994e-19
823.0160317031703 2.3158372646543424e-19
823.1149606960696 2.315617781941317e-19
823.2138896889688 2.315398344106801e-19
823.3128186818682 2.3151789511366813e-19
823.4117476747674 2.314959603016845e-19
823.5106766676668 2.314740299733192e-19
823.609605660566 2.3145210412716223e-19
823.7085346534653 2.3143018276180445e-19
823.8074636463646 2.314082658758374e-19
823.9063926392639 2.313863534678531e-19
824.0053216321631 2.313644455364441e-19
824.1042506250625 2.313425420802037e-19
824.2031796179617 2.313206430977257e-19
824.3021086108611 2.312987485876045e-19
824.4010376037603 2.3127685854843515e-19
824.4999665966596 2.312549729788132e-19
824.5988955895589 2.31233091877335e-19
824.6978245824582 2.3121121524259714e-19
824.7967535753575 2.311893430731972e-19
824.8956825682568 2.31167475367733e-19
824.994611561156 2.311456121248033e-19
825.0935405540554 2.3112375334300717e-19
825.1924695469546 2.311018990209445e-19
825.291398539854 2.3108004915721534e-19
825.3903275327532 2.310582037504209e-19
825.4892565256525 2.3103636279916266e-19
825.5881855185518 2.3101452630204287e-19
825.6871145114511 2.309926942576641e-19
825.7860435043503 2.309708666646297e-19
825.8849724972497 2.309490435215435e-19
825.9839014901489 2.309272248270102e-19
826.0828304830483 2.309054105796348e-19
826.1817594759475 2.30883600778023e-19
826.2806884688468 2.3086179542078095e-19
826.3796174617461 2.308399945065155e-19
826.4785464546454 2.308181980338343e-19
826.5774754475447 2.307964060013452e-19
826.676404440444 2.30774618407657e-19
826.7753334333432 2.307528352513787e-19
826.8742624262426 2.307310565311202e-19
826.9731914191419 2.3070928224549186e-19
827.0721204120412 2.306875123931047e-19
827.1710494049405 2.306657469725703e-19
827.2699783978397 2.306439859825008e-19
827.3689073907391 2.3062222942150876e-19
827.4678363836383 2.3060047728820766e-19
827.5667653765377 2.3057872958121136e-19
827.6656943694369 2.3055698629913443e-19
827.7646233623362 2.305352474405918e-19
827.8635523552355 2.3051351300419917e-19
827.9624813481348 2.304917829885729e-19
828.061410341034 2.304700573923296e-19
828.1603393339334 2.3044833621408677e-19
828.2592683268326 2.304266194524625e-19
828.358197319732 2.3040490710607524e-19
828.4571263126312 2.303831991735443e-19
828.5560553055305 2.303614956534893e-19
828.6549842984298 2.303397965445304e-19
828.7539132913291 2.3031810184528884e-19
828.8528422842284 2.302964115543858e-19
828.9517712771277 2.302747256704436e-19
829.0507002700269 2.302530441920847e-19
829.1496292629263 2.3023136711793245e-19
829.2485582558255 2.302096944466105e-19
829.3474872487249 2.3018802617674346e-19
829.4464162416241 2.3016636230695613e-19
829.5453452345234 2.30144702835874e-19
829.6442742274227 2.3012304776212346e-19
829.743203220322 2.301013970843309e-19
829.8421322132212 2.300797508011236e-19
829.9410612061206 2.3005810891112985e-19
830.0399901990198 2.3003647141297774e-19
830.1389191919192 2.300148383052962e-19
830.2378481848184 2.29993209586715e-19
830.3367771777177 2.2997158525586435e-19
830.435706170617 2.2994996531137486e-19
830.5346351635163 2.299283497518778e-19
830.6335641564156 2.299067385760052e-19
830.7324931493149 2.2988513178238958e-19
830.8314221422141 2.2986352936966386e-19
830.9303511351135 2.2984193133646162e-19
831.0292801280127 2.298203376814173e-19
831.1282091209121 2.297987484031654e-19
831.2271381138113 2.297771635003413e-19
831.3260671067106 2.29755582971581e-19
831.4249960996099 2.2973400681552107e-19
831.5239250925092 2.297124350307984e-19
831.6228540854084 2.296908676160508e-19
831.7217830783078 2.296693045699162e-19
831.820712071207 2.296477458910338e-19
831.9196410641064 2.296261915780426e-19
832.0185700570056 2.2960464162958257e-19
832.117499049905 2.2958309604429437e-19
832.2164280428042 2.2956155482081908e-19
832.3153570357035 2.2954001795779805e-19
832.4142860286029 2.2951848545387376e-19
832.5132150215021 2.2949695730768894e-19
832.6121440144015 2.2947543351788674e-19
832.7110730073007 2.2945391408311134e-19
832.8100020002 2.294323990020072e-19
832.9089309930993 2.294108882732192e-19
833.0078599859986 2.293893818953931e-19
833.1067889788978 2.293678798671752e-19
833.2057179717972 2.2934638218721194e-19
833.3046469646964 2.293248888541509e-19
833.4035759575958 2.2930339986663985e-19
833.502504950495 2.292819152233274e-19
833.6014339433943 2.292604349228624e-19
833.7003629362936 2.2923895896389456e-19
833.7992919291929 2.2921748734507394e-19
833.8982209220922 2.2919602006505146e-19
833.9971499149915 2.2917455712247826e-19
834.0960789078907 2.291530985160062e-19
834.1950079007901 2.291316442442878e-19
834.2939368936893 2.2911019430597597e-19
834.3928658865887 2.290887486997243e-19
834.4917948794879 2.290673074241868e-19
834.5907238723872 2.2904587047801826e-19
834.6896528652865 2.29024437859874e-19
834.7885818581858 2.2900300956840965e-19
834.887510851085 2.2898158560228175e-19
834.9864398439844 2.2896016596014704e-19
835.0853688368836 2.2893875064066314e-19
835.184297829783 2.2891733964248827e-19
835.2832268226822 2.288959329642807e-19
835.3821558155815 2.288745306046997e-19
835.4810848084808 2.288531325624052e-19
835.5800138013801 2.2883173883605746e-19
835.6789427942794 2.288103494243171e-19
835.7778717871787 2.2878896432584587e-19
835.8768007800779 2.2876758353930556e-19
835.9757297729773 2.2874620706335864e-19
836.0746587658765 2.287248348966685e-19
836.1735877587759 2.2870346703789867e-19
836.2725167516751 2.2868210348571334e-19
836.3714457445744 2.2866074423877705e-19
836.4703747374737 2.286393892957555e-19
836.569303730373 2.286180386553145e-19
836.6682327232722 2.2859669231612044e-19
836.7671617161716 2.285753502768403e-19
836.8660907090708 2.2855401253614167e-19
836.9650197019702 2.285326790926927e-19
837.0639486948694 2.2851134994516223e-19
837.1628776877687 2.2849002509221916e-19
837.261806680668 2.284687045325335e-19
837.3607356735673 2.2844738826477567e-19
837.4596646664666 2.2842607628761635e-19
837.5585936593659 2.284047685997271e-19
837.6575226522651 2.283834651997801e-19
837.7564516451645 2.283621660864475e-19
837.8553806380637 2.2834087125840287e-19
837.954309630963 2.2831958071431957e-19
838.0532386238624 2.282982944528721e-19
838.1521676167616 2.2827701247273493e-19
838.251096609661 2.282557347725836e-19
838.3500256025602 2.2823446135109407e-19
838.4489545954596 2.2821319220694263e-19
838.5478835883588 2.281919273388062e-19
838.6468125812581 2.2817066674536254e-19
838.7457415741574 2.2814941042528965e-19
838.8446705670567 2.2812815837726602e-19
838.9435995599559 2.2810691059997106e-19
839.0425285528553 2.2808566709208453e-19
839.1414575457545 2.2806442785228664e-19
839.2403865386539 2.2804319287925813e-19
839.3393155315531 2.280219621716807e-19
839.4382445244524 2.280007357282359e-19
839.5371735173517 2.2797951354760666e-19
839.636102510251 2.279582956284756e-19
839.7350315031503 2.2793708196952675e-19
839.8339604960496 2.2791587256944387e-19
839.9328894889488 2.278946674269117e-19
840.0318184818482 2.278734665406158e-19
840.1307474747474 2.2785226990924174e-19
840.2296764676468 2.2783107753147574e-19
840.328605460546 2.2780988940600485e-19
840.4275344534453 2.2778870553151635e-19
840.5264634463446 2.277675259066984e-19
840.6253924392439 2.277463505302393e-19
840.7243214321431 2.277251794008284e-19
840.8232504250425 2.2770401251715505e-19
840.9221794179417 2.2768284987790955e-19
841.0211084108411 2.276616914817825e-19
841.1200374037403 2.2764053732746525e-19
841.2189663966396 2.276193874136495e-19
841.3178953895389 2.2759824173902764e-19
841.4168243824382 2.275771003022925e-19
841.5157533753375 2.275559631021376e-19
841.6146823682368 2.2753483013725692e-19
841.713611361136 2.275137014063446e-19
841.8125403540354 2.2749257690809623e-19
841.9114693469346 2.2747145664120708e-19
842.010398339834 2.2745034060437325e-19
842.1093273327332 2.274292287962917e-19
842.2082563256325 2.274081212156593e-19
842.3071853185318 2.27387017861174e-19
842.4061143114311 2.2736591873153416e-19
842.5050433043303 2.2734482382543837e-19
842.6039722972297 2.2732373314158625e-19
842.7029012901289 2.273026466786777e-19
842.8018302830283 2.2728156443541306e-19
842.9007592759275 2.2726048641049345e-19
842.9996882688268 2.2723941260262027e-19
843.0986172617261 2.272183430104957e-19
843.1975462546254 2.271972776328223e-19
843.2964752475247 2.271762164683034e-19
843.395404240424 2.271551595156423e-19
843.4943332333233 2.2713410677354374e-19
843.5932622262226 2.2711305824071214e-19
843.6921912191219 2.2709201391585292e-19
843.7911202120212 2.270709737976718e-19
843.8900492049205 2.2704993788487535e-19
843.9889781978197 2.2702890617617046e-19
844.0879071907191 2.270078786702643e-19
844.1868361836183 2.269868553658652e-19
844.2857651765177 2.2696583626168166e-19
844.3846941694169 2.269448213564225e-19
844.4836231623162 2.269238106487976e-19
844.5825521552155 2.269028041375169e-19
844.6814811481148 2.2688180182129103e-19
844.780410141014 2.268608036988313e-19
844.8793391339134 2.268398097688494e-19
844.9782681268126 2.2681882003005765e-19
845.077197119712 2.267978344811688e-19
845.1761261126112 2.267768531208961e-19
845.2750551055105 2.2675587594795344e-19
845.3739840984098 2.267349029610555e-19
845.4729130913091 2.267139341589167e-19
845.5718420842084 2.2669296954025295e-19
845.6707710771077 2.2667200910378005e-19
845.7697000700069 2.2665105284821453e-19
845.8686290629063 2.2663010077227358e-19
845.9675580558055 2.2660915287467457e-19
846.0664870487049 2.2658820915413574e-19
846.1654160416041 2.2656726960937574e-19
846.2643450345034 2.2654633423911363e-19
846.3632740274027 2.2652540304206937e-19
846.462203020302 2.2650447601696287e-19
846.5611320132012 2.2648355316251514e-19
846.6600610061006 2.2646263447744743e-19
846.7589899989998 2.2644171996048145e-19
846.8579189918992 2.264208096103397e-19
846.9568479847984 2.26399903425745e-19
847.0557769776977 2.2637900140542066e-19
847.154705970597 2.263581035480908e-19
847.2536349634963 2.263372098524797e-19
847.3525639563956 2.2631632031731255e-19
847.4514929492949 2.262954349413147e-19
847.5504219421941 2.262745537232123e-19
847.6493509350935 2.2625367666173177e-19
847.7482799279927 2.2623280375560043e-19
847.8472089208921 2.262119350035456e-19
847.9461379137913 2.2619107040429573e-19
848.0450669066906 2.261702099565793e-19
848.1439958995899 2.261493536591257e-19
848.2429248924892 2.2612850151066434e-19
848.3418538853884 2.261076535099258e-19
848.4407828782878 2.2608680965564065e-19
848.539711871187 2.2606596994654016e-19
848.6386408640864 2.260451343813562e-19
848.7375698569856 2.260243029588212e-19
848.836498849885 2.2600347567766793e-19
848.9354278427842 2.259826525366297e-19
849.0343568356835 2.259618335344407e-19
849.1332858285829 2.25941018669835e-19
849.2322148214821 2.259202079415477e-19
849.3311438143814 2.2589940134831444e-19
849.4300728072807 2.25878598888871e-19
849.52900180018 2.258578005619539e-19
849.6279307930793 2.258370063663003e-19
849.7268597859786 2.2581621630064766e-19
849.8257887788778 2.257954303637342e-19
849.9247177717772 2.257746485542983e-19
850.0236467646764 2.2575387087107902e-19
850.1225757575758 2.2573309731281647e-19
850.221504750475 2.2571232787825044e-19
850.3204337433743 2.256915625661216e-19
850.4193627362736 2.2567080137517116e-19
850.5182917291729 2.2565004430414095e-19
850.6172207220721 2.256292913517731e-19
850.7161497149715 2.2560854251681035e-19
850.8150787078707 2.2558779779799604e-19
850.9140077007701 2.2556705719407396e-19
851.0129366936693 2.255463207037883e-19
851.1118656865686 2.255255883258839e-19
851.2107946794679 2.255048600591062e-19
851.3097236723672 2.2548413590220092e-19
851.4086526652665 2.254634158539145e-19
851.5075816581658 2.254426999129938e-19
851.606510651065 2.2542198807818623e-19
851.7054396439644 2.254012803482396e-19
851.8043686368636 2.2538057672190254e-19
851.903297629763 2.253598771979238e-19
852.0022266226622 2.253391817750528e-19
852.1011556155615 2.253184904520398e-19
852.2000846084608 2.252978032276351e-19
852.2990136013601 2.2527712010058956e-19
852.3979425942593 2.2525644106965496e-19
852.4968715871587 2.252357661335831e-19
852.5958005800579 2.2521509529112665e-19
852.6947295729573 2.251944285410386e-19
852.7936585658565 2.251737658820724e-19
852.8925875587558 2.251531073129824e-19
852.9915165516551 2.2513245283252297e-19
853.0904455445544 2.2511180243944923e-19
853.1893745374537 2.250911561325168e-19
853.288303530353 2.2507051391048187e-19
853.3872325232522 2.2504987577210105e-19
853.4861615161516 2.250292417161313e-19
853.5850905090508 2.2500861174133044e-19
853.6840195019502 2.2498798584645667e-19
853.7829484948494 2.2496736403026857e-19
853.8818774877487 2.2494674629152526e-19
853.980806480648 2.2492613262898653e-19
854.0797354735473 2.2490552304141247e-19
854.1786644664465 2.2488491752756403e-19
854.2775934593459 2.248643160862021e-19
854.3765224522451 2.2484371871608855e-19
854.4754514451445 2.2482312541598563e-19
854.5743804380438 2.24802536184656e-19
854.673309430943 2.2478195102086296e-19
854.7722384238424 2.2476136992337037e-19
854.8711674167416 2.2474079289094225e-19
854.970096409641 2.2472021992234345e-19
855.0690254025402 2.2469965101633937e-19
855.1679543954396 2.2467908617169557e-19
855.2668833883388 2.246585253871786e-19
855.3658123812381 2.246379686615549e-19
855.4647413741374 2.2461741599359194e-19
855.5636703670367 2.2459686738205775e-19
855.6625993599359 2.245763228257202e-19
855.7615283528353 2.2455578232334826e-19
855.8604573457345 2.245352458737114e-19
855.9593863386339 2.245147134755792e-19
856.0583153315331 2.244941851277223e-19
856.1572443244324 2.24473660828911e-19
856.2561733173317 2.244531405779171e-19
856.355102310231 2.2443262437351227e-19
856.4540313031303 2.2441211221446874e-19
856.5529602960296 2.243916040995594e-19
856.6518892889288 2.243711000275577e-19
856.7508182818282 2.2435059999723726e-19
856.8497472747274 2.243301040073726e-19
856.9486762676268 2.2430961205673846e-19
857.047605260526 2.242891241441103e-19
857.1465342534253 2.242686402682637e-19
857.2454632463246 2.242481604279753e-19
857.3443922392239 2.2422768462202173e-19
857.4433212321231 2.2420721284918043e-19
857.5422502250225 2.2418674510822913e-19
857.6411792179217 2.2416628139794625e-19
857.7401082108211 2.2414582171711076e-19
857.8390372037203 2.241253660645017e-19
857.9379661966196 2.241049144388992e-19
858.0368951895189 2.2408446683908345e-19
858.1358241824182 2.240640232638354e-19
858.2347531753175 2.2404358371193605e-19
858.3336821682168 2.2402314818216745e-19
858.432611161116 2.2400271667331206e-19
858.5315401540154 2.2398228918415253e-19
858.6304691469146 2.239618657134722e-19
858.729398139814 2.2394144626005486e-19
858.8283271327132 2.23921030822685e-19
858.9272561256125 2.2390061940014713e-19
859.0261851185118 2.2388021199122696e-19
859.1251141114111 2.2385980859470975e-19
859.2240431043103 2.238394092093822e-19
859.3229720972097 2.238190138340311e-19
859.4219010901089 2.237986224674436e-19
859.5208300830083 2.2377823510840744e-19
859.6197590759075 2.2375785175571092e-19
859.7186880688068 2.2373747240814294e-19
859.8176170617061 2.237170970644926e-19
859.9165460546054 2.236967257235498e-19
860.0154750475047 2.236763583841047e-19
860.114404040404 2.23655995044948e-19
860.2133330333033 2.236356357048711e-19
860.3122620262026 2.236152803626656e-19
860.4111910191019 2.2359492901712357e-19
860.5101200120012 2.235745816670381e-19
860.6090490049005 2.2355423831120212e-19
860.7079779977997 2.2353389894840935e-19
860.8069069906991 2.2351356357745402e-19
860.9058359835983 2.2349323219713094e-19
861.0047649764977 2.234729048062351e-19
861.1036939693969 2.234525814035621e-19
861.2026229622962 2.2343226198790823e-19
861.3015519551955 2.2341194655807016e-19
861.4004809480948 2.233916351128449e-19
861.499409940994 2.233713276510302e-19
861.5983389338934 2.23351024171424e-19
861.6972679267926 2.233307246728251e-19
861.796196919692 2.233104291540324e-19
861.8951259125912 2.2329013761384553e-19
861.9940549054905 2.232698500510646e-19
862.0929838983898 2.232495664644901e-19
862.1919128912891 2.232292868529232e-19
862.2908418841884 2.232090112151653e-19
862.3897708770877 2.231887395500185e-19
862.4886998699869 2.2316847185628506e-19
862.5876288628863 2.231482081327683e-19
862.6865578557855 2.231279483782716e-19
862.7854868486849 2.2310769259159875e-19
862.8844158415841 2.2308744077155434e-19
862.9833448344834 2.230671929169433e-19
863.0822738273827 2.2304694902657087e-19
863.181202820282 2.230267090992434e-19
863.2801318131812 2.2300647313376684e-19
863.3790608060806 2.229862411289483e-19
863.4779897989798 2.22966013083595e-19
863.5769187918792 2.2294578899651483e-19
863.6758477847784 2.2292556886651616e-19
863.7747767776777 2.229053526924077e-19
863.873705770577 2.228851404729988e-19
863.9726347634763 2.228649322070993e-19
864.0715637563756 2.228447278935194e-19
864.1704927492749 2.2282452753106986e-19
864.2694217421741 2.228043311185619e-19
864.3683507350735 2.227841386548072e-19
864.4672797279727 2.2276395013861796e-19
864.566208720872 2.227437655688069e-19
864.6651377137713 2.227235849441872e-19
864.7640667066706 2.2270340826357237e-19
864.8629956995699 2.2268323552577665e-19
864.9619246924692 2.2266306672961444e-19
865.0608536853684 2.226429018739012e-19
865.1597826782678 2.22622740957452e-19
865.258711671167 2.2260258397908337e-19
865.3576406640664 2.225824309376114e-19
865.4565696569656 2.225622818318533e-19
865.555498649865 2.2254213666062654e-19
865.6544276427643 2.225219954227492e-19
865.7533566356635 2.2250185811703943e-19
865.8522856285629 2.224817247423163e-19
865.9512146214621 2.224615952973993e-19
866.0501436143614 2.2244146978110817e-19
866.1490726072607 2.2242134819226315e-19
866.24800160016 2.224012305296853e-19
866.3469305930593 2.2238111679219583e-19
866.4458595859586 2.2236100697861663e-19
866.5447885788578 2.223409010877697e-19
866.6437175717572 2.2232079911847804e-19
866.7426465646564 2.2230070106956463e-19
866.8415755575558 2.2228060693985333e-19
866.940504550455 2.222605167281682e-19
867.0394335433543 2.22240430433334e-19
867.1383625362536 2.2222034805417585e-19
867.2372915291529 2.2220026958951914e-19
867.3362205220521 2.2218019503819e-19
867.4351495149515 2.2216012439901527e-19
867.5340785078507 2.221400576708217e-19
867.6330075007501 2.2211999485243657e-19
867.7319364936493 2.2209993594268837e-19
867.8308654865486 2.2207988094040506e-19
867.9297944794479 2.220598298444159e-19
868.0287234723472 2.2203978265355e-19
868.1276524652465 2.220197393666374e-19
868.2265814581458 2.2199969998250833e-19
868.325510451045 2.219796644999937e-19
868.4244394439444 2.219596329179247e-19
868.5233684368436 2.21939605235133e-19
868.622297429743 2.21919581450451e-19
868.7212264226422 2.218995615627113e-19
868.8201554155415 2.218795455707471e-19
868.9190844084408 2.21859533473392e-19
869.0180134013401 2.218395252694801e-19
869.1169423942393 2.2181952095784597e-19
869.2158713871387 2.2179952053732465e-19
869.3148003800379 2.2177952400675175e-19
869.4137293729373 2.2175953136496325e-19
869.5126583658365 2.217395426107955e-19
869.6115873587358 2.2171955774308537e-19
869.7105163516351 2.2169957676067044e-19
869.8094453445344 2.2167959966238854e-19
869.9083743374337 2.216596264470779e-19
870.007303330333 2.216396571135774e-19
870.1062323232322 2.216196916607263e-19
870.2051613161316 2.2159973008736428e-19
870.3040903090308 2.215797723923316e-19
870.4030193019302 2.21559818574469e-19
870.5019482948294 2.2153986863261745e-19
870.6008772877287 2.215199225656188e-19
870.699806280628 2.2149998037231487e-19
870.7987352735273 2.214800420515484e-19
870.8976642664265 2.214601076021623e-19
870.9965932593259 2.21440177023e-19
871.0955222522251 2.2142025031290557e-19
871.1944512451245 2.214003274707233e-19
871.2933802380238 2.213804084952981e-19
871.392309230923 2.2136049338547537e-19
871.4912382238224 2.213405821401009e-19
871.5901672167216 2.213206747580209e-19
871.689096209621 2.2130077123808206e-19
871.7880252025202 2.212808715791317e-19
871.8869541954195 2.2126097578001746e-19
871.9858831883188 2.212410838395873e-19
872.0848121812181 2.2122119575669e-19
872.1837411741174 2.212013115301746e-19
872.2826701670167 2.211814311588905e-19
872.3815991599159 2.2116155464168767e-19
872.4805281528153 2.2114168197741667e-19
872.5794571457145 2.211218131649284e-19
872.6783861386139 2.211019482030742e-19
872.7773151315131 2.2108208709070577e-19
872.8762441244124 2.2106222982667545e-19
872.9751731173117 2.2104237640983617e-19
873.074102110211 2.2102252683904096e-19
873.1730311031102 2.210026811131435e-19
873.2719600960096 2.2098283923099814e-19
873.3708890889088 2.209630011914591e-19
873.4698180818082 2.2094316699338173e-19
873.5687470747074 2.209233366356214e-19
873.6676760676067 2.2090351011703416e-19
873.766605060506 2.2088368743647646e-19
873.8655340534053 2.208638685928051e-19
873.9644630463046 2.2084405358487753e-19
874.0633920392039 2.2082424241155153e-19
874.1623210321031 2.208044350716852e-19
874.2612500250025 2.2078463156413765e-19
874.3601790179017 2.2076483188776773e-19
874.4591080108011 2.2074503604143514e-19
874.5580370037003 2.207252440240001e-19
874.6569659965996 2.2070545583432315e-19
874.7558949894989 2.2068567147126523e-19
874.8548239823982 2.206658909336879e-19
874.9537529752974 2.2064611422045293e-19
875.0526819681968 2.206263413304229e-19
875.151610961096 2.206065722624606e-19
875.2505399539954 2.205868070154293e-19
875.3494689468946 2.2056704558819274e-19
875.448397939794 2.205472879796152e-19
875.5473269326932 2.205275341885613e-19
875.6462559255925 2.2050778421389617e-19
875.7451849184918 2.2048803805448543e-19
875.8441139113911 2.2046829570919503e-19
875.9430429042903 2.2044855717689154e-19
876.0419718971897 2.204288224564417e-19
876.1409008900889 2.204090915467133e-19
876.2398298829883 2.2038936444657387e-19
876.3387588758875 2.2036964115489186e-19
876.4376878687868 2.2034992167053597e-19
876.5366168616861 2.203302059923754e-19
876.6355458545854 2.203104941192798e-19
876.7344748474846 2.2029078605011925e-19
876.833403840384 2.202710817837645e-19
876.9323328332833 2.202513813190864e-19
877.0312618261826 2.2023168465495656e-19
877.1301908190819 2.2021199179024676e-19
877.2291198119811 2.201923027238295e-19
877.3280488048805 2.2017261745457753e-19
877.4269777977797 2.2015293598136413e-19
877.5259067906791 2.20133258303063e-19
877.6248357835783 2.201135844185485e-19
877.7237647764777 2.2009391432669516e-19
877.8226937693769 2.200742480263779e-19
877.9216227622762 2.2005458551647255e-19
878.0205517551755 2.2003492679585477e-19
878.1194807480748 2.2001527186340132e-19
878.218409740974 2.1999562071798876e-19
878.3173387338734 2.1997597335849475e-19
878.4162677267726 2.1995632978379667e-19
878.515196719672 2.199366899927731e-19
878.6141257125712 2.199170539843027e-19
878.7130547054705 2.198974217572643e-19
878.8119836983698 2.1987779331053774e-19
878.9109126912691 2.19858168643003e-19
879.0098416841684 2.198385477535405e-19
879.1087706770677 2.1981893064103106e-19
879.2076996699669 2.197993173043562e-19
879.3066286628663 2.197797077423977e-19
879.4055576557655 2.1976010195403777e-19
879.5044866486649 2.1974049993815906e-19
879.6034156415641 2.197209016936449e-19
879.7023446344634 2.1970130721937864e-19
879.8012736273627 2.196817165142445e-19
879.900202620262 2.1966212957712695e-19
879.9991316131612 2.196425464069109e-19
880.0980606060606 2.1962296700248163e-19
880.1969895989598 2.1960339136272523e-19
880.2959185918592 2.195838194865276e-19
880.3948475847584 2.1956425137277566e-19
880.4937765776577 2.1954468702035655e-19
880.592705570557 2.195251264281579e-19
880.6916345634563 2.1950556959506765e-19
880.7905635563556 2.1948601651997443e-19
880.8894925492549 2.1946646720176703e-19
880.9884215421541 2.194469216393348e-19
881.0873505350535 2.194273798315677e-19
881.1862795279527 2.1940784177735584e-19
881.285208520852 2.1938830747559004e-19
881.3841375137513 2.193687769251614e-19
881.4830665066506 2.193492501249614e-19
881.5819954995499 2.193297270738824e-19
881.6809244924492 2.193102077708165e-19
881.7798534853484 2.1929069221465665e-19
881.8787824782478 2.192711804042964e-19
881.977711471147 2.1925167233862944e-19
882.0766404640464 2.192321680165499e-19
882.1755694569456 2.192126674369526e-19
882.2744984498449 2.191931705987326e-19
882.3734274427443 2.1917367750078536e-19
882.4723564356435 2.191541881420071e-19
882.5712854285429 2.1913470252129404e-19
882.6702144214421 2.191152206375431e-19
882.7691434143414 2.190957424896516e-19
882.8680724072407 2.190762680765174e-19
882.96700140014 2.190567973970384e-19
883.0659303930393 2.190373304501136e-19
883.1648593859386 2.1901786723464174e-19
883.2637883788378 2.1899840774952247e-19
883.3627173717372 2.189789519936558e-19
883.4616463646364 2.1895949996594193e-19
883.5605753575358 2.1894005166528184e-19
883.659504350435 2.189206070905767e-19
883.7584333433343 2.1890116624072813e-19
883.8573623362336 2.188817291146384e-19
883.9562913291329 2.1886229571121e-19
884.0552203220321 2.188428660293459e-19
884.1541493149315 2.188234400679495e-19
884.2530783078307 2.188040178259248e-19
884.3520073007301 2.1878459930217605e-19
884.4509362936293 2.18765184495608e-19
884.5498652865286 2.187457734051257e-19
884.6487942794279 2.1872636602963507e-19
884.7477232723272 2.187069623680419e-19
884.8466522652265 2.1868756241925264e-19
884.9455812581258 2.1866816618217435e-19
885.044510251025 2.1864877365571417e-19
885.1434392439244 2.186293848387801e-19
885.2423682368236 2.186099997302803e-19
885.341297229723 2.185906183291235e-19
885.4402262226222 2.185712406342187e-19
885.5391552155215 2.185518666444753e-19
885.6380842084208 2.1853249635880334e-19
885.7370132013201 2.185131297761132e-19
885.8359421942193 2.184937668953158e-19
885.9348711871187 2.1847440771532224e-19
886.0338001800179 2.184550522350443e-19
886.1327291729173 2.1843570045339404e-19
886.2316581658165 2.1841635236928385e-19
886.3305871587158 2.18397007981627e-19
886.4295161516151 2.1837766728933675e-19
886.5284451445144 2.183583302913269e-19
886.6273741374137 2.183389969865117e-19
886.726303130313 2.1831966737380588e-19
886.8252321232122 2.1830034145212474e-19
886.9241611161116 2.182810192203835e-19
887.0230901090108 2.1826170067749834e-19
887.1220191019102 2.182423858223857e-19
887.2209480948094 2.1822307465396237e-19
887.3198770877087 2.182037671711456e-19
887.418806080608 2.181844633728531e-19
887.5177350735073 2.1816516325800304e-19
887.6166640664065 2.1814586682551396e-19
887.7155930593059 2.1812657407430486e-19
887.8145220522051 2.1810728500329515e-19
887.9134510451045 2.180879996114047e-19
888.0123800380038 2.1806871789755363e-19
888.111309030903 2.1804943986066284e-19
888.2102380238024 2.180301654996533e-19
888.3091670167016 2.180108948134468e-19
888.408096009601 2.17991627800965e-19
888.5070250025002 2.179723644611305e-19
888.6059539953995 2.1795310479286605e-19
888.7048829882988 2.17933848795095e-19
888.8038119811981 2.1791459646674096e-19
888.9027409740974 2.1789534780672806e-19
889.0016699669967 2.17876102813981e-19
889.1005989598959 2.178568614874244e-19
889.1995279527953 2.178376238259838e-19
889.2984569456945 2.1781838982858517e-19
889.3973859385939 2.1779915949415454e-19
889.4963149314931 2.177799328216186e-19
889.5952439243924 2.1776070980990467e-19
889.6941729172917 2.177414904579399e-19
889.793101910191 2.177222747646523e-19
889.8920309030902 2.177030627289706e-19
889.9909598959896 2.1768385434982316e-19
890.0898888888888 2.176646496261393e-19
890.1888178817882 2.176454485568487e-19
890.2877468746874 2.1762625114088136e-19
890.3866758675867 2.1760705737716773e-19
890.485604860486 2.1758786726463873e-19
890.5845338533853 2.175686808022258e-19
890.6834628462846 2.1754949798886047e-19
890.7823918391839 2.1753031882347496e-19
890.8813208320831 2.1751114330500193e-19
890.9802498249825 2.1749197143237434e-19
891.0791788178817 2.174728032045256e-19
891.1781078107811 2.174536386203896e-19
891.2770368036803 2.1743447767890047e-19
891.3759657965796 2.174153203789931e-19
891.4748947894789 2.173961667196023e-19
891.5738237823782 2.1737701669966407e-19
891.6727527752774 2.1735787031811385e-19
891.7716817681768 2.173387275738882e-19
891.870610761076 2.17319588465924e-19
891.9695397539754 2.1730045299315833e-19
892.0684687468746 2.1728132115452897e-19
892.167397739774 2.172621929489738e-19
892.2663267326732 2.172430683754313e-19
892.3652557255725 2.1722394743284055e-19
892.4641847184718 2.1720483012014047e-19
892.5631137113711 2.17185716436271e-19
892.6620427042703 2.1716660638017233e-19
892.7609716971697 2.1714749995078493e-19
892.8599006900689 2.1712839714704973e-19
892.9588296829683 2.171092979679082e-19
893.0577586758675 2.170902024123021e-19
893.1566876687668 2.170711104791737e-19
893.2556166616661 2.1705202216746543e-19
893.3545456545654 2.1703293747612057e-19
893.4534746474648 2.1701385640408255e-19
893.552403640364 2.169947789502952e-19
893.6513326332633 2.1697570511370286e-19
893.7502616261626 2.169566348932502e-19
893.8491906190619 2.1693756828788237e-19
893.9481196119611 2.169185052965449e-19
894.0470486048605 2.168994459181837e-19
894.1459775977597 2.1688039015174527e-19
894.2449065906591 2.1686133799617637e-19
894.3438355835583 2.168422894504241e-19
894.4427645764576 2.1682324451343614e-19
894.5416935693569 2.168042031841606e-19
894.6406225622562 2.1678516546154574e-19
894.7395515551555 2.1676613134454063e-19
894.8384805480548 2.1674710083209442e-19
894.937409540954 2.167280739231568e-19
895.0363385338534 2.167090506166779e-19
895.1352675267526 2.1669003091160828e-19
895.234196519652 2.166710148068987e-19
895.3331255125512 2.1665200230150061e-19
895.4320545054505 2.1663299339436573e-19
895.5309834983498 2.166139880844462e-19
895.6299124912491 2.1659498637069467e-19
895.7288414841483 2.1657598825206402e-19
895.8277704770477 2.165569937275077e-19
895.9266994699469 2.1653800279597953e-19
896.0256284628463 2.1651901545643363e-19
896.1245574557455 2.1650003170782477e-19
896.2234864486448 2.1648105154910792e-19
896.3224154415441 2.1646207497923848e-19
896.4213444344434 2.1644310199717237e-19
896.5202734273427 2.1642413260186582e-19
896.619202420242 2.1640516679227543e-19
896.7181314131412 2.1638620456735843e-19
896.8170604060406 2.1636724592607226e-19
896.9159893989398 2.1634829086737484e-19
897.0149183918392 2.1632933939022424e-19
897.1138473847384 2.163103914935797e-19
897.2127763776377 2.162914471763999e-19
897.311705370537 2.1627250643764449e-19
897.4106343634363 2.1625356927627355e-19
897.5095633563355 2.1623463569124722e-19
897.6084923492349 2.1621570568152642e-19
897.7074213421341 2.1619677924607217e-19
897.8063503350335 2.161778563838463e-19
897.9052793279327 2.1615893709381054e-19
898.004208320832 2.161400213749274e-19
898.1031373137313 2.1612110922615956e-19
898.2020663066306 2.161022006464704e-19
898.3009952995299 2.1608329563482343e-19
898.3999242924292 2.160643941901826e-19
898.4988532853284 2.1604549631151247e-19
898.5977822782278 2.1602660199777774e-19
898.696711271127 2.160077112479437e-19
898.7956402640264 2.1598882406097592e-19
898.8945692569256 2.159699404358406e-19
898.9934982498249 2.15951060371504e-19
899.0924272427243 2.1593218386693305e-19
899.1913562356235 2.1591331092109509e-19
899.2902852285229 2.1589444153295765e-19
899.3892142214221 2.158755757014888e-19
899.4881432143214 2.1585671342565704e-19
899.5870722072207 2.1583785470443128e-19
899.68600120012 2.1581899953678075e-19
899.7849301930192 2.1580014792167503e-19
899.8838591859186 2.1578129985808444e-19
899.9827881788178 2.157624553449793e-19
900.0817171717172 2.1574361438133053e-19
900.1806461646164 2.1572477696610932e-19
900.2795751575158 2.157059430982875e-19
900.378504150415 2.1568711277683708e-19
900.4774331433143 2.1566828600073055e-19
900.5763621362136 2.156494627689409e-19
900.6752911291129 2.1563064308044127e-19
900.7742201220121 2.1561182693420554e-19
900.8731491149115 2.1559301432920768e-19
900.9720781078107 2.1557420526442223e-19
901.0710071007101 2.1555539973882403e-19
901.1699360936093 2.1553659775138842e-19
901.2688650865086 2.1551779930109114e-19
901.3677940794079 2.1549900438690835e-19
901.4667230723072 2.154802130078163e-19
901.5656520652065 2.1546142516279224e-19
901.6645810581058 2.154426408508131e-19
901.763510051005 2.1542386007085684e-19
901.8624390439044 2.1540508282190147e-19
901.9613680368036 2.1538630910292552e-19
902.060297029703 2.1536753891290786e-19
902.1592260226022 2.1534877225082768e-19
902.2581550155015 2.1533000911566487e-19
902.3570840084008 2.1531124950639941e-19
902.4560130013001 2.1529249342201182e-19
902.5549419941993 2.1527374086148293e-19
902.6538709870987 2.1525499182379405e-19
902.7527999799979 2.1523624630792695e-19
902.8517289728973 2.1521750431286348e-19
902.9506579657965 2.1519876583758636e-19
903.0495869586958 2.1518003088107834e-19
903.1485159515951 2.151612994423227e-19
903.2474449444944 2.1514257152030317e-19
903.3463739373937 2.1512384711400373e-19
903.445302930293 2.1510512622240887e-19
903.5442319231922 2.1508640884450331e-19
903.6431609160916 2.1506769497927252e-19
903.7420899089908 2.150489846257021e-19
903.8410189018902 2.1503027778277792e-19
903.9399478947894 2.1501157444948656e-19
904.0388768876887 2.1499287462481479e-19
904.137805880588 2.149741783077499e-19
904.2367348734873 2.149554854972794e-19
904.3356638663865 2.1493679619239138e-19
904.4345928592859 2.1491811039207415e-19
904.5335218521852 2.1489942809531666e-19
904.6324508450845 2.1488074930110801e-19
904.7313798379838 2.148620740084378e-19
904.830308830883 2.1484340221629602e-19
904.9292378237824 2.14824733923673e-19
905.0281668166816 2.1480606912955951e-19
905.127095809581 2.1478740783294668e-19
905.2260248024802 2.147687500328262e-19
905.3249537953795 2.1475009572818987e-19
905.4238827882788 2.1473144491803004e-19
905.5228117811781 2.1471279760133958e-19
905.6217407740774 2.146941537771114e-19
905.7206697669767 2.1467551344433914e-19
905.8195987598759 2.1465687660201666e-19
905.9185277527753 2.1463824324913819e-19
906.0174567456745 2.1461961338469855e-19
906.1163857385739 2.1460098700769264e-19
906.2153147314731 2.1458236411711618e-19
906.3142437243724 2.1456374471196479e-19
906.4131727172717 2.1454512879123479e-19
906.512101710171 2.145265163539228e-19
906.6110307030702 2.145079073990259e-19
906.7099596959696 2.144893019255414e-19
906.8088886888688 2.1447069993246718e-19
906.9078176817682 2.1445210141880147e-19
907.0067466746674 2.1443350638354276e-19
907.1056756675667 2.1441491482569003e-19
907.204604660466 2.1439632674424269e-19
907.3035336533653 2.143777421382005e-19
907.4024626462646 2.143591610065635e-19
907.5013916391639 2.143405833483323e-19
907.6003206320631 2.1432200916250777e-19
907.6992496249625 2.1430343844809118e-19
907.7981786178617 2.1428487120408439e-19
907.897107610761 2.1426630742948922e-19
907.9960366036603 2.1424774712330826e-19
908.0949655965596 2.142291902845443e-19
908.1938945894589 2.1421063691220077e-19
908.2928235823582 2.1419208700528107e-19
908.3917525752574 2.1417354056278923e-19
908.4906815681568 2.1415499758372976e-19
908.589610561056 2.1413645806710733e-19
908.6885395539554 2.1411792201192719e-19
908.7874685468546 2.1409938941719482e-19
908.886397539754 2.1408086028191623e-19
908.9853265326532 2.1406233460509767e-19
909.0842555255525 2.140438123857458e-19
909.1831845184518 2.140252936228679e-19
909.2821135113511 2.1400677831547122e-19
909.3810425042503 2.1398826646256377e-19
909.4799714971497 2.1396975806315386e-19
909.5789004900489 2.139512531162499e-19
909.6778294829483 2.1393275162086117e-19
909.7767584758475 2.1391425357599671e-19
909.8756874687468 2.138957589806666e-19
909.9746164616461 2.1387726783388093e-19
910.0735454545454 2.1385878013465022e-19
910.1724744474448 2.1384029588198538e-19
910.271403440344 2.1382181507489776e-19
910.3703324332433 2.13803337712399e-19
910.4692614261426 2.1378486379350129e-19
910.5681904190419 2.1376639331721699e-19
910.6671194119411 2.13747926282559e-19
910.7660484048405 2.1372946268854048e-19
910.8649773977397 2.137110025341751e-19
910.9639063906391 2.1369254581847681e-19
911.0628353835383 2.1367409254046005e-19
911.1617643764376 2.1365564269913938e-19
911.2606933693369 2.1363719629353012e-19
911.3596223622362 2.1361875332264776e-19
911.4585513551355 2.1360031378550814e-19
911.5574803480348 2.1358187768112747e-19
911.656409340934 2.1356344500852256e-19
911.7553383338334 2.1354501576671032e-19
911.8542673267326 2.1352658995470826e-19
911.953196319632 2.13508167571534e-19
912.0521253125312 2.1348974861620588e-19
912.1510543054305 2.1347133308774246e-19
912.2499832983298 2.1345292098516254e-19
912.3489122912291 2.1343451230748548e-19
912.4478412841283 2.1341610705373104e-19
912.5467702770277 2.1339770522291912e-19
912.6456992699269 2.1337930681407042e-19
912.7446282628263 2.1336091182620542e-19
912.8435572557255 2.133425202583457e-19
912.9424862486248 2.1332413210951259e-19
913.0414152415241 2.1330574737872808e-19
913.1403442344234 2.1328736606501456e-19
913.2392732273227 2.1326898816739469e-19
913.338202220222 2.1325061368489155e-19
913.4371312131212 2.1323224261652874e-19
913.5360602060206 2.1321387496132992e-19
913.6349891989198 2.131955107183194e-19
913.7339181918192 2.1317714988652176e-19
913.8328471847184 2.1315879246496203e-19
913.9317761776177 2.131404384526654e-19
914.030705170517 2.1312208784865778e-19
914.1296341634163 2.1310374065196512e-19
914.2285631563155 2.1308539686161397e-19
914.3274921492149 2.1306705647663113e-19
914.4264211421141 2.1304871949604382e-19
914.5253501350135 2.1303038591887976e-19
914.6242791279127 2.130120557441668e-19
914.723208120812 2.129937289709333e-19
914.8221371137113 2.12975405598208e-19
914.9210661066106 2.1295708562501997e-19
915.0199950995099 2.1293876905039878e-19
915.1189240924092 2.1292045587337422e-19
915.2178530853084 2.1290214609297651e-19
915.3167820782078 2.1288383970823615e-19
915.415711071107 2.128655367181842e-19
915.5146400640064 2.1284723712185196e-19
915.6135690569057 2.1282894091827115e-19
915.7124980498049 2.1281064810647393e-19
915.8114270427043 2.1279235868549265e-19
915.9103560356035 2.1277407265436015e-19
916.0092850285029 2.127557900121097e-19
916.1082140214021 2.1273751075777471e-19
916.2071430143014 2.1271923489038945e-19
916.3060720072007 2.1270096240898788e-19
916.4050010001 2.126826933126048e-19
916.5039299929992 2.1266442760027547e-19
916.6028589858986 2.1264616527103497e-19
916.7017879787978 2.1262790632391934e-19
916.8007169716972 2.126096507579647e-19
916.8996459645964 2.1259139857220763e-19
916.9985749574957 2.1257314976568495e-19
917.097503950395 2.1255490433743395e-19
917.1964329432943 2.1253666228649239e-19
917.2953619361936 2.1251842361189825e-19
917.3942909290929 2.1250018831268984e-19
917.4932199219921 2.12481956387906e-19
917.5921489148915 2.1246372783658581e-19
917.6910779077907 2.124455026577689e-19
917.7900069006901 2.1242728085049486e-19
917.8889358935893 2.1240906241380424e-19
917.9878648864886 2.1239084734673755e-19
918.0867938793879 2.1237263564833563e-19
918.1857228722872 2.1235442731763994e-19
918.2846518651864 2.1233622235369217e-19
918.3835808580858 2.1231802075553443e-19
918.482509850985 2.122998225222091e-19
918.5814388438844 2.1228162765275901e-19
918.6803678367836 2.1226343614622747e-19
918.779296829683 2.122452480016578e-19
918.8782258225822 2.1222706321809415e-19
918.9771548154815 2.1220888179458054e-19
919.0760838083808 2.1219070373016188e-19
919.1750128012801 2.1217252902388303e-19
919.2739417941793 2.1215435767478946e-19
919.3728707870787 2.1213618968192686e-19
919.4717997799779 2.121180250443413e-19
919.5707287728773 2.1209986376107935e-19
919.6696577657765 2.1208170583118785e-19
919.7685867586758 2.1206355125371395e-19
919.8675157515751 2.120454000277053e-19
919.9664447444744 2.1202725215220976e-19
920.0653737373736 2.1200910762627568e-19
920.164302730273 2.119909664489517e-19
920.2632317231722 2.1197282861928694e-19
920.3621607160716 2.1195469413633074e-19
920.4610897089708 2.1193656299913286e-19
920.5600187018701 2.119184352067434e-19
920.6589476947694 2.1190031075821293e-19
920.7578766876687 2.1188218965259226e-19
920.856805680568 2.1186407188893258e-19
920.9557346734673 2.1184595746628542e-19
921.0546636663665 2.1182784638370293e-19
921.1535926592659 2.1180973864023725e-19
921.2525216521652 2.1179163423494111e-19
921.3514506450645 2.1177353316686755e-19
921.4503796379638 2.1175543543506986e-19
921.549308630863 2.1173734103860193e-19
921.6482376237624 2.1171924997651787e-19
921.7471666166616 2.117011622478721e-19
921.846095609561 2.1168307785171945e-19
921.9450246024602 2.116649967871152e-19
922.0439535953595 2.1164691905311489e-19
922.1428825882588 2.1162884464877442e-19
922.2418115811581 2.116107735731501e-19
922.3407405740573 2.1159270582529858e-19
922.4396695669567 2.1157464140427685e-19
922.5385985598559 2.1155658030914227e-19
922.6375275527553 2.1153852253895266e-19
922.7364565456545 2.1152046809276607e-19
922.8353855385539 2.1150241696964087e-19
922.9343145314531 2.11484369168636e-19
923.0332435243524 2.1146632468881053e-19
923.1321725172517 2.1144828352922408e-19
923.231101510151 2.114302456889364e-19
923.3300305030502 2.114122111670079e-19
923.4289594959496 2.1139417996249906e-19
923.5278884888488 2.1137615207447095e-19
923.6268174817482 2.1135812750198488e-19
923.7257464746474 2.1134010624410238e-19
923.8246754675467 2.1132208829988566e-19
923.923604460446 2.1130407366839711e-19
924.0225334533453 2.1128606234869945e-19
924.1214624462445 2.1126805433985577e-19
924.2203914391439 2.1125004964092957e-19
924.3193204320431 2.112320482509847e-19
924.4182494249425 2.1121405016908536e-19
924.5171784178417 2.1119605539429604e-19
924.616107410741 2.111780639256816e-19
924.7150364036403 2.1116007576230744e-19
924.8139653965396 2.1114209090323907e-19
924.9128943894389 2.111241093475426e-19
925.0118233823382 2.1110613109428418e-19
925.1107523752374 2.110881561425305e-19
925.2096813681368 2.1107018449134873e-19
925.308610361036 2.110522161398062e-19
925.4075393539354 2.1103425108697063e-19
925.5064683468346 2.110162893319102e-19
925.6053973397339 2.1099833087369333e-19
925.7043263326332 2.1098037571138873e-19
925.8032553255325 2.1096242384406582e-19
925.9021843184318 2.1094447527079403e-19
926.0011133113311 2.1092652999064312e-19
926.1000423042303 2.1090858800268335e-19
926.1989712971297 2.108906493059854e-19
926.2979002900289 2.108727138996202e-19
926.3968292829283 2.10854781782659e-19
926.4957582758275 2.1083685295417344e-19
926.5946872687268 2.1081892741323561e-19
926.6936162616261 2.108010051589178e-19
926.7925452545254 2.1078308619029275e-19
926.8914742474248 2.1076517050643346e-19
926.990403240324 2.1074725810641351e-19
927.0893322332233 2.1072934898930648e-19
927.1882612261226 2.1071144315418653e-19
927.2871902190219 2.1069354060012826e-19
927.3861192119211 2.1067564132620633e-19
927.4850482048205 2.10657745331496e-19
927.5839771977197 2.1063985261507285e-19
927.6829061906191 2.106219631760127e-19
927.7818351835183 2.1060407701339177e-19
927.8807641764176 2.1058619412628664e-19
927.9796931693169 2.105683145137744e-19
928.0786221622162 2.1055043817493207e-19
928.1775511551155 2.1053256510883743e-19
928.2764801480148 2.105146953145685e-19
928.375409140914 2.104968287912036e-19
928.4743381338134 2.1047896553782141e-19
928.5732671267126 2.1046110555350093e-19
928.672196119612 2.1044324883732156e-19
928.7711251125112 2.1042539538836313e-19
928.8700541054105 2.1040754520570557e-19
928.9689830983098 2.1038969828842941e-19
929.0679120912091 2.103718546356155e-19
929.1668410841083 2.1035401424634483e-19
929.2657700770077 2.10336177119699e-19
929.3646990699069 2.1031834325475983e-19
929.4636280628063 2.1030051265060943e-19
929.5625570557055 2.1028268530633038e-19
929.6614860486048 2.102648612210056e-19
929.7604150415041 2.102470403937183e-19
929.8593440344034 2.1022922282355194e-19
929.9582730273027 2.1021140850959056e-19
930.057202020202 2.101935974509184e-19
930.1561310131012 2.1017578964662012e-19
930.2550600060006 2.1015798509578063e-19
930.3539889988998 2.1014018379748528e-19
930.4529179917992 2.1012238575081966e-19
930.5518469846984 2.1010459095486989e-19
930.6507759775977 2.100867994087222e-19
930.749704970497 2.1006901111146338e-19
930.8486339633963 2.1005122606218046e-19
930.9475629562955 2.1003344425996072e-19
931.0464919491949 2.1001566570389213e-19
931.1454209420941 2.0999789039306258e-19
931.2443499349935 2.0998011832656058e-19
931.3432789278927 2.0996234950347485e-19
931.442207920792 2.099445839228945e-19
931.5411369136913 2.099268215839092e-19
931.6400659065906 2.0990906248560843e-19
931.7389948994899 2.098913066270826e-19
931.8379238923892 2.0987355400742208e-19
931.9368528852884 2.098558046257178e-19
932.0357818781878 2.098380584810609e-19
932.134710871087 2.098203155725429e-19
932.2336398639864 2.098025758992557e-19
932.3325688568857 2.0978483946029153e-19
932.4314978497849 2.0976710625474298e-19
932.5304268426843 2.0974937628170286e-19
932.6293558355835 2.0973164954026444e-19
932.7282848284829 2.0971392602952146e-19
932.8272138213821 2.0969620574856771e-19
932.9261428142814 2.0967848869649746e-19
933.0250718071807 2.0966077487240544e-19
933.12400080008 2.0964306427538652e-19
933.2229297929792 2.096253569045361e-19
933.3218587858786 2.096076527589498e-19
933.4207877787778 2.0958995183772351e-19
933.5197167716772 2.095722541399537e-19
933.6186457645764 2.0955455966473692e-19
933.7175747574757 2.0953686841117038e-19
933.816503750375 2.0951918037835123e-19
933.9154327432743 2.0950149556537731e-19
934.0143617361736 2.0948381397134652e-19
934.1132907290729 2.0946613559535736e-19
934.2122197219721 2.0944846043650858e-19
934.3111487148715 2.0943078849389918e-19
934.4100777077707 2.094131197666285e-19
934.50900670067 2.0939545425379637e-19
934.6079356935693 2.0937779195450293e-19
934.7068646864686 2.093601328678484e-19
934.8057936793679 2.0934247699293376e-19
934.9047226722672 2.0932482432886004e-19
935.0036516651664 2.093071748747286e-19
935.1025806580658 2.0928952862964135e-19
935.201509650965 2.0927188559270032e-19
935.3004386438644 2.0925424576300798e-19
935.3993676367636 2.0923660913966725e-19
935.498296629663 2.0921897572178108e-19
935.5972256225622 2.092013455084531e-19
935.6961546154615 2.0918371849878699e-19
935.7950836083608 2.0916609469188697e-19
935.8940126012601 2.0914847408685762e-19
935.9929415941593 2.0913085668280362e-19
936.0918705870587 2.0911324247883016e-19
936.1907995799579 2.0909563147404283e-19
936.2897285728573 2.090780236675474e-19
936.3886575657565 2.0906041905845014e-19
936.4875865586558 2.0904281764585736e-19
936.5865155515551 2.0902521942887612e-19
936.6854445444544 2.0900762440661354e-19
936.7843735373536 2.0899003257817715e-19
936.883302530253 2.0897244394267476e-19
936.9822315231522 2.0895485849921464e-19
937.0811605160516 2.0893727624690533e-19
937.1800895089508 2.089196971848556e-19
937.2790185018501 2.0890212131217472e-19
937.3779474947494 2.088845486279723e-19
937.4768764876487 2.0886697913135804e-19
937.575805480548 2.0884941282144233e-19
937.6747344734473 2.0883184969733564e-19
937.7736634663465 2.0881428975814882e-19
937.8725924592459 2.0879673300299322e-19
937.9715214521452 2.0877917943098018e-19
938.0704504450445 2.0876162904122178e-19
938.1693794379438 2.0874408183283018e-19
938.268308430843 2.0872653780491787e-19
938.3672374237424 2.087089969565978e-19
938.4661664166416 2.0869145928698325e-19
938.565095409541 2.0867392479518756e-19
938.6640244024402 2.0865639348032485e-19
938.7629533953395 2.086388653415092e-19
938.8618823882388 2.0862134037785538e-19
938.9608113811381 2.0860381858847792e-19
939.0597403740373 2.0858629997249235e-19
939.1586693669367 2.0856878452901417e-19
939.2575983598359 2.0855127225715922e-19
939.3565273527353 2.0853376315604365e-19
939.4554563456345 2.0851625722478412e-19
939.5543853385338 2.0849875446249747e-19
939.6533143314331 2.0848125486830088e-19
939.7522433243324 2.0846375844131196e-19
939.8511723172317 2.0844626518064865e-19
939.950101310131 2.08428775085429e-19
940.0490303030302 2.084112881547717e-19
940.1479592959296 2.0839380438779549e-19
940.2468882888288 2.0837632378361972e-19
940.3458172817282 2.0835884634136378e-19
940.4447462746274 2.083413720601477e-19
940.5436752675267 2.083239009390915e-19
940.642604260426 2.0830643297731586e-19
940.7415332533253 2.0828896817394154e-19
940.8404622462245 2.0827150652808977e-19
940.9393912391239 2.0825404803888198e-19
941.0383202320231 2.0823659270544021e-19
941.1372492249225 2.0821914052688646e-19
941.2361782178217 2.0820169150234336e-19
941.335107210721 2.081842456309336e-19
941.4340362036203 2.0816680291178048e-19
941.5329651965196 2.0814936334400747e-19
941.6318941894189 2.0813192692673838e-19
941.7308231823182 2.0811449365909723e-19
941.8297521752174 2.0809706354020876e-19
941.9286811681168 2.080796365691976e-19
942.027610161016 2.0806221274518887e-19
942.1265391539154 2.080447920673082e-19
942.2254681468146 2.080273745346812e-19
942.3243971397139 2.0800996014643403e-19
942.4233261326132 2.0799254890169335e-19
942.5222551255125 2.0797514079958557e-19
942.6211841184117 2.079577358392381e-19
942.7201131113111 2.0794033401977818e-19
942.8190421042103 2.0792293534033367e-19
942.9179710971097 2.0790553980003265e-19
943.0169000900089 2.0788814739800347e-19
943.1158290829082 2.0787075813337498e-19
943.2147580758075 2.0785337200527606e-19
943.3136870687068 2.0783598901283625e-19
943.4126160616062 2.0781860915518522e-19
943.5115450545054 2.0780123243145303e-19
943.6104740474048 2.0778385884077e-19
943.709403040304 2.0776648838226686e-19
943.8083320332033 2.0774912105507466e-19
943.9072610261026 2.0773175685832478e-19
944.0061900190019 2.077143957911487e-19
944.1051190119011 2.0769703785267862e-19
944.2040480048005 2.076796830420467e-19
944.3029769976997 2.0766233135838573e-19
944.4019059905991 2.0764498280082855e-19
944.5008349834983 2.0762763736850853e-19
944.5997639763976 2.0761029506055926e-19
944.6986929692969 2.0759295587611466e-19
944.7976219621962 2.0757561981430908e-19
944.8965509550954 2.0755828687427702e-19
944.9954799479948 2.0754095705515343e-19
945.094408940894 2.0752363035607346e-19
945.1933379337934 2.0750630677617283e-19
945.2922669266926 2.0748898631458738e-19
945.391195919592 2.0747166897045328e-19
945.4901249124912 2.074543547429069e-19
945.5890539053905 2.0743704363108531e-19
945.6879828982898 2.074197356341257e-19
945.7869118911891 2.074024307511654e-19
945.8858408840883 2.073851289813424e-19
945.9847698769877 2.0736783032379463e-19
946.0836988698869 2.0735053477766079e-19
946.1826278627863 2.0733324234207952e-19
946.2815568556855 2.073159530161899e-19
946.3804858485848 2.0729866679913148e-19
946.4794148414841 2.0728138369004389e-19
946.5783438343834 2.0726410368806725e-19
946.6772728272826 2.07246826792342e-19
946.776201820182 2.0722955300200883e-19
946.8751308130812 2.0721228231620865e-19
946.9740598059806 2.0719501473408298e-19
947.0729887988798 2.071777502547734e-19
947.1719177917792 2.0716048887742186e-19
947.2708467846784 2.0714323060117077e-19
947.3697757775777 2.0712597542516278e-19
947.468704770477 2.071087233485408e-19
947.5676337633763 2.0709147437044797e-19
947.6665627562755 2.0707422849002817e-19
947.7654917491749 2.0705698570642515e-19
947.8644207420741 2.0703974601878306e-19
947.9633497349735 2.0702250942624658e-19
948.0622787278727 2.0700527592796058e-19
948.161207720772 2.0698804552307012e-19
948.2601367136713 2.0697081821072082e-19
948.3590657065706 2.0695359399005851e-19
948.4579946994699 2.069363728602293e-19
948.5569236923692 2.069191548203797e-19
948.6558526852684 2.0690193986965636e-19
948.7547816781678 2.068847280072065e-19
948.853710671067 2.068675192321775e-19
948.9526396639664 2.0685031354371712e-19
949.0515686568657 2.0683311094097332e-19
949.1504976497649 2.0681591142309465e-19
949.2494266426643 2.067987149892295e-19
949.3483556355635 2.0678152163852717e-19
949.4472846284629 2.0676433137013682e-19
949.5462136213621 2.067471441832082e-19
949.6451426142614 2.0672996007689108e-19
949.7440716071607 2.0671277905033594e-19
949.84300060006 2.0669560110269322e-19
949.9419295929592 2.0667842623311382e-19
950.0408585858586 2.0666125444074905e-19
950.1397875787578 2.066440857247504e-19
950.2387165716572 2.066269200842697e-19
950.3376455645564 2.0660975751845912e-19
950.4365745574557 2.0659259802647118e-19
950.535503550355 2.0657544160745857e-19
950.6344325432543 2.0655828826057455e-19
950.7333615361536 2.0654113798497241e-19
950.8322905290529 2.0652399077980604e-19
950.9312195219521 2.065068466442293e-19
951.0301485148515 2.064897055773967e-19
951.1290775077507 2.064725675784629e-19
951.22800650065 2.0645543264658284e-19
951.3269354935493 2.0643830078091188e-19
951.4258644864486 2.0642117198060568e-19
951.5247934793479 2.0640404624482004e-19
951.6237224722472 2.0638692357271148e-19
951.7226514651464 2.0636980396343632e-19
951.8215804580458 2.0635268741615146e-19
951.920509450945 2.0633557393001417e-19
952.0194384438444 2.0631846350418204e-19
952.1183674367436 2.0630135613781264e-19
952.2172964296429 2.0628425183006432e-19
952.3162254225422 2.0626715058009545e-19
952.4151544154415 2.0625005238706472e-19
952.5140834083408 2.0623295725013134e-19
952.6130124012401 2.062158651684546e-19
952.7119413941393 2.061987761411942e-19
952.8108703870387 2.061816901675101e-19
952.9097993799379 2.0616460724656274e-19
953.0087283728373 2.061475273775127e-19
953.1076573657365 2.0613045055952086e-19
953.2065863586358 2.061133767917485e-19
953.3055153515351 2.0609630607335722e-19
953.4044443444344 2.060792384035088e-19
953.5033733373336 2.0606217378136556e-19
953.602302330233 2.0604511220608987e-19
953.7012313231322 2.0602805367684464e-19
953.8001603160316 2.060109981927929e-19
953.8990893089308 2.0599394575309813e-19
953.9980183018301 2.0597689635692407e-19
954.0969472947294 2.0595985000343464e-19
954.1958762876287 2.0594280669179438e-19
954.294805280528 2.0592576642116782e-19
954.3937342734273 2.0590872919072002e-19
954.4926632663266 2.0589169499961626e-19
954.5915922592259 2.0587466384702205e-19
954.6905212521252 2.0585763573210338e-19
954.7894502450245 2.0584061065402633e-19
954.8883792379238 2.0582358861195762e-19
954.987308230823 2.0580656960506397e-19
955.0862372237224 2.0578955363251258e-19
955.1851662166216 2.0577254069347072e-19
955.284095209521 2.057555307871063e-19
955.3830242024202 2.0573852391258739e-19
955.4819531953195 2.057215200690823e-19
955.5808821882188 2.0570451925575967e-19
955.6798111811181 2.0568752147178865e-19
955.7787401740173 2.0567052671633834e-19
955.8776691669167 2.0565353498857842e-19
955.9765981598159 2.0563654628767886e-19
956.0755271527153 2.0561956061280982e-19
956.1744561456145 2.056025779631418e-19
956.2733851385138 2.055855983378456e-19
956.3723141314131 2.055686217360925e-19
956.4712431243124 2.0555164815705382e-19
956.5701721172117 2.055346775999013e-19
956.669101110111 2.0551771006380703e-19
956.7680301030102 2.0550074554794345e-19
956.8669590959096 2.0548378405148305e-19
956.9658880888088 2.0546682557359893e-19
957.0648170817082 2.0544987011346434e-19
957.1637460746074 2.0543291767025287e-19
957.2626750675067 2.054159682431384e-19
957.361604060406 2.0539902183129517e-19
957.4605330533053 2.0538207843389763e-19
957.5594620462045 2.053651380501206e-19
957.6583910391039 2.0534820067913907e-19
957.7573200320031 2.053312663201287e-19
957.8562490249025 2.0531433497226498e-19
957.9551780178017 2.0529740663472405e-19
958.054107010701 2.0528048130668227e-19
958.1530360036003 2.0526355898731616e-19
958.2519649964996 2.0524663967580266e-19
958.3508939893989 2.052297233713192e-19
958.4498229822982 2.0521281007304304e-19
958.5487519751974 2.0519589978015228e-19
958.6476809680968 2.0517899249182487e-19
958.746609960996 2.0516208820723943e-19
958.8455389538954 2.051451869255746e-19
958.9444679467946 2.0512828864600948e-19
959.0433969396939 2.0511139336772345e-19
959.1423259325932 2.0509450108989611e-19
959.2412549254925 2.0507761181170746e-19
959.3401839183917 2.0506072553233786e-19
959.4391129112911 2.0504384225096778e-19
959.5380419041903 2.050269619667781e-19
959.6369708970897 2.0501008467894994e-19
959.7358998899889 2.04993210386665e-19
959.8348288828882 2.0497633908910479e-19
959.9337578757875 2.0495947078545153e-19
960.0326868686868 2.049426054748876e-19
960.1316158615862 2.0492574315659574e-19
960.2305448544854 2.0490888382975877e-19
960.3294738473847 2.0489202749356012e-19
960.428402840284 2.0487517414718336e-19
960.5273318331833 2.0485832378981229e-19
960.6262608260826 2.0484147642063116e-19
960.7251898189819 2.0482463203882444e-19
960.8241188118811 2.0480779064357702e-19
960.9230478047805 2.0479095223407383e-19
961.0219767976797 2.0477411680950035e-19
961.1209057905791 2.0475728436904224e-19
961.2198347834783 2.0474045491188555e-19
961.3187637763776 2.0472362843721644e-19
961.4176927692769 2.047068049442217e-19
961.5166217621762 2.0468998443208797e-19
961.6155507550754 2.0467316690000268e-19
961.7144797479748 2.0465635234715308e-19
961.813408740874 2.0463954077272718e-19
961.9123377337734 2.0462273217591293e-19
962.0112667266726 2.0460592655589873e-19
962.110195719572 2.0458912391187324e-19
962.2091247124712 2.0457232424302553e-19
962.3080537053705 2.045555275485448e-19
962.4069826982698 2.0453873382762068e-19
962.5059116911691 2.0452194307944298e-19
962.6048406840683 2.045051553032019e-19
962.7037696769677 2.0448837049808788e-19
962.8026986698669 2.0447158866329178e-19
962.9016276627663 2.0445480979800458e-19
963.0005566556655 2.044380339014176e-19
963.0994856485648 2.0442126097272263e-19
963.1984146414641 2.044044910111116e-19
963.2973436343634 2.0438772401577664e-19
963.3962726272626 2.0437095998591044e-19
963.495201620162 2.0435419892070578e-19
963.5941306130612 2.043374408193558e-19
963.6930596059606 2.0432068568105398e-19
963.7919885988598 2.0430393350499397e-19
963.8909175917591 2.0428718429036982e-19
963.9898465846584 2.04270438036376e-19
964.0887755775577 2.0425369474220702e-19
964.187704570457 2.0423695440705777e-19
964.2866335633563 2.0422021703012344e-19
964.3855625562555 2.042034826105997e-19
964.4844915491549 2.041867511476822e-19
964.5834205420541 2.0417002264056706e-19
964.6823495349535 2.0415329708845078e-19
964.7812785278527 2.0413657449052998e-19
964.880207520752 2.0411985484600153e-19
964.9791365136513 2.0410313815406288e-19
965.0780655065506 2.040864244139116e-19
965.1769944994498 2.0406971362474546e-19
965.2759234923492 2.0405300578576264e-19
965.3748524852484 2.0403630089616158e-19
965.4737814781478 2.0401959895514112e-19
965.5727104710471 2.040028999619002e-19
965.6716394639463 2.039862039156383e-19
965.7705684568457 2.039695108155549e-19
965.8694974497449 2.0395282066085e-19
965.9684264426443 2.0393613345072376e-19
966.0673554355435 2.0391944918437676e-19
966.1662844284429 2.0390276786100977e-19
966.2652134213421 2.0388608947982382e-19
966.3641424142414 2.038694140400204e-19
966.4630714071407 2.038527415408012e-19
966.56200040004 2.0383607198136813e-19
966.6609293929392 2.0381940536092346e-19
966.7598583858386 2.0380274167866974e-19
966.8587873787378 2.0378608093380985e-19
966.9577163716372 2.0376942312554695e-19
967.0566453645364 2.0375276825308442e-19
967.1555743574357 2.03736116315626e-19
967.254503350335 2.0371946731237573e-19
967.3534323432343 2.0370282124253793e-19
967.4523613361335 2.0368617810531715e-19
967.5512903290329 2.036695378999183e-19
967.6502193219321 2.0365290062554652e-19
967.7491483148315 2.036362662814074e-19
967.8480773077307 2.0361963486670654e-19
967.94700630063 2.0360300638065008e-19
968.0459352935293 2.035863808224445e-19
968.1448642864286 2.0356975819129618e-19
968.2437932793279 2.0355313848641217e-19
968.3427222722272 2.035365217069996e-19
968.4416512651264 2.0351990785226617e-19
968.5405802580258 2.035032969214195e-19
968.639509250925 2.0348668891366777e-19
968.7384382438244 2.0347008382821916e-19
968.8373672367236 2.0345348166428256e-19
968.9362962296229 2.0343688242106692e-19
969.0352252225222 2.034202860977812e-19
969.1341542154215 2.0340369269363522e-19
969.2330832083207 2.0338710220783877e-19
969.3320122012201 2.0337051463960173e-19
969.4309411941193 2.0335392998813478e-19
969.5298701870187 2.0333734825264842e-19
969.6287991799179 2.0332076943235368e-19
969.7277281728173 2.033041935264618e-19
969.8266571657165 2.0328762053418432e-19
969.9255861586158 2.0327105045473312e-19
970.0245151515151 2.0325448328732026e-19
970.1234441444144 2.0323791903115825e-19
970.2223731373136 2.0322135768545961e-19
970.321302130213 2.0320479924943755e-19
970.4202311231122 2.0318824372230514e-19
970.5191601160116 2.031716911032761e-19
970.6180891089108 2.0315514139156417e-19
970.7170181018101 2.031385945863835e-19
970.8159470947094 2.0312205068694863e-19
970.9148760876087 2.0310550969247403e-19
971.013805080508 2.030889716021748e-19
971.1127340734073 2.0307243641526635e-19
971.2116630663066 2.0305590413096412e-19
971.3105920592059 2.0303937474848391e-19
971.4095210521052 2.0302284826704202e-19
971.5084500450045 2.0300632468585473e-19
971.6073790379038 2.029898040041388e-19
971.706308030803 2.0297328622111128e-19
971.8052370237024 2.0295677133598926e-19
971.9041660166016 2.029402593479906e-19
972.003095009501 2.0292375025633283e-19
972.1020240024002 2.0290724406023428e-19
972.2009529952995 2.0289074075891344e-19
972.2998819881988 2.0287424035158876e-19
972.3988109810981 2.0285774283747936e-19
972.4977399739973 2.0284124821580466e-19
972.5966689668967 2.0282475648578397e-19
972.6955979597959 2.0280826764663725e-19
972.7945269526953 2.0279178169758463e-19
972.8934559455945 2.0277529863784657e-19
972.9923849384938 2.0275881846664363e-19
973.0913139313931 2.0274234118319688e-19
973.1902429242924 2.0272586678672747e-19
973.2891719171917 2.027093952764571e-19
973.388100910091 2.0269292665160755e-19
973.4870299029902 2.0267646091140084e-19
973.5859588958896 2.0265999805505943e-19
973.6848878887888 2.0264353808180602e-19
973.7838168816882 2.0262708099086362e-19
973.8827458745874 2.0261062678145534e-19
973.9816748674867 2.025941754528047e-19
974.080603860386 2.0257772700413568e-19
974.1795328532853 2.0256128143467212e-19
974.2784618461845 2.0254483874363856e-19
974.3773908390839 2.0252839893025965e-19
974.4763198319831 2.0251196199376032e-19
974.5752488248825 2.0249552793336565e-19
974.6741778177817 2.0247909674830142e-19
974.773106810681 2.0246266843779305e-19
974.8720358035803 2.0244624300106688e-19
974.9709647964796 2.024298204373491e-19
975.0698937893789 2.0241340074586647e-19
975.1688227822782 2.0239698392584575e-19
975.2677517751774 2.023805699765142e-19
975.3666807680768 2.023641588970993e-19
975.465609760976 2.0234775068682872e-19
975.5645387538754 2.0233134534493048e-19
975.6634677467746 2.0231494287063305e-19
975.7623967396739 2.0229854326316485e-19
975.8613257325732 2.0228214652175484e-19
975.9602547254725 2.0226575264563214e-19
976.0591837183717 2.0224936163402612e-19
976.1581127112711 2.0223297348616654e-19
976.2570417041703 2.0221658820128336e-19
976.3559706970697 2.022002057786069e-19
976.4548996899689 2.0218382621736768e-19
976.5538286828682 2.0216744951679644e-19
976.6527576757675 2.0215107567612444e-19
976.7516866686668 2.0213470469458295e-19
976.8506156615662 2.021183365714036e-19
976.9495446544654 2.0210197130581845e-19
977.0484736473647 2.0208560889705965e-19
977.147402640264 2.0206924934435967e-19
977.2463316331633 2.0205289264695125e-19
977.3452606260626 2.0203653880406765e-19
977.4441896189619 2.0202018781494196e-19
977.5431186118611 2.0200383967880786e-19
977.6420476047605 2.0198749439489928e-19
977.7409765976597 2.0197115196245038e-19
977.839905590559 2.0195481238069552e-19
977.9388345834583 2.0193847564886957e-19
978.0377635763576 2.0192214176620737e-19
978.1366925692569 2.0190581073194435e-19
978.2356215621562 2.0188948254531587e-19
978.3345505550554 2.0187315720555786e-19
978.4334795479548 2.0185683471190644e-19
978.532408540854 2.0184051506359796e-19
978.6313375337534 2.0182419825986916e-19
978.7302665266526 2.018078842999568e-19
978.829195519552 2.0179157318309821e-19
978.9281245124512 2.017752649085309e-19
979.0270535053505 2.0175895947549256e-19
979.1259824982498 2.0174265688322121e-19
979.2249114911491 2.0172635713095517e-19
979.3238404840483 2.0171006021793313e-19
979.4227694769477 2.0169376614339384e-19
979.5216984698469 2.0167747490657658e-19
979.6206274627463 2.0166118650672056e-19
979.7195564556455 2.0164490094306562e-19
979.8184854485448 2.016286182148517e-19
979.9174144414441 2.0161233832131903e-19
980.0163434343434 2.0159606126170805e-19
980.1152724272426 2.0157978703525967e-19
980.214201420142 2.0156351564121488e-19
980.3131304130412 2.01547247078815e-19
980.4120594059406 2.0153098134730176e-19
980.5109883988398 2.0151471844591693e-19
980.6099173917391 2.0149845837390273e-19
980.7088463846384 2.014822011305015e-19
980.8077753775377 2.0146594671495602e-19
980.906704370437 2.014496951265093e-19
981.0056333633363 2.014334463644046e-19
981.1045623562355 2.0141720042788538e-19
981.2034913491349 2.0140095731619537e-19
981.3024203420341 2.013847170285789e-19
981.4013493349335 2.0136847956428006e-19
981.5002783278327 2.0135224492254356e-19
981.599207320732 2.013360131026144e-19
981.6981363136313 2.0131978410373765e-19
981.7970653065306 2.0130355792515866e-19
981.8959942994298 2.0128733456612326e-19
981.9949232923292 2.0127111402587744e-19
982.0938522852284 2.0125489630366733e-19
982.1927812781278 2.0123868139873964e-19
982.2917102710271 2.0122246931034106e-19
982.3906392639263 2.0120626003771866e-19
982.4895682568257 2.0119005358011974e-19
982.5884972497249 2.011738499367921e-19
982.6874262426243 2.0115764910698334e-19
982.7863552355235 2.0114145108994195e-19
982.8852842284228 2.0112525588491603e-19
982.9842132213221 2.0110906349115444e-19
983.0831422142214 2.0109287390790619e-19
983.1820712071207 2.0107668713442046e-19
983.28100020002 2.0106050316994677e-19
983.3799291929192 2.010443220137349e-19
983.4788581858186 2.0102814366503483e-19
983.5777871787178 2.010119681230971e-19
983.6767161716172 2.0099579538717201e-19
983.7756451645164 2.009796254565107e-19
983.8745741574157 2.0096345833036408e-19
983.973503150315 2.0094729400798374e-19
984.0724321432143 2.0093113248862116e-19
984.1713611361135 2.0091497377152836e-19
984.2702901290129 2.0089881785595757e-19
984.3692191219121 2.0088266474116131e-19
984.4681481148115 2.008665144263923e-19
984.5670771077107 2.0085036691090343e-19
984.66600610061 2.0083422219394824e-19
984.7649350935093 2.0081808027478014e-19
984.8638640864086 2.0080194115265298e-19
984.9627930793079 2.007858048268207e-19
985.0617220722072 2.007696712965379e-19
985.1606510651064 2.0075354056105903e-19
985.2595800580058 2.0073741261963911e-19
985.358509050905 2.0072128747153325e-19
985.4574380438044 2.0070516511599696e-19
985.5563670367036 2.0068904555228578e-19
985.6552960296029 2.0067292877965585e-19
985.7542250225022 2.0065681479736324e-19
985.8531540154015 2.0064070360466468e-19
985.9520830083007 2.006245952008167e-19
986.0510120012001 2.006084895850765e-19
986.1499409940993 2.005923867567013e-19
986.2488699869987 2.0057628671494872e-19
986.3477989798979 2.0056018945907667e-19
986.4467279727972 2.0054409498834309e-19
986.5456569656965 2.005280033020065e-19
986.6445859585958 2.0051191439932546e-19
986.7435149514951 2.0049582827955894e-19
986.8424439443944 2.0047974494196601e-19
986.9413729372936 2.0046366438580624e-19
987.040301930193 2.0044758661033915e-19
987.1392309230922 2.0043151161482494e-19
987.2381599159916 2.0041543939852373e-19
987.3370889088908 2.0039936996069594e-19
987.4360179017901 2.003833033006025e-19
987.5349468946894 2.0036723941750437e-19
987.6338758875887 2.003511783106628e-19
987.732804880488 2.0033511997933947e-19
987.8317338733873 2.0031906442279609e-19
987.9306628662866 2.003030116402948e-19
988.0295918591859 2.002869616310981e-19
988.1285208520852 2.0027091439446832e-19
988.2274498449844 2.0025486992966862e-19
988.3263788378838 2.002388282359619e-19
988.425307830783 2.002227893126118e-19
988.5242368236824 2.0020675315888194e-19
988.6231658165816 2.0019071977403622e-19
988.722094809481 2.0017468915733887e-19
988.8210238023802 2.001586613080544e-19
988.9199527952795 2.0014263622544746e-19
989.0188817881788 2.0012661390878316e-19
989.1178107810781 2.0011059435732668e-19
989.2167397739773 2.000945775703436e-19
989.3156687668767 2.0007856354709967e-19
989.4145977597759 2.0006255228686094e-19
989.5135267526753 2.0004654378889373e-19
989.6124557455745 2.0003053805246477e-19
989.7113847384738 2.0001453507684067e-19
989.8103137313731 1.999985348612887e-19
989.9092427242724 1.9998253740507604e-19
990.0081717171716 1.999665427074706e-19
990.107100710071 1.9995055076774e-19
990.2060297029702 1.9993456158515262e-19
990.3049586958696 1.9991857515897674e-19
990.4038876887688 1.9990259148848103e-19
990.5028166816682 1.9988661057293457e-19
990.6017456745674 1.998706324116064e-19
990.7006746674667 1.9985465700376599e-19
990.799603660366 1.9983868434868321e-19
990.8985326532653 1.998227144456279e-19
990.9974616461645 1.998067472938705e-19
991.0963906390639 1.997907828926813e-19
991.1953196319631 1.997748212413312e-19
991.2942486248625 1.9975886233909116e-19
991.3931776177617 1.997429061852325e-19
991.492106610661 1.9972695277902678e-19
991.5910356035603 1.9971100211974589e-19
991.6899645964596 1.9969505420666177e-19
991.7888935893588 1.996791090390468e-19
991.8878225822582 1.9966316661617364e-19
991.9867515751574 1.9964722693731505e-19
992.0856805680568 1.9963129000174426e-19
992.184609560956 1.9961535580873448e-19
992.2835385538554 1.995994243575595e-19
992.3824675467546 1.9958349564749315e-19
992.4813965396539 1.995675696778096e-19
992.5803255325532 1.9955164644778326e-19
992.6792545254525 1.9953572595668875e-19
992.7781835183517 1.9951980820380107e-19
992.8771125112511 1.9950389318839536e-19
992.9760415041503 1.9948798090974712e-19
993.0749704970497 1.9947207136713201e-19
993.1738994899489 1.9945616455982604e-19
993.2728284828482 1.9944026048710546e-19
993.3717574757476 1.9942435914824657e-19
993.4706864686468 1.994084605425264e-19
993.5696154615462 1.993925646692218e-19
993.6685444544454 1.9937667152761003e-19
993.7674734473447 1.993607811169685e-19
993.866402440244 1.993448934365752e-19
993.9653314331433 1.99329008485708e-19
994.0642604260426 1.9931312626364531e-19
994.1631894189419 1.9929724676966557e-19
994.2621184118411 1.9928137000304766e-19
994.3610474047405 1.9926549596307058e-19
994.4599763976397 1.9924962464901374e-19
994.558905390539 1.9923375606015662e-19
994.6578343834383 1.992178901957791e-19
994.7567633763376 1.9920202705516125e-19
994.8556923692369 1.9918616663758343e-19
994.9546213621362 1.991703089423263e-19
995.0535503550354 1.9915445396867066e-19
995.1524793479348 1.991386017158975e-19
995.251408340834 1.9912275218328848e-19
995.3503373337334 1.99106905370125e-19
995.4492663266326 1.9909106127568907e-19
995.5481953195319 1.9907521989926278e-19
995.6471243124312 1.9905938124012856e-19
995.7460533053305 1.99043545297569e-19
995.8449822982298 1.99027712070867e-19
995.9439112911291 1.990118815593058e-19
996.0428402840283 1.9899605376216873e-19
996.1417692769277 1.9898022867873963e-19
996.2406982698269 1.9896440630830226e-19
996.3396272627263 1.9894858665014082e-19
996.4385562556255 1.9893276970353982e-19
996.5374852485248 1.9891695546778394e-19
996.6364142414241 1.9890114394215809e-19
996.7353432343234 1.988853351259476e-19
996.8342722272226 1.9886952901843771e-19
996.933201220122 1.9885372561891427e-19
997.0321302130212 1.9883792492666325e-19
997.1310592059206 1.988221269409709e-19
997.2299881988198 1.9880633166112356e-19
997.3289171917191 1.987905390864081e-19
997.4278461846184 1.9877474921611134e-19
997.5267751775177 1.987589620495207e-19
997.625704170417 1.9874317758592365e-19
997.7246331633163 1.987273958246078e-19
997.8235621562155 1.9871161676486122e-19
997.9224911491149 1.9869584040597212e-19
998.0214201420141 1.98680066747229e-19
998.1203491349135 1.9866429578792076e-19
998.2192781278127 1.986485275273363e-19
998.318207120712 1.986327619647648e-19
998.4171361136113 1.9861699909949595e-19
998.5160651065106 1.9860123893081935e-19
998.6149940994098 1.9858548145802513e-19
998.7139230923092 1.985697266804035e-19
998.8128520852084 1.9855397459724501e-19
998.9117810781078 1.985382252078404e-19
999.0107100710071 1.9852247851148083e-19
999.1096390639063 1.9850673450745735e-19
999.2085680568057 1.9849099319506173e-19
999.3074970497049 1.9847525457358554e-19
999.4064260426043 1.9845951864232097e-19
999.5053550355035 1.9844378540056025e-19
999.6042840284028 1.9842805484759587e-19
999.7032130213021 1.984123269827207e-19
999.8021420142014 1.9839660180522774e-19
999.9010710071007 1.983808793144103e-19
1000.0 1.9836515950956183e-19
