0.0 0.0
12.4741 0.0
12.572862466246624 1.7089905763381e-23
12.671624932493248 5.453288918056325e-23
12.770387398739874 1.1262559561815457e-22
12.869149864986499 1.9137922773686544e-22
12.967912331233123 2.905688259798262e-22
13.066674797479749 4.0977586301673155e-22
13.165437263726373 5.484249947500646e-22
13.264199729972997 7.058157060454327e-22
13.362962196219621 8.811494979625982e-22
13.461724662466246 1.0735531832745609e-21
13.560487128712872 1.2820987870148921e-21
13.659249594959496 1.5058204874274767e-21
13.75801206120612 1.743728978916884e-21
13.856774527452746 1.994823591453199e-21
13.95553699369937 2.2581024595410948e-21
14.054299459945994 2.532570997599734e-21
14.153061926192619 2.8172489067796816e-21
14.251824392439243 3.111175910317881e-21
14.350586858685869 3.413416390021796e-21
14.449349324932493 3.7230630749519316e-21
14.548111791179117 4.039239914479627e-21
14.646874257425743 4.361104251303274e-21
14.745636723672368 4.687848395436962e-21
14.844399189918992 5.018700687390297e-21
14.943161656165616 5.352926127520184e-21
15.04192412241224 5.68982663866931e-21
15.140686588658866 6.028741020543873e-21
15.23944905490549 6.369044646675662e-21
15.338211521152115 6.710148948139078e-21
15.43697398739874 7.051500722338525e-21
15.535736453645365 7.392581300040318e-21
15.634498919891989 7.732905599319689e-21
15.733261386138613 8.072021091147681e-21
15.832023852385237 8.409506697877242e-21
15.930786318631863 8.744971642867345e-21
16.029548784878486 9.078054266828424e-21
16.128311251125112 9.408420824162068e-21
16.227073717371738 9.735764270538995e-21
16.32583618361836 1.005980305120285e-20
16.424598649864986 1.0380279897940514e-20
16.52336111611161 1.0696960641329496e-20
16.622123582358235 1.1009633043703245e-20
16.72088604860486 1.1318105657270081e-20
16.819648514851487 1.1622206710944719e-20
16.91841098109811 1.1921783028698494e-20
17.017173447344735 1.2216698981580755e-20
17.115935913591358 1.2506835475007007e-20
17.214698379837984 1.279208897242517e-20
17.31346084608461 1.3072370556067254e-20
17.412223312331232 1.3347605025140277e-20
17.510985778577858 1.3617730031519695e-20
17.60974824482448 1.388269525275625e-20
17.708510711071106 1.4142461602005093e-20
17.807273177317732 1.439700047430958e-20
17.90603564356436 1.4646293028533992e-20
18.00479810981098 1.4890329504126756e-20
18.103560576057603 1.512910857180029e-20
18.20232304230423 1.5362636717148437e-20
18.301085508550855 1.5590927656166036e-20
18.39984797479748 1.581400178159592e-20
18.498610441044104 1.603188563900654e-20
18.59737290729073 1.6244611431484774e-20
18.696135373537352 1.6452216551823718e-20
18.794897839783978 1.665474314108986e-20
18.893660306030604 1.6852237672459626e-20
18.992422772277227 1.7044750559229828e-20
19.091185238523853 1.7232335785928314e-20
19.189947704770475 1.7415050561468434e-20
19.2887101710171 1.7592954993321336e-20
19.387472637263727 1.7766111781703184e-20
19.486235103510353 1.793458593280795e-20
19.584997569756975 1.809844449014297e-20
19.683760036003598 1.8257756283061253e-20
19.782522502250224 1.8412591691611386e-20
19.88128496849685 1.856302242686217e-20
19.980047434743476 1.8709121325891676e-20
20.078809900990098 1.8850962160660575e-20
20.177572367236724 1.8988619460024767e-20
20.276334833483347 1.9122168344171017e-20
20.375097299729973 1.9251684370794956e-20
20.4738597659766 1.937724339236525e-20
20.57262223222322 1.9498921423853815e-20
20.671384698469847 1.96167945203362e-20
20.77014716471647 1.973093866389673e-20
20.868909630963095 1.9841429659299813e-20
20.96767209720972 1.9948343037914197e-20
21.066434563456347 2.0051753969403803e-20
21.16519702970297 2.0151737180721688e-20
21.263959495949592 2.02483668819684e-20
21.36272196219622 2.0341716698697138e-20
21.461484428442844 2.0431859610271658e-20
21.56024689468947 2.0518867893901235e-20
21.659009360936093 2.0602813073998518e-20
21.75777182718272 2.0683765876524393e-20
21.85653429342934 2.0761796188002914e-20
21.955296759675967 2.083697301890386e-20
22.054059225922593 2.0909364471111005e-20
22.152821692169216 2.0979037709206626e-20
22.25158415841584 2.104605893531849e-20
22.350346624662464 2.1110493367291166e-20
22.44910909090909 2.1172405219954748e-20
22.547871557155716 2.1231857689278533e-20
22.646634023402342 2.1288912939208857e-20
22.745396489648964 2.1343632091001954e-20
22.844158955895587 2.1396075214872673e-20
22.942921422142213 2.1446301323793002e-20
23.04168388838884 2.1494368369280183e-20
23.140446354635465 2.154033323902765e-20
23.239208820882087 2.1584251756237877e-20
23.337971287128713 2.162617868052578e-20
23.436733753375336 2.1666167710269997e-20
23.53549621962196 2.1704271486294786e-20
23.634258685868588 2.1740541596774753e-20
23.73302115211521 2.177502858325955e-20
23.831783618361836 2.1807781947723195e-20
23.93054608460846 2.1838850160547342e-20
24.029308550855085 2.186828066935533e-20
24.12807101710171 2.1896119908617606e-20
24.226833483348337 2.192241330995448e-20
24.32559594959496 2.19472053130676e-20
24.42435841584158 2.1970539377235556e-20
24.523120882088207 2.199245799331294e-20
24.621883348334833 2.2013002696177073e-20
24.72064581458146 2.2032214077569004e-20
24.819408280828082 2.2050131799280786e-20
24.918170747074708 2.206679460664255e-20
25.01693321332133 2.208224034226728e-20
25.115695679567956 2.209650596001274e-20
25.214458145814582 2.210962753912648e-20
25.313220612061205 2.2121640298535344e-20
25.41198307830783 2.2132578611252054e-20
25.510745544554453 2.2142476018867198e-20
25.60950801080108 2.215136524609971e-20
25.708270477047705 2.2159278215380782e-20
25.80703294329433 2.2166246061448498e-20
25.905795409540954 2.2172299145931077e-20
26.004557875787576 2.2177467071899173e-20
26.103320342034202 2.2181778698369188e-20
26.202082808280828 2.2185262154740886e-20
26.300845274527454 2.218794485515409e-20
26.399607740774076 2.2189853512750567e-20
26.498370207020702 2.219101415382785e-20
26.597132673267325 2.219145213187446e-20
26.69589513951395 2.219119214147509e-20
26.794657605760577 2.2190258232076487e-20
26.8934200720072 2.2188673821605942e-20
26.992182538253825 2.2186461709934063e-20
27.090945004500448 2.2183644092175427e-20
27.189707470747074 2.2180242571820627e-20
27.2884699369937 2.2176278173695187e-20
27.387232403240326 2.217177135673921e-20
27.485994869486948 2.2166742026605252e-20
27.58475733573357 2.2161209548069606e-20
27.683519801980196 2.2155192757254904e-20
27.782282268226822 2.214870997366114e-20
27.88104473447345 2.2141779012003058e-20
27.97980720072007 2.213441719385283e-20
28.078569666966697 2.2126641359086148e-20
28.17733213321332 2.2118467877131137e-20
28.276094599459945 2.2109912658020504e-20
28.37485706570657 2.2100991163244477e-20
28.473619531953194 2.2091718416408264e-20
28.57238199819982 2.2082109013690223e-20
28.671144464446442 2.2072177134104975e-20
28.769906930693068 2.206193654957022e-20
28.868669396939694 2.205140063477924e-20
28.967431863186317 2.204058237687967e-20
29.066194329432943 2.2029494384961114e-20
29.16495679567957 2.2018148899351658e-20
29.26371926192619 2.2006557800726533e-20
29.362481728172817 2.199473261902954e-20
29.461244194419443 2.1982684542210348e-20
29.560006660666065 2.1970424424778662e-20
29.65876912691269 2.1957962796178293e-20
29.757531593159314 2.1945309868982844e-20
29.85629405940594 2.1932475546915718e-20
29.955056525652566 2.191946943269662e-20
30.05381899189919 2.1906300835716997e-20
30.152581458145814 2.189297877954721e-20
30.251343924392437 2.1879512009277478e-20
30.350106390639063 2.1865908998695614e-20
30.44886885688569 2.1852177957304057e-20
30.54763132313231 2.18383268371785e-20
30.646393789378937 2.1824363339671322e-20
30.745156255625563 2.1810294921961903e-20
30.843918721872186 2.179612880345698e-20
30.94268118811881 2.178187197204327e-20
31.041443654365438 2.176753119019524e-20
31.14020612061206 2.1753113000940908e-20
31.238968586858686 2.1738623733687626e-20
31.33773105310531 2.1724069509911278e-20
31.436493519351934 2.1709456248711015e-20
31.53525598559856 2.1694789672232487e-20
31.634018451845183 2.168007531096138e-20
31.73278091809181 2.1665318508890995e-20
31.83154338433843 2.1650524428565566e-20
31.930305850585057 2.163569805600195e-20
32.02906831683168 2.162084420549236e-20
32.12783078307831 2.160596752429076e-20
32.226593249324935 2.1591072497184675e-20
32.32535571557156 2.1576163450955604e-20
32.42411818181818 2.156124455872997e-20
32.522880648064806 2.1546319844223154e-20
32.62164311431143 2.1531393185878502e-20
32.72040558055805 2.151646832090416e-20
32.81916804680468 2.1501548849209723e-20
32.9179305130513 2.148663823724461e-20
33.01669297929793 2.147173982174084e-20
33.115455445544555 2.1456856813361997e-20
33.21421791179118 2.144199230026057e-20
33.31298037803781 2.1427149251545845e-20
33.411742844284426 2.141233052066413e-20
33.51050531053105 2.1397538848693517e-20
33.60926777677768 2.1382776867555242e-20
33.7080302430243 2.1368047103142976e-20
33.80679270927092 2.1353351978372724e-20
33.90555517551755 2.1338693816154647e-20
34.004317641764175 2.1324074842288818e-20
34.1030801080108 2.130949718828652e-20
34.20184257425743 2.129496289411913e-20
34.30060504050405 2.128047391089606e-20
34.39936750675068 2.1266032103473395e-20
34.4981299729973 2.1251639252995115e-20
34.59689243924392 2.1237297059368293e-20
34.69565490549055 2.12230071436739e-20
34.79441737173717 2.120877105051483e-20
34.893179837983794 2.119459025030247e-20
34.99194230423042 2.118046614148357e-20
35.090704770477046 2.1166400052708773e-20
35.18946723672367 2.1152393244943782e-20
35.2882297029703 2.1138446913525367e-20
35.386992169216924 2.1124562190162858e-20
35.48575463546355 2.1110740144886922e-20
35.58451710171017 2.1096981787946388e-20
35.683279567956795 2.108328807165507e-20
35.78204203420342 2.1069659892189383e-20
35.88080450045004 2.105609809133778e-20
35.979566966696666 2.1042603458203926e-20
36.07832943294329 2.1029176730863886e-20
36.17709189918992 2.1015818597979224e-20
36.275854365436544 2.100252970036647e-20
36.37461683168317 2.0989310632524628e-20
36.473379297929796 2.0976161944121294e-20
36.572141764176415 2.0963084141438708e-20
36.67090423042304 2.0950077688780655e-20
36.76966669666967 2.0937143009841092e-20
36.868429162916286 2.092428048903585e-20
36.96719162916291 2.091149047279759e-20
37.06595409540954 2.089877327083606e-20
37.164716561656164 2.0886129157363182e-20
37.26347902790279 2.08735583722851e-20
37.362241494149416 2.0861061122361373e-20
37.46100396039604 2.0848637582332007e-20
37.55976642664267 2.0836287896013688e-20
37.65852889288929 2.0824012177365764e-20
37.75729135913591 2.0811810511526303e-20
37.85605382538254 2.079968295581998e-20
37.95481629162916 2.07876295407374e-20
38.05357875787578 2.0775650270887364e-20
38.15234122412241 2.076374512592274e-20
38.251103690369035 2.0751914061439765e-20
38.34986615661566 2.0740157009852915e-20
38.44862862286229 2.0728473881244504e-20
38.54739108910891 2.0716864564190742e-20
38.64615355535554 2.0705328926564113e-20
38.74491602160216 2.0693866816313455e-20
38.843678487848784 2.0682478062221365e-20
38.94244095409541 2.0671162474640484e-20
39.04120342034203 2.0659919846208428e-20
39.139965886588655 2.064874995254252e-20
39.23872835283528 2.063765255291437e-20
39.33749081908191 2.0626627390905264e-20
39.43625328532853 2.061567419504249e-20
39.53501575157516 2.0604792679417203e-20
39.633778217821785 2.0593982544284524e-20
39.732540684068404 2.058324347664625e-20
39.83130315031503 2.057257515081618e-20
39.930065616561656 2.0561977228969344e-20
40.028828082808275 2.0551449361674852e-20
40.1275905490549 2.0540991188413098e-20
40.22635301530153 2.0530602338077778e-20
40.32511548154815 2.052028242946291e-20
40.42387794779478 2.051003107173546e-20
40.522640414041405 2.0499847864893962e-20
40.62140288028803 2.048973240021311e-20
40.72016534653466 2.047968426067534e-20
40.818927812781276 2.0469703021389357e-20
40.9176902790279 2.0459788249995637e-20
41.01645274527453 2.0449939507060242e-20
41.115215211521146 2.0440156346456128e-20
41.21397767776777 2.043043831573293e-20
41.3127401440144 2.0420784956475655e-20
41.411502610261024 2.0411195804651882e-20
41.51026507650765 2.0401670390948518e-20
41.609027542754276 2.0392208241098094e-20
41.7077900090009 2.0382808876194725e-20
41.80655247524753 2.0373471813000227e-20
41.90531494149415 2.0364196564240697e-20
42.00407740774077 2.035498263889352e-20
42.1028398739874 2.0345829542465473e-20
42.20160234023402 2.033673677726178e-20
42.300364806480644 2.0327703842646617e-20
42.39912727272727 2.0318730235295165e-20
42.497889738973896 2.0309815449437632e-20
42.59665220522052 2.0300958977095064e-20
42.69541467146715 2.029216030830772e-20
42.794177137713774 2.0283418931355768e-20
42.89293960396039 2.027473433297262e-20
42.99170207020702 2.026610599855128e-20
43.090464536453645 2.02575334123438e-20
43.189227002700264 2.0249016057653756e-20
43.28798946894689 2.024055341702261e-20
43.386751935193516 2.023214497240922e-20
43.48551440144014 2.0223790205363544e-20
43.58427686768677 2.0215488597194273e-20
43.683039333933394 2.0207239629130436e-20
43.78180180018002 2.0199042782477426e-20
43.880564266426646 2.0190897538767654e-20
43.979326732673265 2.0182803379905625e-20
44.07808919891989 2.01747597883078e-20
44.17685166516652 2.01667662470376e-20
44.275614131413136 2.0158822239935267e-20
44.37437659765976 2.015092725174294e-20
44.47313906390639 2.0143080768225322e-20
44.57190153015301 2.0135282276285517e-20
44.67066399639964 2.012753126407663e-20
44.769426462646265 2.0119827221109074e-20
44.868188928892884 2.0112169638353747e-20
44.96695139513951 2.010455800834117e-20
45.065713861386136 2.0096991825256663e-20
45.16447632763276 2.0089470585031793e-20
45.26323879387939 2.008199378543209e-20
45.362001260126014 2.0074560926141176e-20
45.46076372637263 2.006717150884143e-20
45.55952619261926 2.0059825037291283e-20
45.658288658865885 2.005252101739912e-20
45.75705112511251 2.0045258957294253e-20
45.85581359135914 2.0038038367394474e-20
45.954576057605756 2.003085876047082e-20
46.05333852385238 2.002371965170938e-20
46.15210099009901 2.001662055877028e-20
46.250863456345634 2.000956100184385e-20
46.34962592259226 2.0002540503704267e-20
46.448388388838886 1.9995558589760337e-20
46.547150855085505 1.9988614788104224e-20
46.64591332133213 1.998170862955731e-20
46.74467578757876 1.9974839647713892e-20
46.84343825382538 1.9968007378982612e-20
46.94220072007201 1.9961211362625618e-20
47.04096318631863 1.9954451140795516e-20
47.139725652565254 1.9947726258570388e-20
47.23848811881188 1.9941036263986658e-20
47.337250585058506 1.9934380708070037e-20
47.43601305130513 1.9927759144864602e-20
47.53477551755175 1.9921171131460015e-20
47.63353798379838 1.991461622801686e-20
47.732300450045 1.990809399779045e-20
47.83106291629163 1.9901604007152837e-20
47.929825382538255 1.9895145825613145e-20
48.02858784878487 1.988871902583651e-20
48.1273503150315 1.9882323183661278e-20
48.226112781278125 1.9875957878115016e-20
48.32487524752475 1.9869622691428757e-20
48.42363771377138 1.9863317209050177e-20
48.522400180018 1.9857041019655248e-20
48.62116264626462 1.9850793715158677e-20
48.71992511251125 1.9844574890723103e-20
48.818687578757874 1.9838384144767042e-20
48.9174500450045 1.9832221078971683e-20
49.016212511251126 1.9826085298286616e-20
49.114974977497745 1.981997641093435e-20
49.21373744374437 1.9813894028413986e-20
49.312499909991 1.9807837765503536e-20
49.41126237623762 1.9801807240261658e-20
49.51002484248425 1.9795802074028118e-20
49.608787308730875 1.9789821891423485e-20
49.707549774977494 1.978386632034806e-20
49.80631224122412 1.9777934991979612e-20
49.905074707470746 1.9772027540770636e-20
50.00383717371737 1.9766143604444654e-20
50.102599639964 1.9760282823991732e-20
50.20136210621062 1.9754444843663416e-20
50.30012457245724 1.9748629310966707e-20
50.39888703870387 1.9742835876657625e-20
50.497649504950495 1.973706419473392e-20
50.59641197119712 1.973131392242725e-20
50.69517443744374 1.972558472019471e-20
50.793936903690366 1.971987625170982e-20
50.89269936993699 1.971418818385282e-20
50.99146183618362 1.9708520186700637e-20
51.090224302430244 1.970287193351616e-20
51.18898676867686 1.9697243100737114e-20
51.28774923492349 1.969163336796431e-20
51.386511701170114 1.9686042417949752e-20
51.48527416741674 1.9680469936583864e-20
51.584036633663366 1.9674915612882714e-20
51.68279909990999 1.966937913897456e-20
51.78156156615661 1.96638602100861e-20
51.88032403240324 1.965835852452845e-20
51.97908649864986 1.965287378368255e-20
52.07784896489649 1.9647405691984478e-20
52.176611431143115 1.9641953956910213e-20
52.275373897389734 1.9636518288960353e-20
52.37413636363636 1.9631098401644304e-20
52.472898829882986 1.9625694011464284e-20
52.57166129612961 1.962030483789912e-20
52.67042376237624 1.961493060338771e-20
52.769186228622864 1.9609571033312298e-20
52.86794869486948 1.9604225855981518e-20
52.96671116111611 1.959889480261319e-20
53.065473627362735 1.9593577607317007e-20
53.16423609360936 1.95882740070769e-20
53.26299855985599 1.958298374173338e-20
53.361761026102606 1.957770655396555e-20
53.46052349234923 1.957244218927313e-20
53.55928595859586 1.9567190395958184e-20
53.658048424842484 1.956195092510682e-20
53.75681089108911 1.9556723530570727e-20
53.85557335733573 1.9551507968948565e-20
53.954335823582355 1.954630399956726e-20
54.05309828982898 1.9541111384463292e-20
54.15186075607561 1.953592988836371e-20
54.25062322232223 1.953075927866721e-20
54.34938568856885 1.9525599325425164e-20
54.44814815481548 1.95204498013224e-20
54.5469106210621 1.9515310481658072e-20
54.64567308730873 1.9510181144326465e-20
54.744435553555356 1.9505061569797696e-20
54.84319801980198 1.9499951541098442e-20
54.9419604860486 1.9494850843792526e-20
55.040722952295226 1.9489759265961667e-20
55.13948541854185 1.9484676598185957e-20
55.23824788478848 1.9479602633524557e-20
55.337010351035104 1.9474537167496195e-20
55.43577281728172 1.946947999805986e-20
55.53453528352835 1.9464430925595258e-20
55.633297749774975 1.94593897528835e-20
55.7320602160216 1.945435628508765e-20
55.83082268226823 1.9449330329733337e-20
55.92958514851485 1.9444311696689403e-20
56.02834761476147 1.9439300198148554e-20
56.1271100810081 1.943429564860807e-20
56.225872547254724 1.9429297864850488e-20
56.32463501350135 1.9424306665924343e-20
56.423397479747976 1.941932187312508e-20
56.522159945994595 1.94143433099757e-20
56.62092241224122 1.9409370802207822e-20
56.71968487848785 1.9404404177742524e-20
56.81844734473447 1.9399443266671386e-20
56.9172098109811 1.9394487901237496e-20
57.01597227722772 1.938953791581661e-20
57.114734743474344 1.9384593146898208e-20
57.21349720972097 1.9379653433066927e-20
57.312259675967596 1.937471861498366e-20
57.41102214221422 1.9369788535367082e-20
57.50978460846084 1.936486303897504e-20
57.60854707470747 1.9359941972586027e-20
57.70730954095409 1.9355025184980906e-20
57.80607200720072 1.935011252692448e-20
57.904834473447345 1.9345203851147314e-20
58.00359693969397 1.934029901232756e-20
58.10235940594059 1.9335397867072936e-20
58.201121872187215 1.9330500273902657e-20
58.29988433843384 1.9325606093229658e-20
58.39864680468047 1.9320715187342677e-20
58.49740927092709 1.931582742038865e-20
58.59617173717371 1.9310942658355024e-20
58.69493420342034 1.9306060769052306e-20
58.793696669666964 1.9301181622096586e-20
58.89245913591359 1.9296305088892212e-20
58.991221602160216 1.929143104261462e-20
59.08998406840684 1.928655935819317e-20
59.18874653465346 1.9281689912294072e-20
59.28750900090009 1.9276822583303572e-20
59.38627146714671 1.927195725131108e-20
59.48503393339334 1.9267093798092412e-20
59.583796399639965 1.92622321070932e-20
59.682558865886584 1.9257372063412467e-20
59.78132133213321 1.9252513553786105e-20
59.880083798379836 1.924765646657064e-20
59.97884626462646 1.9242800691727056e-20
60.07760873087309 1.9237946120804685e-20
60.17637119711971 1.923309264692524e-20
60.27513366336633 1.922824016476699e-20
60.37389612961296 1.9223388570548947e-20
60.472658595859585 1.9218537762015273e-20
60.57142106210621 1.9213687638419698e-20
60.67018352835283 1.920883810051013e-20
60.768945994599456 1.9203989050513355e-20
60.86770846084608 1.9199140392119754e-20
60.96647092709271 1.9194292030468314e-20
61.065233393339334 1.918944387213157e-20
61.16399585958596 1.918459582510077e-20
61.26275832583258 1.91797477987711e-20
61.361520792079205 1.9174899703927025e-20
61.46028325832583 1.9170051452727785e-20
61.55904572457246 1.9165202958692904e-20
61.65780819081908 1.9160354136687973e-20
61.7565706570657 1.9155504902910348e-20
61.85533312331233 1.9150655174875075e-20
61.95409558955895 1.9145804871400974e-20
62.05285805580558 1.9140953912596682e-20
62.151620522052205 1.9136102219846922e-20
62.25038298829883 1.913124971579887e-20
62.34914545454545 1.91263963243486e-20
62.447907920792076 1.91215419706276e-20
62.5466703870387 1.9116686580989544e-20
62.64543285328533 1.9111830082997012e-20
62.744195319531954 1.9106972405408397e-20
62.84295778577857 1.9102113478164916e-20
62.9417202520252 1.9097253232377757e-20
63.040482718271825 1.909239160031518e-20
63.13924518451845 1.9087528515389982e-20
63.23800765076508 1.9082663912146902e-20
63.336770117011696 1.9077797726250084e-20
63.43553258325832 1.907292989447082e-20
63.53429504950495 1.9068060354675257e-20
63.633057515751574 1.9063189045812232e-20
63.7318199819982 1.905831590790134e-20
63.83058244824482 1.905344088202087e-20
63.929344914491445 1.904856391029611e-20
64.02810738073808 1.9043684935887503e-20
64.1268698469847 1.9038803902979152e-20
64.22563231323133 1.9033920756767198e-20
64.32439477947796 1.9029035443448475e-20
64.42315724572457 1.9024147910209174e-20
64.5219197119712 1.901925810521364e-20
64.62068217821782 1.9014365977593265e-20
64.71944464446445 1.900947147743547e-20
64.81820711071107 1.900457455577282e-20
64.91696957695768 1.8999675164572192e-20
65.01573204320431 1.8994773256724083e-20
65.11449450945094 1.898986878603198e-20
65.21325697569756 1.8984961707201864e-20
65.31201944194419 1.8980051975831782e-20
65.41078190819081 1.897513954840153e-20
65.50954437443744 1.8970224382262417e-20
65.60830684068407 1.8965306435627157e-20
65.70706930693069 1.896038566755983e-20
65.80583177317732 1.8955462037965922e-20
65.90459423942394 1.895053550758248e-20
66.00335670567057 1.8945606037968396e-20
66.1021191719172 1.894067359149469e-20
66.20088163816382 1.8935738131334968e-20
66.29964410441045 1.893079962145596e-20
66.39840657065707 1.8925858026608073e-20
66.49716903690368 1.8920913312316157e-20
66.59593150315031 1.8915965444870272e-20
66.69469396939694 1.891101439131654e-20
66.79345643564356 1.890606011944814e-20
66.89221890189019 1.890110259779637e-20
66.9909813681368 1.8896141795621735e-20
67.08974383438343 1.889117768290525e-20
67.18850630063005 1.8886210230339687e-20
67.28726876687668 1.8881239409321014e-20
67.3860312331233 1.8876265191939834e-20
67.48479369936993 1.8871287550973007e-20
67.58355616561656 1.8866306459875255e-20
67.68231863186318 1.8861321892770867e-20
67.78108109810981 1.885633382444561e-20
67.87984356435643 1.8851342230338525e-20
67.97860603060306 1.884634708653391e-20
68.07736849684969 1.8841348369753436e-20
68.17613096309631 1.883634605734823e-20
68.27489342934294 1.8831340127291088e-20
68.37365589558956 1.882633055816877e-20
68.47241836183619 1.882131732917439e-20
68.57118082808282 1.8816300420099818e-20
68.66994329432943 1.8811279811328217e-20
68.76870576057605 1.8806255483826664e-20
68.86746822682268 1.880122741913877e-20
68.9662306930693 1.8796195599377475e-20
69.06499315931593 1.879116000721782e-20
69.16375562556254 1.8786120625889872e-20
69.26251809180917 1.8781077439171668e-20
69.3612805580558 1.8776030431382276e-20
69.46004302430242 1.8770979587374848e-20
69.55880549054905 1.8765924892529863e-20
69.65756795679567 1.8760866332748343e-20
69.7563304230423 1.8755803894445145e-20
69.85509288928893 1.8750737564542405e-20
69.95385535553555 1.8745667330462934e-20
70.05261782178218 1.8740593180123787e-20
70.1513802880288 1.873551510192982e-20
70.25014275427543 1.873043308476736e-20
70.34890522052206 1.8725347117997922e-20
70.44766768676868 1.872025719145199e-20
70.54643015301531 1.87151632954229e-20
70.64519261926193 1.8710065420660726e-20
70.74395508550855 1.870496355836624e-20
70.84271755175517 1.8699857700185026e-20
70.9414800180018 1.8694747838201512e-20
71.04024248424842 1.86896339649332e-20
71.13900495049505 1.8684516073324813e-20
71.23776741674166 1.8679394156742694e-20
71.33652988298829 1.8674268208969052e-20
71.43529234923491 1.8669138224196463e-20
71.53405481548154 1.8664004197022265e-20
71.63281728172817 1.865886612244312e-20
71.73157974797479 1.865372399584963e-20
71.83034221422142 1.8648577813020918e-20
71.92910468046804 1.8643427570119392e-20
72.02786714671467 1.8638273263685452e-20
72.1266296129613 1.8633114890632327e-20
72.22539207920792 1.8627952448240975e-20
72.32415454545455 1.862278593415495e-20
72.42291701170117 1.861761534637543e-20
72.5216794779478 1.8612440683256214e-20
72.62044194419443 1.8607261943498863e-20
72.71920441044105 1.8602079126147764e-20
72.81796687668766 1.8596892230585393e-20
72.91672934293429 1.8591701256527525e-20
73.01549180918092 1.8586506204018558e-20
73.11425427542754 1.858130707342681e-20
73.21301674167417 1.857610386543998e-20
73.31177920792078 1.857089658106056e-20
73.4105416741674 1.8565685221601333e-20
73.50930414041403 1.8560469788680935e-20
73.60806660666066 1.8555250284219448e-20
73.70682907290728 1.8550026710434065e-20
73.80559153915391 1.854479906983472e-20
73.90435400540053 1.8539567365219902e-20
74.00311647164716 1.8534331599672405e-20
74.10187893789379 1.8529091776555156e-20
74.20064140414041 1.852384789950711e-20
74.29940387038704 1.8518599972439182e-20
74.39816633663366 1.851334799953019e-20
74.49692880288029 1.85080919852229e-20
74.59569126912692 1.850283193422005e-20
74.69445373537354 1.8497567851480514e-20
74.79321620162017 1.849229974221536e-20
74.8919786678668 1.848702761188412e-20
74.9907411341134 1.8481751466190993e-20
75.08950360036003 1.8476471311081088e-20
75.18826606660666 1.8471187152736794e-20
75.28702853285328 1.846589899757411e-20
75.38579099909991 1.8460606852239028e-20
75.48455346534652 1.8455310723604007e-20
75.58331593159315 1.8450010618764413e-20
75.68207839783977 1.8444706545035062e-20
75.7808408640864 1.843939850994678e-20
75.87960333033303 1.8434086521243014e-20
75.97836579657965 1.8428770586876378e-20
76.07712826282628 1.8423450715005467e-20
76.1758907290729 1.8418126913991443e-20
76.27465319531953 1.841279919239488e-20
76.37341566156616 1.840746755897244e-20
76.47217812781278 1.8402132022673828e-20
76.57094059405941 1.8396792592638533e-20
76.66970306030603 1.839144927819279e-20
76.76846552655266 1.8386102088846488e-20
76.86722799279929 1.838075103429014e-20
76.96599045904591 1.837539612439188e-20
77.06475292529254 1.8370037369194462e-20
77.16351539153916 1.836467477891243e-20
77.26227785778576 1.83593083639291e-20
77.36104032403239 1.835393813479378e-20
77.45980279027901 1.8348564102218865e-20
77.55856525652564 1.8343186277077147e-20
77.65732772277227 1.8337804670398912e-20
77.75609018901889 1.8332419293369337e-20
77.85485265526552 1.8327030157325685e-20
77.95361512151214 1.83216372737547e-20
78.05237758775877 1.8316240654289948e-20
78.1511400540054 1.831084031070918e-20
78.24990252025202 1.8305436254931796e-20
78.34866498649865 1.8300028499016274e-20
78.44742745274527 1.829461705515767e-20
78.5461899189919 1.82892019356851e-20
78.64495238523853 1.8283783153059283e-20
78.74371485148515 1.8278360719870165e-20
78.84247731773178 1.827293464883444e-20
78.9412397839784 1.8267504952793223e-20
79.04000225022503 1.8262071644709708e-20
79.13876471647166 1.8256634737666796e-20
79.23752718271828 1.8251194244864907e-20
79.33628964896491 1.82457501796196e-20
79.4350521152115 1.8240302555359428e-20
79.53381458145813 1.823485138562364e-20
79.63257704770476 1.8229396684060126e-20
79.73133951395138 1.8223938464423134e-20
79.83010198019801 1.8218476740571186e-20
79.92886444644463 1.821301152646501e-20
80.02762691269126 1.8207542836165387e-20
80.12638937893789 1.8202070683831162e-20
80.22515184518451 1.819659508371716e-20
80.32391431143114 1.819111605017225e-20
80.42267677767776 1.818563359763726e-20
80.52143924392439 1.81801477406431e-20
80.62020171017102 1.8174658493808832e-20
80.71896417641764 1.816916587183968e-20
80.81772664266427 1.8163669889525256e-20
80.9164891089109 1.8158170561737568e-20
81.01525157515752 1.8152667903429304e-20
81.11401404140415 1.814716192963192e-20
81.21277650765077 1.8141652655453858e-20
81.3115389738974 1.8136140096078837e-20
81.41030144014402 1.813062426676403e-20
81.50906390639062 1.8125105182838336e-20
81.60782637263725 1.8119582859700712e-20
81.70658883888387 1.8114057312818448e-20
81.8053513051305 1.810852855772551e-20
81.90411377137713 1.810299661002089e-20
82.00287623762375 1.8097461485367e-20
82.10163870387038 1.8091923199488017e-20
82.200401170117 1.8086381768168345e-20
82.29916363636363 1.8080837207251022e-20
82.39792610261026 1.807528953263617e-20
82.49668856885688 1.806973876027949e-20
82.59545103510351 1.8064184906190736e-20
82.69421350135013 1.8058627986432203e-20
82.79297596759676 1.8053068017117305e-20
82.89173843384339 1.8047505014409092e-20
82.99050090009001 1.80419389945188e-20
83.08926336633664 1.8036369973704473e-20
83.18802583258326 1.8030797968269545e-20
83.28678829882989 1.8025222994561447e-20
83.38555076507652 1.801964506897028e-20
83.48431323132314 1.8014064207927402e-20
83.58307569756974 1.8008480427904194e-20
83.68183816381637 1.8002893745410674e-20
83.78060063006299 1.799730417699422e-20
83.87936309630962 1.7991711739238285e-20
83.97812556255624 1.79861164487612e-20
84.07688802880287 1.7980518322214842e-20
84.1756504950495 1.7974917376283416e-20
84.27441296129612 1.7969313627682312e-20
84.37317542754275 1.796370709315683e-20
84.47193789378937 1.795809778948104e-20
84.570700360036 1.7952485733456615e-20
84.66946282628263 1.7946870941911647e-20
84.76822529252925 1.7941253431699543e-20
84.86698775877588 1.7935633219697884e-20
84.9657502250225 1.793001032280735e-20
85.06451269126913 1.7924384757950583e-20
85.16327515751576 1.7918756542071135e-20
85.26203762376238 1.7913125692132432e-20
85.36080009000901 1.7907492225116638e-20
85.45956255625563 1.790185615802372e-20
85.55832502250226 1.789621750787038e-20
85.65708748874889 1.789057629168903e-20
85.75584995499548 1.7884932526526822e-20
85.85461242124211 1.7879286229444682e-20
85.95337488748874 1.7873637417516316e-20
86.05213735373536 1.786798610782723e-20
86.15089981998199 1.7862332317473885e-20
86.24966228622861 1.7856676063562636e-20
86.34842475247524 1.785101736320894e-20
86.44718721872187 1.784535623353635e-20
86.54594968496849 1.783969269167569e-20
86.64471215121512 1.7834026754764166e-20
86.74347461746174 1.7828358439944472e-20
86.84223708370837 1.7822687764363956e-20
86.940999549955 1.781701474517377e-20
87.03976201620162 1.7811339399528022e-20
87.13852448244825 1.7805661744583017e-20
87.23728694869487 1.7799981797496367e-20
87.3360494149415 1.7794299575426243e-20
87.43481188118812 1.778861509553058e-20
87.53357434743475 1.7782928374966275e-20
87.63233681368138 1.7777239430888494e-20
87.731099279928 1.777154828044983e-20
87.8298617461746 1.776585494079961e-20
87.92862421242123 1.7760159429083163e-20
88.02738667866785 1.7754461762441085e-20
88.12614914491448 1.774876195800852e-20
88.2249116111611 1.7743060032914485e-20
88.32367407740773 1.773735600428116e-20
88.42243654365436 1.7731649889223203e-20
88.52119900990098 1.7725941704847096e-20
88.61996147614761 1.772023146825046e-20
88.71872394239423 1.7714519196521437e-20
88.81748640864086 1.770880490673801e-20
88.91624887488749 1.77030886159674e-20
89.01501134113411 1.7697370341265412e-20
89.11377380738074 1.7691650099675846e-20
89.21253627362736 1.7685927908229894e-20
89.31129873987399 1.7680203783945528e-20
89.41006120612062 1.7674477743826903e-20
89.50882367236724 1.7668749804863806e-20
89.60758613861387 1.7663019984031094e-20
89.7063486048605 1.7657288298288053e-20
89.80511107110712 1.7651554764577975e-20
89.90387353735372 1.7645819399827486e-20
90.00263600360034 1.7640082220946097e-20
90.10139846984697 1.763434324482564e-20
90.2001609360936 1.7628602488339727e-20
90.29892340234022 1.762285996834333e-20
90.39768586858685 1.7617115701672147e-20
90.49644833483347 1.7611369705142194e-20
90.5952108010801 1.760562199554931e-20
90.69397326732673 1.7599872589668628e-20
90.79273573357335 1.7594121504254164e-20
90.89149819981998 1.7588368756038318e-20
90.9902606660666 1.7582614361731395e-20
91.08902313231323 1.7576858338021213e-20
91.18778559855986 1.7571100701572606e-20
91.28654806480648 1.7565341469027005e-20
91.38531053105311 1.7559580657002036e-20
91.48407299729973 1.755381828209104e-20
91.58283546354636 1.7548054360862712e-20
91.68159792979299 1.7542288909860665e-20
91.78036039603961 1.7536521945603026e-20
91.87912286228624 1.7530753484582065e-20
91.97788532853286 1.7524983543263777e-20
92.07664779477946 1.7519212138087534e-20
92.17541026102609 1.751343928546566e-20
92.27417272727271 1.750766500178312e-20
92.37293519351934 1.750188930339709e-20
92.47169765976597 1.7496112206636674e-20
92.57046012601259 1.7490333727802505e-20
92.66922259225922 1.7484553883166408e-20
92.76798505850584 1.7478772688971073e-20
92.86674752475247 1.7472990161429717e-20
92.9655099909991 1.746720631672574e-20
93.06427245724572 1.746142117101243e-20
93.16303492349235 1.7455634740412658e-20
93.26179738973897 1.744984704101852e-20
93.3605598559856 1.7444058088891065e-20
93.45932232223223 1.7438267900060003e-20
93.55808478847885 1.743247649052339e-20
93.65684725472548 1.742668387624738e-20
93.7556097209721 1.7420890073165872e-20
93.85437218721873 1.7415095097180302e-20
93.95313465346536 1.7409298964159346e-20
94.05189711971198 1.7403501689938647e-20
94.15065958595858 1.739770329032055e-20
94.2494220522052 1.739190378107386e-20
94.34818451845183 1.7386103177933588e-20
94.44694698469846 1.738030149660071e-20
94.54570945094508 1.7374498752741882e-20
94.64447191719171 1.7368694961989262e-20
94.74323438343833 1.7362890139940256e-20
94.84199684968496 1.7357084302157272e-20
94.94075931593159 1.7351277464167515e-20
95.03952178217821 1.7345469641462766e-20
95.13828424842484 1.7339660849499145e-20
95.23704671467146 1.733385110369698e-20
95.33580918091809 1.7328040419440466e-20
95.43457164716472 1.732222881207761e-20
95.53333411341134 1.731641629691992e-20
95.63209657965797 1.731060288924229e-20
95.7308590459046 1.7304788604282744e-20
95.82962151215122 1.7298973457242346e-20
95.92838397839785 1.7293157463284894e-20
96.02714644464447 1.7287340637536864e-20
96.1259089108911 1.7281522995087173e-20
96.2246713771377 1.7275704550987012e-20
96.32343384338432 1.7269885320249696e-20
96.42219630963095 1.726406531785051e-20
96.52095877587757 1.725824455872654e-20
96.6197212421242 1.725242305777653e-20
96.71848370837083 1.724660082986071e-20
96.81724617461745 1.7240777889800697e-20
96.91600864086408 1.723495425237929e-20
97.0147711071107 1.7229129932340372e-20
97.11353357335733 1.722330494438879e-20
97.21229603960396 1.7217479303190173e-20
97.31105850585058 1.7211653023370845e-20
97.40982097209721 1.7205826119517702e-20
97.50858343834383 1.7199998606178044e-20
97.60734590459046 1.7194170497859524e-20
97.70610837083709 1.7188341809029965e-20
97.80487083708371 1.718251255411731e-20
97.90363330333034 1.717668274750948e-20
98.00239576957696 1.717085240355426e-20
98.10115823582359 1.7165021536559228e-20
98.19992070207022 1.7159190160791628e-20
98.29868316831684 1.7153358290478284e-20
98.39744563456344 1.714752593980553e-20
98.49620810081007 1.7141693122919074e-20
98.59497056705669 1.7135859853923937e-20
98.69373303330332 1.713002614688438e-20
98.79249549954994 1.7124192015823806e-20
98.89125796579657 1.7118357474724677e-20
98.9900204320432 1.7112522537528453e-20
99.08878289828982 1.71066872181355e-20
99.18754536453645 1.710085153040504e-20
99.28630783078307 1.7095015488155068e-20
99.3850702970297 1.7089179105162313e-20
99.48383276327633 1.708334239516212e-20
99.58259522952295 1.7077505371848446e-20
99.68135769576958 1.7071668048873777e-20
99.7801201620162 1.7065830439849067e-20
99.87888262826283 1.705999255834373e-20
99.97764509450946 1.7054154417885497e-20
100.07640756075608 1.704831603196047e-20
100.17517002700271 1.7042477414013036e-20
100.27393249324933 1.7036638577445778e-20
100.37269495949596 1.703079953561951e-20
100.47145742574256 1.7024960301853202e-20
100.57021989198918 1.701912088942393e-20
100.66898235823581 1.701328131156687e-20
100.76774482448243 1.7007441581475245e-20
100.86650729072906 1.7001601712300323e-20
100.96526975697569 1.6995761717151325e-20
101.06403222322231 1.6989921609095515e-20
101.16279468946894 1.6984081401158038e-20
101.26155715571556 1.697824110632199e-20
101.36031962196219 1.697240073752838e-20
101.45908208820882 1.6966560307676112e-20
101.55784455445544 1.6960719829621938e-20
101.65660702070207 1.6954879316180504e-20
101.7553694869487 1.6949038780124268e-20
101.85413195319532 1.694319823418355e-20
101.95289441944195 1.6937357691046502e-20
102.05165688568857 1.6931517163359073e-20
102.1504193519352 1.6925676663725058e-20
102.24918181818182 1.6919836204706056e-20
102.34794428442845 1.6913995798821487e-20
102.44670675067508 1.6908155458548575e-20
102.54546921692167 1.6902315196322392e-20
102.6442316831683 1.6896475024535775e-20
102.74299414941493 1.6890634955539458e-20
102.84175661566155 1.6884795001641948e-20
102.94051908190818 1.687895517510963e-20
103.0392815481548 1.6873115488166756e-20
103.13804401440143 1.68672759529954e-20
103.23680648064806 1.6861436581735562e-20
103.33556894689468 1.68555973864851e-20
103.43433141314131 1.6849758379299814e-20
103.53309387938793 1.684391957219341e-20
103.63185634563456 1.6838080977137568e-20
103.73061881188119 1.6832242606061918e-20
103.82938127812781 1.6826404470854073e-20
103.92814374437444 1.6820566583359703e-20
104.02690621062106 1.6814728955382478e-20
104.12566867686769 1.680889159868416e-20
104.22443114311432 1.6803054524984602e-20
104.32319360936094 1.6797217745961775e-20
104.42195607560757 1.679138127325181e-20
104.5207185418542 1.678554511844903e-20
104.61948100810082 1.6779709293105964e-20
104.71824347434742 1.6773873808733416e-20
104.81700594059404 1.6768038676800448e-20
104.91576840684067 1.6762203908734483e-20
105.0145308730873 1.6756369515921292e-20
105.11329333933392 1.6750535509705035e-20
105.21205580558055 1.6744701901388318e-20
105.31081827182717 1.6738868702232264e-20
105.4095807380738 1.6733035923456486e-20
105.50834320432043 1.672720357623918e-20
105.60710567056705 1.672137167171715e-20
105.70586813681368 1.671554022098585e-20
105.8046306030603 1.6709709235099467e-20
105.90339306930693 1.6703878725070924e-20
106.00215553555356 1.6698048701871926e-20
106.10091800180018 1.669221917643307e-20
106.19968046804681 1.6686390159643828e-20
106.29844293429343 1.6680561662352628e-20
106.39720540054006 1.6674733695366906e-20
106.49596786678669 1.6668906269453158e-20
106.59473033303331 1.6663079395336988e-20
106.69349279927994 1.6657253083703174e-20
106.79225526552653 1.6651427345195713e-20
106.89101773177316 1.6645602190417886e-20
106.98978019801979 1.6639777629932312e-20
107.08854266426641 1.6633953674261004e-20
107.18730513051304 1.6628130333885434e-20
107.28606759675966 1.6622307619246592e-20
107.38483006300629 1.6616485540745052e-20
107.48359252925292 1.6610664108741007e-20
107.58235499549954 1.660484333355438e-20
107.68111746174617 1.659902322546483e-20
107.7798799279928 1.6593203794711882e-20
107.87864239423942 1.658738505149491e-20
107.97740486048605 1.6581567005973293e-20
108.07616732673267 1.657574966826641e-20
108.1749297929793 1.6569933048453738e-20
108.27369225922592 1.656411715657492e-20
108.37245472547255 1.6558302002629812e-20
108.47121719171918 1.6552487596578597e-20
108.5699796579658 1.6546673948341803e-20
108.66874212421243 1.65408610678004e-20
108.76750459045905 1.6535048964795865e-20
108.86626705670565 1.6529237649130274e-20
108.96502952295228 1.652342713056634e-20
109.0637919891989 1.6517617418827475e-20
109.16255445544553 1.6511808523597958e-20
109.26131692169216 1.6506000454522866e-20
109.36007938793878 1.6500193221208285e-20
109.45884185418541 1.6494386833221256e-20
109.55760432043203 1.6488581300089996e-20
109.65636678667866 1.648277663130382e-20
109.75512925292529 1.6476972836313342e-20
109.85389171917191 1.6471169924530482e-20
109.95265418541854 1.6465367905328566e-20
110.05141665166516 1.6459566788042418e-20
110.15017911791179 1.6453766581968395e-20
110.24894158415842 1.6447967296364508e-20
110.34770405040504 1.6442168940450485e-20
110.44646651665167 1.6436371523407867e-20
110.5452289828983 1.6430575054380055e-20
110.64399144914492 1.6424779542472412e-20
110.74275391539155 1.6418984996752343e-20
110.84151638163817 1.641319142624938e-20
110.9402788478848 1.6407398839955257e-20
111.0390413141314 1.640160724682401e-20
111.13780378037802 1.6395816655772005e-20
111.23656624662465 1.6390027075678098e-20
111.33532871287127 1.6384238515383663e-20
111.4340911791179 1.6378450983692694e-20
111.53285364536453 1.6372664489371905e-20
111.63161611161115 1.6366879041150776e-20
111.73037857785778 1.6361094647721675e-20
111.8291410441044 1.6355311317739925e-20
111.92790351035103 1.634952905982388e-20
112.02666597659766 1.6343747882555056e-20
112.12542844284428 1.633796779447815e-20
112.22419090909091 1.6332188804101176e-20
112.32295337533753 1.632641091989554e-20
112.42171584158416 1.6320634150296116e-20
112.52047830783079 1.6314858503701352e-20
112.61924077407741 1.6309083988473343e-20
112.71800324032404 1.6303310612937902e-20
112.81676570657066 1.62975383853847e-20
112.91552817281729 1.6291767314067316e-20
113.01429063906392 1.6285997407203295e-20
113.11305310531051 1.6280228672974338e-20
113.21181557155714 1.6274461119526274e-20
113.31057803780377 1.6268694754969216e-20
113.40934050405039 1.626292958737765e-20
113.50810297029702 1.6257165624790514e-20
113.60686543654364 1.625140287521124e-20
113.70562790279027 1.6245641346607954e-20
113.8043903690369 1.623988104691345e-20
113.90315283528352 1.6234121984025354e-20
114.00191530153015 1.6228364165806197e-20
114.10067776777677 1.6222607600083474e-20
114.1994402340234 1.6216852294649797e-20
114.29820270027002 1.6211098257262922e-20
114.39696516651665 1.620534549564587e-20
114.49572763276328 1.6199594017487058e-20
114.5944900990099 1.6193843830440284e-20
114.69325256525653 1.6188094942124934e-20
114.79201503150315 1.6182347360126e-20
114.89077749774978 1.617660109199421e-20
114.9895399639964 1.6170856145246094e-20
115.08830243024303 1.6165112527364095e-20
115.18706489648963 1.615937024579665e-20
115.28582736273626 1.6153629307958278e-20
115.38458982898288 1.6147889721229704e-20
115.48335229522951 1.6142151492957905e-20
115.58211476147613 1.613641463045623e-20
115.68087722772276 1.6130679141004506e-20
115.77963969396939 1.6124945031849076e-20
115.87840216021601 1.6119212310202975e-20
115.97716462646264 1.6113480983245943e-20
116.07592709270926 1.6107751058124558e-20
116.17468955895589 1.610202254195233e-20
116.27345202520252 1.6096295441809784e-20
116.37221449144914 1.609056976474455e-20
116.47097695769577 1.6084845517771468e-20
116.5697394239424 1.607912270787267e-20
116.66850189018902 1.607340134199769e-20
116.76726435643565 1.6067681427063532e-20
116.86602682268227 1.6061962969954775e-20
116.9647892889289 1.6056245977523684e-20
117.06355175517552 1.6050530456590265e-20
117.16231422142215 1.6044816413942405e-20
117.26107668766878 1.603910385633592e-20
117.35983915391537 1.6033392790494702e-20
117.458601620162 1.6027683223110727e-20
117.55736408640863 1.6021975160844247e-20
117.65612655265525 1.6016268610323827e-20
117.75488901890188 1.601056357814644e-20
117.8536514851485 1.6004860070877565e-20
117.95241395139513 1.59991580950513e-20
118.05117641764176 1.5993457657170443e-20
118.14993888388838 1.5987758763706552e-20
118.24870135013501 1.5982061421100104e-20
118.34746381638163 1.5976365635760536e-20
118.44622628262826 1.597067141406637e-20
118.54498874887489 1.5964978762365265e-20
118.64375121512151 1.5959287686974163e-20
118.74251368136814 1.5953598194179336e-20
118.84127614761476 1.5947910290236513e-20
118.94003861386139 1.594222398137096e-20
119.03880108010802 1.593653927377756e-20
119.13756354635464 1.5930856173620916e-20
119.23632601260127 1.5925174687035476e-20
119.3350884788479 1.591949482012556e-20
119.43385094509449 1.5913816578965508e-20
119.53261341134112 1.590813996959975e-20
119.63137587758774 1.59024649980429e-20
119.73013834383437 1.5896791670279854e-20
119.828900810081 1.5891119992265868e-20
119.92766327632762 1.588544996992669e-20
120.02642574257425 1.5879781609158594e-20
120.12518820882087 1.5874114915828512e-20
120.2239506750675 1.5868449895774115e-20
120.32271314131413 1.5862786554803928e-20
120.42147560756075 1.585712489869737e-20
120.52023807380738 1.5851464933204897e-20
120.619000540054 1.584580666404806e-20
120.71776300630063 1.584015009691963e-20
120.81652547254726 1.5834495237483644e-20
120.91528793879388 1.5828842091375557e-20
121.0140504050405 1.5823190664202268e-20
121.11281287128713 1.5817540961542253e-20
121.21157533753376 1.5811892988945652e-20
121.31033780378039 1.580624675193436e-20
121.40910027002701 1.5800602256002085e-20
121.50786273627361 1.579495950661451e-20
121.60662520252023 1.5789318509209293e-20
121.70538766876686 1.5783679269196237e-20
121.80415013501349 1.5778041791957336e-20
121.90291260126011 1.577240608284689e-20
122.00167506750674 1.5766772147191566e-20
122.10043753375336 1.5761139990290523e-20
122.19919999999999 1.575550961741548e-20
122.29796246624662 1.574988103381079e-20
122.39672493249324 1.5744254244693603e-20
122.49548739873987 1.5738629255253842e-20
122.5942498649865 1.5733006070654395e-20
122.69301233123312 1.5727384696031156e-20
122.79177479747975 1.5721765136493124e-20
122.89053726372637 1.571614739712248e-20
122.989299729973 1.5710531482974692e-20
123.08806219621962 1.5704917399078593e-20
123.18682466246625 1.5699305150436506e-20
123.28558712871288 1.5693694742024263e-20
123.3843495949595 1.5688086178791355e-20
123.48311206120613 1.5682479465660978e-20
123.58187452745275 1.5676874607530185e-20
123.68063699369935 1.567127160926989e-20
123.77939945994598 1.5665670475724985e-20
123.8781619261926 1.566007121171451e-20
123.97692439243923 1.565447382203159e-20
124.07568685868586 1.5648878311443655e-20
124.17444932493248 1.5643284684692445e-20
124.27321179117911 1.5637692946494148e-20
124.37197425742573 1.5632103101539454e-20
124.47073672367236 1.562651515449366e-20
124.56949918991899 1.562092910999675e-20
124.66826165616561 1.561534497266348e-20
124.76702412241224 1.560976274708348e-20
124.86578658865886 1.5604182437821305e-20
124.96454905490549 1.5598604049416552e-20
125.06331152115212 1.5593027586383958e-20
125.16207398739874 1.5587453053213437e-20
125.26083645364537 1.55818804543702e-20
125.359598919892 1.557630979429485e-20
125.45836138613862 1.5570741077403428e-20
125.55712385238525 1.5565174308087533e-20
125.65588631863187 1.5559609490714417e-20
125.75464878487847 1.5554046629627e-20
125.8534112511251 1.554848572914405e-20
125.95217371737172 1.5542926793560187e-20
126.05093618361835 1.5537369827146022e-20
126.14969864986497 1.5531814834148214e-20
126.2484611161116 1.5526261818789538e-20
126.34722358235823 1.552071078526902e-20
126.44598604860485 1.5515161737761988e-20
126.54474851485148 1.5509614680420135e-20
126.6435109810981 1.5504069617371646e-20
126.74227344734473 1.549852655272125e-20
126.84103591359136 1.5492985490550308e-20
126.93979837983798 1.548744643491693e-20
127.03856084608461 1.5481909389855984e-20
127.13732331233123 1.5476374359379252e-20
127.23608577857786 1.547084134747547e-20
127.33484824482449 1.5465310358110437e-20
127.43361071107111 1.5459781395227067e-20
127.53237317731774 1.545425446274548e-20
127.63113564356436 1.5448729564563117e-20
127.72989810981099 1.5443206704554755e-20
127.82866057605759 1.5437685886572655e-20
127.92742304230421 1.5432167114446607e-20
128.02618550855084 1.5426650391984007e-20
128.12494797479746 1.542113572296995e-20
128.2237104410441 1.5415623111167327e-20
128.32247290729072 1.5410112560316864e-20
128.42123537353734 1.5404604074137227e-20
128.51999783978397 1.5399097656325106e-20
128.6187603060306 1.5393593310555278e-20
128.71752277227722 1.5388091040480705e-20
128.81628523852385 1.5382590849732596e-20
128.91504770477047 1.53770927419205e-20
129.0138101710171 1.5371596720632356e-20
129.11257263726372 1.5366102789434622e-20
129.21133510351035 1.536061095187231e-20
129.31009756975698 1.535512121146908e-20
129.4088600360036 1.5349633571727313e-20
129.50762250225023 1.5344148036128194e-20
129.60638496849685 1.5338664608131795e-20
129.70514743474348 1.5333183291177142e-20
129.8039099009901 1.532770408868228e-20
129.90267236723673 1.532222700404438e-20
130.00143483348333 1.5316752040639802e-20
130.10019729972996 1.5311279201824158e-20
130.19895976597658 1.530580849093242e-20
130.2977222322232 1.5300339911278953e-20
130.39648469846983 1.529487346615763e-20
130.49524716471646 1.5289409158841886e-20
130.5940096309631 1.5283946992584807e-20
130.6927720972097 1.5278486970619195e-20
130.79153456345634 1.5273029096157636e-20
130.89029702970296 1.52675733723926e-20
130.9890594959496 1.5262119802496498e-20
131.08782196219622 1.525666838962175e-20
131.18658442844284 1.5251219136900875e-20
131.28534689468947 1.5245772047446572e-20
131.3841093609361 1.5240327124351757e-20
131.48287182718272 1.5234884370689675e-20
131.58163429342935 1.5229443789513958e-20
131.68039675967597 1.5224005383858706e-20
131.7791592259226 1.5218569156738532e-20
131.87792169216922 1.5213135111148676e-20
131.97668415841585 1.520770325006506e-20
132.07544662466245 1.520227357644435e-20
132.17420909090907 1.5196846093224043e-20
132.2729715571557 1.5191420803322528e-20
132.37173402340233 1.5185997709639166e-20
132.47049648964895 1.5180576815054366e-20
132.56925895589558 1.517515812242963e-20
132.6680214221422 1.5169741634607677e-20
132.76678388838883 1.516432735441245e-20
132.86554635463546 1.5158915284649236e-20
132.96430882088208 1.5153505428104714e-20
133.0630712871287 1.514809778754703e-20
133.16183375337533 1.5142692365725864e-20
133.26059621962196 1.513728916537252e-20
133.35935868586859 1.5131888189199958e-20
133.4581211521152 1.512648943990291e-20
133.55688361836184 1.5121092920157895e-20
133.65564608460846 1.5115698632623355e-20
133.7544085508551 1.5110306579939653e-20
133.85317101710172 1.51049167647292e-20
133.95193348334834 1.5099529189596507e-20
134.05069594959497 1.5094143857128202e-20
134.14945841584156 1.5088760769893216e-20
134.2482208820882 1.5083379930442705e-20
134.34698334833482 1.507800134131023e-20
134.44574581458144 1.5072625005011792e-20
134.54450828082807 1.5067250924045884e-20
134.6432707470747 1.5061879100893556e-20
134.74203321332132 1.5056509538018512e-20
134.84079567956795 1.5051142237867158e-20
134.93955814581457 1.5045777202868658e-20
135.0383206120612 1.5040414435435023e-20
135.13708307830782 1.5035053937961166e-20
135.23584554455445 1.5029695712824963e-20
135.33460801080108 1.5024339762387335e-20
135.4333704770477 1.5018986088992292e-20
135.53213294329433 1.5013634694967028e-20
135.63089540954095 1.5008285582621942e-20
135.72965787578758 1.5002938754250766e-20
135.8284203420342 1.4997594212130555e-20
135.92718280828083 1.4992251958521833e-20
136.02594527452746 1.4986911995668568e-20
136.12470774077408 1.4981574325798325e-20
136.2234702070207 1.4976238951122272e-20
136.3222326732673 1.4970905873835252e-20
136.42099513951393 1.496557509611587e-20
136.51975760576056 1.4960246620126544e-20
136.6185200720072 1.4954920448013545e-20
136.7172825382538 1.494959658190712e-20
136.81604500450044 1.494427502392147e-20
136.91480747074706 1.4938955776154907e-20
137.0135699369937 1.4933638840689823e-20
137.11233240324032 1.492832421959285e-20
137.21109486948694 1.492301191491482e-20
137.30985733573357 1.4917701928690913e-20
137.4086198019802 1.491239426294068e-20
137.50738226822682 1.4907088919668088e-20
137.60614473447345 1.4901785900861626e-20
137.70490720072007 1.4896485208494322e-20
137.8036696669667 1.489118684452384e-20
137.90243213321332 1.4885890810892526e-20
138.00119459945995 1.488059710952746e-20
138.09995706570658 1.4875305742340517e-20
138.1987195319532 1.4870016711228445e-20
138.29748199819983 1.4864730018072938e-20
138.39624446444643 1.485944566474062e-20
138.49500693069305 1.48541636530832e-20
138.59376939693968 1.4848883984937476e-20
138.6925318631863 1.4843606662125407e-20
138.79129432943293 1.4838331686454174e-20
138.89005679567956 1.4833059059716235e-20
138.98881926192618 1.482778878368939e-20
139.0875817281728 1.4822520860136838e-20
139.18634419441943 1.4817255290807216e-20
139.28510666066606 1.48119920774347e-20
139.38386912691269 1.4806731221739026e-20
139.4826315931593 1.480147272542556e-20
139.58139405940594 1.4796216590185348e-20
139.68015652565256 1.4790962817695198e-20
139.7789189918992 1.4785711409617698e-20
139.87768145814582 1.478046236760132e-20
139.97644392439244 1.4775215693280422e-20
140.07520639063907 1.4769971388275363e-20
140.1739688568857 1.4764729454192518e-20
140.27273132313232 1.4759489892624347e-20
140.37149378937895 1.4754252705149452e-20
140.47025625562554 1.4749017893332635e-20
140.56901872187217 1.474378545872495e-20
140.6677811881188 1.473855540286376e-20
140.76654365436542 1.47333277272728e-20
140.86530612061205 1.472810243346221e-20
140.96406858685867 1.4722879522928614e-20
141.0628310531053 1.4717658997155175e-20
141.16159351935192 1.471244085761162e-20
141.26035598559855 1.4707225105754323e-20
141.35911845184518 1.4702011743026364e-20
141.4578809180918 1.469680077085756e-20
141.55664338433843 1.4691592190664513e-20
141.65540585058505 1.4686386003850708e-20
141.75416831683168 1.4681182211806542e-20
141.8529307830783 1.4675980815909332e-20
141.95169324932493 1.4670781817523464e-20
142.05045571557153 1.4665585218000352e-20
142.14921818181816 1.4660391018678545e-20
142.24798064806478 1.4655199220883783e-20
142.3467431143114 1.4650009825929008e-20
142.44550558055803 1.4644822835114458e-20
142.54426804680466 1.4639638249727688e-20
142.6430305130513 1.463445607104365e-20
142.7417929792979 1.4629276300324723e-20
142.84055544554454 1.4624098938820777e-20
142.93931791179116 1.4618923987769215e-20
143.0380803780378 1.4613751448395044e-20
143.13684284428442 1.46085813219109e-20
143.23560531053104 1.4603413609517104e-20
143.33436777677767 1.4598248312401744e-20
143.4331302430243 1.4593085431740667e-20
143.53189270927092 1.45879249686976e-20
143.63065517551755 1.4582766924424148e-20
143.72941764176417 1.4577611300059844e-20
143.8281801080108 1.4572458096732245e-20
143.92694257425742 1.4567307315556932e-20
144.02570504050405 1.456215895763759e-20
144.12446750675068 1.455701302406603e-20
144.22322997299727 1.4551869515922287e-20
144.3219924392439 1.4546728434274596e-20
144.42075490549053 1.4541589780179524e-20
144.51951737173715 1.453645355468195e-20
144.61827983798378 1.4531319758815146e-20
144.7170423042304 1.452618839360082e-20
144.81580477047703 1.4521059460049177e-20
144.91456723672366 1.4515932959158933e-20
145.01332970297028 1.4510808891917402e-20
145.1120921692169 1.4505687259300508e-20
145.21085463546353 1.450056806227288e-20
145.30961710171016 1.4495451301787843e-20
145.40837956795679 1.4490336978787493e-20
145.5071420342034 1.448522509420277e-20
145.60590450045004 1.448011564895344e-20
145.70466696669666 1.447500864394821e-20
145.8034294329433 1.446990408008474e-20
145.90219189918992 1.446480195824968e-20
146.00095436543654 1.445970227931875e-20
146.09971683168317 1.4454605044156738e-20
146.1984792979298 1.4449510253617608e-20
146.2972417641764 1.4444417908544497e-20
146.39600423042302 1.4439328009769775e-20
146.49476669666964 1.4434240558115085e-20
146.59352916291627 1.442915555439141e-20
146.6922916291629 1.442407299939909e-20
146.79105409540952 1.4418992893927892e-20
146.88981656165615 1.441391523875702e-20
146.98857902790277 1.4408840034655226e-20
147.0873414941494 1.440376728238076e-20
147.18610396039603 1.4398696982681493e-20
147.28486642664265 1.4393629136294927e-20
147.38362889288928 1.438856374394826e-20
147.4823913591359 1.438350080635839e-20
147.58115382538253 1.437844032423201e-20
147.67991629162916 1.4373382298265606e-20
147.77867875787578 1.436832672914552e-20
147.8774412241224 1.4363273617548016e-20
147.97620369036903 1.4358222964139273e-20
148.07496615661566 1.4353174769575476e-20
148.17372862286228 1.4348129034502826e-20
148.2724910891089 1.4343085759557606e-20
148.37125355535554 1.4338044945366202e-20
148.47001602160213 1.4333006592545165e-20
148.56877848784876 1.4327970701701226e-20
148.6675409540954 1.4322937273431382e-20
148.766303420342 1.4317906308322906e-20
148.86506588658864 1.431287780695338e-20
148.96382835283526 1.4307851769890754e-20
149.0625908190819 1.430282819769341e-20
149.16135328532852 1.4297807090910146e-20
149.26011575157514 1.4292788450080267e-20
149.35887821782177 1.4287772275733603e-20
149.4576406840684 1.4282758568390558e-20
149.55640315031502 1.4277747328562166e-20
149.65516561656165 1.4272738556750064e-20
149.75392808280827 1.4267732253446632e-20
149.8526905490549 1.4262728419134957e-20
149.95145301530152 1.4257727054288925e-20
150.05021548154815 1.4252728159373194e-20
150.14897794779478 1.424773173484332e-20
150.2477404140414 1.424273778114571e-20
150.34650288028803 1.4237746298717748e-20
150.44526534653465 1.4232757287987753e-20
150.54402781278125 1.4227770749375074e-20
150.64279027902788 1.4222786683290107e-20
150.7415527452745 1.421780509013433e-20
150.84031521152113 1.4212825970300368e-20
150.93907767776776 1.4207849324171992e-20
151.03784014401438 1.420287515212419e-20
151.136602610261 1.4197903454523204e-20
151.23536507650763 1.4192934231726524e-20
151.33412754275426 1.4187967484082996e-20
151.4328900090009 1.4183003211932815e-20
151.5316524752475 1.417804141560756e-20
151.63041494149414 1.4173082095430257e-20
151.72917740774076 1.41681252517154e-20
151.8279398739874 1.4163170884768997e-20
151.92670234023402 1.4158218994888585e-20
152.02546480648064 1.4153269582363313e-20
152.12422727272727 1.4148322647473922e-20
152.2229897389739 1.4143378190492834e-20
152.32175220522052 1.4138436211684152e-20
152.42051467146715 1.4133496711303708e-20
152.51927713771377 1.412855968959912e-20
152.61803960396037 1.412362514680978e-20
152.716802070207 1.4118693083166965e-20
152.81556453645362 1.4113763498893764e-20
152.91432700270025 1.410883639420524e-20
153.01308946894687 1.410391176930838e-20
153.1118519351935 1.409898962440215e-20
153.21061440144013 1.4094069959677535e-20
153.30937686768675 1.4089152775317586e-20
153.40813933393338 1.4084238071497444e-20
153.50690180018 1.4079325848384358e-20
153.60566426642663 1.407441610613776e-20
153.70442673267326 1.406950884490926e-20
153.80318919891988 1.406460406484271e-20
153.9019516651665 1.4059701766074225e-20
154.00071413141313 1.4054801948732215e-20
154.09947659765976 1.404990461293742e-20
154.19823906390639 1.404500975880296e-20
154.297001530153 1.404011738643436e-20
154.39576399639964 1.4035227495929554e-20
154.49452646264626 1.403034008737899e-20
154.5932889288929 1.4025455160865574e-20
154.6920513951395 1.4020572716464788e-20
154.7908138613861 1.4015692754244656e-20
154.88957632763274 1.4010815274265824e-20
154.98833879387936 1.4005940276581583e-20
155.087101260126 1.400106776123787e-20
155.18586372637262 1.3996197728273352e-20
155.28462619261924 1.3991330177719414e-20
155.38338865886587 1.3986465109600218e-20
155.4821511251125 1.3981602523932748e-20
155.58091359135912 1.3976742420726775e-20
155.67967605760575 1.3971884799984997e-20
155.77843852385237 1.3967029661702965e-20
155.877200990099 1.396217700586918e-20
155.97596345634562 1.3957326832465114e-20
156.07472592259225 1.395247914146523e-20
156.17348838883888 1.3947633932837014e-20
156.2722508550855 1.394279120654102e-20
156.37101332133213 1.3937950962530867e-20
156.46977578757875 1.3933113200753352e-20
156.56853825382538 1.3928277921148368e-20
156.667300720072 1.3923445123649024e-20
156.76606318631863 1.3918614808181643e-20
156.86482565256523 1.39137869746658e-20
156.96358811881186 1.390896162301432e-20
157.06235058505848 1.3904138753133376e-20
157.1611130513051 1.3899318364922445e-20
157.25987551755173 1.3894500458274412e-20
157.35863798379836 1.3889685033075535e-20
157.457400450045 1.38848720892055e-20
157.5561629162916 1.3880061626537484e-20
157.65492538253824 1.3875253644938128e-20
157.75368784878486 1.38704481442676e-20
157.8524503150315 1.386564512437963e-20
157.95121278127812 1.3860844585121516e-20
158.04997524752474 1.3856046526334177e-20
158.14873771377137 1.3851250947852164e-20
158.247500180018 1.3846457849503703e-20
158.34626264626462 1.384166723111071e-20
158.44502511251125 1.3836879092488856e-20
158.54378757875787 1.3832093433447524e-20
158.6425500450045 1.3827310253789923e-20
158.74131251125112 1.3822529553313064e-20
158.84007497749775 1.3817751331807786e-20
158.93883744374435 1.3812975589058836e-20
159.03759990999097 1.3808202324844823e-20
159.1363623762376 1.3803431538938308e-20
159.23512484248423 1.3798663231105808e-20
159.33388730873085 1.3793897401107823e-20
159.43264977497748 1.378913404869885e-20
159.5314122412241 1.3784373173627474e-20
159.63017470747073 1.3779614775636297e-20
159.72893717371736 1.377485885446205e-20
159.82769963996398 1.3770105409835574e-20
159.9264621062106 1.3765354441481885e-20
160.02522457245723 1.3760605949120148e-20
160.12398703870386 1.3755859932463763e-20
160.22274950495049 1.3751116391220354e-20
160.3215119711971 1.3746375325091798e-20
160.42027443744374 1.374163673377429e-20
160.51903690369036 1.3736900616958303e-20
160.617799369937 1.3732166974328674e-20
160.71656183618362 1.372743580556462e-20
160.81532430243024 1.3722707110339726e-20
160.91408676867687 1.3717980888322024e-20
161.0128492349235 1.3713257139173987e-20
161.1116117011701 1.3708535862552576e-20
161.21037416741672 1.3703817058109223e-20
161.30913663366334 1.36991007254899e-20
161.40789909990997 1.3694386864335167e-20
161.5066615661566 1.3689675474280125e-20
161.60542403240322 1.3684966554954492e-20
161.70418649864985 1.3680260105982615e-20
161.80294896489647 1.3675556126983503e-20
161.9017114311431 1.367085461757086e-20
162.00047389738972 1.3666155577353065e-20
162.09923636363635 1.366145900593326e-20
162.19799882988298 1.3656764902909344e-20
162.2967612961296 1.3652073267873985e-20
162.39552376237623 1.3647384100414665e-20
162.49428622862285 1.3642697400113706e-20
162.59304869486948 1.3638013166548292e-20
162.6918111611161 1.363333139929047e-20
162.79057362736273 1.3628652097907215e-20
162.88933609360936 1.362397526196044e-20
162.98809855985598 1.3619300891006993e-20
163.0868610261026 1.361462898459872e-20
163.1856234923492 1.3609959542282465e-20
163.28438595859583 1.3605292563600114e-20
163.38314842484246 1.360062804808859e-20
163.4819108910891 1.359596599527991e-20
163.5806733573357 1.3591306404701186e-20
163.67943582358234 1.3586649275874656e-20
163.77819828982896 1.3581994608317714e-20
163.8769607560756 1.3577342401542917e-20
163.97572322232222 1.3572692655058026e-20
164.07448568856884 1.3568045368366017e-20
164.17324815481547 1.356340054096512e-20
164.2720106210621 1.3558758172348833e-20
164.37077308730872 1.355411826200593e-20
164.46953555355535 1.35494808094205e-20
164.56829801980197 1.3544845814071985e-20
164.6670604860486 1.3540213275435182e-20
164.76582295229522 1.3535583192980246e-20
164.86458541854185 1.3530955566172775e-20
164.96334788478848 1.3526330394473766e-20
165.0621103510351 1.3521707677339676e-20
165.16087281728173 1.3517087414222432e-20
165.25963528352833 1.3512469604569468e-20
165.35839774977495 1.350785424782372e-20
165.45716021602158 1.3503241343423669e-20
165.5559226822682 1.3498630890803357e-20
165.65468514851483 1.3494022889392417e-20
165.75344761476146 1.3489417338616088e-20
165.85221008100808 1.3484814237895213e-20
165.9509725472547 1.3480213586646321e-20
166.04973501350133 1.3475615384281582e-20
166.14849747974796 1.347101963020888e-20
166.24725994599459 1.3466426323831797e-20
166.3460224122412 1.346183546454966e-20
166.44478487848784 1.3457247051757548e-20
166.54354734473446 1.345266108484633e-20
166.6423098109811 1.3448077563202662e-20
166.74107227722772 1.344349648620902e-20
166.83983474347434 1.3438917853243738e-20
166.93859720972097 1.3434341663680993e-20
167.0373596759676 1.342976791689086e-20
167.13612214221422 1.3425196612239319e-20
167.23488460846085 1.3420627749088253e-20
167.33364707470744 1.3416061326795521e-20
167.43240954095407 1.341149734471493e-20
167.5311720072007 1.3406935802196277e-20
167.62993447344732 1.3402376698585374e-20
167.72869693969395 1.339782003322405e-20
167.82745940594057 1.3393265805450194e-20
167.9262218721872 1.3388714014597745e-20
168.02498433843382 1.3384164659996744e-20
168.12374680468045 1.337961774097334e-20
168.22250927092708 1.3375073256849804e-20
168.3212717371737 1.3370531206944562e-20
168.42003420342033 1.3365991590572196e-20
168.51879666966695 1.3361454407043487e-20
168.61755913591358 1.3356919655665422e-20
168.7163216021602 1.3352387335741197e-20
168.81508406840683 1.3347857446570277e-20
168.91384653465346 1.3343329987448391e-20
169.01260900090008 1.3338804957667531e-20
169.1113714671467 1.3334282356516014e-20
169.21013393339334 1.3329762183278466e-20
169.30889639963996 1.3325244437235866e-20
169.4076588658866 1.3320729117665553e-20
169.5064213321332 1.3316216223841232e-20
169.6051837983798 1.3311705755033022e-20
169.70394626462644 1.3307197710507457e-20
169.80270873087306 1.3302692089527496e-20
169.9014711971197 1.3298188891352577e-20
170.00023366336632 1.3293688115238586e-20
170.09899612961294 1.3289189760437904e-20
170.19775859585957 1.3284693826199442e-20
170.2965210621062 1.3280200311768619e-20
170.39528352835282 1.327570921638742e-20
170.49404599459945 1.3271220539294372e-20
170.59280846084607 1.3266734279724597e-20
170.6915709270927 1.3262250436909831e-20
170.79033339333932 1.3257769010078405e-20
170.88909585958595 1.3253289998455305e-20
170.98785832583258 1.3248813401262165e-20
171.0866207920792 1.3244339217717292e-20
171.18538325832583 1.3239867447035682e-20
171.28414572457245 1.323539808842905e-20
171.38290819081908 1.3230931141105816e-20
171.4816706570657 1.3226466604271166e-20
171.5804331233123 1.3222004477127037e-20
171.67919558955893 1.3217544758872131e-20
171.77795805580556 1.3213087448701965e-20
171.87672052205218 1.3208632545808859e-20
171.9754829882988 1.3204180049381967e-20
172.07424545454543 1.3199729958607282e-20
172.17300792079206 1.3195282272667665e-20
172.27177038703869 1.3190836990742858e-20
172.3705328532853 1.3186394112009507e-20
172.46929531953194 1.318195363564116e-20
172.56805778577856 1.31775155608083e-20
172.6668202520252 1.317307988667836e-20
172.76558271827182 1.3168646612415739e-20
172.86434518451844 1.3164215737181808e-20
172.96310765076507 1.3159787260134945e-20
173.0618701170117 1.3155361180430545e-20
173.16063258325832 1.3150937497221015e-20
173.25939504950495 1.314651620965582e-20
173.35815751575157 1.3142097316881496e-20
173.4569199819982 1.3137680818041635e-20
173.55568244824482 1.3133266712276946e-20
173.65444491449145 1.3128854998725244e-20
173.75320738073805 1.3124445676521457e-20
173.85196984698467 1.3120038744797667e-20
173.9507323132313 1.3115634202683118e-20
174.04949477947793 1.3111232049304214e-20
174.14825724572455 1.3106832283784569e-20
174.24701971197118 1.310243490524498e-20
174.3457821782178 1.3098039912803479e-20
174.44454464446443 1.3093647305575342e-20
174.54330711071105 1.3089257082673075e-20
174.64206957695768 1.3084869243206463e-20
174.7408320432043 1.308048378628258e-20
174.83959450945093 1.3076100711005787e-20
174.93835697569756 1.3071720016477773e-20
175.03711944194418 1.3067341701797531e-20
175.1358819081908 1.306296576606142e-20
175.23464437443744 1.3058592208363159e-20
175.33340684068406 1.3054221027793817e-20
175.4321693069307 1.3049852223441863e-20
175.53093177317731 1.3045485794393188e-20
175.62969423942394 1.3041121739731072e-20
175.72845670567057 1.3036760058536253e-20
175.82721917191716 1.3032400749886887e-20
175.9259816381638 1.302804381285862e-20
176.02474410441042 1.3023689246524558e-20
176.12350657065704 1.3019337049955312e-20
176.22226903690367 1.3014987222218981e-20
176.3210315031503 1.3010639762381195e-20
176.41979396939692 1.3006294669505116e-20
176.51855643564355 1.3001951942651457e-20
176.61731890189017 1.2997611580878486e-20
176.7160813681368 1.2993273583242057e-20
176.81484383438342 1.2988937948795612e-20
176.91360630063005 1.298460467659019e-20
177.01236876687668 1.2980273765674459e-20
177.1111312331233 1.2975945215094719e-20
177.20989369936993 1.2971619023894906e-20
177.30865616561655 1.2967295191116632e-20
177.40741863186318 1.2962973715799174e-20
177.5061810981098 1.2958654596979487e-20
177.60494356435643 1.2954337833692256e-20
177.70370603060306 1.2950023424969852e-20
177.80246849684968 1.2945711369842384e-20
177.90123096309628 1.294140166733772e-20
177.9999934293429 1.2937094316481458e-20
178.09875589558953 1.2932789316296978e-20
178.19751836183616 1.2928486665805428e-20
178.29628082808279 1.2924186364025787e-20
178.3950432943294 1.2919888409974804e-20
178.49380576057604 1.2915592802667067e-20
178.59256822682266 1.2911299541114999e-20
178.6913306930693 1.290700862432887e-20
178.79009315931592 1.2902720051316804e-20
178.88885562556254 1.2898433821084807e-20
178.98761809180917 1.2894149932636775e-20
179.0863805580558 1.2889868384974489e-20
179.18514302430242 1.288558917709766e-20
179.28390549054905 1.2881312308003908e-20
179.38266795679567 1.2877037776688802e-20
179.4814304230423 1.2872765582145858e-20
179.58019288928892 1.2868495723366553e-20
179.67895535553555 1.2864228199340336e-20
179.77771782178218 1.2859963009054656e-20
179.8764802880288 1.2855700151494958e-20
179.9752427542754 1.2851439625644691e-20
180.07400522052203 1.2847181430485338e-20
180.17276768676865 1.284292556499642e-20
180.27153015301528 1.283867202815549e-20
180.3702926192619 1.2834420818938192e-20
180.46905508550853 1.2830171936318224e-20
180.56781755175516 1.2825925379267374e-20
180.66658001800178 1.2821681146755537e-20
180.7653424842484 1.2817439237750695e-20
180.86410495049503 1.2813199651218974e-20
180.96286741674166 1.2808962386124627e-20
181.06162988298829 1.2804727441430052e-20
181.1603923492349 1.2800494816095811e-20
181.25915481548154 1.2796264509080615e-20
181.35791728172816 1.279203651934138e-20
181.4566797479748 1.2787810845833195e-20
181.55544221422142 1.2783587487509367e-20
181.65420468046804 1.2779366443321419e-20
181.75296714671467 1.2775147712219076e-20
181.8517296129613 1.2770931293150344e-20
181.95049207920792 1.2766717185061442e-20
182.04925454545454 1.2762505386896863e-20
182.14801701170114 1.2758295897599386e-20
182.24677947794777 1.2754088716110047e-20
182.3455419441944 1.2749883841368198e-20
182.44430441044102 1.274568127231149e-20
182.54306687668765 1.2741481007875883e-20
182.64182934293427 1.2737283046995686e-20
182.7405918091809 1.2733087388603537e-20
182.83935427542752 1.2728894031630412e-20
182.93811674167415 1.2724702975005668e-20
183.03687920792078 1.2720514217657022e-20
183.1356416741674 1.2716327758510574e-20
183.23440414041403 1.2712143596490827e-20
183.33316660666065 1.2707961730520689e-20
183.43192907290728 1.2703782159521461e-20
183.5306915391539 1.2699604882412896e-20
183.62945400540053 1.2695429898113178e-20
183.72821647164716 1.2691257205538928e-20
183.82697893789378 1.2687086803605234e-20
183.9257414041404 1.2682918691225657e-20
184.02450387038704 1.2678752867312219e-20
184.12326633663366 1.2674589330775443e-20
184.22202880288026 1.2670428080524357e-20
184.3207912691269 1.266626911546648e-20
184.4195537353735 1.2662112434507876e-20
184.51831620162014 1.2657958036553123e-20
184.61707866786676 1.2653805920505337e-20
184.7158411341134 1.2649656085266203e-20
184.81460360036002 1.2645508529735939e-20
184.91336606660664 1.2641363252813367e-20
185.01212853285327 1.2637220253395859e-20
185.1108909990999 1.2633079530379401e-20
185.20965346534652 1.2628941082658568e-20
185.30841593159315 1.2624804909126552e-20
185.40717839783977 1.262067100867515e-20
185.5059408640864 1.261653938019481e-20
185.60470333033302 1.2612410022574616e-20
185.70346579657965 1.2608282934702294e-20
185.80222826282628 1.2604158115464234e-20
185.9009907290729 1.2600035563745497e-20
185.99975319531953 1.259591527842982e-20
186.09851566156615 1.2591797258399627e-20
186.19727812781278 1.258768150253605e-20
186.2960405940594 1.2583568009718916e-20
186.394803060306 1.2579456778826784e-20
186.49356552655263 1.2575347808736917e-20
186.59232799279926 1.2571241098325341e-20
186.69109045904588 1.2567136646466803e-20
186.7898529252925 1.2563034452034824e-20
186.88861539153913 1.2558934513901672e-20
186.98737785778576 1.2554836830938401e-20
187.08614032403239 1.2550741402014848e-20
187.184902790279 1.2546648225999627e-20
187.28366525652564 1.2542557301760165e-20
187.38242772277226 1.2538468628162699e-20
187.4811901890189 1.253438220407228e-20
187.57995265526552 1.2530298028352781e-20
187.67871512151214 1.2526216099866928e-20
187.77747758775877 1.2522136417476277e-20
187.8762400540054 1.2518058980041245e-20
187.97500252025202 1.2513983786421114e-20
188.07376498649865 1.2509910835474037e-20
188.17252745274527 1.2505840126057048e-20
188.2712899189919 1.250177165702606e-20
188.37005238523852 1.2497705427235905e-20
188.46881485148512 1.2493641435540306e-20
188.56757731773175 1.2489579680791909e-20
188.66633978397837 1.2485520161842278e-20
188.765102250225 1.2481462877541913e-20
188.86386471647162 1.2477407826740267e-20
188.96262718271825 1.2473355008285724e-20
189.06138964896488 1.2469304421025631e-20
189.1601521152115 1.2465256063806311e-20
189.25891458145813 1.2461209935473049e-20
189.35767704770475 1.2457166034870128e-20
189.45643951395138 1.2453124360840812e-20
189.555201980198 1.2449084912227371e-20
189.65396444644463 1.2445047687871078e-20
189.75272691269126 1.2441012686612224e-20
189.85148937893788 1.2436979907290127e-20
189.9502518451845 1.2432949348743133e-20
190.04901431143114 1.2428921009808638e-20
190.14777677767776 1.2424894889323082e-20
190.2465392439244 1.2420870986121955e-20
190.34530171017101 1.2416849299039825e-20
190.44406417641764 1.2412829826910318e-20
190.54282664266424 1.2408812568566158e-20
190.64158910891086 1.2404797522839145e-20
190.7403515751575 1.2400784688560177e-20
190.83911404140412 1.2396774064559264e-20
190.93787650765074 1.239276564966552e-20
191.03663897389737 1.2388759442707186e-20
191.135401440144 1.2384755442511625e-20
191.23416390639062 1.2380753647905338e-20
191.33292637263725 1.2376754057713966e-20
191.43168883888387 1.237275667076231e-20
191.5304513051305 1.2368761485874315e-20
191.62921377137712 1.2364768501873115e-20
191.72797623762375 1.2360777717580982e-20
191.82673870387038 1.2356789131819408e-20
191.925501170117 1.2352802743409047e-20
192.02426363636363 1.2348818551169756e-20
192.12302610261025 1.2344836553920601e-20
192.22178856885688 1.2340856750479856e-20
192.3205510351035 1.2336879139664998e-20
192.41931350135013 1.2332903720292764e-20
192.51807596759676 1.2328930491179088e-20
192.61683843384336 1.2324959451139163e-20
192.71560090008998 1.2320990598987424e-20
192.8143633663366 1.2317023933537559e-20
192.91312583258323 1.2313059453602527e-20
193.01188829882986 1.2309097157994543e-20
193.11065076507649 1.2305137045525103e-20
193.2094132313231 1.2301179115004985e-20
193.30817569756974 1.2297223365244264e-20
193.40693816381636 1.22932697950523e-20
193.505700630063 1.2289318403237769e-20
193.60446309630962 1.2285369188608643e-20
193.70322556255624 1.2281422149972229e-20
193.80198802880287 1.2277477286135143e-20
193.9007504950495 1.2273534595903348e-20
193.99951296129612 1.2269594078082131e-20
194.09827542754275 1.226565573147613e-20
194.19703789378937 1.226171955488934e-20
194.295800360036 1.2257785547125102e-20
194.39456282628262 1.225385370698614e-20
194.49332529252925 1.2249924033274533e-20
194.59208775877588 1.2245996524791745e-20
194.6908502250225 1.224207118033864e-20
194.7896126912691 1.223814799871544e-20
194.88837515751572 1.2234226978721807e-20
194.98713762376235 1.223030811915677e-20
195.08590009000898 1.2226391418818797e-20
195.1846625562556 1.222247687650576e-20
195.28342502250223 1.2218564491014965e-20
195.38218748874885 1.2214654261143135e-20
195.48094995499548 1.2210746185686442e-20
195.5797124212421 1.2206840263440504e-20
195.67847488748873 1.2202936493200382e-20
195.77723735373536 1.219903487376059e-20
195.87599981998198 1.2195135403915111e-20
195.9747622862286 1.2191238082457405e-20
196.07352475247524 1.2187342908180393e-20
196.17228721872186 1.218344987987648e-20
196.2710496849685 1.2179558996337566e-20
196.36981215121511 1.2175670256355043e-20
196.46857461746174 1.2171783658719794e-20
196.56733708370837 1.2167899202222218e-20
196.666099549955 1.2164016885652223e-20
196.76486201620162 1.2160136707799233e-20
196.86362448244822 1.2156258667452205e-20
196.96238694869484 1.2152382763399614e-20
197.06114941494147 1.2148508994429476e-20
197.1599118811881 1.2144637359329349e-20
197.25867434743472 1.2140767856886347e-20
197.35743681368135 1.2136900485887127e-20
197.45619927992797 1.213303524511791e-20
197.5549617461746 1.2129172133364481e-20
197.65372421242122 1.2125311149412202e-20
197.75248667866785 1.2121452292046013e-20
197.85124914491448 1.2117595560050415e-20
197.9500116111611 1.2113740952209538e-20
198.04877407740773 1.2109888467307075e-20
198.14753654365435 1.2106038104126318e-20
198.24629900990098 1.2102189861450191e-20
198.3450614761476 1.2098343738061206e-20
198.44382394239423 1.2094499732741504e-20
198.54258640864086 1.2090657844272843e-20
198.64134887488748 1.208681807143661e-20
198.7401113411341 1.2082980413013831e-20
198.83887380738074 1.2079144867785167e-20
198.93763627362736 1.2075311434530921e-20
199.03639873987396 1.2071480112031059e-20
199.13516120612059 1.2067650899065188e-20
199.2339236723672 1.206382379441258e-20
199.33268613861384 1.205999879685218e-20
199.43144860486046 1.20561759051626e-20
199.5302110711071 1.2052355118122132e-20
199.62897353735372 1.204853643450875e-20
199.72773600360034 1.204471985310011e-20
199.82649846984697 1.2040905372673577e-20
199.9252609360936 1.203709299200619e-20
200.02402340234022 1.2033282709874719e-20
200.12278586858685 1.2029474525055638e-20
200.22154833483347 1.2025668436325103e-20
200.3203108010801 1.202186444245903e-20
200.41907326732672 1.2018062542233047e-20
200.51783573357335 1.2014262734422501e-20
200.61659819981998 1.201046501780248e-20
200.7153606660666 1.2006669391147822e-20
200.81412313231323 1.2002875853233091e-20
200.91288559855985 1.199908440283262e-20
201.01164806480648 1.1995295038720484e-20
201.11041053105308 1.1991507759670523e-20
201.2091729972997 1.1987722564456345e-20
201.30793546354633 1.1983939451851311e-20
201.40669792979295 1.1980158420628581e-20
201.50546039603958 1.1976379469561078e-20
201.6042228622862 1.1972602597421525e-20
201.70298532853283 1.1968827802982418e-20
201.80174779477946 1.1965055085016048e-20
201.90051026102608 1.1961284442294524e-20
201.9992727272727 1.1957515873589736e-20
202.09803519351934 1.1953749377673386e-20
202.19679765976596 1.1949984953317013e-20
202.2955601260126 1.194622259929195e-20
202.39432259225921 1.194246231436936e-20
202.49308505850584 1.1938704097320224e-20
202.59184752475247 1.1934947946915379e-20
202.6906099909991 1.1931193861925478e-20
202.78937245724572 1.1927441841121024e-20
202.88813492349234 1.192369188327236e-20
202.98689738973897 1.1919943987149681e-20
203.0856598559856 1.1916198151523052e-20
203.1844223222322 1.1912454375162378e-20
203.28318478847882 1.1908712656837436e-20
203.38194725472545 1.190497299531787e-20
203.48070972097207 1.1901235389373199e-20
203.5794721872187 1.1897499837772825e-20
203.67823465346532 1.1893766339286015e-20
203.77699711971195 1.1890034892681947e-20
203.87575958595858 1.1886305496729677e-20
203.9745220522052 1.1882578150198141e-20
204.07328451845183 1.1878852851856213e-20
204.17204698469845 1.1875129600472631e-20
204.27080945094508 1.1871408394816061e-20
204.3695719171917 1.1867689233655083e-20
204.46833438343833 1.1863972115758195e-20
204.56709684968496 1.1860257039893801e-20
204.66585931593158 1.1856544004830243e-20
204.7646217821782 1.1852833009335798e-20
204.86338424842484 1.184912405217866e-20
204.96214671467146 1.184541713212698e-20
205.0609091809181 1.1841712247948833e-20
205.1596716471647 1.1838009398412251e-20
205.2584341134113 1.1834308582285223e-20
205.35719657965794 1.1830609798335667e-20
205.45595904590456 1.1826913045331493e-20
205.5547215121512 1.1823218322040553e-20
205.65348397839782 1.1819525627230662e-20
205.75224644464444 1.1815834959669627e-20
205.85100891089107 1.1812146318125208e-20
205.9497713771377 1.1808459701365157e-20
206.04853384338432 1.1804775108157203e-20
206.14729630963095 1.1801092537269064e-20
206.24605877587757 1.1797411987468442e-20
206.3448212421242 1.179373345752305e-20
206.44358370837082 1.179005694620059e-20
206.54234617461745 1.1786382452268756e-20
206.64110864086408 1.1782709974495263e-20
206.7398711071107 1.1779039511647834e-20
206.83863357335733 1.17753710624942e-20
206.93739603960395 1.1771704625802113e-20
207.03615850585058 1.1768040200339345e-20
207.1349209720972 1.176437778487371e-20
207.23368343834383 1.1760717378173016e-20
207.33244590459046 1.175705897900514e-20
207.43120837083706 1.1753402586137963e-20
207.52997083708368 1.1749748198339446e-20
207.6287333033303 1.1746095814377547e-20
207.72749576957693 1.1742445433020314e-20
207.82625823582356 1.1738797053035822e-20
207.92502070207019 1.1735150673192204e-20
208.0237831683168 1.1731506292257667e-20
208.12254563456344 1.1727863909000455e-20
208.22130810081006 1.17242235221889e-20
208.3200705670567 1.1720585130591392e-20
208.41883303330332 1.1716948732976391e-20
208.51759549954994 1.171331432811245e-20
208.61635796579657 1.1709681914768186e-20
208.7151204320432 1.1706051491712305e-20
208.81388289828982 1.1702423057713599e-20
208.91264536453644 1.1698796611540955e-20
209.01140783078307 1.1695172151963349e-20
209.1101702970297 1.1691549677749856e-20
209.20893276327632 1.1687929187669648e-20
209.30769522952295 1.1684310680492014e-20
209.40645769576957 1.1680694154986332e-20
209.50522016201617 1.1677079609922107e-20
209.6039826282628 1.1673467044068948e-20
209.70274509450942 1.1669856456196597e-20
209.80150756075605 1.1666247845074893e-20
209.90027002700268 1.166264120947382e-20
209.9990324932493 1.165903654816348e-20
210.09779495949593 1.1655433859914111e-20
210.19655742574255 1.1651833143496081e-20
210.29531989198918 1.1648234397679892e-20
210.3940823582358 1.1644637621236201e-20
210.49284482448243 1.1641042812935798e-20
210.59160729072906 1.1637449971549622e-20
210.69036975697568 1.1633859095848761e-20
210.7891322232223 1.163027018460446e-20
210.88789468946894 1.1626683236588114e-20
210.98665715571556 1.1623098250571293e-20
211.0854196219622 1.1619515225325706e-20
211.18418208820881 1.161593415962326e-20
211.28294455445544 1.1612355052235998e-20
211.38170702070207 1.1608777901936158e-20
211.4804694869487 1.1605202707496143e-20
211.57923195319532 1.1601629467688538e-20
211.67799441944192 1.1598058181286117e-20
211.77675688568854 1.1594488847061816e-20
211.87551935193517 1.159092146378879e-20
211.9742818181818 1.1587356030240353e-20
212.07304428442842 1.1583792545190037e-20
212.17180675067505 1.1580231007411553e-20
212.27056921692167 1.1576671415678827e-20
212.3693316831683 1.1573113768765974e-20
212.46809414941492 1.1569558065447325e-20
212.56685661566155 1.156600430449741e-20
212.66561908190818 1.1562452484690972e-20
212.7643815481548 1.155890260480298e-20
212.86314401440143 1.1555354663608606e-20
212.96190648064805 1.1551808659883245e-20
213.06066894689468 1.1548264592402514e-20
213.1594314131413 1.1544722459942266e-20
213.25819387938793 1.1541182261278562e-20
213.35695634563456 1.1537643995187712e-20
213.45571881188118 1.1534107660446253e-20
213.5544812781278 1.1530573255830962e-20
213.65324374437444 1.1527040780118847e-20
213.75200621062103 1.1523510232087164e-20
213.85076867686766 1.1519981610513417e-20
213.94953114311429 1.1516454914175358e-20
214.0482936093609 1.1512930141850971e-20
214.14705607560754 1.1509407292318525e-20
214.24581854185416 1.1505886364356516e-20
214.3445810081008 1.1502367356743711e-20
214.44334347434742 1.1498850268259142e-20
214.54210594059404 1.1495335097682094e-20
214.64086840684067 1.1491821843792127e-20
214.7396308730873 1.1488310505369066e-20
214.83839333933392 1.1484801081193007e-20
214.93715580558055 1.1481293570044324e-20
215.03591827182717 1.1477787970703652e-20
215.1346807380738 1.147428428195194e-20
215.23344320432042 1.1470782502570376e-20
215.33220567056705 1.1467282631340465e-20
215.43096813681368 1.1463784667043987e-20
215.5297306030603 1.1460288608463005e-20
215.62849306930693 1.1456794454379887e-20
215.72725553555355 1.1453302203577287e-20
215.82601800180015 1.1449811854838156e-20
215.92478046804678 1.1446323406945745e-20
216.0235429342934 1.1442836858683609e-20
216.12230540054003 1.1439352208835607e-20
216.22106786678665 1.1435869456185902e-20
216.31983033303328 1.1432388599518969e-20
216.4185927992799 1.1428909637619595e-20
216.51735526552653 1.1425432569272872e-20
216.61611773177316 1.1421957393264219e-20
216.71488019801978 1.1418484108379374e-20
216.8136426642664 1.141501271340439e-20
216.91240513051304 1.141154320712564e-20
217.01116759675966 1.140807558832983e-20
217.1099300630063 1.1404609855803994e-20
217.20869252925291 1.1401146008335492e-20
217.30745499549954 1.1397684044712017e-20
217.40621746174617 1.1394223963721604e-20
217.5049799279928 1.1390765764152615e-20
217.60374239423942 1.1387309444793755e-20
217.70250486048604 1.1383855004434076e-20
217.80126732673267 1.1380402441862967e-20
217.90002979297927 1.1376951755870164e-20
217.9987922592259 1.1373502945245753e-20
218.09755472547252 1.1370056008780166e-20
218.19631719171915 1.1366610945264206e-20
218.29507965796577 1.1363167753489006e-20
218.3938421242124 1.1359726432246068e-20
218.49260459045902 1.135628698032725e-20
218.59136705670565 1.1352849396524781e-20
218.69012952295228 1.1349413679631243e-20
218.7888919891989 1.1345979828439586e-20
218.88765445544553 1.1342547841743126e-20
218.98641692169215 1.1339117718335555e-20
219.08517938793878 1.1335689457010936e-20
219.1839418541854 1.1332263056563697e-20
219.28270432043203 1.1328838515788651e-20
219.38146678667866 1.1325415833480985e-20
219.48022925292528 1.1321995008436274e-20
219.5789917191719 1.1318576039450465e-20
219.67775418541854 1.1315158925319898e-20
219.77651665166516 1.1311743664841288e-20
219.8752791179118 1.1308330256811746e-20
219.9740415841584 1.1304918700028779e-20
220.072804050405 1.1301508993290272e-20
220.17156651665164 1.129810113539452e-20
220.27032898289826 1.12946951251402e-20
220.3690914491449 1.1291290961326395e-20
220.46785391539152 1.1287888642752592e-20
220.56661638163814 1.1284488168218664e-20
220.66537884788477 1.1281089536524913e-20
220.7641413141314 1.1277692746472021e-20
220.86290378037802 1.1274297796861097e-20
220.96166624662465 1.1270904686493644e-20
221.06042871287127 1.1267513414171595e-20
221.1591911791179 1.1264123978697289e-20
221.25795364536452 1.1260736378873464e-20
221.35671611161115 1.1257350613503295e-20
221.45547857785778 1.1253966681390377e-20
221.5542410441044 1.125058458133871e-20
221.65300351035103 1.1247204312152734e-20
221.75176597659765 1.12438258726373e-20
221.85052844284428 1.1240449261597694e-20
221.9492909090909 1.1237074477839618e-20
222.04805337533753 1.1233701520169227e-20
222.14681584158413 1.1230330387393088e-20
222.24557830783075 1.1226961078318198e-20
222.34434077407738 1.1223593591752012e-20
222.443103240324 1.1220227926502397e-20
222.54186570657063 1.1216864081377682e-20
222.64062817281726 1.1213502055186618e-20
222.73939063906388 1.1210141846738401e-20
222.8381531053105 1.1206783454842673e-20
222.93691557155714 1.1203426878309537e-20
223.03567803780376 1.1200072115949514e-20
223.1344405040504 1.1196719166573594e-20
223.23320297029701 1.1193368028993219e-20
223.33196543654364 1.1190018702020277e-20
223.43072790279027 1.1186671184467095e-20
223.5294903690369 1.1183325475146492e-20
223.62825283528352 1.1179981572871713e-20
223.72701530153014 1.1176639476456468e-20
223.82577776777677 1.1173299184714934e-20
223.9245402340234 1.1169960696461751e-20
224.02330270027002 1.1166624010512022e-20
224.12206516651665 1.1163289125681304e-20
224.22082763276327 1.1159956040785632e-20
224.31959009900987 1.1156624754641508e-20
224.4183525652565 1.1153295266065906e-20
224.51711503150312 1.1149967573876263e-20
224.61587749774975 1.1146641676890493e-20
224.71463996399638 1.1143317573926996e-20
224.813402430243 1.113999526380463e-20
224.91216489648963 1.1136674745342743e-20
225.01092736273625 1.1133356017361151e-20
225.10968982898288 1.113003907868017e-20
225.2084522952295 1.1126723928120578e-20
225.30721476147613 1.1123410564503647e-20
225.40597722772276 1.1120098986651136e-20
225.50473969396938 1.111678919338528e-20
225.603502160216 1.1113481183528815e-20
225.70226462646264 1.1110174955904954e-20
225.80102709270926 1.1106870509337417e-20
225.8997895589559 1.11035678426504e-20
225.9985520252025 1.1100266954668593e-20
226.09731449144914 1.1096967844217211e-20
226.19607695769577 1.1093670510121925e-20
226.2948394239424 1.1090374951208922e-20
226.393601890189 1.1087081166304897e-20
226.49236435643562 1.1083789154237032e-20
226.59112682268224 1.1080498913833021e-20
226.68988928892887 1.1077210443921055e-20
226.7886517551755 1.1073923743329834e-20
226.88741422142212 1.1070638810888561e-20
226.98617668766875 1.1067355645426955e-20
227.08493915391537 1.1064074245775229e-20
227.183701620162 1.1060794610764122e-20
227.28246408640862 1.1057516739224876e-20
227.38122655265525 1.1054240629989245e-20
227.47998901890188 1.105096628188951e-20
227.5787514851485 1.1047693693758456e-20
227.67751395139513 1.1044422864429377e-20
227.77627641764175 1.1041153792736107e-20
227.87503888388838 1.1037886477512984e-20
227.973801350135 1.1034620917594873e-20
228.07256381638163 1.1031357111817157e-20
228.17132628262826 1.1028095059015743e-20
228.27008874887488 1.1024834758027064e-20
228.3688512151215 1.1021576207688083e-20
228.4676136813681 1.1018319406836288e-20
228.56637614761473 1.1015064354309686e-20
228.66513861386136 1.1011811048946828e-20
228.76390108010798 1.100855948958678e-20
228.8626635463546 1.100530967506916e-20
228.96142601260124 1.1002061604234092e-20
229.06018847884786 1.0998815275922267e-20
229.1589509450945 1.0995570688974887e-20
229.25771341134111 1.0992327842233697e-20
229.35647587758774 1.098908673454098e-20
229.45523834383437 1.098584736473956e-20
229.554000810081 1.098260973167281e-20
229.65276327632762 1.0979373834184617e-20
229.75152574257424 1.0976139671119442e-20
229.85028820882087 1.0972907241322269e-20
229.9490506750675 1.0969676543638638e-20
230.04781314131412 1.0966447576914625e-20
230.14657560756075 1.0963220339996861e-20
230.24533807380737 1.0959994831732526e-20
230.344100540054 1.0956771050969334e-20
230.44286300630063 1.0953548996555579e-20
230.54162547254722 1.0950328667340075e-20
230.64038793879385 1.0947110062172202e-20
230.73915040504048 1.0943893179901897e-20
230.8379128712871 1.0940678019379645e-20
230.93667533753373 1.0937464579456487e-20
231.03543780378035 1.0934252858984025e-20
231.13420027002698 1.093104285681442e-20
231.2329627362736 1.0927834571800385e-20
231.33172520252023 1.0924628002795198e-20
231.43048766876686 1.0921423148652694e-20
231.52925013501348 1.0918220008227273e-20
231.6280126012601 1.091501858037389e-20
231.72677506750674 1.0911818863948085e-20
231.82553753375336 1.0908620857805931e-20
231.9243 1.0905424560804095e-20
232.0230624662466 1.09022299717998e-20
232.12182493249324 1.0899037089650832e-20
232.22058739873987 1.0895845913215553e-20
232.3193498649865 1.0892656441352892e-20
232.41811233123312 1.0889468672922345e-20
232.51687479747974 1.0886282606783993e-20
232.61563726372637 1.0883098241798465e-20
232.71439972997297 1.0879915576826997e-20
232.8131621962196 1.0876734610731365e-20
232.91192466246622 1.0873555342373951e-20
233.01068712871285 1.0870377770617688e-20
233.10944959495947 1.0867201894326099e-20
233.2082120612061 1.0864027712363282e-20
233.30697452745272 1.0860855223593927e-20
233.40573699369935 1.085768442688328e-20
233.50449945994598 1.0854515321097188e-20
233.6032619261926 1.0851347905102064e-20
233.70202439243923 1.0848182177764917e-20
233.80078685868585 1.0845018137953329e-20
233.89954932493248 1.084185578453548e-20
233.9983117911791 1.0838695116380123e-20
234.09707425742573 1.0835536132356598e-20
234.19583672367236 1.0832378831334835e-20
234.29459918991898 1.0829223212185355e-20
234.3933616561656 1.082606927377926e-20
234.49212412241224 1.0822917014988253e-20
234.59088658865886 1.0819766434684614e-20
234.6896490549055 1.0816617531741222e-20
234.78841152115209 1.0813470305031536e-20
234.8871739873987 1.0810324753429638e-20
234.98593645364534 1.0807180875810162e-20
235.08469891989196 1.0804038671048371e-20
235.1834613861386 1.080089813802011e-20
235.28222385238521 1.079775927560181e-20
235.38098631863184 1.0794622082670517e-20
235.47974878487847 1.079148655810386e-20
235.5785112511251 1.0788352700780077e-20
235.67727371737172 1.0785220509577998e-20
235.77603618361834 1.0782089983377052e-20
235.87479864986497 1.0778961121057278e-20
235.9735611161116 1.0775833921499302e-20
236.07232358235822 1.0772708383584366e-20
236.17108604860485 1.0769584506194306e-20
236.26984851485147 1.0766462288211565e-20
236.3686109810981 1.0763341728519182e-20
236.46737344734473 1.076022282600082e-20
236.56613591359135 1.0757105579540731e-20
236.66489837983798 1.0753989988023769e-20
236.7636608460846 1.0750876050335424e-20
236.86242331233123 1.0747763765361753e-20
236.96118577857783 1.0744653131989455e-20
237.05994824482445 1.0741544149105829e-20
237.15871071107108 1.0738436815598768e-20
237.2574731773177 1.0735331130356796e-20
237.35623564356433 1.0732227092269037e-20
237.45499810981096 1.0729124700225235e-20
237.55376057605758 1.0726023953115737e-20
237.6525230423042 1.0722924849831511e-20
237.75128550855084 1.0719827389264137e-20
237.85004797479746 1.0716731570305801e-20
237.9488104410441 1.0713637391849322e-20
238.04757290729071 1.0710544852788119e-20
238.14633537353734 1.0707453952016227e-20
238.24509783978397 1.0704364688428318e-20
238.3438603060306 1.0701277060919652e-20
238.44262277227722 1.0698191068386138e-20
238.54138523852384 1.0695106709724275e-20
238.64014770477047 1.0692023983831203e-20
238.7389101710171 1.0688942889604671e-20
238.83767263726372 1.0685863425943054e-20
238.93643510351035 1.0682785591745348e-20
239.03519756975695 1.0679709385911168e-20
239.13396003600357 1.0676634807340754e-20
239.2327225022502 1.0673561854934966e-20
239.33148496849682 1.0670490527595295e-20
239.43024743474345 1.0667420824223841e-20
239.52900990099008 1.0664352743723352e-20
239.6277723672367 1.0661286284997173e-20
239.72653483348333 1.0658221446949301e-20
239.82529729972995 1.0655158228484349e-20
239.92405976597658 1.0652096628507551e-20
240.0228222322232 1.0649036645924777e-20
240.12158469846983 1.0645978279642523e-20
240.22034716471646 1.0642921528567911e-20
240.31910963096308 1.0639866391608699e-20
240.4178720972097 1.0636812867673268e-20
240.51663456345634 1.0633760955670626e-20
240.61539702970296 1.0630710654510424e-20
240.7141594959496 1.0627661963102931e-20
240.8129219621962 1.0624614880359062e-20
240.91168442844284 1.0621569405190347e-20
241.01044689468947 1.0618525536508966e-20
241.10920936093606 1.0615483273227716e-20
241.2079718271827 1.0612442614260052e-20
241.30673429342932 1.0609403558520027e-20
241.40549675967594 1.0606366104922364e-20
241.50425922592257 1.0603330252382402e-20
241.6030216921692 1.0600295999816115e-20
241.70178415841582 1.0597263346140125e-20
241.80054662466245 1.0594232290271677e-20
241.89930909090907 1.0591202831128668e-20
241.9980715571557 1.058817496762962e-20
242.09683402340232 1.0585148698693699e-20
242.19559648964895 1.0582124023240707e-20
242.29435895589558 1.0579100940191084e-20
242.3931214221422 1.0576079448465916e-20
242.49188388838883 1.057305954698692e-20
242.59064635463545 1.0570041234676449e-20
242.68940882088208 1.0567024510457522e-20
242.7881712871287 1.0564009373253766e-20
242.88693375337533 1.0560995821989476e-20
242.98569621962196 1.0557983855589574e-20
243.08445868586858 1.055497347297963e-20
243.18322115211518 1.0551964673085849e-20
243.2819836183618 1.0548957454835093e-20
243.38074608460843 1.0545951817154852e-20
243.47950855085506 1.0542947758973273e-20
243.57827101710168 1.053994527921914e-20
243.6770334833483 1.0536944376821881e-20
243.77579594959494 1.053394505071157e-20
243.87455841584156 1.0530947299818939e-20
243.9733208820882 1.0527951123075347e-20
244.07208334833481 1.05249565194128e-20
244.17084581458144 1.0521963487763966e-20
244.26960828082807 1.0518972027062153e-20
244.3683707470747 1.0515982136241311e-20
244.46713321332132 1.0512993814236036e-20
244.56589567956794 1.0510007059981588e-20
244.66465814581457 1.050702187241386e-20
244.7634206120612 1.050403825046939e-20
244.86218307830782 1.0501056193085386e-20
244.96094554455445 1.0498075699199686e-20
245.05970801080107 1.0495096767750782e-20
245.1584704770477 1.0492119397677826e-20
245.25723294329433 1.0489143587920604e-20
245.35599540954092 1.0486169337419567e-20
245.45475787578755 1.0483196645115807e-20
245.55352034203418 1.0480225509951072e-20
245.6522828082808 1.0477255930867769e-20
245.75104527452743 1.0474287906808935e-20
245.84980774077405 1.0471321436718284e-20
245.94857020702068 1.0468356519540169e-20
246.0473326732673 1.04653931542196e-20
246.14609513951393 1.0462431339702235e-20
246.24485760576056 1.0459471074934392e-20
246.34362007200718 1.0456512358863042e-20
246.4423825382538 1.0453555190435795e-20
246.54114500450044 1.0450599568600948e-20
246.63990747074706 1.0447645492307415e-20
246.7386699369937 1.0444692960504793e-20
246.8374324032403 1.0441741972143323e-20
246.93619486948694 1.0438792526173898e-20
247.03495733573357 1.0435844621548072e-20
247.1337198019802 1.0432898257218048e-20
247.23248226822682 1.0429953432136701e-20
247.33124473447344 1.0427010145257543e-20
247.43000720072004 1.0424068395534758e-20
247.52876966696667 1.0421128181923173e-20
247.6275321332133 1.0418189503378284e-20
247.72629459945992 1.0415252358856238e-20
247.82505706570655 1.0412316747313846e-20
247.92381953195317 1.0409382667708567e-20
248.0225819981998 1.0406450118998526e-20
248.12134446444642 1.0403519100142501e-20
248.22010693069305 1.0400589610099933e-20
248.31886939693968 1.0397661647830919e-20
248.4176318631863 1.0394735212296217e-20
248.51639432943293 1.0391810302457239e-20
248.61515679567955 1.0388886917276067e-20
248.71391926192618 1.0385965055715429e-20
248.8126817281728 1.0383044716738727e-20
248.91144419441943 1.0380125899310001e-20
249.01020666066606 1.0377208602393986e-20
249.10896912691268 1.0374292824956046e-20
249.2077315931593 1.0371378565962212e-20
249.30649405940594 1.0368465824379188e-20
249.40525652565256 1.0365554599174335e-20
249.5040189918992 1.0362644889315658e-20
249.60278145814578 1.0359736693771854e-20
249.7015439243924 1.0356830011512248e-20
249.80030639063904 1.0353924841506852e-20
249.89906885688566 1.035102118272633e-20
249.9978313231323 1.0348119034142007e-20
250.09659378937891 1.0345218394725877e-20
250.19535625562554 1.0342319263450585e-20
250.29411872187217 1.0339421639289445e-20
250.3928811881188 1.0336525521216434e-20
250.49164365436542 1.0333630908206198e-20
250.59040612061204 1.0330737799234031e-20
250.68916858685867 1.0327846193275896e-20
250.7879310531053 1.032495608930843e-20
250.88669351935192 1.0322067486308923e-20
250.98545598559855 1.0319180383255327e-20
251.08421845184517 1.0316294779126262e-20
251.1829809180918 1.031341067290101e-20
251.28174338433843 1.0310528063559521e-20
251.38050585058505 1.0307646950082397e-20
251.47926831683168 1.0304767331450924e-20
251.5780307830783 1.0301889206647035e-20
251.6767932493249 1.0299012574653336e-20
251.77555571557153 1.029613743445309e-20
251.87431818181815 1.029326378503024e-20
251.97308064806478 1.0290391625369374e-20
252.0718431143114 1.028752095445576e-20
252.17060558055803 1.0284651771275317e-20
252.26936804680466 1.0281784074814642e-20
252.36813051305128 1.0278917864060996e-20
252.4668929792979 1.0276053138002302e-20
252.56565544554454 1.0273189895627141e-20
252.66441791179116 1.0270328135924769e-20
252.7631803780378 1.0267467857885113e-20
252.8619428442844 1.0264609060498743e-20
252.96070531053104 1.0261751742756923e-20
253.05946777677767 1.0258895903651563e-20
253.1582302430243 1.0256041542175245e-20
253.25699270927092 1.0253188657321214e-20
253.35575517551754 1.0250337248083394e-20
253.45451764176417 1.0247487313456356e-20
253.5532801080108 1.0244638852435345e-20
253.65204257425742 1.0241791864016282e-20
253.75080504050402 1.0238946347195736e-20
253.84956750675065 1.0236102300970962e-20
253.94832997299727 1.0233259724339868e-20
254.0470924392439 1.0230418616301022e-20
254.14585490549052 1.0227578975853682e-20
254.24461737173715 1.0224740801997756e-20
254.34337983798378 1.0221904093733815e-20
254.4421423042304 1.0219068850063108e-20
254.54090477047703 1.0216235069987548e-20
254.63966723672365 1.0213402752509711e-20
254.73842970297028 1.0210571896632838e-20
254.8371921692169 1.0207742501360847e-20
254.93595463546353 1.0204914565698307e-20
255.03471710171016 1.0202088088650472e-20
255.13347956795678 1.0199263069223253e-20
255.2322420342034 1.0196439506423222e-20
255.33100450045004 1.0193617399257631e-20
255.42976696669666 1.0190796746734393e-20
255.5285294329433 1.0187977547862087e-20
255.6272918991899 1.0185159801649959e-20
255.72605436543654 1.0182343507107919e-20
255.82481683168314 1.0179528663246556e-20
255.92357929792976 1.0176715269077112e-20
256.0223417641764 1.0173903323611509e-20
256.12110423042304 1.0171092825862322e-20
256.21986669666967 1.0168283774842805e-20
256.3186291629163 1.0165476169566871e-20
256.4173916291629 1.0162670009049109e-20
256.51615409540955 1.0159865292304763e-20
256.6149165616562 1.0157062018349754e-20
256.7136790279028 1.0154260186200669e-20
256.8124414941494 1.0151459794874757e-20
256.91120396039605 1.014866084338994e-20
257.0099664266427 1.0145863330764801e-20
257.1087288928893 1.0143067256018593e-20
257.20749135913593 1.014027261817124e-20
257.30625382538256 1.013747941624332e-20
257.4050162916292 1.0134687649256098e-20
257.5037787578758 1.0131897316231492e-20
257.60254122412243 1.0129108416192086e-20
257.70130369036906 1.0126320948161136e-20
257.8000661566157 1.0123534911162569e-20
257.8988286228623 1.0120750304220964e-20
257.9975910891089 1.0117967126361586e-20
258.0963535553555 1.0115185376610351e-20
258.19511602160213 1.0112405053993849e-20
258.29387848784876 1.0109626157539336e-20
258.3926409540954 1.0106848686274738e-20
258.491403420342 1.0104072639228638e-20
258.59016588658864 1.0101298015430291e-20
258.68892835283526 1.0098524813909622e-20
258.7876908190819 1.0095753033697219e-20
258.8864532853285 1.0092982673824336e-20
258.98521575157514 1.0090213733322892e-20
259.08397821782177 1.008744621122548e-20
259.1827406840684 1.0084680106565347e-20
259.281503150315 1.0081915418376414e-20
259.38026561656164 1.0079152145693273e-20
259.47902808280827 1.0076390287551166e-20
259.5777905490549 1.0073629842986018e-20
259.6765530153015 1.0070870811034408e-20
259.77531548154815 1.0068113190733591e-20
259.8740779477948 1.0065356981121475e-20
259.9728404140414 1.006260218123665e-20
260.071602880288 1.0059848790118355e-20
260.17036534653465 1.0057096806806505e-20
260.2691278127813 1.0054346230341679e-20
260.3678902790279 1.0051597059765113e-20
260.46665274527453 1.0048849294118724e-20
260.56541521152116 1.0046102932445088e-20
260.6641776777678 1.0043357973787429e-20
260.7629401440144 1.0040614417189664e-20
260.86170261026103 1.0037872261696356e-20
260.96046507650766 1.003513150635274e-20
261.0592275427543 1.0032392150204712e-20
261.1579900090009 1.0029654192298834e-20
261.25675247524754 1.0026917631682338e-20
261.35551494149416 1.0024182467403115e-20
261.4542774077408 1.0021448698509715e-20
261.5530398739874 1.0018716324051368e-20
261.65180234023404 1.0015985343077951e-20
261.75056480648067 1.0013255754640018e-20
261.8493272727273 1.0010527557788778e-20
261.9480897389739 1.0007800751576109e-20
262.04685220522055 1.0005075335054546e-20
262.1456146714672 1.0002351307277302e-20
262.24437713771374 9.999628667298244e-21
262.34313960396037 9.996907414171889e-21
262.441902070207 9.994187546953446e-21
262.5406645364536 9.991469064698765e-21
262.63942700270024 9.98875196646437e-21
262.73818946894687 9.986036251307438e-21
262.8369519351935 9.983321918285817e-21
262.9357144014401 9.98060896645802e-21
263.03447686768675 9.977897394883211e-21
263.1332393339334 9.97518720262123e-21
263.23200180018 9.972478388732568e-21
263.3307642664266 9.969770952278385e-21
263.42952673267325 9.967064892320498e-21
263.5282891989199 9.96436020792139e-21
263.6270516651665 9.961656898144207e-21
263.72581413141313 9.958954962052744e-21
263.82457659765976 9.956254398711478e-21
263.9233390639064 9.95355520718553e-21
264.022101530153 9.950857386540694e-21
264.12086399639963 9.948160935843417e-21
264.21962646264626 9.945465854160807e-21
264.3183889288929 9.942772140560636e-21
264.4171513951395 9.940079794111342e-21
264.51591386138614 9.937388813882008e-21
264.61467632763276 9.934699198942391e-21
264.7134387938794 9.932010948362905e-21
264.812201260126 9.929324061214623e-21
264.91096372637264 9.926638536569269e-21
265.00972619261927 9.923954373499242e-21
265.1084886588659 9.921271571077593e-21
265.2072511251125 9.91859012837803e-21
265.30601359135915 9.915910044474929e-21
265.4047760576058 9.913231318443308e-21
265.5035385238524 9.910553949358866e-21
265.602300990099 9.907877936297942e-21
265.70106345634565 9.905203278337541e-21
265.7998259225923 9.902529974555325e-21
265.8985883888389 9.89985802402962e-21
265.99735085508553 9.897187425839403e-21
266.09611332133215 9.894518179064308e-21
266.1948757875788 9.89185028278463e-21
266.2936382538254 9.889183736081326e-21
266.392400720072 9.886518538036002e-21
266.4911631863186 9.883854687730921e-21
266.5899256525652 9.88119218424901e-21
266.68868811881185 9.878531026673845e-21
266.7874505850585 9.875871214089667e-21
266.8862130513051 9.873212745581365e-21
266.98497551755173 9.870555620234485e-21
267.08373798379836 9.86789983713524e-21
267.182500450045 9.865245395370485e-21
267.2812629162916 9.862592294027737e-21
267.38002538253824 9.859940532195165e-21
267.47878784878486 9.857290108961604e-21
267.5775503150315 9.854641023416522e-21
267.6763127812781 9.85199327465007e-21
267.77507524752474 9.84934686175303e-21
267.87383771377137 9.846701783816844e-21
267.972600180018 9.844058039933622e-21
268.0713626462646 9.841415629196113e-21
268.17012511251124 9.838774550697721e-21
268.26888757875787 9.836134803532512e-21
268.3676500450045 9.833496386795199e-21
268.4664125112511 9.830859299581149e-21
268.56517497749775 9.828223540986381e-21
268.6639374437444 9.825589110107571e-21
268.762699909991 9.822956006042047e-21
268.8614623762376 9.820324227887782e-21
268.96022484248425 9.817693774743405e-21
269.0589873087309 9.815064645708207e-21
269.1577497749775 9.812436839882117e-21
269.25651224122413 9.809810356365717e-21
269.35527470747076 9.807185194260251e-21
269.4540371737174 9.8045613526676e-21
269.552799639964 9.801938830690308e-21
269.65156210621063 9.799317627431563e-21
269.75032457245726 9.796697741995201e-21
269.8490870387039 9.79407917348572e-21
269.9478495049505 9.79146192100825e-21
270.04661197119714 9.788845983668585e-21
270.14537443744376 9.786231360573168e-21
270.2441369036904 9.783618050829079e-21
270.342899369937 9.78100605354406e-21
270.44166183618364 9.778395367826503e-21
270.54042430243027 9.77578599278543e-21
270.6391867686769 9.773177927530533e-21
270.7379492349235 9.770571171172148e-21
270.83671170117015 9.767965722821242e-21
270.93547416741677 9.765361581589445e-21
271.0342366336634 9.762758746589038e-21
271.13299909991 9.760157216932935e-21
271.23176156615665 9.757556991734706e-21
271.3305240324033 9.754958070108569e-21
271.4292864986499 9.752360451169384e-21
271.5280489648965 9.74976413403266e-21
271.6268114311431 9.747169117814546e-21
271.7255738973897 9.744575401631844e-21
271.82433636363635 9.741982984602006e-21
271.923098829883 9.739391865843109e-21
272.0218612961296 9.736802044473896e-21
272.1206237623762 9.73421351961374e-21
272.21938622862285 9.731626290382676e-21
272.3181486948695 9.729040355901365e-21
272.4169111611161 9.726455715291122e-21
272.51567362736273 9.723872367673904e-21
272.61443609360936 9.721290312172308e-21
272.713198559856 9.71870954790958e-21
272.8119610261026 9.716130074009607e-21
272.91072349234923 9.713551889596914e-21
273.00948595859586 9.710974993796672e-21
273.1082484248425 9.708399385734696e-21
273.2070108910891 9.705825064537445e-21
273.30577335733574 9.703252029332012e-21
273.40453582358236 9.700680279246136e-21
273.503298289829 9.698109813408198e-21
273.6020607560756 9.695540630947217e-21
273.70082322232224 9.692972730992854e-21
273.79958568856887 9.690406112675411e-21
273.8983481548155 9.687840775125831e-21
273.9971106210621 9.685276717475697e-21
274.09587308730875 9.682713938857225e-21
274.1946355535554 9.680152438403281e-21
274.293398019802 9.677592215247361e-21
274.3921604860486 9.675033268523607e-21
274.49092295229525 9.672475597366794e-21
274.5896854185419 9.669919200912332e-21
274.6884478847885 9.667364078296285e-21
274.7872103510351 9.664810228655332e-21
274.88597281728175 9.662257651126813e-21
274.9847352835284 9.659706344848684e-21
275.083497749775 9.65715630895955e-21
275.18226021602163 9.654607542598646e-21
275.28102268226826 9.652060044905856e-21
275.3797851485149 9.649513815021687e-21
275.4785476147615 9.646968852087285e-21
275.57731008100814 9.644425155244432e-21
275.67607254725476 9.641882723635544e-21
275.7748350135014 9.639341556403679e-21
275.87359747974796 9.63680165269252e-21
275.9723599459946 9.634263011646391e-21
276.0711224122412 9.631725632410243e-21
276.16988487848784 9.629189514129669e-21
276.26864734473446 9.62665465595089e-21
276.3674098109811 9.624121057020762e-21
276.4661722772277 9.621588716486779e-21
276.56493474347434 9.619057633497055e-21
276.66369720972097 9.61652780720035e-21
276.7624596759676 9.613999236746048e-21
276.8612221422142 9.611471921284165e-21
276.95998460846084 9.60894585996535e-21
277.05874707470747 9.606421051940885e-21
277.1575095409541 9.603897496362686e-21
277.2562720072007 9.601375192383283e-21
277.35503447344735 9.598854139155857e-21
277.453796939694 9.596334335834208e-21
277.5525594059406 9.59381578157277e-21
277.6513218721872 9.591298475526602e-21
277.75008433843385 9.588782416851397e-21
277.8488468046805 9.586267604703469e-21
277.9476092709271 9.583754038239767e-21
278.04637173717373 9.581241716617873e-21
278.14513420342035 9.578730638995984e-21
278.243896669667 9.576220804532937e-21
278.3426591359136 9.573712212388184e-21
278.44142160216023 9.571204861721816e-21
278.54018406840686 9.568698751694546e-21
278.6389465346535 9.56619388146771e-21
278.7377090009001 9.563690250203275e-21
278.83647146714674 9.56118785706383e-21
278.93523393339336 9.558686701212596e-21
279.03399639964 9.556186781813408e-21
279.1327588658866 9.553688098030736e-21
279.23152133213324 9.55119064902967e-21
279.33028379837987 9.548694433975925e-21
279.4290462646265 9.54619945203584e-21
279.5278087308731 9.543705702376383e-21
279.62657119711974 9.541213184165129e-21
279.72533366336637 9.5387218965703e-21
279.824096129613 9.536231838760722e-21
279.9228585958596 9.533743009905847e-21
280.02162106210625 9.531255409175753e-21
280.1203835283528 9.528769035741141e-21
280.21914599459944 9.526283888773327e-21
280.31790846084607 9.523799967444253e-21
280.4166709270927 9.521317270926479e-21
280.5154333933393 9.518835798393193e-21
280.61419585958595 9.516355549018189e-21
280.7129583258326 9.513876521975897e-21
280.8117207920792 9.511398716441354e-21
280.9104832583258 9.508922131590218e-21
281.00924572457245 9.506446766598774e-21
281.1080081908191 9.50397262064392e-21
281.2067706570657 9.501499692903176e-21
281.30553312331233 9.499027982554668e-21
281.40429558955896 9.496557488777152e-21
281.5030580558056 9.494088210750001e-21
281.6018205220522 9.4916201476532e-21
281.70058298829883 9.48915329866735e-21
281.79934545454546 9.486687662973671e-21
281.8981079207921 9.484223239754004e-21
281.9968703870387 9.481760028190794e-21
282.09563285328534 9.47929802746711e-21
282.19439531953196 9.476837236766633e-21
282.2931577857786 9.474377655273663e-21
282.3919202520252 9.471919282173105e-21
282.49068271827184 9.469462116650488e-21
282.58944518451847 9.467006157891952e-21
282.6882076507651 9.464551405084248e-21
282.7869701170117 9.462097857414733e-21
282.88573258325835 9.4596455140714e-21
282.98449504950497 9.457194374242831e-21
283.0832575157516 9.454744437118224e-21
283.1820199819982 9.452295701887399e-21
283.28078244824485 9.449848167740783e-21
283.3795449144915 9.447401833869411e-21
283.4783073807381 9.444956699464928e-21
283.5770698469847 9.442512763719592e-21
283.67583231323135 9.440070025826273e-21
283.774594779478 9.43762848497845e-21
283.8733572457246 9.43518814037021e-21
283.97211971197123 9.432748991196244e-21
284.07088217821786 9.43031103665186e-21
284.1696446444645 9.427874275932974e-21
284.2684071107111 9.425438708236106e-21
284.3671695769577 9.423004332758382e-21
284.4659320432043 9.42057114869754e-21
284.56469450945093 9.418139155251926e-21
284.66345697569756 9.41570835162049e-21
284.7622194419442 9.413278737002786e-21
284.8609819081908 9.410850310598976e-21
284.95974437443743 9.408423071609834e-21
285.05850684068406 9.405997019236729e-21
285.1572693069307 9.403572152681639e-21
285.2560317731773 9.401148471147154e-21
285.35479423942394 9.398725973836454e-21
285.45355670567056 9.396304659953336e-21
285.5523191719172 9.393884528702192e-21
285.6510816381638 9.391465579288024e-21
285.74984410441044 9.389047810916433e-21
285.84860657065707 9.386631222793619e-21
285.9473690369037 9.384215814126395e-21
286.0461315031503 9.381801584122165e-21
286.14489396939695 9.379388531988942e-21
286.2436564356436 9.376976656935333e-21
286.3424189018902 9.374565958170558e-21
286.4411813681368 9.372156434904424e-21
286.53994383438345 9.369748086347343e-21
286.6387063006301 9.367340911710336e-21
286.7374687668767 9.364934910205e-21
286.8362312331233 9.362530081043559e-21
286.93499369936995 9.36012642343882e-21
287.0337561656166 9.357723936604193e-21
287.1325186318632 9.355322619753681e-21
287.23128109810983 9.35292247210189e-21
287.33004356435646 9.350523492864029e-21
287.4288060306031 9.348125681255886e-21
287.5275684968497 9.345729036493863e-21
287.62633096309634 9.343333557794948e-21
287.72509342934296 9.340939244376735e-21
287.8238558955896 9.338546095457402e-21
287.9226183618362 9.336154110255733e-21
288.02138082808284 9.3337632879911e-21
288.12014329432947 9.331373627883467e-21
288.2189057605761 9.328985129153404e-21
288.3176682268227 9.326597791022063e-21
288.41643069306934 9.324211612711192e-21
288.5151931593159 9.321826593443144e-21
288.61395562556254 9.319442732440842e-21
288.71271809180917 9.317060028927824e-21
288.8114805580558 9.31467848212821e-21
288.9102430243024 9.312298091266707e-21
289.00900549054904 9.309918855568626e-21
289.10776795679567 9.307540774259854e-21
289.2065304230423 9.30516384656688e-21
289.3052928892889 9.30278807171678e-21
289.40405535553555 9.300413448937223e-21
289.5028178217822 9.29803997745646e-21
289.6015802880288 9.295667656503337e-21
289.7003427542754 9.293296485307289e-21
289.79910522052205 9.290926463098336e-21
289.8978676867687 9.288557589107087e-21
289.9966301530153 9.286189862564742e-21
290.09539261926193 9.283823282703086e-21
290.19415508550856 9.28145784875449e-21
290.2929175517552 9.27909355995192e-21
290.3916800180018 9.276730415528915e-21
290.49044248424843 9.274368414719606e-21
290.58920495049506 9.272007556758712e-21
290.6879674167417 9.269647840881534e-21
290.7867298829883 9.267289266323964e-21
290.88549234923494 9.264931832322472e-21
290.98425481548156 9.26257553811411e-21
291.0830172817282 9.260220382936523e-21
291.1817797479748 9.257866366027935e-21
291.28054221422144 9.255513486627149e-21
291.37930468046807 9.253161743973554e-21
291.4780671467147 9.250811137307122e-21
291.5768296129613 9.248461665868415e-21
291.67559207920795 9.246113328898554e-21
291.77435454545457 9.243766125639266e-21
291.8731170117012 9.241420055332842e-21
291.9718794779478 9.239075117222166e-21
292.07064194419445 9.236731310550695e-21
292.1694044104411 9.234388634562463e-21
292.2681668766877 9.232047088502091e-21
292.3669293429343 9.229706671614773e-21
292.46569180918095 9.22736738314629e-21
292.5644542754276 9.225029222342987e-21
292.6632167416742 9.222692188451803e-21
292.7619792079208 9.220356280720246e-21
292.8607416741674 9.218021498396399e-21
292.959504140414 9.215687840728928e-21
293.05826660666065 9.213355306967072e-21
293.1570290729073 9.211023896360647e-21
293.2557915391539 9.208693608160045e-21
293.35455400540053 9.206364441616232e-21
293.45331647164716 9.204036395980753e-21
293.5520789378938 9.20170947050572e-21
293.6508414041404 9.199383664443832e-21
293.74960387038703 9.197058977048346e-21
293.84836633663366 9.194735407573107e-21
293.9471288028803 9.192412955272524e-21
294.0458912691269 9.19009161940158e-21
294.14465373537354 9.187771399215833e-21
294.24341620162016 9.185452293971415e-21
294.3421786678668 9.183134302925027e-21
294.4409411341134 9.180817425333937e-21
294.53970360036004 9.178501660455991e-21
294.63846606660667 9.176187007549603e-21
294.7372285328533 9.173873465873754e-21
294.8359909990999 9.171561034688002e-21
294.93475346534655 9.169249713252469e-21
295.0335159315932 9.166939500827847e-21
295.1322783978398 9.164630396675395e-21
295.2310408640864 9.162322400056944e-21
295.32980333033305 9.160015510234894e-21
295.4285657965797 9.157709726472209e-21
295.5273282628263 9.155405048032419e-21
295.6260907290729 9.153101474179624e-21
295.72485319531955 9.150799004178497e-21
295.8236156615662 9.148497637294256e-21
295.9223781278128 9.146197372792708e-21
296.02114059405943 9.143898209940215e-21
296.11990306030606 9.141600148003704e-21
296.2186655265527 9.139303186250666e-21
296.3174279927993 9.13700732394916e-21
296.41619045904594 9.134712560367806e-21
296.51495292529256 9.132418894775787e-21
296.6137153915392 9.130126326442848e-21
296.7124778577858 9.12783485463931e-21
296.81124032403244 9.125544478636037e-21
296.910002790279 9.12325519770446e-21
297.00876525652563 9.120967011116581e-21
297.10752772277226 9.118679918144954e-21
297.2062901890189 9.1163939180627e-21
297.3050526552655 9.1141090101435e-21
297.40381512151214 9.111825193661582e-21
297.50257758775876 9.109542467891758e-21
297.6013400540054 9.10726083210937e-21
297.700102520252 9.104980285590352e-21
297.79886498649864 9.102700827611171e-21
297.89762745274527 9.100422457448862e-21
297.9963899189919 9.098145174381009e-21
298.0951523852385 9.095868977685775e-21
298.19391485148515 9.093593866641856e-21
298.2926773177318 9.091319840528522e-21
298.3914397839784 9.089046898625582e-21
298.490202250225 9.086775040213421e-21
298.58896471647165 9.084504264572967e-21
298.6877271827183 9.082234570985699e-21
298.7864896489649 9.079965958733667e-21
298.88525211521153 9.077698427099464e-21
298.98401458145815 9.075431975366235e-21
299.0827770477048 9.07316660281769e-21
299.1815395139514 9.070902308738078e-21
299.28030198019803 9.068639092412216e-21
299.37906444644466 9.06637695312546e-21
299.4778269126913 9.064115890163724e-21
299.5765893789379 9.061855902813476e-21
299.67535184518454 9.059596990361736e-21
299.77411431143116 9.057339152096064e-21
299.8728767776778 9.055082387304587e-21
299.9716392439244 9.052826695275974e-21
300.07040171017104 9.050572075299439e-21
300.16916417641767 9.048318526664754e-21
300.2679266426643 9.04606604866224e-21
300.3666891089109 9.043814640582748e-21
300.46545157515754 9.041564301717716e-21
300.56421404140417 9.039315031359095e-21
300.6629765076508 9.037066828799394e-21
300.7617389738974 9.034819693331673e-21
300.86050144014405 9.032573624249542e-21
300.9592639063907 9.030328620847145e-21
301.0580263726373 9.028084682419182e-21
301.15678883888387 9.025841808260896e-21
301.2555513051305 9.023599997668079e-21
301.3543137713771 9.021359249937058e-21
301.45307623762375 9.019119564364715e-21
301.5518387038704 9.016880940248476e-21
301.650601170117 9.0146433768863e-21
301.7493636363636 9.0124068735767e-21
301.84812610261025 9.01017142961873e-21
301.9468885688569 9.007937044311981e-21
302.0456510351035 9.005703716956593e-21
302.14441350135013 9.003471446853248e-21
302.24317596759676 9.001240233303162e-21
302.3419384338434 8.999010075608104e-21
302.44070090009 8.99678097307037e-21
302.53946336633663 8.994552924992812e-21
302.63822583258326 8.992325930678805e-21
302.7369882988299 8.990099989432276e-21
302.8357507650765 8.987875100557687e-21
302.93451323132314 8.985651263360036e-21
303.03327569756976 8.983428477144874e-21
303.1320381638164 8.981206741218265e-21
303.230800630063 8.978986054886833e-21
303.32956309630964 8.976766417457727e-21
303.42832556255627 8.97454782823864e-21
303.5270880288029 8.9723302865378e-21
303.6258504950495 8.970113791663963e-21
303.72461296129615 8.967898342926434e-21
303.82337542754277 8.965683939635042e-21
303.9221378937894 8.963470581100162e-21
304.020900360036 8.96125826663269e-21
304.11966282628265 8.959046995544074e-21
304.2184252925293 8.95683676714628e-21
304.3171877587759 8.954627580751814e-21
304.4159502250225 8.952419435673714e-21
304.51471269126915 8.950212331225555e-21
304.6134751575158 8.948006266721439e-21
304.7122376237624 8.945801241476e-21
304.81100009000903 8.943597254804404e-21
304.90976255625566 8.941394306022357e-21
305.0085250225023 8.939192394446084e-21
305.1072874887489 8.936991519392346e-21
305.20604995499554 8.934791680178433e-21
305.30481242124216 8.932592876122164e-21
305.40357488748873 8.930395106541891e-21
305.50233735373536 8.928198370756488e-21
305.601099819982 8.92600266808537e-21
305.6998622862286 8.923807997848462e-21
305.79862475247523 8.92161435936623e-21
305.89738721872186 8.919421751959669e-21
305.9961496849685 8.917230174950292e-21
306.0949121512151 8.915039627660147e-21
306.19367461746174 8.912850109411798e-21
306.29243708370836 8.910661619528345e-21
306.391199549955 8.908474157333409e-21
306.4899620162016 8.906287722151139e-21
306.58872448244824 8.904102313306205e-21
306.68748694869487 8.901917930123803e-21
306.7862494149415 8.899734571929651e-21
306.8850118811881 8.897552238049997e-21
306.98377434743475 8.895370927811601e-21
307.0825368136814 8.89319064054176e-21
307.181299279928 8.891011375568285e-21
307.2800617461746 8.888833132219507e-21
307.37882421242125 8.886655909824283e-21
307.4775866786679 8.884479707711993e-21
307.5763491449145 8.882304525212531e-21
307.6751116111611 8.88013036165632e-21
307.77387407740775 8.877957216374293e-21
307.8726365436544 8.875785088697917e-21
307.971399009901 8.873613977959161e-21
308.07016147614763 8.87144388349053e-21
308.16892394239426 8.869274804625036e-21
308.2676864086409 8.867106740696212e-21
308.3664488748875 8.864939691038119e-21
308.46521134113414 8.86277365498531e-21
308.56397380738076 8.860608631872888e-21
308.6627362736274 8.858444621036445e-21
308.761498739874 8.85628162181211e-21
308.86026120612064 8.85411963353651e-21
308.95902367236727 8.8519586555468e-21
309.0577861386139 8.849798687180652e-21
309.1565486048605 8.847639727776237e-21
309.25531107110714 8.845481776672262e-21
309.35407353735377 8.843324833207924e-21
309.4528360036004 8.841168896722962e-21
309.551598469847 8.839013966557597e-21
309.6503609360936 8.836860042052592e-21
309.7491234023402 8.834707122549204e-21
309.84788586858684 8.832555207389203e-21
309.94664833483347 8.830404295914884e-21
310.0454108010801 8.82825438746904e-21
310.1441732673267 8.826105481394983e-21
310.24293573357335 8.823957577036528e-21
310.34169819982 8.821810673738006e-21
310.4404606660666 8.819664770844259e-21
310.5392231323132 8.817519867700635e-21
310.63798559855985 8.815375963652992e-21
310.7367480648065 8.813233058047696e-21
310.8355105310531 8.811091150231625e-21
310.93427299729973 8.80895023955216e-21
311.03303546354636 8.806810325357193e-21
311.131797929793 8.804671406995121e-21
311.2305603960396 8.802533483814853e-21
311.32932286228623 8.800396555165798e-21
311.42808532853286 8.79826062039787e-21
311.5268477947795 8.796125678861498e-21
311.6256102610261 8.793991729907609e-21
311.72437272727274 8.791858772887634e-21
311.82313519351936 8.789726807153513e-21
311.921897659766 8.787595832057687e-21
312.0206601260126 8.785465846953105e-21
312.11942259225924 8.783336851193217e-21
312.21818505850587 8.78120884413197e-21
312.3169475247525 8.779081825123826e-21
312.4157099909991 8.776955793523736e-21
312.51447245724574 8.774830748687167e-21
312.61323492349237 8.772706689970072e-21
312.711997389739 8.77058361672892e-21
312.8107598559856 8.768461528320674e-21
312.90952232223225 8.766340424102791e-21
313.0082847884789 8.764220303433236e-21
313.1070472547255 8.762101165670475e-21
313.2058097209721 8.759983010173473e-21
313.30457218721875 8.757865836301686e-21
313.4033346534654 8.75574964341507e-21
313.502097119712 8.753634430874092e-21
313.60085958595863 8.751520198039703e-21
313.69962205220526 8.749406944273353e-21
313.7983845184518 8.747294668936997e-21
313.89714698469845 8.74518337139308e-21
313.9959094509451 8.743073051004544e-21
314.0946719171917 8.740963707134828e-21
314.19343438343833 8.73885533914786e-21
314.29219684968496 8.736747946408085e-21
314.3909593159316 8.734641528280409e-21
314.4897217821782 8.73253608413026e-21
314.58848424842483 8.730431613323547e-21
314.68724671467146 8.728328115226678e-21
314.7860091809181 8.72622558920655e-21
314.8847716471647 8.724124034630553e-21
314.98353411341134 8.722023450866579e-21
315.08229657965796 8.719923837282995e-21
315.1810590459046 8.717825193248676e-21
315.2798215121512 8.715727518132975e-21
315.37858397839784 8.713630811305747e-21
315.47734644464447 8.711535072137335e-21
315.5761089108911 8.709440299998561e-21
315.6748713771377 8.707346494260754e-21
315.77363384338435 8.705253654295722e-21
315.872396309631 8.703161779475766e-21
315.9711587758776 8.701070869173675e-21
316.0699212421242 8.698980922762718e-21
316.16868370837085 8.696891939616667e-21
316.2674461746175 8.694803919109772e-21
316.3662086408641 8.69271686061677e-21
316.4649711071107 8.690630763512889e-21
316.56373357335735 8.688545627173841e-21
316.662496039604 8.686461450975822e-21
316.7612585058506 8.684378234295526e-21
316.86002097209723 8.68229597651011e-21
316.95878343834386 8.680214676997228e-21
317.0575459045905 8.678134335135032e-21
317.1563083708371 8.676054950302137e-21
317.25507083708374 8.673976521877647e-21
317.35383330333036 8.67189904924116e-21
317.452595769577 8.669822531772741e-21
317.5513582358236 8.667746968852956e-21
317.65012070207024 8.665672359862833e-21
317.74888316831687 8.663598704183899e-21
317.8476456345635 8.661526001198155e-21
317.9464081008101 8.659454250288083e-21
318.0451705670567 8.65738345083665e-21
318.1439330333033 8.655313602227298e-21
318.24269549954994 8.653244703843947e-21
318.34145796579656 8.651176755071016e-21
318.4402204320432 8.64910975529337e-21
318.5389828982898 8.647043703896382e-21
318.63774536453644 8.644978600265893e-21
318.73650783078307 8.642914443788218e-21
318.8352702970297 8.64085123385016e-21
318.9340327632763 8.638788969838994e-21
319.03279522952295 8.636727651142464e-21
319.1315576957696 8.634667277148801e-21
319.2303201620162 8.632607847246718e-21
319.3290826282628 8.630549360825383e-21
319.42784509450945 8.628491817274459e-21
319.5266075607561 8.626435215984084e-21
319.6253700270027 8.624379556344852e-21
319.72413249324933 8.622324837747853e-21
319.82289495949595 8.62027105958464e-21
319.9216574257426 8.61821822124724e-21
320.0204198919892 8.616166322128154e-21
320.11918235823583 8.614115361620362e-21
320.21794482448246 8.612065339117312e-21
320.3167072907291 8.61001625401292e-21
320.4154697569757 8.607968105701581e-21
320.51423222322234 8.605920893578154e-21
320.61299468946896 8.603874617037981e-21
320.7117571557156 8.601829275476863e-21
320.8105196219622 8.599784868291076e-21
320.90928208820884 8.597741394877369e-21
321.00804455445547 8.595698854632954e-21
321.1068070207021 8.593657246955514e-21
321.2055694869487 8.591616571243212e-21
321.30433195319534 8.589576826894663e-21
321.40309441944197 8.587538013308959e-21
321.5018568856886 8.58550012988566e-21
321.6006193519352 8.583463176024788e-21
321.69938181818185 8.581427151126846e-21
321.7981442844285 8.579392054592781e-21
321.8969067506751 8.577357885824028e-21
321.9956692169217 8.575324644222477e-21
322.09443168316835 8.573292329190485e-21
322.1931941494149 8.571260940130876e-21
322.29195661566155 8.569230476446937e-21
322.3907190819082 8.567200937542418e-21
322.4894815481548 8.56517232282154e-21
322.5882440144014 8.563144631688983e-21
322.68700648064805 8.561117863549888e-21
322.7857689468947 8.559092017809863e-21
322.8845314131413 8.55706709387498e-21
322.98329387938793 8.55504309115177e-21
323.08205634563456 8.553020009047222e-21
323.1808188118812 8.550997846968796e-21
323.2795812781278 8.548976604324409e-21
323.37834374437443 8.546956280522437e-21
323.47710621062106 8.544936874971716e-21
323.5758686768677 8.542918387081551e-21
323.6746311431143 8.54090081626169e-21
323.77339360936094 8.538884161922356e-21
323.87215607560756 8.536868423474228e-21
323.9709185418542 8.534853600328436e-21
324.0696810081008 8.532839691896572e-21
324.16844347434744 8.53082669759069e-21
324.26720594059407 8.528814616823301e-21
324.3659684068407 8.52680344900737e-21
324.4647308730873 8.524793193556314e-21
324.56349333933395 8.522783849884019e-21
324.66225580558057 8.520775417404813e-21
324.7610182718272 8.518767895533497e-21
324.8597807380738 8.516761283685312e-21
324.95854320432045 8.514755581275961e-21
325.0573056705671 8.512750787721592e-21
325.1560681368137 8.510746902438828e-21
325.2548306030603 8.508743924844721e-21
325.35359306930695 8.506741854356805e-21
325.4523555355536 8.504740690393034e-21
325.5511180018002 8.502740432371846e-21
325.64988046804683 8.500741079712107e-21
325.74864293429346 8.498742631833149e-21
325.8474054005401 8.496745088154756e-21
325.9461678667867 8.494748448097152e-21
326.04493033303334 8.49275271108103e-21
326.14369279927996 8.490757876527513e-21
326.2424552655266 8.488763943858193e-21
326.3412177317732 8.486770912495099e-21
326.4399801980198 8.484778781860716e-21
326.5387426642664 8.482787551377977e-21
326.63750513051303 8.48079722047026e-21
326.73626759675966 8.478807788561398e-21
326.8350300630063 8.476819255075671e-21
326.9337925292529 8.4748316194378e-21
327.03255499549954 8.47284488107296e-21
327.13131746174616 8.470859039406771e-21
327.2300799279928 8.4688740938653e-21
327.3288423942394 8.466890043875066e-21
327.42760486048604 8.464906888863019e-21
327.52636732673267 8.462924628256571e-21
327.6251297929793 8.46094326148357e-21
327.7238922592259 8.458962787972307e-21
327.82265472547255 8.456983207151531e-21
327.9214171917192 8.455004518450417e-21
328.0201796579658 8.453026721298598e-21
328.1189421242124 8.451049815126144e-21
328.21770459045905 8.449073799363567e-21
328.3164670567057 8.447098673441828e-21
328.4152295229523 8.445124436792322e-21
328.5139919891989 8.443151088846893e-21
328.61275445544555 8.44117862903783e-21
328.7115169216922 8.43920705679785e-21
328.8102793879388 8.437236371560117e-21
328.90904185418543 8.435266572758246e-21
329.00780432043206 8.433297659826276e-21
329.1065667866787 8.431329632198694e-21
329.2053292529253 8.429362489310434e-21
329.30409171917194 8.427396230596852e-21
329.40285418541856 8.425430855493756e-21
329.5016166516652 8.423466363437387e-21
329.6003791179118 8.421502753864427e-21
329.69914158415844 8.419540026211993e-21
329.79790405040507 8.417578179917643e-21
329.8966665166517 8.41561721441937e-21
329.9954289828983 8.4136571291556e-21
330.09419144914494 8.411697923565204e-21
330.19295391539157 8.409739597087481e-21
330.2917163816382 8.407782149162166e-21
330.3904788478848 8.405825579229438e-21
330.48924131413145 8.403869886729902e-21
330.5880037803781 8.401915071104603e-21
330.68676624662464 8.399961131795014e-21
330.78552871287127 8.398008068243047e-21
330.8842911791179 8.396055879891045e-21
330.9830536453645 8.394104566181789e-21
331.08181611161115 8.39215412655849e-21
331.1805785778578 8.390204560464783e-21
331.2793410441044 8.38825586734475e-21
331.378103510351 8.386308046642896e-21
331.47686597659765 8.384361097804155e-21
331.5756284428443 8.382415020273902e-21
331.6743909090909 8.380469813497932e-21
331.77315337533753 8.378525476922481e-21
331.87191584158415 8.376582009994203e-21
331.9706783078308 8.374639412160196e-21
332.0694407740774 8.372697682867972e-21
332.16820324032403 8.370756821565477e-21
332.26696570657066 8.368816827701095e-21
332.3657281728173 8.36687770072363e-21
332.4644906390639 8.364939440082312e-21
332.56325310531054 8.363002045226802e-21
332.66201557155716 8.36106551560719e-21
332.7607780378038 8.359129850673988e-21
332.8595405040504 8.357195049878141e-21
332.95830297029704 8.355261112671012e-21
333.05706543654367 8.353328038504398e-21
333.1558279027903 8.351395826830515e-21
333.2545903690369 8.34946447710201e-21
333.35335283528354 8.347533988771946e-21
333.45211530153017 8.345604361293822e-21
333.5508777677768 8.343675594121552e-21
333.6496402340234 8.341747686709475e-21
333.74840270027005 8.339820638512365e-21
333.8471651665167 8.337894448985402e-21
333.9459276327633 8.335969117584191e-21
334.0446900990099 8.334044643764771e-21
334.14345256525655 8.332121026983597e-21
334.2422150315032 8.330198266697542e-21
334.3409774977498 8.328276362363909e-21
334.43973996399643 8.32635531344041e-21
334.53850243024306 8.324435119385183e-21
334.6372648964897 8.322515779656793e-21
334.7360273627363 8.32059729371422e-21
334.83478982898293 8.318679661016857e-21
334.9335522952295 8.316762881024526e-21
335.03231476147613 8.314846953197465e-21
335.13107722772276 8.312931876996322e-21
335.2298396939694 8.311017651882177e-21
335.328602160216 8.309104277316523e-21
335.42736462646263 8.30719175276127e-21
335.52612709270926 8.305280077678739e-21
335.6248895589559 8.303369251531672e-21
335.7236520252025 8.301459273783236e-21
335.82241449144914 8.299550143897002e-21
335.92117695769576 8.297641861336963e-21
336.0199394239424 8.295734425567528e-21
336.118701890189 8.293827836053517e-21
336.21746435643564 8.291922092260165e-21
336.31622682268227 8.290017193653128e-21
336.4149892889289 8.288113139698469e-21
336.5137517551755 8.286209929862666e-21
336.61251422142215 8.284307563612618e-21
336.71127668766877 8.282406040415625e-21
336.8100391539154 8.280505359739407e-21
336.908801620162 8.278605521052095e-21
337.00756408640865 8.276706523822235e-21
337.1063265526553 8.274808367518777e-21
337.2050890189019 8.272911051611092e-21
337.3038514851485 8.271014575568953e-21
337.40261395139515 8.269118938862553e-21
337.5013764176418 8.267224140962486e-21
337.6001388838884 8.265330181339761e-21
337.69890135013503 8.263437059465797e-21
337.79766381638166 8.26154477481242e-21
337.8964262826283 8.259653326851867e-21
337.9951887488749 8.257762715056787e-21
338.09395121512154 8.255872938900224e-21
338.19271368136816 8.253983997855657e-21
338.2914761476148 8.252095891396933e-21
338.3902386138614 8.250208618998343e-21
338.48900108010804 8.248322180134568e-21
338.58776354635467 8.246436574280694e-21
338.6865260126013 8.244551800912222e-21
338.7852884788479 8.24266785950505e-21
338.88405094509454 8.240784749535492e-21
338.98281341134117 8.238902470480251e-21
339.08157587758774 8.237021021816458e-21
339.18033834383436 8.235140403021627e-21
339.279100810081 8.233260613573685e-21
339.3778632763276 8.231381652950975e-21
339.47662574257424 8.229503520632212e-21
339.57538820882087 8.227626216096551e-21
339.6741506750675 8.225749738823522e-21
339.7729131413141 8.223874088293079e-21
339.87167560756075 8.22199926398556e-21
339.9704380738074 8.220125265381714e-21
340.069200540054 8.218252091962691e-21
340.1679630063006 8.216379743210048e-21
340.26672547254725 8.214508218605725e-21
340.3654879387939 8.212637517632083e-21
340.4642504050405 8.210767639771872e-21
340.5630128712871 8.208898584508244e-21
340.66177533753375 8.207030351324755e-21
340.7605378037804 8.20516293970535e-21
340.859300270027 8.203296349134383e-21
340.95806273627363 8.201430579096606e-21
341.05682520252026 8.199565629077167e-21
341.1555876687669 8.197701498561604e-21
341.2543501350135 8.195838187035864e-21
341.35311260126014 8.193975693986289e-21
341.45187506750676 8.192114018899614e-21
341.5506375337534 8.190253161262974e-21
341.6494 8.188393120563899e-21
341.74816246624664 8.186533896290318e-21
341.84692493249327 8.184675487930549e-21
341.9456873987399 8.182817894973308e-21
342.0444498649865 8.18096111690771e-21
342.14321233123314 8.179105153223264e-21
342.24197479747977 8.17725000340987e-21
342.3407372637264 8.17539566695782e-21
342.439499729973 8.173542143357808e-21
342.53826219621965 8.171689432100913e-21
342.6370246624663 8.169837532678606e-21
342.7357871287129 8.167986444582765e-21
342.8345495949595 8.166136167305644e-21
342.93331206120615 8.164286700339898e-21
343.0320745274528 8.162438043178566e-21
343.1308369936994 8.160590195315091e-21
343.22959945994603 8.158743156243292e-21
343.3283619261926 8.156896925457397e-21
343.4271243924392 8.155051502452004e-21
343.52588685868585 8.15320688672211e-21
343.6246493249325 8.151363077763111e-21
343.7234117911791 8.14952007507078e-21
343.82217425742573 8.147677878141282e-21
343.92093672367236 8.14583648647117e-21
344.019699189919 8.143995899557391e-21
344.1184616561656 8.142156116897276e-21
344.21722412241223 8.140317137988545e-21
344.31598658865886 8.138478962329299e-21
344.4147490549055 8.136641589418042e-21
344.5135115211521 8.13480501875365e-21
344.61227398739874 8.132969249835384e-21
344.71103645364536 8.13113428216291e-21
344.809798919892 8.129300115236256e-21
344.9085613861386 8.127466748555854e-21
345.00732385238524 8.125634181622508e-21
345.10608631863187 8.123802413937418e-21
345.2048487848785 8.121971445002163e-21
345.3036112511251 8.120141274318706e-21
345.40237371737174 8.118311901389396e-21
345.50113618361837 8.116483325716964e-21
345.599898649865 8.114655546804522e-21
345.6986611161116 8.112828564155569e-21
345.79742358235825 8.111002377273989e-21
345.8961860486049 8.109176985664039e-21
345.9949485148515 8.107352388830368e-21
346.0937109810981 8.105528586278e-21
346.19247344734475 8.103705577512342e-21
346.2912359135914 8.101883362039185e-21
346.389998379838 8.100061939364696e-21
346.48876084608463 8.098241308995432e-21
346.58752331233126 8.096421470438311e-21
346.6862857785779 8.094602423200655e-21
346.7850482448245 8.092784166790143e-21
346.88381071107113 8.09096670071485e-21
346.98257317731776 8.089150024483223e-21
347.0813356435644 8.087334137604081e-21
347.180098109811 8.085519039586637e-21
347.27886057605764 8.083704729940464e-21
347.37762304230426 8.081891208175528e-21
347.47638550855083 8.080078473802165e-21
347.57514797479746 8.078266526331082e-21
347.6739104410441 8.076455365273374e-21
347.7726729072907 8.074644990140507e-21
347.87143537353734 8.072835400444323e-21
347.97019783978396 8.07102659569704e-21
348.0689603060306 8.06921857541125e-21
348.1677227722772 8.067411339099924e-21
348.26648523852384 8.0656048862764e-21
348.36524770477047 8.0637992164544e-21
348.4640101710171 8.061994329148012e-21
348.5627726372637 8.060190223871704e-21
348.66153510351035 8.058386900140314e-21
348.760297569757 8.05658435746905e-21
348.8590600360036 8.054782595373503e-21
348.9578225022502 8.052981613369623e-21
349.05658496849685 8.051181410973743e-21
349.1553474347435 8.049381987702564e-21
349.2541099009901 8.047583343073159e-21
349.3528723672367 8.045785476602972e-21
349.45163483348335 8.043988387809817e-21
349.55039729973 8.042192076211878e-21
349.6491597659766 8.040396541327712e-21
349.74792223222323 8.038601782676244e-21
349.84668469846986 8.036807799776772e-21
349.9454471647165 8.035014592148962e-21
350.0442096309631 8.033222159312841e-21
350.14297209720974 8.031430500788815e-21
350.24173456345636 8.029639616097657e-21
350.340497029703 8.027849504760505e-21
350.4392594959496 8.026060166298864e-21
350.53802196219624 8.02427160023461e-21
350.63678442844287 8.02248380608999e-21
350.7355468946895 8.020696783387604e-21
350.8343093609361 8.018910531650434e-21
350.93307182718274 8.017125050401814e-21
351.03183429342937 8.015340339165454e-21
351.130596759676 8.013556397465433e-21
351.2293592259226 8.011773224826185e-21
351.32812169216925 8.009990820772512e-21
351.4268841584159 8.008209184829588e-21
351.5256466246625 8.006428316522937e-21
351.6244090909091 8.004648215378463e-21
351.7231715571557 8.002868880922421e-21
351.8219340234023 8.001090312681441e-21
351.92069648964895 7.999312510182505e-21
352.0194589558956 7.997535472952967e-21
352.1182214221422 7.995759200520535e-21
352.2169838883888 7.993983692413288e-21
352.31574635463545 7.992208948159663e-21
352.4145088208821 7.99043496728846e-21
352.5132712871287 7.988661749328835e-21
352.61203375337533 7.986889293810307e-21
352.71079621962195 7.985117600262766e-21
352.8095586858686 7.983346668216447e-21
352.9083211521152 7.981576497201955e-21
353.00708361836183 7.979807086750255e-21
353.10584608460846 7.978038436392663e-21
353.2046085508551 7.976270545660864e-21
353.3033710171017 7.974503414086896e-21
353.40213348334834 7.972737041203158e-21
353.50089594959496 7.970971426542409e-21
353.5996584158416 7.969206569637761e-21
353.6984208820882 7.967442470022686e-21
353.79718334833484 7.965679127231015e-21
353.89594581458147 7.963916540796938e-21
353.9947082808281 7.962154710254996e-21
354.0934707470747 7.960393635140088e-21
354.19223321332134 7.958633314987476e-21
354.29099567956797 7.956873749332763e-21
354.3897581458146 7.955114937711927e-21
354.4885206120612 7.953356879661283e-21
354.58728307830785 7.951599574717515e-21
354.6860455445545 7.949843022417651e-21
354.7848080108011 7.948087222299085e-21
354.8835704770477 7.946332173899557e-21
354.98233294329435 7.944577876757157e-21
355.081095409541 7.94282433041034e-21
355.1798578757876 7.941071534397904e-21
355.27862034203423 7.939319488259007e-21
355.37738280828086 7.93756819153315e-21
355.4761452745275 7.9358176437602e-21
355.5749077407741 7.934067844480366e-21
355.67367020702073 7.932318793234215e-21
355.77243267326736 7.930570489562654e-21
355.871195139514 7.928822933006953e-21
355.96995760576056 7.927076123108733e-21
356.0687200720072 7.925330059409956e-21
356.1674825382538 7.923584741452943e-21
356.26624500450043 7.921840168780356e-21
356.36500747074706 7.920096340935215e-21
356.4637699369937 7.918353257460891e-21
356.5625324032403 7.91661091790109e-21
356.66129486948694 7.914869321799885e-21
356.76005733573356 7.913128468701686e-21
356.8588198019802 7.91138835815125e-21
356.9575822682268 7.909648989693691e-21
357.05634473447344 7.907910362874462e-21
357.15510720072007 7.906172477239365e-21
357.2538696669667 7.904435332334552e-21
357.3526321332133 7.90269892770652e-21
357.45139459945995 7.900963262902117e-21
357.55015706570657 7.899228337468523e-21
357.6489195319532 7.897494150953275e-21
357.7476819981998 7.895760702904264e-21
357.84644446444645 7.894027992869702e-21
357.9452069306931 7.892296020398174e-21
358.0439693969397 7.890564785038579e-21
358.1427318631863 7.888834286340193e-21
358.24149432943295 7.88710452385261e-21
358.3402567956796 7.88537549712578e-21
358.4390192619262 7.883647205709993e-21
358.53778172817283 7.881919649155882e-21
358.63654419441946 7.880192827014429e-21
358.7353066606661 7.878466738836948e-21
358.8340691269127 7.876741384175103e-21
358.93283159315934 7.875016762580897e-21
359.03159405940596 7.873292873606678e-21
359.1303565256526 7.871569716805134e-21
359.2291189918992 7.869847291729284e-21
359.32788145814584 7.868125597932508e-21
359.42664392439247 7.86640463496851e-21
359.5254063906391 7.864684402391336e-21
359.6241688568857 7.862964899755383e-21
359.72293132313234 7.861246126615374e-21
359.82169378937897 7.85952808252638e-21
359.9204562556256 7.857810767043813e-21
360.0192187218722 7.856094179723411e-21
360.11798118811885 7.854378320121265e-21
360.2167436543654 7.852663187793798e-21
360.31550612061204 7.850948782297768e-21
360.41426858685867 7.849235103190278e-21
360.5130310531053 7.84752215002876e-21
360.6117935193519 7.845809922370987e-21
360.71055598559855 7.844098419775075e-21
360.8093184518452 7.842387641799462e-21
360.9080809180918 7.840677588002938e-21
361.0068433843384 7.83896825794462e-21
361.10560585058505 7.83725965118396e-21
361.2043683168317 7.835551767280752e-21
361.3031307830783 7.833844605795114e-21
361.4018932493249 7.83213816628751e-21
361.50065571557155 7.830432448318735e-21
361.5994181818182 7.828727451449916e-21
361.6981806480648 7.827023175242519e-21
361.79694311431143 7.825319619258328e-21
361.89570558055806 7.823616783059485e-21
361.9944680468047 7.821914666208446e-21
362.0932305130513 7.820213268268013e-21
362.19199297929794 7.818512588801303e-21
362.29075544554456 7.816812627371782e-21
362.3895179117912 7.815113383543243e-21
362.4882803780378 7.813414856879808e-21
362.58704284428444 7.81171704694593e-21
362.68580531053107 7.810019953306397e-21
362.7845677767777 7.808323575526326e-21
362.8833302430243 7.806627913171164e-21
362.98209270927094 7.804932965806687e-21
363.08085517551757 7.803238732999005e-21
363.1796176417642 7.801545214314554e-21
363.2783801080108 7.799852409320103e-21
363.37714257425745 7.798160317582744e-21
363.4759050405041 7.796468938669905e-21
363.5746675067507 7.794778272149336e-21
363.6734299729973 7.793088317589125e-21
363.77219243924395 7.791399074557676e-21
363.8709549054906 7.789710542623722e-21
363.9697173717372 7.788022721356337e-21
364.06847983798383 7.78633561032491e-21
364.16724230423046 7.784649209099158e-21
364.2660047704771 7.782963517249128e-21
364.36476723672365 7.781278534345191e-21
364.4635297029703 7.779594259958047e-21
364.5622921692169 7.777910693658718e-21
364.66105463546353 7.77622783501855e-21
364.75981710171015 7.774545683609224e-21
364.8585795679568 7.772864239002736e-21
364.9573420342034 7.771183500771407e-21
365.05610450045003 7.769503468487891e-21
365.15486696669666 7.767824141725155e-21
365.2536294329433 7.766145520056501e-21
365.3523918991899 7.764467603055545e-21
365.45115436543654 7.762790390296236e-21
365.54991683168316 7.761113881352832e-21
365.6486792979298 7.759438075799928e-21
365.7474417641764 7.75776297321243e-21
365.84620423042304 7.756088573165579e-21
365.94496669666967 7.754414875234928e-21
366.0437291629163 7.752741878996346e-21
366.1424916291629 7.751069584026045e-21
366.24125409540954 7.749397989900538e-21
366.34001656165617 7.747727096196664e-21
366.4387790279028 7.746056902491592e-21
366.5375414941494 7.74438740836279e-21
366.63630396039605 7.74271861338807e-21
366.7350664266427 7.741050517145549e-21
366.8338288928893 7.739383119213672e-21
366.9325913591359 7.73771641917119e-21
367.03135382538255 7.736050416597191e-21
367.1301162916292 7.734385111071068e-21
367.2288787578758 7.732720502172537e-21
367.32764122412243 7.731056589481633e-21
367.42640369036906 7.729393372578702e-21
367.5251661566157 7.727730851044421e-21
367.6239286228623 7.726069024459771e-21
367.72269108910893 7.72440789240606e-21
367.82145355535556 7.722747454464902e-21
367.9202160216022 7.72108771021824e-21
368.0189784878488 7.719428659248322e-21
368.11774095409544 7.717770301137718e-21
368.21650342034206 7.716112635469314e-21
368.3152658865887 7.71445566182631e-21
368.4140283528353 7.71279937979222e-21
368.51279081908194 7.711143788950874e-21
368.6115532853285 7.709488888886415e-21
368.71031575157514 7.707834679183302e-21
368.80907821782176 7.706181159426308e-21
368.9078406840684 7.704528329200522e-21
369.006603150315 7.70287618809134e-21
369.10536561656164 7.701224735684477e-21
369.20412808280827 7.699573971565963e-21
369.3028905490549 7.697923895322129e-21
369.4016530153015 7.696274506539632e-21
369.50041548154815 7.694625804805437e-21
369.5991779477948 7.692977789706815e-21
369.6979404140414 7.691330460831354e-21
369.796702880288 7.689683817766954e-21
369.89546534653465 7.688037860101823e-21
369.9942278127813 7.686392587424488e-21
370.0929902790279 7.68474799932377e-21
370.1917527452745 7.683104095388815e-21
370.29051521152115 7.681460875209076e-21
370.3892776777678 7.67981833837431e-21
370.4880401440144 7.678176484474591e-21
370.58680261026103 7.676535313100302e-21
370.68556507650766 7.674894823842123e-21
370.7843275427543 7.673255016291056e-21
370.8830900090009 7.671615890038414e-21
370.98185247524754 7.669977444675801e-21
371.08061494149416 7.668339679795143e-21
371.1793774077408 7.666702594988667e-21
371.2781398739874 7.665066189848919e-21
371.37690234023404 7.66343046396874e-21
371.47566480648067 7.661795416941274e-21
371.5744272727273 7.660161048359987e-21
371.6731897389739 7.65852735781864e-21
371.77195220522054 7.656894344911305e-21
371.87071467146717 7.65526200923236e-21
371.9694771377138 7.653630350376483e-21
372.0682396039604 7.651999367938658e-21
372.16700207020705 7.650369061514185e-21
372.2657645364537 7.648739430698661e-21
372.3645270027003 7.64711047508798e-21
372.4632894689469 7.645482194278356e-21
372.56205193519355 7.643854587866292e-21
372.6608144014402 7.642227655448608e-21
372.75957686768675 7.640601396622418e-21
372.8583393339334 7.638975810985142e-21
372.95710180018 7.637350898134503e-21
373.0558642664266 7.635726657668528e-21
373.15462673267325 7.634103089185543e-21
373.2533891989199 7.632480192284182e-21
373.3521516651665 7.630857966563381e-21
373.4509141314131 7.629236411622362e-21
373.54967659765975 7.62761552706067e-21
373.6484390639064 7.625995312478144e-21
373.747201530153 7.624375767474916e-21
373.84596399639963 7.622756891651427e-21
373.94472646264626 7.621138684608414e-21
374.0434889288929 7.619521145946922e-21
374.1422513951395 7.617904275268279e-21
374.24101386138614 7.616288072174135e-21
374.33977632763276 7.61467253626642e-21
374.4385387938794 7.613057667147375e-21
374.537301260126 7.611443464419534e-21
374.63606372637264 7.609829927685733e-21
374.73482619261927 7.608217056549104e-21
374.8335886588659 7.606604850613076e-21
374.9323511251125 7.604993309481384e-21
375.03111359135914 7.603382432758045e-21
375.12987605760577 7.601772220047386e-21
375.2286385238524 7.600162670954036e-21
375.327400990099 7.598553785082902e-21
375.42616345634565 7.596945562039202e-21
375.5249259225923 7.595338001428446e-21
375.6236883888389 7.593731102856441e-21
375.7224508550855 7.59212486592929e-21
375.82121332133215 7.590519290253389e-21
375.9199757875788 7.588914375435434e-21
376.0187382538254 7.587310121082409e-21
376.11750072007203 7.5857065268016e-21
376.21626318631866 7.584103592200582e-21
376.3150256525653 7.58250131688723e-21
376.4137881188119 7.580899700469712e-21
376.51255058505853 7.579298742556478e-21
376.61131305130516 7.577698442756292e-21
376.7100755175518 7.576098800678194e-21
376.8088379837984 7.574499815931527e-21
376.90760045004504 7.572901488125925e-21
377.0063629162916 7.571303816871305e-21
377.10512538253823 7.569706801777891e-21
377.20388784878486 7.568110442456185e-21
377.3026503150315 7.566514738516998e-21
377.4014127812781 7.564919689571418e-21
377.50017524752474 7.563325295230825e-21
377.59893771377136 7.561731555106899e-21
377.697700180018 7.560138468811602e-21
377.7964626462646 7.558546035957193e-21
377.89522511251124 7.556954256156218e-21
377.99398757875787 7.555363129021513e-21
378.0927500450045 7.553772654166204e-21
378.1915125112511 7.552182831203706e-21
378.29027497749775 7.55059365974773e-21
378.38903744374437 7.54900513941226e-21
378.487799909991 7.547417269811586e-21
378.5865623762376 7.545830050560279e-21
378.68532484248425 7.544243481273197e-21
378.7840873087309 7.542657561565492e-21
378.8828497749775 7.541072291052593e-21
378.9816122412241 7.539487669350228e-21
379.08037470747075 7.537903696074409e-21
379.1791371737174 7.536320370841429e-21
379.277899639964 7.534737693267877e-21
379.37666210621063 7.533155662970623e-21
379.47542457245726 7.531574279566825e-21
379.5741870387039 7.52999354267392e-21
379.6729495049505 7.52841345190965e-21
379.77171197119713 7.526834006892019e-21
379.87047443744376 7.525255207239331e-21
379.9692369036904 7.523677052570174e-21
380.067999369937 7.52209954250342e-21
380.16676183618364 7.52052267665822e-21
380.26552430243026 7.518946454654013e-21
380.3642867686769 7.517370876110523e-21
380.4630492349235 7.515795940647763e-21
380.56181170117014 7.514221647886017e-21
380.66057416741677 7.512647997445864e-21
380.7593366336634 7.511074988948162e-21
380.85809909991 7.509502622014051e-21
380.95686156615665 7.507930896264957e-21
381.0556240324033 7.506359811322575e-21
381.1543864986499 7.504789366808908e-21
381.25314896489647 7.50321956234622e-21
381.3519114311431 7.50165039755706e-21
381.4506738973897 7.500081872064266e-21
381.54943636363635 7.498513985490949e-21
381.648198829883 7.496946737460507e-21
381.7469612961296 7.495380127596617e-21
381.8457237623762 7.493814155523232e-21
381.94448622862285 7.492248820864593e-21
382.0432486948695 7.490684123245216e-21
382.1420111611161 7.489120062289903e-21
382.2407736273627 7.487556637623721e-21
382.33953609360935 7.485993848872031e-21
382.438298559856 7.484431695660472e-21
382.5370610261026 7.482870177614947e-21
382.63582349234923 7.481309294361663e-21
382.73458595859586 7.479749045527086e-21
382.8333484248425 7.478189430737954e-21
382.9321108910891 7.476630449621307e-21
383.03087335733574 7.475072101804447e-21
383.12963582358236 7.473514386914957e-21
383.228398289829 7.471957304580688e-21
383.3271607560756 7.47040085442979e-21
383.42592322232224 7.468845036090662e-21
383.52468568856887 7.467289849192001e-21
383.6234481548155 7.465735293362773e-21
383.7222106210621 7.464181368232218e-21
383.82097308730874 7.462628073429855e-21
383.91973555355537 7.461075408585473e-21
384.018498019802 7.459523373329145e-21
384.1172604860486 7.457971967291212e-21
384.21602295229525 7.456421190102293e-21
384.3147854185419 7.454871041393281e-21
384.4135478847885 7.453321520795344e-21
384.5123103510351 7.451772627939919e-21
384.61107281728175 7.450224362458727e-21
384.7098352835284 7.448676723983754e-21
384.808597749775 7.447129712147265e-21
384.90736021602163 7.445583326581787e-21
385.00612268226826 7.444037566920144e-21
385.1048851485149 7.442492432795397e-21
385.2036476147615 7.440947923840916e-21
385.30241008100813 7.439404039690322e-21
385.40117254725476 7.437860779977514e-21
385.49993501350133 7.436318144336662e-21
385.59869747974795 7.4347761324022e-21
385.6974599459946 7.43323474380885e-21
385.7962224122412 7.43169397819159e-21
385.89498487848783 7.430153835185674e-21
385.99374734473446 7.428614314426636e-21
386.0925098109811 7.427075415550264e-21
386.1912722772277 7.425537138192626e-21
386.29003474347434 7.423999481990053e-21
386.38879720972096 7.422462446579158e-21
386.4875596759676 7.420926031596815e-21
386.5863221422142 7.419390236680162e-21
386.68508460846084 7.417855061466618e-21
386.78384707470747 7.416320505593864e-21
386.8826095409541 7.41478656869985e-21
386.9813720072007 7.413253250422794e-21
387.08013447344734 7.411720550401186e-21
387.17889693969397 7.410188468273775e-21
387.2776594059406 7.408657003679592e-21
387.3764218721872 7.407126156257923e-21
387.47518433843385 7.405595925648322e-21
387.5739468046805 7.404066311490619e-21
387.6727092709271 7.402537313424899e-21
387.7714717371737 7.401008931091522e-21
387.87023420342035 7.399481164131113e-21
387.968996669667 7.397954012184565e-21
388.0677591359136 7.39642747489302e-21
388.16652160216023 7.394901551897915e-21
388.26528406840686 7.39337624284093e-21
388.3640465346535 7.391851547364014e-21
388.4628090009001 7.39032746510939e-21
388.56157146714673 7.388803995719531e-21
388.66033393339336 7.38728113883719e-21
388.75909639964 7.38575889410537e-21
388.8578588658866 7.384237261167354e-21
388.95662133213324 7.382716239666673e-21
389.05538379837986 7.38119582924713e-21
389.1541462646265 7.379676029552791e-21
389.2529087308731 7.37815684022798e-21
389.35167119711974 7.376638260917294e-21
389.45043366336637 7.37512029126558e-21
389.549196129613 7.373602930917957e-21
389.64795859585956 7.372086179519807e-21
389.7467210621062 7.370570036716761e-21
389.8454835283528 7.369054502154723e-21
389.94424599459944 7.367539575479864e-21
390.04300846084607 7.3660252563386e-21
390.1417709270927 7.364511544377623e-21
390.2405333933393 7.362998439243872e-21
390.33929585958595 7.361485940584564e-21
390.43805832583257 7.359974048047158e-21
390.5368207920792 7.358462761279386e-21
390.6355832583258 7.356952079929233e-21
390.73434572457245 7.35544200364495e-21
390.8331081908191 7.353932532075045e-21
390.9318706570657 7.352423664868283e-21
391.0306331233123 7.350915401673688e-21
391.12939558955895 7.349407742140546e-21
391.2281580558056 7.347900685918397e-21
391.3269205220522 7.34639423265705e-21
391.42568298829883 7.344888382006559e-21
391.52444545454546 7.343383133617242e-21
391.6232079207921 7.341878487139678e-21
391.7219703870387 7.340374442224696e-21
391.82073285328534 7.338870998523387e-21
391.91949531953196 7.3373681556871e-21
392.0182577857786 7.33586591336744e-21
392.1170202520252 7.33436427121627e-21
392.21578271827184 7.332863228885702e-21
392.31454518451847 7.331362786028115e-21
392.4133076507651 7.329862942296134e-21
392.5120701170117 7.328363697342651e-21
392.61083258325834 7.326865050820805e-21
392.70959504950497 7.325367002383987e-21
392.8083575157516 7.323869551685854e-21
392.9071199819982 7.322372698380315e-21
393.00588244824485 7.320876442121523e-21
393.1046449144915 7.319380782563906e-21
393.2034073807381 7.317885719362129e-21
393.3021698469847 7.316391252171109e-21
393.40093231323135 7.314897380646032e-21
393.499694779478 7.313404104442332e-21
393.5984572457246 7.311911423215686e-21
393.69721971197123 7.310419336622037e-21
393.79598217821786 7.308927844317581e-21
393.8947446444644 7.30743694595875e-21
393.99350711071105 7.305946641202253e-21
394.0922695769577 7.304456929705032e-21
394.1910320432043 7.302967811124291e-21
394.2897945094509 7.30147928511748e-21
394.38855697569755 7.299991351342308e-21
394.4873194419442 7.298504009456732e-21
394.5860819081908 7.29701725911895e-21
394.68484437443743 7.295531099987433e-21
394.78360684068406 7.294045531720881e-21
394.8823693069307 7.29256055397826e-21
394.9811317731773 7.29107616641878e-21
395.07989423942394 7.289592368701894e-21
395.17865670567056 7.288109160487324e-21
395.2774191719172 7.286626541435022e-21
395.3761816381638 7.285144511205203e-21
395.47494410441044 7.283663069458322e-21
395.57370657065707 7.282182215855088e-21
395.6724690369037 7.280701950056464e-21
395.7712315031503 7.279222271723649e-21
395.86999396939694 7.277743180518102e-21
395.96875643564357 7.276264676101523e-21
396.0675189018902 7.274786758135862e-21
396.1662813681368 7.273309426283326e-21
396.26504383438345 7.271832680206352e-21
396.3638063006301 7.270356519567635e-21
396.4625687668767 7.268880944030122e-21
396.5613312331233 7.267405953256995e-21
396.66009369936995 7.265931546911692e-21
396.7588561656166 7.264457724657895e-21
396.8576186318632 7.262984486159526e-21
396.95638109810983 7.26151183108077e-21
397.05514356435646 7.260039759086034e-21
397.1539060306031 7.258568269839996e-21
397.2526684968497 7.257097363007559e-21
397.35143096309633 7.255627038253883e-21
397.45019342934296 7.254157295244368e-21
397.5489558955896 7.252688133644666e-21
397.6477183618362 7.251219553120663e-21
397.74648082808284 7.249751553338493e-21
397.84524329432946 7.248284133964544e-21
397.9440057605761 7.246817294665438e-21
398.04276822682266 7.245351035108036e-21
398.1415306930693 7.243885354959458e-21
398.2402931593159 7.242420253887055e-21
398.33905562556254 7.24095573155843e-21
398.43781809180916 7.239491787641421e-21
398.5365805580558 7.238028421804112e-21
398.6353430243024 7.236565633714832e-21
398.73410549054904 7.235103423042153e-21
398.83286795679567 7.233641789454883e-21
398.9316304230423 7.232180732622074e-21
399.0303928892889 7.230720252213029e-21
399.12915535553554 7.229260347897279e-21
399.22791782178217 7.227801019344607e-21
399.3266802880288 7.226342266225026e-21
399.4254427542754 7.224884088208806e-21
399.52420522052205 7.223426484966442e-21
399.6229676867687 7.221969456168677e-21
399.7217301530153 7.220513001486496e-21
399.8204926192619 7.219057120591124e-21
399.91925508550855 7.217601813154015e-21
400.0180175517552 7.216147078846883e-21
400.1167800180018 7.214692917341663e-21
400.21554248424843 7.213239328310537e-21
400.31430495049506 7.211786311425925e-21
400.4130674167417 7.210333866360492e-21
400.5118298829883 7.20888199278713e-21
400.61059234923493 7.207430690378978e-21
400.70935481548156 7.205979958809414e-21
400.8081172817282 7.204529797752046e-21
400.9068797479748 7.20308020688073e-21
401.00564221422144 7.201631185869554e-21
401.10440468046806 7.200182734392842e-21
401.2031671467147 7.19873485212516e-21
401.3019296129613 7.197287538741309e-21
401.40069207920794 7.195840793916329e-21
401.49945454545457 7.194394617325493e-21
401.5982170117012 7.192949008644309e-21
401.6969794779478 7.191503967548528e-21
401.79574194419445 7.190059493714133e-21
401.8945044104411 7.188615586817345e-21
401.9932668766877 7.187172246534621e-21
402.0920293429343 7.185729472542643e-21
402.19079180918095 7.184287264518345e-21
402.2895542754275 7.18284562213889e-21
402.38831674167415 7.181404545081664e-21
402.4870792079208 7.17996403302431e-21
402.5858416741674 7.178524085644688e-21
402.684604140414 7.177084702620896e-21
402.78336660666065 7.175645883631272e-21
402.8821290729073 7.17420762835438e-21
402.9808915391539 7.172769936469025e-21
403.0796540054005 7.17133280765424e-21
403.17841647164715 7.169896241589295e-21
403.2771789378938 7.16846023795369e-21
403.3759414041404 7.16702479642716e-21
403.47470387038703 7.165589916689674e-21
403.57346633663366 7.164155598421428e-21
403.6722288028803 7.16272184130286e-21
403.7709912691269 7.161288645014627e-21
403.86975373537354 7.159856009237632e-21
403.96851620162016 7.158423933653001e-21
404.0672786678668 7.156992417942092e-21
404.1660411341134 7.155561461786495e-21
404.26480360036004 7.154131064868036e-21
404.36356606660667 7.152701226868767e-21
404.4623285328533 7.15127194747097e-21
404.5610909990999 7.14984322635716e-21
404.65985346534654 7.148415063210083e-21
404.75861593159317 7.146987457712711e-21
404.8573783978398 7.145560409548255e-21
404.9561408640864 7.144133918400148e-21
405.05490333033305 7.142707983952048e-21
405.1536657965797 7.141282605887856e-21
405.2524282628263 7.139857783891691e-21
405.3511907290729 7.138433517647905e-21
405.44995319531955 7.137009806841083e-21
405.5487156615662 7.135586651156033e-21
405.6474781278128 7.134164050277788e-21
405.74624059405943 7.132742003891621e-21
405.84500306030606 7.131320511683023e-21
405.9437655265527 7.129899573337714e-21
406.0425279927993 7.128479188541648e-21
406.14129045904593 7.127059356980999e-21
406.24005292529256 7.125640078342176e-21
406.3388153915392 7.124221352311807e-21
406.4375778577858 7.122803178576746e-21
406.5363403240324 7.121385556824087e-21
406.635102790279 7.119968486741139e-21
406.73386525652563 7.118551968015434e-21
406.83262772277226 7.117136000334745e-21
406.9313901890189 7.11572058338706e-21
407.0301526552655 7.114305716860586e-21
407.12891512151214 7.112891400443773e-21
407.22767758775876 7.111477633825288e-21
407.3264400540054 7.110064416694019e-21
407.425202520252 7.108651748739087e-21
407.52396498649864 7.107239629649829e-21
407.62272745274527 7.105828059115812e-21
407.7214899189919 7.104417036826833e-21
407.8202523852385 7.103006562472897e-21
407.91901485148514 7.101596635744251e-21
408.01777731773177 7.100187256331355e-21
408.1165397839784 7.098778423924892e-21
408.215302250225 7.097370138215775e-21
408.31406471647165 7.095962398895141e-21
408.4128271827183 7.094555205654335e-21
408.5115896489649 7.09314855818495e-21
408.6103521152115 7.091742456178777e-21
408.70911458145815 7.090336899327846e-21
408.8078770477048 7.088931887324399e-21
408.9066395139514 7.087527419860912e-21
409.00540198019803 7.086123496630068e-21
409.10416444644466 7.084720117324782e-21
409.2029269126913 7.083317281638189e-21
409.3016893789379 7.081914989263646e-21
409.40045184518453 7.080513239894728e-21
409.49921431143116 7.07911203322523e-21
409.5979767776778 7.077711368949173e-21
409.6967392439244 7.0763112467608e-21
409.79550171017104 7.074911666354564e-21
409.89426417641766 7.073512627425144e-21
409.9930266426643 7.072114129667448e-21
410.0917891089109 7.070716172776587e-21
410.19055157515754 7.069318756447909e-21
410.28931404140417 7.067921880376967e-21
410.3880765076508 7.06652554425954e-21
410.4868389738974 7.065129747791627e-21
410.58560144014405 7.063734490669444e-21
410.6843639063907 7.062339772589427e-21
410.78312637263724 7.06094559324823e-21
410.88188883888387 7.05955195234272e-21
410.9806513051305 7.058158849569994e-21
411.0794137713771 7.056766284627356e-21
411.17817623762375 7.05537425721234e-21
411.27693870387037 7.053982767022684e-21
411.375701170117 7.052591813756347e-21
411.4744636363636 7.05120139711151e-21
411.57322610261025 7.049811516786571e-21
411.6719885688569 7.048422172480145e-21
411.7707510351035 7.04703336389106e-21
411.8695135013501 7.045645090718356e-21
411.96827596759675 7.044257352661307e-21
412.0670384338434 7.042870149419383e-21
412.16580090009 7.04148348069228e-21
412.26456336633663 7.040097346179911e-21
412.36332583258326 7.038711745582397e-21
412.4620882988299 7.037326678600093e-21
412.5608507650765 7.035942144933542e-21
412.65961323132314 7.034558144283524e-21
412.75837569756976 7.033174676351023e-21
412.8571381638164 7.031791740837242e-21
412.955900630063 7.030409337443596e-21
413.05466309630964 7.029027465871723e-21
413.15342556255627 7.027646125823457e-21
413.2521880288029 7.026265317000868e-21
413.3509504950495 7.02488503910622e-21
413.44971296129614 7.023505291842003e-21
413.54847542754277 7.022126074910915e-21
413.6472378937894 7.020747388015879e-21
413.746000360036 7.01936923086001e-21
413.84476282628265 7.017991603146656e-21
413.9435252925293 7.01661450457936e-21
414.0422877587759 7.015237934861896e-21
414.1410502250225 7.013861893698234e-21
414.23981269126915 7.012486380792571e-21
414.3385751575158 7.011111395849304e-21
414.4373376237624 7.009736938573046e-21
414.53610009000903 7.008363008668625e-21
414.63486255625565 7.006989605841077e-21
414.7336250225023 7.005616729795647e-21
414.8323874887489 7.004244380237795e-21
414.9311499549955 7.002872556873195e-21
415.0299124212421 7.001501259407723e-21
415.1286748874887 7.000130487547475e-21
415.22743735373535 6.998760240998748e-21
415.326199819982 6.997390519468058e-21
415.4249622862286 6.996021322662128e-21
415.52372475247523 6.994652650287888e-21
415.62248721872186 6.993284502052479e-21
415.7212496849685 6.991916877663259e-21
415.8200121512151 6.99054977682778e-21
415.91877461746174 6.989183199253814e-21
416.01753708370836 6.987817144649348e-21
416.116299549955 6.986451612722562e-21
416.2150620162016 6.98508660318186e-21
416.31382448244824 6.983722115735838e-21
416.41258694869487 6.982358150093317e-21
416.5113494149415 6.980994705963311e-21
416.6101118811881 6.979631783055058e-21
416.70887434743474 6.978269381077995e-21
416.80763681368137 6.976907499741761e-21
416.906399279928 6.975546138756215e-21
417.0051617461746 6.974185297831413e-21
417.10392421242125 6.97282497667762e-21
417.2026866786679 6.971465175005315e-21
417.3014491449145 6.970105892525179e-21
417.4002116111611 6.968747128948094e-21
417.49897407740775 6.967388883985159e-21
417.5977365436544 6.966031157347674e-21
417.696499009901 6.964673948747136e-21
417.79526147614763 6.963317257895267e-21
417.89402394239426 6.961961084503984e-21
417.9927864086409 6.9606054282854e-21
418.0915488748875 6.959250288951854e-21
418.19031134113413 6.957895666215877e-21
418.28907380738076 6.956541559790206e-21
418.3878362736274 6.95518796938779e-21
418.486598739874 6.953834894721767e-21
418.58536120612064 6.952482335505496e-21
418.68412367236726 6.951130291452536e-21
418.7828861386139 6.949778762276646e-21
418.8816486048605 6.948427747691792e-21
418.98041107110714 6.947077247412144e-21
419.07917353735377 6.945727261152071e-21
419.17793600360034 6.944377788626147e-21
419.27669846984696 6.94302882954916e-21
419.3754609360936 6.941680383636093e-21
419.4742234023402 6.940332450602122e-21
419.57298586858684 6.938985030162639e-21
419.67174833483347 6.937638122033235e-21
419.7705108010801 6.936291725929712e-21
419.8692732673267 6.934945841568053e-21
419.96803573357334 6.933600468664465e-21
420.06679819981997 6.93225560693535e-21
420.1655606660666 6.930911256097297e-21
420.2643231323132 6.929567415867115e-21
420.36308559855985 6.928224085961812e-21
420.4618480648065 6.926881266098595e-21
420.5606105310531 6.925538955994864e-21
420.6593729972997 6.924197155368236e-21
420.75813546354635 6.922855863936513e-21
420.856897929793 6.921515081417706e-21
420.9556603960396 6.920174807530024e-21
421.05442286228623 6.91883504199188e-21
421.15318532853286 6.917495784521881e-21
421.2519477947795 6.916157034838839e-21
421.3507102610261 6.914818792661761e-21
421.44947272727273 6.913481057709859e-21
421.54823519351936 6.912143829702541e-21
421.646997659766 6.910807108359419e-21
421.7457601260126 6.909470893400289e-21
421.84452259225924 6.908135184545173e-21
421.94328505850586 6.906799981514262e-21
422.0420475247525 6.905465284027964e-21
422.1408099909991 6.904131091806883e-21
422.23957245724574 6.902797404571819e-21
422.33833492349237 6.901464222043765e-21
422.437097389739 6.90013154394392e-21
422.5358598559856 6.898799369993683e-21
422.63462232223225 6.897467699914637e-21
422.7333847884789 6.896136533428575e-21
422.8321472547255 6.894805870257487e-21
422.9309097209721 6.893475710123547e-21
423.02967218721875 6.892146052749138e-21
423.1284346534654 6.890816897856845e-21
423.227197119712 6.889488245169431e-21
423.32595958595857 6.888160094409871e-21
423.4247220522052 6.886832445301331e-21
423.5234845184518 6.885505297567174e-21
423.62224698469845 6.884178650930954e-21
423.7210094509451 6.882852505116432e-21
423.8197719171917 6.88152685984755e-21
423.9185343834383 6.880201714848456e-21
424.01729684968495 6.87887706984349e-21
424.1160593159316 6.87755292455719e-21
424.2148217821782 6.87622927871428e-21
424.31358424842483 6.874906132039695e-21
424.41234671467146 6.87358348425855e-21
424.5111091809181 6.872261335096153e-21
424.6098716471647 6.870939684278024e-21
424.70863411341134 6.869618531529855e-21
424.80739657965796 6.868297876577553e-21
424.9061590459046 6.866977719147199e-21
425.0049215121512 6.865658058965085e-21
425.10368397839784 6.864338895757682e-21
425.20244644464447 6.863020229251666e-21
425.3012089108911 6.861702059173898e-21
425.3999713771377 6.860384385251439e-21
425.49873384338434 6.859067207211533e-21
425.59749630963097 6.857750524781632e-21
425.6962587758776 6.856434337689362e-21
425.7950212421242 6.855118645662551e-21
425.89378370837085 6.853803448429228e-21
425.9925461746175 6.852488745717593e-21
426.0913086408641 6.851174537256058e-21
426.1900711071107 6.849860822773218e-21
426.28883357335735 6.848547601997855e-21
426.387596039604 6.847234874658953e-21
426.4863585058506 6.845922640485676e-21
426.58512097209723 6.84461089920739e-21
426.68388343834386 6.843299650553646e-21
426.7826459045905 6.841988894254181e-21
426.8814083708371 6.840678630038934e-21
426.98017083708373 6.839368857638027e-21
427.07893330333036 6.838059576781771e-21
427.177695769577 6.836750787200676e-21
427.2764582358236 6.835442488625427e-21
427.37522070207024 6.834134680786917e-21
427.47398316831686 6.83282736341621e-21
427.57274563456343 6.831520536244582e-21
427.67150810081006 6.830214199003472e-21
427.7702705670567 6.828908351424526e-21
427.8690330333033 6.827602993239573e-21
427.96779549954994 6.826298124180636e-21
428.06655796579656 6.824993743979921e-21
428.1653204320432 6.823689852369823e-21
428.2640828982898 6.82238644908293e-21
428.36284536453644 6.82108353385201e-21
428.46160783078307 6.819781106410028e-21
428.5603702970297 6.818479166490132e-21
428.6591327632763 6.81717771382566e-21
428.75789522952294 6.815876748150135e-21
428.85665769576957 6.814576269197271e-21
428.9554201620162 6.813276276700962e-21
429.0541826282628 6.8119767703953e-21
429.15294509450945 6.810677750014554e-21
429.2517075607561 6.809379215293188e-21
429.3504700270027 6.808081165965847e-21
429.4492324932493 6.806783601767365e-21
429.54799495949595 6.805486522432758e-21
429.6467574257426 6.804189927697236e-21
429.7455198919892 6.802893817296188e-21
429.84428235823583 6.801598190965197e-21
429.94304482448246 6.800303048440019e-21
430.0418072907291 6.799008389456608e-21
430.1405697569757 6.797714213751099e-21
430.23933222322233 6.796420521059808e-21
430.33809468946896 6.795127311119243e-21
430.4368571557156 6.79383458366609e-21
430.5356196219622 6.79254233843723e-21
430.63438208820884 6.791250575169717e-21
430.73314455445546 6.7899592936008e-21
430.8319070207021 6.788668493467901e-21
430.9306694869487 6.787378174508637e-21
431.02943195319534 6.786088336460799e-21
431.12819441944197 6.784798979062376e-21
431.2269568856886 6.783510102051521e-21
431.3257193519352 6.782221705166595e-21
431.42448181818185 6.780933788146118e-21
431.5232442844285 6.779646350728808e-21
431.6220067506751 6.778359392653562e-21
431.7207692169217 6.777072913659463e-21
431.8195316831683 6.775786913485772e-21
431.9182941494149 6.774501391871932e-21
432.01705661566155 6.773216348557577e-21
432.11581908190817 6.771931783282514e-21
432.2145815481548 6.770647695786737e-21
432.3133440144014 6.7693640858104216e-21
432.41210648064805 6.768080953093929e-21
432.5108689468947 6.76679829737779e-21
432.6096314131413 6.765516118402728e-21
432.7083938793879 6.764234415909648e-21
432.80715634563455 6.762953189639627e-21
432.9059188118812 6.761672439333935e-21
433.0046812781278 6.760392164734016e-21
433.10344374437443 6.759112365581492e-21
433.20220621062106 6.7578330416181744e-21
433.3009686768677 6.7565541925860494e-21
433.3997311431143 6.755275818227282e-21
433.49849360936093 6.753997918284223e-21
433.59725607560756 6.752720492499405e-21
433.6960185418542 6.75144354061553e-21
433.7947810081008 6.750167062375485e-21
433.89354347434744 6.748891057522342e-21
433.99230594059406 6.747615525799345e-21
434.0910684068407 6.74634046694992e-21
434.1898308730873 6.7450658807176776e-21
434.28859333933394 6.743791766846397e-21
434.38735580558057 6.7425181250800466e-21
434.4861182718272 6.7412449551627596e-21
434.5848807380738 6.739972256838872e-21
434.68364320432045 6.7387000298528646e-21
434.7824056705671 6.7374282739494315e-21
434.8811681368137 6.736156988873422e-21
434.9799306030603 6.734886174369872e-21
435.07869306930695 6.733615830183987e-21
435.1774555355536 6.732345956061166e-21
435.2762180018002 6.7310765517469696e-21
435.37498046804683 6.7298076169871446e-21
435.47374293429345 6.7285391515276135e-21
435.5725054005401 6.727271155114472e-21
435.6712678667867 6.726003627494002e-21
435.77003033303333 6.724736568412649e-21
435.86879279927996 6.723469977617049e-21
435.9675552655266 6.722203854854007e-21
436.06631773177315 6.720938199870502e-21
436.1650801980198 6.719673012413698e-21
436.2638426642664 6.718408292230922e-21
436.36260513051303 6.7171440390696925e-21
436.46136759675966 6.715880252677692e-21
436.5601300630063 6.714616932802788e-21
436.6588925292529 6.71335407919301e-21
436.75765499549954 6.712091691596579e-21
436.85641746174616 6.710829769761877e-21
436.9551799279928 6.709568313437474e-21
437.0539423942394 6.708307322372105e-21
437.15270486048604 6.7070467963146815e-21
437.25146732673267 6.705786735014298e-21
437.3502297929793 6.7045271382202105e-21
437.4489922592259 6.703268005681862e-21
437.54775472547254 6.70200933714886e-21
437.64651719171917 6.700751132370986e-21
437.7452796579658 6.699493391098205e-21
437.8440421242124 6.698236113080648e-21
437.94280459045905 6.696979298068621e-21
438.0415670567057 6.695722945812607e-21
438.1403295229523 6.6944670560632554e-21
438.2390919891989 6.6932116285713964e-21
438.33785445544555 6.6919566630880265e-21
438.4366169216922 6.6907021593643216e-21
438.5353793879388 6.689448117151625e-21
438.63414185418543 6.688194536201458e-21
438.73290432043206 6.686941416265507e-21
438.8316667866787 6.6856887570956364e-21
438.9304292529253 6.684436558443884e-21
439.02919171917193 6.683184820062454e-21
439.12795418541856 6.681933541703728e-21
439.2267166516652 6.680682723120254e-21
439.3254791179118 6.6794323640647574e-21
439.42424158415844 6.678182464290132e-21
439.52300405040506 6.676933023549445e-21
439.6217665166517 6.6756840415959315e-21
439.7205289828983 6.6744355181829996e-21
439.81929144914494 6.673187453064224e-21
439.91805391539157 6.6719398459933636e-21
440.0168163816382 6.6706926967243294e-21
440.1155788478848 6.669446005011218e-21
440.2143413141314 6.668199770608293e-21
440.313103780378 6.6669539932699785e-21
440.41186624662464 6.66570867275088e-21
440.51062871287127 6.6644638088057704e-21
440.6093911791179 6.6632194011895855e-21
440.7081536453645 6.6619754496574425e-21
440.80691611161114 6.660731953964619e-21
440.90567857785777 6.659488913866567e-21
441.0044410441044 6.6582463291189024e-21
441.103203510351 6.657004199477417e-21
441.20196597659765 6.6557625246980676e-21
441.3007284428443 6.654521304536978e-21
441.3994909090909 6.653280538750443e-21
441.4982533753375 6.6520402270949334e-21
441.59701584158415 6.6508003693270696e-21
441.6957783078308 6.649560965203661e-21
441.7945407740774 6.64832201448167e-21
441.89330324032403 6.647083516918238e-21
441.99206570657066 6.645845472270665e-21
442.0908281728173 6.6446078802964256e-21
442.1895906390639 6.6433707407531564e-21
442.28835310531053 6.642134053398669e-21
442.38711557155716 6.6408978179909316e-21
442.4858780378038 6.639662034288092e-21
442.5846405040504 6.638426702048455e-21
442.68340297029704 6.637191821030497e-21
442.78216543654366 6.6359573909928595e-21
442.8809279027903 6.6347234116943514e-21
442.9796903690369 6.6334898828939504e-21
443.07845283528354 6.6322568043507934e-21
443.17721530153017 6.631024175824195e-21
443.2759777677768 6.62979199707362e-21
443.3747402340234 6.628560267858716e-21
443.47350270027005 6.627328987939288e-21
443.5722651665167 6.626098157075303e-21
443.6710276327633 6.6248677750269006e-21
443.7697900990099 6.623637841554386e-21
443.86855256525655 6.622408356418223e-21
443.9673150315032 6.621179319379043e-21
444.0660774977498 6.619950730197648e-21
444.1648399639964 6.618722588634998e-21
444.26360243024305 6.61749489445222e-21
444.3623648964897 6.616267647410605e-21
444.46112736273625 6.615040847271616e-21
444.5598898289829 6.613814493796865e-21
444.6586522952295 6.612588586748141e-21
444.7574147614761 6.611363125887392e-21
444.85617722772275 6.6101381109767295e-21
444.9549396939694 6.608913541778435e-21
445.053702160216 6.6076894180549445e-21
445.15246462646263 6.60646573956886e-21
445.25122709270926 6.605242506082952e-21
445.3499895589559 6.604019717360149e-21
445.4487520252025 6.602797373163548e-21
445.54751449144914 6.601575473256399e-21
445.64627695769576 6.6003540174021255e-21
445.7450394239424 6.5991330053643105e-21
445.843801890189 6.5979124369066955e-21
445.94256435643564 6.596692311793187e-21
446.04132682268227 6.5954726297878566e-21
446.1400892889289 6.5942533906549334e-21
446.2388517551755 6.593034594158815e-21
446.33761422142214 6.5918162400640515e-21
446.43637668766877 6.590598328135364e-21
446.5351391539154 6.589380858137627e-21
446.633901620162 6.588163829835884e-21
446.73266408640865 6.5869472429953355e-21
446.8314265526553 6.585731097381345e-21
446.9301890189019 6.584515392759439e-21
447.0289514851485 6.5833001288952955e-21
447.12771395139515 6.582085305554764e-21
447.2264764176418 6.580870922503853e-21
447.3252388838884 6.579656979508726e-21
447.42400135013503 6.578443476335714e-21
447.52276381638166 6.577230412751302e-21
447.6215262826283 6.5760177885221386e-21
447.7202887488749 6.5748056034150324e-21
447.81905121512153 6.573593857196952e-21
447.91781368136816 6.5723825496350215e-21
448.0165761476148 6.571171680496532e-21
448.1153386138614 6.569961249548931e-21
448.21410108010804 6.568751256559822e-21
448.31286354635466 6.567541701296971e-21
448.4116260126013 6.566332583528305e-21
448.5103884788479 6.565123903021906e-21
448.6091509450945 6.5639156595460175e-21
448.7079134113411 6.562707852869039e-21
448.80667587758774 6.561500482759532e-21
448.90543834383436 6.560293548986215e-21
449.004200810081 6.559087051317964e-21
449.1029632763276 6.557880989523814e-21
449.20172574257424 6.556675363372959e-21
449.30048820882087 6.5554701726347506e-21
449.3992506750675 6.554265417078697e-21
449.4980131413141 6.553061096474465e-21
449.59677560756074 6.551857210591877e-21
449.69553807380737 6.550653759200916e-21
449.794300540054 6.5494507420717235e-21
449.8930630063006 6.548248158974591e-21
449.99182547254725 6.5470460096799764e-21
450.0905879387939 6.545844293958489e-21
450.1893504050405 6.544643011580889e-21
450.2881128712871 6.543442162318111e-21
450.38687533753375 6.5422417459412285e-21
450.4856378037804 6.54104176222148e-21
450.584400270027 6.5398422109302566e-21
450.68316273627363 6.538643091839111e-21
450.78192520252026 6.537444404719745e-21
450.8806876687669 6.536246149344022e-21
450.9794501350135 6.535048325483958e-21
451.07821260126013 6.533850932911726e-21
451.17697506750676 6.53265397139965e-21
451.2757375337534 6.53145744072022e-21
451.3745 6.530261340646069e-21
451.47326246624664 6.5290656709499966e-21
451.57202493249326 6.527870431404949e-21
451.6707873987399 6.526675621784027e-21
451.7695498649865 6.525481241860496e-21
451.86831233123314 6.5242872914077606e-21
451.96707479747977 6.523093770199397e-21
452.0658372637264 6.5219006780091226e-21
452.164599729973 6.5207080146108146e-21
452.26336219621965 6.519515779778503e-21
452.3621246624663 6.518323973286372e-21
452.4608871287129 6.517132594908766e-21
452.5596495949595 6.5159416444201696e-21
452.65841206120615 6.514751121595232e-21
452.7571745274528 6.513561026208751e-21
452.85593699369934 6.512371358035682e-21
452.95469945994597 6.511182116851129e-21
453.0534619261926 6.509993302430353e-21
453.1522243924392 6.508804914548763e-21
453.25098685868585 6.507616952981928e-21
453.3497493249325 6.506429417505563e-21
453.4485117911791 6.505242307895538e-21
453.5472742574257 6.504055623927878e-21
453.64603672367235 6.50286936537876e-21
453.744799189919 6.501683532024507e-21
453.8435616561656 6.5004981236416036e-21
453.94232412241223 6.499313140006676e-21
454.04108658865886 6.4981285808965156e-21
454.1398490549055 6.496944446088048e-21
454.2386115211521 6.495760735358371e-21
454.33737398739873 6.494577448484714e-21
454.43613645364536 6.493394585244475e-21
454.534898919892 6.492212145415189e-21
454.6336613861386 6.491030128774553e-21
454.73242385238524 6.4898485351004046e-21
454.83118631863186 6.488667364170745e-21
454.9299487848785 6.487486615763715e-21
455.0287112511251 6.486306289657614e-21
455.12747371737174 6.485126385630886e-21
455.22623618361837 6.483946903462129e-21
455.324998649865 6.4827678429300886e-21
455.4237611161116 6.481589203813662e-21
455.52252358235825 6.480410985891897e-21
455.6212860486049 6.479233188943992e-21
455.7200485148515 6.4780558127492945e-21
455.8188109810981 6.4768788570873e-21
455.91757344734475 6.475702321737655e-21
456.0163359135914 6.474526206480156e-21
456.115098379838 6.473350511094747e-21
456.21386084608463 6.472175235361523e-21
456.31262331233125 6.471000379060725e-21
456.4113857785779 6.469825941972751e-21
456.5101482448245 6.4686519238781376e-21
456.60891071107113 6.467478324557576e-21
456.70767317731776 6.466305143791902e-21
456.8064356435644 6.4651323813621056e-21
456.905198109811 6.463960037049324e-21
457.00396057605764 6.4627881106348396e-21
457.1027230423042 6.4616166019000815e-21
457.20148550855083 6.4604455106266294e-21
457.30024797479746 6.459274836596212e-21
457.3990104410441 6.458104579590705e-21
457.4977729072907 6.456934739392131e-21
457.59653537353734 6.455765315782658e-21
457.69529783978396 6.4545963085446104e-21
457.7940603060306 6.453427717460449e-21
457.8928227722772 6.452259542312784e-21
457.99158523852384 6.451091782884378e-21
458.09034770477047 6.4499244389581344e-21
458.1891101710171 6.448757510317109e-21
458.2878726372637 6.447590996744501e-21
458.38663510351034 6.446424898023656e-21
458.48539756975697 6.445259213938064e-21
458.5841600360036 6.444093944271368e-21
458.6829225022502 6.442929088807352e-21
458.78168496849685 6.441764647329948e-21
458.8804474347435 6.4406006196232305e-21
458.9792099009901 6.4394370054714245e-21
459.0779723672367 6.4382738046588995e-21
459.17673483348335 6.437111016970168e-21
459.27549729973 6.43594864218989e-21
459.3742597659766 6.434786680102875e-21
459.47302223222323 6.4336251304940666e-21
459.57178469846986 6.432463993148565e-21
459.6705471647165 6.431303267851611e-21
459.7693096309631 6.430142954388589e-21
459.86807209720973 6.428983052545028e-21
459.96683456345636 6.427823562106606e-21
460.065597029703 6.426664482859141e-21
460.1643594959496 6.4255058145885985e-21
460.26312196219624 6.424347557081084e-21
460.36188442844286 6.423189710122852e-21
460.4606468946895 6.422032273500297e-21
460.5594093609361 6.420875246999963e-21
460.65817182718274 6.419718630408534e-21
460.75693429342937 6.4185624235128365e-21
460.855696759676 6.417406626099842e-21
460.9544592259226 6.416251237956668e-21
461.05322169216925 6.415096258870572e-21
461.15198415841587 6.4139416886289544e-21
461.2507466246625 6.4127875270193616e-21
461.34950909090907 6.411633773829485e-21
461.4482715571557 6.4104804288471536e-21
461.5470340234023 6.409327491860333e-21
461.64579648964894 6.408174962657155e-21
461.74455895589557 6.407022841025868e-21
461.8433214221422 6.405871126754876e-21
461.9420838883888 6.404719819632724e-21
462.04084635463545 6.4035689194481005e-21
462.1396088208821 6.402418425989828e-21
462.2383712871287 6.40126833904688e-21
462.3371337533753 6.400118658408371e-21
462.43589621962195 6.398969383863551e-21
462.5346586858686 6.39782051520182e-21
462.6334211521152 6.396672052212712e-21
462.73218361836183 6.395523994685905e-21
462.83094608460846 6.39437634241122e-21
462.9297085508551 6.393229095178618e-21
463.0284710171017 6.392082252778203e-21
463.12723348334833 6.3909358150002175e-21
463.22599594959496 6.3897897816350434e-21
463.3247584158416 6.388644152473208e-21
463.4235208820882 6.387498927305378e-21
463.52228334833484 6.386354105922352e-21
463.62104581458146 6.385209688115087e-21
463.7198082808281 6.384065673674662e-21
463.8185707470747 6.382922062392306e-21
463.91733321332134 6.381778854059388e-21
464.01609567956797 6.380636048467411e-21
464.1148581458146 6.3794936454080236e-21
464.2136206120612 6.3783516446730115e-21
464.31238307830785 6.3772100460543036e-21
464.4111455445545 6.376068849343965e-21
464.5099080108011 6.374928054334198e-21
464.6086704770477 6.3737876608173475e-21
464.70743294329435 6.3726476685858965e-21
464.806195409541 6.371508077432471e-21
464.9049578757876 6.370368887149827e-21
465.0037203420342 6.36923009753087e-21
465.10248280828085 6.368091708368634e-21
465.2012452745275 6.366953719456304e-21
465.3000077407741 6.365816130587186e-21
465.39877020702073 6.3646789415547424e-21
465.4975326732673 6.363542152152563e-21
465.5962951395139 6.3624057621743776e-21
465.69505760576055 6.3612697714140556e-21
465.7938200720072 6.360134179665609e-21
465.8925825382538 6.358998986723177e-21
465.99134500450043 6.3578641923810396e-21
466.09010747074706 6.3567297964336245e-21
466.1888699369937 6.3555957986754815e-21
466.2876324032403 6.354462198901312e-21
466.38639486948694 6.353328996905943e-21
466.48515733573356 6.35219619248435e-21
466.5839198019802 6.351063785431631e-21
466.6826822682268 6.3499317755430405e-21
466.78144473447344 6.3488001626139464e-21
466.88020720072006 6.347668946439872e-21
466.9789696669667 6.346538126816473e-21
467.0777321332133 6.345407703539535e-21
467.17649459945994 6.344277676404988e-21
467.27525706570657 6.34314804520889e-21
467.3740195319532 6.342018809747444e-21
467.4727819981998 6.340889969816984e-21
467.57154446444645 6.339761525213979e-21
467.6703069306931 6.338633475735038e-21
467.7690693969397 6.337505821176905e-21
467.8678318631863 6.336378561336455e-21
467.96659432943295 6.335251696010701e-21
468.0653567956796 6.3341252249967964e-21
468.1641192619262 6.3329991480920205e-21
468.26288172817283 6.3318734650937976e-21
468.36164419441945 6.33074817579968e-21
468.4604066606661 6.3296232800073536e-21
468.5591691269127 6.328498777514649e-21
468.65793159315933 6.3273746681195224e-21
468.75669405940596 6.32625095162007e-21
468.8554565256526 6.325127627814518e-21
468.9542189918992 6.3240046965012284e-21
469.05298145814584 6.322882157478702e-21
469.15174392439246 6.321760010545567e-21
469.2505063906391 6.320638255500593e-21
469.3492688568857 6.319516892142674e-21
469.44803132313234 6.3183959202708485e-21
469.54679378937897 6.317275339684279e-21
469.6455562556256 6.316155150182271e-21
469.74431872187216 6.315035351564257e-21
469.8430811881188 6.313915943629806e-21
469.9418436543654 6.312796926178616e-21
470.04060612061204 6.311678299010527e-21
470.13936858685867 6.310560061925503e-21
470.2381310531053 6.309442214723646e-21
470.3368935193519 6.308324757205187e-21
470.43565598559854 6.307207689170497e-21
470.53441845184517 6.3060910104200725e-21
470.6331809180918 6.304974720754548e-21
470.7319433843384 6.303858819974685e-21
470.83070585058505 6.3027433078813825e-21
470.9294683168317 6.301628184275669e-21
471.0282307830783 6.300513448958704e-21
471.1269932493249 6.299399101731784e-21
471.22575571557155 6.2982851423963336e-21
471.3245181818182 6.2971715707539105e-21
471.4232806480648 6.296058386606202e-21
471.52204311431143 6.2949455897550264e-21
471.62080558055806 6.293833180002342e-21
471.7195680468047 6.292721157150232e-21
471.8183305130513 6.291609521000908e-21
471.91709297929793 6.2904982713567164e-21
472.01585544554456 6.289387408020137e-21
472.1146179117912 6.288276930793777e-21
472.2133803780378 6.287166839480378e-21
472.31214284428444 6.286057133882807e-21
472.41090531053106 6.284947813804068e-21
472.5096677767777 6.283838879047291e-21
472.6084302430243 6.282730329415739e-21
472.70719270927094 6.2816221647128024e-21
472.80595517551757 6.2805143847420085e-21
472.9047176417642 6.279406989307005e-21
473.0034801080108 6.278299978211578e-21
473.10224257425745 6.277193351259642e-21
473.20100504050407 6.276087108255237e-21
473.2997675067507 6.274981249002537e-21
473.3985299729973 6.273875773305848e-21
473.49729243924395 6.2727706809695975e-21
473.5960549054906 6.2716659717983474e-21
473.6948173717372 6.270561645596791e-21
473.7935798379838 6.2694577021697464e-21
473.8923423042304 6.268354141322164e-21
473.991104770477 6.267250962859124e-21
474.08986723672365 6.26614816658583e-21
474.1886297029703 6.265045752307622e-21
474.2873921692169 6.263943719829963e-21
474.3861546354635 6.2628420689584475e-21
474.48491710171015 6.261740799498799e-21
474.5836795679568 6.260639911256863e-21
474.6824420342034 6.259539404038624e-21
474.78120450045003 6.258439277650184e-21
474.87996696669666 6.257339531897788e-21
474.9787294329433 6.256240166587789e-21
475.0774918991899 6.255141181526687e-21
475.17625436543653 6.254042576521092e-21
475.27501683168316 6.252944351377759e-21
475.3737792979298 6.251846505903558e-21
475.4725417641764 6.250749039905492e-21
475.57130423042304 6.2496519531906925e-21
475.67006669666966 6.248555245566415e-21
475.7688291629163 6.247458916840043e-21
475.8675916291629 6.24636296681909e-21
475.96635409540954 6.2452673953111915e-21
476.06511656165617 6.2441722021241135e-21
476.1638790279028 6.24307738706575e-21
476.2626414941494 6.2419829499441204e-21
476.36140396039605 6.240888890567364e-21
476.4601664266427 6.239795208743756e-21
476.5589288928893 6.238701904281697e-21
476.6576913591359 6.237608976989709e-21
476.75645382538255 6.236516426676443e-21
476.8552162916292 6.235424253150677e-21
476.9539787578758 6.234332456221315e-21
477.0527412241224 6.2332410356973825e-21
477.15150369036905 6.232149991388038e-21
477.2502661566157 6.2310593231025575e-21
477.3490286228623 6.2299690306503486e-21
477.44779108910893 6.228879113840946e-21
477.54655355535556 6.227789572484003e-21
477.6453160216022 6.226700406389307e-21
477.7440784878488 6.225611615366756e-21
477.84284095409544 6.2245231992263915e-21
477.94160342034206 6.223435157778368e-21
478.0403658865887 6.222347490832965e-21
478.13912835283526 6.221260198200598e-21
478.2378908190819 6.220173279691792e-21
478.3366532853285 6.219086735117204e-21
478.43541575157514 6.218000564287617e-21
478.53417821782176 6.216914767013938e-21
478.6329406840684 6.215829343107194e-21
478.731703150315 6.214744292378541e-21
478.83046561656164 6.2136596146392575e-21
478.92922808280827 6.2125753097007455e-21
479.0279905490549 6.211491377374535e-21
479.1267530153015 6.210407817472268e-21
479.22551548154814 6.209324629805719e-21
479.32427794779477 6.208241814186798e-21
479.4230404140414 6.207159370427513e-21
479.521802880288 6.206077298340013e-21
479.62056534653465 6.204995597736566e-21
479.7193278127813 6.2039142684295625e-21
479.8180902790279 6.202833310231518e-21
479.9168527452745 6.201752722955069e-21
480.01561521152115 6.200672506412975e-21
480.1143776777678 6.19959266041812e-21
480.2131401440144 6.198513184783511e-21
480.31190261026103 6.197434079322273e-21
480.41066507650766 6.19635534384766e-21
480.5094275427543 6.195276978173041e-21
480.6081900090009 6.19419898211192e-21
480.70695247524753 6.193121355477912e-21
480.80571494149416 6.192044098084756e-21
480.9044774077408 6.190967209746311e-21
481.0032398739874 6.1898906902765665e-21
481.10200234023404 6.188814539489629e-21
481.20076480648066 6.1877387571997245e-21
481.2995272727273 6.186663343221204e-21
481.3982897389739 6.185588297368539e-21
481.49705220522054 6.18451361945632e-21
481.59581467146717 6.183439309299264e-21
481.6945771377138 6.182365366712204e-21
481.7933396039604 6.181291791510099e-21
481.89210207020705 6.1802185835080274e-21
481.99086453645367 6.1791457425211876e-21
482.0896270027003 6.178073268364902e-21
482.1883894689469 6.177001160854605e-21
482.28715193519355 6.175929419805862e-21
482.3859144014401 6.174858045034355e-21
482.48467686768674 6.173787036355888e-21
482.58343933393337 6.172716393586381e-21
482.68220180018 6.1716461165418804e-21
482.7809642664266 6.170576205038546e-21
482.87972673267325 6.1695066588926645e-21
482.9784891989199 6.1684374779206426e-21
483.0772516651665 6.167368661939e-21
483.1760141314131 6.1663002107643814e-21
483.27477659765975 6.165232124213552e-21
483.3735390639064 6.164164402103393e-21
483.472301530153 6.163097044250909e-21
483.57106399639963 6.162030050473218e-21
483.66982646264626 6.160963420587571e-21
483.7685889288929 6.159897154411321e-21
483.8673513951395 6.158831251761952e-21
483.96611386138613 6.157765712457062e-21
484.06487632763276 6.1567005363143695e-21
484.1636387938794 6.155635723151713e-21
484.262401260126 6.154571272787045e-21
484.36116372637264 6.153507185038447e-21
484.45992619261926 6.1524434597241096e-21
484.5586886588659 6.151380096662343e-21
484.6574511251125 6.150317095671584e-21
484.75621359135914 6.1492544565703716e-21
484.85497605760577 6.148192179177382e-21
484.9537385238524 6.147130263311398e-21
485.052500990099 6.1460687087913245e-21
485.15126345634565 6.14500751543618e-21
485.2500259225923 6.143946683065106e-21
485.3487883888389 6.1428862114973595e-21
485.4475508550855 6.141826100552316e-21
485.54631332133215 6.1407663500494684e-21
485.6450757875788 6.139706959808427e-21
485.7438382538254 6.13864792964892e-21
485.842600720072 6.137589259390794e-21
485.94136318631865 6.136530948854007e-21
486.0401256525653 6.1354729978586404e-21
486.1388881188119 6.134415406224891e-21
486.23765058505853 6.133358173773074e-21
486.33641305130516 6.132301300323619e-21
486.4351755175518 6.131244785697072e-21
486.5339379837984 6.1301886297140986e-21
486.632700450045 6.1291328321954785e-21
486.7314629162916 6.128077392962109e-21
486.83022538253823 6.127022311835004e-21
486.92898784878486 6.125967588635296e-21
487.0277503150315 6.1249132231842246e-21
487.1265127812781 6.123859215303158e-21
487.22527524752473 6.122805564813573e-21
487.32403771377136 6.121752271537061e-21
487.422800180018 6.120699335295339e-21
487.5215626462646 6.11964675591023e-21
487.62032511251124 6.1185945332036714e-21
487.71908757875786 6.117542666997724e-21
487.8178500450045 6.1164911571145656e-21
487.9166125112511 6.115440003376476e-21
488.01537497749774 6.114389205605863e-21
488.11413744374437 6.113338763625248e-21
488.212899909991 6.1122886772572606e-21
488.3116623762376 6.111238946324652e-21
488.41042484248425 6.110189570650289e-21
488.5091873087309 6.109140550057146e-21
488.6079497749775 6.108091884368318e-21
488.7067122412241 6.107043573407018e-21
488.80547470747075 6.1059956169965636e-21
488.9042371737174 6.104948014960395e-21
489.002999639964 6.103900767122065e-21
489.10176210621063 6.1028538733052384e-21
489.20052457245725 6.101807333333696e-21
489.2992870387039 6.100761147031335e-21
489.3980495049505 6.0997153142221644e-21
489.49681197119713 6.0986698347303054e-21
489.59557443744376 6.0976247083799936e-21
489.6943369036904 6.0965799349955864e-21
489.793099369937 6.095535514401538e-21
489.89186183618364 6.094491446422437e-21
489.99062430243026 6.093447730882967e-21
490.0893867686769 6.092404367607939e-21
490.1881492349235 6.091361356422268e-21
490.28691170117014 6.0903186971509874e-21
490.38567416741677 6.089276389619243e-21
490.4844366336634 6.088234433652289e-21
490.58319909991 6.087192829075498e-21
490.68196156615664 6.086151575714357e-21
490.7807240324032 6.085110673394461e-21
490.87948649864984 6.084070121941518e-21
490.97824896489647 6.083029921181353e-21
491.0770114311431 6.0819900709398996e-21
491.1757738973897 6.080950571043205e-21
491.27453636363634 6.0799114213174295e-21
491.37329882988297 6.078872621588845e-21
491.4720612961296 6.077834171683836e-21
491.5708237623762 6.076796071428898e-21
491.66958622862285 6.07575832065064e-21
491.7683486948695 6.074720919175782e-21
491.8671111611161 6.073683866831158e-21
491.9658736273627 6.072647163443709e-21
492.06463609360935 6.071610808840495e-21
492.163398559856 6.070574802848682e-21
492.2621610261026 6.069539145295542e-21
492.36092349234923 6.068503836008477e-21
492.45968595859586 6.06746887481498e-21
492.5584484248425 6.0664342615426674e-21
492.6572108910891 6.065399996019263e-21
492.75597335733573 6.064366078072603e-21
492.85473582358236 6.063332507530631e-21
492.953498289829 6.062299284221403e-21
493.0522607560756 6.061266407973094e-21
493.15102322232224 6.060233878613976e-21
493.24978568856886 6.0592016959724426e-21
493.3485481548155 6.058169859876989e-21
493.4473106210621 6.057138370156229e-21
493.54607308730874 6.056107226638884e-21
493.64483555355537 6.055076429153784e-21
493.743598019802 6.054045977529869e-21
493.8423604860486 6.05301587159619e-21
493.94112295229525 6.051986111181914e-21
494.03988541854187 6.050956696116305e-21
494.1386478847885 6.0499276262287515e-21
494.2374103510351 6.0488989013487376e-21
494.33617281728175 6.047870521305871e-21
494.4349352835284 6.046842485929858e-21
494.533697749775 6.045814795050517e-21
494.6324602160216 6.044787448497784e-21
494.73122268226825 6.0437604461016934e-21
494.8299851485149 6.042733787692392e-21
494.9287476147615 6.04170747310014e-21
495.0275100810081 6.040681502155305e-21
495.1262725472547 6.039655874688357e-21
495.2250350135013 6.038630590529887e-21
495.32379747974795 6.0376056495105834e-21
495.4225599459946 6.03658105146125e-21
495.5213224122412 6.035556796212796e-21
495.62008487848783 6.034532883596245e-21
495.71884734473446 6.03350931344272e-21
495.8176098109811 6.032486085583463e-21
495.9163722772277 6.0314631998498104e-21
496.01513474347433 6.030440656073222e-21
496.11389720972096 6.029418454085257e-21
496.2126596759676 6.028396593717585e-21
496.3114221422142 6.027375074801982e-21
496.41018460846084 6.0263538971703324e-21
496.50894707470746 6.0253330606546324e-21
496.6077095409541 6.0243125650869815e-21
496.7064720072007 6.023292410299586e-21
496.80523447344734 6.0222725961247646e-21
496.90399693969397 6.0212531223949386e-21
497.0027594059406 6.02023398894264e-21
497.1015218721872 6.01921519560051e-21
497.20028433843385 6.018196742201289e-21
497.2990468046805 6.017178628577833e-21
497.3978092709271 6.016160854563099e-21
497.4965717371737 6.015143419990156e-21
497.59533420342035 6.0141263246921795e-21
497.694096669667 6.0131095685024486e-21
497.7928591359136 6.012093151254348e-21
497.8916216021602 6.011077072781377e-21
497.99038406840685 6.010061332917133e-21
498.0891465346535 6.0090459314953214e-21
498.1879090009001 6.00803086834976e-21
498.28667146714673 6.007016143314366e-21
498.38543393339336 6.006001756223168e-21
498.48419639964 6.0049877069102956e-21
498.5829588658866 6.003973995209988e-21
498.68172133213324 6.0029606209565906e-21
498.78048379837986 6.001947583984555e-21
498.8792462646265 6.000934884128435e-21
498.9780087308731 5.9999225212228964e-21
499.07677119711974 5.998910495102699e-21
499.1755336633663 5.997898805602727e-21
499.27429612961294 5.996887452557952e-21
499.37305859585956 5.99587643580346e-21
499.4718210621062 5.9948657551744415e-21
499.5705835283528 5.9938554105061914e-21
499.66934599459944 5.992845401634108e-21
499.76810846084607 5.9918357283937e-21
499.8668709270927 5.990826390620576e-21
499.9656333933393 5.9898173881504514e-21
500.06439585958594 5.988808720819146e-21
500.16315832583257 5.987800388462587e-21
500.2619207920792 5.986792390916801e-21
500.3606832583258 5.9857847280179226e-21
500.45944572457245 5.984777399602192e-21
500.5582081908191 5.983770405505953e-21
500.6569706570657 5.982763745565655e-21
500.7557331233123 5.981757419617845e-21
500.85449558955895 5.980751427499181e-21
500.9532580558056 5.97974576904643e-21
501.0520205220522 5.978740444096448e-21
501.15078298829883 5.977735452486205e-21
501.24954545454545 5.9767307940527766e-21
501.3483079207921 5.975726468633335e-21
501.4470703870387 5.974722476065166e-21
501.54583285328533 5.9737188161856494e-21
501.64459531953196 5.972715488832272e-21
501.7433577857786 5.971712493842623e-21
501.8421202520252 5.9707098310544024e-21
501.94088271827184 5.969707500305402e-21
502.03964518451846 5.968705501433528e-21
502.1384076507651 5.967703834276779e-21
502.2371701170117 5.9667024986732645e-21
502.33593258325834 5.965701494461194e-21
502.43469504950497 5.964700821478882e-21
502.5334575157516 5.9637004795647415e-21
502.6322199819982 5.962700468557292e-21
502.73098244824484 5.961700788295159e-21
502.82974491449147 5.960701438617063e-21
502.9285073807381 5.959702419361828e-21
503.0272698469847 5.958703730368388e-21
503.12603231323135 5.957705371475772e-21
503.224794779478 5.956707342523114e-21
503.3235572457246 5.9557096433496505e-21
503.42231971197117 5.954712273794719e-21
503.5210821782178 5.9537152336977596e-21
503.6198446444644 5.952718522898316e-21
503.71860711071105 5.9517221412360284e-21
503.8173695769577 5.950726088550648e-21
503.9161320432043 5.949730364682021e-21
504.0148945094509 5.948734969470096e-21
504.11365697569755 5.947739902754922e-21
504.2124194419442 5.9467451643766526e-21
504.3111819081908 5.9457507541755445e-21
504.40994437443743 5.9447566719919506e-21
504.50870684068406 5.943762917666329e-21
504.6074693069307 5.942769491039238e-21
504.7062317731773 5.9417763919513314e-21
504.80499423942393 5.940783620243374e-21
504.90375670567056 5.939791175756229e-21
505.0025191719172 5.9387990583308534e-21
505.1012816381638 5.937807267808314e-21
505.20004410441044 5.936815804029768e-21
505.29880657065706 5.935824666836488e-21
505.3975690369037 5.9348338560698345e-21
505.4963315031503 5.933843371571271e-21
505.59509396939694 5.932853213182366e-21
505.69385643564357 5.9318633807447866e-21
505.7926189018902 5.930873874100296e-21
505.8913813681368 5.929884693090762e-21
505.99014383438345 5.9288958375581546e-21
506.0889063006301 5.9279073073445346e-21
506.1876687668767 5.9269191022920715e-21
506.2864312331233 5.925931222243033e-21
506.38519369936995 5.924943667039784e-21
506.4839561656166 5.923956436524794e-21
506.5827186318632 5.922969530540624e-21
506.6814810981098 5.921982948929943e-21
506.78024356435645 5.920996691535515e-21
506.8790060306031 5.9200107582002045e-21
506.9777684968497 5.919025148766972e-21
507.07653096309633 5.9180398630788856e-21
507.17529342934296 5.917054900979108e-21
507.2740558955896 5.916070262310896e-21
507.3728183618362 5.9150859469176145e-21
507.47158082808284 5.914101954642718e-21
507.57034329432946 5.9131182853297704e-21
507.66910576057603 5.912134938822424e-21
507.76786822682266 5.911151914964439e-21
507.8666306930693 5.9101692135996665e-21
507.9653931593159 5.909186834572064e-21
508.06415562556253 5.9082047777256785e-21
508.16291809180916 5.907223042904663e-21
508.2616805580558 5.906241629953263e-21
508.3604430243024 5.905260538715831e-21
508.45920549054904 5.904279769036811e-21
508.55796795679566 5.9032993207607395e-21
508.6567304230423 5.902319193732264e-21
508.7554928892889 5.9013393877961215e-21
508.85425535553554 5.900359902797153e-21
508.95301782178217 5.8993807385802895e-21
509.0517802880288 5.898401894990567e-21
509.1505427542754 5.8974233718731125e-21
509.24930522052205 5.896445169073157e-21
509.3480676867687 5.8954672864360235e-21
509.4468301530153 5.894489723807139e-21
509.5455926192619 5.893512481032022e-21
509.64435508550855 5.892535557956292e-21
509.7431175517552 5.8915589544256626e-21
509.8418800180018 5.8905826702859446e-21
509.94064248424843 5.889606705383053e-21
510.03940495049505 5.8886310595629894e-21
510.1381674167417 5.8876557326718586e-21
510.2369298829883 5.886680724555861e-21
510.33569234923493 5.885706035061294e-21
510.43445481548156 5.884731664034554e-21
510.5332172817282 5.883757611322126e-21
510.6319797479748 5.8827838767706014e-21
510.73074221422144 5.881810460226664e-21
510.82950468046806 5.8808373615370916e-21
510.9282671467147 5.8798645805487635e-21
511.0270296129613 5.878892117108648e-21
511.12579207920794 5.877919971063819e-21
511.22455454545457 5.876948142261437e-21
511.3233170117012 5.875976630548769e-21
511.4220794779478 5.875005435773167e-21
511.52084194419444 5.874034557782087e-21
511.61960441044107 5.873063996423077e-21
511.7183668766877 5.872093751543781e-21
511.8171293429343 5.87112382299194e-21
511.9158918091809 5.8701542106153924e-21
512.0146542754275 5.869184914262065e-21
512.1134167416741 5.868215933779989e-21
512.2121792079207 5.867247269017287e-21
512.3109416741673 5.8662789198221736e-21
512.409704140414 5.8653108860429624e-21
512.5084666066606 5.864343167528065e-21
512.6072290729072 5.8633757641259815e-21
512.7059915391538 5.862408675685313e-21
512.8047540054005 5.861441902054752e-21
512.9035164716471 5.860475443083086e-21
513.0022789378937 5.859509298619198e-21
513.1010414041403 5.858543468512068e-21
513.199803870387 5.857577952610767e-21
513.2985663366336 5.856612750764463e-21
513.3973288028802 5.8556478628224145e-21
513.4960912691269 5.854683288633984e-21
513.5948537353735 5.85371902804862e-21
513.6936162016201 5.852755080915864e-21
513.7923786678667 5.851791447085358e-21
513.8911411341134 5.850828126406837e-21
513.98990360036 5.849865118730124e-21
514.0886660666066 5.848902423905145e-21
514.1874285328532 5.8479400417819134e-21
514.2861909990999 5.846977972210538e-21
514.3849534653465 5.8460162150412225e-21
514.4837159315931 5.845054770124269e-21
514.5824783978397 5.844093637310059e-21
514.6812408640864 5.843132816449083e-21
514.780003330333 5.8421723073919175e-21
514.8787657965796 5.841212109989233e-21
514.9775282628262 5.840252224091796e-21
515.0762907290729 5.839292649550463e-21
515.1750531953195 5.8383333862161844e-21
515.2738156615661 5.837374433940007e-21
515.3725781278127 5.836415792573068e-21
515.4713405940594 5.8354574619665965e-21
515.570103060306 5.834499441971918e-21
515.6688655265526 5.833541732440448e-21
515.7676279927992 5.8325843332236935e-21
515.8663904590459 5.83162724417326e-21
515.9651529252925 5.830670465140842e-21
516.0639153915391 5.829713995978226e-21
516.1626778577858 5.828757836537292e-21
516.2614403240324 5.827801986670012e-21
516.360202790279 5.826846446228452e-21
516.4589652565256 5.825891215064769e-21
516.5577277227723 5.8249362930312095e-21
516.6564901890189 5.82398167998012e-21
516.7552526552655 5.82302737576393e-21
516.8540151215121 5.822073380235169e-21
516.9527775877588 5.821119693246452e-21
517.0515400540054 5.82016631465049e-21
517.150302520252 5.819213244300084e-21
517.2490649864986 5.8182604820481275e-21
517.3478274527453 5.817308027747606e-21
517.4465899189919 5.816355881251595e-21
517.5453523852385 5.815404042413264e-21
517.6441148514851 5.814452511085873e-21
517.7428773177318 5.8135012871227735e-21
517.8416397839784 5.8125503703774054e-21
517.940402250225 5.8115997607033044e-21
518.0391647164716 5.810649457954096e-21
518.1379271827183 5.8096994619834964e-21
518.2366896489649 5.808749772645313e-21
518.3354521152115 5.807800389793442e-21
518.4342145814581 5.806851313281877e-21
518.5329770477048 5.805902542964691e-21
518.6317395139514 5.8049540786960625e-21
518.730501980198 5.80400592033025e-21
518.8292644464447 5.803058067721605e-21
518.9280269126913 5.802110520724572e-21
519.0267893789379 5.801163279193684e-21
519.1255518451845 5.800216342983567e-21
519.2243143114312 5.7992697119489325e-21
519.3230767776778 5.798323385944583e-21
519.4218392439244 5.797377364825418e-21
519.520601710171 5.796431648446424e-21
519.6193641764177 5.795486236662671e-21
519.7181266426643 5.7945411293293275e-21
519.8168891089109 5.7935963263016495e-21
519.9156515751575 5.7926518274349794e-21
520.0144140414042 5.791707632584753e-21
520.1131765076508 5.790763741606499e-21
520.2119389738974 5.7898201543558276e-21
520.3107014401439 5.788876870688444e-21
520.4094639063906 5.787933890460144e-21
520.5082263726372 5.7869912135268094e-21
520.6069888388838 5.786048839744411e-21
520.7057513051304 5.785106768969015e-21
520.8045137713771 5.78416500105677e-21
520.9032762376237 5.783223535863921e-21
521.0020387038703 5.782282373246789e-21
521.1008011701169 5.7813415130618034e-21
521.1995636363636 5.780400955165467e-21
521.2983261026102 5.779460699414375e-21
521.3970885688568 5.778520745665218e-21
521.4958510351034 5.777581093774766e-21
521.5946135013501 5.7766417435998865e-21
521.6933759675967 5.7757026949975315e-21
521.7921384338433 5.7747639478247395e-21
521.89090090009 5.77382550193864e-21
521.9896633663366 5.7728873571964545e-21
522.0884258325832 5.7719495134554845e-21
522.1871882988298 5.771011970573127e-21
522.2859507650764 5.7700747284068665e-21
522.3847132313231 5.769137786814274e-21
522.4834756975697 5.7682011456530084e-21
522.5822381638163 5.767264804780816e-21
522.681000630063 5.766328764055533e-21
522.7797630963096 5.7653930233350844e-21
522.8785255625562 5.764457582477479e-21
522.9772880288028 5.76352244134082e-21
523.0760504950495 5.762587599783293e-21
523.1748129612961 5.761653057663172e-21
523.2735754275427 5.760718814838818e-21
523.3723378937893 5.759784871168684e-21
523.471100360036 5.758851226511305e-21
523.5698628262826 5.75791788072531e-21
523.6686252925292 5.756984833669406e-21
523.7673877587758 5.756052085202398e-21
523.8661502250225 5.75511963518317e-21
523.9649126912691 5.754187483470694e-21
524.0636751575157 5.7532556299240375e-21
524.1624376237623 5.752324074402344e-21
524.261200090009 5.751392816764847e-21
524.3599625562556 5.750461856870873e-21
524.4587250225022 5.74953119457983e-21
524.5574874887488 5.748600829751215e-21
524.6562499549955 5.7476707622446065e-21
524.7550124212421 5.7467409919196765e-21
524.8537748874887 5.745811518636181e-21
524.9525373537354 5.744882342253963e-21
525.051299819982 5.7439534626329494e-21
525.1500622862286 5.743024879633153e-21
525.2488247524752 5.742096593114683e-21
525.3475872187219 5.74116860293772e-21
525.4463496849685 5.740240908962541e-21
525.5451121512151 5.7393135110495064e-21
525.6438746174617 5.738386409059061e-21
525.7426370837084 5.737459602851738e-21
525.841399549955 5.7365330922881564e-21
525.9401620162016 5.7356068772290175e-21
526.0389244824482 5.734680957535113e-21
526.1376869486949 5.733755333067318e-21
526.2364494149415 5.732830003686596e-21
526.3352118811881 5.731904969253989e-21
526.4339743474347 5.730980229630635e-21
526.5327368136814 5.7300557846777484e-21
526.631499279928 5.729131634256633e-21
526.7302617461746 5.728207778228679e-21
526.8290242124212 5.72728421645536e-21
526.9277866786679 5.7263609487982326e-21
527.0265491449145 5.725437975118947e-21
527.1253116111611 5.724515295279227e-21
527.2240740774077 5.723592909140891e-21
527.3228365436544 5.722670816565836e-21
527.421599009901 5.721749017416048e-21
527.5203614761476 5.720827511553597e-21
527.6191239423943 5.7199062988406355e-21
527.7178864086409 5.718985379139402e-21
527.8166488748875 5.718064752312224e-21
527.9154113411341 5.717144418221507e-21
528.0141738073808 5.716224376729741e-21
528.1129362736274 5.715304627699506e-21
528.211698739874 5.714385170993465e-21
528.3104612061206 5.713466006474362e-21
528.4092236723673 5.712547134005027e-21
528.5079861386139 5.711628553448375e-21
528.6067486048605 5.710710264667405e-21
528.7055110711071 5.709792267525199e-21
528.8042735373538 5.708874561884923e-21
528.9030360036004 5.707957147609829e-21
529.001798469847 5.707040024563253e-21
529.1005609360936 5.7061231926086114e-21
529.1993234023403 5.705206651609407e-21
529.2980858685869 5.704290401429224e-21
529.3968483348335 5.703374441931733e-21
529.4956108010801 5.702458772980689e-21
529.5943732673268 5.70154339443993e-21
529.6931357335734 5.7006283061733705e-21
529.79189819982 5.6997135080450186e-21
529.8906606660667 5.69879899991896e-21
529.9894231323133 5.6978847816593645e-21
530.0881855985599 5.696970853130484e-21
530.1869480648065 5.6960572141966595e-21
530.2857105310532 5.695143864722307e-21
530.3844729972998 5.6942308045719304e-21
530.4832354635464 5.693318033610117e-21
530.581997929793 5.692405551701533e-21
530.6807603960397 5.691493358710932e-21
530.7795228622862 5.6905814545031466e-21
530.8782853285328 5.6896698389430926e-21
530.9770477947794 5.688758511895773e-21
531.075810261026 5.687847473226266e-21
531.1745727272727 5.686936722799742e-21
531.2733351935193 5.6860262604814434e-21
531.3720976597659 5.6851160861367e-21
531.4708601260126 5.6842061996309266e-21
531.5696225922592 5.6832966008296156e-21
531.6683850585058 5.682387289598344e-21
531.7671475247524 5.681478265802773e-21
531.8659099909991 5.680569529308639e-21
531.9646724572457 5.679661079981767e-21
532.0634349234923 5.678752917688063e-21
532.1621973897389 5.6778450422935106e-21
532.2609598559856 5.676937453664181e-21
532.3597223222322 5.6760301516662255e-21
532.4584847884788 5.675123136165875e-21
532.5572472547254 5.6742164070294415e-21
532.6560097209721 5.673309964123324e-21
532.7547721872187 5.6724038073139975e-21
532.8535346534653 5.671497936468019e-21
532.952297119712 5.670592351452032e-21
533.0510595859586 5.669687052132757e-21
533.1498220522052 5.668782038376995e-21
533.2485845184518 5.667877310051631e-21
533.3473469846984 5.666972867023631e-21
533.4461094509451 5.66606870916004e-21
533.5448719171917 5.665164836327986e-21
533.6436343834383 5.664261248394676e-21
533.742396849685 5.663357945227402e-21
533.8411593159316 5.662454926693532e-21
533.9399217821782 5.661552192660519e-21
534.0386842484248 5.660649742995892e-21
534.1374467146715 5.659747577567267e-21
534.2362091809181 5.6588456962423344e-21
534.3349716471647 5.657944098888867e-21
534.4337341134113 5.657042785374724e-21
534.532496579658 5.6561417555678366e-21
534.6312590459046 5.655241009336221e-21
534.7300215121512 5.654340546547972e-21
534.8287839783978 5.653440367071268e-21
534.9275464446445 5.65254047077436e-21
535.0263089108911 5.6516408575255905e-21
535.1250713771377 5.650741527193371e-21
535.2238338433843 5.6498424796462e-21
535.322596309631 5.648943714752656e-21
535.4213587758776 5.648045232381393e-21
535.5201212421242 5.647147032401144e-21
535.6188837083708 5.646249114680731e-21
535.7176461746175 5.645351479089048e-21
535.8164086408641 5.64445412549507e-21
535.9151711071107 5.6435570537678515e-21
536.0139335733573 5.64266026377653e-21
536.112696039604 5.6417637553903144e-21
536.2114585058506 5.640867528478503e-21
536.3102209720972 5.639971582910471e-21
536.4089834383439 5.6390759185556664e-21
536.5077459045905 5.638180535283623e-21
536.6065083708371 5.63728543296395e-21
536.7052708370837 5.63639061146634e-21
536.8040333033304 5.635496070660562e-21
536.902795769577 5.6346018104164625e-21
537.0015582358236 5.633707830603971e-21
537.1003207020702 5.6328141310930935e-21
537.1990831683169 5.631920711753915e-21
537.2978456345635 5.6310275724565996e-21
537.3966081008101 5.630134713071388e-21
537.4953705670567 5.629242133468605e-21
537.5941330333034 5.6283498335186485e-21
537.69289549955 5.6274578130919986e-21
537.7916579657966 5.626566072059212e-21
537.8904204320432 5.625674610290925e-21
537.9891828982899 5.6247834276578505e-21
538.0879453645365 5.6238925240307826e-21
538.1867078307831 5.623001899280588e-21
538.2854702970297 5.622111553278222e-21
538.3842327632764 5.621221485894709e-21
538.482995229523 5.620331697001153e-21
538.5817576957696 5.619442186468739e-21
538.6805201620163 5.618552954168727e-21
538.7792826282629 5.617663999972459e-21
538.8780450945095 5.616775323751348e-21
538.9768075607561 5.615886925376893e-21
539.0755700270028 5.614998804720666e-21
539.1743324932494 5.6141109616543174e-21
539.2730949594959 5.613223396049574e-21
539.3718574257425 5.612336107778244e-21
539.4706198919891 5.611449096712209e-21
539.5693823582358 5.61056236272343e-21
539.6681448244824 5.609675905683947e-21
539.766907290729 5.608789725465874e-21
539.8656697569756 5.607903821941405e-21
539.9644322232223 5.607018194982808e-21
540.0631946894689 5.606132844462435e-21
540.1619571557155 5.605247770252708e-21
540.2607196219622 5.604362972226128e-21
540.3594820882088 5.603478450255274e-21
540.4582445544554 5.602594204212803e-21
540.557007020702 5.601710233971445e-21
540.6557694869487 5.600826539404016e-21
540.7545319531953 5.599943120383394e-21
540.8532944194419 5.5990599767825466e-21
540.9520568856885 5.5981771084745134e-21
541.0508193519352 5.5972945153324104e-21
541.1495818181818 5.596412197229431e-21
541.2483442844284 5.5955301540388446e-21
541.347106750675 5.5946483856339955e-21
541.4458692169217 5.593766891888308e-21
541.5446316831683 5.592885672675281e-21
541.6433941494149 5.5920047278684886e-21
541.7421566156615 5.591124057341583e-21
541.8409190819082 5.590243660968291e-21
541.9396815481548 5.589363538622416e-21
542.0384440144014 5.5884836901778385e-21
542.137206480648 5.587604115508512e-21
542.2359689468947 5.586724814488472e-21
542.3347314131413 5.585845786991824e-21
542.4334938793879 5.5849670328927504e-21
542.5322563456346 5.584088552065513e-21
542.6310188118812 5.583210344384445e-21
542.7297812781278 5.582332409723957e-21
542.8285437443744 5.581454747958536e-21
542.927306210621 5.580577358962743e-21
543.0260686768677 5.5797002426112164e-21
543.1248311431143 5.578823398778669e-21
543.2235936093609 5.5779468273398876e-21
543.3223560756076 5.577070528169738e-21
543.4211185418542 5.576194501143158e-21
543.5198810081008 5.575318746135161e-21
543.6186434743474 5.574443263020837e-21
543.7174059405941 5.573568051675351e-21
543.8161684068407 5.572693111973941e-21
543.9149308730873 5.571818443791922e-21
544.0136933393339 5.570944047004687e-21
544.1124558055806 5.570069921487695e-21
544.2112182718272 5.569196067116487e-21
544.3099807380738 5.568322483766681e-21
544.4087432043204 5.567449171313959e-21
544.5075056705671 5.566576129634088e-21
544.6062681368137 5.565703358602909e-21
544.7050306030603 5.564830858096331e-21
544.803793069307 5.5639586279903415e-21
544.9025555355536 5.563086668161004e-21
545.0013180018002 5.562214978484452e-21
545.1000804680468 5.561343558836898e-21
545.1988429342935 5.560472409094627e-21
545.2976054005401 5.5596015291339974e-21
545.3963678667867 5.5587309188314416e-21
545.4951303330333 5.5578605780634676e-21
545.59389279928 5.556990506706657e-21
545.6926552655266 5.556120704637665e-21
545.7914177317732 5.555251171733222e-21
545.8901801980198 5.5543819078701314e-21
545.9889426642665 5.553512912925269e-21
546.0877051305131 5.552644186775587e-21
546.1864675967597 5.5517757292981104e-21
546.2852300630063 5.5509075403699375e-21
546.383992529253 5.550039619868239e-21
546.4827549954996 5.5491719676702655e-21
546.5815174617462 5.548304583653329e-21
546.6802799279928 5.5474374676948286e-21
546.7790423942395 5.546570619672229e-21
546.8778048604861 5.54570403946307e-21
546.9765673267327 5.5448377269449624e-21
547.0753297929793 5.543971681995594e-21
547.174092259226 5.543105904492724e-21
547.2728547254726 5.542240394314188e-21
547.3716171917192 5.541375151337886e-21
547.4703796579659 5.540510175441803e-21
547.5691421242125 5.539645466503986e-21
547.667904590459 5.538781024402565e-21
547.7666670567056 5.537916849015735e-21
547.8654295229522 5.537052940221762e-21
547.9641919891989 5.536189297898999e-21
548.0629544554455 5.535325921925853e-21
548.1617169216921 5.534462812180819e-21
548.2604793879387 5.533599968542456e-21
548.3592418541854 5.532737390889396e-21
548.458004320432 5.531875079100351e-21
548.5567667866786 5.531013033054096e-21
548.6555292529252 5.5301512526294825e-21
548.7542917191719 5.529289737705439e-21
548.8530541854185 5.5284284881609545e-21
548.9518166516651 5.5275675038751035e-21
549.0505791179118 5.5267067847270235e-21
549.1493415841584 5.525846330595928e-21
549.248104050405 5.524986141361102e-21
549.3468665166516 5.524126216901904e-21
549.4456289828983 5.523266557097761e-21
549.5443914491449 5.522407161828174e-21
549.6431539153915 5.521548030972719e-21
549.7419163816381 5.520689164411035e-21
549.8406788478848 5.519830562022844e-21
549.9394413141314 5.51897222368793e-21
550.038203780378 5.5181141492861566e-21
550.1369662466246 5.517256338697456e-21
550.2357287128713 5.516398791801827e-21
550.3344911791179 5.515541508479344e-21
550.4332536453645 5.5146844886101595e-21
550.5320161116111 5.5138277320744844e-21
550.6307785778578 5.5129712387526125e-21
550.7295410441044 5.512115008524902e-21
550.828303510351 5.5112590412717845e-21
550.9270659765976 5.510403336873765e-21
551.0258284428443 5.509547895211412e-21
551.1245909090909 5.508692716165376e-21
551.2233533753375 5.507837799616371e-21
551.3221158415842 5.506983145445185e-21
551.4208783078308 5.506128753532673e-21
551.5196407740774 5.50527462375977e-21
551.618403240324 5.5044207560074724e-21
551.7171657065707 5.503567150156849e-21
551.8159281728173 5.502713806089044e-21
551.9146906390639 5.501860723685271e-21
552.0134531053105 5.501007902826808e-21
552.1122155715572 5.500155343395011e-21
552.2109780378038 5.499303045271306e-21
552.3097405040504 5.4984510083371856e-21
552.408502970297 5.497599232474215e-21
552.5072654365437 5.496747717564028e-21
552.6060279027903 5.4958964634883315e-21
552.7047903690369 5.495045470128904e-21
552.8035528352835 5.494194737367587e-21
552.9023153015302 5.493344265086301e-21
553.0010777677768 5.492494053167028e-21
553.0998402340234 5.49164410149183e-21
553.19860270027 5.4907944099428295e-21
553.2973651665167 5.4899449784022244e-21
553.3961276327633 5.489095806752284e-21
553.4948900990099 5.48824689487534e-21
553.5936525652565 5.487398242653804e-21
553.6924150315032 5.486549849970146e-21
553.7911774977498 5.4857017167069165e-21
553.8899399639964 5.48485384274673e-21
553.988702430243 5.48400622797227e-21
554.0874648964897 5.4831588722662936e-21
554.1862273627363 5.482311775511623e-21
554.2849898289829 5.481464937591153e-21
554.3837522952296 5.4806183583878495e-21
554.4825147614762 5.479772037784738e-21
554.5812772277228 5.478925975664929e-21
554.6800396939694 5.478080171911586e-21
554.7788021602161 5.477234626407956e-21
554.8775646264627 5.4763893390373426e-21
554.9763270927093 5.4755443096831295e-21
555.0750895589559 5.474699538228759e-21
555.1738520252026 5.473855024557754e-21
555.2726144914492 5.473010768553698e-21
555.3713769576958 5.472166770100243e-21
555.4701394239424 5.471323029081118e-21
555.5689018901891 5.47047954538011e-21
555.6676643564357 5.469636318881083e-21
555.7664268226823 5.468793349467968e-21
555.865189288929 5.467950637024761e-21
555.9639517551756 5.46710818143553e-21
556.0627142214222 5.4662659825844144e-21
556.1614766876687 5.465424040355614e-21
556.2602391539153 5.4645823546334025e-21
556.359001620162 5.463740925302123e-21
556.4577640864086 5.462899752246184e-21
556.5565265526552 5.462058835350063e-21
556.6552890189018 5.461218174498307e-21
556.7540514851485 5.4603777695755316e-21
556.8528139513951 5.459537620466417e-21
556.9515764176417 5.458697727055717e-21
557.0503388838883 5.45785808922825e-21
557.149101350135 5.457018706868899e-21
557.2478638163816 5.4561795798626255e-21
557.3466262826282 5.455340708094444e-21
557.4453887488748 5.454502091449454e-21
557.5441512151215 5.4536637298128105e-21
557.6429136813681 5.45282562306974e-21
557.7416761476147 5.451987771105536e-21
557.8404386138614 5.4511501738055605e-21
557.939201080108 5.450312831055245e-21
558.0379635463546 5.449475742740084e-21
558.1367260126012 5.4486389087456436e-21
558.2354884788479 5.4478023289575544e-21
558.3342509450945 5.446966003261519e-21
558.4330134113411 5.446129931543302e-21
558.5317758775877 5.4452941136887395e-21
558.6305383438344 5.44445854958373e-21
558.729300810081 5.4436232391142444e-21
558.8280632763276 5.442788182166323e-21
558.9268257425742 5.441953378626061e-21
559.0255882088209 5.441118828379636e-21
559.1243506750675 5.44028453131328e-21
559.2231131413141 5.439450487313301e-21
559.3218756075607 5.438616696266067e-21
559.4206380738074 5.4377831580580235e-21
559.519400540054 5.4369498725756666e-21
559.6181630063006 5.436116839705576e-21
559.7169254725472 5.435284059334386e-21
559.8156879387939 5.434451531348803e-21
559.9144504050405 5.4336192556356e-21
560.0132128712871 5.432787232081616e-21
560.1119753375337 5.431955460573754e-21
560.2107378037804 5.431123940998989e-21
560.309500270027 5.4302926732443595e-21
560.4082627362736 5.42946165719697e-21
560.5070252025203 5.428630892743988e-21
560.6057876687669 5.427800379772656e-21
560.7045501350135 5.426970118170276e-21
560.8033126012601 5.426140107824219e-21
560.9020750675068 5.425310348621919e-21
561.0008375337534 5.424480840450883e-21
561.0996 5.423651583198674e-21
561.1983624662466 5.422822576752931e-21
561.2971249324933 5.4219938210013505e-21
561.3958873987399 5.4211653158317045e-21
561.4946498649865 5.420337061131822e-21
561.5934123312331 5.419509056789602e-21
561.6921747974798 5.41868130269301e-21
561.7909372637264 5.417853798730074e-21
561.889699729973 5.4170265447888915e-21
561.9884621962196 5.416199540757622e-21
562.0872246624663 5.415372786524494e-21
562.1859871287129 5.414546281977799e-21
562.2847495949595 5.413720027005897e-21
562.3835120612061 5.412894021497211e-21
562.4822745274528 5.412068265340229e-21
562.5810369936994 5.411242758423505e-21
562.679799459946 5.410417500635663e-21
562.7785619261927 5.409592491865382e-21
562.8773243924393 5.408767732001416e-21
562.9760868586859 5.407943220932581e-21
563.0748493249325 5.407118958547756e-21
563.1736117911792 5.406294944735887e-21
563.2723742574258 5.405471179385987e-21
563.3711367236724 5.4046476623871304e-21
563.469899189919 5.403824393628456e-21
563.5686616561657 5.4030013729991734e-21
563.6674241224123 5.4021786003885505e-21
563.7661865886589 5.4013560756859254e-21
563.8649490549055 5.400533798780696e-21
563.9637115211522 5.399711769562329e-21
564.0624739873988 5.398889987920354e-21
564.1612364536454 5.398068453744364e-21
564.259998919892 5.39724716692402e-21
564.3587613861387 5.396426127349042e-21
564.4575238523853 5.395605334909223e-21
564.5562863186318 5.394784789494414e-21
564.6550487848784 5.393964490994529e-21
564.7538112511251 5.393144439299553e-21
564.8525737173717 5.392324634299531e-21
564.9513361836183 5.3915050758845694e-21
565.0500986498649 5.3906857639448454e-21
565.1488611161116 5.3898666983705975e-21
565.2476235823582 5.3890478790521274e-21
565.3463860486048 5.388229305879802e-21
565.4451485148514 5.387410978744052e-21
565.5439109810981 5.386592897535372e-21
565.6426734473447 5.385775062144319e-21
565.7414359135913 5.384957472461518e-21
565.840198379838 5.384140128377655e-21
565.9389608460846 5.3833230297834784e-21
566.0377233123312 5.382506176569803e-21
566.1364857785778 5.381689568627505e-21
566.2352482448244 5.380873205847529e-21
566.3340107110711 5.3800570881208786e-21
566.4327731773177 5.379241215338622e-21
566.5315356435643 5.3784255873918924e-21
566.630298109811 5.3776102041718835e-21
566.7290605760576 5.376795065569855e-21
566.8278230423042 5.375980171477131e-21
566.9265855085508 5.375165521785094e-21
567.0253479747975 5.374351116385197e-21
567.1241104410441 5.3735369551689524e-21
567.2228729072907 5.3727230380279294e-21
567.3216353735373 5.371909364853775e-21
567.420397839784 5.371095935538187e-21
567.5191603060306 5.370282749972932e-21
567.6179227722772 5.369469808049838e-21
567.7166852385238 5.368657109660796e-21
567.8154477047705 5.367844654697758e-21
567.9142101710171 5.367032443052745e-21
568.0129726372637 5.366220474617832e-21
568.1117351035103 5.365408749285166e-21
568.210497569757 5.364597266946951e-21
568.3092600360036 5.3637860274954555e-21
568.4080225022502 5.362975030823009e-21
568.5067849684968 5.362164276822007e-21
568.6055474347435 5.361353765384904e-21
568.7043099009901 5.36054349640422e-21
568.8030723672367 5.3597334697725375e-21
568.9018348334833 5.358923685382495e-21
569.00059729973 5.358114143126805e-21
569.0993597659766 5.357304842898231e-21
569.1981222322232 5.3564957845896064e-21
569.2968846984699 5.3556869680938245e-21
569.3956471647165 5.354878393303839e-21
569.4944096309631 5.354070060112669e-21
569.5931720972097 5.353261968413394e-21
569.6919345634564 5.352454118099154e-21
569.790697029703 5.351646509063156e-21
569.8894594959496 5.350839141198663e-21
569.9882219621962 5.3500320143990046e-21
570.0869844284429 5.3492251285575695e-21
570.1857468946895 5.348418483567812e-21
570.2845093609361 5.347612079323241e-21
570.3832718271827 5.346805915717438e-21
570.4820342934294 5.345999992644033e-21
570.580796759676 5.345194309996731e-21
570.6795592259226 5.344388867669288e-21
570.7783216921692 5.3435836655555305e-21
570.8770841584159 5.34277870354934e-21
570.9758466246625 5.34197398154466e-21
571.0746090909091 5.3411694994355015e-21
571.1733715571557 5.340365257115927e-21
571.2721340234024 5.339561254480072e-21
571.370896489649 5.338757491422122e-21
571.4696589558956 5.3379539678363336e-21
571.5684214221423 5.3371506836170184e-21
571.6671838883889 5.3363476386585516e-21
571.7659463546355 5.335544832855372e-21
571.8647088208821 5.3347422661019716e-21
571.9634712871288 5.333939938292911e-21
572.0622337533754 5.33313784932281e-21
572.160996219622 5.332335999086349e-21
572.2597586858686 5.331534387478268e-21
572.3585211521153 5.3307330143933705e-21
572.4572836183619 5.329931879726519e-21
572.5560460846085 5.3291309833726384e-21
572.6548085508551 5.328330325226713e-21
572.7535710171018 5.327529905183786e-21
572.8523334833484 5.326729723138967e-21
572.9510959495949 5.3259297789874236e-21
573.0498584158415 5.325130072624379e-21
573.1486208820882 5.324330603945124e-21
573.2473833483348 5.32353137284501e-21
573.3461458145814 5.322732379219441e-21
573.444908280828 5.321933622963886e-21
573.5436707470747 5.32113510397388e-21
573.6424332133213 5.320336822145013e-21
573.7411956795679 5.31953877737293e-21
573.8399581458145 5.3187409695533495e-21
573.9387206120612 5.3179433985820385e-21
574.0374830783078 5.31714606435483e-21
574.1362455445544 5.316348966767613e-21
574.235008010801 5.315552105716342e-21
574.3337704770477 5.314755481097029e-21
574.4325329432943 5.313959092805743e-21
574.5312954095409 5.3131629407386195e-21
574.6300578757875 5.312367024791846e-21
574.7288203420342 5.311571344861678e-21
574.8275828082808 5.3107759008444264e-21
574.9263452745274 5.30998069263646e-21
575.025107740774 5.3091857201342136e-21
575.1238702070207 5.308390983234173e-21
575.2226326732673 5.307596481832895e-21
575.3213951395139 5.306802215826987e-21
575.4201576057606 5.306008185113118e-21
575.5189200720072 5.305214389588016e-21
575.6176825382538 5.304420829148476e-21
575.7164450045004 5.303627503691337e-21
575.815207470747 5.302834413113516e-21
575.9139699369937 5.3020415573119745e-21
576.0127324032403 5.3012489361837414e-21
576.1114948694869 5.300456549625903e-21
576.2102573357336 5.299664397535601e-21
576.3090198019802 5.298872479810044e-21
576.4077822682268 5.298080796346494e-21
576.5065447344734 5.297289347042272e-21
576.6053072007201 5.296498131794764e-21
576.7040696669667 5.295707150501406e-21
576.8028321332133 5.294916403059703e-21
576.9015945994599 5.2941258893672064e-21
577.0003570657066 5.293335609321542e-21
577.0991195319532 5.292545562820381e-21
577.1978819981998 5.291755749761465e-21
577.2966444644464 5.2909661700425815e-21
577.3954069306931 5.290176823561587e-21
577.4941693969397 5.289387710216393e-21
577.5929318631863 5.288598829904971e-21
577.691694329433 5.287810182525348e-21
577.7904567956796 5.2870217679756156e-21
577.8892192619262 5.286233586153916e-21
577.9879817281728 5.2854456369584556e-21
578.0867441944195 5.284657920287498e-21
578.1855066606661 5.283870436039365e-21
578.2842691269127 5.2830831841124375e-21
578.3830315931593 5.282296164405154e-21
578.481794059406 5.28150937681601e-21
578.5805565256526 5.280722821243562e-21
578.6793189918992 5.2799364975864205e-21
578.7780814581458 5.279150405743262e-21
578.8768439243925 5.278364545612815e-21
578.9756063906391 5.277578917093864e-21
579.0743688568857 5.276793520085257e-21
579.1731313231323 5.2760083544858994e-21
579.271893789379 5.27522342019475e-21
579.3706562556256 5.274438717110832e-21
579.4694187218722 5.273654245133221e-21
579.5681811881188 5.2728700041610534e-21
579.6669436543655 5.2720859940935235e-21
579.7657061206121 5.271302214829881e-21
579.8644685868587 5.2705186662694365e-21
579.9632310531053 5.269735348311555e-21
580.061993519352 5.268952260855662e-21
580.1607559855986 5.26816940380124e-21
580.2595184518452 5.267386777047827e-21
580.3582809180919 5.2666043804950216e-21
580.4570433843385 5.2658222140424785e-21
580.5558058505851 5.26504027758991e-21
580.6545683168317 5.264258571037084e-21
580.7533307830784 5.2634770942838285e-21
580.852093249325 5.262695847230027e-21
580.9508557155716 5.261914829775622e-21
581.0496181818182 5.261134041820612e-21
581.1483806480649 5.260353483265052e-21
581.2471431143115 5.259573154009058e-21
581.345905580558 5.258793053952798e-21
581.4446680468046 5.258013182996501e-21
581.5434305130512 5.2572335410404495e-21
581.6421929792979 5.256454127984985e-21
581.7409554455445 5.25567494373051e-21
581.8397179117911 5.254895988177473e-21
581.9384803780378 5.254117261226394e-21
582.0372428442844 5.253338762777837e-21
582.136005310531 5.25256049273243e-21
582.2347677767776 5.251782450990855e-21
582.3335302430243 5.251004637453852e-21
582.4322927092709 5.250227052022217e-21
582.5310551755175 5.249449694596802e-21
582.6298176417641 5.248672565078518e-21
582.7285801080108 5.247895663368334e-21
582.8273425742574 5.247118989367267e-21
582.926105040504 5.246342542976396e-21
583.0248675067506 5.245566324096862e-21
583.1236299729973 5.244790332629855e-21
583.2223924392439 5.2440145684766214e-21
583.3211549054905 5.243239031538467e-21
583.4199173717371 5.242463721716752e-21
583.5186798379838 5.241688638912896e-21
583.6174423042304 5.240913783028373e-21
583.716204770477 5.2401391539647076e-21
583.8149672367236 5.2393647516234914e-21
583.9137297029703 5.238590575906363e-21
584.0124921692169 5.237816626715022e-21
584.1112546354635 5.237042903951221e-21
584.2100171017102 5.236269407516773e-21
584.3087795679568 5.2354961373135404e-21
584.4075420342034 5.2347230932434475e-21
584.50630450045 5.233950275208472e-21
584.6050669666967 5.233177683110646e-21
584.7038294329433 5.232405316852062e-21
584.8025918991899 5.231633176334861e-21
584.9013543654365 5.230861261461247e-21
585.0001168316832 5.2300895721334764e-21
585.0988792979298 5.22931810825386e-21
585.1976417641764 5.228546869724766e-21
585.296404230423 5.227775856448619e-21
585.3951666966697 5.2270050683278964e-21
585.4939291629163 5.226234505265135e-21
585.5926916291629 5.22546416716292e-21
585.6914540954095 5.2246940539238994e-21
585.7902165616562 5.223924165450774e-21
585.8889790279028 5.2231545016463034e-21
585.9877414941494 5.222385062413292e-21
586.086503960396 5.221615847654611e-21
586.1852664266427 5.22084685727318e-21
586.2840288928893 5.2200780911719745e-21
586.3827913591359 5.21930954925403e-21
586.4815538253825 5.2185412314224304e-21
586.5803162916292 5.21777313758032e-21
586.6790787578758 5.2170052676308956e-21
586.7778412241224 5.21623762147741e-21
586.876603690369 5.215470199023168e-21
586.9753661566157 5.214703000171534e-21
587.0741286228623 5.2139360248259245e-21
587.1728910891089 5.213169272889808e-21
587.2716535553556 5.2124027442667165e-21
587.3704160216022 5.211636438860227e-21
587.4691784878488 5.2108703565739775e-21
587.5679409540954 5.2101044973116574e-21
587.6667034203421 5.209338860977012e-21
587.7654658865887 5.20857344747384e-21
587.8642283528353 5.2078082567060015e-21
587.9629908190819 5.207043288577399e-21
588.0617532853286 5.2062785429919984e-21
588.1605157515752 5.2055140198538185e-21
588.2592782178218 5.20474971906693e-21
588.3580406840684 5.203985640535459e-21
588.4568031503151 5.20322178416359e-21
588.5555656165617 5.202458149855555e-21
588.6543280828083 5.2016947375156466e-21
588.753090549055 5.200931547048205e-21
588.8518530153016 5.200168578357629e-21
588.9506154815482 5.199405831348372e-21
589.0493779477948 5.19864330592494e-21
589.1481404140414 5.197881001991892e-21
589.2469028802881 5.197118919453845e-21
589.3456653465347 5.196357058215467e-21
589.4444278127813 5.1955954181814766e-21
589.543190279028 5.194833999256653e-21
589.6419527452746 5.194072801345825e-21
589.7407152115212 5.1933118243538785e-21
589.8394776777677 5.192551068185748e-21
589.9382401440143 5.1917905327464294e-21
590.037002610261 5.1910302179409635e-21
590.1357650765076 5.190270123674455e-21
590.2345275427542 5.1895102498520474e-21
590.3332900090008 5.188750596378954e-21
590.4320524752475 5.187991163160432e-21
590.5308149414941 5.1872319501017975e-21
590.6295774077407 5.186472957108415e-21
590.7283398739874 5.1857141840857035e-21
590.827102340234 5.184955630939141e-21
590.9258648064806 5.184197297574252e-21
591.0246272727272 5.183439183896616e-21
591.1233897389739 5.1826812898118665e-21
591.2221522052205 5.1819236152256934e-21
591.3209146714671 5.181166160043838e-21
591.4196771377137 5.18040892417209e-21
591.5184396039604 5.179651907516297e-21
591.617202070207 5.178895109982362e-21
591.7159645364536 5.1781385314762355e-21
591.8147270027002 5.177382171903923e-21
591.9134894689469 5.176626031171485e-21
592.0122519351935 5.175870109185034e-21
592.1110144014401 5.1751144058507326e-21
592.2097768676867 5.174358921074801e-21
592.3085393339334 5.17360365476351e-21
592.40730180018 5.1728486068231816e-21
592.5060642664266 5.172093777160195e-21
592.6048267326732 5.1713391656809785e-21
592.7035891989199 5.1705847722920115e-21
592.8023516651665 5.169830596899833e-21
592.9011141314131 5.169076639411027e-21
592.9998765976597 5.1683228997322354e-21
593.0986390639064 5.167569377770149e-21
593.197401530153 5.166816073431517e-21
593.2961639963996 5.166062986623131e-21
593.3949264626463 5.1653101172518475e-21
593.4936889288929 5.164557465224564e-21
593.5924513951395 5.1638050304482396e-21
593.6912138613861 5.163052812829878e-21
593.7899763276328 5.16230081227654e-21
593.8887387938794 5.16154902869534e-21
593.987501260126 5.160797461993441e-21
594.0862637263726 5.160046112078056e-21
594.1850261926193 5.15929497885646e-21
594.2837886588659 5.158544062235969e-21
594.3825511251125 5.157793362123958e-21
594.4813135913591 5.157042878427851e-21
594.5800760576058 5.156292611055126e-21
594.6788385238524 5.155542559913313e-21
594.777600990099 5.154792724909992e-21
594.8763634563456 5.154043105952797e-21
594.9751259225923 5.1532937029494086e-21
595.0738883888389 5.152544515807568e-21
595.1726508550855 5.151795544435066e-21
595.2714133213321 5.1510467887397366e-21
595.3701757875788 5.150298248629476e-21
595.4689382538254 5.14954992401223e-21
595.567700720072 5.1488018147959905e-21
595.6664631863187 5.148053920888805e-21
595.7652256525653 5.1473062421987724e-21
595.8639881188119 5.1465587786340464e-21
595.9627505850585 5.145811530102826e-21
596.0615130513052 5.145064496513368e-21
596.1602755175518 5.144317677773973e-21
596.2590379837984 5.1435710737929985e-21
596.357800450045 5.1428246844788544e-21
596.4565629162917 5.142078509739998e-21
596.5553253825383 5.1413325494849426e-21
596.6540878487849 5.140586803622246e-21
596.7528503150315 5.139841272060525e-21
596.8516127812782 5.1390959547084434e-21
596.9503752475248 5.1383508514747155e-21
597.0491377137714 5.1376059622681055e-21
597.147900180018 5.136861286997436e-21
597.2466626462647 5.1361168255715735e-21
597.3454251125113 5.1353725778994405e-21
597.4441875787579 5.1346285438900025e-21
597.5429500450045 5.133884723452288e-21
597.6417125112512 5.133141116495365e-21
597.7404749774978 5.13239772292836e-21
597.8392374437444 5.1316545426604455e-21
597.937999909991 5.13091157560085e-21
598.0367623762377 5.1301688216588495e-21
598.1355248424843 5.1294262807437665e-21
598.2342873087308 5.128683952764985e-21
598.3330497749774 5.127941837631931e-21
598.4318122412241 5.127199935254082e-21
598.5305747074707 5.1264582455409695e-21
598.6293371737173 5.1257167684021736e-21
598.728099639964 5.124975503747327e-21
598.8268621062106 5.124234451486107e-21
598.9256245724572 5.123493611528253e-21
599.0243870387038 5.122752983783541e-21
599.1231495049504 5.122012568161805e-21
599.2219119711971 5.12127236457293e-21
599.3206744374437 5.120532372926849e-21
599.4194369036903 5.1197925931335456e-21
599.518199369937 5.119053025103056e-21
599.6169618361836 5.118313668745461e-21
599.7157243024302 5.117574523970899e-21
599.8144867686768 5.1168355906895525e-21
599.9132492349235 5.116096868811657e-21
600.0120117011701 5.1153583582475e-21
600.1107741674167 5.114620058907412e-21
600.2095366336633 5.113881970701785e-21
600.30829909991 5.113144093541049e-21
600.4070615661566 5.112406427335691e-21
600.5058240324032 5.1116689719962465e-21
600.6045864986498 5.110931727433299e-21
600.7033489648965 5.110194693557487e-21
600.8021114311431 5.109457870279491e-21
600.9008738973897 5.108721257510049e-21
600.9996363636363 5.107984855159945e-21
601.098398829883 5.107248663140012e-21
601.1971612961296 5.1065126813611326e-21
601.2959237623762 5.1057769097342444e-21
601.3946862286228 5.105041348170327e-21
601.4934486948695 5.104305996580415e-21
601.5922111611161 5.103570854875591e-21
601.6909736273627 5.102835922966985e-21
601.7897360936093 5.10210120076578e-21
601.888498559856 5.1013666881832054e-21
601.9872610261026 5.100632385130545e-21
602.0860234923492 5.099898291519124e-21
602.1847859585959 5.099164407260325e-21
602.2835484248425 5.09843073226557e-21
602.3823108910891 5.097697266446346e-21
602.4810733573357 5.096964009714175e-21
602.5798358235824 5.09623096198063e-21
602.678598289829 5.095498123157343e-21
602.7773607560756 5.094765493155983e-21
602.8761232223222 5.0940330718882795e-21
602.9748856885689 5.0933008592659985e-21
603.0736481548155 5.092568855200967e-21
603.1724106210621 5.091837059605051e-21
603.2711730873087 5.091105472390176e-21
603.3699355535554 5.090374093468306e-21
603.468698019802 5.089642922751461e-21
603.5674604860486 5.088911960151707e-21
603.6662229522952 5.08818120558116e-21
603.7649854185419 5.087450658951983e-21
603.8637478847885 5.086720320176391e-21
603.9625103510351 5.085990189166644e-21
604.0612728172817 5.085260265835054e-21
604.1600352835284 5.084530550093979e-21
604.258797749775 5.0838010418558284e-21
604.3575602160216 5.083071741033056e-21
604.4563226822683 5.08234264753817e-21
604.5550851485149 5.081613761283722e-21
604.6538476147615 5.0808850821823164e-21
604.7526100810081 5.080156610146602e-21
604.8513725472548 5.0794283450892765e-21
604.9501350135014 5.078700286923093e-21
605.048897479748 5.0779724355608406e-21
605.1476599459946 5.077244790915368e-21
605.2464224122413 5.076517352899567e-21
605.3451848784879 5.075790121426378e-21
605.4439473447345 5.075063096408792e-21
605.5427098109811 5.074336277759844e-21
605.6414722772278 5.073609665392622e-21
605.7402347434744 5.0728832592202585e-21
605.838997209721 5.072157059155935e-21
605.9377596759676 5.071431065112881e-21
606.0365221422143 5.070705277004377e-21
606.1352846084609 5.069979694743747e-21
606.2340470747075 5.0692543182443685e-21
606.3328095409541 5.06852914741966e-21
606.4315720072008 5.067804182183092e-21
606.5303344734474 5.067079422448185e-21
606.629096939694 5.0663548681285e-21
606.7278594059405 5.065630519137658e-21
606.8266218721872 5.064906375389315e-21
606.9253843384338 5.0641824367971785e-21
607.0241468046804 5.0634587032750126e-21
607.122909270927 5.062735174736614e-21
607.2216717371737 5.062011851095841e-21
607.3204342034203 5.061288732266591e-21
607.4191966696669 5.06056581816281e-21
607.5179591359135 5.059843108698499e-21
607.6167216021602 5.0591206037876955e-21
607.7154840684068 5.058398303344491e-21
607.8142465346534 5.057676207283024e-21
607.9130090009 5.056954315517481e-21
608.0117714671467 5.056232627962091e-21
608.1105339333933 5.055511144531136e-21
608.2092963996399 5.054789865138944e-21
608.3080588658866 5.0540687896998876e-21
608.4068213321332 5.05334791812839e-21
608.5055837983798 5.052627250338922e-21
608.6043462646264 5.0519067862459985e-21
608.703108730873 5.05118652576418e-21
608.8018711971197 5.0504664688080826e-21
608.9006336633663 5.049746615292361e-21
608.9993961296129 5.049026965131723e-21
609.0981585958596 5.048307518240917e-21
609.1969210621062 5.047588274534744e-21
609.2956835283528 5.04686923392805e-21
609.3944459945994 5.0461503963357275e-21
609.4932084608461 5.0454317616727186e-21
609.5919709270927 5.044713329854006e-21
609.6907333933393 5.043995100794629e-21
609.7894958595859 5.0432770744096635e-21
609.8882583258326 5.042559250614238e-21
609.9870207920792 5.041841629323528e-21
610.0857832583258 5.041124210452754e-21
610.1845457245724 5.040406993917184e-21
610.2833081908191 5.03968997963213e-21
610.3820706570657 5.038973167512956e-21
610.4808331233123 5.0382565574750684e-21
610.579595589559 5.037540149433921e-21
610.6783580558056 5.0368239433050144e-21
610.7771205220522 5.0361079390038975e-21
610.8758829882988 5.035392136446162e-21
610.9746454545455 5.034676535547449e-21
611.0734079207921 5.0339611362234445e-21
611.1721703870387 5.033245938389883e-21
611.2709328532853 5.0325309419625424e-21
611.369695319532 5.031816146857249e-21
611.4684577857786 5.0311015529898756e-21
611.5672202520252 5.030387160276339e-21
611.6659827182718 5.0296729686326046e-21
611.7647451845185 5.028958977974684e-21
611.8635076507651 5.028245188218634e-21
611.9622701170117 5.027531599280557e-21
612.0610325832583 5.0268182110766e-21
612.159795049505 5.0261050235229626e-21
612.2585575157516 5.025392036535882e-21
612.3573199819982 5.024679250031648e-21
612.4560824482448 5.023966663926595e-21
612.5548449144915 5.023254278137101e-21
612.6536073807381 5.0225420925795894e-21
612.7523698469847 5.021830107170535e-21
612.8511323132313 5.021118321826452e-21
612.949894779478 5.020406736463904e-21
613.0486572457246 5.0196953509995006e-21
613.1474197119712 5.0189841653498944e-21
613.2461821782179 5.018273179431788e-21
613.3449446444645 5.0175623931619245e-21
613.4437071107111 5.016851806457097e-21
613.5424695769577 5.016141419234142e-21
613.6412320432044 5.015431231409945e-21
613.739994509451 5.014721242901431e-21
613.8387569756976 5.0140114536255775e-21
613.9375194419442 5.013301863499399e-21
614.0362819081909 5.012592472439964e-21
614.1350443744375 5.0118832803643834e-21
614.2338068406841 5.011174287189813e-21
614.3325693069307 5.0104654928334496e-21
614.4313317731774 5.009756897212549e-21
614.530094239424 5.009048500244393e-21
614.6288567056706 5.008340301846325e-21
614.7276191719172 5.0076323019357254e-21
614.8263816381639 5.006924500430024e-21
614.9251441044105 5.0062168972466946e-21
615.0239065706571 5.00550949230325e-21
615.1226690369036 5.004802285517262e-21
615.2214315031503 5.004095276806331e-21
615.3201939693969 5.003388466088117e-21
615.4189564356435 5.002681853280312e-21
615.5177189018901 5.001975438300667e-21
615.6164813681368 5.001269221066967e-21
615.7152438343834 5.000563201497047e-21
615.81400630063 4.9998573795087844e-21
615.9127687668766 4.999151755020104e-21
616.0115312331233 4.998446327948974e-21
616.1102936993699 4.99774109821341e-21
616.2090561656165 4.997036065731464e-21
616.3078186318631 4.996331230421244e-21
616.4065810981098 4.9956265922008966e-21
616.5053435643564 4.994922150988616e-21
616.604106030603 4.994217906702637e-21
616.7028684968496 4.993513859261242e-21
616.8016309630963 4.992810008582759e-21
616.9003934293429 4.992106354585558e-21
616.9991558955895 4.991402897188056e-21
617.0979183618362 4.99069963630871e-21
617.1966808280828 4.989996571866029e-21
617.2954432943294 4.989293703778558e-21
617.394205760576 4.988591031964895e-21
617.4929682268227 4.9878885563436776e-21
617.5917306930693 4.9871862768335844e-21
617.6904931593159 4.986484193353346e-21
617.7892556255625 4.985782305821734e-21
617.8880180918092 4.985080614157562e-21
617.9867805580558 4.9843791182796934e-21
618.0855430243024 4.983677818107029e-21
618.184305490549 4.9829767135585175e-21
618.2830679567957 4.982275804553155e-21
618.3818304230423 4.981575091009974e-21
618.4805928892889 4.9808745728480564e-21
618.5793553555355 4.98017424998653e-21
618.6781178217822 4.979474122344561e-21
618.7768802880288 4.978774189841364e-21
618.8756427542754 4.9780744523961966e-21
618.974405220522 4.977374909928359e-21
619.0731676867687 4.9766755623571954e-21
619.1719301530153 4.9759764096020985e-21
619.2706926192619 4.975277451582499e-21
619.3694550855085 4.974578688217872e-21
619.4682175517552 4.973880119427742e-21
619.5669800180018 4.9731817451316715e-21
619.6657424842484 4.972483565249271e-21
619.764504950495 4.9717855797001865e-21
619.8632674167417 4.9710877884041205e-21
619.9620298829883 4.970390191280811e-21
620.0607923492349 4.969692788250039e-21
620.1595548154816 4.968995579231632e-21
620.2583172817282 4.96829856414546e-21
620.3570797479748 4.9676017429114405e-21
620.4558422142214 4.966905115449528e-21
620.5546046804681 4.9662086816797234e-21
620.6533671467147 4.965512441522074e-21
620.7521296129613 4.9648163948966624e-21
620.8508920792079 4.9641205417236266e-21
620.9496545454546 4.9634248819231384e-21
621.0484170117012 4.962729415415416e-21
621.1471794779478 4.962034142120721e-21
621.2459419441944 4.961339061959358e-21
621.3447044104411 4.960644174851676e-21
621.4434668766877 4.959949480718066e-21
621.5422293429343 4.959254979478963e-21
621.640991809181 4.9585606710548464e-21
621.7397542754276 4.957866555366235e-21
621.8385167416742 4.9571726323336935e-21
621.9372792079208 4.956478901877831e-21
622.0360416741674 4.955785363919295e-21
622.1348041404141 4.95509201837878e-21
622.2335666066607 4.954398865177025e-21
622.3323290729073 4.953705904234808e-21
622.431091539154 4.953013135472949e-21
622.5298540054006 4.9523205588123165e-21
622.6286164716472 4.9516281741738184e-21
622.7273789378938 4.950935981478407e-21
622.8261414041405 4.950243980647072e-21
622.9249038703871 4.949552171600856e-21
623.0236663366337 4.948860554260836e-21
623.1224288028803 4.9481691285481326e-21
623.221191269127 4.947477894383914e-21
623.3199537353736 4.946786851689389e-21
623.4187162016202 4.946096000385805e-21
623.5174786678667 4.945405340394459e-21
623.6162411341134 4.944714871636682e-21
623.71500360036 4.944024594033856e-21
623.8137660666066 4.943334507507403e-21
623.9125285328532 4.942644611978784e-21
624.0112909990999 4.9419549073695075e-21
624.1100534653465 4.94126539360112e-21
624.2088159315931 4.9405760705952145e-21
624.3075783978397 4.9398869382734234e-21
624.4063408640864 4.9391979965574236e-21
624.505103330333 4.938509245368931e-21
624.6038657965796 4.937820684629711e-21
624.7026282628262 4.937132314261563e-21
624.8013907290729 4.936444134186333e-21
624.9001531953195 4.935756144325908e-21
624.9989156615661 4.935068344602218e-21
625.0976781278127 4.9343807349372364e-21
625.1964405940594 4.933693315252979e-21
625.295203060306 4.933006085471497e-21
625.3939655265526 4.932319045514892e-21
625.4927279927992 4.931632195305303e-21
625.5914904590459 4.930945534764915e-21
625.6902529252925 4.930259063815951e-21
625.7890153915391 4.9295727823806796e-21
625.8877778577857 4.928886690381407e-21
625.9865403240324 4.928200787740485e-21
626.085302790279 4.927515074380304e-21
626.1840652565256 4.926829550223302e-21
626.2828277227723 4.926144215191952e-21
626.3815901890189 4.925459069208775e-21
626.4803526552655 4.924774112196329e-21
626.5791151215121 4.924089344077217e-21
626.6778775877588 4.92340476477408e-21
626.7766400540054 4.9227203742096085e-21
626.875402520252 4.922036172306524e-21
626.9741649864986 4.921352158987596e-21
627.0729274527453 4.920668334175639e-21
627.1716899189919 4.919984697793499e-21
627.2704523852385 4.9193012497640725e-21
627.3692148514851 4.918617990010294e-21
627.4679773177318 4.917934918455141e-21
627.5667397839784 4.917252035021631e-21
627.665502250225 4.916569339632825e-21
627.7642647164716 4.91588683221182e-21
627.8630271827183 4.915204512681762e-21
627.9617896489649 4.914522380965835e-21
628.0605521152115 4.913840436987263e-21
628.1593145814581 4.913158680669311e-21
628.2580770477048 4.912477111935289e-21
628.3568395139514 4.911795730708547e-21
628.455601980198 4.911114536912471e-21
628.5543644464447 4.910433530470499e-21
628.6531269126913 4.909752711306099e-21
628.7518893789379 4.909072079342787e-21
628.8506518451845 4.908391634504119e-21
628.9494143114312 4.907711376713688e-21
629.0481767776778 4.907031305895134e-21
629.1469392439244 4.906351421972136e-21
629.245701710171 4.905671724868413e-21
629.3444641764177 4.904992214507726e-21
629.4432266426643 4.904312890813874e-21
629.5419891089109 4.9036337537107026e-21
629.6407515751575 4.902954803122095e-21
629.7395140414042 4.902276038971973e-21
629.8382765076508 4.901597461184303e-21
629.9370389738974 4.900919069683094e-21
630.035801440144 4.9002408643923905e-21
630.1345639063907 4.89956284523628e-21
630.2333263726373 4.89888501213889e-21
630.3320888388839 4.8982073650243894e-21
630.4308513051305 4.897529903816994e-21
630.5296137713772 4.896852628440948e-21
630.6283762376238 4.896175538820546e-21
630.7271387038704 4.895498634880119e-21
630.825901170117 4.894821916544039e-21
630.9246636363637 4.89414538373672e-21
631.0234261026103 4.893469036382614e-21
631.1221885688569 4.8927928744062174e-21
631.2209510351036 4.892116897732067e-21
631.3197135013502 4.8914411062847335e-21
631.4184759675968 4.8907654999888364e-21
631.5172384338434 4.890090078769027e-21
631.6160009000901 4.889414842550005e-21
631.7147633663367 4.888739791256508e-21
631.8135258325833 4.888064924813315e-21
631.9122882988298 4.887390243145236e-21
632.0110507650764 4.886715746177137e-21
632.1098132313231 4.886041433833911e-21
632.2085756975697 4.885367306040498e-21
632.3073381638163 4.884693362721879e-21
632.406100630063 4.884019603803066e-21
632.5048630963096 4.883346029209127e-21
632.6036255625562 4.882672638865154e-21
632.7023880288028 4.881999432696289e-21
632.8011504950495 4.8813264106277106e-21
632.8999129612961 4.8806535725846374e-21
632.9986754275427 4.8799809184923325e-21
633.0974378937893 4.8793084482760885e-21
633.196200360036 4.8786361618612494e-21
633.2949628262826 4.8779640591731944e-21
633.3937252925292 4.877292140137341e-21
633.4924877587758 4.876620404679149e-21
633.5912502250225 4.875948852724117e-21
633.6900126912691 4.875277484197785e-21
633.7887751575157 4.874606299025728e-21
633.8875376237623 4.873935297133568e-21
633.986300090009 4.8732644784469645e-21
634.0850625562556 4.872593842891609e-21
634.1838250225022 4.871923390393245e-21
634.2825874887488 4.871253120877647e-21
634.3813499549955 4.870583034270631e-21
634.4801124212421 4.8699131304980564e-21
634.5788748874887 4.8692434094858185e-21
634.6776373537353 4.86857387115985e-21
634.776399819982 4.867904515446132e-21
634.8751622862286 4.867235342270674e-21
634.9739247524752 4.866566351559533e-21
635.0726872187219 4.865897543238801e-21
635.1714496849685 4.865228917234612e-21
635.2702121512151 4.864560473473141e-21
635.3689746174617 4.863892211880597e-21
635.4677370837084 4.863224132383232e-21
635.566499549955 4.862556234907338e-21
635.6652620162016 4.861888519379242e-21
635.7640244824482 4.861220985725318e-21
635.8627869486949 4.860553633871973e-21
635.9615494149415 4.859886463745652e-21
636.0603118811881 4.8592194752728455e-21
636.1590743474347 4.858552668380078e-21
636.2578368136814 4.857886042993917e-21
636.356599279928 4.8572195990409646e-21
636.4553617461746 4.856553336447866e-21
636.5541242124212 4.855887255141302e-21
636.6528866786679 4.855221355048e-21
636.7516491449145 4.854555636094713e-21
636.8504116111611 4.853890098208249e-21
636.9491740774077 4.85322474131544e-21
637.0479365436544 4.852559565343168e-21
637.146699009901 4.8518945702183484e-21
637.2454614761476 4.851229755867936e-21
637.3442239423943 4.8505651222189286e-21
637.4429864086409 4.849900669198357e-21
637.5417488748875 4.849236396733294e-21
637.6405113411341 4.848572304750851e-21
637.7392738073808 4.8479083931781784e-21
637.8380362736274 4.847244661942462e-21
637.936798739874 4.846581110970935e-21
638.0355612061206 4.8459177401908566e-21
638.1343236723673 4.845254549529537e-21
638.2330861386139 4.844591538914317e-21
638.3318486048605 4.843928708272579e-21
638.4306110711071 4.8432660575317424e-21
638.5293735373538 4.842603586619268e-21
638.6281360036004 4.841941295462655e-21
638.726898469847 4.8412791839894375e-21
638.8256609360936 4.840617252127191e-21
638.9244234023403 4.839955499803527e-21
639.0231858685869 4.839293926946101e-21
639.1219483348335 4.8386325334826e-21
639.2207108010801 4.837971319340754e-21
639.3194732673268 4.837310284448329e-21
639.4182357335734 4.8366494287331325e-21
639.51699819982 4.835988752123008e-21
639.6157606660666 4.835328254545832e-21
639.7145231323133 4.8346679359295306e-21
639.8132855985599 4.834007796202061e-21
639.9120480648065 4.833347835291418e-21
640.0108105310532 4.8326880531256396e-21
640.1095729972998 4.832028449632797e-21
640.2083354635464 4.831369024741e-21
640.307097929793 4.830709778378401e-21
640.4058603960395 4.830050710473186e-21
640.5046228622862 4.82939182095358e-21
640.6033853285328 4.828733109747847e-21
640.7021477947794 4.828074576784287e-21
640.800910261026 4.827416221991244e-21
640.8996727272727 4.826758045297092e-21
640.9984351935193 4.8261000466302476e-21
641.0971976597659 4.825442225919164e-21
641.1959601260126 4.824784583092332e-21
641.2947225922592 4.824127118078282e-21
641.3934850585058 4.82346983080558e-21
641.4922475247524 4.8228127212028315e-21
641.591009990999 4.822155789198682e-21
641.6897724572457 4.821499034721808e-21
641.7885349234923 4.820842457700929e-21
641.8872973897389 4.8201860580648e-21
641.9860598559856 4.819529835742218e-21
642.0848223222322 4.818873790662011e-21
642.1835847884788 4.818217922753049e-21
642.2823472547254 4.817562231944241e-21
642.3811097209721 4.816906718164527e-21
642.4798721872187 4.816251381342893e-21
642.5786346534653 4.815596221408356e-21
642.6773971197119 4.814941238289972e-21
642.7761595859586 4.814286431916841e-21
642.8749220522052 4.8136318022180875e-21
642.9736845184518 4.812977349122887e-21
643.0724469846984 4.812323072560442e-21
643.1712094509451 4.81166897246e-21
643.2699719171917 4.811015048750841e-21
643.3687343834383 4.810361301362285e-21
643.467496849685 4.809707730223687e-21
643.5662593159316 4.809054335264442e-21
643.6650217821782 4.8084011164139796e-21
643.7637842484248 4.807748073601769e-21
643.8625467146715 4.807095206757316e-21
643.9613091809181 4.8064425158101624e-21
644.0600716471647 4.80579000068989e-21
644.1588341134113 4.805137661326114e-21
644.257596579658 4.804485497648487e-21
644.3563590459046 4.803833509586703e-21
644.4551215121512 4.803181697070491e-21
644.5538839783978 4.802530060029615e-21
644.6526464446445 4.8018785983938754e-21
644.7514089108911 4.801227312093117e-21
644.8501713771377 4.800576201057213e-21
644.9489338433843 4.799925265216078e-21
645.047696309631 4.799274504499661e-21
645.1464587758776 4.7986239188379514e-21
645.2452212421242 4.7979735081609716e-21
645.3439837083708 4.797323272398783e-21
645.4427461746175 4.796673211481488e-21
645.5415086408641 4.796023325339214e-21
645.6402711071107 4.795373613902138e-21
645.7390335733573 4.7947240771004676e-21
645.837796039604 4.794074714864447e-21
645.9365585058506 4.7934255271243585e-21
646.0353209720972 4.792776513810522e-21
646.1340834383439 4.792127674853292e-21
646.2328459045905 4.79147901018306e-21
646.3316083708371 4.790830519730257e-21
646.4303708370837 4.790182203425343e-21
646.5291333033304 4.789534061198826e-21
646.627895769577 4.7888860929812416e-21
646.7266582358236 4.788238298703165e-21
646.8254207020702 4.7875906782952086e-21
646.9241831683169 4.78694323168802e-21
647.0229456345635 4.786295958812281e-21
647.1217081008101 4.785648859598716e-21
647.2204705670567 4.785001933978082e-21
647.3192330333034 4.784355181881173e-21
647.41799549955 4.78370860323882e-21
647.5167579657966 4.783062197981885e-21
647.6155204320432 4.782415966041274e-21
647.7142828982899 4.781769907347927e-21
647.8130453645365 4.781124021832818e-21
647.9118078307831 4.780478309426959e-21
648.0105702970297 4.7798327700614e-21
648.1093327632764 4.779187403667223e-21
648.208095229523 4.778542210175549e-21
648.3068576957696 4.777897189517534e-21
648.4056201620162 4.777252341624371e-21
648.5043826282629 4.776607666427288e-21
648.6031450945095 4.775963163857552e-21
648.7019075607561 4.7753188338464625e-21
648.8006700270026 4.774674676325358e-21
648.8994324932493 4.774030691225611e-21
648.9981949594959 4.773386878478628e-21
649.0969574257425 4.772743238015856e-21
649.1957198919891 4.772099769768777e-21
649.2944823582358 4.771456473668906e-21
649.3932448244824 4.7708133496478e-21
649.492007290729 4.770170397637042e-21
649.5907697569756 4.76952761756826e-21
649.6895322232223 4.768885009373114e-21
649.7882946894689 4.768242572983301e-21
649.8870571557155 4.7676003083305516e-21
649.9858196219622 4.766958215346633e-21
650.0845820882088 4.766316293963352e-21
650.1833445544554 4.765674544112545e-21
650.282107020702 4.765032965726088e-21
650.3808694869487 4.764391558735893e-21
650.4796319531953 4.7637503230739056e-21
650.5783944194419 4.7631092586721046e-21
650.6771568856885 4.762468365462512e-21
650.7759193519352 4.761827643377179e-21
650.8746818181818 4.761187092348197e-21
650.9734442844284 4.760546712307685e-21
651.072206750675 4.7599065031878085e-21
651.1709692169217 4.759266464920759e-21
651.2697316831683 4.758626597438769e-21
651.3684941494149 4.757986900674105e-21
651.4672566156615 4.757347374559068e-21
651.5660190819082 4.7567080190259944e-21
651.6647815481548 4.756068834007258e-21
651.7635440144014 4.755429819435266e-21
651.862306480648 4.7547909752424625e-21
651.9610689468947 4.754152301361325e-21
652.0598314131413 4.7535137977243675e-21
652.1585938793879 4.752875464264139e-21
652.2573563456345 4.752237300913223e-21
652.3561188118812 4.751599307604241e-21
652.4548812781278 4.750961484269848e-21
652.5536437443744 4.75032383084273e-21
652.652406210621 4.749686347255616e-21
652.7511686768677 4.749049033441264e-21
652.8499311431143 4.74841188933247e-21
652.9486936093609 4.747774914862064e-21
653.0474560756076 4.747138109962914e-21
653.1462185418542 4.746501474567918e-21
653.2449810081008 4.745865008610011e-21
653.3437434743474 4.745228712022165e-21
653.4425059405941 4.7445925847373836e-21
653.5412684068407 4.743956626688711e-21
653.6400308730873 4.743320837809218e-21
653.7387933393339 4.742685218032018e-21
653.8375558055806 4.742049767290257e-21
653.9363182718272 4.74141448551711e-21
654.0350807380738 4.740779372645797e-21
654.1338432043204 4.740144428609565e-21
654.2326056705671 4.7395096533417005e-21
654.3313681368137 4.73887504677552e-21
654.4301306030603 4.73824060884438e-21
654.528893069307 4.737606339481666e-21
654.6276555355536 4.736972238620805e-21
654.7264180018002 4.7363383061952565e-21
654.8251804680468 4.735704542138509e-21
654.9239429342934 4.73507094638409e-21
655.0227054005401 4.734437518865564e-21
655.1214678667867 4.733804259516526e-21
655.2202303330333 4.7331711682706064e-21
655.31899279928 4.7325382450614754e-21
655.4177552655266 4.7319054898228285e-21
655.5165177317732 4.731272902488403e-21
655.6152801980198 4.730640482991967e-21
655.7140426642665 4.7300082312673256e-21
655.8128051305131 4.729376147248314e-21
655.9115675967597 4.728744230868808e-21
656.0103300630063 4.728112482062712e-21
656.109092529253 4.727480900763971e-21
656.2078549954996 4.726849486906556e-21
656.3066174617462 4.7262182404244806e-21
656.4053799279928 4.7255871612517886e-21
656.5041423942395 4.724956249322556e-21
656.6029048604861 4.724325504570898e-21
656.7016673267327 4.723694926930961e-21
656.8004297929793 4.723064516336928e-21
656.899192259226 4.722434272723013e-21
656.9979547254726 4.721804196023466e-21
657.0967171917192 4.72117428617257e-21
657.1954796579658 4.720544543104644e-21
657.2942421242124 4.719914966754041e-21
657.393004590459 4.719285557055146e-21
657.4917670567056 4.718656313942377e-21
657.5905295229522 4.718027237350192e-21
657.6892919891989 4.7173983272130784e-21
657.7880544554455 4.716769583465557e-21
657.8868169216921 4.716141006042186e-21
657.9855793879387 4.715512594877555e-21
658.0843418541854 4.7148843499062856e-21
658.183104320432 4.71425627106304e-21
658.2818667866786 4.71362835828251e-21
658.3806292529252 4.7130006114994185e-21
658.4793917191719 4.7123730306485274e-21
658.5781541854185 4.711745615664627e-21
658.6769166516651 4.711118366482551e-21
658.7756791179117 4.7104912830371524e-21
658.8744415841584 4.709864365263333e-21
658.973204050405 4.709237613096017e-21
659.0719665166516 4.70861102647017e-21
659.1707289828983 4.707984605320786e-21
659.2694914491449 4.707358349582897e-21
659.3682539153915 4.7067322591915634e-21
659.4670163816381 4.706106334081882e-21
659.5657788478848 4.705480574188987e-21
659.6645413141314 4.70485497944804e-21
659.763303780378 4.7042295497942394e-21
659.8620662466246 4.703604285162815e-21
659.9608287128713 4.702979185489033e-21
660.0595911791179 4.7023542507081936e-21
660.1583536453645 4.701729480755625e-21
660.2571161116111 4.701104875566695e-21
660.3558785778578 4.700480435076801e-21
660.4546410441044 4.699856159221376e-21
660.553403510351 4.699232047935887e-21
660.6521659765976 4.698608101155829e-21
660.7509284428443 4.6979843188167366e-21
660.8496909090909 4.697360700854177e-21
660.9484533753375 4.696737247203746e-21
661.0472158415841 4.696113957801077e-21
661.1459783078308 4.695490832581835e-21
661.2447407740774 4.694867871481721e-21
661.343503240324 4.6942450744364646e-21
661.4422657065707 4.693622441381831e-21
661.5410281728173 4.692999972253619e-21
661.6397906390639 4.692377666987662e-21
661.7385531053105 4.691755525519822e-21
661.8373155715572 4.691133547785998e-21
661.9360780378038 4.690511733722119e-21
662.0348405040504 4.689890083264151e-21
662.133602970297 4.689268596348091e-21
662.2323654365437 4.6886472729099686e-21
662.3311279027903 4.6880261128858476e-21
662.4298903690369 4.687405116211821e-21
662.5286528352835 4.686784282824023e-21
662.6274153015302 4.686163612658609e-21
662.7261777677768 4.68554310565178e-21
662.8249402340234 4.684922761739761e-21
662.92370270027 4.684302580858812e-21
663.0224651665167 4.683682562945227e-21
663.1212276327633 4.683062707935335e-21
663.2199900990099 4.682443015765491e-21
663.3187525652565 4.681823486372092e-21
663.4175150315032 4.681204119691557e-21
663.5162774977498 4.6805849156603496e-21
663.6150399639964 4.679965874214955e-21
663.713802430243 4.6793469952919e-21
663.8125648964897 4.678728278827737e-21
663.9113273627363 4.678109724759059e-21
664.0100898289829 4.677491333022482e-21
664.1088522952296 4.6768731035546615e-21
664.2076147614762 4.676255036292286e-21
664.3063772277228 4.6756371311720735e-21
664.4051396939694 4.675019388130772e-21
664.5039021602161 4.674401807105172e-21
664.6026646264627 4.673784388032085e-21
664.7014270927093 4.6731671308483605e-21
664.8001895589559 4.672550035490883e-21
664.8989520252026 4.6719331018965656e-21
664.9977144914492 4.671316330002354e-21
665.0964769576958 4.6706997197452275e-21
665.1952394239424 4.670083271062196e-21
665.2940018901891 4.669466983890307e-21
665.3927643564357 4.668850858166632e-21
665.4915268226823 4.6682348938282844e-21
665.590289288929 4.667619090812402e-21
665.6890517551755 4.6670034490561575e-21
665.7878142214221 4.666387968496759e-21
665.8865766876687 4.665772649071442e-21
665.9853391539153 4.665157490717475e-21
666.084101620162 4.664542493372165e-21
666.1828640864086 4.663927656972841e-21
666.2816265526552 4.663312981456874e-21
666.3803890189018 4.662698466761662e-21
666.4791514851485 4.662084112824633e-21
666.5779139513951 4.661469919583253e-21
666.6766764176417 4.660855886975015e-21
666.7754388838883 4.660242014937449e-21
666.874201350135 4.659628303408109e-21
666.9729638163816 4.659014752324593e-21
667.0717262826282 4.65840136162452e-21
667.1704887488748 4.657788131245547e-21
667.2692512151215 4.657175061125361e-21
667.3680136813681 4.65656215120168e-21
667.4667761476147 4.655949401412256e-21
667.5655386138613 4.655336811694873e-21
667.664301080108 4.6547243819873474e-21
667.7630635463546 4.654112112227521e-21
667.8618260126012 4.653500002353278e-21
667.9605884788479 4.6528880523025264e-21
668.0593509450945 4.652276262013209e-21
668.1581134113411 4.6516646314233e-21
668.2568758775877 4.651053160470806e-21
668.3556383438344 4.650441849093762e-21
668.454400810081 4.649830697230243e-21
668.5531632763276 4.649219704818346e-21
668.6519257425742 4.648608871796206e-21
668.7506882088209 4.647998198101985e-21
668.8494506750675 4.6473876836738814e-21
668.9482131413141 4.646777328450123e-21
669.0469756075607 4.6461671323689716e-21
669.1457380738074 4.645557095368714e-21
669.244500540054 4.644947217387673e-21
669.3432630063006 4.6443374983642086e-21
669.4420254725472 4.6437279382367005e-21
669.5407879387939 4.643118536943569e-21
669.6395504050405 4.6425092944232624e-21
669.7383128712871 4.641900210614261e-21
669.8370753375337 4.641291285455077e-21
669.9358378037804 4.640682518884252e-21
670.034600270027 4.640073910840362e-21
670.1333627362736 4.639465461262015e-21
670.2321252025203 4.638857170087846e-21
670.3308876687669 4.638249037256524e-21
670.4296501350135 4.637641062706749e-21
670.5284126012601 4.637033246377253e-21
670.6271750675068 4.636425588206799e-21
670.7259375337534 4.6358180881341796e-21
670.8247 4.635210746098222e-21
670.9234624662466 4.634603562037783e-21
671.0222249324933 4.633996535891749e-21
671.1209873987399 4.63338966759904e-21
671.2197498649865 4.6327829570986045e-21
671.3185123312331 4.632176404329425e-21
671.4172747974798 4.631570009230515e-21
671.5160372637264 4.630963771740917e-21
671.614799729973 4.630357691799704e-21
671.7135621962196 4.629751769345987e-21
671.8123246624663 4.6291460043188955e-21
671.9110871287129 4.6285403966576044e-21
672.0098495949595 4.627934946301308e-21
672.1086120612061 4.6273296531892405e-21
672.2073745274528 4.626724517260658e-21
672.3061369936994 4.6261195384548565e-21
672.404899459946 4.6255147167111554e-21
672.5036619261926 4.6249100519689105e-21
672.6024243924393 4.624305544167507e-21
672.7011868586859 4.62370119324636e-21
672.7999493249325 4.623096999144916e-21
672.8987117911792 4.622492961802651e-21
672.9974742574258 4.621889081159073e-21
673.0962367236724 4.621285357153723e-21
673.194999189919 4.62068178972617e-21
673.2937616561657 4.620078378816016e-21
673.3925241224123 4.61947512436289e-21
673.4912865886589 4.618872026306454e-21
673.5900490549055 4.6182690845864e-21
673.6888115211522 4.617666299142454e-21
673.7875739873988 4.617063669914371e-21
673.8863364536454 4.6164611968419325e-21
673.985098919892 4.6158588798649536e-21
674.0838613861386 4.615256718923285e-21
674.1826238523852 4.614654713956797e-21
674.2813863186318 4.614052864905403e-21
674.3801487848784 4.613451171709037e-21
674.478911251125 4.6128496343076675e-21
674.5776737173717 4.612248252641294e-21
674.6764361836183 4.6116470266499466e-21
674.7751986498649 4.611045956273686e-21
674.8739611161116 4.6104450414525986e-21
674.9727235823582 4.6098442821268085e-21
675.0714860486048 4.609243678236465e-21
675.1702485148514 4.6086432297217505e-21
675.2690109810981 4.6080429365228784e-21
675.3677734473447 4.607442798580089e-21
675.4665359135913 4.606842815833656e-21
675.5652983798379 4.606242988223881e-21
675.6640608460846 4.605643315691099e-21
675.7628233123312 4.6050437981756734e-21
675.8615857785778 4.6044444356179976e-21
675.9603482448244 4.603845227958498e-21
676.0591107110711 4.603246175137625e-21
676.1578731773177 4.6026472770958665e-21
676.2566356435643 4.602048533773736e-21
676.355398109811 4.6014499451117774e-21
676.4541605760576 4.600851511050568e-21
676.5529230423042 4.600253231530711e-21
676.6516855085508 4.599655106492846e-21
676.7504479747975 4.5990571358776325e-21
676.8492104410441 4.5984593196257714e-21
676.9479729072907 4.597861657677986e-21
677.0467353735373 4.597264149975032e-21
677.145497839784 4.5966667964576944e-21
677.2442603060306 4.5960695970667914e-21
677.3430227722772 4.595472551743168e-21
677.4417852385238 4.594875660427698e-21
677.5405477047705 4.594278923061289e-21
677.6393101710171 4.593682339584877e-21
677.7380726372637 4.5930859099394246e-21
677.8368351035103 4.592489634065933e-21
677.935597569757 4.591893511905424e-21
678.0343600360036 4.59129754339895e-21
678.1331225022502 4.5907017284876e-21
678.2318849684968 4.590106067112488e-21
678.3306474347435 4.589510559214758e-21
678.4294099009901 4.588915204735586e-21
678.5281723672367 4.5883200036161756e-21
678.6269348334833 4.587724955797759e-21
678.72569729973 4.587130061221601e-21
678.8244597659766 4.5865353198289964e-21
678.9232222322232 4.5859407315612664e-21
679.0219846984699 4.5853462963597655e-21
679.1207471647165 4.584752014165875e-21
679.2195096309631 4.584157884921009e-21
679.3182720972097 4.583563908566605e-21
679.4170345634564 4.582970085044137e-21
679.515797029703 4.582376414295107e-21
679.6145594959496 4.581782896261044e-21
679.7133219621962 4.581189530883508e-21
679.8120844284429 4.5805963181040896e-21
679.9108468946895 4.5800032578644055e-21
680.0096093609361 4.579410350106107e-21
680.1083718271827 4.57881759477087e-21
680.2071342934294 4.578224991800405e-21
680.305896759676 4.577632541136445e-21
680.4046592259226 4.577040242720758e-21
680.5034216921692 4.57644809649514e-21
680.6021841584159 4.575856102401416e-21
680.7009466246625 4.575264260381441e-21
680.7997090909091 4.574672570377097e-21
680.8984715571557 4.5740810323302995e-21
680.9972340234024 4.573489646182986e-21
681.095996489649 4.572898411877137e-21
681.1947589558956 4.572307329354746e-21
681.2935214221422 4.571716398557846e-21
681.3922838883889 4.571125619428496e-21
681.4910463546355 4.570534991908785e-21
681.5898088208821 4.56994451594083e-21
681.6885712871288 4.56935419146678e-21
681.7873337533754 4.568764018428811e-21
681.886096219622 4.568173996769125e-21
681.9848586858686 4.567584126429961e-21
682.0836211521153 4.566994407353579e-21
682.1823836183619 4.5664048394822736e-21
682.2811460846085 4.565815422758367e-21
682.3799085508551 4.565226157124209e-21
682.4786710171016 4.5646370425221814e-21
682.5774334833483 4.56404807889469e-21
682.6761959495949 4.563459266184173e-21
682.7749584158415 4.562870604333099e-21
682.8737208820882 4.562282093283964e-21
682.9724833483348 4.56169373297929e-21
683.0712458145814 4.5611055233616336e-21
683.170008280828 4.560517464373577e-21
683.2687707470747 4.559929555957731e-21
683.3675332133213 4.559341798056734e-21
683.4662956795679 4.5587541906132585e-21
683.5650581458145 4.558166733570002e-21
683.6638206120612 4.557579426869689e-21
683.7625830783078 4.556992270455078e-21
683.8613455445544 4.556405264268953e-21
683.960108010801 4.5558184082541256e-21
684.0588704770477 4.555231702353439e-21
684.1576329432943 4.554645146509763e-21
684.2563954095409 4.554058740665998e-21
684.3551578757875 4.5534724847650716e-21
684.4539203420342 4.5528863787499384e-21
684.5526828082808 4.552300422563589e-21
684.6514452745274 4.551714616149035e-21
684.750207740774 4.551128959449317e-21
684.8489702070207 4.5505434524075076e-21
684.9477326732673 4.549958094966708e-21
685.0464951395139 4.549372887070045e-21
685.1452576057605 4.548787828660676e-21
685.2440200720072 4.548202919681787e-21
685.3427825382538 4.547618160076592e-21
685.4415450045004 4.5470335497883335e-21
685.540307470747 4.546449088760284e-21
685.6390699369937 4.545864776935739e-21
685.7378324032403 4.545280614258029e-21
685.8365948694869 4.5446966006705114e-21
685.9353573357336 4.5441127361165695e-21
686.0341198019802 4.543529020539616e-21
686.1328822682268 4.542945453883095e-21
686.2316447344734 4.542362036090473e-21
686.3304072007201 4.5417787671052495e-21
686.4291696669667 4.541195646870952e-21
686.5279321332133 4.540612675331136e-21
686.6266945994599 4.540029852429381e-21
686.7254570657066 4.539447178109304e-21
686.8242195319532 4.538864652314539e-21
686.9229819981998 4.538282274988758e-21
687.0217444644464 4.5377000460756555e-21
687.1205069306931 4.5371179655189546e-21
687.2192693969397 4.536536033262411e-21
687.3180318631863 4.535954249249801e-21
687.416794329433 4.535372613424939e-21
687.5155567956796 4.534791125731657e-21
687.6143192619262 4.534209786113823e-21
687.7130817281728 4.533628594515329e-21
687.8118441944195 4.533047550880096e-21
687.9106066606661 4.5324666551520734e-21
688.0093691269127 4.531885907275239e-21
688.1081315931593 4.5313053071935974e-21
688.206894059406 4.5307248548511846e-21
688.3056565256526 4.530144550192059e-21
688.4044189918992 4.5295643931603096e-21
688.5031814581458 4.528984383700056e-21
688.6019439243925 4.528404521755442e-21
688.7007063906391 4.5278248072706424e-21
688.7994688568857 4.527245240189856e-21
688.8982313231323 4.526665820457313e-21
688.996993789379 4.5260865480172706e-21
689.0957562556256 4.5255074228140105e-21
689.1945187218722 4.524928444791851e-21
689.2932811881188 4.5243496138951265e-21
689.3920436543655 4.52377093006821e-21
689.4908061206121 4.523192393255492e-21
689.5895685868587 4.522614003401401e-21
689.6883310531053 4.522035760450386e-21
689.787093519352 4.521457664346927e-21
689.8858559855986 4.520879715035532e-21
689.9846184518452 4.5203019124607335e-21
690.0833809180918 4.5197242565670946e-21
690.1821433843385 4.519146747299205e-21
690.2809058505851 4.518569384601683e-21
690.3796683168317 4.517992168419172e-21
690.4784307830784 4.517415098696346e-21
690.577193249325 4.5168381753779065e-21
690.6759557155716 4.516261398408582e-21
690.7747181818182 4.515684767733123e-21
690.8734806480649 4.515108283296317e-21
690.9722431143114 4.514531945042975e-21
691.071005580558 4.5139557529179345e-21
691.1697680468046 4.51337970686606e-21
691.2685305130512 4.5128038068322445e-21
691.3672929792979 4.512228052761409e-21
691.4660554455445 4.511652444598502e-21
691.5648179117911 4.511076982288497e-21
691.6635803780378 4.510501665776401e-21
691.7623428442844 4.5099264950072415e-21
691.861105310531 4.509351469926075e-21
691.9598677767776 4.5087765904779885e-21
692.0586302430243 4.5082018566080944e-21
692.1573927092709 4.507627268261529e-21
692.2561551755175 4.5070528253834646e-21
692.3549176417641 4.5064785279190915e-21
692.4536801080108 4.505904375813634e-21
692.5524425742574 4.505330369012337e-21
692.651205040504 4.504756507460478e-21
692.7499675067506 4.504182791103364e-21
692.8487299729973 4.503609219886321e-21
692.9474924392439 4.503035793754707e-21
693.0462549054905 4.50246251265391e-21
693.1450173717371 4.501889376529341e-21
693.2437798379838 4.5013163853264355e-21
693.3425423042304 4.500743538990662e-21
693.441304770477 4.500170837467516e-21
693.5400672367236 4.4995982807025155e-21
693.6388297029703 4.499025868641208e-21
693.7375921692169 4.498453601229171e-21
693.8363546354635 4.497881478412e-21
693.9351171017101 4.4973095001353296e-21
694.0338795679568 4.496737666344815e-21
694.1326420342034 4.496165976986134e-21
694.23140450045 4.495594432005001e-21
694.3301669666967 4.495023031347151e-21
694.4289294329433 4.494451774958347e-21
694.5276918991899 4.49388066278438e-21
694.6264543654365 4.493309694771067e-21
694.7252168316832 4.492738870864252e-21
694.8239792979298 4.4921681910098086e-21
694.9227417641764 4.49159765515363e-21
695.021504230423 4.491027263241646e-21
695.1202666966697 4.490457015219806e-21
695.2190291629163 4.489886911034086e-21
695.3177916291629 4.489316950630497e-21
695.4165540954095 4.4887471339550655e-21
695.5153165616562 4.488177460953854e-21
695.6140790279028 4.487607931572947e-21
695.7128414941494 4.487038545758453e-21
695.811603960396 4.486469303456518e-21
695.9103664266427 4.485900204613303e-21
696.0091288928893 4.485331249174999e-21
696.1078913591359 4.48476243708783e-21
696.2066538253825 4.484193768298039e-21
696.3054162916292 4.4836252427518955e-21
696.4041787578758 4.483056860395705e-21
696.5029412241224 4.482488621175789e-21
696.601703690369 4.4819205250384976e-21
696.7004661566157 4.48135257193021e-21
696.7992286228623 4.480784761797337e-21
696.8979910891089 4.4802170945863034e-21
696.9967535553556 4.479649570243572e-21
697.0955160216022 4.479082188715624e-21
697.1942784878488 4.4785149499489736e-21
697.2930409540954 4.477947853890158e-21
697.3918034203421 4.477380900485739e-21
697.4905658865887 4.476814089682311e-21
697.5893283528353 4.476247421426488e-21
697.6880908190819 4.475680895664913e-21
697.7868532853286 4.4751145123442586e-21
697.8856157515752 4.474548271411219e-21
697.9843782178218 4.473982172812518e-21
698.0831406840684 4.4734162164949e-21
698.1819031503151 4.472850402405147e-21
698.2806656165617 4.4722847304900554e-21
698.3794280828083 4.471719200696455e-21
698.478190549055 4.4711538129712e-21
698.5769530153016 4.4705885672611696e-21
698.6757154815482 4.470023463513272e-21
698.7744779477948 4.469458501674438e-21
698.8732404140414 4.468893681691628e-21
698.9720028802881 4.468329003511826e-21
699.0707653465347 4.467764467082046e-21
699.1695278127813 4.467200072349321e-21
699.268290279028 4.466635819260718e-21
699.3670527452745 4.466071707763327e-21
699.4658152115211 4.4655077378042614e-21
699.5645776777677 4.464943909330664e-21
699.6633401440143 4.464380222289704e-21
699.762102610261 4.463816676628574e-21
699.8608650765076 4.4632532722944965e-21
699.9596275427542 4.462690009234716e-21
700.0583900090008 4.462126887396504e-21
700.1571524752475 4.461563906727162e-21
700.2559149414941 4.4610010671740106e-21
700.3546774077407 4.4604383686844e-21
700.4534398739873 4.45987581120571e-21
700.552202340234 4.459313394685341e-21
700.6509648064806 4.4587511190707185e-21
700.7497272727272 4.458188984309299e-21
700.8484897389739 4.457626990348561e-21
700.9472522052205 4.457065137136013e-21
701.0460146714671 4.456503424619183e-21
701.1447771377137 4.455941852745628e-21
701.2435396039604 4.455380421462935e-21
701.342302070207 4.4548191307187115e-21
701.4410645364536 4.45425798046059e-21
701.5398270027002 4.453696970636234e-21
701.6385894689469 4.453136101193328e-21
701.7373519351935 4.4525753720795874e-21
701.8361144014401 4.452014783242745e-21
701.9348768676867 4.451454334630569e-21
702.0336393339334 4.450894026190847e-21
702.13240180018 4.4503338578713905e-21
702.2311642664266 4.449773829620046e-21
702.3299267326732 4.449213941384676e-21
702.4286891989199 4.448654193113174e-21
702.5274516651665 4.448094584753455e-21
702.6262141314131 4.447535116253469e-21
702.7249765976597 4.4469757875611754e-21
702.8237390639064 4.446416598624574e-21
702.922501530153 4.445857549391686e-21
703.0212639963996 4.445298639810552e-21
703.1200264626463 4.444739869829248e-21
703.2187889288929 4.4441812393958665e-21
703.3175513951395 4.443622748458532e-21
703.4163138613861 4.4430643969653906e-21
703.5150763276328 4.442506184864615e-21
703.6138387938794 4.441948112104408e-21
703.712601260126 4.441390178632987e-21
703.8113637263726 4.440832384398604e-21
703.9101261926193 4.4402747293495356e-21
704.0088886588659 4.439717213434077e-21
704.1076511251125 4.4391598366005585e-21
704.2064135913591 4.438602598797329e-21
704.3051760576058 4.438045499972766e-21
704.4039385238524 4.43748854007527e-21
704.502700990099 4.436931719053265e-21
704.6014634563456 4.436375036855207e-21
704.7002259225923 4.435818493429573e-21
704.7989883888389 4.4352620887248635e-21
704.8977508550855 4.434705822689609e-21
704.9965133213321 4.434149695272358e-21
705.0952757875788 4.433593706421696e-21
705.1940382538254 4.433037856086221e-21
705.292800720072 4.432482144214564e-21
705.3915631863186 4.431926570755377e-21
705.4903256525653 4.431371135657342e-21
705.5890881188119 4.430815838869161e-21
705.6878505850585 4.430260680339566e-21
705.7866130513052 4.429705660017307e-21
705.8853755175518 4.429150777851167e-21
705.9841379837984 4.428596033789951e-21
706.082900450045 4.4280414277824874e-21
706.1816629162917 4.427486959777631e-21
706.2804253825383 4.426932629724261e-21
706.3791878487849 4.426378437571286e-21
706.4779503150315 4.425824383267632e-21
706.5767127812782 4.425270466762256e-21
706.6754752475248 4.424716688004135e-21
706.7742377137714 4.424163046942276e-21
706.873000180018 4.42360954352571e-21
706.9717626462647 4.4230561777034895e-21
707.0705251125113 4.422502949424696e-21
707.1692875787579 4.421949858638432e-21
707.2680500450045 4.4213969052938284e-21
707.3668125112512 4.420844089340038e-21
707.4655749774978 4.420291410726241e-21
707.5643374437444 4.419738869401643e-21
707.663099909991 4.419186465315472e-21
707.7618623762377 4.418634198416979e-21
707.8606248424842 4.4180820686554456e-21
707.9593873087308 4.4175300759801734e-21
708.0581497749774 4.416978220340489e-21
708.1569122412241 4.4164265016857486e-21
708.2556747074707 4.415874919965328e-21
708.3544371737173 4.4153234751286295e-21
708.4531996399639 4.4147721671250794e-21
708.5519621062106 4.4142209959041315e-21
708.6507245724572 4.413669961415261e-21
708.7494870387038 4.413119063607966e-21
708.8482495049504 4.412568302431775e-21
708.9470119711971 4.412017677836239e-21
709.0457744374437 4.411467189770932e-21
709.1445369036903 4.4109168381854524e-21
709.243299369937 4.4103666230294256e-21
709.3420618361836 4.4098165442525e-21
709.4408243024302 4.409266601804348e-21
709.5395867686768 4.408716795634667e-21
709.6383492349235 4.4081671256931815e-21
709.7371117011701 4.407617591929636e-21
709.8358741674167 4.407068194293804e-21
709.9346366336633 4.406518932735479e-21
710.03339909991 4.405969807204482e-21
710.1321615661566 4.405420817650659e-21
710.2309240324032 4.4048719640238784e-21
710.3296864986498 4.4043232462740335e-21
710.4284489648965 4.403774664351043e-21
710.5272114311431 4.403226218204846e-21
710.6259738973897 4.402677907785414e-21
710.7247363636363 4.402129733042738e-21
710.823498829883 4.401581693926828e-21
710.9222612961296 4.401033790387729e-21
711.0210237623762 4.400486022375505e-21
711.1197862286228 4.399938389840242e-21
711.2185486948695 4.399390892732053e-21
711.3173111611161 4.3988435310010785e-21
711.4160736273627 4.398296304597475e-21
711.5148360936093 4.397749213471432e-21
711.613598559856 4.397202257573158e-21
711.7123610261026 4.396655436852885e-21
711.8111234923492 4.396108751260874e-21
711.9098859585959 4.395562200747408e-21
712.0086484248425 4.395015785262788e-21
712.1074108910891 4.394469504757353e-21
712.2061733573357 4.393923359181452e-21
712.3049358235824 4.393377348485465e-21
712.403698289829 4.3928314726197975e-21
712.5024607560756 4.392285731534874e-21
712.6012232223222 4.391740125181151e-21
712.6999856885689 4.391194653509096e-21
712.7987481548155 4.390649316469214e-21
712.8975106210621 4.390104114012026e-21
712.9962730873087 4.389559046088082e-21
713.0950355535554 4.3890141126479526e-21
713.193798019802 4.388469313642234e-21
713.2925604860486 4.387924649021545e-21
713.3913229522952 4.3873801187365285e-21
713.4900854185419 4.3868357227378536e-21
713.5888478847885 4.386291460976211e-21
713.6876103510351 4.385747333402315e-21
713.7863728172817 4.385203339966908e-21
713.8851352835284 4.384659480620751e-21
713.983897749775 4.384115755314629e-21
714.0826602160216 4.38357216399936e-21
714.1814226822682 4.383028706625771e-21
714.2801851485149 4.3824853831447265e-21
714.3789476147615 4.3819421935071056e-21
714.4777100810081 4.381399137663817e-21
714.5764725472548 4.380856215565789e-21
714.6752350135014 4.380313427163977e-21
714.773997479748 4.3797707724093566e-21
714.8727599459946 4.379228251252933e-21
714.9715224122413 4.378685863645727e-21
715.0702848784879 4.3781436095387914e-21
715.1690473447345 4.377601488883197e-21
715.2678098109811 4.377059501630042e-21
715.3665722772278 4.376517647730443e-21
715.4653347434744 4.375975927135547e-21
715.564097209721 4.375434339796521e-21
715.6628596759676 4.3748928856645546e-21
715.7616221422143 4.374351564690862e-21
715.8603846084609 4.373810376826686e-21
715.9591470747075 4.3732693220232835e-21
716.0579095409541 4.372728400231942e-21
716.1566720072008 4.372187611403971e-21
716.2554344734473 4.371646955490702e-21
716.3541969396939 4.3711064324434945e-21
716.4529594059405 4.370566042213724e-21
716.5517218721872 4.3700257847527966e-21
716.6504843384338 4.369485660012135e-21
716.7492468046804 4.368945667943196e-21
716.848009270927 4.368405808497449e-21
716.9467717371737 4.3678660816263914e-21
717.0455342034203 4.3673264872815465e-21
717.1442966696669 4.366787025414454e-21
717.2430591359135 4.366247695976685e-21
717.3418216021602 4.36570849891983e-21
717.4405840684068 4.3651694341955025e-21
717.5393465346534 4.36463050175534e-21
717.6381090009 4.3640917015510015e-21
717.7368714671467 4.363553033534178e-21
717.8356339333933 4.3630144976565715e-21
717.9343963996399 4.3624760938699145e-21
718.0331588658865 4.3619378221259625e-21
718.1319213321332 4.361399682376491e-21
718.2306837983798 4.360861674573304e-21
718.3294462646264 4.360323798668223e-21
718.428208730873 4.359786054613098e-21
718.5269711971197 4.3592484423597975e-21
718.6257336633663 4.358710961860216e-21
718.7244961296129 4.3581736130662696e-21
718.8232585958596 4.357636395929904e-21
718.9220210621062 4.357099310403074e-21
719.0207835283528 4.3565623564377735e-21
719.1195459945994 4.356025533986011e-21
719.2183084608461 4.355488842999818e-21
719.3170709270927 4.3549522834312505e-21
719.4158333933393 4.35441585523239e-21
719.5145958595859 4.353879558355336e-21
719.6133583258326 4.353343392752215e-21
719.7121207920792 4.352807358375177e-21
719.8108832583258 4.3522714551763936e-21
719.9096457245724 4.3517356831080575e-21
720.0084081908191 4.351200042122386e-21
720.1071706570657 4.350664532171624e-21
720.2059331233123 4.350129153208031e-21
720.304695589559 4.349593905183894e-21
720.4034580558056 4.3490587880515244e-21
720.5022205220522 4.348523801763254e-21
720.6009829882988 4.347988946271438e-21
720.6997454545455 4.347454221528458e-21
720.7985079207921 4.3469196274867095e-21
720.8972703870387 4.3463851640986235e-21
720.9960328532853 4.345850831316643e-21
721.094795319532 4.345316629093239e-21
721.1935577857786 4.3447825573809046e-21
721.2923202520252 4.344248616132157e-21
721.3910827182718 4.343714805299533e-21
721.4898451845185 4.343181124835595e-21
721.5886076507651 4.342647574692926e-21
721.6873701170117 4.3421141548241366e-21
721.7861325832583 4.341580865181854e-21
721.884895049505 4.341047705718732e-21
721.9836575157516 4.3405146763874456e-21
722.0824199819982 4.339981777140693e-21
722.1811824482448 4.339449007931195e-21
722.2799449144915 4.338916368711695e-21
722.3787073807381 4.338383859434959e-21
722.4774698469847 4.337851480053779e-21
722.5762323132313 4.337319230520965e-21
722.674994779478 4.33678711078935e-21
722.7737572457246 4.336255120811792e-21
722.8725197119712 4.3357232605411715e-21
722.9712821782178 4.3351915299303904e-21
723.0700446444645 4.334659928932375e-21
723.1688071107111 4.334128457500069e-21
723.2675695769577 4.333597115586446e-21
723.3663320432044 4.333065903144499e-21
723.465094509451 4.332534820127241e-21
723.5638569756976 4.332003866487711e-21
723.6626194419442 4.3314730421789665e-21
723.7613819081909 4.330942347154098e-21
723.8601443744375 4.330411781366203e-21
723.9589068406841 4.3298813447684115e-21
724.0576693069307 4.329351037313876e-21
724.1564317731774 4.3288208589557684e-21
724.255194239424 4.328290809647283e-21
724.3539567056706 4.3277608893416376e-21
724.4527191719172 4.327231097992073e-21
724.5514816381639 4.3267014355518516e-21
724.6502441044104 4.326171901974257e-21
724.749006570657 4.325642497212599e-21
724.8477690369036 4.325113221220205e-21
724.9465315031503 4.32458407395043e-21
725.0452939693969 4.324055055356645e-21
725.1440564356435 4.3235261653922476e-21
725.2428189018901 4.3229974040106586e-21
725.3415813681368 4.322468771165318e-21
725.4403438343834 4.321940266809689e-21
725.53910630063 4.321411890897259e-21
725.6378687668766 4.320883643381533e-21
725.7366312331233 4.320355524216045e-21
725.8353936993699 4.3198275333543474e-21
725.9341561656165 4.319299670750014e-21
726.0329186318631 4.31877193635664e-21
726.1316810981098 4.3182443301278495e-21
726.2304435643564 4.317716852017279e-21
726.329206030603 4.317189501978595e-21
726.4279684968496 4.3166622799654835e-21
726.5267309630963 4.316135185931651e-21
726.6254934293429 4.315608219830828e-21
726.7242558955895 4.3150813816167686e-21
726.8230183618361 4.314554671243244e-21
726.9217808280828 4.314028088664053e-21
727.0205432943294 4.313501633833014e-21
727.119305760576 4.312975306703965e-21
727.2180682268227 4.312449107230771e-21
727.3168306930693 4.31192303536732e-21
727.4155931593159 4.3113970910675125e-21
727.5143556255625 4.3108712742852784e-21
727.6131180918092 4.310345584974573e-21
727.7118805580558 4.309820023089362e-21
727.8106430243024 4.3092945885836465e-21
727.909405490549 4.30876928141144e-21
728.0081679567957 4.308244101526783e-21
728.1069304230423 4.307719048883734e-21
728.2056928892889 4.307194123436376e-21
728.3044553555355 4.306669325138814e-21
728.4032178217822 4.3061446539451734e-21
728.5019802880288 4.305620109809604e-21
728.6007427542754 4.305095692686274e-21
728.699505220522 4.3045714025293784e-21
728.7982676867687 4.3040472392931274e-21
728.8970301530153 4.303523202931758e-21
728.9957926192619 4.3029992933995274e-21
729.0945550855085 4.3024755106507155e-21
729.1933175517552 4.3019518546396224e-21
729.2920800180018 4.3014283253205705e-21
729.3908424842484 4.300904922647907e-21
729.489604950495 4.300381646575997e-21
729.5883674167417 4.2998584970592286e-21
729.6871298829883 4.29933547405201e-21
729.7858923492349 4.298812577508772e-21
729.8846548154816 4.298289807383973e-21
729.9834172817282 4.297767163632084e-21
730.0821797479748 4.297244646207603e-21
730.1809422142214 4.2967222550650466e-21
730.2797046804681 4.2961999901589565e-21
730.3784671467147 4.295677851443892e-21
730.4772296129613 4.295155838874441e-21
730.5759920792079 4.294633952405203e-21
730.6747545454546 4.294112191990807e-21
730.7735170117012 4.293590557585901e-21
730.8722794779478 4.293069049145156e-21
730.9710419441944 4.29254766662326e-21
731.0698044104411 4.292026409974928e-21
731.1685668766877 4.291505279154892e-21
731.2673293429343 4.290984274117912e-21
731.366091809181 4.290463394818761e-21
731.4648542754276 4.289942641212242e-21
731.5636167416742 4.289422013253171e-21
731.6623792079208 4.2889015108963915e-21
731.7611416741674 4.288381134096767e-21
731.8599041404141 4.287860882809183e-21
731.9586666066607 4.2873407569885445e-21
732.0574290729073 4.2868207565897785e-21
732.156191539154 4.286300881567838e-21
732.2549540054006 4.285781131877688e-21
732.3537164716472 4.2852615074743225e-21
732.4524789378938 4.2847420083127545e-21
732.5512414041405 4.28422263434802e-21
732.6500038703871 4.2837033855351724e-21
732.7487663366337 4.283184261829293e-21
732.8475288028803 4.282665263185475e-21
732.946291269127 4.282146389558841e-21
733.0450537353735 4.281627640904534e-21
733.1438162016201 4.281109017177714e-21
733.2425786678667 4.280590518333564e-21
733.3413411341133 4.2800721443272886e-21
733.44010360036 4.279553895114118e-21
733.5388660666066 4.279035770649296e-21
733.6376285328532 4.278517770888095e-21
733.7363909990999 4.277999895785799e-21
733.8351534653465 4.277482145297725e-21
733.9339159315931 4.2769645193792015e-21
734.0326783978397 4.276447017985584e-21
734.1314408640864 4.275929641072248e-21
734.230203330333 4.275412388594587e-21
734.3289657965796 4.274895260508018e-21
734.4277282628262 4.274378256767981e-21
734.5264907290729 4.2738613773299315e-21
734.6252531953195 4.273344622149356e-21
734.7240156615661 4.272827991181752e-21
734.8227781278127 4.2723114843826404e-21
734.9215405940594 4.271795101707567e-21
735.020303060306 4.2712788431120964e-21
735.1190655265526 4.270762708551813e-21
735.2178279927992 4.2702466979823244e-21
735.3165904590459 4.269730811359258e-21
735.4153529252925 4.2692150486382634e-21
735.5141153915391 4.268699409775009e-21
735.6128778577857 4.268183894725186e-21
735.7116403240324 4.2676685034445045e-21
735.810402790279 4.2671532358887e-21
735.9091652565256 4.2666380920135225e-21
736.0079277227723 4.266123071774751e-21
736.1066901890189 4.265608175128176e-21
736.2054526552655 4.265093402029618e-21
736.3042151215121 4.26457875243491e-21
736.4029775877588 4.264064226299912e-21
736.5017400540054 4.263549823580503e-21
736.600502520252 4.2630355442325835e-21
736.6992649864986 4.262521388212074e-21
736.7980274527453 4.262007355474914e-21
736.8967899189919 4.261493445977067e-21
736.9955523852385 4.260979659674516e-21
737.0943148514851 4.260465996523265e-21
737.1930773177318 4.259952456479338e-21
737.2918397839784 4.259439039498782e-21
737.390602250225 4.258925745537661e-21
737.4893647164716 4.2584125745520635e-21
737.5881271827183 4.257899526498096e-21
737.6868896489649 4.257386601331887e-21
737.7856521152115 4.256873799009587e-21
737.8844145814581 4.256361119487365e-21
737.9831770477048 4.255848562721412e-21
738.0819395139514 4.255336128667938e-21
738.180701980198 4.254823817283174e-21
738.2794644464446 4.254311628523373e-21
738.3782269126913 4.25379956234481e-21
738.4769893789379 4.253287618703777e-21
738.5757518451845 4.252775797556589e-21
738.6745143114312 4.252264098859581e-21
738.7732767776778 4.251752522569108e-21
738.8720392439244 4.2512410686415444e-21
738.970801710171 4.2507297370332926e-21
739.0695641764177 4.250218527700764e-21
739.1683266426643 4.249707440600398e-21
739.2670891089109 4.2491964756886506e-21
739.3658515751575 4.248685632922008e-21
739.4646140414042 4.248174912256961e-21
739.5633765076508 4.247664313650035e-21
739.6621389738974 4.247153837057768e-21
739.760901440144 4.246643482436719e-21
739.8596639063907 4.246133249743474e-21
739.9584263726373 4.245623138934632e-21
740.0571888388839 4.2451131499668146e-21
740.1559513051305 4.244603282796664e-21
740.2547137713772 4.2440935373808446e-21
740.3534762376238 4.2435839136760384e-21
740.4522387038704 4.243074411638949e-21
740.551001170117 4.242565031226303e-21
740.6497636363637 4.242055772394843e-21
740.7485261026103 4.2415466351013324e-21
740.8472885688569 4.241037619302559e-21
740.9460510351036 4.240528724955328e-21
741.0448135013502 4.240019952016461e-21
741.1435759675968 4.2395113004428095e-21
741.2423384338434 4.239002770191238e-21
741.34110090009 4.23849436121863e-21
741.4398633663367 4.2379860734819e-21
741.5386258325832 4.237477906937967e-21
741.6373882988298 4.236969861543782e-21
741.7361507650764 4.236461937256313e-21
741.8349132313231 4.235954134032547e-21
741.9336756975697 4.235446451829495e-21
742.0324381638163 4.234938890604179e-21
742.131200630063 4.2344314503136526e-21
742.2299630963096 4.233924130914984e-21
742.3287255625562 4.233416932365258e-21
742.4274880288028 4.23290985462159e-21
742.5262504950495 4.232402897641105e-21
742.6250129612961 4.231896061380951e-21
742.7237754275427 4.231389345798301e-21
742.8225378937893 4.230882750850342e-21
742.921300360036 4.2303762764942846e-21
743.0200628262826 4.229869922687357e-21
743.1188252925292 4.22936368938681e-21
743.2175877587758 4.228857576549914e-21
743.3163502250225 4.228351584133959e-21
743.4151126912691 4.22784571209625e-21
743.5138751575157 4.227339960394125e-21
743.6126376237623 4.226834328984927e-21
743.711400090009 4.226328817826029e-21
743.8101625562556 4.2258234268748185e-21
743.9089250225022 4.22531815608871e-21
744.0076874887488 4.224813005425126e-21
744.1064499549955 4.2243079748415234e-21
744.2052124212421 4.2238030642953694e-21
744.3039748874887 4.2232982737441504e-21
744.4027373537353 4.222793603145382e-21
744.501499819982 4.222289052456588e-21
744.6002622862286 4.221784621635321e-21
744.6990247524752 4.221280310639148e-21
744.7977872187219 4.22077611942566e-21
744.8965496849685 4.220272047952464e-21
744.9953121512151 4.219768096177191e-21
745.0940746174617 4.219264264057489e-21
745.1928370837084 4.218760551551023e-21
745.291599549955 4.218256958615485e-21
745.3903620162016 4.217753485208583e-21
745.4891244824482 4.2172501312880455e-21
745.5878869486949 4.2167468968116184e-21
745.6866494149415 4.216243781737067e-21
745.7854118811881 4.215740786022183e-21
745.8841743474347 4.215237909624769e-21
745.9829368136814 4.214735152502655e-21
746.081699279928 4.214232514613685e-21
746.1804617461746 4.213729995915727e-21
746.2792242124212 4.213227596366666e-21
746.3779866786679 4.212725315924407e-21
746.4767491449145 4.212223154546875e-21
746.5755116111611 4.2117211121920166e-21
746.6742740774077 4.211219188817793e-21
746.7730365436544 4.210717384382191e-21
746.871799009901 4.210215698843212e-21
746.9705614761476 4.209714132158883e-21
747.0693239423942 4.209212684287245e-21
747.1680864086409 4.208711355186358e-21
747.2668488748875 4.208210144814306e-21
747.3656113411341 4.207709053129193e-21
747.4643738073808 4.207208080089138e-21
747.5631362736274 4.2067072256522815e-21
747.661898739874 4.206206489776784e-21
747.7606612061206 4.205705872420828e-21
747.8594236723673 4.205205373542607e-21
747.9581861386139 4.2047049931003464e-21
748.0569486048605 4.20420473105228e-21
748.1557110711071 4.20370458735667e-21
748.2544735373538 4.2032045619717895e-21
748.3532360036004 4.202704654855937e-21
748.451998469847 4.2022048659674285e-21
748.5507609360936 4.201705195264601e-21
748.6495234023403 4.201205642705808e-21
748.7482858685869 4.200706208249425e-21
748.8470483348335 4.2002068918538455e-21
748.9458108010801 4.199707693477482e-21
749.0445732673268 4.19920861307877e-21
749.1433357335734 4.1987096506161595e-21
749.24209819982 4.198210806048122e-21
749.3408606660666 4.197712079333148e-21
749.4396231323133 4.197213470429749e-21
749.5383855985599 4.1967149792964546e-21
749.6371480648065 4.196216605891812e-21
749.7359105310532 4.195718350174388e-21
749.8346729972998 4.1952202121027725e-21
749.9334354635463 4.194722191635575e-21
750.0321979297929 4.194224288731416e-21
750.1309603960395 4.1937265033489424e-21
750.2297228622862 4.193228835446818e-21
750.3284853285328 4.192731284983729e-21
750.4272477947794 4.192233851918378e-21
750.526010261026 4.191736536209484e-21
750.6247727272727 4.191239337815792e-21
750.7235351935193 4.190742256696058e-21
750.8222976597659 4.1902452928090684e-21
750.9210601260125 4.189748446113616e-21
751.0198225922592 4.189251716568521e-21
751.1185850585058 4.1887551041326215e-21
751.2173475247524 4.188258608764772e-21
751.316109990999 4.187762230423852e-21
751.4148724572457 4.187265969068749e-21
751.5136349234923 4.186769824658382e-21
751.6123973897389 4.1862737971516845e-21
751.7111598559856 4.185777886507604e-21
751.8099223222322 4.185282092685116e-21
751.9086847884788 4.184786415643207e-21
752.0074472547254 4.184290855340887e-21
752.1062097209721 4.183795411737184e-21
752.2049721872187 4.183300084791147e-21
752.3037346534653 4.182804874461839e-21
752.4024971197119 4.182309780708349e-21
752.5012595859586 4.181814803489778e-21
752.6000220522052 4.181319942765249e-21
752.6987845184518 4.180825198493907e-21
752.7975469846984 4.18033057063491e-21
752.8963094509451 4.1798360591474394e-21
752.9950719171917 4.179341663990694e-21
753.0938343834383 4.17884738512389e-21
753.192596849685 4.1783532225062686e-21
753.2913593159316 4.177859176097081e-21
753.3901217821782 4.1773652458556026e-21
753.4888842484248 4.176871431741131e-21
753.5876467146715 4.176377733712973e-21
753.6864091809181 4.1758841517304616e-21
753.7851716471647 4.175390685752949e-21
753.8839341134113 4.174897335739802e-21
753.982696579658 4.174404101650411e-21
754.0814590459046 4.173910983444176e-21
754.1802215121512 4.17341798108053e-21
754.2789839783978 4.1729250945189135e-21
754.3777464446445 4.172432323718789e-21
754.4765089108911 4.1719396686396395e-21
754.5752713771377 4.171447129240969e-21
754.6740338433843 4.170954705482288e-21
754.772796309631 4.170462397323142e-21
754.8715587758776 4.169970204723086e-21
754.9703212421242 4.169478127641693e-21
755.0690837083708 4.168986166038561e-21
755.1678461746175 4.168494319873301e-21
755.2666086408641 4.168002589105545e-21
755.3653711071107 4.1675109736949405e-21
755.4641335733573 4.16701947360116e-21
755.562896039604 4.16652808878389e-21
755.6616585058506 4.166036819202837e-21
755.7604209720972 4.1655456648177246e-21
755.8591834383438 4.1650546255883e-21
755.9579459045905 4.164563701474319e-21
756.0567083708371 4.1640728924355675e-21
756.1554708370837 4.163582198431844e-21
756.2542333033304 4.163091619422967e-21
756.352995769577 4.162601155368769e-21
756.4517582358236 4.162110806229109e-21
756.5505207020702 4.161620571963859e-21
756.6492831683169 4.161130452532912e-21
756.7480456345635 4.16064044789618e-21
756.8468081008101 4.1601505580135895e-21
756.9455705670567 4.1596607828450884e-21
757.0443330333034 4.159171122350644e-21
757.14309549955 4.158681576490243e-21
757.2418579657966 4.1581921452238846e-21
757.3406204320432 4.157702828511593e-21
757.4393828982899 4.157213626313407e-21
757.5381453645365 4.156724538589387e-21
757.6369078307831 4.1562355652996074e-21
757.7356702970297 4.155746706404166e-21
757.8344327632764 4.155257961863177e-21
757.933195229523 4.154769331636768e-21
758.0319576957696 4.154280815685096e-21
758.1307201620162 4.153792413968327e-21
758.2294826282629 4.153304126446648e-21
758.3282450945095 4.152815953080266e-21
758.427007560756 4.152327893829404e-21
758.5257700270026 4.151839948654304e-21
758.6245324932493 4.15135211751523e-21
758.7232949594959 4.150864400372458e-21
758.8220574257425 4.1503767971862866e-21
758.9208198919891 4.149889307917029e-21
759.0195823582358 4.1494019325250245e-21
759.1183448244824 4.148914670970622e-21
759.217107290729 4.148427523214191e-21
759.3158697569756 4.147940489216123e-21
759.4146322232223 4.147453568936823e-21
759.5133946894689 4.146966762336719e-21
759.6121571557155 4.146480069376252e-21
759.7109196219621 4.145993490015884e-21
759.8096820882088 4.145507024216096e-21
759.9084445544554 4.145020671937387e-21
760.007207020702 4.144534433140271e-21
760.1059694869487 4.144048307785283e-21
760.2047319531953 4.1435622958329765e-21
760.3034944194419 4.1430763972439255e-21
760.4022568856885 4.142590611978711e-21
760.5010193519352 4.142104939997946e-21
760.5997818181818 4.141619381262256e-21
760.6985442844284 4.141133935732283e-21
760.797306750675 4.140648603368688e-21
760.8960692169217 4.1401633841321496e-21
760.9948316831683 4.1396782779833694e-21
761.0935941494149 4.13919328488306e-21
761.1923566156615 4.138708404791955e-21
761.2911190819082 4.138223637670808e-21
761.3898815481548 4.137738983480387e-21
761.4886440144014 4.137254442181481e-21
761.587406480648 4.136770013734896e-21
761.6861689468947 4.136285698101455e-21
761.7849314131413 4.135801495242001e-21
761.8836938793879 4.135317405117396e-21
761.9824563456345 4.134833427688514e-21
762.0812188118812 4.1343495629162516e-21
762.1799812781278 4.133865810761523e-21
762.2787437443744 4.133382171185261e-21
762.377506210621 4.132898644148414e-21
762.4762686768677 4.132415229611951e-21
762.5750311431143 4.131931927536858e-21
762.6737936093609 4.131448737884137e-21
762.7725560756076 4.130965660614809e-21
762.8713185418542 4.130482695689915e-21
762.9700810081008 4.129999843070512e-21
763.0688434743474 4.129517102717673e-21
763.1676059405941 4.1290344745924925e-21
763.2663684068407 4.12855195865608e-21
763.3651308730873 4.128069554869566e-21
763.4638933393339 4.127587263194096e-21
763.5626558055806 4.1271050835908325e-21
763.6614182718272 4.126623016020961e-21
763.7601807380738 4.1261410604456795e-21
763.8589432043204 4.125659216826205e-21
763.9577056705671 4.125177485123772e-21
764.0564681368137 4.1246958652996364e-21
764.1552306030603 4.124214357315066e-21
764.253993069307 4.123732961131352e-21
764.3527555355536 4.1232516767098005e-21
764.4515180018002 4.122770504011734e-21
764.5502804680468 4.122289442998497e-21
764.6490429342934 4.121808493631447e-21
764.7478054005401 4.121327655871959e-21
764.8465678667867 4.120846929681431e-21
764.9453303330333 4.120366315021277e-21
765.04409279928 4.119885811852924e-21
765.1428552655266 4.119405420137822e-21
765.2416177317732 4.118925139837435e-21
765.3403801980198 4.1184449709132474e-21
765.4391426642665 4.117964913326758e-21
765.5379051305131 4.117484967039488e-21
765.6366675967597 4.117005132012973e-21
765.7354300630063 4.116525408208764e-21
765.834192529253 4.1160457955884335e-21
765.9329549954996 4.115566294113573e-21
766.0317174617462 4.115086903745787e-21
766.1304799279928 4.114607624446696e-21
766.2292423942395 4.1141284561779466e-21
766.3280048604861 4.113649398901194e-21
766.4267673267327 4.113170452578119e-21
766.5255297929793 4.11269161717041e-21
766.624292259226 4.1122128926397836e-21
766.7230547254726 4.111734278947967e-21
766.8218171917191 4.111255776056705e-21
766.9205796579657 4.1107773839277645e-21
767.0193421242124 4.1102991025229265e-21
767.118104590459 4.109820931803986e-21
767.2168670567056 4.1093428717327636e-21
767.3156295229522 4.108864922271092e-21
767.4143919891989 4.108387083380823e-21
767.5131544554455 4.107909355023823e-21
767.6119169216921 4.107431737161981e-21
767.7106793879387 4.1069542297571986e-21
767.8094418541854 4.106476832771397e-21
767.908204320432 4.105999546166514e-21
768.0069667866786 4.105522369904507e-21
768.1057292529252 4.105045303947347e-21
768.2044917191719 4.104568348257026e-21
768.3032541854185 4.104091502795548e-21
768.4020166516651 4.1036147675249434e-21
768.5007791179117 4.10313814240725e-21
768.5995415841584 4.102661627404528e-21
768.698304050405 4.1021852224788575e-21
768.7970665166516 4.10170892759233e-21
768.8958289828983 4.101232742707057e-21
768.9945914491449 4.1007566677851665e-21
769.0933539153915 4.100280702788806e-21
769.1921163816381 4.099804847680142e-21
769.2908788478848 4.099329102421346e-21
769.3896413141314 4.098853466974624e-21
769.488403780378 4.098377941302188e-21
769.5871662466246 4.09790252536627e-21
769.6859287128713 4.09742721912912e-21
769.7846911791179 4.0969520225530025e-21
769.8834536453645 4.0964769356002025e-21
769.9822161116111 4.0960019582330216e-21
770.0809785778578 4.095527090413779e-21
770.1797410441044 4.095052332104807e-21
770.278503510351 4.0945776832684584e-21
770.3772659765976 4.094103143867105e-21
770.4760284428443 4.0936287138631314e-21
770.5747909090909 4.0931543932189415e-21
770.6735533753375 4.092680181896958e-21
770.7723158415841 4.092206079859615e-21
770.8710783078308 4.091732087069372e-21
770.9698407740774 4.0912582034886976e-21
771.068603240324 4.090784429080083e-21
771.1673657065706 4.090310763806034e-21
771.2661281728173 4.089837207629072e-21
771.3648906390639 4.089363760511739e-21
771.4636531053105 4.088890422416592e-21
771.5624155715572 4.088417193306207e-21
771.6611780378038 4.087944073143173e-21
771.7599405040504 4.087471061890099e-21
771.858702970297 4.0869981595096124e-21
771.9574654365437 4.086525365964352e-21
772.0562279027903 4.086052681216979e-21
772.1549903690369 4.085580105230169e-21
772.2537528352835 4.085107637966615e-21
772.3525153015302 4.084635279389028e-21
772.4512777677768 4.084163029460137e-21
772.5500402340234 4.0836908881426826e-21
772.64880270027 4.083218855399425e-21
772.7475651665167 4.082746931193147e-21
772.8463276327633 4.0822751154866374e-21
772.9450900990099 4.081803408242713e-21
773.0438525652565 4.081331809424198e-21
773.1426150315032 4.080860318993941e-21
773.2413774977498 4.080388936914804e-21
773.3401399639964 4.079917663149662e-21
773.438902430243 4.079446497661415e-21
773.5376648964897 4.078975440412975e-21
773.6364273627363 4.0785044913672715e-21
773.7351898289829 4.078033650487248e-21
773.8339522952296 4.0775629177358705e-21
773.9327147614762 4.07709229307612e-21
774.0314772277228 4.0766217764709905e-21
774.1302396939694 4.076151367883498e-21
774.229002160216 4.075681067276671e-21
774.3277646264627 4.0752108746135544e-21
774.4265270927093 4.074740789857214e-21
774.5252895589559 4.074270812970734e-21
774.6240520252026 4.073800943917205e-21
774.7228144914492 4.0733311826597466e-21
774.8215769576958 4.072861529161487e-21
774.9203394239424 4.072391983385571e-21
775.0191018901891 4.0719225452951654e-21
775.1178643564357 4.071453214853451e-21
775.2166268226822 4.070983992023626e-21
775.3153892889288 4.0705148767689e-21
775.4141517551755 4.07004586905251e-21
775.5129142214221 4.0695769688376985e-21
775.6116766876687 4.069108176087729e-21
775.7104391539153 4.0686394907658865e-21
775.809201620162 4.068170912835463e-21
775.9079640864086 4.0677024422597756e-21
776.0067265526552 4.067234079002155e-21
776.1054890189018 4.066765823025946e-21
776.2042514851485 4.066297674294514e-21
776.3030139513951 4.065829632771237e-21
776.4017764176417 4.0653616984195116e-21
776.5005388838883 4.064893871202753e-21
776.599301350135 4.06442615108439e-21
776.6980638163816 4.063958538027869e-21
776.7968262826282 4.063491031996653e-21
776.8955887488748 4.06302363295422e-21
776.9943512151215 4.062556340864067e-21
777.0931136813681 4.062089155689705e-21
777.1918761476147 4.061622077394664e-21
777.2906386138613 4.06115510594249e-21
777.389401080108 4.0606882412967426e-21
777.4881635463546 4.060221483421e-21
777.5869260126012 4.059754832278859e-21
777.6856884788479 4.059288287833928e-21
777.7844509450945 4.058821850049836e-21
777.8832134113411 4.058355518890225e-21
777.9819758775877 4.0578892943187585e-21
778.0807383438344 4.057423176299112e-21
778.179500810081 4.0569571647949755e-21
778.2782632763276 4.056491259770063e-21
778.3770257425742 4.056025461188097e-21
778.4757882088209 4.055559769012819e-21
778.5745506750675 4.055094183207993e-21
778.6733131413141 4.05462870373739e-21
778.7720756075607 4.0541633305647974e-21
778.8708380738074 4.0536980636540295e-21
778.969600540054 4.053232902968907e-21
779.0683630063006 4.052767848473271e-21
779.1671254725472 4.052302900130976e-21
779.2658879387939 4.051838057905898e-21
779.3646504050405 4.051373321761923e-21
779.4634128712871 4.050908691662956e-21
779.5621753375337 4.050444167572921e-21
779.6609378037804 4.049979749455755e-21
779.759700270027 4.049515437275411e-21
779.8584627362736 4.0490512309958604e-21
779.9572252025202 4.0485871305810894e-21
780.0559876687669 4.048123135995103e-21
780.1547501350135 4.047659247201915e-21
780.2535126012601 4.047195464165564e-21
780.3522750675068 4.0467317868501e-21
780.4510375337534 4.0462682152195906e-21
780.5498 4.045804749238122e-21
780.6485624662466 4.045341388869791e-21
780.7473249324933 4.044878134078715e-21
780.8460873987399 4.044414984829026e-21
780.9448498649865 4.0439519410848715e-21
781.0436123312331 4.0434890028104165e-21
781.1423747974798 4.0430261699698415e-21
781.2411372637264 4.0425634425273414e-21
781.339899729973 4.0421008204471325e-21
781.4386621962196 4.041638303693441e-21
781.5374246624663 4.0411758922305145e-21
781.6361871287129 4.040713586022609e-21
781.7349495949595 4.040251385034006e-21
781.8337120612061 4.0397892892289966e-21
781.9324745274528 4.039327298571891e-21
782.0312369936994 4.038865413027012e-21
782.129999459946 4.038403632558705e-21
782.2287619261926 4.037941957131322e-21
782.3275243924393 4.037480386709241e-21
782.4262868586859 4.037018921256847e-21
782.5250493249325 4.03655756073855e-21
782.6238117911792 4.036096305118768e-21
782.7225742574258 4.035635154361938e-21
782.8213367236724 4.035174108432514e-21
782.920099189919 4.0347131672949655e-21
783.0188616561657 4.034252330913777e-21
783.1176241224123 4.033791599253448e-21
783.2163865886589 4.033330972278498e-21
783.3151490549055 4.032870449953459e-21
783.4139115211522 4.032410032242878e-21
783.5126739873988 4.0319497191113235e-21
783.6114364536453 4.0314895105233725e-21
783.7101989198919 4.031029406443623e-21
783.8089613861385 4.030569406836685e-21
783.9077238523852 4.0301095116671915e-21
784.0064863186318 4.029649720899783e-21
784.1052487848784 4.0291900344991175e-21
784.204011251125 4.028730452429875e-21
784.3027737173717 4.028270974656745e-21
784.4015361836183 4.027811601144435e-21
784.5002986498649 4.0273523318576684e-21
784.5990611161116 4.0268931667611835e-21
784.6978235823582 4.026434105819737e-21
784.7965860486048 4.025975148998098e-21
784.8953485148514 4.025516296261052e-21
784.9941109810981 4.0250575475734044e-21
785.0928734473447 4.024598902899969e-21
785.1916359135913 4.02414036220558e-21
785.2903983798379 4.023681925455091e-21
785.3891608460846 4.0232235926133635e-21
785.4879233123312 4.022765363645281e-21
785.5866857785778 4.022307238515735e-21
785.6854482448244 4.0218492171896415e-21
785.7842107110711 4.02139129963193e-21
785.8829731773177 4.02093348580754e-21
785.9817356435643 4.0204757756814336e-21
786.080498109811 4.020018169218587e-21
786.1792605760576 4.019560666383988e-21
786.2780230423042 4.019103267142645e-21
786.3767855085508 4.0186459714595794e-21
786.4755479747975 4.018188779299827e-21
786.5743104410441 4.017731690628444e-21
786.6730729072907 4.017274705410496e-21
786.7718353735373 4.016817823611073e-21
786.870597839784 4.016361045195269e-21
786.9693603060306 4.015904370128204e-21
787.0681227722772 4.0154477983750066e-21
787.1668852385238 4.014991329900826e-21
787.2656477047705 4.0145349646708244e-21
787.3644101710171 4.0140787026501785e-21
787.4631726372637 4.01362254380408e-21
787.5619351035103 4.0131664880977435e-21
787.660697569757 4.01271053549639e-21
787.7594600360036 4.012254685965261e-21
787.8582225022502 4.0117989394696095e-21
787.9569849684968 4.0113432959747105e-21
788.0557474347435 4.0108877554458455e-21
788.1545099009901 4.0104323178483244e-21
788.2532723672367 4.0099769831474595e-21
788.3520348334833 4.0095217513085855e-21
788.45079729973 4.009066622297049e-21
788.5495597659766 4.008611596078218e-21
788.6483222322232 4.0081566726174686e-21
788.7470846984698 4.0077018518801985e-21
788.8458471647165 4.007247133831816e-21
788.9446096309631 4.006792518437747e-21
789.0433720972097 4.006338005663434e-21
789.1421345634564 4.005883595474334e-21
789.240897029703 4.005429287835917e-21
789.3396594959496 4.004975082713672e-21
789.4384219621962 4.004520980073104e-21
789.5371844284429 4.004066979879728e-21
789.6359468946895 4.003613082099076e-21
789.7347093609361 4.003159286696702e-21
789.8334718271827 4.002705593638167e-21
789.9322342934294 4.002252002889051e-21
790.030996759676 4.001798514414951e-21
790.1297592259226 4.001345128181475e-21
790.2285216921692 4.000891844154248e-21
790.3272841584159 4.000438662298914e-21
790.4260466246625 3.999985582581127e-21
790.5248090909091 3.999532604966559e-21
790.6235715571557 3.999079729420897e-21
790.7223340234024 3.998626955909844e-21
790.821096489649 3.998174284399114e-21
790.9198589558956 3.997721714854443e-21
791.0186214221422 3.997269247241578e-21
791.1173838883889 3.996816881526282e-21
791.2161463546355 3.996364617674333e-21
791.3149088208821 3.9959124556515234e-21
791.4136712871288 3.995460395423664e-21
791.5124337533754 3.9950084369565775e-21
791.611196219622 3.9945565802161044e-21
791.7099586858686 3.9941048251680975e-21
791.8087211521153 3.9936531717784256e-21
791.9074836183619 3.9932016200129765e-21
792.0062460846085 3.992750169837647e-21
792.105008550855 3.992298821218355e-21
792.2037710171016 3.991847574121028e-21
792.3025334833483 3.991396428511611e-21
792.4012959495949 3.990945384356067e-21
792.5000584158415 3.990494441620369e-21
792.5988208820881 3.990043600270511e-21
792.6975833483348 3.989592860272495e-21
792.7963458145814 3.989142221592343e-21
792.895108280828 3.988691684196093e-21
792.9938707470747 3.988241248049794e-21
793.0926332133213 3.987790913119513e-21
793.1913956795679 3.98734067937133e-21
793.2901581458145 3.986890546771341e-21
793.3889206120612 3.986440515285659e-21
793.4876830783078 3.9859905848804115e-21
793.5864455445544 3.985540755521735e-21
793.685208010801 3.98509102717579e-21
793.7839704770477 3.9846413998087474e-21
793.8827329432943 3.984191873386791e-21
793.9814954095409 3.983742447876124e-21
794.0802578757875 3.9832931232429625e-21
794.1790203420342 3.982843899453539e-21
794.2777828082808 3.982394776474099e-21
794.3765452745274 3.9819457542709026e-21
794.475307740774 3.981496832810229e-21
794.5740702070207 3.981048012058366e-21
794.6728326732673 3.980599291981621e-21
794.7715951395139 3.980150672546315e-21
794.8703576057605 3.979702153718784e-21
794.9691200720072 3.979253735465379e-21
795.0678825382538 3.978805417752467e-21
795.1666450045004 3.978357200546426e-21
795.265407470747 3.9779090838136546e-21
795.3641699369937 3.977461067520559e-21
795.4629324032403 3.97701315163357e-21
795.5616948694869 3.976565336119125e-21
795.6604573357336 3.976117620943678e-21
795.7592198019802 3.975670006073701e-21
795.8579822682268 3.9752224914756785e-21
795.9567447344734 3.974775077116108e-21
796.0555072007201 3.974327762961506e-21
796.1542696669667 3.9738805489784016e-21
796.2530321332133 3.973433435133338e-21
796.3517945994599 3.972986421392875e-21
796.4505570657066 3.972539507723585e-21
796.5493195319532 3.9720926940920556e-21
796.6480819981998 3.971645980464893e-21
796.7468444644464 3.971199366808713e-21
796.8456069306931 3.970752853090149e-21
796.9443693969397 3.97030643927585e-21
797.0431318631863 3.969860125332475e-21
797.141894329433 3.969413911226703e-21
797.2406567956796 3.968967796925226e-21
797.3394192619262 3.968521782394749e-21
797.4381817281728 3.968075867601992e-21
797.5369441944194 3.967630052513695e-21
797.6357066606661 3.9671843370966055e-21
797.7344691269127 3.96673872131749e-21
797.8332315931593 3.966293205143127e-21
797.931994059406 3.965847788540312e-21
798.0307565256526 3.965402471475854e-21
798.1295189918992 3.964957253916577e-21
798.2282814581458 3.9645121358293176e-21
798.3270439243925 3.9640671171809324e-21
798.4258063906391 3.9636221979382875e-21
798.5245688568857 3.963177378068265e-21
798.6233313231323 3.962732657537763e-21
798.722093789379 3.962288036313692e-21
798.8208562556256 3.961843514362978e-21
798.9196187218722 3.9613990916525626e-21
799.0183811881188 3.960954768149403e-21
799.1171436543655 3.960510543820464e-21
799.2159061206121 3.960066418632735e-21
799.3146685868587 3.959622392553214e-21
799.4134310531053 3.959178465548915e-21
799.512193519352 3.958734637586863e-21
799.6109559855986 3.958290908634106e-21
799.7097184518452 3.9578472786576955e-21
799.8084809180918 3.9574037476247075e-21
799.9072433843385 3.9569603155022266e-21
800.0060058505851 3.9565169822573546e-21
800.1047683168317 3.9560737478572056e-21
800.2035307830783 3.95563061226891e-21
800.302293249325 3.9551875754596114e-21
800.4010557155716 3.954744637396471e-21
800.4998181818181 3.9543017980466615e-21
800.5985806480647 3.953859057377367e-21
800.6973431143114 3.953416415355793e-21
800.796105580558 3.952973871949152e-21
800.8948680468046 3.952531427124682e-21
800.9936305130512 3.952089080849621e-21
801.0923929792979 3.951646833091235e-21
801.1911554455445 3.951204683816793e-21
801.2899179117911 3.950762632993586e-21
801.3886803780377 3.950320680588918e-21
801.4874428442844 3.949878826570106e-21
801.586205310531 3.94943707090448e-21
801.6849677767776 3.948995413559388e-21
801.7837302430243 3.94855385450219e-21
801.8824927092709 3.948112393700261e-21
801.9812551755175 3.947671031120989e-21
802.0800176417641 3.947229766731779e-21
802.1787801080108 3.9467886005000504e-21
802.2775425742574 3.94634753239323e-21
802.376305040504 3.94590656237877e-21
802.4750675067506 3.945465690424129e-21
802.5738299729973 3.9450249164967815e-21
802.6725924392439 3.9445842405642165e-21
802.7713549054905 3.944143662593941e-21
802.8701173717371 3.94370318255347e-21
802.9688798379838 3.943262800410336e-21
803.0676423042304 3.9428225161320884e-21
803.166404770477 3.9423823296862835e-21
803.2651672367236 3.9419422410404996e-21
803.3639297029703 3.9415022501623225e-21
803.4626921692169 3.94106235701936e-21
803.5614546354635 3.940622561579228e-21
803.6602171017101 3.940182863809557e-21
803.7589795679568 3.939743263677994e-21
803.8577420342034 3.9393037611522e-21
803.95650450045 3.93886435619985e-21
804.0552669666966 3.938425048788631e-21
804.1540294329433 3.937985838886247e-21
804.2527918991899 3.937546726460414e-21
804.3515543654365 3.9371077114788646e-21
804.4503168316832 3.936668793909344e-21
804.5490792979298 3.936229973719609e-21
804.6478417641764 3.935791250877437e-21
804.746604230423 3.9353526253506136e-21
804.8453666966697 3.934914097106942e-21
804.9441291629163 3.934475666114237e-21
805.0428916291629 3.934037332340328e-21
805.1416540954095 3.933599095753061e-21
805.2404165616562 3.933160956320294e-21
805.3391790279028 3.9327229140099e-21
805.4379414941494 3.9322849687897614e-21
805.536703960396 3.9318471206277835e-21
805.6354664266427 3.931409369491878e-21
805.7342288928893 3.9309717153499764e-21
805.8329913591359 3.9305341581700176e-21
805.9317538253825 3.93009669791996e-21
806.0305162916292 3.929659334567776e-21
806.1292787578758 3.929222068081447e-21
806.2280412241224 3.928784898428977e-21
806.326803690369 3.928347825578373e-21
806.4255661566157 3.9279108494976646e-21
806.5243286228623 3.927473970154892e-21
806.6230910891089 3.92703718751811e-21
806.7218535553556 3.926600501555389e-21
806.8206160216022 3.926163912234807e-21
806.9193784878488 3.9257274195244656e-21
807.0181409540954 3.925291023392474e-21
807.116903420342 3.924854723806955e-21
807.2156658865887 3.924418520736051e-21
807.3144283528353 3.923982414147909e-21
807.4131908190819 3.9235464040107e-21
807.5119532853286 3.923110490292602e-21
807.6107157515752 3.92267467296181e-21
807.7094782178218 3.92223895198653e-21
807.8082406840684 3.921803327334986e-21
807.9070031503151 3.921367798975416e-21
808.0057656165617 3.920932366876065e-21
808.1045280828083 3.9204970310052006e-21
808.2032905490549 3.920061791331098e-21
808.3020530153016 3.919626647822048e-21
808.4008154815482 3.9191916004463556e-21
808.4995779477948 3.918756649172341e-21
808.5983404140414 3.91832179396834e-21
808.6971028802881 3.917887034802695e-21
808.7958653465347 3.917452371643766e-21
808.8946278127813 3.917017804459931e-21
808.9933902790278 3.916583333219575e-21
809.0921527452745 3.9161489578911024e-21
809.1909152115211 3.915714678442925e-21
809.2896776777677 3.915280494843478e-21
809.3884401440143 3.9148464070611994e-21
809.487202610261 3.9144124150645485e-21
809.5859650765076 3.9139785188219965e-21
809.6847275427542 3.9135447183020236e-21
809.7834900090008 3.9131110134731364e-21
809.8822524752475 3.912677404303838e-21
809.9810149414941 3.912243890762661e-21
810.0797774077407 3.911810472818139e-21
810.1785398739873 3.911377150438831e-21
810.277302340234 3.9109439235933e-21
810.3760648064806 3.910510792250127e-21
810.4748272727272 3.910077756377907e-21
810.5735897389739 3.909644815945248e-21
810.6723522052205 3.90921197092077e-21
810.7711146714671 3.908779221273111e-21
810.8698771377137 3.9083465669709174e-21
810.9686396039604 3.9079140079828534e-21
811.067402070207 3.9074815442775945e-21
811.1661645364536 3.90704917582383e-21
811.2649270027002 3.906616902590266e-21
811.3636894689469 3.906184724545615e-21
811.4624519351935 3.905752641658614e-21
811.5612144014401 3.905320653898001e-21
811.6599768676867 3.904888761232539e-21
811.7587393339334 3.904456963630996e-21
811.85750180018 3.904025261062158e-21
811.9562642664266 3.9035936534948246e-21
812.0550267326732 3.903162140897808e-21
812.1537891989199 3.9027307232399335e-21
812.2525516651665 3.902299400490041e-21
812.3513141314131 3.901868172616984e-21
812.4500765976597 3.901437039589628e-21
812.5488390639064 3.9010060013768544e-21
812.647601530153 3.900575057947553e-21
812.7463639963996 3.900144209270636e-21
812.8451264626462 3.89971345531502e-21
812.9438889288929 3.899282796049641e-21
813.0426513951395 3.898852231443447e-21
813.1414138613861 3.898421761465397e-21
813.2401763276328 3.897991386084468e-21
813.3389387938794 3.897561105269649e-21
813.437701260126 3.897130918989938e-21
813.5364637263726 3.896700827214353e-21
813.6352261926193 3.89627082991192e-21
813.7339886588659 3.895840927051681e-21
813.8327511251125 3.895411118602695e-21
813.9315135913591 3.8949814045340275e-21
814.0302760576058 3.8945517848147605e-21
814.1290385238524 3.894122259413992e-21
814.227800990099 3.89369282830083e-21
814.3265634563456 3.893263491444396e-21
814.4253259225923 3.892834248813828e-21
814.5240883888389 3.89240510037827e-21
814.6228508550855 3.891976046106893e-21
814.7216133213321 3.891547085968865e-21
814.8203757875788 3.891118219933382e-21
814.9191382538254 3.890689447969643e-21
815.017900720072 3.890260770046862e-21
815.1166631863186 3.889832186134274e-21
815.2154256525653 3.889403696201117e-21
815.3141881188119 3.88897530021665e-21
815.4129505850585 3.8885469981501426e-21
815.5117130513052 3.888118789970877e-21
815.6104755175518 3.887690675648147e-21
815.7092379837984 3.887262655151265e-21
815.808000450045 3.886834728449552e-21
815.9067629162917 3.8864068955123455e-21
816.0055253825383 3.885979156308993e-21
816.1042878487849 3.885551510808859e-21
816.2030503150315 3.885123958981316e-21
816.3018127812782 3.884696500795758e-21
816.4005752475248 3.8842691362215814e-21
816.4993377137714 3.883841865228208e-21
816.598100180018 3.883414687785062e-21
816.6968626462647 3.882987603861588e-21
816.7956251125113 3.882560613427239e-21
816.8943875787579 3.8821337164514855e-21
816.9931500450045 3.8817069129038105e-21
817.0919125112512 3.881280202753703e-21
817.1906749774978 3.880853585970678e-21
817.2894374437444 3.880427062524253e-21
817.3881999099909 3.880000632383964e-21
817.4869623762376 3.879574295519357e-21
817.5857248424842 3.8791480518999956e-21
817.6844873087308 3.87872190149545e-21
817.7832497749774 3.878295844275312e-21
817.8820122412241 3.877869880209176e-21
817.9807747074707 3.877444009266662e-21
818.0795371737173 3.877018231417393e-21
818.1782996399639 3.876592546631008e-21
818.2770621062106 3.876166954877161e-21
818.3758245724572 3.875741456125519e-21
818.4745870387038 3.8753160503457595e-21
818.5733495049504 3.874890737507573e-21
818.6721119711971 3.87446551758067e-21
818.7708744374437 3.874040390534765e-21
818.8696369036903 3.873615356339589e-21
818.968399369937 3.873190414964888e-21
819.0671618361836 3.872765566380419e-21
819.1659243024302 3.8723408105559545e-21
819.2646867686768 3.871916147461276e-21
819.3634492349235 3.8714915770661795e-21
819.4622117011701 3.871067099340475e-21
819.5609741674167 3.870642714253989e-21
819.6597366336633 3.870218421776551e-21
819.75849909991 3.8697942218780166e-21
819.8572615661566 3.869370114528243e-21
819.9560240324032 3.868946099697105e-21
820.0547864986498 3.8685221773544926e-21
820.1535489648965 3.868098347470307e-21
820.2523114311431 3.867674610014457e-21
820.3510738973897 3.8672509649568766e-21
820.4498363636363 3.8668274122675e-21
820.548598829883 3.8664039519162844e-21
820.6473612961296 3.865980583873191e-21
820.7461237623762 3.865557308108199e-21
820.8448862286228 3.865134124591303e-21
820.9436486948695 3.864711033292505e-21
821.0424111611161 3.864288034181823e-21
821.1411736273627 3.863865127229287e-21
821.2399360936093 3.8634423124049406e-21
821.338698559856 3.863019589678839e-21
821.4374610261026 3.862596959021052e-21
821.5362234923492 3.862174420401663e-21
821.6349859585958 3.861751973790763e-21
821.7337484248425 3.861329619158465e-21
821.8325108910891 3.860907356474886e-21
821.9312733573357 3.860485185710157e-21
822.0300358235824 3.860063106834428e-21
822.128798289829 3.859641119817858e-21
822.2275607560756 3.859219224630619e-21
822.3263232223222 3.8587974212428934e-21
822.4250856885689 3.8583757096248824e-21
822.5238481548155 3.857954089746792e-21
822.6226106210621 3.857532561578849e-21
822.7213730873087 3.857111125091288e-21
822.8201355535554 3.8566897802543566e-21
822.918898019802 3.85626852703832e-21
823.0176604860486 3.8558473654134505e-21
823.1164229522952 3.855426295350035e-21
823.2151854185419 3.855005316818373e-21
823.3139478847885 3.854584429788779e-21
823.4127103510351 3.854163634231578e-21
823.5114728172817 3.853742930117105e-21
823.6102352835284 3.853322317415719e-21
823.708997749775 3.852901796097775e-21
823.8077602160216 3.8524813661336536e-21
823.9065226822682 3.852061027493745e-21
824.0052851485149 3.851640780148449e-21
824.1040476147615 3.8512206240681816e-21
824.2028100810081 3.8508005592233705e-21
824.3015725472548 3.850380585584452e-21
824.4003350135014 3.8499607031218845e-21
824.499097479748 3.849540911806129e-21
824.5978599459946 3.849121211607666e-21
824.6966224122413 3.8487016024969855e-21
824.7953848784879 3.848282084444591e-21
824.8941473447345 3.847862657420998e-21
824.9929098109811 3.847443321396738e-21
825.0916722772278 3.847024076342348e-21
825.1904347434744 3.8466049222283855e-21
825.289197209721 3.846185859025415e-21
825.3879596759676 3.845766886704018e-21
825.4867221422143 3.845348005234785e-21
825.5854846084609 3.84492921458832e-21
825.6842470747075 3.844510514735242e-21
825.783009540954 3.84409190564618e-21
825.8817720072007 3.8436733872917744e-21
825.9805344734473 3.843254959642683e-21
826.0792969396939 3.8428366226695726e-21
826.1780594059405 3.8424183763431215e-21
826.2768218721872 3.842000220634025e-21
826.3755843384338 3.841582155512985e-21
826.4743468046804 3.841164180950724e-21
826.573109270927 3.840746296917968e-21
826.6718717371737 3.8403285033854596e-21
826.7706342034203 3.839910800323958e-21
826.8693966696669 3.839493187704227e-21
826.9681591359135 3.83907566549705e-21
827.0669216021602 3.83865823367322e-21
827.1656840684068 3.83824089220354e-21
827.2644465346534 3.83782364105883e-21
827.3632090009 3.837406480209918e-21
827.4619714671467 3.836989409627649e-21
827.5607339333933 3.836572429282878e-21
827.6594963996399 3.836155539146474e-21
827.7582588658865 3.8357387391893125e-21
827.8570213321332 3.835322029382293e-21
827.9557837983798 3.834905409696316e-21
828.0545462646264 3.8344888801023024e-21
828.153308730873 3.8340724405711796e-21
828.2520711971197 3.833656091073889e-21
828.3508336633663 3.83323983158139e-21
828.4495961296129 3.832823662064647e-21
828.5483585958596 3.83240758249464e-21
828.6471210621062 3.8319915928423626e-21
828.7458835283528 3.831575693078817e-21
828.8446459945994 3.831159883175023e-21
828.9434084608461 3.830744163102007e-21
829.0421709270927 3.8303285328308146e-21
829.1409333933393 3.8299129923324956e-21
829.2396958595859 3.82949754157812e-21
829.3384583258326 3.829082180538764e-21
829.4372207920792 3.828666909185522e-21
829.5359832583258 3.828251727489493e-21
829.6347457245724 3.827836635421797e-21
829.7335081908191 3.827421632953563e-21
829.8322706570657 3.827006720055926e-21
829.9310331233123 3.826591896700043e-21
830.029795589559 3.826177162857077e-21
830.1285580558056 3.825762518498208e-21
830.2273205220522 3.825347963594625e-21
830.3260829882988 3.8249334981175295e-21
830.4248454545454 3.824519122038136e-21
830.5236079207921 3.824104835327671e-21
830.6223703870387 3.823690637957374e-21
830.7211328532853 3.823276529898497e-21
830.819895319532 3.8228625111223e-21
830.9186577857786 3.822448581600063e-21
831.0174202520252 3.822034741303071e-21
831.1161827182718 3.821620990202627e-21
831.2149451845185 3.8212073282700405e-21
831.3137076507651 3.820793755476637e-21
831.4124701170117 3.8203802717937534e-21
831.5112325832583 3.8199668771927395e-21
831.609995049505 3.8195535716449575e-21
831.7087575157516 3.819140355121778e-21
831.8075199819982 3.818727227594591e-21
831.9062824482448 3.81831418903479e-21
832.0050449144915 3.817901239413787e-21
832.1038073807381 3.817488378703005e-21
832.2025698469847 3.817075606873877e-21
832.3013323132313 3.816662923897851e-21
832.400094779478 3.816250329746385e-21
832.4988572457246 3.8158378243909506e-21
832.5976197119712 3.81542540780303e-21
832.6963821782178 3.8150130799541185e-21
832.7951446444645 3.814600840815725e-21
832.8939071107111 3.814188690359365e-21
832.9926695769577 3.813776628556576e-21
833.0914320432043 3.8133646553788965e-21
833.190194509451 3.812952770797885e-21
833.2889569756976 3.812540974785107e-21
833.3877194419442 3.8121292673121455e-21
833.4864819081909 3.811717648350591e-21
833.5852443744375 3.81130611787205e-21
833.6840068406841 3.8108946758481334e-21
833.7827693069307 3.810483322250474e-21
833.8815317731774 3.810072057050712e-21
833.980294239424 3.809660880220497e-21
834.0790567056706 3.8092497917314985e-21
834.1778191719171 3.808838791555389e-21
834.2765816381637 3.808427879663855e-21
834.3753441044104 3.8080170560286025e-21
834.474106570657 3.8076063206213426e-21
834.5728690369036 3.807195673413797e-21
834.6716315031503 3.806785114377706e-21
834.7703939693969 3.806374643484815e-21
834.8691564356435 3.8059642607068874e-21
834.9679189018901 3.805553966015693e-21
835.0666813681368 3.805143759383019e-21
835.1654438343834 3.804733640780663e-21
835.26420630063 3.80432361018043e-21
835.3629687668766 3.8039136675541435e-21
835.4617312331233 3.803503812873634e-21
835.5604936993699 3.803094046110748e-21
835.6592561656165 3.802684367237338e-21
835.7580186318631 3.802274776225277e-21
835.8567810981098 3.801865273046442e-21
835.9555435643564 3.801455857672728e-21
836.054306030603 3.801046530076037e-21
836.1530684968496 3.800637290228288e-21
836.2518309630963 3.800228138101405e-21
836.3505934293429 3.79981907366733e-21
836.4493558955895 3.799410096898015e-21
836.5481183618361 3.799001207765423e-21
836.6468808280828 3.7985924062415286e-21
836.7456432943294 3.798183692298321e-21
836.844405760576 3.7977750659077994e-21
836.9431682268226 3.797366527041974e-21
837.0419306930693 3.796958075672868e-21
837.1406931593159 3.7965497117725164e-21
837.2394556255625 3.796141435312968e-21
837.3382180918092 3.795733246266278e-21
837.4369805580558 3.795325144604519e-21
837.5357430243024 3.794917130299771e-21
837.634505490549 3.794509203324132e-21
837.7332679567957 3.794101363649703e-21
837.8320304230423 3.793693611248606e-21
837.9307928892889 3.793285946092969e-21
838.0295553555355 3.792878368154932e-21
838.1283178217822 3.792470877406651e-21
838.2270802880288 3.792063473820288e-21
838.3258427542754 3.791656157368019e-21
838.424605220522 3.791248928022037e-21
838.5233676867687 3.790841785754537e-21
838.6221301530153 3.790434730537734e-21
838.7208926192619 3.790027762343851e-21
838.8196550855085 3.789620881145123e-21
838.9184175517552 3.7892140869138e-21
839.0171800180018 3.788807379622137e-21
839.1159424842484 3.7884007592424076e-21
839.214704950495 3.787994225746891e-21
839.3134674167417 3.787587779107883e-21
839.4122298829883 3.787181419297692e-21
839.5109923492349 3.786775146288633e-21
839.6097548154816 3.7863689600530336e-21
839.7085172817282 3.785962860563236e-21
839.8072797479748 3.785556847791596e-21
839.9060422142214 3.785150921710473e-21
840.004804680468 3.784745082292248e-21
840.1035671467147 3.784339329509302e-21
840.2023296129613 3.783933663334042e-21
840.3010920792079 3.7835280837388726e-21
840.3998545454546 3.78312259069622e-21
840.4986170117012 3.7827171841785195e-21
840.5973794779478 3.782311864158213e-21
840.6961419441944 3.7819066306077585e-21
840.7949044104411 3.781501483499628e-21
840.8936668766877 3.781096422806302e-21
840.9924293429343 3.780691448500271e-21
841.0911918091809 3.780286560554039e-21
841.1899542754276 3.7798817589401236e-21
841.2887167416742 3.779477043631049e-21
841.3874792079208 3.7790724145993585e-21
841.4862416741674 3.778667871817599e-21
841.5850041404141 3.778263415258332e-21
841.6837666066607 3.7778590448941316e-21
841.7825290729073 3.777454760697586e-21
841.881291539154 3.777050562641289e-21
841.9800540054006 3.776646450697847e-21
842.0788164716472 3.776242424839883e-21
842.1775789378938 3.775838485040028e-21
842.2763414041405 3.775434631270923e-21
842.3751038703871 3.775030863505223e-21
842.4738663366337 3.7746271817155944e-21
842.5726288028803 3.774223585874715e-21
842.6713912691268 3.773820075955274e-21
842.7701537353735 3.77341665192997e-21
842.8689162016201 3.773013313771516e-21
842.9676786678667 3.772610061452633e-21
843.0664411341133 3.7722068949460615e-21
843.16520360036 3.771803814224543e-21
843.2639660666066 3.771400819260836e-21
843.3627285328532 3.770997910027712e-21
843.4614909990999 3.770595086497948e-21
843.5602534653465 3.7701923486443416e-21
843.6590159315931 3.7697896964396926e-21
843.7577783978397 3.7693871298568145e-21
843.8565408640864 3.768984648868541e-21
843.955303330333 3.768582253447701e-21
844.0540657965796 3.7681799435671506e-21
844.1528282628262 3.7677777191997476e-21
844.2515907290729 3.767375580318367e-21
844.3503531953195 3.76697352689589e-21
844.4491156615661 3.76657155890521e-21
844.5478781278127 3.766169676319238e-21
844.6466405940594 3.765767879110888e-21
844.745403060306 3.765366167253093e-21
844.8441655265526 3.764964540718788e-21
844.9429279927992 3.7645629994809316e-21
845.0416904590459 3.764161543512481e-21
845.1404529252925 3.7637601727864164e-21
845.2392153915391 3.763358887275723e-21
845.3379778577857 3.762957686953393e-21
845.4367403240324 3.76255657179244e-21
845.535502790279 3.762155541765885e-21
845.6342652565256 3.761754596846755e-21
845.7330277227722 3.761353737008095e-21
845.8317901890189 3.7609529622229596e-21
845.9305526552655 3.7605522724644156e-21
846.0293151215121 3.760151667705536e-21
846.1280775877588 3.7597511479194144e-21
846.2268400540054 3.759350713079141e-21
846.325602520252 3.758950363157836e-21
846.4243649864986 3.758550098128615e-21
846.5231274527453 3.7581499179646156e-21
846.6218899189919 3.757749822638978e-21
846.7206523852385 3.7573498121248616e-21
846.8194148514851 3.756949886395431e-21
846.9181773177318 3.756550045423864e-21
847.0169397839784 3.756150289183353e-21
847.115702250225 3.755750617647096e-21
847.2144647164716 3.755351030788306e-21
847.3132271827183 3.754951528580208e-21
847.4119896489649 3.754552110996033e-21
847.5107521152115 3.754152778009029e-21
847.6095145814581 3.753753529592449e-21
847.7082770477048 3.7533543657195676e-21
847.8070395139514 3.752955286363659e-21
847.905801980198 3.7525562914980165e-21
848.0045644464446 3.7521573810959384e-21
848.1033269126913 3.75175855513074e-21
848.2020893789379 3.751359813575748e-21
848.3008518451845 3.75096115640429e-21
848.3996143114312 3.7505625835897196e-21
848.4983767776778 3.750164095105391e-21
848.5971392439244 3.749765690924673e-21
848.695901710171 3.749367371020947e-21
848.7946641764177 3.7489691353676016e-21
848.8934266426643 3.7485709839380415e-21
848.9921891089109 3.748172916705678e-21
849.0909515751575 3.747774933643937e-21
849.1897140414042 3.747377034726253e-21
849.2884765076508 3.74697921992607e-21
849.3872389738974 3.746581489216851e-21
849.486001440144 3.746183842572062e-21
849.5847639063907 3.745786279965183e-21
849.6835263726373 3.7453888013697055e-21
849.7822888388839 3.744991406759129e-21
849.8810513051305 3.744594096106972e-21
849.9798137713772 3.744196869386755e-21
850.0785762376238 3.743799726572014e-21
850.1773387038704 3.7434026676362935e-21
850.276101170117 3.7430056925531556e-21
850.3748636363637 3.742608801296164e-21
850.4736261026103 3.7422119938389015e-21
850.5723885688569 3.741815270154957e-21
850.6711510351035 3.741418630217933e-21
850.7699135013502 3.741022074001443e-21
850.8686759675968 3.740625601479107e-21
850.9674384338434 3.740229212624564e-21
851.0662009000899 3.739832907411458e-21
851.1649633663366 3.7394366858134445e-21
851.2637258325832 3.739040547804193e-21
851.3624882988298 3.738644493357381e-21
851.4612507650764 3.738248522446699e-21
851.5600132313231 3.737852635045849e-21
851.6587756975697 3.73745683112854e-21
851.7575381638163 3.737061110668495e-21
851.856300630063 3.736665473639448e-21
851.9550630963096 3.736269920015145e-21
852.0538255625562 3.73587444976934e-21
852.1525880288028 3.735479062875799e-21
852.2513504950495 3.7350837593083025e-21
852.3501129612961 3.7346885390406344e-21
852.4488754275427 3.734293402046598e-21
852.5476378937893 3.733898348300001e-21
852.646400360036 3.733503377774665e-21
852.7451628262826 3.733108490444422e-21
852.8439252925292 3.7327136862831156e-21
852.9426877587758 3.7323189652646e-21
853.0414502250225 3.731924327362738e-21
853.1402126912691 3.731529772551407e-21
853.2389751575157 3.731135300804495e-21
853.3377376237623 3.7307409120958946e-21
853.436500090009 3.73034660639952e-21
853.5352625562556 3.7299523836892836e-21
853.6340250225022 3.729558243939122e-21
853.7327874887488 3.729164187122972e-21
853.8315499549955 3.728770213214787e-21
853.9303124212421 3.7283763221885304e-21
854.0290748874887 3.727982514018172e-21
854.1278373537353 3.7275887886777004e-21
854.226599819982 3.727195146141109e-21
854.3253622862286 3.726801586382402e-21
854.4241247524752 3.7264081093756005e-21
854.5228872187218 3.726014715094725e-21
854.6216496849685 3.725621403513822e-21
854.7204121512151 3.725228174606935e-21
854.8191746174617 3.724835028348128e-21
854.9179370837084 3.7244419647114665e-21
855.016699549955 3.724048983671039e-21
855.1154620162016 3.7236560852009314e-21
855.2142244824482 3.723263269275249e-21
855.3129869486949 3.7228705358681065e-21
855.4117494149415 3.722477884953628e-21
855.5105118811881 3.722085316505951e-21
855.6092743474347 3.721692830499217e-21
855.7080368136814 3.721300426907587e-21
855.806799279928 3.720908105705226e-21
855.9055617461746 3.720515866866315e-21
856.0043242124212 3.7201237103650415e-21
856.1030866786679 3.719731636175604e-21
856.2018491449145 3.7193396442722155e-21
856.3006116111611 3.718947734629099e-21
856.3993740774077 3.7185559072204806e-21
856.4981365436544 3.718164162020607e-21
856.596899009901 3.7177724990037306e-21
856.6956614761476 3.717380918144117e-21
856.7944239423942 3.7169894194160386e-21
856.8931864086409 3.716598002793783e-21
856.9919488748875 3.716206668251643e-21
857.0907113411341 3.715815415763931e-21
857.1894738073808 3.715424245304959e-21
857.2882362736274 3.715033156849058e-21
857.386998739874 3.714642150370564e-21
857.4857612061206 3.714251225843831e-21
857.5845236723673 3.713860383243214e-21
857.6832861386139 3.713469622543089e-21
857.7820486048605 3.713078943717832e-21
857.8808110711071 3.712688346741839e-21
857.9795735373538 3.712297831589509e-21
858.0783360036004 3.711907398235258e-21
858.177098469847 3.711517046653509e-21
858.2758609360936 3.7111267768186974e-21
858.3746234023403 3.710736588705266e-21
858.4733858685869 3.710346482287673e-21
858.5721483348335 3.7099564575403825e-21
858.6709108010801 3.70956651443787e-21
858.7696732673268 3.709176652954627e-21
858.8684357335734 3.708786873065149e-21
858.96719819982 3.708397174743943e-21
859.0659606660666 3.708007557965532e-21
859.1647231323133 3.707618022704443e-21
859.2634855985599 3.707228568935215e-21
859.3622480648065 3.7068391966324e-21
859.4610105310531 3.706449905770561e-21
859.5597729972997 3.706060696324268e-21
859.6585354635463 3.705671568268101e-21
859.7572979297929 3.705282521576658e-21
859.8560603960395 3.704893556224538e-21
859.9548228622862 3.704504672186358e-21
860.0535853285328 3.7041158694367385e-21
860.1523477947794 3.703727147950318e-21
860.251110261026 3.703338507701741e-21
860.3498727272727 3.702949948665661e-21
860.4486351935193 3.702561470816748e-21
860.5473976597659 3.702173074129675e-21
860.6461601260125 3.701784758579133e-21
860.7449225922592 3.701396524139818e-21
860.8436850585058 3.701008370786436e-21
860.9424475247524 3.70062029849371e-21
861.041209990999 3.700232307236366e-21
861.1399724572457 3.699844396989145e-21
861.2387349234923 3.699456567726797e-21
861.3374973897389 3.699068819424081e-21
861.4362598559856 3.698681152055769e-21
861.5350223222322 3.6982935655966414e-21
861.6337847884788 3.697906060021494e-21
861.7325472547254 3.697518635305124e-21
861.8313097209721 3.697131291422344e-21
861.9300721872187 3.6967440283479795e-21
862.0288346534653 3.696356846056862e-21
862.1275971197119 3.6959697445238374e-21
862.2263595859586 3.6955827237237585e-21
862.3251220522052 3.695195783631489e-21
862.4238845184518 3.6948089242219066e-21
862.5226469846984 3.6944221454698924e-21
862.6214094509451 3.6940354473503456e-21
862.7201719171917 3.6936488298381704e-21
862.8189343834383 3.6932622929082846e-21
862.917696849685 3.692875836535613e-21
863.0164593159316 3.692489460695093e-21
863.1152217821782 3.6921031653616734e-21
863.2139842484248 3.691716950510312e-21
863.3127467146714 3.691330816115976e-21
863.4115091809181 3.6909447621536416e-21
863.5102716471647 3.6905587885983005e-21
863.6090341134113 3.690172895424952e-21
863.707796579658 3.689787082608604e-21
863.8065590459046 3.689401350124277e-21
863.9053215121512 3.689015697946998e-21
864.0040839783978 3.6886301260518115e-21
864.1028464446445 3.688244634413765e-21
864.2016089108911 3.687859223007922e-21
864.3003713771377 3.68747389180935e-21
864.3991338433843 3.687088640793135e-21
864.497896309631 3.686703469934365e-21
864.5966587758776 3.686318379208141e-21
864.6954212421242 3.685933368589578e-21
864.7941837083708 3.685548438053798e-21
864.8929461746175 3.6851635875759325e-21
864.9917086408641 3.684778817131123e-21
865.0904711071107 3.684394126694529e-21
865.1892335733573 3.684009516241304e-21
865.287996039604 3.683624985746629e-21
865.3867585058506 3.683240535185686e-21
865.4855209720972 3.682856164533668e-21
865.5842834383438 3.682471873765781e-21
865.6830459045905 3.682087662857236e-21
865.7818083708371 3.6817035317832615e-21
865.8805708370837 3.681319480519088e-21
865.9793333033303 3.680935509039965e-21
866.078095769577 3.680551617321146e-21
866.1768582358236 3.6801678053378946e-21
866.2756207020702 3.679784073065489e-21
866.3743831683169 3.679400420479214e-21
866.4731456345635 3.679016847554363e-21
866.5719081008101 3.678633354266245e-21
866.6706705670567 3.678249940590175e-21
866.7694330333034 3.67786660650148e-21
866.86819549955 3.6774833519754946e-21
866.9669579657966 3.677100176987569e-21
867.0657204320432 3.676717081513056e-21
867.1644828982899 3.6763340655273244e-21
867.2632453645365 3.675951129005751e-21
867.3620078307831 3.675568271923722e-21
867.4607702970297 3.6751854942566355e-21
867.5595327632764 3.674802795979899e-21
867.658295229523 3.67442017706893e-21
867.7570576957696 3.674037637499154e-21
867.8558201620162 3.67365517724601e-21
867.9545826282628 3.673272796284947e-21
868.0533450945094 3.67289049459142e-21
868.152107560756 3.672508272140901e-21
868.2508700270026 3.672126128908862e-21
868.3496324932493 3.6717440648707935e-21
868.4483949594959 3.671362080002198e-21
868.5471574257425 3.670980174278575e-21
868.6459198919891 3.670598347675449e-21
868.7446823582358 3.670216600168347e-21
868.8434448244824 3.6698349317328065e-21
868.942207290729 3.669453342344375e-21
869.0409697569756 3.669071831978612e-21
869.1397322232223 3.668690400611086e-21
869.2384946894689 3.668309048217374e-21
869.3372571557155 3.667927774773064e-21
869.4360196219621 3.667546580253755e-21
869.5347820882088 3.667165464635055e-21
869.6335445544554 3.666784427892585e-21
869.732307020702 3.66640347000197e-21
869.8310694869486 3.66602259093885e-21
869.9298319531953 3.665641790678872e-21
870.0285944194419 3.665261069197695e-21
870.1273568856885 3.664880426470987e-21
870.2261193519352 3.664499862474426e-21
870.3248818181818 3.6641193771837024e-21
870.4236442844284 3.66373897057451e-21
870.522406750675 3.663358642622561e-21
870.6211692169217 3.662978393303572e-21
870.7199316831683 3.6625982225932704e-21
870.8186941494149 3.662218130467392e-21
870.9174566156615 3.6618381169016886e-21
871.0162190819082 3.661458181871917e-21
871.1149815481548 3.661078325353843e-21
871.2137440144014 3.6606985473232465e-21
871.312506480648 3.6603188477559116e-21
871.4112689468947 3.659939226627639e-21
871.5100314131413 3.6595596839142374e-21
871.6087938793879 3.659180219591519e-21
871.7075563456345 3.658800833635314e-21
871.8063188118812 3.658421526021458e-21
871.9050812781278 3.658042296725801e-21
872.0038437443744 3.6576631457241954e-21
872.102606210621 3.65728407299251e-21
872.2013686768677 3.656905078506621e-21
872.3001311431143 3.6565261622424154e-21
872.3988936093609 3.65614732417579e-21
872.4976560756076 3.6557685642826476e-21
872.5964185418542 3.655389882538908e-21
872.6951810081008 3.655011278920493e-21
872.7939434743474 3.6546327534033435e-21
872.892705940594 3.6542543059634e-21
872.9914684068407 3.653875936576618e-21
873.0902308730873 3.6534976452189654e-21
873.1889933393339 3.653119431866416e-21
873.2877558055806 3.6527412964949526e-21
873.3865182718272 3.652363239080571e-21
873.4852807380738 3.651985259599279e-21
873.5840432043204 3.6516073580270836e-21
873.6828056705671 3.651229534340014e-21
873.7815681368137 3.650851788514102e-21
873.8803306030603 3.650474120525392e-21
873.9790930693069 3.650096530349935e-21
874.0778555355536 3.649719017963797e-21
874.1766180018002 3.649341583343047e-21
874.2753804680468 3.648964226463772e-21
874.3741429342934 3.64858694730206e-21
874.4729054005401 3.648209745834018e-21
874.5716678667867 3.6478326220357526e-21
874.6704303330333 3.647455575883389e-21
874.76919279928 3.647078607353055e-21
874.8679552655266 3.646701716420895e-21
874.9667177317732 3.6463249030630586e-21
875.0654801980198 3.645948167255705e-21
875.1642426642665 3.645571508975005e-21
875.2630051305131 3.645194928197139e-21
875.3617675967597 3.6448184248982976e-21
875.4605300630063 3.644441999054677e-21
875.559292529253 3.644065650642489e-21
875.6580549954996 3.64368937963795e-21
875.7568174617462 3.64331318601729e-21
875.8555799279928 3.642937069756747e-21
875.9543423942395 3.64256103083257e-21
876.0531048604861 3.642185069221012e-21
876.1518673267327 3.641809184898343e-21
876.2506297929793 3.64143337784084e-21
876.3493922592259 3.641057648024789e-21
876.4481547254725 3.640681995426486e-21
876.5469171917191 3.640306420022236e-21
876.6456796579657 3.639930921788356e-21
876.7444421242124 3.639555500701169e-21
876.843204590459 3.63918015673701e-21
876.9419670567056 3.638804889872224e-21
877.0407295229522 3.6384297000831635e-21
877.1394919891989 3.638054587346195e-21
877.2382544554455 3.6376795516376854e-21
877.3370169216921 3.637304592934026e-21
877.4357793879387 3.6369297112116015e-21
877.5345418541854 3.6365549064468194e-21
877.633304320432 3.636180178616085e-21
877.7320667866786 3.635805527695827e-21
877.8308292529252 3.63543095366247e-21
877.9295917191719 3.635056456492456e-21
878.0283541854185 3.634682036162237e-21
878.1271166516651 3.6343076926482685e-21
878.2258791179117 3.6339334259270224e-21
878.3246415841584 3.633559235974977e-21
878.423404050405 3.633185122768619e-21
878.5221665166516 3.6328110862844466e-21
878.6209289828982 3.6324371264989656e-21
878.7196914491449 3.632063243388696e-21
878.8184539153915 3.631689436930161e-21
878.9172163816381 3.6313157070998995e-21
879.0159788478848 3.630942053874454e-21
879.1147413141314 3.630568477230381e-21
879.213503780378 3.630194977144243e-21
879.3122662466246 3.629821553592615e-21
879.4110287128713 3.629448206552083e-21
879.5097911791179 3.629074935999234e-21
879.6085536453645 3.6287017419106746e-21
879.7073161116111 3.628328624263016e-21
879.8060785778578 3.6279555830328785e-21
879.9048410441044 3.627582618196895e-21
880.003603510351 3.627209729731703e-21
880.1023659765976 3.626836917613955e-21
880.2011284428443 3.626464181820309e-21
880.2998909090909 3.6260915223274335e-21
880.3986533753375 3.625718939112009e-21
880.4974158415841 3.625346432150719e-21
880.5961783078308 3.624974001420262e-21
880.6949407740774 3.624601646897347e-21
880.793703240324 3.624229368558688e-21
880.8924657065706 3.6238571663810105e-21
880.9912281728173 3.623485040341049e-21
881.0899906390639 3.62311299041555e-21
881.1887531053105 3.622741016581264e-21
881.2875155715572 3.622369118814956e-21
881.3862780378038 3.6219972970933996e-21
881.4850405040504 3.6216255513933745e-21
881.583802970297 3.621253881691673e-21
881.6825654365437 3.620882287965096e-21
881.7813279027903 3.6205107701904515e-21
881.8800903690369 3.620139328344563e-21
881.9788528352835 3.619767962404258e-21
882.0776153015302 3.6193966723463736e-21
882.1763777677768 3.619025458147758e-21
882.2751402340234 3.618654319785267e-21
882.37390270027 3.618283257235769e-21
882.4726651665167 3.617912270476139e-21
882.5714276327633 3.6175413594832626e-21
882.6701900990099 3.6171705242340344e-21
882.7689525652565 3.6167997647053555e-21
882.8677150315032 3.616429080874143e-21
882.9664774977498 3.616058472717319e-21
883.0652399639964 3.6156879402118116e-21
883.164002430243 3.615317483334566e-21
883.2627648964897 3.61494710206253e-21
883.3615273627363 3.614576796372665e-21
883.4602898289829 3.614206566241938e-21
883.5590522952295 3.613836411647331e-21
883.6578147614762 3.613466332565829e-21
883.7565772277228 3.61309632897443e-21
883.8553396939694 3.61272640085014e-21
883.954102160216 3.612356548169974e-21
884.0528646264627 3.61198677091096e-21
884.1516270927093 3.611617069050125e-21
884.2503895589559 3.6112474425645215e-21
884.3491520252026 3.610877891431197e-21
884.4479144914492 3.610508415627214e-21
884.5466769576958 3.610139015129646e-21
884.6454394239424 3.609769689915568e-21
884.744201890189 3.6094004399620776e-21
884.8429643564356 3.609031265246267e-21
884.9417268226822 3.608662165745249e-21
885.0404892889288 3.608293141436138e-21
885.1392517551755 3.6079241922960636e-21
885.2380142214221 3.60755531830216e-21
885.3367766876687 3.607186519431571e-21
885.4355391539153 3.6068177956614534e-21
885.534301620162 3.606449146968972e-21
885.6330640864086 3.606080573331295e-21
885.7318265526552 3.605712074725608e-21
885.8305890189018 3.605343651129105e-21
885.9293514851485 3.604975302518978e-21
886.0281139513951 3.604607028872446e-21
886.1268764176417 3.604238830166721e-21
886.2256388838883 3.603870706379033e-21
886.324401350135 3.603502657486621e-21
886.4231638163816 3.603134683466728e-21
886.5219262826282 3.602766784296613e-21
886.6206887488748 3.6023989599535405e-21
886.7194512151215 3.602031210414782e-21
886.8182136813681 3.6016635356576214e-21
886.9169761476147 3.6012959356593514e-21
887.0157386138613 3.6009284103972736e-21
887.114501080108 3.6005609598486974e-21
887.2132635463546 3.600193583990943e-21
887.3120260126012 3.59982628280134e-21
887.4107884788478 3.599459056257224e-21
887.5095509450945 3.5990919043359455e-21
887.6083134113411 3.5987248270148574e-21
887.7070758775877 3.598357824271325e-21
887.8058383438344 3.597990896082725e-21
887.904600810081 3.59762404242644e-21
888.0033632763276 3.597257263279862e-21
888.1021257425742 3.596890558620391e-21
888.2008882088209 3.596523928425441e-21
888.2996506750675 3.596157372672431e-21
888.3984131413141 3.595790891338788e-21
888.4971756075607 3.595424484401951e-21
888.5959380738074 3.595058151839369e-21
888.694700540054 3.594691893628494e-21
888.7934630063006 3.594325709746797e-21
888.8922254725472 3.593959600171746e-21
888.9909879387939 3.593593564880828e-21
889.0897504050405 3.593227603851534e-21
889.1885128712871 3.592861717061366e-21
889.2872753375337 3.5924959044878354e-21
889.3860378037804 3.592130166108461e-21
889.484800270027 3.591764501900772e-21
889.5835627362736 3.591398911842302e-21
889.6823252025202 3.591033395910604e-21
889.7810876687669 3.5906679540832284e-21
889.8798501350135 3.5903025863377415e-21
889.9786126012601 3.589937292651717e-21
890.0773750675068 3.589572073002739e-21
890.1761375337534 3.589206927368396e-21
890.2749 3.588841855726292e-21
890.3736624662466 3.5884768580540335e-21
890.4724249324933 3.588111934329242e-21
890.5711873987399 3.5877470845295426e-21
890.6699498649865 3.587382308632575e-21
890.7687123312331 3.587017606615981e-21
890.8674747974798 3.586652978457419e-21
890.9662372637264 3.586288424134548e-21
891.064999729973 3.585923943625045e-21
891.1637621962196 3.585559536906588e-21
891.2625246624663 3.5851952039568685e-21
891.3612871287129 3.584830944753586e-21
891.4600495949595 3.5844667592744495e-21
891.5588120612061 3.584102647497176e-21
891.6575745274528 3.58373860939949e-21
891.7563369936994 3.5833746449591286e-21
891.855099459946 3.583010754153834e-21
891.9538619261926 3.582646936961361e-21
892.0526243924393 3.582283193359469e-21
892.1513868586859 3.5819195233259314e-21
892.2501493249325 3.5815559268385255e-21
892.3489117911791 3.581192403875041e-21
892.4476742574258 3.580828954413276e-21
892.5464367236724 3.580465578431038e-21
892.645199189919 3.580102275906137e-21
892.7439616561657 3.579739046816402e-21
892.8427241224123 3.579375891139665e-21
892.9414865886589 3.5790128088537656e-21
893.0402490549055 3.578649799936558e-21
893.1390115211522 3.5782868643659e-21
893.2377739873987 3.57792400211966e-21
893.3365364536453 3.577561213175717e-21
893.4352989198919 3.577198497511954e-21
893.5340613861385 3.576835855106269e-21
893.6328238523852 3.576473285936565e-21
893.7315863186318 3.576110789980754e-21
893.8303487848784 3.5757483672167575e-21
893.929111251125 3.575386017622507e-21
894.0278737173717 3.5750237411759426e-21
894.1266361836183 3.574661537855009e-21
894.2253986498649 3.574299407637666e-21
894.3241611161116 3.573937350501879e-21
894.4229235823582 3.573575366425622e-21
894.5216860486048 3.573213455386878e-21
894.6204485148514 3.572851617363639e-21
894.7192109810981 3.572489852333908e-21
894.8179734473447 3.57212816027569e-21
894.9167359135913 3.57176654116701e-21
895.0154983798379 3.5714049949858914e-21
895.1142608460846 3.571043521710369e-21
895.2130233123312 3.570682121318491e-21
895.3117857785778 3.570320793788307e-21
895.4105482448244 3.569959539097884e-21
895.5093107110711 3.569598357225291e-21
895.6080731773177 3.569237248148607e-21
895.7068356435643 3.568876211845922e-21
895.805598109811 3.568515248295333e-21
895.9043605760576 3.568154357474946e-21
896.0031230423042 3.567793539362877e-21
896.1018855085508 3.567432793937247e-21
896.2006479747974 3.567072121176192e-21
896.2994104410441 3.5667115210578495e-21
896.3981729072907 3.5663509935603715e-21
896.4969353735373 3.565990538661915e-21
896.595697839784 3.565630156340651e-21
896.6944603060306 3.5652698465747504e-21
896.7932227722772 3.564909609342402e-21
896.8919852385238 3.5645494446217946e-21
896.9907477047705 3.564189352391137e-21
897.0895101710171 3.563829332628633e-21
897.1882726372637 3.563469385312507e-21
897.2870351035103 3.5631095104209845e-21
897.385797569757 3.562749707932304e-21
897.4845600360036 3.5623899778247076e-21
897.5833225022502 3.562030320076454e-21
897.6820849684968 3.561670734665805e-21
897.7808474347435 3.561311221571031e-21
897.8796099009901 3.560951780770409e-21
897.9783723672367 3.560592412242236e-21
898.0771348334833 3.560233115964801e-21
898.17589729973 3.559873891916416e-21
898.2746597659766 3.559514740075393e-21
898.3734222322232 3.5591556604200555e-21
898.4721846984698 3.558796652928736e-21
898.5709471647165 3.558437717579776e-21
898.6697096309631 3.558078854351523e-21
898.7684720972097 3.5577200632223376e-21
898.8672345634563 3.5573613441705835e-21
898.965997029703 3.557002697174636e-21
899.0647594959496 3.556644122212882e-21
899.1635219621962 3.556285619263709e-21
899.2622844284429 3.5559271883055234e-21
899.3610468946895 3.5555688293167295e-21
899.4598093609361 3.555210542275749e-21
899.5585718271827 3.554852327161009e-21
899.6573342934294 3.554494183950943e-21
899.756096759676 3.5541361126239936e-21
899.8548592259226 3.553778113158615e-21
899.9536216921692 3.55342018553327e-21
900.0523841584159 3.5530623297264244e-21
900.1511466246625 3.552704545716559e-21
900.2499090909091 3.552346833482162e-21
900.3486715571557 3.551989193001723e-21
900.4474340234024 3.551631624253752e-21
900.546196489649 3.551274127216759e-21
900.6449589558956 3.550916701869262e-21
900.7437214221422 3.550559348189796e-21
900.8424838883889 3.550202066156894e-21
900.9412463546355 3.549844855749105e-21
901.0400088208821 3.549487716944985e-21
901.1387712871287 3.5491306497230936e-21
901.2375337533754 3.548773654062007e-21
901.336296219622 3.548416729940305e-21
901.4350586858686 3.548059877336575e-21
901.5338211521153 3.547703096229414e-21
901.6325836183618 3.547346386597433e-21
901.7313460846084 3.546989748419241e-21
901.830108550855 3.546633181673462e-21
901.9288710171016 3.54627668633873e-21
902.0276334833483 3.545920262393685e-21
902.1263959495949 3.545563909816972e-21
902.2251584158415 3.5452076285872525e-21
902.3239208820881 3.5448514186831875e-21
902.4226833483348 3.544495280083454e-21
902.5214458145814 3.544139212766733e-21
902.620208280828 3.5437832167117164e-21
902.7189707470746 3.543427291897104e-21
902.8177332133213 3.543071438301601e-21
902.9164956795679 3.542715655903925e-21
903.0152581458145 3.5423599446827995e-21
903.1140206120612 3.542004304616962e-21
903.2127830783078 3.541648735685149e-21
903.3115455445544 3.541293237866111e-21
903.410308010801 3.540937811138608e-21
903.5090704770477 3.540582455481408e-21
903.6078329432943 3.5402271708732816e-21
903.7065954095409 3.539871957293017e-21
903.8053578757875 3.5395168147194034e-21
903.9041203420342 3.539161743131243e-21
904.0028828082808 3.538806742507341e-21
904.1016452745274 3.5384518128265204e-21
904.200407740774 3.538096954067603e-21
904.2991702070207 3.537742166209422e-21
904.3979326732673 3.5373874492308225e-21
904.4966951395139 3.537032803110654e-21
904.5954576057605 3.536678227827775e-21
904.6942200720072 3.5363237233610524e-21
904.7929825382538 3.535969289689365e-21
904.8917450045004 3.535614926791593e-21
904.990507470747 3.535260634646634e-21
905.0892699369937 3.534906413233382e-21
905.1880324032403 3.534552262530752e-21
905.2867948694869 3.5341981825176596e-21
905.3855573357336 3.533844173173031e-21
905.4843198019802 3.5334902344758e-21
905.5830822682268 3.5331363664049095e-21
905.6818447344734 3.5327825689393104e-21
905.78060720072 3.532428842057962e-21
905.8793696669667 3.5320751857398325e-21
905.9781321332133 3.531721599963897e-21
906.0768945994599 3.531368084709138e-21
906.1756570657066 3.531014639954552e-21
906.2744195319532 3.530661265679136e-21
906.3731819981998 3.5303079618619026e-21
906.4719444644464 3.529954728481866e-21
906.5707069306931 3.529601565518053e-21
906.6694693969397 3.529248472949499e-21
906.7682318631863 3.5288954507552445e-21
906.8669943294329 3.528542498914342e-21
906.9657567956796 3.528189617405847e-21
907.0645192619262 3.52783680620883e-21
907.1632817281728 3.527484065302364e-21
907.2620441944194 3.527131394665533e-21
907.3608066606661 3.526778794277432e-21
907.4595691269127 3.526426264117156e-21
907.5583315931593 3.526073804163817e-21
907.657094059406 3.525721414396531e-21
907.7558565256526 3.525369094794423e-21
907.8546189918992 3.525016845336624e-21
907.9533814581458 3.524664666002278e-21
908.0521439243925 3.524312556770533e-21
908.1509063906391 3.523960517620549e-21
908.2496688568857 3.523608548531487e-21
908.3484313231323 3.523256649482527e-21
908.447193789379 3.52290482045285e-21
908.5459562556256 3.5225530614216466e-21
908.6447187218722 3.5222013723681115e-21
908.7434811881188 3.521849753271457e-21
908.8422436543655 3.521498204110897e-21
908.9410061206121 3.521146724865654e-21
909.0397685868587 3.52079531551496e-21
909.1385310531053 3.520443976038055e-21
909.237293519352 3.520092706414188e-21
909.3360559855986 3.519741506622613e-21
909.4348184518452 3.5193903766425974e-21
909.5335809180918 3.519039316453412e-21
909.6323433843385 3.5186883260343375e-21
909.7311058505851 3.5183374053646614e-21
909.8298683168317 3.5179865544236845e-21
909.9286307830783 3.5176357731907075e-21
910.027393249325 3.517285061645046e-21
910.1261557155715 3.516934419766023e-21
910.2249181818181 3.516583847532968e-21
910.3236806480647 3.5162333449252155e-21
910.4224431143114 3.515882911922113e-21
910.521205580558 3.515532548503016e-21
910.6199680468046 3.5151822546472854e-21
910.7187305130512 3.51483203033429e-21
910.8174929792979 3.514481875543413e-21
910.9162554455445 3.514131790254036e-21
911.0150179117911 3.5137817744455555e-21
911.1137803780377 3.513431828097375e-21
911.2125428442844 3.513081951188901e-21
911.311305310531 3.512732143699562e-21
911.4100677767776 3.512382405608775e-21
911.5088302430242 3.51203273689598e-21
911.6075927092709 3.5116831375406205e-21
911.7063551755175 3.511333607522144e-21
911.8051176417641 3.5109841468200155e-21
911.9038801080108 3.510634755413699e-21
912.0026425742574 3.51028543328267e-21
912.101405040504 3.509936180406413e-21
912.2001675067506 3.509586996764418e-21
912.2989299729973 3.509237882336187e-21
912.3976924392439 3.508888837101226e-21
912.4964549054905 3.508539861039053e-21
912.5952173717371 3.508190954129191e-21
912.6939798379838 3.5078421163511705e-21
912.7927423042304 3.507493347684533e-21
912.891504770477 3.507144648108825e-21
912.9902672367236 3.506796017603603e-21
913.0890297029703 3.506447456148433e-21
913.1877921692169 3.506098963722886e-21
913.2865546354635 3.505750540306539e-21
913.3853171017101 3.505402185878983e-21
913.4840795679568 3.505053900419815e-21
913.5828420342034 3.504705683908638e-21
913.68160450045 3.5043575363250645e-21
913.7803669666966 3.504009457648713e-21
913.8791294329433 3.5036614478592136e-21
913.9778918991899 3.503313506936202e-21
914.0766543654365 3.502965634859322e-21
914.1754168316832 3.502617831608225e-21
914.2741792979298 3.502270097162573e-21
914.3729417641764 3.50192243150203e-21
914.471704230423 3.501574834606278e-21
914.5704666966697 3.501227306454998e-21
914.6692291629163 3.5008798470278794e-21
914.7679916291629 3.5005324563046255e-21
914.8667540954095 3.500185134264944e-21
914.9655165616562 3.49983788088855e-21
915.0642790279028 3.499490696155167e-21
915.1630414941494 3.499143580044525e-21
915.261803960396 3.4987965325363675e-21
915.3605664266427 3.498449553610441e-21
915.4593288928893 3.498102643246498e-21
915.5580913591359 3.4977558014243064e-21
915.6568538253825 3.4974090281236344e-21
915.7556162916292 3.497062323324263e-21
915.8543787578758 3.496715687005978e-21
915.9531412241224 3.496369119148577e-21
916.051903690369 3.49602261973186e-21
916.1506661566157 3.49567618873564e-21
916.2494286228623 3.4953298261397354e-21
916.3481910891089 3.494983531923972e-21
916.4469535553555 3.494637306068187e-21
916.5457160216022 3.4942911485522214e-21
916.6444784878488 3.493945059355925e-21
916.7432409540954 3.493599038459156e-21
916.842003420342 3.493253085841781e-21
916.9407658865887 3.492907201483676e-21
917.0395283528353 3.49256138536472e-21
917.1382908190819 3.492215637464807e-21
917.2370532853286 3.4918699577638296e-21
917.3358157515752 3.4915243462416966e-21
917.4345782178218 3.491178802878318e-21
917.5333406840684 3.4908333276536216e-21
917.6321031503151 3.4904879205475315e-21
917.7308656165617 3.490142581539986e-21
917.8296280828083 3.489797310610929e-21
917.9283905490549 3.489452107740313e-21
918.0271530153016 3.4891069729080996e-21
918.1259154815482 3.488761906094259e-21
918.2246779477948 3.488416907278762e-21
918.3234404140414 3.4880719764415975e-21
918.4222028802881 3.4877271135627546e-21
918.5209653465346 3.4873823186222355e-21
918.6197278127812 3.487037591600045e-21
918.7184902790278 3.4866929324762005e-21
918.8172527452745 3.486348341230722e-21
918.9160152115211 3.486003817843644e-21
919.0147776777677 3.485659362295001e-21
919.1135401440143 3.485314974564842e-21
919.212302610261 3.484970654633222e-21
919.3110650765076 3.4846264024802016e-21
919.4098275427542 3.484282218085851e-21
919.5085900090008 3.4839381014302484e-21
919.6073524752475 3.483594052493477e-21
919.7061149414941 3.483250071255629e-21
919.8048774077407 3.482906157696811e-21
919.9036398739873 3.482562311797128e-21
920.002402340234 3.482218533536696e-21
920.1011648064806 3.481874822895638e-21
920.1999272727272 3.481531179854089e-21
920.2986897389738 3.481187604392187e-21
920.3974522052205 3.480844096490078e-21
920.4962146714671 3.480500656127921e-21
920.5949771377137 3.480157283285877e-21
920.6937396039604 3.479813977944113e-21
920.792502070207 3.479470740082812e-21
920.8912645364536 3.4791275696821594e-21
920.9900270027002 3.478784466722347e-21
921.0887894689469 3.4784414311835774e-21
921.1875519351935 3.478098463046059e-21
921.2863144014401 3.4777555622900114e-21
921.3850768676867 3.477412728895657e-21
921.4838393339334 3.4770699628432266e-21
921.58260180018 3.4767272641129625e-21
921.6813642664266 3.476384632685112e-21
921.7801267326732 3.476042068539931e-21
921.8788891989199 3.475699571657681e-21
921.9776516651665 3.475357142018634e-21
922.0764141314131 3.4750147796030686e-21
922.1751765976597 3.474672484391269e-21
922.2739390639064 3.474330256363533e-21
922.372701530153 3.473988095500158e-21
922.4714639963996 3.473646001781454e-21
922.5702264626462 3.473303975187742e-21
922.6689889288929 3.472962015699339e-21
922.7677513951395 3.4726201232965834e-21
922.8665138613861 3.472278297959811e-21
922.9652763276328 3.471936539669372e-21
923.0640387938794 3.471594848405619e-21
923.162801260126 3.471253224148917e-21
923.2615637263726 3.470911666879636e-21
923.3603261926193 3.470570176578152e-21
923.4590886588659 3.4702287532248524e-21
923.5578511251125 3.469887396800129e-21
923.6566135913591 3.469546107284386e-21
923.7553760576058 3.469204884658026e-21
923.8541385238524 3.468863728901471e-21
923.952900990099 3.4685226399951406e-21
924.0516634563456 3.46818161791947e-21
924.1504259225923 3.467840662654892e-21
924.2491883888389 3.46749977418186e-21
924.3479508550855 3.467158952480822e-21
924.4467133213321 3.466818197532244e-21
924.5454757875788 3.466477509316594e-21
924.6442382538254 3.4661368878143476e-21
924.743000720072 3.46579633300599e-21
924.8417631863186 3.465455844872014e-21
924.9405256525653 3.465115423392919e-21
925.0392881188119 3.464775068549212e-21
925.1380505850585 3.464434780321407e-21
925.2368130513051 3.464094558690027e-21
925.3355755175518 3.463754403635602e-21
925.4343379837984 3.463414315138667e-21
925.533100450045 3.463074293179769e-21
925.6318629162917 3.462734337739462e-21
925.7306253825383 3.462394448798303e-21
925.8293878487849 3.462054626336863e-21
925.9281503150315 3.4617148703357125e-21
926.0269127812782 3.461375180775438e-21
926.1256752475248 3.4610355576366275e-21
926.2244377137714 3.4606960008998786e-21
926.323200180018 3.4603565105458e-21
926.4219626462647 3.4600170865550004e-21
926.5207251125113 3.459677728908103e-21
926.6194875787579 3.459338437585732e-21
926.7182500450045 3.458999212568525e-21
926.8170125112512 3.458660053837125e-21
926.9157749774977 3.458320961372182e-21
927.0145374437443 3.457981935154354e-21
927.1132999099909 3.457642975164305e-21
927.2120623762376 3.45730408138271e-21
927.3108248424842 3.456965253790245e-21
927.4095873087308 3.456626492367603e-21
927.5083497749774 3.4562877970954756e-21
927.6071122412241 3.455949167954568e-21
927.7058747074707 3.4556106049255864e-21
927.8046371737173 3.455272107989253e-21
927.9033996399639 3.4549336771262914e-21
928.0021621062106 3.454595312317433e-21
928.1009245724572 3.454257013543417e-21
928.1996870387038 3.4539187807849934e-21
928.2984495049504 3.453580614022916e-21
928.3972119711971 3.4532425132379454e-21
928.4959744374437 3.4529044784108564e-21
928.5947369036903 3.45256650952242e-21
928.693499369937 3.452228606553426e-21
928.7922618361836 3.451890769484662e-21
928.8910243024302 3.451552998296933e-21
928.9897867686768 3.4512152929710394e-21
929.0885492349234 3.450877653487801e-21
929.1873117011701 3.450540079828037e-21
929.2860741674167 3.4502025719725774e-21
929.3848366336633 3.4498651299022566e-21
929.48359909991 3.449527753597923e-21
929.5823615661566 3.449190443040426e-21
929.6811240324032 3.448853198210621e-21
929.7798864986498 3.44851601908938e-21
929.8786489648965 3.448178905657574e-21
929.9774114311431 3.447841857896083e-21
930.0761738973897 3.447504875785797e-21
930.1749363636363 3.447167959307611e-21
930.273698829883 3.446831108442427e-21
930.3724612961296 3.446494323171158e-21
930.4712237623762 3.4461576034747186e-21
930.5699862286228 3.4458209493340384e-21
930.6687486948695 3.445484360730047e-21
930.7675111611161 3.445147837643687e-21
930.8662736273627 3.444811380055902e-21
930.9650360936093 3.444474987947649e-21
931.063798559856 3.44413866129989e-21
931.1625610261026 3.443802400093593e-21
931.2613234923492 3.443466204309738e-21
931.3600859585958 3.443130073929306e-21
931.4588484248425 3.442794008933289e-21
931.5576108910891 3.442458009302687e-21
931.6563733573357 3.442122075018505e-21
931.7551358235823 3.441786206061756e-21
931.853898289829 3.44145040241346e-21
931.9526607560756 3.4411146640546496e-21
932.0514232223222 3.4407789909663556e-21
932.1501856885689 3.440443383129622e-21
932.2489481548155 3.440107840525499e-21
932.3477106210621 3.439772363135042e-21
932.4464730873087 3.439436950939321e-21
932.5452355535554 3.439101603919403e-21
932.643998019802 3.4387663220563676e-21
932.7427604860486 3.4384311053313016e-21
932.8415229522952 3.4380959537253005e-21
932.9402854185419 3.4377608672194644e-21
933.0390478847885 3.437425845794901e-21
933.1378103510351 3.437090889432726e-21
933.2365728172817 3.436755998114062e-21
933.3353352835284 3.436421171820044e-21
933.434097749775 3.436086410531801e-21
933.5328602160216 3.435751714230483e-21
933.6316226822682 3.43541708289724e-21
933.7303851485149 3.435082516513232e-21
933.8291476147615 3.434748015059628e-21
933.9279100810081 3.434413578517597e-21
934.0266725472547 3.434079206868322e-21
934.1254350135014 3.433744900092992e-21
934.224197479748 3.433410658172801e-21
934.3229599459946 3.433076481088954e-21
934.4217224122413 3.432742368822656e-21
934.5204848784879 3.432408321355131e-21
934.6192473447345 3.432074338667598e-21
934.7180098109811 3.431740420741292e-21
934.8167722772278 3.431406567557449e-21
934.9155347434744 3.4310727790973154e-21
935.014297209721 3.430739055342146e-21
935.1130596759676 3.430405396273199e-21
935.2118221422143 3.430071801871744e-21
935.3105846084608 3.4297382721190566e-21
935.4093470747074 3.4294048069964165e-21
935.508109540954 3.429071406485115e-21
935.6068720072006 3.428738070566444e-21
935.7056344734473 3.428404799221714e-21
935.8043969396939 3.428071592432229e-21
935.9031594059405 3.427738450179313e-21
936.0019218721872 3.427405372444288e-21
936.1006843384338 3.4270723592084844e-21
936.1994468046804 3.4267394104532465e-21
936.298209270927 3.426406526159917e-21
936.3969717371737 3.426073706309851e-21
936.4957342034203 3.4257409508844106e-21
936.5944966696669 3.4254082598649615e-21
936.6932591359135 3.4250756332328795e-21
936.7920216021602 3.424743070969548e-21
936.8907840684068 3.424410573056358e-21
936.9895465346534 3.4240781394747044e-21
937.0883090009 3.42374577020599e-21
937.1870714671467 3.4234134652316275e-21
937.2858339333933 3.423081224533034e-21
937.3845963996399 3.422749048091636e-21
937.4833588658865 3.422416935888865e-21
937.5821213321332 3.42208488790616e-21
937.6808837983798 3.42175290412497e-21
937.7796462646264 3.421420984526746e-21
937.878408730873 3.42108912909295e-21
937.9771711971197 3.4207573378050485e-21
938.0759336633663 3.420425610644519e-21
938.1746961296129 3.420093947592841e-21
938.2734585958596 3.419762348631507e-21
938.3722210621062 3.419430813742011e-21
938.4709835283528 3.419099342905857e-21
938.5697459945994 3.4187679361045565e-21
938.668508460846 3.418436593319624e-21
938.7672709270927 3.4181053145325884e-21
938.8660333933393 3.417774099724976e-21
938.9647958595859 3.4174429488783335e-21
939.0635583258326 3.417111861974199e-21
939.1623207920792 3.416780838994131e-21
939.2610832583258 3.4164498799196855e-21
939.3598457245724 3.416118984732433e-21
939.4586081908191 3.415788153413947e-21
939.5573706570657 3.415457385945807e-21
939.6561331233123 3.415126682309602e-21
939.7548955895589 3.414796042486926e-21
939.8536580558056 3.414465466459385e-21
939.9524205220522 3.414134954208585e-21
940.0511829882988 3.4138045057161444e-21
940.1499454545454 3.4134741209636854e-21
940.2487079207921 3.4131437999328394e-21
940.3474703870387 3.412813542605243e-21
940.4462328532853 3.4124833489625425e-21
940.544995319532 3.4121532189863875e-21
940.6437577857786 3.411823152658438e-21
940.7425202520252 3.411493149960359e-21
940.8412827182718 3.411163210873823e-21
940.9400451845185 3.410833335380509e-21
941.0388076507651 3.410503523462105e-21
941.1375701170117 3.410173775100304e-21
941.2363325832583 3.409844090276808e-21
941.335095049505 3.409514468973323e-21
941.4338575157516 3.409184911171564e-21
941.5326199819982 3.408855416853251e-21
941.6313824482448 3.4085259860001164e-21
941.7301449144915 3.408196618593892e-21
941.8289073807381 3.407867314616322e-21
941.9276698469847 3.407538074049155e-21
942.0264323132313 3.40720889687415e-21
942.125194779478 3.406879783073068e-21
942.2239572457246 3.40655073262768e-21
942.3227197119712 3.406221745519766e-21
942.4214821782178 3.405892821731105e-21
942.5202446444645 3.4055639612434914e-21
942.6190071107111 3.405235164038725e-21
942.7177695769577 3.40490643009861e-21
942.8165320432043 3.404577759404954e-21
942.915294509451 3.4042491519395834e-21
943.0140569756976 3.4039206076843196e-21
943.1128194419442 3.403592126620995e-21
943.2115819081909 3.403263708731454e-21
943.3103443744375 3.402935353997539e-21
943.4091068406841 3.402607062401108e-21
943.5078693069307 3.402278833924015e-21
943.6066317731774 3.401950668548133e-21
943.705394239424 3.401622566255336e-21
943.8041567056705 3.401294527027504e-21
943.9029191719171 3.400966550846526e-21
944.0016816381637 3.400638637694297e-21
944.1004441044104 3.400310787552719e-21
944.199206570657 3.3999830004037015e-21
944.2979690369036 3.39965527622916e-21
944.3967315031502 3.3993276150110176e-21
944.4954939693969 3.399000016731204e-21
944.5942564356435 3.398672481371655e-21
944.6930189018901 3.3983450089143135e-21
944.7917813681368 3.398017599341133e-21
944.8905438343834 3.3976902526340675e-21
944.98930630063 3.397362968775083e-21
945.0880687668766 3.397035747746151e-21
945.1868312331233 3.396708589529246e-21
945.2855936993699 3.396381494106355e-21
945.3843561656165 3.39605446145947e-21
945.4831186318631 3.395727491570588e-21
945.5818810981098 3.3954005844217155e-21
945.6806435643564 3.395073739994864e-21
945.779406030603 3.394746958272054e-21
945.8781684968496 3.394420239235308e-21
945.9769309630963 3.394093582866661e-21
946.0756934293429 3.393766989148153e-21
946.1744558955895 3.393440458061828e-21
946.2732183618361 3.3931139895897415e-21
946.3719808280828 3.392787583713952e-21
946.4707432943294 3.3924612404165264e-21
946.569505760576 3.3921349596795375e-21
946.6682682268226 3.3918087414850674e-21
946.7670306930693 3.391482585815205e-21
946.8657931593159 3.3911564926520386e-21
946.9645556255625 3.3908304619776755e-21
947.0633180918092 3.390504493774219e-21
947.1620805580558 3.390178588023787e-21
947.2608430243024 3.389852744708496e-21
947.359605490549 3.3895269638104774e-21
947.4583679567957 3.389201245311868e-21
947.5571304230423 3.388875589194805e-21
947.6558928892889 3.388549995441439e-21
947.7546553555355 3.388224464033924e-21
947.8534178217822 3.3878989949544245e-21
947.9521802880288 3.387573588185106e-21
948.0509427542754 3.387248243708147e-21
948.149705220522 3.386922961505728e-21
948.2484676867687 3.3865977415600397e-21
948.3472301530153 3.3862725838532764e-21
948.4459926192619 3.3859474883676412e-21
948.5447550855085 3.3856224550853416e-21
948.6435175517552 3.3852974839885988e-21
948.7422800180018 3.3849725750596283e-21
948.8410424842484 3.384647728280666e-21
948.939804950495 3.3843229436339457e-21
949.0385674167417 3.383998221101711e-21
949.1373298829883 3.3836735606662113e-21
949.2360923492349 3.383348962309703e-21
949.3348548154815 3.3830244260144513e-21
949.4336172817282 3.3826999517627212e-21
949.5323797479748 3.3823755395367954e-21
949.6311422142214 3.3820511893189545e-21
949.729904680468 3.3817269010914895e-21
949.8286671467147 3.3814026748366956e-21
949.9274296129613 3.3810785105368773e-21
950.0261920792079 3.3807544081743465e-21
950.1249545454546 3.3804303677314173e-21
950.2237170117012 3.3801063891904175e-21
950.3224794779478 3.379782472533672e-21
950.4212419441944 3.3794586177435236e-21
950.5200044104411 3.3791348248023112e-21
950.6187668766877 3.378811093692389e-21
950.7175293429343 3.3784874243961124e-21
950.8162918091809 3.3781638168958453e-21
950.9150542754276 3.3778402711739588e-21
951.0138167416742 3.3775167872128287e-21
951.1125792079208 3.3771933649948426e-21
951.2113416741674 3.376870004502387e-21
951.3101041404141 3.37654670571786e-21
951.4088666066607 3.3762234686236665e-21
951.5076290729073 3.3759002932022176e-21
951.606391539154 3.375577179435928e-21
951.7051540054006 3.375254127307226e-21
951.8039164716472 3.3749311367985384e-21
951.9026789378938 3.3746082078923014e-21
952.0014414041405 3.3742853405709616e-21
952.1002038703871 3.3739625348169685e-21
952.1989663366336 3.3736397906127805e-21
952.2977288028802 3.3733171079408592e-21
952.3964912691268 3.372994486783677e-21
952.4952537353735 3.372671927123707e-21
952.5940162016201 3.3723494289434386e-21
952.6927786678667 3.372026992225359e-21
952.7915411341133 3.3717046169519643e-21
952.89030360036 3.3713823031057584e-21
952.9890660666066 3.3710600506692525e-21
953.0878285328532 3.3707378596249636e-21
953.1865909990998 3.3704157299554116e-21
953.2853534653465 3.3700936616431314e-21
953.3841159315931 3.3697716546706562e-21
953.4828783978397 3.3694497090205296e-21
953.5816408640864 3.3691278246753027e-21
953.680403330333 3.3688060016175308e-21
953.7791657965796 3.368484239829776e-21
953.8779282628262 3.3681625392946086e-21
953.9766907290729 3.367840899994606e-21
954.0754531953195 3.3675193219123493e-21
954.1742156615661 3.367197805030428e-21
954.2729781278127 3.3668763493314375e-21
954.3717405940594 3.366554954797981e-21
954.470503060306 3.3662336214126684e-21
954.5692655265526 3.365912349158113e-21
954.6680279927992 3.365591138016937e-21
954.7667904590459 3.3652699879717698e-21
954.8655529252925 3.364948899005248e-21
954.9643153915391 3.3646278711000122e-21
955.0630778577857 3.3643069042387093e-21
955.1618403240324 3.3639859984039958e-21
955.260602790279 3.3636651535785325e-21
955.3593652565256 3.363344369744988e-21
955.4581277227722 3.363023646886036e-21
955.5568901890189 3.3627029849843586e-21
955.6556526552655 3.3623823840226418e-21
955.7544151215121 3.3620618439835792e-21
955.8531775877588 3.361741364849875e-21
955.9519400540054 3.3614209466042316e-21
956.050702520252 3.3611005892293653e-21
956.1494649864986 3.3607802927079964e-21
956.2482274527453 3.360460057022851e-21
956.3469899189919 3.360139882156662e-21
956.4457523852385 3.3598197680921693e-21
956.5445148514851 3.359499714812119e-21
956.6432773177318 3.359179722299264e-21
956.7420397839784 3.358859790536363e-21
956.840802250225 3.3585399195061824e-21
956.9395647164716 3.358220109191494e-21
957.0383271827183 3.3579003595750763e-21
957.1370896489649 3.357580670639714e-21
957.2358521152115 3.3572610423682004e-21
957.3346145814581 3.3569414747433305e-21
957.4333770477048 3.356621967747912e-21
957.5321395139514 3.3563025213647542e-21
957.630901980198 3.3559831355766766e-21
957.7296644464446 3.3556638103665e-21
957.8284269126913 3.3553445457170576e-21
957.9271893789379 3.355025341611185e-21
958.0259518451845 3.354706198031726e-21
958.1247143114311 3.3543871149615302e-21
958.2234767776778 3.3540680923834535e-21
958.3222392439244 3.3537491302803595e-21
958.421001710171 3.3534302286351175e-21
958.5197641764177 3.3531113874306008e-21
958.6185266426643 3.352792606649695e-21
958.7172891089109 3.3524738862752865e-21
958.8160515751575 3.3521552262902695e-21
958.9148140414042 3.3518366266775458e-21
959.0135765076508 3.351518087420026e-21
959.1123389738974 3.3511996085006205e-21
959.211101440144 3.350881189902252e-21
959.3098639063907 3.3505628316078466e-21
959.4086263726373 3.3502445336003387e-21
959.5073888388839 3.3499262958626674e-21
959.6061513051305 3.3496081183777787e-21
959.7049137713772 3.349290001128626e-21
959.8036762376238 3.348971944098169e-21
959.9024387038704 3.3486539472693715e-21
960.001201170117 3.3483360106252057e-21
960.0999636363637 3.3480181341486514e-21
960.1987261026103 3.3477003178226914e-21
960.2974885688569 3.3473825616303197e-21
960.3962510351035 3.347064865554531e-21
960.4950135013502 3.3467472295783305e-21
960.5937759675968 3.3464296536847268e-21
960.6925384338433 3.3461121378567376e-21
960.7913009000899 3.3457946820773856e-21
960.8900633663366 3.3454772863297013e-21
960.9888258325832 3.345159950596718e-21
961.0875882988298 3.34484267486148e-21
961.1863507650764 3.344525459107036e-21
961.2851132313231 3.3442083033164384e-21
961.3838756975697 3.34389120747275e-21
961.4826381638163 3.3435741715590376e-21
961.581400630063 3.343257195558377e-21
961.6801630963096 3.342940279453845e-21
961.7789255625562 3.342623423228531e-21
961.8776880288028 3.3423066268655273e-21
961.9764504950494 3.3419898903479332e-21
962.0752129612961 3.341673213658852e-21
962.1739754275427 3.3413565967813984e-21
962.2727378937893 3.3410400396986904e-21
962.371500360036 3.34072354239385e-21
962.4702628262826 3.3404071048500107e-21
962.5690252925292 3.340090727050309e-21
962.6677877587758 3.3397744089778876e-21
962.7665502250225 3.339458150615898e-21
962.8653126912691 3.3391419519474953e-21
962.9640751575157 3.338825812955841e-21
963.0628376237623 3.3385097336241058e-21
963.161600090009 3.338193713935463e-21
963.2603625562556 3.3378777538730963e-21
963.3591250225022 3.3375618534201905e-21
963.4578874887488 3.3372460125599402e-21
963.5566499549955 3.336930231275547e-21
963.6554124212421 3.3366145095502174e-21
963.7541748874887 3.336298847367163e-21
963.8529373537353 3.335983244709604e-21
963.951699819982 3.335667701560764e-21
964.0504622862286 3.3353522179038778e-21
964.1492247524752 3.3350367937221783e-21
964.2479872187218 3.3347214289989154e-21
964.3467496849685 3.3344061237173373e-21
964.4455121512151 3.3340908778606985e-21
964.5442746174617 3.3337756914122664e-21
964.6430370837084 3.3334605643553053e-21
964.741799549955 3.3331454966730946e-21
964.8405620162016 3.3328304883489137e-21
964.9393244824482 3.332515539366052e-21
965.0380869486949 3.332200649707803e-21
965.1368494149415 3.3318858193574688e-21
965.2356118811881 3.3315710482983534e-21
965.3343743474347 3.3312563365137713e-21
965.4331368136814 3.3309416839870428e-21
965.531899279928 3.3306270907014928e-21
965.6306617461746 3.33031255664045e-21
965.7294242124212 3.3299980817872566e-21
965.8281866786679 3.329683666125254e-21
965.9269491449145 3.329369309637794e-21
966.0257116111611 3.329055012308232e-21
966.1244740774077 3.3287407741199316e-21
966.2232365436544 3.3284265950562632e-21
966.321999009901 3.328112475100598e-21
966.4207614761476 3.3277984142363212e-21
966.5195239423942 3.3274844124468193e-21
966.6182864086409 3.3271704697154848e-21
966.7170488748875 3.3268565860257194e-21
966.8158113411341 3.3265427613609284e-21
966.9145738073807 3.3262289957045266e-21
967.0133362736274 3.3259152890399282e-21
967.112098739874 3.325601641350562e-21
967.2108612061206 3.3252880526198563e-21
967.3096236723673 3.32497452283125e-21
967.4083861386139 3.3246610519681853e-21
967.5071486048605 3.3243476400141123e-21
967.6059110711071 3.324034286952486e-21
967.7046735373538 3.3237209927667703e-21
967.8034360036004 3.323407757440431e-21
967.902198469847 3.3230945809569425e-21
968.0009609360936 3.3227814632997863e-21
968.0997234023403 3.322468404452448e-21
968.1984858685869 3.3221554043984204e-21
968.2972483348335 3.3218424631212026e-21
968.3960108010801 3.3215295806042993e-21
968.4947732673268 3.3212167568312224e-21
968.5935357335734 3.320903991785488e-21
968.69229819982 3.3205912854506195e-21
968.7910606660666 3.320278637810148e-21
968.8898231323133 3.3199660488476076e-21
968.9885855985599 3.3196535185465393e-21
969.0873480648064 3.319341046890494e-21
969.186110531053 3.3190286338630246e-21
969.2848729972997 3.3187162794476894e-21
969.3836354635463 3.3184039836280547e-21
969.4823979297929 3.3180917463876967e-21
969.5811603960395 3.3177795677101897e-21
969.6799228622862 3.3174674475791203e-21
969.7786853285328 3.3171553859780816e-21
969.8774477947794 3.316843382890665e-21
969.976210261026 3.3165314383004782e-21
970.0749727272727 3.3162195521911274e-21
970.1737351935193 3.31590772454623e-21
970.2724976597659 3.315595955349405e-21
970.3712601260125 3.315284244584281e-21
970.4700225922592 3.3149725922344928e-21
970.5687850585058 3.314660998283677e-21
970.6675475247524 3.3143494627154817e-21
970.766309990999 3.314037985513557e-21
970.8650724572457 3.313726566661561e-21
970.9638349234923 3.313415206143158e-21
971.0625973897389 3.3131039039420187e-21
971.1613598559856 3.3127926600418166e-21
971.2601223222322 3.3124814744262366e-21
971.3588847884788 3.3121703470789663e-21
971.4576472547254 3.3118592779836977e-21
971.556409720972 3.3115482671241334e-21
971.6551721872187 3.3112373144839778e-21
971.7539346534653 3.3109264200469452e-21
971.8526971197119 3.310615583796753e-21
971.9514595859586 3.310304805717125e-21
972.0502220522052 3.309994085791794e-21
972.1489845184518 3.3096834240044948e-21
972.2477469846984 3.30937282033897e-21
972.3465094509451 3.3090622747789682e-21
972.4452719171917 3.308751787308244e-21
972.5440343834383 3.30844135791056e-21
972.6427968496849 3.3081309865696795e-21
972.7415593159316 3.307820673269379e-21
972.8403217821782 3.3075104179934328e-21
972.9390842484248 3.3072002207256296e-21
973.0378467146714 3.306890081449761e-21
973.1366091809181 3.3065800001496187e-21
973.2353716471647 3.3062699768090103e-21
973.3341341134113 3.3059600114117413e-21
973.432896579658 3.3056501039416287e-21
973.5316590459046 3.3053402543824944e-21
973.6304215121512 3.3050304627181616e-21
973.7291839783978 3.304720728932467e-21
973.8279464446445 3.3044110530092464e-21
973.9267089108911 3.3041014349323457e-21
974.0254713771377 3.3037918746856158e-21
974.1242338433843 3.303482372252915e-21
974.222996309631 3.303172927618103e-21
974.3217587758776 3.3028635407650517e-21
974.4205212421242 3.302554211677635e-21
974.5192837083708 3.302244940339732e-21
974.6180461746175 3.3019357267352297e-21
974.7168086408641 3.3016265708480233e-21
974.8155711071107 3.301317472662009e-21
974.9143335733573 3.3010084321610914e-21
975.013096039604 3.300699449329182e-21
975.1118585058506 3.3003905241501982e-21
975.2106209720972 3.3000816566080603e-21
975.3093834383438 3.299772846686699e-21
975.4081459045905 3.2994640943700477e-21
975.5069083708371 3.2991553996420464e-21
975.6056708370837 3.2988467624866412e-21
975.7044333033303 3.2985381828877852e-21
975.803195769577 3.298229660829435e-21
975.9019582358236 3.297921196295557e-21
976.0007207020702 3.2976127892701202e-21
976.0994831683169 3.2973044397371e-21
976.1982456345635 3.2969961476804778e-21
976.2970081008101 3.296687913084245e-21
976.3957705670567 3.2963797359323908e-21
976.4945330333034 3.2960716162089157e-21
976.59329549955 3.2957635538978288e-21
976.6920579657966 3.2954555489831386e-21
976.7908204320432 3.295147601448863e-21
976.8895828982899 3.2948397112790244e-21
976.9883453645365 3.294531878457655e-21
977.0871078307831 3.2942241029687873e-21
977.1858702970297 3.2939163847964628e-21
977.2846327632764 3.2936087239247295e-21
977.383395229523 3.293301120337639e-21
977.4821576957695 3.2929935740192506e-21
977.5809201620161 3.292686084953629e-21
977.6796826282628 3.292378653124845e-21
977.7784450945094 3.292071278516973e-21
977.877207560756 3.2917639611140982e-21
977.9759700270026 3.2914567009003082e-21
978.0747324932493 3.291149497859694e-21
978.1734949594959 3.29084235197636e-21
978.2722574257425 3.2905352632344086e-21
978.3710198919891 3.2902282316179518e-21
978.4697823582358 3.2899212571111106e-21
978.5685448244824 3.2896143396980038e-21
978.667307290729 3.289307479362763e-21
978.7660697569756 3.289000676089523e-21
978.8648322232223 3.2886939298624262e-21
978.9635946894689 3.2883872406656152e-21
979.0623571557155 3.2880806084832477e-21
979.1611196219621 3.287774033299478e-21
979.2598820882088 3.2874675150984734e-21
979.3586445544554 3.287161053864403e-21
979.457407020702 3.286854649581442e-21
979.5561694869486 3.2865483022337752e-21
979.6549319531953 3.2862420118055876e-21
979.7536944194419 3.2859357782810727e-21
979.8524568856885 3.2856296016444317e-21
979.9512193519352 3.2853234818798678e-21
980.0499818181818 3.2850174189715935e-21
980.1487442844284 3.2847114129038246e-21
980.247506750675 3.284405463660785e-21
980.3462692169217 3.2840995712267015e-21
980.4450316831683 3.283793735585811e-21
980.5437941494149 3.283487956722351e-21
980.6425566156615 3.2831822346205687e-21
980.7413190819082 3.2828765692647156e-21
980.8400815481548 3.2825709606390482e-21
980.9388440144014 3.282265408727832e-21
981.037606480648 3.281959913515334e-21
981.1363689468947 3.281654474985831e-21
981.2351314131413 3.2813490931236026e-21
981.3338938793879 3.2810437679129344e-21
981.4326563456345 3.2807384993381217e-21
981.5314188118812 3.2804332873834578e-21
981.6301812781278 3.2801281320332505e-21
981.7289437443744 3.2798230332718097e-21
981.827706210621 3.279517991083448e-21
981.9264686768677 3.2792130054524887e-21
982.0252311431143 3.278908076363257e-21
982.1239936093609 3.2786032038000876e-21
982.2227560756075 3.278298387747317e-21
982.3215185418542 3.2779936281892906e-21
982.4202810081008 3.277688925110358e-21
982.5190434743474 3.2773842784948763e-21
982.617805940594 3.2770796883272058e-21
982.7165684068407 3.2767751545917137e-21
982.8153308730873 3.2764706772727723e-21
982.9140933393339 3.276166256354762e-21
983.0128558055806 3.2758618918220655e-21
983.1116182718272 3.2755575836590756e-21
983.2103807380738 3.2752533318501862e-21
983.3091432043204 3.2749491363797995e-21
983.4079056705671 3.2746449972323226e-21
983.5066681368137 3.2743409143921697e-21
983.6054306030603 3.27403688784376e-21
983.7041930693069 3.273732917571516e-21
983.8029555355536 3.27342900355987e-21
983.9017180018002 3.273125145793258e-21
984.0004804680468 3.2728213442561203e-21
984.0992429342934 3.2725175989329058e-21
984.1980054005401 3.272213909808068e-21
984.2967678667867 3.2719102768660644e-21
984.3955303330333 3.271606700091361e-21
984.49429279928 3.271303179468427e-21
984.5930552655266 3.270999714981739e-21
984.6918177317732 3.27069630661578e-21
984.7905801980198 3.270392954355035e-21
984.8893426642665 3.2700896581839985e-21
984.9881051305131 3.269786418087171e-21
985.0868675967597 3.2694832340490536e-21
985.1856300630063 3.2691801060541586e-21
985.284392529253 3.2688770340870014e-21
985.3831549954996 3.268574018132105e-21
985.4819174617462 3.2682710581739942e-21
985.5806799279928 3.267968154197203e-21
985.6794423942395 3.267665306186271e-21
985.7782048604861 3.2673625141257413e-21
985.8769673267326 3.2670597780001642e-21
985.9757297929792 3.266757097794095e-21
986.0744922592258 3.2664544734920953e-21
986.1732547254725 3.2661519050787322e-21
986.2720171917191 3.2658493925385787e-21
986.3707796579657 3.2655469358562124e-21
986.4695421242124 3.265244535016217e-21
986.568304590459 3.264942190003182e-21
986.6670670567056 3.264639900801703e-21
986.7658295229522 3.2643376673963807e-21
986.8645919891989 3.2640354897718237e-21
986.9633544554455 3.263733367912641e-21
987.0621169216921 3.263431301803451e-21
987.1608793879387 3.2631292914288783e-21
987.2596418541854 3.262827336773551e-21
987.358404320432 3.2625254378221036e-21
987.4571667866786 3.2622235945591775e-21
987.5559292529252 3.261921806969419e-21
987.6546917191719 3.2616200750374766e-21
987.7534541854185 3.261318398748012e-21
987.8522166516651 3.2610167780856832e-21
987.9509791179117 3.2607152130351625e-21
988.0497415841584 3.260413703581123e-21
988.148504050405 3.2601122497082415e-21
988.2472665166516 3.259810851401207e-21
988.3460289828982 3.259509508644708e-21
988.4447914491449 3.259208221423442e-21
988.5435539153915 3.2589069897221113e-21
988.6423163816381 3.2586058135254216e-21
988.7410788478848 3.2583046928180894e-21
988.8398413141314 3.2580036275848296e-21
988.938603780378 3.2577026178103693e-21
989.0373662466246 3.257401663479438e-21
989.1361287128713 3.2571007645767714e-21
989.2348911791179 3.25679992108711e-21
989.3336536453645 3.256499132995201e-21
989.4324161116111 3.2561984002857965e-21
989.5311785778578 3.255897722943654e-21
989.6299410441044 3.2555971009535382e-21
989.728703510351 3.2552965343002177e-21
989.8274659765976 3.2549960229684656e-21
989.9262284428443 3.254695566943064e-21
990.0249909090909 3.2543951662087974e-21
990.1237533753375 3.2540948207504577e-21
990.2225158415841 3.253794530552842e-21
990.3212783078308 3.2534942956007515e-21
990.4200407740774 3.2531941158789947e-21
990.518803240324 3.2528939913723863e-21
990.6175657065706 3.2525939220657438e-21
990.7163281728173 3.2522939079438922e-21
990.8150906390639 3.2519939489916625e-21
990.9138531053105 3.251694045193888e-21
991.0126155715571 3.2513941965354116e-21
991.1113780378038 3.2510944030010818e-21
991.2101405040504 3.250794664575747e-21
991.308902970297 3.2504949812442683e-21
991.4076654365437 3.2501953529915066e-21
991.5064279027903 3.2498957798023323e-21
991.6051903690369 3.2495962616616187e-21
991.7039528352835 3.249296798554246e-21
991.8027153015302 3.248997390465101e-21
991.9014777677768 3.248698037379072e-21
992.0002402340234 3.2483987392810582e-21
992.09900270027 3.248099496155959e-21
992.1977651665167 3.2478003079886837e-21
992.2965276327633 3.2475011747641437e-21
992.3952900990099 3.2472020964672596e-21
992.4940525652565 3.2469030730829524e-21
992.5928150315032 3.246604104596153e-21
992.6915774977498 3.2463051909917975e-21
992.7903399639964 3.2460063322548244e-21
992.889102430243 3.245707528370182e-21
992.9878648964897 3.2454087793228175e-21
993.0866273627363 3.2451100850976928e-21
993.1853898289829 3.2448114456797658e-21
993.2841522952295 3.2445128610540067e-21
993.3829147614762 3.244214331205389e-21
993.4816772277228 3.2439158561188917e-21
993.5804396939694 3.2436174357794967e-21
993.679202160216 3.2433190701721964e-21
993.7779646264627 3.2430207592819846e-21
993.8767270927093 3.2427225030938617e-21
993.9754895589559 3.2424243015928334e-21
994.0742520252026 3.2421261547639152e-21
994.1730144914492 3.241828062592119e-21
994.2717769576958 3.2415300250624703e-21
994.3705394239423 3.2412320421599957e-21
994.469301890189 3.240934113869728e-21
994.5680643564356 3.2406362401767085e-21
994.6668268226822 3.240338421065979e-21
994.7655892889288 3.24004065652259e-21
994.8643517551754 3.2397429465315973e-21
994.9631142214221 3.2394452910780607e-21
995.0618766876687 3.2391476901470466e-21
995.1606391539153 3.2388501437236274e-21
995.259401620162 3.2385526517928778e-21
995.3581640864086 3.238255214339883e-21
995.4569265526552 3.2379578313497268e-21
995.5556890189018 3.2376605028075055e-21
995.6544514851485 3.2373632286983158e-21
995.7532139513951 3.2370660090072648e-21
995.8519764176417 3.2367688437194567e-21
995.9507388838883 3.236471732820011e-21
996.049501350135 3.2361746762940463e-21
996.1482638163816 3.2358776741266875e-21
996.2470262826282 3.235580726303067e-21
996.3457887488748 3.23528383280832e-21
996.4445512151215 3.2349869936275886e-21
996.5433136813681 3.234690208746021e-21
996.6420761476147 3.2343934781487684e-21
996.7408386138613 3.2340968018209905e-21
996.839601080108 3.2338001797478486e-21
996.9383635463546 3.2335036119145137e-21
997.0371260126012 3.2332070983061585e-21
997.1358884788478 3.232910638907962e-21
997.2346509450945 3.2326142337051122e-21
997.3334134113411 3.232317882682795e-21
997.4321758775877 3.2320215858262103e-21
997.5309383438344 3.231725343120555e-21
997.629700810081 3.2314291545510403e-21
997.7284632763276 3.2311330201028748e-21
997.8272257425742 3.230836939761276e-21
997.9259882088209 3.230540913511467e-21
998.0247506750675 3.230244941338675e-21
998.1235131413141 3.2299490232281342e-21
998.2222756075607 3.2296531591650832e-21
998.3210380738074 3.229357349134766e-21
998.419800540054 3.2290615931224307e-21
998.5185630063006 3.2287658911133326e-21
998.6173254725472 3.2284702430927325e-21
998.7160879387939 3.2281746490458945e-21
998.8148504050405 3.2278791089580907e-21
998.9136128712871 3.2275836228145954e-21
999.0123753375337 3.227288190600693e-21
999.1111378037804 3.2269928123016655e-21
999.209900270027 3.2266974879028093e-21
999.3086627362736 3.2264022173894187e-21
999.4074252025202 3.226107000746798e-21
999.5061876687669 3.2258118379602553e-21
999.6049501350135 3.225516729015104e-21
999.7037126012601 3.2252216738966616e-21
999.8024750675067 3.2249266725902544e-21
999.9012375337534 3.224631725081209e-21
1000.0 3.2243368313548605e-21
