0.0 0.0
10.1765 0.0
10.275492249224923 1.7998448933561914e-24
10.374484498449846 3.865781279383647e-24
10.473476747674768 6.152415810141094e-24
10.57246899689969 8.619737323779768e-24
10.671461246124613 1.1232521839528906e-23
10.770453495349535 1.39598035238569e-23
10.869445744574458 1.6774404092656585e-23
10.96843799379938 1.9652514010708048e-23
11.067430243024303 2.2573319634526468e-23
11.166422492249225 2.5518671132548888e-23
11.265414741474148 2.847278661999617e-23
11.36440699069907 3.142198847553428e-23
11.463399239923993 3.4354468272428753e-23
11.562391489148915 3.7260077166390173e-23
11.661383738373837 4.0130138942803964e-23
11.76037598759876 4.295728324364871e-23
11.859368236823682 4.5735296774473527e-23
11.958360486048605 4.845899053895281e-23
12.057352735273529 5.112408136681093e-23
12.15634498449845 5.372708619382697e-23
12.255337233723374 5.626522772326378e-23
12.354329482948295 5.873635024910324e-23
12.453321732173219 6.113884455524627e-23
12.55231398139814 6.347158092342321e-23
12.651306230623064 6.5733849387732e-23
12.750298479847984 6.792530646707906e-23
12.849290729072909 7.004592768970419e-23
12.948282978297831 7.209596529764901e-23
13.047275227522753 7.407591058455383e-23
13.146267476747676 7.598646037845366e-23
13.245259725972598 7.782848723315245e-23
13.34425197519752 7.960301293797807e-23
13.443244224422443 8.131118499692745e-23
13.542236473647366 8.295425576495234e-23
13.641228722872288 8.4533563961917e-23
13.74022097209721 8.605051831402224e-23
13.839213221322133 8.750658309862046e-23
13.938205470547055 8.890326539169985e-23
14.037197719771978 9.024210383818367e-23
14.1361899689969 9.152465878385888e-23
14.235182218221823 9.275250362444513e-23
14.334174467446745 9.392721724226769e-23
14.433166716671668 9.505037741436851e-23
14.53215896589659 9.612355508789012e-23
14.631151215121513 9.714830942929902e-23
14.730143464346435 9.812618356364282e-23
14.829135713571358 9.905870092867244e-23
14.92812796279628 9.994736217639725e-23
15.027120212021202 1.0079364256158738e-22
15.126112461246125 1.015989897629758e-22
15.225104710471047 1.0236482208849963e-22
15.32409695969597 1.0309252702095091e-22
15.423089208920892 1.0378346006491285e-22
15.522081458145816 1.044389438599141e-22
15.621073707370737 1.05060267528369e-22
15.720065956595661 1.0564868623014638e-22
15.819058205820582 1.0620542089854795e-22
15.918050455045506 1.0673165813511598e-22
16.017042704270427 1.0722855024306909e-22
16.11603495349535 1.076972153812929e-22
16.21502720272027 1.0813873782273757e-22
16.314019451945196 1.0855416830279304e-22
16.413011701170117 1.089445244447656e-22
16.51200395039504 1.0931079125097272e-22
16.61099619961996 1.0965392164922393e-22
16.709988448844886 1.0997483708558363e-22
16.808980698069806 1.102744281553204e-22
16.90797294729473 1.1055355526485684e-22
17.00696519651965 1.1081304931835317e-22
17.105957445744576 1.1105371242328378e-22
17.204949694969496 1.1127631861003282e-22
17.30394194419442 1.114816145611194e-22
17.40293419341934 1.116703203461923e-22
17.501926442644265 1.1184313015941538e-22
17.60091869186919 1.1200071305628372e-22
17.69991094109411 1.1214371368729575e-22
17.79890319031903 1.1227275302624748e-22
17.897895439543955 1.1238842909122043e-22
17.99688768876888 1.1249131765660662e-22
18.0958799379938 1.1258197295476034e-22
18.19487218721872 1.126609283660818e-22
18.293864436443645 1.1272869709653228e-22
18.39285668566857 1.1278577284175372e-22
18.49184893489349 1.1283263043711902e-22
18.59084118411841 1.1286972649317425e-22
18.689833433343335 1.1289750001605647e-22
18.78882568256826 1.1291637301257686e-22
18.88781793179318 1.1292675107975283e-22
18.9868101810181 1.1292902397865544e-22
19.085802430243024 1.1292356619251427e-22
19.18479467946795 1.1291073746908032e-22
19.28378692869287 1.1289088334730834e-22
19.38277917791779 1.1286433566846648e-22
19.481771427142714 1.1283141307182094e-22
19.58076367636764 1.127924214750828e-22
19.67975592559256 1.127476545398337e-22
19.77874817481748 1.126973941221705e-22
19.877740424042404 1.126419107088354e-22
19.97673267326733 1.1258146383911352e-22
20.07572492249225 1.1251630251279452e-22
20.17471717171717 1.1244666558450793e-22
20.273709420942094 1.1237278214475193e-22
20.372701670167018 1.122948718879388e-22
20.47169391939194 1.122131454677903e-22
20.57068616861686 1.1212780484041492e-22
20.669678417841784 1.120390435954034e-22
20.768670667066708 1.1194704727527677e-22
20.86766291629163 1.1185199368362348e-22
20.966655165516553 1.11754053182256e-22
21.065647414741477 1.1165338897771692e-22
21.164639663966398 1.1155015739746225e-22
21.26363191319132 1.1144450815603844e-22
21.362624162416243 1.113365846115749e-22
21.461616411641167 1.1122652401289752e-22
21.560608660866087 1.1111445773757225e-22
21.659600910091008 1.110005115211729e-22
21.758593159315932 1.1088480567806943e-22
21.857585408540857 1.1076745531401713e-22
21.956577657765777 1.1064857053083007e-22
22.055569906990698 1.1052825662340513e-22
22.154562156215622 1.1040661426936376e-22
22.253554405440546 1.1028373971156782e-22
22.352546654665467 1.1015972493375914e-22
22.451538903890388 1.1003465782956413e-22
22.550531153115312 1.0990862236510238e-22
22.649523402340236 1.0978169873542361e-22
22.748515651565157 1.0965396351499848e-22
22.847507900790077 1.095254898024744e-22
22.946500150015 1.0939634735990766e-22
23.045492399239926 1.092666027466702e-22
23.144484648464847 1.0913631944822786e-22
23.243476897689767 1.0900555799997734e-22
23.34246914691469 1.0887437610632466e-22
23.441461396139616 1.0874282875518089e-22
23.540453645364536 1.086109683280446e-22
23.639445894589457 1.0847884470583627e-22
23.73843814381438 1.0834650537064297e-22
23.837430393039305 1.0821399550352503e-22
23.936422642264226 1.0808135807853472e-22
24.035414891489147 1.0794863395308697e-22
24.13440714071407 1.0781586195482203e-22
24.233399389938995 1.0768307896508938e-22
24.332391639163916 1.0755031999918436e-22
24.431383888388837 1.0741761828345745e-22
24.53037613761376 1.0728500532941676e-22
24.629368386838685 1.071525110049371e-22
24.728360636063606 1.0702016360268683e-22
24.827352885288526 1.0688798990587642e-22
24.92634513451345 1.0675601525143468e-22
25.025337383738375 1.0662426359070636e-22
25.124329632963295 1.0649275754777032e-22
25.22332188218822 1.0636151847546562e-22
25.322314131413144 1.0623056650921719e-22
25.421306380638065 1.0609992061874202e-22
25.520298629862985 1.0596959865771957e-22
25.61929087908791 1.0583961741150391e-22
25.718283128312834 1.0570999264295329e-22
25.817275377537754 1.0558073913644819e-22
25.916267626762675 1.0545187074017067e-22
26.0152598759876 1.0532340040670858e-22
26.114252125212523 1.0519534023205192e-22
26.213244374437444 1.0506770149304182e-22
26.312236623662365 1.0494049468333274e-22
26.41122887288729 1.0481372954792521e-22
26.51022112211221 1.0468741511632423e-22
26.609213371337134 1.0456155973437629e-22
26.708205620562055 1.0443617109483701e-22
26.80719786978698 1.0431125626671726e-22
26.9061901190119 1.0418682172345635e-22
27.005182368236824 1.0406287336996693e-22
27.104174617461748 1.0393941656859576e-22
27.20316686668667 1.0381645616404171e-22
27.302159115911593 1.0369399650727309e-22
27.401151365136514 1.0357204147848058e-22
27.500143614361438 1.0345059450910598e-22
27.59913586358636 1.0332965860298022e-22
27.698128112811283 1.0320923635660731e-22
27.797120362036203 1.030893299786262e-22
27.896112611261128 1.0296994130848208e-22
27.995104860486048 1.0285107183433966e-22
28.094097109710972 1.0273272271026634e-22
28.193089358935893 1.0261489477271398e-22
28.292081608160817 1.0249758855632737e-22
28.391073857385738 1.0238080430910428e-22
28.490066106610662 1.0226454200693398e-22
28.589058355835583 1.0214880136753711e-22
28.688050605060507 1.020335818638306e-22
28.787042854285428 1.0191888273674062e-22
28.886035103510352 1.018047030074847e-22
28.985027352735273 1.0169104148934317e-22
29.084019601960197 1.0157789679894128e-22
29.183011851185118 1.0146526736705955e-22
29.28200410041004 1.01353151448992e-22
29.380996349634962 1.012415471344694e-22
29.479988598859887 1.0113045235716476e-22
29.578980848084807 1.0101986490379669e-22
29.67797309730973 1.0090978242284845e-22
29.776965346534652 1.0080020243291438e-22
29.875957595759576 1.0069112233069232e-22
29.974949844984497 1.0058253939863228e-22
30.07394209420942 1.004744508122576e-22
30.172934343434342 1.0036685364716975e-22
30.271926592659266 1.0025974488575015e-22
30.370918841884187 1.0015312142357029e-22
30.46991109110911 1.0004698007552276e-22
30.568903340334032 9.994131758168237e-23
30.667895589558956 9.98361306129101e-23
30.766887838783877 9.973141577620854e-23
30.8658800880088 9.96271696198392e-23
30.96487233723372 9.9523388638211e-23
31.063864586458646 9.942006927654978e-23
31.162856835683566 9.931720793535578e-23
31.26184908490849 9.92148009746595e-23
31.360841334133415 9.911284471808256e-23
31.459833583358336 9.901133545671203e-23
31.55882583258326 9.891026945279552e-23
31.65781808180818 9.880964294326382e-23
31.756810331033105 9.870945214308892e-23
31.855802580258025 9.860969324848282e-23
31.95479482948295 9.851036243994447e-23
32.05378707870787 9.841145588516045e-23
32.15277932793279 9.831296974176555e-23
32.25177157715771 9.821490015996849e-23
32.35076382638264 9.811724328504917e-23
32.44975607560756 9.801999525973101e-23
32.54874832483249 9.792315222643553e-23
32.64774057405741 9.782671032942208e-23
32.74673282328233 9.773066571681862e-23
32.84572507250725 9.763501454254742e-23
32.94471732173217 9.753975296815002e-23
33.04370957095709 9.744487716451631e-23
33.14270182018202 9.735038331352008e-23
33.24169406940694 9.725626760956712e-23
33.34068631863187 9.716252626105668e-23
33.43967856785679 9.706915549176349e-23
33.53867081708171 9.697615154213958e-23
33.63766306630663 9.688351067054275e-23
33.73665531553155 9.679122915439264e-23
33.83564756475647 9.669930329125808e-23
33.9346398139814 9.660772939987912e-23
34.03363206320632 9.651650382112539e-23
34.13262431243125 9.642562291889444e-23
34.23161656165617 9.633508308095225e-23
34.33060881088109 9.624488071971863e-23
34.42960106010601 9.615501227299917e-23
34.52859330933093 9.606547420466702e-23
34.62758555855585 9.5976263005296e-23
34.72657780778078 9.588737519274721e-23
34.8255700570057 9.579880731271158e-23
34.92456230623063 9.571055593920963e-23
35.02355455545555 9.56226176750516e-23
35.12254680468047 9.553498915225749e-23
35.22153905390539 9.544766703244122e-23
35.32053130313031 9.5360648007159e-23
35.41952355235523 9.52739287982238e-23
35.51851580158016 9.518750615798831e-23
35.617508050805085 9.510137686959601e-23
35.716500300030006 9.501553774720397e-23
35.81549254925493 9.492998563617691e-23
35.91448479847985 9.484471741325531e-23
36.01347704770477 9.47597299866971e-23
36.11246929692969 9.467502029639624e-23
36.21146154615462 9.459058531397732e-23
36.31045379537954 9.450642204286873e-23
36.409446044604465 9.442252751835461e-23
36.508438293829386 9.433889880760694e-23
36.607430543054306 9.425553300969911e-23
36.70642279227923 9.417242725560111e-23
36.80541504150415 9.40895787081576e-23
36.90440729072907 9.400698456205008e-23
37.003399539953996 9.392464204374366e-23
37.10239178917892 9.384254841141908e-23
37.201384038403845 9.3760700954891e-23
37.300376287628765 9.367909699551318e-23
37.399368536853686 9.359773388607148e-23
37.49836078607861 9.351660901066481e-23
37.59735303530353 9.343571978457565e-23
37.69634528452845 9.33550636541292e-23
37.795337533753376 9.327463809654372e-23
37.894329782978296 9.319444061977096e-23
37.993322032203224 9.311446876232796e-23
38.092314281428145 9.303472009312086e-23
38.191306530653065 9.295519221126095e-23
38.290298779877986 9.287588274587343e-23
38.38929102910291 9.279678935589948e-23
38.48828327832783 9.271790972989226e-23
38.587275527552755 9.263924158580609e-23
38.686267776777676 9.256078267078179e-23
38.785260026002604 9.248253076092554e-23
38.884252275227524 9.24044836610832e-23
38.983244524452445 9.232663920461106e-23
39.082236773677366 9.2248995253142e-23
39.181229022902286 9.217154969634738e-23
39.28022127212721 9.209430045169699e-23
39.379213521352135 9.201724546421459e-23
39.478205770577055 9.194038270623128e-23
39.57719801980198 9.186371017713595e-23
39.676190269026904 9.178722590312407e-23
39.775182518251825 9.171092793694354e-23
39.874174767476745 9.163481435763982e-23
39.973167016701666 9.155888327029838e-23
40.072159265926594 9.148313280578639e-23
40.171151515151514 9.140756112049375e-23
40.27014376437644 9.133216639607171e-23
40.36913601360136 9.12569468391723e-23
40.46812826282628 9.118190068118612e-23
40.567120512051204 9.110702617797994e-23
40.666112761276125 9.103232160963443e-23
40.765105010501046 9.095778528018127e-23
40.86409725972597 9.088341551734043e-23
40.963089508950894 9.080921067225784e-23
41.06208175817582 9.073516911924293e-23
41.16107400740074 9.066128925550727e-23
41.26006625662566 9.058756950090262e-23
41.359058505850584 9.051400829766103e-23
41.458050755075504 9.044060411013464e-23
41.557043004300425 9.036735542453671e-23
41.65603525352535 9.029426074868365e-23
41.75502750275027 9.022131861173792e-23
41.8540197519752 9.014852756395215e-23
41.95301200120012 9.007588617641477e-23
42.05200425042504 9.000339304079618e-23
42.15099649964996 8.993104676909689e-23
42.249988748874884 8.985884599339692e-23
42.348980998099805 8.978678936560674e-23
42.447973247324725 8.971487555721943e-23
42.54696549654966 8.964310325906493e-23
42.64595774577458 8.957147118106537e-23
42.7449499949995 8.949997805199264e-23
42.84394224422442 8.942862261922751e-23
42.94293449344934 8.935740364852007e-23
43.04192674267426 8.928631992375297e-23
43.140918991899184 8.921537024670537e-23
43.239911241124105 8.914455343681976e-23
43.33890349034904 8.907386833097009e-23
43.43789573957396 8.900331378323211e-23
43.53688798879888 8.893288866465561e-23
43.6358802380238 8.886259186303854e-23
43.73487248724872 8.87924222827034e-23
43.83386473647364 8.872237884427564e-23
43.932856985698564 8.865246048446363e-23
44.0318492349235 8.858266615584143e-23
44.13084148414842 8.851299482663319e-23
44.22983373337334 8.844344548049956e-23
44.32882598259826 8.837401711632666e-23
44.42781823182318 8.830470874801669e-23
44.5268104810481 8.823551940428087e-23
44.62580273027302 8.816644812843453e-23
44.72479497949794 8.809749397819429e-23
44.82378722872288 8.802865602547723e-23
44.9227794779478 8.795993335620258e-23
45.02177172717272 8.789132507009496e-23
45.12076397639764 8.78228302804904e-23
45.21975622562256 8.775444811414383e-23
45.31874847484748 8.768617771103928e-23
45.4177407240724 8.761801822420192e-23
45.51673297329732 8.754996881951213e-23
45.61572522252226 8.748202867552193e-23
45.71471747174718 8.741419698327318e-23
45.8137097209721 8.734647294611855e-23
45.91270197019702 8.727885577954345e-23
46.01169421942194 8.721134471099123e-23
46.11068646864686 8.71439389796898e-23
46.20967871787178 8.707663783648035e-23
46.3086709670967 8.700944054364823e-23
46.40766321632164 8.694234637475593e-23
46.50665546554656 8.687535461447797e-23
46.60564771477148 8.680846455843789e-23
46.7046399639964 8.674167551304708e-23
46.80363221322132 8.667498679534586e-23
46.90262446244624 8.660839773284647e-23
47.00161671167116 8.654190766337759e-23
47.10060896089608 8.647551593493172e-23
47.19960121012102 8.640922190551346e-23
47.29859345934594 8.634302494299056e-23
47.39758570857086 8.627692442494633e-23
47.49657795779578 8.621091973853411e-23
47.5955702070207 8.614501028033388e-23
47.69456245624562 8.607919545621008e-23
47.79355470547054 8.601347468117211e-23
47.89254695469546 8.594784737923602e-23
47.9915392039204 8.588231298328808e-23
48.09053145314532 8.581687093495067e-23
48.18952370237024 8.575152068444917e-23
48.28851595159516 8.568626169048122e-23
48.38750820082008 8.562109342008747e-23
48.486500450045 8.555601534852403e-23
48.58549269926992 8.549102695913684e-23
48.684484948494855 8.542612774323744e-23
48.783477197719776 8.536131719998068e-23
48.8824694469447 8.529659483624395e-23
48.98146169616962 8.523196016650798e-23
49.08045394539454 8.516741271273966e-23
49.17944619461946 8.510295200427576e-23
49.27843844384438 8.503857757770898e-23
49.3774306930693 8.497428897677528e-23
49.476422942294235 8.491008575224241e-23
49.575415191519156 8.484596746180065e-23
49.674407440744076 8.478193366995457e-23
49.773399689969 8.471798394791658e-23
49.87239193919392 8.465411787350164e-23
49.97138418841884 8.459033503102391e-23
50.07037643764376 8.452663501119442e-23
50.16936868686868 8.446301741102047e-23
50.268360936093615 8.439948183370621e-23
50.367353185318535 8.433602788855493e-23
50.466345434543456 8.427265519087243e-23
50.56533768376838 8.420936336187201e-23
50.6643299329933 8.414615202858048e-23
50.76332218221822 8.408302082374609e-23
50.86231443144314 8.401996938574713e-23
50.96130668066806 8.395699735850218e-23
51.060298929892994 8.389410439138189e-23
51.159291179117915 8.383129013912126e-23
51.258283428342835 8.376855426173418e-23
51.357275677567756 8.370589642442828e-23
51.45626792679268 8.364331629752183e-23
51.5552601760176 8.358081355636107e-23
51.65425242524252 8.35183878812395e-23
51.75324467446744 8.345603895731766e-23
51.852236923692374 8.339376647454464e-23
51.951229172917294 8.333157012758042e-23
52.050221422142215 8.326944961571928e-23
52.149213671367136 8.320740464281481e-23
52.248205920592056 8.314543491720544e-23
52.34719816981698 8.308354015164138e-23
52.4461904190419 8.302172006321266e-23
52.54518266826683 8.295997437327807e-23
52.64417491749175 8.289830280739535e-23
52.743167166716674 8.283670509525234e-23
52.842159415941595 8.277518097059888e-23
52.941151665166515 8.271373017118029e-23
53.040143914391436 8.265235243867128e-23
53.13913616361636 8.259104751861136e-23
53.23812841284128 8.252981516034064e-23
53.33712066206621 8.246865511693715e-23
53.43611291129113 8.240756714515477e-23
53.53510516051605 8.234655100536209e-23
53.634097409740974 8.228560646148244e-23
53.733089658965895 8.222473328093454e-23
53.832081908190816 8.216393123457437e-23
53.931074157415736 8.210320009663738e-23
54.03006640664066 8.204253964468223e-23
54.12905865586559 8.198194965953493e-23
54.22805090509051 8.1921429925234e-23
54.32704315431543 8.186098022897646e-23
54.426035403540354 8.180060036106447e-23
54.525027652765274 8.174029011485322e-23
54.624019901990195 8.168004928669903e-23
54.723012151215116 8.161987767590876e-23
54.822004400440036 8.155977508468955e-23
54.92099664966497 8.149974131809988e-23
55.01998889888989 8.14397761840007e-23
55.11898114811481 8.137987949300797e-23
55.21797339733973 8.132005105844546e-23
55.316965646564654 8.126029069629851e-23
55.415957895789575 8.120059822516844e-23
55.514950145014495 8.114097346622765e-23
55.613942394239416 8.108141624317545e-23
55.71293464346435 8.102192638219453e-23
55.81192689268927 8.096250371190827e-23
55.91091914191419 8.090314806333838e-23
56.00991139113911 8.084385926986349e-23
56.10890364036403 8.078463716717832e-23
56.207895889588954 8.072548159325348e-23
56.306888138813875 8.066639238829575e-23
56.405880388038796 8.060736939470918e-23
56.50487263726373 8.054841245705693e-23
56.60386488648865 8.048952142202305e-23
56.70285713571357 8.043069613837573e-23
56.80184938493849 8.037193645693057e-23
56.90084163416341 8.031324223051453e-23
56.999833883388334 8.025461331393061e-23
57.098826132613254 8.019604956392273e-23
57.19781838183819 8.013755083914164e-23
57.29681063106311 8.007911700011116e-23
57.39580288028803 8.002074790919462e-23
57.49479512951295 7.996244343056247e-23
57.59378737873787 7.990420343015986e-23
57.69277962796279 7.984602777567508e-23
57.79177187718771 7.978791633650824e-23
57.890764126412634 7.972986898374072e-23
57.98975637563757 7.967188559010481e-23
58.08874862486249 7.961396602995421e-23
58.18774087408741 7.955611017923444e-23
58.28673312331233 7.949831791545443e-23
58.38572537253725 7.9440589117658e-23
58.48471762176217 7.938292366639597e-23
58.58370987098709 7.932532144369891e-23
58.682702120212014 7.926778233304999e-23
58.78169436943695 7.921030621935861e-23
58.88068661866187 7.915289298893408e-23
58.97967886788679 7.909554252946011e-23
59.07867111711171 7.903825472996952e-23
59.17766336633663 7.898102948081923e-23
59.27665561556155 7.892386667366595e-23
59.37564786478647 7.886676620144207e-23
59.47464011401139 7.880972795833199e-23
59.57363236323633 7.875275183974877e-23
59.67262461246125 7.869583774231124e-23
59.77161686168617 7.863898556382166e-23
59.87060911091109 7.858219520324317e-23
59.96960136013601 7.852546656067834e-23
60.06859360936093 7.846879953734759e-23
60.16758585858585 7.8412194035568e-23
60.26657810781077 7.835564995873274e-23
60.36557035703571 7.829916721129046e-23
60.46456260626063 7.824274569872548e-23
60.56355485548555 7.818638532753775e-23
60.66254710471047 7.813008600522363e-23
60.76153935393539 7.807384764025685e-23
60.86053160316031 7.801767014206944e-23
60.95952385238523 7.796155342103364e-23
61.05851610161017 7.790549738844338e-23
61.15750835083509 7.784950195649677e-23
61.25650060006001 7.779356703827816e-23
61.35549284928493 7.773769254774129e-23
61.45448509850985 7.768187839969194e-23
61.55347734773477 7.762612450977143e-23
61.65246959695969 7.757043079444019e-23
61.75146184618461 7.751479717096152e-23
61.850454095409546 7.745922355738596e-23
61.94944634463447 7.740370987253526e-23
62.04843859385939 7.734825603598755e-23
62.14743084308431 7.72928619680618e-23
62.24642309230923 7.723752758980342e-23
62.34541534153415 7.718225282296926e-23
62.44440759075907 7.712703759001361e-23
62.54339983998399 7.70718818140739e-23
62.642392089208926 7.701678541895706e-23
62.741384338433846 7.696174832912576e-23
62.84037658765877 7.690677046968497e-23
62.93936883688369 7.685185176636909e-23
63.03836108610861 7.679699214552868e-23
63.13735333533353 7.674219153411803e-23
63.23634558455845 7.668744985968254e-23
63.33533783378337 7.663276705034649e-23
63.434330083008305 7.657814303480092e-23
63.533322332233226 7.652357774229195e-23
63.63231458145815 7.646907110260892e-23
63.73130683068307 7.641462304607306e-23
63.83029907990799 7.636023350352634e-23
63.92929132913291 7.630590240632014e-23
64.02828357835783 7.625162968630471e-23
64.12727582758275 7.619741527581831e-23
64.22626807680768 7.614325910767682e-23
64.3252603260326 7.608916111516332e-23
64.42425257525753 7.603512123201812e-23
64.52324482448245 7.598113939242881e-23
64.62223707370737 7.592721553102037e-23
64.72122932293229 7.587334958284564e-23
64.82022157215721 7.581954148337604e-23
64.91921382138213 7.576579116849207e-23
65.01820607060706 7.571209857447438e-23
65.11719831983199 7.565846363799486e-23
65.2161905690569 7.560488629610777e-23
65.31518281828183 7.555136648624121e-23
65.41417506750675 7.549790414618853e-23
65.51316731673167 7.544449921410029e-23
65.61215956595659 7.539115162847581e-23
65.71115181518152 7.533786132815532e-23
65.81014406440644 7.528462825231209e-23
65.90913631363136 7.52314523404447e-23
66.00812856285629 7.517833353236936e-23
66.1071208120812 7.512527176821264e-23
66.20611306130613 7.507226698840401e-23
66.30510531053105 7.501931913366875e-23
66.40409755975597 7.496642814502087e-23
66.5030898089809 7.491359396375622e-23
66.60208205820582 7.486081653144575e-23
66.70107430743074 7.480809578992867e-23
66.80006655665566 7.475543168130616e-23
66.89905880588059 7.470282414793474e-23
66.9980510551055 7.465027313242012e-23
67.09704330433043 7.459777857761094e-23
67.19603555355535 7.454534042659272e-23
67.29502780278028 7.449295862268197e-23
67.3940200520052 7.444063310942022e-23
67.49301230123012 7.438836383056851e-23
67.59200455045504 7.43361507301015e-23
67.69099679967997 7.428399375220215e-23
67.78998904890489 7.423189284125627e-23
67.8889812981298 7.417984794184719e-23
67.98797354735473 7.412785899875056e-23
68.08696579657966 7.407592595692922e-23
68.18595804580458 7.402404876152834e-23
68.2849502950295 7.397222735787032e-23
68.38394254425442 7.392046169145006e-23
68.48293479347934 7.386875170793025e-23
68.58192704270427 7.381709735313673e-23
68.68091929192919 7.376549857305401e-23
68.7799115411541 7.371395531382067e-23
68.87890379037904 7.366246752172517e-23
68.97789603960396 7.361103514320147e-23
69.07688828882888 7.355965812482494e-23
69.1758805380538 7.350833641330804e-23
69.27487278727872 7.345706995549665e-23
69.37386503650364 7.340585869836571e-23
69.47285728572857 7.335470258901571e-23
69.5718495349535 7.330360157466877e-23
69.67084178417842 7.325255560266483e-23
69.76983403340334 7.320156462045812e-23
69.86882628262826 7.315062857561374e-23
69.96781853185318 7.309974741580379e-23
70.0668107810781 7.304892108880442e-23
70.16580303030302 7.299814954249211e-23
70.26479527952795 7.294743272484058e-23
70.36378752875288 7.289677058391758e-23
70.4627797779778 7.284616306788169e-23
70.56177202720272 7.27956101249793e-23
70.66076427642764 7.274511170354155e-23
70.75975652565256 7.269466775198142e-23
70.85874877487748 7.264427821879088e-23
70.9577410241024 7.2593943052538e-23
71.05673327332732 7.254366220186429e-23
71.15572552255226 7.249343561548182e-23
71.25471777177718 7.244326324217083e-23
71.3537100210021 7.239314503077692e-23
71.45270227022702 7.234308093020873e-23
71.55169451945194 7.229307088943526e-23
71.65068676867686 7.224311485748357e-23
71.74967901790178 7.219321278343649e-23
71.8486712671267 7.214336461643018e-23
71.94766351635164 7.209357030565186e-23
72.04665576557656 7.20438298003378e-23
72.14564801480148 7.199414304977092e-23
72.2446402640264 7.194451000327896e-23
72.34363251325132 7.1894930610232e-23
72.44262476247624 7.184540482004101e-23
72.54161701170116 7.17959325821554e-23
72.64060926092608 7.17465138460614e-23
72.73960151015102 7.169714856128006e-23
72.83859375937594 7.164783667736541e-23
72.93758600860086 7.159857814390287e-23
73.03657825782578 7.154937291050725e-23
73.1355705070507 7.150022092682119e-23
73.23456275627562 7.145112214251352e-23
73.33355500550054 7.140207650727759e-23
73.43254725472546 7.135308397082972e-23
73.5315395039504 7.130414448290775e-23
73.63053175317532 7.12552579932694e-23
73.72952400240024 7.120642445169087e-23
73.82851625162516 7.115764380796545e-23
73.92750850085008 7.110891601190212e-23
74.026500750075 7.106024101332427e-23
74.12549299929992 7.101161876206817e-23
74.22448524852486 7.0963049207982e-23
74.32347749774978 7.091453230092445e-23
74.4224697469747 7.086606799076338e-23
74.52146199619962 7.08176562273749e-23
74.62045424542454 7.076929696064209e-23
74.71944649464946 7.072099014045395e-23
74.8184387438744 7.067273571670418e-23
74.91743099309932 7.062453363929035e-23
75.01642324232424 7.057638385811272e-23
75.11541549154916 7.052828632307327e-23
75.21440774077408 7.04802409840748e-23
75.313399989999 7.043224779102e-23
75.41239223922392 7.038430669381048e-23
75.51138448844884 7.033641764234591e-23
75.61037673767377 7.028858058652326e-23
75.7093689868987 7.024079547623584e-23
75.80836123612362 7.019306226137271e-23
75.90735348534854 7.014538089181755e-23
76.00634573457346 7.009775131744837e-23
76.10533798379838 7.005017348813649e-23
76.2043302330233 7.000264735374585e-23
76.30332248224822 6.995517286413253e-23
76.40231473147315 6.990774996914381e-23
76.50130698069808 6.986037861861793e-23
76.600299229923 6.981305876238311e-23
76.69929147914792 6.97657903502572e-23
76.79828372837284 6.971857333204699e-23
76.89727597759776 6.96714076575478e-23
76.99626822682268 6.962429327654288e-23
77.0952604760476 6.957723013880288e-23
77.19425272527253 6.95302181940855e-23
77.29324497449745 6.948325739213492e-23
77.39223722372238 6.943634768268135e-23
77.4912294729473 6.938948901544071e-23
77.59022172217222 6.934268134011415e-23
77.68921397139714 6.929592460638776e-23
77.78820622062206 6.924921876393204e-23
77.887198469847 6.920256376240171e-23
77.98619071907191 6.915595955143538e-23
78.08518296829683 6.9109406080655e-23
78.18417521752176 6.906290329966597e-23
78.28316746674668 6.901645115805648e-23
78.3821597159716 6.897004960539743e-23
78.48115196519652 6.892369859124222e-23
78.58014421442144 6.887739806512635e-23
78.67913646364637 6.883114797656733e-23
78.7781287128713 6.87849482750645e-23
78.87712096209621 6.873879891009872e-23
78.97611321132113 6.869269983113227e-23
79.07510546054606 6.864665098760867e-23
79.17409770977098 6.860065232895258e-23
79.2730899589959 6.855470380456955e-23
79.37208220822082 6.850880536384605e-23
79.47107445744575 6.846295695614919e-23
79.57006670667067 6.841715853082678e-23
79.6690589558956 6.837141003720718e-23
79.76805120512051 6.832571142459915e-23
79.86704345434543 6.828006264229191e-23
79.96603570357036 6.82344636395551e-23
80.06502795279528 6.818891436563851e-23
80.1640202020202 6.814341476977238e-23
80.26301245124513 6.80979648011672e-23
80.36200470047005 6.805256440901366e-23
80.46099694969497 6.800721354248267e-23
80.5599891989199 6.796191215072564e-23
80.65898144814481 6.79166601828741e-23
80.75797369736974 6.787145758803988e-23
80.85696594659466 6.782630431531536e-23
80.95595819581958 6.778120031377323e-23
81.05495044504451 6.773614553246669e-23
81.15394269426943 6.769113992042944e-23
81.25293494349435 6.764618342667594e-23
81.35192719271927 6.760127600020127e-23
81.4509194419442 6.755641758998133e-23
81.54991169116911 6.75116081449729e-23
81.64890394039404 6.746684761411392e-23
81.74789618961896 6.742213594632324e-23
81.84688843884389 6.737747309050113e-23
81.94588068806881 6.733285899552927e-23
82.04487293729373 6.728829361027077e-23
82.14386518651865 6.72437768835704e-23
82.24285743574357 6.719930876425487e-23
82.3418496849685 6.715488920113275e-23
82.44084193419341 6.71105181429949e-23
82.53983418341835 6.706619553861432e-23
82.63882643264327 6.702192133674661e-23
82.73781868186819 6.697769548613006e-23
82.83681093109311 6.69335179354858e-23
82.93580318031803 6.688938863351798e-23
83.03479542954295 6.684530752891412e-23
83.13378767876787 6.680127457034502e-23
83.2327799279928 6.675728970646537e-23
83.33177217721773 6.671335288591356e-23
83.43076442644265 6.666946405731228e-23
83.52975667566757 6.662562316926837e-23
83.62874892489249 6.658183017037336e-23
83.72774117411741 6.653808500920352e-23
83.82673342334233 6.649438763432014e-23
83.92572567256725 6.645073799426993e-23
84.02471792179217 6.640713603758493e-23
84.12371017101711 6.636358171278311e-23
84.22270242024203 6.632007496836838e-23
84.32169466946695 6.6276615752831e-23
84.42068691869187 6.623320401464777e-23
84.51967916791679 6.618983970228232e-23
84.61867141714171 6.614652276418534e-23
84.71766366636663 6.610325314879489e-23
84.81665591559155 6.606003080453673e-23
84.91564816481649 6.601685567982444e-23
85.01464041404141 6.597372772305989e-23
85.11363266326633 6.593064688263343e-23
85.21262491249125 6.58876131069241e-23
85.31161716171617 6.584462634430013e-23
85.41060941094109 6.580168654311898e-23
85.50960166016601 6.57587936517279e-23
85.60859390939093 6.571594761846399e-23
85.70758615861587 6.567314839165465e-23
85.80657840784079 6.563039591961787e-23
85.90557065706571 6.558769015066242e-23
86.00456290629063 6.554503103308834e-23
86.10355515551555 6.550241851518707e-23
86.20254740474047 6.545985254524189e-23
86.30153965396539 6.541733307152818e-23
86.40053190319033 6.537486004231379e-23
86.49952415241525 6.533243340585922e-23
86.59851640164017 6.529005311041804e-23
86.69750865086509 6.524771910423736e-23
86.79650090009001 6.52054313355577e-23
86.89549314931493 6.516318975261392e-23
86.99448539853985 6.512099430363499e-23
87.09347764776477 6.507884493684467e-23
87.1924698969897 6.503674160046174e-23
87.29146214621463 6.499468424270023e-23
87.39045439543955 6.495267281176991e-23
87.48944664466447 6.491070725587644e-23
87.58843889388939 6.486878752322191e-23
87.68743114311431 6.482691356200506e-23
87.78642339233923 6.478508532042152e-23
87.88541564156415 6.474330274666436e-23
87.98440789078909 6.470156578892418e-23
88.083400140014 6.465987439538971e-23
88.18239238923893 6.461822851424793e-23
88.28138463846385 6.457662809368445e-23
88.38037688768877 6.453507308188399e-23
88.47936913691369 6.449356342703053e-23
88.57836138613861 6.445209907730773e-23
88.67735363536353 6.441067998089927e-23
88.77634588458847 6.436930608598925e-23
88.87533813381339 6.432797734076236e-23
88.9743303830383 6.428669369340441e-23
89.07332263226323 6.42454550921025e-23
89.17231488148815 6.420426148504552e-23
89.27130713071307 6.416311282042436e-23
89.37029937993799 6.41220090464323e-23
89.46929162916291 6.408095011126543e-23
89.56828387838785 6.403993596312273e-23
89.66727612761277 6.399896655020681e-23
89.76626837683769 6.39580418207238e-23
89.86526062606261 6.391716172288414e-23
89.96425287528753 6.38763262049025e-23
90.06324512451245 6.383553521499845e-23
90.16223737373737 6.379478870139658e-23
90.26122962296229 6.375408661232698e-23
90.36022187218722 6.371342889602542e-23
90.45921412141215 6.367281550073387e-23
90.55820637063707 6.363224637470071e-23
90.65719861986199 6.35917214661812e-23
90.75619086908691 6.355124072343754e-23
90.85518311831183 6.351080409473951e-23
90.95417536753675 6.347041152836471e-23
91.05316761676168 6.343006297259877e-23
91.1521598659866 6.338975837573582e-23
91.25115211521153 6.334949768607879e-23
91.35014436443645 6.330928085193972e-23
91.44913661366137 6.326910782164009e-23
91.54812886288629 6.322897854351123e-23
91.64712111211121 6.318889296589452e-23
91.74611336133613 6.314885103714183e-23
91.84510561056106 6.310885270561567e-23
91.94409785978598 6.306889791968988e-23
92.0430901090109 6.302898662774955e-23
92.14208235823583 6.298911877819153e-23
92.24107460746075 6.294929431942487e-23
92.34006685668567 6.290951319987088e-23
92.43905910591059 6.286977536796369e-23
92.53805135513551 6.28300807721504e-23
92.63704360436044 6.279042936089153e-23
92.73603585358536 6.275082108266131e-23
92.83502810281028 6.27112558859479e-23
92.9340203520352 6.267173371925377e-23
93.03301260126013 6.263225453109618e-23
93.13200485048505 6.259281827000714e-23
93.23099709970997 6.25534248845341e-23
93.32998934893489 6.251407432324002e-23
93.42898159815982 6.247476653470374e-23
93.52797384738474 6.243550146752034e-23
93.62696609660966 6.23962790703014e-23
93.72595834583458 6.235709929167535e-23
93.8249505950595 6.231796208028772e-23
93.92394284428443 6.227886738480151e-23
94.02293509350935 6.223981515389747e-23
94.12192734273427 6.220080533627432e-23
94.2209195919592 6.216183788064923e-23
94.31991184118412 6.212291273575801e-23
94.41890409040904 6.208402985035536e-23
94.51789633963396 6.204518917321531e-23
94.61688858885888 6.200639065313136e-23
94.7158808380838 6.196763423891695e-23
94.81487308730873 6.192891987940561e-23
94.91386533653366 6.189024752345128e-23
95.01285758575858 6.185161711992869e-23
95.1118498349835 6.18130286177335e-23
95.21084208420842 6.177448196578277e-23
95.30983433343334 6.17359771130151e-23
95.40882658265826 6.169751400839103e-23
95.50781883188318 6.165909260089318e-23
95.6068110811081 6.162071283952676e-23
95.70580333033304 6.15823746733195e-23
95.80479557955796 6.15440780513224e-23
95.90378782878288 6.150582292260953e-23
96.0027800780078 6.146760923627877e-23
96.10177232723272 6.142943694145158e-23
96.20076457645764 6.139130598727377e-23
96.29975682568256 6.135321632291541e-23
96.39874907490749 6.131516789757135e-23
96.49774132413242 6.127716066046132e-23
96.59673357335734 6.123919456083031e-23
96.69572582258226 6.120126954794873e-23
96.79471807180718 6.116338557111278e-23
96.8937103210321 6.112554257964466e-23
96.99270257025702 6.10877405228929e-23
97.09169481948194 6.10499793502325e-23
97.19068706870686 6.101225901106531e-23
97.2896793179318 6.097457945482019e-23
97.38867156715672 6.093694063095339e-23
97.48766381638164 6.089934248894869e-23
97.58665606560656 6.086178497831768e-23
97.68564831483148 6.082426804860009e-23
97.7846405640564 6.078679164936394e-23
97.88363281328132 6.07493557302059e-23
97.98262506250624 6.071196024075137e-23
98.08161731173118 6.067460513065488e-23
98.1806095609561 6.063729034960035e-23
98.27960181018102 6.060001584730117e-23
98.37859405940594 6.056278157350063e-23
98.47758630863086 6.052558747797202e-23
98.57657855785578 6.048843351051889e-23
98.6755708070807 6.045131962097545e-23
98.77456305630562 6.041424575920658e-23
98.87355530553056 6.037721187510817e-23
98.97254755475548 6.03402179186074e-23
99.0715398039804 6.030326383966284e-23
99.17053205320532 6.026634958826483e-23
99.26952430243024 6.022947511443561e-23
99.36851655165516 6.019264036822961e-23
99.46750880088008 6.015584529973356e-23
99.56650105010502 6.01190898590669e-23
99.66549329932994 6.008237399638182e-23
99.76448554855486 6.004569766186364e-23
99.86347779777978 6.000906080573086e-23
99.9624700470047 5.997246337823552e-23
100.06146229622962 5.993590532966336e-23
100.16045454545454 5.989938661033406e-23
100.25944679467946 5.986290717060138e-23
100.3584390439044 5.982646696085347e-23
100.45743129312932 5.979006593151302e-23
100.55642354235424 5.975370403303755e-23
100.65541579157916 5.971738121591945e-23
100.75440804080408 5.968109743068634e-23
100.853400290029 5.964485262790123e-23
100.95239253925392 5.960864675816273e-23
101.05138478847884 5.95724797721052e-23
101.15037703770378 5.953635162039901e-23
101.2493692869287 5.950026225375073e-23
101.34836153615362 5.946421162290329e-23
101.44735378537854 5.942819967863623e-23
101.54634603460346 5.939222637176587e-23
101.64533828382838 5.935629165314544e-23
101.7443305330533 5.932039547366534e-23
101.84332278227822 5.928453778425341e-23
101.94231503150316 5.924871853587493e-23
102.04130728072808 5.921293767953293e-23
102.140299529953 5.917719516626836e-23
102.23929177917792 5.91414909471602e-23
102.33828402840284 5.910582497332585e-23
102.43727627762776 5.907019719592104e-23
102.53626852685268 5.903460756614012e-23
102.6352607760776 5.899905603521631e-23
102.73425302530254 5.896354255442185e-23
102.83324527452746 5.892806707506805e-23
102.93223752375238 5.889262954850564e-23
103.0312297729773 5.88572299261248e-23
103.13022202220222 5.882186815935543e-23
103.22921427142714 5.878654419966729e-23
103.32820652065206 5.875125799857008e-23
103.427198769877 5.871600950761372e-23
103.52619101910192 5.868079867838857e-23
103.62518326832684 5.864562546252535e-23
103.72417551755176 5.861048981169557e-23
103.82316776677668 5.857539167761151e-23
103.9221600160016 5.854033101202645e-23
104.02115226522652 5.850530776673485e-23
104.12014451445144 5.84703218935725e-23
104.21913676367637 5.843537334441654e-23
104.3181290129013 5.840046207118588e-23
104.41712126212622 5.836558802584106e-23
104.51611351135114 5.833075116038463e-23
104.61510576057606 5.829595142686116e-23
104.71409800980098 5.826118877735749e-23
104.8130902590259 5.822646316400279e-23
104.91208250825082 5.819177453896874e-23
105.01107475747575 5.815712285446967e-23
105.11006700670067 5.812250806276271e-23
105.2090592559256 5.808793011614794e-23
105.30805150515052 5.805338896696857e-23
105.40704375437544 5.801888456761088e-23
105.50603600360036 5.798441687050467e-23
105.60502825282528 5.794998582812309e-23
105.7040205020502 5.791559139298306e-23
105.80301275127513 5.788123351764514e-23
105.90200500050005 5.784691215471383e-23
106.00099724972497 5.781262725683767e-23
106.0999894989499 5.777837877670933e-23
106.19898174817482 5.774416666706573e-23
106.29797399739974 5.770999088068827e-23
106.39696624662466 5.767585137040284e-23
106.49595849584958 5.764174808907996e-23
106.59495074507451 5.760768098963499e-23
106.69394299429943 5.757365002502821e-23
106.79293524352435 5.753965514826481e-23
106.89192749274928 5.750569631239525e-23
106.9909197419742 5.74717734705152e-23
107.08991199119912 5.743788657576568e-23
107.18890424042404 5.740403558133326e-23
107.28789648964896 5.737022044045009e-23
107.38688873887389 5.733644110639399e-23
107.48588098809881 5.730269753248877e-23
107.58487323732373 5.726898967210402e-23
107.68386548654865 5.723531747865547e-23
107.78285773577358 5.720168090560501e-23
107.8818499849985 5.716807990646077e-23
107.98084223422342 5.713451443477726e-23
108.07983448344835 5.710098444415553e-23
108.17882673267327 5.706748988824313e-23
108.27781898189819 5.703403072073438e-23
108.37681123112311 5.700060689537033e-23
108.47580348034803 5.696721836593893e-23
108.57479572957295 5.693386508627514e-23
108.67378797879788 5.6900547010261e-23
108.7727802280228 5.68672640918257e-23
108.87177247724773 5.683401628494578e-23
108.97076472647265 5.68008035436451e-23
109.06975697569757 5.6767625821995e-23
109.1687492249225 5.673448307411439e-23
109.26774147414741 5.670137525416978e-23
109.36673372337233 5.666830231637549e-23
109.46572597259726 5.663526421499367e-23
109.56471822182218 5.660226090433427e-23
109.66371047104711 5.65692923387554e-23
109.76270272027203 5.653635847266318e-23
109.86169496949695 5.650345926051189e-23
109.96068721872187 5.64705946568041e-23
110.0596794679468 5.643776461609072e-23
110.15867171717171 5.640496909297106e-23
110.25766396639663 5.637220804209294e-23
110.35665621562156 5.633948141815275e-23
110.45564846484649 5.630678917589557e-23
110.55464071407141 5.627413127011521e-23
110.65363296329633 5.624150765565425e-23
110.75262521252125 5.620891828740419e-23
110.85161746174617 5.617636312030549e-23
110.9506097109711 5.61438421093476e-23
111.04960196019601 5.611135520956917e-23
111.14859420942093 5.607890237605794e-23
111.24758645864587 5.604648356395093e-23
111.34657870787079 5.601409872843447e-23
111.44557095709571 5.598174782474429e-23
111.54456320632063 5.594943080816551e-23
111.64355545554555 5.591714763403285e-23
111.74254770477047 5.588489825773055e-23
111.8415399539954 5.585268263469252e-23
111.94053220322033 5.582050072040234e-23
112.03952445244525 5.578835247039347e-23
112.13851670167017 5.575623784024906e-23
112.23750895089509 5.572415678560225e-23
112.33650120012001 5.569210926213607e-23
112.43549344934493 5.566009522558358e-23
112.53448569856985 5.562811463172794e-23
112.63347794779477 5.559616743640239e-23
112.73247019701971 5.556425359549032e-23
112.83146244624463 5.553237306492544e-23
112.93045469546955 5.550052580069169e-23
113.02944694469447 5.546871175882335e-23
113.12843919391939 5.543693089540508e-23
113.22743144314431 5.540518316657206e-23
113.32642369236923 5.537346852850982e-23
113.42541594159415 5.534178693745457e-23
113.52440819081909 5.531013834969304e-23
113.62340044004401 5.527852272156257e-23
113.72239268926893 5.524694000945128e-23
113.82138493849385 5.52153901697979e-23
113.92037718771877 5.518387315909204e-23
114.01936943694369 5.515238893387405e-23
114.11836168616861 5.512093745073516e-23
114.21735393539353 5.508951866631754e-23
114.31634618461847 5.505813253731427e-23
114.41533843384339 5.502677902046944e-23
114.51433068306831 5.499545807257808e-23
114.61332293229323 5.49641696504864e-23
114.71231518151815 5.493291371109166e-23
114.81130743074307 5.490169021134223e-23
114.91029967996799 5.487049910823772e-23
115.00929192919291 5.483934035882889e-23
115.10828417841785 5.480821392021779e-23
115.20727642764277 5.47771197495577e-23
115.30626867686769 5.474605780405329e-23
115.40526092609261 5.471502804096047e-23
115.50425317531753 5.46840304175866e-23
115.60324542454245 5.46530648912905e-23
115.70223767376737 5.462213141948226e-23
115.8012299229923 5.459122995962363e-23
115.90022217221723 5.456036046922769e-23
115.99921442144215 5.452952290585918e-23
116.09820667066707 5.44987172271343e-23
116.19719891989199 5.446794339072088e-23
116.29619116911691 5.443720135433831e-23
116.39518341834183 5.440649107575766e-23
116.49417566756675 5.437581251280161e-23
116.59316791679169 5.434516562334453e-23
116.6921601660166 5.431455036531249e-23
116.79115241524153 5.42839666966833e-23
116.89014466446645 5.425341457548649e-23
116.98913691369137 5.422289395980335e-23
117.08812916291629 5.419240480776691e-23
117.18712141214121 5.416194707756211e-23
117.28611366136613 5.413152072742562e-23
117.38510591059107 5.410112571564605e-23
117.48409815981599 5.407076200056371e-23
117.5830904090409 5.404042954057091e-23
117.68208265826583 5.401012829411177e-23
117.78107490749075 5.397985821968237e-23
117.88006715671567 5.394961927583072e-23
117.97905940594059 5.391941142115669e-23
118.07805165516551 5.388923461431212e-23
118.17704390439044 5.385908881400083e-23
118.27603615361537 5.382897397897863e-23
118.37502840284029 5.379889006805321e-23
118.4740206520652 5.376883704008437e-23
118.57301290129013 5.373881485398389e-23
118.67200515051505 5.370882346871542e-23
118.77099739973997 5.367886284329483e-23
118.86998964896489 5.364893293678984e-23
118.96898189818982 5.361903370832037e-23
119.06797414741474 5.358916511705826e-23
119.16696639663967 5.35593271222274e-23
119.26595864586459 5.352951968310382e-23
119.3649508950895 5.349974275901552e-23
119.46394314431443 5.346999630934259e-23
119.56293539353935 5.344028029351723e-23
119.66192764276427 5.341059467102362e-23
119.7609198919892 5.33809394013981e-23
119.85991214121412 5.3351314444229e-23
119.95890439043905 5.332171975915686e-23
120.05789663966397 5.329215530587409e-23
120.15688888888889 5.326262104412537e-23
120.2558811381138 5.323311693370733e-23
120.35487338733873 5.320364293446879e-23
120.45386563656366 5.31741990063105e-23
120.55285788578858 5.314478510918543e-23
120.6518501350135 5.311540120309849e-23
120.75084238423842 5.308604724810677e-23
120.84983463346335 5.305672320431935e-23
120.94882688268827 5.302742903189738e-23
121.04781913191319 5.29981646910541e-23
121.14681138113811 5.296893014205474e-23
121.24580363036304 5.293972534521664e-23
121.34479587958796 5.291055026090913e-23
121.44378812881288 5.288140484955362e-23
121.5427803780378 5.285228907162346e-23
121.64177262726272 5.2823202887644124e-23
121.74076487648765 5.279414625819303e-23
121.83975712571257 5.276511914389956e-23
121.93874937493749 5.273612150544518e-23
122.03774162416242 5.270715330356329e-23
122.13673387338734 5.267821449903922e-23
122.23572612261226 5.264930505271037e-23
122.33471837183718 5.262042492546595e-23
122.4337106210621 5.259157407824723e-23
122.53270287028703 5.2562752472047333e-23
122.63169511951195 5.253396006791131e-23
122.73068736873687 5.250519682693612e-23
122.8296796179618 5.247646271027061e-23
122.92867186718672 5.2447757679115516e-23
123.02766411641164 5.241908169472339e-23
123.12665636563656 5.2390434718398654e-23
123.22564861486148 5.236181671149753e-23
123.3246408640864 5.233322763542813e-23
123.42363311331133 5.230466745165029e-23
123.52262536253625 5.2276136121675625e-23
123.62161761176118 5.224763360706753e-23
123.7206098609861 5.221915986944116e-23
123.81960211021102 5.219071487046342e-23
123.91859435943594 5.216229857185282e-23
124.01758660866086 5.213391093537967e-23
124.11657885788578 5.2105551922865927e-23
124.2155711071107 5.207722149618516e-23
124.31456335633564 5.2048919617262565e-23
124.41355560556056 5.202064624807504e-23
124.51254785478548 5.199240135065096e-23
124.6115401040104 5.1964184887070344e-23
124.71053235323532 5.1935996819464735e-23
124.80952460246024 5.1907837110017203e-23
124.90851685168516 5.1879705720962283e-23
125.00750910091008 5.185160261458606e-23
125.10650135013502 5.1823527753226066e-23
125.20549359935994 5.1795481099271195e-23
125.30448584858486 5.176746261516181e-23
125.40347809780978 5.1739472263389693e-23
125.5024703470347 5.1711510006497867e-23
125.60146259625962 5.168357580708086e-23
125.70045484548454 5.1655669627784335e-23
125.79944709470946 5.1627791431305374e-23
125.8984393439344 5.1599941180392226e-23
125.99743159315932 5.157211883784444e-23
126.09642384238424 5.1544324366512736e-23
126.19541609160916 5.1516557729299033e-23
126.29440834083408 5.1488818889156367e-23
126.393400590059 5.14611078090889e-23
126.49239283928392 5.143342445215194e-23
126.59138508850884 5.1405768781451785e-23
126.69037733773378 5.137814076014583e-23
126.7893695869587 5.1350540351442485e-23
126.88836183618362 5.132296751860105e-23
126.98735408540854 5.1295422224931887e-23
127.08634633463346 5.126790443379618e-23
127.18533858385838 5.1240414108606074e-23
127.2843308330833 5.121295121282451e-23
127.38332308230822 5.1185515709965317e-23
127.48231533153316 5.1158107563593046e-23
127.58130758075808 5.1130726737323077e-23
127.680299829983 5.1103373194821485e-23
127.77929207920792 5.107604689980505e-23
127.87828432843284 5.1048747816041183e-23
127.97727657765776 5.1021475907348e-23
128.07626882688268 5.099423113759415e-23
128.1752610761076 5.096701347069888e-23
128.27425332533252 5.093982287063195e-23
128.37324557455744 5.0912659301413626e-23
128.47223782378236 5.088552272711464e-23
128.57123007300729 5.085841311185613e-23
128.6702223222322 5.0831330419809667e-23
128.76921457145713 5.080427461519714e-23
128.86820682068205 5.077724566229076e-23
128.967199069907 5.0750243525413047e-23
129.06619131913192 5.0723268168936757e-23
129.16518356835684 5.069631955728485e-23
129.26417581758176 5.066939765493051e-23
129.36316806680668 5.0642502426396993e-23
129.4621603160316 5.0615633836257645e-23
129.56115256525652 5.058879184913599e-23
129.66014481448144 5.0561976429705456e-23
129.75913706370636 5.0535187542689544e-23
129.85812931293128 5.050842515286166e-23
129.9571215621562 5.04816892250451e-23
130.05611381138112 5.045497972411308e-23
130.15510606060604 5.0428296614988636e-23
130.25409830983097 5.0401639862644617e-23
130.3530905590559 5.0375009432103573e-23
130.4520828082808 5.0348405288437835e-23
130.55107505750576 5.032182739676933e-23
130.65006730673068 5.029527572226971e-23
130.7490595559556 5.0268750230160156e-23
130.84805180518052 5.024225088571144e-23
130.94704405440544 5.02157776542438e-23
131.04603630363036 5.0189330501127035e-23
131.14502855285528 5.016290939178025e-23
131.2440208020802 5.013651429167207e-23
131.34301305130512 5.011014516632035e-23
131.44200530053004 5.0083801981292343e-23
131.54099754975496 5.0057484702204507e-23
131.63998979897988 5.0031193294722536e-23
131.7389820482048 5.0004927724561304e-23
131.83797429742972 4.997868795748483e-23
131.93696654665465 4.995247395930626e-23
132.03595879587957 4.992628569588764e-23
132.13495104510451 4.9900123133140215e-23
132.23394329432944 4.987398623702407e-23
132.33293554355436 4.984787497354825e-23
132.43192779277928 4.982178930877065e-23
132.5309200420042 4.979572920879803e-23
132.62991229122912 4.9769694639785906e-23
132.72890454045404 4.974368556793852e-23
132.82789678967896 4.971770195950886e-23
132.92688903890388 4.969174378079853e-23
133.0258812881288 4.966581099815774e-23
133.12487353735372 4.9639903577985265e-23
133.22386578657864 4.9614021486728417e-23
133.32285803580356 4.95881646908829e-23
133.42185028502848 4.956233315699296e-23
133.5208425342534 4.953652685165114e-23
133.61983478347835 4.951074574149827e-23
133.71882703270327 4.948498979322362e-23
133.8178192819282 4.945925897356451e-23
133.91681153115312 4.94335532493066e-23
134.01580378037804 4.940787258728362e-23
134.11479602960296 4.938221695437738e-23
134.21378827882788 4.935658631751784e-23
134.3127805280528 4.933098064368283e-23
134.41177277727772 4.9305399899898224e-23
134.51076502650264 4.927984405323777e-23
134.60975727572756 4.9254313070823096e-23
134.70874952495248 4.922880691982361e-23
134.8077417741774 4.920332556745652e-23
134.90673402340232 4.917786898098669e-23
135.00572627262724 4.9152437127726725e-23
135.10471852185216 4.912702997503681e-23
135.2037107710771 4.9101647490324645e-23
135.30270302030203 4.9076289641045576e-23
135.40169526952695 4.9050956394702327e-23
135.50068751875187 4.902564771884502e-23
135.5996797679768 4.9000363581071264e-23
135.69867201720172 4.897510394902586e-23
135.79766426642664 4.8949868790400967e-23
135.89665651565156 4.8924658072935947e-23
135.99564876487648 4.889947176441733e-23
136.0946410141014 4.8874309832678765e-23
136.19363326332632 4.884917224560098e-23
136.29262551255124 4.882405897111173e-23
136.39161776177616 4.879896997718574e-23
136.49061001100108 4.877390523184467e-23
136.589602260226 4.8748864703157e-23
136.68859450945092 4.872384835923813e-23
136.78758675867587 4.869885616825012e-23
136.8865790079008 4.8673888098401826e-23
136.9855712571257 4.864894411794874e-23
137.08456350635063 4.8624024195192994e-23
137.18355575557555 4.859912829848325e-23
137.28254800480047 4.857425639621469e-23
137.3815402540254 4.854940845682902e-23
137.48053250325032 4.8524584448814305e-23
137.57952475247524 4.8499784340704934e-23
137.67851700170016 4.8475008101081666e-23
137.77750925092508 4.845025569857153e-23
137.87650150015 4.8425527101847703e-23
137.97549374937492 4.84008222796295e-23
138.07448599859984 4.837614120068242e-23
138.17347824782476 4.8351483833817956e-23
138.2724704970497 4.8326850147893585e-23
138.37146274627463 4.830224011181275e-23
138.47045499549955 4.827765369452478e-23
138.56944724472447 4.825309086502484e-23
138.6684394939494 4.822855159235385e-23
138.7674317431743 4.8204035845598527e-23
138.86642399239923 4.817954359389124e-23
138.96541624162415 4.8155074806409914e-23
139.06440849084908 4.813062945237814e-23
139.163400740074 4.810620750106498e-23
139.26239298929892 4.8081808921785e-23
139.36138523852384 4.805743368389814e-23
139.4603774877488 4.803308175680969e-23
139.5593697369737 4.80087531099703e-23
139.65836198619863 4.798444771287581e-23
139.75735423542355 4.7960165535067306e-23
139.85634648464847 4.7935906546131e-23
139.9553387338734 4.791167071569817e-23
140.0543309830983 4.7887458013445187e-23
140.15332323232323 4.7863268409093374e-23
140.25231548154815 4.783910187240894e-23
140.35130773077307 4.781495837320307e-23
140.450299979998 4.779083788133166e-23
140.5492922292229 4.7766740366695445e-23
140.64828447844783 4.7742665799239825e-23
140.74727672767276 4.77186141489549e-23
140.84626897689768 4.7694585385875346e-23
140.9452612261226 4.76705794800804e-23
141.04425347534755 4.7646596401693777e-23
141.14324572457247 4.7622636120883645e-23
141.2422379737974 4.759869860786257e-23
141.3412302230223 4.7574783832887413e-23
141.44022247224723 4.755089176625933e-23
141.53921472147215 4.75270223783237e-23
141.63820697069707 4.750317563947004e-23
141.737199219922 4.7479351520132033e-23
141.8361914691469 4.745554999078734e-23
141.93518371837183 4.743177102195771e-23
142.03417596759675 4.740801458420875e-23
142.13316821682167 4.7384280648150047e-23
142.2321604660466 4.736056918443493e-23
142.33115271527151 4.7336880163760576e-23
142.43014496449644 4.7313213556867857e-23
142.52913721372138 4.7289569334541287e-23
142.6281294629463 4.7265947467609065e-23
142.72712171217123 4.724234792694291e-23
142.82611396139615 4.7218770683458013e-23
142.92510621062107 4.719521570811303e-23
143.024098459846 4.7171682971910054e-23
143.1230907090709 4.714817244589448e-23
143.22208295829583 4.712468410115491e-23
143.32107520752075 4.710121790882333e-23
143.42006745674567 4.707777384007475e-23
143.5190597059706 4.705435186612735e-23
143.6180519551955 4.703095195824237e-23
143.71704420442043 4.700757408772406e-23
143.81603645364535 4.698421822591959e-23
143.91502870287027 4.696088434421903e-23
144.0140209520952 4.6937572414055285e-23
144.11301320132014 4.691428240690403e-23
144.21200545054506 4.689101429428365e-23
144.31099769976998 4.686776804775527e-23
144.4099899489949 4.6844543638922523e-23
144.50898219821983 4.682134103943166e-23
144.60797444744475 4.6798160220971387e-23
144.70696669666967 4.6775001155272884e-23
144.8059589458946 4.6751863814109734e-23
144.9049511951195 4.672874816929779e-23
145.00394344434443 4.670565419269522e-23
145.10293569356935 4.6682581856202395e-23
145.20192794279427 4.665953113176186e-23
145.3009201920192 4.6636501991358246e-23
145.3999124412441 4.6613494407018223e-23
145.49890469046903 4.659050835081051e-23
145.59789693969398 4.656754379484568e-23
145.6968891889189 4.6544600711276267e-23
145.79588143814382 4.6521679072296565e-23
145.89487368736874 4.649877885014266e-23
145.99386593659366 4.647590001709236e-23
146.09285818581859 4.6453042545465087e-23
146.1918504350435 4.64302064076219e-23
146.29084268426843 4.6407391575965385e-23
146.38983493349335 4.638459802293961e-23
146.48882718271827 4.636182572103007e-23
146.5878194319432 4.633907464276365e-23
146.6868116811681 4.6316344760708536e-23
146.78580393039303 4.6293636047474155e-23
146.88479617961795 4.6270948475711186e-23
146.98378842884287 4.624828201811139e-23
147.0827806780678 4.622563664740767e-23
147.18177292729274 4.6203012336373954e-23
147.28076517651766 4.618040905782512e-23
147.37975742574258 4.615782678461699e-23
147.4787496749675 4.6135265489646235e-23
147.57774192419242 4.611272514585036e-23
147.67673417341734 4.6090205726207584e-23
147.77572642264226 4.606770720373685e-23
147.87471867186719 4.604522955149775e-23
147.9737109210921 4.6022772742590394e-23
148.07270317031703 4.600033675015549e-23
148.17169541954195 4.597792154737417e-23
148.27068766876687 4.595552710746801e-23
148.3696799179918 4.593315340369893e-23
148.4686721672167 4.59108004093691e-23
148.56766441644163 4.588846809782102e-23
148.66665666566655 4.586615644243732e-23
148.7656489148915 4.584386541664079e-23
148.86464116411642 4.582159499389426e-23
148.96363341334134 4.5799345147700605e-23
149.06262566256626 4.5777115851602646e-23
149.16161791179118 4.575490707918313e-23
149.2606101610161 4.5732718804064605e-23
149.35960241024102 4.571055099990949e-23
149.45859465946594 4.5688403640419856e-23
149.55758690869087 4.566627669933748e-23
149.6565791579158 4.5644170150443805e-23
149.7555714071407 4.562208396755978e-23
149.85456365636563 4.560001812454591e-23
149.95355590559055 4.5577972595302114e-23
150.05254815481547 4.5555947353767735e-23
150.1515404040404 4.553394237392147e-23
150.25053265326534 4.551195762978123e-23
150.34952490249026 4.548999309540428e-23
150.44851715171518 4.5468048744886924e-23
150.5475094009401 4.544612455236468e-23
150.64650165016502 4.542422049201206e-23
150.74549389938994 4.540233653804263e-23
150.84448614861486 4.538047266470885e-23
150.94347839783978 4.5358628846302156e-23
151.0424706470647 4.533680505715271e-23
151.14146289628962 4.5315001271629534e-23
151.24045514551455 4.529321746414036e-23
151.33944739473947 4.527145360913156e-23
151.4384396439644 4.5249709681088135e-23
151.5374318931893 4.522798565453367e-23
151.63642414241423 4.5206281504030175e-23
151.73541639163915 4.518459720417816e-23
151.8344086408641 4.5162932729616504e-23
151.93340089008902 4.514128805502242e-23
152.03239313931394 4.511966315511144e-23
152.13138538853886 4.509805800463724e-23
152.23037763776378 4.5076472578391695e-23
152.3293698869887 4.505490685120478e-23
152.42836213621362 4.5033360797944546e-23
152.52735438543854 4.501183439351699e-23
152.62634663466346 4.4990327612866136e-23
152.72533888388838 4.4968840430973785e-23
152.8243311331133 4.494737282285964e-23
152.92332338233822 4.4925924763581154e-23
153.02231563156315 4.490449622823352e-23
153.12130788078807 4.4883087191949555e-23
153.220300130013 4.4861697629899697e-23
153.3192923792379 4.484032751729196e-23
153.41828462846286 4.48189768293718e-23
153.51727687768778 4.479764554142218e-23
153.6162691269127 4.47763336287634e-23
153.71526137613762 4.475504106675312e-23
153.81425362536254 4.473376783078621e-23
153.91324587458746 4.471251389629487e-23
154.01223812381238 4.469127923874834e-23
154.1112303730373 4.467006383365302e-23
154.21022262226222 4.4648867656552425e-23
154.30921487148714 4.462769068302695e-23
154.40820712071206 4.4606532888694027e-23
154.50719936993698 4.4585394249207917e-23
154.6061916191619 4.456427474025976e-23
154.70518386838683 4.454317433757742e-23
154.80417611761175 4.4522093016925526e-23
154.9031683668367 4.450103075410533e-23
155.00216061606162 4.447998752495476e-23
155.10115286528654 4.4458963305348243e-23
155.20014511451146 4.443795807119672e-23
155.29913736373638 4.4416971798447593e-23
155.3981296129613 4.439600446308467e-23
155.49712186218622 4.437505604112804e-23
155.59611411141114 4.43541265086341e-23
155.69510636063606 4.4333215841695524e-23
155.79409860986098 4.431232401644109e-23
155.8930908590859 4.429145100903574e-23
155.99208310831082 4.427059679568045e-23
156.09107535753574 4.4249761352612227e-23
156.19006760676066 4.422894465610401e-23
156.28905985598558 4.4208146682464654e-23
156.3880521052105 4.418736740803886e-23
156.48704435443545 4.4166606809207125e-23
156.58603660366038 4.4145864862385667e-23
156.6850288528853 4.4125141544026386e-23
156.78402110211022 4.410443683061683e-23
156.88301335133514 4.408375069868009e-23
156.98200560056006 4.4063083124774835e-23
157.08099784978498 4.404243408549513e-23
157.1799900990099 4.4021803557470474e-23
157.27898234823482 4.4001191517365764e-23
157.37797459745974 4.3980597941881166e-23
157.47696684668466 4.396002280775207e-23
157.57595909590958 4.39394660917491e-23
157.6749513451345 4.391892777067804e-23
157.77394359435942 4.3898407821379706e-23
157.87293584358434 4.3877906220729976e-23
157.97192809280926 4.385742294563974e-23
158.0709203420342 4.383695797305472e-23
158.16991259125913 4.3816511279955646e-23
158.26890484048405 4.3796082843357956e-23
158.36789708970898 4.37756726403119e-23
158.4668893389339 4.375528064790245e-23
158.56588158815882 4.37349068432492e-23
158.66487383738374 4.3714551203506386e-23
158.76386608660866 4.3694213705862766e-23
158.86285833583358 4.367389432754164e-23
158.9618505850585 4.365359304580071e-23
159.06084283428342 4.363330983793206e-23
159.15983508350834 4.361304468126219e-23
159.25882733273326 4.3592797553151814e-23
159.35781958195818 4.3572568430995886e-23
159.4568118311831 4.3552357292223574e-23
159.55580408040805 4.353216411429814e-23
159.65479632963297 4.351198887471694e-23
159.7537885788579 4.3491831551011366e-23
159.8527808280828 4.3471692120746747e-23
159.95177307730773 4.345157056152232e-23
160.05076532653266 4.3431466850971224e-23
160.14975757575758 4.341138096676036e-23
160.2487498249825 4.3391312886590476e-23
160.34774207420742 4.33712625881959e-23
160.44673432343234 4.3351230049344705e-23
160.54572657265726 4.333121524783853e-23
160.64471882188218 4.331121816151259e-23
160.7437110711071 4.329123876823553e-23
160.84270332033202 4.327127704590953e-23
160.94169556955694 4.325133297247007e-23
161.04068781878186 4.3231406525886037e-23
161.1396800680068 4.3211497684159566e-23
161.23867231723173 4.3191606425326055e-23
161.33766456645665 4.3171732727454066e-23
161.43665681568157 4.315187656864527e-23
161.5356490649065 4.3132037927034454e-23
161.63464131413141 4.3112216780789415e-23
161.73363356335634 4.309241310811094e-23
161.83262581258126 4.3072626887232726e-23
161.93161806180618 4.305285809642134e-23
162.0306103110311 4.303310671397617e-23
162.12960256025602 4.301337271822936e-23
162.22859480948094 4.2993656087545795e-23
162.32758705870586 4.297395680032302e-23
162.42657930793078 4.295427483499117e-23
162.5255715571557 4.293461017001299e-23
162.62456380638065 4.2914962783883677e-23
162.72355605560557 4.2895332655130905e-23
162.8225483048305 4.2875719762314814e-23
162.9215405540554 4.285612408402783e-23
163.02053280328033 4.283654559889468e-23
163.11952505250525 4.2816984285572425e-23
163.21851730173017 4.2797440122750255e-23
163.3175095509551 4.2777913089149564e-23
163.41650180018001 4.275840316352378e-23
163.51549404940494 4.2738910324658474e-23
163.61448629862986 4.2719434551371144e-23
163.71347854785478 4.2699975822511267e-23
163.8124707970797 4.2680534116960214e-23
163.91146304630462 4.2661109413631224e-23
164.01045529552954 4.264170169146929e-23
164.10944754475446 4.262231092945123e-23
164.2084397939794 4.260293710658546e-23
164.30743204320433 4.25835802019121e-23
164.40642429242925 4.2564240194502885e-23
164.50541654165417 4.254491706346107e-23
164.6044087908791 4.25256107879214e-23
164.703401040104 4.2506321347050066e-23
164.80239328932893 4.248704872004467e-23
164.90138553855385 4.246779288613417e-23
165.00037778777877 4.244855382457878e-23
165.0993700370037 4.242933151467e-23
165.19836228622862 4.241012593573051e-23
165.29735453545354 4.239093706711414e-23
165.39634678467846 4.237176488820581e-23
165.49533903390338 4.23526093784215e-23
165.5943312831283 4.2333470517208184e-23
165.69332353235322 4.2314348284043773e-23
165.79231578157817 4.229524265843707e-23
165.8913080308031 4.2276153619927787e-23
165.990300280028 4.2257081148086353e-23
166.08929252925293 4.2238025222514005e-23
166.18828477847785 4.2218985822842645e-23
166.28727702770277 4.219996292873489e-23
166.3862692769277 4.218095651988387e-23
166.4852615261526 4.216196657601333e-23
166.58425377537753 4.214299307687754e-23
166.68324602460245 4.2124036002261155e-23
166.78223827382737 4.210509533197926e-23
166.8812305230523 4.2086171045877353e-23
166.98022277227722 4.2067263123831193e-23
167.07921502150214 4.204837154574681e-23
167.17820727072706 4.202949629156045e-23
167.277199519952 4.201063734123852e-23
167.37619176917693 4.199179467477754e-23
167.47518401840185 4.1972968272204123e-23
167.57417626762677 4.195415811357485e-23
167.6731685168517 4.1935364178976304e-23
167.7721607660766 4.191658644852501e-23
167.87115301530153 4.189782490236732e-23
167.97014526452645 4.1879079520679467e-23
168.06913751375137 4.1860350283667416e-23
168.1681297629763 4.184163717156688e-23
168.2671220122012 4.182294016464327e-23
168.36611426142613 4.180425924319159e-23
168.46510651065105 4.1785594387536446e-23
168.56409875987598 4.176694557803202e-23
168.6630910091009 4.1748312795061966e-23
168.76208325832582 4.172969601903935e-23
168.86107550755077 4.171109523040664e-23
168.9600677567757 4.169251040963569e-23
169.0590600060006 4.167394153722766e-23
169.15805225522553 4.165538859371289e-23
169.25704450445045 4.163685155965099e-23
169.35603675367537 4.161833041563072e-23
169.4550290029003 4.1599825142269943e-23
169.5540212521252 4.1581335720215565e-23
169.65301350135013 4.1562862130143575e-23
169.75200575057505 4.1544404352758856e-23
169.85099799979997 4.152596236879525e-23
169.9499902490249 4.1507536159015497e-23
170.0489824982498 4.148912570421112e-23
170.14797474747473 4.147073098520247e-23
170.24696699669965 4.14523519828386e-23
170.34595924592458 4.1433988677997267e-23
170.44495149514952 4.1415641051584875e-23
170.54394374437445 4.139730908453642e-23
170.64293599359937 4.137899275781547e-23
170.7419282428243 4.136069205241404e-23
170.8409204920492 4.134240694935268e-23
170.93991274127413 4.1324137429680286e-23
171.03890499049905 4.130588347447415e-23
171.13789723972397 4.1287645064839885e-23
171.2368894889489 4.126942218191138e-23
171.3358817381738 4.1251214806850725e-23
171.43487398739873 4.12330229208482e-23
171.53386623662365 4.1214846505122245e-23
171.63285848584857 4.119668554091938e-23
171.7318507350735 4.117854000951414e-23
171.8308429842984 4.116040989220909e-23
171.92983523352336 4.114229517033475e-23
172.02882748274828 4.1124195825249535e-23
172.1278197319732 4.110611183833972e-23
172.22681198119813 4.108804319101939e-23
172.32580423042305 4.106998986473043e-23
172.42479647964797 4.1051951840942403e-23
172.5237887288729 4.103392910115259e-23
172.6227809780978 4.1015921626885914e-23
172.72177322732273 4.0997929399694864e-23
172.82076547654765 4.097995240115948e-23
172.91975772577257 4.0961990612887285e-23
173.0187499749975 4.0944044016513295e-23
173.1177422242224 4.0926112593699924e-23
173.21673447344733 4.0908196326136925e-23
173.31572672267225 4.089029519554142e-23
173.41471897189717 4.087240918365775e-23
173.51371122112212 4.085453827225754e-23
173.61270347034704 4.083668244313958e-23
173.71169571957196 4.081884167812978e-23
173.81068796879688 4.08010159590812e-23
173.9096802180218 4.0783205267873903e-23
174.00867246724673 4.0765409586415e-23
174.10766471647165 4.074762889663855e-23
174.20665696569657 4.0729863180505535e-23
174.3056492149215 4.07121124200038e-23
174.4046414641464 4.069437659714803e-23
174.50363371337133 4.0676655693979756e-23
174.60262596259625 4.065894969256717e-23
174.70161821182117 4.0641258575005194e-23
174.8006104610461 4.062358232341543e-23
174.899602710271 4.06059209199461e-23
174.99859495949596 4.058827434677195e-23
175.09758720872088 4.0570642586094275e-23
175.1965794579458 4.055302562014088e-23
175.29557170717072 4.0535423431166e-23
175.39456395639564 4.0517836001450214e-23
175.49355620562056 4.050026331330055e-23
175.59254845484548 4.048270534905025e-23
175.6915407040704 4.046516209105888e-23
175.79053295329533 4.044763352171224e-23
175.88952520252025 4.0430119623422237e-23
175.98851745174517 4.0412620378627006e-23
176.0875097009701 4.0395135769790726e-23
176.186501950195 4.037766577940365e-23
176.28549419941993 4.036021038998202e-23
176.38448644864485 4.034276958406805e-23
176.48347869786977 4.032534334422991e-23
176.58247094709472 4.030793165306157e-23
176.68146319631964 4.029053449318295e-23
176.78045544554456 4.0273151847239705e-23
176.87944769476948 4.0255783697903224e-23
176.9784399439944 4.023843002787066e-23
177.07743219321932 4.0221090819864784e-23
177.17642444244424 4.020376605663402e-23
177.27541669166916 4.0186455720952396e-23
177.37440894089409 4.016915979561945e-23
177.473401190119 4.0151878263460255e-23
177.57239343934393 4.013461110732529e-23
177.67138568856885 4.011735831009051e-23
177.77037793779377 4.01001198546572e-23
177.8693701870187 4.0082895723952006e-23
177.9683624362436 4.006568590092684e-23
178.06735468546853 4.0048490368558907e-23
178.16634693469348 4.00313091098506e-23
178.2653391839184 4.001414210782944e-23
178.36433143314332 3.9996989345548156e-23
178.46332368236824 3.997985080608446e-23
178.56231593159316 3.996272647254121e-23
178.66130818081808 3.994561632804617e-23
178.760300430043 3.9928520355752146e-23
178.85929267926792 3.991143853883681e-23
178.95828492849284 3.989437086050271e-23
179.05727717771776 3.9877317303977294e-23
179.15626942694269 3.9860277852512736e-23
179.2552616761676 3.9843252489385995e-23
179.35425392539253 3.982624119789876e-23
179.45324617461745 3.980924396137736e-23
179.55223842384237 3.9792260763172784e-23
179.65123067306732 3.977529158666057e-23
179.75022292229224 3.9758336415240885e-23
179.84921517151716 3.974139523233835e-23
179.94820742074208 3.9724468021402036e-23
180.047199669967 3.9707554765905535e-23
180.14619191919192 3.969065544934675e-23
180.24518416841684 3.9673770055247927e-23
180.34417641764176 3.9656898567155704e-23
180.44316866686668 3.96400409686409e-23
180.5421609160916 3.96231972432986e-23
180.64115316531652 3.9606367374748126e-23
180.74014541454144 3.9589551346632836e-23
180.83913766376637 3.957274914262031e-23
180.9381299129913 3.955596074640215e-23
181.0371221622162 3.953918614169397e-23
181.13611441144113 3.952242531223541e-23
181.23510666066608 3.950567824179003e-23
181.334098909891 3.948894491414536e-23
181.43309115911592 3.947222531311273e-23
181.53208340834084 3.945551942252733e-23
181.63107565756576 3.943882722624815e-23
181.73006790679068 3.9422148708157933e-23
181.8290601560156 3.940548385216313e-23
181.92805240524052 3.9388832642193874e-23
182.02704465446544 3.9372195062203926e-23
182.12603690369036 3.9355571096170675e-23
182.22502915291528 3.9338960728095e-23
182.3240214021402 3.9322363942001363e-23
182.42301365136512 3.93057807219377e-23
182.52200590059005 3.928921105197533e-23
182.62099814981497 3.9272654916209057e-23
182.7199903990399 3.925611229875699e-23
182.81898264826484 3.9239583183760597e-23
182.91797489748976 3.9223067555384614e-23
183.01696714671468 3.9206565397817035e-23
183.1159593959396 3.919007669526904e-23
183.21495164516452 3.917360143197502e-23
183.31394389438944 3.915713959219248e-23
183.41293614361436 3.9140691160201995e-23
183.51192839283928 3.912425612030726e-23
183.6109206420642 3.9107834456834907e-23
183.70991289128912 3.909142615413463e-23
183.80890514051404 3.9075031196579005e-23
183.90789738973896 3.905864956856354e-23
184.00688963896388 3.9042281254506587e-23
184.1058818881888 3.9025926238849384e-23
184.20487413741373 3.900958450605587e-23
184.30386638663867 3.899325604061282e-23
184.4028586358636 3.897694082702966e-23
184.50185088508852 3.896063884983857e-23
184.60084313431344 3.89443500935943e-23
184.69983538353836 3.8928074542874234e-23
184.79882763276328 3.891181218227832e-23
184.8978198819882 3.889556299642902e-23
184.99681213121312 3.88793269699713e-23
185.09580438043804 3.886310408757259e-23
185.19479662966296 3.8846894333922713e-23
185.29378887888788 3.883069769373389e-23
185.3927811281128 3.881451415174068e-23
185.49177337733772 3.879834369269993e-23
185.59076562656264 3.878218630139078e-23
185.68975787578756 3.8766041962614604e-23
185.78875012501248 3.874991066119495e-23
185.88774237423743 3.873379238197752e-23
185.98673462346235 3.871768710983018e-23
186.08572687268727 3.870159482964282e-23
186.1847191219122 3.868551552632744e-23
186.28371137113712 3.8669449184818e-23
186.38270362036204 3.8653395790070477e-23
186.48169586958696 3.8637355327062735e-23
186.58068811881188 3.862132778079462e-23
186.6796803680368 3.860531313628775e-23
186.77867261726172 3.858931137858565e-23
186.87766486648664 3.85733224927536e-23
186.97665711571156 3.8557346463878644e-23
187.07564936493648 3.854138327706955e-23
187.1746416141614 3.852543291745679e-23
187.27363386338632 3.8509495370192467e-23
187.37262611261124 3.8493570620450277e-23
187.4716183618362 3.847765865342552e-23
187.5706106110611 3.846175945433506e-23
187.66960286028603 3.8445873008417235e-23
187.76859510951095 3.842999930093187e-23
187.86758735873588 3.841413831716021e-23
187.9665796079608 3.8398290042404906e-23
188.06557185718572 3.8382454461989986e-23
188.16456410641064 3.83666315612608e-23
188.26355635563556 3.835082132558399e-23
188.36254860486048 3.8335023740347445e-23
188.4615408540854 3.831923879096032e-23
188.56053310331032 3.830346646285291e-23
188.65952535253524 3.8287706741476683e-23
188.75851760176016 3.827195961230423e-23
188.85750985098508 3.8256225060829214e-23
188.95650210021003 3.8240503072566363e-23
189.05549434943495 3.822479363305142e-23
189.15448659865987 3.820909672784108e-23
189.2534788478848 3.8193412342513004e-23
189.3524710971097 3.817774046266574e-23
189.45146334633463 3.816208107391876e-23
189.55045559555955 3.8146434161912315e-23
189.64944784478448 3.813079971230752e-23
189.7484400940094 3.811517771078621e-23
189.84743234323432 3.8099568143050987e-23
189.94642459245924 3.808397099482516e-23
190.04541684168416 3.8068386251852665e-23
190.14440909090908 3.8052813899898145e-23
190.243401340134 3.8037253924746755e-23
190.34239358935892 3.8021706312204283e-23
190.44138583858384 3.800617104809703e-23
190.5403780878088 3.7990648118271785e-23
190.6393703370337 3.7975137508595803e-23
190.73836258625863 3.79596392049568e-23
190.83735483548355 3.7944153193262815e-23
190.93634708470847 3.792867945944234e-23
191.0353393339334 3.791321798944413e-23
191.1343315831583 3.7897768769237267e-23
191.23332383238323 3.7882331784811075e-23
191.33231608160816 3.7866907022175116e-23
191.43130833083308 3.785149446735916e-23
191.530300580058 3.783609410641311e-23
191.62929282928292 3.782070592540702e-23
191.72828507850784 3.7805329910431026e-23
191.82727732773276 3.778996604759532e-23
191.92626957695768 3.777461432303016e-23
192.02526182618263 3.7759274722885733e-23
192.12425407540755 3.774394723333226e-23
192.22324632463247 3.772863184055981e-23
192.3222385738574 3.771332853077844e-23
192.4212308230823 3.7698037290217993e-23
192.52022307230723 3.768275810512819e-23
192.61921532153215 3.766749096177851e-23
192.71820757075707 3.765223584645823e-23
192.817199819982 3.763699274547635e-23
192.91619206920691 3.762176164516156e-23
193.01518431843184 3.760654253186224e-23
193.11417656765676 3.759133539194633e-23
193.21316881688168 3.75761402118015e-23
193.3121610661066 3.7560956977834855e-23
193.41115331533152 3.754578567647315e-23
193.51014556455644 3.753062629416255e-23
193.6091378137814 3.7515478817368745e-23
193.7081300630063 3.7500343232576876e-23
193.80712231223123 3.748521952629146e-23
193.90611456145615 3.747010768503639e-23
194.00510681068107 3.7455007695354906e-23
194.104099059906 3.74399195438096e-23
194.2030913091309 3.7424843216982276e-23
194.30208355835583 3.740977870147406e-23
194.40107580758075 3.739472598390522e-23
194.50006805680567 3.7379685050915246e-23
194.5990603060306 3.736465588916279e-23
194.69805255525552 3.7349638485325594e-23
194.79704480448044 3.733463282610054e-23
194.89603705370536 3.731963889820351e-23
194.99502930293028 3.730465668836944e-23
195.0940215521552 3.728968618335228e-23
195.19301380138015 3.727472736992489e-23
195.29200605060507 3.7259780234879116e-23
195.39099829983 3.724484476502569e-23
195.4899905490549 3.72299209471942e-23
195.58898279827983 3.7215008768233077e-23
195.68797504750475 3.7200108215009565e-23
195.78696729672967 3.7185219274409675e-23
195.8859595459546 3.7170341933338187e-23
195.9849517951795 3.7155476178718573e-23
196.08394404440443 3.714062199749299e-23
196.18293629362935 3.712577937662225e-23
196.28192854285427 3.711094830308579e-23
196.3809207920792 3.709612876388166e-23
196.47991304130412 3.708132074602641e-23
196.57890529052904 3.706652423655518e-23
196.67789753975399 3.705173922252158e-23
196.7768897889789 3.70369656909977e-23
196.87588203820383 3.7022203629074063e-23
196.97487428742875 3.70074530238596e-23
197.07386653665367 3.699271386248163e-23
197.1728587858786 3.6977986132085764e-23
197.2718510351035 3.696326981983604e-23
197.37084328432843 3.694856491291467e-23
197.46983553355335 3.6933871398522194e-23
197.56882778277827 3.691918926387735e-23
197.6678200320032 3.6904518496217067e-23
197.7668122812281 3.688985908279646e-23
197.86580453045303 3.687521101088876e-23
197.96479677967795 3.6860574267785323e-23
198.06378902890287 3.6845948840795566e-23
198.1627812781278 3.6831334717246985e-23
198.26177352735274 3.681673188448502e-23
198.36076577657767 3.680214032987318e-23
198.45975802580259 3.6787560040792895e-23
198.5587502750275 3.677299100464352e-23
198.65774252425243 3.6758433208842315e-23
198.75673477347735 3.674388664082442e-23
198.85572702270227 3.672935128804277e-23
198.9547192719272 3.6714827137968165e-23
199.0537115211521 3.670031417808917e-23
199.15270377037703 3.6685812395912095e-23
199.25169601960195 3.667132177896097e-23
199.35068826882687 3.6656842314777504e-23
199.4496805180518 3.6642373990921106e-23
199.5486727672767 3.662791679496879e-23
199.64766501650163 3.6613470714515193e-23
199.74665726572655 3.659903573717252e-23
199.8456495149515 3.6584611850570516e-23
199.94464176417642 3.6570199042356474e-23
200.04363401340134 3.6555797300195133e-23
200.14262626262627 3.6541406611768766e-23
200.2416185118512 3.652702696477698e-23
200.3406107610761 3.6512658346936875e-23
200.43960301030103 3.6498300745982844e-23
200.53859525952595 3.648395414966672e-23
200.63758750875087 3.646961854575757e-23
200.7365797579758 3.6455293922041807e-23
200.8355720072007 3.644098026632309e-23
200.93456425642563 3.6426677566422286e-23
201.03355650565055 3.641238581017751e-23
201.13254875487547 3.6398104985443986e-23
201.2315410041004 3.6383835080094185e-23
201.33053325332534 3.636957608201759e-23
201.42952550255026 3.635532797912088e-23
201.52851775177518 3.63410907593277e-23
201.6275100010001 3.632686441057881e-23
201.72650225022502 3.631264892083193e-23
201.82549449944995 3.6298444278061774e-23
201.92448674867487 3.628425047026e-23
202.0234789978998 3.627006748543521e-23
202.1224712471247 3.625589531161289e-23
202.22146349634963 3.624173393683537e-23
202.32045574557455 3.622758334916188e-23
202.41944799479947 3.6213443536668394e-23
202.5184402440244 3.619931448744772e-23
202.6174324932493 3.618519618960943e-23
202.71642474247423 3.6171088631279757e-23
202.81541699169915 3.6156991800601714e-23
202.9144092409241 3.614290568573496e-23
203.01340149014902 3.6128830274855796e-23
203.11239373937394 3.611476555615717e-23
203.21138598859886 3.610071151784857e-23
203.31037823782378 3.60866681481561e-23
203.4093704870487 3.6072635435322383e-23
203.50836273627363 3.6058613367606554e-23
203.60735498549855 3.6044601933284247e-23
203.70634723472347 3.603060112064753e-23
203.8053394839484 3.601661091800495e-23
203.9043317331733 3.6002631313681374e-23
204.00332398239823 3.5988662296018115e-23
204.10231623162315 3.597470385337281e-23
204.20130848084807 3.596075597411946e-23
204.300300730073 3.5946818646648284e-23
204.3992929792979 3.593289185936583e-23
204.49828522852286 3.5918975600694876e-23
204.59727747774778 3.5905069859074426e-23
204.6962697269727 3.5891174622959653e-23
204.79526197619762 3.5877289880821905e-23
204.89425422542254 3.586341562114864e-23
204.99324647464746 3.5849551832443503e-23
205.09223872387238 3.583569850322614e-23
205.1912309730973 3.582185562203229e-23
205.29022322232223 3.5808023177413713e-23
205.38921547154715 3.579420115793821e-23
205.48820772077207 3.5780389552189516e-23
205.587199969997 3.5766588348767344e-23
205.6861922192219 3.575279753628731e-23
205.78518446844683 3.5739017103380974e-23
205.88417671767175 3.572524703869573e-23
205.9831689668967 3.571148733089483e-23
206.08216121612162 3.5697737968657377e-23
206.18115346534654 3.568399894067823e-23
206.28014571457146 3.567027023566803e-23
206.37913796379638 3.56565518423532e-23
206.4781302130213 3.564284374947584e-23
206.57712246224622 3.562914594579377e-23
206.67611471147114 3.561545842008046e-23
206.77510696069606 3.5601781161125024e-23
206.87409920992098 3.5588114157732196e-23
206.9730914591459 3.5574457398722336e-23
207.07208370837083 3.5560810872931304e-23
207.17107595759575 3.554717456921057e-23
207.27006820682067 3.5533548476427064e-23
207.3690604560456 3.551993258346324e-23
207.4680527052705 3.5506326879216997e-23
207.56704495449546 3.549273135260169e-23
207.66603720372038 3.547914599254609e-23
207.7650294529453 3.546557078799432e-23
207.86402170217022 3.5452005727905937e-23
207.96301395139514 3.5438450801255765e-23
208.06200620062006 3.5424905997033974e-23
208.16099844984498 3.541137130424605e-23
208.2599906990699 3.539784671191268e-23
208.35898294829482 3.5384332209069857e-23
208.45797519751974 3.537082778476875e-23
208.55696744674466 3.5357333428075717e-23
208.65595969596959 3.5343849128072296e-23
208.7549519451945 3.5330374873855147e-23
208.85394419441943 3.5316910654536076e-23
208.95293644364435 3.530345645924195e-23
209.0519286928693 3.529001227711472e-23
209.15092094209422 3.527657809731138e-23
209.24991319131914 3.526315390900392e-23
209.34890544054406 3.524973970137933e-23
209.44789768976898 3.523633546363961e-23
209.5468899389939 3.522294118500164e-23
209.64588218821882 3.520955685469725e-23
209.74487443744374 3.5196182461973195e-23
209.84386668666866 3.518281799609102e-23
209.94285893589358 3.516946344632721e-23
210.0418511851185 3.5156118801973035e-23
210.14084343434342 3.5142784052334544e-23
210.23983568356834 3.5129459186732573e-23
210.33882793279327 3.5116144194502727e-23
210.43782018201819 3.510283906499529e-23
210.5368124312431 3.5089543787575326e-23
210.63580468046806 3.507625835162252e-23
210.73479692969298 3.506298274653123e-23
210.8337891789179 3.5049716961710427e-23
210.93278142814282 3.5036460986583717e-23
211.03177367736774 3.502321481058927e-23
211.13076592659266 3.5009978423179826e-23
211.22975817581758 3.499675181382266e-23
211.3287504250425 3.498353497199958e-23
211.42774267426742 3.4970327887206814e-23
211.52673492349234 3.4957130548955146e-23
211.62572717271726 3.4943942946769733e-23
211.72471942194218 3.493076507019019e-23
211.8237116711671 3.4917596908770524e-23
211.92270392039202 3.490443845207909e-23
212.02169616961694 3.489128968969861e-23
212.12068841884187 3.4878150611226136e-23
212.21968066806681 3.4865021206272995e-23
212.31867291729174 3.485190146446484e-23
212.41766516651666 3.483879137544155e-23
212.51665741574158 3.482569092885721e-23
212.6156496649665 3.4812600114380184e-23
212.71464191419142 3.479951892169295e-23
212.81363416341634 3.478644734049221e-23
212.91262641264126 3.4773385360488765e-23
213.01161866186618 3.4760332971407547e-23
213.1106109110911 3.474729016298759e-23
213.20960316031602 3.4734256924981986e-23
213.30859540954094 3.47212332471579e-23
213.40758765876586 3.47082191192965e-23
213.50657990799078 3.4695214531192975e-23
213.6055721572157 3.468221947265649e-23
213.70456440644065 3.4669233933510145e-23
213.80355665566557 3.4656257903591017e-23
213.9025489048905 3.464329137275006e-23
214.00154115411542 3.4630334330852164e-23
214.10053340334034 3.461738676777603e-23
214.19952565256526 3.460444867341425e-23
214.29851790179018 3.459152003767322e-23
214.3975101510151 3.4578600850473146e-23
214.49650240024002 3.4565691101748016e-23
214.59549464946494 3.455279078144556e-23
214.69448689868986 3.4539899879527244e-23
214.79347914791478 3.452701838596826e-23
214.8924713971397 3.4514146290757486e-23
214.99146364636462 3.450128358389747e-23
215.09045589558954 3.448843025540441e-23
215.18944814481446 3.447558629530808e-23
215.2884403940394 3.4462751693651943e-23
215.38743264326433 3.444992644049297e-23
215.48642489248925 3.4437110525901734e-23
215.58541714171417 3.4424303939962303e-23
215.6844093909391 3.441150667277232e-23
215.78340164016402 3.4398718714442854e-23
215.88239388938894 3.4385940055098486e-23
215.98138613861386 3.437317068487724e-23
216.08037838783878 3.436041059393053e-23
216.1793706370637 3.434765977242325e-23
216.27836288628862 3.433491821053363e-23
216.37735513551354 3.4322185898453265e-23
216.47634738473846 3.430946282638709e-23
216.57533963396338 3.4296748984553383e-23
216.6743318831883 3.4284044363183695e-23
216.77332413241322 3.427134895252286e-23
216.87231638163817 3.4258662742828965e-23
216.9713086308631 3.4245985724373365e-23
217.070300880088 3.4233317887440564e-23
217.16929312931293 3.422065922232832e-23
217.26828537853785 3.4208009719347526e-23
217.36727762776277 3.419536936882224e-23
217.4662698769877 3.418273816108964e-23
217.56526212621262 3.41701160865e-23
217.66425437543754 3.4157503135416725e-23
217.76324662466246 3.41448992982162e-23
217.86223887388738 3.413230456528797e-23
217.9612311231123 3.4119718927034487e-23
218.06022337233722 3.410714237387129e-23
218.15921562156214 3.4094574896226855e-23
218.25820787078706 3.408201648454263e-23
218.357200120012 3.4069467129273e-23
218.45619236923693 3.4056926820885294e-23
218.55518461846185 3.4044395549859685e-23
218.65417686768677 3.4031873306689283e-23
218.7531691169117 3.4019360081880025e-23
218.8521613661366 3.400685586595065e-23
218.95115361536153 3.399436064943279e-23
219.05014586458645 3.3981874422870813e-23
219.14913811381138 3.396939717682188e-23
219.2481303630363 3.39569289018559e-23
219.34712261226122 3.3944469588555536e-23
219.44611486148614 3.393201922751614e-23
219.54510711071106 3.391957780934574e-23
219.64409935993598 3.390714532466511e-23
219.7430916091609 3.389472176410758e-23
219.84208385838582 3.3882307118319185e-23
219.94107610761077 3.386990137795853e-23
220.0400683568357 3.3857504533696847e-23
220.1390606060606 3.38451165762179e-23
220.23805285528553 3.3832737496218034e-23
220.33704510451045 3.3820367284406124e-23
220.43603735373537 3.380800593150352e-23
220.5350296029603 3.3795653428244086e-23
220.6340218521852 3.3783309765374197e-23
220.73301410141013 3.377097493365259e-23
220.83200635063506 3.3758648923850535e-23
220.93099859985998 3.3746331726751645e-23
221.0299908490849 3.373402333315193e-23
221.12898309830982 3.3721723733859784e-23
221.22797534753474 3.370943291969597e-23
221.32696759675966 3.369715088149355e-23
221.4259598459846 3.3684877610097917e-23
221.52495209520953 3.367261309636676e-23
221.62394434443445 3.366035733117002e-23
221.72293659365937 3.3648110305389933e-23
221.8219288428843 3.3635872009920907e-23
221.9209210921092 3.362364243566963e-23
222.01991334133413 3.361142157355494e-23
222.11890559055905 3.3599209414507867e-23
222.21789783978397 3.358700594947159e-23
222.3168900890089 3.3574811169401435e-23
222.4158823382338 3.356262506526483e-23
222.51487458745873 3.3550447628041326e-23
222.61386683668366 3.353827884872253e-23
222.71285908590858 3.3526118718312114e-23
222.8118513351335 3.35139672278258e-23
222.91084358435842 3.350182436829132e-23
223.00983583358337 3.3489690130748386e-23
223.1088280828083 3.347756450624876e-23
223.2078203320332 3.346544748585609e-23
223.30681258125813 3.345333906064602e-23
223.40580483048305 3.344123922170611e-23
223.50479707970797 3.3429147960135806e-23
223.6037893289329 3.3417065267046466e-23
223.7027815781578 3.340499113356128e-23
223.80177382738273 3.3392925550815356e-23
223.90076607660765 3.3380868509955577e-23
223.99975832583257 3.336882000214064e-23
224.0987505750575 3.335678001854106e-23
224.19774282428241 3.334474855033912e-23
224.29673507350734 3.333272558872883e-23
224.39572732273226 3.3320711124915987e-23
224.49471957195718 3.3308705150118077e-23
224.59371182118213 3.3296707655564277e-23
224.69270407040705 3.3284718632495486e-23
224.79169631963197 3.3272738072164215e-23
224.8906885688569 3.326076596583465e-23
224.9896808180818 3.324880230478259e-23
225.08867306730673 3.3236847080295454e-23
225.18766531653165 3.322490028367226e-23
225.28665756575657 3.321296190622355e-23
225.3856498149815 3.320103193927148e-23
225.4846420642064 3.318911037414969e-23
225.58363431343133 3.317719720220335e-23
225.68262656265625 3.316529241478916e-23
225.78161881188117 3.3153396003275246e-23
225.8806110611061 3.314150795904124e-23
225.97960331033102 3.312962827347817e-23
226.07859555955596 3.3117756937988546e-23
226.17758780878088 3.310589394398625e-23
226.2765800580058 3.309403928289654e-23
226.37557230723073 3.3082192946156093e-23
226.47456455645565 3.30703549252129e-23
226.57355680568057 3.305852521152628e-23
226.6725490549055 3.3046703796566906e-23
226.7715413041304 3.303489067181669e-23
226.87053355335533 3.30230858287689e-23
226.96952580258025 3.301128925892804e-23
227.06851805180517 3.29995009538098e-23
227.1675103010301 3.2987720904941207e-23
227.266502550255 3.29759491038604e-23
227.36549479947993 3.296418554211676e-23
227.46448704870485 3.295243021127081e-23
227.56347929792977 3.294068310289429e-23
227.66247154715472 3.292894420857003e-23
227.76146379637964 3.291721351989196e-23
227.86045604560456 3.2905491028465194e-23
227.95944829482949 3.289377672590583e-23
228.0584405440544 3.288207060384115e-23
228.15743279327933 3.287037265390936e-23
228.25642504250425 3.285868286775983e-23
228.35541729172917 3.284700123705286e-23
228.4544095409541 3.283532775345976e-23
228.553401790179 3.2823662408662836e-23
228.65239403940393 3.2812005194355385e-23
228.75138628862885 3.28003561022416e-23
228.85037853785377 3.278871512403664e-23
228.9493707870787 3.2777082251466555e-23
229.0483630363036 3.276545747626832e-23
229.14735528552853 3.275384079018975e-23
229.24634753475348 3.274223218498956e-23
229.3453397839784 3.273063165243728e-23
229.44433203320332 3.2719039184313284e-23
229.54332428242824 3.2707454772408744e-23
229.64231653165317 3.269587840852565e-23
229.7413087808781 3.268431008447673e-23
229.840301030103 3.2672749792085494e-23
229.93929327932793 3.266119752318621e-23
230.03828552855285 3.264965326962384e-23
230.13727777777777 3.263811702325408e-23
230.2362700270027 3.26265887759433e-23
230.3352622762276 3.261506851956855e-23
230.43425452545253 3.2603556246017535e-23
230.53324677467745 3.259205194718863e-23
230.63223902390237 3.2580555614990784e-23
230.73123127312732 3.2569067241343606e-23
230.83022352235224 3.2557586818177255e-23
230.92921577157716 3.25461143374325e-23
231.02820802080208 3.253464979106063e-23
231.127200270027 3.252319317102353e-23
231.22619251925192 3.251174446929355e-23
231.32518476847684 3.250030367785358e-23
231.42417701770177 3.2488870788697006e-23
231.5231692669267 3.247744579382768e-23
231.6221615161516 3.246602868525992e-23
231.72115376537653 3.2454619455018473e-23
231.82014601460145 3.244321809513854e-23
231.91913826382637 3.2431824597665697e-23
232.0181305130513 3.2420438954655936e-23
232.1171227622762 3.2409061158175634e-23
232.21611501150113 3.2397691200301517e-23
232.31510726072608 3.238632907312065e-23
232.414099509951 3.237497476873043e-23
232.51309175917592 3.23636282792386e-23
232.61208400840084 3.235228959676315e-23
232.71107625762576 3.2340958713432365e-23
232.81006850685068 3.232963562138482e-23
232.9090607560756 3.2318320312769336e-23
233.00805300530052 3.230701277974492e-23
233.10704525452545 3.229571301448085e-23
233.20603750375037 3.2284421009156563e-23
233.3050297529753 3.2273136755961727e-23
233.4040220022002 3.2261860247096137e-23
233.50301425142513 3.225059147476975e-23
233.60200650065005 3.223933043120268e-23
233.70099874987497 3.222807710862516e-23
233.7999909990999 3.221683149927749e-23
233.89898324832484 3.2205593595410084e-23
233.99797549754976 3.219436338928347e-23
234.09696774677468 3.218314087316818e-23
234.1959599959996 3.21719260393448e-23
234.29495224522452 3.2160718880103963e-23
234.39394449444944 3.2149519387746284e-23
234.49293674367436 3.2138327554582396e-23
234.59192899289928 3.212714337293292e-23
234.6909212421242 3.2115966835128415e-23
234.78991349134913 3.2104797933509404e-23
234.88890574057405 3.2093636660426334e-23
234.98789798979897 3.20824830082396e-23
235.0868902390239 3.207133696931947e-23
235.1858824882488 3.2060198536046097e-23
235.28487473747373 3.204906770080952e-23
235.38386698669868 3.203794445600963e-23
235.4828592359236 3.2026828794056174e-23
235.58185148514852 3.2015720707368713e-23
235.68084373437344 3.200462018837659e-23
235.77983598359836 3.199352722951901e-23
235.87882823282328 3.1982441823244885e-23
235.9778204820482 3.1971363962012945e-23
236.07681273127312 3.1960293638291637e-23
236.17580498049804 3.1949230844559175e-23
236.27479722972296 3.193817557330347e-23
236.37378947894788 3.192712781702214e-23
236.4727817281728 3.1916087568222496e-23
236.57177397739773 3.190505481942153e-23
236.67076622662265 3.189402956314587e-23
236.76975847584757 3.188301179193183e-23
236.8687507250725 3.1872001498325294e-23
236.96774297429744 3.1860998674881815e-23
237.06673522352236 3.185000331416655e-23
237.16572747274728 3.183901540875418e-23
237.2647197219722 3.1828034951229e-23
237.36371197119712 3.1817061934184876e-23
237.46270422042204 3.1806096350225185e-23
237.56169646964696 3.179513819196282e-23
237.66068871887188 3.178418745202021e-23
237.7596809680968 3.1773244123029265e-23
237.85867321732172 3.1762308197631407e-23
237.95766546654664 3.175137966847749e-23
238.05665771577156 3.174045852822781e-23
238.15564996499648 3.1729544769552154e-23
238.2546422142214 3.171863838512969e-23
238.35363446344633 3.1707739367648993e-23
238.45262671267128 3.169684770980804e-23
238.5516189618962 3.168596340431422e-23
238.65061121112112 3.1675086443884243e-23
238.74960346034604 3.166421682124419e-23
238.84859570957096 3.165335452912944e-23
238.94758795879588 3.1642499560284776e-23
239.0465802080208 3.16316519074642e-23
239.14557245724572 3.162081156343108e-23
239.24456470647064 3.1609978520957977e-23
239.34355695569556 3.1599152772826826e-23
239.44254920492048 3.1588334311828706e-23
239.5415414541454 3.157752313076402e-23
239.64053370337032 3.15667192224423e-23
239.73952595259524 3.155592257968239e-23
239.83851820182016 3.154513319531224e-23
239.93751045104509 3.153435106216902e-23
240.03650270027003 3.152357617309905e-23
240.13549494949496 3.1512808520957835e-23
240.23448719871988 3.150204809860997e-23
240.3334794479448 3.149129489892917e-23
240.43247169716972 3.1480548914798317e-23
240.53146394639464 3.1469810139109346e-23
240.63045619561956 3.145907856476326e-23
240.72944844484448 3.144835418467015e-23
240.8284406940694 3.1437636991749155e-23
240.92743294329432 3.142692697892847e-23
241.02642519251924 3.141622413914528e-23
241.12541744174416 3.14055284653458e-23
241.22440969096908 3.139483995048525e-23
241.323401940194 3.138415858752781e-23
241.42239418941892 3.137348436944665e-23
241.52138643864384 3.136281728922389e-23
241.6203786878688 3.135215733985059e-23
241.71937093709371 3.134150451432674e-23
241.81836318631863 3.1330858805661234e-23
241.91735543554356 3.13202202068719e-23
242.01634768476848 3.130958871098541e-23
242.1153399339934 3.1298964311037334e-23
242.21433218321832 3.128834700007208e-23
242.31332443244324 3.127773677114296e-23
242.41231668166816 3.126713361731204e-23
242.51130893089308 3.125653753165025e-23
242.610301180118 3.124594850723733e-23
242.70929342934292 3.12353665371618e-23
242.80828567856784 3.122479161452094e-23
242.90727792779276 3.121422373242086e-23
243.00627017701768 3.120366288397632e-23
243.10526242624263 3.119310906231093e-23
243.20425467546755 3.118256226055693e-23
243.30324692469247 3.1172022471855346e-23
243.4022391739174 3.116148968935584e-23
243.50123142314231 3.1150963906216807e-23
243.60022367236724 3.114044511560528e-23
243.69921592159216 3.1129933310696996e-23
243.79820817081708 3.1119428484676274e-23
243.897200420042 3.110893063073612e-23
243.99619266926692 3.109843974207814e-23
244.09518491849184 3.108795581191252e-23
244.19417716771676 3.10774788334581e-23
244.29316941694168 3.106700879994223e-23
244.3921616661666 3.105654570460086e-23
244.49115391539152 3.1046089540678526e-23
244.59014616461644 3.103564030142825e-23
244.6891384138414 3.102519798011159e-23
244.7881306630663 3.1014762569998647e-23
244.88712291229123 3.1004334064368014e-23
244.98611516151615 3.099391245650675e-23
245.08510741074107 3.098349773971041e-23
245.184099659966 3.097308990728301e-23
245.28309190919092 3.0962688952537026e-23
245.38208415841584 3.0952294868793334e-23
245.48107640764076 3.094190764938128e-23
245.58006865686568 3.0931527287638575e-23
245.6790609060906 3.092115377691137e-23
245.77805315531552 3.0910787110554184e-23
245.87704540454044 3.090042728192991e-23
245.97603765376536 3.0890074284409796e-23
246.07502990299028 3.087972811137345e-23
246.1740221522152 3.086938875620879e-23
246.27301440144015 3.08590562123121e-23
246.37200665066507 3.084873047308791e-23
246.47099889989 3.0838411531949124e-23
246.5699911491149 3.082809938231686e-23
246.66898339833983 3.0817794017620555e-23
246.76797564756475 3.080749543129787e-23
246.86696789678967 3.079720361679475e-23
246.9659601460146 3.078691856756534e-23
247.06495239523952 3.077664027707203e-23
247.16394464446444 3.07663687387854e-23
247.26293689368936 3.075610394618425e-23
247.36192914291428 3.0745845892755536e-23
247.4609213921392 3.073559457199441e-23
247.55991364136412 3.072534997740418e-23
247.65890589058904 3.071511210249629e-23
247.757898139814 3.07048809407903e-23
247.8568903890389 3.069465648581397e-23
247.95588263826383 3.068443873110305e-23
248.05487488748875 3.0674227670201505e-23
248.15386713671367 3.066402329666132e-23
248.2528593859386 3.0653825604042576e-23
248.3518516351635 3.064363458591339e-23
248.45084388438843 3.063345023584996e-23
248.54983613361335 3.0623272547436497e-23
248.64882838283827 3.0613101514265266e-23
248.7478206320632 3.0602937129936484e-23
248.84681288128812 3.0592779388058454e-23
248.94580513051304 3.058262828224739e-23
249.04479737973796 3.057248380612754e-23
249.14378962896288 3.056234595333108e-23
249.2427818781878 3.0552214717498133e-23
249.34177412741275 3.05420900922768e-23
249.44076637663767 3.0531972071323075e-23
249.5397586258626 3.05218606483009e-23
249.6387508750875 3.051175581688208e-23
249.73774312431243 3.0501657570746356e-23
249.83673537353735 3.049156590358131e-23
249.93572762276227 3.048148080908242e-23
250.0347198719872 3.0471402280953024e-23
250.1337121212121 3.0461330312904264e-23
250.23270437043703 3.045126489865517e-23
250.33169661966195 3.0441206031932547e-23
250.43068886888688 3.043115370647106e-23
250.5296811181118 3.0421107916013114e-23
250.62867336733672 3.0411068654308937e-23
250.72766561656164 3.0401035915116514e-23
250.82665786578656 3.0391009692201624e-23
250.9256501150115 3.038098997933775e-23
251.02464236423643 3.0370976770306144e-23
251.12363461346135 3.0360970058895784e-23
251.22262686268627 3.035096983890336e-23
251.3216191119112 3.034097610413325e-23
251.4206113611361 3.0330988848397544e-23
251.51960361036103 3.0321008065516047e-23
251.61859585958595 3.031103374931616e-23
251.71758810881087 3.030106589363298e-23
251.8165803580358 3.0291104492309257e-23
251.9155726072607 3.028114953919536e-23
252.01456485648563 3.027120102814931e-23
252.11355710571056 3.026125895303672e-23
252.21254935493548 3.025132330773078e-23
252.3115416041604 3.0241394086112323e-23
252.41053385338535 3.0231471282069707e-23
252.50952610261027 3.02215548894989e-23
252.6085183518352 3.0211644902303395e-23
252.7075106010601 3.0201741314394254e-23
252.80650285028503 3.019184411969004e-23
252.90549509950995 3.018195331211689e-23
253.00448734873487 3.017206888560838e-23
253.1034795979598 3.016219083410563e-23
253.2024718471847 3.015231915155727e-23
253.30146409640963 3.0142453831919345e-23
253.40045634563455 3.013259486915541e-23
253.49944859485947 3.012274225723647e-23
253.5984408440844 3.011289599014094e-23
253.69743309330931 3.010305606185473e-23
253.79642534253423 3.0093222466371114e-23
253.89541759175916 3.008339519769078e-23
253.9944098409841 3.007357424982185e-23
254.09340209020903 3.00637596167798e-23
254.19239433943395 3.005395129258752e-23
254.29138658865887 3.004414927127522e-23
254.3903788378838 3.003435354688047e-23
254.4893710871087 3.0024564113448253e-23
254.58836333633363 3.0014780965030776e-23
254.68735558555855 3.000500409568768e-23
254.78634783478347 2.99952334994858e-23
254.8853400840084 2.9985469170499373e-23
254.9843323332333 2.997571110280988e-23
255.08332458245823 2.9965959290506054e-23
255.18231683168315 2.995621372768395e-23
255.28130908090807 2.9946474408446854e-23
255.380301330133 2.9936741326905296e-23
255.47929357935794 2.992701447717705e-23
255.57828582858286 2.9917293853387094e-23
255.67727807780778 2.9907579449667644e-23
255.7762703270327 2.9897871260158096e-23
255.87526257625763 2.988816927900506e-23
255.97425482548255 2.9878473500362315e-23
256.07324707470747 2.9868783918390817e-23
256.1722393239324 2.9859100527258664e-23
256.2712315731573 2.984942332114113e-23
256.37022382238223 2.98397522942206e-23
256.46921607160715 2.9830087440686636e-23
256.56820832083207 2.9820428754735837e-23
256.667200570057 2.9810776230571976e-23
256.7661928192819 2.9801129862405915e-23
256.86518506850683 2.9791489644455556e-23
256.96417731773175 2.978185557094596e-23
257.0631695669567 2.9772227636109144e-23
257.1621618161816 2.9762605834184265e-23
257.2611540654065 2.9752990159417497e-23
257.36014631463144 2.9743380606062045e-23
257.45913856385636 2.973377716837813e-23
257.5581308130813 2.9724179840633e-23
257.6571230623062 2.971458861710089e-23
257.7561153115311 2.970500349206306e-23
257.85510756075604 2.969542445980769e-23
257.95409980998096 2.968585151463e-23
258.0530920592059 2.9676284650832127e-23
258.1520843084308 2.9666723862723186e-23
258.2510765576557 2.9657169144619184e-23
258.35006880688064 2.9647620490843113e-23
258.44906105610556 2.9638077895724876e-23
258.5480533053305 2.962854135360124e-23
258.64704555455546 2.961901085881591e-23
258.7460378037804 2.96094864057195e-23
258.8450300530053 2.959996798866944e-23
258.9440223022302 2.959045560203011e-23
259.04301455145514 2.958094924017266e-23
259.14200680068006 2.957144889747515e-23
259.240999049905 2.9561954568322465e-23
259.3399912991299 2.9552466247106314e-23
259.4389835483548 2.9542983928225213e-23
259.53797579757975 2.95335076060845e-23
259.63696804680467 2.9524037275096314e-23
259.7359602960296 2.9514572929679584e-23
259.8349525452545 2.950511456425999e-23
259.93394479447943 2.949566217327001e-23
260.03293704370435 2.9486215751148856e-23
260.13192929292927 2.9476775292342536e-23
260.2309215421542 2.9467340791303715e-23
260.3299137913791 2.945791224249187e-23
260.42890604060403 2.944848964037315e-23
260.52789828982895 2.94390729794204e-23
260.6268905390539 2.942966225411322e-23
260.7258827882788 2.9420257458937844e-23
260.8248750375037 2.941085858838721e-23
260.92386728672864 2.940146563696092e-23
261.02285953595356 2.9392078599165213e-23
261.1218517851785 2.938269746951304e-23
261.2208440344034 2.9373322242523915e-23
261.3198362836283 2.936395291272404e-23
261.41882853285324 2.935458947464623e-23
261.51782078207816 2.934523192282985e-23
261.6168130313031 2.933588025182095e-23
261.71580528052806 2.9326534456172114e-23
261.814797529753 2.931719453044254e-23
261.9137897789779 2.930786046919798e-23
262.0127820282028 2.9298532267010735e-23
262.11177427742774 2.92892099184597e-23
262.21076652665266 2.927989341813029e-23
262.3097587758776 2.927058276061442e-23
262.4087510251025 2.926127794051059e-23
262.5077432743274 2.925197895242378e-23
262.60673552355235 2.924268579096546e-23
262.70572777277727 2.9233398450753634e-23
262.8047200220022 2.9224116926412774e-23
262.9037122712271 2.921484121257381e-23
263.002704520452 2.920557130387417e-23
263.10169676967695 2.919630719495771e-23
263.20068901890187 2.918704888047476e-23
263.2996812681268 2.917779635508206e-23
263.3986735173517 2.9168549613442816e-23
263.49766576657663 2.91593086502266e-23
263.59665801580155 2.9150073460109456e-23
263.6956502650265 2.9140844037773794e-23
263.7946425142514 2.91316203779084e-23
263.8936347634763 2.912240247520847e-23
263.99262701270123 2.9113190324375596e-23
264.09161926192616 2.910398392011764e-23
264.1906115111511 2.909478325714894e-23
264.289603760376 2.9085588330190066e-23
264.3885960096009 2.9076399133968017e-23
264.48758825882584 2.9067215663216086e-23
264.58658050805076 2.905803791267383e-23
264.6855727572757 2.904886587708718e-23
264.78456500650066 2.9039699551208333e-23
264.8835572557256 2.903053892979581e-23
264.9825495049505 2.902138400761438e-23
265.0815417541754 2.901223477943508e-23
265.18053400340034 2.900309124003523e-23
265.27952625262526 2.8993953384198396e-23
265.3785185018502 2.898482120671438e-23
265.4775107510751 2.897569470237923e-23
265.5765030003 2.8966573865995207e-23
265.67549524952494 2.8957458692370796e-23
265.77448749874986 2.894834917632071e-23
265.8734797479748 2.8939245312665805e-23
265.9724719971997 2.893014709623318e-23
266.0714642464246 2.892105452185609e-23
266.17045649564955 2.891196758437399e-23
266.26944874487447 2.890288627863244e-23
266.3684409940994 2.889381059948319e-23
266.4674332433243 2.888474054178417e-23
266.56642549254923 2.8875676100399364e-23
266.66541774177415 2.8866617270198973e-23
266.76440999099907 2.885756404605924e-23
266.863402240224 2.884851642286254e-23
266.9623944894489 2.8839474395497376e-23
267.06138673867383 2.8830437958858317e-23
267.16037898789875 2.882140710784602e-23
267.2593712371237 2.8812381837367216e-23
267.3583634863486 2.88033621423347e-23
267.4573557355735 2.879434801766732e-23
267.55634798479844 2.878533945828997e-23
267.65534023402336 2.87763364591336e-23
267.7543324832483 2.8767339015135175e-23
267.8533247324732 2.875834712123766e-23
267.9523169816981 2.874936077239009e-23
268.05130923092304 2.874037996354746e-23
268.15030148014796 2.8731404689670755e-23
268.2492937293729 2.872243494572697e-23
268.3482859785978 2.871347072668907e-23
268.4472782278227 2.8704512027536e-23
268.54627047704764 2.869555884325262e-23
268.6452627262726 2.8686611168829796e-23
268.74425497549754 2.867766899926431e-23
268.84324722472246 2.866873232955891e-23
268.9422394739474 2.86598011547222e-23
269.0412317231723 2.8650875469768794e-23
269.1402239723972 2.8641955269719124e-23
269.23921622162214 2.863304054959959e-23
269.33820847084706 2.862413130444244e-23
269.437200720072 2.861522752928587e-23
269.5361929692969 2.860632921917386e-23
269.6351852185218 2.859743636915631e-23
269.73417746774675 2.8588548974288975e-23
269.83316971697167 2.857966702963347e-23
269.9321619661966 2.857079053025721e-23
270.0311542154215 2.8561919471233504e-23
270.13014646464643 2.855305384764141e-23
270.22913871387135 2.8544193654565874e-23
270.32813096309627 2.8535338887097584e-23
270.4271232123212 2.8526489540333097e-23
270.5261154615461 2.851764560937472e-23
270.62510771077103 2.850880708933051e-23
270.72409995999595 2.849997397531438e-23
270.8230922092209 2.8491146262445946e-23
270.9220844584458 2.84823239458506e-23
271.0210767076707 2.84735070206595e-23
271.12006895689564 2.84646954820095e-23
271.21906120612056 2.8455889325043223e-23
271.3180534553455 2.844708854490902e-23
271.4170457045704 2.8438293136760945e-23
271.5160379537953 2.8429503095758765e-23
271.61503020302024 2.842071841706793e-23
271.71402245224516 2.8411939095859615e-23
271.81301470147014 2.840316512731064e-23
271.91200695069506 2.839439650660355e-23
272.01099919992 2.838563322892649e-23
272.1099914491449 2.8376875289473355e-23
272.2089836983698 2.8368122683443587e-23
272.30797594759474 2.8359375406042364e-23
272.40696819681966 2.835063345248041e-23
272.5059604460446 2.8341896817974156e-23
272.6049526952695 2.833316549774562e-23
272.7039449444944 2.832443948702243e-23
272.80293719371934 2.83157187810378e-23
272.90192944294427 2.830700337503057e-23
273.0009216921692 2.8298293264245145e-23
273.0999139413941 2.828958844393154e-23
273.198906190619 2.8280888909345275e-23
273.29789843984395 2.82721946557475e-23
273.39689068906887 2.8263505678404894e-23
273.4958829382938 2.8254821972589663e-23
273.5948751875187 2.824614353357962e-23
273.69386743674363 2.823747035665803e-23
273.79285968596855 2.8228802437113694e-23
273.8918519351935 2.822013977024097e-23
273.9908441844184 2.821148235133972e-23
274.0898364336433 2.8202830175715244e-23
274.18882868286823 2.8194183238678405e-23
274.28782093209315 2.818554153554551e-23
274.3868131813181 2.817690506163835e-23
274.485805430543 2.816827381228421e-23
274.5847976797679 2.815964778281577e-23
274.68378992899284 2.8151026968571256e-23
274.78278217821776 2.814241136489425e-23
274.88177442744274 2.813380096713381e-23
274.98076667666766 2.812519577064444e-23
275.0797589258926 2.811659577078606e-23
275.1787511751175 2.8108000962923964e-23
275.2777434243424 2.809941134242889e-23
275.37673567356734 2.8090826904676974e-23
275.47572792279226 2.8082247645049723e-23
275.5747201720172 2.807367355893404e-23
275.6737124212421 2.8065104641722215e-23
275.772704670467 2.805654088881189e-23
275.87169691969194 2.804798229560606e-23
275.97068916891686 2.8039428857513085e-23
276.0696814181418 2.803088056994666e-23
276.1686736673667 2.802233742832585e-23
276.2676659165916 2.8013799428075014e-23
276.36665816581655 2.800526656462384e-23
276.46565041504147 2.7996738833407337e-23
276.5646426642664 2.798821622986582e-23
276.6636349134913 2.7979698749444916e-23
276.7626271627162 2.7971186387595526e-23
276.86161941194115 2.7962679139773835e-23
276.96061166116607 2.795417700144131e-23
277.059603910391 2.7945679968064694e-23
277.1585961596159 2.7937188035116e-23
277.25758840884083 2.792870119807247e-23
277.35658065806575 2.7920219452416614e-23
277.4555729072907 2.7911742793636166e-23
277.5545651565156 2.7903271217224116e-23
277.6535574057405 2.789480471867866e-23
277.75254965496543 2.7886343293503213e-23
277.85154190419036 2.787788693720641e-23
277.95053415341533 2.786943564530207e-23
278.04952640264025 2.786098941330923e-23
278.1485186518652 2.7852548236752107e-23
278.2475109010901 2.7844112111160107e-23
278.346503150315 2.7835681032067794e-23
278.44549539953994 2.78272549950149e-23
278.54448764876486 2.781883399554633e-23
278.6434798979898 2.781041802921212e-23
278.7424721472147 2.7802007091567467e-23
278.8414643964396 2.77936011781727e-23
278.94045664566454 2.778520028459329e-23
279.03944889488946 2.7776804406399815e-23
279.1384411441144 2.776841353916796e-23
279.2374333933393 2.776002767847855e-23
279.3364256425642 2.775164681991748e-23
279.43541789178914 2.7743270959075754e-23
279.53441014101406 2.773490009154947e-23
279.633402390239 2.772653421293978e-23
279.7323946394639 2.7718173318852914e-23
279.8313868886888 2.770981740490022e-23
279.93037913791375 2.770146646669803e-23
280.02937138713867 2.7693120499867754e-23
280.1283636363636 2.7684779500035866e-23
280.2273558855885 2.7676443462833853e-23
280.32634813481343 2.766811238389825e-23
280.42534038403835 2.7659786258870596e-23
280.52433263326327 2.7651465083397464e-23
280.6233248824882 2.764314885313041e-23
280.7223171317131 2.763483756372602e-23
280.82130938093803 2.762653121084586e-23
280.92030163016295 2.7618229790156496e-23
281.01929387938793 2.7609933297329414e-23
281.11828612861285 2.76016417280412e-23
281.2172783778378 2.759335507797327e-23
281.3162706270627 2.7585073342812095e-23
281.4152628762876 2.757679651824905e-23
281.51425512551253 2.756852459998046e-23
281.61324737473745 2.7560257583707605e-23
281.7122396239624 2.75519954651367e-23
281.8112318731873 2.754373823997886e-23
281.9102241224122 2.753548590395014e-23
282.00921637163714 2.752723845277149e-23
282.10820862086206 2.7518995882168776e-23
282.207200870087 2.751075818787276e-23
282.3061931193119 2.7502525365619095e-23
282.4051853685368 2.7494297411148317e-23
282.50417761776174 2.748607432020581e-23
282.60316986698666 2.7477856088541895e-23
282.7021621162116 2.746964271191168e-23
282.8011543654365 2.7461434186075193e-23
282.9001466146614 2.745323050679728e-23
282.99913886388634 2.7445031669847613e-23
283.09813111311126 2.743683767100074e-23
283.1971233623362 2.742864850603601e-23
283.2961156115611 2.7420464170737604e-23
283.395107860786 2.7412284660894525e-23
283.49410011001095 2.740410997230057e-23
283.59309235923587 2.7395940100754345e-23
283.6920846084608 2.738777504205927e-23
283.7910768576857 2.7379614792023527e-23
283.89006910691063 2.7371459346460093e-23
283.98906135613555 2.73633087011867e-23
284.08805360536047 2.7355162852025886e-23
284.18704585458545 2.7347021794804923e-23
284.28603810381037 2.7338885525355865e-23
284.3850303530353 2.733075403951548e-23
284.4840226022602 2.7322627333125307e-23
284.58301485148513 2.7314505402031604e-23
284.68200710071005 2.730638824208536e-23
284.780999349935 2.7298275849142326e-23
284.8799915991599 2.7290168219062884e-23
284.9789838483848 2.728206534771221e-23
285.07797609760974 2.727396723096014e-23
285.17696834683466 2.7265873864681204e-23
285.2759605960596 2.7257785244754643e-23
285.3749528452845 2.7249701367064386e-23
285.4739450945094 2.7241622227499e-23
285.57293734373434 2.723354782195177e-23
285.67192959295926 2.7225478146320606e-23
285.7709218421842 2.721741319650808e-23
285.8699140914091 2.720935296842146e-23
285.968906340634 2.7201297457972603e-23
286.06789858985894 2.719324666107802e-23
286.16689083908386 2.718520057365889e-23
286.2658830883088 2.7177159191640947e-23
286.3648753375337 2.71691225109546e-23
286.4638675867586 2.716109052753486e-23
286.56285983598355 2.715306323732134e-23
286.66185208520847 2.714504063625824e-23
286.7608443344334 2.713702272029436e-23
286.8598365836583 2.712900948538311e-23
286.9588288328832 2.712100092748244e-23
287.05782108210815 2.7112997042554906e-23
287.15681333133307 2.7104997826567625e-23
287.25580558055805 2.709700327549227e-23
287.35479782978297 2.7089013385305055e-23
287.4537900790079 2.7081028151986775e-23
287.5527823282328 2.7073047571522737e-23
287.65177457745773 2.7065071639902834e-23
287.75076682668265 2.7057100353121406e-23
287.84975907590757 2.7049133707177387e-23
287.9487513251325 2.704117169807422e-23
288.0477435743574 2.703321432181982e-23
288.14673582358233 2.702526157442663e-23
288.24572807280725 2.701731345191163e-23
288.3447203220322 2.7009369950296226e-23
288.4437125712571 2.700143106560634e-23
288.542704820482 2.6993496793872406e-23
288.64169706970694 2.698556713112928e-23
288.74068931893186 2.6977642073416287e-23
288.8396815681568 2.6969721616777274e-23
288.9386738173817 2.6961805757260463e-23
289.0376660666066 2.6953894490918615e-23
289.13665831583154 2.694598781380886e-23
289.23565056505646 2.6938085721992784e-23
289.3346428142814 2.6930188211536415e-23
289.4336350635063 2.692229527851021e-23
289.5326273127312 2.6914406918989024e-23
289.63161956195614 2.6906523129052147e-23
289.73061181118106 2.689864390478328e-23
289.829604060406 2.689076924227049e-23
289.9285963096309 2.688289913760626e-23
290.0275885588558 2.687503358688747e-23
290.12658080808075 2.686717258621538e-23
290.22557305730567 2.6859316131695607e-23
290.32456530653064 2.685146421943815e-23
290.42355755575556 2.6843616845557406e-23
290.5225498049805 2.683577400617207e-23
290.6215420542054 2.6827935697405214e-23
290.7205343034303 2.6820101915384286e-23
290.81952655265525 2.681227265624102e-23
290.91851880188017 2.680444791611153e-23
291.0175110511051 2.679662769113627e-23
291.11650330033 2.678881197745995e-23
291.21549554955493 2.6781000771231643e-23
291.31448779877985 2.6773194068604736e-23
291.41348004800477 2.6765391865736913e-23
291.5124722972297 2.675759415879016e-23
291.6114645464546 2.6749800943930734e-23
291.71045679567953 2.674201221732922e-23
291.80944904490445 2.673422797516043e-23
291.9084412941294 2.672644821360353e-23
292.0074335433543 2.6718672928841874e-23
292.1064257925792 2.6710902117063124e-23
292.20541804180414 2.6703135774459195e-23
292.30441029102906 2.6695373897226245e-23
292.403402540254 2.668761648156468e-23
292.5023947894789 2.667986352367917e-23
292.6013870387038 2.6672115019778584e-23
292.70037928792874 2.666437096607604e-23
292.79937153715366 2.6656631358788874e-23
292.8983637863786 2.664889619413864e-23
292.9973560356035 2.664116546835112e-23
293.0963482848284 2.6633439177656275e-23
293.19534053405334 2.662571731828827e-23
293.29433278327826 2.6617999886485496e-23
293.39332503250324 2.661028687849048e-23
293.49231728172816 2.660257829054998e-23
293.5913095309531 2.6594874118914923e-23
293.690301780178 2.6587174359840376e-23
293.7892940294029 2.6579479009585614e-23
293.88828627862785 2.657178806441403e-23
293.98727852785277 2.656410152059321e-23
294.0862707770777 2.655641937439487e-23
294.1852630263026 2.6548741622094865e-23
294.2842552755275 2.654106825997322e-23
294.38324752475245 2.6533399284314034e-23
294.48223977397737 2.6525734691405586e-23
294.5812320232023 2.651807447754024e-23
294.6802242724272 2.6510418639014505e-23
294.77921652165213 2.6502767172128985e-23
294.87820877087705 2.649512007318838e-23
294.977201020102 2.6487477338501494e-23
295.0761932693269 2.647983896438125e-23
295.1751855185518 2.6472204947144597e-23
295.27417776777673 2.6464575283112645e-23
295.37317001700166 2.645694996861051e-23
295.4721622662266 2.6449328999967414e-23
295.5711545154515 2.644171237351665e-23
295.6701467646764 2.6434100085595545e-23
295.76913901390134 2.6426492132545496e-23
295.86813126312626 2.6418888510711958e-23
295.9671235123512 2.6411289216444395e-23
296.0661157615761 2.6403694246096353e-23
296.165108010801 2.6396103596025384e-23
296.26410026002594 2.638851726259307e-23
296.36309250925086 2.6380935242165023e-23
296.4620847584758 2.6373357531110844e-23
296.56107700770076 2.636578412580416e-23
296.6600692569257 2.6358215022622647e-23
296.7590615061506 2.6350650217947914e-23
296.8580537553755 2.6343089708165578e-23
296.95704600460044 2.63355334896653e-23
297.05603825382536 2.6327981558840634e-23
297.1550305030503 2.6320433912089188e-23
297.2540227522752 2.6312890545812497e-23
297.3530150015001 2.6305351456416096e-23
297.45200725072505 2.6297816640309466e-23
297.55099949994997 2.629028609390604e-23
297.6499917491749 2.6282759813623218e-23
297.7489839983998 2.6275237795882305e-23
297.84797624762473 2.6267720037108612e-23
297.94696849684965 2.626020653373131e-23
298.04596074607457 2.6252697282183586e-23
298.1449529952995 2.6245192278902495e-23
298.2439452445244 2.623769152032898e-23
298.34293749374933 2.6230195002907986e-23
298.44192974297425 2.62227027230883e-23
298.5409219921992 2.6215214677322643e-23
298.6399142414241 2.6207730862067612e-23
298.738906490649 2.6200251273783717e-23
298.83789873987394 2.6192775908935335e-23
298.93689098909886 2.618530476399074e-23
299.0358832383238 2.617783783542212e-23
299.1348754875487 2.6170375119705442e-23
299.2338677367736 2.616291661332063e-23
299.33285998599854 2.6155462312751407e-23
299.43185223522346 2.6148012214485398e-23
299.5308444844484 2.6140566315014046e-23
299.62983673367336 2.6133124610832676e-23
299.7288289828983 2.6125687098440417e-23
299.8278212321232 2.611825377434023e-23
299.9268134813481 2.6110824635038973e-23
300.02580573057304 2.610339967704724e-23
300.12479797979796 2.6095978896879518e-23
300.2237902290229 2.6088562291054038e-23
300.3227824782478 2.608114985609293e-23
300.4217747274727 2.6073741588522044e-23
300.52076697669764 2.6066337484871065e-23
300.61975922592256 2.6058937541673497e-23
300.7187514751475 2.605154175546659e-23
300.8177437243724 2.6044150122791418e-23
300.9167359735973 2.6036762640192797e-23
301.01572822282225 2.602937930421935e-23
301.11472047204717 2.602200011142344e-23
301.2137127212721 2.6014625058361226e-23
301.312704970497 2.6007254141592586e-23
301.41169721972193 2.5999887357681205e-23
301.51068946894685 2.5992524703194462e-23
301.60968171817177 2.5985166174703523e-23
301.7086739673967 2.597781176878327e-23
301.8076662166216 2.5970461482012327e-23
301.90665846584653 2.5963115310973033e-23
302.00565071507145 2.595577325225148e-23
302.1046429642964 2.594843530243746e-23
302.2036352135213 2.5941101458124477e-23
302.3026274627462 2.5933771715909743e-23
302.40161971197114 2.592644607239418e-23
302.50061196119606 2.5919124524182438e-23
302.599604210421 2.5911807067882798e-23
302.69859645964596 2.5904493700107285e-23
302.7975887088709 2.5897184417471594e-23
302.8965809580958 2.5889879216595072e-23
302.9955732073207 2.5882578094100792e-23
303.09456545654564 2.587528104661545e-23
303.19355770577056 2.5867988070769423e-23
303.2925499549955 2.5860699163196768e-23
303.3915422042204 2.5853414320535162e-23
303.4905344534453 2.5846133539425956e-23
303.58952670267024 2.583885681651415e-23
303.68851895189516 2.5831584148448358e-23
303.7875112011201 2.582431553188086e-23
303.886503450345 2.581705096346755e-23
303.9854956995699 2.5809790439867934e-23
304.08448794879484 2.5802533957745186e-23
304.18348019801977 2.5795281513766062e-23
304.2824724472447 2.5788033104600914e-23
304.3814646964696 2.578078872692374e-23
304.4804569456945 2.5773548377412116e-23
304.57944919491945 2.5766312052747224e-23
304.67844144414437 2.5759079749613833e-23
304.7774336933693 2.5751851464700297e-23
304.8764259425942 2.5744627194698566e-23
304.97541819181913 2.5737406936304163e-23
305.07441044104405 2.5730190686216164e-23
305.173402690269 2.5722978441137252e-23
305.2723949394939 2.5715770197773643e-23
305.3713871887188 2.570856595283512e-23
305.47037943794373 2.5701365703035028e-23
305.56937168716865 2.5694169445090255e-23
305.6683639363936 2.5686977175721232e-23
305.7673561856185 2.567978889165194e-23
305.8663484348435 2.5672604589609883e-23
305.9653406840684 2.5665424266326103e-23
306.0643329332933 2.5658247918535175e-23
306.16332518251824 2.5651075542975186e-23
306.26231743174316 2.564390713638773e-23
306.3613096809681 2.5636742695517947e-23
306.460301930193 2.5629582217114448e-23
306.5592941794179 2.5622425697929365e-23
306.65828642864284 2.5615273134718326e-23
306.75727867786776 2.5608124524240457e-23
306.8562709270927 2.5600979863258365e-23
306.9552631763176 2.559383914853814e-23
307.0542554255425 2.5586702376849356e-23
307.15324767476744 2.557956954496508e-23
307.25223992399236 2.5572440649661825e-23
307.3512321732173 2.5565315687719573e-23
307.4502244224422 2.5558194655921766e-23
307.5492166716671 2.5551077551055325e-23
307.64820892089205 2.55439643699106e-23
307.74720117011697 2.5536855109281396e-23
307.8461934193419 2.5529749765964965e-23
307.9451856685668 2.552264833676201e-23
308.0441779177917 2.5515550818476617e-23
308.14317016701665 2.5508457207916377e-23
308.24216241624157 2.5501367501892246e-23
308.3411546654665 2.5494281697218622e-23
308.4401469146914 2.5487199790713326e-23
308.53913916391633 2.5480121779197588e-23
308.63813141314125 2.5473047659496022e-23
308.7371236623662 2.5465977428436685e-23
308.8361159115911 2.5458911082850995e-23
308.93510816081607 2.5451848619573794e-23
309.034100410041 2.5444790035443286e-23
309.1330926592659 2.543773532730108e-23
309.23208490849083 2.5430684491992167e-23
309.33107715771575 2.542363752636488e-23
309.4300694069407 2.5416594427270982e-23
309.5290616561656 2.5409555191565537e-23
309.6280539053905 2.5402519816107022e-23
309.72704615461544 2.5395488297757251e-23
309.82603840384036 2.5388460633381408e-23
309.9250306530653 2.5381436819847992e-23
310.0240229022902 2.5374416854028882e-23
310.1230151515151 2.536740073279928e-23
310.22200740074004 2.536038845303774e-23
310.32099964996496 2.535338001162612e-23
310.4199918991899 2.534637540544963e-23
310.5189841484148 2.5339374631396783e-23
310.6179763976397 2.5332377686359454e-23
310.71696864686464 2.532538456723277e-23
310.81596089608956 2.5318395270915223e-23
310.9149531453145 2.5311409794308572e-23
311.0139453945394 2.53044281343179e-23
311.1129376437643 2.5297450287851572e-23
311.21192989298925 2.5290476251821259e-23
311.31092214221417 2.5283506023141927e-23
311.4099143914391 2.5276539598731788e-23
311.508906640664 2.5269576975512377e-23
311.60789888988893 2.5262618150408497e-23
311.70689113911385 2.5255663120348198e-23
311.80588338833877 2.5248711882262806e-23
311.9048756375637 2.5241764433086936e-23
312.00386788678867 2.5234820769758422e-23
312.1028601360136 2.522788088921839e-23
312.2018523852385 2.5220944788411183e-23
312.30084463446343 2.521401246428442e-23
312.39983688368835 2.5207083913788932e-23
312.4988291329133 2.520015913387881e-23
312.5978213821382 2.5193238121511357e-23
312.6968136313631 2.5186320873647127e-23
312.79580588058803 2.5179407387249888e-23
312.89479812981295 2.5172497659286628e-23
312.9937903790379 2.5165591686727553e-23
313.0927826282628 2.515868946654608e-23
313.1917748774877 2.5151790995718833e-23
313.29076712671264 2.514489627122565e-23
313.38975937593756 2.513800529004954e-23
313.4887516251625 2.5131118049176747e-23
313.5877438743874 2.5124234545596686e-23
313.6867361236123 2.5117354776301934e-23
313.78572837283724 2.51104787382883e-23
313.88472062206216 2.5103606428554735e-23
313.9837128712871 2.5096737844103384e-23
314.082705120512 2.508987298193956e-23
314.1816973697369 2.508301183907172e-23
314.28068961896184 2.507615441251152e-23
314.37968186818676 2.5069300699273755e-23
314.4786741174117 2.5062450696376356e-23
314.5776663666366 2.505560440084045e-23
314.6766586158615 2.504876180969026e-23
314.77565086508645 2.5041922919953172e-23
314.87464311431137 2.5035087728659732e-23
314.9736353635363 2.5028256232843562e-23
315.07262761276127 2.5021428429541492e-23
315.1716198619862 2.5014604315793407e-23
315.2706121112111 2.5007783888642357e-23
315.369604360436 2.5000967145134476e-23
315.46859660966095 2.4994154082319047e-23
315.56758885888587 2.498734469724843e-23
315.6665811081108 2.4980538986978126e-23
315.7655733573357 2.4973736948566688e-23
315.86456560656063 2.4966938579075817e-23
315.96355785578555 2.4960143875570268e-23
316.0625501050105 2.4953352835117926e-23
316.1615423542354 2.4946565454789706e-23
316.2605346034603 2.4939781731659656e-23
316.35952685268524 2.4933001662804874e-23
316.45851910191016 2.4926225245305546e-23
316.5575113511351 2.49194524762449e-23
316.65650360036 2.4912683352709272e-23
316.7554958495849 2.4905917871788015e-23
316.85448809880984 2.489915603057356e-23
316.95348034803476 2.489239782616141e-23
317.0524725972597 2.4885643255650103e-23
317.1514648464846 2.4878892316141184e-23
317.2504570957095 2.48721450047393e-23
317.34944934493444 2.4865401318552107e-23
317.44844159415936 2.4858661254690302e-23
317.5474338433843 2.485192481026759e-23
317.6464260926092 2.4845191982400743e-23
317.7454183418341 2.483846276820951e-23
317.84441059105905 2.4831737164816693e-23
317.94340284028397 2.4825015169348087e-23
318.0423950895089 2.4818296778932517e-23
318.1413873387338 2.4811581990701795e-23
318.2403795879588 2.4804870801790744e-23
318.3393718371837 2.479816320933719e-23
318.4383640864086 2.4791459210481946e-23
318.53735633563355 2.4784758802368817e-23
318.63634858485847 2.4778061982144604e-23
318.7353408340834 2.4771368746959082e-23
318.8343330833083 2.476467909396501e-23
318.93332533253323 2.4757993020318102e-23
319.03231758175815 2.47513105231771e-23
319.13130983098307 2.474463159970365e-23
319.230302080208 2.4737956247062402e-23
319.3292943294329 2.473128446242095e-23
319.42828657865783 2.4724616242949845e-23
319.52727882788275 2.4717951585822598e-23
319.6262710771077 2.4711290488215658e-23
319.7252633263326 2.4704632947308443e-23
319.8242555755575 2.469797896028329e-23
319.92324782478244 2.469132852432547e-23
320.02224007400736 2.468468163662321e-23
320.1212323232323 2.4678038294367656e-23
320.2202245724572 2.467139849475286e-23
320.3192168216821 2.4664762234975837e-23
320.41820907090704 2.4658129512236494e-23
320.51720132013196 2.4651500323737652e-23
320.6161935693569 2.4644874666685064e-23
320.7151858185818 2.4638252538287363e-23
320.8141780678067 2.463163393575612e-23
320.91317031703164 2.4625018856305766e-23
321.01216256625656 2.4618407297153655e-23
321.1111548154815 2.461179925552004e-23
321.2101470647064 2.4605194728628038e-23
321.3091393139314 2.4598593713703665e-23
321.4081315631563 2.4591996207975825e-23
321.5071238123812 2.4585402208676298e-23
321.60611606160614 2.4578811713039723e-23
321.70510831083106 2.4572224718303622e-23
321.804100560056 2.4565641221708395e-23
321.9030928092809 2.4559061220497276e-23
322.0020850585058 2.4552484711916393e-23
322.10107730773075 2.4545911693214696e-23
322.20006955695567 2.4539342161644018e-23
322.2990618061806 2.4532776114459016e-23
322.3980540554055 2.4526213548917224e-23
322.49704630463043 2.4519654462278974e-23
322.59603855385535 2.451309885180748e-23
322.6950308030803 2.450654671476874e-23
322.7940230523052 2.4499998048431638e-23
322.8930153015301 2.4493452850067856e-23
322.99200755075503 2.4486911116951898e-23
323.09099979997995 2.4480372846361087e-23
323.1899920492049 2.4473838035575573e-23
323.2889842984298 2.4467306681878317e-23
323.3879765476547 2.4460778782555088e-23
323.48696879687964 2.445425433489444e-23
323.58596104610456 2.4447733336187782e-23
323.6849532953295 2.4441215783729252e-23
323.7839455445544 2.4434701674815833e-23
323.8829377937793 2.442819100674728e-23
323.98193004300424 2.4421683776826146e-23
324.08092229222916 2.441517998235776e-23
324.1799145414541 2.4408679620650225e-23
324.278906790679 2.4402182689014433e-23
324.377899039904 2.4395689184764054e-23
324.4768912891289 2.4389199105215515e-23
324.5758835383538 2.4382712447688022e-23
324.67487578757874 2.4376229209503527e-23
324.77386803680366 2.436974938798675e-23
324.8728602860286 2.4363272980465188e-23
324.9718525352535 2.4356799984269044e-23
325.0708447844784 2.4350330396731323e-23
325.16983703370335 2.434386421518774e-23
325.26882928292827 2.4337401436976752e-23
325.3678215321532 2.4330942059439576e-23
325.4668137813781 2.4324486079920145e-23
325.565806030603 2.431803349576515e-23
325.66479827982795 2.431158430432397e-23
325.76379052905287 2.430513850294875e-23
325.8627827782778 2.4298696088994324e-23
325.9617750275027 2.4292257059818257e-23
326.06076727672763 2.4285821412780834e-23
326.15975952595255 2.4279389145245042e-23
326.2587517751775 2.4272960254576584e-23
326.3577440244024 2.4266534738143856e-23
326.4567362736273 2.4260112593317966e-23
326.55572852285223 2.425369381747271e-23
326.65472077207716 2.4247278407984584e-23
326.7537130213021 2.424086636223277e-23
326.852705270527 2.4234457677599155e-23
326.9516975197519 2.4228052351468274e-23
327.05068976897684 2.4221650381227385e-23
327.14968201820176 2.421525176426638e-23
327.2486742674267 2.4208856497977853e-23
327.3476665166516 2.4202464579757067e-23
327.4466587658766 2.4196076007001932e-23
327.5456510151015 2.418969077711305e-23
327.6446432643264 2.418330888749366e-23
327.74363551355134 2.4176930335549683e-23
327.84262776277626 2.4170555118689648e-23
327.9416200120012 2.4164183234324788e-23
328.0406122612261 2.415781467986894e-23
328.139604510451 2.4151449452738615e-23
328.23859675967594 2.414508755035294e-23
328.33758900890086 2.4138728970133698e-23
328.4365812581258 2.4132373709505293e-23
328.5355735073507 2.4126021765894765e-23
328.6345657565756 2.411967313673178e-23
328.73355800580055 2.4113327819448628e-23
328.83255025502547 2.4106985811480212e-23
328.9315425042504 2.4100647110264057e-23
329.0305347534753 2.4094311713240317e-23
329.12952700270023 2.408797961785173e-23
329.22851925192515 2.4081650821543657e-23
329.32751150115007 2.4075325321764055e-23
329.426503750375 2.406900311596349e-23
329.5254959995999 2.4062684201595118e-23
329.62448824882483 2.4056368576114684e-23
329.72348049804975 2.4050056236980553e-23
329.8224727472747 2.4043747181653628e-23
329.9214649964996 2.403744140759746e-23
330.0204572457245 2.4031138912278105e-23
330.11944949494944 2.402483969316426e-23
330.21844174417436 2.4018543747727175e-23
330.3174339933993 2.4012251073440662e-23
330.4164262426242 2.4005961667781108e-23
330.5154184918491 2.3999675528227474e-23
330.6144107410741 2.399339265226127e-23
330.713402990299 2.398711303736657e-23
330.81239523952394 2.3980836681030004e-23
330.91138748874886 2.3974563580740747e-23
331.0103797379738 2.3968293733990537e-23
331.1093719871987 2.3962027138273643e-23
331.2083642364236 2.3955763791086884e-23
331.30735648564854 2.394950368992962e-23
331.40634873487346 2.3943246832303738e-23
331.5053409840984 2.393699321571367e-23
331.6043332333233 2.3930742837666368e-23
331.7033254825482 2.392449569567131e-23
331.80231773177314 2.3918251787240518e-23
331.90130998099806 2.3912011109888507e-23
332.000302230223 2.3905773661132318e-23
332.0992944794479 2.3899539438491517e-23
332.1982867286728 2.389330843948816e-23
332.29727897789775 2.3887080661646844e-23
332.39627122712267 2.3880856102494636e-23
332.4952634763476 2.387463475956112e-23
332.5942557255725 2.3868416630378384e-23
332.69324797479743 2.3862201712481e-23
332.79224022402235 2.3855990003406034e-23
332.89123247324727 2.3849781500693033e-23
332.9902247224722 2.3843576201884066e-23
333.0892169716971 2.3837374104523645e-23
333.18820922092203 2.3831175206158782e-23
333.28720147014695 2.3824979504338955e-23
333.3861937193719 2.3818786996616122e-23
333.4851859685968 2.3812597680544724e-23
333.5841782178217 2.3806411553681635e-23
333.6831704670467 2.380022861358622e-23
333.7821627162716 2.3794048857820314e-23
333.88115496549653 2.3787872283948186e-23
333.98014721472146 2.3781698889536558e-23
334.0791394639464 2.377552867215464e-23
334.1781317131713 2.3769361629374055e-23
334.2771239623962 2.376319775876889e-23
334.37611621162114 2.3757037057915663e-23
334.47510846084606 2.3750879524393352e-23
334.574100710071 2.3744725155783345e-23
334.6730929592959 2.373857394966948e-23
334.7720852085208 2.3732425903638034e-23
334.87107745774574 2.3726281015277692e-23
334.97006970697066 2.3720139282179584e-23
335.0690619561956 2.371400070193724e-23
335.1680542054205 2.3707865272146632e-23
335.2670464546454 2.370173299040614e-23
335.36603870387034 2.3695603854316518e-23
335.46503095309527 2.3689477861481017e-23
335.5640232023202 2.368335500950521e-23
335.6630154515451 2.367723529599712e-23
335.76200770077 2.3671118718567175e-23
335.86099994999495 2.3665005274828142e-23
335.95999219921987 2.3658894962395262e-23
336.0589844484448 2.365278777888612e-23
336.1579766976697 2.36466837219207e-23
336.25696894689463 2.364058278912138e-23
336.35596119611955 2.3634484978112914e-23
336.4549534453445 2.362839028652244e-23
336.5539456945694 2.362229871197946e-23
336.6529379437943 2.3616210252115878e-23
336.7519301930193 2.3610124904565945e-23
336.8509224422442 2.3604042666966293e-23
336.94991469146913 2.3597963536955905e-23
337.04890694069405 2.359188751217615e-23
337.147899189919 2.3585814590270738e-23
337.2468914391439 2.357974476888575e-23
337.3458836883688 2.35736780456696e-23
337.44487593759374 2.3567614418273074e-23
337.54386818681866 2.3561553884349296e-23
337.6428604360436 2.3555496441553746e-23
337.7418526852685 2.354944208754422e-23
337.8408449344934 2.3543390819980891e-23
337.93983718371834 2.3537342636526245e-23
338.03882943294326 2.3531297534845088e-23
338.1378216821682 2.35252555126046e-23
338.2368139313931 2.3519216567474248e-23
338.335806180618 2.3513180697125864e-23
338.43479842984294 2.3507147899233536e-23
338.53379067906786 2.350111817147375e-23
338.6327829282928 2.3495091511525262e-23
338.7317751775177 2.3489067917069146e-23
338.8307674267426 2.34830473857888e-23
338.92975967596755 2.347702991536992e-23
339.02875192519247 2.347101550350051e-23
339.1277441744174 2.3465004147870887e-23
339.2267364236423 2.3458995846173643e-23
339.3257286728672 2.34529905961037e-23
339.42472092209215 2.3446988395358232e-23
339.52371317131707 2.3440989241636742e-23
339.622705420542 2.3434993132641e-23
339.7216976697669 2.3429000066075077e-23
339.8206899189919 2.3423010039645305e-23
339.9196821682168 2.3417023051060315e-23
340.01867441744173 2.3411039098031018e-23
340.11766666666665 2.340505817827058e-23
340.21665891589157 2.339908028949445e-23
340.3156511651165 2.3393105429420337e-23
340.4146434143414 2.3387133595768237e-23
340.51363566356633 2.3381164786260382e-23
340.61262791279125 2.3375198998621298e-23
340.7116201620162 2.336923623057773e-23
340.8106124112411 2.33632764798587e-23
340.909604660466 2.3357319744195483e-23
341.00859690969094 2.3351366021321604e-23
341.10758915891586 2.3345415308972814e-23
341.2065814081408 2.3339467604887124e-23
341.3055736573657 2.3333522906804807e-23
341.4045659065906 2.3327581212468333e-23
341.50355815581554 2.332164251962243e-23
341.60255040504046 2.3315706826014066e-23
341.7015426542654 2.3309774129392425e-23
341.8005349034903 2.3303844427508916e-23
341.8995271527152 2.32979177181172e-23
341.99851940194014 2.3291993998973114e-23
342.09751165116506 2.328607326783475e-23
342.19650390039 2.328015552246242e-23
342.2954961496149 2.3274240760618617e-23
342.3944883988398 2.3268328980068073e-23
342.49348064806475 2.326242017857772e-23
342.59247289728967 2.325651435391671e-23
342.6914651465146 2.325061150385636e-23
342.7904573957395 2.324471162617023e-23
342.88944964496443 2.3238814718634058e-23
342.9884418941894 2.3232920779025768e-23
343.0874341434143 2.3227029805125496e-23
343.18642639263925 2.3221141794715555e-23
343.28541864186417 2.321525674558046e-23
343.3844108910891 2.3209374655506886e-23
343.483403140314 2.3203495522283707e-23
343.58239538953893 2.3197619343701972e-23
343.68138763876385 2.319174611755492e-23
343.7803798879888 2.3185875841637918e-23
343.8793721372137 2.3180008513748575e-23
343.9783643864386 2.3174144131686604e-23
344.07735663566353 2.316828269325393e-23
344.17634888488845 2.316242419625461e-23
344.2753411341134 2.3156568638494865e-23
344.3743333833383 2.3150716017783105e-23
344.4733256325632 2.3144866331929852e-23
344.57231788178814 2.3139019578747812e-23
344.67131013101306 2.3133175756051822e-23
344.770302380238 2.3127334861658887e-23
344.8692946294629 2.3121496893388137e-23
344.9682868786878 2.3115661849060856e-23
345.06727912791274 2.3109829726500467e-23
345.16627137713766 2.3104000523532525e-23
345.2652636263626 2.3098174237984718e-23
345.3642558755875 2.3092350867686872e-23
345.4632481248124 2.3086530410470942e-23
345.56224037403734 2.3080712864171007e-23
345.66123262326226 2.307489822662327e-23
345.7602248724872 2.3069086495666067e-23
345.8592171217121 2.3063277669139836e-23
345.958209370937 2.305747174488714e-23
346.057201620162 2.3051668720752646e-23
346.1561938693869 2.304586859458316e-23
346.25518611861185 2.3040071364227564e-23
346.35417836783677 2.303427702753687e-23
346.4531706170617 2.3028485582364165e-23
346.5521628662866 2.3022697026564688e-23
346.65115511551153 2.3016911357995724e-23
346.75014736473645 2.3011128574516675e-23
346.84913961396137 2.3005348673989053e-23
346.9481318631863 2.2999571654276428e-23
347.0471241124112 2.2993797513244484e-23
347.14611636163613 2.2988026248760985e-23
347.24510861086105 2.2982257858695774e-23
347.344100860086 2.2976492340920774e-23
347.4430931093109 2.297072969331e-23
347.5420853585358 2.296496991373953e-23
347.64107760776074 2.2959213000087506e-23
347.74006985698566 2.2953458950234168e-23
347.8390621062106 2.2947707762061806e-23
347.9380543554355 2.2941959433454783e-23
348.0370466046604 2.2936213962299523e-23
348.13603885388534 2.2930471346484507e-23
348.23503110311026 2.2924731583900277e-23
348.3340233523352 2.2918994672439436e-23
348.4330156015601 2.291326060999665e-23
348.532007850785 2.2907529394468605e-23
348.63100010000994 2.2901801023754057e-23
348.72999234923486 2.2896075495753807e-23
348.8289845984598 2.2890352808370715e-23
348.9279768476847 2.288463295950964e-23
349.0269690969096 2.2878915947077526e-23
349.1259613461346 2.2873201768983315e-23
349.2249535953595 2.2867490423138014e-23
349.32394584458444 2.2861781907454642e-23
349.42293809380936 2.285607621984826e-23
349.5219303430343 2.285037335823594e-23
349.6209225922592 2.2844673320536803e-23
349.7199148414841 2.2838976104671967e-23
349.81890709070905 2.2833281708564565e-23
349.91789933993397 2.2827590130139783e-23
350.0168915891589 2.282190136732479e-23
350.1158838383838 2.281621541804878e-23
350.21487608760873 2.2810532280242933e-23
350.31386833683365 2.2804851951840486e-23
350.41286058605857 2.2799174430776634e-23
350.5118528352835 2.2793499714988597e-23
350.6108450845084 2.278782780241559e-23
350.70983733373333 2.2782158690998812e-23
350.80882958295825 2.277649237868149e-23
350.9078218321832 2.2770828863408816e-23
351.0068140814081 2.2765168143127984e-23
351.105806330633 2.2759510215788172e-23
351.20479857985794 2.2753855079340534e-23
351.30379082908286 2.2748202731738244e-23
351.4027830783078 2.2742553170936404e-23
351.5017753275327 2.2736906394892148e-23
351.6007675767576 2.2731262401564535e-23
351.69975982598254 2.2725621188914645e-23
351.79875207520746 2.2719982754905495e-23
351.8977443244324 2.2714347097502088e-23
351.9967365736573 2.2708714214671393e-23
352.0957288228822 2.270308410438234e-23
352.19472107210714 2.2697456764605822e-23
352.2937133213321 2.2691832193314678e-23
352.39270557055704 2.2686210388483737e-23
352.49169781978196 2.2680591348089763e-23
352.5906900690069 2.267497507011147e-23
352.6896823182318 2.266936155252952e-23
352.7886745674567 2.266375079332654e-23
352.88766681668164 2.2658142790487086e-23
352.98665906590657 2.265253754199767e-23
353.0856513151315 2.264693504584674e-23
353.1846435643564 2.2641335300024676e-23
353.2836358135813 2.2635738302523804e-23
353.38262806280625 2.2630144051338384e-23
353.48162031203117 2.262455254446461e-23
353.5806125612561 2.2618963779900594e-23
353.679604810481 2.261337775564638e-23
353.77859705970593 2.2607794469703938e-23
353.87758930893085 2.2602213920077175e-23
353.9765815581558 2.2596636104771905e-23
354.0755738073807 2.2591061021795855e-23
354.1745660566056 2.258548866915867e-23
354.27355830583053 2.2579919044871923e-23
354.37255055505545 2.257435214694909e-23
354.4715428042804 2.256878797340554e-23
354.5705350535053 2.2563226522258576e-23
354.6695273027302 2.255766779152739e-23
354.76851955195514 2.255211177923308e-23
354.86751180118006 2.2546558483398652e-23
354.966504050405 2.254100790204898e-23
355.0654962996299 2.2535460033210884e-23
355.1644885488548 2.2529914874913024e-23
355.26348079807974 2.2524372425185997e-23
355.3624730473047 2.2518832682062246e-23
355.46146529652964 2.2513295643576136e-23
355.56045754575456 2.25077613077639e-23
355.6594497949795 2.250222967266366e-23
355.7584420442044 2.249670073631541e-23
355.8574342934293 2.249117449676102e-23
355.95642654265424 2.2485650952044257e-23
356.05541879187916 2.2480130100210725e-23
356.1544110411041 2.247461193930794e-23
356.253403290329 2.246909646738525e-23
356.3523955395539 2.2463583682493896e-23
356.45138778877885 2.2458073582686968e-23
356.55038003800377 2.2452566166019426e-23
356.6493722872287 2.2447061430548096e-23
356.7483645364536 2.2441559374331633e-23
356.8473567856785 2.2436059995430587e-23
356.94634903490345 2.2430563291907344e-23
357.04534128412837 2.2425069261826125e-23
357.1443335333533 2.2419577903253028e-23
357.2433257825782 2.2414089214255984e-23
357.34231803180313 2.2408603192904752e-23
357.44131028102805 2.2403119837270975e-23
357.540302530253 2.2397639145428108e-23
357.6392947794779 2.2392161115451432e-23
357.7382870287028 2.2386685745418104e-23
357.83727927792773 2.2381213033407077e-23
357.93627152715266 2.2375742977499153e-23
358.0352637763776 2.2370275575776965e-23
358.1342560256025 2.2364810826324975e-23
358.2332482748274 2.2359348727229444e-23
358.33224052405234 2.2353889276578498e-23
358.4312327732773 2.2348432472462043e-23
358.53022502250224 2.234297831297185e-23
358.62921727172716 2.233752679620146e-23
358.7282095209521 2.233207792024625e-23
358.827201770177 2.232663168320343e-23
358.9261940194019 2.232118808317196e-23
359.02518626862684 2.231574711825268e-23
359.12417851785176 2.2310308786548194e-23
359.2231707670767 2.2304873086162912e-23
359.3221630163016 2.2299440015203048e-23
359.4211552655265 2.2294009571776635e-23
359.52014751475144 2.228858175399348e-23
359.61913976397636 2.228315655996519e-23
359.7181320132013 2.227773398780518e-23
359.8171242624262 2.2272314035628635e-23
359.9161165116511 2.226689670155256e-23
360.01510876087605 2.2261481983695696e-23
360.11410101010097 2.2256069880178623e-23
360.2130932593259 2.2250660389123667e-23
360.3120855085508 2.2245253508654955e-23
360.41107775777573 2.2239849236898386e-23
360.51007000700065 2.2234447571981632e-23
360.60906225622557 2.2229048512034145e-23
360.7080545054505 2.2223652055187156e-23
360.8070467546754 2.2218258199573637e-23
360.90603900390033 2.2212866943328366e-23
361.00503125312525 2.2207478284587868e-23
361.1040235023502 2.2202092221490432e-23
361.2030157515751 2.21967087521761e-23
361.3020080008 2.2191327874786713e-23
361.40100025002494 2.2185949587465813e-23
361.4999924992499 2.2180573888358738e-23
361.59898474847483 2.2175200775612574e-23
361.69797699769975 2.216983024737615e-23
361.7969692469247 2.2164462301800053e-23
361.8959614961496 2.215909693703661e-23
361.9949537453745 2.2153734151239891e-23
362.09394599459944 2.2148373942565727e-23
362.19293824382436 2.2143016309171665e-23
362.2919304930493 2.2137661249217017e-23
362.3909227422742 2.2132308760862808e-23
362.4899149914991 2.2126958842271834e-23
362.58890724072404 2.2121611491608584e-23
362.68789948994896 2.211626670703931e-23
362.7868917391739 2.2110924486731964e-23
362.8858839883988 2.210558482885625e-23
362.9848762376237 2.2100247731583587e-23
363.08386848684864 2.2094913193087125e-23
363.18286073607356 2.208958121154172e-23
363.2818529852985 2.208425178512397e-23
363.3808452345234 2.2078924912012164e-23
363.4798374837483 2.207360059038632e-23
363.57882973297325 2.206827881842818e-23
363.67782198219817 2.206295959432118e-23
363.7768142314231 2.2057642916250477e-23
363.875806480648 2.2052328782402918e-23
363.97479872987293 2.2047017190967077e-23
364.07379097909785 2.2041708140133224e-23
364.17278322832277 2.2036401628093317e-23
364.2717754775477 2.2031097653041045e-23
364.3707677267726 2.2025796213171755e-23
364.46975997599753 2.202049730668252e-23
364.56875222522245 2.2015200931772088e-23
364.66774447444743 2.200990708664091e-23
364.76673672367235 2.2004615769491132e-23
364.8657289728973 2.1999326978526568e-23
364.9647212221222 2.1994040711952723e-23
365.0637134713471 2.1988756967976804e-23
365.16270572057203 2.1983475744807683e-23
365.26169796979696 2.1978197040655918e-23
365.3606902190219 2.1972920853733728e-23
365.4596824682468 2.1967647182255042e-23
365.5586747174717 2.1962376024435428e-23
365.65766696669664 2.195710737849215e-23
365.75665921592156 2.1951841242644134e-23
365.8556514651465 2.1946577615111967e-23
365.9546437143714 2.194131649411792e-23
366.0536359635963 2.193605787788591e-23
366.15262821282124 2.193080176464153e-23
366.25162046204616 2.1925548152612017e-23
366.3506127112711 2.1920297040026292e-23
366.449604960496 2.1915048425114903e-23
366.5485972097209 2.1909802306110068e-23
366.64758945894584 2.190455868124567e-23
366.74658170817077 2.1899317548757217e-23
366.8455739573957 2.1894078906881897e-23
366.9445662066206 2.1888842753858508e-23
367.0435584558455 2.1883609087927526e-23
367.14255070507045 2.1878377907331047e-23
367.24154295429537 2.1873149210312825e-23
367.3405352035203 2.186792299511824e-23
367.4395274527452 2.186269925999432e-23
367.53851970197013 2.185747800318973e-23
367.63751195119505 2.1852259222954753e-23
367.73650420042003 2.1847042917541325e-23
367.83549644964495 2.1841829085203e-23
367.93448869886987 2.1836617724194964e-23
368.0334809480948 2.1831408832774014e-23
368.1324731973197 2.18262024091986e-23
368.23146544654463 2.1820998451728775e-23
368.33045769576955 2.1815796958626212e-23
368.4294499449945 2.181059792815422e-23
368.5284421942194 2.18054013585777e-23
368.6274344434443 2.1800207248163188e-23
368.72642669266924 2.1795015595178822e-23
368.82541894189416 2.1789826397894362e-23
368.9244111911191 2.1784639654581162e-23
369.023403440344 2.1779455363512198e-23
369.1223956895689 2.1774273522962054e-23
369.22138793879384 2.17690941312069e-23
369.32038018801876 2.1763917186524516e-23
369.4193724372437 2.1758742687194296e-23
369.5183646864686 2.1753570631497223e-23
369.6173569356935 2.174840101771586e-23
369.71634918491844 2.174323384413439e-23
369.81534143414336 2.1738069109038586e-23
369.9143336833683 2.1732906810715796e-23
370.0133259325932 2.1727746947454965e-23
370.1123181818181 2.172258951754663e-23
370.21131043104305 2.171743451928291e-23
370.31030268026797 2.1712281950957507e-23
370.4092949294929 2.1707131810865713e-23
370.5082871787178 2.1701984097304384e-23
370.60727942794273 2.1696838808571978e-23
370.70627167716765 2.1691695942968496e-23
370.8052639263926 2.168655549879554e-23
370.90425617561755 2.1681417474356296e-23
371.00324842484247 2.1676281867955483e-23
371.1022406740674 2.167114867789942e-23
371.2012329232923 2.166601790249598e-23
371.30022517251723 2.1660889540054605e-23
371.39921742174215 2.1655763588886297e-23
371.49820967096707 2.1650640047303632e-23
371.597201920192 2.164551891362074e-23
371.6961941694169 2.1640400186153305e-23
371.79518641864183 2.163528386321857e-23
371.89417866786675 2.1630169943135333e-23
371.9931709170917 2.1625058424223954e-23
372.0921631663166 2.161994930480633e-23
372.1911554155415 2.1614842583205925e-23
372.29014766476644 2.160973825774772e-23
372.38913991399136 2.1604636326758282e-23
372.4881321632163 2.15995367885657e-23
372.5871244124412 2.1594439641499607e-23
372.6861166616661 2.1589344883891188e-23
372.78510891089104 2.1584252514073147e-23
372.88410116011596 2.1579162530379744e-23
372.9830934093409 2.157407493114675e-23
373.0820856585658 2.1568989714711513e-23
373.1810779077907 2.1563906879412872e-23
373.28007015701564 2.155882642359122e-23
373.37906240624056 2.155374834558846e-23
373.4780546554655 2.1548672643748047e-23
373.5770469046904 2.154359931641493e-23
373.6760391539153 2.153852836193561e-23
373.77503140314025 2.15334597786581e-23
373.8740236523652 2.1528393564931917e-23
373.97301590159014 2.1523329719108118e-23
374.07200815081507 2.1518268239539272e-23
374.17100040004 2.151320912457945e-23
374.2699926492649 2.1508152372584265e-23
374.3689848984898 2.1503097981910793e-23
374.46797714771475 2.1498045950917673e-23
374.56696939693967 2.1492996277965006e-23
374.6659616461646 2.1487948961414443e-23
374.7649538953895 2.1482903999629112e-23
374.86394614461443 2.1477861390973626e-23
374.96293839383935 2.1472821133814146e-23
375.0619306430643 2.1467783226518302e-23
375.1609228922892 2.1462747667455225e-23
375.2599151415141 2.1457714454995545e-23
375.35890739073903 2.145268358751139e-23
375.45789963996395 2.144765506337637e-23
375.5568918891889 2.14426288809656e-23
375.6558841384138 2.143760503865567e-23
375.7548763876387 2.143258353482467e-23
375.85386863686364 2.142756436785216e-23
375.95286088608856 2.1422547536119215e-23
376.0518531353135 2.141753303800834e-23
376.1508453845384 2.1412520871903582e-23
376.2498376337633 2.140751103619043e-23
376.34882988298824 2.1402503529255842e-23
376.44782213221316 2.139749834948828e-23
376.5468143814381 2.1392495495277666e-23
376.645806630663 2.1387494965015402e-23
376.7447988798879 2.1382496757094346e-23
376.84379112911284 2.137750086990884e-23
376.94278337833777 2.1372507301854678e-23
377.04177562756274 2.1367516051329138e-23
377.14076787678766 2.1362527116730945e-23
377.2397601260126 2.1357540496460312e-23
377.3387523752375 2.1352556188918875e-23
377.4377446244624 2.1347574192509755e-23
377.53673687368735 2.1342594505637526e-23
377.63572912291227 2.1337617126708222e-23
377.7347213721372 2.1332642054129327e-23
377.8337136213621 2.1327669286309764e-23
377.93270587058703 2.132269882165993e-23
378.03169811981195 2.1317730658591653e-23
378.13069036903687 2.1312764795518226e-23
378.2296826182618 2.1307801230854367e-23
378.3286748674867 2.1302839963016268e-23
378.42766711671163 2.1297880990421523e-23
378.52665936593655 2.12929243114892e-23
378.6256516151615 2.1287969924639794e-23
378.7246438643864 2.1283017828295247e-23
378.8236361136113 2.1278068020878927e-23
378.92262836283624 2.1273120500815635e-23
379.02162061206116 2.126817526653161e-23
379.1206128612861 2.1263232316454525e-23
379.219605110511 2.1258291649013483e-23
379.3185973597359 2.125335326263901e-23
379.41758960896084 2.1248417155763056e-23
379.51658185818576 2.1243483326819007e-23
379.6155741074107 2.1238551774241668e-23
379.7145663566356 2.1233622496467258e-23
379.8135586058605 2.1228695491933425e-23
379.91255085508544 2.1223770759079232e-23
380.01154310431036 2.1218848296345158e-23
380.11053535353534 2.12139281021731e-23
380.20952760276026 2.1209010175006373e-23
380.3085198519852 2.1204094513289695e-23
380.4075121012101 2.11991811154692e-23
380.506504350435 2.119426997999242e-23
380.60549659965994 2.1189361105308326e-23
380.70448884888486 2.1184454489867253e-23
380.8034810981098 2.117955013212097e-23
380.9024733473347 2.1174648030522628e-23
381.0014655965596 2.1169748183526814e-23
381.10045784578455 2.116485058958947e-23
381.19945009500947 2.1159955247167957e-23
381.2984423442344 2.1155062154721046e-23
381.3974345934593 2.1150171310708883e-23
381.49642684268423 2.1145282713593013e-23
381.59541909190915 2.1140396361836363e-23
381.69441134113407 2.1135512253903283e-23
381.793403590359 2.1130630388259472e-23
381.8923958395839 2.1125750763372045e-23
381.99138808880883 2.1120873377709482e-23
382.09038033803375 2.1115998229741646e-23
382.1893725872587 2.1111125317939813e-23
382.2883648364836 2.1106254640776617e-23
382.3873570857085 2.110138619672607e-23
382.48634933493344 2.1096519984263555e-23
382.58534158415836 2.1091656001865856e-23
382.6843338333833 2.1086794248011098e-23
382.7833260826082 2.1081934721178832e-23
382.8823183318331 2.107707741984992e-23
382.98131058105804 2.1072222342506623e-23
383.08030283028296 2.1067369487632577e-23
383.17929507950794 2.1062518853712773e-23
383.27828732873286 2.1057670439233582e-23
383.3772795779578 2.1052824242682718e-23
383.4762718271827 2.104798026254927e-23
383.5752640764076 2.1043138497323685e-23
383.67425632563254 2.103829894549778e-23
383.77324857485746 2.103346160556471e-23
383.8722408240824 2.1028626476019004e-23
383.9712330733073 2.102379355535653e-23
384.0702253225322 2.1018962842074522e-23
384.16921757175714 2.1014134334671575e-23
384.26820982098207 2.1009308031647606e-23
384.367202070207 2.1004483931503902e-23
384.4661943194319 2.0999662032743094e-23
384.5651865686568 2.0994842333869155e-23
384.66417881788175 2.0990024833387407e-23
384.76317106710667 2.0985209529804505e-23
384.8621633163316 2.0980396421628463e-23
384.9611555655565 2.097558550736861e-23
385.06014781478143 2.0970776785535654e-23
385.15914006400635 2.0965970254641587e-23
385.2581323132313 2.0961165913199775e-23
385.3571245624562 2.0956363759724903e-23
385.4561168116811 2.0951563792732998e-23
385.55510906090603 2.0946766010741413e-23
385.65410131013095 2.0941970412268818e-23
385.7530935593559 2.093717699583523e-23
385.8520858085808 2.093238575996199e-23
385.9510780578057 2.0927596703171748e-23
386.05007030703064 2.0922809823988498e-23
386.14906255625556 2.0918025120937545e-23
386.24805480548054 2.091324259254551e-23
386.34704705470546 2.0908462237340353e-23
386.4460393039304 2.0903684053851328e-23
386.5450315531553 2.0898908040609018e-23
386.6440238023802 2.0894134196145328e-23
386.74301605160514 2.088936251899345e-23
386.84200830083006 2.0884593007687927e-23
386.941000550055 2.087982566076457e-23
387.0399927992799 2.0875060476760532e-23
387.1389850485048 2.087029745421426e-23
387.23797729772974 2.086553659166551e-23
387.33696954695466 2.086077788765533e-23
387.4359617961796 2.0856021340726104e-23
387.5349540454045 2.0851266949421476e-23
387.6339462946294 2.0846514712286416e-23
387.73293854385435 2.0841764627867194e-23
387.83193079307927 2.083701669471137e-23
387.9309230423042 2.0832270911367795e-23
388.0299152915291 2.0827527276386623e-23
388.128907540754 2.0822785788319306e-23
388.22789978997895 2.0818046445718572e-23
388.32689203920387 2.081330924713846e-23
388.4258842884288 2.080857419113427e-23
388.5248765376537 2.0803841276262618e-23
388.62386878687863 2.079911050108139e-23
388.72286103610355 2.079438186414976e-23
388.8218532853285 2.0789655364028187e-23
388.9208455345534 2.0784930999278407e-23
389.0198377837783 2.078020876846345e-23
389.11883003300323 2.07754886701476e-23
389.21782228222816 2.0770770702896445e-23
389.3168145314531 2.0766054865276834e-23
389.41580678067805 2.0761341155856893e-23
389.514799029903 2.0756629573206022e-23
389.6137912791279 2.0751920115894905e-23
389.7127835283528 2.0747212782495472e-23
389.81177577757774 2.074250757158095e-23
389.91076802680266 2.07378044817258e-23
390.0097602760276 2.0733103511505784e-23
390.1087525252525 2.0728404659497906e-23
390.2077447744774 2.072370792428045e-23
390.30673702370234 2.0719013304432948e-23
390.40572927292726 2.0714320798536193e-23
390.5047215221522 2.0709630405172262e-23
390.6037137713771 2.0704942122924443e-23
390.702706020602 2.070025595037733e-23
390.80169826982694 2.0695571886116746e-23
390.90069051905186 2.069088992872977e-23
390.9996827682768 2.068621007680474e-23
391.0986750175017 2.0681532328931234e-23
391.1976672667266 2.06768566837001e-23
391.29665951595155 2.0672183139703414e-23
391.39565176517647 2.06675116955345e-23
391.4946440144014 2.0662842349787949e-23
391.5936362636263 2.0658175101059574e-23
391.69262851285123 2.0653509947946442e-23
391.79162076207615 2.0648846889046847e-23
391.89061301130107 2.0644185922960352e-23
391.989605260526 2.0639527048287732e-23
392.0885975097509 2.0634870263631008e-23
392.18758975897583 2.063021556759344e-23
392.28658200820075 2.062556295877953e-23
392.3855742574257 2.0620912435794985e-23
392.48456650665065 2.0616263997246773e-23
392.5835587558756 2.0611617641743089e-23
392.6825510051005 2.0606973367893344e-23
392.7815432543254 2.0602331174308194e-23
392.88053550355033 2.0597691059599492e-23
392.97952775277525 2.0593053022380367e-23
393.0785200020002 2.0588417061265114e-23
393.1775122512251 2.058378317486929e-23
393.27650450045 2.057915136180966e-23
393.37549674967494 2.057452162070422e-23
393.47448899889986 2.056989395017217e-23
393.5734812481248 2.0565268348833925e-23
393.6724734973497 2.056064481531113e-23
393.7714657465746 2.0556023348226636e-23
393.87045799579954 2.0551403946204514e-23
393.96945024502446 2.054678660787004e-23
394.0684424942494 2.054217133184971e-23
394.1674347434743 2.053755811677121e-23
394.2664269926992 2.0532946961263457e-23
394.36541924192414 2.052833786395657e-23
394.46441149114906 2.052373082348186e-23
394.563403740374 2.0519125838471852e-23
394.6623959895989 2.0514522907560272e-23
394.7613882388238 2.0509922029382048e-23
394.86038048804875 2.050532320257331e-23
394.95937273727367 2.0500726425771383e-23
395.0583649864986 2.049613169761479e-23
395.1573572357235 2.0491539016743258e-23
395.25634948494843 2.0486948381797696e-23
395.35534173417335 2.0482359791420223e-23
395.45433398339827 2.0477773244254135e-23
395.55332623262325 2.0473188738943922e-23
395.65231848184817 2.0468606274135264e-23
395.7513107310731 2.0464025848475047e-23
395.850302980298 2.0459447460611317e-23
395.94929522952293 2.045487110919333e-23
396.04828747874785 2.0450296792871497e-23
396.1472797279728 2.044572451029745e-23
396.2462719771977 2.044115426012397e-23
396.3452642264226 2.0436586041005048e-23
396.44425647564753 2.043201985159581e-23
396.54324872487246 2.0427455690552623e-23
396.6422409740974 2.0422893556532973e-23
396.7412332233223 2.041833344819555e-23
396.8402254725472 2.0413775364200224e-23
396.93921772177214 2.0409219303208024e-23
397.03820997099706 2.0404665263881155e-23
397.137202220222 2.0400113244882975e-23
397.2361944694469 2.0395563244878065e-23
397.3351867186718 2.0391015262532105e-23
397.43417896789674 2.038646929651199e-23
397.53317121712166 2.0381925345485755e-23
397.6321634663466 2.0377383408122623e-23
397.7311557155715 2.0372843483092952e-23
397.8301479647964 2.036830556906829e-23
397.92914021402134 2.0363769664721322e-23
398.02813246324627 2.0359235768725905e-23
398.1271247124712 2.0354703879757052e-23
398.2261169616961 2.0350173996490926e-23
398.325109210921 2.0345646117604854e-23
398.42410146014595 2.0341120241777318e-23
398.52309370937087 2.0336596367687943e-23
398.6220859585958 2.0332074494017514e-23
398.72107820782077 2.0327554619447962e-23
398.8200704570457 2.0323036742662374e-23
398.9190627062706 2.031852086234498e-23
399.01805495549553 2.0314006977181147e-23
399.11704720472045 2.0309495085857408e-23
399.21603945394537 2.0304985187061422e-23
399.3150317031703 2.0300477279482007e-23
399.4140239523952 2.0295971361809117e-23
399.51301620162013 2.029146743273383e-23
399.61200845084505 2.028696549094838e-23
399.71100070007 2.028246553514615e-23
399.8099929492949 2.027796756402164e-23
399.9089851985198 2.0273471576270488e-23
400.00797744774474 2.026897757058946e-23
400.10696969696966 2.0264485545676492e-23
400.2059619461946 2.0259995500230614e-23
400.3049541954195 2.025550743295199e-23
400.4039464446444 2.0251021342541922e-23
400.50293869386934 2.024653722770285e-23
400.60193094309426 2.0242055087138326e-23
400.7009231923192 2.0237574919553036e-23
400.7999154415441 2.023309672365279e-23
400.898907690769 2.022862049814451e-23
400.99789993999394 2.0224146241736258e-23
401.09689218921886 2.0219673953137206e-23
401.1958844384438 2.0215203631057645e-23
401.2948766876687 2.0210735274208995e-23
401.3938689368936 2.0206268881303778e-23
401.49286118611855 2.020180445105566e-23
401.59185343534347 2.019734198217937e-23
401.6908456845684 2.0192881473390816e-23
401.78983793379336 2.0188422923406962e-23
401.8888301830183 2.0183966330945927e-23
401.9878224322432 2.0179511694726907e-23
402.0868146814681 2.017505901347023e-23
402.18580693069305 2.0170608285897322e-23
402.28479917991797 2.016615951073071e-23
402.3837914291429 2.0161712686694042e-23
402.4827836783678 2.0157267812512053e-23
402.58177592759273 2.0152824886910603e-23
402.68076817681765 2.0148383908616617e-23
402.77976042604257 2.014394487635818e-23
402.8787526752675 2.0139507788864403e-23
402.9777449244924 2.013507264486556e-23
403.07673717371733 2.0130639443092975e-23
403.17572942294225 2.0126208182279104e-23
403.2747216721672 2.012177886115748e-23
403.3737139213921 2.0117351478462734e-23
403.472706170617 2.0112926032930583e-23
403.57169841984194 2.0108502523297835e-23
403.67069066906686 2.0104080948302407e-23
403.7696829182918 2.0099661306683282e-23
403.8686751675167 2.0095243597180538e-23
403.9676674167416 2.009082781853535e-23
404.06665966596654 2.008641396948997e-23
404.16565191519146 2.0082002048787732e-23
404.2646441644164 2.007759205517305e-23
404.3636364136413 2.0073183987391444e-23
404.4626286628662 2.006877784418948e-23
404.56162091209114 2.0064373624314824e-23
404.66061316131606 2.0059971326516223e-23
404.759605410541 2.005557094954349e-23
404.85859765976596 2.0051172492147527e-23
404.9575899089909 2.0046775953080296e-23
405.0565821582158 2.0042381331094856e-23
405.1555744074407 2.003798862494531e-23
405.25456665666565 2.0033597833386853e-23
405.35355890589057 2.0029208955175744e-23
405.4525511551155 2.002482198906932e-23
405.5515434043404 2.0020436933825958e-23
405.6505356535653 2.0016053788205144e-23
405.74952790279025 2.0011672550967384e-23
405.84852015201517 2.0007293220874296e-23
405.9475124012401 2.0002915796688537e-23
406.046504650465 1.9998540277173822e-23
406.14549689968993 1.9994166661094942e-23
406.24448914891485 1.998979494721773e-23
406.3434813981398 1.9985425134309097e-23
406.4424736473647 1.9981057221136992e-23
406.5414658965896 1.9976691206470457e-23
406.64045814581453 1.997232708907954e-23
406.73945039503946 1.996796486773538e-23
406.8384426442644 1.9963604541210163e-23
406.9374348934893 1.9959246108277123e-23
407.0364271427142 1.995488956771055e-23
407.13541939193914 1.995053491828576e-23
407.23441164116406 1.9946182158779158e-23
407.333403890389 1.9941831287968174e-23
407.4323961396139 1.9937482304631283e-23
407.5313883888388 1.9933135207548016e-23
407.63038063806374 1.9928789995498943e-23
407.72937288728866 1.9924446667265684e-23
407.8283651365136 1.9920105221630882e-23
407.92735738573856 1.9915765657378247e-23
408.0263496349635 1.9911427973292513e-23
408.1253418841884 1.990709216815946e-23
408.2243341334133 1.9902758240765904e-23
408.32332638263824 1.9898426189899696e-23
408.42231863186316 1.989409601434972e-23
408.5213108810881 1.9889767712905916e-23
408.620303130313 1.9885441284359223e-23
408.7192953795379 1.988111672750164e-23
408.81828762876285 1.9876794041126183e-23
408.91727987798777 1.9872473224026907e-23
409.0162721272127 1.986815427499889e-23
409.1152643764376 1.9863837192838248e-23
409.21425662566253 1.9859521976342113e-23
409.31324887488745 1.9855208624308645e-23
409.41224112411237 1.9850897135537027e-23
409.5112333733373 1.9846587508827487e-23
409.6102256225622 1.984227974298124e-23
409.70921787178713 1.9837973836800558e-23
409.80821012101205 1.98336697890887e-23
409.907202370237 1.9829367598649977e-23
410.0061946194619 1.9825067264289693e-23
410.1051868686868 1.982076878481418e-23
410.20417911791174 1.981647215903079e-23
410.30317136713666 1.9812177385747882e-23
410.4021636163616 1.9807884463774847e-23
410.5011558655865 1.9803593391922055e-23
410.6001481148114 1.9799304169000927e-23
410.69914036403634 1.9795016793823864e-23
410.79813261326126 1.979073126520429e-23
410.8971248624862 1.9786447581956637e-23
410.9961171117111 1.9782165742896362e-23
411.0951093609361 1.9777885746839883e-23
411.194101610161 1.9773607592604676e-23
411.2930938593859 1.9769331279009187e-23
411.39208610861084 1.976505680487288e-23
411.49107835783576 1.9760784169016213e-23
411.5900706070607 1.9756513370260653e-23
411.6890628562856 1.975224440742867e-23
411.7880551055105 1.974797727934372e-23
411.88704735473544 1.9743711984830272e-23
411.98603960396036 1.9739448522713782e-23
412.0850318531853 1.9735186891820704e-23
412.1840241024102 1.9730927090978486e-23
412.2830163516351 1.9726669119015584e-23
412.38200860086005 1.9722412974761438e-23
412.48100085008497 1.971815865704645e-23
412.5799930993099 1.971390616470207e-23
412.6789853485348 1.9709655496560698e-23
412.77797759775973 1.970540665145574e-23
412.87696984698465 1.9701159628221562e-23
412.97596209620957 1.969691442569356e-23
413.0749543454345 1.9692671042708093e-23
413.1739465946594 1.9688429478102497e-23
413.27293884388433 1.9684189730715107e-23
413.37193109310925 1.967995179938522e-23
413.4709233423342 1.967571568295315e-23
413.5699155915591 1.967148138026015e-23
413.668907840784 1.966724889014849e-23
413.76790009000894 1.966301821146139e-23
413.86689233923386 1.965878934304306e-23
413.9658845884588 1.9654562283738684e-23
414.0648768376837 1.9650337032394432e-23
414.1638690869087 1.9646113587857422e-23
414.2628613361336 1.964189194897578e-23
414.3618535853585 1.963767211459858e-23
414.46084583458344 1.9633454083575876e-23
414.55983808380836 1.9629237854758683e-23
414.6588303330333 1.9625023426999e-23
414.7578225822582 1.9620810799149794e-23
414.8568148314831 1.9616599970064974e-23
414.95580708070804 1.9612390938599448e-23
415.05479932993296 1.9608183703609074e-23
415.1537915791579 1.9603978263950667e-23
415.2527838283828 1.959977461848203e-23
415.3517760776077 1.9595572766061893e-23
415.45076832683264 1.9591372705549985e-23
415.54976057605757 1.9587174435806958e-23
415.6487528252825 1.9582977955694455e-23
415.7477450745074 1.9578783264075058e-23
415.8467373237323 1.9574590359812315e-23
415.94572957295725 1.9570399241770732e-23
416.04472182218217 1.9566209908815753e-23
416.1437140714071 1.9562022359813803e-23
416.242706320632 1.9557836593632237e-23
416.34169856985693 1.9553652609139376e-23
416.44069081908185 1.9549470405204488e-23
416.5396830683068 1.954528998069779e-23
416.6386753175317 1.9541111334490454e-23
416.7376675667566 1.9536934465454585e-23
416.83665981598153 1.9532759372463264e-23
416.93565206520645 1.9528586054390476e-23
417.0346443144314 1.95244145101112e-23
417.1336365636563 1.952024473850132e-23
417.2326288128813 1.9516076738437678e-23
417.3316210621062 1.9511910508798082e-23
417.4306133113311 1.9507746048461222e-23
417.52960556055604 1.9503583356306794e-23
417.62859780978096 1.9499422431215395e-23
417.7275900590059 1.9495263272068566e-23
417.8265823082308 1.949110587774879e-23
417.9255745574557 1.9486950247139495e-23
418.02456680668064 1.948279637912503e-23
418.12355905590556 1.9478644272590682e-23
418.2225513051305 1.9474493926422677e-23
418.3215435543554 1.947034533950816e-23
418.4205358035803 1.9466198510735232e-23
418.51952805280524 1.94620534389929e-23
418.61852030203016 1.945791012317112e-23
418.7175125512551 1.9453768562160768e-23
418.81650480048 1.9449628754853638e-23
418.9154970497049 1.9445490700142474e-23
419.01448929892985 1.9441354396920923e-23
419.11348154815477 1.9437219844083568e-23
419.2124737973797 1.9433087040525916e-23
419.3114660466046 1.942895598514439e-23
419.4104582958295 1.9424826676836366e-23
419.50945054505445 1.9420699114500086e-23
419.60844279427937 1.941657329703475e-23
419.7074350435043 1.9412449223340477e-23
419.8064272927292 1.9408326892318294e-23
419.90541954195413 1.9404206302870138e-23
420.00441179117905 1.9400087453898887e-23
420.103404040404 1.9395970344308306e-23
420.2023962896289 1.93918549730031e-23
420.30138853885387 1.938774133888886e-23
420.4003807880788 1.9383629440872123e-23
420.4993730373037 1.9379519277860306e-23
420.59836528652863 1.9375410848761766e-23
420.69735753575355 1.9371304152485733e-23
420.7963497849785 1.9367199187942385e-23
420.8953420342034 1.936309595404277e-23
420.9943342834283 1.935899444969889e-23
421.09332653265324 1.93548946738236e-23
421.19231878187816 1.9350796625330697e-23
421.2913110311031 1.934670030313487e-23
421.390303280328 1.9342605706151703e-23
421.4892955295529 1.933851283329771e-23
421.58828777877784 1.933442168349027e-23
421.68728002800276 1.9330332255647692e-23
421.7862722772277 1.9326244548689153e-23
421.8852645264526 1.9322158561534775e-23
421.9842567756775 1.9318074293105533e-23
422.08324902490244 1.931399174232331e-23
422.18224127412736 1.9309910908110908e-23
422.2812335233523 1.9305831789391998e-23
422.3802257725772 1.9301754385091154e-23
422.4792180218021 1.9297678694133837e-23
422.57821027102705 1.9293604715446416e-23
422.67720252025197 1.9289532447956135e-23
422.7761947694769 1.928546189059113e-23
422.8751870187018 1.9281393042280438e-23
422.97417926792673 1.9277325901953965e-23
423.07317151715165 1.927326046854253e-23
423.17216376637657 1.926919674097782e-23
423.2711560156015 1.9265134718192395e-23
423.3701482648264 1.926107439911974e-23
423.4691405140514 1.9257015782694204e-23
423.5681327632763 1.9252958867850988e-23
423.66712501250123 1.9248903653526228e-23
423.76611726172615 1.9244850138656904e-23
423.8651095109511 1.924079832218089e-23
423.964101760176 1.9236748203036938e-23
424.0630940094009 1.923269978016467e-23
424.16208625862583 1.9228653052504616e-23
424.26107850785075 1.9224608018998137e-23
424.3600707570757 1.92205646785875e-23
424.4590630063006 1.9216523030215832e-23
424.5580552555255 1.921248307282715e-23
424.65704750475044 1.9208444805366336e-23
424.75603975397536 1.920440822677914e-23
424.8550320032003 1.9200373336012183e-23
424.9540242524252 1.9196340132012968e-23
425.0530165016501 1.9192308613729857e-23
425.15200875087504 1.9188278780112067e-23
425.25100100009996 1.9184250630109718e-23
425.3499932493249 1.9180224162673774e-23
425.4489854985498 1.9176199376756054e-23
425.5479777477747 1.917217627130927e-23
425.64696999699964 1.9168154845286987e-23
425.74596224622456 1.9164135097643617e-23
425.8449544954495 1.916011702733445e-23
425.9439467446744 1.915610063331564e-23
426.0429389938993 1.9152085914544198e-23
426.14193124312425 1.914807286997799e-23
426.24092349234917 1.9144061498575734e-23
426.3399157415741 1.914005179929704e-23
426.438907990799 1.9136043771102324e-23
426.537900240024 1.913203741295291e-23
426.6368924892489 1.9128032723810927e-23
426.7358847384738 1.9124029702639403e-23
426.83487698769875 1.9120028348402193e-23
426.93386923692367 1.911602866006401e-23
427.0328614861486 1.9112030636590428e-23
427.1318537353735 1.910803427694786e-23
427.23084598459843 1.9104039580103578e-23
427.32983823382335 1.910004654502569e-23
427.4288304830483 1.9096055170683168e-23
427.5278227322732 1.9092065456045826e-23
427.6268149814981 1.908807740008432e-23
427.72580723072303 1.9084091001770152e-23
427.82479947994796 1.9080106260075682e-23
427.9237917291729 1.907612317397409e-23
428.0227839783978 1.9072141742439434e-23
428.1217762276227 1.9068161964446569e-23
428.22076847684764 1.9064183838971235e-23
428.31976072607256 1.9060207364989986e-23
428.4187529752975 1.9056232541480223e-23
428.5177452245224 1.9052259367420184e-23
428.6167374737473 1.9048287841788954e-23
428.71572972297224 1.904431796356643e-23
428.81472197219716 1.9040349731733397e-23
428.9137142214221 1.9036383145271417e-23
429.012706470647 1.903241820316291e-23
429.1116987198719 1.9028454904391146e-23
429.21069096909685 1.9024493247940196e-23
429.30968321832177 1.9020533232795e-23
429.4086754675467 1.9016574857941298e-23
429.5076677167716 1.901261812236568e-23
429.6066599659966 1.900866302505554e-23
429.7056522152215 1.9004709564999137e-23
429.8046444644464 1.900075774118553e-23
429.90363671367135 1.8996807552604607e-23
430.00262896289627 1.8992858998247108e-23
430.1016212121212 1.8988912077104576e-23
430.2006134613461 1.8984966788169367e-23
430.29960571057103 1.8981023130434675e-23
430.39859795979595 1.8977081102894548e-23
430.49759020902087 1.897314070454379e-23
430.5965824582458 1.8969201934378076e-23
430.6955747074707 1.8965264791393893e-23
430.79456695669563 1.8961329274588536e-23
430.89355920592055 1.8957395382960122e-23
430.9925514551455 1.8953463115507586e-23
431.0915437043704 1.894953247123069e-23
431.1905359535953 1.8945603449129997e-23
431.28952820282024 1.89416760482069e-23
431.38852045204516 1.8937750267463587e-23
431.4875127012701 1.893382610590309e-23
431.586504950495 1.892990356252921e-23
431.6854971997199 1.892598263634661e-23
431.78448944894484 1.8922063326360732e-23
431.88348169816976 1.891814563157783e-23
431.9824739473947 1.8914229551004975e-23
432.0814661966196 1.8910315083650055e-23
432.1804584458445 1.8906402228521748e-23
432.27945069506944 1.890249098462955e-23
432.37844294429436 1.889858135098376e-23
432.4774351935193 1.8894673326595486e-23
432.5764274427442 1.8890766910476637e-23
432.6754196919692 1.8886862101639922e-23
432.7744119411941 1.8882958899098864e-23
432.873404190419 1.8879057301867782e-23
432.97239643964394 1.8875157308961798e-23
433.07138868886886 1.8871258919396836e-23
433.1703809380938 1.8867362132189605e-23
433.2693731873187 1.8863466946357637e-23
433.3683654365436 1.885957336091925e-23
433.46735768576855 1.8855681374893555e-23
433.56634993499347 1.8851790987300466e-23
433.6653421842184 1.8847902197160695e-23
433.7643344334433 1.8844015003495734e-23
433.86332668266823 1.8840129405327898e-23
433.96231893189315 1.883624540168026e-23
434.06131118111807 1.883236299157672e-23
434.160303430343 1.8828482174041947e-23
434.2592956795679 1.8824602948101398e-23
434.35828792879283 1.8820725312781342e-23
434.45728017801775 1.8816849267108816e-23
434.5562724272427 1.8812974810111667e-23
434.6552646764676 1.880910194081851e-23
434.7542569256925 1.880523065825875e-23
434.85324917491744 1.8801360961462595e-23
434.95224142414236 1.879749284946101e-23
435.0512336733673 1.8793626321285772e-23
435.1502259225922 1.8789761375969427e-23
435.2492181718171 1.878589801254531e-23
435.34821042104204 1.8782036230047538e-23
435.44720267026696 1.8778176027511e-23
435.5461949194919 1.877431740397138e-23
435.6451871687168 1.877046035846513e-23
435.7441794179417 1.8766604890029493e-23
435.8431716671667 1.8762750997702487e-23
435.9421639163916 1.8758898680522895e-23
436.04115616561654 1.8755047937530283e-23
436.14014841484146 1.875119876776501e-23
436.2391406640664 1.874735117026818e-23
436.3381329132913 1.8743505144081713e-23
436.4371251625162 1.8739660688248252e-23
436.53611741174115 1.8735817801811251e-23
436.63510966096607 1.8731976483814922e-23
436.734101910191 1.8728136733304248e-23
436.8330941594159 1.872429854932499e-23
436.9320864086408 1.8720461930923672e-23
437.03107865786575 1.8716626877147585e-23
437.13007090709067 1.87127933870448e-23
437.2290631563156 1.8708961459664136e-23
437.3280554055405 1.8705131094055195e-23
437.42704765476543 1.8701302289268347e-23
437.52603990399035 1.8697475044354708e-23
437.6250321532153 1.8693649358366185e-23
437.7240244024402 1.868982523035543e-23
437.8230166516651 1.868600265937586e-23
437.92200890089003 1.8682181644481658e-23
438.02100115011496 1.8678362184727762e-23
438.1199933993399 1.8674544279169888e-23
438.2189856485648 1.8670727926864487e-23
438.3179778977897 1.8666913126868786e-23
438.41697014701464 1.866309987824078e-23
438.51596239623956 1.8659288180039185e-23
438.6149546454645 1.8655478031323512e-23
438.7139468946894 1.8651669431154006e-23
438.8129391439143 1.8647862378591682e-23
438.9119313931393 1.8644056872698284e-23
439.0109236423642 1.864025291253635e-23
439.10991589158914 1.863645049716914e-23
439.20890814081406 1.863264962566067e-23
439.307900390039 1.8628850297075715e-23
439.4068926392639 1.8625052510479808e-23
439.5058848884888 1.862125626493921e-23
439.60487713771374 1.8617461559520947e-23
439.70386938693866 1.8613668393292792e-23
439.8028616361636 1.8609876765323263e-23
439.9018538853885 1.8606086674681635e-23
440.0008461346134 1.8602298120437908e-23
440.09983838383835 1.8598511101662846e-23
440.19883063306327 1.8594725617427954e-23
440.2978228822882 1.8590941666805475e-23
440.3968151315131 1.858715924886841e-23
440.49580738073803 1.858337836269048e-23
440.59479962996295 1.857959900734617e-23
440.69379187918787 1.8575821181910686e-23
440.7927841284128 1.8572044885459996e-23
440.8917763776377 1.8568270117070794e-23
440.99076862686263 1.856449687582051e-23
441.08976087608755 1.8560725160787322e-23
441.1887531253125 1.8556954971050138e-23
441.2877453745374 1.8553186305688618e-23
441.3867376237623 1.8549419163783134e-23
441.48572987298724 1.854565354441481e-23
441.58472212221216 1.8541889446665496e-23
441.6837143714371 1.853812686961778e-23
441.782706620662 1.8534365812354998e-23
441.8816988698869 1.8530606273961184e-23
441.9806911191119 1.852684825352113e-23
442.0796833683368 1.8523091750120358e-23
442.17867561756174 1.851933676284511e-23
442.27766786678666 1.8515583290782356e-23
442.3766601160116 1.8511831333019812e-23
442.4756523652365 1.8508080888645906e-23
442.5746446144614 1.8504331956749795e-23
442.67363686368634 1.8500584536421367e-23
442.77262911291126 1.849683862675123e-23
442.8716213621362 1.8493094226830735e-23
442.9706136113611 1.8489351335751924e-23
443.069605860586 1.8485609952607608e-23
443.16859810981094 1.8481870076491272e-23
443.26759035903586 1.847813170649716e-23
443.3665826082608 1.8474394841720224e-23
443.4655748574857 1.8470659481256126e-23
443.5645671067106 1.8466925624201278e-23
443.66355935593555 1.846319326965279e-23
443.76255160516047 1.845946241670848e-23
443.8615438543854 1.84557330644669e-23
443.9605361036103 1.845200521202733e-23
444.05952835283523 1.8448278858489744e-23
444.15852060206015 1.844455400295485e-23
444.25751285128507 1.844083064452406e-23
444.35650510051 1.8437108782299496e-23
444.4554973497349 1.843338841538401e-23
444.55448959895983 1.842966954288115e-23
444.65348184818475 1.8425952163895196e-23
444.7524740974097 1.8422236277531108e-23
444.8514663466346 1.84185218828946e-23
444.9504585958595 1.841480897909206e-23
445.04945084508444 1.8411097565230612e-23
445.1484430943094 1.840738764041806e-23
445.24743534353433 1.8403679203762942e-23
445.34642759275926 1.8399972254374492e-23
445.4454198419842 1.8396266791362654e-23
445.5444120912091 1.8392562813838068e-23
445.643404340434 1.8388860320912102e-23
445.74239658965894 1.83851593116968e-23
445.84138883888386 1.838145978530493e-23
445.9403810881088 1.8377761740849963e-23
446.0393733373337 1.8374065177446053e-23
446.1383655865586 1.8370370094208092e-23
446.23735783578354 1.8366676490251632e-23
446.33635008500846 1.8362984364692963e-23
446.4353423342334 1.8359293716649038e-23
446.5343345834583 1.8355604545237536e-23
446.6333268326832 1.8351916849576833e-23
446.73231908190814 1.8348230628785988e-23
446.83131133113307 1.8344545881984764e-23
446.930303580358 1.8340862608293632e-23
447.0292958295829 1.833718080683374e-23
447.1282880788078 1.8333500476726938e-23
447.22728032803275 1.832982161709578e-23
447.32627257725767 1.83261442270635e-23
447.4252648264826 1.832246830575403e-23
447.5242570757075 1.8318793852292005e-23
447.62324932493243 1.8315120865802722e-23
447.72224157415735 1.8311449345412216e-23
447.8212338233823 1.830777929024715e-23
447.9202260726072 1.830411069943494e-23
448.0192183218321 1.8300443572103656e-23
448.11821057105703 1.8296777907382058e-23
448.217202820282 1.829311370439959e-23
448.31619506950693 1.8289450962286412e-23
448.41518731873185 1.8285789680173333e-23
448.5141795679568 1.8282129857191866e-23
448.6131718171817 1.8278471492474216e-23
448.7121640664066 1.8274814585153253e-23
448.81115631563154 1.8271159134362536e-23
448.91014856485646 1.8267505139236327e-23
449.0091408140814 1.8263852598909547e-23
449.1081330633063 1.8260201512517804e-23
449.2071253125312 1.8256551879197396e-23
449.30611756175614 1.8252903698085283e-23
449.40510981098106 1.824925696831912e-23
449.504102060206 1.824561168903725e-23
449.6030943094309 1.8241967859378658e-23
449.7020865586558 1.8238325478483048e-23
449.80107880788074 1.8234684545490763e-23
449.90007105710566 1.823104505954287e-23
449.9990633063306 1.8227407019781054e-23
450.0980555555555 1.8223770425347727e-23
450.1970478047804 1.8220135275385932e-23
450.29604005400535 1.821650156903942e-23
450.39503230323027 1.8212869305452596e-23
450.4940245524552 1.8209238483770546e-23
450.5930168016801 1.8205609103139016e-23
450.692009050905 1.8201981162704442e-23
450.79100130012995 1.81983546616139e-23
450.88999354935487 1.8194729599015177e-23
450.9889857985798 1.8191105974056695e-23
451.0879780478047 1.8187483785887552e-23
451.18697029702963 1.8183863033657522e-23
451.2859625462546 1.8180243716517036e-23
451.38495479547953 1.8176625833617212e-23
451.48394704470445 1.817300938410981e-23
451.58293929392937 1.8169394367147262e-23
451.6819315431543 1.8165780781882673e-23
451.7809237923792 1.8162168627469795e-23
451.87991604160413 1.815855790306306e-23
451.97890829082905 1.8154948607817557e-23
452.077900540054 1.8151340740889033e-23
452.1768927892789 1.81477343014339e-23
452.2758850385038 1.8144129288609224e-23
452.37487728772874 1.8140525701572752e-23
452.47386953695366 1.8136923539482853e-23
452.5728617861786 1.8133322801498593e-23
452.6718540354035 1.8129723486779674e-23
452.7708462846284 1.8126125594486462e-23
452.86983853385334 1.8122529123779975e-23
452.96883078307826 1.8118934073821897e-23
453.0678230323032 1.811534044377455e-23
453.1668152815281 1.8111748232800936e-23
453.265807530753 1.8108157440064688e-23
453.36479977997794 1.8104568064730104e-23
453.46379202920286 1.810098010596213e-23
453.5627842784278 1.8097393562926373e-23
453.6617765276527 1.8093808434789083e-23
453.7607687768776 1.8090224720717162e-23
453.85976102610255 1.8086642419878168e-23
453.95875327532747 1.8083061531440295e-23
454.0577455245524 1.807948205457241e-23
454.1567377737773 1.8075903988444005e-23
454.25573002300223 1.8072327332225225e-23
454.3547222722272 1.8068752085086875e-23
454.4537145214521 1.8065178246200397e-23
454.55270677067705 1.8061605814737877e-23
454.65169901990197 1.8058034789872053e-23
454.7506912691269 1.80544651707763e-23
454.8496835183518 1.8050896956624648e-23
454.94867576757673 1.8047330146591756e-23
455.04766801680165 1.8043764739852943e-23
455.1466602660266 1.8040200735584148e-23
455.2456525152515 1.8036638132961974e-23
455.3446447644764 1.8033076931163658e-23
455.44363701370133 1.802951712936707e-23
455.54262926292625 1.8025958726750713e-23
455.6416215121512 1.8022401722493763e-23
455.7406137613761 1.8018846115776004e-23
455.839606010601 1.8015291905777853e-23
455.93859825982594 1.80117390916804e-23
456.03759050905086 1.8008187672665334e-23
456.1365827582758 1.8004637647915004e-23
456.2355750075007 1.800108901661238e-23
456.3345672567256 1.799754177794107e-23
456.43355950595054 1.7993995931085327e-23
456.53255175517546 1.7990451475230025e-23
456.6315440044004 1.798690840956067e-23
456.7305362536253 1.7983366733263424e-23
456.8295285028502 1.7979826445525047e-23
456.92852075207514 1.7976287545532948e-23
457.02751300130006 1.7972750032475166e-23
457.126505250525 1.7969213905540365e-23
457.2254974997499 1.796567916391785e-23
457.3244897489748 1.7962145806797535e-23
457.42348199819975 1.795861383336999e-23
457.5224742474247 1.795508324282638e-23
457.62146649664965 1.7951554034358523e-23
457.72045874587457 1.7948026207158846e-23
457.8194509950995 1.794449976042041e-23
457.9184432443244 1.794097469333691e-23
458.0174354935493 1.7937451005102646e-23
458.11642774277425 1.7933928694912558e-23
458.21541999199917 1.7930407761962193e-23
458.3144122412241 1.7926888205447743e-23
458.413404490449 1.7923370024566005e-23
458.51239673967393 1.7919853218514397e-23
458.61138898889885 1.7916337786490968e-23
458.7103812381238 1.7912823727694387e-23
458.8093734873487 1.7909311041323933e-23
458.9083657365736 1.7905799726579506e-23
459.00735798579854 1.7902289782661637e-23
459.10635023502346 1.7898781208771456e-23
459.2053424842484 1.789527400411073e-23
459.3043347334733 1.7891768167881828e-23
459.4033269826982 1.788826369928773e-23
459.50231923192314 1.7884760597532063e-23
459.60131148114806 1.7881258861819037e-23
459.700303730373 1.7877758491353488e-23
459.7992959795979 1.7874259485340862e-23
459.8982882288228 1.7870761842987227e-23
459.99728047804774 1.786726556349925e-23
460.09627272727266 1.7863770646084224e-23
460.1952649764976 1.7860277089950044e-23
460.2942572257225 1.7856784894305222e-23
460.3932494749474 1.785329405835888e-23
460.49224172417235 1.784980458132074e-23
460.5912339733973 1.7846316462401142e-23
460.69022622262224 1.7842829700811043e-23
460.78921847184716 1.783934429576198e-23
460.8882107210721 1.783586024646613e-23
460.987202970297 1.7832377552136262e-23
461.0861952195219 1.782889621198574e-23
461.18518746874685 1.782541622522855e-23
461.28417971797177 1.7821937591079278e-23
461.3831719671967 1.7818460308753112e-23
461.4821642164216 1.7814984377465856e-23
461.58115646564653 1.7811509796433893e-23
461.68014871487145 1.7808036564874238e-23
461.77914096409637 1.7804564682004476e-23
461.8781332133213 1.7801094147042835e-23
461.9771254625462 1.7797624959208097e-23
462.07611771177113 1.7794157117719677e-23
462.17510996099605 1.7790690621797583e-23
462.274102210221 1.7787225470662414e-23
462.3730944594459 1.7783761663535377e-23
462.4720867086708 1.7780299199638272e-23
462.57107895789574 1.7776838078193488e-23
462.67007120712066 1.7773378298424043e-23
462.7690634563456 1.776991985955352e-23
462.8680557055705 1.7766462760806095e-23
462.9670479547954 1.7763007001406566e-23
463.06604020402034 1.7759552580580308e-23
463.16503245324526 1.7756099497553288e-23
463.2640247024702 1.775264775155208e-23
463.3630169516951 1.7749197341803837e-23
463.46200920092 1.774574826753631e-23
463.56100145014494 1.7742300527977856e-23
463.6599936993699 1.7738854122357392e-23
463.75898594859484 1.7735409049904457e-23
463.85797819781976 1.773196530984916e-23
463.9569704470447 1.7728522901422204e-23
464.0559626962696 1.7725081823854888e-23
464.1549549454945 1.7721642076379092e-23
464.25394719471944 1.7718203658227293e-23
464.35293944394436 1.771476656863255e-23
464.4519316931693 1.7711330806828495e-23
464.5509239423942 1.7707896372049377e-23
464.6499161916191 1.770446326353e-23
464.74890844084405 1.7701031480505776e-23
464.84790069006897 1.7697601022212684e-23
464.9468929392939 1.7694171887887295e-23
465.0458851885188 1.7690744076766776e-23
465.14487743774373 1.7687317588088858e-23
465.24386968696865 1.7683892421091857e-23
465.3428619361936 1.7680468575014673e-23
465.4418541854185 1.7677046049096803e-23
465.5408464346434 1.7673624842578296e-23
465.63983868386833 1.7670204954699808e-23
465.73883093309325 1.7666786384702553e-23
465.8378231823182 1.7663369131828342e-23
465.9368154315431 1.765995319531955e-23
466.035807680768 1.7656538574419144e-23
466.13479992999294 1.7653125268370654e-23
466.23379217921786 1.764971327641819e-23
466.3327844284428 1.7646302597806462e-23
466.4317766776677 1.764289323178071e-23
466.5307689268926 1.7639485177586798e-23
466.62976117611754 1.7636078434471124e-23
466.7287534253425 1.7632673001680693e-23
466.82774567456744 1.762926887846306e-23
466.92673792379236 1.762586606406636e-23
467.0257301730173 1.7622464557739315e-23
467.1247224222422 1.7619064358731192e-23
467.2237146714671 1.7615665466291853e-23
467.32270692069204 1.7612267879671723e-23
467.42169916991696 1.760887159812178e-23
467.5206914191419 1.7605476620893612e-23
467.6196836683668 1.7602082947239346e-23
467.7186759175917 1.7598690576411667e-23
467.81766816681665 1.759529950766386e-23
467.91666041604157 1.759190974024977e-23
468.0156526652665 1.7588521273423784e-23
468.1146449144914 1.758513410644089e-23
468.2136371637163 1.758174823855661e-23
468.31262941294125 1.7578363669027074e-23
468.41162166216617 1.7574980397108913e-23
468.5106139113911 1.7571598422059388e-23
468.609606160616 1.7568217743136294e-23
468.70859840984093 1.7564838359597978e-23
468.80759065906585 1.756146027070338e-23
468.9065829082908 1.7558083475711967e-23
469.0055751575157 1.7554707973883805e-23
469.1045674067406 1.7551333764479493e-23
469.20355965596553 1.7547960846760202e-23
469.30255190519046 1.754458921998766e-23
469.4015441544154 1.7541218883424156e-23
469.5005364036403 1.7537849836332546e-23
469.5995286528652 1.753448207797623e-23
469.69852090209014 1.753111560761918e-23
469.79751315131506 1.7527750424525902e-23
469.89650540054004 1.75243865279615e-23
469.99549764976496 1.7521023917191598e-23
470.0944898989899 1.7517662591482392e-23
470.1934821482148 1.7514302550100625e-23
470.2924743974397 1.751094379231361e-23
470.39146664666464 1.7507586317389192e-23
470.49045889588956 1.75042301245958e-23
470.5894511451145 1.7500875213202385e-23
470.6884433943394 1.7497521582478468e-23
470.7874356435643 1.7494169231694118e-23
470.88642789278924 1.7490818160119963e-23
470.98542014201416 1.7487468367027176e-23
471.0844123912391 1.7484119851687476e-23
471.183404640464 1.7480772613373142e-23
471.2823968896889 1.7477426651356993e-23
471.38138913891385 1.7474081964912407e-23
471.48038138813877 1.7470738553313312e-23
471.5793736373637 1.7467396415834178e-23
471.6783658865886 1.746405555175001e-23
471.77735813581353 1.7460715960336382e-23
471.87635038503845 1.7457377640869414e-23
471.97534263426337 1.7454040592625754e-23
472.0743348834883 1.7450704814882605e-23
472.1733271327132 1.7447370306917734e-23
472.27231938193813 1.7444037068009417e-23
472.37131163116305 1.7440705097436497e-23
472.470303880388 1.7437374394478356e-23
472.5692961296129 1.743404495841493e-23
472.6682883788378 1.7430716788526672e-23
472.76728062806274 1.7427389884094597e-23
472.86627287728766 1.7424064244400252e-23
472.96526512651263 1.742073986872574e-23
473.06425737573755 1.7417416756353684e-23
473.1632496249625 1.741409490656727e-23
473.2622418741874 1.7410774318650195e-23
473.3612341234123 1.740745499188672e-23
473.46022637263724 1.7404136925561635e-23
473.55921862186216 1.7400820118960265e-23
473.6582108710871 1.739750457136848e-23
473.757203120312 1.7394190282072678e-23
473.8561953695369 1.7390877250359806e-23
473.95518761876184 1.738756547551733e-23
474.05417986798676 1.7384254956833273e-23
474.1531721172117 1.7380945693596175e-23
474.2521643664366 1.7377637685095113e-23
474.3511566156615 1.7374330930619712e-23
474.45014886488644 1.737102542946011e-23
474.54914111411136 1.7367721180906993e-23
474.6481333633363 1.7364418184251582e-23
474.7471256125612 1.7361116438785618e-23
474.8461178617861 1.7357815943801365e-23
474.94511011101105 1.735451669859165e-23
475.04410236023597 1.7351218702449804e-23
475.1430946094609 1.7347921954669706e-23
475.2420868586858 1.7344626454545744e-23
475.34107910791073 1.7341332201372854e-23
475.44007135713565 1.7338039194446482e-23
475.53906360636057 1.7334747433062627e-23
475.6380558555855 1.733145691651779e-23
475.7370481048104 1.7328167644109013e-23
475.83604035403533 1.732487961513387e-23
475.93503260326025 1.7321592828890445e-23
476.03402485248523 1.7318307284677357e-23
476.13301710171015 1.731502298179376e-23
476.2320093509351 1.7311739919539306e-23
476.33100160016 1.7308458097214195e-23
476.4299938493849 1.730517751411914e-23
476.52898609860983 1.7301898169555388e-23
476.62797834783476 1.7298620062824688e-23
476.7269705970597 1.7295343193229338e-23
476.8259628462846 1.7292067560072128e-23
476.9249550955095 1.72887931626564e-23
477.02394734473444 1.7285520000285988e-23
477.12293959395936 1.7282248072265273e-23
477.2219318431843 1.7278977377899133e-23
477.3209240924092 1.727570791649298e-23
477.4199163416341 1.7272439687352747e-23
477.51890859085904 1.726917268978486e-23
477.61790084008396 1.7265906923096295e-23
477.7168930893089 1.7262642386594534e-23
477.8158853385338 1.7259379079587562e-23
477.9148775877587 1.7256117001383907e-23
478.01386983698364 1.7252856151292583e-23
478.11286208620857 1.7249596528623147e-23
478.2118543354335 1.7246338132685644e-23
478.3108465846584 1.7243080962790662e-23
478.4098388338833 1.7239825018249285e-23
478.50883108310825 1.7236570298373112e-23
478.60782333233317 1.7233316802474263e-23
478.7068155815581 1.723006452986536e-23
478.805807830783 1.722681347985955e-23
478.90480008000793 1.722356365177047e-23
479.00379232923285 1.7220315044912305e-23
479.10278457845783 1.7217067658599703e-23
479.20177682768275 1.7213821492147867e-23
479.30076907690767 1.721057654487248e-23
479.3997613261326 1.720733281608975e-23
479.4987535753575 1.7204090305116385e-23
479.59774582458243 1.720084901126961e-23
479.69673807380735 1.7197608933867144e-23
479.7957303230323 1.7194370072227232e-23
479.8947225722572 1.7191132425668608e-23
479.9937148214821 1.718789599351053e-23
480.09270707070704 1.7184660775072746e-23
480.19169931993196 1.7181426769675506e-23
480.2906915691569 1.7178193976639596e-23
480.3896838183818 1.717496239528628e-23
480.4886760676067 1.717173202493732e-23
480.58766831683164 1.716850286491501e-23
480.68666056605656 1.716527491454212e-23
480.7856528152815 1.7162048173141936e-23
480.8846450645064 1.7158822640038248e-23
480.9836373137313 1.715559831455534e-23
481.08262956295624 1.7152375196018006e-23
481.18162181218116 1.7149153283751533e-23
481.2806140614061 1.7145932577081712e-23
481.379606310631 1.714271307533484e-23
481.4785985598559 1.7139494777837697e-23
481.57759080908085 1.713627768391757e-23
481.67658305830577 1.7133061792902258e-23
481.7755753075307 1.712984710412004e-23
481.8745675567556 1.712663361689971e-23
481.9735598059805 1.7123421330570538e-23
482.07255205520545 1.7120210244462303e-23
482.17154430443037 1.7117000357905281e-23
482.27053655365535 1.7113791670230243e-23
482.36952880288027 1.711058418076845e-23
482.4685210521052 1.7107377888851674e-23
482.5675133013301 1.710417279381216e-23
482.66650555055503 1.7100968894982657e-23
482.76549779977995 1.7097766191696417e-23
482.86449004900487 1.7094564683287155e-23
482.9634822982298 1.7091364369089115e-23
483.0624745474547 1.708816524843702e-23
483.16146679667963 1.7084967320666074e-23
483.26045904590455 1.708177058511199e-23
483.3594512951295 1.7078575041110947e-23
483.4584435443544 1.7075380687999642e-23
483.5574357935793 1.707218752511524e-23
483.65642804280424 1.706899555179542e-23
483.75542029202916 1.7065804767378328e-23
483.8544125412541 1.7062615171202596e-23
483.953404790479 1.705942676260737e-23
484.0523970397039 1.705623954093226e-23
484.15138928892884 1.705305350551737e-23
484.25038153815376 1.70498686557033e-23
484.3493737873787 1.7046684990831124e-23
484.4483660366036 1.7043502510242397e-23
484.5473582858285 1.7040321213279188e-23
484.64635053505344 1.7037141099284006e-23
484.74534278427836 1.7033962167599893e-23
484.8443350335033 1.7030784417570344e-23
484.9433272827282 1.7027607848539354e-23
485.0423195319531 1.7024432459851382e-23
485.14131178117805 1.702125825085138e-23
485.24030403040297 1.7018085220884798e-23
485.33929627962794 1.7014913369297538e-23
485.43828852885287 1.7011742695436016e-23
485.5372807780778 1.7008573198647096e-23
485.6362730273027 1.7005404878278146e-23
485.7352652765276 1.7002237733677008e-23
485.83425752575255 1.699907176419201e-23
485.93324977497747 1.6995906969171933e-23
486.0322420242024 1.6992743347966068e-23
486.1312342734273 1.6989580899924178e-23
486.23022652265223 1.6986419624396493e-23
486.32921877187715 1.698325952073372e-23
486.4282110211021 1.6980100588287056e-23
486.527203270327 1.6976942826408167e-23
486.6261955195519 1.697378623444919e-23
486.72518776877683 1.697063081176275e-23
486.82418001800175 1.6967476557701947e-23
486.9231722672267 1.696432347162033e-23
487.0221645164516 1.696117155287197e-23
487.1211567656765 1.695802080081136e-23
487.22014901490144 1.695487121479351e-23
487.31914126412636 1.6951722794173858e-23
487.4181335133513 1.6948575538308373e-23
487.5171257625762 1.6945429446553452e-23
487.6161180118011 1.694228451826597e-23
487.71511026102604 1.6939140752803296e-23
487.81410251025096 1.693599814952323e-23
487.9130947594759 1.693285670778409e-23
488.0120870087008 1.6929716426944624e-23
488.1110792579257 1.6926577306364086e-23
488.21007150715064 1.6923439345402156e-23
488.30906375637556 1.6920302543419025e-23
488.40805600560054 1.6917166899775325e-23
488.50704825482546 1.6914032413832173e-23
488.6060405040504 1.6910899084951148e-23
488.7050327532753 1.6907766912494282e-23
488.8040250025002 1.6904635895824092e-23
488.90301725172515 1.6901506034303558e-23
489.00200950095007 1.6898377327296115e-23
489.101001750175 1.689524977416569e-23
489.1999939993999 1.6892123374276638e-23
489.29898624862483 1.6888998126993813e-23
489.39797849784975 1.688587403168251e-23
489.49697074707467 1.6882751087708486e-23
489.5959629962996 1.687962929443799e-23
489.6949552455245 1.6876508651237696e-23
489.79394749474943 1.6873389157474786e-23
489.89293974397435 1.6870270812516855e-23
489.9919319931993 1.6867153615731984e-23
490.0909242424242 1.6864037566488726e-23
490.1899164916491 1.686092266415607e-23
490.28890874087404 1.6857808908103488e-23
490.38790099009896 1.68546962977009e-23
490.4868932393239 1.6851584832318685e-23
490.5858854885488 1.6848474511327686e-23
490.6848777377737 1.6845365334099203e-23
490.78386998699864 1.684225730000499e-23
490.88286223622356 1.6839150408417266e-23
490.9818544854485 1.6836044658708715e-23
491.0808467346734 1.6832940050252448e-23
491.1798389838983 1.6829836582422065e-23
491.27883123312324 1.6826734254591615e-23
491.37782348234816 1.6823633066135573e-23
491.4768157315731 1.6820533016428927e-23
491.57580798079806 1.6817434104847064e-23
491.674800230023 1.6814336330765861e-23
491.7737924792479 1.6811239693561628e-23
491.8727847284728 1.680814419261115e-23
491.97177697769774 1.6805049827291645e-23
492.07076922692266 1.680195659698079e-23
492.1697614761476 1.6798864501056727e-23
492.2687537253725 1.679577353889803e-23
492.3677459745974 1.679268370988374e-23
492.46673822382235 1.6789595013393345e-23
492.56573047304727 1.6786507448806788e-23
492.6647227222722 1.6783421015504442e-23
492.7637149714971 1.6780335712867165e-23
492.86270722072203 1.6777251540276224e-23
492.96169946994695 1.6774168497113386e-23
493.06069171917187 1.6771086582760813e-23
493.1596839683968 1.6768005796601148e-23
493.2586762176217 1.6764926138017483e-23
493.35766846684663 1.6761847606393335e-23
493.45666071607155 1.6758770201112696e-23
493.5556529652965 1.6755693921559985e-23
493.6546452145214 1.6752618767120075e-23
493.7536374637463 1.6749544737178294e-23
493.85262971297124 1.6746471831120382e-23
493.95162196219616 1.6743400048332566e-23
494.0506142114211 1.6740329388201503e-23
494.149606460646 1.6737259850114283e-23
494.2485987098709 1.6734191433458454e-23
494.34759095909584 1.6731124137621996e-23
494.44658320832076 1.6728057961993346e-23
494.5455754575457 1.6724992905961374e-23
494.64456770677066 1.672192896891539e-23
494.7435599559956 1.6718866150245156e-23
494.8425522052205 1.6715804449340877e-23
494.9415444544454 1.6712743865593177e-23
495.04053670367034 1.670968439839316e-23
495.13952895289526 1.670662604713233e-23
495.2385212021202 1.6703568811202647e-23
495.3375134513451 1.670051268999652e-23
495.43650570057 1.6697457682906798e-23
495.53549794979494 1.6694403789326748e-23
495.63449019901987 1.669135100865009e-23
495.7334824482448 1.668829934027098e-23
495.8324746974697 1.6685248783584015e-23
495.9314669466946 1.6682199337984226e-23
496.03045919591955 1.6679151002867085e-23
496.12945144514447 1.6676103777628488e-23
496.2284436943694 1.6673057661664783e-23
496.3274359435943 1.667001265437275e-23
496.42642819281923 1.6666968755149594e-23
496.52542044204415 1.666392596339296e-23
496.6244126912691 1.6660884278500934e-23
496.723404940494 1.665784369987204e-23
496.8223971897189 1.6654804226905223e-23
496.92138943894383 1.6651765858999862e-23
497.02038168816875 1.664872859555577e-23
497.1193739373937 1.6645692435973216e-23
497.2183661866186 1.664265737965286e-23
497.3173584358435 1.663962342599582e-23
497.41635068506844 1.6636590574403646e-23
497.51534293429336 1.6633558824278317e-23
497.6143351835183 1.6630528175022222e-23
497.71332743274326 1.6627498626038218e-23
497.8123196819682 1.6624470176729563e-23
497.9113119311931 1.6621442826499963e-23
498.010304180418 1.6618416574753533e-23
498.10929642964294 1.6615391420894825e-23
498.20828867886786 1.6612367364328823e-23
498.3072809280928 1.6609344404460955e-23
498.4062731773177 1.660632254069704e-23
498.5052654265426 1.6603301772443356e-23
498.60425767576754 1.6600282099106578e-23
498.70324992499246 1.659726352009385e-23
498.8022421742174 1.6594246034812696e-23
498.9012344234423 1.6591229642671103e-23
499.0002266726672 1.6588214343077465e-23
499.09921892189215 1.6585200135440593e-23
499.19821117111707 1.6582187019169742e-23
499.297203420342 1.6579174993674577e-23
499.3961956695669 1.65761640583652e-23
499.4951879187918 1.6573154212652112e-23
499.59418016801675 1.657014545594628e-23
499.69317241724167 1.6567137787659042e-23
499.7921646664666 1.6564131207202202e-23
499.8911569156915 1.6561125713987954e-23
499.99014916491643 1.6558121307428937e-23
500.08914141414135 1.6555117986938204e-23
500.1881336633663 1.6552115751929214e-23
500.2871259125912 1.654911460181586e-23
500.3861181618161 1.654611453601247e-23
500.48511041104103 1.6543115553933757e-23
500.58410266026596 1.6540117654994892e-23
500.6830949094909 1.6537120838611415e-23
500.78208715871585 1.653412510419934e-23
500.8810794079408 1.6531130451175067e-23
500.9800716571657 1.6528136878955417e-23
501.0790639063906 1.6525144386957636e-23
501.17805615561554 1.652215297459938e-23
501.27704840484046 1.651916264129873e-23
501.3760406540654 1.6516173386474166e-23
501.4750329032903 1.651318520954461e-23
501.5740251525152 1.651019810992938e-23
501.67301740174014 1.6507212087048212e-23
501.77200965096506 1.6504227140321266e-23
501.87100190019 1.6501243269169106e-23
501.9699941494149 1.6498260473012717e-23
502.0689863986398 1.6495278751273492e-23
502.16797864786474 1.6492298103373242e-23
502.26697089708966 1.6489318528734188e-23
502.3659631463146 1.648634002677897e-23
502.4649553955395 1.6483362596930628e-23
502.5639476447644 1.648038623861264e-23
502.66293989398935 1.647741095124885e-23
502.76193214321427 1.647443673426356e-23
502.8609243924392 1.6471463587081452e-23
502.9599166416641 1.6468491509127642e-23
503.05890889088903 1.6465520499827628e-23
503.15790114011395 1.646255055860735e-23
503.25689338933887 1.6459581684893125e-23
503.3558856385638 1.645661387811171e-23
503.4548778877887 1.6453647137690248e-23
503.55387013701363 1.6450681463056292e-23
503.65286238623855 1.6447716853637814e-23
503.7518546354635 1.6444753308863196e-23
503.8508468846884 1.6441790828161205e-23
503.9498391339134 1.6438829410961042e-23
504.0488313831383 1.6435869056692297e-23
504.1478236323632 1.6432909764784968e-23
504.24681588158813 1.6429951534669465e-23
504.34580813081305 1.6426994365776606e-23
504.444800380038 1.642403825753759e-23
504.5437926292629 1.642108320938406e-23
504.6427848784878 1.6418129220748025e-23
504.74177712771274 1.641517629106193e-23
504.84076937693766 1.641222441975859e-23
504.9397616261626 1.6409273606271263e-23
505.0387538753875 1.6406323850033582e-23
505.1377461246124 1.6403375150479575e-23
505.23673837383734 1.6400427507043716e-23
505.33573062306226 1.6397480919160822e-23
505.4347228722872 1.6394535386266154e-23
505.5337151215121 1.6391590907795362e-23
505.632707370737 1.6388647483184495e-23
505.73169961996194 1.638570511187e-23
505.83069186918686 1.6382763793288726e-23
505.9296841184118 1.6379823526877936e-23
506.0286763676367 1.6376884312075267e-23
506.1276686168616 1.6373946148318762e-23
506.22666086608655 1.6371009035046885e-23
506.32565311531147 1.6368072971698475e-23
506.4246453645364 1.6365137957712772e-23
506.5236376137613 1.6362203992529416e-23
506.62262986298623 1.6359271075588445e-23
506.72162211221115 1.6356339206330298e-23
506.82061436143607 1.635340838419581e-23
506.919606610661 1.6350478608626188e-23
507.01859885988597 1.634754987906309e-23
507.1175911091109 1.6344622194948503e-23
507.2165833583358 1.6341695555724862e-23
507.31557560756073 1.6338769960834962e-23
507.41456785678565 1.633584540972202e-23
507.5135601060106 1.633292190182962e-23
507.6125523552355 1.6329999436601767e-23
507.7115446044604 1.6327078013482832e-23
507.81053685368533 1.6324157631917607e-23
507.90952910291026 1.632123829135125e-23
508.0085213521352 1.6318319991229332e-23
508.1075136013601 1.6315402730997803e-23
508.206505850585 1.6312486510103012e-23
508.30549809980994 1.63095713279917e-23
508.40449034903486 1.630665718411099e-23
508.5034825982598 1.6303744077908407e-23
508.6024748474847 1.630083200883185e-23
508.7014670967096 1.6297920976329636e-23
508.80045934593454 1.6295010979850442e-23
508.89945159515946 1.6292102018843353e-23
508.9984438443844 1.6289194092757835e-23
509.0974360936093 1.6286287201043743e-23
509.1964283428342 1.6283381343151325e-23
509.29542059205914 1.6280476518531204e-23
509.39441284128407 1.6277572726634404e-23
509.493405090509 1.6274669966912348e-23
509.5923973397339 1.627176823881681e-23
509.6913895889588 1.6268867541799977e-23
509.79038183818375 1.626596787531442e-23
509.88937408740867 1.626306923881309e-23
509.9883663366336 1.6260171631749318e-23
510.08735858585857 1.625727505357684e-23
510.1863508350835 1.625437950374976e-23
510.2853430843084 1.6251484981722566e-23
510.38433533353333 1.624859148695014e-23
510.48332758275825 1.624569901888774e-23
510.58231983198317 1.6242807576991012e-23
510.6813120812081 1.6239917160715985e-23
510.780304330433 1.623702776951907e-23
510.87929657965793 1.6234139402857057e-23
510.97828882888285 1.623125206018713e-23
511.0772810781078 1.6228365740966826e-23
511.1762733273327 1.6225480444654108e-23
511.2752655765576 1.6222596170707283e-23
511.37425782578254 1.6219712918585042e-23
511.47325007500746 1.6216830687746493e-23
511.5722423242324 1.6213949477651073e-23
511.6712345734573 1.6211069287758628e-23
511.7702268226822 1.6208190117529385e-23
511.86921907190714 1.6205311966423943e-23
511.96821132113206 1.620243483390328e-23
512.067203570357 1.619955871942875e-23
512.166195819582 1.6196683622462085e-23
512.2651880688069 1.6193809542465406e-23
512.3641803180318 1.6190936478901207e-23
512.4631725672567 1.6188064431232343e-23
512.5621648164816 1.618519339892207e-23
512.6611570657066 1.6182323381434e-23
512.7601493149315 1.617945437823214e-23
512.8591415641564 1.6176586388780856e-23
512.9581338133813 1.61737194125449e-23
513.0571260626062 1.6170853448989393e-23
513.1561183118312 1.6167988497579844e-23
513.2551105610561 1.6165124557782113e-23
513.354102810281 1.616226162906246e-23
513.4530950595059 1.6159399710887496e-23
513.5520873087308 1.615653880272422e-23
513.6510795579558 1.6153678904040008e-23
513.7500718071807 1.6150820014302594e-23
513.8490640564056 1.61479621329801e-23
513.9480563056305 1.6145105259540997e-23
514.0470485548555 1.6142249393454152e-23
514.1460408040804 1.6139394534188806e-23
514.2450330533053 1.613654068121454e-23
514.3440253025302 1.6133687834001343e-23
514.4430175517551 1.613083599201955e-23
514.54200980098 1.6127985154739876e-23
514.641002050205 1.6125135321633398e-23
514.7399942994299 1.6122286492171593e-23
514.8389865486548 1.611943866582625e-23
514.9379787978797 1.611659184206958e-23
515.0369710471047 1.6113746020374146e-23
515.1359632963296 1.6110901200212862e-23
515.2349555455545 1.6108057381059042e-23
515.3339477947794 1.610521456238634e-23
515.4329400440043 1.6102372743668788e-23
515.5319322932293 1.6099531924380791e-23
515.6309245424542 1.6096692103997108e-23
515.7299167916791 1.6093853281992874e-23
515.828909040904 1.6091015457843596e-23
515.927901290129 1.6088178631025128e-23
516.0268935393539 1.6085342801013697e-23
516.1258857885788 1.6082507967285918e-23
516.2248780378037 1.6079674129318728e-23
516.3238702870287 1.6076841286589463e-23
516.4228625362537 1.607400943857581e-23
516.5218547854786 1.6071178584755827e-23
516.6208470347035 1.606834872460793e-23
516.7198392839284 1.6065519857610902e-23
516.8188315331533 1.6062691983243872e-23
516.9178237823783 1.6059865100986354e-23
517.0168160316032 1.6057039210318218e-23
517.1158082808281 1.6054214310719694e-23
517.214800530053 1.605139040167137e-23
517.313792779278 1.6048567482654205e-23
517.4127850285029 1.6045745553149518e-23
517.5117772777278 1.6042924612638974e-23
517.6107695269527 1.6040104660604607e-23
517.7097617761776 1.6037285696528826e-23
517.8087540254025 1.6034467719894383e-23
517.9077462746275 1.6031650730184382e-23
518.0067385238524 1.6028834726882314e-23
518.1057307730773 1.6026019709472007e-23
518.2047230223022 1.6023205677437648e-23
518.3037152715272 1.6020392630263792e-23
518.4027075207521 1.6017580567435354e-23
518.501699769977 1.6014769488437587e-23
518.6006920192019 1.6011959392756135e-23
518.6996842684268 1.6009150279876962e-23
518.7986765176518 1.6006342149286407e-23
518.8976687668767 1.6003535000471174e-23
518.9966610161016 1.600072883291831e-23
519.0956532653265 1.5997923646115214e-23
519.1946455145514 1.599511943954966e-23
519.2936377637764 1.599231621270976e-23
519.3926300130013 1.598951396508398e-23
519.4916222622262 1.598671269616116e-23
519.5906145114511 1.5983912405430472e-23
519.689606760676 1.5981113092381447e-23
519.788599009901 1.5978314756503983e-23
519.8875912591259 1.5975517397288326e-23
519.9865835083508 1.5972721014225053e-23
520.0855757575757 1.5969925606805133e-23
520.1845680068006 1.5967131174519854e-23
520.2835602560256 1.596433771686088e-23
520.3825525052505 1.5961545233320198e-23
520.4815447544754 1.5958753723390188e-23
520.5805370037003 1.5955963186563537e-23
520.6795292529252 1.5953173622333312e-23
520.7785215021502 1.5950385030192922e-23
520.8775137513751 1.5947597409636138e-23
520.9765060006 1.5944810760157047e-23
521.0754982498249 1.5942025081250128e-23
521.1744904990499 1.5939240372410187e-23
521.2734827482748 1.593645663313237e-23
521.3724749974997 1.59336738629122e-23
521.4714672467246 1.5930892061245533e-23
521.5704594959495 1.592811122762855e-23
521.6694517451745 1.5925331361557833e-23
521.7684439943994 1.592255246253026e-23
521.8674362436243 1.5919774530043095e-23
521.9664284928492 1.5916997563593915e-23
522.0654207420741 1.591422156268067e-23
522.1644129912991 1.5911446526801653e-23
522.2634052405241 1.5908672455455493e-23
522.362397489749 1.5905899348141163e-23
522.4613897389739 1.5903127204358e-23
522.5603819881989 1.5900356023605665e-23
522.6593742374238 1.589758580538418e-23
522.7583664866487 1.5894816549193907e-23
522.8573587358736 1.589204825453554e-23
522.9563509850985 1.5889280920910133e-23
523.0553432343235 1.5886514547819086e-23
523.1543354835484 1.5883749134764128e-23
523.2533277327733 1.5880984681247336e-23
523.3523199819982 1.587822118677114e-23
523.4513122312231 1.5875458650838297e-23
523.5503044804481 1.5872697072951922e-23
523.649296729673 1.5869936452615456e-23
523.7482889788979 1.5867176789332697e-23
523.8472812281228 1.5864418082607775e-23
523.9462734773477 1.5861660331945164e-23
524.0452657265727 1.585890353684968e-23
524.1442579757976 1.5856147696826475e-23
524.2432502250225 1.585339281138105e-23
524.3422424742474 1.5850638880019237e-23
524.4412347234723 1.584788590224721e-23
524.5402269726973 1.5845133877571484e-23
524.6392192219222 1.5842382805498914e-23
524.7382114711471 1.5839632685536696e-23
524.837203720372 1.583688351719236e-23
524.936195969597 1.583413529997377e-23
525.0351882188219 1.583138803338914e-23
525.1341804680468 1.582864171694701e-23
525.2331727172717 1.5825896350156265e-23
525.3321649664966 1.582315193252613e-23
525.4311572157216 1.5820408463566156e-23
525.5301494649465 1.5817665942786236e-23
525.6291417141714 1.58149243696966e-23
525.7281339633963 1.581218374380782e-23
525.8271262126212 1.580944406463078e-23
525.9261184618462 1.5806705331676732e-23
526.0251107110711 1.5803967544457248e-23
526.124102960296 1.580123070248422e-23
526.2230952095209 1.5798494805269908e-23
526.3220874587458 1.5795759852326877e-23
526.4210797079708 1.5793025843168033e-23
526.5200719571957 1.5790292777306624e-23
526.6190642064206 1.5787560654256222e-23
526.7180564556455 1.5784829473530742e-23
526.8170487048704 1.578209923464442e-23
526.9160409540954 1.5779369937111838e-23
527.0150332033203 1.5776641580447895e-23
527.1140254525453 1.577391416416783e-23
527.2130177017702 1.577118768778722e-23
527.3120099509952 1.5768462150821973e-23
527.4110022002201 1.5765737552788304e-23
527.509994449445 1.5763013893202794e-23
527.6089866986699 1.5760291171582325e-23
527.7079789478948 1.5757569387444133e-23
527.8069711971198 1.5754848540305762e-23
527.9059634463447 1.575212862968511e-23
528.0049556955696 1.574940965510037e-23
528.1039479447945 1.5746691616070108e-23
528.2029401940194 1.574397451211318e-23
528.3019324432444 1.5741258342748794e-23
528.4009246924693 1.573854310749648e-23
528.4999169416942 1.5735828805876097e-23
528.5989091909191 1.573311543740782e-23
528.697901440144 1.5730403001612172e-23
528.796893689369 1.5727691498009976e-23
528.8958859385939 1.5724980926122426e-23
528.9948781878188 1.5722271285470992e-23
529.0938704370437 1.57195625755775e-23
529.1928626862687 1.5716854795964096e-23
529.2918549354936 1.5714147946153254e-23
529.3908471847185 1.5711442025667765e-23
529.4898394339434 1.570873703403076e-23
529.5888316831683 1.570603297076568e-23
529.6878239323933 1.57033298353963e-23
529.7868161816182 1.5700627627446716e-23
529.8858084308431 1.5697926346441346e-23
529.984800680068 1.5695225991904928e-23
530.0837929292929 1.5692526563362545e-23
530.1827851785179 1.5689828060339582e-23
530.2817774277428 1.5687130482361755e-23
530.3807696769677 1.5684433828955097e-23
530.4797619261926 1.5681738099645972e-23
530.5787541754175 1.5679043293961054e-23
530.6777464246425 1.5676349411427364e-23
530.7767386738674 1.5673656451572207e-23
530.8757309230923 1.5670964413923245e-23
530.9747231723172 1.566827329800844e-23
531.0737154215421 1.5665583103356084e-23
531.1727076707671 1.566289382949479e-23
531.271699919992 1.5660205475953475e-23
531.3706921692169 1.5657518042261406e-23
531.4696844184418 1.565483152794814e-23
531.5686766676668 1.5652145932543577e-23
531.6676689168917 1.5649461255577917e-23
531.7666611661166 1.5646777496581697e-23
531.8656534153415 1.5644094655085752e-23
531.9646456645664 1.564141273062126e-23
532.0636379137914 1.5638731722719697e-23
532.1626301630163 1.563605163091286e-23
532.2616224122412 1.5633372454732873e-23
532.3606146614661 1.563069419371218e-23
532.459606910691 1.562801684738352e-23
532.558599159916 1.562534041527997e-23
532.6575914091409 1.5622664896934918e-23
532.7565836583658 1.561999029188207e-23
532.8555759075907 1.5617316599655433e-23
532.9545681568156 1.561464381978935e-23
533.0535604060406 1.5611971951818472e-23
533.1525526552655 1.5609300995277767e-23
533.2515449044904 1.5606630949702513e-23
533.3505371537154 1.56039618146283e-23
533.4495294029404 1.5601293589591045e-23
533.5485216521653 1.5598626274126968e-23
533.6475139013902 1.5595959867772612e-23
533.7465061506151 1.559329437006482e-23
533.84549839984 1.5590629780540762e-23
533.944490649065 1.5587966098737915e-23
534.0434828982899 1.558530332419407e-23
534.1424751475148 1.5582641456447338e-23
534.2414673967397 1.5579980495036113e-23
534.3404596459646 1.5577320439499152e-23
534.4394518951896 1.557466128937548e-23
534.5384441444145 1.5572003044204443e-23
534.6374363936394 1.5569345703525712e-23
534.7364286428643 1.556668926687926e-23
534.8354208920892 1.556403373380537e-23
534.9344131413142 1.556137910384464e-23
535.0334053905391 1.5558725376537958e-23
535.132397639764 1.555607255142657e-23
535.2313898889889 1.5553420628051968e-23
535.3303821382138 1.5550769605956005e-23
535.4293743874388 1.5548119484680825e-23
535.5283666366637 1.5545470263768877e-23
535.6273588858886 1.554282194276292e-23
535.7263511351135 1.5540174521206023e-23
535.8253433843385 1.553752799864157e-23
535.9243356335634 1.5534882374613242e-23
536.0233278827883 1.553223764866503e-23
536.1223201320132 1.5529593820341233e-23
536.2213123812381 1.5526950889186467e-23
536.320304630463 1.5524308854745643e-23
536.419296879688 1.5521667716563982e-23
536.5182891289129 1.5519027474187007e-23
536.6172813781378 1.5516388127160563e-23
536.7162736273627 1.5513749675030778e-23
536.8152658765877 1.5511112117344104e-23
536.9142581258126 1.5508475453647285e-23
537.0132503750375 1.5505839683487386e-23
537.1122426242624 1.550320480641175e-23
537.2112348734873 1.5500570821968063e-23
537.3102271227123 1.5497937729704283e-23
537.4092193719372 1.5495305529168688e-23
537.5082116211621 1.5492674219909848e-23
537.607203870387 1.549004380147665e-23
537.706196119612 1.5487414273418275e-23
537.8051883688369 1.5484785635284208e-23
537.9041806180618 1.548215788662424e-23
538.0031728672867 1.5479531026988467e-23
538.1021651165116 1.547690505592728e-23
538.2011573657365 1.5474279972991376e-23
538.3001496149615 1.5471655777731756e-23
538.3991418641864 1.5469032469699717e-23
538.4981341134113 1.5466410048446854e-23
538.5971263626362 1.5463788513525083e-23
538.6961186118612 1.5461167864486595e-23
538.7951108610861 1.5458548100883898e-23
538.894103110311 1.5455929222269797e-23
538.9930953595359 1.5453311228197397e-23
539.0920876087608 1.5450694118220092e-23
539.1910798579858 1.5448077891891597e-23
539.2900721072107 1.5445462548765902e-23
539.3890643564356 1.544284808839732e-23
539.4880566056606 1.544023451034044e-23
539.5870488548856 1.5437621814150168e-23
539.6860411041105 1.5435009999381704e-23
539.7850333533354 1.5432399065590534e-23
539.8840256025603 1.5429789012332452e-23
539.9830178517852 1.542717983916355e-23
540.0820101010102 1.542457154564022e-23
540.1810023502351 1.5421964131319135e-23
540.27999459946 1.541935759575729e-23
540.3789868486849 1.5416751938511948e-23
540.4779790979098 1.5414147159140694e-23
540.5769713471348 1.5411543257201394e-23
540.6759635963597 1.5408940232252212e-23
540.7749558455846 1.5406338083851614e-23
540.8739480948095 1.5403736811558346e-23
540.9729403440344 1.5401136414931478e-23
541.0719325932594 1.539853689353034e-23
541.1709248424843 1.5395938246914576e-23
541.2699170917092 1.5393340474644122e-23
541.3689093409341 1.5390743576279216e-23
541.467901590159 1.5388147551380373e-23
541.566893839384 1.5385552399508404e-23
541.6658860886089 1.5382958120224426e-23
541.7648783378338 1.5380364713089848e-23
541.8638705870587 1.5377772177666353e-23
541.9628628362836 1.5375180513515942e-23
542.0618550855086 1.537258972020089e-23
542.1608473347335 1.5369999797283768e-23
542.2598395839584 1.5367410744327443e-23
542.3588318331833 1.536482256089507e-23
542.4578240824083 1.5362235246550095e-23
542.5568163316332 1.5359648800856265e-23
542.6558085808581 1.5357063223377608e-23
542.754800830083 1.5354478513678447e-23
542.8537930793079 1.5351894671323376e-23
542.9527853285329 1.5349311695877316e-23
543.0517775777578 1.5346729586905445e-23
543.1507698269827 1.5344148343973262e-23
543.2497620762076 1.5341567966646514e-23
543.3487543254325 1.5338988454491275e-23
543.4477465746575 1.5336409807073889e-23
543.5467388238824 1.5333832023960996e-23
543.6457310731073 1.5331255104719518e-23
543.7447233223322 1.5328679048916672e-23
543.8437155715571 1.532610385611996e-23
543.9427078207821 1.532352952589718e-23
544.041700070007 1.532095605781639e-23
544.1406923192319 1.5318383451445966e-23
544.2396845684568 1.5315811706354563e-23
544.3386768176817 1.5313240822111113e-23
544.4376690669067 1.531067079828484e-23
544.5366613161316 1.530810163444527e-23
544.6356535653565 1.530553333016218e-23
544.7346458145814 1.5302965885005672e-23
544.8336380638063 1.5300399298546096e-23
544.9326303130313 1.5297833570354127e-23
545.0316225622562 1.5295268700000695e-23
545.1306148114811 1.5292704687057022e-23
545.229607060706 1.5290141531094625e-23
545.328599309931 1.5287579231685283e-23
545.4275915591559 1.5285017788401093e-23
545.5265838083808 1.5282457200814403e-23
545.6255760576057 1.5279897468497873e-23
545.7245683068307 1.5277338591024415e-23
545.8235605560557 1.527478056796726e-23
545.9225528052806 1.527222339889988e-23
546.0215450545055 1.5269667083396085e-23
546.1205373037304 1.5267111621029912e-23
546.2195295529554 1.5264557011375712e-23
546.3185218021803 1.5262003254008117e-23
546.4175140514052 1.525945034850202e-23
546.5165063006301 1.5256898294432617e-23
546.615498549855 1.5254347091375384e-23
546.71449079908 1.5251796738906073e-23
546.8134830483049 1.5249247236600714e-23
546.9124752975298 1.524669858403561e-23
547.0114675467547 1.524415078078737e-23
547.1104597959796 1.5241603826432857e-23
547.2094520452046 1.5239057720549244e-23
547.3084442944295 1.5236512462713944e-23
547.4074365436544 1.5233968052504677e-23
547.5064287928793 1.5231424489499445e-23
547.6054210421042 1.522888177327651e-23
547.7044132913292 1.522633990341443e-23
547.8034055405541 1.5223798879492034e-23
547.902397789779 1.522125870108842e-23
548.0013900390039 1.521871936778298e-23
548.1003822882288 1.5216180879155386e-23
548.1993745374538 1.5213643234785577e-23
548.2983667866787 1.521110643425377e-23
548.3973590359036 1.5208570477140462e-23
548.4963512851285 1.5206035363026426e-23
548.5953435343534 1.5203501091492717e-23
548.6943357835784 1.5200967662120652e-23
548.7933280328033 1.5198435074491846e-23
548.8923202820282 1.5195903328188182e-23
548.9913125312531 1.5193372422791803e-23
549.090304780478 1.519084235788515e-23
549.189297029703 1.5188313133050924e-23
549.2882892789279 1.5185784747872118e-23
549.3872815281528 1.5183257201931976e-23
549.4862737773777 1.518073049481403e-23
549.5852660266027 1.51782046261021e-23
549.6842582758276 1.5175679595380252e-23
549.7832505250525 1.5173155402232855e-23
549.8822427742774 1.5170632046244525e-23
549.9812350235023 1.5168109527000178e-23
550.0802272727273 1.516558784408498e-23
550.1792195219522 1.516306699708439e-23
550.2782117711771 1.516054698558412e-23
550.377204020402 1.5158027809170165e-23
550.4761962696269 1.5155509467428798e-23
550.5751885188519 1.515299195994656e-23
550.6741807680768 1.515047528631025e-23
550.7731730173017 1.5147959446106974e-23
550.8721652665266 1.514544443892407e-23
550.9711575157515 1.5142930264349173e-23
551.0701497649765 1.5140416921970184e-23
551.1691420142014 1.513790441137526e-23
551.2681342634263 1.5135392732152855e-23
551.3671265126512 1.5132881883891668e-23
551.4661187618761 1.513037186618069e-23
551.5651110111011 1.512786267860916e-23
551.664103260326 1.5125354320766603e-23
551.7630955095509 1.5122846792242827e-23
551.8620877587759 1.5120340092627854e-23
551.9610800080009 1.5117834221512051e-23
552.0600722572258 1.5115329178486002e-23
552.1590645064507 1.5112824963140556e-23
552.2580567556756 1.511032157506688e-23
552.3570490049005 1.510781901385636e-23
552.4560412541255 1.5105317279100673e-23
552.5550335033504 1.510281637039175e-23
552.6540257525753 1.5100316287321818e-23
552.7530180018002 1.5097817029483328e-23
552.8520102510251 1.5095318596469038e-23
552.9510025002501 1.5092820987871948e-23
553.049994749475 1.5090324203285342e-23
553.1489869986999 1.5087828242302755e-23
553.2479792479248 1.5085333104518003e-23
553.3469714971498 1.508283878952516e-23
553.4459637463747 1.5080345296918563e-23
553.5449559955996 1.5077852626292814e-23
553.6439482448245 1.5075360777242798e-23
553.7429404940494 1.507286974936365e-23
553.8419327432744 1.507037954225077e-23
553.9409249924993 1.5067890155499813e-23
554.0399172417242 1.5065401588706734e-23
554.1389094909491 1.506291384146772e-23
554.237901740174 1.506042691337922e-23
554.336893989399 1.505794080403797e-23
554.4358862386239 1.5055455513040966e-23
554.5348784878488 1.5052971039985443e-23
554.6338707370737 1.505048738446893e-23
554.7328629862986 1.50480045460892e-23
554.8318552355236 1.5045522524444295e-23
554.9308474847485 1.5043041319132516e-23
555.0298397339734 1.504056092975244e-23
555.1288319831983 1.503808135590288e-23
555.2278242324232 1.5035602597182936e-23
555.3268164816482 1.5033124653191965e-23
555.4258087308731 1.503064752352958e-23
555.524800980098 1.502817120779565e-23
555.6237932293229 1.5025695705590324e-23
555.7227854785478 1.5023221016513976e-23
555.8217777277728 1.502074714016729e-23
555.9207699769977 1.5018274076151174e-23
556.0197622262226 1.5015801824066818e-23
556.1187544754475 1.5013330383515644e-23
556.2177467246725 1.5010859754099373e-23
556.3167389738974 1.5008389935419952e-23
556.4157312231223 1.5005920927079598e-23
556.5147234723472 1.5003452728680805e-23
556.6137157215721 1.500098533982629e-23
556.712707970797 1.499851876011906e-23
556.811700220022 1.4996052989162374e-23
556.9106924692469 1.499358802655973e-23
557.0096847184718 1.499112387191492e-23
557.1086769676967 1.4988660524831963e-23
557.2076692169217 1.498619798491516e-23
557.3066614661466 1.498373625176903e-23
557.4056537153715 1.49812753249984e-23
557.5046459645964 1.4978815204208313e-23
557.6036382138213 1.49763558890041e-23
557.7026304630463 1.497389737899133e-23
557.8016227122712 1.497143967377583e-23
557.9006149614961 1.4968982772963692e-23
557.999607210721 1.4966526676161253e-23
558.0985994599461 1.496407138297512e-23
558.197591709171 1.4961616893012142e-23
558.2965839583959 1.4959163205879426e-23
558.3955762076208 1.4956710321184346e-23
558.4945684568457 1.4954258238534525e-23
558.5935607060707 1.4951806957537823e-23
558.6925529552956 1.4949356477802384e-23
558.7915452045205 1.494690679893659e-23
558.8905374537454 1.4944457920549077e-23
558.9895297029703 1.494200984224874e-23
559.0885219521953 1.4939562563644736e-23
559.1875142014202 1.493711608434645e-23
559.2865064506451 1.4934670403963538e-23
559.38549869987 1.4932225522105924e-23
559.484490949095 1.4929781438383748e-23
559.5834831983199 1.4927338152407445e-23
559.6824754475448 1.4924895663787666e-23
559.7814676967697 1.4922453972135333e-23
559.8804599459946 1.4920013077061616e-23
559.9794521952196 1.4917572978177947e-23
560.0784444444445 1.4915133675095984e-23
560.1774366936694 1.491269516742767e-23
560.2764289428943 1.491025745478518e-23
560.3754211921192 1.4907820536780932e-23
560.4744134413442 1.490538441302763e-23
560.5734056905691 1.490294908313818e-23
560.672397939794 1.4900514546725774e-23
560.7713901890189 1.4898080803403845e-23
560.8703824382438 1.4895647852786083e-23
560.9693746874688 1.4893215694486407e-23
561.0683669366937 1.4890784328119004e-23
561.1673591859186 1.4888353753298313e-23
561.2663514351435 1.4885923969639003e-23
561.3653436843684 1.4883494976756016e-23
561.4643359335934 1.4881066774264527e-23
561.5633281828183 1.487863936177997e-23
561.6623204320432 1.4876212738918012e-23
561.7613126812681 1.4873786905294583e-23
561.860304930493 1.4871361860525867e-23
561.959297179718 1.486893760422827e-23
562.0582894289429 1.486651413601847e-23
562.1572816781678 1.4864091455513385e-23
562.2562739273927 1.4861669562330176e-23
562.3552661766176 1.4859248456086263e-23
562.4542584258426 1.4856828136399294e-23
562.5532506750675 1.4854408602887188e-23
562.6522429242924 1.485198985516808e-23
562.7512351735173 1.4849571892860387e-23
562.8502274227423 1.484715471558274e-23
562.9492196719672 1.484473832295404e-23
563.0482119211921 1.484232271459342e-23
563.147204170417 1.4839907890120272e-23
563.2461964196419 1.4837493849154206e-23
563.3451886688669 1.483508059131511e-23
563.4441809180918 1.4832668116223094e-23
563.5431731673167 1.483025642349853e-23
563.6421654165416 1.4827845512762015e-23
563.7411576657665 1.482543538363442e-23
563.8401499149915 1.4823026035736824e-23
563.9391421642164 1.482061746869057e-23
564.0381344134413 1.4818209682117247e-23
564.1371266626662 1.4815802675638685e-23
564.2361189118913 1.4813396448876952e-23
564.3351111611162 1.4810991001454368e-23
564.4341034103411 1.4808586332993492e-23
564.533095659566 1.4806182443117114e-23
564.6320879087909 1.4803779331448296e-23
564.7310801580159 1.48013769976103e-23
564.8300724072408 1.479897544122668e-23
564.9290646564657 1.479657466192119e-23
565.0280569056906 1.4794174659317858e-23
565.1270491549155 1.4791775433040918e-23
565.2260414041405 1.478937698271488e-23
565.3250336533654 1.4786979307964483e-23
565.4240259025903 1.47845824084147e-23
565.5230181518152 1.4782186283690754e-23
565.6220104010401 1.4779790933418102e-23
565.7210026502651 1.477739635722244e-23
565.81999489949 1.4775002554729724e-23
565.9189871487149 1.477260952556612e-23
566.0179793979398 1.4770217269358065e-23
566.1169716471647 1.4767825785732206e-23
566.2159638963897 1.4765435074315452e-23
566.3149561456146 1.4763045134734942e-23
566.4139483948395 1.4760655966618053e-23
566.5129406440644 1.4758267569592407e-23
566.6119328932893 1.475587994328586e-23
566.7109251425143 1.4753493087326508e-23
566.8099173917392 1.475110700134268e-23
566.9089096409641 1.474872168496296e-23
567.007901890189 1.4746337137816163e-23
567.106894139414 1.4743953359531314e-23
567.2058863886389 1.474157034973771e-23
567.3048786378638 1.4739188108064897e-23
567.4038708870887 1.473680663414261e-23
567.5028631363136 1.4734425927600863e-23
567.6018553855386 1.4732045988069876e-23
567.7008476347635 1.4729666815180133e-23
567.7998398839884 1.472728840856234e-23
567.8988321332133 1.4724910767847442e-23
567.9978243824382 1.4722533892666622e-23
568.0968166316632 1.4720157782651298e-23
568.1958088808881 1.4717782437433123e-23
568.294801130113 1.4715407856643982e-23
568.3937933793379 1.4713034039915997e-23
568.4927856285628 1.4710660986881543e-23
568.5917778777878 1.4708288697173198e-23
568.6907701270127 1.47059171704238e-23
568.7897623762376 1.470354640626641e-23
568.8887546254625 1.4701176404334335e-23
568.9877468746874 1.4698807164261098e-23
569.0867391239124 1.4696438685680463e-23
569.1857313731373 1.4694070968226452e-23
569.2847236223622 1.469170401153327e-23
569.3837158715871 1.4689337815235412e-23
569.482708120812 1.468697237896756e-23
569.581700370037 1.4684607702364668e-23
569.6806926192619 1.4682243785061895e-23
569.7796848684868 1.467988062669463e-23
569.8786771177117 1.4677518226898534e-23
569.9776693669367 1.4675156585309448e-23
570.0766616161616 1.4672795701563484e-23
570.1756538653865 1.4670435575296969e-23
570.2746461146114 1.4668076206146464e-23
570.3736383638363 1.4665717593748765e-23
570.4726306130614 1.466335973774089e-23
570.5716228622863 1.4661002637760106e-23
570.6706151115112 1.4658646293443904e-23
570.7696073607361 1.4656290704429997e-23
570.868599609961 1.4653935870356335e-23
570.967591859186 1.4651581790861093e-23
571.0665841084109 1.4649228465582698e-23
571.1655763576358 1.464687589415978e-23
571.2645686068607 1.4644524076231207e-23
571.3635608560857 1.464217301143609e-23
571.4625531053106 1.4639822699413757e-23
571.5615453545355 1.4637473139803762e-23
571.6605376037604 1.4635124332245903e-23
571.7595298529853 1.46327762763802e-23
571.8585221022103 1.4630428971846896e-23
571.9575143514352 1.4628082418286466e-23
572.0565066006601 1.462573661533962e-23
572.155498849885 1.4623391562647293e-23
572.2544910991099 1.462104725985065e-23
572.3534833483349 1.461870370659107e-23
572.4524755975598 1.4616360902510185e-23
572.5514678467847 1.4614018847249825e-23
572.6504600960096 1.4611677540452073e-23
572.7494523452345 1.4609336981759233e-23
572.8484445944595 1.460699717081383e-23
572.9474368436844 1.460465810725862e-23
573.0464290929093 1.4602319790736582e-23
573.1454213421342 1.4599982220890923e-23
573.2444135913591 1.4597645397365084e-23
573.3434058405841 1.4595309319802723e-23
573.442398089809 1.4592973987847727e-23
573.5413903390339 1.4590639401144207e-23
573.6403825882588 1.4588305559336508e-23
573.7393748374838 1.458597246206919e-23
573.8383670867087 1.4583640108987046e-23
573.9373593359336 1.4581308499735082e-23
574.0363515851585 1.4578977633958557e-23
574.1353438343834 1.4576647511302918e-23
574.2343360836084 1.457431813141386e-23
574.3333283328333 1.457198949393731e-23
574.4323205820582 1.4569661598519382e-23
574.5313128312831 1.456733444480646e-23
574.630305080508 1.456500803244512e-23
574.729297329733 1.456268236108218e-23
574.8282895789579 1.4560357430364663e-23
574.9272818281828 1.4558033239939836e-23
575.0262740774077 1.4555709789455173e-23
575.1252663266326 1.4553387078558385e-23
575.2242585758576 1.4551065106897404e-23
575.3232508250825 1.454874387412036e-23
575.4222430743074 1.4546423379875645e-23
575.5212353235323 1.454410362381184e-23
575.6202275727572 1.454178460557777e-23
575.7192198219822 1.4539466324822472e-23
575.8182120712071 1.45371487811952e-23
575.917204320432 1.4534831974345442e-23
576.0161965696569 1.4532515903922903e-23
576.1151888188818 1.4530200569577515e-23
576.2141810681068 1.4527885970959403e-23
576.3131733173317 1.4525572107718958e-23
576.4121655665566 1.4523258979506755e-23
576.5111578157815 1.4520946585973602e-23
576.6101500650066 1.451863492677053e-23
576.7091423142315 1.4516324001548793e-23
576.8081345634564 1.451401380995986e-23
576.9071268126813 1.4511704351655417e-23
577.0061190619062 1.4509395626287377e-23
577.1051113111312 1.4507087633507867e-23
577.2041035603561 1.450478037296923e-23
577.303095809581 1.4502473844324043e-23
577.4020880588059 1.4500168047225093e-23
577.5010803080309 1.4497862981325378e-23
577.6000725572558 1.4495558646278128e-23
577.6990648064807 1.4493255041736788e-23
577.7980570557056 1.4490952167355004e-23
577.8970493049305 1.4488650022786676e-23
577.9960415541555 1.4486348607685896e-23
578.0950338033804 1.448404792170697e-23
578.1940260526053 1.448174796450444e-23
578.2930183018302 1.447944873573305e-23
578.3920105510551 1.4477150235047785e-23
578.4910028002801 1.4474852462103812e-23
578.589995049505 1.4472555416556537e-23
578.6889872987299 1.4470259098061587e-23
578.7879795479548 1.4467963506274795e-23
578.8869717971797 1.4465668640852213e-23
578.9859640464047 1.4463374501450102e-23
579.0849562956296 1.4461081087724955e-23
579.1839485448545 1.4458788399333478e-23
579.2829407940794 1.4456496435932576e-23
579.3819330433043 1.445420519717939e-23
579.4809252925293 1.4451914682731267e-23
579.5799175417542 1.444962489224577e-23
579.6789097909791 1.4447335825380674e-23
579.777902040204 1.4445047481793982e-23
579.876894289429 1.4442759861143886e-23
579.9758865386539 1.4440472963088825e-23
580.0748787878788 1.4438186787287433e-23
580.1738710371037 1.443590133339855e-23
580.2728632863286 1.4433616601081263e-23
580.3718555355535 1.443133258999483e-23
580.4708477847785 1.4429049299798766e-23
580.5698400340034 1.4426766730152769e-23
580.6688322832283 1.4424484880716755e-23
580.7678245324532 1.442220375115087e-23
580.8668167816782 1.441992334111544e-23
580.9658090309031 1.4417643650271056e-23
581.064801280128 1.441536467827847e-23
581.1637935293529 1.4413086424798667e-23
581.2627857785778 1.441080888949286e-23
581.3617780278028 1.440853207202245e-23
581.4607702770277 1.4406255972049065e-23
581.5597625262526 1.440398058923453e-23
581.6587547754775 1.4401705923240912e-23
581.7577470247024 1.4399431973730444e-23
581.8567392739274 1.439715874036562e-23
581.9557315231523 1.4394886222809097e-23
582.0547237723772 1.439261442072379e-23
582.1537160216021 1.439034333377279e-23
582.252708270827 1.4388072961619413e-23
582.351700520052 1.4385803303927187e-23
582.4506927692769 1.438353436035985e-23
582.5496850185018 1.4381266130581342e-23
582.6486772677267 1.4378998614255824e-23
582.7476695169516 1.4376731811047654e-23
582.8466617661767 1.4374465720621414e-23
582.9456540154016 1.4372200342641896e-23
583.0446462646265 1.4369935676774078e-23
583.1436385138514 1.4367671722683186e-23
583.2426307630764 1.4365408480034616e-23
583.3416230123013 1.4363145948494e-23
583.4406152615262 1.4360884127727167e-23
583.5396075107511 1.4358623017400158e-23
583.638599759976 1.435636261717922e-23
583.737592009201 1.4354102926730815e-23
583.8365842584259 1.4351843945721604e-23
583.9355765076508 1.4349585673818465e-23
584.0345687568757 1.434732811068848e-23
584.1335610061006 1.4345071255998926e-23
584.2325532553256 1.4342815109417318e-23
584.3315455045505 1.4340559670611348e-23
584.4305377537754 1.4338304939248934e-23
584.5295300030003 1.4336050914998185e-23
584.6285222522253 1.433379759752744e-23
584.7275145014502 1.4331544986505225e-23
584.8265067506751 1.432929308160028e-23
584.9254989999 1.432704188248155e-23
585.0244912491249 1.432479138881818e-23
585.1234834983499 1.4322541600279544e-23
585.2224757475748 1.4320292516535188e-23
585.3214679967997 1.4318044137254895e-23
585.4204602460246 1.431579646210863e-23
585.5194524952495 1.4313549490766585e-23
585.6184447444745 1.4311303222899136e-23
585.7174369936994 1.4309057658176884e-23
585.8164292429243 1.4306812796270624e-23
585.9154214921492 1.4304568636851342e-23
586.0144137413741 1.4302325179590263e-23
586.1134059905991 1.4300082424158788e-23
586.212398239824 1.4297840370228532e-23
586.3113904890489 1.4295599017471329e-23
586.4103827382738 1.429335836555917e-23
586.5093749874987 1.4291118414164316e-23
586.6083672367237 1.4288879162959178e-23
586.7073594859486 1.4286640611616398e-23
586.8063517351735 1.4284402759808803e-23
586.9053439843984 1.4282165607209453e-23
587.0043362336233 1.4279929153491577e-23
587.1033284828483 1.427769339832863e-23
587.2023207320732 1.4275458341394256e-23
587.3013129812981 1.4273223982362316e-23
587.400305230523 1.427099032090686e-23
587.499297479748 1.4268757356702144e-23
587.5982897289729 1.4266525089422634e-23
587.6972819781978 1.4264293518742977e-23
587.7962742274227 1.4262062644338055e-23
587.8952664766476 1.4259832465882924e-23
587.9942587258726 1.425760298305285e-23
588.0932509750975 1.425537419552331e-23
588.1922432243224 1.4253146102969963e-23
588.2912354735473 1.425091870506869e-23
588.3902277227722 1.4248692001495545e-23
588.4892199719972 1.4246465991926824e-23
588.5882122212221 1.4244240676038984e-23
588.687204470447 1.42420160535087e-23
588.7861967196719 1.4239792124012843e-23
588.8851889688968 1.4237568887228497e-23
588.9841812181219 1.4235346342832928e-23
589.0831734673468 1.4233124490503617e-23
589.1821657165717 1.423090332991823e-23
589.2811579657966 1.4228682860754647e-23
589.3801502150216 1.4226463082690932e-23
589.4791424642465 1.4224243995405362e-23
589.5781347134714 1.4222025598576415e-23
589.6771269626963 1.4219807891882743e-23
589.7761192119212 1.4217590875003228e-23
589.8751114611462 1.4215374547616928e-23
589.9741037103711 1.4213158909403123e-23
590.073095959596 1.4210943960041265e-23
590.1720882088209 1.4208729699211008e-23
590.2710804580458 1.4206516126592234e-23
590.3700727072708 1.420430324186498e-23
590.4690649564957 1.4202091044709517e-23
590.5680572057206 1.419987953480629e-23
590.6670494549455 1.4197668711835952e-23
590.7660417041704 1.4195458575479354e-23
590.8650339533954 1.4193249125417533e-23
590.9640262026203 1.4191040361331733e-23
591.0630184518452 1.4188832282903395e-23
591.1620107010701 1.418662488981416e-23
591.261002950295 1.4184418181745844e-23
591.35999519952 1.4182212158380488e-23
591.4589874487449 1.4180006819400316e-23
591.5579796979698 1.4177802164487747e-23
591.6569719471947 1.4175598193325385e-23
591.7559641964197 1.4173394905596065e-23
591.8549564456446 1.417119230098278e-23
591.9539486948695 1.4168990379168728e-23
592.0529409440944 1.4166789139837317e-23
592.1519331933193 1.4164588582672135e-23
592.2509254425443 1.4162388707356982e-23
592.3499176917692 1.4160189513575822e-23
592.4489099409941 1.4157991001012852e-23
592.547902190219 1.415579316935243e-23
592.6468944394439 1.4153596018279125e-23
592.7458866886689 1.4151399547477705e-23
592.8448789378938 1.4149203756633125e-23
592.9438711871187 1.4147008645430523e-23
593.0428634363436 1.4144814213555258e-23
593.1418556855685 1.4142620460692852e-23
593.2408479347935 1.414042738652905e-23
593.3398401840184 1.413823499074976e-23
593.4388324332433 1.4136043273041101e-23
593.5378246824682 1.4133852233089392e-23
593.6368169316931 1.4131661870581134e-23
593.7358091809181 1.4129472185203008e-23
593.834801430143 1.4127283176641923e-23
593.9337936793679 1.412509484458494e-23
594.0327859285928 1.4122907188719352e-23
594.1317781778178 1.4120720208732602e-23
594.2307704270427 1.4118533904312362e-23
594.3297626762676 1.411634827514648e-23
594.4287549254925 1.4114163320922986e-23
594.5277471747174 1.411197904133012e-23
594.6267394239424 1.4109795436056304e-23
594.7257316731673 1.4107612504790157e-23
594.8247239223922 1.4105430247220474e-23
594.9237161716171 1.4103248663036267e-23
595.022708420842 1.410106775192671e-23
595.121700670067 1.4098887513581183e-23
595.220692919292 1.4096707947689265e-23
595.3196851685169 1.4094529053940706e-23
595.4186774177418 1.4092350832025463e-23
595.5176696669668 1.4090173281633673e-23
595.6166619161917 1.4087996402455657e-23
595.7156541654166 1.4085820194181944e-23
595.8146464146415 1.408364465650325e-23
595.9136386638664 1.408146978911046e-23
596.0126309130914 1.4079295591694673e-23
596.1116231623163 1.4077122063947157e-23
596.2106154115412 1.4074949205559376e-23
596.3096076607661 1.4072777016222996e-23
596.408599909991 1.407060549562986e-23
596.507592159216 1.4068434643472e-23
596.6065844084409 1.4066264459441633e-23
596.7055766576658 1.4064094943231172e-23
596.8045689068907 1.4061926094533216e-23
596.9035611561156 1.4059757913040552e-23
597.0025534053406 1.405759039844615e-23
597.1015456545655 1.4055423550443178e-23
597.2005379037904 1.405325736872498e-23
597.2995301530153 1.4051091852985094e-23
597.3985224022402 1.404892700291725e-23
597.4975146514652 1.4046762818215355e-23
597.5965069006901 1.404459929857351e-23
597.695499149915 1.4042436443686e-23
597.7944913991399 1.4040274253247297e-23
597.8934836483648 1.4038112726952054e-23
597.9924758975898 1.4035951864495135e-23
598.0914681468147 1.4033791665571555e-23
598.1904603960396 1.4031632129876546e-23
598.2894526452645 1.40294732571055e-23
598.3884448944895 1.402731504695401e-23
598.4874371437144 1.4025157499117868e-23
598.5864293929393 1.4023000613293007e-23
598.6854216421642 1.4020844389175606e-23
598.7844138913891 1.401868882646197e-23
598.883406140614 1.4016533924848638e-23
598.982398389839 1.401437968403231e-23
599.0813906390639 1.4012226103709864e-23
599.1803828882888 1.4010073183578387e-23
599.2793751375137 1.400792092333512e-23
599.3783673867387 1.4005769322677524e-23
599.4773596359636 1.4003618381303212e-23
599.5763518851885 1.4001468098910002e-23
599.6753441344134 1.3999318475195882e-23
599.7743363836383 1.3997169509859042e-23
599.8733286328633 1.399502120259784e-23
599.9723208820882 1.3992873553110817e-23
600.0713131313131 1.3990726561096715e-23
600.170305380538 1.3988580226254444e-23
600.269297629763 1.3986434548283097e-23
600.3682898789879 1.3984289526881948e-23
600.4672821282128 1.3982145161750473e-23
600.5662743774377 1.398000145258831e-23
600.6652666266626 1.3977858399095302e-23
600.7642588758875 1.3975716000971442e-23
600.8632511251125 1.3973574257916935e-23
600.9622433743374 1.397143316963215e-23
601.0612356235623 1.3969292735817656e-23
601.1602278727872 1.396715295617419e-23
601.2592201220122 1.3965013830402662e-23
601.3582123712371 1.3962875358204198e-23
601.4572046204621 1.3960737539280057e-23
601.556196869687 1.395860037333173e-23
601.655189118912 1.3956463860060852e-23
601.7541813681369 1.3954327999169265e-23
601.8531736173618 1.395219279035897e-23
601.9521658665867 1.395005823333216e-23
602.0511581158116 1.394792432779121e-23
602.1501503650366 1.3945791073438674e-23
602.2491426142615 1.3943658469977285e-23
602.3481348634864 1.394152651710996e-23
602.4471271127113 1.3939395214539788e-23
602.5461193619362 1.3937264561970043e-23
602.6451116111612 1.3935134559104196e-23
602.7441038603861 1.393300520564586e-23
602.843096109611 1.3930876501298857e-23
602.9420883588359 1.3928748445767186e-23
603.0410806080608 1.3926621038755017e-23
603.1400728572858 1.3924494279966708e-23
603.2390651065107 1.3922368169106775e-23
603.3380573557356 1.3920242705879946e-23
603.4370496049605 1.39181178899911e-23
603.5360418541854 1.3915993721145315e-23
603.6350341034104 1.3913870199047834e-23
603.7340263526353 1.3911747323404078e-23
603.8330186018602 1.3909625093919657e-23
603.9320108510851 1.3907503510300352e-23
604.03100310031 1.3905382572252114e-23
604.129995349535 1.39032622794811e-23
604.2289875987599 1.3901142631693618e-23
604.3279798479848 1.389902362859615e-23
604.4269720972097 1.389690526989539e-23
604.5259643464346 1.389478755529817e-23
604.6249565956596 1.3892670484511514e-23
604.7239488448845 1.3890554057242644e-23
604.8229410941094 1.3888438273198923e-23
604.9219333433343 1.3886323132087917e-23
605.0209255925593 1.388420863361735e-23
605.1199178417842 1.3882094777495146e-23
605.2189100910091 1.3879981563429385e-23
605.317902340234 1.387786899112833e-23
605.4168945894589 1.3875757060300423e-23
605.5158868386839 1.3873645770654284e-23
605.6148790879088 1.3871535121898696e-23
605.7138713371337 1.386942511374263e-23
605.8128635863586 1.386731574589523e-23
605.9118558355835 1.386520701806582e-23
606.0108480848085 1.3863098929963885e-23
606.1098403340334 1.3860991481299095e-23
606.2088325832583 1.3858884671781302e-23
606.3078248324832 1.3856778501120524e-23
606.4068170817081 1.3854672969026957e-23
606.5058093309331 1.3852568075210974e-23
606.604801580158 1.38504638193831e-23
606.7037938293829 1.384836020125407e-23
606.8027860786078 1.384625722053478e-23
606.9017783278327 1.384415487693629e-23
607.0007705770577 1.3842053170169846e-23
607.0997628262826 1.3839952099946853e-23
607.1987550755075 1.3837851665978913e-23
607.2977473247324 1.383575186797779e-23
607.3967395739573 1.3833652705655403e-23
607.4957318231823 1.383155417872387e-23
607.5947240724073 1.382945628689549e-23
607.6937163216322 1.3827359029882704e-23
607.7927085708571 1.3825262407398146e-23
607.8917008200821 1.3823166419154627e-23
607.990693069307 1.38210710648651e-23
608.0896853185319 1.3818976344242734e-23
608.1886775677568 1.3816882257000848e-23
608.2876698169817 1.3814788802852918e-23
608.3866620662067 1.381269598151263e-23
608.4856543154316 1.3810603792693818e-23
608.5846465646565 1.3808512236110475e-23
608.6836388138814 1.38064213114768e-23
608.7826310631064 1.3804331018507144e-23
608.8816233123313 1.3802241356916027e-23
608.9806155615562 1.3800152326418152e-23
609.0796078107811 1.3798063926728378e-23
609.178600060006 1.379597615756175e-23
609.277592309231 1.3793889018633478e-23
609.3765845584559 1.3791802509658942e-23
609.4755768076808 1.3789716630353694e-23
609.5745690569057 1.3787631380433466e-23
609.6735613061306 1.378554675961414e-23
609.7725535553556 1.3783462767611784e-23
609.8715458045805 1.3781379404142634e-23
609.9705380538054 1.3779296668923093e-23
610.0695303030303 1.377721456166974e-23
610.1685225522552 1.3775133082099306e-23
610.2675148014802 1.3773052229928728e-23
610.3665070507051 1.3770972004875078e-23
610.46549929993 1.3768892406655614e-23
610.5644915491549 1.376681343498775e-23
610.6634837983798 1.3764735089589086e-23
610.7624760476048 1.376265737017739e-23
610.8614682968297 1.3760580276470587e-23
610.9604605460546 1.3758503808186774e-23
611.0594527952795 1.3756427965044223e-23
611.1584450445044 1.3754352746761378e-23
611.2574372937294 1.375227815305684e-23
611.3564295429543 1.3750204183649382e-23
611.4554217921792 1.374813083825796e-23
611.5544140414041 1.3746058116601668e-23
611.653406290629 1.3743986018399792e-23
611.752398539854 1.374191454337179e-23
611.8513907890789 1.3739843691237263e-23
611.9503830383038 1.3737773461715994e-23
612.0493752875287 1.3735703854527948e-23
612.1483675367537 1.3733634869393236e-23
612.2473597859786 1.3731566506032138e-23
612.3463520352035 1.3729498764165118e-23
612.4453442844284 1.3727431643512788e-23
612.5443365336533 1.372536514379594e-23
612.6433287828783 1.3723299264735513e-23
612.7423210321032 1.3721234006052652e-23
612.8413132813281 1.3719169367468625e-23
612.940305530553 1.3717105348704893e-23
613.0392977797779 1.3715041949483075e-23
613.1382900290029 1.3712979169524962e-23
613.2372822782278 1.3710917008552495e-23
613.3362745274527 1.37088554662878e-23
613.4352667766776 1.370679454245316e-23
613.5342590259025 1.3704734236771038e-23
613.6332512751275 1.3702674548964027e-23
613.7322435243524 1.3700615478754915e-23
613.8312357735774 1.3698557025866647e-23
613.9302280228023 1.369649919002235e-23
614.0292202720273 1.3694441970945287e-23
614.1282125212522 1.36923853683589e-23
614.2272047704771 1.36903293819868e-23
614.326197019702 1.3688274011552755e-23
614.4251892689269 1.3686219256780703e-23
614.5241815181519 1.3684165117394743e-23
614.6231737673768 1.3682111593119143e-23
614.7221660166017 1.368005868367833e-23
614.8211582658266 1.3678006388796893e-23
614.9201505150515 1.3675954708199605e-23
615.0191427642765 1.367390364161137e-23
615.1181350135014 1.367185318875728e-23
615.2171272627263 1.366980334936258e-23
615.3161195119512 1.366775412315269e-23
615.4151117611761 1.3665705509853182e-23
615.5141040104011 1.3663657509189786e-23
615.613096259626 1.366161012088842e-23
615.7120885088509 1.3659563344675133e-23
615.8110807580758 1.365751718027617e-23
615.9100730073008 1.365547162741791e-23
616.0090652565257 1.365342668582691e-23
616.1080575057506 1.3651382355229883e-23
616.2070497549755 1.364933863535372e-23
616.3060420042004 1.3647295525925442e-23
616.4050342534254 1.3645253026672266e-23
616.5040265026503 1.3643211137321562e-23
616.6030187518752 1.3641169857600837e-23
616.7020110011001 1.3639129187237793e-23
616.801003250325 1.363708912596029e-23
616.89999549955 1.3635049673496323e-23
616.9989877487749 1.3633010829574084e-23
617.0979799979998 1.3630972593921884e-23
617.1969722472247 1.362893496626824e-23
617.2959644964496 1.36268979463418e-23
617.3949567456746 1.362486153387139e-23
617.4939489948995 1.3622825728585982e-23
617.5929412441244 1.362079053021472e-23
617.6919334933493 1.3618755938486903e-23
617.7909257425742 1.361672195313199e-23
617.8899179917992 1.3614688573879613e-23
617.9889102410241 1.3612655800459553e-23
618.087902490249 1.361062363260174e-23
618.1868947394739 1.3608592070036283e-23
618.2858869886988 1.3606561112493448e-23
618.3848792379238 1.3604530759703655e-23
618.4838714871487 1.3602501011397486e-23
618.5828637363736 1.360047186730568e-23
618.6818559855985 1.359844332715914e-23
618.7808482348235 1.3596415390688926e-23
618.8798404840484 1.359438805762626e-23
618.9788327332733 1.3592361327702516e-23
619.0778249824982 1.3590335200649233e-23
619.1768172317231 1.3588309676198114e-23
619.275809480948 1.358628475408101e-23
619.374801730173 1.358426043402993e-23
619.4737939793979 1.358223671577705e-23
619.5727862286228 1.3580213599054704e-23
619.6717784778477 1.357819108359538e-23
619.7707707270727 1.3576169169131722e-23
619.8697629762976 1.3574147855396536e-23
619.9687552255226 1.3572127142122792e-23
620.0677474747475 1.3570107029043608e-23
620.1667397239725 1.3568087515892259e-23
620.2657319731974 1.3566068602402182e-23
620.3647242224223 1.3564050288306977e-23
620.4637164716472 1.3562032573340393e-23
620.5627087208721 1.356001545723634e-23
620.6617009700971 1.3557998939728873e-23
620.760693219322 1.3555983020552222e-23
620.8596854685469 1.3553967699440778e-23
620.9586777177718 1.3551952976129066e-23
621.0576699669967 1.3549938850351776e-23
621.1566622162217 1.3547925321843767e-23
621.2556544654466 1.3545912390340037e-23
621.3546467146715 1.3543900055575755e-23
621.4536389638964 1.3541888317286236e-23
621.5526312131213 1.353987717520696e-23
621.6516234623463 1.3537866629073553e-23
621.7506157115712 1.35358566786218e-23
621.8496079607961 1.3533847323587645e-23
621.948600210021 1.3531838563707193e-23
622.047592459246 1.3529830398716696e-23
622.1465847084709 1.3527822828352547e-23
622.2455769576958 1.3525815852351326e-23
622.3445692069207 1.3523809470449752e-23
622.4435614561456 1.35218036823847e-23
622.5425537053706 1.3519798487893191e-23
622.6415459545955 1.351779388671242e-23
622.7405382038204 1.3515789878579715e-23
622.8395304530453 1.3513786463232577e-23
622.9385227022702 1.3511783640408662e-23
623.0375149514952 1.3509781409845753e-23
623.1365072007201 1.3507779771281824e-23
623.235499449945 1.350577872445498e-23
623.3344916991699 1.3503778269103487e-23
623.4334839483948 1.350177840496576e-23
623.5324761976198 1.349977913178037e-23
623.6314684468447 1.3497780449286058e-23
623.7304606960696 1.3495782357221687e-23
623.8294529452945 1.349378485532631e-23
623.9284451945194 1.3491787943339093e-23
624.0274374437444 1.348979162099939e-23
624.1264296929693 1.3487795888046688e-23
624.2254219421942 1.3485800744220638e-23
624.3244141914191 1.3483806189261036e-23
624.423406440644 1.348181222290784e-23
624.522398689869 1.3479818844901147e-23
624.6213909390939 1.3477826054981223e-23
624.7203831883188 1.3475833852888472e-23
624.8193754375437 1.3473842238363452e-23
624.9183676867686 1.3471851211146892e-23
625.0173599359936 1.346986077097965e-23
625.1163521852185 1.3467870917602738e-23
625.2153444344434 1.3465881650757344e-23
625.3143366836683 1.3463892970184776e-23
625.4133289328933 1.3461904875626508e-23
625.5123211821182 1.3459917366824176e-23
625.6113134313431 1.3457930443519557e-23
625.710305680568 1.3455944105454567e-23
625.8092979297929 1.3453958352371296e-23
625.9082901790179 1.3451973184011976e-23
626.0072824282428 1.3449988600118982e-23
626.1062746774677 1.3448004600434856e-23
626.2052669266927 1.3446021184702274e-23
626.3042591759177 1.3444038352664072e-23
626.4032514251426 1.3442056104063237e-23
626.5022436743675 1.3440074438642914e-23
626.6012359235924 1.3438093356146372e-23
626.7002281728173 1.3436112856317053e-23
626.7992204220423 1.3434132938898548e-23
626.8982126712672 1.3432153603634592e-23
626.9972049204921 1.343017485026907e-23
627.096197169717 1.3428196678546023e-23
627.1951894189419 1.3426219088209627e-23
627.2941816681669 1.342424207900423e-23
627.3931739173918 1.3422265650674294e-23
627.4921661666167 1.3420289802964485e-23
627.5911584158416 1.3418314535619568e-23
627.6901506650665 1.3416339848384484e-23
627.7891429142915 1.3414365741004304e-23
627.8881351635164 1.3412392213224264e-23
627.9871274127413 1.3410419264789757e-23
628.0861196619662 1.340844689544629e-23
628.1851119111911 1.3406475104939556e-23
628.2841041604161 1.340450389301537e-23
628.383096409641 1.3402533259419713e-23
628.4820886588659 1.3400563203898708e-23
628.5810809080908 1.3398593726198623e-23
628.6800731573157 1.3396624826065868e-23
628.7790654065407 1.3394656503247032e-23
628.8780576557656 1.339268875748881e-23
628.9770499049905 1.3390721588538069e-23
629.0760421542154 1.338875499614182e-23
629.1750344034403 1.3386788980047227e-23
629.2740266526653 1.3384823540001583e-23
629.3730189018902 1.3382858675752348e-23
629.4720111511151 1.338089438704712e-23
629.57100340034 1.3378930673633647e-23
629.669995649565 1.3376967535259823e-23
629.7689878987899 1.337500497167369e-23
629.8679801480148 1.3373042982623426e-23
629.9669723972397 1.337108156785737e-23
630.0659646464646 1.336912072712401e-23
630.1649568956896 1.336716046017197e-23
630.2639491449145 1.3365200766750016e-23
630.3629413941394 1.3363241646607073e-23
630.4619336433643 1.336128309949221e-23
630.5609258925892 1.335932512515464e-23
630.6599181418142 1.3357367723343705e-23
630.7589103910391 1.335541089380893e-23
630.857902640264 1.3353454636299955e-23
630.9568948894889 1.335149895056658e-23
631.0558871387138 1.334954383635873e-23
631.1548793879388 1.3347589293426515e-23
631.2538716371637 1.3345635321520152e-23
631.3528638863886 1.3343681920390012e-23
631.4518561356135 1.3341729089786638e-23
631.5508483848384 1.333977682946068e-23
631.6498406340634 1.333782513916295e-23
631.7488328832883 1.3335874018644406e-23
631.8478251325132 1.333392346765616e-23
631.9468173817381 1.3331973485949448e-23
632.045809630963 1.3330024073275663e-23
632.144801880188 1.3328075229386332e-23
632.2437941294129 1.332612695403315e-23
632.3427863786379 1.332417924696792e-23
632.4417786278628 1.3322232107942626e-23
632.5407708770878 1.3320285536709365e-23
632.6397631263127 1.3318339533020415e-23
632.7387553755376 1.3316394096628156e-23
632.8377476247625 1.3314449227285126e-23
632.9367398739874 1.3312504924744023e-23
633.0357321232124 1.3310561188757672e-23
633.1347243724373 1.3308618019079054e-23
633.2337166216622 1.330667541546127e-23
633.3327088708871 1.3304733377657593e-23
633.431701120112 1.3302791905421406e-23
633.530693369337 1.330085099850628e-23
633.6296856185619 1.3298910656665884e-23
633.7286778677868 1.3296970879654052e-23
633.8276701170117 1.329503166722476e-23
633.9266623662367 1.3293093019132124e-23
634.0256546154616 1.3291154935130403e-23
634.1246468646865 1.3289217414973985e-23
634.2236391139114 1.3287280458417438e-23
634.3226313631363 1.3285344065215424e-23
634.4216236123613 1.328340823512278e-23
634.5206158615862 1.3281472967894468e-23
634.6196081108111 1.3279538263285602e-23
634.718600360036 1.3277604121051435e-23
634.8175926092609 1.327567054094736e-23
634.9165848584859 1.327373752272891e-23
635.0155771077108 1.327180506615177e-23
635.1145693569357 1.3269873170971746e-23
635.2135616061606 1.3267941836944804e-23
635.3125538553855 1.3266011063827043e-23
635.4115461046105 1.3264080851374699e-23
635.5105383538354 1.3262151199344158e-23
635.6095306030603 1.326022210749195e-23
635.7085228522852 1.3258293575574726e-23
635.8075151015101 1.3256365603349293e-23
635.9065073507351 1.32544381905726e-23
636.00549959996 1.3252511337001735e-23
636.1044918491849 1.325058504239391e-23
636.2034840984098 1.324865930650649e-23
636.3024763476348 1.3246734129096998e-23
636.4014685968597 1.3244809509923063e-23
636.5004608460846 1.3242885448742482e-23
636.5994530953095 1.3240961945313172e-23
636.6984453445344 1.3239038999393197e-23
636.7974375937594 1.3237116610740755e-23
636.8964298429843 1.323519477911421e-23
636.9954220922092 1.3233273504272024e-23
637.0944143414341 1.3231352785972829e-23
637.193406590659 1.3229432623975386e-23
637.292398839884 1.3227513018038594e-23
637.3913910891089 1.3225593967921487e-23
637.4903833383338 1.3223675473383254e-23
637.5893755875587 1.3221757534183204e-23
637.6883678367836 1.3219840150080796e-23
637.7873600860086 1.3217923320835628e-23
637.8863523352335 1.3216007046207416e-23
637.9853445844584 1.3214091325956046e-23
638.0843368336833 1.3212176159841528e-23
638.1833290829082 1.3210261547624e-23
638.2823213321332 1.3208347489063757e-23
638.3813135813581 1.3206433983921216e-23
638.480305830583 1.3204521031956934e-23
638.579298079808 1.320260863293162e-23
638.678290329033 1.3200696786606111e-23
638.7772825782579 1.3198785492741367e-23
638.8762748274828 1.3196874751098518e-23
638.9752670767077 1.3194964561438807e-23
639.0742593259326 1.3193054923523612e-23
639.1732515751576 1.3191145837114461e-23
639.2722438243825 1.3189237301973023e-23
639.3712360736074 1.3187329317861081e-23
639.4702283228323 1.3185421884540586e-23
639.5692205720572 1.3183515001773597e-23
639.6682128212822 1.3181608669322326e-23
639.7672050705071 1.3179702886949117e-23
639.866197319732 1.3177797654416447e-23
639.9651895689569 1.3175892971486938e-23
640.0641818181819 1.3173988837923351e-23
640.1631740674068 1.3172085253488562e-23
640.2621663166317 1.3170182217945605e-23
640.3611585658566 1.3168279731057644e-23
640.4601508150815 1.3166377792587972e-23
640.5591430643065 1.3164476402300016e-23
640.6581353135314 1.3162575559957362e-23
640.7571275627563 1.3160675265323705e-23
640.8561198119812 1.315877551816289e-23
640.9551120612061 1.315687631823888e-23
641.0541043104311 1.3154977665315802e-23
641.153096559656 1.3153079559157903e-23
641.2520888088809 1.3151181999529547e-23
641.3510810581058 1.3149284986195267e-23
641.4500733073307 1.3147388518919716e-23
641.5490655565557 1.3145492597467664e-23
641.6480578057806 1.314359722160405e-23
641.7470500550055 1.3141702391093921e-23
641.8460423042304 1.3139808105702469e-23
641.9450345534553 1.3137914365195017e-23
642.0440268026803 1.3136021169337025e-23
642.1430190519052 1.313412851789409e-23
642.2420113011301 1.313223641063194e-23
642.341003550355 1.3130344847316427e-23
642.43999579958 1.3128453827713561e-23
642.5389880488049 1.3126563351589456e-23
642.6379802980298 1.3124673418710386e-23
642.7369725472547 1.3122784028842748e-23
642.8359647964796 1.3120895181753074e-23
642.9349570457046 1.3119006877208014e-23
643.0339492949295 1.311711911497438e-23
643.1329415441544 1.3115231894819103e-23
643.2319337933793 1.3113345216509237e-23
643.3309260426042 1.3111459079811989e-23
643.4299182918292 1.3109573484494683e-23
643.5289105410541 1.3107688430324784e-23
643.627902790279 1.3105803917069892e-23
643.7268950395039 1.3103919944497728e-23
643.8258872887288 1.310203651237616e-23
643.9248795379538 1.3100153620473178e-23
644.0238717871787 1.3098271268556914e-23
644.1228640364036 1.3096389456395615e-23
644.2218562856285 1.3094508183757682e-23
644.3208485348534 1.3092627450411641e-23
644.4198407840784 1.3090747256126132e-23
644.5188330333033 1.3088867600669962e-23
644.6178252825282 1.3086988483812036e-23
644.7168175317532 1.3085109905321403e-23
644.8158097809782 1.3083231864967261e-23
644.9148020302031 1.3081354362518916e-23
645.013794279428 1.3079477397745805e-23
645.1127865286529 1.3077600970417519e-23
645.2117787778778 1.307572508030376e-23
645.3107710271028 1.3073849727174366e-23
645.4097632763277 1.3071974910799311e-23
645.5087555255526 1.3070100630948697e-23
645.6077477747775 1.3068226887392752e-23
645.7067400240024 1.3066353679901849e-23
645.8057322732274 1.3064481008246478e-23
645.9047245224523 1.3062608872197261e-23
646.0037167716772 1.3060737271524957e-23
646.1027090209021 1.3058866206000454e-23
646.201701270127 1.3056995675394763e-23
646.300693519352 1.3055125679479032e-23
646.3996857685769 1.3053256218024547e-23
646.4986780178018 1.305138729080271e-23
646.5976702670267 1.3049518897585052e-23
646.6966625162516 1.304765103814325e-23
646.7956547654766 1.3045783712249094e-23
646.8946470147015 1.3043916919674516e-23
646.9936392639264 1.304205066019157e-23
647.0926315131513 1.3040184933572437e-23
647.1916237623763 1.3038319739589447e-23
647.2906160116012 1.3036455078015035e-23
647.3896082608261 1.3034590948621769e-23
647.488600510051 1.303272735118237e-23
647.5875927592759 1.3030864285469654e-23
647.6865850085009 1.3029001751256589e-23
647.7855772577258 1.302713974831627e-23
647.8845695069507 1.3025278276421913e-23
647.9835617561756 1.3023417335346862e-23
648.0825540054005 1.3021556924864605e-23
648.1815462546255 1.301969704474873e-23
648.2805385038504 1.301783769477299e-23
648.3795307530753 1.301597887471123e-23
648.4785230023002 1.3014120584337452e-23
648.5775152515251 1.3012262823425773e-23
648.6765075007501 1.3010405591750433e-23
648.775499749975 1.3008548889085817e-23
648.8744919991999 1.3006692715206423e-23
648.9734842484248 1.3004837069886877e-23
649.0724764976497 1.300298195290195e-23
649.1714687468747 1.3001127364026516e-23
649.2704609960996 1.299927330303559e-23
649.3694532453245 1.2997419769704323e-23
649.4684454945494 1.2995566763807967e-23
649.5674377437743 1.2993714285121935e-23
649.6664299929993 1.2991862333421736e-23
649.7654222422242 1.299001090848303e-23
649.8644144914491 1.2988160010081595e-23
649.963406740674 1.2986309637993323e-23
650.062398989899 1.2984459791994254e-23
650.1613912391239 1.2982610471860545e-23
650.2603834883488 1.298076167736848e-23
650.3593757375737 1.297891340829447e-23
650.4583679867986 1.2977065664415051e-23
650.5573602360236 1.2975218445506888e-23
650.6563524852485 1.2973371751346768e-23
650.7553447344734 1.2971525581711616e-23
650.8543369836983 1.2969679936378465e-23
650.9533292329234 1.296783481512449e-23
651.0523214821483 1.2965990217726983e-23
651.1513137313732 1.2964146143963364e-23
651.2503059805981 1.2962302593611175e-23
651.349298229823 1.2960459566448102e-23
651.448290479048 1.2958617062251929e-23
651.5472827282729 1.2956775080800578e-23
651.6462749774978 1.2954933621872108e-23
651.7452672267227 1.2953092685244685e-23
651.8442594759476 1.2951252270696615e-23
651.9432517251726 1.2949412378006312e-23
652.0422439743975 1.2947573006952334e-23
652.1412362236224 1.2945734157313352e-23
652.2402284728473 1.2943895828868166e-23
652.3392207220722 1.2942058021395694e-23
652.4382129712972 1.2940220734674995e-23
652.5372052205221 1.2938383968485236e-23
652.636197469747 1.2936547722605714e-23
652.7351897189719 1.2934711996815854e-23
652.8341819681968 1.2932876790895203e-23
652.9331742174218 1.2931042104623433e-23
653.0321664666467 1.2929207937780333e-23
653.1311587158716 1.2927374290145826e-23
653.2301509650965 1.2925541161499957e-23
653.3291432143214 1.2923708551622895e-23
653.4281354635464 1.2921876460294929e-23
653.5271277127713 1.292004488729647e-23
653.6261199619962 1.291821383240806e-23
653.7251122112211 1.2916383295410356e-23
653.824104460446 1.2914553276084151e-23
653.923096709671 1.2912723774210354e-23
654.0220889588959 1.2910894789569992e-23
654.1210812081208 1.2909066321944226e-23
654.2200734573457 1.2907238371114327e-23
654.3190657065707 1.2905410936861708e-23
654.4180579557956 1.2903584018967883e-23
654.5170502050205 1.2901757617214505e-23
654.6160424542454 1.2899931731383342e-23
654.7150347034703 1.289810636125629e-23
654.8140269526953 1.289628150661537e-23
654.9130192019202 1.2894457167242705e-23
655.0120114511451 1.2892633342920573e-23
655.11100370037 1.2890810033431342e-23
655.2099959495949 1.288898723855753e-23
655.3089881988199 1.2887164958081761e-23
655.4079804480448 1.2885343191786779e-23
655.5069726972697 1.2883521939455466e-23
655.6059649464946 1.2881701200870804e-23
655.7049571957195 1.2879880975815923e-23
655.8039494449445 1.2878061264074046e-23
655.9029416941694 1.2876242065428542e-23
656.0019339433943 1.2874423379662887e-23
656.1009261926192 1.2872605206560685e-23
656.1999184418441 1.2870787545905665e-23
656.2989106910691 1.2868970397481663e-23
656.397902940294 1.2867153761072649e-23
656.4968951895189 1.2865337636462714e-23
656.5958874387438 1.2863522023436065e-23
656.6948796879688 1.2861706921777025e-23
656.7938719371937 1.2859892331270053e-23
656.8928641864186 1.2858078251699723e-23
656.9918564356435 1.2856264682850713e-23
657.0908486848685 1.2854451624507855e-23
657.1898409340935 1.2852639076456061e-23
657.2888331833184 1.2850827038480407e-23
657.3878254325433 1.2849015510366053e-23
657.4868176817682 1.2847204491898297e-23
657.5858099309932 1.2845393982862559e-23
657.6848021802181 1.2843583983044365e-23
657.783794429443 1.2841774492229383e-23
657.8827866786679 1.2839965510203377e-23
657.9817789278928 1.2838157036752245e-23
658.0807711771178 1.2836349071662003e-23
658.1797634263427 1.283454161471879e-23
658.2787556755676 1.2832734665708851e-23
658.3777479247925 1.2830928224418574e-23
658.4767401740174 1.2829122290634437e-23
658.5757324232424 1.2827316864143072e-23
658.6747246724673 1.2825511944731185e-23
658.7737169216922 1.2823707532185655e-23
658.8727091709171 1.2821903626293433e-23
658.971701420142 1.2820100226841624e-23
659.070693669367 1.2818297333617418e-23
659.1696859185919 1.2816494946408164e-23
659.2686781678168 1.2814693065001296e-23
659.3676704170417 1.2812891689184385e-23
659.4666626662666 1.2811090818745103e-23
659.5656549154916 1.2809290453471272e-23
659.6646471647165 1.28074905931508e-23
659.7636394139414 1.2805691237571731e-23
659.8626316631663 1.2803892386522221e-23
659.9616239123912 1.2802094039790543e-23
660.0606161616162 1.2800296197165102e-23
660.1596084108411 1.2798498858434406e-23
660.258600660066 1.2796702023387076e-23
660.3575929092909 1.2794905691811871e-23
660.4565851585158 1.2793109863497653e-23
660.5555774077408 1.2791314538233414e-23
660.6545696569657 1.2789519715808245e-23
660.7535619061906 1.2787725396011368e-23
660.8525541554155 1.2785931578632121e-23
660.9515464046405 1.2784138263459961e-23
661.0505386538654 1.2782345450284457e-23
661.1495309030903 1.2780553138895299e-23
661.2485231523152 1.2778761329082293e-23
661.3475154015401 1.2776970020635356e-23
661.446507650765 1.2775179213344547e-23
661.54549989999 1.2773388906999997e-23
661.6444921492149 1.2771599101392001e-23
661.7434843984398 1.2769809796310941e-23
661.8424766476647 1.2768020991547327e-23
661.9414688968897 1.2766232686891785e-23
662.0404611461146 1.2764444882135046e-23
662.1394533953395 1.2762657577067978e-23
662.2384456445644 1.2760870771481553e-23
662.3374378937893 1.2759084465166863e-23
662.4364301430143 1.2757298657915103e-23
662.5354223922392 1.2755513349517608e-23
662.6344146414641 1.2753728539765805e-23
662.733406890689 1.275194422845126e-23
662.832399139914 1.2750160415365634e-23
662.9313913891389 1.274837710030072e-23
663.0303836383638 1.2746594283048414e-23
663.1293758875887 1.2744811963400739e-23
663.2283681368136 1.2743030141149824e-23
663.3273603860387 1.2741248816087919e-23
663.4263526352636 1.2739467988007387e-23
663.5253448844885 1.273768765670071e-23
663.6243371337134 1.2735907821960484e-23
663.7233293829383 1.2734128483579411e-23
663.8223216321633 1.2732349641350325e-23
663.9213138813882 1.2730571295066155e-23
664.0203061306131 1.272879344451997e-23
664.119298379838 1.2727016089504926e-23
664.218290629063 1.2725239229814318e-23
664.3172828782879 1.272346286524154e-23
664.4162751275128 1.2721686995580106e-23
664.5152673767377 1.2719911620623647e-23
664.6142596259626 1.27181367401659e-23
664.7132518751876 1.2716362354000728e-23
664.8122441244125 1.27145884619221e-23
664.9112363736374 1.2712815063724109e-23
665.0102286228623 1.271104215920094e-23
665.1092208720872 1.270926974814692e-23
665.2082131213122 1.2707497830356474e-23
665.3072053705371 1.2705726405624135e-23
665.406197619762 1.2703955473744576e-23
665.5051898689869 1.2702185034512547e-23
665.6041821182118 1.2700415087722948e-23
665.7031743674368 1.269864563317076e-23
665.8021666166617 1.269687667065111e-23
665.9011588658866 1.2695108199959213e-23
666.0001511151115 1.26933402208904e-23
666.0991433643364 1.2691572733240135e-23
666.1981356135614 1.2689805736803969e-23
666.2971278627863 1.268803923137759e-23
666.3961201120112 1.2686273216756779e-23
666.4951123612361 1.2684507692737443e-23
666.594104610461 1.2682742659115594e-23
666.693096859686 1.2680978115687364e-23
666.7920891089109 1.2679214062248996e-23
666.8910813581358 1.2677450498596834e-23
666.9900736073607 1.2675687424527355e-23
667.0890658565856 1.2673924839837137e-23
667.1880581058106 1.2672162744322862e-23
667.2870503550355 1.2670401137781346e-23
667.3860426042604 1.2668640020009497e-23
667.4850348534853 1.2666879390804349e-23
667.5840271027103 1.2665119249963034e-23
667.6830193519352 1.2663359597282811e-23
667.7820116011601 1.2661600432561044e-23
667.881003850385 1.2659841755595204e-23
667.9799960996099 1.2658083566182884e-23
668.0789883488349 1.2656325864121784e-23
668.1779805980598 1.2654568649209712e-23
668.2769728472847 1.2652811921244598e-23
668.3759650965096 1.2651055680024465e-23
668.4749573457345 1.2649299925347466e-23
668.5739495949595 1.2647544657011864e-23
668.6729418441844 1.2645789874816013e-23
668.7719340934093 1.2644035578558403e-23
668.8709263426342 1.2642281768037626e-23
668.9699185918591 1.2640528443052376e-23
669.0689108410841 1.2638775603401478e-23
669.167903090309 1.263702324888384e-23
669.2668953395339 1.2635271379298506e-23
669.3658875887588 1.263351999444462e-23
669.4648798379839 1.263176909412144e-23
669.5638720872088 1.2630018678128327e-23
669.6628643364337 1.2628268746264766e-23
669.7618565856586 1.2626519298330338e-23
669.8608488348835 1.2624770334124748e-23
669.9598410841085 1.2623021853447794e-23
670.0588333333334 1.2621273856099399e-23
670.1578255825583 1.2619526341879594e-23
670.2568178317832 1.261777931058851e-23
670.3558100810081 1.2616032762026416e-23
670.4548023302331 1.261428669599364e-23
670.553794579458 1.2612541112290674e-23
670.6527868286829 1.2610796010718087e-23
670.7517790779078 1.2609051391076563e-23
670.8507713271327 1.260730725316691e-23
670.9497635763577 1.2605563596790026e-23
671.0487558255826 1.2603820421746925e-23
671.1477480748075 1.2602077727838743e-23
671.2467403240324 1.2600335514866713e-23
671.3457325732574 1.2598593782632173e-23
671.4447248224823 1.2596852530936575e-23
671.5437170717072 1.2595111759581489e-23
671.6427093209321 1.2593371468368584e-23
671.741701570157 1.259163165709964e-23
671.840693819382 1.258989232557654e-23
671.9396860686069 1.2588153473601294e-23
672.0386783178318 1.2586415100976e-23
672.1376705670567 1.2584677207502876e-23
672.2366628162816 1.2582939792984247e-23
672.3356550655066 1.2581202857222541e-23
672.4346473147315 1.2579466400020303e-23
672.5336395639564 1.2577730421180182e-23
672.6326318131813 1.2575994920504933e-23
672.7316240624062 1.2574259897797423e-23
672.8306163116312 1.2572525352860628e-23
672.9296085608561 1.2570791285497619e-23
673.028600810081 1.2569057695511604e-23
673.1275930593059 1.2567324582705871e-23
673.2265853085308 1.2565591946883815e-23
673.3255775577558 1.2563859787848966e-23
673.4245698069807 1.2562128105404943e-23
673.5235620562056 1.256039689935546e-23
673.6225543054305 1.2558666169504368e-23
673.7215465546554 1.2556935915655604e-23
673.8205388038804 1.2555206137613215e-23
673.9195310531053 1.2553476835181369e-23
674.0185233023302 1.2551748008164325e-23
674.1175155515551 1.2550019656366453e-23
674.21650780078 1.2548291779592237e-23
674.315500050005 1.2546564377646266e-23
674.4144922992299 1.2544837450333225e-23
674.5134845484548 1.2543110997457925e-23
674.6124767976797 1.2541385018825263e-23
674.7114690469047 1.2539659514240258e-23
674.8104612961296 1.2537934483508031e-23
674.9094535453545 1.2536209926433808e-23
675.0084457945794 1.2534485842822922e-23
675.1074380438043 1.2532762232480812e-23
675.2064302930293 1.253103909521303e-23
675.3054225422542 1.2529316430825221e-23
675.4044147914791 1.2527594239123147e-23
675.503407040704 1.2525872519912675e-23
675.6023992899289 1.2524151272999774e-23
675.701391539154 1.2522430498190519e-23
675.8003837883789 1.25207101952911e-23
675.8993760376038 1.2518990364107799e-23
675.9983682868287 1.2517271004447007e-23
676.0973605360537 1.251555211611524e-23
676.1963527852786 1.2513833698919089e-23
676.2953450345035 1.2512115752665273e-23
676.3943372837284 1.2510398277160601e-23
676.4933295329533 1.250868127221201e-23
676.5923217821783 1.2506964737626513e-23
676.6913140314032 1.2505248673211249e-23
676.7903062806281 1.2503533078773454e-23
676.889298529853 1.2501817954120479e-23
676.9882907790779 1.2500103299059764e-23
677.0872830283029 1.2498389113398865e-23
677.1862752775278 1.2496675396945443e-23
677.2852675267527 1.2494962149507254e-23
677.3842597759776 1.2493249370892171e-23
677.4832520252025 1.2491537060908171e-23
677.5822442744275 1.2489825219363323e-23
677.6812365236524 1.248811384606581e-23
677.7802287728773 1.2486402940823925e-23
677.8792210221022 1.2484692503446056e-23
677.9782132713271 1.2482982533740694e-23
678.0772055205521 1.2481273031516442e-23
678.176197769777 1.2479563996581999e-23
678.2751900190019 1.2477855428746178e-23
678.3741822682268 1.2476147327817892e-23
678.4731745174518 1.2474439693606154e-23
678.5721667666767 1.2472732525920078e-23
678.6711590159016 1.2471025824568897e-23
678.7701512651265 1.2469319589361936e-23
678.8691435143514 1.2467613820108621e-23
678.9681357635764 1.246590851661849e-23
679.0671280128013 1.2464203678701182e-23
679.1661202620262 1.2462499306166438e-23
679.2651125112511 1.2460795398824104e-23
679.364104760476 1.2459091956484132e-23
679.463097009701 1.2457388978956563e-23
679.5620892589259 1.2455686466051562e-23
679.6610815081508 1.2453984417579381e-23
679.7600737573757 1.245228283335039e-23
679.8590660066006 1.2450581713175041e-23
679.9580582558256 1.2448881056863911e-23
680.0570505050505 1.2447180864227664e-23
680.1560427542754 1.2445481135077081e-23
680.2550350035003 1.2443781869223031e-23
680.3540272527252 1.244208306647649e-23
680.4530195019502 1.2440384726648548e-23
680.5520117511751 1.2438686849550377e-23
680.6510040004 1.2436989434993274e-23
680.7499962496249 1.243529248278862e-23
680.8489884988498 1.2433595992747912e-23
680.9479807480748 1.2431899964682734e-23
681.0469729972997 1.2430204398404784e-23
681.1459652465246 1.2428509293725865e-23
681.2449574957495 1.2426814650457871e-23
681.3439497449745 1.2425120468412801e-23
681.4429419941994 1.2423426747402764e-23
681.5419342434243 1.2421733487239963e-23
681.6409264926492 1.2420040687736705e-23
681.7399187418741 1.2418348348705392e-23
681.8389109910992 1.2416656469958543e-23
681.9379032403241 1.2414965051308761e-23
682.036895489549 1.2413274092568765e-23
682.1358877387739 1.241158359355137e-23
682.2348799879989 1.2409893554069486e-23
682.3338722372238 1.2408203973936139e-23
682.4328644864487 1.2406514852964442e-23
682.5318567356736 1.2404826190967608e-23
682.6308489848985 1.2403137987758967e-23
682.7298412341235 1.2401450243151937e-23
682.8288334833484 1.2399762956960041e-23
682.9278257325733 1.2398076128996903e-23
683.0268179817982 1.2396389759076243e-23
683.1258102310231 1.2394703847011889e-23
683.2248024802481 1.2393018392617773e-23
683.323794729473 1.2391333395707906e-23
683.4227869786979 1.238964885609643e-23
683.5217792279228 1.2387964773597562e-23
683.6207714771477 1.2386281148025636e-23
683.7197637263727 1.2384597979195075e-23
683.8187559755976 1.2382915266920405e-23
683.9177482248225 1.2381233011016267e-23
684.0167404740474 1.2379551211297373e-23
684.1157327232723 1.2377869867578567e-23
684.2147249724973 1.2376188979674764e-23
684.3137172217222 1.2374508547400999e-23
684.4127094709471 1.23728285705724e-23
684.511701720172 1.2371149049004197e-23
684.610693969397 1.2369469982511716e-23
684.7096862186219 1.2367791370910377e-23
684.8086784678468 1.2366113214015717e-23
684.9076707170717 1.2364435511643365e-23
685.0066629662966 1.2362758263609037e-23
685.1056552155216 1.2361081469728562e-23
685.2046474647465 1.2359405129817868e-23
685.3036397139714 1.2357729243692976e-23
685.4026319631963 1.2356053811170009e-23
685.5016242124212 1.2354378832065198e-23
685.6006164616462 1.2352704306194847e-23
685.6996087108711 1.235103023337539e-23
685.798600960096 1.234935661342334e-23
685.8975932093209 1.2347683446155323e-23
685.9965854585458 1.2346010731388045e-23
686.0955777077708 1.234433846893833e-23
686.1945699569957 1.2342666658623089e-23
686.2935622062206 1.2340995300259333e-23
686.3925544554455 1.2339324393664178e-23
686.4915467046704 1.2337653938654834e-23
686.5905389538954 1.2335983935048603e-23
686.6895312031203 1.2334314382662898e-23
686.7885234523452 1.2332645281315221e-23
686.8875157015701 1.2330976630823174e-23
686.986507950795 1.232930843100446e-23
687.08550020002 1.232764068167688e-23
687.1844924492449 1.2325973382658323e-23
687.2834846984698 1.2324306533766801e-23
687.3824769476947 1.2322640134820388e-23
687.4814691969196 1.232097418563729e-23
687.5804614461446 1.2319308686035783e-23
687.6794536953695 1.2317643635834264e-23
687.7784459445944 1.231597903485121e-23
687.8774381938193 1.2314314882905203e-23
687.9764304430443 1.2312651179814924e-23
688.0754226922693 1.2310987925399148e-23
688.1744149414942 1.2309325119476751e-23
688.2734071907191 1.2307662761866699e-23
688.372399439944 1.2306000852388068e-23
688.471391689169 1.2304339390860018e-23
688.5703839383939 1.2302678377101807e-23
688.6693761876188 1.2301017810932804e-23
688.7683684368437 1.229935769217246e-23
688.8673606860687 1.2297698020640329e-23
688.9663529352936 1.229603879615606e-23
689.0653451845185 1.22943800185394e-23
689.1643374337434 1.2292721687610193e-23
689.2633296829683 1.2291063803188376e-23
689.3623219321933 1.2289406365093995e-23
689.4613141814182 1.2287749373147172e-23
689.5603064306431 1.2286092827168147e-23
689.659298679868 1.2284436726977238e-23
689.7582909290929 1.2282781072394865e-23
689.8572831783179 1.228112586324156e-23
689.9562754275428 1.2279471099337922e-23
690.0552676767677 1.2277816780504671e-23
690.1542599259926 1.2276162906562613e-23
690.2532521752175 1.2274509477332644e-23
690.3522444244425 1.2272856492635774e-23
690.4512366736674 1.2271203952293091e-23
690.5502289228923 1.2269551856125785e-23
690.6492211721172 1.2267900203955145e-23
690.7482134213421 1.2266248995602552e-23
690.8472056705671 1.2264598230889478e-23
690.946197919792 1.2262947909637506e-23
691.0451901690169 1.2261298031668293e-23
691.1441824182418 1.2259648596803612e-23
691.2431746674667 1.2257999604865321e-23
691.3421669166917 1.2256351055675368e-23
691.4411591659166 1.2254702949055805e-23
691.5401514151415 1.2253055284828784e-23
691.6391436643664 1.2251408062816539e-23
691.7381359135913 1.2249761282841401e-23
691.8371281628163 1.2248114944725811e-23
691.9361204120412 1.2246469048292281e-23
692.0351126612661 1.224482359336344e-23
692.134104910491 1.2243178579762003e-23
692.233097159716 1.2241534007310771e-23
692.3320894089409 1.2239889875832651e-23
692.4310816581658 1.2238246185150644e-23
692.5300739073907 1.2236602935087842e-23
692.6290661566156 1.2234960125467432e-23
692.7280584058406 1.2233317756112694e-23
692.8270506550655 1.2231675826847007e-23
692.9260429042904 1.2230034337493837e-23
693.0250351535153 1.2228393287876755e-23
693.1240274027402 1.2226752677819413e-23
693.2230196519652 1.2225112507145569e-23
693.3220119011901 1.2223472775679067e-23
693.421004150415 1.2221833483243847e-23
693.5199963996399 1.222019462966395e-23
693.6189886488648 1.2218556214763495e-23
693.7179808980898 1.2216918238366707e-23
693.8169731473147 1.2215280700297905e-23
693.9159653965396 1.22136436003815e-23
694.0149576457645 1.2212006938441991e-23
694.1139498949894 1.2210370714303976e-23
694.2129421442144 1.2208734927792144e-23
694.3119343934394 1.2207099578731279e-23
694.4109266426643 1.2205464666946262e-23
694.5099188918892 1.2203830192262059e-23
694.6089111411142 1.2202196154503733e-23
694.7079033903391 1.2200562553496446e-23
694.806895639564 1.219892938906544e-23
694.9058878887889 1.219729666103606e-23
695.0048801380138 1.2195664369233744e-23
695.1038723872388 1.2194032513484015e-23
695.2028646364637 1.2192401093612506e-23
695.3018568856886 1.2190770109444917e-23
695.4008491349135 1.2189139560807065e-23
695.4998413841384 1.2187509447524846e-23
695.5988336333634 1.2185879769424254e-23
695.6978258825883 1.2184250526331368e-23
695.7968181318132 1.2182621718072369e-23
695.8958103810381 1.2180993344473528e-23
695.994802630263 1.21793654053612e-23
696.093794879488 1.217773790056185e-23
696.1927871287129 1.2176110829902018e-23
696.2917793779378 1.2174484193208343e-23
696.3907716271627 1.2172857990307553e-23
696.4897638763877 1.2171232221026473e-23
696.5887561256126 1.2169606885192024e-23
696.6877483748375 1.2167981982631204e-23
696.7867406240624 1.216635751317111e-23
696.8857328732873 1.2164733476638941e-23
696.9847251225123 1.2163109872861973e-23
697.0837173717372 1.2161486701667578e-23
697.1827096209621 1.2159863962883228e-23
697.281701870187 1.2158241656336475e-23
697.3806941194119 1.2156619781854965e-23
697.4796863686369 1.2154998339266446e-23
697.5786786178618 1.2153377328398742e-23
697.6776708670867 1.2151756749079777e-23
697.7766631163116 1.2150136601137566e-23
697.8756553655365 1.2148516884400218e-23
697.9746476147615 1.214689759869592e-23
698.0736398639864 1.2145278743852964e-23
698.1726321132113 1.2143660319699723e-23
698.2716243624362 1.2142042326064674e-23
698.3706166116611 1.2140424762776377e-23
698.4696088608861 1.2138807629663474e-23
698.568601110111 1.2137190926554716e-23
698.6675933593359 1.213557465327893e-23
698.7665856085608 1.2133958809665039e-23
698.8655778577858 1.2132343395542061e-23
698.9645701070107 1.213072841073909e-23
699.0635623562356 1.2129113855085334e-23
699.1625546054605 1.2127499728410069e-23
699.2615468546854 1.212588603054267e-23
699.3605391039104 1.2124272761312608e-23
699.4595313531353 1.2122659920549433e-23
699.5585236023602 1.2121047508082795e-23
699.6575158515851 1.2119435523742433e-23
699.75650810081 1.2117823967358165e-23
699.855500350035 1.2116212838759916e-23
699.9544925992599 1.2114602137777678e-23
700.0534848484848 1.2112991864241563e-23
700.1524770977097 1.2111382017981752e-23
700.2514693469346 1.2109772598828517e-23
700.3504615961596 1.2108163606612223e-23
700.4494538453846 1.2106555041163327e-23
700.5484460946095 1.2104946902312373e-23
700.6474383438344 1.210333918989e-23
700.7464305930594 1.2101731903726922e-23
700.8454228422843 1.2100125043653957e-23
700.9444150915092 1.2098518609502011e-23
701.0434073407341 1.209691260110207e-23
701.142399589959 1.2095307018285213e-23
701.241391839184 1.2093701860882619e-23
701.3403840884089 1.2092097128725535e-23
701.4393763376338 1.209049282164532e-23
701.5383685868587 1.2088888939473407e-23
701.6373608360836 1.2087285482041317e-23
701.7363530853086 1.208568244918067e-23
701.8353453345335 1.2084079840723173e-23
701.9343375837584 1.2082477656500612e-23
702.0333298329833 1.2080875896344867e-23
702.1323220822082 1.2079274560087915e-23
702.2313143314332 1.2077673647561807e-23
702.3303065806581 1.2076073158598703e-23
702.429298829883 1.2074473093030824e-23
702.5282910791079 1.2072873450690494e-23
702.6272833283329 1.2071274231410134e-23
702.7262755775578 1.206967543502224e-23
702.8252678267827 1.2068077061359402e-23
702.9242600760076 1.2066479110254293e-23
703.0232523252325 1.2064881581539687e-23
703.1222445744575 1.2063284475048424e-23
703.2212368236824 1.2061687790613462e-23
703.3202290729073 1.206009152806781e-23
703.4192213221322 1.2058495687244596e-23
703.5182135713571 1.2056900267977021e-23
703.6172058205821 1.2055305270098387e-23
703.716198069807 1.2053710693442068e-23
703.8151903190319 1.2052116537841524e-23
703.9141825682568 1.2050522803130325e-23
704.0131748174817 1.20489294891421e-23
704.1121670667067 1.2047336595710592e-23
704.2111593159316 1.2045744122669606e-23
704.3101515651565 1.2044152069853057e-23
704.4091438143814 1.204256043709494e-23
704.5081360636063 1.2040969224229322e-23
704.6071283128313 1.2039378431090385e-23
704.7061205620562 1.203778805751237e-23
704.8051128112811 1.2036198103329629e-23
704.904105060506 1.2034608568376583e-23
705.003097309731 1.203301945248775e-23
705.1020895589559 1.203143075549773e-23
705.2010818081808 1.2029842477241217e-23
705.3000740574057 1.2028254617552983e-23
705.3990663066306 1.202666717626789e-23
705.4980585558556 1.2025080153220892e-23
705.5970508050805 1.2023493548247018e-23
705.6960430543054 1.2021907361181396e-23
705.7950353035303 1.2020321591859233e-23
705.8940275527552 1.2018736240115828e-23
705.9930198019802 1.2017151305786557e-23
706.0920120512051 1.201556678870689e-23
706.19100430043 1.2013982688712382e-23
706.2899965496549 1.2012399005638674e-23
706.3889887988798 1.2010815739321494e-23
706.4879810481048 1.2009232889596655e-23
706.5869732973297 1.200765045630005e-23
706.6859655465547 1.2006068439267674e-23
706.7849577957796 1.2004486838335594e-23
706.8839500450046 1.2002905653339965e-23
706.9829422942295 1.200132488411703e-23
707.0819345434544 1.1999744530503118e-23
707.1809267926793 1.1998164592334649e-23
707.2799190419042 1.1996585069448112e-23
707.3789112911292 1.1995005961680098e-23
707.4779035403541 1.1993427268867282e-23
707.576895789579 1.1991848990846418e-23
707.6758880388039 1.199027112745435e-23
707.7748802880288 1.1988693678527999e-23
707.8738725372538 1.1987116643904377e-23
707.9728647864787 1.1985540023420596e-23
708.0718570357036 1.1983963816913828e-23
708.1708492849285 1.1982388024221339e-23
708.2698415341534 1.1980812645180492e-23
708.3688337833784 1.1979237679628718e-23
708.4678260326033 1.1977663127403547e-23
708.5668182818282 1.1976088988342584e-23
708.6658105310531 1.197451526228352e-23
708.764802780278 1.197294194906414e-23
708.863795029503 1.1971369048522302e-23
708.9627872787279 1.1969796560495957e-23
709.0617795279528 1.1968224484823136e-23
709.1607717771777 1.1966652821341955e-23
709.2597640264026 1.1965081569890612e-23
709.3587562756276 1.1963510730307402e-23
709.4577485248525 1.1961940302430695e-23
709.5567407740774 1.1960370286098941e-23
709.6557330233023 1.1958800681150684e-23
709.7547252725273 1.1957231487424541e-23
709.8537175217522 1.1955662704759227e-23
709.9527097709771 1.1954094332993527e-23
710.051702020202 1.1952526371966324e-23
710.1506942694269 1.1950958821516575e-23
710.2496865186519 1.1949391681483329e-23
710.3486787678768 1.1947824951705708e-23
710.4476710171017 1.1946258632022922e-23
710.5466632663266 1.1944692722274276e-23
710.6456555155515 1.1943127222299146e-23
710.7446477647765 1.1941562131936993e-23
710.8436400140014 1.1939997451027366e-23
710.9426322632263 1.1938433179409895e-23
711.0416245124512 1.1936869316924296e-23
711.1406167616761 1.1935305863410368e-23
711.2396090109011 1.1933742818707991e-23
711.338601260126 1.193218018265713e-23
711.4375935093509 1.193061795509783e-23
711.5365857585758 1.1929056135870227e-23
711.6355780078007 1.1927494724814535e-23
711.7345702570257 1.1925933721771052e-23
711.8335625062506 1.1924373126580156e-23
711.9325547554755 1.1922812939082316e-23
712.0315470047004 1.1921253159118073e-23
712.1305392539253 1.1919693786528064e-23
712.2295315031503 1.1918134821153e-23
712.3285237523752 1.1916576262833674e-23
712.4275160016001 1.1915018111410969e-23
712.526508250825 1.1913460366725842e-23
712.62550050005 1.1911903028619342e-23
712.7244927492749 1.1910346096932596e-23
712.8234849984999 1.1908789571506805e-23
712.9224772477248 1.1907233452183274e-23
713.0214694969497 1.1905677738803366e-23
713.1204617461747 1.1904122431208543e-23
713.2194539953996 1.190256752924035e-23
713.3184462446245 1.1901013032740399e-23
713.4174384938494 1.1899458941550399e-23
713.5164307430744 1.189790525551214e-23
713.6154229922993 1.189635197446748e-23
713.7144152415242 1.1894799098258383e-23
713.8134074907491 1.189324662672687e-23
713.912399739974 1.1891694559715062e-23
714.011391989199 1.1890142897065156e-23
714.1103842384239 1.1888591638619421e-23
714.2093764876488 1.188704078422023e-23
714.3083687368737 1.1885490333710022e-23
714.4073609860986 1.1883940286931321e-23
714.5063532353236 1.1882390643726722e-23
714.6053454845485 1.1880841403938928e-23
714.7043377337734 1.1879292567410699e-23
714.8033299829983 1.1877744133984889e-23
714.9023222322232 1.1876196103504427e-23
715.0013144814482 1.187464847581233e-23
715.1003067306731 1.1873101250751689e-23
715.199298979898 1.1871554428165682e-23
715.2982912291229 1.187000800789757e-23
715.3972834783478 1.1868461989790684e-23
715.4962757275728 1.1866916373688447e-23
715.5952679767977 1.1865371159434363e-23
715.6942602260226 1.186382634687201e-23
715.7932524752475 1.1862281935845054e-23
715.8922447244724 1.1860737926197237e-23
715.9912369736974 1.1859194317772383e-23
716.0902292229223 1.1857651110414399e-23
716.1892214721472 1.1856108303967277e-23
716.2882137213721 1.185456589827507e-23
716.387205970597 1.1853023893181945e-23
716.486198219822 1.1851482288532112e-23
716.5851904690469 1.1849941084169893e-23
716.6841827182718 1.1848400279939669e-23
716.7831749674967 1.1846859875685917e-23
716.8821672167217 1.1845319871253185e-23
716.9811594659466 1.184378026648611e-23
717.0801517151715 1.1842241061229396e-23
717.1791439643964 1.1840702255327832e-23
717.2781362136213 1.1839163848626294e-23
717.3771284628463 1.1837625840969739e-23
717.4761207120712 1.1836088232203195e-23
717.5751129612961 1.1834551022171776e-23
717.674105210521 1.183301421072067e-23
717.7730974597459 1.183147779769515e-23
717.8720897089709 1.1829941782940577e-23
717.9710819581958 1.1828406166302373e-23
718.0700742074207 1.1826870947626052e-23
718.1690664566456 1.182533612675721e-23
718.2680587058705 1.1823801703541515e-23
718.3670509550955 1.1822267677824717e-23
718.4660432043204 1.1820734049452653e-23
718.5650354535453 1.1819200818271222e-23
718.6640277027702 1.1817667984126425e-23
718.7630199519951 1.1816135546864328e-23
718.8620122012201 1.1814603506331081e-23
718.961004450445 1.1813071862372907e-23
719.05999669967 1.1811540614836114e-23
719.158988948895 1.1810009763567097e-23
719.2579811981199 1.1808479308412312e-23
719.3569734473448 1.1806949249218306e-23
719.4559656965697 1.1805419585831706e-23
719.5549579457946 1.1803890318099216e-23
719.6539501950195 1.1802361445867619e-23
719.7529424442445 1.1800832968983767e-23
719.8519346934694 1.1799304887294604e-23
719.9509269426943 1.179777720064716e-23
720.0499191919192 1.1796249908888524e-23
720.1489114411442 1.1794723011865866e-23
720.2479036903691 1.1793196509426449e-23
720.346895939594 1.1791670401417606e-23
720.4458881888189 1.1790144687686748e-23
720.5448804380438 1.178861936808137e-23
720.6438726872688 1.1787094442449033e-23
720.7428649364937 1.1785569910637395e-23
720.8418571857186 1.1784045772494173e-23
720.9408494349435 1.178252202786718e-23
721.0398416841684 1.1780998676604292e-23
721.1388339333934 1.1779475718553467e-23
721.2378261826183 1.1777953153562757e-23
721.3368184318432 1.1776430981480271e-23
721.4358106810681 1.1774909202154207e-23
721.534802930293 1.1773387815432835e-23
721.633795179518 1.1771866821164509e-23
721.7327874287429 1.177034621919766e-23
721.8317796779678 1.1768826009380796e-23
721.9307719271927 1.1767306191562501e-23
722.0297641764176 1.1765786765591437e-23
722.1287564256426 1.1764267731316347e-23
722.2277486748675 1.1762749088586045e-23
722.3267409240924 1.1761230837249433e-23
722.4257331733173 1.1759712977155482e-23
722.5247254225422 1.1758195508153242e-23
722.6237176717672 1.1756678430091845e-23
722.7227099209921 1.1755161742820493e-23
722.821702170217 1.1753645446188478e-23
722.9206944194419 1.1752129540045151e-23
723.0196866686668 1.1750614024239956e-23
723.1186789178918 1.1749098898622406e-23
723.2176711671167 1.17475841630421e-23
723.3166634163416 1.1746069817348702e-23
723.4156556655665 1.1744555861391956e-23
723.5146479147915 1.174304229502169e-23
723.6136401640164 1.1741529118087807e-23
723.7126324132413 1.1740016330440283e-23
723.8116246624662 1.1738503931929175e-23
723.9106169116911 1.1736991922404609e-23
724.009609160916 1.1735480301716802e-23
724.108601410141 1.1733969069716036e-23
724.2075936593659 1.1732458226252672e-23
724.3065859085908 1.1730947771177146e-23
724.4055781578157 1.1729437704339975e-23
724.5045704070407 1.1727928025591752e-23
724.6035626562656 1.1726418734783152e-23
724.7025549054905 1.1724909831764907e-23
724.8015471547154 1.1723401316387847e-23
724.9005394039403 1.1721893188502866e-23
724.9995316531653 1.1720385447960942e-23
725.0985239023902 1.1718878094613125e-23
725.1975161516152 1.1717371128310529e-23
725.2965084008401 1.1715864548904371e-23
725.3955006500651 1.171435835624593e-23
725.49449289929 1.1712852550186555e-23
725.5934851485149 1.1711347130577674e-23
725.6924773977398 1.17098420972708e-23
725.7914696469647 1.1708337450117513e-23
725.8904618961897 1.1706833188969476e-23
725.9894541454146 1.1705329313678417e-23
726.0884463946395 1.1703825824096148e-23
726.1874386438644 1.1702322720074555e-23
726.2864308930893 1.1700820001465609e-23
726.3854231423143 1.1699317668121328e-23
726.4844153915392 1.1697815719893844e-23
726.5834076407641 1.1696314156635332e-23
726.682399889989 1.1694812978198062e-23
726.781392139214 1.1693312184434375e-23
726.8803843884389 1.1691811775196683e-23
726.9793766376638 1.1690311750337475e-23
727.0783688868887 1.1688812109709318e-23
727.1773611361136 1.1687312853164855e-23
727.2763533853386 1.16858139805568e-23
727.3753456345635 1.168431549173794e-23
727.4743378837884 1.1682817386561142e-23
727.5733301330133 1.1681319664879356e-23
727.6723223822382 1.1679822326545591e-23
727.7713146314632 1.167832537141294e-23
727.8703068806881 1.1676828799334567e-23
727.969299129913 1.167533261016371e-23
728.0682913791379 1.1673836803753697e-23
728.1672836283628 1.1672341379957906e-23
728.2662758775878 1.1670846338629811e-23
728.3652681268127 1.1669351679622943e-23
728.4642603760376 1.1667857402790926e-23
728.5632526252625 1.166636350798744e-23
728.6622448744874 1.166486999506626e-23
728.7612371237124 1.1663376863881216e-23
728.8602293729373 1.166188411428622e-23
728.9592216221622 1.1660391746135262e-23
729.0582138713871 1.1658899759282405e-23
729.157206120612 1.165740815358178e-23
729.256198369837 1.1655916928887603e-23
729.3551906190619 1.165442608505415e-23
729.4541828682868 1.1652935621935792e-23
729.5531751175117 1.1651445539386947e-23
729.6521673667366 1.1649955837262133e-23
729.7511596159616 1.1648466515415924e-23
729.8501518651865 1.1646977573702975e-23
729.9491441144114 1.164548901197802e-23
730.0481363636363 1.1644000830095851e-23
730.1471286128613 1.1642513027911357e-23
730.2461208620862 1.1641025605279476e-23
730.3451131113111 1.163953856205524e-23
730.444105360536 1.163805189809374e-23
730.5430976097609 1.1636565613250153e-23
730.6420898589859 1.1635079707379721e-23
730.7410821082108 1.1633594180337761e-23
730.8400743574357 1.1632109031979669e-23
730.9390666066606 1.1630624262160904e-23
731.0380588558855 1.1629139870737008e-23
731.1370511051105 1.1627655857563592e-23
731.2360433543354 1.1626172222496341e-23
731.3350356035603 1.1624688965391015e-23
731.4340278527853 1.1623206086103443e-23
731.5330201020103 1.1621723584489533e-23
731.6320123512352 1.1620241460405264e-23
731.7310046004601 1.1618759713706682e-23
731.829996849685 1.1617278344249913e-23
731.9289890989099 1.1615797351891158e-23
732.0279813481349 1.1614316736486686e-23
732.1269735973598 1.1612836497892836e-23
732.2259658465847 1.1611356635966026e-23
732.3249580958096 1.1609877150562745e-23
732.4239503450345 1.1608398041539548e-23
732.5229425942595 1.1606919308753084e-23
732.6219348434844 1.1605440952060048e-23
732.7209270927093 1.1603962971317221e-23
732.8199193419342 1.160248536638146e-23
732.9189115911591 1.1601008137109683e-23
733.0179038403841 1.1599531283358891e-23
733.116896089609 1.1598054804986156e-23
733.2158883388339 1.1596578701848616e-23
733.3148805880588 1.1595102973803484e-23
733.4138728372837 1.159362762070805e-23
733.5128650865087 1.159215264241967e-23
733.6118573357336 1.1590678038795774e-23
733.7108495849585 1.1589203809693867e-23
733.8098418341834 1.1587729954971529e-23
733.9088340834084 1.1586256474486404e-23
734.0078263326333 1.1584783368096209e-23
734.1068185818582 1.1583310635658732e-23
734.2058108310831 1.1581838277031846e-23
734.304803080308 1.1580366292073483e-23
734.403795329533 1.1578894680641645e-23
734.5027875787579 1.1577423442594413e-23
734.6017798279828 1.1575952577789943e-23
734.7007720772077 1.1574482086086448e-23
734.7997643264326 1.1573011967342234e-23
734.8987565756576 1.1571542221415657e-23
734.9977488248825 1.1570072848165157e-23
735.0967410741074 1.1568603847449245e-23
735.1957333233323 1.1567135219126501e-23
735.2947255725572 1.156566696305557e-23
735.3937178217822 1.1564199079095181e-23
735.4927100710071 1.1562731567104127e-23
735.591702320232 1.1561264426941277e-23
735.6906945694569 1.1559797658465567e-23
735.7896868186818 1.1558331261536001e-23
735.8886790679068 1.155686523601166e-23
735.9876713171317 1.1555399581751696e-23
736.0866635663566 1.1553934298615331e-23
736.1856558155815 1.1552469386461857e-23
736.2846480648064 1.1551004845150635e-23
736.3836403140314 1.1549540674541102e-23
736.4826325632563 1.1548076874492769e-23
736.5816248124812 1.1546613444865202e-23
736.6806170617061 1.1545150385518055e-23
736.779609310931 1.1543687696311042e-23
736.878601560156 1.1542225377103954e-23
736.9775938093809 1.1540763427756653e-23
737.0765860586058 1.1539301848129067e-23
737.1755783078307 1.153784063808119e-23
737.2745705570557 1.1536379797473101e-23
737.3735628062806 1.1534919326164942e-23
737.4725550555055 1.1533459224016922e-23
737.5715473047305 1.1531999490889321e-23
737.6705395539555 1.1530540126642496e-23
737.7695318031804 1.152908113113687e-23
737.8685240524053 1.1527622504232935e-23
737.9675163016302 1.1526164245791254e-23
738.0665085508551 1.1524706355672464e-23
738.16550080008 1.1523248833737269e-23
738.264493049305 1.1521791679846442e-23
738.3634852985299 1.1520334893860824e-23
738.4624775477548 1.1518878475641335e-23
738.5614697969797 1.1517422425048952e-23
738.6604620462047 1.1515966741944738e-23
738.7594542954296 1.1514511426189815e-23
738.8584465446545 1.1513056477645371e-23
738.9574387938794 1.1511601896172672e-23
739.0564310431043 1.1510147681633054e-23
739.1554232923293 1.150869383388792e-23
739.2544155415542 1.150724035279874e-23
739.3534077907791 1.1505787238227058e-23
739.452400040004 1.1504334490034488e-23
739.5513922892289 1.1502882108082707e-23
739.6503845384539 1.1501430092233474e-23
739.7493767876788 1.14999784423486e-23
739.8483690369037 1.149852715828998e-23
739.9473612861286 1.1497076239919577e-23
740.0463535353535 1.149562568709941e-23
740.1453457845785 1.1494175499691586e-23
740.2443380338034 1.1492725677558268e-23
740.3433302830283 1.149127622056169e-23
740.4423225322532 1.1489827128564162e-23
740.5413147814781 1.1488378401428058e-23
740.6403070307031 1.1486930039015821e-23
740.739299279928 1.148548204118996e-23
740.8382915291529 1.1484034407813063e-23
740.9372837783778 1.1482587138747774e-23
741.0362760276028 1.1481140233856817e-23
741.1352682768277 1.1479693693002984e-23
741.2342605260526 1.147824751604912e-23
741.3332527752775 1.1476801702858158e-23
741.4322450245024 1.1475356253293098e-23
741.5312372737274 1.1473911167216994e-23
741.6302295229523 1.1472466444492983e-23
741.7292217721772 1.1471022084984261e-23
741.8282140214021 1.1469578088554102e-23
741.927206270627 1.1468134455065842e-23
742.026198519852 1.1466691184382887e-23
742.1251907690769 1.1465248276368708e-23
742.2241830183018 1.1463805730886852e-23
742.3231752675267 1.146236354780093e-23
742.4221675167516 1.1460921726974619e-23
742.5211597659766 1.1459480268271668e-23
742.6201520152015 1.1458039171555888e-23
742.7191442644264 1.145659843669117e-23
742.8181365136513 1.1455158063541466e-23
742.9171287628762 1.1453718051970789e-23
743.0161210121012 1.1452278401843235e-23
743.1151132613261 1.1450839113022953e-23
743.214105510551 1.1449400185374174e-23
743.3130977597759 1.1447961618761186e-23
743.4120900090008 1.1446523413048349e-23
743.5110822582258 1.1445085568100094e-23
743.6100745074507 1.144364808378091e-23
743.7090667566756 1.1442210959955366e-23
743.8080590059006 1.1440774196488088e-23
743.9070512551256 1.1439337793243782e-23
744.0060435043505 1.1437901750087205e-23
744.1050357535754 1.1436466066883198e-23
744.2040280028003 1.143503074349666e-23
744.3030202520252 1.1433595779792557e-23
744.4020125012502 1.1432161175635929e-23
744.5010047504751 1.1430726930891878e-23
744.5999969997 1.1429293045425577e-23
744.6989892489249 1.142785951910226e-23
744.7979814981499 1.1426426351787232e-23
744.8969737473748 1.1424993543345872e-23
744.9959659965997 1.1423561093643616e-23
745.0949582458246 1.1422129002545971e-23
745.1939504950495 1.1420697269918508e-23
745.2929427442745 1.1419265895626876e-23
745.3919349934994 1.1417834879536778e-23
745.4909272427243 1.1416404221513986e-23
745.5899194919492 1.1414973921424352e-23
745.6889117411741 1.1413543979133777e-23
745.7879039903991 1.1412114394508237e-23
745.886896239624 1.141068516741378e-23
745.9858884888489 1.140925629771651e-23
746.0848807380738 1.1407827785282609e-23
746.1838729872987 1.1406399629978314e-23
746.2828652365237 1.1404971831669937e-23
746.3818574857486 1.1403544390223856e-23
746.4808497349735 1.1402117305506512e-23
746.5798419841984 1.1400690577384413e-23
746.6788342334233 1.1399264205724136e-23
746.7778264826483 1.1397838190392324e-23
746.8768187318732 1.1396412531255682e-23
746.9758109810981 1.139498722818099e-23
747.074803230323 1.1393562281035087e-23
747.173795479548 1.1392137689684883e-23
747.2727877287729 1.1390713453997345e-23
747.3717799779978 1.1389289573839516e-23
747.4707722272227 1.1387866049078506e-23
747.5697644764476 1.1386442879581485e-23
747.6687567256726 1.138502006521569e-23
747.7677489748975 1.1383597605848424e-23
747.8667412241224 1.1382175501347059e-23
747.9657334733473 1.1380753751579035e-23
748.0647257225722 1.1379332356411849e-23
748.1637179717972 1.1377911315713071e-23
748.2627102210221 1.1376490629350331e-23
748.361702470247 1.1375070297191335e-23
748.4606947194719 1.1373650319103845e-23
748.5596869686968 1.1372230694955693e-23
748.6586792179218 1.1370811424614772e-23
748.7576714671467 1.1369392507949052e-23
748.8566637163716 1.1367973944826552e-23
748.9556559655965 1.1366555735115377e-23
749.0546482148214 1.1365137878683672e-23
749.1536404640464 1.136372037539967e-23
749.2526327132713 1.1362303225131659e-23
749.3516249624962 1.1360886427747992e-23
749.4506172117211 1.1359469983117098e-23
749.549609460946 1.1358053891107453e-23
749.648601710171 1.1356638151587607e-23
749.7475939593959 1.1355222764426186e-23
749.8465862086208 1.1353807729491865e-23
749.9455784578458 1.135239304665339e-23
750.0445707070708 1.1350978715779577e-23
750.1435629562957 1.1349564736739299e-23
750.2425552055206 1.1348151109401504e-23
750.3415474547455 1.134673783363519e-23
750.4405397039704 1.1345324909309433e-23
750.5395319531954 1.1343912336293368e-23
750.6385242024203 1.1342500114456197e-23
750.7375164516452 1.1341088243667193e-23
750.8365087008701 1.1339676723795676e-23
750.935500950095 1.1338265554711049e-23
751.03449319932 1.1336854736282764e-23
751.1334854485449 1.133544426838036e-23
751.2324776977698 1.1334034150873418e-23
751.3314699469947 1.1332624383631586e-23
751.4304621962197 1.133121496652459e-23
751.5294544454446 1.1329805899422218e-23
751.6284466946695 1.1328397182194316e-23
751.7274389438944 1.1326988814710787e-23
751.8264311931193 1.1325580796841613e-23
751.9254234423443 1.132417312845684e-23
752.0244156915692 1.1322765809426563e-23
752.1234079407941 1.1321358839620963e-23
752.222400190019 1.1319952218910264e-23
752.3213924392439 1.1318545947164768e-23
752.4203846884689 1.1317140024254833e-23
752.5193769376938 1.1315734450050895e-23
752.6183691869187 1.1314329224423434e-23
752.7173614361436 1.1312924347243008e-23
752.8163536853685 1.1311519818380233e-23
752.9153459345935 1.1310115637705793e-23
753.0143381838184 1.1308711805090434e-23
753.1133304330433 1.1307308320404967e-23
753.2123226822682 1.1305905183520262e-23
753.3113149314931 1.1304502394307259e-23
753.4103071807181 1.1303099952636958e-23
753.509299429943 1.1301697858380424e-23
753.6082916791679 1.1300296111408786e-23
753.7072839283928 1.1298894711593232e-23
753.8062761776177 1.1297493658805026e-23
753.9052684268427 1.1296092952915483e-23
754.0042606760676 1.1294692593795983e-23
754.1032529252925 1.1293292581317977e-23
754.2022451745174 1.1291892915352969e-23
754.3012374237424 1.1290493595772538e-23
754.4002296729673 1.1289094622448319e-23
754.4992219221922 1.1287695995252004e-23
754.5982141714171 1.1286297714055364e-23
754.697206420642 1.1284899778730226e-23
754.796198669867 1.1283502189148479e-23
754.8951909190919 1.128210494518207e-23
754.9941831683168 1.1280708046703018e-23
755.0931754175417 1.1279311493583402e-23
755.1921676667666 1.1277915285695366e-23
755.2911599159916 1.1276519422911108e-23
755.3901521652165 1.12751239051029e-23
755.4891444144414 1.1273728732143074e-23
755.5881366636663 1.127233390390402e-23
755.6871289128912 1.1270939420258204e-23
755.7861211621162 1.1269545281078132e-23
755.8851134113411 1.1268151486236389e-23
755.984105660566 1.1266758035605625e-23
756.0830979097909 1.1265364929058544e-23
756.182090159016 1.1263972166467917e-23
756.2810824082409 1.1262579747706576e-23
756.3800746574658 1.1261187672647419e-23
756.4790669066907 1.1259795941163402e-23
756.5780591559156 1.125840455312754e-23
756.6770514051406 1.1257013508412921e-23
756.7760436543655 1.1255622806892691e-23
756.8750359035904 1.1254232448440054e-23
756.9740281528153 1.1252842432928283e-23
757.0730204020402 1.1251452760230709e-23
757.1720126512652 1.1250063430220724e-23
757.2710049004901 1.1248674442771788e-23
757.369997149715 1.1247285797757423e-23
757.4689893989399 1.1245897495051202e-23
757.5679816481648 1.124450953452677e-23
757.6669738973898 1.1243121916057834e-23
757.7659661466147 1.1241734639518162e-23
757.8649583958396 1.1240347704781583e-23
757.9639506450645 1.1238961111721994e-23
758.0629428942894 1.1237574860213331e-23
758.1619351435144 1.1236188950129627e-23
758.2609273927393 1.1234803381344955e-23
758.3599196419642 1.1233418153733441e-23
758.4589118911891 1.12320332671693e-23
758.557904140414 1.1230648721526788e-23
758.656896389639 1.1229264516680226e-23
758.7558886388639 1.1227880652504011e-23
758.8548808880888 1.1226497128872577e-23
758.9538731373137 1.1225113945660443e-23
759.0528653865387 1.122373110274217e-23
759.1518576357636 1.1222348599992397e-23
759.2508498849885 1.1220966437285815e-23
759.3498421342134 1.1219584614497179e-23
759.4488343834383 1.1218203131501305e-23
759.5478266326633 1.1216821988173067e-23
759.6468188818882 1.1215441184387412e-23
759.7458111311131 1.1214060720019331e-23
759.844803380338 1.1212680594943892e-23
759.9437956295629 1.1211300809036209e-23
760.0427878787879 1.1209921362171479e-23
760.1417801280128 1.1208542254224936e-23
760.2407723772377 1.120716348507189e-23
760.3397646264626 1.1205785054587708e-23
760.4387568756875 1.1204406962647814e-23
760.5377491249125 1.1203029209127706e-23
760.6367413741374 1.1201651793902929e-23
760.7357336233623 1.1200274716849088e-23
760.8347258725872 1.1198897977841861e-23
760.9337181218121 1.1197521576756981e-23
761.0327103710371 1.1196145513470242e-23
761.131702620262 1.1194769787857495e-23
761.2306948694869 1.1193394399794655e-23
761.3296871187118 1.1192019349157699e-23
761.4286793679368 1.1190644635822665e-23
761.5276716171617 1.1189270259665647e-23
761.6266638663866 1.1187896220562799e-23
761.7256561156115 1.1186522518390347e-23
761.8246483648364 1.1185149153024562e-23
761.9236406140614 1.118377612434179e-23
762.0226328632863 1.1182403432218426e-23
762.1216251125112 1.118103107653093e-23
762.2206173617361 1.1179659057155825e-23
762.3196096109612 1.1178287373969685e-23
762.4186018601861 1.117691602684916e-23
762.517594109411 1.1175545015670938e-23
762.6165863586359 1.1174174340311794e-23
762.7155786078608 1.1172804000648542e-23
762.8145708570858 1.1171433996558067e-23
762.9135631063107 1.1170064327917304e-23
763.0125553555356 1.116869499460326e-23
763.1115476047605 1.1167325996492996e-23
763.2105398539854 1.1165957333463636e-23
763.3095321032104 1.1164589005392356e-23
763.4085243524353 1.1163221012156401e-23
763.5075166016602 1.1161853353633073e-23
763.6065088508851 1.1160486029699726e-23
763.70550110011 1.1159119040233794e-23
763.804493349335 1.1157752385112747e-23
763.9034855985599 1.1156386064214131e-23
764.0024778477848 1.1155020077415542e-23
764.1014700970097 1.1153654424594646e-23
764.2004623462346 1.1152289105629159e-23
764.2994545954596 1.1150924120396856e-23
764.3984468446845 1.1149559468775585e-23
764.4974390939094 1.1148195150643235e-23
764.5964313431343 1.1146831165877768e-23
764.6954235923592 1.1145467514357204e-23
764.7944158415842 1.114410419595961e-23
764.8934080908091 1.1142741210563136e-23
764.992400340034 1.1141378558045965e-23
765.0913925892589 1.1140016238286359e-23
765.1903848384839 1.1138654251162624e-23
765.2893770877088 1.1137292596553138e-23
765.3883693369337 1.113593127433634e-23
765.4873615861586 1.1134570284390708e-23
765.5863538353835 1.11332096265948e-23
765.6853460846085 1.1131849300827228e-23
765.7843383338334 1.1130489306966652e-23
765.8833305830583 1.112912964489181e-23
765.9823228322832 1.1127770314481479e-23
766.0813150815081 1.1126411315614512e-23
766.1803073307331 1.1125052648169804e-23
766.279299579958 1.112369431202633e-23
766.3782918291829 1.1122336307063109e-23
766.4772840784078 1.1120978633159216e-23
766.5762763276327 1.1119621290193798e-23
766.6752685768577 1.1118264278046046e-23
766.7742608260826 1.1116907596595226e-23
766.8732530753075 1.1115551245720646e-23
766.9722453245324 1.1114195225301681e-23
767.0712375737573 1.111283953521777e-23
767.1702298229823 1.11114841753484e-23
767.2692220722072 1.1110129145573125e-23
767.3682143214321 1.1108774445771549e-23
767.467206570657 1.1107420075823337e-23
767.566198819882 1.1106066035608222e-23
767.6651910691069 1.1104712325005987e-23
767.7641833183318 1.1103358943896464e-23
767.8631755675567 1.1102005892159561e-23
767.9621678167816 1.1100653169675241e-23
768.0611600660066 1.1099300776323508e-23
768.1601523152315 1.1097948711984453e-23
768.2591445644564 1.1096596976538198e-23
768.3581368136813 1.1095245569864937e-23
768.4571290629062 1.1093894491844921e-23
768.5561213121313 1.1092543742358456e-23
768.6551135613562 1.1091193321285908e-23
768.7541058105811 1.10898432285077e-23
768.853098059806 1.1088493463904315e-23
768.952090309031 1.1087144027356293e-23
769.0510825582559 1.1085794918744229e-23
769.1500748074808 1.1084446137948778e-23
769.2490670567057 1.1083097684850659e-23
769.3480593059306 1.1081749559330634e-23
769.4470515551556 1.1080401761269533e-23
769.5460438043805 1.1079054290548247e-23
769.6450360536054 1.1077707147047715e-23
769.7440283028303 1.1076360330648942e-23
769.8430205520552 1.1075013841232989e-23
769.9420128012802 1.1073667678680966e-23
770.0410050505051 1.1072321842874048e-23
770.13999729973 1.1070976333693473e-23
770.2389895489549 1.1069631151020525e-23
770.3379817981798 1.1068286294736551e-23
770.4369740474048 1.1066941764722957e-23
770.5359662966297 1.1065597560861203e-23
770.6349585458546 1.1064253683032807e-23
770.7339507950795 1.1062910131119347e-23
770.8329430443044 1.1061566905002452e-23
770.9319352935294 1.1060224004563817e-23
771.0309275427543 1.1058881429685185e-23
771.1299197919792 1.1057539180248363e-23
771.2289120412041 1.1056197256135217e-23
771.327904290429 1.105485565722766e-23
771.426896539654 1.105351438340767e-23
771.5258887888789 1.1052173434557281e-23
771.6248810381038 1.1050832810558583e-23
771.7238732873287 1.104949251129372e-23
771.8228655365536 1.1048152536644897e-23
771.9218577857786 1.1046812886494371e-23
772.0208500350035 1.1045473560724469e-23
772.1198422842284 1.1044134559217562e-23
772.2188345334533 1.1042795881856075e-23
772.3178267826783 1.1041457528522504e-23
772.4168190319032 1.1040119499099387e-23
772.5158112811281 1.103878179346933e-23
772.614803530353 1.1037444411514985e-23
772.7137957795779 1.103610735311907e-23
772.8127880288029 1.1034770618164356e-23
772.9117802780278 1.1033434206533672e-23
773.0107725272527 1.1032098118109902e-23
773.1097647764776 1.1030762352775984e-23
773.2087570257025 1.1029426910414913e-23
773.3077492749275 1.102809179090975e-23
773.4067415241524 1.10267569941436e-23
773.5057337733773 1.1025422519999625e-23
773.6047260226022 1.1024088368361054e-23
773.7037182718271 1.1022754539111161e-23
773.8027105210521 1.1021421032133286e-23
773.901702770277 1.1020087847310818e-23
774.0006950195019 1.1018754984527199e-23
774.0996872687268 1.1017422443665937e-23
774.1986795179517 1.101609022461059e-23
774.2976717671767 1.1014758327244778e-23
774.3966640164016 1.1013426751452168e-23
774.4956562656265 1.1012095497116485e-23
774.5946485148514 1.1010764564121517e-23
774.6936407640765 1.1009433952351102e-23
774.7926330133014 1.1008103661689134e-23
774.8916252625263 1.1006773692019566e-23
774.9906175117512 1.1005444043226403e-23
775.0896097609761 1.1004114715193712e-23
775.1886020102011 1.1002785707805606e-23
775.287594259426 1.1001457020946265e-23
775.3865865086509 1.1000128654499913e-23
775.4855787578758 1.0998800608350836e-23
775.5845710071007 1.0997472882383383e-23
775.6835632563257 1.099614547648194e-23
775.7825555055506 1.0994818390530965e-23
775.8815477547755 1.0993491624414962e-23
775.9805400040004 1.0992165178018501e-23
776.0795322532254 1.0990839051226199e-23
776.1785245024503 1.0989513243922727e-23
776.2775167516752 1.0988187755992815e-23
776.3765090009001 1.098686258732125e-23
776.475501250125 1.098553773779287e-23
776.57449349935 1.0984213207292576e-23
776.6734857485749 1.0982888995705307e-23
776.7724779977998 1.0981565102916083e-23
776.8714702470247 1.0980241528809957e-23
776.9704624962496 1.0978918273272049e-23
777.0694547454746 1.0977595336187526e-23
777.1684469946995 1.0976272717441617e-23
777.2674392439244 1.0974950416919606e-23
777.3664314931493 1.0973628434506831e-23
777.4654237423742 1.0972306770088679e-23
777.5644159915992 1.0970985423550598e-23
777.6634082408241 1.0969664394778086e-23
777.762400490049 1.0968343683656706e-23
777.8613927392739 1.096702329007207e-23
777.9603849884988 1.0965703213909839e-23
778.0593772377238 1.0964383455055736e-23
778.1583694869487 1.0963064013395534e-23
778.2573617361736 1.0961744888815069e-23
778.3563539853985 1.0960426081200225e-23
778.4553462346234 1.0959107590436938e-23
778.5543384838484 1.0957789416411206e-23
778.6533307330733 1.0956471559009073e-23
778.7523229822982 1.095515401811665e-23
778.8513152315231 1.0953836793620091e-23
778.950307480748 1.0952519885405607e-23
779.049299729973 1.0951203293359467e-23
779.1482919791979 1.0949887017367996e-23
779.2472842284228 1.0948571057317568e-23
779.3462764776477 1.0947255413094612e-23
779.4452687268727 1.0945940084585611e-23
779.5442609760976 1.0944625071677105e-23
779.6432532253225 1.0943310374255691e-23
779.7422454745474 1.0941995992208015e-23
779.8412377237723 1.0940681925420776e-23
779.9402299729973 1.0939368173780732e-23
780.0392222222222 1.0938054737174689e-23
780.1382144714471 1.093674161548952e-23
780.237206720672 1.0935428808612137e-23
780.3361989698969 1.093411631642951e-23
780.4351912191219 1.093280413882867e-23
780.5341834683468 1.0931492275696698e-23
780.6331757175717 1.0930180726920728e-23
780.7321679667966 1.0928869492387939e-23
780.8311602160215 1.0927558571985587e-23
780.9301524652466 1.0926247965600959e-23
781.0291447144715 1.0924937673121409e-23
781.1281369636964 1.0923627694434338e-23
781.2271292129213 1.0922318029427203e-23
781.3261214621463 1.0921008677987517e-23
781.4251137113712 1.0919699640002846e-23
781.5241059605961 1.0918390915360806e-23
781.623098209821 1.0917082503949064e-23
781.722090459046 1.0915774405655355e-23
781.8210827082709 1.0914466620367454e-23
781.9200749574958 1.0913159147973192e-23
782.0190672067207 1.0911851988360457e-23
782.1180594559456 1.0910545141417191e-23
782.2170517051705 1.0909238607031384e-23
782.3160439543955 1.0907932385091085e-23
782.4150362036204 1.0906626475484388e-23
782.5140284528453 1.0905320878099456e-23
782.6130207020702 1.0904015592824489e-23
782.7120129512952 1.0902710619547745e-23
782.8110052005201 1.0901405958157544e-23
782.909997449745 1.0900101608542243e-23
783.0089896989699 1.089879757059027e-23
783.1079819481948 1.0897493844190096e-23
783.2069741974198 1.0896190429230246e-23
783.3059664466447 1.0894887325599299e-23
783.4049586958696 1.0893584533185884e-23
783.5039509450945 1.0892282051878684e-23
783.6029431943194 1.0890979881566452e-23
783.7019354435444 1.0889678022137962e-23
783.8009276927693 1.0888376473482062e-23
783.8999199419942 1.0887075235487656e-23
783.9989121912191 1.0885774308043687e-23
784.097904440444 1.0884473691039163e-23
784.196896689669 1.088317338436313e-23
784.2958889388939 1.08818733879047e-23
784.3948811881188 1.0880573701553041e-23
784.4938734373437 1.0879274325197355e-23
784.5928656865686 1.0877975258726919e-23
784.6918579357936 1.0876676502031046e-23
784.7908501850185 1.0875378054999106e-23
784.8898424342434 1.0874079917520528e-23
784.9888346834683 1.0872782089484788e-23
785.0878269326932 1.0871484570781409e-23
785.1868191819182 1.087018736129998e-23
785.2858114311431 1.086889046093013e-23
785.384803680368 1.0867593869561549e-23
785.4837959295929 1.0866297587083974e-23
785.5827881788179 1.0865001613387198e-23
785.6817804280428 1.0863705948361066e-23
785.7807726772677 1.086241059189547e-23
785.8797649264926 1.086111554388036e-23
785.9787571757175 1.0859820804205737e-23
786.0777494249425 1.0858526372761652e-23
786.1767416741674 1.0857232249438213e-23
786.2757339233923 1.0855938434125575e-23
786.3747261726172 1.0854644926713947e-23
786.4737184218421 1.0853351727093592e-23
786.5727106710671 1.0852058835154818e-23
786.671702920292 1.0850766250787999e-23
786.7706951695169 1.0849473973883549e-23
786.8696874187418 1.0848182004331932e-23
786.9686796679667 1.0846890342023677e-23
787.0676719171917 1.0845598986849353e-23
787.1666641664167 1.0844307938699586e-23
787.2656564156416 1.084301719746505e-23
787.3646486648665 1.0841726763036482e-23
787.4636409140915 1.0840436635304653e-23
787.5626331633164 1.08391468141604e-23
787.6616254125413 1.083785729949461e-23
787.7606176617662 1.0836568091198214e-23
787.8596099109911 1.0835279189162199e-23
787.9586021602161 1.0833990593277604e-23
788.057594409441 1.0832702303435525e-23
788.1565866586659 1.0831414319527101e-23
788.2555789078908 1.083012664144352e-23
788.3545711571157 1.0828839269076037e-23
788.4535634063407 1.0827552202315941e-23
788.5525556555656 1.0826265441054588e-23
788.6515479047905 1.082497898518337e-23
788.7505401540154 1.0823692834593741e-23
788.8495324032403 1.0822406989177203e-23
788.9485246524653 1.0821121448825306e-23
789.0475169016902 1.0819836213429666e-23
789.1465091509151 1.0818551282881929e-23
789.24550140014 1.0817266657073802e-23
789.344493649365 1.0815982335897051e-23
789.4434858985899 1.0814698319243485e-23
789.5424781478148 1.0813414607004956e-23
789.6414703970397 1.0812131199073387e-23
789.7404626462646 1.081084809534073e-23
789.8394548954896 1.0809565295699014e-23
789.9384471447145 1.0808282800040291e-23
790.0374393939394 1.0807000608256684e-23
790.1364316431643 1.0805718720240355e-23
790.2354238923892 1.0804437135883528e-23
790.3344161416142 1.0803155855078475e-23
790.4334083908391 1.0801874877717505e-23
790.532400640064 1.0800594203692994e-23
790.6313928892889 1.0799313832897364e-23
790.7303851385138 1.0798033765223091e-23
790.8293773877388 1.0796754000562691e-23
790.9283696369637 1.0795474538808744e-23
791.0273618861886 1.0794195379853872e-23
791.1263541354135 1.0792916523590751e-23
791.2253463846384 1.0791637969912108e-23
791.3243386338634 1.0790359718710715e-23
791.4233308830883 1.0789081769879405e-23
791.5223231323132 1.0787804123311047e-23
791.6213153815381 1.0786526778898581e-23
791.720307630763 1.0785249736534976e-23
791.819299879988 1.0783972996113268e-23
791.9182921292129 1.0782696557526531e-23
792.0172843784378 1.0781420420667895e-23
792.1162766276627 1.0780144585430547e-23
792.2152688768876 1.077886905170771e-23
792.3142611261126 1.077759381939267e-23
792.4132533753375 1.0776318888378754e-23
792.5122456245624 1.0775044258559347e-23
792.6112378737873 1.0773769929827883e-23
792.7102301230123 1.0772495902077837e-23
792.8092223722372 1.0771222175202744e-23
792.9082146214621 1.0769948749096187e-23
793.007206870687 1.0768675623651801e-23
793.1061991199119 1.0767402798763259e-23
793.2051913691369 1.0766130274324303e-23
793.3041836183619 1.0764858050228711e-23
793.4031758675868 1.0763586126370317e-23
793.5021681168117 1.0762314502643005e-23
793.6011603660367 1.0761043178940705e-23
793.7001526152616 1.0759772155157395e-23
793.7991448644865 1.075850143118712e-23
793.8981371137114 1.0757231006923947e-23
793.9971293629363 1.0755960882262017e-23
794.0961216121613 1.0754691057095506e-23
794.1951138613862 1.075342153131865e-23
794.2941061106111 1.0752152304825728e-23
794.393098359836 1.075088337751107e-23
794.4920906090609 1.0749614749269056e-23
794.5910828582859 1.0748346419994119e-23
794.6900751075108 1.0747078389580739e-23
794.7890673567357 1.0745810657923437e-23
794.8880596059606 1.07445432249168e-23
794.9870518551855 1.0743276090455451e-23
795.0860441044105 1.0742009254434072e-23
795.1850363536354 1.0740742716747392e-23
795.2840286028603 1.0739476477290181e-23
795.3830208520852 1.0738210535957268e-23
795.4820131013101 1.0736944892643529e-23
795.5810053505351 1.0735679547243887e-23
795.67999759976 1.073441449965332e-23
795.7789898489849 1.0733149749766847e-23
795.8779820982098 1.0731885297479542e-23
795.9769743474347 1.0730621142686528e-23
796.0759665966597 1.0729357285282973e-23
796.1749588458846 1.0728093725164102e-23
796.2739510951095 1.0726830462225183e-23
796.3729433443344 1.0725567496361529e-23
796.4719355935594 1.072430482746851e-23
796.5709278427843 1.072304245544155e-23
796.6699200920092 1.0721780380176107e-23
796.7689123412341 1.0720518601567695e-23
796.867904590459 1.0719257119511882e-23
796.966896839684 1.0717995933904278e-23
797.0658890889089 1.0716735044640546e-23
797.1648813381338 1.0715474451616392e-23
797.2638735873587 1.0714214154727579e-23
797.3628658365836 1.0712954153869917e-23
797.4618580858086 1.071169444893926e-23
797.5608503350335 1.0710435039831514e-23
797.6598425842584 1.0709175926442634e-23
797.7588348334833 1.070791710866862e-23
797.8578270827082 1.0706658586405529e-23
797.9568193319332 1.0705400359549459e-23
798.0558115811581 1.0704142427996555e-23
798.154803830383 1.070288479164302e-23
798.2537960796079 1.0701627450385099e-23
798.3527883288328 1.0700370404119086e-23
798.4517805780578 1.0699113652741323e-23
798.5507728272827 1.0697857196148202e-23
798.6497650765076 1.0696601034236165e-23
798.7487573257325 1.0695345166901703e-23
798.8477495749574 1.0694089594041346e-23
798.9467418241824 1.0692834315551684e-23
799.0457340734073 1.0691579331329348e-23
799.1447263226322 1.0690324641271026e-23
799.2437185718571 1.0689070245273446e-23
799.342710821082 1.0687816143233383e-23
799.441703070307 1.0686562335047664e-23
799.540695319532 1.0685308820613163e-23
799.6396875687569 1.0684055599826816e-23
799.7386798179818 1.0682802672585577e-23
799.8376720672068 1.0681550038786474e-23
799.9366643164317 1.0680297698326576e-23
800.0356565656566 1.0679045651102998e-23
800.1346488148815 1.0677793897012897e-23
800.2336410641065 1.0676542435953493e-23
800.3326333133314 1.0675291267822042e-23
800.4316255625563 1.067404039251585e-23
800.5306178117812 1.067278980993228e-23
800.6296100610061 1.0671539519968723e-23
800.728602310231 1.0670289522522638e-23
800.827594559456 1.0669039817491528e-23
800.9265868086809 1.0667790404772935e-23
801.0255790579058 1.0666541284264452e-23
801.1245713071307 1.0665292455863725e-23
801.2235635563557 1.066404391946844e-23
801.3225558055806 1.0662795674976344e-23
801.4215480548055 1.0661547722285211e-23
801.5205403040304 1.0660300061292884e-23
801.6195325532553 1.0659052691897236e-23
801.7185248024803 1.0657805613996202e-23
801.8175170517052 1.0656558827487756e-23
801.9165093009301 1.065531233226992e-23
802.015501550155 1.0654066128240764e-23
802.1144937993799 1.0652820215298412e-23
802.2134860486049 1.0651574593341023e-23
802.3124782978298 1.0650329262266817e-23
802.4114705470547 1.064908422197405e-23
802.5104627962796 1.0647839472361032e-23
802.6094550455045 1.064659501332612e-23
802.7084472947295 1.0645350844767715e-23
802.8074395439544 1.0644106966584266e-23
802.9064317931793 1.0642863378674274e-23
803.0054240424042 1.0641620080936281e-23
803.1044162916291 1.0640377073268879e-23
803.2034085408541 1.0639134355570708e-23
803.302400790079 1.0637891927740454e-23
803.4013930393039 1.0636649789676848e-23
803.5003852885288 1.0635407941278675e-23
803.5993775377538 1.0634166382444763e-23
803.6983697869787 1.063292511307398e-23
803.7973620362036 1.0631684133065252e-23
803.8963542854285 1.0630443442317544e-23
803.9953465346534 1.0629203040729876e-23
804.0943387838784 1.062796292820131e-23
804.1933310331033 1.062672310463095e-23
804.2923232823282 1.0625483569917959e-23
804.3913155315531 1.0624244323961535e-23
804.490307780778 1.0623005366660933e-23
804.589300030003 1.062176669791544e-23
804.6882922792279 1.062052831762441e-23
804.7872845284528 1.061929022568723e-23
804.8862767776777 1.0618052422003333e-23
804.9852690269026 1.0616814906472211e-23
805.0842612761276 1.0615577678993383e-23
805.1832535253525 1.0614340739466434e-23
805.2822457745774 1.0613104087790985e-23
805.3812380238023 1.0611867723866704e-23
805.4802302730272 1.0610631647593316e-23
805.5792225222522 1.060939585887057e-23
805.6782147714772 1.0608160357598285e-23
805.7772070207021 1.060692514367632e-23
805.876199269927 1.0605690217004573e-23
805.975191519152 1.0604455577482991e-23
806.0741837683769 1.0603221225011567e-23
806.1731760176018 1.0601987159490353e-23
806.2721682668267 1.0600753380819431e-23
806.3711605160516 1.0599519888898934e-23
806.4701527652766 1.0598286683629046e-23
806.5691450145015 1.0597053764909988e-23
806.6681372637264 1.0595821132642042e-23
806.7671295129513 1.059458878672552e-23
806.8661217621762 1.0593356727060788e-23
806.9651140114012 1.0592124953548267e-23
807.0641062606261 1.0590893466088398e-23
807.163098509851 1.0589662264581705e-23
807.2620907590759 1.058843134892872e-23
807.3610830083009 1.0587200719030047e-23
807.4600752575258 1.058597037478633e-23
807.5590675067507 1.0584740316098252e-23
807.6580597559756 1.0583510542866553e-23
807.7570520052005 1.0582281054992007e-23
807.8560442544255 1.0581051852375441e-23
807.9550365036504 1.0579822934917731e-23
808.0540287528753 1.0578594302519789e-23
808.1530210021002 1.0577365955082582e-23
808.2520132513251 1.057613789250712e-23
808.3510055005501 1.057491011469445e-23
808.449997749775 1.0573682621545683e-23
808.5489899989999 1.0572455412961964e-23
808.6479822482248 1.0571228488844478e-23
808.7469744974497 1.0570001849094466e-23
808.8459667466747 1.0568775493613216e-23
808.9449589958996 1.0567549422302053e-23
809.0439512451245 1.0566323635062353e-23
809.1429434943494 1.0565098131795536e-23
809.2419357435743 1.0563872912403065e-23
809.3409279927993 1.0562647976786456e-23
809.4399202420242 1.0561423324847264e-23
809.5389124912491 1.0560198956487093e-23
809.637904740474 1.0558974871607581e-23
809.736896989699 1.0557751070110431e-23
809.8358892389239 1.0556527551897387e-23
809.9348814881488 1.055530431687022e-23
810.0338737373737 1.055408136493076e-23
810.1328659865986 1.0552858695980893e-23
810.2318582358236 1.0551636309922526e-23
810.3308504850485 1.0550414206657633e-23
810.4298427342734 1.0549192386088221e-23
810.5288349834983 1.0547970848116343e-23
810.6278272327232 1.0546749592644103e-23
810.7268194819482 1.0545528619573644e-23
810.8258117311731 1.0544307928807164e-23
810.924803980398 1.0543087520246887e-23
811.0237962296229 1.0541867393795106e-23
811.1227884788478 1.0540647549354138e-23
811.2217807280728 1.0539427986826361e-23
811.3207729772977 1.0538208706114183e-23
811.4197652265226 1.0536989707120077e-23
811.5187574757475 1.0535770989746535e-23
811.6177497249724 1.0534552553896117e-23
811.7167419741974 1.0533334399471422e-23
811.8157342234223 1.053211652637508e-23
811.9147264726473 1.0530898934509783e-23
812.0137187218722 1.0529681623778266e-23
812.1127109710972 1.0528464594083291e-23
812.2117032203221 1.052724784532769e-23
812.310695469547 1.0526031377414325e-23
812.4096877187719 1.0524815190246101e-23
812.5086799679968 1.0523599283725974e-23
812.6076722172218 1.0522383657756945e-23
812.7066644664467 1.0521168312242056e-23
812.8056567156716 1.0519953247084393e-23
812.9046489648965 1.0518738462187092e-23
813.0036412141214 1.051752395745333e-23
813.1026334633464 1.0516309732786325e-23
813.2016257125713 1.0515095788089343e-23
813.3006179617962 1.0513882123265699e-23
813.3996102110211 1.0512668738218745e-23
813.498602460246 1.0511455632851879e-23
813.597594709471 1.0510242807068551e-23
813.6965869586959 1.0509030260772244e-23
813.7955792079208 1.050781799386649e-23
813.8945714571457 1.0506606006254871e-23
813.9935637063707 1.0505394297841005e-23
814.0925559555956 1.0504182868528556e-23
814.1915482048205 1.0502971718221233e-23
814.2905404540454 1.0501760846822797e-23
814.3895327032703 1.0500550254237041e-23
814.4885249524953 1.0499339940367803e-23
814.5875172017202 1.0498129905118978e-23
814.6865094509451 1.0496920148394492e-23
814.78550170017 1.0495710670098325e-23
814.8844939493949 1.0494501470134488e-23
814.9834861986199 1.049329254840705e-23
815.0824784478448 1.0492083904820113e-23
815.1814706970697 1.049087553927783e-23
815.2804629462946 1.0489667451684395e-23
815.3794551955195 1.048845964194405e-23
815.4784474447445 1.0487252109961075e-23
815.5774396939694 1.0486044855639797e-23
815.6764319431943 1.0484837878884588e-23
815.7754241924192 1.048363117959986e-23
815.8744164416441 1.0482424757690073e-23
815.9734086908691 1.0481218613059723e-23
816.072400940094 1.0480012745613371e-23
816.1713931893189 1.047880715525559e-23
816.2703854385438 1.047760184189102e-23
816.3693776877687 1.0476396805424339e-23
816.4683699369937 1.0475192045760266e-23
816.5673621862186 1.0473987562803564e-23
816.6663544354435 1.0472783356459041e-23
816.7653466846684 1.0471579426631553e-23
816.8643389338934 1.0470375773225988e-23
816.9633311831183 1.0469172396147292e-23
817.0623234323432 1.046796929530044e-23
817.1613156815681 1.046676647059046e-23
817.260307930793 1.0465563921922425e-23
817.359300180018 1.0464361649201441e-23
817.4582924292429 1.046315965233267e-23
817.5572846784678 1.0461957931221307e-23
817.6562769276927 1.0460756485772597e-23
817.7552691769176 1.0459555315891825e-23
817.8542614261426 1.045835442148432e-23
817.9532536753675 1.0457153802455454e-23
818.0522459245925 1.0455953458710641e-23
818.1512381738174 1.0454753390155347e-23
818.2502304230424 1.0453553596695072e-23
818.3492226722673 1.0452354078235359e-23
818.4482149214922 1.0451154834681798e-23
818.5472071707171 1.044995586594002e-23
818.646199419942 1.0448757171915704e-23
818.745191669167 1.0447558752514564e-23
818.8441839183919 1.044636060764236e-23
818.9431761676168 1.04451627372049e-23
819.0421684168417 1.044396514110803e-23
819.1411606660666 1.0442767819257641e-23
819.2401529152916 1.0441570771559665e-23
819.3391451645165 1.0440373997920077e-23
819.4381374137414 1.0439177498244901e-23
819.5371296629663 1.0437981272440195e-23
819.6361219121912 1.0436785320412065e-23
819.7351141614162 1.0435589642066658e-23
819.8341064106411 1.0434394237310164e-23
819.933098659866 1.043319910604882e-23
820.0320909090909 1.0432004248188904e-23
820.1310831583158 1.0430809663636724e-23
820.2300754075408 1.0429615352298654e-23
820.3290676567657 1.0428421314081088e-23
820.4280599059906 1.0427227548890483e-23
820.5270521552155 1.0426034056633323e-23
820.6260444044404 1.0424840837216143e-23
820.7250366536654 1.0423647890545516e-23
820.8240289028903 1.042245521652806e-23
820.9230211521152 1.0421262815070434e-23
821.0220134013401 1.0420070686079347e-23
821.121005650565 1.0418878829461534e-23
821.21999789979 1.041768724512379e-23
821.3189901490149 1.0416495932972944e-23
821.4179823982398 1.0415304892915869e-23
821.5169746474647 1.041411412485948e-23
821.6159668966897 1.0412923628710734e-23
821.7149591459146 1.0411733404376625e-23
821.8139513951395 1.0410543451764205e-23
821.9129436443644 1.0409353770780556e-23
822.0119358935893 1.0408164361332799e-23
822.1109281428143 1.040697522332811e-23
822.2099203920392 1.0405786356673696e-23
822.3089126412641 1.0404597761276816e-23
822.407904890489 1.0403409437044756e-23
822.5068971397139 1.0402221383884861e-23
822.6058893889389 1.0401033601704511e-23
822.7048816381638 1.0399846090411127e-23
822.8038738873887 1.0398658849912174e-23
822.9028661366136 1.0397471880115159e-23
823.0018583858385 1.0396285180927629e-23
823.1008506350635 1.0395098752257172e-23
823.1998428842884 1.0393912594011428e-23
823.2988351335133 1.0392726706098062e-23
823.3978273827382 1.03915410884248e-23
823.4968196319631 1.0390355740899394e-23
823.5958118811881 1.0389170663429642e-23
823.694804130413 1.0387985855923397e-23
823.7937963796379 1.0386801318288533e-23
823.8927886288628 1.038561705043298e-23
823.9917808780878 1.0384433052264706e-23
824.0907731273127 1.038324932369172e-23
824.1897653765376 1.0382065864622073e-23
824.2887576257626 1.0380882674963853e-23
824.3877498749875 1.0379699754625204e-23
824.4867421242125 1.0378517103514303e-23
824.5857343734374 1.037733472153936e-23
824.6847266226623 1.037615260860864e-23
824.7837188718872 1.037497076463044e-23
824.8827111211122 1.0373789189513109e-23
824.9817033703371 1.0372607883165028e-23
825.080695619562 1.0371426845494625e-23
825.1796878687869 1.0370246076410366e-23
825.2786801180118 1.0369065575820762e-23
825.3776723672368 1.0367885343634365e-23
825.4766646164617 1.0366705379759763e-23
825.5756568656866 1.0365525684105591e-23
825.6746491149115 1.0364346256580527e-23
825.7736413641364 1.0363167097093282e-23
825.8726336133614 1.0361988205552625e-23
825.9716258625863 1.0360809581867344e-23
826.0706181118112 1.0359631225946281e-23
826.1696103610361 1.0358453137698323e-23
826.268602610261 1.0357275317032393e-23
826.367594859486 1.0356097763857447e-23
826.4665871087109 1.0354920478082499e-23
826.5655793579358 1.0353743459616595e-23
826.6645716071607 1.0352566708368817e-23
826.7635638563856 1.0351390224248303e-23
826.8625561056106 1.035021400716422e-23
826.9615483548355 1.0349038057025775e-23
827.0605406040604 1.0347862373742223e-23
827.1595328532853 1.0346686957222863e-23
827.2585251025102 1.0345511807377023e-23
827.3575173517352 1.0344336924114082e-23
827.4565096009601 1.0343162307343453e-23
827.555501850185 1.03419879569746e-23
827.6544940994099 1.0340813872917018e-23
827.7534863486349 1.0339640055080246e-23
827.8524785978598 1.033846650337386e-23
827.9514708470847 1.0337293217707492e-23
828.0504630963096 1.0336120197990798e-23
828.1494553455345 1.0334947444133483e-23
828.2484475947595 1.0333774956045288e-23
828.3474398439844 1.0332602733636e-23
828.4464320932093 1.0331430776815443e-23
828.5454243424342 1.0330259085493487e-23
828.6444165916591 1.0329087659580032e-23
828.7434088408841 1.032791649898503e-23
828.842401090109 1.0326745603618466e-23
828.9413933393339 1.0325574973390381e-23
829.0403855885588 1.0324404608210828e-23
829.1393778377837 1.0323234507989927e-23
829.2383700870087 1.0322064672637827e-23
829.3373623362336 1.0320895102064718e-23
829.4363545854585 1.0319725796180834e-23
829.5353468346834 1.0318556754896444e-23
829.6343390839083 1.0317387978121864e-23
829.7333313331333 1.0316219465767446e-23
829.8323235823582 1.0315051217743584e-23
829.9313158315831 1.0313883233960715e-23
830.030308080808 1.0312715514329307e-23
830.129300330033 1.0311548058759882e-23
830.2282925792579 1.0310380867162992e-23
830.3272848284828 1.0309213939449235e-23
830.4262770777078 1.030804727552924e-23
830.5252693269327 1.0306880875313696e-23
830.6242615761577 1.0305714738713306e-23
830.7232538253826 1.0304548865638839e-23
830.8222460746075 1.0303383256001084e-23
830.9212383238324 1.0302217909710876e-23
831.0202305730573 1.0301052826679102e-23
831.1192228222823 1.0299888006816674e-23
831.2182150715072 1.029872345003455e-23
831.3172073207321 1.0297559156243727e-23
831.416199569957 1.0296395125355246e-23
831.515191819182 1.0295231357280184e-23
831.6141840684069 1.0294067851929657e-23
831.7131763176318 1.0292904609214824e-23
831.8121685668567 1.0291741629046882e-23
831.9111608160816 1.0290578911337073e-23
832.0101530653066 1.0289416455996673e-23
832.1091453145315 1.0288254262936998e-23
832.2081375637564 1.0287092332069407e-23
832.3071298129813 1.0285930663305297e-23
832.4061220622062 1.028476925655611e-23
832.5051143114312 1.028360811173332e-23
832.6041065606561 1.028244722874844e-23
832.703098809881 1.028128660751303e-23
832.8020910591059 1.0280126247938692e-23
832.9010833083308 1.0278966149937058e-23
833.0000755575558 1.0277806313419807e-23
833.0990678067807 1.027664673829865e-23
833.1980600560056 1.0275487424485346e-23
833.2970523052305 1.0274328371891689e-23
833.3960445544554 1.0273169580429516e-23
833.4950368036804 1.0272011050010702e-23
833.5940290529053 1.0270852780547158e-23
833.6930213021302 1.026969477195084e-23
833.7920135513551 1.0268537024133739e-23
833.89100580058 1.0267379537007894e-23
833.989998049805 1.0266222310485369e-23
834.0889902990299 1.0265065344478282e-23
834.1879825482548 1.026390863889878e-23
834.2869747974797 1.0262752193659059e-23
834.3859670467046 1.0261596008671343e-23
834.4849592959296 1.0260440083847907e-23
834.5839515451545 1.0259284419101054e-23
834.6829437943794 1.0258129014343141e-23
834.7819360436043 1.0256973869486546e-23
834.8809282928293 1.02558189844437e-23
834.9799205420542 1.0254664359127072e-23
835.0789127912791 1.0253509993449166e-23
835.177905040504 1.0252355887322522e-23
835.2768972897289 1.0251202040659729e-23
835.3758895389539 1.025004845337341e-23
835.4748817881788 1.0248895125376226e-23
835.5738740374037 1.0247742056580877e-23
835.6728662866286 1.0246589246900108e-23
835.7718585358535 1.0245436696246692e-23
835.8708507850785 1.0244284404533454e-23
835.9698430343034 1.0243132371673247e-23
836.0688352835283 1.0241980597578975e-23
836.1678275327532 1.0240829082163567e-23
836.2668197819781 1.0239677825339998e-23
836.3658120312031 1.0238526827021287e-23
836.464804280428 1.0237376087120483e-23
836.5637965296529 1.0236225605550681e-23
836.6627887788779 1.0235075382225003e-23
836.7617810281029 1.0233925417056629e-23
836.8607732773278 1.0232775709958763e-23
836.9597655265527 1.0231626260844655e-23
837.0587577757776 1.0230477069627586e-23
837.1577500250025 1.0229328136220887e-23
837.2567422742275 1.0228179460537916e-23
837.3557345234524 1.0227031042492079e-23
837.4547267726773 1.0225882881996815e-23
837.5537190219022 1.0224734978965611e-23
837.6527112711271 1.0223587333311971e-23
837.7517035203521 1.0222439944949468e-23
837.850695769577 1.0221292813791689e-23
837.9496880188019 1.022014593975227e-23
838.0486802680268 1.0218999322744886e-23
838.1476725172517 1.0217852962683252e-23
838.2466647664767 1.0216706859481112e-23
838.3456570157016 1.0215561013052254e-23
838.4446492649265 1.021441542331051e-23
838.5436415141514 1.0213270090169747e-23
838.6426337633764 1.0212125013543862e-23
838.7416260126013 1.0210980193346809e-23
838.8406182618262 1.0209835629492561e-23
838.9396105110511 1.020869132189514e-23
839.038602760276 1.0207547270468604e-23
839.137595009501 1.0206403475127052e-23
839.2365872587259 1.0205259935784614e-23
839.3355795079508 1.0204116652355466e-23
839.4345717571757 1.0202973624753817e-23
839.5335640064006 1.0201830852893923e-23
839.6325562556256 1.0200688336690069e-23
839.7315485048505 1.0199546076056578e-23
839.8305407540754 1.0198404070907816e-23
839.9295330033003 1.0197262321158189e-23
840.0285252525252 1.0196120826722135e-23
840.1275175017502 1.0194979587514134e-23
840.2265097509751 1.0193838603448702e-23
840.3255020002 1.0192697874440395e-23
840.4244942494249 1.019155740040381e-23
840.5234864986498 1.0190417181253574e-23
840.6224787478748 1.0189277216904357e-23
840.7214709970997 1.0188137507270865e-23
840.8204632463246 1.0186998052267851e-23
840.9194554955495 1.0185858851810093e-23
841.0184477447744 1.0184719905812415e-23
841.1174399939994 1.0183581214189673e-23
841.2164322432243 1.0182442776856764e-23
841.3154244924492 1.0181304593728627e-23
841.4144167416741 1.0180166664720237e-23
841.513408990899 1.0179028989746604e-23
841.612401240124 1.017789156872277e-23
841.7113934893489 1.0176754401563826e-23
841.8103857385738 1.0175617488184899e-23
841.9093779877987 1.0174480828501149e-23
842.0083702370237 1.0173344422427781e-23
842.1073624862486 1.0172208269880027e-23
842.2063547354735 1.0171072370773163e-23
842.3053469846984 1.0169936725022507e-23
842.4043392339233 1.0168801332543402e-23
842.5033314831483 1.0167666193251246e-23
842.6023237323732 1.0166531307061459e-23
842.7013159815981 1.0165396673889505e-23
842.8003082308231 1.016426229365089e-23
842.899300480048 1.0163128166261145e-23
842.998292729273 1.0161994291635857e-23
843.0972849784979 1.0160860669690636e-23
843.1962772277228 1.0159727300341127e-23
843.2952694769477 1.0158594183503026e-23
843.3942617261727 1.0157461319092057e-23
843.4932539753976 1.0156328707023986e-23
843.5922462246225 1.0155196347214618e-23
843.6912384738474 1.015406423957978e-23
843.7902307230723 1.0152932384035362e-23
843.8892229722973 1.0151800780497266e-23
843.9882152215222 1.015066942888145e-23
844.0872074707471 1.0149538329103903e-23
844.186199719972 1.0148407481080647e-23
844.285191969197 1.0147276884727742e-23
844.3841842184219 1.0146146539961298e-23
844.4831764676468 1.0145016446697443e-23
844.5821687168717 1.0143886604852351e-23
844.6811609660966 1.0142757014342242e-23
844.7801532153215 1.014162767508336e-23
844.8791454645465 1.014049858699199e-23
844.9781377137714 1.0139369749984463e-23
845.0771299629963 1.0138241163977126e-23
845.1761222122212 1.0137112828886388e-23
845.2751144614462 1.0135984744628681e-23
845.3741067106711 1.0134856911120472e-23
845.473098959896 1.0133729328278273e-23
845.5720912091209 1.0132601996018627e-23
845.6710834583458 1.013147491425812e-23
845.7700757075708 1.0130348082913372e-23
845.8690679567957 1.0129221501901037e-23
845.9680602060206 1.012809517113781e-23
846.0670524552455 1.0126969090540421e-23
846.1660447044704 1.0125843260025635e-23
846.2650369536954 1.0124717679510262e-23
846.3640292029203 1.0123592348911135e-23
846.4630214521452 1.0122467268145137e-23
846.5620137013701 1.0121342437129184e-23
846.661005950595 1.012021785578022e-23
846.75999819982 1.0119093524015244e-23
846.8589904490449 1.0117969441751273e-23
846.9579826982698 1.0116845608905371e-23
847.0569749474947 1.0115722025394637e-23
847.1559671967196 1.0114598691136206e-23
847.2549594459446 1.011347560604725e-23
847.3539516951695 1.0112352770044976e-23
847.4529439443944 1.0111230183046625e-23
847.5519361936193 1.011010784496949e-23
847.6509284428442 1.0108985755730878e-23
847.7499206920692 1.0107863915248153e-23
847.8489129412941 1.0106742323438698e-23
847.947905190519 1.0105620980219943e-23
848.0468974397439 1.0104499885509355e-23
848.1458896889689 1.0103379039224432e-23
848.2448819381938 1.0102258441282716e-23
848.3438741874187 1.0101138091601778e-23
848.4428664366436 1.0100017990099227e-23
848.5418586858685 1.009889813669271e-23
848.6408509350935 1.0097778531299908e-23
848.7398431843184 1.0096659173838546e-23
848.8388354335433 1.0095540064226374e-23
848.9378276827682 1.0094421202381189e-23
849.0368199319933 1.0093302588220811e-23
849.1358121812182 1.0092184221663114e-23
849.2348044304431 1.0091066102625997e-23
849.333796679668 1.0089948231027394e-23
849.4327889288929 1.0088830606785282e-23
849.5317811781179 1.0087713229817662e-23
849.6307734273428 1.008659610004259e-23
849.7297656765677 1.008547921737814e-23
849.8287579257926 1.0084362581742438e-23
849.9277501750175 1.0083246193053637e-23
850.0267424242425 1.0082130051229915e-23
850.1257346734674 1.0081014156189514e-23
850.2247269226923 1.0079898507850685e-23
850.3237191719172 1.0078783106131734e-23
850.4227114211421 1.0077667950950989e-23
850.5217036703671 1.007655304222683e-23
850.620695919592 1.0075438379877655e-23
850.7196881688169 1.0074323963821909e-23
850.8186804180418 1.0073209793978071e-23
850.9176726672667 1.0072095870264655e-23
851.0166649164917 1.0070982192600213e-23
851.1156571657166 1.0069868760903323e-23
851.2146494149415 1.0068755575092621e-23
851.3136416641664 1.0067642635086751e-23
851.4126339133913 1.0066529940804411e-23
851.5116261626163 1.0065417492164336e-23
851.6106184118412 1.0064305289085286e-23
851.7096106610661 1.0063193331486064e-23
851.808602910291 1.0062081619285505e-23
851.907595159516 1.0060970152402486e-23
852.0065874087409 1.0059858930755905e-23
852.1055796579658 1.005874795426472e-23
852.2045719071907 1.0057637222847898e-23
852.3035641564156 1.0056526736424457e-23
852.4025564056406 1.005541649491346e-23
852.5015486548655 1.0054306498233977e-23
852.6005409040904 1.0053196746305135e-23
852.6995331533153 1.0052087239046096e-23
852.7985254025402 1.0050977976376053e-23
852.8975176517652 1.004986895821423e-23
852.9965099009901 1.0048760184479895e-23
853.095502150215 1.0047651655092344e-23
853.1944943994399 1.004654336997091e-23
853.2934866486648 1.0045435329034973e-23
853.3924788978898 1.0044327532203937e-23
853.4914711471147 1.0043219979397238e-23
853.5904633963396 1.0042112670534353e-23
853.6894556455645 1.00410056055348e-23
853.7884478947894 1.0039898784318121e-23
853.8874401440144 1.0038792206803904e-23
853.9864323932393 1.0037685872911764e-23
854.0854246424642 1.0036579782561354e-23
854.1844168916891 1.0035473935672365e-23
854.283409140914 1.0034368332164518e-23
854.382401390139 1.0033262971957579e-23
854.4813936393639 1.0032157854971336e-23
854.5803858885888 1.0031052981125622e-23
854.6793781378137 1.00299483503403e-23
854.7783703870386 1.0028843962535278e-23
854.8773626362636 1.0027739817630475e-23
854.9763548854885 1.0026635915545874e-23
855.0753471347134 1.0025532256201478e-23
855.1743393839384 1.0024428839517329e-23
855.2733316331634 1.0023325665413498e-23
855.3723238823883 1.0022222733810102e-23
855.4713161316132 1.0021120044627282e-23
855.5703083808381 1.0020017597785221e-23
855.669300630063 1.0018915393204135e-23
855.768292879288 1.0017813430804274e-23
855.8672851285129 1.0016711710505921e-23
855.9662773777378 1.0015610232229399e-23
856.0652696269627 1.001450899589507e-23
856.1642618761877 1.0013408001423313e-23
856.2632541254126 1.0012307248734559e-23
856.3622463746375 1.0011206737749266e-23
856.4612386238624 1.0010106468387936e-23
856.5602308730873 1.000900644057109e-23
856.6592231223123 1.00079066542193e-23
856.7582153715372 1.0006807109253158e-23
856.8572076207621 1.0005707805593303e-23
856.956199869987 1.0004608743160402e-23
857.0551921192119 1.0003509921875168e-23
857.1541843684369 1.000241134165832e-23
857.2531766176618 1.0001313002430648e-23
857.3521688668867 1.0000214904112956e-23
857.4511611161116 9.99911704662608e-24
857.5501533653365 9.998019429890905e-24
857.6491456145615 9.996922053828336e-24
857.7481378637864 9.995824918359325e-24
857.8471301130113 9.99472802340485e-24
857.9461223622362 9.993631368885922e-24
858.0451146114611 9.992534954723599e-24
858.1441068606861 9.991438780838963e-24
858.243099109911 9.99034284715313e-24
858.3420913591359 9.989247153587257e-24
858.4410836083608 9.988151700062525e-24
858.5400758575857 9.98705648650017e-24
858.6390681068107 9.985961512821434e-24
858.7380603560356 9.984866778947616e-24
858.8370526052605 9.983772284800039e-24
858.9360448544854 9.98267803030006e-24
859.0350371037104 9.981584015369084e-24
859.1340293529353 9.980490239928528e-24
859.2330216021602 9.97939670389986e-24
859.3320138513851 9.978303407204579e-24
859.43100610061 9.977210349764211e-24
859.529998349835 9.976117531500324e-24
859.6289905990599 9.975024952334522e-24
859.7279828482848 9.973932612188434e-24
859.8269750975097 9.972840510983728e-24
859.9259673467346 9.97174864864211e-24
860.0249595959596 9.970657025085315e-24
860.1239518451845 9.969565640235117e-24
860.2229440944094 9.968474494013314e-24
860.3219363436343 9.96738358634175e-24
860.4209285928592 9.966292917142299e-24
860.5199208420842 9.965202486336868e-24
860.6189130913091 9.964112293847395e-24
860.717905340534 9.963022339595856e-24
860.8168975897589 9.961932623504264e-24
860.9158898389838 9.960843145494655e-24
861.0148820882088 9.959753905489118e-24
861.1138743374337 9.95866490340975e-24
861.2128665866586 9.957576139178708e-24
861.3118588358835 9.956487612718166e-24
861.4108510851086 9.955399323950338e-24
861.5098433343335 9.95431127279747e-24
861.6088355835584 9.953223459181842e-24
861.7078278327833 9.95213588302577e-24
861.8068200820082 9.951048544251607e-24
861.9058123312332 9.949961442781726e-24
862.0048045804581 9.948874578538547e-24
862.103796829683 9.947787951444522e-24
862.2027890789079 9.946701561422135e-24
862.3017813281328 9.9456154083939e-24
862.4007735773578 9.94452949228237e-24
862.4997658265827 9.94344381301013e-24
862.5987580758076 9.942358370499793e-24
862.6977503250325 9.94127316467402e-24
862.7967425742575 9.940188195455492e-24
862.8957348234824 9.939103462766931e-24
862.9947270727073 9.938018966531083e-24
863.0937193219322 9.93693470667074e-24
863.1927115711571 9.935850683108724e-24
863.291703820382 9.934766895767883e-24
863.390696069607 9.933683344571108e-24
863.4896883188319 9.93260002944132e-24
863.5886805680568 9.931516950301473e-24
863.6876728172817 9.930434107074555e-24
863.7866650665067 9.929351499683583e-24
863.8856573157316 9.928269128051615e-24
863.9846495649565 9.927186992101741e-24
864.0836418141814 9.926105091757076e-24
864.1826340634063 9.925023426940786e-24
864.2816263126313 9.923941997576044e-24
864.3806185618562 9.922860803586085e-24
864.4796108110811 9.92177984489416e-24
864.578603060306 9.920699121423557e-24
864.677595309531 9.919618633097591e-24
864.7765875587559 9.918538379839624e-24
864.8755798079808 9.917458361573045e-24
864.9745720572057 9.91637857822127e-24
865.0735643064306 9.915299029707761e-24
865.1725565556555 9.914219715955996e-24
865.2715488048805 9.913140636889502e-24
865.3705410541054 9.912061792431836e-24
865.4695333033303 9.910983182506577e-24
865.5685255525552 9.909904807037353e-24
865.6675178017801 9.908826665947814e-24
865.7665100510051 9.907748759161646e-24
865.86550230023 9.906671086602569e-24
865.9644945494549 9.905593648194338e-24
866.0634867986798 9.90451644386074e-24
866.1624790479048 9.903439473525587e-24
866.2614712971297 9.902362737112739e-24
866.3604635463546 9.901286234546075e-24
866.4594557955795 9.900209965749516e-24
866.5584480448044 9.899133930647014e-24
866.6574402940294 9.898058129162544e-24
866.7564325432543 9.896982561220136e-24
866.8554247924792 9.895907226743831e-24
866.9544170417041 9.894832125657713e-24
867.053409290929 9.893757257885895e-24
867.152401540154 9.892682623352534e-24
867.2513937893789 9.891608221981803e-24
867.3503860386038 9.89053405369792e-24
867.4493782878287 9.889460118425127e-24
867.5483705370536 9.888386416087703e-24
867.6473627862787 9.887312946609968e-24
867.7463550355036 9.88623970991626e-24
867.8453472847285 9.885166705930958e-24
867.9443395339534 9.884093934578477e-24
868.0433317831784 9.883021395783255e-24
868.1423240324033 9.881949089469767e-24
868.2413162816282 9.880877015562528e-24
868.3403085308531 9.879805173986071e-24
868.439300780078 9.878733564664977e-24
868.538293029303 9.877662187523844e-24
868.6372852785279 9.87659104248732e-24
868.7362775277528 9.87552012948007e-24
868.8352697769777 9.874449448426799e-24
868.9342620262026 9.873378999252248e-24
869.0332542754276 9.872308781881184e-24
869.1322465246525 9.8712387962384e-24
869.2312387738774 9.870169042248741e-24
869.3302310231023 9.869099519837073e-24
869.4292232723272 9.868030228928289e-24
869.5282155215522 9.866961169447323e-24
869.6272077707771 9.865892341319139e-24
869.726200020002 9.864823744468733e-24
869.8251922692269 9.863755378821138e-24
869.9241845184519 9.862687244301403e-24
870.0231767676768 9.861619340834632e-24
870.1221690169017 9.860551668345949e-24
870.2211612661266 9.859484226760508e-24
870.3201535153515 9.858417016003505e-24
870.4191457645765 9.857350036000159e-24
870.5181380138014 9.856283286675718e-24
870.6171302630263 9.855216767955485e-24
870.7161225122512 9.854150479764765e-24
870.8151147614761 9.853084422028918e-24
870.9141070107011 9.852018594673322e-24
871.013099259926 9.850952997623393e-24
871.1120915091509 9.84988763080458e-24
871.2110837583758 9.848822494142368e-24
871.3100760076007 9.847757587562264e-24
871.4090682568257 9.846692910989808e-24
871.5080605060506 9.845628464350585e-24
871.6070527552755 9.844564247570204e-24
871.7060450045004 9.843500260574296e-24
871.8050372537253 9.842436503288537e-24
871.9040295029503 9.841372975638637e-24
872.0030217521752 9.840309677550327e-24
872.1020140014001 9.839246608949382e-24
872.201006250625 9.83818376976159e-24
872.29999849985 9.837121159912795e-24
872.3989907490749 9.836058779328858e-24
872.4979829982998 9.834996627935672e-24
872.5969752475247 9.83393470565917e-24
872.6959674967496 9.832873012425306e-24
872.7949597459746 9.831811548160077e-24
872.8939519951995 9.830750312789507e-24
872.9929442444244 9.829689306239648e-24
873.0919364936493 9.82862852843659e-24
873.1909287428742 9.827567979306452e-24
873.2899209920992 9.826507658775379e-24
873.3889132413241 9.825447566769566e-24
873.487905490549 9.824387703215213e-24
873.5868977397739 9.823328068038575e-24
873.6858899889988 9.82226866116593e-24
873.7848822382239 9.821209482523583e-24
873.8838744874488 9.820150532037877e-24
873.9828667366737 9.819091809635189e-24
874.0818589858986 9.818033315241916e-24
874.1808512351236 9.8169750487845e-24
874.2798434843485 9.815917010189405e-24
874.3788357335734 9.814859199383133e-24
874.4778279827983 9.813801616292215e-24
874.5768202320232 9.812744260843208e-24
874.6758124812482 9.811687132962716e-24
874.7748047304731 9.810630232577351e-24
874.873796979698 9.809573559613784e-24
874.9727892289229 9.808517113998694e-24
875.0717814781478 9.807460895658801e-24
875.1707737273728 9.806404904520864e-24
875.2697659765977 9.805349140511656e-24
875.3687582258226 9.804293603558e-24
875.4677504750475 9.803238293586736e-24
875.5667427242724 9.80218321052474e-24
875.6657349734974 9.801128354298928e-24
875.7647272227223 9.800073724836231e-24
875.8637194719472 9.799019322063625e-24
875.9627117211721 9.797965145908109e-24
876.061703970397 9.796911196296724e-24
876.160696219622 9.795857473156526e-24
876.2596884688469 9.794803976414615e-24
876.3586807180718 9.793750705998117e-24
876.4576729672967 9.792697661834196e-24
876.5566652165217 9.791644843850033e-24
876.6556574657466 9.790592251972857e-24
876.7546497149715 9.789539886129915e-24
876.8536419641964 9.788487746248498e-24
876.9526342134213 9.787435832255914e-24
877.0516264626463 9.786384144079505e-24
877.1506187118712 9.785332681646654e-24
877.2496109610961 9.784281444884769e-24
877.348603210321 9.783230433721292e-24
877.4475954595459 9.782179648083687e-24
877.5465877087709 9.78112908789946e-24
877.6455799579958 9.780078753096133e-24
877.7445722072207 9.77902864360128e-24
877.8435644564456 9.777978759342495e-24
877.9425567056705 9.776929100247396e-24
878.0415489548955 9.775879666243645e-24
878.1405412041204 9.774830457258926e-24
878.2395334533453 9.773781473220962e-24
878.3385257025702 9.772732714057497e-24
878.4375179517951 9.771684179696309e-24
878.5365102010201 9.770635870065213e-24
878.635502450245 9.769587785092052e-24
878.7344946994699 9.768539924704695e-24
878.8334869486948 9.767492288831046e-24
878.9324791979197 9.766444877399037e-24
879.0314714471447 9.765397690336638e-24
879.1304636963696 9.764350727571844e-24
879.2294559455945 9.763303989032678e-24
879.3284481948194 9.7622574746472e-24
879.4274404440444 9.761211184343495e-24
879.5264326932693 9.76016511804968e-24
879.6254249424942 9.759119275693914e-24
879.7244171917191 9.758073657204366e-24
879.823409440944 9.757028262509255e-24
879.922401690169 9.755983091536818e-24
880.021393939394 9.754938144215326e-24
880.1203861886189 9.753893420473084e-24
880.2193784378438 9.75284892023843e-24
880.3183706870688 9.751804643439719e-24
880.4173629362937 9.750760590005352e-24
880.5163551855186 9.749716759863747e-24
880.6153474347435 9.748673152943369e-24
880.7143396839684 9.747629769172693e-24
880.8133319331934 9.746586608480247e-24
880.9123241824183 9.745543670794569e-24
881.0113164316432 9.744500956044242e-24
881.1103086808681 9.74345846415787e-24
881.209300930093 9.742416195064099e-24
881.308293179318 9.741374148691584e-24
881.4072854285429 9.74033232496904e-24
881.5062776777678 9.739290723825187e-24
881.6052699269927 9.738249345188787e-24
881.7042621762176 9.73720818898863e-24
881.8032544254426 9.736167255153538e-24
881.9022466746675 9.735126543612361e-24
882.0012389238924 9.734086054293982e-24
882.1002311731173 9.73304578712731e-24
882.1992234223422 9.732005742041291e-24
882.2982156715672 9.730965918964893e-24
882.3972079207921 9.72992631782712e-24
882.496200170017 9.72888693855701e-24
882.5951924192419 9.727847781083617e-24
882.6941846684668 9.726808845336037e-24
882.7931769176918 9.725770131243396e-24
882.8921691669167 9.724731638734846e-24
882.9911614161416 9.723693367739571e-24
883.0901536653665 9.722655318186787e-24
883.1891459145914 9.721617490005733e-24
883.2881381638164 9.720579883125684e-24
883.3871304130413 9.719542497475945e-24
883.4861226622662 9.718505332985855e-24
883.5851149114911 9.717468389584771e-24
883.684107160716 9.716431667202087e-24
883.783099409941 9.715395165767233e-24
883.8820916591659 9.714358885209662e-24
883.9810839083908 9.713322825458857e-24
884.0800761576157 9.712286986444334e-24
884.1790684068407 9.711251368095632e-24
884.2780606560656 9.71021597034233e-24
884.3770529052905 9.709180793114032e-24
884.4760451545154 9.708145836340368e-24
884.5750374037403 9.707111099951008e-24
884.6740296529653 9.706076583875642e-24
884.7730219021902 9.705042288043992e-24
884.8720141514151 9.704008212385818e-24
884.97100640064 9.702974356830898e-24
885.0699986498649 9.701940721309044e-24
885.1689908990899 9.700907305750101e-24
885.2679831483148 9.699874110083945e-24
885.3669753975397 9.698841134240477e-24
885.4659676467646 9.697808378149624e-24
885.5649598959895 9.696775841741353e-24
885.6639521452145 9.695743524945656e-24
885.7629443944394 9.69471142769255e-24
885.8619366436643 9.693679549912096e-24
885.9609288928892 9.692647891534361e-24
886.0599211421141 9.691616452489465e-24
886.1589133913392 9.690585232707546e-24
886.2579056405641 9.689554232118775e-24
886.356897889789 9.688523450653351e-24
886.455890139014 9.687492888241497e-24
886.5548823882389 9.68646254481348e-24
886.6538746374638 9.685432420299587e-24
886.7528668866887 9.684402514630128e-24
886.8518591359136 9.68337282773546e-24
886.9508513851385 9.682343359545953e-24
887.0498436343635 9.681314109992018e-24
887.1488358835884 9.680285079004088e-24
887.2478281328133 9.679256266512626e-24
887.3468203820382 9.678227672448129e-24
887.4458126312632 9.677199296741123e-24
887.5448048804881 9.676171139322165e-24
887.643797129713 9.675143200121828e-24
887.7427893789379 9.674115479070726e-24
887.8417816281628 9.673087976099507e-24
887.9407738773878 9.672060691138839e-24
888.0397661266127 9.671033624119422e-24
888.1387583758376 9.670006774971988e-24
888.2377506250625 9.66898014362729e-24
888.3367428742874 9.667953730016123e-24
888.4357351235124 9.666927534069305e-24
888.5347273727373 9.665901555717677e-24
888.6337196219622 9.664875794892121e-24
888.7327118711871 9.663850251523538e-24
888.831704120412 9.662824925542866e-24
888.930696369637 9.661799816881066e-24
889.0296886188619 9.660774925469133e-24
889.1286808680868 9.65975025123809e-24
889.2276731173117 9.658725794118984e-24
889.3266653665366 9.6577015540429e-24
889.4256576157616 9.656677530940949e-24
889.5246498649865 9.655653724744268e-24
889.6236421142114 9.654630135384019e-24
889.7226343634363 9.653606762791405e-24
889.8216266126612 9.65258360689766e-24
889.9206188618862 9.65156066763402e-24
890.0196111111111 9.650537944931783e-24
890.118603360336 9.649515438722258e-24
890.2175956095609 9.648493148936792e-24
890.3165878587859 9.647471075506748e-24
890.4155801080108 9.64644921836353e-24
890.5145723572357 9.64542757743857e-24
890.6135646064606 9.644406152663323e-24
890.7125568556855 9.643384943969277e-24
890.8115491049105 9.642363951287946e-24
890.9105413541354 9.641343174550876e-24
891.0095336033603 9.640322613689641e-24
891.1085258525852 9.639302268635849e-24
891.2075181018101 9.63828213932112e-24
891.3065103510351 9.637262225677126e-24
891.40550260026 9.636242527635545e-24
891.5044948494849 9.635223045128104e-24
891.6034870987098 9.634203778086547e-24
891.7024793479347 9.633184726442645e-24
891.8014715971597 9.632165890128207e-24
891.9004638463846 9.631147269075069e-24
891.9994560956095 9.630128863215086e-24
892.0984483448344 9.629110672480153e-24
892.1974405940593 9.628092696802185e-24
892.2964328432843 9.627074936113135e-24
892.3954250925093 9.626057390344973e-24
892.4944173417342 9.625040059429715e-24
892.5934095909591 9.624022943299382e-24
892.6924018401841 9.623006041886047e-24
892.791394089409 9.621989355121794e-24
892.8903863386339 9.62097288293875e-24
892.9893785878588 9.619956625269055e-24
893.0883708370837 9.618940582044891e-24
893.1873630863087 9.617924753198459e-24
893.2863553355336 9.616909138662e-24
893.3853475847585 9.615893738367774e-24
893.4843398339834 9.614878552248069e-24
893.5833320832083 9.613863580235205e-24
893.6823243324333 9.61284882226153e-24
893.7813165816582 9.611834278259425e-24
893.8803088308831 9.610819948161293e-24
893.979301080108 9.60980583189956e-24
894.078293329333 9.608791929406694e-24
894.1772855785579 9.60777824061519e-24
894.2762778277828 9.606764765457562e-24
894.3752700770077 9.605751503866352e-24
894.4742623262326 9.604738455774138e-24
894.5732545754576 9.603725621113529e-24
894.6722468246825 9.602712999817153e-24
894.7712390739074 9.601700591817669e-24
894.8702313231323 9.600688397047768e-24
894.9692235723572 9.59967641544016e-24
895.0682158215822 9.598664646927603e-24
895.1672080708071 9.597653091442864e-24
895.266200320032 9.596641748918744e-24
895.3651925692569 9.59563061928807e-24
895.4641848184818 9.5946197024837e-24
895.5631770677068 9.59360899843853e-24
895.6621693169317 9.592598507085466e-24
895.7611615661566 9.591588228357449e-24
895.8601538153815 9.590578162187456e-24
895.9591460646064 9.58956830850848e-24
896.0581383138314 9.588558667253558e-24
896.1571305630563 9.587549238355733e-24
896.2561228122812 9.586540021748093e-24
896.3551150615061 9.585531017363748e-24
896.454107310731 9.584522225135847e-24
896.553099559956 9.583513644997548e-24
896.6520918091809 9.582505276882043e-24
896.7510840584058 9.581497120722561e-24
896.8500763076307 9.580489176452358e-24
896.9490685568557 9.579481444004704e-24
897.0480608060806 9.578473923312917e-24
897.1470530553055 9.577466614310324e-24
897.2460453045304 9.576459516930287e-24
897.3450375537553 9.575452631106206e-24
897.4440298029803 9.574445956771495e-24
897.5430220522052 9.573439493859599e-24
897.6420143014301 9.572433242303997e-24
897.741006550655 9.57142720203819e-24
897.8399987998799 9.570421372995715e-24
897.9389910491049 9.56941575511012e-24
898.0379832983298 9.568410348314997e-24
898.1369755475547 9.567405152543954e-24
898.2359677967796 9.566400167730648e-24
898.3349600460045 9.565395393808738e-24
898.4339522952295 9.564390830711923e-24
898.5329445444545 9.563386478373922e-24
898.6319367936794 9.562382336728502e-24
898.7309290429043 9.561378405709433e-24
898.8299212921293 9.560374685250527e-24
898.9289135413542 9.559371175285623e-24
899.0279057905791 9.55836787574858e-24
899.126898039804 9.557364786573294e-24
899.2258902890289 9.556361907693682e-24
899.3248825382539 9.555359239043689e-24
899.4238747874788 9.554356780557293e-24
899.5228670367037 9.553354532168496e-24
899.6218592859286 9.552352493811327e-24
899.7208515351535 9.551350665419844e-24
899.8198437843785 9.550349046928124e-24
899.9188360336034 9.549347638270292e-24
900.0178282828283 9.548346439380484e-24
900.1168205320532 9.547345450192862e-24
900.2158127812781 9.546344670641625e-24
900.3148050305031 9.545344100660999e-24
900.413797279728 9.54434374018523e-24
900.5127895289529 9.543343589148592e-24
900.6117817781778 9.542343647485397e-24
900.7107740274027 9.541343915129976e-24
900.8097662766277 9.540344392016683e-24
900.9087585258526 9.539345078079913e-24
901.0077507750775 9.538345973254078e-24
901.1067430243024 9.537347077473617e-24
901.2057352735274 9.536348390673002e-24
901.3047275227523 9.535349912786728e-24
901.4037197719772 9.534351643749322e-24
901.5027120212021 9.533353583495335e-24
901.601704270427 9.532355731959341e-24
901.700696519652 9.531358089075954e-24
901.7996887688769 9.530360654779799e-24
901.8986810181018 9.529363429005543e-24
901.9976732673267 9.52836641168787e-24
902.0966655165516 9.527369602761497e-24
902.1956577657766 9.526373002161163e-24
902.2946500150015 9.525376609821647e-24
902.3936422642264 9.524380425677733e-24
902.4926345134513 9.52338444966425e-24
902.5916267626762 9.522388681716052e-24
902.6906190119012 9.521393121768018e-24
902.7896112611261 9.52039776975505e-24
902.888603510351 9.519402625612076e-24
902.9875957595759 9.518407689274064e-24
903.0865880088008 9.517412960675999e-24
903.1855802580258 9.516418439752894e-24
903.2845725072507 9.515424126439783e-24
903.3835647564756 9.514430020671744e-24
903.4825570057005 9.513436122383865e-24
903.5815492549254 9.512442431511276e-24
903.6805415041504 9.511448947989117e-24
903.7795337533753 9.510455671752572e-24
903.8785260026002 9.509462602736835e-24
903.9775182518251 9.508469740877144e-24
904.07651050105 9.507477086108754e-24
904.175502750275 9.506484638366946e-24
904.2744949994999 9.505492397587036e-24
904.3734872487248 9.504500363704351e-24
904.4724794979497 9.503508536654269e-24
904.5714717471747 9.502516916372173e-24
904.6704639963996 9.501525502793485e-24
904.7694562456246 9.500534295853649e-24
904.8684484948495 9.499543295488138e-24
904.9674407440745 9.498552501632449e-24
905.0664329932994 9.497561914222112e-24
905.1654252425243 9.496571533192672e-24
905.2644174917492 9.495581358479716e-24
905.3634097409741 9.49459139001885e-24
905.462401990199 9.493601627745703e-24
905.561394239424 9.49261207159593e-24
905.6603864886489 9.491622721505225e-24
905.7593787378738 9.490633577409304e-24
905.8583709870987 9.4896446392439e-24
905.9573632363237 9.488655906944782e-24
906.0563554855486 9.48766738044774e-24
906.1553477347735 9.4866790596886e-24
906.2543399839984 9.485690944603206e-24
906.3533322332233 9.484703035127426e-24
906.4523244824483 9.483715331197169e-24
906.5513167316732 9.482727832748354e-24
906.6503089808981 9.481740539716937e-24
906.749301230123 9.480753452038899e-24
906.848293479348 9.479766569650243e-24
906.9472857285729 9.478779892486997e-24
907.0462779777978 9.477793420485236e-24
907.1452702270227 9.476807153581032e-24
907.2442624762476 9.4758210917105e-24
907.3432547254725 9.474835234809784e-24
907.4422469746975 9.47384958281504e-24
907.5412392239224 9.472864135662472e-24
907.6402314731473 9.471878893288286e-24
907.7392237223722 9.470893855628733e-24
907.8382159715972 9.469909022620086e-24
907.9372082208221 9.46892439419864e-24
908.036200470047 9.467939970300716e-24
908.1351927192719 9.466955750862673e-24
908.2341849684968 9.465971735820876e-24
908.3331772177218 9.464987925111735e-24
908.4321694669467 9.464004318671678e-24
908.5311617161716 9.46302091643716e-24
908.6301539653965 9.462037718344669e-24
908.7291462146214 9.461054724330701e-24
908.8281384638464 9.460071934331803e-24
908.9271307130713 9.459089348284533e-24
909.0261229622962 9.458106966125472e-24
909.1251152115211 9.457124787791238e-24
909.224107460746 9.456142813218475e-24
909.323099709971 9.455161042343841e-24
909.4220919591959 9.454179475104033e-24
909.5210842084208 9.453198111435768e-24
909.6200764576457 9.452216951275792e-24
909.7190687068706 9.451235994560874e-24
909.8180609560956 9.450255241227813e-24
909.9170532053205 9.449274691213426e-24
910.0160454545454 9.448294344454571e-24
910.1150377037703 9.447314200888119e-24
910.2140299529952 9.446334260450969e-24
910.3130222022202 9.445354523080054e-24
910.4120144514451 9.444374988712321e-24
910.51100670067 9.443395657284752e-24
910.6099989498949 9.442416528734358e-24
910.7089911991199 9.441437602998168e-24
910.8079834483448 9.440458880013235e-24
910.9069756975698 9.439480359716646e-24
911.0059679467947 9.438502042045512e-24
911.1049601960196 9.437523926936968e-24
911.2039524452446 9.436546014328177e-24
911.3029446944695 9.435568304156322e-24
911.4019369436944 9.434590796358625e-24
911.5009291929193 9.433613490872319e-24
911.5999214421443 9.432636387634669e-24
911.6989136913692 9.431659486582968e-24
911.7979059405941 9.430682787654537e-24
911.896898189819 9.429706290786712e-24
911.9958904390439 9.428729995916872e-24
912.0948826882689 9.427753902982404e-24
912.1938749374938 9.426778011920728e-24
912.2928671867187 9.425802322669292e-24
912.3918594359436 9.424826835165574e-24
912.4908516851685 9.423851549347068e-24
912.5898439343935 9.422876465151299e-24
912.6888361836184 9.421901582515807e-24
912.7878284328433 9.420926901378182e-24
912.8868206820682 9.41995242167602e-24
912.9858129312931 9.418978143346951e-24
913.0848051805181 9.418004066328617e-24
913.183797429743 9.417030190558706e-24
913.2827896789679 9.416056515974918e-24
913.3817819281928 9.41508304251499e-24
913.4807741774177 9.414109770116669e-24
913.5797664266427 9.413136698717739e-24
913.6787586758676 9.412163828256006e-24
913.7777509250925 9.411191158669307e-24
913.8767431743174 9.410218689895489e-24
913.9757354235423 9.409246421872447e-24
914.0747276727673 9.408274354538085e-24
914.1737199219922 9.407302487830339e-24
914.2727121712171 9.406330821687167e-24
914.371704420442 9.405359356046555e-24
914.470696669667 9.40438809084652e-24
914.5696889188919 9.403417026025094e-24
914.6686811681168 9.40244616152034e-24
914.7676734173417 9.40147549727035e-24
914.8666656665666 9.400505033213233e-24
914.9656579157916 9.399534769287128e-24
915.0646501650165 9.398564705430195e-24
915.1636424142414 9.397594841580633e-24
915.2626346634663 9.396625177676653e-24
915.3616269126912 9.395655713656497e-24
915.4606191619162 9.394686449458427e-24
915.5596114111411 9.39371738502074e-24
915.658603660366 9.392748520281746e-24
915.7575959095909 9.391779855179793e-24
915.8565881588158 9.390811389653245e-24
915.9555804080408 9.389843123640498e-24
916.0545726572657 9.388875057079972e-24
916.1535649064906 9.387907189910103e-24
916.2525571557155 9.386939522069365e-24
916.3515494049404 9.38597205349625e-24
916.4505416541654 9.385004784129278e-24
916.5495339033903 9.384037713906996e-24
916.6485261526152 9.383070842767968e-24
916.7475184018401 9.382104170650798e-24
916.846510651065 9.381137697494098e-24
916.94550290029 9.380171423236518e-24
917.0444951495149 9.379205347816728e-24
917.1434873987399 9.37823947117342e-24
917.2424796479648 9.37727379324532e-24
917.3414718971898 9.376308313971174e-24
917.4404641464147 9.375343033289752e-24
917.5394563956396 9.374377951139849e-24
917.6384486448645 9.373413067460291e-24
917.7374408940894 9.372448382189919e-24
917.8364331433144 9.371483895267611e-24
917.9354253925393 9.370519606632255e-24
918.0344176417642 9.369555516222784e-24
918.1334098909891 9.368591623978141e-24
918.232402140214 9.367627929837292e-24
918.331394389439 9.36666443373924e-24
918.4303866386639 9.36570113562301e-24
918.5293788878888 9.364738035427637e-24
918.6283711371137 9.363775133092209e-24
918.7273633863387 9.362812428555816e-24
918.8263556355636 9.361849921757573e-24
918.9253478847885 9.360887612636638e-24
919.0243401340134 9.359925501132175e-24
919.1233323832383 9.35896358718339e-24
919.2223246324633 9.358001870729495e-24
919.3213168816882 9.35704035170974e-24
919.4203091309131 9.356079030063399e-24
919.519301380138 9.355117905729766e-24
919.6182936293629 9.354156978648166e-24
919.7172858785879 9.353196248757937e-24
919.8162781278128 9.352235715998458e-24
919.9152703770377 9.351275380309125e-24
920.0142626262626 9.350315241629353e-24
920.1132548754875 9.349355299898591e-24
920.2122471247125 9.34839555505631e-24
920.3112393739374 9.347436007042e-24
920.4102316231623 9.346476655795185e-24
920.5092238723872 9.34551750125541e-24
920.6082161216121 9.344558543362246e-24
920.7072083708371 9.34359978205528e-24
920.806200620062 9.342641217274134e-24
920.9051928692869 9.341682848958456e-24
921.0041851185118 9.340724677047906e-24
921.1031773677367 9.339766701482185e-24
921.2021696169617 9.338808922201004e-24
921.3011618661866 9.337851339144107e-24
921.4001541154115 9.336893952251263e-24
921.4991463646364 9.335936761462264e-24
921.5981386138614 9.334979766716916e-24
921.6971308630863 9.334022967955072e-24
921.7961231123112 9.333066365116589e-24
921.8951153615361 9.332109958141362e-24
921.994107610761 9.331153746969304e-24
922.093099859986 9.330197731540351e-24
922.1920921092109 9.329241911794469e-24
922.2910843584358 9.328286287671645e-24
922.3900766076607 9.32733085911189e-24
922.4890688568856 9.326375626055245e-24
922.5880611061106 9.325420588441765e-24
922.6870533553355 9.32446574621154e-24
922.7860456045604 9.323511099304683e-24
922.8850378537853 9.32255664766132e-24
922.9840301030102 9.321602391221617e-24
923.0830223522352 9.320648329925753e-24
923.1820146014601 9.31969446371395e-24
923.2810068506851 9.318740792526418e-24
923.37999909991 9.317787316303432e-24
923.478991349135 9.31683403498526e-24
923.5779835983599 9.315880948512219e-24
923.6769758475848 9.314928056824636e-24
923.7759680968097 9.313975359862858e-24
923.8749603460346 9.313022857567267e-24
923.9739525952596 9.312070549878271e-24
924.0729448444845 9.311118436736294e-24
924.1719370937094 9.310166518081786e-24
924.2709293429343 9.309214793855223e-24
924.3699215921592 9.3082632639971e-24
924.4689138413842 9.307311928447952e-24
924.5679060906091 9.306360787148322e-24
924.666898339834 9.305409840038783e-24
924.7658905890589 9.304459087059931e-24
924.8648828382838 9.303508528152391e-24
924.9638750875088 9.302558163256802e-24
925.0628673367337 9.301607992313832e-24
925.1618595859586 9.300658015264186e-24
925.2608518351835 9.299708232048569e-24
925.3598440844085 9.298758642607734e-24
925.4588363336334 9.297809246882439e-24
925.5578285828583 9.296860044813476e-24
925.6568208320832 9.295911036341658e-24
925.7558130813081 9.29496222140783e-24
925.854805330533 9.294013599952847e-24
925.953797579758 9.293065171917598e-24
926.0527898289829 9.292116937242996e-24
926.1517820782078 9.29116889586997e-24
926.2507743274327 9.290221047739483e-24
926.3497665766577 9.289273392792516e-24
926.4487588258826 9.288325930970075e-24
926.5477510751075 9.287378662213193e-24
926.6467433243324 9.286431586462921e-24
926.7457355735573 9.285484703660345e-24
926.8447278227823 9.28453801374656e-24
926.9437200720072 9.283591516662693e-24
927.0427123212321 9.282645212349897e-24
927.141704570457 9.281699100749344e-24
927.240696819682 9.280753181802234e-24
927.3396890689069 9.279807455449789e-24
927.4386813181318 9.278861921633254e-24
927.5376735673567 9.277916580293901e-24
927.6366658165816 9.27697143137302e-24
927.7356580658065 9.276026474811931e-24
927.8346503150315 9.275081710551976e-24
927.9336425642564 9.274137138534519e-24
928.0326348134813 9.273192758700951e-24
928.1316270627062 9.27224857099268e-24
928.2306193119312 9.271304575351148e-24
928.3296115611561 9.27036077171781e-24
928.428603810381 9.269417160034156e-24
928.5275960596059 9.268473740241688e-24
928.6265883088308 9.267530512281943e-24
928.7255805580558 9.266587476096474e-24
928.8245728072807 9.26564463162686e-24
928.9235650565056 9.264701978814706e-24
929.0225573057305 9.263759517601629e-24
929.1215495549554 9.262817247929294e-24
929.2205418041804 9.261875169739364e-24
929.3195340534053 9.260933282973539e-24
929.4185263026302 9.25999158757354e-24
929.5175185518552 9.259050083481113e-24
929.6165108010802 9.258108770638025e-24
929.7155030503051 9.257167648986068e-24
929.81449529953 9.256226718467062e-24
929.9134875487549 9.255285979022841e-24
930.0124797979798 9.254345430595266e-24
930.1114720472048 9.253405073126231e-24
930.2104642964297 9.25246490655764e-24
930.3094565456546 9.251524930831427e-24
930.4084487948795 9.250585145889547e-24
930.5074410441044 9.249645551673984e-24
930.6064332933294 9.248706148126739e-24
930.7054255425543 9.247766935189845e-24
930.8044177917792 9.246827912805347e-24
930.9034100410041 9.245889080915319e-24
931.002402290229 9.244950439461859e-24
931.101394539454 9.244011988387094e-24
931.2003867886789 9.24307372763316e-24
931.2993790379038 9.242135657142231e-24
931.3983712871287 9.241197776856499e-24
931.4973635363536 9.240260086718174e-24
931.5963557855786 9.2393225866695e-24
931.6953480348035 9.23838527665273e-24
931.7943402840284 9.237448156610158e-24
931.8933325332533 9.23651122648409e-24
931.9923247824782 9.235574486216853e-24
932.0913170317032 9.234637935750804e-24
932.1903092809281 9.233701575028324e-24
932.289301530153 9.232765403991811e-24
932.3882937793779 9.231829422583694e-24
932.4872860286029 9.230893630746417e-24
932.5862782778278 9.229958028422458e-24
932.6852705270527 9.2290226155543e-24
932.7842627762776 9.22808739208447e-24
932.8832550255025 9.227152357955504e-24
932.9822472747275 9.22621751310997e-24
933.0812395239524 9.225282857490455e-24
933.1802317731773 9.224348391039566e-24
933.2792240224022 9.223414113699943e-24
933.3782162716271 9.222480025414236e-24
933.4772085208521 9.221546126125131e-24
933.576200770077 9.220612415775328e-24
933.6751930193019 9.219678894307557e-24
933.7741852685268 9.218745561664564e-24
933.8731775177517 9.217812417789122e-24
933.9721697669767 9.216879462624025e-24
934.0711620162016 9.215946696112097e-24
934.1701542654265 9.215014118196178e-24
934.2691465146514 9.214081728819132e-24
934.3681387638763 9.213149527923847e-24
934.4671310131013 9.212217515453236e-24
934.5661232623262 9.211285691350228e-24
934.6651155115511 9.210354055557784e-24
934.764107760776 9.209422608018889e-24
934.863100010001 9.208491348676536e-24
934.9620922592259 9.207560277473759e-24
935.0610845084508 9.206629394353602e-24
935.1600767576757 9.205698699259138e-24
935.2590690069006 9.204768192133468e-24
935.3580612561256 9.203837872919701e-24
935.4570535053505 9.202907741560983e-24
935.5560457545754 9.201977798000478e-24
935.6550380038004 9.20104804218137e-24
935.7540302530253 9.200118474046871e-24
935.8530225022503 9.199189093540213e-24
935.9520147514752 9.198259900604649e-24
936.0510070007001 9.197330895183463e-24
936.149999249925 9.196402077219947e-24
936.24899149915 9.19547344665743e-24
936.3479837483749 9.194545003439262e-24
936.4469759975998 9.193616747508808e-24
936.5459682468247 9.192688678809461e-24
936.6449604960496 9.191760797284633e-24
936.7439527452746 9.19083310287777e-24
936.8429449944995 9.189905595532325e-24
936.9419372437244 9.188978275191786e-24
937.0409294929493 9.188051141799653e-24
937.1399217421742 9.18712419529946e-24
937.2389139913992 9.18619743563476e-24
937.3379062406241 9.185270862749124e-24
937.436898489849 9.184344476586148e-24
937.5358907390739 9.183418277089455e-24
937.6348829882988 9.182492264202685e-24
937.7338752375238 9.181566437869503e-24
937.8328674867487 9.180640798033599e-24
937.9318597359736 9.179715344638682e-24
938.0308519851985 9.17879007762848e-24
938.1298442344234 9.177864996946752e-24
938.2288364836484 9.17694010253728e-24
938.3278287328733 9.176015394343861e-24
938.4268209820982 9.175090872310318e-24
938.5258132313231 9.174166536380496e-24
938.624805480548 9.173242386498271e-24
938.723797729773 9.172318422607521e-24
938.8227899789979 9.17139464465217e-24
938.9217822282228 9.170471052576148e-24
939.0207744774477 9.169547646323418e-24
939.1197667266727 9.168624425837959e-24
939.2187589758976 9.167701391063774e-24
939.3177512251225 9.166778541944887e-24
939.4167434743474 9.165855878425352e-24
939.5157357235723 9.164933400449235e-24
939.6147279727973 9.164011107960632e-24
939.7137202220222 9.163089000903657e-24
939.8127124712471 9.162167079222448e-24
939.911704720472 9.161245342861168e-24
940.0106969696969 9.160323791764e-24
940.1096892189219 9.159402425875144e-24
940.2086814681468 9.158481245138835e-24
940.3076737173717 9.157560249499319e-24
940.4066659665966 9.15663943890087e-24
940.5056582158215 9.155718813287784e-24
940.6046504650465 9.154798372604377e-24
940.7036427142714 9.153878116794986e-24
940.8026349634963 9.152958045803978e-24
940.9016272127212 9.15203815957573e-24
941.0006194619461 9.151118458054653e-24
941.0996117111711 9.150198941185178e-24
941.198603960396 9.149279608911752e-24
941.2975962096209 9.148360461178849e-24
941.3965884588458 9.147441497930965e-24
941.4955807080707 9.146522719112619e-24
941.5945729572957 9.14560412466835e-24
941.6935652065206 9.144685714542718e-24
941.7925574557455 9.143767488680309e-24
941.8915497049705 9.142849447025729e-24
941.9905419541955 9.141931589523608e-24
942.0895342034204 9.141013916118597e-24
942.1885264526453 9.140096426755367e-24
942.2875187018702 9.139179121378615e-24
942.3865109510951 9.138261999933057e-24
942.4855032003201 9.137345062363434e-24
942.584495449545 9.136428308614507e-24
942.6834876987699 9.13551173863106e-24
942.7824799479948 9.134595352357897e-24
942.8814721972198 9.133679149739844e-24
942.9804644464447 9.132763130721757e-24
943.0794566956696 9.131847295248504e-24
943.1784489448945 9.130931643264978e-24
943.2774411941194 9.130016174716097e-24
943.3764334433444 9.1291008895468e-24
943.4754256925693 9.128185787702044e-24
943.5744179417942 9.127270869126819e-24
943.6734101910191 9.126356133766115e-24
943.772402440244 9.12544158156497e-24
943.871394689469 9.124527212468424e-24
943.9703869386939 9.123613026421552e-24
944.0693791879188 9.122699023369447e-24
944.1683714371437 9.121785203257217e-24
944.2673636863686 9.12087156603e-24
944.3663559355936 9.119958111632959e-24
944.4653481848185 9.119044840011268e-24
944.5643404340434 9.11813175111013e-24
944.6633326832683 9.117218844874768e-24
944.7623249324932 9.116306121250425e-24
944.8613171817182 9.115393580182371e-24
944.9603094309431 9.114481221615897e-24
945.059301680168 9.113569045496309e-24
945.1582939293929 9.112657051768948e-24
945.2572861786178 9.111745240379154e-24
945.3562784278428 9.110833611272313e-24
945.4552706770677 9.109922164393821e-24
945.5542629262926 9.109010899689098e-24
945.6532551755175 9.108099817103588e-24
945.7522474247424 9.107188916582749e-24
945.8512396739674 9.106278198072073e-24
945.9502319231923 9.105367661517061e-24
946.0492241724172 9.104457306863242e-24
946.1482164216421 9.103547134056166e-24
946.247208670867 9.10263714304141e-24
946.346200920092 9.101727333764563e-24
946.4451931693169 9.10081770617124e-24
946.5441854185418 9.099908260207079e-24
946.6431776677667 9.098998995817743e-24
946.7421699169917 9.098089912948907e-24
946.8411621662166 9.097181011546273e-24
946.9401544154415 9.096272291555565e-24
947.0391466646664 9.095363752922531e-24
947.1381389138913 9.094455395592937e-24
947.2371311631163 9.093547219512571e-24
947.3361234123412 9.092639224627242e-24
947.4351156615661 9.09173141088278e-24
947.534107910791 9.090823778225044e-24
947.6331001600159 9.0899163265999e-24
947.7320924092409 9.08900905595325e-24
947.8310846584658 9.088101966231016e-24
947.9300769076907 9.087195057379128e-24
948.0290691569157 9.086288329343553e-24
948.1280614061407 9.08538178207027e-24
948.2270536553656 9.084475415505286e-24
948.3260459045905 9.083569229594625e-24
948.4250381538154 9.082663224284336e-24
948.5240304030403 9.08175739952048e-24
948.6230226522653 9.080851755249155e-24
948.7220149014902 9.079946291416464e-24
948.8210071507151 9.079041007968551e-24
948.91999939994 9.07813590485156e-24
949.018991649165 9.077230982011667e-24
949.1179838983899 9.076326239395072e-24
949.2169761476148 9.075421676947993e-24
949.3159683968397 9.074517294616676e-24
949.4149606460646 9.073613092347369e-24
949.5139528952895 9.07270907008636e-24
949.6129451445145 9.071805227779952e-24
949.7119373937394 9.070901565374472e-24
949.8109296429643 9.069998082816264e-24
949.9099218921892 9.0690947800517e-24
950.0089141414142 9.068191657027166e-24
950.1079063906391 9.067288713689066e-24
950.206898639864 9.066385949983842e-24
950.3058908890889 9.065483365857942e-24
950.4048831383138 9.064580961257837e-24
950.5038753875388 9.06367873613003e-24
950.6028676367637 9.062776690421026e-24
950.7018598859886 9.061874824077374e-24
950.8008521352135 9.060973137045626e-24
950.8998443844384 9.060071629272362e-24
950.9988366336634 9.059170300704193e-24
951.0978288828883 9.058269151287727e-24
951.1968211321132 9.05736818096962e-24
951.2958133813381 9.056467389696529e-24
951.394805630563 9.055566777415142e-24
951.493797879788 9.054666344072164e-24
951.5927901290129 9.053766089614332e-24
951.6917823782378 9.052866013988386e-24
951.7907746274627 9.051966117141102e-24
951.8897668766876 9.051066399019267e-24
951.9887591259126 9.050166859569696e-24
952.0877513751375 9.049267498739226e-24
952.1867436243624 9.048368316474707e-24
952.2857358735873 9.047469312723015e-24
952.3847281228122 9.04657048743105e-24
952.4837203720372 9.045671840545729e-24
952.5827126212621 9.044773372013995e-24
952.681704870487 9.043875081782794e-24
952.7806971197119 9.042976969799125e-24
952.8796893689369 9.042079036009977e-24
952.9786816181618 9.04118128036238e-24
953.0776738673867 9.040283702803374e-24
953.1766661166116 9.039386303280028e-24
953.2756583658365 9.038489081739427e-24
953.3746506150615 9.037592038128675e-24
953.4736428642864 9.036695172394898e-24
953.5726351135113 9.035798484485251e-24
953.6716273627362 9.034901974346901e-24
953.7706196119611 9.034005641927035e-24
953.8696118611861 9.033109487172873e-24
953.968604110411 9.03221351003164e-24
954.0675963596359 9.031317710450588e-24
954.1665886088608 9.030422088376996e-24
954.2655808580859 9.02952664375816e-24
954.3645731073108 9.028631376541393e-24
954.4635653565357 9.027736286674029e-24
954.5625576057606 9.02684137410343e-24
954.6615498549855 9.02594663877697e-24
954.7605421042105 9.025052080642051e-24
954.8595343534354 9.02415769964609e-24
954.9585266026603 9.023263495736534e-24
955.0575188518852 9.022369468860838e-24
955.1565111011101 9.021475618966487e-24
955.2555033503351 9.020581946000984e-24
955.35449559956 9.019688449911849e-24
955.4534878487849 9.018795130646631e-24
955.5524800980098 9.017901988152895e-24
955.6514723472347 9.017009022378221e-24
955.7504645964597 9.016116233270217e-24
955.8494568456846 9.015223620776518e-24
955.9484490949095 9.014331184844764e-24
956.0474413441344 9.013438925422625e-24
956.1464335933593 9.012546842457796e-24
956.2454258425843 9.011654935897974e-24
956.3444180918092 9.010763205690903e-24
956.4434103410341 9.009871651784326e-24
956.542402590259 9.008980274126018e-24
956.641394839484 9.00808907266377e-24
956.7403870887089 9.007198047345393e-24
956.8393793379338 9.006307198118726e-24
956.9383715871587 9.00541652493162e-24
957.0373638363836 9.004526027731946e-24
957.1363560856086 9.003635706467605e-24
957.2353483348335 9.00274556108651e-24
957.3343405840584 9.001855591536596e-24
957.4333328332833 9.000965797765825e-24
957.5323250825082 9.000076179722167e-24
957.6313173317332 8.999186737353626e-24
957.7303095809581 8.998297470608219e-24
957.829301830183 8.997408379433979e-24
957.9282940794079 8.996519463778974e-24
958.0272863286328 8.995630723591275e-24
958.1262785778578 8.994742158818991e-24
958.2252708270827 8.993853769410238e-24
958.3242630763076 8.992965555313158e-24
958.4232553255325 8.99207751647591e-24
958.5222475747574 8.991189652846679e-24
958.6212398239824 8.990301964373664e-24
958.7202320732073 8.989414451005094e-24
958.8192243224322 8.988527112689206e-24
958.9182165716571 8.987639949374265e-24
959.017208820882 8.986752961008557e-24
959.116201070107 8.985866147540382e-24
959.2151933193319 8.98497950891807e-24
959.3141855685568 8.984093045089963e-24
959.4131778177817 8.983206756004422e-24
959.5121700670067 8.982320641609842e-24
959.6111623162316 8.981434701854617e-24
959.7101545654565 8.98054893668719e-24
959.8091468146814 8.97966334605599e-24
959.9081390639063 8.978777929909487e-24
960.0071313131313 8.977892688196178e-24
960.1061235623562 8.977007620864563e-24
960.2051158115811 8.976122727863168e-24
960.304108060806 8.975238009140546e-24
960.4031003100309 8.974353464645261e-24
960.502092559256 8.973469094325902e-24
960.6010848084809 8.972584898131077e-24
960.7000770577058 8.971700876009414e-24
960.7990693069307 8.970817027909563e-24
960.8980615561557 8.969933353780194e-24
960.9970538053806 8.969049853569995e-24
961.0960460546055 8.96816652722767e-24
961.1950383038304 8.967283374701957e-24
961.2940305530553 8.966400395941603e-24
961.3930228022803 8.965517590895371e-24
961.4920150515052 8.964634959512058e-24
961.5910073007301 8.963752501740475e-24
961.689999549955 8.962870217529443e-24
961.7889917991799 8.961988106827823e-24
961.8879840484049 8.961106169584474e-24
961.9869762976298 8.960224405748296e-24
962.0859685468547 8.959342815268196e-24
962.1849607960796 8.9584613980931e-24
962.2839530453045 8.957580154171965e-24
962.3829452945295 8.95669908345376e-24
962.4819375437544 8.955818185887468e-24
962.5809297929793 8.954937461422107e-24
962.6799220422042 8.954056910006708e-24
962.7789142914291 8.953176531590314e-24
962.8779065406541 8.952296326122002e-24
962.976898789879 8.951416293550856e-24
963.0758910391039 8.950536433825997e-24
963.1748832883288 8.949656746896546e-24
963.2738755375537 8.948777232711654e-24
963.3728677867787 8.947897891220496e-24
963.4718600360036 8.947018722372256e-24
963.5708522852285 8.94613972611615e-24
963.6698445344534 8.945260902401399e-24
963.7688367836784 8.944382251177263e-24
963.8678290329033 8.943503772393005e-24
963.9668212821282 8.942625465997916e-24
964.0658135313531 8.941747331941307e-24
964.164805780578 8.940869370172506e-24
964.263798029803 8.939991580640861e-24
964.3627902790279 8.939113963295742e-24
964.4617825282528 8.938236518086536e-24
964.5607747774777 8.937359244962654e-24
964.6597670267026 8.936482143873522e-24
964.7587592759276 8.935605214768592e-24
964.8577515251525 8.934728457597323e-24
964.9567437743774 8.933851872309214e-24
965.0557360236023 8.932975458853768e-24
965.1547282728272 8.932099217180506e-24
965.2537205220522 8.931223147238982e-24
965.3527127712771 8.930347248978763e-24
965.451705020502 8.929471522349434e-24
965.5506972697269 8.928595967300596e-24
965.6496895189518 8.927720583781881e-24
965.7486817681768 8.926845371742933e-24
965.8476740174017 8.925970331133417e-24
965.9466662666266 8.925095461903016e-24
966.0456585158515 8.924220764001436e-24
966.1446507650764 8.923346237378402e-24
966.2436430143014 8.922471881983655e-24
966.3426352635263 8.921597697766964e-24
966.4416275127512 8.920723684678106e-24
966.5406197619761 8.91984984266689e-24
966.6396120112012 8.918976171683132e-24
966.7386042604261 8.918102671676678e-24
966.837596509651 8.917229342597386e-24
966.9365887588759 8.916356184395137e-24
967.0355810081008 8.91548319701984e-24
967.1345732573258 8.914610380421408e-24
967.2335655065507 8.91373773454978e-24
967.3325577557756 8.912865259354921e-24
967.4315500050005 8.911992954786802e-24
967.5305422542255 8.911120820795428e-24
967.6295345034504 8.910248857330813e-24
967.7285267526753 8.909377064342996e-24
967.8275190019002 8.908505441782034e-24
967.9265112511251 8.907633989598006e-24
968.02550350035 8.906762707741003e-24
968.124495749575 8.905891596161143e-24
968.2234879987999 8.905020654808564e-24
968.3224802480248 8.904149883633413e-24
968.4214724972497 8.903279282585868e-24
968.5204647464747 8.902408851616122e-24
968.6194569956996 8.901538590674385e-24
968.7184492449245 8.900668499710896e-24
968.8174414941494 8.899798578675896e-24
968.9164337433743 8.898928827519667e-24
969.0154259925993 8.898059246192491e-24
969.1144182418242 8.897189834644679e-24
969.2134104910491 8.89632059282656e-24
969.312402740274 8.895451520688486e-24
969.411394989499 8.894582618180818e-24
969.5103872387239 8.89371388525395e-24
969.6093794879488 8.892845321858283e-24
969.7083717371737 8.891976927944244e-24
969.8073639863986 8.891108703462283e-24
969.9063562356235 8.890240648362855e-24
970.0053484848485 8.889372762596448e-24
970.1043407340734 8.888505046113569e-24
970.2033329832983 8.887637498864732e-24
970.3023252325232 8.886770120800483e-24
970.4013174817482 8.885902911871382e-24
970.5003097309731 8.885035872028005e-24
970.599301980198 8.884169001220958e-24
970.6982942294229 8.883302299400856e-24
970.7972864786478 8.882435766518334e-24
970.8962787278728 8.881569402524053e-24
970.9952709770977 8.880703207368682e-24
971.0942632263226 8.879837181002924e-24
971.1932554755475 8.878971323377493e-24
971.2922477247724 8.878105634443113e-24
971.3912399739974 8.877240114150545e-24
971.4902322232223 8.876374762450562e-24
971.5892244724472 8.875509579293945e-24
971.6882167216721 8.874644564631512e-24
971.787208970897 8.873779718414095e-24
971.886201220122 8.872915040592532e-24
971.9851934693469 8.872050531117695e-24
972.0841857185718 8.871186189940477e-24
972.1831779677967 8.870322017011773e-24
972.2821702170216 8.869458012282511e-24
972.3811624662466 8.86859417570364e-24
972.4801547154715 8.867730507226118e-24
972.5791469646964 8.866867006800926e-24
972.6781392139213 8.866003674379065e-24
972.7771314631462 8.865140509911554e-24
972.8761237123713 8.864277513349435e-24
972.9751159615962 8.863414684643763e-24
973.0741082108211 8.862552023745619e-24
973.173100460046 8.861689530606095e-24
973.272092709271 8.860827205176306e-24
973.3710849584959 8.859965047407387e-24
973.4700772077208 8.859103057250489e-24
973.5690694569457 8.858241234656785e-24
973.6680617061706 8.857379579577466e-24
973.7670539553956 8.856518091963742e-24
973.8660462046205 8.85565677176684e-24
973.9650384538454 8.854795618938008e-24
974.0640307030703 8.853934633428508e-24
974.1630229522953 8.853073815189635e-24
974.2620152015202 8.852213164172687e-24
974.3610074507451 8.851352680328986e-24
974.45999969997 8.850492363609877e-24
974.5589919491949 8.849632213966714e-24
974.6579841984199 8.848772231350886e-24
974.7569764476448 8.847912415713786e-24
974.8559686968697 8.847052767006831e-24
974.9549609460946 8.846193285181461e-24
975.0539531953195 8.845333970189126e-24
975.1529454445445 8.844474821981303e-24
975.2519376937694 8.843615840509486e-24
975.3509299429943 8.842757025725182e-24
975.4499221922192 8.84189837757992e-24
975.5489144414441 8.841039896025255e-24
975.6479066906691 8.84018158101275e-24
975.746898939894 8.839323432493995e-24
975.8458911891189 8.83846545042059e-24
975.9448834383438 8.837607634744162e-24
976.0438756875687 8.836749985416356e-24
976.1428679367937 8.835892502388829e-24
976.2418601860186 8.83503518561326e-24
976.3408524352435 8.834178035041353e-24
976.4398446844684 8.833321050624827e-24
976.5388369336933 8.832464232315407e-24
976.6378291829183 8.83160758006486e-24
976.7368214321432 8.830751093824949e-24
976.8358136813681 8.829894773547473e-24
976.934805930593 8.829038619184243e-24
977.033798179818 8.828182630687084e-24
977.1327904290429 8.827326808007848e-24
977.2317826782678 8.826471151098395e-24
977.3307749274927 8.82561565991062e-24
977.4297671767176 8.824760334396418e-24
977.5287594259426 8.823905174507717e-24
977.6277516751675 8.823050180196456e-24
977.7267439243924 8.822195351414594e-24
977.8257361736173 8.821340688114112e-24
977.9247284228422 8.820486190247005e-24
978.0237206720672 8.819631857765285e-24
978.1227129212921 8.818777690620988e-24
978.221705170517 8.81792368876617e-24
978.3206974197419 8.817069852152896e-24
978.4196896689668 8.816216180733259e-24
978.5186819181918 8.815362674459362e-24
978.6176741674167 8.814509333283338e-24
978.7166664166416 8.813656157157331e-24
978.8156586658665 8.8128031460335e-24
978.9146509150914 8.811950299864028e-24
979.0136431643165 8.811097618601119e-24
979.1126354135414 8.810245102196987e-24
979.2116276627663 8.809392750603873e-24
979.3106199119912 8.808540563774027e-24
979.4096121612162 8.807688541659727e-24
979.5086044104411 8.806836684213269e-24
979.607596659666 8.80598499138695e-24
979.7065889088909 8.805133463133117e-24
979.8055811581158 8.804282099404106e-24
979.9045734073408 8.803430900152287e-24
980.0035656565657 8.802579865330045e-24
980.1025579057906 8.801728994889778e-24
980.2015501550155 8.800878288783914e-24
980.3005424042404 8.800027746964884e-24
980.3995346534654 8.799177369385152e-24
980.4985269026903 8.79832715599719e-24
980.5975191519152 8.7974771067535e-24
980.6965114011401 8.796627221606582e-24
980.795503650365 8.795777500508981e-24
980.89449589959 8.794927943413236e-24
980.9934881488149 8.794078550271915e-24
981.0924803980398 8.793229321037611e-24
981.1914726472647 8.79238025566292e-24
981.2904648964897 8.791531354100467e-24
981.3894571457146 8.790682616302898e-24
981.4884493949395 8.789834042222863e-24
981.5874416441644 8.788985631813046e-24
981.6864338933893 8.788137385026135e-24
981.7854261426143 8.787289301814855e-24
981.8844183918392 8.786441382131924e-24
981.9834106410641 8.785593625930099e-24
982.082402890289 8.784746033162147e-24
982.1813951395139 8.783898603780855e-24
982.2803873887389 8.783051337739031e-24
982.3793796379638 8.78220423498949e-24
982.4783718871887 8.781357295485078e-24
982.5773641364136 8.780510519178645e-24
982.6763563856385 8.77966390602308e-24
982.7753486348635 8.778817455971272e-24
982.8743408840884 8.777971168976133e-24
982.9733331333133 8.7771250449906e-24
983.0723253825382 8.776279083967614e-24
983.1713176317631 8.775433285860154e-24
983.2703098809881 8.774587650621192e-24
983.369302130213 8.773742178203739e-24
983.4682943794379 8.772896868560817e-24
983.5672866286628 8.772051721645466e-24
983.6662788778877 8.771206737410737e-24
983.7652711271127 8.770361915809717e-24
983.8642633763376 8.76951725679549e-24
983.9632556255625 8.768672760321172e-24
984.0622478747874 8.767828426339896e-24
984.1612401240124 8.766984254804804e-24
984.2602323732373 8.766140245669064e-24
984.3592246224622 8.76529639888586e-24
984.4582168716871 8.764452714408395e-24
984.557209120912 8.763609192189889e-24
984.656201370137 8.762765832183577e-24
984.7551936193619 8.761922634342718e-24
984.8541858685868 8.76107959862058e-24
984.9531781178117 8.76023672497046e-24
985.0521703670366 8.759394013345668e-24
985.1511626162616 8.758551463699531e-24
985.2501548654866 8.757709075985384e-24
985.3491471147115 8.75686685015661e-24
985.4481393639364 8.756024786166574e-24
985.5471316131614 8.75518288396868e-24
985.6461238623863 8.754341143516342e-24
985.7451161116112 8.753499564763002e-24
985.8441083608361 8.75265814766211e-24
985.943100610061 8.751816892167131e-24
986.042092859286 8.750975798231557e-24
986.1410851085109 8.750134865808893e-24
986.2400773577358 8.749294094852667e-24
986.3390696069607 8.748453485316416e-24
986.4380618561856 8.7476130371537e-24
986.5370541054106 8.7467727503181e-24
986.6360463546355 8.74593262476321e-24
986.7350386038604 8.745092660442638e-24
986.8340308530853 8.744252857310019e-24
986.9330231023102 8.743413215318999e-24
987.0320153515352 8.742573734423251e-24
987.1310076007601 8.741734414576449e-24
987.229999849985 8.740895255732302e-24
987.3289920992099 8.740056257844525e-24
987.4279843484348 8.739217420866857e-24
987.5269765976598 8.738378744753056e-24
987.6259688468847 8.737540229456889e-24
987.7249610961096 8.736701874932149e-24
987.8239533453345 8.73586368113264e-24
987.9229455945595 8.735025648012195e-24
988.0219378437844 8.734187775524654e-24
988.1209300930093 8.733350063623873e-24
988.2199223422342 8.73251251226374e-24
988.3189145914591 8.73167512139814e-24
988.417906840684 8.730837890980997e-24
988.516899089909 8.730000820966241e-24
988.6158913391339 8.729163911307814e-24
988.7148835883588 8.72832716195969e-24
988.8138758375837 8.727490572875846e-24
988.9128680868087 8.726654144010292e-24
989.0118603360336 8.72581787531704e-24
989.1108525852585 8.724981766750135e-24
989.2098448344834 8.724145818263626e-24
989.3088370837083 8.723310029811585e-24
989.4078293329333 8.722474401348107e-24
989.5068215821582 8.721638932827293e-24
989.6058138313831 8.720803624203268e-24
989.704806080608 8.71996847543018e-24
989.803798329833 8.719133486462187e-24
989.9027905790579 8.718298657253464e-24
990.0017828282828 8.717463987758208e-24
990.1007750775077 8.716629477930626e-24
990.1997673267326 8.715795127724955e-24
990.2987595759575 8.714960937095442e-24
990.3977518251825 8.714126905996345e-24
990.4967440744074 8.713293034381951e-24
990.5957363236323 8.712459322206559e-24
990.6947285728572 8.711625769424491e-24
990.7937208220822 8.71079237599007e-24
990.8927130713071 8.709959141857658e-24
990.991705320532 8.709126066981622e-24
991.0906975697569 8.708293151316348e-24
991.1896898189818 8.70746039481624e-24
991.2886820682068 8.706627797435717e-24
991.3876743174318 8.705795359129224e-24
991.4866665666567 8.704963079851214e-24
991.5856588158816 8.704130959556165e-24
991.6846510651066 8.703298998198555e-24
991.7836433143315 8.702467195732909e-24
991.8826355635564 8.701635552113744e-24
991.9816278127813 8.700804067295604e-24
992.0806200620062 8.69997274123305e-24
992.1796123112312 8.69914157388066e-24
992.2786045604561 8.698310565193028e-24
992.377596809681 8.697479715124769e-24
992.4765890589059 8.696649023630509e-24
992.5755813081308 8.695818490664896e-24
992.6745735573558 8.694988116182597e-24
992.7735658065807 8.694157900138293e-24
992.8725580558056 8.69332784248668e-24
992.9715503050305 8.692497943182475e-24
993.0705425542554 8.691668202180413e-24
993.1695348034804 8.690838619435246e-24
993.2685270527053 8.690009194901734e-24
993.3675193019302 8.68917992853467e-24
993.4665115511551 8.688350820288851e-24
993.56550380038 8.687521870119101e-24
993.664496049605 8.686693077980252e-24
993.7634882988299 8.685864443827165e-24
993.8624805480548 8.685035967614701e-24
993.9614727972797 8.684207649297753e-24
994.0604650465046 8.683379488831228e-24
994.1594572957296 8.682551486170044e-24
994.2584495449545 8.681723641269146e-24
994.3574417941794 8.680895954083488e-24
994.4564340434043 8.680068424568043e-24
994.5554262926292 8.6792410526778e-24
994.6544185418542 8.678413838367775e-24
994.7534107910791 8.677586781592986e-24
994.852403040304 8.676759882308476e-24
994.9513952895289 8.675933140469305e-24
995.0503875387539 8.675106556030552e-24
995.1493797879788 8.674280128947307e-24
995.2483720372037 8.673453859174684e-24
995.3473642864286 8.672627746667807e-24
995.4463565356535 8.671801791381825e-24
995.5453487848785 8.670975993271897e-24
995.6443410341034 8.670150352293203e-24
995.7433332833283 8.669324868400935e-24
995.8423255325532 8.668499541550307e-24
995.9413177817781 8.667674371696554e-24
996.0403100310031 8.666849358794918e-24
996.139302280228 8.666024502800664e-24
996.2382945294529 8.665199803669075e-24
996.3372867786778 8.664375261355442e-24
996.4362790279027 8.66355087581509e-24
996.5352712771277 8.66272664700334e-24
996.6342635263526 8.66190257487555e-24
996.7332557755775 8.661078659387078e-24
996.8322480248024 8.660254900493312e-24
996.9312402740273 8.65943129814965e-24
997.0302325232523 8.658607852311504e-24
997.1292247724772 8.657784562934314e-24
997.2282170217021 8.656961429973526e-24
997.327209270927 8.65613845338461e-24
997.426201520152 8.655315633123046e-24
997.5251937693769 8.65449296914434e-24
997.6241860186019 8.653670461404002e-24
997.7231782678268 8.652848109857577e-24
997.8221705170517 8.652025914460604e-24
997.9211627662767 8.651203875168664e-24
998.0201550155016 8.650381991937333e-24
998.1191472647265 8.649560264722221e-24
998.2181395139514 8.64873869347894e-24
998.3171317631763 8.647917278163124e-24
998.4161240124013 8.647096018730433e-24
998.5151162616262 8.646274915136528e-24
998.6141085108511 8.645453967337105e-24
998.713100760076 8.644633175287859e-24
998.812093009301 8.64381253894451e-24
998.9110852585259 8.642992058262798e-24
999.0100775077508 8.642171733198472e-24
999.1090697569757 8.641351563707306e-24
999.2080620062006 8.640531549745086e-24
999.3070542554256 8.639711691267611e-24
999.4060465046505 8.638891988230705e-24
999.5050387538754 8.638072440590203e-24
999.6040310031003 8.63725304830196e-24
999.7030232523252 8.636433811321845e-24
999.8020155015502 8.635614729605747e-24
999.9010077507751 8.634795803109565e-24
1000.0 8.633977031789226e-24
