0    1    1         0.000000
    0    1    1   barenucl         0.000000  1.00000E+00  1.00000E+00  0.00000E+00  0.00000E+00    1   0  0 0 0 0 0 0 0 0 0 0
1   10   10      3494.100098
    1    1    2   h_100001         0.000000  2.00000E+00  1.60000E+01  3.49410E+03  0.00000E+00    1   1  1 0 0 0 0 0 0 0 0 0
    1    2    3   h_010002      2621.836467  8.00000E+00  1.60000E+01  8.72264E+02  3.06544E+13    1   2  0 1 0 0 0 0 0 0 0 0
    1    3    4   h_001003      3106.671161  1.80000E+01  1.60000E+01  3.87429E+02  6.54299E+12    1   3  0 0 1 0 0 0 0 0 0 0
    1    4    5   h_000104      3276.261016  3.20000E+01  1.60000E+01  2.17839E+02  1.98218E+12    1   4  0 0 0 1 0 0 0 0 0 0
    1    5    6   h_000005      3354.714351  5.00000E+01  1.60000E+01  1.39386E+02  7.59309E+11    1   5  0 0 0 0 1 0 0 0 0 0
    1    6    7   h_000006      3397.317474  7.20000E+01  1.60000E+01  9.67826E+01  3.41192E+11    1   6  0 0 0 0 0 1 0 0 0 0
    1    7    8   h_000007      3423.000677  9.80000E+01  1.60000E+01  7.10994E+01  1.72020E+11    1   7  0 0 0 0 0 0 1 0 0 0
    1    8    9   h_000008      3439.667830  1.28000E+02  1.60000E+01  5.44323E+01  9.45346E+10    1   8  0 0 0 0 0 0 0 1 0 0
    1    9   10   h_000009      3451.093701  1.62000E+02  1.60000E+01  4.30064E+01  5.55326E+10    1   9  0 0 0 0 0 0 0 0 1 0
    1   10   11   h_000010      3459.266000  2.00000E+02  1.60000E+01  3.48341E+01  3.19058E+10    1  10  0 0 0 0 0 0 0 0 0 1
2   19   10      3223.182373
    2    1   12   he200001         0.000000  1.00000E+00  1.58438E+01  3.22318E+03  0.00000E+00    1   1  2 0 0 0 0 0 0 0 0 0
    2    2   13   he110002      2445.355469  1.60000E+01  1.50620E+01  7.77827E+02  1.24080E+13    1   2  1 1 0 0 0 0 0 0 0 0
    2    3   14   he101003      2861.988034  3.60000E+01  1.50160E+01  3.61194E+02  3.57671E+12    1   3  1 0 1 0 0 0 0 0 0 0
    2    4   15   he100104      3031.621514  6.40000E+01  1.50046E+01  1.91561E+02  1.37624E+12    1   4  1 0 0 1 0 0 0 0 0 0
    2    5   16   he100005      3100.633755  1.00000E+02  1.50030E+01  1.22549E+02  5.16436E+11    1   5  1 0 0 0 1 0 0 0 0 0
    2    6   17   he100006      3138.089242  1.44000E+02  1.50030E+01  8.50931E+01  2.27078E+11    1   6  1 0 0 0 0 1 0 0 0 0
    2    7   18   he100007      3160.686419  1.96000E+02  1.50010E+01  6.24960E+01  1.15903E+11    1   7  1 0 0 0 0 0 1 0 0 0
    2    8   19   he100008      3175.342143  2.56000E+02  1.50001E+01  4.78402E+01  6.42847E+10    1   8  1 0 0 0 0 0 0 1 0 0
    2    9   20   he100009      3185.384087  3.24000E+02  1.50001E+01  3.77983E+01  3.80449E+10    1   9  1 0 0 0 0 0 0 0 1 0
    2   10   21   he100010      3192.566598  4.00000E+02  1.50001E+01  3.06158E+01  2.17634E+10    1  10  1 0 0 0 0 0 0 0 0 1
    2   11   22   he020002      5034.447575  2.80000E+01  1.56981E+01  8.10571E+02  1.52380E+14    2   2  0 2 0 0 0 0 0 0 0 0
    2   12   23   he011003      5475.175602  1.44000E+02  1.50960E+01  3.69843E+02  4.41366E+13    2   3  0 1 1 0 0 0 0 0 0 0
    2   13   24   he010104      5652.864765  2.56000E+02  1.50278E+01  1.92154E+02  3.28351E+13    2   4  0 1 0 1 0 0 0 0 0 0
    2   14   25   he010005      5722.484932  4.00000E+02  1.50021E+01  1.22534E+02  2.99963E+13    2   5  0 1 0 0 1 0 0 0 0 0
    2   15   26   he010006      5759.823555  5.76000E+02  1.50120E+01  8.51953E+01  2.91313E+13    2   6  0 1 0 0 0 1 0 0 0 0
    2   16   27   he010007      5782.447855  7.84000E+02  1.50100E+01  6.25710E+01  2.88182E+13    2   7  0 1 0 0 0 0 1 0 0 0
    2   17   28   he010008      5797.172868  1.02400E+03  1.50010E+01  4.78460E+01  2.86834E+13    2   8  0 1 0 0 0 0 0 1 0 0
    2   18   29   he010009      5807.216018  1.29600E+03  1.50010E+01  3.78028E+01  2.86174E+13    2   9  0 1 0 0 0 0 0 0 1 0
    2   19   30   he010010      5814.403065  1.60000E+03  1.50001E+01  3.06158E+01  2.85809E+13    2  10  0 1 0 0 0 0 0 0 0 1
3   18    9       707.140015
    3    1   31   li210002         0.000000  8.00000E+00  1.41240E+01  7.07140E+02  0.00000E+00    1   2  2 1 0 0 0 0 0 0 0 0
    3    2   32   li201003       384.235293  1.80000E+01  1.40320E+01  3.22905E+02  1.72846E+12    1   3  2 0 1 0 0 0 0 0 0 0
    3    3   33   li200104       540.165907  3.20000E+01  1.40092E+01  1.66974E+02  8.61023E+11    1   4  2 0 0 1 0 0 0 0 0 0
    3    4   34   li200005       600.343784  5.00000E+01  1.40060E+01  1.06796E+02  3.23704E+11    1   5  2 0 0 0 1 0 0 0 0 0
    3    5   35   li200006       632.983618  7.20000E+01  1.40060E+01  7.41564E+01  1.46055E+11    1   6  2 0 0 0 0 1 0 0 0 0
    3    6   36   li200007       652.692513  9.80000E+01  1.40020E+01  5.44475E+01  7.57232E+10    1   7  2 0 0 0 0 0 1 0 0 0
    3    7   37   li200008       665.466257  1.28000E+02  1.40002E+01  4.16738E+01  4.24786E+10    1   8  2 0 0 0 0 0 0 1 0 0
    3    8   38   li200009       674.213665  1.62000E+02  1.40002E+01  3.29263E+01  2.53603E+10    1   9  2 0 0 0 0 0 0 0 1 0
    3    9   39   li200010       680.470306  2.00000E+02  1.40002E+01  2.66697E+01  1.44569E+10    1  10  2 0 0 0 0 0 0 0 0 1
    3   10   40   li120002      2416.591833  5.60000E+01  1.47601E+01  7.35904E+02  6.36938E+13    2   2  1 2 0 0 0 0 0 0 0 0
    3   11   41   li111003      2831.181207  2.88000E+02  1.41120E+01  3.21314E+02  1.88012E+13    2   3  1 1 1 0 0 0 0 0 0 0
    3   12   42   li110104      2984.967573  5.12000E+02  1.40324E+01  1.67528E+02  1.34059E+13    2   4  1 1 0 1 0 0 0 0 0 0
    3   13   43   li110005      3045.712983  8.00000E+02  1.40051E+01  1.06783E+02  1.19719E+13    2   5  1 1 0 0 1 0 0 0 0 0
    3   14   44   li110006      3078.243727  1.15200E+03  1.40150E+01  7.42518E+01  1.15275E+13    2   6  1 1 0 0 0 1 0 0 0 0
    3   15   45   li110007      3097.977951  1.56800E+03  1.40110E+01  5.45175E+01  1.13649E+13    2   7  1 1 0 0 0 0 1 0 0 0
    3   16   46   li110008      3110.816367  2.04800E+03  1.40011E+01  4.16791E+01  1.12935E+13    2   8  1 1 0 0 0 0 0 1 0 0
    3   17   47   li110009      3119.564900  2.59200E+03  1.40011E+01  3.29306E+01  1.12581E+13    2   9  1 1 0 0 0 0 0 0 1 0
    3   18   48   li110010      3125.825775  3.20000E+03  1.40002E+01  2.66697E+01  1.12379E+13    2  10  1 1 0 0 0 0 0 0 0 1
4   26    9       651.630005
    4    1   49   be220002         0.000000  2.80000E+01  1.38221E+01  6.51630E+02  0.00000E+00    1   2  2 2 0 0 0 0 0 0 0 0
    4    2   50   be211003       365.901766  1.44000E+02  1.31280E+01  2.85728E+02  1.23878E+12    1   3  2 1 1 0 0 0 0 0 0 0
    4    3   51   be210104       507.037594  2.56000E+02  1.30370E+01  1.44592E+02  6.65821E+11    1   4  2 1 0 1 0 0 0 0 0 0
    4    4   52   be210005       559.514537  4.00000E+02  1.30081E+01  9.21155E+01  2.49646E+11    1   5  2 1 0 0 1 0 0 0 0 0
    4    5   53   be210006       587.569202  5.76000E+02  1.30180E+01  6.40608E+01  1.08723E+11    1   6  2 1 0 0 0 1 0 0 0 0
    4    6   54   be210007       604.611015  7.84000E+02  1.30120E+01  4.70190E+01  5.67055E+10    1   7  2 1 0 0 0 0 1 0 0 0
    4    7   55   be210008       615.692241  1.02400E+03  1.30012E+01  3.59378E+01  3.19619E+10    1   8  2 1 0 0 0 0 0 1 0 0
    4    8   56   be210009       623.235526  1.29600E+03  1.30012E+01  2.83945E+01  1.90586E+10    1   9  2 1 0 0 0 0 0 0 1 0
    4    9   57   be210010       628.634134  1.60000E+03  1.30003E+01  2.29959E+01  1.09605E+10    1  10  2 1 0 0 0 0 0 0 0 1
    4   10   58   be202003       766.507811  1.53000E+02  1.36920E+01  2.69357E+02  2.44342E+14    2   3  2 0 2 0 0 0 0 0 0 0
    4   11   59   be201104       890.011831  5.76000E+02  1.30937E+01  1.45853E+02  5.11880E+13    2   4  2 0 1 1 0 0 0 0 0 0
    4   12   60   be201005       943.490383  9.00000E+02  1.30264E+01  9.23749E+01  1.78747E+13    2   5  2 0 1 0 1 0 0 0 0 0
    4   13   61   be201006       971.745417  1.29600E+03  1.30240E+01  6.41199E+01  8.19331E+12    2   6  2 0 1 0 0 1 0 0 0 0
    4   14   62   be201007       988.817390  1.76400E+03  1.30160E+01  4.70479E+01  4.63622E+12    2   7  2 0 1 0 0 0 1 0 0 0
    4   15   63   be201008       999.877755  2.30400E+03  1.30102E+01  3.59875E+01  3.14099E+12    2   8  2 0 1 0 0 0 0 1 0 0
    4   16   64   be201009      1007.440232  2.91600E+03  1.30082E+01  2.84251E+01  2.43926E+12    2   9  2 0 1 0 0 0 0 0 1 0
    4   17   65   be201010      1012.869427  3.60000E+03  1.30003E+01  2.29959E+01  2.07962E+12    2  10  2 0 1 0 0 0 0 0 0 1
    4   18   66   be130002      2391.209557  1.12000E+02  1.44582E+01  6.77012E+02  1.47579E+14   10   2  1 3 0 0 0 0 0 0 0 0
    4   19   67   be121003      2784.303773  1.00800E+03  1.32080E+01  2.83918E+02  7.01035E+13   10   3  1 2 1 0 0 0 0 0 0 0
    4   20   68   be120104      2923.114101  1.79200E+03  1.30602E+01  1.45108E+02  6.26032E+13   10   4  1 2 0 1 0 0 0 0 0 0
    4   21   69   be120005      2976.119120  2.80000E+03  1.30072E+01  9.21027E+01  6.08160E+13   10   5  1 2 0 0 1 0 0 0 0 0
    4   22   70   be120006      3004.072406  4.03200E+03  1.30270E+01  6.41494E+01  6.02727E+13   10   6  1 2 0 0 0 1 0 0 0 0
    4   23   71   be120007      3021.137770  5.48800E+03  1.30210E+01  4.70841E+01  6.00804E+13   10   7  1 2 0 0 0 0 1 0 0 0
    4   24   72   be120008      3032.279098  7.16800E+03  1.30021E+01  3.59427E+01  5.99977E+13   10   8  1 2 0 0 0 0 0 1 0 0
    4   25   73   be120009      3039.823427  9.07200E+03  1.30021E+01  2.83984E+01  5.99571E+13   10   9  1 2 0 0 0 0 0 0 1 0
    4   26   74   be120010      3045.225966  1.12000E+04  1.30003E+01  2.29959E+01  5.99349E+13   10  10  1 2 0 0 0 0 0 0 0 1
5   26    9       546.650024
    5    1   75   b_230002         0.000000  5.60000E+01  1.35202E+01  5.46650E+02  0.00000E+00    1   2  2 3 0 0 0 0 0 0 0 0
    5    2   76   b_221003       303.461499  5.04000E+02  1.22240E+01  2.43189E+02  6.61145E+11    1   3  2 2 1 0 0 0 0 0 0 0
    5    3   77   b_220104       422.827273  8.96000E+02  1.20648E+01  1.23823E+02  4.28343E+11    1   4  2 2 0 1 0 0 0 0 0 0
    5    4   78   b_220005       468.129328  1.40000E+03  1.20102E+01  7.85207E+01  1.70499E+11    1   5  2 2 0 0 1 0 0 0 0 0
    5    5   79   b_220006       491.945938  2.01600E+03  1.20300E+01  5.47041E+01  7.45687E+10    1   6  2 2 0 0 0 1 0 0 0 0
    5    6   80   b_220007       506.514685  2.74400E+03  1.20220E+01  4.01353E+01  3.94899E+10    1   7  2 2 0 0 0 0 1 0 0 0
    5    7   81   b_220008       516.023578  3.58400E+03  1.20022E+01  3.06264E+01  2.24994E+10    1   8  2 2 0 0 0 0 0 1 0 0
    5    8   82   b_220009       522.451925  4.53600E+03  1.20022E+01  2.41981E+01  1.34473E+10    1   9  2 2 0 0 0 0 0 0 1 0
    5    9   83   b_220010       527.055786  5.60000E+03  1.20004E+01  1.95942E+01  7.76018E+09    1  10  2 2 0 0 0 0 0 0 0 1
    5   10   84   b_212003       686.626853  1.22400E+03  1.27880E+01  2.25925E+02  1.86666E+14    2   3  2 1 2 0 0 0 0 0 0 0
    5   11   85   b_211104       787.561980  4.60800E+03  1.21215E+01  1.24990E+02  3.86405E+13    2   4  2 1 1 1 0 0 0 0 0 0
    5   12   86   b_211005       833.791560  7.20000E+03  1.20285E+01  7.87602E+01  1.33585E+13    2   5  2 1 1 0 1 0 0 0 0 0
    5   13   87   b_211006       857.793112  1.03680E+04  1.20360E+01  5.47587E+01  6.07768E+12    2   6  2 1 1 0 0 1 0 0 0 0
    5   14   88   b_211007       872.389734  1.41120E+04  1.20260E+01  4.01621E+01  3.41951E+12    2   7  2 1 1 0 0 0 1 0 0 0
    5   15   89   b_211008       881.879390  1.84320E+04  1.20112E+01  3.06724E+01  2.30218E+12    2   8  2 1 1 0 0 0 0 1 0 0
    5   16   90   b_211009       888.325454  2.33280E+04  1.20092E+01  2.42263E+01  1.77768E+12    2   9  2 1 1 0 0 0 0 0 1 0
    5   17   91   b_211010       892.957552  2.88000E+04  1.20004E+01  1.95942E+01  1.50892E+12    2  10  2 1 1 0 0 0 0 0 0 1
    5   18   92   b_140002      2371.734378  1.40000E+02  1.41563E+01  5.66125E+02  2.56400E+14   18   2  1 4 0 0 0 0 0 0 0 0
    5   19   93   b_131003      2696.803914  2.01600E+03  1.23040E+01  2.41056E+02  1.50031E+14   18   3  1 3 1 0 0 0 0 0 0 0
    5   20   94   b_130104      2813.559965  3.58400E+03  1.20880E+01  1.24300E+02  1.41208E+14   18   4  1 3 0 1 0 0 0 0 0 0
    5   21   95   b_130005      2859.350657  5.60000E+03  1.20093E+01  7.85089E+01  1.39274E+14   18   5  1 3 0 0 1 0 0 0 0 0
    5   22   96   b_130006      2883.073596  8.06400E+03  1.20390E+01  5.47860E+01  1.38689E+14   18   6  1 3 0 0 0 1 0 0 0 0
    5   23   97   b_130007      2897.664117  1.09760E+04  1.20310E+01  4.01955E+01  1.38484E+14   18   7  1 3 0 0 0 0 1 0 0 0
    5   24   98   b_130008      2907.228541  1.43360E+04  1.20031E+01  3.06310E+01  1.38397E+14   18   8  1 3 0 0 0 0 0 1 0 0
    5   25   99   b_130009      2913.657853  1.81440E+04  1.20031E+01  2.42017E+01  1.38354E+14   18   9  1 3 0 0 0 0 0 0 1 0
    5   26  100   b_130010      2918.265343  2.24000E+04  1.20004E+01  1.95942E+01  1.38331E+14   18  10  1 3 0 0 0 0 0 0 0 1
6   26    9       504.779999
    6    1  101   c_240002         0.000000  7.00000E+01  1.32183E+01  5.04780E+02  0.00000E+00    1   2  2 4 0 0 0 0 0 0 0 0
    6    2  102   c_231003       288.876273  1.00800E+03  1.13200E+01  2.15904E+02  4.59699E+11    1   3  2 3 1 0 0 0 0 0 0 0
    6    3  103   c_230104       400.115536  1.79200E+03  1.10926E+01  1.04664E+02  3.41148E+11    1   4  2 3 0 1 0 0 0 0 0 0
    6    4  104   c_230005       438.768400  2.80000E+03  1.10123E+01  6.60116E+01  1.29492E+11    1   5  2 3 0 0 1 0 0 0 0 0
    6    5  105   c_230006       458.693907  4.03200E+03  1.10420E+01  4.60861E+01  5.46888E+10    1   6  2 3 0 0 0 1 0 0 0 0
    6    6  106   c_230007       470.983538  5.48800E+03  1.10320E+01  3.37965E+01  2.88366E+10    1   7  2 3 0 0 0 0 1 0 0 0
    6    7  107   c_230008       479.040246  7.16800E+03  1.10032E+01  2.57398E+01  1.64732E+10    1   8  2 3 0 0 0 0 0 1 0 0
    6    8  108   c_230009       484.442822  9.07200E+03  1.10032E+01  2.03372E+01  9.76773E+09    1   9  2 3 0 0 0 0 0 0 1 0
    6    9  109   c_230010       488.315212  1.12000E+04  1.10005E+01  1.64648E+01  5.64689E+09    1  10  2 3 0 0 0 0 0 0 0 1
    6   10  110   c_222003       610.048846  4.28400E+03  1.18840E+01  1.98193E+02  1.37561E+14    2   3  2 2 2 0 0 0 0 0 0 0
    6   11  111   c_221104       702.503935  1.61280E+04  1.11493E+01  1.05738E+02  2.81469E+13    2   4  2 2 1 1 0 0 0 0 0 0
    6   12  112   c_221005       742.010271  2.52000E+04  1.10306E+01  6.62312E+01  9.52762E+12    2   5  2 2 1 0 1 0 0 0 0 0
    6   13  113   c_221006       762.105298  3.62880E+04  1.10480E+01  4.61362E+01  4.20411E+12    2   6  2 2 1 0 0 1 0 0 0 0
    6   14  114   c_221007       774.420520  4.93920E+04  1.10360E+01  3.38210E+01  2.27582E+12    2   7  2 2 1 0 0 0 1 0 0 0
    6   15  115   c_221008       782.459616  6.45120E+04  1.10122E+01  2.57819E+01  1.46539E+12    2   8  2 2 1 0 0 0 0 1 0 0
    6   16  116   c_221009       787.878434  8.16480E+04  1.10102E+01  2.03631E+01  1.08481E+12    2   9  2 2 1 0 0 0 0 0 1 0
    6   17  117   c_221010       791.776710  1.00800E+05  1.10005E+01  1.64648E+01  8.89833E+11    2  10  2 2 1 0 0 0 0 0 0 1
    6   18  118   c_150002      2355.188236  1.12000E+02  1.38544E+01  5.21326E+02  3.76645E+14   18   2  1 5 0 0 0 0 0 0 0 0
    6   19  119   c_141003      2662.901268  2.52000E+03  1.14000E+01  2.13613E+02  2.48352E+14   18   3  1 4 1 0 0 0 0 0 0 0
    6   20  120   c_140104      2771.411494  4.48000E+03  1.11158E+01  1.05103E+02  2.38704E+14   18   4  1 4 0 1 0 0 0 0 0 0
    6   21  121   c_140005      2810.513570  7.00000E+03  1.10114E+01  6.60008E+01  2.36670E+14   18   5  1 4 0 0 1 0 0 0 0 0
    6   22  122   c_140006      2830.353114  1.00800E+04  1.10510E+01  4.61613E+01  2.36066E+14   18   6  1 4 0 0 0 1 0 0 0 0
    6   23  123   c_140007      2842.662743  1.37200E+04  1.10410E+01  3.38516E+01  2.35856E+14   18   7  1 4 0 0 0 0 1 0 0 0
    6   24  124   c_140008      2850.770413  1.79200E+04  1.10041E+01  2.57440E+01  2.35768E+14   18   8  1 4 0 0 0 0 0 1 0 0
    6   25  125   c_140009      2856.173873  2.26800E+04  1.10041E+01  2.03405E+01  2.35725E+14   18   9  1 4 0 0 0 0 0 0 1 0
    6   26  126   c_140010      2860.049590  2.80000E+04  1.10005E+01  1.64648E+01  2.35703E+14   18  10  1 4 0 0 0 0 0 0 0 1
7   26    9       447.089996
    7    1  127   n_250002         0.000000  5.60000E+01  1.29164E+01  4.47090E+02  0.00000E+00    1   2  2 5 0 0 0 0 0 0 0 0
    7    2  128   n_241003       262.800631  1.26000E+03  1.04160E+01  1.84289E+02  2.73234E+11    1   3  2 4 1 0 0 0 0 0 0 0
    7    3  129   n_240104       359.973065  2.24000E+03  1.01204E+01  8.71169E+01  2.37149E+11    1   4  2 4 0 1 0 0 0 0 0 0
    7    4  130   n_240005       392.502112  3.50000E+03  1.00144E+01  5.45879E+01  8.98233E+10    1   5  2 4 0 0 1 0 0 0 0 0
    7    5  131   n_240006       408.883320  5.04000E+03  1.00540E+01  3.82067E+01  3.71787E+10    1   6  2 4 0 0 0 1 0 0 0 0
    7    6  132   n_240007       419.087722  6.86000E+03  1.00420E+01  2.80023E+01  1.96893E+10    1   7  2 4 0 0 0 0 1 0 0 0
    7    7  133   n_240008       425.812364  8.96000E+03  1.00042E+01  2.12776E+01  1.12724E+10    1   8  2 4 0 0 0 0 0 1 0 0
    7    8  134   n_240009       430.278318  1.13400E+04  1.00042E+01  1.68117E+01  6.68144E+09    1   9  2 4 0 0 0 0 0 0 1 0
    7    9  135   n_240010       433.482501  1.40000E+04  1.00006E+01  1.36075E+01  3.87435E+09    1  10  2 4 0 0 0 0 0 0 0 1
    7   10  136   n_232003       570.088977  8.56800E+03  1.09800E+01  1.65877E+02  1.07307E+14    2   3  2 3 2 0 0 0 0 0 0 0
    7   11  137   n_231104       647.870164  3.22560E+04  1.01771E+01  8.80961E+01  1.95706E+13    2   4  2 3 1 1 0 0 0 0 0 0
    7   12  138   n_231005       681.178659  5.04000E+04  1.00327E+01  5.47876E+01  6.44358E+12    2   5  2 3 1 0 1 0 0 0 0 0
    7   13  139   n_231006       697.713972  7.25760E+04  1.00600E+01  3.82523E+01  2.80845E+12    2   6  2 3 1 0 0 1 0 0 0 0
    7   14  140   n_231007       707.941680  9.87840E+04  1.00460E+01  2.80246E+01  1.52374E+12    2   7  2 3 1 0 0 0 1 0 0 0
    7   15  141   n_231008       714.650334  1.29024E+05  1.00132E+01  2.13159E+01  9.83678E+11    2   8  2 3 1 0 0 0 0 1 0 0
    7   16  142   n_231009       719.131055  1.63296E+05  1.00112E+01  1.68352E+01  7.30007E+11    2   9  2 3 1 0 0 0 0 0 1 0
    7   17  143   n_231010       722.358774  2.01600E+05  1.00006E+01  1.36075E+01  6.00055E+11    2  10  2 3 1 0 0 0 0 0 0 1
    7   18  144   n_160002      2342.458750  5.60000E+01  1.35525E+01  4.59819E+02  5.79854E+14   18   2  1 6 0 0 0 0 0 0 0 0
    7   19  145   n_151003      2620.531428  2.01600E+03  1.04960E+01  1.81747E+02  4.11063E+14   18   3  1 5 1 0 0 0 0 0 0 0
    7   20  146   n_150104      2714.761313  3.58400E+03  1.01436E+01  8.75169E+01  3.98981E+14   18   4  1 5 0 1 0 0 0 0 0 0
    7   21  147   n_150005      2747.700162  5.60000E+03  1.00135E+01  5.45781E+01  3.96712E+14   18   5  1 5 0 0 1 0 0 0 0 0
    7   22  148   n_150006      2764.003114  8.06400E+03  1.00630E+01  3.82751E+01  3.96063E+14   18   6  1 5 0 0 0 1 0 0 0 0
    7   23  149   n_150007      2774.225737  1.09760E+04  1.00510E+01  2.80525E+01  3.95843E+14   18   7  1 5 0 0 0 0 1 0 0 0
    7   24  150   n_150008      2780.996772  1.43360E+04  1.00051E+01  2.12815E+01  3.95751E+14   18   8  1 5 0 0 0 0 0 1 0 0
    7   25  151   n_150009      2785.463529  1.81440E+04  1.00051E+01  1.68147E+01  3.95707E+14   18   9  1 5 0 0 0 0 0 0 1 0
    7   26  152   n_150010      2788.670737  2.24000E+04  1.00006E+01  1.36075E+01  3.95684E+14   18  10  1 5 0 0 0 0 0 0 0 1
8   26    9       379.100006
    8    1  153   o_260002         0.000000  2.80000E+01  1.26145E+01  3.79100E+02  0.00000E+00    1   2  2 6 0 0 0 0 0 0 0 0
    8    2  154   o_251003       227.733186  1.00800E+03  9.51200E+00  1.51367E+02  1.35039E+11    1   3  2 5 1 0 0 0 0 0 0 0
    8    3  155   o_250104       307.920412  1.79200E+03  9.14820E+00  7.11796E+01  1.44953E+11    1   4  2 5 0 1 0 0 0 0 0 0
    8    4  156   o_250005       334.850720  2.80000E+03  9.01650E+00  4.42493E+01  5.67854E+10    1   5  2 5 0 0 1 0 0 0 0 0
    8    5  157   o_250006       348.034300  4.03200E+03  9.06600E+00  3.10657E+01  2.32484E+10    1   6  2 5 0 0 0 1 0 0 0 0
    8    6  158   o_250007       356.347301  5.48800E+03  9.05200E+00  2.27527E+01  1.24662E+10    1   7  2 5 0 0 0 0 1 0 0 0
    8    7  159   o_250008       361.859967  7.16800E+03  9.00520E+00  1.72400E+01  7.21409E+09    1   8  2 5 0 0 0 0 0 1 0 0
    8    8  160   o_250009       365.478429  9.07200E+03  9.00520E+00  1.36216E+01  4.26837E+09    1   9  2 5 0 0 0 0 0 0 1 0
    8    9  161   o_250010       368.077662  1.12000E+04  9.00070E+00  1.10223E+01  2.49260E+09    1  10  2 5 0 0 0 0 0 0 0 1
    8   10  162   o_242003       509.833181  1.07100E+04  1.00760E+01  1.32067E+02  7.13166E+13    2   3  2 4 2 0 0 0 0 0 0 0
    8   11  163   o_241104       569.835763  4.03200E+04  9.20490E+00  7.20649E+01  1.28058E+13    2   4  2 4 1 1 0 0 0 0 0 0
    8   12  164   o_241005       597.471522  6.30000E+04  9.03480E+00  4.44291E+01  4.15243E+12    2   5  2 4 1 0 1 0 0 0 0 0
    8   13  165   o_241006       610.793793  9.07200E+04  9.07200E+00  3.11068E+01  1.79031E+12    2   6  2 4 1 0 0 1 0 0 0 0
    8   14  166   o_241007       619.127817  1.23480E+05  9.05600E+00  2.27728E+01  9.58956E+11    2   7  2 4 1 0 0 0 1 0 0 0
    8   15  167   o_241008       624.626118  1.61280E+05  9.01420E+00  1.72745E+01  6.09437E+11    2   8  2 4 1 0 0 0 0 1 0 0
    8   16  168   o_241009       628.257874  2.04120E+05  9.01220E+00  1.36428E+01  4.45201E+11    2   9  2 4 1 0 0 0 0 0 1 0
    8   17  169   o_241010       630.878293  2.52000E+05  9.00070E+00  1.10223E+01  3.61087E+11    2  10  2 4 1 0 0 0 0 0 0 1
    8   18  170   o_170002      2334.212336  1.60000E+01  1.32506E+01  3.87346E+02  7.31340E+14   18   2  1 7 0 0 0 0 0 0 0 0
    8   19  171   o_161003      2573.056527  1.00800E+03  9.59200E+00  1.48502E+02  5.46020E+14   18   3  1 6 1 0 0 0 0 0 0 0
    8   20  172   o_160104      2650.017592  1.79200E+03  9.17140E+00  7.15412E+01  5.33996E+14   18   4  1 6 0 1 0 0 0 0 0 0
    8   21  173   o_160005      2677.318305  2.80000E+03  9.01560E+00  4.42405E+01  5.31817E+14   18   5  1 6 0 0 1 0 0 0 0 0
    8   22  174   o_160006      2690.431333  4.03200E+03  9.07500E+00  3.11274E+01  5.31208E+14   18   6  1 6 0 0 0 1 0 0 0 0
    8   23  175   o_160007      2698.760780  5.48800E+03  9.06100E+00  2.27980E+01  5.31005E+14   18   7  1 6 0 0 0 0 1 0 0 0
    8   24  176   o_160008      2704.315271  7.16800E+03  9.00610E+00  1.72435E+01  5.30921E+14   18   8  1 6 0 0 0 0 0 1 0 0
    8   25  177   o_160009      2707.934456  9.07200E+03  9.00610E+00  1.36243E+01  5.30880E+14   18   9  1 6 0 0 0 0 0 0 1 0
    8   26  178   o_160010      2710.536412  1.12000E+04  9.00070E+00  1.10223E+01  5.30859E+14   18  10  1 6 0 0 0 0 0 0 0 1
9   26    9       328.230011
    9    1  179   f_270002         0.000000  8.00000E+00  1.23126E+01  3.28230E+02  0.00000E+00    1   2  2 7 0 0 0 0 0 0 0 0
    9    2  180   f_261003       201.716138  5.04000E+02  8.60800E+00  1.26514E+02  6.02043E+10    1   3  2 6 1 0 0 0 0 0 0 0
    9    3  181   f_260104       271.378071  8.96000E+02  8.17600E+00  5.68519E+01  9.57644E+10    1   4  2 6 0 1 0 0 0 0 0 0
    9    4  182   f_260005       293.234449  1.40000E+03  8.01860E+00  3.49956E+01  3.62493E+10    1   5  2 6 0 0 1 0 0 0 0 0
    9    5  183   f_260006       303.566948  2.01600E+03  8.07800E+00  2.46631E+01  1.43224E+10    1   6  2 6 0 0 0 1 0 0 0 0
    9    6  184   f_260007       310.182324  2.74400E+03  8.06200E+00  1.80477E+01  7.70852E+09    1   7  2 6 0 0 0 0 1 0 0 0
    9    7  185   f_260008       314.603080  3.58400E+03  8.00620E+00  1.36269E+01  4.49275E+09    1   8  2 6 0 0 0 0 0 1 0 0
    9    8  186   f_260009       317.463167  4.53600E+03  8.00620E+00  1.07668E+01  2.64261E+09    1   9  2 6 0 0 0 0 0 0 1 0
    9    9  187   f_260010       319.520695  5.60000E+03  8.00080E+00  8.70932E+00  1.56729E+09    1  10  2 6 0 0 0 0 0 0 0 1
    9   10  188   f_252003       449.412832  8.56800E+03  9.17200E+00  1.06550E+02  4.25431E+13    2   3  2 5 2 0 0 0 0 0 0 0
    9   11  189   f_251104       498.319843  3.22560E+04  8.23270E+00  5.76434E+01  7.56254E+12    2   4  2 5 1 1 0 0 0 0 0 0
    9   12  190   f_251005       520.807699  5.04000E+04  8.03690E+00  3.51555E+01  2.40919E+12    2   5  2 5 1 0 1 0 0 0 0 0
    9   13  191   f_251006       531.263480  7.25760E+04  8.08400E+00  2.46997E+01  1.01753E+12    2   6  2 5 1 0 0 1 0 0 0 0
    9   14  192   f_251007       537.897596  9.87840E+04  8.06600E+00  1.80656E+01  5.33785E+11    2   7  2 5 1 0 0 0 1 0 0 0
    9   15  193   f_251008       542.305610  1.29024E+05  8.01520E+00  1.36576E+01  3.30377E+11    2   8  2 5 1 0 0 0 0 1 0 0
    9   16  194   f_251009       545.177516  1.63296E+05  8.01320E+00  1.07857E+01  2.34729E+11    2   9  2 5 1 0 0 0 0 0 1 0
    9   17  195   f_251010       547.253882  2.01600E+05  8.00080E+00  8.70932E+00  1.85775E+11    2  10  2 5 1 0 0 0 0 0 0 1
    9   18  196   f_180002      2329.667505  2.00000E+00  1.29487E+01  3.32775E+02  8.78274E+14   18   2  1 8 0 0 0 0 0 0 0 0
    9   19  197   f_171003      2539.032195  2.88000E+02  8.68800E+00  1.23410E+02  6.80941E+14   18   3  1 7 1 0 0 0 0 0 0 0
    9   20  198   f_170104      2605.267244  5.12000E+02  8.19920E+00  5.71751E+01  6.69422E+14   18   4  1 7 0 1 0 0 0 0 0 0
    9   21  199   f_170005      2627.454641  8.00000E+02  8.01770E+00  3.49877E+01  6.67425E+14   18   5  1 7 0 0 1 0 0 0 0 0
    9   22  200   f_170006      2637.724292  1.15200E+03  8.08700E+00  2.47181E+01  6.66874E+14   18   6  1 7 0 0 0 1 0 0 0 0
    9   23  201   f_170007      2644.354340  1.56800E+03  8.07100E+00  1.80880E+01  6.66693E+14   18   7  1 7 0 0 0 0 1 0 0 0
    9   24  202   f_170008      2648.812352  2.04800E+03  8.00710E+00  1.36300E+01  6.66618E+14   18   8  1 7 0 0 0 0 0 1 0 0
    9   25  203   f_170009      2651.673082  2.59200E+03  8.00710E+00  1.07693E+01  6.66582E+14   18   9  1 7 0 0 0 0 0 0 1 0
    9   26  204   f_170010      2653.733031  3.20000E+03  8.00080E+00  8.70932E+00  6.66563E+14   18  10  1 7 0 0 0 0 0 0 0 1
10   25    9       280.929993
   10    1  205   ne280002         0.000000  1.00000E+00  1.20107E+01  2.80930E+02  0.00000E+00    1   2  2 8 0 0 0 0 0 0 0 0
   10    2  206   ne271003       176.138560  1.44000E+02  7.70400E+00  1.04791E+02  1.85879E+10    1   3  2 7 1 0 0 0 0 0 0 0
   10    3  207   ne270104       236.796485  2.56000E+02  7.20380E+00  4.41335E+01  6.30634E+10    1   4  2 7 0 1 0 0 0 0 0 0
   10    4  208   ne270005       254.103495  4.00000E+02  7.02070E+00  2.68265E+01  2.21068E+10    1   5  2 7 0 0 1 0 0 0 0 0
   10    5  209   ne270006       261.931353  5.76000E+02  7.09000E+00  1.89986E+01  8.28078E+09    1   6  2 7 0 0 0 1 0 0 0 0
   10    6  210   ne270007       267.042834  7.84000E+02  7.07200E+00  1.38872E+01  4.46493E+09    1   7  2 7 0 0 0 0 1 0 0 0
   10    7  211   ne270008       270.491720  1.02400E+03  7.00720E+00  1.04383E+01  2.62142E+09    1   8  2 7 0 0 0 0 0 1 0 0
   10    8  212   ne270009       272.682535  1.29600E+03  7.00720E+00  8.24746E+00  1.52846E+09    1   9  2 7 0 0 0 0 0 0 1 0
   10    9  213   ne270010       274.261599  1.60000E+03  7.00090E+00  6.66839E+00  9.41525E+08    1  10  2 7 0 0 0 0 0 0 0 1
   10   10  214   ne262003       398.457236  4.28400E+03  8.26800E+00  8.41889E+01  2.13690E+13    2   3  2 6 2 0 0 0 0 0 0 0
   10   11  215   ne261104       437.815049  1.61280E+04  7.26050E+00  4.48311E+01  3.78340E+12    2   4  2 6 1 1 0 0 0 0 0 0
   10   12  216   ne261005       455.679586  2.52000E+04  7.03900E+00  2.69665E+01  1.18773E+12    2   5  2 6 1 0 1 0 0 0 0 0
   10   13  217   ne261006       463.615320  3.62880E+04  7.09600E+00  1.90308E+01  4.93751E+11    2   6  2 6 1 0 0 1 0 0 0 0
   10   14  218   ne261007       468.743258  4.93920E+04  7.07600E+00  1.39029E+01  2.55343E+11    2   7  2 6 1 0 0 0 1 0 0 0
   10   15  219   ne261008       472.181026  6.45120E+04  7.01620E+00  1.04651E+01  1.55049E+11    2   8  2 6 1 0 0 0 0 1 0 0
   10   16  220   ne261009       474.382187  8.16480E+04  7.01420E+00  8.26394E+00  1.07829E+11    2   9  2 6 1 0 0 0 0 0 1 0
   10   17  221   ne261010       475.977737  1.00800E+05  7.00090E+00  6.66839E+00  8.36902E+10    2  10  2 6 1 0 0 0 0 0 0 1
   10   18  222   ne181003      2509.139870  3.60000E+01  7.78400E+00  1.01458E+02  8.11992E+14   18   3  1 8 1 0 0 0 0 0 0 0
   10   19  223   ne180104      2566.179224  6.40000E+01  7.22700E+00  4.44183E+01  8.01382E+14   18   4  1 8 0 1 0 0 0 0 0 0
   10   20  224   ne180005      2583.777878  1.00000E+02  7.01980E+00  2.68196E+01  7.99616E+14   18   5  1 8 0 0 1 0 0 0 0 0
   10   21  225   ne180006      2591.550591  1.44000E+02  7.09900E+00  1.90469E+01  7.99138E+14   18   6  1 8 0 0 0 1 0 0 0 0
   10   22  226   ne180007      2596.674969  1.96000E+02  7.08100E+00  1.39225E+01  7.98983E+14   18   7  1 8 0 0 0 0 1 0 0 0
   10   23  227   ne180008      2600.156543  2.56000E+02  7.00810E+00  1.04410E+01  7.98920E+14   18   8  1 8 0 0 0 0 0 1 0 0
   10   24  228   ne180009      2602.347922  3.24000E+02  7.00810E+00  8.24958E+00  7.98889E+14   18   9  1 8 0 0 0 0 0 0 1 0
   10   25  229   ne180010      2603.929104  4.00000E+02  7.00090E+00  6.66839E+00  7.98873E+14   18  10  1 8 0 0 0 0 0 0 0 1
11   24    8        88.049004
   11    1  230   na281003         0.000000  1.80000E+01  6.80000E+00  8.80490E+01  0.00000E+00    1   3  2 8 1 0 0 0 0 0 0 0
   11    2  231   na280104        55.025112  3.20000E+01  6.23160E+00  3.30239E+01  4.63354E+10    1   4  2 8 0 1 0 0 0 0 0 0
   11    3  232   na280005        68.307101  5.00000E+01  6.02280E+00  1.97419E+01  1.35162E+10    1   5  2 8 0 0 1 0 0 0 0 0
   11    4  233   na280006        73.976662  7.20000E+01  6.10200E+00  1.40723E+01  4.61245E+09    1   6  2 8 0 0 0 1 0 0 0 0
   11    5  234   na280007        77.777937  9.80000E+01  6.08200E+00  1.02711E+01  2.45313E+09    1   7  2 8 0 0 0 0 1 0 0 0
   11    6  235   na280008        80.374973  1.28000E+02  6.00820E+00  7.67403E+00  1.44312E+09    1   8  2 8 0 0 0 0 0 1 0 0
   11    7  236   na280009        81.985608  1.62000E+02  6.00820E+00  6.06340E+00  8.27998E+08    1   9  2 8 0 0 0 0 0 0 1 0
   11    8  237   na280010        83.149438  2.00000E+02  6.00100E+00  4.89957E+00  5.60718E+08    1  10  2 8 0 0 0 0 0 0 0 1
   11    9  238   na272003       170.681642  1.22400E+03  7.36400E+00  9.35059E+01  7.63520E+12    2   3  2 7 2 0 0 0 0 0 0 0
   11   10  239   na271104       230.559916  4.60800E+03  6.28830E+00  3.36276E+01  1.37948E+12    2   4  2 7 1 1 0 0 0 0 0 0
   11   11  240   na271005       244.325501  7.20000E+03  6.04110E+00  1.98621E+01  4.23173E+11    2   5  2 7 1 0 1 0 0 0 0 0
   11   12  241   na271006       250.087533  1.03680E+04  6.10800E+00  1.41000E+01  1.71358E+11    2   6  2 7 1 0 0 1 0 0 0 0
   11   13  242   na271007       253.902982  1.41120E+04  6.08600E+00  1.02846E+01  8.75664E+10    2   7  2 7 1 0 0 0 1 0 0 0
   11   14  243   na271008       256.490524  1.84320E+04  6.01720E+00  7.69704E+00  5.23313E+10    2   8  2 7 1 0 0 0 0 1 0 0
   11   15  244   na271009       258.110031  2.33280E+04  6.01520E+00  6.07753E+00  3.56917E+10    2   9  2 7 1 0 0 0 0 0 1 0
   11   16  245   na271010       259.287999  2.88000E+04  6.00100E+00  4.89957E+00  2.72460E+10    2  10  2 7 1 0 0 0 0 0 0 1
   11   17  246   na182003      2501.530279  3.06000E+02  7.44400E+00  9.56586E+01  7.44644E+14   18   3  1 8 2 0 0 0 0 0 0 0
   11   18  247   na181104      2563.312608  1.15200E+03  6.31150E+00  3.38763E+01  7.36403E+14   18   4  1 8 1 1 0 0 0 0 0 0
   11   19  248   na181005      2577.332729  1.80000E+03  6.04020E+00  1.98561E+01  7.35041E+14   18   5  1 8 1 0 1 0 0 0 0 0
   11   20  249   na181006      2583.047258  2.59200E+03  6.11700E+00  1.41416E+01  7.34681E+14   18   6  1 8 1 0 0 1 0 0 0 0
   11   21  250   na181007      2586.873850  3.52800E+03  6.09500E+00  1.03150E+01  7.34566E+14   18   7  1 8 1 0 0 0 1 0 0 0
   11   22  251   na181008      2589.489531  4.60800E+03  6.01810E+00  7.69934E+00  7.34520E+14   18   8  1 8 1 0 0 0 0 1 0 0
   11   23  252   na181009      2591.109522  5.83200E+03  6.01610E+00  6.07935E+00  7.34497E+14   18   9  1 8 1 0 0 0 0 0 1 0
   11   24  253   na181010      2592.289308  7.20000E+03  6.00100E+00  4.89957E+00  7.34486E+14   18  10  1 8 1 0 0 0 0 0 0 1
12   31    8        72.739998
   12    1  254   mg282003         0.000000  1.53000E+02  6.46000E+00  7.27400E+01  0.00000E+00    1   3  2 8 2 0 0 0 0 0 0 0
   12    2  255   mg281104        48.707306  5.76000E+02  5.31610E+00  2.40327E+01  2.94555E+10    1   4  2 8 1 1 0 0 0 0 0 0
   12    3  256   mg281005        58.898111  9.00000E+02  5.04320E+00  1.38419E+01  8.65363E+09    1   5  2 8 1 0 1 0 0 0 0 0
   12    4  257   mg281006        62.832703  1.29600E+03  5.12000E+00  9.90729E+00  2.59113E+09    1   6  2 8 1 0 0 1 0 0 0 0
   12    5  258   mg281007        65.529315  1.76400E+03  5.09600E+00  7.21068E+00  1.35812E+09    1   7  2 8 1 0 0 0 1 0 0 0
   12    6  259   mg281008        67.386635  2.30400E+03  5.01820E+00  5.35336E+00  7.93066E+08    1   8  2 8 1 0 0 0 0 1 0 0
   12    7  260   mg281009        68.513569  2.91600E+03  5.01620E+00  4.22643E+00  4.49504E+08    1   9  2 8 1 0 0 0 0 0 1 0
   12    8  261   mg281010        69.337180  3.60000E+03  5.00110E+00  3.40282E+00  5.36710E+08    1  10  2 8 1 0 0 0 0 0 0 1
   12    9  262   mg280204       102.052768  4.96000E+02  5.87660E+00  2.57123E+01  4.18658E+13    2   4  2 8 0 2 0 0 0 0 0 0
   12   10  263   mg280105       113.594109  1.60000E+03  5.10280E+00  1.41710E+01  5.57753E+13    2   5  2 8 0 1 1 0 0 0 0 0
   12   11  264   mg280106       117.772488  2.30400E+03  5.14200E+00  9.99262E+00  2.51514E+13    2   6  2 8 0 1 0 1 0 0 0 0
   12   12  265   mg280107       120.523263  3.13600E+03  5.10700E+00  7.24185E+00  1.16584E+13    2   7  2 8 0 1 0 0 1 0 0 0
   12   13  266   mg280108       122.396801  4.09600E+03  5.02520E+00  5.36831E+00  5.99919E+12    2   8  2 8 0 1 0 0 0 1 0 0
   12   14  267   mg280109       123.528564  5.18400E+03  5.02220E+00  4.23655E+00  3.34675E+12    2   9  2 8 0 1 0 0 0 0 1 0
   12   15  268   mg280110       124.348806  6.40000E+03  5.01100E+00  3.41630E+00  1.99280E+12    2  10  2 8 0 1 0 0 0 0 0 1
   12   16  269   mg273003       166.129433  6.52800E+03  7.02400E+00  7.72922E+01  1.75438E+13    9   3  2 7 3 0 0 0 0 0 0 0
   12   17  270   mg272104       218.873520  3.91680E+04  5.37280E+00  2.45481E+01  7.67050E+12    9   4  2 7 2 1 0 0 0 0 0 0
   12   18  271   mg272005       229.479110  6.12000E+04  5.06150E+00  1.39425E+01  6.38635E+12    9   5  2 7 2 0 1 0 0 0 0 0
   12   19  272   mg272006       233.491110  8.81280E+04  5.12600E+00  9.93053E+00  6.05874E+12    9   6  2 7 2 0 0 1 0 0 0 0
   12   20  273   mg272007       236.199632  1.19952E+05  5.10000E+00  7.22201E+00  5.95184E+12    9   7  2 7 2 0 0 0 1 0 0 0
   12   21  274   mg272008       238.049057  1.56672E+05  5.02720E+00  5.37258E+00  5.90696E+12    9   8  2 7 2 0 0 0 0 1 0 0
   12   22  275   mg272009       239.183406  1.98288E+05  5.02320E+00  4.23823E+00  5.88586E+12    9   9  2 7 2 0 0 0 0 0 1 0
   12   23  276   mg272010       240.018822  2.44800E+05  5.00110E+00  3.40282E+00  5.87536E+12    9  10  2 7 2 0 0 0 0 0 0 1
   12   24  277   mg183003      2494.981653  1.63200E+03  7.10400E+00  7.92886E+01  8.61337E+13   17   3  1 8 3 0 0 0 0 0 0 0
   12   25  278   mg182104      2549.509682  9.79200E+03  5.39600E+00  2.47606E+01  7.85101E+13   17   4  1 8 2 1 0 0 0 0 0 0
   12   26  279   mg182005      2560.332706  1.53000E+04  5.06060E+00  1.39376E+01  7.74396E+13   17   5  1 8 2 0 1 0 0 0 0 0
   12   27  280   mg182006      2564.304845  2.20320E+04  5.13500E+00  9.96543E+00  7.71659E+13   17   6  1 8 2 0 0 1 0 0 0 0
   12   28  281   mg182007      2567.022757  2.99880E+04  5.10900E+00  7.24752E+00  7.70816E+13   17   7  1 8 2 0 0 0 1 0 0 0
   12   29  282   mg182008      2568.895770  3.91680E+04  5.02810E+00  5.37451E+00  7.70473E+13   17   8  1 8 2 0 0 0 0 1 0 0
   12   30  283   mg182009      2570.030525  4.95720E+04  5.02410E+00  4.23975E+00  7.70306E+13   17   9  1 8 2 0 0 0 0 0 1 0
   12   31  284   mg182010      2570.867459  6.12000E+04  5.00110E+00  3.40282E+00  7.70225E+13   17  10  1 8 2 0 0 0 0 0 0 1
13   31    8        47.304001
   13    1  285   al283003         0.000000  8.16000E+02  6.12000E+00  4.73040E+01  0.00000E+00    1   3  2 8 3 0 0 0 0 0 0 0
   13    2  286   al282104        30.836450  4.89600E+03  4.40060E+00  1.64676E+01  9.55053E+09    1   4  2 8 2 1 0 0 0 0 0 0
   13    3  287   al282005        38.317363  7.65000E+03  4.06360E+00  8.98664E+00  3.65336E+09    1   5  2 8 2 0 1 0 0 0 0 0
   13    4  288   al282006        40.832716  1.10160E+04  4.13800E+00  6.47128E+00  9.96663E+08    1   6  2 8 2 0 0 1 0 0 0 0
   13    5  289   al282007        42.613741  1.49940E+04  4.11000E+00  4.69026E+00  5.41926E+08    1   7  2 8 2 0 0 0 1 0 0 0
   13    6  290   al282008        43.854554  1.95840E+04  4.02820E+00  3.44945E+00  3.25029E+08    1   8  2 8 2 0 0 0 0 1 0 0
   13    7  291   al282009        44.583929  2.47860E+04  4.02420E+00  2.72007E+00  1.82586E+08    1   9  2 8 2 0 0 0 0 0 1 0
   13    8  292   al282010        45.125860  3.06000E+04  4.00120E+00  2.17814E+00  1.39823E+08    1  10  2 8 2 0 0 0 0 0 0 1
   13    9  293   al281204        78.184154  8.92800E+03  4.96110E+00  1.78272E+01  8.13768E+13    2   4  2 8 1 2 0 0 0 0 0 0
   13   10  294   al281105        86.759116  2.88000E+04  4.12320E+00  9.25219E+00  4.53223E+13    2   5  2 8 1 1 1 0 0 0 0 0
   13   11  295   al281106        89.471027  4.14720E+04  4.16000E+00  6.54028E+00  2.21846E+13    2   6  2 8 1 1 0 1 0 0 0 0
   13   12  296   al281107        91.295907  5.64480E+04  4.12100E+00  4.71540E+00  1.02776E+13    2   7  2 8 1 1 0 0 1 0 0 0
   13   13  297   al281108        92.549861  7.37280E+04  4.03520E+00  3.46145E+00  5.28397E+12    2   8  2 8 1 1 0 0 0 1 0 0
   13   14  298   al281109        93.283118  9.33120E+04  4.03020E+00  2.72819E+00  2.94343E+12    2   9  2 8 1 1 0 0 0 0 1 0
   13   15  299   al281110        93.822374  1.15200E+05  4.01110E+00  2.18893E+00  1.74849E+12    2  10  2 8 1 1 0 0 0 0 0 1
   13   16  300   al274003       163.194129  2.44800E+04  6.68400E+00  5.02393E+01  2.54722E+13   16   3  2 7 4 0 0 0 0 0 0 0
   13   17  301   al273104       196.538770  2.08896E+05  4.45730E+00  1.68947E+01  1.44400E+13   16   4  2 7 3 1 0 0 0 0 0 0
   13   18  302   al273005       204.365670  3.26400E+05  4.08190E+00  9.06776E+00  1.32193E+13   16   5  2 7 3 0 1 0 0 0 0 0
   13   19  303   al273006       206.943369  4.70016E+05  4.14400E+00  6.49007E+00  1.29208E+13   16   6  2 7 3 0 0 1 0 0 0 0
   13   20  304   al273007       208.734041  6.39744E+05  4.11400E+00  4.69939E+00  1.28262E+13   16   7  2 7 3 0 0 0 1 0 0 0
   13   21  305   al273008       209.968556  8.35584E+05  4.03720E+00  3.46488E+00  1.27865E+13   16   8  2 7 3 0 0 0 0 1 0 0
   13   22  306   al273009       210.703891  1.05754E+06  4.03120E+00  2.72954E+00  1.27679E+13   16   9  2 7 3 0 0 0 0 0 1 0
   13   23  307   al273010       211.255294  1.30560E+06  4.00120E+00  2.17814E+00  1.27584E+13   16  10  2 7 3 0 0 0 0 0 0 1
   13   24  308   al184003      2490.552322  6.12000E+03  6.76400E+00  5.17333E+01  9.08872E+13   24   3  1 8 4 0 0 0 0 0 0 0
   13   25  309   al183104      2525.214650  5.22240E+04  4.48050E+00  1.70710E+01  8.38440E+13   24   4  1 8 3 1 0 0 0 0 0 0
   13   26  310   al183005      2533.221889  8.16000E+04  4.08100E+00  9.06377E+00  8.30486E+13   24   5  1 8 3 0 1 0 0 0 0 0
   13   27  311   al183006      2535.767367  1.17504E+05  4.15300E+00  6.51829E+00  8.28531E+13   24   6  1 8 3 0 0 1 0 0 0 0
   13   28  312   al183007      2537.565676  1.59936E+05  4.12300E+00  4.71998E+00  8.27950E+13   24   7  1 8 3 0 0 0 1 0 0 0
   13   29  313   al183008      2538.819231  2.08896E+05  4.03810E+00  3.46642E+00  8.27714E+13   24   8  1 8 3 0 0 0 0 1 0 0
   13   30  314   al183009      2539.554892  2.64384E+05  4.03210E+00  2.73076E+00  8.27599E+13   24   9  1 8 3 0 0 0 0 0 1 0
   13   31  315   al183010      2540.107514  3.26400E+05  4.00120E+00  2.17814E+00  8.27542E+13   24  10  1 8 3 0 0 0 0 0 0 1
14   31    8        34.830002
   14    1  316   si284003         0.000000  3.06000E+03  5.78000E+00  3.48300E+01  0.00000E+00    1   3  2 8 4 0 0 0 0 0 0 0
   14    2  317   si283104        24.501749  2.61120E+04  3.48510E+00  1.03283E+01  4.65424E+09    1   4  2 8 3 1 0 0 0 0 0 0
   14    3  318   si283005        29.653956  4.08000E+04  3.08400E+00  5.17605E+00  1.78327E+09    1   5  2 8 3 0 1 0 0 0 0 0
   14    4  319   si283006        31.065746  5.87520E+04  3.15600E+00  3.76426E+00  3.90475E+08    1   6  2 8 3 0 0 1 0 0 0 0
   14    5  320   si283007        32.120235  7.99680E+04  3.12400E+00  2.70977E+00  2.08445E+08    1   7  2 8 3 0 0 0 1 0 0 0
   14    6  321   si283008        32.867737  1.04448E+05  3.03820E+00  1.96226E+00  1.24208E+08    1   8  2 8 3 0 0 0 0 1 0 0
   14    7  322   si283009        33.285691  1.32192E+05  3.03220E+00  1.54431E+00  6.79127E+07    1   9  2 8 3 0 0 0 0 0 1 0
   14    8  323   si283010        33.604476  1.63200E+05  3.00130E+00  1.22553E+00  6.65443E+07    1  10  2 8 3 0 0 0 0 0 0 1
   14    9  324   si282204        54.298606  7.58880E+04  4.04560E+00  1.13678E+01  6.04591E+13    2   4  2 8 2 2 0 0 0 0 0 0
   14   10  325   si282105        60.288409  2.44800E+05  3.14360E+00  5.37804E+00  3.60726E+13    2   5  2 8 2 1 1 0 0 0 0 0
   14   11  326   si282106        61.849533  3.52512E+05  3.17800E+00  3.81692E+00  1.50217E+13    2   6  2 8 2 1 0 1 0 0 0 0
   14   12  327   si282107        62.937569  4.79808E+05  3.13500E+00  2.72888E+00  6.95435E+12    2   7  2 8 2 1 0 0 1 0 0 0
   14   13  328   si282108        63.695135  6.26688E+05  3.04520E+00  1.97132E+00  3.57068E+12    2   8  2 8 2 1 0 0 0 1 0 0
   14   14  329   si282109        64.116023  7.93152E+05  3.03820E+00  1.55043E+00  1.98497E+12    2   9  2 8 2 1 0 0 0 0 1 0
   14   15  330   si282110        64.432828  9.79200E+05  3.01120E+00  1.23362E+00  1.17536E+12    2  10  2 8 2 1 0 0 0 0 0 1
   14   16  331   si275003       161.135541  6.85440E+04  6.34400E+00  3.68886E+01  2.90445E+13   16   3  2 7 5 0 0 0 0 0 0 0
   14   17  332   si274104       187.357067  7.83360E+05  3.54180E+00  1.06671E+01  1.87101E+13   16   4  2 7 4 1 0 0 0 0 0 0
   14   18  333   si274005       192.786474  1.22400E+06  3.10230E+00  5.23766E+00  1.77748E+13   16   5  2 7 4 0 1 0 0 0 0 0
   14   19  334   si274006       194.245549  1.76256E+06  3.16200E+00  3.77858E+00  1.75559E+13   16   6  2 7 4 0 0 1 0 0 0 0
   14   20  335   si274007       195.307420  2.39904E+06  3.12800E+00  2.71671E+00  1.74896E+13   16   7  2 7 4 0 0 0 1 0 0 0
   14   21  336   si274008       196.050224  3.13344E+06  3.04720E+00  1.97391E+00  1.74618E+13   16   8  2 7 4 0 0 0 0 1 0 0
   14   22  337   si274009       196.472681  3.96576E+06  3.03920E+00  1.55145E+00  1.74488E+13   16   9  2 7 4 0 0 0 0 0 1 0
   14   23  338   si274010       196.798605  4.89600E+06  3.00130E+00  1.22553E+00  1.74421E+13   16  10  2 7 4 0 0 0 0 0 0 1
   14   24  339   si185003      2487.177328  1.71360E+04  6.42400E+00  3.82050E+01  9.42279E+13   24   3  1 8 5 0 0 0 0 0 0 0
   14   25  340   si184104      2514.575050  1.95840E+05  3.56500E+00  1.08073E+01  8.77354E+13   24   4  1 8 4 1 0 0 0 0 0 0
   14   26  341   si184005      2520.147705  3.06000E+05  3.10140E+00  5.23462E+00  8.71835E+13   24   5  1 8 4 0 1 0 0 0 0 0
   14   27  342   si184006      2521.582201  4.40640E+05  3.17100E+00  3.80012E+00  8.70552E+13   24   6  1 8 4 0 0 1 0 0 0 0
   14   28  343   si184007      2522.649957  5.99760E+05  3.13700E+00  2.73237E+00  8.70188E+13   24   7  1 8 4 0 0 0 1 0 0 0
   14   29  344   si184008      2523.407250  7.83360E+05  3.04810E+00  1.97507E+00  8.70042E+13   24   8  1 8 4 0 0 0 0 1 0 0
   14   30  345   si184009      2523.829955  9.91440E+05  3.04010E+00  1.55237E+00  8.69971E+13   24   9  1 8 4 0 0 0 0 0 1 0
   14   31  346   si184010      2524.156798  1.22400E+06  3.00130E+00  1.22553E+00  8.69935E+13   24  10  1 8 4 0 0 0 0 0 0 1
15   31    8        23.330000
   15    1  347   p_285003         0.000000  8.56800E+03  5.44000E+00  2.33300E+01  0.00000E+00    1   3  2 8 5 0 0 0 0 0 0 0
   15    2  348   p_284104        17.715377  9.79200E+04  2.56960E+00  5.61462E+00  2.51537E+09    1   4  2 8 4 1 0 0 0 0 0 0
   15    3  349   p_284005        20.919974  1.53000E+05  2.10440E+00  2.41003E+00  7.87019E+08    1   5  2 8 4 0 1 0 0 0 0 0
   15    4  350   p_284006        21.543837  2.20320E+05  2.17400E+00  1.78616E+00  1.15050E+08    1   6  2 8 4 0 0 1 0 0 0 0
   15    5  351   p_284007        22.060821  2.99880E+05  2.13800E+00  1.26918E+00  5.87370E+07    1   7  2 8 4 0 0 0 1 0 0 0
   15    6  352   p_284008        22.438200  3.91680E+05  2.04820E+00  8.91800E-01  3.43948E+07    1   8  2 8 4 0 0 0 0 1 0 0
   15    7  353   p_284009        22.630862  4.95720E+05  2.04020E+00  6.99138E-01  1.79766E+07    1   9  2 8 4 0 0 0 0 0 1 0
   15    8  354   p_284010        22.785033  6.12000E+05  2.00140E+00  5.44967E-01  1.51012E+07    1  10  2 8 4 0 0 0 0 0 0 1
   15    9  355   p_283204        41.497512  4.04736E+05  3.13010E+00  6.33424E+00  4.02739E+13    2   4  2 8 3 2 0 0 0 0 0 0
   15   10  356   p_283105        45.283278  1.30560E+06  2.16400E+00  2.54847E+00  2.20981E+13    2   5  2 8 3 1 1 0 0 0 0 0
   15   11  357   p_283106        46.009253  1.88006E+06  2.19600E+00  1.82250E+00  9.30283E+12    2   6  2 8 3 1 0 1 0 0 0 0
   15   12  358   p_283107        46.549477  2.55898E+06  2.14900E+00  1.28227E+00  4.30691E+12    2   7  2 8 3 1 0 0 1 0 0 0
   15   13  359   p_283108        46.933843  3.34234E+06  2.05520E+00  8.97906E-01  2.21149E+12    2   8  2 8 3 1 0 0 0 1 0 0
   15   14  360   p_283109        47.128493  4.23014E+06  2.04620E+00  7.03257E-01  1.22951E+12    2   9  2 8 3 1 0 0 0 0 1 0
   15   15  361   p_283110        47.281377  5.22240E+06  2.01130E+00  5.50372E-01  7.28132E+11    2  10  2 8 3 1 0 0 0 0 0 1
   15   16  362   p_276003       159.961954  1.48512E+05  6.00400E+00  2.45036E+01  3.68821E+13   16   3  2 7 6 0 0 0 0 0 0 0
   15   17  363   p_275104       178.600398  2.19341E+06  2.62630E+00  5.86514E+00  2.54352E+13   16   4  2 7 5 1 0 0 0 0 0 0
   15   18  364   p_275005       182.013417  3.42720E+06  2.12270E+00  2.45212E+00  2.48033E+13   16   5  2 7 5 0 1 0 0 0 0 0
   15   19  365   p_275006       182.669505  4.93517E+06  2.18000E+00  1.79604E+00  2.46648E+13   16   6  2 7 5 0 0 1 0 0 0 0
   15   20  366   p_275007       183.191608  6.71731E+06  2.14200E+00  1.27393E+00  2.46252E+13   16   7  2 7 5 0 0 0 1 0 0 0
   15   21  367   p_275008       183.565886  8.77363E+06  2.05720E+00  8.99655E-01  2.46086E+13   16   8  2 7 5 0 0 0 0 1 0 0
   15   22  368   p_275009       183.761596  1.11041E+07  2.04720E+00  7.03944E-01  2.46008E+13   16   9  2 7 5 0 0 0 0 0 1 0
   15   23  369   p_275010       183.920573  1.37088E+07  2.00140E+00  5.44967E-01  2.45969E+13   16  10  2 7 5 0 0 0 0 0 0 1
   15   24  370   p_186003      2484.872441  3.71280E+04  6.08400E+00  2.56349E+01  1.00476E+14   24   3  1 8 6 0 0 0 0 0 0 0
   15   25  371   p_185104      2504.538103  5.48352E+05  2.64950E+00  5.96922E+00  9.37941E+13   24   4  1 8 5 1 0 0 0 0 0 0
   15   26  372   p_185005      2508.057283  8.56800E+05  2.12180E+00  2.45004E+00  9.34547E+13   24   5  1 8 5 0 1 0 0 0 0 0
   15   27  373   p_185006      2508.696432  1.23379E+06  2.18900E+00  1.81090E+00  9.33809E+13   24   6  1 8 5 0 0 1 0 0 0 0
   15   28  374   p_185007      2509.222668  1.67933E+06  2.15100E+00  1.28466E+00  9.33615E+13   24   7  1 8 5 0 0 0 1 0 0 0
   15   29  375   p_185008      2509.606886  2.19341E+06  2.05810E+00  9.00442E-01  9.33538E+13   24   8  1 8 5 0 0 0 0 1 0 0
   15   30  376   p_185009      2509.802765  2.77603E+06  2.04810E+00  7.04563E-01  9.33499E+13   24   9  1 8 5 0 0 0 0 0 1 0
   15   31  377   p_185010      2509.962361  3.42720E+06  2.00140E+00  5.44967E-01  9.33480E+13   24  10  1 8 5 0 0 0 0 0 0 1
16   31    8        10.360000
   16    1  378   s_286003         0.000000  1.85640E+04  5.10000E+00  1.03600E+01  0.00000E+00    1   3  2 8 6 0 0 0 0 0 0 0
   16    2  379   s_285104         8.389259  2.74176E+05  1.65410E+00  1.97074E+00  1.09752E+09    1   4  2 8 5 1 0 0 0 0 0 0
   16    3  380   s_285005         9.671485  4.28400E+05  1.12480E+00  6.88514E-01  3.40685E+08    1   5  2 8 5 0 1 0 0 0 0 0
   16    4  381   s_285006         9.823027  6.16896E+05  1.19200E+00  5.36973E-01  1.54283E+07    1   6  2 8 5 0 0 1 0 0 0 0
   16    5  382   s_285007         9.991522  8.39664E+05  1.15200E+00  3.68477E-01  7.37696E+06    1   7  2 8 5 0 0 0 1 0 0 0
   16    6  383   s_285008        10.121956  1.09670E+06  1.05820E+00  2.38044E-01  4.31521E+06    1   8  2 8 5 0 0 0 0 1 0 0
   16    7  384   s_285009        10.175454  1.38802E+06  1.04820E+00  1.84546E-01  2.10395E+06    1   9  2 8 5 0 0 0 0 0 1 0
   16    8  385   s_285010        10.223540  1.71360E+06  1.00150E+00  1.36459E-01  1.86153E+06    1  10  2 8 5 0 0 0 0 0 0 1
   16    9  386   s_284204        25.766098  1.51776E+06  2.21460E+00  2.30928E+00  3.59590E+13    2   4  2 8 4 2 0 0 0 0 0 0
   16   10  387   s_284105        27.311964  4.89600E+06  1.18440E+00  7.63413E-01  3.67939E+13    2   5  2 8 4 1 1 0 0 0 0 0
   16   11  388   s_284106        27.518399  7.05024E+06  1.21400E+00  5.56977E-01  1.63328E+13    2   6  2 8 4 1 0 1 0 0 0 0
   16   12  389   s_284107        27.699828  9.59616E+06  1.16300E+00  3.75548E-01  7.55945E+12    2   7  2 8 4 1 0 0 1 0 0 0
   16   13  390   s_284108        27.834173  1.25338E+07  1.06520E+00  2.41204E-01  3.87990E+12    2   8  2 8 4 1 0 0 0 1 0 0
   16   14  391   s_284109        27.888711  1.58630E+07  1.05420E+00  1.86665E-01  2.15540E+12    2   9  2 8 4 1 0 0 0 0 1 0
   16   15  392   s_284110        27.936206  1.95840E+07  1.01140E+00  1.39171E-01  1.27492E+12    2  10  2 8 4 1 0 0 0 0 0 1
   16   16  393   s_277003       159.725105  2.54592E+05  5.66400E+00  1.05968E+01  3.66380E+13   16   3  2 7 7 0 0 0 0 0 0 0
   16   17  394   s_276104       168.213788  4.75238E+06  1.71080E+00  2.10817E+00  2.65610E+13   16   4  2 7 6 1 0 0 0 0 0 0
   16   18  395   s_276005       169.610854  7.42560E+06  1.14310E+00  7.11100E-01  2.62576E+13   16   5  2 7 6 0 1 0 0 0 0 0
   16   19  396   s_276006       169.779561  1.06929E+07  1.19800E+00  5.42392E-01  2.61994E+13   16   6  2 7 6 0 0 1 0 0 0 0
   16   20  397   s_276007       169.950913  1.45542E+07  1.15600E+00  3.71041E-01  2.61843E+13   16   7  2 7 6 0 0 0 1 0 0 0
   16   21  398   s_276008       170.079843  1.90095E+07  1.06720E+00  2.42110E-01  2.61780E+13   16   8  2 7 6 0 0 0 0 1 0 0
   16   22  399   s_276009       170.134935  2.40589E+07  1.05520E+00  1.87019E-01  2.61751E+13   16   9  2 7 6 0 0 0 0 0 1 0
   16   23  400   s_276010       170.185494  2.97024E+07  1.00150E+00  1.36459E-01  2.61736E+13   16  10  2 7 6 0 0 0 0 0 0 1
   16   24  401   s_187003      2483.884958  6.36480E+04  5.74400E+00  1.13475E+01  1.04348E+14   24   3  1 8 7 0 0 0 0 0 0 0
   16   25  402   s_186104      2493.066710  1.18810E+06  1.73400E+00  2.16573E+00  9.78487E+13   24   4  1 8 6 1 0 0 0 0 0 0
   16   26  403   s_186005      2494.522460  1.85640E+06  1.14220E+00  7.09981E-01  9.76821E+13   24   5  1 8 6 0 1 0 0 0 0 0
   16   27  404   s_186006      2494.681868  2.67322E+06  1.20700E+00  5.50572E-01  9.76524E+13   24   6  1 8 6 0 0 1 0 0 0 0
   16   28  405   s_186007      2494.855600  3.63854E+06  1.16500E+00  3.76841E-01  9.76457E+13   24   7  1 8 6 0 0 0 1 0 0 0
   16   29  406   s_186008      2494.989922  4.75238E+06  1.06810E+00  2.42519E-01  9.76431E+13   24   8  1 8 6 0 0 0 0 1 0 0
   16   30  407   s_186009      2495.045102  6.01474E+06  1.05610E+00  1.87338E-01  9.76418E+13   24   9  1 8 6 0 0 0 0 0 1 0
   16   31  408   s_186010      2495.095981  7.42560E+06  1.00150E+00  1.36459E-01  9.76411E+13   24  10  1 8 6 0 0 0 0 0 0 1
4646
b   1    1  1    2  99  3.63628E-01  1.19177E-01 -3.71595E+00  2.22641E+01  3.95953E+00  4.10700E-01  4.10700E-01
b   1    1  1    3  99  3.69612E-01  3.11405E-01 -4.15011E+00  2.17135E+01  3.89991E+00  7.84700E-02  7.84700E-02
b   1    2  1    3  99  1.09063E-01  1.65714E+00 -4.97620E+01  4.74692E+02  2.00000E+01  6.36500E-01  6.36500E-01
b   1    1  1    4  99  3.68913E-01  3.93997E-01 -4.42772E+00  2.19983E+01  3.91780E+00  2.88000E-02  2.88000E-02
b   1    2  1    4  99  1.31502E-01  1.44961E+00 -1.64478E+01  7.76138E+01  9.81497E+00  1.19100E-01  1.19100E-01
b   1    3  1    4  99  9.28972E-02  1.09618E+00 -2.06264E+01  1.51935E+02  2.00000E+01  8.38500E-01  8.38500E-01
b   1    1  1    5  99  3.67578E-01  4.33548E-01 -4.52147E+00  2.18613E+01  3.90939E+00  1.38600E-02  1.38600E-02
b   1    2  1    5  99  2.46802E-01  9.92867E-01 -5.47659E+00  2.19276E+01  4.61627E+00  4.46700E-02  4.46700E-02
b   1    3  1    5  99  1.29456E-01  1.54509E+00 -2.46377E+01  1.91488E+02  2.00000E+01  1.50400E-01  1.50400E-01
b   1    4  1    5  99  1.13821E-01  9.47220E-01 -1.83820E+01  1.93453E+02  2.00000E+01  1.03400E+00  1.03400E+00
b   1    1  1    6  99  3.66638E-01  4.53182E-01 -4.51050E+00  2.14568E+01  3.88668E+00  7.75200E-03  7.75200E-03
b   1    2  1    6  99  2.94966E-01  8.90395E-01 -3.64570E+00  1.50207E+01  3.80440E+00  2.21100E-02  2.21100E-02
b   1    3  1    6  99  1.08223E-01  1.37218E+00  3.89752E+00 -2.34161E+02  2.00000E+01  5.58400E-02  5.58400E-02
b   1    4  1    6  99  1.59485E-01  1.39972E+00 -2.13256E+01  2.44527E+02  2.00000E+01  1.79000E-01  1.79000E-01
b   1    5  1    6  99  2.64237E-01  9.15201E-02  1.58537E+00 -5.72716E-01  2.11141E+00  1.22800E+00  1.22800E+00
b   1    1  1    7  99  3.65302E-01  4.72109E-01 -4.61060E+00  2.16900E+01  3.90208E+00  4.78500E-03  4.78500E-03
b   1    2  1    7  99  3.00617E-01  9.36380E-01 -3.63751E+00  1.47990E+01  3.75854E+00  1.27200E-02  1.27200E-02
b   1    3  1    7  99  1.27061E-01  1.66480E+00 -4.75077E+00 -1.19703E+02  2.00000E+01  2.77100E-02  2.77100E-02
b   1    4  1    7  99  1.39117E-01  1.81728E+00 -1.75222E+01  1.15908E+02  2.00000E+01  6.54900E-02  6.54900E-02
b   1    5  1    7  99  3.19066E-01  5.12128E-01  1.84571E+00 -6.61450E-01  2.19726E+00  2.06600E-01  2.06600E-01
b   1    6  1    7  99  2.70394E-01  4.27669E-02  2.29829E+00 -1.21605E+00  2.82035E+00  1.42100E+00  1.42100E+00
b   1    1  1    8  99  3.66537E-01  4.72104E-01 -4.53342E+00  2.12741E+01  3.87282E+00  3.16300E-03  3.16300E-03
b   1    2  1    8  99  4.74186E-01  4.40023E-01 -2.01107E+00  1.83722E+01  3.65968E+00  8.05000E-03  8.05000E-03
b   1    3  1    8  99  1.32678E-01  1.84824E+00 -8.43095E+00 -8.07748E+01  2.00000E+01  1.60700E-02  1.60700E-02
b   1    4  1    8  99  1.48924E-01  2.06713E+00 -1.87339E+01  1.25002E+02  2.00000E+01  3.23400E-02  3.23400E-02
b   1    5  1    8  99  1.64259E-01  1.81923E+00 -1.79816E+01  1.91609E+02  2.00000E+01  7.45000E-02  7.45000E-02
b   1    6  1    8  99  2.90505E-01  6.44594E-01  1.60528E+00 -6.06451E-01  2.18233E+00  2.33700E-01  2.33700E-01
b   1    7  1    8  99  2.50302E-01  1.19210E-01  2.03664E+00 -1.02778E+00  2.82111E+00  1.61300E+00  1.61300E+00
b   1    1  1    9  99  3.67388E-01  4.78919E-01 -4.61936E+00  2.16961E+01  3.89839E+00  2.19900E-03  2.19900E-03
b   1    2  1    9  99  4.72071E-01  4.76355E-01 -2.06448E+00  1.82572E+01  3.65202E+00  5.43700E-03  5.43700E-03
b   1    3  1    9  99  1.41672E-01  1.98078E+00 -1.23163E+01 -2.74562E+01  2.00000E+01  1.02600E-02  1.02600E-02
b   1    4  1    9  99  1.60830E-01  2.22155E+00 -1.94450E+01  1.39300E+02  2.00000E+01  1.87500E-02  1.87500E-02
b   1    5  1    9  99  1.80781E-01  2.09306E+00 -1.86197E+01  2.04397E+02  2.00000E+01  3.65400E-02  3.65400E-02
b   1    6  1    9  99  3.19194E-01  1.03329E+00  1.71654E+00 -6.41396E-01  2.22929E+00  8.32200E-02  8.32200E-02
b   1    7  1    9  99  2.65657E-01  7.59104E-01  1.29751E+00 -4.21093E-01  2.07392E+00  2.60500E-01  2.60500E-01
b   1    8  1    9  99  2.54622E-01  8.48001E-02  2.59166E+00 -1.52248E+00  3.42932E+00  1.80400E+00  1.80400E+00
b   1    1  1   10  99  3.66201E-01  4.87329E-01 -4.66482E+00  2.17967E+01  3.90724E+00  1.59000E-03  1.59000E-03
b   1    2  1   10  99  4.76525E-01  4.84301E-01 -2.04732E+00  1.83570E+01  3.65364E+00  3.85100E-03  3.85100E-03
b   1    3  1   10  99  1.48129E-01  2.05940E+00 -1.41833E+01 -6.67993E-01  2.00000E+01  6.99500E-03  6.99500E-03
b   1    4  1   10  99  1.66393E-01  2.35275E+00 -2.00270E+01  1.45024E+02  2.00000E+01  1.20100E-02  1.20100E-02
b   1    5  1   10  99  1.97325E-01  2.28318E+00 -1.93108E+01  2.26720E+02  2.00000E+01  2.11300E-02  2.11300E-02
b   1    6  1   10  99  3.34628E-01  1.35933E+00  1.65087E+00 -5.79058E-01  2.12590E+00  4.05400E-02  4.05400E-02
b   1    7  1   10  99  2.97820E-01  1.17049E+00  1.50011E+00 -5.49821E-01  2.18908E+00  9.18000E-02  9.18000E-02
b   1    8  1   10  99  2.84015E-01  6.82854E-01  2.17199E+00 -1.07904E+00  2.96464E+00  2.86900E-01  2.86900E-01
b   1    9  1   10  99  5.18655E-01  2.93454E-01  5.07550E+00 -2.94542E+00  3.38895E+00  9.28900E-01  9.28900E-01
f   1    1  0    1  99  1.00000E+00  1.60000E+01
p   1    1  0    1  99  1.00000E+00  1.60000E+01
f   1    2  0    1  99  1.00000E+00  1.60000E+01
p   1    2  0    1  99  1.00000E+00  1.60000E+01
f   1    3  0    1  99  1.00000E+00  1.60000E+01
p   1    3  0    1  99  1.00000E+00  1.60000E+01
f   1    4  0    1  99  1.00000E+00  1.60000E+01
p   1    4  0    1  99  1.00000E+00  1.60000E+01
f   1    5  0    1  99  1.00000E+00  1.60000E+01
p   1    5  0    1  99  1.00000E+00  1.60000E+01
f   1    6  0    1  99  1.00000E+00  1.60000E+01
p   1    6  0    1  99  1.00000E+00  1.60000E+01
f   1    7  0    1  99  1.00000E+00  1.60000E+01
p   1    7  0    1  99  1.00000E+00  1.60000E+01
f   1    8  0    1  99  1.00000E+00  1.60000E+01
p   1    8  0    1  99  1.00000E+00  1.60000E+01
f   1    9  0    1  99  1.00000E+00  1.60000E+01
p   1    9  0    1  99  1.00000E+00  1.60000E+01
f   1   10  0    1  99  1.00000E+00  1.60000E+01
p   1   10  0    1  99  1.00000E+00  1.60000E+01
b   2    1  2    2  99  3.54628E-01  1.01788E-01 -3.42820E+00  2.10288E+01  3.93177E+00  7.64400E-01  7.64400E-01
b   2    1  2    3  99  3.62079E-01  2.66164E-01 -3.81379E+00  2.07401E+01  3.88802E+00  1.50900E-01  1.50900E-01
b   2    2  2    3  99  1.19824E-01  1.63269E+00 -5.29660E+01  5.54151E+02  2.00000E+01  6.22400E-01  6.22400E-01
b   2    1  2    4  99  3.58677E-01  3.36548E-01 -3.97001E+00  2.04683E+01  3.87696E+00  5.59200E-02  5.59200E-02
b   2    2  2    4  99  1.17153E-01  1.82812E+00 -4.00892E+01  2.92788E+02  2.00000E+01  1.18600E-01  1.18600E-01
b   2    3  2    4  99  9.01537E-02  1.04985E+00 -1.83545E+01  1.26831E+02  2.00000E+01  8.31900E-01  8.31900E-01
b   2    1  2    5  99  3.55247E-01  3.70055E-01 -4.02655E+00  2.02295E+01  3.87258E+00  2.70200E-02  2.70200E-02
b   2    2  2    5  99  1.41112E-01  1.54889E+00 -1.62675E+01  7.62798E+01  9.85581E+00  4.47400E-02  4.47400E-02
b   2    3  2    5  99  1.25211E-01  1.50015E+00 -2.27283E+01  1.71640E+02  2.00000E+01  1.50200E-01  1.50200E-01
b   2    4  2    5  99  2.92706E-01 -1.09312E-02  1.84625E+00 -6.58939E-01  2.13178E+00  1.03000E+00  1.03000E+00
b   2    1  2    6  99  3.90198E-01  4.30290E-01 -4.59562E+00  2.26010E+01  3.88054E+00  1.40460E-02  1.40460E-02
b   2    2  2    6  99  2.41413E-01  1.18170E+00 -6.71485E+00  2.64925E+01  5.02911E+00  2.13200E-02  2.13200E-02
b   2    3  2    6  99  1.45600E-01  1.79303E+00 -2.47342E+01  1.87966E+02  2.00000E+01  5.51000E-02  5.51000E-02
b   2    4  2    6  99  1.66852E-01  1.36038E+00 -2.07232E+01  2.55625E+02  2.00000E+01  1.77300E-01  1.77300E-01
b   2    5  2    6  99  2.56327E-01  1.27791E-01  1.48100E+00 -5.18064E-01  2.08355E+00  1.21900E+00  1.21900E+00
b   2    1  2    7  99  3.89837E-01  4.38308E-01 -4.58417E+00  2.24163E+01  3.87174E+00  8.68400E-03  8.68400E-03
b   2    2  2    7  99  2.74328E-01  1.09901E+00 -5.29017E+00  2.10409E+01  4.42972E+00  1.23000E-02  1.23000E-02
b   2    3  2    7  99  1.12744E-01  1.48039E+00  7.32597E+00 -2.84472E+02  2.00000E+01  2.74200E-02  2.74200E-02
b   2    4  2    7  99  1.71621E-01  1.74150E+00 -2.10637E+01  2.28544E+02  2.00000E+01  6.50200E-02  6.50200E-02
b   2    5  2    7  99  3.10693E-01  5.48280E-01  1.76702E+00 -6.93540E-01  2.14898E+00  2.05400E-01  2.05400E-01
b   2    6  2    7  99  2.65932E-01  6.83617E-02  2.22678E+00 -1.13457E+00  2.83112E+00  1.41600E+00  1.41600E+00
b   2    1  2    8  99  3.90930E-01  4.42431E-01 -4.62287E+00  2.26197E+01  3.88162E+00  5.74600E-03  5.74600E-03
b   2    2  2    8  99  3.06868E-01  1.00412E+00 -4.14454E+00  1.72001E+01  3.97376E+00  7.79600E-03  7.79600E-03
b   2    3  2    8  99  1.80417E-01  1.51411E+00 -2.46936E+00  6.40033E+00  3.78499E+00  1.59200E-02  1.59200E-02
b   2    4  2    8  99  1.46697E-01  2.04623E+00 -1.71167E+01  1.07062E+02  2.00000E+01  3.21600E-02  3.21600E-02
b   2    5  2    8  99  1.63347E-01  1.81448E+00 -1.73030E+01  1.85887E+02  2.00000E+01  7.41600E-02  7.41600E-02
b   2    6  2    8  99  2.81642E-01  6.84668E-01  1.46987E+00 -5.06551E-01  2.13324E+00  2.33100E-01  2.33100E-01
b   2    7  2    8  99  2.44637E-01  1.50202E-01  1.92792E+00 -9.47740E-01  2.78910E+00  1.60900E+00  1.60900E+00
b   2    1  2    9  99  3.88659E-01  4.53838E-01 -4.67013E+00  2.26527E+01  3.88802E+00  3.99800E-03  3.99800E-03
b   2    2  2    9  99  3.11658E-01  1.01441E+00 -4.03820E+00  1.67303E+01  3.91246E+00  5.27200E-03  5.27200E-03
b   2    3  2    9  99  2.06937E-01  1.51629E+00 -2.25754E+00  6.86757E+00  3.77004E+00  1.01800E-02  1.01800E-02
b   2    4  2    9  99  1.56148E-01  2.21459E+00 -1.80804E+01  1.20502E+02  2.00000E+01  1.86700E-02  1.86700E-02
b   2    5  2    9  99  1.76502E-01  2.10001E+00 -1.78967E+01  1.92926E+02  2.00000E+01  3.64100E-02  3.64100E-02
b   2    6  2    9  99  3.10411E-01  1.07166E+00  1.59071E+00 -5.86421E-01  2.15529E+00  8.30500E-02  8.30500E-02
b   2    7  2    9  99  2.93811E-01  6.36993E-01  2.26862E+00 -1.18212E+00  2.91099E+00  2.59900E-01  2.59900E-01
b   2    8  2    9  99  2.48581E-01  1.18516E-01  2.44625E+00 -1.41171E+00  3.38025E+00  1.80100E+00  1.80100E+00
b   2    1  2   10  99  3.90739E-01  4.47183E-01 -4.59574E+00  2.23923E+01  3.86929E+00  2.89200E-03  2.89200E-03
b   2    2  2   10  99  3.11131E-01  1.03688E+00 -4.06400E+00  1.66624E+01  3.91411E+00  3.73700E-03  3.73700E-03
b   2    3  2   10  99  1.35209E-01  1.88773E+00 -3.21913E+00 -1.49182E+02  2.00000E+01  6.94500E-03  6.94500E-03
b   2    4  2   10  99  1.60735E-01  2.34157E+00 -1.83513E+01  1.21033E+02  2.00000E+01  1.19600E-02  1.19600E-02
b   2    5  2   10  99  1.86056E-01  2.31509E+00 -1.82725E+01  1.97791E+02  2.00000E+01  2.10700E-02  2.10700E-02
b   2    6  2   10  99  3.28312E-01  1.38173E+00  1.65001E+00 -6.25889E-01  2.17433E+00  4.04800E-02  4.04800E-02
b   2    7  2   10  99  2.90721E-01  1.20260E+00  1.40080E+00 -4.80395E-01  2.14483E+00  9.16500E-02  9.16500E-02
b   2    8  2   10  99  2.78722E-01  7.09723E-01  2.09547E+00 -1.04164E+00  2.95042E+00  2.86500E-01  2.86500E-01
b   2    9  2   10  99  5.16641E-01  3.52534E-01  4.95936E+00 -2.81544E+00  3.38584E+00  9.15300E-01  9.15300E-01
b   2    1  2   11  98  0.00000E+00  0.00000E+00  0.00000E+00  0.00000E+00  0.00000E+00  7.07587E-03  1.41517E-04
b   2    2  2   11  99  3.54628E-01  1.01788E-01 -3.42820E+00  2.10288E+01  3.93177E+00  3.34425E-01  3.34425E-01
b   2    1  2   12  98  0.00000E+00  0.00000E+00  0.00000E+00  0.00000E+00  0.00000E+00  1.56714E-02  3.13428E-04
b   2    2  2   12  99  3.62079E-01  2.66164E-01 -3.81379E+00  2.07401E+01  3.88802E+00  7.54500E-02  7.54500E-02
b   2    3  2   12  99  3.54628E-01  1.01788E-01 -3.42820E+00  2.10288E+01  3.93177E+00  3.82200E-01  3.82200E-01
b   2   11  2   12  99  1.19824E-01  1.63269E+00 -5.29660E+01  5.54151E+02  2.00000E+01  1.24480E+00  1.24480E+00
b   2    1  2   13  98  0.00000E+00  0.00000E+00  0.00000E+00  0.00000E+00  0.00000E+00  2.62977E-02  5.25954E-04
b   2    2  2   13  99  3.58677E-01  3.36548E-01 -3.97001E+00  2.04683E+01  3.87696E+00  2.79600E-02  2.79600E-02
b   2    4  2   13  99  3.54628E-01  1.01788E-01 -3.42820E+00  2.10288E+01  3.93177E+00  3.82200E-01  3.82200E-01
b   2   11  2   13  99  1.17153E-01  1.82812E+00 -4.00892E+01  2.92788E+02  2.00000E+01  2.37200E-01  2.37200E-01
b   2   12  2   13  99  9.01537E-02  1.04985E+00 -1.83545E+01  1.26831E+02  2.00000E+01  8.31900E-01  8.31900E-01
b   2    1  2   14  98  0.00000E+00  0.00000E+00  0.00000E+00  0.00000E+00  0.00000E+00  4.01151E-02  8.02301E-04
b   2    2  2   14  99  3.55247E-01  3.70055E-01 -4.02655E+00  2.02295E+01  3.87258E+00  1.35100E-02  1.35100E-02
b   2    5  2   14  99  3.54628E-01  1.01788E-01 -3.42820E+00  2.10288E+01  3.93177E+00  3.82200E-01  3.82200E-01
b   2   11  2   14  99  1.41112E-01  1.54889E+00 -1.62675E+01  7.62798E+01  9.85581E+00  8.94800E-02  8.94800E-02
b   2   12  2   14  99  1.25211E-01  1.50015E+00 -2.27283E+01  1.71640E+02  2.00000E+01  1.50200E-01  1.50200E-01
b   2   13  2   14  99  2.92706E-01 -1.09312E-02  1.84625E+00 -6.58939E-01  2.13178E+00  1.03000E+00  1.03000E+00
b   2    1  2   15  98  0.00000E+00  0.00000E+00  0.00000E+00  0.00000E+00  0.00000E+00  5.70141E-02  1.14028E-03
b   2    2  2   15  99  3.90198E-01  4.30290E-01 -4.59562E+00  2.26010E+01  3.88054E+00  7.02300E-03  7.02300E-03
b   2    6  2   15  99  3.54628E-01  1.01788E-01 -3.42820E+00  2.10288E+01  3.93177E+00  3.82200E-01  3.82200E-01
b   2   11  2   15  99  2.41413E-01  1.18170E+00 -6.71485E+00  2.64925E+01  5.02911E+00  4.26400E-02  4.26400E-02
b   2   12  2   15  99  1.45600E-01  1.79303E+00 -2.47342E+01  1.87966E+02  2.00000E+01  5.51000E-02  5.51000E-02
b   2   13  2   15  99  1.66852E-01  1.36038E+00 -2.07232E+01  2.55625E+02  2.00000E+01  1.77300E-01  1.77300E-01
b   2   14  2   15  99  2.56327E-01  1.27791E-01  1.48100E+00 -5.18064E-01  2.08355E+00  1.21900E+00  1.21900E+00
b   2    1  2   16  98  0.00000E+00  0.00000E+00  0.00000E+00  0.00000E+00  0.00000E+00  7.69980E-02  1.53996E-03
b   2    2  2   16  99  3.89837E-01  4.38308E-01 -4.58417E+00  2.24163E+01  3.87174E+00  4.34200E-03  4.34200E-03
b   2    7  2   16  99  3.54628E-01  1.01788E-01 -3.42820E+00  2.10288E+01  3.93177E+00  3.82200E-01  3.82200E-01
b   2   11  2   16  99  2.74328E-01  1.09901E+00 -5.29017E+00  2.10409E+01  4.42972E+00  2.46000E-02  2.46000E-02
b   2   12  2   16  99  1.12744E-01  1.48039E+00  7.32597E+00 -2.84472E+02  2.00000E+01  2.74200E-02  2.74200E-02
b   2   13  2   16  99  1.71621E-01  1.74150E+00 -2.10637E+01  2.28544E+02  2.00000E+01  6.50200E-02  6.50200E-02
b   2   14  2   16  99  3.10693E-01  5.48280E-01  1.76702E+00 -6.93540E-01  2.14898E+00  2.05400E-01  2.05400E-01
b   2   15  2   16  99  2.65932E-01  6.83617E-02  2.22678E+00 -1.13457E+00  2.83112E+00  1.41600E+00  1.41600E+00
b   2    1  2   17  98  0.00000E+00  0.00000E+00  0.00000E+00  0.00000E+00  0.00000E+00  1.00064E-01  2.00128E-03
b   2    2  2   17  99  3.90930E-01  4.42431E-01 -4.62287E+00  2.26197E+01  3.88162E+00  2.87300E-03  2.87300E-03
b   2    8  2   17  99  3.54628E-01  1.01788E-01 -3.42820E+00  2.10288E+01  3.93177E+00  3.82200E-01  3.82200E-01
b   2   11  2   17  99  3.06868E-01  1.00412E+00 -4.14454E+00  1.72001E+01  3.97376E+00  1.55920E-02  1.55920E-02
b   2   12  2   17  99  1.80417E-01  1.51411E+00 -2.46936E+00  6.40033E+00  3.78499E+00  1.59200E-02  1.59200E-02
b   2   13  2   17  99  1.46697E-01  2.04623E+00 -1.71167E+01  1.07062E+02  2.00000E+01  3.21600E-02  3.21600E-02
b   2   14  2   17  99  1.63347E-01  1.81448E+00 -1.73030E+01  1.85887E+02  2.00000E+01  7.41600E-02  7.41600E-02
b   2   15  2   17  99  2.81642E-01  6.84668E-01  1.46987E+00 -5.06551E-01  2.13324E+00  2.33100E-01  2.33100E-01
b   2   16  2   17  99  2.44637E-01  1.50202E-01  1.92792E+00 -9.47740E-01  2.78910E+00  1.60900E+00  1.60900E+00
b   2    1  2   18  98  0.00000E+00  0.00000E+00  0.00000E+00  0.00000E+00  0.00000E+00  1.26206E-01  2.52412E-03
b   2    2  2   18  99  3.88659E-01  4.53838E-01 -4.67013E+00  2.26527E+01  3.88802E+00  1.99900E-03  1.99900E-03
b   2    9  2   18  99  3.54628E-01  1.01788E-01 -3.42820E+00  2.10288E+01  3.93177E+00  3.82200E-01  3.82200E-01
b   2   11  2   18  99  3.11658E-01  1.01441E+00 -4.03820E+00  1.67303E+01  3.91246E+00  1.05440E-02  1.05440E-02
b   2   12  2   18  99  2.06937E-01  1.51629E+00 -2.25754E+00  6.86757E+00  3.77004E+00  1.01800E-02  1.01800E-02
b   2   13  2   18  99  1.56148E-01  2.21459E+00 -1.80804E+01  1.20502E+02  2.00000E+01  1.86700E-02  1.86700E-02
b   2   14  2   18  99  1.76502E-01  2.10001E+00 -1.78967E+01  1.92926E+02  2.00000E+01  3.64100E-02  3.64100E-02
b   2   15  2   18  99  3.10411E-01  1.07166E+00  1.59071E+00 -5.86421E-01  2.15529E+00  8.30500E-02  8.30500E-02
b   2   16  2   18  99  2.93811E-01  6.36993E-01  2.26862E+00 -1.18212E+00  2.91099E+00  2.59900E-01  2.59900E-01
b   2   17  2   18  99  2.48581E-01  1.18516E-01  2.44625E+00 -1.41171E+00  3.38025E+00  1.80100E+00  1.80100E+00
b   2    1  2   19  98  0.00000E+00  0.00000E+00  0.00000E+00  0.00000E+00  0.00000E+00  1.55425E-01  3.10851E-03
b   2    2  2   19  99  3.90739E-01  4.47183E-01 -4.59574E+00  2.23923E+01  3.86929E+00  1.44600E-03  1.44600E-03
b   2   10  2   19  99  3.54628E-01  1.01788E-01 -3.42820E+00  2.10288E+01  3.93177E+00  3.82200E-01  3.82200E-01
b   2   11  2   19  99  3.11131E-01  1.03688E+00 -4.06400E+00  1.66624E+01  3.91411E+00  7.47400E-03  7.47400E-03
b   2   12  2   19  99  1.35209E-01  1.88773E+00 -3.21913E+00 -1.49182E+02  2.00000E+01  6.94500E-03  6.94500E-03
b   2   13  2   19  99  1.60735E-01  2.34157E+00 -1.83513E+01  1.21033E+02  2.00000E+01  1.19600E-02  1.19600E-02
b   2   14  2   19  99  1.86056E-01  2.31509E+00 -1.82725E+01  1.97791E+02  2.00000E+01  2.10700E-02  2.10700E-02
b   2   15  2   19  99  3.28312E-01  1.38173E+00  1.65001E+00 -6.25889E-01  2.17433E+00  4.04800E-02  4.04800E-02
b   2   16  2   19  99  2.90721E-01  1.20260E+00  1.40080E+00 -4.80395E-01  2.14483E+00  9.16500E-02  9.16500E-02
b   2   17  2   19  99  2.78722E-01  7.09723E-01  2.09547E+00 -1.04164E+00  2.95042E+00  2.86500E-01  2.86500E-01
b   2   18  2   19  99  5.16641E-01  3.52534E-01  4.95936E+00 -2.81544E+00  3.38584E+00  9.15300E-01  9.15300E-01
f   2    1  1    1  99  2.00000E+00  1.58438E+01
p   2    1  1    1  98  1.86990E+00 -2.60250E+00 -1.42220E-01  9.95290E-03  2.00000E+00  3.20400E+03  3.33200E+03  6.40800E+04
f   2    2  1    1  99  1.00000E+00  1.50620E+01
p   2    2  1    1  99  1.00000E+00  1.50620E+01
f   2    3  1    1  99  1.00000E+00  1.50160E+01
p   2    3  1    1  99  1.00000E+00  1.50160E+01
f   2    4  1    1  99  1.00000E+00  1.50046E+01
p   2    4  1    1  99  1.00000E+00  1.50046E+01
f   2    5  1    1  99  1.00000E+00  1.50030E+01
p   2    5  1    1  99  1.00000E+00  1.50030E+01
f   2    6  1    1  99  1.00000E+00  1.50030E+01
p   2    6  1    1  99  1.00000E+00  1.50030E+01
f   2    7  1    1  99  1.00000E+00  1.50010E+01
p   2    7  1    1  99  1.00000E+00  1.50010E+01
f   2    8  1    1  99  1.00000E+00  1.50001E+01
p   2    8  1    1  99  1.00000E+00  1.50001E+01
f   2    9  1    1  99  1.00000E+00  1.50001E+01
p   2    9  1    1  99  1.00000E+00  1.50001E+01
f   2   10  1    1  99  1.00000E+00  1.50001E+01
p   2   10  1    1  99  1.00000E+00  1.50001E+01
f   2    2  1    2  99  1.00000E+00  1.50620E+01
p   2    2  1    2  98  1.86990E+00 -2.60250E+00 -1.42220E-01  9.95290E-03  2.00000E+00  3.20400E+03  3.33200E+03  6.40800E+04
f   2   11  1    2  99  2.00000E+00  1.56981E+01
p   2   11  1    2  99  2.00000E+00  1.56981E+01
f   2   12  1    2  99  1.00000E+00  1.50960E+01
p   2   12  1    2  99  1.00000E+00  1.50960E+01
f   2   13  1    2  99  1.00000E+00  1.50278E+01
p   2   13  1    2  99  1.00000E+00  1.50278E+01
f   2   14  1    2  99  1.00000E+00  1.50021E+01
p   2   14  1    2  99  1.00000E+00  1.50021E+01
f   2   15  1    2  99  1.00000E+00  1.50120E+01
p   2   15  1    2  99  1.00000E+00  1.50120E+01
f   2   16  1    2  99  1.00000E+00  1.50100E+01
p   2   16  1    2  99  1.00000E+00  1.50100E+01
f   2   17  1    2  99  1.00000E+00  1.50010E+01
p   2   17  1    2  99  1.00000E+00  1.50010E+01
f   2   18  1    2  99  1.00000E+00  1.50010E+01
p   2   18  1    2  99  1.00000E+00  1.50010E+01
f   2   19  1    2  99  1.00000E+00  1.50001E+01
p   2   19  1    2  99  1.00000E+00  1.50001E+01
f   2    3  1    3  99  1.00000E+00  1.50160E+01
p   2    3  1    3  98  1.86990E+00 -2.60250E+00 -1.42220E-01  9.95290E-03  2.00000E+00  3.20400E+03  3.33200E+03  6.40800E+04
f   2   12  1    3  99  1.00000E+00  1.50960E+01
p   2   12  1    3  99  1.00000E+00  1.50960E+01
f   2    4  1    4  99  1.00000E+00  1.50046E+01
p   2    4  1    4  98  1.86990E+00 -2.60250E+00 -1.42220E-01  9.95290E-03  2.00000E+00  3.20400E+03  3.33200E+03  6.40800E+04
f   2   13  1    4  99  1.00000E+00  1.50278E+01
p   2   13  1    4  99  1.00000E+00  1.50278E+01
f   2    5  1    5  99  1.00000E+00  1.50030E+01
p   2    5  1    5  98  1.86990E+00 -2.60250E+00 -1.42220E-01  9.95290E-03  2.00000E+00  3.20400E+03  3.33200E+03  6.40800E+04
f   2   14  1    5  99  1.00000E+00  1.50021E+01
p   2   14  1    5  99  1.00000E+00  1.50021E+01
f   2    6  1    6  99  1.00000E+00  1.50030E+01
p   2    6  1    6  98  1.86990E+00 -2.60250E+00 -1.42220E-01  9.95290E-03  2.00000E+00  3.20400E+03  3.33200E+03  6.40800E+04
f   2   15  1    6  99  1.00000E+00  1.50120E+01
p   2   15  1    6  99  1.00000E+00  1.50120E+01
f   2    7  1    7  99  1.00000E+00  1.50010E+01
p   2    7  1    7  98  1.86990E+00 -2.60250E+00 -1.42220E-01  9.95290E-03  2.00000E+00  3.20400E+03  3.33200E+03  6.40800E+04
f   2   16  1    7  99  1.00000E+00  1.50100E+01
p   2   16  1    7  99  1.00000E+00  1.50100E+01
f   2    8  1    8  99  1.00000E+00  1.50001E+01
p   2    8  1    8  98  1.86990E+00 -2.60250E+00 -1.42220E-01  9.95290E-03  2.00000E+00  3.20400E+03  3.33200E+03  6.40800E+04
f   2   17  1    8  99  1.00000E+00  1.50010E+01
p   2   17  1    8  99  1.00000E+00  1.50010E+01
f   2    9  1    9  99  1.00000E+00  1.50001E+01
p   2    9  1    9  98  1.86990E+00 -2.60250E+00 -1.42220E-01  9.95290E-03  2.00000E+00  3.20400E+03  3.33200E+03  6.40800E+04
f   2   18  1    9  99  1.00000E+00  1.50010E+01
p   2   18  1    9  99  1.00000E+00  1.50010E+01
f   2   10  1   10  99  1.00000E+00  1.50001E+01
p   2   10  1   10  98  1.86990E+00 -2.60250E+00 -1.42220E-01  9.95290E-03  2.00000E+00  3.20400E+03  3.33200E+03  6.40800E+04
f   2   19  1   10  99  1.00000E+00  1.50001E+01
p   2   19  1   10  99  1.00000E+00  1.50001E+01
a   2   11  1    1   9.67360E+13
a   2   12  1    1   1.04100E+13
a   2   13  1    1   2.46450E+12
a   2   14  1    1   8.02730E+11
a   2   15  1    1   3.24180E+11
a   2   16  1    1   1.49990E+11
a   2   17  1    1   7.69290E+10
a   2   18  1    1   4.26900E+10
a   2   19  1    1   2.52080E+10
b   3    1  3    2  99  8.89203E-02  1.26058E+00 -2.75577E+01  1.90476E+02  2.00000E+01  6.06500E-01  6.06500E-01
b   3    1  3    3  99  1.32304E-01  1.87685E+00 -4.72970E+01  4.26346E+02  2.00000E+01  1.17200E-01  1.17200E-01
b   3    2  3    3  99  1.23494E-01  9.71874E-01 -2.21708E+01  2.44305E+02  2.00000E+01  8.24400E-01  8.24400E-01
b   3    1  3    4  99  1.30977E-01  1.95600E+00 -4.08023E+01  3.03626E+02  2.00000E+01  4.44600E-02  4.44600E-02
b   3    2  3    4  99  1.22630E-01  1.47367E+00 -2.11036E+01  1.54816E+02  2.00000E+01  1.49500E-01  1.49500E-01
b   3    3  3    4  99  2.83387E-01  2.59618E-02  1.76279E+00 -6.70419E-01  2.11442E+00  1.02500E+00  1.02500E+00
b   3    1  3    5  99  1.36881E-01  2.11284E+00 -3.85465E+01  2.32963E+02  2.00000E+01  2.11000E-02  2.11000E-02
b   3    2  3    5  99  1.45605E-01  1.76325E+00 -2.34733E+01  1.81392E+02  2.00000E+01  5.48200E-02  5.48200E-02
b   3    3  3    5  99  1.50454E-01  1.41285E+00 -1.92922E+01  2.10375E+02  2.00000E+01  1.76500E-01  1.76500E-01
b   3    4  3    5  99  2.47982E-01  1.66429E-01  1.36885E+00 -4.53890E-01  2.05358E+00  1.21600E+00  1.21600E+00
b   3    1  3    6  99  1.48431E-01  1.90908E+00 -2.32837E+01  1.19598E+02  1.26905E+01  1.21900E-02  1.21900E-02
b   3    2  3    6  99  1.50914E-01  1.92976E+00 -2.34644E+01  1.69652E+02  2.00000E+01  2.73200E-02  2.73200E-02
b   3    3  3    6  99  1.76379E-01  1.70593E+00 -2.02784E+01  2.34422E+02  2.00000E+01  6.47900E-02  6.47900E-02
b   3    4  3    6  99  3.01763E-01  5.85539E-01  1.68506E+00 -6.86949E-01  2.12774E+00  2.04900E-01  2.04900E-01
b   3    5  3    6  99  2.59496E-01  1.01243E-01  2.12996E+00 -1.08475E+00  2.82197E+00  1.41400E+00  1.41400E+00
b   3    1  3    7  99  1.59741E-01  1.81051E+00 -1.80349E+01  8.43463E+01  1.02333E+01  7.73600E-03  7.73600E-03
b   3    2  3    7  99  1.58697E-01  2.03051E+00 -2.39972E+01  1.77822E+02  2.00000E+01  1.58800E-02  1.58800E-02
b   3    3  3    7  99  1.80421E-01  1.95891E+00 -2.05166E+01  2.21778E+02  2.00000E+01  3.20700E-02  3.20700E-02
b   3    4  3    7  99  3.28320E-01  9.32727E-01  1.74549E+00 -6.22394E-01  2.17216E+00  7.39800E-02  7.39800E-02
b   3    5  3    7  99  2.73614E-01  7.21248E-01  1.36578E+00 -4.57300E-01  2.08658E+00  2.32700E-01  2.32700E-01
b   3    6  3    7  99  2.60820E-01  7.90017E-02  2.64486E+00 -1.53192E+00  3.41962E+00  1.60700E+00  1.60700E+00
b   3    1  3    8  99  1.86764E-01  1.60060E+00 -1.15462E+01  4.70499E+01  7.18185E+00  5.23400E-03  5.23400E-03
b   3    2  3    8  99  1.66532E-01  2.10175E+00 -2.49625E+01  1.95971E+02  2.00000E+01  1.01600E-02  1.01600E-02
b   3    3  3    8  99  1.83101E-01  2.13795E+00 -2.05901E+01  2.11830E+02  2.00000E+01  1.86200E-02  1.86200E-02
b   3    4  3    8  99  1.73391E-01  2.09727E+00 -1.68407E+01  1.78469E+02  2.00000E+01  3.63300E-02  3.63300E-02
b   3    5  3    8  99  3.03060E-01  1.10275E+00  1.52756E+00 -5.58918E-01  2.15658E+00  8.29200E-02  8.29200E-02
b   3    6  3    8  99  2.87962E-01  6.66689E-01  2.17850E+00 -1.06723E+00  2.92247E+00  2.59600E-01  2.59600E-01
b   3    7  3    8  99  2.45009E-01  1.41289E-01  2.39616E+00 -1.36613E+00  3.40779E+00  1.80000E+00  1.80000E+00
b   3    1  3    9  99  2.16765E-01  1.44770E+00 -8.66050E+00  3.39428E+01  5.87911E+00  3.71200E-03  3.71200E-03
b   3    2  3    9  99  1.85800E-01  2.14171E+00 -2.84983E+01  2.73790E+02  2.00000E+01  6.93300E-03  6.93300E-03
b   3    3  3    9  99  1.58661E-01  2.31777E+00 -1.68385E+01  1.06635E+02  2.00000E+01  1.19300E-02  1.19300E-02
b   3    4  3    9  99  1.81488E-01  2.31792E+00 -1.72574E+01  1.81628E+02  2.00000E+01  2.10300E-02  2.10300E-02
b   3    5  3    9  99  3.20565E-01  1.41364E+00  1.57413E+00 -5.81569E-01  2.15768E+00  4.04200E-02  4.04200E-02
b   3    6  3    9  99  3.14529E-01  1.09685E+00  2.28511E+00 -1.08077E+00  2.97073E+00  9.15500E-02  9.15500E-02
b   3    7  3    9  99  2.73565E-01  7.36310E-01  2.03403E+00 -1.01101E+00  2.96706E+00  2.86300E-01  2.86300E-01
b   3    8  3    9  99  5.07933E-01  3.71020E-01  5.11943E+00 -8.51542E-01  4.09614E+00  9.25400E-01  9.25400E-01
b   3    1  3   10  99  3.80889E-01  1.02281E-01 -3.64763E+00  2.25567E+01  3.93386E+00  6.04275E-01  6.04275E-01
b   3    1  3   11  99  3.65091E-01  2.52150E-01 -3.74902E+00  2.06605E+01  3.87628E+00  1.39360E-01  1.39360E-01
b   3    2  3   11  99  3.80889E-01  1.02281E-01 -3.64763E+00  2.25567E+01  3.93386E+00  6.90600E-01  6.90600E-01
b   3   10  3   11  99  8.89203E-02  1.26058E+00 -2.75577E+01  1.90476E+02  2.00000E+01  1.21300E+00  1.21300E+00
b   3    1  3   12  99  3.62121E-01  3.13741E-01 -3.88676E+00  2.04562E+01  3.87041E+00  5.20600E-02  5.20600E-02
b   3    3  3   12  99  3.80889E-01  1.02281E-01 -3.64763E+00  2.25567E+01  3.93386E+00  6.90600E-01  6.90600E-01
b   3   10  3   12  99  1.32304E-01  1.87685E+00 -4.72970E+01  4.26346E+02  2.00000E+01  2.34400E-01  2.34400E-01
b   3   11  3   12  99  1.23494E-01  9.71874E-01 -2.21708E+01  2.44305E+02  2.00000E+01  8.24400E-01  8.24400E-01
b   3    1  3   13  99  3.57028E-01  3.49567E-01 -3.99904E+00  2.04695E+01  3.88629E+00  2.52200E-02  2.52200E-02
b   3    4  3   13  99  3.80889E-01  1.02281E-01 -3.64763E+00  2.25567E+01  3.93386E+00  6.90600E-01  6.90600E-01
b   3   10  3   13  99  1.30977E-01  1.95600E+00 -4.08023E+01  3.03626E+02  2.00000E+01  8.89200E-02  8.89200E-02
b   3   11  3   13  99  1.22630E-01  1.47367E+00 -2.11036E+01  1.54816E+02  2.00000E+01  1.49500E-01  1.49500E-01
b   3   12  3   13  99  2.83387E-01  2.59618E-02  1.76279E+00 -6.70419E-01  2.11442E+00  1.02500E+00  1.02500E+00
b   3    1  3   14  99  3.94349E-01  3.96894E-01 -4.51056E+00  2.27451E+01  3.88154E+00  1.31600E-02  1.31600E-02
b   3    5  3   14  99  3.80889E-01  1.02281E-01 -3.64763E+00  2.25567E+01  3.93386E+00  6.90600E-01  6.90600E-01
b   3   10  3   14  99  1.36881E-01  2.11284E+00 -3.85465E+01  2.32963E+02  2.00000E+01  4.22000E-02  4.22000E-02
b   3   11  3   14  99  1.45605E-01  1.76325E+00 -2.34733E+01  1.81392E+02  2.00000E+01  5.48200E-02  5.48200E-02
b   3   12  3   14  99  1.50454E-01  1.41285E+00 -1.92922E+01  2.10375E+02  2.00000E+01  1.76500E-01  1.76500E-01
b   3   13  3   14  99  2.47982E-01  1.66429E-01  1.36885E+00 -4.53890E-01  2.05358E+00  1.21600E+00  1.21600E+00
b   3    1  3   15  99  3.92877E-01  4.05749E-01 -4.55535E+00  2.28685E+01  3.89399E+00  8.14200E-03  8.14200E-03
b   3    6  3   15  99  3.80889E-01  1.02281E-01 -3.64763E+00  2.25567E+01  3.93386E+00  6.90600E-01  6.90600E-01
b   3   10  3   15  99  1.48431E-01  1.90908E+00 -2.32837E+01  1.19598E+02  1.26905E+01  2.43800E-02  2.43800E-02
b   3   11  3   15  99  1.50914E-01  1.92976E+00 -2.34644E+01  1.69652E+02  2.00000E+01  2.73200E-02  2.73200E-02
b   3   12  3   15  99  1.76379E-01  1.70593E+00 -2.02784E+01  2.34422E+02  2.00000E+01  6.47900E-02  6.47900E-02
b   3   13  3   15  99  3.01763E-01  5.85539E-01  1.68506E+00 -6.86949E-01  2.12774E+00  2.04900E-01  2.04900E-01
b   3   14  3   15  99  2.59496E-01  1.01243E-01  2.12996E+00 -1.08475E+00  2.82197E+00  1.41400E+00  1.41400E+00
b   3    1  3   16  99  3.91623E-01  4.13136E-01 -4.59854E+00  2.29721E+01  3.90094E+00  5.39000E-03  5.39000E-03
b   3    7  3   16  99  3.80889E-01  1.02281E-01 -3.64763E+00  2.25567E+01  3.93386E+00  6.90600E-01  6.90600E-01
b   3   10  3   16  99  1.59741E-01  1.81051E+00 -1.80349E+01  8.43463E+01  1.02333E+01  1.54720E-02  1.54720E-02
b   3   11  3   16  99  1.58697E-01  2.03051E+00 -2.39972E+01  1.77822E+02  2.00000E+01  1.58800E-02  1.58800E-02
b   3   12  3   16  99  1.80421E-01  1.95891E+00 -2.05166E+01  2.21778E+02  2.00000E+01  3.20700E-02  3.20700E-02
b   3   13  3   16  99  3.28320E-01  9.32727E-01  1.74549E+00 -6.22394E-01  2.17216E+00  7.39800E-02  7.39800E-02
b   3   14  3   16  99  2.73614E-01  7.21248E-01  1.36578E+00 -4.57300E-01  2.08658E+00  2.32700E-01  2.32700E-01
b   3   15  3   16  99  2.60820E-01  7.90017E-02  2.64486E+00 -1.53192E+00  3.41962E+00  1.60700E+00  1.60700E+00
b   3    1  3   17  99  3.89647E-01  4.14604E-01 -4.51339E+00  2.24223E+01  3.87537E+00  3.75000E-03  3.75000E-03
b   3    8  3   17  99  3.80889E-01  1.02281E-01 -3.64763E+00  2.25567E+01  3.93386E+00  6.90600E-01  6.90600E-01
b   3   10  3   17  99  1.86764E-01  1.60060E+00 -1.15462E+01  4.70499E+01  7.18185E+00  1.04680E-02  1.04680E-02
b   3   11  3   17  99  1.66532E-01  2.10175E+00 -2.49625E+01  1.95971E+02  2.00000E+01  1.01600E-02  1.01600E-02
b   3   12  3   17  99  1.83101E-01  2.13795E+00 -2.05901E+01  2.11830E+02  2.00000E+01  1.86200E-02  1.86200E-02
b   3   13  3   17  99  1.73391E-01  2.09727E+00 -1.68407E+01  1.78469E+02  2.00000E+01  3.63300E-02  3.63300E-02
b   3   14  3   17  99  3.03060E-01  1.10275E+00  1.52756E+00 -5.58918E-01  2.15658E+00  8.29200E-02  8.29200E-02
b   3   15  3   17  99  2.87962E-01  6.66689E-01  2.17850E+00 -1.06723E+00  2.92247E+00  2.59600E-01  2.59600E-01
b   3   16  3   17  99  2.45009E-01  1.41289E-01  2.39616E+00 -1.36613E+00  3.40779E+00  1.80000E+00  1.80000E+00
b   3    1  3   18  99  3.89710E-01  4.17905E-01 -4.57284E+00  2.27446E+01  3.89612E+00  2.71200E-03  2.71200E-03
b   3    9  3   18  99  3.80889E-01  1.02281E-01 -3.64763E+00  2.25567E+01  3.93386E+00  6.90600E-01  6.90600E-01
b   3   10  3   18  99  2.16765E-01  1.44770E+00 -8.66050E+00  3.39428E+01  5.87911E+00  7.42400E-03  7.42400E-03
b   3   11  3   18  99  1.85800E-01  2.14171E+00 -2.84983E+01  2.73790E+02  2.00000E+01  6.93300E-03  6.93300E-03
b   3   12  3   18  99  1.58661E-01  2.31777E+00 -1.68385E+01  1.06635E+02  2.00000E+01  1.19300E-02  1.19300E-02
b   3   13  3   18  99  1.81488E-01  2.31792E+00 -1.72574E+01  1.81628E+02  2.00000E+01  2.10300E-02  2.10300E-02
b   3   14  3   18  99  3.20565E-01  1.41364E+00  1.57413E+00 -5.81569E-01  2.15768E+00  4.04200E-02  4.04200E-02
b   3   15  3   18  99  3.14529E-01  1.09685E+00  2.28511E+00 -1.08077E+00  2.97073E+00  9.15500E-02  9.15500E-02
b   3   16  3   18  99  2.73565E-01  7.36310E-01  2.03403E+00 -1.01101E+00  2.96706E+00  2.86300E-01  2.86300E-01
b   3   17  3   18  99  5.07933E-01  3.71020E-01  5.11943E+00 -8.51542E-01  4.09614E+00  9.25400E-01  9.25400E-01
f   3    1  2    1  99  1.00000E+00  1.41240E+01
p   3    1  2    1  98  1.21460E+00 -2.74220E+00 -3.11870E-02 -2.71060E-03  1.00000E+00  7.08500E+02  7.36800E+02  1.41700E+04
f   3    2  2    1  99  1.00000E+00  1.40320E+01
p   3    2  2    1  99  1.00000E+00  1.40320E+01
f   3    3  2    1  99  1.00000E+00  1.40092E+01
p   3    3  2    1  99  1.00000E+00  1.40092E+01
f   3    4  2    1  99  1.00000E+00  1.40060E+01
p   3    4  2    1  99  1.00000E+00  1.40060E+01
f   3    5  2    1  99  1.00000E+00  1.40060E+01
p   3    5  2    1  99  1.00000E+00  1.40060E+01
f   3    6  2    1  99  1.00000E+00  1.40020E+01
p   3    6  2    1  99  1.00000E+00  1.40020E+01
f   3    7  2    1  99  1.00000E+00  1.40002E+01
p   3    7  2    1  99  1.00000E+00  1.40002E+01
f   3    8  2    1  99  1.00000E+00  1.40002E+01
p   3    8  2    1  99  1.00000E+00  1.40002E+01
f   3    9  2    1  99  1.00000E+00  1.40002E+01
p   3    9  2    1  99  1.00000E+00  1.40002E+01
f   3    1  2    2  99  2.00000E+00  1.41240E+01
p   3    1  2    2  98  1.94870E+00 -2.57050E+00 -1.70600E-01  1.59720E-02  2.00000E+00  3.09300E+03  3.21700E+03  6.18700E+04
f   3   10  2    2  99  2.00000E+00  1.47601E+01
p   3   10  2    2  98  1.21460E+00 -2.74220E+00 -3.11870E-02 -2.71060E-03  1.00000E+00  7.08500E+02  7.36800E+02  1.41700E+04
f   3   11  2    2  99  1.00000E+00  1.41120E+01
p   3   11  2    2  99  1.00000E+00  1.41120E+01
f   3   12  2    2  99  1.00000E+00  1.40324E+01
p   3   12  2    2  99  1.00000E+00  1.40324E+01
f   3   13  2    2  99  1.00000E+00  1.40051E+01
p   3   13  2    2  99  1.00000E+00  1.40051E+01
f   3   14  2    2  99  1.00000E+00  1.40150E+01
p   3   14  2    2  99  1.00000E+00  1.40150E+01
f   3   15  2    2  99  1.00000E+00  1.40110E+01
p   3   15  2    2  99  1.00000E+00  1.40110E+01
f   3   16  2    2  99  1.00000E+00  1.40011E+01
p   3   16  2    2  99  1.00000E+00  1.40011E+01
f   3   17  2    2  99  1.00000E+00  1.40011E+01
p   3   17  2    2  99  1.00000E+00  1.40011E+01
f   3   18  2    2  99  1.00000E+00  1.40002E+01
p   3   18  2    2  99  1.00000E+00  1.40002E+01
f   3    2  2    3  99  2.00000E+00  1.40320E+01
p   3    2  2    3  98  1.94870E+00 -2.57050E+00 -1.70600E-01  1.59720E-02  2.00000E+00  3.09300E+03  3.21700E+03  6.18700E+04
f   3   11  2    3  99  1.00000E+00  1.41120E+01
p   3   11  2    3  98  1.21460E+00 -2.74220E+00 -3.11870E-02 -2.71060E-03  1.00000E+00  7.08500E+02  7.36800E+02  1.41700E+04
f   3    3  2    4  99  2.00000E+00  1.40092E+01
p   3    3  2    4  98  1.94870E+00 -2.57050E+00 -1.70600E-01  1.59720E-02  2.00000E+00  3.09300E+03  3.21700E+03  6.18700E+04
f   3   12  2    4  99  1.00000E+00  1.40324E+01
p   3   12  2    4  98  1.21460E+00 -2.74220E+00 -3.11870E-02 -2.71060E-03  1.00000E+00  7.08500E+02  7.36800E+02  1.41700E+04
f   3    4  2    5  99  2.00000E+00  1.40060E+01
p   3    4  2    5  98  1.94870E+00 -2.57050E+00 -1.70600E-01  1.59720E-02  2.00000E+00  3.09300E+03  3.21700E+03  6.18700E+04
f   3   13  2    5  99  1.00000E+00  1.40051E+01
p   3   13  2    5  98  1.21460E+00 -2.74220E+00 -3.11870E-02 -2.71060E-03  1.00000E+00  7.08500E+02  7.36800E+02  1.41700E+04
f   3    5  2    6  99  2.00000E+00  1.40060E+01
p   3    5  2    6  98  1.94870E+00 -2.57050E+00 -1.70600E-01  1.59720E-02  2.00000E+00  3.09300E+03  3.21700E+03  6.18700E+04
f   3   14  2    6  99  1.00000E+00  1.40150E+01
p   3   14  2    6  98  1.21460E+00 -2.74220E+00 -3.11870E-02 -2.71060E-03  1.00000E+00  7.08500E+02  7.36800E+02  1.41700E+04
f   3    6  2    7  99  2.00000E+00  1.40020E+01
p   3    6  2    7  98  1.94870E+00 -2.57050E+00 -1.70600E-01  1.59720E-02  2.00000E+00  3.09300E+03  3.21700E+03  6.18700E+04
f   3   15  2    7  99  1.00000E+00  1.40110E+01
p   3   15  2    7  98  1.21460E+00 -2.74220E+00 -3.11870E-02 -2.71060E-03  1.00000E+00  7.08500E+02  7.36800E+02  1.41700E+04
f   3    7  2    8  99  2.00000E+00  1.40002E+01
p   3    7  2    8  98  1.94870E+00 -2.57050E+00 -1.70600E-01  1.59720E-02  2.00000E+00  3.09300E+03  3.21700E+03  6.18700E+04
f   3   16  2    8  99  1.00000E+00  1.40011E+01
p   3   16  2    8  98  1.21460E+00 -2.74220E+00 -3.11870E-02 -2.71060E-03  1.00000E+00  7.08500E+02  7.36800E+02  1.41700E+04
f   3    8  2    9  99  2.00000E+00  1.40002E+01
p   3    8  2    9  98  1.94870E+00 -2.57050E+00 -1.70600E-01  1.59720E-02  2.00000E+00  3.09300E+03  3.21700E+03  6.18700E+04
f   3   17  2    9  99  1.00000E+00  1.40011E+01
p   3   17  2    9  98  1.21460E+00 -2.74220E+00 -3.11870E-02 -2.71060E-03  1.00000E+00  7.08500E+02  7.36800E+02  1.41700E+04
f   3    9  2   10  99  2.00000E+00  1.40002E+01
p   3    9  2   10  98  1.94870E+00 -2.57050E+00 -1.70600E-01  1.59720E-02  2.00000E+00  3.09300E+03  3.21700E+03  6.18700E+04
f   3   18  2   10  99  1.00000E+00  1.40002E+01
p   3   18  2   10  98  1.21460E+00 -2.74220E+00 -3.11870E-02 -2.71060E-03  1.00000E+00  7.08500E+02  7.36800E+02  1.41700E+04
f   3   10  2   11  99  1.00000E+00  1.47601E+01
p   3   10  2   11  98  1.94870E+00 -2.57050E+00 -1.70600E-01  1.59720E-02  2.00000E+00  3.09300E+03  3.21700E+03  6.18700E+04
f   3   11  2   12  99  1.00000E+00  1.41120E+01
p   3   11  2   12  98  1.94870E+00 -2.57050E+00 -1.70600E-01  1.59720E-02  2.00000E+00  3.09300E+03  3.21700E+03  6.18700E+04
f   3   12  2   13  99  1.00000E+00  1.40324E+01
p   3   12  2   13  98  1.94870E+00 -2.57050E+00 -1.70600E-01  1.59720E-02  2.00000E+00  3.09300E+03  3.21700E+03  6.18700E+04
f   3   13  2   14  99  1.00000E+00  1.40051E+01
p   3   13  2   14  98  1.94870E+00 -2.57050E+00 -1.70600E-01  1.59720E-02  2.00000E+00  3.09300E+03  3.21700E+03  6.18700E+04
f   3   14  2   15  99  1.00000E+00  1.40150E+01
p   3   14  2   15  98  1.94870E+00 -2.57050E+00 -1.70600E-01  1.59720E-02  2.00000E+00  3.09300E+03  3.21700E+03  6.18700E+04
f   3   15  2   16  99  1.00000E+00  1.40110E+01
p   3   15  2   16  98  1.94870E+00 -2.57050E+00 -1.70600E-01  1.59720E-02  2.00000E+00  3.09300E+03  3.21700E+03  6.18700E+04
f   3   16  2   17  99  1.00000E+00  1.40011E+01
p   3   16  2   17  98  1.94870E+00 -2.57050E+00 -1.70600E-01  1.59720E-02  2.00000E+00  3.09300E+03  3.21700E+03  6.18700E+04
f   3   17  2   18  99  1.00000E+00  1.40011E+01
p   3   17  2   18  98  1.94870E+00 -2.57050E+00 -1.70600E-01  1.59720E-02  2.00000E+00  3.09300E+03  3.21700E+03  6.18700E+04
f   3   18  2   19  99  1.00000E+00  1.40002E+01
p   3   18  2   19  98  1.94870E+00 -2.57050E+00 -1.70600E-01  1.59720E-02  2.00000E+00  3.09300E+03  3.21700E+03  6.18700E+04
a   3   10  2    1   4.17980E+13
a   3   11  2    1   4.46810E+12
a   3   12  2    1   1.05005E+12
a   3   13  2    1   3.40415E+11
a   3   14  2    1   1.36955E+11
a   3   15  2    1   6.33650E+10
a   3   16  2    1   3.25005E+10
a   3   17  2    1   1.80355E+10
a   3   18  2    1   1.06495E+10
b   4    1  4    2  99  8.09829E-02  1.16242E+00 -1.84859E+01  5.27763E+01  2.00000E+01  1.09560E+00  1.09560E+00
b   4    1  4    3  99  1.40313E-01  1.88506E+00 -5.10477E+01  4.96748E+02  2.00000E+01  2.27600E-01  2.27600E-01
b   4    2  4    3  99  1.26155E-01  9.14337E-01 -2.08504E+01  2.42918E+02  2.00000E+01  7.97000E-01  7.97000E-01
b   4    1  4    4  99  1.34874E-01  1.91357E+00 -4.40726E+01  3.75920E+02  2.00000E+01  8.83400E-02  8.83400E-02
b   4    2  4    4  99  1.16794E-01  1.40172E+00 -1.90900E+01  1.30556E+02  2.00000E+01  1.50700E-01  1.50700E-01
b   4    3  4    4  99  2.66487E-01  6.33176E-02  1.63955E+00 -6.66514E-01  2.10369E+00  1.00900E+00  1.00900E+00
b   4    1  4    5  99  1.38884E-01  2.08089E+00 -4.06766E+01  2.80893E+02  2.00000E+01  4.11800E-02  4.11800E-02
b   4    2  4    5  99  1.44866E-01  1.78071E+00 -2.34416E+01  1.71691E+02  2.00000E+01  5.39200E-02  5.39200E-02
b   4    3  4    5  99  1.48659E-01  1.41342E+00 -1.86274E+01  1.99703E+02  2.00000E+01  1.74200E-01  1.74200E-01
b   4    4  4    5  99  2.40414E-01  2.07034E-01  1.25653E+00 -3.79616E-01  2.01914E+00  1.18500E+00  1.18500E+00
b   4    1  4    6  99  1.38865E-01  2.10052E+00 -3.88552E+01  2.49164E+02  2.00000E+01  2.39400E-02  2.39400E-02
b   4    2  4    6  99  1.54096E-01  1.92171E+00 -2.37823E+01  1.73461E+02  2.00000E+01  2.71300E-02  2.71300E-02
b   4    3  4    6  99  1.72454E-01  1.69737E+00 -1.96754E+01  2.22680E+02  2.00000E+01  6.48000E-02  6.48000E-02
b   4    4  4    6  99  2.95469E-01  6.14386E-01  1.60930E+00 -5.95429E-01  2.14444E+00  2.02800E-01  2.02800E-01
b   4    5  4    6  99  2.53406E-01  1.34465E-01  2.02836E+00 -1.01537E+00  2.80648E+00  1.39300E+00  1.39300E+00
b   4    1  4    7  99  1.41990E-01  2.15750E+00 -4.05909E+01  2.70479E+02  2.00000E+01  1.52360E-02  1.52360E-02
b   4    2  4    7  99  1.60028E-01  2.01551E+00 -2.39812E+01  1.74545E+02  2.00000E+01  1.58500E-02  1.58500E-02
b   4    3  4    7  99  1.84447E-01  1.90390E+00 -2.02747E+01  2.32093E+02  2.00000E+01  3.23200E-02  3.23200E-02
b   4    4  4    7  99  3.21897E-01  9.44885E-01  1.72476E+00 -6.26395E-01  2.20446E+00  7.39100E-02  7.39100E-02
b   4    5  4    7  99  2.66391E-01  7.51956E-01  1.29387E+00 -4.02331E-01  2.09169E+00  2.31100E-01  2.31100E-01
b   4    6  4    7  99  2.54603E-01  1.13426E-01  2.52308E+00 -1.46155E+00  3.39909E+00  1.59100E+00  1.59100E+00
b   4    1  4    8  99  1.41741E-01  2.16159E+00 -3.95158E+01  2.53099E+02  2.00000E+01  1.03320E-02  1.03320E-02
b   4    2  4    8  99  1.63898E-01  2.08315E+00 -2.41295E+01  1.74916E+02  2.00000E+01  1.01700E-02  1.01700E-02
b   4    3  4    8  99  1.86177E-01  2.07482E+00 -2.03356E+01  2.21319E+02  2.00000E+01  1.88500E-02  1.88500E-02
b   4    4  4    8  99  3.37021E-01  1.20054E+00  1.73043E+00 -5.68012E-01  2.20356E+00  3.65000E-02  3.65000E-02
b   4    5  4    8  99  2.95530E-01  1.12428E+00  1.47177E+00 -5.14371E-01  2.18812E+00  8.28200E-02  8.28200E-02
b   4    6  4    8  99  2.82143E-01  6.95105E-01  2.11671E+00 -1.02567E+00  2.95004E+00  2.58000E-01  2.58000E-01
b   4    7  4    8  99  2.40308E-01  1.69347E-01  2.31200E+00 -1.32253E+00  3.40138E+00  1.78600E+00  1.78600E+00
b   4    1  4    9  99  1.49453E-01  1.91376E+00 -2.35905E+01  1.25250E+02  1.29178E+01  7.34000E-03  7.34000E-03
b   4    2  4    9  99  1.65146E-01  2.14141E+00 -2.43612E+01  1.74634E+02  2.00000E+01  6.96000E-03  6.96000E-03
b   4    3  4    9  99  1.87447E-01  2.20263E+00 -2.04223E+01  2.14577E+02  2.00000E+01  1.21200E-02  1.21200E-02
b   4    4  4    9  99  1.76946E-01  2.29019E+00 -1.65822E+01  1.71660E+02  2.00000E+01  2.12100E-02  2.12100E-02
b   4    5  4    9  99  3.11868E-01  1.42982E+00  1.49964E+00 -5.40305E-01  2.15441E+00  4.05300E-02  4.05300E-02
b   4    6  4    9  99  3.07398E-01  1.12399E+00  2.20547E+00 -1.07950E+00  2.95603E+00  9.13100E-02  9.13100E-02
b   4    7  4    9  99  2.86307E-01  6.78496E-01  2.68225E+00 -1.49241E+00  3.57706E+00  2.84800E-01  2.84800E-01
b   4    8  4    9  99  4.62766E-01  3.98663E-01  4.57247E+00 -6.73531E-01  4.11064E+00  9.91000E-01  9.91000E-01
b   4    1  4   10  98  0.00000E+00  0.00000E+00  0.00000E+00  0.00000E+00  0.00000E+00  3.63391E-03  7.26783E-05
b   4    2  4   10  99  8.09829E-02  1.16242E+00 -1.84859E+01  5.27763E+01  2.00000E+01  5.17367E-01  5.17367E-01
b   4    1  4   11  98  0.00000E+00  0.00000E+00  0.00000E+00  0.00000E+00  0.00000E+00  4.63683E-03  9.27367E-05
b   4    2  4   11  99  1.40313E-01  1.88506E+00 -5.10477E+01  4.96748E+02  2.00000E+01  1.13800E-01  1.13800E-01
b   4    3  4   11  99  8.09829E-02  1.16242E+00 -1.84859E+01  5.27763E+01  2.00000E+01  5.47800E-01  5.47800E-01
b   4   10  4   11  99  1.26155E-01  9.14337E-01 -2.08504E+01  2.42918E+02  2.00000E+01  1.59400E+00  1.59400E+00
b   4    1  4   12  98  0.00000E+00  0.00000E+00  0.00000E+00  0.00000E+00  0.00000E+00  6.48077E-03  1.29615E-04
b   4    2  4   12  99  1.34874E-01  1.91357E+00 -4.40726E+01  3.75920E+02  2.00000E+01  4.41700E-02  4.41700E-02
b   4    4  4   12  99  8.09829E-02  1.16242E+00 -1.84859E+01  5.27763E+01  2.00000E+01  5.47800E-01  5.47800E-01
b   4   10  4   12  99  1.16794E-01  1.40172E+00 -1.90900E+01  1.30556E+02  2.00000E+01  3.01400E-01  3.01400E-01
b   4   11  4   12  99  2.66487E-01  6.33176E-02  1.63955E+00 -6.66514E-01  2.10369E+00  1.00900E+00  1.00900E+00
b   4    1  4   13  98  0.00000E+00  0.00000E+00  0.00000E+00  0.00000E+00  0.00000E+00  8.80668E-03  1.76134E-04
b   4    2  4   13  99  1.38884E-01  2.08089E+00 -4.06766E+01  2.80893E+02  2.00000E+01  2.05900E-02  2.05900E-02
b   4    5  4   13  99  8.09829E-02  1.16242E+00 -1.84859E+01  5.27763E+01  2.00000E+01  5.47800E-01  5.47800E-01
b   4   10  4   13  99  1.44866E-01  1.78071E+00 -2.34416E+01  1.71691E+02  2.00000E+01  1.07840E-01  1.07840E-01
b   4   11  4   13  99  1.48659E-01  1.41342E+00 -1.86274E+01  1.99703E+02  2.00000E+01  1.74200E-01  1.74200E-01
b   4   12  4   13  99  2.40414E-01  2.07034E-01  1.25653E+00 -3.79616E-01  2.01914E+00  1.18500E+00  1.18500E+00
b   4    1  4   14  98  0.00000E+00  0.00000E+00  0.00000E+00  0.00000E+00  0.00000E+00  1.15784E-02  2.31567E-04
b   4    2  4   14  99  1.38865E-01  2.10052E+00 -3.88552E+01  2.49164E+02  2.00000E+01  1.19700E-02  1.19700E-02
b   4    6  4   14  99  8.09829E-02  1.16242E+00 -1.84859E+01  5.27763E+01  2.00000E+01  5.47800E-01  5.47800E-01
b   4   10  4   14  99  1.54096E-01  1.92171E+00 -2.37823E+01  1.73461E+02  2.00000E+01  5.42600E-02  5.42600E-02
b   4   11  4   14  99  1.72454E-01  1.69737E+00 -1.96754E+01  2.22680E+02  2.00000E+01  6.48000E-02  6.48000E-02
b   4   12  4   14  99  2.95469E-01  6.14386E-01  1.60930E+00 -5.95429E-01  2.14444E+00  2.02800E-01  2.02800E-01
b   4   13  4   14  99  2.53406E-01  1.34465E-01  2.02836E+00 -1.01537E+00  2.80648E+00  1.39300E+00  1.39300E+00
b   4    1  4   15  98  0.00000E+00  0.00000E+00  0.00000E+00  0.00000E+00  0.00000E+00  1.47884E-02  2.95769E-04
b   4    2  4   15  99  1.41990E-01  2.15750E+00 -4.05909E+01  2.70479E+02  2.00000E+01  7.61800E-03  7.61800E-03
b   4    7  4   15  99  8.09829E-02  1.16242E+00 -1.84859E+01  5.27763E+01  2.00000E+01  5.47800E-01  5.47800E-01
b   4   10  4   15  99  1.60028E-01  2.01551E+00 -2.39812E+01  1.74545E+02  2.00000E+01  3.17000E-02  3.17000E-02
b   4   11  4   15  99  1.84447E-01  1.90390E+00 -2.02747E+01  2.32093E+02  2.00000E+01  3.23200E-02  3.23200E-02
b   4   12  4   15  99  3.21897E-01  9.44885E-01  1.72476E+00 -6.26395E-01  2.20446E+00  7.39100E-02  7.39100E-02
b   4   13  4   15  99  2.66391E-01  7.51956E-01  1.29387E+00 -4.02331E-01  2.09169E+00  2.31100E-01  2.31100E-01
b   4   14  4   15  99  2.54603E-01  1.13426E-01  2.52308E+00 -1.46155E+00  3.39909E+00  1.59100E+00  1.59100E+00
b   4    1  4   16  98  0.00000E+00  0.00000E+00  0.00000E+00  0.00000E+00  0.00000E+00  1.84385E-02  3.68770E-04
b   4    2  4   16  99  1.41741E-01  2.16159E+00 -3.95158E+01  2.53099E+02  2.00000E+01  5.16600E-03  5.16600E-03
b   4    8  4   16  99  8.09829E-02  1.16242E+00 -1.84859E+01  5.27763E+01  2.00000E+01  5.47800E-01  5.47800E-01
b   4   10  4   16  99  1.63898E-01  2.08315E+00 -2.41295E+01  1.74916E+02  2.00000E+01  2.03400E-02  2.03400E-02
b   4   11  4   16  99  1.86177E-01  2.07482E+00 -2.03356E+01  2.21319E+02  2.00000E+01  1.88500E-02  1.88500E-02
b   4   12  4   16  99  3.37021E-01  1.20054E+00  1.73043E+00 -5.68012E-01  2.20356E+00  3.65000E-02  3.65000E-02
b   4   13  4   16  99  2.95530E-01  1.12428E+00  1.47177E+00 -5.14371E-01  2.18812E+00  8.28200E-02  8.28200E-02
b   4   14  4   16  99  2.82143E-01  6.95105E-01  2.11671E+00 -1.02567E+00  2.95004E+00  2.58000E-01  2.58000E-01
b   4   15  4   16  99  2.40308E-01  1.69347E-01  2.31200E+00 -1.32253E+00  3.40138E+00  1.78600E+00  1.78600E+00
b   4    1  4   17  98  0.00000E+00  0.00000E+00  0.00000E+00  0.00000E+00  0.00000E+00  2.25238E-02  4.50476E-04
b   4    2  4   17  99  1.49453E-01  1.91376E+00 -2.35905E+01  1.25250E+02  1.29178E+01  3.67000E-03  3.67000E-03
b   4    9  4   17  99  8.09829E-02  1.16242E+00 -1.84859E+01  5.27763E+01  2.00000E+01  5.47800E-01  5.47800E-01
b   4   10  4   17  99  1.65146E-01  2.14141E+00 -2.43612E+01  1.74634E+02  2.00000E+01  1.39200E-02  1.39200E-02
b   4   11  4   17  99  1.87447E-01  2.20263E+00 -2.04223E+01  2.14577E+02  2.00000E+01  1.21200E-02  1.21200E-02
b   4   12  4   17  99  1.76946E-01  2.29019E+00 -1.65822E+01  1.71660E+02  2.00000E+01  2.12100E-02  2.12100E-02
b   4   13  4   17  99  3.11868E-01  1.42982E+00  1.49964E+00 -5.40305E-01  2.15441E+00  4.05300E-02  4.05300E-02
b   4   14  4   17  99  3.07398E-01  1.12399E+00  2.20547E+00 -1.07950E+00  2.95603E+00  9.13100E-02  9.13100E-02
b   4   15  4   17  99  2.86307E-01  6.78496E-01  2.68225E+00 -1.49241E+00  3.57706E+00  2.84800E-01  2.84800E-01
b   4   16  4   17  99  4.62766E-01  3.98663E-01  4.57247E+00 -6.73531E-01  4.11064E+00  9.91000E-01  9.91000E-01
b   4    1  4   18  99  3.85534E-01  9.76956E-02 -3.65221E+00  2.27223E+01  3.92858E+00  4.96350E-01  4.96350E-01
b   4    1  4   19  99  3.72348E-01  2.41898E-01 -3.79246E+00  2.11575E+01  3.88305E+00  1.28160E-01  1.28160E-01
b   4    2  4   19  99  3.85534E-01  9.76956E-02 -3.65221E+00  2.27223E+01  3.92858E+00  5.79075E-01  5.79075E-01
b   4   18  4   19  99  8.09829E-02  1.16242E+00 -1.84859E+01  5.27763E+01  2.00000E+01  1.64340E+00  1.64340E+00
b   4    1  4   20  99  3.68614E-01  3.01400E-01 -3.93310E+00  2.09807E+01  3.88140E+00  4.77400E-02  4.77400E-02
b   4    3  4   20  99  3.85534E-01  9.76956E-02 -3.65221E+00  2.27223E+01  3.92858E+00  5.79075E-01  5.79075E-01
b   4   18  4   20  99  1.40313E-01  1.88506E+00 -5.10477E+01  4.96748E+02  2.00000E+01  3.41400E-01  3.41400E-01
b   4   19  4   20  99  1.26155E-01  9.14337E-01 -2.08504E+01  2.42918E+02  2.00000E+01  7.97000E-01  7.97000E-01
b   4    1  4   21  99  3.64212E-01  3.24737E-01 -3.94853E+00  2.06533E+01  3.87466E+00  2.31200E-02  2.31200E-02
b   4    4  4   21  99  3.85534E-01  9.76956E-02 -3.65221E+00  2.27223E+01  3.92858E+00  5.79075E-01  5.79075E-01
b   4   18  4   21  99  1.34874E-01  1.91357E+00 -4.40726E+01  3.75920E+02  2.00000E+01  1.32510E-01  1.32510E-01
b   4   19  4   21  99  1.16794E-01  1.40172E+00 -1.90900E+01  1.30556E+02  2.00000E+01  1.50700E-01  1.50700E-01
b   4   20  4   21  99  2.66487E-01  6.33176E-02  1.63955E+00 -6.66514E-01  2.10369E+00  1.00900E+00  1.00900E+00
b   4    1  4   22  99  3.99857E-01  3.70020E-01 -4.47150E+00  2.30186E+01  3.88110E+00  1.20500E-02  1.20500E-02
b   4    5  4   22  99  3.85534E-01  9.76956E-02 -3.65221E+00  2.27223E+01  3.92858E+00  5.79075E-01  5.79075E-01
b   4   18  4   22  99  1.38884E-01  2.08089E+00 -4.06766E+01  2.80893E+02  2.00000E+01  6.17700E-02  6.17700E-02
b   4   19  4   22  99  1.44866E-01  1.78071E+00 -2.34416E+01  1.71691E+02  2.00000E+01  5.39200E-02  5.39200E-02
b   4   20  4   22  99  1.48659E-01  1.41342E+00 -1.86274E+01  1.99703E+02  2.00000E+01  1.74200E-01  1.74200E-01
b   4   21  4   22  99  2.40414E-01  2.07034E-01  1.25653E+00 -3.79616E-01  2.01914E+00  1.18500E+00  1.18500E+00
b   4    1  4   23  99  3.97737E-01  3.77358E-01 -4.49159E+00  2.30053E+01  3.88671E+00  7.44800E-03  7.44800E-03
b   4    6  4   23  99  3.85534E-01  9.76956E-02 -3.65221E+00  2.27223E+01  3.92858E+00  5.79075E-01  5.79075E-01
b   4   18  4   23  99  1.38865E-01  2.10052E+00 -3.88552E+01  2.49164E+02  2.00000E+01  3.59100E-02  3.59100E-02
b   4   19  4   23  99  1.54096E-01  1.92171E+00 -2.37823E+01  1.73461E+02  2.00000E+01  2.71300E-02  2.71300E-02
b   4   20  4   23  99  1.72454E-01  1.69737E+00 -1.96754E+01  2.22680E+02  2.00000E+01  6.48000E-02  6.48000E-02
b   4   21  4   23  99  2.95469E-01  6.14386E-01  1.60930E+00 -5.95429E-01  2.14444E+00  2.02800E-01  2.02800E-01
b   4   22  4   23  99  2.53406E-01  1.34465E-01  2.02836E+00 -1.01537E+00  2.80648E+00  1.39300E+00  1.39300E+00
b   4    1  4   24  99  3.94660E-01  3.85134E-01 -4.48455E+00  2.27796E+01  3.88146E+00  4.92600E-03  4.92600E-03
b   4    7  4   24  99  3.85534E-01  9.76956E-02 -3.65221E+00  2.27223E+01  3.92858E+00  5.79075E-01  5.79075E-01
b   4   18  4   24  99  1.41990E-01  2.15750E+00 -4.05909E+01  2.70479E+02  2.00000E+01  2.28540E-02  2.28540E-02
b   4   19  4   24  99  1.60028E-01  2.01551E+00 -2.39812E+01  1.74545E+02  2.00000E+01  1.58500E-02  1.58500E-02
b   4   20  4   24  99  1.84447E-01  1.90390E+00 -2.02747E+01  2.32093E+02  2.00000E+01  3.23200E-02  3.23200E-02
b   4   21  4   24  99  3.21897E-01  9.44885E-01  1.72476E+00 -6.26395E-01  2.20446E+00  7.39100E-02  7.39100E-02
b   4   22  4   24  99  2.66391E-01  7.51956E-01  1.29387E+00 -4.02331E-01  2.09169E+00  2.31100E-01  2.31100E-01
b   4   23  4   24  99  2.54603E-01  1.13426E-01  2.52308E+00 -1.46155E+00  3.39909E+00  1.59100E+00  1.59100E+00
b   4    1  4   25  99  3.94253E-01  3.85965E-01 -4.48411E+00  2.27878E+01  3.88525E+00  3.42600E-03  3.42600E-03
b   4    8  4   25  99  3.85534E-01  9.76956E-02 -3.65221E+00  2.27223E+01  3.92858E+00  5.79075E-01  5.79075E-01
b   4   18  4   25  99  1.41741E-01  2.16159E+00 -3.95158E+01  2.53099E+02  2.00000E+01  1.54980E-02  1.54980E-02
b   4   19  4   25  99  1.63898E-01  2.08315E+00 -2.41295E+01  1.74916E+02  2.00000E+01  1.01700E-02  1.01700E-02
b   4   20  4   25  99  1.86177E-01  2.07482E+00 -2.03356E+01  2.21319E+02  2.00000E+01  1.88500E-02  1.88500E-02
b   4   21  4   25  99  3.37021E-01  1.20054E+00  1.73043E+00 -5.68012E-01  2.20356E+00  3.65000E-02  3.65000E-02
b   4   22  4   25  99  2.95530E-01  1.12428E+00  1.47177E+00 -5.14371E-01  2.18812E+00  8.28200E-02  8.28200E-02
b   4   23  4   25  99  2.82143E-01  6.95105E-01  2.11671E+00 -1.02567E+00  2.95004E+00  2.58000E-01  2.58000E-01
b   4   24  4   25  99  2.40308E-01  1.69347E-01  2.31200E+00 -1.32253E+00  3.40138E+00  1.78600E+00  1.78600E+00
b   4    1  4   26  99  3.94588E-01  3.84098E-01 -4.46318E+00  2.27130E+01  3.88018E+00  2.47800E-03  2.47800E-03
b   4    9  4   26  99  3.85534E-01  9.76956E-02 -3.65221E+00  2.27223E+01  3.92858E+00  5.79075E-01  5.79075E-01
b   4   18  4   26  99  1.49453E-01  1.91376E+00 -2.35905E+01  1.25250E+02  1.29178E+01  1.10100E-02  1.10100E-02
b   4   19  4   26  99  1.65146E-01  2.14141E+00 -2.43612E+01  1.74634E+02  2.00000E+01  6.96000E-03  6.96000E-03
b   4   20  4   26  99  1.87447E-01  2.20263E+00 -2.04223E+01  2.14577E+02  2.00000E+01  1.21200E-02  1.21200E-02
b   4   21  4   26  99  1.76946E-01  2.29019E+00 -1.65822E+01  1.71660E+02  2.00000E+01  2.12100E-02  2.12100E-02
b   4   22  4   26  99  3.11868E-01  1.42982E+00  1.49964E+00 -5.40305E-01  2.15441E+00  4.05300E-02  4.05300E-02
b   4   23  4   26  99  3.07398E-01  1.12399E+00  2.20547E+00 -1.07950E+00  2.95603E+00  9.13100E-02  9.13100E-02
b   4   24  4   26  99  2.86307E-01  6.78496E-01  2.68225E+00 -1.49241E+00  3.57706E+00  2.84800E-01  2.84800E-01
b   4   25  4   26  99  4.62766E-01  3.98663E-01  4.57247E+00 -6.73531E-01  4.11064E+00  9.91000E-01  9.91000E-01
f   4    1  3    1  99  2.00000E+00  1.38221E+01
p   4    1  3    1  98  1.28310E+00 -2.67740E+00 -4.91510E-02 -1.40120E-03  2.00000E+00  6.41500E+02  6.67200E+02  1.28300E+04
f   4    2  3    1  99  1.00000E+00  1.31280E+01
p   4    2  3    1  99  1.00000E+00  1.31280E+01
f   4    3  3    1  99  1.00000E+00  1.30370E+01
p   4    3  3    1  99  1.00000E+00  1.30370E+01
f   4    4  3    1  99  1.00000E+00  1.30081E+01
p   4    4  3    1  99  1.00000E+00  1.30081E+01
f   4    5  3    1  99  1.00000E+00  1.30180E+01
p   4    5  3    1  99  1.00000E+00  1.30180E+01
f   4    6  3    1  99  1.00000E+00  1.30120E+01
p   4    6  3    1  99  1.00000E+00  1.30120E+01
f   4    7  3    1  99  1.00000E+00  1.30012E+01
p   4    7  3    1  99  1.00000E+00  1.30012E+01
f   4    8  3    1  99  1.00000E+00  1.30012E+01
p   4    8  3    1  99  1.00000E+00  1.30012E+01
f   4    9  3    1  99  1.00000E+00  1.30003E+01
p   4    9  3    1  99  1.00000E+00  1.30003E+01
f   4    2  3    2  99  1.00000E+00  1.31280E+01
p   4    2  3    2  98  1.28310E+00 -2.67740E+00 -4.91510E-02 -1.40120E-03  2.00000E+00  6.41500E+02  6.67200E+02  1.28300E+04
f   4   10  3    2  99  2.00000E+00  1.36920E+01
p   4   10  3    2  99  2.00000E+00  1.36920E+01
f   4   11  3    2  99  1.00000E+00  1.30937E+01
p   4   11  3    2  99  1.00000E+00  1.30937E+01
f   4   12  3    2  99  1.00000E+00  1.30264E+01
p   4   12  3    2  99  1.00000E+00  1.30264E+01
f   4   13  3    2  99  1.00000E+00  1.30240E+01
p   4   13  3    2  99  1.00000E+00  1.30240E+01
f   4   14  3    2  99  1.00000E+00  1.30160E+01
p   4   14  3    2  99  1.00000E+00  1.30160E+01
f   4   15  3    2  99  1.00000E+00  1.30102E+01
p   4   15  3    2  99  1.00000E+00  1.30102E+01
f   4   16  3    2  99  1.00000E+00  1.30082E+01
p   4   16  3    2  99  1.00000E+00  1.30082E+01
f   4   17  3    2  99  1.00000E+00  1.30003E+01
p   4   17  3    2  99  1.00000E+00  1.30003E+01
f   4    3  3    3  99  1.00000E+00  1.30370E+01
p   4    3  3    3  98  1.28310E+00 -2.67740E+00 -4.91510E-02 -1.40120E-03  2.00000E+00  6.41500E+02  6.67200E+02  1.28300E+04
f   4   11  3    3  99  1.00000E+00  1.30937E+01
p   4   11  3    3  99  1.00000E+00  1.30937E+01
f   4    4  3    4  99  1.00000E+00  1.30081E+01
p   4    4  3    4  98  1.28310E+00 -2.67740E+00 -4.91510E-02 -1.40120E-03  2.00000E+00  6.41500E+02  6.67200E+02  1.28300E+04
f   4   12  3    4  99  1.00000E+00  1.30264E+01
p   4   12  3    4  99  1.00000E+00  1.30264E+01
f   4    5  3    5  99  1.00000E+00  1.30180E+01
p   4    5  3    5  98  1.28310E+00 -2.67740E+00 -4.91510E-02 -1.40120E-03  2.00000E+00  6.41500E+02  6.67200E+02  1.28300E+04
f   4   13  3    5  99  1.00000E+00  1.30240E+01
p   4   13  3    5  99  1.00000E+00  1.30240E+01
f   4    6  3    6  99  1.00000E+00  1.30120E+01
p   4    6  3    6  98  1.28310E+00 -2.67740E+00 -4.91510E-02 -1.40120E-03  2.00000E+00  6.41500E+02  6.67200E+02  1.28300E+04
f   4   14  3    6  99  1.00000E+00  1.30160E+01
p   4   14  3    6  99  1.00000E+00  1.30160E+01
f   4    7  3    7  99  1.00000E+00  1.30012E+01
p   4    7  3    7  98  1.28310E+00 -2.67740E+00 -4.91510E-02 -1.40120E-03  2.00000E+00  6.41500E+02  6.67200E+02  1.28300E+04
f   4   15  3    7  99  1.00000E+00  1.30102E+01
p   4   15  3    7  99  1.00000E+00  1.30102E+01
f   4    8  3    8  99  1.00000E+00  1.30012E+01
p   4    8  3    8  98  1.28310E+00 -2.67740E+00 -4.91510E-02 -1.40120E-03  2.00000E+00  6.41500E+02  6.67200E+02  1.28300E+04
f   4   16  3    8  99  1.00000E+00  1.30082E+01
p   4   16  3    8  99  1.00000E+00  1.30082E+01
f   4    9  3    9  99  1.00000E+00  1.30003E+01
p   4    9  3    9  98  1.28310E+00 -2.67740E+00 -4.91510E-02 -1.40120E-03  2.00000E+00  6.41500E+02  6.67200E+02  1.28300E+04
f   4   17  3    9  99  1.00000E+00  1.30003E+01
p   4   17  3    9  99  1.00000E+00  1.30003E+01
f   4    1  3   10  99  2.00000E+00  1.38221E+01
p   4    1  3   10  98  1.99010E+00 -2.57050E+00 -1.62870E-01  1.40360E-02  2.00000E+00  3.00800E+03  3.12800E+03  6.01500E+04
f   4   18  3   10  99  3.00000E+00  1.44582E+01
p   4   18  3   10  98  1.28310E+00 -2.67740E+00 -4.91510E-02 -1.40120E-03  2.00000E+00  6.41500E+02  6.67200E+02  1.28300E+04
f   4   19  3   10  99  1.00000E+00  1.32080E+01
p   4   19  3   10  99  1.00000E+00  1.32080E+01
f   4   20  3   10  99  1.00000E+00  1.30602E+01
p   4   20  3   10  99  1.00000E+00  1.30602E+01
f   4   21  3   10  99  1.00000E+00  1.30072E+01
p   4   21  3   10  99  1.00000E+00  1.30072E+01
f   4   22  3   10  99  1.00000E+00  1.30270E+01
p   4   22  3   10  99  1.00000E+00  1.30270E+01
f   4   23  3   10  99  1.00000E+00  1.30210E+01
p   4   23  3   10  99  1.00000E+00  1.30210E+01
f   4   24  3   10  99  1.00000E+00  1.30021E+01
p   4   24  3   10  99  1.00000E+00  1.30021E+01
f   4   25  3   10  99  1.00000E+00  1.30021E+01
p   4   25  3   10  99  1.00000E+00  1.30021E+01
f   4   26  3   10  99  1.00000E+00  1.30003E+01
p   4   26  3   10  99  1.00000E+00  1.30003E+01
f   4    2  3   11  99  2.00000E+00  1.31280E+01
p   4    2  3   11  98  1.99010E+00 -2.57050E+00 -1.62870E-01  1.40360E-02  2.00000E+00  3.00800E+03  3.12800E+03  6.01500E+04
f   4   19  3   11  99  2.00000E+00  1.32080E+01
p   4   19  3   11  98  1.28310E+00 -2.67740E+00 -4.91510E-02 -1.40120E-03  2.00000E+00  6.41500E+02  6.67200E+02  1.28300E+04
f   4    3  3   12  99  2.00000E+00  1.30370E+01
p   4    3  3   12  98  1.99010E+00 -2.57050E+00 -1.62870E-01  1.40360E-02  2.00000E+00  3.00800E+03  3.12800E+03  6.01500E+04
f   4   20  3   12  99  2.00000E+00  1.30602E+01
p   4   20  3   12  98  1.28310E+00 -2.67740E+00 -4.91510E-02 -1.40120E-03  2.00000E+00  6.41500E+02  6.67200E+02  1.28300E+04
f   4    4  3   13  99  2.00000E+00  1.30081E+01
p   4    4  3   13  98  1.99010E+00 -2.57050E+00 -1.62870E-01  1.40360E-02  2.00000E+00  3.00800E+03  3.12800E+03  6.01500E+04
f   4   21  3   13  99  2.00000E+00  1.30072E+01
p   4   21  3   13  98  1.28310E+00 -2.67740E+00 -4.91510E-02 -1.40120E-03  2.00000E+00  6.41500E+02  6.67200E+02  1.28300E+04
f   4    5  3   14  99  2.00000E+00  1.30180E+01
p   4    5  3   14  98  1.99010E+00 -2.57050E+00 -1.62870E-01  1.40360E-02  2.00000E+00  3.00800E+03  3.12800E+03  6.01500E+04
f   4   22  3   14  99  2.00000E+00  1.30270E+01
p   4   22  3   14  98  1.28310E+00 -2.67740E+00 -4.91510E-02 -1.40120E-03  2.00000E+00  6.41500E+02  6.67200E+02  1.28300E+04
f   4    6  3   15  99  2.00000E+00  1.30120E+01
p   4    6  3   15  98  1.99010E+00 -2.57050E+00 -1.62870E-01  1.40360E-02  2.00000E+00  3.00800E+03  3.12800E+03  6.01500E+04
f   4   23  3   15  99  2.00000E+00  1.30210E+01
p   4   23  3   15  98  1.28310E+00 -2.67740E+00 -4.91510E-02 -1.40120E-03  2.00000E+00  6.41500E+02  6.67200E+02  1.28300E+04
f   4    7  3   16  99  2.00000E+00  1.30012E+01
p   4    7  3   16  98  1.99010E+00 -2.57050E+00 -1.62870E-01  1.40360E-02  2.00000E+00  3.00800E+03  3.12800E+03  6.01500E+04
f   4   24  3   16  99  2.00000E+00  1.30021E+01
p   4   24  3   16  98  1.28310E+00 -2.67740E+00 -4.91510E-02 -1.40120E-03  2.00000E+00  6.41500E+02  6.67200E+02  1.28300E+04
f   4    8  3   17  99  2.00000E+00  1.30012E+01
p   4    8  3   17  98  1.99010E+00 -2.57050E+00 -1.62870E-01  1.40360E-02  2.00000E+00  3.00800E+03  3.12800E+03  6.01500E+04
f   4   25  3   17  99  2.00000E+00  1.30021E+01
p   4   25  3   17  98  1.28310E+00 -2.67740E+00 -4.91510E-02 -1.40120E-03  2.00000E+00  6.41500E+02  6.67200E+02  1.28300E+04
f   4    9  3   18  99  2.00000E+00  1.30003E+01
p   4    9  3   18  98  1.99010E+00 -2.57050E+00 -1.62870E-01  1.40360E-02  2.00000E+00  3.00800E+03  3.12800E+03  6.01500E+04
f   4   26  3   18  99  2.00000E+00  1.30003E+01
p   4   26  3   18  98  1.28310E+00 -2.67740E+00 -4.91510E-02 -1.40120E-03  2.00000E+00  6.41500E+02  6.67200E+02  1.28300E+04
a   4   10  3    1   2.40948E+14
a   4   11  3    1   4.90170E+13
a   4   12  3    1   1.60632E+13
a   4   13  3    1   6.52170E+12
a   4   14  3    1   3.01740E+12
a   4   15  3    1   1.54761E+12
a   4   16  3    1   8.58810E+11
a   4   17  3    1   5.07120E+11
a   4   18  3    1   1.16763E+14
a   4   19  3    1   7.74420E+12
a   4   20  3    1   1.79430E+12
a   4   21  3    1   5.78980E+11
a   4   22  3    1   2.31530E+11
a   4   23  3    1   1.07120E+11
a   4   24  3    1   5.49440E+10
a   4   25  3    1   3.04900E+10
a   4   26  3    1   1.80040E+10
a   4   19  3    2   3.89210E+13
a   4   20  3    3   3.89210E+13
a   4   21  3    4   3.89210E+13
a   4   22  3    5   3.89210E+13
a   4   23  3    6   3.89210E+13
a   4   24  3    7   3.89210E+13
a   4   25  3    8   3.89210E+13
a   4   26  3    9   3.89210E+13
b   5    1  5    2  99  7.96822E-02  1.11328E+00 -1.39122E+01 -1.29003E+01  2.00000E+01  1.48770E+00  1.48770E+00
b   5    1  5    3  99  1.49182E-01  1.91141E+00 -5.60433E+01  5.84574E+02  2.00000E+01  3.32400E-01  3.32400E-01
b   5    2  5    3  99  1.19260E-01  9.10334E-01 -1.93727E+01  2.17274E+02  2.00000E+01  7.67100E-01  7.67100E-01
b   5    1  5    4  99  1.40585E-01  1.89700E+00 -4.81571E+01  4.55495E+02  2.00000E+01  1.31820E-01  1.31820E-01
b   5    2  5    4  99  1.15020E-01  1.34366E+00 -1.76548E+01  1.20157E+02  2.00000E+01  1.50700E-01  1.50700E-01
b   5    3  5    4  99  2.55337E-01  1.01603E-01  1.50917E+00 -5.45579E-01  2.10677E+00  9.89000E-01  9.89000E-01
b   5    1  5    5  99  1.47464E-01  2.09680E+00 -4.77320E+01  4.04470E+02  2.00000E+01  6.18300E-02  6.18300E-02
b   5    2  5    5  99  1.41765E-01  1.74938E+00 -2.21591E+01  1.55136E+02  2.00000E+01  5.37400E-02  5.37400E-02
b   5    3  5    5  99  1.45766E-01  1.40614E+00 -1.74889E+01  1.84171E+02  2.00000E+01  1.72100E-01  1.72100E-01
b   5    4  5    5  99  2.72213E-01  7.53976E-02  2.26089E+00 -1.16775E+00  2.81974E+00  1.16400E+00  1.16400E+00
b   5    1  5    6  99  1.47829E-01  2.13411E+00 -4.73940E+01  3.93371E+02  2.00000E+01  3.61200E-02  3.61200E-02
b   5    2  5    6  99  1.51578E-01  1.88479E+00 -2.30411E+01  1.66442E+02  2.00000E+01  2.72400E-02  2.72400E-02
b   5    3  5    6  99  1.64257E-01  1.70277E+00 -1.87296E+01  2.01956E+02  2.00000E+01  6.46400E-02  6.46400E-02
b   5    4  5    6  99  2.87224E-01  6.51007E-01  1.52879E+00 -5.56318E-01  2.14789E+00  2.00800E-01  2.00800E-01
b   5    5  5    6  99  2.46912E-01  1.69170E-01  1.92897E+00 -9.48448E-01  2.80356E+00  1.37900E+00  1.37900E+00
b   5    1  5    7  99  1.46076E-01  2.11746E+00 -4.46467E+01  3.51184E+02  2.00000E+01  2.30580E-02  2.30580E-02
b   5    2  5    7  99  1.57512E-01  1.97496E+00 -2.35565E+01  1.72923E+02  2.00000E+01  1.59900E-02  1.59900E-02
b   5    3  5    7  99  1.73798E-01  1.90534E+00 -1.91155E+01  2.04807E+02  2.00000E+01  3.24200E-02  3.24200E-02
b   5    4  5    7  99  3.12276E-01  9.78791E-01  1.63533E+00 -6.34158E-01  2.16028E+00  7.35600E-02  7.35600E-02
b   5    5  5    7  99  2.93148E-01  6.37114E-01  2.23732E+00 -1.12365E+00  2.92399E+00  2.29400E-01  2.29400E-01
b   5    6  5    7  99  2.49089E-01  1.46030E-01  2.41538E+00 -1.38854E+00  3.38408E+00  1.58000E+00  1.58000E+00
b   5    1  5    8  99  1.44595E-01  2.11366E+00 -4.30411E+01  3.24839E+02  2.00000E+01  1.56660E-02  1.56660E-02
b   5    2  5    8  99  1.63460E-01  2.03256E+00 -2.40231E+01  1.82263E+02  2.00000E+01  1.02900E-02  1.02900E-02
b   5    3  5    8  99  1.89607E-01  2.01052E+00 -1.95485E+01  2.26931E+02  2.00000E+01  1.89800E-02  1.89800E-02
b   5    4  5    8  99  3.27166E-01  1.22695E+00  1.65869E+00 -5.89018E-01  2.18309E+00  3.64500E-02  3.64500E-02
b   5    5  5    8  99  2.85983E-01  1.16409E+00  1.33954E+00 -4.56087E-01  2.09692E+00  8.24500E-02  8.24500E-02
b   5    6  5    8  99  2.75659E-01  7.29430E-01  2.01804E+00 -9.71898E-01  2.92665E+00  2.56600E-01  2.56600E-01
b   5    7  5    8  99  2.37916E-01  1.86332E-01  2.37335E+00 -3.81042E-01  4.08667E+00  1.77800E+00  1.77800E+00
b   5    1  5    9  99  1.47234E-01  2.13703E+00 -4.40990E+01  3.40846E+02  2.00000E+01  1.11420E-02  1.11420E-02
b   5    2  5    9  99  1.64133E-01  2.08299E+00 -2.39314E+01  1.76895E+02  2.00000E+01  7.05500E-03  7.05500E-03
b   5    3  5    9  99  1.93465E-01  2.12230E+00 -1.98422E+01  2.29120E+02  2.00000E+01  1.22300E-02  1.22300E-02
b   5    4  5    9  99  3.37380E-01  1.41553E+00  1.66609E+00 -5.72259E-01  2.17153E+00  2.12300E-02  2.12300E-02
b   5    5  5    9  99  3.05294E-01  1.45066E+00  1.47665E+00 -5.16412E-01  2.21527E+00  4.04400E-02  4.04400E-02
b   5    6  5    9  99  3.00564E-01  1.15578E+00  2.12205E+00 -9.81437E-01  2.98496E+00  9.09300E-02  9.09300E-02
b   5    7  5    9  99  2.79980E-01  7.13261E-01  2.56099E+00 -1.45397E+00  3.53828E+00  2.83500E-01  2.83500E-01
b   5    8  5    9  99  4.42206E-01  4.36678E-01  4.28735E+00 -6.03099E-01  4.09386E+00  1.01700E+00  1.01700E+00
b   5    1  5   10  98  0.00000E+00  0.00000E+00  0.00000E+00  0.00000E+00  0.00000E+00  1.31263E-02  2.62527E-04
b   5    2  5   10  99  7.96822E-02  1.11328E+00 -1.39122E+01 -1.29003E+01  2.00000E+01  9.36700E-01  9.36700E-01
b   5    1  5   11  98  0.00000E+00  0.00000E+00  0.00000E+00  0.00000E+00  0.00000E+00  1.70176E-02  3.40352E-04
b   5    2  5   11  99  1.49182E-01  1.91141E+00 -5.60433E+01  5.84574E+02  2.00000E+01  2.21600E-01  2.21600E-01
b   5    3  5   11  99  7.96822E-02  1.11328E+00 -1.39122E+01 -1.29003E+01  2.00000E+01  9.91800E-01  9.91800E-01
b   5   10  5   11  99  1.19260E-01  9.10334E-01 -1.93727E+01  2.17274E+02  2.00000E+01  1.53420E+00  1.53420E+00
b   5    1  5   12  98  0.00000E+00  0.00000E+00  0.00000E+00  0.00000E+00  0.00000E+00  2.38440E-02  4.76880E-04
b   5    2  5   12  99  1.40585E-01  1.89700E+00 -4.81571E+01  4.55495E+02  2.00000E+01  8.78800E-02  8.78800E-02
b   5    4  5   12  99  7.96822E-02  1.11328E+00 -1.39122E+01 -1.29003E+01  2.00000E+01  9.91800E-01  9.91800E-01
b   5   10  5   12  99  1.15020E-01  1.34366E+00 -1.76548E+01  1.20157E+02  2.00000E+01  3.01400E-01  3.01400E-01
b   5   11  5   12  99  2.55337E-01  1.01603E-01  1.50917E+00 -5.45579E-01  2.10677E+00  9.89000E-01  9.89000E-01
b   5    1  5   13  98  0.00000E+00  0.00000E+00  0.00000E+00  0.00000E+00  0.00000E+00  3.24736E-02  6.49473E-04
b   5    2  5   13  99  1.47464E-01  2.09680E+00 -4.77320E+01  4.04470E+02  2.00000E+01  4.12200E-02  4.12200E-02
b   5    5  5   13  99  7.96822E-02  1.11328E+00 -1.39122E+01 -1.29003E+01  2.00000E+01  9.91800E-01  9.91800E-01
b   5   10  5   13  99  1.41765E-01  1.74938E+00 -2.21591E+01  1.55136E+02  2.00000E+01  1.07480E-01  1.07480E-01
b   5   11  5   13  99  1.45766E-01  1.40614E+00 -1.74889E+01  1.84171E+02  2.00000E+01  1.72100E-01  1.72100E-01
b   5   12  5   13  99  2.72213E-01  7.53976E-02  2.26089E+00 -1.16775E+00  2.81974E+00  1.16400E+00  1.16400E+00
b   5    1  5   14  98  0.00000E+00  0.00000E+00  0.00000E+00  0.00000E+00  0.00000E+00  4.27400E-02  8.54800E-04
b   5    2  5   14  99  1.47829E-01  2.13411E+00 -4.73940E+01  3.93371E+02  2.00000E+01  2.40800E-02  2.40800E-02
b   5    6  5   14  99  7.96822E-02  1.11328E+00 -1.39122E+01 -1.29003E+01  2.00000E+01  9.91800E-01  9.91800E-01
b   5   10  5   14  99  1.51578E-01  1.88479E+00 -2.30411E+01  1.66442E+02  2.00000E+01  5.44800E-02  5.44800E-02
b   5   11  5   14  99  1.64257E-01  1.70277E+00 -1.87296E+01  2.01956E+02  2.00000E+01  6.46400E-02  6.46400E-02
b   5   12  5   14  99  2.87224E-01  6.51007E-01  1.52879E+00 -5.56318E-01  2.14789E+00  2.00800E-01  2.00800E-01
b   5   13  5   14  99  2.46912E-01  1.69170E-01  1.92897E+00 -9.48448E-01  2.80356E+00  1.37900E+00  1.37900E+00
b   5    1  5   15  98  0.00000E+00  0.00000E+00  0.00000E+00  0.00000E+00  0.00000E+00  5.46230E-02  1.09246E-03
b   5    2  5   15  99  1.46076E-01  2.11746E+00 -4.46467E+01  3.51184E+02  2.00000E+01  1.53720E-02  1.53720E-02
b   5    7  5   15  99  7.96822E-02  1.11328E+00 -1.39122E+01 -1.29003E+01  2.00000E+01  9.91800E-01  9.91800E-01
b   5   10  5   15  99  1.57512E-01  1.97496E+00 -2.35565E+01  1.72923E+02  2.00000E+01  3.19800E-02  3.19800E-02
b   5   11  5   15  99  1.73798E-01  1.90534E+00 -1.91155E+01  2.04807E+02  2.00000E+01  3.24200E-02  3.24200E-02
b   5   12  5   15  99  3.12276E-01  9.78791E-01  1.63533E+00 -6.34158E-01  2.16028E+00  7.35600E-02  7.35600E-02
b   5   13  5   15  99  2.93148E-01  6.37114E-01  2.23732E+00 -1.12365E+00  2.92399E+00  2.29400E-01  2.29400E-01
b   5   14  5   15  99  2.49089E-01  1.46030E-01  2.41538E+00 -1.38854E+00  3.38408E+00  1.58000E+00  1.58000E+00
b   5    1  5   16  98  0.00000E+00  0.00000E+00  0.00000E+00  0.00000E+00  0.00000E+00  6.81392E-02  1.36278E-03
b   5    2  5   16  99  1.44595E-01  2.11366E+00 -4.30411E+01  3.24839E+02  2.00000E+01  1.04440E-02  1.04440E-02
b   5    8  5   16  99  7.96822E-02  1.11328E+00 -1.39122E+01 -1.29003E+01  2.00000E+01  9.91800E-01  9.91800E-01
b   5   10  5   16  99  1.63460E-01  2.03256E+00 -2.40231E+01  1.82263E+02  2.00000E+01  2.05800E-02  2.05800E-02
b   5   11  5   16  99  1.89607E-01  2.01052E+00 -1.95485E+01  2.26931E+02  2.00000E+01  1.89800E-02  1.89800E-02
b   5   12  5   16  99  3.27166E-01  1.22695E+00  1.65869E+00 -5.89018E-01  2.18309E+00  3.64500E-02  3.64500E-02
b   5   13  5   16  99  2.85983E-01  1.16409E+00  1.33954E+00 -4.56087E-01  2.09692E+00  8.24500E-02  8.24500E-02
b   5   14  5   16  99  2.75659E-01  7.29430E-01  2.01804E+00 -9.71898E-01  2.92665E+00  2.56600E-01  2.56600E-01
b   5   15  5   16  99  2.37916E-01  1.86332E-01  2.37335E+00 -3.81042E-01  4.08667E+00  1.77800E+00  1.77800E+00
b   5    1  5   17  98  0.00000E+00  0.00000E+00  0.00000E+00  0.00000E+00  0.00000E+00  8.32648E-02  1.66530E-03
b   5    2  5   17  99  1.47234E-01  2.13703E+00 -4.40990E+01  3.40846E+02  2.00000E+01  7.42800E-03  7.42800E-03
b   5    9  5   17  99  7.96822E-02  1.11328E+00 -1.39122E+01 -1.29003E+01  2.00000E+01  9.91800E-01  9.91800E-01
b   5   10  5   17  99  1.64133E-01  2.08299E+00 -2.39314E+01  1.76895E+02  2.00000E+01  1.41100E-02  1.41100E-02
b   5   11  5   17  99  1.93465E-01  2.12230E+00 -1.98422E+01  2.29120E+02  2.00000E+01  1.22300E-02  1.22300E-02
b   5   12  5   17  99  3.37380E-01  1.41553E+00  1.66609E+00 -5.72259E-01  2.17153E+00  2.12300E-02  2.12300E-02
b   5   13  5   17  99  3.05294E-01  1.45066E+00  1.47665E+00 -5.16412E-01  2.21527E+00  4.04400E-02  4.04400E-02
b   5   14  5   17  99  3.00564E-01  1.15578E+00  2.12205E+00 -9.81437E-01  2.98496E+00  9.09300E-02  9.09300E-02
b   5   15  5   17  99  2.79980E-01  7.13261E-01  2.56099E+00 -1.45397E+00  3.53828E+00  2.83500E-01  2.83500E-01
b   5   16  5   17  99  4.42206E-01  4.36678E-01  4.28735E+00 -6.03099E-01  4.09386E+00  1.01700E+00  1.01700E+00
b   5    1  5   18  99  3.89255E-01  9.26210E-02 -3.65075E+00  2.28452E+01  3.92407E+00  3.93875E-01  3.93875E-01
b   5    1  5   19  99  3.73457E-01  2.32702E-01 -3.81055E+00  2.13947E+01  3.89110E+00  1.18120E-01  1.18120E-01
b   5    2  5   19  99  3.89255E-01  9.26210E-02 -3.65075E+00  2.28452E+01  3.92407E+00  4.72650E-01  4.72650E-01
b   5   18  5   19  99  7.96822E-02  1.11328E+00 -1.39122E+01 -1.29003E+01  2.00000E+01  1.98360E+00  1.98360E+00
b   5    1  5   20  99  3.71940E-01  2.75973E-01 -3.87329E+00  2.10934E+01  3.87945E+00  4.39600E-02  4.39600E-02
b   5    3  5   20  99  3.89255E-01  9.26210E-02 -3.65075E+00  2.28452E+01  3.92407E+00  4.72650E-01  4.72650E-01
b   5   18  5   20  99  1.49182E-01  1.91141E+00 -5.60433E+01  5.84574E+02  2.00000E+01  4.43200E-01  4.43200E-01
b   5   19  5   20  99  1.19260E-01  9.10334E-01 -1.93727E+01  2.17274E+02  2.00000E+01  7.67100E-01  7.67100E-01
b   5    1  5   21  99  3.66390E-01  2.96419E-01 -3.87433E+00  2.07123E+01  3.87238E+00  2.12800E-02  2.12800E-02
b   5    4  5   21  99  3.89255E-01  9.26210E-02 -3.65075E+00  2.28452E+01  3.92407E+00  4.72650E-01  4.72650E-01
b   5   18  5   21  99  1.40585E-01  1.89700E+00 -4.81571E+01  4.55495E+02  2.00000E+01  1.75760E-01  1.75760E-01
b   5   19  5   21  99  1.15020E-01  1.34366E+00 -1.76548E+01  1.20157E+02  2.00000E+01  1.50700E-01  1.50700E-01
b   5   20  5   21  99  2.55337E-01  1.01603E-01  1.50917E+00 -5.45579E-01  2.10677E+00  9.89000E-01  9.89000E-01
b   5    1  5   22  99  4.03962E-01  3.34179E-01 -4.42878E+00  2.34498E+01  3.89672E+00  1.10700E-02  1.10700E-02
b   5    5  5   22  99  3.89255E-01  9.26210E-02 -3.65075E+00  2.28452E+01  3.92407E+00  4.72650E-01  4.72650E-01
b   5   18  5   22  99  1.47464E-01  2.09680E+00 -4.77320E+01  4.04470E+02  2.00000E+01  8.24400E-02  8.24400E-02
b   5   19  5   22  99  1.41765E-01  1.74938E+00 -2.21591E+01  1.55136E+02  2.00000E+01  5.37400E-02  5.37400E-02
b   5   20  5   22  99  1.45766E-01  1.40614E+00 -1.74889E+01  1.84171E+02  2.00000E+01  1.72100E-01  1.72100E-01
b   5   21  5   22  99  2.72213E-01  7.53976E-02  2.26089E+00 -1.16775E+00  2.81974E+00  1.16400E+00  1.16400E+00
b   5    1  5   23  99  4.00053E-01  3.44530E-01 -4.46081E+00  2.34259E+01  3.90703E+00  6.83800E-03  6.83800E-03
b   5    6  5   23  99  3.89255E-01  9.26210E-02 -3.65075E+00  2.28452E+01  3.92407E+00  4.72650E-01  4.72650E-01
b   5   18  5   23  99  1.47829E-01  2.13411E+00 -4.73940E+01  3.93371E+02  2.00000E+01  4.81600E-02  4.81600E-02
b   5   19  5   23  99  1.51578E-01  1.88479E+00 -2.30411E+01  1.66442E+02  2.00000E+01  2.72400E-02  2.72400E-02
b   5   20  5   23  99  1.64257E-01  1.70277E+00 -1.87296E+01  2.01956E+02  2.00000E+01  6.46400E-02  6.46400E-02
b   5   21  5   23  99  2.87224E-01  6.51007E-01  1.52879E+00 -5.56318E-01  2.14789E+00  2.00800E-01  2.00800E-01
b   5   22  5   23  99  2.46912E-01  1.69170E-01  1.92897E+00 -9.48448E-01  2.80356E+00  1.37900E+00  1.37900E+00
b   5    1  5   24  99  3.98806E-01  3.44587E-01 -4.41515E+00  2.31532E+01  3.89654E+00  4.52000E-03  4.52000E-03
b   5    7  5   24  99  3.89255E-01  9.26210E-02 -3.65075E+00  2.28452E+01  3.92407E+00  4.72650E-01  4.72650E-01
b   5   18  5   24  99  1.46076E-01  2.11746E+00 -4.46467E+01  3.51184E+02  2.00000E+01  3.07440E-02  3.07440E-02
b   5   19  5   24  99  1.57512E-01  1.97496E+00 -2.35565E+01  1.72923E+02  2.00000E+01  1.59900E-02  1.59900E-02
b   5   20  5   24  99  1.73798E-01  1.90534E+00 -1.91155E+01  2.04807E+02  2.00000E+01  3.24200E-02  3.24200E-02
b   5   21  5   24  99  3.12276E-01  9.78791E-01  1.63533E+00 -6.34158E-01  2.16028E+00  7.35600E-02  7.35600E-02
b   5   22  5   24  99  2.93148E-01  6.37114E-01  2.23732E+00 -1.12365E+00  2.92399E+00  2.29400E-01  2.29400E-01
b   5   23  5   24  99  2.49089E-01  1.46030E-01  2.41538E+00 -1.38854E+00  3.38408E+00  1.58000E+00  1.58000E+00
b   5    1  5   25  99  3.96123E-01  3.50234E-01 -4.40631E+00  2.29472E+01  3.88979E+00  3.14200E-03  3.14200E-03
b   5    8  5   25  99  3.89255E-01  9.26210E-02 -3.65075E+00  2.28452E+01  3.92407E+00  4.72650E-01  4.72650E-01
b   5   18  5   25  99  1.44595E-01  2.11366E+00 -4.30411E+01  3.24839E+02  2.00000E+01  2.08880E-02  2.08880E-02
b   5   19  5   25  99  1.63460E-01  2.03256E+00 -2.40231E+01  1.82263E+02  2.00000E+01  1.02900E-02  1.02900E-02
b   5   20  5   25  99  1.89607E-01  2.01052E+00 -1.95485E+01  2.26931E+02  2.00000E+01  1.89800E-02  1.89800E-02
b   5   21  5   25  99  3.27166E-01  1.22695E+00  1.65869E+00 -5.89018E-01  2.18309E+00  3.64500E-02  3.64500E-02
b   5   22  5   25  99  2.85983E-01  1.16409E+00  1.33954E+00 -4.56087E-01  2.09692E+00  8.24500E-02  8.24500E-02
b   5   23  5   25  99  2.75659E-01  7.29430E-01  2.01804E+00 -9.71898E-01  2.92665E+00  2.56600E-01  2.56600E-01
b   5   24  5   25  99  2.37916E-01  1.86332E-01  2.37335E+00 -3.81042E-01  4.08667E+00  1.77800E+00  1.77800E+00
b   5    1  5   26  99  3.95480E-01  3.49986E-01 -4.39247E+00  2.28929E+01  3.89179E+00  2.27000E-03  2.27000E-03
b   5    9  5   26  99  3.89255E-01  9.26210E-02 -3.65075E+00  2.28452E+01  3.92407E+00  4.72650E-01  4.72650E-01
b   5   18  5   26  99  1.47234E-01  2.13703E+00 -4.40990E+01  3.40846E+02  2.00000E+01  1.48560E-02  1.48560E-02
b   5   19  5   26  99  1.64133E-01  2.08299E+00 -2.39314E+01  1.76895E+02  2.00000E+01  7.05500E-03  7.05500E-03
b   5   20  5   26  99  1.93465E-01  2.12230E+00 -1.98422E+01  2.29120E+02  2.00000E+01  1.22300E-02  1.22300E-02
b   5   21  5   26  99  3.37380E-01  1.41553E+00  1.66609E+00 -5.72259E-01  2.17153E+00  2.12300E-02  2.12300E-02
b   5   22  5   26  99  3.05294E-01  1.45066E+00  1.47665E+00 -5.16412E-01  2.21527E+00  4.04400E-02  4.04400E-02
b   5   23  5   26  99  3.00564E-01  1.15578E+00  2.12205E+00 -9.81437E-01  2.98496E+00  9.09300E-02  9.09300E-02
b   5   24  5   26  99  2.79980E-01  7.13261E-01  2.56099E+00 -1.45397E+00  3.53828E+00  2.83500E-01  2.83500E-01
b   5   25  5   26  99  4.42206E-01  4.36678E-01  4.28735E+00 -6.03099E-01  4.09386E+00  1.01700E+00  1.01700E+00
f   5    1  4    1  99  3.00000E+00  1.35202E+01
p   5    1  4    1  98  1.36840E+00 -2.61310E+00 -8.40240E-02  5.58930E-03  3.00000E+00  5.83400E+02  6.06800E+02  1.16700E+04
f   5    2  4    1  99  1.00000E+00  1.22240E+01
p   5    2  4    1  99  1.00000E+00  1.22240E+01
f   5    3  4    1  99  1.00000E+00  1.20648E+01
p   5    3  4    1  99  1.00000E+00  1.20648E+01
f   5    4  4    1  99  1.00000E+00  1.20102E+01
p   5    4  4    1  99  1.00000E+00  1.20102E+01
f   5    5  4    1  99  1.00000E+00  1.20300E+01
p   5    5  4    1  99  1.00000E+00  1.20300E+01
f   5    6  4    1  99  1.00000E+00  1.20220E+01
p   5    6  4    1  99  1.00000E+00  1.20220E+01
f   5    7  4    1  99  1.00000E+00  1.20022E+01
p   5    7  4    1  99  1.00000E+00  1.20022E+01
f   5    8  4    1  99  1.00000E+00  1.20022E+01
p   5    8  4    1  99  1.00000E+00  1.20022E+01
f   5    9  4    1  99  1.00000E+00  1.20004E+01
p   5    9  4    1  99  1.00000E+00  1.20004E+01
f   5    2  4    2  99  2.00000E+00  1.22240E+01
p   5    2  4    2  98  1.36840E+00 -2.61310E+00 -8.40240E-02  5.58930E-03  3.00000E+00  5.83400E+02  6.06800E+02  1.16700E+04
f   5   10  4    2  99  2.00000E+00  1.27880E+01
p   5   10  4    2  99  2.00000E+00  1.27880E+01
f   5   11  4    2  99  1.00000E+00  1.21215E+01
p   5   11  4    2  99  1.00000E+00  1.21215E+01
f   5   12  4    2  99  1.00000E+00  1.20285E+01
p   5   12  4    2  99  1.00000E+00  1.20285E+01
f   5   13  4    2  99  1.00000E+00  1.20360E+01
p   5   13  4    2  99  1.00000E+00  1.20360E+01
f   5   14  4    2  99  1.00000E+00  1.20260E+01
p   5   14  4    2  99  1.00000E+00  1.20260E+01
f   5   15  4    2  99  1.00000E+00  1.20112E+01
p   5   15  4    2  99  1.00000E+00  1.20112E+01
f   5   16  4    2  99  1.00000E+00  1.20092E+01
p   5   16  4    2  99  1.00000E+00  1.20092E+01
f   5   17  4    2  99  1.00000E+00  1.20004E+01
p   5   17  4    2  99  1.00000E+00  1.20004E+01
f   5    3  4    3  99  2.00000E+00  1.20648E+01
p   5    3  4    3  98  1.36840E+00 -2.61310E+00 -8.40240E-02  5.58930E-03  3.00000E+00  5.83400E+02  6.06800E+02  1.16700E+04
f   5   11  4    3  99  1.00000E+00  1.21215E+01
p   5   11  4    3  99  1.00000E+00  1.21215E+01
f   5    4  4    4  99  2.00000E+00  1.20102E+01
p   5    4  4    4  98  1.36840E+00 -2.61310E+00 -8.40240E-02  5.58930E-03  3.00000E+00  5.83400E+02  6.06800E+02  1.16700E+04
f   5   12  4    4  99  1.00000E+00  1.20285E+01
p   5   12  4    4  99  1.00000E+00  1.20285E+01
f   5    5  4    5  99  2.00000E+00  1.20300E+01
p   5    5  4    5  98  1.36840E+00 -2.61310E+00 -8.40240E-02  5.58930E-03  3.00000E+00  5.83400E+02  6.06800E+02  1.16700E+04
f   5   13  4    5  99  1.00000E+00  1.20360E+01
p   5   13  4    5  99  1.00000E+00  1.20360E+01
f   5    6  4    6  99  2.00000E+00  1.20220E+01
p   5    6  4    6  98  1.36840E+00 -2.61310E+00 -8.40240E-02  5.58930E-03  3.00000E+00  5.83400E+02  6.06800E+02  1.16700E+04
f   5   14  4    6  99  1.00000E+00  1.20260E+01
p   5   14  4    6  99  1.00000E+00  1.20260E+01
f   5    7  4    7  99  2.00000E+00  1.20022E+01
p   5    7  4    7  98  1.36840E+00 -2.61310E+00 -8.40240E-02  5.58930E-03  3.00000E+00  5.83400E+02  6.06800E+02  1.16700E+04
f   5   15  4    7  99  1.00000E+00  1.20112E+01
p   5   15  4    7  99  1.00000E+00  1.20112E+01
f   5    8  4    8  99  2.00000E+00  1.20022E+01
p   5    8  4    8  98  1.36840E+00 -2.61310E+00 -8.40240E-02  5.58930E-03  3.00000E+00  5.83400E+02  6.06800E+02  1.16700E+04
f   5   16  4    8  99  1.00000E+00  1.20092E+01
p   5   16  4    8  99  1.00000E+00  1.20092E+01
f   5    9  4    9  99  2.00000E+00  1.20004E+01
p   5    9  4    9  98  1.36840E+00 -2.61310E+00 -8.40240E-02  5.58930E-03  3.00000E+00  5.83400E+02  6.06800E+02  1.16700E+04
f   5   17  4    9  99  1.00000E+00  1.20004E+01
p   5   17  4    9  99  1.00000E+00  1.20004E+01
f   5   10  4   10  99  1.00000E+00  1.27880E+01
p   5   10  4   10  98  1.36840E+00 -2.61310E+00 -8.40240E-02  5.58930E-03  3.00000E+00  5.83400E+02  6.06800E+02  1.16700E+04
f   5   11  4   11  99  1.00000E+00  1.21215E+01
p   5   11  4   11  98  1.36840E+00 -2.61310E+00 -8.40240E-02  5.58930E-03  3.00000E+00  5.83400E+02  6.06800E+02  1.16700E+04
f   5   12  4   12  99  1.00000E+00  1.20285E+01
p   5   12  4   12  98  1.36840E+00 -2.61310E+00 -8.40240E-02  5.58930E-03  3.00000E+00  5.83400E+02  6.06800E+02  1.16700E+04
f   5   13  4   13  99  1.00000E+00  1.20360E+01
p   5   13  4   13  98  1.36840E+00 -2.61310E+00 -8.40240E-02  5.58930E-03  3.00000E+00  5.83400E+02  6.06800E+02  1.16700E+04
f   5   14  4   14  99  1.00000E+00  1.20260E+01
p   5   14  4   14  98  1.36840E+00 -2.61310E+00 -8.40240E-02  5.58930E-03  3.00000E+00  5.83400E+02  6.06800E+02  1.16700E+04
f   5   15  4   15  99  1.00000E+00  1.20112E+01
p   5   15  4   15  98  1.36840E+00 -2.61310E+00 -8.40240E-02  5.58930E-03  3.00000E+00  5.83400E+02  6.06800E+02  1.16700E+04
f   5   16  4   16  99  1.00000E+00  1.20092E+01
p   5   16  4   16  98  1.36840E+00 -2.61310E+00 -8.40240E-02  5.58930E-03  3.00000E+00  5.83400E+02  6.06800E+02  1.16700E+04
f   5   17  4   17  99  1.00000E+00  1.20004E+01
p   5   17  4   17  98  1.36840E+00 -2.61310E+00 -8.40240E-02  5.58930E-03  3.00000E+00  5.83400E+02  6.06800E+02  1.16700E+04
f   5    1  4   18  99  2.00000E+00  1.35202E+01
p   5    1  4   18  98  2.01890E+00 -2.53490E+00 -1.80020E-01  1.68940E-02  2.00000E+00  2.92500E+03  3.04200E+03  5.85000E+04
f   5   18  4   18  99  4.00000E+00  1.41563E+01
p   5   18  4   18  98  1.36840E+00 -2.61310E+00 -8.40240E-02  5.58930E-03  3.00000E+00  5.83400E+02  6.06800E+02  1.16700E+04
f   5   19  4   18  99  1.00000E+00  1.23040E+01
p   5   19  4   18  99  1.00000E+00  1.23040E+01
f   5   20  4   18  99  1.00000E+00  1.20880E+01
p   5   20  4   18  99  1.00000E+00  1.20880E+01
f   5   21  4   18  99  1.00000E+00  1.20093E+01
p   5   21  4   18  99  1.00000E+00  1.20093E+01
f   5   22  4   18  99  1.00000E+00  1.20390E+01
p   5   22  4   18  99  1.00000E+00  1.20390E+01
f   5   23  4   18  99  1.00000E+00  1.20310E+01
p   5   23  4   18  99  1.00000E+00  1.20310E+01
f   5   24  4   18  99  1.00000E+00  1.20031E+01
p   5   24  4   18  99  1.00000E+00  1.20031E+01
f   5   25  4   18  99  1.00000E+00  1.20031E+01
p   5   25  4   18  99  1.00000E+00  1.20031E+01
f   5   26  4   18  99  1.00000E+00  1.20004E+01
p   5   26  4   18  99  1.00000E+00  1.20004E+01
f   5    2  4   19  99  2.00000E+00  1.22240E+01
p   5    2  4   19  98  2.01890E+00 -2.53490E+00 -1.80020E-01  1.68940E-02  2.00000E+00  2.92500E+03  3.04200E+03  5.85000E+04
f   5   19  4   19  99  3.00000E+00  1.23040E+01
p   5   19  4   19  98  1.36840E+00 -2.61310E+00 -8.40240E-02  5.58930E-03  3.00000E+00  5.83400E+02  6.06800E+02  1.16700E+04
f   5    3  4   20  99  2.00000E+00  1.20648E+01
p   5    3  4   20  98  2.01890E+00 -2.53490E+00 -1.80020E-01  1.68940E-02  2.00000E+00  2.92500E+03  3.04200E+03  5.85000E+04
f   5   20  4   20  99  3.00000E+00  1.20880E+01
p   5   20  4   20  98  1.36840E+00 -2.61310E+00 -8.40240E-02  5.58930E-03  3.00000E+00  5.83400E+02  6.06800E+02  1.16700E+04
f   5    4  4   21  99  2.00000E+00  1.20102E+01
p   5    4  4   21  98  2.01890E+00 -2.53490E+00 -1.80020E-01  1.68940E-02  2.00000E+00  2.92500E+03  3.04200E+03  5.85000E+04
f   5   21  4   21  99  3.00000E+00  1.20093E+01
p   5   21  4   21  98  1.36840E+00 -2.61310E+00 -8.40240E-02  5.58930E-03  3.00000E+00  5.83400E+02  6.06800E+02  1.16700E+04
f   5    5  4   22  99  2.00000E+00  1.20300E+01
p   5    5  4   22  98  2.01890E+00 -2.53490E+00 -1.80020E-01  1.68940E-02  2.00000E+00  2.92500E+03  3.04200E+03  5.85000E+04
f   5   22  4   22  99  3.00000E+00  1.20390E+01
p   5   22  4   22  98  1.36840E+00 -2.61310E+00 -8.40240E-02  5.58930E-03  3.00000E+00  5.83400E+02  6.06800E+02  1.16700E+04
f   5    6  4   23  99  2.00000E+00  1.20220E+01
p   5    6  4   23  98  2.01890E+00 -2.53490E+00 -1.80020E-01  1.68940E-02  2.00000E+00  2.92500E+03  3.04200E+03  5.85000E+04
f   5   23  4   23  99  3.00000E+00  1.20310E+01
p   5   23  4   23  98  1.36840E+00 -2.61310E+00 -8.40240E-02  5.58930E-03  3.00000E+00  5.83400E+02  6.06800E+02  1.16700E+04
f   5    7  4   24  99  2.00000E+00  1.20022E+01
p   5    7  4   24  98  2.01890E+00 -2.53490E+00 -1.80020E-01  1.68940E-02  2.00000E+00  2.92500E+03  3.04200E+03  5.85000E+04
f   5   24  4   24  99  3.00000E+00  1.20031E+01
p   5   24  4   24  98  1.36840E+00 -2.61310E+00 -8.40240E-02  5.58930E-03  3.00000E+00  5.83400E+02  6.06800E+02  1.16700E+04
f   5    8  4   25  99  2.00000E+00  1.20022E+01
p   5    8  4   25  98  2.01890E+00 -2.53490E+00 -1.80020E-01  1.68940E-02  2.00000E+00  2.92500E+03  3.04200E+03  5.85000E+04
f   5   25  4   25  99  3.00000E+00  1.20031E+01
p   5   25  4   25  98  1.36840E+00 -2.61310E+00 -8.40240E-02  5.58930E-03  3.00000E+00  5.83400E+02  6.06800E+02  1.16700E+04
f   5    9  4   26  99  2.00000E+00  1.20004E+01
p   5    9  4   26  98  2.01890E+00 -2.53490E+00 -1.80020E-01  1.68940E-02  2.00000E+00  2.92500E+03  3.04200E+03  5.85000E+04
f   5   26  4   26  99  3.00000E+00  1.20004E+01
p   5   26  4   26  98  1.36840E+00 -2.61310E+00 -8.40240E-02  5.58930E-03  3.00000E+00  5.83400E+02  6.06800E+02  1.16700E+04
a   5   10  4    1   1.84207E+14
a   5   11  4    1   3.70991E+13
a   5   12  4    1   1.20564E+13
a   5   13  4    1   4.87699E+12
a   5   14  4    1   2.25637E+12
a   5   15  4    1   1.15731E+12
a   5   16  4    1   6.42232E+11
a   5   17  4    1   3.79234E+11
a   5   18  4    1   2.17908E+14
a   5   19  4    1   1.00116E+13
a   5   20  4    1   2.28210E+12
a   5   21  4    1   7.34385E+11
a   5   22  4    1   2.92110E+11
a   5   23  4    1   1.35150E+11
a   5   24  4    1   6.93195E+10
a   5   25  4    1   3.84675E+10
a   5   26  4    1   2.27145E+10
a   5   19  4    2   1.08954E+14
a   5   20  4    3   1.08954E+14
a   5   21  4    4   1.08954E+14
a   5   22  4    5   1.08954E+14
a   5   23  4    6   1.08954E+14
a   5   24  4    7   1.08954E+14
a   5   25  4    8   1.08954E+14
a   5   26  4    9   1.08954E+14
b   6    1  6    2  99  1.04729E-01  8.05131E-01 -4.34192E+00  1.24441E+01  5.29707E+00  1.82640E+00  1.82640E+00
b   6    1  6    3  99  1.13674E-01  1.51851E+00 -3.09262E+01  2.23101E+02  2.00000E+01  4.35600E-01  4.35600E-01
b   6    2  6    3  99  1.14197E-01  9.06538E-01 -1.79835E+01  1.94871E+02  2.00000E+01  7.37100E-01  7.37100E-01
b   6    1  6    4  99  1.50133E-01  1.88892E+00 -5.43007E+01  5.73097E+02  2.00000E+01  1.76400E-01  1.76400E-01
b   6    2  6    4  99  1.46127E-01  1.24568E+00 -2.07742E+01  2.27285E+02  2.00000E+01  1.48900E-01  1.48900E-01
b   6    3  6    4  99  2.44503E-01  1.44041E-01  1.38321E+00 -4.76892E-01  2.08211E+00  9.70600E-01  9.70600E-01
b   6    1  6    5  99  1.58668E-01  2.11652E+00 -5.53254E+01  5.39812E+02  2.00000E+01  8.22800E-02  8.22800E-02
b   6    2  6    5  99  1.38394E-01  1.72012E+00 -2.01688E+01  1.28636E+02  2.00000E+01  5.31300E-02  5.31300E-02
b   6    3  6    5  99  3.17134E-01  5.00451E-01  1.79247E+00 -6.64028E-01  2.14943E+00  1.69500E-01  1.69500E-01
b   6    4  6    5  99  2.64756E-01  1.15155E-01  2.13899E+00 -1.07748E+00  2.80754E+00  1.15000E+00  1.15000E+00
b   6    1  6    6  99  1.56139E-01  2.11399E+00 -5.27401E+01  4.96841E+02  2.00000E+01  4.83200E-02  4.83200E-02
b   6    2  6    6  99  1.48229E-01  1.84601E+00 -2.10747E+01  1.41909E+02  2.00000E+01  2.71100E-02  2.71100E-02
b   6    3  6    6  99  1.59459E-01  1.70145E+00 -1.75478E+01  1.84134E+02  2.00000E+01  6.40400E-02  6.40400E-02
b   6    4  6    6  99  2.76435E-01  7.02672E-01  1.37658E+00 -4.76119E-01  2.07196E+00  1.98600E-01  1.98600E-01
b   6    5  6    6  99  2.60759E-01  1.10881E-01  2.57279E+00 -1.48162E+00  3.39030E+00  1.36900E+00  1.36900E+00
b   6    1  6    7  99  1.55638E-01  2.12069E+00 -5.18010E+01  4.80821E+02  2.00000E+01  3.09520E-02  3.09520E-02
b   6    2  6    7  99  1.54434E-01  1.93059E+00 -2.17142E+01  1.51340E+02  2.00000E+01  1.59700E-02  1.59700E-02
b   6    3  6    7  99  1.71230E-01  1.89268E+00 -1.82218E+01  1.95910E+02  2.00000E+01  3.22400E-02  3.22400E-02
b   6    4  6    7  99  3.02908E-01  1.02204E+00  1.52592E+00 -5.67310E-01  2.13694E+00  7.29400E-02  7.29400E-02
b   6    5  6    7  99  2.86095E-01  6.74588E-01  2.14462E+00 -1.04437E+00  2.93474E+00  2.27700E-01  2.27700E-01
b   6    6  6    7  99  2.43448E-01  1.83914E-01  2.31871E+00 -1.32147E+00  3.39941E+00  1.59500E+00  1.59500E+00
b   6    1  6    8  99  1.57212E-01  2.14869E+00 -5.26994E+01  4.91911E+02  2.00000E+01  2.10760E-02  2.10760E-02
b   6    2  6    8  99  1.56450E-01  1.99368E+00 -2.18446E+01  1.50007E+02  2.00000E+01  1.03100E-02  1.03100E-02
b   6    3  6    8  99  1.76555E-01  2.03408E+00 -1.83613E+01  1.94930E+02  2.00000E+01  1.89200E-02  1.89200E-02
b   6    4  6    8  99  3.17448E-01  1.26672E+00  1.56149E+00 -5.70607E-01  2.13857E+00  3.62200E-02  3.62200E-02
b   6    5  6    8  99  3.09060E-01  1.06449E+00  2.21894E+00 -1.03758E+00  2.95926E+00  8.19200E-02  8.19200E-02
b   6    6  6    8  99  2.87349E-01  6.79007E-01  2.63901E+00 -1.47337E+00  3.51605E+00  2.55200E-01  2.55200E-01
b   6    7  6    8  99  2.32494E-01  2.19731E-01  2.25918E+00 -3.28348E-01  4.07725E+00  1.77400E+00  1.77400E+00
b   6    1  6    9  99  1.53834E-01  2.11127E+00 -4.94921E+01  4.44494E+02  2.00000E+01  1.50120E-02  1.50120E-02
b   6    2  6    9  99  1.59560E-01  2.03948E+00 -2.23049E+01  1.56846E+02  2.00000E+01  7.07600E-03  7.07600E-03
b   6    3  6    9  99  1.81859E-01  2.13487E+00 -1.86204E+01  1.99639E+02  2.00000E+01  1.22100E-02  1.22100E-02
b   6    4  6    9  99  3.28543E-01  1.44556E+00  1.63405E+00 -6.42738E-01  2.17312E+00  2.11200E-02  2.11200E-02
b   6    5  6    9  99  2.96358E-01  1.49111E+00  1.37441E+00 -4.82145E-01  2.16966E+00  4.02200E-02  4.02200E-02
b   6    6  6    9  99  2.93940E-01  1.19036E+00  2.04832E+00 -1.01071E+00  2.95668E+00  9.04700E-02  9.04700E-02
b   6    7  6    9  99  2.73822E-01  7.48007E-01  2.45603E+00 -1.39528E+00  3.53078E+00  2.82400E-01  2.82400E-01
b   6    8  6    9  99  4.25774E-01  4.80152E-01  4.05470E+00 -5.99128E-01  4.08899E+00  1.03600E+00  1.03600E+00
b   6    1  6   10  98  0.00000E+00  0.00000E+00  0.00000E+00  0.00000E+00  0.00000E+00  2.58175E-02  5.16349E-04
b   6    2  6   10  99  1.04729E-01  8.05131E-01 -4.34192E+00  1.24441E+01  5.29707E+00  1.29370E+00  1.29370E+00
b   6    1  6   11  98  0.00000E+00  0.00000E+00  0.00000E+00  0.00000E+00  0.00000E+00  3.24863E-02  6.49725E-04
b   6    2  6   11  99  1.13674E-01  1.51851E+00 -3.09262E+01  2.23101E+02  2.00000E+01  3.26700E-01  3.26700E-01
b   6    3  6   11  99  1.04729E-01  8.05131E-01 -4.34192E+00  1.24441E+01  5.29707E+00  1.36980E+00  1.36980E+00
b   6   10  6   11  99  1.14197E-01  9.06538E-01 -1.79835E+01  1.94871E+02  2.00000E+01  1.47420E+00  1.47420E+00
b   6    1  6   12  98  0.00000E+00  0.00000E+00  0.00000E+00  0.00000E+00  0.00000E+00  4.57557E-02  9.15115E-04
b   6    2  6   12  99  1.50133E-01  1.88892E+00 -5.43007E+01  5.73097E+02  2.00000E+01  1.32300E-01  1.32300E-01
b   6    4  6   12  99  1.04729E-01  8.05131E-01 -4.34192E+00  1.24441E+01  5.29707E+00  1.36980E+00  1.36980E+00
b   6   10  6   12  99  1.46127E-01  1.24568E+00 -2.07742E+01  2.27285E+02  2.00000E+01  2.97800E-01  2.97800E-01
b   6   11  6   12  99  2.44503E-01  1.44041E-01  1.38321E+00 -4.76892E-01  2.08211E+00  9.70600E-01  9.70600E-01
b   6    1  6   13  98  0.00000E+00  0.00000E+00  0.00000E+00  0.00000E+00  0.00000E+00  6.25293E-02  1.25059E-03
b   6    2  6   13  99  1.58668E-01  2.11652E+00 -5.53254E+01  5.39812E+02  2.00000E+01  6.17100E-02  6.17100E-02
b   6    5  6   13  99  1.04729E-01  8.05131E-01 -4.34192E+00  1.24441E+01  5.29707E+00  1.36980E+00  1.36980E+00
b   6   10  6   13  99  1.38394E-01  1.72012E+00 -2.01688E+01  1.28636E+02  2.00000E+01  1.06260E-01  1.06260E-01
b   6   11  6   13  99  3.17134E-01  5.00451E-01  1.79247E+00 -6.64028E-01  2.14943E+00  1.69500E-01  1.69500E-01
b   6   12  6   13  99  2.64756E-01  1.15155E-01  2.13899E+00 -1.07748E+00  2.80754E+00  1.15000E+00  1.15000E+00
b   6    1  6   14  98  0.00000E+00  0.00000E+00  0.00000E+00  0.00000E+00  0.00000E+00  8.24378E-02  1.64876E-03
b   6    2  6   14  99  1.56139E-01  2.11399E+00 -5.27401E+01  4.96841E+02  2.00000E+01  3.62400E-02  3.62400E-02
b   6    6  6   14  99  1.04729E-01  8.05131E-01 -4.34192E+00  1.24441E+01  5.29707E+00  1.36980E+00  1.36980E+00
b   6   10  6   14  99  1.48229E-01  1.84601E+00 -2.10747E+01  1.41909E+02  2.00000E+01  5.42200E-02  5.42200E-02
b   6   11  6   14  99  1.59459E-01  1.70145E+00 -1.75478E+01  1.84134E+02  2.00000E+01  6.40400E-02  6.40400E-02
b   6   12  6   14  99  2.76435E-01  7.02672E-01  1.37658E+00 -4.76119E-01  2.07196E+00  1.98600E-01  1.98600E-01
b   6   13  6   14  99  2.60759E-01  1.10881E-01  2.57279E+00 -1.48162E+00  3.39030E+00  1.36900E+00  1.36900E+00
b   6    1  6   15  98  0.00000E+00  0.00000E+00  0.00000E+00  0.00000E+00  0.00000E+00  1.05461E-01  2.10921E-03
b   6    2  6   15  99  1.55638E-01  2.12069E+00 -5.18010E+01  4.80821E+02  2.00000E+01  2.32140E-02  2.32140E-02
b   6    7  6   15  99  1.04729E-01  8.05131E-01 -4.34192E+00  1.24441E+01  5.29707E+00  1.36980E+00  1.36980E+00
b   6   10  6   15  99  1.54434E-01  1.93059E+00 -2.17142E+01  1.51340E+02  2.00000E+01  3.19400E-02  3.19400E-02
b   6   11  6   15  99  1.71230E-01  1.89268E+00 -1.82218E+01  1.95910E+02  2.00000E+01  3.22400E-02  3.22400E-02
b   6   12  6   15  99  3.02908E-01  1.02204E+00  1.52592E+00 -5.67310E-01  2.13694E+00  7.29400E-02  7.29400E-02
b   6   13  6   15  99  2.86095E-01  6.74588E-01  2.14462E+00 -1.04437E+00  2.93474E+00  2.27700E-01  2.27700E-01
b   6   14  6   15  99  2.43448E-01  1.83914E-01  2.31871E+00 -1.32147E+00  3.39941E+00  1.59500E+00  1.59500E+00
b   6    1  6   16  98  0.00000E+00  0.00000E+00  0.00000E+00  0.00000E+00  0.00000E+00  1.31658E-01  2.63316E-03
b   6    2  6   16  99  1.57212E-01  2.14869E+00 -5.26994E+01  4.91911E+02  2.00000E+01  1.58070E-02  1.58070E-02
b   6    8  6   16  99  1.04729E-01  8.05131E-01 -4.34192E+00  1.24441E+01  5.29707E+00  1.36980E+00  1.36980E+00
b   6   10  6   16  99  1.56450E-01  1.99368E+00 -2.18446E+01  1.50007E+02  2.00000E+01  2.06200E-02  2.06200E-02
b   6   11  6   16  99  1.76555E-01  2.03408E+00 -1.83613E+01  1.94930E+02  2.00000E+01  1.89200E-02  1.89200E-02
b   6   12  6   16  99  3.17448E-01  1.26672E+00  1.56149E+00 -5.70607E-01  2.13857E+00  3.62200E-02  3.62200E-02
b   6   13  6   16  99  3.09060E-01  1.06449E+00  2.21894E+00 -1.03758E+00  2.95926E+00  8.19200E-02  8.19200E-02
b   6   14  6   16  99  2.87349E-01  6.79007E-01  2.63901E+00 -1.47337E+00  3.51605E+00  2.55200E-01  2.55200E-01
b   6   15  6   16  99  2.32494E-01  2.19731E-01  2.25918E+00 -3.28348E-01  4.07725E+00  1.77400E+00  1.77400E+00
b   6    1  6   17  98  0.00000E+00  0.00000E+00  0.00000E+00  0.00000E+00  0.00000E+00  1.60971E-01  3.21943E-03
b   6    2  6   17  99  1.53834E-01  2.11127E+00 -4.94921E+01  4.44494E+02  2.00000E+01  1.12590E-02  1.12590E-02
b   6    9  6   17  99  1.04729E-01  8.05131E-01 -4.34192E+00  1.24441E+01  5.29707E+00  1.36980E+00  1.36980E+00
b   6   10  6   17  99  1.59560E-01  2.03948E+00 -2.23049E+01  1.56846E+02  2.00000E+01  1.41520E-02  1.41520E-02
b   6   11  6   17  99  1.81859E-01  2.13487E+00 -1.86204E+01  1.99639E+02  2.00000E+01  1.22100E-02  1.22100E-02
b   6   12  6   17  99  3.28543E-01  1.44556E+00  1.63405E+00 -6.42738E-01  2.17312E+00  2.11200E-02  2.11200E-02
b   6   13  6   17  99  2.96358E-01  1.49111E+00  1.37441E+00 -4.82145E-01  2.16966E+00  4.02200E-02  4.02200E-02
b   6   14  6   17  99  2.93940E-01  1.19036E+00  2.04832E+00 -1.01071E+00  2.95668E+00  9.04700E-02  9.04700E-02
b   6   15  6   17  99  2.73822E-01  7.48007E-01  2.45603E+00 -1.39528E+00  3.53078E+00  2.82400E-01  2.82400E-01
b   6   16  6   17  99  4.25774E-01  4.80152E-01  4.05470E+00 -5.99128E-01  4.08899E+00  1.03600E+00  1.03600E+00
b   6    1  6   18  99  3.84661E-01  7.80334E-02 -3.53454E+00  2.24242E+01  3.91902E+00  3.04400E-01  3.04400E-01
b   6    1  6   19  99  3.76057E-01  2.18384E-01 -3.81156E+00  2.16652E+01  3.89876E+00  1.07900E-01  1.07900E-01
b   6    2  6   19  99  3.84661E-01  7.80334E-02 -3.53454E+00  2.24242E+01  3.91902E+00  3.80500E-01  3.80500E-01
b   6   18  6   19  99  1.04729E-01  8.05131E-01 -4.34192E+00  1.24441E+01  5.29707E+00  2.28300E+00  2.28300E+00
b   6    1  6   20  99  3.73340E-01  2.57487E-01 -3.85486E+00  2.12762E+01  3.88434E+00  4.00600E-02  4.00600E-02
b   6    3  6   20  99  3.84661E-01  7.80334E-02 -3.53454E+00  2.24242E+01  3.91902E+00  3.80500E-01  3.80500E-01
b   6   18  6   20  99  1.13674E-01  1.51851E+00 -3.09262E+01  2.23101E+02  2.00000E+01  5.44500E-01  5.44500E-01
b   6   19  6   20  99  1.14197E-01  9.06538E-01 -1.79835E+01  1.94871E+02  2.00000E+01  7.37100E-01  7.37100E-01
b   6    1  6   21  99  3.69354E-01  2.67592E-01 -3.81496E+00  2.08913E+01  3.87746E+00  1.93560E-02  1.93560E-02
b   6    4  6   21  99  3.84661E-01  7.80334E-02 -3.53454E+00  2.24242E+01  3.91902E+00  3.80500E-01  3.80500E-01
b   6   18  6   21  99  1.50133E-01  1.88892E+00 -5.43007E+01  5.73097E+02  2.00000E+01  2.20500E-01  2.20500E-01
b   6   19  6   21  99  1.46127E-01  1.24568E+00 -2.07742E+01  2.27285E+02  2.00000E+01  1.48900E-01  1.48900E-01
b   6   20  6   21  99  2.44503E-01  1.44041E-01  1.38321E+00 -4.76892E-01  2.08211E+00  9.70600E-01  9.70600E-01
b   6    1  6   22  99  4.03431E-01  3.08869E-01 -4.36666E+00  2.34676E+01  3.89916E+00  1.00580E-02  1.00580E-02
b   6    5  6   22  99  3.84661E-01  7.80334E-02 -3.53454E+00  2.24242E+01  3.91902E+00  3.80500E-01  3.80500E-01
b   6   18  6   22  99  1.58668E-01  2.11652E+00 -5.53254E+01  5.39812E+02  2.00000E+01  1.02850E-01  1.02850E-01
b   6   19  6   22  99  1.38394E-01  1.72012E+00 -2.01688E+01  1.28636E+02  2.00000E+01  5.31300E-02  5.31300E-02
b   6   20  6   22  99  3.17134E-01  5.00451E-01  1.79247E+00 -6.64028E-01  2.14943E+00  1.69500E-01  1.69500E-01
b   6   21  6   22  99  2.64756E-01  1.15155E-01  2.13899E+00 -1.07748E+00  2.80754E+00  1.15000E+00  1.15000E+00
b   6    1  6   23  99  4.02745E-01  3.07102E-01 -4.34356E+00  2.34010E+01  3.90028E+00  6.20400E-03  6.20400E-03
b   6    6  6   23  99  3.84661E-01  7.80334E-02 -3.53454E+00  2.24242E+01  3.91902E+00  3.80500E-01  3.80500E-01
b   6   18  6   23  99  1.56139E-01  2.11399E+00 -5.27401E+01  4.96841E+02  2.00000E+01  6.04000E-02  6.04000E-02
b   6   19  6   23  99  1.48229E-01  1.84601E+00 -2.10747E+01  1.41909E+02  2.00000E+01  2.71100E-02  2.71100E-02
b   6   20  6   23  99  1.59459E-01  1.70145E+00 -1.75478E+01  1.84134E+02  2.00000E+01  6.40400E-02  6.40400E-02
b   6   21  6   23  99  2.76435E-01  7.02672E-01  1.37658E+00 -4.76119E-01  2.07196E+00  1.98600E-01  1.98600E-01
b   6   22  6   23  99  2.60759E-01  1.10881E-01  2.57279E+00 -1.48162E+00  3.39030E+00  1.36900E+00  1.36900E+00
b   6    1  6   24  99  4.00531E-01  3.10224E-01 -4.33569E+00  2.32850E+01  3.90101E+00  4.09800E-03  4.09800E-03
b   6    7  6   24  99  3.84661E-01  7.80334E-02 -3.53454E+00  2.24242E+01  3.91902E+00  3.80500E-01  3.80500E-01
b   6   18  6   24  99  1.55638E-01  2.12069E+00 -5.18010E+01  4.80821E+02  2.00000E+01  3.86900E-02  3.86900E-02
b   6   19  6   24  99  1.54434E-01  1.93059E+00 -2.17142E+01  1.51340E+02  2.00000E+01  1.59700E-02  1.59700E-02
b   6   20  6   24  99  1.71230E-01  1.89268E+00 -1.82218E+01  1.95910E+02  2.00000E+01  3.22400E-02  3.22400E-02
b   6   21  6   24  99  3.02908E-01  1.02204E+00  1.52592E+00 -5.67310E-01  2.13694E+00  7.29400E-02  7.29400E-02
b   6   22  6   24  99  2.86095E-01  6.74588E-01  2.14462E+00 -1.04437E+00  2.93474E+00  2.27700E-01  2.27700E-01
b   6   23  6   24  99  2.43448E-01  1.83914E-01  2.31871E+00 -1.32147E+00  3.39941E+00  1.59500E+00  1.59500E+00
b   6    1  6   25  99  3.97948E-01  3.13250E-01 -4.30028E+00  2.29834E+01  3.89076E+00  2.84600E-03  2.84600E-03
b   6    8  6   25  99  3.84661E-01  7.80334E-02 -3.53454E+00  2.24242E+01  3.91902E+00  3.80500E-01  3.80500E-01
b   6   18  6   25  99  1.57212E-01  2.14869E+00 -5.26994E+01  4.91911E+02  2.00000E+01  2.63450E-02  2.63450E-02
b   6   19  6   25  99  1.56450E-01  1.99368E+00 -2.18446E+01  1.50007E+02  2.00000E+01  1.03100E-02  1.03100E-02
b   6   20  6   25  99  1.76555E-01  2.03408E+00 -1.83613E+01  1.94930E+02  2.00000E+01  1.89200E-02  1.89200E-02
b   6   21  6   25  99  3.17448E-01  1.26672E+00  1.56149E+00 -5.70607E-01  2.13857E+00  3.62200E-02  3.62200E-02
b   6   22  6   25  99  3.09060E-01  1.06449E+00  2.21894E+00 -1.03758E+00  2.95926E+00  8.19200E-02  8.19200E-02
b   6   23  6   25  99  2.87349E-01  6.79007E-01  2.63901E+00 -1.47337E+00  3.51605E+00  2.55200E-01  2.55200E-01
b   6   24  6   25  99  2.32494E-01  2.19731E-01  2.25918E+00 -3.28348E-01  4.07725E+00  1.77400E+00  1.77400E+00
b   6    1  6   26  99  3.99187E-01  3.06723E-01 -4.25394E+00  2.28614E+01  3.88202E+00  2.05400E-03  2.05400E-03
b   6    9  6   26  99  3.84661E-01  7.80334E-02 -3.53454E+00  2.24242E+01  3.91902E+00  3.80500E-01  3.80500E-01
b   6   18  6   26  99  1.53834E-01  2.11127E+00 -4.94921E+01  4.44494E+02  2.00000E+01  1.87650E-02  1.87650E-02
b   6   19  6   26  99  1.59560E-01  2.03948E+00 -2.23049E+01  1.56846E+02  2.00000E+01  7.07600E-03  7.07600E-03
b   6   20  6   26  99  1.81859E-01  2.13487E+00 -1.86204E+01  1.99639E+02  2.00000E+01  1.22100E-02  1.22100E-02
b   6   21  6   26  99  3.28543E-01  1.44556E+00  1.63405E+00 -6.42738E-01  2.17312E+00  2.11200E-02  2.11200E-02
b   6   22  6   26  99  2.96358E-01  1.49111E+00  1.37441E+00 -4.82145E-01  2.16966E+00  4.02200E-02  4.02200E-02
b   6   23  6   26  99  2.93940E-01  1.19036E+00  2.04832E+00 -1.01071E+00  2.95668E+00  9.04700E-02  9.04700E-02
b   6   24  6   26  99  2.73822E-01  7.48007E-01  2.45603E+00 -1.39528E+00  3.53078E+00  2.82400E-01  2.82400E-01
b   6   25  6   26  99  4.25774E-01  4.80152E-01  4.05470E+00 -5.99128E-01  4.08899E+00  1.03600E+00  1.03600E+00
f   6    1  5    1  99  4.00000E+00  1.32183E+01
p   6    1  5    1  98  1.45060E+00 -2.56530E+00 -1.01070E-01  8.52600E-03  4.00000E+00  5.28700E+02  5.49800E+02  1.05700E+04
f   6    2  5    1  99  1.00000E+00  1.13200E+01
p   6    2  5    1  99  1.00000E+00  1.13200E+01
f   6    3  5    1  99  1.00000E+00  1.10926E+01
p   6    3  5    1  99  1.00000E+00  1.10926E+01
f   6    4  5    1  99  1.00000E+00  1.10123E+01
p   6    4  5    1  99  1.00000E+00  1.10123E+01
f   6    5  5    1  99  1.00000E+00  1.10420E+01
p   6    5  5    1  99  1.00000E+00  1.10420E+01
f   6    6  5    1  99  1.00000E+00  1.10320E+01
p   6    6  5    1  99  1.00000E+00  1.10320E+01
f   6    7  5    1  99  1.00000E+00  1.10032E+01
p   6    7  5    1  99  1.00000E+00  1.10032E+01
f   6    8  5    1  99  1.00000E+00  1.10032E+01
p   6    8  5    1  99  1.00000E+00  1.10032E+01
f   6    9  5    1  99  1.00000E+00  1.10005E+01
p   6    9  5    1  99  1.00000E+00  1.10005E+01
f   6    2  5    2  99  3.00000E+00  1.13200E+01
p   6    2  5    2  98  1.45060E+00 -2.56530E+00 -1.01070E-01  8.52600E-03  4.00000E+00  5.28700E+02  5.49800E+02  1.05700E+04
f   6   10  5    2  99  2.00000E+00  1.18840E+01
p   6   10  5    2  99  2.00000E+00  1.18840E+01
f   6   11  5    2  99  1.00000E+00  1.11493E+01
p   6   11  5    2  99  1.00000E+00  1.11493E+01
f   6   12  5    2  99  1.00000E+00  1.10306E+01
p   6   12  5    2  99  1.00000E+00  1.10306E+01
f   6   13  5    2  99  1.00000E+00  1.10480E+01
p   6   13  5    2  99  1.00000E+00  1.10480E+01
f   6   14  5    2  99  1.00000E+00  1.10360E+01
p   6   14  5    2  99  1.00000E+00  1.10360E+01
f   6   15  5    2  99  1.00000E+00  1.10122E+01
p   6   15  5    2  99  1.00000E+00  1.10122E+01
f   6   16  5    2  99  1.00000E+00  1.10102E+01
p   6   16  5    2  99  1.00000E+00  1.10102E+01
f   6   17  5    2  99  1.00000E+00  1.10005E+01
p   6   17  5    2  99  1.00000E+00  1.10005E+01
f   6    3  5    3  99  3.00000E+00  1.10926E+01
p   6    3  5    3  98  1.45060E+00 -2.56530E+00 -1.01070E-01  8.52600E-03  4.00000E+00  5.28700E+02  5.49800E+02  1.05700E+04
f   6   11  5    3  99  1.00000E+00  1.11493E+01
p   6   11  5    3  99  1.00000E+00  1.11493E+01
f   6    4  5    4  99  3.00000E+00  1.10123E+01
p   6    4  5    4  98  1.45060E+00 -2.56530E+00 -1.01070E-01  8.52600E-03  4.00000E+00  5.28700E+02  5.49800E+02  1.05700E+04
f   6   12  5    4  99  1.00000E+00  1.10306E+01
p   6   12  5    4  99  1.00000E+00  1.10306E+01
f   6    5  5    5  99  3.00000E+00  1.10420E+01
p   6    5  5    5  98  1.45060E+00 -2.56530E+00 -1.01070E-01  8.52600E-03  4.00000E+00  5.28700E+02  5.49800E+02  1.05700E+04
f   6   13  5    5  99  1.00000E+00  1.10480E+01
p   6   13  5    5  99  1.00000E+00  1.10480E+01
f   6    6  5    6  99  3.00000E+00  1.10320E+01
p   6    6  5    6  98  1.45060E+00 -2.56530E+00 -1.01070E-01  8.52600E-03  4.00000E+00  5.28700E+02  5.49800E+02  1.05700E+04
f   6   14  5    6  99  1.00000E+00  1.10360E+01
p   6   14  5    6  99  1.00000E+00  1.10360E+01
f   6    7  5    7  99  3.00000E+00  1.10032E+01
p   6    7  5    7  98  1.45060E+00 -2.56530E+00 -1.01070E-01  8.52600E-03  4.00000E+00  5.28700E+02  5.49800E+02  1.05700E+04
f   6   15  5    7  99  1.00000E+00  1.10122E+01
p   6   15  5    7  99  1.00000E+00  1.10122E+01
f   6    8  5    8  99  3.00000E+00  1.10032E+01
p   6    8  5    8  98  1.45060E+00 -2.56530E+00 -1.01070E-01  8.52600E-03  4.00000E+00  5.28700E+02  5.49800E+02  1.05700E+04
f   6   16  5    8  99  1.00000E+00  1.10102E+01
p   6   16  5    8  99  1.00000E+00  1.10102E+01
f   6    9  5    9  99  3.00000E+00  1.10005E+01
p   6    9  5    9  98  1.45060E+00 -2.56530E+00 -1.01070E-01  8.52600E-03  4.00000E+00  5.28700E+02  5.49800E+02  1.05700E+04
f   6   17  5    9  99  1.00000E+00  1.10005E+01
p   6   17  5    9  99  1.00000E+00  1.10005E+01
f   6   10  5   10  99  2.00000E+00  1.18840E+01
p   6   10  5   10  98  1.45060E+00 -2.56530E+00 -1.01070E-01  8.52600E-03  4.00000E+00  5.28700E+02  5.49800E+02  1.05700E+04
f   6   11  5   11  99  2.00000E+00  1.11493E+01
p   6   11  5   11  98  1.45060E+00 -2.56530E+00 -1.01070E-01  8.52600E-03  4.00000E+00  5.28700E+02  5.49800E+02  1.05700E+04
f   6   12  5   12  99  2.00000E+00  1.10306E+01
p   6   12  5   12  98  1.45060E+00 -2.56530E+00 -1.01070E-01  8.52600E-03  4.00000E+00  5.28700E+02  5.49800E+02  1.05700E+04
f   6   13  5   13  99  2.00000E+00  1.10480E+01
p   6   13  5   13  98  1.45060E+00 -2.56530E+00 -1.01070E-01  8.52600E-03  4.00000E+00  5.28700E+02  5.49800E+02  1.05700E+04
f   6   14  5   14  99  2.00000E+00  1.10360E+01
p   6   14  5   14  98  1.45060E+00 -2.56530E+00 -1.01070E-01  8.52600E-03  4.00000E+00  5.28700E+02  5.49800E+02  1.05700E+04
f   6   15  5   15  99  2.00000E+00  1.10122E+01
p   6   15  5   15  98  1.45060E+00 -2.56530E+00 -1.01070E-01  8.52600E-03  4.00000E+00  5.28700E+02  5.49800E+02  1.05700E+04
f   6   16  5   16  99  2.00000E+00  1.10102E+01
p   6   16  5   16  98  1.45060E+00 -2.56530E+00 -1.01070E-01  8.52600E-03  4.00000E+00  5.28700E+02  5.49800E+02  1.05700E+04
f   6   17  5   17  99  2.00000E+00  1.10005E+01
p   6   17  5   17  98  1.45060E+00 -2.56530E+00 -1.01070E-01  8.52600E-03  4.00000E+00  5.28700E+02  5.49800E+02  1.05700E+04
f   6    1  5   18  99  2.00000E+00  1.32183E+01
p   6    1  5   18  98  2.05270E+00 -2.51350E+00 -1.88130E-01  1.81030E-02  2.00000E+00  2.84600E+03  2.96000E+03  5.69100E+04
f   6   18  5   18  99  5.00000E+00  1.38544E+01
p   6   18  5   18  98  1.45060E+00 -2.56530E+00 -1.01070E-01  8.52600E-03  4.00000E+00  5.28700E+02  5.49800E+02  1.05700E+04
f   6   19  5   18  99  1.00000E+00  1.14000E+01
p   6   19  5   18  99  1.00000E+00  1.14000E+01
f   6   20  5   18  99  1.00000E+00  1.11158E+01
p   6   20  5   18  99  1.00000E+00  1.11158E+01
f   6   21  5   18  99  1.00000E+00  1.10114E+01
p   6   21  5   18  99  1.00000E+00  1.10114E+01
f   6   22  5   18  99  1.00000E+00  1.10510E+01
p   6   22  5   18  99  1.00000E+00  1.10510E+01
f   6   23  5   18  99  1.00000E+00  1.10410E+01
p   6   23  5   18  99  1.00000E+00  1.10410E+01
f   6   24  5   18  99  1.00000E+00  1.10041E+01
p   6   24  5   18  99  1.00000E+00  1.10041E+01
f   6   25  5   18  99  1.00000E+00  1.10041E+01
p   6   25  5   18  99  1.00000E+00  1.10041E+01
f   6   26  5   18  99  1.00000E+00  1.10005E+01
p   6   26  5   18  99  1.00000E+00  1.10005E+01
f   6    2  5   19  99  2.00000E+00  1.13200E+01
p   6    2  5   19  98  2.05270E+00 -2.51350E+00 -1.88130E-01  1.81030E-02  2.00000E+00  2.84600E+03  2.96000E+03  5.69100E+04
f   6   19  5   19  99  4.00000E+00  1.14000E+01
p   6   19  5   19  98  1.45060E+00 -2.56530E+00 -1.01070E-01  8.52600E-03  4.00000E+00  5.28700E+02  5.49800E+02  1.05700E+04
f   6    3  5   20  99  2.00000E+00  1.10926E+01
p   6    3  5   20  98  2.05270E+00 -2.51350E+00 -1.88130E-01  1.81030E-02  2.00000E+00  2.84600E+03  2.96000E+03  5.69100E+04
f   6   20  5   20  99  4.00000E+00  1.11158E+01
p   6   20  5   20  98  1.45060E+00 -2.56530E+00 -1.01070E-01  8.52600E-03  4.00000E+00  5.28700E+02  5.49800E+02  1.05700E+04
f   6    4  5   21  99  2.00000E+00  1.10123E+01
p   6    4  5   21  98  2.05270E+00 -2.51350E+00 -1.88130E-01  1.81030E-02  2.00000E+00  2.84600E+03  2.96000E+03  5.69100E+04
f   6   21  5   21  99  4.00000E+00  1.10114E+01
p   6   21  5   21  98  1.45060E+00 -2.56530E+00 -1.01070E-01  8.52600E-03  4.00000E+00  5.28700E+02  5.49800E+02  1.05700E+04
f   6    5  5   22  99  2.00000E+00  1.10420E+01
p   6    5  5   22  98  2.05270E+00 -2.51350E+00 -1.88130E-01  1.81030E-02  2.00000E+00  2.84600E+03  2.96000E+03  5.69100E+04
f   6   22  5   22  99  4.00000E+00  1.10510E+01
p   6   22  5   22  98  1.45060E+00 -2.56530E+00 -1.01070E-01  8.52600E-03  4.00000E+00  5.28700E+02  5.49800E+02  1.05700E+04
f   6    6  5   23  99  2.00000E+00  1.10320E+01
p   6    6  5   23  98  2.05270E+00 -2.51350E+00 -1.88130E-01  1.81030E-02  2.00000E+00  2.84600E+03  2.96000E+03  5.69100E+04
f   6   23  5   23  99  4.00000E+00  1.10410E+01
p   6   23  5   23  98  1.45060E+00 -2.56530E+00 -1.01070E-01  8.52600E-03  4.00000E+00  5.28700E+02  5.49800E+02  1.05700E+04
f   6    7  5   24  99  2.00000E+00  1.10032E+01
p   6    7  5   24  98  2.05270E+00 -2.51350E+00 -1.88130E-01  1.81030E-02  2.00000E+00  2.84600E+03  2.96000E+03  5.69100E+04
f   6   24  5   24  99  4.00000E+00  1.10041E+01
p   6   24  5   24  98  1.45060E+00 -2.56530E+00 -1.01070E-01  8.52600E-03  4.00000E+00  5.28700E+02  5.49800E+02  1.05700E+04
f   6    8  5   25  99  2.00000E+00  1.10032E+01
p   6    8  5   25  98  2.05270E+00 -2.51350E+00 -1.88130E-01  1.81030E-02  2.00000E+00  2.84600E+03  2.96000E+03  5.69100E+04
f   6   25  5   25  99  4.00000E+00  1.10041E+01
p   6   25  5   25  98  1.45060E+00 -2.56530E+00 -1.01070E-01  8.52600E-03  4.00000E+00  5.28700E+02  5.49800E+02  1.05700E+04
f   6    9  5   26  99  2.00000E+00  1.10005E+01
p   6    9  5   26  98  2.05270E+00 -2.51350E+00 -1.88130E-01  1.81030E-02  2.00000E+00  2.84600E+03  2.96000E+03  5.69100E+04
f   6   26  5   26  99  4.00000E+00  1.10005E+01
p   6   26  5   26  98  1.45060E+00 -2.56530E+00 -1.01070E-01  8.52600E-03  4.00000E+00  5.28700E+02  5.49800E+02  1.05700E+04
a   6   10  5    1   1.36197E+14
a   6   11  5    1   2.72452E+13
a   6   12  5    1   8.79210E+12
a   6   13  5    1   3.54060E+12
a   6   14  5    1   1.63807E+12
a   6   15  5    1   8.40172E+11
a   6   16  5    1   4.66245E+11
a   6   17  5    1   2.75310E+11
a   6   18  5    1   3.30810E+14
a   6   19  5    1   1.12696E+13
a   6   20  5    1   2.52340E+12
a   6   21  5    1   8.09160E+11
a   6   22  5    1   3.20520E+11
a   6   23  5    1   1.48290E+11
a   6   24  5    1   7.60600E+10
a   6   25  5    1   4.22080E+10
a   6   26  5    1   2.49240E+10
a   6   19  5    2   1.98486E+14
a   6   20  5    3   1.98486E+14
a   6   21  5    4   1.98486E+14
a   6   22  5    5   1.98486E+14
a   6   23  5    6   1.98486E+14
a   6   24  5    7   1.98486E+14
a   6   25  5    8   1.98486E+14
a   6   26  5    9   1.98486E+14
b   7    1  7    2  99  1.25763E-01  6.79812E-01 -2.43844E+00  6.22493E+00  3.64758E+00  2.04950E+00  2.04950E+00
b   7    1  7    3  99  9.66992E-02  1.28117E+00 -1.71550E+01  3.38802E+01  2.00000E+01  5.25000E-01  5.25000E-01
b   7    2  7    3  99  1.08768E-01  8.99177E-01 -1.63403E+01  1.69017E+02  2.00000E+01  7.07800E-01  7.07800E-01
b   7    1  7    4  99  1.12056E-01  1.45949E+00 -2.71454E+01  1.81924E+02  2.00000E+01  2.17850E-01  2.17850E-01
b   7    2  7    4  99  1.53058E-01  1.18496E+00 -1.99627E+01  2.38752E+02  2.00000E+01  1.46200E-01  1.46200E-01
b   7    3  7    4  99  2.32730E-01  1.91807E-01  1.23803E+00 -4.02613E-01  2.03629E+00  9.53500E-01  9.53500E-01
b   7    1  7    5  99  1.71667E-01  2.12679E+00 -6.25402E+01  6.73058E+02  2.00000E+01  1.01650E-01  1.01650E-01
b   7    2  7    5  99  1.76833E-01  1.62055E+00 -2.40745E+01  2.57277E+02  2.00000E+01  5.21800E-02  5.21800E-02
b   7    3  7    5  99  3.05609E-01  5.53519E-01  1.66851E+00 -6.52747E-01  2.09684E+00  1.66400E-01  1.66400E-01
b   7    4  7    5  99  2.56919E-01  1.56294E-01  2.03136E+00 -1.01590E+00  2.81461E+00  1.13700E+00  1.13700E+00
b   7    1  7    6  99  1.69269E-01  2.12503E+00 -6.04768E+01  6.38456E+02  2.00000E+01  6.00500E-02  6.00500E-02
b   7    2  7    6  99  1.45492E-01  1.81214E+00 -1.91407E+01  1.19085E+02  2.00000E+01  2.67900E-02  2.67900E-02
b   7    3  7    6  99  3.28618E-01  8.01377E-01  1.76684E+00 -6.25980E-01  2.17169E+00  6.31800E-02  6.31800E-02
b   7    4  7    6  99  3.01725E-01  5.98200E-01  2.30467E+00 -1.11425E+00  2.92571E+00  1.96200E-01  1.96200E-01
b   7    5  7    6  99  2.53390E-01  1.51403E-01  2.44950E+00 -1.41064E+00  3.39344E+00  1.36200E+00  1.36200E+00
b   7    1  7    7  99  1.64576E-01  2.09710E+00 -5.70508E+01  5.84117E+02  2.00000E+01  3.86100E-02  3.86100E-02
b   7    2  7    7  99  1.50516E-01  1.89842E+00 -1.99367E+01  1.29652E+02  2.00000E+01  1.58400E-02  1.58400E-02
b   7    3  7    7  99  3.39897E-01  9.80592E-01  1.76446E+00 -5.77688E-01  2.17163E+00  3.19100E-02  3.19100E-02
b   7    4  7    7  99  2.93597E-01  1.06854E+00  1.42547E+00 -5.10177E-01  2.11682E+00  7.21500E-02  7.21500E-02
b   7    5  7    7  99  2.77726E-01  7.19894E-01  2.00999E+00 -9.78470E-01  2.89913E+00  2.25900E-01  2.25900E-01
b   7    6  7    7  99  2.40361E-01  2.00381E-01  2.37918E+00 -3.89763E-01  4.08494E+00  1.56900E+00  1.56900E+00
b   7    1  7    8  99  1.64485E-01  2.09731E+00 -5.64347E+01  5.74646E+02  2.00000E+01  2.63500E-02  2.63500E-02
b   7    2  7    8  99  1.54575E-01  1.94609E+00 -1.98696E+01  1.29256E+02  2.00000E+01  1.02500E-02  1.02500E-02
b   7    3  7    8  99  1.73082E-01  2.02664E+00 -1.73493E+01  1.83032E+02  2.00000E+01  1.87700E-02  1.87700E-02
b   7    4  7    8  99  3.09842E-01  1.30295E+00  1.52377E+00 -5.46713E-01  2.19077E+00  3.58800E-02  3.58800E-02
b   7    5  7    8  99  3.01425E-01  1.10572E+00  2.12918E+00 -1.01216E+00  2.95558E+00  8.12700E-02  8.12700E-02
b   7    6  7    8  99  2.80238E-01  7.18599E-01  2.53438E+00 -1.40069E+00  3.54014E+00  2.53800E-01  2.53800E-01
b   7    7  7    8  99  2.27845E-01  2.50917E-01  2.17076E+00 -3.22540E-01  4.06705E+00  1.77100E+00  1.77100E+00
b   7    1  7    9  99  1.66296E-01  2.12572E+00 -5.77858E+01  5.93049E+02  2.00000E+01  1.87950E-02  1.87950E-02
b   7    2  7    9  99  1.57037E-01  1.99355E+00 -2.04819E+01  1.37764E+02  2.00000E+01  7.04700E-03  7.04700E-03
b   7    3  7    9  99  1.75613E-01  2.13380E+00 -1.74568E+01  1.80877E+02  2.00000E+01  1.21300E-02  1.21300E-02
b   7    4  7    9  99  3.19330E-01  1.48722E+00  1.55106E+00 -5.41363E-01  2.21837E+00  2.09500E-02  2.09500E-02
b   7    5  7    9  99  3.15775E-01  1.40964E+00  2.15380E+00 -1.00851E+00  2.94499E+00  3.99200E-02  3.99200E-02
b   7    6  7    9  99  2.87391E-01  1.22763E+00  1.97282E+00 -9.49530E-01  2.98977E+00  8.99300E-02  8.99300E-02
b   7    7  7    9  99  2.67889E-01  7.83088E-01  2.35183E+00 -1.32250E+00  3.52276E+00  2.81300E-01  2.81300E-01
b   7    8  7    9  99  4.03620E-01  5.18888E-01  3.74501E+00 -5.87658E-01  4.05423E+00  1.07000E+00  1.07000E+00
b   7    1  7   10  98  0.00000E+00  0.00000E+00  0.00000E+00  0.00000E+00  0.00000E+00  5.06144E-02  1.01229E-03
b   7    2  7   10  99  1.25763E-01  6.79812E-01 -2.43844E+00  6.22493E+00  3.64758E+00  1.54851E+00  1.54851E+00
b   7    1  7   11  98  0.00000E+00  0.00000E+00  0.00000E+00  0.00000E+00  0.00000E+00  6.47540E-02  1.29508E-03
b   7    2  7   11  99  9.66992E-02  1.28117E+00 -1.71550E+01  3.38802E+01  2.00000E+01  4.20000E-01  4.20000E-01
b   7    3  7   11  99  1.25763E-01  6.79812E-01 -2.43844E+00  6.22493E+00  3.64758E+00  1.63960E+00  1.63960E+00
b   7   10  7   11  99  1.08768E-01  8.99177E-01 -1.63403E+01  1.69017E+02  2.00000E+01  1.41560E+00  1.41560E+00
b   7    1  7   12  98  0.00000E+00  0.00000E+00  0.00000E+00  0.00000E+00  0.00000E+00  9.20214E-02  1.84043E-03
b   7    2  7   12  99  1.12056E-01  1.45949E+00 -2.71454E+01  1.81924E+02  2.00000E+01  1.74280E-01  1.74280E-01
b   7    4  7   12  99  1.25763E-01  6.79812E-01 -2.43844E+00  6.22493E+00  3.64758E+00  1.63960E+00  1.63960E+00
b   7   10  7   12  99  1.53058E-01  1.18496E+00 -1.99627E+01  2.38752E+02  2.00000E+01  2.92400E-01  2.92400E-01
b   7   11  7   12  99  2.32730E-01  1.91807E-01  1.23803E+00 -4.02613E-01  2.03629E+00  9.53500E-01  9.53500E-01
b   7    1  7   13  98  0.00000E+00  0.00000E+00  0.00000E+00  0.00000E+00  0.00000E+00  1.26439E-01  2.52879E-03
b   7    2  7   13  99  1.71667E-01  2.12679E+00 -6.25402E+01  6.73058E+02  2.00000E+01  8.13200E-02  8.13200E-02
b   7    5  7   13  99  1.25763E-01  6.79812E-01 -2.43844E+00  6.22493E+00  3.64758E+00  1.63960E+00  1.63960E+00
b   7   10  7   13  99  1.76833E-01  1.62055E+00 -2.40745E+01  2.57277E+02  2.00000E+01  1.04360E-01  1.04360E-01
b   7   11  7   13  99  3.05609E-01  5.53519E-01  1.66851E+00 -6.52747E-01  2.09684E+00  1.66400E-01  1.66400E-01
b   7   12  7   13  99  2.56919E-01  1.56294E-01  2.03136E+00 -1.01590E+00  2.81461E+00  1.13700E+00  1.13700E+00
b   7    1  7   14  98  0.00000E+00  0.00000E+00  0.00000E+00  0.00000E+00  0.00000E+00  1.67188E-01  3.34376E-03
b   7    2  7   14  99  1.69269E-01  2.12503E+00 -6.04768E+01  6.38456E+02  2.00000E+01  4.80400E-02  4.80400E-02
b   7    6  7   14  99  1.25763E-01  6.79812E-01 -2.43844E+00  6.22493E+00  3.64758E+00  1.63960E+00  1.63960E+00
b   7   10  7   14  99  1.45492E-01  1.81214E+00 -1.91407E+01  1.19085E+02  2.00000E+01  5.35800E-02  5.35800E-02
b   7   11  7   14  99  3.28618E-01  8.01377E-01  1.76684E+00 -6.25980E-01  2.17169E+00  6.31800E-02  6.31800E-02
b   7   12  7   14  99  3.01725E-01  5.98200E-01  2.30467E+00 -1.11425E+00  2.92571E+00  1.96200E-01  1.96200E-01
b   7   13  7   14  99  2.53390E-01  1.51403E-01  2.44950E+00 -1.41064E+00  3.39344E+00  1.36200E+00  1.36200E+00
b   7    1  7   15  98  0.00000E+00  0.00000E+00  0.00000E+00  0.00000E+00  0.00000E+00  2.14264E-01  4.28528E-03
b   7    2  7   15  99  1.64576E-01  2.09710E+00 -5.70508E+01  5.84117E+02  2.00000E+01  3.08880E-02  3.08880E-02
b   7    7  7   15  99  1.25763E-01  6.79812E-01 -2.43844E+00  6.22493E+00  3.64758E+00  1.63960E+00  1.63960E+00
b   7   10  7   15  99  1.50516E-01  1.89842E+00 -1.99367E+01  1.29652E+02  2.00000E+01  3.16800E-02  3.16800E-02
b   7   11  7   15  99  3.39897E-01  9.80592E-01  1.76446E+00 -5.77688E-01  2.17163E+00  3.19100E-02  3.19100E-02
b   7   12  7   15  99  2.93597E-01  1.06854E+00  1.42547E+00 -5.10177E-01  2.11682E+00  7.21500E-02  7.21500E-02
b   7   13  7   15  99  2.77726E-01  7.19894E-01  2.00999E+00 -9.78470E-01  2.89913E+00  2.25900E-01  2.25900E-01
b   7   14  7   15  99  2.40361E-01  2.00381E-01  2.37918E+00 -3.89763E-01  4.08494E+00  1.56900E+00  1.56900E+00
b   7    1  7   16  98  0.00000E+00  0.00000E+00  0.00000E+00  0.00000E+00  0.00000E+00  2.67837E-01  5.35673E-03
b   7    2  7   16  99  1.64485E-01  2.09731E+00 -5.64347E+01  5.74646E+02  2.00000E+01  2.10800E-02  2.10800E-02
b   7    8  7   16  99  1.25763E-01  6.79812E-01 -2.43844E+00  6.22493E+00  3.64758E+00  1.63960E+00  1.63960E+00
b   7   10  7   16  99  1.54575E-01  1.94609E+00 -1.98696E+01  1.29256E+02  2.00000E+01  2.05000E-02  2.05000E-02
b   7   11  7   16  99  1.73082E-01  2.02664E+00 -1.73493E+01  1.83032E+02  2.00000E+01  1.87700E-02  1.87700E-02
b   7   12  7   16  99  3.09842E-01  1.30295E+00  1.52377E+00 -5.46713E-01  2.19077E+00  3.58800E-02  3.58800E-02
b   7   13  7   16  99  3.01425E-01  1.10572E+00  2.12918E+00 -1.01216E+00  2.95558E+00  8.12700E-02  8.12700E-02
b   7   14  7   16  99  2.80238E-01  7.18599E-01  2.53438E+00 -1.40069E+00  3.54014E+00  2.53800E-01  2.53800E-01
b   7   15  7   16  99  2.27845E-01  2.50917E-01  2.17076E+00 -3.22540E-01  4.06705E+00  1.77100E+00  1.77100E+00
b   7    1  7   17  98  0.00000E+00  0.00000E+00  0.00000E+00  0.00000E+00  0.00000E+00  3.27767E-01  6.55535E-03
b   7    2  7   17  99  1.66296E-01  2.12572E+00 -5.77858E+01  5.93049E+02  2.00000E+01  1.50360E-02  1.50360E-02
b   7    9  7   17  99  1.25763E-01  6.79812E-01 -2.43844E+00  6.22493E+00  3.64758E+00  1.63960E+00  1.63960E+00
b   7   10  7   17  99  1.57037E-01  1.99355E+00 -2.04819E+01  1.37764E+02  2.00000E+01  1.40940E-02  1.40940E-02
b   7   11  7   17  99  1.75613E-01  2.13380E+00 -1.74568E+01  1.80877E+02  2.00000E+01  1.21300E-02  1.21300E-02
b   7   12  7   17  99  3.19330E-01  1.48722E+00  1.55106E+00 -5.41363E-01  2.21837E+00  2.09500E-02  2.09500E-02
b   7   13  7   17  99  3.15775E-01  1.40964E+00  2.15380E+00 -1.00851E+00  2.94499E+00  3.99200E-02  3.99200E-02
b   7   14  7   17  99  2.87391E-01  1.22763E+00  1.97282E+00 -9.49530E-01  2.98977E+00  8.99300E-02  8.99300E-02
b   7   15  7   17  99  2.67889E-01  7.83088E-01  2.35183E+00 -1.32250E+00  3.52276E+00  2.81300E-01  2.81300E-01
b   7   16  7   17  99  4.03620E-01  5.18888E-01  3.74501E+00 -5.87658E-01  4.05423E+00  1.07000E+00  1.07000E+00
b   7    1  7   18  99  3.83468E-01  8.60509E-02 -3.61026E+00  2.26850E+01  3.93200E+00  2.16825E-01  2.16825E-01
b   7    1  7   19  99  3.80262E-01  1.96179E-01 -3.74963E+00  2.17444E+01  3.89395E+00  9.74600E-02  9.74600E-02
b   7    2  7   19  99  3.83468E-01  8.60509E-02 -3.61026E+00  2.26850E+01  3.93200E+00  2.89100E-01  2.89100E-01
b   7   18  7   19  99  1.25763E-01  6.79812E-01 -2.43844E+00  6.22493E+00  3.64758E+00  2.45940E+00  2.45940E+00
b   7    1  7   20  99  3.75436E-01  2.36853E-01 -3.83979E+00  2.15483E+01  3.89448E+00  3.60600E-02  3.60600E-02
b   7    3  7   20  99  3.83468E-01  8.60509E-02 -3.61026E+00  2.26850E+01  3.93200E+00  2.89100E-01  2.89100E-01
b   7   18  7   20  99  9.66992E-02  1.28117E+00 -1.71550E+01  3.38802E+01  2.00000E+01  6.30000E-01  6.30000E-01
b   7   19  7   20  99  1.08768E-01  8.99177E-01 -1.63403E+01  1.69017E+02  2.00000E+01  7.07800E-01  7.07800E-01
b   7    1  7   21  99  3.71137E-01  2.42208E-01 -3.76180E+00  2.10179E+01  3.88160E+00  1.73800E-02  1.73800E-02
b   7    4  7   21  99  3.83468E-01  8.60509E-02 -3.61026E+00  2.26850E+01  3.93200E+00  2.89100E-01  2.89100E-01
b   7   18  7   21  99  1.12056E-01  1.45949E+00 -2.71454E+01  1.81924E+02  2.00000E+01  2.61420E-01  2.61420E-01
b   7   19  7   21  99  1.53058E-01  1.18496E+00 -1.99627E+01  2.38752E+02  2.00000E+01  1.46200E-01  1.46200E-01
b   7   20  7   21  99  2.32730E-01  1.91807E-01  1.23803E+00 -4.02613E-01  2.03629E+00  9.53500E-01  9.53500E-01
b   7    1  7   22  99  4.07962E-01  2.69986E-01 -4.28078E+00  2.37127E+01  3.90463E+00  9.01200E-03  9.01200E-03
b   7    5  7   22  99  3.83468E-01  8.60509E-02 -3.61026E+00  2.26850E+01  3.93200E+00  2.89100E-01  2.89100E-01
b   7   18  7   22  99  1.71667E-01  2.12679E+00 -6.25402E+01  6.73058E+02  2.00000E+01  1.21980E-01  1.21980E-01
b   7   19  7   22  99  1.76833E-01  1.62055E+00 -2.40745E+01  2.57277E+02  2.00000E+01  5.21800E-02  5.21800E-02
b   7   20  7   22  99  3.05609E-01  5.53519E-01  1.66851E+00 -6.52747E-01  2.09684E+00  1.66400E-01  1.66400E-01
b   7   21  7   22  99  2.56919E-01  1.56294E-01  2.03136E+00 -1.01590E+00  2.81461E+00  1.13700E+00  1.13700E+00
b   7    1  7   23  99  4.02658E-01  2.80418E-01 -4.30288E+00  2.35830E+01  3.91021E+00  5.55000E-03  5.55000E-03
b   7    6  7   23  99  3.83468E-01  8.60509E-02 -3.61026E+00  2.26850E+01  3.93200E+00  2.89100E-01  2.89100E-01
b   7   18  7   23  99  1.69269E-01  2.12503E+00 -6.04768E+01  6.38456E+02  2.00000E+01  7.20600E-02  7.20600E-02
b   7   19  7   23  99  1.45492E-01  1.81214E+00 -1.91407E+01  1.19085E+02  2.00000E+01  2.67900E-02  2.67900E-02
b   7   20  7   23  99  3.28618E-01  8.01377E-01  1.76684E+00 -6.25980E-01  2.17169E+00  6.31800E-02  6.31800E-02
b   7   21  7   23  99  3.01725E-01  5.98200E-01  2.30467E+00 -1.11425E+00  2.92571E+00  1.96200E-01  1.96200E-01
b   7   22  7   23  99  2.53390E-01  1.51403E-01  2.44950E+00 -1.41064E+00  3.39344E+00  1.36200E+00  1.36200E+00
b   7    1  7   24  99  4.03514E-01  2.69339E-01 -4.18300E+00  2.31187E+01  3.88658E+00  3.66000E-03  3.66000E-03
b   7    7  7   24  99  3.83468E-01  8.60509E-02 -3.61026E+00  2.26850E+01  3.93200E+00  2.89100E-01  2.89100E-01
b   7   18  7   24  99  1.64576E-01  2.09710E+00 -5.70508E+01  5.84117E+02  2.00000E+01  4.63320E-02  4.63320E-02
b   7   19  7   24  99  1.50516E-01  1.89842E+00 -1.99367E+01  1.29652E+02  2.00000E+01  1.58400E-02  1.58400E-02
b   7   20  7   24  99  3.39897E-01  9.80592E-01  1.76446E+00 -5.77688E-01  2.17163E+00  3.19100E-02  3.19100E-02
b   7   21  7   24  99  2.93597E-01  1.06854E+00  1.42547E+00 -5.10177E-01  2.11682E+00  7.21500E-02  7.21500E-02
b   7   22  7   24  99  2.77726E-01  7.19894E-01  2.00999E+00 -9.78470E-01  2.89913E+00  2.25900E-01  2.25900E-01
b   7   23  7   24  99  2.40361E-01  2.00381E-01  2.37918E+00 -3.89763E-01  4.08494E+00  1.56900E+00  1.56900E+00
b   7    1  7   25  99  4.00588E-01  2.78146E-01 -4.26301E+00  2.34171E+01  3.91159E+00  2.54000E-03  2.54000E-03
b   7    8  7   25  99  3.83468E-01  8.60509E-02 -3.61026E+00  2.26850E+01  3.93200E+00  2.89100E-01  2.89100E-01
b   7   18  7   25  99  1.64485E-01  2.09731E+00 -5.64347E+01  5.74646E+02  2.00000E+01  3.16200E-02  3.16200E-02
b   7   19  7   25  99  1.54575E-01  1.94609E+00 -1.98696E+01  1.29256E+02  2.00000E+01  1.02500E-02  1.02500E-02
b   7   20  7   25  99  1.73082E-01  2.02664E+00 -1.73493E+01  1.83032E+02  2.00000E+01  1.87700E-02  1.87700E-02
b   7   21  7   25  99  3.09842E-01  1.30295E+00  1.52377E+00 -5.46713E-01  2.19077E+00  3.58800E-02  3.58800E-02
b   7   22  7   25  99  3.01425E-01  1.10572E+00  2.12918E+00 -1.01216E+00  2.95558E+00  8.12700E-02  8.12700E-02
b   7   23  7   25  99  2.80238E-01  7.18599E-01  2.53438E+00 -1.40069E+00  3.54014E+00  2.53800E-01  2.53800E-01
b   7   24  7   25  99  2.27845E-01  2.50917E-01  2.17076E+00 -3.22540E-01  4.06705E+00  1.77100E+00  1.77100E+00
b   7    1  7   26  99  3.98862E-01  2.79257E-01 -4.23496E+00  2.32030E+01  3.90417E+00  1.83180E-03  1.83180E-03
b   7    9  7   26  99  3.83468E-01  8.60509E-02 -3.61026E+00  2.26850E+01  3.93200E+00  2.89100E-01  2.89100E-01
b   7   18  7   26  99  1.66296E-01  2.12572E+00 -5.77858E+01  5.93049E+02  2.00000E+01  2.25540E-02  2.25540E-02
b   7   19  7   26  99  1.57037E-01  1.99355E+00 -2.04819E+01  1.37764E+02  2.00000E+01  7.04700E-03  7.04700E-03
b   7   20  7   26  99  1.75613E-01  2.13380E+00 -1.74568E+01  1.80877E+02  2.00000E+01  1.21300E-02  1.21300E-02
b   7   21  7   26  99  3.19330E-01  1.48722E+00  1.55106E+00 -5.41363E-01  2.21837E+00  2.09500E-02  2.09500E-02
b   7   22  7   26  99  3.15775E-01  1.40964E+00  2.15380E+00 -1.00851E+00  2.94499E+00  3.99200E-02  3.99200E-02
b   7   23  7   26  99  2.87391E-01  1.22763E+00  1.97282E+00 -9.49530E-01  2.98977E+00  8.99300E-02  8.99300E-02
b   7   24  7   26  99  2.67889E-01  7.83088E-01  2.35183E+00 -1.32250E+00  3.52276E+00  2.81300E-01  2.81300E-01
b   7   25  7   26  99  4.03620E-01  5.18888E-01  3.74501E+00 -5.87658E-01  4.05423E+00  1.07000E+00  1.07000E+00
f   7    1  6    1  99  5.00000E+00  1.29164E+01
p   7    1  6    1  98  1.52940E+00 -2.51290E+00 -1.15740E-01  1.05470E-02  5.00000E+00  4.75900E+02  4.95000E+02  9.51900E+03
f   7    2  6    1  99  1.00000E+00  1.04160E+01
p   7    2  6    1  99  1.00000E+00  1.04160E+01
f   7    3  6    1  99  1.00000E+00  1.01204E+01
p   7    3  6    1  99  1.00000E+00  1.01204E+01
f   7    4  6    1  99  1.00000E+00  1.00144E+01
p   7    4  6    1  99  1.00000E+00  1.00144E+01
f   7    5  6    1  99  1.00000E+00  1.00540E+01
p   7    5  6    1  99  1.00000E+00  1.00540E+01
f   7    6  6    1  99  1.00000E+00  1.00420E+01
p   7    6  6    1  99  1.00000E+00  1.00420E+01
f   7    7  6    1  99  1.00000E+00  1.00042E+01
p   7    7  6    1  99  1.00000E+00  1.00042E+01
f   7    8  6    1  99  1.00000E+00  1.00042E+01
p   7    8  6    1  99  1.00000E+00  1.00042E+01
f   7    9  6    1  99  1.00000E+00  1.00006E+01
p   7    9  6    1  99  1.00000E+00  1.00006E+01
f   7    2  6    2  99  4.00000E+00  1.04160E+01
p   7    2  6    2  98  1.52940E+00 -2.51290E+00 -1.15740E-01  1.05470E-02  5.00000E+00  4.75900E+02  4.95000E+02  9.51900E+03
f   7   10  6    2  99  2.00000E+00  1.09800E+01
p   7   10  6    2  99  2.00000E+00  1.09800E+01
f   7   11  6    2  99  1.00000E+00  1.01771E+01
p   7   11  6    2  99  1.00000E+00  1.01771E+01
f   7   12  6    2  99  1.00000E+00  1.00327E+01
p   7   12  6    2  99  1.00000E+00  1.00327E+01
f   7   13  6    2  99  1.00000E+00  1.00600E+01
p   7   13  6    2  99  1.00000E+00  1.00600E+01
f   7   14  6    2  99  1.00000E+00  1.00460E+01
p   7   14  6    2  99  1.00000E+00  1.00460E+01
f   7   15  6    2  99  1.00000E+00  1.00132E+01
p   7   15  6    2  99  1.00000E+00  1.00132E+01
f   7   16  6    2  99  1.00000E+00  1.00112E+01
p   7   16  6    2  99  1.00000E+00  1.00112E+01
f   7   17  6    2  99  1.00000E+00  1.00006E+01
p   7   17  6    2  99  1.00000E+00  1.00006E+01
f   7    3  6    3  99  4.00000E+00  1.01204E+01
p   7    3  6    3  98  1.52940E+00 -2.51290E+00 -1.15740E-01  1.05470E-02  5.00000E+00  4.75900E+02  4.95000E+02  9.51900E+03
f   7   11  6    3  99  1.00000E+00  1.01771E+01
p   7   11  6    3  99  1.00000E+00  1.01771E+01
f   7    4  6    4  99  4.00000E+00  1.00144E+01
p   7    4  6    4  98  1.52940E+00 -2.51290E+00 -1.15740E-01  1.05470E-02  5.00000E+00  4.75900E+02  4.95000E+02  9.51900E+03
f   7   12  6    4  99  1.00000E+00  1.00327E+01
p   7   12  6    4  99  1.00000E+00  1.00327E+01
f   7    5  6    5  99  4.00000E+00  1.00540E+01
p   7    5  6    5  98  1.52940E+00 -2.51290E+00 -1.15740E-01  1.05470E-02  5.00000E+00  4.75900E+02  4.95000E+02  9.51900E+03
f   7   13  6    5  99  1.00000E+00  1.00600E+01
p   7   13  6    5  99  1.00000E+00  1.00600E+01
f   7    6  6    6  99  4.00000E+00  1.00420E+01
p   7    6  6    6  98  1.52940E+00 -2.51290E+00 -1.15740E-01  1.05470E-02  5.00000E+00  4.75900E+02  4.95000E+02  9.51900E+03
f   7   14  6    6  99  1.00000E+00  1.00460E+01
p   7   14  6    6  99  1.00000E+00  1.00460E+01
f   7    7  6    7  99  4.00000E+00  1.00042E+01
p   7    7  6    7  98  1.52940E+00 -2.51290E+00 -1.15740E-01  1.05470E-02  5.00000E+00  4.75900E+02  4.95000E+02  9.51900E+03
f   7   15  6    7  99  1.00000E+00  1.00132E+01
p   7   15  6    7  99  1.00000E+00  1.00132E+01
f   7    8  6    8  99  4.00000E+00  1.00042E+01
p   7    8  6    8  98  1.52940E+00 -2.51290E+00 -1.15740E-01  1.05470E-02  5.00000E+00  4.75900E+02  4.95000E+02  9.51900E+03
f   7   16  6    8  99  1.00000E+00  1.00112E+01
p   7   16  6    8  99  1.00000E+00  1.00112E+01
f   7    9  6    9  99  4.00000E+00  1.00006E+01
p   7    9  6    9  98  1.52940E+00 -2.51290E+00 -1.15740E-01  1.05470E-02  5.00000E+00  4.75900E+02  4.95000E+02  9.51900E+03
f   7   17  6    9  99  1.00000E+00  1.00006E+01
p   7   17  6    9  99  1.00000E+00  1.00006E+01
f   7   10  6   10  99  3.00000E+00  1.09800E+01
p   7   10  6   10  98  1.52940E+00 -2.51290E+00 -1.15740E-01  1.05470E-02  5.00000E+00  4.75900E+02  4.95000E+02  9.51900E+03
f   7   11  6   11  99  3.00000E+00  1.01771E+01
p   7   11  6   11  98  1.52940E+00 -2.51290E+00 -1.15740E-01  1.05470E-02  5.00000E+00  4.75900E+02  4.95000E+02  9.51900E+03
f   7   12  6   12  99  3.00000E+00  1.00327E+01
p   7   12  6   12  98  1.52940E+00 -2.51290E+00 -1.15740E-01  1.05470E-02  5.00000E+00  4.75900E+02  4.95000E+02  9.51900E+03
f   7   13  6   13  99  3.00000E+00  1.00600E+01
p   7   13  6   13  98  1.52940E+00 -2.51290E+00 -1.15740E-01  1.05470E-02  5.00000E+00  4.75900E+02  4.95000E+02  9.51900E+03
f   7   14  6   14  99  3.00000E+00  1.00460E+01
p   7   14  6   14  98  1.52940E+00 -2.51290E+00 -1.15740E-01  1.05470E-02  5.00000E+00  4.75900E+02  4.95000E+02  9.51900E+03
f   7   15  6   15  99  3.00000E+00  1.00132E+01
p   7   15  6   15  98  1.52940E+00 -2.51290E+00 -1.15740E-01  1.05470E-02  5.00000E+00  4.75900E+02  4.95000E+02  9.51900E+03
f   7   16  6   16  99  3.00000E+00  1.00112E+01
p   7   16  6   16  98  1.52940E+00 -2.51290E+00 -1.15740E-01  1.05470E-02  5.00000E+00  4.75900E+02  4.95000E+02  9.51900E+03
f   7   17  6   17  99  3.00000E+00  1.00006E+01
p   7   17  6   17  98  1.52940E+00 -2.51290E+00 -1.15740E-01  1.05470E-02  5.00000E+00  4.75900E+02  4.95000E+02  9.51900E+03
f   7    1  6   18  99  2.00000E+00  1.29164E+01
p   7    1  6   18  98  2.08800E+00 -2.49740E+00 -1.92720E-01  1.86340E-02  2.00000E+00  2.77000E+03  2.88100E+03  5.54000E+04
f   7   18  6   18  99  6.00000E+00  1.35525E+01
p   7   18  6   18  98  1.52940E+00 -2.51290E+00 -1.15740E-01  1.05470E-02  5.00000E+00  4.75900E+02  4.95000E+02  9.51900E+03
f   7   19  6   18  99  1.00000E+00  1.04960E+01
p   7   19  6   18  99  1.00000E+00  1.04960E+01
f   7   20  6   18  99  1.00000E+00  1.01436E+01
p   7   20  6   18  99  1.00000E+00  1.01436E+01
f   7   21  6   18  99  1.00000E+00  1.00135E+01
p   7   21  6   18  99  1.00000E+00  1.00135E+01
f   7   22  6   18  99  1.00000E+00  1.00630E+01
p   7   22  6   18  99  1.00000E+00  1.00630E+01
f   7   23  6   18  99  1.00000E+00  1.00510E+01
p   7   23  6   18  99  1.00000E+00  1.00510E+01
f   7   24  6   18  99  1.00000E+00  1.00051E+01
p   7   24  6   18  99  1.00000E+00  1.00051E+01
f   7   25  6   18  99  1.00000E+00  1.00051E+01
p   7   25  6   18  99  1.00000E+00  1.00051E+01
f   7   26  6   18  99  1.00000E+00  1.00006E+01
p   7   26  6   18  99  1.00000E+00  1.00006E+01
f   7    2  6   19  99  2.00000E+00  1.04160E+01
p   7    2  6   19  98  2.08800E+00 -2.49740E+00 -1.92720E-01  1.86340E-02  2.00000E+00  2.77000E+03  2.88100E+03  5.54000E+04
f   7   19  6   19  99  5.00000E+00  1.04960E+01
p   7   19  6   19  98  1.52940E+00 -2.51290E+00 -1.15740E-01  1.05470E-02  5.00000E+00  4.75900E+02  4.95000E+02  9.51900E+03
f   7    3  6   20  99  2.00000E+00  1.01204E+01
p   7    3  6   20  98  2.08800E+00 -2.49740E+00 -1.92720E-01  1.86340E-02  2.00000E+00  2.77000E+03  2.88100E+03  5.54000E+04
f   7   20  6   20  99  5.00000E+00  1.01436E+01
p   7   20  6   20  98  1.52940E+00 -2.51290E+00 -1.15740E-01  1.05470E-02  5.00000E+00  4.75900E+02  4.95000E+02  9.51900E+03
f   7    4  6   21  99  2.00000E+00  1.00144E+01
p   7    4  6   21  98  2.08800E+00 -2.49740E+00 -1.92720E-01  1.86340E-02  2.00000E+00  2.77000E+03  2.88100E+03  5.54000E+04
f   7   21  6   21  99  5.00000E+00  1.00135E+01
p   7   21  6   21  98  1.52940E+00 -2.51290E+00 -1.15740E-01  1.05470E-02  5.00000E+00  4.75900E+02  4.95000E+02  9.51900E+03
f   7    5  6   22  99  2.00000E+00  1.00540E+01
p   7    5  6   22  98  2.08800E+00 -2.49740E+00 -1.92720E-01  1.86340E-02  2.00000E+00  2.77000E+03  2.88100E+03  5.54000E+04
f   7   22  6   22  99  5.00000E+00  1.00630E+01
p   7   22  6   22  98  1.52940E+00 -2.51290E+00 -1.15740E-01  1.05470E-02  5.00000E+00  4.75900E+02  4.95000E+02  9.51900E+03
f   7    6  6   23  99  2.00000E+00  1.00420E+01
p   7    6  6   23  98  2.08800E+00 -2.49740E+00 -1.92720E-01  1.86340E-02  2.00000E+00  2.77000E+03  2.88100E+03  5.54000E+04
f   7   23  6   23  99  5.00000E+00  1.00510E+01
p   7   23  6   23  98  1.52940E+00 -2.51290E+00 -1.15740E-01  1.05470E-02  5.00000E+00  4.75900E+02  4.95000E+02  9.51900E+03
f   7    7  6   24  99  2.00000E+00  1.00042E+01
p   7    7  6   24  98  2.08800E+00 -2.49740E+00 -1.92720E-01  1.86340E-02  2.00000E+00  2.77000E+03  2.88100E+03  5.54000E+04
f   7   24  6   24  99  5.00000E+00  1.00051E+01
p   7   24  6   24  98  1.52940E+00 -2.51290E+00 -1.15740E-01  1.05470E-02  5.00000E+00  4.75900E+02  4.95000E+02  9.51900E+03
f   7    8  6   25  99  2.00000E+00  1.00042E+01
p   7    8  6   25  98  2.08800E+00 -2.49740E+00 -1.92720E-01  1.86340E-02  2.00000E+00  2.77000E+03  2.88100E+03  5.54000E+04
f   7   25  6   25  99  5.00000E+00  1.00051E+01
p   7   25  6   25  98  1.52940E+00 -2.51290E+00 -1.15740E-01  1.05470E-02  5.00000E+00  4.75900E+02  4.95000E+02  9.51900E+03
f   7    9  6   26  99  2.00000E+00  1.00006E+01
p   7    9  6   26  98  2.08800E+00 -2.49740E+00 -1.92720E-01  1.86340E-02  2.00000E+00  2.77000E+03  2.88100E+03  5.54000E+04
f   7   26  6   26  99  5.00000E+00  1.00006E+01
p   7   26  6   26  98  1.52940E+00 -2.51290E+00 -1.15740E-01  1.05470E-02  5.00000E+00  4.75900E+02  4.95000E+02  9.51900E+03
a   7   10  6    1   1.06372E+14
a   7   11  6    1   1.89562E+13
a   7   12  6    1   5.94225E+12
a   7   13  6    1   2.35819E+12
a   7   14  6    1   1.09108E+12
a   7   15  6    1   5.59631E+11
a   7   16  6    1   3.10556E+11
a   7   17  6    1   1.83379E+11
a   7   18  6    1   5.28180E+14
a   7   19  6    1   1.42810E+13
a   7   20  6    1   2.95200E+12
a   7   21  6    1   9.19600E+11
a   7   22  6    1   3.58825E+11
a   7   23  6    1   1.66015E+11
a   7   24  6    1   8.51500E+10
a   7   25  6    1   4.72525E+10
a   7   26  6    1   2.79025E+10
a   7   19  6    2   3.52120E+14
a   7   20  6    3   3.52120E+14
a   7   21  6    4   3.52120E+14
a   7   22  6    5   3.52120E+14
a   7   23  6    6   3.52120E+14
a   7   24  6    7   3.52120E+14
a   7   25  6    8   3.52120E+14
a   7   26  6    9   3.52120E+14
b   8    1  8    2  99  1.10612E-01  1.28914E+00 -2.91048E+01  2.43643E+02  2.00000E+01  2.15820E+00  2.15820E+00
b   8    1  8    3  99  1.01687E-01  9.89618E-01 -5.57839E+00  1.60517E+01  6.59570E+00  5.97000E-01  5.97000E-01
b   8    2  8    3  99  2.64878E-01  6.18732E-02  1.58140E+00 -5.75319E-01  2.09423E+00  6.78200E-01  6.78200E-01
b   8    1  8    4  99  9.33244E-02  1.20614E+00 -1.29662E+01 -1.30024E+01  2.00000E+01  2.54340E-01  2.54340E-01
b   8    2  8    4  99  1.38128E-01  1.21930E+00 -1.82431E+01  1.94173E+02  2.00000E+01  1.42100E-01  1.42100E-01
b   8    3  8    4  99  2.55571E-01  9.25516E-02  2.06794E+00 -1.07323E+00  2.79303E+00  9.37800E-01  9.37800E-01
b   8    1  8    5  99  1.26379E-01  1.64137E+00 -3.06620E+01  2.07413E+02  2.00000E+01  1.18620E-01  1.18620E-01
b   8    2  8    5  99  1.89961E-01  1.56793E+00 -2.34275E+01  2.77226E+02  2.00000E+01  5.05900E-02  5.05900E-02
b   8    3  8    5  99  2.95276E-01  6.07692E-01  1.56885E+00 -5.87023E-01  2.11360E+00  1.62800E-01  1.62800E-01
b   8    4  8    5  99  2.68294E-01  1.09784E-01  2.62881E+00 -1.49443E+00  3.38315E+00  1.12700E+00  1.12700E+00
b   8    1  8    6  99  1.28569E-01  1.67508E+00 -3.19012E+01  2.24116E+02  2.00000E+01  7.05600E-02  7.05600E-02
b   8    2  8    6  99  1.91154E-01  1.70836E+00 -2.37589E+01  2.68937E+02  2.00000E+01  2.61200E-02  2.61200E-02
b   8    3  8    6  99  3.18487E-01  8.52311E-01  1.70519E+00 -6.36077E-01  2.19620E+00  6.19400E-02  6.19400E-02
b   8    4  8    6  99  2.93084E-01  6.47298E-01  2.19843E+00 -1.06264E+00  2.93322E+00  1.93500E-01  1.93500E-01
b   8    5  8    6  99  2.46773E-01  1.91807E-01  2.32427E+00 -1.32669E+00  3.38034E+00  1.35700E+00  1.35700E+00
b   8    1  8    7  99  1.27527E-01  1.67517E+00 -3.10762E+01  2.10460E+02  2.00000E+01  4.55580E-02  4.55580E-02
b   8    2  8    7  99  1.92051E-01  1.79638E+00 -2.38054E+01  2.61679E+02  2.00000E+01  1.55000E-02  1.55000E-02
b   8    3  8    7  99  3.29195E-01  1.03162E+00  1.69675E+00 -6.23949E-01  2.15430E+00  3.13400E-02  3.13400E-02
b   8    4  8    7  99  2.84354E-01  1.12106E+00  1.32741E+00 -4.40395E-01  2.12213E+00  7.11200E-02  7.11200E-02
b   8    5  8    7  99  2.88797E-01  6.75370E-01  2.65538E+00 -1.47104E+00  3.55726E+00  2.24000E-01  2.24000E-01
b   8    6  8    7  99  2.33177E-01  2.44383E-01  2.21047E+00 -2.89756E-01  4.05360E+00  1.56600E+00  1.56600E+00
b   8    1  8    8  99  1.27280E-01  1.67804E+00 -3.07443E+01  2.04741E+02  2.00000E+01  3.11760E-02  3.11760E-02
b   8    2  8    8  99  1.93532E-01  1.85396E+00 -2.38547E+01  2.58836E+02  2.00000E+01  1.00400E-02  1.00400E-02
b   8    3  8    8  99  3.37104E-01  1.15473E+00  1.70637E+00 -5.90822E-01  2.15949E+00  1.84700E-02  1.84700E-02
b   8    4  8    8  99  2.99538E-01  1.36083E+00  1.39613E+00 -4.76492E-01  2.14521E+00  3.53800E-02  3.53800E-02
b   8    5  8    8  99  2.92760E-01  1.15663E+00  1.99219E+00 -9.45300E-01  2.91293E+00  8.04800E-02  8.04800E-02
b   8    6  8    8  99  2.72916E-01  7.62255E-01  2.39548E+00 -1.30790E+00  3.51295E+00  2.52400E-01  2.52400E-01
b   8    7  8    8  99  2.23045E-01  2.84109E-01  2.07858E+00 -3.02166E-01  4.06153E+00  1.77000E+00  1.77000E+00
b   8    1  8    9  99  1.30340E-01  1.70798E+00 -3.26717E+01  2.33746E+02  2.00000E+01  2.22840E-02  2.22840E-02
b   8    2  8    9  99  1.92675E-01  1.90145E+00 -2.37472E+01  2.51729E+02  2.00000E+01  6.91900E-03  6.91900E-03
b   8    3  8    9  99  3.42835E-01  1.24470E+00  1.73527E+00 -5.72641E-01  2.20121E+00  1.19500E-02  1.19500E-02
b   8    4  8    9  99  3.09547E-01  1.54255E+00  1.43569E+00 -4.95122E-01  2.15777E+00  2.06700E-02  2.06700E-02
b   8    5  8    9  99  3.07464E-01  1.45884E+00  2.05641E+00 -9.34099E-01  2.97944E+00  3.95100E-02  3.95100E-02
b   8    6  8    9  99  2.96759E-01  1.19154E+00  2.53038E+00 -1.35501E+00  3.58029E+00  8.93000E-02  8.93000E-02
b   8    7  8    9  99  2.64353E-01  8.06468E-01  2.40997E+00 -3.30085E-01  4.23475E+00  2.80300E-01  2.80300E-01
b   8    8  8    9  99  3.69039E-01  5.35505E-01  3.33568E+00 -5.56705E-01  4.01317E+00  1.14800E+00  1.14800E+00
b   8    1  8   10  98  0.00000E+00  0.00000E+00  0.00000E+00  0.00000E+00  0.00000E+00  9.36072E-02  1.87214E-03
b   8    2  8   10  99  1.10612E-01  1.28914E+00 -2.91048E+01  2.43643E+02  2.00000E+01  1.69858E+00  1.69858E+00
b   8    1  8   11  98  0.00000E+00  0.00000E+00  0.00000E+00  0.00000E+00  0.00000E+00  1.21586E-01  2.43172E-03
b   8    2  8   11  99  1.01687E-01  9.89618E-01 -5.57839E+00  1.60517E+01  6.59570E+00  4.97500E-01  4.97500E-01
b   8    3  8   11  99  1.10612E-01  1.28914E+00 -2.91048E+01  2.43643E+02  2.00000E+01  1.79850E+00  1.79850E+00
b   8   10  8   11  99  2.64878E-01  6.18732E-02  1.58140E+00 -5.75319E-01  2.09423E+00  1.35640E+00  1.35640E+00
b   8    1  8   12  98  0.00000E+00  0.00000E+00  0.00000E+00  0.00000E+00  0.00000E+00  1.73742E-01  3.47484E-03
b   8    2  8   12  99  9.33244E-02  1.20614E+00 -1.29662E+01 -1.30024E+01  2.00000E+01  2.11950E-01  2.11950E-01
b   8    4  8   12  99  1.10612E-01  1.28914E+00 -2.91048E+01  2.43643E+02  2.00000E+01  1.79850E+00  1.79850E+00
b   8   10  8   12  99  1.38128E-01  1.21930E+00 -1.82431E+01  1.94173E+02  2.00000E+01  2.84200E-01  2.84200E-01
b   8   11  8   12  99  2.55571E-01  9.25516E-02  2.06794E+00 -1.07323E+00  2.79303E+00  9.37800E-01  9.37800E-01
b   8    1  8   13  98  0.00000E+00  0.00000E+00  0.00000E+00  0.00000E+00  0.00000E+00  2.39646E-01  4.79292E-03
b   8    2  8   13  99  1.26379E-01  1.64137E+00 -3.06620E+01  2.07413E+02  2.00000E+01  9.88500E-02  9.88500E-02
b   8    5  8   13  99  1.10612E-01  1.28914E+00 -2.91048E+01  2.43643E+02  2.00000E+01  1.79850E+00  1.79850E+00
b   8   10  8   13  99  1.89961E-01  1.56793E+00 -2.34275E+01  2.77226E+02  2.00000E+01  1.01180E-01  1.01180E-01
b   8   11  8   13  99  2.95276E-01  6.07692E-01  1.56885E+00 -5.87023E-01  2.11360E+00  1.62800E-01  1.62800E-01
b   8   12  8   13  99  2.68294E-01  1.09784E-01  2.62881E+00 -1.49443E+00  3.38315E+00  1.12700E+00  1.12700E+00
b   8    1  8   14  98  0.00000E+00  0.00000E+00  0.00000E+00  0.00000E+00  0.00000E+00  3.17514E-01  6.35027E-03
b   8    2  8   14  99  1.28569E-01  1.67508E+00 -3.19012E+01  2.24116E+02  2.00000E+01  5.88000E-02  5.88000E-02
b   8    6  8   14  99  1.10612E-01  1.28914E+00 -2.91048E+01  2.43643E+02  2.00000E+01  1.79850E+00  1.79850E+00
b   8   10  8   14  99  1.91154E-01  1.70836E+00 -2.37589E+01  2.68937E+02  2.00000E+01  5.22400E-02  5.22400E-02
b   8   11  8   14  99  3.18487E-01  8.52311E-01  1.70519E+00 -6.36077E-01  2.19620E+00  6.19400E-02  6.19400E-02
b   8   12  8   14  99  2.93084E-01  6.47298E-01  2.19843E+00 -1.06264E+00  2.93322E+00  1.93500E-01  1.93500E-01
b   8   13  8   14  99  2.46773E-01  1.91807E-01  2.32427E+00 -1.32669E+00  3.38034E+00  1.35700E+00  1.35700E+00
b   8    1  8   15  98  0.00000E+00  0.00000E+00  0.00000E+00  0.00000E+00  0.00000E+00  4.07398E-01  8.14796E-03
b   8    2  8   15  99  1.27527E-01  1.67517E+00 -3.10762E+01  2.10460E+02  2.00000E+01  3.79650E-02  3.79650E-02
b   8    7  8   15  99  1.10612E-01  1.28914E+00 -2.91048E+01  2.43643E+02  2.00000E+01  1.79850E+00  1.79850E+00
b   8   10  8   15  99  1.92051E-01  1.79638E+00 -2.38054E+01  2.61679E+02  2.00000E+01  3.10000E-02  3.10000E-02
b   8   11  8   15  99  3.29195E-01  1.03162E+00  1.69675E+00 -6.23949E-01  2.15430E+00  3.13400E-02  3.13400E-02
b   8   12  8   15  99  2.84354E-01  1.12106E+00  1.32741E+00 -4.40395E-01  2.12213E+00  7.11200E-02  7.11200E-02
b   8   13  8   15  99  2.88797E-01  6.75370E-01  2.65538E+00 -1.47104E+00  3.55726E+00  2.24000E-01  2.24000E-01
b   8   14  8   15  99  2.33177E-01  2.44383E-01  2.21047E+00 -2.89756E-01  4.05360E+00  1.56600E+00  1.56600E+00
b   8    1  8   16  98  0.00000E+00  0.00000E+00  0.00000E+00  0.00000E+00  0.00000E+00  5.09721E-01  1.01944E-02
b   8    2  8   16  99  1.27280E-01  1.67804E+00 -3.07443E+01  2.04741E+02  2.00000E+01  2.59800E-02  2.59800E-02
b   8    8  8   16  99  1.10612E-01  1.28914E+00 -2.91048E+01  2.43643E+02  2.00000E+01  1.79850E+00  1.79850E+00
b   8   10  8   16  99  1.93532E-01  1.85396E+00 -2.38547E+01  2.58836E+02  2.00000E+01  2.00800E-02  2.00800E-02
b   8   11  8   16  99  3.37104E-01  1.15473E+00  1.70637E+00 -5.90822E-01  2.15949E+00  1.84700E-02  1.84700E-02
b   8   12  8   16  99  2.99538E-01  1.36083E+00  1.39613E+00 -4.76492E-01  2.14521E+00  3.53800E-02  3.53800E-02
b   8   13  8   16  99  2.92760E-01  1.15663E+00  1.99219E+00 -9.45300E-01  2.91293E+00  8.04800E-02  8.04800E-02
b   8   14  8   16  99  2.72916E-01  7.62255E-01  2.39548E+00 -1.30790E+00  3.51295E+00  2.52400E-01  2.52400E-01
b   8   15  8   16  99  2.23045E-01  2.84109E-01  2.07858E+00 -3.02166E-01  4.06153E+00  1.77000E+00  1.77000E+00
b   8    1  8   17  98  0.00000E+00  0.00000E+00  0.00000E+00  0.00000E+00  0.00000E+00  6.24169E-01  1.24834E-02
b   8    2  8   17  99  1.30340E-01  1.70798E+00 -3.26717E+01  2.33746E+02  2.00000E+01  1.85700E-02  1.85700E-02
b   8    9  8   17  99  1.10612E-01  1.28914E+00 -2.91048E+01  2.43643E+02  2.00000E+01  1.79850E+00  1.79850E+00
b   8   10  8   17  99  1.92675E-01  1.90145E+00 -2.37472E+01  2.51729E+02  2.00000E+01  1.38380E-02  1.38380E-02
b   8   11  8   17  99  3.42835E-01  1.24470E+00  1.73527E+00 -5.72641E-01  2.20121E+00  1.19500E-02  1.19500E-02
b   8   12  8   17  99  3.09547E-01  1.54255E+00  1.43569E+00 -4.95122E-01  2.15777E+00  2.06700E-02  2.06700E-02
b   8   13  8   17  99  3.07464E-01  1.45884E+00  2.05641E+00 -9.34099E-01  2.97944E+00  3.95100E-02  3.95100E-02
b   8   14  8   17  99  2.96759E-01  1.19154E+00  2.53038E+00 -1.35501E+00  3.58029E+00  8.93000E-02  8.93000E-02
b   8   15  8   17  99  2.64353E-01  8.06468E-01  2.40997E+00 -3.30085E-01  4.23475E+00  2.80300E-01  2.80300E-01
b   8   16  8   17  99  3.69039E-01  5.35505E-01  3.33568E+00 -5.56705E-01  4.01317E+00  1.14800E+00  1.14800E+00
b   8    1  8   18  99  3.87674E-01  7.37274E-02 -3.56356E+00  2.27259E+01  3.92631E+00  1.36900E-01  1.36900E-01
b   8    1  8   19  99  3.83175E-01  1.81652E-01 -3.73336E+00  2.19129E+01  3.89427E+00  8.66000E-02  8.66000E-02
b   8    2  8   19  99  3.87674E-01  7.37274E-02 -3.56356E+00  2.27259E+01  3.92631E+00  2.05350E-01  2.05350E-01
b   8   18  8   19  99  1.10612E-01  1.28914E+00 -2.91048E+01  2.43643E+02  2.00000E+01  2.51790E+00  2.51790E+00
b   8    1  8   20  99  3.78167E-01  2.17293E-01 -3.81461E+00  2.17363E+01  3.89693E+00  3.18600E-02  3.18600E-02
b   8    3  8   20  99  3.87674E-01  7.37274E-02 -3.56356E+00  2.27259E+01  3.92631E+00  2.05350E-01  2.05350E-01
b   8   18  8   20  99  1.01687E-01  9.89618E-01 -5.57839E+00  1.60517E+01  6.59570E+00  6.96500E-01  6.96500E-01
b   8   19  8   20  99  2.64878E-01  6.18732E-02  1.58140E+00 -5.75319E-01  2.09423E+00  6.78200E-01  6.78200E-01
b   8    1  8   21  99  3.73903E-01  2.18997E-01 -3.72931E+00  2.12151E+01  3.88326E+00  1.53000E-02  1.53000E-02
b   8    4  8   21  99  3.87674E-01  7.37274E-02 -3.56356E+00  2.27259E+01  3.92631E+00  2.05350E-01  2.05350E-01
b   8   18  8   21  99  9.33244E-02  1.20614E+00 -1.29662E+01 -1.30024E+01  2.00000E+01  2.96730E-01  2.96730E-01
b   8   19  8   21  99  1.38128E-01  1.21930E+00 -1.82431E+01  1.94173E+02  2.00000E+01  1.42100E-01  1.42100E-01
b   8   20  8   21  99  2.55571E-01  9.25516E-02  2.06794E+00 -1.07323E+00  2.79303E+00  9.37800E-01  9.37800E-01
b   8    1  8   22  99  4.07400E-01  2.46475E-01 -4.17692E+00  2.34177E+01  3.88779E+00  7.91200E-03  7.91200E-03
b   8    5  8   22  99  3.87674E-01  7.37274E-02 -3.56356E+00  2.27259E+01  3.92631E+00  2.05350E-01  2.05350E-01
b   8   18  8   22  99  1.26379E-01  1.64137E+00 -3.06620E+01  2.07413E+02  2.00000E+01  1.38390E-01  1.38390E-01
b   8   19  8   22  99  1.89961E-01  1.56793E+00 -2.34275E+01  2.77226E+02  2.00000E+01  5.05900E-02  5.05900E-02
b   8   20  8   22  99  2.95276E-01  6.07692E-01  1.56885E+00 -5.87023E-01  2.11360E+00  1.62800E-01  1.62800E-01
b   8   21  8   22  99  2.68294E-01  1.09784E-01  2.62881E+00 -1.49443E+00  3.38315E+00  1.12700E+00  1.12700E+00
b   8    1  8   23  99  4.04903E-01  2.48315E-01 -4.19865E+00  2.35271E+01  3.90288E+00  4.86400E-03  4.86400E-03
b   8    6  8   23  99  3.87674E-01  7.37274E-02 -3.56356E+00  2.27259E+01  3.92631E+00  2.05350E-01  2.05350E-01
b   8   18  8   23  99  1.28569E-01  1.67508E+00 -3.19012E+01  2.24116E+02  2.00000E+01  8.23200E-02  8.23200E-02
b   8   19  8   23  99  1.91154E-01  1.70836E+00 -2.37589E+01  2.68937E+02  2.00000E+01  2.61200E-02  2.61200E-02
b   8   20  8   23  99  3.18487E-01  8.52311E-01  1.70519E+00 -6.36077E-01  2.19620E+00  6.19400E-02  6.19400E-02
b   8   21  8   23  99  2.93084E-01  6.47298E-01  2.19843E+00 -1.06264E+00  2.93322E+00  1.93500E-01  1.93500E-01
b   8   22  8   23  99  2.46773E-01  1.91807E-01  2.32427E+00 -1.32669E+00  3.38034E+00  1.35700E+00  1.35700E+00
b   8    1  8   24  99  4.04431E-01  2.41774E-01 -4.11844E+00  2.31827E+01  3.88777E+00  3.20200E-03  3.20200E-03
b   8    7  8   24  99  3.87674E-01  7.37274E-02 -3.56356E+00  2.27259E+01  3.92631E+00  2.05350E-01  2.05350E-01
b   8   18  8   24  99  1.27527E-01  1.67517E+00 -3.10762E+01  2.10460E+02  2.00000E+01  5.31510E-02  5.31510E-02
b   8   19  8   24  99  1.92051E-01  1.79638E+00 -2.38054E+01  2.61679E+02  2.00000E+01  1.55000E-02  1.55000E-02
b   8   20  8   24  99  3.29195E-01  1.03162E+00  1.69675E+00 -6.23949E-01  2.15430E+00  3.13400E-02  3.13400E-02
b   8   21  8   24  99  2.84354E-01  1.12106E+00  1.32741E+00 -4.40395E-01  2.12213E+00  7.11200E-02  7.11200E-02
b   8   22  8   24  99  2.88797E-01  6.75370E-01  2.65538E+00 -1.47104E+00  3.55726E+00  2.24000E-01  2.24000E-01
b   8   23  8   24  99  2.33177E-01  2.44383E-01  2.21047E+00 -2.89756E-01  4.05360E+00  1.56600E+00  1.56600E+00
b   8    1  8   25  99  4.01500E-01  2.46689E-01 -4.13184E+00  2.31394E+01  3.89316E+00  2.22000E-03  2.22000E-03
b   8    8  8   25  99  3.87674E-01  7.37274E-02 -3.56356E+00  2.27259E+01  3.92631E+00  2.05350E-01  2.05350E-01
b   8   18  8   25  99  1.27280E-01  1.67804E+00 -3.07443E+01  2.04741E+02  2.00000E+01  3.63720E-02  3.63720E-02
b   8   19  8   25  99  1.93532E-01  1.85396E+00 -2.38547E+01  2.58836E+02  2.00000E+01  1.00400E-02  1.00400E-02
b   8   20  8   25  99  3.37104E-01  1.15473E+00  1.70637E+00 -5.90822E-01  2.15949E+00  1.84700E-02  1.84700E-02
b   8   21  8   25  99  2.99538E-01  1.36083E+00  1.39613E+00 -4.76492E-01  2.14521E+00  3.53800E-02  3.53800E-02
b   8   22  8   25  99  2.92760E-01  1.15663E+00  1.99219E+00 -9.45300E-01  2.91293E+00  8.04800E-02  8.04800E-02
b   8   23  8   25  99  2.72916E-01  7.62255E-01  2.39548E+00 -1.30790E+00  3.51295E+00  2.52400E-01  2.52400E-01
b   8   24  8   25  99  2.23045E-01  2.84109E-01  2.07858E+00 -3.02166E-01  4.06153E+00  1.77000E+00  1.77000E+00
b   8    1  8   26  99  4.00995E-01  2.45039E-01 -4.12086E+00  2.31217E+01  3.89555E+00  1.59880E-03  1.59880E-03
b   8    9  8   26  99  3.87674E-01  7.37274E-02 -3.56356E+00  2.27259E+01  3.92631E+00  2.05350E-01  2.05350E-01
b   8   18  8   26  99  1.30340E-01  1.70798E+00 -3.26717E+01  2.33746E+02  2.00000E+01  2.59980E-02  2.59980E-02
b   8   19  8   26  99  1.92675E-01  1.90145E+00 -2.37472E+01  2.51729E+02  2.00000E+01  6.91900E-03  6.91900E-03
b   8   20  8   26  99  3.42835E-01  1.24470E+00  1.73527E+00 -5.72641E-01  2.20121E+00  1.19500E-02  1.19500E-02
b   8   21  8   26  99  3.09547E-01  1.54255E+00  1.43569E+00 -4.95122E-01  2.15777E+00  2.06700E-02  2.06700E-02
b   8   22  8   26  99  3.07464E-01  1.45884E+00  2.05641E+00 -9.34099E-01  2.97944E+00  3.95100E-02  3.95100E-02
b   8   23  8   26  99  2.96759E-01  1.19154E+00  2.53038E+00 -1.35501E+00  3.58029E+00  8.93000E-02  8.93000E-02
b   8   24  8   26  99  2.64353E-01  8.06468E-01  2.40997E+00 -3.30085E-01  4.23475E+00  2.80300E-01  2.80300E-01
b   8   25  8   26  99  3.69039E-01  5.35505E-01  3.33568E+00 -5.56705E-01  4.01317E+00  1.14800E+00  1.14800E+00
f   8    1  7    1  99  6.00000E+00  1.26145E+01
p   8    1  7    1  98  1.60450E+00 -2.44530E+00 -1.35890E-01  1.32740E-02  6.00000E+00  4.25100E+02  4.42100E+02  8.50300E+03
f   8    2  7    1  99  1.00000E+00  9.51200E+00
p   8    2  7    1  99  1.00000E+00  9.51200E+00
f   8    3  7    1  99  1.00000E+00  9.14820E+00
p   8    3  7    1  99  1.00000E+00  9.14820E+00
f   8    4  7    1  99  1.00000E+00  9.01650E+00
p   8    4  7    1  99  1.00000E+00  9.01650E+00
f   8    5  7    1  99  1.00000E+00  9.06600E+00
p   8    5  7    1  99  1.00000E+00  9.06600E+00
f   8    6  7    1  99  1.00000E+00  9.05200E+00
p   8    6  7    1  99  1.00000E+00  9.05200E+00
f   8    7  7    1  99  1.00000E+00  9.00520E+00
p   8    7  7    1  99  1.00000E+00  9.00520E+00
f   8    8  7    1  99  1.00000E+00  9.00520E+00
p   8    8  7    1  99  1.00000E+00  9.00520E+00
f   8    9  7    1  99  1.00000E+00  9.00070E+00
p   8    9  7    1  99  1.00000E+00  9.00070E+00
f   8    2  7    2  99  5.00000E+00  9.51200E+00
p   8    2  7    2  98  1.60450E+00 -2.44530E+00 -1.35890E-01  1.32740E-02  6.00000E+00  4.25100E+02  4.42100E+02  8.50300E+03
f   8   10  7    2  99  2.00000E+00  1.00760E+01
p   8   10  7    2  99  2.00000E+00  1.00760E+01
f   8   11  7    2  99  1.00000E+00  9.20490E+00
p   8   11  7    2  99  1.00000E+00  9.20490E+00
f   8   12  7    2  99  1.00000E+00  9.03480E+00
p   8   12  7    2  99  1.00000E+00  9.03480E+00
f   8   13  7    2  99  1.00000E+00  9.07200E+00
p   8   13  7    2  99  1.00000E+00  9.07200E+00
f   8   14  7    2  99  1.00000E+00  9.05600E+00
p   8   14  7    2  99  1.00000E+00  9.05600E+00
f   8   15  7    2  99  1.00000E+00  9.01420E+00
p   8   15  7    2  99  1.00000E+00  9.01420E+00
f   8   16  7    2  99  1.00000E+00  9.01220E+00
p   8   16  7    2  99  1.00000E+00  9.01220E+00
f   8   17  7    2  99  1.00000E+00  9.00070E+00
p   8   17  7    2  99  1.00000E+00  9.00070E+00
f   8    3  7    3  99  5.00000E+00  9.14820E+00
p   8    3  7    3  98  1.60450E+00 -2.44530E+00 -1.35890E-01  1.32740E-02  6.00000E+00  4.25100E+02  4.42100E+02  8.50300E+03
f   8   11  7    3  99  1.00000E+00  9.20490E+00
p   8   11  7    3  99  1.00000E+00  9.20490E+00
f   8    4  7    4  99  5.00000E+00  9.01650E+00
p   8    4  7    4  98  1.60450E+00 -2.44530E+00 -1.35890E-01  1.32740E-02  6.00000E+00  4.25100E+02  4.42100E+02  8.50300E+03
f   8   12  7    4  99  1.00000E+00  9.03480E+00
p   8   12  7    4  99  1.00000E+00  9.03480E+00
f   8    5  7    5  99  5.00000E+00  9.06600E+00
p   8    5  7    5  98  1.60450E+00 -2.44530E+00 -1.35890E-01  1.32740E-02  6.00000E+00  4.25100E+02  4.42100E+02  8.50300E+03
f   8   13  7    5  99  1.00000E+00  9.07200E+00
p   8   13  7    5  99  1.00000E+00  9.07200E+00
f   8    6  7    6  99  5.00000E+00  9.05200E+00
p   8    6  7    6  98  1.60450E+00 -2.44530E+00 -1.35890E-01  1.32740E-02  6.00000E+00  4.25100E+02  4.42100E+02  8.50300E+03
f   8   14  7    6  99  1.00000E+00  9.05600E+00
p   8   14  7    6  99  1.00000E+00  9.05600E+00
f   8    7  7    7  99  5.00000E+00  9.00520E+00
p   8    7  7    7  98  1.60450E+00 -2.44530E+00 -1.35890E-01  1.32740E-02  6.00000E+00  4.25100E+02  4.42100E+02  8.50300E+03
f   8   15  7    7  99  1.00000E+00  9.01420E+00
p   8   15  7    7  99  1.00000E+00  9.01420E+00
f   8    8  7    8  99  5.00000E+00  9.00520E+00
p   8    8  7    8  98  1.60450E+00 -2.44530E+00 -1.35890E-01  1.32740E-02  6.00000E+00  4.25100E+02  4.42100E+02  8.50300E+03
f   8   16  7    8  99  1.00000E+00  9.01220E+00
p   8   16  7    8  99  1.00000E+00  9.01220E+00
f   8    9  7    9  99  5.00000E+00  9.00070E+00
p   8    9  7    9  98  1.60450E+00 -2.44530E+00 -1.35890E-01  1.32740E-02  6.00000E+00  4.25100E+02  4.42100E+02  8.50300E+03
f   8   17  7    9  99  1.00000E+00  9.00070E+00
p   8   17  7    9  99  1.00000E+00  9.00070E+00
f   8   10  7   10  99  4.00000E+00  1.00760E+01
p   8   10  7   10  98  1.60450E+00 -2.44530E+00 -1.35890E-01  1.32740E-02  6.00000E+00  4.25100E+02  4.42100E+02  8.50300E+03
f   8   11  7   11  99  4.00000E+00  9.20490E+00
p   8   11  7   11  98  1.60450E+00 -2.44530E+00 -1.35890E-01  1.32740E-02  6.00000E+00  4.25100E+02  4.42100E+02  8.50300E+03
f   8   12  7   12  99  4.00000E+00  9.03480E+00
p   8   12  7   12  98  1.60450E+00 -2.44530E+00 -1.35890E-01  1.32740E-02  6.00000E+00  4.25100E+02  4.42100E+02  8.50300E+03
f   8   13  7   13  99  4.00000E+00  9.07200E+00
p   8   13  7   13  98  1.60450E+00 -2.44530E+00 -1.35890E-01  1.32740E-02  6.00000E+00  4.25100E+02  4.42100E+02  8.50300E+03
f   8   14  7   14  99  4.00000E+00  9.05600E+00
p   8   14  7   14  98  1.60450E+00 -2.44530E+00 -1.35890E-01  1.32740E-02  6.00000E+00  4.25100E+02  4.42100E+02  8.50300E+03
f   8   15  7   15  99  4.00000E+00  9.01420E+00
p   8   15  7   15  98  1.60450E+00 -2.44530E+00 -1.35890E-01  1.32740E-02  6.00000E+00  4.25100E+02  4.42100E+02  8.50300E+03
f   8   16  7   16  99  4.00000E+00  9.01220E+00
p   8   16  7   16  98  1.60450E+00 -2.44530E+00 -1.35890E-01  1.32740E-02  6.00000E+00  4.25100E+02  4.42100E+02  8.50300E+03
f   8   17  7   17  99  4.00000E+00  9.00070E+00
p   8   17  7   17  98  1.60450E+00 -2.44530E+00 -1.35890E-01  1.32740E-02  6.00000E+00  4.25100E+02  4.42100E+02  8.50300E+03
f   8    1  7   18  99  2.00000E+00  1.26145E+01
p   8    1  7   18  98  2.12330E+00 -2.48500E+00 -1.94980E-01  1.87550E-02  2.00000E+00  2.69800E+03  2.80600E+03  5.39600E+04
f   8   18  7   18  99  7.00000E+00  1.32506E+01
p   8   18  7   18  98  1.60450E+00 -2.44530E+00 -1.35890E-01  1.32740E-02  6.00000E+00  4.25100E+02  4.42100E+02  8.50300E+03
f   8   19  7   18  99  1.00000E+00  9.59200E+00
p   8   19  7   18  99  1.00000E+00  9.59200E+00
f   8   20  7   18  99  1.00000E+00  9.17140E+00
p   8   20  7   18  99  1.00000E+00  9.17140E+00
f   8   21  7   18  99  1.00000E+00  9.01560E+00
p   8   21  7   18  99  1.00000E+00  9.01560E+00
f   8   22  7   18  99  1.00000E+00  9.07500E+00
p   8   22  7   18  99  1.00000E+00  9.07500E+00
f   8   23  7   18  99  1.00000E+00  9.06100E+00
p   8   23  7   18  99  1.00000E+00  9.06100E+00
f   8   24  7   18  99  1.00000E+00  9.00610E+00
p   8   24  7   18  99  1.00000E+00  9.00610E+00
f   8   25  7   18  99  1.00000E+00  9.00610E+00
p   8   25  7   18  99  1.00000E+00  9.00610E+00
f   8   26  7   18  99  1.00000E+00  9.00070E+00
p   8   26  7   18  99  1.00000E+00  9.00070E+00
f   8    2  7   19  99  2.00000E+00  9.51200E+00
p   8    2  7   19  98  2.12330E+00 -2.48500E+00 -1.94980E-01  1.87550E-02  2.00000E+00  2.69800E+03  2.80600E+03  5.39600E+04
f   8   19  7   19  99  6.00000E+00  9.59200E+00
p   8   19  7   19  98  1.60450E+00 -2.44530E+00 -1.35890E-01  1.32740E-02  6.00000E+00  4.25100E+02  4.42100E+02  8.50300E+03
f   8    3  7   20  99  2.00000E+00  9.14820E+00
p   8    3  7   20  98  2.12330E+00 -2.48500E+00 -1.94980E-01  1.87550E-02  2.00000E+00  2.69800E+03  2.80600E+03  5.39600E+04
f   8   20  7   20  99  6.00000E+00  9.17140E+00
p   8   20  7   20  98  1.60450E+00 -2.44530E+00 -1.35890E-01  1.32740E-02  6.00000E+00  4.25100E+02  4.42100E+02  8.50300E+03
f   8    4  7   21  99  2.00000E+00  9.01650E+00
p   8    4  7   21  98  2.12330E+00 -2.48500E+00 -1.94980E-01  1.87550E-02  2.00000E+00  2.69800E+03  2.80600E+03  5.39600E+04
f   8   21  7   21  99  6.00000E+00  9.01560E+00
p   8   21  7   21  98  1.60450E+00 -2.44530E+00 -1.35890E-01  1.32740E-02  6.00000E+00  4.25100E+02  4.42100E+02  8.50300E+03
f   8    5  7   22  99  2.00000E+00  9.06600E+00
p   8    5  7   22  98  2.12330E+00 -2.48500E+00 -1.94980E-01  1.87550E-02  2.00000E+00  2.69800E+03  2.80600E+03  5.39600E+04
f   8   22  7   22  99  6.00000E+00  9.07500E+00
p   8   22  7   22  98  1.60450E+00 -2.44530E+00 -1.35890E-01  1.32740E-02  6.00000E+00  4.25100E+02  4.42100E+02  8.50300E+03
f   8    6  7   23  99  2.00000E+00  9.05200E+00
p   8    6  7   23  98  2.12330E+00 -2.48500E+00 -1.94980E-01  1.87550E-02  2.00000E+00  2.69800E+03  2.80600E+03  5.39600E+04
f   8   23  7   23  99  6.00000E+00  9.06100E+00
p   8   23  7   23  98  1.60450E+00 -2.44530E+00 -1.35890E-01  1.32740E-02  6.00000E+00  4.25100E+02  4.42100E+02  8.50300E+03
f   8    7  7   24  99  2.00000E+00  9.00520E+00
p   8    7  7   24  98  2.12330E+00 -2.48500E+00 -1.94980E-01  1.87550E-02  2.00000E+00  2.69800E+03  2.80600E+03  5.39600E+04
f   8   24  7   24  99  6.00000E+00  9.00610E+00
p   8   24  7   24  98  1.60450E+00 -2.44530E+00 -1.35890E-01  1.32740E-02  6.00000E+00  4.25100E+02  4.42100E+02  8.50300E+03
f   8    8  7   25  99  2.00000E+00  9.00520E+00
p   8    8  7   25  98  2.12330E+00 -2.48500E+00 -1.94980E-01  1.87550E-02  2.00000E+00  2.69800E+03  2.80600E+03  5.39600E+04
f   8   25  7   25  99  6.00000E+00  9.00610E+00
p   8   25  7   25  98  1.60450E+00 -2.44530E+00 -1.35890E-01  1.32740E-02  6.00000E+00  4.25100E+02  4.42100E+02  8.50300E+03
f   8    9  7   26  99  2.00000E+00  9.00070E+00
p   8    9  7   26  98  2.12330E+00 -2.48500E+00 -1.94980E-01  1.87550E-02  2.00000E+00  2.69800E+03  2.80600E+03  5.39600E+04
f   8   26  7   26  99  6.00000E+00  9.00070E+00
p   8   26  7   26  98  1.60450E+00 -2.44530E+00 -1.35890E-01  1.32740E-02  6.00000E+00  4.25100E+02  4.42100E+02  8.50300E+03
a   8   10  7    1   7.07640E+13
a   8   11  7    1   1.24480E+13
a   8   12  7    1   3.85680E+12
a   8   13  7    1   1.52700E+12
a   8   14  7    1   7.06500E+11
a   8   15  7    1   3.62370E+11
a   8   16  7    1   2.01090E+11
a   8   17  7    1   1.18740E+11
a   8   18  7    1   6.74646E+14
a   8   19  7    1   1.42803E+13
a   8   20  7    1   2.90514E+12
a   8   21  7    1   8.87610E+11
a   8   22  7    1   3.42810E+11
a   8   23  7    1   1.58610E+11
a   8   24  7    1   8.13540E+10
a   8   25  7    1   4.51440E+10
a   8   26  7    1   2.66577E+10
a   8   19  7    2   4.81890E+14
a   8   20  7    3   4.81890E+14
a   8   21  7    4   4.81890E+14
a   8   22  7    5   4.81890E+14
a   8   23  7    6   4.81890E+14
a   8   24  7    7   4.81890E+14
a   8   25  7    8   4.81890E+14
a   8   26  7    9   4.81890E+14
b   9    1  9    2  99  1.07341E-01  1.27308E+00 -2.69533E+01  2.12945E+02  2.00000E+01  2.14620E+00  2.14620E+00
b   9    1  9    3  99  7.41806E-02  8.70608E-01  5.32407E+00 -2.61681E+02  2.00000E+01  6.41970E-01  6.41970E-01
b   9    2  9    3  99  2.49695E-01  1.16771E-01  1.43122E+00 -5.10013E-01  2.08133E+00  6.53100E-01  6.53100E-01
b   9    1  9    4  99  1.31612E-01  7.93616E-01 -2.67880E+00  7.16728E+00  3.99568E+00  2.81400E-01  2.81400E-01
b   9    2  9    4  99  1.34266E-01  1.20789E+00 -1.65171E+01  1.71195E+02  2.00000E+01  1.37000E-01  1.37000E-01
b   9    3  9    4  99  2.45056E-01  1.41692E-01  1.91162E+00 -9.54034E-01  2.78597E+00  9.26500E-01  9.26500E-01
b   9    1  9    5  99  1.05147E-01  1.34229E+00 -1.29971E+01 -3.88648E+01  2.00000E+01  1.31040E-01  1.31040E-01
b   9    2  9    5  99  1.76727E-01  1.63325E+00 -2.18263E+01  2.32925E+02  2.00000E+01  4.84500E-02  4.84500E-02
b   9    3  9    5  99  2.82916E-01  6.76610E-01  1.40738E+00 -4.59409E-01  2.09884E+00  1.58700E-01  1.58700E-01
b   9    4  9    5  99  2.58550E-01  1.63367E-01  2.44723E+00 -1.39996E+00  3.35375E+00  1.12100E+00  1.12100E+00
b   9    1  9    6  99  1.07926E-01  1.38044E+00 -1.50499E+01 -9.29108E+00  2.00000E+01  7.86100E-02  7.86100E-02
b   9    2  9    6  99  1.89774E-01  1.72447E+00 -2.25013E+01  2.52407E+02  2.00000E+01  2.51100E-02  2.51100E-02
b   9    3  9    6  99  3.06317E-01  9.23986E-01  1.55832E+00 -5.54478E-01  2.16925E+00  6.03500E-02  6.03500E-02
b   9    4  9    6  99  2.83269E-01  7.05892E-01  2.04824E+00 -1.01738E+00  2.89153E+00  1.90600E-01  1.90600E-01
b   9    5  9    6  99  2.42156E-01  2.21986E-01  2.36007E+00 -4.05636E-01  4.07129E+00  1.35500E+00  1.35500E+00
b   9    1  9    7  99  1.08610E-01  1.38420E+00 -1.51427E+01 -6.80876E+00  2.00000E+01  5.09740E-02  5.09740E-02
b   9    2  9    7  99  1.90474E-01  1.81341E+00 -2.26747E+01  2.47219E+02  2.00000E+01  1.49400E-02  1.49400E-02
b   9    3  9    7  99  3.18804E-01  1.09609E+00  1.60909E+00 -5.79574E-01  2.17353E+00  3.05600E-02  3.05600E-02
b   9    4  9    7  99  3.05672E-01  1.04444E+00  2.17395E+00 -1.06876E+00  2.95175E+00  6.99100E-02  6.99100E-02
b   9    5  9    7  99  2.79782E-01  7.29377E-01  2.47398E+00 -1.35571E+00  3.50250E+00  2.22100E-01  2.22100E-01
b   9    6  9    7  99  2.27891E-01  2.80474E-01  2.12980E+00 -3.06769E-01  4.06533E+00  1.56700E+00  1.56700E+00
b   9    1  9    8  99  1.07072E-01  1.38540E+00 -1.46236E+01 -1.66675E+01  2.00000E+01  3.49930E-02  3.49930E-02
b   9    2  9    8  99  1.94616E-01  1.85942E+00 -2.28119E+01  2.50788E+02  2.00000E+01  9.70200E-03  9.70200E-03
b   9    3  9    8  99  3.26062E-01  1.22120E+00  1.61821E+00 -6.04926E-01  2.14459E+00  1.80200E-02  1.80200E-02
b   9    4  9    8  99  3.19036E-01  1.29413E+00  2.21154E+00 -1.03027E+00  2.97391E+00  3.47500E-02  3.47500E-02
b   9    5  9    8  99  3.01339E-01  1.12986E+00  2.53957E+00 -1.37689E+00  3.48592E+00  7.95800E-02  7.95800E-02
b   9    6  9    8  99  2.66231E-01  8.04002E-01  2.31453E+00 -1.29326E+00  3.54951E+00  2.51000E-01  2.51000E-01
b   9    7  9    8  99  2.17993E-01  3.19651E-01  1.98646E+00 -3.00361E-01  4.05570E+00  1.77100E+00  1.77100E+00
b   9    1  9    9  99  1.10193E-01  1.41801E+00 -1.68188E+01  1.60481E+01  2.00000E+01  2.50670E-02  2.50670E-02
b   9    2  9    9  99  1.97243E-01  1.89537E+00 -2.30097E+01  2.54316E+02  2.00000E+01  6.69200E-03  6.69200E-03
b   9    3  9    9  99  3.30963E-01  1.31482E+00  1.62349E+00 -5.72554E-01  2.15951E+00  1.16700E-02  1.16700E-02
b   9    4  9    9  99  3.27031E-01  1.48739E+00  2.17965E+00 -9.72422E-01  2.93106E+00  2.03000E-02  2.03000E-02
b   9    5  9    9  99  2.99562E-01  1.51308E+00  1.96041E+00 -9.20829E-01  2.96301E+00  3.90300E-02  3.90300E-02
b   9    6  9    9  99  2.88583E-01  1.24303E+00  2.39186E+00 -1.31657E+00  3.55474E+00  8.85900E-02  8.85900E-02
b   9    7  9    9  99  2.58306E-01  8.45356E-01  2.31607E+00 -3.23335E-01  4.26721E+00  2.79200E-01  2.79200E-01
b   9    8  9    9  99  3.13165E-01  5.11343E-01  2.75617E+00 -4.26830E-01  4.01615E+00  1.32800E+00  1.32800E+00
b   9    1  9   10  98  0.00000E+00  0.00000E+00  0.00000E+00  0.00000E+00  0.00000E+00  1.66249E-01  3.32499E-03
b   9    2  9   10  99  1.07341E-01  1.27308E+00 -2.69533E+01  2.12945E+02  2.00000E+01  1.73740E+00  1.73740E+00
b   9    1  9   11  98  0.00000E+00  0.00000E+00  0.00000E+00  0.00000E+00  0.00000E+00  2.13660E-01  4.27321E-03
b   9    2  9   11  99  7.41806E-02  8.70608E-01  5.32407E+00 -2.61681E+02  2.00000E+01  5.50260E-01  5.50260E-01
b   9    3  9   11  99  1.07341E-01  1.27308E+00 -2.69533E+01  2.12945E+02  2.00000E+01  1.83960E+00  1.83960E+00
b   9   10  9   11  99  2.49695E-01  1.16771E-01  1.43122E+00 -5.10013E-01  2.08133E+00  1.30620E+00  1.30620E+00
b   9    1  9   12  98  0.00000E+00  0.00000E+00  0.00000E+00  0.00000E+00  0.00000E+00  3.07340E-01  6.14680E-03
b   9    2  9   12  99  1.31612E-01  7.93616E-01 -2.67880E+00  7.16728E+00  3.99568E+00  2.41200E-01  2.41200E-01
b   9    4  9   12  99  1.07341E-01  1.27308E+00 -2.69533E+01  2.12945E+02  2.00000E+01  1.83960E+00  1.83960E+00
b   9   10  9   12  99  1.34266E-01  1.20789E+00 -1.65171E+01  1.71195E+02  2.00000E+01  2.74000E-01  2.74000E-01
b   9   11  9   12  99  2.45056E-01  1.41692E-01  1.91162E+00 -9.54034E-01  2.78597E+00  9.26500E-01  9.26500E-01
b   9    1  9   13  98  0.00000E+00  0.00000E+00  0.00000E+00  0.00000E+00  0.00000E+00  4.25782E-01  8.51563E-03
b   9    2  9   13  99  1.05147E-01  1.34229E+00 -1.29971E+01 -3.88648E+01  2.00000E+01  1.12320E-01  1.12320E-01
b   9    5  9   13  99  1.07341E-01  1.27308E+00 -2.69533E+01  2.12945E+02  2.00000E+01  1.83960E+00  1.83960E+00
b   9   10  9   13  99  1.76727E-01  1.63325E+00 -2.18263E+01  2.32925E+02  2.00000E+01  9.69000E-02  9.69000E-02
b   9   11  9   13  99  2.82916E-01  6.76610E-01  1.40738E+00 -4.59409E-01  2.09884E+00  1.58700E-01  1.58700E-01
b   9   12  9   13  99  2.58550E-01  1.63367E-01  2.44723E+00 -1.39996E+00  3.35375E+00  1.12100E+00  1.12100E+00
b   9    1  9   14  98  0.00000E+00  0.00000E+00  0.00000E+00  0.00000E+00  0.00000E+00  5.65422E-01  1.13084E-02
b   9    2  9   14  99  1.07926E-01  1.38044E+00 -1.50499E+01 -9.29108E+00  2.00000E+01  6.73800E-02  6.73800E-02
b   9    6  9   14  99  1.07341E-01  1.27308E+00 -2.69533E+01  2.12945E+02  2.00000E+01  1.83960E+00  1.83960E+00
b   9   10  9   14  99  1.89774E-01  1.72447E+00 -2.25013E+01  2.52407E+02  2.00000E+01  5.02200E-02  5.02200E-02
b   9   11  9   14  99  3.06317E-01  9.23986E-01  1.55832E+00 -5.54478E-01  2.16925E+00  6.03500E-02  6.03500E-02
b   9   12  9   14  99  2.83269E-01  7.05892E-01  2.04824E+00 -1.01738E+00  2.89153E+00  1.90600E-01  1.90600E-01
b   9   13  9   14  99  2.42156E-01  2.21986E-01  2.36007E+00 -4.05636E-01  4.07129E+00  1.35500E+00  1.35500E+00
b   9    1  9   15  98  0.00000E+00  0.00000E+00  0.00000E+00  0.00000E+00  0.00000E+00  7.26472E-01  1.45294E-02
b   9    2  9   15  99  1.08610E-01  1.38420E+00 -1.51427E+01 -6.80876E+00  2.00000E+01  4.36920E-02  4.36920E-02
b   9    7  9   15  99  1.07341E-01  1.27308E+00 -2.69533E+01  2.12945E+02  2.00000E+01  1.83960E+00  1.83960E+00
b   9   10  9   15  99  1.90474E-01  1.81341E+00 -2.26747E+01  2.47219E+02  2.00000E+01  2.98800E-02  2.98800E-02
b   9   11  9   15  99  3.18804E-01  1.09609E+00  1.60909E+00 -5.79574E-01  2.17353E+00  3.05600E-02  3.05600E-02
b   9   12  9   15  99  3.05672E-01  1.04444E+00  2.17395E+00 -1.06876E+00  2.95175E+00  6.99100E-02  6.99100E-02
b   9   13  9   15  99  2.79782E-01  7.29377E-01  2.47398E+00 -1.35571E+00  3.50250E+00  2.22100E-01  2.22100E-01
b   9   14  9   15  99  2.27891E-01  2.80474E-01  2.12980E+00 -3.06769E-01  4.06533E+00  1.56700E+00  1.56700E+00
b   9    1  9   16  98  0.00000E+00  0.00000E+00  0.00000E+00  0.00000E+00  0.00000E+00  9.09874E-01  1.81975E-02
b   9    2  9   16  99  1.07072E-01  1.38540E+00 -1.46236E+01 -1.66675E+01  2.00000E+01  2.99940E-02  2.99940E-02
b   9    8  9   16  99  1.07341E-01  1.27308E+00 -2.69533E+01  2.12945E+02  2.00000E+01  1.83960E+00  1.83960E+00
b   9   10  9   16  99  1.94616E-01  1.85942E+00 -2.28119E+01  2.50788E+02  2.00000E+01  1.94040E-02  1.94040E-02
b   9   11  9   16  99  3.26062E-01  1.22120E+00  1.61821E+00 -6.04926E-01  2.14459E+00  1.80200E-02  1.80200E-02
b   9   12  9   16  99  3.19036E-01  1.29413E+00  2.21154E+00 -1.03027E+00  2.97391E+00  3.47500E-02  3.47500E-02
b   9   13  9   16  99  3.01339E-01  1.12986E+00  2.53957E+00 -1.37689E+00  3.48592E+00  7.95800E-02  7.95800E-02
b   9   14  9   16  99  2.66231E-01  8.04002E-01  2.31453E+00 -1.29326E+00  3.54951E+00  2.51000E-01  2.51000E-01
b   9   15  9   16  99  2.17993E-01  3.19651E-01  1.98646E+00 -3.00361E-01  4.05570E+00  1.77100E+00  1.77100E+00
b   9    1  9   17  98  0.00000E+00  0.00000E+00  0.00000E+00  0.00000E+00  0.00000E+00  1.11498E+00  2.22996E-02
b   9    2  9   17  99  1.10193E-01  1.41801E+00 -1.68188E+01  1.60481E+01  2.00000E+01  2.14860E-02  2.14860E-02
b   9    9  9   17  99  1.07341E-01  1.27308E+00 -2.69533E+01  2.12945E+02  2.00000E+01  1.83960E+00  1.83960E+00
b   9   10  9   17  99  1.97243E-01  1.89537E+00 -2.30097E+01  2.54316E+02  2.00000E+01  1.33840E-02  1.33840E-02
b   9   11  9   17  99  3.30963E-01  1.31482E+00  1.62349E+00 -5.72554E-01  2.15951E+00  1.16700E-02  1.16700E-02
b   9   12  9   17  99  3.27031E-01  1.48739E+00  2.17965E+00 -9.72422E-01  2.93106E+00  2.03000E-02  2.03000E-02
b   9   13  9   17  99  2.99562E-01  1.51308E+00  1.96041E+00 -9.20829E-01  2.96301E+00  3.90300E-02  3.90300E-02
b   9   14  9   17  99  2.88583E-01  1.24303E+00  2.39186E+00 -1.31657E+00  3.55474E+00  8.85900E-02  8.85900E-02
b   9   15  9   17  99  2.58306E-01  8.45356E-01  2.31607E+00 -3.23335E-01  4.26721E+00  2.79200E-01  2.79200E-01
b   9   16  9   17  99  3.13165E-01  5.11343E-01  2.75617E+00 -4.26830E-01  4.01615E+00  1.32800E+00  1.32800E+00
b   9    1  9   18  99  3.88125E-01  7.53019E-02 -3.58840E+00  2.28385E+01  3.92924E+00  6.46750E-02  6.46750E-02
b   9    1  9   19  99  3.84504E-01  1.70770E-01 -3.74496E+00  2.21890E+01  3.90698E+00  7.56600E-02  7.56600E-02
b   9    2  9   19  99  3.88125E-01  7.53019E-02 -3.58840E+00  2.28385E+01  3.92924E+00  1.29350E-01  1.29350E-01
b   9   18  9   19  99  1.07341E-01  1.27308E+00 -2.69533E+01  2.12945E+02  2.00000E+01  2.45280E+00  2.45280E+00
b   9    1  9   20  99  3.82458E-01  1.90094E-01 -3.73902E+00  2.18191E+01  3.89218E+00  2.76200E-02  2.76200E-02
b   9    3  9   20  99  3.88125E-01  7.53019E-02 -3.58840E+00  2.28385E+01  3.92924E+00  1.29350E-01  1.29350E-01
b   9   18  9   20  99  7.41806E-02  8.70608E-01  5.32407E+00 -2.61681E+02  2.00000E+01  7.33680E-01  7.33680E-01
b   9   19  9   20  99  2.49695E-01  1.16771E-01  1.43122E+00 -5.10013E-01  2.08133E+00  6.53100E-01  6.53100E-01
b   9    1  9   21  99  3.75185E-01  1.99824E-01 -3.71879E+00  2.14747E+01  3.89563E+00  1.32040E-02  1.32040E-02
b   9    4  9   21  99  3.88125E-01  7.53019E-02 -3.58840E+00  2.28385E+01  3.92924E+00  1.29350E-01  1.29350E-01
b   9   18  9   21  99  1.31612E-01  7.93616E-01 -2.67880E+00  7.16728E+00  3.99568E+00  3.21600E-01  3.21600E-01
b   9   19  9   21  99  1.34266E-01  1.20789E+00 -1.65171E+01  1.71195E+02  2.00000E+01  1.37000E-01  1.37000E-01
b   9   20  9   21  99  2.45056E-01  1.41692E-01  1.91162E+00 -9.54034E-01  2.78597E+00  9.26500E-01  9.26500E-01
b   9    1  9   22  99  4.09530E-01  2.19073E-01 -4.15237E+00  2.37620E+01  3.90117E+00  6.80600E-03  6.80600E-03
b   9    5  9   22  99  3.88125E-01  7.53019E-02 -3.58840E+00  2.28385E+01  3.92924E+00  1.29350E-01  1.29350E-01
b   9   18  9   22  99  1.05147E-01  1.34229E+00 -1.29971E+01 -3.88648E+01  2.00000E+01  1.49760E-01  1.49760E-01
b   9   19  9   22  99  1.76727E-01  1.63325E+00 -2.18263E+01  2.32925E+02  2.00000E+01  4.84500E-02  4.84500E-02
b   9   20  9   22  99  2.82916E-01  6.76610E-01  1.40738E+00 -4.59409E-01  2.09884E+00  1.58700E-01  1.58700E-01
b   9   21  9   22  99  2.58550E-01  1.63367E-01  2.44723E+00 -1.39996E+00  3.35375E+00  1.12100E+00  1.12100E+00
b   9    1  9   23  99  4.04247E-01  2.26123E-01 -4.16625E+00  2.36581E+01  3.90982E+00  4.17400E-03  4.17400E-03
b   9    6  9   23  99  3.88125E-01  7.53019E-02 -3.58840E+00  2.28385E+01  3.92924E+00  1.29350E-01  1.29350E-01
b   9   18  9   23  99  1.07926E-01  1.38044E+00 -1.50499E+01 -9.29108E+00  2.00000E+01  8.98400E-02  8.98400E-02
b   9   19  9   23  99  1.89774E-01  1.72447E+00 -2.25013E+01  2.52407E+02  2.00000E+01  2.51100E-02  2.51100E-02
b   9   20  9   23  99  3.06317E-01  9.23986E-01  1.55832E+00 -5.54478E-01  2.16925E+00  6.03500E-02  6.03500E-02
b   9   21  9   23  99  2.83269E-01  7.05892E-01  2.04824E+00 -1.01738E+00  2.89153E+00  1.90600E-01  1.90600E-01
b   9   22  9   23  99  2.42156E-01  2.21986E-01  2.36007E+00 -4.05636E-01  4.07129E+00  1.35500E+00  1.35500E+00
b   9    1  9   24  99  4.02567E-01  2.22931E-01 -4.11545E+00  2.34122E+01  3.90304E+00  2.74200E-03  2.74200E-03
b   9    7  9   24  99  3.88125E-01  7.53019E-02 -3.58840E+00  2.28385E+01  3.92924E+00  1.29350E-01  1.29350E-01
b   9   18  9   24  99  1.08610E-01  1.38420E+00 -1.51427E+01 -6.80876E+00  2.00000E+01  5.82560E-02  5.82560E-02
b   9   19  9   24  99  1.90474E-01  1.81341E+00 -2.26747E+01  2.47219E+02  2.00000E+01  1.49400E-02  1.49400E-02
b   9   20  9   24  99  3.18804E-01  1.09609E+00  1.60909E+00 -5.79574E-01  2.17353E+00  3.05600E-02  3.05600E-02
b   9   21  9   24  99  3.05672E-01  1.04444E+00  2.17395E+00 -1.06876E+00  2.95175E+00  6.99100E-02  6.99100E-02
b   9   22  9   24  99  2.79782E-01  7.29377E-01  2.47398E+00 -1.35571E+00  3.50250E+00  2.22100E-01  2.22100E-01
b   9   23  9   24  99  2.27891E-01  2.80474E-01  2.12980E+00 -3.06769E-01  4.06533E+00  1.56700E+00  1.56700E+00
b   9    1  9   25  99  4.02756E-01  2.16028E-01 -4.06457E+00  2.32800E+01  3.89972E+00  1.89740E-03  1.89740E-03
b   9    8  9   25  99  3.88125E-01  7.53019E-02 -3.58840E+00  2.28385E+01  3.92924E+00  1.29350E-01  1.29350E-01
b   9   18  9   25  99  1.07072E-01  1.38540E+00 -1.46236E+01 -1.66675E+01  2.00000E+01  3.99920E-02  3.99920E-02
b   9   19  9   25  99  1.94616E-01  1.85942E+00 -2.28119E+01  2.50788E+02  2.00000E+01  9.70200E-03  9.70200E-03
b   9   20  9   25  99  3.26062E-01  1.22120E+00  1.61821E+00 -6.04926E-01  2.14459E+00  1.80200E-02  1.80200E-02
b   9   21  9   25  99  3.19036E-01  1.29413E+00  2.21154E+00 -1.03027E+00  2.97391E+00  3.47500E-02  3.47500E-02
b   9   22  9   25  99  3.01339E-01  1.12986E+00  2.53957E+00 -1.37689E+00  3.48592E+00  7.95800E-02  7.95800E-02
b   9   23  9   25  99  2.66231E-01  8.04002E-01  2.31453E+00 -1.29326E+00  3.54951E+00  2.51000E-01  2.51000E-01
b   9   24  9   25  99  2.17993E-01  3.19651E-01  1.98646E+00 -3.00361E-01  4.05570E+00  1.77100E+00  1.77100E+00
b   9    1  9   26  99  4.02190E-01  2.12324E-01 -4.01879E+00  2.30764E+01  3.89131E+00  1.36540E-03  1.36540E-03
b   9    9  9   26  99  3.88125E-01  7.53019E-02 -3.58840E+00  2.28385E+01  3.92924E+00  1.29350E-01  1.29350E-01
b   9   18  9   26  99  1.10193E-01  1.41801E+00 -1.68188E+01  1.60481E+01  2.00000E+01  2.86480E-02  2.86480E-02
b   9   19  9   26  99  1.97243E-01  1.89537E+00 -2.30097E+01  2.54316E+02  2.00000E+01  6.69200E-03  6.69200E-03
b   9   20  9   26  99  3.30963E-01  1.31482E+00  1.62349E+00 -5.72554E-01  2.15951E+00  1.16700E-02  1.16700E-02
b   9   21  9   26  99  3.27031E-01  1.48739E+00  2.17965E+00 -9.72422E-01  2.93106E+00  2.03000E-02  2.03000E-02
b   9   22  9   26  99  2.99562E-01  1.51308E+00  1.96041E+00 -9.20829E-01  2.96301E+00  3.90300E-02  3.90300E-02
b   9   23  9   26  99  2.88583E-01  1.24303E+00  2.39186E+00 -1.31657E+00  3.55474E+00  8.85900E-02  8.85900E-02
b   9   24  9   26  99  2.58306E-01  8.45356E-01  2.31607E+00 -3.23335E-01  4.26721E+00  2.79200E-01  2.79200E-01
b   9   25  9   26  99  3.13165E-01  5.11343E-01  2.75617E+00 -4.26830E-01  4.01615E+00  1.32800E+00  1.32800E+00
f   9    1  8    1  99  7.00000E+00  1.23126E+01
p   9    1  8    1  98  1.67450E+00 -2.35590E+00 -1.65540E-01  1.74550E-02  7.00000E+00  3.76200E+02  3.91300E+02  7.52500E+03
f   9    2  8    1  99  1.00000E+00  8.60800E+00
p   9    2  8    1  99  1.00000E+00  8.60800E+00
f   9    3  8    1  99  1.00000E+00  8.17600E+00
p   9    3  8    1  99  1.00000E+00  8.17600E+00
f   9    4  8    1  99  1.00000E+00  8.01860E+00
p   9    4  8    1  99  1.00000E+00  8.01860E+00
f   9    5  8    1  99  1.00000E+00  8.07800E+00
p   9    5  8    1  99  1.00000E+00  8.07800E+00
f   9    6  8    1  99  1.00000E+00  8.06200E+00
p   9    6  8    1  99  1.00000E+00  8.06200E+00
f   9    7  8    1  99  1.00000E+00  8.00620E+00
p   9    7  8    1  99  1.00000E+00  8.00620E+00
f   9    8  8    1  99  1.00000E+00  8.00620E+00
p   9    8  8    1  99  1.00000E+00  8.00620E+00
f   9    9  8    1  99  1.00000E+00  8.00080E+00
p   9    9  8    1  99  1.00000E+00  8.00080E+00
f   9    2  8    2  99  6.00000E+00  8.60800E+00
p   9    2  8    2  98  1.67450E+00 -2.35590E+00 -1.65540E-01  1.74550E-02  7.00000E+00  3.76200E+02  3.91300E+02  7.52500E+03
f   9   10  8    2  99  2.00000E+00  9.17200E+00
p   9   10  8    2  99  2.00000E+00  9.17200E+00
f   9   11  8    2  99  1.00000E+00  8.23270E+00
p   9   11  8    2  99  1.00000E+00  8.23270E+00
f   9   12  8    2  99  1.00000E+00  8.03690E+00
p   9   12  8    2  99  1.00000E+00  8.03690E+00
f   9   13  8    2  99  1.00000E+00  8.08400E+00
p   9   13  8    2  99  1.00000E+00  8.08400E+00
f   9   14  8    2  99  1.00000E+00  8.06600E+00
p   9   14  8    2  99  1.00000E+00  8.06600E+00
f   9   15  8    2  99  1.00000E+00  8.01520E+00
p   9   15  8    2  99  1.00000E+00  8.01520E+00
f   9   16  8    2  99  1.00000E+00  8.01320E+00
p   9   16  8    2  99  1.00000E+00  8.01320E+00
f   9   17  8    2  99  1.00000E+00  8.00080E+00
p   9   17  8    2  99  1.00000E+00  8.00080E+00
f   9    3  8    3  99  6.00000E+00  8.17600E+00
p   9    3  8    3  98  1.67450E+00 -2.35590E+00 -1.65540E-01  1.74550E-02  7.00000E+00  3.76200E+02  3.91300E+02  7.52500E+03
f   9   11  8    3  99  1.00000E+00  8.23270E+00
p   9   11  8    3  99  1.00000E+00  8.23270E+00
f   9    4  8    4  99  6.00000E+00  8.01860E+00
p   9    4  8    4  98  1.67450E+00 -2.35590E+00 -1.65540E-01  1.74550E-02  7.00000E+00  3.76200E+02  3.91300E+02  7.52500E+03
f   9   12  8    4  99  1.00000E+00  8.03690E+00
p   9   12  8    4  99  1.00000E+00  8.03690E+00
f   9    5  8    5  99  6.00000E+00  8.07800E+00
p   9    5  8    5  98  1.67450E+00 -2.35590E+00 -1.65540E-01  1.74550E-02  7.00000E+00  3.76200E+02  3.91300E+02  7.52500E+03
f   9   13  8    5  99  1.00000E+00  8.08400E+00
p   9   13  8    5  99  1.00000E+00  8.08400E+00
f   9    6  8    6  99  6.00000E+00  8.06200E+00
p   9    6  8    6  98  1.67450E+00 -2.35590E+00 -1.65540E-01  1.74550E-02  7.00000E+00  3.76200E+02  3.91300E+02  7.52500E+03
f   9   14  8    6  99  1.00000E+00  8.06600E+00
p   9   14  8    6  99  1.00000E+00  8.06600E+00
f   9    7  8    7  99  6.00000E+00  8.00620E+00
p   9    7  8    7  98  1.67450E+00 -2.35590E+00 -1.65540E-01  1.74550E-02  7.00000E+00  3.76200E+02  3.91300E+02  7.52500E+03
f   9   15  8    7  99  1.00000E+00  8.01520E+00
p   9   15  8    7  99  1.00000E+00  8.01520E+00
f   9    8  8    8  99  6.00000E+00  8.00620E+00
p   9    8  8    8  98  1.67450E+00 -2.35590E+00 -1.65540E-01  1.74550E-02  7.00000E+00  3.76200E+02  3.91300E+02  7.52500E+03
f   9   16  8    8  99  1.00000E+00  8.01320E+00
p   9   16  8    8  99  1.00000E+00  8.01320E+00
f   9    9  8    9  99  6.00000E+00  8.00080E+00
p   9    9  8    9  98  1.67450E+00 -2.35590E+00 -1.65540E-01  1.74550E-02  7.00000E+00  3.76200E+02  3.91300E+02  7.52500E+03
f   9   17  8    9  99  1.00000E+00  8.00080E+00
p   9   17  8    9  99  1.00000E+00  8.00080E+00
f   9   10  8   10  99  5.00000E+00  9.17200E+00
p   9   10  8   10  98  1.67450E+00 -2.35590E+00 -1.65540E-01  1.74550E-02  7.00000E+00  3.76200E+02  3.91300E+02  7.52500E+03
f   9   11  8   11  99  5.00000E+00  8.23270E+00
p   9   11  8   11  98  1.67450E+00 -2.35590E+00 -1.65540E-01  1.74550E-02  7.00000E+00  3.76200E+02  3.91300E+02  7.52500E+03
f   9   12  8   12  99  5.00000E+00  8.03690E+00
p   9   12  8   12  98  1.67450E+00 -2.35590E+00 -1.65540E-01  1.74550E-02  7.00000E+00  3.76200E+02  3.91300E+02  7.52500E+03
f   9   13  8   13  99  5.00000E+00  8.08400E+00
p   9   13  8   13  98  1.67450E+00 -2.35590E+00 -1.65540E-01  1.74550E-02  7.00000E+00  3.76200E+02  3.91300E+02  7.52500E+03
f   9   14  8   14  99  5.00000E+00  8.06600E+00
p   9   14  8   14  98  1.67450E+00 -2.35590E+00 -1.65540E-01  1.74550E-02  7.00000E+00  3.76200E+02  3.91300E+02  7.52500E+03
f   9   15  8   15  99  5.00000E+00  8.01520E+00
p   9   15  8   15  98  1.67450E+00 -2.35590E+00 -1.65540E-01  1.74550E-02  7.00000E+00  3.76200E+02  3.91300E+02  7.52500E+03
f   9   16  8   16  99  5.00000E+00  8.01320E+00
p   9   16  8   16  98  1.67450E+00 -2.35590E+00 -1.65540E-01  1.74550E-02  7.00000E+00  3.76200E+02  3.91300E+02  7.52500E+03
f   9   17  8   17  99  5.00000E+00  8.00080E+00
p   9   17  8   17  98  1.67450E+00 -2.35590E+00 -1.65540E-01  1.74550E-02  7.00000E+00  3.76200E+02  3.91300E+02  7.52500E+03
f   9    1  8   18  99  2.00000E+00  1.23126E+01
p   9    1  8   18  98  2.15800E+00 -2.47370E+00 -1.96670E-01  1.87740E-02  2.00000E+00  2.63000E+03  2.73500E+03  5.26000E+04
f   9   18  8   18  99  8.00000E+00  1.29487E+01
p   9   18  8   18  98  1.67450E+00 -2.35590E+00 -1.65540E-01  1.74550E-02  7.00000E+00  3.76200E+02  3.91300E+02  7.52500E+03
f   9   19  8   18  99  1.00000E+00  8.68800E+00
p   9   19  8   18  99  1.00000E+00  8.68800E+00
f   9   20  8   18  99  1.00000E+00  8.19920E+00
p   9   20  8   18  99  1.00000E+00  8.19920E+00
f   9   21  8   18  99  1.00000E+00  8.01770E+00
p   9   21  8   18  99  1.00000E+00  8.01770E+00
f   9   22  8   18  99  1.00000E+00  8.08700E+00
p   9   22  8   18  99  1.00000E+00  8.08700E+00
f   9   23  8   18  99  1.00000E+00  8.07100E+00
p   9   23  8   18  99  1.00000E+00  8.07100E+00
f   9   24  8   18  99  1.00000E+00  8.00710E+00
p   9   24  8   18  99  1.00000E+00  8.00710E+00
f   9   25  8   18  99  1.00000E+00  8.00710E+00
p   9   25  8   18  99  1.00000E+00  8.00710E+00
f   9   26  8   18  99  1.00000E+00  8.00080E+00
p   9   26  8   18  99  1.00000E+00  8.00080E+00
f   9    2  8   19  99  2.00000E+00  8.60800E+00
p   9    2  8   19  98  2.15800E+00 -2.47370E+00 -1.96670E-01  1.87740E-02  2.00000E+00  2.63000E+03  2.73500E+03  5.26000E+04
f   9   19  8   19  99  7.00000E+00  8.68800E+00
p   9   19  8   19  98  1.67450E+00 -2.35590E+00 -1.65540E-01  1.74550E-02  7.00000E+00  3.76200E+02  3.91300E+02  7.52500E+03
f   9    3  8   20  99  2.00000E+00  8.17600E+00
p   9    3  8   20  98  2.15800E+00 -2.47370E+00 -1.96670E-01  1.87740E-02  2.00000E+00  2.63000E+03  2.73500E+03  5.26000E+04
f   9   20  8   20  99  7.00000E+00  8.19920E+00
p   9   20  8   20  98  1.67450E+00 -2.35590E+00 -1.65540E-01  1.74550E-02  7.00000E+00  3.76200E+02  3.91300E+02  7.52500E+03
f   9    4  8   21  99  2.00000E+00  8.01860E+00
p   9    4  8   21  98  2.15800E+00 -2.47370E+00 -1.96670E-01  1.87740E-02  2.00000E+00  2.63000E+03  2.73500E+03  5.26000E+04
f   9   21  8   21  99  7.00000E+00  8.01770E+00
p   9   21  8   21  98  1.67450E+00 -2.35590E+00 -1.65540E-01  1.74550E-02  7.00000E+00  3.76200E+02  3.91300E+02  7.52500E+03
f   9    5  8   22  99  2.00000E+00  8.07800E+00
p   9    5  8   22  98  2.15800E+00 -2.47370E+00 -1.96670E-01  1.87740E-02  2.00000E+00  2.63000E+03  2.73500E+03  5.26000E+04
f   9   22  8   22  99  7.00000E+00  8.08700E+00
p   9   22  8   22  98  1.67450E+00 -2.35590E+00 -1.65540E-01  1.74550E-02  7.00000E+00  3.76200E+02  3.91300E+02  7.52500E+03
f   9    6  8   23  99  2.00000E+00  8.06200E+00
p   9    6  8   23  98  2.15800E+00 -2.47370E+00 -1.96670E-01  1.87740E-02  2.00000E+00  2.63000E+03  2.73500E+03  5.26000E+04
f   9   23  8   23  99  7.00000E+00  8.07100E+00
p   9   23  8   23  98  1.67450E+00 -2.35590E+00 -1.65540E-01  1.74550E-02  7.00000E+00  3.76200E+02  3.91300E+02  7.52500E+03
f   9    7  8   24  99  2.00000E+00  8.00620E+00
p   9    7  8   24  98  2.15800E+00 -2.47370E+00 -1.96670E-01  1.87740E-02  2.00000E+00  2.63000E+03  2.73500E+03  5.26000E+04
f   9   24  8   24  99  7.00000E+00  8.00710E+00
p   9   24  8   24  98  1.67450E+00 -2.35590E+00 -1.65540E-01  1.74550E-02  7.00000E+00  3.76200E+02  3.91300E+02  7.52500E+03
f   9    8  8   25  99  2.00000E+00  8.00620E+00
p   9    8  8   25  98  2.15800E+00 -2.47370E+00 -1.96670E-01  1.87740E-02  2.00000E+00  2.63000E+03  2.73500E+03  5.26000E+04
f   9   25  8   25  99  7.00000E+00  8.00710E+00
p   9   25  8   25  98  1.67450E+00 -2.35590E+00 -1.65540E-01  1.74550E-02  7.00000E+00  3.76200E+02  3.91300E+02  7.52500E+03
f   9    9  8   26  99  2.00000E+00  8.00080E+00
p   9    9  8   26  98  2.15800E+00 -2.47370E+00 -1.96670E-01  1.87740E-02  2.00000E+00  2.63000E+03  2.73500E+03  5.26000E+04
f   9   26  8   26  99  7.00000E+00  8.00080E+00
p   9   26  8   26  98  1.67450E+00 -2.35590E+00 -1.65540E-01  1.74550E-02  7.00000E+00  3.76200E+02  3.91300E+02  7.52500E+03
a   9   10  8    1   4.22708E+13
a   9   11  8    1   7.37932E+12
a   9   12  8    1   2.26024E+12
a   9   13  8    1   8.88424E+11
a   9   14  8    1   4.11041E+11
a   9   15  8    1   2.10825E+11
a   9   16  8    1   1.16989E+11
a   9   17  8    1   6.90840E+10
a   9   18  8    1   8.17292E+14
a   9   19  8    1   1.36412E+13
a   9   20  8    1   2.69367E+12
a   9   21  8    1   8.15745E+11
a   9   22  8    1   3.13058E+11
a   9   23  8    1   1.44840E+11
a   9   24  8    1   7.42910E+10
a   9   25  8    1   4.12265E+10
a   9   26  8    1   2.43432E+10
a   9   19  8    2   6.12969E+14
a   9   20  8    3   6.12969E+14
a   9   21  8    4   6.12969E+14
a   9   22  8    5   6.12969E+14
a   9   23  8    6   6.12969E+14
a   9   24  8    7   6.12969E+14
a   9   25  8    8   6.12969E+14
a   9   26  8    9   6.12969E+14
b  10    1 10    2  99  1.07719E-01  1.26703E+00 -2.58028E+01  2.01394E+02  2.00000E+01  1.98640E+00  1.98640E+00
b  10    1 10    3  99  1.18449E-01  1.33306E+00 -2.74640E+01  2.24262E+02  2.00000E+01  6.44960E-01  6.44960E-01
b  10    2 10    3  99  2.32469E-01  1.82480E-01  1.24129E+00 -4.20448E-01  2.04125E+00  6.33300E-01  6.33300E-01
b  10    1 10    4  99  1.16090E-01  1.31375E+00 -2.62319E+01  2.09180E+02  2.00000E+01  2.92080E-01  2.92080E-01
b  10    2 10    4  99  2.90768E-01  3.82571E-01  1.60174E+00 -5.99169E-01  2.11585E+00  1.30300E-01  1.30300E-01
b  10    3 10    4  99  2.33375E-01  1.97867E-01  1.73053E+00 -8.39418E-01  2.75609E+00  9.21800E-01  9.21800E-01
b  10    1 10    5  99  8.89110E-02  1.04644E+00  4.51731E+00 -2.77754E+02  2.00000E+01  1.35760E-01  1.35760E-01
b  10    2 10    5  99  1.75740E-01  1.67624E+00 -1.99879E+01  2.03709E+02  2.00000E+01  4.53800E-02  4.53800E-02
b  10    3 10    5  99  3.04727E-01  6.01638E-01  2.28372E+00 -1.11084E+00  2.91491E+00  1.54300E-01  1.54300E-01
b  10    4 10    5  99  2.49931E-01  2.13658E-01  2.30734E+00 -1.30071E+00  3.36956E+00  1.12000E+00  1.12000E+00
b  10    1 10    6  99  1.56026E-01  8.99650E-01 -2.75495E+00  7.05931E+00  3.66643E+00  8.21600E-02  8.21600E-02
b  10    2 10    6  99  1.83300E-01  1.79765E+00 -2.06725E+01  2.12698E+02  2.00000E+01  2.35600E-02  2.35600E-02
b  10    3 10    6  99  2.94064E-01  1.00988E+00  1.39837E+00 -4.70159E-01  2.12187E+00  5.83800E-02  5.83800E-02
b  10    4 10    6  99  2.91498E-01  6.82813E-01  2.60207E+00 -1.41101E+00  3.49427E+00  1.87800E-01  1.87800E-01
b  10    5 10    6  99  2.33297E-01  2.77000E-01  2.15128E+00 -2.82954E-01  4.02658E+00  1.35900E+00  1.35900E+00
b  10    1 10    7  99  1.56563E-01  8.98215E-01 -2.76857E+00  7.19814E+00  3.71382E+00  5.36000E-02  5.36000E-02
b  10    2 10    7  99  1.90171E-01  1.86576E+00 -2.11118E+01  2.22813E+02  2.00000E+01  1.40300E-02  1.40300E-02
b  10    3 10    7  99  3.06358E-01  1.18948E+00  1.44648E+00 -5.14087E-01  2.11862E+00  2.95100E-02  2.95100E-02
b  10    4 10    7  99  2.95551E-01  1.11679E+00  2.01121E+00 -9.77437E-01  2.91529E+00  6.85200E-02  6.85200E-02
b  10    5 10    7  99  2.70999E-01  7.85681E-01  2.31966E+00 -1.30483E+00  3.47209E+00  2.20300E-01  2.20300E-01
b  10    6 10    7  99  2.21744E-01  3.23547E-01  2.00608E+00 -2.99497E-01  4.03625E+00  1.57200E+00  1.57200E+00
b  10    1 10    8  99  1.56187E-01  9.08500E-01 -2.97157E+00  8.01569E+00  3.92286E+00  3.69360E-02  3.69360E-02
b  10    2 10    8  99  1.94127E-01  1.91555E+00 -2.14140E+01  2.28688E+02  2.00000E+01  9.12300E-03  9.12300E-03
b  10    3 10    8  99  3.15479E-01  1.31020E+00  1.50660E+00 -5.20203E-01  2.17037E+00  1.73900E-02  1.73900E-02
b  10    4 10    8  99  3.08350E-01  1.37539E+00  2.03482E+00 -9.73092E-01  2.90290E+00  3.39800E-02  3.39800E-02
b  10    5 10    8  99  2.92739E-01  1.19064E+00  2.40803E+00 -1.28588E+00  3.50879E+00  7.85800E-02  7.85800E-02
b  10    6 10    8  99  2.61144E-01  8.40820E-01  2.31943E+00 -3.14552E-01  4.22644E+00  2.49700E-01  2.49700E-01
b  10    7 10    8  99  2.12853E-01  3.58436E-01  1.87754E+00 -2.82200E-01  4.02589E+00  1.77700E+00  1.77700E+00
b  10    1 10    9  99  1.55067E-01  9.13360E-01 -3.01799E+00  8.15184E+00  3.95934E+00  2.65280E-02  2.65280E-02
b  10    2 10    9  99  1.94946E-01  1.95896E+00 -2.15180E+01  2.27621E+02  2.00000E+01  6.29700E-03  6.29700E-03
b  10    3 10    9  99  3.21177E-01  1.40257E+00  1.53914E+00 -5.42392E-01  2.18733E+00  1.12600E-02  1.12600E-02
b  10    4 10    9  99  3.16821E-01  1.56995E+00  2.04369E+00 -9.68810E-01  2.89283E+00  1.98300E-02  1.98300E-02
b  10    5 10    9  99  3.07158E-01  1.50134E+00  2.48562E+00 -1.33672E+00  3.55148E+00  3.84500E-02  3.84500E-02
b  10    6 10    9  99  2.81295E-01  1.29439E+00  2.27582E+00 -1.27257E+00  3.54581E+00  8.78200E-02  8.78200E-02
b  10    7 10    9  99  2.50854E-01  8.93448E-01  2.13073E+00 -2.11318E-01  4.19833E+00  2.78300E-01  2.78300E-01
b  10    8 10    9  99  2.32174E-01  4.25568E-01  1.97424E+00 -2.73231E-01  3.98543E+00  1.75900E+00  1.75900E+00
b  10    1 10   10  98  0.00000E+00  0.00000E+00  0.00000E+00  0.00000E+00  0.00000E+00  3.67936E-01  7.35872E-03
b  10    2 10   10  99  1.07719E-01  1.26703E+00 -2.58028E+01  2.01394E+02  2.00000E+01  1.64154E+00  1.64154E+00
b  10    1 10   11  98  0.00000E+00  0.00000E+00  0.00000E+00  0.00000E+00  0.00000E+00  4.69003E-01  9.38006E-03
b  10    2 10   11  99  1.18449E-01  1.33306E+00 -2.74640E+01  2.24262E+02  2.00000E+01  5.64340E-01  5.64340E-01
b  10    3 10   11  99  1.07719E-01  1.26703E+00 -2.58028E+01  2.01394E+02  2.00000E+01  1.73810E+00  1.73810E+00
b  10   10 10   11  99  2.32469E-01  1.82480E-01  1.24129E+00 -4.20448E-01  2.04125E+00  1.26660E+00  1.26660E+00
b  10    1 10   12  98  0.00000E+00  0.00000E+00  0.00000E+00  0.00000E+00  0.00000E+00  6.80242E-01  1.36048E-02
b  10    2 10   12  99  1.16090E-01  1.31375E+00 -2.62319E+01  2.09180E+02  2.00000E+01  2.55570E-01  2.55570E-01
b  10    4 10   12  99  1.07719E-01  1.26703E+00 -2.58028E+01  2.01394E+02  2.00000E+01  1.73810E+00  1.73810E+00
b  10   10 10   12  99  2.90768E-01  3.82571E-01  1.60174E+00 -5.99169E-01  2.11585E+00  2.60600E-01  2.60600E-01
b  10   11 10   12  99  2.33375E-01  1.97867E-01  1.73053E+00 -8.39418E-01  2.75609E+00  9.21800E-01  9.21800E-01
b  10    1 10   13  98  0.00000E+00  0.00000E+00  0.00000E+00  0.00000E+00  0.00000E+00  9.47315E-01  1.89463E-02
b  10    2 10   13  99  8.89110E-02  1.04644E+00  4.51731E+00 -2.77754E+02  2.00000E+01  1.18790E-01  1.18790E-01
b  10    5 10   13  99  1.07719E-01  1.26703E+00 -2.58028E+01  2.01394E+02  2.00000E+01  1.73810E+00  1.73810E+00
b  10   10 10   13  99  1.75740E-01  1.67624E+00 -1.99879E+01  2.03709E+02  2.00000E+01  9.07600E-02  9.07600E-02
b  10   11 10   13  99  3.04727E-01  6.01638E-01  2.28372E+00 -1.11084E+00  2.91491E+00  1.54300E-01  1.54300E-01
b  10   12 10   13  99  2.49931E-01  2.13658E-01  2.30734E+00 -1.30071E+00  3.36956E+00  1.12000E+00  1.12000E+00
b  10    1 10   14  98  0.00000E+00  0.00000E+00  0.00000E+00  0.00000E+00  0.00000E+00  1.26155E+00  2.52310E-02
b  10    2 10   14  99  1.56026E-01  8.99650E-01 -2.75495E+00  7.05931E+00  3.66643E+00  7.18900E-02  7.18900E-02
b  10    6 10   14  99  1.07719E-01  1.26703E+00 -2.58028E+01  2.01394E+02  2.00000E+01  1.73810E+00  1.73810E+00
b  10   10 10   14  99  1.83300E-01  1.79765E+00 -2.06725E+01  2.12698E+02  2.00000E+01  4.71200E-02  4.71200E-02
b  10   11 10   14  99  2.94064E-01  1.00988E+00  1.39837E+00 -4.70159E-01  2.12187E+00  5.83800E-02  5.83800E-02
b  10   12 10   14  99  2.91498E-01  6.82813E-01  2.60207E+00 -1.41101E+00  3.49427E+00  1.87800E-01  1.87800E-01
b  10   13 10   14  99  2.33297E-01  2.77000E-01  2.15128E+00 -2.82954E-01  4.02658E+00  1.35900E+00  1.35900E+00
b  10    1 10   15  98  0.00000E+00  0.00000E+00  0.00000E+00  0.00000E+00  0.00000E+00  1.62365E+00  3.24731E-02
b  10    2 10   15  99  1.56563E-01  8.98215E-01 -2.76857E+00  7.19814E+00  3.71382E+00  4.69000E-02  4.69000E-02
b  10    7 10   15  99  1.07719E-01  1.26703E+00 -2.58028E+01  2.01394E+02  2.00000E+01  1.73810E+00  1.73810E+00
b  10   10 10   15  99  1.90171E-01  1.86576E+00 -2.11118E+01  2.22813E+02  2.00000E+01  2.80600E-02  2.80600E-02
b  10   11 10   15  99  3.06358E-01  1.18948E+00  1.44648E+00 -5.14087E-01  2.11862E+00  2.95100E-02  2.95100E-02
b  10   12 10   15  99  2.95551E-01  1.11679E+00  2.01121E+00 -9.77437E-01  2.91529E+00  6.85200E-02  6.85200E-02
b  10   13 10   15  99  2.70999E-01  7.85681E-01  2.31966E+00 -1.30483E+00  3.47209E+00  2.20300E-01  2.20300E-01
b  10   14 10   15  99  2.21744E-01  3.23547E-01  2.00608E+00 -2.99497E-01  4.03625E+00  1.57200E+00  1.57200E+00
b  10    1 10   16  98  0.00000E+00  0.00000E+00  0.00000E+00  0.00000E+00  0.00000E+00  2.03612E+00  4.07224E-02
b  10    2 10   16  99  1.56187E-01  9.08500E-01 -2.97157E+00  8.01569E+00  3.92286E+00  3.23190E-02  3.23190E-02
b  10    8 10   16  99  1.07719E-01  1.26703E+00 -2.58028E+01  2.01394E+02  2.00000E+01  1.73810E+00  1.73810E+00
b  10   10 10   16  99  1.94127E-01  1.91555E+00 -2.14140E+01  2.28688E+02  2.00000E+01  1.82460E-02  1.82460E-02
b  10   11 10   16  99  3.15479E-01  1.31020E+00  1.50660E+00 -5.20203E-01  2.17037E+00  1.73900E-02  1.73900E-02
b  10   12 10   16  99  3.08350E-01  1.37539E+00  2.03482E+00 -9.73092E-01  2.90290E+00  3.39800E-02  3.39800E-02
b  10   13 10   16  99  2.92739E-01  1.19064E+00  2.40803E+00 -1.28588E+00  3.50879E+00  7.85800E-02  7.85800E-02
b  10   14 10   16  99  2.61144E-01  8.40820E-01  2.31943E+00 -3.14552E-01  4.22644E+00  2.49700E-01  2.49700E-01
b  10   15 10   16  99  2.12853E-01  3.58436E-01  1.87754E+00 -2.82200E-01  4.02589E+00  1.77700E+00  1.77700E+00
b  10    1 10   17  98  0.00000E+00  0.00000E+00  0.00000E+00  0.00000E+00  0.00000E+00  2.49731E+00  4.99462E-02
b  10    2 10   17  99  1.55067E-01  9.13360E-01 -3.01799E+00  8.15184E+00  3.95934E+00  2.32120E-02  2.32120E-02
b  10    9 10   17  99  1.07719E-01  1.26703E+00 -2.58028E+01  2.01394E+02  2.00000E+01  1.73810E+00  1.73810E+00
b  10   10 10   17  99  1.94946E-01  1.95896E+00 -2.15180E+01  2.27621E+02  2.00000E+01  1.25940E-02  1.25940E-02
b  10   11 10   17  99  3.21177E-01  1.40257E+00  1.53914E+00 -5.42392E-01  2.18733E+00  1.12600E-02  1.12600E-02
b  10   12 10   17  99  3.16821E-01  1.56995E+00  2.04369E+00 -9.68810E-01  2.89283E+00  1.98300E-02  1.98300E-02
b  10   13 10   17  99  3.07158E-01  1.50134E+00  2.48562E+00 -1.33672E+00  3.55148E+00  3.84500E-02  3.84500E-02
b  10   14 10   17  99  2.81295E-01  1.29439E+00  2.27582E+00 -1.27257E+00  3.54581E+00  8.78200E-02  8.78200E-02
b  10   15 10   17  99  2.50854E-01  8.93448E-01  2.13073E+00 -2.11318E-01  4.19833E+00  2.78300E-01  2.78300E-01
b  10   16 10   17  99  2.32174E-01  4.25568E-01  1.97424E+00 -2.73231E-01  3.98543E+00  1.75900E+00  1.75900E+00
b  10    1 10   18  99  3.86307E-01  1.61996E-01 -3.75641E+00  2.24122E+01  3.91238E+00  6.43200E-02  6.43200E-02
b  10    2 10   18  99  3.72014E-01  4.87521E-02 -3.30269E+00  2.15795E+01  3.91797E+00  6.30250E-02  6.30250E-02
b  10    1 10   19  99  3.85196E-01  1.75786E-01 -3.74694E+00  2.21059E+01  3.89844E+00  2.32200E-02  2.32200E-02
b  10    3 10   19  99  3.72014E-01  4.87521E-02 -3.30269E+00  2.15795E+01  3.91797E+00  6.30250E-02  6.30250E-02
b  10   18 10   19  99  2.32469E-01  1.82480E-01  1.24129E+00 -4.20448E-01  2.04125E+00  6.33300E-01  6.33300E-01
b  10    1 10   20  99  3.77475E-01  1.84748E-01 -3.73011E+00  2.17695E+01  3.90261E+00  1.10360E-02  1.10360E-02
b  10    4 10   20  99  3.72014E-01  4.87521E-02 -3.30269E+00  2.15795E+01  3.91797E+00  6.30250E-02  6.30250E-02
b  10   18 10   20  99  2.90768E-01  3.82571E-01  1.60174E+00 -5.99169E-01  2.11585E+00  1.30300E-01  1.30300E-01
b  10   19 10   20  99  2.33375E-01  1.97867E-01  1.73053E+00 -8.39418E-01  2.75609E+00  9.21800E-01  9.21800E-01
b  10    1 10   21  99  4.11527E-01  1.98354E-01 -4.14333E+00  2.40639E+01  3.91198E+00  5.66800E-03  5.66800E-03
b  10    5 10   21  99  3.72014E-01  4.87521E-02 -3.30269E+00  2.15795E+01  3.91797E+00  6.30250E-02  6.30250E-02
b  10   18 10   21  99  1.75740E-01  1.67624E+00 -1.99879E+01  2.03709E+02  2.00000E+01  4.53800E-02  4.53800E-02
b  10   19 10   21  99  3.04727E-01  6.01638E-01  2.28372E+00 -1.11084E+00  2.91491E+00  1.54300E-01  1.54300E-01
b  10   20 10   21  99  2.49931E-01  2.13658E-01  2.30734E+00 -1.30071E+00  3.36956E+00  1.12000E+00  1.12000E+00
b  10    1 10   22  99  4.08040E-01  1.96167E-01 -4.09458E+00  2.37938E+01  3.90898E+00  3.46400E-03  3.46400E-03
b  10    6 10   22  99  3.72014E-01  4.87521E-02 -3.30269E+00  2.15795E+01  3.91797E+00  6.30250E-02  6.30250E-02
b  10   18 10   22  99  1.83300E-01  1.79765E+00 -2.06725E+01  2.12698E+02  2.00000E+01  2.35600E-02  2.35600E-02
b  10   19 10   22  99  2.94064E-01  1.00988E+00  1.39837E+00 -4.70159E-01  2.12187E+00  5.83800E-02  5.83800E-02
b  10   20 10   22  99  2.91498E-01  6.82813E-01  2.60207E+00 -1.41101E+00  3.49427E+00  1.87800E-01  1.87800E-01
b  10   21 10   22  99  2.33297E-01  2.77000E-01  2.15128E+00 -2.82954E-01  4.02658E+00  1.35900E+00  1.35900E+00
b  10    1 10   23  99  4.04758E-01  1.97755E-01 -4.07673E+00  2.36157E+01  3.90823E+00  2.27200E-03  2.27200E-03
b  10    7 10   23  99  3.72014E-01  4.87521E-02 -3.30269E+00  2.15795E+01  3.91797E+00  6.30250E-02  6.30250E-02
b  10   18 10   23  99  1.90171E-01  1.86576E+00 -2.11118E+01  2.22813E+02  2.00000E+01  1.40300E-02  1.40300E-02
b  10   19 10   23  99  3.06358E-01  1.18948E+00  1.44648E+00 -5.14087E-01  2.11862E+00  2.95100E-02  2.95100E-02
b  10   20 10   23  99  2.95551E-01  1.11679E+00  2.01121E+00 -9.77437E-01  2.91529E+00  6.85200E-02  6.85200E-02
b  10   21 10   23  99  2.70999E-01  7.85681E-01  2.31966E+00 -1.30483E+00  3.47209E+00  2.20300E-01  2.20300E-01
b  10   22 10   23  99  2.21744E-01  3.23547E-01  2.00608E+00 -2.99497E-01  4.03625E+00  1.57200E+00  1.57200E+00
b  10    1 10   24  99  4.03067E-01  1.96190E-01 -4.05209E+00  2.34969E+01  3.90850E+00  1.56860E-03  1.56860E-03
b  10    8 10   24  99  3.72014E-01  4.87521E-02 -3.30269E+00  2.15795E+01  3.91797E+00  6.30250E-02  6.30250E-02
b  10   18 10   24  99  1.94127E-01  1.91555E+00 -2.14140E+01  2.28688E+02  2.00000E+01  9.12300E-03  9.12300E-03
b  10   19 10   24  99  3.15479E-01  1.31020E+00  1.50660E+00 -5.20203E-01  2.17037E+00  1.73900E-02  1.73900E-02
b  10   20 10   24  99  3.08350E-01  1.37539E+00  2.03482E+00 -9.73092E-01  2.90290E+00  3.39800E-02  3.39800E-02
b  10   21 10   24  99  2.92739E-01  1.19064E+00  2.40803E+00 -1.28588E+00  3.50879E+00  7.85800E-02  7.85800E-02
b  10   22 10   24  99  2.61144E-01  8.40820E-01  2.31943E+00 -3.14552E-01  4.22644E+00  2.49700E-01  2.49700E-01
b  10   23 10   24  99  2.12853E-01  3.58436E-01  1.87754E+00 -2.82200E-01  4.02589E+00  1.77700E+00  1.77700E+00
b  10    1 10   25  99  4.03178E-01  1.90385E-01 -4.00949E+00  2.33798E+01  3.90490E+00  1.12720E-03  1.12720E-03
b  10    9 10   25  99  3.72014E-01  4.87521E-02 -3.30269E+00  2.15795E+01  3.91797E+00  6.30250E-02  6.30250E-02
b  10   18 10   25  99  1.94946E-01  1.95896E+00 -2.15180E+01  2.27621E+02  2.00000E+01  6.29700E-03  6.29700E-03
b  10   19 10   25  99  3.21177E-01  1.40257E+00  1.53914E+00 -5.42392E-01  2.18733E+00  1.12600E-02  1.12600E-02
b  10   20 10   25  99  3.16821E-01  1.56995E+00  2.04369E+00 -9.68810E-01  2.89283E+00  1.98300E-02  1.98300E-02
b  10   21 10   25  99  3.07158E-01  1.50134E+00  2.48562E+00 -1.33672E+00  3.55148E+00  3.84500E-02  3.84500E-02
b  10   22 10   25  99  2.81295E-01  1.29439E+00  2.27582E+00 -1.27257E+00  3.54581E+00  8.78200E-02  8.78200E-02
b  10   23 10   25  99  2.50854E-01  8.93448E-01  2.13073E+00 -2.11318E-01  4.19833E+00  2.78300E-01  2.78300E-01
b  10   24 10   25  99  2.32174E-01  4.25568E-01  1.97424E+00 -2.73231E-01  3.98543E+00  1.75900E+00  1.75900E+00
f  10    1  9    1  99  8.00000E+00  1.20107E+01
p  10    1  9    1  98  1.73540E+00 -2.23460E+00 -2.09670E-01  2.39160E-02  8.00000E+00  3.29400E+02  3.42600E+02  6.58800E+03
f  10    2  9    1  99  1.00000E+00  7.70400E+00
p  10    2  9    1  99  1.00000E+00  7.70400E+00
f  10    3  9    1  99  1.00000E+00  7.20380E+00
p  10    3  9    1  99  1.00000E+00  7.20380E+00
f  10    4  9    1  99  1.00000E+00  7.02070E+00
p  10    4  9    1  99  1.00000E+00  7.02070E+00
f  10    5  9    1  99  1.00000E+00  7.09000E+00
p  10    5  9    1  99  1.00000E+00  7.09000E+00
f  10    6  9    1  99  1.00000E+00  7.07200E+00
p  10    6  9    1  99  1.00000E+00  7.07200E+00
f  10    7  9    1  99  1.00000E+00  7.00720E+00
p  10    7  9    1  99  1.00000E+00  7.00720E+00
f  10    8  9    1  99  1.00000E+00  7.00720E+00
p  10    8  9    1  99  1.00000E+00  7.00720E+00
f  10    9  9    1  99  1.00000E+00  7.00090E+00
p  10    9  9    1  99  1.00000E+00  7.00090E+00
f  10    2  9    2  99  7.00000E+00  7.70400E+00
p  10    2  9    2  98  1.73540E+00 -2.23460E+00 -2.09670E-01  2.39160E-02  8.00000E+00  3.29400E+02  3.42600E+02  6.58800E+03
f  10   10  9    2  99  2.00000E+00  8.26800E+00
p  10   10  9    2  99  2.00000E+00  8.26800E+00
f  10   11  9    2  99  1.00000E+00  7.26050E+00
p  10   11  9    2  99  1.00000E+00  7.26050E+00
f  10   12  9    2  99  1.00000E+00  7.03900E+00
p  10   12  9    2  99  1.00000E+00  7.03900E+00
f  10   13  9    2  99  1.00000E+00  7.09600E+00
p  10   13  9    2  99  1.00000E+00  7.09600E+00
f  10   14  9    2  99  1.00000E+00  7.07600E+00
p  10   14  9    2  99  1.00000E+00  7.07600E+00
f  10   15  9    2  99  1.00000E+00  7.01620E+00
p  10   15  9    2  99  1.00000E+00  7.01620E+00
f  10   16  9    2  99  1.00000E+00  7.01420E+00
p  10   16  9    2  99  1.00000E+00  7.01420E+00
f  10   17  9    2  99  1.00000E+00  7.00090E+00
p  10   17  9    2  99  1.00000E+00  7.00090E+00
f  10    3  9    3  99  7.00000E+00  7.20380E+00
p  10    3  9    3  98  1.73540E+00 -2.23460E+00 -2.09670E-01  2.39160E-02  8.00000E+00  3.29400E+02  3.42600E+02  6.58800E+03
f  10   11  9    3  99  1.00000E+00  7.26050E+00
p  10   11  9    3  99  1.00000E+00  7.26050E+00
f  10    4  9    4  99  7.00000E+00  7.02070E+00
p  10    4  9    4  98  1.73540E+00 -2.23460E+00 -2.09670E-01  2.39160E-02  8.00000E+00  3.29400E+02  3.42600E+02  6.58800E+03
f  10   12  9    4  99  1.00000E+00  7.03900E+00
p  10   12  9    4  99  1.00000E+00  7.03900E+00
f  10    5  9    5  99  7.00000E+00  7.09000E+00
p  10    5  9    5  98  1.73540E+00 -2.23460E+00 -2.09670E-01  2.39160E-02  8.00000E+00  3.29400E+02  3.42600E+02  6.58800E+03
f  10   13  9    5  99  1.00000E+00  7.09600E+00
p  10   13  9    5  99  1.00000E+00  7.09600E+00
f  10    6  9    6  99  7.00000E+00  7.07200E+00
p  10    6  9    6  98  1.73540E+00 -2.23460E+00 -2.09670E-01  2.39160E-02  8.00000E+00  3.29400E+02  3.42600E+02  6.58800E+03
f  10   14  9    6  99  1.00000E+00  7.07600E+00
p  10   14  9    6  99  1.00000E+00  7.07600E+00
f  10    7  9    7  99  7.00000E+00  7.00720E+00
p  10    7  9    7  98  1.73540E+00 -2.23460E+00 -2.09670E-01  2.39160E-02  8.00000E+00  3.29400E+02  3.42600E+02  6.58800E+03
f  10   15  9    7  99  1.00000E+00  7.01620E+00
p  10   15  9    7  99  1.00000E+00  7.01620E+00
f  10    8  9    8  99  7.00000E+00  7.00720E+00
p  10    8  9    8  98  1.73540E+00 -2.23460E+00 -2.09670E-01  2.39160E-02  8.00000E+00  3.29400E+02  3.42600E+02  6.58800E+03
f  10   16  9    8  99  1.00000E+00  7.01420E+00
p  10   16  9    8  99  1.00000E+00  7.01420E+00
f  10    9  9    9  99  7.00000E+00  7.00090E+00
p  10    9  9    9  98  1.73540E+00 -2.23460E+00 -2.09670E-01  2.39160E-02  8.00000E+00  3.29400E+02  3.42600E+02  6.58800E+03
f  10   17  9    9  99  1.00000E+00  7.00090E+00
p  10   17  9    9  99  1.00000E+00  7.00090E+00
f  10   10  9   10  99  6.00000E+00  8.26800E+00
p  10   10  9   10  98  1.73540E+00 -2.23460E+00 -2.09670E-01  2.39160E-02  8.00000E+00  3.29400E+02  3.42600E+02  6.58800E+03
f  10   11  9   11  99  6.00000E+00  7.26050E+00
p  10   11  9   11  98  1.73540E+00 -2.23460E+00 -2.09670E-01  2.39160E-02  8.00000E+00  3.29400E+02  3.42600E+02  6.58800E+03
f  10   12  9   12  99  6.00000E+00  7.03900E+00
p  10   12  9   12  98  1.73540E+00 -2.23460E+00 -2.09670E-01  2.39160E-02  8.00000E+00  3.29400E+02  3.42600E+02  6.58800E+03
f  10   13  9   13  99  6.00000E+00  7.09600E+00
p  10   13  9   13  98  1.73540E+00 -2.23460E+00 -2.09670E-01  2.39160E-02  8.00000E+00  3.29400E+02  3.42600E+02  6.58800E+03
f  10   14  9   14  99  6.00000E+00  7.07600E+00
p  10   14  9   14  98  1.73540E+00 -2.23460E+00 -2.09670E-01  2.39160E-02  8.00000E+00  3.29400E+02  3.42600E+02  6.58800E+03
f  10   15  9   15  99  6.00000E+00  7.01620E+00
p  10   15  9   15  98  1.73540E+00 -2.23460E+00 -2.09670E-01  2.39160E-02  8.00000E+00  3.29400E+02  3.42600E+02  6.58800E+03
f  10   16  9   16  99  6.00000E+00  7.01420E+00
p  10   16  9   16  98  1.73540E+00 -2.23460E+00 -2.09670E-01  2.39160E-02  8.00000E+00  3.29400E+02  3.42600E+02  6.58800E+03
f  10   17  9   17  99  6.00000E+00  7.00090E+00
p  10   17  9   17  98  1.73540E+00 -2.23460E+00 -2.09670E-01  2.39160E-02  8.00000E+00  3.29400E+02  3.42600E+02  6.58800E+03
f  10    1  9   18  99  2.00000E+00  1.20107E+01
p  10    1  9   18  98  2.19180E+00 -2.46270E+00 -1.98600E-01  1.88660E-02  2.00000E+00  2.56600E+03  2.66900E+03  5.13200E+04
f  10   18  9   18  99  1.00000E+00  7.78400E+00
p  10   18  9   18  99  1.00000E+00  7.78400E+00
f  10   19  9   18  99  1.00000E+00  7.22700E+00
p  10   19  9   18  99  1.00000E+00  7.22700E+00
f  10   20  9   18  99  1.00000E+00  7.01980E+00
p  10   20  9   18  99  1.00000E+00  7.01980E+00
f  10   21  9   18  99  1.00000E+00  7.09900E+00
p  10   21  9   18  99  1.00000E+00  7.09900E+00
f  10   22  9   18  99  1.00000E+00  7.08100E+00
p  10   22  9   18  99  1.00000E+00  7.08100E+00
f  10   23  9   18  99  1.00000E+00  7.00810E+00
p  10   23  9   18  99  1.00000E+00  7.00810E+00
f  10   24  9   18  99  1.00000E+00  7.00810E+00
p  10   24  9   18  99  1.00000E+00  7.00810E+00
f  10   25  9   18  99  1.00000E+00  7.00090E+00
p  10   25  9   18  99  1.00000E+00  7.00090E+00
f  10    2  9   19  99  2.00000E+00  7.70400E+00
p  10    2  9   19  98  2.19180E+00 -2.46270E+00 -1.98600E-01  1.88660E-02  2.00000E+00  2.56600E+03  2.66900E+03  5.13200E+04
f  10   18  9   19  99  8.00000E+00  7.78400E+00
p  10   18  9   19  98  1.73540E+00 -2.23460E+00 -2.09670E-01  2.39160E-02  8.00000E+00  3.29400E+02  3.42600E+02  6.58800E+03
f  10    3  9   20  99  2.00000E+00  7.20380E+00
p  10    3  9   20  98  2.19180E+00 -2.46270E+00 -1.98600E-01  1.88660E-02  2.00000E+00  2.56600E+03  2.66900E+03  5.13200E+04
f  10   19  9   20  99  8.00000E+00  7.22700E+00
p  10   19  9   20  98  1.73540E+00 -2.23460E+00 -2.09670E-01  2.39160E-02  8.00000E+00  3.29400E+02  3.42600E+02  6.58800E+03
f  10    4  9   21  99  2.00000E+00  7.02070E+00
p  10    4  9   21  98  2.19180E+00 -2.46270E+00 -1.98600E-01  1.88660E-02  2.00000E+00  2.56600E+03  2.66900E+03  5.13200E+04
f  10   20  9   21  99  8.00000E+00  7.01980E+00
p  10   20  9   21  98  1.73540E+00 -2.23460E+00 -2.09670E-01  2.39160E-02  8.00000E+00  3.29400E+02  3.42600E+02  6.58800E+03
f  10    5  9   22  99  2.00000E+00  7.09000E+00
p  10    5  9   22  98  2.19180E+00 -2.46270E+00 -1.98600E-01  1.88660E-02  2.00000E+00  2.56600E+03  2.66900E+03  5.13200E+04
f  10   21  9   22  99  8.00000E+00  7.09900E+00
p  10   21  9   22  98  1.73540E+00 -2.23460E+00 -2.09670E-01  2.39160E-02  8.00000E+00  3.29400E+02  3.42600E+02  6.58800E+03
f  10    6  9   23  99  2.00000E+00  7.07200E+00
p  10    6  9   23  98  2.19180E+00 -2.46270E+00 -1.98600E-01  1.88660E-02  2.00000E+00  2.56600E+03  2.66900E+03  5.13200E+04
f  10   22  9   23  99  8.00000E+00  7.08100E+00
p  10   22  9   23  98  1.73540E+00 -2.23460E+00 -2.09670E-01  2.39160E-02  8.00000E+00  3.29400E+02  3.42600E+02  6.58800E+03
f  10    7  9   24  99  2.00000E+00  7.00720E+00
p  10    7  9   24  98  2.19180E+00 -2.46270E+00 -1.98600E-01  1.88660E-02  2.00000E+00  2.56600E+03  2.66900E+03  5.13200E+04
f  10   23  9   24  99  8.00000E+00  7.00810E+00
p  10   23  9   24  98  1.73540E+00 -2.23460E+00 -2.09670E-01  2.39160E-02  8.00000E+00  3.29400E+02  3.42600E+02  6.58800E+03
f  10    8  9   25  99  2.00000E+00  7.00720E+00
p  10    8  9   25  98  2.19180E+00 -2.46270E+00 -1.98600E-01  1.88660E-02  2.00000E+00  2.56600E+03  2.66900E+03  5.13200E+04
f  10   24  9   25  99  8.00000E+00  7.00810E+00
p  10   24  9   25  98  1.73540E+00 -2.23460E+00 -2.09670E-01  2.39160E-02  8.00000E+00  3.29400E+02  3.42600E+02  6.58800E+03
f  10    9  9   26  99  2.00000E+00  7.00090E+00
p  10    9  9   26  98  2.19180E+00 -2.46270E+00 -1.98600E-01  1.88660E-02  2.00000E+00  2.56600E+03  2.66900E+03  5.13200E+04
f  10   25  9   26  99  8.00000E+00  7.00090E+00
p  10   25  9   26  98  1.73540E+00 -2.23460E+00 -2.09670E-01  2.39160E-02  8.00000E+00  3.29400E+02  3.42600E+02  6.58800E+03
a  10   10  9    1   2.12505E+13
a  10   11  9    1   3.69735E+12
a  10   12  9    1   1.11960E+12
a  10   13  9    1   4.37228E+11
a  10   14  9    1   2.02290E+11
a  10   15  9    1   1.03755E+11
a  10   16  9    1   5.75768E+10
a  10   17  9    1   3.39982E+10
a  10   18  9    1   1.24832E+13
a  10   19  9    1   2.39192E+12
a  10   20  9    1   7.14680E+11
a  10   21  9    1   2.72004E+11
a  10   22  9    1   1.25848E+11
a  10   23  9    1   6.45480E+10
a  10   24  9    1   3.58192E+10
a  10   25  9    1   2.11508E+10
a  10   18  9    2   7.39424E+14
a  10   19  9    3   7.39424E+14
a  10   20  9    4   7.39424E+14
a  10   21  9    5   7.39424E+14
a  10   22  9    6   7.39424E+14
a  10   23  9    7   7.39424E+14
a  10   24  9    8   7.39424E+14
a  10   25  9    9   7.39424E+14
b  11    1 11    2  99  2.13664E-01  2.54580E-01  1.01928E+00 -2.96656E-01  1.97290E+00  6.26400E-01  6.26400E-01
b  11    1 11    3  99  2.73933E-01  4.74234E-01  1.40550E+00 -4.95874E-01  2.08998E+00  1.22900E-01  1.22900E-01
b  11    2 11    3  99  2.38933E-01  1.76053E-01  2.18860E+00 -1.23606E+00  3.32508E+00  9.27900E-01  9.27900E-01
b  11    1 11    4  99  3.77455E-01  7.07791E-01  1.98026E+00 -6.81243E-01  2.13318E+00  4.17400E-02  4.17400E-02
b  11    2 11    4  99  2.91434E-01  6.91870E-01  2.05152E+00 -9.96741E-01  2.83643E+00  1.49800E-01  1.49800E-01
b  11    3 11    4  99  2.42098E-01  2.61822E-01  2.25896E+00 -3.49114E-01  4.02140E+00  1.12800E+00  1.12800E+00
b  11    1 11    5  99  3.90894E-01  8.08446E-01  2.08623E+00 -7.92238E-01  2.15302E+00  2.15900E-02  2.15900E-02
b  11    2 11    5  99  3.12759E-01  9.75980E-01  2.16444E+00 -1.02307E+00  2.89407E+00  5.61000E-02  5.61000E-02
b  11    3 11    5  99  2.79893E-01  7.57795E-01  2.38753E+00 -1.31132E+00  3.45475E+00  1.85200E-01  1.85200E-01
b  11    4 11    5  99  2.27018E-01  3.21857E-01  2.06326E+00 -3.10372E-01  4.04657E+00  1.36900E+00  1.36900E+00
b  11    1 11    6  99  3.96424E-01  8.87217E-01  2.04771E+00 -7.31477E-01  2.11365E+00  1.28500E-02  1.28500E-02
b  11    2 11    6  99  3.25246E-01  1.16663E+00  2.22397E+00 -1.06720E+00  2.89641E+00  2.82200E-02  2.82200E-02
b  11    3 11    6  99  3.01939E-01  1.11790E+00  2.52441E+00 -1.37152E+00  3.51716E+00  6.70400E-02  6.70400E-02
b  11    4 11    6  99  2.65072E-01  8.30606E-01  2.34604E+00 -3.56018E-01  4.19822E+00  2.18700E-01  2.18700E-01
b  11    5 11    6  99  2.15574E-01  3.68838E-01  1.89495E+00 -2.84178E-01  4.03147E+00  1.58200E+00  1.58200E+00
b  11    1 11    7  99  4.01131E-01  9.35761E-01  2.06659E+00 -7.33150E-01  2.12026E+00  8.34500E-03  8.34500E-03
b  11    2 11    7  99  3.33833E-01  1.29944E+00  2.26099E+00 -1.02760E+00  2.92615E+00  1.65900E-02  1.65900E-02
b  11    3 11    7  99  2.99522E-01  1.45935E+00  1.93517E+00 -9.00096E-01  2.96025E+00  3.31000E-02  3.31000E-02
b  11    4 11    7  99  2.83789E-01  1.25763E+00  2.28263E+00 -1.25424E+00  3.53357E+00  7.75800E-02  7.75800E-02
b  11    5 11    7  99  2.52491E-01  8.99288E-01  2.11830E+00 -2.08484E-01  4.16764E+00  2.48700E-01  2.48700E-01
b  11    6 11    7  99  2.07555E-01  4.00084E-01  1.77330E+00 -2.53517E-01  4.01762E+00  1.78700E+00  1.78700E+00
b  11    1 11    8  99  4.04624E-01  9.70657E-01  2.07421E+00 -7.48694E-01  2.10105E+00  5.75800E-03  5.75800E-03
b  11    2 11    8  99  3.10197E-01  1.53028E+00  1.36070E+00 -4.79544E-01  2.07975E+00  1.07200E-02  1.07200E-02
b  11    3 11    8  99  3.08646E-01  1.65901E+00  1.96503E+00 -9.15840E-01  2.96242E+00  1.92600E-02  1.92600E-02
b  11    4 11    8  99  2.97126E-01  1.58208E+00  2.28986E+00 -1.22987E+00  3.50012E+00  3.78300E-02  3.78300E-02
b  11    5 11    8  99  2.76549E-01  1.33684E+00  2.31447E+00 -3.21127E-01  4.26110E+00  8.70700E-02  8.70700E-02
b  11    6 11    8  99  2.44704E-01  9.37424E-01  2.02874E+00 -1.68337E-01  4.22723E+00  2.77600E-01  2.77600E-01
b  11    7 11    8  99  1.39374E-01  2.85339E-01  1.15876E+00 -1.71005E-01  3.99003E+00  2.88500E+00  2.88500E+00
b  11    1 11    9  99  1.18189E-01  1.39617E+00 -2.80205E+01  2.16438E+02  2.00000E+01  1.50204E+00  1.50204E+00
b  11    1 11   10  99  1.12405E-01  1.25185E+00 -2.57002E+01  2.11043E+02  2.00000E+01  5.45440E-01  5.45440E-01
b  11    2 11   10  99  1.18189E-01  1.39617E+00 -2.80205E+01  2.16438E+02  2.00000E+01  1.59040E+00  1.59040E+00
b  11    9 11   10  99  2.13664E-01  2.54580E-01  1.01928E+00 -2.96656E-01  1.97290E+00  1.25280E+00  1.25280E+00
b  11    1 11   11  99  1.11509E-01  1.24826E+00 -2.50757E+01  2.02166E+02  2.00000E+01  2.51520E-01  2.51520E-01
b  11    3 11   11  99  1.18189E-01  1.39617E+00 -2.80205E+01  2.16438E+02  2.00000E+01  1.59040E+00  1.59040E+00
b  11    9 11   11  99  2.73933E-01  4.74234E-01  1.40550E+00 -4.95874E-01  2.08998E+00  2.45800E-01  2.45800E-01
b  11   10 11   11  99  2.38933E-01  1.76053E-01  2.18860E+00 -1.23606E+00  3.32508E+00  9.27900E-01  9.27900E-01
b  11    1 11   12  99  1.37585E-01  1.56836E+00 -3.24501E+01  2.62484E+02  2.00000E+01  1.17760E-01  1.17760E-01
b  11    4 11   12  99  1.18189E-01  1.39617E+00 -2.80205E+01  2.16438E+02  2.00000E+01  1.59040E+00  1.59040E+00
b  11    9 11   12  99  3.77455E-01  7.07791E-01  1.98026E+00 -6.81243E-01  2.13318E+00  8.34800E-02  8.34800E-02
b  11   10 11   12  99  2.91434E-01  6.91870E-01  2.05152E+00 -9.96741E-01  2.83643E+00  1.49800E-01  1.49800E-01
b  11   11 11   12  99  2.42098E-01  2.61822E-01  2.25896E+00 -3.49114E-01  4.02140E+00  1.12800E+00  1.12800E+00
b  11    1 11   13  99  1.07482E-01  1.36069E+00 -1.56020E+01 -1.39723E-01  2.00000E+01  7.14560E-02  7.14560E-02
b  11    5 11   13  99  1.18189E-01  1.39617E+00 -2.80205E+01  2.16438E+02  2.00000E+01  1.59040E+00  1.59040E+00
b  11    9 11   13  99  3.90894E-01  8.08446E-01  2.08623E+00 -7.92238E-01  2.15302E+00  4.31800E-02  4.31800E-02
b  11   10 11   13  99  3.12759E-01  9.75980E-01  2.16444E+00 -1.02307E+00  2.89407E+00  5.61000E-02  5.61000E-02
b  11   11 11   13  99  2.79893E-01  7.57795E-01  2.38753E+00 -1.31132E+00  3.45475E+00  1.85200E-01  1.85200E-01
b  11   12 11   13  99  2.27018E-01  3.21857E-01  2.06326E+00 -3.10372E-01  4.04657E+00  1.36900E+00  1.36900E+00
b  11    1 11   14  99  1.13347E-01  1.12848E+00 -6.30816E+00  1.79244E+01  6.83462E+00  4.66800E-02  4.66800E-02
b  11    6 11   14  99  1.18189E-01  1.39617E+00 -2.80205E+01  2.16438E+02  2.00000E+01  1.59040E+00  1.59040E+00
b  11    9 11   14  99  3.96424E-01  8.87217E-01  2.04771E+00 -7.31477E-01  2.11365E+00  2.57000E-02  2.57000E-02
b  11   10 11   14  99  3.25246E-01  1.16663E+00  2.22397E+00 -1.06720E+00  2.89641E+00  2.82200E-02  2.82200E-02
b  11   11 11   14  99  3.01939E-01  1.11790E+00  2.52441E+00 -1.37152E+00  3.51716E+00  6.70400E-02  6.70400E-02
b  11   12 11   14  99  2.65072E-01  8.30606E-01  2.34604E+00 -3.56018E-01  4.19822E+00  2.18700E-01  2.18700E-01
b  11   13 11   14  99  2.15574E-01  3.68838E-01  1.89495E+00 -2.84178E-01  4.03147E+00  1.58200E+00  1.58200E+00
b  11    1 11   15  99  8.37804E-02  9.63070E-01  8.10790E+00 -3.24082E+02  2.00000E+01  3.21920E-02  3.21920E-02
b  11    7 11   15  99  1.18189E-01  1.39617E+00 -2.80205E+01  2.16438E+02  2.00000E+01  1.59040E+00  1.59040E+00
b  11    9 11   15  99  4.01131E-01  9.35761E-01  2.06659E+00 -7.33150E-01  2.12026E+00  1.66900E-02  1.66900E-02
b  11   10 11   15  99  3.33833E-01  1.29944E+00  2.26099E+00 -1.02760E+00  2.92615E+00  1.65900E-02  1.65900E-02
b  11   11 11   15  99  2.99522E-01  1.45935E+00  1.93517E+00 -9.00096E-01  2.96025E+00  3.31000E-02  3.31000E-02
b  11   12 11   15  99  2.83789E-01  1.25763E+00  2.28263E+00 -1.25424E+00  3.53357E+00  7.75800E-02  7.75800E-02
b  11   13 11   15  99  2.52491E-01  8.99288E-01  2.11830E+00 -2.08484E-01  4.16764E+00  2.48700E-01  2.48700E-01
b  11   14 11   15  99  2.07555E-01  4.00084E-01  1.77330E+00 -2.53517E-01  4.01762E+00  1.78700E+00  1.78700E+00
b  11    1 11   16  99  8.46981E-02  9.69175E-01  7.36358E+00 -3.11849E+02  2.00000E+01  2.31280E-02  2.31280E-02
b  11    8 11   16  99  1.18189E-01  1.39617E+00 -2.80205E+01  2.16438E+02  2.00000E+01  1.59040E+00  1.59040E+00
b  11    9 11   16  99  4.04624E-01  9.70657E-01  2.07421E+00 -7.48694E-01  2.10105E+00  1.15160E-02  1.15160E-02
b  11   10 11   16  99  3.10197E-01  1.53028E+00  1.36070E+00 -4.79544E-01  2.07975E+00  1.07200E-02  1.07200E-02
b  11   11 11   16  99  3.08646E-01  1.65901E+00  1.96503E+00 -9.15840E-01  2.96242E+00  1.92600E-02  1.92600E-02
b  11   12 11   16  99  2.97126E-01  1.58208E+00  2.28986E+00 -1.22987E+00  3.50012E+00  3.78300E-02  3.78300E-02
b  11   13 11   16  99  2.76549E-01  1.33684E+00  2.31447E+00 -3.21127E-01  4.26110E+00  8.70700E-02  8.70700E-02
b  11   14 11   16  99  2.44704E-01  9.37424E-01  2.02874E+00 -1.68337E-01  4.22723E+00  2.77600E-01  2.77600E-01
b  11   15 11   16  99  1.39374E-01  2.85339E-01  1.15876E+00 -1.71005E-01  3.99003E+00  2.88500E+00  2.88500E+00
b  11    1 11   17  99  4.13907E-01  1.66730E-01 -3.96339E+00  2.37887E+01  3.90222E+00  5.18689E-02  5.18689E-02
b  11    9 11   17  99  3.71763E-01  4.94367E-02 -3.30659E+00  2.15923E+01  3.91981E+00  6.25750E-02  6.25750E-02
b  11    1 11   18  99  3.76763E-01  1.65660E-01 -3.61614E+00  2.14550E+01  3.88980E+00  1.93420E-02  1.93420E-02
b  11    2 11   18  99  4.13907E-01  1.66730E-01 -3.96339E+00  2.37887E+01  3.90222E+00  5.49200E-02  5.49200E-02
b  11   10 11   18  99  3.71763E-01  4.94367E-02 -3.30659E+00  2.15923E+01  3.91981E+00  6.25750E-02  6.25750E-02
b  11   17 11   18  99  2.13664E-01  2.54580E-01  1.01928E+00 -2.96656E-01  1.97290E+00  1.25280E+00  1.25280E+00
b  11    1 11   19  99  3.72512E-01  1.74838E-01 -3.64634E+00  2.14224E+01  3.90003E+00  9.04200E-03  9.04200E-03
b  11    3 11   19  99  4.13907E-01  1.66730E-01 -3.96339E+00  2.37887E+01  3.90222E+00  5.49200E-02  5.49200E-02
b  11   11 11   19  99  3.71763E-01  4.94367E-02 -3.30659E+00  2.15923E+01  3.91981E+00  6.25750E-02  6.25750E-02
b  11   17 11   19  99  2.73933E-01  4.74234E-01  1.40550E+00 -4.95874E-01  2.08998E+00  2.45800E-01  2.45800E-01
b  11   18 11   19  99  2.38933E-01  1.76053E-01  2.18860E+00 -1.23606E+00  3.32508E+00  9.27900E-01  9.27900E-01
b  11    1 11   20  99  4.15393E-01  1.95096E-01 -4.19676E+00  2.44653E+01  3.92167E+00  4.59800E-03  4.59800E-03
b  11    4 11   20  99  4.13907E-01  1.66730E-01 -3.96339E+00  2.37887E+01  3.90222E+00  5.49200E-02  5.49200E-02
b  11   12 11   20  99  3.71763E-01  4.94367E-02 -3.30659E+00  2.15923E+01  3.91981E+00  6.25750E-02  6.25750E-02
b  11   17 11   20  99  3.77455E-01  7.07791E-01  1.98026E+00 -6.81243E-01  2.13318E+00  8.34800E-02  8.34800E-02
b  11   18 11   20  99  2.91434E-01  6.91870E-01  2.05152E+00 -9.96741E-01  2.83643E+00  1.49800E-01  1.49800E-01
b  11   19 11   20  99  2.42098E-01  2.61822E-01  2.25896E+00 -3.49114E-01  4.02140E+00  1.12800E+00  1.12800E+00
b  11    1 11   21  99  4.11460E-01  1.87441E-01 -4.09424E+00  2.39593E+01  3.90697E+00  2.78800E-03  2.78800E-03
b  11    5 11   21  99  4.13907E-01  1.66730E-01 -3.96339E+00  2.37887E+01  3.90222E+00  5.49200E-02  5.49200E-02
b  11   13 11   21  99  3.71763E-01  4.94367E-02 -3.30659E+00  2.15923E+01  3.91981E+00  6.25750E-02  6.25750E-02
b  11   17 11   21  99  3.90894E-01  8.08446E-01  2.08623E+00 -7.92238E-01  2.15302E+00  4.31800E-02  4.31800E-02
b  11   18 11   21  99  3.12759E-01  9.75980E-01  2.16444E+00 -1.02307E+00  2.89407E+00  5.61000E-02  5.61000E-02
b  11   19 11   21  99  2.79893E-01  7.57795E-01  2.38753E+00 -1.31132E+00  3.45475E+00  1.85200E-01  1.85200E-01
b  11   20 11   21  99  2.27018E-01  3.21857E-01  2.06326E+00 -3.10372E-01  4.04657E+00  1.36900E+00  1.36900E+00
b  11    1 11   22  99  4.07473E-01  1.86615E-01 -4.06279E+00  2.37691E+01  3.91109E+00  1.81740E-03  1.81740E-03
b  11    6 11   22  99  4.13907E-01  1.66730E-01 -3.96339E+00  2.37887E+01  3.90222E+00  5.49200E-02  5.49200E-02
b  11   14 11   22  99  3.71763E-01  4.94367E-02 -3.30659E+00  2.15923E+01  3.91981E+00  6.25750E-02  6.25750E-02
b  11   17 11   22  99  3.96424E-01  8.87217E-01  2.04771E+00 -7.31477E-01  2.11365E+00  2.57000E-02  2.57000E-02
b  11   18 11   22  99  3.25246E-01  1.16663E+00  2.22397E+00 -1.06720E+00  2.89641E+00  2.82200E-02  2.82200E-02
b  11   19 11   22  99  3.01939E-01  1.11790E+00  2.52441E+00 -1.37152E+00  3.51716E+00  6.70400E-02  6.70400E-02
b  11   20 11   22  99  2.65072E-01  8.30606E-01  2.34604E+00 -3.56018E-01  4.19822E+00  2.18700E-01  2.18700E-01
b  11   21 11   22  99  2.15574E-01  3.68838E-01  1.89495E+00 -2.84178E-01  4.03147E+00  1.58200E+00  1.58200E+00
b  11    1 11   23  99  4.03518E-01  1.90570E-01 -4.07656E+00  2.37309E+01  3.91912E+00  1.24960E-03  1.24960E-03
b  11    7 11   23  99  4.13907E-01  1.66730E-01 -3.96339E+00  2.37887E+01  3.90222E+00  5.49200E-02  5.49200E-02
b  11   15 11   23  99  3.71763E-01  4.94367E-02 -3.30659E+00  2.15923E+01  3.91981E+00  6.25750E-02  6.25750E-02
b  11   17 11   23  99  4.01131E-01  9.35761E-01  2.06659E+00 -7.33150E-01  2.12026E+00  1.66900E-02  1.66900E-02
b  11   18 11   23  99  3.33833E-01  1.29944E+00  2.26099E+00 -1.02760E+00  2.92615E+00  1.65900E-02  1.65900E-02
b  11   19 11   23  99  2.99522E-01  1.45935E+00  1.93517E+00 -9.00096E-01  2.96025E+00  3.31000E-02  3.31000E-02
b  11   20 11   23  99  2.83789E-01  1.25763E+00  2.28263E+00 -1.25424E+00  3.53357E+00  7.75800E-02  7.75800E-02
b  11   21 11   23  99  2.52491E-01  8.99288E-01  2.11830E+00 -2.08484E-01  4.16764E+00  2.48700E-01  2.48700E-01
b  11   22 11   23  99  2.07555E-01  4.00084E-01  1.77330E+00 -2.53517E-01  4.01762E+00  1.78700E+00  1.78700E+00
b  11    1 11   24  99  4.01485E-01  1.88893E-01 -4.03951E+00  2.35185E+01  3.91427E+00  8.94800E-04  8.94800E-04
b  11    8 11   24  99  4.13907E-01  1.66730E-01 -3.96339E+00  2.37887E+01  3.90222E+00  5.49200E-02  5.49200E-02
b  11   16 11   24  99  3.71763E-01  4.94367E-02 -3.30659E+00  2.15923E+01  3.91981E+00  6.25750E-02  6.25750E-02
b  11   17 11   24  99  4.04624E-01  9.70657E-01  2.07421E+00 -7.48694E-01  2.10105E+00  1.15160E-02  1.15160E-02
b  11   18 11   24  99  3.10197E-01  1.53028E+00  1.36070E+00 -4.79544E-01  2.07975E+00  1.07200E-02  1.07200E-02
b  11   19 11   24  99  3.08646E-01  1.65901E+00  1.96503E+00 -9.15840E-01  2.96242E+00  1.92600E-02  1.92600E-02
b  11   20 11   24  99  2.97126E-01  1.58208E+00  2.28986E+00 -1.22987E+00  3.50012E+00  3.78300E-02  3.78300E-02
b  11   21 11   24  99  2.76549E-01  1.33684E+00  2.31447E+00 -3.21127E-01  4.26110E+00  8.70700E-02  8.70700E-02
b  11   22 11   24  99  2.44704E-01  9.37424E-01  2.02874E+00 -1.68337E-01  4.22723E+00  2.77600E-01  2.77600E-01
b  11   23 11   24  99  1.39374E-01  2.85339E-01  1.15876E+00 -1.71005E-01  3.99003E+00  2.88500E+00  2.88500E+00
f  11    1 10    1  99  1.00000E+00  6.80000E+00
p  11    1 10    1  98  4.66960E-01 -2.09650E+00 -5.69780E-02 -1.14630E-02  1.00000E+00  8.85500E+01  9.21000E+01  1.77100E+03
f  11    2 10    1  99  1.00000E+00  6.23160E+00
p  11    2 10    1  99  1.00000E+00  6.23160E+00
f  11    3 10    1  99  1.00000E+00  6.02280E+00
p  11    3 10    1  99  1.00000E+00  6.02280E+00
f  11    4 10    1  99  1.00000E+00  6.10200E+00
p  11    4 10    1  99  1.00000E+00  6.10200E+00
f  11    5 10    1  99  1.00000E+00  6.08200E+00
p  11    5 10    1  99  1.00000E+00  6.08200E+00
f  11    6 10    1  99  1.00000E+00  6.00820E+00
p  11    6 10    1  99  1.00000E+00  6.00820E+00
f  11    7 10    1  99  1.00000E+00  6.00820E+00
p  11    7 10    1  99  1.00000E+00  6.00820E+00
f  11    8 10    1  99  1.00000E+00  6.00100E+00
p  11    8 10    1  99  1.00000E+00  6.00100E+00
f  11    1 10    2  99  8.00000E+00  6.80000E+00
p  11    1 10    2  98  1.83370E+00 -2.26630E+00 -1.75060E-01  1.68170E-02  8.00000E+00  3.08800E+02  3.21100E+02  6.17600E+03
f  11    9 10    2  99  2.00000E+00  7.36400E+00
p  11    9 10    2  98  4.66960E-01 -2.09650E+00 -5.69780E-02 -1.14630E-02  1.00000E+00  8.85500E+01  9.21000E+01  1.77100E+03
f  11   10 10    2  99  1.00000E+00  6.28830E+00
p  11   10 10    2  99  1.00000E+00  6.28830E+00
f  11   11 10    2  99  1.00000E+00  6.04110E+00
p  11   11 10    2  99  1.00000E+00  6.04110E+00
f  11   12 10    2  99  1.00000E+00  6.10800E+00
p  11   12 10    2  99  1.00000E+00  6.10800E+00
f  11   13 10    2  99  1.00000E+00  6.08600E+00
p  11   13 10    2  99  1.00000E+00  6.08600E+00
f  11   14 10    2  99  1.00000E+00  6.01720E+00
p  11   14 10    2  99  1.00000E+00  6.01720E+00
f  11   15 10    2  99  1.00000E+00  6.01520E+00
p  11   15 10    2  99  1.00000E+00  6.01520E+00
f  11   16 10    2  99  1.00000E+00  6.00100E+00
p  11   16 10    2  99  1.00000E+00  6.00100E+00
f  11    2 10    3  99  8.00000E+00  6.23160E+00
p  11    2 10    3  98  1.83370E+00 -2.26630E+00 -1.75060E-01  1.68170E-02  8.00000E+00  3.08800E+02  3.21100E+02  6.17600E+03
f  11   10 10    3  99  1.00000E+00  6.28830E+00
p  11   10 10    3  98  4.66960E-01 -2.09650E+00 -5.69780E-02 -1.14630E-02  1.00000E+00  8.85500E+01  9.21000E+01  1.77100E+03
f  11    3 10    4  99  8.00000E+00  6.02280E+00
p  11    3 10    4  98  1.83370E+00 -2.26630E+00 -1.75060E-01  1.68170E-02  8.00000E+00  3.08800E+02  3.21100E+02  6.17600E+03
f  11   11 10    4  99  1.00000E+00  6.04110E+00
p  11   11 10    4  98  4.66960E-01 -2.09650E+00 -5.69780E-02 -1.14630E-02  1.00000E+00  8.85500E+01  9.21000E+01  1.77100E+03
f  11    4 10    5  99  8.00000E+00  6.10200E+00
p  11    4 10    5  98  1.83370E+00 -2.26630E+00 -1.75060E-01  1.68170E-02  8.00000E+00  3.08800E+02  3.21100E+02  6.17600E+03
f  11   12 10    5  99  1.00000E+00  6.10800E+00
p  11   12 10    5  98  4.66960E-01 -2.09650E+00 -5.69780E-02 -1.14630E-02  1.00000E+00  8.85500E+01  9.21000E+01  1.77100E+03
f  11    5 10    6  99  8.00000E+00  6.08200E+00
p  11    5 10    6  98  1.83370E+00 -2.26630E+00 -1.75060E-01  1.68170E-02  8.00000E+00  3.08800E+02  3.21100E+02  6.17600E+03
f  11   13 10    6  99  1.00000E+00  6.08600E+00
p  11   13 10    6  98  4.66960E-01 -2.09650E+00 -5.69780E-02 -1.14630E-02  1.00000E+00  8.85500E+01  9.21000E+01  1.77100E+03
f  11    6 10    7  99  8.00000E+00  6.00820E+00
p  11    6 10    7  98  1.83370E+00 -2.26630E+00 -1.75060E-01  1.68170E-02  8.00000E+00  3.08800E+02  3.21100E+02  6.17600E+03
f  11   14 10    7  99  1.00000E+00  6.01720E+00
p  11   14 10    7  98  4.66960E-01 -2.09650E+00 -5.69780E-02 -1.14630E-02  1.00000E+00  8.85500E+01  9.21000E+01  1.77100E+03
f  11    7 10    8  99  8.00000E+00  6.00820E+00
p  11    7 10    8  98  1.83370E+00 -2.26630E+00 -1.75060E-01  1.68170E-02  8.00000E+00  3.08800E+02  3.21100E+02  6.17600E+03
f  11   15 10    8  99  1.00000E+00  6.01520E+00
p  11   15 10    8  98  4.66960E-01 -2.09650E+00 -5.69780E-02 -1.14630E-02  1.00000E+00  8.85500E+01  9.21000E+01  1.77100E+03
f  11    8 10    9  99  8.00000E+00  6.00100E+00
p  11    8 10    9  98  1.83370E+00 -2.26630E+00 -1.75060E-01  1.68170E-02  8.00000E+00  3.08800E+02  3.21100E+02  6.17600E+03
f  11   16 10    9  99  1.00000E+00  6.00100E+00
p  11   16 10    9  98  4.66960E-01 -2.09650E+00 -5.69780E-02 -1.14630E-02  1.00000E+00  8.85500E+01  9.21000E+01  1.77100E+03
f  11    9 10   10  99  7.00000E+00  7.36400E+00
p  11    9 10   10  98  1.83370E+00 -2.26630E+00 -1.75060E-01  1.68170E-02  8.00000E+00  3.08800E+02  3.21100E+02  6.17600E+03
f  11   10 10   11  99  7.00000E+00  6.28830E+00
p  11   10 10   11  98  1.83370E+00 -2.26630E+00 -1.75060E-01  1.68170E-02  8.00000E+00  3.08800E+02  3.21100E+02  6.17600E+03
f  11   11 10   12  99  7.00000E+00  6.04110E+00
p  11   11 10   12  98  1.83370E+00 -2.26630E+00 -1.75060E-01  1.68170E-02  8.00000E+00  3.08800E+02  3.21100E+02  6.17600E+03
f  11   12 10   13  99  7.00000E+00  6.10800E+00
p  11   12 10   13  98  1.83370E+00 -2.26630E+00 -1.75060E-01  1.68170E-02  8.00000E+00  3.08800E+02  3.21100E+02  6.17600E+03
f  11   13 10   14  99  7.00000E+00  6.08600E+00
p  11   13 10   14  98  1.83370E+00 -2.26630E+00 -1.75060E-01  1.68170E-02  8.00000E+00  3.08800E+02  3.21100E+02  6.17600E+03
f  11   14 10   15  99  7.00000E+00  6.01720E+00
p  11   14 10   15  98  1.83370E+00 -2.26630E+00 -1.75060E-01  1.68170E-02  8.00000E+00  3.08800E+02  3.21100E+02  6.17600E+03
f  11   15 10   16  99  7.00000E+00  6.01520E+00
p  11   15 10   16  98  1.83370E+00 -2.26630E+00 -1.75060E-01  1.68170E-02  8.00000E+00  3.08800E+02  3.21100E+02  6.17600E+03
f  11   16 10   17  99  7.00000E+00  6.00100E+00
p  11   16 10   17  98  1.83370E+00 -2.26630E+00 -1.75060E-01  1.68170E-02  8.00000E+00  3.08800E+02  3.21100E+02  6.17600E+03
f  11    1 10   18  99  2.00000E+00  6.80000E+00
p  11    1 10   18  98  2.21500E+00 -2.49040E+00 -1.77970E-01  1.48550E-02  2.00000E+00  2.54400E+03  2.64600E+03  5.08800E+04
f  11   17 10   18  99  2.00000E+00  7.44400E+00
p  11   17 10   18  98  4.66960E-01 -2.09650E+00 -5.69780E-02 -1.14630E-02  1.00000E+00  8.85500E+01  9.21000E+01  1.77100E+03
f  11   18 10   18  99  1.00000E+00  6.31150E+00
p  11   18 10   18  99  1.00000E+00  6.31150E+00
f  11   19 10   18  99  1.00000E+00  6.04020E+00
p  11   19 10   18  99  1.00000E+00  6.04020E+00
f  11   20 10   18  99  1.00000E+00  6.11700E+00
p  11   20 10   18  99  1.00000E+00  6.11700E+00
f  11   21 10   18  99  1.00000E+00  6.09500E+00
p  11   21 10   18  99  1.00000E+00  6.09500E+00
f  11   22 10   18  99  1.00000E+00  6.01810E+00
p  11   22 10   18  99  1.00000E+00  6.01810E+00
f  11   23 10   18  99  1.00000E+00  6.01610E+00
p  11   23 10   18  99  1.00000E+00  6.01610E+00
f  11   24 10   18  99  1.00000E+00  6.00100E+00
p  11   24 10   18  99  1.00000E+00  6.00100E+00
f  11    2 10   19  99  2.00000E+00  6.23160E+00
p  11    2 10   19  98  2.21500E+00 -2.49040E+00 -1.77970E-01  1.48550E-02  2.00000E+00  2.54400E+03  2.64600E+03  5.08800E+04
f  11   18 10   19  99  1.00000E+00  6.31150E+00
p  11   18 10   19  98  4.66960E-01 -2.09650E+00 -5.69780E-02 -1.14630E-02  1.00000E+00  8.85500E+01  9.21000E+01  1.77100E+03
f  11    3 10   20  99  2.00000E+00  6.02280E+00
p  11    3 10   20  98  2.21500E+00 -2.49040E+00 -1.77970E-01  1.48550E-02  2.00000E+00  2.54400E+03  2.64600E+03  5.08800E+04
f  11   19 10   20  99  1.00000E+00  6.04020E+00
p  11   19 10   20  98  4.66960E-01 -2.09650E+00 -5.69780E-02 -1.14630E-02  1.00000E+00  8.85500E+01  9.21000E+01  1.77100E+03
f  11    4 10   21  99  2.00000E+00  6.10200E+00
p  11    4 10   21  98  2.21500E+00 -2.49040E+00 -1.77970E-01  1.48550E-02  2.00000E+00  2.54400E+03  2.64600E+03  5.08800E+04
f  11   20 10   21  99  1.00000E+00  6.11700E+00
p  11   20 10   21  98  4.66960E-01 -2.09650E+00 -5.69780E-02 -1.14630E-02  1.00000E+00  8.85500E+01  9.21000E+01  1.77100E+03
f  11    5 10   22  99  2.00000E+00  6.08200E+00
p  11    5 10   22  98  2.21500E+00 -2.49040E+00 -1.77970E-01  1.48550E-02  2.00000E+00  2.54400E+03  2.64600E+03  5.08800E+04
f  11   21 10   22  99  1.00000E+00  6.09500E+00
p  11   21 10   22  98  4.66960E-01 -2.09650E+00 -5.69780E-02 -1.14630E-02  1.00000E+00  8.85500E+01  9.21000E+01  1.77100E+03
f  11    6 10   23  99  2.00000E+00  6.00820E+00
p  11    6 10   23  98  2.21500E+00 -2.49040E+00 -1.77970E-01  1.48550E-02  2.00000E+00  2.54400E+03  2.64600E+03  5.08800E+04
f  11   22 10   23  99  1.00000E+00  6.01810E+00
p  11   22 10   23  98  4.66960E-01 -2.09650E+00 -5.69780E-02 -1.14630E-02  1.00000E+00  8.85500E+01  9.21000E+01  1.77100E+03
f  11    7 10   24  99  2.00000E+00  6.00820E+00
p  11    7 10   24  98  2.21500E+00 -2.49040E+00 -1.77970E-01  1.48550E-02  2.00000E+00  2.54400E+03  2.64600E+03  5.08800E+04
f  11   23 10   24  99  1.00000E+00  6.01610E+00
p  11   23 10   24  98  4.66960E-01 -2.09650E+00 -5.69780E-02 -1.14630E-02  1.00000E+00  8.85500E+01  9.21000E+01  1.77100E+03
f  11    8 10   25  99  2.00000E+00  6.00100E+00
p  11    8 10   25  98  2.21500E+00 -2.49040E+00 -1.77970E-01  1.48550E-02  2.00000E+00  2.54400E+03  2.64600E+03  5.08800E+04
f  11   24 10   25  99  1.00000E+00  6.00100E+00
p  11   24 10   25  98  4.66960E-01 -2.09650E+00 -5.69780E-02 -1.14630E-02  1.00000E+00  8.85500E+01  9.21000E+01  1.77100E+03
a  11    9 10    1   7.60725E+12
a  11   10 10    1   1.30796E+12
a  11   11 10    1   3.91950E+11
a  11   12 10    1   1.50994E+11
a  11   13 10    1   6.98588E+10
a  11   14 10    1   3.58312E+10
a  11   15 10    1   1.98840E+10
a  11   16 10    1   1.17412E+10
a  11   17 10    1   7.52970E+10
a  11   18 10    1   1.31145E+10
a  11   19 10    1   3.83720E+09
a  11   20 10    1   1.44260E+09
a  11   21 10    1   6.67450E+08
a  11   22 10    1   3.42335E+08
a  11   23 10    1   1.89970E+08
a  11   24 10    1   1.12175E+08
a  11   17 10    2   1.95936E+13
a  11   18 10    2   1.79292E+12
a  11   19 10    2   5.26520E+11
a  11   20 10    2   1.98480E+11
a  11   21 10    2   9.18280E+10
a  11   22 10    2   4.71000E+10
a  11   23 10    2   2.61372E+10
a  11   24 10    2   1.54336E+10
a  11   18 10    3   9.79680E+12
a  11   19 10    4   9.79680E+12
a  11   20 10    5   9.79680E+12
a  11   21 10    6   9.79680E+12
a  11   22 10    7   9.79680E+12
a  11   23 10    8   9.79680E+12
a  11   24 10    9   9.79680E+12
a  11   17 10   10   6.65084E+14
a  11   18 10   11   6.65084E+14
a  11   19 10   12   6.65084E+14
a  11   20 10   13   6.65084E+14
a  11   21 10   14   6.65084E+14
a  11   22 10   15   6.65084E+14
a  11   23 10   16   6.65084E+14
a  11   24 10   17   6.65084E+14
b  12    1 12    2  99  2.30369E-01  1.70228E-01  1.70098E+00 -8.28520E-01  2.73953E+00  1.07620E+00  1.07620E+00
b  12    1 12    3  99  2.57245E-01  4.76988E-01  1.20714E+00 -4.05030E-01  1.98659E+00  2.36600E-01  2.36600E-01
b  12    2 12    3  99  2.10249E-01  2.29438E-01  1.85864E+00 -1.03983E+00  3.33702E+00  8.98400E-01  8.98400E-01
b  12    1 12    4  99  3.87325E-01  7.40348E-01  1.94022E+00 -6.66849E-01  2.06942E+00  7.59400E-02  7.59400E-02
b  12    2 12    4  99  2.95404E-01  7.35658E-01  1.99126E+00 -9.16381E-01  2.83380E+00  1.43300E-01  1.43300E-01
b  12    3 12    4  99  2.34333E-01  3.24790E-01  2.11489E+00 -2.78150E-01  4.03462E+00  1.07500E+00  1.07500E+00
b  12    1 12    5  99  3.91141E-01  8.20502E-01  1.98598E+00 -6.97172E-01  2.11766E+00  4.02200E-02  4.02200E-02
b  12    2 12    5  99  3.15170E-01  9.87716E-01  2.10667E+00 -9.78532E-01  2.86601E+00  5.52500E-02  5.52500E-02
b  12    3 12    5  99  2.72389E-01  8.04588E-01  2.27544E+00 -1.23099E+00  3.47921E+00  1.81100E-01  1.81100E-01
b  12    4 12    5  99  2.18933E-01  3.80575E-01  1.89955E+00 -2.83654E-01  4.00395E+00  1.33300E+00  1.33300E+00
b  12    1 12    6  99  3.91862E-01  8.79295E-01  1.95934E+00 -7.05745E-01  2.07662E+00  2.42400E-02  2.42400E-02
b  12    2 12    6  99  3.25410E-01  1.15861E+00  2.15115E+00 -1.00885E+00  2.87679E+00  2.81900E-02  2.81900E-02
b  12    3 12    6  99  2.92976E-01  1.14413E+00  2.37901E+00 -1.28918E+00  3.50505E+00  6.67200E-02  6.67200E-02
b  12    4 12    6  99  2.55215E-01  8.84697E-01  2.18339E+00 -2.77887E-01  4.20667E+00  2.15300E-01  2.15300E-01
b  12    5 12    6  99  2.08890E-01  4.21260E-01  1.75334E+00 -2.34228E-01  3.99161E+00  1.55300E+00  1.55300E+00
b  12    1 12    7  99  3.92875E-01  9.16919E-01  1.96227E+00 -6.97079E-01  2.08690E+00  1.58740E-02  1.58740E-02
b  12    2 12    7  99  3.31011E-01  1.28281E+00  2.14453E+00 -1.00828E+00  2.85265E+00  1.67000E-02  1.67000E-02
b  12    3 12    7  99  3.06077E-01  1.38654E+00  2.44474E+00 -1.29585E+00  3.52842E+00  3.32900E-02  3.32900E-02
b  12    4 12    7  99  2.76224E-01  1.27521E+00  2.31460E+00 -3.18780E-01  4.25134E+00  7.73100E-02  7.73100E-02
b  12    5 12    7  99  2.44703E-01  9.51548E-01  2.00676E+00 -1.66247E-01  4.19960E+00  2.44600E-01  2.44600E-01
b  12    6 12    7  99  2.01845E-01  4.48039E-01  1.66068E+00 -2.45180E-01  3.99961E+00  1.76300E+00  1.76300E+00
b  12    1 12    8  99  3.93835E-01  9.42594E-01  1.97496E+00 -7.13441E-01  2.09279E+00  1.10160E-02  1.10160E-02
b  12    2 12    8  99  3.36267E-01  1.36687E+00  2.20674E+00 -1.02732E+00  2.91736E+00  1.08600E-02  1.08600E-02
b  12    3 12    8  99  3.15088E-01  1.56726E+00  2.47433E+00 -1.30847E+00  3.51203E+00  1.95000E-02  1.95000E-02
b  12    4 12    8  99  2.89817E-01  1.57376E+00  2.39183E+00 -3.79609E-01  4.26340E+00  3.80200E-02  3.80200E-02
b  12    5 12    8  99  2.65764E-01  1.38880E+00  2.11725E+00 -1.83056E-01  4.26157E+00  8.62900E-02  8.62900E-02
b  12    6 12    8  99  2.37563E-01  9.89849E-01  1.88535E+00 -1.58393E-01  4.18972E+00  2.73300E-01  2.73300E-01
b  12    7 12    8  99  2.90406E-02  8.89770E-02  2.15714E-01 -2.81795E-02  3.96977E+00  1.27000E+01  1.27000E+01
b  12    1 12    9  98  0.00000E+00  0.00000E+00  0.00000E+00  0.00000E+00  0.00000E+00  2.68115E-03  5.36230E-05
b  12    2 12    9  99  2.30369E-01  1.70228E-01  1.70098E+00 -8.28520E-01  2.73953E+00  5.21284E-01  5.21284E-01
b  12    1 12   10  98  0.00000E+00  0.00000E+00  0.00000E+00  0.00000E+00  0.00000E+00  3.66930E-03  7.33861E-05
b  12    2 12   10  99  2.57245E-01  4.76988E-01  1.20714E+00 -4.05030E-01  1.98659E+00  1.18300E-01  1.18300E-01
b  12    3 12   10  99  2.30369E-01  1.70228E-01  1.70098E+00 -8.28520E-01  2.73953E+00  5.38100E-01  5.38100E-01
b  12    9 12   10  99  2.10249E-01  2.29438E-01  1.85864E+00 -1.03983E+00  3.33702E+00  1.79680E+00  1.79680E+00
b  12    1 12   11  98  0.00000E+00  0.00000E+00  0.00000E+00  0.00000E+00  0.00000E+00  4.95944E-03  9.91888E-05
b  12    2 12   11  99  3.87325E-01  7.40348E-01  1.94022E+00 -6.66849E-01  2.06942E+00  3.79700E-02  3.79700E-02
b  12    4 12   11  99  2.30369E-01  1.70228E-01  1.70098E+00 -8.28520E-01  2.73953E+00  5.38100E-01  5.38100E-01
b  12    9 12   11  99  2.95404E-01  7.35658E-01  1.99126E+00 -9.16381E-01  2.83380E+00  2.86600E-01  2.86600E-01
b  12   10 12   11  99  2.34333E-01  3.24790E-01  2.11489E+00 -2.78150E-01  4.03462E+00  1.07500E+00  1.07500E+00
b  12    1 12   12  98  0.00000E+00  0.00000E+00  0.00000E+00  0.00000E+00  0.00000E+00  6.45845E-03  1.29169E-04
b  12    2 12   12  99  3.91141E-01  8.20502E-01  1.98598E+00 -6.97172E-01  2.11766E+00  2.01100E-02  2.01100E-02
b  12    5 12   12  99  2.30369E-01  1.70228E-01  1.70098E+00 -8.28520E-01  2.73953E+00  5.38100E-01  5.38100E-01
b  12    9 12   12  99  3.15170E-01  9.87716E-01  2.10667E+00 -9.78532E-01  2.86601E+00  1.10500E-01  1.10500E-01
b  12   10 12   12  99  2.72389E-01  8.04588E-01  2.27544E+00 -1.23099E+00  3.47921E+00  1.81100E-01  1.81100E-01
b  12   11 12   12  99  2.18933E-01  3.80575E-01  1.89955E+00 -2.83654E-01  4.00395E+00  1.33300E+00  1.33300E+00
b  12    1 12   13  98  0.00000E+00  0.00000E+00  0.00000E+00  0.00000E+00  0.00000E+00  8.18408E-03  1.63682E-04
b  12    2 12   13  99  3.91862E-01  8.79295E-01  1.95934E+00 -7.05745E-01  2.07662E+00  1.21200E-02  1.21200E-02
b  12    6 12   13  99  2.30369E-01  1.70228E-01  1.70098E+00 -8.28520E-01  2.73953E+00  5.38100E-01  5.38100E-01
b  12    9 12   13  99  3.25410E-01  1.15861E+00  2.15115E+00 -1.00885E+00  2.87679E+00  5.63800E-02  5.63800E-02
b  12   10 12   13  99  2.92976E-01  1.14413E+00  2.37901E+00 -1.28918E+00  3.50505E+00  6.67200E-02  6.67200E-02
b  12   11 12   13  99  2.55215E-01  8.84697E-01  2.18339E+00 -2.77887E-01  4.20667E+00  2.15300E-01  2.15300E-01
b  12   12 12   13  99  2.08890E-01  4.21260E-01  1.75334E+00 -2.34228E-01  3.99161E+00  1.55300E+00  1.55300E+00
b  12    1 12   14  98  0.00000E+00  0.00000E+00  0.00000E+00  0.00000E+00  0.00000E+00  1.01708E-02  2.03417E-04
b  12    2 12   14  99  3.92875E-01  9.16919E-01  1.96227E+00 -6.97079E-01  2.08690E+00  7.93700E-03  7.93700E-03
b  12    7 12   14  99  2.30369E-01  1.70228E-01  1.70098E+00 -8.28520E-01  2.73953E+00  5.38100E-01  5.38100E-01
b  12    9 12   14  99  3.31011E-01  1.28281E+00  2.14453E+00 -1.00828E+00  2.85265E+00  3.34000E-02  3.34000E-02
b  12   10 12   14  99  3.06077E-01  1.38654E+00  2.44474E+00 -1.29585E+00  3.52842E+00  3.32900E-02  3.32900E-02
b  12   11 12   14  99  2.76224E-01  1.27521E+00  2.31460E+00 -3.18780E-01  4.25134E+00  7.73100E-02  7.73100E-02
b  12   12 12   14  99  2.44703E-01  9.51548E-01  2.00676E+00 -1.66247E-01  4.19960E+00  2.44600E-01  2.44600E-01
b  12   13 12   14  99  2.01845E-01  4.48039E-01  1.66068E+00 -2.45180E-01  3.99961E+00  1.76300E+00  1.76300E+00
b  12    1 12   15  98  0.00000E+00  0.00000E+00  0.00000E+00  0.00000E+00  0.00000E+00  1.23900E-02  2.47799E-04
b  12    2 12   15  99  3.93835E-01  9.42594E-01  1.97496E+00 -7.13441E-01  2.09279E+00  5.50800E-03  5.50800E-03
b  12    8 12   15  99  2.30369E-01  1.70228E-01  1.70098E+00 -8.28520E-01  2.73953E+00  5.38100E-01  5.38100E-01
b  12    9 12   15  99  3.36267E-01  1.36687E+00  2.20674E+00 -1.02732E+00  2.91736E+00  2.17200E-02  2.17200E-02
b  12   10 12   15  99  3.15088E-01  1.56726E+00  2.47433E+00 -1.30847E+00  3.51203E+00  1.95000E-02  1.95000E-02
b  12   11 12   15  99  2.89817E-01  1.57376E+00  2.39183E+00 -3.79609E-01  4.26340E+00  3.80200E-02  3.80200E-02
b  12   12 12   15  99  2.65764E-01  1.38880E+00  2.11725E+00 -1.83056E-01  4.26157E+00  8.62900E-02  8.62900E-02
b  12   13 12   15  99  2.37563E-01  9.89849E-01  1.88535E+00 -1.58393E-01  4.18972E+00  2.73300E-01  2.73300E-01
b  12   14 12   15  99  2.90406E-02  8.89770E-02  2.15714E-01 -2.81795E-02  3.96977E+00  1.27000E+01  1.27000E+01
b  12    1 12   16  99  1.27166E-01  1.51155E+00 -3.01462E+01  2.32526E+02  2.00000E+01  1.11573E+00  1.11573E+00
b  12    1 12   17  99  1.13498E-01  1.25837E+00 -2.59735E+01  2.15134E+02  2.00000E+01  4.29600E-01  4.29600E-01
b  12    2 12   17  99  1.27166E-01  1.51155E+00 -3.01462E+01  2.32526E+02  2.00000E+01  1.18547E+00  1.18547E+00
b  12   16 12   17  99  2.30369E-01  1.70228E-01  1.70098E+00 -8.28520E-01  2.73953E+00  1.61430E+00  1.61430E+00
b  12    1 12   18  99  1.13859E-01  1.26377E+00 -2.58484E+01  2.12459E+02  2.00000E+01  1.97920E-01  1.97920E-01
b  12    3 12   18  99  1.27166E-01  1.51155E+00 -3.01462E+01  2.32526E+02  2.00000E+01  1.18547E+00  1.18547E+00
b  12   16 12   18  99  2.57245E-01  4.76988E-01  1.20714E+00 -4.05030E-01  1.98659E+00  3.54900E-01  3.54900E-01
b  12   17 12   18  99  2.10249E-01  2.29438E-01  1.85864E+00 -1.03983E+00  3.33702E+00  8.98400E-01  8.98400E-01
b  12    1 12   19  99  1.40491E-01  1.61055E+00 -3.36202E+01  2.71518E+02  2.00000E+01  9.20800E-02  9.20800E-02
b  12    4 12   19  99  1.27166E-01  1.51155E+00 -3.01462E+01  2.32526E+02  2.00000E+01  1.18547E+00  1.18547E+00
b  12   16 12   19  99  3.87325E-01  7.40348E-01  1.94022E+00 -6.66849E-01  2.06942E+00  1.13910E-01  1.13910E-01
b  12   17 12   19  99  2.95404E-01  7.35658E-01  1.99126E+00 -9.16381E-01  2.83380E+00  1.43300E-01  1.43300E-01
b  12   18 12   19  99  2.34333E-01  3.24790E-01  2.11489E+00 -2.78150E-01  4.03462E+00  1.07500E+00  1.07500E+00
b  12    1 12   20  99  1.39579E-01  1.58869E+00 -3.31614E+01  2.68645E+02  2.00000E+01  5.58640E-02  5.58640E-02
b  12    5 12   20  99  1.27166E-01  1.51155E+00 -3.01462E+01  2.32526E+02  2.00000E+01  1.18547E+00  1.18547E+00
b  12   16 12   20  99  3.91141E-01  8.20502E-01  1.98598E+00 -6.97172E-01  2.11766E+00  6.03300E-02  6.03300E-02
b  12   17 12   20  99  3.15170E-01  9.87716E-01  2.10667E+00 -9.78532E-01  2.86601E+00  5.52500E-02  5.52500E-02
b  12   18 12   20  99  2.72389E-01  8.04588E-01  2.27544E+00 -1.23099E+00  3.47921E+00  1.81100E-01  1.81100E-01
b  12   19 12   20  99  2.18933E-01  3.80575E-01  1.89955E+00 -2.83654E-01  4.00395E+00  1.33300E+00  1.33300E+00
b  12    1 12   21  99  1.38775E-01  1.57362E+00 -3.28708E+01  2.67038E+02  2.00000E+01  3.64800E-02  3.64800E-02
b  12    6 12   21  99  1.27166E-01  1.51155E+00 -3.01462E+01  2.32526E+02  2.00000E+01  1.18547E+00  1.18547E+00
b  12   16 12   21  99  3.91862E-01  8.79295E-01  1.95934E+00 -7.05745E-01  2.07662E+00  3.63600E-02  3.63600E-02
b  12   17 12   21  99  3.25410E-01  1.15861E+00  2.15115E+00 -1.00885E+00  2.87679E+00  2.81900E-02  2.81900E-02
b  12   18 12   21  99  2.92976E-01  1.14413E+00  2.37901E+00 -1.28918E+00  3.50505E+00  6.67200E-02  6.67200E-02
b  12   19 12   21  99  2.55215E-01  8.84697E-01  2.18339E+00 -2.77887E-01  4.20667E+00  2.15300E-01  2.15300E-01
b  12   20 12   21  99  2.08890E-01  4.21260E-01  1.75334E+00 -2.34228E-01  3.99161E+00  1.55300E+00  1.55300E+00
b  12    1 12   22  99  1.36353E-01  1.56351E+00 -3.22378E+01  2.56634E+02  2.00000E+01  2.51440E-02  2.51440E-02
b  12    7 12   22  99  1.27166E-01  1.51155E+00 -3.01462E+01  2.32526E+02  2.00000E+01  1.18547E+00  1.18547E+00
b  12   16 12   22  99  3.92875E-01  9.16919E-01  1.96227E+00 -6.97079E-01  2.08690E+00  2.38110E-02  2.38110E-02
b  12   17 12   22  99  3.31011E-01  1.28281E+00  2.14453E+00 -1.00828E+00  2.85265E+00  1.67000E-02  1.67000E-02
b  12   18 12   22  99  3.06077E-01  1.38654E+00  2.44474E+00 -1.29585E+00  3.52842E+00  3.32900E-02  3.32900E-02
b  12   19 12   22  99  2.76224E-01  1.27521E+00  2.31460E+00 -3.18780E-01  4.25134E+00  7.73100E-02  7.73100E-02
b  12   20 12   22  99  2.44703E-01  9.51548E-01  2.00676E+00 -1.66247E-01  4.19960E+00  2.44600E-01  2.44600E-01
b  12   21 12   22  99  2.01845E-01  4.48039E-01  1.66068E+00 -2.45180E-01  3.99961E+00  1.76300E+00  1.76300E+00
b  12    1 12   23  99  1.37356E-01  1.55421E+00 -3.24340E+01  2.63536E+02  2.00000E+01  1.80560E-02  1.80560E-02
b  12    8 12   23  99  1.27166E-01  1.51155E+00 -3.01462E+01  2.32526E+02  2.00000E+01  1.18547E+00  1.18547E+00
b  12   16 12   23  99  3.93835E-01  9.42594E-01  1.97496E+00 -7.13441E-01  2.09279E+00  1.65240E-02  1.65240E-02
b  12   17 12   23  99  3.36267E-01  1.36687E+00  2.20674E+00 -1.02732E+00  2.91736E+00  1.08600E-02  1.08600E-02
b  12   18 12   23  99  3.15088E-01  1.56726E+00  2.47433E+00 -1.30847E+00  3.51203E+00  1.95000E-02  1.95000E-02
b  12   19 12   23  99  2.89817E-01  1.57376E+00  2.39183E+00 -3.79609E-01  4.26340E+00  3.80200E-02  3.80200E-02
b  12   20 12   23  99  2.65764E-01  1.38880E+00  2.11725E+00 -1.83056E-01  4.26157E+00  8.62900E-02  8.62900E-02
b  12   21 12   23  99  2.37563E-01  9.89849E-01  1.88535E+00 -1.58393E-01  4.18972E+00  2.73300E-01  2.73300E-01
b  12   22 12   23  99  2.90406E-02  8.89770E-02  2.15714E-01 -2.81795E-02  3.96977E+00  1.27000E+01  1.27000E+01
b  12    1 12   24  99  4.20931E-01  1.57979E-01 -3.96505E+00  2.39922E+01  3.89206E+00  4.31644E-02  4.31644E-02
b  12   16 12   24  99  3.70114E-01  5.55642E-02 -3.34621E+00  2.16710E+01  3.92557E+00  6.22250E-02  6.22250E-02
b  12    1 12   25  99  3.80298E-01  1.63190E-01 -3.65287E+00  2.17754E+01  3.89858E+00  1.53720E-02  1.53720E-02
b  12    2 12   25  99  4.20931E-01  1.57979E-01 -3.96505E+00  2.39922E+01  3.89206E+00  4.58622E-02  4.58622E-02
b  12   17 12   25  99  3.70114E-01  5.55642E-02 -3.34621E+00  2.16710E+01  3.92557E+00  6.22250E-02  6.22250E-02
b  12   24 12   25  99  2.30369E-01  1.70228E-01  1.70098E+00 -8.28520E-01  2.73953E+00  1.61430E+00  1.61430E+00
b  12    1 12   26  99  3.81369E-01  1.73579E-01 -3.71778E+00  2.19503E+01  3.90308E+00  6.92000E-03  6.92000E-03
b  12    3 12   26  99  4.20931E-01  1.57979E-01 -3.96505E+00  2.39922E+01  3.89206E+00  4.58622E-02  4.58622E-02
b  12   18 12   26  99  3.70114E-01  5.55642E-02 -3.34621E+00  2.16710E+01  3.92557E+00  6.22250E-02  6.22250E-02
b  12   24 12   26  99  2.57245E-01  4.76988E-01  1.20714E+00 -4.05030E-01  1.98659E+00  3.54900E-01  3.54900E-01
b  12   25 12   26  99  2.10249E-01  2.29438E-01  1.85864E+00 -1.03983E+00  3.33702E+00  8.98400E-01  8.98400E-01
b  12    1 12   27  99  4.27254E-01  1.87171E-01 -4.24888E+00  2.50128E+01  3.91565E+00  3.45000E-03  3.45000E-03
b  12    4 12   27  99  4.20931E-01  1.57979E-01 -3.96505E+00  2.39922E+01  3.89206E+00  4.58622E-02  4.58622E-02
b  12   19 12   27  99  3.70114E-01  5.55642E-02 -3.34621E+00  2.16710E+01  3.92557E+00  6.22250E-02  6.22250E-02
b  12   24 12   27  99  3.87325E-01  7.40348E-01  1.94022E+00 -6.66849E-01  2.06942E+00  1.13910E-01  1.13910E-01
b  12   25 12   27  99  2.95404E-01  7.35658E-01  1.99126E+00 -9.16381E-01  2.83380E+00  1.43300E-01  1.43300E-01
b  12   26 12   27  99  2.34333E-01  3.24790E-01  2.11489E+00 -2.78150E-01  4.03462E+00  1.07500E+00  1.07500E+00
b  12    1 12   28  99  4.20387E-01  1.84317E-01 -4.17229E+00  2.45399E+01  3.91099E+00  2.06600E-03  2.06600E-03
b  12    5 12   28  99  4.20931E-01  1.57979E-01 -3.96505E+00  2.39922E+01  3.89206E+00  4.58622E-02  4.58622E-02
b  12   20 12   28  99  3.70114E-01  5.55642E-02 -3.34621E+00  2.16710E+01  3.92557E+00  6.22250E-02  6.22250E-02
b  12   24 12   28  99  3.91141E-01  8.20502E-01  1.98598E+00 -6.97172E-01  2.11766E+00  6.03300E-02  6.03300E-02
b  12   25 12   28  99  3.15170E-01  9.87716E-01  2.10667E+00 -9.78532E-01  2.86601E+00  5.52500E-02  5.52500E-02
b  12   26 12   28  99  2.72389E-01  8.04588E-01  2.27544E+00 -1.23099E+00  3.47921E+00  1.81100E-01  1.81100E-01
b  12   27 12   28  99  2.18933E-01  3.80575E-01  1.89955E+00 -2.83654E-01  4.00395E+00  1.33300E+00  1.33300E+00
b  12    1 12   29  99  4.14126E-01  1.89058E-01 -4.17966E+00  2.44319E+01  3.92269E+00  1.33560E-03  1.33560E-03
b  12    6 12   29  99  4.20931E-01  1.57979E-01 -3.96505E+00  2.39922E+01  3.89206E+00  4.58622E-02  4.58622E-02
b  12   21 12   29  99  3.70114E-01  5.55642E-02 -3.34621E+00  2.16710E+01  3.92557E+00  6.22250E-02  6.22250E-02
b  12   24 12   29  99  3.91862E-01  8.79295E-01  1.95934E+00 -7.05745E-01  2.07662E+00  3.63600E-02  3.63600E-02
b  12   25 12   29  99  3.25410E-01  1.15861E+00  2.15115E+00 -1.00885E+00  2.87679E+00  2.81900E-02  2.81900E-02
b  12   26 12   29  99  2.92976E-01  1.14413E+00  2.37901E+00 -1.28918E+00  3.50505E+00  6.67200E-02  6.67200E-02
b  12   27 12   29  99  2.55215E-01  8.84697E-01  2.18339E+00 -2.77887E-01  4.20667E+00  2.15300E-01  2.15300E-01
b  12   28 12   29  99  2.08890E-01  4.21260E-01  1.75334E+00 -2.34228E-01  3.99161E+00  1.55300E+00  1.55300E+00
b  12    1 12   30  99  4.13244E-01  1.77059E-01 -4.05631E+00  2.39168E+01  3.90042E+00  9.12400E-04  9.12400E-04
b  12    7 12   30  99  4.20931E-01  1.57979E-01 -3.96505E+00  2.39922E+01  3.89206E+00  4.58622E-02  4.58622E-02
b  12   22 12   30  99  3.70114E-01  5.55642E-02 -3.34621E+00  2.16710E+01  3.92557E+00  6.22250E-02  6.22250E-02
b  12   24 12   30  99  3.92875E-01  9.16919E-01  1.96227E+00 -6.97079E-01  2.08690E+00  2.38110E-02  2.38110E-02
b  12   25 12   30  99  3.31011E-01  1.28281E+00  2.14453E+00 -1.00828E+00  2.85265E+00  1.67000E-02  1.67000E-02
b  12   26 12   30  99  3.06077E-01  1.38654E+00  2.44474E+00 -1.29585E+00  3.52842E+00  3.32900E-02  3.32900E-02
b  12   27 12   30  99  2.76224E-01  1.27521E+00  2.31460E+00 -3.18780E-01  4.25134E+00  7.73100E-02  7.73100E-02
b  12   28 12   30  99  2.44703E-01  9.51548E-01  2.00676E+00 -1.66247E-01  4.19960E+00  2.44600E-01  2.44600E-01
b  12   29 12   30  99  2.01845E-01  4.48039E-01  1.66068E+00 -2.45180E-01  3.99961E+00  1.76300E+00  1.76300E+00
b  12    1 12   31  99  4.09031E-01  1.83413E-01 -4.10005E+00  2.40188E+01  3.91686E+00  6.50200E-04  6.50200E-04
b  12    8 12   31  99  4.20931E-01  1.57979E-01 -3.96505E+00  2.39922E+01  3.89206E+00  4.58622E-02  4.58622E-02
b  12   23 12   31  99  3.70114E-01  5.55642E-02 -3.34621E+00  2.16710E+01  3.92557E+00  6.22250E-02  6.22250E-02
b  12   24 12   31  99  3.93835E-01  9.42594E-01  1.97496E+00 -7.13441E-01  2.09279E+00  1.65240E-02  1.65240E-02
b  12   25 12   31  99  3.36267E-01  1.36687E+00  2.20674E+00 -1.02732E+00  2.91736E+00  1.08600E-02  1.08600E-02
b  12   26 12   31  99  3.15088E-01  1.56726E+00  2.47433E+00 -1.30847E+00  3.51203E+00  1.95000E-02  1.95000E-02
b  12   27 12   31  99  2.89817E-01  1.57376E+00  2.39183E+00 -3.79609E-01  4.26340E+00  3.80200E-02  3.80200E-02
b  12   28 12   31  99  2.65764E-01  1.38880E+00  2.11725E+00 -1.83056E-01  4.26157E+00  8.62900E-02  8.62900E-02
b  12   29 12   31  99  2.37563E-01  9.89849E-01  1.88535E+00 -1.58393E-01  4.18972E+00  2.73300E-01  2.73300E-01
b  12   30 12   31  99  2.90406E-02  8.89770E-02  2.15714E-01 -2.81795E-02  3.96977E+00  1.27000E+01  1.27000E+01
f  12    1 11    1  99  2.00000E+00  6.46000E+00
p  12    1 11    1  98  4.73060E-01 -1.89710E+00 -1.25060E-01 -9.80510E-04  2.00000E+00  7.19700E+01  7.48000E+01  1.43900E+03
f  12    2 11    1  99  1.00000E+00  5.31610E+00
p  12    2 11    1  99  1.00000E+00  5.31610E+00
f  12    3 11    1  99  1.00000E+00  5.04320E+00
p  12    3 11    1  99  1.00000E+00  5.04320E+00
f  12    4 11    1  99  1.00000E+00  5.12000E+00
p  12    4 11    1  99  1.00000E+00  5.12000E+00
f  12    5 11    1  99  1.00000E+00  5.09600E+00
p  12    5 11    1  99  1.00000E+00  5.09600E+00
f  12    6 11    1  99  1.00000E+00  5.01820E+00
p  12    6 11    1  99  1.00000E+00  5.01820E+00
f  12    7 11    1  99  1.00000E+00  5.01620E+00
p  12    7 11    1  99  1.00000E+00  5.01620E+00
f  12    8 11    1  99  1.00000E+00  5.00110E+00
p  12    8 11    1  99  1.00000E+00  5.00110E+00
f  12    2 11    2  99  1.00000E+00  5.31610E+00
p  12    2 11    2  98  4.73060E-01 -1.89710E+00 -1.25060E-01 -9.80510E-04  2.00000E+00  7.19700E+01  7.48000E+01  1.43900E+03
f  12    9 11    2  99  2.00000E+00  5.87660E+00
p  12    9 11    2  99  2.00000E+00  5.87660E+00
f  12   10 11    2  99  1.00000E+00  5.10280E+00
p  12   10 11    2  99  1.00000E+00  5.10280E+00
f  12   11 11    2  99  1.00000E+00  5.14200E+00
p  12   11 11    2  99  1.00000E+00  5.14200E+00
f  12   12 11    2  99  1.00000E+00  5.10700E+00
p  12   12 11    2  99  1.00000E+00  5.10700E+00
f  12   13 11    2  99  1.00000E+00  5.02520E+00
p  12   13 11    2  99  1.00000E+00  5.02520E+00
f  12   14 11    2  99  1.00000E+00  5.02220E+00
p  12   14 11    2  99  1.00000E+00  5.02220E+00
f  12   15 11    2  99  1.00000E+00  5.01100E+00
p  12   15 11    2  99  1.00000E+00  5.01100E+00
f  12    3 11    3  99  1.00000E+00  5.04320E+00
p  12    3 11    3  98  4.73060E-01 -1.89710E+00 -1.25060E-01 -9.80510E-04  2.00000E+00  7.19700E+01  7.48000E+01  1.43900E+03
f  12   10 11    3  99  1.00000E+00  5.10280E+00
p  12   10 11    3  99  1.00000E+00  5.10280E+00
f  12    4 11    4  99  1.00000E+00  5.12000E+00
p  12    4 11    4  98  4.73060E-01 -1.89710E+00 -1.25060E-01 -9.80510E-04  2.00000E+00  7.19700E+01  7.48000E+01  1.43900E+03
f  12   11 11    4  99  1.00000E+00  5.14200E+00
p  12   11 11    4  99  1.00000E+00  5.14200E+00
f  12    5 11    5  99  1.00000E+00  5.09600E+00
p  12    5 11    5  98  4.73060E-01 -1.89710E+00 -1.25060E-01 -9.80510E-04  2.00000E+00  7.19700E+01  7.48000E+01  1.43900E+03
f  12   12 11    5  99  1.00000E+00  5.10700E+00
p  12   12 11    5  99  1.00000E+00  5.10700E+00
f  12    6 11    6  99  1.00000E+00  5.01820E+00
p  12    6 11    6  98  4.73060E-01 -1.89710E+00 -1.25060E-01 -9.80510E-04  2.00000E+00  7.19700E+01  7.48000E+01  1.43900E+03
f  12   13 11    6  99  1.00000E+00  5.02520E+00
p  12   13 11    6  99  1.00000E+00  5.02520E+00
f  12    7 11    7  99  1.00000E+00  5.01620E+00
p  12    7 11    7  98  4.73060E-01 -1.89710E+00 -1.25060E-01 -9.80510E-04  2.00000E+00  7.19700E+01  7.48000E+01  1.43900E+03
f  12   14 11    7  99  1.00000E+00  5.02220E+00
p  12   14 11    7  99  1.00000E+00  5.02220E+00
f  12    8 11    8  99  1.00000E+00  5.00110E+00
p  12    8 11    8  98  4.73060E-01 -1.89710E+00 -1.25060E-01 -9.80510E-04  2.00000E+00  7.19700E+01  7.48000E+01  1.43900E+03
f  12   15 11    8  99  1.00000E+00  5.01100E+00
p  12   15 11    8  99  1.00000E+00  5.01100E+00
f  12    1 11    9  99  8.00000E+00  6.46000E+00
p  12    1 11    9  98  1.88120E+00 -2.18740E+00 -2.15100E-01  2.37370E-02  8.00000E+00  2.90900E+02  3.02500E+02  5.81800E+03
f  12   16 11    9  99  3.00000E+00  7.02400E+00
p  12   16 11    9  98  4.73060E-01 -1.89710E+00 -1.25060E-01 -9.80510E-04  2.00000E+00  7.19700E+01  7.48000E+01  1.43900E+03
f  12   17 11    9  99  1.00000E+00  5.37280E+00
p  12   17 11    9  99  1.00000E+00  5.37280E+00
f  12   18 11    9  99  1.00000E+00  5.06150E+00
p  12   18 11    9  99  1.00000E+00  5.06150E+00
f  12   19 11    9  99  1.00000E+00  5.12600E+00
p  12   19 11    9  99  1.00000E+00  5.12600E+00
f  12   20 11    9  99  1.00000E+00  5.10000E+00
p  12   20 11    9  99  1.00000E+00  5.10000E+00
f  12   21 11    9  99  1.00000E+00  5.02720E+00
p  12   21 11    9  99  1.00000E+00  5.02720E+00
f  12   22 11    9  99  1.00000E+00  5.02320E+00
p  12   22 11    9  99  1.00000E+00  5.02320E+00
f  12   23 11    9  99  1.00000E+00  5.00110E+00
p  12   23 11    9  99  1.00000E+00  5.00110E+00
f  12    2 11   10  99  8.00000E+00  5.31610E+00
p  12    2 11   10  98  1.88120E+00 -2.18740E+00 -2.15100E-01  2.37370E-02  8.00000E+00  2.90900E+02  3.02500E+02  5.81800E+03
f  12   17 11   10  99  2.00000E+00  5.37280E+00
p  12   17 11   10  98  4.73060E-01 -1.89710E+00 -1.25060E-01 -9.80510E-04  2.00000E+00  7.19700E+01  7.48000E+01  1.43900E+03
f  12    3 11   11  99  8.00000E+00  5.04320E+00
p  12    3 11   11  98  1.88120E+00 -2.18740E+00 -2.15100E-01  2.37370E-02  8.00000E+00  2.90900E+02  3.02500E+02  5.81800E+03
f  12   18 11   11  99  2.00000E+00  5.06150E+00
p  12   18 11   11  98  4.73060E-01 -1.89710E+00 -1.25060E-01 -9.80510E-04  2.00000E+00  7.19700E+01  7.48000E+01  1.43900E+03
f  12    4 11   12  99  8.00000E+00  5.12000E+00
p  12    4 11   12  98  1.88120E+00 -2.18740E+00 -2.15100E-01  2.37370E-02  8.00000E+00  2.90900E+02  3.02500E+02  5.81800E+03
f  12   19 11   12  99  2.00000E+00  5.12600E+00
p  12   19 11   12  98  4.73060E-01 -1.89710E+00 -1.25060E-01 -9.80510E-04  2.00000E+00  7.19700E+01  7.48000E+01  1.43900E+03
f  12    5 11   13  99  8.00000E+00  5.09600E+00
p  12    5 11   13  98  1.88120E+00 -2.18740E+00 -2.15100E-01  2.37370E-02  8.00000E+00  2.90900E+02  3.02500E+02  5.81800E+03
f  12   20 11   13  99  2.00000E+00  5.10000E+00
p  12   20 11   13  98  4.73060E-01 -1.89710E+00 -1.25060E-01 -9.80510E-04  2.00000E+00  7.19700E+01  7.48000E+01  1.43900E+03
f  12    6 11   14  99  8.00000E+00  5.01820E+00
p  12    6 11   14  98  1.88120E+00 -2.18740E+00 -2.15100E-01  2.37370E-02  8.00000E+00  2.90900E+02  3.02500E+02  5.81800E+03
f  12   21 11   14  99  2.00000E+00  5.02720E+00
p  12   21 11   14  98  4.73060E-01 -1.89710E+00 -1.25060E-01 -9.80510E-04  2.00000E+00  7.19700E+01  7.48000E+01  1.43900E+03
f  12    7 11   15  99  8.00000E+00  5.01620E+00
p  12    7 11   15  98  1.88120E+00 -2.18740E+00 -2.15100E-01  2.37370E-02  8.00000E+00  2.90900E+02  3.02500E+02  5.81800E+03
f  12   22 11   15  99  2.00000E+00  5.02320E+00
p  12   22 11   15  98  4.73060E-01 -1.89710E+00 -1.25060E-01 -9.80510E-04  2.00000E+00  7.19700E+01  7.48000E+01  1.43900E+03
f  12    8 11   16  99  8.00000E+00  5.00110E+00
p  12    8 11   16  98  1.88120E+00 -2.18740E+00 -2.15100E-01  2.37370E-02  8.00000E+00  2.90900E+02  3.02500E+02  5.81800E+03
f  12   23 11   16  99  2.00000E+00  5.00110E+00
p  12   23 11   16  98  4.73060E-01 -1.89710E+00 -1.25060E-01 -9.80510E-04  2.00000E+00  7.19700E+01  7.48000E+01  1.43900E+03
f  12    1 11   17  99  2.00000E+00  6.46000E+00
p  12    1 11   17  98  2.21870E+00 -2.46800E+00 -1.91500E-01  1.73430E-02  2.00000E+00  2.52600E+03  2.62700E+03  5.05100E+04
f  12   24 11   17  99  3.00000E+00  7.10400E+00
p  12   24 11   17  98  4.73060E-01 -1.89710E+00 -1.25060E-01 -9.80510E-04  2.00000E+00  7.19700E+01  7.48000E+01  1.43900E+03
f  12   25 11   17  99  1.00000E+00  5.39600E+00
p  12   25 11   17  99  1.00000E+00  5.39600E+00
f  12   26 11   17  99  1.00000E+00  5.06060E+00
p  12   26 11   17  99  1.00000E+00  5.06060E+00
f  12   27 11   17  99  1.00000E+00  5.13500E+00
p  12   27 11   17  99  1.00000E+00  5.13500E+00
f  12   28 11   17  99  1.00000E+00  5.10900E+00
p  12   28 11   17  99  1.00000E+00  5.10900E+00
f  12   29 11   17  99  1.00000E+00  5.02810E+00
p  12   29 11   17  99  1.00000E+00  5.02810E+00
f  12   30 11   17  99  1.00000E+00  5.02410E+00
p  12   30 11   17  99  1.00000E+00  5.02410E+00
f  12   31 11   17  99  1.00000E+00  5.00110E+00
p  12   31 11   17  99  1.00000E+00  5.00110E+00
f  12    2 11   18  99  2.00000E+00  5.31610E+00
p  12    2 11   18  98  2.21870E+00 -2.46800E+00 -1.91500E-01  1.73430E-02  2.00000E+00  2.52600E+03  2.62700E+03  5.05100E+04
f  12   25 11   18  99  2.00000E+00  5.39600E+00
p  12   25 11   18  98  4.73060E-01 -1.89710E+00 -1.25060E-01 -9.80510E-04  2.00000E+00  7.19700E+01  7.48000E+01  1.43900E+03
f  12    3 11   19  99  2.00000E+00  5.04320E+00
p  12    3 11   19  98  2.21870E+00 -2.46800E+00 -1.91500E-01  1.73430E-02  2.00000E+00  2.52600E+03  2.62700E+03  5.05100E+04
f  12   26 11   19  99  2.00000E+00  5.06060E+00
p  12   26 11   19  98  4.73060E-01 -1.89710E+00 -1.25060E-01 -9.80510E-04  2.00000E+00  7.19700E+01  7.48000E+01  1.43900E+03
f  12    4 11   20  99  2.00000E+00  5.12000E+00
p  12    4 11   20  98  2.21870E+00 -2.46800E+00 -1.91500E-01  1.73430E-02  2.00000E+00  2.52600E+03  2.62700E+03  5.05100E+04
f  12   27 11   20  99  2.00000E+00  5.13500E+00
p  12   27 11   20  98  4.73060E-01 -1.89710E+00 -1.25060E-01 -9.80510E-04  2.00000E+00  7.19700E+01  7.48000E+01  1.43900E+03
f  12    5 11   21  99  2.00000E+00  5.09600E+00
p  12    5 11   21  98  2.21870E+00 -2.46800E+00 -1.91500E-01  1.73430E-02  2.00000E+00  2.52600E+03  2.62700E+03  5.05100E+04
f  12   28 11   21  99  2.00000E+00  5.10900E+00
p  12   28 11   21  98  4.73060E-01 -1.89710E+00 -1.25060E-01 -9.80510E-04  2.00000E+00  7.19700E+01  7.48000E+01  1.43900E+03
f  12    6 11   22  99  2.00000E+00  5.01820E+00
p  12    6 11   22  98  2.21870E+00 -2.46800E+00 -1.91500E-01  1.73430E-02  2.00000E+00  2.52600E+03  2.62700E+03  5.05100E+04
f  12   29 11   22  99  2.00000E+00  5.02810E+00
p  12   29 11   22  98  4.73060E-01 -1.89710E+00 -1.25060E-01 -9.80510E-04  2.00000E+00  7.19700E+01  7.48000E+01  1.43900E+03
f  12    7 11   23  99  2.00000E+00  5.01620E+00
p  12    7 11   23  98  2.21870E+00 -2.46800E+00 -1.91500E-01  1.73430E-02  2.00000E+00  2.52600E+03  2.62700E+03  5.05100E+04
f  12   30 11   23  99  2.00000E+00  5.02410E+00
p  12   30 11   23  98  4.73060E-01 -1.89710E+00 -1.25060E-01 -9.80510E-04  2.00000E+00  7.19700E+01  7.48000E+01  1.43900E+03
f  12    8 11   24  99  2.00000E+00  5.00110E+00
p  12    8 11   24  98  2.21870E+00 -2.46800E+00 -1.91500E-01  1.73430E-02  2.00000E+00  2.52600E+03  2.62700E+03  5.05100E+04
f  12   31 11   24  99  2.00000E+00  5.00110E+00
p  12   31 11   24  98  4.73060E-01 -1.89710E+00 -1.25060E-01 -9.80510E-04  2.00000E+00  7.19700E+01  7.48000E+01  1.43900E+03
a  12    9 11    1   4.17910E+13
a  12   10 11    1   5.57250E+13
a  12   11 11    1   2.51085E+13
a  12   12 11    1   1.16170E+13
a  12   13 11    1   5.95850E+12
a  12   14 11    1   3.30645E+12
a  12   15 11    1   1.95245E+12
a  12   16 11    1   1.75124E+13
a  12   17 11    1   1.77510E+12
a  12   18 11    1   5.16300E+11
a  12   19 11    1   1.96058E+11
a  12   20 11    1   9.07125E+10
a  12   21 11    1   4.65255E+10
a  12   22 11    1   2.58188E+10
a  12   23 11    1   1.52452E+10
a  12   24 11    1   1.81686E+11
a  12   25 11    1   1.83310E+10
a  12   26 11    1   5.19190E+09
a  12   27 11    1   1.91940E+09
a  12   28 11    1   8.88020E+08
a  12   29 11    1   4.55470E+08
a  12   30 11    1   2.52760E+08
a  12   31 11    1   1.49250E+08
a  12   17 11    2   5.83748E+12
a  12   25 11    2   6.05620E+10
a  12   18 11    3   5.83748E+12
a  12   26 11    3   6.05620E+10
a  12   19 11    4   5.83748E+12
a  12   27 11    4   6.05620E+10
a  12   20 11    5   5.83748E+12
a  12   28 11    5   6.05620E+10
a  12   21 11    6   5.83748E+12
a  12   29 11    6   6.05620E+10
a  12   22 11    7   5.83748E+12
a  12   30 11    7   6.05620E+10
a  12   23 11    8   5.83748E+12
a  12   31 11    8   6.05620E+10
a  12   24 11    9   2.62272E+13
a  12   25 11    9   1.39040E+12
a  12   26 11    9   3.94672E+11
a  12   27 11    9   1.46160E+11
a  12   28 11    9   6.76240E+10
a  12   29 11    9   3.46848E+10
a  12   30 11    9   1.92476E+10
a  12   31 11    9   1.13656E+10
a  12   25 11   10   1.74848E+13
a  12   26 11   11   1.74848E+13
a  12   27 11   12   1.74848E+13
a  12   28 11   13   1.74848E+13
a  12   29 11   14   1.74848E+13
a  12   30 11   15   1.74848E+13
a  12   31 11   16   1.74848E+13
b  13    1 13    2  99  2.03286E-01  2.27606E-01  1.41310E+00 -6.75874E-01  2.70764E+00  1.38750E+00  1.38750E+00
b  13    1 13    3  99  2.64220E-01  3.44940E-01  1.87069E+00 -8.81499E-01  2.77429E+00  3.36300E-01  3.36300E-01
b  13    2 13    3  99  1.88701E-01  2.79896E-01  1.66476E+00 -2.23648E-01  4.00721E+00  8.78000E-01  8.78000E-01
b  13    1 13    4  99  4.08251E-01  8.05227E-01  1.83537E+00 -5.47565E-01  1.95931E+00  1.00980E-01  1.00980E-01
b  13    2 13    4  99  3.09067E-01  7.48824E-01  2.60925E+00 -1.44899E+00  3.43542E+00  1.32200E-01  1.32200E-01
b  13    3 13    4  99  2.24678E-01  3.95144E-01  1.94793E+00 -3.00220E-01  4.02160E+00  1.04800E+00  1.04800E+00
b  13    1 13    5  99  4.09584E-01  8.50230E-01  1.90615E+00 -5.93225E-01  2.02729E+00  5.49000E-02  5.49000E-02
b  13    2 13    5  99  3.29609E-01  1.00058E+00  2.70992E+00 -1.42450E+00  3.45124E+00  5.15800E-02  5.15800E-02
b  13    3 13    5  99  2.64737E-01  8.90556E-01  2.24164E+00 -2.30544E-01  4.18480E+00  1.72100E-01  1.72100E-01
b  13    4 13    5  99  2.11085E-01  4.42392E-01  1.75161E+00 -2.44894E-01  3.99949E+00  1.32800E+00  1.32800E+00
b  13    1 13    6  99  4.08880E-01  8.84217E-01  1.91259E+00 -6.15996E-01  2.02517E+00  3.36000E-02  3.36000E-02
b  13    2 13    6  99  3.40581E-01  1.16290E+00  2.78633E+00 -1.49736E+00  3.47475E+00  2.65500E-02  2.65500E-02
b  13    3 13    6  99  2.87889E-01  1.22768E+00  2.44796E+00 -3.93065E-01  4.23523E+00  6.34800E-02  6.34800E-02
b  13    4 13    6  99  2.45415E-01  9.71394E-01  1.98024E+00 -1.95850E-01  4.17361E+00  2.09100E-01  2.09100E-01
b  13    5 13    6  99  2.02129E-01  4.80347E-01  1.63874E+00 -2.36026E-01  4.00766E+00  1.55400E+00  1.55400E+00
b  13    1 13    7  99  4.07193E-01  9.11041E-01  1.90330E+00 -6.17897E-01  2.02960E+00  2.22240E-02  2.22240E-02
b  13    2 13    7  99  3.28988E-01  1.36258E+00  2.09198E+00 -9.57793E-01  2.89966E+00  1.58200E-02  1.58200E-02
b  13    3 13    7  99  3.00892E-01  1.47382E+00  2.48846E+00 -3.60293E-01  4.21714E+00  3.17700E-02  3.17700E-02
b  13    4 13    7  99  2.65047E-01  1.37463E+00  2.09846E+00 -1.74964E-01  4.25375E+00  7.48600E-02  7.48600E-02
b  13    5 13    7  99  2.36383E-01  1.02744E+00  1.83738E+00 -1.84143E-01  4.14554E+00  2.39400E-01  2.39400E-01
b  13    6 13    7  99  1.86641E-01  6.70678E-01  1.79518E+00  2.57064E+00  6.52541E+00  1.76900E+00  1.76900E+00
b  13    1 13    8  99  4.07007E-01  9.25995E-01  1.92502E+00 -6.31807E-01  2.05640E+00  1.55250E-02  1.55250E-02
b  13    2 13    8  99  3.33370E-01  1.44535E+00  2.11619E+00 -9.94335E-01  2.90120E+00  1.03300E-02  1.03300E-02
b  13    3 13    8  99  3.07458E-01  1.66680E+00  2.37721E+00 -1.29897E+00  3.55759E+00  1.86600E-02  1.86600E-02
b  13    4 13    8  99  2.77849E-01  1.67947E+00  2.16014E+00 -1.83994E-01  4.28861E+00  3.68200E-02  3.68200E-02
b  13    5 13    8  99  2.57639E-01  1.47147E+00  1.97345E+00 -2.00812E-01  4.22766E+00  8.41000E-02  8.41000E-02
b  13    6 13    8  99  2.31248E-01  1.04932E+00  1.75252E+00 -1.88328E-01  4.14698E+00  2.69100E-01  2.69100E-01
b  13    7 13    8  99  6.25573E-02  5.18917E-01  5.22680E-01  1.14967E+00  7.96844E+00  4.37100E+00  4.37100E+00
b  13    1 13    9  98  0.00000E+00  0.00000E+00  0.00000E+00  0.00000E+00  0.00000E+00  9.85905E-03  1.97181E-04
b  13    2 13    9  99  2.03286E-01  2.27606E-01  1.41310E+00 -6.75874E-01  2.70764E+00  8.96094E-01  8.96094E-01
b  13    1 13   10  98  0.00000E+00  0.00000E+00  0.00000E+00  0.00000E+00  0.00000E+00  1.35174E-02  2.70348E-04
b  13    2 13   10  99  2.64220E-01  3.44940E-01  1.87069E+00 -8.81499E-01  2.77429E+00  2.24200E-01  2.24200E-01
b  13    3 13   10  99  2.03286E-01  2.27606E-01  1.41310E+00 -6.75874E-01  2.70764E+00  9.25000E-01  9.25000E-01
b  13    9 13   10  99  1.88701E-01  2.79896E-01  1.66476E+00 -2.23648E-01  4.00721E+00  1.75600E+00  1.75600E+00
b  13    1 13   11  98  0.00000E+00  0.00000E+00  0.00000E+00  0.00000E+00  0.00000E+00  1.84518E-02  3.69035E-04
b  13    2 13   11  99  4.08251E-01  8.05227E-01  1.83537E+00 -5.47565E-01  1.95931E+00  6.73200E-02  6.73200E-02
b  13    4 13   11  99  2.03286E-01  2.27606E-01  1.41310E+00 -6.75874E-01  2.70764E+00  9.25000E-01  9.25000E-01
b  13    9 13   11  99  3.09067E-01  7.48824E-01  2.60925E+00 -1.44899E+00  3.43542E+00  2.64400E-01  2.64400E-01
b  13   10 13   11  99  2.24678E-01  3.95144E-01  1.94793E+00 -3.00220E-01  4.02160E+00  1.04800E+00  1.04800E+00
b  13    1 13   12  98  0.00000E+00  0.00000E+00  0.00000E+00  0.00000E+00  0.00000E+00  2.41644E-02  4.83288E-04
b  13    2 13   12  99  4.09584E-01  8.50230E-01  1.90615E+00 -5.93225E-01  2.02729E+00  3.66000E-02  3.66000E-02
b  13    5 13   12  99  2.03286E-01  2.27606E-01  1.41310E+00 -6.75874E-01  2.70764E+00  9.25000E-01  9.25000E-01
b  13    9 13   12  99  3.29609E-01  1.00058E+00  2.70992E+00 -1.42450E+00  3.45124E+00  1.03160E-01  1.03160E-01
b  13   10 13   12  99  2.64737E-01  8.90556E-01  2.24164E+00 -2.30544E-01  4.18480E+00  1.72100E-01  1.72100E-01
b  13   11 13   12  99  2.11085E-01  4.42392E-01  1.75161E+00 -2.44894E-01  3.99949E+00  1.32800E+00  1.32800E+00
b  13    1 13   13  98  0.00000E+00  0.00000E+00  0.00000E+00  0.00000E+00  0.00000E+00  3.07288E-02  6.14576E-04
b  13    2 13   13  99  4.08880E-01  8.84217E-01  1.91259E+00 -6.15996E-01  2.02517E+00  2.24000E-02  2.24000E-02
b  13    6 13   13  99  2.03286E-01  2.27606E-01  1.41310E+00 -6.75874E-01  2.70764E+00  9.25000E-01  9.25000E-01
b  13    9 13   13  99  3.40581E-01  1.16290E+00  2.78633E+00 -1.49736E+00  3.47475E+00  5.31000E-02  5.31000E-02
b  13   10 13   13  99  2.87889E-01  1.22768E+00  2.44796E+00 -3.93065E-01  4.23523E+00  6.34800E-02  6.34800E-02
b  13   11 13   13  99  2.45415E-01  9.71394E-01  1.98024E+00 -1.95850E-01  4.17361E+00  2.09100E-01  2.09100E-01
b  13   12 13   13  99  2.02129E-01  4.80347E-01  1.63874E+00 -2.36026E-01  4.00766E+00  1.55400E+00  1.55400E+00
b  13    1 13   14  98  0.00000E+00  0.00000E+00  0.00000E+00  0.00000E+00  0.00000E+00  3.82882E-02  7.65765E-04
b  13    2 13   14  99  4.07193E-01  9.11041E-01  1.90330E+00 -6.17897E-01  2.02960E+00  1.48160E-02  1.48160E-02
b  13    7 13   14  99  2.03286E-01  2.27606E-01  1.41310E+00 -6.75874E-01  2.70764E+00  9.25000E-01  9.25000E-01
b  13    9 13   14  99  3.28988E-01  1.36258E+00  2.09198E+00 -9.57793E-01  2.89966E+00  3.16400E-02  3.16400E-02
b  13   10 13   14  99  3.00892E-01  1.47382E+00  2.48846E+00 -3.60293E-01  4.21714E+00  3.17700E-02  3.17700E-02
b  13   11 13   14  99  2.65047E-01  1.37463E+00  2.09846E+00 -1.74964E-01  4.25375E+00  7.48600E-02  7.48600E-02
b  13   12 13   14  99  2.36383E-01  1.02744E+00  1.83738E+00 -1.84143E-01  4.14554E+00  2.39400E-01  2.39400E-01
b  13   13 13   14  99  1.86641E-01  6.70678E-01  1.79518E+00  2.57064E+00  6.52541E+00  1.76900E+00  1.76900E+00
b  13    1 13   15  98  0.00000E+00  0.00000E+00  0.00000E+00  0.00000E+00  0.00000E+00  4.67225E-02  9.34450E-04
b  13    2 13   15  99  4.07007E-01  9.25995E-01  1.92502E+00 -6.31807E-01  2.05640E+00  1.03500E-02  1.03500E-02
b  13    8 13   15  99  2.03286E-01  2.27606E-01  1.41310E+00 -6.75874E-01  2.70764E+00  9.25000E-01  9.25000E-01
b  13    9 13   15  99  3.33370E-01  1.44535E+00  2.11619E+00 -9.94335E-01  2.90120E+00  2.06600E-02  2.06600E-02
b  13   10 13   15  99  3.07458E-01  1.66680E+00  2.37721E+00 -1.29897E+00  3.55759E+00  1.86600E-02  1.86600E-02
b  13   11 13   15  99  2.77849E-01  1.67947E+00  2.16014E+00 -1.83994E-01  4.28861E+00  3.68200E-02  3.68200E-02
b  13   12 13   15  99  2.57639E-01  1.47147E+00  1.97345E+00 -2.00812E-01  4.22766E+00  8.41000E-02  8.41000E-02
b  13   13 13   15  99  2.31248E-01  1.04932E+00  1.75252E+00 -1.88328E-01  4.14698E+00  2.69100E-01  2.69100E-01
b  13   14 13   15  99  6.25573E-02  5.18917E-01  5.22680E-01  1.14967E+00  7.96844E+00  4.37100E+00  4.37100E+00
b  13    1 13   16  99  1.36064E-01  1.63538E+00 -3.20576E+01  2.44652E+02  2.00000E+01  8.03333E-01  8.03333E-01
b  13    1 13   17  99  1.11040E-01  1.28754E+00 -2.55045E+01  1.97700E+02  2.00000E+01  3.12400E-01  3.12400E-01
b  13    2 13   17  99  1.36064E-01  1.63538E+00 -3.20576E+01  2.44652E+02  2.00000E+01  8.56889E-01  8.56889E-01
b  13   16 13   17  99  2.03286E-01  2.27606E-01  1.41310E+00 -6.75874E-01  2.70764E+00  1.85000E+00  1.85000E+00
b  13    1 13   18  99  1.12563E-01  1.28996E+00 -2.54542E+01  1.96800E+02  2.00000E+01  1.43040E-01  1.43040E-01
b  13    3 13   18  99  1.36064E-01  1.63538E+00 -3.20576E+01  2.44652E+02  2.00000E+01  8.56889E-01  8.56889E-01
b  13   16 13   18  99  2.64220E-01  3.44940E-01  1.87069E+00 -8.81499E-01  2.77429E+00  4.48400E-01  4.48400E-01
b  13   17 13   18  99  1.88701E-01  2.79896E-01  1.66476E+00 -2.23648E-01  4.00721E+00  8.78000E-01  8.78000E-01
b  13    1 13   19  99  1.48257E-01  1.66248E+00 -3.55575E+01  2.95917E+02  2.00000E+01  6.60720E-02  6.60720E-02
b  13    4 13   19  99  1.36064E-01  1.63538E+00 -3.20576E+01  2.44652E+02  2.00000E+01  8.56889E-01  8.56889E-01
b  13   16 13   19  99  4.08251E-01  8.05227E-01  1.83537E+00 -5.47565E-01  1.95931E+00  1.34640E-01  1.34640E-01
b  13   17 13   19  99  3.09067E-01  7.48824E-01  2.60925E+00 -1.44899E+00  3.43542E+00  1.32200E-01  1.32200E-01
b  13   18 13   19  99  2.24678E-01  3.95144E-01  1.94793E+00 -3.00220E-01  4.02160E+00  1.04800E+00  1.04800E+00
b  13    1 13   20  99  1.45556E-01  1.63363E+00 -3.48164E+01  2.88032E+02  2.00000E+01  4.00000E-02  4.00000E-02
b  13    5 13   20  99  1.36064E-01  1.63538E+00 -3.20576E+01  2.44652E+02  2.00000E+01  8.56889E-01  8.56889E-01
b  13   16 13   20  99  4.09584E-01  8.50230E-01  1.90615E+00 -5.93225E-01  2.02729E+00  7.32000E-02  7.32000E-02
b  13   17 13   20  99  3.29609E-01  1.00058E+00  2.70992E+00 -1.42450E+00  3.45124E+00  5.15800E-02  5.15800E-02
b  13   18 13   20  99  2.64737E-01  8.90556E-01  2.24164E+00 -2.30544E-01  4.18480E+00  1.72100E-01  1.72100E-01
b  13   19 13   20  99  2.11085E-01  4.42392E-01  1.75161E+00 -2.44894E-01  3.99949E+00  1.32800E+00  1.32800E+00
b  13    1 13   21  99  1.42157E-01  1.61215E+00 -3.38448E+01  2.73526E+02  2.00000E+01  2.60800E-02  2.60800E-02
b  13    6 13   21  99  1.36064E-01  1.63538E+00 -3.20576E+01  2.44652E+02  2.00000E+01  8.56889E-01  8.56889E-01
b  13   16 13   21  99  4.08880E-01  8.84217E-01  1.91259E+00 -6.15996E-01  2.02517E+00  4.48000E-02  4.48000E-02
b  13   17 13   21  99  3.40581E-01  1.16290E+00  2.78633E+00 -1.49736E+00  3.47475E+00  2.65500E-02  2.65500E-02
b  13   18 13   21  99  2.87889E-01  1.22768E+00  2.44796E+00 -3.93065E-01  4.23523E+00  6.34800E-02  6.34800E-02
b  13   19 13   21  99  2.45415E-01  9.71394E-01  1.98024E+00 -1.95850E-01  4.17361E+00  2.09100E-01  2.09100E-01
b  13   20 13   21  99  2.02129E-01  4.80347E-01  1.63874E+00 -2.36026E-01  4.00766E+00  1.55400E+00  1.55400E+00
b  13    1 13   22  99  1.42654E-01  1.59831E+00 -3.40501E+01  2.81219E+02  2.00000E+01  1.79520E-02  1.79520E-02
b  13    7 13   22  99  1.36064E-01  1.63538E+00 -3.20576E+01  2.44652E+02  2.00000E+01  8.56889E-01  8.56889E-01
b  13   16 13   22  99  4.07193E-01  9.11041E-01  1.90330E+00 -6.17897E-01  2.02960E+00  2.96320E-02  2.96320E-02
b  13   17 13   22  99  3.28988E-01  1.36258E+00  2.09198E+00 -9.57793E-01  2.89966E+00  1.58200E-02  1.58200E-02
b  13   18 13   22  99  3.00892E-01  1.47382E+00  2.48846E+00 -3.60293E-01  4.21714E+00  3.17700E-02  3.17700E-02
b  13   19 13   22  99  2.65047E-01  1.37463E+00  2.09846E+00 -1.74964E-01  4.25375E+00  7.48600E-02  7.48600E-02
b  13   20 13   22  99  2.36383E-01  1.02744E+00  1.83738E+00 -1.84143E-01  4.14554E+00  2.39400E-01  2.39400E-01
b  13   21 13   22  99  1.86641E-01  6.70678E-01  1.79518E+00  2.57064E+00  6.52541E+00  1.76900E+00  1.76900E+00
b  13    1 13   23  99  1.42018E-01  1.58715E+00 -3.39009E+01  2.80966E+02  2.00000E+01  1.28800E-02  1.28800E-02
b  13    8 13   23  99  1.36064E-01  1.63538E+00 -3.20576E+01  2.44652E+02  2.00000E+01  8.56889E-01  8.56889E-01
b  13   16 13   23  99  4.07007E-01  9.25995E-01  1.92502E+00 -6.31807E-01  2.05640E+00  2.07000E-02  2.07000E-02
b  13   17 13   23  99  3.33370E-01  1.44535E+00  2.11619E+00 -9.94335E-01  2.90120E+00  1.03300E-02  1.03300E-02
b  13   18 13   23  99  3.07458E-01  1.66680E+00  2.37721E+00 -1.29897E+00  3.55759E+00  1.86600E-02  1.86600E-02
b  13   19 13   23  99  2.77849E-01  1.67947E+00  2.16014E+00 -1.83994E-01  4.28861E+00  3.68200E-02  3.68200E-02
b  13   20 13   23  99  2.57639E-01  1.47147E+00  1.97345E+00 -2.00812E-01  4.22766E+00  8.41000E-02  8.41000E-02
b  13   21 13   23  99  2.31248E-01  1.04932E+00  1.75252E+00 -1.88328E-01  4.14698E+00  2.69100E-01  2.69100E-01
b  13   22 13   23  99  6.25573E-02  5.18917E-01  5.22680E-01  1.14967E+00  7.96844E+00  4.37100E+00  4.37100E+00
b  13    1 13   24  99  4.26924E-01  1.66574E-01 -4.08285E+00  2.45843E+01  3.90353E+00  3.54833E-02  3.54833E-02
b  13   16 13   24  99  3.70753E-01  5.33750E-02 -3.33912E+00  2.16925E+01  3.92622E+00  6.19500E-02  6.19500E-02
b  13    1 13   25  99  3.93234E-01  1.64133E-01 -3.73959E+00  2.23879E+01  3.89109E+00  1.13800E-02  1.13800E-02
b  13    2 13   25  99  4.26924E-01  1.66574E-01 -4.08285E+00  2.45843E+01  3.90353E+00  3.78489E-02  3.78489E-02
b  13   17 13   25  99  3.70753E-01  5.33750E-02 -3.33912E+00  2.16925E+01  3.92622E+00  6.19500E-02  6.19500E-02
b  13   24 13   25  99  2.03286E-01  2.27606E-01  1.41310E+00 -6.75874E-01  2.70764E+00  1.85000E+00  1.85000E+00
b  13    1 13   26  99  3.99059E-01  1.69986E-01 -3.82642E+00  2.28275E+01  3.89798E+00  4.92000E-03  4.92000E-03
b  13    3 13   26  99  4.26924E-01  1.66574E-01 -4.08285E+00  2.45843E+01  3.90353E+00  3.78489E-02  3.78489E-02
b  13   18 13   26  99  3.70753E-01  5.33750E-02 -3.33912E+00  2.16925E+01  3.92622E+00  6.19500E-02  6.19500E-02
b  13   24 13   26  99  2.64220E-01  3.44940E-01  1.87069E+00 -8.81499E-01  2.77429E+00  4.48400E-01  4.48400E-01
b  13   25 13   26  99  1.88701E-01  2.79896E-01  1.66476E+00 -2.23648E-01  4.00721E+00  8.78000E-01  8.78000E-01
b  13    1 13   27  99  4.42780E-01  1.89331E-01 -4.43870E+00  2.62173E+01  3.92906E+00  2.40400E-03  2.40400E-03
b  13    4 13   27  99  4.26924E-01  1.66574E-01 -4.08285E+00  2.45843E+01  3.90353E+00  3.78489E-02  3.78489E-02
b  13   19 13   27  99  3.70753E-01  5.33750E-02 -3.33912E+00  2.16925E+01  3.92622E+00  6.19500E-02  6.19500E-02
b  13   24 13   27  99  4.08251E-01  8.05227E-01  1.83537E+00 -5.47565E-01  1.95931E+00  1.34640E-01  1.34640E-01
b  13   25 13   27  99  3.09067E-01  7.48824E-01  2.60925E+00 -1.44899E+00  3.43542E+00  1.32200E-01  1.32200E-01
b  13   26 13   27  99  2.24678E-01  3.95144E-01  1.94793E+00 -3.00220E-01  4.02160E+00  1.04800E+00  1.04800E+00
b  13    1 13   28  99  4.32494E-01  1.83793E-01 -4.28474E+00  2.52884E+01  3.91230E+00  1.42060E-03  1.42060E-03
b  13    5 13   28  99  4.26924E-01  1.66574E-01 -4.08285E+00  2.45843E+01  3.90353E+00  3.78489E-02  3.78489E-02
b  13   20 13   28  99  3.70753E-01  5.33750E-02 -3.33912E+00  2.16925E+01  3.92622E+00  6.19500E-02  6.19500E-02
b  13   24 13   28  99  4.09584E-01  8.50230E-01  1.90615E+00 -5.93225E-01  2.02729E+00  7.32000E-02  7.32000E-02
b  13   25 13   28  99  3.29609E-01  1.00058E+00  2.70992E+00 -1.42450E+00  3.45124E+00  5.15800E-02  5.15800E-02
b  13   26 13   28  99  2.64737E-01  8.90556E-01  2.24164E+00 -2.30544E-01  4.18480E+00  1.72100E-01  1.72100E-01
b  13   27 13   28  99  2.11085E-01  4.42392E-01  1.75161E+00 -2.44894E-01  3.99949E+00  1.32800E+00  1.32800E+00
b  13    1 13   29  99  4.26939E-01  1.78212E-01 -4.20695E+00  2.48947E+01  3.91069E+00  9.09600E-04  9.09600E-04
b  13    6 13   29  99  4.26924E-01  1.66574E-01 -4.08285E+00  2.45843E+01  3.90353E+00  3.78489E-02  3.78489E-02
b  13   21 13   29  99  3.70753E-01  5.33750E-02 -3.33912E+00  2.16925E+01  3.92622E+00  6.19500E-02  6.19500E-02
b  13   24 13   29  99  4.08880E-01  8.84217E-01  1.91259E+00 -6.15996E-01  2.02517E+00  4.48000E-02  4.48000E-02
b  13   25 13   29  99  3.40581E-01  1.16290E+00  2.78633E+00 -1.49736E+00  3.47475E+00  2.65500E-02  2.65500E-02
b  13   26 13   29  99  2.87889E-01  1.22768E+00  2.44796E+00 -3.93065E-01  4.23523E+00  6.34800E-02  6.34800E-02
b  13   27 13   29  99  2.45415E-01  9.71394E-01  1.98024E+00 -1.95850E-01  4.17361E+00  2.09100E-01  2.09100E-01
b  13   28 13   29  99  2.02129E-01  4.80347E-01  1.63874E+00 -2.36026E-01  4.00766E+00  1.55400E+00  1.55400E+00
b  13    1 13   30  99  4.23681E-01  1.71890E-01 -4.13600E+00  2.45724E+01  3.90533E+00  6.17000E-04  6.17000E-04
b  13    7 13   30  99  4.26924E-01  1.66574E-01 -4.08285E+00  2.45843E+01  3.90353E+00  3.78489E-02  3.78489E-02
b  13   22 13   30  99  3.70753E-01  5.33750E-02 -3.33912E+00  2.16925E+01  3.92622E+00  6.19500E-02  6.19500E-02
b  13   24 13   30  99  4.07193E-01  9.11041E-01  1.90330E+00 -6.17897E-01  2.02960E+00  2.96320E-02  2.96320E-02
b  13   25 13   30  99  3.28988E-01  1.36258E+00  2.09198E+00 -9.57793E-01  2.89966E+00  1.58200E-02  1.58200E-02
b  13   26 13   30  99  3.00892E-01  1.47382E+00  2.48846E+00 -3.60293E-01  4.21714E+00  3.17700E-02  3.17700E-02
b  13   27 13   30  99  2.65047E-01  1.37463E+00  2.09846E+00 -1.74964E-01  4.25375E+00  7.48600E-02  7.48600E-02
b  13   28 13   30  99  2.36383E-01  1.02744E+00  1.83738E+00 -1.84143E-01  4.14554E+00  2.39400E-01  2.39400E-01
b  13   29 13   30  99  1.86641E-01  6.70678E-01  1.79518E+00  2.57064E+00  6.52541E+00  1.76900E+00  1.76900E+00
b  13    1 13   31  99  4.18765E-01  1.76746E-01 -4.14968E+00  2.44970E+01  3.91269E+00  4.37400E-04  4.37400E-04
b  13    8 13   31  99  4.26924E-01  1.66574E-01 -4.08285E+00  2.45843E+01  3.90353E+00  3.78489E-02  3.78489E-02
b  13   23 13   31  99  3.70753E-01  5.33750E-02 -3.33912E+00  2.16925E+01  3.92622E+00  6.19500E-02  6.19500E-02
b  13   24 13   31  99  4.07007E-01  9.25995E-01  1.92502E+00 -6.31807E-01  2.05640E+00  2.07000E-02  2.07000E-02
b  13   25 13   31  99  3.33370E-01  1.44535E+00  2.11619E+00 -9.94335E-01  2.90120E+00  1.03300E-02  1.03300E-02
b  13   26 13   31  99  3.07458E-01  1.66680E+00  2.37721E+00 -1.29897E+00  3.55759E+00  1.86600E-02  1.86600E-02
b  13   27 13   31  99  2.77849E-01  1.67947E+00  2.16014E+00 -1.83994E-01  4.28861E+00  3.68200E-02  3.68200E-02
b  13   28 13   31  99  2.57639E-01  1.47147E+00  1.97345E+00 -2.00812E-01  4.22766E+00  8.41000E-02  8.41000E-02
b  13   29 13   31  99  2.31248E-01  1.04932E+00  1.75252E+00 -1.88328E-01  4.14698E+00  2.69100E-01  2.69100E-01
b  13   30 13   31  99  6.25573E-02  5.18917E-01  5.22680E-01  1.14967E+00  7.96844E+00  4.37100E+00  4.37100E+00
f  13    1 12    1  99  3.00000E+00  6.12000E+00
p  13    1 12    1  98  5.08630E-01 -1.75800E+00 -1.61780E-01  4.82930E-03  3.00000E+00  5.86100E+01  6.10000E+01  1.17200E+03
f  13    2 12    1  99  1.00000E+00  4.40060E+00
p  13    2 12    1  99  1.00000E+00  4.40060E+00
f  13    3 12    1  99  1.00000E+00  4.06360E+00
p  13    3 12    1  99  1.00000E+00  4.06360E+00
f  13    4 12    1  99  1.00000E+00  4.13800E+00
p  13    4 12    1  99  1.00000E+00  4.13800E+00
f  13    5 12    1  99  1.00000E+00  4.11000E+00
p  13    5 12    1  99  1.00000E+00  4.11000E+00
f  13    6 12    1  99  1.00000E+00  4.02820E+00
p  13    6 12    1  99  1.00000E+00  4.02820E+00
f  13    7 12    1  99  1.00000E+00  4.02420E+00
p  13    7 12    1  99  1.00000E+00  4.02420E+00
f  13    8 12    1  99  1.00000E+00  4.00120E+00
p  13    8 12    1  99  1.00000E+00  4.00120E+00
f  13    2 12    2  99  2.00000E+00  4.40060E+00
p  13    2 12    2  98  5.08630E-01 -1.75800E+00 -1.61780E-01  4.82930E-03  3.00000E+00  5.86100E+01  6.10000E+01  1.17200E+03
f  13    9 12    2  99  2.00000E+00  4.96110E+00
p  13    9 12    2  99  2.00000E+00  4.96110E+00
f  13   10 12    2  99  1.00000E+00  4.12320E+00
p  13   10 12    2  99  1.00000E+00  4.12320E+00
f  13   11 12    2  99  1.00000E+00  4.16000E+00
p  13   11 12    2  99  1.00000E+00  4.16000E+00
f  13   12 12    2  99  1.00000E+00  4.12100E+00
p  13   12 12    2  99  1.00000E+00  4.12100E+00
f  13   13 12    2  99  1.00000E+00  4.03520E+00
p  13   13 12    2  99  1.00000E+00  4.03520E+00
f  13   14 12    2  99  1.00000E+00  4.03020E+00
p  13   14 12    2  99  1.00000E+00  4.03020E+00
f  13   15 12    2  99  1.00000E+00  4.01110E+00
p  13   15 12    2  99  1.00000E+00  4.01110E+00
f  13    3 12    3  99  2.00000E+00  4.06360E+00
p  13    3 12    3  98  5.08630E-01 -1.75800E+00 -1.61780E-01  4.82930E-03  3.00000E+00  5.86100E+01  6.10000E+01  1.17200E+03
f  13   10 12    3  99  1.00000E+00  4.12320E+00
p  13   10 12    3  99  1.00000E+00  4.12320E+00
f  13    4 12    4  99  2.00000E+00  4.13800E+00
p  13    4 12    4  98  5.08630E-01 -1.75800E+00 -1.61780E-01  4.82930E-03  3.00000E+00  5.86100E+01  6.10000E+01  1.17200E+03
f  13   11 12    4  99  1.00000E+00  4.16000E+00
p  13   11 12    4  99  1.00000E+00  4.16000E+00
f  13    5 12    5  99  2.00000E+00  4.11000E+00
p  13    5 12    5  98  5.08630E-01 -1.75800E+00 -1.61780E-01  4.82930E-03  3.00000E+00  5.86100E+01  6.10000E+01  1.17200E+03
f  13   12 12    5  99  1.00000E+00  4.12100E+00
p  13   12 12    5  99  1.00000E+00  4.12100E+00
f  13    6 12    6  99  2.00000E+00  4.02820E+00
p  13    6 12    6  98  5.08630E-01 -1.75800E+00 -1.61780E-01  4.82930E-03  3.00000E+00  5.86100E+01  6.10000E+01  1.17200E+03
f  13   13 12    6  99  1.00000E+00  4.03520E+00
p  13   13 12    6  99  1.00000E+00  4.03520E+00
f  13    7 12    7  99  2.00000E+00  4.02420E+00
p  13    7 12    7  98  5.08630E-01 -1.75800E+00 -1.61780E-01  4.82930E-03  3.00000E+00  5.86100E+01  6.10000E+01  1.17200E+03
f  13   14 12    7  99  1.00000E+00  4.03020E+00
p  13   14 12    7  99  1.00000E+00  4.03020E+00
f  13    8 12    8  99  2.00000E+00  4.00120E+00
p  13    8 12    8  98  5.08630E-01 -1.75800E+00 -1.61780E-01  4.82930E-03  3.00000E+00  5.86100E+01  6.10000E+01  1.17200E+03
f  13   15 12    8  99  1.00000E+00  4.01110E+00
p  13   15 12    8  99  1.00000E+00  4.01110E+00
f  13    9 12    9  99  1.00000E+00  4.96110E+00
p  13    9 12    9  98  5.08630E-01 -1.75800E+00 -1.61780E-01  4.82930E-03  3.00000E+00  5.86100E+01  6.10000E+01  1.17200E+03
f  13   10 12   10  99  1.00000E+00  4.12320E+00
p  13   10 12   10  98  5.08630E-01 -1.75800E+00 -1.61780E-01  4.82930E-03  3.00000E+00  5.86100E+01  6.10000E+01  1.17200E+03
f  13   11 12   11  99  1.00000E+00  4.16000E+00
p  13   11 12   11  98  5.08630E-01 -1.75800E+00 -1.61780E-01  4.82930E-03  3.00000E+00  5.86100E+01  6.10000E+01  1.17200E+03
f  13   12 12   12  99  1.00000E+00  4.12100E+00
p  13   12 12   12  98  5.08630E-01 -1.75800E+00 -1.61780E-01  4.82930E-03  3.00000E+00  5.86100E+01  6.10000E+01  1.17200E+03
f  13   13 12   13  99  1.00000E+00  4.03520E+00
p  13   13 12   13  98  5.08630E-01 -1.75800E+00 -1.61780E-01  4.82930E-03  3.00000E+00  5.86100E+01  6.10000E+01  1.17200E+03
f  13   14 12   14  99  1.00000E+00  4.03020E+00
p  13   14 12   14  98  5.08630E-01 -1.75800E+00 -1.61780E-01  4.82930E-03  3.00000E+00  5.86100E+01  6.10000E+01  1.17200E+03
f  13   15 12   15  99  1.00000E+00  4.01110E+00
p  13   15 12   15  98  5.08630E-01 -1.75800E+00 -1.61780E-01  4.82930E-03  3.00000E+00  5.86100E+01  6.10000E+01  1.17200E+03
f  13    1 12   16  99  8.00000E+00  6.12000E+00
p  13    1 12   16  98  1.94230E+00 -2.15210E+00 -2.27440E-01  2.55470E-02  8.00000E+00  2.74700E+02  2.85700E+02  5.49400E+03
f  13   16 12   16  99  4.00000E+00  6.68400E+00
p  13   16 12   16  98  5.08630E-01 -1.75800E+00 -1.61780E-01  4.82930E-03  3.00000E+00  5.86100E+01  6.10000E+01  1.17200E+03
f  13   17 12   16  99  1.00000E+00  4.45730E+00
p  13   17 12   16  99  1.00000E+00  4.45730E+00
f  13   18 12   16  99  1.00000E+00  4.08190E+00
p  13   18 12   16  99  1.00000E+00  4.08190E+00
f  13   19 12   16  99  1.00000E+00  4.14400E+00
p  13   19 12   16  99  1.00000E+00  4.14400E+00
f  13   20 12   16  99  1.00000E+00  4.11400E+00
p  13   20 12   16  99  1.00000E+00  4.11400E+00
f  13   21 12   16  99  1.00000E+00  4.03720E+00
p  13   21 12   16  99  1.00000E+00  4.03720E+00
f  13   22 12   16  99  1.00000E+00  4.03120E+00
p  13   22 12   16  99  1.00000E+00  4.03120E+00
f  13   23 12   16  99  1.00000E+00  4.00120E+00
p  13   23 12   16  99  1.00000E+00  4.00120E+00
f  13    2 12   17  99  8.00000E+00  4.40060E+00
p  13    2 12   17  98  1.94230E+00 -2.15210E+00 -2.27440E-01  2.55470E-02  8.00000E+00  2.74700E+02  2.85700E+02  5.49400E+03
f  13   17 12   17  99  3.00000E+00  4.45730E+00
p  13   17 12   17  98  5.08630E-01 -1.75800E+00 -1.61780E-01  4.82930E-03  3.00000E+00  5.86100E+01  6.10000E+01  1.17200E+03
f  13    3 12   18  99  8.00000E+00  4.06360E+00
p  13    3 12   18  98  1.94230E+00 -2.15210E+00 -2.27440E-01  2.55470E-02  8.00000E+00  2.74700E+02  2.85700E+02  5.49400E+03
f  13   18 12   18  99  3.00000E+00  4.08190E+00
p  13   18 12   18  98  5.08630E-01 -1.75800E+00 -1.61780E-01  4.82930E-03  3.00000E+00  5.86100E+01  6.10000E+01  1.17200E+03
f  13    4 12   19  99  8.00000E+00  4.13800E+00
p  13    4 12   19  98  1.94230E+00 -2.15210E+00 -2.27440E-01  2.55470E-02  8.00000E+00  2.74700E+02  2.85700E+02  5.49400E+03
f  13   19 12   19  99  3.00000E+00  4.14400E+00
p  13   19 12   19  98  5.08630E-01 -1.75800E+00 -1.61780E-01  4.82930E-03  3.00000E+00  5.86100E+01  6.10000E+01  1.17200E+03
f  13    5 12   20  99  8.00000E+00  4.11000E+00
p  13    5 12   20  98  1.94230E+00 -2.15210E+00 -2.27440E-01  2.55470E-02  8.00000E+00  2.74700E+02  2.85700E+02  5.49400E+03
f  13   20 12   20  99  3.00000E+00  4.11400E+00
p  13   20 12   20  98  5.08630E-01 -1.75800E+00 -1.61780E-01  4.82930E-03  3.00000E+00  5.86100E+01  6.10000E+01  1.17200E+03
f  13    6 12   21  99  8.00000E+00  4.02820E+00
p  13    6 12   21  98  1.94230E+00 -2.15210E+00 -2.27440E-01  2.55470E-02  8.00000E+00  2.74700E+02  2.85700E+02  5.49400E+03
f  13   21 12   21  99  3.00000E+00  4.03720E+00
p  13   21 12   21  98  5.08630E-01 -1.75800E+00 -1.61780E-01  4.82930E-03  3.00000E+00  5.86100E+01  6.10000E+01  1.17200E+03
f  13    7 12   22  99  8.00000E+00  4.02420E+00
p  13    7 12   22  98  1.94230E+00 -2.15210E+00 -2.27440E-01  2.55470E-02  8.00000E+00  2.74700E+02  2.85700E+02  5.49400E+03
f  13   22 12   22  99  3.00000E+00  4.03120E+00
p  13   22 12   22  98  5.08630E-01 -1.75800E+00 -1.61780E-01  4.82930E-03  3.00000E+00  5.86100E+01  6.10000E+01  1.17200E+03
f  13    8 12   23  99  8.00000E+00  4.00120E+00
p  13    8 12   23  98  1.94230E+00 -2.15210E+00 -2.27440E-01  2.55470E-02  8.00000E+00  2.74700E+02  2.85700E+02  5.49400E+03
f  13   23 12   23  99  3.00000E+00  4.00120E+00
p  13   23 12   23  98  5.08630E-01 -1.75800E+00 -1.61780E-01  4.82930E-03  3.00000E+00  5.86100E+01  6.10000E+01  1.17200E+03
f  13    1 12   24  99  2.00000E+00  6.12000E+00
p  13    1 12   24  98  2.23370E+00 -2.47950E+00 -1.82580E-01  1.56070E-02  2.00000E+00  2.50900E+03  2.60900E+03  5.01800E+04
f  13   24 12   24  99  4.00000E+00  6.76400E+00
p  13   24 12   24  98  5.08630E-01 -1.75800E+00 -1.61780E-01  4.82930E-03  3.00000E+00  5.86100E+01  6.10000E+01  1.17200E+03
f  13   25 12   24  99  1.00000E+00  4.48050E+00
p  13   25 12   24  99  1.00000E+00  4.48050E+00
f  13   26 12   24  99  1.00000E+00  4.08100E+00
p  13   26 12   24  99  1.00000E+00  4.08100E+00
f  13   27 12   24  99  1.00000E+00  4.15300E+00
p  13   27 12   24  99  1.00000E+00  4.15300E+00
f  13   28 12   24  99  1.00000E+00  4.12300E+00
p  13   28 12   24  99  1.00000E+00  4.12300E+00
f  13   29 12   24  99  1.00000E+00  4.03810E+00
p  13   29 12   24  99  1.00000E+00  4.03810E+00
f  13   30 12   24  99  1.00000E+00  4.03210E+00
p  13   30 12   24  99  1.00000E+00  4.03210E+00
f  13   31 12   24  99  1.00000E+00  4.00120E+00
p  13   31 12   24  99  1.00000E+00  4.00120E+00
f  13    2 12   25  99  2.00000E+00  4.40060E+00
p  13    2 12   25  98  2.23370E+00 -2.47950E+00 -1.82580E-01  1.56070E-02  2.00000E+00  2.50900E+03  2.60900E+03  5.01800E+04
f  13   25 12   25  99  3.00000E+00  4.48050E+00
p  13   25 12   25  98  5.08630E-01 -1.75800E+00 -1.61780E-01  4.82930E-03  3.00000E+00  5.86100E+01  6.10000E+01  1.17200E+03
f  13    3 12   26  99  2.00000E+00  4.06360E+00
p  13    3 12   26  98  2.23370E+00 -2.47950E+00 -1.82580E-01  1.56070E-02  2.00000E+00  2.50900E+03  2.60900E+03  5.01800E+04
f  13   26 12   26  99  3.00000E+00  4.08100E+00
p  13   26 12   26  98  5.08630E-01 -1.75800E+00 -1.61780E-01  4.82930E-03  3.00000E+00  5.86100E+01  6.10000E+01  1.17200E+03
f  13    4 12   27  99  2.00000E+00  4.13800E+00
p  13    4 12   27  98  2.23370E+00 -2.47950E+00 -1.82580E-01  1.56070E-02  2.00000E+00  2.50900E+03  2.60900E+03  5.01800E+04
f  13   27 12   27  99  3.00000E+00  4.15300E+00
p  13   27 12   27  98  5.08630E-01 -1.75800E+00 -1.61780E-01  4.82930E-03  3.00000E+00  5.86100E+01  6.10000E+01  1.17200E+03
f  13    5 12   28  99  2.00000E+00  4.11000E+00
p  13    5 12   28  98  2.23370E+00 -2.47950E+00 -1.82580E-01  1.56070E-02  2.00000E+00  2.50900E+03  2.60900E+03  5.01800E+04
f  13   28 12   28  99  3.00000E+00  4.12300E+00
p  13   28 12   28  98  5.08630E-01 -1.75800E+00 -1.61780E-01  4.82930E-03  3.00000E+00  5.86100E+01  6.10000E+01  1.17200E+03
f  13    6 12   29  99  2.00000E+00  4.02820E+00
p  13    6 12   29  98  2.23370E+00 -2.47950E+00 -1.82580E-01  1.56070E-02  2.00000E+00  2.50900E+03  2.60900E+03  5.01800E+04
f  13   29 12   29  99  3.00000E+00  4.03810E+00
p  13   29 12   29  98  5.08630E-01 -1.75800E+00 -1.61780E-01  4.82930E-03  3.00000E+00  5.86100E+01  6.10000E+01  1.17200E+03
f  13    7 12   30  99  2.00000E+00  4.02420E+00
p  13    7 12   30  98  2.23370E+00 -2.47950E+00 -1.82580E-01  1.56070E-02  2.00000E+00  2.50900E+03  2.60900E+03  5.01800E+04
f  13   30 12   30  99  3.00000E+00  4.03210E+00
p  13   30 12   30  98  5.08630E-01 -1.75800E+00 -1.61780E-01  4.82930E-03  3.00000E+00  5.86100E+01  6.10000E+01  1.17200E+03
f  13    8 12   31  99  2.00000E+00  4.00120E+00
p  13    8 12   31  98  2.23370E+00 -2.47950E+00 -1.82580E-01  1.56070E-02  2.00000E+00  2.50900E+03  2.60900E+03  5.01800E+04
f  13   31 12   31  99  3.00000E+00  4.00120E+00
p  13   31 12   31  98  5.08630E-01 -1.75800E+00 -1.61780E-01  4.82930E-03  3.00000E+00  5.86100E+01  6.10000E+01  1.17200E+03
a  13    9 12    1   8.13289E+13
a  13   10 12    1   4.52904E+13
a  13   11 12    1   2.21576E+13
a  13   12 12    1   1.02515E+13
a  13   13 12    1   5.25819E+12
a  13   14 12    1   2.91786E+12
a  13   15 12    1   1.72300E+12
a  13   16 12    1   2.54412E+13
a  13   17 12    1   1.68289E+12
a  13   18 12    1   4.70002E+11
a  13   19 12    1   1.74802E+11
a  13   20 12    1   8.08762E+10
a  13   21 12    1   4.14821E+10
a  13   22 12    1   2.30198E+10
a  13   23 12    1   1.35934E+10
a  13   24 12    1   2.88624E+11
a  13   25 12    1   1.82010E+10
a  13   26 12    1   4.94685E+09
a  13   27 12    1   1.78755E+09
a  13   28 12    1   8.27040E+08
a  13   29 12    1   4.24200E+08
a  13   30 12    1   2.35395E+08
a  13   31 12    1   1.39000E+08
a  13   17 12    2   1.27206E+13
a  13   25 12    2   1.44312E+11
a  13   18 12    3   1.27206E+13
a  13   26 12    3   1.44312E+11
a  13   19 12    4   1.27206E+13
a  13   27 12    4   1.44312E+11
a  13   20 12    5   1.27206E+13
a  13   28 12    5   1.44312E+11
a  13   21 12    6   1.27206E+13
a  13   29 12    6   1.44312E+11
a  13   22 12    7   1.27206E+13
a  13   30 12    7   1.44312E+11
a  13   23 12    8   1.27206E+13
a  13   31 12    8   1.44312E+11
a  13   24 12   16   3.10272E+13
a  13   25 12   16   1.02884E+12
a  13   26 12   16   2.79888E+11
a  13   27 12   16   1.01268E+11
a  13   28 12   16   4.68520E+10
a  13   29 12   16   2.40316E+10
a  13   30 12   16   1.33356E+10
a  13   31 12   16   7.87480E+09
a  13   25 12   17   2.32704E+13
a  13   26 12   18   2.32704E+13
a  13   27 12   19   2.32704E+13
a  13   28 12   20   2.32704E+13
a  13   29 12   21   2.32704E+13
a  13   30 12   22   2.32704E+13
a  13   31 12   23   2.32704E+13
b  14    1 14    2  99  1.61901E-01  2.75042E-01  1.04000E+00 -4.68414E-01  2.68612E+00  1.52320E+00  1.52320E+00
b  14    1 14    3  99  2.21574E-01  3.61231E-01  1.46392E+00 -6.82354E-01  2.71532E+00  3.98880E-01  3.98880E-01
b  14    2 14    3  99  1.71263E-01  3.45351E-01  1.40580E+00 -1.93229E-01  3.96711E+00  8.68300E-01  8.68300E-01
b  14    1 14    4  99  5.22424E-01  6.65700E-01  3.66475E+00 -1.76263E+00  2.74744E+00  1.06480E-01  1.06480E-01
b  14    2 14    4  99  3.05707E-01  9.34328E-01  2.57996E+00 -3.19555E-01  4.15304E+00  1.14600E-01  1.14600E-01
b  14    3 14    4  99  2.13826E-01  4.80982E-01  1.71876E+00 -2.30460E-01  3.96891E+00  1.04300E+00  1.04300E+00
b  14    1 14    5  99  5.18508E-01  6.99630E-01  3.61382E+00 -1.72871E+00  2.73859E+00  5.98800E-02  5.98800E-02
b  14    2 14    5  99  3.28168E-01  1.23813E+00  2.58564E+00 -1.42778E+00  3.46193E+00  4.41900E-02  4.41900E-02
b  14    3 14    5  99  2.55509E-01  1.03551E+00  2.01388E+00 -2.23443E-01  4.13315E+00  1.60000E-01  1.60000E-01
b  14    4 14    5  99  2.00445E-01  5.37583E-01  1.55061E+00 -1.98762E-01  3.98089E+00  1.34800E+00  1.34800E+00
b  14    1 14    6  99  4.62038E-01  9.49351E-01  2.06644E+00 -6.40349E-01  1.99195E+00  3.74040E-02  3.74040E-02
b  14    2 14    6  99  3.40888E-01  1.41968E+00  2.66419E+00 -1.45171E+00  3.47804E+00  2.27400E-02  2.27400E-02
b  14    3 14    6  99  2.79015E-01  1.42102E+00  2.17527E+00 -1.49916E-01  4.25442E+00  5.80000E-02  5.80000E-02
b  14    4 14    6  99  2.36458E-01  1.08063E+00  1.78505E+00 -1.93436E-01  4.12229E+00  2.01800E-01  2.01800E-01
b  14    5 14    6  99  1.58595E-01  9.95742E-01  1.36841E+00  2.41786E+00  7.25450E+00  1.57900E+00  1.57900E+00
b  14    1 14    7  99  4.58810E-01  9.62513E-01  2.05239E+00 -6.16009E-01  2.01313E+00  2.50720E-02  2.50720E-02
b  14    2 14    7  99  3.48542E-01  1.53928E+00  2.73355E+00 -1.49507E+00  3.51281E+00  1.35800E-02  1.35800E-02
b  14    3 14    7  99  2.94066E-01  1.69239E+00  2.26156E+00 -1.68369E-01  4.25977E+00  2.88200E-02  2.88200E-02
b  14    4 14    7  99  2.55824E-01  1.51442E+00  1.89652E+00 -1.47575E-01  4.25346E+00  7.12100E-02  7.12100E-02
b  14    5 14    7  99  2.28800E-01  1.11400E+00  1.67775E+00 -1.65597E-01  4.11074E+00  2.34400E-01  2.34400E-01
b  14    6 14    7  99  1.05130E-01  1.48310E+00  9.09974E-01  2.77088E+00  9.92591E+00  1.79500E+00  1.79500E+00
b  14    1 14    8  99  4.56631E-01  9.69789E-01  2.04961E+00 -6.22076E-01  2.02164E+00  1.76800E-02  1.76800E-02
b  14    2 14    8  99  3.52536E-01  1.62937E+00  2.72729E+00 -1.47447E+00  3.49276E+00  8.89000E-03  8.89000E-03
b  14    3 14    8  99  3.04340E-01  1.89040E+00  2.33051E+00 -1.93175E-01  4.28530E+00  1.68700E-02  1.68700E-02
b  14    4 14    8  99  2.68378E-01  1.84526E+00  1.92508E+00 -1.47989E-01  4.22611E+00  3.47600E-02  3.47600E-02
b  14    5 14    8  99  2.48816E-01  1.58460E+00  1.75020E+00 -8.51710E-02  4.19542E+00  8.14200E-02  8.14200E-02
b  14    6 14    8  99  2.38781E-01  1.04166E+00  2.40973E+00  3.28485E+00  6.60516E+00  2.65200E-01  2.65200E-01
b  14    7 14    8  99  1.96975E-02  3.77408E-01  2.32693E-01  7.80841E-01  1.23564E+01  8.66700E+00  8.66700E+00
b  14    1 14    9  98  0.00000E+00  0.00000E+00  0.00000E+00  0.00000E+00  0.00000E+00  1.42194E-02  2.84389E-04
b  14    2 14    9  99  1.61901E-01  2.75042E-01  1.04000E+00 -4.68414E-01  2.68612E+00  1.10670E+00  1.10670E+00
b  14    1 14   10  98  0.00000E+00  0.00000E+00  0.00000E+00  0.00000E+00  0.00000E+00  1.96643E-02  3.93287E-04
b  14    2 14   10  99  2.21574E-01  3.61231E-01  1.46392E+00 -6.82354E-01  2.71532E+00  2.99160E-01  2.99160E-01
b  14    3 14   10  99  1.61901E-01  2.75042E-01  1.04000E+00 -4.68414E-01  2.68612E+00  1.14240E+00  1.14240E+00
b  14    9 14   10  99  1.71263E-01  3.45351E-01  1.40580E+00 -1.93229E-01  3.96711E+00  1.73660E+00  1.73660E+00
b  14    1 14   11  98  0.00000E+00  0.00000E+00  0.00000E+00  0.00000E+00  0.00000E+00  2.71682E-02  5.43364E-04
b  14    2 14   11  99  5.22424E-01  6.65700E-01  3.66475E+00 -1.76263E+00  2.74744E+00  7.98600E-02  7.98600E-02
b  14    4 14   11  99  1.61901E-01  2.75042E-01  1.04000E+00 -4.68414E-01  2.68612E+00  1.14240E+00  1.14240E+00
b  14    9 14   11  99  3.05707E-01  9.34328E-01  2.57996E+00 -3.19555E-01  4.15304E+00  2.29200E-01  2.29200E-01
b  14   10 14   11  99  2.13826E-01  4.80982E-01  1.71876E+00 -2.30460E-01  3.96891E+00  1.04300E+00  1.04300E+00
b  14    1 14   12  98  0.00000E+00  0.00000E+00  0.00000E+00  0.00000E+00  0.00000E+00  3.57893E-02  7.15786E-04
b  14    2 14   12  99  5.18508E-01  6.99630E-01  3.61382E+00 -1.72871E+00  2.73859E+00  4.49100E-02  4.49100E-02
b  14    5 14   12  99  1.61901E-01  2.75042E-01  1.04000E+00 -4.68414E-01  2.68612E+00  1.14240E+00  1.14240E+00
b  14    9 14   12  99  3.28168E-01  1.23813E+00  2.58564E+00 -1.42778E+00  3.46193E+00  8.83800E-02  8.83800E-02
b  14   10 14   12  99  2.55509E-01  1.03551E+00  2.01388E+00 -2.23443E-01  4.13315E+00  1.60000E-01  1.60000E-01
b  14   11 14   12  99  2.00445E-01  5.37583E-01  1.55061E+00 -1.98762E-01  3.98089E+00  1.34800E+00  1.34800E+00
b  14    1 14   13  98  0.00000E+00  0.00000E+00  0.00000E+00  0.00000E+00  0.00000E+00  4.56697E-02  9.13394E-04
b  14    2 14   13  99  4.62038E-01  9.49351E-01  2.06644E+00 -6.40349E-01  1.99195E+00  2.80530E-02  2.80530E-02
b  14    6 14   13  99  1.61901E-01  2.75042E-01  1.04000E+00 -4.68414E-01  2.68612E+00  1.14240E+00  1.14240E+00
b  14    9 14   13  99  3.40888E-01  1.41968E+00  2.66419E+00 -1.45171E+00  3.47804E+00  4.54800E-02  4.54800E-02
b  14   10 14   13  99  2.79015E-01  1.42102E+00  2.17527E+00 -1.49916E-01  4.25442E+00  5.80000E-02  5.80000E-02
b  14   11 14   13  99  2.36458E-01  1.08063E+00  1.78505E+00 -1.93436E-01  4.12229E+00  2.01800E-01  2.01800E-01
b  14   12 14   13  99  1.58595E-01  9.95742E-01  1.36841E+00  2.41786E+00  7.25450E+00  1.57900E+00  1.57900E+00
b  14    1 14   14  98  0.00000E+00  0.00000E+00  0.00000E+00  0.00000E+00  0.00000E+00  5.70552E-02  1.14110E-03
b  14    2 14   14  99  4.58810E-01  9.62513E-01  2.05239E+00 -6.16009E-01  2.01313E+00  1.88040E-02  1.88040E-02
b  14    7 14   14  99  1.61901E-01  2.75042E-01  1.04000E+00 -4.68414E-01  2.68612E+00  1.14240E+00  1.14240E+00
b  14    9 14   14  99  3.48542E-01  1.53928E+00  2.73355E+00 -1.49507E+00  3.51281E+00  2.71600E-02  2.71600E-02
b  14   10 14   14  99  2.94066E-01  1.69239E+00  2.26156E+00 -1.68369E-01  4.25977E+00  2.88200E-02  2.88200E-02
b  14   11 14   14  99  2.55824E-01  1.51442E+00  1.89652E+00 -1.47575E-01  4.25346E+00  7.12100E-02  7.12100E-02
b  14   12 14   14  99  2.28800E-01  1.11400E+00  1.67775E+00 -1.65597E-01  4.11074E+00  2.34400E-01  2.34400E-01
b  14   13 14   14  99  1.05130E-01  1.48310E+00  9.09974E-01  2.77088E+00  9.92591E+00  1.79500E+00  1.79500E+00
b  14    1 14   15  98  0.00000E+00  0.00000E+00  0.00000E+00  0.00000E+00  0.00000E+00  6.97386E-02  1.39477E-03
b  14    2 14   15  99  4.56631E-01  9.69789E-01  2.04961E+00 -6.22076E-01  2.02164E+00  1.32600E-02  1.32600E-02
b  14    8 14   15  99  1.61901E-01  2.75042E-01  1.04000E+00 -4.68414E-01  2.68612E+00  1.14240E+00  1.14240E+00
b  14    9 14   15  99  3.52536E-01  1.62937E+00  2.72729E+00 -1.47447E+00  3.49276E+00  1.77800E-02  1.77800E-02
b  14   10 14   15  99  3.04340E-01  1.89040E+00  2.33051E+00 -1.93175E-01  4.28530E+00  1.68700E-02  1.68700E-02
b  14   11 14   15  99  2.68378E-01  1.84526E+00  1.92508E+00 -1.47989E-01  4.22611E+00  3.47600E-02  3.47600E-02
b  14   12 14   15  99  2.48816E-01  1.58460E+00  1.75020E+00 -8.51710E-02  4.19542E+00  8.14200E-02  8.14200E-02
b  14   13 14   15  99  2.38781E-01  1.04166E+00  2.40973E+00  3.28485E+00  6.60516E+00  2.65200E-01  2.65200E-01
b  14   14 14   15  99  1.96975E-02  3.77408E-01  2.32693E-01  7.80841E-01  1.23564E+01  8.66700E+00  8.66700E+00
b  14    1 14   16  99  1.55987E-01  1.87955E+00 -3.67715E+01  2.88047E+02  2.00000E+01  5.21547E-01  5.21547E-01
b  14    1 14   17  99  1.10581E-01  1.29599E+00 -2.51859E+01  1.91528E+02  2.00000E+01  2.05760E-01  2.05760E-01
b  14    2 14   17  99  1.55987E-01  1.87955E+00 -3.67715E+01  2.88047E+02  2.00000E+01  5.58800E-01  5.58800E-01
b  14   16 14   17  99  1.61901E-01  2.75042E-01  1.04000E+00 -4.68414E-01  2.68612E+00  1.90400E+00  1.90400E+00
b  14    1 14   18  99  1.11953E-01  1.29365E+00 -2.53985E+01  1.94853E+02  2.00000E+01  9.32000E-02  9.32000E-02
b  14    3 14   18  99  1.55987E-01  1.87955E+00 -3.67715E+01  2.88047E+02  2.00000E+01  5.58800E-01  5.58800E-01
b  14   16 14   18  99  2.21574E-01  3.61231E-01  1.46392E+00 -6.82354E-01  2.71532E+00  4.98600E-01  4.98600E-01
b  14   17 14   18  99  1.71263E-01  3.45351E-01  1.40580E+00 -1.93229E-01  3.96711E+00  8.68300E-01  8.68300E-01
b  14    1 14   19  99  1.44516E-01  1.70011E+00 -3.47606E+01  2.67139E+02  2.00000E+01  4.25840E-02  4.25840E-02
b  14    4 14   19  99  1.55987E-01  1.87955E+00 -3.67715E+01  2.88047E+02  2.00000E+01  5.58800E-01  5.58800E-01
b  14   16 14   19  99  5.22424E-01  6.65700E-01  3.66475E+00 -1.76263E+00  2.74744E+00  1.33100E-01  1.33100E-01
b  14   17 14   19  99  3.05707E-01  9.34328E-01  2.57996E+00 -3.19555E-01  4.15304E+00  1.14600E-01  1.14600E-01
b  14   18 14   19  99  2.13826E-01  4.80982E-01  1.71876E+00 -2.30460E-01  3.96891E+00  1.04300E+00  1.04300E+00
b  14    1 14   20  99  1.43131E-01  1.66477E+00 -3.44580E+01  2.69331E+02  2.00000E+01  2.56480E-02  2.56480E-02
b  14    5 14   20  99  1.55987E-01  1.87955E+00 -3.67715E+01  2.88047E+02  2.00000E+01  5.58800E-01  5.58800E-01
b  14   16 14   20  99  5.18508E-01  6.99630E-01  3.61382E+00 -1.72871E+00  2.73859E+00  7.48500E-02  7.48500E-02
b  14   17 14   20  99  3.28168E-01  1.23813E+00  2.58564E+00 -1.42778E+00  3.46193E+00  4.41900E-02  4.41900E-02
b  14   18 14   20  99  2.55509E-01  1.03551E+00  2.01388E+00 -2.23443E-01  4.13315E+00  1.60000E-01  1.60000E-01
b  14   19 14   20  99  2.00445E-01  5.37583E-01  1.55061E+00 -1.98762E-01  3.98089E+00  1.34800E+00  1.34800E+00
b  14    1 14   21  99  1.42162E-01  1.64032E+00 -3.42342E+01  2.70503E+02  2.00000E+01  1.66560E-02  1.66560E-02
b  14    6 14   21  99  1.55987E-01  1.87955E+00 -3.67715E+01  2.88047E+02  2.00000E+01  5.58800E-01  5.58800E-01
b  14   16 14   21  99  4.62038E-01  9.49351E-01  2.06644E+00 -6.40349E-01  1.99195E+00  4.67550E-02  4.67550E-02
b  14   17 14   21  99  3.40888E-01  1.41968E+00  2.66419E+00 -1.45171E+00  3.47804E+00  2.27400E-02  2.27400E-02
b  14   18 14   21  99  2.79015E-01  1.42102E+00  2.17527E+00 -1.49916E-01  4.25442E+00  5.80000E-02  5.80000E-02
b  14   19 14   21  99  2.36458E-01  1.08063E+00  1.78505E+00 -1.93436E-01  4.12229E+00  2.01800E-01  2.01800E-01
b  14   20 14   21  99  1.58595E-01  9.95742E-01  1.36841E+00  2.41786E+00  7.25450E+00  1.57900E+00  1.57900E+00
b  14    1 14   22  99  1.39959E-01  1.62118E+00 -3.36596E+01  2.63345E+02  2.00000E+01  1.14320E-02  1.14320E-02
b  14    7 14   22  99  1.55987E-01  1.87955E+00 -3.67715E+01  2.88047E+02  2.00000E+01  5.58800E-01  5.58800E-01
b  14   16 14   22  99  4.58810E-01  9.62513E-01  2.05239E+00 -6.16009E-01  2.01313E+00  3.13400E-02  3.13400E-02
b  14   17 14   22  99  3.48542E-01  1.53928E+00  2.73355E+00 -1.49507E+00  3.51281E+00  1.35800E-02  1.35800E-02
b  14   18 14   22  99  2.94066E-01  1.69239E+00  2.26156E+00 -1.68369E-01  4.25977E+00  2.88200E-02  2.88200E-02
b  14   19 14   22  99  2.55824E-01  1.51442E+00  1.89652E+00 -1.47575E-01  4.25346E+00  7.12100E-02  7.12100E-02
b  14   20 14   22  99  2.28800E-01  1.11400E+00  1.67775E+00 -1.65597E-01  4.11074E+00  2.34400E-01  2.34400E-01
b  14   21 14   22  99  1.05130E-01  1.48310E+00  9.09974E-01  2.77088E+00  9.92591E+00  1.79500E+00  1.79500E+00
b  14    1 14   23  99  1.38749E-01  1.60684E+00 -3.33672E+01  2.60833E+02  2.00000E+01  8.17600E-03  8.17600E-03
b  14    8 14   23  99  1.55987E-01  1.87955E+00 -3.67715E+01  2.88047E+02  2.00000E+01  5.58800E-01  5.58800E-01
b  14   16 14   23  99  4.56631E-01  9.69789E-01  2.04961E+00 -6.22076E-01  2.02164E+00  2.21000E-02  2.21000E-02
b  14   17 14   23  99  3.52536E-01  1.62937E+00  2.72729E+00 -1.47447E+00  3.49276E+00  8.89000E-03  8.89000E-03
b  14   18 14   23  99  3.04340E-01  1.89040E+00  2.33051E+00 -1.93175E-01  4.28530E+00  1.68700E-02  1.68700E-02
b  14   19 14   23  99  2.68378E-01  1.84526E+00  1.92508E+00 -1.47989E-01  4.22611E+00  3.47600E-02  3.47600E-02
b  14   20 14   23  99  2.48816E-01  1.58460E+00  1.75020E+00 -8.51710E-02  4.19542E+00  8.14200E-02  8.14200E-02
b  14   21 14   23  99  2.38781E-01  1.04166E+00  2.40973E+00  3.28485E+00  6.60516E+00  2.65200E-01  2.65200E-01
b  14   22 14   23  99  1.96975E-02  3.77408E-01  2.32693E-01  7.80841E-01  1.23564E+01  8.66700E+00  8.66700E+00
b  14    1 14   24  99  4.13345E-01  1.54492E-01 -3.93825E+00  2.38894E+01  3.90877E+00  2.94000E-02  2.94000E-02
b  14   16 14   24  99  3.70753E-01  5.33750E-02 -3.33912E+00  2.16925E+01  3.92622E+00  6.17750E-02  6.17750E-02
b  14    1 14   25  99  4.03784E-01  1.70872E-01 -3.84395E+00  2.30061E+01  3.89228E+00  7.74200E-03  7.74200E-03
b  14    2 14   25  99  4.13345E-01  1.54492E-01 -3.93825E+00  2.38894E+01  3.90877E+00  3.15000E-02  3.15000E-02
b  14   17 14   25  99  3.70753E-01  5.33750E-02 -3.33912E+00  2.16925E+01  3.92622E+00  6.17750E-02  6.17750E-02
b  14   24 14   25  99  1.61901E-01  2.75042E-01  1.04000E+00 -4.68414E-01  2.68612E+00  1.90400E+00  1.90400E+00
b  14    1 14   26  99  4.12556E-01  1.75876E-01 -3.97301E+00  2.37004E+01  3.90160E+00  3.18200E-03  3.18200E-03
b  14    3 14   26  99  4.13345E-01  1.54492E-01 -3.93825E+00  2.38894E+01  3.90877E+00  3.15000E-02  3.15000E-02
b  14   18 14   26  99  3.70753E-01  5.33750E-02 -3.33912E+00  2.16925E+01  3.92622E+00  6.17750E-02  6.17750E-02
b  14   24 14   26  99  2.21574E-01  3.61231E-01  1.46392E+00 -6.82354E-01  2.71532E+00  4.98600E-01  4.98600E-01
b  14   25 14   26  99  1.71263E-01  3.45351E-01  1.40580E+00 -1.93229E-01  3.96711E+00  8.68300E-01  8.68300E-01
b  14    1 14   27  99  4.56943E-01  1.81974E-01 -4.41663E+00  2.62880E+01  3.89327E+00  1.51400E-03  1.51400E-03
b  14    4 14   27  99  4.13345E-01  1.54492E-01 -3.93825E+00  2.38894E+01  3.90877E+00  3.15000E-02  3.15000E-02
b  14   19 14   27  99  3.70753E-01  5.33750E-02 -3.33912E+00  2.16925E+01  3.92622E+00  6.17750E-02  6.17750E-02
b  14   24 14   27  99  5.22424E-01  6.65700E-01  3.66475E+00 -1.76263E+00  2.74744E+00  1.33100E-01  1.33100E-01
b  14   25 14   27  99  3.05707E-01  9.34328E-01  2.57996E+00 -3.19555E-01  4.15304E+00  1.14600E-01  1.14600E-01
b  14   26 14   27  99  2.13826E-01  4.80982E-01  1.71876E+00 -2.30460E-01  3.96891E+00  1.04300E+00  1.04300E+00
b  14    1 14   28  99  4.43901E-01  1.84898E-01 -4.45072E+00  2.63546E+01  3.93164E+00  8.79400E-04  8.79400E-04
b  14    5 14   28  99  4.13345E-01  1.54492E-01 -3.93825E+00  2.38894E+01  3.90877E+00  3.15000E-02  3.15000E-02
b  14   20 14   28  99  3.70753E-01  5.33750E-02 -3.33912E+00  2.16925E+01  3.92622E+00  6.17750E-02  6.17750E-02
b  14   24 14   28  99  5.18508E-01  6.99630E-01  3.61382E+00 -1.72871E+00  2.73859E+00  7.48500E-02  7.48500E-02
b  14   25 14   28  99  3.28168E-01  1.23813E+00  2.58564E+00 -1.42778E+00  3.46193E+00  4.41900E-02  4.41900E-02
b  14   26 14   28  99  2.55509E-01  1.03551E+00  2.01388E+00 -2.23443E-01  4.13315E+00  1.60000E-01  1.60000E-01
b  14   27 14   28  99  2.00445E-01  5.37583E-01  1.55061E+00 -1.98762E-01  3.98089E+00  1.34800E+00  1.34800E+00
b  14    1 14   29  99  4.37137E-01  1.75532E-01 -4.32032E+00  2.56950E+01  3.92026E+00  5.56000E-04  5.56000E-04
b  14    6 14   29  99  4.13345E-01  1.54492E-01 -3.93825E+00  2.38894E+01  3.90877E+00  3.15000E-02  3.15000E-02
b  14   21 14   29  99  3.70753E-01  5.33750E-02 -3.33912E+00  2.16925E+01  3.92622E+00  6.17750E-02  6.17750E-02
b  14   24 14   29  99  4.62038E-01  9.49351E-01  2.06644E+00 -6.40349E-01  1.99195E+00  4.67550E-02  4.67550E-02
b  14   25 14   29  99  3.40888E-01  1.41968E+00  2.66419E+00 -1.45171E+00  3.47804E+00  2.27400E-02  2.27400E-02
b  14   26 14   29  99  2.79015E-01  1.42102E+00  2.17527E+00 -1.49916E-01  4.25442E+00  5.80000E-02  5.80000E-02
b  14   27 14   29  99  2.36458E-01  1.08063E+00  1.78505E+00 -1.93436E-01  4.12229E+00  2.01800E-01  2.01800E-01
b  14   28 14   29  99  1.58595E-01  9.95742E-01  1.36841E+00  2.41786E+00  7.25450E+00  1.57900E+00  1.57900E+00
b  14    1 14   30  99  4.31695E-01  1.70203E-01 -4.22365E+00  2.51790E+01  3.91259E+00  3.73800E-04  3.73800E-04
b  14    7 14   30  99  4.13345E-01  1.54492E-01 -3.93825E+00  2.38894E+01  3.90877E+00  3.15000E-02  3.15000E-02
b  14   22 14   30  99  3.70753E-01  5.33750E-02 -3.33912E+00  2.16925E+01  3.92622E+00  6.17750E-02  6.17750E-02
b  14   24 14   30  99  4.58810E-01  9.62513E-01  2.05239E+00 -6.16009E-01  2.01313E+00  3.13400E-02  3.13400E-02
b  14   25 14   30  99  3.48542E-01  1.53928E+00  2.73355E+00 -1.49507E+00  3.51281E+00  1.35800E-02  1.35800E-02
b  14   26 14   30  99  2.94066E-01  1.69239E+00  2.26156E+00 -1.68369E-01  4.25977E+00  2.88200E-02  2.88200E-02
b  14   27 14   30  99  2.55824E-01  1.51442E+00  1.89652E+00 -1.47575E-01  4.25346E+00  7.12100E-02  7.12100E-02
b  14   28 14   30  99  2.28800E-01  1.11400E+00  1.67775E+00 -1.65597E-01  4.11074E+00  2.34400E-01  2.34400E-01
b  14   29 14   30  99  1.05130E-01  1.48310E+00  9.09974E-01  2.77088E+00  9.92591E+00  1.79500E+00  1.79500E+00
b  14    1 14   31  99  4.26140E-01  1.74108E-01 -4.22536E+00  2.50399E+01  3.91828E+00  2.63000E-04  2.63000E-04
b  14    8 14   31  99  4.13345E-01  1.54492E-01 -3.93825E+00  2.38894E+01  3.90877E+00  3.15000E-02  3.15000E-02
b  14   23 14   31  99  3.70753E-01  5.33750E-02 -3.33912E+00  2.16925E+01  3.92622E+00  6.17750E-02  6.17750E-02
b  14   24 14   31  99  4.56631E-01  9.69789E-01  2.04961E+00 -6.22076E-01  2.02164E+00  2.21000E-02  2.21000E-02
b  14   25 14   31  99  3.52536E-01  1.62937E+00  2.72729E+00 -1.47447E+00  3.49276E+00  8.89000E-03  8.89000E-03
b  14   26 14   31  99  3.04340E-01  1.89040E+00  2.33051E+00 -1.93175E-01  4.28530E+00  1.68700E-02  1.68700E-02
b  14   27 14   31  99  2.68378E-01  1.84526E+00  1.92508E+00 -1.47989E-01  4.22611E+00  3.47600E-02  3.47600E-02
b  14   28 14   31  99  2.48816E-01  1.58460E+00  1.75020E+00 -8.51710E-02  4.19542E+00  8.14200E-02  8.14200E-02
b  14   29 14   31  99  2.38781E-01  1.04166E+00  2.40973E+00  3.28485E+00  6.60516E+00  2.65200E-01  2.65200E-01
b  14   30 14   31  99  1.96975E-02  3.77408E-01  2.32693E-01  7.80841E-01  1.23564E+01  8.66700E+00  8.66700E+00
f  14    1 13    1  99  4.00000E+00  5.78000E+00
p  14    1 13    1  98  5.09370E-01 -1.66680E+00 -1.44570E-01 -3.73450E-04  4.00000E+00  4.69400E+01  4.88000E+01  9.39000E+02
f  14    2 13    1  99  1.00000E+00  3.48510E+00
p  14    2 13    1  99  1.00000E+00  3.48510E+00
f  14    3 13    1  99  1.00000E+00  3.08400E+00
p  14    3 13    1  99  1.00000E+00  3.08400E+00
f  14    4 13    1  99  1.00000E+00  3.15600E+00
p  14    4 13    1  99  1.00000E+00  3.15600E+00
f  14    5 13    1  99  1.00000E+00  3.12400E+00
p  14    5 13    1  99  1.00000E+00  3.12400E+00
f  14    6 13    1  99  1.00000E+00  3.03820E+00
p  14    6 13    1  99  1.00000E+00  3.03820E+00
f  14    7 13    1  99  1.00000E+00  3.03220E+00
p  14    7 13    1  99  1.00000E+00  3.03220E+00
f  14    8 13    1  99  1.00000E+00  3.00130E+00
p  14    8 13    1  99  1.00000E+00  3.00130E+00
f  14    2 13    2  99  3.00000E+00  3.48510E+00
p  14    2 13    2  98  5.09370E-01 -1.66680E+00 -1.44570E-01 -3.73450E-04  4.00000E+00  4.69400E+01  4.88000E+01  9.39000E+02
f  14    9 13    2  99  2.00000E+00  4.04560E+00
p  14    9 13    2  99  2.00000E+00  4.04560E+00
f  14   10 13    2  99  1.00000E+00  3.14360E+00
p  14   10 13    2  99  1.00000E+00  3.14360E+00
f  14   11 13    2  99  1.00000E+00  3.17800E+00
p  14   11 13    2  99  1.00000E+00  3.17800E+00
f  14   12 13    2  99  1.00000E+00  3.13500E+00
p  14   12 13    2  99  1.00000E+00  3.13500E+00
f  14   13 13    2  99  1.00000E+00  3.04520E+00
p  14   13 13    2  99  1.00000E+00  3.04520E+00
f  14   14 13    2  99  1.00000E+00  3.03820E+00
p  14   14 13    2  99  1.00000E+00  3.03820E+00
f  14   15 13    2  99  1.00000E+00  3.01120E+00
p  14   15 13    2  99  1.00000E+00  3.01120E+00
f  14    3 13    3  99  3.00000E+00  3.08400E+00
p  14    3 13    3  98  5.09370E-01 -1.66680E+00 -1.44570E-01 -3.73450E-04  4.00000E+00  4.69400E+01  4.88000E+01  9.39000E+02
f  14   10 13    3  99  1.00000E+00  3.14360E+00
p  14   10 13    3  99  1.00000E+00  3.14360E+00
f  14    4 13    4  99  3.00000E+00  3.15600E+00
p  14    4 13    4  98  5.09370E-01 -1.66680E+00 -1.44570E-01 -3.73450E-04  4.00000E+00  4.69400E+01  4.88000E+01  9.39000E+02
f  14   11 13    4  99  1.00000E+00  3.17800E+00
p  14   11 13    4  99  1.00000E+00  3.17800E+00
f  14    5 13    5  99  3.00000E+00  3.12400E+00
p  14    5 13    5  98  5.09370E-01 -1.66680E+00 -1.44570E-01 -3.73450E-04  4.00000E+00  4.69400E+01  4.88000E+01  9.39000E+02
f  14   12 13    5  99  1.00000E+00  3.13500E+00
p  14   12 13    5  99  1.00000E+00  3.13500E+00
f  14    6 13    6  99  3.00000E+00  3.03820E+00
p  14    6 13    6  98  5.09370E-01 -1.66680E+00 -1.44570E-01 -3.73450E-04  4.00000E+00  4.69400E+01  4.88000E+01  9.39000E+02
f  14   13 13    6  99  1.00000E+00  3.04520E+00
p  14   13 13    6  99  1.00000E+00  3.04520E+00
f  14    7 13    7  99  3.00000E+00  3.03220E+00
p  14    7 13    7  98  5.09370E-01 -1.66680E+00 -1.44570E-01 -3.73450E-04  4.00000E+00  4.69400E+01  4.88000E+01  9.39000E+02
f  14   14 13    7  99  1.00000E+00  3.03820E+00
p  14   14 13    7  99  1.00000E+00  3.03820E+00
f  14    8 13    8  99  3.00000E+00  3.00130E+00
p  14    8 13    8  98  5.09370E-01 -1.66680E+00 -1.44570E-01 -3.73450E-04  4.00000E+00  4.69400E+01  4.88000E+01  9.39000E+02
f  14   15 13    8  99  1.00000E+00  3.01120E+00
p  14   15 13    8  99  1.00000E+00  3.01120E+00
f  14    9 13    9  99  2.00000E+00  4.04560E+00
p  14    9 13    9  98  5.09370E-01 -1.66680E+00 -1.44570E-01 -3.73450E-04  4.00000E+00  4.69400E+01  4.88000E+01  9.39000E+02
f  14   10 13   10  99  2.00000E+00  3.14360E+00
p  14   10 13   10  98  5.09370E-01 -1.66680E+00 -1.44570E-01 -3.73450E-04  4.00000E+00  4.69400E+01  4.88000E+01  9.39000E+02
f  14   11 13   11  99  2.00000E+00  3.17800E+00
p  14   11 13   11  98  5.09370E-01 -1.66680E+00 -1.44570E-01 -3.73450E-04  4.00000E+00  4.69400E+01  4.88000E+01  9.39000E+02
f  14   12 13   12  99  2.00000E+00  3.13500E+00
p  14   12 13   12  98  5.09370E-01 -1.66680E+00 -1.44570E-01 -3.73450E-04  4.00000E+00  4.69400E+01  4.88000E+01  9.39000E+02
f  14   13 13   13  99  2.00000E+00  3.04520E+00
p  14   13 13   13  98  5.09370E-01 -1.66680E+00 -1.44570E-01 -3.73450E-04  4.00000E+00  4.69400E+01  4.88000E+01  9.39000E+02
f  14   14 13   14  99  2.00000E+00  3.03820E+00
p  14   14 13   14  98  5.09370E-01 -1.66680E+00 -1.44570E-01 -3.73450E-04  4.00000E+00  4.69400E+01  4.88000E+01  9.39000E+02
f  14   15 13   15  99  2.00000E+00  3.01120E+00
p  14   15 13   15  98  5.09370E-01 -1.66680E+00 -1.44570E-01 -3.73450E-04  4.00000E+00  4.69400E+01  4.88000E+01  9.39000E+02
f  14    1 13   16  99  8.00000E+00  5.78000E+00
p  14    1 13   16  98  1.98960E+00 -2.10010E+00 -2.50830E-01  2.93950E-02  8.00000E+00  2.60600E+02  2.71000E+02  5.21200E+03
f  14   16 13   16  99  5.00000E+00  6.34400E+00
p  14   16 13   16  98  5.09370E-01 -1.66680E+00 -1.44570E-01 -3.73450E-04  4.00000E+00  4.69400E+01  4.88000E+01  9.39000E+02
f  14   17 13   16  99  1.00000E+00  3.54180E+00
p  14   17 13   16  99  1.00000E+00  3.54180E+00
f  14   18 13   16  99  1.00000E+00  3.10230E+00
p  14   18 13   16  99  1.00000E+00  3.10230E+00
f  14   19 13   16  99  1.00000E+00  3.16200E+00
p  14   19 13   16  99  1.00000E+00  3.16200E+00
f  14   20 13   16  99  1.00000E+00  3.12800E+00
p  14   20 13   16  99  1.00000E+00  3.12800E+00
f  14   21 13   16  99  1.00000E+00  3.04720E+00
p  14   21 13   16  99  1.00000E+00  3.04720E+00
f  14   22 13   16  99  1.00000E+00  3.03920E+00
p  14   22 13   16  99  1.00000E+00  3.03920E+00
f  14   23 13   16  99  1.00000E+00  3.00130E+00
p  14   23 13   16  99  1.00000E+00  3.00130E+00
f  14    2 13   17  99  8.00000E+00  3.48510E+00
p  14    2 13   17  98  1.98960E+00 -2.10010E+00 -2.50830E-01  2.93950E-02  8.00000E+00  2.60600E+02  2.71000E+02  5.21200E+03
f  14   17 13   17  99  4.00000E+00  3.54180E+00
p  14   17 13   17  98  5.09370E-01 -1.66680E+00 -1.44570E-01 -3.73450E-04  4.00000E+00  4.69400E+01  4.88000E+01  9.39000E+02
f  14    3 13   18  99  8.00000E+00  3.08400E+00
p  14    3 13   18  98  1.98960E+00 -2.10010E+00 -2.50830E-01  2.93950E-02  8.00000E+00  2.60600E+02  2.71000E+02  5.21200E+03
f  14   18 13   18  99  4.00000E+00  3.10230E+00
p  14   18 13   18  98  5.09370E-01 -1.66680E+00 -1.44570E-01 -3.73450E-04  4.00000E+00  4.69400E+01  4.88000E+01  9.39000E+02
f  14    4 13   19  99  8.00000E+00  3.15600E+00
p  14    4 13   19  98  1.98960E+00 -2.10010E+00 -2.50830E-01  2.93950E-02  8.00000E+00  2.60600E+02  2.71000E+02  5.21200E+03
f  14   19 13   19  99  4.00000E+00  3.16200E+00
p  14   19 13   19  98  5.09370E-01 -1.66680E+00 -1.44570E-01 -3.73450E-04  4.00000E+00  4.69400E+01  4.88000E+01  9.39000E+02
f  14    5 13   20  99  8.00000E+00  3.12400E+00
p  14    5 13   20  98  1.98960E+00 -2.10010E+00 -2.50830E-01  2.93950E-02  8.00000E+00  2.60600E+02  2.71000E+02  5.21200E+03
f  14   20 13   20  99  4.00000E+00  3.12800E+00
p  14   20 13   20  98  5.09370E-01 -1.66680E+00 -1.44570E-01 -3.73450E-04  4.00000E+00  4.69400E+01  4.88000E+01  9.39000E+02
f  14    6 13   21  99  8.00000E+00  3.03820E+00
p  14    6 13   21  98  1.98960E+00 -2.10010E+00 -2.50830E-01  2.93950E-02  8.00000E+00  2.60600E+02  2.71000E+02  5.21200E+03
f  14   21 13   21  99  4.00000E+00  3.04720E+00
p  14   21 13   21  98  5.09370E-01 -1.66680E+00 -1.44570E-01 -3.73450E-04  4.00000E+00  4.69400E+01  4.88000E+01  9.39000E+02
f  14    7 13   22  99  8.00000E+00  3.03220E+00
p  14    7 13   22  98  1.98960E+00 -2.10010E+00 -2.50830E-01  2.93950E-02  8.00000E+00  2.60600E+02  2.71000E+02  5.21200E+03
f  14   22 13   22  99  4.00000E+00  3.03920E+00
p  14   22 13   22  98  5.09370E-01 -1.66680E+00 -1.44570E-01 -3.73450E-04  4.00000E+00  4.69400E+01  4.88000E+01  9.39000E+02
f  14    8 13   23  99  8.00000E+00  3.00130E+00
p  14    8 13   23  98  1.98960E+00 -2.10010E+00 -2.50830E-01  2.93950E-02  8.00000E+00  2.60600E+02  2.71000E+02  5.21200E+03
f  14   23 13   23  99  4.00000E+00  3.00130E+00
p  14   23 13   23  98  5.09370E-01 -1.66680E+00 -1.44570E-01 -3.73450E-04  4.00000E+00  4.69400E+01  4.88000E+01  9.39000E+02
f  14    1 13   24  99  2.00000E+00  5.78000E+00
p  14    1 13   24  98  2.23720E+00 -2.46350E+00 -1.92140E-01  1.73610E-02  2.00000E+00  2.49400E+03  2.59400E+03  4.98800E+04
f  14   24 13   24  99  5.00000E+00  6.42400E+00
p  14   24 13   24  98  5.09370E-01 -1.66680E+00 -1.44570E-01 -3.73450E-04  4.00000E+00  4.69400E+01  4.88000E+01  9.39000E+02
f  14   25 13   24  99  1.00000E+00  3.56500E+00
p  14   25 13   24  99  1.00000E+00  3.56500E+00
f  14   26 13   24  99  1.00000E+00  3.10140E+00
p  14   26 13   24  99  1.00000E+00  3.10140E+00
f  14   27 13   24  99  1.00000E+00  3.17100E+00
p  14   27 13   24  99  1.00000E+00  3.17100E+00
f  14   28 13   24  99  1.00000E+00  3.13700E+00
p  14   28 13   24  99  1.00000E+00  3.13700E+00
f  14   29 13   24  99  1.00000E+00  3.04810E+00
p  14   29 13   24  99  1.00000E+00  3.04810E+00
f  14   30 13   24  99  1.00000E+00  3.04010E+00
p  14   30 13   24  99  1.00000E+00  3.04010E+00
f  14   31 13   24  99  1.00000E+00  3.00130E+00
p  14   31 13   24  99  1.00000E+00  3.00130E+00
f  14    2 13   25  99  2.00000E+00  3.48510E+00
p  14    2 13   25  98  2.23720E+00 -2.46350E+00 -1.92140E-01  1.73610E-02  2.00000E+00  2.49400E+03  2.59400E+03  4.98800E+04
f  14   25 13   25  99  4.00000E+00  3.56500E+00
p  14   25 13   25  98  5.09370E-01 -1.66680E+00 -1.44570E-01 -3.73450E-04  4.00000E+00  4.69400E+01  4.88000E+01  9.39000E+02
f  14    3 13   26  99  2.00000E+00  3.08400E+00
p  14    3 13   26  98  2.23720E+00 -2.46350E+00 -1.92140E-01  1.73610E-02  2.00000E+00  2.49400E+03  2.59400E+03  4.98800E+04
f  14   26 13   26  99  4.00000E+00  3.10140E+00
p  14   26 13   26  98  5.09370E-01 -1.66680E+00 -1.44570E-01 -3.73450E-04  4.00000E+00  4.69400E+01  4.88000E+01  9.39000E+02
f  14    4 13   27  99  2.00000E+00  3.15600E+00
p  14    4 13   27  98  2.23720E+00 -2.46350E+00 -1.92140E-01  1.73610E-02  2.00000E+00  2.49400E+03  2.59400E+03  4.98800E+04
f  14   27 13   27  99  4.00000E+00  3.17100E+00
p  14   27 13   27  98  5.09370E-01 -1.66680E+00 -1.44570E-01 -3.73450E-04  4.00000E+00  4.69400E+01  4.88000E+01  9.39000E+02
f  14    5 13   28  99  2.00000E+00  3.12400E+00
p  14    5 13   28  98  2.23720E+00 -2.46350E+00 -1.92140E-01  1.73610E-02  2.00000E+00  2.49400E+03  2.59400E+03  4.98800E+04
f  14   28 13   28  99  4.00000E+00  3.13700E+00
p  14   28 13   28  98  5.09370E-01 -1.66680E+00 -1.44570E-01 -3.73450E-04  4.00000E+00  4.69400E+01  4.88000E+01  9.39000E+02
f  14    6 13   29  99  2.00000E+00  3.03820E+00
p  14    6 13   29  98  2.23720E+00 -2.46350E+00 -1.92140E-01  1.73610E-02  2.00000E+00  2.49400E+03  2.59400E+03  4.98800E+04
f  14   29 13   29  99  4.00000E+00  3.04810E+00
p  14   29 13   29  98  5.09370E-01 -1.66680E+00 -1.44570E-01 -3.73450E-04  4.00000E+00  4.69400E+01  4.88000E+01  9.39000E+02
f  14    7 13   30  99  2.00000E+00  3.03220E+00
p  14    7 13   30  98  2.23720E+00 -2.46350E+00 -1.92140E-01  1.73610E-02  2.00000E+00  2.49400E+03  2.59400E+03  4.98800E+04
f  14   30 13   30  99  4.00000E+00  3.04010E+00
p  14   30 13   30  98  5.09370E-01 -1.66680E+00 -1.44570E-01 -3.73450E-04  4.00000E+00  4.69400E+01  4.88000E+01  9.39000E+02
f  14    8 13   31  99  2.00000E+00  3.00130E+00
p  14    8 13   31  98  2.23720E+00 -2.46350E+00 -1.92140E-01  1.73610E-02  2.00000E+00  2.49400E+03  2.59400E+03  4.98800E+04
f  14   31 13   31  99  4.00000E+00  3.00130E+00
p  14   31 13   31  98  5.09370E-01 -1.66680E+00 -1.44570E-01 -3.73450E-04  4.00000E+00  4.69400E+01  4.88000E+01  9.39000E+02
a  14    9 13    1   6.04444E+13
a  14   10 13    1   3.60622E+13
a  14   11 13    1   1.50133E+13
a  14   12 13    1   6.94622E+12
a  14   13 13    1   3.56267E+12
a  14   14 13    1   1.97702E+12
a  14   15 13    1   1.16742E+12
a  14   16 13    1   2.90182E+13
a  14   17 13    1   1.27148E+12
a  14   18 13    1   3.39990E+11
a  14   19 13    1   1.22883E+11
a  14   20 13    1   5.68530E+10
a  14   21 13    1   2.91600E+10
a  14   22 13    1   1.61820E+10
a  14   23 13    1   9.55530E+09
a  14   24 13    1   3.81010E+11
a  14   25 13    1   1.47498E+10
a  14   26 13    1   3.79580E+09
a  14   27 13    1   1.33086E+09
a  14   28 13    1   6.15740E+08
a  14   29 13    1   3.15820E+08
a  14   30 13    1   1.75256E+08
a  14   31 13    1   1.03488E+08
a  14   17 13    2   1.74110E+13
a  14   25 13    2   2.28606E+11
a  14   18 13    3   1.74110E+13
a  14   26 13    3   2.28606E+11
a  14   19 13    4   1.74110E+13
a  14   27 13    4   2.28606E+11
a  14   20 13    5   1.74110E+13
a  14   28 13    5   2.28606E+11
a  14   21 13    6   1.74110E+13
a  14   29 13    6   2.28606E+11
a  14   22 13    7   1.74110E+13
a  14   30 13    7   2.28606E+11
a  14   23 13    8   1.74110E+13
a  14   31 13    8   2.28606E+11
a  14   24 13   16   3.43700E+13
a  14   25 13   16   7.01240E+11
a  14   26 13   16   1.80564E+11
a  14   27 13   16   6.33720E+10
a  14   28 13   16   2.93192E+10
a  14   29 13   16   1.50380E+10
a  14   30 13   16   8.34520E+09
a  14   31 13   16   4.92760E+09
a  14   25 13   17   2.74960E+13
a  14   26 13   18   2.74960E+13
a  14   27 13   19   2.74960E+13
a  14   28 13   20   2.74960E+13
a  14   29 13   21   2.74960E+13
a  14   30 13   22   2.74960E+13
a  14   31 13   23   2.74960E+13
b  15    1 15    2  99  7.64914E-02  1.76756E-01  5.92832E-01 -3.17299E-01  3.31775E+00  2.10900E+00  2.10900E+00
b  15    1 15    3  99  1.27273E-01  2.51865E-01  9.99875E-01 -5.33598E-01  3.29292E+00  4.87200E-01  4.87200E-01
b  15    2 15    3  99  1.56252E-01  4.19776E-01  1.18088E+00 -1.69590E-01  3.93255E+00  9.40300E-01  9.40300E-01
b  15    1 15    4  99  5.12589E-01  8.37978E-01  3.25220E+00 -1.45539E+00  2.64409E+00  9.53500E-02  9.53500E-02
b  15    2 15    4  99  2.83511E-01  1.26800E+00  2.10583E+00 -2.19385E-01  4.09825E+00  9.73800E-02  9.73800E-02
b  15    3 15    4  99  1.81118E-01  8.26816E-01  1.18390E+00 -1.00282E-01  3.98944E+00  1.08600E+00  1.08600E+00
b  15    1 15    5  99  5.30175E-01  8.50556E-01  3.40748E+00 -1.55513E+00  2.66217E+00  5.47500E-02  5.47500E-02
b  15    2 15    5  99  3.12748E-01  1.69767E+00  2.28809E+00 -1.88410E-01  4.17116E+00  3.51100E-02  3.51100E-02
b  15    3 15    5  99  2.44010E-01  1.23297E+00  1.75024E+00 -1.55164E-01  4.11009E+00  1.49800E-01  1.49800E-01
b  15    4 15    5  99  1.09324E-01  1.50086E+00  9.44967E-01  2.59237E+00  9.19532E+00  1.40100E+00  1.40100E+00
b  15    1 15    6  99  5.39198E-01  8.61018E-01  3.47166E+00 -1.56090E+00  2.66891E+00  3.46400E-02  3.46400E-02
b  15    2 15    6  99  3.30363E-01  1.97458E+00  2.42990E+00 -1.24185E-01  4.27138E+00  1.74500E-02  1.74500E-02
b  15    3 15    6  99  2.69100E-01  1.70275E+00  1.87430E+00 -1.47789E-01  4.18267E+00  5.20800E-02  5.20800E-02
b  15    4 15    6  99  2.25103E-01  1.23459E+00  1.58364E+00 -1.59146E-01  4.13348E+00  1.96400E-01  1.96400E-01
b  15    5 15    6  99  7.03168E-02  1.82362E+00  7.77913E-01  2.54838E+00  1.17311E+01  1.63100E+00  1.63100E+00
b  15    1 15    7  99  5.44090E-01  8.69155E-01  3.50268E+00 -1.59078E+00  2.66296E+00  2.34100E-02  2.34100E-02
b  15    2 15    7  99  3.40996E-01  2.16209E+00  2.48475E+00 -1.34297E-01  4.25688E+00  1.02200E-02  1.02200E-02
b  15    3 15    7  99  2.86802E-01  2.05362E+00  1.96539E+00 -1.65021E-01  4.19640E+00  2.51500E-02  2.51500E-02
b  15    4 15    7  99  2.46193E-01  1.69275E+00  1.66077E+00 -1.29358E-01  4.16903E+00  6.76800E-02  6.76800E-02
b  15    5 15    7  99  1.51127E-01  2.01421E+00  9.88062E-01  1.65513E+00  6.93726E+00  2.31700E-01  2.31700E-01
b  15    6 15    7  99  9.91201E-02  1.38511E+00  8.37943E-01  1.99731E+00  8.89886E+00  1.84400E+00  1.84400E+00
b  15    1 15    8  99  5.49003E-01  8.80547E-01  3.51099E+00 -1.60650E+00  2.63800E+00  1.65950E-02  1.65950E-02
b  15    2 15    8  99  3.49503E-01  2.30194E+00  2.53306E+00 -1.84764E-01  4.25364E+00  6.61300E-03  6.61300E-03
b  15    3 15    8  99  2.99823E-01  2.32661E+00  2.01231E+00 -1.16757E-01  4.21138E+00  1.44400E-02  1.44400E-02
b  15    4 15    8  99  2.59879E-01  2.07042E+00  1.70878E+00 -1.07742E-01  4.22101E+00  3.24400E-02  3.24400E-02
b  15    5 15    8  99  2.56169E-01  1.60232E+00  2.42004E+00  3.61576E+00  6.78917E+00  7.94600E-02  7.94600E-02
b  15    6 15    8  99 -6.51547E-01  9.41118E+00  5.28697E+01  3.53501E+01  3.23251E+00  2.64000E-01  2.64000E-01
b  15    7 15    8  99 -1.09792E-01  1.73471E+00  7.89294E+01  2.37216E+01  1.56254E+00  6.67900E+00  6.67900E+00
b  15    1 15    9  98  0.00000E+00  0.00000E+00  0.00000E+00  0.00000E+00  0.00000E+00  3.06759E-02  6.13519E-04
b  15    2 15    9  99  7.64914E-02  1.76756E-01  5.92832E-01 -3.17299E-01  3.31775E+00  1.63448E+00  1.63448E+00
b  15    1 15   10  98  0.00000E+00  0.00000E+00  0.00000E+00  0.00000E+00  0.00000E+00  4.36059E-02  8.72118E-04
b  15    2 15   10  99  1.27273E-01  2.51865E-01  9.99875E-01 -5.33598E-01  3.29292E+00  3.89760E-01  3.89760E-01
b  15    3 15   10  99  7.64914E-02  1.76756E-01  5.92832E-01 -3.17299E-01  3.31775E+00  1.68720E+00  1.68720E+00
b  15    9 15   10  99  1.56252E-01  4.19776E-01  1.18088E+00 -1.69590E-01  3.93255E+00  1.88060E+00  1.88060E+00
b  15    1 15   11  98  0.00000E+00  0.00000E+00  0.00000E+00  0.00000E+00  0.00000E+00  6.13375E-02  1.22675E-03
b  15    2 15   11  99  5.12589E-01  8.37978E-01  3.25220E+00 -1.45539E+00  2.64409E+00  7.62800E-02  7.62800E-02
b  15    4 15   11  99  7.64914E-02  1.76756E-01  5.92832E-01 -3.17299E-01  3.31775E+00  1.68720E+00  1.68720E+00
b  15    9 15   11  99  2.83511E-01  1.26800E+00  2.10583E+00 -2.19385E-01  4.09825E+00  1.94760E-01  1.94760E-01
b  15   10 15   11  99  1.81118E-01  8.26816E-01  1.18390E+00 -1.00282E-01  3.98944E+00  1.08600E+00  1.08600E+00
b  15    1 15   12  98  0.00000E+00  0.00000E+00  0.00000E+00  0.00000E+00  0.00000E+00  8.17156E-02  1.63431E-03
b  15    2 15   12  99  5.30175E-01  8.50556E-01  3.40748E+00 -1.55513E+00  2.66217E+00  4.38000E-02  4.38000E-02
b  15    5 15   12  99  7.64914E-02  1.76756E-01  5.92832E-01 -3.17299E-01  3.31775E+00  1.68720E+00  1.68720E+00
b  15    9 15   12  99  3.12748E-01  1.69767E+00  2.28809E+00 -1.88410E-01  4.17116E+00  7.02200E-02  7.02200E-02
b  15   10 15   12  99  2.44010E-01  1.23297E+00  1.75024E+00 -1.55164E-01  4.11009E+00  1.49800E-01  1.49800E-01
b  15   11 15   12  99  1.09324E-01  1.50086E+00  9.44967E-01  2.59237E+00  9.19532E+00  1.40100E+00  1.40100E+00
b  15    1 15   13  98  0.00000E+00  0.00000E+00  0.00000E+00  0.00000E+00  0.00000E+00  1.05049E-01  2.10099E-03
b  15    2 15   13  99  5.39198E-01  8.61018E-01  3.47166E+00 -1.56090E+00  2.66891E+00  2.77120E-02  2.77120E-02
b  15    6 15   13  99  7.64914E-02  1.76756E-01  5.92832E-01 -3.17299E-01  3.31775E+00  1.68720E+00  1.68720E+00
b  15    9 15   13  99  3.30363E-01  1.97458E+00  2.42990E+00 -1.24185E-01  4.27138E+00  3.49000E-02  3.49000E-02
b  15   10 15   13  99  2.69100E-01  1.70275E+00  1.87430E+00 -1.47789E-01  4.18267E+00  5.20800E-02  5.20800E-02
b  15   11 15   13  99  2.25103E-01  1.23459E+00  1.58364E+00 -1.59146E-01  4.13348E+00  1.96400E-01  1.96400E-01
b  15   12 15   13  99  7.03168E-02  1.82362E+00  7.77913E-01  2.54838E+00  1.17311E+01  1.63100E+00  1.63100E+00
b  15    1 15   14  98  0.00000E+00  0.00000E+00  0.00000E+00  0.00000E+00  0.00000E+00  1.31879E-01  2.63757E-03
b  15    2 15   14  99  5.44090E-01  8.69155E-01  3.50268E+00 -1.59078E+00  2.66296E+00  1.87280E-02  1.87280E-02
b  15    7 15   14  99  7.64914E-02  1.76756E-01  5.92832E-01 -3.17299E-01  3.31775E+00  1.68720E+00  1.68720E+00
b  15    9 15   14  99  3.40996E-01  2.16209E+00  2.48475E+00 -1.34297E-01  4.25688E+00  2.04400E-02  2.04400E-02
b  15   10 15   14  99  2.86802E-01  2.05362E+00  1.96539E+00 -1.65021E-01  4.19640E+00  2.51500E-02  2.51500E-02
b  15   11 15   14  99  2.46193E-01  1.69275E+00  1.66077E+00 -1.29358E-01  4.16903E+00  6.76800E-02  6.76800E-02
b  15   12 15   14  99  1.51127E-01  2.01421E+00  9.88062E-01  1.65513E+00  6.93726E+00  2.31700E-01  2.31700E-01
b  15   13 15   14  99  9.91201E-02  1.38511E+00  8.37943E-01  1.99731E+00  8.89886E+00  1.84400E+00  1.84400E+00
b  15    1 15   15  98  0.00000E+00  0.00000E+00  0.00000E+00  0.00000E+00  0.00000E+00  1.61745E-01  3.23490E-03
b  15    2 15   15  99  5.49003E-01  8.80547E-01  3.51099E+00 -1.60650E+00  2.63800E+00  1.32760E-02  1.32760E-02
b  15    8 15   15  99  7.64914E-02  1.76756E-01  5.92832E-01 -3.17299E-01  3.31775E+00  1.68720E+00  1.68720E+00
b  15    9 15   15  99  3.49503E-01  2.30194E+00  2.53306E+00 -1.84764E-01  4.25364E+00  1.32260E-02  1.32260E-02
b  15   10 15   15  99  2.99823E-01  2.32661E+00  2.01231E+00 -1.16757E-01  4.21138E+00  1.44400E-02  1.44400E-02
b  15   11 15   15  99  2.59879E-01  2.07042E+00  1.70878E+00 -1.07742E-01  4.22101E+00  3.24400E-02  3.24400E-02
b  15   12 15   15  99  2.56169E-01  1.60232E+00  2.42004E+00  3.61576E+00  6.78917E+00  7.94600E-02  7.94600E-02
b  15   13 15   15  99 -6.51547E-01  9.41118E+00  5.28697E+01  3.53501E+01  3.23251E+00  2.64000E-01  2.64000E-01
b  15   14 15   15  99 -1.09792E-01  1.73471E+00  7.89294E+01  2.37216E+01  1.56254E+00  6.67900E+00  6.67900E+00
b  15    1 15   16  99  1.92357E-01  2.42278E+00 -4.61095E+01  3.61307E+02  2.00000E+01  2.65316E-01  2.65316E-01
b  15    1 15   17  99  1.16925E-01  1.38447E+00 -2.67236E+01  2.04229E+02  2.00000E+01  1.06160E-01  1.06160E-01
b  15    2 15   17  99  1.92357E-01  2.42278E+00 -4.61095E+01  3.61307E+02  2.00000E+01  2.85724E-01  2.85724E-01
b  15   16 15   17  99  7.64914E-02  1.76756E-01  5.92832E-01 -3.17299E-01  3.31775E+00  2.53080E+00  2.53080E+00
b  15    1 15   18  99  1.08694E-01  1.27103E+00 -2.45002E+01  1.85061E+02  2.00000E+01  4.92960E-02  4.92960E-02
b  15    3 15   18  99  1.92357E-01  2.42278E+00 -4.61095E+01  3.61307E+02  2.00000E+01  2.85724E-01  2.85724E-01
b  15   16 15   18  99  1.27273E-01  2.51865E-01  9.99875E-01 -5.33598E-01  3.29292E+00  5.84640E-01  5.84640E-01
b  15   17 15   18  99  1.56252E-01  4.19776E-01  1.18088E+00 -1.69590E-01  3.93255E+00  9.40300E-01  9.40300E-01
b  15    1 15   19  99  1.45012E-01  1.70166E+00 -3.50206E+01  2.72489E+02  2.00000E+01  2.25440E-02  2.25440E-02
b  15    4 15   19  99  1.92357E-01  2.42278E+00 -4.61095E+01  3.61307E+02  2.00000E+01  2.85724E-01  2.85724E-01
b  15   16 15   19  99  5.12589E-01  8.37978E-01  3.25220E+00 -1.45539E+00  2.64409E+00  1.14420E-01  1.14420E-01
b  15   17 15   19  99  2.83511E-01  1.26800E+00  2.10583E+00 -2.19385E-01  4.09825E+00  9.73800E-02  9.73800E-02
b  15   18 15   19  99  1.81118E-01  8.26816E-01  1.18390E+00 -1.00282E-01  3.98944E+00  1.08600E+00  1.08600E+00
b  15    1 15   20  99  1.40572E-01  1.64742E+00 -3.39843E+01  2.63400E+02  2.00000E+01  1.35840E-02  1.35840E-02
b  15    5 15   20  99  1.92357E-01  2.42278E+00 -4.61095E+01  3.61307E+02  2.00000E+01  2.85724E-01  2.85724E-01
b  15   16 15   20  99  5.30175E-01  8.50556E-01  3.40748E+00 -1.55513E+00  2.66217E+00  6.57000E-02  6.57000E-02
b  15   17 15   20  99  3.12748E-01  1.69767E+00  2.28809E+00 -1.88410E-01  4.17116E+00  3.51100E-02  3.51100E-02
b  15   18 15   20  99  2.44010E-01  1.23297E+00  1.75024E+00 -1.55164E-01  4.11009E+00  1.49800E-01  1.49800E-01
b  15   19 15   20  99  1.09324E-01  1.50086E+00  9.44967E-01  2.59237E+00  9.19532E+00  1.40100E+00  1.40100E+00
b  15    1 15   21  99  1.38430E-01  1.60660E+00 -3.32702E+01  2.58974E+02  2.00000E+01  8.81600E-03  8.81600E-03
b  15    6 15   21  99  1.92357E-01  2.42278E+00 -4.61095E+01  3.61307E+02  2.00000E+01  2.85724E-01  2.85724E-01
b  15   16 15   21  99  5.39198E-01  8.61018E-01  3.47166E+00 -1.56090E+00  2.66891E+00  4.15680E-02  4.15680E-02
b  15   17 15   21  99  3.30363E-01  1.97458E+00  2.42990E+00 -1.24185E-01  4.27138E+00  1.74500E-02  1.74500E-02
b  15   18 15   21  99  2.69100E-01  1.70275E+00  1.87430E+00 -1.47789E-01  4.18267E+00  5.20800E-02  5.20800E-02
b  15   19 15   21  99  2.25103E-01  1.23459E+00  1.58364E+00 -1.59146E-01  4.13348E+00  1.96400E-01  1.96400E-01
b  15   20 15   21  99  7.03168E-02  1.82362E+00  7.77913E-01  2.54838E+00  1.17311E+01  1.63100E+00  1.63100E+00
b  15    1 15   22  99  1.36588E-01  1.57984E+00 -3.28094E+01  2.55871E+02  2.00000E+01  6.04080E-03  6.04080E-03
b  15    7 15   22  99  1.92357E-01  2.42278E+00 -4.61095E+01  3.61307E+02  2.00000E+01  2.85724E-01  2.85724E-01
b  15   16 15   22  99  5.44090E-01  8.69155E-01  3.50268E+00 -1.59078E+00  2.66296E+00  2.80920E-02  2.80920E-02
b  15   17 15   22  99  3.40996E-01  2.16209E+00  2.48475E+00 -1.34297E-01  4.25688E+00  1.02200E-02  1.02200E-02
b  15   18 15   22  99  2.86802E-01  2.05362E+00  1.96539E+00 -1.65021E-01  4.19640E+00  2.51500E-02  2.51500E-02
b  15   19 15   22  99  2.46193E-01  1.69275E+00  1.66077E+00 -1.29358E-01  4.16903E+00  6.76800E-02  6.76800E-02
b  15   20 15   22  99  1.51127E-01  2.01421E+00  9.88062E-01  1.65513E+00  6.93726E+00  2.31700E-01  2.31700E-01
b  15   21 15   22  99  9.91201E-02  1.38511E+00  8.37943E-01  1.99731E+00  8.89886E+00  1.84400E+00  1.84400E+00
b  15    1 15   23  99  1.34404E-01  1.56044E+00 -3.22945E+01  2.49777E+02  2.00000E+01  4.31680E-03  4.31680E-03
b  15    8 15   23  99  1.92357E-01  2.42278E+00 -4.61095E+01  3.61307E+02  2.00000E+01  2.85724E-01  2.85724E-01
b  15   16 15   23  99  5.49003E-01  8.80547E-01  3.51099E+00 -1.60650E+00  2.63800E+00  1.99140E-02  1.99140E-02
b  15   17 15   23  99  3.49503E-01  2.30194E+00  2.53306E+00 -1.84764E-01  4.25364E+00  6.61300E-03  6.61300E-03
b  15   18 15   23  99  2.99823E-01  2.32661E+00  2.01231E+00 -1.16757E-01  4.21138E+00  1.44400E-02  1.44400E-02
b  15   19 15   23  99  2.59879E-01  2.07042E+00  1.70878E+00 -1.07742E-01  4.22101E+00  3.24400E-02  3.24400E-02
b  15   20 15   23  99  2.56169E-01  1.60232E+00  2.42004E+00  3.61576E+00  6.78917E+00  7.94600E-02  7.94600E-02
b  15   21 15   23  99 -6.51547E-01  9.41118E+00  5.28697E+01  3.53501E+01  3.23251E+00  2.64000E-01  2.64000E-01
b  15   22 15   23  99 -1.09792E-01  1.73471E+00  7.89294E+01  2.37216E+01  1.56254E+00  6.67900E+00  6.67900E+00
b  15    1 15   24  99  4.20966E-01  1.56646E-01 -3.97793E+00  2.41964E+01  3.90345E+00  2.34433E-02  2.34433E-02
b  15   16 15   24  99  3.70498E-01  5.40768E-02 -3.34318E+00  2.17058E+01  3.92812E+00  6.16500E-02  6.16500E-02
b  15    1 15   25  99  4.09783E-01  1.76484E-01 -3.88437E+00  2.32977E+01  3.89131E+00  4.44800E-03  4.44800E-03
b  15    2 15   25  99  4.20966E-01  1.56646E-01 -3.97793E+00  2.41964E+01  3.90345E+00  2.52467E-02  2.52467E-02
b  15   17 15   25  99  3.70498E-01  5.40768E-02 -3.34318E+00  2.17058E+01  3.92812E+00  6.16500E-02  6.16500E-02
b  15   24 15   25  99  7.64914E-02  1.76756E-01  5.92832E-01 -3.17299E-01  3.31775E+00  2.53080E+00  2.53080E+00
b  15    1 15   26  99  4.26084E-01  1.84803E-01 -4.11981E+00  2.45718E+01  3.90647E+00  1.70220E-03  1.70220E-03
b  15    3 15   26  99  4.20966E-01  1.56646E-01 -3.97793E+00  2.41964E+01  3.90345E+00  2.52467E-02  2.52467E-02
b  15   18 15   26  99  3.70498E-01  5.40768E-02 -3.34318E+00  2.17058E+01  3.92812E+00  6.16500E-02  6.16500E-02
b  15   24 15   26  99  1.27273E-01  2.51865E-01  9.99875E-01 -5.33598E-01  3.29292E+00  5.84640E-01  5.84640E-01
b  15   25 15   26  99  1.56252E-01  4.19776E-01  1.18088E+00 -1.69590E-01  3.93255E+00  9.40300E-01  9.40300E-01
b  15    1 15   27  99  4.80256E-01  1.84542E-01 -4.69403E+00  2.81521E+01  3.92095E+00  7.79200E-04  7.79200E-04
b  15    4 15   27  99  4.20966E-01  1.56646E-01 -3.97793E+00  2.41964E+01  3.90345E+00  2.52467E-02  2.52467E-02
b  15   19 15   27  99  3.70498E-01  5.40768E-02 -3.34318E+00  2.17058E+01  3.92812E+00  6.16500E-02  6.16500E-02
b  15   24 15   27  99  5.12589E-01  8.37978E-01  3.25220E+00 -1.45539E+00  2.64409E+00  1.14420E-01  1.14420E-01
b  15   25 15   27  99  2.83511E-01  1.26800E+00  2.10583E+00 -2.19385E-01  4.09825E+00  9.73800E-02  9.73800E-02
b  15   26 15   27  99  1.81118E-01  8.26816E-01  1.18390E+00 -1.00282E-01  3.98944E+00  1.08600E+00  1.08600E+00
b  15    1 15   28  99  4.62823E-01  1.78796E-01 -4.54325E+00  2.71850E+01  3.92119E+00  4.41600E-04  4.41600E-04
b  15    5 15   28  99  4.20966E-01  1.56646E-01 -3.97793E+00  2.41964E+01  3.90345E+00  2.52467E-02  2.52467E-02
b  15   20 15   28  99  3.70498E-01  5.40768E-02 -3.34318E+00  2.17058E+01  3.92812E+00  6.16500E-02  6.16500E-02
b  15   24 15   28  99  5.30175E-01  8.50556E-01  3.40748E+00 -1.55513E+00  2.66217E+00  6.57000E-02  6.57000E-02
b  15   25 15   28  99  3.12748E-01  1.69767E+00  2.28809E+00 -1.88410E-01  4.17116E+00  3.51100E-02  3.51100E-02
b  15   26 15   28  99  2.44010E-01  1.23297E+00  1.75024E+00 -1.55164E-01  4.11009E+00  1.49800E-01  1.49800E-01
b  15   27 15   28  99  1.09324E-01  1.50086E+00  9.44967E-01  2.59237E+00  9.19532E+00  1.40100E+00  1.40100E+00
b  15    1 15   29  99  4.49675E-01  1.81527E-01 -4.45408E+00  2.64350E+01  3.91821E+00  2.74200E-04  2.74200E-04
b  15    6 15   29  99  4.20966E-01  1.56646E-01 -3.97793E+00  2.41964E+01  3.90345E+00  2.52467E-02  2.52467E-02
b  15   21 15   29  99  3.70498E-01  5.40768E-02 -3.34318E+00  2.17058E+01  3.92812E+00  6.16500E-02  6.16500E-02
b  15   24 15   29  99  5.39198E-01  8.61018E-01  3.47166E+00 -1.56090E+00  2.66891E+00  4.15680E-02  4.15680E-02
b  15   25 15   29  99  3.30363E-01  1.97458E+00  2.42990E+00 -1.24185E-01  4.27138E+00  1.74500E-02  1.74500E-02
b  15   26 15   29  99  2.69100E-01  1.70275E+00  1.87430E+00 -1.47789E-01  4.18267E+00  5.20800E-02  5.20800E-02
b  15   27 15   29  99  2.25103E-01  1.23459E+00  1.58364E+00 -1.59146E-01  4.13348E+00  1.96400E-01  1.96400E-01
b  15   28 15   29  99  7.03168E-02  1.82362E+00  7.77913E-01  2.54838E+00  1.17311E+01  1.63100E+00  1.63100E+00
b  15    1 15   30  99  4.43826E-01  1.73136E-01 -4.35130E+00  2.59468E+01  3.91376E+00  1.81960E-04  1.81960E-04
b  15    7 15   30  99  4.20966E-01  1.56646E-01 -3.97793E+00  2.41964E+01  3.90345E+00  2.52467E-02  2.52467E-02
b  15   22 15   30  99  3.70498E-01  5.40768E-02 -3.34318E+00  2.17058E+01  3.92812E+00  6.16500E-02  6.16500E-02
b  15   24 15   30  99  5.44090E-01  8.69155E-01  3.50268E+00 -1.59078E+00  2.66296E+00  2.80920E-02  2.80920E-02
b  15   25 15   30  99  3.40996E-01  2.16209E+00  2.48475E+00 -1.34297E-01  4.25688E+00  1.02200E-02  1.02200E-02
b  15   26 15   30  99  2.86802E-01  2.05362E+00  1.96539E+00 -1.65021E-01  4.19640E+00  2.51500E-02  2.51500E-02
b  15   27 15   30  99  2.46193E-01  1.69275E+00  1.66077E+00 -1.29358E-01  4.16903E+00  6.76800E-02  6.76800E-02
b  15   28 15   30  99  1.51127E-01  2.01421E+00  9.88062E-01  1.65513E+00  6.93726E+00  2.31700E-01  2.31700E-01
b  15   29 15   30  99  9.91201E-02  1.38511E+00  8.37943E-01  1.99731E+00  8.89886E+00  1.84400E+00  1.84400E+00
b  15    1 15   31  99  4.39948E-01  1.67780E-01 -4.30781E+00  2.57752E+01  3.91810E+00  1.26780E-04  1.26780E-04
b  15    8 15   31  99  4.20966E-01  1.56646E-01 -3.97793E+00  2.41964E+01  3.90345E+00  2.52467E-02  2.52467E-02
b  15   23 15   31  99  3.70498E-01  5.40768E-02 -3.34318E+00  2.17058E+01  3.92812E+00  6.16500E-02  6.16500E-02
b  15   24 15   31  99  5.49003E-01  8.80547E-01  3.51099E+00 -1.60650E+00  2.63800E+00  1.99140E-02  1.99140E-02
b  15   25 15   31  99  3.49503E-01  2.30194E+00  2.53306E+00 -1.84764E-01  4.25364E+00  6.61300E-03  6.61300E-03
b  15   26 15   31  99  2.99823E-01  2.32661E+00  2.01231E+00 -1.16757E-01  4.21138E+00  1.44400E-02  1.44400E-02
b  15   27 15   31  99  2.59879E-01  2.07042E+00  1.70878E+00 -1.07742E-01  4.22101E+00  3.24400E-02  3.24400E-02
b  15   28 15   31  99  2.56169E-01  1.60232E+00  2.42004E+00  3.61576E+00  6.78917E+00  7.94600E-02  7.94600E-02
b  15   29 15   31  99 -6.51547E-01  9.41118E+00  5.28697E+01  3.53501E+01  3.23251E+00  2.64000E-01  2.64000E-01
b  15   30 15   31  99 -1.09792E-01  1.73471E+00  7.89294E+01  2.37216E+01  1.56254E+00  6.67900E+00  6.67900E+00
f  15    1 14    1  99  5.00000E+00  5.44000E+00
p  15    1 14    1  98  4.67520E-01 -1.61760E+00 -6.86050E-02 -1.86840E-02  5.00000E+00  3.70300E+01  3.85000E+01  7.41000E+02
f  15    2 14    1  99  1.00000E+00  2.56960E+00
p  15    2 14    1  99  1.00000E+00  2.56960E+00
f  15    3 14    1  99  1.00000E+00  2.10440E+00
p  15    3 14    1  99  1.00000E+00  2.10440E+00
f  15    4 14    1  99  1.00000E+00  2.17400E+00
p  15    4 14    1  99  1.00000E+00  2.17400E+00
f  15    5 14    1  99  1.00000E+00  2.13800E+00
p  15    5 14    1  99  1.00000E+00  2.13800E+00
f  15    6 14    1  99  1.00000E+00  2.04820E+00
p  15    6 14    1  99  1.00000E+00  2.04820E+00
f  15    7 14    1  99  1.00000E+00  2.04020E+00
p  15    7 14    1  99  1.00000E+00  2.04020E+00
f  15    8 14    1  99  1.00000E+00  2.00140E+00
p  15    8 14    1  99  1.00000E+00  2.00140E+00
f  15    2 14    2  99  4.00000E+00  2.56960E+00
p  15    2 14    2  98  4.67520E-01 -1.61760E+00 -6.86050E-02 -1.86840E-02  5.00000E+00  3.70300E+01  3.85000E+01  7.41000E+02
f  15    9 14    2  99  2.00000E+00  3.13010E+00
p  15    9 14    2  99  2.00000E+00  3.13010E+00
f  15   10 14    2  99  1.00000E+00  2.16400E+00
p  15   10 14    2  99  1.00000E+00  2.16400E+00
f  15   11 14    2  99  1.00000E+00  2.19600E+00
p  15   11 14    2  99  1.00000E+00  2.19600E+00
f  15   12 14    2  99  1.00000E+00  2.14900E+00
p  15   12 14    2  99  1.00000E+00  2.14900E+00
f  15   13 14    2  99  1.00000E+00  2.05520E+00
p  15   13 14    2  99  1.00000E+00  2.05520E+00
f  15   14 14    2  99  1.00000E+00  2.04620E+00
p  15   14 14    2  99  1.00000E+00  2.04620E+00
f  15   15 14    2  99  1.00000E+00  2.01130E+00
p  15   15 14    2  99  1.00000E+00  2.01130E+00
f  15    3 14    3  99  4.00000E+00  2.10440E+00
p  15    3 14    3  98  4.67520E-01 -1.61760E+00 -6.86050E-02 -1.86840E-02  5.00000E+00  3.70300E+01  3.85000E+01  7.41000E+02
f  15   10 14    3  99  1.00000E+00  2.16400E+00
p  15   10 14    3  99  1.00000E+00  2.16400E+00
f  15    4 14    4  99  4.00000E+00  2.17400E+00
p  15    4 14    4  98  4.67520E-01 -1.61760E+00 -6.86050E-02 -1.86840E-02  5.00000E+00  3.70300E+01  3.85000E+01  7.41000E+02
f  15   11 14    4  99  1.00000E+00  2.19600E+00
p  15   11 14    4  99  1.00000E+00  2.19600E+00
f  15    5 14    5  99  4.00000E+00  2.13800E+00
p  15    5 14    5  98  4.67520E-01 -1.61760E+00 -6.86050E-02 -1.86840E-02  5.00000E+00  3.70300E+01  3.85000E+01  7.41000E+02
f  15   12 14    5  99  1.00000E+00  2.14900E+00
p  15   12 14    5  99  1.00000E+00  2.14900E+00
f  15    6 14    6  99  4.00000E+00  2.04820E+00
p  15    6 14    6  98  4.67520E-01 -1.61760E+00 -6.86050E-02 -1.86840E-02  5.00000E+00  3.70300E+01  3.85000E+01  7.41000E+02
f  15   13 14    6  99  1.00000E+00  2.05520E+00
p  15   13 14    6  99  1.00000E+00  2.05520E+00
f  15    7 14    7  99  4.00000E+00  2.04020E+00
p  15    7 14    7  98  4.67520E-01 -1.61760E+00 -6.86050E-02 -1.86840E-02  5.00000E+00  3.70300E+01  3.85000E+01  7.41000E+02
f  15   14 14    7  99  1.00000E+00  2.04620E+00
p  15   14 14    7  99  1.00000E+00  2.04620E+00
f  15    8 14    8  99  4.00000E+00  2.00140E+00
p  15    8 14    8  98  4.67520E-01 -1.61760E+00 -6.86050E-02 -1.86840E-02  5.00000E+00  3.70300E+01  3.85000E+01  7.41000E+02
f  15   15 14    8  99  1.00000E+00  2.01130E+00
p  15   15 14    8  99  1.00000E+00  2.01130E+00
f  15    9 14    9  99  3.00000E+00  3.13010E+00
p  15    9 14    9  98  4.67520E-01 -1.61760E+00 -6.86050E-02 -1.86840E-02  5.00000E+00  3.70300E+01  3.85000E+01  7.41000E+02
f  15   10 14   10  99  3.00000E+00  2.16400E+00
p  15   10 14   10  98  4.67520E-01 -1.61760E+00 -6.86050E-02 -1.86840E-02  5.00000E+00  3.70300E+01  3.85000E+01  7.41000E+02
f  15   11 14   11  99  3.00000E+00  2.19600E+00
p  15   11 14   11  98  4.67520E-01 -1.61760E+00 -6.86050E-02 -1.86840E-02  5.00000E+00  3.70300E+01  3.85000E+01  7.41000E+02
f  15   12 14   12  99  3.00000E+00  2.14900E+00
p  15   12 14   12  98  4.67520E-01 -1.61760E+00 -6.86050E-02 -1.86840E-02  5.00000E+00  3.70300E+01  3.85000E+01  7.41000E+02
f  15   13 14   13  99  3.00000E+00  2.05520E+00
p  15   13 14   13  98  4.67520E-01 -1.61760E+00 -6.86050E-02 -1.86840E-02  5.00000E+00  3.70300E+01  3.85000E+01  7.41000E+02
f  15   14 14   14  99  3.00000E+00  2.04620E+00
p  15   14 14   14  98  4.67520E-01 -1.61760E+00 -6.86050E-02 -1.86840E-02  5.00000E+00  3.70300E+01  3.85000E+01  7.41000E+02
f  15   15 14   15  99  3.00000E+00  2.01130E+00
p  15   15 14   15  98  4.67520E-01 -1.61760E+00 -6.86050E-02 -1.86840E-02  5.00000E+00  3.70300E+01  3.85000E+01  7.41000E+02
f  15    1 14   16  99  8.00000E+00  5.44000E+00
p  15    1 14   16  98  2.02280E+00 -2.03770E+00 -2.81880E-01  3.47020E-02  8.00000E+00  2.49000E+02  2.59000E+02  4.98000E+03
f  15   16 14   16  99  6.00000E+00  6.00400E+00
p  15   16 14   16  98  4.67520E-01 -1.61760E+00 -6.86050E-02 -1.86840E-02  5.00000E+00  3.70300E+01  3.85000E+01  7.41000E+02
f  15   17 14   16  99  1.00000E+00  2.62630E+00
p  15   17 14   16  99  1.00000E+00  2.62630E+00
f  15   18 14   16  99  1.00000E+00  2.12270E+00
p  15   18 14   16  99  1.00000E+00  2.12270E+00
f  15   19 14   16  99  1.00000E+00  2.18000E+00
p  15   19 14   16  99  1.00000E+00  2.18000E+00
f  15   20 14   16  99  1.00000E+00  2.14200E+00
p  15   20 14   16  99  1.00000E+00  2.14200E+00
f  15   21 14   16  99  1.00000E+00  2.05720E+00
p  15   21 14   16  99  1.00000E+00  2.05720E+00
f  15   22 14   16  99  1.00000E+00  2.04720E+00
p  15   22 14   16  99  1.00000E+00  2.04720E+00
f  15   23 14   16  99  1.00000E+00  2.00140E+00
p  15   23 14   16  99  1.00000E+00  2.00140E+00
f  15    2 14   17  99  8.00000E+00  2.56960E+00
p  15    2 14   17  98  2.02280E+00 -2.03770E+00 -2.81880E-01  3.47020E-02  8.00000E+00  2.49000E+02  2.59000E+02  4.98000E+03
f  15   17 14   17  99  5.00000E+00  2.62630E+00
p  15   17 14   17  98  4.67520E-01 -1.61760E+00 -6.86050E-02 -1.86840E-02  5.00000E+00  3.70300E+01  3.85000E+01  7.41000E+02
f  15    3 14   18  99  8.00000E+00  2.10440E+00
p  15    3 14   18  98  2.02280E+00 -2.03770E+00 -2.81880E-01  3.47020E-02  8.00000E+00  2.49000E+02  2.59000E+02  4.98000E+03
f  15   18 14   18  99  5.00000E+00  2.12270E+00
p  15   18 14   18  98  4.67520E-01 -1.61760E+00 -6.86050E-02 -1.86840E-02  5.00000E+00  3.70300E+01  3.85000E+01  7.41000E+02
f  15    4 14   19  99  8.00000E+00  2.17400E+00
p  15    4 14   19  98  2.02280E+00 -2.03770E+00 -2.81880E-01  3.47020E-02  8.00000E+00  2.49000E+02  2.59000E+02  4.98000E+03
f  15   19 14   19  99  5.00000E+00  2.18000E+00
p  15   19 14   19  98  4.67520E-01 -1.61760E+00 -6.86050E-02 -1.86840E-02  5.00000E+00  3.70300E+01  3.85000E+01  7.41000E+02
f  15    5 14   20  99  8.00000E+00  2.13800E+00
p  15    5 14   20  98  2.02280E+00 -2.03770E+00 -2.81880E-01  3.47020E-02  8.00000E+00  2.49000E+02  2.59000E+02  4.98000E+03
f  15   20 14   20  99  5.00000E+00  2.14200E+00
p  15   20 14   20  98  4.67520E-01 -1.61760E+00 -6.86050E-02 -1.86840E-02  5.00000E+00  3.70300E+01  3.85000E+01  7.41000E+02
f  15    6 14   21  99  8.00000E+00  2.04820E+00
p  15    6 14   21  98  2.02280E+00 -2.03770E+00 -2.81880E-01  3.47020E-02  8.00000E+00  2.49000E+02  2.59000E+02  4.98000E+03
f  15   21 14   21  99  5.00000E+00  2.05720E+00
p  15   21 14   21  98  4.67520E-01 -1.61760E+00 -6.86050E-02 -1.86840E-02  5.00000E+00  3.70300E+01  3.85000E+01  7.41000E+02
f  15    7 14   22  99  8.00000E+00  2.04020E+00
p  15    7 14   22  98  2.02280E+00 -2.03770E+00 -2.81880E-01  3.47020E-02  8.00000E+00  2.49000E+02  2.59000E+02  4.98000E+03
f  15   22 14   22  99  5.00000E+00  2.04720E+00
p  15   22 14   22  98  4.67520E-01 -1.61760E+00 -6.86050E-02 -1.86840E-02  5.00000E+00  3.70300E+01  3.85000E+01  7.41000E+02
f  15    8 14   23  99  8.00000E+00  2.00140E+00
p  15    8 14   23  98  2.02280E+00 -2.03770E+00 -2.81880E-01  3.47020E-02  8.00000E+00  2.49000E+02  2.59000E+02  4.98000E+03
f  15   23 14   23  99  5.00000E+00  2.00140E+00
p  15   23 14   23  98  4.67520E-01 -1.61760E+00 -6.86050E-02 -1.86840E-02  5.00000E+00  3.70300E+01  3.85000E+01  7.41000E+02
f  15    1 14   24  99  2.00000E+00  5.44000E+00
p  15    1 14   24  98  2.24620E+00 -2.46690E+00 -1.88920E-01  1.67100E-02  2.00000E+00  2.48200E+03  2.58200E+03  4.96400E+04
f  15   24 14   24  99  6.00000E+00  6.08400E+00
p  15   24 14   24  98  4.67520E-01 -1.61760E+00 -6.86050E-02 -1.86840E-02  5.00000E+00  3.70300E+01  3.85000E+01  7.41000E+02
f  15   25 14   24  99  1.00000E+00  2.64950E+00
p  15   25 14   24  99  1.00000E+00  2.64950E+00
f  15   26 14   24  99  1.00000E+00  2.12180E+00
p  15   26 14   24  99  1.00000E+00  2.12180E+00
f  15   27 14   24  99  1.00000E+00  2.18900E+00
p  15   27 14   24  99  1.00000E+00  2.18900E+00
f  15   28 14   24  99  1.00000E+00  2.15100E+00
p  15   28 14   24  99  1.00000E+00  2.15100E+00
f  15   29 14   24  99  1.00000E+00  2.05810E+00
p  15   29 14   24  99  1.00000E+00  2.05810E+00
f  15   30 14   24  99  1.00000E+00  2.04810E+00
p  15   30 14   24  99  1.00000E+00  2.04810E+00
f  15   31 14   24  99  1.00000E+00  2.00140E+00
p  15   31 14   24  99  1.00000E+00  2.00140E+00
f  15    2 14   25  99  2.00000E+00  2.56960E+00
p  15    2 14   25  98  2.24620E+00 -2.46690E+00 -1.88920E-01  1.67100E-02  2.00000E+00  2.48200E+03  2.58200E+03  4.96400E+04
f  15   25 14   25  99  5.00000E+00  2.64950E+00
p  15   25 14   25  98  4.67520E-01 -1.61760E+00 -6.86050E-02 -1.86840E-02  5.00000E+00  3.70300E+01  3.85000E+01  7.41000E+02
f  15    3 14   26  99  2.00000E+00  2.10440E+00
p  15    3 14   26  98  2.24620E+00 -2.46690E+00 -1.88920E-01  1.67100E-02  2.00000E+00  2.48200E+03  2.58200E+03  4.96400E+04
f  15   26 14   26  99  5.00000E+00  2.12180E+00
p  15   26 14   26  98  4.67520E-01 -1.61760E+00 -6.86050E-02 -1.86840E-02  5.00000E+00  3.70300E+01  3.85000E+01  7.41000E+02
f  15    4 14   27  99  2.00000E+00  2.17400E+00
p  15    4 14   27  98  2.24620E+00 -2.46690E+00 -1.88920E-01  1.67100E-02  2.00000E+00  2.48200E+03  2.58200E+03  4.96400E+04
f  15   27 14   27  99  5.00000E+00  2.18900E+00
p  15   27 14   27  98  4.67520E-01 -1.61760E+00 -6.86050E-02 -1.86840E-02  5.00000E+00  3.70300E+01  3.85000E+01  7.41000E+02
f  15    5 14   28  99  2.00000E+00  2.13800E+00
p  15    5 14   28  98  2.24620E+00 -2.46690E+00 -1.88920E-01  1.67100E-02  2.00000E+00  2.48200E+03  2.58200E+03  4.96400E+04
f  15   28 14   28  99  5.00000E+00  2.15100E+00
p  15   28 14   28  98  4.67520E-01 -1.61760E+00 -6.86050E-02 -1.86840E-02  5.00000E+00  3.70300E+01  3.85000E+01  7.41000E+02
f  15    6 14   29  99  2.00000E+00  2.04820E+00
p  15    6 14   29  98  2.24620E+00 -2.46690E+00 -1.88920E-01  1.67100E-02  2.00000E+00  2.48200E+03  2.58200E+03  4.96400E+04
f  15   29 14   29  99  5.00000E+00  2.05810E+00
p  15   29 14   29  98  4.67520E-01 -1.61760E+00 -6.86050E-02 -1.86840E-02  5.00000E+00  3.70300E+01  3.85000E+01  7.41000E+02
f  15    7 14   30  99  2.00000E+00  2.04020E+00
p  15    7 14   30  98  2.24620E+00 -2.46690E+00 -1.88920E-01  1.67100E-02  2.00000E+00  2.48200E+03  2.58200E+03  4.96400E+04
f  15   30 14   30  99  5.00000E+00  2.04810E+00
p  15   30 14   30  98  4.67520E-01 -1.61760E+00 -6.86050E-02 -1.86840E-02  5.00000E+00  3.70300E+01  3.85000E+01  7.41000E+02
f  15    8 14   31  99  2.00000E+00  2.00140E+00
p  15    8 14   31  98  2.24620E+00 -2.46690E+00 -1.88920E-01  1.67100E-02  2.00000E+00  2.48200E+03  2.58200E+03  4.96400E+04
f  15   31 14   31  99  5.00000E+00  2.00140E+00
p  15   31 14   31  98  4.67520E-01 -1.61760E+00 -6.86050E-02 -1.86840E-02  5.00000E+00  3.70300E+01  3.85000E+01  7.41000E+02
a  15    9 14    1   4.02642E+13
a  15   10 14    1   2.20917E+13
a  15   11 14    1   9.29750E+12
a  15   12 14    1   4.30167E+12
a  15   13 14    1   2.20629E+12
a  15   14 14    1   1.22433E+12
a  15   15 14    1   7.22958E+11
a  15   16 14    1   3.68651E+13
a  15   17 14    1   8.40975E+11
a  15   18 14    1   2.11162E+11
a  15   19 14    1   7.35281E+10
a  15   20 14    1   3.40181E+10
a  15   21 14    1   1.74484E+10
a  15   22 14    1   9.68269E+09
a  15   23 14    1   5.71744E+09
a  15   24 14    1   5.50590E+11
a  15   25 14    1   1.08890E+10
a  15   26 14    1   2.60875E+09
a  15   27 14    1   8.74600E+08
a  15   28 14    1   4.04650E+08
a  15   29 14    1   2.07545E+08
a  15   30 14    1   1.15172E+08
a  15   31 14    1   6.80075E+07
a  15   17 14    2   2.45768E+13
a  15   25 14    2   3.67060E+11
a  15   18 14    3   2.45768E+13
a  15   26 14    3   3.67060E+11
a  15   19 14    4   2.45768E+13
a  15   27 14    4   3.67060E+11
a  15   20 14    5   2.45768E+13
a  15   28 14    5   3.67060E+11
a  15   21 14    6   2.45768E+13
a  15   29 14    6   3.67060E+11
a  15   22 14    7   2.45768E+13
a  15   30 14    7   3.67060E+11
a  15   23 14    8   2.45768E+13
a  15   31 14    8   3.67060E+11
a  15   24 14   16   4.05816E+13
a  15   25 14   16   4.21720E+11
a  15   26 14   16   1.01256E+11
a  15   27 14   16   3.40076E+10
a  15   28 14   16   1.57340E+10
a  15   29 14   16   8.07000E+09
a  15   30 14   16   4.47840E+09
a  15   31 14   16   2.64444E+09
a  15   25 14   17   3.38180E+13
a  15   26 14   18   3.38180E+13
a  15   27 14   19   3.38180E+13
a  15   28 14   20   3.38180E+13
a  15   29 14   21   3.38180E+13
a  15   30 14   22   3.38180E+13
a  15   31 14   23   3.38180E+13
b  16    1 16    2  99  8.58076E-02  9.66506E-02 -1.36307E-01  1.34412E-02  6.33329E-01  5.30280E+00  5.30280E+00
b  16    1 16    3  99  3.30056E-02  3.46260E-02 -4.07782E-02  3.90787E-03  3.67656E-01  1.71120E+00  1.71120E+00
b  16    2 16    3  99  3.19775E-01  7.67841E-02 -8.79720E-01  2.07965E+00  1.88172E+00  8.62900E-01  8.62900E-01
b  16    1 16    4  99  4.84471E-01  1.15836E-01  4.81588E+00 -1.23794E+02  2.00000E+01  8.04600E-02  8.04600E-02
b  16    2 16    4  99  2.68085E-01  9.18278E-01 -1.79637E+00  4.18170E-02  1.03641E+00  1.14200E-01  1.14200E-01
b  16    3 16    4  99  2.77881E-01  1.10033E-01 -1.02912E+00  2.19245E+00  1.93720E+00  1.08200E+00  1.08200E+00
b  16    1 16    5  99  5.09589E-01  2.04044E-01  2.71515E+00 -1.18948E+02  2.00000E+01  4.52400E-02  4.52400E-02
b  16    2 16    5  99  2.69427E-01  1.42216E+00 -2.21996E+00  4.46463E-02  6.14227E-01  3.92200E-02  3.92200E-02
b  16    3 16    5  99  2.96498E-01  8.83563E-01 -1.98314E+00  5.99586E-02  1.31159E+00  1.57900E-01  1.57900E-01
b  16    4 16    5  99  3.10064E-01 -1.18604E-01  1.02360E-01 -6.08245E-03 -2.82373E-01  1.38400E+00  1.38400E+00
b  16    1 16    6  99  5.11650E-01  3.30756E-01 -2.13336E+00  3.92491E+00  4.04748E+00  2.84160E-02  2.84160E-02
b  16    2 16    6  99  2.65715E-01  1.72418E+00 -2.41126E+00  4.57347E-02  4.45243E-01  1.93800E-02  1.93800E-02
b  16    3 16    6  99  2.97195E-01  1.50618E+00 -2.54634E+00  1.27450E-01  7.06794E-01  5.24500E-02  5.24500E-02
b  16    4 16    6  99  8.10274E-01 -1.08418E+00  1.01066E+01 -6.73533E+00  7.48170E+00  2.04300E-01  2.04300E-01
b  16    5 16    6  99  1.51823E+00 -4.08050E+00  1.34110E+01 -2.72975E+00  2.07634E+00  1.62000E+00  1.62000E+00
b  16    1 16    7  99  5.27034E-01  3.44101E-01 -2.18550E+00  3.92192E+00  4.01275E+00  1.91460E-02  1.91460E-02
b  16    2 16    7  99  2.63873E-01  1.92978E+00 -2.51181E+00  4.60664E-02  3.46788E-01  1.13500E-02  1.13500E-02
b  16    3 16    7  99  3.09181E-01  1.95560E+00 -2.88372E+00  7.16826E-02  5.13555E-01  2.48200E-02  2.48200E-02
b  16    4 16    7  99  9.56083E-01 -2.31256E+00  8.94717E+01 -8.33616E+02  2.00000E+01  6.84400E-02  6.84400E-02
b  16    5 16    7  99  1.43563E+00 -2.51104E+00  7.18828E+00 -1.64082E-02  1.85783E+00  2.41300E-01  2.41300E-01
b  16    6 16    7  99  2.22581E-01  5.84395E+00 -3.03189E+02  3.78847E+03  2.00000E+01  1.81900E+00  1.81900E+00
b  16    1 16    8  99  9.89396E+03  6.89950E+05 -3.29021E+07  3.86643E+08  2.00000E+01  1.35780E-02  1.35780E-02
b  16    2 16    8  99  6.35964E+03  6.69275E+04 -1.78137E+06  1.08107E+07  8.36460E+00  7.43900E-03  7.43900E-03
b  16    3 16    8  99 -2.08709E+02  4.38542E+03 -3.49914E+04  6.98533E+04  3.16477E+00  1.34200E-02  1.34200E-02
b  16    4 16    8  99  2.50260E+01  7.85607E+01 -8.37456E+01  1.79041E+01 -8.00000E-01  2.97800E-02  2.97800E-02
b  16    5 16    8  99  3.59679E+00 -8.52885E+00  3.06146E+01 -6.46846E+00  2.37594E+00  7.70600E-02  7.70600E-02
b  16    6 16    8  99  4.65805E+00 -1.27741E+01  4.15814E+01 -8.09540E+00  2.05948E+00  2.76300E-01  2.76300E-01
b  16    7 16    8  99  2.48849E-02  8.33585E-01 -4.22403E+01  5.19302E+02  2.00000E+01  9.01300E+00  9.01300E+00
b  16    1 16    9  98  0.00000E+00  0.00000E+00  0.00000E+00  0.00000E+00  0.00000E+00  1.43783E-01  2.87566E-03
b  16    2 16    9  99  8.58076E-02  9.66506E-02 -1.36307E-01  1.34412E-02  6.33329E-01  4.28091E+00  4.28091E+00
b  16    1 16   10  98  0.00000E+00  0.00000E+00  0.00000E+00  0.00000E+00  0.00000E+00  2.12709E-01  4.25419E-03
b  16    2 16   10  99  3.30056E-02  3.46260E-02 -4.07782E-02  3.90787E-03  3.67656E-01  1.42600E+00  1.42600E+00
b  16    3 16   10  99  8.58076E-02  9.66506E-02 -1.36307E-01  1.34412E-02  6.33329E-01  4.41900E+00  4.41900E+00
b  16    9 16   10  99  3.19775E-01  7.67841E-02 -8.79720E-01  2.07965E+00  1.88172E+00  1.72580E+00  1.72580E+00
b  16    1 16   11  98  0.00000E+00  0.00000E+00  0.00000E+00  0.00000E+00  0.00000E+00  3.03604E-01  6.07208E-03
b  16    2 16   11  99  4.84471E-01  1.15836E-01  4.81588E+00 -1.23794E+02  2.00000E+01  6.70500E-02  6.70500E-02
b  16    4 16   11  99  8.58076E-02  9.66506E-02 -1.36307E-01  1.34412E-02  6.33329E-01  4.41900E+00  4.41900E+00
b  16    9 16   11  99  2.68085E-01  9.18278E-01 -1.79637E+00  4.18170E-02  1.03641E+00  2.28400E-01  2.28400E-01
b  16   10 16   11  99  2.77881E-01  1.10033E-01 -1.02912E+00  2.19245E+00  1.93720E+00  1.08200E+00  1.08200E+00
b  16    1 16   12  98  0.00000E+00  0.00000E+00  0.00000E+00  0.00000E+00  0.00000E+00  4.08440E-01  8.16879E-03
b  16    2 16   12  99  5.09589E-01  2.04044E-01  2.71515E+00 -1.18948E+02  2.00000E+01  3.77000E-02  3.77000E-02
b  16    5 16   12  99  8.58076E-02  9.66506E-02 -1.36307E-01  1.34412E-02  6.33329E-01  4.41900E+00  4.41900E+00
b  16    9 16   12  99  2.69427E-01  1.42216E+00 -2.21996E+00  4.46463E-02  6.14227E-01  7.84400E-02  7.84400E-02
b  16   10 16   12  99  2.96498E-01  8.83563E-01 -1.98314E+00  5.99586E-02  1.31159E+00  1.57900E-01  1.57900E-01
b  16   11 16   12  99  3.10064E-01 -1.18604E-01  1.02360E-01 -6.08245E-03 -2.82373E-01  1.38400E+00  1.38400E+00
b  16    1 16   13  98  0.00000E+00  0.00000E+00  0.00000E+00  0.00000E+00  0.00000E+00  5.28568E-01  1.05714E-02
b  16    2 16   13  99  5.11650E-01  3.30756E-01 -2.13336E+00  3.92491E+00  4.04748E+00  2.36800E-02  2.36800E-02
b  16    6 16   13  99  8.58076E-02  9.66506E-02 -1.36307E-01  1.34412E-02  6.33329E-01  4.41900E+00  4.41900E+00
b  16    9 16   13  99  2.65715E-01  1.72418E+00 -2.41126E+00  4.57347E-02  4.45243E-01  3.87600E-02  3.87600E-02
b  16   10 16   13  99  2.97195E-01  1.50618E+00 -2.54634E+00  1.27450E-01  7.06794E-01  5.24500E-02  5.24500E-02
b  16   11 16   13  99  8.10274E-01 -1.08418E+00  1.01066E+01 -6.73533E+00  7.48170E+00  2.04300E-01  2.04300E-01
b  16   12 16   13  99  1.51823E+00 -4.08050E+00  1.34110E+01 -2.72975E+00  2.07634E+00  1.62000E+00  1.62000E+00
b  16    1 16   14  98  0.00000E+00  0.00000E+00  0.00000E+00  0.00000E+00  0.00000E+00  6.66434E-01  1.33287E-02
b  16    2 16   14  99  5.27034E-01  3.44101E-01 -2.18550E+00  3.92192E+00  4.01275E+00  1.59550E-02  1.59550E-02
b  16    7 16   14  99  8.58076E-02  9.66506E-02 -1.36307E-01  1.34412E-02  6.33329E-01  4.41900E+00  4.41900E+00
b  16    9 16   14  99  2.63873E-01  1.92978E+00 -2.51181E+00  4.60664E-02  3.46788E-01  2.27000E-02  2.27000E-02
b  16   10 16   14  99  3.09181E-01  1.95560E+00 -2.88372E+00  7.16826E-02  5.13555E-01  2.48200E-02  2.48200E-02
b  16   11 16   14  99  9.56083E-01 -2.31256E+00  8.94717E+01 -8.33616E+02  2.00000E+01  6.84400E-02  6.84400E-02
b  16   12 16   14  99  1.43563E+00 -2.51104E+00  7.18828E+00 -1.64082E-02  1.85783E+00  2.41300E-01  2.41300E-01
b  16   13 16   14  99  2.22581E-01  5.84395E+00 -3.03189E+02  3.78847E+03  2.00000E+01  1.81900E+00  1.81900E+00
b  16    1 16   15  98  0.00000E+00  0.00000E+00  0.00000E+00  0.00000E+00  0.00000E+00  8.19908E-01  1.63982E-02
b  16    2 16   15  99  9.89396E+03  6.89950E+05 -3.29021E+07  3.86643E+08  2.00000E+01  1.13150E-02  1.13150E-02
b  16    8 16   15  99  8.58076E-02  9.66506E-02 -1.36307E-01  1.34412E-02  6.33329E-01  4.41900E+00  4.41900E+00
b  16    9 16   15  99  6.35964E+03  6.69275E+04 -1.78137E+06  1.08107E+07  8.36460E+00  1.48780E-02  1.48780E-02
b  16   10 16   15  99 -2.08709E+02  4.38542E+03 -3.49914E+04  6.98533E+04  3.16477E+00  1.34200E-02  1.34200E-02
b  16   11 16   15  99  2.50260E+01  7.85607E+01 -8.37456E+01  1.79041E+01 -8.00000E-01  2.97800E-02  2.97800E-02
b  16   12 16   15  99  3.59679E+00 -8.52885E+00  3.06146E+01 -6.46846E+00  2.37594E+00  7.70600E-02  7.70600E-02
b  16   13 16   15  99  4.65805E+00 -1.27741E+01  4.15814E+01 -8.09540E+00  2.05948E+00  2.76300E-01  2.76300E-01
b  16   14 16   15  99  2.48849E-02  8.33585E-01 -4.22403E+01  5.19302E+02  2.00000E+01  9.01300E+00  9.01300E+00
b  16    1 16   16  99  6.66417E-01  1.03820E-01  1.43622E-02 -5.20130E-03 -8.00000E-01  1.20693E-01  1.20693E-01
b  16    1 16   17  99  1.88330E+00 -4.77718E-01  4.20916E-01 -8.01767E-02 -7.17146E-01  1.24240E-02  1.24240E-02
b  16    2 16   17  99  6.66417E-01  1.03820E-01  1.43622E-02 -5.20130E-03 -8.00000E-01  1.30751E-01  1.30751E-01
b  16   16 16   17  99  8.58076E-02  9.66506E-02 -1.36307E-01  1.34412E-02  6.33329E-01  6.18660E+00  6.18660E+00
b  16    1 16   18  99  1.62782E+00 -3.97552E-01  3.55091E-01 -6.75833E-02 -7.21437E-01  4.86800E-03  4.86800E-03
b  16    3 16   18  99  6.66417E-01  1.03820E-01  1.43622E-02 -5.20130E-03 -8.00000E-01  1.30751E-01  1.30751E-01
b  16   16 16   18  99  3.30056E-02  3.46260E-02 -4.07782E-02  3.90787E-03  3.67656E-01  1.99640E+00  1.99640E+00
b  16   17 16   18  99  3.19775E-01  7.67841E-02 -8.79720E-01  2.07965E+00  1.88172E+00  8.62900E-01  8.62900E-01
b  16    1 16   19  99  1.61230E+00 -4.43181E-01  4.03928E-01 -8.06517E-02 -6.88659E-01  2.20000E-03  2.20000E-03
b  16    4 16   19  99  6.66417E-01  1.03820E-01  1.43622E-02 -5.20130E-03 -8.00000E-01  1.30751E-01  1.30751E-01
b  16   16 16   19  99  4.84471E-01  1.15836E-01  4.81588E+00 -1.23794E+02  2.00000E+01  9.38700E-02  9.38700E-02
b  16   17 16   19  99  2.68085E-01  9.18278E-01 -1.79637E+00  4.18170E-02  1.03641E+00  1.14200E-01  1.14200E-01
b  16   18 16   19  99  2.77881E-01  1.10033E-01 -1.02912E+00  2.19245E+00  1.93720E+00  1.08200E+00  1.08200E+00
b  16    1 16   20  99  1.69518E+00 -5.46802E-01  4.92567E-01 -1.01084E-01 -6.55039E-01  1.29680E-03  1.29680E-03
b  16    5 16   20  99  6.66417E-01  1.03820E-01  1.43622E-02 -5.20130E-03 -8.00000E-01  1.30751E-01  1.30751E-01
b  16   16 16   20  99  5.09589E-01  2.04044E-01  2.71515E+00 -1.18948E+02  2.00000E+01  5.27800E-02  5.27800E-02
b  16   17 16   20  99  2.69427E-01  1.42216E+00 -2.21996E+00  4.46463E-02  6.14227E-01  3.92200E-02  3.92200E-02
b  16   18 16   20  99  2.96498E-01  8.83563E-01 -1.98314E+00  5.99586E-02  1.31159E+00  1.57900E-01  1.57900E-01
b  16   19 16   20  99  3.10064E-01 -1.18604E-01  1.02360E-01 -6.08245E-03 -2.82373E-01  1.38400E+00  1.38400E+00
b  16    1 16   21  99  1.54942E+00 -4.85857E-01  4.36943E-01 -8.90582E-02 -6.61490E-01  8.32800E-04  8.32800E-04
b  16    6 16   21  99  6.66417E-01  1.03820E-01  1.43622E-02 -5.20130E-03 -8.00000E-01  1.30751E-01  1.30751E-01
b  16   16 16   21  99  5.11650E-01  3.30756E-01 -2.13336E+00  3.92491E+00  4.04748E+00  3.31520E-02  3.31520E-02
b  16   17 16   21  99  2.65715E-01  1.72418E+00 -2.41126E+00  4.57347E-02  4.45243E-01  1.93800E-02  1.93800E-02
b  16   18 16   21  99  2.97195E-01  1.50618E+00 -2.54634E+00  1.27450E-01  7.06794E-01  5.24500E-02  5.24500E-02
b  16   19 16   21  99  8.10274E-01 -1.08418E+00  1.01066E+01 -6.73533E+00  7.48170E+00  2.04300E-01  2.04300E-01
b  16   20 16   21  99  1.51823E+00 -4.08050E+00  1.34110E+01 -2.72975E+00  2.07634E+00  1.62000E+00  1.62000E+00
b  16    1 16   22  99  1.52503E+00 -4.90588E-01  4.37028E-01 -8.88758E-02 -6.59792E-01  5.67600E-04  5.67600E-04
b  16    7 16   22  99  6.66417E-01  1.03820E-01  1.43622E-02 -5.20130E-03 -8.00000E-01  1.30751E-01  1.30751E-01
b  16   16 16   22  99  5.27034E-01  3.44101E-01 -2.18550E+00  3.92192E+00  4.01275E+00  2.23370E-02  2.23370E-02
b  16   17 16   22  99  2.63873E-01  1.92978E+00 -2.51181E+00  4.60664E-02  3.46788E-01  1.13500E-02  1.13500E-02
b  16   18 16   22  99  3.09181E-01  1.95560E+00 -2.88372E+00  7.16826E-02  5.13555E-01  2.48200E-02  2.48200E-02
b  16   19 16   22  99  9.56083E-01 -2.31256E+00  8.94717E+01 -8.33616E+02  2.00000E+01  6.84400E-02  6.84400E-02
b  16   20 16   22  99  1.43563E+00 -2.51104E+00  7.18828E+00 -1.64082E-02  1.85783E+00  2.41300E-01  2.41300E-01
b  16   21 16   22  99  2.22581E-01  5.84395E+00 -3.03189E+02  3.78847E+03  2.00000E+01  1.81900E+00  1.81900E+00
b  16    1 16   23  99  1.68718E+02  1.49640E+04 -6.98057E+05  8.05986E+06  2.00000E+01  4.04400E-04  4.04400E-04
b  16    8 16   23  99  6.66417E-01  1.03820E-01  1.43622E-02 -5.20130E-03 -8.00000E-01  1.30751E-01  1.30751E-01
b  16   16 16   23  99  9.89396E+03  6.89950E+05 -3.29021E+07  3.86643E+08  2.00000E+01  1.58410E-02  1.58410E-02
b  16   17 16   23  99  6.35964E+03  6.69275E+04 -1.78137E+06  1.08107E+07  8.36460E+00  7.43900E-03  7.43900E-03
b  16   18 16   23  99 -2.08709E+02  4.38542E+03 -3.49914E+04  6.98533E+04  3.16477E+00  1.34200E-02  1.34200E-02
b  16   19 16   23  99  2.50260E+01  7.85607E+01 -8.37456E+01  1.79041E+01 -8.00000E-01  2.97800E-02  2.97800E-02
b  16   20 16   23  99  3.59679E+00 -8.52885E+00  3.06146E+01 -6.46846E+00  2.37594E+00  7.70600E-02  7.70600E-02
b  16   21 16   23  99  4.65805E+00 -1.27741E+01  4.15814E+01 -8.09540E+00  2.05948E+00  2.76300E-01  2.76300E-01
b  16   22 16   23  99  2.48849E-02  8.33585E-01 -4.22403E+01  5.19302E+02  2.00000E+01  9.01300E+00  9.01300E+00
b  16    1 16   24  99  4.69802E-01 -1.73345E-01 -4.52612E-01  4.34309E+00  2.64101E+00  1.82667E-02  1.82667E-02
b  16   16 16   24  99  3.55034E-01 -7.03651E-02 -7.93717E-01  3.68747E+00  2.36289E+00  6.16000E-02  6.16000E-02
b  16    1 16   25  99  4.85985E-01 -2.83708E-01  2.67942E-01  3.40097E+00  2.72720E+00  1.57840E-03  1.57840E-03
b  16    2 16   25  99  4.69802E-01 -1.73345E-01 -4.52612E-01  4.34309E+00  2.64101E+00  1.97889E-02  1.97889E-02
b  16   17 16   25  99  3.55034E-01 -7.03651E-02 -7.93717E-01  3.68747E+00  2.36289E+00  6.16000E-02  6.16000E-02
b  16   24 16   25  99  8.58076E-02  9.66506E-02 -1.36307E-01  1.34412E-02  6.33329E-01  6.18660E+00  6.18660E+00
b  16    1 16   26  99  5.05384E-01 -2.37153E-01 -1.14802E-01  4.08090E+00  2.67813E+00  5.47400E-04  5.47400E-04
b  16    3 16   26  99  4.69802E-01 -1.73345E-01 -4.52612E-01  4.34309E+00  2.64101E+00  1.97889E-02  1.97889E-02
b  16   18 16   26  99  3.55034E-01 -7.03651E-02 -7.93717E-01  3.68747E+00  2.36289E+00  6.16000E-02  6.16000E-02
b  16   24 16   26  99  3.30056E-02  3.46260E-02 -4.07782E-02  3.90787E-03  3.67656E-01  1.99640E+00  1.99640E+00
b  16   25 16   26  99  3.19775E-01  7.67841E-02 -8.79720E-01  2.07965E+00  1.88172E+00  8.62900E-01  8.62900E-01
b  16    1 16   27  99  6.03469E-01 -3.42709E-01  5.17869E-01 -1.71757E-01 -1.61982E-01  2.36800E-04  2.36800E-04
b  16    4 16   27  99  4.69802E-01 -1.73345E-01 -4.52612E-01  4.34309E+00  2.64101E+00  1.97889E-02  1.97889E-02
b  16   19 16   27  99  3.55034E-01 -7.03651E-02 -7.93717E-01  3.68747E+00  2.36289E+00  6.16000E-02  6.16000E-02
b  16   24 16   27  99  4.84471E-01  1.15836E-01  4.81588E+00 -1.23794E+02  2.00000E+01  9.38700E-02  9.38700E-02
b  16   25 16   27  99  2.68085E-01  9.18278E-01 -1.79637E+00  4.18170E-02  1.03641E+00  1.14200E-01  1.14200E-01
b  16   26 16   27  99  2.77881E-01  1.10033E-01 -1.02912E+00  2.19245E+00  1.93720E+00  1.08200E+00  1.08200E+00
b  16    1 16   28  99  5.72494E-01 -3.26348E-01  4.86521E-01 -1.59524E-01 -1.72017E-01  1.29340E-04  1.29340E-04
b  16    5 16   28  99  4.69802E-01 -1.73345E-01 -4.52612E-01  4.34309E+00  2.64101E+00  1.97889E-02  1.97889E-02
b  16   20 16   28  99  3.55034E-01 -7.03651E-02 -7.93717E-01  3.68747E+00  2.36289E+00  6.16000E-02  6.16000E-02
b  16   24 16   28  99  5.09589E-01  2.04044E-01  2.71515E+00 -1.18948E+02  2.00000E+01  5.27800E-02  5.27800E-02
b  16   25 16   28  99  2.69427E-01  1.42216E+00 -2.21996E+00  4.46463E-02  6.14227E-01  3.92200E-02  3.92200E-02
b  16   26 16   28  99  2.96498E-01  8.83563E-01 -1.98314E+00  5.99586E-02  1.31159E+00  1.57900E-01  1.57900E-01
b  16   27 16   28  99  3.10064E-01 -1.18604E-01  1.02360E-01 -6.08245E-03 -2.82373E-01  1.38400E+00  1.38400E+00
b  16    1 16   29  99  5.59157E-01 -3.27438E-01  4.96055E-01 -1.63823E-01 -1.40178E-01  7.82800E-05  7.82800E-05
b  16    6 16   29  99  4.69802E-01 -1.73345E-01 -4.52612E-01  4.34309E+00  2.64101E+00  1.97889E-02  1.97889E-02
b  16   21 16   29  99  3.55034E-01 -7.03651E-02 -7.93717E-01  3.68747E+00  2.36289E+00  6.16000E-02  6.16000E-02
b  16   24 16   29  99  5.11650E-01  3.30756E-01 -2.13336E+00  3.92491E+00  4.04748E+00  3.31520E-02  3.31520E-02
b  16   25 16   29  99  2.65715E-01  1.72418E+00 -2.41126E+00  4.57347E-02  4.45243E-01  1.93800E-02  1.93800E-02
b  16   26 16   29  99  2.97195E-01  1.50618E+00 -2.54634E+00  1.27450E-01  7.06794E-01  5.24500E-02  5.24500E-02
b  16   27 16   29  99  8.10274E-01 -1.08418E+00  1.01066E+01 -6.73533E+00  7.48170E+00  2.04300E-01  2.04300E-01
b  16   28 16   29  99  1.51823E+00 -4.08050E+00  1.34110E+01 -2.72975E+00  2.07634E+00  1.62000E+00  1.62000E+00
b  16    1 16   30  99  5.46229E-01 -3.19170E-01  4.81904E-01 -1.58303E-01 -1.40155E-01  5.09400E-05  5.09400E-05
b  16    7 16   30  99  4.69802E-01 -1.73345E-01 -4.52612E-01  4.34309E+00  2.64101E+00  1.97889E-02  1.97889E-02
b  16   22 16   30  99  3.55034E-01 -7.03651E-02 -7.93717E-01  3.68747E+00  2.36289E+00  6.16000E-02  6.16000E-02
b  16   24 16   30  99  5.27034E-01  3.44101E-01 -2.18550E+00  3.92192E+00  4.01275E+00  2.23370E-02  2.23370E-02
b  16   25 16   30  99  2.63873E-01  1.92978E+00 -2.51181E+00  4.60664E-02  3.46788E-01  1.13500E-02  1.13500E-02
b  16   26 16   30  99  3.09181E-01  1.95560E+00 -2.88372E+00  7.16826E-02  5.13555E-01  2.48200E-02  2.48200E-02
b  16   27 16   30  99  9.56083E-01 -2.31256E+00  8.94717E+01 -8.33616E+02  2.00000E+01  6.84400E-02  6.84400E-02
b  16   28 16   30  99  1.43563E+00 -2.51104E+00  7.18828E+00 -1.64082E-02  1.85783E+00  2.41300E-01  2.41300E-01
b  16   29 16   30  99  2.22581E-01  5.84395E+00 -3.03189E+02  3.78847E+03  2.00000E+01  1.81900E+00  1.81900E+00
b  16    1 16   31  99  6.27513E+00  1.40459E+02 -5.62742E+03  5.36950E+04  1.46721E+01  3.49600E-05  3.49600E-05
b  16    8 16   31  99  4.69802E-01 -1.73345E-01 -4.52612E-01  4.34309E+00  2.64101E+00  1.97889E-02  1.97889E-02
b  16   23 16   31  99  3.55034E-01 -7.03651E-02 -7.93717E-01  3.68747E+00  2.36289E+00  6.16000E-02  6.16000E-02
b  16   24 16   31  99  9.89396E+03  6.89950E+05 -3.29021E+07  3.86643E+08  2.00000E+01  1.58410E-02  1.58410E-02
b  16   25 16   31  99  6.35964E+03  6.69275E+04 -1.78137E+06  1.08107E+07  8.36460E+00  7.43900E-03  7.43900E-03
b  16   26 16   31  99 -2.08709E+02  4.38542E+03 -3.49914E+04  6.98533E+04  3.16477E+00  1.34200E-02  1.34200E-02
b  16   27 16   31  99  2.50260E+01  7.85607E+01 -8.37456E+01  1.79041E+01 -8.00000E-01  2.97800E-02  2.97800E-02
b  16   28 16   31  99  3.59679E+00 -8.52885E+00  3.06146E+01 -6.46846E+00  2.37594E+00  7.70600E-02  7.70600E-02
b  16   29 16   31  99  4.65805E+00 -1.27741E+01  4.15814E+01 -8.09540E+00  2.05948E+00  2.76300E-01  2.76300E-01
b  16   30 16   31  99  2.48849E-02  8.33585E-01 -4.22403E+01  5.19302E+02  2.00000E+01  9.01300E+00  9.01300E+00
f  16    1 15    1  99  6.00000E+00  5.10000E+00
p  16    1 15    1  98  3.62310E-01 -1.62730E+00  7.68310E-02 -5.22410E-02  6.00000E+00  2.95800E+01  3.08000E+01  5.92000E+02
f  16    2 15    1  99  1.00000E+00  1.65410E+00
p  16    2 15    1  99  1.00000E+00  1.65410E+00
f  16    3 15    1  99  1.00000E+00  1.12480E+00
p  16    3 15    1  99  1.00000E+00  1.12480E+00
f  16    4 15    1  99  1.00000E+00  1.19200E+00
p  16    4 15    1  99  1.00000E+00  1.19200E+00
f  16    5 15    1  99  1.00000E+00  1.15200E+00
p  16    5 15    1  99  1.00000E+00  1.15200E+00
f  16    6 15    1  99  1.00000E+00  1.05820E+00
p  16    6 15    1  99  1.00000E+00  1.05820E+00
f  16    7 15    1  99  1.00000E+00  1.04820E+00
p  16    7 15    1  99  1.00000E+00  1.04820E+00
f  16    8 15    1  99  1.00000E+00  1.00150E+00
p  16    8 15    1  99  1.00000E+00  1.00150E+00
f  16    2 15    2  99  5.00000E+00  1.65410E+00
p  16    2 15    2  98  3.62310E-01 -1.62730E+00  7.68310E-02 -5.22410E-02  6.00000E+00  2.95800E+01  3.08000E+01  5.92000E+02
f  16    9 15    2  99  2.00000E+00  2.21460E+00
p  16    9 15    2  99  2.00000E+00  2.21460E+00
f  16   10 15    2  99  1.00000E+00  1.18440E+00
p  16   10 15    2  99  1.00000E+00  1.18440E+00
f  16   11 15    2  99  1.00000E+00  1.21400E+00
p  16   11 15    2  99  1.00000E+00  1.21400E+00
f  16   12 15    2  99  1.00000E+00  1.16300E+00
p  16   12 15    2  99  1.00000E+00  1.16300E+00
f  16   13 15    2  99  1.00000E+00  1.06520E+00
p  16   13 15    2  99  1.00000E+00  1.06520E+00
f  16   14 15    2  99  1.00000E+00  1.05420E+00
p  16   14 15    2  99  1.00000E+00  1.05420E+00
f  16   15 15    2  99  1.00000E+00  1.01140E+00
p  16   15 15    2  99  1.00000E+00  1.01140E+00
f  16    3 15    3  99  5.00000E+00  1.12480E+00
p  16    3 15    3  98  3.62310E-01 -1.62730E+00  7.68310E-02 -5.22410E-02  6.00000E+00  2.95800E+01  3.08000E+01  5.92000E+02
f  16   10 15    3  99  1.00000E+00  1.18440E+00
p  16   10 15    3  99  1.00000E+00  1.18440E+00
f  16    4 15    4  99  5.00000E+00  1.19200E+00
p  16    4 15    4  98  3.62310E-01 -1.62730E+00  7.68310E-02 -5.22410E-02  6.00000E+00  2.95800E+01  3.08000E+01  5.92000E+02
f  16   11 15    4  99  1.00000E+00  1.21400E+00
p  16   11 15    4  99  1.00000E+00  1.21400E+00
f  16    5 15    5  99  5.00000E+00  1.15200E+00
p  16    5 15    5  98  3.62310E-01 -1.62730E+00  7.68310E-02 -5.22410E-02  6.00000E+00  2.95800E+01  3.08000E+01  5.92000E+02
f  16   12 15    5  99  1.00000E+00  1.16300E+00
p  16   12 15    5  99  1.00000E+00  1.16300E+00
f  16    6 15    6  99  5.00000E+00  1.05820E+00
p  16    6 15    6  98  3.62310E-01 -1.62730E+00  7.68310E-02 -5.22410E-02  6.00000E+00  2.95800E+01  3.08000E+01  5.92000E+02
f  16   13 15    6  99  1.00000E+00  1.06520E+00
p  16   13 15    6  99  1.00000E+00  1.06520E+00
f  16    7 15    7  99  5.00000E+00  1.04820E+00
p  16    7 15    7  98  3.62310E-01 -1.62730E+00  7.68310E-02 -5.22410E-02  6.00000E+00  2.95800E+01  3.08000E+01  5.92000E+02
f  16   14 15    7  99  1.00000E+00  1.05420E+00
p  16   14 15    7  99  1.00000E+00  1.05420E+00
f  16    8 15    8  99  5.00000E+00  1.00150E+00
p  16    8 15    8  98  3.62310E-01 -1.62730E+00  7.68310E-02 -5.22410E-02  6.00000E+00  2.95800E+01  3.08000E+01  5.92000E+02
f  16   15 15    8  99  1.00000E+00  1.01140E+00
p  16   15 15    8  99  1.00000E+00  1.01140E+00
f  16    9 15    9  99  4.00000E+00  2.21460E+00
p  16    9 15    9  98  3.62310E-01 -1.62730E+00  7.68310E-02 -5.22410E-02  6.00000E+00  2.95800E+01  3.08000E+01  5.92000E+02
f  16   10 15   10  99  4.00000E+00  1.18440E+00
p  16   10 15   10  98  3.62310E-01 -1.62730E+00  7.68310E-02 -5.22410E-02  6.00000E+00  2.95800E+01  3.08000E+01  5.92000E+02
f  16   11 15   11  99  4.00000E+00  1.21400E+00
p  16   11 15   11  98  3.62310E-01 -1.62730E+00  7.68310E-02 -5.22410E-02  6.00000E+00  2.95800E+01  3.08000E+01  5.92000E+02
f  16   12 15   12  99  4.00000E+00  1.16300E+00
p  16   12 15   12  98  3.62310E-01 -1.62730E+00  7.68310E-02 -5.22410E-02  6.00000E+00  2.95800E+01  3.08000E+01  5.92000E+02
f  16   13 15   13  99  4.00000E+00  1.06520E+00
p  16   13 15   13  98  3.62310E-01 -1.62730E+00  7.68310E-02 -5.22410E-02  6.00000E+00  2.95800E+01  3.08000E+01  5.92000E+02
f  16   14 15   14  99  4.00000E+00  1.05420E+00
p  16   14 15   14  98  3.62310E-01 -1.62730E+00  7.68310E-02 -5.22410E-02  6.00000E+00  2.95800E+01  3.08000E+01  5.92000E+02
f  16   15 15   15  99  4.00000E+00  1.01140E+00
p  16   15 15   15  98  3.62310E-01 -1.62730E+00  7.68310E-02 -5.22410E-02  6.00000E+00  2.95800E+01  3.08000E+01  5.92000E+02
f  16    1 15   16  99  8.00000E+00  5.10000E+00
p  16    1 15   16  98  2.05350E+00 -2.00700E+00 -2.93900E-01  3.65210E-02  8.00000E+00  2.40500E+02  2.50100E+02  4.80900E+03
f  16   16 15   16  99  7.00000E+00  5.66400E+00
p  16   16 15   16  98  3.62310E-01 -1.62730E+00  7.68310E-02 -5.22410E-02  6.00000E+00  2.95800E+01  3.08000E+01  5.92000E+02
f  16   17 15   16  99  1.00000E+00  1.71080E+00
p  16   17 15   16  99  1.00000E+00  1.71080E+00
f  16   18 15   16  99  1.00000E+00  1.14310E+00
p  16   18 15   16  99  1.00000E+00  1.14310E+00
f  16   19 15   16  99  1.00000E+00  1.19800E+00
p  16   19 15   16  99  1.00000E+00  1.19800E+00
f  16   20 15   16  99  1.00000E+00  1.15600E+00
p  16   20 15   16  99  1.00000E+00  1.15600E+00
f  16   21 15   16  99  1.00000E+00  1.06720E+00
p  16   21 15   16  99  1.00000E+00  1.06720E+00
f  16   22 15   16  99  1.00000E+00  1.05520E+00
p  16   22 15   16  99  1.00000E+00  1.05520E+00
f  16   23 15   16  99  1.00000E+00  1.00150E+00
p  16   23 15   16  99  1.00000E+00  1.00150E+00
f  16    2 15   17  99  8.00000E+00  1.65410E+00
p  16    2 15   17  98  2.05350E+00 -2.00700E+00 -2.93900E-01  3.65210E-02  8.00000E+00  2.40500E+02  2.50100E+02  4.80900E+03
f  16   17 15   17  99  6.00000E+00  1.71080E+00
p  16   17 15   17  98  3.62310E-01 -1.62730E+00  7.68310E-02 -5.22410E-02  6.00000E+00  2.95800E+01  3.08000E+01  5.92000E+02
f  16    3 15   18  99  8.00000E+00  1.12480E+00
p  16    3 15   18  98  2.05350E+00 -2.00700E+00 -2.93900E-01  3.65210E-02  8.00000E+00  2.40500E+02  2.50100E+02  4.80900E+03
f  16   18 15   18  99  6.00000E+00  1.14310E+00
p  16   18 15   18  98  3.62310E-01 -1.62730E+00  7.68310E-02 -5.22410E-02  6.00000E+00  2.95800E+01  3.08000E+01  5.92000E+02
f  16    4 15   19  99  8.00000E+00  1.19200E+00
p  16    4 15   19  98  2.05350E+00 -2.00700E+00 -2.93900E-01  3.65210E-02  8.00000E+00  2.40500E+02  2.50100E+02  4.80900E+03
f  16   19 15   19  99  6.00000E+00  1.19800E+00
p  16   19 15   19  98  3.62310E-01 -1.62730E+00  7.68310E-02 -5.22410E-02  6.00000E+00  2.95800E+01  3.08000E+01  5.92000E+02
f  16    5 15   20  99  8.00000E+00  1.15200E+00
p  16    5 15   20  98  2.05350E+00 -2.00700E+00 -2.93900E-01  3.65210E-02  8.00000E+00  2.40500E+02  2.50100E+02  4.80900E+03
f  16   20 15   20  99  6.00000E+00  1.15600E+00
p  16   20 15   20  98  3.62310E-01 -1.62730E+00  7.68310E-02 -5.22410E-02  6.00000E+00  2.95800E+01  3.08000E+01  5.92000E+02
f  16    6 15   21  99  8.00000E+00  1.05820E+00
p  16    6 15   21  98  2.05350E+00 -2.00700E+00 -2.93900E-01  3.65210E-02  8.00000E+00  2.40500E+02  2.50100E+02  4.80900E+03
f  16   21 15   21  99  6.00000E+00  1.06720E+00
p  16   21 15   21  98  3.62310E-01 -1.62730E+00  7.68310E-02 -5.22410E-02  6.00000E+00  2.95800E+01  3.08000E+01  5.92000E+02
f  16    7 15   22  99  8.00000E+00  1.04820E+00
p  16    7 15   22  98  2.05350E+00 -2.00700E+00 -2.93900E-01  3.65210E-02  8.00000E+00  2.40500E+02  2.50100E+02  4.80900E+03
f  16   22 15   22  99  6.00000E+00  1.05520E+00
p  16   22 15   22  98  3.62310E-01 -1.62730E+00  7.68310E-02 -5.22410E-02  6.00000E+00  2.95800E+01  3.08000E+01  5.92000E+02
f  16    8 15   23  99  8.00000E+00  1.00150E+00
p  16    8 15   23  98  2.05350E+00 -2.00700E+00 -2.93900E-01  3.65210E-02  8.00000E+00  2.40500E+02  2.50100E+02  4.80900E+03
f  16   23 15   23  99  6.00000E+00  1.00150E+00
p  16   23 15   23  98  3.62310E-01 -1.62730E+00  7.68310E-02 -5.22410E-02  6.00000E+00  2.95800E+01  3.08000E+01  5.92000E+02
f  16    1 15   24  99  2.00000E+00  5.10000E+00
p  16    1 15   24  98  2.24910E+00 -2.45960E+00 -1.92910E-01  1.74200E-02  2.00000E+00  2.47300E+03  2.57200E+03  4.94600E+04
f  16   24 15   24  99  7.00000E+00  5.74400E+00
p  16   24 15   24  98  3.62310E-01 -1.62730E+00  7.68310E-02 -5.22410E-02  6.00000E+00  2.95800E+01  3.08000E+01  5.92000E+02
f  16   25 15   24  99  1.00000E+00  1.73400E+00
p  16   25 15   24  99  1.00000E+00  1.73400E+00
f  16   26 15   24  99  1.00000E+00  1.14220E+00
p  16   26 15   24  99  1.00000E+00  1.14220E+00
f  16   27 15   24  99  1.00000E+00  1.20700E+00
p  16   27 15   24  99  1.00000E+00  1.20700E+00
f  16   28 15   24  99  1.00000E+00  1.16500E+00
p  16   28 15   24  99  1.00000E+00  1.16500E+00
f  16   29 15   24  99  1.00000E+00  1.06810E+00
p  16   29 15   24  99  1.00000E+00  1.06810E+00
f  16   30 15   24  99  1.00000E+00  1.05610E+00
p  16   30 15   24  99  1.00000E+00  1.05610E+00
f  16   31 15   24  99  1.00000E+00  1.00150E+00
p  16   31 15   24  99  1.00000E+00  1.00150E+00
f  16    2 15   25  99  2.00000E+00  1.65410E+00
p  16    2 15   25  98  2.24910E+00 -2.45960E+00 -1.92910E-01  1.74200E-02  2.00000E+00  2.47300E+03  2.57200E+03  4.94600E+04
f  16   25 15   25  99  6.00000E+00  1.73400E+00
p  16   25 15   25  98  3.62310E-01 -1.62730E+00  7.68310E-02 -5.22410E-02  6.00000E+00  2.95800E+01  3.08000E+01  5.92000E+02
f  16    3 15   26  99  2.00000E+00  1.12480E+00
p  16    3 15   26  98  2.24910E+00 -2.45960E+00 -1.92910E-01  1.74200E-02  2.00000E+00  2.47300E+03  2.57200E+03  4.94600E+04
f  16   26 15   26  99  6.00000E+00  1.14220E+00
p  16   26 15   26  98  3.62310E-01 -1.62730E+00  7.68310E-02 -5.22410E-02  6.00000E+00  2.95800E+01  3.08000E+01  5.92000E+02
f  16    4 15   27  99  2.00000E+00  1.19200E+00
p  16    4 15   27  98  2.24910E+00 -2.45960E+00 -1.92910E-01  1.74200E-02  2.00000E+00  2.47300E+03  2.57200E+03  4.94600E+04
f  16   27 15   27  99  6.00000E+00  1.20700E+00
p  16   27 15   27  98  3.62310E-01 -1.62730E+00  7.68310E-02 -5.22410E-02  6.00000E+00  2.95800E+01  3.08000E+01  5.92000E+02
f  16    5 15   28  99  2.00000E+00  1.15200E+00
p  16    5 15   28  98  2.24910E+00 -2.45960E+00 -1.92910E-01  1.74200E-02  2.00000E+00  2.47300E+03  2.57200E+03  4.94600E+04
f  16   28 15   28  99  6.00000E+00  1.16500E+00
p  16   28 15   28  98  3.62310E-01 -1.62730E+00  7.68310E-02 -5.22410E-02  6.00000E+00  2.95800E+01  3.08000E+01  5.92000E+02
f  16    6 15   29  99  2.00000E+00  1.05820E+00
p  16    6 15   29  98  2.24910E+00 -2.45960E+00 -1.92910E-01  1.74200E-02  2.00000E+00  2.47300E+03  2.57200E+03  4.94600E+04
f  16   29 15   29  99  6.00000E+00  1.06810E+00
p  16   29 15   29  98  3.62310E-01 -1.62730E+00  7.68310E-02 -5.22410E-02  6.00000E+00  2.95800E+01  3.08000E+01  5.92000E+02
f  16    7 15   30  99  2.00000E+00  1.04820E+00
p  16    7 15   30  98  2.24910E+00 -2.45960E+00 -1.92910E-01  1.74200E-02  2.00000E+00  2.47300E+03  2.57200E+03  4.94600E+04
f  16   30 15   30  99  6.00000E+00  1.05610E+00
p  16   30 15   30  98  3.62310E-01 -1.62730E+00  7.68310E-02 -5.22410E-02  6.00000E+00  2.95800E+01  3.08000E+01  5.92000E+02
f  16    8 15   31  99  2.00000E+00  1.00150E+00
p  16    8 15   31  98  2.24910E+00 -2.45960E+00 -1.92910E-01  1.74200E-02  2.00000E+00  2.47300E+03  2.57200E+03  4.94600E+04
f  16   31 15   31  99  6.00000E+00  1.00150E+00
p  16   31 15   31  98  3.62310E-01 -1.62730E+00  7.68310E-02 -5.22410E-02  6.00000E+00  2.95800E+01  3.08000E+01  5.92000E+02
a  16    9 15    1   3.59489E+13
a  16   10 15    1   3.67873E+13
a  16   11 15    1   1.63275E+13
a  16   12 15    1   7.55417E+12
a  16   13 15    1   3.87462E+12
a  16   14 15    1   2.15013E+12
a  16   15 15    1   1.26964E+12
a  16   16 15    1   3.66282E+13
a  16   17 15    1   3.88575E+11
a  16   18 15    1   8.58195E+10
a  16   19 15    1   2.79878E+10
a  16   20 15    1   1.29488E+10
a  16   21 15    1   6.64155E+09
a  16   22 15    1   3.68550E+09
a  16   23 15    1   2.17629E+09
a  16   24 15    1   6.84705E+11
a  16   25 15    1   5.85450E+09
a  16   26 15    1   1.13907E+09
a  16   27 15    1   3.46290E+08
a  16   28 15    1   1.60218E+08
a  16   29 15    1   8.21790E+07
a  16   30 15    1   4.56030E+07
a  16   31 15    1   2.69280E+07
a  16   17 15    2   2.61630E+13
a  16   25 15    2   4.89075E+11
a  16   18 15    3   2.61630E+13
a  16   26 15    3   4.89075E+11
a  16   19 15    4   2.61630E+13
a  16   27 15    4   4.89075E+11
a  16   20 15    5   2.61630E+13
a  16   28 15    5   4.89075E+11
a  16   21 15    6   2.61630E+13
a  16   29 15    6   4.89075E+11
a  16   22 15    7   2.61630E+13
a  16   30 15    7   4.89075E+11
a  16   23 15    8   2.61630E+13
a  16   31 15    8   4.89075E+11
a  16   24 15   16   4.44276E+13
a  16   25 15   16   1.97948E+11
a  16   26 15   16   3.89432E+10
a  16   27 15   16   1.18940E+10
a  16   28 15   16   5.50280E+09
a  16   29 15   16   2.82252E+09
a  16   30 15   16   1.56628E+09
a  16   31 15   16   9.24880E+08
a  16   25 15   17   3.80808E+13
a  16   26 15   18   3.80808E+13
a  16   27 15   19   3.80808E+13
a  16   28 15   20   3.80808E+13
a  16   29 15   21   3.80808E+13
a  16   30 15   22   3.80808E+13
a  16   31 15   23   3.80808E+13
