0    1    1         0.000000
    0    1    1   barenucl         0.000000  1.00000E+00  1.00000E+00  0.00000E+00  0.00000E+00    1   0  0 0 0 0 0 0 0 0 0 0
1   10   10      8571.500000
    1    1    2   h_100001         0.000000  2.00000E+00  2.50000E+01  8.57150E+03  0.00000E+00    1   1  1 0 0 0 0 0 0 0 0 0
    1    2    3   h_010002      6436.358810  8.00000E+00  2.50000E+01  2.13514E+03  1.81412E+14    1   2  0 1 0 0 0 0 0 0 0 0
    1    3    4   h_001003      7624.079784  1.80000E+01  2.50000E+01  9.47420E+02  3.89781E+13    1   3  0 0 1 0 0 0 0 0 0 0
    1    4    5   h_000104      8039.111242  3.20000E+01  2.50000E+01  5.32389E+02  1.18386E+13    1   4  0 0 0 1 0 0 0 0 0 0
    1    5    6   h_000005      8230.957640  5.00000E+01  2.50000E+01  3.40542E+02  4.53933E+12    1   5  0 0 0 0 1 0 0 0 0 0
    1    6    7   h_000006      8335.089958  7.20000E+01  2.50000E+01  2.36410E+02  2.04015E+12    1   6  0 0 0 0 0 1 0 0 0 0
    1    7    8   h_000007      8397.847833  9.80000E+01  2.50000E+01  1.73652E+02  1.02876E+12    1   7  0 0 0 0 0 0 1 0 0 0
    1    8    9   h_000008      8438.566794  1.28000E+02  2.50000E+01  1.32933E+02  5.65387E+11    1   8  0 0 0 0 0 0 0 1 0 0
    1    9   10   h_000009      8466.477174  1.62000E+02  2.50000E+01  1.05023E+02  3.32099E+11    1   9  0 0 0 0 0 0 0 0 1 0
    1   10   11   h_000010      8486.437967  2.00000E+02  2.50000E+01  8.50620E+01  1.90905E+11    1  10  0 0 0 0 0 0 0 0 0 1
2   19   10      8137.500000
    2    1   12   he200001         0.000000  1.00000E+00  2.48438E+01  8.13750E+03  0.00000E+00    1   1  2 0 0 0 0 0 0 0 0 0
    2    2   13   he110002      6163.543037  1.60000E+01  2.40620E+01  1.97396E+03  7.96114E+13    1   2  1 1 0 0 0 0 0 0 0 0
    2    3   14   he101003      7253.379850  3.60000E+01  2.40160E+01  8.84120E+02  2.39034E+13    1   3  1 0 1 0 0 0 0 0 0 0
    2    4   15   he100104      7646.730084  6.40000E+01  2.40046E+01  4.90770E+02  8.19876E+12    1   4  1 0 0 1 0 0 0 0 0 0
    2    5   16   he100005      7823.607616  1.00000E+02  2.40030E+01  3.13892E+02  3.23541E+12    1   5  1 0 0 0 1 0 0 0 0 0
    2    6   17   he100006      7919.585209  1.44000E+02  2.40030E+01  2.17915E+02  1.45694E+12    1   6  1 0 0 0 0 1 0 0 0 0
    2    7   18   he100007      7977.457336  1.96000E+02  2.40010E+01  1.60043E+02  7.47280E+11    1   7  1 0 0 0 0 0 1 0 0 0
    2    8   19   he100008      8014.992867  2.56000E+02  2.40001E+01  1.22507E+02  4.15601E+11    1   8  1 0 0 0 0 0 0 1 0 0
    2    9   20   he100009      8040.713429  3.24000E+02  2.40001E+01  9.67866E+01  2.46414E+11    1   9  1 0 0 0 0 0 0 0 1 0
    2   10   21   he100010      8059.108361  4.00000E+02  2.40001E+01  7.83916E+01  1.41125E+11    1  10  1 0 0 0 0 0 0 0 0 1
    2   11   22   he020002     12546.415186  2.80000E+01  2.46981E+01  2.02744E+03  4.42937E+14    2   2  0 2 0 0 0 0 0 0 0 0
    2   12   23   he011003     13673.890358  1.44000E+02  2.40960E+01  8.99968E+02  2.17939E+14    2   3  0 1 1 0 0 0 0 0 0 0
    2   13   24   he010104     14082.138245  2.56000E+02  2.40278E+01  4.91721E+02  1.87051E+14    2   4  0 1 0 1 0 0 0 0 0 0
    2   14   25   he010005     14259.989992  4.00000E+02  2.40021E+01  3.13869E+02  1.78568E+14    2   5  0 1 0 0 1 0 0 0 0 0
    2   15   26   he010006     14355.780438  5.76000E+02  2.40120E+01  2.18078E+02  1.75747E+14    2   6  0 1 0 0 0 1 0 0 0 0
    2   16   27   he010007     14413.696021  7.84000E+02  2.40100E+01  1.60163E+02  1.74688E+14    2   7  0 1 0 0 0 0 1 0 0 0
    2   17   28   he010008     14451.342484  1.02400E+03  2.40010E+01  1.22516E+02  1.74217E+14    2   8  0 1 0 0 0 0 0 1 0 0
    2   18   29   he010009     14477.064977  1.29600E+03  2.40010E+01  9.67938E+01  1.73978E+14    2   9  0 1 0 0 0 0 0 0 1 0
    2   19   30   he010010     14495.467171  1.60000E+03  2.40001E+01  7.83916E+01  1.73839E+14    2  10  0 1 0 0 0 0 0 0 0 1
3   18    9      1879.000000
    3    1   31   li210002         0.000000  8.00000E+00  2.31240E+01  1.87900E+03  0.00000E+00    1   2  2 1 0 0 0 0 0 0 0 0
    3    2   32   li201003      1055.207486  1.80000E+01  2.30320E+01  8.23793E+02  1.31756E+13    1   3  2 0 1 0 0 0 0 0 0 0
    3    3   33   li200104      1428.147399  3.20000E+01  2.30092E+01  4.50853E+02  5.41555E+12    1   4  2 0 0 1 0 0 0 0 0 0
    3    4   34   li200005      1590.668398  5.00000E+01  2.30060E+01  2.88332E+02  2.20906E+12    1   5  2 0 0 0 1 0 0 0 0 0
    3    5   35   li200006      1678.825445  7.20000E+01  2.30060E+01  2.00175E+02  1.02654E+12    1   6  2 0 0 0 0 1 0 0 0 0
    3    6   36   li200007      1732.010557  9.80000E+01  2.30020E+01  1.46989E+02  5.36526E+11    1   7  2 0 0 0 0 0 1 0 0 0
    3    7   37   li200008      1766.492610  1.28000E+02  2.30002E+01  1.12507E+02  3.02384E+11    1   8  2 0 0 0 0 0 0 1 0 0
    3    8   38   li200009      1790.113022  1.62000E+02  2.30002E+01  8.88870E+01  1.81081E+11    1   9  2 0 0 0 0 0 0 0 1 0
    3    9   39   li200010      1807.006173  2.00000E+02  2.30002E+01  7.19938E+01  1.03313E+11    1  10  2 0 0 0 0 0 0 0 0 1
    3   10   40   li120002      6115.453506  5.60000E+01  2.37601E+01  1.92709E+03  1.93842E+14    2   2  1 2 0 0 0 0 0 0 0 0
    3   11   41   li111003      7223.143745  2.88000E+02  2.31120E+01  8.19399E+02  1.01908E+14    2   3  1 1 1 0 0 0 0 0 0 0
    3   12   42   li110104      7590.779429  5.12000E+02  2.30324E+01  4.51764E+02  8.33709E+13    2   4  1 1 0 1 0 0 0 0 0 0
    3   13   43   li110005      7754.234018  8.00000E+02  2.30051E+01  2.88309E+02  7.81494E+13    2   5  1 1 0 0 1 0 0 0 0 0
    3   14   44   li110006      7842.211715  1.15200E+03  2.30150E+01  2.00331E+02  7.63424E+13    2   6  1 1 0 0 0 1 0 0 0 0
    3   15   45   li110007      7895.438480  1.56800E+03  2.30110E+01  1.47105E+02  7.56438E+13    2   7  1 1 0 0 0 0 1 0 0 0
    3   16   46   li110008      7930.026838  2.04800E+03  2.30011E+01  1.12516E+02  7.53247E+13    2   8  1 1 0 0 0 0 0 1 0 0
    3   17   47   li110009      7953.649100  2.59200E+03  2.30011E+01  8.88939E+01  7.51618E+13    2   9  1 1 0 0 0 0 0 0 1 0
    3   18   48   li110010      7970.549210  3.20000E+03  2.30002E+01  7.19938E+01  7.50631E+13    2  10  1 1 0 0 0 0 0 0 0 1
4   26    9      1780.000000
    4    1   49   be220002         0.000000  2.80000E+01  2.28221E+01  1.78000E+03  0.00000E+00    1   2  2 2 0 0 0 0 0 0 0 0
    4    2   50   be211003      1018.200770  1.44000E+02  2.21280E+01  7.61799E+02  1.01108E+13    1   3  2 1 1 0 0 0 0 0 0 0
    4    3   51   be210104      1366.493134  2.56000E+02  2.20370E+01  4.13507E+02  4.45556E+12    1   4  2 1 0 1 0 0 0 0 0 0
    4    4   52   be210005      1516.162181  4.00000E+02  2.20081E+01  2.63838E+02  1.83854E+12    1   5  2 1 0 0 1 0 0 0 0 0
    4    5   53   be210006      1596.661009  5.76000E+02  2.20180E+01  1.83339E+02  8.42576E+11    1   6  2 1 0 0 0 1 0 0 0 0
    4    6   54   be210007      1645.397561  7.84000E+02  2.20120E+01  1.34602E+02  4.43365E+11    1   7  2 1 0 0 0 0 1 0 0 0
    4    7   55   be210008      1677.057699  1.02400E+03  2.20012E+01  1.02942E+02  2.51140E+11    1   8  2 1 0 0 0 0 0 1 0 0
    4    8   56   be210009      1698.669362  1.29600E+03  2.20012E+01  8.13306E+01  1.50501E+11    1   9  2 1 0 0 0 0 0 0 1 0
    4    9   57   be210010      1714.131446  1.60000E+03  2.20003E+01  6.58686E+01  8.62927E+10    1  10  2 1 0 0 0 0 0 0 0 1
    4   10   58   be202003      2078.634757  1.53000E+02  2.26920E+01  7.56573E+02  2.83772E+14    2   3  2 0 2 0 0 0 0 0 0 0
    4   11   59   be201104      2419.567082  5.76000E+02  2.20937E+01  4.15640E+02  6.98018E+13    2   4  2 0 1 1 0 0 0 0 0 0
    4   12   60   be201005      2570.930300  9.00000E+02  2.20264E+01  2.64277E+02  3.16876E+13    2   5  2 0 1 0 1 0 0 0 0 0
    4   13   61   be201006      2651.768491  1.29600E+03  2.20240E+01  1.83439E+02  2.03444E+13    2   6  2 0 1 0 0 1 0 0 0 0
    4   14   62   be201007      2700.556097  1.76400E+03  2.20160E+01  1.34651E+02  1.61346E+13    2   7  2 0 1 0 0 0 1 0 0 0
    4   15   63   be201008      2732.180911  2.30400E+03  2.20102E+01  1.03027E+02  1.43431E+13    2   8  2 0 1 0 0 0 0 1 0 0
    4   16   64   be201009      2753.825069  2.91600E+03  2.20082E+01  8.13824E+01  1.34946E+13    2   9  2 0 1 0 0 0 0 0 1 0
    4   17   65   be201010      2769.338932  3.60000E+03  2.20003E+01  6.58686E+01  1.30493E+13    2  10  2 0 1 0 0 0 0 0 0 1
    4   18   66   be130002      6071.563241  1.12000E+02  2.34582E+01  1.82389E+03  3.45827E+14   10   2  1 3 0 0 0 0 0 0 0 0
    4   19   67   be121003      7138.269131  1.00800E+03  2.22080E+01  7.57184E+02  2.15732E+14   10   3  1 2 1 0 0 0 0 0 0 0
    4   20   68   be120104      7481.074323  1.79200E+03  2.20602E+01  4.14379E+02  1.96521E+14   10   4  1 2 0 1 0 0 0 0 0 0
    4   21   69   be120005      7631.637286  2.80000E+03  2.20072E+01  2.63816E+02  1.91354E+14   10   5  1 2 0 0 1 0 0 0 0 0
    4   22   70   be120006      7711.964499  4.03200E+03  2.20270E+01  1.83489E+02  1.89574E+14   10   6  1 2 0 0 0 1 0 0 0 0
    4   23   71   be120007      7760.740917  5.48800E+03  2.20210E+01  1.34713E+02  1.88910E+14   10   7  1 2 0 0 0 0 1 0 0 0
    4   24   72   be120008      7792.502779  7.16800E+03  2.20021E+01  1.02951E+02  1.88611E+14   10   8  1 2 0 0 0 0 0 1 0 0
    4   25   73   be120009      7814.116211  9.07200E+03  2.20021E+01  8.13373E+01  1.88457E+14   10   9  1 2 0 0 0 0 0 0 1 0
    4   26   74   be120010      7829.584952  1.12000E+04  2.20003E+01  6.58686E+01  1.88367E+14   10  10  1 2 0 0 0 0 0 0 0 1
5   26    9      1640.000000
    5    1   75   b_230002         0.000000  5.60000E+01  2.25202E+01  1.64000E+03  0.00000E+00    1   2  2 3 0 0 0 0 0 0 0 0
    5    2   76   b_221003       937.691052  5.04000E+02  2.12240E+01  7.02309E+02  6.96564E+12    1   3  2 2 1 0 0 0 0 0 0 0
    5    3   77   b_220104      1262.218211  8.96000E+02  2.10648E+01  3.77782E+02  3.51929E+12    1   4  2 2 0 1 0 0 0 0 0 0
    5    4   78   b_220005      1399.565968  1.40000E+03  2.10102E+01  2.40434E+02  1.48268E+12    1   5  2 2 0 0 1 0 0 0 0 0
    5    5   79   b_220006      1472.755704  2.01600E+03  2.10300E+01  1.67244E+02  6.79764E+11    1   6  2 2 0 0 0 1 0 0 0 0
    5    6   80   b_220007      1517.238586  2.74400E+03  2.10220E+01  1.22761E+02  3.60398E+11    1   7  2 2 0 0 0 0 1 0 0 0
    5    7   81   b_220008      1546.197424  3.58400E+03  2.10022E+01  9.38026E+01  2.05272E+11    1   8  2 2 0 0 0 0 0 1 0 0
    5    8   82   b_220009      1565.889773  4.53600E+03  2.10022E+01  7.41102E+01  1.23133E+11    1   9  2 2 0 0 0 0 0 0 1 0
    5    9   83   b_220010      1579.984222  5.60000E+03  2.10004E+01  6.00158E+01  7.07309E+10    1  10  2 2 0 0 0 0 0 0 0 1
    5   10   84   b_212003      1961.737916  1.22400E+03  2.17880E+01  6.96463E+02  2.29455E+14    2   3  2 1 2 0 0 0 0 0 0 0
    5   11   85   b_211104      2278.379930  4.60800E+03  2.11215E+01  3.79821E+02  5.58882E+13    2   4  2 1 1 1 0 0 0 0 0 0
    5   12   86   b_211005      2417.347355  7.20000E+03  2.10285E+01  2.40853E+02  2.50817E+13    2   5  2 1 1 0 1 0 0 0 0 0
    5   13   87   b_211006      2490.860969  1.03680E+04  2.10360E+01  1.67340E+02  1.59458E+13    2   6  2 1 1 0 0 1 0 0 0 0
    5   14   88   b_211007      2535.392611  1.41120E+04  2.10260E+01  1.22808E+02  1.25718E+13    2   7  2 1 1 0 0 0 1 0 0 0
    5   15   89   b_211008      2564.317753  1.84320E+04  2.10112E+01  9.38830E+01  1.11349E+13    2   8  2 1 1 0 0 0 0 1 0 0
    5   16   90   b_211009      2584.041118  2.33280E+04  2.10092E+01  7.41597E+01  1.04533E+13    2   9  2 1 1 0 0 0 0 0 1 0
    5   17   91   b_211010      2598.184992  2.88000E+04  2.10004E+01  6.00158E+01  1.00955E+13    2  10  2 1 1 0 0 0 0 0 0 1
    5   18   92   b_140002      6033.147716  1.40000E+02  2.31563E+01  1.67842E+03  5.27916E+14   18   2  1 4 0 0 0 0 0 0 0 0
    5   19   93   b_131003      7014.090547  2.01600E+03  2.13040E+01  6.97473E+02  3.61949E+14   18   3  1 3 1 0 0 0 0 0 0 0
    5   20   94   b_130104      7332.947795  3.58400E+03  2.10880E+01  3.78615E+02  3.42622E+14   18   4  1 3 0 1 0 0 0 0 0 0
    5   21   95   b_130005      7471.149825  5.60000E+03  2.10093E+01  2.40413E+02  3.37608E+14   18   5  1 3 0 0 1 0 0 0 0 0
    5   22   96   b_130006      7544.175676  8.06400E+03  2.10390E+01  1.67388E+02  3.35894E+14   18   6  1 3 0 0 0 1 0 0 0 0
    5   23   97   b_130007      7588.696639  1.09760E+04  2.10310E+01  1.22867E+02  3.35266E+14   18   7  1 3 0 0 0 0 1 0 0 0
    5   24   98   b_130008      7617.752622  1.43360E+04  2.10031E+01  9.38106E+01  3.34987E+14   18   8  1 3 0 0 0 0 0 1 0 0
    5   25   99   b_130009      7637.446660  1.81440E+04  2.10031E+01  7.41166E+01  3.34844E+14   18   9  1 3 0 0 0 0 0 0 1 0
    5   26  100   b_130010      7651.547463  2.24000E+04  2.10004E+01  6.00158E+01  3.34760E+14   18  10  1 3 0 0 0 0 0 0 0 1
6   26    9      1563.000000
    6    1  101   c_240002         0.000000  7.00000E+01  2.22183E+01  1.56300E+03  0.00000E+00    1   2  2 4 0 0 0 0 0 0 0 0
    6    2  102   c_231003       917.680916  1.00800E+03  2.03200E+01  6.45319E+02  5.34523E+12    1   3  2 3 1 0 0 0 0 0 0 0
    6    3  103   c_230104      1219.323774  1.79200E+03  2.00926E+01  3.43676E+02  2.86789E+12    1   4  2 3 0 1 0 0 0 0 0 0
    6    4  104   c_230005      1344.880305  2.80000E+03  2.00123E+01  2.18120E+02  1.21501E+12    1   5  2 3 0 0 1 0 0 0 0 0
    6    5  105   c_230006      1411.109798  4.03200E+03  2.00420E+01  1.51890E+02  5.53265E+11    1   6  2 3 0 0 0 1 0 0 0 0
    6    6  106   c_230007      1451.533782  5.48800E+03  2.00320E+01  1.11466E+02  2.94402E+11    1   7  2 3 0 0 0 0 1 0 0 0
    6    7  107   c_230008      1477.911880  7.16800E+03  2.00032E+01  8.50881E+01  1.68251E+11    1   8  2 3 0 0 0 0 0 1 0 0
    6    8  108   c_230009      1495.774314  9.07200E+03  2.00032E+01  6.72257E+01  1.00861E+11    1   9  2 3 0 0 0 0 0 0 1 0
    6    9  109   c_230010      1508.564541  1.12000E+04  2.00005E+01  5.44355E+01  5.79666E+10    1  10  2 3 0 0 0 0 0 0 0 1
    6   10  110   c_222003      1861.837039  4.28400E+03  2.08840E+01  6.38854E+02  1.80634E+14    2   3  2 2 2 0 0 0 0 0 0 0
    6   11  111   c_221104      2155.070196  1.61280E+04  2.01493E+01  3.45621E+02  4.32717E+13    2   4  2 2 1 1 0 0 0 0 0 0
    6   12  112   c_221005      2282.171948  2.52000E+04  2.00306E+01  2.18519E+02  1.89127E+13    2   5  2 2 1 0 1 0 0 0 0 0
    6   13  113   c_221006      2348.709841  3.62880E+04  2.00480E+01  1.51981E+02  1.17028E+13    2   6  2 2 1 0 0 1 0 0 0 0
    6   14  114   c_221007      2389.180294  4.93920E+04  2.00360E+01  1.11511E+02  9.05145E+12    2   7  2 2 1 0 0 0 1 0 0 0
    6   15  115   c_221008      2415.526321  6.45120E+04  2.00122E+01  8.51647E+01  7.92114E+12    2   8  2 2 1 0 0 0 0 1 0 0
    6   16  116   c_221009      2433.418294  8.16480E+04  2.00102E+01  6.72728E+01  7.38416E+12    2   9  2 2 1 0 0 0 0 0 1 0
    6   17  117   c_221010      2446.255593  1.00800E+05  2.00005E+01  5.44355E+01  7.10190E+12    2  10  2 2 1 0 0 0 0 0 0 1
    6   18  118   c_150002      5998.402512  1.12000E+02  2.28544E+01  1.59775E+03  7.33164E+14   18   2  1 5 0 0 0 0 0 0 0 0
    6   19  119   c_141003      6955.886061  2.52000E+03  2.04000E+01  6.40262E+02  5.36901E+14   18   3  1 4 1 0 0 0 0 0 0 0
    6   20  120   c_140104      7251.676468  4.48000E+03  2.01158E+01  3.44471E+02  5.16760E+14   18   4  1 4 0 1 0 0 0 0 0 0
    6   21  121   c_140005      7378.047656  7.00000E+03  2.00114E+01  2.18100E+02  5.11788E+14   18   5  1 4 0 0 1 0 0 0 0 0
    6   22  122   c_140006      7444.120991  1.00800E+04  2.00510E+01  1.52027E+02  5.10128E+14   18   6  1 4 0 0 0 1 0 0 0 0
    6   23  123   c_140007      7484.581273  1.37200E+04  2.00410E+01  1.11566E+02  5.09531E+14   18   7  1 4 0 0 0 0 1 0 0 0
    6   24  124   c_140008      7511.051937  1.79200E+04  2.00041E+01  8.50958E+01  5.09271E+14   18   8  1 4 0 0 0 0 0 1 0 0
    6   25  125   c_140009      7528.915980  2.26800E+04  2.00041E+01  6.72317E+01  5.09136E+14   18   9  1 4 0 0 0 0 0 0 1 0
    6   26  126   c_140010      7541.712258  2.80000E+04  2.00005E+01  5.44355E+01  5.09059E+14   18  10  1 4 0 0 0 0 0 0 0 1
7   26    9      1431.000000
    7    1  127   n_250002         0.000000  5.60000E+01  2.19164E+01  1.43100E+03  0.00000E+00    1   2  2 5 0 0 0 0 0 0 0 0
    7    2  128   n_241003       850.428582  1.26000E+03  1.94160E+01  5.80571E+02  3.49439E+12    1   3  2 4 1 0 0 0 0 0 0 0
    7    3  129   n_240104      1119.810916  2.24000E+03  1.91204E+01  3.11189E+02  2.10513E+12    1   4  2 4 0 1 0 0 0 0 0 0
    7    4  130   n_240005      1234.105713  3.50000E+03  1.90144E+01  1.96894E+02  9.36809E+11    1   5  2 4 0 0 1 0 0 0 0 0
    7    5  131   n_240006      1293.723547  5.04000E+03  1.90540E+01  1.37276E+02  4.29904E+11    1   6  2 4 0 0 0 1 0 0 0 0
    7    6  132   n_240007      1330.283294  6.86000E+03  1.90420E+01  1.00717E+02  2.31294E+11    1   7  2 4 0 0 0 0 1 0 0 0
    7    7  133   n_240008      1354.201155  8.96000E+03  1.90042E+01  7.67988E+01  1.33228E+11    1   8  2 4 0 0 0 0 0 1 0 0
    7    8  134   n_240009      1370.323043  1.13400E+04  1.90042E+01  6.06770E+01  7.99970E+10    1   9  2 4 0 0 0 0 0 0 1 0
    7    9  135   n_240010      1381.872442  1.40000E+04  1.90006E+01  4.91276E+01  4.59943E+10    1  10  2 4 0 0 0 0 0 0 0 1
    7   10  136   n_232003      1775.425023  8.56800E+03  1.99800E+01  5.73256E+02  1.45797E+14    2   3  2 3 2 0 0 0 0 0 0 0
    7   11  137   n_231104      2035.641562  3.22560E+04  1.91771E+01  3.13039E+02  3.28697E+13    2   4  2 3 1 1 0 0 0 0 0 0
    7   12  138   n_231005      2151.407185  5.04000E+04  1.90327E+01  1.97274E+02  1.42730E+13    2   5  2 3 1 0 1 0 0 0 0 0
    7   13  139   n_231006      2211.317950  7.25760E+04  1.90600E+01  1.37363E+02  8.82945E+12    2   6  2 3 1 0 0 1 0 0 0 0
    7   14  140   n_231007      2247.921875  9.87840E+04  1.90460E+01  1.00759E+02  6.85021E+12    2   7  2 3 1 0 0 0 1 0 0 0
    7   15  141   n_231008      2271.809290  1.29024E+05  1.90132E+01  7.68716E+01  6.00494E+12    2   8  2 3 1 0 0 0 0 1 0 0
    7   16  142   n_231009      2287.959240  1.63296E+05  1.90112E+01  6.07217E+01  5.60231E+12    2   9  2 3 1 0 0 0 0 0 1 0
    7   17  143   n_231010      2299.553358  2.01600E+05  1.90006E+01  4.91276E+01  5.39023E+12    2  10  2 3 1 0 0 0 0 0 0 1
    7   18  144   n_160002      5969.054271  5.60000E+01  2.25525E+01  1.46035E+03  1.00722E+15   18   2  1 6 0 0 0 0 0 0 0 0
    7   19  145   n_151003      6854.194313  2.01600E+03  1.94960E+01  5.75208E+02  7.67908E+14   18   3  1 5 1 0 0 0 0 0 0 0
    7   20  146   n_150104      7117.457014  3.58400E+03  1.91436E+01  3.11945E+02  7.45729E+14   18   4  1 5 0 1 0 0 0 0 0 0
    7   21  147   n_150005      7232.526876  5.60000E+03  1.90135E+01  1.96876E+02  7.40840E+14   18   5  1 5 0 0 1 0 0 0 0 0
    7   22  148   n_150006      7291.996278  8.06400E+03  1.90630E+01  1.37406E+02  7.39219E+14   18   6  1 5 0 0 0 1 0 0 0 0
    7   23  149   n_150007      7328.590540  1.09760E+04  1.90510E+01  1.00812E+02  7.38645E+14   18   7  1 5 0 0 0 0 1 0 0 0
    7   24  150   n_150008      7352.596390  1.43360E+04  1.90051E+01  7.68061E+01  7.38398E+14   18   8  1 5 0 0 0 0 0 1 0 0
    7   25  151   n_150009      7368.719806  1.81440E+04  1.90051E+01  6.06827E+01  7.38270E+14   18   9  1 5 0 0 0 0 0 0 1 0
    7   26  152   n_150010      7380.274953  2.24000E+04  1.90006E+01  4.91276E+01  7.38199E+14   18  10  1 5 0 0 0 0 0 0 0 1
8   26    9      1313.000000
    8    1  153   o_260002         0.000000  2.80000E+01  2.16145E+01  1.31300E+03  0.00000E+00    1   2  2 6 0 0 0 0 0 0 0 0
    8    2  154   o_251003       795.631321  1.00800E+03  1.85120E+01  5.17369E+02  2.17754E+12    1   3  2 5 1 0 0 0 0 0 0 0
    8    3  155   o_250104      1032.680679  1.79200E+03  1.81482E+01  2.80319E+02  1.49228E+12    1   4  2 5 0 1 0 0 0 0 0 0
    8    4  156   o_250005      1136.242685  2.80000E+03  1.80165E+01  1.76757E+02  7.07997E+11    1   5  2 5 0 0 1 0 0 0 0 0
    8    5  157   o_250006      1189.597196  4.03200E+03  1.80660E+01  1.23403E+02  3.27929E+11    1   6  2 5 0 0 0 1 0 0 0 0
    8    6  158   o_250007      1222.487260  5.48800E+03  1.80520E+01  9.05127E+01  1.78725E+11    1   7  2 5 0 0 0 0 1 0 0 0
    8    7  159   o_250008      1244.065334  7.16800E+03  1.80052E+01  6.89347E+01  1.03904E+11    1   8  2 5 0 0 0 0 0 1 0 0
    8    8  160   o_250009      1258.536014  9.07200E+03  1.80052E+01  5.44640E+01  6.24966E+10    1   9  2 5 0 0 0 0 0 0 1 0
    8    9  161   o_250010      1268.907959  1.12000E+04  1.80007E+01  4.40920E+01  3.59445E+10    1  10  2 5 0 0 0 0 0 0 0 1
    8   10  162   o_242003      1654.269943  1.07100E+04  1.90760E+01  5.09159E+02  1.06646E+14    2   3  2 4 2 0 0 0 0 0 0 0
    8   11  163   o_241104      1881.353292  4.03200E+04  1.82049E+01  2.82075E+02  2.35261E+13    2   4  2 4 1 1 0 0 0 0 0 0
    8   12  164   o_241005      1986.311780  6.30000E+04  1.80348E+01  1.77117E+02  1.00072E+13    2   5  2 4 1 0 1 0 0 0 0 0
    8   13  165   o_241006      2039.943758  9.07200E+04  1.80720E+01  1.23485E+02  6.03981E+12    2   6  2 4 1 0 0 1 0 0 0 0
    8   14  166   o_241007      2072.875711  1.23480E+05  1.80560E+01  9.05529E+01  4.60366E+12    2   7  2 4 1 0 0 0 1 0 0 0
    8   15  167   o_241008      2094.424965  1.61280E+05  1.80142E+01  6.90036E+01  3.98877E+12    2   8  2 4 1 0 0 0 0 1 0 0
    8   16  168   o_241009      2108.922229  2.04120E+05  1.80122E+01  5.45064E+01  3.69484E+12    2   9  2 4 1 0 0 0 0 0 1 0
    8   17  169   o_241010      2119.336542  2.52000E+05  1.80007E+01  4.40920E+01  3.53956E+12    2  10  2 4 1 0 0 0 0 0 0 1
    8   18  170   o_170002      5944.764703  1.60000E+01  2.22506E+01  1.33729E+03  1.25848E+15   18   2  1 7 0 0 0 0 0 0 0 0
    8   19  171   o_161003      6770.370919  1.00800E+03  1.85920E+01  5.11683E+02  9.92909E+14   18   3  1 6 1 0 0 0 0 0 0 0
    8   20  172   o_160104      7001.017122  1.79200E+03  1.81714E+01  2.81037E+02  9.70284E+14   18   4  1 6 0 1 0 0 0 0 0 0
    8   21  173   o_160005      7105.314627  2.80000E+03  1.80156E+01  1.76740E+02  9.65590E+14   18   5  1 6 0 0 1 0 0 0 0 0
    8   22  174   o_160006      7158.528427  4.03200E+03  1.80750E+01  1.23526E+02  9.64061E+14   18   6  1 6 0 0 0 1 0 0 0 0
    8   23  175   o_160007      7191.451224  5.48800E+03  1.80610E+01  9.06030E+01  9.63528E+14   18   7  1 6 0 0 0 0 1 0 0 0
    8   24  176   o_160008      7213.112712  7.16800E+03  1.80061E+01  6.89416E+01  9.63301E+14   18   8  1 6 0 0 0 0 0 1 0 0
    8   25  177   o_160009      7227.584839  9.07200E+03  1.80061E+01  5.44694E+01  9.63183E+14   18   9  1 6 0 0 0 0 0 0 1 0
    8   26  178   o_160010      7237.962230  1.12000E+04  1.80007E+01  4.40920E+01  9.63118E+14   18  10  1 6 0 0 0 0 0 0 0 1
9   26    9      1220.000000
    9    1  179   f_270002         0.000000  8.00000E+00  2.13126E+01  1.22000E+03  0.00000E+00    1   2  2 7 0 0 0 0 0 0 0 0
    9    2  180   f_261003       754.077407  5.04000E+02  1.76080E+01  4.65923E+02  1.23020E+12    1   3  2 6 1 0 0 0 0 0 0 0
    9    3  181   f_260104       968.934053  8.96000E+02  1.71760E+01  2.51066E+02  1.08455E+12    1   4  2 6 0 1 0 0 0 0 0 0
    9    4  182   f_260005      1062.291693  1.40000E+03  1.70186E+01  1.57708E+02  5.36148E+11    1   5  2 6 0 0 1 0 0 0 0 0
    9    5  183   f_260006      1109.730975  2.01600E+03  1.70780E+01  1.10269E+02  2.49185E+11    1   6  2 6 0 0 0 1 0 0 0 0
    9    6  184   f_260007      1139.145809  2.74400E+03  1.70620E+01  8.08542E+01  1.37245E+11    1   7  2 6 0 0 0 0 1 0 0 0
    9    7  185   f_260008      1158.504498  3.58400E+03  1.70062E+01  6.14955E+01  8.04663E+10    1   8  2 6 0 0 0 0 0 1 0 0
    9    8  186   f_260009      1171.413277  4.53600E+03  1.70062E+01  4.85867E+01  4.84347E+10    1   9  2 6 0 0 0 0 0 0 1 0
    9    9  187   f_260010      1180.671128  5.60000E+03  1.70008E+01  3.93289E+01  2.78728E+10    1  10  2 6 0 0 0 0 0 0 0 1
    9   10  188   f_252003      1558.609854  8.56800E+03  1.81720E+01  4.57021E+02  7.25609E+13    2   3  2 5 2 0 0 0 0 0 0 0
    9   11  189   f_251104      1762.903647  3.22560E+04  1.72327E+01  2.52728E+02  1.58276E+13    2   4  2 5 1 1 0 0 0 0 0 0
    9   12  190   f_251005      1857.583474  5.04000E+04  1.70369E+01  1.58048E+02  6.62695E+12    2   5  2 5 1 0 1 0 0 0 0 0
    9   13  191   f_251006      1905.284768  7.25760E+04  1.70840E+01  1.10347E+02  3.91537E+12    2   6  2 5 1 0 0 1 0 0 0 0
    9   14  192   f_251007      1934.739202  9.87840E+04  1.70660E+01  8.08921E+01  2.93721E+12    2   7  2 5 1 0 0 0 1 0 0 0
    9   15  193   f_251008      1954.070696  1.29024E+05  1.70152E+01  6.15606E+01  2.51691E+12    2   8  2 5 1 0 0 0 0 1 0 0
    9   16  194   f_251009      1967.004584  1.63296E+05  1.70132E+01  4.86267E+01  2.31491E+12    2   9  2 5 1 0 0 0 0 0 1 0
    9   17  195   f_251010      1976.302449  2.01600E+05  1.70008E+01  3.93289E+01  2.20769E+12    2  10  2 5 1 0 0 0 0 0 0 1
    9   18  196   f_180002      5924.832868  2.00000E+00  2.19487E+01  1.23993E+03  1.51759E+15   18   2  1 8 0 0 0 0 0 0 0 0
    9   19  197   f_171003      6704.775268  2.88000E+02  1.76880E+01  4.59989E+02  1.22957E+15   18   3  1 7 1 0 0 0 0 0 0 0
    9   20  198   f_170104      6913.019488  5.12000E+02  1.71992E+01  2.51745E+02  1.20675E+15   18   4  1 7 0 1 0 0 0 0 0 0
    9   21  199   f_170005      7007.073085  8.00000E+02  1.70177E+01  1.57692E+02  1.20223E+15   18   5  1 7 0 0 1 0 0 0 0 0
    9   22  200   f_170006      7054.379376  1.15200E+03  1.70870E+01  1.10385E+02  1.20078E+15   18   6  1 7 0 0 0 1 0 0 0 0
    9   23  201   f_170007      7083.825163  1.56800E+03  1.70710E+01  8.09395E+01  1.20028E+15   18   7  1 7 0 0 0 0 1 0 0 0
    9   24  202   f_170008      7103.262690  2.04800E+03  1.70071E+01  6.15020E+01  1.20007E+15   18   8  1 7 0 0 0 0 0 1 0 0
    9   25  203   f_170009      7116.172836  2.59200E+03  1.70071E+01  4.85919E+01  1.19996E+15   18   9  1 7 0 0 0 0 0 0 1 0
    9   26  204   f_170010      7125.435831  3.20000E+03  1.70008E+01  3.93289E+01  1.19990E+15   18  10  1 7 0 0 0 0 0 0 0 1
10   25    9      1136.199951
   10    1  205   ne280002         0.000000  1.00000E+00  2.10107E+01  1.13620E+03  0.00000E+00    1   2  2 8 0 0 0 0 0 0 0 0
   10    2  206   ne271003       716.439960  1.44000E+02  1.67040E+01  4.19760E+02  5.18446E+11    1   3  2 7 1 0 0 0 0 0 0 0
   10    3  207   ne270104       912.771925  2.56000E+02  1.62038E+01  2.23428E+02  7.74889E+11    1   4  2 7 0 1 0 0 0 0 0 0
   10    4  208   ne270005       996.453130  4.00000E+02  1.60207E+01  1.39747E+02  3.98513E+11    1   5  2 7 0 0 1 0 0 0 0 0
   10    5  209   ne270006      1038.325055  5.76000E+02  1.60900E+01  9.78749E+01  1.85417E+11    1   6  2 7 0 0 0 1 0 0 0 0
   10    6  210   ne270007      1064.459017  7.84000E+02  1.60720E+01  7.17409E+01  1.03383E+11    1   7  2 7 0 0 0 0 1 0 0 0
   10    7  211   ne270008      1081.718673  1.02400E+03  1.60072E+01  5.44813E+01  6.11833E+10    1   8  2 7 0 0 0 0 0 1 0 0
   10    8  212   ne270009      1093.154834  1.29600E+03  1.60072E+01  4.30451E+01  3.68382E+10    1   9  2 7 0 0 0 0 0 0 1 0
   10    9  213   ne270010      1101.361933  1.60000E+03  1.60009E+01  3.48380E+01  2.12301E+10    1  10  2 7 0 0 0 0 0 0 0 1
   10   10  214   ne262003      1480.043692  4.28400E+03  1.72680E+01  4.10234E+02  4.34890E+13    2   3  2 6 2 0 0 0 0 0 0 0
   10   11  215   ne261104      1665.281796  1.61280E+04  1.62605E+01  2.24996E+02  9.50148E+12    2   4  2 6 1 1 0 0 0 0 0 0
   10   12  216   ne261005      1750.210937  2.52000E+04  1.60390E+01  1.40066E+02  3.94909E+12    2   5  2 6 1 0 1 0 0 0 0 0
   10   13  217   ne261006      1792.329426  3.62880E+04  1.60960E+01  9.79479E+01  2.29075E+12    2   6  2 6 1 0 0 1 0 0 0 0
   10   14  218   ne261007      1818.500699  4.93920E+04  1.60760E+01  7.17767E+01  1.69463E+12    2   7  2 6 1 0 0 0 1 0 0 0
   10   15  219   ne261008      1835.734786  6.45120E+04  1.60162E+01  5.45426E+01  1.43666E+12    2   8  2 6 1 0 0 0 0 1 0 0
   10   16  220   ne261009      1847.194578  8.16480E+04  1.60142E+01  4.30828E+01  1.31148E+12    2   9  2 6 1 0 0 0 0 0 1 0
   10   17  221   ne261010      1855.439340  1.00800E+05  1.60009E+01  3.48380E+01  1.24444E+12    2  10  2 6 1 0 0 0 0 0 0 1
   10   18  222   ne181003      6647.429742  3.60000E+01  1.67840E+01  4.13603E+02  1.48206E+15   18   3  1 8 1 0 0 0 0 0 0 0
   10   19  223   ne180104      6836.964066  6.40000E+01  1.62270E+01  2.24069E+02  1.45928E+15   18   4  1 8 0 1 0 0 0 0 0 0
   10   20  224   ne180005      6921.301708  1.00000E+02  1.60198E+01  1.39731E+02  1.45496E+15   18   5  1 8 0 0 1 0 0 0 0 0
   10   21  225   ne180006      6963.048359  1.44000E+02  1.60990E+01  9.79845E+01  1.45360E+15   18   6  1 8 0 0 0 1 0 0 0 0
   10   22  226   ne180007      6989.211493  1.96000E+02  1.60810E+01  7.18213E+01  1.45313E+15   18   7  1 8 0 0 0 0 1 0 0 0
   10   23  227   ne180008      7006.545414  2.56000E+02  1.60081E+01  5.44874E+01  1.45294E+15   18   8  1 8 0 0 0 0 0 1 0 0
   10   24  228   ne180009      7017.982861  3.24000E+02  1.60081E+01  4.30500E+01  1.45284E+15   18   9  1 8 0 0 0 0 0 0 1 0
   10   25  229   ne180010      7026.194801  4.00000E+02  1.60009E+01  3.48380E+01  1.45279E+15   18  10  1 8 0 0 0 0 0 0 0 1
11   24    8       435.299988
   11    1  230   na281003         0.000000  1.80000E+01  1.58000E+01  4.35300E+02  0.00000E+00    1   3  2 8 1 0 0 0 0 0 0 0
   11    2  231   na280104       237.895318  3.20000E+01  1.52316E+01  1.97405E+02  9.32457E+11    1   4  2 8 0 1 0 0 0 0 0 0
   11    3  232   na280005       312.427551  5.00000E+01  1.50228E+01  1.22872E+02  3.59408E+11    1   5  2 8 0 0 1 0 0 0 0 0
   11    4  233   na280006       349.079778  7.20000E+01  1.51020E+01  8.62202E+01  1.54884E+11    1   6  2 8 0 0 0 1 0 0 0 0
   11    5  234   na280007       372.127133  9.80000E+01  1.50820E+01  6.31729E+01  8.42786E+10    1   7  2 8 0 0 0 0 1 0 0 0
   11    6  235   na280008       387.408067  1.28000E+02  1.50082E+01  4.78919E+01  4.93997E+10    1   8  2 8 0 0 0 0 0 1 0 0
   11    7  236   na280009       397.460863  1.62000E+02  1.50082E+01  3.78391E+01  2.94544E+10    1   9  2 8 0 0 0 0 0 0 1 0
   11    8  237   na280010       404.680538  2.00000E+02  1.50010E+01  3.06195E+01  1.69956E+10    1  10  2 8 0 0 0 0 0 0 0 1
   11    9  238   na272003       704.401203  1.22400E+03  1.63640E+01  4.47339E+02  1.92753E+13    2   3  2 7 2 0 0 0 0 0 0 0
   11   10  239   na271104       952.861882  4.60800E+03  1.52883E+01  1.98878E+02  4.92503E+12    2   4  2 7 1 1 0 0 0 0 0 0
   11   11  240   na271005      1028.567843  7.20000E+03  1.50411E+01  1.23172E+02  1.94759E+12    2   5  2 7 1 0 1 0 0 0 0 0
   11   12  241   na271006      1065.451192  1.03680E+04  1.51080E+01  8.62888E+01  1.08183E+12    2   6  2 7 1 0 0 1 0 0 0 0
   11   13  242   na271007      1088.533571  1.41120E+04  1.50860E+01  6.32064E+01  7.78746E+11    2   7  2 7 1 0 0 0 1 0 0 0
   11   14  243   na271008      1103.790560  1.84320E+04  1.50172E+01  4.79494E+01  6.46518E+11    2   8  2 7 1 0 0 0 0 1 0 0
   11   15  244   na271009      1113.865512  2.33280E+04  1.50152E+01  3.78744E+01  5.81195E+11    2   9  2 7 1 0 0 0 0 0 1 0
   11   16  245   na271010      1121.120497  2.88000E+04  1.50010E+01  3.06195E+01  5.45605E+11    2  10  2 7 1 0 0 0 0 0 0 1
   11   17  246   na182003      6630.903959  3.06000E+02  1.64440E+01  4.51826E+02  1.44151E+15   18   3  1 8 2 0 0 0 0 0 0 0
   11   18  247   na181104      6883.247210  1.15200E+03  1.53115E+01  1.99483E+02  1.42285E+15   18   4  1 8 1 1 0 0 0 0 0 0
   11   19  248   na181005      6959.572372  1.80000E+03  1.50402E+01  1.23157E+02  1.41857E+15   18   5  1 8 1 0 1 0 0 0 0 0
   11   20  249   na181006      6996.338104  2.59200E+03  1.51170E+01  8.63916E+01  1.41730E+15   18   6  1 8 1 0 0 1 0 0 0 0
   11   21  250   na181007      7019.447898  3.52800E+03  1.50950E+01  6.32818E+01  1.41688E+15   18   7  1 8 1 0 0 0 1 0 0 0
   11   22  251   na181008      7034.774594  4.60800E+03  1.50181E+01  4.79551E+01  1.41671E+15   18   8  1 8 1 0 0 0 0 1 0 0
   11   23  252   na181009      7044.850753  5.83200E+03  1.50161E+01  3.78790E+01  1.41662E+15   18   9  1 8 1 0 0 0 0 0 1 0
   11   24  253   na181010      7052.110280  7.20000E+03  1.50010E+01  3.06195E+01  1.41657E+15   18  10  1 8 1 0 0 0 0 0 0 1
12   31    8       404.000000
   12    1  254   mg282003         0.000000  1.53000E+02  1.54600E+01  4.04000E+02  0.00000E+00    1   3  2 8 2 0 0 0 0 0 0 0
   12    2  255   mg281104       229.625652  5.76000E+02  1.43161E+01  1.74374E+02  7.60390E+11    1   4  2 8 1 1 0 0 0 0 0 0
   12    3  256   mg281005       296.635496  9.00000E+02  1.40432E+01  1.07365E+02  2.95439E+11    1   5  2 8 1 0 1 0 0 0 0 0
   12    4  257   mg281006       328.631171  1.29600E+03  1.41200E+01  7.53688E+01  1.23520E+11    1   6  2 8 1 0 0 1 0 0 0 0
   12    5  258   mg281007       348.818839  1.76400E+03  1.40960E+01  5.51812E+01  6.68740E+10    1   7  2 8 1 0 0 0 1 0 0 0
   12    6  259   mg281008       362.218996  2.30400E+03  1.40182E+01  4.17810E+01  3.91207E+10    1   8  2 8 1 0 0 0 0 1 0 0
   12    7  260   mg281009       370.998338  2.91600E+03  1.40162E+01  3.30017E+01  2.32628E+10    1   9  2 8 1 0 0 0 0 0 1 0
   12    8  261   mg281010       377.326862  3.60000E+03  1.40011E+01  2.66731E+01  1.37426E+10    1  10  2 8 1 0 0 0 0 0 0 1
   12    9  262   mg280204       462.691060  4.96000E+02  1.48766E+01  1.79204E+02  6.56660E+13    2   4  2 8 0 2 0 0 0 0 0 0
   12   10  263   mg280105       533.617205  1.60000E+03  1.41028E+01  1.08278E+02  6.88731E+13    2   5  2 8 0 1 1 0 0 0 0 0
   12   11  264   mg280106       566.291379  2.30400E+03  1.41420E+01  7.56039E+01  2.77624E+13    2   6  2 8 0 1 0 1 0 0 0 0
   12   12  265   mg280107       586.627982  3.13600E+03  1.41070E+01  5.52673E+01  1.33185E+13    2   7  2 8 0 1 0 0 1 0 0 0
   12   13  266   mg280108       600.072570  4.09600E+03  1.40252E+01  4.18227E+01  7.25690E+12    2   8  2 8 0 1 0 0 0 1 0 0
   12   14  267   mg280109       608.865392  5.18400E+03  1.40222E+01  3.30299E+01  4.41309E+12    2   9  2 8 0 1 0 0 0 0 1 0
   12   15  268   mg280110       615.184442  6.40000E+03  1.40110E+01  2.67109E+01  2.95962E+12    2  10  2 8 0 1 0 0 0 0 0 1
   12   16  269   mg273003       693.140093  6.52800E+03  1.60240E+01  4.15261E+02  5.23853E+13    9   3  2 7 3 0 0 0 0 0 0 0
   12   17  270   mg272104       932.642066  3.91680E+04  1.43728E+01  1.75759E+02  2.47114E+13    9   4  2 7 2 1 0 0 0 0 0 0
   12   18  271   mg272005      1000.756590  6.12000E+04  1.40615E+01  1.07645E+02  2.00933E+13    9   5  2 7 2 0 1 0 0 0 0 0
   12   19  272   mg272006      1032.968289  8.81280E+04  1.41260E+01  7.54329E+01  1.87884E+13    9   6  2 7 2 0 0 1 0 0 0 0
   12   20  273   mg272007      1053.188713  1.19952E+05  1.41000E+01  5.52125E+01  1.83380E+13    9   7  2 7 2 0 0 0 1 0 0 0
   12   21  274   mg272008      1066.566524  1.56672E+05  1.40272E+01  4.18347E+01  1.81452E+13    9   8  2 7 2 0 0 0 0 1 0 0
   12   22  275   mg272009      1075.366564  1.98288E+05  1.40232E+01  3.30346E+01  1.80522E+13    9   9  2 7 2 0 0 0 0 0 1 0
   12   23  276   mg272010      1081.728064  2.44800E+05  1.40011E+01  2.66731E+01  1.80033E+13    9  10  2 7 2 0 0 0 0 0 0 1
   12   24  277   mg183003      6615.283999  1.63200E+03  1.61040E+01  4.19620E+02  5.34541E+14   17   3  1 8 3 0 0 0 0 0 0 0
   12   25  278   mg182104      6858.576623  9.79200E+03  1.43960E+01  1.76327E+02  5.16163E+14   17   4  1 8 2 1 0 0 0 0 0 0
   12   26  279   mg182005      6927.273131  1.53000E+04  1.40606E+01  1.07631E+02  5.12307E+14   17   5  1 8 2 0 1 0 0 0 0 0
   12   27  280   mg182006      6959.374867  2.20320E+04  1.41350E+01  7.55291E+01  5.11165E+14   17   6  1 8 2 0 0 1 0 0 0 0
   12   28  281   mg182007      6979.620947  2.99880E+04  1.41090E+01  5.52830E+01  5.10795E+14   17   7  1 8 2 0 0 0 1 0 0 0
   12   29  282   mg182008      6993.063911  3.91680E+04  1.40281E+01  4.18400E+01  5.10646E+14   17   8  1 8 2 0 0 0 0 1 0 0
   12   30  283   mg182009      7001.865080  4.95720E+04  1.40241E+01  3.30389E+01  5.10568E+14   17   9  1 8 2 0 0 0 0 0 1 0
   12   31  284   mg182010      7008.230820  6.12000E+04  1.40011E+01  2.66731E+01  5.10528E+14   17  10  1 8 2 0 0 0 0 0 0 1
13   31    8       342.000000
   13    1  285   al283003         0.000000  8.16000E+02  1.51200E+01  3.42000E+02  0.00000E+00    1   3  2 8 3 0 0 0 0 0 0 0
   13    2  286   al282104       189.225640  4.89600E+03  1.34006E+01  1.52774E+02  4.48976E+11    1   4  2 8 2 1 0 0 0 0 0 0
   13    3  287   al282005       249.096559  7.65000E+03  1.30636E+01  9.29034E+01  2.07117E+11    1   5  2 8 2 0 1 0 0 0 0 0
   13    4  288   al282006       276.752435  1.10160E+04  1.31380E+01  6.52476E+01  8.77696E+10    1   6  2 8 2 0 0 1 0 0 0 0
   13    5  289   al282007       294.269962  1.49940E+04  1.31100E+01  4.77300E+01  4.84329E+10    1   7  2 8 2 0 0 0 1 0 0 0
   13    6  290   al282008       305.912794  1.95840E+04  1.30282E+01  3.60872E+01  2.86503E+10    1   8  2 8 2 0 0 0 0 1 0 0
   13    7  291   al282009       313.504957  2.47860E+04  1.30242E+01  2.84950E+01  1.70820E+10    1   9  2 8 2 0 0 0 0 0 1 0
   13    8  292   al282010       319.000944  3.06000E+04  1.30012E+01  2.29991E+01  1.04266E+10    1  10  2 8 2 0 0 0 0 0 0 1
   13    9  293   al281204       414.342294  8.92800E+03  1.39611E+01  1.57283E+02  1.19293E+14    2   4  2 8 1 2 0 0 0 0 0 0
   13   10  294   al281105       477.872287  2.88000E+04  1.31232E+01  9.37534E+01  5.83761E+13    2   5  2 8 1 1 1 0 0 0 0 0
   13   11  295   al281106       506.159332  4.14720E+04  1.31600E+01  6.54663E+01  2.33093E+13    2   6  2 8 1 1 0 1 0 0 0 0
   13   12  296   al281107       523.815470  5.64480E+04  1.31210E+01  4.78102E+01  1.11689E+13    2   7  2 8 1 1 0 0 1 0 0 0
   13   13  297   al281108       535.499651  7.37280E+04  1.30352E+01  3.61260E+01  6.07431E+12    2   8  2 8 1 1 0 0 0 1 0 0
   13   14  298   al281109       543.104346  9.33120E+04  1.30302E+01  2.85213E+01  3.68452E+12    2   9  2 8 1 1 0 0 0 0 1 0
   13   15  299   al281110       548.591553  1.15200E+05  1.30111E+01  2.30341E+01  2.46354E+12    2  10  2 8 1 1 0 0 0 0 0 1
   13   16  300   al274003       683.549239  2.44800E+04  1.56840E+01  3.51591E+02  9.64381E+13   16   3  2 7 4 0 0 0 0 0 0 0
   13   17  301   al273104       881.069511  2.08896E+05  1.34573E+01  1.54071E+02  5.69458E+13   16   4  2 7 3 1 0 0 0 0 0 0
   13   18  302   al273005       941.976098  3.26400E+05  1.30819E+01  9.31640E+01  5.12730E+13   16   5  2 7 3 0 1 0 0 0 0 0
   13   19  303   al273006       969.832904  4.70016E+05  1.31440E+01  6.53072E+01  4.96916E+13   16   6  2 7 3 0 0 1 0 0 0 0
   13   20  304   al273007       987.380920  6.39744E+05  1.31140E+01  4.77592E+01  4.91463E+13   16   7  2 7 3 0 0 0 1 0 0 0
   13   21  305   al273008       999.003004  8.35584E+05  1.30372E+01  3.61371E+01  4.89144E+13   16   8  2 7 3 0 0 0 0 1 0 0
   13   22  306   al273009      1006.614408  1.05754E+06  1.30312E+01  2.85257E+01  4.88036E+13   16   9  2 7 3 0 0 0 0 0 1 0
   13   23  307   al273010      1012.141037  1.30560E+06  1.30012E+01  2.29991E+01  4.87464E+13   16  10  2 7 3 0 0 0 0 0 0 1
   13   24  308   al184003      6601.817750  6.12000E+03  1.57640E+01  3.55466E+02  5.52325E+14   24   3  1 8 4 0 0 0 0 0 0 0
   13   25  309   al183104      6802.681458  5.22240E+04  1.34805E+01  1.54603E+02  5.34038E+14   24   4  1 8 3 1 0 0 0 0 0 0
   13   26  310   al183005      6864.132827  8.16000E+04  1.30810E+01  9.31512E+01  5.30713E+14   24   5  1 8 3 0 1 0 0 0 0 0
   13   27  311   al183006      6891.887323  1.17504E+05  1.31530E+01  6.53967E+01  5.29720E+14   24   6  1 8 3 0 0 1 0 0 0 0
   13   28  312   al183007      6909.459238  1.59936E+05  1.31230E+01  4.78248E+01  5.29401E+14   24   7  1 8 3 0 0 0 1 0 0 0
   13   29  313   al183008      6921.141920  2.08896E+05  1.30381E+01  3.61421E+01  5.29273E+14   24   8  1 8 3 0 0 0 0 1 0 0
   13   30  314   al183009      6928.754374  2.64384E+05  1.30321E+01  2.85296E+01  5.29207E+14   24   9  1 8 3 0 0 0 0 0 1 0
   13   31  315   al183010      6934.284943  3.26400E+05  1.30012E+01  2.29991E+01  5.29173E+14   24  10  1 8 3 0 0 0 0 0 0 1
14   31    8       313.000000
   14    1  316   si284003         0.000000  3.06000E+03  1.47800E+01  3.13000E+02  0.00000E+00    1   3  2 8 4 0 0 0 0 0 0 0
   14    2  317   si283104       180.395906  2.61120E+04  1.24851E+01  1.32604E+02  3.52139E+11    1   4  2 8 3 1 0 0 0 0 0 0
   14    3  318   si283005       233.511080  4.08000E+04  1.20840E+01  7.94889E+01  1.63802E+11    1   5  2 8 3 0 1 0 0 0 0 0
   14    4  319   si283006       257.143747  5.87520E+04  1.21560E+01  5.58563E+01  6.72393E+10    1   6  2 8 3 0 0 1 0 0 0 0
   14    5  320   si283007       272.180610  7.99680E+04  1.21240E+01  4.08194E+01  3.68678E+10    1   7  2 8 3 0 0 0 1 0 0 0
   14    6  321   si283008       282.189531  1.04448E+05  1.20382E+01  3.08105E+01  2.17416E+10    1   8  2 8 3 0 0 0 0 1 0 0
   14    7  322   si283009       288.680769  1.32192E+05  1.20322E+01  2.43192E+01  1.29041E+10    1   9  2 8 3 0 0 0 0 0 1 0
   14    8  323   si283010       293.402822  1.63200E+05  1.20013E+01  1.95972E+01  8.26256E+09    1  10  2 8 3 0 0 0 0 0 0 1
   14    9  324   si282204       365.433332  7.58880E+04  1.30456E+01  1.36792E+02  1.30390E+14    2   4  2 8 2 2 0 0 0 0 0 0
   14   10  325   si282105       421.950458  2.44800E+05  1.21436E+01  8.02752E+01  4.86694E+13    2   5  2 8 2 1 1 0 0 0 0 0
   14   11  326   si282106       446.166983  3.52512E+05  1.21780E+01  5.60587E+01  1.91667E+13    2   6  2 8 2 1 0 1 0 0 0 0
   14   12  327   si282107       461.332134  4.79808E+05  1.21350E+01  4.08935E+01  9.09523E+12    2   7  2 8 2 1 0 0 1 0 0 0
   14   13  328   si282108       471.379324  6.26688E+05  1.20452E+01  3.08463E+01  4.86911E+12    2   8  2 8 2 1 0 0 0 1 0 0
   14   14  329   si282109       477.882146  7.93152E+05  1.20382E+01  2.43435E+01  2.88673E+12    2   9  2 8 2 1 0 0 0 0 1 0
   14   15  330   si282110       482.596113  9.79200E+05  1.20112E+01  1.96295E+01  1.87438E+12    2  10  2 8 2 1 0 0 0 0 0 1
   14   16  331   si275003       674.739344  6.85440E+04  1.53440E+01  3.21810E+02  1.47760E+14   16   3  2 7 5 0 0 0 0 0 0 0
   14   17  332   si274104       862.737454  7.83360E+05  1.25418E+01  1.33812E+02  9.84418E+13   16   4  2 7 4 1 0 0 0 0 0 0
   14   18  333   si274005       916.819312  1.22400E+06  1.21023E+01  7.97299E+01  9.19718E+13   16   5  2 7 4 0 1 0 0 0 0 0
   14   19  334   si274006       940.637822  1.76256E+06  1.21620E+01  5.59114E+01  9.02001E+13   16   6  2 7 4 0 0 1 0 0 0 0
   14   20  335   si274007       955.702906  2.39904E+06  1.21280E+01  4.08463E+01  8.96008E+13   16   7  2 7 4 0 0 0 1 0 0 0
   14   21  336   si274008       965.692678  3.13344E+06  1.20472E+01  3.08566E+01  8.93470E+13   16   8  2 7 4 0 0 0 0 1 0 0
   14   22  337   si274009       972.201701  3.96576E+06  1.20392E+01  2.43475E+01  8.92266E+13   16   9  2 7 4 0 0 0 0 0 1 0
   14   23  338   si274010       976.952061  4.89600E+06  1.20013E+01  1.95972E+01  8.91650E+13   16  10  2 7 4 0 0 0 0 0 0 1
   14   24  339   si185003      6589.267845  1.71360E+04  1.54240E+01  3.25550E+02  5.68586E+14   24   3  1 8 5 0 0 0 0 0 0 0
   14   25  340   si184104      6780.510231  1.95840E+05  1.25650E+01  1.34308E+02  5.50676E+14   24   4  1 8 4 1 0 0 0 0 0 0
   14   26  341   si184005      6835.099684  3.06000E+05  1.21014E+01  7.97181E+01  5.47687E+14   24   5  1 8 4 0 1 0 0 0 0 0
   14   27  342   si184006      6858.823534  4.40640E+05  1.21710E+01  5.59942E+01  5.46807E+14   24   6  1 8 4 0 0 1 0 0 0 0
   14   28  343   si184007      6873.910762  5.99760E+05  1.21370E+01  4.09070E+01  5.46529E+14   24   7  1 8 4 0 0 0 1 0 0 0
   14   29  344   si184008      6883.956578  7.83360E+05  1.20481E+01  3.08612E+01  5.46418E+14   24   8  1 8 4 0 0 0 0 1 0 0
   14   30  345   si184009      6890.466571  9.91440E+05  1.20401E+01  2.43512E+01  5.46360E+14   24   9  1 8 4 0 0 0 0 0 1 0
   14   31  346   si184010      6895.220571  1.22400E+06  1.20013E+01  1.95972E+01  5.46332E+14   24  10  1 8 4 0 0 0 0 0 0 1
15   31    8       283.000000
   15    1  347   p_285003         0.000000  8.56800E+03  1.44400E+01  2.83000E+02  0.00000E+00    1   3  2 8 5 0 0 0 0 0 0 0
   15    2  348   p_284104       169.137026  9.79200E+04  1.15696E+01  1.13863E+02  2.60761E+11    1   4  2 8 4 1 0 0 0 0 0 0
   15    3  349   p_284005       215.879358  1.53000E+05  1.11044E+01  6.71206E+01  1.25426E+11    1   5  2 8 4 0 1 0 0 0 0 0
   15    4  350   p_284006       235.805264  2.20320E+05  1.11740E+01  4.71947E+01  5.01138E+10    1   6  2 8 4 0 0 1 0 0 0 0
   15    5  351   p_284007       248.550870  2.99880E+05  1.11380E+01  3.44491E+01  2.73147E+10    1   7  2 8 4 0 0 0 1 0 0 0
   15    6  352   p_284008       257.049258  3.91680E+05  1.10482E+01  2.59507E+01  1.60637E+10    1   8  2 8 4 0 0 0 0 1 0 0
   15    7  353   p_284009       262.525808  4.95720E+05  1.10402E+01  2.04742E+01  9.49139E+09    1   9  2 8 4 0 0 0 0 0 1 0
   15    8  354   p_284010       266.532518  6.12000E+05  1.10014E+01  1.64675E+01  6.63571E+09    1  10  2 8 4 0 0 0 0 0 0 1
   15    9  355   p_283204       345.665384  4.04736E+05  1.21301E+01  1.17731E+02  1.10400E+14    2   4  2 8 3 2 0 0 0 0 0 0
   15   10  356   p_283105       395.552650  1.30560E+06  1.11640E+01  6.78433E+01  4.05244E+13    2   5  2 8 3 1 1 0 0 0 0 0
   15   11  357   p_283106       416.015115  1.88006E+06  1.11960E+01  4.73808E+01  1.58400E+13    2   6  2 8 3 1 0 1 0 0 0 0
   15   12  358   p_283107       428.878689  2.55898E+06  1.11490E+01  3.45172E+01  7.50324E+12    2   7  2 8 3 1 0 0 1 0 0 0
   15   13  359   p_283108       437.412267  3.34234E+06  1.10552E+01  2.59836E+01  4.00526E+12    2   8  2 8 3 1 0 0 0 1 0 0
   15   14  360   p_283109       442.899452  4.23014E+06  1.10462E+01  2.04965E+01  2.36462E+12    2   9  2 8 3 1 0 0 0 0 1 0
   15   15  361   p_283110       446.898771  5.22240E+06  1.10113E+01  1.64971E+01  1.52738E+12    2  10  2 8 3 1 0 0 0 0 0 1
   15   16  362   p_276003       666.770366  1.48512E+05  1.50040E+01  2.90969E+02  1.96495E+14   16   3  2 7 6 0 0 0 0 0 0 0
   15   17  363   p_275104       842.757174  2.19341E+06  1.16263E+01  1.14982E+02  1.41106E+14   16   4  2 7 5 1 0 0 0 0 0 0
   15   18  364   p_275005       890.397238  3.42720E+06  1.11227E+01  6.73421E+01  1.34341E+14   16   5  2 7 5 0 1 0 0 0 0 0
   15   19  365   p_275006       910.493902  4.93517E+06  1.11800E+01  4.72454E+01  1.32530E+14   16   6  2 7 5 0 0 1 0 0 0 0
   15   20  366   p_275007       923.265463  6.71731E+06  1.11420E+01  3.44739E+01  1.31921E+14   16   7  2 7 5 0 0 0 1 0 0 0
   15   21  367   p_275008       931.746301  8.77363E+06  1.10572E+01  2.59930E+01  1.31664E+14   16   8  2 7 5 0 0 0 0 1 0 0
   15   22  368   p_275009       937.239179  1.11041E+07  1.10472E+01  2.05002E+01  1.31543E+14   16   9  2 7 5 0 0 0 0 0 1 0
   15   23  369   p_275010       941.271862  1.37088E+07  1.10014E+01  1.64675E+01  1.31481E+14   16  10  2 7 5 0 0 0 0 0 0 1
   15   24  370   p_186003      6577.716042  3.71280E+04  1.50840E+01  2.94552E+02  5.81732E+14   24   3  1 8 6 0 0 0 0 0 0 0
   15   25  371   p_185104      6756.826152  5.48352E+05  1.16495E+01  1.15442E+02  5.64422E+14   24   4  1 8 5 1 0 0 0 0 0 0
   15   26  372   p_185005      6804.936639  8.56800E+05  1.11218E+01  6.73312E+01  5.61767E+14   24   5  1 8 5 0 1 0 0 0 0 0
   15   27  373   p_185006      6824.946293  1.23379E+06  1.11890E+01  4.73216E+01  5.60996E+14   24   6  1 8 5 0 0 1 0 0 0 0
   15   28  374   p_185007      6837.738241  1.67933E+06  1.11510E+01  3.45296E+01  5.60756E+14   24   7  1 8 5 0 0 0 1 0 0 0
   15   29  375   p_185008      6846.270570  2.19341E+06  1.10581E+01  2.59973E+01  5.60662E+14   24   8  1 8 5 0 0 0 0 1 0 0
   15   30  376   p_185009      6851.764339  2.77603E+06  1.10481E+01  2.05035E+01  5.60613E+14   24   9  1 8 5 0 0 0 0 0 1 0
   15   31  377   p_185010      6855.800363  3.42720E+06  1.10014E+01  1.64675E+01  5.60589E+14   24  10  1 8 5 0 0 0 0 0 0 1
16   31    8       248.500000
   16    1  378   s_286003         0.000000  1.85640E+04  1.41000E+01  2.48500E+02  0.00000E+00    1   3  2 8 6 0 0 0 0 0 0 0
   16    2  379   s_285104       151.949532  2.74176E+05  1.06541E+01  9.65505E+01  1.72896E+11    1   4  2 8 5 1 0 0 0 0 0 0
   16    3  380   s_285005       192.701673  4.28400E+05  1.01248E+01  5.57983E+01  9.02948E+10    1   5  2 8 5 0 1 0 0 0 0 0
   16    4  381   s_285006       209.237128  6.16896E+05  1.01920E+01  3.92629E+01  3.53125E+10    1   6  2 8 5 0 0 1 0 0 0 0
   16    5  382   s_285007       219.880823  8.39664E+05  1.01520E+01  2.86192E+01  1.92576E+10    1   7  2 8 5 0 0 0 1 0 0 0
   16    6  383   s_285008       226.992027  1.09670E+06  1.00582E+01  2.15080E+01  1.13349E+10    1   8  2 8 5 0 0 0 0 1 0 0
   16    7  384   s_285009       231.540105  1.38802E+06  1.00482E+01  1.69599E+01  6.67231E+09    1   9  2 8 5 0 0 0 0 0 1 0
   16    8  385   s_285010       234.890055  1.71360E+06  1.00015E+01  1.36099E+01  5.68835E+09    1  10  2 8 5 0 0 0 0 0 0 1
   16    9  386   s_284204       317.539565  1.51776E+06  1.12146E+01  1.00097E+02  8.45745E+13    2   4  2 8 4 2 0 0 0 0 0 0
   16   10  387   s_284105       361.179714  4.89600E+06  1.01844E+01  5.64573E+01  3.25560E+13    2   5  2 8 4 1 1 0 0 0 0 0
   16   11  388   s_284106       378.204444  7.05024E+06  1.02140E+01  3.94326E+01  1.26136E+13    2   6  2 8 4 1 0 1 0 0 0 0
   16   12  389   s_284107       388.955789  9.59616E+06  1.01630E+01  2.86812E+01  5.96271E+12    2   7  2 8 4 1 0 0 1 0 0 0
   16   13  390   s_284108       396.099103  1.25338E+07  1.00652E+01  2.15379E+01  3.17199E+12    2   8  2 8 4 1 0 0 0 1 0 0
   16   14  391   s_284109       400.656869  1.58630E+07  1.00542E+01  1.69802E+01  1.86324E+12    2   9  2 8 4 1 0 0 0 0 1 0
   16   15  392   s_284110       404.000122  1.95840E+07  1.00114E+01  1.36369E+01  1.19641E+12    2  10  2 8 4 1 0 0 0 0 0 1
   16   16  393   s_277003       659.801102  2.54592E+05  1.46640E+01  2.55469E+02  2.51111E+14   16   3  2 7 7 0 0 0 0 0 0 0
   16   17  394   s_276104       817.689166  4.75238E+06  1.07108E+01  9.75812E+01  1.89450E+14   16   4  2 7 6 1 0 0 0 0 0 0
   16   18  395   s_276005       859.270112  7.42560E+06  1.01431E+01  5.60003E+01  1.82632E+14   16   5  2 7 6 0 1 0 0 0 0 0
   16   19  396   s_276006       875.961246  1.06929E+07  1.01980E+01  3.93091E+01  1.80840E+14   16   6  2 7 6 0 0 1 0 0 0 0
   16   20  397   s_276007       886.628630  1.45542E+07  1.01560E+01  2.86417E+01  1.80247E+14   16   7  2 7 6 0 0 0 1 0 0 0
   16   21  398   s_276008       893.723882  1.90095E+07  1.00672E+01  2.15465E+01  1.79998E+14   16   8  2 7 6 0 0 0 0 1 0 0
   16   22  399   s_276009       898.286831  2.40589E+07  1.00552E+01  1.69835E+01  1.79880E+14   16   9  2 7 6 0 0 0 0 0 1 0
   16   23  400   s_276010       901.660421  2.97024E+07  1.00015E+01  1.36099E+01  1.79821E+14   16  10  2 7 6 0 0 0 0 0 0 1
   16   24  401   s_187003      6567.394164  6.36480E+04  1.47440E+01  2.58822E+02  5.94524E+14   24   3  1 8 7 0 0 0 0 0 0 0
   16   25  402   s_186104      6728.211516  1.18810E+06  1.07340E+01  9.80045E+01  5.77606E+14   24   4  1 8 6 1 0 0 0 0 0 0
   16   26  403   s_186005      6770.225727  1.85640E+06  1.01422E+01  5.59903E+01  5.75275E+14   24   5  1 8 6 0 1 0 0 0 0 0
   16   27  404   s_186006      6786.837498  2.67322E+06  1.02070E+01  3.93785E+01  5.74608E+14   24   6  1 8 6 0 0 1 0 0 0 0
   16   28  405   s_186007      6797.523514  3.63854E+06  1.01650E+01  2.86925E+01  5.74404E+14   24   7  1 8 6 0 0 0 1 0 0 0
   16   29  406   s_186008      6804.665705  4.75238E+06  1.00681E+01  2.15503E+01  5.74325E+14   24   8  1 8 6 0 0 0 0 1 0 0
   16   30  407   s_186009      6809.229466  6.01474E+06  1.00561E+01  1.69866E+01  5.74283E+14   24   9  1 8 6 0 0 0 0 0 1 0
   16   31  408   s_186010      6812.606096  7.42560E+06  1.00015E+01  1.36099E+01  5.74264E+14   24  10  1 8 6 0 0 0 0 0 0 1
17   31    8       221.399994
   17    1  409   cl287003         0.000000  3.18240E+04  1.37600E+01  2.21400E+02  0.00000E+00    1   3  2 8 7 0 0 0 0 0 0 0
   17    2  410   cl286104       140.733910  5.94048E+05  9.73860E+00  8.06661E+01  1.17744E+11    1   4  2 8 6 1 0 0 0 0 0 0
   17    3  411   cl286005       175.878272  9.28200E+05  9.14520E+00  4.55217E+01  6.49997E+10    1   5  2 8 6 0 1 0 0 0 0 0
   17    4  412   cl286006       189.339464  1.33661E+06  9.21000E+00  3.20605E+01  2.45807E+10    1   6  2 8 6 0 0 1 0 0 0 0
   17    5  413   cl286007       198.070537  1.81927E+06  9.16600E+00  2.33295E+01  1.33393E+10    1   7  2 8 6 0 0 0 1 0 0 0
   17    6  414   cl286008       203.917874  2.37619E+06  9.06820E+00  1.74821E+01  7.82835E+09    1   8  2 8 6 0 0 0 0 1 0 0
   17    7  415   cl286009       207.623683  3.00737E+06  9.05620E+00  1.37763E+01  4.57948E+09    1   9  2 8 6 0 0 0 0 0 1 0
   17    8  416   cl286010       210.375445  3.71280E+06  9.00160E+00  1.10245E+01  6.79523E+09    1  10  2 8 6 0 0 0 0 0 0 1
   17    9  417   cl285204       289.456903  4.24973E+06  1.02991E+01  8.38926E+01  7.84221E+13    2   4  2 8 5 2 0 0 0 0 0 0
   17   10  418   cl285105       327.232435  1.37088E+07  9.20480E+00  4.61171E+01  2.54676E+13    2   5  2 8 5 1 1 0 0 0 0 0
   17   11  419   cl285106       341.135628  1.97407E+07  9.23200E+00  3.22139E+01  9.78983E+12    2   6  2 8 5 1 0 1 0 0 0 0
   17   12  420   cl285107       349.964035  2.68692E+07  9.17700E+00  2.33855E+01  4.61095E+12    2   7  2 8 5 1 0 0 1 0 0 0
   17   13  421   cl285108       355.840403  3.50945E+07  9.07520E+00  1.75091E+01  2.43845E+12    2   8  2 8 5 1 0 0 0 1 0 0
   17   14  422   cl285109       359.554953  4.44165E+07  9.06220E+00  1.37946E+01  1.41956E+12    2   9  2 8 5 1 0 0 0 0 1 0
   17   15  423   cl285110       362.300713  5.48352E+07  9.01150E+00  1.10488E+01  9.03160E+11    2  10  2 8 5 1 0 0 0 0 0 1
   17   16  424   cl278003       653.656179  3.50064E+05  1.43240E+01  2.27545E+02  3.03314E+14   16   3  2 7 8 0 0 0 0 0 0 0
   17   17  425   cl277104       799.592716  8.14694E+06  9.79530E+00  8.16084E+01  2.37173E+14   16   4  2 7 7 1 0 0 0 0 0 0
   17   18  426   cl277005       835.496980  1.27296E+07  9.16350E+00  4.57041E+01  2.30560E+14   16   5  2 7 7 0 1 0 0 0 0 0
   17   19  427   cl277006       849.098775  1.83306E+07  9.21600E+00  3.21023E+01  2.28859E+14   16   6  2 7 7 0 0 1 0 0 0 0
   17   20  428   cl277007       857.851271  2.49500E+07  9.17000E+00  2.33498E+01  2.28306E+14   16   7  2 7 7 0 0 0 1 0 0 0
   17   21  429   cl277008       863.684255  3.25878E+07  9.07720E+00  1.75168E+01  2.28073E+14   16   8  2 7 7 0 0 0 0 1 0 0
   17   22  430   cl277009       867.403478  4.12439E+07  9.06320E+00  1.37976E+01  2.27963E+14   16   9  2 7 7 0 0 0 0 0 1 0
   17   23  431   cl277010       870.176547  5.09184E+07  9.00160E+00  1.10245E+01  2.27911E+14   16  10  2 7 7 0 0 0 0 0 0 1
   17   24  432   cl188003      6558.043410  8.75160E+04  1.44040E+01  2.30751E+02  6.05551E+14   24   3  1 8 8 0 0 0 0 0 0 0
   17   25  433   cl187104      6706.798637  2.03674E+06  9.81850E+00  8.19955E+01  5.89079E+14   24   4  1 8 7 1 0 0 0 0 0 0
   17   26  434   cl187005      6743.099021  3.18240E+06  9.16260E+00  4.56951E+01  5.87038E+14   24   5  1 8 7 0 1 0 0 0 0 0
   17   27  435   cl187006      6756.629099  4.58266E+06  9.22500E+00  3.21651E+01  5.86468E+14   24   6  1 8 7 0 0 1 0 0 0 0
   17   28  436   cl187007      6765.398472  6.23750E+06  9.17900E+00  2.33957E+01  5.86296E+14   24   7  1 8 7 0 0 0 1 0 0 0
   17   29  437   cl187008      6771.273843  8.14694E+06  9.07810E+00  1.75203E+01  5.86230E+14   24   8  1 8 7 0 0 0 0 1 0 0
   17   30  438   cl187009      6774.993800  1.03110E+07  9.06410E+00  1.38004E+01  5.86195E+14   24   9  1 8 7 0 0 0 0 0 1 0
   17   31  439   cl187010      6777.769609  1.27296E+07  9.00160E+00  1.10245E+01  5.86182E+14   24  10  1 8 7 0 0 0 0 0 0 1
18   31    8       196.199997
   18    1  440   ar288003         0.000000  4.37580E+04  1.34200E+01  1.96200E+02  0.00000E+00    1   3  2 8 8 0 0 0 0 0 0 0
   18    2  441   ar287104       129.990628  1.01837E+06  8.82310E+00  6.62094E+01  7.65419E+10    1   4  2 8 7 1 0 0 0 0 0 0
   18    3  442   ar287005       159.909402  1.59120E+06  8.16560E+00  3.62906E+01  4.50251E+10    1   5  2 8 7 0 1 0 0 0 0 0
   18    4  443   ar287006       170.612406  2.29133E+06  8.22800E+00  2.55876E+01  1.63322E+10    1   6  2 8 7 0 0 1 0 0 0 0
   18    5  444   ar287007       177.620093  3.11875E+06  8.18000E+00  1.85799E+01  8.82384E+09    1   7  2 8 7 0 0 0 1 0 0 0
   18    6  445   ar287008       182.326855  4.07347E+06  8.07820E+00  1.38731E+01  5.16480E+09    1   8  2 8 7 0 0 0 0 1 0 0
   18    7  446   ar287009       185.276582  5.15549E+06  8.06420E+00  1.09234E+01  3.00005E+09    1   9  2 8 7 0 0 0 0 0 1 0
   18    8  447   ar287010       187.488721  6.36480E+06  8.00170E+00  8.71128E+00  7.31150E+10    1  10  2 8 7 0 0 0 0 0 0 1
   18    9  448   ar286204       267.818362  9.20774E+06  9.38360E+00  6.91155E+01  5.74331E+13    2   4  2 8 6 2 0 0 0 0 0 0
   18   10  449   ar286105       300.111545  2.97024E+07  8.22520E+00  3.68224E+01  1.94351E+13    2   5  2 8 6 1 1 0 0 0 0 0
   18   11  450   ar286106       311.209288  4.27715E+07  8.25000E+00  2.57246E+01  7.41708E+12    2   6  2 8 6 1 0 1 0 0 0 0
   18   12  451   ar286107       318.303996  5.82167E+07  8.19100E+00  1.86299E+01  3.48546E+12    2   7  2 8 6 1 0 0 1 0 0 0
   18   13  452   ar286108       323.036711  7.60381E+07  8.08520E+00  1.38972E+01  1.83594E+12    2   8  2 8 6 1 0 0 0 1 0 0
   18   14  453   ar286109       325.994231  9.62358E+07  8.07020E+00  1.09397E+01  1.06249E+12    2   9  2 8 6 1 0 0 0 0 1 0
   18   15  454   ar286110       328.201062  1.18810E+08  8.01160E+00  8.73285E+00  7.38458E+11    2  10  2 8 6 1 0 0 0 0 0 1
   18   16  455   ar279003       648.317408  3.88960E+05  1.39840E+01  2.01539E+02  3.50533E+14   16   3  2 7 9 0 0 0 0 0 0 0
   18   17  456   ar278104       782.792918  1.12020E+07  8.87980E+00  6.70633E+01  2.81600E+14   16   4  2 7 8 1 0 0 0 0 0 0
   18   18  457   ar278005       813.402715  1.75032E+07  8.18390E+00  3.64535E+01  2.75419E+14   16   5  2 7 8 0 1 0 0 0 0 0
   18   19  458   ar278006       824.231250  2.52046E+07  8.23400E+00  2.56249E+01  2.73874E+14   16   6  2 7 8 0 0 1 0 0 0 0
   18   20  459   ar278007       831.258095  3.43063E+07  8.18400E+00  1.85981E+01  2.73378E+14   16   7  2 7 8 0 0 0 1 0 0 0
   18   21  460   ar278008       835.952103  4.48082E+07  8.08720E+00  1.39041E+01  2.73169E+14   16   8  2 7 8 0 0 0 0 1 0 0
   18   22  461   ar278009       838.913788  5.67104E+07  8.07120E+00  1.09424E+01  2.73071E+14   16   9  2 7 8 0 0 0 0 0 1 0
   18   23  462   ar278010       841.144900  7.00128E+07  8.00170E+00  8.71128E+00  2.73094E+14   16  10  2 7 8 0 0 0 0 0 0 1
   18   24  463   ar189003      6549.628170  9.72400E+04  1.40640E+01  2.04615E+02  6.16034E+14   24   3  1 8 9 0 0 0 0 0 0 0
   18   25  464   ar188104      6686.829183  2.80051E+06  8.90300E+00  6.74142E+01  5.99911E+14   24   4  1 8 8 1 0 0 0 0 0 0
   18   26  465   ar188005      6717.797964  4.37580E+06  8.18300E+00  3.64454E+01  5.98150E+14   24   5  1 8 8 0 1 0 0 0 0 0
   18   27  466   ar188006      6728.562427  6.30115E+06  8.24300E+00  2.56810E+01  5.97670E+14   24   6  1 8 8 0 0 1 0 0 0 0
   18   28  467   ar188007      6735.604395  8.57657E+06  8.19300E+00  1.86390E+01  5.97529E+14   24   7  1 8 8 0 0 0 1 0 0 0
   18   29  468   ar188008      6740.336239  1.12020E+07  8.08810E+00  1.39072E+01  5.97475E+14   24   8  1 8 8 0 0 0 0 1 0 0
   18   30  469   ar188009      6743.298578  1.41776E+07  8.07210E+00  1.09448E+01  5.97447E+14   24   9  1 8 8 0 0 0 0 0 1 0
   18   31  470   ar188010      6745.532131  1.75032E+07  8.00170E+00  8.71128E+00  5.97506E+14   24  10  1 8 8 0 0 0 0 0 0 1
19   31    8       119.269997
   19    1  471   k_289003         0.000000  4.86200E+04  1.30800E+01  1.19270E+02  0.00000E+00    1   3  2 8 9 0 0 0 0 0 0 0
   19    2  472   k_288104        76.897923  1.40026E+06  7.90760E+00  4.23721E+01  1.93586E+10    1   4  2 8 8 1 0 0 0 0 0 0
   19    3  473   k_288005        91.165258  2.18790E+06  7.18600E+00  2.81047E+01  1.08348E+10    1   5  2 8 8 0 1 0 0 0 0 0
   19    4  474   k_288006        99.426048  3.15058E+06  7.24600E+00  1.98439E+01  5.56716E+09    1   6  2 8 8 0 0 1 0 0 0 0
   19    5  475   k_288007       104.899540  4.28828E+06  7.19400E+00  1.43705E+01  3.55546E+09    1   7  2 8 8 0 0 0 1 0 0 0
   19    6  476   k_288008       108.588995  5.60102E+06  7.08820E+00  1.06810E+01  2.26635E+09    1   8  2 8 8 0 0 0 0 1 0 0
   19    7  477   k_288009       110.868814  7.08880E+06  7.07220E+00  8.40118E+00  1.34257E+09    1   9  2 8 8 0 0 0 0 0 1 0
   19    8  478   k_288010       112.599888  8.75160E+06  7.00180E+00  6.67011E+00  6.05691E+09    1  10  2 8 8 0 0 0 0 0 0 1
   19    9  479   k_287204       204.828191  1.57847E+07  8.46810E+00  4.44324E+01  4.63246E+13    2   4  2 8 7 2 0 0 0 0 0 0
   19   10  480   k_287105       220.687708  5.09184E+07  7.24560E+00  2.85729E+01  1.45302E+13    2   5  2 8 7 1 1 0 0 0 0 0
   19   11  481   k_287106       229.295985  7.33225E+07  7.26800E+00  1.99646E+01  5.50195E+12    2   6  2 8 7 1 0 1 0 0 0 0
   19   12  482   k_287107       234.846186  9.98001E+07  7.20500E+00  1.44144E+01  2.57916E+12    2   7  2 8 7 1 0 0 1 0 0 0
   19   13  483   k_287108       238.558516  1.30351E+08  7.09520E+00  1.07021E+01  1.35293E+12    2   8  2 8 7 1 0 0 0 1 0 0
   19   14  484   k_287109       240.845180  1.64976E+08  7.07820E+00  8.41544E+00  7.77946E+11    2   9  2 8 7 1 0 0 0 0 1 0
   19   15  485   k_287110       242.571640  2.03674E+08  7.01170E+00  6.68898E+00  4.89516E+11    2  10  2 8 7 1 0 0 0 0 0 1
   19   16  486   k_27a003       645.181402  3.50064E+05  1.36440E+01  1.22406E+02  3.90774E+14   16   3  2 710 0 0 0 0 0 0 0
   19   17  487   k_279104       724.605401  1.24467E+07  7.96430E+00  4.29820E+01  3.20561E+14   16   4  2 7 9 1 0 0 0 0 0 0
   19   18  488   k_279005       739.339325  1.94480E+07  7.20430E+00  2.82481E+01  3.15023E+14   16   5  2 7 9 0 1 0 0 0 0 0
   19   19  489   k_279006       747.710578  2.80051E+07  7.25200E+00  1.98768E+01  3.13680E+14   16   6  2 7 9 0 0 1 0 0 0 0
   19   20  490   k_279007       753.200963  3.81181E+07  7.19800E+00  1.43864E+01  3.13258E+14   16   7  2 7 9 0 0 0 1 0 0 0
   19   21  491   k_279008       756.879262  4.97869E+07  7.09720E+00  1.07081E+01  3.13080E+14   16   8  2 7 9 0 0 0 0 1 0 0
   19   22  492   k_279009       759.169583  6.30115E+07  7.07920E+00  8.41782E+00  3.12997E+14   16   9  2 7 9 0 0 0 0 0 1 0
   19   23  493   k_279010       760.917296  7.77920E+07  7.00180E+00  6.67011E+00  3.12960E+14   16  10  2 7 9 0 0 0 0 0 0 1
   19   24  494   k_18a003      6544.443411  8.75160E+04  1.37240E+01  1.24455E+02  6.25446E+14   24   3  1 810 0 0 0 0 0 0 0
   19   25  495   k_189104      6625.665339  3.11168E+06  7.98750E+00  4.32328E+01  6.09575E+14   24   4  1 8 9 1 0 0 0 0 0 0
   19   26  496   k_189005      6640.657145  4.86200E+06  7.20340E+00  2.82410E+01  6.08088E+14   24   5  1 8 9 0 1 0 0 0 0 0
   19   27  497   k_189006      6648.971969  7.00128E+06  7.26100E+00  1.99262E+01  6.07710E+14   24   6  1 8 9 0 0 1 0 0 0 0
   19   28  498   k_189007      6654.475723  9.52952E+06  7.20700E+00  1.44224E+01  6.07600E+14   24   7  1 8 9 0 0 0 1 0 0 0
   19   29  499   k_189008      6658.187307  1.24467E+07  7.09810E+00  1.07109E+01  6.07559E+14   24   8  1 8 9 0 0 0 0 1 0 0
   19   30  500   k_189009      6660.478204  1.57529E+07  7.08010E+00  8.41996E+00  6.07537E+14   24   9  1 8 9 0 0 0 0 0 1 0
   19   31  501   k_189010      6662.228058  1.94480E+07  7.00180E+00  6.67011E+00  6.07532E+14   24  10  1 8 9 0 0 0 0 0 0 1
20   31    8        97.000000
   20    1  502   ca28a003         0.000000  4.37580E+04  1.27400E+01  9.70000E+01  0.00000E+00    1   3  2 810 0 0 0 0 0 0 0
   20    2  503   ca289104        64.971768  1.55584E+06  6.99210E+00  3.20282E+01  9.68915E+09    1   4  2 8 9 1 0 0 0 0 0 0
   20    3  504   ca289005        76.036030  2.43100E+06  6.20640E+00  2.09640E+01  5.89788E+09    1   5  2 8 9 0 1 0 0 0 0 0
   20    4  505   ca289006        82.170493  3.50064E+06  6.26400E+00  1.48295E+01  2.92779E+09    1   6  2 8 9 0 0 1 0 0 0 0
   20    5  506   ca289007        86.298938  4.76476E+06  6.20800E+00  1.07011E+01  1.90879E+09    1   7  2 8 9 0 0 0 1 0 0 0
   20    6  507   ca289008        89.094333  6.22336E+06  6.09820E+00  7.90567E+00  1.22922E+09    1   8  2 8 9 0 0 0 0 1 0 0
   20    7  508   ca289009        90.790406  7.87644E+06  6.08020E+00  6.20959E+00  7.18322E+08    1   9  2 8 9 0 0 0 0 0 1 0
   20    8  509   ca289010        92.098965  9.72400E+06  6.00190E+00  4.90104E+00  1.62313E+09    1  10  2 8 9 0 0 0 0 0 0 1
   20    9  510   ca288204       140.124364  2.17040E+07  7.55260E+00  3.37736E+01  3.38566E+13    2   4  2 8 8 2 0 0 0 0 0 0
   20   10  511   ca288105       152.529355  7.00128E+07  6.26600E+00  2.13686E+01  1.07977E+13    2   5  2 8 8 1 1 0 0 0 0 0
   20   11  512   ca288106       158.964061  1.00818E+08  6.28600E+00  1.49339E+01  4.03205E+12    2   6  2 8 8 1 0 1 0 0 0 0
   20   12  513   ca288107       163.158903  1.37225E+08  6.21900E+00  1.07390E+01  1.87417E+12    2   7  2 8 8 1 0 0 1 0 0 0
   20   13  514   ca288108       165.974095  1.79233E+08  6.10520E+00  7.92383E+00  9.68857E+11    2   8  2 8 8 1 0 0 0 1 0 0
   20   14  515   ca288109       167.676068  2.26841E+08  6.08620E+00  6.22186E+00  5.44411E+11    2   9  2 8 8 1 0 0 0 0 1 0
   20   15  516   ca288110       168.980706  2.80051E+08  6.01180E+00  4.91722E+00  3.28824E+11    2  10  2 8 8 1 0 0 0 0 0 1
   20   16  517   ca27b003       642.775379  2.54592E+05  1.33040E+01  9.94060E+01  4.18318E+14   16   3  2 711 0 0 0 0 0 0 0
   20   17  518   ca27a104       709.631547  1.12020E+07  7.04880E+00  3.25499E+01  3.49007E+14   16   4  2 710 1 0 0 0 0 0 0
   20   18  519   ca27a005       721.093613  1.75032E+07  6.22470E+00  2.10878E+01  3.44265E+14   16   5  2 710 0 1 0 0 0 0 0
   20   19  520   ca27a006       727.323471  2.52046E+07  6.27000E+00  1.48579E+01  3.43147E+14   16   6  2 710 0 0 1 0 0 0 0
   20   20  521   ca27a007       731.466545  3.43063E+07  6.21200E+00  1.07149E+01  3.42803E+14   16   7  2 710 0 0 0 1 0 0 0
   20   21  522   ca27a008       734.252382  4.48082E+07  6.10720E+00  7.92902E+00  3.42659E+14   16   8  2 710 0 0 0 0 1 0 0
   20   22  523   ca27a009       735.957502  5.67104E+07  6.08720E+00  6.22390E+00  3.42591E+14   16   9  2 710 0 0 0 0 0 1 0
   20   23  524   ca27a010       737.280367  7.00128E+07  6.00190E+00  4.90104E+00  3.42557E+14   16  10  2 710 0 0 0 0 0 0 1
   20   24  525   ca18b003      6540.183792  6.36480E+04  1.33840E+01  1.01260E+02  6.33660E+14   24   3  1 811 0 0 0 0 0 0 0
   20   25  526   ca18a104      6608.678907  2.80051E+06  7.07200E+00  3.27645E+01  6.18206E+14   24   4  1 810 1 0 0 0 0 0 0
   20   26  527   ca18a005      6620.361720  4.37580E+06  6.22380E+00  2.10817E+01  6.16974E+14   24   5  1 810 0 1 0 0 0 0 0
   20   27  528   ca18a006      6626.542793  6.30115E+06  6.27900E+00  1.49006E+01  6.16670E+14   24   6  1 810 0 0 1 0 0 0 0
   20   28  529   ca18a007      6630.697483  8.57657E+06  6.22100E+00  1.07459E+01  6.16585E+14   24   7  1 810 0 0 0 1 0 0 0
   20   29  530   ca18a008      6633.512054  1.12020E+07  6.10810E+00  7.93136E+00  6.16553E+14   24   8  1 810 0 0 0 0 1 0 0
   20   30  531   ca18a009      6635.217671  1.41776E+07  6.08810E+00  6.22574E+00  6.16536E+14   24   9  1 810 0 0 0 0 0 1 0
   20   31  532   ca18a010      6636.542376  1.75032E+07  6.00190E+00  4.90104E+00  6.16529E+14   24  10  1 810 0 0 0 0 0 0 1
21   31    8        73.000000
   21    1  533   sc28b003         0.000000  3.18240E+04  1.24000E+01  7.30000E+01  0.00000E+00    1   3  2 811 0 0 0 0 0 0 0
   21    2  534   sc28a104        50.787958  1.40026E+06  6.07660E+00  2.22120E+01  3.90988E+09    1   4  2 810 1 0 0 0 0 0 0
   21    3  535   sc28a005        58.131873  2.18790E+06  5.22680E+00  1.48681E+01  2.43447E+09    1   5  2 810 0 1 0 0 0 0 0
   21    4  536   sc28a006        62.455816  3.15058E+06  5.28200E+00  1.05442E+01  1.27358E+09    1   6  2 810 0 0 1 0 0 0 0
   21    5  537   sc28a007        65.428327  4.28828E+06  5.22200E+00  7.57167E+00  8.79164E+08    1   7  2 810 0 0 0 1 0 0 0
   21    6  538   sc28a008        67.452889  5.60102E+06  5.10820E+00  5.54711E+00  5.80298E+08    1   8  2 810 0 0 0 0 1 0 0
   21    7  539   sc28a009        68.651370  7.08880E+06  5.08820E+00  4.34863E+00  3.32674E+08    1   9  2 810 0 0 0 0 0 1 0
   21    8  540   sc28a010        69.595957  8.75160E+06  5.00200E+00  3.40404E+00  3.31758E+08    1  10  2 810 0 0 0 0 0 0 1
   21    9  541   sc289204       114.383524  2.41155E+07  6.63710E+00  2.35882E+01  2.45423E+13    2   4  2 8 9 2 0 0 0 0 0 0
   21   10  542   sc289105       122.762613  7.77920E+07  5.28640E+00  1.52092E+01  7.81254E+12    2   5  2 8 9 1 1 0 0 0 0 0
   21   11  543   sc289106       127.339562  1.12020E+08  5.30400E+00  1.06322E+01  2.99737E+12    2   6  2 8 9 1 0 1 0 0 0 0
   21   12  544   sc289107       130.368161  1.52472E+08  5.23300E+00  7.60361E+00  1.39091E+12    2   7  2 8 9 1 0 0 1 0 0 0
   21   13  545   sc289108       132.409443  1.99148E+08  5.11520E+00  5.56232E+00  7.17044E+11    2   8  2 8 9 1 0 0 0 1 0 0
   21   14  546   sc289109       133.612875  2.52046E+08  5.09420E+00  4.35889E+00  4.01129E+11    2   9  2 8 9 1 0 0 0 0 1 0
   21   15  547   sc289110       134.554237  3.11168E+08  5.01190E+00  3.41753E+00  2.39937E+11    2  10  2 8 9 1 0 0 0 0 0 1
   21   16  548   sc27c003       641.140579  1.48512E+05  1.29640E+01  7.46348E+01  4.38230E+14   16   3  2 712 0 0 0 0 0 0 0
   21   17  549   sc27b104       693.146844  8.14694E+06  6.13330E+00  2.26285E+01  3.70644E+14   16   4  2 711 1 0 0 0 0 0 0
   21   18  550   sc27b005       700.802952  1.27296E+07  5.24510E+00  1.49724E+01  3.66788E+14   16   5  2 711 0 1 0 0 0 0 0
   21   19  551   sc27b006       705.207225  1.83306E+07  5.28800E+00  1.05682E+01  3.65905E+14   16   6  2 711 0 0 1 0 0 0 0
   21   20  552   sc27b007       708.192101  2.49500E+07  5.22600E+00  7.58328E+00  3.65640E+14   16   7  2 711 0 0 0 1 0 0 0
   21   21  553   sc27b008       710.208704  3.25878E+07  5.11720E+00  5.56668E+00  3.65528E+14   16   8  2 711 0 0 0 0 1 0 0
   21   22  554   sc27b009       711.414776  4.12439E+07  5.09520E+00  4.36060E+00  3.65476E+14   16   9  2 711 0 0 0 0 0 1 0
   21   23  555   sc27b010       712.371337  5.09184E+07  5.00200E+00  3.40404E+00  3.65449E+14   16  10  2 711 0 0 0 0 0 0 1
   21   24  556   sc18c003      6536.963651  3.71280E+04  1.30440E+01  7.62201E+01  6.41601E+14   24   3  1 812 0 0 0 0 0 0 0
   21   25  557   sc18b104      6590.383724  2.03674E+06  6.15650E+00  2.28001E+01  6.26475E+14   24   4  1 811 1 0 0 0 0 0 0
   21   26  558   sc18b005      6598.216503  3.18240E+06  5.24420E+00  1.49673E+01  6.25486E+14   24   5  1 811 0 1 0 0 0 0 0
   21   27  559   sc18b006      6602.579633  4.58266E+06  5.29700E+00  1.06042E+01  6.25251E+14   24   6  1 811 0 0 1 0 0 0 0
   21   28  560   sc18b007      6605.574372  6.23750E+06  5.23500E+00  7.60942E+00  6.25187E+14   24   7  1 811 0 0 0 1 0 0 0
   21   29  561   sc18b008      6607.615159  8.14694E+06  5.11810E+00  5.56863E+00  6.25163E+14   24   8  1 811 0 0 0 0 1 0 0
   21   30  562   sc18b009      6608.821648  1.03110E+07  5.09610E+00  4.36214E+00  6.25151E+14   24   9  1 811 0 0 0 0 0 1 0
   21   31  563   sc18b010      6609.779750  1.27296E+07  5.00200E+00  3.40404E+00  6.25145E+14   24  10  1 811 0 0 0 0 0 0 1
22   31    8        53.000000
   22    1  564   ti28c003         0.000000  1.85640E+04  1.20600E+01  5.30000E+01  0.00000E+00    1   3  2 812 0 0 0 0 0 0 0
   22    2  565   ti28b104        38.275510  1.01837E+06  5.16110E+00  1.47245E+01  1.40164E+09    1   4  2 811 1 0 0 0 0 0 0
   22    3  566   ti28b005        43.182926  1.59120E+06  4.24720E+00  9.81707E+00  9.44658E+08    1   5  2 811 0 1 0 0 0 0 0
   22    4  567   ti28b006        46.012090  2.29133E+06  4.30000E+00  6.98791E+00  4.91564E+08    1   6  2 811 0 0 1 0 0 0 0
   22    5  568   ti28b007        48.017749  3.11875E+06  4.23600E+00  4.98225E+00  3.61095E+08    1   7  2 811 0 0 0 1 0 0 0
   22    6  569   ti28b008        49.394691  4.07347E+06  4.11820E+00  3.60531E+00  2.44670E+08    1   8  2 811 0 0 0 0 1 0 0
   22    7  570   ti28b009        50.181723  5.15549E+06  4.09620E+00  2.81828E+00  1.35790E+08    1   9  2 811 0 0 0 0 0 1 0
   22    8  571   ti28b010        50.820879  6.36480E+06  4.00210E+00  2.17912E+00  1.94749E+08    1  10  2 811 0 0 0 0 0 0 1
   22    9  572   ti28a204        88.006850  2.17040E+07  5.72160E+00  1.57811E+01  1.75241E+13    2   4  2 810 2 0 0 0 0 0 0
   22   10  573   ti28a105        93.693420  7.00128E+07  4.30680E+00  1.00945E+01  6.02471E+12    2   5  2 810 1 1 0 0 0 0 0
   22   11  574   ti28a106        96.728359  1.00818E+08  4.32200E+00  7.05960E+00  2.28103E+12    2   6  2 810 1 0 1 0 0 0 0
   22   12  575   ti28a107        98.779797  1.37225E+08  4.24700E+00  5.00816E+00  1.05699E+12    2   7  2 810 1 0 0 1 0 0 0
   22   13  576   ti28a108       100.170382  1.79233E+08  4.12520E+00  3.61758E+00  5.43568E+11    2   8  2 810 1 0 0 0 1 0 0
   22   14  577   ti28a109       100.961419  2.26841E+08  4.10220E+00  2.82654E+00  3.02886E+11    2   9  2 810 1 0 0 0 0 1 0
   22   15  578   ti28a110       101.598043  2.80051E+08  4.01200E+00  2.18992E+00  1.80124E+11    2  10  2 810 1 0 0 0 0 0 1
   22   16  579   ti27d003       640.166052  6.85440E+04  1.26240E+01  5.39745E+01  4.51400E+14   16   3  2 713 0 0 0 0 0 0 0
   22   17  580   ti27c104       679.090759  4.75238E+06  5.21780E+00  1.50498E+01  3.86085E+14   16   4  2 712 1 0 0 0 0 0 0
   22   18  581   ti27c005       684.238722  7.42560E+06  4.26550E+00  9.90186E+00  3.83155E+14   16   5  2 712 0 1 0 0 0 0 0
   22   19  582   ti27c006       687.133153  1.06929E+07  4.30600E+00  7.00743E+00  3.82501E+14   16   6  2 712 0 0 1 0 0 0 0
   22   20  583   ti27c007       689.148913  1.45542E+07  4.24000E+00  4.99167E+00  3.82310E+14   16   7  2 712 0 0 0 1 0 0 0
   22   21  584   ti27c008       690.519494  1.90095E+07  4.12720E+00  3.62108E+00  3.82230E+14   16   8  2 712 0 0 0 0 1 0 0
   22   22  585   ti27c009       691.312661  2.40589E+07  4.10320E+00  2.82792E+00  3.82192E+14   16   9  2 712 0 0 0 0 0 1 0
   22   23  586   ti27c010       691.961458  2.97024E+07  4.00210E+00  2.17912E+00  3.82173E+14   16  10  2 712 0 0 0 0 0 0 1
   22   24  587   ti18d003      6534.639488  1.71360E+04  1.27040E+01  5.53242E+01  6.49843E+14   24   3  1 813 0 0 0 0 0 0 0
   22   25  588   ti18c104      6574.779690  1.18810E+06  5.24100E+00  1.51840E+01  6.34930E+14   24   4  1 812 1 0 0 0 0 0 0
   22   26  589   ti18c005      6580.065972  1.85640E+06  4.26460E+00  9.89768E+00  6.34178E+14   24   5  1 812 0 1 0 0 0 0 0
   22   27  590   ti18c006      6582.926902  2.67322E+06  4.31500E+00  7.03675E+00  6.34007E+14   24   6  1 812 0 0 1 0 0 0 0
   22   28  591   ti18c007      6584.950772  3.63854E+06  4.24900E+00  5.01288E+00  6.33962E+14   24   7  1 812 0 0 0 1 0 0 0
   22   29  592   ti18c008      6586.340987  4.75238E+06  4.12810E+00  3.62266E+00  6.33947E+14   24   8  1 812 0 0 0 0 1 0 0
   22   30  593   ti18c009      6587.134492  6.01474E+06  4.10410E+00  2.82916E+00  6.33938E+14   24   9  1 812 0 0 0 0 0 1 0
   22   31  594   ti18c010      6587.784530  7.42560E+06  4.00210E+00  2.17912E+00  6.33934E+14   24  10  1 812 0 0 0 0 0 0 1
23   31    8        33.667000
   23    1  595   v_28d003         0.000000  8.56800E+03  1.17200E+01  3.36670E+01  0.00000E+00    1   3  2 813 0 0 0 0 0 0 0
   23    2  596   v_28c104        25.195811  5.94048E+05  4.24560E+00  8.47119E+00  3.76983E+08    1   4  2 812 1 0 0 0 0 0 0
   23    3  597   v_28c005        27.856304  9.28200E+05  3.26760E+00  5.81070E+00  2.48692E+08    1   5  2 812 0 1 0 0 0 0 0
   23    4  598   v_28c006        29.506375  1.33661E+06  3.31800E+00  4.16062E+00  1.45196E+08    1   6  2 812 0 0 1 0 0 0 0
   23    5  599   v_28c007        30.734237  1.81927E+06  3.25000E+00  2.93276E+00  1.20045E+08    1   7  2 812 0 0 0 1 0 0 0
   23    6  600   v_28c008        31.586757  2.37619E+06  3.12820E+00  2.08024E+00  8.51459E+07    1   8  2 812 0 0 0 0 1 0 0
   23    7  601   v_28c009        32.048478  3.00737E+06  3.10420E+00  1.61852E+00  4.51463E+07    1   9  2 812 0 0 0 0 0 1 0
   23    8  602   v_28c010        32.440739  3.71280E+06  3.00220E+00  1.22626E+00  2.83177E+08    1  10  2 812 0 0 0 0 0 0 1
   23    9  603   v_28b204        62.749859  1.57847E+07  4.80610E+00  9.19265E+00  1.03270E+13    2   4  2 811 2 0 0 0 0 0 0
   23   10  604   v_28b105        65.917905  5.09184E+07  3.32720E+00  6.02460E+00  2.34703E+12    2   5  2 811 1 1 0 0 0 0 0
   23   11  605   v_28b106        67.726527  7.33225E+07  3.34000E+00  4.21598E+00  7.82982E+11    2   6  2 811 1 0 1 0 0 0 0
   23   12  606   v_28b107        68.989860  9.98001E+07  3.26100E+00  2.95265E+00  3.62866E+11    2   7  2 811 1 0 0 1 0 0 0
   23   13  607   v_28b108        69.852946  1.30351E+08  3.13520E+00  2.08956E+00  1.86630E+11    2   8  2 811 1 0 0 0 1 0 0
   23   14  608   v_28b109        70.317725  1.64976E+08  3.11020E+00  1.62479E+00  1.04015E+11    2   9  2 811 1 0 0 0 0 1 0
   23   15  609   v_28b110        70.708148  2.03674E+08  3.01210E+00  1.23436E+00  6.20900E+10    2  10  2 811 1 0 0 0 0 0 1
   23   16  610   v_27e003       639.786099  2.44800E+04  1.22840E+01  3.40470E+01  5.79822E+14   16   3  2 714 0 0 0 0 0 0 0
   23   17  611   v_27d104       665.134074  2.19341E+06  4.30230E+00  8.69898E+00  5.00507E+14   16   4  2 713 1 0 0 0 0 0 0
   23   18  612   v_27d005       667.957087  3.42720E+06  3.28590E+00  5.87596E+00  4.97936E+14   16   5  2 713 0 1 0 0 0 0 0
   23   19  613   v_27d006       669.657366  4.93517E+06  3.32400E+00  4.17569E+00  4.97422E+14   16   6  2 713 0 0 1 0 0 0 0
   23   20  614   v_27d007       670.893065  6.71731E+06  3.25400E+00  2.93999E+00  4.97281E+14   16   7  2 713 0 0 0 1 0 0 0
   23   21  615   v_27d008       671.740822  8.77363E+06  3.13720E+00  2.09223E+00  4.97222E+14   16   8  2 713 0 0 0 0 1 0 0
   23   22  616   v_27d009       672.207222  1.11041E+07  3.11120E+00  1.62583E+00  4.97194E+14   16   9  2 713 0 0 0 0 0 1 0
   23   23  617   v_27d010       672.606791  1.37088E+07  3.00220E+00  1.22626E+00  4.97180E+14   16  10  2 713 0 0 0 0 0 0 1
   23   24  618   v_18e003      6533.203224  6.12000E+03  1.23640E+01  3.51033E+01  6.70238E+14   24   3  1 814 0 0 0 0 0 0 0
   23   25  619   v_18d104      6559.513434  5.48352E+05  4.32550E+00  8.79305E+00  6.54741E+14   24   4  1 813 1 0 0 0 0 0 0
   23   26  620   v_18d005      6562.433742  8.56800E+05  3.28500E+00  5.87275E+00  6.54046E+14   24   5  1 813 0 1 0 0 0 0 0
   23   27  621   v_18d006      6564.108159  1.23379E+06  3.33300E+00  4.19833E+00  6.53918E+14   24   6  1 813 0 0 1 0 0 0 0
   23   28  622   v_18d007      6565.350215  1.67933E+06  3.26300E+00  2.95627E+00  6.53888E+14   24   7  1 813 0 0 0 1 0 0 0
   23   29  623   v_18d008      6566.213057  2.19341E+06  3.13810E+00  2.09343E+00  6.53877E+14   24   8  1 813 0 0 0 0 1 0 0
   23   30  624   v_18d009      6566.679717  2.77603E+06  3.11210E+00  1.62677E+00  6.53872E+14   24   9  1 813 0 0 0 0 0 1 0
   23   31  625   v_18d010      6567.080226  3.42720E+06  3.00220E+00  1.22626E+00  6.53869E+14   24  10  1 813 0 0 0 0 0 0 1
24   31    8        15.640000
   24    1  626   cr28e003         0.000000  3.06000E+03  1.13800E+01  1.56400E+01  0.00000E+00    1   3  2 814 0 0 0 0 0 0 0
   24    2  627   cr28d104        12.073546  2.74176E+05  3.33010E+00  3.56645E+00  5.85835E+07    1   4  2 813 1 0 0 0 0 0 0
   24    3  628   cr28d005        12.791097  4.28400E+05  2.28800E+00  2.84890E+00  2.08689E+07    1   5  2 813 0 1 0 0 0 0 0
   24    4  629   cr28d006        13.577718  6.16896E+05  2.33600E+00  2.06228E+00  2.57315E+07    1   6  2 813 0 0 1 0 0 0 0
   24    5  630   cr28d007        14.216818  8.39664E+05  2.26400E+00  1.42318E+00  2.77585E+07    1   7  2 813 0 0 0 1 0 0 0
   24    6  631   cr28d008        14.668105  1.09670E+06  2.13820E+00  9.71896E-01  2.15149E+07    1   8  2 813 0 0 0 0 1 0 0
   24    7  632   cr28d009        14.890645  1.38802E+06  2.11220E+00  7.49355E-01  1.06824E+07    1   9  2 813 0 0 0 0 0 1 0
   24    8  633   cr28d010        15.094543  1.71360E+06  2.00230E+00  5.45457E-01  1.93157E+09    1  10  2 813 0 0 0 0 0 0 1
   24    9  634   cr28c204        36.896668  9.20774E+06  3.89060E+00  3.93914E+00  7.44593E+12    2   4  2 812 2 0 0 0 0 0 0
   24   10  635   cr28c105        37.836551  2.97024E+07  2.34760E+00  2.99926E+00  1.30012E+12    2   5  2 812 1 1 0 0 0 0 0
   24   11  636   cr28c106        38.734502  4.27715E+07  2.35800E+00  2.10131E+00  4.14112E+11    2   6  2 812 1 0 1 0 0 0 0
   24   12  637   cr28c107        39.398766  5.82167E+07  2.27500E+00  1.43705E+00  1.91773E+11    2   7  2 812 1 0 0 1 0 0 0
   24   13  638   cr28c108        39.857542  7.60381E+07  2.14520E+00  9.78270E-01  9.85206E+10    2   8  2 812 1 0 0 0 1 0 0
   24   14  639   cr28c109        40.082193  9.62358E+07  2.11820E+00  7.53619E-01  5.48066E+10    2   9  2 812 1 0 0 0 0 1 0
   24   15  640   cr28c110        40.284947  1.18810E+08  2.01220E+00  5.50865E-01  3.43918E+10    2  10  2 812 1 0 0 0 0 0 1
   24   16  641   cr27f003       639.832971  6.52800E+03  1.19440E+01  1.55931E+01  5.86219E+14   16   3  2 715 0 0 0 0 0 0 0
   24   17  642   cr27e104       651.737159  7.83360E+05  3.38680E+00  3.68894E+00  5.10072E+14   16   4  2 714 1 0 0 0 0 0 0
   24   18  643   cr27e005       652.531440  1.22400E+06  2.30630E+00  2.89466E+00  5.08596E+14   16   5  2 714 0 1 0 0 0 0 0
   24   19  644   cr27e006       653.353210  1.76256E+06  2.34200E+00  2.07289E+00  5.08333E+14   16   6  2 714 0 0 1 0 0 0 0
   24   20  645   cr27e007       653.997884  2.39904E+06  2.26800E+00  1.42822E+00  5.08265E+14   16   7  2 714 0 0 0 1 0 0 0
   24   21  646   cr27e008       654.446005  3.13344E+06  2.14720E+00  9.80095E-01  5.08236E+14   16   8  2 714 0 0 0 0 1 0 0
   24   22  647   cr27e009       654.671769  3.96576E+06  2.11920E+00  7.54330E-01  5.08222E+14   16   9  2 714 0 0 0 0 0 1 0
   24   23  648   cr27e010       654.880642  4.89600E+06  2.00230E+00  5.45457E-01  5.08217E+14   16  10  2 714 0 0 0 0 0 0 1
   24   24  649   cr18f003      6532.589591  1.63200E+03  1.20240E+01  1.62536E+01  6.79242E+14   24   3  1 815 0 0 0 0 0 0 0
   24   25  650   cr18e104      6545.103570  1.95840E+05  3.41000E+00  3.73965E+00  6.63805E+14   24   4  1 814 1 0 0 0 0 0 0
   24   26  651   cr18e005      6545.950824  3.06000E+05  2.30540E+00  2.89240E+00  6.63352E+14   24   5  1 814 0 1 0 0 0 0 0
   24   27  652   cr18e006      6546.754372  4.40640E+05  2.35100E+00  2.08885E+00  6.63279E+14   24   6  1 814 0 0 1 0 0 0 0
   24   28  653   cr18e007      6547.403651  5.99760E+05  2.27700E+00  1.43957E+00  6.63264E+14   24   7  1 814 0 0 0 1 0 0 0
   24   29  654   cr18e008      6547.862308  7.83360E+05  2.14810E+00  9.80916E-01  6.63259E+14   24   8  1 814 0 0 0 0 1 0 0
   24   30  655   cr18e009      6548.088253  9.91440E+05  2.12010E+00  7.54971E-01  6.63256E+14   24   9  1 814 0 0 0 0 0 1 0
   24   31  656   cr18e010      6548.297767  1.22400E+06  2.00230E+00  5.45457E-01  6.63257E+14   24  10  1 814 0 0 0 0 0 0 1
25   31    8         7.435000
   25    1  657   mn28f003         0.000000  8.16000E+02  1.10400E+01  7.43500E+00  0.00000E+00    1   3  2 815 0 0 0 0 0 0 0
   25    2  658   mn28e104         5.821168  9.79200E+04  2.41460E+00  1.61383E+00  8.60428E+06    1   4  2 814 1 0 0 0 0 0 0
   25    3  659   mn28e005         6.503369  1.53000E+05  1.30840E+00  9.31631E-01  3.66543E+07    1   5  2 814 0 1 0 0 0 0 0
   25    4  660   mn28e006         6.742153  2.20320E+05  1.35400E+00  6.92847E-01  3.69905E+06    1   6  2 814 0 0 1 0 0 0 0
   25    5  661   mn28e007         6.981510  2.99880E+05  1.27800E+00  4.53490E-01  3.99280E+06    1   7  2 814 0 0 0 1 0 0 0
   25    6  662   mn28e008         7.154743  3.91680E+05  1.14820E+00  2.80257E-01  4.70203E+06    1   8  2 814 0 0 0 0 1 0 0
   25    7  663   mn28e009         7.224230  4.95720E+05  1.12020E+00  2.10770E-01  2.06504E+06    1   9  2 814 0 0 0 0 0 1 0
   25    8  664   mn28e010         7.298295  6.12000E+05  1.00240E+00  1.36705E-01  9.16478E+05    1  10  2 814 0 0 0 0 0 0 1
   25    9  665   mn28d204        17.678099  4.24973E+06  2.97510E+00  1.83045E+00  3.39564E+12    2   4  2 813 2 0 0 0 0 0 0
   25   10  666   mn28d105        18.490107  1.37088E+07  1.36800E+00  1.01844E+00  5.55601E+11    2   5  2 813 1 1 0 0 0 0 0
   25   11  667   mn28d106        18.793001  1.97407E+07  1.37600E+00  7.15545E-01  1.70705E+11    2   6  2 813 1 0 1 0 0 0 0
   25   12  668   mn28d107        19.047216  2.68692E+07  1.28900E+00  4.61330E-01  7.90040E+10    2   7  2 813 1 0 0 1 0 0 0
   25   13  669   mn28d108        19.224861  3.50945E+07  1.15520E+00  2.83685E-01  4.05474E+10    2   8  2 813 1 0 0 0 1 0 0
   25   14  670   mn28d109        19.295513  4.44165E+07  1.12620E+00  2.13033E-01  2.25208E+10    2   9  2 813 1 0 0 0 0 1 0
   25   15  671   mn28d110        19.369128  5.48352E+07  1.01230E+00  1.39419E-01  1.33170E+10    2  10  2 813 1 0 0 0 0 0 1
   25   16  672   mn27g003       640.137368  1.22400E+03  1.16040E+01  7.13060E+00  5.90025E+14   16   3  2 716 0 0 0 0 0 0 0
   25   17  673   mn27f104       645.577456  2.08896E+05  2.47130E+00  1.69052E+00  5.17123E+14   16   4  2 715 1 0 0 0 0 0 0
   25   18  674   mn27f005       646.310097  3.26400E+05  1.32670E+00  9.57874E-01  5.16529E+14   16   5  2 715 0 1 0 0 0 0 0
   25   19  675   mn27f006       646.568969  4.70016E+05  1.36000E+00  6.99001E-01  5.16453E+14   16   6  2 715 0 0 1 0 0 0 0
   25   20  676   mn27f007       646.811638  6.39744E+05  1.28200E+00  4.56333E-01  5.16435E+14   16   7  2 715 0 0 0 1 0 0 0
   25   21  677   mn27f008       646.983303  8.35584E+05  1.15720E+00  2.84668E-01  5.16428E+14   16   8  2 715 0 0 0 0 1 0 0
   25   22  678   mn27f009       647.054559  1.05754E+06  1.12720E+00  2.13412E-01  5.16425E+14   16   9  2 715 0 0 0 0 0 1 0
   25   23  679   mn27f010       647.131266  1.30560E+06  1.00240E+00  1.36705E-01  5.16423E+14   16  10  2 715 0 0 0 0 0 0 1
   25   24  680   mn18g003      6532.379147  3.06000E+02  1.16840E+01  7.64544E+00  6.90664E+14   24   3  1 816 0 0 0 0 0 0 0
   25   25  681   mn18f104      6538.302186  5.22240E+04  2.49450E+00  1.72241E+00  6.75155E+14   24   4  1 815 1 0 0 0 0 0 0
   25   26  682   mn18f005      6539.068016  8.16000E+04  1.32580E+00  9.56574E-01  6.74931E+14   24   5  1 815 0 1 0 0 0 0 0
   25   27  683   mn18f006      6539.316307  1.17504E+05  1.36900E+00  7.08284E-01  6.74903E+14   24   6  1 815 0 0 1 0 0 0 0
   25   28  684   mn18f007      6539.561828  1.59936E+05  1.29100E+00  4.62763E-01  6.74898E+14   24   7  1 815 0 0 0 1 0 0 0
   25   29  685   mn18f008      6539.739480  2.08896E+05  1.15810E+00  2.85111E-01  6.74897E+14   24   8  1 815 0 0 0 0 1 0 0
   25   30  686   mn18f009      6539.810838  2.64384E+05  1.12810E+00  2.13753E-01  6.74896E+14   24   9  1 815 0 0 0 0 0 1 0
   25   31  687   mn18f010      6539.887886  3.26400E+05  1.00240E+00  1.36705E-01  6.74896E+14   24  10  1 815 0 0 0 0 0 0 1
8039
b   1    1  1    2  99  2.18862E-01  9.91042E-01 -1.26057E+01  5.06234E+01  5.53356E+00  4.03300E-01  4.03300E-01
b   1    1  1    3  99  1.15911E-01  1.86970E+00 -2.40896E+01  8.99964E+01  8.39591E+00  7.76600E-02  7.76600E-02
b   1    2  1    3  99  4.16878E-01 -1.16663E-01 -2.11567E+00  2.01946E+01  3.79795E+00  6.31400E-01  6.31400E-01
b   1    1  1    4  99  7.61239E-02  2.44780E+00 -4.30948E+01 -1.85261E+01  2.00000E+01  2.85600E-02  2.85600E-02
b   1    2  1    4  99  4.36427E-01  2.29353E-01 -2.62501E+00  1.95294E+01  3.72078E+00  1.18900E-01  1.18900E-01
b   1    3  1    4  99  5.68167E-02  7.34288E-01  4.97034E+00 -2.48265E+02  2.00000E+01  8.34500E-01  8.34500E-01
b   1    1  1    5  99  7.88856E-02  2.47968E+00 -4.25054E+01 -3.92530E+01  2.00000E+01  1.37500E-02  1.37500E-02
b   1    2  1    5  99  4.44753E-01  4.03823E-01 -2.87589E+00  1.94428E+01  3.70895E+00  4.47100E-02  4.47100E-02
b   1    3  1    5  99  1.78391E-01  2.19653E+00 -6.63887E+01  7.46870E+02  2.00000E+01  1.50300E-01  1.50300E-01
b   1    4  1    5  99  8.74291E-02  1.03275E+00 -1.74875E+01  1.13077E+02  2.00000E+01  1.03100E+00  1.03100E+00
b   1    1  1    6  99  7.80599E-02  2.46878E+00 -4.01304E+01 -8.09966E+01  2.00000E+01  7.69100E-03  7.69100E-03
b   1    2  1    6  99  4.45175E-01  5.13707E-01 -3.03483E+00  1.92089E+01  3.69546E+00  2.21600E-02  2.21600E-02
b   1    3  1    6  99  1.74773E-01  2.35903E+00 -5.60234E+01  5.48624E+02  2.00000E+01  5.58900E-02  5.58900E-02
b   1    4  1    6  99  1.13774E-01  1.45736E+00 -1.31685E+01  1.40245E+01  2.00000E+01  1.78900E-01  1.78900E-01
b   1    5  1    6  99  1.12705E-01  9.25639E-01 -1.86556E+01  1.97090E+02  2.00000E+01  1.22500E+00  1.22500E+00
b   1    1  1    7  99  7.85496E-02  2.46020E+00 -3.89125E+01 -1.00941E+02  2.00000E+01  4.74800E-03  4.74800E-03
b   1    2  1    7  99  4.36752E-01  6.07613E-01 -3.20719E+00  1.88442E+01  3.68746E+00  1.27600E-02  1.27600E-02
b   1    3  1    7  99  1.77836E-01  2.47831E+00 -5.17343E+01  4.64833E+02  2.00000E+01  2.77700E-02  2.77700E-02
b   1    4  1    7  99  1.36341E-01  1.75691E+00 -1.24414E+01 -7.35789E+00  2.00000E+01  6.55300E-02  6.55300E-02
b   1    5  1    7  99  1.22679E-01  1.49849E+00 -1.58491E+01  8.86621E+01  2.00000E+01  2.06500E-01  2.06500E-01
b   1    6  1    7  99  2.73912E-01  1.94861E-02  1.70133E+00 -6.22358E-01  2.12406E+00  1.41800E+00  1.41800E+00
b   1    1  1    8  99  7.77614E-02  2.46394E+00 -3.82648E+01 -1.14907E+02  2.00000E+01  3.13900E-03  3.13900E-03
b   1    2  1    8  99  4.40589E-01  6.40768E-01 -3.23344E+00  1.88312E+01  3.68225E+00  8.07400E-03  8.07400E-03
b   1    3  1    8  99  1.68197E-01  2.49437E+00 -4.30235E+01  3.15343E+02  2.00000E+01  1.61100E-02  1.61100E-02
b   1    4  1    8  99  2.04400E-01  1.55033E+00 -2.31851E+00  6.45236E+00  3.68876E+00  3.23900E-02  3.23900E-02
b   1    5  1    8  99  1.51871E-01  1.91840E+00 -1.94891E+01  1.33157E+02  2.00000E+01  7.45400E-02  7.45400E-02
b   1    6  1    8  99  1.54005E-01  1.43045E+00 -1.88130E+01  2.03317E+02  2.00000E+01  2.33600E-01  2.33600E-01
b   1    7  1    8  99  2.45914E-01  1.15033E-01  1.36985E+00 -4.37222E-01  2.04670E+00  1.61100E+00  1.61100E+00
b   1    1  1    9  99  7.87522E-02  2.46943E+00 -3.83692E+01 -1.14310E+02  2.00000E+01  2.18200E-03  2.18200E-03
b   1    2  1    9  99  4.37537E-01  6.82267E-01 -3.31469E+00  1.87297E+01  3.68164E+00  5.45400E-03  5.45400E-03
b   1    3  1    9  99  1.69494E-01  2.55151E+00 -4.09974E+01  2.76056E+02  2.00000E+01  1.02900E-02  1.02900E-02
b   1    4  1    9  99  1.54108E-01  2.09428E+00 -8.93074E+00 -7.60081E+01  2.00000E+01  1.87900E-02  1.87900E-02
b   1    5  1    9  99  1.71632E-01  2.21120E+00 -2.11166E+01  1.52927E+02  2.00000E+01  3.65800E-02  3.65800E-02
b   1    6  1    9  99  1.82543E-01  1.85769E+00 -2.03004E+01  2.19777E+02  2.00000E+01  8.32500E-02  8.32500E-02
b   1    7  1    9  99  3.17396E-01  5.35308E-01  1.74920E+00 -6.22130E-01  2.13643E+00  2.60400E-01  2.60400E-01
b   1    8  1    9  99  2.66919E-01  7.24850E-03  2.26390E+00 -1.15961E+00  2.81009E+00  1.80200E+00  1.80200E+00
b   1    1  1   10  99  7.97276E-02  2.48346E+00 -3.89820E+01 -1.07011E+02  2.00000E+01  1.57700E-03  1.57700E-03
b   1    2  1   10  99  4.38446E-01  7.01053E-01 -3.31918E+00  1.86248E+01  3.67516E+00  3.86400E-03  3.86400E-03
b   1    3  1   10  99  1.69394E-01  2.57463E+00 -3.83430E+01  2.31683E+02  2.00000E+01  7.01600E-03  7.01600E-03
b   1    4  1   10  99  1.69545E-01  2.29637E+00 -1.46766E+01  3.99238E+00  2.00000E+01  1.20300E-02  1.20300E-02
b   1    5  1   10  99  1.82487E-01  2.43545E+00 -2.16082E+01  1.52319E+02  2.00000E+01  2.11600E-02  2.11600E-02
b   1    6  1   10  99  1.67879E-01  2.27195E+00 -1.74167E+01  1.14686E+02  2.00000E+01  4.05700E-02  4.05700E-02
b   1    7  1   10  99  1.77681E-01  1.88538E+00 -1.82390E+01  1.96500E+02  2.00000E+01  9.18200E-02  9.18200E-02
b   1    8  1   10  99  2.99991E-01  6.03493E-01  1.61765E+00 -5.83139E-01  2.15553E+00  2.86800E-01  2.86800E-01
b   1    9  1   10  99  5.37682E-01  1.21707E-01  4.43062E+00 -2.21696E+00  2.81693E+00  9.35100E-01  9.35100E-01
f   1    1  0    1  99  1.00000E+00  2.50000E+01
p   1    1  0    1  99  1.00000E+00  2.50000E+01
f   1    2  0    1  99  1.00000E+00  2.50000E+01
p   1    2  0    1  99  1.00000E+00  2.50000E+01
f   1    3  0    1  99  1.00000E+00  2.50000E+01
p   1    3  0    1  99  1.00000E+00  2.50000E+01
f   1    4  0    1  99  1.00000E+00  2.50000E+01
p   1    4  0    1  99  1.00000E+00  2.50000E+01
f   1    5  0    1  99  1.00000E+00  2.50000E+01
p   1    5  0    1  99  1.00000E+00  2.50000E+01
f   1    6  0    1  99  1.00000E+00  2.50000E+01
p   1    6  0    1  99  1.00000E+00  2.50000E+01
f   1    7  0    1  99  1.00000E+00  2.50000E+01
p   1    7  0    1  99  1.00000E+00  2.50000E+01
f   1    8  0    1  99  1.00000E+00  2.50000E+01
p   1    8  0    1  99  1.00000E+00  2.50000E+01
f   1    9  0    1  99  1.00000E+00  2.50000E+01
p   1    9  0    1  99  1.00000E+00  2.50000E+01
f   1   10  0    1  99  1.00000E+00  2.50000E+01
p   1   10  0    1  99  1.00000E+00  2.50000E+01
b   2    1  2    2  99  2.31410E-01  8.72239E-01 -1.10727E+01  4.47740E+01  5.26244E+00  7.72000E-01  7.72000E-01
b   2    1  2    3  99  1.33750E-01  1.66746E+00 -2.04694E+01  7.64290E+01  7.51928E+00  1.51660E-01  1.51660E-01
b   2    2  2    3  99  1.68278E-01  7.67933E-01 -7.94784E+00  3.30357E+01  5.58752E+00  6.22700E-01  6.22700E-01
b   2    1  2    4  99  9.49152E-02  2.02876E+00 -2.73879E+01  9.83651E+01  9.89055E+00  5.61000E-02  5.61000E-02
b   2    2  2    4  99  4.34563E-01  2.02321E-01 -2.49103E+00  1.92632E+01  3.71700E+00  1.18600E-01  1.18600E-01
b   2    3  2    4  99  7.37851E-02  1.00865E+00 -1.24647E+01 -2.05493E+00  2.00000E+01  8.30600E-01  8.30600E-01
b   2    1  2    5  99  7.61391E-02  2.35130E+00 -4.01294E+01 -3.77787E+01  2.00000E+01  2.70800E-02  2.70800E-02
b   2    2  2    5  99  4.43623E-01  3.68145E-01 -2.73320E+00  1.92383E+01  3.70508E+00  4.47500E-02  4.47500E-02
b   2    3  2    5  99  1.20656E-01  1.63773E+00 -2.61218E+01  1.49456E+02  2.00000E+01  1.50200E-01  1.50200E-01
b   2    4  2    5  99  8.57940E-02  1.00645E+00 -1.59464E+01  9.41137E+01  2.00000E+01  1.02900E+00  1.02900E+00
b   2    1  2    6  99  7.98368E-02  2.54064E+00 -4.25833E+01 -5.85758E+01  2.00000E+01  1.44520E-02  1.44520E-02
b   2    2  2    6  99  4.60484E-01  4.85997E-01 -2.99803E+00  1.97485E+01  3.69393E+00  2.16400E-02  2.16400E-02
b   2    3  2    6  99  1.89103E-01  2.42657E+00 -6.30654E+01  6.71050E+02  2.00000E+01  5.54100E-02  5.54100E-02
b   2    4  2    6  99  1.31123E-01  1.57401E+00 -2.28618E+01  1.69809E+02  2.00000E+01  1.77800E-01  1.77800E-01
b   2    5  2    6  99  1.10013E-01  9.25466E-01 -1.78128E+01  1.82418E+02  2.00000E+01  1.22000E+00  1.22000E+00
b   2    1  2    7  99  8.08969E-02  2.53602E+00 -4.18770E+01 -6.97386E+01  2.00000E+01  8.93000E-03  8.93000E-03
b   2    2  2    7  99  4.57774E-01  5.63820E-01 -3.15143E+00  1.96644E+01  3.69217E+00  1.24800E-02  1.24800E-02
b   2    3  2    7  99  1.84545E-01  2.48071E+00 -5.38807E+01  5.13056E+02  2.00000E+01  2.75700E-02  2.75700E-02
b   2    4  2    7  99  1.36725E-01  1.75824E+00 -1.25954E+01 -2.31088E-01  2.00000E+01  6.52200E-02  6.52200E-02
b   2    5  2    7  99  1.20576E-01  1.48624E+00 -1.46242E+01  7.19800E+01  2.00000E+01  2.05800E-01  2.05800E-01
b   2    6  2    7  99  2.69344E-01  3.97868E-02  1.64398E+00 -5.89063E-01  2.11754E+00  1.41600E+00  1.41600E+00
b   2    1  2    8  99  8.14638E-02  2.53769E+00 -4.16133E+01 -7.49717E+01  2.00000E+01  5.90800E-03  5.90800E-03
b   2    2  2    8  99  4.57306E-01  6.07102E-01 -3.19665E+00  1.95027E+01  3.68671E+00  7.91000E-03  7.91000E-03
b   2    3  2    8  99  1.82728E-01  2.57010E+00 -5.06594E+01  4.46014E+02  2.00000E+01  1.60100E-02  1.60100E-02
b   2    4  2    8  99  1.46482E-01  1.96561E+00 -1.10045E+01 -3.61211E+01  2.00000E+01  3.22600E-02  3.22600E-02
b   2    5  2    8  99  1.50550E-01  1.90811E+00 -1.86997E+01  1.25058E+02  2.00000E+01  7.43200E-02  7.43200E-02
b   2    6  2    8  99  1.53125E-01  1.42865E+00 -1.84510E+01  1.99741E+02  2.00000E+01  2.33200E-01  2.33200E-01
b   2    7  2    8  99  2.41719E-01  1.34711E-01  1.31003E+00 -3.98734E-01  2.02988E+00  1.60800E+00  1.60800E+00
b   2    1  2    9  99  8.22690E-02  2.55468E+00 -4.22455E+01 -6.84716E+01  2.00000E+01  4.11000E-03  4.11000E-03
b   2    2  2    9  99  4.56418E-01  6.42231E-01 -3.26770E+00  1.95025E+01  3.68968E+00  5.34700E-03  5.34700E-03
b   2    3  2    9  99  1.80459E-01  2.58781E+00 -4.60070E+01  3.69092E+02  2.00000E+01  1.02300E-02  1.02300E-02
b   2    4  2    9  99  2.27640E-01  1.65479E+00 -1.94109E+00  5.61822E+00  3.34616E+00  1.87300E-02  1.87300E-02
b   2    5  2    9  99  1.70083E-01  2.20200E+00 -2.04247E+01  1.46434E+02  2.00000E+01  3.64900E-02  3.64900E-02
b   2    6  2    9  99  1.80911E-01  1.85654E+00 -1.99192E+01  2.15497E+02  2.00000E+01  8.31400E-02  8.31400E-02
b   2    7  2    9  99  3.14167E-01  5.48107E-01  1.74605E+00 -6.58050E-01  2.15421E+00  2.60100E-01  2.60100E-01
b   2    8  2    9  99  2.63955E-01  2.26060E-02  2.22035E+00 -1.12988E+00  2.81194E+00  1.80100E+00  1.80100E+00
b   2    1  2   10  99  8.16997E-02  2.54537E+00 -4.13958E+01 -8.16916E+01  2.00000E+01  2.97200E-03  2.97200E-03
b   2    2  2   10  99  4.54286E-01  6.69385E-01 -3.29271E+00  1.92561E+01  3.67338E+00  3.79000E-03  3.79000E-03
b   2    3  2   10  99  1.82203E-01  2.64022E+00 -4.52196E+01  3.50533E+02  2.00000E+01  6.98300E-03  6.98300E-03
b   2    4  2   10  99  1.74339E-01  2.08876E+00 -5.90872E+00  1.72937E+01  6.81851E+00  1.20000E-02  1.20000E-02
b   2    5  2   10  99  1.80666E-01  2.42836E+00 -2.10530E+01  1.47514E+02  2.00000E+01  2.11200E-02  2.11200E-02
b   2    6  2   10  99  2.00175E-01  2.18344E+00 -2.05358E+01  2.19862E+02  2.00000E+01  4.05300E-02  4.05300E-02
b   2    7  2   10  99  1.79753E-01  1.87306E+00 -1.80869E+01  2.01326E+02  2.00000E+01  9.17200E-02  9.17200E-02
b   2    8  2   10  99  2.96957E-01  6.16057E-01  1.60117E+00 -5.73612E-01  2.17243E+00  2.86600E-01  2.86600E-01
b   2    9  2   10  99  5.35619E-01  1.57298E-01  4.34525E+00 -2.17512E+00  2.79293E+00  9.26700E-01  9.26700E-01
b   2    1  2   11  98  0.00000E+00  0.00000E+00  0.00000E+00  0.00000E+00  0.00000E+00  6.99324E-03  1.39865E-04
b   2    2  2   11  99  2.31410E-01  8.72239E-01 -1.10727E+01  4.47740E+01  5.26244E+00  3.37750E-01  3.37750E-01
b   2    1  2   12  98  0.00000E+00  0.00000E+00  0.00000E+00  0.00000E+00  0.00000E+00  1.53184E-02  3.06369E-04
b   2    2  2   12  99  1.33750E-01  1.66746E+00 -2.04694E+01  7.64290E+01  7.51928E+00  7.58300E-02  7.58300E-02
b   2    3  2   12  99  2.31410E-01  8.72239E-01 -1.10727E+01  4.47740E+01  5.26244E+00  3.86000E-01  3.86000E-01
b   2   11  2   12  99  1.68278E-01  7.67933E-01 -7.94784E+00  3.30357E+01  5.58752E+00  1.24540E+00  1.24540E+00
b   2    1  2   13  98  0.00000E+00  0.00000E+00  0.00000E+00  0.00000E+00  0.00000E+00  2.57960E-02  5.15920E-04
b   2    2  2   13  99  9.49152E-02  2.02876E+00 -2.73879E+01  9.83651E+01  9.89055E+00  2.80500E-02  2.80500E-02
b   2    4  2   13  99  2.31410E-01  8.72239E-01 -1.10727E+01  4.47740E+01  5.26244E+00  3.86000E-01  3.86000E-01
b   2   11  2   13  99  4.34563E-01  2.02321E-01 -2.49103E+00  1.92632E+01  3.71700E+00  2.37200E-01  2.37200E-01
b   2   12  2   13  99  7.37851E-02  1.00865E+00 -1.24647E+01 -2.05493E+00  2.00000E+01  8.30600E-01  8.30600E-01
b   2    1  2   14  98  0.00000E+00  0.00000E+00  0.00000E+00  0.00000E+00  0.00000E+00  3.93190E-02  7.86380E-04
b   2    2  2   14  99  7.61391E-02  2.35130E+00 -4.01294E+01 -3.77787E+01  2.00000E+01  1.35400E-02  1.35400E-02
b   2    5  2   14  99  2.31410E-01  8.72239E-01 -1.10727E+01  4.47740E+01  5.26244E+00  3.86000E-01  3.86000E-01
b   2   11  2   14  99  4.43623E-01  3.68145E-01 -2.73320E+00  1.92383E+01  3.70508E+00  8.95000E-02  8.95000E-02
b   2   12  2   14  99  1.20656E-01  1.63773E+00 -2.61218E+01  1.49456E+02  2.00000E+01  1.50200E-01  1.50200E-01
b   2   13  2   14  99  8.57940E-02  1.00645E+00 -1.59464E+01  9.41137E+01  2.00000E+01  1.02900E+00  1.02900E+00
b   2    1  2   15  98  0.00000E+00  0.00000E+00  0.00000E+00  0.00000E+00  0.00000E+00  5.58630E-02  1.11726E-03
b   2    2  2   15  99  7.98368E-02  2.54064E+00 -4.25833E+01 -5.85758E+01  2.00000E+01  7.22600E-03  7.22600E-03
b   2    6  2   15  99  2.31410E-01  8.72239E-01 -1.10727E+01  4.47740E+01  5.26244E+00  3.86000E-01  3.86000E-01
b   2   11  2   15  99  4.60484E-01  4.85997E-01 -2.99803E+00  1.97485E+01  3.69393E+00  4.32800E-02  4.32800E-02
b   2   12  2   15  99  1.89103E-01  2.42657E+00 -6.30654E+01  6.71050E+02  2.00000E+01  5.54100E-02  5.54100E-02
b   2   13  2   15  99  1.31123E-01  1.57401E+00 -2.28618E+01  1.69809E+02  2.00000E+01  1.77800E-01  1.77800E-01
b   2   14  2   15  99  1.10013E-01  9.25466E-01 -1.78128E+01  1.82418E+02  2.00000E+01  1.22000E+00  1.22000E+00
b   2    1  2   16  98  0.00000E+00  0.00000E+00  0.00000E+00  0.00000E+00  0.00000E+00  7.54270E-02  1.50854E-03
b   2    2  2   16  99  8.08969E-02  2.53602E+00 -4.18770E+01 -6.97386E+01  2.00000E+01  4.46500E-03  4.46500E-03
b   2    7  2   16  99  2.31410E-01  8.72239E-01 -1.10727E+01  4.47740E+01  5.26244E+00  3.86000E-01  3.86000E-01
b   2   11  2   16  99  4.57774E-01  5.63820E-01 -3.15143E+00  1.96644E+01  3.69217E+00  2.49600E-02  2.49600E-02
b   2   12  2   16  99  1.84545E-01  2.48071E+00 -5.38807E+01  5.13056E+02  2.00000E+01  2.75700E-02  2.75700E-02
b   2   13  2   16  99  1.36725E-01  1.75824E+00 -1.25954E+01 -2.31088E-01  2.00000E+01  6.52200E-02  6.52200E-02
b   2   14  2   16  99  1.20576E-01  1.48624E+00 -1.46242E+01  7.19800E+01  2.00000E+01  2.05800E-01  2.05800E-01
b   2   15  2   16  99  2.69344E-01  3.97868E-02  1.64398E+00 -5.89063E-01  2.11754E+00  1.41600E+00  1.41600E+00
b   2    1  2   17  98  0.00000E+00  0.00000E+00  0.00000E+00  0.00000E+00  0.00000E+00  9.80077E-02  1.96015E-03
b   2    2  2   17  99  8.14638E-02  2.53769E+00 -4.16133E+01 -7.49717E+01  2.00000E+01  2.95400E-03  2.95400E-03
b   2    8  2   17  99  2.31410E-01  8.72239E-01 -1.10727E+01  4.47740E+01  5.26244E+00  3.86000E-01  3.86000E-01
b   2   11  2   17  99  4.57306E-01  6.07102E-01 -3.19665E+00  1.95027E+01  3.68671E+00  1.58200E-02  1.58200E-02
b   2   12  2   17  99  1.82728E-01  2.57010E+00 -5.06594E+01  4.46014E+02  2.00000E+01  1.60100E-02  1.60100E-02
b   2   13  2   17  99  1.46482E-01  1.96561E+00 -1.10045E+01 -3.61211E+01  2.00000E+01  3.22600E-02  3.22600E-02
b   2   14  2   17  99  1.50550E-01  1.90811E+00 -1.86997E+01  1.25058E+02  2.00000E+01  7.43200E-02  7.43200E-02
b   2   15  2   17  99  1.53125E-01  1.42865E+00 -1.84510E+01  1.99741E+02  2.00000E+01  2.33200E-01  2.33200E-01
b   2   16  2   17  99  2.41719E-01  1.34711E-01  1.31003E+00 -3.98734E-01  2.02988E+00  1.60800E+00  1.60800E+00
b   2    1  2   18  98  0.00000E+00  0.00000E+00  0.00000E+00  0.00000E+00  0.00000E+00  1.23601E-01  2.47201E-03
b   2    2  2   18  99  8.22690E-02  2.55468E+00 -4.22455E+01 -6.84716E+01  2.00000E+01  2.05500E-03  2.05500E-03
b   2    9  2   18  99  2.31410E-01  8.72239E-01 -1.10727E+01  4.47740E+01  5.26244E+00  3.86000E-01  3.86000E-01
b   2   11  2   18  99  4.56418E-01  6.42231E-01 -3.26770E+00  1.95025E+01  3.68968E+00  1.06940E-02  1.06940E-02
b   2   12  2   18  99  1.80459E-01  2.58781E+00 -4.60070E+01  3.69092E+02  2.00000E+01  1.02300E-02  1.02300E-02
b   2   13  2   18  99  2.27640E-01  1.65479E+00 -1.94109E+00  5.61822E+00  3.34616E+00  1.87300E-02  1.87300E-02
b   2   14  2   18  99  1.70083E-01  2.20200E+00 -2.04247E+01  1.46434E+02  2.00000E+01  3.64900E-02  3.64900E-02
b   2   15  2   18  99  1.80911E-01  1.85654E+00 -1.99192E+01  2.15497E+02  2.00000E+01  8.31400E-02  8.31400E-02
b   2   16  2   18  99  3.14167E-01  5.48107E-01  1.74605E+00 -6.58050E-01  2.15421E+00  2.60100E-01  2.60100E-01
b   2   17  2   18  99  2.63955E-01  2.26060E-02  2.22035E+00 -1.12988E+00  2.81194E+00  1.80100E+00  1.80100E+00
b   2    1  2   19  98  0.00000E+00  0.00000E+00  0.00000E+00  0.00000E+00  0.00000E+00  1.52207E-01  3.04413E-03
b   2    2  2   19  99  8.16997E-02  2.54537E+00 -4.13958E+01 -8.16916E+01  2.00000E+01  1.48600E-03  1.48600E-03
b   2   10  2   19  99  2.31410E-01  8.72239E-01 -1.10727E+01  4.47740E+01  5.26244E+00  3.86000E-01  3.86000E-01
b   2   11  2   19  99  4.54286E-01  6.69385E-01 -3.29271E+00  1.92561E+01  3.67338E+00  7.58000E-03  7.58000E-03
b   2   12  2   19  99  1.82203E-01  2.64022E+00 -4.52196E+01  3.50533E+02  2.00000E+01  6.98300E-03  6.98300E-03
b   2   13  2   19  99  1.74339E-01  2.08876E+00 -5.90872E+00  1.72937E+01  6.81851E+00  1.20000E-02  1.20000E-02
b   2   14  2   19  99  1.80666E-01  2.42836E+00 -2.10530E+01  1.47514E+02  2.00000E+01  2.11200E-02  2.11200E-02
b   2   15  2   19  99  2.00175E-01  2.18344E+00 -2.05358E+01  2.19862E+02  2.00000E+01  4.05300E-02  4.05300E-02
b   2   16  2   19  99  1.79753E-01  1.87306E+00 -1.80869E+01  2.01326E+02  2.00000E+01  9.17200E-02  9.17200E-02
b   2   17  2   19  99  2.96957E-01  6.16057E-01  1.60117E+00 -5.73612E-01  2.17243E+00  2.86600E-01  2.86600E-01
b   2   18  2   19  99  5.35619E-01  1.57298E-01  4.34525E+00 -2.17512E+00  2.79293E+00  9.26700E-01  9.26700E-01
f   2    1  1    1  99  2.00000E+00  2.48438E+01
p   2    1  1    1  98  1.84910E+00 -2.61140E+00 -1.59020E-01  1.72070E-02  2.00000E+00  8.11400E+03  8.43800E+03  1.62300E+05
f   2    2  1    1  99  1.00000E+00  2.40620E+01
p   2    2  1    1  99  1.00000E+00  2.40620E+01
f   2    3  1    1  99  1.00000E+00  2.40160E+01
p   2    3  1    1  99  1.00000E+00  2.40160E+01
f   2    4  1    1  99  1.00000E+00  2.40046E+01
p   2    4  1    1  99  1.00000E+00  2.40046E+01
f   2    5  1    1  99  1.00000E+00  2.40030E+01
p   2    5  1    1  99  1.00000E+00  2.40030E+01
f   2    6  1    1  99  1.00000E+00  2.40030E+01
p   2    6  1    1  99  1.00000E+00  2.40030E+01
f   2    7  1    1  99  1.00000E+00  2.40010E+01
p   2    7  1    1  99  1.00000E+00  2.40010E+01
f   2    8  1    1  99  1.00000E+00  2.40001E+01
p   2    8  1    1  99  1.00000E+00  2.40001E+01
f   2    9  1    1  99  1.00000E+00  2.40001E+01
p   2    9  1    1  99  1.00000E+00  2.40001E+01
f   2   10  1    1  99  1.00000E+00  2.40001E+01
p   2   10  1    1  99  1.00000E+00  2.40001E+01
f   2    2  1    2  99  1.00000E+00  2.40620E+01
p   2    2  1    2  98  1.84910E+00 -2.61140E+00 -1.59020E-01  1.72070E-02  2.00000E+00  8.11400E+03  8.43800E+03  1.62300E+05
f   2   11  1    2  99  2.00000E+00  2.46981E+01
p   2   11  1    2  99  2.00000E+00  2.46981E+01
f   2   12  1    2  99  1.00000E+00  2.40960E+01
p   2   12  1    2  99  1.00000E+00  2.40960E+01
f   2   13  1    2  99  1.00000E+00  2.40278E+01
p   2   13  1    2  99  1.00000E+00  2.40278E+01
f   2   14  1    2  99  1.00000E+00  2.40021E+01
p   2   14  1    2  99  1.00000E+00  2.40021E+01
f   2   15  1    2  99  1.00000E+00  2.40120E+01
p   2   15  1    2  99  1.00000E+00  2.40120E+01
f   2   16  1    2  99  1.00000E+00  2.40100E+01
p   2   16  1    2  99  1.00000E+00  2.40100E+01
f   2   17  1    2  99  1.00000E+00  2.40010E+01
p   2   17  1    2  99  1.00000E+00  2.40010E+01
f   2   18  1    2  99  1.00000E+00  2.40010E+01
p   2   18  1    2  99  1.00000E+00  2.40010E+01
f   2   19  1    2  99  1.00000E+00  2.40001E+01
p   2   19  1    2  99  1.00000E+00  2.40001E+01
f   2    3  1    3  99  1.00000E+00  2.40160E+01
p   2    3  1    3  98  1.84910E+00 -2.61140E+00 -1.59020E-01  1.72070E-02  2.00000E+00  8.11400E+03  8.43800E+03  1.62300E+05
f   2   12  1    3  99  1.00000E+00  2.40960E+01
p   2   12  1    3  99  1.00000E+00  2.40960E+01
f   2    4  1    4  99  1.00000E+00  2.40046E+01
p   2    4  1    4  98  1.84910E+00 -2.61140E+00 -1.59020E-01  1.72070E-02  2.00000E+00  8.11400E+03  8.43800E+03  1.62300E+05
f   2   13  1    4  99  1.00000E+00  2.40278E+01
p   2   13  1    4  99  1.00000E+00  2.40278E+01
f   2    5  1    5  99  1.00000E+00  2.40030E+01
p   2    5  1    5  98  1.84910E+00 -2.61140E+00 -1.59020E-01  1.72070E-02  2.00000E+00  8.11400E+03  8.43800E+03  1.62300E+05
f   2   14  1    5  99  1.00000E+00  2.40021E+01
p   2   14  1    5  99  1.00000E+00  2.40021E+01
f   2    6  1    6  99  1.00000E+00  2.40030E+01
p   2    6  1    6  98  1.84910E+00 -2.61140E+00 -1.59020E-01  1.72070E-02  2.00000E+00  8.11400E+03  8.43800E+03  1.62300E+05
f   2   15  1    6  99  1.00000E+00  2.40120E+01
p   2   15  1    6  99  1.00000E+00  2.40120E+01
f   2    7  1    7  99  1.00000E+00  2.40010E+01
p   2    7  1    7  98  1.84910E+00 -2.61140E+00 -1.59020E-01  1.72070E-02  2.00000E+00  8.11400E+03  8.43800E+03  1.62300E+05
f   2   16  1    7  99  1.00000E+00  2.40100E+01
p   2   16  1    7  99  1.00000E+00  2.40100E+01
f   2    8  1    8  99  1.00000E+00  2.40001E+01
p   2    8  1    8  98  1.84910E+00 -2.61140E+00 -1.59020E-01  1.72070E-02  2.00000E+00  8.11400E+03  8.43800E+03  1.62300E+05
f   2   17  1    8  99  1.00000E+00  2.40010E+01
p   2   17  1    8  99  1.00000E+00  2.40010E+01
f   2    9  1    9  99  1.00000E+00  2.40001E+01
p   2    9  1    9  98  1.84910E+00 -2.61140E+00 -1.59020E-01  1.72070E-02  2.00000E+00  8.11400E+03  8.43800E+03  1.62300E+05
f   2   18  1    9  99  1.00000E+00  2.40010E+01
p   2   18  1    9  99  1.00000E+00  2.40010E+01
f   2   10  1   10  99  1.00000E+00  2.40001E+01
p   2   10  1   10  98  1.84910E+00 -2.61140E+00 -1.59020E-01  1.72070E-02  2.00000E+00  8.11400E+03  8.43800E+03  1.62300E+05
f   2   19  1   10  99  1.00000E+00  2.40001E+01
p   2   19  1   10  99  1.00000E+00  2.40001E+01
a   2   11  1    1   1.01390E+14
a   2   12  1    1   1.11340E+13
a   2   13  1    1   2.64060E+12
a   2   14  1    1   8.66580E+11
a   2   15  1    1   3.49960E+11
a   2   16  1    1   1.61920E+11
a   2   17  1    1   8.30480E+10
a   2   18  1    1   4.60860E+10
a   2   19  1    1   2.72130E+10
b   3    1  3    2  99  1.14410E-01  1.09107E+00 -1.40998E+01  6.52804E+01  8.34206E+00  6.13000E-01  6.13000E-01
b   3    1  3    3  99  4.39513E-01  1.75425E-01 -2.37480E+00  1.92701E+01  3.71408E+00  1.17800E-01  1.17800E-01
b   3    2  3    3  99  7.55610E-02  1.01912E+00 -1.33868E+01  1.55519E+01  2.00000E+01  8.26000E-01  8.26000E-01
b   3    1  3    4  99  4.40407E-01  3.59048E-01 -2.64553E+00  1.89053E+01  3.69294E+00  4.46000E-02  4.46000E-02
b   3    2  3    4  99  1.13154E-01  1.49828E+00 -1.80697E+01  4.54038E+01  2.00000E+01  1.49800E-01  1.49800E-01
b   3    3  3    4  99  8.40133E-02  9.86045E-01 -1.44034E+01  7.35953E+01  2.00000E+01  1.02600E+00  1.02600E+00
b   3    1  3    5  99  4.65908E-01  4.58395E-01 -2.89411E+00  1.98565E+01  3.69383E+00  2.15200E-02  2.15200E-02
b   3    2  3    5  99  1.98633E-01  2.43657E+00 -6.65327E+01  7.43479E+02  2.00000E+01  5.52400E-02  5.52400E-02
b   3    3  3    5  99  1.32344E-01  1.54994E+00 -2.19377E+01  1.64902E+02  2.00000E+01  1.77300E-01  1.77300E-01
b   3    4  3    5  99  1.08209E-01  9.23483E-01 -1.70630E+01  1.70527E+02  2.00000E+01  1.21800E+00  1.21800E+00
b   3    1  3    6  99  4.65399E-01  5.26115E-01 -3.00140E+00  1.97308E+01  3.68491E+00  1.24300E-02  1.24300E-02
b   3    2  3    6  99  1.92338E-01  2.51888E+00 -5.85166E+01  5.97842E+02  2.00000E+01  2.75100E-02  2.75100E-02
b   3    3  3    6  99  1.37092E-01  1.77904E+00 -1.37928E+01  1.98341E+01  2.00000E+01  6.50900E-02  6.50900E-02
b   3    4  3    6  99  1.23156E-01  1.49104E+00 -1.53633E+01  8.88681E+01  2.00000E+01  2.05400E-01  2.05400E-01
b   3    5  3    6  99  2.64290E-01  6.23128E-02  1.57592E+00 -5.55487E-01  2.09861E+00  1.41400E+00  1.41400E+00
b   3    1  3    7  99  4.66377E-01  5.65421E-01 -3.04562E+00  1.96583E+01  3.68267E+00  7.87800E-03  7.87800E-03
b   3    2  3    7  99  1.89857E-01  2.54258E+00 -5.19339E+01  4.88682E+02  2.00000E+01  1.59900E-02  1.59900E-02
b   3    3  3    7  99  1.53523E-01  2.00208E+00 -1.46186E+01  2.76136E+01  2.00000E+01  3.22100E-02  3.22100E-02
b   3    4  3    7  99  1.47957E-01  1.90022E+00 -1.77119E+01  1.11479E+02  2.00000E+01  7.42000E-02  7.42000E-02
b   3    5  3    7  99  1.48642E-01  1.43671E+00 -1.76799E+01  1.83329E+02  2.00000E+01  2.33000E-01  2.33000E-01
b   3    6  3    7  99  2.40846E-01  1.41344E-01  1.32195E+00 -4.20858E-01  2.05146E+00  1.60700E+00  1.60700E+00
b   3    1  3    8  99  4.63131E-01  6.04159E-01 -3.11016E+00  1.95451E+01  3.68588E+00  5.32800E-03  5.32800E-03
b   3    2  3    8  99  1.91293E-01  2.61071E+00 -5.07021E+01  4.61327E+02  2.00000E+01  1.02200E-02  1.02200E-02
b   3    3  3    8  99  1.59946E-01  2.15088E+00 -1.34449E+01  1.74589E+00  2.00000E+01  1.87000E-02  1.87000E-02
b   3    4  3    8  99  1.68947E-01  2.19117E+00 -1.97215E+01  1.40085E+02  2.00000E+01  3.64400E-02  3.64400E-02
b   3    5  3    8  99  1.80897E-01  1.84873E+00 -1.94598E+01  2.12454E+02  2.00000E+01  8.30600E-02  8.30600E-02
b   3    6  3    8  99  3.09870E-01  5.65593E-01  1.70945E+00 -6.17236E-01  2.18230E+00  2.59900E-01  2.59900E-01
b   3    7  3    8  99  2.60161E-01  4.13616E-02  2.15970E+00 -1.09760E+00  2.80356E+00  1.80000E+00  1.80000E+00
b   3    1  3    9  99  4.63528E-01  6.26877E-01 -3.15752E+00  1.95196E+01  3.67443E+00  3.77700E-03  3.77700E-03
b   3    2  3    9  99  1.92519E-01  2.66860E+00 -5.01676E+01  4.45595E+02  2.00000E+01  6.97600E-03  6.97600E-03
b   3    3  3    9  99  1.68313E-01  2.26344E+00 -1.35159E+01  2.24111E+00  2.00000E+01  1.19800E-02  1.19800E-02
b   3    4  3    9  99  1.80504E-01  2.40897E+00 -2.01264E+01  1.40110E+02  2.00000E+01  2.10900E-02  2.10900E-02
b   3    5  3    9  99  1.99742E-01  2.17523E+00 -2.00835E+01  2.17059E+02  2.00000E+01  4.04900E-02  4.04900E-02
b   3    6  3    9  99  1.77663E-01  1.87494E+00 -1.76869E+01  1.94807E+02  2.00000E+01  9.16600E-02  9.16600E-02
b   3    7  3    9  99  2.91951E-01  6.37471E-01  1.53212E+00 -5.80400E-01  2.11936E+00  2.86500E-01  2.86500E-01
b   3    8  3    9  99  5.24634E-01  1.95391E-01  4.17063E+00 -2.06479E+00  2.76920E+00  9.32600E-01  9.32600E-01
b   3    1  3   10  99  2.45966E-01  8.81983E-01 -1.12432E+01  4.56269E+01  5.19912E+00  6.35775E-01  6.35775E-01
b   3    1  3   11  99  1.45235E-01  1.57873E+00 -1.86819E+01  6.86901E+01  7.00474E+00  1.44580E-01  1.44580E-01
b   3    2  3   11  99  2.45966E-01  8.81983E-01 -1.12432E+01  4.56269E+01  5.19912E+00  7.26600E-01  7.26600E-01
b   3   10  3   11  99  1.14410E-01  1.09107E+00 -1.40998E+01  6.52804E+01  8.34206E+00  1.22600E+00  1.22600E+00
b   3    1  3   12  99  1.00483E-01  1.96981E+00 -2.59655E+01  9.42195E+01  9.35176E+00  5.37400E-02  5.37400E-02
b   3    3  3   12  99  2.45966E-01  8.81983E-01 -1.12432E+01  4.56269E+01  5.19912E+00  7.26600E-01  7.26600E-01
b   3   10  3   12  99  4.39513E-01  1.75425E-01 -2.37480E+00  1.92701E+01  3.71408E+00  2.35600E-01  2.35600E-01
b   3   11  3   12  99  7.55610E-02  1.01912E+00 -1.33868E+01  1.55519E+01  2.00000E+01  8.26000E-01  8.26000E-01
b   3    1  3   13  99  8.45980E-02  2.19722E+00 -3.30678E+01  1.14042E+02  1.22458E+01  2.59800E-02  2.59800E-02
b   3    4  3   13  99  2.45966E-01  8.81983E-01 -1.12432E+01  4.56269E+01  5.19912E+00  7.26600E-01  7.26600E-01
b   3   10  3   13  99  4.40407E-01  3.59048E-01 -2.64553E+00  1.89053E+01  3.69294E+00  8.92000E-02  8.92000E-02
b   3   11  3   13  99  1.13154E-01  1.49828E+00 -1.80697E+01  4.54038E+01  2.00000E+01  1.49800E-01  1.49800E-01
b   3   12  3   13  99  8.40133E-02  9.86045E-01 -1.44034E+01  7.35953E+01  2.00000E+01  1.02600E+00  1.02600E+00
b   3    1  3   14  99  8.05679E-02  2.53729E+00 -4.38229E+01 -3.33665E+01  2.00000E+01  1.39000E-02  1.39000E-02
b   3    5  3   14  99  2.45966E-01  8.81983E-01 -1.12432E+01  4.56269E+01  5.19912E+00  7.26600E-01  7.26600E-01
b   3   10  3   14  99  4.65908E-01  4.58395E-01 -2.89411E+00  1.98565E+01  3.69383E+00  4.30400E-02  4.30400E-02
b   3   11  3   14  99  1.98633E-01  2.43657E+00 -6.65327E+01  7.43479E+02  2.00000E+01  5.52400E-02  5.52400E-02
b   3   12  3   14  99  1.32344E-01  1.54994E+00 -2.19377E+01  1.64902E+02  2.00000E+01  1.77300E-01  1.77300E-01
b   3   13  3   14  99  1.08209E-01  9.23483E-01 -1.70630E+01  1.70527E+02  2.00000E+01  1.21800E+00  1.21800E+00
b   3    1  3   15  99  8.12067E-02  2.54439E+00 -4.37647E+01 -3.65347E+01  2.00000E+01  8.59200E-03  8.59200E-03
b   3    6  3   15  99  2.45966E-01  8.81983E-01 -1.12432E+01  4.56269E+01  5.19912E+00  7.26600E-01  7.26600E-01
b   3   10  3   15  99  4.65399E-01  5.26115E-01 -3.00140E+00  1.97308E+01  3.68491E+00  2.48600E-02  2.48600E-02
b   3   11  3   15  99  1.92338E-01  2.51888E+00 -5.85166E+01  5.97842E+02  2.00000E+01  2.75100E-02  2.75100E-02
b   3   12  3   15  99  1.37092E-01  1.77904E+00 -1.37928E+01  1.98341E+01  2.00000E+01  6.50900E-02  6.50900E-02
b   3   13  3   15  99  1.23156E-01  1.49104E+00 -1.53633E+01  8.88681E+01  2.00000E+01  2.05400E-01  2.05400E-01
b   3   14  3   15  99  2.64290E-01  6.23128E-02  1.57592E+00 -5.55487E-01  2.09861E+00  1.41400E+00  1.41400E+00
b   3    1  3   16  99  7.98204E-02  2.52919E+00 -4.23572E+01 -5.86002E+01  2.00000E+01  5.68600E-03  5.68600E-03
b   3    7  3   16  99  2.45966E-01  8.81983E-01 -1.12432E+01  4.56269E+01  5.19912E+00  7.26600E-01  7.26600E-01
b   3   10  3   16  99  4.66377E-01  5.65421E-01 -3.04562E+00  1.96583E+01  3.68267E+00  1.57560E-02  1.57560E-02
b   3   11  3   16  99  1.89857E-01  2.54258E+00 -5.19339E+01  4.88682E+02  2.00000E+01  1.59900E-02  1.59900E-02
b   3   12  3   16  99  1.53523E-01  2.00208E+00 -1.46186E+01  2.76136E+01  2.00000E+01  3.22100E-02  3.22100E-02
b   3   13  3   16  99  1.47957E-01  1.90022E+00 -1.77119E+01  1.11479E+02  2.00000E+01  7.42000E-02  7.42000E-02
b   3   14  3   16  99  1.48642E-01  1.43671E+00 -1.76799E+01  1.83329E+02  2.00000E+01  2.33000E-01  2.33000E-01
b   3   15  3   16  99  2.40846E-01  1.41344E-01  1.32195E+00 -4.20858E-01  2.05146E+00  1.60700E+00  1.60700E+00
b   3    1  3   17  99  8.12454E-02  2.54298E+00 -4.31477E+01 -4.75973E+01  2.00000E+01  3.95600E-03  3.95600E-03
b   3    8  3   17  99  2.45966E-01  8.81983E-01 -1.12432E+01  4.56269E+01  5.19912E+00  7.26600E-01  7.26600E-01
b   3   10  3   17  99  4.63131E-01  6.04159E-01 -3.11016E+00  1.95451E+01  3.68588E+00  1.06560E-02  1.06560E-02
b   3   11  3   17  99  1.91293E-01  2.61071E+00 -5.07021E+01  4.61327E+02  2.00000E+01  1.02200E-02  1.02200E-02
b   3   12  3   17  99  1.59946E-01  2.15088E+00 -1.34449E+01  1.74589E+00  2.00000E+01  1.87000E-02  1.87000E-02
b   3   13  3   17  99  1.68947E-01  2.19117E+00 -1.97215E+01  1.40085E+02  2.00000E+01  3.64400E-02  3.64400E-02
b   3   14  3   17  99  1.80897E-01  1.84873E+00 -1.94598E+01  2.12454E+02  2.00000E+01  8.30600E-02  8.30600E-02
b   3   15  3   17  99  3.09870E-01  5.65593E-01  1.70945E+00 -6.17236E-01  2.18230E+00  2.59900E-01  2.59900E-01
b   3   16  3   17  99  2.60161E-01  4.13616E-02  2.15970E+00 -1.09760E+00  2.80356E+00  1.80000E+00  1.80000E+00
b   3    1  3   18  99  7.96938E-02  2.51279E+00 -4.11869E+01 -7.50992E+01  2.00000E+01  2.86000E-03  2.86000E-03
b   3    9  3   18  99  2.45966E-01  8.81983E-01 -1.12432E+01  4.56269E+01  5.19912E+00  7.26600E-01  7.26600E-01
b   3   10  3   18  99  4.63528E-01  6.26877E-01 -3.15752E+00  1.95196E+01  3.67443E+00  7.55400E-03  7.55400E-03
b   3   11  3   18  99  1.92519E-01  2.66860E+00 -5.01676E+01  4.45595E+02  2.00000E+01  6.97600E-03  6.97600E-03
b   3   12  3   18  99  1.68313E-01  2.26344E+00 -1.35159E+01  2.24111E+00  2.00000E+01  1.19800E-02  1.19800E-02
b   3   13  3   18  99  1.80504E-01  2.40897E+00 -2.01264E+01  1.40110E+02  2.00000E+01  2.10900E-02  2.10900E-02
b   3   14  3   18  99  1.99742E-01  2.17523E+00 -2.00835E+01  2.17059E+02  2.00000E+01  4.04900E-02  4.04900E-02
b   3   15  3   18  99  1.77663E-01  1.87494E+00 -1.76869E+01  1.94807E+02  2.00000E+01  9.16600E-02  9.16600E-02
b   3   16  3   18  99  2.91951E-01  6.37471E-01  1.53212E+00 -5.80400E-01  2.11936E+00  2.86500E-01  2.86500E-01
b   3   17  3   18  99  5.24634E-01  1.95391E-01  4.17063E+00 -2.06479E+00  2.76920E+00  9.32600E-01  9.32600E-01
f   3    1  2    1  99  1.00000E+00  2.31240E+01
p   3    1  2    1  98  1.22460E+00 -2.76280E+00 -3.75010E-02 -1.14760E-03  1.00000E+00  1.88300E+03  1.95800E+03  3.76600E+04
f   3    2  2    1  99  1.00000E+00  2.30320E+01
p   3    2  2    1  99  1.00000E+00  2.30320E+01
f   3    3  2    1  99  1.00000E+00  2.30092E+01
p   3    3  2    1  99  1.00000E+00  2.30092E+01
f   3    4  2    1  99  1.00000E+00  2.30060E+01
p   3    4  2    1  99  1.00000E+00  2.30060E+01
f   3    5  2    1  99  1.00000E+00  2.30060E+01
p   3    5  2    1  99  1.00000E+00  2.30060E+01
f   3    6  2    1  99  1.00000E+00  2.30020E+01
p   3    6  2    1  99  1.00000E+00  2.30020E+01
f   3    7  2    1  99  1.00000E+00  2.30002E+01
p   3    7  2    1  99  1.00000E+00  2.30002E+01
f   3    8  2    1  99  1.00000E+00  2.30002E+01
p   3    8  2    1  99  1.00000E+00  2.30002E+01
f   3    9  2    1  99  1.00000E+00  2.30002E+01
p   3    9  2    1  99  1.00000E+00  2.30002E+01
f   3    1  2    2  99  2.00000E+00  2.31240E+01
p   3    1  2    2  98  1.89980E+00 -2.59430E+00 -1.73730E-01  2.01650E-02  2.00000E+00  7.93500E+03  8.25300E+03  1.58700E+05
f   3   10  2    2  99  2.00000E+00  2.37601E+01
p   3   10  2    2  98  1.22460E+00 -2.76280E+00 -3.75010E-02 -1.14760E-03  1.00000E+00  1.88300E+03  1.95800E+03  3.76600E+04
f   3   11  2    2  99  1.00000E+00  2.31120E+01
p   3   11  2    2  99  1.00000E+00  2.31120E+01
f   3   12  2    2  99  1.00000E+00  2.30324E+01
p   3   12  2    2  99  1.00000E+00  2.30324E+01
f   3   13  2    2  99  1.00000E+00  2.30051E+01
p   3   13  2    2  99  1.00000E+00  2.30051E+01
f   3   14  2    2  99  1.00000E+00  2.30150E+01
p   3   14  2    2  99  1.00000E+00  2.30150E+01
f   3   15  2    2  99  1.00000E+00  2.30110E+01
p   3   15  2    2  99  1.00000E+00  2.30110E+01
f   3   16  2    2  99  1.00000E+00  2.30011E+01
p   3   16  2    2  99  1.00000E+00  2.30011E+01
f   3   17  2    2  99  1.00000E+00  2.30011E+01
p   3   17  2    2  99  1.00000E+00  2.30011E+01
f   3   18  2    2  99  1.00000E+00  2.30002E+01
p   3   18  2    2  99  1.00000E+00  2.30002E+01
f   3    2  2    3  99  2.00000E+00  2.30320E+01
p   3    2  2    3  98  1.89980E+00 -2.59430E+00 -1.73730E-01  2.01650E-02  2.00000E+00  7.93500E+03  8.25300E+03  1.58700E+05
f   3   11  2    3  99  1.00000E+00  2.31120E+01
p   3   11  2    3  98  1.22460E+00 -2.76280E+00 -3.75010E-02 -1.14760E-03  1.00000E+00  1.88300E+03  1.95800E+03  3.76600E+04
f   3    3  2    4  99  2.00000E+00  2.30092E+01
p   3    3  2    4  98  1.89980E+00 -2.59430E+00 -1.73730E-01  2.01650E-02  2.00000E+00  7.93500E+03  8.25300E+03  1.58700E+05
f   3   12  2    4  99  1.00000E+00  2.30324E+01
p   3   12  2    4  98  1.22460E+00 -2.76280E+00 -3.75010E-02 -1.14760E-03  1.00000E+00  1.88300E+03  1.95800E+03  3.76600E+04
f   3    4  2    5  99  2.00000E+00  2.30060E+01
p   3    4  2    5  98  1.89980E+00 -2.59430E+00 -1.73730E-01  2.01650E-02  2.00000E+00  7.93500E+03  8.25300E+03  1.58700E+05
f   3   13  2    5  99  1.00000E+00  2.30051E+01
p   3   13  2    5  98  1.22460E+00 -2.76280E+00 -3.75010E-02 -1.14760E-03  1.00000E+00  1.88300E+03  1.95800E+03  3.76600E+04
f   3    5  2    6  99  2.00000E+00  2.30060E+01
p   3    5  2    6  98  1.89980E+00 -2.59430E+00 -1.73730E-01  2.01650E-02  2.00000E+00  7.93500E+03  8.25300E+03  1.58700E+05
f   3   14  2    6  99  1.00000E+00  2.30150E+01
p   3   14  2    6  98  1.22460E+00 -2.76280E+00 -3.75010E-02 -1.14760E-03  1.00000E+00  1.88300E+03  1.95800E+03  3.76600E+04
f   3    6  2    7  99  2.00000E+00  2.30020E+01
p   3    6  2    7  98  1.89980E+00 -2.59430E+00 -1.73730E-01  2.01650E-02  2.00000E+00  7.93500E+03  8.25300E+03  1.58700E+05
f   3   15  2    7  99  1.00000E+00  2.30110E+01
p   3   15  2    7  98  1.22460E+00 -2.76280E+00 -3.75010E-02 -1.14760E-03  1.00000E+00  1.88300E+03  1.95800E+03  3.76600E+04
f   3    7  2    8  99  2.00000E+00  2.30002E+01
p   3    7  2    8  98  1.89980E+00 -2.59430E+00 -1.73730E-01  2.01650E-02  2.00000E+00  7.93500E+03  8.25300E+03  1.58700E+05
f   3   16  2    8  99  1.00000E+00  2.30011E+01
p   3   16  2    8  98  1.22460E+00 -2.76280E+00 -3.75010E-02 -1.14760E-03  1.00000E+00  1.88300E+03  1.95800E+03  3.76600E+04
f   3    8  2    9  99  2.00000E+00  2.30002E+01
p   3    8  2    9  98  1.89980E+00 -2.59430E+00 -1.73730E-01  2.01650E-02  2.00000E+00  7.93500E+03  8.25300E+03  1.58700E+05
f   3   17  2    9  99  1.00000E+00  2.30011E+01
p   3   17  2    9  98  1.22460E+00 -2.76280E+00 -3.75010E-02 -1.14760E-03  1.00000E+00  1.88300E+03  1.95800E+03  3.76600E+04
f   3    9  2   10  99  2.00000E+00  2.30002E+01
p   3    9  2   10  98  1.89980E+00 -2.59430E+00 -1.73730E-01  2.01650E-02  2.00000E+00  7.93500E+03  8.25300E+03  1.58700E+05
f   3   18  2   10  99  1.00000E+00  2.30002E+01
p   3   18  2   10  98  1.22460E+00 -2.76280E+00 -3.75010E-02 -1.14760E-03  1.00000E+00  1.88300E+03  1.95800E+03  3.76600E+04
f   3   10  2   11  99  1.00000E+00  2.37601E+01
p   3   10  2   11  98  1.89980E+00 -2.59430E+00 -1.73730E-01  2.01650E-02  2.00000E+00  7.93500E+03  8.25300E+03  1.58700E+05
f   3   11  2   12  99  1.00000E+00  2.31120E+01
p   3   11  2   12  98  1.89980E+00 -2.59430E+00 -1.73730E-01  2.01650E-02  2.00000E+00  7.93500E+03  8.25300E+03  1.58700E+05
f   3   12  2   13  99  1.00000E+00  2.30324E+01
p   3   12  2   13  98  1.89980E+00 -2.59430E+00 -1.73730E-01  2.01650E-02  2.00000E+00  7.93500E+03  8.25300E+03  1.58700E+05
f   3   13  2   14  99  1.00000E+00  2.30051E+01
p   3   13  2   14  98  1.89980E+00 -2.59430E+00 -1.73730E-01  2.01650E-02  2.00000E+00  7.93500E+03  8.25300E+03  1.58700E+05
f   3   14  2   15  99  1.00000E+00  2.30150E+01
p   3   14  2   15  98  1.89980E+00 -2.59430E+00 -1.73730E-01  2.01650E-02  2.00000E+00  7.93500E+03  8.25300E+03  1.58700E+05
f   3   15  2   16  99  1.00000E+00  2.30110E+01
p   3   15  2   16  98  1.89980E+00 -2.59430E+00 -1.73730E-01  2.01650E-02  2.00000E+00  7.93500E+03  8.25300E+03  1.58700E+05
f   3   16  2   17  99  1.00000E+00  2.30011E+01
p   3   16  2   17  98  1.89980E+00 -2.59430E+00 -1.73730E-01  2.01650E-02  2.00000E+00  7.93500E+03  8.25300E+03  1.58700E+05
f   3   17  2   18  99  1.00000E+00  2.30011E+01
p   3   17  2   18  98  1.89980E+00 -2.59430E+00 -1.73730E-01  2.01650E-02  2.00000E+00  7.93500E+03  8.25300E+03  1.58700E+05
f   3   18  2   19  99  1.00000E+00  2.30002E+01
p   3   18  2   19  98  1.89980E+00 -2.59430E+00 -1.73730E-01  2.01650E-02  2.00000E+00  7.93500E+03  8.25300E+03  1.58700E+05
a   3   10  2    1   4.63120E+13
a   3   11  2    1   5.06700E+12
a   3   12  2    1   1.19860E+12
a   3   13  2    1   3.89855E+11
a   3   14  2    1   1.57290E+11
a   3   15  2    1   7.27700E+10
a   3   16  2    1   3.73255E+10
a   3   17  2    1   2.07130E+10
a   3   18  2    1   1.22310E+10
b   4    1  4    2  99  9.90445E-02  1.30739E+00 -2.05448E+01  1.07485E+02  1.09557E+01  1.15480E+00  1.15480E+00
b   4    1  4    3  99  4.38579E-01  1.61704E-01 -2.36934E+00  1.93687E+01  3.72102E+00  2.32000E-01  2.32000E-01
b   4    2  4    3  99  7.50857E-02  9.96248E-01 -1.26843E+01  1.20875E+01  2.00000E+01  8.09000E-01  8.09000E-01
b   4    1  4    4  99  4.34972E-01  3.23244E-01 -2.54595E+00  1.87205E+01  3.69748E+00  8.90000E-02  8.90000E-02
b   4    2  4    4  99  1.05190E-01  1.35606E+00 -1.14523E+01 -3.82755E+01  2.00000E+01  1.50600E-01  1.50600E-01
b   4    3  4    4  99  8.12228E-02  9.51078E-01 -1.27018E+01  5.34465E+01  2.00000E+01  1.01600E+00  1.01600E+00
b   4    1  4    5  99  4.65536E-01  4.19765E-01 -2.79125E+00  1.98487E+01  3.69876E+00  4.25600E-02  4.25600E-02
b   4    2  4    5  99  1.51926E-01  2.00238E+00 -3.39915E+01  2.50766E+02  2.00000E+01  5.47900E-02  5.47900E-02
b   4    3  4    5  99  1.30515E-01  1.53882E+00 -2.10262E+01  1.52261E+02  2.00000E+01  1.76100E-01  1.76100E-01
b   4    4  4    5  99  1.06435E-01  9.25452E-01 -1.63999E+01  1.59410E+02  2.00000E+01  1.19900E+00  1.19900E+00
b   4    1  4    6  99  4.59211E-01  4.96342E-01 -2.91709E+00  1.95136E+01  3.68659E+00  2.46600E-02  2.46600E-02
b   4    2  4    6  99  2.06011E-01  2.56127E+00 -6.44570E+01  6.98647E+02  2.00000E+01  2.74400E-02  2.74400E-02
b   4    3  4    6  99  1.33264E-01  1.74097E+00 -1.18325E+01 -6.65972E+00  2.00000E+01  6.51700E-02  6.51700E-02
b   4    4  4    6  99  1.58536E-01  1.42811E+00 -2.04895E+01  2.24460E+02  2.00000E+01  2.04300E-01  2.04300E-01
b   4    5  4    6  99  2.59918E-01  8.27242E-02  1.51973E+00 -5.22989E-01  2.08907E+00  1.40100E+00  1.40100E+00
b   4    1  4    7  99  4.66959E-01  5.09337E-01 -2.88034E+00  1.95970E+01  3.68725E+00  1.56600E-02  1.56600E-02
b   4    2  4    7  99  2.02354E-01  2.60477E+00 -5.90295E+01  6.03378E+02  2.00000E+01  1.60000E-02  1.60000E-02
b   4    3  4    7  99  1.46620E-01  1.93903E+00 -1.11956E+01 -2.20408E+01  2.00000E+01  3.24000E-02  3.24000E-02
b   4    4  4    7  99  1.48424E-01  1.86968E+00 -1.68196E+01  1.05839E+02  2.00000E+01  7.42200E-02  7.42200E-02
b   4    5  4    7  99  1.48799E-01  1.42678E+00 -1.71838E+01  1.79840E+02  2.00000E+01  2.32100E-01  2.32100E-01
b   4    6  4    7  99  2.37925E-01  1.56278E-01  1.29003E+00 -4.10448E-01  2.04514E+00  1.59700E+00  1.59700E+00
b   4    1  4    8  99  4.54698E-01  5.73027E-01 -3.02417E+00  1.92278E+01  3.68201E+00  1.06040E-02  1.06040E-02
b   4    2  4    8  99  2.00640E-01  2.65249E+00 -5.62963E+01  5.52241E+02  2.00000E+01  1.02500E-02  1.02500E-02
b   4    3  4    8  99  1.56554E-01  2.12218E+00 -1.30352E+01 -1.96817E+00  2.00000E+01  1.88700E-02  1.88700E-02
b   4    4  4    8  99  1.64222E-01  2.16971E+00 -1.85818E+01  1.22528E+02  2.00000E+01  3.65800E-02  3.65800E-02
b   4    5  4    8  99  1.80229E-01  1.83520E+00 -1.89842E+01  2.08921E+02  2.00000E+01  8.30300E-02  8.30300E-02
b   4    6  4    8  99  3.05785E-01  5.82059E-01  1.67029E+00 -6.04083E-01  2.17500E+00  2.58900E-01  2.58900E-01
b   4    7  4    8  99  2.57118E-01  5.70712E-02  2.11853E+00 -1.07430E+00  2.80900E+00  1.79100E+00  1.79100E+00
b   4    1  4    9  99  4.59042E-01  5.78092E-01 -3.00256E+00  1.92912E+01  3.68233E+00  7.52600E-03  7.52600E-03
b   4    2  4    9  99  2.03651E-01  2.70761E+00 -5.62302E+01  5.46630E+02  2.00000E+01  7.00300E-03  7.00300E-03
b   4    3  4    9  99  1.62716E-01  2.21599E+00 -1.18909E+01 -2.10046E+01  2.00000E+01  1.21100E-02  1.21100E-02
b   4    4  4    9  99  1.78006E-01  2.38283E+00 -1.96820E+01  1.36648E+02  2.00000E+01  2.12200E-02  2.12200E-02
b   4    5  4    9  99  1.97681E-01  2.16087E+00 -1.96629E+01  2.13199E+02  2.00000E+01  4.05800E-02  4.05800E-02
b   4    6  4    9  99  3.41679E-01  9.84581E-01  1.72008E+00 -6.09079E-01  2.12315E+00  9.15400E-02  9.15400E-02
b   4    7  4    9  99  2.89724E-01  6.47005E-01  1.53741E+00 -5.62821E-01  2.17499E+00  2.85500E-01  2.85500E-01
b   4    8  4    9  99  4.95947E-01  2.21311E-01  3.89033E+00 -1.92619E+00  2.76232E+00  9.70100E-01  9.70100E-01
b   4    1  4   10  98  0.00000E+00  0.00000E+00  0.00000E+00  0.00000E+00  0.00000E+00  3.64954E-03  7.29909E-05
b   4    2  4   10  99  9.90445E-02  1.30739E+00 -2.05448E+01  1.07485E+02  1.09557E+01  5.45322E-01  5.45322E-01
b   4    1  4   11  98  0.00000E+00  0.00000E+00  0.00000E+00  0.00000E+00  0.00000E+00  5.00001E-03  1.00000E-04
b   4    2  4   11  99  4.38579E-01  1.61704E-01 -2.36934E+00  1.93687E+01  3.72102E+00  1.16000E-01  1.16000E-01
b   4    3  4   11  99  9.90445E-02  1.30739E+00 -2.05448E+01  1.07485E+02  1.09557E+01  5.77400E-01  5.77400E-01
b   4   10  4   11  99  7.50857E-02  9.96248E-01 -1.26843E+01  1.20875E+01  2.00000E+01  1.61800E+00  1.61800E+00
b   4    1  4   12  98  0.00000E+00  0.00000E+00  0.00000E+00  0.00000E+00  0.00000E+00  6.94196E-03  1.38839E-04
b   4    2  4   12  99  4.34972E-01  3.23244E-01 -2.54595E+00  1.87205E+01  3.69748E+00  4.45000E-02  4.45000E-02
b   4    4  4   12  99  9.90445E-02  1.30739E+00 -2.05448E+01  1.07485E+02  1.09557E+01  5.77400E-01  5.77400E-01
b   4   10  4   12  99  1.05190E-01  1.35606E+00 -1.14523E+01 -3.82755E+01  2.00000E+01  3.01200E-01  3.01200E-01
b   4   11  4   12  99  8.12228E-02  9.51078E-01 -1.27018E+01  5.34465E+01  2.00000E+01  1.01600E+00  1.01600E+00
b   4    1  4   13  98  0.00000E+00  0.00000E+00  0.00000E+00  0.00000E+00  0.00000E+00  9.40229E-03  1.88046E-04
b   4    2  4   13  99  4.65536E-01  4.19765E-01 -2.79125E+00  1.98487E+01  3.69876E+00  2.12800E-02  2.12800E-02
b   4    5  4   13  99  9.90445E-02  1.30739E+00 -2.05448E+01  1.07485E+02  1.09557E+01  5.77400E-01  5.77400E-01
b   4   10  4   13  99  1.51926E-01  2.00238E+00 -3.39915E+01  2.50766E+02  2.00000E+01  1.09580E-01  1.09580E-01
b   4   11  4   13  99  1.30515E-01  1.53882E+00 -2.10262E+01  1.52261E+02  2.00000E+01  1.76100E-01  1.76100E-01
b   4   12  4   13  99  1.06435E-01  9.25452E-01 -1.63999E+01  1.59410E+02  2.00000E+01  1.19900E+00  1.19900E+00
b   4    1  4   14  98  0.00000E+00  0.00000E+00  0.00000E+00  0.00000E+00  0.00000E+00  1.23405E-02  2.46811E-04
b   4    2  4   14  99  4.59211E-01  4.96342E-01 -2.91709E+00  1.95136E+01  3.68659E+00  1.23300E-02  1.23300E-02
b   4    6  4   14  99  9.90445E-02  1.30739E+00 -2.05448E+01  1.07485E+02  1.09557E+01  5.77400E-01  5.77400E-01
b   4   10  4   14  99  2.06011E-01  2.56127E+00 -6.44570E+01  6.98647E+02  2.00000E+01  5.48800E-02  5.48800E-02
b   4   11  4   14  99  1.33264E-01  1.74097E+00 -1.18325E+01 -6.65972E+00  2.00000E+01  6.51700E-02  6.51700E-02
b   4   12  4   14  99  1.58536E-01  1.42811E+00 -2.04895E+01  2.24460E+02  2.00000E+01  2.04300E-01  2.04300E-01
b   4   13  4   14  99  2.59918E-01  8.27242E-02  1.51973E+00 -5.22989E-01  2.08907E+00  1.40100E+00  1.40100E+00
b   4    1  4   15  98  0.00000E+00  0.00000E+00  0.00000E+00  0.00000E+00  0.00000E+00  1.57462E-02  3.14924E-04
b   4    2  4   15  99  4.66959E-01  5.09337E-01 -2.88034E+00  1.95970E+01  3.68725E+00  7.83000E-03  7.83000E-03
b   4    7  4   15  99  9.90445E-02  1.30739E+00 -2.05448E+01  1.07485E+02  1.09557E+01  5.77400E-01  5.77400E-01
b   4   10  4   15  99  2.02354E-01  2.60477E+00 -5.90295E+01  6.03378E+02  2.00000E+01  3.20000E-02  3.20000E-02
b   4   11  4   15  99  1.46620E-01  1.93903E+00 -1.11956E+01 -2.20408E+01  2.00000E+01  3.24000E-02  3.24000E-02
b   4   12  4   15  99  1.48424E-01  1.86968E+00 -1.68196E+01  1.05839E+02  2.00000E+01  7.42200E-02  7.42200E-02
b   4   13  4   15  99  1.48799E-01  1.42678E+00 -1.71838E+01  1.79840E+02  2.00000E+01  2.32100E-01  2.32100E-01
b   4   14  4   15  99  2.37925E-01  1.56278E-01  1.29003E+00 -4.10448E-01  2.04514E+00  1.59700E+00  1.59700E+00
b   4    1  4   16  98  0.00000E+00  0.00000E+00  0.00000E+00  0.00000E+00  0.00000E+00  1.96180E-02  3.92359E-04
b   4    2  4   16  99  4.54698E-01  5.73027E-01 -3.02417E+00  1.92278E+01  3.68201E+00  5.30200E-03  5.30200E-03
b   4    8  4   16  99  9.90445E-02  1.30739E+00 -2.05448E+01  1.07485E+02  1.09557E+01  5.77400E-01  5.77400E-01
b   4   10  4   16  99  2.00640E-01  2.65249E+00 -5.62963E+01  5.52241E+02  2.00000E+01  2.05000E-02  2.05000E-02
b   4   11  4   16  99  1.56554E-01  2.12218E+00 -1.30352E+01 -1.96817E+00  2.00000E+01  1.88700E-02  1.88700E-02
b   4   12  4   16  99  1.64222E-01  2.16971E+00 -1.85818E+01  1.22528E+02  2.00000E+01  3.65800E-02  3.65800E-02
b   4   13  4   16  99  1.80229E-01  1.83520E+00 -1.89842E+01  2.08921E+02  2.00000E+01  8.30300E-02  8.30300E-02
b   4   14  4   16  99  3.05785E-01  5.82059E-01  1.67029E+00 -6.04083E-01  2.17500E+00  2.58900E-01  2.58900E-01
b   4   15  4   16  99  2.57118E-01  5.70712E-02  2.11853E+00 -1.07430E+00  2.80900E+00  1.79100E+00  1.79100E+00
b   4    1  4   17  98  0.00000E+00  0.00000E+00  0.00000E+00  0.00000E+00  0.00000E+00  2.39515E-02  4.79029E-04
b   4    2  4   17  99  4.59042E-01  5.78092E-01 -3.00256E+00  1.92912E+01  3.68233E+00  3.76300E-03  3.76300E-03
b   4    9  4   17  99  9.90445E-02  1.30739E+00 -2.05448E+01  1.07485E+02  1.09557E+01  5.77400E-01  5.77400E-01
b   4   10  4   17  99  2.03651E-01  2.70761E+00 -5.62302E+01  5.46630E+02  2.00000E+01  1.40060E-02  1.40060E-02
b   4   11  4   17  99  1.62716E-01  2.21599E+00 -1.18909E+01 -2.10046E+01  2.00000E+01  1.21100E-02  1.21100E-02
b   4   12  4   17  99  1.78006E-01  2.38283E+00 -1.96820E+01  1.36648E+02  2.00000E+01  2.12200E-02  2.12200E-02
b   4   13  4   17  99  1.97681E-01  2.16087E+00 -1.96629E+01  2.13199E+02  2.00000E+01  4.05800E-02  4.05800E-02
b   4   14  4   17  99  3.41679E-01  9.84581E-01  1.72008E+00 -6.09079E-01  2.12315E+00  9.15400E-02  9.15400E-02
b   4   15  4   17  99  2.89724E-01  6.47005E-01  1.53741E+00 -5.62821E-01  2.17499E+00  2.85500E-01  2.85500E-01
b   4   16  4   17  99  4.95947E-01  2.21311E-01  3.89033E+00 -1.92619E+00  2.76232E+00  9.70100E-01  9.70100E-01
b   4    1  4   18  99  2.47825E-01  8.82210E-01 -1.12807E+01  4.59102E+01  5.20159E+00  5.31450E-01  5.31450E-01
b   4    1  4   19  99  1.52029E-01  1.55691E+00 -1.84089E+01  6.80918E+01  6.87177E+00  1.37600E-01  1.37600E-01
b   4    2  4   19  99  2.47825E-01  8.82210E-01 -1.12807E+01  4.59102E+01  5.20159E+00  6.20025E-01  6.20025E-01
b   4   18  4   19  99  9.90445E-02  1.30739E+00 -2.05448E+01  1.07485E+02  1.09557E+01  1.73220E+00  1.73220E+00
b   4    1  4   20  99  1.11966E-01  1.90038E+00 -2.43303E+01  8.94047E+01  8.65857E+00  5.11000E-02  5.11000E-02
b   4    3  4   20  99  2.47825E-01  8.82210E-01 -1.12807E+01  4.59102E+01  5.20159E+00  6.20025E-01  6.20025E-01
b   4   18  4   20  99  4.38579E-01  1.61704E-01 -2.36934E+00  1.93687E+01  3.72102E+00  3.48000E-01  3.48000E-01
b   4   19  4   20  99  7.50857E-02  9.96248E-01 -1.26843E+01  1.20875E+01  2.00000E+01  8.09000E-01  8.09000E-01
b   4    1  4   21  99  9.56952E-02  2.04460E+00 -2.75622E+01  9.86980E+01  9.91941E+00  2.47000E-02  2.47000E-02
b   4    4  4   21  99  2.47825E-01  8.82210E-01 -1.12807E+01  4.59102E+01  5.20159E+00  6.20025E-01  6.20025E-01
b   4   18  4   21  99  4.34972E-01  3.23244E-01 -2.54595E+00  1.87205E+01  3.69748E+00  1.33500E-01  1.33500E-01
b   4   19  4   21  99  1.05190E-01  1.35606E+00 -1.14523E+01 -3.82755E+01  2.00000E+01  1.50600E-01  1.50600E-01
b   4   20  4   21  99  8.12228E-02  9.51078E-01 -1.27018E+01  5.34465E+01  2.00000E+01  1.01600E+00  1.01600E+00
b   4    1  4   22  99  9.19931E-02  2.32358E+00 -3.37391E+01  1.18720E+02  1.13586E+01  1.32120E-02  1.32120E-02
b   4    5  4   22  99  2.47825E-01  8.82210E-01 -1.12807E+01  4.59102E+01  5.20159E+00  6.20025E-01  6.20025E-01
b   4   18  4   22  99  4.65536E-01  4.19765E-01 -2.79125E+00  1.98487E+01  3.69876E+00  6.38400E-02  6.38400E-02
b   4   19  4   22  99  1.51926E-01  2.00238E+00 -3.39915E+01  2.50766E+02  2.00000E+01  5.47900E-02  5.47900E-02
b   4   20  4   22  99  1.30515E-01  1.53882E+00 -2.10262E+01  1.52261E+02  2.00000E+01  1.76100E-01  1.76100E-01
b   4   21  4   22  99  1.06435E-01  9.25452E-01 -1.63999E+01  1.59410E+02  2.00000E+01  1.19900E+00  1.19900E+00
b   4    1  4   23  99  8.16611E-02  2.56053E+00 -4.55782E+01 -7.46978E+00  2.00000E+01  8.16400E-03  8.16400E-03
b   4    6  4   23  99  2.47825E-01  8.82210E-01 -1.12807E+01  4.59102E+01  5.20159E+00  6.20025E-01  6.20025E-01
b   4   18  4   23  99  4.59211E-01  4.96342E-01 -2.91709E+00  1.95136E+01  3.68659E+00  3.69900E-02  3.69900E-02
b   4   19  4   23  99  2.06011E-01  2.56127E+00 -6.44570E+01  6.98647E+02  2.00000E+01  2.74400E-02  2.74400E-02
b   4   20  4   23  99  1.33264E-01  1.74097E+00 -1.18325E+01 -6.65972E+00  2.00000E+01  6.51700E-02  6.51700E-02
b   4   21  4   23  99  1.58536E-01  1.42811E+00 -2.04895E+01  2.24460E+02  2.00000E+01  2.04300E-01  2.04300E-01
b   4   22  4   23  99  2.59918E-01  8.27242E-02  1.51973E+00 -5.22989E-01  2.08907E+00  1.40100E+00  1.40100E+00
b   4    1  4   24  99  8.06406E-02  2.54868E+00 -4.45113E+01 -2.39939E+01  2.00000E+01  5.40000E-03  5.40000E-03
b   4    7  4   24  99  2.47825E-01  8.82210E-01 -1.12807E+01  4.59102E+01  5.20159E+00  6.20025E-01  6.20025E-01
b   4   18  4   24  99  4.66959E-01  5.09337E-01 -2.88034E+00  1.95970E+01  3.68725E+00  2.34900E-02  2.34900E-02
b   4   19  4   24  99  2.02354E-01  2.60477E+00 -5.90295E+01  6.03378E+02  2.00000E+01  1.60000E-02  1.60000E-02
b   4   20  4   24  99  1.46620E-01  1.93903E+00 -1.11956E+01 -2.20408E+01  2.00000E+01  3.24000E-02  3.24000E-02
b   4   21  4   24  99  1.48424E-01  1.86968E+00 -1.68196E+01  1.05839E+02  2.00000E+01  7.42200E-02  7.42200E-02
b   4   22  4   24  99  1.48799E-01  1.42678E+00 -1.71838E+01  1.79840E+02  2.00000E+01  2.32100E-01  2.32100E-01
b   4   23  4   24  99  2.37925E-01  1.56278E-01  1.29003E+00 -4.10448E-01  2.04514E+00  1.59700E+00  1.59700E+00
b   4    1  4   25  99  8.06778E-02  2.54215E+00 -4.40295E+01 -3.08526E+01  2.00000E+01  3.75600E-03  3.75600E-03
b   4    8  4   25  99  2.47825E-01  8.82210E-01 -1.12807E+01  4.59102E+01  5.20159E+00  6.20025E-01  6.20025E-01
b   4   18  4   25  99  4.54698E-01  5.73027E-01 -3.02417E+00  1.92278E+01  3.68201E+00  1.59060E-02  1.59060E-02
b   4   19  4   25  99  2.00640E-01  2.65249E+00 -5.62963E+01  5.52241E+02  2.00000E+01  1.02500E-02  1.02500E-02
b   4   20  4   25  99  1.56554E-01  2.12218E+00 -1.30352E+01 -1.96817E+00  2.00000E+01  1.88700E-02  1.88700E-02
b   4   21  4   25  99  1.64222E-01  2.16971E+00 -1.85818E+01  1.22528E+02  2.00000E+01  3.65800E-02  3.65800E-02
b   4   22  4   25  99  1.80229E-01  1.83520E+00 -1.89842E+01  2.08921E+02  2.00000E+01  8.30300E-02  8.30300E-02
b   4   23  4   25  99  3.05785E-01  5.82059E-01  1.67029E+00 -6.04083E-01  2.17500E+00  2.58900E-01  2.58900E-01
b   4   24  4   25  99  2.57118E-01  5.70712E-02  2.11853E+00 -1.07430E+00  2.80900E+00  1.79100E+00  1.79100E+00
b   4    1  4   26  99  8.02947E-02  2.53446E+00 -4.34836E+01 -3.86216E+01  2.00000E+01  2.71400E-03  2.71400E-03
b   4    9  4   26  99  2.47825E-01  8.82210E-01 -1.12807E+01  4.59102E+01  5.20159E+00  6.20025E-01  6.20025E-01
b   4   18  4   26  99  4.59042E-01  5.78092E-01 -3.00256E+00  1.92912E+01  3.68233E+00  1.12890E-02  1.12890E-02
b   4   19  4   26  99  2.03651E-01  2.70761E+00 -5.62302E+01  5.46630E+02  2.00000E+01  7.00300E-03  7.00300E-03
b   4   20  4   26  99  1.62716E-01  2.21599E+00 -1.18909E+01 -2.10046E+01  2.00000E+01  1.21100E-02  1.21100E-02
b   4   21  4   26  99  1.78006E-01  2.38283E+00 -1.96820E+01  1.36648E+02  2.00000E+01  2.12200E-02  2.12200E-02
b   4   22  4   26  99  1.97681E-01  2.16087E+00 -1.96629E+01  2.13199E+02  2.00000E+01  4.05800E-02  4.05800E-02
b   4   23  4   26  99  3.41679E-01  9.84581E-01  1.72008E+00 -6.09079E-01  2.12315E+00  9.15400E-02  9.15400E-02
b   4   24  4   26  99  2.89724E-01  6.47005E-01  1.53741E+00 -5.62821E-01  2.17499E+00  2.85500E-01  2.85500E-01
b   4   25  4   26  99  4.95947E-01  2.21311E-01  3.89033E+00 -1.92619E+00  2.76232E+00  9.70100E-01  9.70100E-01
f   4    1  3    1  99  2.00000E+00  2.28221E+01
p   4    1  3    1  98  1.26810E+00 -2.72440E+00 -4.81350E-02 -4.15010E-04  2.00000E+00  1.77300E+03  1.84400E+03  3.54700E+04
f   4    2  3    1  99  1.00000E+00  2.21280E+01
p   4    2  3    1  99  1.00000E+00  2.21280E+01
f   4    3  3    1  99  1.00000E+00  2.20370E+01
p   4    3  3    1  99  1.00000E+00  2.20370E+01
f   4    4  3    1  99  1.00000E+00  2.20081E+01
p   4    4  3    1  99  1.00000E+00  2.20081E+01
f   4    5  3    1  99  1.00000E+00  2.20180E+01
p   4    5  3    1  99  1.00000E+00  2.20180E+01
f   4    6  3    1  99  1.00000E+00  2.20120E+01
p   4    6  3    1  99  1.00000E+00  2.20120E+01
f   4    7  3    1  99  1.00000E+00  2.20012E+01
p   4    7  3    1  99  1.00000E+00  2.20012E+01
f   4    8  3    1  99  1.00000E+00  2.20012E+01
p   4    8  3    1  99  1.00000E+00  2.20012E+01
f   4    9  3    1  99  1.00000E+00  2.20003E+01
p   4    9  3    1  99  1.00000E+00  2.20003E+01
f   4    2  3    2  99  1.00000E+00  2.21280E+01
p   4    2  3    2  98  1.26810E+00 -2.72440E+00 -4.81350E-02 -4.15010E-04  2.00000E+00  1.77300E+03  1.84400E+03  3.54700E+04
f   4   10  3    2  99  2.00000E+00  2.26920E+01
p   4   10  3    2  99  2.00000E+00  2.26920E+01
f   4   11  3    2  99  1.00000E+00  2.20937E+01
p   4   11  3    2  99  1.00000E+00  2.20937E+01
f   4   12  3    2  99  1.00000E+00  2.20264E+01
p   4   12  3    2  99  1.00000E+00  2.20264E+01
f   4   13  3    2  99  1.00000E+00  2.20240E+01
p   4   13  3    2  99  1.00000E+00  2.20240E+01
f   4   14  3    2  99  1.00000E+00  2.20160E+01
p   4   14  3    2  99  1.00000E+00  2.20160E+01
f   4   15  3    2  99  1.00000E+00  2.20102E+01
p   4   15  3    2  99  1.00000E+00  2.20102E+01
f   4   16  3    2  99  1.00000E+00  2.20082E+01
p   4   16  3    2  99  1.00000E+00  2.20082E+01
f   4   17  3    2  99  1.00000E+00  2.20003E+01
p   4   17  3    2  99  1.00000E+00  2.20003E+01
f   4    3  3    3  99  1.00000E+00  2.20370E+01
p   4    3  3    3  98  1.26810E+00 -2.72440E+00 -4.81350E-02 -4.15010E-04  2.00000E+00  1.77300E+03  1.84400E+03  3.54700E+04
f   4   11  3    3  99  1.00000E+00  2.20937E+01
p   4   11  3    3  99  1.00000E+00  2.20937E+01
f   4    4  3    4  99  1.00000E+00  2.20081E+01
p   4    4  3    4  98  1.26810E+00 -2.72440E+00 -4.81350E-02 -4.15010E-04  2.00000E+00  1.77300E+03  1.84400E+03  3.54700E+04
f   4   12  3    4  99  1.00000E+00  2.20264E+01
p   4   12  3    4  99  1.00000E+00  2.20264E+01
f   4    5  3    5  99  1.00000E+00  2.20180E+01
p   4    5  3    5  98  1.26810E+00 -2.72440E+00 -4.81350E-02 -4.15010E-04  2.00000E+00  1.77300E+03  1.84400E+03  3.54700E+04
f   4   13  3    5  99  1.00000E+00  2.20240E+01
p   4   13  3    5  99  1.00000E+00  2.20240E+01
f   4    6  3    6  99  1.00000E+00  2.20120E+01
p   4    6  3    6  98  1.26810E+00 -2.72440E+00 -4.81350E-02 -4.15010E-04  2.00000E+00  1.77300E+03  1.84400E+03  3.54700E+04
f   4   14  3    6  99  1.00000E+00  2.20160E+01
p   4   14  3    6  99  1.00000E+00  2.20160E+01
f   4    7  3    7  99  1.00000E+00  2.20012E+01
p   4    7  3    7  98  1.26810E+00 -2.72440E+00 -4.81350E-02 -4.15010E-04  2.00000E+00  1.77300E+03  1.84400E+03  3.54700E+04
f   4   15  3    7  99  1.00000E+00  2.20102E+01
p   4   15  3    7  99  1.00000E+00  2.20102E+01
f   4    8  3    8  99  1.00000E+00  2.20012E+01
p   4    8  3    8  98  1.26810E+00 -2.72440E+00 -4.81350E-02 -4.15010E-04  2.00000E+00  1.77300E+03  1.84400E+03  3.54700E+04
f   4   16  3    8  99  1.00000E+00  2.20082E+01
p   4   16  3    8  99  1.00000E+00  2.20082E+01
f   4    9  3    9  99  1.00000E+00  2.20003E+01
p   4    9  3    9  98  1.26810E+00 -2.72440E+00 -4.81350E-02 -4.15010E-04  2.00000E+00  1.77300E+03  1.84400E+03  3.54700E+04
f   4   17  3    9  99  1.00000E+00  2.20003E+01
p   4   17  3    9  99  1.00000E+00  2.20003E+01
f   4    1  3   10  99  2.00000E+00  2.28221E+01
p   4    1  3   10  98  1.92620E+00 -2.59310E+00 -1.69550E-01  1.89910E-02  2.00000E+00  7.79300E+03  8.10400E+03  1.55800E+05
f   4   18  3   10  99  3.00000E+00  2.34582E+01
p   4   18  3   10  98  1.26810E+00 -2.72440E+00 -4.81350E-02 -4.15010E-04  2.00000E+00  1.77300E+03  1.84400E+03  3.54700E+04
f   4   19  3   10  99  1.00000E+00  2.22080E+01
p   4   19  3   10  99  1.00000E+00  2.22080E+01
f   4   20  3   10  99  1.00000E+00  2.20602E+01
p   4   20  3   10  99  1.00000E+00  2.20602E+01
f   4   21  3   10  99  1.00000E+00  2.20072E+01
p   4   21  3   10  99  1.00000E+00  2.20072E+01
f   4   22  3   10  99  1.00000E+00  2.20270E+01
p   4   22  3   10  99  1.00000E+00  2.20270E+01
f   4   23  3   10  99  1.00000E+00  2.20210E+01
p   4   23  3   10  99  1.00000E+00  2.20210E+01
f   4   24  3   10  99  1.00000E+00  2.20021E+01
p   4   24  3   10  99  1.00000E+00  2.20021E+01
f   4   25  3   10  99  1.00000E+00  2.20021E+01
p   4   25  3   10  99  1.00000E+00  2.20021E+01
f   4   26  3   10  99  1.00000E+00  2.20003E+01
p   4   26  3   10  99  1.00000E+00  2.20003E+01
f   4    2  3   11  99  2.00000E+00  2.21280E+01
p   4    2  3   11  98  1.92620E+00 -2.59310E+00 -1.69550E-01  1.89910E-02  2.00000E+00  7.79300E+03  8.10400E+03  1.55800E+05
f   4   19  3   11  99  2.00000E+00  2.22080E+01
p   4   19  3   11  98  1.26810E+00 -2.72440E+00 -4.81350E-02 -4.15010E-04  2.00000E+00  1.77300E+03  1.84400E+03  3.54700E+04
f   4    3  3   12  99  2.00000E+00  2.20370E+01
p   4    3  3   12  98  1.92620E+00 -2.59310E+00 -1.69550E-01  1.89910E-02  2.00000E+00  7.79300E+03  8.10400E+03  1.55800E+05
f   4   20  3   12  99  2.00000E+00  2.20602E+01
p   4   20  3   12  98  1.26810E+00 -2.72440E+00 -4.81350E-02 -4.15010E-04  2.00000E+00  1.77300E+03  1.84400E+03  3.54700E+04
f   4    4  3   13  99  2.00000E+00  2.20081E+01
p   4    4  3   13  98  1.92620E+00 -2.59310E+00 -1.69550E-01  1.89910E-02  2.00000E+00  7.79300E+03  8.10400E+03  1.55800E+05
f   4   21  3   13  99  2.00000E+00  2.20072E+01
p   4   21  3   13  98  1.26810E+00 -2.72440E+00 -4.81350E-02 -4.15010E-04  2.00000E+00  1.77300E+03  1.84400E+03  3.54700E+04
f   4    5  3   14  99  2.00000E+00  2.20180E+01
p   4    5  3   14  98  1.92620E+00 -2.59310E+00 -1.69550E-01  1.89910E-02  2.00000E+00  7.79300E+03  8.10400E+03  1.55800E+05
f   4   22  3   14  99  2.00000E+00  2.20270E+01
p   4   22  3   14  98  1.26810E+00 -2.72440E+00 -4.81350E-02 -4.15010E-04  2.00000E+00  1.77300E+03  1.84400E+03  3.54700E+04
f   4    6  3   15  99  2.00000E+00  2.20120E+01
p   4    6  3   15  98  1.92620E+00 -2.59310E+00 -1.69550E-01  1.89910E-02  2.00000E+00  7.79300E+03  8.10400E+03  1.55800E+05
f   4   23  3   15  99  2.00000E+00  2.20210E+01
p   4   23  3   15  98  1.26810E+00 -2.72440E+00 -4.81350E-02 -4.15010E-04  2.00000E+00  1.77300E+03  1.84400E+03  3.54700E+04
f   4    7  3   16  99  2.00000E+00  2.20012E+01
p   4    7  3   16  98  1.92620E+00 -2.59310E+00 -1.69550E-01  1.89910E-02  2.00000E+00  7.79300E+03  8.10400E+03  1.55800E+05
f   4   24  3   16  99  2.00000E+00  2.20021E+01
p   4   24  3   16  98  1.26810E+00 -2.72440E+00 -4.81350E-02 -4.15010E-04  2.00000E+00  1.77300E+03  1.84400E+03  3.54700E+04
f   4    8  3   17  99  2.00000E+00  2.20012E+01
p   4    8  3   17  98  1.92620E+00 -2.59310E+00 -1.69550E-01  1.89910E-02  2.00000E+00  7.79300E+03  8.10400E+03  1.55800E+05
f   4   25  3   17  99  2.00000E+00  2.20021E+01
p   4   25  3   17  98  1.26810E+00 -2.72440E+00 -4.81350E-02 -4.15010E-04  2.00000E+00  1.77300E+03  1.84400E+03  3.54700E+04
f   4    9  3   18  99  2.00000E+00  2.20003E+01
p   4    9  3   18  98  1.92620E+00 -2.59310E+00 -1.69550E-01  1.89910E-02  2.00000E+00  7.79300E+03  8.10400E+03  1.55800E+05
f   4   26  3   18  99  2.00000E+00  2.20003E+01
p   4   26  3   18  98  1.26810E+00 -2.72440E+00 -4.81350E-02 -4.15010E-04  2.00000E+00  1.77300E+03  1.84400E+03  3.54700E+04
a   4   10  3    1   2.58702E+14
a   4   11  3    1   5.27970E+13
a   4   12  3    1   1.73547E+13
a   4   13  3    1   7.05690E+12
a   4   14  3    1   3.26490E+12
a   4   15  3    1   1.67460E+12
a   4   16  3    1   9.29280E+11
a   4   17  3    1   5.48730E+11
a   4   18  3    1   1.33101E+14
a   4   19  3    1   9.30160E+12
a   4   20  3    1   2.18010E+12
a   4   21  3    1   7.08080E+11
a   4   22  3    1   2.84590E+11
a   4   23  3    1   1.31670E+11
a   4   24  3    1   6.75340E+10
a   4   25  3    1   3.74770E+10
a   4   26  3    1   2.21300E+10
a   4   19  3    2   4.43670E+13
a   4   20  3    3   4.43670E+13
a   4   21  3    4   4.43670E+13
a   4   22  3    5   4.43670E+13
a   4   23  3    6   4.43670E+13
a   4   24  3    7   4.43670E+13
a   4   25  3    8   4.43670E+13
a   4   26  3    9   4.43670E+13
b   5    1  5    2  99  8.49848E-02  1.76145E+00 -4.51381E+01  3.25609E+02  2.00000E+01  1.64160E+00  1.64160E+00
b   5    1  5    3  99  4.44329E-01  1.23256E-01 -2.28633E+00  1.95944E+01  3.72477E+00  3.43800E-01  3.43800E-01
b   5    2  5    3  99  7.54848E-02  9.87802E-01 -1.24824E+01  1.39770E+01  2.00000E+01  7.89900E-01  7.89900E-01
b   5    1  5    4  99  4.36177E-01  2.76001E-01 -2.43131E+00  1.87425E+01  3.70238E+00  1.33530E-01  1.33530E-01
b   5    2  5    4  99  1.26537E-01  1.08171E+00 -4.09911E+00  1.13563E+01  5.24136E+00  1.50600E-01  1.50600E-01
b   5    3  5    4  99  1.18227E-01  9.27680E-01 -2.03175E+01  2.23597E+02  2.00000E+01  1.00300E+00  1.00300E+00
b   5    1  5    5  99  4.62612E-01  3.76073E-01 -2.69298E+00  1.97171E+01  3.69742E+00  6.41400E-02  6.41400E-02
b   5    2  5    5  99  1.39174E-01  1.83737E+00 -2.40815E+01  1.12271E+02  2.00000E+01  5.48400E-02  5.48400E-02
b   5    3  5    5  99  1.30137E-01  1.52163E+00 -2.02961E+01  1.46566E+02  2.00000E+01  1.75100E-01  1.75100E-01
b   5    4  5    5  99  1.03419E-01  9.27153E-01 -1.55101E+01  1.43337E+02  2.00000E+01  1.18600E+00  1.18600E+00
b   5    1  5    6  99  4.67317E-01  4.14227E-01 -2.72084E+00  1.97280E+01  3.69213E+00  3.72600E-02  3.72600E-02
b   5    2  5    6  99  1.63363E-01  2.16292E+00 -3.64662E+01  2.81853E+02  2.00000E+01  2.76000E-02  2.76000E-02
b   5    3  5    6  99  1.52580E-01  1.84487E+00 -2.21722E+01  1.63235E+02  2.00000E+01  6.52100E-02  6.52100E-02
b   5    4  5    6  99  1.57143E-01  1.42279E+00 -1.99101E+01  2.17726E+02  2.00000E+01  2.03300E-01  2.03300E-01
b   5    5  5    6  99  2.54465E-01  1.07099E-01  1.44481E+00 -4.82886E-01  2.06670E+00  1.39200E+00  1.39200E+00
b   5    1  5    7  99  4.57219E-01  4.78433E-01 -2.84111E+00  1.93238E+01  3.68203E+00  2.37060E-02  2.37060E-02
b   5    2  5    7  99  2.15233E-01  2.65410E+00 -6.67680E+01  7.36427E+02  2.00000E+01  1.61300E-02  1.61300E-02
b   5    3  5    7  99  1.42858E-01  1.90811E+00 -1.00654E+01 -3.47455E+01  2.00000E+01  3.25300E-02  3.25300E-02
b   5    4  5    7  99  1.43235E-01  1.84859E+00 -1.49229E+01  7.67860E+01  2.00000E+01  7.41300E-02  7.41300E-02
b   5    5  5    7  99  1.44936E-01  1.43461E+00 -1.66405E+01  1.68306E+02  2.00000E+01  2.31200E-01  2.31200E-01
b   5    6  5    7  99  2.34829E-01  1.72020E-01  1.25535E+00 -3.99624E-01  2.03643E+00  1.59000E+00  1.59000E+00
b   5    1  5    8  99  4.58474E-01  4.97583E-01 -2.85563E+00  1.93222E+01  3.68366E+00  1.60710E-02  1.60710E-02
b   5    2  5    8  99  2.18353E-01  2.69342E+00 -6.49062E+01  7.05350E+02  2.00000E+01  1.03500E-02  1.03500E-02
b   5    3  5    8  99  1.55013E-01  2.10010E+00 -1.31286E+01  4.99721E+00  2.00000E+01  1.89800E-02  1.89800E-02
b   5    4  5    8  99  1.61819E-01  2.14982E+00 -1.77023E+01  1.12610E+02  2.00000E+01  3.66200E-02  3.66200E-02
b   5    5  5    8  99  1.77685E-01  1.83283E+00 -1.84114E+01  2.00175E+02  2.00000E+01  8.28800E-02  8.28800E-02
b   5    6  5    8  99  3.01802E-01  5.98980E-01  1.63848E+00 -5.92077E-01  2.18163E+00  2.58100E-01  2.58100E-01
b   5    7  5    8  99  2.53536E-01  7.58194E-02  2.05466E+00 -1.02825E+00  2.79644E+00  1.78600E+00  1.78600E+00
b   5    1  5    9  99  4.61526E-01  5.05962E-01 -2.85067E+00  1.93619E+01  3.68341E+00  1.14120E-02  1.14120E-02
b   5    2  5    9  99  2.14652E-01  2.72029E+00 -6.20754E+01  6.53475E+02  2.00000E+01  7.08100E-03  7.08100E-03
b   5    3  5    9  99  1.56098E-01  2.16331E+00 -9.62481E+00 -5.12514E+01  2.00000E+01  1.22100E-02  1.22100E-02
b   5    4  5    9  99  1.75094E-01  2.36240E+00 -1.89979E+01  1.29768E+02  2.00000E+01  2.12800E-02  2.12800E-02
b   5    5  5    9  99  1.96210E-01  2.15409E+00 -1.93832E+01  2.11362E+02  2.00000E+01  4.05700E-02  4.05700E-02
b   5    6  5    9  99  3.38363E-01  9.95021E-01  1.73143E+00 -6.24232E-01  2.17799E+00  9.13500E-02  9.13500E-02
b   5    7  5    9  99  2.80951E-01  6.84225E-01  1.38065E+00 -4.52745E-01  2.09381E+00  2.84800E-01  2.84800E-01
b   5    8  5    9  99  5.26383E-01  4.72888E-02  5.34068E+00 -3.05924E+00  3.39878E+00  9.82300E-01  9.82300E-01
b   5    1  5   10  98  0.00000E+00  0.00000E+00  0.00000E+00  0.00000E+00  0.00000E+00  1.26743E-02  2.53485E-04
b   5    2  5   10  99  8.49848E-02  1.76145E+00 -4.51381E+01  3.25609E+02  2.00000E+01  1.03360E+00  1.03360E+00
b   5    1  5   11  98  0.00000E+00  0.00000E+00  0.00000E+00  0.00000E+00  0.00000E+00  1.74156E-02  3.48313E-04
b   5    2  5   11  99  4.44329E-01  1.23256E-01 -2.28633E+00  1.95944E+01  3.72477E+00  2.29200E-01  2.29200E-01
b   5    3  5   11  99  8.49848E-02  1.76145E+00 -4.51381E+01  3.25609E+02  2.00000E+01  1.09440E+00  1.09440E+00
b   5   10  5   11  99  7.54848E-02  9.87802E-01 -1.24824E+01  1.39770E+01  2.00000E+01  1.57980E+00  1.57980E+00
b   5    1  5   12  98  0.00000E+00  0.00000E+00  0.00000E+00  0.00000E+00  0.00000E+00  2.42503E-02  4.85006E-04
b   5    2  5   12  99  4.36177E-01  2.76001E-01 -2.43131E+00  1.87425E+01  3.70238E+00  8.90200E-02  8.90200E-02
b   5    4  5   12  99  8.49848E-02  1.76145E+00 -4.51381E+01  3.25609E+02  2.00000E+01  1.09440E+00  1.09440E+00
b   5   10  5   12  99  1.26537E-01  1.08171E+00 -4.09911E+00  1.13563E+01  5.24136E+00  3.01200E-01  3.01200E-01
b   5   11  5   12  99  1.18227E-01  9.27680E-01 -2.03175E+01  2.23597E+02  2.00000E+01  1.00300E+00  1.00300E+00
b   5    1  5   13  98  0.00000E+00  0.00000E+00  0.00000E+00  0.00000E+00  0.00000E+00  3.29105E-02  6.58211E-04
b   5    2  5   13  99  4.62612E-01  3.76073E-01 -2.69298E+00  1.97171E+01  3.69742E+00  4.27600E-02  4.27600E-02
b   5    5  5   13  99  8.49848E-02  1.76145E+00 -4.51381E+01  3.25609E+02  2.00000E+01  1.09440E+00  1.09440E+00
b   5   10  5   13  99  1.39174E-01  1.83737E+00 -2.40815E+01  1.12271E+02  2.00000E+01  1.09680E-01  1.09680E-01
b   5   11  5   13  99  1.30137E-01  1.52163E+00 -2.02961E+01  1.46566E+02  2.00000E+01  1.75100E-01  1.75100E-01
b   5   12  5   13  99  1.03419E-01  9.27153E-01 -1.55101E+01  1.43337E+02  2.00000E+01  1.18600E+00  1.18600E+00
b   5    1  5   14  98  0.00000E+00  0.00000E+00  0.00000E+00  0.00000E+00  0.00000E+00  4.32393E-02  8.64786E-04
b   5    2  5   14  99  4.67317E-01  4.14227E-01 -2.72084E+00  1.97280E+01  3.69213E+00  2.48400E-02  2.48400E-02
b   5    6  5   14  99  8.49848E-02  1.76145E+00 -4.51381E+01  3.25609E+02  2.00000E+01  1.09440E+00  1.09440E+00
b   5   10  5   14  99  1.63363E-01  2.16292E+00 -3.64662E+01  2.81853E+02  2.00000E+01  5.52000E-02  5.52000E-02
b   5   11  5   14  99  1.52580E-01  1.84487E+00 -2.21722E+01  1.63235E+02  2.00000E+01  6.52100E-02  6.52100E-02
b   5   12  5   14  99  1.57143E-01  1.42279E+00 -1.99101E+01  2.17726E+02  2.00000E+01  2.03300E-01  2.03300E-01
b   5   13  5   14  99  2.54465E-01  1.07099E-01  1.44481E+00 -4.82886E-01  2.06670E+00  1.39200E+00  1.39200E+00
b   5    1  5   15  98  0.00000E+00  0.00000E+00  0.00000E+00  0.00000E+00  0.00000E+00  5.52053E-02  1.10411E-03
b   5    2  5   15  99  4.57219E-01  4.78433E-01 -2.84111E+00  1.93238E+01  3.68203E+00  1.58040E-02  1.58040E-02
b   5    7  5   15  99  8.49848E-02  1.76145E+00 -4.51381E+01  3.25609E+02  2.00000E+01  1.09440E+00  1.09440E+00
b   5   10  5   15  99  2.15233E-01  2.65410E+00 -6.67680E+01  7.36427E+02  2.00000E+01  3.22600E-02  3.22600E-02
b   5   11  5   15  99  1.42858E-01  1.90811E+00 -1.00654E+01 -3.47455E+01  2.00000E+01  3.25300E-02  3.25300E-02
b   5   12  5   15  99  1.43235E-01  1.84859E+00 -1.49229E+01  7.67860E+01  2.00000E+01  7.41300E-02  7.41300E-02
b   5   13  5   15  99  1.44936E-01  1.43461E+00 -1.66405E+01  1.68306E+02  2.00000E+01  2.31200E-01  2.31200E-01
b   5   14  5   15  99  2.34829E-01  1.72020E-01  1.25535E+00 -3.99624E-01  2.03643E+00  1.59000E+00  1.59000E+00
b   5    1  5   16  98  0.00000E+00  0.00000E+00  0.00000E+00  0.00000E+00  0.00000E+00  6.88109E-02  1.37622E-03
b   5    2  5   16  99  4.58474E-01  4.97583E-01 -2.85563E+00  1.93222E+01  3.68366E+00  1.07140E-02  1.07140E-02
b   5    8  5   16  99  8.49848E-02  1.76145E+00 -4.51381E+01  3.25609E+02  2.00000E+01  1.09440E+00  1.09440E+00
b   5   10  5   16  99  2.18353E-01  2.69342E+00 -6.49062E+01  7.05350E+02  2.00000E+01  2.07000E-02  2.07000E-02
b   5   11  5   16  99  1.55013E-01  2.10010E+00 -1.31286E+01  4.99721E+00  2.00000E+01  1.89800E-02  1.89800E-02
b   5   12  5   16  99  1.61819E-01  2.14982E+00 -1.77023E+01  1.12610E+02  2.00000E+01  3.66200E-02  3.66200E-02
b   5   13  5   16  99  1.77685E-01  1.83283E+00 -1.84114E+01  2.00175E+02  2.00000E+01  8.28800E-02  8.28800E-02
b   5   14  5   16  99  3.01802E-01  5.98980E-01  1.63848E+00 -5.92077E-01  2.18163E+00  2.58100E-01  2.58100E-01
b   5   15  5   16  99  2.53536E-01  7.58194E-02  2.05466E+00 -1.02825E+00  2.79644E+00  1.78600E+00  1.78600E+00
b   5    1  5   17  98  0.00000E+00  0.00000E+00  0.00000E+00  0.00000E+00  0.00000E+00  8.40374E-02  1.68075E-03
b   5    2  5   17  99  4.61526E-01  5.05962E-01 -2.85067E+00  1.93619E+01  3.68341E+00  7.60800E-03  7.60800E-03
b   5    9  5   17  99  8.49848E-02  1.76145E+00 -4.51381E+01  3.25609E+02  2.00000E+01  1.09440E+00  1.09440E+00
b   5   10  5   17  99  2.14652E-01  2.72029E+00 -6.20754E+01  6.53475E+02  2.00000E+01  1.41620E-02  1.41620E-02
b   5   11  5   17  99  1.56098E-01  2.16331E+00 -9.62481E+00 -5.12514E+01  2.00000E+01  1.22100E-02  1.22100E-02
b   5   12  5   17  99  1.75094E-01  2.36240E+00 -1.89979E+01  1.29768E+02  2.00000E+01  2.12800E-02  2.12800E-02
b   5   13  5   17  99  1.96210E-01  2.15409E+00 -1.93832E+01  2.11362E+02  2.00000E+01  4.05700E-02  4.05700E-02
b   5   14  5   17  99  3.38363E-01  9.95021E-01  1.73143E+00 -6.24232E-01  2.17799E+00  9.13500E-02  9.13500E-02
b   5   15  5   17  99  2.80951E-01  6.84225E-01  1.38065E+00 -4.52745E-01  2.09381E+00  2.84800E-01  2.84800E-01
b   5   16  5   17  99  5.26383E-01  4.72888E-02  5.34068E+00 -3.05924E+00  3.39878E+00  9.82300E-01  9.82300E-01
b   5    1  5   18  99  2.49414E-01  8.77547E-01 -1.12279E+01  4.57172E+01  5.18249E+00  4.30625E-01  4.30625E-01
b   5    1  5   19  99  1.55943E-01  1.53839E+00 -1.83923E+01  6.89619E+01  6.85736E+00  1.31620E-01  1.31620E-01
b   5    2  5   19  99  2.49414E-01  8.77547E-01 -1.12279E+01  4.57172E+01  5.18249E+00  5.16750E-01  5.16750E-01
b   5   18  5   19  99  8.49848E-02  1.76145E+00 -4.51381E+01  3.25609E+02  2.00000E+01  2.18880E+00  2.18880E+00
b   5    1  5   20  99  1.27277E-01  1.76224E+00 -2.13326E+01  7.75290E+01  7.71218E+00  4.88800E-02  4.88800E-02
b   5    3  5   20  99  2.49414E-01  8.77547E-01 -1.12279E+01  4.57172E+01  5.18249E+00  5.16750E-01  5.16750E-01
b   5   18  5   20  99  4.44329E-01  1.23256E-01 -2.28633E+00  1.95944E+01  3.72477E+00  4.58400E-01  4.58400E-01
b   5   19  5   20  99  7.54848E-02  9.87802E-01 -1.24824E+01  1.39770E+01  2.00000E+01  7.89900E-01  7.89900E-01
b   5    1  5   21  99  1.08761E-01  1.90778E+00 -2.42091E+01  8.75128E+01  8.70351E+00  2.36200E-02  2.36200E-02
b   5    4  5   21  99  2.49414E-01  8.77547E-01 -1.12279E+01  4.57172E+01  5.18249E+00  5.16750E-01  5.16750E-01
b   5   18  5   21  99  4.36177E-01  2.76001E-01 -2.43131E+00  1.87425E+01  3.70238E+00  1.78040E-01  1.78040E-01
b   5   19  5   21  99  1.26537E-01  1.08171E+00 -4.09911E+00  1.13563E+01  5.24136E+00  1.50600E-01  1.50600E-01
b   5   20  5   21  99  1.18227E-01  9.27680E-01 -2.03175E+01  2.23597E+02  2.00000E+01  1.00300E+00  1.00300E+00
b   5    1  5   22  99  9.49053E-02  2.29038E+00 -3.37067E+01  1.23812E+02  1.12522E+01  1.26300E-02  1.26300E-02
b   5    5  5   22  99  2.49414E-01  8.77547E-01 -1.12279E+01  4.57172E+01  5.18249E+00  5.16750E-01  5.16750E-01
b   5   18  5   22  99  4.62612E-01  3.76073E-01 -2.69298E+00  1.97171E+01  3.69742E+00  8.55200E-02  8.55200E-02
b   5   19  5   22  99  1.39174E-01  1.83737E+00 -2.40815E+01  1.12271E+02  2.00000E+01  5.48400E-02  5.48400E-02
b   5   20  5   22  99  1.30137E-01  1.52163E+00 -2.02961E+01  1.46566E+02  2.00000E+01  1.75100E-01  1.75100E-01
b   5   21  5   22  99  1.03419E-01  9.27153E-01 -1.55101E+01  1.43337E+02  2.00000E+01  1.18600E+00  1.18600E+00
b   5    1  5   23  99  9.30681E-02  2.29451E+00 -3.34900E+01  1.20415E+02  1.12814E+01  7.80200E-03  7.80200E-03
b   5    6  5   23  99  2.49414E-01  8.77547E-01 -1.12279E+01  4.57172E+01  5.18249E+00  5.16750E-01  5.16750E-01
b   5   18  5   23  99  4.67317E-01  4.14227E-01 -2.72084E+00  1.97280E+01  3.69213E+00  4.96800E-02  4.96800E-02
b   5   19  5   23  99  1.63363E-01  2.16292E+00 -3.64662E+01  2.81853E+02  2.00000E+01  2.76000E-02  2.76000E-02
b   5   20  5   23  99  1.52580E-01  1.84487E+00 -2.21722E+01  1.63235E+02  2.00000E+01  6.52100E-02  6.52100E-02
b   5   21  5   23  99  1.57143E-01  1.42279E+00 -1.99101E+01  2.17726E+02  2.00000E+01  2.03300E-01  2.03300E-01
b   5   22  5   23  99  2.54465E-01  1.07099E-01  1.44481E+00 -4.82886E-01  2.06670E+00  1.39200E+00  1.39200E+00
b   5    1  5   24  99  9.09581E-02  2.31754E+00 -3.42982E+01  1.21314E+02  1.16786E+01  5.15800E-03  5.15800E-03
b   5    7  5   24  99  2.49414E-01  8.77547E-01 -1.12279E+01  4.57172E+01  5.18249E+00  5.16750E-01  5.16750E-01
b   5   18  5   24  99  4.57219E-01  4.78433E-01 -2.84111E+00  1.93238E+01  3.68203E+00  3.16080E-02  3.16080E-02
b   5   19  5   24  99  2.15233E-01  2.65410E+00 -6.67680E+01  7.36427E+02  2.00000E+01  1.61300E-02  1.61300E-02
b   5   20  5   24  99  1.42858E-01  1.90811E+00 -1.00654E+01 -3.47455E+01  2.00000E+01  3.25300E-02  3.25300E-02
b   5   21  5   24  99  1.43235E-01  1.84859E+00 -1.49229E+01  7.67860E+01  2.00000E+01  7.41300E-02  7.41300E-02
b   5   22  5   24  99  1.44936E-01  1.43461E+00 -1.66405E+01  1.68306E+02  2.00000E+01  2.31200E-01  2.31200E-01
b   5   23  5   24  99  2.34829E-01  1.72020E-01  1.25535E+00 -3.99624E-01  2.03643E+00  1.59000E+00  1.59000E+00
b   5    1  5   25  99  8.85853E-02  2.35006E+00 -3.56261E+01  1.23408E+02  1.22875E+01  3.58600E-03  3.58600E-03
b   5    8  5   25  99  2.49414E-01  8.77547E-01 -1.12279E+01  4.57172E+01  5.18249E+00  5.16750E-01  5.16750E-01
b   5   18  5   25  99  4.58474E-01  4.97583E-01 -2.85563E+00  1.93222E+01  3.68366E+00  2.14280E-02  2.14280E-02
b   5   19  5   25  99  2.18353E-01  2.69342E+00 -6.49062E+01  7.05350E+02  2.00000E+01  1.03500E-02  1.03500E-02
b   5   20  5   25  99  1.55013E-01  2.10010E+00 -1.31286E+01  4.99721E+00  2.00000E+01  1.89800E-02  1.89800E-02
b   5   21  5   25  99  1.61819E-01  2.14982E+00 -1.77023E+01  1.12610E+02  2.00000E+01  3.66200E-02  3.66200E-02
b   5   22  5   25  99  1.77685E-01  1.83283E+00 -1.84114E+01  2.00175E+02  2.00000E+01  8.28800E-02  8.28800E-02
b   5   23  5   25  99  3.01802E-01  5.98980E-01  1.63848E+00 -5.92077E-01  2.18163E+00  2.58100E-01  2.58100E-01
b   5   24  5   25  99  2.53536E-01  7.58194E-02  2.05466E+00 -1.02825E+00  2.79644E+00  1.78600E+00  1.78600E+00
b   5    1  5   26  99  8.62843E-02  2.37474E+00 -3.65706E+01  1.22935E+02  1.27811E+01  2.59200E-03  2.59200E-03
b   5    9  5   26  99  2.49414E-01  8.77547E-01 -1.12279E+01  4.57172E+01  5.18249E+00  5.16750E-01  5.16750E-01
b   5   18  5   26  99  4.61526E-01  5.05962E-01 -2.85067E+00  1.93619E+01  3.68341E+00  1.52160E-02  1.52160E-02
b   5   19  5   26  99  2.14652E-01  2.72029E+00 -6.20754E+01  6.53475E+02  2.00000E+01  7.08100E-03  7.08100E-03
b   5   20  5   26  99  1.56098E-01  2.16331E+00 -9.62481E+00 -5.12514E+01  2.00000E+01  1.22100E-02  1.22100E-02
b   5   21  5   26  99  1.75094E-01  2.36240E+00 -1.89979E+01  1.29768E+02  2.00000E+01  2.12800E-02  2.12800E-02
b   5   22  5   26  99  1.96210E-01  2.15409E+00 -1.93832E+01  2.11362E+02  2.00000E+01  4.05700E-02  4.05700E-02
b   5   23  5   26  99  3.38363E-01  9.95021E-01  1.73143E+00 -6.24232E-01  2.17799E+00  9.13500E-02  9.13500E-02
b   5   24  5   26  99  2.80951E-01  6.84225E-01  1.38065E+00 -4.52745E-01  2.09381E+00  2.84800E-01  2.84800E-01
b   5   25  5   26  99  5.26383E-01  4.72888E-02  5.34068E+00 -3.05924E+00  3.39878E+00  9.82300E-01  9.82300E-01
f   5    1  4    1  99  3.00000E+00  2.25202E+01
p   5    1  4    1  98  1.32100E+00 -2.68890E+00 -6.73630E-02  3.43350E-03  3.00000E+00  1.67700E+03  1.74400E+03  3.35300E+04
f   5    2  4    1  99  1.00000E+00  2.12240E+01
p   5    2  4    1  99  1.00000E+00  2.12240E+01
f   5    3  4    1  99  1.00000E+00  2.10648E+01
p   5    3  4    1  99  1.00000E+00  2.10648E+01
f   5    4  4    1  99  1.00000E+00  2.10102E+01
p   5    4  4    1  99  1.00000E+00  2.10102E+01
f   5    5  4    1  99  1.00000E+00  2.10300E+01
p   5    5  4    1  99  1.00000E+00  2.10300E+01
f   5    6  4    1  99  1.00000E+00  2.10220E+01
p   5    6  4    1  99  1.00000E+00  2.10220E+01
f   5    7  4    1  99  1.00000E+00  2.10022E+01
p   5    7  4    1  99  1.00000E+00  2.10022E+01
f   5    8  4    1  99  1.00000E+00  2.10022E+01
p   5    8  4    1  99  1.00000E+00  2.10022E+01
f   5    9  4    1  99  1.00000E+00  2.10004E+01
p   5    9  4    1  99  1.00000E+00  2.10004E+01
f   5    2  4    2  99  2.00000E+00  2.12240E+01
p   5    2  4    2  98  1.32100E+00 -2.68890E+00 -6.73630E-02  3.43350E-03  3.00000E+00  1.67700E+03  1.74400E+03  3.35300E+04
f   5   10  4    2  99  2.00000E+00  2.17880E+01
p   5   10  4    2  99  2.00000E+00  2.17880E+01
f   5   11  4    2  99  1.00000E+00  2.11215E+01
p   5   11  4    2  99  1.00000E+00  2.11215E+01
f   5   12  4    2  99  1.00000E+00  2.10285E+01
p   5   12  4    2  99  1.00000E+00  2.10285E+01
f   5   13  4    2  99  1.00000E+00  2.10360E+01
p   5   13  4    2  99  1.00000E+00  2.10360E+01
f   5   14  4    2  99  1.00000E+00  2.10260E+01
p   5   14  4    2  99  1.00000E+00  2.10260E+01
f   5   15  4    2  99  1.00000E+00  2.10112E+01
p   5   15  4    2  99  1.00000E+00  2.10112E+01
f   5   16  4    2  99  1.00000E+00  2.10092E+01
p   5   16  4    2  99  1.00000E+00  2.10092E+01
f   5   17  4    2  99  1.00000E+00  2.10004E+01
p   5   17  4    2  99  1.00000E+00  2.10004E+01
f   5    3  4    3  99  2.00000E+00  2.10648E+01
p   5    3  4    3  98  1.32100E+00 -2.68890E+00 -6.73630E-02  3.43350E-03  3.00000E+00  1.67700E+03  1.74400E+03  3.35300E+04
f   5   11  4    3  99  1.00000E+00  2.11215E+01
p   5   11  4    3  99  1.00000E+00  2.11215E+01
f   5    4  4    4  99  2.00000E+00  2.10102E+01
p   5    4  4    4  98  1.32100E+00 -2.68890E+00 -6.73630E-02  3.43350E-03  3.00000E+00  1.67700E+03  1.74400E+03  3.35300E+04
f   5   12  4    4  99  1.00000E+00  2.10285E+01
p   5   12  4    4  99  1.00000E+00  2.10285E+01
f   5    5  4    5  99  2.00000E+00  2.10300E+01
p   5    5  4    5  98  1.32100E+00 -2.68890E+00 -6.73630E-02  3.43350E-03  3.00000E+00  1.67700E+03  1.74400E+03  3.35300E+04
f   5   13  4    5  99  1.00000E+00  2.10360E+01
p   5   13  4    5  99  1.00000E+00  2.10360E+01
f   5    6  4    6  99  2.00000E+00  2.10220E+01
p   5    6  4    6  98  1.32100E+00 -2.68890E+00 -6.73630E-02  3.43350E-03  3.00000E+00  1.67700E+03  1.74400E+03  3.35300E+04
f   5   14  4    6  99  1.00000E+00  2.10260E+01
p   5   14  4    6  99  1.00000E+00  2.10260E+01
f   5    7  4    7  99  2.00000E+00  2.10022E+01
p   5    7  4    7  98  1.32100E+00 -2.68890E+00 -6.73630E-02  3.43350E-03  3.00000E+00  1.67700E+03  1.74400E+03  3.35300E+04
f   5   15  4    7  99  1.00000E+00  2.10112E+01
p   5   15  4    7  99  1.00000E+00  2.10112E+01
f   5    8  4    8  99  2.00000E+00  2.10022E+01
p   5    8  4    8  98  1.32100E+00 -2.68890E+00 -6.73630E-02  3.43350E-03  3.00000E+00  1.67700E+03  1.74400E+03  3.35300E+04
f   5   16  4    8  99  1.00000E+00  2.10092E+01
p   5   16  4    8  99  1.00000E+00  2.10092E+01
f   5    9  4    9  99  2.00000E+00  2.10004E+01
p   5    9  4    9  98  1.32100E+00 -2.68890E+00 -6.73630E-02  3.43350E-03  3.00000E+00  1.67700E+03  1.74400E+03  3.35300E+04
f   5   17  4    9  99  1.00000E+00  2.10004E+01
p   5   17  4    9  99  1.00000E+00  2.10004E+01
f   5   10  4   10  99  1.00000E+00  2.17880E+01
p   5   10  4   10  98  1.32100E+00 -2.68890E+00 -6.73630E-02  3.43350E-03  3.00000E+00  1.67700E+03  1.74400E+03  3.35300E+04
f   5   11  4   11  99  1.00000E+00  2.11215E+01
p   5   11  4   11  98  1.32100E+00 -2.68890E+00 -6.73630E-02  3.43350E-03  3.00000E+00  1.67700E+03  1.74400E+03  3.35300E+04
f   5   12  4   12  99  1.00000E+00  2.10285E+01
p   5   12  4   12  98  1.32100E+00 -2.68890E+00 -6.73630E-02  3.43350E-03  3.00000E+00  1.67700E+03  1.74400E+03  3.35300E+04
f   5   13  4   13  99  1.00000E+00  2.10360E+01
p   5   13  4   13  98  1.32100E+00 -2.68890E+00 -6.73630E-02  3.43350E-03  3.00000E+00  1.67700E+03  1.74400E+03  3.35300E+04
f   5   14  4   14  99  1.00000E+00  2.10260E+01
p   5   14  4   14  98  1.32100E+00 -2.68890E+00 -6.73630E-02  3.43350E-03  3.00000E+00  1.67700E+03  1.74400E+03  3.35300E+04
f   5   15  4   15  99  1.00000E+00  2.10112E+01
p   5   15  4   15  98  1.32100E+00 -2.68890E+00 -6.73630E-02  3.43350E-03  3.00000E+00  1.67700E+03  1.74400E+03  3.35300E+04
f   5   16  4   16  99  1.00000E+00  2.10092E+01
p   5   16  4   16  98  1.32100E+00 -2.68890E+00 -6.73630E-02  3.43350E-03  3.00000E+00  1.67700E+03  1.74400E+03  3.35300E+04
f   5   17  4   17  99  1.00000E+00  2.10004E+01
p   5   17  4   17  98  1.32100E+00 -2.68890E+00 -6.73630E-02  3.43350E-03  3.00000E+00  1.67700E+03  1.74400E+03  3.35300E+04
f   5    1  4   18  99  2.00000E+00  2.25202E+01
p   5    1  4   18  98  1.94580E+00 -2.57250E+00 -1.79020E-01  2.04540E-02  2.00000E+00  7.65300E+03  7.96000E+03  1.53100E+05
f   5   18  4   18  99  4.00000E+00  2.31563E+01
p   5   18  4   18  98  1.32100E+00 -2.68890E+00 -6.73630E-02  3.43350E-03  3.00000E+00  1.67700E+03  1.74400E+03  3.35300E+04
f   5   19  4   18  99  1.00000E+00  2.13040E+01
p   5   19  4   18  99  1.00000E+00  2.13040E+01
f   5   20  4   18  99  1.00000E+00  2.10880E+01
p   5   20  4   18  99  1.00000E+00  2.10880E+01
f   5   21  4   18  99  1.00000E+00  2.10093E+01
p   5   21  4   18  99  1.00000E+00  2.10093E+01
f   5   22  4   18  99  1.00000E+00  2.10390E+01
p   5   22  4   18  99  1.00000E+00  2.10390E+01
f   5   23  4   18  99  1.00000E+00  2.10310E+01
p   5   23  4   18  99  1.00000E+00  2.10310E+01
f   5   24  4   18  99  1.00000E+00  2.10031E+01
p   5   24  4   18  99  1.00000E+00  2.10031E+01
f   5   25  4   18  99  1.00000E+00  2.10031E+01
p   5   25  4   18  99  1.00000E+00  2.10031E+01
f   5   26  4   18  99  1.00000E+00  2.10004E+01
p   5   26  4   18  99  1.00000E+00  2.10004E+01
f   5    2  4   19  99  2.00000E+00  2.12240E+01
p   5    2  4   19  98  1.94580E+00 -2.57250E+00 -1.79020E-01  2.04540E-02  2.00000E+00  7.65300E+03  7.96000E+03  1.53100E+05
f   5   19  4   19  99  3.00000E+00  2.13040E+01
p   5   19  4   19  98  1.32100E+00 -2.68890E+00 -6.73630E-02  3.43350E-03  3.00000E+00  1.67700E+03  1.74400E+03  3.35300E+04
f   5    3  4   20  99  2.00000E+00  2.10648E+01
p   5    3  4   20  98  1.94580E+00 -2.57250E+00 -1.79020E-01  2.04540E-02  2.00000E+00  7.65300E+03  7.96000E+03  1.53100E+05
f   5   20  4   20  99  3.00000E+00  2.10880E+01
p   5   20  4   20  98  1.32100E+00 -2.68890E+00 -6.73630E-02  3.43350E-03  3.00000E+00  1.67700E+03  1.74400E+03  3.35300E+04
f   5    4  4   21  99  2.00000E+00  2.10102E+01
p   5    4  4   21  98  1.94580E+00 -2.57250E+00 -1.79020E-01  2.04540E-02  2.00000E+00  7.65300E+03  7.96000E+03  1.53100E+05
f   5   21  4   21  99  3.00000E+00  2.10093E+01
p   5   21  4   21  98  1.32100E+00 -2.68890E+00 -6.73630E-02  3.43350E-03  3.00000E+00  1.67700E+03  1.74400E+03  3.35300E+04
f   5    5  4   22  99  2.00000E+00  2.10300E+01
p   5    5  4   22  98  1.94580E+00 -2.57250E+00 -1.79020E-01  2.04540E-02  2.00000E+00  7.65300E+03  7.96000E+03  1.53100E+05
f   5   22  4   22  99  3.00000E+00  2.10390E+01
p   5   22  4   22  98  1.32100E+00 -2.68890E+00 -6.73630E-02  3.43350E-03  3.00000E+00  1.67700E+03  1.74400E+03  3.35300E+04
f   5    6  4   23  99  2.00000E+00  2.10220E+01
p   5    6  4   23  98  1.94580E+00 -2.57250E+00 -1.79020E-01  2.04540E-02  2.00000E+00  7.65300E+03  7.96000E+03  1.53100E+05
f   5   23  4   23  99  3.00000E+00  2.10310E+01
p   5   23  4   23  98  1.32100E+00 -2.68890E+00 -6.73630E-02  3.43350E-03  3.00000E+00  1.67700E+03  1.74400E+03  3.35300E+04
f   5    7  4   24  99  2.00000E+00  2.10022E+01
p   5    7  4   24  98  1.94580E+00 -2.57250E+00 -1.79020E-01  2.04540E-02  2.00000E+00  7.65300E+03  7.96000E+03  1.53100E+05
f   5   24  4   24  99  3.00000E+00  2.10031E+01
p   5   24  4   24  98  1.32100E+00 -2.68890E+00 -6.73630E-02  3.43350E-03  3.00000E+00  1.67700E+03  1.74400E+03  3.35300E+04
f   5    8  4   25  99  2.00000E+00  2.10022E+01
p   5    8  4   25  98  1.94580E+00 -2.57250E+00 -1.79020E-01  2.04540E-02  2.00000E+00  7.65300E+03  7.96000E+03  1.53100E+05
f   5   25  4   25  99  3.00000E+00  2.10031E+01
p   5   25  4   25  98  1.32100E+00 -2.68890E+00 -6.73630E-02  3.43350E-03  3.00000E+00  1.67700E+03  1.74400E+03  3.35300E+04
f   5    9  4   26  99  2.00000E+00  2.10004E+01
p   5    9  4   26  98  1.94580E+00 -2.57250E+00 -1.79020E-01  2.04540E-02  2.00000E+00  7.65300E+03  7.96000E+03  1.53100E+05
f   5   26  4   26  99  3.00000E+00  2.10004E+01
p   5   26  4   26  98  1.32100E+00 -2.68890E+00 -6.73630E-02  3.43350E-03  3.00000E+00  1.67700E+03  1.74400E+03  3.35300E+04
a   5   10  4    1   2.10068E+14
a   5   11  4    1   4.25591E+13
a   5   12  4    1   1.39141E+13
a   5   13  4    1   5.64349E+12
a   5   14  4    1   2.61101E+12
a   5   15  4    1   1.33922E+12
a   5   16  4    1   7.43164E+11
a   5   17  4    1   4.38821E+11
a   5   18  4    1   2.55606E+14
a   5   19  4    1   1.28097E+13
a   5   20  4    1   2.97420E+12
a   5   21  4    1   9.64635E+11
a   5   22  4    1   3.86190E+11
a   5   23  4    1   1.78680E+11
a   5   24  4    1   9.16425E+10
a   5   25  4    1   5.08560E+10
a   5   26  4    1   3.00300E+10
a   5   19  4    2   1.27803E+14
a   5   20  4    3   1.27803E+14
a   5   21  4    4   1.27803E+14
a   5   22  4    5   1.27803E+14
a   5   23  4    6   1.27803E+14
a   5   24  4    7   1.27803E+14
a   5   25  4    8   1.27803E+14
a   5   26  4    9   1.27803E+14
b   6    1  6    2  99  8.89460E-02  1.75553E+00 -4.62766E+01  3.53650E+02  2.00000E+01  2.10440E+00  2.10440E+00
b   6    1  6    3  99  4.40008E-01  9.89416E-02 -2.19724E+00  1.93574E+01  3.72341E+00  4.56800E-01  4.56800E-01
b   6    2  6    3  99  7.63402E-02  9.77283E-01 -1.21409E+01  1.43986E+01  2.00000E+01  7.71800E-01  7.71800E-01
b   6    1  6    4  99  4.31940E-01  2.37542E-01 -2.33284E+00  1.85619E+01  3.70069E+00  1.79400E-01  1.79400E-01
b   6    2  6    4  99  8.82643E-02  1.06589E+00  4.30136E+00 -2.44251E+02  2.00000E+01  1.50000E-01  1.50000E-01
b   6    3  6    4  99  1.15502E-01  9.22183E-01 -1.93720E+01  2.08989E+02  2.00000E+01  9.91900E-01  9.91900E-01
b   6    1  6    5  99  4.58155E-01  3.42276E-01 -2.64239E+00  1.96135E+01  3.69365E+00  8.60400E-02  8.60400E-02
b   6    2  6    5  99  1.30048E-01  1.68578E+00 -1.56582E+01  1.45216E+00  2.00000E+01  5.47800E-02  5.47800E-02
b   6    3  6    5  99  1.26940E-01  1.50439E+00 -1.87664E+01  1.25427E+02  2.00000E+01  1.74000E-01  1.74000E-01
b   6    4  6    5  99  2.80905E-01  2.59553E-02  1.71851E+00 -6.21927E-01  2.10965E+00  1.17700E+00  1.17700E+00
b   6    1  6    6  99  4.64597E-01  3.70972E-01 -2.66685E+00  1.98310E+01  3.70280E+00  5.01200E-02  5.01200E-02
b   6    2  6    6  99  1.50459E-01  1.98219E+00 -2.59563E+01  1.38116E+02  2.00000E+01  2.76700E-02  2.76700E-02
b   6    3  6    6  99  1.50108E-01  1.82838E+00 -2.12476E+01  1.52869E+02  2.00000E+01  6.50600E-02  6.50600E-02
b   6    4  6    6  99  1.53618E-01  1.42607E+00 -1.90960E+01  2.03092E+02  2.00000E+01  2.02200E-01  2.02200E-01
b   6    5  6    6  99  2.48779E-01  1.32957E-01  1.36224E+00 -4.34956E-01  2.03774E+00  1.38600E+00  1.38600E+00
b   6    1  6    7  99  4.64088E-01  4.00431E-01 -2.66036E+00  1.95112E+01  3.68689E+00  3.19360E-02  3.19360E-02
b   6    2  6    7  99  1.68171E-01  2.18441E+00 -3.40699E+01  2.53655E+02  2.00000E+01  1.62100E-02  1.62100E-02
b   6    3  6    7  99  1.63153E-01  2.04277E+00 -2.21863E+01  1.59931E+02  2.00000E+01  3.25400E-02  3.25400E-02
b   6    4  6    7  99  1.80679E-01  1.78706E+00 -2.06658E+01  2.25321E+02  2.00000E+01  7.38800E-02  7.38800E-02
b   6    5  6    7  99  3.16696E-01  5.34679E-01  1.75394E+00 -6.47304E-01  2.16094E+00  2.30300E-01  2.30300E-01
b   6    6  6    7  99  2.66521E-01  3.74053E-02  2.20632E+00 -1.11392E+00  2.79875E+00  1.58500E+00  1.58500E+00
b   6    1  6    8  99  4.59933E-01  4.34235E-01 -2.72532E+00  1.94024E+01  3.68997E+00  2.16720E-02  2.16720E-02
b   6    2  6    8  99  1.82579E-01  2.34313E+00 -4.10902E+01  3.55349E+02  2.00000E+01  1.04200E-02  1.04200E-02
b   6    3  6    8  99  1.52810E-01  2.05225E+00 -1.12396E+01 -1.48092E+01  2.00000E+01  1.90200E-02  1.90200E-02
b   6    4  6    8  99  1.60408E-01  2.14304E+00 -1.73864E+01  1.11209E+02  2.00000E+01  3.65500E-02  3.65500E-02
b   6    5  6    8  99  1.76881E-01  1.83074E+00 -1.81482E+01  1.98855E+02  2.00000E+01  8.26500E-02  8.26500E-02
b   6    6  6    8  99  2.96971E-01  6.19720E-01  1.58716E+00 -6.08621E-01  2.14650E+00  2.57300E-01  2.57300E-01
b   6    7  6    8  99  2.49902E-01  9.47777E-02  1.99343E+00 -9.91907E-01  2.78484E+00  1.78200E+00  1.78200E+00
b   6    1  6    9  99  4.60694E-01  4.47984E-01 -2.74425E+00  1.93938E+01  3.68549E+00  1.54000E-02  1.54000E-02
b   6    2  6    9  99  1.91501E-01  2.45617E+00 -4.57425E+01  4.21420E+02  2.00000E+01  7.13400E-03  7.13400E-03
b   6    3  6    9  99  1.61515E-01  2.17461E+00 -1.25950E+01  3.83030E+00  2.00000E+01  1.22400E-02  1.22400E-02
b   6    4  6    9  99  1.73095E-01  2.34983E+00 -1.83571E+01  1.23237E+02  2.00000E+01  2.12600E-02  2.12600E-02
b   6    5  6    9  99  1.96935E-01  2.14084E+00 -1.89934E+01  2.11289E+02  2.00000E+01  4.04900E-02  4.04900E-02
b   6    6  6    9  99  3.35177E-01  1.00667E+00  1.72601E+00 -6.53788E-01  2.17910E+00  9.11300E-02  9.11300E-02
b   6    7  6    9  99  2.77671E-01  6.98971E-01  1.35412E+00 -4.44189E-01  2.10234E+00  2.84200E-01  2.84200E-01
b   6    8  6    9  99  5.18001E-01  7.89211E-02  5.22571E+00 -3.03794E+00  3.39937E+00  9.85600E-01  9.85600E-01
b   6    1  6   10  98  0.00000E+00  0.00000E+00  0.00000E+00  0.00000E+00  0.00000E+00  2.75996E-02  5.51992E-04
b   6    2  6   10  99  8.89460E-02  1.75553E+00 -4.62766E+01  3.53650E+02  2.00000E+01  1.49062E+00  1.49062E+00
b   6    1  6   11  98  0.00000E+00  0.00000E+00  0.00000E+00  0.00000E+00  0.00000E+00  3.80884E-02  7.61769E-04
b   6    2  6   11  99  4.40008E-01  9.89416E-02 -2.19724E+00  1.93574E+01  3.72341E+00  3.42600E-01  3.42600E-01
b   6    3  6   11  99  8.89460E-02  1.75553E+00 -4.62766E+01  3.53650E+02  2.00000E+01  1.57830E+00  1.57830E+00
b   6   10  6   11  99  7.63402E-02  9.77283E-01 -1.21409E+01  1.43986E+01  2.00000E+01  1.54360E+00  1.54360E+00
b   6    1  6   12  98  0.00000E+00  0.00000E+00  0.00000E+00  0.00000E+00  0.00000E+00  5.32442E-02  1.06488E-03
b   6    2  6   12  99  4.31940E-01  2.37542E-01 -2.33284E+00  1.85619E+01  3.70069E+00  1.34550E-01  1.34550E-01
b   6    4  6   12  99  8.89460E-02  1.75553E+00 -4.62766E+01  3.53650E+02  2.00000E+01  1.57830E+00  1.57830E+00
b   6   10  6   12  99  8.82643E-02  1.06589E+00  4.30136E+00 -2.44251E+02  2.00000E+01  3.00000E-01  3.00000E-01
b   6   11  6   12  99  1.15502E-01  9.22183E-01 -1.93720E+01  2.08989E+02  2.00000E+01  9.91900E-01  9.91900E-01
b   6    1  6   13  98  0.00000E+00  0.00000E+00  0.00000E+00  0.00000E+00  0.00000E+00  7.24367E-02  1.44873E-03
b   6    2  6   13  99  4.58155E-01  3.42276E-01 -2.64239E+00  1.96135E+01  3.69365E+00  6.45300E-02  6.45300E-02
b   6    5  6   13  99  8.89460E-02  1.75553E+00 -4.62766E+01  3.53650E+02  2.00000E+01  1.57830E+00  1.57830E+00
b   6   10  6   13  99  1.30048E-01  1.68578E+00 -1.56582E+01  1.45216E+00  2.00000E+01  1.09560E-01  1.09560E-01
b   6   11  6   13  99  1.26940E-01  1.50439E+00 -1.87664E+01  1.25427E+02  2.00000E+01  1.74000E-01  1.74000E-01
b   6   12  6   13  99  2.80905E-01  2.59553E-02  1.71851E+00 -6.21927E-01  2.10965E+00  1.17700E+00  1.17700E+00
b   6    1  6   14  98  0.00000E+00  0.00000E+00  0.00000E+00  0.00000E+00  0.00000E+00  9.52919E-02  1.90584E-03
b   6    2  6   14  99  4.64597E-01  3.70972E-01 -2.66685E+00  1.98310E+01  3.70280E+00  3.75900E-02  3.75900E-02
b   6    6  6   14  99  8.89460E-02  1.75553E+00 -4.62766E+01  3.53650E+02  2.00000E+01  1.57830E+00  1.57830E+00
b   6   10  6   14  99  1.50459E-01  1.98219E+00 -2.59563E+01  1.38116E+02  2.00000E+01  5.53400E-02  5.53400E-02
b   6   11  6   14  99  1.50108E-01  1.82838E+00 -2.12476E+01  1.52869E+02  2.00000E+01  6.50600E-02  6.50600E-02
b   6   12  6   14  99  1.53618E-01  1.42607E+00 -1.90960E+01  2.03092E+02  2.00000E+01  2.02200E-01  2.02200E-01
b   6   13  6   14  99  2.48779E-01  1.32957E-01  1.36224E+00 -4.34956E-01  2.03774E+00  1.38600E+00  1.38600E+00
b   6    1  6   15  98  0.00000E+00  0.00000E+00  0.00000E+00  0.00000E+00  0.00000E+00  1.21754E-01  2.43509E-03
b   6    2  6   15  99  4.64088E-01  4.00431E-01 -2.66036E+00  1.95112E+01  3.68689E+00  2.39520E-02  2.39520E-02
b   6    7  6   15  99  8.89460E-02  1.75553E+00 -4.62766E+01  3.53650E+02  2.00000E+01  1.57830E+00  1.57830E+00
b   6   10  6   15  99  1.68171E-01  2.18441E+00 -3.40699E+01  2.53655E+02  2.00000E+01  3.24200E-02  3.24200E-02
b   6   11  6   15  99  1.63153E-01  2.04277E+00 -2.21863E+01  1.59931E+02  2.00000E+01  3.25400E-02  3.25400E-02
b   6   12  6   15  99  1.80679E-01  1.78706E+00 -2.06658E+01  2.25321E+02  2.00000E+01  7.38800E-02  7.38800E-02
b   6   13  6   15  99  3.16696E-01  5.34679E-01  1.75394E+00 -6.47304E-01  2.16094E+00  2.30300E-01  2.30300E-01
b   6   14  6   15  99  2.66521E-01  3.74053E-02  2.20632E+00 -1.11392E+00  2.79875E+00  1.58500E+00  1.58500E+00
b   6    1  6   16  98  0.00000E+00  0.00000E+00  0.00000E+00  0.00000E+00  0.00000E+00  1.51847E-01  3.03695E-03
b   6    2  6   16  99  4.59933E-01  4.34235E-01 -2.72532E+00  1.94024E+01  3.68997E+00  1.62540E-02  1.62540E-02
b   6    8  6   16  99  8.89460E-02  1.75553E+00 -4.62766E+01  3.53650E+02  2.00000E+01  1.57830E+00  1.57830E+00
b   6   10  6   16  99  1.82579E-01  2.34313E+00 -4.10902E+01  3.55349E+02  2.00000E+01  2.08400E-02  2.08400E-02
b   6   11  6   16  99  1.52810E-01  2.05225E+00 -1.12396E+01 -1.48092E+01  2.00000E+01  1.90200E-02  1.90200E-02
b   6   12  6   16  99  1.60408E-01  2.14304E+00 -1.73864E+01  1.11209E+02  2.00000E+01  3.65500E-02  3.65500E-02
b   6   13  6   16  99  1.76881E-01  1.83074E+00 -1.81482E+01  1.98855E+02  2.00000E+01  8.26500E-02  8.26500E-02
b   6   14  6   16  99  2.96971E-01  6.19720E-01  1.58716E+00 -6.08621E-01  2.14650E+00  2.57300E-01  2.57300E-01
b   6   15  6   16  99  2.49902E-01  9.47777E-02  1.99343E+00 -9.91907E-01  2.78484E+00  1.78200E+00  1.78200E+00
b   6    1  6   17  98  0.00000E+00  0.00000E+00  0.00000E+00  0.00000E+00  0.00000E+00  1.85522E-01  3.71044E-03
b   6    2  6   17  99  4.60694E-01  4.47984E-01 -2.74425E+00  1.93938E+01  3.68549E+00  1.15500E-02  1.15500E-02
b   6    9  6   17  99  8.89460E-02  1.75553E+00 -4.62766E+01  3.53650E+02  2.00000E+01  1.57830E+00  1.57830E+00
b   6   10  6   17  99  1.91501E-01  2.45617E+00 -4.57425E+01  4.21420E+02  2.00000E+01  1.42680E-02  1.42680E-02
b   6   11  6   17  99  1.61515E-01  2.17461E+00 -1.25950E+01  3.83030E+00  2.00000E+01  1.22400E-02  1.22400E-02
b   6   12  6   17  99  1.73095E-01  2.34983E+00 -1.83571E+01  1.23237E+02  2.00000E+01  2.12600E-02  2.12600E-02
b   6   13  6   17  99  1.96935E-01  2.14084E+00 -1.89934E+01  2.11289E+02  2.00000E+01  4.04900E-02  4.04900E-02
b   6   14  6   17  99  3.35177E-01  1.00667E+00  1.72601E+00 -6.53788E-01  2.17910E+00  9.11300E-02  9.11300E-02
b   6   15  6   17  99  2.77671E-01  6.98971E-01  1.35412E+00 -4.44189E-01  2.10234E+00  2.84200E-01  2.84200E-01
b   6   16  6   17  99  5.18001E-01  7.89211E-02  5.22571E+00 -3.03794E+00  3.39937E+00  9.85600E-01  9.85600E-01
b   6    1  6   18  99  2.52452E-01  8.38845E-01 -1.08217E+01  4.43221E+01  5.11854E+00  3.37800E-01  3.37800E-01
b   6    1  6   19  99  1.66439E-01  1.45815E+00 -1.70796E+01  6.35966E+01  6.50720E+00  1.25620E-01  1.25620E-01
b   6    2  6   19  99  2.52452E-01  8.38845E-01 -1.08217E+01  4.43221E+01  5.11854E+00  4.22250E-01  4.22250E-01
b   6   18  6   19  99  8.89460E-02  1.75553E+00 -4.62766E+01  3.53650E+02  2.00000E+01  2.63050E+00  2.63050E+00
b   6    1  6   20  99  1.38777E-01  1.67587E+00 -1.99788E+01  7.30854E+01  7.30729E+00  4.66600E-02  4.66600E-02
b   6    3  6   20  99  2.52452E-01  8.38845E-01 -1.08217E+01  4.43221E+01  5.11854E+00  4.22250E-01  4.22250E-01
b   6   18  6   20  99  4.40008E-01  9.89416E-02 -2.19724E+00  1.93574E+01  3.72341E+00  5.71000E-01  5.71000E-01
b   6   19  6   20  99  7.63402E-02  9.77283E-01 -1.21409E+01  1.43986E+01  2.00000E+01  7.71800E-01  7.71800E-01
b   6    1  6   21  99  1.17985E-01  1.81458E+00 -2.24300E+01  8.15512E+01  8.12636E+00  2.25400E-02  2.25400E-02
b   6    4  6   21  99  2.52452E-01  8.38845E-01 -1.08217E+01  4.43221E+01  5.11854E+00  4.22250E-01  4.22250E-01
b   6   18  6   21  99  4.31940E-01  2.37542E-01 -2.33284E+00  1.85619E+01  3.70069E+00  2.24250E-01  2.24250E-01
b   6   19  6   21  99  8.82643E-02  1.06589E+00  4.30136E+00 -2.44251E+02  2.00000E+01  1.50000E-01  1.50000E-01
b   6   20  6   21  99  1.15502E-01  9.22183E-01 -1.93720E+01  2.08989E+02  2.00000E+01  9.91900E-01  9.91900E-01
b   6    1  6   22  99  1.14032E-01  2.05228E+00 -2.66716E+01  9.80180E+01  8.87736E+00  1.20420E-02  1.20420E-02
b   6    5  6   22  99  2.52452E-01  8.38845E-01 -1.08217E+01  4.43221E+01  5.11854E+00  4.22250E-01  4.22250E-01
b   6   18  6   22  99  4.58155E-01  3.42276E-01 -2.64239E+00  1.96135E+01  3.69365E+00  1.07550E-01  1.07550E-01
b   6   19  6   22  99  1.30048E-01  1.68578E+00 -1.56582E+01  1.45216E+00  2.00000E+01  5.47800E-02  5.47800E-02
b   6   20  6   22  99  1.26940E-01  1.50439E+00 -1.87664E+01  1.25427E+02  2.00000E+01  1.74000E-01  1.74000E-01
b   6   21  6   22  99  2.80905E-01  2.59553E-02  1.71851E+00 -6.21927E-01  2.10965E+00  1.17700E+00  1.17700E+00
b   6    1  6   23  99  1.06376E-01  2.11999E+00 -2.84605E+01  1.04770E+02  9.47998E+00  7.43400E-03  7.43400E-03
b   6    6  6   23  99  2.52452E-01  8.38845E-01 -1.08217E+01  4.43221E+01  5.11854E+00  4.22250E-01  4.22250E-01
b   6   18  6   23  99  4.64597E-01  3.70972E-01 -2.66685E+00  1.98310E+01  3.70280E+00  6.26500E-02  6.26500E-02
b   6   19  6   23  99  1.50459E-01  1.98219E+00 -2.59563E+01  1.38116E+02  2.00000E+01  2.76700E-02  2.76700E-02
b   6   20  6   23  99  1.50108E-01  1.82838E+00 -2.12476E+01  1.52869E+02  2.00000E+01  6.50600E-02  6.50600E-02
b   6   21  6   23  99  1.53618E-01  1.42607E+00 -1.90960E+01  2.03092E+02  2.00000E+01  2.02200E-01  2.02200E-01
b   6   22  6   23  99  2.48779E-01  1.32957E-01  1.36224E+00 -4.34956E-01  2.03774E+00  1.38600E+00  1.38600E+00
b   6    1  6   24  99  1.06616E-01  2.10079E+00 -2.76895E+01  1.00488E+02  9.29236E+00  4.91400E-03  4.91400E-03
b   6    7  6   24  99  2.52452E-01  8.38845E-01 -1.08217E+01  4.43221E+01  5.11854E+00  4.22250E-01  4.22250E-01
b   6   18  6   24  99  4.64088E-01  4.00431E-01 -2.66036E+00  1.95112E+01  3.68689E+00  3.99200E-02  3.99200E-02
b   6   19  6   24  99  1.68171E-01  2.18441E+00 -3.40699E+01  2.53655E+02  2.00000E+01  1.62100E-02  1.62100E-02
b   6   20  6   24  99  1.63153E-01  2.04277E+00 -2.21863E+01  1.59931E+02  2.00000E+01  3.25400E-02  3.25400E-02
b   6   21  6   24  99  1.80679E-01  1.78706E+00 -2.06658E+01  2.25321E+02  2.00000E+01  7.38800E-02  7.38800E-02
b   6   22  6   24  99  3.16696E-01  5.34679E-01  1.75394E+00 -6.47304E-01  2.16094E+00  2.30300E-01  2.30300E-01
b   6   23  6   24  99  2.66521E-01  3.74053E-02  2.20632E+00 -1.11392E+00  2.79875E+00  1.58500E+00  1.58500E+00
b   6    1  6   25  99  1.05322E-01  2.11670E+00 -2.81773E+01  1.02438E+02  9.46538E+00  3.41400E-03  3.41400E-03
b   6    8  6   25  99  2.52452E-01  8.38845E-01 -1.08217E+01  4.43221E+01  5.11854E+00  4.22250E-01  4.22250E-01
b   6   18  6   25  99  4.59933E-01  4.34235E-01 -2.72532E+00  1.94024E+01  3.68997E+00  2.70900E-02  2.70900E-02
b   6   19  6   25  99  1.82579E-01  2.34313E+00 -4.10902E+01  3.55349E+02  2.00000E+01  1.04200E-02  1.04200E-02
b   6   20  6   25  99  1.52810E-01  2.05225E+00 -1.12396E+01 -1.48092E+01  2.00000E+01  1.90200E-02  1.90200E-02
b   6   21  6   25  99  1.60408E-01  2.14304E+00 -1.73864E+01  1.11209E+02  2.00000E+01  3.65500E-02  3.65500E-02
b   6   22  6   25  99  1.76881E-01  1.83074E+00 -1.81482E+01  1.98855E+02  2.00000E+01  8.26500E-02  8.26500E-02
b   6   23  6   25  99  2.96971E-01  6.19720E-01  1.58716E+00 -6.08621E-01  2.14650E+00  2.57300E-01  2.57300E-01
b   6   24  6   25  99  2.49902E-01  9.47777E-02  1.99343E+00 -9.91907E-01  2.78484E+00  1.78200E+00  1.78200E+00
b   6    1  6   26  99  9.99407E-02  2.17827E+00 -3.01354E+01  1.10275E+02  1.01198E+01  2.46600E-03  2.46600E-03
b   6    9  6   26  99  2.52452E-01  8.38845E-01 -1.08217E+01  4.43221E+01  5.11854E+00  4.22250E-01  4.22250E-01
b   6   18  6   26  99  4.60694E-01  4.47984E-01 -2.74425E+00  1.93938E+01  3.68549E+00  1.92500E-02  1.92500E-02
b   6   19  6   26  99  1.91501E-01  2.45617E+00 -4.57425E+01  4.21420E+02  2.00000E+01  7.13400E-03  7.13400E-03
b   6   20  6   26  99  1.61515E-01  2.17461E+00 -1.25950E+01  3.83030E+00  2.00000E+01  1.22400E-02  1.22400E-02
b   6   21  6   26  99  1.73095E-01  2.34983E+00 -1.83571E+01  1.23237E+02  2.00000E+01  2.12600E-02  2.12600E-02
b   6   22  6   26  99  1.96935E-01  2.14084E+00 -1.89934E+01  2.11289E+02  2.00000E+01  4.04900E-02  4.04900E-02
b   6   23  6   26  99  3.35177E-01  1.00667E+00  1.72601E+00 -6.53788E-01  2.17910E+00  9.11300E-02  9.11300E-02
b   6   24  6   26  99  2.77671E-01  6.98971E-01  1.35412E+00 -4.44189E-01  2.10234E+00  2.84200E-01  2.84200E-01
b   6   25  6   26  99  5.18001E-01  7.89211E-02  5.22571E+00 -3.03794E+00  3.39937E+00  9.85600E-01  9.85600E-01
f   6    1  5    1  99  4.00000E+00  2.22183E+01
p   6    1  5    1  98  1.37150E+00 -2.66550E+00 -7.50480E-02  4.75070E-03  4.00000E+00  1.58400E+03  1.64800E+03  3.16800E+04
f   6    2  5    1  99  1.00000E+00  2.03200E+01
p   6    2  5    1  99  1.00000E+00  2.03200E+01
f   6    3  5    1  99  1.00000E+00  2.00926E+01
p   6    3  5    1  99  1.00000E+00  2.00926E+01
f   6    4  5    1  99  1.00000E+00  2.00123E+01
p   6    4  5    1  99  1.00000E+00  2.00123E+01
f   6    5  5    1  99  1.00000E+00  2.00420E+01
p   6    5  5    1  99  1.00000E+00  2.00420E+01
f   6    6  5    1  99  1.00000E+00  2.00320E+01
p   6    6  5    1  99  1.00000E+00  2.00320E+01
f   6    7  5    1  99  1.00000E+00  2.00032E+01
p   6    7  5    1  99  1.00000E+00  2.00032E+01
f   6    8  5    1  99  1.00000E+00  2.00032E+01
p   6    8  5    1  99  1.00000E+00  2.00032E+01
f   6    9  5    1  99  1.00000E+00  2.00005E+01
p   6    9  5    1  99  1.00000E+00  2.00005E+01
f   6    2  5    2  99  3.00000E+00  2.03200E+01
p   6    2  5    2  98  1.37150E+00 -2.66550E+00 -7.50480E-02  4.75070E-03  4.00000E+00  1.58400E+03  1.64800E+03  3.16800E+04
f   6   10  5    2  99  2.00000E+00  2.08840E+01
p   6   10  5    2  99  2.00000E+00  2.08840E+01
f   6   11  5    2  99  1.00000E+00  2.01493E+01
p   6   11  5    2  99  1.00000E+00  2.01493E+01
f   6   12  5    2  99  1.00000E+00  2.00306E+01
p   6   12  5    2  99  1.00000E+00  2.00306E+01
f   6   13  5    2  99  1.00000E+00  2.00480E+01
p   6   13  5    2  99  1.00000E+00  2.00480E+01
f   6   14  5    2  99  1.00000E+00  2.00360E+01
p   6   14  5    2  99  1.00000E+00  2.00360E+01
f   6   15  5    2  99  1.00000E+00  2.00122E+01
p   6   15  5    2  99  1.00000E+00  2.00122E+01
f   6   16  5    2  99  1.00000E+00  2.00102E+01
p   6   16  5    2  99  1.00000E+00  2.00102E+01
f   6   17  5    2  99  1.00000E+00  2.00005E+01
p   6   17  5    2  99  1.00000E+00  2.00005E+01
f   6    3  5    3  99  3.00000E+00  2.00926E+01
p   6    3  5    3  98  1.37150E+00 -2.66550E+00 -7.50480E-02  4.75070E-03  4.00000E+00  1.58400E+03  1.64800E+03  3.16800E+04
f   6   11  5    3  99  1.00000E+00  2.01493E+01
p   6   11  5    3  99  1.00000E+00  2.01493E+01
f   6    4  5    4  99  3.00000E+00  2.00123E+01
p   6    4  5    4  98  1.37150E+00 -2.66550E+00 -7.50480E-02  4.75070E-03  4.00000E+00  1.58400E+03  1.64800E+03  3.16800E+04
f   6   12  5    4  99  1.00000E+00  2.00306E+01
p   6   12  5    4  99  1.00000E+00  2.00306E+01
f   6    5  5    5  99  3.00000E+00  2.00420E+01
p   6    5  5    5  98  1.37150E+00 -2.66550E+00 -7.50480E-02  4.75070E-03  4.00000E+00  1.58400E+03  1.64800E+03  3.16800E+04
f   6   13  5    5  99  1.00000E+00  2.00480E+01
p   6   13  5    5  99  1.00000E+00  2.00480E+01
f   6    6  5    6  99  3.00000E+00  2.00320E+01
p   6    6  5    6  98  1.37150E+00 -2.66550E+00 -7.50480E-02  4.75070E-03  4.00000E+00  1.58400E+03  1.64800E+03  3.16800E+04
f   6   14  5    6  99  1.00000E+00  2.00360E+01
p   6   14  5    6  99  1.00000E+00  2.00360E+01
f   6    7  5    7  99  3.00000E+00  2.00032E+01
p   6    7  5    7  98  1.37150E+00 -2.66550E+00 -7.50480E-02  4.75070E-03  4.00000E+00  1.58400E+03  1.64800E+03  3.16800E+04
f   6   15  5    7  99  1.00000E+00  2.00122E+01
p   6   15  5    7  99  1.00000E+00  2.00122E+01
f   6    8  5    8  99  3.00000E+00  2.00032E+01
p   6    8  5    8  98  1.37150E+00 -2.66550E+00 -7.50480E-02  4.75070E-03  4.00000E+00  1.58400E+03  1.64800E+03  3.16800E+04
f   6   16  5    8  99  1.00000E+00  2.00102E+01
p   6   16  5    8  99  1.00000E+00  2.00102E+01
f   6    9  5    9  99  3.00000E+00  2.00005E+01
p   6    9  5    9  98  1.37150E+00 -2.66550E+00 -7.50480E-02  4.75070E-03  4.00000E+00  1.58400E+03  1.64800E+03  3.16800E+04
f   6   17  5    9  99  1.00000E+00  2.00005E+01
p   6   17  5    9  99  1.00000E+00  2.00005E+01
f   6   10  5   10  99  2.00000E+00  2.08840E+01
p   6   10  5   10  98  1.37150E+00 -2.66550E+00 -7.50480E-02  4.75070E-03  4.00000E+00  1.58400E+03  1.64800E+03  3.16800E+04
f   6   11  5   11  99  2.00000E+00  2.01493E+01
p   6   11  5   11  98  1.37150E+00 -2.66550E+00 -7.50480E-02  4.75070E-03  4.00000E+00  1.58400E+03  1.64800E+03  3.16800E+04
f   6   12  5   12  99  2.00000E+00  2.00306E+01
p   6   12  5   12  98  1.37150E+00 -2.66550E+00 -7.50480E-02  4.75070E-03  4.00000E+00  1.58400E+03  1.64800E+03  3.16800E+04
f   6   13  5   13  99  2.00000E+00  2.00480E+01
p   6   13  5   13  98  1.37150E+00 -2.66550E+00 -7.50480E-02  4.75070E-03  4.00000E+00  1.58400E+03  1.64800E+03  3.16800E+04
f   6   14  5   14  99  2.00000E+00  2.00360E+01
p   6   14  5   14  98  1.37150E+00 -2.66550E+00 -7.50480E-02  4.75070E-03  4.00000E+00  1.58400E+03  1.64800E+03  3.16800E+04
f   6   15  5   15  99  2.00000E+00  2.00122E+01
p   6   15  5   15  98  1.37150E+00 -2.66550E+00 -7.50480E-02  4.75070E-03  4.00000E+00  1.58400E+03  1.64800E+03  3.16800E+04
f   6   16  5   16  99  2.00000E+00  2.00102E+01
p   6   16  5   16  98  1.37150E+00 -2.66550E+00 -7.50480E-02  4.75070E-03  4.00000E+00  1.58400E+03  1.64800E+03  3.16800E+04
f   6   17  5   17  99  2.00000E+00  2.00005E+01
p   6   17  5   17  98  1.37150E+00 -2.66550E+00 -7.50480E-02  4.75070E-03  4.00000E+00  1.58400E+03  1.64800E+03  3.16800E+04
f   6    1  5   18  99  2.00000E+00  2.22183E+01
p   6    1  5   18  98  1.96910E+00 -2.56120E+00 -1.82420E-01  2.07990E-02  2.00000E+00  7.51800E+03  7.81800E+03  1.50400E+05
f   6   18  5   18  99  5.00000E+00  2.28544E+01
p   6   18  5   18  98  1.37150E+00 -2.66550E+00 -7.50480E-02  4.75070E-03  4.00000E+00  1.58400E+03  1.64800E+03  3.16800E+04
f   6   19  5   18  99  1.00000E+00  2.04000E+01
p   6   19  5   18  99  1.00000E+00  2.04000E+01
f   6   20  5   18  99  1.00000E+00  2.01158E+01
p   6   20  5   18  99  1.00000E+00  2.01158E+01
f   6   21  5   18  99  1.00000E+00  2.00114E+01
p   6   21  5   18  99  1.00000E+00  2.00114E+01
f   6   22  5   18  99  1.00000E+00  2.00510E+01
p   6   22  5   18  99  1.00000E+00  2.00510E+01
f   6   23  5   18  99  1.00000E+00  2.00410E+01
p   6   23  5   18  99  1.00000E+00  2.00410E+01
f   6   24  5   18  99  1.00000E+00  2.00041E+01
p   6   24  5   18  99  1.00000E+00  2.00041E+01
f   6   25  5   18  99  1.00000E+00  2.00041E+01
p   6   25  5   18  99  1.00000E+00  2.00041E+01
f   6   26  5   18  99  1.00000E+00  2.00005E+01
p   6   26  5   18  99  1.00000E+00  2.00005E+01
f   6    2  5   19  99  2.00000E+00  2.03200E+01
p   6    2  5   19  98  1.96910E+00 -2.56120E+00 -1.82420E-01  2.07990E-02  2.00000E+00  7.51800E+03  7.81800E+03  1.50400E+05
f   6   19  5   19  99  4.00000E+00  2.04000E+01
p   6   19  5   19  98  1.37150E+00 -2.66550E+00 -7.50480E-02  4.75070E-03  4.00000E+00  1.58400E+03  1.64800E+03  3.16800E+04
f   6    3  5   20  99  2.00000E+00  2.00926E+01
p   6    3  5   20  98  1.96910E+00 -2.56120E+00 -1.82420E-01  2.07990E-02  2.00000E+00  7.51800E+03  7.81800E+03  1.50400E+05
f   6   20  5   20  99  4.00000E+00  2.01158E+01
p   6   20  5   20  98  1.37150E+00 -2.66550E+00 -7.50480E-02  4.75070E-03  4.00000E+00  1.58400E+03  1.64800E+03  3.16800E+04
f   6    4  5   21  99  2.00000E+00  2.00123E+01
p   6    4  5   21  98  1.96910E+00 -2.56120E+00 -1.82420E-01  2.07990E-02  2.00000E+00  7.51800E+03  7.81800E+03  1.50400E+05
f   6   21  5   21  99  4.00000E+00  2.00114E+01
p   6   21  5   21  98  1.37150E+00 -2.66550E+00 -7.50480E-02  4.75070E-03  4.00000E+00  1.58400E+03  1.64800E+03  3.16800E+04
f   6    5  5   22  99  2.00000E+00  2.00420E+01
p   6    5  5   22  98  1.96910E+00 -2.56120E+00 -1.82420E-01  2.07990E-02  2.00000E+00  7.51800E+03  7.81800E+03  1.50400E+05
f   6   22  5   22  99  4.00000E+00  2.00510E+01
p   6   22  5   22  98  1.37150E+00 -2.66550E+00 -7.50480E-02  4.75070E-03  4.00000E+00  1.58400E+03  1.64800E+03  3.16800E+04
f   6    6  5   23  99  2.00000E+00  2.00320E+01
p   6    6  5   23  98  1.96910E+00 -2.56120E+00 -1.82420E-01  2.07990E-02  2.00000E+00  7.51800E+03  7.81800E+03  1.50400E+05
f   6   23  5   23  99  4.00000E+00  2.00410E+01
p   6   23  5   23  98  1.37150E+00 -2.66550E+00 -7.50480E-02  4.75070E-03  4.00000E+00  1.58400E+03  1.64800E+03  3.16800E+04
f   6    7  5   24  99  2.00000E+00  2.00032E+01
p   6    7  5   24  98  1.96910E+00 -2.56120E+00 -1.82420E-01  2.07990E-02  2.00000E+00  7.51800E+03  7.81800E+03  1.50400E+05
f   6   24  5   24  99  4.00000E+00  2.00041E+01
p   6   24  5   24  98  1.37150E+00 -2.66550E+00 -7.50480E-02  4.75070E-03  4.00000E+00  1.58400E+03  1.64800E+03  3.16800E+04
f   6    8  5   25  99  2.00000E+00  2.00032E+01
p   6    8  5   25  98  1.96910E+00 -2.56120E+00 -1.82420E-01  2.07990E-02  2.00000E+00  7.51800E+03  7.81800E+03  1.50400E+05
f   6   25  5   25  99  4.00000E+00  2.00041E+01
p   6   25  5   25  98  1.37150E+00 -2.66550E+00 -7.50480E-02  4.75070E-03  4.00000E+00  1.58400E+03  1.64800E+03  3.16800E+04
f   6    9  5   26  99  2.00000E+00  2.00005E+01
p   6    9  5   26  98  1.96910E+00 -2.56120E+00 -1.82420E-01  2.07990E-02  2.00000E+00  7.51800E+03  7.81800E+03  1.50400E+05
f   6   26  5   26  99  4.00000E+00  2.00005E+01
p   6   26  5   26  98  1.37150E+00 -2.66550E+00 -7.50480E-02  4.75070E-03  4.00000E+00  1.58400E+03  1.64800E+03  3.16800E+04
a   6   10  5    1   1.67054E+14
a   6   11  5    1   3.36465E+13
a   6   12  5    1   1.09487E+13
a   6   13  5    1   4.43070E+12
a   6   14  5    1   2.04993E+12
a   6   15  5    1   1.05142E+12
a   6   16  5    1   5.83470E+11
a   6   17  5    1   3.44520E+11
a   6   18  5    1   4.03230E+14
a   6   19  5    1   1.55124E+13
a   6   20  5    1   3.58960E+12
a   6   21  5    1   1.14670E+12
a   6   22  5    1   4.57360E+11
a   6   23  5    1   2.11600E+11
a   6   24  5    1   1.08534E+11
a   6   25  5    1   6.02300E+10
a   6   26  5    1   3.55640E+10
a   6   19  5    2   2.41938E+14
a   6   20  5    3   2.41938E+14
a   6   21  5    4   2.41938E+14
a   6   22  5    5   2.41938E+14
a   6   23  5    6   2.41938E+14
a   6   24  5    7   2.41938E+14
a   6   25  5    8   2.41938E+14
a   6   26  5    9   2.41938E+14
b   7    1  7    2  99  9.50747E-02  1.77243E+00 -4.85288E+01  3.96095E+02  2.00000E+01  2.50300E+00  2.50300E+00
b   7    1  7    3  99  3.06339E-01  4.96729E-01 -3.66644E+00  1.79607E+01  3.92884E+00  5.65500E-01  5.65500E-01
b   7    2  7    3  99  9.34101E-02  1.08886E+00 -2.15579E+01  1.65824E+02  2.00000E+01  7.53100E-01  7.53100E-01
b   7    1  7    4  99  4.28814E-01  2.03275E-01 -2.24998E+00  1.84657E+01  3.70289E+00  2.24800E-01  2.24800E-01
b   7    2  7    4  99  1.01458E-01  1.27956E+00 -9.49227E+00 -4.83932E+01  2.00000E+01  1.49000E-01  1.49000E-01
b   7    3  7    4  99  1.14232E-01  9.15473E-01 -1.86063E+01  1.98968E+02  2.00000E+01  9.80200E-01  9.80200E-01
b   7    1  7    5  99  4.64628E-01  2.76058E-01 -2.51060E+00  1.99283E+01  3.70540E+00  1.08050E-01  1.08050E-01
b   7    2  7    5  99  1.20862E-01  1.53020E+00 -7.00196E+00 -1.11674E+02  2.00000E+01  5.46400E-02  5.46400E-02
b   7    3  7    5  99  1.24820E-01  1.48441E+00 -1.72813E+01  1.06815E+02  2.00000E+01  1.72700E-01  1.72700E-01
b   7    4  7    5  99  2.75622E-01  4.93804E-02  1.65898E+00 -5.97438E-01  2.10257E+00  1.16800E+00  1.16800E+00
b   7    1  7    6  99  4.62233E-01  3.25343E-01 -2.57337E+00  1.97031E+01  3.69638E+00  6.31000E-02  6.31000E-02
b   7    2  7    6  99  1.45080E-01  1.82508E+00 -1.83776E+01  4.62791E+01  2.00000E+01  2.77100E-02  2.77100E-02
b   7    3  7    6  99  1.46376E-01  1.81466E+00 -2.01186E+01  1.38034E+02  2.00000E+01  6.48200E-02  6.48200E-02
b   7    4  7    6  99  1.53463E-01  1.41807E+00 -1.84673E+01  1.97347E+02  2.00000E+01  2.01100E-01  2.01100E-01
b   7    5  7    6  99  2.43870E-01  1.55821E-01  1.29773E+00 -3.97775E-01  2.02136E+00  1.38000E+00  1.38000E+00
b   7    1  7    7  99  4.58286E-01  3.62528E-01 -2.60709E+00  1.93994E+01  3.68771E+00  4.03050E-02  4.03050E-02
b   7    2  7    7  99  1.48242E-01  1.97342E+00 -2.07174E+01  6.36512E+01  2.00000E+01  1.62600E-02  1.62600E-02
b   7    3  7    7  99  1.59079E-01  2.02756E+00 -2.11486E+01  1.46329E+02  2.00000E+01  3.25000E-02  3.25000E-02
b   7    4  7    7  99  1.78112E-01  1.78286E+00 -1.98464E+01  2.13507E+02  2.00000E+01  7.35900E-02  7.35900E-02
b   7    5  7    7  99  3.11723E-01  5.56114E-01  1.70648E+00 -6.24543E-01  2.15905E+00  2.29300E-01  2.29300E-01
b   7    6  7    7  99  2.62680E-01  5.66678E-02  2.15462E+00 -1.09463E+00  2.79818E+00  1.58100E+00  1.58100E+00
b   7    1  7    8  99  4.58987E-01  3.79145E-01 -2.62800E+00  1.94461E+01  3.69351E+00  2.73800E-02  2.73800E-02
b   7    2  7    8  99  1.57200E-01  2.09077E+00 -2.45853E+01  1.16687E+02  2.00000E+01  1.04700E-02  1.04700E-02
b   7    3  7    8  99  1.69058E-01  2.16804E+00 -2.16028E+01  1.51401E+02  2.00000E+01  1.90200E-02  1.90200E-02
b   7    4  7    8  99  1.91947E-01  2.05351E+00 -2.03840E+01  2.14211E+02  2.00000E+01  3.64500E-02  3.64500E-02
b   7    5  7    8  99  1.73365E-01  1.83617E+00 -1.75410E+01  1.87450E+02  2.00000E+01  8.23700E-02  8.23700E-02
b   7    6  7    8  99  2.92958E-01  6.38014E-01  1.53954E+00 -5.60916E-01  2.14530E+00  2.56600E-01  2.56600E-01
b   7    7  7    8  99  2.46203E-01  1.14066E-01  1.93172E+00 -9.53262E-01  2.77292E+00  1.77900E+00  1.77900E+00
b   7    1  7    9  99  4.63401E-01  3.79584E-01 -2.60146E+00  1.95271E+01  3.69529E+00  1.94700E-02  1.94700E-02
b   7    2  7    9  99  1.65579E-01  2.18916E+00 -2.83610E+01  1.69952E+02  2.00000E+01  7.17600E-03  7.17600E-03
b   7    3  7    9  99  1.75371E-01  2.27575E+00 -2.18496E+01  1.52302E+02  2.00000E+01  1.22600E-02  1.22600E-02
b   7    4  7    9  99  1.71708E-01  2.33616E+00 -1.77491E+01  1.18420E+02  2.00000E+01  2.12200E-02  2.12200E-02
b   7    5  7    9  99  1.97543E-01  2.13020E+00 -1.86358E+01  2.11372E+02  2.00000E+01  4.03800E-02  4.03800E-02
b   7    6  7    9  99  3.32353E-01  1.01734E+00  1.72911E+00 -6.71770E-01  2.20190E+00  9.09000E-02  9.09000E-02
b   7    7  7    9  99  3.07720E-01  5.66818E-01  2.33809E+00 -1.13523E+00  2.92974E+00  2.83500E-01  2.83500E-01
b   7    8  7    9  99  5.08700E-01  1.16219E-01  5.05107E+00 -2.93854E+00  3.37055E+00  9.89200E-01  9.89200E-01
b   7    1  7   10  98  0.00000E+00  0.00000E+00  0.00000E+00  0.00000E+00  0.00000E+00  5.77504E-02  1.15501E-03
b   7    2  7   10  99  9.50747E-02  1.77243E+00 -4.85288E+01  3.96095E+02  2.00000E+01  1.89116E+00  1.89116E+00
b   7    1  7   11  98  0.00000E+00  0.00000E+00  0.00000E+00  0.00000E+00  0.00000E+00  8.10604E-02  1.62121E-03
b   7    2  7   11  99  3.06339E-01  4.96729E-01 -3.66644E+00  1.79607E+01  3.92884E+00  4.52400E-01  4.52400E-01
b   7    3  7   11  99  9.50747E-02  1.77243E+00 -4.85288E+01  3.96095E+02  2.00000E+01  2.00240E+00  2.00240E+00
b   7   10  7   11  99  9.34101E-02  1.08886E+00 -2.15579E+01  1.65824E+02  2.00000E+01  1.50620E+00  1.50620E+00
b   7    1  7   12  98  0.00000E+00  0.00000E+00  0.00000E+00  0.00000E+00  0.00000E+00  1.13757E-01  2.27515E-03
b   7    2  7   12  99  4.28814E-01  2.03275E-01 -2.24998E+00  1.84657E+01  3.70289E+00  1.79840E-01  1.79840E-01
b   7    4  7   12  99  9.50747E-02  1.77243E+00 -4.85288E+01  3.96095E+02  2.00000E+01  2.00240E+00  2.00240E+00
b   7   10  7   12  99  1.01458E-01  1.27956E+00 -9.49227E+00 -4.83932E+01  2.00000E+01  2.98000E-01  2.98000E-01
b   7   11  7   12  99  1.14232E-01  9.15473E-01 -1.86063E+01  1.98968E+02  2.00000E+01  9.80200E-01  9.80200E-01
b   7    1  7   13  98  0.00000E+00  0.00000E+00  0.00000E+00  0.00000E+00  0.00000E+00  1.55154E-01  3.10308E-03
b   7    2  7   13  99  4.64628E-01  2.76058E-01 -2.51060E+00  1.99283E+01  3.70540E+00  8.64400E-02  8.64400E-02
b   7    5  7   13  99  9.50747E-02  1.77243E+00 -4.85288E+01  3.96095E+02  2.00000E+01  2.00240E+00  2.00240E+00
b   7   10  7   13  99  1.20862E-01  1.53020E+00 -7.00196E+00 -1.11674E+02  2.00000E+01  1.09280E-01  1.09280E-01
b   7   11  7   13  99  1.24820E-01  1.48441E+00 -1.72813E+01  1.06815E+02  2.00000E+01  1.72700E-01  1.72700E-01
b   7   12  7   13  99  2.75622E-01  4.93804E-02  1.65898E+00 -5.97438E-01  2.10257E+00  1.16800E+00  1.16800E+00
b   7    1  7   14  98  0.00000E+00  0.00000E+00  0.00000E+00  0.00000E+00  0.00000E+00  2.04380E-01  4.08759E-03
b   7    2  7   14  99  4.62233E-01  3.25343E-01 -2.57337E+00  1.97031E+01  3.69638E+00  5.04800E-02  5.04800E-02
b   7    6  7   14  99  9.50747E-02  1.77243E+00 -4.85288E+01  3.96095E+02  2.00000E+01  2.00240E+00  2.00240E+00
b   7   10  7   14  99  1.45080E-01  1.82508E+00 -1.83776E+01  4.62791E+01  2.00000E+01  5.54200E-02  5.54200E-02
b   7   11  7   14  99  1.46376E-01  1.81466E+00 -2.01186E+01  1.38034E+02  2.00000E+01  6.48200E-02  6.48200E-02
b   7   12  7   14  99  1.53463E-01  1.41807E+00 -1.84673E+01  1.97347E+02  2.00000E+01  2.01100E-01  2.01100E-01
b   7   13  7   14  99  2.43870E-01  1.55821E-01  1.29773E+00 -3.97775E-01  2.02136E+00  1.38000E+00  1.38000E+00
b   7    1  7   15  98  0.00000E+00  0.00000E+00  0.00000E+00  0.00000E+00  0.00000E+00  2.61343E-01  5.22687E-03
b   7    2  7   15  99  4.58286E-01  3.62528E-01 -2.60709E+00  1.93994E+01  3.68771E+00  3.22440E-02  3.22440E-02
b   7    7  7   15  99  9.50747E-02  1.77243E+00 -4.85288E+01  3.96095E+02  2.00000E+01  2.00240E+00  2.00240E+00
b   7   10  7   15  99  1.48242E-01  1.97342E+00 -2.07174E+01  6.36512E+01  2.00000E+01  3.25200E-02  3.25200E-02
b   7   11  7   15  99  1.59079E-01  2.02756E+00 -2.11486E+01  1.46329E+02  2.00000E+01  3.25000E-02  3.25000E-02
b   7   12  7   15  99  1.78112E-01  1.78286E+00 -1.98464E+01  2.13507E+02  2.00000E+01  7.35900E-02  7.35900E-02
b   7   13  7   15  99  3.11723E-01  5.56114E-01  1.70648E+00 -6.24543E-01  2.15905E+00  2.29300E-01  2.29300E-01
b   7   14  7   15  99  2.62680E-01  5.66678E-02  2.15462E+00 -1.09463E+00  2.79818E+00  1.58100E+00  1.58100E+00
b   7    1  7   16  98  0.00000E+00  0.00000E+00  0.00000E+00  0.00000E+00  0.00000E+00  3.26130E-01  6.52259E-03
b   7    2  7   16  99  4.58987E-01  3.79145E-01 -2.62800E+00  1.94461E+01  3.69351E+00  2.19040E-02  2.19040E-02
b   7    8  7   16  99  9.50747E-02  1.77243E+00 -4.85288E+01  3.96095E+02  2.00000E+01  2.00240E+00  2.00240E+00
b   7   10  7   16  99  1.57200E-01  2.09077E+00 -2.45853E+01  1.16687E+02  2.00000E+01  2.09400E-02  2.09400E-02
b   7   11  7   16  99  1.69058E-01  2.16804E+00 -2.16028E+01  1.51401E+02  2.00000E+01  1.90200E-02  1.90200E-02
b   7   12  7   16  99  1.91947E-01  2.05351E+00 -2.03840E+01  2.14211E+02  2.00000E+01  3.64500E-02  3.64500E-02
b   7   13  7   16  99  1.73365E-01  1.83617E+00 -1.75410E+01  1.87450E+02  2.00000E+01  8.23700E-02  8.23700E-02
b   7   14  7   16  99  2.92958E-01  6.38014E-01  1.53954E+00 -5.60916E-01  2.14530E+00  2.56600E-01  2.56600E-01
b   7   15  7   16  99  2.46203E-01  1.14066E-01  1.93172E+00 -9.53262E-01  2.77292E+00  1.77900E+00  1.77900E+00
b   7    1  7   17  98  0.00000E+00  0.00000E+00  0.00000E+00  0.00000E+00  0.00000E+00  3.98618E-01  7.97237E-03
b   7    2  7   17  99  4.63401E-01  3.79584E-01 -2.60146E+00  1.95271E+01  3.69529E+00  1.55760E-02  1.55760E-02
b   7    9  7   17  99  9.50747E-02  1.77243E+00 -4.85288E+01  3.96095E+02  2.00000E+01  2.00240E+00  2.00240E+00
b   7   10  7   17  99  1.65579E-01  2.18916E+00 -2.83610E+01  1.69952E+02  2.00000E+01  1.43520E-02  1.43520E-02
b   7   11  7   17  99  1.75371E-01  2.27575E+00 -2.18496E+01  1.52302E+02  2.00000E+01  1.22600E-02  1.22600E-02
b   7   12  7   17  99  1.71708E-01  2.33616E+00 -1.77491E+01  1.18420E+02  2.00000E+01  2.12200E-02  2.12200E-02
b   7   13  7   17  99  1.97543E-01  2.13020E+00 -1.86358E+01  2.11372E+02  2.00000E+01  4.03800E-02  4.03800E-02
b   7   14  7   17  99  3.32353E-01  1.01734E+00  1.72911E+00 -6.71770E-01  2.20190E+00  9.09000E-02  9.09000E-02
b   7   15  7   17  99  3.07720E-01  5.66818E-01  2.33809E+00 -1.13523E+00  2.92974E+00  2.83500E-01  2.83500E-01
b   7   16  7   17  99  5.08700E-01  1.16219E-01  5.05107E+00 -2.93854E+00  3.37055E+00  9.89200E-01  9.89200E-01
b   7    1  7   18  99  2.59154E-01  8.09212E-01 -1.05375E+01  4.34473E+01  5.05396E+00  2.46150E-01  2.46150E-01
b   7    1  7   19  99  1.80302E-01  1.37505E+00 -1.59350E+01  5.94469E+01  6.20112E+00  1.19500E-01  1.19500E-01
b   7    2  7   19  99  2.59154E-01  8.09212E-01 -1.05375E+01  4.34473E+01  5.05396E+00  3.28200E-01  3.28200E-01
b   7   18  7   19  99  9.50747E-02  1.77243E+00 -4.85288E+01  3.96095E+02  2.00000E+01  3.00360E+00  3.00360E+00
b   7    1  7   20  99  1.48425E-01  1.59658E+00 -1.87244E+01  6.84892E+01  6.95079E+00  4.43400E-02  4.43400E-02
b   7    3  7   20  99  2.59154E-01  8.09212E-01 -1.05375E+01  4.34473E+01  5.05396E+00  3.28200E-01  3.28200E-01
b   7   18  7   20  99  3.06339E-01  4.96729E-01 -3.66644E+00  1.79607E+01  3.92884E+00  6.78600E-01  6.78600E-01
b   7   19  7   20  99  9.34101E-02  1.08886E+00 -2.15579E+01  1.65824E+02  2.00000E+01  7.53100E-01  7.53100E-01
b   7    1  7   21  99  1.28221E-01  1.74303E+00 -2.15042E+01  7.97935E+01  7.80084E+00  2.14200E-02  2.14200E-02
b   7    4  7   21  99  2.59154E-01  8.09212E-01 -1.05375E+01  4.34473E+01  5.05396E+00  3.28200E-01  3.28200E-01
b   7   18  7   21  99  4.28814E-01  2.03275E-01 -2.24998E+00  1.84657E+01  3.70289E+00  2.69760E-01  2.69760E-01
b   7   19  7   21  99  1.01458E-01  1.27956E+00 -9.49227E+00 -4.83932E+01  2.00000E+01  1.49000E-01  1.49000E-01
b   7   20  7   21  99  1.14232E-01  9.15473E-01 -1.86063E+01  1.98968E+02  2.00000E+01  9.80200E-01  9.80200E-01
b   7    1  7   22  99  1.26827E-01  1.92603E+00 -2.40699E+01  8.85341E+01  8.08990E+00  1.14280E-02  1.14280E-02
b   7    5  7   22  99  2.59154E-01  8.09212E-01 -1.05375E+01  4.34473E+01  5.05396E+00  3.28200E-01  3.28200E-01
b   7   18  7   22  99  4.64628E-01  2.76058E-01 -2.51060E+00  1.99283E+01  3.70540E+00  1.29660E-01  1.29660E-01
b   7   19  7   22  99  1.20862E-01  1.53020E+00 -7.00196E+00 -1.11674E+02  2.00000E+01  5.46400E-02  5.46400E-02
b   7   20  7   22  99  1.24820E-01  1.48441E+00 -1.72813E+01  1.06815E+02  2.00000E+01  1.72700E-01  1.72700E-01
b   7   21  7   22  99  2.75622E-01  4.93804E-02  1.65898E+00 -5.97438E-01  2.10257E+00  1.16800E+00  1.16800E+00
b   7    1  7   23  99  1.19669E-01  1.98493E+00 -2.55015E+01  9.45525E+01  8.53897E+00  7.05200E-03  7.05200E-03
b   7    6  7   23  99  2.59154E-01  8.09212E-01 -1.05375E+01  4.34473E+01  5.05396E+00  3.28200E-01  3.28200E-01
b   7   18  7   23  99  4.62233E-01  3.25343E-01 -2.57337E+00  1.97031E+01  3.69638E+00  7.57200E-02  7.57200E-02
b   7   19  7   23  99  1.45080E-01  1.82508E+00 -1.83776E+01  4.62791E+01  2.00000E+01  2.77100E-02  2.77100E-02
b   7   20  7   23  99  1.46376E-01  1.81466E+00 -2.01186E+01  1.38034E+02  2.00000E+01  6.48200E-02  6.48200E-02
b   7   21  7   23  99  1.53463E-01  1.41807E+00 -1.84673E+01  1.97347E+02  2.00000E+01  2.01100E-01  2.01100E-01
b   7   22  7   23  99  2.43870E-01  1.55821E-01  1.29773E+00 -3.97775E-01  2.02136E+00  1.38000E+00  1.38000E+00
b   7    1  7   24  99  1.15755E-01  2.01898E+00 -2.63913E+01  9.83069E+01  8.82573E+00  4.65800E-03  4.65800E-03
b   7    7  7   24  99  2.59154E-01  8.09212E-01 -1.05375E+01  4.34473E+01  5.05396E+00  3.28200E-01  3.28200E-01
b   7   18  7   24  99  4.58286E-01  3.62528E-01 -2.60709E+00  1.93994E+01  3.68771E+00  4.83660E-02  4.83660E-02
b   7   19  7   24  99  1.48242E-01  1.97342E+00 -2.07174E+01  6.36512E+01  2.00000E+01  1.62600E-02  1.62600E-02
b   7   20  7   24  99  1.59079E-01  2.02756E+00 -2.11486E+01  1.46329E+02  2.00000E+01  3.25000E-02  3.25000E-02
b   7   21  7   24  99  1.78112E-01  1.78286E+00 -1.98464E+01  2.13507E+02  2.00000E+01  7.35900E-02  7.35900E-02
b   7   22  7   24  99  3.11723E-01  5.56114E-01  1.70648E+00 -6.24543E-01  2.15905E+00  2.29300E-01  2.29300E-01
b   7   23  7   24  99  2.62680E-01  5.66678E-02  2.15462E+00 -1.09463E+00  2.79818E+00  1.58100E+00  1.58100E+00
b   7    1  7   25  99  1.15893E-01  2.00162E+00 -2.57461E+01  9.46997E+01  8.66727E+00  3.23600E-03  3.23600E-03
b   7    8  7   25  99  2.59154E-01  8.09212E-01 -1.05375E+01  4.34473E+01  5.05396E+00  3.28200E-01  3.28200E-01
b   7   18  7   25  99  4.58987E-01  3.79145E-01 -2.62800E+00  1.94461E+01  3.69351E+00  3.28560E-02  3.28560E-02
b   7   19  7   25  99  1.57200E-01  2.09077E+00 -2.45853E+01  1.16687E+02  2.00000E+01  1.04700E-02  1.04700E-02
b   7   20  7   25  99  1.69058E-01  2.16804E+00 -2.16028E+01  1.51401E+02  2.00000E+01  1.90200E-02  1.90200E-02
b   7   21  7   25  99  1.91947E-01  2.05351E+00 -2.03840E+01  2.14211E+02  2.00000E+01  3.64500E-02  3.64500E-02
b   7   22  7   25  99  1.73365E-01  1.83617E+00 -1.75410E+01  1.87450E+02  2.00000E+01  8.23700E-02  8.23700E-02
b   7   23  7   25  99  2.92958E-01  6.38014E-01  1.53954E+00 -5.60916E-01  2.14530E+00  2.56600E-01  2.56600E-01
b   7   24  7   25  99  2.46203E-01  1.14066E-01  1.93172E+00 -9.53262E-01  2.77292E+00  1.77900E+00  1.77900E+00
b   7    1  7   26  99  1.16526E-01  1.99092E+00 -2.54163E+01  9.30293E+01  8.58552E+00  2.33600E-03  2.33600E-03
b   7    9  7   26  99  2.59154E-01  8.09212E-01 -1.05375E+01  4.34473E+01  5.05396E+00  3.28200E-01  3.28200E-01
b   7   18  7   26  99  4.63401E-01  3.79584E-01 -2.60146E+00  1.95271E+01  3.69529E+00  2.33640E-02  2.33640E-02
b   7   19  7   26  99  1.65579E-01  2.18916E+00 -2.83610E+01  1.69952E+02  2.00000E+01  7.17600E-03  7.17600E-03
b   7   20  7   26  99  1.75371E-01  2.27575E+00 -2.18496E+01  1.52302E+02  2.00000E+01  1.22600E-02  1.22600E-02
b   7   21  7   26  99  1.71708E-01  2.33616E+00 -1.77491E+01  1.18420E+02  2.00000E+01  2.12200E-02  2.12200E-02
b   7   22  7   26  99  1.97543E-01  2.13020E+00 -1.86358E+01  2.11372E+02  2.00000E+01  4.03800E-02  4.03800E-02
b   7   23  7   26  99  3.32353E-01  1.01734E+00  1.72911E+00 -6.71770E-01  2.20190E+00  9.09000E-02  9.09000E-02
b   7   24  7   26  99  3.07720E-01  5.66818E-01  2.33809E+00 -1.13523E+00  2.92974E+00  2.83500E-01  2.83500E-01
b   7   25  7   26  99  5.08700E-01  1.16219E-01  5.05107E+00 -2.93854E+00  3.37055E+00  9.89200E-01  9.89200E-01
f   7    1  6    1  99  5.00000E+00  2.19164E+01
p   7    1  6    1  98  1.41990E+00 -2.64240E+00 -7.98030E-02  5.25850E-03  5.00000E+00  1.49400E+03  1.55300E+03  2.98700E+04
f   7    2  6    1  99  1.00000E+00  1.94160E+01
p   7    2  6    1  99  1.00000E+00  1.94160E+01
f   7    3  6    1  99  1.00000E+00  1.91204E+01
p   7    3  6    1  99  1.00000E+00  1.91204E+01
f   7    4  6    1  99  1.00000E+00  1.90144E+01
p   7    4  6    1  99  1.00000E+00  1.90144E+01
f   7    5  6    1  99  1.00000E+00  1.90540E+01
p   7    5  6    1  99  1.00000E+00  1.90540E+01
f   7    6  6    1  99  1.00000E+00  1.90420E+01
p   7    6  6    1  99  1.00000E+00  1.90420E+01
f   7    7  6    1  99  1.00000E+00  1.90042E+01
p   7    7  6    1  99  1.00000E+00  1.90042E+01
f   7    8  6    1  99  1.00000E+00  1.90042E+01
p   7    8  6    1  99  1.00000E+00  1.90042E+01
f   7    9  6    1  99  1.00000E+00  1.90006E+01
p   7    9  6    1  99  1.00000E+00  1.90006E+01
f   7    2  6    2  99  4.00000E+00  1.94160E+01
p   7    2  6    2  98  1.41990E+00 -2.64240E+00 -7.98030E-02  5.25850E-03  5.00000E+00  1.49400E+03  1.55300E+03  2.98700E+04
f   7   10  6    2  99  2.00000E+00  1.99800E+01
p   7   10  6    2  99  2.00000E+00  1.99800E+01
f   7   11  6    2  99  1.00000E+00  1.91771E+01
p   7   11  6    2  99  1.00000E+00  1.91771E+01
f   7   12  6    2  99  1.00000E+00  1.90327E+01
p   7   12  6    2  99  1.00000E+00  1.90327E+01
f   7   13  6    2  99  1.00000E+00  1.90600E+01
p   7   13  6    2  99  1.00000E+00  1.90600E+01
f   7   14  6    2  99  1.00000E+00  1.90460E+01
p   7   14  6    2  99  1.00000E+00  1.90460E+01
f   7   15  6    2  99  1.00000E+00  1.90132E+01
p   7   15  6    2  99  1.00000E+00  1.90132E+01
f   7   16  6    2  99  1.00000E+00  1.90112E+01
p   7   16  6    2  99  1.00000E+00  1.90112E+01
f   7   17  6    2  99  1.00000E+00  1.90006E+01
p   7   17  6    2  99  1.00000E+00  1.90006E+01
f   7    3  6    3  99  4.00000E+00  1.91204E+01
p   7    3  6    3  98  1.41990E+00 -2.64240E+00 -7.98030E-02  5.25850E-03  5.00000E+00  1.49400E+03  1.55300E+03  2.98700E+04
f   7   11  6    3  99  1.00000E+00  1.91771E+01
p   7   11  6    3  99  1.00000E+00  1.91771E+01
f   7    4  6    4  99  4.00000E+00  1.90144E+01
p   7    4  6    4  98  1.41990E+00 -2.64240E+00 -7.98030E-02  5.25850E-03  5.00000E+00  1.49400E+03  1.55300E+03  2.98700E+04
f   7   12  6    4  99  1.00000E+00  1.90327E+01
p   7   12  6    4  99  1.00000E+00  1.90327E+01
f   7    5  6    5  99  4.00000E+00  1.90540E+01
p   7    5  6    5  98  1.41990E+00 -2.64240E+00 -7.98030E-02  5.25850E-03  5.00000E+00  1.49400E+03  1.55300E+03  2.98700E+04
f   7   13  6    5  99  1.00000E+00  1.90600E+01
p   7   13  6    5  99  1.00000E+00  1.90600E+01
f   7    6  6    6  99  4.00000E+00  1.90420E+01
p   7    6  6    6  98  1.41990E+00 -2.64240E+00 -7.98030E-02  5.25850E-03  5.00000E+00  1.49400E+03  1.55300E+03  2.98700E+04
f   7   14  6    6  99  1.00000E+00  1.90460E+01
p   7   14  6    6  99  1.00000E+00  1.90460E+01
f   7    7  6    7  99  4.00000E+00  1.90042E+01
p   7    7  6    7  98  1.41990E+00 -2.64240E+00 -7.98030E-02  5.25850E-03  5.00000E+00  1.49400E+03  1.55300E+03  2.98700E+04
f   7   15  6    7  99  1.00000E+00  1.90132E+01
p   7   15  6    7  99  1.00000E+00  1.90132E+01
f   7    8  6    8  99  4.00000E+00  1.90042E+01
p   7    8  6    8  98  1.41990E+00 -2.64240E+00 -7.98030E-02  5.25850E-03  5.00000E+00  1.49400E+03  1.55300E+03  2.98700E+04
f   7   16  6    8  99  1.00000E+00  1.90112E+01
p   7   16  6    8  99  1.00000E+00  1.90112E+01
f   7    9  6    9  99  4.00000E+00  1.90006E+01
p   7    9  6    9  98  1.41990E+00 -2.64240E+00 -7.98030E-02  5.25850E-03  5.00000E+00  1.49400E+03  1.55300E+03  2.98700E+04
f   7   17  6    9  99  1.00000E+00  1.90006E+01
p   7   17  6    9  99  1.00000E+00  1.90006E+01
f   7   10  6   10  99  3.00000E+00  1.99800E+01
p   7   10  6   10  98  1.41990E+00 -2.64240E+00 -7.98030E-02  5.25850E-03  5.00000E+00  1.49400E+03  1.55300E+03  2.98700E+04
f   7   11  6   11  99  3.00000E+00  1.91771E+01
p   7   11  6   11  98  1.41990E+00 -2.64240E+00 -7.98030E-02  5.25850E-03  5.00000E+00  1.49400E+03  1.55300E+03  2.98700E+04
f   7   12  6   12  99  3.00000E+00  1.90327E+01
p   7   12  6   12  98  1.41990E+00 -2.64240E+00 -7.98030E-02  5.25850E-03  5.00000E+00  1.49400E+03  1.55300E+03  2.98700E+04
f   7   13  6   13  99  3.00000E+00  1.90600E+01
p   7   13  6   13  98  1.41990E+00 -2.64240E+00 -7.98030E-02  5.25850E-03  5.00000E+00  1.49400E+03  1.55300E+03  2.98700E+04
f   7   14  6   14  99  3.00000E+00  1.90460E+01
p   7   14  6   14  98  1.41990E+00 -2.64240E+00 -7.98030E-02  5.25850E-03  5.00000E+00  1.49400E+03  1.55300E+03  2.98700E+04
f   7   15  6   15  99  3.00000E+00  1.90132E+01
p   7   15  6   15  98  1.41990E+00 -2.64240E+00 -7.98030E-02  5.25850E-03  5.00000E+00  1.49400E+03  1.55300E+03  2.98700E+04
f   7   16  6   16  99  3.00000E+00  1.90112E+01
p   7   16  6   16  98  1.41990E+00 -2.64240E+00 -7.98030E-02  5.25850E-03  5.00000E+00  1.49400E+03  1.55300E+03  2.98700E+04
f   7   17  6   17  99  3.00000E+00  1.90006E+01
p   7   17  6   17  98  1.41990E+00 -2.64240E+00 -7.98030E-02  5.25850E-03  5.00000E+00  1.49400E+03  1.55300E+03  2.98700E+04
f   7    1  6   18  99  2.00000E+00  2.19164E+01
p   7    1  6   18  98  1.99310E+00 -2.55220E+00 -1.84410E-01  2.08860E-02  2.00000E+00  7.38500E+03  7.68000E+03  1.47700E+05
f   7   18  6   18  99  6.00000E+00  2.25525E+01
p   7   18  6   18  98  1.41990E+00 -2.64240E+00 -7.98030E-02  5.25850E-03  5.00000E+00  1.49400E+03  1.55300E+03  2.98700E+04
f   7   19  6   18  99  1.00000E+00  1.94960E+01
p   7   19  6   18  99  1.00000E+00  1.94960E+01
f   7   20  6   18  99  1.00000E+00  1.91436E+01
p   7   20  6   18  99  1.00000E+00  1.91436E+01
f   7   21  6   18  99  1.00000E+00  1.90135E+01
p   7   21  6   18  99  1.00000E+00  1.90135E+01
f   7   22  6   18  99  1.00000E+00  1.90630E+01
p   7   22  6   18  99  1.00000E+00  1.90630E+01
f   7   23  6   18  99  1.00000E+00  1.90510E+01
p   7   23  6   18  99  1.00000E+00  1.90510E+01
f   7   24  6   18  99  1.00000E+00  1.90051E+01
p   7   24  6   18  99  1.00000E+00  1.90051E+01
f   7   25  6   18  99  1.00000E+00  1.90051E+01
p   7   25  6   18  99  1.00000E+00  1.90051E+01
f   7   26  6   18  99  1.00000E+00  1.90006E+01
p   7   26  6   18  99  1.00000E+00  1.90006E+01
f   7    2  6   19  99  2.00000E+00  1.94160E+01
p   7    2  6   19  98  1.99310E+00 -2.55220E+00 -1.84410E-01  2.08860E-02  2.00000E+00  7.38500E+03  7.68000E+03  1.47700E+05
f   7   19  6   19  99  5.00000E+00  1.94960E+01
p   7   19  6   19  98  1.41990E+00 -2.64240E+00 -7.98030E-02  5.25850E-03  5.00000E+00  1.49400E+03  1.55300E+03  2.98700E+04
f   7    3  6   20  99  2.00000E+00  1.91204E+01
p   7    3  6   20  98  1.99310E+00 -2.55220E+00 -1.84410E-01  2.08860E-02  2.00000E+00  7.38500E+03  7.68000E+03  1.47700E+05
f   7   20  6   20  99  5.00000E+00  1.91436E+01
p   7   20  6   20  98  1.41990E+00 -2.64240E+00 -7.98030E-02  5.25850E-03  5.00000E+00  1.49400E+03  1.55300E+03  2.98700E+04
f   7    4  6   21  99  2.00000E+00  1.90144E+01
p   7    4  6   21  98  1.99310E+00 -2.55220E+00 -1.84410E-01  2.08860E-02  2.00000E+00  7.38500E+03  7.68000E+03  1.47700E+05
f   7   21  6   21  99  5.00000E+00  1.90135E+01
p   7   21  6   21  98  1.41990E+00 -2.64240E+00 -7.98030E-02  5.25850E-03  5.00000E+00  1.49400E+03  1.55300E+03  2.98700E+04
f   7    5  6   22  99  2.00000E+00  1.90540E+01
p   7    5  6   22  98  1.99310E+00 -2.55220E+00 -1.84410E-01  2.08860E-02  2.00000E+00  7.38500E+03  7.68000E+03  1.47700E+05
f   7   22  6   22  99  5.00000E+00  1.90630E+01
p   7   22  6   22  98  1.41990E+00 -2.64240E+00 -7.98030E-02  5.25850E-03  5.00000E+00  1.49400E+03  1.55300E+03  2.98700E+04
f   7    6  6   23  99  2.00000E+00  1.90420E+01
p   7    6  6   23  98  1.99310E+00 -2.55220E+00 -1.84410E-01  2.08860E-02  2.00000E+00  7.38500E+03  7.68000E+03  1.47700E+05
f   7   23  6   23  99  5.00000E+00  1.90510E+01
p   7   23  6   23  98  1.41990E+00 -2.64240E+00 -7.98030E-02  5.25850E-03  5.00000E+00  1.49400E+03  1.55300E+03  2.98700E+04
f   7    7  6   24  99  2.00000E+00  1.90042E+01
p   7    7  6   24  98  1.99310E+00 -2.55220E+00 -1.84410E-01  2.08860E-02  2.00000E+00  7.38500E+03  7.68000E+03  1.47700E+05
f   7   24  6   24  99  5.00000E+00  1.90051E+01
p   7   24  6   24  98  1.41990E+00 -2.64240E+00 -7.98030E-02  5.25850E-03  5.00000E+00  1.49400E+03  1.55300E+03  2.98700E+04
f   7    8  6   25  99  2.00000E+00  1.90042E+01
p   7    8  6   25  98  1.99310E+00 -2.55220E+00 -1.84410E-01  2.08860E-02  2.00000E+00  7.38500E+03  7.68000E+03  1.47700E+05
f   7   25  6   25  99  5.00000E+00  1.90051E+01
p   7   25  6   25  98  1.41990E+00 -2.64240E+00 -7.98030E-02  5.25850E-03  5.00000E+00  1.49400E+03  1.55300E+03  2.98700E+04
f   7    9  6   26  99  2.00000E+00  1.90006E+01
p   7    9  6   26  98  1.99310E+00 -2.55220E+00 -1.84410E-01  2.08860E-02  2.00000E+00  7.38500E+03  7.68000E+03  1.47700E+05
f   7   26  6   26  99  5.00000E+00  1.90006E+01
p   7   26  6   26  98  1.41990E+00 -2.64240E+00 -7.98030E-02  5.25850E-03  5.00000E+00  1.49400E+03  1.55300E+03  2.98700E+04
a   7   10  6    1   1.35461E+14
a   7   11  6    1   2.55488E+13
a   7   12  6    1   8.18381E+12
a   7   13  6    1   3.28725E+12
a   7   14  6    1   1.52087E+12
a   7   15  6    1   7.80075E+11
a   7   16  6    1   4.32881E+11
a   7   17  6    1   2.55619E+11
a   7   18  6    1   6.26310E+14
a   7   19  6    1   1.96240E+13
a   7   20  6    1   4.30525E+12
a   7   21  6    1   1.37250E+12
a   7   22  6    1   5.43100E+11
a   7   23  6    1   2.51275E+11
a   7   24  6    1   1.28880E+11
a   7   25  6    1   7.15200E+10
a   7   26  6    1   4.22325E+10
a   7   19  6    2   4.17540E+14
a   7   20  6    3   4.17540E+14
a   7   21  6    4   4.17540E+14
a   7   22  6    5   4.17540E+14
a   7   23  6    6   4.17540E+14
a   7   24  6    7   4.17540E+14
a   7   25  6    8   4.17540E+14
a   7   26  6    9   4.17540E+14
b   8    1  8    2  99  1.00886E-01  1.78128E+00 -5.05605E+01  4.37125E+02  2.00000E+01  2.85120E+00  2.85120E+00
b   8    1  8    3  99  1.90540E-01  9.51466E-01 -8.06074E+00  3.28000E+01  5.58787E+00  6.70200E-01  6.70200E-01
b   8    2  8    3  99  9.27089E-02  1.06722E+00 -2.01746E+01  1.49961E+02  2.00000E+01  7.33700E-01  7.33700E-01
b   8    1  8    4  99  3.10658E-01  5.35204E-01 -3.43856E+00  1.67472E+01  3.83774E+00  2.69940E-01  2.69940E-01
b   8    2  8    4  99  1.07295E-01  1.34360E+00 -1.43617E+01  2.70082E+01  2.00000E+01  1.47700E-01  1.47700E-01
b   8    3  8    4  99  1.11521E-01  9.11331E-01 -1.76044E+01  1.83121E+02  2.00000E+01  9.68400E-01  9.68400E-01
b   8    1  8    5  99  4.64062E-01  2.29752E-01 -2.39882E+00  1.98416E+01  3.70151E+00  1.30020E-01  1.30020E-01
b   8    2  8    5  99  1.51846E-01  1.28833E+00 -3.42349E+00  8.48557E+00  4.39037E+00  5.43500E-02  5.43500E-02
b   8    3  8    5  99  1.21048E-01  1.47152E+00 -1.55944E+01  8.16888E+01  2.00000E+01  1.71100E-01  1.71100E-01
b   8    4  8    5  99  2.69746E-01  7.59989E-02  1.58265E+00 -5.57828E-01  2.08480E+00  1.15900E+00  1.15900E+00
b   8    1  8    6  99  4.65559E-01  2.63408E-01 -2.44575E+00  1.98886E+01  3.70544E+00  7.62000E-02  7.62000E-02
b   8    2  8    6  99  1.26904E-01  1.62938E+00 -5.79808E+00 -1.31678E+02  2.00000E+01  2.76600E-02  2.76600E-02
b   8    3  8    6  99  1.44118E-01  1.79612E+00 -1.87713E+01  1.21591E+02  2.00000E+01  6.44400E-02  6.44400E-02
b   8    4  8    6  99  1.51802E-01  1.41726E+00 -1.78268E+01  1.88745E+02  2.00000E+01  1.99800E-01  1.99800E-01
b   8    5  8    6  99  2.42084E-01  1.67011E-01  1.29447E+00 -4.10523E-01  2.03410E+00  1.37400E+00  1.37400E+00
b   8    1  8    7  99  4.60839E-01  3.01913E-01 -2.50147E+00  1.95968E+01  3.69430E+00  4.87380E-02  4.87380E-02
b   8    2  8    7  99  1.42781E-01  1.81587E+00 -1.30973E+01 -2.88538E+01  2.00000E+01  1.62700E-02  1.62700E-02
b   8    3  8    7  99  1.58686E-01  2.00057E+00 -2.00304E+01  1.37018E+02  2.00000E+01  3.23800E-02  3.23800E-02
b   8    4  8    7  99  1.77329E-01  1.77776E+00 -1.93376E+01  2.09214E+02  2.00000E+01  7.32200E-02  7.32200E-02
b   8    5  8    7  99  3.07568E-01  5.73675E-01  1.69024E+00 -6.12382E-01  2.19958E+00  2.28400E-01  2.28400E-01
b   8    6  8    7  99  2.58429E-01  7.82824E-02  2.08631E+00 -1.05061E+00  2.79088E+00  1.57700E+00  1.57700E+00
b   8    1  8    8  99  4.63311E-01  3.09695E-01 -2.48126E+00  1.95961E+01  3.69764E+00  3.31500E-02  3.31500E-02
b   8    2  8    8  99  1.48031E-01  1.92019E+00 -1.57032E+01  2.98880E+00  2.00000E+01  1.04900E-02  1.04900E-02
b   8    3  8    8  99  1.67526E-01  2.14465E+00 -2.06452E+01  1.43356E+02  2.00000E+01  1.89800E-02  1.89800E-02
b   8    4  8    8  99  1.92379E-01  2.04077E+00 -1.98759E+01  2.12755E+02  2.00000E+01  3.63100E-02  3.63100E-02
b   8    5  8    8  99  3.40461E-01  9.39360E-01  1.73691E+00 -6.16096E-01  2.15262E+00  8.20600E-02  8.20600E-02
b   8    6  8    8  99  2.85878E-01  6.68564E-01  1.43251E+00 -4.90831E-01  2.09869E+00  2.55800E-01  2.55800E-01
b   8    7  8    8  99  2.42485E-01  1.33784E-01  1.87091E+00 -9.12964E-01  2.76599E+00  1.77600E+00  1.77600E+00
b   8    1  8    9  99  4.61826E-01  3.26002E-01 -2.49855E+00  1.94813E+01  3.69416E+00  2.35920E-02  2.35920E-02
b   8    2  8    9  99  1.58731E-01  2.03094E+00 -2.07517E+01  7.67196E+01  2.00000E+01  7.19700E-03  7.19700E-03
b   8    3  8    9  99  1.74372E-01  2.25574E+00 -2.13995E+01  1.52709E+02  2.00000E+01  1.22400E-02  1.22400E-02
b   8    4  8    9  99  2.04598E-01  2.23091E+00 -2.02222E+01  2.17486E+02  2.00000E+01  2.11500E-02  2.11500E-02
b   8    5  8    9  99  1.96959E-01  2.12827E+00 -1.84083E+01  2.11034E+02  2.00000E+01  4.02500E-02  4.02500E-02
b   8    6  8    9  99  3.28201E-01  1.03484E+00  1.70379E+00 -6.86610E-01  2.20163E+00  9.06300E-02  9.06300E-02
b   8    7  8    9  99  3.03210E-01  5.88277E-01  2.26448E+00 -1.11482E+00  2.89871E+00  2.82900E-01  2.82900E-01
b   8    8  8    9  99  4.99370E-01  1.50969E-01  4.90704E+00 -2.81941E+00  3.37831E+00  9.94000E-01  9.94000E-01
b   8    1  8   10  98  0.00000E+00  0.00000E+00  0.00000E+00  0.00000E+00  0.00000E+00  1.08819E-01  2.17637E-03
b   8    2  8   10  99  1.00886E-01  1.78128E+00 -5.05605E+01  4.37125E+02  2.00000E+01  2.24400E+00  2.24400E+00
b   8    1  8   11  98  0.00000E+00  0.00000E+00  0.00000E+00  0.00000E+00  0.00000E+00  1.54716E-01  3.09433E-03
b   8    2  8   11  99  1.90540E-01  9.51466E-01 -8.06074E+00  3.28000E+01  5.58787E+00  5.58500E-01  5.58500E-01
b   8    3  8   11  99  1.00886E-01  1.78128E+00 -5.05605E+01  4.37125E+02  2.00000E+01  2.37600E+00  2.37600E+00
b   8   10  8   11  99  9.27089E-02  1.06722E+00 -2.01746E+01  1.49961E+02  2.00000E+01  1.46740E+00  1.46740E+00
b   8    1  8   12  98  0.00000E+00  0.00000E+00  0.00000E+00  0.00000E+00  0.00000E+00  2.17586E-01  4.35171E-03
b   8    2  8   12  99  3.10658E-01  5.35204E-01 -3.43856E+00  1.67472E+01  3.83774E+00  2.24950E-01  2.24950E-01
b   8    4  8   12  99  1.00886E-01  1.78128E+00 -5.05605E+01  4.37125E+02  2.00000E+01  2.37600E+00  2.37600E+00
b   8   10  8   12  99  1.07295E-01  1.34360E+00 -1.43617E+01  2.70082E+01  2.00000E+01  2.95400E-01  2.95400E-01
b   8   11  8   12  99  1.11521E-01  9.11331E-01 -1.76044E+01  1.83121E+02  2.00000E+01  9.68400E-01  9.68400E-01
b   8    1  8   13  98  0.00000E+00  0.00000E+00  0.00000E+00  0.00000E+00  0.00000E+00  2.97259E-01  5.94517E-03
b   8    2  8   13  99  4.64062E-01  2.29752E-01 -2.39882E+00  1.98416E+01  3.70151E+00  1.08350E-01  1.08350E-01
b   8    5  8   13  99  1.00886E-01  1.78128E+00 -5.05605E+01  4.37125E+02  2.00000E+01  2.37600E+00  2.37600E+00
b   8   10  8   13  99  1.51846E-01  1.28833E+00 -3.42349E+00  8.48557E+00  4.39037E+00  1.08700E-01  1.08700E-01
b   8   11  8   13  99  1.21048E-01  1.47152E+00 -1.55944E+01  8.16888E+01  2.00000E+01  1.71100E-01  1.71100E-01
b   8   12  8   13  99  2.69746E-01  7.59989E-02  1.58265E+00 -5.57828E-01  2.08480E+00  1.15900E+00  1.15900E+00
b   8    1  8   14  98  0.00000E+00  0.00000E+00  0.00000E+00  0.00000E+00  0.00000E+00  3.91887E-01  7.83774E-03
b   8    2  8   14  99  4.65559E-01  2.63408E-01 -2.44575E+00  1.98886E+01  3.70544E+00  6.35000E-02  6.35000E-02
b   8    6  8   14  99  1.00886E-01  1.78128E+00 -5.05605E+01  4.37125E+02  2.00000E+01  2.37600E+00  2.37600E+00
b   8   10  8   14  99  1.26904E-01  1.62938E+00 -5.79808E+00 -1.31678E+02  2.00000E+01  5.53200E-02  5.53200E-02
b   8   11  8   14  99  1.44118E-01  1.79612E+00 -1.87713E+01  1.21591E+02  2.00000E+01  6.44400E-02  6.44400E-02
b   8   12  8   14  99  1.51802E-01  1.41726E+00 -1.78268E+01  1.88745E+02  2.00000E+01  1.99800E-01  1.99800E-01
b   8   13  8   14  99  2.42084E-01  1.67011E-01  1.29447E+00 -4.10523E-01  2.03410E+00  1.37400E+00  1.37400E+00
b   8    1  8   15  98  0.00000E+00  0.00000E+00  0.00000E+00  0.00000E+00  0.00000E+00  5.01340E-01  1.00268E-02
b   8    2  8   15  99  4.60839E-01  3.01913E-01 -2.50147E+00  1.95968E+01  3.69430E+00  4.06150E-02  4.06150E-02
b   8    7  8   15  99  1.00886E-01  1.78128E+00 -5.05605E+01  4.37125E+02  2.00000E+01  2.37600E+00  2.37600E+00
b   8   10  8   15  99  1.42781E-01  1.81587E+00 -1.30973E+01 -2.88538E+01  2.00000E+01  3.25400E-02  3.25400E-02
b   8   11  8   15  99  1.58686E-01  2.00057E+00 -2.00304E+01  1.37018E+02  2.00000E+01  3.23800E-02  3.23800E-02
b   8   12  8   15  99  1.77329E-01  1.77776E+00 -1.93376E+01  2.09214E+02  2.00000E+01  7.32200E-02  7.32200E-02
b   8   13  8   15  99  3.07568E-01  5.73675E-01  1.69024E+00 -6.12382E-01  2.19958E+00  2.28400E-01  2.28400E-01
b   8   14  8   15  99  2.58429E-01  7.82824E-02  2.08631E+00 -1.05061E+00  2.79088E+00  1.57700E+00  1.57700E+00
b   8    1  8   16  98  0.00000E+00  0.00000E+00  0.00000E+00  0.00000E+00  0.00000E+00  6.25854E-01  1.25171E-02
b   8    2  8   16  99  4.63311E-01  3.09695E-01 -2.48126E+00  1.95961E+01  3.69764E+00  2.76250E-02  2.76250E-02
b   8    8  8   16  99  1.00886E-01  1.78128E+00 -5.05605E+01  4.37125E+02  2.00000E+01  2.37600E+00  2.37600E+00
b   8   10  8   16  99  1.48031E-01  1.92019E+00 -1.57032E+01  2.98880E+00  2.00000E+01  2.09800E-02  2.09800E-02
b   8   11  8   16  99  1.67526E-01  2.14465E+00 -2.06452E+01  1.43356E+02  2.00000E+01  1.89800E-02  1.89800E-02
b   8   12  8   16  99  1.92379E-01  2.04077E+00 -1.98759E+01  2.12755E+02  2.00000E+01  3.63100E-02  3.63100E-02
b   8   13  8   16  99  3.40461E-01  9.39360E-01  1.73691E+00 -6.16096E-01  2.15262E+00  8.20600E-02  8.20600E-02
b   8   14  8   16  99  2.85878E-01  6.68564E-01  1.43251E+00 -4.90831E-01  2.09869E+00  2.55800E-01  2.55800E-01
b   8   15  8   16  99  2.42485E-01  1.33784E-01  1.87091E+00 -9.12964E-01  2.76599E+00  1.77600E+00  1.77600E+00
b   8    1  8   17  98  0.00000E+00  0.00000E+00  0.00000E+00  0.00000E+00  0.00000E+00  7.65160E-01  1.53032E-02
b   8    2  8   17  99  4.61826E-01  3.26002E-01 -2.49855E+00  1.94813E+01  3.69416E+00  1.96600E-02  1.96600E-02
b   8    9  8   17  99  1.00886E-01  1.78128E+00 -5.05605E+01  4.37125E+02  2.00000E+01  2.37600E+00  2.37600E+00
b   8   10  8   17  99  1.58731E-01  2.03094E+00 -2.07517E+01  7.67196E+01  2.00000E+01  1.43940E-02  1.43940E-02
b   8   11  8   17  99  1.74372E-01  2.25574E+00 -2.13995E+01  1.52709E+02  2.00000E+01  1.22400E-02  1.22400E-02
b   8   12  8   17  99  2.04598E-01  2.23091E+00 -2.02222E+01  2.17486E+02  2.00000E+01  2.11500E-02  2.11500E-02
b   8   13  8   17  99  1.96959E-01  2.12827E+00 -1.84083E+01  2.11034E+02  2.00000E+01  4.02500E-02  4.02500E-02
b   8   14  8   17  99  3.28201E-01  1.03484E+00  1.70379E+00 -6.86610E-01  2.20163E+00  9.06300E-02  9.06300E-02
b   8   15  8   17  99  3.03210E-01  5.88277E-01  2.26448E+00 -1.11482E+00  2.89871E+00  2.82900E-01  2.82900E-01
b   8   16  8   17  99  4.99370E-01  1.50969E-01  4.90704E+00 -2.81941E+00  3.37831E+00  9.94000E-01  9.94000E-01
b   8    1  8   18  99  2.56203E-01  8.23575E-01 -1.07225E+01  4.42232E+01  5.10098E+00  1.59250E-01  1.59250E-01
b   8    1  8   19  99  1.84995E-01  1.34481E+00 -1.56986E+01  5.91013E+01  6.14416E+00  1.13260E-01  1.13260E-01
b   8    2  8   19  99  2.56203E-01  8.23575E-01 -1.07225E+01  4.42232E+01  5.10098E+00  2.38875E-01  2.38875E-01
b   8   18  8   19  99  1.00886E-01  1.78128E+00 -5.05605E+01  4.37125E+02  2.00000E+01  3.32640E+00  3.32640E+00
b   8    1  8   20  99  1.53498E-01  1.56440E+00 -1.86034E+01  6.92911E+01  6.91156E+00  4.19800E-02  4.19800E-02
b   8    3  8   20  99  2.56203E-01  8.23575E-01 -1.07225E+01  4.42232E+01  5.10098E+00  2.38875E-01  2.38875E-01
b   8   18  8   20  99  1.90540E-01  9.51466E-01 -8.06074E+00  3.28000E+01  5.58787E+00  7.81900E-01  7.81900E-01
b   8   19  8   20  99  9.27089E-02  1.06722E+00 -2.01746E+01  1.49961E+02  2.00000E+01  7.33700E-01  7.33700E-01
b   8    1  8   21  99  1.40528E-01  1.63596E+00 -1.96281E+01  7.25941E+01  7.26105E+00  2.02600E-02  2.02600E-02
b   8    4  8   21  99  2.56203E-01  8.23575E-01 -1.07225E+01  4.42232E+01  5.10098E+00  2.38875E-01  2.38875E-01
b   8   18  8   21  99  3.10658E-01  5.35204E-01 -3.43856E+00  1.67472E+01  3.83774E+00  3.14930E-01  3.14930E-01
b   8   19  8   21  99  1.07295E-01  1.34360E+00 -1.43617E+01  2.70082E+01  2.00000E+01  1.47700E-01  1.47700E-01
b   8   20  8   21  99  1.11521E-01  9.11331E-01 -1.76044E+01  1.83121E+02  2.00000E+01  9.68400E-01  9.68400E-01
b   8    1  8   22  99  1.45179E-01  1.77621E+00 -2.13642E+01  7.84636E+01  7.33217E+00  1.07980E-02  1.07980E-02
b   8    5  8   22  99  2.56203E-01  8.23575E-01 -1.07225E+01  4.42232E+01  5.10098E+00  2.38875E-01  2.38875E-01
b   8   18  8   22  99  4.64062E-01  2.29752E-01 -2.39882E+00  1.98416E+01  3.70151E+00  1.51690E-01  1.51690E-01
b   8   19  8   22  99  1.51846E-01  1.28833E+00 -3.42349E+00  8.48557E+00  4.39037E+00  5.43500E-02  5.43500E-02
b   8   20  8   22  99  1.21048E-01  1.47152E+00 -1.55944E+01  8.16888E+01  2.00000E+01  1.71100E-01  1.71100E-01
b   8   21  8   22  99  2.69746E-01  7.59989E-02  1.58265E+00 -5.57828E-01  2.08480E+00  1.15900E+00  1.15900E+00
b   8    1  8   23  99  1.36192E-01  1.83336E+00 -2.24865E+01  8.29420E+01  7.67082E+00  6.65800E-03  6.65800E-03
b   8    6  8   23  99  2.56203E-01  8.23575E-01 -1.07225E+01  4.42232E+01  5.10098E+00  2.38875E-01  2.38875E-01
b   8   18  8   23  99  4.65559E-01  2.63408E-01 -2.44575E+00  1.98886E+01  3.70544E+00  8.89000E-02  8.89000E-02
b   8   19  8   23  99  1.26904E-01  1.62938E+00 -5.79808E+00 -1.31678E+02  2.00000E+01  2.76600E-02  2.76600E-02
b   8   20  8   23  99  1.44118E-01  1.79612E+00 -1.87713E+01  1.21591E+02  2.00000E+01  6.44400E-02  6.44400E-02
b   8   21  8   23  99  1.51802E-01  1.41726E+00 -1.78268E+01  1.88745E+02  2.00000E+01  1.99800E-01  1.99800E-01
b   8   22  8   23  99  2.42084E-01  1.67011E-01  1.29447E+00 -4.10523E-01  2.03410E+00  1.37400E+00  1.37400E+00
b   8    1  8   24  99  1.34767E-01  1.83180E+00 -2.23078E+01  8.16300E+01  7.64515E+00  4.39400E-03  4.39400E-03
b   8    7  8   24  99  2.56203E-01  8.23575E-01 -1.07225E+01  4.42232E+01  5.10098E+00  2.38875E-01  2.38875E-01
b   8   18  8   24  99  4.60839E-01  3.01913E-01 -2.50147E+00  1.95968E+01  3.69430E+00  5.68610E-02  5.68610E-02
b   8   19  8   24  99  1.42781E-01  1.81587E+00 -1.30973E+01 -2.88538E+01  2.00000E+01  1.62700E-02  1.62700E-02
b   8   20  8   24  99  1.58686E-01  2.00057E+00 -2.00304E+01  1.37018E+02  2.00000E+01  3.23800E-02  3.23800E-02
b   8   21  8   24  99  1.77329E-01  1.77776E+00 -1.93376E+01  2.09214E+02  2.00000E+01  7.32200E-02  7.32200E-02
b   8   22  8   24  99  3.07568E-01  5.73675E-01  1.69024E+00 -6.12382E-01  2.19958E+00  2.28400E-01  2.28400E-01
b   8   23  8   24  99  2.58429E-01  7.82824E-02  2.08631E+00 -1.05061E+00  2.79088E+00  1.57700E+00  1.57700E+00
b   8    1  8   25  99  1.25219E-01  1.91598E+00 -2.43862E+01  9.11323E+01  8.23459E+00  3.05200E-03  3.05200E-03
b   8    8  8   25  99  2.56203E-01  8.23575E-01 -1.07225E+01  4.42232E+01  5.10098E+00  2.38875E-01  2.38875E-01
b   8   18  8   25  99  4.63311E-01  3.09695E-01 -2.48126E+00  1.95961E+01  3.69764E+00  3.86750E-02  3.86750E-02
b   8   19  8   25  99  1.48031E-01  1.92019E+00 -1.57032E+01  2.98880E+00  2.00000E+01  1.04900E-02  1.04900E-02
b   8   20  8   25  99  1.67526E-01  2.14465E+00 -2.06452E+01  1.43356E+02  2.00000E+01  1.89800E-02  1.89800E-02
b   8   21  8   25  99  1.92379E-01  2.04077E+00 -1.98759E+01  2.12755E+02  2.00000E+01  3.63100E-02  3.63100E-02
b   8   22  8   25  99  3.40461E-01  9.39360E-01  1.73691E+00 -6.16096E-01  2.15262E+00  8.20600E-02  8.20600E-02
b   8   23  8   25  99  2.85878E-01  6.68564E-01  1.43251E+00 -4.90831E-01  2.09869E+00  2.55800E-01  2.55800E-01
b   8   24  8   25  99  2.42485E-01  1.33784E-01  1.87091E+00 -9.12964E-01  2.76599E+00  1.77600E+00  1.77600E+00
b   8    1  8   26  99  1.28978E-01  1.86989E+00 -2.31340E+01  8.49972E+01  7.90680E+00  2.20200E-03  2.20200E-03
b   8    9  8   26  99  2.56203E-01  8.23575E-01 -1.07225E+01  4.42232E+01  5.10098E+00  2.38875E-01  2.38875E-01
b   8   18  8   26  99  4.61826E-01  3.26002E-01 -2.49855E+00  1.94813E+01  3.69416E+00  2.75240E-02  2.75240E-02
b   8   19  8   26  99  1.58731E-01  2.03094E+00 -2.07517E+01  7.67196E+01  2.00000E+01  7.19700E-03  7.19700E-03
b   8   20  8   26  99  1.74372E-01  2.25574E+00 -2.13995E+01  1.52709E+02  2.00000E+01  1.22400E-02  1.22400E-02
b   8   21  8   26  99  2.04598E-01  2.23091E+00 -2.02222E+01  2.17486E+02  2.00000E+01  2.11500E-02  2.11500E-02
b   8   22  8   26  99  1.96959E-01  2.12827E+00 -1.84083E+01  2.11034E+02  2.00000E+01  4.02500E-02  4.02500E-02
b   8   23  8   26  99  3.28201E-01  1.03484E+00  1.70379E+00 -6.86610E-01  2.20163E+00  9.06300E-02  9.06300E-02
b   8   24  8   26  99  3.03210E-01  5.88277E-01  2.26448E+00 -1.11482E+00  2.89871E+00  2.82900E-01  2.82900E-01
b   8   25  8   26  99  4.99370E-01  1.50969E-01  4.90704E+00 -2.81941E+00  3.37831E+00  9.94000E-01  9.94000E-01
f   8    1  7    1  99  6.00000E+00  2.16145E+01
p   8    1  7    1  98  1.46710E+00 -2.61560E+00 -8.54960E-02  5.82510E-03  6.00000E+00  1.40500E+03  1.46100E+03  2.81000E+04
f   8    2  7    1  99  1.00000E+00  1.85120E+01
p   8    2  7    1  99  1.00000E+00  1.85120E+01
f   8    3  7    1  99  1.00000E+00  1.81482E+01
p   8    3  7    1  99  1.00000E+00  1.81482E+01
f   8    4  7    1  99  1.00000E+00  1.80165E+01
p   8    4  7    1  99  1.00000E+00  1.80165E+01
f   8    5  7    1  99  1.00000E+00  1.80660E+01
p   8    5  7    1  99  1.00000E+00  1.80660E+01
f   8    6  7    1  99  1.00000E+00  1.80520E+01
p   8    6  7    1  99  1.00000E+00  1.80520E+01
f   8    7  7    1  99  1.00000E+00  1.80052E+01
p   8    7  7    1  99  1.00000E+00  1.80052E+01
f   8    8  7    1  99  1.00000E+00  1.80052E+01
p   8    8  7    1  99  1.00000E+00  1.80052E+01
f   8    9  7    1  99  1.00000E+00  1.80007E+01
p   8    9  7    1  99  1.00000E+00  1.80007E+01
f   8    2  7    2  99  5.00000E+00  1.85120E+01
p   8    2  7    2  98  1.46710E+00 -2.61560E+00 -8.54960E-02  5.82510E-03  6.00000E+00  1.40500E+03  1.46100E+03  2.81000E+04
f   8   10  7    2  99  2.00000E+00  1.90760E+01
p   8   10  7    2  99  2.00000E+00  1.90760E+01
f   8   11  7    2  99  1.00000E+00  1.82049E+01
p   8   11  7    2  99  1.00000E+00  1.82049E+01
f   8   12  7    2  99  1.00000E+00  1.80348E+01
p   8   12  7    2  99  1.00000E+00  1.80348E+01
f   8   13  7    2  99  1.00000E+00  1.80720E+01
p   8   13  7    2  99  1.00000E+00  1.80720E+01
f   8   14  7    2  99  1.00000E+00  1.80560E+01
p   8   14  7    2  99  1.00000E+00  1.80560E+01
f   8   15  7    2  99  1.00000E+00  1.80142E+01
p   8   15  7    2  99  1.00000E+00  1.80142E+01
f   8   16  7    2  99  1.00000E+00  1.80122E+01
p   8   16  7    2  99  1.00000E+00  1.80122E+01
f   8   17  7    2  99  1.00000E+00  1.80007E+01
p   8   17  7    2  99  1.00000E+00  1.80007E+01
f   8    3  7    3  99  5.00000E+00  1.81482E+01
p   8    3  7    3  98  1.46710E+00 -2.61560E+00 -8.54960E-02  5.82510E-03  6.00000E+00  1.40500E+03  1.46100E+03  2.81000E+04
f   8   11  7    3  99  1.00000E+00  1.82049E+01
p   8   11  7    3  99  1.00000E+00  1.82049E+01
f   8    4  7    4  99  5.00000E+00  1.80165E+01
p   8    4  7    4  98  1.46710E+00 -2.61560E+00 -8.54960E-02  5.82510E-03  6.00000E+00  1.40500E+03  1.46100E+03  2.81000E+04
f   8   12  7    4  99  1.00000E+00  1.80348E+01
p   8   12  7    4  99  1.00000E+00  1.80348E+01
f   8    5  7    5  99  5.00000E+00  1.80660E+01
p   8    5  7    5  98  1.46710E+00 -2.61560E+00 -8.54960E-02  5.82510E-03  6.00000E+00  1.40500E+03  1.46100E+03  2.81000E+04
f   8   13  7    5  99  1.00000E+00  1.80720E+01
p   8   13  7    5  99  1.00000E+00  1.80720E+01
f   8    6  7    6  99  5.00000E+00  1.80520E+01
p   8    6  7    6  98  1.46710E+00 -2.61560E+00 -8.54960E-02  5.82510E-03  6.00000E+00  1.40500E+03  1.46100E+03  2.81000E+04
f   8   14  7    6  99  1.00000E+00  1.80560E+01
p   8   14  7    6  99  1.00000E+00  1.80560E+01
f   8    7  7    7  99  5.00000E+00  1.80052E+01
p   8    7  7    7  98  1.46710E+00 -2.61560E+00 -8.54960E-02  5.82510E-03  6.00000E+00  1.40500E+03  1.46100E+03  2.81000E+04
f   8   15  7    7  99  1.00000E+00  1.80142E+01
p   8   15  7    7  99  1.00000E+00  1.80142E+01
f   8    8  7    8  99  5.00000E+00  1.80052E+01
p   8    8  7    8  98  1.46710E+00 -2.61560E+00 -8.54960E-02  5.82510E-03  6.00000E+00  1.40500E+03  1.46100E+03  2.81000E+04
f   8   16  7    8  99  1.00000E+00  1.80122E+01
p   8   16  7    8  99  1.00000E+00  1.80122E+01
f   8    9  7    9  99  5.00000E+00  1.80007E+01
p   8    9  7    9  98  1.46710E+00 -2.61560E+00 -8.54960E-02  5.82510E-03  6.00000E+00  1.40500E+03  1.46100E+03  2.81000E+04
f   8   17  7    9  99  1.00000E+00  1.80007E+01
p   8   17  7    9  99  1.00000E+00  1.80007E+01
f   8   10  7   10  99  4.00000E+00  1.90760E+01
p   8   10  7   10  98  1.46710E+00 -2.61560E+00 -8.54960E-02  5.82510E-03  6.00000E+00  1.40500E+03  1.46100E+03  2.81000E+04
f   8   11  7   11  99  4.00000E+00  1.82049E+01
p   8   11  7   11  98  1.46710E+00 -2.61560E+00 -8.54960E-02  5.82510E-03  6.00000E+00  1.40500E+03  1.46100E+03  2.81000E+04
f   8   12  7   12  99  4.00000E+00  1.80348E+01
p   8   12  7   12  98  1.46710E+00 -2.61560E+00 -8.54960E-02  5.82510E-03  6.00000E+00  1.40500E+03  1.46100E+03  2.81000E+04
f   8   13  7   13  99  4.00000E+00  1.80720E+01
p   8   13  7   13  98  1.46710E+00 -2.61560E+00 -8.54960E-02  5.82510E-03  6.00000E+00  1.40500E+03  1.46100E+03  2.81000E+04
f   8   14  7   14  99  4.00000E+00  1.80560E+01
p   8   14  7   14  98  1.46710E+00 -2.61560E+00 -8.54960E-02  5.82510E-03  6.00000E+00  1.40500E+03  1.46100E+03  2.81000E+04
f   8   15  7   15  99  4.00000E+00  1.80142E+01
p   8   15  7   15  98  1.46710E+00 -2.61560E+00 -8.54960E-02  5.82510E-03  6.00000E+00  1.40500E+03  1.46100E+03  2.81000E+04
f   8   16  7   16  99  4.00000E+00  1.80122E+01
p   8   16  7   16  98  1.46710E+00 -2.61560E+00 -8.54960E-02  5.82510E-03  6.00000E+00  1.40500E+03  1.46100E+03  2.81000E+04
f   8   17  7   17  99  4.00000E+00  1.80007E+01
p   8   17  7   17  98  1.46710E+00 -2.61560E+00 -8.54960E-02  5.82510E-03  6.00000E+00  1.40500E+03  1.46100E+03  2.81000E+04
f   8    1  7   18  99  2.00000E+00  2.16145E+01
p   8    1  7   18  98  2.01730E+00 -2.54460E+00 -1.85370E-01  2.07790E-02  2.00000E+00  7.25600E+03  7.54600E+03  1.45100E+05
f   8   18  7   18  99  7.00000E+00  2.22506E+01
p   8   18  7   18  98  1.46710E+00 -2.61560E+00 -8.54960E-02  5.82510E-03  6.00000E+00  1.40500E+03  1.46100E+03  2.81000E+04
f   8   19  7   18  99  1.00000E+00  1.85920E+01
p   8   19  7   18  99  1.00000E+00  1.85920E+01
f   8   20  7   18  99  1.00000E+00  1.81714E+01
p   8   20  7   18  99  1.00000E+00  1.81714E+01
f   8   21  7   18  99  1.00000E+00  1.80156E+01
p   8   21  7   18  99  1.00000E+00  1.80156E+01
f   8   22  7   18  99  1.00000E+00  1.80750E+01
p   8   22  7   18  99  1.00000E+00  1.80750E+01
f   8   23  7   18  99  1.00000E+00  1.80610E+01
p   8   23  7   18  99  1.00000E+00  1.80610E+01
f   8   24  7   18  99  1.00000E+00  1.80061E+01
p   8   24  7   18  99  1.00000E+00  1.80061E+01
f   8   25  7   18  99  1.00000E+00  1.80061E+01
p   8   25  7   18  99  1.00000E+00  1.80061E+01
f   8   26  7   18  99  1.00000E+00  1.80007E+01
p   8   26  7   18  99  1.00000E+00  1.80007E+01
f   8    2  7   19  99  2.00000E+00  1.85120E+01
p   8    2  7   19  98  2.01730E+00 -2.54460E+00 -1.85370E-01  2.07790E-02  2.00000E+00  7.25600E+03  7.54600E+03  1.45100E+05
f   8   19  7   19  99  6.00000E+00  1.85920E+01
p   8   19  7   19  98  1.46710E+00 -2.61560E+00 -8.54960E-02  5.82510E-03  6.00000E+00  1.40500E+03  1.46100E+03  2.81000E+04
f   8    3  7   20  99  2.00000E+00  1.81482E+01
p   8    3  7   20  98  2.01730E+00 -2.54460E+00 -1.85370E-01  2.07790E-02  2.00000E+00  7.25600E+03  7.54600E+03  1.45100E+05
f   8   20  7   20  99  6.00000E+00  1.81714E+01
p   8   20  7   20  98  1.46710E+00 -2.61560E+00 -8.54960E-02  5.82510E-03  6.00000E+00  1.40500E+03  1.46100E+03  2.81000E+04
f   8    4  7   21  99  2.00000E+00  1.80165E+01
p   8    4  7   21  98  2.01730E+00 -2.54460E+00 -1.85370E-01  2.07790E-02  2.00000E+00  7.25600E+03  7.54600E+03  1.45100E+05
f   8   21  7   21  99  6.00000E+00  1.80156E+01
p   8   21  7   21  98  1.46710E+00 -2.61560E+00 -8.54960E-02  5.82510E-03  6.00000E+00  1.40500E+03  1.46100E+03  2.81000E+04
f   8    5  7   22  99  2.00000E+00  1.80660E+01
p   8    5  7   22  98  2.01730E+00 -2.54460E+00 -1.85370E-01  2.07790E-02  2.00000E+00  7.25600E+03  7.54600E+03  1.45100E+05
f   8   22  7   22  99  6.00000E+00  1.80750E+01
p   8   22  7   22  98  1.46710E+00 -2.61560E+00 -8.54960E-02  5.82510E-03  6.00000E+00  1.40500E+03  1.46100E+03  2.81000E+04
f   8    6  7   23  99  2.00000E+00  1.80520E+01
p   8    6  7   23  98  2.01730E+00 -2.54460E+00 -1.85370E-01  2.07790E-02  2.00000E+00  7.25600E+03  7.54600E+03  1.45100E+05
f   8   23  7   23  99  6.00000E+00  1.80610E+01
p   8   23  7   23  98  1.46710E+00 -2.61560E+00 -8.54960E-02  5.82510E-03  6.00000E+00  1.40500E+03  1.46100E+03  2.81000E+04
f   8    7  7   24  99  2.00000E+00  1.80052E+01
p   8    7  7   24  98  2.01730E+00 -2.54460E+00 -1.85370E-01  2.07790E-02  2.00000E+00  7.25600E+03  7.54600E+03  1.45100E+05
f   8   24  7   24  99  6.00000E+00  1.80061E+01
p   8   24  7   24  98  1.46710E+00 -2.61560E+00 -8.54960E-02  5.82510E-03  6.00000E+00  1.40500E+03  1.46100E+03  2.81000E+04
f   8    8  7   25  99  2.00000E+00  1.80052E+01
p   8    8  7   25  98  2.01730E+00 -2.54460E+00 -1.85370E-01  2.07790E-02  2.00000E+00  7.25600E+03  7.54600E+03  1.45100E+05
f   8   25  7   25  99  6.00000E+00  1.80061E+01
p   8   25  7   25  98  1.46710E+00 -2.61560E+00 -8.54960E-02  5.82510E-03  6.00000E+00  1.40500E+03  1.46100E+03  2.81000E+04
f   8    9  7   26  99  2.00000E+00  1.80007E+01
p   8    9  7   26  98  2.01730E+00 -2.54460E+00 -1.85370E-01  2.07790E-02  2.00000E+00  7.25600E+03  7.54600E+03  1.45100E+05
f   8   26  7   26  99  6.00000E+00  1.80007E+01
p   8   26  7   26  98  1.46710E+00 -2.61560E+00 -8.54960E-02  5.82510E-03  6.00000E+00  1.40500E+03  1.46100E+03  2.81000E+04
a   8   10  7    1   9.98820E+13
a   8   11  7    1   1.86345E+13
a   8   12  7    1   5.93400E+12
a   8   13  7    1   2.37555E+12
a   8   14  7    1   1.09906E+12
a   8   15  7    1   5.63715E+11
a   8   16  7    1   3.12825E+11
a   8   17  7    1   1.84725E+11
a   8   18  7    1   8.30718E+14
a   8   19  7    1   2.13516E+13
a   8   20  7    1   4.65780E+12
a   8   21  7    1   1.45929E+12
a   8   22  7    1   5.74020E+11
a   8   23  7    1   2.65581E+11
a   8   24  7    1   1.36218E+11
a   8   25  7    1   7.55910E+10
a   8   26  7    1   4.46370E+10
a   8   19  7    2   5.93370E+14
a   8   20  7    3   5.93370E+14
a   8   21  7    4   5.93370E+14
a   8   22  7    5   5.93370E+14
a   8   23  7    6   5.93370E+14
a   8   24  7    7   5.93370E+14
a   8   25  7    8   5.93370E+14
a   8   26  7    9   5.93370E+14
b   9    1  9    2  99  1.07117E-01  1.78654E+00 -5.25603E+01  4.79097E+02  2.00000E+01  3.13810E+00  3.13810E+00
b   9    1  9    3  99  1.28410E-01  1.31901E+00 -1.58170E+01  7.38802E+01  9.02954E+00  7.69300E-01  7.69300E-01
b   9    2  9    3  99  9.14260E-02  1.04684E+00 -1.85972E+01  1.30066E+02  2.00000E+01  7.13300E-01  7.13300E-01
b   9    1  9    4  99  2.31975E-01  7.90731E-01 -5.45771E+00  2.21921E+01  4.59589E+00  3.13880E-01  3.13880E-01
b   9    2  9    4  99  1.06058E-01  1.31428E+00 -1.28863E+01  1.17043E+01  2.00000E+01  1.45700E-01  1.45700E-01
b   9    3  9    4  99  1.08564E-01  9.09345E-01 -1.66050E+01  1.66691E+02  2.00000E+01  9.56900E-01  9.56900E-01
b   9    1  9    5  99  3.34520E-01  5.93515E-01 -3.70300E+00  1.78857E+01  3.82893E+00  1.51550E-01  1.51550E-01
b   9    2  9    5  99  1.23078E-01  1.57244E+00 -1.04326E+01 -5.49831E+01  2.00000E+01  5.38500E-02  5.38500E-02
b   9    3  9    5  99  1.22371E-01  1.46519E+00 -1.54777E+01  8.66724E+01  2.00000E+01  1.69500E-01  1.69500E-01
b   9    4  9    5  99  2.63663E-01  1.03610E-01  1.50283E+00 -5.10747E-01  2.06952E+00  1.15200E+00  1.15200E+00
b   9    1  9    6  99  4.72509E-01  1.91901E-01 -2.27062E+00  2.00350E+01  3.70517E+00  8.91100E-02  8.91100E-02
b   9    2  9    6  99  1.32701E-01  1.67215E+00 -9.81393E+00 -6.53436E+01  2.00000E+01  2.75100E-02  2.75100E-02
b   9    3  9    6  99  1.44087E-01  1.77655E+00 -1.78875E+01  1.15535E+02  2.00000E+01  6.40000E-02  6.40000E-02
b   9    4  9    6  99  1.47377E-01  1.42853E+00 -1.71982E+01  1.75591E+02  2.00000E+01  1.98400E-01  1.98400E-01
b   9    5  9    6  99  2.38291E-01  1.86266E-01  1.25263E+00 -3.94337E-01  2.02789E+00  1.36900E+00  1.36900E+00
b   9    1  9    7  99  4.67177E-01  2.29333E-01 -2.33925E+00  1.98203E+01  3.70054E+00  5.71270E-02  5.71270E-02
b   9    2  9    7  99  1.83531E-01  1.43116E+00 -3.43713E+00  9.71820E+00  4.40966E+00  1.62200E-02  1.62200E-02
b   9    3  9    7  99  1.58217E-01  1.98306E+00 -1.93870E+01  1.34451E+02  2.00000E+01  3.22200E-02  3.22200E-02
b   9    4  9    7  99  1.75131E-01  1.77731E+00 -1.86421E+01  1.99554E+02  2.00000E+01  7.27900E-02  7.27900E-02
b   9    5  9    7  99  3.01854E-01  6.00183E-01  1.60297E+00 -5.71784E-01  2.14093E+00  2.27300E-01  2.27300E-01
b   9    6  9    7  99  2.54272E-01  1.00096E-01  2.01565E+00 -1.00323E+00  2.77795E+00  1.57400E+00  1.57400E+00
b   9    1  9    8  99  4.64051E-01  2.52400E-01 -2.36355E+00  1.96124E+01  3.69485E+00  3.89060E-02  3.89060E-02
b   9    2  9    8  99  1.42054E-01  1.78139E+00 -8.65992E+00 -8.44578E+01  2.00000E+01  1.04700E-02  1.04700E-02
b   9    3  9    8  99  1.64151E-01  2.12753E+00 -1.94552E+01  1.28261E+02  2.00000E+01  1.89100E-02  1.89100E-02
b   9    4  9    8  99  1.90216E-01  2.04126E+00 -1.94484E+01  2.07974E+02  2.00000E+01  3.61300E-02  3.61300E-02
b   9    5  9    8  99  3.35386E-01  9.60628E-01  1.70379E+00 -6.36244E-01  2.14505E+00  8.17000E-02  8.17000E-02
b   9    6  9    8  99  2.79711E-01  6.96001E-01  1.35331E+00 -4.58812E-01  2.06978E+00  2.55000E-01  2.55000E-01
b   9    7  9    8  99  2.59787E-01  5.61773E-02  2.57728E+00 -1.48368E+00  3.36998E+00  1.77500E+00  1.77500E+00
b   9    1  9    9  99  4.67150E-01  2.54104E-01 -2.35874E+00  1.97586E+01  3.70267E+00  2.77130E-02  2.77130E-02
b   9    2  9    9  99  1.41345E-01  1.85963E+00 -1.03663E+01  3.93857E-01  1.50538E+01  7.18900E-03  7.18900E-03
b   9    3  9    9  99  1.72024E-01  2.23727E+00 -2.05473E+01  1.44863E+02  2.00000E+01  1.22100E-02  1.22100E-02
b   9    4  9    9  99  2.02307E-01  2.22942E+00 -1.97656E+01  2.12618E+02  2.00000E+01  2.10700E-02  2.10700E-02
b   9    5  9    9  99  1.83227E-01  2.15149E+00 -1.62814E+01  1.61071E+02  2.00000E+01  4.00800E-02  4.00800E-02
b   9    6  9    9  99  3.26073E-01  1.04440E+00  1.72136E+00 -6.81663E-01  2.26169E+00  9.03300E-02  9.03300E-02
b   9    7  9    9  99  3.00759E-01  5.99680E-01  2.27726E+00 -1.15752E+00  2.94464E+00  2.82300E-01  2.82300E-01
b   9    8  9    9  99  4.88125E-01  1.84395E-01  4.75086E+00 -2.73202E+00  3.38196E+00  1.00400E+00  1.00400E+00
b   9    1  9   10  98  0.00000E+00  0.00000E+00  0.00000E+00  0.00000E+00  0.00000E+00  2.13216E-01  4.26431E-03
b   9    2  9   10  99  1.07117E-01  1.78654E+00 -5.25603E+01  4.79097E+02  2.00000E+01  2.54037E+00  2.54037E+00
b   9    1  9   11  98  0.00000E+00  0.00000E+00  0.00000E+00  0.00000E+00  0.00000E+00  3.05533E-01  6.11067E-03
b   9    2  9   11  99  1.28410E-01  1.31901E+00 -1.58170E+01  7.38802E+01  9.02954E+00  6.59400E-01  6.59400E-01
b   9    3  9   11  99  1.07117E-01  1.78654E+00 -5.25603E+01  4.79097E+02  2.00000E+01  2.68980E+00  2.68980E+00
b   9   10  9   11  99  9.14260E-02  1.04684E+00 -1.85972E+01  1.30066E+02  2.00000E+01  1.42660E+00  1.42660E+00
b   9    1  9   12  98  0.00000E+00  0.00000E+00  0.00000E+00  0.00000E+00  0.00000E+00  4.31404E-01  8.62808E-03
b   9    2  9   12  99  2.31975E-01  7.90731E-01 -5.45771E+00  2.21921E+01  4.59589E+00  2.69040E-01  2.69040E-01
b   9    4  9   12  99  1.07117E-01  1.78654E+00 -5.25603E+01  4.79097E+02  2.00000E+01  2.68980E+00  2.68980E+00
b   9   10  9   12  99  1.06058E-01  1.31428E+00 -1.28863E+01  1.17043E+01  2.00000E+01  2.91400E-01  2.91400E-01
b   9   11  9   12  99  1.08564E-01  9.09345E-01 -1.66050E+01  1.66691E+02  2.00000E+01  9.56900E-01  9.56900E-01
b   9    1  9   13  98  0.00000E+00  0.00000E+00  0.00000E+00  0.00000E+00  0.00000E+00  5.90894E-01  1.18179E-02
b   9    2  9   13  99  3.34520E-01  5.93515E-01 -3.70300E+00  1.78857E+01  3.82893E+00  1.29900E-01  1.29900E-01
b   9    5  9   13  99  1.07117E-01  1.78654E+00 -5.25603E+01  4.79097E+02  2.00000E+01  2.68980E+00  2.68980E+00
b   9   10  9   13  99  1.23078E-01  1.57244E+00 -1.04326E+01 -5.49831E+01  2.00000E+01  1.07700E-01  1.07700E-01
b   9   11  9   13  99  1.22371E-01  1.46519E+00 -1.54777E+01  8.66724E+01  2.00000E+01  1.69500E-01  1.69500E-01
b   9   12  9   13  99  2.63663E-01  1.03610E-01  1.50283E+00 -5.10747E-01  2.06952E+00  1.15200E+00  1.15200E+00
b   9    1  9   14  98  0.00000E+00  0.00000E+00  0.00000E+00  0.00000E+00  0.00000E+00  7.80048E-01  1.56010E-02
b   9    2  9   14  99  4.72509E-01  1.91901E-01 -2.27062E+00  2.00350E+01  3.70517E+00  7.63800E-02  7.63800E-02
b   9    6  9   14  99  1.07117E-01  1.78654E+00 -5.25603E+01  4.79097E+02  2.00000E+01  2.68980E+00  2.68980E+00
b   9   10  9   14  99  1.32701E-01  1.67215E+00 -9.81393E+00 -6.53436E+01  2.00000E+01  5.50200E-02  5.50200E-02
b   9   11  9   14  99  1.44087E-01  1.77655E+00 -1.78875E+01  1.15535E+02  2.00000E+01  6.40000E-02  6.40000E-02
b   9   12  9   14  99  1.47377E-01  1.42853E+00 -1.71982E+01  1.75591E+02  2.00000E+01  1.98400E-01  1.98400E-01
b   9   13  9   14  99  2.38291E-01  1.86266E-01  1.25263E+00 -3.94337E-01  2.02789E+00  1.36900E+00  1.36900E+00
b   9    1  9   15  98  0.00000E+00  0.00000E+00  0.00000E+00  0.00000E+00  0.00000E+00  9.98712E-01  1.99742E-02
b   9    2  9   15  99  4.67177E-01  2.29333E-01 -2.33925E+00  1.98203E+01  3.70054E+00  4.89660E-02  4.89660E-02
b   9    7  9   15  99  1.07117E-01  1.78654E+00 -5.25603E+01  4.79097E+02  2.00000E+01  2.68980E+00  2.68980E+00
b   9   10  9   15  99  1.83531E-01  1.43116E+00 -3.43713E+00  9.71820E+00  4.40966E+00  3.24400E-02  3.24400E-02
b   9   11  9   15  99  1.58217E-01  1.98306E+00 -1.93870E+01  1.34451E+02  2.00000E+01  3.22200E-02  3.22200E-02
b   9   12  9   15  99  1.75131E-01  1.77731E+00 -1.86421E+01  1.99554E+02  2.00000E+01  7.27900E-02  7.27900E-02
b   9   13  9   15  99  3.01854E-01  6.00183E-01  1.60297E+00 -5.71784E-01  2.14093E+00  2.27300E-01  2.27300E-01
b   9   14  9   15  99  2.54272E-01  1.00096E-01  2.01565E+00 -1.00323E+00  2.77795E+00  1.57400E+00  1.57400E+00
b   9    1  9   16  98  0.00000E+00  0.00000E+00  0.00000E+00  0.00000E+00  0.00000E+00  1.24751E+00  2.49501E-02
b   9    2  9   16  99  4.64051E-01  2.52400E-01 -2.36355E+00  1.96124E+01  3.69485E+00  3.33480E-02  3.33480E-02
b   9    8  9   16  99  1.07117E-01  1.78654E+00 -5.25603E+01  4.79097E+02  2.00000E+01  2.68980E+00  2.68980E+00
b   9   10  9   16  99  1.42054E-01  1.78139E+00 -8.65992E+00 -8.44578E+01  2.00000E+01  2.09400E-02  2.09400E-02
b   9   11  9   16  99  1.64151E-01  2.12753E+00 -1.94552E+01  1.28261E+02  2.00000E+01  1.89100E-02  1.89100E-02
b   9   12  9   16  99  1.90216E-01  2.04126E+00 -1.94484E+01  2.07974E+02  2.00000E+01  3.61300E-02  3.61300E-02
b   9   13  9   16  99  3.35386E-01  9.60628E-01  1.70379E+00 -6.36244E-01  2.14505E+00  8.17000E-02  8.17000E-02
b   9   14  9   16  99  2.79711E-01  6.96001E-01  1.35331E+00 -4.58812E-01  2.06978E+00  2.55000E-01  2.55000E-01
b   9   15  9   16  99  2.59787E-01  5.61773E-02  2.57728E+00 -1.48368E+00  3.36998E+00  1.77500E+00  1.77500E+00
b   9    1  9   17  98  0.00000E+00  0.00000E+00  0.00000E+00  0.00000E+00  0.00000E+00  1.52583E+00  3.05165E-02
b   9    2  9   17  99  4.67150E-01  2.54104E-01 -2.35874E+00  1.97586E+01  3.70267E+00  2.37540E-02  2.37540E-02
b   9    9  9   17  99  1.07117E-01  1.78654E+00 -5.25603E+01  4.79097E+02  2.00000E+01  2.68980E+00  2.68980E+00
b   9   10  9   17  99  1.41345E-01  1.85963E+00 -1.03663E+01  3.93857E-01  1.50538E+01  1.43780E-02  1.43780E-02
b   9   11  9   17  99  1.72024E-01  2.23727E+00 -2.05473E+01  1.44863E+02  2.00000E+01  1.22100E-02  1.22100E-02
b   9   12  9   17  99  2.02307E-01  2.22942E+00 -1.97656E+01  2.12618E+02  2.00000E+01  2.10700E-02  2.10700E-02
b   9   13  9   17  99  1.83227E-01  2.15149E+00 -1.62814E+01  1.61071E+02  2.00000E+01  4.00800E-02  4.00800E-02
b   9   14  9   17  99  3.26073E-01  1.04440E+00  1.72136E+00 -6.81663E-01  2.26169E+00  9.03300E-02  9.03300E-02
b   9   15  9   17  99  3.00759E-01  5.99680E-01  2.27726E+00 -1.15752E+00  2.94464E+00  2.82300E-01  2.82300E-01
b   9   16  9   17  99  4.88125E-01  1.84395E-01  4.75086E+00 -2.73202E+00  3.38196E+00  1.00400E+00  1.00400E+00
b   9    1  9   18  99  2.68108E-01  7.67929E-01 -1.01186E+01  4.20512E+01  4.95995E+00  7.72000E-02  7.72000E-02
b   9    1  9   19  99  1.95540E-01  1.27490E+00 -1.47933E+01  5.57872E+01  5.92402E+00  1.06900E-01  1.06900E-01
b   9    2  9   19  99  2.68108E-01  7.67929E-01 -1.01186E+01  4.20512E+01  4.95995E+00  1.54400E-01  1.54400E-01
b   9   18  9   19  99  1.07117E-01  1.78654E+00 -5.25603E+01  4.79097E+02  2.00000E+01  3.58640E+00  3.58640E+00
b   9    1  9   20  99  1.62092E-01  1.49357E+00 -1.75801E+01  6.55182E+01  6.64501E+00  3.95400E-02  3.95400E-02
b   9    3  9   20  99  2.68108E-01  7.67929E-01 -1.01186E+01  4.20512E+01  4.95995E+00  1.54400E-01  1.54400E-01
b   9   18  9   20  99  1.28410E-01  1.31901E+00 -1.58170E+01  7.38802E+01  9.02954E+00  8.79200E-01  8.79200E-01
b   9   19  9   20  99  9.14260E-02  1.04684E+00 -1.85972E+01  1.30066E+02  2.00000E+01  7.13300E-01  7.13300E-01
b   9    1  9   21  99  1.49682E-01  1.55322E+00 -1.83486E+01  6.78295E+01  6.91190E+00  1.90520E-02  1.90520E-02
b   9    4  9   21  99  2.68108E-01  7.67929E-01 -1.01186E+01  4.20512E+01  4.95995E+00  1.54400E-01  1.54400E-01
b   9   18  9   21  99  2.31975E-01  7.90731E-01 -5.45771E+00  2.21921E+01  4.59589E+00  3.58720E-01  3.58720E-01
b   9   19  9   21  99  1.06058E-01  1.31428E+00 -1.28863E+01  1.17043E+01  2.00000E+01  1.45700E-01  1.45700E-01
b   9   20  9   21  99  1.08564E-01  9.09345E-01 -1.66050E+01  1.66691E+02  2.00000E+01  9.56900E-01  9.56900E-01
b   9    1  9   22  99  1.49186E-01  1.73731E+00 -2.11736E+01  7.91820E+01  7.28950E+00  1.01480E-02  1.01480E-02
b   9    5  9   22  99  2.68108E-01  7.67929E-01 -1.01186E+01  4.20512E+01  4.95995E+00  1.54400E-01  1.54400E-01
b   9   18  9   22  99  3.34520E-01  5.93515E-01 -3.70300E+00  1.78857E+01  3.82893E+00  1.73200E-01  1.73200E-01
b   9   19  9   22  99  1.23078E-01  1.57244E+00 -1.04326E+01 -5.49831E+01  2.00000E+01  5.38500E-02  5.38500E-02
b   9   20  9   22  99  1.22371E-01  1.46519E+00 -1.54777E+01  8.66724E+01  2.00000E+01  1.69500E-01  1.69500E-01
b   9   21  9   22  99  2.63663E-01  1.03610E-01  1.50283E+00 -5.10747E-01  2.06952E+00  1.15200E+00  1.15200E+00
b   9    1  9   23  99  1.45989E-01  1.75256E+00 -2.14157E+01  7.99857E+01  7.37392E+00  6.25000E-03  6.25000E-03
b   9    6  9   23  99  2.68108E-01  7.67929E-01 -1.01186E+01  4.20512E+01  4.95995E+00  1.54400E-01  1.54400E-01
b   9   18  9   23  99  4.72509E-01  1.91901E-01 -2.27062E+00  2.00350E+01  3.70517E+00  1.01840E-01  1.01840E-01
b   9   19  9   23  99  1.32701E-01  1.67215E+00 -9.81393E+00 -6.53436E+01  2.00000E+01  2.75100E-02  2.75100E-02
b   9   20  9   23  99  1.44087E-01  1.77655E+00 -1.78875E+01  1.15535E+02  2.00000E+01  6.40000E-02  6.40000E-02
b   9   21  9   23  99  1.47377E-01  1.42853E+00 -1.71982E+01  1.75591E+02  2.00000E+01  1.98400E-01  1.98400E-01
b   9   22  9   23  99  2.38291E-01  1.86266E-01  1.25263E+00 -3.94337E-01  2.02789E+00  1.36900E+00  1.36900E+00
b   9    1  9   24  99  1.46088E-01  1.73533E+00 -2.08989E+01  7.71302E+01  7.26690E+00  4.12200E-03  4.12200E-03
b   9    7  9   24  99  2.68108E-01  7.67929E-01 -1.01186E+01  4.20512E+01  4.95995E+00  1.54400E-01  1.54400E-01
b   9   18  9   24  99  4.67177E-01  2.29333E-01 -2.33925E+00  1.98203E+01  3.70054E+00  6.52880E-02  6.52880E-02
b   9   19  9   24  99  1.83531E-01  1.43116E+00 -3.43713E+00  9.71820E+00  4.40966E+00  1.62200E-02  1.62200E-02
b   9   20  9   24  99  1.58217E-01  1.98306E+00 -1.93870E+01  1.34451E+02  2.00000E+01  3.22200E-02  3.22200E-02
b   9   21  9   24  99  1.75131E-01  1.77731E+00 -1.86421E+01  1.99554E+02  2.00000E+01  7.27900E-02  7.27900E-02
b   9   22  9   24  99  3.01854E-01  6.00183E-01  1.60297E+00 -5.71784E-01  2.14093E+00  2.27300E-01  2.27300E-01
b   9   23  9   24  99  2.54272E-01  1.00096E-01  2.01565E+00 -1.00323E+00  2.77795E+00  1.57400E+00  1.57400E+00
b   9    1  9   25  99  1.39698E-01  1.78107E+00 -2.18823E+01  8.14868E+01  7.54044E+00  2.86000E-03  2.86000E-03
b   9    8  9   25  99  2.68108E-01  7.67929E-01 -1.01186E+01  4.20512E+01  4.95995E+00  1.54400E-01  1.54400E-01
b   9   18  9   25  99  4.64051E-01  2.52400E-01 -2.36355E+00  1.96124E+01  3.69485E+00  4.44640E-02  4.44640E-02
b   9   19  9   25  99  1.42054E-01  1.78139E+00 -8.65992E+00 -8.44578E+01  2.00000E+01  1.04700E-02  1.04700E-02
b   9   20  9   25  99  1.64151E-01  2.12753E+00 -1.94552E+01  1.28261E+02  2.00000E+01  1.89100E-02  1.89100E-02
b   9   21  9   25  99  1.90216E-01  2.04126E+00 -1.94484E+01  2.07974E+02  2.00000E+01  3.61300E-02  3.61300E-02
b   9   22  9   25  99  3.35386E-01  9.60628E-01  1.70379E+00 -6.36244E-01  2.14505E+00  8.17000E-02  8.17000E-02
b   9   23  9   25  99  2.79711E-01  6.96001E-01  1.35331E+00 -4.58812E-01  2.06978E+00  2.55000E-01  2.55000E-01
b   9   24  9   25  99  2.59787E-01  5.61773E-02  2.57728E+00 -1.48368E+00  3.36998E+00  1.77500E+00  1.77500E+00
b   9    1  9   26  99  1.43172E-01  1.74338E+00 -2.09615E+01  7.70077E+01  7.30915E+00  2.06400E-03  2.06400E-03
b   9    9  9   26  99  2.68108E-01  7.67929E-01 -1.01186E+01  4.20512E+01  4.95995E+00  1.54400E-01  1.54400E-01
b   9   18  9   26  99  4.67150E-01  2.54104E-01 -2.35874E+00  1.97586E+01  3.70267E+00  3.16720E-02  3.16720E-02
b   9   19  9   26  99  1.41345E-01  1.85963E+00 -1.03663E+01  3.93857E-01  1.50538E+01  7.18900E-03  7.18900E-03
b   9   20  9   26  99  1.72024E-01  2.23727E+00 -2.05473E+01  1.44863E+02  2.00000E+01  1.22100E-02  1.22100E-02
b   9   21  9   26  99  2.02307E-01  2.22942E+00 -1.97656E+01  2.12618E+02  2.00000E+01  2.10700E-02  2.10700E-02
b   9   22  9   26  99  1.83227E-01  2.15149E+00 -1.62814E+01  1.61071E+02  2.00000E+01  4.00800E-02  4.00800E-02
b   9   23  9   26  99  3.26073E-01  1.04440E+00  1.72136E+00 -6.81663E-01  2.26169E+00  9.03300E-02  9.03300E-02
b   9   24  9   26  99  3.00759E-01  5.99680E-01  2.27726E+00 -1.15752E+00  2.94464E+00  2.82300E-01  2.82300E-01
b   9   25  9   26  99  4.88125E-01  1.84395E-01  4.75086E+00 -2.73202E+00  3.38196E+00  1.00400E+00  1.00400E+00
f   9    1  8    1  99  7.00000E+00  2.13126E+01
p   9    1  8    1  98  1.51340E+00 -2.58360E+00 -9.32760E-02  6.69250E-03  7.00000E+00  1.31800E+03  1.37100E+03  2.63600E+04
f   9    2  8    1  99  1.00000E+00  1.76080E+01
p   9    2  8    1  99  1.00000E+00  1.76080E+01
f   9    3  8    1  99  1.00000E+00  1.71760E+01
p   9    3  8    1  99  1.00000E+00  1.71760E+01
f   9    4  8    1  99  1.00000E+00  1.70186E+01
p   9    4  8    1  99  1.00000E+00  1.70186E+01
f   9    5  8    1  99  1.00000E+00  1.70780E+01
p   9    5  8    1  99  1.00000E+00  1.70780E+01
f   9    6  8    1  99  1.00000E+00  1.70620E+01
p   9    6  8    1  99  1.00000E+00  1.70620E+01
f   9    7  8    1  99  1.00000E+00  1.70062E+01
p   9    7  8    1  99  1.00000E+00  1.70062E+01
f   9    8  8    1  99  1.00000E+00  1.70062E+01
p   9    8  8    1  99  1.00000E+00  1.70062E+01
f   9    9  8    1  99  1.00000E+00  1.70008E+01
p   9    9  8    1  99  1.00000E+00  1.70008E+01
f   9    2  8    2  99  6.00000E+00  1.76080E+01
p   9    2  8    2  98  1.51340E+00 -2.58360E+00 -9.32760E-02  6.69250E-03  7.00000E+00  1.31800E+03  1.37100E+03  2.63600E+04
f   9   10  8    2  99  2.00000E+00  1.81720E+01
p   9   10  8    2  99  2.00000E+00  1.81720E+01
f   9   11  8    2  99  1.00000E+00  1.72327E+01
p   9   11  8    2  99  1.00000E+00  1.72327E+01
f   9   12  8    2  99  1.00000E+00  1.70369E+01
p   9   12  8    2  99  1.00000E+00  1.70369E+01
f   9   13  8    2  99  1.00000E+00  1.70840E+01
p   9   13  8    2  99  1.00000E+00  1.70840E+01
f   9   14  8    2  99  1.00000E+00  1.70660E+01
p   9   14  8    2  99  1.00000E+00  1.70660E+01
f   9   15  8    2  99  1.00000E+00  1.70152E+01
p   9   15  8    2  99  1.00000E+00  1.70152E+01
f   9   16  8    2  99  1.00000E+00  1.70132E+01
p   9   16  8    2  99  1.00000E+00  1.70132E+01
f   9   17  8    2  99  1.00000E+00  1.70008E+01
p   9   17  8    2  99  1.00000E+00  1.70008E+01
f   9    3  8    3  99  6.00000E+00  1.71760E+01
p   9    3  8    3  98  1.51340E+00 -2.58360E+00 -9.32760E-02  6.69250E-03  7.00000E+00  1.31800E+03  1.37100E+03  2.63600E+04
f   9   11  8    3  99  1.00000E+00  1.72327E+01
p   9   11  8    3  99  1.00000E+00  1.72327E+01
f   9    4  8    4  99  6.00000E+00  1.70186E+01
p   9    4  8    4  98  1.51340E+00 -2.58360E+00 -9.32760E-02  6.69250E-03  7.00000E+00  1.31800E+03  1.37100E+03  2.63600E+04
f   9   12  8    4  99  1.00000E+00  1.70369E+01
p   9   12  8    4  99  1.00000E+00  1.70369E+01
f   9    5  8    5  99  6.00000E+00  1.70780E+01
p   9    5  8    5  98  1.51340E+00 -2.58360E+00 -9.32760E-02  6.69250E-03  7.00000E+00  1.31800E+03  1.37100E+03  2.63600E+04
f   9   13  8    5  99  1.00000E+00  1.70840E+01
p   9   13  8    5  99  1.00000E+00  1.70840E+01
f   9    6  8    6  99  6.00000E+00  1.70620E+01
p   9    6  8    6  98  1.51340E+00 -2.58360E+00 -9.32760E-02  6.69250E-03  7.00000E+00  1.31800E+03  1.37100E+03  2.63600E+04
f   9   14  8    6  99  1.00000E+00  1.70660E+01
p   9   14  8    6  99  1.00000E+00  1.70660E+01
f   9    7  8    7  99  6.00000E+00  1.70062E+01
p   9    7  8    7  98  1.51340E+00 -2.58360E+00 -9.32760E-02  6.69250E-03  7.00000E+00  1.31800E+03  1.37100E+03  2.63600E+04
f   9   15  8    7  99  1.00000E+00  1.70152E+01
p   9   15  8    7  99  1.00000E+00  1.70152E+01
f   9    8  8    8  99  6.00000E+00  1.70062E+01
p   9    8  8    8  98  1.51340E+00 -2.58360E+00 -9.32760E-02  6.69250E-03  7.00000E+00  1.31800E+03  1.37100E+03  2.63600E+04
f   9   16  8    8  99  1.00000E+00  1.70132E+01
p   9   16  8    8  99  1.00000E+00  1.70132E+01
f   9    9  8    9  99  6.00000E+00  1.70008E+01
p   9    9  8    9  98  1.51340E+00 -2.58360E+00 -9.32760E-02  6.69250E-03  7.00000E+00  1.31800E+03  1.37100E+03  2.63600E+04
f   9   17  8    9  99  1.00000E+00  1.70008E+01
p   9   17  8    9  99  1.00000E+00  1.70008E+01
f   9   10  8   10  99  5.00000E+00  1.81720E+01
p   9   10  8   10  98  1.51340E+00 -2.58360E+00 -9.32760E-02  6.69250E-03  7.00000E+00  1.31800E+03  1.37100E+03  2.63600E+04
f   9   11  8   11  99  5.00000E+00  1.72327E+01
p   9   11  8   11  98  1.51340E+00 -2.58360E+00 -9.32760E-02  6.69250E-03  7.00000E+00  1.31800E+03  1.37100E+03  2.63600E+04
f   9   12  8   12  99  5.00000E+00  1.70369E+01
p   9   12  8   12  98  1.51340E+00 -2.58360E+00 -9.32760E-02  6.69250E-03  7.00000E+00  1.31800E+03  1.37100E+03  2.63600E+04
f   9   13  8   13  99  5.00000E+00  1.70840E+01
p   9   13  8   13  98  1.51340E+00 -2.58360E+00 -9.32760E-02  6.69250E-03  7.00000E+00  1.31800E+03  1.37100E+03  2.63600E+04
f   9   14  8   14  99  5.00000E+00  1.70660E+01
p   9   14  8   14  98  1.51340E+00 -2.58360E+00 -9.32760E-02  6.69250E-03  7.00000E+00  1.31800E+03  1.37100E+03  2.63600E+04
f   9   15  8   15  99  5.00000E+00  1.70152E+01
p   9   15  8   15  98  1.51340E+00 -2.58360E+00 -9.32760E-02  6.69250E-03  7.00000E+00  1.31800E+03  1.37100E+03  2.63600E+04
f   9   16  8   16  99  5.00000E+00  1.70132E+01
p   9   16  8   16  98  1.51340E+00 -2.58360E+00 -9.32760E-02  6.69250E-03  7.00000E+00  1.31800E+03  1.37100E+03  2.63600E+04
f   9   17  8   17  99  5.00000E+00  1.70008E+01
p   9   17  8   17  98  1.51340E+00 -2.58360E+00 -9.32760E-02  6.69250E-03  7.00000E+00  1.31800E+03  1.37100E+03  2.63600E+04
f   9    1  8   18  99  2.00000E+00  2.13126E+01
p   9    1  8   18  98  2.04160E+00 -2.53800E+00 -1.85810E-01  2.05870E-02  2.00000E+00  7.13100E+03  7.41600E+03  1.42600E+05
f   9   18  8   18  99  8.00000E+00  2.19487E+01
p   9   18  8   18  98  1.51340E+00 -2.58360E+00 -9.32760E-02  6.69250E-03  7.00000E+00  1.31800E+03  1.37100E+03  2.63600E+04
f   9   19  8   18  99  1.00000E+00  1.76880E+01
p   9   19  8   18  99  1.00000E+00  1.76880E+01
f   9   20  8   18  99  1.00000E+00  1.71992E+01
p   9   20  8   18  99  1.00000E+00  1.71992E+01
f   9   21  8   18  99  1.00000E+00  1.70177E+01
p   9   21  8   18  99  1.00000E+00  1.70177E+01
f   9   22  8   18  99  1.00000E+00  1.70870E+01
p   9   22  8   18  99  1.00000E+00  1.70870E+01
f   9   23  8   18  99  1.00000E+00  1.70710E+01
p   9   23  8   18  99  1.00000E+00  1.70710E+01
f   9   24  8   18  99  1.00000E+00  1.70071E+01
p   9   24  8   18  99  1.00000E+00  1.70071E+01
f   9   25  8   18  99  1.00000E+00  1.70071E+01
p   9   25  8   18  99  1.00000E+00  1.70071E+01
f   9   26  8   18  99  1.00000E+00  1.70008E+01
p   9   26  8   18  99  1.00000E+00  1.70008E+01
f   9    2  8   19  99  2.00000E+00  1.76080E+01
p   9    2  8   19  98  2.04160E+00 -2.53800E+00 -1.85810E-01  2.05870E-02  2.00000E+00  7.13100E+03  7.41600E+03  1.42600E+05
f   9   19  8   19  99  7.00000E+00  1.76880E+01
p   9   19  8   19  98  1.51340E+00 -2.58360E+00 -9.32760E-02  6.69250E-03  7.00000E+00  1.31800E+03  1.37100E+03  2.63600E+04
f   9    3  8   20  99  2.00000E+00  1.71760E+01
p   9    3  8   20  98  2.04160E+00 -2.53800E+00 -1.85810E-01  2.05870E-02  2.00000E+00  7.13100E+03  7.41600E+03  1.42600E+05
f   9   20  8   20  99  7.00000E+00  1.71992E+01
p   9   20  8   20  98  1.51340E+00 -2.58360E+00 -9.32760E-02  6.69250E-03  7.00000E+00  1.31800E+03  1.37100E+03  2.63600E+04
f   9    4  8   21  99  2.00000E+00  1.70186E+01
p   9    4  8   21  98  2.04160E+00 -2.53800E+00 -1.85810E-01  2.05870E-02  2.00000E+00  7.13100E+03  7.41600E+03  1.42600E+05
f   9   21  8   21  99  7.00000E+00  1.70177E+01
p   9   21  8   21  98  1.51340E+00 -2.58360E+00 -9.32760E-02  6.69250E-03  7.00000E+00  1.31800E+03  1.37100E+03  2.63600E+04
f   9    5  8   22  99  2.00000E+00  1.70780E+01
p   9    5  8   22  98  2.04160E+00 -2.53800E+00 -1.85810E-01  2.05870E-02  2.00000E+00  7.13100E+03  7.41600E+03  1.42600E+05
f   9   22  8   22  99  7.00000E+00  1.70870E+01
p   9   22  8   22  98  1.51340E+00 -2.58360E+00 -9.32760E-02  6.69250E-03  7.00000E+00  1.31800E+03  1.37100E+03  2.63600E+04
f   9    6  8   23  99  2.00000E+00  1.70620E+01
p   9    6  8   23  98  2.04160E+00 -2.53800E+00 -1.85810E-01  2.05870E-02  2.00000E+00  7.13100E+03  7.41600E+03  1.42600E+05
f   9   23  8   23  99  7.00000E+00  1.70710E+01
p   9   23  8   23  98  1.51340E+00 -2.58360E+00 -9.32760E-02  6.69250E-03  7.00000E+00  1.31800E+03  1.37100E+03  2.63600E+04
f   9    7  8   24  99  2.00000E+00  1.70062E+01
p   9    7  8   24  98  2.04160E+00 -2.53800E+00 -1.85810E-01  2.05870E-02  2.00000E+00  7.13100E+03  7.41600E+03  1.42600E+05
f   9   24  8   24  99  7.00000E+00  1.70071E+01
p   9   24  8   24  98  1.51340E+00 -2.58360E+00 -9.32760E-02  6.69250E-03  7.00000E+00  1.31800E+03  1.37100E+03  2.63600E+04
f   9    8  8   25  99  2.00000E+00  1.70062E+01
p   9    8  8   25  98  2.04160E+00 -2.53800E+00 -1.85810E-01  2.05870E-02  2.00000E+00  7.13100E+03  7.41600E+03  1.42600E+05
f   9   25  8   25  99  7.00000E+00  1.70071E+01
p   9   25  8   25  98  1.51340E+00 -2.58360E+00 -9.32760E-02  6.69250E-03  7.00000E+00  1.31800E+03  1.37100E+03  2.63600E+04
f   9    9  8   26  99  2.00000E+00  1.70008E+01
p   9    9  8   26  98  2.04160E+00 -2.53800E+00 -1.85810E-01  2.05870E-02  2.00000E+00  7.13100E+03  7.41600E+03  1.42600E+05
f   9   26  8   26  99  7.00000E+00  1.70008E+01
p   9   26  8   26  98  1.51340E+00 -2.58360E+00 -9.32760E-02  6.69250E-03  7.00000E+00  1.31800E+03  1.37100E+03  2.63600E+04
a   9   10  8    1   6.83595E+13
a   9   11  8    1   1.26394E+13
a   9   12  8    1   4.00118E+12
a   9   13  8    1   1.59761E+12
a   9   14  8    1   7.39136E+11
a   9   15  8    1   3.79114E+11
a   9   16  8    1   2.10375E+11
a   9   17  8    1   1.24222E+11
a   9   18  8    1   1.04678E+15
a   9   19  8    1   2.24665E+13
a   9   20  8    1   4.83560E+12
a   9   21  8    1   1.50938E+12
a   9   22  8    1   5.91325E+11
a   9   23  8    1   2.73592E+11
a   9   24  8    1   1.40329E+11
a   9   25  8    1   7.78715E+10
a   9   26  8    1   4.59830E+10
a   9   19  8    2   7.85085E+14
a   9   20  8    3   7.85085E+14
a   9   21  8    4   7.85085E+14
a   9   22  8    5   7.85085E+14
a   9   23  8    6   7.85085E+14
a   9   24  8    7   7.85085E+14
a   9   25  8    8   7.85085E+14
a   9   26  8    9   7.85085E+14
b  10    1 10    2  99  1.14403E-01  1.80311E+00 -5.50989E+01  5.28280E+02  2.00000E+01  3.34880E+00  3.34880E+00
b  10    1 10    3  99  1.02514E-01  1.82986E+00 -4.30962E+01  3.05389E+02  2.00000E+01  8.58400E-01  8.58400E-01
b  10    2 10    3  99  8.97985E-02  1.02343E+00 -1.68494E+01  1.07845E+02  2.00000E+01  6.94000E-01  6.94000E-01
b  10    1 10    4  99  1.46120E-01  1.21797E+00 -1.24102E+01  5.44286E+01  7.65058E+00  3.55680E-01  3.55680E-01
b  10    2 10    4  99  1.06810E-01  1.31411E+00 -1.32067E+01  2.16963E+01  2.00000E+01  1.43600E-01  1.43600E-01
b  10    3 10    4  99  1.06347E-01  9.06053E-01 -1.56868E+01  1.52626E+02  2.00000E+01  9.45900E-01  9.45900E-01
b  10    1 10    5  99  2.53253E-01  8.63426E-01 -5.94493E+00  2.42490E+01  4.59958E+00  1.72400E-01  1.72400E-01
b  10    2 10    5  99  1.27488E-01  1.61258E+00 -1.35580E+01 -3.81045E+00  2.00000E+01  5.32300E-02  5.32300E-02
b  10    3 10    5  99  1.58469E-01  1.40634E+00 -2.06175E+01  2.23902E+02  2.00000E+01  1.67500E-01  1.67500E-01
b  10    4 10    5  99  2.56927E-01  1.34200E-01  1.41046E+00 -4.63033E-01  2.03854E+00  1.14500E+00  1.14500E+00
b  10    1 10    6  99  3.28375E-01  5.95131E-01 -3.67844E+00  1.77998E+01  3.85740E+00  1.01760E-01  1.01760E-01
b  10    2 10    6  99  1.36246E-01  1.72450E+00 -1.36423E+01 -5.85962E+00  2.00000E+01  2.72800E-02  2.72800E-02
b  10    3 10    6  99  1.41560E-01  1.75677E+00 -1.61212E+01  9.26491E+01  2.00000E+01  6.34000E-02  6.34000E-02
b  10    4 10    6  99  1.45306E-01  1.42536E+00 -1.61732E+01  1.60477E+02  2.00000E+01  1.96900E-01  1.96900E-01
b  10    5 10    6  99  2.68773E-01  5.75973E-02  2.17881E+00 -1.09235E+00  2.77951E+00  1.36600E+00  1.36600E+00
b  10    1 10    7  99  3.26265E-01  6.17521E-01 -3.66396E+00  1.73528E+01  3.82318E+00  6.53680E-02  6.53680E-02
b  10    2 10    7  99  1.51104E-01  1.62572E+00 -6.83084E+00  2.16045E+01  7.86613E+00  1.61200E-02  1.61200E-02
b  10    3 10    7  99  1.54321E-01  1.96752E+00 -1.76909E+01  1.10947E+02  2.00000E+01  3.19600E-02  3.19600E-02
b  10    4 10    7  99  1.74186E-01  1.77859E+00 -1.82906E+01  1.97078E+02  2.00000E+01  7.22700E-02  7.22700E-02
b  10    5 10    7  99  2.98360E-01  6.16475E-01  1.60814E+00 -5.95033E-01  2.19616E+00  2.26300E-01  2.26300E-01
b  10    6 10    7  99  2.49874E-01  1.22776E-01  1.94729E+00 -9.62047E-01  2.77178E+00  1.57200E+00  1.57200E+00
b  10    1 10    8  99  3.29574E-01  6.22384E-01 -3.68454E+00  1.75393E+01  3.82812E+00  4.45920E-02  4.45920E-02
b  10    2 10    8  99  1.51259E-01  1.66339E+00 -5.94852E+00  1.68353E+01  6.85335E+00  1.04200E-02  1.04200E-02
b  10    3 10    8  99  1.63672E-01  2.11304E+00 -1.88110E+01  1.25664E+02  2.00000E+01  1.87800E-02  1.87800E-02
b  10    4 10    8  99  1.91300E-01  2.03433E+00 -1.91566E+01  2.10222E+02  2.00000E+01  3.58900E-02  3.58900E-02
b  10    5 10    8  99  3.31077E-01  9.79919E-01  1.68079E+00 -6.17849E-01  2.17223E+00  8.12900E-02  8.12900E-02
b  10    6 10    8  99  2.74739E-01  7.18873E-01  1.30098E+00 -4.31810E-01  2.07081E+00  2.54200E-01  2.54200E-01
b  10    7 10    8  99  2.56325E-01  7.54230E-02  2.52332E+00 -1.45614E+00  3.37649E+00  1.77300E+00  1.77300E+00
b  10    1 10    9  99  3.29031E-01  6.31659E-01 -3.66661E+00  1.73102E+01  3.81097E+00  3.18000E-02  3.18000E-02
b  10    2 10    9  99  1.38084E-01  1.85143E+00 -1.01426E+01  1.78884E-01  1.49395E+01  7.16200E-03  7.16200E-03
b  10    3 10    9  99  1.69047E-01  2.22178E+00 -1.93065E+01  1.29632E+02  2.00000E+01  1.21400E-02  1.21400E-02
b  10    4 10    9  99  2.02146E-01  2.22448E+00 -1.93562E+01  2.11315E+02  2.00000E+01  2.09400E-02  2.09400E-02
b  10    5 10    9  99  3.51942E-01  1.26826E+00  1.69697E+00 -6.00754E-01  2.15603E+00  3.98900E-02  3.98900E-02
b  10    6 10    9  99  3.22421E-01  1.06124E+00  1.69966E+00 -7.14382E-01  2.24618E+00  8.99900E-02  8.99900E-02
b  10    7 10    9  99  2.96518E-01  6.20617E-01  2.20764E+00 -1.11429E+00  2.92636E+00  2.81700E-01  2.81700E-01
b  10    8 10    9  99  4.72049E-01  2.17948E-01  4.52362E+00 -2.58624E+00  3.36480E+00  1.02300E+00  1.02300E+00
b  10    1 10   10  98  0.00000E+00  0.00000E+00  0.00000E+00  0.00000E+00  0.00000E+00  5.30387E-01  1.06077E-02
b  10    2 10   10  99  1.14403E-01  1.80311E+00 -5.50989E+01  5.28280E+02  2.00000E+01  2.76741E+00  2.76741E+00
b  10    1 10   11  98  0.00000E+00  0.00000E+00  0.00000E+00  0.00000E+00  0.00000E+00  7.65872E-01  1.53174E-02
b  10    2 10   11  99  1.02514E-01  1.82986E+00 -4.30962E+01  3.05389E+02  2.00000E+01  7.51100E-01  7.51100E-01
b  10    3 10   11  99  1.14403E-01  1.80311E+00 -5.50989E+01  5.28280E+02  2.00000E+01  2.93020E+00  2.93020E+00
b  10   10 10   11  99  8.97985E-02  1.02343E+00 -1.68494E+01  1.07845E+02  2.00000E+01  1.38800E+00  1.38800E+00
b  10    1 10   12  98  0.00000E+00  0.00000E+00  0.00000E+00  0.00000E+00  0.00000E+00  1.08695E+00  2.17390E-02
b  10    2 10   12  99  1.46120E-01  1.21797E+00 -1.24102E+01  5.44286E+01  7.65058E+00  3.11220E-01  3.11220E-01
b  10    4 10   12  99  1.14403E-01  1.80311E+00 -5.50989E+01  5.28280E+02  2.00000E+01  2.93020E+00  2.93020E+00
b  10   10 10   12  99  1.06810E-01  1.31411E+00 -1.32067E+01  2.16963E+01  2.00000E+01  2.87200E-01  2.87200E-01
b  10   11 10   12  99  1.06347E-01  9.06053E-01 -1.56868E+01  1.52626E+02  2.00000E+01  9.45900E-01  9.45900E-01
b  10    1 10   13  98  0.00000E+00  0.00000E+00  0.00000E+00  0.00000E+00  0.00000E+00  1.49349E+00  2.98698E-02
b  10    2 10   13  99  2.53253E-01  8.63426E-01 -5.94493E+00  2.42490E+01  4.59958E+00  1.50850E-01  1.50850E-01
b  10    5 10   13  99  1.14403E-01  1.80311E+00 -5.50989E+01  5.28280E+02  2.00000E+01  2.93020E+00  2.93020E+00
b  10   10 10   13  99  1.27488E-01  1.61258E+00 -1.35580E+01 -3.81045E+00  2.00000E+01  1.06460E-01  1.06460E-01
b  10   11 10   13  99  1.58469E-01  1.40634E+00 -2.06175E+01  2.23902E+02  2.00000E+01  1.67500E-01  1.67500E-01
b  10   12 10   13  99  2.56927E-01  1.34200E-01  1.41046E+00 -4.63033E-01  2.03854E+00  1.14500E+00  1.14500E+00
b  10    1 10   14  98  0.00000E+00  0.00000E+00  0.00000E+00  0.00000E+00  0.00000E+00  1.97491E+00  3.94982E-02
b  10    2 10   14  99  3.28375E-01  5.95131E-01 -3.67844E+00  1.77998E+01  3.85740E+00  8.90400E-02  8.90400E-02
b  10    6 10   14  99  1.14403E-01  1.80311E+00 -5.50989E+01  5.28280E+02  2.00000E+01  2.93020E+00  2.93020E+00
b  10   10 10   14  99  1.36246E-01  1.72450E+00 -1.36423E+01 -5.85962E+00  2.00000E+01  5.45600E-02  5.45600E-02
b  10   11 10   14  99  1.41560E-01  1.75677E+00 -1.61212E+01  9.26491E+01  2.00000E+01  6.34000E-02  6.34000E-02
b  10   12 10   14  99  1.45306E-01  1.42536E+00 -1.61732E+01  1.60477E+02  2.00000E+01  1.96900E-01  1.96900E-01
b  10   13 10   14  99  2.68773E-01  5.75973E-02  2.17881E+00 -1.09235E+00  2.77951E+00  1.36600E+00  1.36600E+00
b  10    1 10   15  98  0.00000E+00  0.00000E+00  0.00000E+00  0.00000E+00  0.00000E+00  2.53110E+00  5.06219E-02
b  10    2 10   15  99  3.26265E-01  6.17521E-01 -3.66396E+00  1.73528E+01  3.82318E+00  5.71970E-02  5.71970E-02
b  10    7 10   15  99  1.14403E-01  1.80311E+00 -5.50989E+01  5.28280E+02  2.00000E+01  2.93020E+00  2.93020E+00
b  10   10 10   15  99  1.51104E-01  1.62572E+00 -6.83084E+00  2.16045E+01  7.86613E+00  3.22400E-02  3.22400E-02
b  10   11 10   15  99  1.54321E-01  1.96752E+00 -1.76909E+01  1.10947E+02  2.00000E+01  3.19600E-02  3.19600E-02
b  10   12 10   15  99  1.74186E-01  1.77859E+00 -1.82906E+01  1.97078E+02  2.00000E+01  7.22700E-02  7.22700E-02
b  10   13 10   15  99  2.98360E-01  6.16475E-01  1.60814E+00 -5.95033E-01  2.19616E+00  2.26300E-01  2.26300E-01
b  10   14 10   15  99  2.49874E-01  1.22776E-01  1.94729E+00 -9.62047E-01  2.77178E+00  1.57200E+00  1.57200E+00
b  10    1 10   16  98  0.00000E+00  0.00000E+00  0.00000E+00  0.00000E+00  0.00000E+00  3.16399E+00  6.32798E-02
b  10    2 10   16  99  3.29574E-01  6.22384E-01 -3.68454E+00  1.75393E+01  3.82812E+00  3.90180E-02  3.90180E-02
b  10    8 10   16  99  1.14403E-01  1.80311E+00 -5.50989E+01  5.28280E+02  2.00000E+01  2.93020E+00  2.93020E+00
b  10   10 10   16  99  1.51259E-01  1.66339E+00 -5.94852E+00  1.68353E+01  6.85335E+00  2.08400E-02  2.08400E-02
b  10   11 10   16  99  1.63672E-01  2.11304E+00 -1.88110E+01  1.25664E+02  2.00000E+01  1.87800E-02  1.87800E-02
b  10   12 10   16  99  1.91300E-01  2.03433E+00 -1.91566E+01  2.10222E+02  2.00000E+01  3.58900E-02  3.58900E-02
b  10   13 10   16  99  3.31077E-01  9.79919E-01  1.68079E+00 -6.17849E-01  2.17223E+00  8.12900E-02  8.12900E-02
b  10   14 10   16  99  2.74739E-01  7.18873E-01  1.30098E+00 -4.31810E-01  2.07081E+00  2.54200E-01  2.54200E-01
b  10   15 10   16  99  2.56325E-01  7.54230E-02  2.52332E+00 -1.45614E+00  3.37649E+00  1.77300E+00  1.77300E+00
b  10    1 10   17  98  0.00000E+00  0.00000E+00  0.00000E+00  0.00000E+00  0.00000E+00  3.87191E+00  7.74383E-02
b  10    2 10   17  99  3.29031E-01  6.31659E-01 -3.66661E+00  1.73102E+01  3.81097E+00  2.78250E-02  2.78250E-02
b  10    9 10   17  99  1.14403E-01  1.80311E+00 -5.50989E+01  5.28280E+02  2.00000E+01  2.93020E+00  2.93020E+00
b  10   10 10   17  99  1.38084E-01  1.85143E+00 -1.01426E+01  1.78884E-01  1.49395E+01  1.43240E-02  1.43240E-02
b  10   11 10   17  99  1.69047E-01  2.22178E+00 -1.93065E+01  1.29632E+02  2.00000E+01  1.21400E-02  1.21400E-02
b  10   12 10   17  99  2.02146E-01  2.22448E+00 -1.93562E+01  2.11315E+02  2.00000E+01  2.09400E-02  2.09400E-02
b  10   13 10   17  99  3.51942E-01  1.26826E+00  1.69697E+00 -6.00754E-01  2.15603E+00  3.98900E-02  3.98900E-02
b  10   14 10   17  99  3.22421E-01  1.06124E+00  1.69966E+00 -7.14382E-01  2.24618E+00  8.99900E-02  8.99900E-02
b  10   15 10   17  99  2.96518E-01  6.20617E-01  2.20764E+00 -1.11429E+00  2.92636E+00  2.81700E-01  2.81700E-01
b  10   16 10   17  99  4.72049E-01  2.17948E-01  4.52362E+00 -2.58624E+00  3.36480E+00  1.02300E+00  1.02300E+00
b  10    1 10   18  99  2.02466E-01  1.23365E+00 -1.43369E+01  5.43053E+01  5.80657E+00  1.00260E-01  1.00260E-01
b  10    2 10   18  99  2.60149E-01  7.42611E-01 -9.85937E+00  4.11661E+01  4.97484E+00  7.63000E-02  7.63000E-02
b  10    1 10   19  99  1.80999E-01  1.37364E+00 -1.58595E+01  5.90699E+01  6.18834E+00  3.69800E-02  3.69800E-02
b  10    3 10   19  99  2.60149E-01  7.42611E-01 -9.85937E+00  4.11661E+01  4.97484E+00  7.63000E-02  7.63000E-02
b  10   18 10   19  99  8.97985E-02  1.02343E+00 -1.68494E+01  1.07845E+02  2.00000E+01  6.94000E-01  6.94000E-01
b  10    1 10   20  99  1.66955E-01  1.44354E+00 -1.68428E+01  6.26853E+01  6.48985E+00  1.77900E-02  1.77900E-02
b  10    4 10   20  99  2.60149E-01  7.42611E-01 -9.85937E+00  4.11661E+01  4.97484E+00  7.63000E-02  7.63000E-02
b  10   18 10   20  99  1.06810E-01  1.31411E+00 -1.32067E+01  2.16963E+01  2.00000E+01  1.43600E-01  1.43600E-01
b  10   19 10   20  99  1.06347E-01  9.06053E-01 -1.56868E+01  1.52626E+02  2.00000E+01  9.45900E-01  9.45900E-01
b  10    1 10   21  99  1.65101E-01  1.60632E+00 -1.89490E+01  7.01608E+01  6.71883E+00  9.46600E-03  9.46600E-03
b  10    5 10   21  99  2.60149E-01  7.42611E-01 -9.85937E+00  4.11661E+01  4.97484E+00  7.63000E-02  7.63000E-02
b  10   18 10   21  99  1.27488E-01  1.61258E+00 -1.35580E+01 -3.81045E+00  2.00000E+01  5.32300E-02  5.32300E-02
b  10   19 10   21  99  1.58469E-01  1.40634E+00 -2.06175E+01  2.23902E+02  2.00000E+01  1.67500E-01  1.67500E-01
b  10   20 10   21  99  2.56927E-01  1.34200E-01  1.41046E+00 -4.63033E-01  2.03854E+00  1.14500E+00  1.14500E+00
b  10    1 10   22  99  1.62653E-01  1.61475E+00 -1.90688E+01  7.05391E+01  6.77198E+00  5.82400E-03  5.82400E-03
b  10    6 10   22  99  2.60149E-01  7.42611E-01 -9.85937E+00  4.11661E+01  4.97484E+00  7.63000E-02  7.63000E-02
b  10   18 10   22  99  1.36246E-01  1.72450E+00 -1.36423E+01 -5.85962E+00  2.00000E+01  2.72800E-02  2.72800E-02
b  10   19 10   22  99  1.41560E-01  1.75677E+00 -1.61212E+01  9.26491E+01  2.00000E+01  6.34000E-02  6.34000E-02
b  10   20 10   22  99  1.45306E-01  1.42536E+00 -1.61732E+01  1.60477E+02  2.00000E+01  1.96900E-01  1.96900E-01
b  10   21 10   22  99  2.68773E-01  5.75973E-02  2.17881E+00 -1.09235E+00  2.77951E+00  1.36600E+00  1.36600E+00
b  10    1 10   23  99  1.51890E-01  1.68967E+00 -2.05826E+01  7.73411E+01  7.17196E+00  3.83800E-03  3.83800E-03
b  10    7 10   23  99  2.60149E-01  7.42611E-01 -9.85937E+00  4.11661E+01  4.97484E+00  7.63000E-02  7.63000E-02
b  10   18 10   23  99  1.51104E-01  1.62572E+00 -6.83084E+00  2.16045E+01  7.86613E+00  1.61200E-02  1.61200E-02
b  10   19 10   23  99  1.54321E-01  1.96752E+00 -1.76909E+01  1.10947E+02  2.00000E+01  3.19600E-02  3.19600E-02
b  10   20 10   23  99  1.74186E-01  1.77859E+00 -1.82906E+01  1.97078E+02  2.00000E+01  7.22700E-02  7.22700E-02
b  10   21 10   23  99  2.98360E-01  6.16475E-01  1.60814E+00 -5.95033E-01  2.19616E+00  2.26300E-01  2.26300E-01
b  10   22 10   23  99  2.49874E-01  1.22776E-01  1.94729E+00 -9.62047E-01  2.77178E+00  1.57200E+00  1.57200E+00
b  10    1 10   24  99  1.55703E-01  1.66420E+00 -2.01438E+01  7.55974E+01  7.06976E+00  2.66200E-03  2.66200E-03
b  10    8 10   24  99  2.60149E-01  7.42611E-01 -9.85937E+00  4.11661E+01  4.97484E+00  7.63000E-02  7.63000E-02
b  10   18 10   24  99  1.51259E-01  1.66339E+00 -5.94852E+00  1.68353E+01  6.85335E+00  1.04200E-02  1.04200E-02
b  10   19 10   24  99  1.63672E-01  2.11304E+00 -1.88110E+01  1.25664E+02  2.00000E+01  1.87800E-02  1.87800E-02
b  10   20 10   24  99  1.91300E-01  2.03433E+00 -1.91566E+01  2.10222E+02  2.00000E+01  3.58900E-02  3.58900E-02
b  10   21 10   24  99  3.31077E-01  9.79919E-01  1.68079E+00 -6.17849E-01  2.17223E+00  8.12900E-02  8.12900E-02
b  10   22 10   24  99  2.74739E-01  7.18873E-01  1.30098E+00 -4.31810E-01  2.07081E+00  2.54200E-01  2.54200E-01
b  10   23 10   24  99  2.56325E-01  7.54230E-02  2.52332E+00 -1.45614E+00  3.37649E+00  1.77300E+00  1.77300E+00
b  10    1 10   25  99  1.55317E-01  1.65655E+00 -1.98982E+01  7.41843E+01  7.01795E+00  1.91880E-03  1.91880E-03
b  10    9 10   25  99  2.60149E-01  7.42611E-01 -9.85937E+00  4.11661E+01  4.97484E+00  7.63000E-02  7.63000E-02
b  10   18 10   25  99  1.38084E-01  1.85143E+00 -1.01426E+01  1.78884E-01  1.49395E+01  7.16200E-03  7.16200E-03
b  10   19 10   25  99  1.69047E-01  2.22178E+00 -1.93065E+01  1.29632E+02  2.00000E+01  1.21400E-02  1.21400E-02
b  10   20 10   25  99  2.02146E-01  2.22448E+00 -1.93562E+01  2.11315E+02  2.00000E+01  2.09400E-02  2.09400E-02
b  10   21 10   25  99  3.51942E-01  1.26826E+00  1.69697E+00 -6.00754E-01  2.15603E+00  3.98900E-02  3.98900E-02
b  10   22 10   25  99  3.22421E-01  1.06124E+00  1.69966E+00 -7.14382E-01  2.24618E+00  8.99900E-02  8.99900E-02
b  10   23 10   25  99  2.96518E-01  6.20617E-01  2.20764E+00 -1.11429E+00  2.92636E+00  2.81700E-01  2.81700E-01
b  10   24 10   25  99  4.72049E-01  2.17948E-01  4.52362E+00 -2.58624E+00  3.36480E+00  1.02300E+00  1.02300E+00
f  10    1  9    1  99  8.00000E+00  2.10107E+01
p  10    1  9    1  98  1.55930E+00 -2.54640E+00 -1.03270E-01  7.89500E-03  8.00000E+00  1.23300E+03  1.28200E+03  2.46600E+04
f  10    2  9    1  99  1.00000E+00  1.67040E+01
p  10    2  9    1  99  1.00000E+00  1.67040E+01
f  10    3  9    1  99  1.00000E+00  1.62038E+01
p  10    3  9    1  99  1.00000E+00  1.62038E+01
f  10    4  9    1  99  1.00000E+00  1.60207E+01
p  10    4  9    1  99  1.00000E+00  1.60207E+01
f  10    5  9    1  99  1.00000E+00  1.60900E+01
p  10    5  9    1  99  1.00000E+00  1.60900E+01
f  10    6  9    1  99  1.00000E+00  1.60720E+01
p  10    6  9    1  99  1.00000E+00  1.60720E+01
f  10    7  9    1  99  1.00000E+00  1.60072E+01
p  10    7  9    1  99  1.00000E+00  1.60072E+01
f  10    8  9    1  99  1.00000E+00  1.60072E+01
p  10    8  9    1  99  1.00000E+00  1.60072E+01
f  10    9  9    1  99  1.00000E+00  1.60009E+01
p  10    9  9    1  99  1.00000E+00  1.60009E+01
f  10    2  9    2  99  7.00000E+00  1.67040E+01
p  10    2  9    2  98  1.55930E+00 -2.54640E+00 -1.03270E-01  7.89500E-03  8.00000E+00  1.23300E+03  1.28200E+03  2.46600E+04
f  10   10  9    2  99  2.00000E+00  1.72680E+01
p  10   10  9    2  99  2.00000E+00  1.72680E+01
f  10   11  9    2  99  1.00000E+00  1.62605E+01
p  10   11  9    2  99  1.00000E+00  1.62605E+01
f  10   12  9    2  99  1.00000E+00  1.60390E+01
p  10   12  9    2  99  1.00000E+00  1.60390E+01
f  10   13  9    2  99  1.00000E+00  1.60960E+01
p  10   13  9    2  99  1.00000E+00  1.60960E+01
f  10   14  9    2  99  1.00000E+00  1.60760E+01
p  10   14  9    2  99  1.00000E+00  1.60760E+01
f  10   15  9    2  99  1.00000E+00  1.60162E+01
p  10   15  9    2  99  1.00000E+00  1.60162E+01
f  10   16  9    2  99  1.00000E+00  1.60142E+01
p  10   16  9    2  99  1.00000E+00  1.60142E+01
f  10   17  9    2  99  1.00000E+00  1.60009E+01
p  10   17  9    2  99  1.00000E+00  1.60009E+01
f  10    3  9    3  99  7.00000E+00  1.62038E+01
p  10    3  9    3  98  1.55930E+00 -2.54640E+00 -1.03270E-01  7.89500E-03  8.00000E+00  1.23300E+03  1.28200E+03  2.46600E+04
f  10   11  9    3  99  1.00000E+00  1.62605E+01
p  10   11  9    3  99  1.00000E+00  1.62605E+01
f  10    4  9    4  99  7.00000E+00  1.60207E+01
p  10    4  9    4  98  1.55930E+00 -2.54640E+00 -1.03270E-01  7.89500E-03  8.00000E+00  1.23300E+03  1.28200E+03  2.46600E+04
f  10   12  9    4  99  1.00000E+00  1.60390E+01
p  10   12  9    4  99  1.00000E+00  1.60390E+01
f  10    5  9    5  99  7.00000E+00  1.60900E+01
p  10    5  9    5  98  1.55930E+00 -2.54640E+00 -1.03270E-01  7.89500E-03  8.00000E+00  1.23300E+03  1.28200E+03  2.46600E+04
f  10   13  9    5  99  1.00000E+00  1.60960E+01
p  10   13  9    5  99  1.00000E+00  1.60960E+01
f  10    6  9    6  99  7.00000E+00  1.60720E+01
p  10    6  9    6  98  1.55930E+00 -2.54640E+00 -1.03270E-01  7.89500E-03  8.00000E+00  1.23300E+03  1.28200E+03  2.46600E+04
f  10   14  9    6  99  1.00000E+00  1.60760E+01
p  10   14  9    6  99  1.00000E+00  1.60760E+01
f  10    7  9    7  99  7.00000E+00  1.60072E+01
p  10    7  9    7  98  1.55930E+00 -2.54640E+00 -1.03270E-01  7.89500E-03  8.00000E+00  1.23300E+03  1.28200E+03  2.46600E+04
f  10   15  9    7  99  1.00000E+00  1.60162E+01
p  10   15  9    7  99  1.00000E+00  1.60162E+01
f  10    8  9    8  99  7.00000E+00  1.60072E+01
p  10    8  9    8  98  1.55930E+00 -2.54640E+00 -1.03270E-01  7.89500E-03  8.00000E+00  1.23300E+03  1.28200E+03  2.46600E+04
f  10   16  9    8  99  1.00000E+00  1.60142E+01
p  10   16  9    8  99  1.00000E+00  1.60142E+01
f  10    9  9    9  99  7.00000E+00  1.60009E+01
p  10    9  9    9  98  1.55930E+00 -2.54640E+00 -1.03270E-01  7.89500E-03  8.00000E+00  1.23300E+03  1.28200E+03  2.46600E+04
f  10   17  9    9  99  1.00000E+00  1.60009E+01
p  10   17  9    9  99  1.00000E+00  1.60009E+01
f  10   10  9   10  99  6.00000E+00  1.72680E+01
p  10   10  9   10  98  1.55930E+00 -2.54640E+00 -1.03270E-01  7.89500E-03  8.00000E+00  1.23300E+03  1.28200E+03  2.46600E+04
f  10   11  9   11  99  6.00000E+00  1.62605E+01
p  10   11  9   11  98  1.55930E+00 -2.54640E+00 -1.03270E-01  7.89500E-03  8.00000E+00  1.23300E+03  1.28200E+03  2.46600E+04
f  10   12  9   12  99  6.00000E+00  1.60390E+01
p  10   12  9   12  98  1.55930E+00 -2.54640E+00 -1.03270E-01  7.89500E-03  8.00000E+00  1.23300E+03  1.28200E+03  2.46600E+04
f  10   13  9   13  99  6.00000E+00  1.60960E+01
p  10   13  9   13  98  1.55930E+00 -2.54640E+00 -1.03270E-01  7.89500E-03  8.00000E+00  1.23300E+03  1.28200E+03  2.46600E+04
f  10   14  9   14  99  6.00000E+00  1.60760E+01
p  10   14  9   14  98  1.55930E+00 -2.54640E+00 -1.03270E-01  7.89500E-03  8.00000E+00  1.23300E+03  1.28200E+03  2.46600E+04
f  10   15  9   15  99  6.00000E+00  1.60162E+01
p  10   15  9   15  98  1.55930E+00 -2.54640E+00 -1.03270E-01  7.89500E-03  8.00000E+00  1.23300E+03  1.28200E+03  2.46600E+04
f  10   16  9   16  99  6.00000E+00  1.60142E+01
p  10   16  9   16  98  1.55930E+00 -2.54640E+00 -1.03270E-01  7.89500E-03  8.00000E+00  1.23300E+03  1.28200E+03  2.46600E+04
f  10   17  9   17  99  6.00000E+00  1.60009E+01
p  10   17  9   17  98  1.55930E+00 -2.54640E+00 -1.03270E-01  7.89500E-03  8.00000E+00  1.23300E+03  1.28200E+03  2.46600E+04
f  10    1  9   18  99  2.00000E+00  2.10107E+01
p  10    1  9   18  98  2.06580E+00 -2.53200E+00 -1.85860E-01  2.03300E-02  2.00000E+00  7.00900E+03  7.29000E+03  1.40200E+05
f  10   18  9   18  99  1.00000E+00  1.67840E+01
p  10   18  9   18  99  1.00000E+00  1.67840E+01
f  10   19  9   18  99  1.00000E+00  1.62270E+01
p  10   19  9   18  99  1.00000E+00  1.62270E+01
f  10   20  9   18  99  1.00000E+00  1.60198E+01
p  10   20  9   18  99  1.00000E+00  1.60198E+01
f  10   21  9   18  99  1.00000E+00  1.60990E+01
p  10   21  9   18  99  1.00000E+00  1.60990E+01
f  10   22  9   18  99  1.00000E+00  1.60810E+01
p  10   22  9   18  99  1.00000E+00  1.60810E+01
f  10   23  9   18  99  1.00000E+00  1.60081E+01
p  10   23  9   18  99  1.00000E+00  1.60081E+01
f  10   24  9   18  99  1.00000E+00  1.60081E+01
p  10   24  9   18  99  1.00000E+00  1.60081E+01
f  10   25  9   18  99  1.00000E+00  1.60009E+01
p  10   25  9   18  99  1.00000E+00  1.60009E+01
f  10    2  9   19  99  2.00000E+00  1.67040E+01
p  10    2  9   19  98  2.06580E+00 -2.53200E+00 -1.85860E-01  2.03300E-02  2.00000E+00  7.00900E+03  7.29000E+03  1.40200E+05
f  10   18  9   19  99  8.00000E+00  1.67840E+01
p  10   18  9   19  98  1.55930E+00 -2.54640E+00 -1.03270E-01  7.89500E-03  8.00000E+00  1.23300E+03  1.28200E+03  2.46600E+04
f  10    3  9   20  99  2.00000E+00  1.62038E+01
p  10    3  9   20  98  2.06580E+00 -2.53200E+00 -1.85860E-01  2.03300E-02  2.00000E+00  7.00900E+03  7.29000E+03  1.40200E+05
f  10   19  9   20  99  8.00000E+00  1.62270E+01
p  10   19  9   20  98  1.55930E+00 -2.54640E+00 -1.03270E-01  7.89500E-03  8.00000E+00  1.23300E+03  1.28200E+03  2.46600E+04
f  10    4  9   21  99  2.00000E+00  1.60207E+01
p  10    4  9   21  98  2.06580E+00 -2.53200E+00 -1.85860E-01  2.03300E-02  2.00000E+00  7.00900E+03  7.29000E+03  1.40200E+05
f  10   20  9   21  99  8.00000E+00  1.60198E+01
p  10   20  9   21  98  1.55930E+00 -2.54640E+00 -1.03270E-01  7.89500E-03  8.00000E+00  1.23300E+03  1.28200E+03  2.46600E+04
f  10    5  9   22  99  2.00000E+00  1.60900E+01
p  10    5  9   22  98  2.06580E+00 -2.53200E+00 -1.85860E-01  2.03300E-02  2.00000E+00  7.00900E+03  7.29000E+03  1.40200E+05
f  10   21  9   22  99  8.00000E+00  1.60990E+01
p  10   21  9   22  98  1.55930E+00 -2.54640E+00 -1.03270E-01  7.89500E-03  8.00000E+00  1.23300E+03  1.28200E+03  2.46600E+04
f  10    6  9   23  99  2.00000E+00  1.60720E+01
p  10    6  9   23  98  2.06580E+00 -2.53200E+00 -1.85860E-01  2.03300E-02  2.00000E+00  7.00900E+03  7.29000E+03  1.40200E+05
f  10   22  9   23  99  8.00000E+00  1.60810E+01
p  10   22  9   23  98  1.55930E+00 -2.54640E+00 -1.03270E-01  7.89500E-03  8.00000E+00  1.23300E+03  1.28200E+03  2.46600E+04
f  10    7  9   24  99  2.00000E+00  1.60072E+01
p  10    7  9   24  98  2.06580E+00 -2.53200E+00 -1.85860E-01  2.03300E-02  2.00000E+00  7.00900E+03  7.29000E+03  1.40200E+05
f  10   23  9   24  99  8.00000E+00  1.60081E+01
p  10   23  9   24  98  1.55930E+00 -2.54640E+00 -1.03270E-01  7.89500E-03  8.00000E+00  1.23300E+03  1.28200E+03  2.46600E+04
f  10    8  9   25  99  2.00000E+00  1.60072E+01
p  10    8  9   25  98  2.06580E+00 -2.53200E+00 -1.85860E-01  2.03300E-02  2.00000E+00  7.00900E+03  7.29000E+03  1.40200E+05
f  10   24  9   25  99  8.00000E+00  1.60081E+01
p  10   24  9   25  98  1.55930E+00 -2.54640E+00 -1.03270E-01  7.89500E-03  8.00000E+00  1.23300E+03  1.28200E+03  2.46600E+04
f  10    9  9   26  99  2.00000E+00  1.60009E+01
p  10    9  9   26  98  2.06580E+00 -2.53200E+00 -1.85860E-01  2.03300E-02  2.00000E+00  7.00900E+03  7.29000E+03  1.40200E+05
f  10   25  9   26  99  8.00000E+00  1.60009E+01
p  10   25  9   26  98  1.55930E+00 -2.54640E+00 -1.03270E-01  7.89500E-03  8.00000E+00  1.23300E+03  1.28200E+03  2.46600E+04
a  10   10  9    1   4.11330E+13
a  10   11  9    1   7.54575E+12
a  10   12  9    1   2.37428E+12
a  10   13  9    1   9.45375E+11
a  10   14  9    1   4.37378E+11
a  10   15  9    1   2.24332E+11
a  10   16  9    1   1.24492E+11
a  10   17  9    1   7.35105E+10
a  10   18  9    1   2.30292E+13
a  10   19  9    1   4.88600E+12
a  10   20  9    1   1.51940E+12
a  10   21  9    1   5.93000E+11
a  10   22  9    1   2.74360E+11
a  10   23  9    1   1.40720E+11
a  10   24  9    1   7.80920E+10
a  10   25  9    1   4.61120E+10
a  10   18  9    2   9.87392E+14
a  10   19  9    3   9.87392E+14
a  10   20  9    4   9.87392E+14
a  10   21  9    5   9.87392E+14
a  10   22  9    6   9.87392E+14
a  10   23  9    7   9.87392E+14
a  10   24  9    8   9.87392E+14
a  10   25  9    9   9.87392E+14
b  11    1 11    2  99  8.85631E-02  1.00026E+00 -1.50808E+01  8.57032E+01  2.00000E+01  6.74400E-01  6.74400E-01
b  11    1 11    3  99  1.22396E-01  1.40318E+00 -2.11577E+01  1.53699E+02  2.00000E+01  1.40800E-01  1.40800E-01
b  11    2 11    3  99  1.06437E-01  9.01312E-01 -1.51661E+01  1.47762E+02  2.00000E+01  9.35900E-01  9.35900E-01
b  11    1 11    4  99  1.27080E-01  1.58837E+00 -1.21656E+01 -1.66373E+01  2.00000E+01  5.23300E-02  5.23300E-02
b  11    2 11    4  99  1.56045E-01  1.40495E+00 -1.96455E+01  2.10205E+02  2.00000E+01  1.65500E-01  1.65500E-01
b  11    3 11    4  99  2.50306E-01  1.64605E-01  1.32201E+00 -4.11179E-01  2.01591E+00  1.13900E+00  1.13900E+00
b  11    1 11    5  99  1.36620E-01  1.72678E+00 -1.37920E+01  1.19805E+00  2.00000E+01  2.69000E-02  2.69000E-02
b  11    2 11    5  99  1.77413E-01  1.68698E+00 -2.07428E+01  2.24414E+02  2.00000E+01  6.27200E-02  6.27200E-02
b  11    3 11    5  99  3.14564E-01  5.46133E-01  1.69799E+00 -6.04274E-01  2.14617E+00  1.95400E-01  1.95400E-01
b  11    4 11    5  99  2.63657E-01  8.32812E-02  2.09948E+00 -1.04156E+00  2.77241E+00  1.36300E+00  1.36300E+00
b  11    1 11    6  99  1.45024E-01  1.82492E+00 -1.57307E+01  2.83267E+01  2.00000E+01  1.59300E-02  1.59300E-02
b  11    2 11    6  99  1.50647E-01  1.94753E+00 -1.57900E+01  8.58095E+01  2.00000E+01  3.16600E-02  3.16600E-02
b  11    3 11    6  99  1.73169E-01  1.77679E+00 -1.75498E+01  1.88291E+02  2.00000E+01  7.17000E-02  7.17000E-02
b  11    4 11    6  99  2.92574E-01  6.43906E-01  1.53349E+00 -5.42983E-01  2.17561E+00  2.25200E-01  2.25200E-01
b  11    5 11    6  99  2.45545E-01  1.45985E-01  1.87346E+00 -9.03886E-01  2.76199E+00  1.57000E+00  1.57000E+00
b  11    1 11    7  99  1.42808E-01  1.82292E+00 -1.18626E+01 -3.08994E+01  2.00000E+01  1.03100E-02  1.03100E-02
b  11    2 11    7  99  1.62578E-01  2.10366E+00 -1.81336E+01  1.21342E+02  2.00000E+01  1.86200E-02  1.86200E-02
b  11    3 11    7  99  1.92290E-01  2.02599E+00 -1.86034E+01  2.08006E+02  2.00000E+01  3.56200E-02  3.56200E-02
b  11    4 11    7  99  3.26570E-01  1.00208E+00  1.64283E+00 -6.25106E-01  2.14989E+00  8.08400E-02  8.08400E-02
b  11    5 11    7  99  3.04736E-01  5.88934E-01  2.28126E+00 -1.11486E+00  2.92857E+00  2.53400E-01  2.53400E-01
b  11    6 11    7  99  2.52282E-01  9.78164E-02  2.44671E+00 -1.40491E+00  3.36981E+00  1.77300E+00  1.77300E+00
b  11    1 11    8  99  1.46050E-01  1.85761E+00 -1.18782E+01 -3.05649E+01  2.00000E+01  7.09200E-03  7.09200E-03
b  11    2 11    8  99  1.68384E-01  2.20960E+00 -1.86138E+01  1.25514E+02  2.00000E+01  1.20400E-02  1.20400E-02
b  11    3 11    8  99  2.03578E-01  2.21706E+00 -1.90703E+01  2.14549E+02  2.00000E+01  2.07900E-02  2.07900E-02
b  11    4 11    8  99  3.48054E-01  1.28704E+00  1.68800E+00 -6.29754E-01  2.16289E+00  3.96600E-02  3.96600E-02
b  11    5 11    8  99  3.05372E-01  1.13366E+00  1.36216E+00 -4.19518E-01  2.09772E+00  8.96300E-02  8.96300E-02
b  11    6 11    8  99  2.93304E-01  6.36312E-01  2.18459E+00 -1.11339E+00  2.94706E+00  2.81000E-01  2.81000E-01
b  11    7 11    8  99  4.50535E-01  2.47600E-01  4.24507E+00 -2.42311E+00  3.34584E+00  1.05700E+00  1.05700E+00
b  11    1 11    9  99  1.17047E-01  1.83111E+00 -5.63322E+01  5.44558E+02  2.00000E+01  3.02071E+00  3.02071E+00
b  11    1 11   10  99  1.01638E-01  1.78318E+00 -4.30148E+01  3.17302E+02  2.00000E+01  8.24000E-01  8.24000E-01
b  11    2 11   10  99  1.17047E-01  1.83111E+00 -5.63322E+01  5.44558E+02  2.00000E+01  3.19840E+00  3.19840E+00
b  11    9 11   10  99  8.85631E-02  1.00026E+00 -1.50808E+01  8.57032E+01  2.00000E+01  1.34880E+00  1.34880E+00
b  11    1 11   11  99  1.30344E-01  1.30772E+00 -1.50579E+01  6.98796E+01  8.95890E+00  3.42400E-01  3.42400E-01
b  11    3 11   11  99  1.17047E-01  1.83111E+00 -5.63322E+01  5.44558E+02  2.00000E+01  3.19840E+00  3.19840E+00
b  11    9 11   11  99  1.22396E-01  1.40318E+00 -2.11577E+01  1.53699E+02  2.00000E+01  2.81600E-01  2.81600E-01
b  11   10 11   11  99  1.06437E-01  9.01312E-01 -1.51661E+01  1.47762E+02  2.00000E+01  9.35900E-01  9.35900E-01
b  11    1 11   12  99  2.23389E-01  9.85247E-01 -7.55071E+00  3.05432E+01  5.20161E+00  1.66640E-01  1.66640E-01
b  11    4 11   12  99  1.17047E-01  1.83111E+00 -5.63322E+01  5.44558E+02  2.00000E+01  3.19840E+00  3.19840E+00
b  11    9 11   12  99  1.27080E-01  1.58837E+00 -1.21656E+01 -1.66373E+01  2.00000E+01  1.04660E-01  1.04660E-01
b  11   10 11   12  99  1.56045E-01  1.40495E+00 -1.96455E+01  2.10205E+02  2.00000E+01  1.65500E-01  1.65500E-01
b  11   11 11   12  99  2.50306E-01  1.64605E-01  1.32201E+00 -4.11179E-01  2.01591E+00  1.13900E+00  1.13900E+00
b  11    1 11   13  99  2.24156E-01  1.00690E+00 -7.60545E+00  3.05835E+01  5.20279E+00  9.84000E-02  9.84000E-02
b  11    5 11   13  99  1.17047E-01  1.83111E+00 -5.63322E+01  5.44558E+02  2.00000E+01  3.19840E+00  3.19840E+00
b  11    9 11   13  99  1.36620E-01  1.72678E+00 -1.37920E+01  1.19805E+00  2.00000E+01  5.38000E-02  5.38000E-02
b  11   10 11   13  99  1.77413E-01  1.68698E+00 -2.07428E+01  2.24414E+02  2.00000E+01  6.27200E-02  6.27200E-02
b  11   11 11   13  99  3.14564E-01  5.46133E-01  1.69799E+00 -6.04274E-01  2.14617E+00  1.95400E-01  1.95400E-01
b  11   12 11   13  99  2.63657E-01  8.32812E-02  2.09948E+00 -1.04156E+00  2.77241E+00  1.36300E+00  1.36300E+00
b  11    1 11   14  99  3.21841E-01  6.17387E-01 -4.05173E+00  1.94579E+01  4.00787E+00  6.32240E-02  6.32240E-02
b  11    6 11   14  99  1.17047E-01  1.83111E+00 -5.63322E+01  5.44558E+02  2.00000E+01  3.19840E+00  3.19840E+00
b  11    9 11   14  99  1.45024E-01  1.82492E+00 -1.57307E+01  2.83267E+01  2.00000E+01  3.18600E-02  3.18600E-02
b  11   10 11   14  99  1.50647E-01  1.94753E+00 -1.57900E+01  8.58095E+01  2.00000E+01  3.16600E-02  3.16600E-02
b  11   11 11   14  99  1.73169E-01  1.77679E+00 -1.75498E+01  1.88291E+02  2.00000E+01  7.17000E-02  7.17000E-02
b  11   12 11   14  99  2.92574E-01  6.43906E-01  1.53349E+00 -5.42983E-01  2.17561E+00  2.25200E-01  2.25200E-01
b  11   13 11   14  99  2.45545E-01  1.45985E-01  1.87346E+00 -9.03886E-01  2.76199E+00  1.57000E+00  1.57000E+00
b  11    1 11   15  99  3.25314E-01  6.11920E-01 -3.91147E+00  1.88408E+01  3.95011E+00  4.31280E-02  4.31280E-02
b  11    7 11   15  99  1.17047E-01  1.83111E+00 -5.63322E+01  5.44558E+02  2.00000E+01  3.19840E+00  3.19840E+00
b  11    9 11   15  99  1.42808E-01  1.82292E+00 -1.18626E+01 -3.08994E+01  2.00000E+01  2.06200E-02  2.06200E-02
b  11   10 11   15  99  1.62578E-01  2.10366E+00 -1.81336E+01  1.21342E+02  2.00000E+01  1.86200E-02  1.86200E-02
b  11   11 11   15  99  1.92290E-01  2.02599E+00 -1.86034E+01  2.08006E+02  2.00000E+01  3.56200E-02  3.56200E-02
b  11   12 11   15  99  3.26570E-01  1.00208E+00  1.64283E+00 -6.25106E-01  2.14989E+00  8.08400E-02  8.08400E-02
b  11   13 11   15  99  3.04736E-01  5.88934E-01  2.28126E+00 -1.11486E+00  2.92857E+00  2.53400E-01  2.53400E-01
b  11   14 11   15  99  2.52282E-01  9.78164E-02  2.44671E+00 -1.40491E+00  3.36981E+00  1.77300E+00  1.77300E+00
b  11    1 11   16  99  3.24731E-01  6.19016E-01 -3.89158E+00  1.86296E+01  3.93622E+00  3.07520E-02  3.07520E-02
b  11    8 11   16  99  1.17047E-01  1.83111E+00 -5.63322E+01  5.44558E+02  2.00000E+01  3.19840E+00  3.19840E+00
b  11    9 11   16  99  1.46050E-01  1.85761E+00 -1.18782E+01 -3.05649E+01  2.00000E+01  1.41840E-02  1.41840E-02
b  11   10 11   16  99  1.68384E-01  2.20960E+00 -1.86138E+01  1.25514E+02  2.00000E+01  1.20400E-02  1.20400E-02
b  11   11 11   16  99  2.03578E-01  2.21706E+00 -1.90703E+01  2.14549E+02  2.00000E+01  2.07900E-02  2.07900E-02
b  11   12 11   16  99  3.48054E-01  1.28704E+00  1.68800E+00 -6.29754E-01  2.16289E+00  3.96600E-02  3.96600E-02
b  11   13 11   16  99  3.05372E-01  1.13366E+00  1.36216E+00 -4.19518E-01  2.09772E+00  8.96300E-02  8.96300E-02
b  11   14 11   16  99  2.93304E-01  6.36312E-01  2.18459E+00 -1.11339E+00  2.94706E+00  2.81000E-01  2.81000E-01
b  11   15 11   16  99  4.50535E-01  2.47600E-01  4.24507E+00 -2.42311E+00  3.34584E+00  1.05700E+00  1.05700E+00
b  11    1 11   17  99  2.11315E-01  1.22466E+00 -1.41786E+01  5.36902E+01  5.70775E+00  8.99867E-02  8.99867E-02
b  11    9 11   17  99  2.66864E-01  7.13126E-01 -9.57029E+00  4.02185E+01  4.90813E+00  7.59500E-02  7.59500E-02
b  11    1 11   18  99  1.77756E-01  1.35137E+00 -1.56580E+01  5.84827E+01  6.20497E+00  3.46800E-02  3.46800E-02
b  11    2 11   18  99  2.11315E-01  1.22466E+00 -1.41786E+01  5.36902E+01  5.70775E+00  9.52800E-02  9.52800E-02
b  11   10 11   18  99  2.66864E-01  7.13126E-01 -9.57029E+00  4.02185E+01  4.90813E+00  7.59500E-02  7.59500E-02
b  11   17 11   18  99  8.85631E-02  1.00026E+00 -1.50808E+01  8.57032E+01  2.00000E+01  1.34880E+00  1.34880E+00
b  11    1 11   19  99  1.67998E-01  1.41691E+00 -1.64491E+01  6.10744E+01  6.40850E+00  1.65340E-02  1.65340E-02
b  11    3 11   19  99  2.11315E-01  1.22466E+00 -1.41786E+01  5.36902E+01  5.70775E+00  9.52800E-02  9.52800E-02
b  11   11 11   19  99  2.66864E-01  7.13126E-01 -9.57029E+00  4.02185E+01  4.90813E+00  7.59500E-02  7.59500E-02
b  11   17 11   19  99  1.22396E-01  1.40318E+00 -2.11577E+01  1.53699E+02  2.00000E+01  2.81600E-01  2.81600E-01
b  11   18 11   19  99  1.06437E-01  9.01312E-01 -1.51661E+01  1.47762E+02  2.00000E+01  9.35900E-01  9.35900E-01
b  11    1 11   20  99  1.71348E-01  1.57749E+00 -1.86382E+01  6.94515E+01  6.62182E+00  8.75400E-03  8.75400E-03
b  11    4 11   20  99  2.11315E-01  1.22466E+00 -1.41786E+01  5.36902E+01  5.70775E+00  9.52800E-02  9.52800E-02
b  11   12 11   20  99  2.66864E-01  7.13126E-01 -9.57029E+00  4.02185E+01  4.90813E+00  7.59500E-02  7.59500E-02
b  11   17 11   20  99  1.27080E-01  1.58837E+00 -1.21656E+01 -1.66373E+01  2.00000E+01  1.04660E-01  1.04660E-01
b  11   18 11   20  99  1.56045E-01  1.40495E+00 -1.96455E+01  2.10205E+02  2.00000E+01  1.65500E-01  1.65500E-01
b  11   19 11   20  99  2.50306E-01  1.64605E-01  1.32201E+00 -4.11179E-01  2.01591E+00  1.13900E+00  1.13900E+00
b  11    1 11   21  99  1.64076E-01  1.61721E+00 -1.93810E+01  7.26716E+01  6.83243E+00  5.36400E-03  5.36400E-03
b  11    5 11   21  99  2.11315E-01  1.22466E+00 -1.41786E+01  5.36902E+01  5.70775E+00  9.52800E-02  9.52800E-02
b  11   13 11   21  99  2.66864E-01  7.13126E-01 -9.57029E+00  4.02185E+01  4.90813E+00  7.59500E-02  7.59500E-02
b  11   17 11   21  99  1.36620E-01  1.72678E+00 -1.37920E+01  1.19805E+00  2.00000E+01  5.38000E-02  5.38000E-02
b  11   18 11   21  99  1.77413E-01  1.68698E+00 -2.07428E+01  2.24414E+02  2.00000E+01  6.27200E-02  6.27200E-02
b  11   19 11   21  99  3.14564E-01  5.46133E-01  1.69799E+00 -6.04274E-01  2.14617E+00  1.95400E-01  1.95400E-01
b  11   20 11   21  99  2.63657E-01  8.32812E-02  2.09948E+00 -1.04156E+00  2.77241E+00  1.36300E+00  1.36300E+00
b  11    1 11   22  99  1.61365E-01  1.62667E+00 -1.95446E+01  7.32903E+01  6.89305E+00  3.52600E-03  3.52600E-03
b  11    6 11   22  99  2.11315E-01  1.22466E+00 -1.41786E+01  5.36902E+01  5.70775E+00  9.52800E-02  9.52800E-02
b  11   14 11   22  99  2.66864E-01  7.13126E-01 -9.57029E+00  4.02185E+01  4.90813E+00  7.59500E-02  7.59500E-02
b  11   17 11   22  99  1.45024E-01  1.82492E+00 -1.57307E+01  2.83267E+01  2.00000E+01  3.18600E-02  3.18600E-02
b  11   18 11   22  99  1.50647E-01  1.94753E+00 -1.57900E+01  8.58095E+01  2.00000E+01  3.16600E-02  3.16600E-02
b  11   19 11   22  99  1.73169E-01  1.77679E+00 -1.75498E+01  1.88291E+02  2.00000E+01  7.17000E-02  7.17000E-02
b  11   20 11   22  99  2.92574E-01  6.43906E-01  1.53349E+00 -5.42983E-01  2.17561E+00  2.25200E-01  2.25200E-01
b  11   21 11   22  99  2.45545E-01  1.45985E-01  1.87346E+00 -9.03886E-01  2.76199E+00  1.57000E+00  1.57000E+00
b  11    1 11   23  99  1.60515E-01  1.62090E+00 -1.93784E+01  7.23355E+01  6.87317E+00  2.44000E-03  2.44000E-03
b  11    7 11   23  99  2.11315E-01  1.22466E+00 -1.41786E+01  5.36902E+01  5.70775E+00  9.52800E-02  9.52800E-02
b  11   15 11   23  99  2.66864E-01  7.13126E-01 -9.57029E+00  4.02185E+01  4.90813E+00  7.59500E-02  7.59500E-02
b  11   17 11   23  99  1.42808E-01  1.82292E+00 -1.18626E+01 -3.08994E+01  2.00000E+01  2.06200E-02  2.06200E-02
b  11   18 11   23  99  1.62578E-01  2.10366E+00 -1.81336E+01  1.21342E+02  2.00000E+01  1.86200E-02  1.86200E-02
b  11   19 11   23  99  1.92290E-01  2.02599E+00 -1.86034E+01  2.08006E+02  2.00000E+01  3.56200E-02  3.56200E-02
b  11   20 11   23  99  3.26570E-01  1.00208E+00  1.64283E+00 -6.25106E-01  2.14989E+00  8.08400E-02  8.08400E-02
b  11   21 11   23  99  3.04736E-01  5.88934E-01  2.28126E+00 -1.11486E+00  2.92857E+00  2.53400E-01  2.53400E-01
b  11   22 11   23  99  2.52282E-01  9.78164E-02  2.44671E+00 -1.40491E+00  3.36981E+00  1.77300E+00  1.77300E+00
b  11    1 11   24  99  1.55532E-01  1.65174E+00 -1.99953E+01  7.50800E+01  7.04206E+00  1.75580E-03  1.75580E-03
b  11    8 11   24  99  2.11315E-01  1.22466E+00 -1.41786E+01  5.36902E+01  5.70775E+00  9.52800E-02  9.52800E-02
b  11   16 11   24  99  2.66864E-01  7.13126E-01 -9.57029E+00  4.02185E+01  4.90813E+00  7.59500E-02  7.59500E-02
b  11   17 11   24  99  1.46050E-01  1.85761E+00 -1.18782E+01 -3.05649E+01  2.00000E+01  1.41840E-02  1.41840E-02
b  11   18 11   24  99  1.68384E-01  2.20960E+00 -1.86138E+01  1.25514E+02  2.00000E+01  1.20400E-02  1.20400E-02
b  11   19 11   24  99  2.03578E-01  2.21706E+00 -1.90703E+01  2.14549E+02  2.00000E+01  2.07900E-02  2.07900E-02
b  11   20 11   24  99  3.48054E-01  1.28704E+00  1.68800E+00 -6.29754E-01  2.16289E+00  3.96600E-02  3.96600E-02
b  11   21 11   24  99  3.05372E-01  1.13366E+00  1.36216E+00 -4.19518E-01  2.09772E+00  8.96300E-02  8.96300E-02
b  11   22 11   24  99  2.93304E-01  6.36312E-01  2.18459E+00 -1.11339E+00  2.94706E+00  2.81000E-01  2.81000E-01
b  11   23 11   24  99  4.50535E-01  2.47600E-01  4.24507E+00 -2.42311E+00  3.34584E+00  1.05700E+00  1.05700E+00
f  11    1 10    1  99  1.00000E+00  1.58000E+01
p  11    1 10    1  98  8.33410E-01 -2.51120E+00 -3.94260E-02 -4.83700E-03  1.00000E+00  4.36500E+02  4.53900E+02  8.72900E+03
f  11    2 10    1  99  1.00000E+00  1.52316E+01
p  11    2 10    1  99  1.00000E+00  1.52316E+01
f  11    3 10    1  99  1.00000E+00  1.50228E+01
p  11    3 10    1  99  1.00000E+00  1.50228E+01
f  11    4 10    1  99  1.00000E+00  1.51020E+01
p  11    4 10    1  99  1.00000E+00  1.51020E+01
f  11    5 10    1  99  1.00000E+00  1.50820E+01
p  11    5 10    1  99  1.00000E+00  1.50820E+01
f  11    6 10    1  99  1.00000E+00  1.50082E+01
p  11    6 10    1  99  1.00000E+00  1.50082E+01
f  11    7 10    1  99  1.00000E+00  1.50082E+01
p  11    7 10    1  99  1.00000E+00  1.50082E+01
f  11    8 10    1  99  1.00000E+00  1.50010E+01
p  11    8 10    1  99  1.00000E+00  1.50010E+01
f  11    1 10    2  99  8.00000E+00  1.58000E+01
p  11    1 10    2  98  1.61380E+00 -2.54600E+00 -9.74320E-02  6.54540E-03  8.00000E+00  1.18800E+03  1.23600E+03  2.37600E+04
f  11    9 10    2  99  2.00000E+00  1.63640E+01
p  11    9 10    2  98  8.33410E-01 -2.51120E+00 -3.94260E-02 -4.83700E-03  1.00000E+00  4.36500E+02  4.53900E+02  8.72900E+03
f  11   10 10    2  99  1.00000E+00  1.52883E+01
p  11   10 10    2  99  1.00000E+00  1.52883E+01
f  11   11 10    2  99  1.00000E+00  1.50411E+01
p  11   11 10    2  99  1.00000E+00  1.50411E+01
f  11   12 10    2  99  1.00000E+00  1.51080E+01
p  11   12 10    2  99  1.00000E+00  1.51080E+01
f  11   13 10    2  99  1.00000E+00  1.50860E+01
p  11   13 10    2  99  1.00000E+00  1.50860E+01
f  11   14 10    2  99  1.00000E+00  1.50172E+01
p  11   14 10    2  99  1.00000E+00  1.50172E+01
f  11   15 10    2  99  1.00000E+00  1.50152E+01
p  11   15 10    2  99  1.00000E+00  1.50152E+01
f  11   16 10    2  99  1.00000E+00  1.50010E+01
p  11   16 10    2  99  1.00000E+00  1.50010E+01
f  11    2 10    3  99  8.00000E+00  1.52316E+01
p  11    2 10    3  98  1.61380E+00 -2.54600E+00 -9.74320E-02  6.54540E-03  8.00000E+00  1.18800E+03  1.23600E+03  2.37600E+04
f  11   10 10    3  99  1.00000E+00  1.52883E+01
p  11   10 10    3  98  8.33410E-01 -2.51120E+00 -3.94260E-02 -4.83700E-03  1.00000E+00  4.36500E+02  4.53900E+02  8.72900E+03
f  11    3 10    4  99  8.00000E+00  1.50228E+01
p  11    3 10    4  98  1.61380E+00 -2.54600E+00 -9.74320E-02  6.54540E-03  8.00000E+00  1.18800E+03  1.23600E+03  2.37600E+04
f  11   11 10    4  99  1.00000E+00  1.50411E+01
p  11   11 10    4  98  8.33410E-01 -2.51120E+00 -3.94260E-02 -4.83700E-03  1.00000E+00  4.36500E+02  4.53900E+02  8.72900E+03
f  11    4 10    5  99  8.00000E+00  1.51020E+01
p  11    4 10    5  98  1.61380E+00 -2.54600E+00 -9.74320E-02  6.54540E-03  8.00000E+00  1.18800E+03  1.23600E+03  2.37600E+04
f  11   12 10    5  99  1.00000E+00  1.51080E+01
p  11   12 10    5  98  8.33410E-01 -2.51120E+00 -3.94260E-02 -4.83700E-03  1.00000E+00  4.36500E+02  4.53900E+02  8.72900E+03
f  11    5 10    6  99  8.00000E+00  1.50820E+01
p  11    5 10    6  98  1.61380E+00 -2.54600E+00 -9.74320E-02  6.54540E-03  8.00000E+00  1.18800E+03  1.23600E+03  2.37600E+04
f  11   13 10    6  99  1.00000E+00  1.50860E+01
p  11   13 10    6  98  8.33410E-01 -2.51120E+00 -3.94260E-02 -4.83700E-03  1.00000E+00  4.36500E+02  4.53900E+02  8.72900E+03
f  11    6 10    7  99  8.00000E+00  1.50082E+01
p  11    6 10    7  98  1.61380E+00 -2.54600E+00 -9.74320E-02  6.54540E-03  8.00000E+00  1.18800E+03  1.23600E+03  2.37600E+04
f  11   14 10    7  99  1.00000E+00  1.50172E+01
p  11   14 10    7  98  8.33410E-01 -2.51120E+00 -3.94260E-02 -4.83700E-03  1.00000E+00  4.36500E+02  4.53900E+02  8.72900E+03
f  11    7 10    8  99  8.00000E+00  1.50082E+01
p  11    7 10    8  98  1.61380E+00 -2.54600E+00 -9.74320E-02  6.54540E-03  8.00000E+00  1.18800E+03  1.23600E+03  2.37600E+04
f  11   15 10    8  99  1.00000E+00  1.50152E+01
p  11   15 10    8  98  8.33410E-01 -2.51120E+00 -3.94260E-02 -4.83700E-03  1.00000E+00  4.36500E+02  4.53900E+02  8.72900E+03
f  11    8 10    9  99  8.00000E+00  1.50010E+01
p  11    8 10    9  98  1.61380E+00 -2.54600E+00 -9.74320E-02  6.54540E-03  8.00000E+00  1.18800E+03  1.23600E+03  2.37600E+04
f  11   16 10    9  99  1.00000E+00  1.50010E+01
p  11   16 10    9  98  8.33410E-01 -2.51120E+00 -3.94260E-02 -4.83700E-03  1.00000E+00  4.36500E+02  4.53900E+02  8.72900E+03
f  11    9 10   10  99  7.00000E+00  1.63640E+01
p  11    9 10   10  98  1.61380E+00 -2.54600E+00 -9.74320E-02  6.54540E-03  8.00000E+00  1.18800E+03  1.23600E+03  2.37600E+04
f  11   10 10   11  99  7.00000E+00  1.52883E+01
p  11   10 10   11  98  1.61380E+00 -2.54600E+00 -9.74320E-02  6.54540E-03  8.00000E+00  1.18800E+03  1.23600E+03  2.37600E+04
f  11   11 10   12  99  7.00000E+00  1.50411E+01
p  11   11 10   12  98  1.61380E+00 -2.54600E+00 -9.74320E-02  6.54540E-03  8.00000E+00  1.18800E+03  1.23600E+03  2.37600E+04
f  11   12 10   13  99  7.00000E+00  1.51080E+01
p  11   12 10   13  98  1.61380E+00 -2.54600E+00 -9.74320E-02  6.54540E-03  8.00000E+00  1.18800E+03  1.23600E+03  2.37600E+04
f  11   13 10   14  99  7.00000E+00  1.50860E+01
p  11   13 10   14  98  1.61380E+00 -2.54600E+00 -9.74320E-02  6.54540E-03  8.00000E+00  1.18800E+03  1.23600E+03  2.37600E+04
f  11   14 10   15  99  7.00000E+00  1.50172E+01
p  11   14 10   15  98  1.61380E+00 -2.54600E+00 -9.74320E-02  6.54540E-03  8.00000E+00  1.18800E+03  1.23600E+03  2.37600E+04
f  11   15 10   16  99  7.00000E+00  1.50152E+01
p  11   15 10   16  98  1.61380E+00 -2.54600E+00 -9.74320E-02  6.54540E-03  8.00000E+00  1.18800E+03  1.23600E+03  2.37600E+04
f  11   16 10   17  99  7.00000E+00  1.50010E+01
p  11   16 10   17  98  1.61380E+00 -2.54600E+00 -9.74320E-02  6.54540E-03  8.00000E+00  1.18800E+03  1.23600E+03  2.37600E+04
f  11    1 10   18  99  2.00000E+00  1.58000E+01
p  11    1 10   18  98  2.07920E+00 -2.53820E+00 -1.80250E-01  1.91660E-02  2.00000E+00  6.96100E+03  7.24000E+03  1.39200E+05
f  11   17 10   18  99  2.00000E+00  1.64440E+01
p  11   17 10   18  98  8.33410E-01 -2.51120E+00 -3.94260E-02 -4.83700E-03  1.00000E+00  4.36500E+02  4.53900E+02  8.72900E+03
f  11   18 10   18  99  1.00000E+00  1.53115E+01
p  11   18 10   18  99  1.00000E+00  1.53115E+01
f  11   19 10   18  99  1.00000E+00  1.50402E+01
p  11   19 10   18  99  1.00000E+00  1.50402E+01
f  11   20 10   18  99  1.00000E+00  1.51170E+01
p  11   20 10   18  99  1.00000E+00  1.51170E+01
f  11   21 10   18  99  1.00000E+00  1.50950E+01
p  11   21 10   18  99  1.00000E+00  1.50950E+01
f  11   22 10   18  99  1.00000E+00  1.50181E+01
p  11   22 10   18  99  1.00000E+00  1.50181E+01
f  11   23 10   18  99  1.00000E+00  1.50161E+01
p  11   23 10   18  99  1.00000E+00  1.50161E+01
f  11   24 10   18  99  1.00000E+00  1.50010E+01
p  11   24 10   18  99  1.00000E+00  1.50010E+01
f  11    2 10   19  99  2.00000E+00  1.52316E+01
p  11    2 10   19  98  2.07920E+00 -2.53820E+00 -1.80250E-01  1.91660E-02  2.00000E+00  6.96100E+03  7.24000E+03  1.39200E+05
f  11   18 10   19  99  1.00000E+00  1.53115E+01
p  11   18 10   19  98  8.33410E-01 -2.51120E+00 -3.94260E-02 -4.83700E-03  1.00000E+00  4.36500E+02  4.53900E+02  8.72900E+03
f  11    3 10   20  99  2.00000E+00  1.50228E+01
p  11    3 10   20  98  2.07920E+00 -2.53820E+00 -1.80250E-01  1.91660E-02  2.00000E+00  6.96100E+03  7.24000E+03  1.39200E+05
f  11   19 10   20  99  1.00000E+00  1.50402E+01
p  11   19 10   20  98  8.33410E-01 -2.51120E+00 -3.94260E-02 -4.83700E-03  1.00000E+00  4.36500E+02  4.53900E+02  8.72900E+03
f  11    4 10   21  99  2.00000E+00  1.51020E+01
p  11    4 10   21  98  2.07920E+00 -2.53820E+00 -1.80250E-01  1.91660E-02  2.00000E+00  6.96100E+03  7.24000E+03  1.39200E+05
f  11   20 10   21  99  1.00000E+00  1.51170E+01
p  11   20 10   21  98  8.33410E-01 -2.51120E+00 -3.94260E-02 -4.83700E-03  1.00000E+00  4.36500E+02  4.53900E+02  8.72900E+03
f  11    5 10   22  99  2.00000E+00  1.50820E+01
p  11    5 10   22  98  2.07920E+00 -2.53820E+00 -1.80250E-01  1.91660E-02  2.00000E+00  6.96100E+03  7.24000E+03  1.39200E+05
f  11   21 10   22  99  1.00000E+00  1.50950E+01
p  11   21 10   22  98  8.33410E-01 -2.51120E+00 -3.94260E-02 -4.83700E-03  1.00000E+00  4.36500E+02  4.53900E+02  8.72900E+03
f  11    6 10   23  99  2.00000E+00  1.50082E+01
p  11    6 10   23  98  2.07920E+00 -2.53820E+00 -1.80250E-01  1.91660E-02  2.00000E+00  6.96100E+03  7.24000E+03  1.39200E+05
f  11   22 10   23  99  1.00000E+00  1.50181E+01
p  11   22 10   23  98  8.33410E-01 -2.51120E+00 -3.94260E-02 -4.83700E-03  1.00000E+00  4.36500E+02  4.53900E+02  8.72900E+03
f  11    7 10   24  99  2.00000E+00  1.50082E+01
p  11    7 10   24  98  2.07920E+00 -2.53820E+00 -1.80250E-01  1.91660E-02  2.00000E+00  6.96100E+03  7.24000E+03  1.39200E+05
f  11   23 10   24  99  1.00000E+00  1.50161E+01
p  11   23 10   24  98  8.33410E-01 -2.51120E+00 -3.94260E-02 -4.83700E-03  1.00000E+00  4.36500E+02  4.53900E+02  8.72900E+03
f  11    8 10   25  99  2.00000E+00  1.50010E+01
p  11    8 10   25  98  2.07920E+00 -2.53820E+00 -1.80250E-01  1.91660E-02  2.00000E+00  6.96100E+03  7.24000E+03  1.39200E+05
f  11   24 10   25  99  1.00000E+00  1.50010E+01
p  11   24 10   25  98  8.33410E-01 -2.51120E+00 -3.94260E-02 -4.83700E-03  1.00000E+00  4.36500E+02  4.53900E+02  8.72900E+03
a  11    9 10    1   1.83180E+13
a  11   10 10    1   3.34436E+12
a  11   11 10    1   1.04591E+12
a  11   12 10    1   4.15312E+11
a  11   13 10    1   1.92150E+11
a  11   14 10    1   9.85575E+10
a  11   15 10    1   5.46900E+10
a  11   16 10    1   3.22950E+10
a  11   17 10    1   2.29720E+11
a  11   18 10    1   4.52925E+10
a  11   19 10    1   1.38975E+10
a  11   20 10    1   5.38750E+09
a  11   21 10    1   2.49250E+09
a  11   22 10    1   1.27840E+09
a  11   23 10    1   7.09450E+08
a  11   24 10    1   4.18915E+08
a  11   17 10    2   4.08968E+13
a  11   18 10    2   4.29000E+12
a  11   19 10    2   1.32664E+12
a  11   20 10    2   5.15480E+11
a  11   21 10    2   2.38488E+11
a  11   22 10    2   1.22324E+11
a  11   23 10    2   6.78800E+10
a  11   24 10    2   4.00840E+10
a  11   18 10    3   2.04484E+13
a  11   19 10    4   2.04484E+13
a  11   20 10    5   2.04484E+13
a  11   21 10    6   2.04484E+13
a  11   22 10    7   2.04484E+13
a  11   23 10    8   2.04484E+13
a  11   24 10    9   2.04484E+13
a  11   17 10   10   9.26828E+14
a  11   18 10   11   9.26828E+14
a  11   19 10   12   9.26828E+14
a  11   20 10   13   9.26828E+14
a  11   21 10   14   9.26828E+14
a  11   22 10   15   9.26828E+14
a  11   23 10   16   9.26828E+14
a  11   24 10   17   9.26828E+14
b  12    1 12    2  99  8.93674E-02  1.01161E+00 -1.43698E+01  7.28776E+01  2.00000E+01  1.25000E+00  1.25000E+00
b  12    1 12    3  99  1.19243E-01  1.35672E+00 -2.00650E+01  1.42221E+02  2.00000E+01  2.79600E-01  2.79600E-01
b  12    2 12    3  99  2.62902E-01  6.56383E-02  1.55319E+00 -5.59340E-01  2.09328E+00  9.11600E-01  9.11600E-01
b  12    1 12    4  99  1.43900E-01  1.67781E+00 -2.41062E+01  1.77309E+02  2.00000E+01  1.05000E-01  1.05000E-01
b  12    2 12    4  99  1.55881E-01  1.38651E+00 -1.91289E+01  2.03418E+02  2.00000E+01  1.64700E-01  1.64700E-01
b  12    3 12    4  99  2.47066E-01  1.84175E-01  1.29771E+00 -4.10838E-01  2.02129E+00  1.10800E+00  1.10800E+00
b  12    1 12    5  99  1.28017E-01  1.63098E+00 -1.19132E+01 -1.86074E+01  2.00000E+01  5.45200E-02  5.45200E-02
b  12    2 12    5  99  1.75076E-01  1.65728E+00 -2.03784E+01  2.18188E+02  2.00000E+01  6.32900E-02  6.32900E-02
b  12    3 12    5  99  3.09047E-01  5.46795E-01  1.69430E+00 -6.11912E-01  2.19528E+00  1.95500E-01  1.95500E-01
b  12    4 12    5  99  2.59330E-01  1.07155E-01  2.04365E+00 -1.01881E+00  2.77522E+00  1.33300E+00  1.33300E+00
b  12    1 12    6  99  1.35525E-01  1.70553E+00 -1.32718E+01  2.51409E+00  2.00000E+01  3.24600E-02  3.24600E-02
b  12    2 12    6  99  1.87454E-01  1.83274E+00 -2.09759E+01  2.26293E+02  2.00000E+01  3.21400E-02  3.21400E-02
b  12    3 12    6  99  3.36207E-01  8.50907E-01  1.70923E+00 -6.11278E-01  2.12042E+00  7.26300E-02  7.26300E-02
b  12    4 12    6  99  2.81600E-01  6.79417E-01  1.35885E+00 -4.37527E-01  2.07947E+00  2.24100E-01  2.24100E-01
b  12    5 12    6  99  2.62285E-01  7.20274E-02  2.57918E+00 -1.48370E+00  3.37251E+00  1.54500E+00  1.54500E+00
b  12    1 12    7  99  1.36457E-01  1.73293E+00 -1.20206E+01 -1.75216E+01  2.00000E+01  2.10800E-02  2.10800E-02
b  12    2 12    7  99  1.59430E-01  2.02861E+00 -1.65512E+01  1.01141E+02  2.00000E+01  1.89700E-02  1.89700E-02
b  12    3 12    7  99  1.89036E-01  1.96726E+00 -1.82133E+01  2.07221E+02  2.00000E+01  3.63200E-02  3.63200E-02
b  12    4 12    7  99  3.21355E-01  9.94023E-01  1.63454E+00 -6.43377E-01  2.16957E+00  8.13000E-02  8.13000E-02
b  12    5 12    7  99  2.99559E-01  6.08623E-01  2.21506E+00 -1.11949E+00  2.90309E+00  2.51800E-01  2.51800E-01
b  12    6 12    7  99  2.48569E-01  1.19602E-01  2.37878E+00 -1.36083E+00  3.36499E+00  1.75200E+00  1.75200E+00
b  12    1 12    8  99  1.41505E-01  1.78257E+00 -1.35681E+01  6.19352E+00  2.00000E+01  1.45400E-02  1.45400E-02
b  12    2 12    8  99  1.62376E-01  2.12190E+00 -1.61844E+01  9.10988E+01  2.00000E+01  1.22900E-02  1.22900E-02
b  12    3 12    8  99  1.99845E-01  2.14478E+00 -1.86332E+01  2.13242E+02  2.00000E+01  2.12800E-02  2.12800E-02
b  12    4 12    8  99  3.43289E-01  1.25852E+00  1.71416E+00 -6.59354E-01  2.20925E+00  4.01300E-02  4.01300E-02
b  12    5 12    8  99  3.00496E-01  1.13614E+00  1.34704E+00 -4.45541E-01  2.10489E+00  8.97000E-02  8.97000E-02
b  12    6 12    8  99  2.89648E-01  6.52750E-01  2.14629E+00 -1.09731E+00  2.95293E+00  2.79200E-01  2.79200E-01
b  12    7 12    8  99  3.79174E-01  2.24847E-01  3.71244E+00 -6.03381E-01  4.02451E+00  1.23700E+00  1.23700E+00
b  12    1 12    9  98  0.00000E+00  0.00000E+00  0.00000E+00  0.00000E+00  0.00000E+00  2.89179E-03  5.78357E-05
b  12    2 12    9  99  8.93674E-02  1.01161E+00 -1.43698E+01  7.28776E+01  2.00000E+01  6.05469E-01  6.05469E-01
b  12    1 12   10  98  0.00000E+00  0.00000E+00  0.00000E+00  0.00000E+00  0.00000E+00  3.62553E-03  7.25105E-05
b  12    2 12   10  99  1.19243E-01  1.35672E+00 -2.00650E+01  1.42221E+02  2.00000E+01  1.39800E-01  1.39800E-01
b  12    3 12   10  99  8.93674E-02  1.01161E+00 -1.43698E+01  7.28776E+01  2.00000E+01  6.25000E-01  6.25000E-01
b  12    9 12   10  99  2.62902E-01  6.56383E-02  1.55319E+00 -5.59340E-01  2.09328E+00  1.82320E+00  1.82320E+00
b  12    1 12   11  98  0.00000E+00  0.00000E+00  0.00000E+00  0.00000E+00  0.00000E+00  4.66226E-03  9.32452E-05
b  12    2 12   11  99  1.43900E-01  1.67781E+00 -2.41062E+01  1.77309E+02  2.00000E+01  5.25000E-02  5.25000E-02
b  12    4 12   11  99  8.93674E-02  1.01161E+00 -1.43698E+01  7.28776E+01  2.00000E+01  6.25000E-01  6.25000E-01
b  12    9 12   11  99  1.55881E-01  1.38651E+00 -1.91289E+01  2.03418E+02  2.00000E+01  3.29400E-01  3.29400E-01
b  12   10 12   11  99  2.47066E-01  1.84175E-01  1.29771E+00 -4.10838E-01  2.02129E+00  1.10800E+00  1.10800E+00
b  12    1 12   12  98  0.00000E+00  0.00000E+00  0.00000E+00  0.00000E+00  0.00000E+00  5.92091E-03  1.18418E-04
b  12    2 12   12  99  1.28017E-01  1.63098E+00 -1.19132E+01 -1.86074E+01  2.00000E+01  2.72600E-02  2.72600E-02
b  12    5 12   12  99  8.93674E-02  1.01161E+00 -1.43698E+01  7.28776E+01  2.00000E+01  6.25000E-01  6.25000E-01
b  12    9 12   12  99  1.75076E-01  1.65728E+00 -2.03784E+01  2.18188E+02  2.00000E+01  1.26580E-01  1.26580E-01
b  12   10 12   12  99  3.09047E-01  5.46795E-01  1.69430E+00 -6.11912E-01  2.19528E+00  1.95500E-01  1.95500E-01
b  12   11 12   12  99  2.59330E-01  1.07155E-01  2.04365E+00 -1.01881E+00  2.77522E+00  1.33300E+00  1.33300E+00
b  12    1 12   13  98  0.00000E+00  0.00000E+00  0.00000E+00  0.00000E+00  0.00000E+00  7.39355E-03  1.47871E-04
b  12    2 12   13  99  1.35525E-01  1.70553E+00 -1.32718E+01  2.51409E+00  2.00000E+01  1.62300E-02  1.62300E-02
b  12    6 12   13  99  8.93674E-02  1.01161E+00 -1.43698E+01  7.28776E+01  2.00000E+01  6.25000E-01  6.25000E-01
b  12    9 12   13  99  1.87454E-01  1.83274E+00 -2.09759E+01  2.26293E+02  2.00000E+01  6.42800E-02  6.42800E-02
b  12   10 12   13  99  3.36207E-01  8.50907E-01  1.70923E+00 -6.11278E-01  2.12042E+00  7.26300E-02  7.26300E-02
b  12   11 12   13  99  2.81600E-01  6.79417E-01  1.35885E+00 -4.37527E-01  2.07947E+00  2.24100E-01  2.24100E-01
b  12   12 12   13  99  2.62285E-01  7.20274E-02  2.57918E+00 -1.48370E+00  3.37251E+00  1.54500E+00  1.54500E+00
b  12    1 12   14  98  0.00000E+00  0.00000E+00  0.00000E+00  0.00000E+00  0.00000E+00  9.09017E-03  1.81803E-04
b  12    2 12   14  99  1.36457E-01  1.73293E+00 -1.20206E+01 -1.75216E+01  2.00000E+01  1.05400E-02  1.05400E-02
b  12    7 12   14  99  8.93674E-02  1.01161E+00 -1.43698E+01  7.28776E+01  2.00000E+01  6.25000E-01  6.25000E-01
b  12    9 12   14  99  1.59430E-01  2.02861E+00 -1.65512E+01  1.01141E+02  2.00000E+01  3.79400E-02  3.79400E-02
b  12   10 12   14  99  1.89036E-01  1.96726E+00 -1.82133E+01  2.07221E+02  2.00000E+01  3.63200E-02  3.63200E-02
b  12   11 12   14  99  3.21355E-01  9.94023E-01  1.63454E+00 -6.43377E-01  2.16957E+00  8.13000E-02  8.13000E-02
b  12   12 12   14  99  2.99559E-01  6.08623E-01  2.21506E+00 -1.11949E+00  2.90309E+00  2.51800E-01  2.51800E-01
b  12   13 12   14  99  2.48569E-01  1.19602E-01  2.37878E+00 -1.36083E+00  3.36499E+00  1.75200E+00  1.75200E+00
b  12    1 12   15  98  0.00000E+00  0.00000E+00  0.00000E+00  0.00000E+00  0.00000E+00  1.09922E-02  2.19844E-04
b  12    2 12   15  99  1.41505E-01  1.78257E+00 -1.35681E+01  6.19352E+00  2.00000E+01  7.27000E-03  7.27000E-03
b  12    8 12   15  99  8.93674E-02  1.01161E+00 -1.43698E+01  7.28776E+01  2.00000E+01  6.25000E-01  6.25000E-01
b  12    9 12   15  99  1.62376E-01  2.12190E+00 -1.61844E+01  9.10988E+01  2.00000E+01  2.45800E-02  2.45800E-02
b  12   10 12   15  99  1.99845E-01  2.14478E+00 -1.86332E+01  2.13242E+02  2.00000E+01  2.12800E-02  2.12800E-02
b  12   11 12   15  99  3.43289E-01  1.25852E+00  1.71416E+00 -6.59354E-01  2.20925E+00  4.01300E-02  4.01300E-02
b  12   12 12   15  99  3.00496E-01  1.13614E+00  1.34704E+00 -4.45541E-01  2.10489E+00  8.97000E-02  8.97000E-02
b  12   13 12   15  99  2.89648E-01  6.52750E-01  2.14629E+00 -1.09731E+00  2.95293E+00  2.79200E-01  2.79200E-01
b  12   14 12   15  99  3.79174E-01  2.24847E-01  3.71244E+00 -6.03381E-01  4.02451E+00  1.23700E+00  1.23700E+00
b  12    1 12   16  99  1.19985E-01  1.85250E+00 -5.76285E+01  5.63931E+02  2.00000E+01  2.71147E+00  2.71147E+00
b  12    1 12   17  99  1.05172E-01  1.81558E+00 -4.49920E+01  3.45040E+02  2.00000E+01  7.69680E-01  7.69680E-01
b  12    2 12   17  99  1.19985E-01  1.85250E+00 -5.76285E+01  5.63931E+02  2.00000E+01  2.88093E+00  2.88093E+00
b  12   16 12   17  99  8.93674E-02  1.01161E+00 -1.43698E+01  7.28776E+01  2.00000E+01  1.87500E+00  1.87500E+00
b  12    1 12   18  99  1.12216E-01  1.56338E+00 -2.46935E+01  1.36404E+02  1.30834E+01  3.21680E-01  3.21680E-01
b  12    3 12   18  99  1.19985E-01  1.85250E+00 -5.76285E+01  5.63931E+02  2.00000E+01  2.88093E+00  2.88093E+00
b  12   16 12   18  99  1.19243E-01  1.35672E+00 -2.00650E+01  1.42221E+02  2.00000E+01  4.19400E-01  4.19400E-01
b  12   17 12   18  99  2.62902E-01  6.56383E-02  1.55319E+00 -5.59340E-01  2.09328E+00  9.11600E-01  9.11600E-01
b  12    1 12   19  99  1.76483E-01  1.22888E+00 -1.14155E+01  4.78002E+01  6.69806E+00  1.57280E-01  1.57280E-01
b  12    4 12   19  99  1.19985E-01  1.85250E+00 -5.76285E+01  5.63931E+02  2.00000E+01  2.88093E+00  2.88093E+00
b  12   16 12   19  99  1.43900E-01  1.67781E+00 -2.41062E+01  1.77309E+02  2.00000E+01  1.57500E-01  1.57500E-01
b  12   17 12   19  99  1.55881E-01  1.38651E+00 -1.91289E+01  2.03418E+02  2.00000E+01  1.64700E-01  1.64700E-01
b  12   18 12   19  99  2.47066E-01  1.84175E-01  1.29771E+00 -4.10838E-01  2.02129E+00  1.10800E+00  1.10800E+00
b  12    1 12   20  99  1.89778E-01  1.16558E+00 -1.00788E+01  4.12727E+01  6.16749E+00  9.31200E-02  9.31200E-02
b  12    5 12   20  99  1.19985E-01  1.85250E+00 -5.76285E+01  5.63931E+02  2.00000E+01  2.88093E+00  2.88093E+00
b  12   16 12   20  99  1.28017E-01  1.63098E+00 -1.19132E+01 -1.86074E+01  2.00000E+01  8.17800E-02  8.17800E-02
b  12   17 12   20  99  1.75076E-01  1.65728E+00 -2.03784E+01  2.18188E+02  2.00000E+01  6.32900E-02  6.32900E-02
b  12   18 12   20  99  3.09047E-01  5.46795E-01  1.69430E+00 -6.11912E-01  2.19528E+00  1.95500E-01  1.95500E-01
b  12   19 12   20  99  2.59330E-01  1.07155E-01  2.04365E+00 -1.01881E+00  2.77522E+00  1.33300E+00  1.33300E+00
b  12    1 12   21  99  2.26798E-01  9.90314E-01 -7.58627E+00  3.08617E+01  5.20473E+00  5.99120E-02  5.99120E-02
b  12    6 12   21  99  1.19985E-01  1.85250E+00 -5.76285E+01  5.63931E+02  2.00000E+01  2.88093E+00  2.88093E+00
b  12   16 12   21  99  1.35525E-01  1.70553E+00 -1.32718E+01  2.51409E+00  2.00000E+01  4.86900E-02  4.86900E-02
b  12   17 12   21  99  1.87454E-01  1.83274E+00 -2.09759E+01  2.26293E+02  2.00000E+01  3.21400E-02  3.21400E-02
b  12   18 12   21  99  3.36207E-01  8.50907E-01  1.70923E+00 -6.11278E-01  2.12042E+00  7.26300E-02  7.26300E-02
b  12   19 12   21  99  2.81600E-01  6.79417E-01  1.35885E+00 -4.37527E-01  2.07947E+00  2.24100E-01  2.24100E-01
b  12   20 12   21  99  2.62285E-01  7.20274E-02  2.57918E+00 -1.48370E+00  3.37251E+00  1.54500E+00  1.54500E+00
b  12    1 12   22  99  2.42765E-01  9.08317E-01 -6.40293E+00  2.58103E+01  4.77079E+00  4.09040E-02  4.09040E-02
b  12    7 12   22  99  1.19985E-01  1.85250E+00 -5.76285E+01  5.63931E+02  2.00000E+01  2.88093E+00  2.88093E+00
b  12   16 12   22  99  1.36457E-01  1.73293E+00 -1.20206E+01 -1.75216E+01  2.00000E+01  3.16200E-02  3.16200E-02
b  12   17 12   22  99  1.59430E-01  2.02861E+00 -1.65512E+01  1.01141E+02  2.00000E+01  1.89700E-02  1.89700E-02
b  12   18 12   22  99  1.89036E-01  1.96726E+00 -1.82133E+01  2.07221E+02  2.00000E+01  3.63200E-02  3.63200E-02
b  12   19 12   22  99  3.21355E-01  9.94023E-01  1.63454E+00 -6.43377E-01  2.16957E+00  8.13000E-02  8.13000E-02
b  12   20 12   22  99  2.99559E-01  6.08623E-01  2.21506E+00 -1.11949E+00  2.90309E+00  2.51800E-01  2.51800E-01
b  12   21 12   22  99  2.48569E-01  1.19602E-01  2.37878E+00 -1.36083E+00  3.36499E+00  1.75200E+00  1.75200E+00
b  12    1 12   23  99  2.33233E-01  9.67509E-01 -7.15308E+00  2.89726E+01  5.04472E+00  2.91840E-02  2.91840E-02
b  12    8 12   23  99  1.19985E-01  1.85250E+00 -5.76285E+01  5.63931E+02  2.00000E+01  2.88093E+00  2.88093E+00
b  12   16 12   23  99  1.41505E-01  1.78257E+00 -1.35681E+01  6.19352E+00  2.00000E+01  2.18100E-02  2.18100E-02
b  12   17 12   23  99  1.62376E-01  2.12190E+00 -1.61844E+01  9.10988E+01  2.00000E+01  1.22900E-02  1.22900E-02
b  12   18 12   23  99  1.99845E-01  2.14478E+00 -1.86332E+01  2.13242E+02  2.00000E+01  2.12800E-02  2.12800E-02
b  12   19 12   23  99  3.43289E-01  1.25852E+00  1.71416E+00 -6.59354E-01  2.20925E+00  4.01300E-02  4.01300E-02
b  12   20 12   23  99  3.00496E-01  1.13614E+00  1.34704E+00 -4.45541E-01  2.10489E+00  8.97000E-02  8.97000E-02
b  12   21 12   23  99  2.89648E-01  6.52750E-01  2.14629E+00 -1.09731E+00  2.95293E+00  2.79200E-01  2.79200E-01
b  12   22 12   23  99  3.79174E-01  2.24847E-01  3.71244E+00 -6.03381E-01  4.02451E+00  1.23700E+00  1.23700E+00
b  12    1 12   24  99  2.05168E-01  1.25849E+00 -1.48296E+01  5.67815E+01  5.87869E+00  8.16711E-02  8.16711E-02
b  12   16 12   24  99  2.63204E-01  7.27499E-01 -9.69407E+00  4.05588E+01  4.93551E+00  7.56250E-02  7.56250E-02
b  12    1 12   25  99  1.79656E-01  1.37595E+00 -1.62059E+01  6.13303E+01  6.29674E+00  3.18800E-02  3.18800E-02
b  12    2 12   25  99  2.05168E-01  1.25849E+00 -1.48296E+01  5.67815E+01  5.87869E+00  8.67756E-02  8.67756E-02
b  12   17 12   25  99  2.63204E-01  7.27499E-01 -9.69407E+00  4.05588E+01  4.93551E+00  7.56250E-02  7.56250E-02
b  12   24 12   25  99  8.93674E-02  1.01161E+00 -1.43698E+01  7.28776E+01  2.00000E+01  1.87500E+00  1.87500E+00
b  12    1 12   26  99  1.70120E-01  1.44883E+00 -1.70926E+01  6.42838E+01  6.51069E+00  1.49860E-02  1.49860E-02
b  12    3 12   26  99  2.05168E-01  1.25849E+00 -1.48296E+01  5.67815E+01  5.87869E+00  8.67756E-02  8.67756E-02
b  12   18 12   26  99  2.63204E-01  7.27499E-01 -9.69407E+00  4.05588E+01  4.93551E+00  7.56250E-02  7.56250E-02
b  12   24 12   26  99  1.19243E-01  1.35672E+00 -2.00650E+01  1.42221E+02  2.00000E+01  4.19400E-01  4.19400E-01
b  12   25 12   26  99  2.62902E-01  6.56383E-02  1.55319E+00 -5.59340E-01  2.09328E+00  9.11600E-01  9.11600E-01
b  12    1 12   27  99  1.71793E-01  1.61356E+00 -1.93944E+01  7.32146E+01  6.74710E+00  7.88200E-03  7.88200E-03
b  12    4 12   27  99  2.05168E-01  1.25849E+00 -1.48296E+01  5.67815E+01  5.87869E+00  8.67756E-02  8.67756E-02
b  12   19 12   27  99  2.63204E-01  7.27499E-01 -9.69407E+00  4.05588E+01  4.93551E+00  7.56250E-02  7.56250E-02
b  12   24 12   27  99  1.43900E-01  1.67781E+00 -2.41062E+01  1.77309E+02  2.00000E+01  1.57500E-01  1.57500E-01
b  12   25 12   27  99  1.55881E-01  1.38651E+00 -1.91289E+01  2.03418E+02  2.00000E+01  1.64700E-01  1.64700E-01
b  12   26 12   27  99  2.47066E-01  1.84175E-01  1.29771E+00 -4.10838E-01  2.02129E+00  1.10800E+00  1.10800E+00
b  12    1 12   28  99  1.75162E-01  1.56754E+00 -1.84320E+01  6.85626E+01  6.54013E+00  4.81200E-03  4.81200E-03
b  12    5 12   28  99  2.05168E-01  1.25849E+00 -1.48296E+01  5.67815E+01  5.87869E+00  8.67756E-02  8.67756E-02
b  12   20 12   28  99  2.63204E-01  7.27499E-01 -9.69407E+00  4.05588E+01  4.93551E+00  7.56250E-02  7.56250E-02
b  12   24 12   28  99  1.28017E-01  1.63098E+00 -1.19132E+01 -1.86074E+01  2.00000E+01  8.17800E-02  8.17800E-02
b  12   25 12   28  99  1.75076E-01  1.65728E+00 -2.03784E+01  2.18188E+02  2.00000E+01  6.32900E-02  6.32900E-02
b  12   26 12   28  99  3.09047E-01  5.46795E-01  1.69430E+00 -6.11912E-01  2.19528E+00  1.95500E-01  1.95500E-01
b  12   27 12   28  99  2.59330E-01  1.07155E-01  2.04365E+00 -1.01881E+00  2.77522E+00  1.33300E+00  1.33300E+00
b  12    1 12   29  99  1.67531E-01  1.61064E+00 -1.92896E+01  7.24468E+01  6.77910E+00  3.15200E-03  3.15200E-03
b  12    6 12   29  99  2.05168E-01  1.25849E+00 -1.48296E+01  5.67815E+01  5.87869E+00  8.67756E-02  8.67756E-02
b  12   21 12   29  99  2.63204E-01  7.27499E-01 -9.69407E+00  4.05588E+01  4.93551E+00  7.56250E-02  7.56250E-02
b  12   24 12   29  99  1.35525E-01  1.70553E+00 -1.32718E+01  2.51409E+00  2.00000E+01  4.86900E-02  4.86900E-02
b  12   25 12   29  99  1.87454E-01  1.83274E+00 -2.09759E+01  2.26293E+02  2.00000E+01  3.21400E-02  3.21400E-02
b  12   26 12   29  99  3.36207E-01  8.50907E-01  1.70923E+00 -6.11278E-01  2.12042E+00  7.26300E-02  7.26300E-02
b  12   27 12   29  99  2.81600E-01  6.79417E-01  1.35885E+00 -4.37527E-01  2.07947E+00  2.24100E-01  2.24100E-01
b  12   28 12   29  99  2.62285E-01  7.20274E-02  2.57918E+00 -1.48370E+00  3.37251E+00  1.54500E+00  1.54500E+00
b  12    1 12   30  99  1.66810E-01  1.59685E+00 -1.89024E+01  7.02907E+01  6.69994E+00  2.17600E-03  2.17600E-03
b  12    7 12   30  99  2.05168E-01  1.25849E+00 -1.48296E+01  5.67815E+01  5.87869E+00  8.67756E-02  8.67756E-02
b  12   22 12   30  99  2.63204E-01  7.27499E-01 -9.69407E+00  4.05588E+01  4.93551E+00  7.56250E-02  7.56250E-02
b  12   24 12   30  99  1.36457E-01  1.73293E+00 -1.20206E+01 -1.75216E+01  2.00000E+01  3.16200E-02  3.16200E-02
b  12   25 12   30  99  1.59430E-01  2.02861E+00 -1.65512E+01  1.01141E+02  2.00000E+01  1.89700E-02  1.89700E-02
b  12   26 12   30  99  1.89036E-01  1.96726E+00 -1.82133E+01  2.07221E+02  2.00000E+01  3.63200E-02  3.63200E-02
b  12   27 12   30  99  3.21355E-01  9.94023E-01  1.63454E+00 -6.43377E-01  2.16957E+00  8.13000E-02  8.13000E-02
b  12   28 12   30  99  2.99559E-01  6.08623E-01  2.21506E+00 -1.11949E+00  2.90309E+00  2.51800E-01  2.51800E-01
b  12   29 12   30  99  2.48569E-01  1.19602E-01  2.37878E+00 -1.36083E+00  3.36499E+00  1.75200E+00  1.75200E+00
b  12    1 12   31  99  1.71514E-01  1.56832E+00 -1.84951E+01  6.88570E+01  6.60381E+00  1.56420E-03  1.56420E-03
b  12    8 12   31  99  2.05168E-01  1.25849E+00 -1.48296E+01  5.67815E+01  5.87869E+00  8.67756E-02  8.67756E-02
b  12   23 12   31  99  2.63204E-01  7.27499E-01 -9.69407E+00  4.05588E+01  4.93551E+00  7.56250E-02  7.56250E-02
b  12   24 12   31  99  1.41505E-01  1.78257E+00 -1.35681E+01  6.19352E+00  2.00000E+01  2.18100E-02  2.18100E-02
b  12   25 12   31  99  1.62376E-01  2.12190E+00 -1.61844E+01  9.10988E+01  2.00000E+01  1.22900E-02  1.22900E-02
b  12   26 12   31  99  1.99845E-01  2.14478E+00 -1.86332E+01  2.13242E+02  2.00000E+01  2.12800E-02  2.12800E-02
b  12   27 12   31  99  3.43289E-01  1.25852E+00  1.71416E+00 -6.59354E-01  2.20925E+00  4.01300E-02  4.01300E-02
b  12   28 12   31  99  3.00496E-01  1.13614E+00  1.34704E+00 -4.45541E-01  2.10489E+00  8.97000E-02  8.97000E-02
b  12   29 12   31  99  2.89648E-01  6.52750E-01  2.14629E+00 -1.09731E+00  2.95293E+00  2.79200E-01  2.79200E-01
b  12   30 12   31  99  3.79174E-01  2.24847E-01  3.71244E+00 -6.03381E-01  4.02451E+00  1.23700E+00  1.23700E+00
f  12    1 11    1  99  2.00000E+00  1.54600E+01
p  12    1 11    1  98  8.89060E-01 -2.44980E+00 -6.94330E-02  6.64180E-04  2.00000E+00  4.00600E+02  4.16700E+02  8.01300E+03
f  12    2 11    1  99  1.00000E+00  1.43161E+01
p  12    2 11    1  99  1.00000E+00  1.43161E+01
f  12    3 11    1  99  1.00000E+00  1.40432E+01
p  12    3 11    1  99  1.00000E+00  1.40432E+01
f  12    4 11    1  99  1.00000E+00  1.41200E+01
p  12    4 11    1  99  1.00000E+00  1.41200E+01
f  12    5 11    1  99  1.00000E+00  1.40960E+01
p  12    5 11    1  99  1.00000E+00  1.40960E+01
f  12    6 11    1  99  1.00000E+00  1.40182E+01
p  12    6 11    1  99  1.00000E+00  1.40182E+01
f  12    7 11    1  99  1.00000E+00  1.40162E+01
p  12    7 11    1  99  1.00000E+00  1.40162E+01
f  12    8 11    1  99  1.00000E+00  1.40011E+01
p  12    8 11    1  99  1.00000E+00  1.40011E+01
f  12    2 11    2  99  1.00000E+00  1.43161E+01
p  12    2 11    2  98  8.89060E-01 -2.44980E+00 -6.94330E-02  6.64180E-04  2.00000E+00  4.00600E+02  4.16700E+02  8.01300E+03
f  12    9 11    2  99  2.00000E+00  1.48766E+01
p  12    9 11    2  99  2.00000E+00  1.48766E+01
f  12   10 11    2  99  1.00000E+00  1.41028E+01
p  12   10 11    2  99  1.00000E+00  1.41028E+01
f  12   11 11    2  99  1.00000E+00  1.41420E+01
p  12   11 11    2  99  1.00000E+00  1.41420E+01
f  12   12 11    2  99  1.00000E+00  1.41070E+01
p  12   12 11    2  99  1.00000E+00  1.41070E+01
f  12   13 11    2  99  1.00000E+00  1.40252E+01
p  12   13 11    2  99  1.00000E+00  1.40252E+01
f  12   14 11    2  99  1.00000E+00  1.40222E+01
p  12   14 11    2  99  1.00000E+00  1.40222E+01
f  12   15 11    2  99  1.00000E+00  1.40110E+01
p  12   15 11    2  99  1.00000E+00  1.40110E+01
f  12    3 11    3  99  1.00000E+00  1.40432E+01
p  12    3 11    3  98  8.89060E-01 -2.44980E+00 -6.94330E-02  6.64180E-04  2.00000E+00  4.00600E+02  4.16700E+02  8.01300E+03
f  12   10 11    3  99  1.00000E+00  1.41028E+01
p  12   10 11    3  99  1.00000E+00  1.41028E+01
f  12    4 11    4  99  1.00000E+00  1.41200E+01
p  12    4 11    4  98  8.89060E-01 -2.44980E+00 -6.94330E-02  6.64180E-04  2.00000E+00  4.00600E+02  4.16700E+02  8.01300E+03
f  12   11 11    4  99  1.00000E+00  1.41420E+01
p  12   11 11    4  99  1.00000E+00  1.41420E+01
f  12    5 11    5  99  1.00000E+00  1.40960E+01
p  12    5 11    5  98  8.89060E-01 -2.44980E+00 -6.94330E-02  6.64180E-04  2.00000E+00  4.00600E+02  4.16700E+02  8.01300E+03
f  12   12 11    5  99  1.00000E+00  1.41070E+01
p  12   12 11    5  99  1.00000E+00  1.41070E+01
f  12    6 11    6  99  1.00000E+00  1.40182E+01
p  12    6 11    6  98  8.89060E-01 -2.44980E+00 -6.94330E-02  6.64180E-04  2.00000E+00  4.00600E+02  4.16700E+02  8.01300E+03
f  12   13 11    6  99  1.00000E+00  1.40252E+01
p  12   13 11    6  99  1.00000E+00  1.40252E+01
f  12    7 11    7  99  1.00000E+00  1.40162E+01
p  12    7 11    7  98  8.89060E-01 -2.44980E+00 -6.94330E-02  6.64180E-04  2.00000E+00  4.00600E+02  4.16700E+02  8.01300E+03
f  12   14 11    7  99  1.00000E+00  1.40222E+01
p  12   14 11    7  99  1.00000E+00  1.40222E+01
f  12    8 11    8  99  1.00000E+00  1.40011E+01
p  12    8 11    8  98  8.89060E-01 -2.44980E+00 -6.94330E-02  6.64180E-04  2.00000E+00  4.00600E+02  4.16700E+02  8.01300E+03
f  12   15 11    8  99  1.00000E+00  1.40110E+01
p  12   15 11    8  99  1.00000E+00  1.40110E+01
f  12    1 11    9  99  8.00000E+00  1.54600E+01
p  12    1 11    9  98  1.65620E+00 -2.51490E+00 -1.12980E-01  9.26630E-03  8.00000E+00  1.14500E+03  1.19000E+03  2.29000E+04
f  12   16 11    9  99  3.00000E+00  1.60240E+01
p  12   16 11    9  98  8.89060E-01 -2.44980E+00 -6.94330E-02  6.64180E-04  2.00000E+00  4.00600E+02  4.16700E+02  8.01300E+03
f  12   17 11    9  99  1.00000E+00  1.43728E+01
p  12   17 11    9  99  1.00000E+00  1.43728E+01
f  12   18 11    9  99  1.00000E+00  1.40615E+01
p  12   18 11    9  99  1.00000E+00  1.40615E+01
f  12   19 11    9  99  1.00000E+00  1.41260E+01
p  12   19 11    9  99  1.00000E+00  1.41260E+01
f  12   20 11    9  99  1.00000E+00  1.41000E+01
p  12   20 11    9  99  1.00000E+00  1.41000E+01
f  12   21 11    9  99  1.00000E+00  1.40272E+01
p  12   21 11    9  99  1.00000E+00  1.40272E+01
f  12   22 11    9  99  1.00000E+00  1.40232E+01
p  12   22 11    9  99  1.00000E+00  1.40232E+01
f  12   23 11    9  99  1.00000E+00  1.40011E+01
p  12   23 11    9  99  1.00000E+00  1.40011E+01
f  12    2 11   10  99  8.00000E+00  1.43161E+01
p  12    2 11   10  98  1.65620E+00 -2.51490E+00 -1.12980E-01  9.26630E-03  8.00000E+00  1.14500E+03  1.19000E+03  2.29000E+04
f  12   17 11   10  99  2.00000E+00  1.43728E+01
p  12   17 11   10  98  8.89060E-01 -2.44980E+00 -6.94330E-02  6.64180E-04  2.00000E+00  4.00600E+02  4.16700E+02  8.01300E+03
f  12    3 11   11  99  8.00000E+00  1.40432E+01
p  12    3 11   11  98  1.65620E+00 -2.51490E+00 -1.12980E-01  9.26630E-03  8.00000E+00  1.14500E+03  1.19000E+03  2.29000E+04
f  12   18 11   11  99  2.00000E+00  1.40615E+01
p  12   18 11   11  98  8.89060E-01 -2.44980E+00 -6.94330E-02  6.64180E-04  2.00000E+00  4.00600E+02  4.16700E+02  8.01300E+03
f  12    4 11   12  99  8.00000E+00  1.41200E+01
p  12    4 11   12  98  1.65620E+00 -2.51490E+00 -1.12980E-01  9.26630E-03  8.00000E+00  1.14500E+03  1.19000E+03  2.29000E+04
f  12   19 11   12  99  2.00000E+00  1.41260E+01
p  12   19 11   12  98  8.89060E-01 -2.44980E+00 -6.94330E-02  6.64180E-04  2.00000E+00  4.00600E+02  4.16700E+02  8.01300E+03
f  12    5 11   13  99  8.00000E+00  1.40960E+01
p  12    5 11   13  98  1.65620E+00 -2.51490E+00 -1.12980E-01  9.26630E-03  8.00000E+00  1.14500E+03  1.19000E+03  2.29000E+04
f  12   20 11   13  99  2.00000E+00  1.41000E+01
p  12   20 11   13  98  8.89060E-01 -2.44980E+00 -6.94330E-02  6.64180E-04  2.00000E+00  4.00600E+02  4.16700E+02  8.01300E+03
f  12    6 11   14  99  8.00000E+00  1.40182E+01
p  12    6 11   14  98  1.65620E+00 -2.51490E+00 -1.12980E-01  9.26630E-03  8.00000E+00  1.14500E+03  1.19000E+03  2.29000E+04
f  12   21 11   14  99  2.00000E+00  1.40272E+01
p  12   21 11   14  98  8.89060E-01 -2.44980E+00 -6.94330E-02  6.64180E-04  2.00000E+00  4.00600E+02  4.16700E+02  8.01300E+03
f  12    7 11   15  99  8.00000E+00  1.40162E+01
p  12    7 11   15  98  1.65620E+00 -2.51490E+00 -1.12980E-01  9.26630E-03  8.00000E+00  1.14500E+03  1.19000E+03  2.29000E+04
f  12   22 11   15  99  2.00000E+00  1.40232E+01
p  12   22 11   15  98  8.89060E-01 -2.44980E+00 -6.94330E-02  6.64180E-04  2.00000E+00  4.00600E+02  4.16700E+02  8.01300E+03
f  12    8 11   16  99  8.00000E+00  1.40011E+01
p  12    8 11   16  98  1.65620E+00 -2.51490E+00 -1.12980E-01  9.26630E-03  8.00000E+00  1.14500E+03  1.19000E+03  2.29000E+04
f  12   23 11   16  99  2.00000E+00  1.40011E+01
p  12   23 11   16  98  8.89060E-01 -2.44980E+00 -6.94330E-02  6.64180E-04  2.00000E+00  4.00600E+02  4.16700E+02  8.01300E+03
f  12    1 11   17  99  2.00000E+00  1.54600E+01
p  12    1 11   17  98  2.08650E+00 -2.52720E+00 -1.86420E-01  2.02600E-02  2.00000E+00  6.91500E+03  7.19100E+03  1.38300E+05
f  12   24 11   17  99  3.00000E+00  1.61040E+01
p  12   24 11   17  98  8.89060E-01 -2.44980E+00 -6.94330E-02  6.64180E-04  2.00000E+00  4.00600E+02  4.16700E+02  8.01300E+03
f  12   25 11   17  99  1.00000E+00  1.43960E+01
p  12   25 11   17  99  1.00000E+00  1.43960E+01
f  12   26 11   17  99  1.00000E+00  1.40606E+01
p  12   26 11   17  99  1.00000E+00  1.40606E+01
f  12   27 11   17  99  1.00000E+00  1.41350E+01
p  12   27 11   17  99  1.00000E+00  1.41350E+01
f  12   28 11   17  99  1.00000E+00  1.41090E+01
p  12   28 11   17  99  1.00000E+00  1.41090E+01
f  12   29 11   17  99  1.00000E+00  1.40281E+01
p  12   29 11   17  99  1.00000E+00  1.40281E+01
f  12   30 11   17  99  1.00000E+00  1.40241E+01
p  12   30 11   17  99  1.00000E+00  1.40241E+01
f  12   31 11   17  99  1.00000E+00  1.40011E+01
p  12   31 11   17  99  1.00000E+00  1.40011E+01
f  12    2 11   18  99  2.00000E+00  1.43161E+01
p  12    2 11   18  98  2.08650E+00 -2.52720E+00 -1.86420E-01  2.02600E-02  2.00000E+00  6.91500E+03  7.19100E+03  1.38300E+05
f  12   25 11   18  99  2.00000E+00  1.43960E+01
p  12   25 11   18  98  8.89060E-01 -2.44980E+00 -6.94330E-02  6.64180E-04  2.00000E+00  4.00600E+02  4.16700E+02  8.01300E+03
f  12    3 11   19  99  2.00000E+00  1.40432E+01
p  12    3 11   19  98  2.08650E+00 -2.52720E+00 -1.86420E-01  2.02600E-02  2.00000E+00  6.91500E+03  7.19100E+03  1.38300E+05
f  12   26 11   19  99  2.00000E+00  1.40606E+01
p  12   26 11   19  98  8.89060E-01 -2.44980E+00 -6.94330E-02  6.64180E-04  2.00000E+00  4.00600E+02  4.16700E+02  8.01300E+03
f  12    4 11   20  99  2.00000E+00  1.41200E+01
p  12    4 11   20  98  2.08650E+00 -2.52720E+00 -1.86420E-01  2.02600E-02  2.00000E+00  6.91500E+03  7.19100E+03  1.38300E+05
f  12   27 11   20  99  2.00000E+00  1.41350E+01
p  12   27 11   20  98  8.89060E-01 -2.44980E+00 -6.94330E-02  6.64180E-04  2.00000E+00  4.00600E+02  4.16700E+02  8.01300E+03
f  12    5 11   21  99  2.00000E+00  1.40960E+01
p  12    5 11   21  98  2.08650E+00 -2.52720E+00 -1.86420E-01  2.02600E-02  2.00000E+00  6.91500E+03  7.19100E+03  1.38300E+05
f  12   28 11   21  99  2.00000E+00  1.41090E+01
p  12   28 11   21  98  8.89060E-01 -2.44980E+00 -6.94330E-02  6.64180E-04  2.00000E+00  4.00600E+02  4.16700E+02  8.01300E+03
f  12    6 11   22  99  2.00000E+00  1.40182E+01
p  12    6 11   22  98  2.08650E+00 -2.52720E+00 -1.86420E-01  2.02600E-02  2.00000E+00  6.91500E+03  7.19100E+03  1.38300E+05
f  12   29 11   22  99  2.00000E+00  1.40281E+01
p  12   29 11   22  98  8.89060E-01 -2.44980E+00 -6.94330E-02  6.64180E-04  2.00000E+00  4.00600E+02  4.16700E+02  8.01300E+03
f  12    7 11   23  99  2.00000E+00  1.40162E+01
p  12    7 11   23  98  2.08650E+00 -2.52720E+00 -1.86420E-01  2.02600E-02  2.00000E+00  6.91500E+03  7.19100E+03  1.38300E+05
f  12   30 11   23  99  2.00000E+00  1.40241E+01
p  12   30 11   23  98  8.89060E-01 -2.44980E+00 -6.94330E-02  6.64180E-04  2.00000E+00  4.00600E+02  4.16700E+02  8.01300E+03
f  12    8 11   24  99  2.00000E+00  1.40011E+01
p  12    8 11   24  98  2.08650E+00 -2.52720E+00 -1.86420E-01  2.02600E-02  2.00000E+00  6.91500E+03  7.19100E+03  1.38300E+05
f  12   31 11   24  99  2.00000E+00  1.40011E+01
p  12   31 11   24  98  8.89060E-01 -2.44980E+00 -6.94330E-02  6.64180E-04  2.00000E+00  4.00600E+02  4.16700E+02  8.01300E+03
a  12    9 11    1   6.40070E+13
a  12   10 11    1   6.76900E+13
a  12   11 11    1   2.67665E+13
a  12   12 11    1   1.23840E+13
a  12   13 11    1   6.35200E+12
a  12   14 11    1   3.52485E+12
a  12   15 11    1   2.08140E+12
a  12   16 11    1   5.10592E+13
a  12   17 11    1   5.89012E+12
a  12   18 11    1   1.82482E+12
a  12   19 11    1   7.17938E+11
a  12   20 11    1   3.32168E+11
a  12   21 11    1   1.70370E+11
a  12   22 11    1   9.45450E+10
a  12   23 11    1   5.58270E+10
a  12   24 11    1   6.33660E+11
a  12   25 11    1   7.92630E+10
a  12   26 11    1   2.40570E+10
a  12   27 11    1   9.26980E+09
a  12   28 11    1   4.28880E+09
a  12   29 11    1   2.19980E+09
a  12   30 11    1   1.22070E+09
a  12   31 11    1   7.20820E+08
a  12   17 11    2   1.70198E+13
a  12   25 11    2   2.11220E+11
a  12   18 11    3   1.70198E+13
a  12   26 11    3   2.11220E+11
a  12   19 11    4   1.70198E+13
a  12   27 11    4   2.11220E+11
a  12   20 11    5   1.70198E+13
a  12   28 11    5   2.11220E+11
a  12   21 11    6   1.70198E+13
a  12   29 11    6   2.11220E+11
a  12   22 11    7   1.70198E+13
a  12   30 11    7   2.11220E+11
a  12   23 11    8   1.70198E+13
a  12   31 11    8   2.11220E+11
a  12   24 11    9   5.85672E+13
a  12   25 11    9   3.88788E+12
a  12   26 11    9   1.19068E+12
a  12   27 11    9   4.60160E+11
a  12   28 11    9   2.12896E+11
a  12   29 11    9   1.09196E+11
a  12   30 11    9   6.05960E+10
a  12   31 11    9   3.57816E+10
a  12   25 11   10   3.90448E+13
a  12   26 11   11   3.90448E+13
a  12   27 11   12   3.90448E+13
a  12   28 11   13   3.90448E+13
a  12   29 11   14   3.90448E+13
a  12   30 11   15   3.90448E+13
a  12   31 11   16   3.90448E+13
b  13    1 13    2  99  9.41407E-02  1.04659E+00 -1.57628E+01  9.43439E+01  2.00000E+01  1.73220E+00  1.73220E+00
b  13    1 13    3  99  1.14776E-01  1.31436E+00 -1.85806E+01  1.21548E+02  2.00000E+01  4.14300E-01  4.14300E-01
b  13    2 13    3  99  2.52883E-01  9.36794E-02  1.46011E+00 -5.13582E-01  2.08622E+00  8.83400E-01  8.83400E-01
b  13    1 13    4  99  1.39828E-01  1.61576E+00 -2.31364E+01  1.68421E+02  2.00000E+01  1.57650E-01  1.57650E-01
b  13    2 13    4  99  1.53066E-01  1.38445E+00 -1.85991E+01  1.92817E+02  2.00000E+01  1.62500E-01  1.62500E-01
b  13    3 13    4  99  2.43194E-01  2.06366E-01  1.26264E+00 -3.99500E-01  2.02666E+00  1.07900E+00  1.07900E+00
b  13    1 13    5  99  1.46504E-01  1.70232E+00 -2.37012E+01  1.75500E+02  2.00000E+01  8.26800E-02  8.26800E-02
b  13    2 13    5  99  1.72636E-01  1.63876E+00 -2.00934E+01  2.13744E+02  2.00000E+01  6.33200E-02  6.33200E-02
b  13    3 13    5  99  3.01642E-01  5.68704E-01  1.60181E+00 -5.82566E-01  2.13355E+00  1.93800E-01  1.93800E-01
b  13    4 13    5  99  2.54446E-01  1.33458E-01  1.97064E+00 -9.73904E-01  2.77158E+00  1.31100E+00  1.31100E+00
b  13    1 13    6  99  1.35633E-01  1.65518E+00 -1.52979E+01  4.26963E+01  2.00000E+01  4.94700E-02  4.94700E-02
b  13    2 13    6  99  1.86880E-01  1.79187E+00 -2.06005E+01  2.25067E+02  2.00000E+01  3.23800E-02  3.23800E-02
b  13    3 13    6  99  3.29217E-01  8.53387E-01  1.67031E+00 -6.04097E-01  2.12308E+00  7.26900E-02  7.26900E-02
b  13    4 13    6  99  2.76496E-01  6.99634E-01  1.31711E+00 -4.24364E-01  2.08116E+00  2.22000E-01  2.22000E-01
b  13    5 13    6  99  2.57695E-01  9.77654E-02  2.49344E+00 -1.42417E+00  3.36512E+00  1.52900E+00  1.52900E+00
b  13    1 13    7  99  1.33971E-01  1.67438E+00 -1.33588E+01  9.37354E+00  2.00000E+01  3.22200E-02  3.22200E-02
b  13    2 13    7  99  1.90461E-01  1.92501E+00 -2.08801E+01  2.20937E+02  2.00000E+01  1.91800E-02  1.91800E-02
b  13    3 13    7  99  3.46356E-01  1.06186E+00  1.69332E+00 -5.89968E-01  2.11632E+00  3.65600E-02  3.65600E-02
b  13    4 13    7  99  3.12103E-01  1.01953E+00  1.51947E+00 -5.57768E-01  2.14018E+00  8.10000E-02  8.10000E-02
b  13    5 13    7  99  2.96061E-01  6.25097E-01  2.20664E+00 -1.12447E+00  2.94854E+00  2.49700E-01  2.49700E-01
b  13    6 13    7  99  2.44361E-01  1.43937E-01  2.29243E+00 -1.30288E+00  3.34822E+00  1.73900E+00  1.73900E+00
b  13    1 13    8  99  1.35348E-01  1.68865E+00 -1.26124E+01 -8.61939E-01  2.00000E+01  2.22780E-02  2.22780E-02
b  13    2 13    8  99  1.97280E-01  2.00211E+00 -2.09179E+01  2.23539E+02  2.00000E+01  1.24600E-02  1.24600E-02
b  13    3 13    8  99  1.87415E-01  2.11858E+00 -1.68847E+01  1.75610E+02  2.00000E+01  2.15000E-02  2.15000E-02
b  13    4 13    8  99  3.40275E-01  1.24844E+00  1.75926E+00 -7.23874E-01  2.25775E+00  4.01500E-02  4.01500E-02
b  13    5 13    8  99  3.26721E-01  1.01475E+00  2.25625E+00 -1.10052E+00  2.89910E+00  8.92400E-02  8.92400E-02
b  13    6 13    8  99  2.99383E-01  6.06465E-01  2.68440E+00 -1.49670E+00  3.48673E+00  2.77300E-01  2.77300E-01
b  13    7 13    8  99  3.05884E-01  2.09689E-01  2.95318E+00 -4.82006E-01  4.02107E+00  1.50500E+00  1.50500E+00
b  13    1 13    9  98  0.00000E+00  0.00000E+00  0.00000E+00  0.00000E+00  0.00000E+00  9.90687E-03  1.98137E-04
b  13    2 13    9  99  9.41407E-02  1.04659E+00 -1.57628E+01  9.43439E+01  2.00000E+01  1.11871E+00  1.11871E+00
b  13    1 13   10  98  0.00000E+00  0.00000E+00  0.00000E+00  0.00000E+00  0.00000E+00  1.24064E-02  2.48127E-04
b  13    2 13   10  99  1.14776E-01  1.31436E+00 -1.85806E+01  1.21548E+02  2.00000E+01  2.76200E-01  2.76200E-01
b  13    3 13   10  99  9.41407E-02  1.04659E+00 -1.57628E+01  9.43439E+01  2.00000E+01  1.15480E+00  1.15480E+00
b  13    9 13   10  99  2.52883E-01  9.36794E-02  1.46011E+00 -5.13582E-01  2.08622E+00  1.76680E+00  1.76680E+00
b  13    1 13   11  98  0.00000E+00  0.00000E+00  0.00000E+00  0.00000E+00  0.00000E+00  1.60121E-02  3.20243E-04
b  13    2 13   11  99  1.39828E-01  1.61576E+00 -2.31364E+01  1.68421E+02  2.00000E+01  1.05100E-01  1.05100E-01
b  13    4 13   11  99  9.41407E-02  1.04659E+00 -1.57628E+01  9.43439E+01  2.00000E+01  1.15480E+00  1.15480E+00
b  13    9 13   11  99  1.53066E-01  1.38445E+00 -1.85991E+01  1.92817E+02  2.00000E+01  3.25000E-01  3.25000E-01
b  13   10 13   11  99  2.43194E-01  2.06366E-01  1.26264E+00 -3.99500E-01  2.02666E+00  1.07900E+00  1.07900E+00
b  13    1 13   12  98  0.00000E+00  0.00000E+00  0.00000E+00  0.00000E+00  0.00000E+00  2.03744E-02  4.07488E-04
b  13    2 13   12  99  1.46504E-01  1.70232E+00 -2.37012E+01  1.75500E+02  2.00000E+01  5.51200E-02  5.51200E-02
b  13    5 13   12  99  9.41407E-02  1.04659E+00 -1.57628E+01  9.43439E+01  2.00000E+01  1.15480E+00  1.15480E+00
b  13    9 13   12  99  1.72636E-01  1.63876E+00 -2.00934E+01  2.13744E+02  2.00000E+01  1.26640E-01  1.26640E-01
b  13   10 13   12  99  3.01642E-01  5.68704E-01  1.60181E+00 -5.82566E-01  2.13355E+00  1.93800E-01  1.93800E-01
b  13   11 13   12  99  2.54446E-01  1.33458E-01  1.97064E+00 -9.73904E-01  2.77158E+00  1.31100E+00  1.31100E+00
b  13    1 13   13  98  0.00000E+00  0.00000E+00  0.00000E+00  0.00000E+00  0.00000E+00  2.54720E-02  5.09441E-04
b  13    2 13   13  99  1.35633E-01  1.65518E+00 -1.52979E+01  4.26963E+01  2.00000E+01  3.29800E-02  3.29800E-02
b  13    6 13   13  99  9.41407E-02  1.04659E+00 -1.57628E+01  9.43439E+01  2.00000E+01  1.15480E+00  1.15480E+00
b  13    9 13   13  99  1.86880E-01  1.79187E+00 -2.06005E+01  2.25067E+02  2.00000E+01  6.47600E-02  6.47600E-02
b  13   10 13   13  99  3.29217E-01  8.53387E-01  1.67031E+00 -6.04097E-01  2.12308E+00  7.26900E-02  7.26900E-02
b  13   11 13   13  99  2.76496E-01  6.99634E-01  1.31711E+00 -4.24364E-01  2.08116E+00  2.22000E-01  2.22000E-01
b  13   12 13   13  99  2.57695E-01  9.77654E-02  2.49344E+00 -1.42417E+00  3.36512E+00  1.52900E+00  1.52900E+00
b  13    1 13   14  98  0.00000E+00  0.00000E+00  0.00000E+00  0.00000E+00  0.00000E+00  3.13450E-02  6.26900E-04
b  13    2 13   14  99  1.33971E-01  1.67438E+00 -1.33588E+01  9.37354E+00  2.00000E+01  2.14800E-02  2.14800E-02
b  13    7 13   14  99  9.41407E-02  1.04659E+00 -1.57628E+01  9.43439E+01  2.00000E+01  1.15480E+00  1.15480E+00
b  13    9 13   14  99  1.90461E-01  1.92501E+00 -2.08801E+01  2.20937E+02  2.00000E+01  3.83600E-02  3.83600E-02
b  13   10 13   14  99  3.46356E-01  1.06186E+00  1.69332E+00 -5.89968E-01  2.11632E+00  3.65600E-02  3.65600E-02
b  13   11 13   14  99  3.12103E-01  1.01953E+00  1.51947E+00 -5.57768E-01  2.14018E+00  8.10000E-02  8.10000E-02
b  13   12 13   14  99  2.96061E-01  6.25097E-01  2.20664E+00 -1.12447E+00  2.94854E+00  2.49700E-01  2.49700E-01
b  13   13 13   14  99  2.44361E-01  1.43937E-01  2.29243E+00 -1.30288E+00  3.34822E+00  1.73900E+00  1.73900E+00
b  13    1 13   15  98  0.00000E+00  0.00000E+00  0.00000E+00  0.00000E+00  0.00000E+00  3.79243E-02  7.58487E-04
b  13    2 13   15  99  1.35348E-01  1.68865E+00 -1.26124E+01 -8.61939E-01  2.00000E+01  1.48520E-02  1.48520E-02
b  13    8 13   15  99  9.41407E-02  1.04659E+00 -1.57628E+01  9.43439E+01  2.00000E+01  1.15480E+00  1.15480E+00
b  13    9 13   15  99  1.97280E-01  2.00211E+00 -2.09179E+01  2.23539E+02  2.00000E+01  2.49200E-02  2.49200E-02
b  13   10 13   15  99  1.87415E-01  2.11858E+00 -1.68847E+01  1.75610E+02  2.00000E+01  2.15000E-02  2.15000E-02
b  13   11 13   15  99  3.40275E-01  1.24844E+00  1.75926E+00 -7.23874E-01  2.25775E+00  4.01500E-02  4.01500E-02
b  13   12 13   15  99  3.26721E-01  1.01475E+00  2.25625E+00 -1.10052E+00  2.89910E+00  8.92400E-02  8.92400E-02
b  13   13 13   15  99  2.99383E-01  6.06465E-01  2.68440E+00 -1.49670E+00  3.48673E+00  2.77300E-01  2.77300E-01
b  13   14 13   15  99  3.05884E-01  2.09689E-01  2.95318E+00 -4.82006E-01  4.02107E+00  1.50500E+00  1.50500E+00
b  13    1 13   16  99  1.21814E-01  1.87029E+00 -5.85288E+01  5.76869E+02  2.00000E+01  2.41933E+00  2.41933E+00
b  13    1 13   17  99  1.08177E-01  1.83611E+00 -4.68712E+01  3.74323E+02  2.00000E+01  7.17680E-01  7.17680E-01
b  13    2 13   17  99  1.21814E-01  1.87029E+00 -5.85288E+01  5.76869E+02  2.00000E+01  2.58062E+00  2.58062E+00
b  13   16 13   17  99  9.41407E-02  1.04659E+00 -1.57628E+01  9.43439E+01  2.00000E+01  2.30960E+00  2.30960E+00
b  13    1 13   18  99  1.05010E-01  1.84322E+00 -4.26647E+01  2.98558E+02  2.00000E+01  3.02960E-01  3.02960E-01
b  13    3 13   18  99  1.21814E-01  1.87029E+00 -5.85288E+01  5.76869E+02  2.00000E+01  2.58062E+00  2.58062E+00
b  13   16 13   18  99  1.14776E-01  1.31436E+00 -1.85806E+01  1.21548E+02  2.00000E+01  5.52400E-01  5.52400E-01
b  13   17 13   18  99  2.52883E-01  9.36794E-02  1.46011E+00 -5.13582E-01  2.08622E+00  8.83400E-01  8.83400E-01
b  13    1 13   19  99  1.40332E-01  1.47846E+00 -1.80248E+01  8.57413E+01  9.34813E+00  1.48800E-01  1.48800E-01
b  13    4 13   19  99  1.21814E-01  1.87029E+00 -5.85288E+01  5.76869E+02  2.00000E+01  2.58062E+00  2.58062E+00
b  13   16 13   19  99  1.39828E-01  1.61576E+00 -2.31364E+01  1.68421E+02  2.00000E+01  2.10200E-01  2.10200E-01
b  13   17 13   19  99  1.53066E-01  1.38445E+00 -1.85991E+01  1.92817E+02  2.00000E+01  1.62500E-01  1.62500E-01
b  13   18 13   19  99  2.43194E-01  2.06366E-01  1.26264E+00 -3.99500E-01  2.02666E+00  1.07900E+00  1.07900E+00
b  13    1 13   20  99  1.58692E-01  1.32266E+00 -1.36250E+01  5.95914E+01  7.63352E+00  8.83200E-02  8.83200E-02
b  13    5 13   20  99  1.21814E-01  1.87029E+00 -5.85288E+01  5.76869E+02  2.00000E+01  2.58062E+00  2.58062E+00
b  13   16 13   20  99  1.46504E-01  1.70232E+00 -2.37012E+01  1.75500E+02  2.00000E+01  1.10240E-01  1.10240E-01
b  13   17 13   20  99  1.72636E-01  1.63876E+00 -2.00934E+01  2.13744E+02  2.00000E+01  6.33200E-02  6.33200E-02
b  13   18 13   20  99  3.01642E-01  5.68704E-01  1.60181E+00 -5.82566E-01  2.13355E+00  1.93800E-01  1.93800E-01
b  13   19 13   20  99  2.54446E-01  1.33458E-01  1.97064E+00 -9.73904E-01  2.77158E+00  1.31100E+00  1.31100E+00
b  13    1 13   21  99  1.69867E-01  1.24431E+00 -1.17950E+01  4.97604E+01  6.91502E+00  5.69360E-02  5.69360E-02
b  13    6 13   21  99  1.21814E-01  1.87029E+00 -5.85288E+01  5.76869E+02  2.00000E+01  2.58062E+00  2.58062E+00
b  13   16 13   21  99  1.35633E-01  1.65518E+00 -1.52979E+01  4.26963E+01  2.00000E+01  6.59600E-02  6.59600E-02
b  13   17 13   21  99  1.86880E-01  1.79187E+00 -2.06005E+01  2.25067E+02  2.00000E+01  3.23800E-02  3.23800E-02
b  13   18 13   21  99  3.29217E-01  8.53387E-01  1.67031E+00 -6.04097E-01  2.12308E+00  7.26900E-02  7.26900E-02
b  13   19 13   21  99  2.76496E-01  6.99634E-01  1.31711E+00 -4.24364E-01  2.08116E+00  2.22000E-01  2.22000E-01
b  13   20 13   21  99  2.57695E-01  9.77654E-02  2.49344E+00 -1.42417E+00  3.36512E+00  1.52900E+00  1.52900E+00
b  13    1 13   22  99  1.73876E-01  1.22587E+00 -1.14042E+01  4.78757E+01  6.75127E+00  3.89040E-02  3.89040E-02
b  13    7 13   22  99  1.21814E-01  1.87029E+00 -5.85288E+01  5.76869E+02  2.00000E+01  2.58062E+00  2.58062E+00
b  13   16 13   22  99  1.33971E-01  1.67438E+00 -1.33588E+01  9.37354E+00  2.00000E+01  4.29600E-02  4.29600E-02
b  13   17 13   22  99  1.90461E-01  1.92501E+00 -2.08801E+01  2.20937E+02  2.00000E+01  1.91800E-02  1.91800E-02
b  13   18 13   22  99  3.46356E-01  1.06186E+00  1.69332E+00 -5.89968E-01  2.11632E+00  3.65600E-02  3.65600E-02
b  13   19 13   22  99  3.12103E-01  1.01953E+00  1.51947E+00 -5.57768E-01  2.14018E+00  8.10000E-02  8.10000E-02
b  13   20 13   22  99  2.96061E-01  6.25097E-01  2.20664E+00 -1.12447E+00  2.94854E+00  2.49700E-01  2.49700E-01
b  13   21 13   22  99  2.44361E-01  1.43937E-01  2.29243E+00 -1.30288E+00  3.34822E+00  1.73900E+00  1.73900E+00
b  13    1 13   23  99  1.87049E-01  1.14434E+00 -9.90271E+00  4.06320E+01  6.17163E+00  2.77680E-02  2.77680E-02
b  13    8 13   23  99  1.21814E-01  1.87029E+00 -5.85288E+01  5.76869E+02  2.00000E+01  2.58062E+00  2.58062E+00
b  13   16 13   23  99  1.35348E-01  1.68865E+00 -1.26124E+01 -8.61939E-01  2.00000E+01  2.97040E-02  2.97040E-02
b  13   17 13   23  99  1.97280E-01  2.00211E+00 -2.09179E+01  2.23539E+02  2.00000E+01  1.24600E-02  1.24600E-02
b  13   18 13   23  99  1.87415E-01  2.11858E+00 -1.68847E+01  1.75610E+02  2.00000E+01  2.15000E-02  2.15000E-02
b  13   19 13   23  99  3.40275E-01  1.24844E+00  1.75926E+00 -7.23874E-01  2.25775E+00  4.01500E-02  4.01500E-02
b  13   20 13   23  99  3.26721E-01  1.01475E+00  2.25625E+00 -1.10052E+00  2.89910E+00  8.92400E-02  8.92400E-02
b  13   21 13   23  99  2.99383E-01  6.06465E-01  2.68440E+00 -1.49670E+00  3.48673E+00  2.77300E-01  2.77300E-01
b  13   22 13   23  99  3.05884E-01  2.09689E-01  2.95318E+00 -4.82006E-01  4.02107E+00  1.50500E+00  1.50500E+00
b  13    1 13   24  99  2.07474E-01  1.24489E+00 -1.45697E+01  5.55366E+01  5.80795E+00  7.32833E-02  7.32833E-02
b  13   16 13   24  99  2.63907E-01  7.24923E-01 -9.68412E+00  4.05833E+01  4.93466E+00  7.52750E-02  7.52750E-02
b  13    1 13   25  99  1.84480E-01  1.36978E+00 -1.60421E+01  6.05383E+01  6.20458E+00  2.90600E-02  2.90600E-02
b  13    2 13   25  99  2.07474E-01  1.24489E+00 -1.45697E+01  5.55366E+01  5.80795E+00  7.81689E-02  7.81689E-02
b  13   17 13   25  99  2.63907E-01  7.24923E-01 -9.68412E+00  4.05833E+01  4.93466E+00  7.52750E-02  7.52750E-02
b  13   24 13   25  99  9.41407E-02  1.04659E+00 -1.57628E+01  9.43439E+01  2.00000E+01  2.30960E+00  2.30960E+00
b  13    1 13   26  99  1.77977E-01  1.41911E+00 -1.65705E+01  6.20905E+01  6.33294E+00  1.35400E-02  1.35400E-02
b  13    3 13   26  99  2.07474E-01  1.24489E+00 -1.45697E+01  5.55366E+01  5.80795E+00  7.81689E-02  7.81689E-02
b  13   18 13   26  99  2.63907E-01  7.24923E-01 -9.68412E+00  4.05833E+01  4.93466E+00  7.52750E-02  7.52750E-02
b  13   24 13   26  99  1.14776E-01  1.31436E+00 -1.85806E+01  1.21548E+02  2.00000E+01  5.52400E-01  5.52400E-01
b  13   25 13   26  99  2.52883E-01  9.36794E-02  1.46011E+00 -5.13582E-01  2.08622E+00  8.83400E-01  8.83400E-01
b  13    1 13   27  99  1.80645E-01  1.56914E+00 -1.86812E+01  7.03941E+01  6.54450E+00  7.08800E-03  7.08800E-03
b  13    4 13   27  99  2.07474E-01  1.24489E+00 -1.45697E+01  5.55366E+01  5.80795E+00  7.81689E-02  7.81689E-02
b  13   19 13   27  99  2.63907E-01  7.24923E-01 -9.68412E+00  4.05833E+01  4.93466E+00  7.52750E-02  7.52750E-02
b  13   24 13   27  99  1.39828E-01  1.61576E+00 -2.31364E+01  1.68421E+02  2.00000E+01  2.10200E-01  2.10200E-01
b  13   25 13   27  99  1.53066E-01  1.38445E+00 -1.85991E+01  1.92817E+02  2.00000E+01  1.62500E-01  1.62500E-01
b  13   26 13   27  99  2.43194E-01  2.06366E-01  1.26264E+00 -3.99500E-01  2.02666E+00  1.07900E+00  1.07900E+00
b  13    1 13   28  99  1.82273E-01  1.53018E+00 -1.79328E+01  6.68569E+01  6.40329E+00  4.31200E-03  4.31200E-03
b  13    5 13   28  99  2.07474E-01  1.24489E+00 -1.45697E+01  5.55366E+01  5.80795E+00  7.81689E-02  7.81689E-02
b  13   20 13   28  99  2.63907E-01  7.24923E-01 -9.68412E+00  4.05833E+01  4.93466E+00  7.52750E-02  7.52750E-02
b  13   24 13   28  99  1.46504E-01  1.70232E+00 -2.37012E+01  1.75500E+02  2.00000E+01  1.10240E-01  1.10240E-01
b  13   25 13   28  99  1.72636E-01  1.63876E+00 -2.00934E+01  2.13744E+02  2.00000E+01  6.33200E-02  6.33200E-02
b  13   26 13   28  99  3.01642E-01  5.68704E-01  1.60181E+00 -5.82566E-01  2.13355E+00  1.93800E-01  1.93800E-01
b  13   27 13   28  99  2.54446E-01  1.33458E-01  1.97064E+00 -9.73904E-01  2.77158E+00  1.31100E+00  1.31100E+00
b  13    1 13   29  99  1.76441E-01  1.55213E+00 -1.83346E+01  6.85569E+01  6.52928E+00  2.81800E-03  2.81800E-03
b  13    6 13   29  99  2.07474E-01  1.24489E+00 -1.45697E+01  5.55366E+01  5.80795E+00  7.81689E-02  7.81689E-02
b  13   21 13   29  99  2.63907E-01  7.24923E-01 -9.68412E+00  4.05833E+01  4.93466E+00  7.52750E-02  7.52750E-02
b  13   24 13   29  99  1.35633E-01  1.65518E+00 -1.52979E+01  4.26963E+01  2.00000E+01  6.59600E-02  6.59600E-02
b  13   25 13   29  99  1.86880E-01  1.79187E+00 -2.06005E+01  2.25067E+02  2.00000E+01  3.23800E-02  3.23800E-02
b  13   26 13   29  99  3.29217E-01  8.53387E-01  1.67031E+00 -6.04097E-01  2.12308E+00  7.26900E-02  7.26900E-02
b  13   27 13   29  99  2.76496E-01  6.99634E-01  1.31711E+00 -4.24364E-01  2.08116E+00  2.22000E-01  2.22000E-01
b  13   28 13   29  99  2.57695E-01  9.77654E-02  2.49344E+00 -1.42417E+00  3.36512E+00  1.52900E+00  1.52900E+00
b  13    1 13   30  99  1.76834E-01  1.53712E+00 -1.80649E+01  6.73239E+01  6.48276E+00  1.94260E-03  1.94260E-03
b  13    7 13   30  99  2.07474E-01  1.24489E+00 -1.45697E+01  5.55366E+01  5.80795E+00  7.81689E-02  7.81689E-02
b  13   22 13   30  99  2.63907E-01  7.24923E-01 -9.68412E+00  4.05833E+01  4.93466E+00  7.52750E-02  7.52750E-02
b  13   24 13   30  99  1.33971E-01  1.67438E+00 -1.33588E+01  9.37354E+00  2.00000E+01  4.29600E-02  4.29600E-02
b  13   25 13   30  99  1.90461E-01  1.92501E+00 -2.08801E+01  2.20937E+02  2.00000E+01  1.91800E-02  1.91800E-02
b  13   26 13   30  99  3.46356E-01  1.06186E+00  1.69332E+00 -5.89968E-01  2.11632E+00  3.65600E-02  3.65600E-02
b  13   27 13   30  99  3.12103E-01  1.01953E+00  1.51947E+00 -5.57768E-01  2.14018E+00  8.10000E-02  8.10000E-02
b  13   28 13   30  99  2.96061E-01  6.25097E-01  2.20664E+00 -1.12447E+00  2.94854E+00  2.49700E-01  2.49700E-01
b  13   29 13   30  99  2.44361E-01  1.43937E-01  2.29243E+00 -1.30288E+00  3.34822E+00  1.73900E+00  1.73900E+00
b  13    1 13   31  99  1.76159E-01  1.53419E+00 -1.80468E+01  6.73036E+01  6.49521E+00  1.39400E-03  1.39400E-03
b  13    8 13   31  99  2.07474E-01  1.24489E+00 -1.45697E+01  5.55366E+01  5.80795E+00  7.81689E-02  7.81689E-02
b  13   23 13   31  99  2.63907E-01  7.24923E-01 -9.68412E+00  4.05833E+01  4.93466E+00  7.52750E-02  7.52750E-02
b  13   24 13   31  99  1.35348E-01  1.68865E+00 -1.26124E+01 -8.61939E-01  2.00000E+01  2.97040E-02  2.97040E-02
b  13   25 13   31  99  1.97280E-01  2.00211E+00 -2.09179E+01  2.23539E+02  2.00000E+01  1.24600E-02  1.24600E-02
b  13   26 13   31  99  1.87415E-01  2.11858E+00 -1.68847E+01  1.75610E+02  2.00000E+01  2.15000E-02  2.15000E-02
b  13   27 13   31  99  3.40275E-01  1.24844E+00  1.75926E+00 -7.23874E-01  2.25775E+00  4.01500E-02  4.01500E-02
b  13   28 13   31  99  3.26721E-01  1.01475E+00  2.25625E+00 -1.10052E+00  2.89910E+00  8.92400E-02  8.92400E-02
b  13   29 13   31  99  2.99383E-01  6.06465E-01  2.68440E+00 -1.49670E+00  3.48673E+00  2.77300E-01  2.77300E-01
b  13   30 13   31  99  3.05884E-01  2.09689E-01  2.95318E+00 -4.82006E-01  4.02107E+00  1.50500E+00  1.50500E+00
f  13    1 12    1  99  3.00000E+00  1.51200E+01
p  13    1 12    1  98  9.51920E-01 -2.41080E+00 -8.19210E-02  2.65330E-03  3.00000E+00  3.68200E+02  3.82900E+02  7.36300E+03
f  13    2 12    1  99  1.00000E+00  1.34006E+01
p  13    2 12    1  99  1.00000E+00  1.34006E+01
f  13    3 12    1  99  1.00000E+00  1.30636E+01
p  13    3 12    1  99  1.00000E+00  1.30636E+01
f  13    4 12    1  99  1.00000E+00  1.31380E+01
p  13    4 12    1  99  1.00000E+00  1.31380E+01
f  13    5 12    1  99  1.00000E+00  1.31100E+01
p  13    5 12    1  99  1.00000E+00  1.31100E+01
f  13    6 12    1  99  1.00000E+00  1.30282E+01
p  13    6 12    1  99  1.00000E+00  1.30282E+01
f  13    7 12    1  99  1.00000E+00  1.30242E+01
p  13    7 12    1  99  1.00000E+00  1.30242E+01
f  13    8 12    1  99  1.00000E+00  1.30012E+01
p  13    8 12    1  99  1.00000E+00  1.30012E+01
f  13    2 12    2  99  2.00000E+00  1.34006E+01
p  13    2 12    2  98  9.51920E-01 -2.41080E+00 -8.19210E-02  2.65330E-03  3.00000E+00  3.68200E+02  3.82900E+02  7.36300E+03
f  13    9 12    2  99  2.00000E+00  1.39611E+01
p  13    9 12    2  99  2.00000E+00  1.39611E+01
f  13   10 12    2  99  1.00000E+00  1.31232E+01
p  13   10 12    2  99  1.00000E+00  1.31232E+01
f  13   11 12    2  99  1.00000E+00  1.31600E+01
p  13   11 12    2  99  1.00000E+00  1.31600E+01
f  13   12 12    2  99  1.00000E+00  1.31210E+01
p  13   12 12    2  99  1.00000E+00  1.31210E+01
f  13   13 12    2  99  1.00000E+00  1.30352E+01
p  13   13 12    2  99  1.00000E+00  1.30352E+01
f  13   14 12    2  99  1.00000E+00  1.30302E+01
p  13   14 12    2  99  1.00000E+00  1.30302E+01
f  13   15 12    2  99  1.00000E+00  1.30111E+01
p  13   15 12    2  99  1.00000E+00  1.30111E+01
f  13    3 12    3  99  2.00000E+00  1.30636E+01
p  13    3 12    3  98  9.51920E-01 -2.41080E+00 -8.19210E-02  2.65330E-03  3.00000E+00  3.68200E+02  3.82900E+02  7.36300E+03
f  13   10 12    3  99  1.00000E+00  1.31232E+01
p  13   10 12    3  99  1.00000E+00  1.31232E+01
f  13    4 12    4  99  2.00000E+00  1.31380E+01
p  13    4 12    4  98  9.51920E-01 -2.41080E+00 -8.19210E-02  2.65330E-03  3.00000E+00  3.68200E+02  3.82900E+02  7.36300E+03
f  13   11 12    4  99  1.00000E+00  1.31600E+01
p  13   11 12    4  99  1.00000E+00  1.31600E+01
f  13    5 12    5  99  2.00000E+00  1.31100E+01
p  13    5 12    5  98  9.51920E-01 -2.41080E+00 -8.19210E-02  2.65330E-03  3.00000E+00  3.68200E+02  3.82900E+02  7.36300E+03
f  13   12 12    5  99  1.00000E+00  1.31210E+01
p  13   12 12    5  99  1.00000E+00  1.31210E+01
f  13    6 12    6  99  2.00000E+00  1.30282E+01
p  13    6 12    6  98  9.51920E-01 -2.41080E+00 -8.19210E-02  2.65330E-03  3.00000E+00  3.68200E+02  3.82900E+02  7.36300E+03
f  13   13 12    6  99  1.00000E+00  1.30352E+01
p  13   13 12    6  99  1.00000E+00  1.30352E+01
f  13    7 12    7  99  2.00000E+00  1.30242E+01
p  13    7 12    7  98  9.51920E-01 -2.41080E+00 -8.19210E-02  2.65330E-03  3.00000E+00  3.68200E+02  3.82900E+02  7.36300E+03
f  13   14 12    7  99  1.00000E+00  1.30302E+01
p  13   14 12    7  99  1.00000E+00  1.30302E+01
f  13    8 12    8  99  2.00000E+00  1.30012E+01
p  13    8 12    8  98  9.51920E-01 -2.41080E+00 -8.19210E-02  2.65330E-03  3.00000E+00  3.68200E+02  3.82900E+02  7.36300E+03
f  13   15 12    8  99  1.00000E+00  1.30111E+01
p  13   15 12    8  99  1.00000E+00  1.30111E+01
f  13    9 12    9  99  1.00000E+00  1.39611E+01
p  13    9 12    9  98  9.51920E-01 -2.41080E+00 -8.19210E-02  2.65330E-03  3.00000E+00  3.68200E+02  3.82900E+02  7.36300E+03
f  13   10 12   10  99  1.00000E+00  1.31232E+01
p  13   10 12   10  98  9.51920E-01 -2.41080E+00 -8.19210E-02  2.65330E-03  3.00000E+00  3.68200E+02  3.82900E+02  7.36300E+03
f  13   11 12   11  99  1.00000E+00  1.31600E+01
p  13   11 12   11  98  9.51920E-01 -2.41080E+00 -8.19210E-02  2.65330E-03  3.00000E+00  3.68200E+02  3.82900E+02  7.36300E+03
f  13   12 12   12  99  1.00000E+00  1.31210E+01
p  13   12 12   12  98  9.51920E-01 -2.41080E+00 -8.19210E-02  2.65330E-03  3.00000E+00  3.68200E+02  3.82900E+02  7.36300E+03
f  13   13 12   13  99  1.00000E+00  1.30352E+01
p  13   13 12   13  98  9.51920E-01 -2.41080E+00 -8.19210E-02  2.65330E-03  3.00000E+00  3.68200E+02  3.82900E+02  7.36300E+03
f  13   14 12   14  99  1.00000E+00  1.30302E+01
p  13   14 12   14  98  9.51920E-01 -2.41080E+00 -8.19210E-02  2.65330E-03  3.00000E+00  3.68200E+02  3.82900E+02  7.36300E+03
f  13   15 12   15  99  1.00000E+00  1.30111E+01
p  13   15 12   15  98  9.51920E-01 -2.41080E+00 -8.19210E-02  2.65330E-03  3.00000E+00  3.68200E+02  3.82900E+02  7.36300E+03
f  13    1 12   16  99  8.00000E+00  1.51200E+01
p  13    1 12   16  98  1.70480E+00 -2.49850E+00 -1.19500E-01  1.03650E-02  8.00000E+00  1.10300E+03  1.14700E+03  2.20600E+04
f  13   16 12   16  99  4.00000E+00  1.56840E+01
p  13   16 12   16  98  9.51920E-01 -2.41080E+00 -8.19210E-02  2.65330E-03  3.00000E+00  3.68200E+02  3.82900E+02  7.36300E+03
f  13   17 12   16  99  1.00000E+00  1.34573E+01
p  13   17 12   16  99  1.00000E+00  1.34573E+01
f  13   18 12   16  99  1.00000E+00  1.30819E+01
p  13   18 12   16  99  1.00000E+00  1.30819E+01
f  13   19 12   16  99  1.00000E+00  1.31440E+01
p  13   19 12   16  99  1.00000E+00  1.31440E+01
f  13   20 12   16  99  1.00000E+00  1.31140E+01
p  13   20 12   16  99  1.00000E+00  1.31140E+01
f  13   21 12   16  99  1.00000E+00  1.30372E+01
p  13   21 12   16  99  1.00000E+00  1.30372E+01
f  13   22 12   16  99  1.00000E+00  1.30312E+01
p  13   22 12   16  99  1.00000E+00  1.30312E+01
f  13   23 12   16  99  1.00000E+00  1.30012E+01
p  13   23 12   16  99  1.00000E+00  1.30012E+01
f  13    2 12   17  99  8.00000E+00  1.34006E+01
p  13    2 12   17  98  1.70480E+00 -2.49850E+00 -1.19500E-01  1.03650E-02  8.00000E+00  1.10300E+03  1.14700E+03  2.20600E+04
f  13   17 12   17  99  3.00000E+00  1.34573E+01
p  13   17 12   17  98  9.51920E-01 -2.41080E+00 -8.19210E-02  2.65330E-03  3.00000E+00  3.68200E+02  3.82900E+02  7.36300E+03
f  13    3 12   18  99  8.00000E+00  1.30636E+01
p  13    3 12   18  98  1.70480E+00 -2.49850E+00 -1.19500E-01  1.03650E-02  8.00000E+00  1.10300E+03  1.14700E+03  2.20600E+04
f  13   18 12   18  99  3.00000E+00  1.30819E+01
p  13   18 12   18  98  9.51920E-01 -2.41080E+00 -8.19210E-02  2.65330E-03  3.00000E+00  3.68200E+02  3.82900E+02  7.36300E+03
f  13    4 12   19  99  8.00000E+00  1.31380E+01
p  13    4 12   19  98  1.70480E+00 -2.49850E+00 -1.19500E-01  1.03650E-02  8.00000E+00  1.10300E+03  1.14700E+03  2.20600E+04
f  13   19 12   19  99  3.00000E+00  1.31440E+01
p  13   19 12   19  98  9.51920E-01 -2.41080E+00 -8.19210E-02  2.65330E-03  3.00000E+00  3.68200E+02  3.82900E+02  7.36300E+03
f  13    5 12   20  99  8.00000E+00  1.31100E+01
p  13    5 12   20  98  1.70480E+00 -2.49850E+00 -1.19500E-01  1.03650E-02  8.00000E+00  1.10300E+03  1.14700E+03  2.20600E+04
f  13   20 12   20  99  3.00000E+00  1.31140E+01
p  13   20 12   20  98  9.51920E-01 -2.41080E+00 -8.19210E-02  2.65330E-03  3.00000E+00  3.68200E+02  3.82900E+02  7.36300E+03
f  13    6 12   21  99  8.00000E+00  1.30282E+01
p  13    6 12   21  98  1.70480E+00 -2.49850E+00 -1.19500E-01  1.03650E-02  8.00000E+00  1.10300E+03  1.14700E+03  2.20600E+04
f  13   21 12   21  99  3.00000E+00  1.30372E+01
p  13   21 12   21  98  9.51920E-01 -2.41080E+00 -8.19210E-02  2.65330E-03  3.00000E+00  3.68200E+02  3.82900E+02  7.36300E+03
f  13    7 12   22  99  8.00000E+00  1.30242E+01
p  13    7 12   22  98  1.70480E+00 -2.49850E+00 -1.19500E-01  1.03650E-02  8.00000E+00  1.10300E+03  1.14700E+03  2.20600E+04
f  13   22 12   22  99  3.00000E+00  1.30312E+01
p  13   22 12   22  98  9.51920E-01 -2.41080E+00 -8.19210E-02  2.65330E-03  3.00000E+00  3.68200E+02  3.82900E+02  7.36300E+03
f  13    8 12   23  99  8.00000E+00  1.30012E+01
p  13    8 12   23  98  1.70480E+00 -2.49850E+00 -1.19500E-01  1.03650E-02  8.00000E+00  1.10300E+03  1.14700E+03  2.20600E+04
f  13   23 12   23  99  3.00000E+00  1.30012E+01
p  13   23 12   23  98  9.51920E-01 -2.41080E+00 -8.19210E-02  2.65330E-03  3.00000E+00  3.68200E+02  3.82900E+02  7.36300E+03
f  13    1 12   24  99  2.00000E+00  1.51200E+01
p  13    1 12   24  98  2.09520E+00 -2.52310E+00 -1.87560E-01  2.03650E-02  2.00000E+00  6.87000E+03  7.14500E+03  1.37400E+05
f  13   24 12   24  99  4.00000E+00  1.57640E+01
p  13   24 12   24  98  9.51920E-01 -2.41080E+00 -8.19210E-02  2.65330E-03  3.00000E+00  3.68200E+02  3.82900E+02  7.36300E+03
f  13   25 12   24  99  1.00000E+00  1.34805E+01
p  13   25 12   24  99  1.00000E+00  1.34805E+01
f  13   26 12   24  99  1.00000E+00  1.30810E+01
p  13   26 12   24  99  1.00000E+00  1.30810E+01
f  13   27 12   24  99  1.00000E+00  1.31530E+01
p  13   27 12   24  99  1.00000E+00  1.31530E+01
f  13   28 12   24  99  1.00000E+00  1.31230E+01
p  13   28 12   24  99  1.00000E+00  1.31230E+01
f  13   29 12   24  99  1.00000E+00  1.30381E+01
p  13   29 12   24  99  1.00000E+00  1.30381E+01
f  13   30 12   24  99  1.00000E+00  1.30321E+01
p  13   30 12   24  99  1.00000E+00  1.30321E+01
f  13   31 12   24  99  1.00000E+00  1.30012E+01
p  13   31 12   24  99  1.00000E+00  1.30012E+01
f  13    2 12   25  99  2.00000E+00  1.34006E+01
p  13    2 12   25  98  2.09520E+00 -2.52310E+00 -1.87560E-01  2.03650E-02  2.00000E+00  6.87000E+03  7.14500E+03  1.37400E+05
f  13   25 12   25  99  3.00000E+00  1.34805E+01
p  13   25 12   25  98  9.51920E-01 -2.41080E+00 -8.19210E-02  2.65330E-03  3.00000E+00  3.68200E+02  3.82900E+02  7.36300E+03
f  13    3 12   26  99  2.00000E+00  1.30636E+01
p  13    3 12   26  98  2.09520E+00 -2.52310E+00 -1.87560E-01  2.03650E-02  2.00000E+00  6.87000E+03  7.14500E+03  1.37400E+05
f  13   26 12   26  99  3.00000E+00  1.30810E+01
p  13   26 12   26  98  9.51920E-01 -2.41080E+00 -8.19210E-02  2.65330E-03  3.00000E+00  3.68200E+02  3.82900E+02  7.36300E+03
f  13    4 12   27  99  2.00000E+00  1.31380E+01
p  13    4 12   27  98  2.09520E+00 -2.52310E+00 -1.87560E-01  2.03650E-02  2.00000E+00  6.87000E+03  7.14500E+03  1.37400E+05
f  13   27 12   27  99  3.00000E+00  1.31530E+01
p  13   27 12   27  98  9.51920E-01 -2.41080E+00 -8.19210E-02  2.65330E-03  3.00000E+00  3.68200E+02  3.82900E+02  7.36300E+03
f  13    5 12   28  99  2.00000E+00  1.31100E+01
p  13    5 12   28  98  2.09520E+00 -2.52310E+00 -1.87560E-01  2.03650E-02  2.00000E+00  6.87000E+03  7.14500E+03  1.37400E+05
f  13   28 12   28  99  3.00000E+00  1.31230E+01
p  13   28 12   28  98  9.51920E-01 -2.41080E+00 -8.19210E-02  2.65330E-03  3.00000E+00  3.68200E+02  3.82900E+02  7.36300E+03
f  13    6 12   29  99  2.00000E+00  1.30282E+01
p  13    6 12   29  98  2.09520E+00 -2.52310E+00 -1.87560E-01  2.03650E-02  2.00000E+00  6.87000E+03  7.14500E+03  1.37400E+05
f  13   29 12   29  99  3.00000E+00  1.30381E+01
p  13   29 12   29  98  9.51920E-01 -2.41080E+00 -8.19210E-02  2.65330E-03  3.00000E+00  3.68200E+02  3.82900E+02  7.36300E+03
f  13    7 12   30  99  2.00000E+00  1.30242E+01
p  13    7 12   30  98  2.09520E+00 -2.52310E+00 -1.87560E-01  2.03650E-02  2.00000E+00  6.87000E+03  7.14500E+03  1.37400E+05
f  13   30 12   30  99  3.00000E+00  1.30321E+01
p  13   30 12   30  98  9.51920E-01 -2.41080E+00 -8.19210E-02  2.65330E-03  3.00000E+00  3.68200E+02  3.82900E+02  7.36300E+03
f  13    8 12   31  99  2.00000E+00  1.30012E+01
p  13    8 12   31  98  2.09520E+00 -2.52310E+00 -1.87560E-01  2.03650E-02  2.00000E+00  6.87000E+03  7.14500E+03  1.37400E+05
f  13   31 12   31  99  3.00000E+00  1.30012E+01
p  13   31 12   31  98  9.51920E-01 -2.41080E+00 -8.19210E-02  2.65330E-03  3.00000E+00  3.68200E+02  3.82900E+02  7.36300E+03
a  13    9 12    1   1.17942E+14
a  13   10 12    1   5.74128E+13
a  13   11 12    1   2.25023E+13
a  13   12 12    1   1.04111E+13
a  13   13 12    1   5.33989E+12
a  13   14 12    1   2.96324E+12
a  13   15 12    1   1.74977E+12
a  13   16 12    1   9.48015E+13
a  13   17 12    1   7.73449E+12
a  13   18 12    1   2.37060E+12
a  13   19 12    1   9.29441E+11
a  13   20 12    1   4.30020E+11
a  13   21 12    1   2.20556E+11
a  13   22 12    1   1.22400E+11
a  13   23 12    1   7.22734E+10
a  13   24 12    1   1.16592E+12
a  13   25 12    1   1.03784E+11
a  13   26 12    1   3.11520E+10
a  13   27 12    1   1.19216E+10
a  13   28 12    1   5.51565E+09
a  13   29 12    1   2.82900E+09
a  13   30 12    1   1.56990E+09
a  13   31 12    1   9.27015E+08
a  13   17 12    2   4.74008E+13
a  13   25 12    2   5.82960E+11
a  13   18 12    3   4.74008E+13
a  13   26 12    3   5.82960E+11
a  13   19 12    4   4.74008E+13
a  13   27 12    4   5.82960E+11
a  13   20 12    5   4.74008E+13
a  13   28 12    5   5.82960E+11
a  13   21 12    6   4.74008E+13
a  13   29 12    6   5.82960E+11
a  13   22 12    7   4.74008E+13
a  13   30 12    7   5.82960E+11
a  13   23 12    8   4.74008E+13
a  13   31 12    8   5.82960E+11
a  13   24 12   16   7.46080E+13
a  13   25 12   16   3.51516E+12
a  13   26 12   16   1.06520E+12
a  13   27 12   16   4.09160E+11
a  13   28 12   16   1.89304E+11
a  13   29 12   16   9.70960E+10
a  13   30 12   16   5.38800E+10
a  13   31 12   16   3.18160E+10
a  13   25 12   17   5.59560E+13
a  13   26 12   18   5.59560E+13
a  13   27 12   19   5.59560E+13
a  13   28 12   20   5.59560E+13
a  13   29 12   21   5.59560E+13
a  13   30 12   22   5.59560E+13
a  13   31 12   23   5.59560E+13
b  14    1 14    2  99  9.61220E-02  1.05861E+00 -1.57540E+01  9.51717E+01  2.00000E+01  2.12600E+00  2.12600E+00
b  14    1 14    3  99  1.12501E-01  1.27016E+00 -1.74913E+01  1.10011E+02  2.00000E+01  5.44800E-01  5.44800E-01
b  14    2 14    3  99  2.41397E-01  1.26822E-01  1.34146E+00 -4.54565E-01  2.06083E+00  8.54800E-01  8.54800E-01
b  14    1 14    4  99  1.35880E-01  1.55871E+00 -2.21385E+01  1.57462E+02  2.00000E+01  2.09920E-01  2.09920E-01
b  14    2 14    4  99  1.52422E-01  1.37249E+00 -1.77838E+01  1.82357E+02  2.00000E+01  1.59500E-01  1.59500E-01
b  14    3 14    4  99  2.72022E-01  8.80263E-02  2.15206E+00 -1.06885E+00  2.76051E+00  1.05100E+00  1.05100E+00
b  14    1 14    5  99  1.38865E-01  1.63631E+00 -2.21750E+01  1.52651E+02  2.00000E+01  1.11200E-01  1.11200E-01
b  14    2 14    5  99  1.70738E-01  1.61840E+00 -1.94212E+01  2.04828E+02  2.00000E+01  6.29900E-02  6.29900E-02
b  14    3 14    5  99  2.95416E-01  5.92434E-01  1.55158E+00 -5.54972E-01  2.15075E+00  1.91000E-01  1.91000E-01
b  14    4 14    5  99  2.48693E-01  1.64481E-01  1.86725E+00 -9.06066E-01  2.74277E+00  1.29200E+00  1.29200E+00
b  14    1 14    6  99  1.43117E-01  1.68136E+00 -2.23819E+01  1.56365E+02  2.00000E+01  6.69200E-02  6.69200E-02
b  14    2 14    6  99  1.83549E-01  1.77005E+00 -2.02370E+01  2.19299E+02  2.00000E+01  3.24300E-02  3.24300E-02
b  14    3 14    6  99  3.24777E-01  8.56965E-01  1.69314E+00 -6.11253E-01  2.20959E+00  7.22000E-02  7.22000E-02
b  14    4 14    6  99  3.03935E-01  5.81638E-01  2.25105E+00 -1.10307E+00  2.90424E+00  2.19200E-01  2.19200E-01
b  14    5 14    6  99  2.53401E-01  1.21979E-01  2.43309E+00 -1.40183E+00  3.37922E+00  1.51600E+00  1.51600E+00
b  14    1 14    7  99  1.49012E-01  1.71158E+00 -2.31614E+01  1.72810E+02  2.00000E+01  4.37200E-02  4.37200E-02
b  14    2 14    7  99  1.89718E-01  1.88146E+00 -2.04283E+01  2.19738E+02  2.00000E+01  1.93000E-02  1.93000E-02
b  14    3 14    7  99  3.41014E-01  1.05700E+00  1.71556E+00 -6.30826E-01  2.16801E+00  3.65000E-02  3.65000E-02
b  14    4 14    7  99  3.01303E-01  1.06130E+00  1.36539E+00 -4.63929E-01  2.08474E+00  8.02700E-02  8.02700E-02
b  14    5 14    7  99  2.92367E-01  6.45598E-01  2.18842E+00 -1.12976E+00  2.98117E+00  2.47100E-01  2.47100E-01
b  14    6 14    7  99  2.42390E-01  1.56275E-01  2.36147E+00 -3.92110E-01  4.01955E+00  1.73000E+00  1.73000E+00
b  14    1 14    8  99  1.47802E-01  1.75150E+00 -2.33722E+01  1.70063E+02  2.00000E+01  3.03000E-02  3.03000E-02
b  14    2 14    8  99  1.95301E-01  1.95972E+00 -2.06059E+01  2.22592E+02  2.00000E+01  1.25700E-02  1.25700E-02
b  14    3 14    8  99  3.51124E-01  1.21213E+00  1.69649E+00 -5.91608E-01  2.15068E+00  2.15400E-02  2.15400E-02
b  14    4 14    8  99  3.24420E-01  1.30400E+00  1.48527E+00 -5.14813E-01  2.14071E+00  3.99100E-02  3.99100E-02
b  14    5 14    8  99  3.23665E-01  1.02923E+00  2.26489E+00 -1.12474E+00  2.94423E+00  8.84700E-02  8.84700E-02
b  14    6 14    8  99  2.96219E-01  6.23760E-01  2.68391E+00 -1.53680E+00  3.53975E+00  2.75100E-01  2.75100E-01
b  14    7 14    8  99  2.28124E-01  1.78960E-01  2.17597E+00 -3.13657E-01  4.04562E+00  1.98100E+00  1.98100E+00
b  14    1 14    9  98  0.00000E+00  0.00000E+00  0.00000E+00  0.00000E+00  0.00000E+00  1.68977E-02  3.37954E-04
b  14    2 14    9  99  9.61220E-02  1.05861E+00 -1.57540E+01  9.51717E+01  2.00000E+01  1.54467E+00  1.54467E+00
b  14    1 14   10  98  0.00000E+00  0.00000E+00  0.00000E+00  0.00000E+00  0.00000E+00  2.12009E-02  4.24017E-04
b  14    2 14   10  99  1.12501E-01  1.27016E+00 -1.74913E+01  1.10011E+02  2.00000E+01  4.08600E-01  4.08600E-01
b  14    3 14   10  99  9.61220E-02  1.05861E+00 -1.57540E+01  9.51717E+01  2.00000E+01  1.59450E+00  1.59450E+00
b  14    9 14   10  99  2.41397E-01  1.26822E-01  1.34146E+00 -4.54565E-01  2.06083E+00  1.70960E+00  1.70960E+00
b  14    1 14   11  98  0.00000E+00  0.00000E+00  0.00000E+00  0.00000E+00  0.00000E+00  2.74746E-02  5.49492E-04
b  14    2 14   11  99  1.35880E-01  1.55871E+00 -2.21385E+01  1.57462E+02  2.00000E+01  1.57440E-01  1.57440E-01
b  14    4 14   11  99  9.61220E-02  1.05861E+00 -1.57540E+01  9.51717E+01  2.00000E+01  1.59450E+00  1.59450E+00
b  14    9 14   11  99  1.52422E-01  1.37249E+00 -1.77838E+01  1.82357E+02  2.00000E+01  3.19000E-01  3.19000E-01
b  14   10 14   11  99  2.72022E-01  8.80263E-02  2.15206E+00 -1.06885E+00  2.76051E+00  1.05100E+00  1.05100E+00
b  14    1 14   12  98  0.00000E+00  0.00000E+00  0.00000E+00  0.00000E+00  0.00000E+00  3.50253E-02  7.00506E-04
b  14    2 14   12  99  1.38865E-01  1.63631E+00 -2.21750E+01  1.52651E+02  2.00000E+01  8.34000E-02  8.34000E-02
b  14    5 14   12  99  9.61220E-02  1.05861E+00 -1.57540E+01  9.51717E+01  2.00000E+01  1.59450E+00  1.59450E+00
b  14    9 14   12  99  1.70738E-01  1.61840E+00 -1.94212E+01  2.04828E+02  2.00000E+01  1.25980E-01  1.25980E-01
b  14   10 14   12  99  2.95416E-01  5.92434E-01  1.55158E+00 -5.54972E-01  2.15075E+00  1.91000E-01  1.91000E-01
b  14   11 14   12  99  2.48693E-01  1.64481E-01  1.86725E+00 -9.06066E-01  2.74277E+00  1.29200E+00  1.29200E+00
b  14    1 14   13  98  0.00000E+00  0.00000E+00  0.00000E+00  0.00000E+00  0.00000E+00  4.38357E-02  8.76713E-04
b  14    2 14   13  99  1.43117E-01  1.68136E+00 -2.23819E+01  1.56365E+02  2.00000E+01  5.01900E-02  5.01900E-02
b  14    6 14   13  99  9.61220E-02  1.05861E+00 -1.57540E+01  9.51717E+01  2.00000E+01  1.59450E+00  1.59450E+00
b  14    9 14   13  99  1.83549E-01  1.77005E+00 -2.02370E+01  2.19299E+02  2.00000E+01  6.48600E-02  6.48600E-02
b  14   10 14   13  99  3.24777E-01  8.56965E-01  1.69314E+00 -6.11253E-01  2.20959E+00  7.22000E-02  7.22000E-02
b  14   11 14   13  99  3.03935E-01  5.81638E-01  2.25105E+00 -1.10307E+00  2.90424E+00  2.19200E-01  2.19200E-01
b  14   12 14   13  99  2.53401E-01  1.21979E-01  2.43309E+00 -1.40183E+00  3.37922E+00  1.51600E+00  1.51600E+00
b  14    1 14   14  98  0.00000E+00  0.00000E+00  0.00000E+00  0.00000E+00  0.00000E+00  5.39865E-02  1.07973E-03
b  14    2 14   14  99  1.49012E-01  1.71158E+00 -2.31614E+01  1.72810E+02  2.00000E+01  3.27900E-02  3.27900E-02
b  14    7 14   14  99  9.61220E-02  1.05861E+00 -1.57540E+01  9.51717E+01  2.00000E+01  1.59450E+00  1.59450E+00
b  14    9 14   14  99  1.89718E-01  1.88146E+00 -2.04283E+01  2.19738E+02  2.00000E+01  3.86000E-02  3.86000E-02
b  14   10 14   14  99  3.41014E-01  1.05700E+00  1.71556E+00 -6.30826E-01  2.16801E+00  3.65000E-02  3.65000E-02
b  14   11 14   14  99  3.01303E-01  1.06130E+00  1.36539E+00 -4.63929E-01  2.08474E+00  8.02700E-02  8.02700E-02
b  14   12 14   14  99  2.92367E-01  6.45598E-01  2.18842E+00 -1.12976E+00  2.98117E+00  2.47100E-01  2.47100E-01
b  14   13 14   14  99  2.42390E-01  1.56275E-01  2.36147E+00 -3.92110E-01  4.01955E+00  1.73000E+00  1.73000E+00
b  14    1 14   15  98  0.00000E+00  0.00000E+00  0.00000E+00  0.00000E+00  0.00000E+00  6.53487E-02  1.30697E-03
b  14    2 14   15  99  1.47802E-01  1.75150E+00 -2.33722E+01  1.70063E+02  2.00000E+01  2.27250E-02  2.27250E-02
b  14    8 14   15  99  9.61220E-02  1.05861E+00 -1.57540E+01  9.51717E+01  2.00000E+01  1.59450E+00  1.59450E+00
b  14    9 14   15  99  1.95301E-01  1.95972E+00 -2.06059E+01  2.22592E+02  2.00000E+01  2.51400E-02  2.51400E-02
b  14   10 14   15  99  3.51124E-01  1.21213E+00  1.69649E+00 -5.91608E-01  2.15068E+00  2.15400E-02  2.15400E-02
b  14   11 14   15  99  3.24420E-01  1.30400E+00  1.48527E+00 -5.14813E-01  2.14071E+00  3.99100E-02  3.99100E-02
b  14   12 14   15  99  3.23665E-01  1.02923E+00  2.26489E+00 -1.12474E+00  2.94423E+00  8.84700E-02  8.84700E-02
b  14   13 14   15  99  2.96219E-01  6.23760E-01  2.68391E+00 -1.53680E+00  3.53975E+00  2.75100E-01  2.75100E-01
b  14   14 14   15  99  2.28124E-01  1.78960E-01  2.17597E+00 -3.13657E-01  4.04562E+00  1.98100E+00  1.98100E+00
b  14    1 14   16  99  1.24946E-01  1.89499E+00 -5.98664E+01  5.96520E+02  2.00000E+01  2.14418E+00  2.14418E+00
b  14    1 14   17  99  1.10537E-01  1.84841E+00 -4.83960E+01  3.99204E+02  2.00000E+01  6.65520E-01  6.65520E-01
b  14    2 14   17  99  1.24946E-01  1.89499E+00 -5.98664E+01  5.96520E+02  2.00000E+01  2.29733E+00  2.29733E+00
b  14   16 14   17  99  9.61220E-02  1.05861E+00 -1.57540E+01  9.51717E+01  2.00000E+01  2.65750E+00  2.65750E+00
b  14    1 14   18  99  1.07289E-01  1.84720E+00 -4.44882E+01  3.30501E+02  2.00000E+01  2.83120E-01  2.83120E-01
b  14    3 14   18  99  1.24946E-01  1.89499E+00 -5.98664E+01  5.96520E+02  2.00000E+01  2.29733E+00  2.29733E+00
b  14   16 14   18  99  1.12501E-01  1.27016E+00 -1.74913E+01  1.10011E+02  2.00000E+01  6.81000E-01  6.81000E-01
b  14   17 14   18  99  2.41397E-01  1.26822E-01  1.34146E+00 -4.54565E-01  2.06083E+00  8.54800E-01  8.54800E-01
b  14    1 14   19  99  1.21388E-01  1.68249E+00 -2.69138E+01  1.49605E+02  1.29380E+01  1.39520E-01  1.39520E-01
b  14    4 14   19  99  1.24946E-01  1.89499E+00 -5.98664E+01  5.96520E+02  2.00000E+01  2.29733E+00  2.29733E+00
b  14   16 14   19  99  1.35880E-01  1.55871E+00 -2.21385E+01  1.57462E+02  2.00000E+01  2.62400E-01  2.62400E-01
b  14   17 14   19  99  1.52422E-01  1.37249E+00 -1.77838E+01  1.82357E+02  2.00000E+01  1.59500E-01  1.59500E-01
b  14   18 14   19  99  2.72022E-01  8.80263E-02  2.15206E+00 -1.06885E+00  2.76051E+00  1.05100E+00  1.05100E+00
b  14    1 14   20  99  1.27757E-01  1.56671E+00 -2.17332E+01  1.10960E+02  1.09780E+01  8.29600E-02  8.29600E-02
b  14    5 14   20  99  1.24946E-01  1.89499E+00 -5.98664E+01  5.96520E+02  2.00000E+01  2.29733E+00  2.29733E+00
b  14   16 14   20  99  1.38865E-01  1.63631E+00 -2.21750E+01  1.52651E+02  2.00000E+01  1.39000E-01  1.39000E-01
b  14   17 14   20  99  1.70738E-01  1.61840E+00 -1.94212E+01  2.04828E+02  2.00000E+01  6.29900E-02  6.29900E-02
b  14   18 14   20  99  2.95416E-01  5.92434E-01  1.55158E+00 -5.54972E-01  2.15075E+00  1.91000E-01  1.91000E-01
b  14   19 14   20  99  2.48693E-01  1.64481E-01  1.86725E+00 -9.06066E-01  2.74277E+00  1.29200E+00  1.29200E+00
b  14    1 14   21  99  1.37600E-01  1.43996E+00 -1.72554E+01  8.10991E+01  9.23970E+00  5.35280E-02  5.35280E-02
b  14    6 14   21  99  1.24946E-01  1.89499E+00 -5.98664E+01  5.96520E+02  2.00000E+01  2.29733E+00  2.29733E+00
b  14   16 14   21  99  1.43117E-01  1.68136E+00 -2.23819E+01  1.56365E+02  2.00000E+01  8.36500E-02  8.36500E-02
b  14   17 14   21  99  1.83549E-01  1.77005E+00 -2.02370E+01  2.19299E+02  2.00000E+01  3.24300E-02  3.24300E-02
b  14   18 14   21  99  3.24777E-01  8.56965E-01  1.69314E+00 -6.11253E-01  2.20959E+00  7.22000E-02  7.22000E-02
b  14   19 14   21  99  3.03935E-01  5.81638E-01  2.25105E+00 -1.10307E+00  2.90424E+00  2.19200E-01  2.19200E-01
b  14   20 14   21  99  2.53401E-01  1.21979E-01  2.43309E+00 -1.40183E+00  3.37922E+00  1.51600E+00  1.51600E+00
b  14    1 14   22  99  1.38934E-01  1.43739E+00 -1.72219E+01  8.12471E+01  9.21270E+00  3.65920E-02  3.65920E-02
b  14    7 14   22  99  1.24946E-01  1.89499E+00 -5.98664E+01  5.96520E+02  2.00000E+01  2.29733E+00  2.29733E+00
b  14   16 14   22  99  1.49012E-01  1.71158E+00 -2.31614E+01  1.72810E+02  2.00000E+01  5.46500E-02  5.46500E-02
b  14   17 14   22  99  1.89718E-01  1.88146E+00 -2.04283E+01  2.19738E+02  2.00000E+01  1.93000E-02  1.93000E-02
b  14   18 14   22  99  3.41014E-01  1.05700E+00  1.71556E+00 -6.30826E-01  2.16801E+00  3.65000E-02  3.65000E-02
b  14   19 14   22  99  3.01303E-01  1.06130E+00  1.36539E+00 -4.63929E-01  2.08474E+00  8.02700E-02  8.02700E-02
b  14   20 14   22  99  2.92367E-01  6.45598E-01  2.18842E+00 -1.12976E+00  2.98117E+00  2.47100E-01  2.47100E-01
b  14   21 14   22  99  2.42390E-01  1.56275E-01  2.36147E+00 -3.92110E-01  4.01955E+00  1.73000E+00  1.73000E+00
b  14    1 14   23  99  1.45296E-01  1.37611E+00 -1.54373E+01  7.04171E+01  8.50280E+00  2.61200E-02  2.61200E-02
b  14    8 14   23  99  1.24946E-01  1.89499E+00 -5.98664E+01  5.96520E+02  2.00000E+01  2.29733E+00  2.29733E+00
b  14   16 14   23  99  1.47802E-01  1.75150E+00 -2.33722E+01  1.70063E+02  2.00000E+01  3.78750E-02  3.78750E-02
b  14   17 14   23  99  1.95301E-01  1.95972E+00 -2.06059E+01  2.22592E+02  2.00000E+01  1.25700E-02  1.25700E-02
b  14   18 14   23  99  3.51124E-01  1.21213E+00  1.69649E+00 -5.91608E-01  2.15068E+00  2.15400E-02  2.15400E-02
b  14   19 14   23  99  3.24420E-01  1.30400E+00  1.48527E+00 -5.14813E-01  2.14071E+00  3.99100E-02  3.99100E-02
b  14   20 14   23  99  3.23665E-01  1.02923E+00  2.26489E+00 -1.12474E+00  2.94423E+00  8.84700E-02  8.84700E-02
b  14   21 14   23  99  2.96219E-01  6.23760E-01  2.68391E+00 -1.53680E+00  3.53975E+00  2.75100E-01  2.75100E-01
b  14   22 14   23  99  2.28124E-01  1.78960E-01  2.17597E+00 -3.13657E-01  4.04562E+00  1.98100E+00  1.98100E+00
b  14    1 14   24  99  2.12959E-01  1.18317E+00 -1.39044E+01  5.33581E+01  5.69437E+00  6.63133E-02  6.63133E-02
b  14   16 14   24  99  2.64184E-01  7.23038E-01 -9.66688E+00  4.05424E+01  4.93348E+00  7.49750E-02  7.49750E-02
b  14    1 14   25  99  1.89579E-01  1.35530E+00 -1.57817E+01  5.94162E+01  6.11039E+00  2.64000E-02  2.64000E-02
b  14    2 14   25  99  2.12959E-01  1.18317E+00 -1.39044E+01  5.33581E+01  5.69437E+00  7.10500E-02  7.10500E-02
b  14   17 14   25  99  2.64184E-01  7.23038E-01 -9.66688E+00  4.05424E+01  4.93348E+00  7.49750E-02  7.49750E-02
b  14   24 14   25  99  9.61220E-02  1.05861E+00 -1.57540E+01  9.51717E+01  2.00000E+01  2.65750E+00  2.65750E+00
b  14    1 14   26  99  1.84966E-01  1.38851E+00 -1.61164E+01  6.03440E+01  6.18847E+00  1.21720E-02  1.21720E-02
b  14    3 14   26  99  2.12959E-01  1.18317E+00 -1.39044E+01  5.33581E+01  5.69437E+00  7.10500E-02  7.10500E-02
b  14   18 14   26  99  2.64184E-01  7.23038E-01 -9.66688E+00  4.05424E+01  4.93348E+00  7.49750E-02  7.49750E-02
b  14   24 14   26  99  1.12501E-01  1.27016E+00 -1.74913E+01  1.10011E+02  2.00000E+01  6.81000E-01  6.81000E-01
b  14   25 14   26  99  2.41397E-01  1.26822E-01  1.34146E+00 -4.54565E-01  2.06083E+00  8.54800E-01  8.54800E-01
b  14    1 14   27  99  1.88670E-01  1.51889E+00 -1.78917E+01  6.71902E+01  6.34336E+00  6.33400E-03  6.33400E-03
b  14    4 14   27  99  2.12959E-01  1.18317E+00 -1.39044E+01  5.33581E+01  5.69437E+00  7.10500E-02  7.10500E-02
b  14   19 14   27  99  2.64184E-01  7.23038E-01 -9.66688E+00  4.05424E+01  4.93348E+00  7.49750E-02  7.49750E-02
b  14   24 14   27  99  1.35880E-01  1.55871E+00 -2.21385E+01  1.57462E+02  2.00000E+01  2.62400E-01  2.62400E-01
b  14   25 14   27  99  1.52422E-01  1.37249E+00 -1.77838E+01  1.82357E+02  2.00000E+01  1.59500E-01  1.59500E-01
b  14   26 14   27  99  2.72022E-01  8.80263E-02  2.15206E+00 -1.06885E+00  2.76051E+00  1.05100E+00  1.05100E+00
b  14    1 14   28  99  1.81698E-01  1.53150E+00 -1.81176E+01  6.80464E+01  6.45410E+00  3.83800E-03  3.83800E-03
b  14    5 14   28  99  2.12959E-01  1.18317E+00 -1.39044E+01  5.33581E+01  5.69437E+00  7.10500E-02  7.10500E-02
b  14   20 14   28  99  2.64184E-01  7.23038E-01 -9.66688E+00  4.05424E+01  4.93348E+00  7.49750E-02  7.49750E-02
b  14   24 14   28  99  1.38865E-01  1.63631E+00 -2.21750E+01  1.52651E+02  2.00000E+01  1.39000E-01  1.39000E-01
b  14   25 14   28  99  1.70738E-01  1.61840E+00 -1.94212E+01  2.04828E+02  2.00000E+01  6.29900E-02  6.29900E-02
b  14   26 14   28  99  2.95416E-01  5.92434E-01  1.55158E+00 -5.54972E-01  2.15075E+00  1.91000E-01  1.91000E-01
b  14   27 14   28  99  2.48693E-01  1.64481E-01  1.86725E+00 -9.06066E-01  2.74277E+00  1.29200E+00  1.29200E+00
b  14    1 14   29  99  1.83085E-01  1.49983E+00 -1.75309E+01  6.53182E+01  6.33900E+00  2.50200E-03  2.50200E-03
b  14    6 14   29  99  2.12959E-01  1.18317E+00 -1.39044E+01  5.33581E+01  5.69437E+00  7.10500E-02  7.10500E-02
b  14   21 14   29  99  2.64184E-01  7.23038E-01 -9.66688E+00  4.05424E+01  4.93348E+00  7.49750E-02  7.49750E-02
b  14   24 14   29  99  1.43117E-01  1.68136E+00 -2.23819E+01  1.56365E+02  2.00000E+01  8.36500E-02  8.36500E-02
b  14   25 14   29  99  1.83549E-01  1.77005E+00 -2.02370E+01  2.19299E+02  2.00000E+01  3.24300E-02  3.24300E-02
b  14   26 14   29  99  3.24777E-01  8.56965E-01  1.69314E+00 -6.11253E-01  2.20959E+00  7.22000E-02  7.22000E-02
b  14   27 14   29  99  3.03935E-01  5.81638E-01  2.25105E+00 -1.10307E+00  2.90424E+00  2.19200E-01  2.19200E-01
b  14   28 14   29  99  2.53401E-01  1.21979E-01  2.43309E+00 -1.40183E+00  3.37922E+00  1.51600E+00  1.51600E+00
b  14    1 14   30  99  1.72736E-01  1.55758E+00 -1.86340E+01  7.02762E+01  6.63517E+00  1.71960E-03  1.71960E-03
b  14    7 14   30  99  2.12959E-01  1.18317E+00 -1.39044E+01  5.33581E+01  5.69437E+00  7.10500E-02  7.10500E-02
b  14   22 14   30  99  2.64184E-01  7.23038E-01 -9.66688E+00  4.05424E+01  4.93348E+00  7.49750E-02  7.49750E-02
b  14   24 14   30  99  1.49012E-01  1.71158E+00 -2.31614E+01  1.72810E+02  2.00000E+01  5.46500E-02  5.46500E-02
b  14   25 14   30  99  1.89718E-01  1.88146E+00 -2.04283E+01  2.19738E+02  2.00000E+01  1.93000E-02  1.93000E-02
b  14   26 14   30  99  3.41014E-01  1.05700E+00  1.71556E+00 -6.30826E-01  2.16801E+00  3.65000E-02  3.65000E-02
b  14   27 14   30  99  3.01303E-01  1.06130E+00  1.36539E+00 -4.63929E-01  2.08474E+00  8.02700E-02  8.02700E-02
b  14   28 14   30  99  2.92367E-01  6.45598E-01  2.18842E+00 -1.12976E+00  2.98117E+00  2.47100E-01  2.47100E-01
b  14   29 14   30  99  2.42390E-01  1.56275E-01  2.36147E+00 -3.92110E-01  4.01955E+00  1.73000E+00  1.73000E+00
b  14    1 14   31  99  1.78972E-01  1.50572E+00 -1.77035E+01  6.61580E+01  6.42253E+00  1.23140E-03  1.23140E-03
b  14    8 14   31  99  2.12959E-01  1.18317E+00 -1.39044E+01  5.33581E+01  5.69437E+00  7.10500E-02  7.10500E-02
b  14   23 14   31  99  2.64184E-01  7.23038E-01 -9.66688E+00  4.05424E+01  4.93348E+00  7.49750E-02  7.49750E-02
b  14   24 14   31  99  1.47802E-01  1.75150E+00 -2.33722E+01  1.70063E+02  2.00000E+01  3.78750E-02  3.78750E-02
b  14   25 14   31  99  1.95301E-01  1.95972E+00 -2.06059E+01  2.22592E+02  2.00000E+01  1.25700E-02  1.25700E-02
b  14   26 14   31  99  3.51124E-01  1.21213E+00  1.69649E+00 -5.91608E-01  2.15068E+00  2.15400E-02  2.15400E-02
b  14   27 14   31  99  3.24420E-01  1.30400E+00  1.48527E+00 -5.14813E-01  2.14071E+00  3.99100E-02  3.99100E-02
b  14   28 14   31  99  3.23665E-01  1.02923E+00  2.26489E+00 -1.12474E+00  2.94423E+00  8.84700E-02  8.84700E-02
b  14   29 14   31  99  2.96219E-01  6.23760E-01  2.68391E+00 -1.53680E+00  3.53975E+00  2.75100E-01  2.75100E-01
b  14   30 14   31  99  2.28124E-01  1.78960E-01  2.17597E+00 -3.13657E-01  4.04562E+00  1.98100E+00  1.98100E+00
f  14    1 13    1  99  4.00000E+00  1.47800E+01
p  14    1 13    1  98  1.00960E+00 -2.38030E+00 -8.55170E-02  2.88960E-03  4.00000E+00  3.37500E+02  3.51000E+02  6.75000E+03
f  14    2 13    1  99  1.00000E+00  1.24851E+01
p  14    2 13    1  99  1.00000E+00  1.24851E+01
f  14    3 13    1  99  1.00000E+00  1.20840E+01
p  14    3 13    1  99  1.00000E+00  1.20840E+01
f  14    4 13    1  99  1.00000E+00  1.21560E+01
p  14    4 13    1  99  1.00000E+00  1.21560E+01
f  14    5 13    1  99  1.00000E+00  1.21240E+01
p  14    5 13    1  99  1.00000E+00  1.21240E+01
f  14    6 13    1  99  1.00000E+00  1.20382E+01
p  14    6 13    1  99  1.00000E+00  1.20382E+01
f  14    7 13    1  99  1.00000E+00  1.20322E+01
p  14    7 13    1  99  1.00000E+00  1.20322E+01
f  14    8 13    1  99  1.00000E+00  1.20013E+01
p  14    8 13    1  99  1.00000E+00  1.20013E+01
f  14    2 13    2  99  3.00000E+00  1.24851E+01
p  14    2 13    2  98  1.00960E+00 -2.38030E+00 -8.55170E-02  2.88960E-03  4.00000E+00  3.37500E+02  3.51000E+02  6.75000E+03
f  14    9 13    2  99  2.00000E+00  1.30456E+01
p  14    9 13    2  99  2.00000E+00  1.30456E+01
f  14   10 13    2  99  1.00000E+00  1.21436E+01
p  14   10 13    2  99  1.00000E+00  1.21436E+01
f  14   11 13    2  99  1.00000E+00  1.21780E+01
p  14   11 13    2  99  1.00000E+00  1.21780E+01
f  14   12 13    2  99  1.00000E+00  1.21350E+01
p  14   12 13    2  99  1.00000E+00  1.21350E+01
f  14   13 13    2  99  1.00000E+00  1.20452E+01
p  14   13 13    2  99  1.00000E+00  1.20452E+01
f  14   14 13    2  99  1.00000E+00  1.20382E+01
p  14   14 13    2  99  1.00000E+00  1.20382E+01
f  14   15 13    2  99  1.00000E+00  1.20112E+01
p  14   15 13    2  99  1.00000E+00  1.20112E+01
f  14    3 13    3  99  3.00000E+00  1.20840E+01
p  14    3 13    3  98  1.00960E+00 -2.38030E+00 -8.55170E-02  2.88960E-03  4.00000E+00  3.37500E+02  3.51000E+02  6.75000E+03
f  14   10 13    3  99  1.00000E+00  1.21436E+01
p  14   10 13    3  99  1.00000E+00  1.21436E+01
f  14    4 13    4  99  3.00000E+00  1.21560E+01
p  14    4 13    4  98  1.00960E+00 -2.38030E+00 -8.55170E-02  2.88960E-03  4.00000E+00  3.37500E+02  3.51000E+02  6.75000E+03
f  14   11 13    4  99  1.00000E+00  1.21780E+01
p  14   11 13    4  99  1.00000E+00  1.21780E+01
f  14    5 13    5  99  3.00000E+00  1.21240E+01
p  14    5 13    5  98  1.00960E+00 -2.38030E+00 -8.55170E-02  2.88960E-03  4.00000E+00  3.37500E+02  3.51000E+02  6.75000E+03
f  14   12 13    5  99  1.00000E+00  1.21350E+01
p  14   12 13    5  99  1.00000E+00  1.21350E+01
f  14    6 13    6  99  3.00000E+00  1.20382E+01
p  14    6 13    6  98  1.00960E+00 -2.38030E+00 -8.55170E-02  2.88960E-03  4.00000E+00  3.37500E+02  3.51000E+02  6.75000E+03
f  14   13 13    6  99  1.00000E+00  1.20452E+01
p  14   13 13    6  99  1.00000E+00  1.20452E+01
f  14    7 13    7  99  3.00000E+00  1.20322E+01
p  14    7 13    7  98  1.00960E+00 -2.38030E+00 -8.55170E-02  2.88960E-03  4.00000E+00  3.37500E+02  3.51000E+02  6.75000E+03
f  14   14 13    7  99  1.00000E+00  1.20382E+01
p  14   14 13    7  99  1.00000E+00  1.20382E+01
f  14    8 13    8  99  3.00000E+00  1.20013E+01
p  14    8 13    8  98  1.00960E+00 -2.38030E+00 -8.55170E-02  2.88960E-03  4.00000E+00  3.37500E+02  3.51000E+02  6.75000E+03
f  14   15 13    8  99  1.00000E+00  1.20112E+01
p  14   15 13    8  99  1.00000E+00  1.20112E+01
f  14    9 13    9  99  2.00000E+00  1.30456E+01
p  14    9 13    9  98  1.00960E+00 -2.38030E+00 -8.55170E-02  2.88960E-03  4.00000E+00  3.37500E+02  3.51000E+02  6.75000E+03
f  14   10 13   10  99  2.00000E+00  1.21436E+01
p  14   10 13   10  98  1.00960E+00 -2.38030E+00 -8.55170E-02  2.88960E-03  4.00000E+00  3.37500E+02  3.51000E+02  6.75000E+03
f  14   11 13   11  99  2.00000E+00  1.21780E+01
p  14   11 13   11  98  1.00960E+00 -2.38030E+00 -8.55170E-02  2.88960E-03  4.00000E+00  3.37500E+02  3.51000E+02  6.75000E+03
f  14   12 13   12  99  2.00000E+00  1.21350E+01
p  14   12 13   12  98  1.00960E+00 -2.38030E+00 -8.55170E-02  2.88960E-03  4.00000E+00  3.37500E+02  3.51000E+02  6.75000E+03
f  14   13 13   13  99  2.00000E+00  1.20452E+01
p  14   13 13   13  98  1.00960E+00 -2.38030E+00 -8.55170E-02  2.88960E-03  4.00000E+00  3.37500E+02  3.51000E+02  6.75000E+03
f  14   14 13   14  99  2.00000E+00  1.20382E+01
p  14   14 13   14  98  1.00960E+00 -2.38030E+00 -8.55170E-02  2.88960E-03  4.00000E+00  3.37500E+02  3.51000E+02  6.75000E+03
f  14   15 13   15  99  2.00000E+00  1.20112E+01
p  14   15 13   15  98  1.00960E+00 -2.38030E+00 -8.55170E-02  2.88960E-03  4.00000E+00  3.37500E+02  3.51000E+02  6.75000E+03
f  14    1 13   16  99  8.00000E+00  1.47800E+01
p  14    1 13   16  98  1.75500E+00 -2.48730E+00 -1.22270E-01  1.07190E-02  8.00000E+00  1.06300E+03  1.10600E+03  2.12600E+04
f  14   16 13   16  99  5.00000E+00  1.53440E+01
p  14   16 13   16  98  1.00960E+00 -2.38030E+00 -8.55170E-02  2.88960E-03  4.00000E+00  3.37500E+02  3.51000E+02  6.75000E+03
f  14   17 13   16  99  1.00000E+00  1.25418E+01
p  14   17 13   16  99  1.00000E+00  1.25418E+01
f  14   18 13   16  99  1.00000E+00  1.21023E+01
p  14   18 13   16  99  1.00000E+00  1.21023E+01
f  14   19 13   16  99  1.00000E+00  1.21620E+01
p  14   19 13   16  99  1.00000E+00  1.21620E+01
f  14   20 13   16  99  1.00000E+00  1.21280E+01
p  14   20 13   16  99  1.00000E+00  1.21280E+01
f  14   21 13   16  99  1.00000E+00  1.20472E+01
p  14   21 13   16  99  1.00000E+00  1.20472E+01
f  14   22 13   16  99  1.00000E+00  1.20392E+01
p  14   22 13   16  99  1.00000E+00  1.20392E+01
f  14   23 13   16  99  1.00000E+00  1.20013E+01
p  14   23 13   16  99  1.00000E+00  1.20013E+01
f  14    2 13   17  99  8.00000E+00  1.24851E+01
p  14    2 13   17  98  1.75500E+00 -2.48730E+00 -1.22270E-01  1.07190E-02  8.00000E+00  1.06300E+03  1.10600E+03  2.12600E+04
f  14   17 13   17  99  4.00000E+00  1.25418E+01
p  14   17 13   17  98  1.00960E+00 -2.38030E+00 -8.55170E-02  2.88960E-03  4.00000E+00  3.37500E+02  3.51000E+02  6.75000E+03
f  14    3 13   18  99  8.00000E+00  1.20840E+01
p  14    3 13   18  98  1.75500E+00 -2.48730E+00 -1.22270E-01  1.07190E-02  8.00000E+00  1.06300E+03  1.10600E+03  2.12600E+04
f  14   18 13   18  99  4.00000E+00  1.21023E+01
p  14   18 13   18  98  1.00960E+00 -2.38030E+00 -8.55170E-02  2.88960E-03  4.00000E+00  3.37500E+02  3.51000E+02  6.75000E+03
f  14    4 13   19  99  8.00000E+00  1.21560E+01
p  14    4 13   19  98  1.75500E+00 -2.48730E+00 -1.22270E-01  1.07190E-02  8.00000E+00  1.06300E+03  1.10600E+03  2.12600E+04
f  14   19 13   19  99  4.00000E+00  1.21620E+01
p  14   19 13   19  98  1.00960E+00 -2.38030E+00 -8.55170E-02  2.88960E-03  4.00000E+00  3.37500E+02  3.51000E+02  6.75000E+03
f  14    5 13   20  99  8.00000E+00  1.21240E+01
p  14    5 13   20  98  1.75500E+00 -2.48730E+00 -1.22270E-01  1.07190E-02  8.00000E+00  1.06300E+03  1.10600E+03  2.12600E+04
f  14   20 13   20  99  4.00000E+00  1.21280E+01
p  14   20 13   20  98  1.00960E+00 -2.38030E+00 -8.55170E-02  2.88960E-03  4.00000E+00  3.37500E+02  3.51000E+02  6.75000E+03
f  14    6 13   21  99  8.00000E+00  1.20382E+01
p  14    6 13   21  98  1.75500E+00 -2.48730E+00 -1.22270E-01  1.07190E-02  8.00000E+00  1.06300E+03  1.10600E+03  2.12600E+04
f  14   21 13   21  99  4.00000E+00  1.20472E+01
p  14   21 13   21  98  1.00960E+00 -2.38030E+00 -8.55170E-02  2.88960E-03  4.00000E+00  3.37500E+02  3.51000E+02  6.75000E+03
f  14    7 13   22  99  8.00000E+00  1.20322E+01
p  14    7 13   22  98  1.75500E+00 -2.48730E+00 -1.22270E-01  1.07190E-02  8.00000E+00  1.06300E+03  1.10600E+03  2.12600E+04
f  14   22 13   22  99  4.00000E+00  1.20392E+01
p  14   22 13   22  98  1.00960E+00 -2.38030E+00 -8.55170E-02  2.88960E-03  4.00000E+00  3.37500E+02  3.51000E+02  6.75000E+03
f  14    8 13   23  99  8.00000E+00  1.20013E+01
p  14    8 13   23  98  1.75500E+00 -2.48730E+00 -1.22270E-01  1.07190E-02  8.00000E+00  1.06300E+03  1.10600E+03  2.12600E+04
f  14   23 13   23  99  4.00000E+00  1.20013E+01
p  14   23 13   23  98  1.00960E+00 -2.38030E+00 -8.55170E-02  2.88960E-03  4.00000E+00  3.37500E+02  3.51000E+02  6.75000E+03
f  14    1 13   24  99  2.00000E+00  1.47800E+01
p  14    1 13   24  98  2.10720E+00 -2.52710E+00 -1.83880E-01  1.96140E-02  2.00000E+00  6.82700E+03  7.10000E+03  1.36600E+05
f  14   24 13   24  99  5.00000E+00  1.54240E+01
p  14   24 13   24  98  1.00960E+00 -2.38030E+00 -8.55170E-02  2.88960E-03  4.00000E+00  3.37500E+02  3.51000E+02  6.75000E+03
f  14   25 13   24  99  1.00000E+00  1.25650E+01
p  14   25 13   24  99  1.00000E+00  1.25650E+01
f  14   26 13   24  99  1.00000E+00  1.21014E+01
p  14   26 13   24  99  1.00000E+00  1.21014E+01
f  14   27 13   24  99  1.00000E+00  1.21710E+01
p  14   27 13   24  99  1.00000E+00  1.21710E+01
f  14   28 13   24  99  1.00000E+00  1.21370E+01
p  14   28 13   24  99  1.00000E+00  1.21370E+01
f  14   29 13   24  99  1.00000E+00  1.20481E+01
p  14   29 13   24  99  1.00000E+00  1.20481E+01
f  14   30 13   24  99  1.00000E+00  1.20401E+01
p  14   30 13   24  99  1.00000E+00  1.20401E+01
f  14   31 13   24  99  1.00000E+00  1.20013E+01
p  14   31 13   24  99  1.00000E+00  1.20013E+01
f  14    2 13   25  99  2.00000E+00  1.24851E+01
p  14    2 13   25  98  2.10720E+00 -2.52710E+00 -1.83880E-01  1.96140E-02  2.00000E+00  6.82700E+03  7.10000E+03  1.36600E+05
f  14   25 13   25  99  4.00000E+00  1.25650E+01
p  14   25 13   25  98  1.00960E+00 -2.38030E+00 -8.55170E-02  2.88960E-03  4.00000E+00  3.37500E+02  3.51000E+02  6.75000E+03
f  14    3 13   26  99  2.00000E+00  1.20840E+01
p  14    3 13   26  98  2.10720E+00 -2.52710E+00 -1.83880E-01  1.96140E-02  2.00000E+00  6.82700E+03  7.10000E+03  1.36600E+05
f  14   26 13   26  99  4.00000E+00  1.21014E+01
p  14   26 13   26  98  1.00960E+00 -2.38030E+00 -8.55170E-02  2.88960E-03  4.00000E+00  3.37500E+02  3.51000E+02  6.75000E+03
f  14    4 13   27  99  2.00000E+00  1.21560E+01
p  14    4 13   27  98  2.10720E+00 -2.52710E+00 -1.83880E-01  1.96140E-02  2.00000E+00  6.82700E+03  7.10000E+03  1.36600E+05
f  14   27 13   27  99  4.00000E+00  1.21710E+01
p  14   27 13   27  98  1.00960E+00 -2.38030E+00 -8.55170E-02  2.88960E-03  4.00000E+00  3.37500E+02  3.51000E+02  6.75000E+03
f  14    5 13   28  99  2.00000E+00  1.21240E+01
p  14    5 13   28  98  2.10720E+00 -2.52710E+00 -1.83880E-01  1.96140E-02  2.00000E+00  6.82700E+03  7.10000E+03  1.36600E+05
f  14   28 13   28  99  4.00000E+00  1.21370E+01
p  14   28 13   28  98  1.00960E+00 -2.38030E+00 -8.55170E-02  2.88960E-03  4.00000E+00  3.37500E+02  3.51000E+02  6.75000E+03
f  14    6 13   29  99  2.00000E+00  1.20382E+01
p  14    6 13   29  98  2.10720E+00 -2.52710E+00 -1.83880E-01  1.96140E-02  2.00000E+00  6.82700E+03  7.10000E+03  1.36600E+05
f  14   29 13   29  99  4.00000E+00  1.20481E+01
p  14   29 13   29  98  1.00960E+00 -2.38030E+00 -8.55170E-02  2.88960E-03  4.00000E+00  3.37500E+02  3.51000E+02  6.75000E+03
f  14    7 13   30  99  2.00000E+00  1.20322E+01
p  14    7 13   30  98  2.10720E+00 -2.52710E+00 -1.83880E-01  1.96140E-02  2.00000E+00  6.82700E+03  7.10000E+03  1.36600E+05
f  14   30 13   30  99  4.00000E+00  1.20401E+01
p  14   30 13   30  98  1.00960E+00 -2.38030E+00 -8.55170E-02  2.88960E-03  4.00000E+00  3.37500E+02  3.51000E+02  6.75000E+03
f  14    8 13   31  99  2.00000E+00  1.20013E+01
p  14    8 13   31  98  2.10720E+00 -2.52710E+00 -1.83880E-01  1.96140E-02  2.00000E+00  6.82700E+03  7.10000E+03  1.36600E+05
f  14   31 13   31  99  4.00000E+00  1.20013E+01
p  14   31 13   31  98  1.00960E+00 -2.38030E+00 -8.55170E-02  2.88960E-03  4.00000E+00  3.37500E+02  3.51000E+02  6.75000E+03
a  14    9 13    1   1.29600E+14
a  14   10 13    1   4.80756E+13
a  14   11 13    1   1.86804E+13
a  14   12 13    1   8.64267E+12
a  14   13 13    1   4.43293E+12
a  14   14 13    1   2.45996E+12
a  14   15 13    1   1.45258E+12
a  14   16 13    1   1.45868E+14
a  14   17 13    1   8.93175E+12
a  14   18 13    1   2.70600E+12
a  14   19 13    1   1.04847E+12
a  14   20 13    1   4.85085E+11
a  14   21 13    1   2.48805E+11
a  14   22 13    1   1.38070E+11
a  14   23 13    1   8.15295E+10
a  14   24 13    1   1.77890E+12
a  14   25 13    1   1.19706E+11
a  14   26 13    1   3.54740E+10
a  14   27 13    1   1.34724E+10
a  14   28 13    1   6.23320E+09
a  14   29 13    1   3.19700E+09
a  14   30 13    1   1.77414E+09
a  14   31 13    1   1.04760E+09
a  14   17 13    2   8.75205E+13
a  14   25 13    2   1.06734E+12
a  14   18 13    3   8.75205E+13
a  14   26 13    3   1.06734E+12
a  14   19 13    4   8.75205E+13
a  14   27 13    4   1.06734E+12
a  14   20 13    5   8.75205E+13
a  14   28 13    5   1.06734E+12
a  14   21 13    6   8.75205E+13
a  14   29 13    6   1.06734E+12
a  14   22 13    7   8.75205E+13
a  14   30 13    7   1.06734E+12
a  14   23 13    8   8.75205E+13
a  14   31 13    8   1.06734E+12
a  14   24 13   16   8.88240E+13
a  14   25 13   16   3.16092E+12
a  14   26 13   16   9.44920E+11
a  14   27 13   16   3.60132E+11
a  14   28 13   16   1.66620E+11
a  14   29 13   16   8.54600E+10
a  14   30 13   16   4.74240E+10
a  14   31 13   16   2.80036E+10
a  14   25 13   17   7.10592E+13
a  14   26 13   18   7.10592E+13
a  14   27 13   19   7.10592E+13
a  14   28 13   20   7.10592E+13
a  14   29 13   21   7.10592E+13
a  14   30 13   22   7.10592E+13
a  14   31 13   23   7.10592E+13
b  15    1 15    2  99  1.32160E-01  1.02703E+00 -2.12437E+01  2.30157E+02  2.00000E+01  2.39850E+00  2.39850E+00
b  15    1 15    3  99  1.10108E-01  1.23476E+00 -1.62819E+01  9.42947E+01  2.00000E+01  6.64500E-01  6.64500E-01
b  15    2 15    3  99  2.30509E-01  1.58787E-01  1.23439E+00 -4.08177E-01  2.03517E+00  8.25000E-01  8.25000E-01
b  15    1 15    4  99  1.33436E-01  1.49110E+00 -2.06332E+01  1.41310E+02  2.00000E+01  2.60950E-01  2.60950E-01
b  15    2 15    4  99  1.48417E-01  1.38528E+00 -1.70579E+01  1.66863E+02  2.00000E+01  1.55100E-01  1.55100E-01
b  15    3 15    4  99  2.65459E-01  1.23167E-01  2.04437E+00 -1.00004E+00  2.74336E+00  1.02700E+00  1.02700E+00
b  15    1 15    5  99  1.37178E-01  1.55797E+00 -2.13685E+01  1.50274E+02  2.00000E+01  1.39950E-01  1.39950E-01
b  15    2 15    5  99  1.70657E-01  1.60308E+00 -1.87016E+01  1.97386E+02  2.00000E+01  6.20000E-02  6.20000E-02
b  15    3 15    5  99  2.85681E-01  6.39428E-01  1.39704E+00 -4.85724E-01  2.05588E+00  1.86900E-01  1.86900E-01
b  15    4 15    5  99  2.63672E-01  9.93996E-02  2.53166E+00 -1.43905E+00  3.34986E+00  1.27700E+00  1.27700E+00
b  15    1 15    6  99  1.39464E-01  1.59808E+00 -2.14963E+01  1.51062E+02  2.00000E+01  8.48500E-02  8.48500E-02
b  15    2 15    6  99  1.81541E-01  1.75341E+00 -1.95031E+01  2.09105E+02  2.00000E+01  3.21500E-02  3.21500E-02
b  15    3 15    6  99  3.19142E-01  8.80149E-01  1.64395E+00 -6.39226E-01  2.16090E+00  7.10800E-02  7.10800E-02
b  15    4 15    6  99  2.98870E-01  6.11495E-01  2.18664E+00 -1.08256E+00  2.89737E+00  2.15700E-01  2.15700E-01
b  15    5 15    6  99  2.48400E-01  1.51132E-01  2.32822E+00 -1.31413E+00  3.36227E+00  1.50600E+00  1.50600E+00
b  15    1 15    7  99  1.39984E-01  1.63424E+00 -2.17112E+01  1.50914E+02  2.00000E+01  5.57000E-02  5.57000E-02
b  15    2 15    7  99  1.88964E-01  1.85787E+00 -2.00793E+01  2.17918E+02  2.00000E+01  1.92100E-02  1.92100E-02
b  15    3 15    7  99  3.36614E-01  1.06679E+00  1.73535E+00 -6.53379E-01  2.24471E+00  3.61000E-02  3.61000E-02
b  15    4 15    7  99  3.27066E-01  9.51704E-01  2.27274E+00 -1.10288E+00  2.89640E+00  7.91400E-02  7.91400E-02
b  15    5 15    7  99  3.01755E-01  6.06442E-01  2.68928E+00 -1.46451E+00  3.47375E+00  2.44200E-01  2.44200E-01
b  15    6 15    7  99  2.38709E-01  1.78246E-01  2.31377E+00 -3.73644E-01  4.05668E+00  1.72500E+00  1.72500E+00
b  15    1 15    8  99  1.42401E-01  1.64754E+00 -2.16461E+01  1.51856E+02  2.00000E+01  3.86900E-02  3.86900E-02
b  15    2 15    8  99  1.94785E-01  1.92862E+00 -2.02317E+01  2.21487E+02  2.00000E+01  1.25500E-02  1.25500E-02
b  15    3 15    8  99  3.47039E-01  1.21317E+00  1.73138E+00 -6.59600E-01  2.19419E+00  2.13700E-02  2.13700E-02
b  15    4 15    8  99  3.15451E-01  1.34203E+00  1.37673E+00 -4.63674E-01  2.09360E+00  3.94300E-02  3.94300E-02
b  15    5 15    8  99  3.21525E-01  1.04542E+00  2.31795E+00 -1.22016E+00  3.02839E+00  8.74100E-02  8.74100E-02
b  15    6 15    8  99  2.92029E-01  6.49293E-01  2.61894E+00 -1.52211E+00  3.53562E+00  2.72800E-01  2.72800E-01
b  15    7 15    8  99  1.49863E-01  1.32589E-01  1.40786E+00 -1.97490E-01  4.04202E+00  2.96800E+00  2.96800E+00
b  15    1 15    9  98  0.00000E+00  0.00000E+00  0.00000E+00  0.00000E+00  0.00000E+00  2.77026E-02  5.54052E-04
b  15    2 15    9  99  1.32160E-01  1.02703E+00 -2.12437E+01  2.30157E+02  2.00000E+01  1.85884E+00  1.85884E+00
b  15    1 15   10  98  0.00000E+00  0.00000E+00  0.00000E+00  0.00000E+00  0.00000E+00  3.53484E-02  7.06969E-04
b  15    2 15   10  99  1.10108E-01  1.23476E+00 -1.62819E+01  9.42947E+01  2.00000E+01  5.31600E-01  5.31600E-01
b  15    3 15   10  99  1.32160E-01  1.02703E+00 -2.12437E+01  2.30157E+02  2.00000E+01  1.91880E+00  1.91880E+00
b  15    9 15   10  99  2.30509E-01  1.58787E-01  1.23439E+00 -4.08177E-01  2.03517E+00  1.65000E+00  1.65000E+00
b  15    1 15   11  98  0.00000E+00  0.00000E+00  0.00000E+00  0.00000E+00  0.00000E+00  4.62928E-02  9.25855E-04
b  15    2 15   11  99  1.33436E-01  1.49110E+00 -2.06332E+01  1.41310E+02  2.00000E+01  2.08760E-01  2.08760E-01
b  15    4 15   11  99  1.32160E-01  1.02703E+00 -2.12437E+01  2.30157E+02  2.00000E+01  1.91880E+00  1.91880E+00
b  15    9 15   11  99  1.48417E-01  1.38528E+00 -1.70579E+01  1.66863E+02  2.00000E+01  3.10200E-01  3.10200E-01
b  15   10 15   11  99  2.65459E-01  1.23167E-01  2.04437E+00 -1.00004E+00  2.74336E+00  1.02700E+00  1.02700E+00
b  15    1 15   12  98  0.00000E+00  0.00000E+00  0.00000E+00  0.00000E+00  0.00000E+00  5.93642E-02  1.18728E-03
b  15    2 15   12  99  1.37178E-01  1.55797E+00 -2.13685E+01  1.50274E+02  2.00000E+01  1.11960E-01  1.11960E-01
b  15    5 15   12  99  1.32160E-01  1.02703E+00 -2.12437E+01  2.30157E+02  2.00000E+01  1.91880E+00  1.91880E+00
b  15    9 15   12  99  1.70657E-01  1.60308E+00 -1.87016E+01  1.97386E+02  2.00000E+01  1.24000E-01  1.24000E-01
b  15   10 15   12  99  2.85681E-01  6.39428E-01  1.39704E+00 -4.85724E-01  2.05588E+00  1.86900E-01  1.86900E-01
b  15   11 15   12  99  2.63672E-01  9.93996E-02  2.53166E+00 -1.43905E+00  3.34986E+00  1.27700E+00  1.27700E+00
b  15    1 15   13  98  0.00000E+00  0.00000E+00  0.00000E+00  0.00000E+00  0.00000E+00  7.45701E-02  1.49140E-03
b  15    2 15   13  99  1.39464E-01  1.59808E+00 -2.14963E+01  1.51062E+02  2.00000E+01  6.78800E-02  6.78800E-02
b  15    6 15   13  99  1.32160E-01  1.02703E+00 -2.12437E+01  2.30157E+02  2.00000E+01  1.91880E+00  1.91880E+00
b  15    9 15   13  99  1.81541E-01  1.75341E+00 -1.95031E+01  2.09105E+02  2.00000E+01  6.43000E-02  6.43000E-02
b  15   10 15   13  99  3.19142E-01  8.80149E-01  1.64395E+00 -6.39226E-01  2.16090E+00  7.10800E-02  7.10800E-02
b  15   11 15   13  99  2.98870E-01  6.11495E-01  2.18664E+00 -1.08256E+00  2.89737E+00  2.15700E-01  2.15700E-01
b  15   12 15   13  99  2.48400E-01  1.51132E-01  2.32822E+00 -1.31413E+00  3.36227E+00  1.50600E+00  1.50600E+00
b  15    1 15   14  98  0.00000E+00  0.00000E+00  0.00000E+00  0.00000E+00  0.00000E+00  9.20646E-02  1.84129E-03
b  15    2 15   14  99  1.39984E-01  1.63424E+00 -2.17112E+01  1.50914E+02  2.00000E+01  4.45600E-02  4.45600E-02
b  15    7 15   14  99  1.32160E-01  1.02703E+00 -2.12437E+01  2.30157E+02  2.00000E+01  1.91880E+00  1.91880E+00
b  15    9 15   14  99  1.88964E-01  1.85787E+00 -2.00793E+01  2.17918E+02  2.00000E+01  3.84200E-02  3.84200E-02
b  15   10 15   14  99  3.36614E-01  1.06679E+00  1.73535E+00 -6.53379E-01  2.24471E+00  3.61000E-02  3.61000E-02
b  15   11 15   14  99  3.27066E-01  9.51704E-01  2.27274E+00 -1.10288E+00  2.89640E+00  7.91400E-02  7.91400E-02
b  15   12 15   14  99  3.01755E-01  6.06442E-01  2.68928E+00 -1.46451E+00  3.47375E+00  2.44200E-01  2.44200E-01
b  15   13 15   14  99  2.38709E-01  1.78246E-01  2.31377E+00 -3.73644E-01  4.05668E+00  1.72500E+00  1.72500E+00
b  15    1 15   15  98  0.00000E+00  0.00000E+00  0.00000E+00  0.00000E+00  0.00000E+00  1.11626E-01  2.23251E-03
b  15    2 15   15  99  1.42401E-01  1.64754E+00 -2.16461E+01  1.51856E+02  2.00000E+01  3.09520E-02  3.09520E-02
b  15    8 15   15  99  1.32160E-01  1.02703E+00 -2.12437E+01  2.30157E+02  2.00000E+01  1.91880E+00  1.91880E+00
b  15    9 15   15  99  1.94785E-01  1.92862E+00 -2.02317E+01  2.21487E+02  2.00000E+01  2.51000E-02  2.51000E-02
b  15   10 15   15  99  3.47039E-01  1.21317E+00  1.73138E+00 -6.59600E-01  2.19419E+00  2.13700E-02  2.13700E-02
b  15   11 15   15  99  3.15451E-01  1.34203E+00  1.37673E+00 -4.63674E-01  2.09360E+00  3.94300E-02  3.94300E-02
b  15   12 15   15  99  3.21525E-01  1.04542E+00  2.31795E+00 -1.22016E+00  3.02839E+00  8.74100E-02  8.74100E-02
b  15   13 15   15  99  2.92029E-01  6.49293E-01  2.61894E+00 -1.52211E+00  3.53562E+00  2.72800E-01  2.72800E-01
b  15   14 15   15  99  1.49863E-01  1.32589E-01  1.40786E+00 -1.97490E-01  4.04202E+00  2.96800E+00  2.96800E+00
b  15    1 15   16  99  1.26967E-01  1.90953E+00 -6.08055E+01  6.11269E+02  2.00000E+01  1.89049E+00  1.89049E+00
b  15    1 15   17  99  1.12534E-01  1.85590E+00 -4.98196E+01  4.23598E+02  2.00000E+01  6.10880E-01  6.10880E-01
b  15    2 15   17  99  1.26967E-01  1.90953E+00 -6.08055E+01  6.11269E+02  2.00000E+01  2.03591E+00  2.03591E+00
b  15   16 15   17  99  1.32160E-01  1.02703E+00 -2.12437E+01  2.30157E+02  2.00000E+01  2.87820E+00  2.87820E+00
b  15    1 15   18  99  1.10276E-01  1.85711E+00 -4.66645E+01  3.67572E+02  2.00000E+01  2.61280E-01  2.61280E-01
b  15    3 15   18  99  1.26967E-01  1.90953E+00 -6.08055E+01  6.11269E+02  2.00000E+01  2.03591E+00  2.03591E+00
b  15   16 15   18  99  1.10108E-01  1.23476E+00 -1.62819E+01  9.42947E+01  2.00000E+01  7.97400E-01  7.97400E-01
b  15   17 15   18  99  2.30509E-01  1.58787E-01  1.23439E+00 -4.08177E-01  2.03517E+00  8.25000E-01  8.25000E-01
b  15    1 15   19  99  1.12472E-01  2.00465E+00 -4.79092E+01  3.45883E+02  2.00000E+01  1.29040E-01  1.29040E-01
b  15    4 15   19  99  1.26967E-01  1.90953E+00 -6.08055E+01  6.11269E+02  2.00000E+01  2.03591E+00  2.03591E+00
b  15   16 15   19  99  1.33436E-01  1.49110E+00 -2.06332E+01  1.41310E+02  2.00000E+01  3.13140E-01  3.13140E-01
b  15   17 15   19  99  1.48417E-01  1.38528E+00 -1.70579E+01  1.66863E+02  2.00000E+01  1.55100E-01  1.55100E-01
b  15   18 15   19  99  2.65459E-01  1.23167E-01  2.04437E+00 -1.00004E+00  2.74336E+00  1.02700E+00  1.02700E+00
b  15    1 15   20  99  1.09752E-01  1.96682E+00 -4.55297E+01  3.13317E+02  2.00000E+01  7.68240E-02  7.68240E-02
b  15    5 15   20  99  1.26967E-01  1.90953E+00 -6.08055E+01  6.11269E+02  2.00000E+01  2.03591E+00  2.03591E+00
b  15   16 15   20  99  1.37178E-01  1.55797E+00 -2.13685E+01  1.50274E+02  2.00000E+01  1.67940E-01  1.67940E-01
b  15   17 15   20  99  1.70657E-01  1.60308E+00 -1.87016E+01  1.97386E+02  2.00000E+01  6.20000E-02  6.20000E-02
b  15   18 15   20  99  2.85681E-01  6.39428E-01  1.39704E+00 -4.85724E-01  2.05588E+00  1.86900E-01  1.86900E-01
b  15   19 15   20  99  2.63672E-01  9.93996E-02  2.53166E+00 -1.43905E+00  3.34986E+00  1.27700E+00  1.27700E+00
b  15    1 15   21  99  1.08975E-01  1.96064E+00 -4.50865E+01  3.07216E+02  2.00000E+01  4.95680E-02  4.95680E-02
b  15    6 15   21  99  1.26967E-01  1.90953E+00 -6.08055E+01  6.11269E+02  2.00000E+01  2.03591E+00  2.03591E+00
b  15   16 15   21  99  1.39464E-01  1.59808E+00 -2.14963E+01  1.51062E+02  2.00000E+01  1.01820E-01  1.01820E-01
b  15   17 15   21  99  1.81541E-01  1.75341E+00 -1.95031E+01  2.09105E+02  2.00000E+01  3.21500E-02  3.21500E-02
b  15   18 15   21  99  3.19142E-01  8.80149E-01  1.64395E+00 -6.39226E-01  2.16090E+00  7.10800E-02  7.10800E-02
b  15   19 15   21  99  2.98870E-01  6.11495E-01  2.18664E+00 -1.08256E+00  2.89737E+00  2.15700E-01  2.15700E-01
b  15   20 15   21  99  2.48400E-01  1.51132E-01  2.32822E+00 -1.31413E+00  3.36227E+00  1.50600E+00  1.50600E+00
b  15    1 15   22  99  1.08663E-01  1.95754E+00 -4.48964E+01  3.04953E+02  2.00000E+01  3.38880E-02  3.38880E-02
b  15    7 15   22  99  1.26967E-01  1.90953E+00 -6.08055E+01  6.11269E+02  2.00000E+01  2.03591E+00  2.03591E+00
b  15   16 15   22  99  1.39984E-01  1.63424E+00 -2.17112E+01  1.50914E+02  2.00000E+01  6.68400E-02  6.68400E-02
b  15   17 15   22  99  1.88964E-01  1.85787E+00 -2.00793E+01  2.17918E+02  2.00000E+01  1.92100E-02  1.92100E-02
b  15   18 15   22  99  3.36614E-01  1.06679E+00  1.73535E+00 -6.53379E-01  2.24471E+00  3.61000E-02  3.61000E-02
b  15   19 15   22  99  3.27066E-01  9.51704E-01  2.27274E+00 -1.10288E+00  2.89640E+00  7.91400E-02  7.91400E-02
b  15   20 15   22  99  3.01755E-01  6.06442E-01  2.68928E+00 -1.46451E+00  3.47375E+00  2.44200E-01  2.44200E-01
b  15   21 15   22  99  2.38709E-01  1.78246E-01  2.31377E+00 -3.73644E-01  4.05668E+00  1.72500E+00  1.72500E+00
b  15    1 15   23  99  1.20186E-01  1.58716E+00 -2.36857E+01  1.25809E+02  1.20711E+01  2.41920E-02  2.41920E-02
b  15    8 15   23  99  1.26967E-01  1.90953E+00 -6.08055E+01  6.11269E+02  2.00000E+01  2.03591E+00  2.03591E+00
b  15   16 15   23  99  1.42401E-01  1.64754E+00 -2.16461E+01  1.51856E+02  2.00000E+01  4.64280E-02  4.64280E-02
b  15   17 15   23  99  1.94785E-01  1.92862E+00 -2.02317E+01  2.21487E+02  2.00000E+01  1.25500E-02  1.25500E-02
b  15   18 15   23  99  3.47039E-01  1.21317E+00  1.73138E+00 -6.59600E-01  2.19419E+00  2.13700E-02  2.13700E-02
b  15   19 15   23  99  3.15451E-01  1.34203E+00  1.37673E+00 -4.63674E-01  2.09360E+00  3.94300E-02  3.94300E-02
b  15   20 15   23  99  3.21525E-01  1.04542E+00  2.31795E+00 -1.22016E+00  3.02839E+00  8.74100E-02  8.74100E-02
b  15   21 15   23  99  2.92029E-01  6.49293E-01  2.61894E+00 -1.52211E+00  3.53562E+00  2.72800E-01  2.72800E-01
b  15   22 15   23  99  1.49863E-01  1.32589E-01  1.40786E+00 -1.97490E-01  4.04202E+00  2.96800E+00  2.96800E+00
b  15    1 15   24  99  2.08862E-01  1.20606E+00 -1.42419E+01  5.47541E+01  5.77503E+00  5.88900E-02  5.88900E-02
b  15   16 15   24  99  2.59825E-01  7.41750E-01 -9.85312E+00  4.11583E+01  4.97608E+00  7.46750E-02  7.46750E-02
b  15    1 15   25  99  1.97813E-01  1.32443E+00 -1.53725E+01  5.79794E+01  5.98574E+00  2.38000E-02  2.38000E-02
b  15    2 15   25  99  2.08862E-01  1.20606E+00 -1.42419E+01  5.47541E+01  5.77503E+00  6.34200E-02  6.34200E-02
b  15   17 15   25  99  2.59825E-01  7.41750E-01 -9.85312E+00  4.11583E+01  4.97608E+00  7.46750E-02  7.46750E-02
b  15   24 15   25  99  1.32160E-01  1.02703E+00 -2.12437E+01  2.30157E+02  2.00000E+01  2.87820E+00  2.87820E+00
b  15    1 15   26  99  1.86349E-01  1.39858E+00 -1.64154E+01  6.20322E+01  6.24183E+00  1.08320E-02  1.08320E-02
b  15    3 15   26  99  2.08862E-01  1.20606E+00 -1.42419E+01  5.47541E+01  5.77503E+00  6.34200E-02  6.34200E-02
b  15   18 15   26  99  2.59825E-01  7.41750E-01 -9.85312E+00  4.11583E+01  4.97608E+00  7.46750E-02  7.46750E-02
b  15   24 15   26  99  1.10108E-01  1.23476E+00 -1.62819E+01  9.42947E+01  2.00000E+01  7.97400E-01  7.97400E-01
b  15   25 15   26  99  2.30509E-01  1.58787E-01  1.23439E+00 -4.08177E-01  2.03517E+00  8.25000E-01  8.25000E-01
b  15    1 15   27  99  1.91162E-01  1.51024E+00 -1.79072E+01  6.77038E+01  6.34162E+00  5.59800E-03  5.59800E-03
b  15    4 15   27  99  2.08862E-01  1.20606E+00 -1.42419E+01  5.47541E+01  5.77503E+00  6.34200E-02  6.34200E-02
b  15   19 15   27  99  2.59825E-01  7.41750E-01 -9.85312E+00  4.11583E+01  4.97608E+00  7.46750E-02  7.46750E-02
b  15   24 15   27  99  1.33436E-01  1.49110E+00 -2.06332E+01  1.41310E+02  2.00000E+01  3.13140E-01  3.13140E-01
b  15   25 15   27  99  1.48417E-01  1.38528E+00 -1.70579E+01  1.66863E+02  2.00000E+01  1.55100E-01  1.55100E-01
b  15   26 15   27  99  2.65459E-01  1.23167E-01  2.04437E+00 -1.00004E+00  2.74336E+00  1.02700E+00  1.02700E+00
b  15    1 15   28  99  1.83664E-01  1.52183E+00 -1.81307E+01  6.85828E+01  6.45320E+00  3.37400E-03  3.37400E-03
b  15    5 15   28  99  2.08862E-01  1.20606E+00 -1.42419E+01  5.47541E+01  5.77503E+00  6.34200E-02  6.34200E-02
b  15   20 15   28  99  2.59825E-01  7.41750E-01 -9.85312E+00  4.11583E+01  4.97608E+00  7.46750E-02  7.46750E-02
b  15   24 15   28  99  1.37178E-01  1.55797E+00 -2.13685E+01  1.50274E+02  2.00000E+01  1.67940E-01  1.67940E-01
b  15   25 15   28  99  1.70657E-01  1.60308E+00 -1.87016E+01  1.97386E+02  2.00000E+01  6.20000E-02  6.20000E-02
b  15   26 15   28  99  2.85681E-01  6.39428E-01  1.39704E+00 -4.85724E-01  2.05588E+00  1.86900E-01  1.86900E-01
b  15   27 15   28  99  2.63672E-01  9.93996E-02  2.53166E+00 -1.43905E+00  3.34986E+00  1.27700E+00  1.27700E+00
b  15    1 15   29  99  1.81660E-01  1.51001E+00 -1.79206E+01  6.75453E+01  6.43923E+00  2.19200E-03  2.19200E-03
b  15    6 15   29  99  2.08862E-01  1.20606E+00 -1.42419E+01  5.47541E+01  5.77503E+00  6.34200E-02  6.34200E-02
b  15   21 15   29  99  2.59825E-01  7.41750E-01 -9.85312E+00  4.11583E+01  4.97608E+00  7.46750E-02  7.46750E-02
b  15   24 15   29  99  1.39464E-01  1.59808E+00 -2.14963E+01  1.51062E+02  2.00000E+01  1.01820E-01  1.01820E-01
b  15   25 15   29  99  1.81541E-01  1.75341E+00 -1.95031E+01  2.09105E+02  2.00000E+01  3.21500E-02  3.21500E-02
b  15   26 15   29  99  3.19142E-01  8.80149E-01  1.64395E+00 -6.39226E-01  2.16090E+00  7.10800E-02  7.10800E-02
b  15   27 15   29  99  2.98870E-01  6.11495E-01  2.18664E+00 -1.08256E+00  2.89737E+00  2.15700E-01  2.15700E-01
b  15   28 15   29  99  2.48400E-01  1.51132E-01  2.32822E+00 -1.31413E+00  3.36227E+00  1.50600E+00  1.50600E+00
b  15    1 15   30  99  1.85197E-01  1.46887E+00 -1.71844E+01  6.42128E+01  6.28301E+00  1.50200E-03  1.50200E-03
b  15    7 15   30  99  2.08862E-01  1.20606E+00 -1.42419E+01  5.47541E+01  5.77503E+00  6.34200E-02  6.34200E-02
b  15   22 15   30  99  2.59825E-01  7.41750E-01 -9.85312E+00  4.11583E+01  4.97608E+00  7.46750E-02  7.46750E-02
b  15   24 15   30  99  1.39984E-01  1.63424E+00 -2.17112E+01  1.50914E+02  2.00000E+01  6.68400E-02  6.68400E-02
b  15   25 15   30  99  1.88964E-01  1.85787E+00 -2.00793E+01  2.17918E+02  2.00000E+01  1.92100E-02  1.92100E-02
b  15   26 15   30  99  3.36614E-01  1.06679E+00  1.73535E+00 -6.53379E-01  2.24471E+00  3.61000E-02  3.61000E-02
b  15   27 15   30  99  3.27066E-01  9.51704E-01  2.27274E+00 -1.10288E+00  2.89640E+00  7.91400E-02  7.91400E-02
b  15   28 15   30  99  3.01755E-01  6.06442E-01  2.68928E+00 -1.46451E+00  3.47375E+00  2.44200E-01  2.44200E-01
b  15   29 15   30  99  2.38709E-01  1.78246E-01  2.31377E+00 -3.73644E-01  4.05668E+00  1.72500E+00  1.72500E+00
b  15    1 15   31  99  1.84742E-01  1.46293E+00 -1.71295E+01  6.40694E+01  6.28756E+00  1.07340E-03  1.07340E-03
b  15    8 15   31  99  2.08862E-01  1.20606E+00 -1.42419E+01  5.47541E+01  5.77503E+00  6.34200E-02  6.34200E-02
b  15   23 15   31  99  2.59825E-01  7.41750E-01 -9.85312E+00  4.11583E+01  4.97608E+00  7.46750E-02  7.46750E-02
b  15   24 15   31  99  1.42401E-01  1.64754E+00 -2.16461E+01  1.51856E+02  2.00000E+01  4.64280E-02  4.64280E-02
b  15   25 15   31  99  1.94785E-01  1.92862E+00 -2.02317E+01  2.21487E+02  2.00000E+01  1.25500E-02  1.25500E-02
b  15   26 15   31  99  3.47039E-01  1.21317E+00  1.73138E+00 -6.59600E-01  2.19419E+00  2.13700E-02  2.13700E-02
b  15   27 15   31  99  3.15451E-01  1.34203E+00  1.37673E+00 -4.63674E-01  2.09360E+00  3.94300E-02  3.94300E-02
b  15   28 15   31  99  3.21525E-01  1.04542E+00  2.31795E+00 -1.22016E+00  3.02839E+00  8.74100E-02  8.74100E-02
b  15   29 15   31  99  2.92029E-01  6.49293E-01  2.61894E+00 -1.52211E+00  3.53562E+00  2.72800E-01  2.72800E-01
b  15   30 15   31  99  1.49863E-01  1.32589E-01  1.40786E+00 -1.97490E-01  4.04202E+00  2.96800E+00  2.96800E+00
f  15    1 14    1  99  5.00000E+00  1.44400E+01
p  15    1 14    1  98  1.06240E+00 -2.34390E+00 -8.99500E-02  3.06090E-03  5.00000E+00  3.08000E+02  3.20300E+02  6.15900E+03
f  15    2 14    1  99  1.00000E+00  1.15696E+01
p  15    2 14    1  99  1.00000E+00  1.15696E+01
f  15    3 14    1  99  1.00000E+00  1.11044E+01
p  15    3 14    1  99  1.00000E+00  1.11044E+01
f  15    4 14    1  99  1.00000E+00  1.11740E+01
p  15    4 14    1  99  1.00000E+00  1.11740E+01
f  15    5 14    1  99  1.00000E+00  1.11380E+01
p  15    5 14    1  99  1.00000E+00  1.11380E+01
f  15    6 14    1  99  1.00000E+00  1.10482E+01
p  15    6 14    1  99  1.00000E+00  1.10482E+01
f  15    7 14    1  99  1.00000E+00  1.10402E+01
p  15    7 14    1  99  1.00000E+00  1.10402E+01
f  15    8 14    1  99  1.00000E+00  1.10014E+01
p  15    8 14    1  99  1.00000E+00  1.10014E+01
f  15    2 14    2  99  4.00000E+00  1.15696E+01
p  15    2 14    2  98  1.06240E+00 -2.34390E+00 -8.99500E-02  3.06090E-03  5.00000E+00  3.08000E+02  3.20300E+02  6.15900E+03
f  15    9 14    2  99  2.00000E+00  1.21301E+01
p  15    9 14    2  99  2.00000E+00  1.21301E+01
f  15   10 14    2  99  1.00000E+00  1.11640E+01
p  15   10 14    2  99  1.00000E+00  1.11640E+01
f  15   11 14    2  99  1.00000E+00  1.11960E+01
p  15   11 14    2  99  1.00000E+00  1.11960E+01
f  15   12 14    2  99  1.00000E+00  1.11490E+01
p  15   12 14    2  99  1.00000E+00  1.11490E+01
f  15   13 14    2  99  1.00000E+00  1.10552E+01
p  15   13 14    2  99  1.00000E+00  1.10552E+01
f  15   14 14    2  99  1.00000E+00  1.10462E+01
p  15   14 14    2  99  1.00000E+00  1.10462E+01
f  15   15 14    2  99  1.00000E+00  1.10113E+01
p  15   15 14    2  99  1.00000E+00  1.10113E+01
f  15    3 14    3  99  4.00000E+00  1.11044E+01
p  15    3 14    3  98  1.06240E+00 -2.34390E+00 -8.99500E-02  3.06090E-03  5.00000E+00  3.08000E+02  3.20300E+02  6.15900E+03
f  15   10 14    3  99  1.00000E+00  1.11640E+01
p  15   10 14    3  99  1.00000E+00  1.11640E+01
f  15    4 14    4  99  4.00000E+00  1.11740E+01
p  15    4 14    4  98  1.06240E+00 -2.34390E+00 -8.99500E-02  3.06090E-03  5.00000E+00  3.08000E+02  3.20300E+02  6.15900E+03
f  15   11 14    4  99  1.00000E+00  1.11960E+01
p  15   11 14    4  99  1.00000E+00  1.11960E+01
f  15    5 14    5  99  4.00000E+00  1.11380E+01
p  15    5 14    5  98  1.06240E+00 -2.34390E+00 -8.99500E-02  3.06090E-03  5.00000E+00  3.08000E+02  3.20300E+02  6.15900E+03
f  15   12 14    5  99  1.00000E+00  1.11490E+01
p  15   12 14    5  99  1.00000E+00  1.11490E+01
f  15    6 14    6  99  4.00000E+00  1.10482E+01
p  15    6 14    6  98  1.06240E+00 -2.34390E+00 -8.99500E-02  3.06090E-03  5.00000E+00  3.08000E+02  3.20300E+02  6.15900E+03
f  15   13 14    6  99  1.00000E+00  1.10552E+01
p  15   13 14    6  99  1.00000E+00  1.10552E+01
f  15    7 14    7  99  4.00000E+00  1.10402E+01
p  15    7 14    7  98  1.06240E+00 -2.34390E+00 -8.99500E-02  3.06090E-03  5.00000E+00  3.08000E+02  3.20300E+02  6.15900E+03
f  15   14 14    7  99  1.00000E+00  1.10462E+01
p  15   14 14    7  99  1.00000E+00  1.10462E+01
f  15    8 14    8  99  4.00000E+00  1.10014E+01
p  15    8 14    8  98  1.06240E+00 -2.34390E+00 -8.99500E-02  3.06090E-03  5.00000E+00  3.08000E+02  3.20300E+02  6.15900E+03
f  15   15 14    8  99  1.00000E+00  1.10113E+01
p  15   15 14    8  99  1.00000E+00  1.10113E+01
f  15    9 14    9  99  3.00000E+00  1.21301E+01
p  15    9 14    9  98  1.06240E+00 -2.34390E+00 -8.99500E-02  3.06090E-03  5.00000E+00  3.08000E+02  3.20300E+02  6.15900E+03
f  15   10 14   10  99  3.00000E+00  1.11640E+01
p  15   10 14   10  98  1.06240E+00 -2.34390E+00 -8.99500E-02  3.06090E-03  5.00000E+00  3.08000E+02  3.20300E+02  6.15900E+03
f  15   11 14   11  99  3.00000E+00  1.11960E+01
p  15   11 14   11  98  1.06240E+00 -2.34390E+00 -8.99500E-02  3.06090E-03  5.00000E+00  3.08000E+02  3.20300E+02  6.15900E+03
f  15   12 14   12  99  3.00000E+00  1.11490E+01
p  15   12 14   12  98  1.06240E+00 -2.34390E+00 -8.99500E-02  3.06090E-03  5.00000E+00  3.08000E+02  3.20300E+02  6.15900E+03
f  15   13 14   13  99  3.00000E+00  1.10552E+01
p  15   13 14   13  98  1.06240E+00 -2.34390E+00 -8.99500E-02  3.06090E-03  5.00000E+00  3.08000E+02  3.20300E+02  6.15900E+03
f  15   14 14   14  99  3.00000E+00  1.10462E+01
p  15   14 14   14  98  1.06240E+00 -2.34390E+00 -8.99500E-02  3.06090E-03  5.00000E+00  3.08000E+02  3.20300E+02  6.15900E+03
f  15   15 14   15  99  3.00000E+00  1.10113E+01
p  15   15 14   15  98  1.06240E+00 -2.34390E+00 -8.99500E-02  3.06090E-03  5.00000E+00  3.08000E+02  3.20300E+02  6.15900E+03
f  15    1 14   16  99  8.00000E+00  1.44400E+01
p  15    1 14   16  98  1.80360E+00 -2.47290E+00 -1.26800E-01  1.13770E-02  8.00000E+00  1.02500E+03  1.06600E+03  2.04900E+04
f  15   16 14   16  99  6.00000E+00  1.50040E+01
p  15   16 14   16  98  1.06240E+00 -2.34390E+00 -8.99500E-02  3.06090E-03  5.00000E+00  3.08000E+02  3.20300E+02  6.15900E+03
f  15   17 14   16  99  1.00000E+00  1.16263E+01
p  15   17 14   16  99  1.00000E+00  1.16263E+01
f  15   18 14   16  99  1.00000E+00  1.11227E+01
p  15   18 14   16  99  1.00000E+00  1.11227E+01
f  15   19 14   16  99  1.00000E+00  1.11800E+01
p  15   19 14   16  99  1.00000E+00  1.11800E+01
f  15   20 14   16  99  1.00000E+00  1.11420E+01
p  15   20 14   16  99  1.00000E+00  1.11420E+01
f  15   21 14   16  99  1.00000E+00  1.10572E+01
p  15   21 14   16  99  1.00000E+00  1.10572E+01
f  15   22 14   16  99  1.00000E+00  1.10472E+01
p  15   22 14   16  99  1.00000E+00  1.10472E+01
f  15   23 14   16  99  1.00000E+00  1.10014E+01
p  15   23 14   16  99  1.00000E+00  1.10014E+01
f  15    2 14   17  99  8.00000E+00  1.15696E+01
p  15    2 14   17  98  1.80360E+00 -2.47290E+00 -1.26800E-01  1.13770E-02  8.00000E+00  1.02500E+03  1.06600E+03  2.04900E+04
f  15   17 14   17  99  5.00000E+00  1.16263E+01
p  15   17 14   17  98  1.06240E+00 -2.34390E+00 -8.99500E-02  3.06090E-03  5.00000E+00  3.08000E+02  3.20300E+02  6.15900E+03
f  15    3 14   18  99  8.00000E+00  1.11044E+01
p  15    3 14   18  98  1.80360E+00 -2.47290E+00 -1.26800E-01  1.13770E-02  8.00000E+00  1.02500E+03  1.06600E+03  2.04900E+04
f  15   18 14   18  99  5.00000E+00  1.11227E+01
p  15   18 14   18  98  1.06240E+00 -2.34390E+00 -8.99500E-02  3.06090E-03  5.00000E+00  3.08000E+02  3.20300E+02  6.15900E+03
f  15    4 14   19  99  8.00000E+00  1.11740E+01
p  15    4 14   19  98  1.80360E+00 -2.47290E+00 -1.26800E-01  1.13770E-02  8.00000E+00  1.02500E+03  1.06600E+03  2.04900E+04
f  15   19 14   19  99  5.00000E+00  1.11800E+01
p  15   19 14   19  98  1.06240E+00 -2.34390E+00 -8.99500E-02  3.06090E-03  5.00000E+00  3.08000E+02  3.20300E+02  6.15900E+03
f  15    5 14   20  99  8.00000E+00  1.11380E+01
p  15    5 14   20  98  1.80360E+00 -2.47290E+00 -1.26800E-01  1.13770E-02  8.00000E+00  1.02500E+03  1.06600E+03  2.04900E+04
f  15   20 14   20  99  5.00000E+00  1.11420E+01
p  15   20 14   20  98  1.06240E+00 -2.34390E+00 -8.99500E-02  3.06090E-03  5.00000E+00  3.08000E+02  3.20300E+02  6.15900E+03
f  15    6 14   21  99  8.00000E+00  1.10482E+01
p  15    6 14   21  98  1.80360E+00 -2.47290E+00 -1.26800E-01  1.13770E-02  8.00000E+00  1.02500E+03  1.06600E+03  2.04900E+04
f  15   21 14   21  99  5.00000E+00  1.10572E+01
p  15   21 14   21  98  1.06240E+00 -2.34390E+00 -8.99500E-02  3.06090E-03  5.00000E+00  3.08000E+02  3.20300E+02  6.15900E+03
f  15    7 14   22  99  8.00000E+00  1.10402E+01
p  15    7 14   22  98  1.80360E+00 -2.47290E+00 -1.26800E-01  1.13770E-02  8.00000E+00  1.02500E+03  1.06600E+03  2.04900E+04
f  15   22 14   22  99  5.00000E+00  1.10472E+01
p  15   22 14   22  98  1.06240E+00 -2.34390E+00 -8.99500E-02  3.06090E-03  5.00000E+00  3.08000E+02  3.20300E+02  6.15900E+03
f  15    8 14   23  99  8.00000E+00  1.10014E+01
p  15    8 14   23  98  1.80360E+00 -2.47290E+00 -1.26800E-01  1.13770E-02  8.00000E+00  1.02500E+03  1.06600E+03  2.04900E+04
f  15   23 14   23  99  5.00000E+00  1.10014E+01
p  15   23 14   23  98  1.06240E+00 -2.34390E+00 -8.99500E-02  3.06090E-03  5.00000E+00  3.08000E+02  3.20300E+02  6.15900E+03
f  15    1 14   24  99  2.00000E+00  1.44400E+01
p  15    1 14   24  98  2.11710E+00 -2.52740E+00 -1.82480E-01  1.92730E-02  2.00000E+00  6.78700E+03  7.05800E+03  1.35700E+05
f  15   24 14   24  99  6.00000E+00  1.50840E+01
p  15   24 14   24  98  1.06240E+00 -2.34390E+00 -8.99500E-02  3.06090E-03  5.00000E+00  3.08000E+02  3.20300E+02  6.15900E+03
f  15   25 14   24  99  1.00000E+00  1.16495E+01
p  15   25 14   24  99  1.00000E+00  1.16495E+01
f  15   26 14   24  99  1.00000E+00  1.11218E+01
p  15   26 14   24  99  1.00000E+00  1.11218E+01
f  15   27 14   24  99  1.00000E+00  1.11890E+01
p  15   27 14   24  99  1.00000E+00  1.11890E+01
f  15   28 14   24  99  1.00000E+00  1.11510E+01
p  15   28 14   24  99  1.00000E+00  1.11510E+01
f  15   29 14   24  99  1.00000E+00  1.10581E+01
p  15   29 14   24  99  1.00000E+00  1.10581E+01
f  15   30 14   24  99  1.00000E+00  1.10481E+01
p  15   30 14   24  99  1.00000E+00  1.10481E+01
f  15   31 14   24  99  1.00000E+00  1.10014E+01
p  15   31 14   24  99  1.00000E+00  1.10014E+01
f  15    2 14   25  99  2.00000E+00  1.15696E+01
p  15    2 14   25  98  2.11710E+00 -2.52740E+00 -1.82480E-01  1.92730E-02  2.00000E+00  6.78700E+03  7.05800E+03  1.35700E+05
f  15   25 14   25  99  5.00000E+00  1.16495E+01
p  15   25 14   25  98  1.06240E+00 -2.34390E+00 -8.99500E-02  3.06090E-03  5.00000E+00  3.08000E+02  3.20300E+02  6.15900E+03
f  15    3 14   26  99  2.00000E+00  1.11044E+01
p  15    3 14   26  98  2.11710E+00 -2.52740E+00 -1.82480E-01  1.92730E-02  2.00000E+00  6.78700E+03  7.05800E+03  1.35700E+05
f  15   26 14   26  99  5.00000E+00  1.11218E+01
p  15   26 14   26  98  1.06240E+00 -2.34390E+00 -8.99500E-02  3.06090E-03  5.00000E+00  3.08000E+02  3.20300E+02  6.15900E+03
f  15    4 14   27  99  2.00000E+00  1.11740E+01
p  15    4 14   27  98  2.11710E+00 -2.52740E+00 -1.82480E-01  1.92730E-02  2.00000E+00  6.78700E+03  7.05800E+03  1.35700E+05
f  15   27 14   27  99  5.00000E+00  1.11890E+01
p  15   27 14   27  98  1.06240E+00 -2.34390E+00 -8.99500E-02  3.06090E-03  5.00000E+00  3.08000E+02  3.20300E+02  6.15900E+03
f  15    5 14   28  99  2.00000E+00  1.11380E+01
p  15    5 14   28  98  2.11710E+00 -2.52740E+00 -1.82480E-01  1.92730E-02  2.00000E+00  6.78700E+03  7.05800E+03  1.35700E+05
f  15   28 14   28  99  5.00000E+00  1.11510E+01
p  15   28 14   28  98  1.06240E+00 -2.34390E+00 -8.99500E-02  3.06090E-03  5.00000E+00  3.08000E+02  3.20300E+02  6.15900E+03
f  15    6 14   29  99  2.00000E+00  1.10482E+01
p  15    6 14   29  98  2.11710E+00 -2.52740E+00 -1.82480E-01  1.92730E-02  2.00000E+00  6.78700E+03  7.05800E+03  1.35700E+05
f  15   29 14   29  99  5.00000E+00  1.10581E+01
p  15   29 14   29  98  1.06240E+00 -2.34390E+00 -8.99500E-02  3.06090E-03  5.00000E+00  3.08000E+02  3.20300E+02  6.15900E+03
f  15    7 14   30  99  2.00000E+00  1.10402E+01
p  15    7 14   30  98  2.11710E+00 -2.52740E+00 -1.82480E-01  1.92730E-02  2.00000E+00  6.78700E+03  7.05800E+03  1.35700E+05
f  15   30 14   30  99  5.00000E+00  1.10481E+01
p  15   30 14   30  98  1.06240E+00 -2.34390E+00 -8.99500E-02  3.06090E-03  5.00000E+00  3.08000E+02  3.20300E+02  6.15900E+03
f  15    8 14   31  99  2.00000E+00  1.10014E+01
p  15    8 14   31  98  2.11710E+00 -2.52740E+00 -1.82480E-01  1.92730E-02  2.00000E+00  6.78700E+03  7.05800E+03  1.35700E+05
f  15   31 14   31  99  5.00000E+00  1.10014E+01
p  15   31 14   31  98  1.06240E+00 -2.34390E+00 -8.99500E-02  3.06090E-03  5.00000E+00  3.08000E+02  3.20300E+02  6.15900E+03
a  15    9 14    1   1.09792E+14
a  15   10 14    1   4.00650E+13
a  15   11 14    1   1.54667E+13
a  15   12 14    1   7.15583E+12
a  15   13 14    1   3.67029E+12
a  15   14 14    1   2.03675E+12
a  15   15 14    1   1.20267E+12
a  15   16 14    1   1.94389E+14
a  15   17 14    1   9.38681E+12
a  15   18 14    1   2.80256E+12
a  15   19 14    1   1.08180E+12
a  15   20 14    1   5.00512E+11
a  15   21 14    1   2.56725E+11
a  15   22 14    1   1.42461E+11
a  15   23 14    1   8.41219E+10
a  15   24 14    1   2.38125E+12
a  15   25 14    1   1.26495E+11
a  15   26 14    1   3.69850E+10
a  15   27 14    1   1.39242E+10
a  15   28 14    1   6.44225E+09
a  15   29 14    1   3.30425E+09
a  15   30 14    1   1.83365E+09
a  15   31 14    1   1.08275E+09
a  15   17 14    2   1.29592E+14
a  15   25 14    2   1.58750E+12
a  15   18 14    3   1.29592E+14
a  15   26 14    3   1.58750E+12
a  15   19 14    4   1.29592E+14
a  15   27 14    4   1.58750E+12
a  15   20 14    5   1.29592E+14
a  15   28 14    5   1.58750E+12
a  15   21 14    6   1.29592E+14
a  15   29 14    6   1.58750E+12
a  15   22 14    7   1.29592E+14
a  15   30 14    7   1.58750E+12
a  15   23 14    8   1.29592E+14
a  15   31 14    8   1.58750E+12
a  15   24 14   16   1.00534E+14
a  15   25 14   16   2.81672E+12
a  15   26 14   16   8.30560E+11
a  15   27 14   16   3.13976E+11
a  15   28 14   16   1.45264E+11
a  15   29 14   16   7.45080E+10
a  15   30 14   16   4.13480E+10
a  15   31 14   16   2.44148E+10
a  15   25 14   17   8.37780E+13
a  15   26 14   18   8.37780E+13
a  15   27 14   19   8.37780E+13
a  15   28 14   20   8.37780E+13
a  15   29 14   21   8.37780E+13
a  15   30 14   22   8.37780E+13
a  15   31 14   23   8.37780E+13
b  16    1 16    2  99  1.33212E-01  1.04228E+00 -2.08068E+01  2.22983E+02  2.00000E+01  2.54640E+00  2.54640E+00
b  16    1 16    3  99  1.11201E-01  1.21969E+00 -1.64420E+01  1.00562E+02  2.00000E+01  7.65600E-01  7.65600E-01
b  16    2 16    3  99  2.19828E-01  1.88639E-01  1.14196E+00 -3.70741E-01  2.02718E+00  7.96900E-01  7.96900E-01
b  16    1 16    4  99  1.28895E-01  1.44582E+00 -1.90787E+01  1.17763E+02  2.00000E+01  3.07320E-01  3.07320E-01
b  16    2 16    4  99  3.30294E-01  4.59166E-01  1.78412E+00 -6.41521E-01  2.11787E+00  1.49000E-01  1.49000E-01
b  16    3 16    4  99  2.59130E-01  1.57450E-01  1.95597E+00 -9.54032E-01  2.74337E+00  1.00500E+00  1.00500E+00
b  16    1 16    5  99  1.31633E-01  1.48868E+00 -1.93989E+01  1.22706E+02  2.00000E+01  1.67340E-01  1.67340E-01
b  16    2 16    5  99  1.67745E-01  1.61090E+00 -1.75917E+01  1.77837E+02  2.00000E+01  6.02000E-02  6.02000E-02
b  16    3 16    5  99  2.78645E-01  6.82406E-01  1.31334E+00 -4.48908E-01  2.03943E+00  1.81800E-01  1.81800E-01
b  16    4 16    5  99  2.57800E-01  1.33101E-01  2.41876E+00 -1.36848E+00  3.33359E+00  1.26500E+00  1.26500E+00
b  16    1 16    6  99  1.33107E-01  1.52532E+00 -1.98489E+01  1.28019E+02  2.00000E+01  1.02300E-01  1.02300E-01
b  16    2 16    6  99  1.76511E-01  1.75930E+00 -1.82260E+01  1.84753E+02  2.00000E+01  3.14200E-02  3.14200E-02
b  16    3 16    6  99  3.07719E-01  9.39754E-01  1.46559E+00 -5.03952E-01  2.11303E+00  6.93400E-02  6.93400E-02
b  16    4 16    6  99  2.94280E-01  6.43183E-01  2.13469E+00 -1.06852E+00  2.90210E+00  2.11800E-01  2.11800E-01
b  16    5 16    6  99  2.45173E-01  1.70388E-01  2.37644E+00 -4.11862E-01  4.02571E+00  1.50100E+00  1.50100E+00
b  16    1 16    7  99  1.36719E-01  1.54245E+00 -2.02934E+01  1.38342E+02  2.00000E+01  6.75600E-02  6.75600E-02
b  16    2 16    7  99  1.89177E-01  1.84875E+00 -1.95817E+01  2.14322E+02  2.00000E+01  1.88600E-02  1.88600E-02
b  16    3 16    7  99  3.32490E-01  1.09420E+00  1.71514E+00 -7.24841E-01  2.20339E+00  3.53200E-02  3.53200E-02
b  16    4 16    7  99  3.22620E-01  9.84251E-01  2.23531E+00 -1.09870E+00  2.91404E+00  7.76600E-02  7.76600E-02
b  16    5 16    7  99  2.96770E-01  6.38676E-01  2.62976E+00 -1.48834E+00  3.49073E+00  2.41100E-01  2.41100E-01
b  16    6 16    7  99  2.34334E-01  2.04867E-01  2.23168E+00 -3.42135E-01  4.06195E+00  1.72200E+00  1.72200E+00
b  16    1 16    8  99  1.36126E-01  1.56219E+00 -2.01885E+01  1.33978E+02  2.00000E+01  4.70880E-02  4.70880E-02
b  16    2 16    8  99  1.92306E-01  1.92733E+00 -1.97782E+01  2.14005E+02  2.00000E+01  1.23600E-02  1.23600E-02
b  16    3 16    8  99  3.44993E-01  1.22743E+00  1.78582E+00 -7.33424E-01  2.26096E+00  2.09700E-02  2.09700E-02
b  16    4 16    8  99  3.39971E-01  1.24534E+00  2.23766E+00 -1.06486E+00  2.87293E+00  3.87300E-02  3.87300E-02
b  16    5 16    8  99  3.19448E-01  1.06820E+00  2.34504E+00 -1.26374E+00  3.08492E+00  8.60700E-02  8.60700E-02
b  16    6 16    8  99  2.88905E-01  6.70962E-01  2.60104E+00 -1.49883E+00  3.58865E+00  2.70300E-01  2.70300E-01
b  16    7 16    8  99  7.88445E-02  7.93801E-02  7.23263E-01 -1.22076E-01  3.98217E+00  5.54700E+00  5.54700E+00
b  16    1 16    9  98  0.00000E+00  0.00000E+00  0.00000E+00  0.00000E+00  0.00000E+00  4.12817E-02  8.25634E-04
b  16    2 16    9  99  1.33212E-01  1.04228E+00 -2.08068E+01  2.22983E+02  2.00000E+01  2.05569E+00  2.05569E+00
b  16    1 16   10  98  0.00000E+00  0.00000E+00  0.00000E+00  0.00000E+00  0.00000E+00  5.32762E-02  1.06552E-03
b  16    2 16   10  99  1.11201E-01  1.21969E+00 -1.64420E+01  1.00562E+02  2.00000E+01  6.38000E-01  6.38000E-01
b  16    3 16   10  99  1.33212E-01  1.04228E+00 -2.08068E+01  2.22983E+02  2.00000E+01  2.12200E+00  2.12200E+00
b  16    9 16   10  99  2.19828E-01  1.88639E-01  1.14196E+00 -3.70741E-01  2.02718E+00  1.59380E+00  1.59380E+00
b  16    1 16   11  98  0.00000E+00  0.00000E+00  0.00000E+00  0.00000E+00  0.00000E+00  7.03733E-02  1.40747E-03
b  16    2 16   11  99  1.28895E-01  1.44582E+00 -1.90787E+01  1.17763E+02  2.00000E+01  2.56100E-01  2.56100E-01
b  16    4 16   11  99  1.33212E-01  1.04228E+00 -2.08068E+01  2.22983E+02  2.00000E+01  2.12200E+00  2.12200E+00
b  16    9 16   11  99  3.30294E-01  4.59166E-01  1.78412E+00 -6.41521E-01  2.11787E+00  2.98000E-01  2.98000E-01
b  16   10 16   11  99  2.59130E-01  1.57450E-01  1.95597E+00 -9.54032E-01  2.74337E+00  1.00500E+00  1.00500E+00
b  16    1 16   12  98  0.00000E+00  0.00000E+00  0.00000E+00  0.00000E+00  0.00000E+00  9.06792E-02  1.81358E-03
b  16    2 16   12  99  1.31633E-01  1.48868E+00 -1.93989E+01  1.22706E+02  2.00000E+01  1.39450E-01  1.39450E-01
b  16    5 16   12  99  1.33212E-01  1.04228E+00 -2.08068E+01  2.22983E+02  2.00000E+01  2.12200E+00  2.12200E+00
b  16    9 16   12  99  1.67745E-01  1.61090E+00 -1.75917E+01  1.77837E+02  2.00000E+01  1.20400E-01  1.20400E-01
b  16   10 16   12  99  2.78645E-01  6.82406E-01  1.31334E+00 -4.48908E-01  2.03943E+00  1.81800E-01  1.81800E-01
b  16   11 16   12  99  2.57800E-01  1.33101E-01  2.41876E+00 -1.36848E+00  3.33359E+00  1.26500E+00  1.26500E+00
b  16    1 16   13  98  0.00000E+00  0.00000E+00  0.00000E+00  0.00000E+00  0.00000E+00  1.14248E-01  2.28496E-03
b  16    2 16   13  99  1.33107E-01  1.52532E+00 -1.98489E+01  1.28019E+02  2.00000E+01  8.52500E-02  8.52500E-02
b  16    6 16   13  99  1.33212E-01  1.04228E+00 -2.08068E+01  2.22983E+02  2.00000E+01  2.12200E+00  2.12200E+00
b  16    9 16   13  99  1.76511E-01  1.75930E+00 -1.82260E+01  1.84753E+02  2.00000E+01  6.28400E-02  6.28400E-02
b  16   10 16   13  99  3.07719E-01  9.39754E-01  1.46559E+00 -5.03952E-01  2.11303E+00  6.93400E-02  6.93400E-02
b  16   11 16   13  99  2.94280E-01  6.43183E-01  2.13469E+00 -1.06852E+00  2.90210E+00  2.11800E-01  2.11800E-01
b  16   12 16   13  99  2.45173E-01  1.70388E-01  2.37644E+00 -4.11862E-01  4.02571E+00  1.50100E+00  1.50100E+00
b  16    1 16   14  98  0.00000E+00  0.00000E+00  0.00000E+00  0.00000E+00  0.00000E+00  1.41340E-01  2.82681E-03
b  16    2 16   14  99  1.36719E-01  1.54245E+00 -2.02934E+01  1.38342E+02  2.00000E+01  5.63000E-02  5.63000E-02
b  16    7 16   14  99  1.33212E-01  1.04228E+00 -2.08068E+01  2.22983E+02  2.00000E+01  2.12200E+00  2.12200E+00
b  16    9 16   14  99  1.89177E-01  1.84875E+00 -1.95817E+01  2.14322E+02  2.00000E+01  3.77200E-02  3.77200E-02
b  16   10 16   14  99  3.32490E-01  1.09420E+00  1.71514E+00 -7.24841E-01  2.20339E+00  3.53200E-02  3.53200E-02
b  16   11 16   14  99  3.22620E-01  9.84251E-01  2.23531E+00 -1.09870E+00  2.91404E+00  7.76600E-02  7.76600E-02
b  16   12 16   14  99  2.96770E-01  6.38676E-01  2.62976E+00 -1.48834E+00  3.49073E+00  2.41100E-01  2.41100E-01
b  16   13 16   14  99  2.34334E-01  2.04867E-01  2.23168E+00 -3.42135E-01  4.06195E+00  1.72200E+00  1.72200E+00
b  16    1 16   15  98  0.00000E+00  0.00000E+00  0.00000E+00  0.00000E+00  0.00000E+00  1.71605E-01  3.43209E-03
b  16    2 16   15  99  1.36126E-01  1.56219E+00 -2.01885E+01  1.33978E+02  2.00000E+01  3.92400E-02  3.92400E-02
b  16    8 16   15  99  1.33212E-01  1.04228E+00 -2.08068E+01  2.22983E+02  2.00000E+01  2.12200E+00  2.12200E+00
b  16    9 16   15  99  1.92306E-01  1.92733E+00 -1.97782E+01  2.14005E+02  2.00000E+01  2.47200E-02  2.47200E-02
b  16   10 16   15  99  3.44993E-01  1.22743E+00  1.78582E+00 -7.33424E-01  2.26096E+00  2.09700E-02  2.09700E-02
b  16   11 16   15  99  3.39971E-01  1.24534E+00  2.23766E+00 -1.06486E+00  2.87293E+00  3.87300E-02  3.87300E-02
b  16   12 16   15  99  3.19448E-01  1.06820E+00  2.34504E+00 -1.26374E+00  3.08492E+00  8.60700E-02  8.60700E-02
b  16   13 16   15  99  2.88905E-01  6.70962E-01  2.60104E+00 -1.49883E+00  3.58865E+00  2.70300E-01  2.70300E-01
b  16   14 16   15  99  7.88445E-02  7.93801E-02  7.23263E-01 -1.22076E-01  3.98217E+00  5.54700E+00  5.54700E+00
b  16    1 16   16  99  1.29902E-01  1.92554E+00 -6.19997E+01  6.30800E+02  2.00000E+01  1.65173E+00  1.65173E+00
b  16    1 16   17  99  1.15130E-01  1.86722E+00 -5.15409E+01  4.52605E+02  2.00000E+01  5.54240E-01  5.54240E-01
b  16    2 16   17  99  1.29902E-01  1.92554E+00 -6.19997E+01  6.30800E+02  2.00000E+01  1.78938E+00  1.78938E+00
b  16   16 16   17  99  1.33212E-01  1.04228E+00 -2.08068E+01  2.22983E+02  2.00000E+01  2.97080E+00  2.97080E+00
b  16    1 16   18  99  1.12317E-01  1.86244E+00 -4.84661E+01  3.98765E+02  2.00000E+01  2.37920E-01  2.37920E-01
b  16    3 16   18  99  1.29902E-01  1.92554E+00 -6.19997E+01  6.30800E+02  2.00000E+01  1.78938E+00  1.78938E+00
b  16   16 16   18  99  1.11201E-01  1.21969E+00 -1.64420E+01  1.00562E+02  2.00000E+01  8.93200E-01  8.93200E-01
b  16   17 16   18  99  2.19828E-01  1.88639E-01  1.14196E+00 -3.70741E-01  2.02718E+00  7.96900E-01  7.96900E-01
b  16    1 16   19  99  1.13919E-01  1.99086E+00 -4.90761E+01  3.70439E+02  2.00000E+01  1.17600E-01  1.17600E-01
b  16    4 16   19  99  1.29902E-01  1.92554E+00 -6.19997E+01  6.30800E+02  2.00000E+01  1.78938E+00  1.78938E+00
b  16   16 16   19  99  1.28895E-01  1.44582E+00 -1.90787E+01  1.17763E+02  2.00000E+01  3.58540E-01  3.58540E-01
b  16   17 16   19  99  3.30294E-01  4.59166E-01  1.78412E+00 -6.41521E-01  2.11787E+00  1.49000E-01  1.49000E-01
b  16   18 16   19  99  2.59130E-01  1.57450E-01  1.95597E+00 -9.54032E-01  2.74337E+00  1.00500E+00  1.00500E+00
b  16    1 16   20  99  1.11980E-01  1.97289E+00 -4.80788E+01  3.57140E+02  2.00000E+01  7.00640E-02  7.00640E-02
b  16    5 16   20  99  1.29902E-01  1.92554E+00 -6.19997E+01  6.30800E+02  2.00000E+01  1.78938E+00  1.78938E+00
b  16   16 16   20  99  1.31633E-01  1.48868E+00 -1.93989E+01  1.22706E+02  2.00000E+01  1.95230E-01  1.95230E-01
b  16   17 16   20  99  1.67745E-01  1.61090E+00 -1.75917E+01  1.77837E+02  2.00000E+01  6.02000E-02  6.02000E-02
b  16   18 16   20  99  2.78645E-01  6.82406E-01  1.31334E+00 -4.48908E-01  2.03943E+00  1.81800E-01  1.81800E-01
b  16   19 16   20  99  2.57800E-01  1.33101E-01  2.41876E+00 -1.36848E+00  3.33359E+00  1.26500E+00  1.26500E+00
b  16    1 16   21  99  1.10647E-01  1.94869E+00 -4.68159E+01  3.41117E+02  2.00000E+01  4.52080E-02  4.52080E-02
b  16    6 16   21  99  1.29902E-01  1.92554E+00 -6.19997E+01  6.30800E+02  2.00000E+01  1.78938E+00  1.78938E+00
b  16   16 16   21  99  1.33107E-01  1.52532E+00 -1.98489E+01  1.28019E+02  2.00000E+01  1.19350E-01  1.19350E-01
b  16   17 16   21  99  1.76511E-01  1.75930E+00 -1.82260E+01  1.84753E+02  2.00000E+01  3.14200E-02  3.14200E-02
b  16   18 16   21  99  3.07719E-01  9.39754E-01  1.46559E+00 -5.03952E-01  2.11303E+00  6.93400E-02  6.93400E-02
b  16   19 16   21  99  2.94280E-01  6.43183E-01  2.13469E+00 -1.06852E+00  2.90210E+00  2.11800E-01  2.11800E-01
b  16   20 16   21  99  2.45173E-01  1.70388E-01  2.37644E+00 -4.11862E-01  4.02571E+00  1.50100E+00  1.50100E+00
b  16    1 16   22  99  1.09704E-01  1.93188E+00 -4.59289E+01  3.29798E+02  2.00000E+01  3.09040E-02  3.09040E-02
b  16    7 16   22  99  1.29902E-01  1.92554E+00 -6.19997E+01  6.30800E+02  2.00000E+01  1.78938E+00  1.78938E+00
b  16   16 16   22  99  1.36719E-01  1.54245E+00 -2.02934E+01  1.38342E+02  2.00000E+01  7.88200E-02  7.88200E-02
b  16   17 16   22  99  1.89177E-01  1.84875E+00 -1.95817E+01  2.14322E+02  2.00000E+01  1.88600E-02  1.88600E-02
b  16   18 16   22  99  3.32490E-01  1.09420E+00  1.71514E+00 -7.24841E-01  2.20339E+00  3.53200E-02  3.53200E-02
b  16   19 16   22  99  3.22620E-01  9.84251E-01  2.23531E+00 -1.09870E+00  2.91404E+00  7.76600E-02  7.76600E-02
b  16   20 16   22  99  2.96770E-01  6.38676E-01  2.62976E+00 -1.48834E+00  3.49073E+00  2.41100E-01  2.41100E-01
b  16   21 16   22  99  2.34334E-01  2.04867E-01  2.23168E+00 -3.42135E-01  4.06195E+00  1.72200E+00  1.72200E+00
b  16    1 16   23  99  1.09272E-01  1.93118E+00 -4.58854E+01  3.29124E+02  2.00000E+01  2.20480E-02  2.20480E-02
b  16    8 16   23  99  1.29902E-01  1.92554E+00 -6.19997E+01  6.30800E+02  2.00000E+01  1.78938E+00  1.78938E+00
b  16   16 16   23  99  1.36126E-01  1.56219E+00 -2.01885E+01  1.33978E+02  2.00000E+01  5.49360E-02  5.49360E-02
b  16   17 16   23  99  1.92306E-01  1.92733E+00 -1.97782E+01  2.14005E+02  2.00000E+01  1.23600E-02  1.23600E-02
b  16   18 16   23  99  3.44993E-01  1.22743E+00  1.78582E+00 -7.33424E-01  2.26096E+00  2.09700E-02  2.09700E-02
b  16   19 16   23  99  3.39971E-01  1.24534E+00  2.23766E+00 -1.06486E+00  2.87293E+00  3.87300E-02  3.87300E-02
b  16   20 16   23  99  3.19448E-01  1.06820E+00  2.34504E+00 -1.26374E+00  3.08492E+00  8.60700E-02  8.60700E-02
b  16   21 16   23  99  2.88905E-01  6.70962E-01  2.60104E+00 -1.49883E+00  3.58865E+00  2.70300E-01  2.70300E-01
b  16   22 16   23  99  7.88445E-02  7.93801E-02  7.23263E-01 -1.22076E-01  3.98217E+00  5.54700E+00  5.54700E+00
b  16    1 16   24  99  2.18521E-01  1.15648E+00 -1.35721E+01  5.21517E+01  5.60982E+00  5.18800E-02  5.18800E-02
b  16   16 16   24  99  2.64430E-01  7.21197E-01 -9.65126E+00  4.05077E+01  4.93268E+00  7.44500E-02  7.44500E-02
b  16    1 16   25  99  2.01175E-01  1.32138E+00 -1.53144E+01  5.77440E+01  5.94146E+00  2.12400E-02  2.12400E-02
b  16    2 16   25  99  2.18521E-01  1.15648E+00 -1.35721E+01  5.21517E+01  5.60982E+00  5.62033E-02  5.62033E-02
b  16   17 16   25  99  2.64430E-01  7.21197E-01 -9.65126E+00  4.05077E+01  4.93268E+00  7.44500E-02  7.44500E-02
b  16   24 16   25  99  1.33212E-01  1.04228E+00 -2.08068E+01  2.22983E+02  2.00000E+01  2.97080E+00  2.97080E+00
b  16    1 16   26  99  1.89840E-01  1.38574E+00 -1.62621E+01  6.15492E+01  6.18737E+00  9.53000E-03  9.53000E-03
b  16    3 16   26  99  2.18521E-01  1.15648E+00 -1.35721E+01  5.21517E+01  5.60982E+00  5.62033E-02  5.62033E-02
b  16   18 16   26  99  2.64430E-01  7.21197E-01 -9.65126E+00  4.05077E+01  4.93268E+00  7.44500E-02  7.44500E-02
b  16   24 16   26  99  1.11201E-01  1.21969E+00 -1.64420E+01  1.00562E+02  2.00000E+01  8.93200E-01  8.93200E-01
b  16   25 16   26  99  2.19828E-01  1.88639E-01  1.14196E+00 -3.70741E-01  2.02718E+00  7.96900E-01  7.96900E-01
b  16    1 16   27  99  1.96417E-01  1.47522E+00 -1.73776E+01  6.55567E+01  6.21553E+00  4.88400E-03  4.88400E-03
b  16    4 16   27  99  2.18521E-01  1.15648E+00 -1.35721E+01  5.21517E+01  5.60982E+00  5.62033E-02  5.62033E-02
b  16   19 16   27  99  2.64430E-01  7.21197E-01 -9.65126E+00  4.05077E+01  4.93268E+00  7.44500E-02  7.44500E-02
b  16   24 16   27  99  1.28895E-01  1.44582E+00 -1.90787E+01  1.17763E+02  2.00000E+01  3.58540E-01  3.58540E-01
b  16   25 16   27  99  3.30294E-01  4.59166E-01  1.78412E+00 -6.41521E-01  2.11787E+00  1.49000E-01  1.49000E-01
b  16   26 16   27  99  2.59130E-01  1.57450E-01  1.95597E+00 -9.54032E-01  2.74337E+00  1.00500E+00  1.00500E+00
b  16    1 16   28  99  1.87848E-01  1.48555E+00 -1.75402E+01  6.60464E+01  6.31561E+00  2.92800E-03  2.92800E-03
b  16    5 16   28  99  2.18521E-01  1.15648E+00 -1.35721E+01  5.21517E+01  5.60982E+00  5.62033E-02  5.62033E-02
b  16   20 16   28  99  2.64430E-01  7.21197E-01 -9.65126E+00  4.05077E+01  4.93268E+00  7.44500E-02  7.44500E-02
b  16   24 16   28  99  1.31633E-01  1.48868E+00 -1.93989E+01  1.22706E+02  2.00000E+01  1.95230E-01  1.95230E-01
b  16   25 16   28  99  1.67745E-01  1.61090E+00 -1.75917E+01  1.77837E+02  2.00000E+01  6.02000E-02  6.02000E-02
b  16   26 16   28  99  2.78645E-01  6.82406E-01  1.31334E+00 -4.48908E-01  2.03943E+00  1.81800E-01  1.81800E-01
b  16   27 16   28  99  2.57800E-01  1.33101E-01  2.41876E+00 -1.36848E+00  3.33359E+00  1.26500E+00  1.26500E+00
b  16    1 16   29  99  1.93740E-01  1.42939E+00 -1.66697E+01  6.24299E+01  6.13448E+00  1.89260E-03  1.89260E-03
b  16    6 16   29  99  2.18521E-01  1.15648E+00 -1.35721E+01  5.21517E+01  5.60982E+00  5.62033E-02  5.62033E-02
b  16   21 16   29  99  2.64430E-01  7.21197E-01 -9.65126E+00  4.05077E+01  4.93268E+00  7.44500E-02  7.44500E-02
b  16   24 16   29  99  1.33107E-01  1.52532E+00 -1.98489E+01  1.28019E+02  2.00000E+01  1.19350E-01  1.19350E-01
b  16   25 16   29  99  1.76511E-01  1.75930E+00 -1.82260E+01  1.84753E+02  2.00000E+01  3.14200E-02  3.14200E-02
b  16   26 16   29  99  3.07719E-01  9.39754E-01  1.46559E+00 -5.03952E-01  2.11303E+00  6.93400E-02  6.93400E-02
b  16   27 16   29  99  2.94280E-01  6.43183E-01  2.13469E+00 -1.06852E+00  2.90210E+00  2.11800E-01  2.11800E-01
b  16   28 16   29  99  2.45173E-01  1.70388E-01  2.37644E+00 -4.11862E-01  4.02571E+00  1.50100E+00  1.50100E+00
b  16    1 16   30  99  1.86978E-01  1.45224E+00 -1.70426E+01  6.39224E+01  6.25195E+00  1.29340E-03  1.29340E-03
b  16    7 16   30  99  2.18521E-01  1.15648E+00 -1.35721E+01  5.21517E+01  5.60982E+00  5.62033E-02  5.62033E-02
b  16   22 16   30  99  2.64430E-01  7.21197E-01 -9.65126E+00  4.05077E+01  4.93268E+00  7.44500E-02  7.44500E-02
b  16   24 16   30  99  1.36719E-01  1.54245E+00 -2.02934E+01  1.38342E+02  2.00000E+01  7.88200E-02  7.88200E-02
b  16   25 16   30  99  1.89177E-01  1.84875E+00 -1.95817E+01  2.14322E+02  2.00000E+01  1.88600E-02  1.88600E-02
b  16   26 16   30  99  3.32490E-01  1.09420E+00  1.71514E+00 -7.24841E-01  2.20339E+00  3.53200E-02  3.53200E-02
b  16   27 16   30  99  3.22620E-01  9.84251E-01  2.23531E+00 -1.09870E+00  2.91404E+00  7.76600E-02  7.76600E-02
b  16   28 16   30  99  2.96770E-01  6.38676E-01  2.62976E+00 -1.48834E+00  3.49073E+00  2.41100E-01  2.41100E-01
b  16   29 16   30  99  2.34334E-01  2.04867E-01  2.23168E+00 -3.42135E-01  4.06195E+00  1.72200E+00  1.72200E+00
b  16    1 16   31  99  1.82536E-01  1.47506E+00 -1.75467E+01  6.63904E+01  6.39563E+00  9.21800E-04  9.21800E-04
b  16    8 16   31  99  2.18521E-01  1.15648E+00 -1.35721E+01  5.21517E+01  5.60982E+00  5.62033E-02  5.62033E-02
b  16   23 16   31  99  2.64430E-01  7.21197E-01 -9.65126E+00  4.05077E+01  4.93268E+00  7.44500E-02  7.44500E-02
b  16   24 16   31  99  1.36126E-01  1.56219E+00 -2.01885E+01  1.33978E+02  2.00000E+01  5.49360E-02  5.49360E-02
b  16   25 16   31  99  1.92306E-01  1.92733E+00 -1.97782E+01  2.14005E+02  2.00000E+01  1.23600E-02  1.23600E-02
b  16   26 16   31  99  3.44993E-01  1.22743E+00  1.78582E+00 -7.33424E-01  2.26096E+00  2.09700E-02  2.09700E-02
b  16   27 16   31  99  3.39971E-01  1.24534E+00  2.23766E+00 -1.06486E+00  2.87293E+00  3.87300E-02  3.87300E-02
b  16   28 16   31  99  3.19448E-01  1.06820E+00  2.34504E+00 -1.26374E+00  3.08492E+00  8.60700E-02  8.60700E-02
b  16   29 16   31  99  2.88905E-01  6.70962E-01  2.60104E+00 -1.49883E+00  3.58865E+00  2.70300E-01  2.70300E-01
b  16   30 16   31  99  7.88445E-02  7.93801E-02  7.23263E-01 -1.22076E-01  3.98217E+00  5.54700E+00  5.54700E+00
f  16    1 15    1  99  6.00000E+00  1.41000E+01
p  16    1 15    1  98  1.11240E+00 -2.29980E+00 -9.67030E-02  3.48630E-03  6.00000E+00  2.79400E+02  2.90600E+02  5.58900E+03
f  16    2 15    1  99  1.00000E+00  1.06541E+01
p  16    2 15    1  99  1.00000E+00  1.06541E+01
f  16    3 15    1  99  1.00000E+00  1.01248E+01
p  16    3 15    1  99  1.00000E+00  1.01248E+01
f  16    4 15    1  99  1.00000E+00  1.01920E+01
p  16    4 15    1  99  1.00000E+00  1.01920E+01
f  16    5 15    1  99  1.00000E+00  1.01520E+01
p  16    5 15    1  99  1.00000E+00  1.01520E+01
f  16    6 15    1  99  1.00000E+00  1.00582E+01
p  16    6 15    1  99  1.00000E+00  1.00582E+01
f  16    7 15    1  99  1.00000E+00  1.00482E+01
p  16    7 15    1  99  1.00000E+00  1.00482E+01
f  16    8 15    1  99  1.00000E+00  1.00015E+01
p  16    8 15    1  99  1.00000E+00  1.00015E+01
f  16    2 15    2  99  5.00000E+00  1.06541E+01
p  16    2 15    2  98  1.11240E+00 -2.29980E+00 -9.67030E-02  3.48630E-03  6.00000E+00  2.79400E+02  2.90600E+02  5.58900E+03
f  16    9 15    2  99  2.00000E+00  1.12146E+01
p  16    9 15    2  99  2.00000E+00  1.12146E+01
f  16   10 15    2  99  1.00000E+00  1.01844E+01
p  16   10 15    2  99  1.00000E+00  1.01844E+01
f  16   11 15    2  99  1.00000E+00  1.02140E+01
p  16   11 15    2  99  1.00000E+00  1.02140E+01
f  16   12 15    2  99  1.00000E+00  1.01630E+01
p  16   12 15    2  99  1.00000E+00  1.01630E+01
f  16   13 15    2  99  1.00000E+00  1.00652E+01
p  16   13 15    2  99  1.00000E+00  1.00652E+01
f  16   14 15    2  99  1.00000E+00  1.00542E+01
p  16   14 15    2  99  1.00000E+00  1.00542E+01
f  16   15 15    2  99  1.00000E+00  1.00114E+01
p  16   15 15    2  99  1.00000E+00  1.00114E+01
f  16    3 15    3  99  5.00000E+00  1.01248E+01
p  16    3 15    3  98  1.11240E+00 -2.29980E+00 -9.67030E-02  3.48630E-03  6.00000E+00  2.79400E+02  2.90600E+02  5.58900E+03
f  16   10 15    3  99  1.00000E+00  1.01844E+01
p  16   10 15    3  99  1.00000E+00  1.01844E+01
f  16    4 15    4  99  5.00000E+00  1.01920E+01
p  16    4 15    4  98  1.11240E+00 -2.29980E+00 -9.67030E-02  3.48630E-03  6.00000E+00  2.79400E+02  2.90600E+02  5.58900E+03
f  16   11 15    4  99  1.00000E+00  1.02140E+01
p  16   11 15    4  99  1.00000E+00  1.02140E+01
f  16    5 15    5  99  5.00000E+00  1.01520E+01
p  16    5 15    5  98  1.11240E+00 -2.29980E+00 -9.67030E-02  3.48630E-03  6.00000E+00  2.79400E+02  2.90600E+02  5.58900E+03
f  16   12 15    5  99  1.00000E+00  1.01630E+01
p  16   12 15    5  99  1.00000E+00  1.01630E+01
f  16    6 15    6  99  5.00000E+00  1.00582E+01
p  16    6 15    6  98  1.11240E+00 -2.29980E+00 -9.67030E-02  3.48630E-03  6.00000E+00  2.79400E+02  2.90600E+02  5.58900E+03
f  16   13 15    6  99  1.00000E+00  1.00652E+01
p  16   13 15    6  99  1.00000E+00  1.00652E+01
f  16    7 15    7  99  5.00000E+00  1.00482E+01
p  16    7 15    7  98  1.11240E+00 -2.29980E+00 -9.67030E-02  3.48630E-03  6.00000E+00  2.79400E+02  2.90600E+02  5.58900E+03
f  16   14 15    7  99  1.00000E+00  1.00542E+01
p  16   14 15    7  99  1.00000E+00  1.00542E+01
f  16    8 15    8  99  5.00000E+00  1.00015E+01
p  16    8 15    8  98  1.11240E+00 -2.29980E+00 -9.67030E-02  3.48630E-03  6.00000E+00  2.79400E+02  2.90600E+02  5.58900E+03
f  16   15 15    8  99  1.00000E+00  1.00114E+01
p  16   15 15    8  99  1.00000E+00  1.00114E+01
f  16    9 15    9  99  4.00000E+00  1.12146E+01
p  16    9 15    9  98  1.11240E+00 -2.29980E+00 -9.67030E-02  3.48630E-03  6.00000E+00  2.79400E+02  2.90600E+02  5.58900E+03
f  16   10 15   10  99  4.00000E+00  1.01844E+01
p  16   10 15   10  98  1.11240E+00 -2.29980E+00 -9.67030E-02  3.48630E-03  6.00000E+00  2.79400E+02  2.90600E+02  5.58900E+03
f  16   11 15   11  99  4.00000E+00  1.02140E+01
p  16   11 15   11  98  1.11240E+00 -2.29980E+00 -9.67030E-02  3.48630E-03  6.00000E+00  2.79400E+02  2.90600E+02  5.58900E+03
f  16   12 15   12  99  4.00000E+00  1.01630E+01
p  16   12 15   12  98  1.11240E+00 -2.29980E+00 -9.67030E-02  3.48630E-03  6.00000E+00  2.79400E+02  2.90600E+02  5.58900E+03
f  16   13 15   13  99  4.00000E+00  1.00652E+01
p  16   13 15   13  98  1.11240E+00 -2.29980E+00 -9.67030E-02  3.48630E-03  6.00000E+00  2.79400E+02  2.90600E+02  5.58900E+03
f  16   14 15   14  99  4.00000E+00  1.00542E+01
p  16   14 15   14  98  1.11240E+00 -2.29980E+00 -9.67030E-02  3.48630E-03  6.00000E+00  2.79400E+02  2.90600E+02  5.58900E+03
f  16   15 15   15  99  4.00000E+00  1.00114E+01
p  16   15 15   15  98  1.11240E+00 -2.29980E+00 -9.67030E-02  3.48630E-03  6.00000E+00  2.79400E+02  2.90600E+02  5.58900E+03
f  16    1 15   16  99  8.00000E+00  1.41000E+01
p  16    1 15   16  98  1.85070E+00 -2.45690E+00 -1.32310E-01  1.22080E-02  8.00000E+00  9.88000E+02  1.02800E+03  1.97600E+04
f  16   16 15   16  99  7.00000E+00  1.46640E+01
p  16   16 15   16  98  1.11240E+00 -2.29980E+00 -9.67030E-02  3.48630E-03  6.00000E+00  2.79400E+02  2.90600E+02  5.58900E+03
f  16   17 15   16  99  1.00000E+00  1.07108E+01
p  16   17 15   16  99  1.00000E+00  1.07108E+01
f  16   18 15   16  99  1.00000E+00  1.01431E+01
p  16   18 15   16  99  1.00000E+00  1.01431E+01
f  16   19 15   16  99  1.00000E+00  1.01980E+01
p  16   19 15   16  99  1.00000E+00  1.01980E+01
f  16   20 15   16  99  1.00000E+00  1.01560E+01
p  16   20 15   16  99  1.00000E+00  1.01560E+01
f  16   21 15   16  99  1.00000E+00  1.00672E+01
p  16   21 15   16  99  1.00000E+00  1.00672E+01
f  16   22 15   16  99  1.00000E+00  1.00552E+01
p  16   22 15   16  99  1.00000E+00  1.00552E+01
f  16   23 15   16  99  1.00000E+00  1.00015E+01
p  16   23 15   16  99  1.00000E+00  1.00015E+01
f  16    2 15   17  99  8.00000E+00  1.06541E+01
p  16    2 15   17  98  1.85070E+00 -2.45690E+00 -1.32310E-01  1.22080E-02  8.00000E+00  9.88000E+02  1.02800E+03  1.97600E+04
f  16   17 15   17  99  6.00000E+00  1.07108E+01
p  16   17 15   17  98  1.11240E+00 -2.29980E+00 -9.67030E-02  3.48630E-03  6.00000E+00  2.79400E+02  2.90600E+02  5.58900E+03
f  16    3 15   18  99  8.00000E+00  1.01248E+01
p  16    3 15   18  98  1.85070E+00 -2.45690E+00 -1.32310E-01  1.22080E-02  8.00000E+00  9.88000E+02  1.02800E+03  1.97600E+04
f  16   18 15   18  99  6.00000E+00  1.01431E+01
p  16   18 15   18  98  1.11240E+00 -2.29980E+00 -9.67030E-02  3.48630E-03  6.00000E+00  2.79400E+02  2.90600E+02  5.58900E+03
f  16    4 15   19  99  8.00000E+00  1.01920E+01
p  16    4 15   19  98  1.85070E+00 -2.45690E+00 -1.32310E-01  1.22080E-02  8.00000E+00  9.88000E+02  1.02800E+03  1.97600E+04
f  16   19 15   19  99  6.00000E+00  1.01980E+01
p  16   19 15   19  98  1.11240E+00 -2.29980E+00 -9.67030E-02  3.48630E-03  6.00000E+00  2.79400E+02  2.90600E+02  5.58900E+03
f  16    5 15   20  99  8.00000E+00  1.01520E+01
p  16    5 15   20  98  1.85070E+00 -2.45690E+00 -1.32310E-01  1.22080E-02  8.00000E+00  9.88000E+02  1.02800E+03  1.97600E+04
f  16   20 15   20  99  6.00000E+00  1.01560E+01
p  16   20 15   20  98  1.11240E+00 -2.29980E+00 -9.67030E-02  3.48630E-03  6.00000E+00  2.79400E+02  2.90600E+02  5.58900E+03
f  16    6 15   21  99  8.00000E+00  1.00582E+01
p  16    6 15   21  98  1.85070E+00 -2.45690E+00 -1.32310E-01  1.22080E-02  8.00000E+00  9.88000E+02  1.02800E+03  1.97600E+04
f  16   21 15   21  99  6.00000E+00  1.00672E+01
p  16   21 15   21  98  1.11240E+00 -2.29980E+00 -9.67030E-02  3.48630E-03  6.00000E+00  2.79400E+02  2.90600E+02  5.58900E+03
f  16    7 15   22  99  8.00000E+00  1.00482E+01
p  16    7 15   22  98  1.85070E+00 -2.45690E+00 -1.32310E-01  1.22080E-02  8.00000E+00  9.88000E+02  1.02800E+03  1.97600E+04
f  16   22 15   22  99  6.00000E+00  1.00552E+01
p  16   22 15   22  98  1.11240E+00 -2.29980E+00 -9.67030E-02  3.48630E-03  6.00000E+00  2.79400E+02  2.90600E+02  5.58900E+03
f  16    8 15   23  99  8.00000E+00  1.00015E+01
p  16    8 15   23  98  1.85070E+00 -2.45690E+00 -1.32310E-01  1.22080E-02  8.00000E+00  9.88000E+02  1.02800E+03  1.97600E+04
f  16   23 15   23  99  6.00000E+00  1.00015E+01
p  16   23 15   23  98  1.11240E+00 -2.29980E+00 -9.67030E-02  3.48630E-03  6.00000E+00  2.79400E+02  2.90600E+02  5.58900E+03
f  16    1 15   24  99  2.00000E+00  1.41000E+01
p  16    1 15   24  98  2.12480E+00 -2.52370E+00 -1.83660E-01  1.94050E-02  2.00000E+00  6.74800E+03  7.01800E+03  1.35000E+05
f  16   24 15   24  99  7.00000E+00  1.47440E+01
p  16   24 15   24  98  1.11240E+00 -2.29980E+00 -9.67030E-02  3.48630E-03  6.00000E+00  2.79400E+02  2.90600E+02  5.58900E+03
f  16   25 15   24  99  1.00000E+00  1.07340E+01
p  16   25 15   24  99  1.00000E+00  1.07340E+01
f  16   26 15   24  99  1.00000E+00  1.01422E+01
p  16   26 15   24  99  1.00000E+00  1.01422E+01
f  16   27 15   24  99  1.00000E+00  1.02070E+01
p  16   27 15   24  99  1.00000E+00  1.02070E+01
f  16   28 15   24  99  1.00000E+00  1.01650E+01
p  16   28 15   24  99  1.00000E+00  1.01650E+01
f  16   29 15   24  99  1.00000E+00  1.00681E+01
p  16   29 15   24  99  1.00000E+00  1.00681E+01
f  16   30 15   24  99  1.00000E+00  1.00561E+01
p  16   30 15   24  99  1.00000E+00  1.00561E+01
f  16   31 15   24  99  1.00000E+00  1.00015E+01
p  16   31 15   24  99  1.00000E+00  1.00015E+01
f  16    2 15   25  99  2.00000E+00  1.06541E+01
p  16    2 15   25  98  2.12480E+00 -2.52370E+00 -1.83660E-01  1.94050E-02  2.00000E+00  6.74800E+03  7.01800E+03  1.35000E+05
f  16   25 15   25  99  6.00000E+00  1.07340E+01
p  16   25 15   25  98  1.11240E+00 -2.29980E+00 -9.67030E-02  3.48630E-03  6.00000E+00  2.79400E+02  2.90600E+02  5.58900E+03
f  16    3 15   26  99  2.00000E+00  1.01248E+01
p  16    3 15   26  98  2.12480E+00 -2.52370E+00 -1.83660E-01  1.94050E-02  2.00000E+00  6.74800E+03  7.01800E+03  1.35000E+05
f  16   26 15   26  99  6.00000E+00  1.01422E+01
p  16   26 15   26  98  1.11240E+00 -2.29980E+00 -9.67030E-02  3.48630E-03  6.00000E+00  2.79400E+02  2.90600E+02  5.58900E+03
f  16    4 15   27  99  2.00000E+00  1.01920E+01
p  16    4 15   27  98  2.12480E+00 -2.52370E+00 -1.83660E-01  1.94050E-02  2.00000E+00  6.74800E+03  7.01800E+03  1.35000E+05
f  16   27 15   27  99  6.00000E+00  1.02070E+01
p  16   27 15   27  98  1.11240E+00 -2.29980E+00 -9.67030E-02  3.48630E-03  6.00000E+00  2.79400E+02  2.90600E+02  5.58900E+03
f  16    5 15   28  99  2.00000E+00  1.01520E+01
p  16    5 15   28  98  2.12480E+00 -2.52370E+00 -1.83660E-01  1.94050E-02  2.00000E+00  6.74800E+03  7.01800E+03  1.35000E+05
f  16   28 15   28  99  6.00000E+00  1.01650E+01
p  16   28 15   28  98  1.11240E+00 -2.29980E+00 -9.67030E-02  3.48630E-03  6.00000E+00  2.79400E+02  2.90600E+02  5.58900E+03
f  16    6 15   29  99  2.00000E+00  1.00582E+01
p  16    6 15   29  98  2.12480E+00 -2.52370E+00 -1.83660E-01  1.94050E-02  2.00000E+00  6.74800E+03  7.01800E+03  1.35000E+05
f  16   29 15   29  99  6.00000E+00  1.00681E+01
p  16   29 15   29  98  1.11240E+00 -2.29980E+00 -9.67030E-02  3.48630E-03  6.00000E+00  2.79400E+02  2.90600E+02  5.58900E+03
f  16    7 15   30  99  2.00000E+00  1.00482E+01
p  16    7 15   30  98  2.12480E+00 -2.52370E+00 -1.83660E-01  1.94050E-02  2.00000E+00  6.74800E+03  7.01800E+03  1.35000E+05
f  16   30 15   30  99  6.00000E+00  1.00561E+01
p  16   30 15   30  98  1.11240E+00 -2.29980E+00 -9.67030E-02  3.48630E-03  6.00000E+00  2.79400E+02  2.90600E+02  5.58900E+03
f  16    8 15   31  99  2.00000E+00  1.00015E+01
p  16    8 15   31  98  2.12480E+00 -2.52370E+00 -1.83660E-01  1.94050E-02  2.00000E+00  6.74800E+03  7.01800E+03  1.35000E+05
f  16   31 15   31  99  6.00000E+00  1.00015E+01
p  16   31 15   31  98  1.11240E+00 -2.29980E+00 -9.67030E-02  3.48630E-03  6.00000E+00  2.79400E+02  2.90600E+02  5.58900E+03
a  16    9 15    1   8.41322E+13
a  16   10 15    1   3.22183E+13
a  16   11 15    1   1.23422E+13
a  16   12 15    1   5.71044E+12
a  16   13 15    1   2.92884E+12
a  16   14 15    1   1.62528E+12
a  16   15 15    1   9.59739E+11
a  16   16 15    1   2.48834E+14
a  16   17 15    1   9.48848E+12
a  16   18 15    1   2.79090E+12
a  16   19 15    1   1.06562E+12
a  16   20 15    1   4.93020E+11
a  16   21 15    1   2.52878E+11
a  16   22 15    1   1.40330E+11
a  16   23 15    1   8.28630E+10
a  16   24 15    1   3.04584E+12
a  16   25 15    1   1.29003E+11
a  16   26 15    1   3.71220E+10
a  16   27 15    1   1.38393E+10
a  16   28 15    1   6.40290E+09
a  16   29 15    1   3.28410E+09
a  16   30 15    1   1.82244E+09
a  16   31 15    1   1.07613E+09
a  16   17 15    2   1.77739E+14
a  16   25 15    2   2.17560E+12
a  16   18 15    3   1.77739E+14
a  16   26 15    3   2.17560E+12
a  16   19 15    4   1.77739E+14
a  16   27 15    4   2.17560E+12
a  16   20 15    5   1.77739E+14
a  16   28 15    5   2.17560E+12
a  16   21 15    6   1.77739E+14
a  16   29 15    6   2.17560E+12
a  16   22 15    7   1.77739E+14
a  16   30 15    7   2.17560E+12
a  16   23 15    8   1.77739E+14
a  16   31 15    8   2.17560E+12
a  16   24 15   16   1.11731E+14
a  16   25 15   16   2.48936E+12
a  16   26 15   16   7.22040E+11
a  16   27 15   16   2.70304E+11
a  16   28 15   16   1.25060E+11
a  16   29 15   16   6.41440E+10
a  16   30 15   16   3.55956E+10
a  16   31 15   16   2.10188E+10
a  16   25 15   17   9.57696E+13
a  16   26 15   18   9.57696E+13
a  16   27 15   19   9.57696E+13
a  16   28 15   20   9.57696E+13
a  16   29 15   21   9.57696E+13
a  16   30 15   22   9.57696E+13
a  16   31 15   23   9.57696E+13
b  17    1 17    2  99  1.31840E-01  1.07000E+00 -2.01609E+01  2.07872E+02  2.00000E+01  2.55500E+00  2.55500E+00
b  17    1 17    3  99  1.10988E-01  1.21387E+00 -1.59243E+01  9.24730E+01  2.00000E+01  8.35100E-01  8.35100E-01
b  17    2 17    3  99  2.08435E-01  2.22203E-01  1.03193E+00 -3.16619E-01  2.00332E+00  7.72800E-01  7.72800E-01
b  17    1 17    4  99  1.26567E-01  1.40677E+00 -1.70876E+01  8.80114E+01  2.00000E+01  3.43630E-01  3.43630E-01
b  17    2 17    4  99  3.24238E-01  5.18340E-01  1.66393E+00 -5.91789E-01  2.05609E+00  1.41000E-01  1.41000E-01
b  17    3 17    4  99  2.51859E-01  1.96817E-01  1.83986E+00 -8.76580E-01  2.73021E+00  9.90100E-01  9.90100E-01
b  17    1 17    5  99  1.26564E-01  1.44330E+00 -1.75951E+01  9.36418E+01  2.00000E+01  1.90610E-01  1.90610E-01
b  17    2 17    5  99  3.51586E-01  6.86841E-01  1.83625E+00 -6.77970E-01  2.11910E+00  5.73300E-02  5.73300E-02
b  17    3 17    5  99  3.06587E-01  5.82266E-01  2.24453E+00 -1.06073E+00  2.91284E+00  1.75700E-01  1.75700E-01
b  17    4 17    5  99  2.52551E-01  1.63738E-01  2.35000E+00 -1.33419E+00  3.36347E+00  1.26100E+00  1.26100E+00
b  17    1 17    6  99  1.29449E-01  1.46229E+00 -1.81941E+01  1.05820E+02  2.00000E+01  1.17740E-01  1.17740E-01
b  17    2 17    6  99  3.64492E-01  8.07406E-01  1.87660E+00 -6.52722E-01  2.14854E+00  3.00900E-02  3.00900E-02
b  17    3 17    6  99  2.99869E-01  1.00391E+00  1.33280E+00 -4.41224E-01  2.03370E+00  6.68800E-02  6.68800E-02
b  17    4 17    6  99  2.85063E-01  7.01036E-01  1.94768E+00 -9.14593E-01  2.85493E+00  2.07500E-01  2.07500E-01
b  17    5 17    6  99  2.39607E-01  2.03730E-01  2.25883E+00 -3.36174E-01  4.02140E+00  1.50100E+00  1.50100E+00
b  17    1 17    7  99  1.30861E-01  1.47629E+00 -1.83971E+01  1.09804E+02  2.00000E+01  7.82600E-02  7.82600E-02
b  17    2 17    7  99  1.83283E-01  1.87732E+00 -1.78313E+01  1.79411E+02  2.00000E+01  1.81300E-02  1.81300E-02
b  17    3 17    7  99  3.17925E-01  1.18724E+00  1.43305E+00 -5.17560E-01  2.06667E+00  3.41000E-02  3.41000E-02
b  17    4 17    7  99  3.20644E-01  1.01713E+00  2.29230E+00 -1.20770E+00  3.00871E+00  7.57300E-02  7.57300E-02
b  17    5 17    7  99  2.93067E-01  6.67704E-01  2.62844E+00 -1.54384E+00  3.56298E+00  2.37800E-01  2.37800E-01
b  17    6 17    7  99  2.29294E-01  2.36658E-01  2.10274E+00 -2.63051E-01  4.02292E+00  1.72600E+00  1.72600E+00
b  17    1 17    8  99  1.30482E-01  1.49260E+00 -1.85473E+01  1.10324E+02  2.00000E+01  5.48240E-02  5.48240E-02
b  17    2 17    8  99  1.86605E-01  1.95316E+00 -1.81300E+01  1.81606E+02  2.00000E+01  1.19100E-02  1.19100E-02
b  17    3 17    8  99  3.32513E-01  1.31276E+00  1.54561E+00 -5.44148E-01  2.16445E+00  2.02700E-02  2.02700E-02
b  17    4 17    8  99  3.38374E-01  1.28136E+00  2.29295E+00 -1.13802E+00  2.96264E+00  3.77300E-02  3.77300E-02
b  17    5 17    8  99  3.22873E-01  1.06849E+00  2.67858E+00 -1.47805E+00  3.51176E+00  8.45000E-02  8.45000E-02
b  17    6 17    8  99  2.81816E-01  7.12547E-01  2.48354E+00 -3.10992E-01  4.15598E+00  2.67800E-01  2.67800E-01
b  17    7 17    8  99  2.61850E-02  2.96414E-02  2.35254E-01 -3.79359E-02  3.97096E+00  1.64600E+01  1.64600E+01
b  17    1 17    9  98  0.00000E+00  0.00000E+00  0.00000E+00  0.00000E+00  0.00000E+00  5.22734E-02  1.04547E-03
b  17    2 17    9  99  1.31840E-01  1.07000E+00 -2.01609E+01  2.07872E+02  2.00000E+01  2.12156E+00  2.12156E+00
b  17    1 17   10  98  0.00000E+00  0.00000E+00  0.00000E+00  0.00000E+00  0.00000E+00  6.83246E-02  1.36649E-03
b  17    2 17   10  99  1.10988E-01  1.21387E+00 -1.59243E+01  9.24730E+01  2.00000E+01  7.15800E-01  7.15800E-01
b  17    3 17   10  99  1.31840E-01  1.07000E+00 -2.01609E+01  2.07872E+02  2.00000E+01  2.19000E+00  2.19000E+00
b  17    9 17   10  99  2.08435E-01  2.22203E-01  1.03193E+00 -3.16619E-01  2.00332E+00  1.54560E+00  1.54560E+00
b  17    1 17   11  98  0.00000E+00  0.00000E+00  0.00000E+00  0.00000E+00  0.00000E+00  9.10607E-02  1.82121E-03
b  17    2 17   11  99  1.26567E-01  1.40677E+00 -1.70876E+01  8.80114E+01  2.00000E+01  2.94540E-01  2.94540E-01
b  17    4 17   11  99  1.31840E-01  1.07000E+00 -2.01609E+01  2.07872E+02  2.00000E+01  2.19000E+00  2.19000E+00
b  17    9 17   11  99  3.24238E-01  5.18340E-01  1.66393E+00 -5.91789E-01  2.05609E+00  2.82000E-01  2.82000E-01
b  17   10 17   11  99  2.51859E-01  1.96817E-01  1.83986E+00 -8.76580E-01  2.73021E+00  9.90100E-01  9.90100E-01
b  17    1 17   12  98  0.00000E+00  0.00000E+00  0.00000E+00  0.00000E+00  0.00000E+00  1.17920E-01  2.35841E-03
b  17    2 17   12  99  1.26564E-01  1.44330E+00 -1.75951E+01  9.36418E+01  2.00000E+01  1.63380E-01  1.63380E-01
b  17    5 17   12  99  1.31840E-01  1.07000E+00 -2.01609E+01  2.07872E+02  2.00000E+01  2.19000E+00  2.19000E+00
b  17    9 17   12  99  3.51586E-01  6.86841E-01  1.83625E+00 -6.77970E-01  2.11910E+00  1.14660E-01  1.14660E-01
b  17   10 17   12  99  3.06587E-01  5.82266E-01  2.24453E+00 -1.06073E+00  2.91284E+00  1.75700E-01  1.75700E-01
b  17   11 17   12  99  2.52551E-01  1.63738E-01  2.35000E+00 -1.33419E+00  3.36347E+00  1.26100E+00  1.26100E+00
b  17    1 17   13  98  0.00000E+00  0.00000E+00  0.00000E+00  0.00000E+00  0.00000E+00  1.49030E-01  2.98061E-03
b  17    2 17   13  99  1.29449E-01  1.46229E+00 -1.81941E+01  1.05820E+02  2.00000E+01  1.00920E-01  1.00920E-01
b  17    6 17   13  99  1.31840E-01  1.07000E+00 -2.01609E+01  2.07872E+02  2.00000E+01  2.19000E+00  2.19000E+00
b  17    9 17   13  99  3.64492E-01  8.07406E-01  1.87660E+00 -6.52722E-01  2.14854E+00  6.01800E-02  6.01800E-02
b  17   10 17   13  99  2.99869E-01  1.00391E+00  1.33280E+00 -4.41224E-01  2.03370E+00  6.68800E-02  6.68800E-02
b  17   11 17   13  99  2.85063E-01  7.01036E-01  1.94768E+00 -9.14593E-01  2.85493E+00  2.07500E-01  2.07500E-01
b  17   12 17   13  99  2.39607E-01  2.03730E-01  2.25883E+00 -3.36174E-01  4.02140E+00  1.50100E+00  1.50100E+00
b  17    1 17   14  98  0.00000E+00  0.00000E+00  0.00000E+00  0.00000E+00  0.00000E+00  1.84761E-01  3.69521E-03
b  17    2 17   14  99  1.30861E-01  1.47629E+00 -1.83971E+01  1.09804E+02  2.00000E+01  6.70800E-02  6.70800E-02
b  17    7 17   14  99  1.31840E-01  1.07000E+00 -2.01609E+01  2.07872E+02  2.00000E+01  2.19000E+00  2.19000E+00
b  17    9 17   14  99  1.83283E-01  1.87732E+00 -1.78313E+01  1.79411E+02  2.00000E+01  3.62600E-02  3.62600E-02
b  17   10 17   14  99  3.17925E-01  1.18724E+00  1.43305E+00 -5.17560E-01  2.06667E+00  3.41000E-02  3.41000E-02
b  17   11 17   14  99  3.20644E-01  1.01713E+00  2.29230E+00 -1.20770E+00  3.00871E+00  7.57300E-02  7.57300E-02
b  17   12 17   14  99  2.93067E-01  6.67704E-01  2.62844E+00 -1.54384E+00  3.56298E+00  2.37800E-01  2.37800E-01
b  17   13 17   14  99  2.29294E-01  2.36658E-01  2.10274E+00 -2.63051E-01  4.02292E+00  1.72600E+00  1.72600E+00
b  17    1 17   15  98  0.00000E+00  0.00000E+00  0.00000E+00  0.00000E+00  0.00000E+00  2.24638E-01  4.49275E-03
b  17    2 17   15  99  1.30482E-01  1.49260E+00 -1.85473E+01  1.10324E+02  2.00000E+01  4.69920E-02  4.69920E-02
b  17    8 17   15  99  1.31840E-01  1.07000E+00 -2.01609E+01  2.07872E+02  2.00000E+01  2.19000E+00  2.19000E+00
b  17    9 17   15  99  1.86605E-01  1.95316E+00 -1.81300E+01  1.81606E+02  2.00000E+01  2.38200E-02  2.38200E-02
b  17   10 17   15  99  3.32513E-01  1.31276E+00  1.54561E+00 -5.44148E-01  2.16445E+00  2.02700E-02  2.02700E-02
b  17   11 17   15  99  3.38374E-01  1.28136E+00  2.29295E+00 -1.13802E+00  2.96264E+00  3.77300E-02  3.77300E-02
b  17   12 17   15  99  3.22873E-01  1.06849E+00  2.67858E+00 -1.47805E+00  3.51176E+00  8.45000E-02  8.45000E-02
b  17   13 17   15  99  2.81816E-01  7.12547E-01  2.48354E+00 -3.10992E-01  4.15598E+00  2.67800E-01  2.67800E-01
b  17   14 17   15  99  2.61850E-02  2.96414E-02  2.35254E-01 -3.79359E-02  3.97096E+00  1.64600E+01  1.64600E+01
b  17    1 17   16  99  1.31193E-01  1.93615E+00 -6.25816E+01  6.39877E+02  2.00000E+01  1.42560E+00  1.42560E+00
b  17    1 17   17  99  1.17248E-01  1.87352E+00 -5.29734E+01  4.77721E+02  2.00000E+01  4.95680E-01  4.95680E-01
b  17    2 17   17  99  1.31193E-01  1.93615E+00 -6.25816E+01  6.39877E+02  2.00000E+01  1.55520E+00  1.55520E+00
b  17   16 17   17  99  1.31840E-01  1.07000E+00 -2.01609E+01  2.07872E+02  2.00000E+01  2.92000E+00  2.92000E+00
b  17    1 17   18  99  1.14236E-01  1.86120E+00 -4.99255E+01  4.25676E+02  2.00000E+01  2.13120E-01  2.13120E-01
b  17    3 17   18  99  1.31193E-01  1.93615E+00 -6.25816E+01  6.39877E+02  2.00000E+01  1.55520E+00  1.55520E+00
b  17   16 17   18  99  1.10988E-01  1.21387E+00 -1.59243E+01  9.24730E+01  2.00000E+01  9.54400E-01  9.54400E-01
b  17   17 17   18  99  2.08435E-01  2.22203E-01  1.03193E+00 -3.16619E-01  2.00332E+00  7.72800E-01  7.72800E-01
b  17    1 17   19  99  1.17515E-01  2.01045E+00 -5.21958E+01  4.21770E+02  2.00000E+01  1.05280E-01  1.05280E-01
b  17    4 17   19  99  1.31193E-01  1.93615E+00 -6.25816E+01  6.39877E+02  2.00000E+01  1.55520E+00  1.55520E+00
b  17   16 17   19  99  1.26567E-01  1.40677E+00 -1.70876E+01  8.80114E+01  2.00000E+01  3.92720E-01  3.92720E-01
b  17   17 17   19  99  3.24238E-01  5.18340E-01  1.66393E+00 -5.91789E-01  2.05609E+00  1.41000E-01  1.41000E-01
b  17   18 17   19  99  2.51859E-01  1.96817E-01  1.83986E+00 -8.76580E-01  2.73021E+00  9.90100E-01  9.90100E-01
b  17    1 17   20  99  1.14789E-01  1.97664E+00 -5.05094E+01  4.00088E+02  2.00000E+01  6.27120E-02  6.27120E-02
b  17    5 17   20  99  1.31193E-01  1.93615E+00 -6.25816E+01  6.39877E+02  2.00000E+01  1.55520E+00  1.55520E+00
b  17   16 17   20  99  1.26564E-01  1.44330E+00 -1.75951E+01  9.36418E+01  2.00000E+01  2.17840E-01  2.17840E-01
b  17   17 17   20  99  3.51586E-01  6.86841E-01  1.83625E+00 -6.77970E-01  2.11910E+00  5.73300E-02  5.73300E-02
b  17   18 17   20  99  3.06587E-01  5.82266E-01  2.24453E+00 -1.06073E+00  2.91284E+00  1.75700E-01  1.75700E-01
b  17   19 17   20  99  2.52551E-01  1.63738E-01  2.35000E+00 -1.33419E+00  3.36347E+00  1.26100E+00  1.26100E+00
b  17    1 17   21  99  1.13377E-01  1.94728E+00 -4.91170E+01  3.83004E+02  2.00000E+01  4.04480E-02  4.04480E-02
b  17    6 17   21  99  1.31193E-01  1.93615E+00 -6.25816E+01  6.39877E+02  2.00000E+01  1.55520E+00  1.55520E+00
b  17   16 17   21  99  1.29449E-01  1.46229E+00 -1.81941E+01  1.05820E+02  2.00000E+01  1.34560E-01  1.34560E-01
b  17   17 17   21  99  3.64492E-01  8.07406E-01  1.87660E+00 -6.52722E-01  2.14854E+00  3.00900E-02  3.00900E-02
b  17   18 17   21  99  2.99869E-01  1.00391E+00  1.33280E+00 -4.41224E-01  2.03370E+00  6.68800E-02  6.68800E-02
b  17   19 17   21  99  2.85063E-01  7.01036E-01  1.94768E+00 -9.14593E-01  2.85493E+00  2.07500E-01  2.07500E-01
b  17   20 17   21  99  2.39607E-01  2.03730E-01  2.25883E+00 -3.36174E-01  4.02140E+00  1.50100E+00  1.50100E+00
b  17    1 17   22  99  1.11625E-01  1.93104E+00 -4.81717E+01  3.69839E+02  2.00000E+01  2.76320E-02  2.76320E-02
b  17    7 17   22  99  1.31193E-01  1.93615E+00 -6.25816E+01  6.39877E+02  2.00000E+01  1.55520E+00  1.55520E+00
b  17   16 17   22  99  1.30861E-01  1.47629E+00 -1.83971E+01  1.09804E+02  2.00000E+01  8.94400E-02  8.94400E-02
b  17   17 17   22  99  1.83283E-01  1.87732E+00 -1.78313E+01  1.79411E+02  2.00000E+01  1.81300E-02  1.81300E-02
b  17   18 17   22  99  3.17925E-01  1.18724E+00  1.43305E+00 -5.17560E-01  2.06667E+00  3.41000E-02  3.41000E-02
b  17   19 17   22  99  3.20644E-01  1.01713E+00  2.29230E+00 -1.20770E+00  3.00871E+00  7.57300E-02  7.57300E-02
b  17   20 17   22  99  2.93067E-01  6.67704E-01  2.62844E+00 -1.54384E+00  3.56298E+00  2.37800E-01  2.37800E-01
b  17   21 17   22  99  2.29294E-01  2.36658E-01  2.10274E+00 -2.63051E-01  4.02292E+00  1.72600E+00  1.72600E+00
b  17    1 17   23  99  1.11393E-01  1.92459E+00 -4.79864E+01  3.68415E+02  2.00000E+01  1.97120E-02  1.97120E-02
b  17    8 17   23  99  1.31193E-01  1.93615E+00 -6.25816E+01  6.39877E+02  2.00000E+01  1.55520E+00  1.55520E+00
b  17   16 17   23  99  1.30482E-01  1.49260E+00 -1.85473E+01  1.10324E+02  2.00000E+01  6.26560E-02  6.26560E-02
b  17   17 17   23  99  1.86605E-01  1.95316E+00 -1.81300E+01  1.81606E+02  2.00000E+01  1.19100E-02  1.19100E-02
b  17   18 17   23  99  3.32513E-01  1.31276E+00  1.54561E+00 -5.44148E-01  2.16445E+00  2.02700E-02  2.02700E-02
b  17   19 17   23  99  3.38374E-01  1.28136E+00  2.29295E+00 -1.13802E+00  2.96264E+00  3.77300E-02  3.77300E-02
b  17   20 17   23  99  3.22873E-01  1.06849E+00  2.67858E+00 -1.47805E+00  3.51176E+00  8.45000E-02  8.45000E-02
b  17   21 17   23  99  2.81816E-01  7.12547E-01  2.48354E+00 -3.10992E-01  4.15598E+00  2.67800E-01  2.67800E-01
b  17   22 17   23  99  2.61850E-02  2.96414E-02  2.35254E-01 -3.79359E-02  3.97096E+00  1.64600E+01  1.64600E+01
b  17    1 17   24  99  2.12636E-01  1.19459E+00 -1.41724E+01  5.47689E+01  5.75160E+00  4.53322E-02  4.53322E-02
b  17   16 17   24  99  2.65356E-01  7.17409E-01 -9.61994E+00  4.04212E+01  4.92418E+00  7.42250E-02  7.42250E-02
b  17    1 17   25  99  2.00284E-01  1.33508E+00 -1.55350E+01  5.87172E+01  5.98383E+00  1.87240E-02  1.87240E-02
b  17    2 17   25  99  2.12636E-01  1.19459E+00 -1.41724E+01  5.47689E+01  5.75160E+00  4.94533E-02  4.94533E-02
b  17   17 17   25  99  2.65356E-01  7.17409E-01 -9.61994E+00  4.04212E+01  4.92418E+00  7.42250E-02  7.42250E-02
b  17   24 17   25  99  1.31840E-01  1.07000E+00 -2.01609E+01  2.07872E+02  2.00000E+01  2.92000E+00  2.92000E+00
b  17    1 17   26  99  1.93162E-01  1.37563E+00 -1.61407E+01  6.11671E+01  6.13955E+00  8.26400E-03  8.26400E-03
b  17    3 17   26  99  2.12636E-01  1.19459E+00 -1.41724E+01  5.47689E+01  5.75160E+00  4.94533E-02  4.94533E-02
b  17   18 17   26  99  2.65356E-01  7.17409E-01 -9.61994E+00  4.04212E+01  4.92418E+00  7.42250E-02  7.42250E-02
b  17   24 17   26  99  1.10988E-01  1.21387E+00 -1.59243E+01  9.24730E+01  2.00000E+01  9.54400E-01  9.54400E-01
b  17   25 17   26  99  2.08435E-01  2.22203E-01  1.03193E+00 -3.16619E-01  2.00332E+00  7.72800E-01  7.72800E-01
b  17    1 17   27  99  2.01191E-01  1.45126E+00 -1.71090E+01  6.47421E+01  6.14393E+00  4.19200E-03  4.19200E-03
b  17    4 17   27  99  2.12636E-01  1.19459E+00 -1.41724E+01  5.47689E+01  5.75160E+00  4.94533E-02  4.94533E-02
b  17   19 17   27  99  2.65356E-01  7.17409E-01 -9.61994E+00  4.04212E+01  4.92418E+00  7.42250E-02  7.42250E-02
b  17   24 17   27  99  1.26567E-01  1.40677E+00 -1.70876E+01  8.80114E+01  2.00000E+01  3.92720E-01  3.92720E-01
b  17   25 17   27  99  3.24238E-01  5.18340E-01  1.66393E+00 -5.91789E-01  2.05609E+00  1.41000E-01  1.41000E-01
b  17   26 17   27  99  2.51859E-01  1.96817E-01  1.83986E+00 -8.76580E-01  2.73021E+00  9.90100E-01  9.90100E-01
b  17    1 17   28  99  1.93481E-01  1.45182E+00 -1.71219E+01  6.46311E+01  6.21294E+00  2.49600E-03  2.49600E-03
b  17    5 17   28  99  2.12636E-01  1.19459E+00 -1.41724E+01  5.47689E+01  5.75160E+00  4.94533E-02  4.94533E-02
b  17   20 17   28  99  2.65356E-01  7.17409E-01 -9.61994E+00  4.04212E+01  4.92418E+00  7.42250E-02  7.42250E-02
b  17   24 17   28  99  1.26564E-01  1.44330E+00 -1.75951E+01  9.36418E+01  2.00000E+01  2.17840E-01  2.17840E-01
b  17   25 17   28  99  3.51586E-01  6.86841E-01  1.83625E+00 -6.77970E-01  2.11910E+00  5.73300E-02  5.73300E-02
b  17   26 17   28  99  3.06587E-01  5.82266E-01  2.24453E+00 -1.06073E+00  2.91284E+00  1.75700E-01  1.75700E-01
b  17   27 17   28  99  2.52551E-01  1.63738E-01  2.35000E+00 -1.33419E+00  3.36347E+00  1.26100E+00  1.26100E+00
b  17    1 17   29  99  1.94823E-01  1.42043E+00 -1.66776E+01  6.28477E+01  6.14523E+00  1.60640E-03  1.60640E-03
b  17    6 17   29  99  2.12636E-01  1.19459E+00 -1.41724E+01  5.47689E+01  5.75160E+00  4.94533E-02  4.94533E-02
b  17   21 17   29  99  2.65356E-01  7.17409E-01 -9.61994E+00  4.04212E+01  4.92418E+00  7.42250E-02  7.42250E-02
b  17   24 17   29  99  1.29449E-01  1.46229E+00 -1.81941E+01  1.05820E+02  2.00000E+01  1.34560E-01  1.34560E-01
b  17   25 17   29  99  3.64492E-01  8.07406E-01  1.87660E+00 -6.52722E-01  2.14854E+00  3.00900E-02  3.00900E-02
b  17   26 17   29  99  2.99869E-01  1.00391E+00  1.33280E+00 -4.41224E-01  2.03370E+00  6.68800E-02  6.68800E-02
b  17   27 17   29  99  2.85063E-01  7.01036E-01  1.94768E+00 -9.14593E-01  2.85493E+00  2.07500E-01  2.07500E-01
b  17   28 17   29  99  2.39607E-01  2.03730E-01  2.25883E+00 -3.36174E-01  4.02140E+00  1.50100E+00  1.50100E+00
b  17    1 17   30  99  1.85583E-01  1.46470E+00 -1.75047E+01  6.65823E+01  6.36906E+00  1.09380E-03  1.09380E-03
b  17    7 17   30  99  2.12636E-01  1.19459E+00 -1.41724E+01  5.47689E+01  5.75160E+00  4.94533E-02  4.94533E-02
b  17   22 17   30  99  2.65356E-01  7.17409E-01 -9.61994E+00  4.04212E+01  4.92418E+00  7.42250E-02  7.42250E-02
b  17   24 17   30  99  1.30861E-01  1.47629E+00 -1.83971E+01  1.09804E+02  2.00000E+01  8.94400E-02  8.94400E-02
b  17   25 17   30  99  1.83283E-01  1.87732E+00 -1.78313E+01  1.79411E+02  2.00000E+01  1.81300E-02  1.81300E-02
b  17   26 17   30  99  3.17925E-01  1.18724E+00  1.43305E+00 -5.17560E-01  2.06667E+00  3.41000E-02  3.41000E-02
b  17   27 17   30  99  3.20644E-01  1.01713E+00  2.29230E+00 -1.20770E+00  3.00871E+00  7.57300E-02  7.57300E-02
b  17   28 17   30  99  2.93067E-01  6.67704E-01  2.62844E+00 -1.54384E+00  3.56298E+00  2.37800E-01  2.37800E-01
b  17   29 17   30  99  2.29294E-01  2.36658E-01  2.10274E+00 -2.63051E-01  4.02292E+00  1.72600E+00  1.72600E+00
b  17    1 17   31  99  1.87232E-01  1.44411E+00 -1.72122E+01  6.54300E+01  6.31775E+00  7.77400E-04  7.77400E-04
b  17    8 17   31  99  2.12636E-01  1.19459E+00 -1.41724E+01  5.47689E+01  5.75160E+00  4.94533E-02  4.94533E-02
b  17   23 17   31  99  2.65356E-01  7.17409E-01 -9.61994E+00  4.04212E+01  4.92418E+00  7.42250E-02  7.42250E-02
b  17   24 17   31  99  1.30482E-01  1.49260E+00 -1.85473E+01  1.10324E+02  2.00000E+01  6.26560E-02  6.26560E-02
b  17   25 17   31  99  1.86605E-01  1.95316E+00 -1.81300E+01  1.81606E+02  2.00000E+01  1.19100E-02  1.19100E-02
b  17   26 17   31  99  3.32513E-01  1.31276E+00  1.54561E+00 -5.44148E-01  2.16445E+00  2.02700E-02  2.02700E-02
b  17   27 17   31  99  3.38374E-01  1.28136E+00  2.29295E+00 -1.13802E+00  2.96264E+00  3.77300E-02  3.77300E-02
b  17   28 17   31  99  3.22873E-01  1.06849E+00  2.67858E+00 -1.47805E+00  3.51176E+00  8.45000E-02  8.45000E-02
b  17   29 17   31  99  2.81816E-01  7.12547E-01  2.48354E+00 -3.10992E-01  4.15598E+00  2.67800E-01  2.67800E-01
b  17   30 17   31  99  2.61850E-02  2.96414E-02  2.35254E-01 -3.79359E-02  3.97096E+00  1.64600E+01  1.64600E+01
f  17    1 16    1  99  7.00000E+00  1.37600E+01
p  17    1 16    1  98  1.16020E+00 -2.24680E+00 -1.06310E-01  4.28950E-03  7.00000E+00  2.51900E+02  2.62000E+02  5.03900E+03
f  17    2 16    1  99  1.00000E+00  9.73860E+00
p  17    2 16    1  99  1.00000E+00  9.73860E+00
f  17    3 16    1  99  1.00000E+00  9.14520E+00
p  17    3 16    1  99  1.00000E+00  9.14520E+00
f  17    4 16    1  99  1.00000E+00  9.21000E+00
p  17    4 16    1  99  1.00000E+00  9.21000E+00
f  17    5 16    1  99  1.00000E+00  9.16600E+00
p  17    5 16    1  99  1.00000E+00  9.16600E+00
f  17    6 16    1  99  1.00000E+00  9.06820E+00
p  17    6 16    1  99  1.00000E+00  9.06820E+00
f  17    7 16    1  99  1.00000E+00  9.05620E+00
p  17    7 16    1  99  1.00000E+00  9.05620E+00
f  17    8 16    1  99  1.00000E+00  9.00160E+00
p  17    8 16    1  99  1.00000E+00  9.00160E+00
f  17    2 16    2  99  6.00000E+00  9.73860E+00
p  17    2 16    2  98  1.16020E+00 -2.24680E+00 -1.06310E-01  4.28950E-03  7.00000E+00  2.51900E+02  2.62000E+02  5.03900E+03
f  17    9 16    2  99  2.00000E+00  1.02991E+01
p  17    9 16    2  99  2.00000E+00  1.02991E+01
f  17   10 16    2  99  1.00000E+00  9.20480E+00
p  17   10 16    2  99  1.00000E+00  9.20480E+00
f  17   11 16    2  99  1.00000E+00  9.23200E+00
p  17   11 16    2  99  1.00000E+00  9.23200E+00
f  17   12 16    2  99  1.00000E+00  9.17700E+00
p  17   12 16    2  99  1.00000E+00  9.17700E+00
f  17   13 16    2  99  1.00000E+00  9.07520E+00
p  17   13 16    2  99  1.00000E+00  9.07520E+00
f  17   14 16    2  99  1.00000E+00  9.06220E+00
p  17   14 16    2  99  1.00000E+00  9.06220E+00
f  17   15 16    2  99  1.00000E+00  9.01150E+00
p  17   15 16    2  99  1.00000E+00  9.01150E+00
f  17    3 16    3  99  6.00000E+00  9.14520E+00
p  17    3 16    3  98  1.16020E+00 -2.24680E+00 -1.06310E-01  4.28950E-03  7.00000E+00  2.51900E+02  2.62000E+02  5.03900E+03
f  17   10 16    3  99  1.00000E+00  9.20480E+00
p  17   10 16    3  99  1.00000E+00  9.20480E+00
f  17    4 16    4  99  6.00000E+00  9.21000E+00
p  17    4 16    4  98  1.16020E+00 -2.24680E+00 -1.06310E-01  4.28950E-03  7.00000E+00  2.51900E+02  2.62000E+02  5.03900E+03
f  17   11 16    4  99  1.00000E+00  9.23200E+00
p  17   11 16    4  99  1.00000E+00  9.23200E+00
f  17    5 16    5  99  6.00000E+00  9.16600E+00
p  17    5 16    5  98  1.16020E+00 -2.24680E+00 -1.06310E-01  4.28950E-03  7.00000E+00  2.51900E+02  2.62000E+02  5.03900E+03
f  17   12 16    5  99  1.00000E+00  9.17700E+00
p  17   12 16    5  99  1.00000E+00  9.17700E+00
f  17    6 16    6  99  6.00000E+00  9.06820E+00
p  17    6 16    6  98  1.16020E+00 -2.24680E+00 -1.06310E-01  4.28950E-03  7.00000E+00  2.51900E+02  2.62000E+02  5.03900E+03
f  17   13 16    6  99  1.00000E+00  9.07520E+00
p  17   13 16    6  99  1.00000E+00  9.07520E+00
f  17    7 16    7  99  6.00000E+00  9.05620E+00
p  17    7 16    7  98  1.16020E+00 -2.24680E+00 -1.06310E-01  4.28950E-03  7.00000E+00  2.51900E+02  2.62000E+02  5.03900E+03
f  17   14 16    7  99  1.00000E+00  9.06220E+00
p  17   14 16    7  99  1.00000E+00  9.06220E+00
f  17    8 16    8  99  6.00000E+00  9.00160E+00
p  17    8 16    8  98  1.16020E+00 -2.24680E+00 -1.06310E-01  4.28950E-03  7.00000E+00  2.51900E+02  2.62000E+02  5.03900E+03
f  17   15 16    8  99  1.00000E+00  9.01150E+00
p  17   15 16    8  99  1.00000E+00  9.01150E+00
f  17    9 16    9  99  5.00000E+00  1.02991E+01
p  17    9 16    9  98  1.16020E+00 -2.24680E+00 -1.06310E-01  4.28950E-03  7.00000E+00  2.51900E+02  2.62000E+02  5.03900E+03
f  17   10 16   10  99  5.00000E+00  9.20480E+00
p  17   10 16   10  98  1.16020E+00 -2.24680E+00 -1.06310E-01  4.28950E-03  7.00000E+00  2.51900E+02  2.62000E+02  5.03900E+03
f  17   11 16   11  99  5.00000E+00  9.23200E+00
p  17   11 16   11  98  1.16020E+00 -2.24680E+00 -1.06310E-01  4.28950E-03  7.00000E+00  2.51900E+02  2.62000E+02  5.03900E+03
f  17   12 16   12  99  5.00000E+00  9.17700E+00
p  17   12 16   12  98  1.16020E+00 -2.24680E+00 -1.06310E-01  4.28950E-03  7.00000E+00  2.51900E+02  2.62000E+02  5.03900E+03
f  17   13 16   13  99  5.00000E+00  9.07520E+00
p  17   13 16   13  98  1.16020E+00 -2.24680E+00 -1.06310E-01  4.28950E-03  7.00000E+00  2.51900E+02  2.62000E+02  5.03900E+03
f  17   14 16   14  99  5.00000E+00  9.06220E+00
p  17   14 16   14  98  1.16020E+00 -2.24680E+00 -1.06310E-01  4.28950E-03  7.00000E+00  2.51900E+02  2.62000E+02  5.03900E+03
f  17   15 16   15  99  5.00000E+00  9.01150E+00
p  17   15 16   15  98  1.16020E+00 -2.24680E+00 -1.06310E-01  4.28950E-03  7.00000E+00  2.51900E+02  2.62000E+02  5.03900E+03
f  17    1 16   16  99  8.00000E+00  1.37600E+01
p  17    1 16   16  98  1.89620E+00 -2.43850E+00 -1.39410E-01  1.33350E-02  8.00000E+00  9.53300E+02  9.91500E+02  1.90700E+04
f  17   16 16   16  99  8.00000E+00  1.43240E+01
p  17   16 16   16  98  1.16020E+00 -2.24680E+00 -1.06310E-01  4.28950E-03  7.00000E+00  2.51900E+02  2.62000E+02  5.03900E+03
f  17   17 16   16  99  1.00000E+00  9.79530E+00
p  17   17 16   16  99  1.00000E+00  9.79530E+00
f  17   18 16   16  99  1.00000E+00  9.16350E+00
p  17   18 16   16  99  1.00000E+00  9.16350E+00
f  17   19 16   16  99  1.00000E+00  9.21600E+00
p  17   19 16   16  99  1.00000E+00  9.21600E+00
f  17   20 16   16  99  1.00000E+00  9.17000E+00
p  17   20 16   16  99  1.00000E+00  9.17000E+00
f  17   21 16   16  99  1.00000E+00  9.07720E+00
p  17   21 16   16  99  1.00000E+00  9.07720E+00
f  17   22 16   16  99  1.00000E+00  9.06320E+00
p  17   22 16   16  99  1.00000E+00  9.06320E+00
f  17   23 16   16  99  1.00000E+00  9.00160E+00
p  17   23 16   16  99  1.00000E+00  9.00160E+00
f  17    2 16   17  99  8.00000E+00  9.73860E+00
p  17    2 16   17  98  1.89620E+00 -2.43850E+00 -1.39410E-01  1.33350E-02  8.00000E+00  9.53300E+02  9.91500E+02  1.90700E+04
f  17   17 16   17  99  7.00000E+00  9.79530E+00
p  17   17 16   17  98  1.16020E+00 -2.24680E+00 -1.06310E-01  4.28950E-03  7.00000E+00  2.51900E+02  2.62000E+02  5.03900E+03
f  17    3 16   18  99  8.00000E+00  9.14520E+00
p  17    3 16   18  98  1.89620E+00 -2.43850E+00 -1.39410E-01  1.33350E-02  8.00000E+00  9.53300E+02  9.91500E+02  1.90700E+04
f  17   18 16   18  99  7.00000E+00  9.16350E+00
p  17   18 16   18  98  1.16020E+00 -2.24680E+00 -1.06310E-01  4.28950E-03  7.00000E+00  2.51900E+02  2.62000E+02  5.03900E+03
f  17    4 16   19  99  8.00000E+00  9.21000E+00
p  17    4 16   19  98  1.89620E+00 -2.43850E+00 -1.39410E-01  1.33350E-02  8.00000E+00  9.53300E+02  9.91500E+02  1.90700E+04
f  17   19 16   19  99  7.00000E+00  9.21600E+00
p  17   19 16   19  98  1.16020E+00 -2.24680E+00 -1.06310E-01  4.28950E-03  7.00000E+00  2.51900E+02  2.62000E+02  5.03900E+03
f  17    5 16   20  99  8.00000E+00  9.16600E+00
p  17    5 16   20  98  1.89620E+00 -2.43850E+00 -1.39410E-01  1.33350E-02  8.00000E+00  9.53300E+02  9.91500E+02  1.90700E+04
f  17   20 16   20  99  7.00000E+00  9.17000E+00
p  17   20 16   20  98  1.16020E+00 -2.24680E+00 -1.06310E-01  4.28950E-03  7.00000E+00  2.51900E+02  2.62000E+02  5.03900E+03
f  17    6 16   21  99  8.00000E+00  9.06820E+00
p  17    6 16   21  98  1.89620E+00 -2.43850E+00 -1.39410E-01  1.33350E-02  8.00000E+00  9.53300E+02  9.91500E+02  1.90700E+04
f  17   21 16   21  99  7.00000E+00  9.07720E+00
p  17   21 16   21  98  1.16020E+00 -2.24680E+00 -1.06310E-01  4.28950E-03  7.00000E+00  2.51900E+02  2.62000E+02  5.03900E+03
f  17    7 16   22  99  8.00000E+00  9.05620E+00
p  17    7 16   22  98  1.89620E+00 -2.43850E+00 -1.39410E-01  1.33350E-02  8.00000E+00  9.53300E+02  9.91500E+02  1.90700E+04
f  17   22 16   22  99  7.00000E+00  9.06320E+00
p  17   22 16   22  98  1.16020E+00 -2.24680E+00 -1.06310E-01  4.28950E-03  7.00000E+00  2.51900E+02  2.62000E+02  5.03900E+03
f  17    8 16   23  99  8.00000E+00  9.00160E+00
p  17    8 16   23  98  1.89620E+00 -2.43850E+00 -1.39410E-01  1.33350E-02  8.00000E+00  9.53300E+02  9.91500E+02  1.90700E+04
f  17   23 16   23  99  7.00000E+00  9.00160E+00
p  17   23 16   23  98  1.16020E+00 -2.24680E+00 -1.06310E-01  4.28950E-03  7.00000E+00  2.51900E+02  2.62000E+02  5.03900E+03
f  17    1 16   24  99  2.00000E+00  1.37600E+01
p  17    1 16   24  98  2.13160E+00 -2.51830E+00 -1.86160E-01  1.98050E-02  2.00000E+00  6.71200E+03  6.98000E+03  1.34200E+05
f  17   24 16   24  99  8.00000E+00  1.44040E+01
p  17   24 16   24  98  1.16020E+00 -2.24680E+00 -1.06310E-01  4.28950E-03  7.00000E+00  2.51900E+02  2.62000E+02  5.03900E+03
f  17   25 16   24  99  1.00000E+00  9.81850E+00
p  17   25 16   24  99  1.00000E+00  9.81850E+00
f  17   26 16   24  99  1.00000E+00  9.16260E+00
p  17   26 16   24  99  1.00000E+00  9.16260E+00
f  17   27 16   24  99  1.00000E+00  9.22500E+00
p  17   27 16   24  99  1.00000E+00  9.22500E+00
f  17   28 16   24  99  1.00000E+00  9.17900E+00
p  17   28 16   24  99  1.00000E+00  9.17900E+00
f  17   29 16   24  99  1.00000E+00  9.07810E+00
p  17   29 16   24  99  1.00000E+00  9.07810E+00
f  17   30 16   24  99  1.00000E+00  9.06410E+00
p  17   30 16   24  99  1.00000E+00  9.06410E+00
f  17   31 16   24  99  1.00000E+00  9.00160E+00
p  17   31 16   24  99  1.00000E+00  9.00160E+00
f  17    2 16   25  99  2.00000E+00  9.73860E+00
p  17    2 16   25  98  2.13160E+00 -2.51830E+00 -1.86160E-01  1.98050E-02  2.00000E+00  6.71200E+03  6.98000E+03  1.34200E+05
f  17   25 16   25  99  7.00000E+00  9.81850E+00
p  17   25 16   25  98  1.16020E+00 -2.24680E+00 -1.06310E-01  4.28950E-03  7.00000E+00  2.51900E+02  2.62000E+02  5.03900E+03
f  17    3 16   26  99  2.00000E+00  9.14520E+00
p  17    3 16   26  98  2.13160E+00 -2.51830E+00 -1.86160E-01  1.98050E-02  2.00000E+00  6.71200E+03  6.98000E+03  1.34200E+05
f  17   26 16   26  99  7.00000E+00  9.16260E+00
p  17   26 16   26  98  1.16020E+00 -2.24680E+00 -1.06310E-01  4.28950E-03  7.00000E+00  2.51900E+02  2.62000E+02  5.03900E+03
f  17    4 16   27  99  2.00000E+00  9.21000E+00
p  17    4 16   27  98  2.13160E+00 -2.51830E+00 -1.86160E-01  1.98050E-02  2.00000E+00  6.71200E+03  6.98000E+03  1.34200E+05
f  17   27 16   27  99  7.00000E+00  9.22500E+00
p  17   27 16   27  98  1.16020E+00 -2.24680E+00 -1.06310E-01  4.28950E-03  7.00000E+00  2.51900E+02  2.62000E+02  5.03900E+03
f  17    5 16   28  99  2.00000E+00  9.16600E+00
p  17    5 16   28  98  2.13160E+00 -2.51830E+00 -1.86160E-01  1.98050E-02  2.00000E+00  6.71200E+03  6.98000E+03  1.34200E+05
f  17   28 16   28  99  7.00000E+00  9.17900E+00
p  17   28 16   28  98  1.16020E+00 -2.24680E+00 -1.06310E-01  4.28950E-03  7.00000E+00  2.51900E+02  2.62000E+02  5.03900E+03
f  17    6 16   29  99  2.00000E+00  9.06820E+00
p  17    6 16   29  98  2.13160E+00 -2.51830E+00 -1.86160E-01  1.98050E-02  2.00000E+00  6.71200E+03  6.98000E+03  1.34200E+05
f  17   29 16   29  99  7.00000E+00  9.07810E+00
p  17   29 16   29  98  1.16020E+00 -2.24680E+00 -1.06310E-01  4.28950E-03  7.00000E+00  2.51900E+02  2.62000E+02  5.03900E+03
f  17    7 16   30  99  2.00000E+00  9.05620E+00
p  17    7 16   30  98  2.13160E+00 -2.51830E+00 -1.86160E-01  1.98050E-02  2.00000E+00  6.71200E+03  6.98000E+03  1.34200E+05
f  17   30 16   30  99  7.00000E+00  9.06410E+00
p  17   30 16   30  98  1.16020E+00 -2.24680E+00 -1.06310E-01  4.28950E-03  7.00000E+00  2.51900E+02  2.62000E+02  5.03900E+03
f  17    8 16   31  99  2.00000E+00  9.00160E+00
p  17    8 16   31  98  2.13160E+00 -2.51830E+00 -1.86160E-01  1.98050E-02  2.00000E+00  6.71200E+03  6.98000E+03  1.34200E+05
f  17   31 16   31  99  7.00000E+00  9.00160E+00
p  17   31 16   31  98  1.16020E+00 -2.24680E+00 -1.06310E-01  4.28950E-03  7.00000E+00  2.51900E+02  2.62000E+02  5.03900E+03
a  17    9 16    1   7.81372E+13
a  17   10 16    1   2.52435E+13
a  17   11 16    1   9.61314E+12
a  17   12 16    1   4.44744E+12
a  17   13 16    1   2.28121E+12
a  17   14 16    1   1.26591E+12
a  17   15 16    1   7.47500E+11
a  17   16 16    1   3.00909E+14
a  17   17 16    1   9.18356E+12
a  17   18 16    1   2.65335E+12
a  17   19 16    1   1.00346E+12
a  17   20 16    1   4.64258E+11
a  17   21 16    1   2.38130E+11
a  17   22 16    1   1.32145E+11
a  17   23 16    1   7.80308E+10
a  17   24 16    1   3.70272E+12
a  17   25 16    1   1.26298E+11
a  17   26 16    1   3.56650E+10
a  17   27 16    1   1.31492E+10
a  17   28 16    1   6.08370E+09
a  17   29 16    1   3.12032E+09
a  17   30 16    1   1.73156E+09
a  17   31 16    1   1.02246E+09
a  17   17 16    2   2.25682E+14
a  17   25 16    2   2.77704E+12
a  17   18 16    3   2.25682E+14
a  17   26 16    3   2.77704E+12
a  17   19 16    4   2.25682E+14
a  17   27 16    4   2.77704E+12
a  17   20 16    5   2.25682E+14
a  17   28 16    5   2.77704E+12
a  17   21 16    6   2.25682E+14
a  17   29 16    6   2.77704E+12
a  17   22 16    7   2.25682E+14
a  17   30 16    7   2.77704E+12
a  17   23 16    8   2.25682E+14
a  17   31 16    8   2.77704E+12
a  17   24 16   16   1.21507E+14
a  17   25 16   16   2.17760E+12
a  17   26 16   16   6.19320E+11
a  17   27 16   16   2.29192E+11
a  17   28 16   16   1.06040E+11
a  17   29 16   16   5.43880E+10
a  17   30 16   16   3.01820E+10
a  17   31 16   16   1.78220E+10
a  17   25 16   17   1.06319E+14
a  17   26 16   18   1.06319E+14
a  17   27 16   19   1.06319E+14
a  17   28 16   20   1.06319E+14
a  17   29 16   21   1.06319E+14
a  17   30 16   22   1.06319E+14
a  17   31 16   23   1.06319E+14
b  18    1 18    2  99  1.32990E-01  1.08960E+00 -1.95228E+01  1.98111E+02  2.00000E+01  2.42720E+00  2.42720E+00
b  18    1 18    3  99  1.47334E-01  1.16851E+00 -2.11285E+01  2.23954E+02  2.00000E+01  8.59200E-01  8.59200E-01
b  18    2 18    3  99  2.24625E-01  1.41225E-01  1.68703E+00 -8.23237E-01  2.74827E+00  7.54900E-01  7.54900E-01
b  18    1 18    4  99  1.31143E-01  1.43407E+00 -1.84363E+01  1.06117E+02  2.00000E+01  3.63360E-01  3.63360E-01
b  18    2 18    4  99  3.18381E-01  6.02863E-01  1.53905E+00 -5.20050E-01  2.02505E+00  1.30700E-01  1.30700E-01
b  18    3 18    4  99  2.64982E-01  1.43341E-01  2.46785E+00 -1.38825E+00  3.33575E+00  9.82900E-01  9.82900E-01
b  18    1 18    5  99  1.30790E-01  1.44001E+00 -1.85208E+01  1.10327E+02  2.00000E+01  2.05920E-01  2.05920E-01
b  18    2 18    5  99  3.50475E-01  7.68041E-01  1.79431E+00 -6.76035E-01  2.12172E+00  5.30600E-02  5.30600E-02
b  18    3 18    5  99  3.01504E-01  6.39211E-01  2.15352E+00 -1.08738E+00  2.85481E+00  1.68900E-01  1.68900E-01
b  18    4 18    5  99  2.48184E-01  1.90337E-01  2.37225E+00 -4.10794E-01  4.01597E+00  1.26600E+00  1.26600E+00
b  18    1 18    6  99  1.30168E-01  1.44146E+00 -1.81118E+01  1.05198E+02  2.00000E+01  1.28880E-01  1.28880E-01
b  18    2 18    6  99  3.64686E-01  8.89755E-01  1.84041E+00 -6.55492E-01  2.13364E+00  2.79100E-02  2.79100E-02
b  18    3 18    6  99  3.29197E-01  9.25069E-01  2.30134E+00 -1.10697E+00  2.93033E+00  6.38000E-02  6.38000E-02
b  18    4 18    6  99  2.98368E-01  6.59433E-01  2.61187E+00 -1.46151E+00  3.50195E+00  2.03100E-01  2.03100E-01
b  18    5 18    6  99  2.34850E-01  2.33614E-01  2.19045E+00 -3.06705E-01  4.05777E+00  1.50800E+00  1.50800E+00
b  18    1 18    7  99  1.31633E-01  1.44451E+00 -1.83357E+01  1.11659E+02  2.00000E+01  8.64000E-02  8.64000E-02
b  18    2 18    7  99  3.72878E-01  9.75604E-01  1.86337E+00 -6.88912E-01  2.11566E+00  1.68600E-02  1.68600E-02
b  18    3 18    7  99  3.12883E-01  1.27133E+00  1.34764E+00 -4.41570E-01  2.09277E+00  3.24400E-02  3.24400E-02
b  18    4 18    7  99  3.10229E-01  1.10089E+00  2.03130E+00 -1.00627E+00  2.88139E+00  7.34900E-02  7.34900E-02
b  18    5 18    7  99  2.84937E-01  7.22932E-01  2.40252E+00 -1.37711E+00  3.44595E+00  2.34600E-01  2.34600E-01
b  18    6 18    7  99  2.25028E-01  2.63710E-01  2.03696E+00 -3.46339E-01  3.99392E+00  1.73600E+00  1.73600E+00
b  18    1 18    8  99  1.31307E-01  1.45214E+00 -1.84333E+01  1.12858E+02  2.00000E+01  6.08480E-02  6.08480E-02
b  18    2 18    8  99  3.79548E-01  1.03290E+00  1.90887E+00 -6.93583E-01  2.15061E+00  1.11000E-02  1.11000E-02
b  18    3 18    8  99  3.24407E-01  1.41559E+00  1.37551E+00 -4.39592E-01  2.07862E+00  1.92700E-02  1.92700E-02
b  18    4 18    8  99  3.38324E-01  1.32921E+00  2.39368E+00 -1.28896E+00  3.09131E+00  3.64700E-02  3.64700E-02
b  18    5 18    8  99  3.20375E-01  1.10696E+00  2.70964E+00 -1.57570E+00  3.59308E+00  8.27400E-02  8.27400E-02
b  18    6 18    8  99  2.76730E-01  7.47487E-01  2.39740E+00 -2.06450E-01  4.21213E+00  2.65500E-01  2.65500E-01
b  18    7 18    8  99  1.02632E-03  1.29334E-03  9.04945E-03 -1.48613E-03  3.95959E+00  4.15500E+02  4.15500E+02
b  18    1 18    9  98  0.00000E+00  0.00000E+00  0.00000E+00  0.00000E+00  0.00000E+00  6.34067E-02  1.26813E-03
b  18    2 18    9  99  1.32990E-01  1.08960E+00 -1.95228E+01  1.98111E+02  2.00000E+01  2.05743E+00  2.05743E+00
b  18    1 18   10  98  0.00000E+00  0.00000E+00  0.00000E+00  0.00000E+00  0.00000E+00  8.42742E-02  1.68548E-03
b  18    2 18   10  99  1.47334E-01  1.16851E+00 -2.11285E+01  2.23954E+02  2.00000E+01  7.51800E-01  7.51800E-01
b  18    3 18   10  99  1.32990E-01  1.08960E+00 -1.95228E+01  1.98111E+02  2.00000E+01  2.12380E+00  2.12380E+00
b  18    9 18   10  99  2.24625E-01  1.41225E-01  1.68703E+00 -8.23237E-01  2.74827E+00  1.50980E+00  1.50980E+00
b  18    1 18   11  98  0.00000E+00  0.00000E+00  0.00000E+00  0.00000E+00  0.00000E+00  1.13491E-01  2.26981E-03
b  18    2 18   11  99  1.31143E-01  1.43407E+00 -1.84363E+01  1.06117E+02  2.00000E+01  3.17940E-01  3.17940E-01
b  18    4 18   11  99  1.32990E-01  1.08960E+00 -1.95228E+01  1.98111E+02  2.00000E+01  2.12380E+00  2.12380E+00
b  18    9 18   11  99  3.18381E-01  6.02863E-01  1.53905E+00 -5.20050E-01  2.02505E+00  2.61400E-01  2.61400E-01
b  18   10 18   11  99  2.64982E-01  1.43341E-01  2.46785E+00 -1.38825E+00  3.33575E+00  9.82900E-01  9.82900E-01
b  18    1 18   12  98  0.00000E+00  0.00000E+00  0.00000E+00  0.00000E+00  0.00000E+00  1.47847E-01  2.95693E-03
b  18    2 18   12  99  1.30790E-01  1.44001E+00 -1.85208E+01  1.10327E+02  2.00000E+01  1.80180E-01  1.80180E-01
b  18    5 18   12  99  1.32990E-01  1.08960E+00 -1.95228E+01  1.98111E+02  2.00000E+01  2.12380E+00  2.12380E+00
b  18    9 18   12  99  3.50475E-01  7.68041E-01  1.79431E+00 -6.76035E-01  2.12172E+00  1.06120E-01  1.06120E-01
b  18   10 18   12  99  3.01504E-01  6.39211E-01  2.15352E+00 -1.08738E+00  2.85481E+00  1.68900E-01  1.68900E-01
b  18   11 18   12  99  2.48184E-01  1.90337E-01  2.37225E+00 -4.10794E-01  4.01597E+00  1.26600E+00  1.26600E+00
b  18    1 18   13  98  0.00000E+00  0.00000E+00  0.00000E+00  0.00000E+00  0.00000E+00  1.87558E-01  3.75116E-03
b  18    2 18   13  99  1.30168E-01  1.44146E+00 -1.81118E+01  1.05198E+02  2.00000E+01  1.12770E-01  1.12770E-01
b  18    6 18   13  99  1.32990E-01  1.08960E+00 -1.95228E+01  1.98111E+02  2.00000E+01  2.12380E+00  2.12380E+00
b  18    9 18   13  99  3.64686E-01  8.89755E-01  1.84041E+00 -6.55492E-01  2.13364E+00  5.58200E-02  5.58200E-02
b  18   10 18   13  99  3.29197E-01  9.25069E-01  2.30134E+00 -1.10697E+00  2.93033E+00  6.38000E-02  6.38000E-02
b  18   11 18   13  99  2.98368E-01  6.59433E-01  2.61187E+00 -1.46151E+00  3.50195E+00  2.03100E-01  2.03100E-01
b  18   12 18   13  99  2.34850E-01  2.33614E-01  2.19045E+00 -3.06705E-01  4.05777E+00  1.50800E+00  1.50800E+00
b  18    1 18   14  98  0.00000E+00  0.00000E+00  0.00000E+00  0.00000E+00  0.00000E+00  2.33117E-01  4.66233E-03
b  18    2 18   14  99  1.31633E-01  1.44451E+00 -1.83357E+01  1.11659E+02  2.00000E+01  7.56000E-02  7.56000E-02
b  18    7 18   14  99  1.32990E-01  1.08960E+00 -1.95228E+01  1.98111E+02  2.00000E+01  2.12380E+00  2.12380E+00
b  18    9 18   14  99  3.72878E-01  9.75604E-01  1.86337E+00 -6.88912E-01  2.11566E+00  3.37200E-02  3.37200E-02
b  18   10 18   14  99  3.12883E-01  1.27133E+00  1.34764E+00 -4.41570E-01  2.09277E+00  3.24400E-02  3.24400E-02
b  18   11 18   14  99  3.10229E-01  1.10089E+00  2.03130E+00 -1.00627E+00  2.88139E+00  7.34900E-02  7.34900E-02
b  18   12 18   14  99  2.84937E-01  7.22932E-01  2.40252E+00 -1.37711E+00  3.44595E+00  2.34600E-01  2.34600E-01
b  18   13 18   14  99  2.25028E-01  2.63710E-01  2.03696E+00 -3.46339E-01  3.99392E+00  1.73600E+00  1.73600E+00
b  18    1 18   15  98  0.00000E+00  0.00000E+00  0.00000E+00  0.00000E+00  0.00000E+00  2.83920E-01  5.67839E-03
b  18    2 18   15  99  1.31307E-01  1.45214E+00 -1.84333E+01  1.12858E+02  2.00000E+01  5.32420E-02  5.32420E-02
b  18    8 18   15  99  1.32990E-01  1.08960E+00 -1.95228E+01  1.98111E+02  2.00000E+01  2.12380E+00  2.12380E+00
b  18    9 18   15  99  3.79548E-01  1.03290E+00  1.90887E+00 -6.93583E-01  2.15061E+00  2.22000E-02  2.22000E-02
b  18   10 18   15  99  3.24407E-01  1.41559E+00  1.37551E+00 -4.39592E-01  2.07862E+00  1.92700E-02  1.92700E-02
b  18   11 18   15  99  3.38324E-01  1.32921E+00  2.39368E+00 -1.28896E+00  3.09131E+00  3.64700E-02  3.64700E-02
b  18   12 18   15  99  3.20375E-01  1.10696E+00  2.70964E+00 -1.57570E+00  3.59308E+00  8.27400E-02  8.27400E-02
b  18   13 18   15  99  2.76730E-01  7.47487E-01  2.39740E+00 -2.06450E-01  4.21213E+00  2.65500E-01  2.65500E-01
b  18   14 18   15  99  1.02632E-03  1.29334E-03  9.04945E-03 -1.48613E-03  3.95959E+00  4.15500E+02  4.15500E+02
b  18    1 18   16  99  1.35531E-01  1.98197E+00 -6.45581E+01  6.65836E+02  2.00000E+01  1.20578E+00  1.20578E+00
b  18    1 18   17  99  1.18629E-01  1.87272E+00 -5.40498E+01  4.98284E+02  2.00000E+01  4.35120E-01  4.35120E-01
b  18    2 18   17  99  1.35531E-01  1.98197E+00 -6.45581E+01  6.65836E+02  2.00000E+01  1.32636E+00  1.32636E+00
b  18   16 18   17  99  1.32990E-01  1.08960E+00 -1.95228E+01  1.98111E+02  2.00000E+01  2.73060E+00  2.73060E+00
b  18    1 18   18  99  1.16990E-01  1.86848E+00 -5.19439E+01  4.60949E+02  2.00000E+01  1.86880E-01  1.86880E-01
b  18    3 18   18  99  1.35531E-01  1.98197E+00 -6.45581E+01  6.65836E+02  2.00000E+01  1.32636E+00  1.32636E+00
b  18   16 18   18  99  1.47334E-01  1.16851E+00 -2.11285E+01  2.23954E+02  2.00000E+01  9.66600E-01  9.66600E-01
b  18   17 18   18  99  2.24625E-01  1.41225E-01  1.68703E+00 -8.23237E-01  2.74827E+00  7.54900E-01  7.54900E-01
b  18    1 18   19  99  1.19692E-01  2.00413E+00 -5.37088E+01  4.51168E+02  2.00000E+01  9.21600E-02  9.21600E-02
b  18    4 18   19  99  1.35531E-01  1.98197E+00 -6.45581E+01  6.65836E+02  2.00000E+01  1.32636E+00  1.32636E+00
b  18   16 18   19  99  1.31143E-01  1.43407E+00 -1.84363E+01  1.06117E+02  2.00000E+01  4.08780E-01  4.08780E-01
b  18   17 18   19  99  3.18381E-01  6.02863E-01  1.53905E+00 -5.20050E-01  2.02505E+00  1.30700E-01  1.30700E-01
b  18   18 18   19  99  2.64982E-01  1.43341E-01  2.46785E+00 -1.38825E+00  3.33575E+00  9.82900E-01  9.82900E-01
b  18    1 18   20  99  1.16599E-01  1.96599E+00 -5.19002E+01  4.28035E+02  2.00000E+01  5.48400E-02  5.48400E-02
b  18    5 18   20  99  1.35531E-01  1.98197E+00 -6.45581E+01  6.65836E+02  2.00000E+01  1.32636E+00  1.32636E+00
b  18   16 18   20  99  1.30790E-01  1.44001E+00 -1.85208E+01  1.10327E+02  2.00000E+01  2.31660E-01  2.31660E-01
b  18   17 18   20  99  3.50475E-01  7.68041E-01  1.79431E+00 -6.76035E-01  2.12172E+00  5.30600E-02  5.30600E-02
b  18   18 18   20  99  3.01504E-01  6.39211E-01  2.15352E+00 -1.08738E+00  2.85481E+00  1.68900E-01  1.68900E-01
b  18   19 18   20  99  2.48184E-01  1.90337E-01  2.37225E+00 -4.10794E-01  4.01597E+00  1.26600E+00  1.26600E+00
b  18    1 18   21  99  1.14918E-01  1.94500E+00 -5.09712E+01  4.16529E+02  2.00000E+01  3.53360E-02  3.53360E-02
b  18    6 18   21  99  1.35531E-01  1.98197E+00 -6.45581E+01  6.65836E+02  2.00000E+01  1.32636E+00  1.32636E+00
b  18   16 18   21  99  1.30168E-01  1.44146E+00 -1.81118E+01  1.05198E+02  2.00000E+01  1.44990E-01  1.44990E-01
b  18   17 18   21  99  3.64686E-01  8.89755E-01  1.84041E+00 -6.55492E-01  2.13364E+00  2.79100E-02  2.79100E-02
b  18   18 18   21  99  3.29197E-01  9.25069E-01  2.30134E+00 -1.10697E+00  2.93033E+00  6.38000E-02  6.38000E-02
b  18   19 18   21  99  2.98368E-01  6.59433E-01  2.61187E+00 -1.46151E+00  3.50195E+00  2.03100E-01  2.03100E-01
b  18   20 18   21  99  2.34850E-01  2.33614E-01  2.19045E+00 -3.06705E-01  4.05777E+00  1.50800E+00  1.50800E+00
b  18    1 18   22  99  1.14281E-01  1.92999E+00 -5.04293E+01  4.10885E+02  2.00000E+01  2.41200E-02  2.41200E-02
b  18    7 18   22  99  1.35531E-01  1.98197E+00 -6.45581E+01  6.65836E+02  2.00000E+01  1.32636E+00  1.32636E+00
b  18   16 18   22  99  1.31633E-01  1.44451E+00 -1.83357E+01  1.11659E+02  2.00000E+01  9.72000E-02  9.72000E-02
b  18   17 18   22  99  3.72878E-01  9.75604E-01  1.86337E+00 -6.88912E-01  2.11566E+00  1.68600E-02  1.68600E-02
b  18   18 18   22  99  3.12883E-01  1.27133E+00  1.34764E+00 -4.41570E-01  2.09277E+00  3.24400E-02  3.24400E-02
b  18   19 18   22  99  3.10229E-01  1.10089E+00  2.03130E+00 -1.00627E+00  2.88139E+00  7.34900E-02  7.34900E-02
b  18   20 18   22  99  2.84937E-01  7.22932E-01  2.40252E+00 -1.37711E+00  3.44595E+00  2.34600E-01  2.34600E-01
b  18   21 18   22  99  2.25028E-01  2.63710E-01  2.03696E+00 -3.46339E-01  3.99392E+00  1.73600E+00  1.73600E+00
b  18    1 18   23  99  1.13814E-01  1.92346E+00 -5.02471E+01  4.09297E+02  2.00000E+01  1.71920E-02  1.71920E-02
b  18    8 18   23  99  1.35531E-01  1.98197E+00 -6.45581E+01  6.65836E+02  2.00000E+01  1.32636E+00  1.32636E+00
b  18   16 18   23  99  1.31307E-01  1.45214E+00 -1.84333E+01  1.12858E+02  2.00000E+01  6.84540E-02  6.84540E-02
b  18   17 18   23  99  3.79548E-01  1.03290E+00  1.90887E+00 -6.93583E-01  2.15061E+00  1.11000E-02  1.11000E-02
b  18   18 18   23  99  3.24407E-01  1.41559E+00  1.37551E+00 -4.39592E-01  2.07862E+00  1.92700E-02  1.92700E-02
b  18   19 18   23  99  3.38324E-01  1.32921E+00  2.39368E+00 -1.28896E+00  3.09131E+00  3.64700E-02  3.64700E-02
b  18   20 18   23  99  3.20375E-01  1.10696E+00  2.70964E+00 -1.57570E+00  3.59308E+00  8.27400E-02  8.27400E-02
b  18   21 18   23  99  2.76730E-01  7.47487E-01  2.39740E+00 -2.06450E-01  4.21213E+00  2.65500E-01  2.65500E-01
b  18   22 18   23  99  1.02632E-03  1.29334E-03  9.04945E-03 -1.48613E-03  3.95959E+00  4.15500E+02  4.15500E+02
b  18    1 18   24  99  2.24110E-01  1.04195E+00 -1.23468E+01  4.80088E+01  5.42930E+00  4.02778E-02  4.02778E-02
b  18   16 18   24  99  2.60821E-01  7.37210E-01 -9.82494E+00  4.11388E+01  4.97378E+00  7.40250E-02  7.40250E-02
b  18    1 18   25  99  2.04566E-01  1.32843E+00 -1.54473E+01  5.84427E+01  5.93316E+00  1.62420E-02  1.62420E-02
b  18    2 18   25  99  2.24110E-01  1.04195E+00 -1.23468E+01  4.80088E+01  5.42930E+00  4.43056E-02  4.43056E-02
b  18   17 18   25  99  2.60821E-01  7.37210E-01 -9.82494E+00  4.11388E+01  4.97378E+00  7.40250E-02  7.40250E-02
b  18   24 18   25  99  1.32990E-01  1.08960E+00 -1.95228E+01  1.98111E+02  2.00000E+01  2.73060E+00  2.73060E+00
b  18    1 18   26  99  2.00298E-01  1.33351E+00 -1.54070E+01  5.78872E+01  5.94567E+00  7.03000E-03  7.03000E-03
b  18    3 18   26  99  2.24110E-01  1.04195E+00 -1.23468E+01  4.80088E+01  5.42930E+00  4.43056E-02  4.43056E-02
b  18   18 18   26  99  2.60821E-01  7.37210E-01 -9.82494E+00  4.11388E+01  4.97378E+00  7.40250E-02  7.40250E-02
b  18   24 18   26  99  1.47334E-01  1.16851E+00 -2.11285E+01  2.23954E+02  2.00000E+01  9.66600E-01  9.66600E-01
b  18   25 18   26  99  2.24625E-01  1.41225E-01  1.68703E+00 -8.23237E-01  2.74827E+00  7.54900E-01  7.54900E-01
b  18    1 18   27  99  2.03149E-01  1.43805E+00 -1.68979E+01  6.38222E+01  6.09079E+00  3.52600E-03  3.52600E-03
b  18    4 18   27  99  2.24110E-01  1.04195E+00 -1.23468E+01  4.80088E+01  5.42930E+00  4.43056E-02  4.43056E-02
b  18   19 18   27  99  2.60821E-01  7.37210E-01 -9.82494E+00  4.11388E+01  4.97378E+00  7.40250E-02  7.40250E-02
b  18   24 18   27  99  1.31143E-01  1.43407E+00 -1.84363E+01  1.06117E+02  2.00000E+01  4.08780E-01  4.08780E-01
b  18   25 18   27  99  3.18381E-01  6.02863E-01  1.53905E+00 -5.20050E-01  2.02505E+00  1.30700E-01  1.30700E-01
b  18   26 18   27  99  2.64982E-01  1.43341E-01  2.46785E+00 -1.38825E+00  3.33575E+00  9.82900E-01  9.82900E-01
b  18    1 18   28  99  2.04073E-01  1.39213E+00 -1.63002E+01  6.15355E+01  6.01564E+00  2.08400E-03  2.08400E-03
b  18    5 18   28  99  2.24110E-01  1.04195E+00 -1.23468E+01  4.80088E+01  5.42930E+00  4.43056E-02  4.43056E-02
b  18   20 18   28  99  2.60821E-01  7.37210E-01 -9.82494E+00  4.11388E+01  4.97378E+00  7.40250E-02  7.40250E-02
b  18   24 18   28  99  1.30790E-01  1.44001E+00 -1.85208E+01  1.10327E+02  2.00000E+01  2.31660E-01  2.31660E-01
b  18   25 18   28  99  3.50475E-01  7.68041E-01  1.79431E+00 -6.76035E-01  2.12172E+00  5.30600E-02  5.30600E-02
b  18   26 18   28  99  3.01504E-01  6.39211E-01  2.15352E+00 -1.08738E+00  2.85481E+00  1.68900E-01  1.68900E-01
b  18   27 18   28  99  2.48184E-01  1.90337E-01  2.37225E+00 -4.10794E-01  4.01597E+00  1.26600E+00  1.26600E+00
b  18    1 18   29  99  1.92416E-01  1.44099E+00 -1.72141E+01  6.56774E+01  6.27044E+00  1.33340E-03  1.33340E-03
b  18    6 18   29  99  2.24110E-01  1.04195E+00 -1.23468E+01  4.80088E+01  5.42930E+00  4.43056E-02  4.43056E-02
b  18   21 18   29  99  2.60821E-01  7.37210E-01 -9.82494E+00  4.11388E+01  4.97378E+00  7.40250E-02  7.40250E-02
b  18   24 18   29  99  1.30168E-01  1.44146E+00 -1.81118E+01  1.05198E+02  2.00000E+01  1.44990E-01  1.44990E-01
b  18   25 18   29  99  3.64686E-01  8.89755E-01  1.84041E+00 -6.55492E-01  2.13364E+00  2.79100E-02  2.79100E-02
b  18   26 18   29  99  3.29197E-01  9.25069E-01  2.30134E+00 -1.10697E+00  2.93033E+00  6.38000E-02  6.38000E-02
b  18   27 18   29  99  2.98368E-01  6.59433E-01  2.61187E+00 -1.46151E+00  3.50195E+00  2.03100E-01  2.03100E-01
b  18   28 18   29  99  2.34850E-01  2.33614E-01  2.19045E+00 -3.06705E-01  4.05777E+00  1.50800E+00  1.50800E+00
b  18    1 18   30  99  1.96007E-01  1.39697E+00 -1.64851E+01  6.24524E+01  6.12502E+00  9.04200E-04  9.04200E-04
b  18    7 18   30  99  2.24110E-01  1.04195E+00 -1.23468E+01  4.80088E+01  5.42930E+00  4.43056E-02  4.43056E-02
b  18   22 18   30  99  2.60821E-01  7.37210E-01 -9.82494E+00  4.11388E+01  4.97378E+00  7.40250E-02  7.40250E-02
b  18   24 18   30  99  1.31633E-01  1.44451E+00 -1.83357E+01  1.11659E+02  2.00000E+01  9.72000E-02  9.72000E-02
b  18   25 18   30  99  3.72878E-01  9.75604E-01  1.86337E+00 -6.88912E-01  2.11566E+00  1.68600E-02  1.68600E-02
b  18   26 18   30  99  3.12883E-01  1.27133E+00  1.34764E+00 -4.41570E-01  2.09277E+00  3.24400E-02  3.24400E-02
b  18   27 18   30  99  3.10229E-01  1.10089E+00  2.03130E+00 -1.00627E+00  2.88139E+00  7.34900E-02  7.34900E-02
b  18   28 18   30  99  2.84937E-01  7.22932E-01  2.40252E+00 -1.37711E+00  3.44595E+00  2.34600E-01  2.34600E-01
b  18   29 18   30  99  2.25028E-01  2.63710E-01  2.03696E+00 -3.46339E-01  3.99392E+00  1.73600E+00  1.73600E+00
b  18    1 18   31  99  1.90615E-01  1.41681E+00 -1.68396E+01  6.39951E+01  6.23138E+00  6.40600E-04  6.40600E-04
b  18    8 18   31  99  2.24110E-01  1.04195E+00 -1.23468E+01  4.80088E+01  5.42930E+00  4.43056E-02  4.43056E-02
b  18   23 18   31  99  2.60821E-01  7.37210E-01 -9.82494E+00  4.11388E+01  4.97378E+00  7.40250E-02  7.40250E-02
b  18   24 18   31  99  1.31307E-01  1.45214E+00 -1.84333E+01  1.12858E+02  2.00000E+01  6.84540E-02  6.84540E-02
b  18   25 18   31  99  3.79548E-01  1.03290E+00  1.90887E+00 -6.93583E-01  2.15061E+00  1.11000E-02  1.11000E-02
b  18   26 18   31  99  3.24407E-01  1.41559E+00  1.37551E+00 -4.39592E-01  2.07862E+00  1.92700E-02  1.92700E-02
b  18   27 18   31  99  3.38324E-01  1.32921E+00  2.39368E+00 -1.28896E+00  3.09131E+00  3.64700E-02  3.64700E-02
b  18   28 18   31  99  3.20375E-01  1.10696E+00  2.70964E+00 -1.57570E+00  3.59308E+00  8.27400E-02  8.27400E-02
b  18   29 18   31  99  2.76730E-01  7.47487E-01  2.39740E+00 -2.06450E-01  4.21213E+00  2.65500E-01  2.65500E-01
b  18   30 18   31  99  1.02632E-03  1.29334E-03  9.04945E-03 -1.48613E-03  3.95959E+00  4.15500E+02  4.15500E+02
f  18    1 17    1  99  8.00000E+00  1.34200E+01
p  18    1 17    1  98  1.20510E+00 -2.18330E+00 -1.19370E-01  5.58070E-03  8.00000E+00  2.25500E+02  2.34600E+02  4.51100E+03
f  18    2 17    1  99  1.00000E+00  8.82310E+00
p  18    2 17    1  99  1.00000E+00  8.82310E+00
f  18    3 17    1  99  1.00000E+00  8.16560E+00
p  18    3 17    1  99  1.00000E+00  8.16560E+00
f  18    4 17    1  99  1.00000E+00  8.22800E+00
p  18    4 17    1  99  1.00000E+00  8.22800E+00
f  18    5 17    1  99  1.00000E+00  8.18000E+00
p  18    5 17    1  99  1.00000E+00  8.18000E+00
f  18    6 17    1  99  1.00000E+00  8.07820E+00
p  18    6 17    1  99  1.00000E+00  8.07820E+00
f  18    7 17    1  99  1.00000E+00  8.06420E+00
p  18    7 17    1  99  1.00000E+00  8.06420E+00
f  18    8 17    1  99  1.00000E+00  8.00170E+00
p  18    8 17    1  99  1.00000E+00  8.00170E+00
f  18    2 17    2  99  7.00000E+00  8.82310E+00
p  18    2 17    2  98  1.20510E+00 -2.18330E+00 -1.19370E-01  5.58070E-03  8.00000E+00  2.25500E+02  2.34600E+02  4.51100E+03
f  18    9 17    2  99  2.00000E+00  9.38360E+00
p  18    9 17    2  99  2.00000E+00  9.38360E+00
f  18   10 17    2  99  1.00000E+00  8.22520E+00
p  18   10 17    2  99  1.00000E+00  8.22520E+00
f  18   11 17    2  99  1.00000E+00  8.25000E+00
p  18   11 17    2  99  1.00000E+00  8.25000E+00
f  18   12 17    2  99  1.00000E+00  8.19100E+00
p  18   12 17    2  99  1.00000E+00  8.19100E+00
f  18   13 17    2  99  1.00000E+00  8.08520E+00
p  18   13 17    2  99  1.00000E+00  8.08520E+00
f  18   14 17    2  99  1.00000E+00  8.07020E+00
p  18   14 17    2  99  1.00000E+00  8.07020E+00
f  18   15 17    2  99  1.00000E+00  8.01160E+00
p  18   15 17    2  99  1.00000E+00  8.01160E+00
f  18    3 17    3  99  7.00000E+00  8.16560E+00
p  18    3 17    3  98  1.20510E+00 -2.18330E+00 -1.19370E-01  5.58070E-03  8.00000E+00  2.25500E+02  2.34600E+02  4.51100E+03
f  18   10 17    3  99  1.00000E+00  8.22520E+00
p  18   10 17    3  99  1.00000E+00  8.22520E+00
f  18    4 17    4  99  7.00000E+00  8.22800E+00
p  18    4 17    4  98  1.20510E+00 -2.18330E+00 -1.19370E-01  5.58070E-03  8.00000E+00  2.25500E+02  2.34600E+02  4.51100E+03
f  18   11 17    4  99  1.00000E+00  8.25000E+00
p  18   11 17    4  99  1.00000E+00  8.25000E+00
f  18    5 17    5  99  7.00000E+00  8.18000E+00
p  18    5 17    5  98  1.20510E+00 -2.18330E+00 -1.19370E-01  5.58070E-03  8.00000E+00  2.25500E+02  2.34600E+02  4.51100E+03
f  18   12 17    5  99  1.00000E+00  8.19100E+00
p  18   12 17    5  99  1.00000E+00  8.19100E+00
f  18    6 17    6  99  7.00000E+00  8.07820E+00
p  18    6 17    6  98  1.20510E+00 -2.18330E+00 -1.19370E-01  5.58070E-03  8.00000E+00  2.25500E+02  2.34600E+02  4.51100E+03
f  18   13 17    6  99  1.00000E+00  8.08520E+00
p  18   13 17    6  99  1.00000E+00  8.08520E+00
f  18    7 17    7  99  7.00000E+00  8.06420E+00
p  18    7 17    7  98  1.20510E+00 -2.18330E+00 -1.19370E-01  5.58070E-03  8.00000E+00  2.25500E+02  2.34600E+02  4.51100E+03
f  18   14 17    7  99  1.00000E+00  8.07020E+00
p  18   14 17    7  99  1.00000E+00  8.07020E+00
f  18    8 17    8  99  7.00000E+00  8.00170E+00
p  18    8 17    8  98  1.20510E+00 -2.18330E+00 -1.19370E-01  5.58070E-03  8.00000E+00  2.25500E+02  2.34600E+02  4.51100E+03
f  18   15 17    8  99  1.00000E+00  8.01160E+00
p  18   15 17    8  99  1.00000E+00  8.01160E+00
f  18    9 17    9  99  6.00000E+00  9.38360E+00
p  18    9 17    9  98  1.20510E+00 -2.18330E+00 -1.19370E-01  5.58070E-03  8.00000E+00  2.25500E+02  2.34600E+02  4.51100E+03
f  18   10 17   10  99  6.00000E+00  8.22520E+00
p  18   10 17   10  98  1.20510E+00 -2.18330E+00 -1.19370E-01  5.58070E-03  8.00000E+00  2.25500E+02  2.34600E+02  4.51100E+03
f  18   11 17   11  99  6.00000E+00  8.25000E+00
p  18   11 17   11  98  1.20510E+00 -2.18330E+00 -1.19370E-01  5.58070E-03  8.00000E+00  2.25500E+02  2.34600E+02  4.51100E+03
f  18   12 17   12  99  6.00000E+00  8.19100E+00
p  18   12 17   12  98  1.20510E+00 -2.18330E+00 -1.19370E-01  5.58070E-03  8.00000E+00  2.25500E+02  2.34600E+02  4.51100E+03
f  18   13 17   13  99  6.00000E+00  8.08520E+00
p  18   13 17   13  98  1.20510E+00 -2.18330E+00 -1.19370E-01  5.58070E-03  8.00000E+00  2.25500E+02  2.34600E+02  4.51100E+03
f  18   14 17   14  99  6.00000E+00  8.07020E+00
p  18   14 17   14  98  1.20510E+00 -2.18330E+00 -1.19370E-01  5.58070E-03  8.00000E+00  2.25500E+02  2.34600E+02  4.51100E+03
f  18   15 17   15  99  6.00000E+00  8.01160E+00
p  18   15 17   15  98  1.20510E+00 -2.18330E+00 -1.19370E-01  5.58070E-03  8.00000E+00  2.25500E+02  2.34600E+02  4.51100E+03
f  18    1 17   16  99  8.00000E+00  1.34200E+01
p  18    1 17   16  98  1.93960E+00 -2.41750E+00 -1.48240E-01  1.47770E-02  8.00000E+00  9.20600E+02  9.57400E+02  1.84100E+04
f  18   16 17   16  99  9.00000E+00  1.39840E+01
p  18   16 17   16  98  1.20510E+00 -2.18330E+00 -1.19370E-01  5.58070E-03  8.00000E+00  2.25500E+02  2.34600E+02  4.51100E+03
f  18   17 17   16  99  1.00000E+00  8.87980E+00
p  18   17 17   16  99  1.00000E+00  8.87980E+00
f  18   18 17   16  99  1.00000E+00  8.18390E+00
p  18   18 17   16  99  1.00000E+00  8.18390E+00
f  18   19 17   16  99  1.00000E+00  8.23400E+00
p  18   19 17   16  99  1.00000E+00  8.23400E+00
f  18   20 17   16  99  1.00000E+00  8.18400E+00
p  18   20 17   16  99  1.00000E+00  8.18400E+00
f  18   21 17   16  99  1.00000E+00  8.08720E+00
p  18   21 17   16  99  1.00000E+00  8.08720E+00
f  18   22 17   16  99  1.00000E+00  8.07120E+00
p  18   22 17   16  99  1.00000E+00  8.07120E+00
f  18   23 17   16  99  1.00000E+00  8.00170E+00
p  18   23 17   16  99  1.00000E+00  8.00170E+00
f  18    2 17   17  99  8.00000E+00  8.82310E+00
p  18    2 17   17  98  1.93960E+00 -2.41750E+00 -1.48240E-01  1.47770E-02  8.00000E+00  9.20600E+02  9.57400E+02  1.84100E+04
f  18   17 17   17  99  8.00000E+00  8.87980E+00
p  18   17 17   17  98  1.20510E+00 -2.18330E+00 -1.19370E-01  5.58070E-03  8.00000E+00  2.25500E+02  2.34600E+02  4.51100E+03
f  18    3 17   18  99  8.00000E+00  8.16560E+00
p  18    3 17   18  98  1.93960E+00 -2.41750E+00 -1.48240E-01  1.47770E-02  8.00000E+00  9.20600E+02  9.57400E+02  1.84100E+04
f  18   18 17   18  99  8.00000E+00  8.18390E+00
p  18   18 17   18  98  1.20510E+00 -2.18330E+00 -1.19370E-01  5.58070E-03  8.00000E+00  2.25500E+02  2.34600E+02  4.51100E+03
f  18    4 17   19  99  8.00000E+00  8.22800E+00
p  18    4 17   19  98  1.93960E+00 -2.41750E+00 -1.48240E-01  1.47770E-02  8.00000E+00  9.20600E+02  9.57400E+02  1.84100E+04
f  18   19 17   19  99  8.00000E+00  8.23400E+00
p  18   19 17   19  98  1.20510E+00 -2.18330E+00 -1.19370E-01  5.58070E-03  8.00000E+00  2.25500E+02  2.34600E+02  4.51100E+03
f  18    5 17   20  99  8.00000E+00  8.18000E+00
p  18    5 17   20  98  1.93960E+00 -2.41750E+00 -1.48240E-01  1.47770E-02  8.00000E+00  9.20600E+02  9.57400E+02  1.84100E+04
f  18   20 17   20  99  8.00000E+00  8.18400E+00
p  18   20 17   20  98  1.20510E+00 -2.18330E+00 -1.19370E-01  5.58070E-03  8.00000E+00  2.25500E+02  2.34600E+02  4.51100E+03
f  18    6 17   21  99  8.00000E+00  8.07820E+00
p  18    6 17   21  98  1.93960E+00 -2.41750E+00 -1.48240E-01  1.47770E-02  8.00000E+00  9.20600E+02  9.57400E+02  1.84100E+04
f  18   21 17   21  99  8.00000E+00  8.08720E+00
p  18   21 17   21  98  1.20510E+00 -2.18330E+00 -1.19370E-01  5.58070E-03  8.00000E+00  2.25500E+02  2.34600E+02  4.51100E+03
f  18    7 17   22  99  8.00000E+00  8.06420E+00
p  18    7 17   22  98  1.93960E+00 -2.41750E+00 -1.48240E-01  1.47770E-02  8.00000E+00  9.20600E+02  9.57400E+02  1.84100E+04
f  18   22 17   22  99  8.00000E+00  8.07120E+00
p  18   22 17   22  98  1.20510E+00 -2.18330E+00 -1.19370E-01  5.58070E-03  8.00000E+00  2.25500E+02  2.34600E+02  4.51100E+03
f  18    8 17   23  99  8.00000E+00  8.00170E+00
p  18    8 17   23  98  1.93960E+00 -2.41750E+00 -1.48240E-01  1.47770E-02  8.00000E+00  9.20600E+02  9.57400E+02  1.84100E+04
f  18   23 17   23  99  8.00000E+00  8.00170E+00
p  18   23 17   23  98  1.20510E+00 -2.18330E+00 -1.19370E-01  5.58070E-03  8.00000E+00  2.25500E+02  2.34600E+02  4.51100E+03
f  18    1 17   24  99  2.00000E+00  1.34200E+01
p  18    1 17   24  98  2.13790E+00 -2.51240E+00 -1.89140E-01  2.03050E-02  2.00000E+00  6.67700E+03  6.94400E+03  1.33600E+05
f  18   24 17   24  99  9.00000E+00  1.40640E+01
p  18   24 17   24  98  1.20510E+00 -2.18330E+00 -1.19370E-01  5.58070E-03  8.00000E+00  2.25500E+02  2.34600E+02  4.51100E+03
f  18   25 17   24  99  1.00000E+00  8.90300E+00
p  18   25 17   24  99  1.00000E+00  8.90300E+00
f  18   26 17   24  99  1.00000E+00  8.18300E+00
p  18   26 17   24  99  1.00000E+00  8.18300E+00
f  18   27 17   24  99  1.00000E+00  8.24300E+00
p  18   27 17   24  99  1.00000E+00  8.24300E+00
f  18   28 17   24  99  1.00000E+00  8.19300E+00
p  18   28 17   24  99  1.00000E+00  8.19300E+00
f  18   29 17   24  99  1.00000E+00  8.08810E+00
p  18   29 17   24  99  1.00000E+00  8.08810E+00
f  18   30 17   24  99  1.00000E+00  8.07210E+00
p  18   30 17   24  99  1.00000E+00  8.07210E+00
f  18   31 17   24  99  1.00000E+00  8.00170E+00
p  18   31 17   24  99  1.00000E+00  8.00170E+00
f  18    2 17   25  99  2.00000E+00  8.82310E+00
p  18    2 17   25  98  2.13790E+00 -2.51240E+00 -1.89140E-01  2.03050E-02  2.00000E+00  6.67700E+03  6.94400E+03  1.33600E+05
f  18   25 17   25  99  8.00000E+00  8.90300E+00
p  18   25 17   25  98  1.20510E+00 -2.18330E+00 -1.19370E-01  5.58070E-03  8.00000E+00  2.25500E+02  2.34600E+02  4.51100E+03
f  18    3 17   26  99  2.00000E+00  8.16560E+00
p  18    3 17   26  98  2.13790E+00 -2.51240E+00 -1.89140E-01  2.03050E-02  2.00000E+00  6.67700E+03  6.94400E+03  1.33600E+05
f  18   26 17   26  99  8.00000E+00  8.18300E+00
p  18   26 17   26  98  1.20510E+00 -2.18330E+00 -1.19370E-01  5.58070E-03  8.00000E+00  2.25500E+02  2.34600E+02  4.51100E+03
f  18    4 17   27  99  2.00000E+00  8.22800E+00
p  18    4 17   27  98  2.13790E+00 -2.51240E+00 -1.89140E-01  2.03050E-02  2.00000E+00  6.67700E+03  6.94400E+03  1.33600E+05
f  18   27 17   27  99  8.00000E+00  8.24300E+00
p  18   27 17   27  98  1.20510E+00 -2.18330E+00 -1.19370E-01  5.58070E-03  8.00000E+00  2.25500E+02  2.34600E+02  4.51100E+03
f  18    5 17   28  99  2.00000E+00  8.18000E+00
p  18    5 17   28  98  2.13790E+00 -2.51240E+00 -1.89140E-01  2.03050E-02  2.00000E+00  6.67700E+03  6.94400E+03  1.33600E+05
f  18   28 17   28  99  8.00000E+00  8.19300E+00
p  18   28 17   28  98  1.20510E+00 -2.18330E+00 -1.19370E-01  5.58070E-03  8.00000E+00  2.25500E+02  2.34600E+02  4.51100E+03
f  18    6 17   29  99  2.00000E+00  8.07820E+00
p  18    6 17   29  98  2.13790E+00 -2.51240E+00 -1.89140E-01  2.03050E-02  2.00000E+00  6.67700E+03  6.94400E+03  1.33600E+05
f  18   29 17   29  99  8.00000E+00  8.08810E+00
p  18   29 17   29  98  1.20510E+00 -2.18330E+00 -1.19370E-01  5.58070E-03  8.00000E+00  2.25500E+02  2.34600E+02  4.51100E+03
f  18    7 17   30  99  2.00000E+00  8.06420E+00
p  18    7 17   30  98  2.13790E+00 -2.51240E+00 -1.89140E-01  2.03050E-02  2.00000E+00  6.67700E+03  6.94400E+03  1.33600E+05
f  18   30 17   30  99  8.00000E+00  8.07210E+00
p  18   30 17   30  98  1.20510E+00 -2.18330E+00 -1.19370E-01  5.58070E-03  8.00000E+00  2.25500E+02  2.34600E+02  4.51100E+03
f  18    8 17   31  99  2.00000E+00  8.00170E+00
p  18    8 17   31  98  2.13790E+00 -2.51240E+00 -1.89140E-01  2.03050E-02  2.00000E+00  6.67700E+03  6.94400E+03  1.33600E+05
f  18   31 17   31  99  8.00000E+00  8.00170E+00
p  18   31 17   31  98  1.20510E+00 -2.18330E+00 -1.19370E-01  5.58070E-03  8.00000E+00  2.25500E+02  2.34600E+02  4.51100E+03
a  18    9 17    1   5.72453E+13
a  18   10 17    1   1.92843E+13
a  18   11 17    1   7.30033E+12
a  18   12 17    1   3.37767E+12
a  18   13 17    1   1.73237E+12
a  18   14 17    1   9.61333E+11
a  18   15 17    1   5.67667E+11
a  18   16 17    1   3.48057E+14
a  18   17 17    1   8.53710E+12
a  18   18 17    1   2.41287E+12
a  18   19 17    1   9.05070E+11
a  18   20 17    1   4.18740E+11
a  18   21 17    1   2.14776E+11
a  18   22 17    1   1.19184E+11
a  18   23 17    1   7.03770E+10
a  18   24 17    1   4.33368E+12
a  18   25 17    1   1.19096E+11
a  18   26 17    1   3.29148E+10
a  18   27 17    1   1.19828E+10
a  18   28 17    1   5.54400E+09
a  18   29 17    1   2.84360E+09
a  18   30 17    1   1.57800E+09
a  18   31 17    1   9.31800E+08
a  18   17 17    2   2.70711E+14
a  18   25 17    2   3.37064E+12
a  18   18 17    3   2.70711E+14
a  18   26 17    3   3.37064E+12
a  18   19 17    4   2.70711E+14
a  18   27 17    4   3.37064E+12
a  18   20 17    5   2.70711E+14
a  18   28 17    5   3.37064E+12
a  18   21 17    6   2.70711E+14
a  18   29 17    6   3.37064E+12
a  18   22 17    7   2.70711E+14
a  18   30 17    7   3.37064E+12
a  18   23 17    8   2.70711E+14
a  18   31 17    8   3.37064E+12
a  18   24 17   16   1.30061E+14
a  18   25 17   16   1.87376E+12
a  18   26 17   16   5.20880E+11
a  18   27 17   16   1.90304E+11
a  18   28 17   16   8.80480E+10
a  18   29 17   16   4.51600E+10
a  18   30 17   16   2.50604E+10
a  18   31 17   16   1.47980E+10
a  18   25 17   17   1.15610E+14
a  18   26 17   18   1.15610E+14
a  18   27 17   19   1.15610E+14
a  18   28 17   20   1.15610E+14
a  18   29 17   21   1.15610E+14
a  18   30 17   22   1.15610E+14
a  18   31 17   23   1.15610E+14
b  19    1 19    2  99  1.31938E-01  1.12792E+00 -1.85984E+01  1.79109E+02  2.00000E+01  2.17080E+00  2.17080E+00
b  19    1 19    3  99  1.47607E-01  1.19731E+00 -2.07167E+01  2.12638E+02  2.00000E+01  8.22510E-01  8.22510E-01
b  19    2 19    3  99  2.13902E-01  1.85192E-01  1.55070E+00 -7.56405E-01  2.74155E+00  7.48800E-01  7.48800E-01
b  19    1 19    4  99  1.77806E-01  1.43177E+00 -2.55128E+01  2.67591E+02  2.00000E+01  3.56400E-01  3.56400E-01
b  19    2 19    4  99  3.14588E-01  6.96437E-01  1.48667E+00 -4.98454E-01  2.06365E+00  1.19500E-01  1.19500E-01
b  19    3 19    4  99  2.56999E-01  1.88624E-01  2.33797E+00 -1.32468E+00  3.33832E+00  9.88700E-01  9.88700E-01
b  19    1 19    5  99  1.76268E-01  1.41322E+00 -2.51008E+01  2.66173E+02  2.00000E+01  2.06910E-01  2.06910E-01
b  19    2 19    5  99  3.43323E-01  9.12561E-01  1.60407E+00 -5.50047E-01  2.06404E+00  4.77900E-02  4.77900E-02
b  19    3 19    5  99  2.93801E-01  7.21377E-01  1.99270E+00 -9.45736E-01  2.85592E+00  1.61800E-01  1.61800E-01
b  19    4 19    5  99  2.41442E-01  2.30745E-01  2.24304E+00 -3.38576E-01  4.02177E+00  1.28300E+00  1.28300E+00
b  19    1 19    6  99  1.35263E-01  1.46174E+00 -1.84778E+01  1.08125E+02  2.00000E+01  1.31400E-01  1.31400E-01
b  19    2 19    6  99  3.57619E-01  1.05216E+00  1.64344E+00 -5.67935E-01  2.04964E+00  2.50300E-02  2.50300E-02
b  19    3 19    6  99  3.29118E-01  1.00948E+00  2.31204E+00 -1.17442E+00  2.97922E+00  6.00400E-02  6.00400E-02
b  19    4 19    6  99  2.93750E-01  7.08140E-01  2.54795E+00 -1.48950E+00  3.50275E+00  1.99300E-01  1.99300E-01
b  19    5 19    6  99  2.28823E-01  2.70989E-01  2.06180E+00 -3.28151E-01  3.99311E+00  1.52700E+00  1.52700E+00
b  19    1 19    7  99  1.33583E-01  1.45846E+00 -1.81590E+01  1.03254E+02  2.00000E+01  8.89290E-02  8.89290E-02
b  19    2 19    7  99  3.78221E-01  1.09693E+00  1.95114E+00 -7.60207E-01  2.23010E+00  1.51100E-02  1.51100E-02
b  19    3 19    7  99  3.46430E-01  1.23205E+00  2.35659E+00 -1.18096E+00  2.97175E+00  3.02800E-02  3.02800E-02
b  19    4 19    7  99  3.23078E-01  1.08755E+00  2.66160E+00 -1.47667E+00  3.52347E+00  7.11700E-02  7.11700E-02
b  19    5 19    7  99  2.80851E-01  7.59059E-01  2.44304E+00 -2.71360E-01  4.20194E+00  2.32000E-01  2.32000E-01
b  19    6 19    7  99  2.19995E-01  2.95941E-01  1.93328E+00 -3.01156E-01  3.97812E+00  1.75300E+00  1.75300E+00
b  19    1 19    8  99  1.32942E-01  1.45227E+00 -1.78430E+01  9.97003E+01  2.00000E+01  6.30810E-02  6.30810E-02
b  19    2 19    8  99  3.83765E-01  1.16606E+00  1.94356E+00 -7.69440E-01  2.18238E+00  9.95100E-03  9.95100E-03
b  19    3 19    8  99  3.57501E-01  1.39658E+00  2.35100E+00 -1.12609E+00  2.94564E+00  1.79000E-02  1.79000E-02
b  19    4 19    8  99  3.41710E-01  1.37800E+00  2.68733E+00 -1.47611E+00  3.49802E+00  3.50500E-02  3.50500E-02
b  19    5 19    8  99  3.10910E-01  1.18617E+00  2.43595E+00 -1.35552E+00  3.47590E+00  8.10100E-02  8.10100E-02
b  19    6 19    8  99  2.71621E-01  7.85214E-01  2.30134E+00 -8.47677E-02  4.26256E+00  2.63600E-01  2.63600E-01
b  19    7 19    8  99  8.29542E-03  1.16082E-02  7.17197E-02 -1.14333E-02  3.95592E+00  5.09500E+01  5.09500E+01
b  19    1 19    9  98  0.00000E+00  0.00000E+00  0.00000E+00  0.00000E+00  0.00000E+00  1.05005E-01  2.10009E-03
b  19    2 19    9  99  1.31938E-01  1.12792E+00 -1.85984E+01  1.79109E+02  2.00000E+01  1.86930E+00  1.86930E+00
b  19    1 19   10  98  0.00000E+00  0.00000E+00  0.00000E+00  0.00000E+00  0.00000E+00  1.49549E-01  2.99098E-03
b  19    2 19   10  99  1.47607E-01  1.19731E+00 -2.07167E+01  2.12638E+02  2.00000E+01  7.31120E-01  7.31120E-01
b  19    3 19   10  99  1.31938E-01  1.12792E+00 -1.85984E+01  1.79109E+02  2.00000E+01  1.92960E+00  1.92960E+00
b  19    9 19   10  99  2.13902E-01  1.85192E-01  1.55070E+00 -7.56405E-01  2.74155E+00  1.49760E+00  1.49760E+00
b  19    1 19   11  98  0.00000E+00  0.00000E+00  0.00000E+00  0.00000E+00  0.00000E+00  2.00556E-01  4.01113E-03
b  19    2 19   11  99  1.77806E-01  1.43177E+00 -2.55128E+01  2.67591E+02  2.00000E+01  3.16800E-01  3.16800E-01
b  19    4 19   11  99  1.31938E-01  1.12792E+00 -1.85984E+01  1.79109E+02  2.00000E+01  1.92960E+00  1.92960E+00
b  19    9 19   11  99  3.14588E-01  6.96437E-01  1.48667E+00 -4.98454E-01  2.06365E+00  2.39000E-01  2.39000E-01
b  19   10 19   11  99  2.56999E-01  1.88624E-01  2.33797E+00 -1.32468E+00  3.33832E+00  9.88700E-01  9.88700E-01
b  19    1 19   12  98  0.00000E+00  0.00000E+00  0.00000E+00  0.00000E+00  0.00000E+00  2.60537E-01  5.21074E-03
b  19    2 19   12  99  1.76268E-01  1.41322E+00 -2.51008E+01  2.66173E+02  2.00000E+01  1.83920E-01  1.83920E-01
b  19    5 19   12  99  1.31938E-01  1.12792E+00 -1.85984E+01  1.79109E+02  2.00000E+01  1.92960E+00  1.92960E+00
b  19    9 19   12  99  3.43323E-01  9.12561E-01  1.60407E+00 -5.50047E-01  2.06404E+00  9.55800E-02  9.55800E-02
b  19   10 19   12  99  2.93801E-01  7.21377E-01  1.99270E+00 -9.45736E-01  2.85592E+00  1.61800E-01  1.61800E-01
b  19   11 19   12  99  2.41442E-01  2.30745E-01  2.24304E+00 -3.38576E-01  4.02177E+00  1.28300E+00  1.28300E+00
b  19    1 19   13  98  0.00000E+00  0.00000E+00  0.00000E+00  0.00000E+00  0.00000E+00  3.29900E-01  6.59801E-03
b  19    2 19   13  99  1.35263E-01  1.46174E+00 -1.84778E+01  1.08125E+02  2.00000E+01  1.16800E-01  1.16800E-01
b  19    6 19   13  99  1.31938E-01  1.12792E+00 -1.85984E+01  1.79109E+02  2.00000E+01  1.92960E+00  1.92960E+00
b  19    9 19   13  99  3.57619E-01  1.05216E+00  1.64344E+00 -5.67935E-01  2.04964E+00  5.00600E-02  5.00600E-02
b  19   10 19   13  99  3.29118E-01  1.00948E+00  2.31204E+00 -1.17442E+00  2.97922E+00  6.00400E-02  6.00400E-02
b  19   11 19   13  99  2.93750E-01  7.08140E-01  2.54795E+00 -1.48950E+00  3.50275E+00  1.99300E-01  1.99300E-01
b  19   12 19   13  99  2.28823E-01  2.70989E-01  2.06180E+00 -3.28151E-01  3.99311E+00  1.52700E+00  1.52700E+00
b  19    1 19   14  98  0.00000E+00  0.00000E+00  0.00000E+00  0.00000E+00  0.00000E+00  4.09683E-01  8.19365E-03
b  19    2 19   14  99  1.33583E-01  1.45846E+00 -1.81590E+01  1.03254E+02  2.00000E+01  7.90480E-02  7.90480E-02
b  19    7 19   14  99  1.31938E-01  1.12792E+00 -1.85984E+01  1.79109E+02  2.00000E+01  1.92960E+00  1.92960E+00
b  19    9 19   14  99  3.78221E-01  1.09693E+00  1.95114E+00 -7.60207E-01  2.23010E+00  3.02200E-02  3.02200E-02
b  19   10 19   14  99  3.46430E-01  1.23205E+00  2.35659E+00 -1.18096E+00  2.97175E+00  3.02800E-02  3.02800E-02
b  19   11 19   14  99  3.23078E-01  1.08755E+00  2.66160E+00 -1.47667E+00  3.52347E+00  7.11700E-02  7.11700E-02
b  19   12 19   14  99  2.80851E-01  7.59059E-01  2.44304E+00 -2.71360E-01  4.20194E+00  2.32000E-01  2.32000E-01
b  19   13 19   14  99  2.19995E-01  2.95941E-01  1.93328E+00 -3.01156E-01  3.97812E+00  1.75300E+00  1.75300E+00
b  19    1 19   15  98  0.00000E+00  0.00000E+00  0.00000E+00  0.00000E+00  0.00000E+00  4.98572E-01  9.97144E-03
b  19    2 19   15  99  1.32942E-01  1.45227E+00 -1.78430E+01  9.97003E+01  2.00000E+01  5.60720E-02  5.60720E-02
b  19    8 19   15  99  1.31938E-01  1.12792E+00 -1.85984E+01  1.79109E+02  2.00000E+01  1.92960E+00  1.92960E+00
b  19    9 19   15  99  3.83765E-01  1.16606E+00  1.94356E+00 -7.69440E-01  2.18238E+00  1.99020E-02  1.99020E-02
b  19   10 19   15  99  3.57501E-01  1.39658E+00  2.35100E+00 -1.12609E+00  2.94564E+00  1.79000E-02  1.79000E-02
b  19   11 19   15  99  3.41710E-01  1.37800E+00  2.68733E+00 -1.47611E+00  3.49802E+00  3.50500E-02  3.50500E-02
b  19   12 19   15  99  3.10910E-01  1.18617E+00  2.43595E+00 -1.35552E+00  3.47590E+00  8.10100E-02  8.10100E-02
b  19   13 19   15  99  2.71621E-01  7.85214E-01  2.30134E+00 -8.47677E-02  4.26256E+00  2.63600E-01  2.63600E-01
b  19   14 19   15  99  8.29542E-03  1.16082E-02  7.17197E-02 -1.14333E-02  3.95592E+00  5.09500E+01  5.09500E+01
b  19    1 19   16  99  1.37720E-01  2.00799E+00 -6.58332E+01  6.83488E+02  2.00000E+01  1.00120E+00  1.00120E+00
b  19    1 19   17  99  1.20923E-01  1.87384E+00 -5.55208E+01  5.26164E+02  2.00000E+01  3.73280E-01  3.73280E-01
b  19    2 19   17  99  1.37720E-01  2.00799E+00 -6.58332E+01  6.83488E+02  2.00000E+01  1.11244E+00  1.11244E+00
b  19   16 19   17  99  1.31938E-01  1.12792E+00 -1.85984E+01  1.79109E+02  2.00000E+01  2.41200E+00  2.41200E+00
b  19    1 19   18  99  1.18878E-01  1.87036E+00 -5.34638E+01  4.88359E+02  2.00000E+01  1.59760E-01  1.59760E-01
b  19    3 19   18  99  1.37720E-01  2.00799E+00 -6.58332E+01  6.83488E+02  2.00000E+01  1.11244E+00  1.11244E+00
b  19   16 19   18  99  1.47607E-01  1.19731E+00 -2.07167E+01  2.12638E+02  2.00000E+01  9.13900E-01  9.13900E-01
b  19   17 19   18  99  2.13902E-01  1.85192E-01  1.55070E+00 -7.56405E-01  2.74155E+00  7.48800E-01  7.48800E-01
b  19    1 19   19  99  1.22448E-01  2.01286E+00 -5.59649E+01  4.89903E+02  2.00000E+01  7.86240E-02  7.86240E-02
b  19    4 19   19  99  1.37720E-01  2.00799E+00 -6.58332E+01  6.83488E+02  2.00000E+01  1.11244E+00  1.11244E+00
b  19   16 19   19  99  1.77806E-01  1.43177E+00 -2.55128E+01  2.67591E+02  2.00000E+01  3.96000E-01  3.96000E-01
b  19   17 19   19  99  3.14588E-01  6.96437E-01  1.48667E+00 -4.98454E-01  2.06365E+00  1.19500E-01  1.19500E-01
b  19   18 19   19  99  2.56999E-01  1.88624E-01  2.33797E+00 -1.32468E+00  3.33832E+00  9.88700E-01  9.88700E-01
b  19    1 19   20  99  1.20069E-01  1.97476E+00 -5.45101E+01  4.73354E+02  2.00000E+01  4.66960E-02  4.66960E-02
b  19    5 19   20  99  1.37720E-01  2.00799E+00 -6.58332E+01  6.83488E+02  2.00000E+01  1.11244E+00  1.11244E+00
b  19   16 19   20  99  1.76268E-01  1.41322E+00 -2.51008E+01  2.66173E+02  2.00000E+01  2.29900E-01  2.29900E-01
b  19   17 19   20  99  3.43323E-01  9.12561E-01  1.60407E+00 -5.50047E-01  2.06404E+00  4.77900E-02  4.77900E-02
b  19   18 19   20  99  2.93801E-01  7.21377E-01  1.99270E+00 -9.45736E-01  2.85592E+00  1.61800E-01  1.61800E-01
b  19   19 19   20  99  2.41442E-01  2.30745E-01  2.24304E+00 -3.38576E-01  4.02177E+00  1.28300E+00  1.28300E+00
b  19    1 19   21  99  1.17877E-01  1.94965E+00 -5.33916E+01  4.59215E+02  2.00000E+01  3.00480E-02  3.00480E-02
b  19    6 19   21  99  1.37720E-01  2.00799E+00 -6.58332E+01  6.83488E+02  2.00000E+01  1.11244E+00  1.11244E+00
b  19   16 19   21  99  1.35263E-01  1.46174E+00 -1.84778E+01  1.08125E+02  2.00000E+01  1.46000E-01  1.46000E-01
b  19   17 19   21  99  3.57619E-01  1.05216E+00  1.64344E+00 -5.67935E-01  2.04964E+00  2.50300E-02  2.50300E-02
b  19   18 19   21  99  3.29118E-01  1.00948E+00  2.31204E+00 -1.17442E+00  2.97922E+00  6.00400E-02  6.00400E-02
b  19   19 19   21  99  2.93750E-01  7.08140E-01  2.54795E+00 -1.48950E+00  3.50275E+00  1.99300E-01  1.99300E-01
b  19   20 19   21  99  2.28823E-01  2.70989E-01  2.06180E+00 -3.28151E-01  3.99311E+00  1.52700E+00  1.52700E+00
b  19    1 19   22  99  1.16841E-01  1.93223E+00 -5.27157E+01  4.51463E+02  2.00000E+01  2.04800E-02  2.04800E-02
b  19    7 19   22  99  1.37720E-01  2.00799E+00 -6.58332E+01  6.83488E+02  2.00000E+01  1.11244E+00  1.11244E+00
b  19   16 19   22  99  1.33583E-01  1.45846E+00 -1.81590E+01  1.03254E+02  2.00000E+01  9.88100E-02  9.88100E-02
b  19   17 19   22  99  3.78221E-01  1.09693E+00  1.95114E+00 -7.60207E-01  2.23010E+00  1.51100E-02  1.51100E-02
b  19   18 19   22  99  3.46430E-01  1.23205E+00  2.35659E+00 -1.18096E+00  2.97175E+00  3.02800E-02  3.02800E-02
b  19   19 19   22  99  3.23078E-01  1.08755E+00  2.66160E+00 -1.47667E+00  3.52347E+00  7.11700E-02  7.11700E-02
b  19   20 19   22  99  2.80851E-01  7.59059E-01  2.44304E+00 -2.71360E-01  4.20194E+00  2.32000E-01  2.32000E-01
b  19   21 19   22  99  2.19995E-01  2.95941E-01  1.93328E+00 -3.01156E-01  3.97812E+00  1.75300E+00  1.75300E+00
b  19    1 19   23  99  1.15888E-01  1.91938E+00 -5.21716E+01  4.44811E+02  2.00000E+01  1.45840E-02  1.45840E-02
b  19    8 19   23  99  1.37720E-01  2.00799E+00 -6.58332E+01  6.83488E+02  2.00000E+01  1.11244E+00  1.11244E+00
b  19   16 19   23  99  1.32942E-01  1.45227E+00 -1.78430E+01  9.97003E+01  2.00000E+01  7.00900E-02  7.00900E-02
b  19   17 19   23  99  3.83765E-01  1.16606E+00  1.94356E+00 -7.69440E-01  2.18238E+00  9.95100E-03  9.95100E-03
b  19   18 19   23  99  3.57501E-01  1.39658E+00  2.35100E+00 -1.12609E+00  2.94564E+00  1.79000E-02  1.79000E-02
b  19   19 19   23  99  3.41710E-01  1.37800E+00  2.68733E+00 -1.47611E+00  3.49802E+00  3.50500E-02  3.50500E-02
b  19   20 19   23  99  3.10910E-01  1.18617E+00  2.43595E+00 -1.35552E+00  3.47590E+00  8.10100E-02  8.10100E-02
b  19   21 19   23  99  2.71621E-01  7.85214E-01  2.30134E+00 -8.47677E-02  4.26256E+00  2.63600E-01  2.63600E-01
b  19   22 19   23  99  8.29542E-03  1.16082E-02  7.17197E-02 -1.14333E-02  3.95592E+00  5.09500E+01  5.09500E+01
b  19    1 19   24  99  2.19797E-01  1.06091E+00 -1.25677E+01  4.87922E+01  5.48673E+00  3.43800E-02  3.43800E-02
b  19   16 19   24  99  2.63963E-01  7.23719E-01 -9.69715E+00  4.07438E+01  4.94672E+00  7.40000E-02  7.40000E-02
b  19    1 19   25  99  2.08230E-01  1.33049E+00 -1.54621E+01  5.85361E+01  5.90415E+00  1.37700E-02  1.37700E-02
b  19    2 19   25  99  2.19797E-01  1.06091E+00 -1.25677E+01  4.87922E+01  5.48673E+00  3.82000E-02  3.82000E-02
b  19   17 19   25  99  2.63963E-01  7.23719E-01 -9.69715E+00  4.07438E+01  4.94672E+00  7.40000E-02  7.40000E-02
b  19   24 19   25  99  1.31938E-01  1.12792E+00 -1.85984E+01  1.79109E+02  2.00000E+01  2.41200E+00  2.41200E+00
b  19    1 19   26  99  2.06783E-01  1.31665E+00 -1.52381E+01  5.74900E+01  5.87951E+00  5.82800E-03  5.82800E-03
b  19    3 19   26  99  2.19797E-01  1.06091E+00 -1.25677E+01  4.87922E+01  5.48673E+00  3.82000E-02  3.82000E-02
b  19   18 19   26  99  2.63963E-01  7.23719E-01 -9.69715E+00  4.07438E+01  4.94672E+00  7.40000E-02  7.40000E-02
b  19   24 19   26  99  1.47607E-01  1.19731E+00 -2.07167E+01  2.12638E+02  2.00000E+01  9.13900E-01  9.13900E-01
b  19   25 19   26  99  2.13902E-01  1.85192E-01  1.55070E+00 -7.56405E-01  2.74155E+00  7.48800E-01  7.48800E-01
b  19    1 19   27  99  2.05099E-01  1.43009E+00 -1.68504E+01  6.38373E+01  6.07550E+00  2.88600E-03  2.88600E-03
b  19    4 19   27  99  2.19797E-01  1.06091E+00 -1.25677E+01  4.87922E+01  5.48673E+00  3.82000E-02  3.82000E-02
b  19   19 19   27  99  2.63963E-01  7.23719E-01 -9.69715E+00  4.07438E+01  4.94672E+00  7.40000E-02  7.40000E-02
b  19   24 19   27  99  1.77806E-01  1.43177E+00 -2.55128E+01  2.67591E+02  2.00000E+01  3.96000E-01  3.96000E-01
b  19   25 19   27  99  3.14588E-01  6.96437E-01  1.48667E+00 -4.98454E-01  2.06365E+00  1.19500E-01  1.19500E-01
b  19   26 19   27  99  2.56999E-01  1.88624E-01  2.33797E+00 -1.32468E+00  3.33832E+00  9.88700E-01  9.88700E-01
b  19    1 19   28  99  1.99340E-01  1.42237E+00 -1.68878E+01  6.42816E+01  6.15042E+00  1.69100E-03  1.69100E-03
b  19    5 19   28  99  2.19797E-01  1.06091E+00 -1.25677E+01  4.87922E+01  5.48673E+00  3.82000E-02  3.82000E-02
b  19   20 19   28  99  2.63963E-01  7.23719E-01 -9.69715E+00  4.07438E+01  4.94672E+00  7.40000E-02  7.40000E-02
b  19   24 19   28  99  1.76268E-01  1.41322E+00 -2.51008E+01  2.66173E+02  2.00000E+01  2.29900E-01  2.29900E-01
b  19   25 19   28  99  3.43323E-01  9.12561E-01  1.60407E+00 -5.50047E-01  2.06404E+00  4.77900E-02  4.77900E-02
b  19   26 19   28  99  2.93801E-01  7.21377E-01  1.99270E+00 -9.45736E-01  2.85592E+00  1.61800E-01  1.61800E-01
b  19   27 19   28  99  2.41442E-01  2.30745E-01  2.24304E+00 -3.38576E-01  4.02177E+00  1.28300E+00  1.28300E+00
b  19    1 19   29  99  1.96779E-01  1.40637E+00 -1.66582E+01  6.32666E+01  6.13793E+00  1.07520E-03  1.07520E-03
b  19    6 19   29  99  2.19797E-01  1.06091E+00 -1.25677E+01  4.87922E+01  5.48673E+00  3.82000E-02  3.82000E-02
b  19   21 19   29  99  2.63963E-01  7.23719E-01 -9.69715E+00  4.07438E+01  4.94672E+00  7.40000E-02  7.40000E-02
b  19   24 19   29  99  1.35263E-01  1.46174E+00 -1.84778E+01  1.08125E+02  2.00000E+01  1.46000E-01  1.46000E-01
b  19   25 19   29  99  3.57619E-01  1.05216E+00  1.64344E+00 -5.67935E-01  2.04964E+00  2.50300E-02  2.50300E-02
b  19   26 19   29  99  3.29118E-01  1.00948E+00  2.31204E+00 -1.17442E+00  2.97922E+00  6.00400E-02  6.00400E-02
b  19   27 19   29  99  2.93750E-01  7.08140E-01  2.54795E+00 -1.48950E+00  3.50275E+00  1.99300E-01  1.99300E-01
b  19   28 19   29  99  2.28823E-01  2.70989E-01  2.06180E+00 -3.28151E-01  3.99311E+00  1.52700E+00  1.52700E+00
b  19    1 19   30  99  1.96268E-01  1.39116E+00 -1.64731E+01  6.25789E+01  6.12474E+00  7.25600E-04  7.25600E-04
b  19    7 19   30  99  2.19797E-01  1.06091E+00 -1.25677E+01  4.87922E+01  5.48673E+00  3.82000E-02  3.82000E-02
b  19   22 19   30  99  2.63963E-01  7.23719E-01 -9.69715E+00  4.07438E+01  4.94672E+00  7.40000E-02  7.40000E-02
b  19   24 19   30  99  1.33583E-01  1.45846E+00 -1.81590E+01  1.03254E+02  2.00000E+01  9.88100E-02  9.88100E-02
b  19   25 19   30  99  3.78221E-01  1.09693E+00  1.95114E+00 -7.60207E-01  2.23010E+00  1.51100E-02  1.51100E-02
b  19   26 19   30  99  3.46430E-01  1.23205E+00  2.35659E+00 -1.18096E+00  2.97175E+00  3.02800E-02  3.02800E-02
b  19   27 19   30  99  3.23078E-01  1.08755E+00  2.66160E+00 -1.47667E+00  3.52347E+00  7.11700E-02  7.11700E-02
b  19   28 19   30  99  2.80851E-01  7.59059E-01  2.44304E+00 -2.71360E-01  4.20194E+00  2.32000E-01  2.32000E-01
b  19   29 19   30  99  2.19995E-01  2.95941E-01  1.93328E+00 -3.01156E-01  3.97812E+00  1.75300E+00  1.75300E+00
b  19    1 19   31  99  1.98150E-01  1.36379E+00 -1.60328E+01  6.06484E+01  6.03824E+00  5.12200E-04  5.12200E-04
b  19    8 19   31  99  2.19797E-01  1.06091E+00 -1.25677E+01  4.87922E+01  5.48673E+00  3.82000E-02  3.82000E-02
b  19   23 19   31  99  2.63963E-01  7.23719E-01 -9.69715E+00  4.07438E+01  4.94672E+00  7.40000E-02  7.40000E-02
b  19   24 19   31  99  1.32942E-01  1.45227E+00 -1.78430E+01  9.97003E+01  2.00000E+01  7.00900E-02  7.00900E-02
b  19   25 19   31  99  3.83765E-01  1.16606E+00  1.94356E+00 -7.69440E-01  2.18238E+00  9.95100E-03  9.95100E-03
b  19   26 19   31  99  3.57501E-01  1.39658E+00  2.35100E+00 -1.12609E+00  2.94564E+00  1.79000E-02  1.79000E-02
b  19   27 19   31  99  3.41710E-01  1.37800E+00  2.68733E+00 -1.47611E+00  3.49802E+00  3.50500E-02  3.50500E-02
b  19   28 19   31  99  3.10910E-01  1.18617E+00  2.43595E+00 -1.35552E+00  3.47590E+00  8.10100E-02  8.10100E-02
b  19   29 19   31  99  2.71621E-01  7.85214E-01  2.30134E+00 -8.47677E-02  4.26256E+00  2.63600E-01  2.63600E-01
b  19   30 19   31  99  8.29542E-03  1.16082E-02  7.17197E-02 -1.14333E-02  3.95592E+00  5.09500E+01  5.09500E+01
f  19    1 18    1  99  9.00000E+00  1.30800E+01
p  19    1 18    1  98  1.24550E+00 -2.10700E+00 -1.36540E-01  7.42610E-03  9.00000E+00  2.00300E+02  2.08300E+02  4.00600E+03
f  19    2 18    1  99  1.00000E+00  7.90760E+00
p  19    2 18    1  99  1.00000E+00  7.90760E+00
f  19    3 18    1  99  1.00000E+00  7.18600E+00
p  19    3 18    1  99  1.00000E+00  7.18600E+00
f  19    4 18    1  99  1.00000E+00  7.24600E+00
p  19    4 18    1  99  1.00000E+00  7.24600E+00
f  19    5 18    1  99  1.00000E+00  7.19400E+00
p  19    5 18    1  99  1.00000E+00  7.19400E+00
f  19    6 18    1  99  1.00000E+00  7.08820E+00
p  19    6 18    1  99  1.00000E+00  7.08820E+00
f  19    7 18    1  99  1.00000E+00  7.07220E+00
p  19    7 18    1  99  1.00000E+00  7.07220E+00
f  19    8 18    1  99  1.00000E+00  7.00180E+00
p  19    8 18    1  99  1.00000E+00  7.00180E+00
f  19    2 18    2  99  8.00000E+00  7.90760E+00
p  19    2 18    2  98  1.24550E+00 -2.10700E+00 -1.36540E-01  7.42610E-03  9.00000E+00  2.00300E+02  2.08300E+02  4.00600E+03
f  19    9 18    2  99  2.00000E+00  8.46810E+00
p  19    9 18    2  99  2.00000E+00  8.46810E+00
f  19   10 18    2  99  1.00000E+00  7.24560E+00
p  19   10 18    2  99  1.00000E+00  7.24560E+00
f  19   11 18    2  99  1.00000E+00  7.26800E+00
p  19   11 18    2  99  1.00000E+00  7.26800E+00
f  19   12 18    2  99  1.00000E+00  7.20500E+00
p  19   12 18    2  99  1.00000E+00  7.20500E+00
f  19   13 18    2  99  1.00000E+00  7.09520E+00
p  19   13 18    2  99  1.00000E+00  7.09520E+00
f  19   14 18    2  99  1.00000E+00  7.07820E+00
p  19   14 18    2  99  1.00000E+00  7.07820E+00
f  19   15 18    2  99  1.00000E+00  7.01170E+00
p  19   15 18    2  99  1.00000E+00  7.01170E+00
f  19    3 18    3  99  8.00000E+00  7.18600E+00
p  19    3 18    3  98  1.24550E+00 -2.10700E+00 -1.36540E-01  7.42610E-03  9.00000E+00  2.00300E+02  2.08300E+02  4.00600E+03
f  19   10 18    3  99  1.00000E+00  7.24560E+00
p  19   10 18    3  99  1.00000E+00  7.24560E+00
f  19    4 18    4  99  8.00000E+00  7.24600E+00
p  19    4 18    4  98  1.24550E+00 -2.10700E+00 -1.36540E-01  7.42610E-03  9.00000E+00  2.00300E+02  2.08300E+02  4.00600E+03
f  19   11 18    4  99  1.00000E+00  7.26800E+00
p  19   11 18    4  99  1.00000E+00  7.26800E+00
f  19    5 18    5  99  8.00000E+00  7.19400E+00
p  19    5 18    5  98  1.24550E+00 -2.10700E+00 -1.36540E-01  7.42610E-03  9.00000E+00  2.00300E+02  2.08300E+02  4.00600E+03
f  19   12 18    5  99  1.00000E+00  7.20500E+00
p  19   12 18    5  99  1.00000E+00  7.20500E+00
f  19    6 18    6  99  8.00000E+00  7.08820E+00
p  19    6 18    6  98  1.24550E+00 -2.10700E+00 -1.36540E-01  7.42610E-03  9.00000E+00  2.00300E+02  2.08300E+02  4.00600E+03
f  19   13 18    6  99  1.00000E+00  7.09520E+00
p  19   13 18    6  99  1.00000E+00  7.09520E+00
f  19    7 18    7  99  8.00000E+00  7.07220E+00
p  19    7 18    7  98  1.24550E+00 -2.10700E+00 -1.36540E-01  7.42610E-03  9.00000E+00  2.00300E+02  2.08300E+02  4.00600E+03
f  19   14 18    7  99  1.00000E+00  7.07820E+00
p  19   14 18    7  99  1.00000E+00  7.07820E+00
f  19    8 18    8  99  8.00000E+00  7.00180E+00
p  19    8 18    8  98  1.24550E+00 -2.10700E+00 -1.36540E-01  7.42610E-03  9.00000E+00  2.00300E+02  2.08300E+02  4.00600E+03
f  19   15 18    8  99  1.00000E+00  7.01170E+00
p  19   15 18    8  99  1.00000E+00  7.01170E+00
f  19    9 18    9  99  7.00000E+00  8.46810E+00
p  19    9 18    9  98  1.24550E+00 -2.10700E+00 -1.36540E-01  7.42610E-03  9.00000E+00  2.00300E+02  2.08300E+02  4.00600E+03
f  19   10 18   10  99  7.00000E+00  7.24560E+00
p  19   10 18   10  98  1.24550E+00 -2.10700E+00 -1.36540E-01  7.42610E-03  9.00000E+00  2.00300E+02  2.08300E+02  4.00600E+03
f  19   11 18   11  99  7.00000E+00  7.26800E+00
p  19   11 18   11  98  1.24550E+00 -2.10700E+00 -1.36540E-01  7.42610E-03  9.00000E+00  2.00300E+02  2.08300E+02  4.00600E+03
f  19   12 18   12  99  7.00000E+00  7.20500E+00
p  19   12 18   12  98  1.24550E+00 -2.10700E+00 -1.36540E-01  7.42610E-03  9.00000E+00  2.00300E+02  2.08300E+02  4.00600E+03
f  19   13 18   13  99  7.00000E+00  7.09520E+00
p  19   13 18   13  98  1.24550E+00 -2.10700E+00 -1.36540E-01  7.42610E-03  9.00000E+00  2.00300E+02  2.08300E+02  4.00600E+03
f  19   14 18   14  99  7.00000E+00  7.07820E+00
p  19   14 18   14  98  1.24550E+00 -2.10700E+00 -1.36540E-01  7.42610E-03  9.00000E+00  2.00300E+02  2.08300E+02  4.00600E+03
f  19   15 18   15  99  7.00000E+00  7.01170E+00
p  19   15 18   15  98  1.24550E+00 -2.10700E+00 -1.36540E-01  7.42610E-03  9.00000E+00  2.00300E+02  2.08300E+02  4.00600E+03
f  19    1 18   16  99  8.00000E+00  1.30800E+01
p  19    1 18   16  98  1.98150E+00 -2.39610E+00 -1.57460E-01  1.63000E-02  8.00000E+00  8.89800E+02  9.25400E+02  1.78000E+04
f  19   16 18   16  99  1.00000E+01  1.36440E+01
p  19   16 18   16  98  1.24550E+00 -2.10700E+00 -1.36540E-01  7.42610E-03  9.00000E+00  2.00300E+02  2.08300E+02  4.00600E+03
f  19   17 18   16  99  1.00000E+00  7.96430E+00
p  19   17 18   16  99  1.00000E+00  7.96430E+00
f  19   18 18   16  99  1.00000E+00  7.20430E+00
p  19   18 18   16  99  1.00000E+00  7.20430E+00
f  19   19 18   16  99  1.00000E+00  7.25200E+00
p  19   19 18   16  99  1.00000E+00  7.25200E+00
f  19   20 18   16  99  1.00000E+00  7.19800E+00
p  19   20 18   16  99  1.00000E+00  7.19800E+00
f  19   21 18   16  99  1.00000E+00  7.09720E+00
p  19   21 18   16  99  1.00000E+00  7.09720E+00
f  19   22 18   16  99  1.00000E+00  7.07920E+00
p  19   22 18   16  99  1.00000E+00  7.07920E+00
f  19   23 18   16  99  1.00000E+00  7.00180E+00
p  19   23 18   16  99  1.00000E+00  7.00180E+00
f  19    2 18   17  99  8.00000E+00  7.90760E+00
p  19    2 18   17  98  1.98150E+00 -2.39610E+00 -1.57460E-01  1.63000E-02  8.00000E+00  8.89800E+02  9.25400E+02  1.78000E+04
f  19   17 18   17  99  9.00000E+00  7.96430E+00
p  19   17 18   17  98  1.24550E+00 -2.10700E+00 -1.36540E-01  7.42610E-03  9.00000E+00  2.00300E+02  2.08300E+02  4.00600E+03
f  19    3 18   18  99  8.00000E+00  7.18600E+00
p  19    3 18   18  98  1.98150E+00 -2.39610E+00 -1.57460E-01  1.63000E-02  8.00000E+00  8.89800E+02  9.25400E+02  1.78000E+04
f  19   18 18   18  99  9.00000E+00  7.20430E+00
p  19   18 18   18  98  1.24550E+00 -2.10700E+00 -1.36540E-01  7.42610E-03  9.00000E+00  2.00300E+02  2.08300E+02  4.00600E+03
f  19    4 18   19  99  8.00000E+00  7.24600E+00
p  19    4 18   19  98  1.98150E+00 -2.39610E+00 -1.57460E-01  1.63000E-02  8.00000E+00  8.89800E+02  9.25400E+02  1.78000E+04
f  19   19 18   19  99  9.00000E+00  7.25200E+00
p  19   19 18   19  98  1.24550E+00 -2.10700E+00 -1.36540E-01  7.42610E-03  9.00000E+00  2.00300E+02  2.08300E+02  4.00600E+03
f  19    5 18   20  99  8.00000E+00  7.19400E+00
p  19    5 18   20  98  1.98150E+00 -2.39610E+00 -1.57460E-01  1.63000E-02  8.00000E+00  8.89800E+02  9.25400E+02  1.78000E+04
f  19   20 18   20  99  9.00000E+00  7.19800E+00
p  19   20 18   20  98  1.24550E+00 -2.10700E+00 -1.36540E-01  7.42610E-03  9.00000E+00  2.00300E+02  2.08300E+02  4.00600E+03
f  19    6 18   21  99  8.00000E+00  7.08820E+00
p  19    6 18   21  98  1.98150E+00 -2.39610E+00 -1.57460E-01  1.63000E-02  8.00000E+00  8.89800E+02  9.25400E+02  1.78000E+04
f  19   21 18   21  99  9.00000E+00  7.09720E+00
p  19   21 18   21  98  1.24550E+00 -2.10700E+00 -1.36540E-01  7.42610E-03  9.00000E+00  2.00300E+02  2.08300E+02  4.00600E+03
f  19    7 18   22  99  8.00000E+00  7.07220E+00
p  19    7 18   22  98  1.98150E+00 -2.39610E+00 -1.57460E-01  1.63000E-02  8.00000E+00  8.89800E+02  9.25400E+02  1.78000E+04
f  19   22 18   22  99  9.00000E+00  7.07920E+00
p  19   22 18   22  98  1.24550E+00 -2.10700E+00 -1.36540E-01  7.42610E-03  9.00000E+00  2.00300E+02  2.08300E+02  4.00600E+03
f  19    8 18   23  99  8.00000E+00  7.00180E+00
p  19    8 18   23  98  1.98150E+00 -2.39610E+00 -1.57460E-01  1.63000E-02  8.00000E+00  8.89800E+02  9.25400E+02  1.78000E+04
f  19   23 18   23  99  9.00000E+00  7.00180E+00
p  19   23 18   23  98  1.24550E+00 -2.10700E+00 -1.36540E-01  7.42610E-03  9.00000E+00  2.00300E+02  2.08300E+02  4.00600E+03
f  19    1 18   24  99  2.00000E+00  1.30800E+01
p  19    1 18   24  98  2.14350E+00 -2.50660E+00 -1.91970E-01  2.07720E-02  2.00000E+00  6.64500E+03  6.91100E+03  1.32900E+05
f  19   24 18   24  99  1.00000E+01  1.37240E+01
p  19   24 18   24  98  1.24550E+00 -2.10700E+00 -1.36540E-01  7.42610E-03  9.00000E+00  2.00300E+02  2.08300E+02  4.00600E+03
f  19   25 18   24  99  1.00000E+00  7.98750E+00
p  19   25 18   24  99  1.00000E+00  7.98750E+00
f  19   26 18   24  99  1.00000E+00  7.20340E+00
p  19   26 18   24  99  1.00000E+00  7.20340E+00
f  19   27 18   24  99  1.00000E+00  7.26100E+00
p  19   27 18   24  99  1.00000E+00  7.26100E+00
f  19   28 18   24  99  1.00000E+00  7.20700E+00
p  19   28 18   24  99  1.00000E+00  7.20700E+00
f  19   29 18   24  99  1.00000E+00  7.09810E+00
p  19   29 18   24  99  1.00000E+00  7.09810E+00
f  19   30 18   24  99  1.00000E+00  7.08010E+00
p  19   30 18   24  99  1.00000E+00  7.08010E+00
f  19   31 18   24  99  1.00000E+00  7.00180E+00
p  19   31 18   24  99  1.00000E+00  7.00180E+00
f  19    2 18   25  99  2.00000E+00  7.90760E+00
p  19    2 18   25  98  2.14350E+00 -2.50660E+00 -1.91970E-01  2.07720E-02  2.00000E+00  6.64500E+03  6.91100E+03  1.32900E+05
f  19   25 18   25  99  9.00000E+00  7.98750E+00
p  19   25 18   25  98  1.24550E+00 -2.10700E+00 -1.36540E-01  7.42610E-03  9.00000E+00  2.00300E+02  2.08300E+02  4.00600E+03
f  19    3 18   26  99  2.00000E+00  7.18600E+00
p  19    3 18   26  98  2.14350E+00 -2.50660E+00 -1.91970E-01  2.07720E-02  2.00000E+00  6.64500E+03  6.91100E+03  1.32900E+05
f  19   26 18   26  99  9.00000E+00  7.20340E+00
p  19   26 18   26  98  1.24550E+00 -2.10700E+00 -1.36540E-01  7.42610E-03  9.00000E+00  2.00300E+02  2.08300E+02  4.00600E+03
f  19    4 18   27  99  2.00000E+00  7.24600E+00
p  19    4 18   27  98  2.14350E+00 -2.50660E+00 -1.91970E-01  2.07720E-02  2.00000E+00  6.64500E+03  6.91100E+03  1.32900E+05
f  19   27 18   27  99  9.00000E+00  7.26100E+00
p  19   27 18   27  98  1.24550E+00 -2.10700E+00 -1.36540E-01  7.42610E-03  9.00000E+00  2.00300E+02  2.08300E+02  4.00600E+03
f  19    5 18   28  99  2.00000E+00  7.19400E+00
p  19    5 18   28  98  2.14350E+00 -2.50660E+00 -1.91970E-01  2.07720E-02  2.00000E+00  6.64500E+03  6.91100E+03  1.32900E+05
f  19   28 18   28  99  9.00000E+00  7.20700E+00
p  19   28 18   28  98  1.24550E+00 -2.10700E+00 -1.36540E-01  7.42610E-03  9.00000E+00  2.00300E+02  2.08300E+02  4.00600E+03
f  19    6 18   29  99  2.00000E+00  7.08820E+00
p  19    6 18   29  98  2.14350E+00 -2.50660E+00 -1.91970E-01  2.07720E-02  2.00000E+00  6.64500E+03  6.91100E+03  1.32900E+05
f  19   29 18   29  99  9.00000E+00  7.09810E+00
p  19   29 18   29  98  1.24550E+00 -2.10700E+00 -1.36540E-01  7.42610E-03  9.00000E+00  2.00300E+02  2.08300E+02  4.00600E+03
f  19    7 18   30  99  2.00000E+00  7.07220E+00
p  19    7 18   30  98  2.14350E+00 -2.50660E+00 -1.91970E-01  2.07720E-02  2.00000E+00  6.64500E+03  6.91100E+03  1.32900E+05
f  19   30 18   30  99  9.00000E+00  7.08010E+00
p  19   30 18   30  98  1.24550E+00 -2.10700E+00 -1.36540E-01  7.42610E-03  9.00000E+00  2.00300E+02  2.08300E+02  4.00600E+03
f  19    8 18   31  99  2.00000E+00  7.00180E+00
p  19    8 18   31  98  2.14350E+00 -2.50660E+00 -1.91970E-01  2.07720E-02  2.00000E+00  6.64500E+03  6.91100E+03  1.32900E+05
f  19   31 18   31  99  9.00000E+00  7.00180E+00
p  19   31 18   31  98  1.24550E+00 -2.10700E+00 -1.36540E-01  7.42610E-03  9.00000E+00  2.00300E+02  2.08300E+02  4.00600E+03
a  19    9 18    1   4.62067E+13
a  19   10 18    1   1.44467E+13
a  19   11 18    1   5.43156E+12
a  19   12 18    1   2.51298E+12
a  19   13 18    1   1.28893E+12
a  19   14 18    1   7.15275E+11
a  19   15 18    1   4.22369E+11
a  19   16 18    1   3.88260E+14
a  19   17 18    1   7.62041E+12
a  19   18 18    1   2.11062E+12
a  19   19 18    1   7.78275E+11
a  19   20 18    1   3.60079E+11
a  19   21 18    1   1.84690E+11
a  19   22 18    1   1.02489E+11
a  19   23 18    1   6.05205E+10
a  19   24 18    1   4.93605E+12
a  19   25 18    1   1.07829E+11
a  19   26 18    1   2.90686E+10
a  19   27 18    1   1.04364E+10
a  19   28 18    1   4.82850E+09
a  19   29 18    1   2.47666E+09
a  19   30 18    1   1.37434E+09
a  19   31 18    1   8.11530E+08
a  19   17 18    2   3.10608E+14
a  19   25 18    2   3.94884E+12
a  19   18 18    3   3.10608E+14
a  19   26 18    3   3.94884E+12
a  19   19 18    4   3.10608E+14
a  19   27 18    4   3.94884E+12
a  19   20 18    5   3.10608E+14
a  19   28 18    5   3.94884E+12
a  19   21 18    6   3.10608E+14
a  19   29 18    6   3.94884E+12
a  19   22 18    7   3.10608E+14
a  19   30 18    7   3.94884E+12
a  19   23 18    8   3.10608E+14
a  19   31 18    8   3.94884E+12
a  19   24 18   16   1.37572E+14
a  19   25 18   16   1.57408E+12
a  19   26 18   16   4.26400E+11
a  19   27 18   16   1.53552E+11
a  19   28 18   16   7.10440E+10
a  19   29 18   16   3.64384E+10
a  19   30 18   16   2.02208E+10
a  19   31 18   16   1.19400E+10
a  19   25 18   17   1.23815E+14
a  19   26 18   18   1.23815E+14
a  19   27 18   19   1.23815E+14
a  19   28 18   20   1.23815E+14
a  19   29 18   21   1.23815E+14
a  19   30 18   22   1.23815E+14
a  19   31 18   23   1.23815E+14
b  20    1 20    2  99  1.32571E-01  1.12874E+00 -1.76936E+01  1.73185E+02  2.00000E+01  1.87900E+00  1.87900E+00
b  20    1 20    3  99  1.41370E-01  1.20536E+00 -1.89952E+01  1.80996E+02  2.00000E+01  7.39700E-01  7.39700E-01
b  20    2 20    3  99  2.05421E-01  2.40479E-01  1.38581E+00 -6.41295E-01  2.67983E+00  7.50700E-01  7.50700E-01
b  20    1 20    4  99  1.87324E-01  1.51947E+00 -2.58463E+01  2.62949E+02  2.00000E+01  3.19600E-01  3.19600E-01
b  20    2 20    4  99  3.46221E-01  6.78351E-01  2.40283E+00 -1.14612E+00  2.82974E+00  1.07600E-01  1.07600E-01
b  20    3 20    4  99  2.47995E-01  2.43739E-01  2.14691E+00 -1.17657E+00  3.29619E+00  1.00600E+00  1.00600E+00
b  20    1 20    5  99  1.83184E-01  1.49305E+00 -2.53150E+01  2.57413E+02  2.00000E+01  1.89900E-01  1.89900E-01
b  20    2 20    5  99  3.44678E-01  1.10006E+00  1.51555E+00 -4.86821E-01  2.07279E+00  4.16100E-02  4.16100E-02
b  20    3 20    5  99  3.07207E-01  7.14964E-01  2.62203E+00 -1.47966E+00  3.46915E+00  1.55400E-01  1.55400E-01
b  20    4 20    5  99  2.34081E-01  2.75238E-01  2.09993E+00 -2.57298E-01  4.02549E+00  1.31200E+00  1.31200E+00
b  20    1 20    6  99  1.80353E-01  1.47629E+00 -2.49062E+01  2.52737E+02  2.00000E+01  1.22400E-01  1.22400E-01
b  20    2 20    6  99  3.60884E-01  1.27721E+00  1.53761E+00 -5.03221E-01  2.03138E+00  2.14800E-02  2.14800E-02
b  20    3 20    6  99  3.19329E-01  1.16037E+00  1.99688E+00 -9.38251E-01  2.85559E+00  5.62800E-02  5.62800E-02
b  20    4 20    6  99  2.86195E-01  7.72453E-01  2.46569E+00 -3.48219E-01  4.14195E+00  1.96300E-01  1.96300E-01
b  20    5 20    6  99  2.22993E-01  3.08184E-01  1.95308E+00 -3.14868E-01  3.97613E+00  1.55500E+00  1.55500E+00
b  20    1 20    7  99  1.80368E-01  1.45828E+00 -2.47226E+01  2.54436E+02  2.00000E+01  8.37100E-02  8.37100E-02
b  20    2 20    7  99  3.75989E-01  1.37153E+00  1.68068E+00 -5.89865E-01  2.10347E+00  1.28700E-02  1.28700E-02
b  20    3 20    7  99  3.43620E-01  1.39347E+00  2.18762E+00 -1.07722E+00  2.91308E+00  2.79700E-02  2.79700E-02
b  20    4 20    7  99  3.21324E-01  1.15257E+00  2.72211E+00 -1.67295E+00  3.62781E+00  6.90000E-02  6.90000E-02
b  20    5 20    7  99  2.74434E-01  8.09521E-01  2.31931E+00 -1.13613E-01  4.24744E+00  2.30200E-01  2.30200E-01
b  20    6 20    7  99  2.15538E-01  3.25513E-01  1.85557E+00 -3.05542E-01  3.96834E+00  1.77900E+00  1.77900E+00
b  20    1 20    8  99  1.77866E-01  1.45544E+00 -2.45547E+01  2.50727E+02  2.00000E+01  5.98100E-02  5.98100E-02
b  20    2 20    8  99  3.82192E-01  1.45609E+00  1.67430E+00 -5.91053E-01  2.06627E+00  8.44300E-03  8.44300E-03
b  20    3 20    8  99  3.66556E-01  1.53599E+00  2.54023E+00 -1.38302E+00  3.08816E+00  1.63900E-02  1.63900E-02
b  20    4 20    8  99  3.41245E-01  1.46372E+00  2.74616E+00 -1.59069E+00  3.61764E+00  3.36300E-02  3.36300E-02
b  20    5 20    8  99  3.07090E-01  1.23712E+00  2.48653E+00 -1.84664E-01  4.26874E+00  7.95800E-02  7.95800E-02
b  20    6 20    8  99  2.65518E-01  8.27463E-01  2.15723E+00 -2.79580E-01  4.09299E+00  2.62400E-01  2.62400E-01
b  20    7 20    8  99  1.99067E-02  3.27243E-02  1.65780E-01 -2.62634E-02  3.93356E+00  2.09200E+01  2.09200E+01
b  20    1 20    9  98  0.00000E+00  0.00000E+00  0.00000E+00  0.00000E+00  0.00000E+00  8.37759E-02  1.67552E-03
b  20    2 20    9  99  1.32571E-01  1.12874E+00 -1.76936E+01  1.73185E+02  2.00000E+01  1.63825E+00  1.63825E+00
b  20    1 20   10  98  0.00000E+00  0.00000E+00  0.00000E+00  0.00000E+00  0.00000E+00  1.18143E-01  2.36285E-03
b  20    2 20   10  99  1.41370E-01  1.20536E+00 -1.89952E+01  1.80996E+02  2.00000E+01  6.65730E-01  6.65730E-01
b  20    3 20   10  99  1.32571E-01  1.12874E+00 -1.76936E+01  1.73185E+02  2.00000E+01  1.69110E+00  1.69110E+00
b  20    9 20   10  99  2.05421E-01  2.40479E-01  1.38581E+00 -6.41295E-01  2.67983E+00  1.50140E+00  1.50140E+00
b  20    1 20   11  98  0.00000E+00  0.00000E+00  0.00000E+00  0.00000E+00  0.00000E+00  1.57863E-01  3.15727E-03
b  20    2 20   11  99  1.87324E-01  1.51947E+00 -2.58463E+01  2.62949E+02  2.00000E+01  2.87640E-01  2.87640E-01
b  20    4 20   11  99  1.32571E-01  1.12874E+00 -1.76936E+01  1.73185E+02  2.00000E+01  1.69110E+00  1.69110E+00
b  20    9 20   11  99  3.46221E-01  6.78351E-01  2.40283E+00 -1.14612E+00  2.82974E+00  2.15200E-01  2.15200E-01
b  20   10 20   11  99  2.47995E-01  2.43739E-01  2.14691E+00 -1.17657E+00  3.29619E+00  1.00600E+00  1.00600E+00
b  20    1 20   12  98  0.00000E+00  0.00000E+00  0.00000E+00  0.00000E+00  0.00000E+00  2.04316E-01  4.08631E-03
b  20    2 20   12  99  1.83184E-01  1.49305E+00 -2.53150E+01  2.57413E+02  2.00000E+01  1.70910E-01  1.70910E-01
b  20    5 20   12  99  1.32571E-01  1.12874E+00 -1.76936E+01  1.73185E+02  2.00000E+01  1.69110E+00  1.69110E+00
b  20    9 20   12  99  3.44678E-01  1.10006E+00  1.51555E+00 -4.86821E-01  2.07279E+00  8.32200E-02  8.32200E-02
b  20   10 20   12  99  3.07207E-01  7.14964E-01  2.62203E+00 -1.47966E+00  3.46915E+00  1.55400E-01  1.55400E-01
b  20   11 20   12  99  2.34081E-01  2.75238E-01  2.09993E+00 -2.57298E-01  4.02549E+00  1.31200E+00  1.31200E+00
b  20    1 20   13  98  0.00000E+00  0.00000E+00  0.00000E+00  0.00000E+00  0.00000E+00  2.58018E-01  5.16036E-03
b  20    2 20   13  99  1.80353E-01  1.47629E+00 -2.49062E+01  2.52737E+02  2.00000E+01  1.10160E-01  1.10160E-01
b  20    6 20   13  99  1.32571E-01  1.12874E+00 -1.76936E+01  1.73185E+02  2.00000E+01  1.69110E+00  1.69110E+00
b  20    9 20   13  99  3.60884E-01  1.27721E+00  1.53761E+00 -5.03221E-01  2.03138E+00  4.29600E-02  4.29600E-02
b  20   10 20   13  99  3.19329E-01  1.16037E+00  1.99688E+00 -9.38251E-01  2.85559E+00  5.62800E-02  5.62800E-02
b  20   11 20   13  99  2.86195E-01  7.72453E-01  2.46569E+00 -3.48219E-01  4.14195E+00  1.96300E-01  1.96300E-01
b  20   12 20   13  99  2.22993E-01  3.08184E-01  1.95308E+00 -3.14868E-01  3.97613E+00  1.55500E+00  1.55500E+00
b  20    1 20   14  98  0.00000E+00  0.00000E+00  0.00000E+00  0.00000E+00  0.00000E+00  3.20008E-01  6.40015E-03
b  20    2 20   14  99  1.80368E-01  1.45828E+00 -2.47226E+01  2.54436E+02  2.00000E+01  7.53390E-02  7.53390E-02
b  20    7 20   14  99  1.32571E-01  1.12874E+00 -1.76936E+01  1.73185E+02  2.00000E+01  1.69110E+00  1.69110E+00
b  20    9 20   14  99  3.75989E-01  1.37153E+00  1.68068E+00 -5.89865E-01  2.10347E+00  2.57400E-02  2.57400E-02
b  20   10 20   14  99  3.43620E-01  1.39347E+00  2.18762E+00 -1.07722E+00  2.91308E+00  2.79700E-02  2.79700E-02
b  20   11 20   14  99  3.21324E-01  1.15257E+00  2.72211E+00 -1.67295E+00  3.62781E+00  6.90000E-02  6.90000E-02
b  20   12 20   14  99  2.74434E-01  8.09521E-01  2.31931E+00 -1.13613E-01  4.24744E+00  2.30200E-01  2.30200E-01
b  20   13 20   14  99  2.15538E-01  3.25513E-01  1.85557E+00 -3.05542E-01  3.96834E+00  1.77900E+00  1.77900E+00
b  20    1 20   15  98  0.00000E+00  0.00000E+00  0.00000E+00  0.00000E+00  0.00000E+00  3.88955E-01  7.77909E-03
b  20    2 20   15  99  1.77866E-01  1.45544E+00 -2.45547E+01  2.50727E+02  2.00000E+01  5.38290E-02  5.38290E-02
b  20    8 20   15  99  1.32571E-01  1.12874E+00 -1.76936E+01  1.73185E+02  2.00000E+01  1.69110E+00  1.69110E+00
b  20    9 20   15  99  3.82192E-01  1.45609E+00  1.67430E+00 -5.91053E-01  2.06627E+00  1.68860E-02  1.68860E-02
b  20   10 20   15  99  3.66556E-01  1.53599E+00  2.54023E+00 -1.38302E+00  3.08816E+00  1.63900E-02  1.63900E-02
b  20   11 20   15  99  3.41245E-01  1.46372E+00  2.74616E+00 -1.59069E+00  3.61764E+00  3.36300E-02  3.36300E-02
b  20   12 20   15  99  3.07090E-01  1.23712E+00  2.48653E+00 -1.84664E-01  4.26874E+00  7.95800E-02  7.95800E-02
b  20   13 20   15  99  2.65518E-01  8.27463E-01  2.15723E+00 -2.79580E-01  4.09299E+00  2.62400E-01  2.62400E-01
b  20   14 20   15  99  1.99067E-02  3.27243E-02  1.65780E-01 -2.62634E-02  3.93356E+00  2.09200E+01  2.09200E+01
b  20    1 20   16  99  1.40386E-01  2.03379E+00 -6.71048E+01  7.01510E+02  2.00000E+01  8.16356E-01  8.16356E-01
b  20    1 20   17  99  1.22054E-01  1.86834E+00 -5.64929E+01  5.46635E+02  2.00000E+01  3.09840E-01  3.09840E-01
b  20    2 20   17  99  1.40386E-01  2.03379E+00 -6.71048E+01  7.01510E+02  2.00000E+01  9.18400E-01  9.18400E-01
b  20   16 20   17  99  1.32571E-01  1.12874E+00 -1.76936E+01  1.73185E+02  2.00000E+01  2.06690E+00  2.06690E+00
b  20    1 20   18  99  1.22020E-01  1.88353E+00 -5.56579E+01  5.25769E+02  2.00000E+01  1.31680E-01  1.31680E-01
b  20    3 20   18  99  1.40386E-01  2.03379E+00 -6.71048E+01  7.01510E+02  2.00000E+01  9.18400E-01  9.18400E-01
b  20   16 20   18  99  1.41370E-01  1.20536E+00 -1.89952E+01  1.80996E+02  2.00000E+01  8.13670E-01  8.13670E-01
b  20   17 20   18  99  2.05421E-01  2.40479E-01  1.38581E+00 -6.41295E-01  2.67983E+00  7.50700E-01  7.50700E-01
b  20    1 20   19  99  1.25949E-01  2.02731E+00 -5.83547E+01  5.30102E+02  2.00000E+01  6.45280E-02  6.45280E-02
b  20    4 20   19  99  1.40386E-01  2.03379E+00 -6.71048E+01  7.01510E+02  2.00000E+01  9.18400E-01  9.18400E-01
b  20   16 20   19  99  1.87324E-01  1.51947E+00 -2.58463E+01  2.62949E+02  2.00000E+01  3.51560E-01  3.51560E-01
b  20   17 20   19  99  3.46221E-01  6.78351E-01  2.40283E+00 -1.14612E+00  2.82974E+00  1.07600E-01  1.07600E-01
b  20   18 20   19  99  2.47995E-01  2.43739E-01  2.14691E+00 -1.17657E+00  3.29619E+00  1.00600E+00  1.00600E+00
b  20    1 20   20  99  1.22654E-01  1.98284E+00 -5.65730E+01  5.08758E+02  2.00000E+01  3.82160E-02  3.82160E-02
b  20    5 20   20  99  1.40386E-01  2.03379E+00 -6.71048E+01  7.01510E+02  2.00000E+01  9.18400E-01  9.18400E-01
b  20   16 20   20  99  1.83184E-01  1.49305E+00 -2.53150E+01  2.57413E+02  2.00000E+01  2.08890E-01  2.08890E-01
b  20   17 20   20  99  3.44678E-01  1.10006E+00  1.51555E+00 -4.86821E-01  2.07279E+00  4.16100E-02  4.16100E-02
b  20   18 20   20  99  3.07207E-01  7.14964E-01  2.62203E+00 -1.47966E+00  3.46915E+00  1.55400E-01  1.55400E-01
b  20   19 20   20  99  2.34081E-01  2.75238E-01  2.09993E+00 -2.57298E-01  4.02549E+00  1.31200E+00  1.31200E+00
b  20    1 20   21  99  1.21198E-01  1.95944E+00 -5.58315E+01  5.01245E+02  2.00000E+01  2.45280E-02  2.45280E-02
b  20    6 20   21  99  1.40386E-01  2.03379E+00 -6.71048E+01  7.01510E+02  2.00000E+01  9.18400E-01  9.18400E-01
b  20   16 20   21  99  1.80353E-01  1.47629E+00 -2.49062E+01  2.52737E+02  2.00000E+01  1.34640E-01  1.34640E-01
b  20   17 20   21  99  3.60884E-01  1.27721E+00  1.53761E+00 -5.03221E-01  2.03138E+00  2.14800E-02  2.14800E-02
b  20   18 20   21  99  3.19329E-01  1.16037E+00  1.99688E+00 -9.38251E-01  2.85559E+00  5.62800E-02  5.62800E-02
b  20   19 20   21  99  2.86195E-01  7.72453E-01  2.46569E+00 -3.48219E-01  4.14195E+00  1.96300E-01  1.96300E-01
b  20   20 20   21  99  2.22993E-01  3.08184E-01  1.95308E+00 -3.14868E-01  3.97613E+00  1.55500E+00  1.55500E+00
b  20    1 20   22  99  1.19764E-01  1.94106E+00 -5.51080E+01  4.92587E+02  2.00000E+01  1.66880E-02  1.66880E-02
b  20    7 20   22  99  1.40386E-01  2.03379E+00 -6.71048E+01  7.01510E+02  2.00000E+01  9.18400E-01  9.18400E-01
b  20   16 20   22  99  1.80368E-01  1.45828E+00 -2.47226E+01  2.54436E+02  2.00000E+01  9.20810E-02  9.20810E-02
b  20   17 20   22  99  3.75989E-01  1.37153E+00  1.68068E+00 -5.89865E-01  2.10347E+00  1.28700E-02  1.28700E-02
b  20   18 20   22  99  3.43620E-01  1.39347E+00  2.18762E+00 -1.07722E+00  2.91308E+00  2.79700E-02  2.79700E-02
b  20   19 20   22  99  3.21324E-01  1.15257E+00  2.72211E+00 -1.67295E+00  3.62781E+00  6.90000E-02  6.90000E-02
b  20   20 20   22  99  2.74434E-01  8.09521E-01  2.31931E+00 -1.13613E-01  4.24744E+00  2.30200E-01  2.30200E-01
b  20   21 20   22  99  2.15538E-01  3.25513E-01  1.85557E+00 -3.05542E-01  3.96834E+00  1.77900E+00  1.77900E+00
b  20    1 20   23  99  1.19125E-01  1.92611E+00 -5.46045E+01  4.87400E+02  2.00000E+01  1.18640E-02  1.18640E-02
b  20    8 20   23  99  1.40386E-01  2.03379E+00 -6.71048E+01  7.01510E+02  2.00000E+01  9.18400E-01  9.18400E-01
b  20   16 20   23  99  1.77866E-01  1.45544E+00 -2.45547E+01  2.50727E+02  2.00000E+01  6.57910E-02  6.57910E-02
b  20   17 20   23  99  3.82192E-01  1.45609E+00  1.67430E+00 -5.91053E-01  2.06627E+00  8.44300E-03  8.44300E-03
b  20   18 20   23  99  3.66556E-01  1.53599E+00  2.54023E+00 -1.38302E+00  3.08816E+00  1.63900E-02  1.63900E-02
b  20   19 20   23  99  3.41245E-01  1.46372E+00  2.74616E+00 -1.59069E+00  3.61764E+00  3.36300E-02  3.36300E-02
b  20   20 20   23  99  3.07090E-01  1.23712E+00  2.48653E+00 -1.84664E-01  4.26874E+00  7.95800E-02  7.95800E-02
b  20   21 20   23  99  2.65518E-01  8.27463E-01  2.15723E+00 -2.79580E-01  4.09299E+00  2.62400E-01  2.62400E-01
b  20   22 20   23  99  1.99067E-02  3.27243E-02  1.65780E-01 -2.62634E-02  3.93356E+00  2.09200E+01  2.09200E+01
b  20    1 20   24  99  2.19254E-01  1.06427E+00 -1.26323E+01  4.91173E+01  5.50594E+00  2.90489E-02  2.90489E-02
b  20   16 20   24  99  2.65133E-01  7.18624E-01 -9.64136E+00  4.05323E+01  4.93185E+00  7.39750E-02  7.39750E-02
b  20    1 20   25  99  2.07726E-01  1.37427E+00 -1.61965E+01  6.19192E+01  6.03030E+00  1.13360E-02  1.13360E-02
b  20    2 20   25  99  2.19254E-01  1.06427E+00 -1.26323E+01  4.91173E+01  5.50594E+00  3.26800E-02  3.26800E-02
b  20   17 20   25  99  2.65133E-01  7.18624E-01 -9.64136E+00  4.05323E+01  4.93185E+00  7.39750E-02  7.39750E-02
b  20   24 20   25  99  1.32571E-01  1.12874E+00 -1.76936E+01  1.73185E+02  2.00000E+01  2.06690E+00  2.06690E+00
b  20    1 20   26  99  2.08253E-01  1.34037E+00 -1.56745E+01  5.95977E+01  5.94208E+00  4.67600E-03  4.67600E-03
b  20    3 20   26  99  2.19254E-01  1.06427E+00 -1.26323E+01  4.91173E+01  5.50594E+00  3.26800E-02  3.26800E-02
b  20   18 20   26  99  2.65133E-01  7.18624E-01 -9.64136E+00  4.05323E+01  4.93185E+00  7.39750E-02  7.39750E-02
b  20   24 20   26  99  1.41370E-01  1.20536E+00 -1.89952E+01  1.80996E+02  2.00000E+01  8.13670E-01  8.13670E-01
b  20   25 20   26  99  2.05421E-01  2.40479E-01  1.38581E+00 -6.41295E-01  2.67983E+00  7.50700E-01  7.50700E-01
b  20    1 20   27  99  2.07614E-01  1.43170E+00 -1.70218E+01  6.50100E+01  6.09649E+00  2.28000E-03  2.28000E-03
b  20    4 20   27  99  2.19254E-01  1.06427E+00 -1.26323E+01  4.91173E+01  5.50594E+00  3.26800E-02  3.26800E-02
b  20   19 20   27  99  2.65133E-01  7.18624E-01 -9.64136E+00  4.05323E+01  4.93185E+00  7.39750E-02  7.39750E-02
b  20   24 20   27  99  1.87324E-01  1.51947E+00 -2.58463E+01  2.62949E+02  2.00000E+01  3.51560E-01  3.51560E-01
b  20   25 20   27  99  3.46221E-01  6.78351E-01  2.40283E+00 -1.14612E+00  2.82974E+00  1.07600E-01  1.07600E-01
b  20   26 20   27  99  2.47995E-01  2.43739E-01  2.14691E+00 -1.17657E+00  3.29619E+00  1.00600E+00  1.00600E+00
b  20    1 20   28  99  2.05058E-01  1.39828E+00 -1.66194E+01  6.34808E+01  6.07277E+00  1.32280E-03  1.32280E-03
b  20    5 20   28  99  2.19254E-01  1.06427E+00 -1.26323E+01  4.91173E+01  5.50594E+00  3.26800E-02  3.26800E-02
b  20   20 20   28  99  2.65133E-01  7.18624E-01 -9.64136E+00  4.05323E+01  4.93185E+00  7.39750E-02  7.39750E-02
b  20   24 20   28  99  1.83184E-01  1.49305E+00 -2.53150E+01  2.57413E+02  2.00000E+01  2.08890E-01  2.08890E-01
b  20   25 20   28  99  3.44678E-01  1.10006E+00  1.51555E+00 -4.86821E-01  2.07279E+00  4.16100E-02  4.16100E-02
b  20   26 20   28  99  3.07207E-01  7.14964E-01  2.62203E+00 -1.47966E+00  3.46915E+00  1.55400E-01  1.55400E-01
b  20   27 20   28  99  2.34081E-01  2.75238E-01  2.09993E+00 -2.57298E-01  4.02549E+00  1.31200E+00  1.31200E+00
b  20    1 20   29  99  1.96443E-01  1.40926E+00 -1.67515E+01  6.37774E+01  6.15871E+00  8.35200E-04  8.35200E-04
b  20    6 20   29  99  2.19254E-01  1.06427E+00 -1.26323E+01  4.91173E+01  5.50594E+00  3.26800E-02  3.26800E-02
b  20   21 20   29  99  2.65133E-01  7.18624E-01 -9.64136E+00  4.05323E+01  4.93185E+00  7.39750E-02  7.39750E-02
b  20   24 20   29  99  1.80353E-01  1.47629E+00 -2.49062E+01  2.52737E+02  2.00000E+01  1.34640E-01  1.34640E-01
b  20   25 20   29  99  3.60884E-01  1.27721E+00  1.53761E+00 -5.03221E-01  2.03138E+00  2.14800E-02  2.14800E-02
b  20   26 20   29  99  3.19329E-01  1.16037E+00  1.99688E+00 -9.38251E-01  2.85559E+00  5.62800E-02  5.62800E-02
b  20   27 20   29  99  2.86195E-01  7.72453E-01  2.46569E+00 -3.48219E-01  4.14195E+00  1.96300E-01  1.96300E-01
b  20   28 20   29  99  2.22993E-01  3.08184E-01  1.95308E+00 -3.14868E-01  3.97613E+00  1.55500E+00  1.55500E+00
b  20    1 20   30  99  2.02247E-01  1.35372E+00 -1.59051E+01  6.02273E+01  5.98687E+00  5.60600E-04  5.60600E-04
b  20    7 20   30  99  2.19254E-01  1.06427E+00 -1.26323E+01  4.91173E+01  5.50594E+00  3.26800E-02  3.26800E-02
b  20   22 20   30  99  2.65133E-01  7.18624E-01 -9.64136E+00  4.05323E+01  4.93185E+00  7.39750E-02  7.39750E-02
b  20   24 20   30  99  1.80368E-01  1.45828E+00 -2.47226E+01  2.54436E+02  2.00000E+01  9.20810E-02  9.20810E-02
b  20   25 20   30  99  3.75989E-01  1.37153E+00  1.68068E+00 -5.89865E-01  2.10347E+00  1.28700E-02  1.28700E-02
b  20   26 20   30  99  3.43620E-01  1.39347E+00  2.18762E+00 -1.07722E+00  2.91308E+00  2.79700E-02  2.79700E-02
b  20   27 20   30  99  3.21324E-01  1.15257E+00  2.72211E+00 -1.67295E+00  3.62781E+00  6.90000E-02  6.90000E-02
b  20   28 20   30  99  2.74434E-01  8.09521E-01  2.31931E+00 -1.13613E-01  4.24744E+00  2.30200E-01  2.30200E-01
b  20   29 20   30  99  2.15538E-01  3.25513E-01  1.85557E+00 -3.05542E-01  3.96834E+00  1.77900E+00  1.77900E+00
b  20    1 20   31  99  2.02353E-01  1.34105E+00 -1.57647E+01  5.97506E+01  5.97159E+00  3.94200E-04  3.94200E-04
b  20    8 20   31  99  2.19254E-01  1.06427E+00 -1.26323E+01  4.91173E+01  5.50594E+00  3.26800E-02  3.26800E-02
b  20   23 20   31  99  2.65133E-01  7.18624E-01 -9.64136E+00  4.05323E+01  4.93185E+00  7.39750E-02  7.39750E-02
b  20   24 20   31  99  1.77866E-01  1.45544E+00 -2.45547E+01  2.50727E+02  2.00000E+01  6.57910E-02  6.57910E-02
b  20   25 20   31  99  3.82192E-01  1.45609E+00  1.67430E+00 -5.91053E-01  2.06627E+00  8.44300E-03  8.44300E-03
b  20   26 20   31  99  3.66556E-01  1.53599E+00  2.54023E+00 -1.38302E+00  3.08816E+00  1.63900E-02  1.63900E-02
b  20   27 20   31  99  3.41245E-01  1.46372E+00  2.74616E+00 -1.59069E+00  3.61764E+00  3.36300E-02  3.36300E-02
b  20   28 20   31  99  3.07090E-01  1.23712E+00  2.48653E+00 -1.84664E-01  4.26874E+00  7.95800E-02  7.95800E-02
b  20   29 20   31  99  2.65518E-01  8.27463E-01  2.15723E+00 -2.79580E-01  4.09299E+00  2.62400E-01  2.62400E-01
b  20   30 20   31  99  1.99067E-02  3.27243E-02  1.65780E-01 -2.62634E-02  3.93356E+00  2.09200E+01  2.09200E+01
f  20    1 19    1  99  1.00000E+01  1.27400E+01
p  20    1 19    1  98  1.27830E+00 -2.01360E+00 -1.59220E-01  9.99610E-03  1.00000E+01  1.76300E+02  1.83300E+02  3.52600E+03
f  20    2 19    1  99  1.00000E+00  6.99210E+00
p  20    2 19    1  99  1.00000E+00  6.99210E+00
f  20    3 19    1  99  1.00000E+00  6.20640E+00
p  20    3 19    1  99  1.00000E+00  6.20640E+00
f  20    4 19    1  99  1.00000E+00  6.26400E+00
p  20    4 19    1  99  1.00000E+00  6.26400E+00
f  20    5 19    1  99  1.00000E+00  6.20800E+00
p  20    5 19    1  99  1.00000E+00  6.20800E+00
f  20    6 19    1  99  1.00000E+00  6.09820E+00
p  20    6 19    1  99  1.00000E+00  6.09820E+00
f  20    7 19    1  99  1.00000E+00  6.08020E+00
p  20    7 19    1  99  1.00000E+00  6.08020E+00
f  20    8 19    1  99  1.00000E+00  6.00190E+00
p  20    8 19    1  99  1.00000E+00  6.00190E+00
f  20    2 19    2  99  9.00000E+00  6.99210E+00
p  20    2 19    2  98  1.27830E+00 -2.01360E+00 -1.59220E-01  9.99610E-03  1.00000E+01  1.76300E+02  1.83300E+02  3.52600E+03
f  20    9 19    2  99  2.00000E+00  7.55260E+00
p  20    9 19    2  99  2.00000E+00  7.55260E+00
f  20   10 19    2  99  1.00000E+00  6.26600E+00
p  20   10 19    2  99  1.00000E+00  6.26600E+00
f  20   11 19    2  99  1.00000E+00  6.28600E+00
p  20   11 19    2  99  1.00000E+00  6.28600E+00
f  20   12 19    2  99  1.00000E+00  6.21900E+00
p  20   12 19    2  99  1.00000E+00  6.21900E+00
f  20   13 19    2  99  1.00000E+00  6.10520E+00
p  20   13 19    2  99  1.00000E+00  6.10520E+00
f  20   14 19    2  99  1.00000E+00  6.08620E+00
p  20   14 19    2  99  1.00000E+00  6.08620E+00
f  20   15 19    2  99  1.00000E+00  6.01180E+00
p  20   15 19    2  99  1.00000E+00  6.01180E+00
f  20    3 19    3  99  9.00000E+00  6.20640E+00
p  20    3 19    3  98  1.27830E+00 -2.01360E+00 -1.59220E-01  9.99610E-03  1.00000E+01  1.76300E+02  1.83300E+02  3.52600E+03
f  20   10 19    3  99  1.00000E+00  6.26600E+00
p  20   10 19    3  99  1.00000E+00  6.26600E+00
f  20    4 19    4  99  9.00000E+00  6.26400E+00
p  20    4 19    4  98  1.27830E+00 -2.01360E+00 -1.59220E-01  9.99610E-03  1.00000E+01  1.76300E+02  1.83300E+02  3.52600E+03
f  20   11 19    4  99  1.00000E+00  6.28600E+00
p  20   11 19    4  99  1.00000E+00  6.28600E+00
f  20    5 19    5  99  9.00000E+00  6.20800E+00
p  20    5 19    5  98  1.27830E+00 -2.01360E+00 -1.59220E-01  9.99610E-03  1.00000E+01  1.76300E+02  1.83300E+02  3.52600E+03
f  20   12 19    5  99  1.00000E+00  6.21900E+00
p  20   12 19    5  99  1.00000E+00  6.21900E+00
f  20    6 19    6  99  9.00000E+00  6.09820E+00
p  20    6 19    6  98  1.27830E+00 -2.01360E+00 -1.59220E-01  9.99610E-03  1.00000E+01  1.76300E+02  1.83300E+02  3.52600E+03
f  20   13 19    6  99  1.00000E+00  6.10520E+00
p  20   13 19    6  99  1.00000E+00  6.10520E+00
f  20    7 19    7  99  9.00000E+00  6.08020E+00
p  20    7 19    7  98  1.27830E+00 -2.01360E+00 -1.59220E-01  9.99610E-03  1.00000E+01  1.76300E+02  1.83300E+02  3.52600E+03
f  20   14 19    7  99  1.00000E+00  6.08620E+00
p  20   14 19    7  99  1.00000E+00  6.08620E+00
f  20    8 19    8  99  9.00000E+00  6.00190E+00
p  20    8 19    8  98  1.27830E+00 -2.01360E+00 -1.59220E-01  9.99610E-03  1.00000E+01  1.76300E+02  1.83300E+02  3.52600E+03
f  20   15 19    8  99  1.00000E+00  6.01180E+00
p  20   15 19    8  99  1.00000E+00  6.01180E+00
f  20    9 19    9  99  8.00000E+00  7.55260E+00
p  20    9 19    9  98  1.27830E+00 -2.01360E+00 -1.59220E-01  9.99610E-03  1.00000E+01  1.76300E+02  1.83300E+02  3.52600E+03
f  20   10 19   10  99  8.00000E+00  6.26600E+00
p  20   10 19   10  98  1.27830E+00 -2.01360E+00 -1.59220E-01  9.99610E-03  1.00000E+01  1.76300E+02  1.83300E+02  3.52600E+03
f  20   11 19   11  99  8.00000E+00  6.28600E+00
p  20   11 19   11  98  1.27830E+00 -2.01360E+00 -1.59220E-01  9.99610E-03  1.00000E+01  1.76300E+02  1.83300E+02  3.52600E+03
f  20   12 19   12  99  8.00000E+00  6.21900E+00
p  20   12 19   12  98  1.27830E+00 -2.01360E+00 -1.59220E-01  9.99610E-03  1.00000E+01  1.76300E+02  1.83300E+02  3.52600E+03
f  20   13 19   13  99  8.00000E+00  6.10520E+00
p  20   13 19   13  98  1.27830E+00 -2.01360E+00 -1.59220E-01  9.99610E-03  1.00000E+01  1.76300E+02  1.83300E+02  3.52600E+03
f  20   14 19   14  99  8.00000E+00  6.08620E+00
p  20   14 19   14  98  1.27830E+00 -2.01360E+00 -1.59220E-01  9.99610E-03  1.00000E+01  1.76300E+02  1.83300E+02  3.52600E+03
f  20   15 19   15  99  8.00000E+00  6.01180E+00
p  20   15 19   15  98  1.27830E+00 -2.01360E+00 -1.59220E-01  9.99610E-03  1.00000E+01  1.76300E+02  1.83300E+02  3.52600E+03
f  20    1 19   16  99  8.00000E+00  1.27400E+01
p  20    1 19   16  98  2.02120E+00 -2.37460E+00 -1.66650E-01  1.78040E-02  8.00000E+00  8.61200E+02  8.95600E+02  1.72200E+04
f  20   16 19   16  99  1.10000E+01  1.33040E+01
p  20   16 19   16  98  1.27830E+00 -2.01360E+00 -1.59220E-01  9.99610E-03  1.00000E+01  1.76300E+02  1.83300E+02  3.52600E+03
f  20   17 19   16  99  1.00000E+00  7.04880E+00
p  20   17 19   16  99  1.00000E+00  7.04880E+00
f  20   18 19   16  99  1.00000E+00  6.22470E+00
p  20   18 19   16  99  1.00000E+00  6.22470E+00
f  20   19 19   16  99  1.00000E+00  6.27000E+00
p  20   19 19   16  99  1.00000E+00  6.27000E+00
f  20   20 19   16  99  1.00000E+00  6.21200E+00
p  20   20 19   16  99  1.00000E+00  6.21200E+00
f  20   21 19   16  99  1.00000E+00  6.10720E+00
p  20   21 19   16  99  1.00000E+00  6.10720E+00
f  20   22 19   16  99  1.00000E+00  6.08720E+00
p  20   22 19   16  99  1.00000E+00  6.08720E+00
f  20   23 19   16  99  1.00000E+00  6.00190E+00
p  20   23 19   16  99  1.00000E+00  6.00190E+00
f  20    2 19   17  99  8.00000E+00  6.99210E+00
p  20    2 19   17  98  2.02120E+00 -2.37460E+00 -1.66650E-01  1.78040E-02  8.00000E+00  8.61200E+02  8.95600E+02  1.72200E+04
f  20   17 19   17  99  1.00000E+01  7.04880E+00
p  20   17 19   17  98  1.27830E+00 -2.01360E+00 -1.59220E-01  9.99610E-03  1.00000E+01  1.76300E+02  1.83300E+02  3.52600E+03
f  20    3 19   18  99  8.00000E+00  6.20640E+00
p  20    3 19   18  98  2.02120E+00 -2.37460E+00 -1.66650E-01  1.78040E-02  8.00000E+00  8.61200E+02  8.95600E+02  1.72200E+04
f  20   18 19   18  99  1.00000E+01  6.22470E+00
p  20   18 19   18  98  1.27830E+00 -2.01360E+00 -1.59220E-01  9.99610E-03  1.00000E+01  1.76300E+02  1.83300E+02  3.52600E+03
f  20    4 19   19  99  8.00000E+00  6.26400E+00
p  20    4 19   19  98  2.02120E+00 -2.37460E+00 -1.66650E-01  1.78040E-02  8.00000E+00  8.61200E+02  8.95600E+02  1.72200E+04
f  20   19 19   19  99  1.00000E+01  6.27000E+00
p  20   19 19   19  98  1.27830E+00 -2.01360E+00 -1.59220E-01  9.99610E-03  1.00000E+01  1.76300E+02  1.83300E+02  3.52600E+03
f  20    5 19   20  99  8.00000E+00  6.20800E+00
p  20    5 19   20  98  2.02120E+00 -2.37460E+00 -1.66650E-01  1.78040E-02  8.00000E+00  8.61200E+02  8.95600E+02  1.72200E+04
f  20   20 19   20  99  1.00000E+01  6.21200E+00
p  20   20 19   20  98  1.27830E+00 -2.01360E+00 -1.59220E-01  9.99610E-03  1.00000E+01  1.76300E+02  1.83300E+02  3.52600E+03
f  20    6 19   21  99  8.00000E+00  6.09820E+00
p  20    6 19   21  98  2.02120E+00 -2.37460E+00 -1.66650E-01  1.78040E-02  8.00000E+00  8.61200E+02  8.95600E+02  1.72200E+04
f  20   21 19   21  99  1.00000E+01  6.10720E+00
p  20   21 19   21  98  1.27830E+00 -2.01360E+00 -1.59220E-01  9.99610E-03  1.00000E+01  1.76300E+02  1.83300E+02  3.52600E+03
f  20    7 19   22  99  8.00000E+00  6.08020E+00
p  20    7 19   22  98  2.02120E+00 -2.37460E+00 -1.66650E-01  1.78040E-02  8.00000E+00  8.61200E+02  8.95600E+02  1.72200E+04
f  20   22 19   22  99  1.00000E+01  6.08720E+00
p  20   22 19   22  98  1.27830E+00 -2.01360E+00 -1.59220E-01  9.99610E-03  1.00000E+01  1.76300E+02  1.83300E+02  3.52600E+03
f  20    8 19   23  99  8.00000E+00  6.00190E+00
p  20    8 19   23  98  2.02120E+00 -2.37460E+00 -1.66650E-01  1.78040E-02  8.00000E+00  8.61200E+02  8.95600E+02  1.72200E+04
f  20   23 19   23  99  1.00000E+01  6.00190E+00
p  20   23 19   23  98  1.27830E+00 -2.01360E+00 -1.59220E-01  9.99610E-03  1.00000E+01  1.76300E+02  1.83300E+02  3.52600E+03
f  20    1 19   24  99  2.00000E+00  1.27400E+01
p  20    1 19   24  98  2.14930E+00 -2.50230E+00 -1.93900E-01  2.10760E-02  2.00000E+00  6.61500E+03  6.88000E+03  1.32300E+05
f  20   24 19   24  99  1.10000E+01  1.33840E+01
p  20   24 19   24  98  1.27830E+00 -2.01360E+00 -1.59220E-01  9.99610E-03  1.00000E+01  1.76300E+02  1.83300E+02  3.52600E+03
f  20   25 19   24  99  1.00000E+00  7.07200E+00
p  20   25 19   24  99  1.00000E+00  7.07200E+00
f  20   26 19   24  99  1.00000E+00  6.22380E+00
p  20   26 19   24  99  1.00000E+00  6.22380E+00
f  20   27 19   24  99  1.00000E+00  6.27900E+00
p  20   27 19   24  99  1.00000E+00  6.27900E+00
f  20   28 19   24  99  1.00000E+00  6.22100E+00
p  20   28 19   24  99  1.00000E+00  6.22100E+00
f  20   29 19   24  99  1.00000E+00  6.10810E+00
p  20   29 19   24  99  1.00000E+00  6.10810E+00
f  20   30 19   24  99  1.00000E+00  6.08810E+00
p  20   30 19   24  99  1.00000E+00  6.08810E+00
f  20   31 19   24  99  1.00000E+00  6.00190E+00
p  20   31 19   24  99  1.00000E+00  6.00190E+00
f  20    2 19   25  99  2.00000E+00  6.99210E+00
p  20    2 19   25  98  2.14930E+00 -2.50230E+00 -1.93900E-01  2.10760E-02  2.00000E+00  6.61500E+03  6.88000E+03  1.32300E+05
f  20   25 19   25  99  1.00000E+01  7.07200E+00
p  20   25 19   25  98  1.27830E+00 -2.01360E+00 -1.59220E-01  9.99610E-03  1.00000E+01  1.76300E+02  1.83300E+02  3.52600E+03
f  20    3 19   26  99  2.00000E+00  6.20640E+00
p  20    3 19   26  98  2.14930E+00 -2.50230E+00 -1.93900E-01  2.10760E-02  2.00000E+00  6.61500E+03  6.88000E+03  1.32300E+05
f  20   26 19   26  99  1.00000E+01  6.22380E+00
p  20   26 19   26  98  1.27830E+00 -2.01360E+00 -1.59220E-01  9.99610E-03  1.00000E+01  1.76300E+02  1.83300E+02  3.52600E+03
f  20    4 19   27  99  2.00000E+00  6.26400E+00
p  20    4 19   27  98  2.14930E+00 -2.50230E+00 -1.93900E-01  2.10760E-02  2.00000E+00  6.61500E+03  6.88000E+03  1.32300E+05
f  20   27 19   27  99  1.00000E+01  6.27900E+00
p  20   27 19   27  98  1.27830E+00 -2.01360E+00 -1.59220E-01  9.99610E-03  1.00000E+01  1.76300E+02  1.83300E+02  3.52600E+03
f  20    5 19   28  99  2.00000E+00  6.20800E+00
p  20    5 19   28  98  2.14930E+00 -2.50230E+00 -1.93900E-01  2.10760E-02  2.00000E+00  6.61500E+03  6.88000E+03  1.32300E+05
f  20   28 19   28  99  1.00000E+01  6.22100E+00
p  20   28 19   28  98  1.27830E+00 -2.01360E+00 -1.59220E-01  9.99610E-03  1.00000E+01  1.76300E+02  1.83300E+02  3.52600E+03
f  20    6 19   29  99  2.00000E+00  6.09820E+00
p  20    6 19   29  98  2.14930E+00 -2.50230E+00 -1.93900E-01  2.10760E-02  2.00000E+00  6.61500E+03  6.88000E+03  1.32300E+05
f  20   29 19   29  99  1.00000E+01  6.10810E+00
p  20   29 19   29  98  1.27830E+00 -2.01360E+00 -1.59220E-01  9.99610E-03  1.00000E+01  1.76300E+02  1.83300E+02  3.52600E+03
f  20    7 19   30  99  2.00000E+00  6.08020E+00
p  20    7 19   30  98  2.14930E+00 -2.50230E+00 -1.93900E-01  2.10760E-02  2.00000E+00  6.61500E+03  6.88000E+03  1.32300E+05
f  20   30 19   30  99  1.00000E+01  6.08810E+00
p  20   30 19   30  98  1.27830E+00 -2.01360E+00 -1.59220E-01  9.99610E-03  1.00000E+01  1.76300E+02  1.83300E+02  3.52600E+03
f  20    8 19   31  99  2.00000E+00  6.00190E+00
p  20    8 19   31  98  2.14930E+00 -2.50230E+00 -1.93900E-01  2.10760E-02  2.00000E+00  6.61500E+03  6.88000E+03  1.32300E+05
f  20   31 19   31  99  1.00000E+01  6.00190E+00
p  20   31 19   31  98  1.27830E+00 -2.01360E+00 -1.59220E-01  9.99610E-03  1.00000E+01  1.76300E+02  1.83300E+02  3.52600E+03
a  20    9 19    1   3.38278E+13
a  20   10 19    1   1.07747E+13
a  20   11 19    1   4.01333E+12
a  20   12 19    1   1.85686E+12
a  20   13 19    1   9.52389E+11
a  20   14 19    1   5.28528E+11
a  20   15 19    1   3.12083E+11
a  20   16 19    1   4.15800E+14
a  20   17 19    1   6.46875E+12
a  20   18 19    1   1.74668E+12
a  20   19 19    1   6.36000E+11
a  20   20 19    1   2.94255E+11
a  20   21 19    1   1.50926E+11
a  20   22 19    1   8.37525E+10
a  20   23 19    1   4.94550E+10
a  20   24 19    1   5.48185E+12
a  20   25 19    1   9.39050E+10
a  20   26 19    1   2.46005E+10
a  20   27 19    1   8.68700E+09
a  20   28 19    1   4.01910E+09
a  20   29 19    1   2.06145E+09
a  20   30 19    1   1.14395E+09
a  20   31 19    1   6.75500E+08
a  20   17 19    2   3.40200E+14
a  20   25 19    2   4.48515E+12
a  20   18 19    3   3.40200E+14
a  20   26 19    3   4.48515E+12
a  20   19 19    4   3.40200E+14
a  20   27 19    4   4.48515E+12
a  20   20 19    5   3.40200E+14
a  20   28 19    5   4.48515E+12
a  20   21 19    6   3.40200E+14
a  20   29 19    6   4.48515E+12
a  20   22 19    7   3.40200E+14
a  20   30 19    7   4.48515E+12
a  20   23 19    8   3.40200E+14
a  20   31 19    8   4.48515E+12
a  20   24 19   16   1.44100E+14
a  20   25 19   16   1.29092E+12
a  20   26 19   16   3.39388E+11
a  20   27 19   16   1.20148E+11
a  20   28 19   16   5.55880E+10
a  20   29 19   16   2.85116E+10
a  20   30 19   16   1.58220E+10
a  20   31 19   16   9.34280E+09
a  20   25 19   17   1.31000E+14
a  20   26 19   18   1.31000E+14
a  20   27 19   19   1.31000E+14
a  20   28 19   20   1.31000E+14
a  20   29 19   21   1.31000E+14
a  20   30 19   22   1.31000E+14
a  20   31 19   23   1.31000E+14
b  21    1 21    2  99  3.04996E-01  2.27775E-01  1.66753E+00 -5.47808E-01  2.08003E+00  1.53560E+00  1.53560E+00
b  21    1 21    3  99  1.42937E-01  1.18850E+00 -1.81781E+01  1.80777E+02  2.00000E+01  6.03900E-01  6.03900E-01
b  21    2 21    3  99  2.16686E-01  2.25037E-01  1.85972E+00 -1.02697E+00  3.29553E+00  7.63900E-01  7.63900E-01
b  21    1 21    4  99  2.05018E-01  1.66276E+00 -2.70590E+01  2.71120E+02  2.00000E+01  2.53220E-01  2.53220E-01
b  21    2 21    4  99  3.34823E-01  8.62597E-01  2.11379E+00 -9.89599E-01  2.73904E+00  9.76400E-02  9.76400E-02
b  21    3 21    4  99  2.43012E-01  2.82893E-01  2.17406E+00 -3.13587E-01  4.00299E+00  1.03500E+00  1.03500E+00
b  21    1 21    5  99  1.99563E-01  1.62909E+00 -2.64606E+01  2.63196E+02  2.00000E+01  1.53450E-01  1.53450E-01
b  21    2 21    5  99  3.83977E-01  1.17809E+00  2.59307E+00 -1.28366E+00  2.94743E+00  3.57700E-02  3.57700E-02
b  21    3 21    5  99  2.98726E-01  8.15455E-01  2.42541E+00 -1.33786E+00  3.43508E+00  1.50700E-01  1.50700E-01
b  21    4 21    5  99  2.27325E-01  3.19221E-01  1.97115E+00 -3.23200E-01  3.95810E+00  1.35100E+00  1.35100E+00
b  21    1 21    6  99  1.91350E-01  1.61439E+00 -2.53984E+01  2.40980E+02  2.00000E+01  1.00298E-01  1.00298E-01
b  21    2 21    6  99  4.07427E-01  1.41368E+00  2.68578E+00 -1.30322E+00  2.94342E+00  1.79100E-02  1.79100E-02
b  21    3 21    6  99  3.37206E-01  1.19141E+00  2.74995E+00 -1.57695E+00  3.55402E+00  5.30800E-02  5.30800E-02
b  21    4 21    6  99  2.79299E-01  8.35289E-01  2.36583E+00 -1.65431E-01  4.26511E+00  1.94600E-01  1.94600E-01
b  21    5 21    6  99  2.16517E-01  3.50501E-01  1.80965E+00 -2.60038E-01  3.93203E+00  1.59000E+00  1.59000E+00
b  21    1 21    7  99  1.89847E-01  1.59523E+00 -2.51916E+01  2.40489E+02  2.00000E+01  6.92340E-02  6.92340E-02
b  21    2 21    7  99  4.21228E-01  1.57821E+00  2.71141E+00 -1.33186E+00  2.90938E+00  1.05400E-02  1.05400E-02
b  21    3 21    7  99  3.59270E-01  1.48936E+00  2.79907E+00 -1.57896E+00  3.51955E+00  2.58700E-02  2.58700E-02
b  21    4 21    7  99  3.10320E-01  1.25854E+00  2.48267E+00 -2.32512E-01  4.21220E+00  6.74000E-02  6.74000E-02
b  21    5 21    7  99  2.66630E-01  8.66153E-01  2.12956E+00 -2.07083E-01  4.10213E+00  2.29400E-01  2.29400E-01
b  21    6 21    7  99  2.07460E-01  3.93088E-01  1.68410E+00 -2.55039E-01  3.94400E+00  1.81100E+00  1.81100E+00
b  21    1 21    8  99  1.88615E-01  1.58283E+00 -2.51026E+01  2.40845E+02  2.00000E+01  4.98080E-02  4.98080E-02
b  21    2 21    8  99  4.30911E-01  1.69242E+00  2.74263E+00 -1.30173E+00  2.91546E+00  6.83300E-03  6.83300E-03
b  21    3 21    8  99  3.75235E-01  1.71180E+00  2.83029E+00 -1.54315E+00  3.50251E+00  1.49500E-02  1.49500E-02
b  21    4 21    8  99  3.32852E-01  1.58591E+00  2.60119E+00 -3.32183E-01  4.21638E+00  3.24700E-02  3.24700E-02
b  21    5 21    8  99  3.00451E-01  1.29650E+00  2.37776E+00  8.77531E-02  4.39888E+00  7.86900E-02  7.86900E-02
b  21    6 21    8  99  2.60036E-01  8.64574E-01  2.05410E+00 -2.77693E-01  4.09336E+00  2.61900E-01  2.61900E-01
b  21    7 21    8  99  7.17308E-02  2.11288E-01  5.16735E-01 -6.68959E-02  3.92959E+00  5.32400E+00  5.32400E+00
b  21    1 21    9  98  0.00000E+00  0.00000E+00  0.00000E+00  0.00000E+00  0.00000E+00  9.19701E-02  1.83940E-03
b  21    2 21    9  99  3.04996E-01  2.27775E-01  1.66753E+00 -5.47808E-01  2.08003E+00  1.35237E+00  1.35237E+00
b  21    1 21   10  98  0.00000E+00  0.00000E+00  0.00000E+00  0.00000E+00  0.00000E+00  1.33007E-01  2.66014E-03
b  21    2 21   10  99  1.42937E-01  1.18850E+00 -1.81781E+01  1.80777E+02  2.00000E+01  5.49000E-01  5.49000E-01
b  21    3 21   10  99  3.04996E-01  2.27775E-01  1.66753E+00 -5.47808E-01  2.08003E+00  1.39600E+00  1.39600E+00
b  21    9 21   10  99  2.16686E-01  2.25037E-01  1.85972E+00 -1.02697E+00  3.29553E+00  1.52780E+00  1.52780E+00
b  21    1 21   11  98  0.00000E+00  0.00000E+00  0.00000E+00  0.00000E+00  0.00000E+00  1.79405E-01  3.58811E-03
b  21    2 21   11  99  2.05018E-01  1.66276E+00 -2.70590E+01  2.71120E+02  2.00000E+01  2.30200E-01  2.30200E-01
b  21    4 21   11  99  3.04996E-01  2.27775E-01  1.66753E+00 -5.47808E-01  2.08003E+00  1.39600E+00  1.39600E+00
b  21    9 21   11  99  3.34823E-01  8.62597E-01  2.11379E+00 -9.89599E-01  2.73904E+00  1.95280E-01  1.95280E-01
b  21   10 21   11  99  2.43012E-01  2.82893E-01  2.17406E+00 -3.13587E-01  4.00299E+00  1.03500E+00  1.03500E+00
b  21    1 21   12  98  0.00000E+00  0.00000E+00  0.00000E+00  0.00000E+00  0.00000E+00  2.33380E-01  4.66760E-03
b  21    2 21   12  99  1.99563E-01  1.62909E+00 -2.64606E+01  2.63196E+02  2.00000E+01  1.39500E-01  1.39500E-01
b  21    5 21   12  99  3.04996E-01  2.27775E-01  1.66753E+00 -5.47808E-01  2.08003E+00  1.39600E+00  1.39600E+00
b  21    9 21   12  99  3.83977E-01  1.17809E+00  2.59307E+00 -1.28366E+00  2.94743E+00  7.15400E-02  7.15400E-02
b  21   10 21   12  99  2.98726E-01  8.15455E-01  2.42541E+00 -1.33786E+00  3.43508E+00  1.50700E-01  1.50700E-01
b  21   11 21   12  99  2.27325E-01  3.19221E-01  1.97115E+00 -3.23200E-01  3.95810E+00  1.35100E+00  1.35100E+00
b  21    1 21   13  98  0.00000E+00  0.00000E+00  0.00000E+00  0.00000E+00  0.00000E+00  2.95649E-01  5.91298E-03
b  21    2 21   13  99  1.91350E-01  1.61439E+00 -2.53984E+01  2.40980E+02  2.00000E+01  9.11800E-02  9.11800E-02
b  21    6 21   13  99  3.04996E-01  2.27775E-01  1.66753E+00 -5.47808E-01  2.08003E+00  1.39600E+00  1.39600E+00
b  21    9 21   13  99  4.07427E-01  1.41368E+00  2.68578E+00 -1.30322E+00  2.94342E+00  3.58200E-02  3.58200E-02
b  21   10 21   13  99  3.37206E-01  1.19141E+00  2.74995E+00 -1.57695E+00  3.55402E+00  5.30800E-02  5.30800E-02
b  21   11 21   13  99  2.79299E-01  8.35289E-01  2.36583E+00 -1.65431E-01  4.26511E+00  1.94600E-01  1.94600E-01
b  21   12 21   13  99  2.16517E-01  3.50501E-01  1.80965E+00 -2.60038E-01  3.93203E+00  1.59000E+00  1.59000E+00
b  21    1 21   14  98  0.00000E+00  0.00000E+00  0.00000E+00  0.00000E+00  0.00000E+00  3.67527E-01  7.35053E-03
b  21    2 21   14  99  1.89847E-01  1.59523E+00 -2.51916E+01  2.40489E+02  2.00000E+01  6.29400E-02  6.29400E-02
b  21    7 21   14  99  3.04996E-01  2.27775E-01  1.66753E+00 -5.47808E-01  2.08003E+00  1.39600E+00  1.39600E+00
b  21    9 21   14  99  4.21228E-01  1.57821E+00  2.71141E+00 -1.33186E+00  2.90938E+00  2.10800E-02  2.10800E-02
b  21   10 21   14  99  3.59270E-01  1.48936E+00  2.79907E+00 -1.57896E+00  3.51955E+00  2.58700E-02  2.58700E-02
b  21   11 21   14  99  3.10320E-01  1.25854E+00  2.48267E+00 -2.32512E-01  4.21220E+00  6.74000E-02  6.74000E-02
b  21   12 21   14  99  2.66630E-01  8.66153E-01  2.12956E+00 -2.07083E-01  4.10213E+00  2.29400E-01  2.29400E-01
b  21   13 21   14  99  2.07460E-01  3.93088E-01  1.68410E+00 -2.55039E-01  3.94400E+00  1.81100E+00  1.81100E+00
b  21    1 21   15  98  0.00000E+00  0.00000E+00  0.00000E+00  0.00000E+00  0.00000E+00  4.47365E-01  8.94731E-03
b  21    2 21   15  99  1.88615E-01  1.58283E+00 -2.51026E+01  2.40845E+02  2.00000E+01  4.52800E-02  4.52800E-02
b  21    8 21   15  99  3.04996E-01  2.27775E-01  1.66753E+00 -5.47808E-01  2.08003E+00  1.39600E+00  1.39600E+00
b  21    9 21   15  99  4.30911E-01  1.69242E+00  2.74263E+00 -1.30173E+00  2.91546E+00  1.36660E-02  1.36660E-02
b  21   10 21   15  99  3.75235E-01  1.71180E+00  2.83029E+00 -1.54315E+00  3.50251E+00  1.49500E-02  1.49500E-02
b  21   11 21   15  99  3.32852E-01  1.58591E+00  2.60119E+00 -3.32183E-01  4.21638E+00  3.24700E-02  3.24700E-02
b  21   12 21   15  99  3.00451E-01  1.29650E+00  2.37776E+00  8.77531E-02  4.39888E+00  7.86900E-02  7.86900E-02
b  21   13 21   15  99  2.60036E-01  8.64574E-01  2.05410E+00 -2.77693E-01  4.09336E+00  2.61900E-01  2.61900E-01
b  21   14 21   15  99  7.17308E-02  2.11288E-01  5.16735E-01 -6.68959E-02  3.92959E+00  5.32400E+00  5.32400E+00
b  21    1 21   16  99  1.40708E-01  2.04304E+00 -6.68776E+01  6.95882E+02  2.00000E+01  6.51156E-01  6.51156E-01
b  21    1 21   17  99  1.22505E-01  1.85803E+00 -5.70898E+01  5.61769E+02  2.00000E+01  2.45920E-01  2.45920E-01
b  21    2 21   17  99  1.40708E-01  2.04304E+00 -6.68776E+01  6.95882E+02  2.00000E+01  7.44178E-01  7.44178E-01
b  21   16 21   17  99  3.04996E-01  2.27775E-01  1.66753E+00 -5.47808E-01  2.08003E+00  1.67520E+00  1.67520E+00
b  21    1 21   18  99  1.24914E-01  1.89394E+00 -5.75631E+01  5.59030E+02  2.00000E+01  1.03280E-01  1.03280E-01
b  21    3 21   18  99  1.40708E-01  2.04304E+00 -6.68776E+01  6.95882E+02  2.00000E+01  7.44178E-01  7.44178E-01
b  21   16 21   18  99  1.42937E-01  1.18850E+00 -1.81781E+01  1.80777E+02  2.00000E+01  6.58800E-01  6.58800E-01
b  21   17 21   18  99  2.16686E-01  2.25037E-01  1.85972E+00 -1.02697E+00  3.29553E+00  7.63900E-01  7.63900E-01
b  21    1 21   19  99  1.29694E-01  2.04575E+00 -6.07638E+01  5.70020E+02  2.00000E+01  5.02960E-02  5.02960E-02
b  21    4 21   19  99  1.40708E-01  2.04304E+00 -6.68776E+01  6.95882E+02  2.00000E+01  7.44178E-01  7.44178E-01
b  21   16 21   19  99  2.05018E-01  1.66276E+00 -2.70590E+01  2.71120E+02  2.00000E+01  2.76240E-01  2.76240E-01
b  21   17 21   19  99  3.34823E-01  8.62597E-01  2.11379E+00 -9.89599E-01  2.73904E+00  9.76400E-02  9.76400E-02
b  21   18 21   19  99  2.43012E-01  2.82893E-01  2.17406E+00 -3.13587E-01  4.00299E+00  1.03500E+00  1.03500E+00
b  21    1 21   20  99  1.26397E-01  1.99853E+00 -5.90048E+01  5.49674E+02  2.00000E+01  2.96560E-02  2.96560E-02
b  21    5 21   20  99  1.40708E-01  2.04304E+00 -6.68776E+01  6.95882E+02  2.00000E+01  7.44178E-01  7.44178E-01
b  21   16 21   20  99  1.99563E-01  1.62909E+00 -2.64606E+01  2.63196E+02  2.00000E+01  1.67400E-01  1.67400E-01
b  21   17 21   20  99  3.83977E-01  1.17809E+00  2.59307E+00 -1.28366E+00  2.94743E+00  3.57700E-02  3.57700E-02
b  21   18 21   20  99  2.98726E-01  8.15455E-01  2.42541E+00 -1.33786E+00  3.43508E+00  1.50700E-01  1.50700E-01
b  21   19 21   20  99  2.27325E-01  3.19221E-01  1.97115E+00 -3.23200E-01  3.95810E+00  1.35100E+00  1.35100E+00
b  21    1 21   21  99  1.24211E-01  1.96890E+00 -5.79002E+01  5.36863E+02  2.00000E+01  1.89760E-02  1.89760E-02
b  21    6 21   21  99  1.40708E-01  2.04304E+00 -6.68776E+01  6.95882E+02  2.00000E+01  7.44178E-01  7.44178E-01
b  21   16 21   21  99  1.91350E-01  1.61439E+00 -2.53984E+01  2.40980E+02  2.00000E+01  1.09416E-01  1.09416E-01
b  21   17 21   21  99  4.07427E-01  1.41368E+00  2.68578E+00 -1.30322E+00  2.94342E+00  1.79100E-02  1.79100E-02
b  21   18 21   21  99  3.37206E-01  1.19141E+00  2.74995E+00 -1.57695E+00  3.55402E+00  5.30800E-02  5.30800E-02
b  21   19 21   21  99  2.79299E-01  8.35289E-01  2.36583E+00 -1.65431E-01  4.26511E+00  1.94600E-01  1.94600E-01
b  21   20 21   21  99  2.16517E-01  3.50501E-01  1.80965E+00 -2.60038E-01  3.93203E+00  1.59000E+00  1.59000E+00
b  21    1 21   22  99  1.23363E-01  1.95065E+00 -5.73975E+01  5.32408E+02  2.00000E+01  1.28800E-02  1.28800E-02
b  21    7 21   22  99  1.40708E-01  2.04304E+00 -6.68776E+01  6.95882E+02  2.00000E+01  7.44178E-01  7.44178E-01
b  21   16 21   22  99  1.89847E-01  1.59523E+00 -2.51916E+01  2.40489E+02  2.00000E+01  7.55280E-02  7.55280E-02
b  21   17 21   22  99  4.21228E-01  1.57821E+00  2.71141E+00 -1.33186E+00  2.90938E+00  1.05400E-02  1.05400E-02
b  21   18 21   22  99  3.59270E-01  1.48936E+00  2.79907E+00 -1.57896E+00  3.51955E+00  2.58700E-02  2.58700E-02
b  21   19 21   22  99  3.10320E-01  1.25854E+00  2.48267E+00 -2.32512E-01  4.21220E+00  6.74000E-02  6.74000E-02
b  21   20 21   22  99  2.66630E-01  8.66153E-01  2.12956E+00 -2.07083E-01  4.10213E+00  2.29400E-01  2.29400E-01
b  21   21 21   22  99  2.07460E-01  3.93088E-01  1.68410E+00 -2.55039E-01  3.94400E+00  1.81100E+00  1.81100E+00
b  21    1 21   23  99  1.22281E-01  1.93581E+00 -5.68548E+01  5.26155E+02  2.00000E+01  9.13600E-03  9.13600E-03
b  21    8 21   23  99  1.40708E-01  2.04304E+00 -6.68776E+01  6.95882E+02  2.00000E+01  7.44178E-01  7.44178E-01
b  21   16 21   23  99  1.88615E-01  1.58283E+00 -2.51026E+01  2.40845E+02  2.00000E+01  5.43360E-02  5.43360E-02
b  21   17 21   23  99  4.30911E-01  1.69242E+00  2.74263E+00 -1.30173E+00  2.91546E+00  6.83300E-03  6.83300E-03
b  21   18 21   23  99  3.75235E-01  1.71180E+00  2.83029E+00 -1.54315E+00  3.50251E+00  1.49500E-02  1.49500E-02
b  21   19 21   23  99  3.32852E-01  1.58591E+00  2.60119E+00 -3.32183E-01  4.21638E+00  3.24700E-02  3.24700E-02
b  21   20 21   23  99  3.00451E-01  1.29650E+00  2.37776E+00  8.77531E-02  4.39888E+00  7.86900E-02  7.86900E-02
b  21   21 21   23  99  2.60036E-01  8.64574E-01  2.05410E+00 -2.77693E-01  4.09336E+00  2.61900E-01  2.61900E-01
b  21   22 21   23  99  7.17308E-02  2.11288E-01  5.16735E-01 -6.68959E-02  3.92959E+00  5.32400E+00  5.32400E+00
b  21    1 21   24  99  2.21534E-01  1.05128E+00 -1.24465E+01  4.83443E+01  5.45840E+00  2.42667E-02  2.42667E-02
b  21   16 21   24  99  2.65325E-01  7.17451E-01 -9.62154E+00  4.04273E+01  4.92457E+00  7.39750E-02  7.39750E-02
b  21    1 21   25  99  2.11931E-01  1.38915E+00 -1.61712E+01  6.12573E+01  5.95345E+00  8.94400E-03  8.94400E-03
b  21    2 21   25  99  2.21534E-01  1.05128E+00 -1.24465E+01  4.83443E+01  5.45840E+00  2.77333E-02  2.77333E-02
b  21   17 21   25  99  2.65325E-01  7.17451E-01 -9.62154E+00  4.04273E+01  4.92457E+00  7.39750E-02  7.39750E-02
b  21   24 21   25  99  3.04996E-01  2.27775E-01  1.66753E+00 -5.47808E-01  2.08003E+00  1.67520E+00  1.67520E+00
b  21    1 21   26  99  2.13225E-01  1.34782E+00 -1.57244E+01  5.97407E+01  5.90117E+00  3.57800E-03  3.57800E-03
b  21    3 21   26  99  2.21534E-01  1.05128E+00 -1.24465E+01  4.83443E+01  5.45840E+00  2.77333E-02  2.77333E-02
b  21   18 21   26  99  2.65325E-01  7.17451E-01 -9.62154E+00  4.04273E+01  4.92457E+00  7.39750E-02  7.39750E-02
b  21   24 21   26  99  1.42937E-01  1.18850E+00 -1.81781E+01  1.80777E+02  2.00000E+01  6.58800E-01  6.58800E-01
b  21   25 21   26  99  2.16686E-01  2.25037E-01  1.85972E+00 -1.02697E+00  3.29553E+00  7.63900E-01  7.63900E-01
b  21    1 21   27  99  2.14475E-01  1.40406E+00 -1.65136E+01  6.26970E+01  5.95497E+00  1.71540E-03  1.71540E-03
b  21    4 21   27  99  2.21534E-01  1.05128E+00 -1.24465E+01  4.83443E+01  5.45840E+00  2.77333E-02  2.77333E-02
b  21   19 21   27  99  2.65325E-01  7.17451E-01 -9.62154E+00  4.04273E+01  4.92457E+00  7.39750E-02  7.39750E-02
b  21   24 21   27  99  2.05018E-01  1.66276E+00 -2.70590E+01  2.71120E+02  2.00000E+01  2.76240E-01  2.76240E-01
b  21   25 21   27  99  3.34823E-01  8.62597E-01  2.11379E+00 -9.89599E-01  2.73904E+00  9.76400E-02  9.76400E-02
b  21   26 21   27  99  2.43012E-01  2.82893E-01  2.17406E+00 -3.13587E-01  4.00299E+00  1.03500E+00  1.03500E+00
b  21    1 21   28  99  2.06386E-01  1.40258E+00 -1.67033E+01  6.39213E+01  6.07756E+00  9.83200E-04  9.83200E-04
b  21    5 21   28  99  2.21534E-01  1.05128E+00 -1.24465E+01  4.83443E+01  5.45840E+00  2.77333E-02  2.77333E-02
b  21   20 21   28  99  2.65325E-01  7.17451E-01 -9.62154E+00  4.04273E+01  4.92457E+00  7.39750E-02  7.39750E-02
b  21   24 21   28  99  1.99563E-01  1.62909E+00 -2.64606E+01  2.63196E+02  2.00000E+01  1.67400E-01  1.67400E-01
b  21   25 21   28  99  3.83977E-01  1.17809E+00  2.59307E+00 -1.28366E+00  2.94743E+00  3.57700E-02  3.57700E-02
b  21   26 21   28  99  2.98726E-01  8.15455E-01  2.42541E+00 -1.33786E+00  3.43508E+00  1.50700E-01  1.50700E-01
b  21   27 21   28  99  2.27325E-01  3.19221E-01  1.97115E+00 -3.23200E-01  3.95810E+00  1.35100E+00  1.35100E+00
b  21    1 21   29  99  2.01972E-01  1.39307E+00 -1.65927E+01  6.34249E+01  6.09887E+00  6.15600E-04  6.15600E-04
b  21    6 21   29  99  2.21534E-01  1.05128E+00 -1.24465E+01  4.83443E+01  5.45840E+00  2.77333E-02  2.77333E-02
b  21   21 21   29  99  2.65325E-01  7.17451E-01 -9.62154E+00  4.04273E+01  4.92457E+00  7.39750E-02  7.39750E-02
b  21   24 21   29  99  1.91350E-01  1.61439E+00 -2.53984E+01  2.40980E+02  2.00000E+01  1.09416E-01  1.09416E-01
b  21   25 21   29  99  4.07427E-01  1.41368E+00  2.68578E+00 -1.30322E+00  2.94342E+00  1.79100E-02  1.79100E-02
b  21   26 21   29  99  3.37206E-01  1.19141E+00  2.74995E+00 -1.57695E+00  3.55402E+00  5.30800E-02  5.30800E-02
b  21   27 21   29  99  2.79299E-01  8.35289E-01  2.36583E+00 -1.65431E-01  4.26511E+00  1.94600E-01  1.94600E-01
b  21   28 21   29  99  2.16517E-01  3.50501E-01  1.80965E+00 -2.60038E-01  3.93203E+00  1.59000E+00  1.59000E+00
b  21    1 21   30  99  2.08072E-01  1.33056E+00 -1.55994E+01  5.91044E+01  5.89438E+00  4.10600E-04  4.10600E-04
b  21    7 21   30  99  2.21534E-01  1.05128E+00 -1.24465E+01  4.83443E+01  5.45840E+00  2.77333E-02  2.77333E-02
b  21   22 21   30  99  2.65325E-01  7.17451E-01 -9.62154E+00  4.04273E+01  4.92457E+00  7.39750E-02  7.39750E-02
b  21   24 21   30  99  1.89847E-01  1.59523E+00 -2.51916E+01  2.40489E+02  2.00000E+01  7.55280E-02  7.55280E-02
b  21   25 21   30  99  4.21228E-01  1.57821E+00  2.71141E+00 -1.33186E+00  2.90938E+00  1.05400E-02  1.05400E-02
b  21   26 21   30  99  3.59270E-01  1.48936E+00  2.79907E+00 -1.57896E+00  3.51955E+00  2.58700E-02  2.58700E-02
b  21   27 21   30  99  3.10320E-01  1.25854E+00  2.48267E+00 -2.32512E-01  4.21220E+00  6.74000E-02  6.74000E-02
b  21   28 21   30  99  2.66630E-01  8.66153E-01  2.12956E+00 -2.07083E-01  4.10213E+00  2.29400E-01  2.29400E-01
b  21   29 21   30  99  2.07460E-01  3.93088E-01  1.68410E+00 -2.55039E-01  3.94400E+00  1.81100E+00  1.81100E+00
b  21    1 21   31  99  2.00692E-01  1.36592E+00 -1.62916E+01  6.23776E+01  6.08144E+00  2.87200E-04  2.87200E-04
b  21    8 21   31  99  2.21534E-01  1.05128E+00 -1.24465E+01  4.83443E+01  5.45840E+00  2.77333E-02  2.77333E-02
b  21   23 21   31  99  2.65325E-01  7.17451E-01 -9.62154E+00  4.04273E+01  4.92457E+00  7.39750E-02  7.39750E-02
b  21   24 21   31  99  1.88615E-01  1.58283E+00 -2.51026E+01  2.40845E+02  2.00000E+01  5.43360E-02  5.43360E-02
b  21   25 21   31  99  4.30911E-01  1.69242E+00  2.74263E+00 -1.30173E+00  2.91546E+00  6.83300E-03  6.83300E-03
b  21   26 21   31  99  3.75235E-01  1.71180E+00  2.83029E+00 -1.54315E+00  3.50251E+00  1.49500E-02  1.49500E-02
b  21   27 21   31  99  3.32852E-01  1.58591E+00  2.60119E+00 -3.32183E-01  4.21638E+00  3.24700E-02  3.24700E-02
b  21   28 21   31  99  3.00451E-01  1.29650E+00  2.37776E+00  8.77531E-02  4.39888E+00  7.86900E-02  7.86900E-02
b  21   29 21   31  99  2.60036E-01  8.64574E-01  2.05410E+00 -2.77693E-01  4.09336E+00  2.61900E-01  2.61900E-01
b  21   30 21   31  99  7.17308E-02  2.11288E-01  5.16735E-01 -6.68959E-02  3.92959E+00  5.32400E+00  5.32400E+00
f  21    1 20    1  99  1.10000E+01  1.24000E+01
p  21    1 20    1  98  1.29770E+00 -1.89670E+00 -1.89930E-01  1.36640E-02  1.10000E+01  1.53700E+02  1.59800E+02  3.07400E+03
f  21    2 20    1  99  1.00000E+00  6.07660E+00
p  21    2 20    1  99  1.00000E+00  6.07660E+00
f  21    3 20    1  99  1.00000E+00  5.22680E+00
p  21    3 20    1  99  1.00000E+00  5.22680E+00
f  21    4 20    1  99  1.00000E+00  5.28200E+00
p  21    4 20    1  99  1.00000E+00  5.28200E+00
f  21    5 20    1  99  1.00000E+00  5.22200E+00
p  21    5 20    1  99  1.00000E+00  5.22200E+00
f  21    6 20    1  99  1.00000E+00  5.10820E+00
p  21    6 20    1  99  1.00000E+00  5.10820E+00
f  21    7 20    1  99  1.00000E+00  5.08820E+00
p  21    7 20    1  99  1.00000E+00  5.08820E+00
f  21    8 20    1  99  1.00000E+00  5.00200E+00
p  21    8 20    1  99  1.00000E+00  5.00200E+00
f  21    2 20    2  99  1.00000E+01  6.07660E+00
p  21    2 20    2  98  1.29770E+00 -1.89670E+00 -1.89930E-01  1.36640E-02  1.10000E+01  1.53700E+02  1.59800E+02  3.07400E+03
f  21    9 20    2  99  2.00000E+00  6.63710E+00
p  21    9 20    2  99  2.00000E+00  6.63710E+00
f  21   10 20    2  99  1.00000E+00  5.28640E+00
p  21   10 20    2  99  1.00000E+00  5.28640E+00
f  21   11 20    2  99  1.00000E+00  5.30400E+00
p  21   11 20    2  99  1.00000E+00  5.30400E+00
f  21   12 20    2  99  1.00000E+00  5.23300E+00
p  21   12 20    2  99  1.00000E+00  5.23300E+00
f  21   13 20    2  99  1.00000E+00  5.11520E+00
p  21   13 20    2  99  1.00000E+00  5.11520E+00
f  21   14 20    2  99  1.00000E+00  5.09420E+00
p  21   14 20    2  99  1.00000E+00  5.09420E+00
f  21   15 20    2  99  1.00000E+00  5.01190E+00
p  21   15 20    2  99  1.00000E+00  5.01190E+00
f  21    3 20    3  99  1.00000E+01  5.22680E+00
p  21    3 20    3  98  1.29770E+00 -1.89670E+00 -1.89930E-01  1.36640E-02  1.10000E+01  1.53700E+02  1.59800E+02  3.07400E+03
f  21   10 20    3  99  1.00000E+00  5.28640E+00
p  21   10 20    3  99  1.00000E+00  5.28640E+00
f  21    4 20    4  99  1.00000E+01  5.28200E+00
p  21    4 20    4  98  1.29770E+00 -1.89670E+00 -1.89930E-01  1.36640E-02  1.10000E+01  1.53700E+02  1.59800E+02  3.07400E+03
f  21   11 20    4  99  1.00000E+00  5.30400E+00
p  21   11 20    4  99  1.00000E+00  5.30400E+00
f  21    5 20    5  99  1.00000E+01  5.22200E+00
p  21    5 20    5  98  1.29770E+00 -1.89670E+00 -1.89930E-01  1.36640E-02  1.10000E+01  1.53700E+02  1.59800E+02  3.07400E+03
f  21   12 20    5  99  1.00000E+00  5.23300E+00
p  21   12 20    5  99  1.00000E+00  5.23300E+00
f  21    6 20    6  99  1.00000E+01  5.10820E+00
p  21    6 20    6  98  1.29770E+00 -1.89670E+00 -1.89930E-01  1.36640E-02  1.10000E+01  1.53700E+02  1.59800E+02  3.07400E+03
f  21   13 20    6  99  1.00000E+00  5.11520E+00
p  21   13 20    6  99  1.00000E+00  5.11520E+00
f  21    7 20    7  99  1.00000E+01  5.08820E+00
p  21    7 20    7  98  1.29770E+00 -1.89670E+00 -1.89930E-01  1.36640E-02  1.10000E+01  1.53700E+02  1.59800E+02  3.07400E+03
f  21   14 20    7  99  1.00000E+00  5.09420E+00
p  21   14 20    7  99  1.00000E+00  5.09420E+00
f  21    8 20    8  99  1.00000E+01  5.00200E+00
p  21    8 20    8  98  1.29770E+00 -1.89670E+00 -1.89930E-01  1.36640E-02  1.10000E+01  1.53700E+02  1.59800E+02  3.07400E+03
f  21   15 20    8  99  1.00000E+00  5.01190E+00
p  21   15 20    8  99  1.00000E+00  5.01190E+00
f  21    9 20    9  99  9.00000E+00  6.63710E+00
p  21    9 20    9  98  1.29770E+00 -1.89670E+00 -1.89930E-01  1.36640E-02  1.10000E+01  1.53700E+02  1.59800E+02  3.07400E+03
f  21   10 20   10  99  9.00000E+00  5.28640E+00
p  21   10 20   10  98  1.29770E+00 -1.89670E+00 -1.89930E-01  1.36640E-02  1.10000E+01  1.53700E+02  1.59800E+02  3.07400E+03
f  21   11 20   11  99  9.00000E+00  5.30400E+00
p  21   11 20   11  98  1.29770E+00 -1.89670E+00 -1.89930E-01  1.36640E-02  1.10000E+01  1.53700E+02  1.59800E+02  3.07400E+03
f  21   12 20   12  99  9.00000E+00  5.23300E+00
p  21   12 20   12  98  1.29770E+00 -1.89670E+00 -1.89930E-01  1.36640E-02  1.10000E+01  1.53700E+02  1.59800E+02  3.07400E+03
f  21   13 20   13  99  9.00000E+00  5.11520E+00
p  21   13 20   13  98  1.29770E+00 -1.89670E+00 -1.89930E-01  1.36640E-02  1.10000E+01  1.53700E+02  1.59800E+02  3.07400E+03
f  21   14 20   14  99  9.00000E+00  5.09420E+00
p  21   14 20   14  98  1.29770E+00 -1.89670E+00 -1.89930E-01  1.36640E-02  1.10000E+01  1.53700E+02  1.59800E+02  3.07400E+03
f  21   15 20   15  99  9.00000E+00  5.01190E+00
p  21   15 20   15  98  1.29770E+00 -1.89670E+00 -1.89930E-01  1.36640E-02  1.10000E+01  1.53700E+02  1.59800E+02  3.07400E+03
f  21    1 20   16  99  8.00000E+00  1.24000E+01
p  21    1 20   16  98  2.05850E+00 -2.35410E+00 -1.75220E-01  1.91850E-02  8.00000E+00  8.34800E+02  8.68200E+02  1.67000E+04
f  21   16 20   16  99  1.20000E+01  1.29640E+01
p  21   16 20   16  98  1.29770E+00 -1.89670E+00 -1.89930E-01  1.36640E-02  1.10000E+01  1.53700E+02  1.59800E+02  3.07400E+03
f  21   17 20   16  99  1.00000E+00  6.13330E+00
p  21   17 20   16  99  1.00000E+00  6.13330E+00
f  21   18 20   16  99  1.00000E+00  5.24510E+00
p  21   18 20   16  99  1.00000E+00  5.24510E+00
f  21   19 20   16  99  1.00000E+00  5.28800E+00
p  21   19 20   16  99  1.00000E+00  5.28800E+00
f  21   20 20   16  99  1.00000E+00  5.22600E+00
p  21   20 20   16  99  1.00000E+00  5.22600E+00
f  21   21 20   16  99  1.00000E+00  5.11720E+00
p  21   21 20   16  99  1.00000E+00  5.11720E+00
f  21   22 20   16  99  1.00000E+00  5.09520E+00
p  21   22 20   16  99  1.00000E+00  5.09520E+00
f  21   23 20   16  99  1.00000E+00  5.00200E+00
p  21   23 20   16  99  1.00000E+00  5.00200E+00
f  21    2 20   17  99  8.00000E+00  6.07660E+00
p  21    2 20   17  98  2.05850E+00 -2.35410E+00 -1.75220E-01  1.91850E-02  8.00000E+00  8.34800E+02  8.68200E+02  1.67000E+04
f  21   17 20   17  99  1.10000E+01  6.13330E+00
p  21   17 20   17  98  1.29770E+00 -1.89670E+00 -1.89930E-01  1.36640E-02  1.10000E+01  1.53700E+02  1.59800E+02  3.07400E+03
f  21    3 20   18  99  8.00000E+00  5.22680E+00
p  21    3 20   18  98  2.05850E+00 -2.35410E+00 -1.75220E-01  1.91850E-02  8.00000E+00  8.34800E+02  8.68200E+02  1.67000E+04
f  21   18 20   18  99  1.10000E+01  5.24510E+00
p  21   18 20   18  98  1.29770E+00 -1.89670E+00 -1.89930E-01  1.36640E-02  1.10000E+01  1.53700E+02  1.59800E+02  3.07400E+03
f  21    4 20   19  99  8.00000E+00  5.28200E+00
p  21    4 20   19  98  2.05850E+00 -2.35410E+00 -1.75220E-01  1.91850E-02  8.00000E+00  8.34800E+02  8.68200E+02  1.67000E+04
f  21   19 20   19  99  1.10000E+01  5.28800E+00
p  21   19 20   19  98  1.29770E+00 -1.89670E+00 -1.89930E-01  1.36640E-02  1.10000E+01  1.53700E+02  1.59800E+02  3.07400E+03
f  21    5 20   20  99  8.00000E+00  5.22200E+00
p  21    5 20   20  98  2.05850E+00 -2.35410E+00 -1.75220E-01  1.91850E-02  8.00000E+00  8.34800E+02  8.68200E+02  1.67000E+04
f  21   20 20   20  99  1.10000E+01  5.22600E+00
p  21   20 20   20  98  1.29770E+00 -1.89670E+00 -1.89930E-01  1.36640E-02  1.10000E+01  1.53700E+02  1.59800E+02  3.07400E+03
f  21    6 20   21  99  8.00000E+00  5.10820E+00
p  21    6 20   21  98  2.05850E+00 -2.35410E+00 -1.75220E-01  1.91850E-02  8.00000E+00  8.34800E+02  8.68200E+02  1.67000E+04
f  21   21 20   21  99  1.10000E+01  5.11720E+00
p  21   21 20   21  98  1.29770E+00 -1.89670E+00 -1.89930E-01  1.36640E-02  1.10000E+01  1.53700E+02  1.59800E+02  3.07400E+03
f  21    7 20   22  99  8.00000E+00  5.08820E+00
p  21    7 20   22  98  2.05850E+00 -2.35410E+00 -1.75220E-01  1.91850E-02  8.00000E+00  8.34800E+02  8.68200E+02  1.67000E+04
f  21   22 20   22  99  1.10000E+01  5.09520E+00
p  21   22 20   22  98  1.29770E+00 -1.89670E+00 -1.89930E-01  1.36640E-02  1.10000E+01  1.53700E+02  1.59800E+02  3.07400E+03
f  21    8 20   23  99  8.00000E+00  5.00200E+00
p  21    8 20   23  98  2.05850E+00 -2.35410E+00 -1.75220E-01  1.91850E-02  8.00000E+00  8.34800E+02  8.68200E+02  1.67000E+04
f  21   23 20   23  99  1.10000E+01  5.00200E+00
p  21   23 20   23  98  1.29770E+00 -1.89670E+00 -1.89930E-01  1.36640E-02  1.10000E+01  1.53700E+02  1.59800E+02  3.07400E+03
f  21    1 20   24  99  2.00000E+00  1.24000E+01
p  21    1 20   24  98  2.15550E+00 -2.50070E+00 -1.94170E-01  2.10780E-02  2.00000E+00  6.58800E+03  6.85200E+03  1.31800E+05
f  21   24 20   24  99  1.20000E+01  1.30440E+01
p  21   24 20   24  98  1.29770E+00 -1.89670E+00 -1.89930E-01  1.36640E-02  1.10000E+01  1.53700E+02  1.59800E+02  3.07400E+03
f  21   25 20   24  99  1.00000E+00  6.15650E+00
p  21   25 20   24  99  1.00000E+00  6.15650E+00
f  21   26 20   24  99  1.00000E+00  5.24420E+00
p  21   26 20   24  99  1.00000E+00  5.24420E+00
f  21   27 20   24  99  1.00000E+00  5.29700E+00
p  21   27 20   24  99  1.00000E+00  5.29700E+00
f  21   28 20   24  99  1.00000E+00  5.23500E+00
p  21   28 20   24  99  1.00000E+00  5.23500E+00
f  21   29 20   24  99  1.00000E+00  5.11810E+00
p  21   29 20   24  99  1.00000E+00  5.11810E+00
f  21   30 20   24  99  1.00000E+00  5.09610E+00
p  21   30 20   24  99  1.00000E+00  5.09610E+00
f  21   31 20   24  99  1.00000E+00  5.00200E+00
p  21   31 20   24  99  1.00000E+00  5.00200E+00
f  21    2 20   25  99  2.00000E+00  6.07660E+00
p  21    2 20   25  98  2.15550E+00 -2.50070E+00 -1.94170E-01  2.10780E-02  2.00000E+00  6.58800E+03  6.85200E+03  1.31800E+05
f  21   25 20   25  99  1.10000E+01  6.15650E+00
p  21   25 20   25  98  1.29770E+00 -1.89670E+00 -1.89930E-01  1.36640E-02  1.10000E+01  1.53700E+02  1.59800E+02  3.07400E+03
f  21    3 20   26  99  2.00000E+00  5.22680E+00
p  21    3 20   26  98  2.15550E+00 -2.50070E+00 -1.94170E-01  2.10780E-02  2.00000E+00  6.58800E+03  6.85200E+03  1.31800E+05
f  21   26 20   26  99  1.10000E+01  5.24420E+00
p  21   26 20   26  98  1.29770E+00 -1.89670E+00 -1.89930E-01  1.36640E-02  1.10000E+01  1.53700E+02  1.59800E+02  3.07400E+03
f  21    4 20   27  99  2.00000E+00  5.28200E+00
p  21    4 20   27  98  2.15550E+00 -2.50070E+00 -1.94170E-01  2.10780E-02  2.00000E+00  6.58800E+03  6.85200E+03  1.31800E+05
f  21   27 20   27  99  1.10000E+01  5.29700E+00
p  21   27 20   27  98  1.29770E+00 -1.89670E+00 -1.89930E-01  1.36640E-02  1.10000E+01  1.53700E+02  1.59800E+02  3.07400E+03
f  21    5 20   28  99  2.00000E+00  5.22200E+00
p  21    5 20   28  98  2.15550E+00 -2.50070E+00 -1.94170E-01  2.10780E-02  2.00000E+00  6.58800E+03  6.85200E+03  1.31800E+05
f  21   28 20   28  99  1.10000E+01  5.23500E+00
p  21   28 20   28  98  1.29770E+00 -1.89670E+00 -1.89930E-01  1.36640E-02  1.10000E+01  1.53700E+02  1.59800E+02  3.07400E+03
f  21    6 20   29  99  2.00000E+00  5.10820E+00
p  21    6 20   29  98  2.15550E+00 -2.50070E+00 -1.94170E-01  2.10780E-02  2.00000E+00  6.58800E+03  6.85200E+03  1.31800E+05
f  21   29 20   29  99  1.10000E+01  5.11810E+00
p  21   29 20   29  98  1.29770E+00 -1.89670E+00 -1.89930E-01  1.36640E-02  1.10000E+01  1.53700E+02  1.59800E+02  3.07400E+03
f  21    7 20   30  99  2.00000E+00  5.08820E+00
p  21    7 20   30  98  2.15550E+00 -2.50070E+00 -1.94170E-01  2.10780E-02  2.00000E+00  6.58800E+03  6.85200E+03  1.31800E+05
f  21   30 20   30  99  1.10000E+01  5.09610E+00
p  21   30 20   30  98  1.29770E+00 -1.89670E+00 -1.89930E-01  1.36640E-02  1.10000E+01  1.53700E+02  1.59800E+02  3.07400E+03
f  21    8 20   31  99  2.00000E+00  5.00200E+00
p  21    8 20   31  98  2.15550E+00 -2.50070E+00 -1.94170E-01  2.10780E-02  2.00000E+00  6.58800E+03  6.85200E+03  1.31800E+05
f  21   31 20   31  99  1.10000E+01  5.00200E+00
p  21   31 20   31  98  1.29770E+00 -1.89670E+00 -1.89930E-01  1.36640E-02  1.10000E+01  1.53700E+02  1.59800E+02  3.07400E+03
a  21    9 20    1   2.45285E+13
a  21   10 20    1   7.80175E+12
a  21   11 20    1   2.98850E+12
a  21   12 20    1   1.38265E+12
a  21   13 20    1   7.09175E+11
a  21   14 20    1   3.93550E+11
a  21   15 20    1   2.32382E+11
a  21   16 20    1   4.35739E+14
a  21   17 20    1   5.21276E+12
a  21   18 20    1   1.37041E+12
a  21   19 20    1   4.91164E+11
a  21   20 20    1   2.27250E+11
a  21   21 20    1   1.16560E+11
a  21   22 20    1   6.46800E+10
a  21   23 20    1   3.81938E+10
a  21   24 20    1   6.02144E+12
a  21   25 20    1   7.86665E+10
a  21   26 20    1   1.98852E+10
a  21   27 20    1   6.87830E+09
a  21   28 20    1   3.18246E+09
a  21   29 20    1   1.63229E+09
a  21   30 20    1   9.05795E+08
a  21   31 20    1   5.34875E+08
a  21   17 20    2   3.63116E+14
a  21   25 20    2   5.01787E+12
a  21   18 20    3   3.63116E+14
a  21   26 20    3   5.01787E+12
a  21   19 20    4   3.63116E+14
a  21   27 20    4   5.01787E+12
a  21   20 20    5   3.63116E+14
a  21   28 20    5   5.01787E+12
a  21   21 20    6   3.63116E+14
a  21   29 20    6   5.01787E+12
a  21   22 20    7   3.63116E+14
a  21   30 20    7   5.01787E+12
a  21   23 20    8   3.63116E+14
a  21   31 20    8   5.01787E+12
a  21   24 20   16   1.50240E+14
a  21   25 20   16   1.02596E+12
a  21   26 20   16   2.60140E+11
a  21   27 20   16   9.01840E+10
a  21   28 20   16   4.17240E+10
a  21   29 20   16   2.14012E+10
a  21   30 20   16   1.18760E+10
a  21   31 20   16   7.01280E+09
a  21   25 20   17   1.37720E+14
a  21   26 20   18   1.37720E+14
a  21   27 20   19   1.37720E+14
a  21   28 20   20   1.37720E+14
a  21   29 20   21   1.37720E+14
a  21   30 20   22   1.37720E+14
a  21   31 20   23   1.37720E+14
b  22    1 22    2  99  2.75745E-01  3.34986E-01  1.41176E+00 -4.65887E-01  2.05162E+00  1.20840E+00  1.20840E+00
b  22    1 22    3  99  2.98668E-01  2.84183E-01  1.55755E+00 -4.93426E-01  2.05662E+00  4.47000E-01  4.47000E-01
b  22    2 22    3  99  2.14789E-01  2.97096E-01  1.73616E+00 -9.32429E-01  3.26623E+00  7.80200E-01  7.80200E-01
b  22    1 22    4  99  2.23010E-01  1.84893E+00 -2.79747E+01  2.73754E+02  2.00000E+01  1.72680E-01  1.72680E-01
b  22    2 22    4  99  3.47560E-01  9.25888E-01  2.84793E+00 -1.63034E+00  3.44720E+00  9.13700E-02  9.13700E-02
b  22    3 22    4  99  2.35863E-01  3.47836E-01  2.02529E+00 -3.63789E-01  3.95692E+00  1.06600E+00  1.06600E+00
b  22    1 22    5  99  2.20487E-01  1.80670E+00 -2.77361E+01  2.73157E+02  2.00000E+01  1.05972E-01  1.05972E-01
b  22    2 22    5  99  3.70861E-01  1.48712E+00  2.20526E+00 -1.03953E+00  2.83903E+00  3.17100E-02  3.17100E-02
b  22    3 22    5  99  2.92506E-01  8.88445E-01  2.42129E+00 -1.96513E-01  4.19377E+00  1.48800E-01  1.48800E-01
b  22    4 22    5  99  2.20007E-01  3.75029E-01  1.83608E+00 -2.85953E-01  3.96089E+00  1.38800E+00  1.38800E+00
b  22    1 22    6  99  2.17354E-01  1.78114E+00 -2.75050E+01  2.70421E+02  2.00000E+01  6.98880E-02  6.98880E-02
b  22    2 22    6  99  4.00733E-01  1.81980E+00  2.32085E+00 -1.05994E+00  2.86411E+00  1.52500E-02  1.52500E-02
b  22    3 22    6  99  3.26966E-01  1.31540E+00  2.58793E+00 -2.89656E-01  4.18703E+00  5.14600E-02  5.14600E-02
b  22    4 22    6  99  2.70217E-01  9.00512E-01  2.14802E+00 -2.81161E-01  4.10287E+00  1.94500E-01  1.94500E-01
b  22    5 22    6  99  2.05387E-01  4.60326E-01  1.60614E+00 -2.40509E-01  3.94042E+00  1.62400E+00  1.62400E+00
b  22    1 22    7  99  2.14784E-01  1.76164E+00 -2.71907E+01  2.65886E+02  2.00000E+01  4.85520E-02  4.85520E-02
b  22    2 22    7  99  4.19651E-01  2.06788E+00  2.33844E+00 -1.07952E+00  2.80377E+00  8.72400E-03  8.72400E-03
b  22    3 22    7  99  3.48303E-01  1.66371E+00  2.48681E+00 -1.32083E+00  3.43401E+00  2.46700E-02  2.46700E-02
b  22    4 22    7  99  3.01271E-01  1.32329E+00  2.29775E+00 -1.80073E-01  4.18984E+00  6.70000E-02  6.70000E-02
b  22    5 22    7  99  2.59632E-01  9.12661E-01  2.00961E+00 -2.46406E-01  4.08778E+00  2.29700E-01  2.29700E-01
b  22    6 22    7  99  1.83741E-01  6.40831E-01  1.25263E+00 -1.76858E-01  3.89506E+00  1.84000E+00  1.84000E+00
b  22    1 22    8  99  2.13159E-01  1.74738E+00 -2.70560E+01  2.64642E+02  2.00000E+01  3.51000E-02  3.51000E-02
b  22    2 22    8  99  4.34853E-01  2.24221E+00  2.41827E+00 -1.08861E+00  2.84106E+00  5.54600E-03  5.54600E-03
b  22    3 22    8  99  3.66741E-01  1.91886E+00  2.58290E+00 -1.36231E+00  3.47267E+00  1.40700E-02  1.40700E-02
b  22    4 22    8  99  3.24768E-01  1.65972E+00  2.46585E+00  6.59933E-02  4.41646E+00  3.20600E-02  3.20600E-02
b  22    5 22    8  99  2.91436E-01  1.34233E+00  2.17468E+00 -2.27491E-01  4.15642E+00  7.87300E-02  7.87300E-02
b  22    6 22    8  99  2.54073E-01  9.00438E-01  1.92408E+00 -2.26230E-01  4.04695E+00  2.62000E-01  2.62000E-01
b  22    7 22    8  99  4.03698E-02  1.63419E-01  3.84497E-01  6.17886E-01  6.90439E+00  8.95600E+00  8.95600E+00
b  22    1 22    9  98  0.00000E+00  0.00000E+00  0.00000E+00  0.00000E+00  0.00000E+00  9.39863E-02  1.87973E-03
b  22    2 22    9  99  2.75745E-01  3.34986E-01  1.41176E+00 -4.65887E-01  2.05162E+00  1.07308E+00  1.07308E+00
b  22    1 22   10  98  0.00000E+00  0.00000E+00  0.00000E+00  0.00000E+00  0.00000E+00  1.37972E-01  2.75944E-03
b  22    2 22   10  99  2.98668E-01  2.84183E-01  1.55755E+00 -4.93426E-01  2.05662E+00  4.09750E-01  4.09750E-01
b  22    3 22   10  99  2.75745E-01  3.34986E-01  1.41176E+00 -4.65887E-01  2.05162E+00  1.10770E+00  1.10770E+00
b  22    9 22   10  99  2.14789E-01  2.97096E-01  1.73616E+00 -9.32429E-01  3.26623E+00  1.56040E+00  1.56040E+00
b  22    1 22   11  98  0.00000E+00  0.00000E+00  0.00000E+00  0.00000E+00  0.00000E+00  1.87929E-01  3.75859E-03
b  22    2 22   11  99  2.23010E-01  1.84893E+00 -2.79747E+01  2.73754E+02  2.00000E+01  1.58290E-01  1.58290E-01
b  22    4 22   11  99  2.75745E-01  3.34986E-01  1.41176E+00 -4.65887E-01  2.05162E+00  1.10770E+00  1.10770E+00
b  22    9 22   11  99  3.47560E-01  9.25888E-01  2.84793E+00 -1.63034E+00  3.44720E+00  1.82740E-01  1.82740E-01
b  22   10 22   11  99  2.35863E-01  3.47836E-01  2.02529E+00 -3.63789E-01  3.95692E+00  1.06600E+00  1.06600E+00
b  22    1 22   12  98  0.00000E+00  0.00000E+00  0.00000E+00  0.00000E+00  0.00000E+00  2.45722E-01  4.91443E-03
b  22    2 22   12  99  2.20487E-01  1.80670E+00 -2.77361E+01  2.73157E+02  2.00000E+01  9.71410E-02  9.71410E-02
b  22    5 22   12  99  2.75745E-01  3.34986E-01  1.41176E+00 -4.65887E-01  2.05162E+00  1.10770E+00  1.10770E+00
b  22    9 22   12  99  3.70861E-01  1.48712E+00  2.20526E+00 -1.03953E+00  2.83903E+00  6.34200E-02  6.34200E-02
b  22   10 22   12  99  2.92506E-01  8.88445E-01  2.42129E+00 -1.96513E-01  4.19377E+00  1.48800E-01  1.48800E-01
b  22   11 22   12  99  2.20007E-01  3.75029E-01  1.83608E+00 -2.85953E-01  3.96089E+00  1.38800E+00  1.38800E+00
b  22    1 22   13  98  0.00000E+00  0.00000E+00  0.00000E+00  0.00000E+00  0.00000E+00  3.12261E-01  6.24523E-03
b  22    2 22   13  99  2.17354E-01  1.78114E+00 -2.75050E+01  2.70421E+02  2.00000E+01  6.40640E-02  6.40640E-02
b  22    6 22   13  99  2.75745E-01  3.34986E-01  1.41176E+00 -4.65887E-01  2.05162E+00  1.10770E+00  1.10770E+00
b  22    9 22   13  99  4.00733E-01  1.81980E+00  2.32085E+00 -1.05994E+00  2.86411E+00  3.05000E-02  3.05000E-02
b  22   10 22   13  99  3.26966E-01  1.31540E+00  2.58793E+00 -2.89656E-01  4.18703E+00  5.14600E-02  5.14600E-02
b  22   11 22   13  99  2.70217E-01  9.00512E-01  2.14802E+00 -2.81161E-01  4.10287E+00  1.94500E-01  1.94500E-01
b  22   12 22   13  99  2.05387E-01  4.60326E-01  1.60614E+00 -2.40509E-01  3.94042E+00  1.62400E+00  1.62400E+00
b  22    1 22   14  98  0.00000E+00  0.00000E+00  0.00000E+00  0.00000E+00  0.00000E+00  3.89099E-01  7.78197E-03
b  22    2 22   14  99  2.14784E-01  1.76164E+00 -2.71907E+01  2.65886E+02  2.00000E+01  4.45060E-02  4.45060E-02
b  22    7 22   14  99  2.75745E-01  3.34986E-01  1.41176E+00 -4.65887E-01  2.05162E+00  1.10770E+00  1.10770E+00
b  22    9 22   14  99  4.19651E-01  2.06788E+00  2.33844E+00 -1.07952E+00  2.80377E+00  1.74480E-02  1.74480E-02
b  22   10 22   14  99  3.48303E-01  1.66371E+00  2.48681E+00 -1.32083E+00  3.43401E+00  2.46700E-02  2.46700E-02
b  22   11 22   14  99  3.01271E-01  1.32329E+00  2.29775E+00 -1.80073E-01  4.18984E+00  6.70000E-02  6.70000E-02
b  22   12 22   14  99  2.59632E-01  9.12661E-01  2.00961E+00 -2.46406E-01  4.08778E+00  2.29700E-01  2.29700E-01
b  22   13 22   14  99  1.83741E-01  6.40831E-01  1.25263E+00 -1.76858E-01  3.89506E+00  1.84000E+00  1.84000E+00
b  22    1 22   15  98  0.00000E+00  0.00000E+00  0.00000E+00  0.00000E+00  0.00000E+00  4.74320E-01  9.48640E-03
b  22    2 22   15  99  2.13159E-01  1.74738E+00 -2.70560E+01  2.64642E+02  2.00000E+01  3.21750E-02  3.21750E-02
b  22    8 22   15  99  2.75745E-01  3.34986E-01  1.41176E+00 -4.65887E-01  2.05162E+00  1.10770E+00  1.10770E+00
b  22    9 22   15  99  4.34853E-01  2.24221E+00  2.41827E+00 -1.08861E+00  2.84106E+00  1.10920E-02  1.10920E-02
b  22   10 22   15  99  3.66741E-01  1.91886E+00  2.58290E+00 -1.36231E+00  3.47267E+00  1.40700E-02  1.40700E-02
b  22   11 22   15  99  3.24768E-01  1.65972E+00  2.46585E+00  6.59933E-02  4.41646E+00  3.20600E-02  3.20600E-02
b  22   12 22   15  99  2.91436E-01  1.34233E+00  2.17468E+00 -2.27491E-01  4.15642E+00  7.87300E-02  7.87300E-02
b  22   13 22   15  99  2.54073E-01  9.00438E-01  1.92408E+00 -2.26230E-01  4.04695E+00  2.62000E-01  2.62000E-01
b  22   14 22   15  99  4.03698E-02  1.63419E-01  3.84497E-01  6.17886E-01  6.90439E+00  8.95600E+00  8.95600E+00
b  22    1 22   16  99  1.47822E-01  2.16860E+00 -7.04939E+01  7.27982E+02  2.00000E+01  4.99200E-01  4.99200E-01
b  22    1 22   17  99  1.22187E-01  1.83283E+00 -5.73364E+01  5.75021E+02  2.00000E+01  1.84240E-01  1.84240E-01
b  22    2 22   17  99  1.47822E-01  2.16860E+00 -7.04939E+01  7.27982E+02  2.00000E+01  5.82400E-01  5.82400E-01
b  22   16 22   17  99  2.75745E-01  3.34986E-01  1.41176E+00 -4.65887E-01  2.05162E+00  1.30910E+00  1.30910E+00
b  22    1 22   18  99  1.25762E-01  1.88208E+00 -5.83850E+01  5.78508E+02  2.00000E+01  7.61200E-02  7.61200E-02
b  22    3 22   18  99  1.47822E-01  2.16860E+00 -7.04939E+01  7.27982E+02  2.00000E+01  5.82400E-01  5.82400E-01
b  22   16 22   18  99  2.98668E-01  2.84183E-01  1.55755E+00 -4.93426E-01  2.05662E+00  4.84250E-01  4.84250E-01
b  22   17 22   18  99  2.14789E-01  2.97096E-01  1.73616E+00 -9.32429E-01  3.26623E+00  7.80200E-01  7.80200E-01
b  22    1 22   19  99  1.32147E-01  2.05088E+00 -6.24975E+01  6.01367E+02  2.00000E+01  3.67200E-02  3.67200E-02
b  22    4 22   19  99  1.47822E-01  2.16860E+00 -7.04939E+01  7.27982E+02  2.00000E+01  5.82400E-01  5.82400E-01
b  22   16 22   19  99  2.23010E-01  1.84893E+00 -2.79747E+01  2.73754E+02  2.00000E+01  1.87070E-01  1.87070E-01
b  22   17 22   19  99  3.47560E-01  9.25888E-01  2.84793E+00 -1.63034E+00  3.44720E+00  9.13700E-02  9.13700E-02
b  22   18 22   19  99  2.35863E-01  3.47836E-01  2.02529E+00 -3.63789E-01  3.95692E+00  1.06600E+00  1.06600E+00
b  22    1 22   20  99  1.29266E-01  2.00246E+00 -6.09043E+01  5.84413E+02  2.00000E+01  2.15120E-02  2.15120E-02
b  22    5 22   20  99  1.47822E-01  2.16860E+00 -7.04939E+01  7.27982E+02  2.00000E+01  5.82400E-01  5.82400E-01
b  22   16 22   20  99  2.20487E-01  1.80670E+00 -2.77361E+01  2.73157E+02  2.00000E+01  1.14803E-01  1.14803E-01
b  22   17 22   20  99  3.70861E-01  1.48712E+00  2.20526E+00 -1.03953E+00  2.83903E+00  3.17100E-02  3.17100E-02
b  22   18 22   20  99  2.92506E-01  8.88445E-01  2.42129E+00 -1.96513E-01  4.19377E+00  1.48800E-01  1.48800E-01
b  22   19 22   20  99  2.20007E-01  3.75029E-01  1.83608E+00 -2.85953E-01  3.96089E+00  1.38800E+00  1.38800E+00
b  22    1 22   21  99  1.27408E-01  1.97357E+00 -5.99836E+01  5.74694E+02  2.00000E+01  1.37040E-02  1.37040E-02
b  22    6 22   21  99  1.47822E-01  2.16860E+00 -7.04939E+01  7.27982E+02  2.00000E+01  5.82400E-01  5.82400E-01
b  22   16 22   21  99  2.17354E-01  1.78114E+00 -2.75050E+01  2.70421E+02  2.00000E+01  7.57120E-02  7.57120E-02
b  22   17 22   21  99  4.00733E-01  1.81980E+00  2.32085E+00 -1.05994E+00  2.86411E+00  1.52500E-02  1.52500E-02
b  22   18 22   21  99  3.26966E-01  1.31540E+00  2.58793E+00 -2.89656E-01  4.18703E+00  5.14600E-02  5.14600E-02
b  22   19 22   21  99  2.70217E-01  9.00512E-01  2.14802E+00 -2.81161E-01  4.10287E+00  1.94500E-01  1.94500E-01
b  22   20 22   21  99  2.05387E-01  4.60326E-01  1.60614E+00 -2.40509E-01  3.94042E+00  1.62400E+00  1.62400E+00
b  22    1 22   22  99  1.26372E-01  1.95161E+00 -5.93198E+01  5.68237E+02  2.00000E+01  9.26400E-03  9.26400E-03
b  22    7 22   22  99  1.47822E-01  2.16860E+00 -7.04939E+01  7.27982E+02  2.00000E+01  5.82400E-01  5.82400E-01
b  22   16 22   22  99  2.14784E-01  1.76164E+00 -2.71907E+01  2.65886E+02  2.00000E+01  5.25980E-02  5.25980E-02
b  22   17 22   22  99  4.19651E-01  2.06788E+00  2.33844E+00 -1.07952E+00  2.80377E+00  8.72400E-03  8.72400E-03
b  22   18 22   22  99  3.48303E-01  1.66371E+00  2.48681E+00 -1.32083E+00  3.43401E+00  2.46700E-02  2.46700E-02
b  22   19 22   22  99  3.01271E-01  1.32329E+00  2.29775E+00 -1.80073E-01  4.18984E+00  6.70000E-02  6.70000E-02
b  22   20 22   22  99  2.59632E-01  9.12661E-01  2.00961E+00 -2.46406E-01  4.08778E+00  2.29700E-01  2.29700E-01
b  22   21 22   22  99  1.83741E-01  6.40831E-01  1.25263E+00 -1.76858E-01  3.89506E+00  1.84000E+00  1.84000E+00
b  22    1 22   23  99  1.24746E-01  1.93503E+00 -5.86145E+01  5.59155E+02  2.00000E+01  6.55680E-03  6.55680E-03
b  22    8 22   23  99  1.47822E-01  2.16860E+00 -7.04939E+01  7.27982E+02  2.00000E+01  5.82400E-01  5.82400E-01
b  22   16 22   23  99  2.13159E-01  1.74738E+00 -2.70560E+01  2.64642E+02  2.00000E+01  3.80250E-02  3.80250E-02
b  22   17 22   23  99  4.34853E-01  2.24221E+00  2.41827E+00 -1.08861E+00  2.84106E+00  5.54600E-03  5.54600E-03
b  22   18 22   23  99  3.66741E-01  1.91886E+00  2.58290E+00 -1.36231E+00  3.47267E+00  1.40700E-02  1.40700E-02
b  22   19 22   23  99  3.24768E-01  1.65972E+00  2.46585E+00  6.59933E-02  4.41646E+00  3.20600E-02  3.20600E-02
b  22   20 22   23  99  2.91436E-01  1.34233E+00  2.17468E+00 -2.27491E-01  4.15642E+00  7.87300E-02  7.87300E-02
b  22   21 22   23  99  2.54073E-01  9.00438E-01  1.92408E+00 -2.26230E-01  4.04695E+00  2.62000E-01  2.62000E-01
b  22   22 22   23  99  4.03698E-02  1.63419E-01  3.84497E-01  6.17886E-01  6.90439E+00  8.95600E+00  8.95600E+00
b  22    1 22   24  99  2.18019E-01  1.06690E+00 -1.26523E+01  4.91432E+01  5.51330E+00  1.99800E-02  1.99800E-02
b  22   16 22   24  99  2.65325E-01  7.17451E-01 -9.62154E+00  4.04273E+01  4.92457E+00  7.39750E-02  7.39750E-02
b  22    1 22   25  99  2.17731E-01  1.43640E+00 -1.67680E+01  6.37210E+01  5.98606E+00  6.65600E-03  6.65600E-03
b  22    2 22   25  99  2.18019E-01  1.06690E+00 -1.26523E+01  4.91432E+01  5.51330E+00  2.33100E-02  2.33100E-02
b  22   17 22   25  99  2.65325E-01  7.17451E-01 -9.62154E+00  4.04273E+01  4.92457E+00  7.39750E-02  7.39750E-02
b  22   24 22   25  99  2.75745E-01  3.34986E-01  1.41176E+00 -4.65887E-01  2.05162E+00  1.30910E+00  1.30910E+00
b  22    1 22   26  99  2.16517E-01  1.38204E+00 -1.61632E+01  6.15058E+01  5.92551E+00  2.56800E-03  2.56800E-03
b  22    3 22   26  99  2.18019E-01  1.06690E+00 -1.26523E+01  4.91432E+01  5.51330E+00  2.33100E-02  2.33100E-02
b  22   18 22   26  99  2.65325E-01  7.17451E-01 -9.62154E+00  4.04273E+01  4.92457E+00  7.39750E-02  7.39750E-02
b  22   24 22   26  99  2.98668E-01  2.84183E-01  1.55755E+00 -4.93426E-01  2.05662E+00  4.84250E-01  4.84250E-01
b  22   25 22   26  99  2.14789E-01  2.97096E-01  1.73616E+00 -9.32429E-01  3.26623E+00  7.80200E-01  7.80200E-01
b  22    1 22   27  99  2.17364E-01  1.41649E+00 -1.67354E+01  6.38104E+01  5.96781E+00  1.20420E-03  1.20420E-03
b  22    4 22   27  99  2.18019E-01  1.06690E+00 -1.26523E+01  4.91432E+01  5.51330E+00  2.33100E-02  2.33100E-02
b  22   19 22   27  99  2.65325E-01  7.17451E-01 -9.62154E+00  4.04273E+01  4.92457E+00  7.39750E-02  7.39750E-02
b  22   24 22   27  99  2.23010E-01  1.84893E+00 -2.79747E+01  2.73754E+02  2.00000E+01  1.87070E-01  1.87070E-01
b  22   25 22   27  99  3.47560E-01  9.25888E-01  2.84793E+00 -1.63034E+00  3.44720E+00  9.13700E-02  9.13700E-02
b  22   26 22   27  99  2.35863E-01  3.47836E-01  2.02529E+00 -3.63789E-01  3.95692E+00  1.06600E+00  1.06600E+00
b  22    1 22   28  99  2.10174E-01  1.39620E+00 -1.65426E+01  6.31249E+01  6.01070E+00  6.80200E-04  6.80200E-04
b  22    5 22   28  99  2.18019E-01  1.06690E+00 -1.26523E+01  4.91432E+01  5.51330E+00  2.33100E-02  2.33100E-02
b  22   20 22   28  99  2.65325E-01  7.17451E-01 -9.62154E+00  4.04273E+01  4.92457E+00  7.39750E-02  7.39750E-02
b  22   24 22   28  99  2.20487E-01  1.80670E+00 -2.77361E+01  2.73157E+02  2.00000E+01  1.14803E-01  1.14803E-01
b  22   25 22   28  99  3.70861E-01  1.48712E+00  2.20526E+00 -1.03953E+00  2.83903E+00  3.17100E-02  3.17100E-02
b  22   26 22   28  99  2.92506E-01  8.88445E-01  2.42129E+00 -1.96513E-01  4.19377E+00  1.48800E-01  1.48800E-01
b  22   27 22   28  99  2.20007E-01  3.75029E-01  1.83608E+00 -2.85953E-01  3.96089E+00  1.38800E+00  1.38800E+00
b  22    1 22   29  99  2.12995E-01  1.34076E+00 -1.57298E+01  5.97002E+01  5.87336E+00  4.21400E-04  4.21400E-04
b  22    6 22   29  99  2.18019E-01  1.06690E+00 -1.26523E+01  4.91432E+01  5.51330E+00  2.33100E-02  2.33100E-02
b  22   21 22   29  99  2.65325E-01  7.17451E-01 -9.62154E+00  4.04273E+01  4.92457E+00  7.39750E-02  7.39750E-02
b  22   24 22   29  99  2.17354E-01  1.78114E+00 -2.75050E+01  2.70421E+02  2.00000E+01  7.57120E-02  7.57120E-02
b  22   25 22   29  99  4.00733E-01  1.81980E+00  2.32085E+00 -1.05994E+00  2.86411E+00  1.52500E-02  1.52500E-02
b  22   26 22   29  99  3.26966E-01  1.31540E+00  2.58793E+00 -2.89656E-01  4.18703E+00  5.14600E-02  5.14600E-02
b  22   27 22   29  99  2.70217E-01  9.00512E-01  2.14802E+00 -2.81161E-01  4.10287E+00  1.94500E-01  1.94500E-01
b  22   28 22   29  99  2.05387E-01  4.60326E-01  1.60614E+00 -2.40509E-01  3.94042E+00  1.62400E+00  1.62400E+00
b  22    1 22   30  99  2.06706E-01  1.35781E+00 -1.61076E+01  6.15336E+01  5.99309E+00  2.79000E-04  2.79000E-04
b  22    7 22   30  99  2.18019E-01  1.06690E+00 -1.26523E+01  4.91432E+01  5.51330E+00  2.33100E-02  2.33100E-02
b  22   22 22   30  99  2.65325E-01  7.17451E-01 -9.62154E+00  4.04273E+01  4.92457E+00  7.39750E-02  7.39750E-02
b  22   24 22   30  99  2.14784E-01  1.76164E+00 -2.71907E+01  2.65886E+02  2.00000E+01  5.25980E-02  5.25980E-02
b  22   25 22   30  99  4.19651E-01  2.06788E+00  2.33844E+00 -1.07952E+00  2.80377E+00  8.72400E-03  8.72400E-03
b  22   26 22   30  99  3.48303E-01  1.66371E+00  2.48681E+00 -1.32083E+00  3.43401E+00  2.46700E-02  2.46700E-02
b  22   27 22   30  99  3.01271E-01  1.32329E+00  2.29775E+00 -1.80073E-01  4.18984E+00  6.70000E-02  6.70000E-02
b  22   28 22   30  99  2.59632E-01  9.12661E-01  2.00961E+00 -2.46406E-01  4.08778E+00  2.29700E-01  2.29700E-01
b  22   29 22   30  99  1.83741E-01  6.40831E-01  1.25263E+00 -1.76858E-01  3.89506E+00  1.84000E+00  1.84000E+00
b  22    1 22   31  99  2.09382E-01  1.32118E+00 -1.55401E+01  5.90776E+01  5.88657E+00  1.94000E-04  1.94000E-04
b  22    8 22   31  99  2.18019E-01  1.06690E+00 -1.26523E+01  4.91432E+01  5.51330E+00  2.33100E-02  2.33100E-02
b  22   23 22   31  99  2.65325E-01  7.17451E-01 -9.62154E+00  4.04273E+01  4.92457E+00  7.39750E-02  7.39750E-02
b  22   24 22   31  99  2.13159E-01  1.74738E+00 -2.70560E+01  2.64642E+02  2.00000E+01  3.80250E-02  3.80250E-02
b  22   25 22   31  99  4.34853E-01  2.24221E+00  2.41827E+00 -1.08861E+00  2.84106E+00  5.54600E-03  5.54600E-03
b  22   26 22   31  99  3.66741E-01  1.91886E+00  2.58290E+00 -1.36231E+00  3.47267E+00  1.40700E-02  1.40700E-02
b  22   27 22   31  99  3.24768E-01  1.65972E+00  2.46585E+00  6.59933E-02  4.41646E+00  3.20600E-02  3.20600E-02
b  22   28 22   31  99  2.91436E-01  1.34233E+00  2.17468E+00 -2.27491E-01  4.15642E+00  7.87300E-02  7.87300E-02
b  22   29 22   31  99  2.54073E-01  9.00438E-01  1.92408E+00 -2.26230E-01  4.04695E+00  2.62000E-01  2.62000E-01
b  22   30 22   31  99  4.03698E-02  1.63419E-01  3.84497E-01  6.17886E-01  6.90439E+00  8.95600E+00  8.95600E+00
f  22    1 21    1  99  1.20000E+01  1.20600E+01
p  22    1 21    1  98  1.29560E+00 -1.74770E+00 -2.31970E-01  1.88930E-02  1.20000E+01  1.32700E+02  1.38000E+02  2.65400E+03
f  22    2 21    1  99  1.00000E+00  5.16110E+00
p  22    2 21    1  99  1.00000E+00  5.16110E+00
f  22    3 21    1  99  1.00000E+00  4.24720E+00
p  22    3 21    1  99  1.00000E+00  4.24720E+00
f  22    4 21    1  99  1.00000E+00  4.30000E+00
p  22    4 21    1  99  1.00000E+00  4.30000E+00
f  22    5 21    1  99  1.00000E+00  4.23600E+00
p  22    5 21    1  99  1.00000E+00  4.23600E+00
f  22    6 21    1  99  1.00000E+00  4.11820E+00
p  22    6 21    1  99  1.00000E+00  4.11820E+00
f  22    7 21    1  99  1.00000E+00  4.09620E+00
p  22    7 21    1  99  1.00000E+00  4.09620E+00
f  22    8 21    1  99  1.00000E+00  4.00210E+00
p  22    8 21    1  99  1.00000E+00  4.00210E+00
f  22    2 21    2  99  1.10000E+01  5.16110E+00
p  22    2 21    2  98  1.29560E+00 -1.74770E+00 -2.31970E-01  1.88930E-02  1.20000E+01  1.32700E+02  1.38000E+02  2.65400E+03
f  22    9 21    2  99  2.00000E+00  5.72160E+00
p  22    9 21    2  99  2.00000E+00  5.72160E+00
f  22   10 21    2  99  1.00000E+00  4.30680E+00
p  22   10 21    2  99  1.00000E+00  4.30680E+00
f  22   11 21    2  99  1.00000E+00  4.32200E+00
p  22   11 21    2  99  1.00000E+00  4.32200E+00
f  22   12 21    2  99  1.00000E+00  4.24700E+00
p  22   12 21    2  99  1.00000E+00  4.24700E+00
f  22   13 21    2  99  1.00000E+00  4.12520E+00
p  22   13 21    2  99  1.00000E+00  4.12520E+00
f  22   14 21    2  99  1.00000E+00  4.10220E+00
p  22   14 21    2  99  1.00000E+00  4.10220E+00
f  22   15 21    2  99  1.00000E+00  4.01200E+00
p  22   15 21    2  99  1.00000E+00  4.01200E+00
f  22    3 21    3  99  1.10000E+01  4.24720E+00
p  22    3 21    3  98  1.29560E+00 -1.74770E+00 -2.31970E-01  1.88930E-02  1.20000E+01  1.32700E+02  1.38000E+02  2.65400E+03
f  22   10 21    3  99  1.00000E+00  4.30680E+00
p  22   10 21    3  99  1.00000E+00  4.30680E+00
f  22    4 21    4  99  1.10000E+01  4.30000E+00
p  22    4 21    4  98  1.29560E+00 -1.74770E+00 -2.31970E-01  1.88930E-02  1.20000E+01  1.32700E+02  1.38000E+02  2.65400E+03
f  22   11 21    4  99  1.00000E+00  4.32200E+00
p  22   11 21    4  99  1.00000E+00  4.32200E+00
f  22    5 21    5  99  1.10000E+01  4.23600E+00
p  22    5 21    5  98  1.29560E+00 -1.74770E+00 -2.31970E-01  1.88930E-02  1.20000E+01  1.32700E+02  1.38000E+02  2.65400E+03
f  22   12 21    5  99  1.00000E+00  4.24700E+00
p  22   12 21    5  99  1.00000E+00  4.24700E+00
f  22    6 21    6  99  1.10000E+01  4.11820E+00
p  22    6 21    6  98  1.29560E+00 -1.74770E+00 -2.31970E-01  1.88930E-02  1.20000E+01  1.32700E+02  1.38000E+02  2.65400E+03
f  22   13 21    6  99  1.00000E+00  4.12520E+00
p  22   13 21    6  99  1.00000E+00  4.12520E+00
f  22    7 21    7  99  1.10000E+01  4.09620E+00
p  22    7 21    7  98  1.29560E+00 -1.74770E+00 -2.31970E-01  1.88930E-02  1.20000E+01  1.32700E+02  1.38000E+02  2.65400E+03
f  22   14 21    7  99  1.00000E+00  4.10220E+00
p  22   14 21    7  99  1.00000E+00  4.10220E+00
f  22    8 21    8  99  1.10000E+01  4.00210E+00
p  22    8 21    8  98  1.29560E+00 -1.74770E+00 -2.31970E-01  1.88930E-02  1.20000E+01  1.32700E+02  1.38000E+02  2.65400E+03
f  22   15 21    8  99  1.00000E+00  4.01200E+00
p  22   15 21    8  99  1.00000E+00  4.01200E+00
f  22    9 21    9  99  1.00000E+01  5.72160E+00
p  22    9 21    9  98  1.29560E+00 -1.74770E+00 -2.31970E-01  1.88930E-02  1.20000E+01  1.32700E+02  1.38000E+02  2.65400E+03
f  22   10 21   10  99  1.00000E+01  4.30680E+00
p  22   10 21   10  98  1.29560E+00 -1.74770E+00 -2.31970E-01  1.88930E-02  1.20000E+01  1.32700E+02  1.38000E+02  2.65400E+03
f  22   11 21   11  99  1.00000E+01  4.32200E+00
p  22   11 21   11  98  1.29560E+00 -1.74770E+00 -2.31970E-01  1.88930E-02  1.20000E+01  1.32700E+02  1.38000E+02  2.65400E+03
f  22   12 21   12  99  1.00000E+01  4.24700E+00
p  22   12 21   12  98  1.29560E+00 -1.74770E+00 -2.31970E-01  1.88930E-02  1.20000E+01  1.32700E+02  1.38000E+02  2.65400E+03
f  22   13 21   13  99  1.00000E+01  4.12520E+00
p  22   13 21   13  98  1.29560E+00 -1.74770E+00 -2.31970E-01  1.88930E-02  1.20000E+01  1.32700E+02  1.38000E+02  2.65400E+03
f  22   14 21   14  99  1.00000E+01  4.10220E+00
p  22   14 21   14  98  1.29560E+00 -1.74770E+00 -2.31970E-01  1.88930E-02  1.20000E+01  1.32700E+02  1.38000E+02  2.65400E+03
f  22   15 21   15  99  1.00000E+01  4.01200E+00
p  22   15 21   15  98  1.29560E+00 -1.74770E+00 -2.31970E-01  1.88930E-02  1.20000E+01  1.32700E+02  1.38000E+02  2.65400E+03
f  22    1 21   16  99  8.00000E+00  1.20600E+01
p  22    1 21   16  98  2.09290E+00 -2.33400E+00 -1.83840E-01  2.05900E-02  8.00000E+00  8.11000E+02  8.43400E+02  1.62200E+04
f  22   16 21   16  99  1.30000E+01  1.26240E+01
p  22   16 21   16  98  1.29560E+00 -1.74770E+00 -2.31970E-01  1.88930E-02  1.20000E+01  1.32700E+02  1.38000E+02  2.65400E+03
f  22   17 21   16  99  1.00000E+00  5.21780E+00
p  22   17 21   16  99  1.00000E+00  5.21780E+00
f  22   18 21   16  99  1.00000E+00  4.26550E+00
p  22   18 21   16  99  1.00000E+00  4.26550E+00
f  22   19 21   16  99  1.00000E+00  4.30600E+00
p  22   19 21   16  99  1.00000E+00  4.30600E+00
f  22   20 21   16  99  1.00000E+00  4.24000E+00
p  22   20 21   16  99  1.00000E+00  4.24000E+00
f  22   21 21   16  99  1.00000E+00  4.12720E+00
p  22   21 21   16  99  1.00000E+00  4.12720E+00
f  22   22 21   16  99  1.00000E+00  4.10320E+00
p  22   22 21   16  99  1.00000E+00  4.10320E+00
f  22   23 21   16  99  1.00000E+00  4.00210E+00
p  22   23 21   16  99  1.00000E+00  4.00210E+00
f  22    2 21   17  99  8.00000E+00  5.16110E+00
p  22    2 21   17  98  2.09290E+00 -2.33400E+00 -1.83840E-01  2.05900E-02  8.00000E+00  8.11000E+02  8.43400E+02  1.62200E+04
f  22   17 21   17  99  1.20000E+01  5.21780E+00
p  22   17 21   17  98  1.29560E+00 -1.74770E+00 -2.31970E-01  1.88930E-02  1.20000E+01  1.32700E+02  1.38000E+02  2.65400E+03
f  22    3 21   18  99  8.00000E+00  4.24720E+00
p  22    3 21   18  98  2.09290E+00 -2.33400E+00 -1.83840E-01  2.05900E-02  8.00000E+00  8.11000E+02  8.43400E+02  1.62200E+04
f  22   18 21   18  99  1.20000E+01  4.26550E+00
p  22   18 21   18  98  1.29560E+00 -1.74770E+00 -2.31970E-01  1.88930E-02  1.20000E+01  1.32700E+02  1.38000E+02  2.65400E+03
f  22    4 21   19  99  8.00000E+00  4.30000E+00
p  22    4 21   19  98  2.09290E+00 -2.33400E+00 -1.83840E-01  2.05900E-02  8.00000E+00  8.11000E+02  8.43400E+02  1.62200E+04
f  22   19 21   19  99  1.20000E+01  4.30600E+00
p  22   19 21   19  98  1.29560E+00 -1.74770E+00 -2.31970E-01  1.88930E-02  1.20000E+01  1.32700E+02  1.38000E+02  2.65400E+03
f  22    5 21   20  99  8.00000E+00  4.23600E+00
p  22    5 21   20  98  2.09290E+00 -2.33400E+00 -1.83840E-01  2.05900E-02  8.00000E+00  8.11000E+02  8.43400E+02  1.62200E+04
f  22   20 21   20  99  1.20000E+01  4.24000E+00
p  22   20 21   20  98  1.29560E+00 -1.74770E+00 -2.31970E-01  1.88930E-02  1.20000E+01  1.32700E+02  1.38000E+02  2.65400E+03
f  22    6 21   21  99  8.00000E+00  4.11820E+00
p  22    6 21   21  98  2.09290E+00 -2.33400E+00 -1.83840E-01  2.05900E-02  8.00000E+00  8.11000E+02  8.43400E+02  1.62200E+04
f  22   21 21   21  99  1.20000E+01  4.12720E+00
p  22   21 21   21  98  1.29560E+00 -1.74770E+00 -2.31970E-01  1.88930E-02  1.20000E+01  1.32700E+02  1.38000E+02  2.65400E+03
f  22    7 21   22  99  8.00000E+00  4.09620E+00
p  22    7 21   22  98  2.09290E+00 -2.33400E+00 -1.83840E-01  2.05900E-02  8.00000E+00  8.11000E+02  8.43400E+02  1.62200E+04
f  22   22 21   22  99  1.20000E+01  4.10320E+00
p  22   22 21   22  98  1.29560E+00 -1.74770E+00 -2.31970E-01  1.88930E-02  1.20000E+01  1.32700E+02  1.38000E+02  2.65400E+03
f  22    8 21   23  99  8.00000E+00  4.00210E+00
p  22    8 21   23  98  2.09290E+00 -2.33400E+00 -1.83840E-01  2.05900E-02  8.00000E+00  8.11000E+02  8.43400E+02  1.62200E+04
f  22   23 21   23  99  1.20000E+01  4.00210E+00
p  22   23 21   23  98  1.29560E+00 -1.74770E+00 -2.31970E-01  1.88930E-02  1.20000E+01  1.32700E+02  1.38000E+02  2.65400E+03
f  22    1 21   24  99  2.00000E+00  1.20600E+01
p  22    1 21   24  98  2.16230E+00 -2.50250E+00 -1.92290E-01  2.06820E-02  2.00000E+00  6.56300E+03  6.82600E+03  1.31300E+05
f  22   24 21   24  99  1.30000E+01  1.27040E+01
p  22   24 21   24  98  1.29560E+00 -1.74770E+00 -2.31970E-01  1.88930E-02  1.20000E+01  1.32700E+02  1.38000E+02  2.65400E+03
f  22   25 21   24  99  1.00000E+00  5.24100E+00
p  22   25 21   24  99  1.00000E+00  5.24100E+00
f  22   26 21   24  99  1.00000E+00  4.26460E+00
p  22   26 21   24  99  1.00000E+00  4.26460E+00
f  22   27 21   24  99  1.00000E+00  4.31500E+00
p  22   27 21   24  99  1.00000E+00  4.31500E+00
f  22   28 21   24  99  1.00000E+00  4.24900E+00
p  22   28 21   24  99  1.00000E+00  4.24900E+00
f  22   29 21   24  99  1.00000E+00  4.12810E+00
p  22   29 21   24  99  1.00000E+00  4.12810E+00
f  22   30 21   24  99  1.00000E+00  4.10410E+00
p  22   30 21   24  99  1.00000E+00  4.10410E+00
f  22   31 21   24  99  1.00000E+00  4.00210E+00
p  22   31 21   24  99  1.00000E+00  4.00210E+00
f  22    2 21   25  99  2.00000E+00  5.16110E+00
p  22    2 21   25  98  2.16230E+00 -2.50250E+00 -1.92290E-01  2.06820E-02  2.00000E+00  6.56300E+03  6.82600E+03  1.31300E+05
f  22   25 21   25  99  1.20000E+01  5.24100E+00
p  22   25 21   25  98  1.29560E+00 -1.74770E+00 -2.31970E-01  1.88930E-02  1.20000E+01  1.32700E+02  1.38000E+02  2.65400E+03
f  22    3 21   26  99  2.00000E+00  4.24720E+00
p  22    3 21   26  98  2.16230E+00 -2.50250E+00 -1.92290E-01  2.06820E-02  2.00000E+00  6.56300E+03  6.82600E+03  1.31300E+05
f  22   26 21   26  99  1.20000E+01  4.26460E+00
p  22   26 21   26  98  1.29560E+00 -1.74770E+00 -2.31970E-01  1.88930E-02  1.20000E+01  1.32700E+02  1.38000E+02  2.65400E+03
f  22    4 21   27  99  2.00000E+00  4.30000E+00
p  22    4 21   27  98  2.16230E+00 -2.50250E+00 -1.92290E-01  2.06820E-02  2.00000E+00  6.56300E+03  6.82600E+03  1.31300E+05
f  22   27 21   27  99  1.20000E+01  4.31500E+00
p  22   27 21   27  98  1.29560E+00 -1.74770E+00 -2.31970E-01  1.88930E-02  1.20000E+01  1.32700E+02  1.38000E+02  2.65400E+03
f  22    5 21   28  99  2.00000E+00  4.23600E+00
p  22    5 21   28  98  2.16230E+00 -2.50250E+00 -1.92290E-01  2.06820E-02  2.00000E+00  6.56300E+03  6.82600E+03  1.31300E+05
f  22   28 21   28  99  1.20000E+01  4.24900E+00
p  22   28 21   28  98  1.29560E+00 -1.74770E+00 -2.31970E-01  1.88930E-02  1.20000E+01  1.32700E+02  1.38000E+02  2.65400E+03
f  22    6 21   29  99  2.00000E+00  4.11820E+00
p  22    6 21   29  98  2.16230E+00 -2.50250E+00 -1.92290E-01  2.06820E-02  2.00000E+00  6.56300E+03  6.82600E+03  1.31300E+05
f  22   29 21   29  99  1.20000E+01  4.12810E+00
p  22   29 21   29  98  1.29560E+00 -1.74770E+00 -2.31970E-01  1.88930E-02  1.20000E+01  1.32700E+02  1.38000E+02  2.65400E+03
f  22    7 21   30  99  2.00000E+00  4.09620E+00
p  22    7 21   30  98  2.16230E+00 -2.50250E+00 -1.92290E-01  2.06820E-02  2.00000E+00  6.56300E+03  6.82600E+03  1.31300E+05
f  22   30 21   30  99  1.20000E+01  4.10410E+00
p  22   30 21   30  98  1.29560E+00 -1.74770E+00 -2.31970E-01  1.88930E-02  1.20000E+01  1.32700E+02  1.38000E+02  2.65400E+03
f  22    8 21   31  99  2.00000E+00  4.00210E+00
p  22    8 21   31  98  2.16230E+00 -2.50250E+00 -1.92290E-01  2.06820E-02  2.00000E+00  6.56300E+03  6.82600E+03  1.31300E+05
f  22   31 21   31  99  1.20000E+01  4.00210E+00
p  22   31 21   31  98  1.29560E+00 -1.74770E+00 -2.31970E-01  1.88930E-02  1.20000E+01  1.32700E+02  1.38000E+02  2.65400E+03
a  22    9 21    1   1.75187E+13
a  22   10 21    1   6.02044E+12
a  22   11 21    1   2.27756E+12
a  22   12 21    1   1.05373E+12
a  22   13 21    1   5.40467E+11
a  22   14 21    1   2.99911E+11
a  22   15 21    1   1.77100E+11
a  22   16 21    1   4.48993E+14
a  22   17 21    1   3.92598E+12
a  22   18 21    1   1.00472E+12
a  22   19 21    1   3.53632E+11
a  22   20 21    1   1.63611E+11
a  22   21 21    1   8.39205E+10
a  22   22 21    1   4.65705E+10
a  22   23 21    1   2.74986E+10
a  22   24 21    1   6.59654E+12
a  22   25 21    1   6.20880E+10
a  22   26 21    1   1.50156E+10
a  22   27 21    1   5.06496E+09
a  22   28 21    1   2.34336E+09
a  22   29 21    1   1.20192E+09
a  22   30 21    1   6.67020E+08
a  22   31 21    1   3.93852E+08
a  22   17 21    2   3.79917E+14
a  22   25 21    2   5.58169E+12
a  22   18 21    3   3.79917E+14
a  22   26 21    3   5.58169E+12
a  22   19 21    4   3.79917E+14
a  22   27 21    4   5.58169E+12
a  22   20 21    5   3.79917E+14
a  22   28 21    5   5.58169E+12
a  22   21 21    6   3.79917E+14
a  22   29 21    6   5.58169E+12
a  22   22 21    7   3.79917E+14
a  22   30 21    7   5.58169E+12
a  22   23 21    8   3.79917E+14
a  22   31 21    8   5.58169E+12
a  22   24 21   16   1.56572E+14
a  22   25 21   16   7.69760E+11
a  22   26 21   16   1.86760E+11
a  22   27 21   16   6.31480E+10
a  22   28 21   16   2.92172E+10
a  22   29 21   16   1.49856E+10
a  22   30 21   16   8.31600E+09
a  22   31 21   16   4.91040E+09
a  22   25 21   17   1.44528E+14
a  22   26 21   18   1.44528E+14
a  22   27 21   19   1.44528E+14
a  22   28 21   20   1.44528E+14
a  22   29 21   21   1.44528E+14
a  22   30 21   22   1.44528E+14
a  22   31 21   23   1.44528E+14
b  23    1 23    2  99  2.34065E-01  4.19041E-01  1.12302E+00 -3.63889E-01  2.03319E+00  9.47960E-01  9.47960E-01
b  23    1 23    3  99  2.35862E-01  3.85363E-01  1.15429E+00 -3.73622E-01  2.04380E+00  3.03940E-01  3.03940E-01
b  23    2 23    3  99  2.19792E-01  3.67284E-01  1.79595E+00 -2.79337E-01  3.90775E+00  7.83400E-01  7.83400E-01
b  23    1 23    4  99  5.27034E-01  5.55588E-01  2.65898E+00 -8.25792E-01  2.02409E+00  9.80460E-02  9.80460E-02
b  23    2 23    4  99  3.31368E-01  1.06193E+00  2.44727E+00 -1.29040E+00  3.34568E+00  9.03600E-02  9.03600E-02
b  23    3 23    4  99  2.27879E-01  4.20307E-01  1.85916E+00 -2.65817E-01  3.94679E+00  1.08400E+00  1.08400E+00
b  23    1 23    5  99  5.24268E-01  5.16717E-01  2.61023E+00 -7.72165E-01  2.00691E+00  6.00210E-02  6.00210E-02
b  23    2 23    5  99  3.74863E-01  1.55809E+00  2.67198E+00 -1.42272E+00  3.39257E+00  3.07400E-02  3.07400E-02
b  23    3 23    5  99  2.80289E-01  9.57846E-01  2.17518E+00 -2.71868E-01  4.06446E+00  1.50000E-01  1.50000E-01
b  23    4 23    5  99  2.00650E-01  5.68332E-01  1.47084E+00 -1.88832E-01  3.94132E+00  1.40400E+00  1.40400E+00
b  23    1 23    6  99  5.25708E-01  4.77070E-01  2.66155E+00 -8.31539E-01  2.00830E+00  3.95980E-02  3.95980E-02
b  23    2 23    6  99  4.03485E-01  1.95561E+00  2.73870E+00 -1.42831E+00  3.36271E+00  1.44900E-02  1.44900E-02
b  23    3 23    6  99  3.13824E-01  1.36177E+00  2.37249E+00 -2.81412E-01  4.15897E+00  5.20800E-02  5.20800E-02
b  23    4 23    6  99  2.59452E-01  9.49776E-01  1.98838E+00 -2.57702E-01  4.09742E+00  1.96200E-01  1.96200E-01
b  23    5 23    6  99  1.84553E-01  7.15135E-01  1.76581E+00  2.68283E+00  6.81498E+00  1.63400E+00  1.63400E+00
b  23    1 23    7  99  5.24498E-01  4.55609E-01  2.66915E+00 -8.22753E-01  2.02063E+00  2.75470E-02  2.75470E-02
b  23    2 23    7  99  4.24992E-01  2.25299E+00  2.84497E+00 -1.48160E+00  3.39563E+00  8.13900E-03  8.13900E-03
b  23    3 23    7  99  3.37827E-01  1.68759E+00  2.47061E+00 -1.29682E-01  4.21399E+00  2.49200E-02  2.49200E-02
b  23    4 23    7  99  2.88245E-01  1.34765E+00  2.10171E+00 -2.26462E-01  4.12103E+00  6.81600E-02  6.81600E-02
b  23    5 23    7  99  2.40301E-01  1.07798E+00  1.67941E+00 -1.90267E-01  4.06039E+00  2.31100E-01  2.31100E-01
b  23    6 23    7  99  1.77901E-01  6.67292E-01  1.84972E+00  3.58178E+00  7.45248E+00  1.84600E+00  1.84600E+00
b  23    1 23    8  99  5.22485E-01  4.45055E-01  2.64212E+00 -8.16635E-01  2.00330E+00  1.99290E-02  1.99290E-02
b  23    2 23    8  99  4.40336E-01  2.48538E+00  2.88722E+00 -1.48351E+00  3.38928E+00  5.09900E-03  5.09900E-03
b  23    3 23    8  99  3.56627E-01  1.94006E+00  2.60667E+00  1.28155E-01  4.40114E+00  1.41600E-02  1.41600E-02
b  23    4 23    8  99  3.09216E-01  1.67429E+00  2.15312E+00 -1.64995E-01  4.10320E+00  3.27000E-02  3.27000E-02
b  23    5 23    8  99  2.80302E-01  1.35178E+00  2.00782E+00 -1.99407E-01  4.12103E+00  7.99900E-02  7.99900E-02
b  23    6 23    8  99  1.99285E-01  1.54031E+00  1.44445E+00  2.15294E+00  6.62719E+00  2.62900E-01  2.62900E-01
b  23    7 23    8  99  6.71198E-03  3.34133E-02  5.75997E-02  8.23977E-02  6.59145E+00  4.82700E+01  4.82700E+01
b  23    1 23    9  98  0.00000E+00  0.00000E+00  0.00000E+00  0.00000E+00  0.00000E+00  1.05254E-01  2.10509E-03
b  23    2 23    9  99  2.34065E-01  4.19041E-01  1.12302E+00 -3.63889E-01  2.03319E+00  8.47695E-01  8.47695E-01
b  23    1 23   10  98  0.00000E+00  0.00000E+00  0.00000E+00  0.00000E+00  0.00000E+00  1.58026E-01  3.16051E-03
b  23    2 23   10  99  2.35862E-01  3.85363E-01  1.15429E+00 -3.73622E-01  2.04380E+00  2.80560E-01  2.80560E-01
b  23    3 23   10  99  2.34065E-01  4.19041E-01  1.12302E+00 -3.63889E-01  2.03319E+00  8.75040E-01  8.75040E-01
b  23    9 23   10  99  2.19792E-01  3.67284E-01  1.79595E+00 -2.79337E-01  3.90775E+00  1.56680E+00  1.56680E+00
b  23    1 23   11  98  0.00000E+00  0.00000E+00  0.00000E+00  0.00000E+00  0.00000E+00  2.17365E-01  4.34730E-03
b  23    2 23   11  99  5.27034E-01  5.55588E-01  2.65898E+00 -8.25792E-01  2.02409E+00  9.05040E-02  9.05040E-02
b  23    4 23   11  99  2.34065E-01  4.19041E-01  1.12302E+00 -3.63889E-01  2.03319E+00  8.75040E-01  8.75040E-01
b  23    9 23   11  99  3.31368E-01  1.06193E+00  2.44727E+00 -1.29040E+00  3.34568E+00  1.80720E-01  1.80720E-01
b  23   10 23   11  99  2.27879E-01  4.20307E-01  1.85916E+00 -2.65817E-01  3.94679E+00  1.08400E+00  1.08400E+00
b  23    1 23   12  98  0.00000E+00  0.00000E+00  0.00000E+00  0.00000E+00  0.00000E+00  2.85651E-01  5.71302E-03
b  23    2 23   12  99  5.24268E-01  5.16717E-01  2.61023E+00 -7.72165E-01  2.00691E+00  5.54040E-02  5.54040E-02
b  23    5 23   12  99  2.34065E-01  4.19041E-01  1.12302E+00 -3.63889E-01  2.03319E+00  8.75040E-01  8.75040E-01
b  23    9 23   12  99  3.74863E-01  1.55809E+00  2.67198E+00 -1.42272E+00  3.39257E+00  6.14800E-02  6.14800E-02
b  23   10 23   12  99  2.80289E-01  9.57846E-01  2.17518E+00 -2.71868E-01  4.06446E+00  1.50000E-01  1.50000E-01
b  23   11 23   12  99  2.00650E-01  5.68332E-01  1.47084E+00 -1.88832E-01  3.94132E+00  1.40400E+00  1.40400E+00
b  23    1 23   13  98  0.00000E+00  0.00000E+00  0.00000E+00  0.00000E+00  0.00000E+00  3.64134E-01  7.28268E-03
b  23    2 23   13  99  5.25708E-01  4.77070E-01  2.66155E+00 -8.31539E-01  2.00830E+00  3.65520E-02  3.65520E-02
b  23    6 23   13  99  2.34065E-01  4.19041E-01  1.12302E+00 -3.63889E-01  2.03319E+00  8.75040E-01  8.75040E-01
b  23    9 23   13  99  4.03485E-01  1.95561E+00  2.73870E+00 -1.42831E+00  3.36271E+00  2.89800E-02  2.89800E-02
b  23   10 23   13  99  3.13824E-01  1.36177E+00  2.37249E+00 -2.81412E-01  4.15897E+00  5.20800E-02  5.20800E-02
b  23   11 23   13  99  2.59452E-01  9.49776E-01  1.98838E+00 -2.57702E-01  4.09742E+00  1.96200E-01  1.96200E-01
b  23   12 23   13  99  1.84553E-01  7.15135E-01  1.76581E+00  2.68283E+00  6.81498E+00  1.63400E+00  1.63400E+00
b  23    1 23   14  98  0.00000E+00  0.00000E+00  0.00000E+00  0.00000E+00  0.00000E+00  4.54857E-01  9.09715E-03
b  23    2 23   14  99  5.24498E-01  4.55609E-01  2.66915E+00 -8.22753E-01  2.02063E+00  2.54280E-02  2.54280E-02
b  23    7 23   14  99  2.34065E-01  4.19041E-01  1.12302E+00 -3.63889E-01  2.03319E+00  8.75040E-01  8.75040E-01
b  23    9 23   14  99  4.24992E-01  2.25299E+00  2.84497E+00 -1.48160E+00  3.39563E+00  1.62780E-02  1.62780E-02
b  23   10 23   14  99  3.37827E-01  1.68759E+00  2.47061E+00 -1.29682E-01  4.21399E+00  2.49200E-02  2.49200E-02
b  23   11 23   14  99  2.88245E-01  1.34765E+00  2.10171E+00 -2.26462E-01  4.12103E+00  6.81600E-02  6.81600E-02
b  23   12 23   14  99  2.40301E-01  1.07798E+00  1.67941E+00 -1.90267E-01  4.06039E+00  2.31100E-01  2.31100E-01
b  23   13 23   14  99  1.77901E-01  6.67292E-01  1.84972E+00  3.58178E+00  7.45248E+00  1.84600E+00  1.84600E+00
b  23    1 23   15  98  0.00000E+00  0.00000E+00  0.00000E+00  0.00000E+00  0.00000E+00  5.55315E-01  1.11063E-02
b  23    2 23   15  99  5.22485E-01  4.45055E-01  2.64212E+00 -8.16635E-01  2.00330E+00  1.83960E-02  1.83960E-02
b  23    8 23   15  99  2.34065E-01  4.19041E-01  1.12302E+00 -3.63889E-01  2.03319E+00  8.75040E-01  8.75040E-01
b  23    9 23   15  99  4.40336E-01  2.48538E+00  2.88722E+00 -1.48351E+00  3.38928E+00  1.01980E-02  1.01980E-02
b  23   10 23   15  99  3.56627E-01  1.94006E+00  2.60667E+00  1.28155E-01  4.40114E+00  1.41600E-02  1.41600E-02
b  23   11 23   15  99  3.09216E-01  1.67429E+00  2.15312E+00 -1.64995E-01  4.10320E+00  3.27000E-02  3.27000E-02
b  23   12 23   15  99  2.80302E-01  1.35178E+00  2.00782E+00 -1.99407E-01  4.12103E+00  7.99900E-02  7.99900E-02
b  23   13 23   15  99  1.99285E-01  1.54031E+00  1.44445E+00  2.15294E+00  6.62719E+00  2.62900E-01  2.62900E-01
b  23   14 23   15  99  6.71198E-03  3.34133E-02  5.75997E-02  8.23977E-02  6.59145E+00  4.82700E+01  4.82700E+01
b  23    1 23   16  99  1.50796E-01  2.21107E+00 -7.20568E+01  7.47024E+02  2.00000E+01  3.74667E-01  3.74667E-01
b  23    1 23   17  99  1.18523E-01  1.76820E+00 -5.61686E+01  5.73161E+02  2.00000E+01  1.25840E-01  1.25840E-01
b  23    2 23   17  99  1.50796E-01  2.21107E+00 -7.20568E+01  7.47024E+02  2.00000E+01  4.49600E-01  4.49600E-01
b  23   16 23   17  99  2.34065E-01  4.19041E-01  1.12302E+00 -3.63889E-01  2.03319E+00  1.02088E+00  1.02088E+00
b  23    1 23   18  99  1.24127E-01  1.83822E+00 -5.81756E+01  5.87781E+02  2.00000E+01  5.08240E-02  5.08240E-02
b  23    3 23   18  99  1.50796E-01  2.21107E+00 -7.20568E+01  7.47024E+02  2.00000E+01  4.49600E-01  4.49600E-01
b  23   16 23   18  99  2.35862E-01  3.85363E-01  1.15429E+00 -3.73622E-01  2.04380E+00  3.27320E-01  3.27320E-01
b  23   17 23   18  99  2.19792E-01  3.67284E-01  1.79595E+00 -2.79337E-01  3.90775E+00  7.83400E-01  7.83400E-01
b  23    1 23   19  99  1.33321E-01  2.03238E+00 -6.34151E+01  6.24596E+02  2.00000E+01  2.42240E-02  2.42240E-02
b  23    4 23   19  99  1.50796E-01  2.21107E+00 -7.20568E+01  7.47024E+02  2.00000E+01  4.49600E-01  4.49600E-01
b  23   16 23   19  99  5.27034E-01  5.55588E-01  2.65898E+00 -8.25792E-01  2.02409E+00  1.05588E-01  1.05588E-01
b  23   17 23   19  99  3.31368E-01  1.06193E+00  2.44727E+00 -1.29040E+00  3.34568E+00  9.03600E-02  9.03600E-02
b  23   18 23   19  99  2.27879E-01  4.20307E-01  1.85916E+00 -2.65817E-01  3.94679E+00  1.08400E+00  1.08400E+00
b  23    1 23   20  99  1.29886E-01  1.98357E+00 -6.17774E+01  6.06368E+02  2.00000E+01  1.40640E-02  1.40640E-02
b  23    5 23   20  99  1.50796E-01  2.21107E+00 -7.20568E+01  7.47024E+02  2.00000E+01  4.49600E-01  4.49600E-01
b  23   16 23   20  99  5.24268E-01  5.16717E-01  2.61023E+00 -7.72165E-01  2.00691E+00  6.46380E-02  6.46380E-02
b  23   17 23   20  99  3.74863E-01  1.55809E+00  2.67198E+00 -1.42272E+00  3.39257E+00  3.07400E-02  3.07400E-02
b  23   18 23   20  99  2.80289E-01  9.57846E-01  2.17518E+00 -2.71868E-01  4.06446E+00  1.50000E-01  1.50000E-01
b  23   19 23   20  99  2.00650E-01  5.68332E-01  1.47084E+00 -1.88832E-01  3.94132E+00  1.40400E+00  1.40400E+00
b  23    1 23   21  99  1.28829E-01  1.95401E+00 -6.10910E+01  6.01449E+02  2.00000E+01  8.90400E-03  8.90400E-03
b  23    6 23   21  99  1.50796E-01  2.21107E+00 -7.20568E+01  7.47024E+02  2.00000E+01  4.49600E-01  4.49600E-01
b  23   16 23   21  99  5.25708E-01  4.77070E-01  2.66155E+00 -8.31539E-01  2.00830E+00  4.26440E-02  4.26440E-02
b  23   17 23   21  99  4.03485E-01  1.95561E+00  2.73870E+00 -1.42831E+00  3.36271E+00  1.44900E-02  1.44900E-02
b  23   18 23   21  99  3.13824E-01  1.36177E+00  2.37249E+00 -2.81412E-01  4.15897E+00  5.20800E-02  5.20800E-02
b  23   19 23   21  99  2.59452E-01  9.49776E-01  1.98838E+00 -2.57702E-01  4.09742E+00  1.96200E-01  1.96200E-01
b  23   20 23   21  99  1.84553E-01  7.15135E-01  1.76581E+00  2.68283E+00  6.81498E+00  1.63400E+00  1.63400E+00
b  23    1 23   22  99  1.27038E-01  1.92938E+00 -6.01806E+01  5.90755E+02  2.00000E+01  5.99600E-03  5.99600E-03
b  23    7 23   22  99  1.50796E-01  2.21107E+00 -7.20568E+01  7.47024E+02  2.00000E+01  4.49600E-01  4.49600E-01
b  23   16 23   22  99  5.24498E-01  4.55609E-01  2.66915E+00 -8.22753E-01  2.02063E+00  2.96660E-02  2.96660E-02
b  23   17 23   22  99  4.24992E-01  2.25299E+00  2.84497E+00 -1.48160E+00  3.39563E+00  8.13900E-03  8.13900E-03
b  23   18 23   22  99  3.37827E-01  1.68759E+00  2.47061E+00 -1.29682E-01  4.21399E+00  2.49200E-02  2.49200E-02
b  23   19 23   22  99  2.88245E-01  1.34765E+00  2.10171E+00 -2.26462E-01  4.12103E+00  6.81600E-02  6.81600E-02
b  23   20 23   22  99  2.40301E-01  1.07798E+00  1.67941E+00 -1.90267E-01  4.06039E+00  2.31100E-01  2.31100E-01
b  23   21 23   22  99  1.77901E-01  6.67292E-01  1.84972E+00  3.58178E+00  7.45248E+00  1.84600E+00  1.84600E+00
b  23    1 23   23  99  1.26338E-01  1.91546E+00 -5.98583E+01  5.88310E+02  2.00000E+01  4.22800E-03  4.22800E-03
b  23    8 23   23  99  1.50796E-01  2.21107E+00 -7.20568E+01  7.47024E+02  2.00000E+01  4.49600E-01  4.49600E-01
b  23   16 23   23  99  5.22485E-01  4.45055E-01  2.64212E+00 -8.16635E-01  2.00330E+00  2.14620E-02  2.14620E-02
b  23   17 23   23  99  4.40336E-01  2.48538E+00  2.88722E+00 -1.48351E+00  3.38928E+00  5.09900E-03  5.09900E-03
b  23   18 23   23  99  3.56627E-01  1.94006E+00  2.60667E+00  1.28155E-01  4.40114E+00  1.41600E-02  1.41600E-02
b  23   19 23   23  99  3.09216E-01  1.67429E+00  2.15312E+00 -1.64995E-01  4.10320E+00  3.27000E-02  3.27000E-02
b  23   20 23   23  99  2.80302E-01  1.35178E+00  2.00782E+00 -1.99407E-01  4.12103E+00  7.99900E-02  7.99900E-02
b  23   21 23   23  99  1.99285E-01  1.54031E+00  1.44445E+00  2.15294E+00  6.62719E+00  2.62900E-01  2.62900E-01
b  23   22 23   23  99  6.71198E-03  3.34133E-02  5.75997E-02  8.23977E-02  6.59145E+00  4.82700E+01  4.82700E+01
b  23    1 23   24  99  2.19799E-01  1.05782E+00 -1.25412E+01  4.87381E+01  5.48662E+00  1.61500E-02  1.61500E-02
b  23   16 23   24  99  2.67225E-01  7.07956E-01 -9.50477E+00  3.99495E+01  4.89506E+00  7.40250E-02  7.40250E-02
b  23    1 23   25  99  2.31715E-01  1.48420E+00 -1.71428E+01  6.48513E+01  5.90212E+00  4.49200E-03  4.49200E-03
b  23    2 23   25  99  2.19799E-01  1.05782E+00 -1.25412E+01  4.87381E+01  5.48662E+00  1.93800E-02  1.93800E-02
b  23   17 23   25  99  2.67225E-01  7.07956E-01 -9.50477E+00  3.99495E+01  4.89506E+00  7.40250E-02  7.40250E-02
b  23   24 23   25  99  2.34065E-01  4.19041E-01  1.12302E+00 -3.63889E-01  2.03319E+00  1.02088E+00  1.02088E+00
b  23    1 23   26  99  2.23100E-01  1.41941E+00 -1.66366E+01  6.34816E+01  5.93753E+00  1.65400E-03  1.65400E-03
b  23    3 23   26  99  2.19799E-01  1.05782E+00 -1.25412E+01  4.87381E+01  5.48662E+00  1.93800E-02  1.93800E-02
b  23   18 23   26  99  2.67225E-01  7.07956E-01 -9.50477E+00  3.99495E+01  4.89506E+00  7.40250E-02  7.40250E-02
b  23   24 23   26  99  2.35862E-01  3.85363E-01  1.15429E+00 -3.73622E-01  2.04380E+00  3.27320E-01  3.27320E-01
b  23   25 23   26  99  2.19792E-01  3.67284E-01  1.79595E+00 -2.79337E-01  3.90775E+00  7.83400E-01  7.83400E-01
b  23    1 23   27  99  2.24670E-01  1.42848E+00 -1.68560E+01  6.43563E+01  5.92729E+00  7.54400E-04  7.54400E-04
b  23    4 23   27  99  2.19799E-01  1.05782E+00 -1.25412E+01  4.87381E+01  5.48662E+00  1.93800E-02  1.93800E-02
b  23   19 23   27  99  2.67225E-01  7.07956E-01 -9.50477E+00  3.99495E+01  4.89506E+00  7.40250E-02  7.40250E-02
b  23   24 23   27  99  5.27034E-01  5.55588E-01  2.65898E+00 -8.25792E-01  2.02409E+00  1.05588E-01  1.05588E-01
b  23   25 23   27  99  3.31368E-01  1.06193E+00  2.44727E+00 -1.29040E+00  3.34568E+00  9.03600E-02  9.03600E-02
b  23   26 23   27  99  2.27879E-01  4.20307E-01  1.85916E+00 -2.65817E-01  3.94679E+00  1.08400E+00  1.08400E+00
b  23    1 23   28  99  2.12512E-01  1.42577E+00 -1.69291E+01  6.47150E+01  6.03927E+00  4.18200E-04  4.18200E-04
b  23    5 23   28  99  2.19799E-01  1.05782E+00 -1.25412E+01  4.87381E+01  5.48662E+00  1.93800E-02  1.93800E-02
b  23   20 23   28  99  2.67225E-01  7.07956E-01 -9.50477E+00  3.99495E+01  4.89506E+00  7.40250E-02  7.40250E-02
b  23   24 23   28  99  5.24268E-01  5.16717E-01  2.61023E+00 -7.72165E-01  2.00691E+00  6.46380E-02  6.46380E-02
b  23   25 23   28  99  3.74863E-01  1.55809E+00  2.67198E+00 -1.42272E+00  3.39257E+00  3.07400E-02  3.07400E-02
b  23   26 23   28  99  2.80289E-01  9.57846E-01  2.17518E+00 -2.71868E-01  4.06446E+00  1.50000E-01  1.50000E-01
b  23   27 23   28  99  2.00650E-01  5.68332E-01  1.47084E+00 -1.88832E-01  3.94132E+00  1.40400E+00  1.40400E+00
b  23    1 23   29  99  2.10201E-01  1.40112E+00 -1.66973E+01  6.40204E+01  6.04588E+00  2.55800E-04  2.55800E-04
b  23    6 23   29  99  2.19799E-01  1.05782E+00 -1.25412E+01  4.87381E+01  5.48662E+00  1.93800E-02  1.93800E-02
b  23   21 23   29  99  2.67225E-01  7.07956E-01 -9.50477E+00  3.99495E+01  4.89506E+00  7.40250E-02  7.40250E-02
b  23   24 23   29  99  5.25708E-01  4.77070E-01  2.66155E+00 -8.31539E-01  2.00830E+00  4.26440E-02  4.26440E-02
b  23   25 23   29  99  4.03485E-01  1.95561E+00  2.73870E+00 -1.42831E+00  3.36271E+00  1.44900E-02  1.44900E-02
b  23   26 23   29  99  3.13824E-01  1.36177E+00  2.37249E+00 -2.81412E-01  4.15897E+00  5.20800E-02  5.20800E-02
b  23   27 23   29  99  2.59452E-01  9.49776E-01  1.98838E+00 -2.57702E-01  4.09742E+00  1.96200E-01  1.96200E-01
b  23   28 23   29  99  1.84553E-01  7.15135E-01  1.76581E+00  2.68283E+00  6.81498E+00  1.63400E+00  1.63400E+00
b  23    1 23   30  99  2.15297E-01  1.33786E+00 -1.57156E+01  5.97618E+01  5.85723E+00  1.67600E-04  1.67600E-04
b  23    7 23   30  99  2.19799E-01  1.05782E+00 -1.25412E+01  4.87381E+01  5.48662E+00  1.93800E-02  1.93800E-02
b  23   22 23   30  99  2.67225E-01  7.07956E-01 -9.50477E+00  3.99495E+01  4.89506E+00  7.40250E-02  7.40250E-02
b  23   24 23   30  99  5.24498E-01  4.55609E-01  2.66915E+00 -8.22753E-01  2.02063E+00  2.96660E-02  2.96660E-02
b  23   25 23   30  99  4.24992E-01  2.25299E+00  2.84497E+00 -1.48160E+00  3.39563E+00  8.13900E-03  8.13900E-03
b  23   26 23   30  99  3.37827E-01  1.68759E+00  2.47061E+00 -1.29682E-01  4.21399E+00  2.49200E-02  2.49200E-02
b  23   27 23   30  99  2.88245E-01  1.34765E+00  2.10171E+00 -2.26462E-01  4.12103E+00  6.81600E-02  6.81600E-02
b  23   28 23   30  99  2.40301E-01  1.07798E+00  1.67941E+00 -1.90267E-01  4.06039E+00  2.31100E-01  2.31100E-01
b  23   29 23   30  99  1.77901E-01  6.67292E-01  1.84972E+00  3.58178E+00  7.45248E+00  1.84600E+00  1.84600E+00
b  23    1 23   31  99  2.01812E-01  1.40020E+00 -1.67893E+01  6.45065E+01  6.13672E+00  1.15680E-04  1.15680E-04
b  23    8 23   31  99  2.19799E-01  1.05782E+00 -1.25412E+01  4.87381E+01  5.48662E+00  1.93800E-02  1.93800E-02
b  23   23 23   31  99  2.67225E-01  7.07956E-01 -9.50477E+00  3.99495E+01  4.89506E+00  7.40250E-02  7.40250E-02
b  23   24 23   31  99  5.22485E-01  4.45055E-01  2.64212E+00 -8.16635E-01  2.00330E+00  2.14620E-02  2.14620E-02
b  23   25 23   31  99  4.40336E-01  2.48538E+00  2.88722E+00 -1.48351E+00  3.38928E+00  5.09900E-03  5.09900E-03
b  23   26 23   31  99  3.56627E-01  1.94006E+00  2.60667E+00  1.28155E-01  4.40114E+00  1.41600E-02  1.41600E-02
b  23   27 23   31  99  3.09216E-01  1.67429E+00  2.15312E+00 -1.64995E-01  4.10320E+00  3.27000E-02  3.27000E-02
b  23   28 23   31  99  2.80302E-01  1.35178E+00  2.00782E+00 -1.99407E-01  4.12103E+00  7.99900E-02  7.99900E-02
b  23   29 23   31  99  1.99285E-01  1.54031E+00  1.44445E+00  2.15294E+00  6.62719E+00  2.62900E-01  2.62900E-01
b  23   30 23   31  99  6.71198E-03  3.34133E-02  5.75997E-02  8.23977E-02  6.59145E+00  4.82700E+01  4.82700E+01
f  23    1 22    1  99  1.30000E+01  1.17200E+01
p  23    1 22    1  98  1.26070E+00 -1.55990E+00 -2.87370E-01  2.58930E-02  1.30000E+01  1.13700E+02  1.18300E+02  2.27400E+03
f  23    2 22    1  99  1.00000E+00  4.24560E+00
p  23    2 22    1  99  1.00000E+00  4.24560E+00
f  23    3 22    1  99  1.00000E+00  3.26760E+00
p  23    3 22    1  99  1.00000E+00  3.26760E+00
f  23    4 22    1  99  1.00000E+00  3.31800E+00
p  23    4 22    1  99  1.00000E+00  3.31800E+00
f  23    5 22    1  99  1.00000E+00  3.25000E+00
p  23    5 22    1  99  1.00000E+00  3.25000E+00
f  23    6 22    1  99  1.00000E+00  3.12820E+00
p  23    6 22    1  99  1.00000E+00  3.12820E+00
f  23    7 22    1  99  1.00000E+00  3.10420E+00
p  23    7 22    1  99  1.00000E+00  3.10420E+00
f  23    8 22    1  99  1.00000E+00  3.00220E+00
p  23    8 22    1  99  1.00000E+00  3.00220E+00
f  23    2 22    2  99  1.20000E+01  4.24560E+00
p  23    2 22    2  98  1.26070E+00 -1.55990E+00 -2.87370E-01  2.58930E-02  1.30000E+01  1.13700E+02  1.18300E+02  2.27400E+03
f  23    9 22    2  99  2.00000E+00  4.80610E+00
p  23    9 22    2  99  2.00000E+00  4.80610E+00
f  23   10 22    2  99  1.00000E+00  3.32720E+00
p  23   10 22    2  99  1.00000E+00  3.32720E+00
f  23   11 22    2  99  1.00000E+00  3.34000E+00
p  23   11 22    2  99  1.00000E+00  3.34000E+00
f  23   12 22    2  99  1.00000E+00  3.26100E+00
p  23   12 22    2  99  1.00000E+00  3.26100E+00
f  23   13 22    2  99  1.00000E+00  3.13520E+00
p  23   13 22    2  99  1.00000E+00  3.13520E+00
f  23   14 22    2  99  1.00000E+00  3.11020E+00
p  23   14 22    2  99  1.00000E+00  3.11020E+00
f  23   15 22    2  99  1.00000E+00  3.01210E+00
p  23   15 22    2  99  1.00000E+00  3.01210E+00
f  23    3 22    3  99  1.20000E+01  3.26760E+00
p  23    3 22    3  98  1.26070E+00 -1.55990E+00 -2.87370E-01  2.58930E-02  1.30000E+01  1.13700E+02  1.18300E+02  2.27400E+03
f  23   10 22    3  99  1.00000E+00  3.32720E+00
p  23   10 22    3  99  1.00000E+00  3.32720E+00
f  23    4 22    4  99  1.20000E+01  3.31800E+00
p  23    4 22    4  98  1.26070E+00 -1.55990E+00 -2.87370E-01  2.58930E-02  1.30000E+01  1.13700E+02  1.18300E+02  2.27400E+03
f  23   11 22    4  99  1.00000E+00  3.34000E+00
p  23   11 22    4  99  1.00000E+00  3.34000E+00
f  23    5 22    5  99  1.20000E+01  3.25000E+00
p  23    5 22    5  98  1.26070E+00 -1.55990E+00 -2.87370E-01  2.58930E-02  1.30000E+01  1.13700E+02  1.18300E+02  2.27400E+03
f  23   12 22    5  99  1.00000E+00  3.26100E+00
p  23   12 22    5  99  1.00000E+00  3.26100E+00
f  23    6 22    6  99  1.20000E+01  3.12820E+00
p  23    6 22    6  98  1.26070E+00 -1.55990E+00 -2.87370E-01  2.58930E-02  1.30000E+01  1.13700E+02  1.18300E+02  2.27400E+03
f  23   13 22    6  99  1.00000E+00  3.13520E+00
p  23   13 22    6  99  1.00000E+00  3.13520E+00
f  23    7 22    7  99  1.20000E+01  3.10420E+00
p  23    7 22    7  98  1.26070E+00 -1.55990E+00 -2.87370E-01  2.58930E-02  1.30000E+01  1.13700E+02  1.18300E+02  2.27400E+03
f  23   14 22    7  99  1.00000E+00  3.11020E+00
p  23   14 22    7  99  1.00000E+00  3.11020E+00
f  23    8 22    8  99  1.20000E+01  3.00220E+00
p  23    8 22    8  98  1.26070E+00 -1.55990E+00 -2.87370E-01  2.58930E-02  1.30000E+01  1.13700E+02  1.18300E+02  2.27400E+03
f  23   15 22    8  99  1.00000E+00  3.01210E+00
p  23   15 22    8  99  1.00000E+00  3.01210E+00
f  23    9 22    9  99  1.10000E+01  4.80610E+00
p  23    9 22    9  98  1.26070E+00 -1.55990E+00 -2.87370E-01  2.58930E-02  1.30000E+01  1.13700E+02  1.18300E+02  2.27400E+03
f  23   10 22   10  99  1.10000E+01  3.32720E+00
p  23   10 22   10  98  1.26070E+00 -1.55990E+00 -2.87370E-01  2.58930E-02  1.30000E+01  1.13700E+02  1.18300E+02  2.27400E+03
f  23   11 22   11  99  1.10000E+01  3.34000E+00
p  23   11 22   11  98  1.26070E+00 -1.55990E+00 -2.87370E-01  2.58930E-02  1.30000E+01  1.13700E+02  1.18300E+02  2.27400E+03
f  23   12 22   12  99  1.10000E+01  3.26100E+00
p  23   12 22   12  98  1.26070E+00 -1.55990E+00 -2.87370E-01  2.58930E-02  1.30000E+01  1.13700E+02  1.18300E+02  2.27400E+03
f  23   13 22   13  99  1.10000E+01  3.13520E+00
p  23   13 22   13  98  1.26070E+00 -1.55990E+00 -2.87370E-01  2.58930E-02  1.30000E+01  1.13700E+02  1.18300E+02  2.27400E+03
f  23   14 22   14  99  1.10000E+01  3.11020E+00
p  23   14 22   14  98  1.26070E+00 -1.55990E+00 -2.87370E-01  2.58930E-02  1.30000E+01  1.13700E+02  1.18300E+02  2.27400E+03
f  23   15 22   15  99  1.10000E+01  3.01210E+00
p  23   15 22   15  98  1.26070E+00 -1.55990E+00 -2.87370E-01  2.58930E-02  1.30000E+01  1.13700E+02  1.18300E+02  2.27400E+03
f  23    1 22   16  99  8.00000E+00  1.17200E+01
p  23    1 22   16  98  2.12350E+00 -2.31260E+00 -1.94110E-01  2.23580E-02  8.00000E+00  7.89800E+02  8.21400E+02  1.58000E+04
f  23   16 22   16  99  1.40000E+01  1.22840E+01
p  23   16 22   16  98  1.26070E+00 -1.55990E+00 -2.87370E-01  2.58930E-02  1.30000E+01  1.13700E+02  1.18300E+02  2.27400E+03
f  23   17 22   16  99  1.00000E+00  4.30230E+00
p  23   17 22   16  99  1.00000E+00  4.30230E+00
f  23   18 22   16  99  1.00000E+00  3.28590E+00
p  23   18 22   16  99  1.00000E+00  3.28590E+00
f  23   19 22   16  99  1.00000E+00  3.32400E+00
p  23   19 22   16  99  1.00000E+00  3.32400E+00
f  23   20 22   16  99  1.00000E+00  3.25400E+00
p  23   20 22   16  99  1.00000E+00  3.25400E+00
f  23   21 22   16  99  1.00000E+00  3.13720E+00
p  23   21 22   16  99  1.00000E+00  3.13720E+00
f  23   22 22   16  99  1.00000E+00  3.11120E+00
p  23   22 22   16  99  1.00000E+00  3.11120E+00
f  23   23 22   16  99  1.00000E+00  3.00220E+00
p  23   23 22   16  99  1.00000E+00  3.00220E+00
f  23    2 22   17  99  8.00000E+00  4.24560E+00
p  23    2 22   17  98  2.12350E+00 -2.31260E+00 -1.94110E-01  2.23580E-02  8.00000E+00  7.89800E+02  8.21400E+02  1.58000E+04
f  23   17 22   17  99  1.30000E+01  4.30230E+00
p  23   17 22   17  98  1.26070E+00 -1.55990E+00 -2.87370E-01  2.58930E-02  1.30000E+01  1.13700E+02  1.18300E+02  2.27400E+03
f  23    3 22   18  99  8.00000E+00  3.26760E+00
p  23    3 22   18  98  2.12350E+00 -2.31260E+00 -1.94110E-01  2.23580E-02  8.00000E+00  7.89800E+02  8.21400E+02  1.58000E+04
f  23   18 22   18  99  1.30000E+01  3.28590E+00
p  23   18 22   18  98  1.26070E+00 -1.55990E+00 -2.87370E-01  2.58930E-02  1.30000E+01  1.13700E+02  1.18300E+02  2.27400E+03
f  23    4 22   19  99  8.00000E+00  3.31800E+00
p  23    4 22   19  98  2.12350E+00 -2.31260E+00 -1.94110E-01  2.23580E-02  8.00000E+00  7.89800E+02  8.21400E+02  1.58000E+04
f  23   19 22   19  99  1.30000E+01  3.32400E+00
p  23   19 22   19  98  1.26070E+00 -1.55990E+00 -2.87370E-01  2.58930E-02  1.30000E+01  1.13700E+02  1.18300E+02  2.27400E+03
f  23    5 22   20  99  8.00000E+00  3.25000E+00
p  23    5 22   20  98  2.12350E+00 -2.31260E+00 -1.94110E-01  2.23580E-02  8.00000E+00  7.89800E+02  8.21400E+02  1.58000E+04
f  23   20 22   20  99  1.30000E+01  3.25400E+00
p  23   20 22   20  98  1.26070E+00 -1.55990E+00 -2.87370E-01  2.58930E-02  1.30000E+01  1.13700E+02  1.18300E+02  2.27400E+03
f  23    6 22   21  99  8.00000E+00  3.12820E+00
p  23    6 22   21  98  2.12350E+00 -2.31260E+00 -1.94110E-01  2.23580E-02  8.00000E+00  7.89800E+02  8.21400E+02  1.58000E+04
f  23   21 22   21  99  1.30000E+01  3.13720E+00
p  23   21 22   21  98  1.26070E+00 -1.55990E+00 -2.87370E-01  2.58930E-02  1.30000E+01  1.13700E+02  1.18300E+02  2.27400E+03
f  23    7 22   22  99  8.00000E+00  3.10420E+00
p  23    7 22   22  98  2.12350E+00 -2.31260E+00 -1.94110E-01  2.23580E-02  8.00000E+00  7.89800E+02  8.21400E+02  1.58000E+04
f  23   22 22   22  99  1.30000E+01  3.11120E+00
p  23   22 22   22  98  1.26070E+00 -1.55990E+00 -2.87370E-01  2.58930E-02  1.30000E+01  1.13700E+02  1.18300E+02  2.27400E+03
f  23    8 22   23  99  8.00000E+00  3.00220E+00
p  23    8 22   23  98  2.12350E+00 -2.31260E+00 -1.94110E-01  2.23580E-02  8.00000E+00  7.89800E+02  8.21400E+02  1.58000E+04
f  23   23 22   23  99  1.30000E+01  3.00220E+00
p  23   23 22   23  98  1.26070E+00 -1.55990E+00 -2.87370E-01  2.58930E-02  1.30000E+01  1.13700E+02  1.18300E+02  2.27400E+03
f  23    1 22   24  99  2.00000E+00  1.17200E+01
p  23    1 22   24  98  2.16900E+00 -2.50510E+00 -1.89980E-01  2.02190E-02  2.00000E+00  6.54100E+03  6.80300E+03  1.30800E+05
f  23   24 22   24  99  1.40000E+01  1.23640E+01
p  23   24 22   24  98  1.26070E+00 -1.55990E+00 -2.87370E-01  2.58930E-02  1.30000E+01  1.13700E+02  1.18300E+02  2.27400E+03
f  23   25 22   24  99  1.00000E+00  4.32550E+00
p  23   25 22   24  99  1.00000E+00  4.32550E+00
f  23   26 22   24  99  1.00000E+00  3.28500E+00
p  23   26 22   24  99  1.00000E+00  3.28500E+00
f  23   27 22   24  99  1.00000E+00  3.33300E+00
p  23   27 22   24  99  1.00000E+00  3.33300E+00
f  23   28 22   24  99  1.00000E+00  3.26300E+00
p  23   28 22   24  99  1.00000E+00  3.26300E+00
f  23   29 22   24  99  1.00000E+00  3.13810E+00
p  23   29 22   24  99  1.00000E+00  3.13810E+00
f  23   30 22   24  99  1.00000E+00  3.11210E+00
p  23   30 22   24  99  1.00000E+00  3.11210E+00
f  23   31 22   24  99  1.00000E+00  3.00220E+00
p  23   31 22   24  99  1.00000E+00  3.00220E+00
f  23    2 22   25  99  2.00000E+00  4.24560E+00
p  23    2 22   25  98  2.16900E+00 -2.50510E+00 -1.89980E-01  2.02190E-02  2.00000E+00  6.54100E+03  6.80300E+03  1.30800E+05
f  23   25 22   25  99  1.30000E+01  4.32550E+00
p  23   25 22   25  98  1.26070E+00 -1.55990E+00 -2.87370E-01  2.58930E-02  1.30000E+01  1.13700E+02  1.18300E+02  2.27400E+03
f  23    3 22   26  99  2.00000E+00  3.26760E+00
p  23    3 22   26  98  2.16900E+00 -2.50510E+00 -1.89980E-01  2.02190E-02  2.00000E+00  6.54100E+03  6.80300E+03  1.30800E+05
f  23   26 22   26  99  1.30000E+01  3.28500E+00
p  23   26 22   26  98  1.26070E+00 -1.55990E+00 -2.87370E-01  2.58930E-02  1.30000E+01  1.13700E+02  1.18300E+02  2.27400E+03
f  23    4 22   27  99  2.00000E+00  3.31800E+00
p  23    4 22   27  98  2.16900E+00 -2.50510E+00 -1.89980E-01  2.02190E-02  2.00000E+00  6.54100E+03  6.80300E+03  1.30800E+05
f  23   27 22   27  99  1.30000E+01  3.33300E+00
p  23   27 22   27  98  1.26070E+00 -1.55990E+00 -2.87370E-01  2.58930E-02  1.30000E+01  1.13700E+02  1.18300E+02  2.27400E+03
f  23    5 22   28  99  2.00000E+00  3.25000E+00
p  23    5 22   28  98  2.16900E+00 -2.50510E+00 -1.89980E-01  2.02190E-02  2.00000E+00  6.54100E+03  6.80300E+03  1.30800E+05
f  23   28 22   28  99  1.30000E+01  3.26300E+00
p  23   28 22   28  98  1.26070E+00 -1.55990E+00 -2.87370E-01  2.58930E-02  1.30000E+01  1.13700E+02  1.18300E+02  2.27400E+03
f  23    6 22   29  99  2.00000E+00  3.12820E+00
p  23    6 22   29  98  2.16900E+00 -2.50510E+00 -1.89980E-01  2.02190E-02  2.00000E+00  6.54100E+03  6.80300E+03  1.30800E+05
f  23   29 22   29  99  1.30000E+01  3.13810E+00
p  23   29 22   29  98  1.26070E+00 -1.55990E+00 -2.87370E-01  2.58930E-02  1.30000E+01  1.13700E+02  1.18300E+02  2.27400E+03
f  23    7 22   30  99  2.00000E+00  3.10420E+00
p  23    7 22   30  98  2.16900E+00 -2.50510E+00 -1.89980E-01  2.02190E-02  2.00000E+00  6.54100E+03  6.80300E+03  1.30800E+05
f  23   30 22   30  99  1.30000E+01  3.11210E+00
p  23   30 22   30  98  1.26070E+00 -1.55990E+00 -2.87370E-01  2.58930E-02  1.30000E+01  1.13700E+02  1.18300E+02  2.27400E+03
f  23    8 22   31  99  2.00000E+00  3.00220E+00
p  23    8 22   31  98  2.16900E+00 -2.50510E+00 -1.89980E-01  2.02190E-02  2.00000E+00  6.54100E+03  6.80300E+03  1.30800E+05
f  23   31 22   31  99  1.30000E+01  3.00220E+00
p  23   31 22   31  98  1.26070E+00 -1.55990E+00 -2.87370E-01  2.58930E-02  1.30000E+01  1.13700E+02  1.18300E+02  2.27400E+03
a  23    9 22    1   1.03250E+13
a  23   10 22    1   2.34558E+12
a  23   11 22    1   7.81764E+11
a  23   12 22    1   3.61706E+11
a  23   13 22    1   1.85517E+11
a  23   14 22    1   1.02949E+11
a  23   15 22    1   6.07911E+10
a  23   16 22    1   5.77491E+14
a  23   17 22    1   3.33991E+12
a  23   18 22    1   7.74345E+11
a  23   19 22    1   2.61695E+11
a  23   20 22    1   1.21076E+11
a  23   21 22    1   6.21026E+10
a  23   22 22    1   3.44614E+10
a  23   23 22    1   2.03492E+10
a  23   24 22    1   8.14532E+12
a  23   25 22    1   6.33386E+10
a  23   26 22    1   1.24124E+10
a  23   27 22    1   3.87328E+09
a  23   28 22    1   1.79205E+09
a  23   29 22    1   9.19165E+08
a  23   30 22    1   5.10062E+08
a  23   31 22    1   3.01190E+08
a  23   17 22    2   4.94992E+14
a  23   25 22    2   6.98170E+12
a  23   18 22    3   4.94992E+14
a  23   26 22    3   6.98170E+12
a  23   19 22    4   4.94992E+14
a  23   27 22    4   6.98170E+12
a  23   20 22    5   4.94992E+14
a  23   28 22    5   6.98170E+12
a  23   21 22    6   4.94992E+14
a  23   29 22    6   6.98170E+12
a  23   22 22    7   4.94992E+14
a  23   30 22    7   6.98170E+12
a  23   23 22    8   4.94992E+14
a  23   31 22    8   6.98170E+12
a  23   24 22   16   1.73505E+14
a  23   25 22   16   7.00120E+11
a  23   26 22   16   1.38144E+11
a  23   27 22   16   4.32520E+10
a  23   28 22   16   2.00116E+10
a  23   29 22   16   1.02640E+10
a  23   30 22   16   5.69600E+09
a  23   31 22   16   3.36332E+09
a  23   25 22   17   1.61112E+14
a  23   26 22   18   1.61112E+14
a  23   27 22   19   1.61112E+14
a  23   28 22   20   1.61112E+14
a  23   29 22   21   1.61112E+14
a  23   30 22   22   1.61112E+14
a  23   31 22   23   1.61112E+14
b  24    1 24    2  99  1.57953E-01  3.51210E-01  7.40303E-01 -2.48977E-01  2.06810E+00  8.29080E-01  8.29080E-01
b  24    1 24    3  99  1.54604E-01  4.01277E-01  7.16088E-01 -2.33260E-01  2.07417E+00  1.99220E-01  1.99220E-01
b  24    2 24    3  99  2.21552E-01  4.79646E-01  1.69033E+00 -2.19907E-01  3.88774E+00  7.51600E-01  7.51600E-01
b  24    1 24    4  99  4.87727E-01  9.49880E-01  2.35428E+00 -7.73126E-01  2.04110E+00  4.57940E-02  4.57940E-02
b  24    2 24    4  99  3.21561E-01  1.04856E+00  2.45261E+00 -2.95008E-01  4.04109E+00  9.54100E-02  9.54100E-02
b  24    3 24    4  99  1.86684E-01  8.22093E-01  1.18792E+00 -1.50534E-01  3.94246E+00  1.05800E+00  1.05800E+00
b  24    1 24    5  99  4.87380E-01  8.77036E-01  2.37825E+00 -7.73105E-01  2.05469E+00  2.71600E-02  2.71600E-02
b  24    2 24    5  99  3.63308E-01  1.48030E+00  2.66687E+00 -3.10147E-01  4.07245E+00  3.30000E-02  3.30000E-02
b  24    3 24    5  99  2.57558E-01  1.04648E+00  1.83491E+00 -2.03155E-01  4.01474E+00  1.56300E-01  1.56300E-01
b  24    4 24    5  99  1.78801E-01  7.71145E-01  1.83597E+00  3.60022E+00  7.58229E+00  1.35800E+00  1.35800E+00
b  24    1 24    6  99  4.88181E-01  8.30380E-01  2.38684E+00 -7.67595E-01  2.05204E+00  1.75840E-02  1.75840E-02
b  24    2 24    6  99  3.90701E-01  1.81269E+00  2.78577E+00 -3.36138E-01  4.07282E+00  1.57500E-02  1.57500E-02
b  24    3 24    6  99  2.94247E-01  1.33198E+00  2.10714E+00 -2.06336E-01  4.08468E+00  5.49600E-02  5.49600E-02
b  24    4 24    6  99  1.88313E-01  1.62157E+00  9.33499E-01 -7.17733E-02  3.99981E+00  2.02400E-01  2.02400E-01
b  24    5 24    6  99  1.52561E-01  9.37756E-01  1.16416E+00  1.63388E+00  6.50460E+00  1.58600E+00  1.58600E+00
b  24    1 24    7  99  4.88007E-01  8.01011E-01  2.37002E+00 -7.48923E-01  2.03742E+00  1.20904E-02  1.20904E-02
b  24    2 24    7  99  4.10144E-01  2.05984E+00  2.87227E+00 -3.36661E-01  4.08140E+00  8.93000E-03  8.93000E-03
b  24    3 24    7  99  3.15838E-01  1.60913E+00  2.20588E+00 -2.09429E-01  4.09850E+00  2.66000E-02  2.66000E-02
b  24    4 24    7  99  2.64447E-01  1.39349E+00  1.79101E+00 -1.73276E-01  4.07377E+00  7.10300E-02  7.10300E-02
b  24    5 24    7  99  1.34745E-01  2.14789E+00  6.33479E-01  8.54497E-01  6.32202E+00  2.36800E-01  2.36800E-01
b  24    6 24    7  99  1.61097E-01  3.41820E-01  1.93477E+00  2.13943E+00  5.24768E+00  1.79900E+00  1.79900E+00
b  24    1 24    8  99  4.87153E-01  7.82192E-01  2.34965E+00 -7.52080E-01  2.01834E+00  8.67860E-03  8.67860E-03
b  24    2 24    8  99  4.23883E-01  2.24507E+00  2.93555E+00 -3.52602E-01  4.09785E+00  5.62800E-03  5.62800E-03
b  24    3 24    8  99  3.29784E-01  1.79498E+00  2.28543E+00 -2.30306E-01  4.14259E+00  1.52500E-02  1.52500E-02
b  24    4 24    8  99  2.89535E-01  1.58164E+00  1.99302E+00 -2.21329E-01  4.12545E+00  3.43800E-02  3.43800E-02
b  24    5 24    8  99  1.86443E-01  2.29865E+00  9.77765E-01  1.08337E+00  5.92637E+00  8.15900E-02  8.15900E-02
b  24    6 24    8  99 -8.31947E-01  1.08891E+01  1.48814E+02  1.16269E+02  3.41612E+00  2.67400E-01  2.67400E-01
b  24    7 24    8  99  3.46057E-04  1.29983E-03  6.56824E-03  1.86505E-02  7.96901E+00  1.31700E+03  1.31700E+03
b  24    1 24    9  98  0.00000E+00  0.00000E+00  0.00000E+00  0.00000E+00  0.00000E+00  1.51231E-01  3.02461E-03
b  24    2 24    9  99  1.57953E-01  3.51210E-01  7.40303E-01 -2.48977E-01  2.06810E+00  7.45802E-01  7.45802E-01
b  24    1 24   10  98  0.00000E+00  0.00000E+00  0.00000E+00  0.00000E+00  0.00000E+00  2.36126E-01  4.72253E-03
b  24    2 24   10  99  1.54604E-01  4.01277E-01  7.16088E-01 -2.33260E-01  2.07417E+00  1.84990E-01  1.84990E-01
b  24    3 24   10  99  1.57953E-01  3.51210E-01  7.40303E-01 -2.48977E-01  2.06810E+00  7.69860E-01  7.69860E-01
b  24    9 24   10  99  2.21552E-01  4.79646E-01  1.69033E+00 -2.19907E-01  3.88774E+00  1.50320E+00  1.50320E+00
b  24    1 24   11  98  0.00000E+00  0.00000E+00  0.00000E+00  0.00000E+00  0.00000E+00  3.27331E-01  6.54661E-03
b  24    2 24   11  99  4.87727E-01  9.49880E-01  2.35428E+00 -7.73126E-01  2.04110E+00  4.25230E-02  4.25230E-02
b  24    4 24   11  99  1.57953E-01  3.51210E-01  7.40303E-01 -2.48977E-01  2.06810E+00  7.69860E-01  7.69860E-01
b  24    9 24   11  99  3.21561E-01  1.04856E+00  2.45261E+00 -2.95008E-01  4.04109E+00  1.90820E-01  1.90820E-01
b  24   10 24   11  99  1.86684E-01  8.22093E-01  1.18792E+00 -1.50534E-01  3.94246E+00  1.05800E+00  1.05800E+00
b  24    1 24   12  98  0.00000E+00  0.00000E+00  0.00000E+00  0.00000E+00  0.00000E+00  4.31498E-01  8.62997E-03
b  24    2 24   12  99  4.87380E-01  8.77036E-01  2.37825E+00 -7.73105E-01  2.05469E+00  2.52200E-02  2.52200E-02
b  24    5 24   12  99  1.57953E-01  3.51210E-01  7.40303E-01 -2.48977E-01  2.06810E+00  7.69860E-01  7.69860E-01
b  24    9 24   12  99  3.63308E-01  1.48030E+00  2.66687E+00 -3.10147E-01  4.07245E+00  6.60000E-02  6.60000E-02
b  24   10 24   12  99  2.57558E-01  1.04648E+00  1.83491E+00 -2.03155E-01  4.01474E+00  1.56300E-01  1.56300E-01
b  24   11 24   12  99  1.78801E-01  7.71145E-01  1.83597E+00  3.60022E+00  7.58229E+00  1.35800E+00  1.35800E+00
b  24    1 24   13  98  0.00000E+00  0.00000E+00  0.00000E+00  0.00000E+00  0.00000E+00  5.51018E-01  1.10204E-02
b  24    2 24   13  99  4.88181E-01  8.30380E-01  2.38684E+00 -7.67595E-01  2.05204E+00  1.63280E-02  1.63280E-02
b  24    6 24   13  99  1.57953E-01  3.51210E-01  7.40303E-01 -2.48977E-01  2.06810E+00  7.69860E-01  7.69860E-01
b  24    9 24   13  99  3.90701E-01  1.81269E+00  2.78577E+00 -3.36138E-01  4.07282E+00  3.15000E-02  3.15000E-02
b  24   10 24   13  99  2.94247E-01  1.33198E+00  2.10714E+00 -2.06336E-01  4.08468E+00  5.49600E-02  5.49600E-02
b  24   11 24   13  99  1.88313E-01  1.62157E+00  9.33499E-01 -7.17733E-02  3.99981E+00  2.02400E-01  2.02400E-01
b  24   12 24   13  99  1.52561E-01  9.37756E-01  1.16416E+00  1.63388E+00  6.50460E+00  1.58600E+00  1.58600E+00
b  24    1 24   14  98  0.00000E+00  0.00000E+00  0.00000E+00  0.00000E+00  0.00000E+00  6.89702E-01  1.37940E-02
b  24    2 24   14  99  4.88007E-01  8.01011E-01  2.37002E+00 -7.48923E-01  2.03742E+00  1.12268E-02  1.12268E-02
b  24    7 24   14  99  1.57953E-01  3.51210E-01  7.40303E-01 -2.48977E-01  2.06810E+00  7.69860E-01  7.69860E-01
b  24    9 24   14  99  4.10144E-01  2.05984E+00  2.87227E+00 -3.36661E-01  4.08140E+00  1.78600E-02  1.78600E-02
b  24   10 24   14  99  3.15838E-01  1.60913E+00  2.20588E+00 -2.09429E-01  4.09850E+00  2.66000E-02  2.66000E-02
b  24   11 24   14  99  2.64447E-01  1.39349E+00  1.79101E+00 -1.73276E-01  4.07377E+00  7.10300E-02  7.10300E-02
b  24   12 24   14  99  1.34745E-01  2.14789E+00  6.33479E-01  8.54497E-01  6.32202E+00  2.36800E-01  2.36800E-01
b  24   13 24   14  99  1.61097E-01  3.41820E-01  1.93477E+00  2.13943E+00  5.24768E+00  1.79900E+00  1.79900E+00
b  24    1 24   15  98  0.00000E+00  0.00000E+00  0.00000E+00  0.00000E+00  0.00000E+00  8.42858E-01  1.68572E-02
b  24    2 24   15  99  4.87153E-01  7.82192E-01  2.34965E+00 -7.52080E-01  2.01834E+00  8.05870E-03  8.05870E-03
b  24    8 24   15  99  1.57953E-01  3.51210E-01  7.40303E-01 -2.48977E-01  2.06810E+00  7.69860E-01  7.69860E-01
b  24    9 24   15  99  4.23883E-01  2.24507E+00  2.93555E+00 -3.52602E-01  4.09785E+00  1.12560E-02  1.12560E-02
b  24   10 24   15  99  3.29784E-01  1.79498E+00  2.28543E+00 -2.30306E-01  4.14259E+00  1.52500E-02  1.52500E-02
b  24   11 24   15  99  2.89535E-01  1.58164E+00  1.99302E+00 -2.21329E-01  4.12545E+00  3.43800E-02  3.43800E-02
b  24   12 24   15  99  1.86443E-01  2.29865E+00  9.77765E-01  1.08337E+00  5.92637E+00  8.15900E-02  8.15900E-02
b  24   13 24   15  99 -8.31947E-01  1.08891E+01  1.48814E+02  1.16269E+02  3.41612E+00  2.67400E-01  2.67400E-01
b  24   14 24   15  99  3.46057E-04  1.29983E-03  6.56824E-03  1.86505E-02  7.96901E+00  1.31700E+03  1.31700E+03
b  24    1 24   16  99  1.52735E-01  2.24743E+00 -7.30147E+01  7.56745E+02  2.00000E+01  2.68800E-01  2.68800E-01
b  24    1 24   17  99  1.07651E-01  1.60068E+00 -5.14068E+01  5.33905E+02  2.00000E+01  7.32080E-02  7.32080E-02
b  24    2 24   17  99  1.52735E-01  2.24743E+00 -7.30147E+01  7.56745E+02  2.00000E+01  3.36000E-01  3.36000E-01
b  24   16 24   17  99  1.57953E-01  3.51210E-01  7.40303E-01 -2.48977E-01  2.06810E+00  8.88300E-01  8.88300E-01
b  24    1 24   18  99  1.15061E-01  1.68781E+00 -5.42631E+01  5.57809E+02  2.00000E+01  2.85760E-02  2.85760E-02
b  24    3 24   18  99  1.52735E-01  2.24743E+00 -7.30147E+01  7.56745E+02  2.00000E+01  3.36000E-01  3.36000E-01
b  24   16 24   18  99  1.54604E-01  4.01277E-01  7.16088E-01 -2.33260E-01  2.07417E+00  2.13450E-01  2.13450E-01
b  24   17 24   18  99  2.21552E-01  4.79646E-01  1.69033E+00 -2.19907E-01  3.88774E+00  7.51600E-01  7.51600E-01
b  24    1 24   19  99  1.31209E-01  1.96418E+00 -6.27621E+01  6.32565E+02  2.00000E+01  1.33840E-02  1.33840E-02
b  24    4 24   19  99  1.52735E-01  2.24743E+00 -7.30147E+01  7.56745E+02  2.00000E+01  3.36000E-01  3.36000E-01
b  24   16 24   19  99  4.87727E-01  9.49880E-01  2.35428E+00 -7.73126E-01  2.04110E+00  4.90650E-02  4.90650E-02
b  24   17 24   19  99  3.21561E-01  1.04856E+00  2.45261E+00 -2.95008E-01  4.04109E+00  9.54100E-02  9.54100E-02
b  24   18 24   19  99  1.86684E-01  8.22093E-01  1.18792E+00 -1.50534E-01  3.94246E+00  1.05800E+00  1.05800E+00
b  24    1 24   20  99  1.27930E-01  1.90828E+00 -6.09601E+01  6.13224E+02  2.00000E+01  7.68320E-03  7.68320E-03
b  24    5 24   20  99  1.52735E-01  2.24743E+00 -7.30147E+01  7.56745E+02  2.00000E+01  3.36000E-01  3.36000E-01
b  24   16 24   20  99  4.87380E-01  8.77036E-01  2.37825E+00 -7.73105E-01  2.05469E+00  2.91000E-02  2.91000E-02
b  24   17 24   20  99  3.63308E-01  1.48030E+00  2.66687E+00 -3.10147E-01  4.07245E+00  3.30000E-02  3.30000E-02
b  24   18 24   20  99  2.57558E-01  1.04648E+00  1.83491E+00 -2.03155E-01  4.01474E+00  1.56300E-01  1.56300E-01
b  24   19 24   20  99  1.78801E-01  7.71145E-01  1.83597E+00  3.60022E+00  7.58229E+00  1.35800E+00  1.35800E+00
b  24    1 24   21  99  1.25964E-01  1.87659E+00 -6.00605E+01  6.04349E+02  2.00000E+01  4.82400E-03  4.82400E-03
b  24    6 24   21  99  1.52735E-01  2.24743E+00 -7.30147E+01  7.56745E+02  2.00000E+01  3.36000E-01  3.36000E-01
b  24   16 24   21  99  4.88181E-01  8.30380E-01  2.38684E+00 -7.67595E-01  2.05204E+00  1.88400E-02  1.88400E-02
b  24   17 24   21  99  3.90701E-01  1.81269E+00  2.78577E+00 -3.36138E-01  4.07282E+00  1.57500E-02  1.57500E-02
b  24   18 24   21  99  2.94247E-01  1.33198E+00  2.10714E+00 -2.06336E-01  4.08468E+00  5.49600E-02  5.49600E-02
b  24   19 24   21  99  1.88313E-01  1.62157E+00  9.33499E-01 -7.17733E-02  3.99981E+00  2.02400E-01  2.02400E-01
b  24   20 24   21  99  1.52561E-01  9.37756E-01  1.16416E+00  1.63388E+00  6.50460E+00  1.58600E+00  1.58600E+00
b  24    1 24   22  99  1.24416E-01  1.85326E+00 -5.93427E+01  5.96761E+02  2.00000E+01  3.22880E-03  3.22880E-03
b  24    7 24   22  99  1.52735E-01  2.24743E+00 -7.30147E+01  7.56745E+02  2.00000E+01  3.36000E-01  3.36000E-01
b  24   16 24   22  99  4.88007E-01  8.01011E-01  2.37002E+00 -7.48923E-01  2.03742E+00  1.29540E-02  1.29540E-02
b  24   17 24   22  99  4.10144E-01  2.05984E+00  2.87227E+00 -3.36661E-01  4.08140E+00  8.93000E-03  8.93000E-03
b  24   18 24   22  99  3.15838E-01  1.60913E+00  2.20588E+00 -2.09429E-01  4.09850E+00  2.66000E-02  2.66000E-02
b  24   19 24   22  99  2.64447E-01  1.39349E+00  1.79101E+00 -1.73276E-01  4.07377E+00  7.10300E-02  7.10300E-02
b  24   20 24   22  99  1.34745E-01  2.14789E+00  6.33479E-01  8.54497E-01  6.32202E+00  2.36800E-01  2.36800E-01
b  24   21 24   22  99  1.61097E-01  3.41820E-01  1.93477E+00  2.13943E+00  5.24768E+00  1.79900E+00  1.79900E+00
b  24    1 24   23  99  1.22918E-01  1.83035E+00 -5.84501E+01  5.86062E+02  2.00000E+01  2.26720E-03  2.26720E-03
b  24    8 24   23  99  1.52735E-01  2.24743E+00 -7.30147E+01  7.56745E+02  2.00000E+01  3.36000E-01  3.36000E-01
b  24   16 24   23  99  4.87153E-01  7.82192E-01  2.34965E+00 -7.52080E-01  2.01834E+00  9.29850E-03  9.29850E-03
b  24   17 24   23  99  4.23883E-01  2.24507E+00  2.93555E+00 -3.52602E-01  4.09785E+00  5.62800E-03  5.62800E-03
b  24   18 24   23  99  3.29784E-01  1.79498E+00  2.28543E+00 -2.30306E-01  4.14259E+00  1.52500E-02  1.52500E-02
b  24   19 24   23  99  2.89535E-01  1.58164E+00  1.99302E+00 -2.21329E-01  4.12545E+00  3.43800E-02  3.43800E-02
b  24   20 24   23  99  1.86443E-01  2.29865E+00  9.77765E-01  1.08337E+00  5.92637E+00  8.15900E-02  8.15900E-02
b  24   21 24   23  99 -8.31947E-01  1.08891E+01  1.48814E+02  1.16269E+02  3.41612E+00  2.67400E-01  2.67400E-01
b  24   22 24   23  99  3.46057E-04  1.29983E-03  6.56824E-03  1.86505E-02  7.96901E+00  1.31700E+03  1.31700E+03
b  24    1 24   24  99  2.20128E-01  1.05545E+00 -1.25195E+01  4.86832E+01  5.48450E+00  1.26933E-02  1.26933E-02
b  24   16 24   24  99  2.67225E-01  7.07956E-01 -9.50477E+00  3.99495E+01  4.89506E+00  7.40250E-02  7.40250E-02
b  24    1 24   25  99  2.37869E-01  1.70859E+00 -1.97779E+01  7.47798E+01  6.14496E+00  2.50600E-03  2.50600E-03
b  24    2 24   25  99  2.20128E-01  1.05545E+00 -1.25195E+01  4.86832E+01  5.48450E+00  1.58667E-02  1.58667E-02
b  24   17 24   25  99  2.67225E-01  7.07956E-01 -9.50477E+00  3.99495E+01  4.89506E+00  7.40250E-02  7.40250E-02
b  24   24 24   25  99  1.57953E-01  3.51210E-01  7.40303E-01 -2.48977E-01  2.06810E+00  8.88300E-01  8.88300E-01
b  24    1 24   26  99  2.38112E-01  1.48187E+00 -1.72342E+01  6.55043E+01  5.86809E+00  8.66200E-04  8.66200E-04
b  24    3 24   26  99  2.20128E-01  1.05545E+00 -1.25195E+01  4.86832E+01  5.48450E+00  1.58667E-02  1.58667E-02
b  24   18 24   26  99  2.67225E-01  7.07956E-01 -9.50477E+00  3.99495E+01  4.89506E+00  7.40250E-02  7.40250E-02
b  24   24 24   26  99  1.54604E-01  4.01277E-01  7.16088E-01 -2.33260E-01  2.07417E+00  2.13450E-01  2.13450E-01
b  24   25 24   26  99  2.21552E-01  4.79646E-01  1.69033E+00 -2.19907E-01  3.88774E+00  7.51600E-01  7.51600E-01
b  24    1 24   27  99  2.28588E-01  1.52383E+00 -1.80139E+01  6.88360E+01  6.02706E+00  3.80200E-04  3.80200E-04
b  24    4 24   27  99  2.20128E-01  1.05545E+00 -1.25195E+01  4.86832E+01  5.48450E+00  1.58667E-02  1.58667E-02
b  24   19 24   27  99  2.67225E-01  7.07956E-01 -9.50477E+00  3.99495E+01  4.89506E+00  7.40250E-02  7.40250E-02
b  24   24 24   27  99  4.87727E-01  9.49880E-01  2.35428E+00 -7.73126E-01  2.04110E+00  4.90650E-02  4.90650E-02
b  24   25 24   27  99  3.21561E-01  1.04856E+00  2.45261E+00 -2.95008E-01  4.04109E+00  9.54100E-02  9.54100E-02
b  24   26 24   27  99  1.86684E-01  8.22093E-01  1.18792E+00 -1.50534E-01  3.94246E+00  1.05800E+00  1.05800E+00
b  24    1 24   28  99  2.24747E-01  1.44745E+00 -1.69719E+01  6.44597E+01  5.91962E+00  2.05600E-04  2.05600E-04
b  24    5 24   28  99  2.20128E-01  1.05545E+00 -1.25195E+01  4.86832E+01  5.48450E+00  1.58667E-02  1.58667E-02
b  24   20 24   28  99  2.67225E-01  7.07956E-01 -9.50477E+00  3.99495E+01  4.89506E+00  7.40250E-02  7.40250E-02
b  24   24 24   28  99  4.87380E-01  8.77036E-01  2.37825E+00 -7.73105E-01  2.05469E+00  2.91000E-02  2.91000E-02
b  24   25 24   28  99  3.63308E-01  1.48030E+00  2.66687E+00 -3.10147E-01  4.07245E+00  3.30000E-02  3.30000E-02
b  24   26 24   28  99  2.57558E-01  1.04648E+00  1.83491E+00 -2.03155E-01  4.01474E+00  1.56300E-01  1.56300E-01
b  24   27 24   28  99  1.78801E-01  7.71145E-01  1.83597E+00  3.60022E+00  7.58229E+00  1.35800E+00  1.35800E+00
b  24    1 24   29  99  2.22082E-01  1.41520E+00 -1.67087E+01  6.38123E+01  5.93141E+00  1.23440E-04  1.23440E-04
b  24    6 24   29  99  2.20128E-01  1.05545E+00 -1.25195E+01  4.86832E+01  5.48450E+00  1.58667E-02  1.58667E-02
b  24   21 24   29  99  2.67225E-01  7.07956E-01 -9.50477E+00  3.99495E+01  4.89506E+00  7.40250E-02  7.40250E-02
b  24   24 24   29  99  4.88181E-01  8.30380E-01  2.38684E+00 -7.67595E-01  2.05204E+00  1.88400E-02  1.88400E-02
b  24   25 24   29  99  3.90701E-01  1.81269E+00  2.78577E+00 -3.36138E-01  4.07282E+00  1.57500E-02  1.57500E-02
b  24   26 24   29  99  2.94247E-01  1.33198E+00  2.10714E+00 -2.06336E-01  4.08468E+00  5.49600E-02  5.49600E-02
b  24   27 24   29  99  1.88313E-01  1.62157E+00  9.33499E-01 -7.17733E-02  3.99981E+00  2.02400E-01  2.02400E-01
b  24   28 24   29  99  1.52561E-01  9.37756E-01  1.16416E+00  1.63388E+00  6.50460E+00  1.58600E+00  1.58600E+00
b  24    1 24   30  99  2.14872E-01  1.42318E+00 -1.69708E+01  6.51689E+01  6.03917E+00  7.98400E-05  7.98400E-05
b  24    7 24   30  99  2.20128E-01  1.05545E+00 -1.25195E+01  4.86832E+01  5.48450E+00  1.58667E-02  1.58667E-02
b  24   22 24   30  99  2.67225E-01  7.07956E-01 -9.50477E+00  3.99495E+01  4.89506E+00  7.40250E-02  7.40250E-02
b  24   24 24   30  99  4.88007E-01  8.01011E-01  2.37002E+00 -7.48923E-01  2.03742E+00  1.29540E-02  1.29540E-02
b  24   25 24   30  99  4.10144E-01  2.05984E+00  2.87227E+00 -3.36661E-01  4.08140E+00  8.93000E-03  8.93000E-03
b  24   26 24   30  99  3.15838E-01  1.60913E+00  2.20588E+00 -2.09429E-01  4.09850E+00  2.66000E-02  2.66000E-02
b  24   27 24   30  99  2.64447E-01  1.39349E+00  1.79101E+00 -1.73276E-01  4.07377E+00  7.10300E-02  7.10300E-02
b  24   28 24   30  99  1.34745E-01  2.14789E+00  6.33479E-01  8.54497E-01  6.32202E+00  2.36800E-01  2.36800E-01
b  24   29 24   30  99  1.61097E-01  3.41820E-01  1.93477E+00  2.13943E+00  5.24768E+00  1.79900E+00  1.79900E+00
b  24    1 24   31  99  2.14895E-01  1.39547E+00 -1.66011E+01  6.36723E+01  5.99258E+00  5.45600E-05  5.45600E-05
b  24    8 24   31  99  2.20128E-01  1.05545E+00 -1.25195E+01  4.86832E+01  5.48450E+00  1.58667E-02  1.58667E-02
b  24   23 24   31  99  2.67225E-01  7.07956E-01 -9.50477E+00  3.99495E+01  4.89506E+00  7.40250E-02  7.40250E-02
b  24   24 24   31  99  4.87153E-01  7.82192E-01  2.34965E+00 -7.52080E-01  2.01834E+00  9.29850E-03  9.29850E-03
b  24   25 24   31  99  4.23883E-01  2.24507E+00  2.93555E+00 -3.52602E-01  4.09785E+00  5.62800E-03  5.62800E-03
b  24   26 24   31  99  3.29784E-01  1.79498E+00  2.28543E+00 -2.30306E-01  4.14259E+00  1.52500E-02  1.52500E-02
b  24   27 24   31  99  2.89535E-01  1.58164E+00  1.99302E+00 -2.21329E-01  4.12545E+00  3.43800E-02  3.43800E-02
b  24   28 24   31  99  1.86443E-01  2.29865E+00  9.77765E-01  1.08337E+00  5.92637E+00  8.15900E-02  8.15900E-02
b  24   29 24   31  99 -8.31947E-01  1.08891E+01  1.48814E+02  1.16269E+02  3.41612E+00  2.67400E-01  2.67400E-01
b  24   30 24   31  99  3.46057E-04  1.29983E-03  6.56824E-03  1.86505E-02  7.96901E+00  1.31700E+03  1.31700E+03
f  24    1 23    1  99  1.40000E+01  1.13800E+01
p  24    1 23    1  98  1.18180E+00 -1.33520E+00 -3.53570E-01  3.41350E-02  1.40000E+01  9.72500E+01  1.01100E+02  1.94500E+03
f  24    2 23    1  99  1.00000E+00  3.33010E+00
p  24    2 23    1  99  1.00000E+00  3.33010E+00
f  24    3 23    1  99  1.00000E+00  2.28800E+00
p  24    3 23    1  99  1.00000E+00  2.28800E+00
f  24    4 23    1  99  1.00000E+00  2.33600E+00
p  24    4 23    1  99  1.00000E+00  2.33600E+00
f  24    5 23    1  99  1.00000E+00  2.26400E+00
p  24    5 23    1  99  1.00000E+00  2.26400E+00
f  24    6 23    1  99  1.00000E+00  2.13820E+00
p  24    6 23    1  99  1.00000E+00  2.13820E+00
f  24    7 23    1  99  1.00000E+00  2.11220E+00
p  24    7 23    1  99  1.00000E+00  2.11220E+00
f  24    8 23    1  99  1.00000E+00  2.00230E+00
p  24    8 23    1  99  1.00000E+00  2.00230E+00
f  24    2 23    2  99  1.30000E+01  3.33010E+00
p  24    2 23    2  98  1.18180E+00 -1.33520E+00 -3.53570E-01  3.41350E-02  1.40000E+01  9.72500E+01  1.01100E+02  1.94500E+03
f  24    9 23    2  99  2.00000E+00  3.89060E+00
p  24    9 23    2  99  2.00000E+00  3.89060E+00
f  24   10 23    2  99  1.00000E+00  2.34760E+00
p  24   10 23    2  99  1.00000E+00  2.34760E+00
f  24   11 23    2  99  1.00000E+00  2.35800E+00
p  24   11 23    2  99  1.00000E+00  2.35800E+00
f  24   12 23    2  99  1.00000E+00  2.27500E+00
p  24   12 23    2  99  1.00000E+00  2.27500E+00
f  24   13 23    2  99  1.00000E+00  2.14520E+00
p  24   13 23    2  99  1.00000E+00  2.14520E+00
f  24   14 23    2  99  1.00000E+00  2.11820E+00
p  24   14 23    2  99  1.00000E+00  2.11820E+00
f  24   15 23    2  99  1.00000E+00  2.01220E+00
p  24   15 23    2  99  1.00000E+00  2.01220E+00
f  24    3 23    3  99  1.30000E+01  2.28800E+00
p  24    3 23    3  98  1.18180E+00 -1.33520E+00 -3.53570E-01  3.41350E-02  1.40000E+01  9.72500E+01  1.01100E+02  1.94500E+03
f  24   10 23    3  99  1.00000E+00  2.34760E+00
p  24   10 23    3  99  1.00000E+00  2.34760E+00
f  24    4 23    4  99  1.30000E+01  2.33600E+00
p  24    4 23    4  98  1.18180E+00 -1.33520E+00 -3.53570E-01  3.41350E-02  1.40000E+01  9.72500E+01  1.01100E+02  1.94500E+03
f  24   11 23    4  99  1.00000E+00  2.35800E+00
p  24   11 23    4  99  1.00000E+00  2.35800E+00
f  24    5 23    5  99  1.30000E+01  2.26400E+00
p  24    5 23    5  98  1.18180E+00 -1.33520E+00 -3.53570E-01  3.41350E-02  1.40000E+01  9.72500E+01  1.01100E+02  1.94500E+03
f  24   12 23    5  99  1.00000E+00  2.27500E+00
p  24   12 23    5  99  1.00000E+00  2.27500E+00
f  24    6 23    6  99  1.30000E+01  2.13820E+00
p  24    6 23    6  98  1.18180E+00 -1.33520E+00 -3.53570E-01  3.41350E-02  1.40000E+01  9.72500E+01  1.01100E+02  1.94500E+03
f  24   13 23    6  99  1.00000E+00  2.14520E+00
p  24   13 23    6  99  1.00000E+00  2.14520E+00
f  24    7 23    7  99  1.30000E+01  2.11220E+00
p  24    7 23    7  98  1.18180E+00 -1.33520E+00 -3.53570E-01  3.41350E-02  1.40000E+01  9.72500E+01  1.01100E+02  1.94500E+03
f  24   14 23    7  99  1.00000E+00  2.11820E+00
p  24   14 23    7  99  1.00000E+00  2.11820E+00
f  24    8 23    8  99  1.30000E+01  2.00230E+00
p  24    8 23    8  98  1.18180E+00 -1.33520E+00 -3.53570E-01  3.41350E-02  1.40000E+01  9.72500E+01  1.01100E+02  1.94500E+03
f  24   15 23    8  99  1.00000E+00  2.01220E+00
p  24   15 23    8  99  1.00000E+00  2.01220E+00
f  24    9 23    9  99  1.20000E+01  3.89060E+00
p  24    9 23    9  98  1.18180E+00 -1.33520E+00 -3.53570E-01  3.41350E-02  1.40000E+01  9.72500E+01  1.01100E+02  1.94500E+03
f  24   10 23   10  99  1.20000E+01  2.34760E+00
p  24   10 23   10  98  1.18180E+00 -1.33520E+00 -3.53570E-01  3.41350E-02  1.40000E+01  9.72500E+01  1.01100E+02  1.94500E+03
f  24   11 23   11  99  1.20000E+01  2.35800E+00
p  24   11 23   11  98  1.18180E+00 -1.33520E+00 -3.53570E-01  3.41350E-02  1.40000E+01  9.72500E+01  1.01100E+02  1.94500E+03
f  24   12 23   12  99  1.20000E+01  2.27500E+00
p  24   12 23   12  98  1.18180E+00 -1.33520E+00 -3.53570E-01  3.41350E-02  1.40000E+01  9.72500E+01  1.01100E+02  1.94500E+03
f  24   13 23   13  99  1.20000E+01  2.14520E+00
p  24   13 23   13  98  1.18180E+00 -1.33520E+00 -3.53570E-01  3.41350E-02  1.40000E+01  9.72500E+01  1.01100E+02  1.94500E+03
f  24   14 23   14  99  1.20000E+01  2.11820E+00
p  24   14 23   14  98  1.18180E+00 -1.33520E+00 -3.53570E-01  3.41350E-02  1.40000E+01  9.72500E+01  1.01100E+02  1.94500E+03
f  24   15 23   15  99  1.20000E+01  2.01220E+00
p  24   15 23   15  98  1.18180E+00 -1.33520E+00 -3.53570E-01  3.41350E-02  1.40000E+01  9.72500E+01  1.01100E+02  1.94500E+03
f  24    1 23   16  99  8.00000E+00  1.13800E+01
p  24    1 23   16  98  2.14970E+00 -2.29550E+00 -2.01610E-01  2.35900E-02  8.00000E+00  7.72000E+02  8.02900E+02  1.54400E+04
f  24   16 23   16  99  1.50000E+01  1.19440E+01
p  24   16 23   16  98  1.18180E+00 -1.33520E+00 -3.53570E-01  3.41350E-02  1.40000E+01  9.72500E+01  1.01100E+02  1.94500E+03
f  24   17 23   16  99  1.00000E+00  3.38680E+00
p  24   17 23   16  99  1.00000E+00  3.38680E+00
f  24   18 23   16  99  1.00000E+00  2.30630E+00
p  24   18 23   16  99  1.00000E+00  2.30630E+00
f  24   19 23   16  99  1.00000E+00  2.34200E+00
p  24   19 23   16  99  1.00000E+00  2.34200E+00
f  24   20 23   16  99  1.00000E+00  2.26800E+00
p  24   20 23   16  99  1.00000E+00  2.26800E+00
f  24   21 23   16  99  1.00000E+00  2.14720E+00
p  24   21 23   16  99  1.00000E+00  2.14720E+00
f  24   22 23   16  99  1.00000E+00  2.11920E+00
p  24   22 23   16  99  1.00000E+00  2.11920E+00
f  24   23 23   16  99  1.00000E+00  2.00230E+00
p  24   23 23   16  99  1.00000E+00  2.00230E+00
f  24    2 23   17  99  8.00000E+00  3.33010E+00
p  24    2 23   17  98  2.14970E+00 -2.29550E+00 -2.01610E-01  2.35900E-02  8.00000E+00  7.72000E+02  8.02900E+02  1.54400E+04
f  24   17 23   17  99  1.40000E+01  3.38680E+00
p  24   17 23   17  98  1.18180E+00 -1.33520E+00 -3.53570E-01  3.41350E-02  1.40000E+01  9.72500E+01  1.01100E+02  1.94500E+03
f  24    3 23   18  99  8.00000E+00  2.28800E+00
p  24    3 23   18  98  2.14970E+00 -2.29550E+00 -2.01610E-01  2.35900E-02  8.00000E+00  7.72000E+02  8.02900E+02  1.54400E+04
f  24   18 23   18  99  1.40000E+01  2.30630E+00
p  24   18 23   18  98  1.18180E+00 -1.33520E+00 -3.53570E-01  3.41350E-02  1.40000E+01  9.72500E+01  1.01100E+02  1.94500E+03
f  24    4 23   19  99  8.00000E+00  2.33600E+00
p  24    4 23   19  98  2.14970E+00 -2.29550E+00 -2.01610E-01  2.35900E-02  8.00000E+00  7.72000E+02  8.02900E+02  1.54400E+04
f  24   19 23   19  99  1.40000E+01  2.34200E+00
p  24   19 23   19  98  1.18180E+00 -1.33520E+00 -3.53570E-01  3.41350E-02  1.40000E+01  9.72500E+01  1.01100E+02  1.94500E+03
f  24    5 23   20  99  8.00000E+00  2.26400E+00
p  24    5 23   20  98  2.14970E+00 -2.29550E+00 -2.01610E-01  2.35900E-02  8.00000E+00  7.72000E+02  8.02900E+02  1.54400E+04
f  24   20 23   20  99  1.40000E+01  2.26800E+00
p  24   20 23   20  98  1.18180E+00 -1.33520E+00 -3.53570E-01  3.41350E-02  1.40000E+01  9.72500E+01  1.01100E+02  1.94500E+03
f  24    6 23   21  99  8.00000E+00  2.13820E+00
p  24    6 23   21  98  2.14970E+00 -2.29550E+00 -2.01610E-01  2.35900E-02  8.00000E+00  7.72000E+02  8.02900E+02  1.54400E+04
f  24   21 23   21  99  1.40000E+01  2.14720E+00
p  24   21 23   21  98  1.18180E+00 -1.33520E+00 -3.53570E-01  3.41350E-02  1.40000E+01  9.72500E+01  1.01100E+02  1.94500E+03
f  24    7 23   22  99  8.00000E+00  2.11220E+00
p  24    7 23   22  98  2.14970E+00 -2.29550E+00 -2.01610E-01  2.35900E-02  8.00000E+00  7.72000E+02  8.02900E+02  1.54400E+04
f  24   22 23   22  99  1.40000E+01  2.11920E+00
p  24   22 23   22  98  1.18180E+00 -1.33520E+00 -3.53570E-01  3.41350E-02  1.40000E+01  9.72500E+01  1.01100E+02  1.94500E+03
f  24    8 23   23  99  8.00000E+00  2.00230E+00
p  24    8 23   23  98  2.14970E+00 -2.29550E+00 -2.01610E-01  2.35900E-02  8.00000E+00  7.72000E+02  8.02900E+02  1.54400E+04
f  24   23 23   23  99  1.40000E+01  2.00230E+00
p  24   23 23   23  98  1.18180E+00 -1.33520E+00 -3.53570E-01  3.41350E-02  1.40000E+01  9.72500E+01  1.01100E+02  1.94500E+03
f  24    1 23   24  99  2.00000E+00  1.13800E+01
p  24    1 23   24  98  2.17180E+00 -2.50050E+00 -1.92450E-01  2.06410E-02  2.00000E+00  6.52200E+03  6.78300E+03  1.30400E+05
f  24   24 23   24  99  1.50000E+01  1.20240E+01
p  24   24 23   24  98  1.18180E+00 -1.33520E+00 -3.53570E-01  3.41350E-02  1.40000E+01  9.72500E+01  1.01100E+02  1.94500E+03
f  24   25 23   24  99  1.00000E+00  3.41000E+00
p  24   25 23   24  99  1.00000E+00  3.41000E+00
f  24   26 23   24  99  1.00000E+00  2.30540E+00
p  24   26 23   24  99  1.00000E+00  2.30540E+00
f  24   27 23   24  99  1.00000E+00  2.35100E+00
p  24   27 23   24  99  1.00000E+00  2.35100E+00
f  24   28 23   24  99  1.00000E+00  2.27700E+00
p  24   28 23   24  99  1.00000E+00  2.27700E+00
f  24   29 23   24  99  1.00000E+00  2.14810E+00
p  24   29 23   24  99  1.00000E+00  2.14810E+00
f  24   30 23   24  99  1.00000E+00  2.12010E+00
p  24   30 23   24  99  1.00000E+00  2.12010E+00
f  24   31 23   24  99  1.00000E+00  2.00230E+00
p  24   31 23   24  99  1.00000E+00  2.00230E+00
f  24    2 23   25  99  2.00000E+00  3.33010E+00
p  24    2 23   25  98  2.17180E+00 -2.50050E+00 -1.92450E-01  2.06410E-02  2.00000E+00  6.52200E+03  6.78300E+03  1.30400E+05
f  24   25 23   25  99  1.40000E+01  3.41000E+00
p  24   25 23   25  98  1.18180E+00 -1.33520E+00 -3.53570E-01  3.41350E-02  1.40000E+01  9.72500E+01  1.01100E+02  1.94500E+03
f  24    3 23   26  99  2.00000E+00  2.28800E+00
p  24    3 23   26  98  2.17180E+00 -2.50050E+00 -1.92450E-01  2.06410E-02  2.00000E+00  6.52200E+03  6.78300E+03  1.30400E+05
f  24   26 23   26  99  1.40000E+01  2.30540E+00
p  24   26 23   26  98  1.18180E+00 -1.33520E+00 -3.53570E-01  3.41350E-02  1.40000E+01  9.72500E+01  1.01100E+02  1.94500E+03
f  24    4 23   27  99  2.00000E+00  2.33600E+00
p  24    4 23   27  98  2.17180E+00 -2.50050E+00 -1.92450E-01  2.06410E-02  2.00000E+00  6.52200E+03  6.78300E+03  1.30400E+05
f  24   27 23   27  99  1.40000E+01  2.35100E+00
p  24   27 23   27  98  1.18180E+00 -1.33520E+00 -3.53570E-01  3.41350E-02  1.40000E+01  9.72500E+01  1.01100E+02  1.94500E+03
f  24    5 23   28  99  2.00000E+00  2.26400E+00
p  24    5 23   28  98  2.17180E+00 -2.50050E+00 -1.92450E-01  2.06410E-02  2.00000E+00  6.52200E+03  6.78300E+03  1.30400E+05
f  24   28 23   28  99  1.40000E+01  2.27700E+00
p  24   28 23   28  98  1.18180E+00 -1.33520E+00 -3.53570E-01  3.41350E-02  1.40000E+01  9.72500E+01  1.01100E+02  1.94500E+03
f  24    6 23   29  99  2.00000E+00  2.13820E+00
p  24    6 23   29  98  2.17180E+00 -2.50050E+00 -1.92450E-01  2.06410E-02  2.00000E+00  6.52200E+03  6.78300E+03  1.30400E+05
f  24   29 23   29  99  1.40000E+01  2.14810E+00
p  24   29 23   29  98  1.18180E+00 -1.33520E+00 -3.53570E-01  3.41350E-02  1.40000E+01  9.72500E+01  1.01100E+02  1.94500E+03
f  24    7 23   30  99  2.00000E+00  2.11220E+00
p  24    7 23   30  98  2.17180E+00 -2.50050E+00 -1.92450E-01  2.06410E-02  2.00000E+00  6.52200E+03  6.78300E+03  1.30400E+05
f  24   30 23   30  99  1.40000E+01  2.12010E+00
p  24   30 23   30  98  1.18180E+00 -1.33520E+00 -3.53570E-01  3.41350E-02  1.40000E+01  9.72500E+01  1.01100E+02  1.94500E+03
f  24    8 23   31  99  2.00000E+00  2.00230E+00
p  24    8 23   31  98  2.17180E+00 -2.50050E+00 -1.92450E-01  2.06410E-02  2.00000E+00  6.52200E+03  6.78300E+03  1.30400E+05
f  24   31 23   31  99  1.40000E+01  2.00230E+00
p  24   31 23   31  98  1.18180E+00 -1.33520E+00 -3.53570E-01  3.41350E-02  1.40000E+01  9.72500E+01  1.01100E+02  1.94500E+03
a  24    9 23    1   7.44533E+12
a  24   10 23    1   1.29975E+12
a  24   11 23    1   4.13767E+11
a  24   12 23    1   1.91433E+11
a  24   13 23    1   9.81900E+10
a  24   14 23    1   5.44883E+10
a  24   15 23    1   3.21750E+10
a  24   16 23    1   5.83978E+14
a  24   17 23    1   1.86233E+12
a  24   18 23    1   3.89792E+11
a  24   19 23    1   1.27407E+11
a  24   20 23    1   5.89470E+10
a  24   21 23    1   3.02342E+10
a  24   22 23    1   1.67780E+10
a  24   23 23    1   9.90728E+09
a  24   24 23    1   8.79669E+12
a  24   25 23    1   4.24431E+10
a  24   26 23    1   7.19390E+09
a  24   27 23    1   2.12121E+09
a  24   28 23    1   9.81400E+08
a  24   29 23    1   5.03363E+08
a  24   30 23    1   2.79335E+08
a  24   31 23    1   1.64941E+08
a  24   17 23    2   5.06115E+14
a  24   25 23    2   7.62380E+12
a  24   18 23    3   5.06115E+14
a  24   26 23    3   7.62380E+12
a  24   19 23    4   5.06115E+14
a  24   27 23    4   7.62380E+12
a  24   20 23    5   5.06115E+14
a  24   28 23    5   7.62380E+12
a  24   21 23    6   5.06115E+14
a  24   29 23    6   7.62380E+12
a  24   22 23    7   5.06115E+14
a  24   30 23    7   7.62380E+12
a  24   23 23    8   5.06115E+14
a  24   31 23    8   7.62380E+12
a  24   24 23   16   1.79760E+14
a  24   25 23   16   4.47280E+11
a  24   26 23   16   7.65160E+10
a  24   27 23   16   2.26528E+10
a  24   28 23   16   1.04804E+10
a  24   29 23   16   5.37560E+09
a  24   30 23   16   2.98308E+09
a  24   31 23   16   1.76148E+09
a  24   25 23   17   1.67776E+14
a  24   26 23   18   1.67776E+14
a  24   27 23   19   1.67776E+14
a  24   28 23   20   1.67776E+14
a  24   29 23   21   1.67776E+14
a  24   30 23   22   1.67776E+14
a  24   31 23   23   1.67776E+14
b  25    1 25    2  99  2.28669E-01  1.79514E-01 -1.90301E-01  2.26613E-02  2.33323E-01  7.01550E-01  7.01550E-01
b  25    1 25    3  99  9.84365E-03  1.87859E-02 -2.11927E-02  5.96271E-04  2.75696E-01  9.88200E-01  9.88200E-01
b  25    2 25    3  99  9.44772E-02  5.85585E-02 -3.89158E-01  7.55046E-01  2.84897E+00  2.08500E+00  2.08500E+00
b  25    1 25    4  99  4.86659E-01  1.14977E+00 -1.06321E+00  5.77413E-02  3.28781E-02  1.58550E-02  1.58550E-02
b  25    2 25    4  99  3.47611E-01  7.46491E-01 -1.68584E+00  5.93795E-02  1.39634E+00  1.13700E-01  1.13700E-01
b  25    3 25    4  99  2.97353E-01  1.03739E-01 -1.04020E+00  2.32975E+00  1.99334E+00  1.00100E+00  1.00100E+00
b  25    1 25    5  99  4.81448E-01  1.12415E+00 -1.01533E+00  5.49419E-02  1.21767E-02  8.35350E-03  8.35350E-03
b  25    2 25    5  99  3.74700E-01  1.30739E+00 -2.49302E+00  5.20465E-02  9.87391E-01  3.70400E-02  3.70400E-02
b  25    3 25    5  99  3.02923E-01  6.46709E-01 -1.44684E+00  5.26353E-02  1.35214E+00  1.81100E-01  1.81100E-01
b  25    4 25    5  99  3.10956E-01 -1.38747E-01  1.28585E-01 -1.72333E-03 -1.54061E-01  1.26900E+00  1.26900E+00
b  25    1 25    6  99  4.74492E-01  1.09781E+00 -9.78244E-01  5.34938E-02  1.95653E-06  5.01750E-03  5.01750E-03
b  25    2 25    6  99  5.68116E-01  2.44257E+00 -4.64113E+00  6.73110E-02  9.59644E-01  1.93300E-02  1.93300E-02
b  25    3 25    6  99  3.89108E-01  1.21665E+00 -2.40738E+00  6.89591E-02  1.04664E+00  8.47300E-02  8.47300E-02
b  25    4 25    6  99  4.08328E-01 -2.54595E-01  4.82326E-01  3.60752E-01  1.39411E+00  6.29700E-01  6.29700E-01
b  25    5 25    6  99  8.50818E-01  1.64354E+01 -8.91429E+02  1.14679E+04  2.00000E+01  1.07900E+00  1.07900E+00
b  25    1 25    7  99  5.05276E-01  1.03845E+00 -9.03854E-01  5.27105E-02 -1.92735E-02  3.26850E-03  3.26850E-03
b  25    2 25    7  99  5.90363E-01  2.65455E+00 -4.43945E+00  7.92361E-02  7.24765E-01  1.07100E-02  1.07100E-02
b  25    3 25    7  99  4.11043E-01  1.78597E+00 -2.87440E+00  1.13369E-01  6.48313E-01  3.43800E-02  3.43800E-02
b  25    4 25    7  99  8.42854E-01 -1.44576E+00  3.38920E+01 -6.13469E+01  2.00000E+01  1.24200E-01  1.24200E-01
b  25    5 25    7  99  1.40908E+00 -3.47260E+00  1.20882E+01 -2.34672E+00  2.28249E+00  5.43000E-01  5.43000E-01
b  25    6 25    7  99  3.44080E-01  8.70921E+00 -4.54552E+02  5.70290E+03  2.00000E+01  1.41700E+00  1.41700E+00
b  25    1 25    8  99  4.74476E-01  1.21081E+00 -1.06780E+00  5.52071E-02 -1.10513E-02  2.25600E-03  2.25600E-03
b  25    2 25    8  99  4.27075E-01  2.11507E+00 -3.23628E+00  6.35042E-02  5.86227E-01  6.61400E-03  6.61400E-03
b  25    3 25    8  99  3.35299E-01  1.70193E+00 -2.43670E+00  4.25131E-02  4.88519E-01  1.76300E-02  1.76300E-02
b  25    4 25    8  99  8.75679E-01 -2.14735E+00  1.07847E+02 -1.28092E+03  2.00000E+01  4.08000E-02  4.08000E-02
b  25    5 25    8  99  2.65518E+00 -6.17826E+00  2.33111E+01 -4.81288E+00  2.56166E+00  9.91600E-02  9.91600E-02
b  25    6 25    8  99  4.65147E-01  8.83121E+00 -4.67552E+02  5.92083E+03  2.00000E+01  3.69800E-01  3.69800E-01
b  25    7 25    8  99  6.43390E-01  2.12618E+01 -1.07913E+03  1.32820E+04  2.00000E+01  3.49000E-01  3.49000E-01
b  25    1 25    9  98  0.00000E+00  0.00000E+00  0.00000E+00  0.00000E+00  0.00000E+00  1.71211E-01  3.42422E-03
b  25    2 25    9  99  2.28669E-01  1.79514E-01 -1.90301E-01  2.26613E-02  2.33323E-01  6.34318E-01  6.34318E-01
b  25    1 25   10  98  0.00000E+00  0.00000E+00  0.00000E+00  0.00000E+00  0.00000E+00  2.57982E-01  5.15965E-03
b  25    2 25   10  99  9.84365E-03  1.87859E-02 -2.11927E-02  5.96271E-04  2.75696E-01  9.22320E-01  9.22320E-01
b  25    3 25   10  99  2.28669E-01  1.79514E-01 -1.90301E-01  2.26613E-02  2.33323E-01  6.54780E-01  6.54780E-01
b  25    9 25   10  99  9.44772E-02  5.85585E-02 -3.89158E-01  7.55046E-01  2.84897E+00  4.17000E+00  4.17000E+00
b  25    1 25   11  98  0.00000E+00  0.00000E+00  0.00000E+00  0.00000E+00  0.00000E+00  3.63473E-01  7.26946E-03
b  25    2 25   11  99  4.86659E-01  1.14977E+00 -1.06321E+00  5.77413E-02  3.28781E-02  1.47980E-02  1.47980E-02
b  25    4 25   11  99  2.28669E-01  1.79514E-01 -1.90301E-01  2.26613E-02  2.33323E-01  6.54780E-01  6.54780E-01
b  25    9 25   11  99  3.47611E-01  7.46491E-01 -1.68584E+00  5.93795E-02  1.39634E+00  2.27400E-01  2.27400E-01
b  25   10 25   11  99  2.97353E-01  1.03739E-01 -1.04020E+00  2.32975E+00  1.99334E+00  1.00100E+00  1.00100E+00
b  25    1 25   12  98  0.00000E+00  0.00000E+00  0.00000E+00  0.00000E+00  0.00000E+00  4.82798E-01  9.65595E-03
b  25    2 25   12  99  4.81448E-01  1.12415E+00 -1.01533E+00  5.49419E-02  1.21767E-02  7.79660E-03  7.79660E-03
b  25    5 25   12  99  2.28669E-01  1.79514E-01 -1.90301E-01  2.26613E-02  2.33323E-01  6.54780E-01  6.54780E-01
b  25    9 25   12  99  3.74700E-01  1.30739E+00 -2.49302E+00  5.20465E-02  9.87391E-01  7.40800E-02  7.40800E-02
b  25   10 25   12  99  3.02923E-01  6.46709E-01 -1.44684E+00  5.26353E-02  1.35214E+00  1.81100E-01  1.81100E-01
b  25   11 25   12  99  3.10956E-01 -1.38747E-01  1.28585E-01 -1.72333E-03 -1.54061E-01  1.26900E+00  1.26900E+00
b  25    1 25   13  98  0.00000E+00  0.00000E+00  0.00000E+00  0.00000E+00  0.00000E+00  6.19446E-01  1.23889E-02
b  25    2 25   13  99  4.74492E-01  1.09781E+00 -9.78244E-01  5.34938E-02  1.95653E-06  4.68300E-03  4.68300E-03
b  25    6 25   13  99  2.28669E-01  1.79514E-01 -1.90301E-01  2.26613E-02  2.33323E-01  6.54780E-01  6.54780E-01
b  25    9 25   13  99  5.68116E-01  2.44257E+00 -4.64113E+00  6.73110E-02  9.59644E-01  3.86600E-02  3.86600E-02
b  25   10 25   13  99  3.89108E-01  1.21665E+00 -2.40738E+00  6.89591E-02  1.04664E+00  8.47300E-02  8.47300E-02
b  25   11 25   13  99  4.08328E-01 -2.54595E-01  4.82326E-01  3.60752E-01  1.39411E+00  6.29700E-01  6.29700E-01
b  25   12 25   13  99  8.50818E-01  1.64354E+01 -8.91429E+02  1.14679E+04  2.00000E+01  1.07900E+00  1.07900E+00
b  25    1 25   14  98  0.00000E+00  0.00000E+00  0.00000E+00  0.00000E+00  0.00000E+00  7.78405E-01  1.55681E-02
b  25    2 25   14  99  5.05276E-01  1.03845E+00 -9.03854E-01  5.27105E-02 -1.92735E-02  3.05060E-03  3.05060E-03
b  25    7 25   14  99  2.28669E-01  1.79514E-01 -1.90301E-01  2.26613E-02  2.33323E-01  6.54780E-01  6.54780E-01
b  25    9 25   14  99  5.90363E-01  2.65455E+00 -4.43945E+00  7.92361E-02  7.24765E-01  2.14200E-02  2.14200E-02
b  25   10 25   14  99  4.11043E-01  1.78597E+00 -2.87440E+00  1.13369E-01  6.48313E-01  3.43800E-02  3.43800E-02
b  25   11 25   14  99  8.42854E-01 -1.44576E+00  3.38920E+01 -6.13469E+01  2.00000E+01  1.24200E-01  1.24200E-01
b  25   12 25   14  99  1.40908E+00 -3.47260E+00  1.20882E+01 -2.34672E+00  2.28249E+00  5.43000E-01  5.43000E-01
b  25   13 25   14  99  3.44080E-01  8.70921E+00 -4.54552E+02  5.70290E+03  2.00000E+01  1.41700E+00  1.41700E+00
b  25    1 25   15  98  0.00000E+00  0.00000E+00  0.00000E+00  0.00000E+00  0.00000E+00  9.53632E-01  1.90726E-02
b  25    2 25   15  99  4.74476E-01  1.21081E+00 -1.06780E+00  5.52071E-02 -1.10513E-02  2.10560E-03  2.10560E-03
b  25    8 25   15  99  2.28669E-01  1.79514E-01 -1.90301E-01  2.26613E-02  2.33323E-01  6.54780E-01  6.54780E-01
b  25    9 25   15  99  4.27075E-01  2.11507E+00 -3.23628E+00  6.35042E-02  5.86227E-01  1.32280E-02  1.32280E-02
b  25   10 25   15  99  3.35299E-01  1.70193E+00 -2.43670E+00  4.25131E-02  4.88519E-01  1.76300E-02  1.76300E-02
b  25   11 25   15  99  8.75679E-01 -2.14735E+00  1.07847E+02 -1.28092E+03  2.00000E+01  4.08000E-02  4.08000E-02
b  25   12 25   15  99  2.65518E+00 -6.17826E+00  2.33111E+01 -4.81288E+00  2.56166E+00  9.91600E-02  9.91600E-02
b  25   13 25   15  99  4.65147E-01  8.83121E+00 -4.67552E+02  5.92083E+03  2.00000E+01  3.69800E-01  3.69800E-01
b  25   14 25   15  99  6.43390E-01  2.12618E+01 -1.07913E+03  1.32820E+04  2.00000E+01  3.49000E-01  3.49000E-01
b  25    1 25   16  99  4.12680E-01 -1.32610E-01  1.52616E-01 -3.83777E-02 -5.34284E-01  2.02800E-01  2.02800E-01
b  25    1 25   17  99  3.40434E-01 -2.63260E-02  6.12356E-02 -1.52913E-02 -6.81572E-01  1.98400E-02  1.98400E-02
b  25    2 25   17  99  4.12680E-01 -1.32610E-01  1.52616E-01 -3.83777E-02 -5.34284E-01  2.70400E-01  2.70400E-01
b  25   16 25   17  99  2.28669E-01  1.79514E-01 -1.90301E-01  2.26613E-02  2.33323E-01  7.48320E-01  7.48320E-01
b  25    1 25   18  99  3.60382E-01 -8.55511E-02  1.08146E-01 -2.72463E-02 -5.82948E-01  7.04080E-03  7.04080E-03
b  25    3 25   18  99  4.12680E-01 -1.32610E-01  1.52616E-01 -3.83777E-02 -5.34284E-01  2.70400E-01  2.70400E-01
b  25   16 25   18  99  9.84365E-03  1.87859E-02 -2.11927E-02  5.96271E-04  2.75696E-01  1.05408E+00  1.05408E+00
b  25   17 25   18  99  9.44772E-02  5.85585E-02 -3.89158E-01  7.55046E-01  2.84897E+00  2.08500E+00  2.08500E+00
b  25    1 25   19  99  5.16644E-01 -1.85201E-01  2.10740E-01 -5.34096E-02 -5.03745E-01  3.23360E-03  3.23360E-03
b  25    4 25   19  99  4.12680E-01 -1.32610E-01  1.52616E-01 -3.83777E-02 -5.34284E-01  2.70400E-01  2.70400E-01
b  25   16 25   19  99  4.86659E-01  1.14977E+00 -1.06321E+00  5.77413E-02  3.28781E-02  1.69120E-02  1.69120E-02
b  25   17 25   19  99  3.47611E-01  7.46491E-01 -1.68584E+00  5.93795E-02  1.39634E+00  1.13700E-01  1.13700E-01
b  25   18 25   19  99  2.97353E-01  1.03739E-01 -1.04020E+00  2.32975E+00  1.99334E+00  1.00100E+00  1.00100E+00
b  25    1 25   20  99  5.30729E-01 -1.99675E-01  2.20910E-01 -5.50533E-02 -5.02945E-01  1.83120E-03  1.83120E-03
b  25    5 25   20  99  4.12680E-01 -1.32610E-01  1.52616E-01 -3.83777E-02 -5.34284E-01  2.70400E-01  2.70400E-01
b  25   16 25   20  99  4.81448E-01  1.12415E+00 -1.01533E+00  5.49419E-02  1.21767E-02  8.91040E-03  8.91040E-03
b  25   17 25   20  99  3.74700E-01  1.30739E+00 -2.49302E+00  5.20465E-02  9.87391E-01  3.70400E-02  3.70400E-02
b  25   18 25   20  99  3.02923E-01  6.46709E-01 -1.44684E+00  5.26353E-02  1.35214E+00  1.81100E-01  1.81100E-01
b  25   19 25   20  99  3.10956E-01 -1.38747E-01  1.28585E-01 -1.72333E-03 -1.54061E-01  1.26900E+00  1.26900E+00
b  25    1 25   21  99  4.91213E-01 -1.91163E-01  2.13357E-01 -5.36602E-02 -4.83815E-01  1.13920E-03  1.13920E-03
b  25    6 25   21  99  4.12680E-01 -1.32610E-01  1.52616E-01 -3.83777E-02 -5.34284E-01  2.70400E-01  2.70400E-01
b  25   16 25   21  99  4.74492E-01  1.09781E+00 -9.78244E-01  5.34938E-02  1.95653E-06  5.35200E-03  5.35200E-03
b  25   17 25   21  99  5.68116E-01  2.44257E+00 -4.64113E+00  6.73110E-02  9.59644E-01  1.93300E-02  1.93300E-02
b  25   18 25   21  99  3.89108E-01  1.21665E+00 -2.40738E+00  6.89591E-02  1.04664E+00  8.47300E-02  8.47300E-02
b  25   19 25   21  99  4.08328E-01 -2.54595E-01  4.82326E-01  3.60752E-01  1.39411E+00  6.29700E-01  6.29700E-01
b  25   20 25   21  99  8.50818E-01  1.64354E+01 -8.91429E+02  1.14679E+04  2.00000E+01  1.07900E+00  1.07900E+00
b  25    1 25   22  99  4.83857E-01 -1.90792E-01  2.09924E-01 -5.23160E-02 -4.90438E-01  7.57280E-04  7.57280E-04
b  25    7 25   22  99  4.12680E-01 -1.32610E-01  1.52616E-01 -3.83777E-02 -5.34284E-01  2.70400E-01  2.70400E-01
b  25   16 25   22  99  5.05276E-01  1.03845E+00 -9.03854E-01  5.27105E-02 -1.92735E-02  3.48640E-03  3.48640E-03
b  25   17 25   22  99  5.90363E-01  2.65455E+00 -4.43945E+00  7.92361E-02  7.24765E-01  1.07100E-02  1.07100E-02
b  25   18 25   22  99  4.11043E-01  1.78597E+00 -2.87440E+00  1.13369E-01  6.48313E-01  3.43800E-02  3.43800E-02
b  25   19 25   22  99  8.42854E-01 -1.44576E+00  3.38920E+01 -6.13469E+01  2.00000E+01  1.24200E-01  1.24200E-01
b  25   20 25   22  99  1.40908E+00 -3.47260E+00  1.20882E+01 -2.34672E+00  2.28249E+00  5.43000E-01  5.43000E-01
b  25   21 25   22  99  3.44080E-01  8.70921E+00 -4.54552E+02  5.70290E+03  2.00000E+01  1.41700E+00  1.41700E+00
b  25    1 25   23  99  5.63100E-01 -2.14912E-01  2.37766E-01 -5.93039E-02 -4.97759E-01  5.28640E-04  5.28640E-04
b  25    8 25   23  99  4.12680E-01 -1.32610E-01  1.52616E-01 -3.83777E-02 -5.34284E-01  2.70400E-01  2.70400E-01
b  25   16 25   23  99  4.74476E-01  1.21081E+00 -1.06780E+00  5.52071E-02 -1.10513E-02  2.40640E-03  2.40640E-03
b  25   17 25   23  99  4.27075E-01  2.11507E+00 -3.23628E+00  6.35042E-02  5.86227E-01  6.61400E-03  6.61400E-03
b  25   18 25   23  99  3.35299E-01  1.70193E+00 -2.43670E+00  4.25131E-02  4.88519E-01  1.76300E-02  1.76300E-02
b  25   19 25   23  99  8.75679E-01 -2.14735E+00  1.07847E+02 -1.28092E+03  2.00000E+01  4.08000E-02  4.08000E-02
b  25   20 25   23  99  2.65518E+00 -6.17826E+00  2.33111E+01 -4.81288E+00  2.56166E+00  9.91600E-02  9.91600E-02
b  25   21 25   23  99  4.65147E-01  8.83121E+00 -4.67552E+02  5.92083E+03  2.00000E+01  3.69800E-01  3.69800E-01
b  25   22 25   23  99  6.43390E-01  2.12618E+01 -1.07913E+03  1.32820E+04  2.00000E+01  3.49000E-01  3.49000E-01
b  25    1 25   24  99  6.23618E-01 -7.06202E-01  1.52903E+00 -5.36787E-01  6.45181E-01  9.60000E-03  9.60000E-03
b  25   16 25   24  99  5.87169E-01 -7.03289E-01  1.52408E+00 -6.97569E-03  1.10291E+00  7.40500E-02  7.40500E-02
b  25    1 25   25  99  7.85960E-01 -7.60190E-01  1.61431E+00 -7.40285E-01  3.02852E-01  1.12240E-03  1.12240E-03
b  25    2 25   25  99  6.23618E-01 -7.06202E-01  1.52903E+00 -5.36787E-01  6.45181E-01  1.28000E-02  1.28000E-02
b  25   17 25   25  99  5.87169E-01 -7.03289E-01  1.52408E+00 -6.97569E-03  1.10291E+00  7.40500E-02  7.40500E-02
b  25   24 25   25  99  2.28669E-01  1.79514E-01 -1.90301E-01  2.26613E-02  2.33323E-01  7.48320E-01  7.48320E-01
b  25    1 25   26  99  7.62223E-01 -8.97929E-01  2.03325E+00  2.41303E+00  2.03711E+00  3.26800E-04  3.26800E-04
b  25    3 25   26  99  6.23618E-01 -7.06202E-01  1.52903E+00 -5.36787E-01  6.45181E-01  1.28000E-02  1.28000E-02
b  25   18 25   26  99  5.87169E-01 -7.03289E-01  1.52408E+00 -6.97569E-03  1.10291E+00  7.40500E-02  7.40500E-02
b  25   24 25   26  99  9.84365E-03  1.87859E-02 -2.11927E-02  5.96271E-04  2.75696E-01  1.05408E+00  1.05408E+00
b  25   25 25   26  99  9.44772E-02  5.85585E-02 -3.89158E-01  7.55046E-01  2.84897E+00  2.08500E+00  2.08500E+00
b  25    1 25   27  99  7.39263E-01 -8.22796E-01  1.80130E+00 -7.20573E-01  5.70114E-01  1.31520E-04  1.31520E-04
b  25    4 25   27  99  6.23618E-01 -7.06202E-01  1.52903E+00 -5.36787E-01  6.45181E-01  1.28000E-02  1.28000E-02
b  25   19 25   27  99  5.87169E-01 -7.03289E-01  1.52408E+00 -6.97569E-03  1.10291E+00  7.40500E-02  7.40500E-02
b  25   24 25   27  99  4.86659E-01  1.14977E+00 -1.06321E+00  5.77413E-02  3.28781E-02  1.69120E-02  1.69120E-02
b  25   25 25   27  99  3.47611E-01  7.46491E-01 -1.68584E+00  5.93795E-02  1.39634E+00  1.13700E-01  1.13700E-01
b  25   26 25   27  99  2.97353E-01  1.03739E-01 -1.04020E+00  2.32975E+00  1.99334E+00  1.00100E+00  1.00100E+00
b  25    1 25   28  99  7.43295E-01 -9.08447E-01  2.17101E+00  1.22942E+00  1.78242E+00  6.74800E-05  6.74800E-05
b  25    5 25   28  99  6.23618E-01 -7.06202E-01  1.52903E+00 -5.36787E-01  6.45181E-01  1.28000E-02  1.28000E-02
b  25   20 25   28  99  5.87169E-01 -7.03289E-01  1.52408E+00 -6.97569E-03  1.10291E+00  7.40500E-02  7.40500E-02
b  25   24 25   28  99  4.81448E-01  1.12415E+00 -1.01533E+00  5.49419E-02  1.21767E-02  8.91040E-03  8.91040E-03
b  25   25 25   28  99  3.74700E-01  1.30739E+00 -2.49302E+00  5.20465E-02  9.87391E-01  3.70400E-02  3.70400E-02
b  25   26 25   28  99  3.02923E-01  6.46709E-01 -1.44684E+00  5.26353E-02  1.35214E+00  1.81100E-01  1.81100E-01
b  25   27 25   28  99  3.10956E-01 -1.38747E-01  1.28585E-01 -1.72333E-03 -1.54061E-01  1.26900E+00  1.26900E+00
b  25    1 25   29  99  6.94641E-01 -7.89047E-01  1.74000E+00 -6.50721E-01  6.43409E-01  3.91400E-05  3.91400E-05
b  25    6 25   29  99  6.23618E-01 -7.06202E-01  1.52903E+00 -5.36787E-01  6.45181E-01  1.28000E-02  1.28000E-02
b  25   21 25   29  99  5.87169E-01 -7.03289E-01  1.52408E+00 -6.97569E-03  1.10291E+00  7.40500E-02  7.40500E-02
b  25   24 25   29  99  4.74492E-01  1.09781E+00 -9.78244E-01  5.34938E-02  1.95653E-06  5.35200E-03  5.35200E-03
b  25   25 25   29  99  5.68116E-01  2.44257E+00 -4.64113E+00  6.73110E-02  9.59644E-01  1.93300E-02  1.93300E-02
b  25   26 25   29  99  3.89108E-01  1.21665E+00 -2.40738E+00  6.89591E-02  1.04664E+00  8.47300E-02  8.47300E-02
b  25   27 25   29  99  4.08328E-01 -2.54595E-01  4.82326E-01  3.60752E-01  1.39411E+00  6.29700E-01  6.29700E-01
b  25   28 25   29  99  8.50818E-01  1.64354E+01 -8.91429E+02  1.14679E+04  2.00000E+01  1.07900E+00  1.07900E+00
b  25    1 25   30  99  6.85788E-01 -7.87706E-01  1.75361E+00 -6.33727E-01  6.90017E-01  2.47000E-05  2.47000E-05
b  25    7 25   30  99  6.23618E-01 -7.06202E-01  1.52903E+00 -5.36787E-01  6.45181E-01  1.28000E-02  1.28000E-02
b  25   22 25   30  99  5.87169E-01 -7.03289E-01  1.52408E+00 -6.97569E-03  1.10291E+00  7.40500E-02  7.40500E-02
b  25   24 25   30  99  5.05276E-01  1.03845E+00 -9.03854E-01  5.27105E-02 -1.92735E-02  3.48640E-03  3.48640E-03
b  25   25 25   30  99  5.90363E-01  2.65455E+00 -4.43945E+00  7.92361E-02  7.24765E-01  1.07100E-02  1.07100E-02
b  25   26 25   30  99  4.11043E-01  1.78597E+00 -2.87440E+00  1.13369E-01  6.48313E-01  3.43800E-02  3.43800E-02
b  25   27 25   30  99  8.42854E-01 -1.44576E+00  3.38920E+01 -6.13469E+01  2.00000E+01  1.24200E-01  1.24200E-01
b  25   28 25   30  99  1.40908E+00 -3.47260E+00  1.20882E+01 -2.34672E+00  2.28249E+00  5.43000E-01  5.43000E-01
b  25   29 25   30  99  3.44080E-01  8.70921E+00 -4.54552E+02  5.70290E+03  2.00000E+01  1.41700E+00  1.41700E+00
b  25    1 25   31  99  5.85318E-01 -6.99368E-01  1.65614E+00  1.88470E+00  2.11554E+00  1.65680E-05  1.65680E-05
b  25    8 25   31  99  6.23618E-01 -7.06202E-01  1.52903E+00 -5.36787E-01  6.45181E-01  1.28000E-02  1.28000E-02
b  25   23 25   31  99  5.87169E-01 -7.03289E-01  1.52408E+00 -6.97569E-03  1.10291E+00  7.40500E-02  7.40500E-02
b  25   24 25   31  99  4.74476E-01  1.21081E+00 -1.06780E+00  5.52071E-02 -1.10513E-02  2.40640E-03  2.40640E-03
b  25   25 25   31  99  4.27075E-01  2.11507E+00 -3.23628E+00  6.35042E-02  5.86227E-01  6.61400E-03  6.61400E-03
b  25   26 25   31  99  3.35299E-01  1.70193E+00 -2.43670E+00  4.25131E-02  4.88519E-01  1.76300E-02  1.76300E-02
b  25   27 25   31  99  8.75679E-01 -2.14735E+00  1.07847E+02 -1.28092E+03  2.00000E+01  4.08000E-02  4.08000E-02
b  25   28 25   31  99  2.65518E+00 -6.17826E+00  2.33111E+01 -4.81288E+00  2.56166E+00  9.91600E-02  9.91600E-02
b  25   29 25   31  99  4.65147E-01  8.83121E+00 -4.67552E+02  5.92083E+03  2.00000E+01  3.69800E-01  3.69800E-01
b  25   30 25   31  99  6.43390E-01  2.12618E+01 -1.07913E+03  1.32820E+04  2.00000E+01  3.49000E-01  3.49000E-01
f  25    1 24    1  99  1.50000E+01  1.10400E+01
p  25    1 24    1  98  9.35570E-01 -1.09380E+00 -3.80630E-01  3.32540E-02  1.50000E+01  8.21400E+01  8.54000E+01  1.64300E+03
f  25    2 24    1  99  1.00000E+00  2.41460E+00
p  25    2 24    1  99  1.00000E+00  2.41460E+00
f  25    3 24    1  99  1.00000E+00  1.30840E+00
p  25    3 24    1  99  1.00000E+00  1.30840E+00
f  25    4 24    1  99  1.00000E+00  1.35400E+00
p  25    4 24    1  99  1.00000E+00  1.35400E+00
f  25    5 24    1  99  1.00000E+00  1.27800E+00
p  25    5 24    1  99  1.00000E+00  1.27800E+00
f  25    6 24    1  99  1.00000E+00  1.14820E+00
p  25    6 24    1  99  1.00000E+00  1.14820E+00
f  25    7 24    1  99  1.00000E+00  1.12020E+00
p  25    7 24    1  99  1.00000E+00  1.12020E+00
f  25    8 24    1  99  1.00000E+00  1.00240E+00
p  25    8 24    1  99  1.00000E+00  1.00240E+00
f  25    2 24    2  99  1.40000E+01  2.41460E+00
p  25    2 24    2  98  9.35570E-01 -1.09380E+00 -3.80630E-01  3.32540E-02  1.50000E+01  8.21400E+01  8.54000E+01  1.64300E+03
f  25    9 24    2  99  2.00000E+00  2.97510E+00
p  25    9 24    2  99  2.00000E+00  2.97510E+00
f  25   10 24    2  99  1.00000E+00  1.36800E+00
p  25   10 24    2  99  1.00000E+00  1.36800E+00
f  25   11 24    2  99  1.00000E+00  1.37600E+00
p  25   11 24    2  99  1.00000E+00  1.37600E+00
f  25   12 24    2  99  1.00000E+00  1.28900E+00
p  25   12 24    2  99  1.00000E+00  1.28900E+00
f  25   13 24    2  99  1.00000E+00  1.15520E+00
p  25   13 24    2  99  1.00000E+00  1.15520E+00
f  25   14 24    2  99  1.00000E+00  1.12620E+00
p  25   14 24    2  99  1.00000E+00  1.12620E+00
f  25   15 24    2  99  1.00000E+00  1.01230E+00
p  25   15 24    2  99  1.00000E+00  1.01230E+00
f  25    3 24    3  99  1.40000E+01  1.30840E+00
p  25    3 24    3  98  9.35570E-01 -1.09380E+00 -3.80630E-01  3.32540E-02  1.50000E+01  8.21400E+01  8.54000E+01  1.64300E+03
f  25   10 24    3  99  1.00000E+00  1.36800E+00
p  25   10 24    3  99  1.00000E+00  1.36800E+00
f  25    4 24    4  99  1.40000E+01  1.35400E+00
p  25    4 24    4  98  9.35570E-01 -1.09380E+00 -3.80630E-01  3.32540E-02  1.50000E+01  8.21400E+01  8.54000E+01  1.64300E+03
f  25   11 24    4  99  1.00000E+00  1.37600E+00
p  25   11 24    4  99  1.00000E+00  1.37600E+00
f  25    5 24    5  99  1.40000E+01  1.27800E+00
p  25    5 24    5  98  9.35570E-01 -1.09380E+00 -3.80630E-01  3.32540E-02  1.50000E+01  8.21400E+01  8.54000E+01  1.64300E+03
f  25   12 24    5  99  1.00000E+00  1.28900E+00
p  25   12 24    5  99  1.00000E+00  1.28900E+00
f  25    6 24    6  99  1.40000E+01  1.14820E+00
p  25    6 24    6  98  9.35570E-01 -1.09380E+00 -3.80630E-01  3.32540E-02  1.50000E+01  8.21400E+01  8.54000E+01  1.64300E+03
f  25   13 24    6  99  1.00000E+00  1.15520E+00
p  25   13 24    6  99  1.00000E+00  1.15520E+00
f  25    7 24    7  99  1.40000E+01  1.12020E+00
p  25    7 24    7  98  9.35570E-01 -1.09380E+00 -3.80630E-01  3.32540E-02  1.50000E+01  8.21400E+01  8.54000E+01  1.64300E+03
f  25   14 24    7  99  1.00000E+00  1.12620E+00
p  25   14 24    7  99  1.00000E+00  1.12620E+00
f  25    8 24    8  99  1.40000E+01  1.00240E+00
p  25    8 24    8  98  9.35570E-01 -1.09380E+00 -3.80630E-01  3.32540E-02  1.50000E+01  8.21400E+01  8.54000E+01  1.64300E+03
f  25   15 24    8  99  1.00000E+00  1.01230E+00
p  25   15 24    8  99  1.00000E+00  1.01230E+00
f  25    9 24    9  99  1.30000E+01  2.97510E+00
p  25    9 24    9  98  9.35570E-01 -1.09380E+00 -3.80630E-01  3.32540E-02  1.50000E+01  8.21400E+01  8.54000E+01  1.64300E+03
f  25   10 24   10  99  1.30000E+01  1.36800E+00
p  25   10 24   10  98  9.35570E-01 -1.09380E+00 -3.80630E-01  3.32540E-02  1.50000E+01  8.21400E+01  8.54000E+01  1.64300E+03
f  25   11 24   11  99  1.30000E+01  1.37600E+00
p  25   11 24   11  98  9.35570E-01 -1.09380E+00 -3.80630E-01  3.32540E-02  1.50000E+01  8.21400E+01  8.54000E+01  1.64300E+03
f  25   12 24   12  99  1.30000E+01  1.28900E+00
p  25   12 24   12  98  9.35570E-01 -1.09380E+00 -3.80630E-01  3.32540E-02  1.50000E+01  8.21400E+01  8.54000E+01  1.64300E+03
f  25   13 24   13  99  1.30000E+01  1.15520E+00
p  25   13 24   13  98  9.35570E-01 -1.09380E+00 -3.80630E-01  3.32540E-02  1.50000E+01  8.21400E+01  8.54000E+01  1.64300E+03
f  25   14 24   14  99  1.30000E+01  1.12620E+00
p  25   14 24   14  98  9.35570E-01 -1.09380E+00 -3.80630E-01  3.32540E-02  1.50000E+01  8.21400E+01  8.54000E+01  1.64300E+03
f  25   15 24   15  99  1.30000E+01  1.01230E+00
p  25   15 24   15  98  9.35570E-01 -1.09380E+00 -3.80630E-01  3.32540E-02  1.50000E+01  8.21400E+01  8.54000E+01  1.64300E+03
f  25    1 24   16  99  8.00000E+00  1.10400E+01
p  25    1 24   16  98  2.16740E+00 -2.28330E+00 -2.02440E-01  2.33750E-02  8.00000E+00  7.54900E+02  7.85000E+02  1.51000E+04
f  25   16 24   16  99  1.60000E+01  1.16040E+01
p  25   16 24   16  98  9.35570E-01 -1.09380E+00 -3.80630E-01  3.32540E-02  1.50000E+01  8.21400E+01  8.54000E+01  1.64300E+03
f  25   17 24   16  99  1.00000E+00  2.47130E+00
p  25   17 24   16  99  1.00000E+00  2.47130E+00
f  25   18 24   16  99  1.00000E+00  1.32670E+00
p  25   18 24   16  99  1.00000E+00  1.32670E+00
f  25   19 24   16  99  1.00000E+00  1.36000E+00
p  25   19 24   16  99  1.00000E+00  1.36000E+00
f  25   20 24   16  99  1.00000E+00  1.28200E+00
p  25   20 24   16  99  1.00000E+00  1.28200E+00
f  25   21 24   16  99  1.00000E+00  1.15720E+00
p  25   21 24   16  99  1.00000E+00  1.15720E+00
f  25   22 24   16  99  1.00000E+00  1.12720E+00
p  25   22 24   16  99  1.00000E+00  1.12720E+00
f  25   23 24   16  99  1.00000E+00  1.00240E+00
p  25   23 24   16  99  1.00000E+00  1.00240E+00
f  25    2 24   17  99  8.00000E+00  2.41460E+00
p  25    2 24   17  98  2.16740E+00 -2.28330E+00 -2.02440E-01  2.33750E-02  8.00000E+00  7.54900E+02  7.85000E+02  1.51000E+04
f  25   17 24   17  99  1.50000E+01  2.47130E+00
p  25   17 24   17  98  9.35570E-01 -1.09380E+00 -3.80630E-01  3.32540E-02  1.50000E+01  8.21400E+01  8.54000E+01  1.64300E+03
f  25    3 24   18  99  8.00000E+00  1.30840E+00
p  25    3 24   18  98  2.16740E+00 -2.28330E+00 -2.02440E-01  2.33750E-02  8.00000E+00  7.54900E+02  7.85000E+02  1.51000E+04
f  25   18 24   18  99  1.50000E+01  1.32670E+00
p  25   18 24   18  98  9.35570E-01 -1.09380E+00 -3.80630E-01  3.32540E-02  1.50000E+01  8.21400E+01  8.54000E+01  1.64300E+03
f  25    4 24   19  99  8.00000E+00  1.35400E+00
p  25    4 24   19  98  2.16740E+00 -2.28330E+00 -2.02440E-01  2.33750E-02  8.00000E+00  7.54900E+02  7.85000E+02  1.51000E+04
f  25   19 24   19  99  1.50000E+01  1.36000E+00
p  25   19 24   19  98  9.35570E-01 -1.09380E+00 -3.80630E-01  3.32540E-02  1.50000E+01  8.21400E+01  8.54000E+01  1.64300E+03
f  25    5 24   20  99  8.00000E+00  1.27800E+00
p  25    5 24   20  98  2.16740E+00 -2.28330E+00 -2.02440E-01  2.33750E-02  8.00000E+00  7.54900E+02  7.85000E+02  1.51000E+04
f  25   20 24   20  99  1.50000E+01  1.28200E+00
p  25   20 24   20  98  9.35570E-01 -1.09380E+00 -3.80630E-01  3.32540E-02  1.50000E+01  8.21400E+01  8.54000E+01  1.64300E+03
f  25    6 24   21  99  8.00000E+00  1.14820E+00
p  25    6 24   21  98  2.16740E+00 -2.28330E+00 -2.02440E-01  2.33750E-02  8.00000E+00  7.54900E+02  7.85000E+02  1.51000E+04
f  25   21 24   21  99  1.50000E+01  1.15720E+00
p  25   21 24   21  98  9.35570E-01 -1.09380E+00 -3.80630E-01  3.32540E-02  1.50000E+01  8.21400E+01  8.54000E+01  1.64300E+03
f  25    7 24   22  99  8.00000E+00  1.12020E+00
p  25    7 24   22  98  2.16740E+00 -2.28330E+00 -2.02440E-01  2.33750E-02  8.00000E+00  7.54900E+02  7.85000E+02  1.51000E+04
f  25   22 24   22  99  1.50000E+01  1.12720E+00
p  25   22 24   22  98  9.35570E-01 -1.09380E+00 -3.80630E-01  3.32540E-02  1.50000E+01  8.21400E+01  8.54000E+01  1.64300E+03
f  25    8 24   23  99  8.00000E+00  1.00240E+00
p  25    8 24   23  98  2.16740E+00 -2.28330E+00 -2.02440E-01  2.33750E-02  8.00000E+00  7.54900E+02  7.85000E+02  1.51000E+04
f  25   23 24   23  99  1.50000E+01  1.00240E+00
p  25   23 24   23  98  9.35570E-01 -1.09380E+00 -3.80630E-01  3.32540E-02  1.50000E+01  8.21400E+01  8.54000E+01  1.64300E+03
f  25    1 24   24  99  2.00000E+00  1.10400E+01
p  25    1 24   24  98  2.17340E+00 -2.49570E+00 -1.94580E-01  2.09770E-02  2.00000E+00  6.50400E+03  6.76400E+03  1.30100E+05
f  25   24 24   24  99  1.60000E+01  1.16840E+01
p  25   24 24   24  98  9.35570E-01 -1.09380E+00 -3.80630E-01  3.32540E-02  1.50000E+01  8.21400E+01  8.54000E+01  1.64300E+03
f  25   25 24   24  99  1.00000E+00  2.49450E+00
p  25   25 24   24  99  1.00000E+00  2.49450E+00
f  25   26 24   24  99  1.00000E+00  1.32580E+00
p  25   26 24   24  99  1.00000E+00  1.32580E+00
f  25   27 24   24  99  1.00000E+00  1.36900E+00
p  25   27 24   24  99  1.00000E+00  1.36900E+00
f  25   28 24   24  99  1.00000E+00  1.29100E+00
p  25   28 24   24  99  1.00000E+00  1.29100E+00
f  25   29 24   24  99  1.00000E+00  1.15810E+00
p  25   29 24   24  99  1.00000E+00  1.15810E+00
f  25   30 24   24  99  1.00000E+00  1.12810E+00
p  25   30 24   24  99  1.00000E+00  1.12810E+00
f  25   31 24   24  99  1.00000E+00  1.00240E+00
p  25   31 24   24  99  1.00000E+00  1.00240E+00
f  25    2 24   25  99  2.00000E+00  2.41460E+00
p  25    2 24   25  98  2.17340E+00 -2.49570E+00 -1.94580E-01  2.09770E-02  2.00000E+00  6.50400E+03  6.76400E+03  1.30100E+05
f  25   25 24   25  99  1.50000E+01  2.49450E+00
p  25   25 24   25  98  9.35570E-01 -1.09380E+00 -3.80630E-01  3.32540E-02  1.50000E+01  8.21400E+01  8.54000E+01  1.64300E+03
f  25    3 24   26  99  2.00000E+00  1.30840E+00
p  25    3 24   26  98  2.17340E+00 -2.49570E+00 -1.94580E-01  2.09770E-02  2.00000E+00  6.50400E+03  6.76400E+03  1.30100E+05
f  25   26 24   26  99  1.50000E+01  1.32580E+00
p  25   26 24   26  98  9.35570E-01 -1.09380E+00 -3.80630E-01  3.32540E-02  1.50000E+01  8.21400E+01  8.54000E+01  1.64300E+03
f  25    4 24   27  99  2.00000E+00  1.35400E+00
p  25    4 24   27  98  2.17340E+00 -2.49570E+00 -1.94580E-01  2.09770E-02  2.00000E+00  6.50400E+03  6.76400E+03  1.30100E+05
f  25   27 24   27  99  1.50000E+01  1.36900E+00
p  25   27 24   27  98  9.35570E-01 -1.09380E+00 -3.80630E-01  3.32540E-02  1.50000E+01  8.21400E+01  8.54000E+01  1.64300E+03
f  25    5 24   28  99  2.00000E+00  1.27800E+00
p  25    5 24   28  98  2.17340E+00 -2.49570E+00 -1.94580E-01  2.09770E-02  2.00000E+00  6.50400E+03  6.76400E+03  1.30100E+05
f  25   28 24   28  99  1.50000E+01  1.29100E+00
p  25   28 24   28  98  9.35570E-01 -1.09380E+00 -3.80630E-01  3.32540E-02  1.50000E+01  8.21400E+01  8.54000E+01  1.64300E+03
f  25    6 24   29  99  2.00000E+00  1.14820E+00
p  25    6 24   29  98  2.17340E+00 -2.49570E+00 -1.94580E-01  2.09770E-02  2.00000E+00  6.50400E+03  6.76400E+03  1.30100E+05
f  25   29 24   29  99  1.50000E+01  1.15810E+00
p  25   29 24   29  98  9.35570E-01 -1.09380E+00 -3.80630E-01  3.32540E-02  1.50000E+01  8.21400E+01  8.54000E+01  1.64300E+03
f  25    7 24   30  99  2.00000E+00  1.12020E+00
p  25    7 24   30  98  2.17340E+00 -2.49570E+00 -1.94580E-01  2.09770E-02  2.00000E+00  6.50400E+03  6.76400E+03  1.30100E+05
f  25   30 24   30  99  1.50000E+01  1.12810E+00
p  25   30 24   30  98  9.35570E-01 -1.09380E+00 -3.80630E-01  3.32540E-02  1.50000E+01  8.21400E+01  8.54000E+01  1.64300E+03
f  25    8 24   31  99  2.00000E+00  1.00240E+00
p  25    8 24   31  98  2.17340E+00 -2.49570E+00 -1.94580E-01  2.09770E-02  2.00000E+00  6.50400E+03  6.76400E+03  1.30100E+05
f  25   31 24   31  99  1.50000E+01  1.00240E+00
p  25   31 24   31  98  9.35570E-01 -1.09380E+00 -3.80630E-01  3.32540E-02  1.50000E+01  8.21400E+01  8.54000E+01  1.64300E+03
a  25    9 24    1   3.39556E+12
a  25   10 24    1   5.55472E+11
a  25   11 24    1   1.70653E+11
a  25   12 24    1   7.89528E+10
a  25   13 24    1   4.04958E+10
a  25   14 24    1   2.24722E+10
a  25   15 24    1   1.32697E+10
a  25   16 24    1   5.87619E+14
a  25   17 24    1   7.01775E+11
a  25   18 24    1   1.08782E+11
a  25   19 24    1   3.21294E+10
a  25   20 24    1   1.48652E+10
a  25   21 24    1   7.62469E+09
a  25   22 24    1   4.23107E+09
a  25   23 24    1   2.49840E+09
a  25   24 24    1   9.57696E+12
a  25   25 24    1   2.14448E+10
a  25   26 24    1   2.75340E+09
a  25   27 24    1   7.39432E+08
a  25   28 24    1   3.42105E+08
a  25   29 24    1   1.75470E+08
a  25   30 24    1   9.73725E+07
a  25   31 24    1   5.74980E+07
a  25   17 24    2   5.14167E+14
a  25   25 24    2   8.37984E+12
a  25   18 24    3   5.14167E+14
a  25   26 24    3   8.37984E+12
a  25   19 24    4   5.14167E+14
a  25   27 24    4   8.37984E+12
a  25   20 24    5   5.14167E+14
a  25   28 24    5   8.37984E+12
a  25   21 24    6   5.14167E+14
a  25   29 24    6   8.37984E+12
a  25   22 24    7   5.14167E+14
a  25   30 24    7   8.37984E+12
a  25   23 24    8   5.14167E+14
a  25   31 24    8   8.37984E+12
a  25   24 24   16   1.86995E+14
a  25   25 24   16   2.12524E+11
a  25   26 24   16   2.77828E+10
a  25   27 24   16   7.49960E+09
a  25   28 24   16   3.46988E+09
a  25   29 24   16   1.77972E+09
a  25   30 24   16   9.87640E+08
a  25   31 24   16   5.83200E+08
a  25   25 24   17   1.75308E+14
a  25   26 24   18   1.75308E+14
a  25   27 24   19   1.75308E+14
a  25   28 24   20   1.75308E+14
a  25   29 24   21   1.75308E+14
a  25   30 24   22   1.75308E+14
a  25   31 24   23   1.75308E+14
