0    1    1         0.000000
    0    1    1   barenucl         0.000000  1.00000E+00  1.00000E+00  0.00000E+00  0.00000E+00    1   0  0 0 0 0 0 0 0 0 0 0
1   10   10       871.390015
    1    1    2   h_100001         0.000000  2.00000E+00  8.00000E+00  8.71390E+02  0.00000E+00    1   1  1 0 0 0 0 0 0 0 0 0
    1    2    3   h_010002       653.620173  8.00000E+00  8.00000E+00  2.17770E+02  1.92279E+12    1   2  0 1 0 0 0 0 0 0 0 0
    1    3    4   h_001003       774.615241  1.80000E+01  8.00000E+00  9.67748E+01  4.09075E+11    1   3  0 0 1 0 0 0 0 0 0 0
    1    4    5   h_000104       816.959808  3.20000E+01  8.00000E+00  5.44302E+01  1.23751E+11    1   4  0 0 0 1 0 0 0 0 0 0
    1    5    6   h_000005       836.556636  5.00000E+01  8.00000E+00  3.48334E+01  4.73754E+10    1   5  0 0 0 0 1 0 0 0 0 0
    1    6    7   h_000006       847.200983  7.20000E+01  8.00000E+00  2.41890E+01  2.12889E+10    1   6  0 0 0 0 0 1 0 0 0 0
    1    7    8   h_000007       853.618867  9.80000E+01  8.00000E+00  1.77711E+01  1.07334E+10    1   7  0 0 0 0 0 0 1 0 0 0
    1    8    9   h_000008       857.784182  1.28000E+02  8.00000E+00  1.36058E+01  5.89791E+09    1   8  0 0 0 0 0 0 0 1 0 0
    1    9   10   h_000009       860.639840  1.62000E+02  8.00000E+00  1.07502E+01  3.46525E+09    1   9  0 0 0 0 0 0 0 0 1 0
    1   10   11   h_000010       862.682441  2.00000E+02  8.00000E+00  8.70757E+00  1.98986E+09    1  10  0 0 0 0 0 0 0 0 0 1
2   19   10       739.348633
    2    1   12   he200001         0.000000  1.00000E+00  7.84375E+00  7.39349E+02  0.00000E+00    1   1  2 0 0 0 0 0 0 0 0 0
    2    2   13   he110002       569.299681  1.60000E+01  7.06200E+00  1.70049E+02  6.25002E+11    1   2  1 1 0 0 0 0 0 0 0 0
    2    3   14   he101003       664.921228  3.60000E+01  7.01600E+00  7.44274E+01  1.85046E+11    1   3  1 0 1 0 0 0 0 0 0 0
    2    4   15   he100104       697.622480  6.40000E+01  7.00460E+00  4.17262E+01  6.05879E+10    1   4  1 0 0 1 0 0 0 0 0 0
    2    5   16   he100005       712.657242  1.00000E+02  7.00300E+00  2.66914E+01  2.39838E+10    1   5  1 0 0 0 1 0 0 0 0 0
    2    6   17   he100006       720.813423  1.44000E+02  7.00300E+00  1.85352E+01  1.03378E+10    1   6  1 0 0 0 0 1 0 0 0 0
    2    7   18   he100007       725.738932  1.96000E+02  7.00100E+00  1.36097E+01  5.32843E+09    1   7  1 0 0 0 0 0 1 0 0 0
    2    8   19   he100008       728.931503  2.56000E+02  7.00010E+00  1.04171E+01  2.96993E+09    1   8  1 0 0 0 0 0 0 1 0 0
    2    9   20   he100009       731.117881  3.24000E+02  7.00010E+00  8.23075E+00  1.76286E+09    1   9  1 0 0 0 0 0 0 0 1 0
    2   10   21   he100010       732.681763  4.00000E+02  7.00010E+00  6.66687E+00  1.00734E+09    1  10  1 0 0 0 0 0 0 0 0 1
    2   11   22   he020002      1208.366056  2.80000E+01  7.69810E+00  1.84603E+02  9.00626E+13    2   2  0 2 0 0 0 0 0 0 0 0
    2   12   23   he011003      1316.834024  1.44000E+02  7.09600E+00  7.61348E+01  1.07538E+13    2   3  0 1 1 0 0 0 0 0 0 0
    2   13   24   he010104      1350.965754  2.56000E+02  7.02780E+00  4.20031E+01  3.79100E+12    2   4  0 1 0 1 0 0 0 0 0 0
    2   14   25   he010005      1366.284277  4.00000E+02  7.00210E+00  2.66845E+01  2.35102E+12    2   5  0 1 0 0 1 0 0 0 0 0
    2   15   26   he010006      1374.385921  5.76000E+02  7.01200E+00  1.85829E+01  1.92994E+12    2   6  0 1 0 0 0 1 0 0 0 0
    2   16   27   he010007      1379.324090  7.84000E+02  7.01000E+00  1.36447E+01  1.77884E+12    2   7  0 1 0 0 0 0 1 0 0 0
    2   17   28   he010008      1382.548997  1.02400E+03  7.00100E+00  1.04198E+01  1.71537E+12    2   8  0 1 0 0 0 0 0 1 0 0
    2   18   29   he010009      1384.735937  1.29600E+03  7.00100E+00  8.23287E+00  1.68544E+12    2   9  0 1 0 0 0 0 0 0 1 0
    2   19   30   he010010      1386.301937  1.60000E+03  7.00010E+00  6.66687E+00  1.67002E+12    2  10  0 1 0 0 0 0 0 0 0 1
3   18    9       138.115997
    3    1   31   li210002         0.000000  8.00000E+00  6.12400E+00  1.38116E+02  0.00000E+00    1   2  2 1 0 0 0 0 0 0 0 0
    3    2   32   li201003        83.104732  1.80000E+01  6.03200E+00  5.50113E+01  7.75106E+10    1   3  2 0 1 0 0 0 0 0 0 0
    3    3   33   li200104       107.407465  3.20000E+01  6.00920E+00  3.07085E+01  2.61591E+10    1   4  2 0 0 1 0 0 0 0 0 0
    3    4   34   li200005       118.484085  5.00000E+01  6.00600E+00  1.96319E+01  1.06789E+10    1   5  2 0 0 0 1 0 0 0 0 0
    3    5   35   li200006       124.482983  7.20000E+01  6.00600E+00  1.36330E+01  4.76270E+09    1   6  2 0 0 0 0 1 0 0 0 0
    3    6   36   li200007       128.113366  9.80000E+01  6.00200E+00  1.00026E+01  2.49975E+09    1   7  2 0 0 0 0 0 1 0 0 0
    3    7   37   li200008       130.462389  1.28000E+02  6.00020E+00  7.65361E+00  1.40915E+09    1   8  2 0 0 0 0 0 0 1 0 0
    3    8   38   li200009       132.068738  1.62000E+02  6.00020E+00  6.04726E+00  8.43269E+08    1   9  2 0 0 0 0 0 0 0 1 0
    3    9   39   li200010       133.217739  2.00000E+02  6.00020E+00  4.89826E+00  4.81214E+08    1  10  2 0 0 0 0 0 0 0 0 1
    3   10   40   li120002       556.116312  5.60000E+01  6.76010E+00  1.51299E+02  3.21505E+13    2   2  1 2 0 0 0 0 0 0 0 0
    3   11   41   li111003       650.935307  2.88000E+02  6.11200E+00  5.64804E+01  3.74244E+12    2   3  1 1 1 0 0 0 0 0 0 0
    3   12   42   li110104       676.469547  5.12000E+02  6.03240E+00  3.09461E+01  1.24323E+12    2   4  1 1 0 1 0 0 0 0 0 0
    3   13   43   li110005       687.789649  8.00000E+02  6.00510E+00  1.96260E+01  7.32740E+11    2   5  1 1 0 0 1 0 0 0 0 0
    3   14   44   li110006       693.741773  1.15200E+03  6.01500E+00  1.36739E+01  5.85032E+11    2   6  1 1 0 0 0 1 0 0 0 0
    3   15   45   li110007       697.383025  1.56800E+03  6.01100E+00  1.00327E+01  5.32655E+11    2   7  1 1 0 0 0 0 1 0 0 0
    3   16   46   li110008       699.759774  2.04800E+03  6.00110E+00  7.65590E+00  5.10596E+11    2   8  1 1 0 0 0 0 0 1 0 0
    3   17   47   li110009       701.366604  2.59200E+03  6.00110E+00  6.04907E+00  5.00173E+11    2   9  1 1 0 0 0 0 0 0 1 0
    3   18   48   li110010       702.517419  3.20000E+03  6.00020E+00  4.89826E+00  4.94783E+11    2  10  1 1 0 0 0 0 0 0 0 1
4   26    9       113.896004
    4    1   49   be220002         0.000000  2.80000E+01  5.82210E+00  1.13896E+02  0.00000E+00    1   2  2 2 0 0 0 0 0 0 0 0
    4    2   50   be211003        74.139740  1.44000E+02  5.12800E+00  3.97563E+01  4.13890E+10    1   3  2 1 1 0 0 0 0 0 0 0
    4    3   51   be210104        92.320723  2.56000E+02  5.03700E+00  2.15753E+01  1.45785E+10    1   4  2 1 0 1 0 0 0 0 0 0
    4    4   52   be210005       100.246130  4.00000E+02  5.00810E+00  1.36499E+01  5.90090E+09    1   5  2 1 0 0 1 0 0 0 0 0
    4    5   53   be210006       104.379536  5.76000E+02  5.01800E+00  9.51647E+00  2.36644E+09    1   6  2 1 0 0 0 1 0 0 0 0
    4    6   54   be210007       106.921083  7.84000E+02  5.01200E+00  6.97492E+00  1.25536E+09    1   7  2 1 0 0 0 0 1 0 0 0
    4    7   55   be210008       108.578851  1.02400E+03  5.00120E+00  5.31715E+00  7.13980E+08    1   8  2 1 0 0 0 0 0 1 0 0
    4    8   56   be210009       109.694814  1.29600E+03  5.00120E+00  4.20119E+00  4.25284E+08    1   9  2 1 0 0 0 0 0 0 1 0
    4    9   57   be210010       110.494275  1.60000E+03  5.00030E+00  3.40173E+00  2.48891E+08    1  10  2 1 0 0 0 0 0 0 0 1
    4   10   58   be202003       154.044718  1.53000E+02  5.69200E+00  4.29560E+01  1.88888E+14    2   3  2 0 2 0 0 0 0 0 0 0
    4   11   59   be201104       174.936952  5.76000E+02  5.09370E+00  2.20638E+01  3.80129E+13    2   4  2 0 1 1 0 0 0 0 0 0
    4   12   60   be201005       183.250920  9.00000E+02  5.02640E+00  1.37498E+01  1.23774E+13    2   5  2 0 1 0 1 0 0 0 0 0
    4   13   61   be201006       187.461496  1.29600E+03  5.02400E+00  9.53924E+00  5.03619E+12    2   6  2 0 1 0 0 1 0 0 0 0
    4   14   62   be201007       190.014677  1.76400E+03  5.01600E+00  6.98606E+00  2.36210E+12    2   7  2 0 1 0 0 0 1 0 0 0
    4   15   63   be201008       191.664428  2.30400E+03  5.01020E+00  5.33631E+00  1.24053E+12    2   8  2 0 1 0 0 0 0 1 0 0
    4   16   64   be201009       192.787777  2.91600E+03  5.00820E+00  4.21296E+00  7.14884E+11    2   9  2 0 1 0 0 0 0 0 1 0
    4   17   65   be201010       193.599007  3.60000E+03  5.00030E+00  3.40173E+00  4.46476E+11    2  10  2 0 1 0 0 0 0 0 0 1
    4   18   66   be130002       545.371940  1.12000E+02  6.45820E+00  1.24640E+02  8.01267E+13   10   2  1 3 0 0 0 0 0 0 0 0
    4   19   67   be121003       629.005780  1.00800E+03  5.20800E+00  4.10065E+01  3.16044E+13   10   3  1 2 1 0 0 0 0 0 0 0
    4   20   68   be120104       648.237814  1.79200E+03  5.06020E+00  2.17745E+01  2.81303E+13   10   4  1 2 0 1 0 0 0 0 0 0
    4   21   69   be120005       656.367348  2.80000E+03  5.00720E+00  1.36450E+01  2.74552E+13   10   5  1 2 0 0 1 0 0 0 0 0
    4   22   70   be120006       660.461679  4.03200E+03  5.02700E+00  9.55064E+00  2.72626E+13   10   6  1 2 0 0 0 1 0 0 0 0
    4   23   71   be120007       663.012322  5.48800E+03  5.02100E+00  6.99999E+00  2.71954E+13   10   7  1 2 0 0 0 0 1 0 0 0
    4   24   72   be120008       664.693249  7.16800E+03  5.00210E+00  5.31907E+00  2.71673E+13   10   8  1 2 0 0 0 0 0 1 0 0
    4   25   73   be120009       665.809613  9.07200E+03  5.00210E+00  4.20270E+00  2.71540E+13   10   9  1 2 0 0 0 0 0 0 1 0
    4   26   74   be120010       666.610587  1.12000E+04  5.00030E+00  3.40173E+00  2.71472E+13   10  10  1 2 0 0 0 0 0 0 0 1
5   26    9        77.412003
    5    1   75   b_230002         0.000000  5.60000E+01  5.52020E+00  7.74120E+01  0.00000E+00    1   2  2 3 0 0 0 0 0 0 0 0
    5    2   76   b_221003        51.429404  5.04000E+02  4.22400E+00  2.59826E+01  1.21465E+10    1   3  2 2 1 0 0 0 0 0 0 0
    5    3   77   b_220104        63.361882  8.96000E+02  4.06480E+00  1.40501E+01  5.35911E+09    1   4  2 2 0 1 0 0 0 0 0 0
    5    4   78   b_220005        68.660007  1.40000E+03  4.01020E+00  8.75200E+00  2.36239E+09    1   5  2 2 0 0 1 0 0 0 0 0
    5    5   79   b_220006        71.274113  2.01600E+03  4.03000E+00  6.13789E+00  9.11800E+08    1   6  2 2 0 0 0 1 0 0 0 0
    5    6   80   b_220007        72.920444  2.74400E+03  4.02200E+00  4.49156E+00  4.95265E+08    1   7  2 2 0 0 0 0 1 0 0 0
    5    7   81   b_220008        74.006941  3.58400E+03  4.00220E+00  3.40506E+00  2.87164E+08    1   8  2 2 0 0 0 0 0 1 0 0
    5    8   82   b_220009        74.721591  4.53600E+03  4.00220E+00  2.69041E+00  1.70408E+08    1   9  2 2 0 0 0 0 0 0 1 0
    5    9   83   b_220010        75.234733  5.60000E+03  4.00040E+00  2.17727E+00  1.02517E+08    1  10  2 2 0 0 0 0 0 0 0 1
    5   10   84   b_212003       123.076960  1.22400E+03  4.78800E+00  2.84748E+01  1.07691E+14    2   3  2 1 2 0 0 0 0 0 0 0
    5   11   85   b_211104       137.106898  4.60800E+03  4.12150E+00  1.44448E+01  2.13690E+13    2   4  2 1 1 1 0 0 0 0 0 0
    5   12   86   b_211005       142.719686  7.20000E+03  4.02850E+00  8.83206E+00  6.85511E+12    2   5  2 1 1 0 1 0 0 0 0 0
    5   13   87   b_211006       145.395563  1.03680E+04  4.03600E+00  6.15618E+00  2.76387E+12    2   6  2 1 1 0 0 1 0 0 0 0
    5   14   88   b_211007       147.051246  1.41120E+04  4.02600E+00  4.50050E+00  1.29459E+12    2   7  2 1 1 0 0 0 1 0 0 0
    5   15   89   b_211008       148.131350  1.84320E+04  4.01120E+00  3.42039E+00  6.78365E+11    2   8  2 1 1 0 0 0 0 1 0 0
    5   16   90   b_211009       148.851911  2.33280E+04  4.00920E+00  2.69983E+00  3.89573E+11    2   9  2 1 1 0 0 0 0 0 1 0
    5   17   91   b_211010       149.374473  2.88000E+04  4.00040E+00  2.17727E+00  2.42104E+11    2  10  2 1 1 0 0 0 0 0 0 1
    5   18   92   b_140002       538.755394  1.40000E+02  6.15630E+00  8.40285E+01  1.33045E+14   18   2  1 4 0 0 0 0 0 0 0 0
    5   19   93   b_131003       595.807752  2.01600E+03  4.30400E+00  2.69762E+01  7.12833E+13   18   3  1 3 1 0 0 0 0 0 0 0
    5   20   94   b_130104       608.572973  3.58400E+03  4.08800E+00  1.42110E+01  6.78246E+13   18   4  1 3 0 1 0 0 0 0 0 0
    5   21   95   b_130005       614.035876  5.60000E+03  4.00930E+00  8.74807E+00  6.71784E+13   18   5  1 3 0 0 1 0 0 0 0 0
    5   22   96   b_130006       616.618607  8.06400E+03  4.03900E+00  6.16534E+00  6.69990E+13   18   6  1 3 0 0 0 1 0 0 0 0
    5   23   97   b_130007       618.272260  1.09760E+04  4.03100E+00  4.51168E+00  6.69379E+13   18   7  1 3 0 0 0 0 1 0 0 0
    5   24   98   b_130008       619.377350  1.43360E+04  4.00310E+00  3.40659E+00  6.69123E+13   18   8  1 3 0 0 0 0 0 1 0 0
    5   25   99   b_130009       620.092321  1.81440E+04  4.00310E+00  2.69162E+00  6.69002E+13   18   9  1 3 0 0 0 0 0 0 1 0
    5   26  100   b_130010       620.606673  2.24000E+04  4.00040E+00  2.17727E+00  6.68940E+13   18  10  1 3 0 0 0 0 0 0 0 1
6   26    9        54.933998
    6    1  101   c_240002         0.000000  7.00000E+01  5.21830E+00  5.49340E+01  0.00000E+00    1   2  2 4 0 0 0 0 0 0 0 0
    6    2  102   c_231003        39.560796  1.00800E+03  3.32000E+00  1.53732E+01  3.90854E+09    1   3  2 3 1 0 0 0 0 0 0 0
    6    3  103   c_230104        46.801188  1.79200E+03  3.09260E+00  8.13281E+00  1.87908E+09    1   4  2 3 0 1 0 0 0 0 0 0
    6    4  104   c_230005        49.995834  2.80000E+03  3.01230E+00  4.93816E+00  8.39557E+08    1   5  2 3 0 0 1 0 0 0 0 0
    6    5  105   c_230006        51.436777  4.03200E+03  3.04200E+00  3.49722E+00  2.89251E+08    1   6  2 3 0 0 0 1 0 0 0 0
    6    6  106   c_230007        52.381485  5.48800E+03  3.03200E+00  2.55251E+00  1.59177E+08    1   7  2 3 0 0 0 0 1 0 0 0
    6    7  107   c_230008        53.016684  7.16800E+03  3.00320E+00  1.91731E+00  9.37373E+07    1   8  2 3 0 0 0 0 0 1 0 0
    6    8  108   c_230009        53.419086  9.07200E+03  3.00320E+00  1.51491E+00  5.47519E+07    1   9  2 3 0 0 0 0 0 0 1 0
    6    9  109   c_230010        53.709126  1.12000E+04  3.00050E+00  1.22487E+00  3.69172E+07    1  10  2 3 0 0 0 0 0 0 0 1
    6   10  110   c_222003        89.168217  4.28400E+03  3.88400E+00  1.71952E+01  5.10133E+13    2   3  2 2 2 0 0 0 0 0 0 0
    6   11  111   c_221104        97.929634  1.61280E+04  3.14930E+00  8.43377E+00  9.84253E+12    2   4  2 2 1 1 0 0 0 0 0 0
    6   12  112   c_221005       101.365055  2.52000E+04  3.03060E+00  4.99835E+00  3.10739E+12    2   5  2 2 1 0 1 0 0 0 0 0
    6   13  113   c_221006       102.852371  3.62880E+04  3.04800E+00  3.51103E+00  1.23968E+12    2   6  2 2 1 0 0 1 0 0 0 0
    6   14  114   c_221007       103.804149  4.93920E+04  3.03600E+00  2.55925E+00  5.77832E+11    2   7  2 2 1 0 0 0 1 0 0 0
    6   15  115   c_221008       104.434579  6.45120E+04  3.01220E+00  1.92882E+00  3.00248E+11    2   8  2 2 1 0 0 0 0 1 0 0
    6   16  116   c_221009       104.841419  8.16480E+04  3.01020E+00  1.52198E+00  1.70146E+11    2   9  2 2 1 0 0 0 0 0 1 0
    6   17  117   c_221010       105.138529  1.00800E+05  3.00050E+00  1.22487E+00  1.03723E+11    2  10  2 2 1 0 0 0 0 0 0 1
    6   18  118   c_150002       534.918899  1.12000E+02  5.85440E+00  5.87705E+01  1.75200E+14   18   2  1 5 0 0 0 0 0 0 0 0
    6   19  119   c_141003       577.566347  2.52000E+03  3.40000E+00  1.61230E+01  1.08906E+14   18   3  1 4 1 0 0 0 0 0 0 0
    6   20  120   c_140104       585.434099  4.48000E+03  3.11580E+00  8.25529E+00  1.06133E+14   18   4  1 4 0 1 0 0 0 0 0 0
    6   21  121   c_140005       588.754178  7.00000E+03  3.01140E+00  4.93521E+00  1.05647E+14   18   5  1 4 0 0 1 0 0 0 0 0
    6   22  122   c_140006       590.171446  1.00800E+04  3.05100E+00  3.51795E+00  1.05516E+14   18   6  1 4 0 0 0 1 0 0 0 0
    6   23  123   c_140007       591.121702  1.37200E+04  3.04100E+00  2.56769E+00  1.05472E+14   18   7  1 4 0 0 0 0 1 0 0 0
    6   24  124   c_140008       591.770928  1.79200E+04  3.00410E+00  1.91846E+00  1.05454E+14   18   8  1 4 0 0 0 0 0 1 0 0
    6   25  125   c_140009       592.173571  2.26800E+04  3.00410E+00  1.51582E+00  1.05446E+14   18   9  1 4 0 0 0 0 0 0 1 0
    6   26  126   c_140010       592.464519  2.80000E+04  3.00050E+00  1.22487E+00  1.05441E+14   18  10  1 4 0 0 0 0 0 0 0 1
7   26    9        35.116001
    7    1  127   n_250002         0.000000  5.60000E+01  4.91640E+00  3.51160E+01  0.00000E+00    1   2  2 5 0 0 0 0 0 0 0 0
    7    2  128   n_241003        27.480892  1.26000E+03  2.41600E+00  7.63511E+00  6.95513E+08    1   3  2 4 1 0 0 0 0 0 0 0
    7    3  129   n_240104        31.292841  2.24000E+03  2.12040E+00  3.82316E+00  4.35372E+08    1   4  2 4 0 1 0 0 0 0 0 0
    7    4  130   n_240005        32.907710  3.50000E+03  2.01440E+00  2.20829E+00  1.91771E+08    1   5  2 4 0 0 1 0 0 0 0 0
    7    5  131   n_240006        33.521582  5.04000E+03  2.05400E+00  1.59442E+00  5.49102E+07    1   6  2 4 0 0 0 1 0 0 0 0
    7    6  132   n_240007        33.958241  6.86000E+03  2.04200E+00  1.15776E+00  3.10049E+07    1   7  2 4 0 0 0 0 1 0 0 0
    7    7  133   n_240008        34.262105  8.96000E+03  2.00420E+00  8.53896E-01  1.88441E+07    1   8  2 4 0 0 0 0 0 1 0 0
    7    8  134   n_240009        34.441318  1.13400E+04  2.00420E+00  6.74683E-01  1.06085E+07    1   9  2 4 0 0 0 0 0 0 1 0
    7    9  135   n_240010        34.571470  1.40000E+04  2.00060E+00  5.44531E-01  2.63397E+07    1  10  2 4 0 0 0 0 0 0 0 1
    7   10  136   n_232003        65.862711  8.56800E+03  2.98000E+00  8.81409E+00  1.86105E+13    2   3  2 3 2 0 0 0 0 0 0 0
    7   11  137   n_231104        70.646436  3.22560E+04  2.17710E+00  4.03036E+00  3.02360E+12    2   4  2 3 1 1 0 0 0 0 0 0
    7   12  138   n_231005        72.428201  5.04000E+04  2.03270E+00  2.24860E+00  8.71401E+11    2   5  2 3 1 0 1 0 0 0 0 0
    7   13  139   n_231006        73.073050  7.25760E+04  2.06000E+00  1.60375E+00  3.29204E+11    2   6  2 3 1 0 0 1 0 0 0 0
    7   14  140   n_231007        73.514496  9.87840E+04  2.04600E+00  1.16230E+00  1.53282E+11    2   7  2 3 1 0 0 0 1 0 0 0
    7   15  141   n_231008        73.815215  1.29024E+05  2.01320E+00  8.61582E-01  7.95000E+10    2   8  2 3 1 0 0 0 0 1 0 0
    7   16  142   n_231009        73.997393  1.63296E+05  2.01120E+00  6.79404E-01  4.49181E+10    2   9  2 3 1 0 0 0 0 0 1 0
    7   17  143   n_231010        74.132266  2.01600E+05  2.00060E+00  5.44531E-01  2.72831E+10    2  10  2 3 1 0 0 0 0 0 0 1
    7   18  144   n_160002       529.979813  5.60000E+01  5.55250E+00  4.00551E+01  3.15656E+14   18   2  1 6 0 0 0 0 0 0 0 0
    7   19  145   n_151003       561.885769  2.01600E+03  2.49600E+00  8.14913E+00  2.14546E+14   18   3  1 5 1 0 0 0 0 0 0 0
    7   20  146   n_150104       566.127620  3.58400E+03  2.14360E+00  3.90728E+00  2.11309E+14   18   4  1 5 0 1 0 0 0 0 0 0
    7   21  147   n_150005       567.828583  5.60000E+03  2.01350E+00  2.20632E+00  2.10875E+14   18   5  1 5 0 0 1 0 0 0 0 0
    7   22  148   n_150006       568.426478  8.06400E+03  2.06300E+00  1.60842E+00  2.10770E+14   18   6  1 5 0 0 0 1 0 0 0 0
    7   23  149   n_150007       568.866912  1.09760E+04  2.05100E+00  1.16799E+00  2.10738E+14   18   7  1 5 0 0 0 0 1 0 0 0
    7   24  150   n_150008       569.180237  1.43360E+04  2.00510E+00  8.54663E-01  2.10724E+14   18   8  1 5 0 0 0 0 0 1 0 0
    7   25  151   n_150009       569.359611  1.81440E+04  2.00510E+00  6.75289E-01  2.10718E+14   18   9  1 5 0 0 0 0 0 0 1 0
    7   26  152   n_150010       569.490369  2.24000E+04  2.00060E+00  5.44531E-01  2.10715E+14   18  10  1 5 0 0 0 0 0 0 0 1
8   26    9        13.618000
    8    1  153   o_260002         0.000000  2.80000E+01  4.61450E+00  1.36180E+01  0.00000E+00    1   2  2 6 0 0 0 0 0 0 0 0
    8    2  154   o_251003        11.614150  1.00800E+03  1.51200E+00  2.00385E+00  2.65393E+07    1   3  2 5 1 0 0 0 0 0 0 0
    8    3  155   o_250104        12.496968  1.79200E+03  1.14820E+00  1.12103E+00  1.89438E+07    1   4  2 5 0 1 0 0 0 0 0 0
    8    4  156   o_250005        13.055688  2.80000E+03  1.01650E+00  5.62312E-01  1.41712E+07    1   5  2 5 0 0 1 0 0 0 0 0
    8    5  157   o_250006        13.188549  4.03200E+03  1.06600E+00  4.29451E-01  3.04055E+06    1   6  2 5 0 0 0 1 0 0 0 0
    8    6  158   o_250007        13.310718  5.48800E+03  1.05200E+00  3.07282E-01  1.90514E+06    1   7  2 5 0 0 0 0 1 0 0 0
    8    7  159   o_250008        13.403204  7.16800E+03  1.00520E+00  2.14796E-01  1.30895E+06    1   8  2 5 0 0 0 0 0 1 0 0
    8    8  160   o_250009        13.448284  9.07200E+03  1.00520E+00  1.69716E-01  6.66588E+05    1   9  2 5 0 0 0 0 0 0 1 0
    8    9  161   o_250010        13.481758  1.12000E+04  1.00070E+00  1.36242E-01  4.17153E+05    1  10  2 5 0 0 0 0 0 0 0 1
    8   10  162   o_242003        38.659992  1.07100E+04  2.07600E+00  2.43890E+00  2.59946E+12    2   3  2 4 2 0 0 0 0 0 0 0
    8   11  163   o_241104        39.864408  4.03200E+04  1.20490E+00  1.23448E+00  3.36706E+11    2   4  2 4 1 1 0 0 0 0 0 0
    8   12  164   o_241005        40.516151  6.30000E+04  1.03480E+00  5.82740E-01  8.99836E+10    2   5  2 4 1 0 1 0 0 0 0 0
    8   13  165   o_241006        40.664592  9.07200E+04  1.07200E+00  4.34299E-01  3.24521E+10    2   6  2 4 1 0 0 1 0 0 0 0
    8   14  166   o_241007        40.789268  1.23480E+05  1.05600E+00  3.09623E-01  1.51210E+10    2   7  2 4 1 0 0 0 1 0 0 0
    8   15  167   o_241008        40.880232  1.61280E+05  1.01420E+00  2.18660E-01  7.85242E+09    2   8  2 4 1 0 0 0 0 1 0 0
    8   16  168   o_241009        40.926804  2.04120E+05  1.01220E+00  1.72087E-01  4.44569E+09    2   9  2 4 1 0 0 0 0 0 1 0
    8   17  169   o_241010        40.962650  2.52000E+05  1.00070E+00  1.36242E-01  2.70628E+09    2  10  2 4 1 0 0 0 0 0 0 1
    8   18  170   o_170002       527.826357  1.60000E+01  5.25060E+00  1.57715E+01  3.54210E+14   18   2  1 7 0 0 0 0 0 0 0 0
    8   19  171   o_161003       541.376303  1.00800E+03  1.59200E+00  2.22151E+00  2.55000E+14   18   3  1 6 1 0 0 0 0 0 0 0
    8   20  172   o_160104       542.431021  1.79200E+03  1.17140E+00  1.16679E+00  2.53454E+14   18   4  1 6 0 1 0 0 0 0 0 0
    8   21  173   o_160005       543.036497  2.80000E+03  1.01560E+00  5.61316E-01  2.53283E+14   18   5  1 6 0 0 1 0 0 0 0 0
    8   22  174   o_160006       543.161080  4.03200E+03  1.07500E+00  4.36734E-01  2.53245E+14   18   6  1 6 0 0 0 1 0 0 0 0
    8   23  175   o_160007       543.285251  5.48800E+03  1.06100E+00  3.12562E-01  2.53234E+14   18   7  1 6 0 0 0 0 1 0 0 0
    8   24  176   o_160008       543.382632  7.16800E+03  1.00610E+00  2.15181E-01  2.53229E+14   18   8  1 6 0 0 0 0 0 1 0 0
    8   25  177   o_160009       543.427794  9.07200E+03  1.00610E+00  1.70020E-01  2.53227E+14   18   9  1 6 0 0 0 0 0 0 1 0
    8   26  178   o_160010       543.461572  1.12000E+04  1.00070E+00  1.36242E-01  2.53226E+14   18  10  1 6 0 0 0 0 0 0 0 1
1908
b   1    1  1    2  99  3.92350E-01 -9.64344E-02 -1.99391E+00  1.86148E+01  3.80316E+00  4.14500E-01  4.14500E-01
b   1    1  1    3  99  4.12474E-01  1.53959E-02 -1.96692E+00  1.80541E+01  3.74713E+00  7.88900E-02  7.88900E-02
b   1    2  1    3  99  1.09357E-01  1.09877E+00 -2.34779E+01  2.08533E+02  2.00000E+01  6.39200E-01  6.39200E-01
b   1    1  1    4  99  4.17197E-01  6.26396E-02 -1.97315E+00  1.78259E+01  3.72990E+00  2.89200E-02  2.89200E-02
b   1    2  1    4  99  1.23434E-01  1.42451E+00 -2.34906E+01  1.76292E+02  2.00000E+01  1.19200E-01  1.19200E-01
b   1    3  1    4  99  2.87103E-01  5.12988E-02  1.72432E+00 -6.01423E-01  2.10610E+00  8.40600E-01  8.40600E-01
b   1    1  1    5  99  4.19064E-01  8.62765E-02 -1.98789E+00  1.77741E+01  3.72698E+00  1.39100E-02  1.39100E-02
b   1    2  1    5  99  1.52620E-01  1.56194E+00 -2.81804E+01  2.70711E+02  2.00000E+01  4.46400E-02  4.46400E-02
b   1    3  1    5  99  1.84521E-01  1.20687E+00 -2.02686E+01  2.96664E+02  2.00000E+01  1.50400E-01  1.50400E-01
b   1    4  1    5  99  2.74968E-01  8.22716E-02  2.24717E+00 -1.13294E+00  2.79445E+00  1.03600E+00  1.03600E+00
b   1    1  1    6  99  4.21615E-01  9.56867E-02 -1.99672E+00  1.78402E+01  3.72679E+00  7.78300E-03  7.78300E-03
b   1    2  1    6  99  1.52362E-01  1.64314E+00 -2.66530E+01  2.35770E+02  2.00000E+01  2.20900E-02  2.20900E-02
b   1    3  1    6  99  1.68285E-01  1.55593E+00 -1.93602E+01  2.27424E+02  2.00000E+01  5.58100E-02  5.58100E-02
b   1    4  1    6  99  2.84576E-01  6.19001E-01  1.59710E+00 -7.16546E-01  2.16199E+00  1.79100E-01  1.79100E-01
b   1    5  1    6  99  2.66339E-01  1.06392E-01  2.64167E+00 -1.49896E+00  3.39021E+00  1.22900E+00  1.22900E+00
b   1    1  1    7  99  4.17165E-01  1.17362E-01 -2.02545E+00  1.75900E+01  3.71854E+00  4.80300E-03  4.80300E-03
b   1    2  1    7  99  1.49939E-01  1.69947E+00 -2.55031E+01  2.07423E+02  2.00000E+01  1.27100E-02  1.27100E-02
b   1    3  1    7  99  1.68161E-01  1.74038E+00 -1.92686E+01  2.10200E+02  2.00000E+01  2.76900E-02  2.76900E-02
b   1    4  1    7  99  3.05010E-01  9.13319E-01  1.66201E+00 -6.38002E-01  2.23251E+00  6.54600E-02  6.54600E-02
b   1    5  1    7  99  2.85218E-01  6.56040E-01  2.19082E+00 -1.08079E+00  2.97372E+00  2.06700E-01  2.06700E-01
b   1    6  1    7  99  2.47885E-01  1.78867E-01  2.54770E+00 -5.22011E-01  4.10650E+00  1.42200E+00  1.42200E+00
b   1    1  1    8  99  4.18733E-01  1.19559E-01 -2.02720E+00  1.76488E+01  3.71994E+00  3.17500E-03  3.17500E-03
b   1    2  1    8  99  1.49941E-01  1.72833E+00 -2.46782E+01  1.90833E+02  2.00000E+01  8.03800E-03  8.03800E-03
b   1    3  1    8  99  1.69740E-01  1.86002E+00 -1.94608E+01  2.06221E+02  2.00000E+01  1.60500E-02  1.60500E-02
b   1    4  1    8  99  3.14268E-01  1.13405E+00  1.63082E+00 -5.83394E-01  2.19894E+00  3.23200E-02  3.23200E-02
b   1    5  1    8  99  3.03644E-01  1.02296E+00  2.23253E+00 -1.04873E+00  2.97841E+00  7.44800E-02  7.44800E-02
b   1    6  1    8  99  2.82597E-01  6.90790E-01  2.65150E+00 -1.50492E+00  3.56079E+00  2.33700E-01  2.33700E-01
b   1    7  1    8  99  2.31884E-01  2.48388E-01  2.27459E+00 -3.47383E-01  4.11383E+00  1.61400E+00  1.61400E+00
b   1    1  1    9  99  4.18804E-01  1.24159E-01 -2.04044E+00  1.76873E+01  3.72269E+00  2.20800E-03  2.20800E-03
b   1    2  1    9  99  1.50298E-01  1.75077E+00 -2.43785E+01  1.84255E+02  2.00000E+01  5.42800E-03  5.42800E-03
b   1    3  1    9  99  1.70545E-01  1.94100E+00 -1.92802E+01  1.98461E+02  2.00000E+01  1.02500E-02  1.02500E-02
b   1    4  1    9  99  3.19309E-01  1.29912E+00  1.57579E+00 -5.32818E-01  2.14289E+00  1.87400E-02  1.87400E-02
b   1    5  1    9  99  3.15006E-01  1.29939E+00  2.23367E+00 -9.99568E-01  2.96466E+00  3.65200E-02  3.65200E-02
b   1    6  1    9  99  3.01320E-01  1.10579E+00  2.71563E+00 -1.47038E+00  3.59095E+00  8.32100E-02  8.32100E-02
b   1    7  1    9  99  2.65833E-01  7.85524E-01  2.40956E+00 -1.35760E+00  3.56780E+00  2.60500E-01  2.60500E-01
b   1    8  1    9  99  2.19760E-01  3.01132E-01  2.06483E+00 -2.52731E-01  4.09795E+00  1.80500E+00  1.80500E+00
b   1    1  1   10  99  4.20375E-01  1.22004E-01 -2.01590E+00  1.76371E+01  3.71747E+00  1.59600E-03  1.59600E-03
b   1    2  1   10  99  1.48496E-01  1.77638E+00 -2.41056E+01  1.74501E+02  2.00000E+01  3.84400E-03  3.84400E-03
b   1    3  1   10  99  1.73608E-01  1.99438E+00 -1.94015E+01  2.00930E+02  2.00000E+01  6.98400E-03  6.98400E-03
b   1    4  1   10  99  3.25140E-01  1.41262E+00  1.60766E+00 -5.14199E-01  2.18901E+00  1.19900E-02  1.19900E-02
b   1    5  1   10  99  3.22790E-01  1.50977E+00  2.25311E+00 -1.02253E+00  2.96170E+00  2.11200E-02  2.11200E-02
b   1    6  1   10  99  2.96546E-01  1.51170E+00  2.06888E+00 -1.02141E+00  2.99698E+00  4.05200E-02  4.05200E-02
b   1    7  1   10  99  2.85984E-01  1.23267E+00  2.52197E+00 -1.40462E+00  3.62034E+00  9.17900E-02  9.17900E-02
b   1    8  1   10  99  2.56543E-01  8.39579E-01  2.40755E+00 -3.00495E-01  4.31071E+00  2.87000E-01  2.87000E-01
b   1    9  1   10  99  4.56176E-01  7.21350E-01  4.16665E+00 -6.14552E-01  4.06403E+00  9.25900E-01  9.25900E-01
f   1    1  0    1  99  1.00000E+00  8.00000E+00
p   1    1  0    1  99  1.00000E+00  8.00000E+00
f   1    2  0    1  99  1.00000E+00  8.00000E+00
p   1    2  0    1  99  1.00000E+00  8.00000E+00
f   1    3  0    1  99  1.00000E+00  8.00000E+00
p   1    3  0    1  99  1.00000E+00  8.00000E+00
f   1    4  0    1  99  1.00000E+00  8.00000E+00
p   1    4  0    1  99  1.00000E+00  8.00000E+00
f   1    5  0    1  99  1.00000E+00  8.00000E+00
p   1    5  0    1  99  1.00000E+00  8.00000E+00
f   1    6  0    1  99  1.00000E+00  8.00000E+00
p   1    6  0    1  99  1.00000E+00  8.00000E+00
f   1    7  0    1  99  1.00000E+00  8.00000E+00
p   1    7  0    1  99  1.00000E+00  8.00000E+00
f   1    8  0    1  99  1.00000E+00  8.00000E+00
p   1    8  0    1  99  1.00000E+00  8.00000E+00
f   1    9  0    1  99  1.00000E+00  8.00000E+00
p   1    9  0    1  99  1.00000E+00  8.00000E+00
f   1   10  0    1  99  1.00000E+00  8.00000E+00
p   1   10  0    1  99  1.00000E+00  8.00000E+00
b   2    1  2    2  99  3.70078E-01 -9.50473E-02 -1.77133E+00  1.71929E+01  3.79171E+00  7.10400E-01  7.10400E-01
b   2    1  2    3  99  3.85953E-01 -2.22714E-03 -1.81679E+00  1.69540E+01  3.75087E+00  1.44640E-01  1.44640E-01
b   2    2  2    3  99  1.12612E-01  9.82047E-01 -2.09501E+01  2.07524E+02  2.00000E+01  6.11300E-01  6.11300E-01
b   2    1  2    4  99  3.86716E-01  3.16729E-02 -1.78604E+00  1.65860E+01  3.73569E+00  5.41000E-02  5.41000E-02
b   2    2  2    4  99  1.23426E-01  1.31316E+00 -2.18894E+01  1.82003E+02  2.00000E+01  1.18000E-01  1.18000E-01
b   2    3  2    4  99  2.62661E-01  1.12229E-01  1.56912E+00 -6.54298E-01  2.09613E+00  8.27600E-01  8.27600E-01
b   2    1  2    5  99  3.83500E-01  5.15445E-02 -1.78011E+00  1.63532E+01  3.73395E+00  2.62400E-02  2.62400E-02
b   2    2  2    5  99  1.27879E-01  1.46111E+00 -2.15873E+01  1.61683E+02  2.00000E+01  4.47500E-02  4.47500E-02
b   2    3  2    5  99  3.01057E-01  4.39546E-01  1.65381E+00 -5.32736E-01  2.13973E+00  1.50200E-01  1.50200E-01
b   2    4  2    5  99  2.57838E-01  1.41263E-01  2.07257E+00 -1.10103E+00  2.81030E+00  1.02700E+00  1.02700E+00
b   2    1  2    6  99  4.72175E-01  5.14375E-02 -2.19734E+00  2.02334E+01  3.73329E+00  1.26160E-02  1.26160E-02
b   2    2  2    6  99  1.50402E-01  1.73486E+00 -2.57182E+01  1.95175E+02  2.00000E+01  2.04300E-02  2.04300E-02
b   2    3  2    6  99  3.32599E-01  6.75677E-01  1.73729E+00 -5.06598E-01  2.11941E+00  5.42900E-02  5.42900E-02
b   2    4  2    6  99  3.01106E-01  5.61434E-01  2.29221E+00 -1.08980E+00  2.88602E+00  1.75700E-01  1.75700E-01
b   2    5  2    6  99  2.55736E-01  1.65188E-01  2.47874E+00 -1.42691E+00  3.40044E+00  1.21200E+00  1.21200E+00
b   2    1  2    7  99  4.71552E-01  5.68407E-02 -2.19335E+00  2.01818E+01  3.73390E+00  7.81400E-03  7.81400E-03
b   2    2  2    7  99  1.61203E-01  1.77701E+00 -2.74896E+01  2.32401E+02  2.00000E+01  1.18200E-02  1.18200E-02
b   2    3  2    7  99  3.45477E-01  7.98856E-01  1.86680E+00 -5.99777E-01  2.19445E+00  2.70800E-02  2.70800E-02
b   2    4  2    7  99  2.91198E-01  9.84474E-01  1.48280E+00 -5.70577E-01  2.13342E+00  6.45000E-02  6.45000E-02
b   2    5  2    7  99  2.91721E-01  6.35030E-01  2.71680E+00 -1.49111E+00  3.51066E+00  2.04300E-01  2.04300E-01
b   2    6  2    7  99  2.39383E-01  2.32784E-01  2.37533E+00 -4.29392E-01  4.09906E+00  1.41300E+00  1.41300E+00
b   2    1  2    8  99  4.68462E-01  6.79304E-02 -2.21273E+00  2.00760E+01  3.73374E+00  5.17600E-03  5.17600E-03
b   2    2  2    8  99  1.87651E-01  1.79389E+00 -3.31776E+01  3.56112E+02  2.00000E+01  7.50200E-03  7.50200E-03
b   2    3  2    8  99  3.53595E-01  8.82090E-01  1.95641E+00 -6.75576E-01  2.24106E+00  1.57400E-02  1.57400E-02
b   2    4  2    8  99  3.03463E-01  1.18550E+00  1.59333E+00 -6.72948E-01  2.21775E+00  3.19400E-02  3.19400E-02
b   2    5  2    8  99  2.92510E-01  1.08147E+00  2.11281E+00 -1.09569E+00  2.93540E+00  7.37800E-02  7.37800E-02
b   2    6  2    8  99  2.71923E-01  7.49723E-01  2.46809E+00 -1.37276E+00  3.53940E+00  2.32500E-01  2.32500E-01
b   2    7  2    8  99  2.22999E-01  3.05065E-01  2.07170E+00 -2.09314E-01  4.09028E+00  1.60700E+00  1.60700E+00
b   2    1  2    9  99  4.66970E-01  7.19120E-02 -2.19343E+00  1.98956E+01  3.72829E+00  3.60400E-03  3.60400E-03
b   2    2  2    9  99  1.88603E-01  1.81811E+00 -3.32029E+01  3.54679E+02  2.00000E+01  5.07800E-03  5.07800E-03
b   2    3  2    9  99  3.55595E-01  9.58517E-01  1.90541E+00 -6.13586E-01  2.21615E+00  1.00700E-02  1.00700E-02
b   2    4  2    9  99  3.10742E-01  1.33753E+00  1.60362E+00 -6.68441E-01  2.20357E+00  1.85500E-02  1.85500E-02
b   2    5  2    9  99  3.03506E-01  1.35643E+00  2.13104E+00 -1.01071E+00  2.98136E+00  3.62400E-02  3.62400E-02
b   2    6  2    9  99  2.90489E-01  1.16178E+00  2.57297E+00 -1.39042E+00  3.62321E+00  8.28500E-02  8.28500E-02
b   2    7  2    9  99  2.59728E-01  8.23116E-01  2.44812E+00 -3.59914E-01  4.29554E+00  2.59500E-01  2.59500E-01
b   2    8  2    9  99  2.13926E-01  3.44246E-01  1.96253E+00 -2.79499E-01  4.08612E+00  1.80000E+00  1.80000E+00
b   2    1  2   10  99  4.65414E-01  7.84309E-02 -2.22402E+00  1.99522E+01  3.73362E+00  2.60800E-03  2.60800E-03
b   2    2  2   10  99  1.85980E-01  1.83771E+00 -3.25419E+01  3.38804E+02  2.00000E+01  3.60300E-03  3.60300E-03
b   2    3  2   10  99  3.57549E-01  1.01305E+00  1.87823E+00 -5.78937E-01  2.20021E+00  6.87700E-03  6.87700E-03
b   2    4  2   10  99  3.15032E-01  1.45574E+00  1.59777E+00 -6.00935E-01  2.24404E+00  1.18900E-02  1.18900E-02
b   2    5  2   10  99  3.10620E-01  1.56779E+00  2.12924E+00 -1.00250E+00  2.96701E+00  2.09800E-02  2.09800E-02
b   2    6  2   10  99  3.02103E-01  1.48618E+00  2.60940E+00 -1.42082E+00  3.61239E+00  4.03900E-02  4.03900E-02
b   2    7  2   10  99  2.78700E-01  1.27254E+00  2.54265E+00 -3.04821E-01  4.34854E+00  9.14800E-02  9.14800E-02
b   2    8  2   10  99  2.48101E-01  8.91292E-01  2.24131E+00 -2.09402E-01  4.30391E+00  2.86100E-01  2.86100E-01
b   2    9  2   10  99  4.57957E-01  8.31671E-01  4.04609E+00 -6.77387E-01  4.01562E+00  8.97800E-01  8.97800E-01
b   2    1  2   11  98  0.00000E+00  0.00000E+00  0.00000E+00  0.00000E+00  0.00000E+00  6.95450E-03  1.39090E-04
b   2    2  2   11  99  3.70078E-01 -9.50473E-02 -1.77133E+00  1.71929E+01  3.79171E+00  3.10800E-01  3.10800E-01
b   2    1  2   12  98  0.00000E+00  0.00000E+00  0.00000E+00  0.00000E+00  0.00000E+00  1.56698E-02  3.13395E-04
b   2    2  2   12  99  3.85953E-01 -2.22714E-03 -1.81679E+00  1.69540E+01  3.75087E+00  7.23200E-02  7.23200E-02
b   2    3  2   12  99  3.70078E-01 -9.50473E-02 -1.77133E+00  1.71929E+01  3.79171E+00  3.55200E-01  3.55200E-01
b   2   11  2   12  99  1.12612E-01  9.82047E-01 -2.09501E+01  2.07524E+02  2.00000E+01  1.22260E+00  1.22260E+00
b   2    1  2   13  98  0.00000E+00  0.00000E+00  0.00000E+00  0.00000E+00  0.00000E+00  2.65838E-02  5.31676E-04
b   2    2  2   13  99  3.86716E-01  3.16729E-02 -1.78604E+00  1.65860E+01  3.73569E+00  2.70500E-02  2.70500E-02
b   2    4  2   13  99  3.70078E-01 -9.50473E-02 -1.77133E+00  1.71929E+01  3.79171E+00  3.55200E-01  3.55200E-01
b   2   11  2   13  99  1.23426E-01  1.31316E+00 -2.18894E+01  1.82003E+02  2.00000E+01  2.36000E-01  2.36000E-01
b   2   12  2   13  99  2.62661E-01  1.12229E-01  1.56912E+00 -6.54298E-01  2.09613E+00  8.27600E-01  8.27600E-01
b   2    1  2   14  98  0.00000E+00  0.00000E+00  0.00000E+00  0.00000E+00  0.00000E+00  4.06463E-02  8.12926E-04
b   2    2  2   14  99  3.83500E-01  5.15445E-02 -1.78011E+00  1.63532E+01  3.73395E+00  1.31200E-02  1.31200E-02
b   2    5  2   14  99  3.70078E-01 -9.50473E-02 -1.77133E+00  1.71929E+01  3.79171E+00  3.55200E-01  3.55200E-01
b   2   11  2   14  99  1.27879E-01  1.46111E+00 -2.15873E+01  1.61683E+02  2.00000E+01  8.95000E-02  8.95000E-02
b   2   12  2   14  99  3.01057E-01  4.39546E-01  1.65381E+00 -5.32736E-01  2.13973E+00  1.50200E-01  1.50200E-01
b   2   13  2   14  99  2.57838E-01  1.41263E-01  2.07257E+00 -1.10103E+00  2.81030E+00  1.02700E+00  1.02700E+00
b   2    1  2   15  98  0.00000E+00  0.00000E+00  0.00000E+00  0.00000E+00  0.00000E+00  5.78330E-02  1.15666E-03
b   2    2  2   15  99  4.72175E-01  5.14375E-02 -2.19734E+00  2.02334E+01  3.73329E+00  6.30800E-03  6.30800E-03
b   2    6  2   15  99  3.70078E-01 -9.50473E-02 -1.77133E+00  1.71929E+01  3.79171E+00  3.55200E-01  3.55200E-01
b   2   11  2   15  99  1.50402E-01  1.73486E+00 -2.57182E+01  1.95175E+02  2.00000E+01  4.08600E-02  4.08600E-02
b   2   12  2   15  99  3.32599E-01  6.75677E-01  1.73729E+00 -5.06598E-01  2.11941E+00  5.42900E-02  5.42900E-02
b   2   13  2   15  99  3.01106E-01  5.61434E-01  2.29221E+00 -1.08980E+00  2.88602E+00  1.75700E-01  1.75700E-01
b   2   14  2   15  99  2.55736E-01  1.65188E-01  2.47874E+00 -1.42691E+00  3.40044E+00  1.21200E+00  1.21200E+00
b   2    1  2   16  98  0.00000E+00  0.00000E+00  0.00000E+00  0.00000E+00  0.00000E+00  7.81575E-02  1.56315E-03
b   2    2  2   16  99  4.71552E-01  5.68407E-02 -2.19335E+00  2.01818E+01  3.73390E+00  3.90700E-03  3.90700E-03
b   2    7  2   16  99  3.70078E-01 -9.50473E-02 -1.77133E+00  1.71929E+01  3.79171E+00  3.55200E-01  3.55200E-01
b   2   11  2   16  99  1.61203E-01  1.77701E+00 -2.74896E+01  2.32401E+02  2.00000E+01  2.36400E-02  2.36400E-02
b   2   12  2   16  99  3.45477E-01  7.98856E-01  1.86680E+00 -5.99777E-01  2.19445E+00  2.70800E-02  2.70800E-02
b   2   13  2   16  99  2.91198E-01  9.84474E-01  1.48280E+00 -5.70577E-01  2.13342E+00  6.45000E-02  6.45000E-02
b   2   14  2   16  99  2.91721E-01  6.35030E-01  2.71680E+00 -1.49111E+00  3.51066E+00  2.04300E-01  2.04300E-01
b   2   15  2   16  99  2.39383E-01  2.32784E-01  2.37533E+00 -4.29392E-01  4.09906E+00  1.41300E+00  1.41300E+00
b   2    1  2   17  98  0.00000E+00  0.00000E+00  0.00000E+00  0.00000E+00  0.00000E+00  1.01618E-01  2.03235E-03
b   2    2  2   17  99  4.68462E-01  6.79304E-02 -2.21273E+00  2.00760E+01  3.73374E+00  2.58800E-03  2.58800E-03
b   2    8  2   17  99  3.70078E-01 -9.50473E-02 -1.77133E+00  1.71929E+01  3.79171E+00  3.55200E-01  3.55200E-01
b   2   11  2   17  99  1.87651E-01  1.79389E+00 -3.31776E+01  3.56112E+02  2.00000E+01  1.50040E-02  1.50040E-02
b   2   12  2   17  99  3.53595E-01  8.82090E-01  1.95641E+00 -6.75576E-01  2.24106E+00  1.57400E-02  1.57400E-02
b   2   13  2   17  99  3.03463E-01  1.18550E+00  1.59333E+00 -6.72948E-01  2.21775E+00  3.19400E-02  3.19400E-02
b   2   14  2   17  99  2.92510E-01  1.08147E+00  2.11281E+00 -1.09569E+00  2.93540E+00  7.37800E-02  7.37800E-02
b   2   15  2   17  99  2.71923E-01  7.49723E-01  2.46809E+00 -1.37276E+00  3.53940E+00  2.32500E-01  2.32500E-01
b   2   16  2   17  99  2.22999E-01  3.05065E-01  2.07170E+00 -2.09314E-01  4.09028E+00  1.60700E+00  1.60700E+00
b   2    1  2   18  98  0.00000E+00  0.00000E+00  0.00000E+00  0.00000E+00  0.00000E+00  1.28204E-01  2.56408E-03
b   2    2  2   18  99  4.66970E-01  7.19120E-02 -2.19343E+00  1.98956E+01  3.72829E+00  1.80200E-03  1.80200E-03
b   2    9  2   18  99  3.70078E-01 -9.50473E-02 -1.77133E+00  1.71929E+01  3.79171E+00  3.55200E-01  3.55200E-01
b   2   11  2   18  99  1.88603E-01  1.81811E+00 -3.32029E+01  3.54679E+02  2.00000E+01  1.01560E-02  1.01560E-02
b   2   12  2   18  99  3.55595E-01  9.58517E-01  1.90541E+00 -6.13586E-01  2.21615E+00  1.00700E-02  1.00700E-02
b   2   13  2   18  99  3.10742E-01  1.33753E+00  1.60362E+00 -6.68441E-01  2.20357E+00  1.85500E-02  1.85500E-02
b   2   14  2   18  99  3.03506E-01  1.35643E+00  2.13104E+00 -1.01071E+00  2.98136E+00  3.62400E-02  3.62400E-02
b   2   15  2   18  99  2.90489E-01  1.16178E+00  2.57297E+00 -1.39042E+00  3.62321E+00  8.28500E-02  8.28500E-02
b   2   16  2   18  99  2.59728E-01  8.23116E-01  2.44812E+00 -3.59914E-01  4.29554E+00  2.59500E-01  2.59500E-01
b   2   17  2   18  99  2.13926E-01  3.44246E-01  1.96253E+00 -2.79499E-01  4.08612E+00  1.80000E+00  1.80000E+00
b   2    1  2   19  98  0.00000E+00  0.00000E+00  0.00000E+00  0.00000E+00  0.00000E+00  1.57920E-01  3.15841E-03
b   2    2  2   19  99  4.65414E-01  7.84309E-02 -2.22402E+00  1.99522E+01  3.73362E+00  1.30400E-03  1.30400E-03
b   2   10  2   19  99  3.70078E-01 -9.50473E-02 -1.77133E+00  1.71929E+01  3.79171E+00  3.55200E-01  3.55200E-01
b   2   11  2   19  99  1.85980E-01  1.83771E+00 -3.25419E+01  3.38804E+02  2.00000E+01  7.20600E-03  7.20600E-03
b   2   12  2   19  99  3.57549E-01  1.01305E+00  1.87823E+00 -5.78937E-01  2.20021E+00  6.87700E-03  6.87700E-03
b   2   13  2   19  99  3.15032E-01  1.45574E+00  1.59777E+00 -6.00935E-01  2.24404E+00  1.18900E-02  1.18900E-02
b   2   14  2   19  99  3.10620E-01  1.56779E+00  2.12924E+00 -1.00250E+00  2.96701E+00  2.09800E-02  2.09800E-02
b   2   15  2   19  99  3.02103E-01  1.48618E+00  2.60940E+00 -1.42082E+00  3.61239E+00  4.03900E-02  4.03900E-02
b   2   16  2   19  99  2.78700E-01  1.27254E+00  2.54265E+00 -3.04821E-01  4.34854E+00  9.14800E-02  9.14800E-02
b   2   17  2   19  99  2.48101E-01  8.91292E-01  2.24131E+00 -2.09402E-01  4.30391E+00  2.86100E-01  2.86100E-01
b   2   18  2   19  99  4.57957E-01  8.31671E-01  4.04609E+00 -6.77387E-01  4.01562E+00  8.97800E-01  8.97800E-01
f   2    1  1    1  99  2.00000E+00  7.84375E+00
p   2    1  1    1  98  1.90510E+00 -2.53850E+00 -1.38170E-01  5.88400E-03  2.00000E+00  7.29000E+02  7.58200E+02  1.45800E+04
f   2    2  1    1  99  1.00000E+00  7.06200E+00
p   2    2  1    1  99  1.00000E+00  7.06200E+00
f   2    3  1    1  99  1.00000E+00  7.01600E+00
p   2    3  1    1  99  1.00000E+00  7.01600E+00
f   2    4  1    1  99  1.00000E+00  7.00460E+00
p   2    4  1    1  99  1.00000E+00  7.00460E+00
f   2    5  1    1  99  1.00000E+00  7.00300E+00
p   2    5  1    1  99  1.00000E+00  7.00300E+00
f   2    6  1    1  99  1.00000E+00  7.00300E+00
p   2    6  1    1  99  1.00000E+00  7.00300E+00
f   2    7  1    1  99  1.00000E+00  7.00100E+00
p   2    7  1    1  99  1.00000E+00  7.00100E+00
f   2    8  1    1  99  1.00000E+00  7.00010E+00
p   2    8  1    1  99  1.00000E+00  7.00010E+00
f   2    9  1    1  99  1.00000E+00  7.00010E+00
p   2    9  1    1  99  1.00000E+00  7.00010E+00
f   2   10  1    1  99  1.00000E+00  7.00010E+00
p   2   10  1    1  99  1.00000E+00  7.00010E+00
f   2    2  1    2  99  1.00000E+00  7.06200E+00
p   2    2  1    2  98  1.90510E+00 -2.53850E+00 -1.38170E-01  5.88400E-03  2.00000E+00  7.29000E+02  7.58200E+02  1.45800E+04
f   2   11  1    2  99  2.00000E+00  7.69810E+00
p   2   11  1    2  99  2.00000E+00  7.69810E+00
f   2   12  1    2  99  1.00000E+00  7.09600E+00
p   2   12  1    2  99  1.00000E+00  7.09600E+00
f   2   13  1    2  99  1.00000E+00  7.02780E+00
p   2   13  1    2  99  1.00000E+00  7.02780E+00
f   2   14  1    2  99  1.00000E+00  7.00210E+00
p   2   14  1    2  99  1.00000E+00  7.00210E+00
f   2   15  1    2  99  1.00000E+00  7.01200E+00
p   2   15  1    2  99  1.00000E+00  7.01200E+00
f   2   16  1    2  99  1.00000E+00  7.01000E+00
p   2   16  1    2  99  1.00000E+00  7.01000E+00
f   2   17  1    2  99  1.00000E+00  7.00100E+00
p   2   17  1    2  99  1.00000E+00  7.00100E+00
f   2   18  1    2  99  1.00000E+00  7.00100E+00
p   2   18  1    2  99  1.00000E+00  7.00100E+00
f   2   19  1    2  99  1.00000E+00  7.00010E+00
p   2   19  1    2  99  1.00000E+00  7.00010E+00
f   2    3  1    3  99  1.00000E+00  7.01600E+00
p   2    3  1    3  98  1.90510E+00 -2.53850E+00 -1.38170E-01  5.88400E-03  2.00000E+00  7.29000E+02  7.58200E+02  1.45800E+04
f   2   12  1    3  99  1.00000E+00  7.09600E+00
p   2   12  1    3  99  1.00000E+00  7.09600E+00
f   2    4  1    4  99  1.00000E+00  7.00460E+00
p   2    4  1    4  98  1.90510E+00 -2.53850E+00 -1.38170E-01  5.88400E-03  2.00000E+00  7.29000E+02  7.58200E+02  1.45800E+04
f   2   13  1    4  99  1.00000E+00  7.02780E+00
p   2   13  1    4  99  1.00000E+00  7.02780E+00
f   2    5  1    5  99  1.00000E+00  7.00300E+00
p   2    5  1    5  98  1.90510E+00 -2.53850E+00 -1.38170E-01  5.88400E-03  2.00000E+00  7.29000E+02  7.58200E+02  1.45800E+04
f   2   14  1    5  99  1.00000E+00  7.00210E+00
p   2   14  1    5  99  1.00000E+00  7.00210E+00
f   2    6  1    6  99  1.00000E+00  7.00300E+00
p   2    6  1    6  98  1.90510E+00 -2.53850E+00 -1.38170E-01  5.88400E-03  2.00000E+00  7.29000E+02  7.58200E+02  1.45800E+04
f   2   15  1    6  99  1.00000E+00  7.01200E+00
p   2   15  1    6  99  1.00000E+00  7.01200E+00
f   2    7  1    7  99  1.00000E+00  7.00100E+00
p   2    7  1    7  98  1.90510E+00 -2.53850E+00 -1.38170E-01  5.88400E-03  2.00000E+00  7.29000E+02  7.58200E+02  1.45800E+04
f   2   16  1    7  99  1.00000E+00  7.01000E+00
p   2   16  1    7  99  1.00000E+00  7.01000E+00
f   2    8  1    8  99  1.00000E+00  7.00010E+00
p   2    8  1    8  98  1.90510E+00 -2.53850E+00 -1.38170E-01  5.88400E-03  2.00000E+00  7.29000E+02  7.58200E+02  1.45800E+04
f   2   17  1    8  99  1.00000E+00  7.00100E+00
p   2   17  1    8  99  1.00000E+00  7.00100E+00
f   2    9  1    9  99  1.00000E+00  7.00010E+00
p   2    9  1    9  98  1.90510E+00 -2.53850E+00 -1.38170E-01  5.88400E-03  2.00000E+00  7.29000E+02  7.58200E+02  1.45800E+04
f   2   18  1    9  99  1.00000E+00  7.00100E+00
p   2   18  1    9  99  1.00000E+00  7.00100E+00
f   2   10  1   10  99  1.00000E+00  7.00010E+00
p   2   10  1   10  98  1.90510E+00 -2.53850E+00 -1.38170E-01  5.88400E-03  2.00000E+00  7.29000E+02  7.58200E+02  1.45800E+04
f   2   19  1   10  99  1.00000E+00  7.00010E+00
p   2   19  1   10  99  1.00000E+00  7.00010E+00
a   2   11  1    1   8.69120E+13
a   2   12  1    1   8.79800E+12
a   2   13  1    1   2.05330E+12
a   2   14  1    1   6.69410E+11
a   2   15  1    1   2.68780E+11
a   2   16  1    1   1.24350E+11
a   2   17  1    1   6.37820E+10
a   2   18  1    1   3.53950E+10
a   2   19  1    1   2.09000E+10
b   3    1  3    2  99  1.24842E-01  8.89260E-01 -1.92308E+01  2.21073E+02  2.00000E+01  5.81400E-01  5.81400E-01
b   3    1  3    3  99  1.33822E-01  1.22628E+00 -2.08019E+01  2.03566E+02  2.00000E+01  1.15100E-01  1.15100E-01
b   3    2  3    3  99  2.73201E-01  6.51902E-02  2.15817E+00 -1.01459E+00  2.74202E+00  8.13700E-01  8.13700E-01
b   3    1  3    4  99  1.36909E-01  1.37940E+00 -2.09766E+01  1.88655E+02  2.00000E+01  4.40500E-02  4.40500E-02
b   3    2  3    4  99  2.84408E-01  4.97396E-01  1.59408E+00 -6.44806E-01  2.16417E+00  1.48500E-01  1.48500E-01
b   3    3  3    4  99  2.63570E-01  1.21119E-01  2.56121E+00 -1.44881E+00  3.37462E+00  1.01900E+00  1.01900E+00
b   3    1  3    5  99  1.57687E-01  1.69716E+00 -2.49555E+01  2.09033E+02  2.00000E+01  1.97900E-02  1.97900E-02
b   3    2  3    5  99  3.17791E-01  7.37394E-01  1.68882E+00 -5.92895E-01  2.14571E+00  5.35200E-02  5.35200E-02
b   3    3  3    5  99  2.87578E-01  6.29059E-01  2.17954E+00 -1.07020E+00  2.95310E+00  1.73900E-01  1.73900E-01
b   3    4  3    5  99  2.46929E-01  2.16920E-01  2.46202E+00 -4.83828E-01  4.09054E+00  1.20600E+00  1.20600E+00
b   3    1  3    6  99  1.61606E-01  1.73759E+00 -2.49453E+01  2.08979E+02  2.00000E+01  1.14900E-02  1.14900E-02
b   3    2  3    6  99  3.25873E-01  8.79937E-01  1.68108E+00 -5.76863E-01  2.12526E+00  2.67600E-02  2.67600E-02
b   3    3  3    6  99  3.04243E-01  9.31560E-01  2.21889E+00 -1.01212E+00  2.97073E+00  6.39400E-02  6.39400E-02
b   3    4  3    6  99  2.79350E-01  7.02309E-01  2.55366E+00 -1.43126E+00  3.54125E+00  2.03100E-01  2.03100E-01
b   3    5  3    6  99  2.28715E-01  2.99250E-01  2.14413E+00 -2.60532E-01  4.09248E+00  1.40900E+00  1.40900E+00
b   3    1  3    7  99  1.59654E-01  1.78341E+00 -2.49733E+01  2.01811E+02  2.00000E+01  7.30600E-03  7.30600E-03
b   3    2  3    7  99  3.31134E-01  9.74465E-01  1.67323E+00 -5.37060E-01  2.12066E+00  1.55800E-02  1.55800E-02
b   3    3  3    7  99  3.13916E-01  1.14423E+00  2.22578E+00 -9.94523E-01  2.94792E+00  3.16900E-02  3.16900E-02
b   3    4  3    7  99  2.96531E-01  1.06927E+00  2.61517E+00 -1.42207E+00  3.55448E+00  7.33600E-02  7.33600E-02
b   3    5  3    7  99  2.63100E-01  8.00755E-01  2.47056E+00 -3.57624E-01  4.29500E+00  2.31700E-01  2.31700E-01
b   3    6  3    7  99  2.16708E-01  3.52817E-01  1.97530E+00 -2.72847E-01  4.08233E+00  1.60400E+00  1.60400E+00
b   3    1  3    8  99  1.61102E-01  1.80188E+00 -2.48977E+01  2.00455E+02  2.00000E+01  4.95100E-03  4.95100E-03
b   3    2  3    8  99  3.35022E-01  1.03986E+00  1.69485E+00 -5.45864E-01  2.14171E+00  9.98000E-03  9.98000E-03
b   3    3  3    8  99  3.20454E-01  1.29645E+00  2.24669E+00 -1.01197E+00  2.94750E+00  1.84200E-02  1.84200E-02
b   3    4  3    8  99  3.07283E-01  1.34226E+00  2.66865E+00 -1.46108E+00  3.57837E+00  3.60500E-02  3.60500E-02
b   3    5  3    8  99  2.78274E-01  1.22870E+00  2.36974E+00 -1.32673E+00  3.56202E+00  8.25500E-02  8.25500E-02
b   3    6  3    8  99  2.49534E-01  8.85834E-01  2.23701E+00 -2.64856E-01  4.26759E+00  2.58800E-01  2.58800E-01
b   3    7  3    8  99  2.06947E-01  3.96752E-01  1.79791E+00 -2.67017E-01  3.99814E+00  1.79800E+00  1.79800E+00
b   3    1  3    9  99  1.63038E-01  1.81235E+00 -2.49300E+01  2.02499E+02  2.00000E+01  3.51600E-03  3.51600E-03
b   3    2  3    9  99  3.37715E-01  1.08881E+00  1.69927E+00 -5.06700E-01  2.16826E+00  6.81900E-03  6.81900E-03
b   3    3  3    9  99  3.24853E-01  1.41223E+00  2.24511E+00 -1.00511E+00  2.93168E+00  1.18100E-02  1.18100E-02
b   3    4  3    9  99  2.98515E-01  1.62700E+00  2.04276E+00 -1.02028E+00  3.01288E+00  2.08700E-02  2.08700E-02
b   3    5  3    9  99  2.89845E-01  1.55111E+00  2.43555E+00 -1.34858E+00  3.61593E+00  4.02500E-02  4.02500E-02
b   3    6  3    9  99  2.68649E-01  1.33054E+00  2.39521E+00 -2.80436E-01  4.38795E+00  9.12400E-02  9.12400E-02
b   3    7  3    9  99  2.39752E-01  9.45453E-01  2.08187E+00 -1.83176E-01  4.29080E+00  2.85600E-01  2.85600E-01
b   3    8  3    9  99  4.31446E-01  8.96584E-01  3.67109E+00 -5.11211E-01  4.01748E+00  9.28500E-01  9.28500E-01
b   3    1  3   10  99  4.39902E-01 -1.20648E-01 -2.07885E+00  2.04108E+01  3.79075E+00  4.84400E-01  4.84400E-01
b   3    1  3   11  99  3.94355E-01 -1.40060E-02 -1.84612E+00  1.74111E+01  3.75757E+00  1.18660E-01  1.18660E-01
b   3    2  3   11  99  4.39902E-01 -1.20648E-01 -2.07885E+00  2.04108E+01  3.79075E+00  5.53600E-01  5.53600E-01
b   3   10  3   11  99  1.24842E-01  8.89260E-01 -1.92308E+01  2.21073E+02  2.00000E+01  1.16280E+00  1.16280E+00
b   3    1  3   12  99  3.91473E-01  1.37210E-02 -1.79493E+00  1.68832E+01  3.73925E+00  4.52000E-02  4.52000E-02
b   3    3  3   12  99  4.39902E-01 -1.20648E-01 -2.07885E+00  2.04108E+01  3.79075E+00  5.53600E-01  5.53600E-01
b   3   10  3   12  99  1.33822E-01  1.22628E+00 -2.08019E+01  2.03566E+02  2.00000E+01  2.30200E-01  2.30200E-01
b   3   11  3   12  99  2.73201E-01  6.51902E-02  2.15817E+00 -1.01459E+00  2.74202E+00  8.13700E-01  8.13700E-01
b   3    1  3   13  99  3.86802E-01  2.94188E-02 -1.78580E+00  1.66338E+01  3.74011E+00  2.20800E-02  2.20800E-02
b   3    4  3   13  99  4.39902E-01 -1.20648E-01 -2.07885E+00  2.04108E+01  3.79075E+00  5.53600E-01  5.53600E-01
b   3   10  3   13  99  1.36909E-01  1.37940E+00 -2.09766E+01  1.88655E+02  2.00000E+01  8.81000E-02  8.81000E-02
b   3   11  3   13  99  2.84408E-01  4.97396E-01  1.59408E+00 -6.44806E-01  2.16417E+00  1.48500E-01  1.48500E-01
b   3   12  3   13  99  2.63570E-01  1.21119E-01  2.56121E+00 -1.44881E+00  3.37462E+00  1.01900E+00  1.01900E+00
b   3    1  3   14  99  4.75808E-01  2.74412E-02 -2.26559E+00  2.07407E+01  3.74286E+00  1.06620E-02  1.06620E-02
b   3    5  3   14  99  4.39902E-01 -1.20648E-01 -2.07885E+00  2.04108E+01  3.79075E+00  5.53600E-01  5.53600E-01
b   3   10  3   14  99  1.57687E-01  1.69716E+00 -2.49555E+01  2.09033E+02  2.00000E+01  3.95800E-02  3.95800E-02
b   3   11  3   14  99  3.17791E-01  7.37394E-01  1.68882E+00 -5.92895E-01  2.14571E+00  5.35200E-02  5.35200E-02
b   3   12  3   14  99  2.87578E-01  6.29059E-01  2.17954E+00 -1.07020E+00  2.95310E+00  1.73900E-01  1.73900E-01
b   3   13  3   14  99  2.46929E-01  2.16920E-01  2.46202E+00 -4.83828E-01  4.09054E+00  1.20600E+00  1.20600E+00
b   3    1  3   15  99  4.74718E-01  2.26264E-02 -2.22804E+00  2.06572E+01  3.74465E+00  6.61200E-03  6.61200E-03
b   3    6  3   15  99  4.39902E-01 -1.20648E-01 -2.07885E+00  2.04108E+01  3.79075E+00  5.53600E-01  5.53600E-01
b   3   10  3   15  99  1.61606E-01  1.73759E+00 -2.49453E+01  2.08979E+02  2.00000E+01  2.29800E-02  2.29800E-02
b   3   11  3   15  99  3.25873E-01  8.79937E-01  1.68108E+00 -5.76863E-01  2.12526E+00  2.67600E-02  2.67600E-02
b   3   12  3   15  99  3.04243E-01  9.31560E-01  2.21889E+00 -1.01212E+00  2.97073E+00  6.39400E-02  6.39400E-02
b   3   13  3   15  99  2.79350E-01  7.02309E-01  2.55366E+00 -1.43126E+00  3.54125E+00  2.03100E-01  2.03100E-01
b   3   14  3   15  99  2.28715E-01  2.99250E-01  2.14413E+00 -2.60532E-01  4.09248E+00  1.40900E+00  1.40900E+00
b   3    1  3   16  99  4.68293E-01  3.29746E-02 -2.20581E+00  2.02439E+01  3.73586E+00  4.38400E-03  4.38400E-03
b   3    7  3   16  99  4.39902E-01 -1.20648E-01 -2.07885E+00  2.04108E+01  3.79075E+00  5.53600E-01  5.53600E-01
b   3   10  3   16  99  1.59654E-01  1.78341E+00 -2.49733E+01  2.01811E+02  2.00000E+01  1.46120E-02  1.46120E-02
b   3   11  3   16  99  3.31134E-01  9.74465E-01  1.67323E+00 -5.37060E-01  2.12066E+00  1.55800E-02  1.55800E-02
b   3   12  3   16  99  3.13916E-01  1.14423E+00  2.22578E+00 -9.94523E-01  2.94792E+00  3.16900E-02  3.16900E-02
b   3   13  3   16  99  2.96531E-01  1.06927E+00  2.61517E+00 -1.42207E+00  3.55448E+00  7.33600E-02  7.33600E-02
b   3   14  3   16  99  2.63100E-01  8.00755E-01  2.47056E+00 -3.57624E-01  4.29500E+00  2.31700E-01  2.31700E-01
b   3   15  3   16  99  2.16708E-01  3.52817E-01  1.97530E+00 -2.72847E-01  4.08233E+00  1.60400E+00  1.60400E+00
b   3    1  3   17  99  4.67175E-01  3.19572E-02 -2.19553E+00  2.02115E+01  3.73784E+00  3.05400E-03  3.05400E-03
b   3    8  3   17  99  4.39902E-01 -1.20648E-01 -2.07885E+00  2.04108E+01  3.79075E+00  5.53600E-01  5.53600E-01
b   3   10  3   17  99  1.61102E-01  1.80188E+00 -2.48977E+01  2.00455E+02  2.00000E+01  9.90200E-03  9.90200E-03
b   3   11  3   17  99  3.35022E-01  1.03986E+00  1.69485E+00 -5.45864E-01  2.14171E+00  9.98000E-03  9.98000E-03
b   3   12  3   17  99  3.20454E-01  1.29645E+00  2.24669E+00 -1.01197E+00  2.94750E+00  1.84200E-02  1.84200E-02
b   3   13  3   17  99  3.07283E-01  1.34226E+00  2.66865E+00 -1.46108E+00  3.57837E+00  3.60500E-02  3.60500E-02
b   3   14  3   17  99  2.78274E-01  1.22870E+00  2.36974E+00 -1.32673E+00  3.56202E+00  8.25500E-02  8.25500E-02
b   3   15  3   17  99  2.49534E-01  8.85834E-01  2.23701E+00 -2.64856E-01  4.26759E+00  2.58800E-01  2.58800E-01
b   3   16  3   17  99  2.06947E-01  3.96752E-01  1.79791E+00 -2.67017E-01  3.99814E+00  1.79800E+00  1.79800E+00
b   3    1  3   18  99  4.64336E-01  3.52014E-02 -2.17734E+00  2.00179E+01  3.73497E+00  2.21000E-03  2.21000E-03
b   3    9  3   18  99  4.39902E-01 -1.20648E-01 -2.07885E+00  2.04108E+01  3.79075E+00  5.53600E-01  5.53600E-01
b   3   10  3   18  99  1.63038E-01  1.81235E+00 -2.49300E+01  2.02499E+02  2.00000E+01  7.03200E-03  7.03200E-03
b   3   11  3   18  99  3.37715E-01  1.08881E+00  1.69927E+00 -5.06700E-01  2.16826E+00  6.81900E-03  6.81900E-03
b   3   12  3   18  99  3.24853E-01  1.41223E+00  2.24511E+00 -1.00511E+00  2.93168E+00  1.18100E-02  1.18100E-02
b   3   13  3   18  99  2.98515E-01  1.62700E+00  2.04276E+00 -1.02028E+00  3.01288E+00  2.08700E-02  2.08700E-02
b   3   14  3   18  99  2.89845E-01  1.55111E+00  2.43555E+00 -1.34858E+00  3.61593E+00  4.02500E-02  4.02500E-02
b   3   15  3   18  99  2.68649E-01  1.33054E+00  2.39521E+00 -2.80436E-01  4.38795E+00  9.12400E-02  9.12400E-02
b   3   16  3   18  99  2.39752E-01  9.45453E-01  2.08187E+00 -1.83176E-01  4.29080E+00  2.85600E-01  2.85600E-01
b   3   17  3   18  99  4.31446E-01  8.96584E-01  3.67109E+00 -5.11211E-01  4.01748E+00  9.28500E-01  9.28500E-01
f   3    1  2    1  99  1.00000E+00  6.12400E+00
p   3    1  2    1  98  1.15880E+00 -2.66390E+00 -1.54460E-02 -6.20270E-03  1.00000E+00  1.38700E+02  1.44200E+02  2.77400E+03
f   3    2  2    1  99  1.00000E+00  6.03200E+00
p   3    2  2    1  99  1.00000E+00  6.03200E+00
f   3    3  2    1  99  1.00000E+00  6.00920E+00
p   3    3  2    1  99  1.00000E+00  6.00920E+00
f   3    4  2    1  99  1.00000E+00  6.00600E+00
p   3    4  2    1  99  1.00000E+00  6.00600E+00
f   3    5  2    1  99  1.00000E+00  6.00600E+00
p   3    5  2    1  99  1.00000E+00  6.00600E+00
f   3    6  2    1  99  1.00000E+00  6.00200E+00
p   3    6  2    1  99  1.00000E+00  6.00200E+00
f   3    7  2    1  99  1.00000E+00  6.00020E+00
p   3    7  2    1  99  1.00000E+00  6.00020E+00
f   3    8  2    1  99  1.00000E+00  6.00020E+00
p   3    8  2    1  99  1.00000E+00  6.00020E+00
f   3    9  2    1  99  1.00000E+00  6.00020E+00
p   3    9  2    1  99  1.00000E+00  6.00020E+00
f   3    1  2    2  99  2.00000E+00  6.12400E+00
p   3    1  2    2  98  2.05780E+00 -2.45140E+00 -2.10840E-01  2.10890E-02  2.00000E+00  6.78500E+02  7.05700E+02  1.35700E+04
f   3   10  2    2  99  2.00000E+00  6.76010E+00
p   3   10  2    2  98  1.15880E+00 -2.66390E+00 -1.54460E-02 -6.20270E-03  1.00000E+00  1.38700E+02  1.44200E+02  2.77400E+03
f   3   11  2    2  99  1.00000E+00  6.11200E+00
p   3   11  2    2  99  1.00000E+00  6.11200E+00
f   3   12  2    2  99  1.00000E+00  6.03240E+00
p   3   12  2    2  99  1.00000E+00  6.03240E+00
f   3   13  2    2  99  1.00000E+00  6.00510E+00
p   3   13  2    2  99  1.00000E+00  6.00510E+00
f   3   14  2    2  99  1.00000E+00  6.01500E+00
p   3   14  2    2  99  1.00000E+00  6.01500E+00
f   3   15  2    2  99  1.00000E+00  6.01100E+00
p   3   15  2    2  99  1.00000E+00  6.01100E+00
f   3   16  2    2  99  1.00000E+00  6.00110E+00
p   3   16  2    2  99  1.00000E+00  6.00110E+00
f   3   17  2    2  99  1.00000E+00  6.00110E+00
p   3   17  2    2  99  1.00000E+00  6.00110E+00
f   3   18  2    2  99  1.00000E+00  6.00020E+00
p   3   18  2    2  99  1.00000E+00  6.00020E+00
f   3    2  2    3  99  2.00000E+00  6.03200E+00
p   3    2  2    3  98  2.05780E+00 -2.45140E+00 -2.10840E-01  2.10890E-02  2.00000E+00  6.78500E+02  7.05700E+02  1.35700E+04
f   3   11  2    3  99  1.00000E+00  6.11200E+00
p   3   11  2    3  98  1.15880E+00 -2.66390E+00 -1.54460E-02 -6.20270E-03  1.00000E+00  1.38700E+02  1.44200E+02  2.77400E+03
f   3    3  2    4  99  2.00000E+00  6.00920E+00
p   3    3  2    4  98  2.05780E+00 -2.45140E+00 -2.10840E-01  2.10890E-02  2.00000E+00  6.78500E+02  7.05700E+02  1.35700E+04
f   3   12  2    4  99  1.00000E+00  6.03240E+00
p   3   12  2    4  98  1.15880E+00 -2.66390E+00 -1.54460E-02 -6.20270E-03  1.00000E+00  1.38700E+02  1.44200E+02  2.77400E+03
f   3    4  2    5  99  2.00000E+00  6.00600E+00
p   3    4  2    5  98  2.05780E+00 -2.45140E+00 -2.10840E-01  2.10890E-02  2.00000E+00  6.78500E+02  7.05700E+02  1.35700E+04
f   3   13  2    5  99  1.00000E+00  6.00510E+00
p   3   13  2    5  98  1.15880E+00 -2.66390E+00 -1.54460E-02 -6.20270E-03  1.00000E+00  1.38700E+02  1.44200E+02  2.77400E+03
f   3    5  2    6  99  2.00000E+00  6.00600E+00
p   3    5  2    6  98  2.05780E+00 -2.45140E+00 -2.10840E-01  2.10890E-02  2.00000E+00  6.78500E+02  7.05700E+02  1.35700E+04
f   3   14  2    6  99  1.00000E+00  6.01500E+00
p   3   14  2    6  98  1.15880E+00 -2.66390E+00 -1.54460E-02 -6.20270E-03  1.00000E+00  1.38700E+02  1.44200E+02  2.77400E+03
f   3    6  2    7  99  2.00000E+00  6.00200E+00
p   3    6  2    7  98  2.05780E+00 -2.45140E+00 -2.10840E-01  2.10890E-02  2.00000E+00  6.78500E+02  7.05700E+02  1.35700E+04
f   3   15  2    7  99  1.00000E+00  6.01100E+00
p   3   15  2    7  98  1.15880E+00 -2.66390E+00 -1.54460E-02 -6.20270E-03  1.00000E+00  1.38700E+02  1.44200E+02  2.77400E+03
f   3    7  2    8  99  2.00000E+00  6.00020E+00
p   3    7  2    8  98  2.05780E+00 -2.45140E+00 -2.10840E-01  2.10890E-02  2.00000E+00  6.78500E+02  7.05700E+02  1.35700E+04
f   3   16  2    8  99  1.00000E+00  6.00110E+00
p   3   16  2    8  98  1.15880E+00 -2.66390E+00 -1.54460E-02 -6.20270E-03  1.00000E+00  1.38700E+02  1.44200E+02  2.77400E+03
f   3    8  2    9  99  2.00000E+00  6.00020E+00
p   3    8  2    9  98  2.05780E+00 -2.45140E+00 -2.10840E-01  2.10890E-02  2.00000E+00  6.78500E+02  7.05700E+02  1.35700E+04
f   3   17  2    9  99  1.00000E+00  6.00110E+00
p   3   17  2    9  98  1.15880E+00 -2.66390E+00 -1.54460E-02 -6.20270E-03  1.00000E+00  1.38700E+02  1.44200E+02  2.77400E+03
f   3    9  2   10  99  2.00000E+00  6.00020E+00
p   3    9  2   10  98  2.05780E+00 -2.45140E+00 -2.10840E-01  2.10890E-02  2.00000E+00  6.78500E+02  7.05700E+02  1.35700E+04
f   3   18  2   10  99  1.00000E+00  6.00020E+00
p   3   18  2   10  98  1.15880E+00 -2.66390E+00 -1.54460E-02 -6.20270E-03  1.00000E+00  1.38700E+02  1.44200E+02  2.77400E+03
f   3   10  2   11  99  1.00000E+00  6.76010E+00
p   3   10  2   11  98  2.05780E+00 -2.45140E+00 -2.10840E-01  2.10890E-02  2.00000E+00  6.78500E+02  7.05700E+02  1.35700E+04
f   3   11  2   12  99  1.00000E+00  6.11200E+00
p   3   11  2   12  98  2.05780E+00 -2.45140E+00 -2.10840E-01  2.10890E-02  2.00000E+00  6.78500E+02  7.05700E+02  1.35700E+04
f   3   12  2   13  99  1.00000E+00  6.03240E+00
p   3   12  2   13  98  2.05780E+00 -2.45140E+00 -2.10840E-01  2.10890E-02  2.00000E+00  6.78500E+02  7.05700E+02  1.35700E+04
f   3   13  2   14  99  1.00000E+00  6.00510E+00
p   3   13  2   14  98  2.05780E+00 -2.45140E+00 -2.10840E-01  2.10890E-02  2.00000E+00  6.78500E+02  7.05700E+02  1.35700E+04
f   3   14  2   15  99  1.00000E+00  6.01500E+00
p   3   14  2   15  98  2.05780E+00 -2.45140E+00 -2.10840E-01  2.10890E-02  2.00000E+00  6.78500E+02  7.05700E+02  1.35700E+04
f   3   15  2   16  99  1.00000E+00  6.01100E+00
p   3   15  2   16  98  2.05780E+00 -2.45140E+00 -2.10840E-01  2.10890E-02  2.00000E+00  6.78500E+02  7.05700E+02  1.35700E+04
f   3   16  2   17  99  1.00000E+00  6.00110E+00
p   3   16  2   17  98  2.05780E+00 -2.45140E+00 -2.10840E-01  2.10890E-02  2.00000E+00  6.78500E+02  7.05700E+02  1.35700E+04
f   3   17  2   18  99  1.00000E+00  6.00110E+00
p   3   17  2   18  98  2.05780E+00 -2.45140E+00 -2.10840E-01  2.10890E-02  2.00000E+00  6.78500E+02  7.05700E+02  1.35700E+04
f   3   18  2   19  99  1.00000E+00  6.00020E+00
p   3   18  2   19  98  2.05780E+00 -2.45140E+00 -2.10840E-01  2.10890E-02  2.00000E+00  6.78500E+02  7.05700E+02  1.35700E+04
a   3   10  2    1   3.12210E+13
a   3   11  2    1   3.10895E+12
a   3   12  2    1   7.13750E+11
a   3   13  2    1   2.29715E+11
a   3   14  2    1   9.15650E+10
a   3   15  2    1   4.23635E+10
a   3   16  2    1   2.17285E+10
a   3   17  2    1   1.20580E+10
a   3   18  2    1   7.12000E+09
b   4    1  4    2  99  1.66704E-01  8.65654E-01 -2.19389E+01  3.12082E+02  2.00000E+01  8.91600E-01  8.91600E-01
b   4    1  4    3  99  1.45553E-01  1.16565E+00 -2.08718E+01  2.25349E+02  2.00000E+01  2.08600E-01  2.08600E-01
b   4    2  4    3  99  2.36651E-01  1.31943E-01  1.85291E+00 -9.32260E-01  2.77869E+00  7.59400E-01  7.59400E-01
b   4    1  4    4  99  1.40154E-01  1.22761E+00 -1.99115E+01  2.02292E+02  2.00000E+01  8.43000E-02  8.43000E-02
b   4    2  4    4  99  2.84837E-01  3.60381E-01  2.12460E+00 -9.74203E-01  2.79625E+00  1.50300E-01  1.50300E-01
b   4    3  4    4  99  2.30470E-01  1.91932E-01  2.14991E+00 -1.21745E+00  3.37000E+00  9.87200E-01  9.87200E-01
b   4    1  4    5  99  1.66258E-01  1.61589E+00 -2.50580E+01  2.34827E+02  2.00000E+01  3.54600E-02  3.54600E-02
b   4    2  4    5  99  3.50975E-01  7.24122E-01  1.90500E+00 -8.03243E-01  2.13632E+00  5.00600E-02  5.00600E-02
b   4    3  4    5  99  3.02217E-01  5.97775E-01  2.78994E+00 -1.54139E+00  3.47969E+00  1.66100E-01  1.66100E-01
b   4    4  4    5  99  2.37217E-01  2.89798E-01  2.25382E+00 -3.56253E-01  4.07960E+00  1.14000E+00  1.14000E+00
b   4    1  4    6  99  1.63426E-01  1.65015E+00 -2.47691E+01  2.24733E+02  2.00000E+01  2.08800E-02  2.08800E-02
b   4    2  4    6  99  3.58894E-01  8.43858E-01  1.88661E+00 -7.62084E-01  2.10375E+00  2.55800E-02  2.55800E-02
b   4    3  4    6  99  3.01500E-01  9.52439E-01  2.20127E+00 -1.12088E+00  2.96306E+00  6.27600E-02  6.27600E-02
b   4    4  4    6  99  2.72153E-01  7.57210E-01  2.56581E+00 -4.18671E-01  4.22951E+00  1.96800E-01  1.96800E-01
b   4    5  4    6  99  2.20126E-01  3.60831E-01  1.98937E+00 -2.53941E-01  4.07844E+00  1.36700E+00  1.36700E+00
b   4    1  4    7  99  1.64726E-01  1.66045E+00 -2.46549E+01  2.24672E+02  2.00000E+01  1.33900E-02  1.33900E-02
b   4    2  4    7  99  3.63891E-01  9.22124E-01  1.89360E+00 -7.14118E-01  2.12916E+00  1.50800E-02  1.50800E-02
b   4    3  4    7  99  3.11079E-01  1.13965E+00  2.22722E+00 -1.07653E+00  2.98090E+00  3.15900E-02  3.15900E-02
b   4    4  4    7  99  2.86772E-01  1.11848E+00  2.48377E+00 -1.38932E+00  3.55517E+00  7.22800E-02  7.22800E-02
b   4    5  4    7  99  2.51726E-01  8.69875E-01  2.25231E+00 -2.44706E-01  4.25976E+00  2.27200E-01  2.27200E-01
b   4    6  4    7  99  2.08693E-01  4.13093E-01  1.80567E+00 -2.86670E-01  4.00396E+00  1.57100E+00  1.57100E+00
b   4    1  4    8  99  1.65319E-01  1.66856E+00 -2.46235E+01  2.25233E+02  2.00000E+01  9.12800E-03  9.12800E-03
b   4    2  4    8  99  3.66979E-01  9.78008E-01  1.89373E+00 -7.01142E-01  2.12713E+00  9.73600E-03  9.73600E-03
b   4    3  4    8  99  3.17067E-01  1.27345E+00  2.23861E+00 -1.07719E+00  2.96553E+00  1.85500E-02  1.85500E-02
b   4    4  4    8  99  2.97411E-01  1.37183E+00  2.53213E+00 -1.40750E+00  3.56063E+00  3.59100E-02  3.59100E-02
b   4    5  4    8  99  2.69044E-01  1.26879E+00  2.38405E+00 -2.59083E-01  4.33938E+00  8.17600E-02  8.17600E-02
b   4    6  4    8  99  2.39657E-01  9.51133E-01  2.06160E+00 -1.35943E-01  4.29024E+00  2.54700E-01  2.54700E-01
b   4    7  4    8  99  2.00998E-01  4.46878E-01  1.69713E+00 -2.29212E-01  4.03119E+00  1.77200E+00  1.77200E+00
b   4    1  4    9  99  1.62580E-01  1.68524E+00 -2.44192E+01  2.17298E+02  2.00000E+01  6.50600E-03  6.50600E-03
b   4    2  4    9  99  3.70419E-01  1.01362E+00  1.93554E+00 -6.79842E-01  2.18868E+00  6.68700E-03  6.68700E-03
b   4    3  4    9  99  3.21782E-01  1.37077E+00  2.27177E+00 -1.05834E+00  3.00508E+00  1.19700E-02  1.19700E-02
b   4    4  4    9  99  3.04659E-01  1.56143E+00  2.57729E+00 -1.38544E+00  3.60643E+00  2.09500E-02  2.09500E-02
b   4    5  4    9  99  2.79440E-01  1.57952E+00  2.43710E+00 -2.28133E-01  4.38554E+00  4.01500E-02  4.01500E-02
b   4    6  4    9  99  2.57444E-01  1.39307E+00  2.19177E+00 -1.93341E-01  4.36247E+00  9.03100E-02  9.03100E-02
b   4    7  4    9  99  2.31502E-01  1.00502E+00  1.91041E+00 -1.41089E-01  4.22018E+00  2.82000E-01  2.82000E-01
b   4    8  4    9  99  3.36391E-01  7.91944E-01  2.78467E+00 -4.15059E-01  4.03023E+00  1.14900E+00  1.14900E+00
b   4    1  4   10  98  0.00000E+00  0.00000E+00  0.00000E+00  0.00000E+00  0.00000E+00  2.91303E-03  5.82606E-05
b   4    2  4   10  99  1.66704E-01  8.65654E-01 -2.19389E+01  3.12082E+02  2.00000E+01  4.21033E-01  4.21033E-01
b   4    1  4   11  98  0.00000E+00  0.00000E+00  0.00000E+00  0.00000E+00  0.00000E+00  4.54527E-03  9.09054E-05
b   4    2  4   11  99  1.45553E-01  1.16565E+00 -2.08718E+01  2.25349E+02  2.00000E+01  1.04300E-01  1.04300E-01
b   4    3  4   11  99  1.66704E-01  8.65654E-01 -2.19389E+01  3.12082E+02  2.00000E+01  4.45800E-01  4.45800E-01
b   4   10  4   11  99  2.36651E-01  1.31943E-01  1.85291E+00 -9.32260E-01  2.77869E+00  1.51880E+00  1.51880E+00
b   4    1  4   12  98  0.00000E+00  0.00000E+00  0.00000E+00  0.00000E+00  0.00000E+00  6.53320E-03  1.30664E-04
b   4    2  4   12  99  1.40154E-01  1.22761E+00 -1.99115E+01  2.02292E+02  2.00000E+01  4.21500E-02  4.21500E-02
b   4    4  4   12  99  1.66704E-01  8.65654E-01 -2.19389E+01  3.12082E+02  2.00000E+01  4.45800E-01  4.45800E-01
b   4   10  4   12  99  2.84837E-01  3.60381E-01  2.12460E+00 -9.74203E-01  2.79625E+00  3.00600E-01  3.00600E-01
b   4   11  4   12  99  2.30470E-01  1.91932E-01  2.14991E+00 -1.21745E+00  3.37000E+00  9.87200E-01  9.87200E-01
b   4    1  4   13  98  0.00000E+00  0.00000E+00  0.00000E+00  0.00000E+00  0.00000E+00  9.00666E-03  1.80133E-04
b   4    2  4   13  99  1.66258E-01  1.61589E+00 -2.50580E+01  2.34827E+02  2.00000E+01  1.77300E-02  1.77300E-02
b   4    5  4   13  99  1.66704E-01  8.65654E-01 -2.19389E+01  3.12082E+02  2.00000E+01  4.45800E-01  4.45800E-01
b   4   10  4   13  99  3.50975E-01  7.24122E-01  1.90500E+00 -8.03243E-01  2.13632E+00  1.00120E-01  1.00120E-01
b   4   11  4   13  99  3.02217E-01  5.97775E-01  2.78994E+00 -1.54139E+00  3.47969E+00  1.66100E-01  1.66100E-01
b   4   12  4   13  99  2.37217E-01  2.89798E-01  2.25382E+00 -3.56253E-01  4.07960E+00  1.14000E+00  1.14000E+00
b   4    1  4   14  98  0.00000E+00  0.00000E+00  0.00000E+00  0.00000E+00  0.00000E+00  1.19352E-02  2.38704E-04
b   4    2  4   14  99  1.63426E-01  1.65015E+00 -2.47691E+01  2.24733E+02  2.00000E+01  1.04400E-02  1.04400E-02
b   4    6  4   14  99  1.66704E-01  8.65654E-01 -2.19389E+01  3.12082E+02  2.00000E+01  4.45800E-01  4.45800E-01
b   4   10  4   14  99  3.58894E-01  8.43858E-01  1.88661E+00 -7.62084E-01  2.10375E+00  5.11600E-02  5.11600E-02
b   4   11  4   14  99  3.01500E-01  9.52439E-01  2.20127E+00 -1.12088E+00  2.96306E+00  6.27600E-02  6.27600E-02
b   4   12  4   14  99  2.72153E-01  7.57210E-01  2.56581E+00 -4.18671E-01  4.22951E+00  1.96800E-01  1.96800E-01
b   4   13  4   14  99  2.20126E-01  3.60831E-01  1.98937E+00 -2.53941E-01  4.07844E+00  1.36700E+00  1.36700E+00
b   4    1  4   15  98  0.00000E+00  0.00000E+00  0.00000E+00  0.00000E+00  0.00000E+00  1.53186E-02  3.06373E-04
b   4    2  4   15  99  1.64726E-01  1.66045E+00 -2.46549E+01  2.24672E+02  2.00000E+01  6.69500E-03  6.69500E-03
b   4    7  4   15  99  1.66704E-01  8.65654E-01 -2.19389E+01  3.12082E+02  2.00000E+01  4.45800E-01  4.45800E-01
b   4   10  4   15  99  3.63891E-01  9.22124E-01  1.89360E+00 -7.14118E-01  2.12916E+00  3.01600E-02  3.01600E-02
b   4   11  4   15  99  3.11079E-01  1.13965E+00  2.22722E+00 -1.07653E+00  2.98090E+00  3.15900E-02  3.15900E-02
b   4   12  4   15  99  2.86772E-01  1.11848E+00  2.48377E+00 -1.38932E+00  3.55517E+00  7.22800E-02  7.22800E-02
b   4   13  4   15  99  2.51726E-01  8.69875E-01  2.25231E+00 -2.44706E-01  4.25976E+00  2.27200E-01  2.27200E-01
b   4   14  4   15  99  2.08693E-01  4.13093E-01  1.80567E+00 -2.86670E-01  4.00396E+00  1.57100E+00  1.57100E+00
b   4    1  4   16  98  0.00000E+00  0.00000E+00  0.00000E+00  0.00000E+00  0.00000E+00  1.91658E-02  3.83316E-04
b   4    2  4   16  99  1.65319E-01  1.66856E+00 -2.46235E+01  2.25233E+02  2.00000E+01  4.56400E-03  4.56400E-03
b   4    8  4   16  99  1.66704E-01  8.65654E-01 -2.19389E+01  3.12082E+02  2.00000E+01  4.45800E-01  4.45800E-01
b   4   10  4   16  99  3.66979E-01  9.78008E-01  1.89373E+00 -7.01142E-01  2.12713E+00  1.94720E-02  1.94720E-02
b   4   11  4   16  99  3.17067E-01  1.27345E+00  2.23861E+00 -1.07719E+00  2.96553E+00  1.85500E-02  1.85500E-02
b   4   12  4   16  99  2.97411E-01  1.37183E+00  2.53213E+00 -1.40750E+00  3.56063E+00  3.59100E-02  3.59100E-02
b   4   13  4   16  99  2.69044E-01  1.26879E+00  2.38405E+00 -2.59083E-01  4.33938E+00  8.17600E-02  8.17600E-02
b   4   14  4   16  99  2.39657E-01  9.51133E-01  2.06160E+00 -1.35943E-01  4.29024E+00  2.54700E-01  2.54700E-01
b   4   15  4   16  99  2.00998E-01  4.46878E-01  1.69713E+00 -2.29212E-01  4.03119E+00  1.77200E+00  1.77200E+00
b   4    1  4   17  98  0.00000E+00  0.00000E+00  0.00000E+00  0.00000E+00  0.00000E+00  2.34702E-02  4.69405E-04
b   4    2  4   17  99  1.62580E-01  1.68524E+00 -2.44192E+01  2.17298E+02  2.00000E+01  3.25300E-03  3.25300E-03
b   4    9  4   17  99  1.66704E-01  8.65654E-01 -2.19389E+01  3.12082E+02  2.00000E+01  4.45800E-01  4.45800E-01
b   4   10  4   17  99  3.70419E-01  1.01362E+00  1.93554E+00 -6.79842E-01  2.18868E+00  1.33740E-02  1.33740E-02
b   4   11  4   17  99  3.21782E-01  1.37077E+00  2.27177E+00 -1.05834E+00  3.00508E+00  1.19700E-02  1.19700E-02
b   4   12  4   17  99  3.04659E-01  1.56143E+00  2.57729E+00 -1.38544E+00  3.60643E+00  2.09500E-02  2.09500E-02
b   4   13  4   17  99  2.79440E-01  1.57952E+00  2.43710E+00 -2.28133E-01  4.38554E+00  4.01500E-02  4.01500E-02
b   4   14  4   17  99  2.57444E-01  1.39307E+00  2.19177E+00 -1.93341E-01  4.36247E+00  9.03100E-02  9.03100E-02
b   4   15  4   17  99  2.31502E-01  1.00502E+00  1.91041E+00 -1.41089E-01  4.22018E+00  2.82000E-01  2.82000E-01
b   4   16  4   17  99  3.36391E-01  7.91944E-01  2.78467E+00 -4.15059E-01  4.03023E+00  1.14900E+00  1.14900E+00
b   4    1  4   18  99  4.56421E-01 -1.30352E-01 -2.14542E+00  2.11862E+01  3.79100E+00  3.68700E-01  3.68700E-01
b   4    1  4   19  99  4.07546E-01 -3.18664E-02 -1.90134E+00  1.80863E+01  3.75860E+00  9.51600E-02  9.51600E-02
b   4    2  4   19  99  4.56421E-01 -1.30352E-01 -2.14542E+00  2.11862E+01  3.79100E+00  4.30150E-01  4.30150E-01
b   4   18  4   19  99  1.66704E-01  8.65654E-01 -2.19389E+01  3.12082E+02  2.00000E+01  1.33740E+00  1.33740E+00
b   4    1  4   20  99  4.05710E-01 -7.24565E-03 -1.88240E+00  1.77611E+01  3.74880E+00  3.57800E-02  3.57800E-02
b   4    3  4   20  99  4.56421E-01 -1.30352E-01 -2.14542E+00  2.11862E+01  3.79100E+00  4.30150E-01  4.30150E-01
b   4   18  4   20  99  1.45553E-01  1.16565E+00 -2.08718E+01  2.25349E+02  2.00000E+01  3.12900E-01  3.12900E-01
b   4   19  4   20  99  2.36651E-01  1.31943E-01  1.85291E+00 -9.32260E-01  2.77869E+00  7.59400E-01  7.59400E-01
b   4    1  4   21  99  3.99554E-01  3.41286E-03 -1.84179E+00  1.73491E+01  3.74356E+00  1.73800E-02  1.73800E-02
b   4    4  4   21  99  4.56421E-01 -1.30352E-01 -2.14542E+00  2.11862E+01  3.79100E+00  4.30150E-01  4.30150E-01
b   4   18  4   21  99  1.40154E-01  1.22761E+00 -1.99115E+01  2.02292E+02  2.00000E+01  1.26450E-01  1.26450E-01
b   4   19  4   21  99  2.84837E-01  3.60381E-01  2.12460E+00 -9.74203E-01  2.79625E+00  1.50300E-01  1.50300E-01
b   4   20  4   21  99  2.30470E-01  1.91932E-01  2.14991E+00 -1.21745E+00  3.37000E+00  9.87200E-01  9.87200E-01
b   4    1  4   22  99  4.89695E-01 -1.19724E-02 -2.30190E+00  2.15289E+01  3.74761E+00  8.35000E-03  8.35000E-03
b   4    5  4   22  99  4.56421E-01 -1.30352E-01 -2.14542E+00  2.11862E+01  3.79100E+00  4.30150E-01  4.30150E-01
b   4   18  4   22  99  1.66258E-01  1.61589E+00 -2.50580E+01  2.34827E+02  2.00000E+01  5.31900E-02  5.31900E-02
b   4   19  4   22  99  3.50975E-01  7.24122E-01  1.90500E+00 -8.03243E-01  2.13632E+00  5.00600E-02  5.00600E-02
b   4   20  4   22  99  3.02217E-01  5.97775E-01  2.78994E+00 -1.54139E+00  3.47969E+00  1.66100E-01  1.66100E-01
b   4   21  4   22  99  2.37217E-01  2.89798E-01  2.25382E+00 -3.56253E-01  4.07960E+00  1.14000E+00  1.14000E+00
b   4    1  4   23  99  4.83620E-01 -9.02512E-03 -2.26367E+00  2.11922E+01  3.74515E+00  5.16200E-03  5.16200E-03
b   4    6  4   23  99  4.56421E-01 -1.30352E-01 -2.14542E+00  2.11862E+01  3.79100E+00  4.30150E-01  4.30150E-01
b   4   18  4   23  99  1.63426E-01  1.65015E+00 -2.47691E+01  2.24733E+02  2.00000E+01  3.13200E-02  3.13200E-02
b   4   19  4   23  99  3.58894E-01  8.43858E-01  1.88661E+00 -7.62084E-01  2.10375E+00  2.55800E-02  2.55800E-02
b   4   20  4   23  99  3.01500E-01  9.52439E-01  2.20127E+00 -1.12088E+00  2.96306E+00  6.27600E-02  6.27600E-02
b   4   21  4   23  99  2.72153E-01  7.57210E-01  2.56581E+00 -4.18671E-01  4.22951E+00  1.96800E-01  1.96800E-01
b   4   22  4   23  99  2.20126E-01  3.60831E-01  1.98937E+00 -2.53941E-01  4.07844E+00  1.36700E+00  1.36700E+00
b   4    1  4   24  99  4.79509E-01 -6.72938E-03 -2.25064E+00  2.10451E+01  3.74821E+00  3.41400E-03  3.41400E-03
b   4    7  4   24  99  4.56421E-01 -1.30352E-01 -2.14542E+00  2.11862E+01  3.79100E+00  4.30150E-01  4.30150E-01
b   4   18  4   24  99  1.64726E-01  1.66045E+00 -2.46549E+01  2.24672E+02  2.00000E+01  2.00850E-02  2.00850E-02
b   4   19  4   24  99  3.63891E-01  9.22124E-01  1.89360E+00 -7.14118E-01  2.12916E+00  1.50800E-02  1.50800E-02
b   4   20  4   24  99  3.11079E-01  1.13965E+00  2.22722E+00 -1.07653E+00  2.98090E+00  3.15900E-02  3.15900E-02
b   4   21  4   24  99  2.86772E-01  1.11848E+00  2.48377E+00 -1.38932E+00  3.55517E+00  7.22800E-02  7.22800E-02
b   4   22  4   24  99  2.51726E-01  8.69875E-01  2.25231E+00 -2.44706E-01  4.25976E+00  2.27200E-01  2.27200E-01
b   4   23  4   24  99  2.08693E-01  4.13093E-01  1.80567E+00 -2.86670E-01  4.00396E+00  1.57100E+00  1.57100E+00
b   4    1  4   25  99  4.77623E-01 -8.09841E-03 -2.23418E+00  2.09479E+01  3.74678E+00  2.37400E-03  2.37400E-03
b   4    8  4   25  99  4.56421E-01 -1.30352E-01 -2.14542E+00  2.11862E+01  3.79100E+00  4.30150E-01  4.30150E-01
b   4   18  4   25  99  1.65319E-01  1.66856E+00 -2.46235E+01  2.25233E+02  2.00000E+01  1.36920E-02  1.36920E-02
b   4   19  4   25  99  3.66979E-01  9.78008E-01  1.89373E+00 -7.01142E-01  2.12713E+00  9.73600E-03  9.73600E-03
b   4   20  4   25  99  3.17067E-01  1.27345E+00  2.23861E+00 -1.07719E+00  2.96553E+00  1.85500E-02  1.85500E-02
b   4   21  4   25  99  2.97411E-01  1.37183E+00  2.53213E+00 -1.40750E+00  3.56063E+00  3.59100E-02  3.59100E-02
b   4   22  4   25  99  2.69044E-01  1.26879E+00  2.38405E+00 -2.59083E-01  4.33938E+00  8.17600E-02  8.17600E-02
b   4   23  4   25  99  2.39657E-01  9.51133E-01  2.06160E+00 -1.35943E-01  4.29024E+00  2.54700E-01  2.54700E-01
b   4   24  4   25  99  2.00998E-01  4.46878E-01  1.69713E+00 -2.29212E-01  4.03119E+00  1.77200E+00  1.77200E+00
b   4    1  4   26  99  4.75407E-01 -7.15519E-03 -2.22585E+00  2.08610E+01  3.74810E+00  1.71520E-03  1.71520E-03
b   4    9  4   26  99  4.56421E-01 -1.30352E-01 -2.14542E+00  2.11862E+01  3.79100E+00  4.30150E-01  4.30150E-01
b   4   18  4   26  99  1.62580E-01  1.68524E+00 -2.44192E+01  2.17298E+02  2.00000E+01  9.75900E-03  9.75900E-03
b   4   19  4   26  99  3.70419E-01  1.01362E+00  1.93554E+00 -6.79842E-01  2.18868E+00  6.68700E-03  6.68700E-03
b   4   20  4   26  99  3.21782E-01  1.37077E+00  2.27177E+00 -1.05834E+00  3.00508E+00  1.19700E-02  1.19700E-02
b   4   21  4   26  99  3.04659E-01  1.56143E+00  2.57729E+00 -1.38544E+00  3.60643E+00  2.09500E-02  2.09500E-02
b   4   22  4   26  99  2.79440E-01  1.57952E+00  2.43710E+00 -2.28133E-01  4.38554E+00  4.01500E-02  4.01500E-02
b   4   23  4   26  99  2.57444E-01  1.39307E+00  2.19177E+00 -1.93341E-01  4.36247E+00  9.03100E-02  9.03100E-02
b   4   24  4   26  99  2.31502E-01  1.00502E+00  1.91041E+00 -1.41089E-01  4.22018E+00  2.82000E-01  2.82000E-01
b   4   25  4   26  99  3.36391E-01  7.91944E-01  2.78467E+00 -4.15059E-01  4.03023E+00  1.14900E+00  1.14900E+00
f   4    1  3    1  99  2.00000E+00  5.82210E+00
p   4    1  3    1  98  1.29110E+00 -2.50290E+00 -5.67410E-02 -3.24930E-03  2.00000E+00  1.09200E+02  1.13500E+02  2.18400E+03
f   4    2  3    1  99  1.00000E+00  5.12800E+00
p   4    2  3    1  99  1.00000E+00  5.12800E+00
f   4    3  3    1  99  1.00000E+00  5.03700E+00
p   4    3  3    1  99  1.00000E+00  5.03700E+00
f   4    4  3    1  99  1.00000E+00  5.00810E+00
p   4    4  3    1  99  1.00000E+00  5.00810E+00
f   4    5  3    1  99  1.00000E+00  5.01800E+00
p   4    5  3    1  99  1.00000E+00  5.01800E+00
f   4    6  3    1  99  1.00000E+00  5.01200E+00
p   4    6  3    1  99  1.00000E+00  5.01200E+00
f   4    7  3    1  99  1.00000E+00  5.00120E+00
p   4    7  3    1  99  1.00000E+00  5.00120E+00
f   4    8  3    1  99  1.00000E+00  5.00120E+00
p   4    8  3    1  99  1.00000E+00  5.00120E+00
f   4    9  3    1  99  1.00000E+00  5.00030E+00
p   4    9  3    1  99  1.00000E+00  5.00030E+00
f   4    2  3    2  99  1.00000E+00  5.12800E+00
p   4    2  3    2  98  1.29110E+00 -2.50290E+00 -5.67410E-02 -3.24930E-03  2.00000E+00  1.09200E+02  1.13500E+02  2.18400E+03
f   4   10  3    2  99  2.00000E+00  5.69200E+00
p   4   10  3    2  99  2.00000E+00  5.69200E+00
f   4   11  3    2  99  1.00000E+00  5.09370E+00
p   4   11  3    2  99  1.00000E+00  5.09370E+00
f   4   12  3    2  99  1.00000E+00  5.02640E+00
p   4   12  3    2  99  1.00000E+00  5.02640E+00
f   4   13  3    2  99  1.00000E+00  5.02400E+00
p   4   13  3    2  99  1.00000E+00  5.02400E+00
f   4   14  3    2  99  1.00000E+00  5.01600E+00
p   4   14  3    2  99  1.00000E+00  5.01600E+00
f   4   15  3    2  99  1.00000E+00  5.01020E+00
p   4   15  3    2  99  1.00000E+00  5.01020E+00
f   4   16  3    2  99  1.00000E+00  5.00820E+00
p   4   16  3    2  99  1.00000E+00  5.00820E+00
f   4   17  3    2  99  1.00000E+00  5.00030E+00
p   4   17  3    2  99  1.00000E+00  5.00030E+00
f   4    3  3    3  99  1.00000E+00  5.03700E+00
p   4    3  3    3  98  1.29110E+00 -2.50290E+00 -5.67410E-02 -3.24930E-03  2.00000E+00  1.09200E+02  1.13500E+02  2.18400E+03
f   4   11  3    3  99  1.00000E+00  5.09370E+00
p   4   11  3    3  99  1.00000E+00  5.09370E+00
f   4    4  3    4  99  1.00000E+00  5.00810E+00
p   4    4  3    4  98  1.29110E+00 -2.50290E+00 -5.67410E-02 -3.24930E-03  2.00000E+00  1.09200E+02  1.13500E+02  2.18400E+03
f   4   12  3    4  99  1.00000E+00  5.02640E+00
p   4   12  3    4  99  1.00000E+00  5.02640E+00
f   4    5  3    5  99  1.00000E+00  5.01800E+00
p   4    5  3    5  98  1.29110E+00 -2.50290E+00 -5.67410E-02 -3.24930E-03  2.00000E+00  1.09200E+02  1.13500E+02  2.18400E+03
f   4   13  3    5  99  1.00000E+00  5.02400E+00
p   4   13  3    5  99  1.00000E+00  5.02400E+00
f   4    6  3    6  99  1.00000E+00  5.01200E+00
p   4    6  3    6  98  1.29110E+00 -2.50290E+00 -5.67410E-02 -3.24930E-03  2.00000E+00  1.09200E+02  1.13500E+02  2.18400E+03
f   4   14  3    6  99  1.00000E+00  5.01600E+00
p   4   14  3    6  99  1.00000E+00  5.01600E+00
f   4    7  3    7  99  1.00000E+00  5.00120E+00
p   4    7  3    7  98  1.29110E+00 -2.50290E+00 -5.67410E-02 -3.24930E-03  2.00000E+00  1.09200E+02  1.13500E+02  2.18400E+03
f   4   15  3    7  99  1.00000E+00  5.01020E+00
p   4   15  3    7  99  1.00000E+00  5.01020E+00
f   4    8  3    8  99  1.00000E+00  5.00120E+00
p   4    8  3    8  98  1.29110E+00 -2.50290E+00 -5.67410E-02 -3.24930E-03  2.00000E+00  1.09200E+02  1.13500E+02  2.18400E+03
f   4   16  3    8  99  1.00000E+00  5.00820E+00
p   4   16  3    8  99  1.00000E+00  5.00820E+00
f   4    9  3    9  99  1.00000E+00  5.00030E+00
p   4    9  3    9  98  1.29110E+00 -2.50290E+00 -5.67410E-02 -3.24930E-03  2.00000E+00  1.09200E+02  1.13500E+02  2.18400E+03
f   4   17  3    9  99  1.00000E+00  5.00030E+00
p   4   17  3    9  99  1.00000E+00  5.00030E+00
f   4    1  3   10  99  2.00000E+00  5.82210E+00
p   4    1  3   10  98  2.13830E+00 -2.46130E+00 -1.89120E-01  1.61540E-02  2.00000E+00  6.43100E+02  6.68900E+02  1.28600E+04
f   4   18  3   10  99  3.00000E+00  6.45820E+00
p   4   18  3   10  98  1.29110E+00 -2.50290E+00 -5.67410E-02 -3.24930E-03  2.00000E+00  1.09200E+02  1.13500E+02  2.18400E+03
f   4   19  3   10  99  1.00000E+00  5.20800E+00
p   4   19  3   10  99  1.00000E+00  5.20800E+00
f   4   20  3   10  99  1.00000E+00  5.06020E+00
p   4   20  3   10  99  1.00000E+00  5.06020E+00
f   4   21  3   10  99  1.00000E+00  5.00720E+00
p   4   21  3   10  99  1.00000E+00  5.00720E+00
f   4   22  3   10  99  1.00000E+00  5.02700E+00
p   4   22  3   10  99  1.00000E+00  5.02700E+00
f   4   23  3   10  99  1.00000E+00  5.02100E+00
p   4   23  3   10  99  1.00000E+00  5.02100E+00
f   4   24  3   10  99  1.00000E+00  5.00210E+00
p   4   24  3   10  99  1.00000E+00  5.00210E+00
f   4   25  3   10  99  1.00000E+00  5.00210E+00
p   4   25  3   10  99  1.00000E+00  5.00210E+00
f   4   26  3   10  99  1.00000E+00  5.00030E+00
p   4   26  3   10  99  1.00000E+00  5.00030E+00
f   4    2  3   11  99  2.00000E+00  5.12800E+00
p   4    2  3   11  98  2.13830E+00 -2.46130E+00 -1.89120E-01  1.61540E-02  2.00000E+00  6.43100E+02  6.68900E+02  1.28600E+04
f   4   19  3   11  99  2.00000E+00  5.20800E+00
p   4   19  3   11  98  1.29110E+00 -2.50290E+00 -5.67410E-02 -3.24930E-03  2.00000E+00  1.09200E+02  1.13500E+02  2.18400E+03
f   4    3  3   12  99  2.00000E+00  5.03700E+00
p   4    3  3   12  98  2.13830E+00 -2.46130E+00 -1.89120E-01  1.61540E-02  2.00000E+00  6.43100E+02  6.68900E+02  1.28600E+04
f   4   20  3   12  99  2.00000E+00  5.06020E+00
p   4   20  3   12  98  1.29110E+00 -2.50290E+00 -5.67410E-02 -3.24930E-03  2.00000E+00  1.09200E+02  1.13500E+02  2.18400E+03
f   4    4  3   13  99  2.00000E+00  5.00810E+00
p   4    4  3   13  98  2.13830E+00 -2.46130E+00 -1.89120E-01  1.61540E-02  2.00000E+00  6.43100E+02  6.68900E+02  1.28600E+04
f   4   21  3   13  99  2.00000E+00  5.00720E+00
p   4   21  3   13  98  1.29110E+00 -2.50290E+00 -5.67410E-02 -3.24930E-03  2.00000E+00  1.09200E+02  1.13500E+02  2.18400E+03
f   4    5  3   14  99  2.00000E+00  5.01800E+00
p   4    5  3   14  98  2.13830E+00 -2.46130E+00 -1.89120E-01  1.61540E-02  2.00000E+00  6.43100E+02  6.68900E+02  1.28600E+04
f   4   22  3   14  99  2.00000E+00  5.02700E+00
p   4   22  3   14  98  1.29110E+00 -2.50290E+00 -5.67410E-02 -3.24930E-03  2.00000E+00  1.09200E+02  1.13500E+02  2.18400E+03
f   4    6  3   15  99  2.00000E+00  5.01200E+00
p   4    6  3   15  98  2.13830E+00 -2.46130E+00 -1.89120E-01  1.61540E-02  2.00000E+00  6.43100E+02  6.68900E+02  1.28600E+04
f   4   23  3   15  99  2.00000E+00  5.02100E+00
p   4   23  3   15  98  1.29110E+00 -2.50290E+00 -5.67410E-02 -3.24930E-03  2.00000E+00  1.09200E+02  1.13500E+02  2.18400E+03
f   4    7  3   16  99  2.00000E+00  5.00120E+00
p   4    7  3   16  98  2.13830E+00 -2.46130E+00 -1.89120E-01  1.61540E-02  2.00000E+00  6.43100E+02  6.68900E+02  1.28600E+04
f   4   24  3   16  99  2.00000E+00  5.00210E+00
p   4   24  3   16  98  1.29110E+00 -2.50290E+00 -5.67410E-02 -3.24930E-03  2.00000E+00  1.09200E+02  1.13500E+02  2.18400E+03
f   4    8  3   17  99  2.00000E+00  5.00120E+00
p   4    8  3   17  98  2.13830E+00 -2.46130E+00 -1.89120E-01  1.61540E-02  2.00000E+00  6.43100E+02  6.68900E+02  1.28600E+04
f   4   25  3   17  99  2.00000E+00  5.00210E+00
p   4   25  3   17  98  1.29110E+00 -2.50290E+00 -5.67410E-02 -3.24930E-03  2.00000E+00  1.09200E+02  1.13500E+02  2.18400E+03
f   4    9  3   18  99  2.00000E+00  5.00030E+00
p   4    9  3   18  98  2.13830E+00 -2.46130E+00 -1.89120E-01  1.61540E-02  2.00000E+00  6.43100E+02  6.68900E+02  1.28600E+04
f   4   26  3   18  99  2.00000E+00  5.00030E+00
p   4   26  3   18  98  1.29110E+00 -2.50290E+00 -5.67410E-02 -3.24930E-03  2.00000E+00  1.09200E+02  1.13500E+02  2.18400E+03
a   4   10  3    1   1.88778E+14
a   4   11  3    1   3.79350E+13
a   4   12  3    1   1.23108E+13
a   4   13  3    1   4.97400E+12
a   4   14  3    1   2.30124E+12
a   4   15  3    1   1.18032E+12
a   4   16  3    1   6.54990E+11
a   4   17  3    1   3.86760E+11
a   4   18  3    1   7.89360E+13
a   4   19  3    1   4.38010E+12
a   4   20  3    1   9.67380E+11
a   4   21  3    1   3.08260E+11
a   4   22  3    1   1.21720E+11
a   4   23  3    1   5.63160E+10
a   4   24  3    1   2.88850E+10
a   4   25  3    1   1.60290E+10
a   4   26  3    1   9.46490E+09
a   4   19  3    2   2.63120E+13
a   4   20  3    3   2.63120E+13
a   4   21  3    4   2.63120E+13
a   4   22  3    5   2.63120E+13
a   4   23  3    6   2.63120E+13
a   4   24  3    7   2.63120E+13
a   4   25  3    8   2.63120E+13
a   4   26  3    9   2.63120E+13
b   5    1  5    2  99  3.40464E-01  2.31012E-02  1.96356E+00 -5.89566E-01  2.06650E+00  9.51600E-01  9.51600E-01
b   5    1  5    3  99  1.88552E-01  1.05024E+00 -2.32367E+01  3.27945E+02  2.00000E+01  2.66940E-01  2.66940E-01
b   5    2  5    3  99  2.19309E-01  1.32697E-01  2.08878E+00 -1.16699E+00  3.37479E+00  7.04300E-01  7.04300E-01
b   5    1  5    4  99  1.55026E-01  1.13734E+00 -2.03883E+01  2.38278E+02  2.00000E+01  1.14750E-01  1.14750E-01
b   5    2  5    4  99  2.58049E-01  3.95376E-01  1.91618E+00 -9.69943E-01  2.83554E+00  1.46200E-01  1.46200E-01
b   5    3  5    4  99  2.12001E-01  2.53143E-01  1.99997E+00 -3.45788E-01  4.05556E+00  9.53400E-01  9.53400E-01
b   5    1  5    5  99  1.84404E-01  1.51761E+00 -2.60967E+01  2.80204E+02  2.00000E+01  4.79100E-02  4.79100E-02
b   5    2  5    5  99  3.90564E-01  6.39091E-01  2.88781E+00 -1.36403E+00  2.83596E+00  4.65900E-02  4.65900E-02
b   5    3  5    5  99  2.86497E-01  6.96533E-01  2.58384E+00 -1.41006E+00  3.53791E+00  1.57700E-01  1.57700E-01
b   5    4  5    5  99  2.24740E-01  3.71744E-01  2.02258E+00 -2.85026E-01  4.07756E+00  1.10800E+00  1.10800E+00
b   5    1  5    6  99  1.81209E-01  1.52642E+00 -2.57216E+01  2.72232E+02  2.00000E+01  2.86290E-02  2.86290E-02
b   5    2  5    6  99  3.99853E-01  7.40744E-01  2.91628E+00 -1.32720E+00  2.84371E+00  2.42000E-02  2.42000E-02
b   5    3  5    6  99  3.03279E-01  9.64344E-01  2.65624E+00 -1.44288E+00  3.51411E+00  6.02500E-02  6.02500E-02
b   5    4  5    6  99  2.58007E-01  8.55268E-01  2.32488E+00 -2.98739E-01  4.27236E+00  1.90000E-01  1.90000E-01
b   5    5  5    6  99  2.10652E-01  4.33171E-01  1.79904E+00 -2.59454E-01  4.00845E+00  1.34900E+00  1.34900E+00
b   5    1  5    7  99  1.80227E-01  1.52542E+00 -2.53653E+01  2.67577E+02  2.00000E+01  1.85430E-02  1.85430E-02
b   5    2  5    7  99  4.04277E-01  8.11850E-01  2.90440E+00 -1.31670E+00  2.81709E+00  1.44100E-02  1.44100E-02
b   5    3  5    7  99  3.13244E-01  1.13973E+00  2.73839E+00 -1.50983E+00  3.54561E+00  3.05800E-02  3.05800E-02
b   5    4  5    7  99  2.75358E-01  1.20279E+00  2.43931E+00 -3.17982E-01  4.28263E+00  7.00000E-02  7.00000E-02
b   5    5  5    7  99  2.39581E-01  9.58638E-01  2.02078E+00 -1.68518E-01  4.23575E+00  2.22300E-01  2.22300E-01
b   5    6  5    7  99  2.01144E-01  4.77125E-01  1.67313E+00 -2.58889E-01  4.01944E+00  1.56000E+00  1.56000E+00
b   5    1  5    8  99  1.78460E-01  1.53142E+00 -2.52571E+01  2.64287E+02  2.00000E+01  1.27170E-02  1.27170E-02
b   5    2  5    8  99  4.07833E-01  8.57548E-01  2.93452E+00 -1.32805E+00  2.83383E+00  9.36300E-03  9.36300E-03
b   5    3  5    8  99  3.19814E-01  1.26162E+00  2.80528E+00 -1.51494E+00  3.60325E+00  1.80500E-02  1.80500E-02
b   5    4  5    8  99  2.85491E-01  1.45494E+00  2.50854E+00 -3.10252E-01  4.33108E+00  3.48900E-02  3.48900E-02
b   5    5  5    8  99  2.55749E-01  1.36622E+00  2.11684E+00 -1.63503E-01  4.27716E+00  7.99100E-02  7.99100E-02
b   5    6  5    8  99  2.29530E-01  1.03012E+00  1.86240E+00 -1.66578E-01  4.22264E+00  2.50900E-01  2.50900E-01
b   5    7  5    8  99  2.05675E-01  4.46643E-01  2.21057E+00  2.69037E+00  6.21822E+00  1.76500E+00  1.76500E+00
b   5    1  5    9  99  1.76993E-01  1.53429E+00 -2.50446E+01  2.59649E+02  2.00000E+01  9.10500E-03  9.10500E-03
b   5    2  5    9  99  4.10185E-01  8.91995E-01  2.94682E+00 -1.33644E+00  2.83482E+00  6.46000E-03  6.46000E-03
b   5    3  5    9  99  3.23900E-01  1.35466E+00  2.81421E+00 -1.48529E+00  3.59847E+00  1.17000E-02  1.17000E-02
b   5    4  5    9  99  2.92394E-01  1.64291E+00  2.54049E+00 -2.50234E-01  4.35326E+00  2.04200E-02  2.04200E-02
b   5    5  5    9  99  2.66381E-01  1.67566E+00  2.20725E+00 -1.86537E-01  4.36168E+00  3.92700E-02  3.92700E-02
b   5    6  5    9  99  2.45844E-01  1.48308E+00  1.92348E+00 -1.02805E-01  4.23190E+00  8.87400E-02  8.87400E-02
b   5    7  5    9  99  2.23112E-01  1.07364E+00  1.73696E+00 -1.36842E-01  4.16626E+00  2.79000E-01  2.79000E-01
b   5    8  5    9  99  2.65254E-01  7.35511E-01  2.77683E+00  3.61392E+00  6.42349E+00  1.44000E+00  1.44000E+00
b   5    1  5   10  98  0.00000E+00  0.00000E+00  0.00000E+00  0.00000E+00  0.00000E+00  9.13695E-03  1.82739E-04
b   5    2  5   10  99  3.40464E-01  2.31012E-02  1.96356E+00 -5.89566E-01  2.06650E+00  5.99156E-01  5.99156E-01
b   5    1  5   11  98  0.00000E+00  0.00000E+00  0.00000E+00  0.00000E+00  0.00000E+00  1.46825E-02  2.93650E-04
b   5    2  5   11  99  1.88552E-01  1.05024E+00 -2.32367E+01  3.27945E+02  2.00000E+01  1.77960E-01  1.77960E-01
b   5    3  5   11  99  3.40464E-01  2.31012E-02  1.96356E+00 -5.89566E-01  2.06650E+00  6.34400E-01  6.34400E-01
b   5   10  5   11  99  2.19309E-01  1.32697E-01  2.08878E+00 -1.16699E+00  3.37479E+00  1.40860E+00  1.40860E+00
b   5    1  5   12  98  0.00000E+00  0.00000E+00  0.00000E+00  0.00000E+00  0.00000E+00  2.13535E-02  4.27070E-04
b   5    2  5   12  99  1.55026E-01  1.13734E+00 -2.03883E+01  2.38278E+02  2.00000E+01  7.65000E-02  7.65000E-02
b   5    4  5   12  99  3.40464E-01  2.31012E-02  1.96356E+00 -5.89566E-01  2.06650E+00  6.34400E-01  6.34400E-01
b   5   10  5   12  99  2.58049E-01  3.95376E-01  1.91618E+00 -9.69943E-01  2.83554E+00  2.92400E-01  2.92400E-01
b   5   11  5   12  99  2.12001E-01  2.53143E-01  1.99997E+00 -3.45788E-01  4.05556E+00  9.53400E-01  9.53400E-01
b   5    1  5   13  98  0.00000E+00  0.00000E+00  0.00000E+00  0.00000E+00  0.00000E+00  2.96771E-02  5.93542E-04
b   5    2  5   13  99  1.84404E-01  1.51761E+00 -2.60967E+01  2.80204E+02  2.00000E+01  3.19400E-02  3.19400E-02
b   5    5  5   13  99  3.40464E-01  2.31012E-02  1.96356E+00 -5.89566E-01  2.06650E+00  6.34400E-01  6.34400E-01
b   5   10  5   13  99  3.90564E-01  6.39091E-01  2.88781E+00 -1.36403E+00  2.83596E+00  9.31800E-02  9.31800E-02
b   5   11  5   13  99  2.86497E-01  6.96533E-01  2.58384E+00 -1.41006E+00  3.53791E+00  1.57700E-01  1.57700E-01
b   5   12  5   13  99  2.24740E-01  3.71744E-01  2.02258E+00 -2.85026E-01  4.07756E+00  1.10800E+00  1.10800E+00
b   5    1  5   14  98  0.00000E+00  0.00000E+00  0.00000E+00  0.00000E+00  0.00000E+00  3.94993E-02  7.89986E-04
b   5    2  5   14  99  1.81209E-01  1.52642E+00 -2.57216E+01  2.72232E+02  2.00000E+01  1.90860E-02  1.90860E-02
b   5    6  5   14  99  3.40464E-01  2.31012E-02  1.96356E+00 -5.89566E-01  2.06650E+00  6.34400E-01  6.34400E-01
b   5   10  5   14  99  3.99853E-01  7.40744E-01  2.91628E+00 -1.32720E+00  2.84371E+00  4.84000E-02  4.84000E-02
b   5   11  5   14  99  3.03279E-01  9.64344E-01  2.65624E+00 -1.44288E+00  3.51411E+00  6.02500E-02  6.02500E-02
b   5   12  5   14  99  2.58007E-01  8.55268E-01  2.32488E+00 -2.98739E-01  4.27236E+00  1.90000E-01  1.90000E-01
b   5   13  5   14  99  2.10652E-01  4.33171E-01  1.79904E+00 -2.59454E-01  4.00845E+00  1.34900E+00  1.34900E+00
b   5    1  5   15  98  0.00000E+00  0.00000E+00  0.00000E+00  0.00000E+00  0.00000E+00  5.08325E-02  1.01665E-03
b   5    2  5   15  99  1.80227E-01  1.52542E+00 -2.53653E+01  2.67577E+02  2.00000E+01  1.23620E-02  1.23620E-02
b   5    7  5   15  99  3.40464E-01  2.31012E-02  1.96356E+00 -5.89566E-01  2.06650E+00  6.34400E-01  6.34400E-01
b   5   10  5   15  99  4.04277E-01  8.11850E-01  2.90440E+00 -1.31670E+00  2.81709E+00  2.88200E-02  2.88200E-02
b   5   11  5   15  99  3.13244E-01  1.13973E+00  2.73839E+00 -1.50983E+00  3.54561E+00  3.05800E-02  3.05800E-02
b   5   12  5   15  99  2.75358E-01  1.20279E+00  2.43931E+00 -3.17982E-01  4.28263E+00  7.00000E-02  7.00000E-02
b   5   13  5   15  99  2.39581E-01  9.58638E-01  2.02078E+00 -1.68518E-01  4.23575E+00  2.22300E-01  2.22300E-01
b   5   14  5   15  99  2.01144E-01  4.77125E-01  1.67313E+00 -2.58889E-01  4.01944E+00  1.56000E+00  1.56000E+00
b   5    1  5   16  98  0.00000E+00  0.00000E+00  0.00000E+00  0.00000E+00  0.00000E+00  6.37237E-02  1.27447E-03
b   5    2  5   16  99  1.78460E-01  1.53142E+00 -2.52571E+01  2.64287E+02  2.00000E+01  8.47800E-03  8.47800E-03
b   5    8  5   16  99  3.40464E-01  2.31012E-02  1.96356E+00 -5.89566E-01  2.06650E+00  6.34400E-01  6.34400E-01
b   5   10  5   16  99  4.07833E-01  8.57548E-01  2.93452E+00 -1.32805E+00  2.83383E+00  1.87260E-02  1.87260E-02
b   5   11  5   16  99  3.19814E-01  1.26162E+00  2.80528E+00 -1.51494E+00  3.60325E+00  1.80500E-02  1.80500E-02
b   5   12  5   16  99  2.85491E-01  1.45494E+00  2.50854E+00 -3.10252E-01  4.33108E+00  3.48900E-02  3.48900E-02
b   5   13  5   16  99  2.55749E-01  1.36622E+00  2.11684E+00 -1.63503E-01  4.27716E+00  7.99100E-02  7.99100E-02
b   5   14  5   16  99  2.29530E-01  1.03012E+00  1.86240E+00 -1.66578E-01  4.22264E+00  2.50900E-01  2.50900E-01
b   5   15  5   16  99  2.05675E-01  4.46643E-01  2.21057E+00  2.69037E+00  6.21822E+00  1.76500E+00  1.76500E+00
b   5    1  5   17  98  0.00000E+00  0.00000E+00  0.00000E+00  0.00000E+00  0.00000E+00  7.81416E-02  1.56283E-03
b   5    2  5   17  99  1.76993E-01  1.53429E+00 -2.50446E+01  2.59649E+02  2.00000E+01  6.07000E-03  6.07000E-03
b   5    9  5   17  99  3.40464E-01  2.31012E-02  1.96356E+00 -5.89566E-01  2.06650E+00  6.34400E-01  6.34400E-01
b   5   10  5   17  99  4.10185E-01  8.91995E-01  2.94682E+00 -1.33644E+00  2.83482E+00  1.29200E-02  1.29200E-02
b   5   11  5   17  99  3.23900E-01  1.35466E+00  2.81421E+00 -1.48529E+00  3.59847E+00  1.17000E-02  1.17000E-02
b   5   12  5   17  99  2.92394E-01  1.64291E+00  2.54049E+00 -2.50234E-01  4.35326E+00  2.04200E-02  2.04200E-02
b   5   13  5   17  99  2.66381E-01  1.67566E+00  2.20725E+00 -1.86537E-01  4.36168E+00  3.92700E-02  3.92700E-02
b   5   14  5   17  99  2.45844E-01  1.48308E+00  1.92348E+00 -1.02805E-01  4.23190E+00  8.87400E-02  8.87400E-02
b   5   15  5   17  99  2.23112E-01  1.07364E+00  1.73696E+00 -1.36842E-01  4.16626E+00  2.79000E-01  2.79000E-01
b   5   16  5   17  99  2.65254E-01  7.35511E-01  2.77683E+00  3.61392E+00  6.42349E+00  1.44000E+00  1.44000E+00
b   5    1  5   18  99  4.69387E-01 -1.31383E-01 -2.26274E+00  2.20384E+01  3.79973E+00  2.67875E-01  2.67875E-01
b   5    1  5   19  99  4.11908E-01 -5.03474E-02 -1.92552E+00  1.84738E+01  3.76649E+00  7.29800E-02  7.29800E-02
b   5    2  5   19  99  4.69387E-01 -1.31383E-01 -2.26274E+00  2.20384E+01  3.79973E+00  3.21450E-01  3.21450E-01
b   5   18  5   19  99  3.40464E-01  2.31012E-02  1.96356E+00 -5.89566E-01  2.06650E+00  1.26880E+00  1.26880E+00
b   5    1  5   20  99  4.12122E-01 -3.01560E-02 -1.93865E+00  1.83499E+01  3.76172E+00  2.70400E-02  2.70400E-02
b   5    3  5   20  99  4.69387E-01 -1.31383E-01 -2.26274E+00  2.20384E+01  3.79973E+00  3.21450E-01  3.21450E-01
b   5   18  5   20  99  1.88552E-01  1.05024E+00 -2.32367E+01  3.27945E+02  2.00000E+01  3.55920E-01  3.55920E-01
b   5   19  5   20  99  2.19309E-01  1.32697E-01  2.08878E+00 -1.16699E+00  3.37479E+00  7.04300E-01  7.04300E-01
b   5    1  5   21  99  4.06070E-01 -2.47300E-02 -1.89108E+00  1.79545E+01  3.75655E+00  1.30380E-02  1.30380E-02
b   5    4  5   21  99  4.69387E-01 -1.31383E-01 -2.26274E+00  2.20384E+01  3.79973E+00  3.21450E-01  3.21450E-01
b   5   18  5   21  99  1.55026E-01  1.13734E+00 -2.03883E+01  2.38278E+02  2.00000E+01  1.53000E-01  1.53000E-01
b   5   19  5   21  99  2.58049E-01  3.95376E-01  1.91618E+00 -9.69943E-01  2.83554E+00  1.46200E-01  1.46200E-01
b   5   20  5   21  99  2.12001E-01  2.53143E-01  1.99997E+00 -3.45788E-01  4.05556E+00  9.53400E-01  9.53400E-01
b   5    1  5   22  99  4.95247E-01 -4.44810E-02 -2.36582E+00  2.21832E+01  3.75914E+00  6.21600E-03  6.21600E-03
b   5    5  5   22  99  4.69387E-01 -1.31383E-01 -2.26274E+00  2.20384E+01  3.79973E+00  3.21450E-01  3.21450E-01
b   5   18  5   22  99  1.84404E-01  1.51761E+00 -2.60967E+01  2.80204E+02  2.00000E+01  6.38800E-02  6.38800E-02
b   5   19  5   22  99  3.90564E-01  6.39091E-01  2.88781E+00 -1.36403E+00  2.83596E+00  4.65900E-02  4.65900E-02
b   5   20  5   22  99  2.86497E-01  6.96533E-01  2.58384E+00 -1.41006E+00  3.53791E+00  1.57700E-01  1.57700E-01
b   5   21  5   22  99  2.24740E-01  3.71744E-01  2.02258E+00 -2.85026E-01  4.07756E+00  1.10800E+00  1.10800E+00
b   5    1  5   23  99  4.90765E-01 -4.91098E-02 -2.32754E+00  2.20206E+01  3.76389E+00  3.82600E-03  3.82600E-03
b   5    6  5   23  99  4.69387E-01 -1.31383E-01 -2.26274E+00  2.20384E+01  3.79973E+00  3.21450E-01  3.21450E-01
b   5   18  5   23  99  1.81209E-01  1.52642E+00 -2.57216E+01  2.72232E+02  2.00000E+01  3.81720E-02  3.81720E-02
b   5   19  5   23  99  3.99853E-01  7.40744E-01  2.91628E+00 -1.32720E+00  2.84371E+00  2.42000E-02  2.42000E-02
b   5   20  5   23  99  3.03279E-01  9.64344E-01  2.65624E+00 -1.44288E+00  3.51411E+00  6.02500E-02  6.02500E-02
b   5   21  5   23  99  2.58007E-01  8.55268E-01  2.32488E+00 -2.98739E-01  4.27236E+00  1.90000E-01  1.90000E-01
b   5   22  5   23  99  2.10652E-01  4.33171E-01  1.79904E+00 -2.59454E-01  4.00845E+00  1.34900E+00  1.34900E+00
b   5    1  5   24  99  4.84959E-01 -4.71521E-02 -2.28113E+00  2.16438E+01  3.75999E+00  2.52200E-03  2.52200E-03
b   5    7  5   24  99  4.69387E-01 -1.31383E-01 -2.26274E+00  2.20384E+01  3.79973E+00  3.21450E-01  3.21450E-01
b   5   18  5   24  99  1.80227E-01  1.52542E+00 -2.53653E+01  2.67577E+02  2.00000E+01  2.47240E-02  2.47240E-02
b   5   19  5   24  99  4.04277E-01  8.11850E-01  2.90440E+00 -1.31670E+00  2.81709E+00  1.44100E-02  1.44100E-02
b   5   20  5   24  99  3.13244E-01  1.13973E+00  2.73839E+00 -1.50983E+00  3.54561E+00  3.05800E-02  3.05800E-02
b   5   21  5   24  99  2.75358E-01  1.20279E+00  2.43931E+00 -3.17982E-01  4.28263E+00  7.00000E-02  7.00000E-02
b   5   22  5   24  99  2.39581E-01  9.58638E-01  2.02078E+00 -1.68518E-01  4.23575E+00  2.22300E-01  2.22300E-01
b   5   23  5   24  99  2.01144E-01  4.77125E-01  1.67313E+00 -2.58889E-01  4.01944E+00  1.56000E+00  1.56000E+00
b   5    1  5   25  99  4.80866E-01 -4.43418E-02 -2.27586E+00  2.14944E+01  3.76029E+00  1.74880E-03  1.74880E-03
b   5    8  5   25  99  4.69387E-01 -1.31383E-01 -2.26274E+00  2.20384E+01  3.79973E+00  3.21450E-01  3.21450E-01
b   5   18  5   25  99  1.78460E-01  1.53142E+00 -2.52571E+01  2.64287E+02  2.00000E+01  1.69560E-02  1.69560E-02
b   5   19  5   25  99  4.07833E-01  8.57548E-01  2.93452E+00 -1.32805E+00  2.83383E+00  9.36300E-03  9.36300E-03
b   5   20  5   25  99  3.19814E-01  1.26162E+00  2.80528E+00 -1.51494E+00  3.60325E+00  1.80500E-02  1.80500E-02
b   5   21  5   25  99  2.85491E-01  1.45494E+00  2.50854E+00 -3.10252E-01  4.33108E+00  3.48900E-02  3.48900E-02
b   5   22  5   25  99  2.55749E-01  1.36622E+00  2.11684E+00 -1.63503E-01  4.27716E+00  7.99100E-02  7.99100E-02
b   5   23  5   25  99  2.29530E-01  1.03012E+00  1.86240E+00 -1.66578E-01  4.22264E+00  2.50900E-01  2.50900E-01
b   5   24  5   25  99  2.05675E-01  4.46643E-01  2.21057E+00  2.69037E+00  6.21822E+00  1.76500E+00  1.76500E+00
b   5    1  5   26  99  4.79679E-01 -4.72531E-02 -2.26751E+00  2.14987E+01  3.76422E+00  1.26100E-03  1.26100E-03
b   5    9  5   26  99  4.69387E-01 -1.31383E-01 -2.26274E+00  2.20384E+01  3.79973E+00  3.21450E-01  3.21450E-01
b   5   18  5   26  99  1.76993E-01  1.53429E+00 -2.50446E+01  2.59649E+02  2.00000E+01  1.21400E-02  1.21400E-02
b   5   19  5   26  99  4.10185E-01  8.91995E-01  2.94682E+00 -1.33644E+00  2.83482E+00  6.46000E-03  6.46000E-03
b   5   20  5   26  99  3.23900E-01  1.35466E+00  2.81421E+00 -1.48529E+00  3.59847E+00  1.17000E-02  1.17000E-02
b   5   21  5   26  99  2.92394E-01  1.64291E+00  2.54049E+00 -2.50234E-01  4.35326E+00  2.04200E-02  2.04200E-02
b   5   22  5   26  99  2.66381E-01  1.67566E+00  2.20725E+00 -1.86537E-01  4.36168E+00  3.92700E-02  3.92700E-02
b   5   23  5   26  99  2.45844E-01  1.48308E+00  1.92348E+00 -1.02805E-01  4.23190E+00  8.87400E-02  8.87400E-02
b   5   24  5   26  99  2.23112E-01  1.07364E+00  1.73696E+00 -1.36842E-01  4.16626E+00  2.79000E-01  2.79000E-01
b   5   25  5   26  99  2.65254E-01  7.35511E-01  2.77683E+00  3.61392E+00  6.42349E+00  1.44000E+00  1.44000E+00
f   5    1  4    1  99  3.00000E+00  5.52020E+00
p   5    1  4    1  98  1.46170E+00 -2.28740E+00 -1.66480E-01  1.73880E-02  3.00000E+00  8.53000E+01  8.87000E+01  1.70600E+03
f   5    2  4    1  99  1.00000E+00  4.22400E+00
p   5    2  4    1  99  1.00000E+00  4.22400E+00
f   5    3  4    1  99  1.00000E+00  4.06480E+00
p   5    3  4    1  99  1.00000E+00  4.06480E+00
f   5    4  4    1  99  1.00000E+00  4.01020E+00
p   5    4  4    1  99  1.00000E+00  4.01020E+00
f   5    5  4    1  99  1.00000E+00  4.03000E+00
p   5    5  4    1  99  1.00000E+00  4.03000E+00
f   5    6  4    1  99  1.00000E+00  4.02200E+00
p   5    6  4    1  99  1.00000E+00  4.02200E+00
f   5    7  4    1  99  1.00000E+00  4.00220E+00
p   5    7  4    1  99  1.00000E+00  4.00220E+00
f   5    8  4    1  99  1.00000E+00  4.00220E+00
p   5    8  4    1  99  1.00000E+00  4.00220E+00
f   5    9  4    1  99  1.00000E+00  4.00040E+00
p   5    9  4    1  99  1.00000E+00  4.00040E+00
f   5    2  4    2  99  2.00000E+00  4.22400E+00
p   5    2  4    2  98  1.46170E+00 -2.28740E+00 -1.66480E-01  1.73880E-02  3.00000E+00  8.53000E+01  8.87000E+01  1.70600E+03
f   5   10  4    2  99  2.00000E+00  4.78800E+00
p   5   10  4    2  99  2.00000E+00  4.78800E+00
f   5   11  4    2  99  1.00000E+00  4.12150E+00
p   5   11  4    2  99  1.00000E+00  4.12150E+00
f   5   12  4    2  99  1.00000E+00  4.02850E+00
p   5   12  4    2  99  1.00000E+00  4.02850E+00
f   5   13  4    2  99  1.00000E+00  4.03600E+00
p   5   13  4    2  99  1.00000E+00  4.03600E+00
f   5   14  4    2  99  1.00000E+00  4.02600E+00
p   5   14  4    2  99  1.00000E+00  4.02600E+00
f   5   15  4    2  99  1.00000E+00  4.01120E+00
p   5   15  4    2  99  1.00000E+00  4.01120E+00
f   5   16  4    2  99  1.00000E+00  4.00920E+00
p   5   16  4    2  99  1.00000E+00  4.00920E+00
f   5   17  4    2  99  1.00000E+00  4.00040E+00
p   5   17  4    2  99  1.00000E+00  4.00040E+00
f   5    3  4    3  99  2.00000E+00  4.06480E+00
p   5    3  4    3  98  1.46170E+00 -2.28740E+00 -1.66480E-01  1.73880E-02  3.00000E+00  8.53000E+01  8.87000E+01  1.70600E+03
f   5   11  4    3  99  1.00000E+00  4.12150E+00
p   5   11  4    3  99  1.00000E+00  4.12150E+00
f   5    4  4    4  99  2.00000E+00  4.01020E+00
p   5    4  4    4  98  1.46170E+00 -2.28740E+00 -1.66480E-01  1.73880E-02  3.00000E+00  8.53000E+01  8.87000E+01  1.70600E+03
f   5   12  4    4  99  1.00000E+00  4.02850E+00
p   5   12  4    4  99  1.00000E+00  4.02850E+00
f   5    5  4    5  99  2.00000E+00  4.03000E+00
p   5    5  4    5  98  1.46170E+00 -2.28740E+00 -1.66480E-01  1.73880E-02  3.00000E+00  8.53000E+01  8.87000E+01  1.70600E+03
f   5   13  4    5  99  1.00000E+00  4.03600E+00
p   5   13  4    5  99  1.00000E+00  4.03600E+00
f   5    6  4    6  99  2.00000E+00  4.02200E+00
p   5    6  4    6  98  1.46170E+00 -2.28740E+00 -1.66480E-01  1.73880E-02  3.00000E+00  8.53000E+01  8.87000E+01  1.70600E+03
f   5   14  4    6  99  1.00000E+00  4.02600E+00
p   5   14  4    6  99  1.00000E+00  4.02600E+00
f   5    7  4    7  99  2.00000E+00  4.00220E+00
p   5    7  4    7  98  1.46170E+00 -2.28740E+00 -1.66480E-01  1.73880E-02  3.00000E+00  8.53000E+01  8.87000E+01  1.70600E+03
f   5   15  4    7  99  1.00000E+00  4.01120E+00
p   5   15  4    7  99  1.00000E+00  4.01120E+00
f   5    8  4    8  99  2.00000E+00  4.00220E+00
p   5    8  4    8  98  1.46170E+00 -2.28740E+00 -1.66480E-01  1.73880E-02  3.00000E+00  8.53000E+01  8.87000E+01  1.70600E+03
f   5   16  4    8  99  1.00000E+00  4.00920E+00
p   5   16  4    8  99  1.00000E+00  4.00920E+00
f   5    9  4    9  99  2.00000E+00  4.00040E+00
p   5    9  4    9  98  1.46170E+00 -2.28740E+00 -1.66480E-01  1.73880E-02  3.00000E+00  8.53000E+01  8.87000E+01  1.70600E+03
f   5   17  4    9  99  1.00000E+00  4.00040E+00
p   5   17  4    9  99  1.00000E+00  4.00040E+00
f   5   10  4   10  99  1.00000E+00  4.78800E+00
p   5   10  4   10  98  1.46170E+00 -2.28740E+00 -1.66480E-01  1.73880E-02  3.00000E+00  8.53000E+01  8.87000E+01  1.70600E+03
f   5   11  4   11  99  1.00000E+00  4.12150E+00
p   5   11  4   11  98  1.46170E+00 -2.28740E+00 -1.66480E-01  1.73880E-02  3.00000E+00  8.53000E+01  8.87000E+01  1.70600E+03
f   5   12  4   12  99  1.00000E+00  4.02850E+00
p   5   12  4   12  98  1.46170E+00 -2.28740E+00 -1.66480E-01  1.73880E-02  3.00000E+00  8.53000E+01  8.87000E+01  1.70600E+03
f   5   13  4   13  99  1.00000E+00  4.03600E+00
p   5   13  4   13  98  1.46170E+00 -2.28740E+00 -1.66480E-01  1.73880E-02  3.00000E+00  8.53000E+01  8.87000E+01  1.70600E+03
f   5   14  4   14  99  1.00000E+00  4.02600E+00
p   5   14  4   14  98  1.46170E+00 -2.28740E+00 -1.66480E-01  1.73880E-02  3.00000E+00  8.53000E+01  8.87000E+01  1.70600E+03
f   5   15  4   15  99  1.00000E+00  4.01120E+00
p   5   15  4   15  98  1.46170E+00 -2.28740E+00 -1.66480E-01  1.73880E-02  3.00000E+00  8.53000E+01  8.87000E+01  1.70600E+03
f   5   16  4   16  99  1.00000E+00  4.00920E+00
p   5   16  4   16  98  1.46170E+00 -2.28740E+00 -1.66480E-01  1.73880E-02  3.00000E+00  8.53000E+01  8.87000E+01  1.70600E+03
f   5   17  4   17  99  1.00000E+00  4.00040E+00
p   5   17  4   17  98  1.46170E+00 -2.28740E+00 -1.66480E-01  1.73880E-02  3.00000E+00  8.53000E+01  8.87000E+01  1.70600E+03
f   5    1  4   18  99  2.00000E+00  5.52020E+00
p   5    1  4   18  98  2.18170E+00 -2.37580E+00 -2.32810E-01  2.37020E-02  2.00000E+00  6.10700E+02  6.35200E+02  1.22200E+04
f   5   18  4   18  99  4.00000E+00  6.15630E+00
p   5   18  4   18  98  1.46170E+00 -2.28740E+00 -1.66480E-01  1.73880E-02  3.00000E+00  8.53000E+01  8.87000E+01  1.70600E+03
f   5   19  4   18  99  1.00000E+00  4.30400E+00
p   5   19  4   18  99  1.00000E+00  4.30400E+00
f   5   20  4   18  99  1.00000E+00  4.08800E+00
p   5   20  4   18  99  1.00000E+00  4.08800E+00
f   5   21  4   18  99  1.00000E+00  4.00930E+00
p   5   21  4   18  99  1.00000E+00  4.00930E+00
f   5   22  4   18  99  1.00000E+00  4.03900E+00
p   5   22  4   18  99  1.00000E+00  4.03900E+00
f   5   23  4   18  99  1.00000E+00  4.03100E+00
p   5   23  4   18  99  1.00000E+00  4.03100E+00
f   5   24  4   18  99  1.00000E+00  4.00310E+00
p   5   24  4   18  99  1.00000E+00  4.00310E+00
f   5   25  4   18  99  1.00000E+00  4.00310E+00
p   5   25  4   18  99  1.00000E+00  4.00310E+00
f   5   26  4   18  99  1.00000E+00  4.00040E+00
p   5   26  4   18  99  1.00000E+00  4.00040E+00
f   5    2  4   19  99  2.00000E+00  4.22400E+00
p   5    2  4   19  98  2.18170E+00 -2.37580E+00 -2.32810E-01  2.37020E-02  2.00000E+00  6.10700E+02  6.35200E+02  1.22200E+04
f   5   19  4   19  99  3.00000E+00  4.30400E+00
p   5   19  4   19  98  1.46170E+00 -2.28740E+00 -1.66480E-01  1.73880E-02  3.00000E+00  8.53000E+01  8.87000E+01  1.70600E+03
f   5    3  4   20  99  2.00000E+00  4.06480E+00
p   5    3  4   20  98  2.18170E+00 -2.37580E+00 -2.32810E-01  2.37020E-02  2.00000E+00  6.10700E+02  6.35200E+02  1.22200E+04
f   5   20  4   20  99  3.00000E+00  4.08800E+00
p   5   20  4   20  98  1.46170E+00 -2.28740E+00 -1.66480E-01  1.73880E-02  3.00000E+00  8.53000E+01  8.87000E+01  1.70600E+03
f   5    4  4   21  99  2.00000E+00  4.01020E+00
p   5    4  4   21  98  2.18170E+00 -2.37580E+00 -2.32810E-01  2.37020E-02  2.00000E+00  6.10700E+02  6.35200E+02  1.22200E+04
f   5   21  4   21  99  3.00000E+00  4.00930E+00
p   5   21  4   21  98  1.46170E+00 -2.28740E+00 -1.66480E-01  1.73880E-02  3.00000E+00  8.53000E+01  8.87000E+01  1.70600E+03
f   5    5  4   22  99  2.00000E+00  4.03000E+00
p   5    5  4   22  98  2.18170E+00 -2.37580E+00 -2.32810E-01  2.37020E-02  2.00000E+00  6.10700E+02  6.35200E+02  1.22200E+04
f   5   22  4   22  99  3.00000E+00  4.03900E+00
p   5   22  4   22  98  1.46170E+00 -2.28740E+00 -1.66480E-01  1.73880E-02  3.00000E+00  8.53000E+01  8.87000E+01  1.70600E+03
f   5    6  4   23  99  2.00000E+00  4.02200E+00
p   5    6  4   23  98  2.18170E+00 -2.37580E+00 -2.32810E-01  2.37020E-02  2.00000E+00  6.10700E+02  6.35200E+02  1.22200E+04
f   5   23  4   23  99  3.00000E+00  4.03100E+00
p   5   23  4   23  98  1.46170E+00 -2.28740E+00 -1.66480E-01  1.73880E-02  3.00000E+00  8.53000E+01  8.87000E+01  1.70600E+03
f   5    7  4   24  99  2.00000E+00  4.00220E+00
p   5    7  4   24  98  2.18170E+00 -2.37580E+00 -2.32810E-01  2.37020E-02  2.00000E+00  6.10700E+02  6.35200E+02  1.22200E+04
f   5   24  4   24  99  3.00000E+00  4.00310E+00
p   5   24  4   24  98  1.46170E+00 -2.28740E+00 -1.66480E-01  1.73880E-02  3.00000E+00  8.53000E+01  8.87000E+01  1.70600E+03
f   5    8  4   25  99  2.00000E+00  4.00220E+00
p   5    8  4   25  98  2.18170E+00 -2.37580E+00 -2.32810E-01  2.37020E-02  2.00000E+00  6.10700E+02  6.35200E+02  1.22200E+04
f   5   25  4   25  99  3.00000E+00  4.00310E+00
p   5   25  4   25  98  1.46170E+00 -2.28740E+00 -1.66480E-01  1.73880E-02  3.00000E+00  8.53000E+01  8.87000E+01  1.70600E+03
f   5    9  4   26  99  2.00000E+00  4.00040E+00
p   5    9  4   26  98  2.18170E+00 -2.37580E+00 -2.32810E-01  2.37020E-02  2.00000E+00  6.10700E+02  6.35200E+02  1.22200E+04
f   5   26  4   26  99  3.00000E+00  4.00040E+00
p   5   26  4   26  98  1.46170E+00 -2.28740E+00 -1.66480E-01  1.73880E-02  3.00000E+00  8.53000E+01  8.87000E+01  1.70600E+03
a   5   10  4    1   1.07636E+14
a   5   11  4    1   2.13305E+13
a   5   12  4    1   6.82211E+12
a   5   13  4    1   2.73315E+12
a   5   14  4    1   1.26449E+12
a   5   15  4    1   6.48559E+11
a   5   16  4    1   3.59914E+11
a   5   17  4    1   2.12523E+11
a   5   18  4    1   1.31694E+14
a   5   19  4    1   4.35825E+12
a   5   20  4    1   9.27540E+11
a   5   21  4    1   2.88660E+11
a   5   22  4    1   1.12347E+11
a   5   23  4    1   5.19795E+10
a   5   24  4    1   2.66610E+10
a   5   25  4    1   1.47946E+10
a   5   26  4    1   8.73615E+09
a   5   19  4    2   6.58470E+13
a   5   20  4    3   6.58470E+13
a   5   21  4    4   6.58470E+13
a   5   22  4    5   6.58470E+13
a   5   23  4    6   6.58470E+13
a   5   24  4    7   6.58470E+13
a   5   25  4    8   6.58470E+13
a   5   26  4    9   6.58470E+13
b   6    1  6    2  99  3.14956E-01  1.08503E-01  1.82858E+00 -6.63778E-01  2.08394E+00  8.28000E-01  8.28000E-01
b   6    1  6    3  99  3.37910E-01  1.38000E-01  1.90796E+00 -6.17327E-01  2.08936E+00  2.73640E-01  2.73640E-01
b   6    2  6    3  99  1.83073E-01  2.29101E-01  1.60699E+00 -8.99797E-01  3.34621E+00  6.73200E-01  6.73200E-01
b   6    1  6    4  99  3.26195E-01  1.66448E-01  1.78457E+00 -5.64271E-01  2.04954E+00  1.25640E-01  1.25640E-01
b   6    2  6    4  99  2.43457E-01  4.19147E-01  2.14322E+00 -1.15960E+00  3.42299E+00  1.34800E-01  1.34800E-01
b   6    3  6    4  99  1.90925E-01  3.43648E-01  1.63356E+00 -1.94919E-01  4.00986E+00  9.48400E-01  9.48400E-01
b   6    1  6    5  99  4.76471E-01  1.79391E-01  2.62594E+00 -7.17967E-01  2.06162E+00  4.89600E-02  4.89600E-02
b   6    2  6    5  99  3.95003E-01  8.18183E-01  2.83727E+00 -1.39317E+00  2.87120E+00  4.01200E-02  4.01200E-02
b   6    3  6    5  99  2.68363E-01  8.35674E-01  2.37944E+00 -3.31917E-01  4.19371E+00  1.47200E-01  1.47200E-01
b   6    4  6    5  99  2.10944E-01  4.68188E-01  1.73930E+00 -2.91125E-01  3.94634E+00  1.10300E+00  1.10300E+00
b   6    1  6    6  99  4.66340E-01  1.88070E-01  2.55986E+00 -6.94935E-01  2.05856E+00  2.98280E-02  2.98280E-02
b   6    2  6    6  99  4.07621E-01  9.22398E-01  2.90583E+00 -1.43316E+00  2.86085E+00  2.09900E-02  2.09900E-02
b   6    3  6    6  99  2.87195E-01  1.11752E+00  2.55188E+00 -3.24398E-01  4.28606E+00  5.57500E-02  5.57500E-02
b   6    4  6    6  99  2.41612E-01  9.81350E-01  1.98484E+00 -1.52979E-01  4.20785E+00  1.83200E-01  1.83200E-01
b   6    5  6    6  99  2.00471E-01  5.18871E-01  1.61492E+00 -2.14121E-01  4.02417E+00  1.35500E+00  1.35500E+00
b   6    1  6    7  99  4.58778E-01  1.97800E-01  2.49011E+00 -6.77533E-01  2.03672E+00  1.95520E-02  1.95520E-02
b   6    2  6    7  99  4.14749E-01  9.91047E-01  2.94226E+00 -1.45324E+00  2.85683E+00  1.25600E-02  1.25600E-02
b   6    3  6    7  99  2.98177E-01  1.30442E+00  2.63749E+00 -3.27909E-01  4.30499E+00  2.82300E-02  2.82300E-02
b   6    4  6    7  99  2.57530E-01  1.35536E+00  2.07960E+00 -1.53309E-01  4.25651E+00  6.67700E-02  6.67700E-02
b   6    5  6    7  99  2.27609E-01  1.06369E+00  1.78795E+00 -1.65705E-01  4.18431E+00  2.18000E-01  2.18000E-01
b   6    6  6    7  99  2.02586E-01  5.10220E-01  2.13794E+00  2.65866E+00  6.29754E+00  1.57000E+00  1.57000E+00
b   6    1  6    8  99  4.54902E-01  1.98045E-01  2.48281E+00 -6.54087E-01  2.05986E+00  1.35200E-02  1.35200E-02
b   6    2  6    8  99  4.19252E-01  1.03809E+00  2.97101E+00 -1.43792E+00  2.87732E+00  8.19000E-03  8.19000E-03
b   6    3  6    8  99  3.01605E-01  1.45439E+00  2.45335E+00 -1.33542E+00  3.52720E+00  1.66600E-02  1.66600E-02
b   6    4  6    8  99  2.68734E-01  1.61792E+00  2.18506E+00 -2.09518E-01  4.30496E+00  3.31200E-02  3.31200E-02
b   6    5  6    8  99  2.42979E-01  1.48906E+00  1.88610E+00 -1.33496E-01  4.28690E+00  7.76200E-02  7.76200E-02
b   6    6  6    8  99  2.19764E-01  1.12020E+00  1.68038E+00 -1.68076E-01  4.18016E+00  2.47700E-01  2.47700E-01
b   6    7  6    8  99  1.25418E-01  1.27592E+00  1.20416E+00  3.19696E+00  9.23527E+00  1.77700E+00  1.77700E+00
b   6    1  6    9  99  4.50681E-01  2.04115E-01  2.44008E+00 -6.34339E-01  2.05101E+00  9.73200E-03  9.73200E-03
b   6    2  6    9  99  4.21918E-01  1.07458E+00  2.97215E+00 -1.43263E+00  2.86704E+00  5.66500E-03  5.66500E-03
b   6    3  6    9  99  3.06939E-01  1.54751E+00  2.53256E+00 -1.37284E+00  3.60386E+00  1.08000E-02  1.08000E-02
b   6    4  6    9  99  2.75409E-01  1.81823E+00  2.20723E+00 -1.84246E-01  4.30148E+00  1.93400E-02  1.93400E-02
b   6    5  6    9  99  2.52650E-01  1.81631E+00  1.92460E+00 -8.08732E-02  4.31836E+00  3.79600E-02  3.79600E-02
b   6    6  6    9  99  2.35873E-01  1.58510E+00  1.77608E+00 -1.64812E-01  4.27501E+00  8.69100E-02  8.69100E-02
b   6    7  6    9  99  2.28854E-01  1.07450E+00  2.42081E+00  3.50110E+00  6.79840E+00  2.76600E-01  2.76600E-01
b   6    8  6    9  99  2.22447E-02  1.50521E+00  1.14421E+00 -6.98280E-01  2.00000E+01  2.83000E+00  2.83000E+00
b   6    1  6   10  98  0.00000E+00  0.00000E+00  0.00000E+00  0.00000E+00  0.00000E+00  1.30699E-02  2.61399E-04
b   6    2  6   10  99  3.14956E-01  1.08503E-01  1.82858E+00 -6.63778E-01  2.08394E+00  5.86500E-01  5.86500E-01
b   6    1  6   11  98  0.00000E+00  0.00000E+00  0.00000E+00  0.00000E+00  0.00000E+00  2.16670E-02  4.33340E-04
b   6    2  6   11  99  3.37910E-01  1.38000E-01  1.90796E+00 -6.17327E-01  2.08936E+00  2.05230E-01  2.05230E-01
b   6    3  6   11  99  3.14956E-01  1.08503E-01  1.82858E+00 -6.63778E-01  2.08394E+00  6.21000E-01  6.21000E-01
b   6   10  6   11  99  1.83073E-01  2.29101E-01  1.60699E+00 -8.99797E-01  3.34621E+00  1.34640E+00  1.34640E+00
b   6    1  6   12  98  0.00000E+00  0.00000E+00  0.00000E+00  0.00000E+00  0.00000E+00  3.18971E-02  6.37942E-04
b   6    2  6   12  99  3.26195E-01  1.66448E-01  1.78457E+00 -5.64271E-01  2.04954E+00  9.42300E-02  9.42300E-02
b   6    4  6   12  99  3.14956E-01  1.08503E-01  1.82858E+00 -6.63778E-01  2.08394E+00  6.21000E-01  6.21000E-01
b   6   10  6   12  99  2.43457E-01  4.19147E-01  2.14322E+00 -1.15960E+00  3.42299E+00  2.69600E-01  2.69600E-01
b   6   11  6   12  99  1.90925E-01  3.43648E-01  1.63356E+00 -1.94919E-01  4.00986E+00  9.48400E-01  9.48400E-01
b   6    1  6   13  98  0.00000E+00  0.00000E+00  0.00000E+00  0.00000E+00  0.00000E+00  4.46936E-02  8.93872E-04
b   6    2  6   13  99  4.76471E-01  1.79391E-01  2.62594E+00 -7.17967E-01  2.06162E+00  3.67200E-02  3.67200E-02
b   6    5  6   13  99  3.14956E-01  1.08503E-01  1.82858E+00 -6.63778E-01  2.08394E+00  6.21000E-01  6.21000E-01
b   6   10  6   13  99  3.95003E-01  8.18183E-01  2.83727E+00 -1.39317E+00  2.87120E+00  8.02400E-02  8.02400E-02
b   6   11  6   13  99  2.68363E-01  8.35674E-01  2.37944E+00 -3.31917E-01  4.19371E+00  1.47200E-01  1.47200E-01
b   6   12  6   13  99  2.10944E-01  4.68188E-01  1.73930E+00 -2.91125E-01  3.94634E+00  1.10300E+00  1.10300E+00
b   6    1  6   14  98  0.00000E+00  0.00000E+00  0.00000E+00  0.00000E+00  0.00000E+00  5.97389E-02  1.19478E-03
b   6    2  6   14  99  4.66340E-01  1.88070E-01  2.55986E+00 -6.94935E-01  2.05856E+00  2.23710E-02  2.23710E-02
b   6    6  6   14  99  3.14956E-01  1.08503E-01  1.82858E+00 -6.63778E-01  2.08394E+00  6.21000E-01  6.21000E-01
b   6   10  6   14  99  4.07621E-01  9.22398E-01  2.90583E+00 -1.43316E+00  2.86085E+00  4.19800E-02  4.19800E-02
b   6   11  6   14  99  2.87195E-01  1.11752E+00  2.55188E+00 -3.24398E-01  4.28606E+00  5.57500E-02  5.57500E-02
b   6   12  6   14  99  2.41612E-01  9.81350E-01  1.98484E+00 -1.52979E-01  4.20785E+00  1.83200E-01  1.83200E-01
b   6   13  6   14  99  2.00471E-01  5.18871E-01  1.61492E+00 -2.14121E-01  4.02417E+00  1.35500E+00  1.35500E+00
b   6    1  6   15  98  0.00000E+00  0.00000E+00  0.00000E+00  0.00000E+00  0.00000E+00  7.70729E-02  1.54146E-03
b   6    2  6   15  99  4.58778E-01  1.97800E-01  2.49011E+00 -6.77533E-01  2.03672E+00  1.46640E-02  1.46640E-02
b   6    7  6   15  99  3.14956E-01  1.08503E-01  1.82858E+00 -6.63778E-01  2.08394E+00  6.21000E-01  6.21000E-01
b   6   10  6   15  99  4.14749E-01  9.91047E-01  2.94226E+00 -1.45324E+00  2.85683E+00  2.51200E-02  2.51200E-02
b   6   11  6   15  99  2.98177E-01  1.30442E+00  2.63749E+00 -3.27909E-01  4.30499E+00  2.82300E-02  2.82300E-02
b   6   12  6   15  99  2.57530E-01  1.35536E+00  2.07960E+00 -1.53309E-01  4.25651E+00  6.67700E-02  6.67700E-02
b   6   13  6   15  99  2.27609E-01  1.06369E+00  1.78795E+00 -1.65705E-01  4.18431E+00  2.18000E-01  2.18000E-01
b   6   14  6   15  99  2.02586E-01  5.10220E-01  2.13794E+00  2.65866E+00  6.29754E+00  1.57000E+00  1.57000E+00
b   6    1  6   16  98  0.00000E+00  0.00000E+00  0.00000E+00  0.00000E+00  0.00000E+00  9.68065E-02  1.93613E-03
b   6    2  6   16  99  4.54902E-01  1.98045E-01  2.48281E+00 -6.54087E-01  2.05986E+00  1.01400E-02  1.01400E-02
b   6    8  6   16  99  3.14956E-01  1.08503E-01  1.82858E+00 -6.63778E-01  2.08394E+00  6.21000E-01  6.21000E-01
b   6   10  6   16  99  4.19252E-01  1.03809E+00  2.97101E+00 -1.43792E+00  2.87732E+00  1.63800E-02  1.63800E-02
b   6   11  6   16  99  3.01605E-01  1.45439E+00  2.45335E+00 -1.33542E+00  3.52720E+00  1.66600E-02  1.66600E-02
b   6   12  6   16  99  2.68734E-01  1.61792E+00  2.18506E+00 -2.09518E-01  4.30496E+00  3.31200E-02  3.31200E-02
b   6   13  6   16  99  2.42979E-01  1.48906E+00  1.88610E+00 -1.33496E-01  4.28690E+00  7.76200E-02  7.76200E-02
b   6   14  6   16  99  2.19764E-01  1.12020E+00  1.68038E+00 -1.68076E-01  4.18016E+00  2.47700E-01  2.47700E-01
b   6   15  6   16  99  1.25418E-01  1.27592E+00  1.20416E+00  3.19696E+00  9.23527E+00  1.77700E+00  1.77700E+00
b   6    1  6   17  98  0.00000E+00  0.00000E+00  0.00000E+00  0.00000E+00  0.00000E+00  1.18872E-01  2.37745E-03
b   6    2  6   17  99  4.50681E-01  2.04115E-01  2.44008E+00 -6.34339E-01  2.05101E+00  7.29900E-03  7.29900E-03
b   6    9  6   17  99  3.14956E-01  1.08503E-01  1.82858E+00 -6.63778E-01  2.08394E+00  6.21000E-01  6.21000E-01
b   6   10  6   17  99  4.21918E-01  1.07458E+00  2.97215E+00 -1.43263E+00  2.86704E+00  1.13300E-02  1.13300E-02
b   6   11  6   17  99  3.06939E-01  1.54751E+00  2.53256E+00 -1.37284E+00  3.60386E+00  1.08000E-02  1.08000E-02
b   6   12  6   17  99  2.75409E-01  1.81823E+00  2.20723E+00 -1.84246E-01  4.30148E+00  1.93400E-02  1.93400E-02
b   6   13  6   17  99  2.52650E-01  1.81631E+00  1.92460E+00 -8.08732E-02  4.31836E+00  3.79600E-02  3.79600E-02
b   6   14  6   17  99  2.35873E-01  1.58510E+00  1.77608E+00 -1.64812E-01  4.27501E+00  8.69100E-02  8.69100E-02
b   6   15  6   17  99  2.28854E-01  1.07450E+00  2.42081E+00  3.50110E+00  6.79840E+00  2.76600E-01  2.76600E-01
b   6   16  6   17  99  2.22447E-02  1.50521E+00  1.14421E+00 -6.98280E-01  2.00000E+01  2.83000E+00  2.83000E+00
b   6    1  6   18  99  4.52282E-01 -1.39507E-01 -2.15106E+00  2.12694E+01  3.80015E+00  1.91800E-01  1.91800E-01
b   6    1  6   19  99  4.16025E-01 -6.43672E-02 -1.95812E+00  1.88445E+01  3.77283E+00  5.08200E-02  5.08200E-02
b   6    2  6   19  99  4.52282E-01 -1.39507E-01 -2.15106E+00  2.12694E+01  3.80015E+00  2.39750E-01  2.39750E-01
b   6   18  6   19  99  3.14956E-01  1.08503E-01  1.82858E+00 -6.63778E-01  2.08394E+00  1.03500E+00  1.03500E+00
b   6    1  6   20  99  4.20859E-01 -5.95712E-02 -1.95465E+00  1.88852E+01  3.76696E+00  1.83380E-02  1.83380E-02
b   6    3  6   20  99  4.52282E-01 -1.39507E-01 -2.15106E+00  2.12694E+01  3.80015E+00  2.39750E-01  2.39750E-01
b   6   18  6   20  99  3.37910E-01  1.38000E-01  1.90796E+00 -6.17327E-01  2.08936E+00  3.42050E-01  3.42050E-01
b   6   19  6   20  99  1.83073E-01  2.29101E-01  1.60699E+00 -8.99797E-01  3.34621E+00  6.73200E-01  6.73200E-01
b   6    1  6   21  99  4.14656E-01 -5.03270E-02 -1.95819E+00  1.86733E+01  3.77024E+00  8.71600E-03  8.71600E-03
b   6    4  6   21  99  4.52282E-01 -1.39507E-01 -2.15106E+00  2.12694E+01  3.80015E+00  2.39750E-01  2.39750E-01
b   6   18  6   21  99  3.26195E-01  1.66448E-01  1.78457E+00 -5.64271E-01  2.04954E+00  1.57050E-01  1.57050E-01
b   6   19  6   21  99  2.43457E-01  4.19147E-01  2.14322E+00 -1.15960E+00  3.42299E+00  1.34800E-01  1.34800E-01
b   6   20  6   21  99  1.90925E-01  3.43648E-01  1.63356E+00 -1.94919E-01  4.00986E+00  9.48400E-01  9.48400E-01
b   6    1  6   22  99  5.08265E-01 -8.93847E-02 -2.43048E+00  2.32698E+01  3.78048E+00  4.11800E-03  4.11800E-03
b   6    5  6   22  99  4.52282E-01 -1.39507E-01 -2.15106E+00  2.12694E+01  3.80015E+00  2.39750E-01  2.39750E-01
b   6   18  6   22  99  4.76471E-01  1.79391E-01  2.62594E+00 -7.17967E-01  2.06162E+00  6.12000E-02  6.12000E-02
b   6   19  6   22  99  3.95003E-01  8.18183E-01  2.83727E+00 -1.39317E+00  2.87120E+00  4.01200E-02  4.01200E-02
b   6   20  6   22  99  2.68363E-01  8.35674E-01  2.37944E+00 -3.31917E-01  4.19371E+00  1.47200E-01  1.47200E-01
b   6   21  6   22  99  2.10944E-01  4.68188E-01  1.73930E+00 -2.91125E-01  3.94634E+00  1.10300E+00  1.10300E+00
b   6    1  6   23  99  4.98486E-01 -8.67781E-02 -2.36174E+00  2.26785E+01  3.77473E+00  2.51800E-03  2.51800E-03
b   6    6  6   23  99  4.52282E-01 -1.39507E-01 -2.15106E+00  2.12694E+01  3.80015E+00  2.39750E-01  2.39750E-01
b   6   18  6   23  99  4.66340E-01  1.88070E-01  2.55986E+00 -6.94935E-01  2.05856E+00  3.72850E-02  3.72850E-02
b   6   19  6   23  99  4.07621E-01  9.22398E-01  2.90583E+00 -1.43316E+00  2.86085E+00  2.09900E-02  2.09900E-02
b   6   20  6   23  99  2.87195E-01  1.11752E+00  2.55188E+00 -3.24398E-01  4.28606E+00  5.57500E-02  5.57500E-02
b   6   21  6   23  99  2.41612E-01  9.81350E-01  1.98484E+00 -1.52979E-01  4.20785E+00  1.83200E-01  1.83200E-01
b   6   22  6   23  99  2.00471E-01  5.18871E-01  1.61492E+00 -2.14121E-01  4.02417E+00  1.35500E+00  1.35500E+00
b   6    1  6   24  99  4.92164E-01 -8.48352E-02 -2.33207E+00  2.23598E+01  3.77200E+00  1.65080E-03  1.65080E-03
b   6    7  6   24  99  4.52282E-01 -1.39507E-01 -2.15106E+00  2.12694E+01  3.80015E+00  2.39750E-01  2.39750E-01
b   6   18  6   24  99  4.58778E-01  1.97800E-01  2.49011E+00 -6.77533E-01  2.03672E+00  2.44400E-02  2.44400E-02
b   6   19  6   24  99  4.14749E-01  9.91047E-01  2.94226E+00 -1.45324E+00  2.85683E+00  1.25600E-02  1.25600E-02
b   6   20  6   24  99  2.98177E-01  1.30442E+00  2.63749E+00 -3.27909E-01  4.30499E+00  2.82300E-02  2.82300E-02
b   6   21  6   24  99  2.57530E-01  1.35536E+00  2.07960E+00 -1.53309E-01  4.25651E+00  6.67700E-02  6.67700E-02
b   6   22  6   24  99  2.27609E-01  1.06369E+00  1.78795E+00 -1.65705E-01  4.18431E+00  2.18000E-01  2.18000E-01
b   6   23  6   24  99  2.02586E-01  5.10220E-01  2.13794E+00  2.65866E+00  6.29754E+00  1.57000E+00  1.57000E+00
b   6    1  6   25  99  4.86983E-01 -8.11444E-02 -2.33012E+00  2.22071E+01  3.77540E+00  1.14000E-03  1.14000E-03
b   6    8  6   25  99  4.52282E-01 -1.39507E-01 -2.15106E+00  2.12694E+01  3.80015E+00  2.39750E-01  2.39750E-01
b   6   18  6   25  99  4.54902E-01  1.98045E-01  2.48281E+00 -6.54087E-01  2.05986E+00  1.69000E-02  1.69000E-02
b   6   19  6   25  99  4.19252E-01  1.03809E+00  2.97101E+00 -1.43792E+00  2.87732E+00  8.19000E-03  8.19000E-03
b   6   20  6   25  99  3.01605E-01  1.45439E+00  2.45335E+00 -1.33542E+00  3.52720E+00  1.66600E-02  1.66600E-02
b   6   21  6   25  99  2.68734E-01  1.61792E+00  2.18506E+00 -2.09518E-01  4.30496E+00  3.31200E-02  3.31200E-02
b   6   22  6   25  99  2.42979E-01  1.48906E+00  1.88610E+00 -1.33496E-01  4.28690E+00  7.76200E-02  7.76200E-02
b   6   23  6   25  99  2.19764E-01  1.12020E+00  1.68038E+00 -1.68076E-01  4.18016E+00  2.47700E-01  2.47700E-01
b   6   24  6   25  99  1.25418E-01  1.27592E+00  1.20416E+00  3.19696E+00  9.23527E+00  1.77700E+00  1.77700E+00
b   6    1  6   26  99  4.83895E-01 -8.18089E-02 -2.30764E+00  2.20614E+01  3.77727E+00  8.19400E-04  8.19400E-04
b   6    9  6   26  99  4.52282E-01 -1.39507E-01 -2.15106E+00  2.12694E+01  3.80015E+00  2.39750E-01  2.39750E-01
b   6   18  6   26  99  4.50681E-01  2.04115E-01  2.44008E+00 -6.34339E-01  2.05101E+00  1.21650E-02  1.21650E-02
b   6   19  6   26  99  4.21918E-01  1.07458E+00  2.97215E+00 -1.43263E+00  2.86704E+00  5.66500E-03  5.66500E-03
b   6   20  6   26  99  3.06939E-01  1.54751E+00  2.53256E+00 -1.37284E+00  3.60386E+00  1.08000E-02  1.08000E-02
b   6   21  6   26  99  2.75409E-01  1.81823E+00  2.20723E+00 -1.84246E-01  4.30148E+00  1.93400E-02  1.93400E-02
b   6   22  6   26  99  2.52650E-01  1.81631E+00  1.92460E+00 -8.08732E-02  4.31836E+00  3.79600E-02  3.79600E-02
b   6   23  6   26  99  2.35873E-01  1.58510E+00  1.77608E+00 -1.64812E-01  4.27501E+00  8.69100E-02  8.69100E-02
b   6   24  6   26  99  2.28854E-01  1.07450E+00  2.42081E+00  3.50110E+00  6.79840E+00  2.76600E-01  2.76600E-01
b   6   25  6   26  99  2.22447E-02  1.50521E+00  1.14421E+00 -6.98280E-01  2.00000E+01  2.83000E+00  2.83000E+00
f   6    1  5    1  99  4.00000E+00  5.21830E+00
p   6    1  5    1  98  1.59480E+00 -2.00790E+00 -2.89040E-01  3.81810E-02  4.00000E+00  6.41200E+01  6.67000E+01  1.28200E+03
f   6    2  5    1  99  1.00000E+00  3.32000E+00
p   6    2  5    1  99  1.00000E+00  3.32000E+00
f   6    3  5    1  99  1.00000E+00  3.09260E+00
p   6    3  5    1  99  1.00000E+00  3.09260E+00
f   6    4  5    1  99  1.00000E+00  3.01230E+00
p   6    4  5    1  99  1.00000E+00  3.01230E+00
f   6    5  5    1  99  1.00000E+00  3.04200E+00
p   6    5  5    1  99  1.00000E+00  3.04200E+00
f   6    6  5    1  99  1.00000E+00  3.03200E+00
p   6    6  5    1  99  1.00000E+00  3.03200E+00
f   6    7  5    1  99  1.00000E+00  3.00320E+00
p   6    7  5    1  99  1.00000E+00  3.00320E+00
f   6    8  5    1  99  1.00000E+00  3.00320E+00
p   6    8  5    1  99  1.00000E+00  3.00320E+00
f   6    9  5    1  99  1.00000E+00  3.00050E+00
p   6    9  5    1  99  1.00000E+00  3.00050E+00
f   6    2  5    2  99  3.00000E+00  3.32000E+00
p   6    2  5    2  98  1.59480E+00 -2.00790E+00 -2.89040E-01  3.81810E-02  4.00000E+00  6.41200E+01  6.67000E+01  1.28200E+03
f   6   10  5    2  99  2.00000E+00  3.88400E+00
p   6   10  5    2  99  2.00000E+00  3.88400E+00
f   6   11  5    2  99  1.00000E+00  3.14930E+00
p   6   11  5    2  99  1.00000E+00  3.14930E+00
f   6   12  5    2  99  1.00000E+00  3.03060E+00
p   6   12  5    2  99  1.00000E+00  3.03060E+00
f   6   13  5    2  99  1.00000E+00  3.04800E+00
p   6   13  5    2  99  1.00000E+00  3.04800E+00
f   6   14  5    2  99  1.00000E+00  3.03600E+00
p   6   14  5    2  99  1.00000E+00  3.03600E+00
f   6   15  5    2  99  1.00000E+00  3.01220E+00
p   6   15  5    2  99  1.00000E+00  3.01220E+00
f   6   16  5    2  99  1.00000E+00  3.01020E+00
p   6   16  5    2  99  1.00000E+00  3.01020E+00
f   6   17  5    2  99  1.00000E+00  3.00050E+00
p   6   17  5    2  99  1.00000E+00  3.00050E+00
f   6    3  5    3  99  3.00000E+00  3.09260E+00
p   6    3  5    3  98  1.59480E+00 -2.00790E+00 -2.89040E-01  3.81810E-02  4.00000E+00  6.41200E+01  6.67000E+01  1.28200E+03
f   6   11  5    3  99  1.00000E+00  3.14930E+00
p   6   11  5    3  99  1.00000E+00  3.14930E+00
f   6    4  5    4  99  3.00000E+00  3.01230E+00
p   6    4  5    4  98  1.59480E+00 -2.00790E+00 -2.89040E-01  3.81810E-02  4.00000E+00  6.41200E+01  6.67000E+01  1.28200E+03
f   6   12  5    4  99  1.00000E+00  3.03060E+00
p   6   12  5    4  99  1.00000E+00  3.03060E+00
f   6    5  5    5  99  3.00000E+00  3.04200E+00
p   6    5  5    5  98  1.59480E+00 -2.00790E+00 -2.89040E-01  3.81810E-02  4.00000E+00  6.41200E+01  6.67000E+01  1.28200E+03
f   6   13  5    5  99  1.00000E+00  3.04800E+00
p   6   13  5    5  99  1.00000E+00  3.04800E+00
f   6    6  5    6  99  3.00000E+00  3.03200E+00
p   6    6  5    6  98  1.59480E+00 -2.00790E+00 -2.89040E-01  3.81810E-02  4.00000E+00  6.41200E+01  6.67000E+01  1.28200E+03
f   6   14  5    6  99  1.00000E+00  3.03600E+00
p   6   14  5    6  99  1.00000E+00  3.03600E+00
f   6    7  5    7  99  3.00000E+00  3.00320E+00
p   6    7  5    7  98  1.59480E+00 -2.00790E+00 -2.89040E-01  3.81810E-02  4.00000E+00  6.41200E+01  6.67000E+01  1.28200E+03
f   6   15  5    7  99  1.00000E+00  3.01220E+00
p   6   15  5    7  99  1.00000E+00  3.01220E+00
f   6    8  5    8  99  3.00000E+00  3.00320E+00
p   6    8  5    8  98  1.59480E+00 -2.00790E+00 -2.89040E-01  3.81810E-02  4.00000E+00  6.41200E+01  6.67000E+01  1.28200E+03
f   6   16  5    8  99  1.00000E+00  3.01020E+00
p   6   16  5    8  99  1.00000E+00  3.01020E+00
f   6    9  5    9  99  3.00000E+00  3.00050E+00
p   6    9  5    9  98  1.59480E+00 -2.00790E+00 -2.89040E-01  3.81810E-02  4.00000E+00  6.41200E+01  6.67000E+01  1.28200E+03
f   6   17  5    9  99  1.00000E+00  3.00050E+00
p   6   17  5    9  99  1.00000E+00  3.00050E+00
f   6   10  5   10  99  2.00000E+00  3.88400E+00
p   6   10  5   10  98  1.59480E+00 -2.00790E+00 -2.89040E-01  3.81810E-02  4.00000E+00  6.41200E+01  6.67000E+01  1.28200E+03
f   6   11  5   11  99  2.00000E+00  3.14930E+00
p   6   11  5   11  98  1.59480E+00 -2.00790E+00 -2.89040E-01  3.81810E-02  4.00000E+00  6.41200E+01  6.67000E+01  1.28200E+03
f   6   12  5   12  99  2.00000E+00  3.03060E+00
p   6   12  5   12  98  1.59480E+00 -2.00790E+00 -2.89040E-01  3.81810E-02  4.00000E+00  6.41200E+01  6.67000E+01  1.28200E+03
f   6   13  5   13  99  2.00000E+00  3.04800E+00
p   6   13  5   13  98  1.59480E+00 -2.00790E+00 -2.89040E-01  3.81810E-02  4.00000E+00  6.41200E+01  6.67000E+01  1.28200E+03
f   6   14  5   14  99  2.00000E+00  3.03600E+00
p   6   14  5   14  98  1.59480E+00 -2.00790E+00 -2.89040E-01  3.81810E-02  4.00000E+00  6.41200E+01  6.67000E+01  1.28200E+03
f   6   15  5   15  99  2.00000E+00  3.01220E+00
p   6   15  5   15  98  1.59480E+00 -2.00790E+00 -2.89040E-01  3.81810E-02  4.00000E+00  6.41200E+01  6.67000E+01  1.28200E+03
f   6   16  5   16  99  2.00000E+00  3.01020E+00
p   6   16  5   16  98  1.59480E+00 -2.00790E+00 -2.89040E-01  3.81810E-02  4.00000E+00  6.41200E+01  6.67000E+01  1.28200E+03
f   6   17  5   17  99  2.00000E+00  3.00050E+00
p   6   17  5   17  98  1.59480E+00 -2.00790E+00 -2.89040E-01  3.81810E-02  4.00000E+00  6.41200E+01  6.67000E+01  1.28200E+03
f   6    1  5   18  99  2.00000E+00  5.21830E+00
p   6    1  5   18  98  2.23040E+00 -2.31590E+00 -2.60750E-01  2.83610E-02  2.00000E+00  5.82000E+02  6.05300E+02  1.16400E+04
f   6   18  5   18  99  5.00000E+00  5.85440E+00
p   6   18  5   18  98  1.59480E+00 -2.00790E+00 -2.89040E-01  3.81810E-02  4.00000E+00  6.41200E+01  6.67000E+01  1.28200E+03
f   6   19  5   18  99  1.00000E+00  3.40000E+00
p   6   19  5   18  99  1.00000E+00  3.40000E+00
f   6   20  5   18  99  1.00000E+00  3.11580E+00
p   6   20  5   18  99  1.00000E+00  3.11580E+00
f   6   21  5   18  99  1.00000E+00  3.01140E+00
p   6   21  5   18  99  1.00000E+00  3.01140E+00
f   6   22  5   18  99  1.00000E+00  3.05100E+00
p   6   22  5   18  99  1.00000E+00  3.05100E+00
f   6   23  5   18  99  1.00000E+00  3.04100E+00
p   6   23  5   18  99  1.00000E+00  3.04100E+00
f   6   24  5   18  99  1.00000E+00  3.00410E+00
p   6   24  5   18  99  1.00000E+00  3.00410E+00
f   6   25  5   18  99  1.00000E+00  3.00410E+00
p   6   25  5   18  99  1.00000E+00  3.00410E+00
f   6   26  5   18  99  1.00000E+00  3.00050E+00
p   6   26  5   18  99  1.00000E+00  3.00050E+00
f   6    2  5   19  99  2.00000E+00  3.32000E+00
p   6    2  5   19  98  2.23040E+00 -2.31590E+00 -2.60750E-01  2.83610E-02  2.00000E+00  5.82000E+02  6.05300E+02  1.16400E+04
f   6   19  5   19  99  4.00000E+00  3.40000E+00
p   6   19  5   19  98  1.59480E+00 -2.00790E+00 -2.89040E-01  3.81810E-02  4.00000E+00  6.41200E+01  6.67000E+01  1.28200E+03
f   6    3  5   20  99  2.00000E+00  3.09260E+00
p   6    3  5   20  98  2.23040E+00 -2.31590E+00 -2.60750E-01  2.83610E-02  2.00000E+00  5.82000E+02  6.05300E+02  1.16400E+04
f   6   20  5   20  99  4.00000E+00  3.11580E+00
p   6   20  5   20  98  1.59480E+00 -2.00790E+00 -2.89040E-01  3.81810E-02  4.00000E+00  6.41200E+01  6.67000E+01  1.28200E+03
f   6    4  5   21  99  2.00000E+00  3.01230E+00
p   6    4  5   21  98  2.23040E+00 -2.31590E+00 -2.60750E-01  2.83610E-02  2.00000E+00  5.82000E+02  6.05300E+02  1.16400E+04
f   6   21  5   21  99  4.00000E+00  3.01140E+00
p   6   21  5   21  98  1.59480E+00 -2.00790E+00 -2.89040E-01  3.81810E-02  4.00000E+00  6.41200E+01  6.67000E+01  1.28200E+03
f   6    5  5   22  99  2.00000E+00  3.04200E+00
p   6    5  5   22  98  2.23040E+00 -2.31590E+00 -2.60750E-01  2.83610E-02  2.00000E+00  5.82000E+02  6.05300E+02  1.16400E+04
f   6   22  5   22  99  4.00000E+00  3.05100E+00
p   6   22  5   22  98  1.59480E+00 -2.00790E+00 -2.89040E-01  3.81810E-02  4.00000E+00  6.41200E+01  6.67000E+01  1.28200E+03
f   6    6  5   23  99  2.00000E+00  3.03200E+00
p   6    6  5   23  98  2.23040E+00 -2.31590E+00 -2.60750E-01  2.83610E-02  2.00000E+00  5.82000E+02  6.05300E+02  1.16400E+04
f   6   23  5   23  99  4.00000E+00  3.04100E+00
p   6   23  5   23  98  1.59480E+00 -2.00790E+00 -2.89040E-01  3.81810E-02  4.00000E+00  6.41200E+01  6.67000E+01  1.28200E+03
f   6    7  5   24  99  2.00000E+00  3.00320E+00
p   6    7  5   24  98  2.23040E+00 -2.31590E+00 -2.60750E-01  2.83610E-02  2.00000E+00  5.82000E+02  6.05300E+02  1.16400E+04
f   6   24  5   24  99  4.00000E+00  3.00410E+00
p   6   24  5   24  98  1.59480E+00 -2.00790E+00 -2.89040E-01  3.81810E-02  4.00000E+00  6.41200E+01  6.67000E+01  1.28200E+03
f   6    8  5   25  99  2.00000E+00  3.00320E+00
p   6    8  5   25  98  2.23040E+00 -2.31590E+00 -2.60750E-01  2.83610E-02  2.00000E+00  5.82000E+02  6.05300E+02  1.16400E+04
f   6   25  5   25  99  4.00000E+00  3.00410E+00
p   6   25  5   25  98  1.59480E+00 -2.00790E+00 -2.89040E-01  3.81810E-02  4.00000E+00  6.41200E+01  6.67000E+01  1.28200E+03
f   6    9  5   26  99  2.00000E+00  3.00050E+00
p   6    9  5   26  98  2.23040E+00 -2.31590E+00 -2.60750E-01  2.83610E-02  2.00000E+00  5.82000E+02  6.05300E+02  1.16400E+04
f   6   26  5   26  99  4.00000E+00  3.00050E+00
p   6   26  5   26  98  1.59480E+00 -2.00790E+00 -2.89040E-01  3.81810E-02  4.00000E+00  6.41200E+01  6.67000E+01  1.28200E+03
a   6   10  5    1   5.09985E+13
a   6   11  5    1   9.83160E+12
a   6   12  5    1   3.09825E+12
a   6   13  5    1   1.23136E+12
a   6   14  5    1   5.69700E+11
a   6   15  5    1   2.92208E+11
a   6   16  5    1   1.62153E+11
a   6   17  5    1   9.57510E+10
a   6   18  5    1   1.73710E+14
a   6   19  5    1   3.45020E+12
a   6   20  5    1   6.92120E+11
a   6   21  5    1   2.09800E+11
a   6   22  5    1   8.04420E+10
a   6   23  5    1   3.72180E+10
a   6   24  5    1   1.90894E+10
a   6   25  5    1   1.05932E+10
a   6   26  5    1   6.25520E+09
a   6   19  5    2   1.04226E+14
a   6   20  5    3   1.04226E+14
a   6   21  5    4   1.04226E+14
a   6   22  5    5   1.04226E+14
a   6   23  5    6   1.04226E+14
a   6   24  5    7   1.04226E+14
a   6   25  5    8   1.04226E+14
a   6   26  5    9   1.04226E+14
b   7    1  7    2  99  3.01975E-01  1.21640E-01  2.34719E+00 -1.05401E+00  2.74520E+00  4.77100E-01  4.77100E-01
b   7    1  7    3  99  3.13453E-01  2.44498E-01  1.69594E+00 -5.95072E-01  2.05681E+00  1.76750E-01  1.76750E-01
b   7    2  7    3  99  1.60980E-01  3.38453E-01  1.31675E+00 -1.63599E-01  3.99439E+00  6.97000E-01  6.97000E-01
b   7    1  7    4  99  3.24217E-01  2.39475E-01  1.78693E+00 -6.83594E-01  2.06824E+00  8.64500E-02  8.64500E-02
b   7    2  7    4  99  2.15421E-01  6.08138E-01  1.77019E+00 -2.14167E-01  4.08766E+00  1.17600E-01  1.17600E-01
b   7    3  7    4  99  1.74330E-01  4.48982E-01  1.35784E+00 -1.90387E-01  3.94764E+00  1.00100E+00  1.00100E+00
b   7    1  7    5  99  6.53793E-01  2.40840E-01  3.73917E+00 -1.31611E+00  2.07998E+00  2.98400E-02  2.98400E-02
b   7    2  7    5  99  4.05808E-01  1.11570E+00  3.26438E+00 -1.80069E+00  3.38478E+00  3.17000E-02  3.17000E-02
b   7    3  7    5  99  2.44805E-01  1.03769E+00  1.94588E+00 -2.02638E-01  4.18860E+00  1.37900E-01  1.37900E-01
b   7    4  7    5  99  2.05405E-01  5.56379E-01  2.10930E+00  2.68964E+00  6.30218E+00  1.13900E+00  1.13900E+00
b   7    1  7    6  99  6.34979E-01  2.35568E-01  3.62304E+00 -1.27489E+00  2.07642E+00  1.85650E-02  1.85650E-02
b   7    2  7    6  99  4.29125E-01  1.26576E+00  3.47453E+00 -1.87758E+00  3.43531E+00  1.61900E-02  1.61900E-02
b   7    3  7    6  99  2.64205E-01  1.38071E+00  2.07216E+00 -1.62184E-01  4.25799E+00  5.03900E-02  5.03900E-02
b   7    4  7    6  99  2.23215E-01  1.13592E+00  1.65240E+00 -1.38405E-01  4.12202E+00  1.78700E-01  1.78700E-01
b   7    5  7    6  99  1.31539E-01  1.27954E+00  1.22295E+00  3.07241E+00  8.93333E+00  1.40500E+00  1.40500E+00
b   7    1  7    7  99  6.21624E-01  2.35968E-01  3.51752E+00 -1.21259E+00  2.06729E+00  1.23300E-02  1.23300E-02
b   7    2  7    7  99  4.41181E-01  1.37463E+00  3.52464E+00 -1.94282E+00  3.39902E+00  9.55500E-03  9.55500E-03
b   7    3  7    7  99  2.76355E-01  1.61532E+00  2.12790E+00 -1.58035E-01  4.23699E+00  2.50100E-02  2.50100E-02
b   7    4  7    7  99  2.38807E-01  1.54384E+00  1.76546E+00 -1.49933E-01  4.23188E+00  6.36000E-02  6.36000E-02
b   7    5  7    7  99  2.27754E-01  1.12366E+00  2.34039E+00  3.40271E+00  6.74852E+00  2.16400E-01  2.16400E-01
b   7    6  7    7  99  6.49256E-03  2.43542E+00  1.97320E+00 -3.31170E+00  2.00000E+01  1.61500E+00  1.61500E+00
b   7    1  7    8  99  6.13102E-01  2.31714E-01  3.48391E+00 -1.20892E+00  2.07855E+00  8.60500E-03  8.60500E-03
b   7    2  7    8  99  4.50850E-01  1.44044E+00  3.64591E+00 -2.01882E+00  3.44642E+00  6.17800E-03  6.17800E-03
b   7    3  7    8  99  2.85026E-01  1.77829E+00  2.21275E+00 -1.61564E-01  4.30939E+00  1.45800E-02  1.45800E-02
b   7    4  7    8  99  2.49031E-01  1.84466E+00  1.82477E+00 -1.21973E-01  4.30383E+00  3.11000E-02  3.11000E-02
b   7    5  7    8  99  2.28948E-01  1.64720E+00  1.61123E+00 -1.28442E-01  4.21056E+00  7.58400E-02  7.58400E-02
b   7    6  7    8  99  2.21424E-01  1.16599E+00  2.24602E+00  3.24707E+00  6.80173E+00  2.46800E-01  2.46800E-01
b   7    7  7    8  99 -2.16059E-02  2.63558E+00  2.02245E+00  1.31918E+01  2.00000E+01  1.81700E+00  1.81700E+00
b   7    1  7    9  99  6.05836E-01  2.34191E-01  3.40321E+00 -1.18248E+00  2.04730E+00  6.23500E-03  6.23500E-03
b   7    2  7    9  99  4.56686E-01  1.49358E+00  3.66149E+00 -1.98841E+00  3.42818E+00  4.25000E-03  4.25000E-03
b   7    3  7    9  99  2.90591E-01  1.90277E+00  2.21180E+00 -1.12978E-01  4.26291E+00  9.37500E-03  9.37500E-03
b   7    4  7    9  99  2.55528E-01  2.07539E+00  1.80555E+00 -5.01509E-02  4.25640E+00  1.79800E-02  1.79800E-02
b   7    5  7    9  99  2.38267E-01  1.99816E+00  1.62627E+00 -5.80781E-02  4.22708E+00  3.67100E-02  3.67100E-02
b   7    6  7    9  99  2.39437E-01  1.62152E+00  2.36837E+00  3.67493E+00  6.94087E+00  8.56000E-02  8.56000E-02
b   7    7  7    9  99  2.61138E-01  1.03302E+00  5.02679E+00  1.23115E+01  1.02321E+01  2.75900E-01  2.75900E-01
b   7    8  7    9  99 -6.23524E-01  6.10824E+00  8.45051E+02 -3.34513E+01  1.21329E+00  3.51000E+01  3.51000E+01
b   7    1  7   10  98  0.00000E+00  0.00000E+00  0.00000E+00  0.00000E+00  0.00000E+00  1.37721E-02  2.75442E-04
b   7    2  7   10  99  3.01975E-01  1.21640E-01  2.34719E+00 -1.05401E+00  2.74520E+00  3.60476E-01  3.60476E-01
b   7    1  7   11  98  0.00000E+00  0.00000E+00  0.00000E+00  0.00000E+00  0.00000E+00  2.36874E-02  4.73748E-04
b   7    2  7   11  99  3.13453E-01  2.44498E-01  1.69594E+00 -5.95072E-01  2.05681E+00  1.41400E-01  1.41400E-01
b   7    3  7   11  99  3.01975E-01  1.21640E-01  2.34719E+00 -1.05401E+00  2.74520E+00  3.81680E-01  3.81680E-01
b   7   10  7   11  99  1.60980E-01  3.38453E-01  1.31675E+00 -1.63599E-01  3.99439E+00  1.39400E+00  1.39400E+00
b   7    1  7   12  98  0.00000E+00  0.00000E+00  0.00000E+00  0.00000E+00  0.00000E+00  3.55123E-02  7.10246E-04
b   7    2  7   12  99  3.24217E-01  2.39475E-01  1.78693E+00 -6.83594E-01  2.06824E+00  6.91600E-02  6.91600E-02
b   7    4  7   12  99  3.01975E-01  1.21640E-01  2.34719E+00 -1.05401E+00  2.74520E+00  3.81680E-01  3.81680E-01
b   7   10  7   12  99  2.15421E-01  6.08138E-01  1.77019E+00 -2.14167E-01  4.08766E+00  2.35200E-01  2.35200E-01
b   7   11  7   12  99  1.74330E-01  4.48982E-01  1.35784E+00 -1.90387E-01  3.94764E+00  1.00100E+00  1.00100E+00
b   7    1  7   13  98  0.00000E+00  0.00000E+00  0.00000E+00  0.00000E+00  0.00000E+00  5.03179E-02  1.00636E-03
b   7    2  7   13  99  6.53793E-01  2.40840E-01  3.73917E+00 -1.31611E+00  2.07998E+00  2.38720E-02  2.38720E-02
b   7    5  7   13  99  3.01975E-01  1.21640E-01  2.34719E+00 -1.05401E+00  2.74520E+00  3.81680E-01  3.81680E-01
b   7   10  7   13  99  4.05808E-01  1.11570E+00  3.26438E+00 -1.80069E+00  3.38478E+00  6.34000E-02  6.34000E-02
b   7   11  7   13  99  2.44805E-01  1.03769E+00  1.94588E+00 -2.02638E-01  4.18860E+00  1.37900E-01  1.37900E-01
b   7   12  7   13  99  2.05405E-01  5.56379E-01  2.10930E+00  2.68964E+00  6.30218E+00  1.13900E+00  1.13900E+00
b   7    1  7   14  98  0.00000E+00  0.00000E+00  0.00000E+00  0.00000E+00  0.00000E+00  6.76846E-02  1.35369E-03
b   7    2  7   14  99  6.34979E-01  2.35568E-01  3.62304E+00 -1.27489E+00  2.07642E+00  1.48520E-02  1.48520E-02
b   7    6  7   14  99  3.01975E-01  1.21640E-01  2.34719E+00 -1.05401E+00  2.74520E+00  3.81680E-01  3.81680E-01
b   7   10  7   14  99  4.29125E-01  1.26576E+00  3.47453E+00 -1.87758E+00  3.43531E+00  3.23800E-02  3.23800E-02
b   7   11  7   14  99  2.64205E-01  1.38071E+00  2.07216E+00 -1.62184E-01  4.25799E+00  5.03900E-02  5.03900E-02
b   7   12  7   14  99  2.23215E-01  1.13592E+00  1.65240E+00 -1.38405E-01  4.12202E+00  1.78700E-01  1.78700E-01
b   7   13  7   14  99  1.31539E-01  1.27954E+00  1.22295E+00  3.07241E+00  8.93333E+00  1.40500E+00  1.40500E+00
b   7    1  7   15  98  0.00000E+00  0.00000E+00  0.00000E+00  0.00000E+00  0.00000E+00  8.76716E-02  1.75343E-03
b   7    2  7   15  99  6.21624E-01  2.35968E-01  3.51752E+00 -1.21259E+00  2.06729E+00  9.86400E-03  9.86400E-03
b   7    7  7   15  99  3.01975E-01  1.21640E-01  2.34719E+00 -1.05401E+00  2.74520E+00  3.81680E-01  3.81680E-01
b   7   10  7   15  99  4.41181E-01  1.37463E+00  3.52464E+00 -1.94282E+00  3.39902E+00  1.91100E-02  1.91100E-02
b   7   11  7   15  99  2.76355E-01  1.61532E+00  2.12790E+00 -1.58035E-01  4.23699E+00  2.50100E-02  2.50100E-02
b   7   12  7   15  99  2.38807E-01  1.54384E+00  1.76546E+00 -1.49933E-01  4.23188E+00  6.36000E-02  6.36000E-02
b   7   13  7   15  99  2.27754E-01  1.12366E+00  2.34039E+00  3.40271E+00  6.74852E+00  2.16400E-01  2.16400E-01
b   7   14  7   15  99  6.49256E-03  2.43542E+00  1.97320E+00 -3.31170E+00  2.00000E+01  1.61500E+00  1.61500E+00
b   7    1  7   16  98  0.00000E+00  0.00000E+00  0.00000E+00  0.00000E+00  0.00000E+00  1.10430E-01  2.20860E-03
b   7    2  7   16  99  6.13102E-01  2.31714E-01  3.48391E+00 -1.20892E+00  2.07855E+00  6.88400E-03  6.88400E-03
b   7    8  7   16  99  3.01975E-01  1.21640E-01  2.34719E+00 -1.05401E+00  2.74520E+00  3.81680E-01  3.81680E-01
b   7   10  7   16  99  4.50850E-01  1.44044E+00  3.64591E+00 -2.01882E+00  3.44642E+00  1.23560E-02  1.23560E-02
b   7   11  7   16  99  2.85026E-01  1.77829E+00  2.21275E+00 -1.61564E-01  4.30939E+00  1.45800E-02  1.45800E-02
b   7   12  7   16  99  2.49031E-01  1.84466E+00  1.82477E+00 -1.21973E-01  4.30383E+00  3.11000E-02  3.11000E-02
b   7   13  7   16  99  2.28948E-01  1.64720E+00  1.61123E+00 -1.28442E-01  4.21056E+00  7.58400E-02  7.58400E-02
b   7   14  7   16  99  2.21424E-01  1.16599E+00  2.24602E+00  3.24707E+00  6.80173E+00  2.46800E-01  2.46800E-01
b   7   15  7   16  99 -2.16059E-02  2.63558E+00  2.02245E+00  1.31918E+01  2.00000E+01  1.81700E+00  1.81700E+00
b   7    1  7   17  98  0.00000E+00  0.00000E+00  0.00000E+00  0.00000E+00  0.00000E+00  1.35870E-01  2.71741E-03
b   7    2  7   17  99  6.05836E-01  2.34191E-01  3.40321E+00 -1.18248E+00  2.04730E+00  4.98800E-03  4.98800E-03
b   7    9  7   17  99  3.01975E-01  1.21640E-01  2.34719E+00 -1.05401E+00  2.74520E+00  3.81680E-01  3.81680E-01
b   7   10  7   17  99  4.56686E-01  1.49358E+00  3.66149E+00 -1.98841E+00  3.42818E+00  8.50000E-03  8.50000E-03
b   7   11  7   17  99  2.90591E-01  1.90277E+00  2.21180E+00 -1.12978E-01  4.26291E+00  9.37500E-03  9.37500E-03
b   7   12  7   17  99  2.55528E-01  2.07539E+00  1.80555E+00 -5.01509E-02  4.25640E+00  1.79800E-02  1.79800E-02
b   7   13  7   17  99  2.38267E-01  1.99816E+00  1.62627E+00 -5.80781E-02  4.22708E+00  3.67100E-02  3.67100E-02
b   7   14  7   17  99  2.39437E-01  1.62152E+00  2.36837E+00  3.67493E+00  6.94087E+00  8.56000E-02  8.56000E-02
b   7   15  7   17  99  2.61138E-01  1.03302E+00  5.02679E+00  1.23115E+01  1.02321E+01  2.75900E-01  2.75900E-01
b   7   16  7   17  99 -6.23524E-01  6.10824E+00  8.45051E+02 -3.34513E+01  1.21329E+00  3.51000E+01  3.51000E+01
b   7    1  7   18  99  4.55197E-01 -1.21961E-01 -2.25814E+00  2.15507E+01  3.79900E+00  1.22625E-01  1.22625E-01
b   7    1  7   19  99  4.09295E-01 -7.27031E-02 -1.92166E+00  1.86485E+01  3.77556E+00  2.93600E-02  2.93600E-02
b   7    2  7   19  99  4.55197E-01 -1.21961E-01 -2.25814E+00  2.15507E+01  3.79900E+00  1.63500E-01  1.63500E-01
b   7   18  7   19  99  3.01975E-01  1.21640E-01  2.34719E+00 -1.05401E+00  2.74520E+00  5.72520E-01  5.72520E-01
b   7    1  7   20  99  4.24211E-01 -7.67390E-02 -1.99303E+00  1.93220E+01  3.77828E+00  1.01580E-02  1.01580E-02
b   7    3  7   20  99  4.55197E-01 -1.21961E-01 -2.25814E+00  2.15507E+01  3.79900E+00  1.63500E-01  1.63500E-01
b   7   18  7   20  99  3.13453E-01  2.44498E-01  1.69594E+00 -5.95072E-01  2.05681E+00  2.12100E-01  2.12100E-01
b   7   19  7   20  99  1.60980E-01  3.38453E-01  1.31675E+00 -1.63599E-01  3.99439E+00  6.97000E-01  6.97000E-01
b   7    1  7   21  99  4.24251E-01 -7.85623E-02 -1.98294E+00  1.92624E+01  3.77563E+00  4.71800E-03  4.71800E-03
b   7    4  7   21  99  4.55197E-01 -1.21961E-01 -2.25814E+00  2.15507E+01  3.79900E+00  1.63500E-01  1.63500E-01
b   7   18  7   21  99  3.24217E-01  2.39475E-01  1.78693E+00 -6.83594E-01  2.06824E+00  1.03740E-01  1.03740E-01
b   7   19  7   21  99  2.15421E-01  6.08138E-01  1.77019E+00 -2.14167E-01  4.08766E+00  1.17600E-01  1.17600E-01
b   7   20  7   21  99  1.74330E-01  4.48982E-01  1.35784E+00 -1.90387E-01  3.94764E+00  1.00100E+00  1.00100E+00
b   7    1  7   22  99  5.18241E-01 -1.16564E-01 -2.48498E+00  2.38881E+01  3.77970E+00  2.19800E-03  2.19800E-03
b   7    5  7   22  99  4.55197E-01 -1.21961E-01 -2.25814E+00  2.15507E+01  3.79900E+00  1.63500E-01  1.63500E-01
b   7   18  7   22  99  6.53793E-01  2.40840E-01  3.73917E+00 -1.31611E+00  2.07998E+00  3.58080E-02  3.58080E-02
b   7   19  7   22  99  4.05808E-01  1.11570E+00  3.26438E+00 -1.80069E+00  3.38478E+00  3.17000E-02  3.17000E-02
b   7   20  7   22  99  2.44805E-01  1.03769E+00  1.94588E+00 -2.02638E-01  4.18860E+00  1.37900E-01  1.37900E-01
b   7   21  7   22  99  2.05405E-01  5.56379E-01  2.10930E+00  2.68964E+00  6.30218E+00  1.13900E+00  1.13900E+00
b   7    1  7   23  99  5.08142E-01 -1.16969E-01 -2.43756E+00  2.34863E+01  3.78432E+00  1.32980E-03  1.32980E-03
b   7    6  7   23  99  4.55197E-01 -1.21961E-01 -2.25814E+00  2.15507E+01  3.79900E+00  1.63500E-01  1.63500E-01
b   7   18  7   23  99  6.34979E-01  2.35568E-01  3.62304E+00 -1.27489E+00  2.07642E+00  2.22780E-02  2.22780E-02
b   7   19  7   23  99  4.29125E-01  1.26576E+00  3.47453E+00 -1.87758E+00  3.43531E+00  1.61900E-02  1.61900E-02
b   7   20  7   23  99  2.64205E-01  1.38071E+00  2.07216E+00 -1.62184E-01  4.25799E+00  5.03900E-02  5.03900E-02
b   7   21  7   23  99  2.23215E-01  1.13592E+00  1.65240E+00 -1.38405E-01  4.12202E+00  1.78700E-01  1.78700E-01
b   7   22  7   23  99  1.31539E-01  1.27954E+00  1.22295E+00  3.07241E+00  8.93333E+00  1.40500E+00  1.40500E+00
b   7    1  7   24  99  5.00214E-01 -1.13889E-01 -2.42318E+00  2.32431E+01  3.79071E+00  8.65000E-04  8.65000E-04
b   7    7  7   24  99  4.55197E-01 -1.21961E-01 -2.25814E+00  2.15507E+01  3.79900E+00  1.63500E-01  1.63500E-01
b   7   18  7   24  99  6.21624E-01  2.35968E-01  3.51752E+00 -1.21259E+00  2.06729E+00  1.47960E-02  1.47960E-02
b   7   19  7   24  99  4.41181E-01  1.37463E+00  3.52464E+00 -1.94282E+00  3.39902E+00  9.55500E-03  9.55500E-03
b   7   20  7   24  99  2.76355E-01  1.61532E+00  2.12790E+00 -1.58035E-01  4.23699E+00  2.50100E-02  2.50100E-02
b   7   21  7   24  99  2.38807E-01  1.54384E+00  1.76546E+00 -1.49933E-01  4.23188E+00  6.36000E-02  6.36000E-02
b   7   22  7   24  99  2.27754E-01  1.12366E+00  2.34039E+00  3.40271E+00  6.74852E+00  2.16400E-01  2.16400E-01
b   7   23  7   24  99  6.49256E-03  2.43542E+00  1.97320E+00 -3.31170E+00  2.00000E+01  1.61500E+00  1.61500E+00
b   7    1  7   25  99  4.95774E-01 -1.16926E-01 -2.37579E+00  2.29577E+01  3.78830E+00  5.93800E-04  5.93800E-04
b   7    8  7   25  99  4.55197E-01 -1.21961E-01 -2.25814E+00  2.15507E+01  3.79900E+00  1.63500E-01  1.63500E-01
b   7   18  7   25  99  6.13102E-01  2.31714E-01  3.48391E+00 -1.20892E+00  2.07855E+00  1.03260E-02  1.03260E-02
b   7   19  7   25  99  4.50850E-01  1.44044E+00  3.64591E+00 -2.01882E+00  3.44642E+00  6.17800E-03  6.17800E-03
b   7   20  7   25  99  2.85026E-01  1.77829E+00  2.21275E+00 -1.61564E-01  4.30939E+00  1.45800E-02  1.45800E-02
b   7   21  7   25  99  2.49031E-01  1.84466E+00  1.82477E+00 -1.21973E-01  4.30383E+00  3.11000E-02  3.11000E-02
b   7   22  7   25  99  2.28948E-01  1.64720E+00  1.61123E+00 -1.28442E-01  4.21056E+00  7.58400E-02  7.58400E-02
b   7   23  7   25  99  2.21424E-01  1.16599E+00  2.24602E+00  3.24707E+00  6.80173E+00  2.46800E-01  2.46800E-01
b   7   24  7   25  99 -2.16059E-02  2.63558E+00  2.02245E+00  1.31918E+01  2.00000E+01  1.81700E+00  1.81700E+00
b   7    1  7   26  99  4.91493E-01 -1.16067E-01 -2.35211E+00  2.27196E+01  3.78529E+00  4.24600E-04  4.24600E-04
b   7    9  7   26  99  4.55197E-01 -1.21961E-01 -2.25814E+00  2.15507E+01  3.79900E+00  1.63500E-01  1.63500E-01
b   7   18  7   26  99  6.05836E-01  2.34191E-01  3.40321E+00 -1.18248E+00  2.04730E+00  7.48200E-03  7.48200E-03
b   7   19  7   26  99  4.56686E-01  1.49358E+00  3.66149E+00 -1.98841E+00  3.42818E+00  4.25000E-03  4.25000E-03
b   7   20  7   26  99  2.90591E-01  1.90277E+00  2.21180E+00 -1.12978E-01  4.26291E+00  9.37500E-03  9.37500E-03
b   7   21  7   26  99  2.55528E-01  2.07539E+00  1.80555E+00 -5.01509E-02  4.25640E+00  1.79800E-02  1.79800E-02
b   7   22  7   26  99  2.38267E-01  1.99816E+00  1.62627E+00 -5.80781E-02  4.22708E+00  3.67100E-02  3.67100E-02
b   7   23  7   26  99  2.39437E-01  1.62152E+00  2.36837E+00  3.67493E+00  6.94087E+00  8.56000E-02  8.56000E-02
b   7   24  7   26  99  2.61138E-01  1.03302E+00  5.02679E+00  1.23115E+01  1.02321E+01  2.75900E-01  2.75900E-01
b   7   25  7   26  99 -6.23524E-01  6.10824E+00  8.45051E+02 -3.34513E+01  1.21329E+00  3.51000E+01  3.51000E+01
f   7    1  6    1  99  5.00000E+00  4.91640E+00
p   7    1  6    1  98  1.61240E+00 -1.48810E+00 -5.13740E-01  7.38260E-02  5.00000E+00  4.52700E+01  4.71000E+01  9.05000E+02
f   7    2  6    1  99  1.00000E+00  2.41600E+00
p   7    2  6    1  99  1.00000E+00  2.41600E+00
f   7    3  6    1  99  1.00000E+00  2.12040E+00
p   7    3  6    1  99  1.00000E+00  2.12040E+00
f   7    4  6    1  99  1.00000E+00  2.01440E+00
p   7    4  6    1  99  1.00000E+00  2.01440E+00
f   7    5  6    1  99  1.00000E+00  2.05400E+00
p   7    5  6    1  99  1.00000E+00  2.05400E+00
f   7    6  6    1  99  1.00000E+00  2.04200E+00
p   7    6  6    1  99  1.00000E+00  2.04200E+00
f   7    7  6    1  99  1.00000E+00  2.00420E+00
p   7    7  6    1  99  1.00000E+00  2.00420E+00
f   7    8  6    1  99  1.00000E+00  2.00420E+00
p   7    8  6    1  99  1.00000E+00  2.00420E+00
f   7    9  6    1  99  1.00000E+00  2.00060E+00
p   7    9  6    1  99  1.00000E+00  2.00060E+00
f   7    2  6    2  99  4.00000E+00  2.41600E+00
p   7    2  6    2  98  1.61240E+00 -1.48810E+00 -5.13740E-01  7.38260E-02  5.00000E+00  4.52700E+01  4.71000E+01  9.05000E+02
f   7   10  6    2  99  2.00000E+00  2.98000E+00
p   7   10  6    2  99  2.00000E+00  2.98000E+00
f   7   11  6    2  99  1.00000E+00  2.17710E+00
p   7   11  6    2  99  1.00000E+00  2.17710E+00
f   7   12  6    2  99  1.00000E+00  2.03270E+00
p   7   12  6    2  99  1.00000E+00  2.03270E+00
f   7   13  6    2  99  1.00000E+00  2.06000E+00
p   7   13  6    2  99  1.00000E+00  2.06000E+00
f   7   14  6    2  99  1.00000E+00  2.04600E+00
p   7   14  6    2  99  1.00000E+00  2.04600E+00
f   7   15  6    2  99  1.00000E+00  2.01320E+00
p   7   15  6    2  99  1.00000E+00  2.01320E+00
f   7   16  6    2  99  1.00000E+00  2.01120E+00
p   7   16  6    2  99  1.00000E+00  2.01120E+00
f   7   17  6    2  99  1.00000E+00  2.00060E+00
p   7   17  6    2  99  1.00000E+00  2.00060E+00
f   7    3  6    3  99  4.00000E+00  2.12040E+00
p   7    3  6    3  98  1.61240E+00 -1.48810E+00 -5.13740E-01  7.38260E-02  5.00000E+00  4.52700E+01  4.71000E+01  9.05000E+02
f   7   11  6    3  99  1.00000E+00  2.17710E+00
p   7   11  6    3  99  1.00000E+00  2.17710E+00
f   7    4  6    4  99  4.00000E+00  2.01440E+00
p   7    4  6    4  98  1.61240E+00 -1.48810E+00 -5.13740E-01  7.38260E-02  5.00000E+00  4.52700E+01  4.71000E+01  9.05000E+02
f   7   12  6    4  99  1.00000E+00  2.03270E+00
p   7   12  6    4  99  1.00000E+00  2.03270E+00
f   7    5  6    5  99  4.00000E+00  2.05400E+00
p   7    5  6    5  98  1.61240E+00 -1.48810E+00 -5.13740E-01  7.38260E-02  5.00000E+00  4.52700E+01  4.71000E+01  9.05000E+02
f   7   13  6    5  99  1.00000E+00  2.06000E+00
p   7   13  6    5  99  1.00000E+00  2.06000E+00
f   7    6  6    6  99  4.00000E+00  2.04200E+00
p   7    6  6    6  98  1.61240E+00 -1.48810E+00 -5.13740E-01  7.38260E-02  5.00000E+00  4.52700E+01  4.71000E+01  9.05000E+02
f   7   14  6    6  99  1.00000E+00  2.04600E+00
p   7   14  6    6  99  1.00000E+00  2.04600E+00
f   7    7  6    7  99  4.00000E+00  2.00420E+00
p   7    7  6    7  98  1.61240E+00 -1.48810E+00 -5.13740E-01  7.38260E-02  5.00000E+00  4.52700E+01  4.71000E+01  9.05000E+02
f   7   15  6    7  99  1.00000E+00  2.01320E+00
p   7   15  6    7  99  1.00000E+00  2.01320E+00
f   7    8  6    8  99  4.00000E+00  2.00420E+00
p   7    8  6    8  98  1.61240E+00 -1.48810E+00 -5.13740E-01  7.38260E-02  5.00000E+00  4.52700E+01  4.71000E+01  9.05000E+02
f   7   16  6    8  99  1.00000E+00  2.01120E+00
p   7   16  6    8  99  1.00000E+00  2.01120E+00
f   7    9  6    9  99  4.00000E+00  2.00060E+00
p   7    9  6    9  98  1.61240E+00 -1.48810E+00 -5.13740E-01  7.38260E-02  5.00000E+00  4.52700E+01  4.71000E+01  9.05000E+02
f   7   17  6    9  99  1.00000E+00  2.00060E+00
p   7   17  6    9  99  1.00000E+00  2.00060E+00
f   7   10  6   10  99  3.00000E+00  2.98000E+00
p   7   10  6   10  98  1.61240E+00 -1.48810E+00 -5.13740E-01  7.38260E-02  5.00000E+00  4.52700E+01  4.71000E+01  9.05000E+02
f   7   11  6   11  99  3.00000E+00  2.17710E+00
p   7   11  6   11  98  1.61240E+00 -1.48810E+00 -5.13740E-01  7.38260E-02  5.00000E+00  4.52700E+01  4.71000E+01  9.05000E+02
f   7   12  6   12  99  3.00000E+00  2.03270E+00
p   7   12  6   12  98  1.61240E+00 -1.48810E+00 -5.13740E-01  7.38260E-02  5.00000E+00  4.52700E+01  4.71000E+01  9.05000E+02
f   7   13  6   13  99  3.00000E+00  2.06000E+00
p   7   13  6   13  98  1.61240E+00 -1.48810E+00 -5.13740E-01  7.38260E-02  5.00000E+00  4.52700E+01  4.71000E+01  9.05000E+02
f   7   14  6   14  99  3.00000E+00  2.04600E+00
p   7   14  6   14  98  1.61240E+00 -1.48810E+00 -5.13740E-01  7.38260E-02  5.00000E+00  4.52700E+01  4.71000E+01  9.05000E+02
f   7   15  6   15  99  3.00000E+00  2.01320E+00
p   7   15  6   15  98  1.61240E+00 -1.48810E+00 -5.13740E-01  7.38260E-02  5.00000E+00  4.52700E+01  4.71000E+01  9.05000E+02
f   7   16  6   16  99  3.00000E+00  2.01120E+00
p   7   16  6   16  98  1.61240E+00 -1.48810E+00 -5.13740E-01  7.38260E-02  5.00000E+00  4.52700E+01  4.71000E+01  9.05000E+02
f   7   17  6   17  99  3.00000E+00  2.00060E+00
p   7   17  6   17  98  1.61240E+00 -1.48810E+00 -5.13740E-01  7.38260E-02  5.00000E+00  4.52700E+01  4.71000E+01  9.05000E+02
f   7    1  6   18  99  2.00000E+00  4.91640E+00
p   7    1  6   18  98  2.27760E+00 -2.27360E+00 -2.78120E-01  3.11250E-02  2.00000E+00  5.57400E+02  5.79700E+02  1.11500E+04
f   7   18  6   18  99  6.00000E+00  5.55250E+00
p   7   18  6   18  98  1.61240E+00 -1.48810E+00 -5.13740E-01  7.38260E-02  5.00000E+00  4.52700E+01  4.71000E+01  9.05000E+02
f   7   19  6   18  99  1.00000E+00  2.49600E+00
p   7   19  6   18  99  1.00000E+00  2.49600E+00
f   7   20  6   18  99  1.00000E+00  2.14360E+00
p   7   20  6   18  99  1.00000E+00  2.14360E+00
f   7   21  6   18  99  1.00000E+00  2.01350E+00
p   7   21  6   18  99  1.00000E+00  2.01350E+00
f   7   22  6   18  99  1.00000E+00  2.06300E+00
p   7   22  6   18  99  1.00000E+00  2.06300E+00
f   7   23  6   18  99  1.00000E+00  2.05100E+00
p   7   23  6   18  99  1.00000E+00  2.05100E+00
f   7   24  6   18  99  1.00000E+00  2.00510E+00
p   7   24  6   18  99  1.00000E+00  2.00510E+00
f   7   25  6   18  99  1.00000E+00  2.00510E+00
p   7   25  6   18  99  1.00000E+00  2.00510E+00
f   7   26  6   18  99  1.00000E+00  2.00060E+00
p   7   26  6   18  99  1.00000E+00  2.00060E+00
f   7    2  6   19  99  2.00000E+00  2.41600E+00
p   7    2  6   19  98  2.27760E+00 -2.27360E+00 -2.78120E-01  3.11250E-02  2.00000E+00  5.57400E+02  5.79700E+02  1.11500E+04
f   7   19  6   19  99  5.00000E+00  2.49600E+00
p   7   19  6   19  98  1.61240E+00 -1.48810E+00 -5.13740E-01  7.38260E-02  5.00000E+00  4.52700E+01  4.71000E+01  9.05000E+02
f   7    3  6   20  99  2.00000E+00  2.12040E+00
p   7    3  6   20  98  2.27760E+00 -2.27360E+00 -2.78120E-01  3.11250E-02  2.00000E+00  5.57400E+02  5.79700E+02  1.11500E+04
f   7   20  6   20  99  5.00000E+00  2.14360E+00
p   7   20  6   20  98  1.61240E+00 -1.48810E+00 -5.13740E-01  7.38260E-02  5.00000E+00  4.52700E+01  4.71000E+01  9.05000E+02
f   7    4  6   21  99  2.00000E+00  2.01440E+00
p   7    4  6   21  98  2.27760E+00 -2.27360E+00 -2.78120E-01  3.11250E-02  2.00000E+00  5.57400E+02  5.79700E+02  1.11500E+04
f   7   21  6   21  99  5.00000E+00  2.01350E+00
p   7   21  6   21  98  1.61240E+00 -1.48810E+00 -5.13740E-01  7.38260E-02  5.00000E+00  4.52700E+01  4.71000E+01  9.05000E+02
f   7    5  6   22  99  2.00000E+00  2.05400E+00
p   7    5  6   22  98  2.27760E+00 -2.27360E+00 -2.78120E-01  3.11250E-02  2.00000E+00  5.57400E+02  5.79700E+02  1.11500E+04
f   7   22  6   22  99  5.00000E+00  2.06300E+00
p   7   22  6   22  98  1.61240E+00 -1.48810E+00 -5.13740E-01  7.38260E-02  5.00000E+00  4.52700E+01  4.71000E+01  9.05000E+02
f   7    6  6   23  99  2.00000E+00  2.04200E+00
p   7    6  6   23  98  2.27760E+00 -2.27360E+00 -2.78120E-01  3.11250E-02  2.00000E+00  5.57400E+02  5.79700E+02  1.11500E+04
f   7   23  6   23  99  5.00000E+00  2.05100E+00
p   7   23  6   23  98  1.61240E+00 -1.48810E+00 -5.13740E-01  7.38260E-02  5.00000E+00  4.52700E+01  4.71000E+01  9.05000E+02
f   7    7  6   24  99  2.00000E+00  2.00420E+00
p   7    7  6   24  98  2.27760E+00 -2.27360E+00 -2.78120E-01  3.11250E-02  2.00000E+00  5.57400E+02  5.79700E+02  1.11500E+04
f   7   24  6   24  99  5.00000E+00  2.00510E+00
p   7   24  6   24  98  1.61240E+00 -1.48810E+00 -5.13740E-01  7.38260E-02  5.00000E+00  4.52700E+01  4.71000E+01  9.05000E+02
f   7    8  6   25  99  2.00000E+00  2.00420E+00
p   7    8  6   25  98  2.27760E+00 -2.27360E+00 -2.78120E-01  3.11250E-02  2.00000E+00  5.57400E+02  5.79700E+02  1.11500E+04
f   7   25  6   25  99  5.00000E+00  2.00510E+00
p   7   25  6   25  98  1.61240E+00 -1.48810E+00 -5.13740E-01  7.38260E-02  5.00000E+00  4.52700E+01  4.71000E+01  9.05000E+02
f   7    9  6   26  99  2.00000E+00  2.00060E+00
p   7    9  6   26  98  2.27760E+00 -2.27360E+00 -2.78120E-01  3.11250E-02  2.00000E+00  5.57400E+02  5.79700E+02  1.11500E+04
f   7   26  6   26  99  5.00000E+00  2.00060E+00
p   7   26  6   26  98  1.61240E+00 -1.48810E+00 -5.13740E-01  7.38260E-02  5.00000E+00  4.52700E+01  4.71000E+01  9.05000E+02
a   7   10  6    1   1.86071E+13
a   7   11  6    1   3.02100E+12
a   7   12  6    1   8.69288E+11
a   7   13  6    1   3.27319E+11
a   7   14  6    1   1.51436E+11
a   7   15  6    1   7.76738E+10
a   7   16  6    1   4.31025E+10
a   7   17  6    1   2.54512E+10
a   7   18  6    1   3.14160E+14
a   7   19  6    1   3.82675E+12
a   7   20  6    1   5.96475E+11
a   7   21  6    1   1.64352E+11
a   7   22  6    1   5.97700E+10
a   7   23  6    1   2.76525E+10
a   7   24  6    1   1.41838E+10
a   7   25  6    1   7.87100E+09
a   7   26  6    1   4.64775E+09
a   7   19  6    2   2.09440E+14
a   7   20  6    3   2.09440E+14
a   7   21  6    4   2.09440E+14
a   7   22  6    5   2.09440E+14
a   7   23  6    6   2.09440E+14
a   7   24  6    7   2.09440E+14
a   7   25  6    8   2.09440E+14
a   7   26  6    9   2.09440E+14
b   8    1  8    2  99  2.16496E-01  1.77387E-01 -2.15470E-01  2.70191E-02  4.23785E-01  1.63080E-01  1.63080E-01
b   8    1  8    3  99  2.43283E-01  1.79204E-01 -1.96276E-01  2.57160E-02  3.01655E-01  4.80960E-02  4.80960E-02
b   8    2  8    3  99  2.43245E-01  1.46602E-01 -9.32252E-01  1.73754E+00  2.53979E+00  7.27200E-01  7.27200E-01
b   8    1  8    4  99  2.51925E-01  1.60302E-01 -1.79802E-01  2.74536E-02  3.54595E-01  2.27820E-02  2.27820E-02
b   8    2  8    4  99  2.62417E-01  5.70663E-01 -1.02227E+00  4.72782E-02  9.19972E-01  1.09700E-01  1.09700E-01
b   8    3  8    4  99  2.59395E-01  9.93549E-02 -9.41518E-01  2.10229E+00  2.07425E+00  1.02800E+00  1.02800E+00
b   8    1  8    5  99  1.16026E+00  3.61961E-01 -3.05698E+00  7.88223E+00  2.71090E+00  5.10000E-03  5.10000E-03
b   8    2  8    5  99  3.94048E-01  1.07178E+00 -1.83494E+00  6.89513E-02  8.15900E-01  3.12200E-02  3.12200E-02
b   8    3  8    5  99  3.00891E-01  7.51366E-01 -1.54664E+00  5.15830E-02  1.15656E+00  1.40600E-01  1.40600E-01
b   8    4  8    5  99  2.78921E-01  5.28833E-02 -8.34028E-01  1.94229E+00  1.68707E+00  1.19200E+00  1.19200E+00
b   8    1  8    6  99  1.15216E+00  3.12047E-01 -2.90078E+00  7.63786E+00  2.51611E+00  3.17040E-03  3.17040E-03
b   8    2  8    6  99  4.08548E-01  1.30918E+00 -2.05367E+00  6.74672E-02  6.63072E-01  1.53000E-02  1.53000E-02
b   8    3  8    6  99  3.14948E-01  1.14935E+00 -1.82097E+00  5.04184E-02  6.59981E-01  5.06900E-02  5.06900E-02
b   8    4  8    6  99  2.88562E-01  7.62246E-01 -1.81740E+00  9.18035E-02  1.44710E+00  1.81300E-01  1.81300E-01
b   8    5  8    6  99  3.19906E-01 -1.87063E-01  2.24863E-01  4.80638E-02  3.28548E-01  1.45300E+00  1.45300E+00
b   8    1  8    7  99  1.15881E+00  2.64319E-01 -2.78638E+00  7.57829E+00  2.38996E+00  2.10540E-03  2.10540E-03
b   8    2  8    7  99  4.17496E-01  1.47367E+00 -2.20152E+00  7.01642E-02  5.82404E-01  8.79300E-03  8.79300E-03
b   8    3  8    7  99  3.24667E-01  1.42666E+00 -2.00426E+00  5.16300E-02  4.74460E-01  2.48300E-02  2.48300E-02
b   8    4  8    7  99  2.87052E-01  1.24365E+00 -2.14810E+00  1.81280E-01  7.24311E-01  6.45600E-02  6.45600E-02
b   8    5  8    7  99  9.04536E-01 -1.35684E+00  7.98506E+00 -1.82776E+00  4.60162E+00  2.20200E-01  2.20200E-01
b   8    6  8    7  99  1.70045E+00 -4.59323E+00  1.47483E+01 -2.97331E+00  2.00263E+00  1.65700E+00  1.65700E+00
b   8    1  8    8  99  1.13155E+00  4.37414E-01 -3.25220E+00  8.10593E+00  3.27386E+00  1.46880E-03  1.46880E-03
b   8    2  8    8  99  4.20785E-01  1.62869E+00 -2.31733E+00  7.08535E-02  5.09542E-01  5.58100E-03  5.58100E-03
b   8    3  8    8  99  3.30109E-01  1.65834E+00 -2.14992E+00  5.22190E-02  3.63330E-01  1.43300E-02  1.43300E-02
b   8    4  8    8  99  2.96161E-01  1.59900E+00 -2.36951E+00  8.74662E-02  5.22973E-01  3.14900E-02  3.14900E-02
b   8    5  8    8  99  9.82559E-01 -2.16513E+00  6.23645E+01 -3.33677E+02  2.00000E+01  7.72300E-02  7.72300E-02
b   8    6  8    8  99  1.35013E+00 -2.62992E+00  7.88125E+00 -4.18046E-01  1.94224E+00  3.00000E-01  3.00000E-01
b   8    7  8    8  99  2.50519E-01  7.12559E+00 -3.67073E+02  4.56475E+03  2.00000E+01  1.63900E+00  1.63900E+00
b   8    1  8    9  99  2.13542E+04  1.76276E+06 -8.27418E+07  9.60147E+08  2.00000E+01  1.06380E-03  1.06380E-03
b   8    2  8    9  99  2.19980E+03  4.48627E+04 -1.40152E+06  1.04245E+07  1.12161E+01  3.80800E-03  3.80800E-03
b   8    3  8    9  99 -9.58386E+01  1.59004E+03 -1.50199E+04  3.50268E+04  4.29714E+00  9.24900E-03  9.24900E-03
b   8    4  8    9  99  4.33198E+00  5.37951E+01 -1.07706E+02  5.16539E+01 -3.01546E-01  1.75600E-02  1.75600E-02
b   8    5  8    9  99  1.66659E+00 -5.08894E+00  2.10128E+02 -2.16227E+03  2.00000E+01  3.39900E-02  3.39900E-02
b   8    6  8    9  99  4.70569E+00 -1.33699E+01  7.03327E+01 -3.53714E+01  3.72041E+00  8.10900E-02  8.10900E-02
b   8    7  8    9  99  5.97486E-01  1.06949E+01 -5.75782E+02  7.37604E+03  2.00000E+01  2.74500E-01  2.74500E-01
b   8    8  8    9  99  7.19377E-02  2.47364E+00 -1.25689E+02  1.54836E+03  2.00000E+01  2.63900E+00  2.63900E+00
b   8    1  8   10  98  0.00000E+00  0.00000E+00  0.00000E+00  0.00000E+00  0.00000E+00  1.13070E-02  2.26139E-04
b   8    2  8   10  99  2.16496E-01  1.77387E-01 -2.15470E-01  2.70191E-02  4.23785E-01  1.28350E-01  1.28350E-01
b   8    1  8   11  98  0.00000E+00  0.00000E+00  0.00000E+00  0.00000E+00  0.00000E+00  2.04959E-02  4.09918E-04
b   8    2  8   11  99  2.43283E-01  1.79204E-01 -1.96276E-01  2.57160E-02  3.01655E-01  4.00800E-02  4.00800E-02
b   8    3  8   11  99  2.16496E-01  1.77387E-01 -2.15470E-01  2.70191E-02  4.23785E-01  1.35900E-01  1.35900E-01
b   8   10  8   11  99  2.43245E-01  1.46602E-01 -9.32252E-01  1.73754E+00  2.53979E+00  1.45440E+00  1.45440E+00
b   8    1  8   12  98  0.00000E+00  0.00000E+00  0.00000E+00  0.00000E+00  0.00000E+00  3.12140E-02  6.24279E-04
b   8    2  8   12  99  2.51925E-01  1.60302E-01 -1.79802E-01  2.74536E-02  3.54595E-01  1.89850E-02  1.89850E-02
b   8    4  8   12  99  2.16496E-01  1.77387E-01 -2.15470E-01  2.70191E-02  4.23785E-01  1.35900E-01  1.35900E-01
b   8   10  8   12  99  2.62417E-01  5.70663E-01 -1.02227E+00  4.72782E-02  9.19972E-01  2.19400E-01  2.19400E-01
b   8   11  8   12  99  2.59395E-01  9.93549E-02 -9.41518E-01  2.10229E+00  2.07425E+00  1.02800E+00  1.02800E+00
b   8    1  8   13  98  0.00000E+00  0.00000E+00  0.00000E+00  0.00000E+00  0.00000E+00  4.46712E-02  8.93424E-04
b   8    2  8   13  99  1.16026E+00  3.61961E-01 -3.05698E+00  7.88223E+00  2.71090E+00  4.25000E-03  4.25000E-03
b   8    5  8   13  99  2.16496E-01  1.77387E-01 -2.15470E-01  2.70191E-02  4.23785E-01  1.35900E-01  1.35900E-01
b   8   10  8   13  99  3.94048E-01  1.07178E+00 -1.83494E+00  6.89513E-02  8.15900E-01  6.24400E-02  6.24400E-02
b   8   11  8   13  99  3.00891E-01  7.51366E-01 -1.54664E+00  5.15830E-02  1.15656E+00  1.40600E-01  1.40600E-01
b   8   12  8   13  99  2.78921E-01  5.28833E-02 -8.34028E-01  1.94229E+00  1.68707E+00  1.19200E+00  1.19200E+00
b   8    1  8   14  98  0.00000E+00  0.00000E+00  0.00000E+00  0.00000E+00  0.00000E+00  6.04423E-02  1.20885E-03
b   8    2  8   14  99  1.15216E+00  3.12047E-01 -2.90078E+00  7.63786E+00  2.51611E+00  2.64200E-03  2.64200E-03
b   8    6  8   14  99  2.16496E-01  1.77387E-01 -2.15470E-01  2.70191E-02  4.23785E-01  1.35900E-01  1.35900E-01
b   8   10  8   14  99  4.08548E-01  1.30918E+00 -2.05367E+00  6.74672E-02  6.63072E-01  3.06000E-02  3.06000E-02
b   8   11  8   14  99  3.14948E-01  1.14935E+00 -1.82097E+00  5.04184E-02  6.59981E-01  5.06900E-02  5.06900E-02
b   8   12  8   14  99  2.88562E-01  7.62246E-01 -1.81740E+00  9.18035E-02  1.44710E+00  1.81300E-01  1.81300E-01
b   8   13  8   14  99  3.19906E-01 -1.87063E-01  2.24863E-01  4.80638E-02  3.28548E-01  1.45300E+00  1.45300E+00
b   8    1  8   15  98  0.00000E+00  0.00000E+00  0.00000E+00  0.00000E+00  0.00000E+00  7.85855E-02  1.57171E-03
b   8    2  8   15  99  1.15881E+00  2.64319E-01 -2.78638E+00  7.57829E+00  2.38996E+00  1.75450E-03  1.75450E-03
b   8    7  8   15  99  2.16496E-01  1.77387E-01 -2.15470E-01  2.70191E-02  4.23785E-01  1.35900E-01  1.35900E-01
b   8   10  8   15  99  4.17496E-01  1.47367E+00 -2.20152E+00  7.01642E-02  5.82404E-01  1.75860E-02  1.75860E-02
b   8   11  8   15  99  3.24667E-01  1.42666E+00 -2.00426E+00  5.16300E-02  4.74460E-01  2.48300E-02  2.48300E-02
b   8   12  8   15  99  2.87052E-01  1.24365E+00 -2.14810E+00  1.81280E-01  7.24311E-01  6.45600E-02  6.45600E-02
b   8   13  8   15  99  9.04536E-01 -1.35684E+00  7.98506E+00 -1.82776E+00  4.60162E+00  2.20200E-01  2.20200E-01
b   8   14  8   15  99  1.70045E+00 -4.59323E+00  1.47483E+01 -2.97331E+00  2.00263E+00  1.65700E+00  1.65700E+00
b   8    1  8   16  98  0.00000E+00  0.00000E+00  0.00000E+00  0.00000E+00  0.00000E+00  9.92443E-02  1.98489E-03
b   8    2  8   16  99  1.13155E+00  4.37414E-01 -3.25220E+00  8.10593E+00  3.27386E+00  1.22400E-03  1.22400E-03
b   8    8  8   16  99  2.16496E-01  1.77387E-01 -2.15470E-01  2.70191E-02  4.23785E-01  1.35900E-01  1.35900E-01
b   8   10  8   16  99  4.20785E-01  1.62869E+00 -2.31733E+00  7.08535E-02  5.09542E-01  1.11620E-02  1.11620E-02
b   8   11  8   16  99  3.30109E-01  1.65834E+00 -2.14992E+00  5.22190E-02  3.63330E-01  1.43300E-02  1.43300E-02
b   8   12  8   16  99  2.96161E-01  1.59900E+00 -2.36951E+00  8.74662E-02  5.22973E-01  3.14900E-02  3.14900E-02
b   8   13  8   16  99  9.82559E-01 -2.16513E+00  6.23645E+01 -3.33677E+02  2.00000E+01  7.72300E-02  7.72300E-02
b   8   14  8   16  99  1.35013E+00 -2.62992E+00  7.88125E+00 -4.18046E-01  1.94224E+00  3.00000E-01  3.00000E-01
b   8   15  8   16  99  2.50519E-01  7.12559E+00 -3.67073E+02  4.56475E+03  2.00000E+01  1.63900E+00  1.63900E+00
b   8    1  8   17  98  0.00000E+00  0.00000E+00  0.00000E+00  0.00000E+00  0.00000E+00  1.22331E-01  2.44661E-03
b   8    2  8   17  99  2.13542E+04  1.76276E+06 -8.27418E+07  9.60147E+08  2.00000E+01  8.86500E-04  8.86500E-04
b   8    9  8   17  99  2.16496E-01  1.77387E-01 -2.15470E-01  2.70191E-02  4.23785E-01  1.35900E-01  1.35900E-01
b   8   10  8   17  99  2.19980E+03  4.48627E+04 -1.40152E+06  1.04245E+07  1.12161E+01  7.61600E-03  7.61600E-03
b   8   11  8   17  99 -9.58386E+01  1.59004E+03 -1.50199E+04  3.50268E+04  4.29714E+00  9.24900E-03  9.24900E-03
b   8   12  8   17  99  4.33198E+00  5.37951E+01 -1.07706E+02  5.16539E+01 -3.01546E-01  1.75600E-02  1.75600E-02
b   8   13  8   17  99  1.66659E+00 -5.08894E+00  2.10128E+02 -2.16227E+03  2.00000E+01  3.39900E-02  3.39900E-02
b   8   14  8   17  99  4.70569E+00 -1.33699E+01  7.03327E+01 -3.53714E+01  3.72041E+00  8.10900E-02  8.10900E-02
b   8   15  8   17  99  5.97486E-01  1.06949E+01 -5.75782E+02  7.37604E+03  2.00000E+01  2.74500E-01  2.74500E-01
b   8   16  8   17  99  7.19377E-02  2.47364E+00 -1.25689E+02  1.54836E+03  2.00000E+01  2.63900E+00  2.63900E+00
b   8    1  8   18  99  4.12237E-01 -1.47693E-01  1.58671E-01 -3.83763E-02 -5.35357E-01  6.85500E-02  6.85500E-02
b   8    1  8   19  99  3.19924E-01 -6.30591E-02  8.03960E-02 -1.92850E-02 -6.26031E-01  1.01420E-02  1.01420E-02
b   8    2  8   19  99  4.12237E-01 -1.47693E-01  1.58671E-01 -3.83763E-02 -5.35357E-01  1.02825E-01  1.02825E-01
b   8   18  8   19  99  2.16496E-01  1.77387E-01 -2.15470E-01  2.70191E-02  4.23785E-01  1.90260E-01  1.90260E-01
b   8    1  8   20  99  3.49282E-01 -8.51883E-02  9.91743E-02 -2.36033E-02 -6.05420E-01  3.31200E-03  3.31200E-03
b   8    3  8   20  99  4.12237E-01 -1.47693E-01  1.58671E-01 -3.83763E-02 -5.35357E-01  1.02825E-01  1.02825E-01
b   8   18  8   20  99  2.43283E-01  1.79204E-01 -1.96276E-01  2.57160E-02  3.01655E-01  5.61120E-02  5.61120E-02
b   8   19  8   20  99  2.43245E-01  1.46602E-01 -9.32252E-01  1.73754E+00  2.53979E+00  7.27200E-01  7.27200E-01
b   8    1  8   21  99  3.60705E-01 -9.62917E-02  1.09050E-01 -2.59968E-02 -5.89957E-01  1.48580E-03  1.48580E-03
b   8    4  8   21  99  4.12237E-01 -1.47693E-01  1.58671E-01 -3.83763E-02 -5.35357E-01  1.02825E-01  1.02825E-01
b   8   18  8   21  99  2.51925E-01  1.60302E-01 -1.79802E-01  2.74536E-02  3.54595E-01  2.65790E-02  2.65790E-02
b   8   19  8   21  99  2.62417E-01  5.70663E-01 -1.02227E+00  4.72782E-02  9.19972E-01  1.09700E-01  1.09700E-01
b   8   20  8   21  99  2.59395E-01  9.93549E-02 -9.41518E-01  2.10229E+00  2.07425E+00  1.02800E+00  1.02800E+00
b   8    1  8   22  99  4.75898E-01 -1.65658E-01  1.79915E-01 -4.36723E-02 -5.28265E-01  6.78600E-04  6.78600E-04
b   8    5  8   22  99  4.12237E-01 -1.47693E-01  1.58671E-01 -3.83763E-02 -5.35357E-01  1.02825E-01  1.02825E-01
b   8   18  8   22  99  1.16026E+00  3.61961E-01 -3.05698E+00  7.88223E+00  2.71090E+00  5.95000E-03  5.95000E-03
b   8   19  8   22  99  3.94048E-01  1.07178E+00 -1.83494E+00  6.89513E-02  8.15900E-01  3.12200E-02  3.12200E-02
b   8   20  8   22  99  3.00891E-01  7.51366E-01 -1.54664E+00  5.15830E-02  1.15656E+00  1.40600E-01  1.40600E-01
b   8   21  8   22  99  2.78921E-01  5.28833E-02 -8.34028E-01  1.94229E+00  1.68707E+00  1.19200E+00  1.19200E+00
b   8    1  8   23  99  4.61812E-01 -1.61369E-01  1.72352E-01 -4.13052E-02 -5.37938E-01  4.03800E-04  4.03800E-04
b   8    6  8   23  99  4.12237E-01 -1.47693E-01  1.58671E-01 -3.83763E-02 -5.35357E-01  1.02825E-01  1.02825E-01
b   8   18  8   23  99  1.15216E+00  3.12047E-01 -2.90078E+00  7.63786E+00  2.51611E+00  3.69880E-03  3.69880E-03
b   8   19  8   23  99  4.08548E-01  1.30918E+00 -2.05367E+00  6.74672E-02  6.63072E-01  1.53000E-02  1.53000E-02
b   8   20  8   23  99  3.14948E-01  1.14935E+00 -1.82097E+00  5.04184E-02  6.59981E-01  5.06900E-02  5.06900E-02
b   8   21  8   23  99  2.88562E-01  7.62246E-01 -1.81740E+00  9.18035E-02  1.44710E+00  1.81300E-01  1.81300E-01
b   8   22  8   23  99  3.19906E-01 -1.87063E-01  2.24863E-01  4.80638E-02  3.28548E-01  1.45300E+00  1.45300E+00
b   8    1  8   24  99  4.53135E-01 -1.60726E-01  1.71890E-01 -4.13198E-02 -5.32222E-01  2.59400E-04  2.59400E-04
b   8    7  8   24  99  4.12237E-01 -1.47693E-01  1.58671E-01 -3.83763E-02 -5.35357E-01  1.02825E-01  1.02825E-01
b   8   18  8   24  99  1.15881E+00  2.64319E-01 -2.78638E+00  7.57829E+00  2.38996E+00  2.45630E-03  2.45630E-03
b   8   19  8   24  99  4.17496E-01  1.47367E+00 -2.20152E+00  7.01642E-02  5.82404E-01  8.79300E-03  8.79300E-03
b   8   20  8   24  99  3.24667E-01  1.42666E+00 -2.00426E+00  5.16300E-02  4.74460E-01  2.48300E-02  2.48300E-02
b   8   21  8   24  99  2.87052E-01  1.24365E+00 -2.14810E+00  1.81280E-01  7.24311E-01  6.45600E-02  6.45600E-02
b   8   22  8   24  99  9.04536E-01 -1.35684E+00  7.98506E+00 -1.82776E+00  4.60162E+00  2.20200E-01  2.20200E-01
b   8   23  8   24  99  1.70045E+00 -4.59323E+00  1.47483E+01 -2.97331E+00  2.00263E+00  1.65700E+00  1.65700E+00
b   8    1  8   25  99  3.87761E-01 -1.16668E-01  1.28242E-01 -3.06659E-02 -5.70076E-01  1.76420E-04  1.76420E-04
b   8    8  8   25  99  4.12237E-01 -1.47693E-01  1.58671E-01 -3.83763E-02 -5.35357E-01  1.02825E-01  1.02825E-01
b   8   18  8   25  99  1.13155E+00  4.37414E-01 -3.25220E+00  8.10593E+00  3.27386E+00  1.71360E-03  1.71360E-03
b   8   19  8   25  99  4.20785E-01  1.62869E+00 -2.31733E+00  7.08535E-02  5.09542E-01  5.58100E-03  5.58100E-03
b   8   20  8   25  99  3.30109E-01  1.65834E+00 -2.14992E+00  5.22190E-02  3.63330E-01  1.43300E-02  1.43300E-02
b   8   21  8   25  99  2.96161E-01  1.59900E+00 -2.36951E+00  8.74662E-02  5.22973E-01  3.14900E-02  3.14900E-02
b   8   22  8   25  99  9.82559E-01 -2.16513E+00  6.23645E+01 -3.33677E+02  2.00000E+01  7.72300E-02  7.72300E-02
b   8   23  8   25  99  1.35013E+00 -2.62992E+00  7.88125E+00 -4.18046E-01  1.94224E+00  3.00000E-01  3.00000E-01
b   8   24  8   25  99  2.50519E-01  7.12559E+00 -3.67073E+02  4.56475E+03  2.00000E+01  1.63900E+00  1.63900E+00
b   8    1  8   26  99  2.38031E+01  1.69623E+03 -8.06941E+04  9.46482E+05  2.00000E+01  1.25240E-04  1.25240E-04
b   8    9  8   26  99  4.12237E-01 -1.47693E-01  1.58671E-01 -3.83763E-02 -5.35357E-01  1.02825E-01  1.02825E-01
b   8   18  8   26  99  2.13542E+04  1.76276E+06 -8.27418E+07  9.60147E+08  2.00000E+01  1.24110E-03  1.24110E-03
b   8   19  8   26  99  2.19980E+03  4.48627E+04 -1.40152E+06  1.04245E+07  1.12161E+01  3.80800E-03  3.80800E-03
b   8   20  8   26  99 -9.58386E+01  1.59004E+03 -1.50199E+04  3.50268E+04  4.29714E+00  9.24900E-03  9.24900E-03
b   8   21  8   26  99  4.33198E+00  5.37951E+01 -1.07706E+02  5.16539E+01 -3.01546E-01  1.75600E-02  1.75600E-02
b   8   22  8   26  99  1.66659E+00 -5.08894E+00  2.10128E+02 -2.16227E+03  2.00000E+01  3.39900E-02  3.39900E-02
b   8   23  8   26  99  4.70569E+00 -1.33699E+01  7.03327E+01 -3.53714E+01  3.72041E+00  8.10900E-02  8.10900E-02
b   8   24  8   26  99  5.97486E-01  1.06949E+01 -5.75782E+02  7.37604E+03  2.00000E+01  2.74500E-01  2.74500E-01
b   8   25  8   26  99  7.19377E-02  2.47364E+00 -1.25689E+02  1.54836E+03  2.00000E+01  2.63900E+00  2.63900E+00
f   8    1  7    1  99  6.00000E+00  4.61450E+00
p   8    1  7    1  98  1.34240E+00 -5.31970E-01 -8.97730E-01  1.29700E-01  6.00000E+00  2.90500E+01  3.02000E+01  5.81000E+02
f   8    2  7    1  99  1.00000E+00  1.51200E+00
p   8    2  7    1  99  1.00000E+00  1.51200E+00
f   8    3  7    1  99  1.00000E+00  1.14820E+00
p   8    3  7    1  99  1.00000E+00  1.14820E+00
f   8    4  7    1  99  1.00000E+00  1.01650E+00
p   8    4  7    1  99  1.00000E+00  1.01650E+00
f   8    5  7    1  99  1.00000E+00  1.06600E+00
p   8    5  7    1  99  1.00000E+00  1.06600E+00
f   8    6  7    1  99  1.00000E+00  1.05200E+00
p   8    6  7    1  99  1.00000E+00  1.05200E+00
f   8    7  7    1  99  1.00000E+00  1.00520E+00
p   8    7  7    1  99  1.00000E+00  1.00520E+00
f   8    8  7    1  99  1.00000E+00  1.00520E+00
p   8    8  7    1  99  1.00000E+00  1.00520E+00
f   8    9  7    1  99  1.00000E+00  1.00070E+00
p   8    9  7    1  99  1.00000E+00  1.00070E+00
f   8    2  7    2  99  5.00000E+00  1.51200E+00
p   8    2  7    2  98  1.34240E+00 -5.31970E-01 -8.97730E-01  1.29700E-01  6.00000E+00  2.90500E+01  3.02000E+01  5.81000E+02
f   8   10  7    2  99  2.00000E+00  2.07600E+00
p   8   10  7    2  99  2.00000E+00  2.07600E+00
f   8   11  7    2  99  1.00000E+00  1.20490E+00
p   8   11  7    2  99  1.00000E+00  1.20490E+00
f   8   12  7    2  99  1.00000E+00  1.03480E+00
p   8   12  7    2  99  1.00000E+00  1.03480E+00
f   8   13  7    2  99  1.00000E+00  1.07200E+00
p   8   13  7    2  99  1.00000E+00  1.07200E+00
f   8   14  7    2  99  1.00000E+00  1.05600E+00
p   8   14  7    2  99  1.00000E+00  1.05600E+00
f   8   15  7    2  99  1.00000E+00  1.01420E+00
p   8   15  7    2  99  1.00000E+00  1.01420E+00
f   8   16  7    2  99  1.00000E+00  1.01220E+00
p   8   16  7    2  99  1.00000E+00  1.01220E+00
f   8   17  7    2  99  1.00000E+00  1.00070E+00
p   8   17  7    2  99  1.00000E+00  1.00070E+00
f   8    3  7    3  99  5.00000E+00  1.14820E+00
p   8    3  7    3  98  1.34240E+00 -5.31970E-01 -8.97730E-01  1.29700E-01  6.00000E+00  2.90500E+01  3.02000E+01  5.81000E+02
f   8   11  7    3  99  1.00000E+00  1.20490E+00
p   8   11  7    3  99  1.00000E+00  1.20490E+00
f   8    4  7    4  99  5.00000E+00  1.01650E+00
p   8    4  7    4  98  1.34240E+00 -5.31970E-01 -8.97730E-01  1.29700E-01  6.00000E+00  2.90500E+01  3.02000E+01  5.81000E+02
f   8   12  7    4  99  1.00000E+00  1.03480E+00
p   8   12  7    4  99  1.00000E+00  1.03480E+00
f   8    5  7    5  99  5.00000E+00  1.06600E+00
p   8    5  7    5  98  1.34240E+00 -5.31970E-01 -8.97730E-01  1.29700E-01  6.00000E+00  2.90500E+01  3.02000E+01  5.81000E+02
f   8   13  7    5  99  1.00000E+00  1.07200E+00
p   8   13  7    5  99  1.00000E+00  1.07200E+00
f   8    6  7    6  99  5.00000E+00  1.05200E+00
p   8    6  7    6  98  1.34240E+00 -5.31970E-01 -8.97730E-01  1.29700E-01  6.00000E+00  2.90500E+01  3.02000E+01  5.81000E+02
f   8   14  7    6  99  1.00000E+00  1.05600E+00
p   8   14  7    6  99  1.00000E+00  1.05600E+00
f   8    7  7    7  99  5.00000E+00  1.00520E+00
p   8    7  7    7  98  1.34240E+00 -5.31970E-01 -8.97730E-01  1.29700E-01  6.00000E+00  2.90500E+01  3.02000E+01  5.81000E+02
f   8   15  7    7  99  1.00000E+00  1.01420E+00
p   8   15  7    7  99  1.00000E+00  1.01420E+00
f   8    8  7    8  99  5.00000E+00  1.00520E+00
p   8    8  7    8  98  1.34240E+00 -5.31970E-01 -8.97730E-01  1.29700E-01  6.00000E+00  2.90500E+01  3.02000E+01  5.81000E+02
f   8   16  7    8  99  1.00000E+00  1.01220E+00
p   8   16  7    8  99  1.00000E+00  1.01220E+00
f   8    9  7    9  99  5.00000E+00  1.00070E+00
p   8    9  7    9  98  1.34240E+00 -5.31970E-01 -8.97730E-01  1.29700E-01  6.00000E+00  2.90500E+01  3.02000E+01  5.81000E+02
f   8   17  7    9  99  1.00000E+00  1.00070E+00
p   8   17  7    9  99  1.00000E+00  1.00070E+00
f   8   10  7   10  99  4.00000E+00  2.07600E+00
p   8   10  7   10  98  1.34240E+00 -5.31970E-01 -8.97730E-01  1.29700E-01  6.00000E+00  2.90500E+01  3.02000E+01  5.81000E+02
f   8   11  7   11  99  4.00000E+00  1.20490E+00
p   8   11  7   11  98  1.34240E+00 -5.31970E-01 -8.97730E-01  1.29700E-01  6.00000E+00  2.90500E+01  3.02000E+01  5.81000E+02
f   8   12  7   12  99  4.00000E+00  1.03480E+00
p   8   12  7   12  98  1.34240E+00 -5.31970E-01 -8.97730E-01  1.29700E-01  6.00000E+00  2.90500E+01  3.02000E+01  5.81000E+02
f   8   13  7   13  99  4.00000E+00  1.07200E+00
p   8   13  7   13  98  1.34240E+00 -5.31970E-01 -8.97730E-01  1.29700E-01  6.00000E+00  2.90500E+01  3.02000E+01  5.81000E+02
f   8   14  7   14  99  4.00000E+00  1.05600E+00
p   8   14  7   14  98  1.34240E+00 -5.31970E-01 -8.97730E-01  1.29700E-01  6.00000E+00  2.90500E+01  3.02000E+01  5.81000E+02
f   8   15  7   15  99  4.00000E+00  1.01420E+00
p   8   15  7   15  98  1.34240E+00 -5.31970E-01 -8.97730E-01  1.29700E-01  6.00000E+00  2.90500E+01  3.02000E+01  5.81000E+02
f   8   16  7   16  99  4.00000E+00  1.01220E+00
p   8   16  7   16  98  1.34240E+00 -5.31970E-01 -8.97730E-01  1.29700E-01  6.00000E+00  2.90500E+01  3.02000E+01  5.81000E+02
f   8   17  7   17  99  4.00000E+00  1.00070E+00
p   8   17  7   17  98  1.34240E+00 -5.31970E-01 -8.97730E-01  1.29700E-01  6.00000E+00  2.90500E+01  3.02000E+01  5.81000E+02
f   8    1  7   18  99  2.00000E+00  4.61450E+00
p   8    1  7   18  98  2.31570E+00 -2.22730E+00 -3.00530E-01  3.49710E-02  2.00000E+00  5.37200E+02  5.58700E+02  1.07400E+04
f   8   18  7   18  99  7.00000E+00  5.25060E+00
p   8   18  7   18  98  1.34240E+00 -5.31970E-01 -8.97730E-01  1.29700E-01  6.00000E+00  2.90500E+01  3.02000E+01  5.81000E+02
f   8   19  7   18  99  1.00000E+00  1.59200E+00
p   8   19  7   18  99  1.00000E+00  1.59200E+00
f   8   20  7   18  99  1.00000E+00  1.17140E+00
p   8   20  7   18  99  1.00000E+00  1.17140E+00
f   8   21  7   18  99  1.00000E+00  1.01560E+00
p   8   21  7   18  99  1.00000E+00  1.01560E+00
f   8   22  7   18  99  1.00000E+00  1.07500E+00
p   8   22  7   18  99  1.00000E+00  1.07500E+00
f   8   23  7   18  99  1.00000E+00  1.06100E+00
p   8   23  7   18  99  1.00000E+00  1.06100E+00
f   8   24  7   18  99  1.00000E+00  1.00610E+00
p   8   24  7   18  99  1.00000E+00  1.00610E+00
f   8   25  7   18  99  1.00000E+00  1.00610E+00
p   8   25  7   18  99  1.00000E+00  1.00610E+00
f   8   26  7   18  99  1.00000E+00  1.00070E+00
p   8   26  7   18  99  1.00000E+00  1.00070E+00
f   8    2  7   19  99  2.00000E+00  1.51200E+00
p   8    2  7   19  98  2.31570E+00 -2.22730E+00 -3.00530E-01  3.49710E-02  2.00000E+00  5.37200E+02  5.58700E+02  1.07400E+04
f   8   19  7   19  99  6.00000E+00  1.59200E+00
p   8   19  7   19  98  1.34240E+00 -5.31970E-01 -8.97730E-01  1.29700E-01  6.00000E+00  2.90500E+01  3.02000E+01  5.81000E+02
f   8    3  7   20  99  2.00000E+00  1.14820E+00
p   8    3  7   20  98  2.31570E+00 -2.22730E+00 -3.00530E-01  3.49710E-02  2.00000E+00  5.37200E+02  5.58700E+02  1.07400E+04
f   8   20  7   20  99  6.00000E+00  1.17140E+00
p   8   20  7   20  98  1.34240E+00 -5.31970E-01 -8.97730E-01  1.29700E-01  6.00000E+00  2.90500E+01  3.02000E+01  5.81000E+02
f   8    4  7   21  99  2.00000E+00  1.01650E+00
p   8    4  7   21  98  2.31570E+00 -2.22730E+00 -3.00530E-01  3.49710E-02  2.00000E+00  5.37200E+02  5.58700E+02  1.07400E+04
f   8   21  7   21  99  6.00000E+00  1.01560E+00
p   8   21  7   21  98  1.34240E+00 -5.31970E-01 -8.97730E-01  1.29700E-01  6.00000E+00  2.90500E+01  3.02000E+01  5.81000E+02
f   8    5  7   22  99  2.00000E+00  1.06600E+00
p   8    5  7   22  98  2.31570E+00 -2.22730E+00 -3.00530E-01  3.49710E-02  2.00000E+00  5.37200E+02  5.58700E+02  1.07400E+04
f   8   22  7   22  99  6.00000E+00  1.07500E+00
p   8   22  7   22  98  1.34240E+00 -5.31970E-01 -8.97730E-01  1.29700E-01  6.00000E+00  2.90500E+01  3.02000E+01  5.81000E+02
f   8    6  7   23  99  2.00000E+00  1.05200E+00
p   8    6  7   23  98  2.31570E+00 -2.22730E+00 -3.00530E-01  3.49710E-02  2.00000E+00  5.37200E+02  5.58700E+02  1.07400E+04
f   8   23  7   23  99  6.00000E+00  1.06100E+00
p   8   23  7   23  98  1.34240E+00 -5.31970E-01 -8.97730E-01  1.29700E-01  6.00000E+00  2.90500E+01  3.02000E+01  5.81000E+02
f   8    7  7   24  99  2.00000E+00  1.00520E+00
p   8    7  7   24  98  2.31570E+00 -2.22730E+00 -3.00530E-01  3.49710E-02  2.00000E+00  5.37200E+02  5.58700E+02  1.07400E+04
f   8   24  7   24  99  6.00000E+00  1.00610E+00
p   8   24  7   24  98  1.34240E+00 -5.31970E-01 -8.97730E-01  1.29700E-01  6.00000E+00  2.90500E+01  3.02000E+01  5.81000E+02
f   8    8  7   25  99  2.00000E+00  1.00520E+00
p   8    8  7   25  98  2.31570E+00 -2.22730E+00 -3.00530E-01  3.49710E-02  2.00000E+00  5.37200E+02  5.58700E+02  1.07400E+04
f   8   25  7   25  99  6.00000E+00  1.00610E+00
p   8   25  7   25  98  1.34240E+00 -5.31970E-01 -8.97730E-01  1.29700E-01  6.00000E+00  2.90500E+01  3.02000E+01  5.81000E+02
f   8    9  7   26  99  2.00000E+00  1.00070E+00
p   8    9  7   26  98  2.31570E+00 -2.22730E+00 -3.00530E-01  3.49710E-02  2.00000E+00  5.37200E+02  5.58700E+02  1.07400E+04
f   8   26  7   26  99  6.00000E+00  1.00070E+00
p   8   26  7   26  98  1.34240E+00 -5.31970E-01 -8.97730E-01  1.29700E-01  6.00000E+00  2.90500E+01  3.02000E+01  5.81000E+02
a   8   10  7    1   2.59908E+12
a   8   11  7    1   3.36450E+11
a   8   12  7    1   8.97570E+10
a   8   13  7    1   3.22485E+10
a   8   14  7    1   1.49199E+10
a   8   15  7    1   7.65255E+09
a   8   16  7    1   4.24665E+09
a   8   17  7    1   2.50755E+09
a   8   18  7    1   3.52758E+14
a   8   19  7    1   1.77261E+12
a   8   20  7    1   2.28708E+11
a   8   21  7    1   5.81280E+10
a   8   22  7    1   2.01522E+10
a   8   23  7    1   9.32370E+09
a   8   24  7    1   4.78230E+09
a   8   25  7    1   2.65380E+09
a   8   26  7    1   1.56705E+09
a   8   19  7    2   2.51970E+14
a   8   20  7    3   2.51970E+14
a   8   21  7    4   2.51970E+14
a   8   22  7    5   2.51970E+14
a   8   23  7    6   2.51970E+14
a   8   24  7    7   2.51970E+14
a   8   25  7    8   2.51970E+14
a   8   26  7    9   2.51970E+14
