0    1    1         0.000000
    0    1    1   barenucl         0.000000  1.00000E+00  1.00000E+00  0.00000E+00  0.00000E+00    1   0  0 0 0 0 0 0 0 0 0 0
1   10   10      2304.080078
    1    1    2   h_100001         0.000000  2.00000E+00  1.30000E+01  2.30408E+03  0.00000E+00    1   1  1 0 0 0 0 0 0 0 0 0
    1    2    3   h_010002      1728.606069  8.00000E+00  1.30000E+01  5.75474E+02  1.33804E+13    1   2  0 1 0 0 0 0 0 0 0 0
    1    3    4   h_001003      2048.415125  1.80000E+01  1.30000E+01  2.55665E+02  2.85183E+12    1   3  0 0 1 0 0 0 0 0 0 0
    1    4    5   h_000104      2160.307623  3.20000E+01  1.30000E+01  1.43772E+02  8.63376E+11    1   4  0 0 0 1 0 0 0 0 0 0
    1    5    6   h_000005      2212.079331  5.00000E+01  1.30000E+01  9.20007E+01  3.30626E+11    1   5  0 0 0 0 1 0 0 0 0 0
    1    6    7   h_000006      2240.196350  7.20000E+01  1.30000E+01  6.38837E+01  1.48584E+11    1   6  0 0 0 0 0 1 0 0 0 0
    1    7    8   h_000007      2257.147788  9.80000E+01  1.30000E+01  4.69323E+01  7.49084E+10    1   7  0 0 0 0 0 0 1 0 0 0
    1    8    9   h_000008      2268.148949  1.28000E+02  1.30000E+01  3.59311E+01  4.11619E+10    1   8  0 0 0 0 0 0 0 1 0 0
    1    9   10   h_000009      2275.690841  1.62000E+02  1.30000E+01  2.83892E+01  2.41837E+10    1   9  0 0 0 0 0 0 0 0 1 0
    1   10   11   h_000010      2281.085268  2.00000E+02  1.30000E+01  2.29948E+01  1.38896E+10    1  10  0 0 0 0 0 0 0 0 0 1
2   19   10      2085.758057
    2    1   12   he200001         0.000000  1.00000E+00  1.28438E+01  2.08576E+03  0.00000E+00    1   1  2 0 0 0 0 0 0 0 0 0
    2    2   13   he110002      1594.803057  1.60000E+01  1.20620E+01  4.90955E+02  5.20436E+12    1   2  1 1 0 0 0 0 0 0 0 0
    2    3   14   he101003      1867.355908  3.60000E+01  1.20160E+01  2.18402E+02  1.51935E+12    1   3  1 0 1 0 0 0 0 0 0 0
    2    4   15   he100104      1963.168408  6.40000E+01  1.20046E+01  1.22590E+02  5.06383E+11    1   4  1 0 0 1 0 0 0 0 0 0
    2    5   16   he100005      2007.331503  1.00000E+02  1.20030E+01  7.84266E+01  2.01753E+11    1   5  1 0 0 0 1 0 0 0 0 0
    2    6   17   he100006      2031.299300  1.44000E+02  1.20030E+01  5.44588E+01  8.94997E+10    1   6  1 0 0 0 0 1 0 0 0 0
    2    7   18   he100007      2045.762833  1.96000E+02  1.20010E+01  3.99952E+01  4.60493E+10    1   7  1 0 0 0 0 0 1 0 0 0
    2    8   19   he100008      2055.142328  2.56000E+02  1.20001E+01  3.06157E+01  2.56605E+10    1   8  1 0 0 0 0 0 0 1 0 0
    2    9   20   he100009      2061.568425  3.24000E+02  1.20001E+01  2.41896E+01  1.52292E+10    1   9  1 0 0 0 0 0 0 0 1 0
    2   10   21   he100010      2066.164798  4.00000E+02  1.20001E+01  1.95933E+01  8.70847E+09    1  10  1 0 0 0 0 0 0 0 0 1
    2   11   22   he020002      3297.512486  2.80000E+01  1.26981E+01  5.16852E+02  1.18010E+14    2   2  0 2 0 0 0 0 0 0 0 0
    2   12   23   he011003      3593.042249  1.44000E+02  1.20960E+01  2.21322E+02  2.45551E+13    2   3  0 1 1 0 0 0 0 0 0 0
    2   13   24   he010104      3691.299993  2.56000E+02  1.20278E+01  1.23064E+02  1.52815E+13    2   4  0 1 0 1 0 0 0 0 0 0
    2   14   25   he010005      3735.949337  4.00000E+02  1.20021E+01  7.84148E+01  1.32698E+13    2   5  0 1 0 0 1 0 0 0 0 0
    2   15   26   he010006      3759.823654  5.76000E+02  1.20120E+01  5.45405E+01  1.26523E+13    2   6  0 1 0 0 0 1 0 0 0 0
    2   16   27   he010007      3774.308882  7.84000E+02  1.20100E+01  4.00552E+01  1.24295E+13    2   7  0 1 0 0 0 0 1 0 0 0
    2   17   28   he010008      3783.743804  1.02400E+03  1.20010E+01  3.06203E+01  1.23347E+13    2   8  0 1 0 0 0 0 0 1 0 0
    2   18   29   he010009      3790.170865  1.29600E+03  1.20010E+01  2.41933E+01  1.22889E+13    2   9  0 1 0 0 0 0 0 0 1 0
    2   19   30   he010010      3794.770867  1.60000E+03  1.20001E+01  1.95933E+01  1.22644E+13    2  10  0 1 0 0 0 0 0 0 0 1
3   18    9       442.070007
    3    1   31   li210002         0.000000  8.00000E+00  1.11240E+01  4.42070E+02  0.00000E+00    1   2  2 1 0 0 0 0 0 0 0 0
    3    2   32   li201003       257.992011  1.80000E+01  1.10320E+01  1.84078E+02  7.72185E+11    1   3  2 0 1 0 0 0 0 0 0 0
    3    3   33   li200104       338.974012  3.20000E+01  1.10092E+01  1.03096E+02  2.77425E+11    1   4  2 0 0 1 0 0 0 0 0 0
    3    4   34   li200005       376.133933  5.00000E+01  1.10060E+01  6.59361E+01  1.15549E+11    1   5  2 0 0 0 1 0 0 0 0 0
    3    5   35   li200006       396.283985  7.20000E+01  1.10060E+01  4.57860E+01  5.31328E+10    1   6  2 0 0 0 0 1 0 0 0 0
    3    6   36   li200007       408.457130  9.80000E+01  1.10020E+01  3.36129E+01  2.78803E+10    1   7  2 0 0 0 0 0 1 0 0 0
    3    7   37   li200008       416.344290  1.28000E+02  1.10002E+01  2.57257E+01  1.57387E+10    1   8  2 0 0 0 0 0 0 1 0 0
    3    8   38   li200009       421.743920  1.62000E+02  1.10002E+01  2.03261E+01  9.43003E+09    1   9  2 0 0 0 0 0 0 0 1 0
    3    9   39   li200010       425.606118  2.00000E+02  1.10002E+01  1.64639E+01  5.37630E+09    1  10  2 0 0 0 0 0 0 0 0 1
    3   10   40   li120002      1572.968997  5.60000E+01  1.17601E+01  4.63904E+02  4.80705E+13    2   2  1 2 0 0 0 0 0 0 0 0
    3   11   41   li111003      1850.114188  2.88000E+02  1.11120E+01  1.86759E+02  1.00149E+13    2   3  1 1 1 0 0 0 0 0 0 0
    3   12   42   li110104      1933.341946  5.12000E+02  1.10324E+01  1.03531E+02  5.93655E+12    2   4  1 1 0 1 0 0 0 0 0 0
    3   13   43   li110005      1970.947776  8.00000E+02  1.10051E+01  6.59253E+01  5.04001E+12    2   5  1 1 0 0 1 0 0 0 0 0
    3   14   44   li110006      1991.012116  1.15200E+03  1.10150E+01  4.58609E+01  4.76060E+12    2   6  1 1 0 0 0 1 0 0 0 0
    3   15   45   li110007      2003.205164  1.56800E+03  1.10110E+01  3.36679E+01  4.65941E+12    2   7  1 1 0 0 0 0 1 0 0 0
    3   16   46   li110008      2011.143137  2.04800E+03  1.10011E+01  2.57299E+01  4.61572E+12    2   8  1 1 0 0 0 0 0 1 0 0
    3   17   47   li110009      2016.543651  2.59200E+03  1.10011E+01  2.03294E+01  4.59443E+12    2   9  1 1 0 0 0 0 0 0 1 0
    3   18   48   li110010      2020.409175  3.20000E+03  1.10002E+01  1.64639E+01  4.58277E+12    2  10  1 1 0 0 0 0 0 0 0 1
4   26    9       398.570007
    4    1   49   be220002         0.000000  2.80000E+01  1.08221E+01  3.98570E+02  0.00000E+00    1   2  2 2 0 0 0 0 0 0 0 0
    4    2   50   be211003       243.437111  1.44000E+02  1.01280E+01  1.55133E+02  5.25903E+11    1   3  2 1 1 0 0 0 0 0 0 0
    4    3   51   be210104       312.883391  2.56000E+02  1.00370E+01  8.56866E+01  1.96947E+11    1   4  2 1 0 1 0 0 0 0 0 0
    4    4   52   be210005       344.050796  4.00000E+02  1.00081E+01  5.45192E+01  8.25092E+10    1   5  2 1 0 0 1 0 0 0 0 0
    4    5   53   be210006       360.636492  5.76000E+02  1.00180E+01  3.79335E+01  3.62910E+10    1   6  2 1 0 0 0 1 0 0 0 0
    4    6   54   be210007       370.734812  7.84000E+02  1.00120E+01  2.78352E+01  1.92083E+10    1   7  2 1 0 0 0 0 1 0 0 0
    4    7   55   be210008       377.305136  1.02400E+03  1.00012E+01  2.12649E+01  1.09166E+10    1   8  2 1 0 0 0 0 0 1 0 0
    4    8   56   be210009       381.768410  1.29600E+03  1.00012E+01  1.68016E+01  6.53318E+09    1   9  2 1 0 0 0 0 0 0 1 0
    4    9   57   be210010       384.963328  1.60000E+03  1.00003E+01  1.36067E+01  3.76899E+09    1  10  2 1 0 0 0 0 0 0 0 1
    4   10   58   be202003       494.838385  1.53000E+02  1.06920E+01  1.61724E+02  2.30302E+14    2   3  2 0 2 0 0 0 0 0 0 0
    4   11   59   be201104       569.904285  5.76000E+02  1.00937E+01  8.66577E+01  4.73780E+13    2   4  2 0 1 1 0 0 0 0 0 0
    4   12   60   be201005       601.843208  9.00000E+02  1.00264E+01  5.47188E+01  1.59640E+13    2   5  2 0 1 0 1 0 0 0 0 0
    4   13   61   be201006       618.583045  1.29600E+03  1.00240E+01  3.79790E+01  6.87818E+12    2   6  2 0 1 0 0 1 0 0 0 0
    4   14   62   be201007       628.704575  1.76400E+03  1.00160E+01  2.78574E+01  3.54738E+12    2   7  2 0 1 0 0 0 1 0 0 0
    4   15   63   be201008       635.258854  2.30400E+03  1.00102E+01  2.13032E+01  2.14918E+12    2   8  2 0 1 0 0 0 0 1 0 0
    4   16   64   be201009       639.736893  2.91600E+03  1.00082E+01  1.68251E+01  1.49360E+12    2   9  2 0 1 0 0 0 0 0 1 0
    4   17   65   be201010       642.955340  3.60000E+03  1.00003E+01  1.36067E+01  1.15840E+12    2  10  2 0 1 0 0 0 0 0 0 1
    4   18   66   be130002      1554.499701  1.12000E+02  1.14582E+01  4.17039E+02  1.19660E+14   10   2  1 3 0 0 0 0 0 0 0 0
    4   19   67   be121003      1813.944533  1.00800E+03  1.02080E+01  1.57594E+02  5.20131E+13   10   3  1 2 1 0 0 0 0 0 0 0
    4   20   68   be120104      1885.455696  1.79200E+03  1.00602E+01  8.60833E+01  4.60617E+13   10   4  1 2 0 1 0 0 0 0 0 0
    4   21   69   be120005      1917.029600  2.80000E+03  1.00072E+01  5.45094E+01  4.48072E+13   10   5  1 2 0 0 1 0 0 0 0 0
    4   22   70   be120006      1933.537291  4.03200E+03  1.00270E+01  3.80017E+01  4.44325E+13   10   6  1 2 0 0 0 1 0 0 0 0
    4   23   71   be120007      1943.653737  5.48800E+03  1.00210E+01  2.78853E+01  4.43003E+13   10   7  1 2 0 0 0 0 1 0 0 0
    4   24   72   be120008      1950.270305  7.16800E+03  1.00021E+01  2.12687E+01  4.42443E+13   10   8  1 2 0 0 0 0 0 1 0 0
    4   25   73   be120009      1954.734383  9.07200E+03  1.00021E+01  1.68046E+01  4.42172E+13   10   9  1 2 0 0 0 0 0 0 1 0
    4   26   74   be120010      1957.932325  1.12000E+04  1.00003E+01  1.36067E+01  4.42029E+13   10  10  1 2 0 0 0 0 0 0 0 1
5   26    9       330.209991
    5    1   75   b_230002         0.000000  5.60000E+01  1.05202E+01  3.30210E+02  0.00000E+00    1   2  2 3 0 0 0 0 0 0 0 0
    5    2   76   b_221003       202.565254  5.04000E+02  9.22400E+00  1.27645E+02  2.72552E+11    1   3  2 2 1 0 0 0 0 0 0 0
    5    3   77   b_220104       260.322607  8.96000E+02  9.06480E+00  6.98874E+01  1.20478E+11    1   4  2 2 0 1 0 0 0 0 0 0
    5    4   78   b_220005       286.022529  1.40000E+03  9.01020E+00  4.41875E+01  5.28004E+10    1   5  2 2 0 0 1 0 0 0 0 0
    5    5   79   b_220006       299.390541  2.01600E+03  9.03000E+00  3.08195E+01  2.30226E+10    1   6  2 2 0 0 0 1 0 0 0 0
    5    6   80   b_220007       307.607863  2.74400E+03  9.02200E+00  2.26021E+01  1.23408E+10    1   7  2 2 0 0 0 0 1 0 0 0
    5    7   81   b_220008       312.981438  3.58400E+03  9.00220E+00  1.72286E+01  7.08110E+09    1   8  2 2 0 0 0 0 0 1 0 0
    5    8   82   b_220009       316.597489  4.53600E+03  9.00220E+00  1.36125E+01  4.23676E+09    1   9  2 2 0 0 0 0 0 0 1 0
    5    9   83   b_220010       319.188382  5.60000E+03  9.00040E+00  1.10216E+01  2.45757E+09    1  10  2 2 0 0 0 0 0 0 0 1
    5   10   84   b_212003       440.072645  1.22400E+03  9.78800E+00  1.33574E+02  1.67835E+14    2   3  2 1 2 0 0 0 0 0 0 0
    5   11   85   b_211104       502.882491  4.60800E+03  9.12150E+00  7.07646E+01  3.41219E+13    2   4  2 1 1 1 0 0 0 0 0 0
    5   12   86   b_211005       529.279937  7.20000E+03  9.02850E+00  4.43672E+01  1.13685E+13    2   5  2 1 1 0 1 0 0 0 0 0
    5   13   87   b_211006       542.786678  1.03680E+04  9.03600E+00  3.08604E+01  4.86067E+12    2   6  2 1 1 0 0 1 0 0 0 0
    5   14   88   b_211007       551.024925  1.41120E+04  9.02600E+00  2.26222E+01  2.49716E+12    2   7  2 1 1 0 0 0 1 0 0 0
    5   15   89   b_211008       556.384081  1.84320E+04  9.01120E+00  1.72630E+01  1.50514E+12    2   8  2 1 1 0 0 0 0 1 0 0
    5   16   90   b_211009       560.013421  2.33280E+04  9.00920E+00  1.36337E+01  1.03995E+12    2   9  2 1 1 0 0 0 0 0 1 0
    5   17   91   b_211010       562.625493  2.88000E+04  9.00040E+00  1.10216E+01  8.02161E+11    2  10  2 1 1 0 0 0 0 0 0 1
    5   18   92   b_140002      1541.078248  1.40000E+02  1.11563E+01  3.43631E+02  2.11125E+14   18   2  1 4 0 0 0 0 0 0 0 0
    5   19   93   b_131003      1754.840365  2.01600E+03  9.30400E+00  1.29869E+02  1.18626E+14   18   3  1 3 1 0 0 0 0 0 0 0
    5   20   94   b_130104      1814.464033  3.58400E+03  9.08800E+00  7.02457E+01  1.11647E+14   18   4  1 3 0 1 0 0 0 0 0 0
    5   21   95   b_130005      1840.531058  5.60000E+03  9.00930E+00  4.41786E+01  1.10229E+14   18   5  1 3 0 0 1 0 0 0 0 0
    5   22   96   b_130006      1853.828770  8.06400E+03  9.03900E+00  3.08809E+01  1.09812E+14   18   6  1 3 0 0 0 1 0 0 0 0
    5   23   97   b_130007      1862.062443  1.09760E+04  9.03100E+00  2.26472E+01  1.09667E+14   18   7  1 3 0 0 0 0 1 0 0 0
    5   24   98   b_130008      1867.477694  1.43360E+04  9.00310E+00  1.72320E+01  1.09605E+14   18   8  1 3 0 0 0 0 0 1 0 0
    5   25   99   b_130009      1871.094468  1.81440E+04  9.00310E+00  1.36152E+01  1.09576E+14   18   9  1 3 0 0 0 0 0 0 1 0
    5   26  100   b_130010      1873.688083  2.24000E+04  9.00040E+00  1.10216E+01  1.09561E+14   18  10  1 3 0 0 0 0 0 0 0 1
6   26    9       284.589996
    6    1  101   c_240002         0.000000  7.00000E+01  1.02183E+01  2.84590E+02  0.00000E+00    1   2  2 4 0 0 0 0 0 0 0 0
    6    2  102   c_231003       182.374455  1.00800E+03  8.32000E+00  1.02216E+02  1.62557E+11    1   3  2 3 1 0 0 0 0 0 0 0
    6    3  103   c_230104       228.892202  1.79200E+03  8.09260E+00  5.56978E+01  7.46393E+10    1   4  2 3 0 1 0 0 0 0 0 0
    6    4  104   c_230005       249.649409  2.80000E+03  8.01230E+00  3.49406E+01  3.35370E+10    1   5  2 3 0 0 1 0 0 0 0 0
    6    5  105   c_230006       260.146289  4.03200E+03  8.04200E+00  2.44437E+01  1.42647E+10    1   6  2 3 0 0 0 1 0 0 0 0
    6    6  106   c_230007       266.676386  5.48800E+03  8.03200E+00  1.79136E+01  7.70565E+09    1   7  2 3 0 0 0 0 1 0 0 0
    6    7  107   c_230008       270.973276  7.16800E+03  8.00320E+00  1.36167E+01  4.45317E+09    1   8  2 3 0 0 0 0 0 1 0 0
    6    8  108   c_230009       273.831220  9.07200E+03  8.00320E+00  1.07588E+01  2.65527E+09    1   9  2 3 0 0 0 0 0 0 1 0
    6    9  109   c_230010       275.881334  1.12000E+04  8.00050E+00  8.70866E+00  1.54815E+09    1  10  2 3 0 0 0 0 0 0 0 1
    6   10  110   c_222003       379.701907  4.28400E+03  8.88400E+00  1.07453E+02  1.15963E+14    2   3  2 2 2 0 0 0 0 0 0 0
    6   11  111   c_221104       430.674093  1.61280E+04  8.14930E+00  5.64812E+01  2.33670E+13    2   4  2 2 1 1 0 0 0 0 0 0
    6   12  112   c_221005       452.054853  2.52000E+04  8.03060E+00  3.51004E+01  7.67725E+12    2   5  2 2 1 0 1 0 0 0 0 0
    6   13  113   c_221006       462.675052  3.62880E+04  8.04800E+00  2.44802E+01  3.22827E+12    2   6  2 2 1 0 0 1 0 0 0 0
    6   14  114   c_221007       469.223792  4.93920E+04  8.03600E+00  1.79315E+01  1.62396E+12    2   7  2 2 1 0 0 0 1 0 0 0
    6   15  115   c_221008       473.507885  6.45120E+04  8.01220E+00  1.36474E+01  9.50585E+11    2   8  2 2 1 0 0 0 0 1 0 0
    6   16  116   c_221009       476.377644  8.16480E+04  8.01020E+00  1.07776E+01  6.34821E+11    2   9  2 2 1 0 0 0 0 0 1 0
    6   17  117   c_221010       478.446588  1.00800E+05  8.00050E+00  8.70866E+00  4.73418E+11    2  10  2 2 1 0 0 0 0 0 0 1
    6   18  118   c_150002      1531.440028  1.12000E+02  1.08544E+01  2.94228E+02  3.07237E+14   18   2  1 5 0 0 0 0 0 0 0 0
    6   19  119   c_141003      1721.476950  2.52000E+03  8.40000E+00  1.04191E+02  1.97522E+14   18   3  1 4 1 0 0 0 0 0 0 0
    6   20  120   c_140104      1769.650582  4.48000E+03  8.11580E+00  5.60177E+01  1.90198E+14   18   4  1 4 0 1 0 0 0 0 0 0
    6   21  121   c_140005      1790.735508  7.00000E+03  8.01140E+00  3.49327E+01  1.88768E+14   18   5  1 4 0 0 1 0 0 0 0 0
    6   22  122   c_140006      1801.169790  1.00800E+04  8.05100E+00  2.44985E+01  1.88352E+14   18   6  1 4 0 0 0 1 0 0 0 0
    6   23  123   c_140007      1807.714464  1.37200E+04  8.04100E+00  1.79538E+01  1.88209E+14   18   7  1 4 0 0 0 0 1 0 0 0
    6   24  124   c_140008      1812.048461  1.79200E+04  8.00410E+00  1.36198E+01  1.88148E+14   18   8  1 4 0 0 0 0 0 1 0 0
    6   25  125   c_140009      1814.907048  2.26800E+04  8.00410E+00  1.07612E+01  1.88120E+14   18   9  1 4 0 0 0 0 0 0 1 0
    6   26  126   c_140010      1816.959582  2.80000E+04  8.00050E+00  8.70866E+00  1.88105E+14   18  10  1 4 0 0 0 0 0 0 0 1
7   26    9       241.429993
    7    1  127   n_250002         0.000000  5.60000E+01  9.91640E+00  2.41430E+02  0.00000E+00    1   2  2 5 0 0 0 0 0 0 0 0
    7    2  128   n_241003       161.724693  1.26000E+03  7.41600E+00  7.97053E+01  8.63595E+10    1   3  2 4 1 0 0 0 0 0 0 0
    7    3  129   n_240104       198.312603  2.24000E+03  7.12040E+00  4.31174E+01  4.28088E+10    1   4  2 4 0 1 0 0 0 0 0 0
    7    4  130   n_240005       214.651623  3.50000E+03  7.01440E+00  2.67784E+01  1.98270E+10    1   5  2 4 0 0 1 0 0 0 0 0
    7    5  131   n_240006       222.623811  5.04000E+03  7.05400E+00  1.88062E+01  8.21230E+09    1   6  2 4 0 0 0 1 0 0 0 0
    7    6  132   n_240007       227.660412  6.86000E+03  7.04200E+00  1.37696E+01  4.47905E+09    1   7  2 4 0 0 0 0 1 0 0 0
    7    7  133   n_240008       231.000656  8.96000E+03  7.00420E+00  1.04293E+01  2.61255E+09    1   8  2 4 0 0 0 0 0 1 0 0
    7    8  134   n_240009       233.189596  1.13400E+04  7.00420E+00  8.24040E+00  1.55067E+09    1   9  2 4 0 0 0 0 0 0 1 0
    7    9  135   n_240010       234.762170  1.40000E+04  7.00060E+00  6.66782E+00  9.14310E+08    1  10  2 4 0 0 0 0 0 0 0 1
    7   10  136   n_232003       339.545730  8.56800E+03  7.98000E+00  8.42587E+01  8.62935E+13    2   3  2 3 2 0 0 0 0 0 0 0
    7   11  137   n_231104       379.997533  3.22560E+04  7.17710E+00  4.38069E+01  1.49836E+13    2   4  2 3 1 1 0 0 0 0 0 0
    7   12  138   n_231005       396.886157  5.04000E+04  7.03270E+00  2.69183E+01  4.72043E+12    2   5  2 3 1 0 1 0 0 0 0 0
    7   13  139   n_231006       404.966258  7.25760E+04  7.06000E+00  1.88382E+01  1.93986E+12    2   6  2 3 1 0 0 1 0 0 0 0
    7   14  140   n_231007       410.019219  9.87840E+04  7.04600E+00  1.37852E+01  9.71908E+11    2   7  2 3 1 0 0 0 1 0 0 0
    7   15  141   n_231008       413.348291  1.29024E+05  7.01320E+00  1.04562E+01  5.65638E+11    2   8  2 3 1 0 0 0 0 1 0 0
    7   16  142   n_231009       415.547571  1.63296E+05  7.01120E+00  8.25688E+00  3.75103E+11    2   9  2 3 1 0 0 0 0 0 1 0
    7   17  143   n_231010       417.136626  2.01600E+05  7.00060E+00  6.66782E+00  2.77726E+11    2  10  2 3 1 0 0 0 0 0 0 1
    7   18  144   n_160002      1515.064177  5.60000E+01  1.05525E+01  2.57806E+02  4.91746E+14   18   2  1 6 0 0 0 0 0 0 0 0
    7   19  145   n_151003      1691.435374  2.01600E+03  7.49600E+00  8.14346E+01  3.43098E+14   18   3  1 5 1 0 0 0 0 0 0 0
    7   20  146   n_150104      1729.471158  3.58400E+03  7.14360E+00  4.33989E+01  3.33769E+14   18   4  1 5 0 1 0 0 0 0 0 0
    7   21  147   n_150005      1746.098523  5.60000E+03  7.01350E+00  2.67715E+01  3.32155E+14   18   5  1 5 0 0 1 0 0 0 0 0
    7   22  148   n_150006      1754.015817  8.06400E+03  7.06300E+00  1.88542E+01  3.31709E+14   18   6  1 5 0 0 0 1 0 0 0 0
    7   23  149   n_150007      1759.065219  1.09760E+04  7.05100E+00  1.38048E+01  3.31560E+14   18   7  1 5 0 0 0 0 1 0 0 0
    7   24  150   n_150008      1762.438003  1.43360E+04  7.00510E+00  1.04320E+01  3.31498E+14   18   8  1 5 0 0 0 0 0 1 0 0
    7   25  151   n_150009      1764.627506  1.81440E+04  7.00510E+00  8.24251E+00  3.31468E+14   18   9  1 5 0 0 0 0 0 0 1 0
    7   26  152   n_150010      1766.202198  2.24000E+04  7.00060E+00  6.66782E+00  3.31453E+14   18  10  1 5 0 0 0 0 0 0 0 1
8   26    9       190.470001
    8    1  153   o_260002         0.000000  2.80000E+01  9.61450E+00  1.90470E+02  0.00000E+00    1   2  2 6 0 0 0 0 0 0 0 0
    8    2  154   o_251003       133.459338  1.00800E+03  6.51200E+00  5.70107E+01  3.53792E+10    1   3  2 5 1 0 0 0 0 0 0 0
    8    3  155   o_250104       158.324233  1.79200E+03  6.14820E+00  3.21458E+01  1.85541E+10    1   4  2 5 0 1 0 0 0 0 0 0
    8    4  156   o_250005       170.769381  2.80000E+03  6.01650E+00  1.97006E+01  9.83929E+09    1   5  2 5 0 0 1 0 0 0 0 0
    8    5  157   o_250006       176.563224  4.03200E+03  6.06600E+00  1.39068E+01  4.02268E+09    1   6  2 5 0 0 0 1 0 0 0 0
    8    6  158   o_250007       180.300014  5.48800E+03  6.05200E+00  1.01700E+01  2.25317E+09    1   7  2 5 0 0 0 0 1 0 0 0
    8    7  159   o_250008       182.803632  7.16800E+03  6.00520E+00  7.66637E+00  1.34206E+09    1   8  2 5 0 0 0 0 0 1 0 0
    8    8  160   o_250009       184.412659  9.07200E+03  6.00520E+00  6.05734E+00  7.94162E+08    1   9  2 5 0 0 0 0 0 0 1 0
    8    9  161   o_250010       185.570926  1.12000E+04  6.00070E+00  4.89908E+00  4.83708E+08    1  10  2 5 0 0 0 0 0 0 0 1
    8   10  162   o_242003       291.504843  1.07100E+04  7.07600E+00  6.06899E+01  5.10063E+13    2   3  2 4 2 0 0 0 0 0 0 0
    8   11  163   o_241104       319.453217  4.03200E+04  6.20490E+00  3.27415E+01  8.76369E+12    2   4  2 4 1 1 0 0 0 0 0 0
    8   12  164   o_241005       332.374039  6.30000E+04  6.03480E+00  1.98207E+01  2.71035E+12    2   5  2 4 1 0 1 0 0 0 0 0
    8   13  165   o_241006       338.260391  9.07200E+04  6.07200E+00  1.39343E+01  1.10128E+12    2   6  2 4 1 0 0 1 0 0 0 0
    8   14  166   o_241007       342.011258  1.23480E+05  6.05600E+00  1.01834E+01  5.47113E+11    2   7  2 4 1 0 0 0 1 0 0 0
    8   15  167   o_241008       344.505328  1.61280E+05  6.01420E+00  7.68937E+00  3.14525E+11    2   8  2 4 1 0 0 0 0 1 0 0
    8   16  168   o_241009       346.123222  2.04120E+05  6.01220E+00  6.07147E+00  2.05421E+11    2   9  2 4 1 0 0 0 0 0 1 0
    8   17  169   o_241010       347.295619  2.52000E+05  6.00070E+00  4.89908E+00  1.49693E+11    2  10  2 4 1 0 0 0 0 0 0 1
    8   18  170   o_170002      1501.651099  1.60000E+01  1.02506E+01  2.03883E+02  6.08516E+14   18   2  1 7 0 0 0 0 0 0 0 0
    8   19  171   o_161003      1647.113885  1.00800E+03  6.59200E+00  5.84203E+01  4.48684E+14   18   3  1 6 1 0 0 0 0 0 0 0
    8   20  172   o_160104      1673.145323  1.79200E+03  6.17140E+00  3.23889E+01  4.40021E+14   18   4  1 6 0 1 0 0 0 0 0 0
    8   21  173   o_160005      1685.839452  2.80000E+03  6.01560E+00  1.96947E+01  4.38567E+14   18   5  1 6 0 0 1 0 0 0 0 0
    8   22  174   o_160006      1691.586101  4.03200E+03  6.07500E+00  1.39481E+01  4.38176E+14   18   6  1 6 0 0 0 1 0 0 0 0
    8   23  175   o_160007      1695.333919  5.48800E+03  6.06100E+00  1.02003E+01  4.38048E+14   18   7  1 6 0 0 0 0 1 0 0 0
    8   24  176   o_160008      1697.865510  7.16800E+03  6.00610E+00  7.66867E+00  4.37995E+14   18   8  1 6 0 0 0 0 0 1 0 0
    8   25  177   o_160009      1699.475020  9.07200E+03  6.00610E+00  6.05916E+00  4.37969E+14   18   9  1 6 0 0 0 0 0 0 1 0
    8   26  178   o_160010      1700.635103  1.12000E+04  6.00070E+00  4.89908E+00  4.37956E+14   18  10  1 6 0 0 0 0 0 0 0 1
9   26    9       153.710007
    9    1  179   f_270002         0.000000  8.00000E+00  9.31260E+00  1.53710E+02  0.00000E+00    1   2  2 7 0 0 0 0 0 0 0 0
    9    2  180   f_261003       112.741965  5.04000E+02  5.60800E+00  4.09680E+01  1.23171E+10    1   3  2 6 1 0 0 0 0 0 0 0
    9    3  181   f_260104       130.927429  8.96000E+02  5.17600E+00  2.27826E+01  8.36195E+09    1   4  2 6 0 1 0 0 0 0 0 0
    9    4  182   f_260005       140.002834  1.40000E+03  5.01860E+00  1.37072E+01  4.70136E+09    1   5  2 6 0 0 1 0 0 0 0 0
    9    5  183   f_260006       143.964593  2.01600E+03  5.07800E+00  9.74541E+00  1.82094E+09    1   6  2 6 0 0 0 1 0 0 0 0
    9    6  184   f_260007       146.595224  2.74400E+03  5.06200E+00  7.11478E+00  1.04007E+09    1   7  2 6 0 0 0 0 1 0 0 0
    9    7  185   f_260008       148.382217  3.58400E+03  5.00620E+00  5.32779E+00  6.31609E+08    1   8  2 6 0 0 0 0 0 1 0 0
    9    8  186   f_260009       149.500412  4.53600E+03  5.00620E+00  4.20959E+00  3.69617E+08    1   9  2 6 0 0 0 0 0 0 1 0
    9    9  187   f_260010       150.307598  5.60000E+03  5.00080E+00  3.40241E+00  2.48855E+08    1  10  2 6 0 0 0 0 0 0 0 1
    9   10  188   f_252003       243.164107  8.56800E+03  6.17200E+00  4.40052E+01  2.54835E+13    2   3  2 5 2 0 0 0 0 0 0 0
    9   11  189   f_251104       263.884856  3.22560E+04  5.23270E+00  2.32845E+01  4.38003E+12    2   4  2 5 1 1 0 0 0 0 0 0
    9   12  190   f_251005       273.362021  5.04000E+04  5.03690E+00  1.38073E+01  1.32917E+12    2   5  2 5 1 0 1 0 0 0 0 0
    9   13  191   f_251006       277.400888  7.25760E+04  5.08400E+00  9.76846E+00  5.28069E+11    2   6  2 5 1 0 0 1 0 0 0 0
    9   14  192   f_251007       280.043313  9.87840E+04  5.06600E+00  7.12603E+00  2.58419E+11    2   7  2 5 1 0 0 0 1 0 0 0
    9   15  193   f_251008       281.822381  1.29024E+05  5.01520E+00  5.34696E+00  1.45245E+11    2   8  2 5 1 0 0 0 0 1 0 0
    9   16  194   f_251009       282.947970  1.63296E+05  5.01320E+00  4.22138E+00  9.21428E+10    2   9  2 5 1 0 0 0 0 0 1 0
    9   17  195   f_251010       283.766936  2.01600E+05  5.00080E+00  3.40241E+00  6.50474E+10    2  10  2 5 1 0 0 0 0 0 0 1
    9   18  196   f_180002      1490.376625  2.00000E+00  9.94870E+00  1.64984E+02  7.13733E+14   18   2  1 8 0 0 0 0 0 0 0 0
    9   19  197   f_171003      1613.215711  2.88000E+02  5.68800E+00  4.21454E+01  5.47587E+14   18   3  1 7 1 0 0 0 0 0 0 0
    9   20  198   f_170104      1632.373821  5.12000E+02  5.19920E+00  2.29873E+01  5.40012E+14   18   4  1 7 0 1 0 0 0 0 0 0
    9   21  199   f_170005      1641.658849  8.00000E+02  5.01770E+00  1.37023E+01  5.38801E+14   18   5  1 7 0 0 1 0 0 0 0 0
    9   22  200   f_170006      1645.581115  1.15200E+03  5.08700E+00  9.77999E+00  5.38482E+14   18   6  1 7 0 0 0 1 0 0 0 0
    9   23  201   f_170007      1648.221000  1.56800E+03  5.07100E+00  7.14011E+00  5.38379E+14   18   7  1 7 0 0 0 0 1 0 0 0
    9   24  202   f_170008      1650.031400  2.04800E+03  5.00710E+00  5.32971E+00  5.38337E+14   18   8  1 7 0 0 0 0 0 1 0 0
    9   25  203   f_170009      1651.149997  2.59200E+03  5.00710E+00  4.21111E+00  5.38316E+14   18   9  1 7 0 0 0 0 0 0 1 0
    9   26  204   f_170010      1651.958696  3.20000E+03  5.00080E+00  3.40241E+00  5.38306E+14   18  10  1 7 0 0 0 0 0 0 0 1
10   25    9       119.989998
   10    1  205   ne280002         0.000000  1.00000E+00  9.01070E+00  1.19990E+02  0.00000E+00    1   2  2 8 0 0 0 0 0 0 0 0
   10    2  206   ne271003        92.202489  1.44000E+02  4.70400E+00  2.77875E+01  2.66464E+09    1   3  2 7 1 0 0 0 0 0 0 0
   10    3  207   ne270104       104.962481  2.56000E+02  4.20380E+00  1.50275E+01  3.29760E+09    1   4  2 7 0 1 0 0 0 0 0 0
   10    4  208   ne270005       111.192110  4.00000E+02  4.02070E+00  8.79789E+00  1.94426E+09    1   5  2 7 0 0 1 0 0 0 0 0
   10    5  209   ne270006       113.667977  5.76000E+02  4.09000E+00  6.32202E+00  6.85242E+08    1   6  2 7 0 0 0 1 0 0 0 0
   10    6  210   ne270007       115.386069  7.84000E+02  4.07200E+00  4.60393E+00  4.02056E+08    1   7  2 7 0 0 0 0 1 0 0 0
   10    7  211   ne270008       116.576423  1.02400E+03  4.00720E+00  3.41357E+00  2.51196E+08    1   8  2 7 0 0 0 0 0 1 0 0
   10    8  212   ne270009       117.292860  1.29600E+03  4.00720E+00  2.69714E+00  1.43864E+08    1   9  2 7 0 0 0 0 0 0 1 0
   10    9  213   ne270010       117.812184  1.60000E+03  4.00090E+00  2.17781E+00  1.40557E+08    1  10  2 7 0 0 0 0 0 0 0 1
   10   10  214   ne262003       202.525246  4.28400E+03  5.26800E+00  3.02067E+01  9.74846E+12    2   3  2 6 2 0 0 0 0 0 0 0
   10   11  215   ne261104       217.296315  1.61280E+04  4.26050E+00  1.54356E+01  1.67335E+12    2   4  2 6 1 1 0 0 0 0 0 0
   10   12  216   ne261005       223.853804  2.52000E+04  4.03900E+00  8.87816E+00  5.01004E+11    2   5  2 6 1 0 1 0 0 0 0 0
   10   13  217   ne261006       226.391379  3.62880E+04  4.09600E+00  6.34058E+00  1.96001E+11    2   6  2 6 1 0 0 1 0 0 0 0
   10   14  218   ne261007       228.118984  4.93920E+04  4.07600E+00  4.61298E+00  9.50452E+10    2   7  2 6 1 0 0 0 1 0 0 0
   10   15  219   ne261008       229.303037  6.45120E+04  4.01620E+00  3.42893E+00  5.26721E+10    2   8  2 6 1 0 0 0 0 1 0 0
   10   16  220   ne261009       230.025393  8.16480E+04  4.01420E+00  2.70657E+00  3.27812E+10    2   9  2 6 1 0 0 0 0 0 1 0
   10   17  221   ne261010       230.554149  1.00800E+05  4.00090E+00  2.17781E+00  2.26791E+10    2  10  2 6 1 0 0 0 0 0 0 1
   10   18  222   ne181003      1581.625826  3.60000E+01  4.78400E+00  2.87408E+01  6.35539E+14   18   3  1 8 1 0 0 0 0 0 0 0
   10   19  223   ne180104      1595.172771  6.40000E+01  4.22700E+00  1.51939E+01  6.29368E+14   18   4  1 8 0 1 0 0 0 0 0 0
   10   20  224   ne180005      1601.572674  1.00000E+02  4.01980E+00  8.79395E+00  6.28439E+14   18   5  1 8 0 0 1 0 0 0 0 0
   10   21  225   ne180006      1604.016748  1.44000E+02  4.09900E+00  6.34987E+00  6.28202E+14   18   6  1 8 0 0 0 1 0 0 0 0
   10   22  226   ne180007      1605.742319  1.96000E+02  4.08100E+00  4.62430E+00  6.28127E+14   18   7  1 8 0 0 0 0 1 0 0 0
   10   23  227   ne180008      1606.951515  2.56000E+02  4.00810E+00  3.41511E+00  6.28096E+14   18   8  1 8 0 0 0 0 0 1 0 0
   10   24  228   ne180009      1607.668273  3.24000E+02  4.00810E+00  2.69835E+00  6.28081E+14   18   9  1 8 0 0 0 0 0 0 1 0
   10   25  229   ne180010      1608.188809  4.00000E+02  4.00090E+00  2.17781E+00  6.28074E+14   18  10  1 8 0 0 0 0 0 0 0 1
11   24    8        28.447001
   11    1  230   na281003         0.000000  1.80000E+01  3.80000E+00  2.84470E+01  0.00000E+00    1   3  2 8 1 0 0 0 0 0 0 0
   11    2  231   na280104        19.566663  3.20000E+01  3.23160E+00  8.88034E+00  6.40526E+09    1   4  2 8 0 1 0 0 0 0 0 0
   11    3  232   na280005        23.474350  5.00000E+01  3.02280E+00  4.97265E+00  1.36790E+09    1   5  2 8 0 0 1 0 0 0 0 0
   11    4  233   na280006        24.810460  7.20000E+01  3.10200E+00  3.63654E+00  3.56882E+08    1   6  2 8 0 0 0 1 0 0 0 0
   11    5  234   na280007        25.809607  9.80000E+01  3.08200E+00  2.63739E+00  1.82440E+08    1   7  2 8 0 0 0 0 1 0 0 0
   11    6  235   na280008        26.523297  1.28000E+02  3.00820E+00  1.92370E+00  1.07482E+08    1   8  2 8 0 0 0 0 0 1 0 0
   11    7  236   na280009        26.927039  1.62000E+02  3.00820E+00  1.51996E+00  5.80709E+07    1   9  2 8 0 0 0 0 0 0 1 0
   11    8  237   na280010        27.221720  2.00000E+02  3.00100E+00  1.22528E+00  4.08796E+08    1  10  2 8 0 0 0 0 0 0 0 1
   11    9  238   na272003        89.205311  1.22400E+03  4.36400E+00  3.14442E+01  2.59202E+12    2   3  2 7 2 0 0 0 0 0 0 0
   11   10  239   na271104       111.454789  4.60800E+03  3.28830E+00  9.19470E+00  4.11710E+11    2   4  2 7 1 1 0 0 0 0 0 0
   11   11  240   na271005       115.616447  7.20000E+03  3.04110E+00  5.03304E+00  1.18825E+11    2   5  2 7 1 0 1 0 0 0 0 0
   11   12  241   na271006       116.998867  1.03680E+04  3.10800E+00  3.65062E+00  4.53147E+10    2   6  2 7 1 0 0 1 0 0 0 0
   11   13  242   na271007       118.005245  1.41120E+04  3.08600E+00  2.64424E+00  2.17169E+10    2   7  2 7 1 0 0 0 1 0 0 0
   11   14  243   na271008       118.714258  1.84320E+04  3.01720E+00  1.93523E+00  1.18201E+10    2   8  2 7 1 0 0 0 0 1 0 0
   11   15  244   na271009       119.122446  2.33280E+04  3.01520E+00  1.52704E+00  7.16987E+09    2   9  2 7 1 0 0 0 0 0 1 0
   11   16  245   na271010       119.424208  2.88000E+04  3.00100E+00  1.22528E+00  5.18992E+09    2  10  2 7 1 0 0 0 0 0 0 1
   11   17  246   na182003      1577.347569  3.06000E+02  4.44400E+00  3.27253E+01  5.62397E+14   18   3  1 8 2 0 0 0 0 0 0 0
   11   18  247   na181104      1600.747921  1.15200E+03  3.31150E+00  9.32491E+00  5.58109E+14   18   4  1 8 1 1 0 0 0 0 0 0
   11   19  248   na181005      1605.042763  1.80000E+03  3.04020E+00  5.03006E+00  5.57530E+14   18   5  1 8 1 0 1 0 0 0 0 0
   11   20  249   na181006      1606.401030  2.59200E+03  3.11700E+00  3.67180E+00  5.57388E+14   18   6  1 8 1 0 0 1 0 0 0 0
   11   21  250   na181007      1607.413136  3.52800E+03  3.09500E+00  2.65969E+00  5.57345E+14   18   7  1 8 1 0 0 0 1 0 0 0
   11   22  251   na181008      1608.136440  4.60800E+03  3.01810E+00  1.93639E+00  5.57327E+14   18   8  1 8 1 0 0 0 0 1 0 0
   11   23  252   na181009      1608.544871  5.83200E+03  3.01610E+00  1.52795E+00  5.57319E+14   18   9  1 8 1 0 0 0 0 0 1 0
   11   24  253   na181010      1608.847546  7.20000E+03  3.00100E+00  1.22528E+00  5.57315E+14   18  10  1 8 1 0 0 0 0 0 0 1
12   31    8        18.827999
   12    1  254   mg282003         0.000000  1.53000E+02  3.46000E+00  1.88280E+01  0.00000E+00    1   3  2 8 2 0 0 0 0 0 0 0
   12    2  255   mg281104        14.266552  5.76000E+02  2.31610E+00  4.56145E+00  2.90841E+09    1   4  2 8 1 1 0 0 0 0 0 0
   12    3  256   mg281005        16.556113  9.00000E+02  2.04320E+00  2.27189E+00  6.23930E+08    1   5  2 8 1 0 1 0 0 0 0 0
   12    4  257   mg281006        17.129468  1.29600E+03  2.12000E+00  1.69853E+00  1.09411E+08    1   6  2 8 1 0 0 1 0 0 0 0
   12    5  258   mg281007        17.608196  1.76400E+03  2.09600E+00  1.21980E+00  5.40091E+07    1   7  2 8 1 0 0 0 1 0 0 0
   12    6  259   mg281008        17.962132  2.30400E+03  2.01820E+00  8.65867E-01  3.16741E+07    1   8  2 8 1 0 0 0 0 1 0 0
   12    7  260   mg281009        18.145213  2.91600E+03  2.01620E+00  6.82786E-01  1.63951E+07    1   9  2 8 1 0 0 0 0 0 1 0
   12    8  261   mg281010        18.283195  3.60000E+03  2.00110E+00  5.44804E-01  1.27846E+07    1  10  2 8 1 0 0 0 0 0 0 1
   12    9  262   mg280204        33.202198  4.96000E+02  2.87660E+00  5.19246E+00  3.82309E+13    2   4  2 8 0 2 0 0 0 0 0 0
   12   10  263   mg280105        35.988300  1.60000E+03  2.10280E+00  2.40636E+00  5.91618E+13    2   5  2 8 0 1 1 0 0 0 0 0
   12   11  264   mg280106        36.660696  2.30400E+03  2.14200E+00  1.73397E+00  2.78080E+13    2   6  2 8 0 1 0 1 0 0 0 0
   12   12  265   mg280107        37.162022  3.13600E+03  2.10700E+00  1.23264E+00  1.28689E+13    2   7  2 8 0 1 0 0 1 0 0 0
   12   13  266   mg280108        37.522778  4.09600E+03  2.02520E+00  8.71884E-01  6.60334E+12    2   8  2 8 0 1 0 0 0 1 0 0
   12   14  267   mg280109        37.707806  5.18400E+03  2.02220E+00  6.86856E-01  3.66701E+12    2   9  2 8 0 1 0 0 0 0 1 0
   12   15  268   mg280110        37.844455  6.40000E+03  2.01100E+00  5.50208E-01  2.16771E+12    2  10  2 8 0 1 0 0 0 0 0 1
   12   16  269   mg273003        87.252961  6.52800E+03  4.02400E+00  2.07803E+01  4.13079E+12    9   3  2 7 3 0 0 0 0 0 0 0
   12   17  270   mg272104       103.245790  3.91680E+04  2.37280E+00  4.78752E+00  1.69892E+12    9   4  2 7 2 1 0 0 0 0 0 0
   12   18  271   mg272005       105.720545  6.12000E+04  2.06150E+00  2.31277E+00  1.46406E+12    9   5  2 7 2 0 1 0 0 0 0 0
   12   19  272   mg272006       106.325151  8.81280E+04  2.12600E+00  1.70816E+00  1.40868E+12    9   6  2 7 2 0 0 1 0 0 0 0
   12   20  273   mg272007       106.808847  1.19952E+05  2.10000E+00  1.22446E+00  1.39193E+12    9   7  2 7 2 0 0 0 1 0 0 0
   12   21  274   mg272008       107.159703  1.56672E+05  2.02720E+00  8.73607E-01  1.38491E+12    9   8  2 7 2 0 0 0 0 1 0 0
   12   22  275   mg272009       107.345775  1.98288E+05  2.02320E+00  6.87536E-01  1.38161E+12    9   9  2 7 2 0 0 0 0 0 1 0
   12   23  276   mg272010       107.488507  2.44800E+05  2.00110E+00  5.44804E-01  1.37993E+12    9  10  2 7 2 0 0 0 0 0 0 1
   12   24  277   mg183003      1574.322455  1.63200E+03  4.10400E+00  2.18531E+01  3.27480E+13   17   3  1 8 3 0 0 0 0 0 0 0
   12   25  278   mg182104      1591.293968  9.79200E+03  2.39600E+00  4.88160E+00  2.91181E+13   17   4  1 8 2 1 0 0 0 0 0 0
   12   26  279   mg182005      1593.864821  1.53000E+04  2.06060E+00  2.31075E+00  2.87761E+13   17   5  1 8 2 0 1 0 0 0 0 0
   12   27  280   mg182006      1594.452916  2.20320E+04  2.13500E+00  1.72265E+00  2.86989E+13   17   6  1 8 2 0 0 1 0 0 0 0
   12   28  281   mg182007      1594.940586  2.99880E+04  2.10900E+00  1.23498E+00  2.86770E+13   17   7  1 8 2 0 0 0 1 0 0 0
   12   29  282   mg182008      1595.301185  3.91680E+04  2.02810E+00  8.74383E-01  2.86681E+13   17   8  1 8 2 0 0 0 0 1 0 0
   12   30  283   mg182009      1595.487420  4.95720E+04  2.02410E+00  6.88147E-01  2.86638E+13   17   9  1 8 2 0 0 0 0 0 1 0
   12   31  284   mg182010      1595.630764  6.12000E+04  2.00110E+00  5.44804E-01  2.86617E+13   17  10  1 8 2 0 0 0 0 0 0 1
13   31    8         5.986000
   13    1  285   al283003         0.000000  8.16000E+02  3.12000E+00  5.98600E+00  0.00000E+00    1   3  2 8 3 0 0 0 0 0 0 0
   13    2  286   al282104         4.730244  4.89600E+03  1.40060E+00  1.25576E+00  3.67589E+08    1   4  2 8 2 1 0 0 0 0 0 0
   13    3  287   al282005         5.370371  7.65000E+03  1.06360E+00  6.15629E-01  7.67854E+07    1   5  2 8 2 0 1 0 0 0 0 0
   13    4  288   al282006         5.496577  1.10160E+04  1.13800E+00  4.89423E-01  8.05696E+06    1   6  2 8 2 0 0 1 0 0 0 0
   13    5  289   al282007         5.643901  1.49940E+04  1.11000E+00  3.42099E-01  4.34416E+06    1   7  2 8 2 0 0 0 1 0 0 0
   13    6  290   al282008         5.761262  1.95840E+04  1.02820E+00  2.24738E-01  2.83940E+06    1   8  2 8 2 0 0 0 0 1 0 0
   13    7  291   al282009         5.809808  2.47860E+04  1.02420E+00  1.76192E-01  1.34124E+06    1   9  2 8 2 0 0 0 0 0 1 0
   13    8  292   al282010         5.849622  3.06000E+04  1.00120E+00  1.36378E-01  9.56643E+05    1  10  2 8 2 0 0 0 0 0 0 1
   13    9  293   al281204        18.762622  8.92800E+03  1.96110E+00  1.48993E+00  2.11067E+13    2   4  2 8 1 2 0 0 0 0 0 0
   13   10  294   al281105        19.565995  2.88000E+04  1.12320E+00  6.86557E-01  5.72421E+13    2   5  2 8 1 1 1 0 0 0 0 0
   13   11  295   al281106        19.744023  4.14720E+04  1.16000E+00  5.08529E-01  2.45776E+13    2   6  2 8 1 1 0 1 0 0 0 0
   13   12  296   al281107        19.903639  5.64480E+04  1.12100E+00  3.48913E-01  1.13728E+13    2   7  2 8 1 1 0 0 1 0 0 0
   13   13  297   al281108        20.024743  7.37280E+04  1.03520E+00  2.27809E-01  5.83504E+12    2   8  2 8 1 1 0 0 0 1 0 0
   13   14  298   al281109        20.074290  9.33120E+04  1.03020E+00  1.78262E-01  3.23960E+12    2   9  2 8 1 1 0 0 0 0 1 0
   13   15  299   al281110        20.113464  1.15200E+05  1.01110E+00  1.39088E-01  1.91440E+12    2  10  2 8 1 1 0 0 0 0 0 1
   13   16  300   al274003        86.741435  2.44800E+04  3.68400E+00  6.49753E+00  4.10695E+12   16   3  2 7 4 0 0 0 0 0 0 0
   13   17  301   al273104        91.879474  2.08896E+05  1.45730E+00  1.35949E+00  2.16506E+12   16   4  2 7 3 1 0 0 0 0 0 0
   13   18  302   al273005        92.601965  3.26400E+05  1.08190E+00  6.36996E-01  2.07934E+12   16   5  2 7 3 0 1 0 0 0 0 0
   13   19  303   al273006        92.744363  4.70016E+05  1.14400E+00  4.94597E-01  2.06224E+12   16   6  2 7 3 0 0 1 0 0 0 0
   13   20  304   al273007        92.894392  6.39744E+05  1.11400E+00  3.44569E-01  2.05767E+12   16   7  2 7 3 0 0 0 1 0 0 0
   13   21  305   al273008        93.010271  8.35584E+05  1.03720E+00  2.28690E-01  2.05576E+12   16   8  2 7 3 0 0 0 0 1 0 0
   13   22  306   al273009        93.060352  1.05754E+06  1.03120E+00  1.78609E-01  2.05486E+12   16   9  2 7 3 0 0 0 0 0 1 0
   13   23  307   al273010        93.102583  1.30560E+06  1.00120E+00  1.36378E-01  2.05440E+12   16  10  2 7 3 0 0 0 0 0 0 1
   13   24  308   al184003      1573.318566  6.12000E+03  3.76400E+00  6.98989E+00  3.29741E+13   24   3  1 8 4 0 0 0 0 0 0 0
   13   25  309   al183104      1578.905338  5.22240E+04  1.48050E+00  1.40312E+00  3.00062E+13   24   4  1 8 3 1 0 0 0 0 0 0
   13   26  310   al183005      1579.672519  8.16000E+04  1.08100E+00  6.35936E-01  2.98687E+13   24   5  1 8 3 0 1 0 0 0 0 0
   13   27  311   al183006      1579.806045  1.17504E+05  1.15300E+00  5.02410E-01  2.98414E+13   24   6  1 8 3 0 0 1 0 0 0 0
   13   28  312   al183007      1579.958296  1.59936E+05  1.12300E+00  3.50159E-01  2.98345E+13   24   7  1 8 3 0 0 0 1 0 0 0
   13   29  313   al183008      1580.079368  2.08896E+05  1.03810E+00  2.29087E-01  2.98317E+13   24   8  1 8 3 0 0 0 0 1 0 0
   13   30  314   al183009      1580.129535  2.64384E+05  1.03210E+00  1.78921E-01  2.98303E+13   24   9  1 8 3 0 0 0 0 0 1 0
   13   31  315   al183010      1580.172077  3.26400E+05  1.00120E+00  1.36378E-01  2.98297E+13   24  10  1 8 3 0 0 0 0 0 0 1
3515
b   1    1  1    2  99  3.76488E-01  1.95380E-02 -2.87872E+00  2.02895E+01  3.87103E+00  4.12400E-01  4.12400E-01
b   1    1  1    3  99  3.90196E-01  1.69862E-01 -3.06355E+00  1.96484E+01  3.80728E+00  7.86600E-02  7.86600E-02
b   1    2  1    3  99  8.14968E-02  1.24042E+00 -2.33744E+01  1.12112E+02  2.00000E+01  6.37700E-01  6.37700E-01
b   1    1  1    4  99  3.92050E-01  2.34738E-01 -3.18495E+00  1.95379E+01  3.79829E+00  2.88600E-02  2.88600E-02
b   1    2  1    4  99  1.36076E-01  1.90175E+00 -4.73155E+01  4.28170E+02  2.00000E+01  1.19100E-01  1.19100E-01
b   1    3  1    4  99  1.20258E-01  1.01131E+00 -2.25821E+01  2.37279E+02  2.00000E+01  8.39400E-01  8.39400E-01
b   1    1  1    5  99  3.93558E-01  2.62439E-01 -3.22108E+00  1.94323E+01  3.78994E+00  1.38800E-02  1.38800E-02
b   1    2  1    5  99  1.38507E-01  2.00258E+00 -4.23675E+01  3.35287E+02  2.00000E+01  4.46500E-02  4.46500E-02
b   1    3  1    5  99  1.21598E-01  1.50730E+00 -2.11991E+01  1.48387E+02  2.00000E+01  1.50400E-01  1.50400E-01
b   1    4  1    5  99  2.86553E-01  2.32052E-02  1.76609E+00 -6.34000E-01  2.10149E+00  1.03500E+00  1.03500E+00
b   1    1  1    6  99  3.93687E-01  2.81447E-01 -3.26710E+00  1.94349E+01  3.78902E+00  7.76600E-03  7.76600E-03
b   1    2  1    6  99  1.38187E-01  2.05622E+00 -3.91548E+01  2.76020E+02  2.00000E+01  2.21000E-02  2.21000E-02
b   1    3  1    6  99  1.39418E-01  1.76006E+00 -2.26039E+01  1.64724E+02  2.00000E+01  5.58200E-02  5.58200E-02
b   1    4  1    6  99  1.47502E-01  1.41456E+00 -1.91938E+01  2.07559E+02  2.00000E+01  1.79000E-01  1.79000E-01
b   1    5  1    6  99  2.48355E-01  1.62570E-01  1.38719E+00 -4.55931E-01  2.06271E+00  1.22900E+00  1.22900E+00
b   1    1  1    7  99  3.93241E-01  2.93196E-01 -3.28876E+00  1.94071E+01  3.79011E+00  4.79300E-03  4.79300E-03
b   1    2  1    7  99  1.36632E-01  2.06758E+00 -3.57669E+01  2.19635E+02  2.00000E+01  1.27200E-02  1.27200E-02
b   1    3  1    7  99  1.47605E-01  1.91646E+00 -2.26047E+01  1.59186E+02  2.00000E+01  2.77000E-02  2.77000E-02
b   1    4  1    7  99  1.70756E-01  1.71639E+00 -2.00656E+01  2.27710E+02  2.00000E+01  6.54800E-02  6.54800E-02
b   1    5  1    7  99  2.99046E-01  5.90915E-01  1.69850E+00 -7.01605E-01  2.14559E+00  2.06600E-01  2.06600E-01
b   1    6  1    7  99  2.58728E-01  1.03171E-01  2.13571E+00 -1.08545E+00  2.82115E+00  1.42100E+00  1.42100E+00
b   1    1  1    8  99  3.91394E-01  3.06279E-01 -3.32336E+00  1.93460E+01  3.78685E+00  3.16800E-03  3.16800E-03
b   1    2  1    8  99  1.42934E-01  1.90068E+00 -2.30430E+01  1.21117E+02  1.36499E+01  8.04500E-03  8.04500E-03
b   1    3  1    8  99  1.53784E-01  2.02011E+00 -2.27082E+01  1.58725E+02  2.00000E+01  1.60600E-02  1.60600E-02
b   1    4  1    8  99  1.75628E-01  1.96581E+00 -2.02600E+01  2.17587E+02  2.00000E+01  3.23300E-02  3.23300E-02
b   1    5  1    8  99  3.22545E-01  9.49728E-01  1.72320E+00 -6.05599E-01  2.16291E+00  7.44900E-02  7.44900E-02
b   1    6  1    8  99  3.03530E-01  5.85966E-01  2.39733E+00 -1.13367E+00  2.95323E+00  2.33700E-01  2.33700E-01
b   1    7  1    8  99  2.58705E-01  8.81027E-02  2.61936E+00 -1.49997E+00  3.41046E+00  1.61300E+00  1.61300E+00
b   1    1  1    9  99  3.93139E-01  3.04208E-01 -3.28833E+00  1.92578E+01  3.78145E+00  2.20300E-03  2.20300E-03
b   1    2  1    9  99  1.52936E-01  1.84237E+00 -1.97981E+01  1.01101E+02  1.17968E+01  5.43300E-03  5.43300E-03
b   1    3  1    9  99  1.57984E-01  2.09428E+00 -2.27640E+01  1.57823E+02  2.00000E+01  1.02500E-02  1.02500E-02
b   1    4  1    9  99  1.77812E-01  2.14576E+00 -2.01595E+01  2.05319E+02  2.00000E+01  1.87500E-02  1.87500E-02
b   1    5  1    9  99  3.36414E-01  1.22299E+00  1.72401E+00 -5.31762E-01  2.17702E+00  3.65300E-02  3.65300E-02
b   1    6  1    9  99  2.96581E-01  1.12760E+00  1.51874E+00 -5.61652E-01  2.16735E+00  8.32100E-02  8.32100E-02
b   1    7  1    9  99  2.84397E-01  6.80979E-01  2.23345E+00 -1.08838E+00  3.02101E+00  2.60500E-01  2.60500E-01
b   1    8  1    9  99  2.43066E-01  1.50662E-01  2.39271E+00 -1.37267E+00  3.41462E+00  1.80500E+00  1.80500E+00
b   1    1  1   10  99  3.90555E-01  3.17037E-01 -3.34667E+00  1.93208E+01  3.78817E+00  1.59200E-03  1.59200E-03
b   1    2  1   10  99  1.51039E-01  1.88973E+00 -2.08161E+01  1.06630E+02  1.23232E+01  3.84800E-03  3.84800E-03
b   1    3  1   10  99  1.86204E-01  2.13545E+00 -2.87736E+01  2.88030E+02  2.00000E+01  6.99000E-03  6.99000E-03
b   1    4  1   10  99  1.80467E-01  2.27830E+00 -2.02037E+01  2.00132E+02  2.00000E+01  1.20000E-02  1.20000E-02
b   1    5  1   10  99  3.45585E-01  1.43438E+00  1.71259E+00 -5.21639E-01  2.15282E+00  2.11200E-02  2.11200E-02
b   1    6  1   10  99  3.13545E-01  1.44089E+00  1.59679E+00 -5.74304E-01  2.22038E+00  4.05300E-02  4.05300E-02
b   1    7  1   10  99  3.07475E-01  1.12651E+00  2.30221E+00 -1.13653E+00  3.00768E+00  9.17900E-02  9.17900E-02
b   1    8  1   10  99  2.86599E-01  6.74950E-01  2.75418E+00 -1.54878E+00  3.59547E+00  2.87000E-01  2.87000E-01
b   1    9  1   10  99  5.03297E-01  3.94459E-01  5.12729E+00 -8.41751E-01  4.13076E+00  9.27700E-01  9.27700E-01
f   1    1  0    1  99  1.00000E+00  1.30000E+01
p   1    1  0    1  99  1.00000E+00  1.30000E+01
f   1    2  0    1  99  1.00000E+00  1.30000E+01
p   1    2  0    1  99  1.00000E+00  1.30000E+01
f   1    3  0    1  99  1.00000E+00  1.30000E+01
p   1    3  0    1  99  1.00000E+00  1.30000E+01
f   1    4  0    1  99  1.00000E+00  1.30000E+01
p   1    4  0    1  99  1.00000E+00  1.30000E+01
f   1    5  0    1  99  1.00000E+00  1.30000E+01
p   1    5  0    1  99  1.00000E+00  1.30000E+01
f   1    6  0    1  99  1.00000E+00  1.30000E+01
p   1    6  0    1  99  1.00000E+00  1.30000E+01
f   1    7  0    1  99  1.00000E+00  1.30000E+01
p   1    7  0    1  99  1.00000E+00  1.30000E+01
f   1    8  0    1  99  1.00000E+00  1.30000E+01
p   1    8  0    1  99  1.00000E+00  1.30000E+01
f   1    9  0    1  99  1.00000E+00  1.30000E+01
p   1    9  0    1  99  1.00000E+00  1.30000E+01
f   1   10  0    1  99  1.00000E+00  1.30000E+01
p   1   10  0    1  99  1.00000E+00  1.30000E+01
b   2    1  2    2  99  3.65711E-01  4.36451E-03 -2.61685E+00  1.91309E+01  3.84961E+00  7.53800E-01  7.53800E-01
b   2    1  2    3  99  3.75292E-01  1.44521E-01 -2.87057E+00  1.88768E+01  3.81245E+00  1.49720E-01  1.49720E-01
b   2    2  2    3  99  9.57482E-02  1.19988E+00 -2.68186E+01  2.03816E+02  2.00000E+01  6.20300E-01  6.20300E-01
b   2    1  2    4  99  3.75675E-01  1.93760E-01 -2.90931E+00  1.85294E+01  3.79626E+00  5.55800E-02  5.55800E-02
b   2    2  2    4  99  1.44355E-01  1.86158E+00 -5.05220E+01  5.07177E+02  2.00000E+01  1.18500E-01  1.18500E-01
b   2    3  2    4  99  1.25872E-01  9.40209E-01 -2.11420E+01  2.40545E+02  2.00000E+01  8.31200E-01  8.31200E-01
b   2    1  2    5  99  3.73686E-01  2.18328E-01 -2.91902E+00  1.82638E+01  3.78782E+00  2.68800E-02  2.68800E-02
b   2    2  2    5  99  1.46171E-01  1.96602E+00 -4.61938E+01  4.21947E+02  2.00000E+01  4.47400E-02  4.47400E-02
b   2    3  2    5  99  1.19971E-01  1.44530E+00 -1.92901E+01  1.35866E+02  2.00000E+01  1.50200E-01  1.50200E-01
b   2    4  2    5  99  2.74315E-01  6.11216E-02  1.68623E+00 -6.67430E-01  2.10133E+00  1.02900E+00  1.02900E+00
b   2    1  2    6  99  4.22826E-01  2.54733E-01 -3.39308E+00  2.09350E+01  3.79623E+00  1.37340E-02  1.37340E-02
b   2    2  2    6  99  1.55357E-01  2.17887E+00 -4.71445E+01  3.97472E+02  2.00000E+01  2.11200E-02  2.11200E-02
b   2    3  2    6  99  1.38208E-01  1.74578E+00 -2.10413E+01  1.47471E+02  2.00000E+01  5.49100E-02  5.49100E-02
b   2    4  2    6  99  3.24107E-01  4.67071E-01  1.80582E+00 -5.35329E-01  2.14896E+00  1.77000E-01  1.77000E-01
b   2    5  2    6  99  2.75327E-01  4.93455E-02  2.29522E+00 -1.16452E+00  2.79076E+00  1.21800E+00  1.21800E+00
b   2    1  2    7  99  4.20025E-01  2.69720E-01 -3.41700E+00  2.07827E+01  3.79140E+00  8.49400E-03  8.49400E-03
b   2    2  2    7  99  1.55197E-01  2.21291E+00 -4.53489E+01  3.63706E+02  2.00000E+01  1.21900E-02  1.21900E-02
b   2    3  2    7  99  1.48832E-01  1.90192E+00 -2.18264E+01  1.57857E+02  2.00000E+01  2.73400E-02  2.73400E-02
b   2    4  2    7  99  1.63047E-01  1.74058E+00 -1.91761E+01  2.08165E+02  2.00000E+01  6.49000E-02  6.49000E-02
b   2    5  2    7  99  2.89881E-01  6.35597E-01  1.57801E+00 -5.92041E-01  2.13028E+00  2.05200E-01  2.05200E-01
b   2    6  2    7  99  2.51548E-01  1.41602E-01  2.01967E+00 -1.01060E+00  2.80674E+00  1.41500E+00  1.41500E+00
b   2    1  2    8  99  4.20519E-01  2.72437E-01 -3.41507E+00  2.07819E+01  3.79294E+00  5.62200E-03  5.62200E-03
b   2    2  2    8  99  1.55793E-01  2.21081E+00 -4.31693E+01  3.31424E+02  2.00000E+01  7.73000E-03  7.73000E-03
b   2    3  2    8  99  1.54606E-01  2.01015E+00 -2.22653E+01  1.61698E+02  2.00000E+01  1.58800E-02  1.58800E-02
b   2    4  2    8  99  1.81890E-01  1.92808E+00 -1.96104E+01  2.28800E+02  2.00000E+01  3.21100E-02  3.21100E-02
b   2    5  2    8  99  3.14430E-01  9.84298E-01  1.69871E+00 -6.36196E-01  2.20245E+00  7.40700E-02  7.40700E-02
b   2    6  2    8  99  2.94756E-01  6.27730E-01  2.27970E+00 -1.13700E+00  2.90309E+00  2.33000E-01  2.33000E-01
b   2    7  2    8  99  2.52041E-01  1.25372E-01  2.50166E+00 -1.43837E+00  3.40460E+00  1.60900E+00  1.60900E+00
b   2    1  2    9  99  4.21557E-01  2.73269E-01 -3.42462E+00  2.08675E+01  3.79605E+00  3.91400E-03  3.91400E-03
b   2    2  2    9  99  1.55087E-01  2.22865E+00 -4.22925E+01  3.13932E+02  2.00000E+01  5.22800E-03  5.22800E-03
b   2    3  2    9  99  1.57767E-01  2.08362E+00 -2.22356E+01  1.59119E+02  2.00000E+01  1.01500E-02  1.01500E-02
b   2    4  2    9  99  1.85403E-01  2.10418E+00 -1.97679E+01  2.23167E+02  2.00000E+01  1.86400E-02  1.86400E-02
b   2    5  2    9  99  3.27032E-01  1.26163E+00  1.67029E+00 -6.05793E-01  2.14829E+00  3.63700E-02  3.63700E-02
b   2    6  2    9  99  2.87344E-01  1.16898E+00  1.40661E+00 -4.71617E-01  2.14049E+00  8.30000E-02  8.30000E-02
b   2    7  2    9  99  2.76407E-01  7.22637E-01  2.08393E+00 -1.03395E+00  2.93238E+00  2.59900E-01  2.59900E-01
b   2    8  2    9  99  2.40638E-01  1.67718E-01  2.47671E+00 -4.54382E-01  4.10797E+00  1.80100E+00  1.80100E+00
b   2    1  2   10  99  4.17982E-01  2.83176E-01 -3.40749E+00  2.05132E+01  3.78145E+00  2.83000E-03  2.83000E-03
b   2    2  2   10  99  1.58360E-01  2.27650E+00 -4.42929E+01  3.41242E+02  2.00000E+01  3.70600E-03  3.70600E-03
b   2    3  2   10  99  1.56564E-01  2.14854E+00 -2.19137E+01  1.46584E+02  2.00000E+01  6.92800E-03  6.92800E-03
b   2    4  2   10  99  1.85422E-01  2.24402E+00 -1.97370E+01  2.12860E+02  2.00000E+01  1.19400E-02  1.19400E-02
b   2    5  2   10  99  3.35914E-01  1.47165E+00  1.66345E+00 -5.63086E-01  2.14714E+00  2.10400E-02  2.10400E-02
b   2    6  2   10  99  3.04244E-01  1.47907E+00  1.51209E+00 -5.43242E-01  2.21308E+00  4.04600E-02  4.04600E-02
b   2    7  2   10  99  2.99512E-01  1.16471E+00  2.19242E+00 -1.07581E+00  2.98612E+00  9.16100E-02  9.16100E-02
b   2    8  2   10  99  2.79550E-01  7.12688E-01  2.61735E+00 -1.43578E+00  3.56767E+00  2.86400E-01  2.86400E-01
b   2    9  2   10  99  4.99668E-01  4.76969E-01  4.93227E+00 -6.57421E-01  4.11811E+00  9.10900E-01  9.10900E-01
b   2    1  2   11  98  0.00000E+00  0.00000E+00  0.00000E+00  0.00000E+00  0.00000E+00  7.03449E-03  1.40690E-04
b   2    2  2   11  99  3.65711E-01  4.36451E-03 -2.61685E+00  1.91309E+01  3.84961E+00  3.29788E-01  3.29788E-01
b   2    1  2   12  98  0.00000E+00  0.00000E+00  0.00000E+00  0.00000E+00  0.00000E+00  1.56494E-02  3.12988E-04
b   2    2  2   12  99  3.75292E-01  1.44521E-01 -2.87057E+00  1.88768E+01  3.81245E+00  7.48600E-02  7.48600E-02
b   2    3  2   12  99  3.65711E-01  4.36451E-03 -2.61685E+00  1.91309E+01  3.84961E+00  3.76900E-01  3.76900E-01
b   2   11  2   12  99  9.57482E-02  1.19988E+00 -2.68186E+01  2.03816E+02  2.00000E+01  1.24060E+00  1.24060E+00
b   2    1  2   13  98  0.00000E+00  0.00000E+00  0.00000E+00  0.00000E+00  0.00000E+00  2.64345E-02  5.28690E-04
b   2    2  2   13  99  3.75675E-01  1.93760E-01 -2.90931E+00  1.85294E+01  3.79626E+00  2.77900E-02  2.77900E-02
b   2    4  2   13  99  3.65711E-01  4.36451E-03 -2.61685E+00  1.91309E+01  3.84961E+00  3.76900E-01  3.76900E-01
b   2   11  2   13  99  1.44355E-01  1.86158E+00 -5.05220E+01  5.07177E+02  2.00000E+01  2.37000E-01  2.37000E-01
b   2   12  2   13  99  1.25872E-01  9.40209E-01 -2.11420E+01  2.40545E+02  2.00000E+01  8.31200E-01  8.31200E-01
b   2    1  2   14  98  0.00000E+00  0.00000E+00  0.00000E+00  0.00000E+00  0.00000E+00  4.03452E-02  8.06905E-04
b   2    2  2   14  99  3.73686E-01  2.18328E-01 -2.91902E+00  1.82638E+01  3.78782E+00  1.34400E-02  1.34400E-02
b   2    5  2   14  99  3.65711E-01  4.36451E-03 -2.61685E+00  1.91309E+01  3.84961E+00  3.76900E-01  3.76900E-01
b   2   11  2   14  99  1.46171E-01  1.96602E+00 -4.61938E+01  4.21947E+02  2.00000E+01  8.94800E-02  8.94800E-02
b   2   12  2   14  99  1.19971E-01  1.44530E+00 -1.92901E+01  1.35866E+02  2.00000E+01  1.50200E-01  1.50200E-01
b   2   13  2   14  99  2.74315E-01  6.11216E-02  1.68623E+00 -6.67430E-01  2.10133E+00  1.02900E+00  1.02900E+00
b   2    1  2   15  98  0.00000E+00  0.00000E+00  0.00000E+00  0.00000E+00  0.00000E+00  5.73554E-02  1.14711E-03
b   2    2  2   15  99  4.22826E-01  2.54733E-01 -3.39308E+00  2.09350E+01  3.79623E+00  6.86700E-03  6.86700E-03
b   2    6  2   15  99  3.65711E-01  4.36451E-03 -2.61685E+00  1.91309E+01  3.84961E+00  3.76900E-01  3.76900E-01
b   2   11  2   15  99  1.55357E-01  2.17887E+00 -4.71445E+01  3.97472E+02  2.00000E+01  4.22400E-02  4.22400E-02
b   2   12  2   15  99  1.38208E-01  1.74578E+00 -2.10413E+01  1.47471E+02  2.00000E+01  5.49100E-02  5.49100E-02
b   2   13  2   15  99  3.24107E-01  4.67071E-01  1.80582E+00 -5.35329E-01  2.14896E+00  1.77000E-01  1.77000E-01
b   2   14  2   15  99  2.75327E-01  4.93455E-02  2.29522E+00 -1.16452E+00  2.79076E+00  1.21800E+00  1.21800E+00
b   2    1  2   16  98  0.00000E+00  0.00000E+00  0.00000E+00  0.00000E+00  0.00000E+00  7.74710E-02  1.54942E-03
b   2    2  2   16  99  4.20025E-01  2.69720E-01 -3.41700E+00  2.07827E+01  3.79140E+00  4.24700E-03  4.24700E-03
b   2    7  2   16  99  3.65711E-01  4.36451E-03 -2.61685E+00  1.91309E+01  3.84961E+00  3.76900E-01  3.76900E-01
b   2   11  2   16  99  1.55197E-01  2.21291E+00 -4.53489E+01  3.63706E+02  2.00000E+01  2.43800E-02  2.43800E-02
b   2   12  2   16  99  1.48832E-01  1.90192E+00 -2.18264E+01  1.57857E+02  2.00000E+01  2.73400E-02  2.73400E-02
b   2   13  2   16  99  1.63047E-01  1.74058E+00 -1.91761E+01  2.08165E+02  2.00000E+01  6.49000E-02  6.49000E-02
b   2   14  2   16  99  2.89881E-01  6.35597E-01  1.57801E+00 -5.92041E-01  2.13028E+00  2.05200E-01  2.05200E-01
b   2   15  2   16  99  2.51548E-01  1.41602E-01  2.01967E+00 -1.01060E+00  2.80674E+00  1.41500E+00  1.41500E+00
b   2    1  2   17  98  0.00000E+00  0.00000E+00  0.00000E+00  0.00000E+00  0.00000E+00  1.00689E-01  2.01378E-03
b   2    2  2   17  99  4.20519E-01  2.72437E-01 -3.41507E+00  2.07819E+01  3.79294E+00  2.81100E-03  2.81100E-03
b   2    8  2   17  99  3.65711E-01  4.36451E-03 -2.61685E+00  1.91309E+01  3.84961E+00  3.76900E-01  3.76900E-01
b   2   11  2   17  99  1.55793E-01  2.21081E+00 -4.31693E+01  3.31424E+02  2.00000E+01  1.54600E-02  1.54600E-02
b   2   12  2   17  99  1.54606E-01  2.01015E+00 -2.22653E+01  1.61698E+02  2.00000E+01  1.58800E-02  1.58800E-02
b   2   13  2   17  99  1.81890E-01  1.92808E+00 -1.96104E+01  2.28800E+02  2.00000E+01  3.21100E-02  3.21100E-02
b   2   14  2   17  99  3.14430E-01  9.84298E-01  1.69871E+00 -6.36196E-01  2.20245E+00  7.40700E-02  7.40700E-02
b   2   15  2   17  99  2.94756E-01  6.27730E-01  2.27970E+00 -1.13700E+00  2.90309E+00  2.33000E-01  2.33000E-01
b   2   16  2   17  99  2.52041E-01  1.25372E-01  2.50166E+00 -1.43837E+00  3.40460E+00  1.60900E+00  1.60900E+00
b   2    1  2   18  98  0.00000E+00  0.00000E+00  0.00000E+00  0.00000E+00  0.00000E+00  1.27003E-01  2.54006E-03
b   2    2  2   18  99  4.21557E-01  2.73269E-01 -3.42462E+00  2.08675E+01  3.79605E+00  1.95700E-03  1.95700E-03
b   2    9  2   18  99  3.65711E-01  4.36451E-03 -2.61685E+00  1.91309E+01  3.84961E+00  3.76900E-01  3.76900E-01
b   2   11  2   18  99  1.55087E-01  2.22865E+00 -4.22925E+01  3.13932E+02  2.00000E+01  1.04560E-02  1.04560E-02
b   2   12  2   18  99  1.57767E-01  2.08362E+00 -2.22356E+01  1.59119E+02  2.00000E+01  1.01500E-02  1.01500E-02
b   2   13  2   18  99  1.85403E-01  2.10418E+00 -1.97679E+01  2.23167E+02  2.00000E+01  1.86400E-02  1.86400E-02
b   2   14  2   18  99  3.27032E-01  1.26163E+00  1.67029E+00 -6.05793E-01  2.14829E+00  3.63700E-02  3.63700E-02
b   2   15  2   18  99  2.87344E-01  1.16898E+00  1.40661E+00 -4.71617E-01  2.14049E+00  8.30000E-02  8.30000E-02
b   2   16  2   18  99  2.76407E-01  7.22637E-01  2.08393E+00 -1.03395E+00  2.93238E+00  2.59900E-01  2.59900E-01
b   2   17  2   18  99  2.40638E-01  1.67718E-01  2.47671E+00 -4.54382E-01  4.10797E+00  1.80100E+00  1.80100E+00
b   2    1  2   19  98  0.00000E+00  0.00000E+00  0.00000E+00  0.00000E+00  0.00000E+00  1.56415E-01  3.12829E-03
b   2    2  2   19  99  4.17982E-01  2.83176E-01 -3.40749E+00  2.05132E+01  3.78145E+00  1.41500E-03  1.41500E-03
b   2   10  2   19  99  3.65711E-01  4.36451E-03 -2.61685E+00  1.91309E+01  3.84961E+00  3.76900E-01  3.76900E-01
b   2   11  2   19  99  1.58360E-01  2.27650E+00 -4.42929E+01  3.41242E+02  2.00000E+01  7.41200E-03  7.41200E-03
b   2   12  2   19  99  1.56564E-01  2.14854E+00 -2.19137E+01  1.46584E+02  2.00000E+01  6.92800E-03  6.92800E-03
b   2   13  2   19  99  1.85422E-01  2.24402E+00 -1.97370E+01  2.12860E+02  2.00000E+01  1.19400E-02  1.19400E-02
b   2   14  2   19  99  3.35914E-01  1.47165E+00  1.66345E+00 -5.63086E-01  2.14714E+00  2.10400E-02  2.10400E-02
b   2   15  2   19  99  3.04244E-01  1.47907E+00  1.51209E+00 -5.43242E-01  2.21308E+00  4.04600E-02  4.04600E-02
b   2   16  2   19  99  2.99512E-01  1.16471E+00  2.19242E+00 -1.07581E+00  2.98612E+00  9.16100E-02  9.16100E-02
b   2   17  2   19  99  2.79550E-01  7.12688E-01  2.61735E+00 -1.43578E+00  3.56767E+00  2.86400E-01  2.86400E-01
b   2   18  2   19  99  4.99668E-01  4.76969E-01  4.93227E+00 -6.57421E-01  4.11811E+00  9.10900E-01  9.10900E-01
f   2    1  1    1  99  2.00000E+00  1.28438E+01
p   2    1  1    1  98  1.87930E+00 -2.58970E+00 -1.39630E-01  8.43550E-03  2.00000E+00  2.06900E+03  2.15200E+03  4.13900E+04
f   2    2  1    1  99  1.00000E+00  1.20620E+01
p   2    2  1    1  99  1.00000E+00  1.20620E+01
f   2    3  1    1  99  1.00000E+00  1.20160E+01
p   2    3  1    1  99  1.00000E+00  1.20160E+01
f   2    4  1    1  99  1.00000E+00  1.20046E+01
p   2    4  1    1  99  1.00000E+00  1.20046E+01
f   2    5  1    1  99  1.00000E+00  1.20030E+01
p   2    5  1    1  99  1.00000E+00  1.20030E+01
f   2    6  1    1  99  1.00000E+00  1.20030E+01
p   2    6  1    1  99  1.00000E+00  1.20030E+01
f   2    7  1    1  99  1.00000E+00  1.20010E+01
p   2    7  1    1  99  1.00000E+00  1.20010E+01
f   2    8  1    1  99  1.00000E+00  1.20001E+01
p   2    8  1    1  99  1.00000E+00  1.20001E+01
f   2    9  1    1  99  1.00000E+00  1.20001E+01
p   2    9  1    1  99  1.00000E+00  1.20001E+01
f   2   10  1    1  99  1.00000E+00  1.20001E+01
p   2   10  1    1  99  1.00000E+00  1.20001E+01
f   2    2  1    2  99  1.00000E+00  1.20620E+01
p   2    2  1    2  98  1.87930E+00 -2.58970E+00 -1.39630E-01  8.43550E-03  2.00000E+00  2.06900E+03  2.15200E+03  4.13900E+04
f   2   11  1    2  99  2.00000E+00  1.26981E+01
p   2   11  1    2  99  2.00000E+00  1.26981E+01
f   2   12  1    2  99  1.00000E+00  1.20960E+01
p   2   12  1    2  99  1.00000E+00  1.20960E+01
f   2   13  1    2  99  1.00000E+00  1.20278E+01
p   2   13  1    2  99  1.00000E+00  1.20278E+01
f   2   14  1    2  99  1.00000E+00  1.20021E+01
p   2   14  1    2  99  1.00000E+00  1.20021E+01
f   2   15  1    2  99  1.00000E+00  1.20120E+01
p   2   15  1    2  99  1.00000E+00  1.20120E+01
f   2   16  1    2  99  1.00000E+00  1.20100E+01
p   2   16  1    2  99  1.00000E+00  1.20100E+01
f   2   17  1    2  99  1.00000E+00  1.20010E+01
p   2   17  1    2  99  1.00000E+00  1.20010E+01
f   2   18  1    2  99  1.00000E+00  1.20010E+01
p   2   18  1    2  99  1.00000E+00  1.20010E+01
f   2   19  1    2  99  1.00000E+00  1.20001E+01
p   2   19  1    2  99  1.00000E+00  1.20001E+01
f   2    3  1    3  99  1.00000E+00  1.20160E+01
p   2    3  1    3  98  1.87930E+00 -2.58970E+00 -1.39630E-01  8.43550E-03  2.00000E+00  2.06900E+03  2.15200E+03  4.13900E+04
f   2   12  1    3  99  1.00000E+00  1.20960E+01
p   2   12  1    3  99  1.00000E+00  1.20960E+01
f   2    4  1    4  99  1.00000E+00  1.20046E+01
p   2    4  1    4  98  1.87930E+00 -2.58970E+00 -1.39630E-01  8.43550E-03  2.00000E+00  2.06900E+03  2.15200E+03  4.13900E+04
f   2   13  1    4  99  1.00000E+00  1.20278E+01
p   2   13  1    4  99  1.00000E+00  1.20278E+01
f   2    5  1    5  99  1.00000E+00  1.20030E+01
p   2    5  1    5  98  1.87930E+00 -2.58970E+00 -1.39630E-01  8.43550E-03  2.00000E+00  2.06900E+03  2.15200E+03  4.13900E+04
f   2   14  1    5  99  1.00000E+00  1.20021E+01
p   2   14  1    5  99  1.00000E+00  1.20021E+01
f   2    6  1    6  99  1.00000E+00  1.20030E+01
p   2    6  1    6  98  1.87930E+00 -2.58970E+00 -1.39630E-01  8.43550E-03  2.00000E+00  2.06900E+03  2.15200E+03  4.13900E+04
f   2   15  1    6  99  1.00000E+00  1.20120E+01
p   2   15  1    6  99  1.00000E+00  1.20120E+01
f   2    7  1    7  99  1.00000E+00  1.20010E+01
p   2    7  1    7  98  1.87930E+00 -2.58970E+00 -1.39630E-01  8.43550E-03  2.00000E+00  2.06900E+03  2.15200E+03  4.13900E+04
f   2   16  1    7  99  1.00000E+00  1.20100E+01
p   2   16  1    7  99  1.00000E+00  1.20100E+01
f   2    8  1    8  99  1.00000E+00  1.20001E+01
p   2    8  1    8  98  1.87930E+00 -2.58970E+00 -1.39630E-01  8.43550E-03  2.00000E+00  2.06900E+03  2.15200E+03  4.13900E+04
f   2   17  1    8  99  1.00000E+00  1.20010E+01
p   2   17  1    8  99  1.00000E+00  1.20010E+01
f   2    9  1    9  99  1.00000E+00  1.20001E+01
p   2    9  1    9  98  1.87930E+00 -2.58970E+00 -1.39630E-01  8.43550E-03  2.00000E+00  2.06900E+03  2.15200E+03  4.13900E+04
f   2   18  1    9  99  1.00000E+00  1.20010E+01
p   2   18  1    9  99  1.00000E+00  1.20010E+01
f   2   10  1   10  99  1.00000E+00  1.20001E+01
p   2   10  1   10  98  1.87930E+00 -2.58970E+00 -1.39630E-01  8.43550E-03  2.00000E+00  2.06900E+03  2.15200E+03  4.13900E+04
f   2   19  1   10  99  1.00000E+00  1.20001E+01
p   2   19  1   10  99  1.00000E+00  1.20001E+01
a   2   11  1    1   9.42780E+13
a   2   12  1    1   1.00090E+13
a   2   13  1    1   2.35620E+12
a   2   14  1    1   7.75540E+11
a   2   15  1    1   3.12200E+11
a   2   16  1    1   1.44440E+11
a   2   17  1    1   7.40860E+10
a   2   18  1    1   4.11120E+10
a   2   19  1    1   2.42760E+10
b   3    1  3    2  99  1.10873E-01  1.16500E+00 -2.92247E+01  2.75556E+02  2.00000E+01  6.01000E-01  6.01000E-01
b   3    1  3    3  99  1.06976E-01  1.44867E+00 -2.22837E+01  1.00529E+02  2.00000E+01  1.16800E-01  1.16800E-01
b   3    2  3    3  99  1.17886E-01  9.48622E-01 -1.95007E+01  2.09235E+02  2.00000E+01  8.22000E-01  8.22000E-01
b   3    1  3    4  99  1.64277E-01  2.02498E+00 -5.50984E+01  5.83851E+02  2.00000E+01  4.44100E-02  4.44100E-02
b   3    2  3    4  99  1.42106E-01  1.37437E+00 -2.11005E+01  2.10772E+02  2.00000E+01  1.49300E-01  1.49300E-01
b   3    3  3    4  99  2.63466E-01  1.10032E-01  1.53611E+00 -5.34846E-01  2.08868E+00  1.02400E+00  1.02400E+00
b   3    1  3    5  99  1.72286E-01  2.22554E+00 -5.44672E+01  5.34448E+02  2.00000E+01  2.08400E-02  2.08400E-02
b   3    2  3    5  99  1.34622E-01  1.72143E+00 -1.90922E+01  1.26402E+02  2.00000E+01  5.45400E-02  5.45400E-02
b   3    3  3    5  99  3.13652E-01  5.10529E-01  1.73787E+00 -5.90607E-01  2.12426E+00  1.76000E-01  1.76000E-01
b   3    4  3    5  99  2.68006E-01  8.75575E-02  2.20313E+00 -1.10283E+00  2.80994E+00  1.21300E+00  1.21300E+00
b   3    1  3    6  99  1.74909E-01  2.27923E+00 -5.44526E+01  5.28883E+02  2.00000E+01  1.20500E-02  1.20500E-02
b   3    2  3    6  99  1.43619E-01  1.88298E+00 -2.00414E+01  1.37675E+02  2.00000E+01  2.72000E-02  2.72000E-02
b   3    3  3    6  99  1.58662E-01  1.73932E+00 -1.78121E+01  1.89269E+02  2.00000E+01  6.46100E-02  6.46100E-02
b   3    4  3    6  99  2.80474E-01  6.78803E-01  1.49276E+00 -5.28958E-01  2.16242E+00  2.04500E-01  2.04500E-01
b   3    5  3    6  99  2.64304E-01  8.77841E-02  2.65070E+00 -1.50564E+00  3.39339E+00  1.41300E+00  1.41300E+00
b   3    1  3    7  99  1.74045E-01  2.28824E+00 -5.25650E+01  4.97429E+02  2.00000E+01  7.65200E-03  7.65200E-03
b   3    2  3    7  99  1.50371E-01  1.98501E+00 -2.04895E+01  1.44190E+02  2.00000E+01  1.58200E-02  1.58200E-02
b   3    3  3    7  99  1.71324E-01  1.95344E+00 -1.82917E+01  1.99524E+02  2.00000E+01  3.19900E-02  3.19900E-02
b   3    4  3    7  99  3.04198E-01  1.02939E+00  1.60355E+00 -5.98391E-01  2.19687E+00  7.38500E-02  7.38500E-02
b   3    5  3    7  99  2.87118E-01  6.66405E-01  2.19168E+00 -1.08425E+00  2.92040E+00  2.32500E-01  2.32500E-01
b   3    6  3    7  99  2.46236E-01  1.60240E-01  2.40542E+00 -1.36573E+00  3.41758E+00  1.60700E+00  1.60700E+00
b   3    1  3    8  99  1.77605E-01  2.32690E+00 -5.37937E+01  5.14644E+02  2.00000E+01  5.17900E-03  5.17900E-03
b   3    2  3    8  99  1.51741E-01  2.06189E+00 -2.02675E+01  1.35642E+02  2.00000E+01  1.01200E-02  1.01200E-02
b   3    3  3    8  99  1.77179E-01  2.11797E+00 -1.85588E+01  2.01036E+02  2.00000E+01  1.85800E-02  1.85800E-02
b   3    4  3    8  99  3.18550E-01  1.29542E+00  1.65532E+00 -6.20021E-01  2.20881E+00  3.62700E-02  3.62700E-02
b   3    5  3    8  99  3.08887E-01  1.07434E+00  2.27743E+00 -1.09384E+00  2.97055E+00  8.28400E-02  8.28400E-02
b   3    6  3    8  99  2.87722E-01  6.72482E-01  2.72647E+00 -1.53599E+00  3.55585E+00  2.59500E-01  2.59500E-01
b   3    7  3    8  99  2.35053E-01  2.02647E-01  2.36798E+00 -3.87379E-01  4.11997E+00  1.80000E+00  1.80000E+00
b   3    1  3    9  99  1.73822E-01  2.31657E+00 -5.12923E+01  4.72961E+02  2.00000E+01  3.67400E-03  3.67400E-03
b   3    2  3    9  99  1.56895E-01  2.11312E+00 -2.08253E+01  1.46921E+02  2.00000E+01  6.90900E-03  6.90900E-03
b   3    3  3    9  99  1.88880E-01  2.20975E+00 -1.88711E+01  2.18067E+02  2.00000E+01  1.19100E-02  1.19100E-02
b   3    4  3    9  99  3.26805E-01  1.50718E+00  1.64006E+00 -6.08476E-01  2.18498E+00  2.09900E-02  2.09900E-02
b   3    5  3    9  99  2.93218E-01  1.52860E+00  1.36509E+00 -4.81618E-01  2.12611E+00  4.03800E-02  4.03800E-02
b   3    6  3    9  99  2.92270E-01  1.20041E+00  2.11935E+00 -1.04981E+00  3.00613E+00  9.14800E-02  9.14800E-02
b   3    7  3    9  99  2.72877E-01  7.48823E-01  2.53059E+00 -1.40679E+00  3.59835E+00  2.86100E-01  2.86100E-01
b   3    8  3    9  99  4.83885E-01  5.31031E-01  4.70495E+00 -6.78779E-01  4.11251E+00  9.23800E-01  9.23800E-01
b   3    1  3   10  99  4.00081E-01 -5.52701E-04 -2.84171E+00  2.09221E+01  3.85112E+00  5.78725E-01  5.78725E-01
b   3    1  3   11  99  3.80035E-01  1.27167E-01 -2.81627E+00  1.89411E+01  3.80707E+00  1.35140E-01  1.35140E-01
b   3    2  3   11  99  4.00081E-01 -5.52701E-04 -2.84171E+00  2.09221E+01  3.85112E+00  6.61400E-01  6.61400E-01
b   3   10  3   11  99  1.10873E-01  1.16500E+00 -2.92247E+01  2.75556E+02  2.00000E+01  1.20200E+00  1.20200E+00
b   3    1  3   12  99  3.77563E-01  1.78089E-01 -2.88528E+00  1.86433E+01  3.79814E+00  5.06800E-02  5.06800E-02
b   3    3  3   12  99  4.00081E-01 -5.52701E-04 -2.84171E+00  2.09221E+01  3.85112E+00  6.61400E-01  6.61400E-01
b   3   10  3   12  99  1.06976E-01  1.44867E+00 -2.22837E+01  1.00529E+02  2.00000E+01  2.33600E-01  2.33600E-01
b   3   11  3   12  99  1.17886E-01  9.48622E-01 -1.95007E+01  2.09235E+02  2.00000E+01  8.22000E-01  8.22000E-01
b   3    1  3   13  99  3.75993E-01  1.94178E-01 -2.85957E+00  1.83114E+01  3.78536E+00  2.46000E-02  2.46000E-02
b   3    4  3   13  99  4.00081E-01 -5.52701E-04 -2.84171E+00  2.09221E+01  3.85112E+00  6.61400E-01  6.61400E-01
b   3   10  3   13  99  1.64277E-01  2.02498E+00 -5.50984E+01  5.83851E+02  2.00000E+01  8.88200E-02  8.88200E-02
b   3   11  3   13  99  1.42106E-01  1.37437E+00 -2.11005E+01  2.10772E+02  2.00000E+01  1.49300E-01  1.49300E-01
b   3   12  3   13  99  2.63466E-01  1.10032E-01  1.53611E+00 -5.34846E-01  2.08868E+00  1.02400E+00  1.02400E+00
b   3    1  3   14  99  4.24307E-01  2.28525E-01 -3.34238E+00  2.09674E+01  3.79041E+00  1.26200E-02  1.26200E-02
b   3    5  3   14  99  4.00081E-01 -5.52701E-04 -2.84171E+00  2.09221E+01  3.85112E+00  6.61400E-01  6.61400E-01
b   3   10  3   14  99  1.72286E-01  2.22554E+00 -5.44672E+01  5.34448E+02  2.00000E+01  4.16800E-02  4.16800E-02
b   3   11  3   14  99  1.34622E-01  1.72143E+00 -1.90922E+01  1.26402E+02  2.00000E+01  5.45400E-02  5.45400E-02
b   3   12  3   14  99  3.13652E-01  5.10529E-01  1.73787E+00 -5.90607E-01  2.12426E+00  1.76000E-01  1.76000E-01
b   3   13  3   14  99  2.68006E-01  8.75575E-02  2.20313E+00 -1.10283E+00  2.80994E+00  1.21300E+00  1.21300E+00
b   3    1  3   15  99  4.22272E-01  2.34626E-01 -3.34072E+00  2.08625E+01  3.79071E+00  7.81200E-03  7.81200E-03
b   3    6  3   15  99  4.00081E-01 -5.52701E-04 -2.84171E+00  2.09221E+01  3.85112E+00  6.61400E-01  6.61400E-01
b   3   10  3   15  99  1.74909E-01  2.27923E+00 -5.44526E+01  5.28883E+02  2.00000E+01  2.41000E-02  2.41000E-02
b   3   11  3   15  99  1.43619E-01  1.88298E+00 -2.00414E+01  1.37675E+02  2.00000E+01  2.72000E-02  2.72000E-02
b   3   12  3   15  99  1.58662E-01  1.73932E+00 -1.78121E+01  1.89269E+02  2.00000E+01  6.46100E-02  6.46100E-02
b   3   13  3   15  99  2.80474E-01  6.78803E-01  1.49276E+00 -5.28958E-01  2.16242E+00  2.04500E-01  2.04500E-01
b   3   14  3   15  99  2.64304E-01  8.77841E-02  2.65070E+00 -1.50564E+00  3.39339E+00  1.41300E+00  1.41300E+00
b   3    1  3   16  99  4.20165E-01  2.39457E-01 -3.32900E+00  2.07058E+01  3.78824E+00  5.17200E-03  5.17200E-03
b   3    7  3   16  99  4.00081E-01 -5.52701E-04 -2.84171E+00  2.09221E+01  3.85112E+00  6.61400E-01  6.61400E-01
b   3   10  3   16  99  1.74045E-01  2.28824E+00 -5.25650E+01  4.97429E+02  2.00000E+01  1.53040E-02  1.53040E-02
b   3   11  3   16  99  1.50371E-01  1.98501E+00 -2.04895E+01  1.44190E+02  2.00000E+01  1.58200E-02  1.58200E-02
b   3   12  3   16  99  1.71324E-01  1.95344E+00 -1.82917E+01  1.99524E+02  2.00000E+01  3.19900E-02  3.19900E-02
b   3   13  3   16  99  3.04198E-01  1.02939E+00  1.60355E+00 -5.98391E-01  2.19687E+00  7.38500E-02  7.38500E-02
b   3   14  3   16  99  2.87118E-01  6.66405E-01  2.19168E+00 -1.08425E+00  2.92040E+00  2.32500E-01  2.32500E-01
b   3   15  3   16  99  2.46236E-01  1.60240E-01  2.40542E+00 -1.36573E+00  3.41758E+00  1.60700E+00  1.60700E+00
b   3    1  3   17  99  4.19504E-01  2.40621E-01 -3.32050E+00  2.06555E+01  3.78885E+00  3.60000E-03  3.60000E-03
b   3    8  3   17  99  4.00081E-01 -5.52701E-04 -2.84171E+00  2.09221E+01  3.85112E+00  6.61400E-01  6.61400E-01
b   3   10  3   17  99  1.77605E-01  2.32690E+00 -5.37937E+01  5.14644E+02  2.00000E+01  1.03580E-02  1.03580E-02
b   3   11  3   17  99  1.51741E-01  2.06189E+00 -2.02675E+01  1.35642E+02  2.00000E+01  1.01200E-02  1.01200E-02
b   3   12  3   17  99  1.77179E-01  2.11797E+00 -1.85588E+01  2.01036E+02  2.00000E+01  1.85800E-02  1.85800E-02
b   3   13  3   17  99  3.18550E-01  1.29542E+00  1.65532E+00 -6.20021E-01  2.20881E+00  3.62700E-02  3.62700E-02
b   3   14  3   17  99  3.08887E-01  1.07434E+00  2.27743E+00 -1.09384E+00  2.97055E+00  8.28400E-02  8.28400E-02
b   3   15  3   17  99  2.87722E-01  6.72482E-01  2.72647E+00 -1.53599E+00  3.55585E+00  2.59500E-01  2.59500E-01
b   3   16  3   17  99  2.35053E-01  2.02647E-01  2.36798E+00 -3.87379E-01  4.11997E+00  1.80000E+00  1.80000E+00
b   3    1  3   18  99  4.19505E-01  2.39916E-01 -3.30720E+00  2.06040E+01  3.78634E+00  2.60400E-03  2.60400E-03
b   3    9  3   18  99  4.00081E-01 -5.52701E-04 -2.84171E+00  2.09221E+01  3.85112E+00  6.61400E-01  6.61400E-01
b   3   10  3   18  99  1.73822E-01  2.31657E+00 -5.12923E+01  4.72961E+02  2.00000E+01  7.34800E-03  7.34800E-03
b   3   11  3   18  99  1.56895E-01  2.11312E+00 -2.08253E+01  1.46921E+02  2.00000E+01  6.90900E-03  6.90900E-03
b   3   12  3   18  99  1.88880E-01  2.20975E+00 -1.88711E+01  2.18067E+02  2.00000E+01  1.19100E-02  1.19100E-02
b   3   13  3   18  99  3.26805E-01  1.50718E+00  1.64006E+00 -6.08476E-01  2.18498E+00  2.09900E-02  2.09900E-02
b   3   14  3   18  99  2.93218E-01  1.52860E+00  1.36509E+00 -4.81618E-01  2.12611E+00  4.03800E-02  4.03800E-02
b   3   15  3   18  99  2.92270E-01  1.20041E+00  2.11935E+00 -1.04981E+00  3.00613E+00  9.14800E-02  9.14800E-02
b   3   16  3   18  99  2.72877E-01  7.48823E-01  2.53059E+00 -1.40679E+00  3.59835E+00  2.86100E-01  2.86100E-01
b   3   17  3   18  99  4.83885E-01  5.31031E-01  4.70495E+00 -6.78779E-01  4.11251E+00  9.23800E-01  9.23800E-01
f   3    1  2    1  99  1.00000E+00  1.11240E+01
p   3    1  2    1  98  1.20530E+00 -2.72560E+00 -2.77270E-02 -3.51550E-03  1.00000E+00  4.43100E+02  4.60900E+02  8.86300E+03
f   3    2  2    1  99  1.00000E+00  1.10320E+01
p   3    2  2    1  99  1.00000E+00  1.10320E+01
f   3    3  2    1  99  1.00000E+00  1.10092E+01
p   3    3  2    1  99  1.00000E+00  1.10092E+01
f   3    4  2    1  99  1.00000E+00  1.10060E+01
p   3    4  2    1  99  1.00000E+00  1.10060E+01
f   3    5  2    1  99  1.00000E+00  1.10060E+01
p   3    5  2    1  99  1.00000E+00  1.10060E+01
f   3    6  2    1  99  1.00000E+00  1.10020E+01
p   3    6  2    1  99  1.00000E+00  1.10020E+01
f   3    7  2    1  99  1.00000E+00  1.10002E+01
p   3    7  2    1  99  1.00000E+00  1.10002E+01
f   3    8  2    1  99  1.00000E+00  1.10002E+01
p   3    8  2    1  99  1.00000E+00  1.10002E+01
f   3    9  2    1  99  1.00000E+00  1.10002E+01
p   3    9  2    1  99  1.00000E+00  1.10002E+01
f   3    1  2    2  99  2.00000E+00  1.11240E+01
p   3    1  2    2  98  1.97590E+00 -2.54740E+00 -1.76880E-01  1.63630E-02  2.00000E+00  1.98200E+03  2.06100E+03  3.96300E+04
f   3   10  2    2  99  2.00000E+00  1.17601E+01
p   3   10  2    2  98  1.20530E+00 -2.72560E+00 -2.77270E-02 -3.51550E-03  1.00000E+00  4.43100E+02  4.60900E+02  8.86300E+03
f   3   11  2    2  99  1.00000E+00  1.11120E+01
p   3   11  2    2  99  1.00000E+00  1.11120E+01
f   3   12  2    2  99  1.00000E+00  1.10324E+01
p   3   12  2    2  99  1.00000E+00  1.10324E+01
f   3   13  2    2  99  1.00000E+00  1.10051E+01
p   3   13  2    2  99  1.00000E+00  1.10051E+01
f   3   14  2    2  99  1.00000E+00  1.10150E+01
p   3   14  2    2  99  1.00000E+00  1.10150E+01
f   3   15  2    2  99  1.00000E+00  1.10110E+01
p   3   15  2    2  99  1.00000E+00  1.10110E+01
f   3   16  2    2  99  1.00000E+00  1.10011E+01
p   3   16  2    2  99  1.00000E+00  1.10011E+01
f   3   17  2    2  99  1.00000E+00  1.10011E+01
p   3   17  2    2  99  1.00000E+00  1.10011E+01
f   3   18  2    2  99  1.00000E+00  1.10002E+01
p   3   18  2    2  99  1.00000E+00  1.10002E+01
f   3    2  2    3  99  2.00000E+00  1.10320E+01
p   3    2  2    3  98  1.97590E+00 -2.54740E+00 -1.76880E-01  1.63630E-02  2.00000E+00  1.98200E+03  2.06100E+03  3.96300E+04
f   3   11  2    3  99  1.00000E+00  1.11120E+01
p   3   11  2    3  98  1.20530E+00 -2.72560E+00 -2.77270E-02 -3.51550E-03  1.00000E+00  4.43100E+02  4.60900E+02  8.86300E+03
f   3    3  2    4  99  2.00000E+00  1.10092E+01
p   3    3  2    4  98  1.97590E+00 -2.54740E+00 -1.76880E-01  1.63630E-02  2.00000E+00  1.98200E+03  2.06100E+03  3.96300E+04
f   3   12  2    4  99  1.00000E+00  1.10324E+01
p   3   12  2    4  98  1.20530E+00 -2.72560E+00 -2.77270E-02 -3.51550E-03  1.00000E+00  4.43100E+02  4.60900E+02  8.86300E+03
f   3    4  2    5  99  2.00000E+00  1.10060E+01
p   3    4  2    5  98  1.97590E+00 -2.54740E+00 -1.76880E-01  1.63630E-02  2.00000E+00  1.98200E+03  2.06100E+03  3.96300E+04
f   3   13  2    5  99  1.00000E+00  1.10051E+01
p   3   13  2    5  98  1.20530E+00 -2.72560E+00 -2.77270E-02 -3.51550E-03  1.00000E+00  4.43100E+02  4.60900E+02  8.86300E+03
f   3    5  2    6  99  2.00000E+00  1.10060E+01
p   3    5  2    6  98  1.97590E+00 -2.54740E+00 -1.76880E-01  1.63630E-02  2.00000E+00  1.98200E+03  2.06100E+03  3.96300E+04
f   3   14  2    6  99  1.00000E+00  1.10150E+01
p   3   14  2    6  98  1.20530E+00 -2.72560E+00 -2.77270E-02 -3.51550E-03  1.00000E+00  4.43100E+02  4.60900E+02  8.86300E+03
f   3    6  2    7  99  2.00000E+00  1.10020E+01
p   3    6  2    7  98  1.97590E+00 -2.54740E+00 -1.76880E-01  1.63630E-02  2.00000E+00  1.98200E+03  2.06100E+03  3.96300E+04
f   3   15  2    7  99  1.00000E+00  1.10110E+01
p   3   15  2    7  98  1.20530E+00 -2.72560E+00 -2.77270E-02 -3.51550E-03  1.00000E+00  4.43100E+02  4.60900E+02  8.86300E+03
f   3    7  2    8  99  2.00000E+00  1.10002E+01
p   3    7  2    8  98  1.97590E+00 -2.54740E+00 -1.76880E-01  1.63630E-02  2.00000E+00  1.98200E+03  2.06100E+03  3.96300E+04
f   3   16  2    8  99  1.00000E+00  1.10011E+01
p   3   16  2    8  98  1.20530E+00 -2.72560E+00 -2.77270E-02 -3.51550E-03  1.00000E+00  4.43100E+02  4.60900E+02  8.86300E+03
f   3    8  2    9  99  2.00000E+00  1.10002E+01
p   3    8  2    9  98  1.97590E+00 -2.54740E+00 -1.76880E-01  1.63630E-02  2.00000E+00  1.98200E+03  2.06100E+03  3.96300E+04
f   3   17  2    9  99  1.00000E+00  1.10011E+01
p   3   17  2    9  98  1.20530E+00 -2.72560E+00 -2.77270E-02 -3.51550E-03  1.00000E+00  4.43100E+02  4.60900E+02  8.86300E+03
f   3    9  2   10  99  2.00000E+00  1.10002E+01
p   3    9  2   10  98  1.97590E+00 -2.54740E+00 -1.76880E-01  1.63630E-02  2.00000E+00  1.98200E+03  2.06100E+03  3.96300E+04
f   3   18  2   10  99  1.00000E+00  1.10002E+01
p   3   18  2   10  98  1.20530E+00 -2.72560E+00 -2.77270E-02 -3.51550E-03  1.00000E+00  4.43100E+02  4.60900E+02  8.86300E+03
f   3   10  2   11  99  1.00000E+00  1.17601E+01
p   3   10  2   11  98  1.97590E+00 -2.54740E+00 -1.76880E-01  1.63630E-02  2.00000E+00  1.98200E+03  2.06100E+03  3.96300E+04
f   3   11  2   12  99  1.00000E+00  1.11120E+01
p   3   11  2   12  98  1.97590E+00 -2.54740E+00 -1.76880E-01  1.63630E-02  2.00000E+00  1.98200E+03  2.06100E+03  3.96300E+04
f   3   12  2   13  99  1.00000E+00  1.10324E+01
p   3   12  2   13  98  1.97590E+00 -2.54740E+00 -1.76880E-01  1.63630E-02  2.00000E+00  1.98200E+03  2.06100E+03  3.96300E+04
f   3   13  2   14  99  1.00000E+00  1.10051E+01
p   3   13  2   14  98  1.97590E+00 -2.54740E+00 -1.76880E-01  1.63630E-02  2.00000E+00  1.98200E+03  2.06100E+03  3.96300E+04
f   3   14  2   15  99  1.00000E+00  1.10150E+01
p   3   14  2   15  98  1.97590E+00 -2.54740E+00 -1.76880E-01  1.63630E-02  2.00000E+00  1.98200E+03  2.06100E+03  3.96300E+04
f   3   15  2   16  99  1.00000E+00  1.10110E+01
p   3   15  2   16  98  1.97590E+00 -2.54740E+00 -1.76880E-01  1.63630E-02  2.00000E+00  1.98200E+03  2.06100E+03  3.96300E+04
f   3   16  2   17  99  1.00000E+00  1.10011E+01
p   3   16  2   17  98  1.97590E+00 -2.54740E+00 -1.76880E-01  1.63630E-02  2.00000E+00  1.98200E+03  2.06100E+03  3.96300E+04
f   3   17  2   18  99  1.00000E+00  1.10011E+01
p   3   17  2   18  98  1.97590E+00 -2.54740E+00 -1.76880E-01  1.63630E-02  2.00000E+00  1.98200E+03  2.06100E+03  3.96300E+04
f   3   18  2   19  99  1.00000E+00  1.10002E+01
p   3   18  2   19  98  1.97590E+00 -2.54740E+00 -1.76880E-01  1.63630E-02  2.00000E+00  1.98200E+03  2.06100E+03  3.96300E+04
a   3   10  2    1   3.91860E+13
a   3   11  2    1   4.12605E+12
a   3   12  2    1   9.60850E+11
a   3   13  2    1   3.14925E+11
a   3   14  2    1   1.26365E+11
a   3   15  2    1   5.84650E+10
a   3   16  2    1   2.99870E+10
a   3   17  2    1   1.66405E+10
a   3   18  2    1   9.82600E+09
b   4    1  4    2  99  1.03404E-01  1.22458E+00 -2.67680E+01  2.10989E+02  2.00000E+01  1.05080E+00  1.05080E+00
b   4    1  4    3  99  9.99626E-02  1.30840E+00 -1.50649E+01  5.89546E+00  2.00000E+01  2.24000E-01  2.24000E-01
b   4    2  4    3  99  2.86360E-01 -6.93600E-03  1.69808E+00 -5.02328E-01  2.07002E+00  7.87400E-01  7.87400E-01
b   4    1  4    4  99  1.12568E-01  1.50809E+00 -2.18861E+01  9.64448E+01  2.00000E+01  8.77000E-02  8.77000E-02
b   4    2  4    4  99  1.47880E-01  1.26099E+00 -2.02660E+01  2.25027E+02  2.00000E+01  1.50600E-01  1.50600E-01
b   4    3  4    4  99  2.43255E-01  1.55142E-01  1.36431E+00 -4.64804E-01  2.06897E+00  1.00400E+00  1.00400E+00
b   4    1  4    5  99  1.81509E-01  2.22262E+00 -5.99116E+01  6.36983E+02  2.00000E+01  4.01200E-02  4.01200E-02
b   4    2  4    5  99  1.66606E-01  1.68961E+00 -2.34150E+01  2.30019E+02  2.00000E+01  5.31800E-02  5.31800E-02
b   4    3  4    5  99  3.09612E-01  5.32540E-01  1.73034E+00 -6.67074E-01  2.12291E+00  1.72700E-01  1.72700E-01
b   4    4  4    5  99  2.61606E-01  1.28398E-01  2.11654E+00 -1.05401E+00  2.82076E+00  1.17400E+00  1.17400E+00
b   4    1  4    6  99  1.79451E-01  2.23298E+00 -5.74940E+01  5.96388E+02  2.00000E+01  2.33800E-02  2.33800E-02
b   4    2  4    6  99  1.70623E-01  1.84163E+00 -2.34210E+01  2.19968E+02  2.00000E+01  2.68400E-02  2.68400E-02
b   4    3  4    6  99  3.30084E-01  8.09472E-01  1.75680E+00 -5.81619E-01  2.14939E+00  6.45000E-02  6.45000E-02
b   4    4  4    6  99  3.03191E-01  5.81590E-01  2.33930E+00 -1.11131E+00  2.90343E+00  2.01700E-01  2.01700E-01
b   4    5  4    6  99  2.56770E-01  1.30241E-01  2.52589E+00 -1.44746E+00  3.39050E+00  1.38600E+00  1.38600E+00
b   4    1  4    7  99  1.81065E-01  2.27327E+00 -5.82856E+01  6.04854E+02  2.00000E+01  1.49120E-02  1.49120E-02
b   4    2  4    7  99  1.72518E-01  1.94400E+00 -2.34492E+01  2.13825E+02  2.00000E+01  1.57200E-02  1.57200E-02
b   4    3  4    7  99  3.42508E-01  1.00000E+00  1.78005E+00 -5.50426E-01  2.15463E+00  3.22400E-02  3.22400E-02
b   4    4  4    7  99  2.95168E-01  1.05637E+00  1.50338E+00 -5.26703E-01  2.17534E+00  7.36600E-02  7.36600E-02
b   4    5  4    7  99  2.78598E-01  7.07013E-01  2.07736E+00 -9.83669E-01  2.92858E+00  2.30300E-01  2.30300E-01
b   4    6  4    7  99  2.43039E-01  1.82242E-01  2.47963E+00 -4.60136E-01  4.10489E+00  1.58600E+00  1.58600E+00
b   4    1  4    8  99  1.80784E-01  2.27988E+00 -5.73999E+01  5.90062E+02  2.00000E+01  1.01240E-02  1.01240E-02
b   4    2  4    8  99  1.53236E-01  2.04687E+00 -2.01882E+01  1.28435E+02  2.00000E+01  1.01000E-02  1.01000E-02
b   4    3  4    8  99  1.72186E-01  2.08027E+00 -1.78654E+01  1.88851E+02  2.00000E+01  1.88300E-02  1.88300E-02
b   4    4  4    8  99  3.08724E-01  1.31053E+00  1.54467E+00 -5.58016E-01  2.16471E+00  3.64300E-02  3.64300E-02
b   4    5  4    8  99  2.99416E-01  1.10613E+00  2.17271E+00 -1.07206E+00  2.94422E+00  8.26400E-02  8.26400E-02
b   4    6  4    8  99  2.79642E-01  7.15273E-01  2.58538E+00 -1.42675E+00  3.53471E+00  2.57400E-01  2.57400E-01
b   4    7  4    8  99  2.28088E-01  2.45483E-01  2.19697E+00 -2.69731E-01  4.08674E+00  1.78300E+00  1.78300E+00
b   4    1  4    9  99  1.77735E-01  2.27721E+00 -5.58127E+01  5.62877E+02  2.00000E+01  7.19600E-03  7.19600E-03
b   4    2  4    9  99  1.60461E-01  2.08805E+00 -2.10635E+01  1.48661E+02  2.00000E+01  6.91400E-03  6.91400E-03
b   4    3  4    9  99  1.77618E-01  2.18581E+00 -1.79660E+01  1.91667E+02  2.00000E+01  1.21200E-02  1.21200E-02
b   4    4  4    9  99  3.16897E-01  1.50768E+00  1.55554E+00 -5.74715E-01  2.15488E+00  2.11900E-02  2.11900E-02
b   4    5  4    9  99  3.13507E-01  1.41457E+00  2.23449E+00 -1.05912E+00  2.99359E+00  4.04900E-02  4.04900E-02
b   4    6  4    9  99  2.84437E-01  1.23364E+00  2.03097E+00 -9.79433E-01  3.02772E+00  9.11300E-02  9.11300E-02
b   4    7  4    9  99  2.66104E-01  7.87925E-01  2.40639E+00 -1.33360E+00  3.56518E+00  2.84200E-01  2.84200E-01
b   4    8  4    9  99  4.29006E-01  5.44947E-01  4.05947E+00 -6.09849E-01  4.07713E+00  1.01300E+00  1.01300E+00
b   4    1  4   10  98  0.00000E+00  0.00000E+00  0.00000E+00  0.00000E+00  0.00000E+00  3.29344E-03  6.58687E-05
b   4    2  4   10  99  1.03404E-01  1.22458E+00 -2.67680E+01  2.10989E+02  2.00000E+01  4.96211E-01  4.96211E-01
b   4    1  4   11  98  0.00000E+00  0.00000E+00  0.00000E+00  0.00000E+00  0.00000E+00  4.88512E-03  9.77023E-05
b   4    2  4   11  99  9.99626E-02  1.30840E+00 -1.50649E+01  5.89546E+00  2.00000E+01  1.12000E-01  1.12000E-01
b   4    3  4   11  99  1.03404E-01  1.22458E+00 -2.67680E+01  2.10989E+02  2.00000E+01  5.25400E-01  5.25400E-01
b   4   10  4   11  99  2.86360E-01 -6.93600E-03  1.69808E+00 -5.02328E-01  2.07002E+00  1.57480E+00  1.57480E+00
b   4    1  4   12  98  0.00000E+00  0.00000E+00  0.00000E+00  0.00000E+00  0.00000E+00  6.88550E-03  1.37710E-04
b   4    2  4   12  99  1.12568E-01  1.50809E+00 -2.18861E+01  9.64448E+01  2.00000E+01  4.38500E-02  4.38500E-02
b   4    4  4   12  99  1.03404E-01  1.22458E+00 -2.67680E+01  2.10989E+02  2.00000E+01  5.25400E-01  5.25400E-01
b   4   10  4   12  99  1.47880E-01  1.26099E+00 -2.02660E+01  2.25027E+02  2.00000E+01  3.01200E-01  3.01200E-01
b   4   11  4   12  99  2.43255E-01  1.55142E-01  1.36431E+00 -4.64804E-01  2.06897E+00  1.00400E+00  1.00400E+00
b   4    1  4   13  98  0.00000E+00  0.00000E+00  0.00000E+00  0.00000E+00  0.00000E+00  9.39697E-03  1.87939E-04
b   4    2  4   13  99  1.81509E-01  2.22262E+00 -5.99116E+01  6.36983E+02  2.00000E+01  2.00600E-02  2.00600E-02
b   4    5  4   13  99  1.03404E-01  1.22458E+00 -2.67680E+01  2.10989E+02  2.00000E+01  5.25400E-01  5.25400E-01
b   4   10  4   13  99  1.66606E-01  1.68961E+00 -2.34150E+01  2.30019E+02  2.00000E+01  1.06360E-01  1.06360E-01
b   4   11  4   13  99  3.09612E-01  5.32540E-01  1.73034E+00 -6.67074E-01  2.12291E+00  1.72700E-01  1.72700E-01
b   4   12  4   13  99  2.61606E-01  1.28398E-01  2.11654E+00 -1.05401E+00  2.82076E+00  1.17400E+00  1.17400E+00
b   4    1  4   14  98  0.00000E+00  0.00000E+00  0.00000E+00  0.00000E+00  0.00000E+00  1.23840E-02  2.47681E-04
b   4    2  4   14  99  1.79451E-01  2.23298E+00 -5.74940E+01  5.96388E+02  2.00000E+01  1.16900E-02  1.16900E-02
b   4    6  4   14  99  1.03404E-01  1.22458E+00 -2.67680E+01  2.10989E+02  2.00000E+01  5.25400E-01  5.25400E-01
b   4   10  4   14  99  1.70623E-01  1.84163E+00 -2.34210E+01  2.19968E+02  2.00000E+01  5.36800E-02  5.36800E-02
b   4   11  4   14  99  3.30084E-01  8.09472E-01  1.75680E+00 -5.81619E-01  2.14939E+00  6.45000E-02  6.45000E-02
b   4   12  4   14  99  3.03191E-01  5.81590E-01  2.33930E+00 -1.11131E+00  2.90343E+00  2.01700E-01  2.01700E-01
b   4   13  4   14  99  2.56770E-01  1.30241E-01  2.52589E+00 -1.44746E+00  3.39050E+00  1.38600E+00  1.38600E+00
b   4    1  4   15  98  0.00000E+00  0.00000E+00  0.00000E+00  0.00000E+00  0.00000E+00  1.58411E-02  3.16821E-04
b   4    2  4   15  99  1.81065E-01  2.27327E+00 -5.82856E+01  6.04854E+02  2.00000E+01  7.45600E-03  7.45600E-03
b   4    7  4   15  99  1.03404E-01  1.22458E+00 -2.67680E+01  2.10989E+02  2.00000E+01  5.25400E-01  5.25400E-01
b   4   10  4   15  99  1.72518E-01  1.94400E+00 -2.34492E+01  2.13825E+02  2.00000E+01  3.14400E-02  3.14400E-02
b   4   11  4   15  99  3.42508E-01  1.00000E+00  1.78005E+00 -5.50426E-01  2.15463E+00  3.22400E-02  3.22400E-02
b   4   12  4   15  99  2.95168E-01  1.05637E+00  1.50338E+00 -5.26703E-01  2.17534E+00  7.36600E-02  7.36600E-02
b   4   13  4   15  99  2.78598E-01  7.07013E-01  2.07736E+00 -9.83669E-01  2.92858E+00  2.30300E-01  2.30300E-01
b   4   14  4   15  99  2.43039E-01  1.82242E-01  2.47963E+00 -4.60136E-01  4.10489E+00  1.58600E+00  1.58600E+00
b   4    1  4   16  98  0.00000E+00  0.00000E+00  0.00000E+00  0.00000E+00  0.00000E+00  1.97714E-02  3.95428E-04
b   4    2  4   16  99  1.80784E-01  2.27988E+00 -5.73999E+01  5.90062E+02  2.00000E+01  5.06200E-03  5.06200E-03
b   4    8  4   16  99  1.03404E-01  1.22458E+00 -2.67680E+01  2.10989E+02  2.00000E+01  5.25400E-01  5.25400E-01
b   4   10  4   16  99  1.53236E-01  2.04687E+00 -2.01882E+01  1.28435E+02  2.00000E+01  2.02000E-02  2.02000E-02
b   4   11  4   16  99  1.72186E-01  2.08027E+00 -1.78654E+01  1.88851E+02  2.00000E+01  1.88300E-02  1.88300E-02
b   4   12  4   16  99  3.08724E-01  1.31053E+00  1.54467E+00 -5.58016E-01  2.16471E+00  3.64300E-02  3.64300E-02
b   4   13  4   16  99  2.99416E-01  1.10613E+00  2.17271E+00 -1.07206E+00  2.94422E+00  8.26400E-02  8.26400E-02
b   4   14  4   16  99  2.79642E-01  7.15273E-01  2.58538E+00 -1.42675E+00  3.53471E+00  2.57400E-01  2.57400E-01
b   4   15  4   16  99  2.28088E-01  2.45483E-01  2.19697E+00 -2.69731E-01  4.08674E+00  1.78300E+00  1.78300E+00
b   4    1  4   17  98  0.00000E+00  0.00000E+00  0.00000E+00  0.00000E+00  0.00000E+00  2.41698E-02  4.83396E-04
b   4    2  4   17  99  1.77735E-01  2.27721E+00 -5.58127E+01  5.62877E+02  2.00000E+01  3.59800E-03  3.59800E-03
b   4    9  4   17  99  1.03404E-01  1.22458E+00 -2.67680E+01  2.10989E+02  2.00000E+01  5.25400E-01  5.25400E-01
b   4   10  4   17  99  1.60461E-01  2.08805E+00 -2.10635E+01  1.48661E+02  2.00000E+01  1.38280E-02  1.38280E-02
b   4   11  4   17  99  1.77618E-01  2.18581E+00 -1.79660E+01  1.91667E+02  2.00000E+01  1.21200E-02  1.21200E-02
b   4   12  4   17  99  3.16897E-01  1.50768E+00  1.55554E+00 -5.74715E-01  2.15488E+00  2.11900E-02  2.11900E-02
b   4   13  4   17  99  3.13507E-01  1.41457E+00  2.23449E+00 -1.05912E+00  2.99359E+00  4.04900E-02  4.04900E-02
b   4   14  4   17  99  2.84437E-01  1.23364E+00  2.03097E+00 -9.79433E-01  3.02772E+00  9.11300E-02  9.11300E-02
b   4   15  4   17  99  2.66104E-01  7.87925E-01  2.40639E+00 -1.33360E+00  3.56518E+00  2.84200E-01  2.84200E-01
b   4   16  4   17  99  4.29006E-01  5.44947E-01  4.05947E+00 -6.09849E-01  4.07713E+00  1.01300E+00  1.01300E+00
b   4    1  4   18  99  4.05381E-01 -1.78780E-03 -2.88235E+00  2.12293E+01  3.85064E+00  4.68750E-01  4.68750E-01
b   4    1  4   19  99  3.88781E-01  1.14036E-01 -2.84164E+00  1.93740E+01  3.80760E+00  1.21060E-01  1.21060E-01
b   4    2  4   19  99  4.05381E-01 -1.78780E-03 -2.88235E+00  2.12293E+01  3.85064E+00  5.46875E-01  5.46875E-01
b   4   18  4   19  99  1.03404E-01  1.22458E+00 -2.67680E+01  2.10989E+02  2.00000E+01  1.57620E+00  1.57620E+00
b   4    1  4   20  99  3.86886E-01  1.59109E-01 -2.90571E+00  1.91262E+01  3.79893E+00  4.52200E-02  4.52200E-02
b   4    3  4   20  99  4.05381E-01 -1.78780E-03 -2.88235E+00  2.12293E+01  3.85064E+00  5.46875E-01  5.46875E-01
b   4   18  4   20  99  9.99626E-02  1.30840E+00 -1.50649E+01  5.89546E+00  2.00000E+01  3.36000E-01  3.36000E-01
b   4   19  4   20  99  2.86360E-01 -6.93600E-03  1.69808E+00 -5.02328E-01  2.07002E+00  7.87400E-01  7.87400E-01
b   4    1  4   21  99  3.82437E-01  1.76021E-01 -2.89721E+00  1.88385E+01  3.79811E+00  2.19200E-02  2.19200E-02
b   4    4  4   21  99  4.05381E-01 -1.78780E-03 -2.88235E+00  2.12293E+01  3.85064E+00  5.46875E-01  5.46875E-01
b   4   18  4   21  99  1.12568E-01  1.50809E+00 -2.18861E+01  9.64448E+01  2.00000E+01  1.31550E-01  1.31550E-01
b   4   19  4   21  99  1.47880E-01  1.26099E+00 -2.02660E+01  2.25027E+02  2.00000E+01  1.50600E-01  1.50600E-01
b   4   20  4   21  99  2.43255E-01  1.55142E-01  1.36431E+00 -4.64804E-01  2.06897E+00  1.00400E+00  1.00400E+00
b   4    1  4   22  99  4.29823E-01  2.04142E-01 -3.34976E+00  2.13974E+01  3.79897E+00  1.12300E-02  1.12300E-02
b   4    5  4   22  99  4.05381E-01 -1.78780E-03 -2.88235E+00  2.12293E+01  3.85064E+00  5.46875E-01  5.46875E-01
b   4   18  4   22  99  1.81509E-01  2.22262E+00 -5.99116E+01  6.36983E+02  2.00000E+01  6.01800E-02  6.01800E-02
b   4   19  4   22  99  1.66606E-01  1.68961E+00 -2.34150E+01  2.30019E+02  2.00000E+01  5.31800E-02  5.31800E-02
b   4   20  4   22  99  3.09612E-01  5.32540E-01  1.73034E+00 -6.67074E-01  2.12291E+00  1.72700E-01  1.72700E-01
b   4   21  4   22  99  2.61606E-01  1.28398E-01  2.11654E+00 -1.05401E+00  2.82076E+00  1.17400E+00  1.17400E+00
b   4    1  4   23  99  4.29880E-01  2.01795E-01 -3.33405E+00  2.14047E+01  3.80196E+00  6.94400E-03  6.94400E-03
b   4    6  4   23  99  4.05381E-01 -1.78780E-03 -2.88235E+00  2.12293E+01  3.85064E+00  5.46875E-01  5.46875E-01
b   4   18  4   23  99  1.79451E-01  2.23298E+00 -5.74940E+01  5.96388E+02  2.00000E+01  3.50700E-02  3.50700E-02
b   4   19  4   23  99  1.70623E-01  1.84163E+00 -2.34210E+01  2.19968E+02  2.00000E+01  2.68400E-02  2.68400E-02
b   4   20  4   23  99  3.30084E-01  8.09472E-01  1.75680E+00 -5.81619E-01  2.14939E+00  6.45000E-02  6.45000E-02
b   4   21  4   23  99  3.03191E-01  5.81590E-01  2.33930E+00 -1.11131E+00  2.90343E+00  2.01700E-01  2.01700E-01
b   4   22  4   23  99  2.56770E-01  1.30241E-01  2.52589E+00 -1.44746E+00  3.39050E+00  1.38600E+00  1.38600E+00
b   4    1  4   24  99  4.24036E-01  2.14554E-01 -3.32333E+00  2.10144E+01  3.79207E+00  4.59200E-03  4.59200E-03
b   4    7  4   24  99  4.05381E-01 -1.78780E-03 -2.88235E+00  2.12293E+01  3.85064E+00  5.46875E-01  5.46875E-01
b   4   18  4   24  99  1.81065E-01  2.27327E+00 -5.82856E+01  6.04854E+02  2.00000E+01  2.23680E-02  2.23680E-02
b   4   19  4   24  99  1.72518E-01  1.94400E+00 -2.34492E+01  2.13825E+02  2.00000E+01  1.57200E-02  1.57200E-02
b   4   20  4   24  99  3.42508E-01  1.00000E+00  1.78005E+00 -5.50426E-01  2.15463E+00  3.22400E-02  3.22400E-02
b   4   21  4   24  99  2.95168E-01  1.05637E+00  1.50338E+00 -5.26703E-01  2.17534E+00  7.36600E-02  7.36600E-02
b   4   22  4   24  99  2.78598E-01  7.07013E-01  2.07736E+00 -9.83669E-01  2.92858E+00  2.30300E-01  2.30300E-01
b   4   23  4   24  99  2.43039E-01  1.82242E-01  2.47963E+00 -4.60136E-01  4.10489E+00  1.58600E+00  1.58600E+00
b   4    1  4   25  99  4.24266E-01  2.12439E-01 -3.31963E+00  2.10697E+01  3.79651E+00  3.19400E-03  3.19400E-03
b   4    8  4   25  99  4.05381E-01 -1.78780E-03 -2.88235E+00  2.12293E+01  3.85064E+00  5.46875E-01  5.46875E-01
b   4   18  4   25  99  1.80784E-01  2.27988E+00 -5.73999E+01  5.90062E+02  2.00000E+01  1.51860E-02  1.51860E-02
b   4   19  4   25  99  1.53236E-01  2.04687E+00 -2.01882E+01  1.28435E+02  2.00000E+01  1.01000E-02  1.01000E-02
b   4   20  4   25  99  1.72186E-01  2.08027E+00 -1.78654E+01  1.88851E+02  2.00000E+01  1.88300E-02  1.88300E-02
b   4   21  4   25  99  3.08724E-01  1.31053E+00  1.54467E+00 -5.58016E-01  2.16471E+00  3.64300E-02  3.64300E-02
b   4   22  4   25  99  2.99416E-01  1.10613E+00  2.17271E+00 -1.07206E+00  2.94422E+00  8.26400E-02  8.26400E-02
b   4   23  4   25  99  2.79642E-01  7.15273E-01  2.58538E+00 -1.42675E+00  3.53471E+00  2.57400E-01  2.57400E-01
b   4   24  4   25  99  2.28088E-01  2.45483E-01  2.19697E+00 -2.69731E-01  4.08674E+00  1.78300E+00  1.78300E+00
b   4    1  4   26  99  4.21197E-01  2.20376E-01 -3.34073E+00  2.10032E+01  3.79910E+00  2.31000E-03  2.31000E-03
b   4    9  4   26  99  4.05381E-01 -1.78780E-03 -2.88235E+00  2.12293E+01  3.85064E+00  5.46875E-01  5.46875E-01
b   4   18  4   26  99  1.77735E-01  2.27721E+00 -5.58127E+01  5.62877E+02  2.00000E+01  1.07940E-02  1.07940E-02
b   4   19  4   26  99  1.60461E-01  2.08805E+00 -2.10635E+01  1.48661E+02  2.00000E+01  6.91400E-03  6.91400E-03
b   4   20  4   26  99  1.77618E-01  2.18581E+00 -1.79660E+01  1.91667E+02  2.00000E+01  1.21200E-02  1.21200E-02
b   4   21  4   26  99  3.16897E-01  1.50768E+00  1.55554E+00 -5.74715E-01  2.15488E+00  2.11900E-02  2.11900E-02
b   4   22  4   26  99  3.13507E-01  1.41457E+00  2.23449E+00 -1.05912E+00  2.99359E+00  4.04900E-02  4.04900E-02
b   4   23  4   26  99  2.84437E-01  1.23364E+00  2.03097E+00 -9.79433E-01  3.02772E+00  9.11300E-02  9.11300E-02
b   4   24  4   26  99  2.66104E-01  7.87925E-01  2.40639E+00 -1.33360E+00  3.56518E+00  2.84200E-01  2.84200E-01
b   4   25  4   26  99  4.29006E-01  5.44947E-01  4.05947E+00 -6.09849E-01  4.07713E+00  1.01300E+00  1.01300E+00
f   4    1  3    1  99  2.00000E+00  1.08221E+01
p   4    1  3    1  98  1.28970E+00 -2.64220E+00 -5.05530E-02 -1.84400E-03  2.00000E+00  3.90200E+02  4.05800E+02  7.80400E+03
f   4    2  3    1  99  1.00000E+00  1.01280E+01
p   4    2  3    1  99  1.00000E+00  1.01280E+01
f   4    3  3    1  99  1.00000E+00  1.00370E+01
p   4    3  3    1  99  1.00000E+00  1.00370E+01
f   4    4  3    1  99  1.00000E+00  1.00081E+01
p   4    4  3    1  99  1.00000E+00  1.00081E+01
f   4    5  3    1  99  1.00000E+00  1.00180E+01
p   4    5  3    1  99  1.00000E+00  1.00180E+01
f   4    6  3    1  99  1.00000E+00  1.00120E+01
p   4    6  3    1  99  1.00000E+00  1.00120E+01
f   4    7  3    1  99  1.00000E+00  1.00012E+01
p   4    7  3    1  99  1.00000E+00  1.00012E+01
f   4    8  3    1  99  1.00000E+00  1.00012E+01
p   4    8  3    1  99  1.00000E+00  1.00012E+01
f   4    9  3    1  99  1.00000E+00  1.00003E+01
p   4    9  3    1  99  1.00000E+00  1.00003E+01
f   4    2  3    2  99  1.00000E+00  1.01280E+01
p   4    2  3    2  98  1.28970E+00 -2.64220E+00 -5.05530E-02 -1.84400E-03  2.00000E+00  3.90200E+02  4.05800E+02  7.80400E+03
f   4   10  3    2  99  2.00000E+00  1.06920E+01
p   4   10  3    2  99  2.00000E+00  1.06920E+01
f   4   11  3    2  99  1.00000E+00  1.00937E+01
p   4   11  3    2  99  1.00000E+00  1.00937E+01
f   4   12  3    2  99  1.00000E+00  1.00264E+01
p   4   12  3    2  99  1.00000E+00  1.00264E+01
f   4   13  3    2  99  1.00000E+00  1.00240E+01
p   4   13  3    2  99  1.00000E+00  1.00240E+01
f   4   14  3    2  99  1.00000E+00  1.00160E+01
p   4   14  3    2  99  1.00000E+00  1.00160E+01
f   4   15  3    2  99  1.00000E+00  1.00102E+01
p   4   15  3    2  99  1.00000E+00  1.00102E+01
f   4   16  3    2  99  1.00000E+00  1.00082E+01
p   4   16  3    2  99  1.00000E+00  1.00082E+01
f   4   17  3    2  99  1.00000E+00  1.00003E+01
p   4   17  3    2  99  1.00000E+00  1.00003E+01
f   4    3  3    3  99  1.00000E+00  1.00370E+01
p   4    3  3    3  98  1.28970E+00 -2.64220E+00 -5.05530E-02 -1.84400E-03  2.00000E+00  3.90200E+02  4.05800E+02  7.80400E+03
f   4   11  3    3  99  1.00000E+00  1.00937E+01
p   4   11  3    3  99  1.00000E+00  1.00937E+01
f   4    4  3    4  99  1.00000E+00  1.00081E+01
p   4    4  3    4  98  1.28970E+00 -2.64220E+00 -5.05530E-02 -1.84400E-03  2.00000E+00  3.90200E+02  4.05800E+02  7.80400E+03
f   4   12  3    4  99  1.00000E+00  1.00264E+01
p   4   12  3    4  99  1.00000E+00  1.00264E+01
f   4    5  3    5  99  1.00000E+00  1.00180E+01
p   4    5  3    5  98  1.28970E+00 -2.64220E+00 -5.05530E-02 -1.84400E-03  2.00000E+00  3.90200E+02  4.05800E+02  7.80400E+03
f   4   13  3    5  99  1.00000E+00  1.00240E+01
p   4   13  3    5  99  1.00000E+00  1.00240E+01
f   4    6  3    6  99  1.00000E+00  1.00120E+01
p   4    6  3    6  98  1.28970E+00 -2.64220E+00 -5.05530E-02 -1.84400E-03  2.00000E+00  3.90200E+02  4.05800E+02  7.80400E+03
f   4   14  3    6  99  1.00000E+00  1.00160E+01
p   4   14  3    6  99  1.00000E+00  1.00160E+01
f   4    7  3    7  99  1.00000E+00  1.00012E+01
p   4    7  3    7  98  1.28970E+00 -2.64220E+00 -5.05530E-02 -1.84400E-03  2.00000E+00  3.90200E+02  4.05800E+02  7.80400E+03
f   4   15  3    7  99  1.00000E+00  1.00102E+01
p   4   15  3    7  99  1.00000E+00  1.00102E+01
f   4    8  3    8  99  1.00000E+00  1.00012E+01
p   4    8  3    8  98  1.28970E+00 -2.64220E+00 -5.05530E-02 -1.84400E-03  2.00000E+00  3.90200E+02  4.05800E+02  7.80400E+03
f   4   16  3    8  99  1.00000E+00  1.00082E+01
p   4   16  3    8  99  1.00000E+00  1.00082E+01
f   4    9  3    9  99  1.00000E+00  1.00003E+01
p   4    9  3    9  98  1.28970E+00 -2.64220E+00 -5.05530E-02 -1.84400E-03  2.00000E+00  3.90200E+02  4.05800E+02  7.80400E+03
f   4   17  3    9  99  1.00000E+00  1.00003E+01
p   4   17  3    9  99  1.00000E+00  1.00003E+01
f   4    1  3   10  99  2.00000E+00  1.08221E+01
p   4    1  3   10  98  2.02650E+00 -2.54830E+00 -1.66800E-01  1.39020E-02  2.00000E+00  1.91400E+03  1.99100E+03  3.82900E+04
f   4   18  3   10  99  3.00000E+00  1.14582E+01
p   4   18  3   10  98  1.28970E+00 -2.64220E+00 -5.05530E-02 -1.84400E-03  2.00000E+00  3.90200E+02  4.05800E+02  7.80400E+03
f   4   19  3   10  99  1.00000E+00  1.02080E+01
p   4   19  3   10  99  1.00000E+00  1.02080E+01
f   4   20  3   10  99  1.00000E+00  1.00602E+01
p   4   20  3   10  99  1.00000E+00  1.00602E+01
f   4   21  3   10  99  1.00000E+00  1.00072E+01
p   4   21  3   10  99  1.00000E+00  1.00072E+01
f   4   22  3   10  99  1.00000E+00  1.00270E+01
p   4   22  3   10  99  1.00000E+00  1.00270E+01
f   4   23  3   10  99  1.00000E+00  1.00210E+01
p   4   23  3   10  99  1.00000E+00  1.00210E+01
f   4   24  3   10  99  1.00000E+00  1.00021E+01
p   4   24  3   10  99  1.00000E+00  1.00021E+01
f   4   25  3   10  99  1.00000E+00  1.00021E+01
p   4   25  3   10  99  1.00000E+00  1.00021E+01
f   4   26  3   10  99  1.00000E+00  1.00003E+01
p   4   26  3   10  99  1.00000E+00  1.00003E+01
f   4    2  3   11  99  2.00000E+00  1.01280E+01
p   4    2  3   11  98  2.02650E+00 -2.54830E+00 -1.66800E-01  1.39020E-02  2.00000E+00  1.91400E+03  1.99100E+03  3.82900E+04
f   4   19  3   11  99  2.00000E+00  1.02080E+01
p   4   19  3   11  98  1.28970E+00 -2.64220E+00 -5.05530E-02 -1.84400E-03  2.00000E+00  3.90200E+02  4.05800E+02  7.80400E+03
f   4    3  3   12  99  2.00000E+00  1.00370E+01
p   4    3  3   12  98  2.02650E+00 -2.54830E+00 -1.66800E-01  1.39020E-02  2.00000E+00  1.91400E+03  1.99100E+03  3.82900E+04
f   4   20  3   12  99  2.00000E+00  1.00602E+01
p   4   20  3   12  98  1.28970E+00 -2.64220E+00 -5.05530E-02 -1.84400E-03  2.00000E+00  3.90200E+02  4.05800E+02  7.80400E+03
f   4    4  3   13  99  2.00000E+00  1.00081E+01
p   4    4  3   13  98  2.02650E+00 -2.54830E+00 -1.66800E-01  1.39020E-02  2.00000E+00  1.91400E+03  1.99100E+03  3.82900E+04
f   4   21  3   13  99  2.00000E+00  1.00072E+01
p   4   21  3   13  98  1.28970E+00 -2.64220E+00 -5.05530E-02 -1.84400E-03  2.00000E+00  3.90200E+02  4.05800E+02  7.80400E+03
f   4    5  3   14  99  2.00000E+00  1.00180E+01
p   4    5  3   14  98  2.02650E+00 -2.54830E+00 -1.66800E-01  1.39020E-02  2.00000E+00  1.91400E+03  1.99100E+03  3.82900E+04
f   4   22  3   14  99  2.00000E+00  1.00270E+01
p   4   22  3   14  98  1.28970E+00 -2.64220E+00 -5.05530E-02 -1.84400E-03  2.00000E+00  3.90200E+02  4.05800E+02  7.80400E+03
f   4    6  3   15  99  2.00000E+00  1.00120E+01
p   4    6  3   15  98  2.02650E+00 -2.54830E+00 -1.66800E-01  1.39020E-02  2.00000E+00  1.91400E+03  1.99100E+03  3.82900E+04
f   4   23  3   15  99  2.00000E+00  1.00210E+01
p   4   23  3   15  98  1.28970E+00 -2.64220E+00 -5.05530E-02 -1.84400E-03  2.00000E+00  3.90200E+02  4.05800E+02  7.80400E+03
f   4    7  3   16  99  2.00000E+00  1.00012E+01
p   4    7  3   16  98  2.02650E+00 -2.54830E+00 -1.66800E-01  1.39020E-02  2.00000E+00  1.91400E+03  1.99100E+03  3.82900E+04
f   4   24  3   16  99  2.00000E+00  1.00021E+01
p   4   24  3   16  98  1.28970E+00 -2.64220E+00 -5.05530E-02 -1.84400E-03  2.00000E+00  3.90200E+02  4.05800E+02  7.80400E+03
f   4    8  3   17  99  2.00000E+00  1.00012E+01
p   4    8  3   17  98  2.02650E+00 -2.54830E+00 -1.66800E-01  1.39020E-02  2.00000E+00  1.91400E+03  1.99100E+03  3.82900E+04
f   4   25  3   17  99  2.00000E+00  1.00021E+01
p   4   25  3   17  98  1.28970E+00 -2.64220E+00 -5.05530E-02 -1.84400E-03  2.00000E+00  3.90200E+02  4.05800E+02  7.80400E+03
f   4    9  3   18  99  2.00000E+00  1.00003E+01
p   4    9  3   18  98  2.02650E+00 -2.54830E+00 -1.66800E-01  1.39020E-02  2.00000E+00  1.91400E+03  1.99100E+03  3.82900E+04
f   4   26  3   18  99  2.00000E+00  1.00003E+01
p   4   26  3   18  98  1.28970E+00 -2.64220E+00 -5.05530E-02 -1.84400E-03  2.00000E+00  3.90200E+02  4.05800E+02  7.80400E+03
a   4   10  3    1   2.29020E+14
a   4   11  3    1   4.64760E+13
a   4   12  3    1   1.51968E+13
a   4   13  3    1   6.16350E+12
a   4   14  3    1   2.85168E+12
a   4   15  3    1   1.46265E+12
a   4   16  3    1   8.11680E+11
a   4   17  3    1   4.79280E+11
a   4   18  3    1   1.07361E+14
a   4   19  3    1   6.86430E+12
a   4   20  3    1   1.57610E+12
a   4   21  3    1   5.06730E+11
a   4   22  3    1   2.01980E+11
a   4   23  3    1   9.34490E+10
a   4   24  3    1   4.79310E+10
a   4   25  3    1   2.65980E+10
a   4   26  3    1   1.57060E+10
a   4   19  3    2   3.57870E+13
a   4   20  3    3   3.57870E+13
a   4   21  3    4   3.57870E+13
a   4   22  3    5   3.57870E+13
a   4   23  3    6   3.57870E+13
a   4   24  3    7   3.57870E+13
a   4   25  3    8   3.57870E+13
a   4   26  3    9   3.57870E+13
b   5    1  5    2  99  1.05169E-01  1.27011E+00 -2.66976E+01  2.01403E+02  2.00000E+01  1.37640E+00  1.37640E+00
b   5    1  5    3  99  1.27074E-01  1.41757E+00 -2.83139E+01  2.29441E+02  2.00000E+01  3.22200E-01  3.22200E-01
b   5    2  5    3  99  2.70947E-01  3.25725E-02  1.61671E+00 -5.38477E-01  2.08305E+00  7.51000E-01  7.51000E-01
b   5    1  5    4  99  1.02324E-01  1.32611E+00 -1.43611E+01  2.65270E+00  2.00000E+01  1.29870E-01  1.29870E-01
b   5    2  5    4  99  1.41665E-01  1.21720E+00 -1.88788E+01  2.07994E+02  2.00000E+01  1.50300E-01  1.50300E-01
b   5    3  5    4  99  2.60094E-01  6.82174E-02  2.10083E+00 -1.02773E+00  2.76324E+00  9.79000E-01  9.79000E-01
b   5    1  5    5  99  1.23819E-01  1.65731E+00 -2.28138E+01  8.63708E+01  2.00000E+01  5.97600E-02  5.97600E-02
b   5    2  5    5  99  1.78006E-01  1.62244E+00 -2.32932E+01  2.53691E+02  2.00000E+01  5.27000E-02  5.27000E-02
b   5    3  5    5  99  3.00298E-01  5.73135E-01  1.65886E+00 -6.23209E-01  2.14509E+00  1.69600E-01  1.69600E-01
b   5    4  5    5  99  2.72543E-01  8.48577E-02  2.71311E+00 -1.52870E+00  3.37764E+00  1.15000E+00  1.15000E+00
b   5    1  5    6  99  1.30470E-01  1.74969E+00 -2.70759E+01  1.46075E+02  2.00000E+01  3.50700E-02  3.50700E-02
b   5    2  5    6  99  1.78951E-01  1.77351E+00 -2.34011E+01  2.41433E+02  2.00000E+01  2.68600E-02  2.68600E-02
b   5    3  5    6  99  3.21188E-01  8.31592E-01  1.74376E+00 -6.39125E-01  2.17865E+00  6.40400E-02  6.40400E-02
b   5    4  5    6  99  2.93682E-01  6.29186E-01  2.24313E+00 -1.12913E+00  2.90096E+00  1.98800E-01  1.98800E-01
b   5    5  5    6  99  2.49168E-01  1.74828E-01  2.39107E+00 -1.36147E+00  3.38584E+00  1.37000E+00  1.37000E+00
b   5    1  5    7  99  1.40126E-01  1.82524E+00 -3.19422E+01  2.21944E+02  2.00000E+01  2.24490E-02  2.24490E-02
b   5    2  5    7  99  1.81756E-01  1.86378E+00 -2.35038E+01  2.38637E+02  2.00000E+01  1.58200E-02  1.58200E-02
b   5    3  5    7  99  3.30741E-01  1.02268E+00  1.70620E+00 -6.03050E-01  2.11766E+00  3.22200E-02  3.22200E-02
b   5    4  5    7  99  3.14910E-01  9.66588E-01  2.33605E+00 -1.09421E+00  2.94546E+00  7.30200E-02  7.30200E-02
b   5    5  5    7  99  2.88550E-01  6.65541E-01  2.69632E+00 -1.48402E+00  3.53204E+00  2.28000E-01  2.28000E-01
b   5    6  5    7  99  2.35494E-01  2.28323E-01  2.31157E+00 -3.51763E-01  4.08930E+00  1.57400E+00  1.57400E+00
b   5    1  5    8  99  1.42921E-01  1.87089E+00 -3.40665E+01  2.51402E+02  2.00000E+01  1.52790E-02  1.52790E-02
b   5    2  5    8  99  1.81125E-01  1.93426E+00 -2.33652E+01  2.29221E+02  2.00000E+01  1.02000E-02  1.02000E-02
b   5    3  5    8  99  3.37907E-01  1.15327E+00  1.72218E+00 -5.72631E-01  2.14128E+00  1.89100E-02  1.89100E-02
b   5    4  5    8  99  2.97065E-01  1.35191E+00  1.42589E+00 -4.94904E-01  2.13993E+00  3.62600E-02  3.62600E-02
b   5    5  5    8  99  2.91228E-01  1.14618E+00  2.10083E+00 -1.02181E+00  2.99644E+00  8.20600E-02  8.20600E-02
b   5    6  5    8  99  2.71146E-01  7.63079E-01  2.44416E+00 -1.35658E+00  3.52547E+00  2.55400E-01  2.55400E-01
b   5    7  5    8  99  2.23528E-01  2.78636E-01  2.12262E+00 -2.96148E-01  4.08620E+00  1.77400E+00  1.77400E+00
b   5    1  5    9  99  1.42562E-01  1.85856E+00 -3.27688E+01  2.33297E+02  2.00000E+01  1.08810E-02  1.08810E-02
b   5    2  5    9  99  1.82713E-01  1.98126E+00 -2.34974E+01  2.29444E+02  2.00000E+01  7.00200E-03  7.00200E-03
b   5    3  5    9  99  3.42587E-01  1.25317E+00  1.72728E+00 -5.60754E-01  2.15490E+00  1.22000E-02  1.22000E-02
b   5    4  5    9  99  3.07006E-01  1.53473E+00  1.48629E+00 -5.08008E-01  2.19558E+00  2.11500E-02  2.11500E-02
b   5    5  5    9  99  3.03290E-01  1.45779E+00  2.12191E+00 -1.01956E+00  2.99942E+00  4.02900E-02  4.02900E-02
b   5    6  5    9  99  2.93178E-01  1.19658E+00  2.60629E+00 -1.45238E+00  3.60965E+00  9.05700E-02  9.05700E-02
b   5    7  5    9  99  2.61781E-01  8.16086E-01  2.46522E+00 -3.13714E-01  4.30696E+00  2.82600E-01  2.82600E-01
b   5    8  5    9  99  4.01569E-01  5.82165E-01  3.72282E+00 -5.50914E-01  4.08183E+00  1.05600E+00  1.05600E+00
b   5    1  5   10  98  0.00000E+00  0.00000E+00  0.00000E+00  0.00000E+00  0.00000E+00  1.13592E-02  2.27184E-04
b   5    2  5   10  99  1.05169E-01  1.27011E+00 -2.66976E+01  2.01403E+02  2.00000E+01  8.66622E-01  8.66622E-01
b   5    1  5   11  98  0.00000E+00  0.00000E+00  0.00000E+00  0.00000E+00  0.00000E+00  1.70784E-02  3.41569E-04
b   5    2  5   11  99  1.27074E-01  1.41757E+00 -2.83139E+01  2.29441E+02  2.00000E+01  2.14800E-01  2.14800E-01
b   5    3  5   11  99  1.05169E-01  1.27011E+00 -2.66976E+01  2.01403E+02  2.00000E+01  9.17600E-01  9.17600E-01
b   5   10  5   11  99  2.70947E-01  3.25725E-02  1.61671E+00 -5.38477E-01  2.08305E+00  1.50200E+00  1.50200E+00
b   5    1  5   12  98  0.00000E+00  0.00000E+00  0.00000E+00  0.00000E+00  0.00000E+00  2.42284E-02  4.84568E-04
b   5    2  5   12  99  1.02324E-01  1.32611E+00 -1.43611E+01  2.65270E+00  2.00000E+01  8.65800E-02  8.65800E-02
b   5    4  5   12  99  1.05169E-01  1.27011E+00 -2.66976E+01  2.01403E+02  2.00000E+01  9.17600E-01  9.17600E-01
b   5   10  5   12  99  1.41665E-01  1.21720E+00 -1.88788E+01  2.07994E+02  2.00000E+01  3.00600E-01  3.00600E-01
b   5   11  5   12  99  2.60094E-01  6.82174E-02  2.10083E+00 -1.02773E+00  2.76324E+00  9.79000E-01  9.79000E-01
b   5    1  5   13  98  0.00000E+00  0.00000E+00  0.00000E+00  0.00000E+00  0.00000E+00  3.32120E-02  6.64240E-04
b   5    2  5   13  99  1.23819E-01  1.65731E+00 -2.28138E+01  8.63708E+01  2.00000E+01  3.98400E-02  3.98400E-02
b   5    5  5   13  99  1.05169E-01  1.27011E+00 -2.66976E+01  2.01403E+02  2.00000E+01  9.17600E-01  9.17600E-01
b   5   10  5   13  99  1.78006E-01  1.62244E+00 -2.32932E+01  2.53691E+02  2.00000E+01  1.05400E-01  1.05400E-01
b   5   11  5   13  99  3.00298E-01  5.73135E-01  1.65886E+00 -6.23209E-01  2.14509E+00  1.69600E-01  1.69600E-01
b   5   12  5   13  99  2.72543E-01  8.48577E-02  2.71311E+00 -1.52870E+00  3.37764E+00  1.15000E+00  1.15000E+00
b   5    1  5   14  98  0.00000E+00  0.00000E+00  0.00000E+00  0.00000E+00  0.00000E+00  4.38712E-02  8.77423E-04
b   5    2  5   14  99  1.30470E-01  1.74969E+00 -2.70759E+01  1.46075E+02  2.00000E+01  2.33800E-02  2.33800E-02
b   5    6  5   14  99  1.05169E-01  1.27011E+00 -2.66976E+01  2.01403E+02  2.00000E+01  9.17600E-01  9.17600E-01
b   5   10  5   14  99  1.78951E-01  1.77351E+00 -2.34011E+01  2.41433E+02  2.00000E+01  5.37200E-02  5.37200E-02
b   5   11  5   14  99  3.21188E-01  8.31592E-01  1.74376E+00 -6.39125E-01  2.17865E+00  6.40400E-02  6.40400E-02
b   5   12  5   14  99  2.93682E-01  6.29186E-01  2.24313E+00 -1.12913E+00  2.90096E+00  1.98800E-01  1.98800E-01
b   5   13  5   14  99  2.49168E-01  1.74828E-01  2.39107E+00 -1.36147E+00  3.38584E+00  1.37000E+00  1.37000E+00
b   5    1  5   15  98  0.00000E+00  0.00000E+00  0.00000E+00  0.00000E+00  0.00000E+00  5.61959E-02  1.12392E-03
b   5    2  5   15  99  1.40126E-01  1.82524E+00 -3.19422E+01  2.21944E+02  2.00000E+01  1.49660E-02  1.49660E-02
b   5    7  5   15  99  1.05169E-01  1.27011E+00 -2.66976E+01  2.01403E+02  2.00000E+01  9.17600E-01  9.17600E-01
b   5   10  5   15  99  1.81756E-01  1.86378E+00 -2.35038E+01  2.38637E+02  2.00000E+01  3.16400E-02  3.16400E-02
b   5   11  5   15  99  3.30741E-01  1.02268E+00  1.70620E+00 -6.03050E-01  2.11766E+00  3.22200E-02  3.22200E-02
b   5   12  5   15  99  3.14910E-01  9.66588E-01  2.33605E+00 -1.09421E+00  2.94546E+00  7.30200E-02  7.30200E-02
b   5   13  5   15  99  2.88550E-01  6.65541E-01  2.69632E+00 -1.48402E+00  3.53204E+00  2.28000E-01  2.28000E-01
b   5   14  5   15  99  2.35494E-01  2.28323E-01  2.31157E+00 -3.51763E-01  4.08930E+00  1.57400E+00  1.57400E+00
b   5    1  5   16  98  0.00000E+00  0.00000E+00  0.00000E+00  0.00000E+00  0.00000E+00  7.02117E-02  1.40423E-03
b   5    2  5   16  99  1.42921E-01  1.87089E+00 -3.40665E+01  2.51402E+02  2.00000E+01  1.01860E-02  1.01860E-02
b   5    8  5   16  99  1.05169E-01  1.27011E+00 -2.66976E+01  2.01403E+02  2.00000E+01  9.17600E-01  9.17600E-01
b   5   10  5   16  99  1.81125E-01  1.93426E+00 -2.33652E+01  2.29221E+02  2.00000E+01  2.04000E-02  2.04000E-02
b   5   11  5   16  99  3.37907E-01  1.15327E+00  1.72218E+00 -5.72631E-01  2.14128E+00  1.89100E-02  1.89100E-02
b   5   12  5   16  99  2.97065E-01  1.35191E+00  1.42589E+00 -4.94904E-01  2.13993E+00  3.62600E-02  3.62600E-02
b   5   13  5   16  99  2.91228E-01  1.14618E+00  2.10083E+00 -1.02181E+00  2.99644E+00  8.20600E-02  8.20600E-02
b   5   14  5   16  99  2.71146E-01  7.63079E-01  2.44416E+00 -1.35658E+00  3.52547E+00  2.55400E-01  2.55400E-01
b   5   15  5   16  99  2.23528E-01  2.78636E-01  2.12262E+00 -2.96148E-01  4.08620E+00  1.77400E+00  1.77400E+00
b   5    1  5   17  98  0.00000E+00  0.00000E+00  0.00000E+00  0.00000E+00  0.00000E+00  8.58931E-02  1.71786E-03
b   5    2  5   17  99  1.42562E-01  1.85856E+00 -3.27688E+01  2.33297E+02  2.00000E+01  7.25400E-03  7.25400E-03
b   5    9  5   17  99  1.05169E-01  1.27011E+00 -2.66976E+01  2.01403E+02  2.00000E+01  9.17600E-01  9.17600E-01
b   5   10  5   17  99  1.82713E-01  1.98126E+00 -2.34974E+01  2.29444E+02  2.00000E+01  1.40040E-02  1.40040E-02
b   5   11  5   17  99  3.42587E-01  1.25317E+00  1.72728E+00 -5.60754E-01  2.15490E+00  1.22000E-02  1.22000E-02
b   5   12  5   17  99  3.07006E-01  1.53473E+00  1.48629E+00 -5.08008E-01  2.19558E+00  2.11500E-02  2.11500E-02
b   5   13  5   17  99  3.03290E-01  1.45779E+00  2.12191E+00 -1.01956E+00  2.99942E+00  4.02900E-02  4.02900E-02
b   5   14  5   17  99  2.93178E-01  1.19658E+00  2.60629E+00 -1.45238E+00  3.60965E+00  9.05700E-02  9.05700E-02
b   5   15  5   17  99  2.61781E-01  8.16086E-01  2.46522E+00 -3.13714E-01  4.30696E+00  2.82600E-01  2.82600E-01
b   5   16  5   17  99  4.01569E-01  5.82165E-01  3.72282E+00 -5.50914E-01  4.08183E+00  1.05600E+00  1.05600E+00
b   5    1  5   18  99  4.09669E-01 -3.19240E-03 -2.93658E+00  2.16466E+01  3.86290E+00  3.66250E-01  3.66250E-01
b   5    1  5   19  99  3.93218E-01  9.65766E-02 -2.83460E+00  1.96334E+01  3.80979E+00  1.08320E-01  1.08320E-01
b   5    2  5   19  99  4.09669E-01 -3.19240E-03 -2.93658E+00  2.16466E+01  3.86290E+00  4.39500E-01  4.39500E-01
b   5   18  5   19  99  1.05169E-01  1.27011E+00 -2.66976E+01  2.01403E+02  2.00000E+01  1.83520E+00  1.83520E+00
b   5    1  5   20  99  3.90232E-01  1.35838E-01 -2.89469E+00  1.94300E+01  3.80738E+00  4.03600E-02  4.03600E-02
b   5    3  5   20  99  4.09669E-01 -3.19240E-03 -2.93658E+00  2.16466E+01  3.86290E+00  4.39500E-01  4.39500E-01
b   5   18  5   20  99  1.27074E-01  1.41757E+00 -2.83139E+01  2.29441E+02  2.00000E+01  4.29600E-01  4.29600E-01
b   5   19  5   20  99  2.70947E-01  3.25725E-02  1.61671E+00 -5.38477E-01  2.08305E+00  7.51000E-01  7.51000E-01
b   5    1  5   21  99  3.84135E-01  1.51556E-01 -2.87372E+00  1.90236E+01  3.80161E+00  1.95340E-02  1.95340E-02
b   5    4  5   21  99  4.09669E-01 -3.19240E-03 -2.93658E+00  2.16466E+01  3.86290E+00  4.39500E-01  4.39500E-01
b   5   18  5   21  99  1.02324E-01  1.32611E+00 -1.43611E+01  2.65270E+00  2.00000E+01  1.73160E-01  1.73160E-01
b   5   19  5   21  99  1.41665E-01  1.21720E+00 -1.88788E+01  2.07994E+02  2.00000E+01  1.50300E-01  1.50300E-01
b   5   20  5   21  99  2.60094E-01  6.82174E-02  2.10083E+00 -1.02773E+00  2.76324E+00  9.79000E-01  9.79000E-01
b   5    1  5   22  99  4.33235E-01  1.68151E-01 -3.29567E+00  2.16310E+01  3.80251E+00  9.98000E-03  9.98000E-03
b   5    5  5   22  99  4.09669E-01 -3.19240E-03 -2.93658E+00  2.16466E+01  3.86290E+00  4.39500E-01  4.39500E-01
b   5   18  5   22  99  1.23819E-01  1.65731E+00 -2.28138E+01  8.63708E+01  2.00000E+01  7.96800E-02  7.96800E-02
b   5   19  5   22  99  1.78006E-01  1.62244E+00 -2.32932E+01  2.53691E+02  2.00000E+01  5.27000E-02  5.27000E-02
b   5   20  5   22  99  3.00298E-01  5.73135E-01  1.65886E+00 -6.23209E-01  2.14509E+00  1.69600E-01  1.69600E-01
b   5   21  5   22  99  2.72543E-01  8.48577E-02  2.71311E+00 -1.52870E+00  3.37764E+00  1.15000E+00  1.15000E+00
b   5    1  5   23  99  4.29341E-01  1.72484E-01 -3.26807E+00  2.13712E+01  3.79976E+00  6.16400E-03  6.16400E-03
b   5    6  5   23  99  4.09669E-01 -3.19240E-03 -2.93658E+00  2.16466E+01  3.86290E+00  4.39500E-01  4.39500E-01
b   5   18  5   23  99  1.30470E-01  1.74969E+00 -2.70759E+01  1.46075E+02  2.00000E+01  4.67600E-02  4.67600E-02
b   5   19  5   23  99  1.78951E-01  1.77351E+00 -2.34011E+01  2.41433E+02  2.00000E+01  2.68600E-02  2.68600E-02
b   5   20  5   23  99  3.21188E-01  8.31592E-01  1.74376E+00 -6.39125E-01  2.17865E+00  6.40400E-02  6.40400E-02
b   5   21  5   23  99  2.93682E-01  6.29186E-01  2.24313E+00 -1.12913E+00  2.90096E+00  1.98800E-01  1.98800E-01
b   5   22  5   23  99  2.49168E-01  1.74828E-01  2.39107E+00 -1.36147E+00  3.38584E+00  1.37000E+00  1.37000E+00
b   5    1  5   24  99  4.29447E-01  1.70265E-01 -3.28050E+00  2.15278E+01  3.80982E+00  4.07200E-03  4.07200E-03
b   5    7  5   24  99  4.09669E-01 -3.19240E-03 -2.93658E+00  2.16466E+01  3.86290E+00  4.39500E-01  4.39500E-01
b   5   18  5   24  99  1.40126E-01  1.82524E+00 -3.19422E+01  2.21944E+02  2.00000E+01  2.99320E-02  2.99320E-02
b   5   19  5   24  99  1.81756E-01  1.86378E+00 -2.35038E+01  2.38637E+02  2.00000E+01  1.58200E-02  1.58200E-02
b   5   20  5   24  99  3.30741E-01  1.02268E+00  1.70620E+00 -6.03050E-01  2.11766E+00  3.22200E-02  3.22200E-02
b   5   21  5   24  99  3.14910E-01  9.66588E-01  2.33605E+00 -1.09421E+00  2.94546E+00  7.30200E-02  7.30200E-02
b   5   22  5   24  99  2.88550E-01  6.65541E-01  2.69632E+00 -1.48402E+00  3.53204E+00  2.28000E-01  2.28000E-01
b   5   23  5   24  99  2.35494E-01  2.28323E-01  2.31157E+00 -3.51763E-01  4.08930E+00  1.57400E+00  1.57400E+00
b   5    1  5   25  99  4.24671E-01  1.78274E-01 -3.25142E+00  2.11315E+01  3.79868E+00  2.83000E-03  2.83000E-03
b   5    8  5   25  99  4.09669E-01 -3.19240E-03 -2.93658E+00  2.16466E+01  3.86290E+00  4.39500E-01  4.39500E-01
b   5   18  5   25  99  1.42921E-01  1.87089E+00 -3.40665E+01  2.51402E+02  2.00000E+01  2.03720E-02  2.03720E-02
b   5   19  5   25  99  1.81125E-01  1.93426E+00 -2.33652E+01  2.29221E+02  2.00000E+01  1.02000E-02  1.02000E-02
b   5   20  5   25  99  3.37907E-01  1.15327E+00  1.72218E+00 -5.72631E-01  2.14128E+00  1.89100E-02  1.89100E-02
b   5   21  5   25  99  2.97065E-01  1.35191E+00  1.42589E+00 -4.94904E-01  2.13993E+00  3.62600E-02  3.62600E-02
b   5   22  5   25  99  2.91228E-01  1.14618E+00  2.10083E+00 -1.02181E+00  2.99644E+00  8.20600E-02  8.20600E-02
b   5   23  5   25  99  2.71146E-01  7.63079E-01  2.44416E+00 -1.35658E+00  3.52547E+00  2.55400E-01  2.55400E-01
b   5   24  5   25  99  2.23528E-01  2.78636E-01  2.12262E+00 -2.96148E-01  4.08620E+00  1.77400E+00  1.77400E+00
b   5    1  5   26  99  4.26562E-01  1.72043E-01 -3.25494E+00  2.13391E+01  3.80882E+00  2.04400E-03  2.04400E-03
b   5    9  5   26  99  4.09669E-01 -3.19240E-03 -2.93658E+00  2.16466E+01  3.86290E+00  4.39500E-01  4.39500E-01
b   5   18  5   26  99  1.42562E-01  1.85856E+00 -3.27688E+01  2.33297E+02  2.00000E+01  1.45080E-02  1.45080E-02
b   5   19  5   26  99  1.82713E-01  1.98126E+00 -2.34974E+01  2.29444E+02  2.00000E+01  7.00200E-03  7.00200E-03
b   5   20  5   26  99  3.42587E-01  1.25317E+00  1.72728E+00 -5.60754E-01  2.15490E+00  1.22000E-02  1.22000E-02
b   5   21  5   26  99  3.07006E-01  1.53473E+00  1.48629E+00 -5.08008E-01  2.19558E+00  2.11500E-02  2.11500E-02
b   5   22  5   26  99  3.03290E-01  1.45779E+00  2.12191E+00 -1.01956E+00  2.99942E+00  4.02900E-02  4.02900E-02
b   5   23  5   26  99  2.93178E-01  1.19658E+00  2.60629E+00 -1.45238E+00  3.60965E+00  9.05700E-02  9.05700E-02
b   5   24  5   26  99  2.61781E-01  8.16086E-01  2.46522E+00 -3.13714E-01  4.30696E+00  2.82600E-01  2.82600E-01
b   5   25  5   26  99  4.01569E-01  5.82165E-01  3.72282E+00 -5.50914E-01  4.08183E+00  1.05600E+00  1.05600E+00
f   5    1  4    1  99  3.00000E+00  1.05202E+01
p   5    1  4    1  98  1.39590E+00 -2.55450E+00 -9.76500E-02  7.51580E-03  3.00000E+00  3.45000E+02  3.58800E+02  6.89900E+03
f   5    2  4    1  99  1.00000E+00  9.22400E+00
p   5    2  4    1  99  1.00000E+00  9.22400E+00
f   5    3  4    1  99  1.00000E+00  9.06480E+00
p   5    3  4    1  99  1.00000E+00  9.06480E+00
f   5    4  4    1  99  1.00000E+00  9.01020E+00
p   5    4  4    1  99  1.00000E+00  9.01020E+00
f   5    5  4    1  99  1.00000E+00  9.03000E+00
p   5    5  4    1  99  1.00000E+00  9.03000E+00
f   5    6  4    1  99  1.00000E+00  9.02200E+00
p   5    6  4    1  99  1.00000E+00  9.02200E+00
f   5    7  4    1  99  1.00000E+00  9.00220E+00
p   5    7  4    1  99  1.00000E+00  9.00220E+00
f   5    8  4    1  99  1.00000E+00  9.00220E+00
p   5    8  4    1  99  1.00000E+00  9.00220E+00
f   5    9  4    1  99  1.00000E+00  9.00040E+00
p   5    9  4    1  99  1.00000E+00  9.00040E+00
f   5    2  4    2  99  2.00000E+00  9.22400E+00
p   5    2  4    2  98  1.39590E+00 -2.55450E+00 -9.76500E-02  7.51580E-03  3.00000E+00  3.45000E+02  3.58800E+02  6.89900E+03
f   5   10  4    2  99  2.00000E+00  9.78800E+00
p   5   10  4    2  99  2.00000E+00  9.78800E+00
f   5   11  4    2  99  1.00000E+00  9.12150E+00
p   5   11  4    2  99  1.00000E+00  9.12150E+00
f   5   12  4    2  99  1.00000E+00  9.02850E+00
p   5   12  4    2  99  1.00000E+00  9.02850E+00
f   5   13  4    2  99  1.00000E+00  9.03600E+00
p   5   13  4    2  99  1.00000E+00  9.03600E+00
f   5   14  4    2  99  1.00000E+00  9.02600E+00
p   5   14  4    2  99  1.00000E+00  9.02600E+00
f   5   15  4    2  99  1.00000E+00  9.01120E+00
p   5   15  4    2  99  1.00000E+00  9.01120E+00
f   5   16  4    2  99  1.00000E+00  9.00920E+00
p   5   16  4    2  99  1.00000E+00  9.00920E+00
f   5   17  4    2  99  1.00000E+00  9.00040E+00
p   5   17  4    2  99  1.00000E+00  9.00040E+00
f   5    3  4    3  99  2.00000E+00  9.06480E+00
p   5    3  4    3  98  1.39590E+00 -2.55450E+00 -9.76500E-02  7.51580E-03  3.00000E+00  3.45000E+02  3.58800E+02  6.89900E+03
f   5   11  4    3  99  1.00000E+00  9.12150E+00
p   5   11  4    3  99  1.00000E+00  9.12150E+00
f   5    4  4    4  99  2.00000E+00  9.01020E+00
p   5    4  4    4  98  1.39590E+00 -2.55450E+00 -9.76500E-02  7.51580E-03  3.00000E+00  3.45000E+02  3.58800E+02  6.89900E+03
f   5   12  4    4  99  1.00000E+00  9.02850E+00
p   5   12  4    4  99  1.00000E+00  9.02850E+00
f   5    5  4    5  99  2.00000E+00  9.03000E+00
p   5    5  4    5  98  1.39590E+00 -2.55450E+00 -9.76500E-02  7.51580E-03  3.00000E+00  3.45000E+02  3.58800E+02  6.89900E+03
f   5   13  4    5  99  1.00000E+00  9.03600E+00
p   5   13  4    5  99  1.00000E+00  9.03600E+00
f   5    6  4    6  99  2.00000E+00  9.02200E+00
p   5    6  4    6  98  1.39590E+00 -2.55450E+00 -9.76500E-02  7.51580E-03  3.00000E+00  3.45000E+02  3.58800E+02  6.89900E+03
f   5   14  4    6  99  1.00000E+00  9.02600E+00
p   5   14  4    6  99  1.00000E+00  9.02600E+00
f   5    7  4    7  99  2.00000E+00  9.00220E+00
p   5    7  4    7  98  1.39590E+00 -2.55450E+00 -9.76500E-02  7.51580E-03  3.00000E+00  3.45000E+02  3.58800E+02  6.89900E+03
f   5   15  4    7  99  1.00000E+00  9.01120E+00
p   5   15  4    7  99  1.00000E+00  9.01120E+00
f   5    8  4    8  99  2.00000E+00  9.00220E+00
p   5    8  4    8  98  1.39590E+00 -2.55450E+00 -9.76500E-02  7.51580E-03  3.00000E+00  3.45000E+02  3.58800E+02  6.89900E+03
f   5   16  4    8  99  1.00000E+00  9.00920E+00
p   5   16  4    8  99  1.00000E+00  9.00920E+00
f   5    9  4    9  99  2.00000E+00  9.00040E+00
p   5    9  4    9  98  1.39590E+00 -2.55450E+00 -9.76500E-02  7.51580E-03  3.00000E+00  3.45000E+02  3.58800E+02  6.89900E+03
f   5   17  4    9  99  1.00000E+00  9.00040E+00
p   5   17  4    9  99  1.00000E+00  9.00040E+00
f   5   10  4   10  99  1.00000E+00  9.78800E+00
p   5   10  4   10  98  1.39590E+00 -2.55450E+00 -9.76500E-02  7.51580E-03  3.00000E+00  3.45000E+02  3.58800E+02  6.89900E+03
f   5   11  4   11  99  1.00000E+00  9.12150E+00
p   5   11  4   11  98  1.39590E+00 -2.55450E+00 -9.76500E-02  7.51580E-03  3.00000E+00  3.45000E+02  3.58800E+02  6.89900E+03
f   5   12  4   12  99  1.00000E+00  9.02850E+00
p   5   12  4   12  98  1.39590E+00 -2.55450E+00 -9.76500E-02  7.51580E-03  3.00000E+00  3.45000E+02  3.58800E+02  6.89900E+03
f   5   13  4   13  99  1.00000E+00  9.03600E+00
p   5   13  4   13  98  1.39590E+00 -2.55450E+00 -9.76500E-02  7.51580E-03  3.00000E+00  3.45000E+02  3.58800E+02  6.89900E+03
f   5   14  4   14  99  1.00000E+00  9.02600E+00
p   5   14  4   14  98  1.39590E+00 -2.55450E+00 -9.76500E-02  7.51580E-03  3.00000E+00  3.45000E+02  3.58800E+02  6.89900E+03
f   5   15  4   15  99  1.00000E+00  9.01120E+00
p   5   15  4   15  98  1.39590E+00 -2.55450E+00 -9.76500E-02  7.51580E-03  3.00000E+00  3.45000E+02  3.58800E+02  6.89900E+03
f   5   16  4   16  99  1.00000E+00  9.00920E+00
p   5   16  4   16  98  1.39590E+00 -2.55450E+00 -9.76500E-02  7.51580E-03  3.00000E+00  3.45000E+02  3.58800E+02  6.89900E+03
f   5   17  4   17  99  1.00000E+00  9.00040E+00
p   5   17  4   17  98  1.39590E+00 -2.55450E+00 -9.76500E-02  7.51580E-03  3.00000E+00  3.45000E+02  3.58800E+02  6.89900E+03
f   5    1  4   18  99  2.00000E+00  1.05202E+01
p   5    1  4   18  98  2.06010E+00 -2.50200E+00 -1.89490E-01  1.77380E-02  2.00000E+00  1.85100E+03  1.92500E+03  3.70100E+04
f   5   18  4   18  99  4.00000E+00  1.11563E+01
p   5   18  4   18  98  1.39590E+00 -2.55450E+00 -9.76500E-02  7.51580E-03  3.00000E+00  3.45000E+02  3.58800E+02  6.89900E+03
f   5   19  4   18  99  1.00000E+00  9.30400E+00
p   5   19  4   18  99  1.00000E+00  9.30400E+00
f   5   20  4   18  99  1.00000E+00  9.08800E+00
p   5   20  4   18  99  1.00000E+00  9.08800E+00
f   5   21  4   18  99  1.00000E+00  9.00930E+00
p   5   21  4   18  99  1.00000E+00  9.00930E+00
f   5   22  4   18  99  1.00000E+00  9.03900E+00
p   5   22  4   18  99  1.00000E+00  9.03900E+00
f   5   23  4   18  99  1.00000E+00  9.03100E+00
p   5   23  4   18  99  1.00000E+00  9.03100E+00
f   5   24  4   18  99  1.00000E+00  9.00310E+00
p   5   24  4   18  99  1.00000E+00  9.00310E+00
f   5   25  4   18  99  1.00000E+00  9.00310E+00
p   5   25  4   18  99  1.00000E+00  9.00310E+00
f   5   26  4   18  99  1.00000E+00  9.00040E+00
p   5   26  4   18  99  1.00000E+00  9.00040E+00
f   5    2  4   19  99  2.00000E+00  9.22400E+00
p   5    2  4   19  98  2.06010E+00 -2.50200E+00 -1.89490E-01  1.77380E-02  2.00000E+00  1.85100E+03  1.92500E+03  3.70100E+04
f   5   19  4   19  99  3.00000E+00  9.30400E+00
p   5   19  4   19  98  1.39590E+00 -2.55450E+00 -9.76500E-02  7.51580E-03  3.00000E+00  3.45000E+02  3.58800E+02  6.89900E+03
f   5    3  4   20  99  2.00000E+00  9.06480E+00
p   5    3  4   20  98  2.06010E+00 -2.50200E+00 -1.89490E-01  1.77380E-02  2.00000E+00  1.85100E+03  1.92500E+03  3.70100E+04
f   5   20  4   20  99  3.00000E+00  9.08800E+00
p   5   20  4   20  98  1.39590E+00 -2.55450E+00 -9.76500E-02  7.51580E-03  3.00000E+00  3.45000E+02  3.58800E+02  6.89900E+03
f   5    4  4   21  99  2.00000E+00  9.01020E+00
p   5    4  4   21  98  2.06010E+00 -2.50200E+00 -1.89490E-01  1.77380E-02  2.00000E+00  1.85100E+03  1.92500E+03  3.70100E+04
f   5   21  4   21  99  3.00000E+00  9.00930E+00
p   5   21  4   21  98  1.39590E+00 -2.55450E+00 -9.76500E-02  7.51580E-03  3.00000E+00  3.45000E+02  3.58800E+02  6.89900E+03
f   5    5  4   22  99  2.00000E+00  9.03000E+00
p   5    5  4   22  98  2.06010E+00 -2.50200E+00 -1.89490E-01  1.77380E-02  2.00000E+00  1.85100E+03  1.92500E+03  3.70100E+04
f   5   22  4   22  99  3.00000E+00  9.03900E+00
p   5   22  4   22  98  1.39590E+00 -2.55450E+00 -9.76500E-02  7.51580E-03  3.00000E+00  3.45000E+02  3.58800E+02  6.89900E+03
f   5    6  4   23  99  2.00000E+00  9.02200E+00
p   5    6  4   23  98  2.06010E+00 -2.50200E+00 -1.89490E-01  1.77380E-02  2.00000E+00  1.85100E+03  1.92500E+03  3.70100E+04
f   5   23  4   23  99  3.00000E+00  9.03100E+00
p   5   23  4   23  98  1.39590E+00 -2.55450E+00 -9.76500E-02  7.51580E-03  3.00000E+00  3.45000E+02  3.58800E+02  6.89900E+03
f   5    7  4   24  99  2.00000E+00  9.00220E+00
p   5    7  4   24  98  2.06010E+00 -2.50200E+00 -1.89490E-01  1.77380E-02  2.00000E+00  1.85100E+03  1.92500E+03  3.70100E+04
f   5   24  4   24  99  3.00000E+00  9.00310E+00
p   5   24  4   24  98  1.39590E+00 -2.55450E+00 -9.76500E-02  7.51580E-03  3.00000E+00  3.45000E+02  3.58800E+02  6.89900E+03
f   5    8  4   25  99  2.00000E+00  9.00220E+00
p   5    8  4   25  98  2.06010E+00 -2.50200E+00 -1.89490E-01  1.77380E-02  2.00000E+00  1.85100E+03  1.92500E+03  3.70100E+04
f   5   25  4   25  99  3.00000E+00  9.00310E+00
p   5   25  4   25  98  1.39590E+00 -2.55450E+00 -9.76500E-02  7.51580E-03  3.00000E+00  3.45000E+02  3.58800E+02  6.89900E+03
f   5    9  4   26  99  2.00000E+00  9.00040E+00
p   5    9  4   26  98  2.06010E+00 -2.50200E+00 -1.89490E-01  1.77380E-02  2.00000E+00  1.85100E+03  1.92500E+03  3.70100E+04
f   5   26  4   26  99  3.00000E+00  9.00040E+00
p   5   26  4   26  98  1.39590E+00 -2.55450E+00 -9.76500E-02  7.51580E-03  3.00000E+00  3.45000E+02  3.58800E+02  6.89900E+03
a   5   10  4    1   1.66960E+14
a   5   11  4    1   3.35055E+13
a   5   12  4    1   1.08452E+13
a   5   13  4    1   4.37456E+12
a   5   14  4    1   2.02390E+12
a   5   15  4    1   1.03808E+12
a   5   16  4    1   5.76056E+11
a   5   17  4    1   3.40148E+11
a   5   18  4    1   1.96014E+14
a   5   19  4    1   8.46480E+12
a   5   20  4    1   1.90395E+12
a   5   21  4    1   6.09090E+11
a   5   22  4    1   2.41215E+11
a   5   23  4    1   1.11600E+11
a   5   24  4    1   5.72400E+10
a   5   25  4    1   3.17640E+10
a   5   26  4    1   1.87560E+10
a   5   19  4    2   9.80070E+13
a   5   20  4    3   9.80070E+13
a   5   21  4    4   9.80070E+13
a   5   22  4    5   9.80070E+13
a   5   23  4    6   9.80070E+13
a   5   24  4    7   9.80070E+13
a   5   25  4    8   9.80070E+13
a   5   26  4    9   9.80070E+13
b   6    1  6    2  99  1.04808E-01  1.24360E+00 -2.53389E+01  1.90253E+02  2.00000E+01  1.62040E+00  1.62040E+00
b   6    1  6    3  99  1.17503E-01  1.36289E+00 -2.58800E+01  1.93995E+02  2.00000E+01  4.14400E-01  4.14400E-01
b   6    2  6    3  99  2.55384E-01  8.00164E-02  1.51736E+00 -5.68066E-01  2.08529E+00  7.15100E-01  7.15100E-01
b   6    1  6    4  99  1.29604E-01  1.36256E+00 -2.72123E+01  2.38222E+02  2.00000E+01  1.71840E-01  1.71840E-01
b   6    2  6    4  99  3.05051E-01  2.97354E-01  1.67911E+00 -5.22861E-01  2.07525E+00  1.47500E-01  1.47500E-01
b   6    3  6    4  99  2.48153E-01  1.15522E-01  1.97473E+00 -9.82823E-01  2.78317E+00  9.57700E-01  9.57700E-01
b   6    1  6    5  99  1.10180E-01  1.42494E+00 -1.20524E+01 -5.39056E+01  2.00000E+01  7.82800E-02  7.82800E-02
b   6    2  6    5  99  1.79547E-01  1.60833E+00 -2.24747E+01  2.50097E+02  2.00000E+01  5.14700E-02  5.14700E-02
b   6    3  6    5  99  2.87558E-01  6.36377E-01  1.51112E+00 -5.41929E-01  2.11524E+00  1.65700E-01  1.65700E-01
b   6    4  6    5  99  2.62823E-01  1.38051E-01  2.55871E+00 -1.44411E+00  3.38702E+00  1.13300E+00  1.13300E+00
b   6    1  6    6  99  1.15063E-01  1.48148E+00 -1.47359E+01 -1.46519E+01  2.00000E+01  4.62800E-02  4.62800E-02
b   6    2  6    6  99  1.90824E-01  1.71060E+00 -2.31091E+01  2.66647E+02  2.00000E+01  2.64500E-02  2.64500E-02
b   6    3  6    6  99  3.08997E-01  8.86058E-01  1.64338E+00 -6.07763E-01  2.18279E+00  6.29700E-02  6.29700E-02
b   6    4  6    6  99  2.84851E-01  6.80782E-01  2.14036E+00 -1.03074E+00  2.93574E+00  1.95700E-01  1.95700E-01
b   6    5  6    6  99  2.44477E-01  2.05537E-01  2.44501E+00 -4.48887E-01  4.08699E+00  1.36000E+00  1.36000E+00
b   6    1  6    7  99  1.17921E-01  1.53187E+00 -1.71319E+01  1.85706E+01  2.00000E+01  2.97640E-02  2.97640E-02
b   6    2  6    7  99  1.92665E-01  1.79633E+00 -2.30604E+01  2.60087E+02  2.00000E+01  1.56500E-02  1.56500E-02
b   6    3  6    7  99  3.19508E-01  1.06402E+00  1.67369E+00 -6.49593E-01  2.16410E+00  3.18200E-02  3.18200E-02
b   6    4  6    7  99  3.04064E-01  1.02330E+00  2.24008E+00 -1.12309E+00  2.96548E+00  7.20200E-02  7.20200E-02
b   6    5  6    7  99  2.78889E-01  7.20896E-01  2.54880E+00 -1.40549E+00  3.54206E+00  2.25700E-01  2.25700E-01
b   6    6  6    7  99  2.28888E-01  2.71434E-01  2.18922E+00 -3.02376E-01  4.09794E+00  1.56700E+00  1.56700E+00
b   6    1  6    8  99  1.20487E-01  1.56141E+00 -1.86201E+01  4.03003E+01  2.00000E+01  2.03200E-02  2.03200E-02
b   6    2  6    8  99  1.95281E-01  1.85216E+00 -2.32067E+01  2.61290E+02  2.00000E+01  1.01200E-02  1.01200E-02
b   6    3  6    8  99  3.25945E-01  1.19291E+00  1.67183E+00 -6.45149E-01  2.14065E+00  1.87300E-02  1.87300E-02
b   6    4  6    8  99  3.16554E-01  1.27108E+00  2.28866E+00 -1.11308E+00  2.98505E+00  3.58300E-02  3.58300E-02
b   6    5  6    8  99  2.98963E-01  1.11805E+00  2.67511E+00 -1.48134E+00  3.59054E+00  8.12400E-02  8.12400E-02
b   6    6  6    8  99  2.63502E-01  8.10514E-01  2.33069E+00 -1.27847E+00  3.55333E+00  2.53700E-01  2.53700E-01
b   6    7  6    8  99  2.17895E-01  3.18139E-01  2.01456E+00 -2.90752E-01  4.07011E+00  1.76900E+00  1.76900E+00
b   6    1  6    9  99  1.19621E-01  1.54960E+00 -1.74072E+01  2.26167E+01  2.00000E+01  1.44960E-02  1.44960E-02
b   6    2  6    9  99  1.95935E-01  1.89751E+00 -2.32179E+01  2.58318E+02  2.00000E+01  6.96300E-03  6.96300E-03
b   6    3  6    9  99  3.31399E-01  1.28491E+00  1.69814E+00 -6.16616E-01  2.18322E+00  1.21100E-02  1.21100E-02
b   6    4  6    9  99  3.25056E-01  1.45676E+00  2.32883E+00 -1.09719E+00  3.01641E+00  2.09300E-02  2.09300E-02
b   6    5  6    9  99  2.93209E-01  1.51380E+00  1.96982E+00 -9.33767E-01  2.94095E+00  3.99200E-02  3.99200E-02
b   6    6  6    9  99  2.83975E-01  1.25093E+00  2.44669E+00 -1.38416E+00  3.57259E+00  8.99000E-02  8.99000E-02
b   6    7  6    9  99  2.54632E-01  8.61018E-01  2.33131E+00 -2.39546E-01  4.30648E+00  2.81200E-01  2.81200E-01
b   6    8  6    9  99  3.73634E-01  6.21329E-01  3.33442E+00 -5.07547E-01  4.03060E+00  1.10600E+00  1.10600E+00
b   6    1  6   10  98  0.00000E+00  0.00000E+00  0.00000E+00  0.00000E+00  0.00000E+00  2.23194E-02  4.46387E-04
b   6    2  6   10  99  1.04808E-01  1.24360E+00 -2.53389E+01  1.90253E+02  2.00000E+01  1.14778E+00  1.14778E+00
b   6    1  6   11  98  0.00000E+00  0.00000E+00  0.00000E+00  0.00000E+00  0.00000E+00  3.41476E-02  6.82952E-04
b   6    2  6   11  99  1.17503E-01  1.36289E+00 -2.58800E+01  1.93995E+02  2.00000E+01  3.10800E-01  3.10800E-01
b   6    3  6   11  99  1.04808E-01  1.24360E+00 -2.53389E+01  1.90253E+02  2.00000E+01  1.21530E+00  1.21530E+00
b   6   10  6   11  99  2.55384E-01  8.00164E-02  1.51736E+00 -5.68066E-01  2.08529E+00  1.43020E+00  1.43020E+00
b   6    1  6   12  98  0.00000E+00  0.00000E+00  0.00000E+00  0.00000E+00  0.00000E+00  4.87277E-02  9.74553E-04
b   6    2  6   12  99  1.29604E-01  1.36256E+00 -2.72123E+01  2.38222E+02  2.00000E+01  1.28880E-01  1.28880E-01
b   6    4  6   12  99  1.04808E-01  1.24360E+00 -2.53389E+01  1.90253E+02  2.00000E+01  1.21530E+00  1.21530E+00
b   6   10  6   12  99  3.05051E-01  2.97354E-01  1.67911E+00 -5.22861E-01  2.07525E+00  2.95000E-01  2.95000E-01
b   6   11  6   12  99  2.48153E-01  1.15522E-01  1.97473E+00 -9.82823E-01  2.78317E+00  9.57700E-01  9.57700E-01
b   6    1  6   13  98  0.00000E+00  0.00000E+00  0.00000E+00  0.00000E+00  0.00000E+00  6.70652E-02  1.34130E-03
b   6    2  6   13  99  1.10180E-01  1.42494E+00 -1.20524E+01 -5.39056E+01  2.00000E+01  5.87100E-02  5.87100E-02
b   6    5  6   13  99  1.04808E-01  1.24360E+00 -2.53389E+01  1.90253E+02  2.00000E+01  1.21530E+00  1.21530E+00
b   6   10  6   13  99  1.79547E-01  1.60833E+00 -2.24747E+01  2.50097E+02  2.00000E+01  1.02940E-01  1.02940E-01
b   6   11  6   13  99  2.87558E-01  6.36377E-01  1.51112E+00 -5.41929E-01  2.11524E+00  1.65700E-01  1.65700E-01
b   6   12  6   13  99  2.62823E-01  1.38051E-01  2.55871E+00 -1.44411E+00  3.38702E+00  1.13300E+00  1.13300E+00
b   6    1  6   14  98  0.00000E+00  0.00000E+00  0.00000E+00  0.00000E+00  0.00000E+00  8.87693E-02  1.77539E-03
b   6    2  6   14  99  1.15063E-01  1.48148E+00 -1.47359E+01 -1.46519E+01  2.00000E+01  3.47100E-02  3.47100E-02
b   6    6  6   14  99  1.04808E-01  1.24360E+00 -2.53389E+01  1.90253E+02  2.00000E+01  1.21530E+00  1.21530E+00
b   6   10  6   14  99  1.90824E-01  1.71060E+00 -2.31091E+01  2.66647E+02  2.00000E+01  5.29000E-02  5.29000E-02
b   6   11  6   14  99  3.08997E-01  8.86058E-01  1.64338E+00 -6.07763E-01  2.18279E+00  6.29700E-02  6.29700E-02
b   6   12  6   14  99  2.84851E-01  6.80782E-01  2.14036E+00 -1.03074E+00  2.93574E+00  1.95700E-01  1.95700E-01
b   6   13  6   14  99  2.44477E-01  2.05537E-01  2.44501E+00 -4.48887E-01  4.08699E+00  1.36000E+00  1.36000E+00
b   6    1  6   15  98  0.00000E+00  0.00000E+00  0.00000E+00  0.00000E+00  0.00000E+00  1.13841E-01  2.27681E-03
b   6    2  6   15  99  1.17921E-01  1.53187E+00 -1.71319E+01  1.85706E+01  2.00000E+01  2.23230E-02  2.23230E-02
b   6    7  6   15  99  1.04808E-01  1.24360E+00 -2.53389E+01  1.90253E+02  2.00000E+01  1.21530E+00  1.21530E+00
b   6   10  6   15  99  1.92665E-01  1.79633E+00 -2.30604E+01  2.60087E+02  2.00000E+01  3.13000E-02  3.13000E-02
b   6   11  6   15  99  3.19508E-01  1.06402E+00  1.67369E+00 -6.49593E-01  2.16410E+00  3.18200E-02  3.18200E-02
b   6   12  6   15  99  3.04064E-01  1.02330E+00  2.24008E+00 -1.12309E+00  2.96548E+00  7.20200E-02  7.20200E-02
b   6   13  6   15  99  2.78889E-01  7.20896E-01  2.54880E+00 -1.40549E+00  3.54206E+00  2.25700E-01  2.25700E-01
b   6   14  6   15  99  2.28888E-01  2.71434E-01  2.18922E+00 -3.02376E-01  4.09794E+00  1.56700E+00  1.56700E+00
b   6    1  6   16  98  0.00000E+00  0.00000E+00  0.00000E+00  0.00000E+00  0.00000E+00  1.42366E-01  2.84731E-03
b   6    2  6   16  99  1.20487E-01  1.56141E+00 -1.86201E+01  4.03003E+01  2.00000E+01  1.52400E-02  1.52400E-02
b   6    8  6   16  99  1.04808E-01  1.24360E+00 -2.53389E+01  1.90253E+02  2.00000E+01  1.21530E+00  1.21530E+00
b   6   10  6   16  99  1.95281E-01  1.85216E+00 -2.32067E+01  2.61290E+02  2.00000E+01  2.02400E-02  2.02400E-02
b   6   11  6   16  99  3.25945E-01  1.19291E+00  1.67183E+00 -6.45149E-01  2.14065E+00  1.87300E-02  1.87300E-02
b   6   12  6   16  99  3.16554E-01  1.27108E+00  2.28866E+00 -1.11308E+00  2.98505E+00  3.58300E-02  3.58300E-02
b   6   13  6   16  99  2.98963E-01  1.11805E+00  2.67511E+00 -1.48134E+00  3.59054E+00  8.12400E-02  8.12400E-02
b   6   14  6   16  99  2.63502E-01  8.10514E-01  2.33069E+00 -1.27847E+00  3.55333E+00  2.53700E-01  2.53700E-01
b   6   15  6   16  99  2.17895E-01  3.18139E-01  2.01456E+00 -2.90752E-01  4.07011E+00  1.76900E+00  1.76900E+00
b   6    1  6   17  98  0.00000E+00  0.00000E+00  0.00000E+00  0.00000E+00  0.00000E+00  1.74276E-01  3.48551E-03
b   6    2  6   17  99  1.19621E-01  1.54960E+00 -1.74072E+01  2.26167E+01  2.00000E+01  1.08720E-02  1.08720E-02
b   6    9  6   17  99  1.04808E-01  1.24360E+00 -2.53389E+01  1.90253E+02  2.00000E+01  1.21530E+00  1.21530E+00
b   6   10  6   17  99  1.95935E-01  1.89751E+00 -2.32179E+01  2.58318E+02  2.00000E+01  1.39260E-02  1.39260E-02
b   6   11  6   17  99  3.31399E-01  1.28491E+00  1.69814E+00 -6.16616E-01  2.18322E+00  1.21100E-02  1.21100E-02
b   6   12  6   17  99  3.25056E-01  1.45676E+00  2.32883E+00 -1.09719E+00  3.01641E+00  2.09300E-02  2.09300E-02
b   6   13  6   17  99  2.93209E-01  1.51380E+00  1.96982E+00 -9.33767E-01  2.94095E+00  3.99200E-02  3.99200E-02
b   6   14  6   17  99  2.83975E-01  1.25093E+00  2.44669E+00 -1.38416E+00  3.57259E+00  8.99000E-02  8.99000E-02
b   6   15  6   17  99  2.54632E-01  8.61018E-01  2.33131E+00 -2.39546E-01  4.30648E+00  2.81200E-01  2.81200E-01
b   6   16  6   17  99  3.73634E-01  6.21329E-01  3.33442E+00 -5.07547E-01  4.03060E+00  1.10600E+00  1.10600E+00
b   6    1  6   18  99  4.02247E-01 -1.44622E-02 -2.84199E+00  2.12083E+01  3.85981E+00  2.79700E-01  2.79700E-01
b   6    1  6   19  99  3.95740E-01  8.32765E-02 -2.85351E+00  1.99349E+01  3.81717E+00  9.52400E-02  9.52400E-02
b   6    2  6   19  99  4.02247E-01 -1.44622E-02 -2.84199E+00  2.12083E+01  3.85981E+00  3.49625E-01  3.49625E-01
b   6   18  6   19  99  1.04808E-01  1.24360E+00 -2.53389E+01  1.90253E+02  2.00000E+01  2.02550E+00  2.02550E+00
b   6    1  6   20  99  3.93086E-01  1.16195E-01 -2.90121E+00  1.97474E+01  3.81674E+00  3.53000E-02  3.53000E-02
b   6    3  6   20  99  4.02247E-01 -1.44622E-02 -2.84199E+00  2.12083E+01  3.85981E+00  3.49625E-01  3.49625E-01
b   6   18  6   20  99  1.17503E-01  1.36289E+00 -2.58800E+01  1.93995E+02  2.00000E+01  5.18000E-01  5.18000E-01
b   6   19  6   20  99  2.55384E-01  8.00164E-02  1.51736E+00 -5.68066E-01  2.08529E+00  7.15100E-01  7.15100E-01
b   6    1  6   21  99  3.88303E-01  1.22092E-01 -2.82642E+00  1.92088E+01  3.80059E+00  1.70300E-02  1.70300E-02
b   6    4  6   21  99  4.02247E-01 -1.44622E-02 -2.84199E+00  2.12083E+01  3.85981E+00  3.49625E-01  3.49625E-01
b   6   18  6   21  99  1.29604E-01  1.36256E+00 -2.72123E+01  2.38222E+02  2.00000E+01  2.14800E-01  2.14800E-01
b   6   19  6   21  99  3.05051E-01  2.97354E-01  1.67911E+00 -5.22861E-01  2.07525E+00  1.47500E-01  1.47500E-01
b   6   20  6   21  99  2.48153E-01  1.15522E-01  1.97473E+00 -9.82823E-01  2.78317E+00  9.57700E-01  9.57700E-01
b   6    1  6   22  99  4.33864E-01  1.42089E-01 -3.27229E+00  2.18137E+01  3.80796E+00  8.67800E-03  8.67800E-03
b   6    5  6   22  99  4.02247E-01 -1.44622E-02 -2.84199E+00  2.12083E+01  3.85981E+00  3.49625E-01  3.49625E-01
b   6   18  6   22  99  1.10180E-01  1.42494E+00 -1.20524E+01 -5.39056E+01  2.00000E+01  9.78500E-02  9.78500E-02
b   6   19  6   22  99  1.79547E-01  1.60833E+00 -2.24747E+01  2.50097E+02  2.00000E+01  5.14700E-02  5.14700E-02
b   6   20  6   22  99  2.87558E-01  6.36377E-01  1.51112E+00 -5.41929E-01  2.11524E+00  1.65700E-01  1.65700E-01
b   6   21  6   22  99  2.62823E-01  1.38051E-01  2.55871E+00 -1.44411E+00  3.38702E+00  1.13300E+00  1.13300E+00
b   6    1  6   23  99  4.31277E-01  1.42694E-01 -3.26422E+00  2.17619E+01  3.81385E+00  5.34800E-03  5.34800E-03
b   6    6  6   23  99  4.02247E-01 -1.44622E-02 -2.84199E+00  2.12083E+01  3.85981E+00  3.49625E-01  3.49625E-01
b   6   18  6   23  99  1.15063E-01  1.48148E+00 -1.47359E+01 -1.46519E+01  2.00000E+01  5.78500E-02  5.78500E-02
b   6   19  6   23  99  1.90824E-01  1.71060E+00 -2.31091E+01  2.66647E+02  2.00000E+01  2.64500E-02  2.64500E-02
b   6   20  6   23  99  3.08997E-01  8.86058E-01  1.64338E+00 -6.07763E-01  2.18279E+00  6.29700E-02  6.29700E-02
b   6   21  6   23  99  2.84851E-01  6.80782E-01  2.14036E+00 -1.03074E+00  2.93574E+00  1.95700E-01  1.95700E-01
b   6   22  6   23  99  2.44477E-01  2.05537E-01  2.44501E+00 -4.48887E-01  4.08699E+00  1.36000E+00  1.36000E+00
b   6    1  6   24  99  4.29385E-01  1.41988E-01 -3.24124E+00  2.16460E+01  3.81468E+00  3.52800E-03  3.52800E-03
b   6    7  6   24  99  4.02247E-01 -1.44622E-02 -2.84199E+00  2.12083E+01  3.85981E+00  3.49625E-01  3.49625E-01
b   6   18  6   24  99  1.17921E-01  1.53187E+00 -1.71319E+01  1.85706E+01  2.00000E+01  3.72050E-02  3.72050E-02
b   6   19  6   24  99  1.92665E-01  1.79633E+00 -2.30604E+01  2.60087E+02  2.00000E+01  1.56500E-02  1.56500E-02
b   6   20  6   24  99  3.19508E-01  1.06402E+00  1.67369E+00 -6.49593E-01  2.16410E+00  3.18200E-02  3.18200E-02
b   6   21  6   24  99  3.04064E-01  1.02330E+00  2.24008E+00 -1.12309E+00  2.96548E+00  7.20200E-02  7.20200E-02
b   6   22  6   24  99  2.78889E-01  7.20896E-01  2.54880E+00 -1.40549E+00  3.54206E+00  2.25700E-01  2.25700E-01
b   6   23  6   24  99  2.28888E-01  2.71434E-01  2.18922E+00 -3.02376E-01  4.09794E+00  1.56700E+00  1.56700E+00
b   6    1  6   25  99  4.26704E-01  1.45759E-01 -3.24227E+00  2.15438E+01  3.81456E+00  2.44800E-03  2.44800E-03
b   6    8  6   25  99  4.02247E-01 -1.44622E-02 -2.84199E+00  2.12083E+01  3.85981E+00  3.49625E-01  3.49625E-01
b   6   18  6   25  99  1.20487E-01  1.56141E+00 -1.86201E+01  4.03003E+01  2.00000E+01  2.54000E-02  2.54000E-02
b   6   19  6   25  99  1.95281E-01  1.85216E+00 -2.32067E+01  2.61290E+02  2.00000E+01  1.01200E-02  1.01200E-02
b   6   20  6   25  99  3.25945E-01  1.19291E+00  1.67183E+00 -6.45149E-01  2.14065E+00  1.87300E-02  1.87300E-02
b   6   21  6   25  99  3.16554E-01  1.27108E+00  2.28866E+00 -1.11308E+00  2.98505E+00  3.58300E-02  3.58300E-02
b   6   22  6   25  99  2.98963E-01  1.11805E+00  2.67511E+00 -1.48134E+00  3.59054E+00  8.12400E-02  8.12400E-02
b   6   23  6   25  99  2.63502E-01  8.10514E-01  2.33069E+00 -1.27847E+00  3.55333E+00  2.53700E-01  2.53700E-01
b   6   24  6   25  99  2.17895E-01  3.18139E-01  2.01456E+00 -2.90752E-01  4.07011E+00  1.76900E+00  1.76900E+00
b   6    1  6   26  99  4.29020E-01  1.34527E-01 -3.18348E+00  2.14749E+01  3.80975E+00  1.76680E-03  1.76680E-03
b   6    9  6   26  99  4.02247E-01 -1.44622E-02 -2.84199E+00  2.12083E+01  3.85981E+00  3.49625E-01  3.49625E-01
b   6   18  6   26  99  1.19621E-01  1.54960E+00 -1.74072E+01  2.26167E+01  2.00000E+01  1.81200E-02  1.81200E-02
b   6   19  6   26  99  1.95935E-01  1.89751E+00 -2.32179E+01  2.58318E+02  2.00000E+01  6.96300E-03  6.96300E-03
b   6   20  6   26  99  3.31399E-01  1.28491E+00  1.69814E+00 -6.16616E-01  2.18322E+00  1.21100E-02  1.21100E-02
b   6   21  6   26  99  3.25056E-01  1.45676E+00  2.32883E+00 -1.09719E+00  3.01641E+00  2.09300E-02  2.09300E-02
b   6   22  6   26  99  2.93209E-01  1.51380E+00  1.96982E+00 -9.33767E-01  2.94095E+00  3.99200E-02  3.99200E-02
b   6   23  6   26  99  2.83975E-01  1.25093E+00  2.44669E+00 -1.38416E+00  3.57259E+00  8.99000E-02  8.99000E-02
b   6   24  6   26  99  2.54632E-01  8.61018E-01  2.33131E+00 -2.39546E-01  4.30648E+00  2.81200E-01  2.81200E-01
b   6   25  6   26  99  3.73634E-01  6.21329E-01  3.33442E+00 -5.07547E-01  4.03060E+00  1.10600E+00  1.10600E+00
f   6    1  5    1  99  4.00000E+00  1.02183E+01
p   6    1  5    1  98  1.49810E+00 -2.48260E+00 -1.24770E-01  1.21970E-02  4.00000E+00  3.02700E+02  3.14800E+02  6.05400E+03
f   6    2  5    1  99  1.00000E+00  8.32000E+00
p   6    2  5    1  99  1.00000E+00  8.32000E+00
f   6    3  5    1  99  1.00000E+00  8.09260E+00
p   6    3  5    1  99  1.00000E+00  8.09260E+00
f   6    4  5    1  99  1.00000E+00  8.01230E+00
p   6    4  5    1  99  1.00000E+00  8.01230E+00
f   6    5  5    1  99  1.00000E+00  8.04200E+00
p   6    5  5    1  99  1.00000E+00  8.04200E+00
f   6    6  5    1  99  1.00000E+00  8.03200E+00
p   6    6  5    1  99  1.00000E+00  8.03200E+00
f   6    7  5    1  99  1.00000E+00  8.00320E+00
p   6    7  5    1  99  1.00000E+00  8.00320E+00
f   6    8  5    1  99  1.00000E+00  8.00320E+00
p   6    8  5    1  99  1.00000E+00  8.00320E+00
f   6    9  5    1  99  1.00000E+00  8.00050E+00
p   6    9  5    1  99  1.00000E+00  8.00050E+00
f   6    2  5    2  99  3.00000E+00  8.32000E+00
p   6    2  5    2  98  1.49810E+00 -2.48260E+00 -1.24770E-01  1.21970E-02  4.00000E+00  3.02700E+02  3.14800E+02  6.05400E+03
f   6   10  5    2  99  2.00000E+00  8.88400E+00
p   6   10  5    2  99  2.00000E+00  8.88400E+00
f   6   11  5    2  99  1.00000E+00  8.14930E+00
p   6   11  5    2  99  1.00000E+00  8.14930E+00
f   6   12  5    2  99  1.00000E+00  8.03060E+00
p   6   12  5    2  99  1.00000E+00  8.03060E+00
f   6   13  5    2  99  1.00000E+00  8.04800E+00
p   6   13  5    2  99  1.00000E+00  8.04800E+00
f   6   14  5    2  99  1.00000E+00  8.03600E+00
p   6   14  5    2  99  1.00000E+00  8.03600E+00
f   6   15  5    2  99  1.00000E+00  8.01220E+00
p   6   15  5    2  99  1.00000E+00  8.01220E+00
f   6   16  5    2  99  1.00000E+00  8.01020E+00
p   6   16  5    2  99  1.00000E+00  8.01020E+00
f   6   17  5    2  99  1.00000E+00  8.00050E+00
p   6   17  5    2  99  1.00000E+00  8.00050E+00
f   6    3  5    3  99  3.00000E+00  8.09260E+00
p   6    3  5    3  98  1.49810E+00 -2.48260E+00 -1.24770E-01  1.21970E-02  4.00000E+00  3.02700E+02  3.14800E+02  6.05400E+03
f   6   11  5    3  99  1.00000E+00  8.14930E+00
p   6   11  5    3  99  1.00000E+00  8.14930E+00
f   6    4  5    4  99  3.00000E+00  8.01230E+00
p   6    4  5    4  98  1.49810E+00 -2.48260E+00 -1.24770E-01  1.21970E-02  4.00000E+00  3.02700E+02  3.14800E+02  6.05400E+03
f   6   12  5    4  99  1.00000E+00  8.03060E+00
p   6   12  5    4  99  1.00000E+00  8.03060E+00
f   6    5  5    5  99  3.00000E+00  8.04200E+00
p   6    5  5    5  98  1.49810E+00 -2.48260E+00 -1.24770E-01  1.21970E-02  4.00000E+00  3.02700E+02  3.14800E+02  6.05400E+03
f   6   13  5    5  99  1.00000E+00  8.04800E+00
p   6   13  5    5  99  1.00000E+00  8.04800E+00
f   6    6  5    6  99  3.00000E+00  8.03200E+00
p   6    6  5    6  98  1.49810E+00 -2.48260E+00 -1.24770E-01  1.21970E-02  4.00000E+00  3.02700E+02  3.14800E+02  6.05400E+03
f   6   14  5    6  99  1.00000E+00  8.03600E+00
p   6   14  5    6  99  1.00000E+00  8.03600E+00
f   6    7  5    7  99  3.00000E+00  8.00320E+00
p   6    7  5    7  98  1.49810E+00 -2.48260E+00 -1.24770E-01  1.21970E-02  4.00000E+00  3.02700E+02  3.14800E+02  6.05400E+03
f   6   15  5    7  99  1.00000E+00  8.01220E+00
p   6   15  5    7  99  1.00000E+00  8.01220E+00
f   6    8  5    8  99  3.00000E+00  8.00320E+00
p   6    8  5    8  98  1.49810E+00 -2.48260E+00 -1.24770E-01  1.21970E-02  4.00000E+00  3.02700E+02  3.14800E+02  6.05400E+03
f   6   16  5    8  99  1.00000E+00  8.01020E+00
p   6   16  5    8  99  1.00000E+00  8.01020E+00
f   6    9  5    9  99  3.00000E+00  8.00050E+00
p   6    9  5    9  98  1.49810E+00 -2.48260E+00 -1.24770E-01  1.21970E-02  4.00000E+00  3.02700E+02  3.14800E+02  6.05400E+03
f   6   17  5    9  99  1.00000E+00  8.00050E+00
p   6   17  5    9  99  1.00000E+00  8.00050E+00
f   6   10  5   10  99  2.00000E+00  8.88400E+00
p   6   10  5   10  98  1.49810E+00 -2.48260E+00 -1.24770E-01  1.21970E-02  4.00000E+00  3.02700E+02  3.14800E+02  6.05400E+03
f   6   11  5   11  99  2.00000E+00  8.14930E+00
p   6   11  5   11  98  1.49810E+00 -2.48260E+00 -1.24770E-01  1.21970E-02  4.00000E+00  3.02700E+02  3.14800E+02  6.05400E+03
f   6   12  5   12  99  2.00000E+00  8.03060E+00
p   6   12  5   12  98  1.49810E+00 -2.48260E+00 -1.24770E-01  1.21970E-02  4.00000E+00  3.02700E+02  3.14800E+02  6.05400E+03
f   6   13  5   13  99  2.00000E+00  8.04800E+00
p   6   13  5   13  98  1.49810E+00 -2.48260E+00 -1.24770E-01  1.21970E-02  4.00000E+00  3.02700E+02  3.14800E+02  6.05400E+03
f   6   14  5   14  99  2.00000E+00  8.03600E+00
p   6   14  5   14  98  1.49810E+00 -2.48260E+00 -1.24770E-01  1.21970E-02  4.00000E+00  3.02700E+02  3.14800E+02  6.05400E+03
f   6   15  5   15  99  2.00000E+00  8.01220E+00
p   6   15  5   15  98  1.49810E+00 -2.48260E+00 -1.24770E-01  1.21970E-02  4.00000E+00  3.02700E+02  3.14800E+02  6.05400E+03
f   6   16  5   16  99  2.00000E+00  8.01020E+00
p   6   16  5   16  98  1.49810E+00 -2.48260E+00 -1.24770E-01  1.21970E-02  4.00000E+00  3.02700E+02  3.14800E+02  6.05400E+03
f   6   17  5   17  99  2.00000E+00  8.00050E+00
p   6   17  5   17  98  1.49810E+00 -2.48260E+00 -1.24770E-01  1.21970E-02  4.00000E+00  3.02700E+02  3.14800E+02  6.05400E+03
f   6    1  5   18  99  2.00000E+00  1.02183E+01
p   6    1  5   18  98  2.09990E+00 -2.47390E+00 -2.00760E-01  1.94890E-02  2.00000E+00  1.79000E+03  1.86200E+03  3.58000E+04
f   6   18  5   18  99  5.00000E+00  1.08544E+01
p   6   18  5   18  98  1.49810E+00 -2.48260E+00 -1.24770E-01  1.21970E-02  4.00000E+00  3.02700E+02  3.14800E+02  6.05400E+03
f   6   19  5   18  99  1.00000E+00  8.40000E+00
p   6   19  5   18  99  1.00000E+00  8.40000E+00
f   6   20  5   18  99  1.00000E+00  8.11580E+00
p   6   20  5   18  99  1.00000E+00  8.11580E+00
f   6   21  5   18  99  1.00000E+00  8.01140E+00
p   6   21  5   18  99  1.00000E+00  8.01140E+00
f   6   22  5   18  99  1.00000E+00  8.05100E+00
p   6   22  5   18  99  1.00000E+00  8.05100E+00
f   6   23  5   18  99  1.00000E+00  8.04100E+00
p   6   23  5   18  99  1.00000E+00  8.04100E+00
f   6   24  5   18  99  1.00000E+00  8.00410E+00
p   6   24  5   18  99  1.00000E+00  8.00410E+00
f   6   25  5   18  99  1.00000E+00  8.00410E+00
p   6   25  5   18  99  1.00000E+00  8.00410E+00
f   6   26  5   18  99  1.00000E+00  8.00050E+00
p   6   26  5   18  99  1.00000E+00  8.00050E+00
f   6    2  5   19  99  2.00000E+00  8.32000E+00
p   6    2  5   19  98  2.09990E+00 -2.47390E+00 -2.00760E-01  1.94890E-02  2.00000E+00  1.79000E+03  1.86200E+03  3.58000E+04
f   6   19  5   19  99  4.00000E+00  8.40000E+00
p   6   19  5   19  98  1.49810E+00 -2.48260E+00 -1.24770E-01  1.21970E-02  4.00000E+00  3.02700E+02  3.14800E+02  6.05400E+03
f   6    3  5   20  99  2.00000E+00  8.09260E+00
p   6    3  5   20  98  2.09990E+00 -2.47390E+00 -2.00760E-01  1.94890E-02  2.00000E+00  1.79000E+03  1.86200E+03  3.58000E+04
f   6   20  5   20  99  4.00000E+00  8.11580E+00
p   6   20  5   20  98  1.49810E+00 -2.48260E+00 -1.24770E-01  1.21970E-02  4.00000E+00  3.02700E+02  3.14800E+02  6.05400E+03
f   6    4  5   21  99  2.00000E+00  8.01230E+00
p   6    4  5   21  98  2.09990E+00 -2.47390E+00 -2.00760E-01  1.94890E-02  2.00000E+00  1.79000E+03  1.86200E+03  3.58000E+04
f   6   21  5   21  99  4.00000E+00  8.01140E+00
p   6   21  5   21  98  1.49810E+00 -2.48260E+00 -1.24770E-01  1.21970E-02  4.00000E+00  3.02700E+02  3.14800E+02  6.05400E+03
f   6    5  5   22  99  2.00000E+00  8.04200E+00
p   6    5  5   22  98  2.09990E+00 -2.47390E+00 -2.00760E-01  1.94890E-02  2.00000E+00  1.79000E+03  1.86200E+03  3.58000E+04
f   6   22  5   22  99  4.00000E+00  8.05100E+00
p   6   22  5   22  98  1.49810E+00 -2.48260E+00 -1.24770E-01  1.21970E-02  4.00000E+00  3.02700E+02  3.14800E+02  6.05400E+03
f   6    6  5   23  99  2.00000E+00  8.03200E+00
p   6    6  5   23  98  2.09990E+00 -2.47390E+00 -2.00760E-01  1.94890E-02  2.00000E+00  1.79000E+03  1.86200E+03  3.58000E+04
f   6   23  5   23  99  4.00000E+00  8.04100E+00
p   6   23  5   23  98  1.49810E+00 -2.48260E+00 -1.24770E-01  1.21970E-02  4.00000E+00  3.02700E+02  3.14800E+02  6.05400E+03
f   6    7  5   24  99  2.00000E+00  8.00320E+00
p   6    7  5   24  98  2.09990E+00 -2.47390E+00 -2.00760E-01  1.94890E-02  2.00000E+00  1.79000E+03  1.86200E+03  3.58000E+04
f   6   24  5   24  99  4.00000E+00  8.00410E+00
p   6   24  5   24  98  1.49810E+00 -2.48260E+00 -1.24770E-01  1.21970E-02  4.00000E+00  3.02700E+02  3.14800E+02  6.05400E+03
f   6    8  5   25  99  2.00000E+00  8.00320E+00
p   6    8  5   25  98  2.09990E+00 -2.47390E+00 -2.00760E-01  1.94890E-02  2.00000E+00  1.79000E+03  1.86200E+03  3.58000E+04
f   6   25  5   25  99  4.00000E+00  8.00410E+00
p   6   25  5   25  98  1.49810E+00 -2.48260E+00 -1.24770E-01  1.21970E-02  4.00000E+00  3.02700E+02  3.14800E+02  6.05400E+03
f   6    9  5   26  99  2.00000E+00  8.00050E+00
p   6    9  5   26  98  2.09990E+00 -2.47390E+00 -2.00760E-01  1.94890E-02  2.00000E+00  1.79000E+03  1.86200E+03  3.58000E+04
f   6   26  5   26  99  4.00000E+00  8.00050E+00
p   6   26  5   26  98  1.49810E+00 -2.48260E+00 -1.24770E-01  1.21970E-02  4.00000E+00  3.02700E+02  3.14800E+02  6.05400E+03
a   6   10  5    1   1.15506E+14
a   6   11  5    1   2.30332E+13
a   6   12  5    1   7.39710E+12
a   6   13  5    1   2.97135E+12
a   6   14  5    1   1.37473E+12
a   6   15  5    1   7.05105E+11
a   6   16  5    1   3.91298E+11
a   6   17  5    1   2.31052E+11
a   6   18  5    1   2.89430E+14
a   6   19  5    1   8.99360E+12
a   6   20  5    1   1.97268E+12
a   6   21  5    1   6.27420E+11
a   6   22  5    1   2.47300E+11
a   6   23  5    1   1.14416E+11
a   6   24  5    1   5.86860E+10
a   6   25  5    1   3.25660E+10
a   6   26  5    1   1.92300E+10
a   6   19  5    2   1.73658E+14
a   6   20  5    3   1.73658E+14
a   6   21  5    4   1.73658E+14
a   6   22  5    5   1.73658E+14
a   6   23  5    6   1.73658E+14
a   6   24  5    7   1.73658E+14
a   6   25  5    8   1.73658E+14
a   6   26  5    9   1.73658E+14
b   7    1  7    2  99  1.05464E-01  1.23467E+00 -2.42026E+01  1.79276E+02  2.00000E+01  1.71050E+00  1.71050E+00
b   7    1  7    3  99  1.14203E-01  1.32796E+00 -2.45641E+01  1.78504E+02  2.00000E+01  4.81150E-01  4.81150E-01
b   7    2  7    3  99  2.38391E-01  1.37070E-01  1.35760E+00 -4.84452E-01  2.08260E+00  6.80700E-01  6.80700E-01
b   7    1  7    4  99  1.16401E-01  1.31582E+00 -2.41422E+01  1.83885E+02  2.00000E+01  2.06400E-01  2.06400E-01
b   7    2  7    4  99  2.90119E-01  3.40780E-01  1.60075E+00 -5.51866E-01  2.09793E+00  1.42700E-01  1.42700E-01
b   7    3  7    4  99  2.35897E-01  1.69913E-01  1.81221E+00 -8.87034E-01  2.78042E+00  9.39000E-01  9.39000E-01
b   7    1  7    5  99  1.56203E-01  1.57292E+00 -3.33456E+01  3.13462E+02  2.00000E+01  9.36500E-02  9.36500E-02
b   7    2  7    5  99  3.83163E-01  5.34756E-01  2.06144E+00 -6.48288E-01  2.08301E+00  4.94100E-02  4.94100E-02
b   7    3  7    5  99  3.06866E-01  5.66195E-01  2.33752E+00 -1.12132E+00  2.88385E+00  1.60900E-01  1.60900E-01
b   7    4  7    5  99  2.52345E-01  1.97134E-01  2.37673E+00 -1.34547E+00  3.37504E+00  1.12000E+00  1.12000E+00
b   7    1  7    6  99  1.53699E-01  1.58116E+00 -3.24859E+01  2.96836E+02  2.00000E+01  5.58500E-02  5.58500E-02
b   7    2  7    6  99  1.78950E-01  1.76295E+00 -2.15113E+01  2.24579E+02  2.00000E+01  2.55700E-02  2.55700E-02
b   7    3  7    6  99  2.93869E-01  9.67958E-01  1.44934E+00 -5.08057E-01  2.11567E+00  6.13300E-02  6.13300E-02
b   7    4  7    6  99  2.91240E-01  6.64927E-01  2.66519E+00 -1.45197E+00  3.49469E+00  1.92200E-01  1.92200E-01
b   7    5  7    6  99  2.34993E-01  2.63704E-01  2.23621E+00 -3.18402E-01  4.06601E+00  1.35400E+00  1.35400E+00
b   7    1  7    7  99  1.50465E-01  1.58625E+00 -3.14903E+01  2.77052E+02  2.00000E+01  3.61100E-02  3.61100E-02
b   7    2  7    7  99  1.86018E-01  1.82633E+00 -2.18738E+01  2.34819E+02  2.00000E+01  1.52000E-02  1.52000E-02
b   7    3  7    7  99  3.07268E-01  1.13196E+00  1.55820E+00 -5.63587E-01  2.18001E+00  3.10700E-02  3.10700E-02
b   7    4  7    7  99  2.93216E-01  1.09223E+00  2.09093E+00 -9.79824E-01  2.98497E+00  7.06900E-02  7.06900E-02
b   7    5  7    7  99  2.69156E-01  7.81401E-01  2.39053E+00 -1.35861E+00  3.52129E+00  2.23200E-01  2.23200E-01
b   7    6  7    7  99  2.21975E-01  3.19059E-01  2.05181E+00 -2.94866E-01  4.07124E+00  1.56400E+00  1.56400E+00
b   7    1  7    8  99  1.50889E-01  1.59007E+00 -3.15265E+01  2.78318E+02  2.00000E+01  2.47350E-02  2.47350E-02
b   7    2  7    8  99  1.88906E-01  1.87913E+00 -2.21543E+01  2.39212E+02  2.00000E+01  9.85800E-03  9.85800E-03
b   7    3  7    8  99  3.13227E-01  1.26039E+00  1.55185E+00 -5.59234E-01  2.14916E+00  1.83300E-02  1.83300E-02
b   7    4  7    8  99  3.04468E-01  1.34574E+00  2.11822E+00 -1.02271E+00  2.95113E+00  3.51900E-02  3.51900E-02
b   7    5  7    8  99  2.88436E-01  1.18472E+00  2.50685E+00 -1.40932E+00  3.58248E+00  8.02100E-02  8.02100E-02
b   7    6  7    8  99  2.57737E-01  8.50668E-01  2.35946E+00 -2.97928E-01  4.28759E+00  2.51800E-01  2.51800E-01
b   7    7  7    8  99  2.12594E-01  3.58670E-01  1.91934E+00 -3.23801E-01  4.04796E+00  1.76800E+00  1.76800E+00
b   7    1  7    9  99  1.50455E-01  1.58889E+00 -3.11424E+01  2.72331E+02  2.00000E+01  1.76900E-02  1.76900E-02
b   7    2  7    9  99  1.89281E-01  1.92139E+00 -2.20735E+01  2.34784E+02  2.00000E+01  6.79500E-03  6.79500E-03
b   7    3  7    9  99  3.17496E-01  1.35497E+00  1.55683E+00 -5.64670E-01  2.14111E+00  1.18700E-02  1.18700E-02
b   7    4  7    9  99  3.12842E-01  1.53057E+00  2.18028E+00 -1.02994E+00  3.00690E+00  2.05700E-02  2.05700E-02
b   7    5  7    9  99  3.00541E-01  1.49634E+00  2.54550E+00 -1.36951E+00  3.59828E+00  3.93900E-02  3.93900E-02
b   7    6  7    9  99  2.74784E-01  1.31119E+00  2.28677E+00 -1.23780E+00  3.58496E+00  8.90700E-02  8.90700E-02
b   7    7  7    9  99  2.46686E-01  9.13314E-01  2.16849E+00 -2.26361E-01  4.27361E+00  2.79800E-01  2.79800E-01
b   7    8  7    9  99  3.29018E-01  6.18462E-01  2.86354E+00 -4.30589E-01  4.03607E+00  1.22900E+00  1.22900E+00
b   7    1  7   10  98  0.00000E+00  0.00000E+00  0.00000E+00  0.00000E+00  0.00000E+00  3.98760E-02  7.97520E-04
b   7    2  7   10  99  1.05464E-01  1.23467E+00 -2.42026E+01  1.79276E+02  2.00000E+01  1.29238E+00  1.29238E+00
b   7    1  7   11  98  0.00000E+00  0.00000E+00  0.00000E+00  0.00000E+00  0.00000E+00  6.25633E-02  1.25127E-03
b   7    2  7   11  99  1.14203E-01  1.32796E+00 -2.45641E+01  1.78504E+02  2.00000E+01  3.84920E-01  3.84920E-01
b   7    3  7   11  99  1.05464E-01  1.23467E+00 -2.42026E+01  1.79276E+02  2.00000E+01  1.36840E+00  1.36840E+00
b   7   10  7   11  99  2.38391E-01  1.37070E-01  1.35760E+00 -4.84452E-01  2.08260E+00  1.36140E+00  1.36140E+00
b   7    1  7   12  98  0.00000E+00  0.00000E+00  0.00000E+00  0.00000E+00  0.00000E+00  9.01556E-02  1.80311E-03
b   7    2  7   12  99  1.16401E-01  1.31582E+00 -2.41422E+01  1.83885E+02  2.00000E+01  1.65120E-01  1.65120E-01
b   7    4  7   12  99  1.05464E-01  1.23467E+00 -2.42026E+01  1.79276E+02  2.00000E+01  1.36840E+00  1.36840E+00
b   7   10  7   12  99  2.90119E-01  3.40780E-01  1.60075E+00 -5.51866E-01  2.09793E+00  2.85400E-01  2.85400E-01
b   7   11  7   12  99  2.35897E-01  1.69913E-01  1.81221E+00 -8.87034E-01  2.78042E+00  9.39000E-01  9.39000E-01
b   7    1  7   13  98  0.00000E+00  0.00000E+00  0.00000E+00  0.00000E+00  0.00000E+00  1.24843E-01  2.49686E-03
b   7    2  7   13  99  1.56203E-01  1.57292E+00 -3.33456E+01  3.13462E+02  2.00000E+01  7.49200E-02  7.49200E-02
b   7    5  7   13  99  1.05464E-01  1.23467E+00 -2.42026E+01  1.79276E+02  2.00000E+01  1.36840E+00  1.36840E+00
b   7   10  7   13  99  3.83163E-01  5.34756E-01  2.06144E+00 -6.48288E-01  2.08301E+00  9.88200E-02  9.88200E-02
b   7   11  7   13  99  3.06866E-01  5.66195E-01  2.33752E+00 -1.12132E+00  2.88385E+00  1.60900E-01  1.60900E-01
b   7   12  7   13  99  2.52345E-01  1.97134E-01  2.37673E+00 -1.34547E+00  3.37504E+00  1.12000E+00  1.12000E+00
b   7    1  7   14  98  0.00000E+00  0.00000E+00  0.00000E+00  0.00000E+00  0.00000E+00  1.65792E-01  3.31584E-03
b   7    2  7   14  99  1.53699E-01  1.58116E+00 -3.24859E+01  2.96836E+02  2.00000E+01  4.46800E-02  4.46800E-02
b   7    6  7   14  99  1.05464E-01  1.23467E+00 -2.42026E+01  1.79276E+02  2.00000E+01  1.36840E+00  1.36840E+00
b   7   10  7   14  99  1.78950E-01  1.76295E+00 -2.15113E+01  2.24579E+02  2.00000E+01  5.11400E-02  5.11400E-02
b   7   11  7   14  99  2.93869E-01  9.67958E-01  1.44934E+00 -5.08057E-01  2.11567E+00  6.13300E-02  6.13300E-02
b   7   12  7   14  99  2.91240E-01  6.64927E-01  2.66519E+00 -1.45197E+00  3.49469E+00  1.92200E-01  1.92200E-01
b   7   13  7   14  99  2.34993E-01  2.63704E-01  2.23621E+00 -3.18402E-01  4.06601E+00  1.35400E+00  1.35400E+00
b   7    1  7   15  98  0.00000E+00  0.00000E+00  0.00000E+00  0.00000E+00  0.00000E+00  2.13045E-01  4.26090E-03
b   7    2  7   15  99  1.50465E-01  1.58625E+00 -3.14903E+01  2.77052E+02  2.00000E+01  2.88880E-02  2.88880E-02
b   7    7  7   15  99  1.05464E-01  1.23467E+00 -2.42026E+01  1.79276E+02  2.00000E+01  1.36840E+00  1.36840E+00
b   7   10  7   15  99  1.86018E-01  1.82633E+00 -2.18738E+01  2.34819E+02  2.00000E+01  3.04000E-02  3.04000E-02
b   7   11  7   15  99  3.07268E-01  1.13196E+00  1.55820E+00 -5.63587E-01  2.18001E+00  3.10700E-02  3.10700E-02
b   7   12  7   15  99  2.93216E-01  1.09223E+00  2.09093E+00 -9.79824E-01  2.98497E+00  7.06900E-02  7.06900E-02
b   7   13  7   15  99  2.69156E-01  7.81401E-01  2.39053E+00 -1.35861E+00  3.52129E+00  2.23200E-01  2.23200E-01
b   7   14  7   15  99  2.21975E-01  3.19059E-01  2.05181E+00 -2.94866E-01  4.07124E+00  1.56400E+00  1.56400E+00
b   7    1  7   16  98  0.00000E+00  0.00000E+00  0.00000E+00  0.00000E+00  0.00000E+00  2.66819E-01  5.33637E-03
b   7    2  7   16  99  1.50889E-01  1.59007E+00 -3.15265E+01  2.78318E+02  2.00000E+01  1.97880E-02  1.97880E-02
b   7    8  7   16  99  1.05464E-01  1.23467E+00 -2.42026E+01  1.79276E+02  2.00000E+01  1.36840E+00  1.36840E+00
b   7   10  7   16  99  1.88906E-01  1.87913E+00 -2.21543E+01  2.39212E+02  2.00000E+01  1.97160E-02  1.97160E-02
b   7   11  7   16  99  3.13227E-01  1.26039E+00  1.55185E+00 -5.59234E-01  2.14916E+00  1.83300E-02  1.83300E-02
b   7   12  7   16  99  3.04468E-01  1.34574E+00  2.11822E+00 -1.02271E+00  2.95113E+00  3.51900E-02  3.51900E-02
b   7   13  7   16  99  2.88436E-01  1.18472E+00  2.50685E+00 -1.40932E+00  3.58248E+00  8.02100E-02  8.02100E-02
b   7   14  7   16  99  2.57737E-01  8.50668E-01  2.35946E+00 -2.97928E-01  4.28759E+00  2.51800E-01  2.51800E-01
b   7   15  7   16  99  2.12594E-01  3.58670E-01  1.91934E+00 -3.23801E-01  4.04796E+00  1.76800E+00  1.76800E+00
b   7    1  7   17  98  0.00000E+00  0.00000E+00  0.00000E+00  0.00000E+00  0.00000E+00  3.26960E-01  6.53920E-03
b   7    2  7   17  99  1.50455E-01  1.58889E+00 -3.11424E+01  2.72331E+02  2.00000E+01  1.41520E-02  1.41520E-02
b   7    9  7   17  99  1.05464E-01  1.23467E+00 -2.42026E+01  1.79276E+02  2.00000E+01  1.36840E+00  1.36840E+00
b   7   10  7   17  99  1.89281E-01  1.92139E+00 -2.20735E+01  2.34784E+02  2.00000E+01  1.35900E-02  1.35900E-02
b   7   11  7   17  99  3.17496E-01  1.35497E+00  1.55683E+00 -5.64670E-01  2.14111E+00  1.18700E-02  1.18700E-02
b   7   12  7   17  99  3.12842E-01  1.53057E+00  2.18028E+00 -1.02994E+00  3.00690E+00  2.05700E-02  2.05700E-02
b   7   13  7   17  99  3.00541E-01  1.49634E+00  2.54550E+00 -1.36951E+00  3.59828E+00  3.93900E-02  3.93900E-02
b   7   14  7   17  99  2.74784E-01  1.31119E+00  2.28677E+00 -1.23780E+00  3.58496E+00  8.90700E-02  8.90700E-02
b   7   15  7   17  99  2.46686E-01  9.13314E-01  2.16849E+00 -2.26361E-01  4.27361E+00  2.79800E-01  2.79800E-01
b   7   16  7   17  99  3.29018E-01  6.18462E-01  2.86354E+00 -4.30589E-01  4.03607E+00  1.22900E+00  1.22900E+00
b   7    1  7   18  99  4.06340E-01 -2.33183E-02 -2.81269E+00  2.12528E+01  3.85274E+00  1.95450E-01  1.95450E-01
b   7    1  7   19  99  3.97076E-01  7.04624E-02 -2.85706E+00  2.01475E+01  3.82579E+00  8.19200E-02  8.19200E-02
b   7    2  7   19  99  4.06340E-01 -2.33183E-02 -2.81269E+00  2.12528E+01  3.85274E+00  2.60600E-01  2.60600E-01
b   7   18  7   19  99  1.05464E-01  1.23467E+00 -2.42026E+01  1.79276E+02  2.00000E+01  2.05260E+00  2.05260E+00
b   7    1  7   20  99  3.97495E-01  8.85256E-02 -2.85347E+00  1.99363E+01  3.81661E+00  3.01400E-02  3.01400E-02
b   7    3  7   20  99  4.06340E-01 -2.33183E-02 -2.81269E+00  2.12528E+01  3.85274E+00  2.60600E-01  2.60600E-01
b   7   18  7   20  99  1.14203E-01  1.32796E+00 -2.45641E+01  1.78504E+02  2.00000E+01  5.77380E-01  5.77380E-01
b   7   19  7   20  99  2.38391E-01  1.37070E-01  1.35760E+00 -4.84452E-01  2.08260E+00  6.80700E-01  6.80700E-01
b   7    1  7   21  99  3.88047E-01  1.05709E-01 -2.85689E+00  1.95523E+01  3.81808E+00  1.44840E-02  1.44840E-02
b   7    4  7   21  99  4.06340E-01 -2.33183E-02 -2.81269E+00  2.12528E+01  3.85274E+00  2.60600E-01  2.60600E-01
b   7   18  7   21  99  1.16401E-01  1.31582E+00 -2.41422E+01  1.83885E+02  2.00000E+01  2.47680E-01  2.47680E-01
b   7   19  7   21  99  2.90119E-01  3.40780E-01  1.60075E+00 -5.51866E-01  2.09793E+00  1.42700E-01  1.42700E-01
b   7   20  7   21  99  2.35897E-01  1.69913E-01  1.81221E+00 -8.87034E-01  2.78042E+00  9.39000E-01  9.39000E-01
b   7    1  7   22  99  4.37188E-01  1.07880E-01 -3.23857E+00  2.21607E+01  3.81885E+00  7.35400E-03  7.35400E-03
b   7    5  7   22  99  4.06340E-01 -2.33183E-02 -2.81269E+00  2.12528E+01  3.85274E+00  2.60600E-01  2.60600E-01
b   7   18  7   22  99  1.56203E-01  1.57292E+00 -3.33456E+01  3.13462E+02  2.00000E+01  1.12380E-01  1.12380E-01
b   7   19  7   22  99  3.83163E-01  5.34756E-01  2.06144E+00 -6.48288E-01  2.08301E+00  4.94100E-02  4.94100E-02
b   7   20  7   22  99  3.06866E-01  5.66195E-01  2.33752E+00 -1.12132E+00  2.88385E+00  1.60900E-01  1.60900E-01
b   7   21  7   22  99  2.52345E-01  1.97134E-01  2.37673E+00 -1.34547E+00  3.37504E+00  1.12000E+00  1.12000E+00
b   7    1  7   23  99  4.32778E-01  1.10324E-01 -3.21577E+00  2.19405E+01  3.81867E+00  4.52000E-03  4.52000E-03
b   7    6  7   23  99  4.06340E-01 -2.33183E-02 -2.81269E+00  2.12528E+01  3.85274E+00  2.60600E-01  2.60600E-01
b   7   18  7   23  99  1.53699E-01  1.58116E+00 -3.24859E+01  2.96836E+02  2.00000E+01  6.70200E-02  6.70200E-02
b   7   19  7   23  99  1.78950E-01  1.76295E+00 -2.15113E+01  2.24579E+02  2.00000E+01  2.55700E-02  2.55700E-02
b   7   20  7   23  99  2.93869E-01  9.67958E-01  1.44934E+00 -5.08057E-01  2.11567E+00  6.13300E-02  6.13300E-02
b   7   21  7   23  99  2.91240E-01  6.64927E-01  2.66519E+00 -1.45197E+00  3.49469E+00  1.92200E-01  1.92200E-01
b   7   22  7   23  99  2.34993E-01  2.63704E-01  2.23621E+00 -3.18402E-01  4.06601E+00  1.35400E+00  1.35400E+00
b   7    1  7   24  99  4.31521E-01  1.05749E-01 -3.17268E+00  2.17944E+01  3.81793E+00  2.97600E-03  2.97600E-03
b   7    7  7   24  99  4.06340E-01 -2.33183E-02 -2.81269E+00  2.12528E+01  3.85274E+00  2.60600E-01  2.60600E-01
b   7   18  7   24  99  1.50465E-01  1.58625E+00 -3.14903E+01  2.77052E+02  2.00000E+01  4.33320E-02  4.33320E-02
b   7   19  7   24  99  1.86018E-01  1.82633E+00 -2.18738E+01  2.34819E+02  2.00000E+01  1.52000E-02  1.52000E-02
b   7   20  7   24  99  3.07268E-01  1.13196E+00  1.55820E+00 -5.63587E-01  2.18001E+00  3.10700E-02  3.10700E-02
b   7   21  7   24  99  2.93216E-01  1.09223E+00  2.09093E+00 -9.79824E-01  2.98497E+00  7.06900E-02  7.06900E-02
b   7   22  7   24  99  2.69156E-01  7.81401E-01  2.39053E+00 -1.35861E+00  3.52129E+00  2.23200E-01  2.23200E-01
b   7   23  7   24  99  2.21975E-01  3.19059E-01  2.05181E+00 -2.94866E-01  4.07124E+00  1.56400E+00  1.56400E+00
b   7    1  7   25  99  4.27230E-01  1.13969E-01 -3.19476E+00  2.16900E+01  3.81925E+00  2.06200E-03  2.06200E-03
b   7    8  7   25  99  4.06340E-01 -2.33183E-02 -2.81269E+00  2.12528E+01  3.85274E+00  2.60600E-01  2.60600E-01
b   7   18  7   25  99  1.50889E-01  1.59007E+00 -3.15265E+01  2.78318E+02  2.00000E+01  2.96820E-02  2.96820E-02
b   7   19  7   25  99  1.88906E-01  1.87913E+00 -2.21543E+01  2.39212E+02  2.00000E+01  9.85800E-03  9.85800E-03
b   7   20  7   25  99  3.13227E-01  1.26039E+00  1.55185E+00 -5.59234E-01  2.14916E+00  1.83300E-02  1.83300E-02
b   7   21  7   25  99  3.04468E-01  1.34574E+00  2.11822E+00 -1.02271E+00  2.95113E+00  3.51900E-02  3.51900E-02
b   7   22  7   25  99  2.88436E-01  1.18472E+00  2.50685E+00 -1.40932E+00  3.58248E+00  8.02100E-02  8.02100E-02
b   7   23  7   25  99  2.57737E-01  8.50668E-01  2.35946E+00 -2.97928E-01  4.28759E+00  2.51800E-01  2.51800E-01
b   7   24  7   25  99  2.12594E-01  3.58670E-01  1.91934E+00 -3.23801E-01  4.04796E+00  1.76800E+00  1.76800E+00
b   7    1  7   26  99  4.24869E-01  1.17085E-01 -3.20400E+00  2.16669E+01  3.82429E+00  1.48580E-03  1.48580E-03
b   7    9  7   26  99  4.06340E-01 -2.33183E-02 -2.81269E+00  2.12528E+01  3.85274E+00  2.60600E-01  2.60600E-01
b   7   18  7   26  99  1.50455E-01  1.58889E+00 -3.11424E+01  2.72331E+02  2.00000E+01  2.12280E-02  2.12280E-02
b   7   19  7   26  99  1.89281E-01  1.92139E+00 -2.20735E+01  2.34784E+02  2.00000E+01  6.79500E-03  6.79500E-03
b   7   20  7   26  99  3.17496E-01  1.35497E+00  1.55683E+00 -5.64670E-01  2.14111E+00  1.18700E-02  1.18700E-02
b   7   21  7   26  99  3.12842E-01  1.53057E+00  2.18028E+00 -1.02994E+00  3.00690E+00  2.05700E-02  2.05700E-02
b   7   22  7   26  99  3.00541E-01  1.49634E+00  2.54550E+00 -1.36951E+00  3.59828E+00  3.93900E-02  3.93900E-02
b   7   23  7   26  99  2.74784E-01  1.31119E+00  2.28677E+00 -1.23780E+00  3.58496E+00  8.90700E-02  8.90700E-02
b   7   24  7   26  99  2.46686E-01  9.13314E-01  2.16849E+00 -2.26361E-01  4.27361E+00  2.79800E-01  2.79800E-01
b   7   25  7   26  99  3.29018E-01  6.18462E-01  2.86354E+00 -4.30589E-01  4.03607E+00  1.22900E+00  1.22900E+00
f   7    1  6    1  99  5.00000E+00  9.91640E+00
p   7    1  6    1  98  1.59370E+00 -2.39500E+00 -1.53670E-01  1.65020E-02  5.00000E+00  2.62500E+02  2.73000E+02  5.25000E+03
f   7    2  6    1  99  1.00000E+00  7.41600E+00
p   7    2  6    1  99  1.00000E+00  7.41600E+00
f   7    3  6    1  99  1.00000E+00  7.12040E+00
p   7    3  6    1  99  1.00000E+00  7.12040E+00
f   7    4  6    1  99  1.00000E+00  7.01440E+00
p   7    4  6    1  99  1.00000E+00  7.01440E+00
f   7    5  6    1  99  1.00000E+00  7.05400E+00
p   7    5  6    1  99  1.00000E+00  7.05400E+00
f   7    6  6    1  99  1.00000E+00  7.04200E+00
p   7    6  6    1  99  1.00000E+00  7.04200E+00
f   7    7  6    1  99  1.00000E+00  7.00420E+00
p   7    7  6    1  99  1.00000E+00  7.00420E+00
f   7    8  6    1  99  1.00000E+00  7.00420E+00
p   7    8  6    1  99  1.00000E+00  7.00420E+00
f   7    9  6    1  99  1.00000E+00  7.00060E+00
p   7    9  6    1  99  1.00000E+00  7.00060E+00
f   7    2  6    2  99  4.00000E+00  7.41600E+00
p   7    2  6    2  98  1.59370E+00 -2.39500E+00 -1.53670E-01  1.65020E-02  5.00000E+00  2.62500E+02  2.73000E+02  5.25000E+03
f   7   10  6    2  99  2.00000E+00  7.98000E+00
p   7   10  6    2  99  2.00000E+00  7.98000E+00
f   7   11  6    2  99  1.00000E+00  7.17710E+00
p   7   11  6    2  99  1.00000E+00  7.17710E+00
f   7   12  6    2  99  1.00000E+00  7.03270E+00
p   7   12  6    2  99  1.00000E+00  7.03270E+00
f   7   13  6    2  99  1.00000E+00  7.06000E+00
p   7   13  6    2  99  1.00000E+00  7.06000E+00
f   7   14  6    2  99  1.00000E+00  7.04600E+00
p   7   14  6    2  99  1.00000E+00  7.04600E+00
f   7   15  6    2  99  1.00000E+00  7.01320E+00
p   7   15  6    2  99  1.00000E+00  7.01320E+00
f   7   16  6    2  99  1.00000E+00  7.01120E+00
p   7   16  6    2  99  1.00000E+00  7.01120E+00
f   7   17  6    2  99  1.00000E+00  7.00060E+00
p   7   17  6    2  99  1.00000E+00  7.00060E+00
f   7    3  6    3  99  4.00000E+00  7.12040E+00
p   7    3  6    3  98  1.59370E+00 -2.39500E+00 -1.53670E-01  1.65020E-02  5.00000E+00  2.62500E+02  2.73000E+02  5.25000E+03
f   7   11  6    3  99  1.00000E+00  7.17710E+00
p   7   11  6    3  99  1.00000E+00  7.17710E+00
f   7    4  6    4  99  4.00000E+00  7.01440E+00
p   7    4  6    4  98  1.59370E+00 -2.39500E+00 -1.53670E-01  1.65020E-02  5.00000E+00  2.62500E+02  2.73000E+02  5.25000E+03
f   7   12  6    4  99  1.00000E+00  7.03270E+00
p   7   12  6    4  99  1.00000E+00  7.03270E+00
f   7    5  6    5  99  4.00000E+00  7.05400E+00
p   7    5  6    5  98  1.59370E+00 -2.39500E+00 -1.53670E-01  1.65020E-02  5.00000E+00  2.62500E+02  2.73000E+02  5.25000E+03
f   7   13  6    5  99  1.00000E+00  7.06000E+00
p   7   13  6    5  99  1.00000E+00  7.06000E+00
f   7    6  6    6  99  4.00000E+00  7.04200E+00
p   7    6  6    6  98  1.59370E+00 -2.39500E+00 -1.53670E-01  1.65020E-02  5.00000E+00  2.62500E+02  2.73000E+02  5.25000E+03
f   7   14  6    6  99  1.00000E+00  7.04600E+00
p   7   14  6    6  99  1.00000E+00  7.04600E+00
f   7    7  6    7  99  4.00000E+00  7.00420E+00
p   7    7  6    7  98  1.59370E+00 -2.39500E+00 -1.53670E-01  1.65020E-02  5.00000E+00  2.62500E+02  2.73000E+02  5.25000E+03
f   7   15  6    7  99  1.00000E+00  7.01320E+00
p   7   15  6    7  99  1.00000E+00  7.01320E+00
f   7    8  6    8  99  4.00000E+00  7.00420E+00
p   7    8  6    8  98  1.59370E+00 -2.39500E+00 -1.53670E-01  1.65020E-02  5.00000E+00  2.62500E+02  2.73000E+02  5.25000E+03
f   7   16  6    8  99  1.00000E+00  7.01120E+00
p   7   16  6    8  99  1.00000E+00  7.01120E+00
f   7    9  6    9  99  4.00000E+00  7.00060E+00
p   7    9  6    9  98  1.59370E+00 -2.39500E+00 -1.53670E-01  1.65020E-02  5.00000E+00  2.62500E+02  2.73000E+02  5.25000E+03
f   7   17  6    9  99  1.00000E+00  7.00060E+00
p   7   17  6    9  99  1.00000E+00  7.00060E+00
f   7   10  6   10  99  3.00000E+00  7.98000E+00
p   7   10  6   10  98  1.59370E+00 -2.39500E+00 -1.53670E-01  1.65020E-02  5.00000E+00  2.62500E+02  2.73000E+02  5.25000E+03
f   7   11  6   11  99  3.00000E+00  7.17710E+00
p   7   11  6   11  98  1.59370E+00 -2.39500E+00 -1.53670E-01  1.65020E-02  5.00000E+00  2.62500E+02  2.73000E+02  5.25000E+03
f   7   12  6   12  99  3.00000E+00  7.03270E+00
p   7   12  6   12  98  1.59370E+00 -2.39500E+00 -1.53670E-01  1.65020E-02  5.00000E+00  2.62500E+02  2.73000E+02  5.25000E+03
f   7   13  6   13  99  3.00000E+00  7.06000E+00
p   7   13  6   13  98  1.59370E+00 -2.39500E+00 -1.53670E-01  1.65020E-02  5.00000E+00  2.62500E+02  2.73000E+02  5.25000E+03
f   7   14  6   14  99  3.00000E+00  7.04600E+00
p   7   14  6   14  98  1.59370E+00 -2.39500E+00 -1.53670E-01  1.65020E-02  5.00000E+00  2.62500E+02  2.73000E+02  5.25000E+03
f   7   15  6   15  99  3.00000E+00  7.01320E+00
p   7   15  6   15  98  1.59370E+00 -2.39500E+00 -1.53670E-01  1.65020E-02  5.00000E+00  2.62500E+02  2.73000E+02  5.25000E+03
f   7   16  6   16  99  3.00000E+00  7.01120E+00
p   7   16  6   16  98  1.59370E+00 -2.39500E+00 -1.53670E-01  1.65020E-02  5.00000E+00  2.62500E+02  2.73000E+02  5.25000E+03
f   7   17  6   17  99  3.00000E+00  7.00060E+00
p   7   17  6   17  98  1.59370E+00 -2.39500E+00 -1.53670E-01  1.65020E-02  5.00000E+00  2.62500E+02  2.73000E+02  5.25000E+03
f   7    1  6   18  99  2.00000E+00  9.91640E+00
p   7    1  6   18  98  2.14080E+00 -2.45250E+00 -2.07490E-01  2.03660E-02  2.00000E+00  1.73400E+03  1.80300E+03  3.46700E+04
f   7   18  6   18  99  6.00000E+00  1.05525E+01
p   7   18  6   18  98  1.59370E+00 -2.39500E+00 -1.53670E-01  1.65020E-02  5.00000E+00  2.62500E+02  2.73000E+02  5.25000E+03
f   7   19  6   18  99  1.00000E+00  7.49600E+00
p   7   19  6   18  99  1.00000E+00  7.49600E+00
f   7   20  6   18  99  1.00000E+00  7.14360E+00
p   7   20  6   18  99  1.00000E+00  7.14360E+00
f   7   21  6   18  99  1.00000E+00  7.01350E+00
p   7   21  6   18  99  1.00000E+00  7.01350E+00
f   7   22  6   18  99  1.00000E+00  7.06300E+00
p   7   22  6   18  99  1.00000E+00  7.06300E+00
f   7   23  6   18  99  1.00000E+00  7.05100E+00
p   7   23  6   18  99  1.00000E+00  7.05100E+00
f   7   24  6   18  99  1.00000E+00  7.00510E+00
p   7   24  6   18  99  1.00000E+00  7.00510E+00
f   7   25  6   18  99  1.00000E+00  7.00510E+00
p   7   25  6   18  99  1.00000E+00  7.00510E+00
f   7   26  6   18  99  1.00000E+00  7.00060E+00
p   7   26  6   18  99  1.00000E+00  7.00060E+00
f   7    2  6   19  99  2.00000E+00  7.41600E+00
p   7    2  6   19  98  2.14080E+00 -2.45250E+00 -2.07490E-01  2.03660E-02  2.00000E+00  1.73400E+03  1.80300E+03  3.46700E+04
f   7   19  6   19  99  5.00000E+00  7.49600E+00
p   7   19  6   19  98  1.59370E+00 -2.39500E+00 -1.53670E-01  1.65020E-02  5.00000E+00  2.62500E+02  2.73000E+02  5.25000E+03
f   7    3  6   20  99  2.00000E+00  7.12040E+00
p   7    3  6   20  98  2.14080E+00 -2.45250E+00 -2.07490E-01  2.03660E-02  2.00000E+00  1.73400E+03  1.80300E+03  3.46700E+04
f   7   20  6   20  99  5.00000E+00  7.14360E+00
p   7   20  6   20  98  1.59370E+00 -2.39500E+00 -1.53670E-01  1.65020E-02  5.00000E+00  2.62500E+02  2.73000E+02  5.25000E+03
f   7    4  6   21  99  2.00000E+00  7.01440E+00
p   7    4  6   21  98  2.14080E+00 -2.45250E+00 -2.07490E-01  2.03660E-02  2.00000E+00  1.73400E+03  1.80300E+03  3.46700E+04
f   7   21  6   21  99  5.00000E+00  7.01350E+00
p   7   21  6   21  98  1.59370E+00 -2.39500E+00 -1.53670E-01  1.65020E-02  5.00000E+00  2.62500E+02  2.73000E+02  5.25000E+03
f   7    5  6   22  99  2.00000E+00  7.05400E+00
p   7    5  6   22  98  2.14080E+00 -2.45250E+00 -2.07490E-01  2.03660E-02  2.00000E+00  1.73400E+03  1.80300E+03  3.46700E+04
f   7   22  6   22  99  5.00000E+00  7.06300E+00
p   7   22  6   22  98  1.59370E+00 -2.39500E+00 -1.53670E-01  1.65020E-02  5.00000E+00  2.62500E+02  2.73000E+02  5.25000E+03
f   7    6  6   23  99  2.00000E+00  7.04200E+00
p   7    6  6   23  98  2.14080E+00 -2.45250E+00 -2.07490E-01  2.03660E-02  2.00000E+00  1.73400E+03  1.80300E+03  3.46700E+04
f   7   23  6   23  99  5.00000E+00  7.05100E+00
p   7   23  6   23  98  1.59370E+00 -2.39500E+00 -1.53670E-01  1.65020E-02  5.00000E+00  2.62500E+02  2.73000E+02  5.25000E+03
f   7    7  6   24  99  2.00000E+00  7.00420E+00
p   7    7  6   24  98  2.14080E+00 -2.45250E+00 -2.07490E-01  2.03660E-02  2.00000E+00  1.73400E+03  1.80300E+03  3.46700E+04
f   7   24  6   24  99  5.00000E+00  7.00510E+00
p   7   24  6   24  98  1.59370E+00 -2.39500E+00 -1.53670E-01  1.65020E-02  5.00000E+00  2.62500E+02  2.73000E+02  5.25000E+03
f   7    8  6   25  99  2.00000E+00  7.00420E+00
p   7    8  6   25  98  2.14080E+00 -2.45250E+00 -2.07490E-01  2.03660E-02  2.00000E+00  1.73400E+03  1.80300E+03  3.46700E+04
f   7   25  6   25  99  5.00000E+00  7.00510E+00
p   7   25  6   25  98  1.59370E+00 -2.39500E+00 -1.53670E-01  1.65020E-02  5.00000E+00  2.62500E+02  2.73000E+02  5.25000E+03
f   7    9  6   26  99  2.00000E+00  7.00060E+00
p   7    9  6   26  98  2.14080E+00 -2.45250E+00 -2.07490E-01  2.03660E-02  2.00000E+00  1.73400E+03  1.80300E+03  3.46700E+04
f   7   26  6   26  99  5.00000E+00  7.00060E+00
p   7   26  6   26  98  1.59370E+00 -2.39500E+00 -1.53670E-01  1.65020E-02  5.00000E+00  2.62500E+02  2.73000E+02  5.25000E+03
a   7   10  6    1   8.60325E+13
a   7   11  6    1   1.47906E+13
a   7   12  6    1   4.55906E+12
a   7   13  6    1   1.79297E+12
a   7   14  6    1   8.29538E+11
a   7   15  6    1   4.25475E+11
a   7   16  6    1   2.36119E+11
a   7   17  6    1   1.39421E+11
a   7   18  6    1   4.72260E+14
a   7   19  6    1   1.13450E+13
a   7   20  6    1   2.24128E+12
a   7   21  6    1   6.84875E+11
a   7   22  6    1   2.64325E+11
a   7   23  6    1   1.22292E+11
a   7   24  6    1   6.27250E+10
a   7   25  6    1   3.48075E+10
a   7   26  6    1   2.05538E+10
a   7   19  6    2   3.14840E+14
a   7   20  6    3   3.14840E+14
a   7   21  6    4   3.14840E+14
a   7   22  6    5   3.14840E+14
a   7   23  6    6   3.14840E+14
a   7   24  6    7   3.14840E+14
a   7   25  6    8   3.14840E+14
a   7   26  6    9   3.14840E+14
b   8    1  8    2  99  1.24229E-01  1.19061E+00 -2.57543E+01  2.40210E+02  2.00000E+01  1.64640E+00  1.64640E+00
b   8    1  8    3  99  1.13203E-01  1.29440E+00 -2.34985E+01  1.70601E+02  2.00000E+01  5.11860E-01  5.11860E-01
b   8    2  8    3  99  2.17675E-01  2.08924E-01  1.13430E+00 -3.65990E-01  2.03496E+00  6.51900E-01  6.51900E-01
b   8    1  8    4  99  1.11412E-01  1.27402E+00 -2.24794E+01  1.61514E+02  2.00000E+01  2.28000E-01  2.28000E-01
b   8    2  8    4  99  2.74567E-01  4.00797E-01  1.49741E+00 -5.30557E-01  2.13636E+00  1.35800E-01  1.35800E-01
b   8    3  8    4  99  2.39661E-01  1.51041E-01  2.26129E+00 -1.27397E+00  3.35086E+00  9.28100E-01  9.28100E-01
b   8    1  8    5  99  1.34827E-01  1.57274E+00 -2.85034E+01  2.07582E+02  2.00000E+01  1.02480E-01  1.02480E-01
b   8    2  8    5  99  3.78849E-01  6.10914E-01  2.08443E+00 -7.69398E-01  2.13187E+00  4.62300E-02  4.62300E-02
b   8    3  8    5  99  2.94259E-01  6.46081E-01  2.20751E+00 -1.06201E+00  2.94513E+00  1.55500E-01  1.55500E-01
b   8    4  8    5  99  2.44942E-01  2.43734E-01  2.37337E+00 -4.08074E-01  4.06653E+00  1.11400E+00  1.11400E+00
b   8    1  8    6  99  1.38258E-01  1.56230E+00 -2.89041E+01  2.22221E+02  2.00000E+01  6.17400E-02  6.17400E-02
b   8    2  8    6  99  3.86581E-01  7.19894E-01  2.03883E+00 -7.06743E-01  2.08209E+00  2.40400E-02  2.40400E-02
b   8    3  8    6  99  3.12732E-01  9.15833E-01  2.28846E+00 -1.12157E+00  2.92512E+00  5.91500E-02  5.91500E-02
b   8    4  8    6  99  2.79454E-01  7.41458E-01  2.48942E+00 -1.37154E+00  3.51690E+00  1.88400E-01  1.88400E-01
b   8    5  8    6  99  2.26911E-01  3.18434E-01  2.08865E+00 -2.88747E-01  4.06336E+00  1.35400E+00  1.35400E+00
b   8    1  8    7  99  1.38350E-01  1.56117E+00 -2.89005E+01  2.23774E+02  2.00000E+01  4.01880E-02  4.01880E-02
b   8    2  8    7  99  3.93087E-01  7.81511E-01  2.07921E+00 -6.73611E-01  2.13361E+00  1.43300E-02  1.43300E-02
b   8    3  8    7  99  3.22449E-01  1.10003E+00  2.29306E+00 -1.06624E+00  2.91384E+00  2.99800E-02  2.99800E-02
b   8    4  8    7  99  2.99315E-01  1.09204E+00  2.63886E+00 -1.43081E+00  3.59092E+00  6.90100E-02  6.90100E-02
b   8    5  8    7  99  2.61918E-01  8.33668E-01  2.38777E+00 -2.80472E-01  4.26727E+00  2.20800E-01  2.20800E-01
b   8    6  8    7  99  2.15186E-01  3.69605E-01  1.91116E+00 -2.90426E-01  4.02135E+00  1.56600E+00  1.56600E+00
b   8    1  8    8  99  1.37083E-01  1.55645E+00 -2.83614E+01  2.15328E+02  2.00000E+01  2.76480E-02  2.76480E-02
b   8    2  8    8  99  3.97515E-01  8.24091E-01  2.10371E+00 -6.96954E-01  2.13031E+00  9.31800E-03  9.31800E-03
b   8    3  8    8  99  3.29730E-01  1.22384E+00  2.34006E+00 -1.09266E+00  2.92837E+00  1.76900E-02  1.76900E-02
b   8    4  8    8  99  2.92799E-01  1.43629E+00  1.95408E+00 -9.12950E-01  2.95624E+00  3.43000E-02  3.43000E-02
b   8    5  8    8  99  2.77742E-01  1.26074E+00  2.31624E+00 -1.26835E+00  3.56658E+00  7.90000E-02  7.90000E-02
b   8    6  8    8  99  2.48313E-01  9.15366E-01  2.12870E+00 -1.84542E-01  4.18880E+00  2.50000E-01  2.50000E-01
b   8    7  8    8  99  2.06401E-01  4.07126E-01  1.78498E+00 -2.68546E-01  4.02955E+00  1.77200E+00  1.77200E+00
b   8    1  8    9  99  1.37394E-01  1.55819E+00 -2.85819E+01  2.19710E+02  2.00000E+01  1.98360E-02  1.98360E-02
b   8    2  8    9  99  3.98633E-01  8.63217E-01  2.07904E+00 -6.84643E-01  2.11049E+00  6.43300E-03  6.43300E-03
b   8    3  8    9  99  3.04391E-01  1.45045E+00  1.43350E+00 -5.01671E-01  2.15618E+00  1.14600E-02  1.14600E-02
b   8    4  8    9  99  3.00145E-01  1.63065E+00  1.97003E+00 -9.37471E-01  2.93466E+00  2.00400E-02  2.00400E-02
b   8    5  8    9  99  2.89427E-01  1.57900E+00  2.36428E+00 -1.26376E+00  3.59721E+00  3.87200E-02  3.87200E-02
b   8    6  8    9  99  2.68472E-01  1.36291E+00  2.29467E+00 -2.02266E-01  4.31775E+00  8.81000E-02  8.81000E-02
b   8    7  8    9  99  2.39729E-01  9.64835E-01  2.01201E+00 -1.63444E-01  4.21541E+00  2.78500E-01  2.78500E-01
b   8    8  8    9  99  2.52479E-01  5.38132E-01  2.10573E+00 -2.91663E-01  3.99273E+00  1.56700E+00  1.56700E+00
b   8    1  8   10  98  0.00000E+00  0.00000E+00  0.00000E+00  0.00000E+00  0.00000E+00  6.85608E-02  1.37122E-03
b   8    2  8   10  99  1.24229E-01  1.19061E+00 -2.57543E+01  2.40210E+02  2.00000E+01  1.29578E+00  1.29578E+00
b   8    1  8   11  98  0.00000E+00  0.00000E+00  0.00000E+00  0.00000E+00  0.00000E+00  1.11696E-01  2.23392E-03
b   8    2  8   11  99  1.13203E-01  1.29440E+00 -2.34985E+01  1.70601E+02  2.00000E+01  4.26550E-01  4.26550E-01
b   8    3  8   11  99  1.24229E-01  1.19061E+00 -2.57543E+01  2.40210E+02  2.00000E+01  1.37200E+00  1.37200E+00
b   8   10  8   11  99  2.17675E-01  2.08924E-01  1.13430E+00 -3.65990E-01  2.03496E+00  1.30380E+00  1.30380E+00
b   8    1  8   12  98  0.00000E+00  0.00000E+00  0.00000E+00  0.00000E+00  0.00000E+00  1.62173E-01  3.24345E-03
b   8    2  8   12  99  1.11412E-01  1.27402E+00 -2.24794E+01  1.61514E+02  2.00000E+01  1.90000E-01  1.90000E-01
b   8    4  8   12  99  1.24229E-01  1.19061E+00 -2.57543E+01  2.40210E+02  2.00000E+01  1.37200E+00  1.37200E+00
b   8   10  8   12  99  2.74567E-01  4.00797E-01  1.49741E+00 -5.30557E-01  2.13636E+00  2.71600E-01  2.71600E-01
b   8   11  8   12  99  2.39661E-01  1.51041E-01  2.26129E+00 -1.27397E+00  3.35086E+00  9.28100E-01  9.28100E-01
b   8    1  8   13  98  0.00000E+00  0.00000E+00  0.00000E+00  0.00000E+00  0.00000E+00  2.25730E-01  4.51460E-03
b   8    2  8   13  99  1.34827E-01  1.57274E+00 -2.85034E+01  2.07582E+02  2.00000E+01  8.54000E-02  8.54000E-02
b   8    5  8   13  99  1.24229E-01  1.19061E+00 -2.57543E+01  2.40210E+02  2.00000E+01  1.37200E+00  1.37200E+00
b   8   10  8   13  99  3.78849E-01  6.10914E-01  2.08443E+00 -7.69398E-01  2.13187E+00  9.24600E-02  9.24600E-02
b   8   11  8   13  99  2.94259E-01  6.46081E-01  2.20751E+00 -1.06201E+00  2.94513E+00  1.55500E-01  1.55500E-01
b   8   12  8   13  99  2.44942E-01  2.43734E-01  2.37337E+00 -4.08074E-01  4.06653E+00  1.11400E+00  1.11400E+00
b   8    1  8   14  98  0.00000E+00  0.00000E+00  0.00000E+00  0.00000E+00  0.00000E+00  3.00594E-01  6.01187E-03
b   8    2  8   14  99  1.38258E-01  1.56230E+00 -2.89041E+01  2.22221E+02  2.00000E+01  5.14500E-02  5.14500E-02
b   8    6  8   14  99  1.24229E-01  1.19061E+00 -2.57543E+01  2.40210E+02  2.00000E+01  1.37200E+00  1.37200E+00
b   8   10  8   14  99  3.86581E-01  7.19894E-01  2.03883E+00 -7.06743E-01  2.08209E+00  4.80800E-02  4.80800E-02
b   8   11  8   14  99  3.12732E-01  9.15833E-01  2.28846E+00 -1.12157E+00  2.92512E+00  5.91500E-02  5.91500E-02
b   8   12  8   14  99  2.79454E-01  7.41458E-01  2.48942E+00 -1.37154E+00  3.51690E+00  1.88400E-01  1.88400E-01
b   8   13  8   14  99  2.26911E-01  3.18434E-01  2.08865E+00 -2.88747E-01  4.06336E+00  1.35400E+00  1.35400E+00
b   8    1  8   15  98  0.00000E+00  0.00000E+00  0.00000E+00  0.00000E+00  0.00000E+00  3.86902E-01  7.73805E-03
b   8    2  8   15  99  1.38350E-01  1.56117E+00 -2.89005E+01  2.23774E+02  2.00000E+01  3.34900E-02  3.34900E-02
b   8    7  8   15  99  1.24229E-01  1.19061E+00 -2.57543E+01  2.40210E+02  2.00000E+01  1.37200E+00  1.37200E+00
b   8   10  8   15  99  3.93087E-01  7.81511E-01  2.07921E+00 -6.73611E-01  2.13361E+00  2.86600E-02  2.86600E-02
b   8   11  8   15  99  3.22449E-01  1.10003E+00  2.29306E+00 -1.06624E+00  2.91384E+00  2.99800E-02  2.99800E-02
b   8   12  8   15  99  2.99315E-01  1.09204E+00  2.63886E+00 -1.43081E+00  3.59092E+00  6.90100E-02  6.90100E-02
b   8   13  8   15  99  2.61918E-01  8.33668E-01  2.38777E+00 -2.80472E-01  4.26727E+00  2.20800E-01  2.20800E-01
b   8   14  8   15  99  2.15186E-01  3.69605E-01  1.91116E+00 -2.90426E-01  4.02135E+00  1.56600E+00  1.56600E+00
b   8    1  8   16  98  0.00000E+00  0.00000E+00  0.00000E+00  0.00000E+00  0.00000E+00  4.85159E-01  9.70319E-03
b   8    2  8   16  99  1.37083E-01  1.55645E+00 -2.83614E+01  2.15328E+02  2.00000E+01  2.30400E-02  2.30400E-02
b   8    8  8   16  99  1.24229E-01  1.19061E+00 -2.57543E+01  2.40210E+02  2.00000E+01  1.37200E+00  1.37200E+00
b   8   10  8   16  99  3.97515E-01  8.24091E-01  2.10371E+00 -6.96954E-01  2.13031E+00  1.86360E-02  1.86360E-02
b   8   11  8   16  99  3.29730E-01  1.22384E+00  2.34006E+00 -1.09266E+00  2.92837E+00  1.76900E-02  1.76900E-02
b   8   12  8   16  99  2.92799E-01  1.43629E+00  1.95408E+00 -9.12950E-01  2.95624E+00  3.43000E-02  3.43000E-02
b   8   13  8   16  99  2.77742E-01  1.26074E+00  2.31624E+00 -1.26835E+00  3.56658E+00  7.90000E-02  7.90000E-02
b   8   14  8   16  99  2.48313E-01  9.15366E-01  2.12870E+00 -1.84542E-01  4.18880E+00  2.50000E-01  2.50000E-01
b   8   15  8   16  99  2.06401E-01  4.07126E-01  1.78498E+00 -2.68546E-01  4.02955E+00  1.77200E+00  1.77200E+00
b   8    1  8   17  98  0.00000E+00  0.00000E+00  0.00000E+00  0.00000E+00  0.00000E+00  5.95029E-01  1.19006E-02
b   8    2  8   17  99  1.37394E-01  1.55819E+00 -2.85819E+01  2.19710E+02  2.00000E+01  1.65300E-02  1.65300E-02
b   8    9  8   17  99  1.24229E-01  1.19061E+00 -2.57543E+01  2.40210E+02  2.00000E+01  1.37200E+00  1.37200E+00
b   8   10  8   17  99  3.98633E-01  8.63217E-01  2.07904E+00 -6.84643E-01  2.11049E+00  1.28660E-02  1.28660E-02
b   8   11  8   17  99  3.04391E-01  1.45045E+00  1.43350E+00 -5.01671E-01  2.15618E+00  1.14600E-02  1.14600E-02
b   8   12  8   17  99  3.00145E-01  1.63065E+00  1.97003E+00 -9.37471E-01  2.93466E+00  2.00400E-02  2.00400E-02
b   8   13  8   17  99  2.89427E-01  1.57900E+00  2.36428E+00 -1.26376E+00  3.59721E+00  3.87200E-02  3.87200E-02
b   8   14  8   17  99  2.68472E-01  1.36291E+00  2.29467E+00 -2.02266E-01  4.31775E+00  8.81000E-02  8.81000E-02
b   8   15  8   17  99  2.39729E-01  9.64835E-01  2.01201E+00 -1.63444E-01  4.21541E+00  2.78500E-01  2.78500E-01
b   8   16  8   17  99  2.52479E-01  5.38132E-01  2.10573E+00 -2.91663E-01  3.99273E+00  1.56700E+00  1.56700E+00
b   8    1  8   18  99  4.10348E-01 -3.08938E-02 -2.79789E+00  2.13642E+01  3.84951E+00  1.21050E-01  1.21050E-01
b   8    1  8   19  99  4.01015E-01  5.46478E-02 -2.84342E+00  2.03333E+01  3.82349E+00  6.82000E-02  6.82000E-02
b   8    2  8   19  99  4.10348E-01 -3.08938E-02 -2.79789E+00  2.13642E+01  3.84951E+00  1.81575E-01  1.81575E-01
b   8   18  8   19  99  1.24229E-01  1.19061E+00 -2.57543E+01  2.40210E+02  2.00000E+01  1.92080E+00  1.92080E+00
b   8    1  8   20  99  3.99122E-01  7.55821E-02 -2.88286E+00  2.02317E+01  3.82326E+00  2.48200E-02  2.48200E-02
b   8    3  8   20  99  4.10348E-01 -3.08938E-02 -2.79789E+00  2.13642E+01  3.84951E+00  1.81575E-01  1.81575E-01
b   8   18  8   20  99  1.13203E-01  1.29440E+00 -2.34985E+01  1.70601E+02  2.00000E+01  5.97170E-01  5.97170E-01
b   8   19  8   20  99  2.17675E-01  2.08924E-01  1.13430E+00 -3.65990E-01  2.03496E+00  6.51900E-01  6.51900E-01
b   8    1  8   21  99  3.93936E-01  7.65333E-02 -2.81844E+00  1.98320E+01  3.81885E+00  1.18440E-02  1.18440E-02
b   8    4  8   21  99  4.10348E-01 -3.08938E-02 -2.79789E+00  2.13642E+01  3.84951E+00  1.81575E-01  1.81575E-01
b   8   18  8   21  99  1.11412E-01  1.27402E+00 -2.24794E+01  1.61514E+02  2.00000E+01  2.66000E-01  2.66000E-01
b   8   19  8   21  99  2.74567E-01  4.00797E-01  1.49741E+00 -5.30557E-01  2.13636E+00  1.35800E-01  1.35800E-01
b   8   20  8   21  99  2.39661E-01  1.51041E-01  2.26129E+00 -1.27397E+00  3.35086E+00  9.28100E-01  9.28100E-01
b   8    1  8   22  99  4.40072E-01  7.99246E-02 -3.21295E+00  2.24261E+01  3.82420E+00  5.98600E-03  5.98600E-03
b   8    5  8   22  99  4.10348E-01 -3.08938E-02 -2.79789E+00  2.13642E+01  3.84951E+00  1.81575E-01  1.81575E-01
b   8   18  8   22  99  1.34827E-01  1.57274E+00 -2.85034E+01  2.07582E+02  2.00000E+01  1.19560E-01  1.19560E-01
b   8   19  8   22  99  3.78849E-01  6.10914E-01  2.08443E+00 -7.69398E-01  2.13187E+00  4.62300E-02  4.62300E-02
b   8   20  8   22  99  2.94259E-01  6.46081E-01  2.20751E+00 -1.06201E+00  2.94513E+00  1.55500E-01  1.55500E-01
b   8   21  8   22  99  2.44942E-01  2.43734E-01  2.37337E+00 -4.08074E-01  4.06653E+00  1.11400E+00  1.11400E+00
b   8    1  8   23  99  4.34690E-01  8.29399E-02 -3.19111E+00  2.21739E+01  3.82393E+00  3.66800E-03  3.66800E-03
b   8    6  8   23  99  4.10348E-01 -3.08938E-02 -2.79789E+00  2.13642E+01  3.84951E+00  1.81575E-01  1.81575E-01
b   8   18  8   23  99  1.38258E-01  1.56230E+00 -2.89041E+01  2.22221E+02  2.00000E+01  7.20300E-02  7.20300E-02
b   8   19  8   23  99  3.86581E-01  7.19894E-01  2.03883E+00 -7.06743E-01  2.08209E+00  2.40400E-02  2.40400E-02
b   8   20  8   23  99  3.12732E-01  9.15833E-01  2.28846E+00 -1.12157E+00  2.92512E+00  5.91500E-02  5.91500E-02
b   8   21  8   23  99  2.79454E-01  7.41458E-01  2.48942E+00 -1.37154E+00  3.51690E+00  1.88400E-01  1.88400E-01
b   8   22  8   23  99  2.26911E-01  3.18434E-01  2.08865E+00 -2.88747E-01  4.06336E+00  1.35400E+00  1.35400E+00
b   8    1  8   24  99  4.30028E-01  8.86520E-02 -3.20452E+00  2.20918E+01  3.83055E+00  2.40800E-03  2.40800E-03
b   8    7  8   24  99  4.10348E-01 -3.08938E-02 -2.79789E+00  2.13642E+01  3.84951E+00  1.81575E-01  1.81575E-01
b   8   18  8   24  99  1.38350E-01  1.56117E+00 -2.89005E+01  2.23774E+02  2.00000E+01  4.68860E-02  4.68860E-02
b   8   19  8   24  99  3.93087E-01  7.81511E-01  2.07921E+00 -6.73611E-01  2.13361E+00  1.43300E-02  1.43300E-02
b   8   20  8   24  99  3.22449E-01  1.10003E+00  2.29306E+00 -1.06624E+00  2.91384E+00  2.99800E-02  2.99800E-02
b   8   21  8   24  99  2.99315E-01  1.09204E+00  2.63886E+00 -1.43081E+00  3.59092E+00  6.90100E-02  6.90100E-02
b   8   22  8   24  99  2.61918E-01  8.33668E-01  2.38777E+00 -2.80472E-01  4.26727E+00  2.20800E-01  2.20800E-01
b   8   23  8   24  99  2.15186E-01  3.69605E-01  1.91116E+00 -2.90426E-01  4.02135E+00  1.56600E+00  1.56600E+00
b   8    1  8   25  99  4.28410E-01  8.57317E-02 -3.16162E+00  2.18718E+01  3.82360E+00  1.66500E-03  1.66500E-03
b   8    8  8   25  99  4.10348E-01 -3.08938E-02 -2.79789E+00  2.13642E+01  3.84951E+00  1.81575E-01  1.81575E-01
b   8   18  8   25  99  1.37083E-01  1.55645E+00 -2.83614E+01  2.15328E+02  2.00000E+01  3.22560E-02  3.22560E-02
b   8   19  8   25  99  3.97515E-01  8.24091E-01  2.10371E+00 -6.96954E-01  2.13031E+00  9.31800E-03  9.31800E-03
b   8   20  8   25  99  3.29730E-01  1.22384E+00  2.34006E+00 -1.09266E+00  2.92837E+00  1.76900E-02  1.76900E-02
b   8   21  8   25  99  2.92799E-01  1.43629E+00  1.95408E+00 -9.12950E-01  2.95624E+00  3.43000E-02  3.43000E-02
b   8   22  8   25  99  2.77742E-01  1.26074E+00  2.31624E+00 -1.26835E+00  3.56658E+00  7.90000E-02  7.90000E-02
b   8   23  8   25  99  2.48313E-01  9.15366E-01  2.12870E+00 -1.84542E-01  4.18880E+00  2.50000E-01  2.50000E-01
b   8   24  8   25  99  2.06401E-01  4.07126E-01  1.78498E+00 -2.68546E-01  4.02955E+00  1.77200E+00  1.77200E+00
b   8    1  8   26  99  4.26597E-01  8.63051E-02 -3.15913E+00  2.18339E+01  3.82677E+00  1.19780E-03  1.19780E-03
b   8    9  8   26  99  4.10348E-01 -3.08938E-02 -2.79789E+00  2.13642E+01  3.84951E+00  1.81575E-01  1.81575E-01
b   8   18  8   26  99  1.37394E-01  1.55819E+00 -2.85819E+01  2.19710E+02  2.00000E+01  2.31420E-02  2.31420E-02
b   8   19  8   26  99  3.98633E-01  8.63217E-01  2.07904E+00 -6.84643E-01  2.11049E+00  6.43300E-03  6.43300E-03
b   8   20  8   26  99  3.04391E-01  1.45045E+00  1.43350E+00 -5.01671E-01  2.15618E+00  1.14600E-02  1.14600E-02
b   8   21  8   26  99  3.00145E-01  1.63065E+00  1.97003E+00 -9.37471E-01  2.93466E+00  2.00400E-02  2.00400E-02
b   8   22  8   26  99  2.89427E-01  1.57900E+00  2.36428E+00 -1.26376E+00  3.59721E+00  3.87200E-02  3.87200E-02
b   8   23  8   26  99  2.68472E-01  1.36291E+00  2.29467E+00 -2.02266E-01  4.31775E+00  8.81000E-02  8.81000E-02
b   8   24  8   26  99  2.39729E-01  9.64835E-01  2.01201E+00 -1.63444E-01  4.21541E+00  2.78500E-01  2.78500E-01
b   8   25  8   26  99  2.52479E-01  5.38132E-01  2.10573E+00 -2.91663E-01  3.99273E+00  1.56700E+00  1.56700E+00
f   8    1  7    1  99  6.00000E+00  9.61450E+00
p   8    1  7    1  98  1.67880E+00 -2.27110E+00 -1.97700E-01  2.30360E-02  6.00000E+00  2.24300E+02  2.33300E+02  4.48600E+03
f   8    2  7    1  99  1.00000E+00  6.51200E+00
p   8    2  7    1  99  1.00000E+00  6.51200E+00
f   8    3  7    1  99  1.00000E+00  6.14820E+00
p   8    3  7    1  99  1.00000E+00  6.14820E+00
f   8    4  7    1  99  1.00000E+00  6.01650E+00
p   8    4  7    1  99  1.00000E+00  6.01650E+00
f   8    5  7    1  99  1.00000E+00  6.06600E+00
p   8    5  7    1  99  1.00000E+00  6.06600E+00
f   8    6  7    1  99  1.00000E+00  6.05200E+00
p   8    6  7    1  99  1.00000E+00  6.05200E+00
f   8    7  7    1  99  1.00000E+00  6.00520E+00
p   8    7  7    1  99  1.00000E+00  6.00520E+00
f   8    8  7    1  99  1.00000E+00  6.00520E+00
p   8    8  7    1  99  1.00000E+00  6.00520E+00
f   8    9  7    1  99  1.00000E+00  6.00070E+00
p   8    9  7    1  99  1.00000E+00  6.00070E+00
f   8    2  7    2  99  5.00000E+00  6.51200E+00
p   8    2  7    2  98  1.67880E+00 -2.27110E+00 -1.97700E-01  2.30360E-02  6.00000E+00  2.24300E+02  2.33300E+02  4.48600E+03
f   8   10  7    2  99  2.00000E+00  7.07600E+00
p   8   10  7    2  99  2.00000E+00  7.07600E+00
f   8   11  7    2  99  1.00000E+00  6.20490E+00
p   8   11  7    2  99  1.00000E+00  6.20490E+00
f   8   12  7    2  99  1.00000E+00  6.03480E+00
p   8   12  7    2  99  1.00000E+00  6.03480E+00
f   8   13  7    2  99  1.00000E+00  6.07200E+00
p   8   13  7    2  99  1.00000E+00  6.07200E+00
f   8   14  7    2  99  1.00000E+00  6.05600E+00
p   8   14  7    2  99  1.00000E+00  6.05600E+00
f   8   15  7    2  99  1.00000E+00  6.01420E+00
p   8   15  7    2  99  1.00000E+00  6.01420E+00
f   8   16  7    2  99  1.00000E+00  6.01220E+00
p   8   16  7    2  99  1.00000E+00  6.01220E+00
f   8   17  7    2  99  1.00000E+00  6.00070E+00
p   8   17  7    2  99  1.00000E+00  6.00070E+00
f   8    3  7    3  99  5.00000E+00  6.14820E+00
p   8    3  7    3  98  1.67880E+00 -2.27110E+00 -1.97700E-01  2.30360E-02  6.00000E+00  2.24300E+02  2.33300E+02  4.48600E+03
f   8   11  7    3  99  1.00000E+00  6.20490E+00
p   8   11  7    3  99  1.00000E+00  6.20490E+00
f   8    4  7    4  99  5.00000E+00  6.01650E+00
p   8    4  7    4  98  1.67880E+00 -2.27110E+00 -1.97700E-01  2.30360E-02  6.00000E+00  2.24300E+02  2.33300E+02  4.48600E+03
f   8   12  7    4  99  1.00000E+00  6.03480E+00
p   8   12  7    4  99  1.00000E+00  6.03480E+00
f   8    5  7    5  99  5.00000E+00  6.06600E+00
p   8    5  7    5  98  1.67880E+00 -2.27110E+00 -1.97700E-01  2.30360E-02  6.00000E+00  2.24300E+02  2.33300E+02  4.48600E+03
f   8   13  7    5  99  1.00000E+00  6.07200E+00
p   8   13  7    5  99  1.00000E+00  6.07200E+00
f   8    6  7    6  99  5.00000E+00  6.05200E+00
p   8    6  7    6  98  1.67880E+00 -2.27110E+00 -1.97700E-01  2.30360E-02  6.00000E+00  2.24300E+02  2.33300E+02  4.48600E+03
f   8   14  7    6  99  1.00000E+00  6.05600E+00
p   8   14  7    6  99  1.00000E+00  6.05600E+00
f   8    7  7    7  99  5.00000E+00  6.00520E+00
p   8    7  7    7  98  1.67880E+00 -2.27110E+00 -1.97700E-01  2.30360E-02  6.00000E+00  2.24300E+02  2.33300E+02  4.48600E+03
f   8   15  7    7  99  1.00000E+00  6.01420E+00
p   8   15  7    7  99  1.00000E+00  6.01420E+00
f   8    8  7    8  99  5.00000E+00  6.00520E+00
p   8    8  7    8  98  1.67880E+00 -2.27110E+00 -1.97700E-01  2.30360E-02  6.00000E+00  2.24300E+02  2.33300E+02  4.48600E+03
f   8   16  7    8  99  1.00000E+00  6.01220E+00
p   8   16  7    8  99  1.00000E+00  6.01220E+00
f   8    9  7    9  99  5.00000E+00  6.00070E+00
p   8    9  7    9  98  1.67880E+00 -2.27110E+00 -1.97700E-01  2.30360E-02  6.00000E+00  2.24300E+02  2.33300E+02  4.48600E+03
f   8   17  7    9  99  1.00000E+00  6.00070E+00
p   8   17  7    9  99  1.00000E+00  6.00070E+00
f   8   10  7   10  99  4.00000E+00  7.07600E+00
p   8   10  7   10  98  1.67880E+00 -2.27110E+00 -1.97700E-01  2.30360E-02  6.00000E+00  2.24300E+02  2.33300E+02  4.48600E+03
f   8   11  7   11  99  4.00000E+00  6.20490E+00
p   8   11  7   11  98  1.67880E+00 -2.27110E+00 -1.97700E-01  2.30360E-02  6.00000E+00  2.24300E+02  2.33300E+02  4.48600E+03
f   8   12  7   12  99  4.00000E+00  6.03480E+00
p   8   12  7   12  98  1.67880E+00 -2.27110E+00 -1.97700E-01  2.30360E-02  6.00000E+00  2.24300E+02  2.33300E+02  4.48600E+03
f   8   13  7   13  99  4.00000E+00  6.07200E+00
p   8   13  7   13  98  1.67880E+00 -2.27110E+00 -1.97700E-01  2.30360E-02  6.00000E+00  2.24300E+02  2.33300E+02  4.48600E+03
f   8   14  7   14  99  4.00000E+00  6.05600E+00
p   8   14  7   14  98  1.67880E+00 -2.27110E+00 -1.97700E-01  2.30360E-02  6.00000E+00  2.24300E+02  2.33300E+02  4.48600E+03
f   8   15  7   15  99  4.00000E+00  6.01420E+00
p   8   15  7   15  98  1.67880E+00 -2.27110E+00 -1.97700E-01  2.30360E-02  6.00000E+00  2.24300E+02  2.33300E+02  4.48600E+03
f   8   16  7   16  99  4.00000E+00  6.01220E+00
p   8   16  7   16  98  1.67880E+00 -2.27110E+00 -1.97700E-01  2.30360E-02  6.00000E+00  2.24300E+02  2.33300E+02  4.48600E+03
f   8   17  7   17  99  4.00000E+00  6.00070E+00
p   8   17  7   17  98  1.67880E+00 -2.27110E+00 -1.97700E-01  2.30360E-02  6.00000E+00  2.24300E+02  2.33300E+02  4.48600E+03
f   8    1  7   18  99  2.00000E+00  9.61450E+00
p   8    1  7   18  98  2.18130E+00 -2.43620E+00 -2.11150E-01  2.07050E-02  2.00000E+00  1.68100E+03  1.74800E+03  3.36100E+04
f   8   18  7   18  99  7.00000E+00  1.02506E+01
p   8   18  7   18  98  1.67880E+00 -2.27110E+00 -1.97700E-01  2.30360E-02  6.00000E+00  2.24300E+02  2.33300E+02  4.48600E+03
f   8   19  7   18  99  1.00000E+00  6.59200E+00
p   8   19  7   18  99  1.00000E+00  6.59200E+00
f   8   20  7   18  99  1.00000E+00  6.17140E+00
p   8   20  7   18  99  1.00000E+00  6.17140E+00
f   8   21  7   18  99  1.00000E+00  6.01560E+00
p   8   21  7   18  99  1.00000E+00  6.01560E+00
f   8   22  7   18  99  1.00000E+00  6.07500E+00
p   8   22  7   18  99  1.00000E+00  6.07500E+00
f   8   23  7   18  99  1.00000E+00  6.06100E+00
p   8   23  7   18  99  1.00000E+00  6.06100E+00
f   8   24  7   18  99  1.00000E+00  6.00610E+00
p   8   24  7   18  99  1.00000E+00  6.00610E+00
f   8   25  7   18  99  1.00000E+00  6.00610E+00
p   8   25  7   18  99  1.00000E+00  6.00610E+00
f   8   26  7   18  99  1.00000E+00  6.00070E+00
p   8   26  7   18  99  1.00000E+00  6.00070E+00
f   8    2  7   19  99  2.00000E+00  6.51200E+00
p   8    2  7   19  98  2.18130E+00 -2.43620E+00 -2.11150E-01  2.07050E-02  2.00000E+00  1.68100E+03  1.74800E+03  3.36100E+04
f   8   19  7   19  99  6.00000E+00  6.59200E+00
p   8   19  7   19  98  1.67880E+00 -2.27110E+00 -1.97700E-01  2.30360E-02  6.00000E+00  2.24300E+02  2.33300E+02  4.48600E+03
f   8    3  7   20  99  2.00000E+00  6.14820E+00
p   8    3  7   20  98  2.18130E+00 -2.43620E+00 -2.11150E-01  2.07050E-02  2.00000E+00  1.68100E+03  1.74800E+03  3.36100E+04
f   8   20  7   20  99  6.00000E+00  6.17140E+00
p   8   20  7   20  98  1.67880E+00 -2.27110E+00 -1.97700E-01  2.30360E-02  6.00000E+00  2.24300E+02  2.33300E+02  4.48600E+03
f   8    4  7   21  99  2.00000E+00  6.01650E+00
p   8    4  7   21  98  2.18130E+00 -2.43620E+00 -2.11150E-01  2.07050E-02  2.00000E+00  1.68100E+03  1.74800E+03  3.36100E+04
f   8   21  7   21  99  6.00000E+00  6.01560E+00
p   8   21  7   21  98  1.67880E+00 -2.27110E+00 -1.97700E-01  2.30360E-02  6.00000E+00  2.24300E+02  2.33300E+02  4.48600E+03
f   8    5  7   22  99  2.00000E+00  6.06600E+00
p   8    5  7   22  98  2.18130E+00 -2.43620E+00 -2.11150E-01  2.07050E-02  2.00000E+00  1.68100E+03  1.74800E+03  3.36100E+04
f   8   22  7   22  99  6.00000E+00  6.07500E+00
p   8   22  7   22  98  1.67880E+00 -2.27110E+00 -1.97700E-01  2.30360E-02  6.00000E+00  2.24300E+02  2.33300E+02  4.48600E+03
f   8    6  7   23  99  2.00000E+00  6.05200E+00
p   8    6  7   23  98  2.18130E+00 -2.43620E+00 -2.11150E-01  2.07050E-02  2.00000E+00  1.68100E+03  1.74800E+03  3.36100E+04
f   8   23  7   23  99  6.00000E+00  6.06100E+00
p   8   23  7   23  98  1.67880E+00 -2.27110E+00 -1.97700E-01  2.30360E-02  6.00000E+00  2.24300E+02  2.33300E+02  4.48600E+03
f   8    7  7   24  99  2.00000E+00  6.00520E+00
p   8    7  7   24  98  2.18130E+00 -2.43620E+00 -2.11150E-01  2.07050E-02  2.00000E+00  1.68100E+03  1.74800E+03  3.36100E+04
f   8   24  7   24  99  6.00000E+00  6.00610E+00
p   8   24  7   24  98  1.67880E+00 -2.27110E+00 -1.97700E-01  2.30360E-02  6.00000E+00  2.24300E+02  2.33300E+02  4.48600E+03
f   8    8  7   25  99  2.00000E+00  6.00520E+00
p   8    8  7   25  98  2.18130E+00 -2.43620E+00 -2.11150E-01  2.07050E-02  2.00000E+00  1.68100E+03  1.74800E+03  3.36100E+04
f   8   25  7   25  99  6.00000E+00  6.00610E+00
p   8   25  7   25  98  1.67880E+00 -2.27110E+00 -1.97700E-01  2.30360E-02  6.00000E+00  2.24300E+02  2.33300E+02  4.48600E+03
f   8    9  7   26  99  2.00000E+00  6.00070E+00
p   8    9  7   26  98  2.18130E+00 -2.43620E+00 -2.11150E-01  2.07050E-02  2.00000E+00  1.68100E+03  1.74800E+03  3.36100E+04
f   8   26  7   26  99  6.00000E+00  6.00070E+00
p   8   26  7   26  98  1.67880E+00 -2.27110E+00 -1.97700E-01  2.30360E-02  6.00000E+00  2.24300E+02  2.33300E+02  4.48600E+03
a   8   10  7    1   5.08740E+13
a   8   11  7    1   8.66715E+12
a   8   12  7    1   2.62830E+12
a   8   13  7    1   1.02704E+12
a   8   14  7    1   4.75170E+11
a   8   15  7    1   2.43720E+11
a   8   16  7    1   1.35248E+11
a   8   17  7    1   7.98630E+10
a   8   18  7    1   5.87769E+14
a   8   19  7    1   1.05294E+13
a   8   20  7    1   2.02512E+12
a   8   21  7    1   6.05490E+11
a   8   22  7    1   2.30712E+11
a   8   23  7    1   1.06743E+11
a   8   24  7    1   5.47500E+10
a   8   25  7    1   3.03810E+10
a   8   26  7    1   1.79400E+10
a   8   19  7    2   4.19835E+14
a   8   20  7    3   4.19835E+14
a   8   21  7    4   4.19835E+14
a   8   22  7    5   4.19835E+14
a   8   23  7    6   4.19835E+14
a   8   24  7    7   4.19835E+14
a   8   25  7    8   4.19835E+14
a   8   26  7    9   4.19835E+14
b   9    1  9    2  99  1.33897E-01  1.16588E+00 -2.51935E+01  2.54314E+02  2.00000E+01  1.40560E+00  1.40560E+00
b   9    1  9    3  99  1.13079E-01  1.27682E+00 -2.19260E+01  1.52499E+02  2.00000E+01  4.83070E-01  4.83070E-01
b   9    2  9    3  99  2.24187E-01  1.63965E-01  1.68936E+00 -8.26697E-01  2.75657E+00  6.37500E-01  6.37500E-01
b   9    1  9    4  99  1.11835E-01  1.25622E+00 -2.13795E+01  1.49388E+02  2.00000E+01  2.24490E-01  2.24490E-01
b   9    2  9    4  99  2.52058E-01  5.06874E-01  1.22648E+00 -4.16861E-01  2.03870E+00  1.27300E-01  1.27300E-01
b   9    3  9    4  99  2.24992E-01  2.23008E-01  2.02155E+00 -1.14247E+00  3.33305E+00  9.30400E-01  9.30400E-01
b   9    1  9    5  99  1.40252E-01  1.60684E+00 -2.88132E+01  2.08233E+02  2.00000E+01  9.95400E-02  9.95400E-02
b   9    2  9    5  99  3.68874E-01  7.61185E-01  1.89406E+00 -6.65871E-01  2.10051E+00  4.19900E-02  4.19900E-02
b   9    3  9    5  99  2.97528E-01  6.63765E-01  2.70301E+00 -1.49760E+00  3.51331E+00  1.49700E-01  1.49700E-01
b   9    4  9    5  99  2.32742E-01  3.19082E-01  2.11632E+00 -2.92420E-01  4.03038E+00  1.11900E+00  1.11900E+00
b   9    1  9    6  99  1.38254E-01  1.59160E+00 -2.82894E+01  2.02247E+02  2.00000E+01  6.07390E-02  6.07390E-02
b   9    2  9    6  99  3.82004E-01  8.59969E-01  1.98368E+00 -7.02780E-01  2.13286E+00  2.18200E-02  2.18200E-02
b   9    3  9    6  99  2.98267E-01  1.03816E+00  2.06518E+00 -9.96417E-01  2.90306E+00  5.63700E-02  5.63700E-02
b   9    4  9    6  99  2.66944E-01  8.28004E-01  2.27056E+00 -1.23092E+00  3.50348E+00  1.84900E-01  1.84900E-01
b   9    5  9    6  99  2.18629E-01  3.79101E-01  1.93571E+00 -3.13371E-01  4.03062E+00  1.36300E+00  1.36300E+00
b   9    1  9    7  99  1.38443E-01  1.58141E+00 -2.83791E+01  2.07441E+02  2.00000E+01  3.98370E-02  3.98370E-02
b   9    2  9    7  99  3.87527E-01  9.34605E-01  1.97256E+00 -7.00852E-01  2.09923E+00  1.30100E-02  1.30100E-02
b   9    3  9    7  99  3.09180E-01  1.22970E+00  2.11460E+00 -9.94166E-01  2.92093E+00  2.84400E-02  2.84400E-02
b   9    4  9    7  99  2.84960E-01  1.20141E+00  2.35864E+00 -1.30468E+00  3.51114E+00  6.71400E-02  6.71400E-02
b   9    5  9    7  99  2.50927E-01  9.12528E-01  2.16144E+00 -1.87018E-01  4.24899E+00  2.18600E-01  2.18600E-01
b   9    6  9    7  99  2.07647E-01  4.28071E-01  1.75537E+00 -2.23036E-01  4.00513E+00  1.57600E+00  1.57600E+00
b   9    1  9    8  99  1.38202E-01  1.57135E+00 -2.82030E+01  2.07262E+02  2.00000E+01  2.75520E-02  2.75520E-02
b   9    2  9    8  99  3.91523E-01  9.82879E-01  1.99334E+00 -7.17590E-01  2.11004E+00  8.46100E-03  8.46100E-03
b   9    3  9    8  99  3.16514E-01  1.36221E+00  2.16707E+00 -1.02555E+00  2.95189E+00  1.67500E-02  1.67500E-02
b   9    4  9    8  99  2.97158E-01  1.46710E+00  2.45603E+00 -1.34492E+00  3.58423E+00  3.32200E-02  3.32200E-02
b   9    5  9    8  99  2.69685E-01  1.33327E+00  2.29008E+00 -2.24200E-01  4.30321E+00  7.77000E-02  7.77000E-02
b   9    6  9    8  99  2.40594E-01  9.75640E-01  2.02119E+00 -1.87971E-01  4.23809E+00  2.48500E-01  2.48500E-01
b   9    7  9    8  99  2.00511E-01  4.57231E-01  1.67963E+00 -2.59282E-01  4.03751E+00  1.78200E+00  1.78200E+00
b   9    1  9    9  99  1.36738E-01  1.56489E+00 -2.77726E+01  2.00431E+02  2.00000E+01  1.98380E-02  1.98380E-02
b   9    2  9    9  99  3.95395E-01  1.01400E+00  2.02451E+00 -6.97518E-01  2.13812E+00  5.84400E-03  5.84400E-03
b   9    3  9    9  99  3.21756E-01  1.45948E+00  2.20569E+00 -1.01963E+00  2.98215E+00  1.08400E-02  1.08400E-02
b   9    4  9    9  99  3.04747E-01  1.67010E+00  2.46879E+00 -1.36113E+00  3.54753E+00  1.93600E-02  1.93600E-02
b   9    5  9    9  99  2.81429E-01  1.66040E+00  2.34550E+00 -2.26801E-01  4.31797E+00  3.79400E-02  3.79400E-02
b   9    6  9    9  99  2.58790E-01  1.43955E+00  2.11827E+00 -1.58814E-01  4.32773E+00  8.71100E-02  8.71100E-02
b   9    7  9    9  99  2.32684E-01  1.02035E+00  1.90377E+00 -2.10603E-01  4.24824E+00  2.77400E-01  2.77400E-01
b   9    8  9    9  99  1.47746E-01  3.57675E-01  1.18879E+00 -1.66130E-01  3.97928E+00  2.62600E+00  2.62600E+00
b   9    1  9   10  98  0.00000E+00  0.00000E+00  0.00000E+00  0.00000E+00  0.00000E+00  1.03111E-01  2.06222E-03
b   9    2  9   10  99  1.33897E-01  1.16588E+00 -2.51935E+01  2.54314E+02  2.00000E+01  1.13787E+00  1.13787E+00
b   9    1  9   11  98  0.00000E+00  0.00000E+00  0.00000E+00  0.00000E+00  0.00000E+00  1.71277E-01  3.42554E-03
b   9    2  9   11  99  1.13079E-01  1.27682E+00 -2.19260E+01  1.52499E+02  2.00000E+01  4.14060E-01  4.14060E-01
b   9    3  9   11  99  1.33897E-01  1.16588E+00 -2.51935E+01  2.54314E+02  2.00000E+01  1.20480E+00  1.20480E+00
b   9   10  9   11  99  2.24187E-01  1.63965E-01  1.68936E+00 -8.26697E-01  2.75657E+00  1.27500E+00  1.27500E+00
b   9    1  9   12  98  0.00000E+00  0.00000E+00  0.00000E+00  0.00000E+00  0.00000E+00  2.50895E-01  5.01791E-03
b   9    2  9   12  99  1.11835E-01  1.25622E+00 -2.13795E+01  1.49388E+02  2.00000E+01  1.92420E-01  1.92420E-01
b   9    4  9   12  99  1.33897E-01  1.16588E+00 -2.51935E+01  2.54314E+02  2.00000E+01  1.20480E+00  1.20480E+00
b   9   10  9   12  99  2.52058E-01  5.06874E-01  1.22648E+00 -4.16861E-01  2.03870E+00  2.54600E-01  2.54600E-01
b   9   11  9   12  99  2.24992E-01  2.23008E-01  2.02155E+00 -1.14247E+00  3.33305E+00  9.30400E-01  9.30400E-01
b   9    1  9   13  98  0.00000E+00  0.00000E+00  0.00000E+00  0.00000E+00  0.00000E+00  3.51251E-01  7.02502E-03
b   9    2  9   13  99  1.40252E-01  1.60684E+00 -2.88132E+01  2.08233E+02  2.00000E+01  8.53200E-02  8.53200E-02
b   9    5  9   13  99  1.33897E-01  1.16588E+00 -2.51935E+01  2.54314E+02  2.00000E+01  1.20480E+00  1.20480E+00
b   9   10  9   13  99  3.68874E-01  7.61185E-01  1.89406E+00 -6.65871E-01  2.10051E+00  8.39800E-02  8.39800E-02
b   9   11  9   13  99  2.97528E-01  6.63765E-01  2.70301E+00 -1.49760E+00  3.51331E+00  1.49700E-01  1.49700E-01
b   9   12  9   13  99  2.32742E-01  3.19082E-01  2.11632E+00 -2.92420E-01  4.03038E+00  1.11900E+00  1.11900E+00
b   9    1  9   14  98  0.00000E+00  0.00000E+00  0.00000E+00  0.00000E+00  0.00000E+00  4.69195E-01  9.38390E-03
b   9    2  9   14  99  1.38254E-01  1.59160E+00 -2.82894E+01  2.02247E+02  2.00000E+01  5.20620E-02  5.20620E-02
b   9    6  9   14  99  1.33897E-01  1.16588E+00 -2.51935E+01  2.54314E+02  2.00000E+01  1.20480E+00  1.20480E+00
b   9   10  9   14  99  3.82004E-01  8.59969E-01  1.98368E+00 -7.02780E-01  2.13286E+00  4.36400E-02  4.36400E-02
b   9   11  9   14  99  2.98267E-01  1.03816E+00  2.06518E+00 -9.96417E-01  2.90306E+00  5.63700E-02  5.63700E-02
b   9   12  9   14  99  2.66944E-01  8.28004E-01  2.27056E+00 -1.23092E+00  3.50348E+00  1.84900E-01  1.84900E-01
b   9   13  9   14  99  2.18629E-01  3.79101E-01  1.93571E+00 -3.13371E-01  4.03062E+00  1.36300E+00  1.36300E+00
b   9    1  9   15  98  0.00000E+00  0.00000E+00  0.00000E+00  0.00000E+00  0.00000E+00  6.05041E-01  1.21008E-02
b   9    2  9   15  99  1.38443E-01  1.58141E+00 -2.83791E+01  2.07441E+02  2.00000E+01  3.41460E-02  3.41460E-02
b   9    7  9   15  99  1.33897E-01  1.16588E+00 -2.51935E+01  2.54314E+02  2.00000E+01  1.20480E+00  1.20480E+00
b   9   10  9   15  99  3.87527E-01  9.34605E-01  1.97256E+00 -7.00852E-01  2.09923E+00  2.60200E-02  2.60200E-02
b   9   11  9   15  99  3.09180E-01  1.22970E+00  2.11460E+00 -9.94166E-01  2.92093E+00  2.84400E-02  2.84400E-02
b   9   12  9   15  99  2.84960E-01  1.20141E+00  2.35864E+00 -1.30468E+00  3.51114E+00  6.71400E-02  6.71400E-02
b   9   13  9   15  99  2.50927E-01  9.12528E-01  2.16144E+00 -1.87018E-01  4.24899E+00  2.18600E-01  2.18600E-01
b   9   14  9   15  99  2.07647E-01  4.28071E-01  1.75537E+00 -2.23036E-01  4.00513E+00  1.57600E+00  1.57600E+00
b   9    1  9   16  98  0.00000E+00  0.00000E+00  0.00000E+00  0.00000E+00  0.00000E+00  7.59759E-01  1.51952E-02
b   9    2  9   16  99  1.38202E-01  1.57135E+00 -2.82030E+01  2.07262E+02  2.00000E+01  2.36160E-02  2.36160E-02
b   9    8  9   16  99  1.33897E-01  1.16588E+00 -2.51935E+01  2.54314E+02  2.00000E+01  1.20480E+00  1.20480E+00
b   9   10  9   16  99  3.91523E-01  9.82879E-01  1.99334E+00 -7.17590E-01  2.11004E+00  1.69220E-02  1.69220E-02
b   9   11  9   16  99  3.16514E-01  1.36221E+00  2.16707E+00 -1.02555E+00  2.95189E+00  1.67500E-02  1.67500E-02
b   9   12  9   16  99  2.97158E-01  1.46710E+00  2.45603E+00 -1.34492E+00  3.58423E+00  3.32200E-02  3.32200E-02
b   9   13  9   16  99  2.69685E-01  1.33327E+00  2.29008E+00 -2.24200E-01  4.30321E+00  7.77000E-02  7.77000E-02
b   9   14  9   16  99  2.40594E-01  9.75640E-01  2.02119E+00 -1.87971E-01  4.23809E+00  2.48500E-01  2.48500E-01
b   9   15  9   16  99  2.00511E-01  4.57231E-01  1.67963E+00 -2.59282E-01  4.03751E+00  1.78200E+00  1.78200E+00
b   9    1  9   17  98  0.00000E+00  0.00000E+00  0.00000E+00  0.00000E+00  0.00000E+00  9.32733E-01  1.86547E-02
b   9    2  9   17  99  1.36738E-01  1.56489E+00 -2.77726E+01  2.00431E+02  2.00000E+01  1.70040E-02  1.70040E-02
b   9    9  9   17  99  1.33897E-01  1.16588E+00 -2.51935E+01  2.54314E+02  2.00000E+01  1.20480E+00  1.20480E+00
b   9   10  9   17  99  3.95395E-01  1.01400E+00  2.02451E+00 -6.97518E-01  2.13812E+00  1.16880E-02  1.16880E-02
b   9   11  9   17  99  3.21756E-01  1.45948E+00  2.20569E+00 -1.01963E+00  2.98215E+00  1.08400E-02  1.08400E-02
b   9   12  9   17  99  3.04747E-01  1.67010E+00  2.46879E+00 -1.36113E+00  3.54753E+00  1.93600E-02  1.93600E-02
b   9   13  9   17  99  2.81429E-01  1.66040E+00  2.34550E+00 -2.26801E-01  4.31797E+00  3.79400E-02  3.79400E-02
b   9   14  9   17  99  2.58790E-01  1.43955E+00  2.11827E+00 -1.58814E-01  4.32773E+00  8.71100E-02  8.71100E-02
b   9   15  9   17  99  2.32684E-01  1.02035E+00  1.90377E+00 -2.10603E-01  4.24824E+00  2.77400E-01  2.77400E-01
b   9   16  9   17  99  1.47746E-01  3.57675E-01  1.18879E+00 -1.66130E-01  3.97928E+00  2.62600E+00  2.62600E+00
b   9    1  9   18  99  4.10997E-01 -2.73460E-02 -2.84577E+00  2.15827E+01  3.85690E+00  5.60500E-02  5.60500E-02
b   9    1  9   19  99  4.05280E-01  4.28295E-02 -2.85877E+00  2.06653E+01  3.83041E+00  5.41000E-02  5.41000E-02
b   9    2  9   19  99  4.10997E-01 -2.73460E-02 -2.84577E+00  2.15827E+01  3.85690E+00  1.12100E-01  1.12100E-01
b   9   18  9   19  99  1.33897E-01  1.16588E+00 -2.51935E+01  2.54314E+02  2.00000E+01  1.60640E+00  1.60640E+00
b   9    1  9   20  99  4.06070E-01  5.34109E-02 -2.88109E+00  2.06477E+01  3.82865E+00  1.93680E-02  1.93680E-02
b   9    3  9   20  99  4.10997E-01 -2.73460E-02 -2.84577E+00  2.15827E+01  3.85690E+00  1.12100E-01  1.12100E-01
b   9   18  9   20  99  1.13079E-01  1.27682E+00 -2.19260E+01  1.52499E+02  2.00000E+01  5.52080E-01  5.52080E-01
b   9   19  9   20  99  2.24187E-01  1.63965E-01  1.68936E+00 -8.26697E-01  2.75657E+00  6.37500E-01  6.37500E-01
b   9    1  9   21  99  3.98874E-01  5.95121E-02 -2.84963E+00  2.02783E+01  3.82861E+00  9.16200E-03  9.16200E-03
b   9    4  9   21  99  4.10997E-01 -2.73460E-02 -2.84577E+00  2.15827E+01  3.85690E+00  1.12100E-01  1.12100E-01
b   9   18  9   21  99  1.11835E-01  1.25622E+00 -2.13795E+01  1.49388E+02  2.00000E+01  2.56560E-01  2.56560E-01
b   9   19  9   21  99  2.52058E-01  5.06874E-01  1.22648E+00 -4.16861E-01  2.03870E+00  1.27300E-01  1.27300E-01
b   9   20  9   21  99  2.24992E-01  2.23008E-01  2.02155E+00 -1.14247E+00  3.33305E+00  9.30400E-01  9.30400E-01
b   9    1  9   22  99  4.43873E-01  6.13792E-02 -3.26219E+00  2.29770E+01  3.84012E+00  4.60600E-03  4.60600E-03
b   9    5  9   22  99  4.10997E-01 -2.73460E-02 -2.84577E+00  2.15827E+01  3.85690E+00  1.12100E-01  1.12100E-01
b   9   18  9   22  99  1.40252E-01  1.60684E+00 -2.88132E+01  2.08233E+02  2.00000E+01  1.13760E-01  1.13760E-01
b   9   19  9   22  99  3.68874E-01  7.61185E-01  1.89406E+00 -6.65871E-01  2.10051E+00  4.19900E-02  4.19900E-02
b   9   20  9   22  99  2.97528E-01  6.63765E-01  2.70301E+00 -1.49760E+00  3.51331E+00  1.49700E-01  1.49700E-01
b   9   21  9   22  99  2.32742E-01  3.19082E-01  2.11632E+00 -2.92420E-01  4.03038E+00  1.11900E+00  1.11900E+00
b   9    1  9   23  99  4.40153E-01  5.51468E-02 -3.18293E+00  2.25854E+01  3.83112E+00  2.80800E-03  2.80800E-03
b   9    6  9   23  99  4.10997E-01 -2.73460E-02 -2.84577E+00  2.15827E+01  3.85690E+00  1.12100E-01  1.12100E-01
b   9   18  9   23  99  1.38254E-01  1.59160E+00 -2.82894E+01  2.02247E+02  2.00000E+01  6.94160E-02  6.94160E-02
b   9   19  9   23  99  3.82004E-01  8.59969E-01  1.98368E+00 -7.02780E-01  2.13286E+00  2.18200E-02  2.18200E-02
b   9   20  9   23  99  2.98267E-01  1.03816E+00  2.06518E+00 -9.96417E-01  2.90306E+00  5.63700E-02  5.63700E-02
b   9   21  9   23  99  2.66944E-01  8.28004E-01  2.27056E+00 -1.23092E+00  3.50348E+00  1.84900E-01  1.84900E-01
b   9   22  9   23  99  2.18629E-01  3.79101E-01  1.93571E+00 -3.13371E-01  4.03062E+00  1.36300E+00  1.36300E+00
b   9    1  9   24  99  4.35920E-01  5.66394E-02 -3.15946E+00  2.23653E+01  3.83029E+00  1.83820E-03  1.83820E-03
b   9    7  9   24  99  4.10997E-01 -2.73460E-02 -2.84577E+00  2.15827E+01  3.85690E+00  1.12100E-01  1.12100E-01
b   9   18  9   24  99  1.38443E-01  1.58141E+00 -2.83791E+01  2.07441E+02  2.00000E+01  4.55280E-02  4.55280E-02
b   9   19  9   24  99  3.87527E-01  9.34605E-01  1.97256E+00 -7.00852E-01  2.09923E+00  1.30100E-02  1.30100E-02
b   9   20  9   24  99  3.09180E-01  1.22970E+00  2.11460E+00 -9.94166E-01  2.92093E+00  2.84400E-02  2.84400E-02
b   9   21  9   24  99  2.84960E-01  1.20141E+00  2.35864E+00 -1.30468E+00  3.51114E+00  6.71400E-02  6.71400E-02
b   9   22  9   24  99  2.50927E-01  9.12528E-01  2.16144E+00 -1.87018E-01  4.24899E+00  2.18600E-01  2.18600E-01
b   9   23  9   24  99  2.07647E-01  4.28071E-01  1.75537E+00 -2.23036E-01  4.00513E+00  1.57600E+00  1.57600E+00
b   9    1  9   25  99  4.30813E-01  6.53898E-02 -3.19837E+00  2.23657E+01  3.84154E+00  1.26760E-03  1.26760E-03
b   9    8  9   25  99  4.10997E-01 -2.73460E-02 -2.84577E+00  2.15827E+01  3.85690E+00  1.12100E-01  1.12100E-01
b   9   18  9   25  99  1.38202E-01  1.57135E+00 -2.82030E+01  2.07262E+02  2.00000E+01  3.14880E-02  3.14880E-02
b   9   19  9   25  99  3.91523E-01  9.82879E-01  1.99334E+00 -7.17590E-01  2.11004E+00  8.46100E-03  8.46100E-03
b   9   20  9   25  99  3.16514E-01  1.36221E+00  2.16707E+00 -1.02555E+00  2.95189E+00  1.67500E-02  1.67500E-02
b   9   21  9   25  99  2.97158E-01  1.46710E+00  2.45603E+00 -1.34492E+00  3.58423E+00  3.32200E-02  3.32200E-02
b   9   22  9   25  99  2.69685E-01  1.33327E+00  2.29008E+00 -2.24200E-01  4.30321E+00  7.77000E-02  7.77000E-02
b   9   23  9   25  99  2.40594E-01  9.75640E-01  2.02119E+00 -1.87971E-01  4.23809E+00  2.48500E-01  2.48500E-01
b   9   24  9   25  99  2.00511E-01  4.57231E-01  1.67963E+00 -2.59282E-01  4.03751E+00  1.78200E+00  1.78200E+00
b   9    1  9   26  99  4.31004E-01  5.71614E-02 -3.13255E+00  2.21422E+01  3.83211E+00  9.10000E-04  9.10000E-04
b   9    9  9   26  99  4.10997E-01 -2.73460E-02 -2.84577E+00  2.15827E+01  3.85690E+00  1.12100E-01  1.12100E-01
b   9   18  9   26  99  1.36738E-01  1.56489E+00 -2.77726E+01  2.00431E+02  2.00000E+01  2.26720E-02  2.26720E-02
b   9   19  9   26  99  3.95395E-01  1.01400E+00  2.02451E+00 -6.97518E-01  2.13812E+00  5.84400E-03  5.84400E-03
b   9   20  9   26  99  3.21756E-01  1.45948E+00  2.20569E+00 -1.01963E+00  2.98215E+00  1.08400E-02  1.08400E-02
b   9   21  9   26  99  3.04747E-01  1.67010E+00  2.46879E+00 -1.36113E+00  3.54753E+00  1.93600E-02  1.93600E-02
b   9   22  9   26  99  2.81429E-01  1.66040E+00  2.34550E+00 -2.26801E-01  4.31797E+00  3.79400E-02  3.79400E-02
b   9   23  9   26  99  2.58790E-01  1.43955E+00  2.11827E+00 -1.58814E-01  4.32773E+00  8.71100E-02  8.71100E-02
b   9   24  9   26  99  2.32684E-01  1.02035E+00  1.90377E+00 -2.10603E-01  4.24824E+00  2.77400E-01  2.77400E-01
b   9   25  9   26  99  1.47746E-01  3.57675E-01  1.18879E+00 -1.66130E-01  3.97928E+00  2.62600E+00  2.62600E+00
f   9    1  8    1  99  7.00000E+00  9.31260E+00
p   9    1  8    1  98  1.74320E+00 -2.08670E+00 -2.69520E-01  3.39520E-02  7.00000E+00  1.88200E+02  1.95700E+02  3.76400E+03
f   9    2  8    1  99  1.00000E+00  5.60800E+00
p   9    2  8    1  99  1.00000E+00  5.60800E+00
f   9    3  8    1  99  1.00000E+00  5.17600E+00
p   9    3  8    1  99  1.00000E+00  5.17600E+00
f   9    4  8    1  99  1.00000E+00  5.01860E+00
p   9    4  8    1  99  1.00000E+00  5.01860E+00
f   9    5  8    1  99  1.00000E+00  5.07800E+00
p   9    5  8    1  99  1.00000E+00  5.07800E+00
f   9    6  8    1  99  1.00000E+00  5.06200E+00
p   9    6  8    1  99  1.00000E+00  5.06200E+00
f   9    7  8    1  99  1.00000E+00  5.00620E+00
p   9    7  8    1  99  1.00000E+00  5.00620E+00
f   9    8  8    1  99  1.00000E+00  5.00620E+00
p   9    8  8    1  99  1.00000E+00  5.00620E+00
f   9    9  8    1  99  1.00000E+00  5.00080E+00
p   9    9  8    1  99  1.00000E+00  5.00080E+00
f   9    2  8    2  99  6.00000E+00  5.60800E+00
p   9    2  8    2  98  1.74320E+00 -2.08670E+00 -2.69520E-01  3.39520E-02  7.00000E+00  1.88200E+02  1.95700E+02  3.76400E+03
f   9   10  8    2  99  2.00000E+00  6.17200E+00
p   9   10  8    2  99  2.00000E+00  6.17200E+00
f   9   11  8    2  99  1.00000E+00  5.23270E+00
p   9   11  8    2  99  1.00000E+00  5.23270E+00
f   9   12  8    2  99  1.00000E+00  5.03690E+00
p   9   12  8    2  99  1.00000E+00  5.03690E+00
f   9   13  8    2  99  1.00000E+00  5.08400E+00
p   9   13  8    2  99  1.00000E+00  5.08400E+00
f   9   14  8    2  99  1.00000E+00  5.06600E+00
p   9   14  8    2  99  1.00000E+00  5.06600E+00
f   9   15  8    2  99  1.00000E+00  5.01520E+00
p   9   15  8    2  99  1.00000E+00  5.01520E+00
f   9   16  8    2  99  1.00000E+00  5.01320E+00
p   9   16  8    2  99  1.00000E+00  5.01320E+00
f   9   17  8    2  99  1.00000E+00  5.00080E+00
p   9   17  8    2  99  1.00000E+00  5.00080E+00
f   9    3  8    3  99  6.00000E+00  5.17600E+00
p   9    3  8    3  98  1.74320E+00 -2.08670E+00 -2.69520E-01  3.39520E-02  7.00000E+00  1.88200E+02  1.95700E+02  3.76400E+03
f   9   11  8    3  99  1.00000E+00  5.23270E+00
p   9   11  8    3  99  1.00000E+00  5.23270E+00
f   9    4  8    4  99  6.00000E+00  5.01860E+00
p   9    4  8    4  98  1.74320E+00 -2.08670E+00 -2.69520E-01  3.39520E-02  7.00000E+00  1.88200E+02  1.95700E+02  3.76400E+03
f   9   12  8    4  99  1.00000E+00  5.03690E+00
p   9   12  8    4  99  1.00000E+00  5.03690E+00
f   9    5  8    5  99  6.00000E+00  5.07800E+00
p   9    5  8    5  98  1.74320E+00 -2.08670E+00 -2.69520E-01  3.39520E-02  7.00000E+00  1.88200E+02  1.95700E+02  3.76400E+03
f   9   13  8    5  99  1.00000E+00  5.08400E+00
p   9   13  8    5  99  1.00000E+00  5.08400E+00
f   9    6  8    6  99  6.00000E+00  5.06200E+00
p   9    6  8    6  98  1.74320E+00 -2.08670E+00 -2.69520E-01  3.39520E-02  7.00000E+00  1.88200E+02  1.95700E+02  3.76400E+03
f   9   14  8    6  99  1.00000E+00  5.06600E+00
p   9   14  8    6  99  1.00000E+00  5.06600E+00
f   9    7  8    7  99  6.00000E+00  5.00620E+00
p   9    7  8    7  98  1.74320E+00 -2.08670E+00 -2.69520E-01  3.39520E-02  7.00000E+00  1.88200E+02  1.95700E+02  3.76400E+03
f   9   15  8    7  99  1.00000E+00  5.01520E+00
p   9   15  8    7  99  1.00000E+00  5.01520E+00
f   9    8  8    8  99  6.00000E+00  5.00620E+00
p   9    8  8    8  98  1.74320E+00 -2.08670E+00 -2.69520E-01  3.39520E-02  7.00000E+00  1.88200E+02  1.95700E+02  3.76400E+03
f   9   16  8    8  99  1.00000E+00  5.01320E+00
p   9   16  8    8  99  1.00000E+00  5.01320E+00
f   9    9  8    9  99  6.00000E+00  5.00080E+00
p   9    9  8    9  98  1.74320E+00 -2.08670E+00 -2.69520E-01  3.39520E-02  7.00000E+00  1.88200E+02  1.95700E+02  3.76400E+03
f   9   17  8    9  99  1.00000E+00  5.00080E+00
p   9   17  8    9  99  1.00000E+00  5.00080E+00
f   9   10  8   10  99  5.00000E+00  6.17200E+00
p   9   10  8   10  98  1.74320E+00 -2.08670E+00 -2.69520E-01  3.39520E-02  7.00000E+00  1.88200E+02  1.95700E+02  3.76400E+03
f   9   11  8   11  99  5.00000E+00  5.23270E+00
p   9   11  8   11  98  1.74320E+00 -2.08670E+00 -2.69520E-01  3.39520E-02  7.00000E+00  1.88200E+02  1.95700E+02  3.76400E+03
f   9   12  8   12  99  5.00000E+00  5.03690E+00
p   9   12  8   12  98  1.74320E+00 -2.08670E+00 -2.69520E-01  3.39520E-02  7.00000E+00  1.88200E+02  1.95700E+02  3.76400E+03
f   9   13  8   13  99  5.00000E+00  5.08400E+00
p   9   13  8   13  98  1.74320E+00 -2.08670E+00 -2.69520E-01  3.39520E-02  7.00000E+00  1.88200E+02  1.95700E+02  3.76400E+03
f   9   14  8   14  99  5.00000E+00  5.06600E+00
p   9   14  8   14  98  1.74320E+00 -2.08670E+00 -2.69520E-01  3.39520E-02  7.00000E+00  1.88200E+02  1.95700E+02  3.76400E+03
f   9   15  8   15  99  5.00000E+00  5.01520E+00
p   9   15  8   15  98  1.74320E+00 -2.08670E+00 -2.69520E-01  3.39520E-02  7.00000E+00  1.88200E+02  1.95700E+02  3.76400E+03
f   9   16  8   16  99  5.00000E+00  5.01320E+00
p   9   16  8   16  98  1.74320E+00 -2.08670E+00 -2.69520E-01  3.39520E-02  7.00000E+00  1.88200E+02  1.95700E+02  3.76400E+03
f   9   17  8   17  99  5.00000E+00  5.00080E+00
p   9   17  8   17  98  1.74320E+00 -2.08670E+00 -2.69520E-01  3.39520E-02  7.00000E+00  1.88200E+02  1.95700E+02  3.76400E+03
f   9    1  8   18  99  2.00000E+00  9.31260E+00
p   9    1  8   18  98  2.22030E+00 -2.42060E+00 -2.14780E-01  2.10630E-02  2.00000E+00  1.63200E+03  1.69700E+03  3.26400E+04
f   9   18  8   18  99  8.00000E+00  9.94870E+00
p   9   18  8   18  98  1.74320E+00 -2.08670E+00 -2.69520E-01  3.39520E-02  7.00000E+00  1.88200E+02  1.95700E+02  3.76400E+03
f   9   19  8   18  99  1.00000E+00  5.68800E+00
p   9   19  8   18  99  1.00000E+00  5.68800E+00
f   9   20  8   18  99  1.00000E+00  5.19920E+00
p   9   20  8   18  99  1.00000E+00  5.19920E+00
f   9   21  8   18  99  1.00000E+00  5.01770E+00
p   9   21  8   18  99  1.00000E+00  5.01770E+00
f   9   22  8   18  99  1.00000E+00  5.08700E+00
p   9   22  8   18  99  1.00000E+00  5.08700E+00
f   9   23  8   18  99  1.00000E+00  5.07100E+00
p   9   23  8   18  99  1.00000E+00  5.07100E+00
f   9   24  8   18  99  1.00000E+00  5.00710E+00
p   9   24  8   18  99  1.00000E+00  5.00710E+00
f   9   25  8   18  99  1.00000E+00  5.00710E+00
p   9   25  8   18  99  1.00000E+00  5.00710E+00
f   9   26  8   18  99  1.00000E+00  5.00080E+00
p   9   26  8   18  99  1.00000E+00  5.00080E+00
f   9    2  8   19  99  2.00000E+00  5.60800E+00
p   9    2  8   19  98  2.22030E+00 -2.42060E+00 -2.14780E-01  2.10630E-02  2.00000E+00  1.63200E+03  1.69700E+03  3.26400E+04
f   9   19  8   19  99  7.00000E+00  5.68800E+00
p   9   19  8   19  98  1.74320E+00 -2.08670E+00 -2.69520E-01  3.39520E-02  7.00000E+00  1.88200E+02  1.95700E+02  3.76400E+03
f   9    3  8   20  99  2.00000E+00  5.17600E+00
p   9    3  8   20  98  2.22030E+00 -2.42060E+00 -2.14780E-01  2.10630E-02  2.00000E+00  1.63200E+03  1.69700E+03  3.26400E+04
f   9   20  8   20  99  7.00000E+00  5.19920E+00
p   9   20  8   20  98  1.74320E+00 -2.08670E+00 -2.69520E-01  3.39520E-02  7.00000E+00  1.88200E+02  1.95700E+02  3.76400E+03
f   9    4  8   21  99  2.00000E+00  5.01860E+00
p   9    4  8   21  98  2.22030E+00 -2.42060E+00 -2.14780E-01  2.10630E-02  2.00000E+00  1.63200E+03  1.69700E+03  3.26400E+04
f   9   21  8   21  99  7.00000E+00  5.01770E+00
p   9   21  8   21  98  1.74320E+00 -2.08670E+00 -2.69520E-01  3.39520E-02  7.00000E+00  1.88200E+02  1.95700E+02  3.76400E+03
f   9    5  8   22  99  2.00000E+00  5.07800E+00
p   9    5  8   22  98  2.22030E+00 -2.42060E+00 -2.14780E-01  2.10630E-02  2.00000E+00  1.63200E+03  1.69700E+03  3.26400E+04
f   9   22  8   22  99  7.00000E+00  5.08700E+00
p   9   22  8   22  98  1.74320E+00 -2.08670E+00 -2.69520E-01  3.39520E-02  7.00000E+00  1.88200E+02  1.95700E+02  3.76400E+03
f   9    6  8   23  99  2.00000E+00  5.06200E+00
p   9    6  8   23  98  2.22030E+00 -2.42060E+00 -2.14780E-01  2.10630E-02  2.00000E+00  1.63200E+03  1.69700E+03  3.26400E+04
f   9   23  8   23  99  7.00000E+00  5.07100E+00
p   9   23  8   23  98  1.74320E+00 -2.08670E+00 -2.69520E-01  3.39520E-02  7.00000E+00  1.88200E+02  1.95700E+02  3.76400E+03
f   9    7  8   24  99  2.00000E+00  5.00620E+00
p   9    7  8   24  98  2.22030E+00 -2.42060E+00 -2.14780E-01  2.10630E-02  2.00000E+00  1.63200E+03  1.69700E+03  3.26400E+04
f   9   24  8   24  99  7.00000E+00  5.00710E+00
p   9   24  8   24  98  1.74320E+00 -2.08670E+00 -2.69520E-01  3.39520E-02  7.00000E+00  1.88200E+02  1.95700E+02  3.76400E+03
f   9    8  8   25  99  2.00000E+00  5.00620E+00
p   9    8  8   25  98  2.22030E+00 -2.42060E+00 -2.14780E-01  2.10630E-02  2.00000E+00  1.63200E+03  1.69700E+03  3.26400E+04
f   9   25  8   25  99  7.00000E+00  5.00710E+00
p   9   25  8   25  98  1.74320E+00 -2.08670E+00 -2.69520E-01  3.39520E-02  7.00000E+00  1.88200E+02  1.95700E+02  3.76400E+03
f   9    9  8   26  99  2.00000E+00  5.00080E+00
p   9    9  8   26  98  2.22030E+00 -2.42060E+00 -2.14780E-01  2.10630E-02  2.00000E+00  1.63200E+03  1.69700E+03  3.26400E+04
f   9   26  8   26  99  7.00000E+00  5.00080E+00
p   9   26  8   26  98  1.74320E+00 -2.08670E+00 -2.69520E-01  3.39520E-02  7.00000E+00  1.88200E+02  1.95700E+02  3.76400E+03
a   9   10  8    1   2.54340E+13
a   9   11  8    1   4.34160E+12
a   9   12  8    1   1.29712E+12
a   9   13  8    1   4.99905E+11
a   9   14  8    1   2.31289E+11
a   9   15  8    1   1.18631E+11
a   9   16  8    1   6.58305E+10
a   9   17  8    1   3.88721E+10
a   9   18  8    1   6.92104E+14
a   9   19  8    1   9.14830E+12
a   9   20  8    1   1.68312E+12
a   9   21  8    1   4.94130E+11
a   9   22  8    1   1.86190E+11
a   9   23  8    1   8.61420E+10
a   9   24  8    1   4.41840E+10
a   9   25  8    1   2.45189E+10
a   9   26  8    1   1.44781E+10
a   9   19  8    2   5.19078E+14
a   9   20  8    3   5.19078E+14
a   9   21  8    4   5.19078E+14
a   9   22  8    5   5.19078E+14
a   9   23  8    6   5.19078E+14
a   9   24  8    7   5.19078E+14
a   9   25  8    8   5.19078E+14
a   9   26  8    9   5.19078E+14
b  10    1 10    2  99  1.44990E-01  1.12489E+00 -2.41158E+01  2.69327E+02  2.00000E+01  1.03920E+00  1.03920E+00
b  10    1 10    3  99  1.49477E-01  1.20742E+00 -2.53995E+01  2.68421E+02  2.00000E+01  3.87120E-01  3.87120E-01
b  10    2 10    3  99  2.02338E-01  2.56662E-01  1.38233E+00 -6.46250E-01  2.70476E+00  6.47100E-01  6.47100E-01
b  10    1 10    4  99  1.45641E-01  1.21249E+00 -2.48849E+01  2.54183E+02  2.00000E+01  1.87360E-01  1.87360E-01
b  10    2 10    4  99  2.60053E-01  5.11788E-01  1.80749E+00 -8.68707E-01  2.80633E+00  1.17600E-01  1.17600E-01
b  10    3 10    4  99  2.12601E-01  2.91598E-01  1.90867E+00 -2.69719E-01  4.01710E+00  9.54500E-01  9.54500E-01
b  10    1 10    5  99  1.84707E-01  1.69568E+00 -3.50315E+01  3.32086E+02  2.00000E+01  8.09600E-02  8.09600E-02
b  10    2 10    5  99  3.94454E-01  8.15732E-01  2.80974E+00 -1.38910E+00  2.82682E+00  3.69500E-02  3.69500E-02
b  10    3 10    5  99  2.79408E-01  7.97788E-01  2.34941E+00 -1.28922E+00  3.45378E+00  1.44300E-01  1.44300E-01
b  10    4 10    5  99  2.21978E-01  3.93506E-01  1.94488E+00 -3.11948E-01  4.03102E+00  1.13800E+00  1.13800E+00
b  10    1 10    6  99  1.80865E-01  1.66629E+00 -3.42134E+01  3.22269E+02  2.00000E+01  5.00240E-02  5.00240E-02
b  10    2 10    6  99  4.09979E-01  9.42954E-01  2.90494E+00 -1.38579E+00  2.85693E+00  1.89700E-02  1.89700E-02
b  10    3 10    6  99  3.00300E-01  1.10939E+00  2.50481E+00 -1.35875E+00  3.51094E+00  5.33200E-02  5.33200E-02
b  10    4 10    6  99  2.54893E-01  9.18262E-01  2.16115E+00 -1.94022E-01  4.21846E+00  1.82200E-01  1.82200E-01
b  10    5 10    6  99  2.09286E-01  4.50875E-01  1.74684E+00 -2.47071E-01  3.99356E+00  1.38700E+00  1.38700E+00
b  10    1 10    7  99  1.50391E-01  1.67972E+00 -2.88026E+01  2.00611E+02  2.00000E+01  3.30800E-02  3.30800E-02
b  10    2 10    7  99  3.76856E-01  1.21308E+00  1.67544E+00 -5.09431E-01  2.03394E+00  1.12400E-02  1.12400E-02
b  10    3 10    7  99  3.12645E-01  1.32144E+00  2.58139E+00 -1.38036E+00  3.53235E+00  2.66200E-02  2.66200E-02
b  10    4 10    7  99  2.73692E-01  1.30717E+00  2.27902E+00 -2.40684E-01  4.24380E+00  6.53300E-02  6.53300E-02
b  10    5 10    7  99  2.40806E-01  9.94040E-01  1.99333E+00 -1.98495E-01  4.23812E+00  2.17400E-01  2.17400E-01
b  10    6 10    7  99  2.00417E-01  4.90944E-01  1.64315E+00 -2.61617E-01  4.01474E+00  1.59800E+00  1.59800E+00
b  10    1 10    8  99  1.48851E-01  1.66626E+00 -2.84805E+01  1.97127E+02  2.00000E+01  2.30080E-02  2.30080E-02
b  10    2 10    8  99  3.83195E-01  1.26866E+00  1.72315E+00 -5.57389E-01  2.03999E+00  7.28000E-03  7.28000E-03
b  10    3 10    8  99  3.20683E-01  1.47149E+00  2.62775E+00 -1.43208E+00  3.52426E+00  1.55700E-02  1.55700E-02
b  10    4 10    8  99  2.85678E-01  1.59183E+00  2.35766E+00 -2.03371E-01  4.30116E+00  3.20800E-02  3.20800E-02
b  10    5 10    8  99  2.57892E-01  1.43525E+00  2.04463E+00 -1.54955E-01  4.23974E+00  7.65700E-02  7.65700E-02
b  10    6 10    8  99  2.31115E-01  1.05179E+00  1.83881E+00 -1.88262E-01  4.18230E+00  2.47700E-01  2.47700E-01
b  10    7 10    8  99  2.03372E-01  4.74821E-01  2.13579E+00  2.66400E+00  6.22176E+00  1.80200E+00  1.80200E+00
b  10    1 10    9  99  1.47063E-01  1.65908E+00 -2.82828E+01  1.94180E+02  2.00000E+01  1.66320E-02  1.66320E-02
b  10    2 10    9  99  3.88200E-01  1.30648E+00  1.76964E+00 -5.74416E-01  2.06468E+00  5.01500E-03  5.01500E-03
b  10    3 10    9  99  3.26020E-01  1.58426E+00  2.65509E+00 -1.45124E+00  3.52831E+00  1.00400E-02  1.00400E-02
b  10    4 10    9  99  2.90697E-01  1.82322E+00  2.21814E+00 -1.18690E+00  3.55932E+00  1.86000E-02  1.86000E-02
b  10    5 10    9  99  2.69697E-01  1.77392E+00  2.13097E+00 -1.70053E-01  4.33686E+00  3.71800E-02  3.71800E-02
b  10    6 10    9  99  2.48653E-01  1.52679E+00  1.89999E+00 -7.61664E-02  4.26436E+00  8.62600E-02  8.62600E-02
b  10    7 10    9  99  2.24535E-01  1.08749E+00  1.69944E+00 -1.37153E-01  4.12463E+00  2.76800E-01  2.76800E-01
b  10    8 10    9  99  4.68098E-02  2.27014E-01  4.52387E-01  7.43316E-01  6.99476E+00  7.22200E+00  7.22200E+00
b  10    1 10   10  98  0.00000E+00  0.00000E+00  0.00000E+00  0.00000E+00  0.00000E+00  1.83480E-01  3.66959E-03
b  10    2 10   10  99  1.44990E-01  1.12489E+00 -2.41158E+01  2.69327E+02  2.00000E+01  8.58783E-01  8.58783E-01
b  10    1 10   11  98  0.00000E+00  0.00000E+00  0.00000E+00  0.00000E+00  0.00000E+00  3.11052E-01  6.22105E-03
b  10    2 10   11  99  1.49477E-01  1.20742E+00 -2.53995E+01  2.68421E+02  2.00000E+01  3.38730E-01  3.38730E-01
b  10    3 10   11  99  1.44990E-01  1.12489E+00 -2.41158E+01  2.69327E+02  2.00000E+01  9.09300E-01  9.09300E-01
b  10   10 10   11  99  2.02338E-01  2.56662E-01  1.38233E+00 -6.46250E-01  2.70476E+00  1.29420E+00  1.29420E+00
b  10    1 10   12  98  0.00000E+00  0.00000E+00  0.00000E+00  0.00000E+00  0.00000E+00  4.60639E-01  9.21278E-03
b  10    2 10   12  99  1.45641E-01  1.21249E+00 -2.48849E+01  2.54183E+02  2.00000E+01  1.63940E-01  1.63940E-01
b  10    4 10   12  99  1.44990E-01  1.12489E+00 -2.41158E+01  2.69327E+02  2.00000E+01  9.09300E-01  9.09300E-01
b  10   10 10   12  99  2.60053E-01  5.11788E-01  1.80749E+00 -8.68707E-01  2.80633E+00  2.35200E-01  2.35200E-01
b  10   11 10   12  99  2.12601E-01  2.91598E-01  1.90867E+00 -2.69719E-01  4.01710E+00  9.54500E-01  9.54500E-01
b  10    1 10   13  98  0.00000E+00  0.00000E+00  0.00000E+00  0.00000E+00  0.00000E+00  6.49244E-01  1.29849E-02
b  10    2 10   13  99  1.84707E-01  1.69568E+00 -3.50315E+01  3.32086E+02  2.00000E+01  7.08400E-02  7.08400E-02
b  10    5 10   13  99  1.44990E-01  1.12489E+00 -2.41158E+01  2.69327E+02  2.00000E+01  9.09300E-01  9.09300E-01
b  10   10 10   13  99  3.94454E-01  8.15732E-01  2.80974E+00 -1.38910E+00  2.82682E+00  7.39000E-02  7.39000E-02
b  10   11 10   13  99  2.79408E-01  7.97788E-01  2.34941E+00 -1.28922E+00  3.45378E+00  1.44300E-01  1.44300E-01
b  10   12 10   13  99  2.21978E-01  3.93506E-01  1.94488E+00 -3.11948E-01  4.03102E+00  1.13800E+00  1.13800E+00
b  10    1 10   14  98  0.00000E+00  0.00000E+00  0.00000E+00  0.00000E+00  0.00000E+00  8.70506E-01  1.74101E-02
b  10    2 10   14  99  1.80865E-01  1.66629E+00 -3.42134E+01  3.22269E+02  2.00000E+01  4.37710E-02  4.37710E-02
b  10    6 10   14  99  1.44990E-01  1.12489E+00 -2.41158E+01  2.69327E+02  2.00000E+01  9.09300E-01  9.09300E-01
b  10   10 10   14  99  4.09979E-01  9.42954E-01  2.90494E+00 -1.38579E+00  2.85693E+00  3.79400E-02  3.79400E-02
b  10   11 10   14  99  3.00300E-01  1.10939E+00  2.50481E+00 -1.35875E+00  3.51094E+00  5.33200E-02  5.33200E-02
b  10   12 10   14  99  2.54893E-01  9.18262E-01  2.16115E+00 -1.94022E-01  4.21846E+00  1.82200E-01  1.82200E-01
b  10   13 10   14  99  2.09286E-01  4.50875E-01  1.74684E+00 -2.47071E-01  3.99356E+00  1.38700E+00  1.38700E+00
b  10    1 10   15  98  0.00000E+00  0.00000E+00  0.00000E+00  0.00000E+00  0.00000E+00  1.12515E+00  2.25030E-02
b  10    2 10   15  99  1.50391E-01  1.67972E+00 -2.88026E+01  2.00611E+02  2.00000E+01  2.89450E-02  2.89450E-02
b  10    7 10   15  99  1.44990E-01  1.12489E+00 -2.41158E+01  2.69327E+02  2.00000E+01  9.09300E-01  9.09300E-01
b  10   10 10   15  99  3.76856E-01  1.21308E+00  1.67544E+00 -5.09431E-01  2.03394E+00  2.24800E-02  2.24800E-02
b  10   11 10   15  99  3.12645E-01  1.32144E+00  2.58139E+00 -1.38036E+00  3.53235E+00  2.66200E-02  2.66200E-02
b  10   12 10   15  99  2.73692E-01  1.30717E+00  2.27902E+00 -2.40684E-01  4.24380E+00  6.53300E-02  6.53300E-02
b  10   13 10   15  99  2.40806E-01  9.94040E-01  1.99333E+00 -1.98495E-01  4.23812E+00  2.17400E-01  2.17400E-01
b  10   14 10   15  99  2.00417E-01  4.90944E-01  1.64315E+00 -2.61617E-01  4.01474E+00  1.59800E+00  1.59800E+00
b  10    1 10   16  98  0.00000E+00  0.00000E+00  0.00000E+00  0.00000E+00  0.00000E+00  1.41524E+00  2.83047E-02
b  10    2 10   16  99  1.48851E-01  1.66626E+00 -2.84805E+01  1.97127E+02  2.00000E+01  2.01320E-02  2.01320E-02
b  10    8 10   16  99  1.44990E-01  1.12489E+00 -2.41158E+01  2.69327E+02  2.00000E+01  9.09300E-01  9.09300E-01
b  10   10 10   16  99  3.83195E-01  1.26866E+00  1.72315E+00 -5.57389E-01  2.03999E+00  1.45600E-02  1.45600E-02
b  10   11 10   16  99  3.20683E-01  1.47149E+00  2.62775E+00 -1.43208E+00  3.52426E+00  1.55700E-02  1.55700E-02
b  10   12 10   16  99  2.85678E-01  1.59183E+00  2.35766E+00 -2.03371E-01  4.30116E+00  3.20800E-02  3.20800E-02
b  10   13 10   16  99  2.57892E-01  1.43525E+00  2.04463E+00 -1.54955E-01  4.23974E+00  7.65700E-02  7.65700E-02
b  10   14 10   16  99  2.31115E-01  1.05179E+00  1.83881E+00 -1.88262E-01  4.18230E+00  2.47700E-01  2.47700E-01
b  10   15 10   16  99  2.03372E-01  4.74821E-01  2.13579E+00  2.66400E+00  6.22176E+00  1.80200E+00  1.80200E+00
b  10    1 10   17  98  0.00000E+00  0.00000E+00  0.00000E+00  0.00000E+00  0.00000E+00  1.73949E+00  3.47898E-02
b  10    2 10   17  99  1.47063E-01  1.65908E+00 -2.82828E+01  1.94180E+02  2.00000E+01  1.45530E-02  1.45530E-02
b  10    9 10   17  99  1.44990E-01  1.12489E+00 -2.41158E+01  2.69327E+02  2.00000E+01  9.09300E-01  9.09300E-01
b  10   10 10   17  99  3.88200E-01  1.30648E+00  1.76964E+00 -5.74416E-01  2.06468E+00  1.00300E-02  1.00300E-02
b  10   11 10   17  99  3.26020E-01  1.58426E+00  2.65509E+00 -1.45124E+00  3.52831E+00  1.00400E-02  1.00400E-02
b  10   12 10   17  99  2.90697E-01  1.82322E+00  2.21814E+00 -1.18690E+00  3.55932E+00  1.86000E-02  1.86000E-02
b  10   13 10   17  99  2.69697E-01  1.77392E+00  2.13097E+00 -1.70053E-01  4.33686E+00  3.71800E-02  3.71800E-02
b  10   14 10   17  99  2.48653E-01  1.52679E+00  1.89999E+00 -7.61664E-02  4.26436E+00  8.62600E-02  8.62600E-02
b  10   15 10   17  99  2.24535E-01  1.08749E+00  1.69944E+00 -1.37153E-01  4.12463E+00  2.76800E-01  2.76800E-01
b  10   16 10   17  99  4.68098E-02  2.27014E-01  4.52387E-01  7.43316E-01  6.99476E+00  7.22200E+00  7.22200E+00
b  10    1 10   18  99  4.06735E-01  3.70475E-02 -2.87707E+00  2.08529E+01  3.83242E+00  4.01400E-02  4.01400E-02
b  10    2 10   18  99  3.84049E-01 -4.23674E-02 -2.58492E+00  2.00560E+01  3.85196E+00  5.38250E-02  5.38250E-02
b  10    1 10   19  99  4.11166E-01  3.95377E-02 -2.90534E+00  2.10362E+01  3.83424E+00  1.40700E-02  1.40700E-02
b  10    3 10   19  99  3.84049E-01 -4.23674E-02 -2.58492E+00  2.00560E+01  3.85196E+00  5.38250E-02  5.38250E-02
b  10   18 10   19  99  2.02338E-01  2.56662E-01  1.38233E+00 -6.46250E-01  2.70476E+00  6.47100E-01  6.47100E-01
b  10    1 10   20  99  4.04559E-01  4.52018E-02 -2.89177E+00  2.07395E+01  3.83379E+00  6.57800E-03  6.57800E-03
b  10    4 10   20  99  3.84049E-01 -4.23674E-02 -2.58492E+00  2.00560E+01  3.85196E+00  5.38250E-02  5.38250E-02
b  10   18 10   20  99  2.60053E-01  5.11788E-01  1.80749E+00 -8.68707E-01  2.80633E+00  1.17600E-01  1.17600E-01
b  10   19 10   20  99  2.12601E-01  2.91598E-01  1.90867E+00 -2.69719E-01  4.01710E+00  9.54500E-01  9.54500E-01
b  10    1 10   21  99  4.51249E-01  3.48346E-02 -3.24548E+00  2.33396E+01  3.83854E+00  3.28400E-03  3.28400E-03
b  10    5 10   21  99  3.84049E-01 -4.23674E-02 -2.58492E+00  2.00560E+01  3.85196E+00  5.38250E-02  5.38250E-02
b  10   18 10   21  99  3.94454E-01  8.15732E-01  2.80974E+00 -1.38910E+00  2.82682E+00  3.69500E-02  3.69500E-02
b  10   19 10   21  99  2.79408E-01  7.97788E-01  2.34941E+00 -1.28922E+00  3.45378E+00  1.44300E-01  1.44300E-01
b  10   20 10   21  99  2.21978E-01  3.93506E-01  1.94488E+00 -3.11948E-01  4.03102E+00  1.13800E+00  1.13800E+00
b  10    1 10   22  99  4.44645E-01  3.57789E-02 -3.20973E+00  2.30260E+01  3.83893E+00  1.99100E-03  1.99100E-03
b  10    6 10   22  99  3.84049E-01 -4.23674E-02 -2.58492E+00  2.00560E+01  3.85196E+00  5.38250E-02  5.38250E-02
b  10   18 10   22  99  4.09979E-01  9.42954E-01  2.90494E+00 -1.38579E+00  2.85693E+00  1.89700E-02  1.89700E-02
b  10   19 10   22  99  3.00300E-01  1.10939E+00  2.50481E+00 -1.35875E+00  3.51094E+00  5.33200E-02  5.33200E-02
b  10   20 10   22  99  2.54893E-01  9.18262E-01  2.16115E+00 -1.94022E-01  4.21846E+00  1.82200E-01  1.82200E-01
b  10   21 10   22  99  2.09286E-01  4.50875E-01  1.74684E+00 -2.47071E-01  3.99356E+00  1.38700E+00  1.38700E+00
b  10    1 10   23  99  4.41301E-01  3.17316E-02 -3.15654E+00  2.27562E+01  3.83584E+00  1.29760E-03  1.29760E-03
b  10    7 10   23  99  3.84049E-01 -4.23674E-02 -2.58492E+00  2.00560E+01  3.85196E+00  5.38250E-02  5.38250E-02
b  10   18 10   23  99  3.76856E-01  1.21308E+00  1.67544E+00 -5.09431E-01  2.03394E+00  1.12400E-02  1.12400E-02
b  10   19 10   23  99  3.12645E-01  1.32144E+00  2.58139E+00 -1.38036E+00  3.53235E+00  2.66200E-02  2.66200E-02
b  10   20 10   23  99  2.73692E-01  1.30717E+00  2.27902E+00 -2.40684E-01  4.24380E+00  6.53300E-02  6.53300E-02
b  10   21 10   23  99  2.40806E-01  9.94040E-01  1.99333E+00 -1.98495E-01  4.23812E+00  2.17400E-01  2.17400E-01
b  10   22 10   23  99  2.00417E-01  4.90944E-01  1.64315E+00 -2.61617E-01  4.01474E+00  1.59800E+00  1.59800E+00
b  10    1 10   24  99  4.36386E-01  3.76747E-02 -3.16786E+00  2.26375E+01  3.84039E+00  8.91800E-04  8.91800E-04
b  10    8 10   24  99  3.84049E-01 -4.23674E-02 -2.58492E+00  2.00560E+01  3.85196E+00  5.38250E-02  5.38250E-02
b  10   18 10   24  99  3.83195E-01  1.26866E+00  1.72315E+00 -5.57389E-01  2.03999E+00  7.28000E-03  7.28000E-03
b  10   19 10   24  99  3.20683E-01  1.47149E+00  2.62775E+00 -1.43208E+00  3.52426E+00  1.55700E-02  1.55700E-02
b  10   20 10   24  99  2.85678E-01  1.59183E+00  2.35766E+00 -2.03371E-01  4.30116E+00  3.20800E-02  3.20800E-02
b  10   21 10   24  99  2.57892E-01  1.43525E+00  2.04463E+00 -1.54955E-01  4.23974E+00  7.65700E-02  7.65700E-02
b  10   22 10   24  99  2.31115E-01  1.05179E+00  1.83881E+00 -1.88262E-01  4.18230E+00  2.47700E-01  2.47700E-01
b  10   23 10   24  99  2.03372E-01  4.74821E-01  2.13579E+00  2.66400E+00  6.22176E+00  1.80200E+00  1.80200E+00
b  10    1 10   25  99  4.33751E-01  3.88284E-02 -3.16529E+00  2.25632E+01  3.84237E+00  6.38600E-04  6.38600E-04
b  10    9 10   25  99  3.84049E-01 -4.23674E-02 -2.58492E+00  2.00560E+01  3.85196E+00  5.38250E-02  5.38250E-02
b  10   18 10   25  99  3.88200E-01  1.30648E+00  1.76964E+00 -5.74416E-01  2.06468E+00  5.01500E-03  5.01500E-03
b  10   19 10   25  99  3.26020E-01  1.58426E+00  2.65509E+00 -1.45124E+00  3.52831E+00  1.00400E-02  1.00400E-02
b  10   20 10   25  99  2.90697E-01  1.82322E+00  2.21814E+00 -1.18690E+00  3.55932E+00  1.86000E-02  1.86000E-02
b  10   21 10   25  99  2.69697E-01  1.77392E+00  2.13097E+00 -1.70053E-01  4.33686E+00  3.71800E-02  3.71800E-02
b  10   22 10   25  99  2.48653E-01  1.52679E+00  1.89999E+00 -7.61664E-02  4.26436E+00  8.62600E-02  8.62600E-02
b  10   23 10   25  99  2.24535E-01  1.08749E+00  1.69944E+00 -1.37153E-01  4.12463E+00  2.76800E-01  2.76800E-01
b  10   24 10   25  99  4.68098E-02  2.27014E-01  4.52387E-01  7.43316E-01  6.99476E+00  7.22200E+00  7.22200E+00
f  10    1  9    1  99  8.00000E+00  9.01070E+00
p  10    1  9    1  98  1.76630E+00 -1.80470E+00 -3.86530E-01  5.19780E-02  8.00000E+00  1.54300E+02  1.60500E+02  3.08600E+03
f  10    2  9    1  99  1.00000E+00  4.70400E+00
p  10    2  9    1  99  1.00000E+00  4.70400E+00
f  10    3  9    1  99  1.00000E+00  4.20380E+00
p  10    3  9    1  99  1.00000E+00  4.20380E+00
f  10    4  9    1  99  1.00000E+00  4.02070E+00
p  10    4  9    1  99  1.00000E+00  4.02070E+00
f  10    5  9    1  99  1.00000E+00  4.09000E+00
p  10    5  9    1  99  1.00000E+00  4.09000E+00
f  10    6  9    1  99  1.00000E+00  4.07200E+00
p  10    6  9    1  99  1.00000E+00  4.07200E+00
f  10    7  9    1  99  1.00000E+00  4.00720E+00
p  10    7  9    1  99  1.00000E+00  4.00720E+00
f  10    8  9    1  99  1.00000E+00  4.00720E+00
p  10    8  9    1  99  1.00000E+00  4.00720E+00
f  10    9  9    1  99  1.00000E+00  4.00090E+00
p  10    9  9    1  99  1.00000E+00  4.00090E+00
f  10    2  9    2  99  7.00000E+00  4.70400E+00
p  10    2  9    2  98  1.76630E+00 -1.80470E+00 -3.86530E-01  5.19780E-02  8.00000E+00  1.54300E+02  1.60500E+02  3.08600E+03
f  10   10  9    2  99  2.00000E+00  5.26800E+00
p  10   10  9    2  99  2.00000E+00  5.26800E+00
f  10   11  9    2  99  1.00000E+00  4.26050E+00
p  10   11  9    2  99  1.00000E+00  4.26050E+00
f  10   12  9    2  99  1.00000E+00  4.03900E+00
p  10   12  9    2  99  1.00000E+00  4.03900E+00
f  10   13  9    2  99  1.00000E+00  4.09600E+00
p  10   13  9    2  99  1.00000E+00  4.09600E+00
f  10   14  9    2  99  1.00000E+00  4.07600E+00
p  10   14  9    2  99  1.00000E+00  4.07600E+00
f  10   15  9    2  99  1.00000E+00  4.01620E+00
p  10   15  9    2  99  1.00000E+00  4.01620E+00
f  10   16  9    2  99  1.00000E+00  4.01420E+00
p  10   16  9    2  99  1.00000E+00  4.01420E+00
f  10   17  9    2  99  1.00000E+00  4.00090E+00
p  10   17  9    2  99  1.00000E+00  4.00090E+00
f  10    3  9    3  99  7.00000E+00  4.20380E+00
p  10    3  9    3  98  1.76630E+00 -1.80470E+00 -3.86530E-01  5.19780E-02  8.00000E+00  1.54300E+02  1.60500E+02  3.08600E+03
f  10   11  9    3  99  1.00000E+00  4.26050E+00
p  10   11  9    3  99  1.00000E+00  4.26050E+00
f  10    4  9    4  99  7.00000E+00  4.02070E+00
p  10    4  9    4  98  1.76630E+00 -1.80470E+00 -3.86530E-01  5.19780E-02  8.00000E+00  1.54300E+02  1.60500E+02  3.08600E+03
f  10   12  9    4  99  1.00000E+00  4.03900E+00
p  10   12  9    4  99  1.00000E+00  4.03900E+00
f  10    5  9    5  99  7.00000E+00  4.09000E+00
p  10    5  9    5  98  1.76630E+00 -1.80470E+00 -3.86530E-01  5.19780E-02  8.00000E+00  1.54300E+02  1.60500E+02  3.08600E+03
f  10   13  9    5  99  1.00000E+00  4.09600E+00
p  10   13  9    5  99  1.00000E+00  4.09600E+00
f  10    6  9    6  99  7.00000E+00  4.07200E+00
p  10    6  9    6  98  1.76630E+00 -1.80470E+00 -3.86530E-01  5.19780E-02  8.00000E+00  1.54300E+02  1.60500E+02  3.08600E+03
f  10   14  9    6  99  1.00000E+00  4.07600E+00
p  10   14  9    6  99  1.00000E+00  4.07600E+00
f  10    7  9    7  99  7.00000E+00  4.00720E+00
p  10    7  9    7  98  1.76630E+00 -1.80470E+00 -3.86530E-01  5.19780E-02  8.00000E+00  1.54300E+02  1.60500E+02  3.08600E+03
f  10   15  9    7  99  1.00000E+00  4.01620E+00
p  10   15  9    7  99  1.00000E+00  4.01620E+00
f  10    8  9    8  99  7.00000E+00  4.00720E+00
p  10    8  9    8  98  1.76630E+00 -1.80470E+00 -3.86530E-01  5.19780E-02  8.00000E+00  1.54300E+02  1.60500E+02  3.08600E+03
f  10   16  9    8  99  1.00000E+00  4.01420E+00
p  10   16  9    8  99  1.00000E+00  4.01420E+00
f  10    9  9    9  99  7.00000E+00  4.00090E+00
p  10    9  9    9  98  1.76630E+00 -1.80470E+00 -3.86530E-01  5.19780E-02  8.00000E+00  1.54300E+02  1.60500E+02  3.08600E+03
f  10   17  9    9  99  1.00000E+00  4.00090E+00
p  10   17  9    9  99  1.00000E+00  4.00090E+00
f  10   10  9   10  99  6.00000E+00  5.26800E+00
p  10   10  9   10  98  1.76630E+00 -1.80470E+00 -3.86530E-01  5.19780E-02  8.00000E+00  1.54300E+02  1.60500E+02  3.08600E+03
f  10   11  9   11  99  6.00000E+00  4.26050E+00
p  10   11  9   11  98  1.76630E+00 -1.80470E+00 -3.86530E-01  5.19780E-02  8.00000E+00  1.54300E+02  1.60500E+02  3.08600E+03
f  10   12  9   12  99  6.00000E+00  4.03900E+00
p  10   12  9   12  98  1.76630E+00 -1.80470E+00 -3.86530E-01  5.19780E-02  8.00000E+00  1.54300E+02  1.60500E+02  3.08600E+03
f  10   13  9   13  99  6.00000E+00  4.09600E+00
p  10   13  9   13  98  1.76630E+00 -1.80470E+00 -3.86530E-01  5.19780E-02  8.00000E+00  1.54300E+02  1.60500E+02  3.08600E+03
f  10   14  9   14  99  6.00000E+00  4.07600E+00
p  10   14  9   14  98  1.76630E+00 -1.80470E+00 -3.86530E-01  5.19780E-02  8.00000E+00  1.54300E+02  1.60500E+02  3.08600E+03
f  10   15  9   15  99  6.00000E+00  4.01620E+00
p  10   15  9   15  98  1.76630E+00 -1.80470E+00 -3.86530E-01  5.19780E-02  8.00000E+00  1.54300E+02  1.60500E+02  3.08600E+03
f  10   16  9   16  99  6.00000E+00  4.01420E+00
p  10   16  9   16  98  1.76630E+00 -1.80470E+00 -3.86530E-01  5.19780E-02  8.00000E+00  1.54300E+02  1.60500E+02  3.08600E+03
f  10   17  9   17  99  6.00000E+00  4.00090E+00
p  10   17  9   17  98  1.76630E+00 -1.80470E+00 -3.86530E-01  5.19780E-02  8.00000E+00  1.54300E+02  1.60500E+02  3.08600E+03
f  10    1  9   18  99  2.00000E+00  9.01070E+00
p  10    1  9   18  98  2.25690E+00 -2.40420E+00 -2.19660E-01  2.16970E-02  2.00000E+00  1.58700E+03  1.65100E+03  3.17400E+04
f  10   18  9   18  99  1.00000E+00  4.78400E+00
p  10   18  9   18  99  1.00000E+00  4.78400E+00
f  10   19  9   18  99  1.00000E+00  4.22700E+00
p  10   19  9   18  99  1.00000E+00  4.22700E+00
f  10   20  9   18  99  1.00000E+00  4.01980E+00
p  10   20  9   18  99  1.00000E+00  4.01980E+00
f  10   21  9   18  99  1.00000E+00  4.09900E+00
p  10   21  9   18  99  1.00000E+00  4.09900E+00
f  10   22  9   18  99  1.00000E+00  4.08100E+00
p  10   22  9   18  99  1.00000E+00  4.08100E+00
f  10   23  9   18  99  1.00000E+00  4.00810E+00
p  10   23  9   18  99  1.00000E+00  4.00810E+00
f  10   24  9   18  99  1.00000E+00  4.00810E+00
p  10   24  9   18  99  1.00000E+00  4.00810E+00
f  10   25  9   18  99  1.00000E+00  4.00090E+00
p  10   25  9   18  99  1.00000E+00  4.00090E+00
f  10    2  9   19  99  2.00000E+00  4.70400E+00
p  10    2  9   19  98  2.25690E+00 -2.40420E+00 -2.19660E-01  2.16970E-02  2.00000E+00  1.58700E+03  1.65100E+03  3.17400E+04
f  10   18  9   19  99  8.00000E+00  4.78400E+00
p  10   18  9   19  98  1.76630E+00 -1.80470E+00 -3.86530E-01  5.19780E-02  8.00000E+00  1.54300E+02  1.60500E+02  3.08600E+03
f  10    3  9   20  99  2.00000E+00  4.20380E+00
p  10    3  9   20  98  2.25690E+00 -2.40420E+00 -2.19660E-01  2.16970E-02  2.00000E+00  1.58700E+03  1.65100E+03  3.17400E+04
f  10   19  9   20  99  8.00000E+00  4.22700E+00
p  10   19  9   20  98  1.76630E+00 -1.80470E+00 -3.86530E-01  5.19780E-02  8.00000E+00  1.54300E+02  1.60500E+02  3.08600E+03
f  10    4  9   21  99  2.00000E+00  4.02070E+00
p  10    4  9   21  98  2.25690E+00 -2.40420E+00 -2.19660E-01  2.16970E-02  2.00000E+00  1.58700E+03  1.65100E+03  3.17400E+04
f  10   20  9   21  99  8.00000E+00  4.01980E+00
p  10   20  9   21  98  1.76630E+00 -1.80470E+00 -3.86530E-01  5.19780E-02  8.00000E+00  1.54300E+02  1.60500E+02  3.08600E+03
f  10    5  9   22  99  2.00000E+00  4.09000E+00
p  10    5  9   22  98  2.25690E+00 -2.40420E+00 -2.19660E-01  2.16970E-02  2.00000E+00  1.58700E+03  1.65100E+03  3.17400E+04
f  10   21  9   22  99  8.00000E+00  4.09900E+00
p  10   21  9   22  98  1.76630E+00 -1.80470E+00 -3.86530E-01  5.19780E-02  8.00000E+00  1.54300E+02  1.60500E+02  3.08600E+03
f  10    6  9   23  99  2.00000E+00  4.07200E+00
p  10    6  9   23  98  2.25690E+00 -2.40420E+00 -2.19660E-01  2.16970E-02  2.00000E+00  1.58700E+03  1.65100E+03  3.17400E+04
f  10   22  9   23  99  8.00000E+00  4.08100E+00
p  10   22  9   23  98  1.76630E+00 -1.80470E+00 -3.86530E-01  5.19780E-02  8.00000E+00  1.54300E+02  1.60500E+02  3.08600E+03
f  10    7  9   24  99  2.00000E+00  4.00720E+00
p  10    7  9   24  98  2.25690E+00 -2.40420E+00 -2.19660E-01  2.16970E-02  2.00000E+00  1.58700E+03  1.65100E+03  3.17400E+04
f  10   23  9   24  99  8.00000E+00  4.00810E+00
p  10   23  9   24  98  1.76630E+00 -1.80470E+00 -3.86530E-01  5.19780E-02  8.00000E+00  1.54300E+02  1.60500E+02  3.08600E+03
f  10    8  9   25  99  2.00000E+00  4.00720E+00
p  10    8  9   25  98  2.25690E+00 -2.40420E+00 -2.19660E-01  2.16970E-02  2.00000E+00  1.58700E+03  1.65100E+03  3.17400E+04
f  10   24  9   25  99  8.00000E+00  4.00810E+00
p  10   24  9   25  98  1.76630E+00 -1.80470E+00 -3.86530E-01  5.19780E-02  8.00000E+00  1.54300E+02  1.60500E+02  3.08600E+03
f  10    9  9   26  99  2.00000E+00  4.00090E+00
p  10    9  9   26  98  2.25690E+00 -2.40420E+00 -2.19660E-01  2.16970E-02  2.00000E+00  1.58700E+03  1.65100E+03  3.17400E+04
f  10   25  9   26  99  8.00000E+00  4.00090E+00
p  10   25  9   26  98  1.76630E+00 -1.80470E+00 -3.86530E-01  5.19780E-02  8.00000E+00  1.54300E+02  1.60500E+02  3.08600E+03
a  10   10  9    1   9.73320E+12
a  10   11  9    1   1.66012E+12
a  10   12  9    1   4.90410E+11
a  10   13  9    1   1.87148E+11
a  10   14  9    1   8.65875E+10
a  10   15  9    1   4.44120E+10
a  10   16  9    1   2.46458E+10
a  10   17  9    1   1.45530E+10
a  10   18  9    1   7.38200E+12
a  10   19  9    1   1.28276E+12
a  10   20  9    1   3.67280E+11
a  10   21  9    1   1.36388E+11
a  10   22  9    1   6.31000E+10
a  10   23  9    1   3.23652E+10
a  10   24  9    1   1.79604E+10
a  10   25  9    1   1.06056E+10
a  10   18  9    2   6.07292E+14
a  10   19  9    3   6.07292E+14
a  10   20  9    4   6.07292E+14
a  10   21  9    5   6.07292E+14
a  10   22  9    6   6.07292E+14
a  10   23  9    7   6.07292E+14
a  10   24  9    8   6.07292E+14
a  10   25  9    9   6.07292E+14
b  11    1 11    2  99  2.00680E-01  2.95416E-01  1.63915E+00 -8.90669E-01  3.26718E+00  6.84800E-01  6.84800E-01
b  11    1 11    3  99  2.52583E-01  6.25390E-01  2.05225E+00 -1.12069E+00  3.39228E+00  1.09400E-01  1.09400E-01
b  11    2 11    3  99  2.00417E-01  3.80656E-01  1.68018E+00 -2.45184E-01  3.98079E+00  1.00200E+00  1.00200E+00
b  11    1 11    4  99  3.65151E-01  1.13013E+00  2.30037E+00 -1.05325E+00  2.79495E+00  3.27400E-02  3.27400E-02
b  11    2 11    4  99  2.63743E-01  9.29895E-01  2.20665E+00 -2.54635E-01  4.15584E+00  1.41300E-01  1.41300E-01
b  11    3 11    4  99  2.10954E-01  4.83807E-01  1.72102E+00 -2.59819E-01  3.98362E+00  1.17100E+00  1.17100E+00
b  11    1 11    5  99  3.83717E-01  1.31005E+00  2.39097E+00 -1.11122E+00  2.78445E+00  1.63600E-02  1.63600E-02
b  11    2 11    5  99  2.84362E-01  1.27835E+00  2.34923E+00 -2.36958E-01  4.22837E+00  5.10600E-02  5.10600E-02
b  11    3 11    5  99  2.40887E-01  1.02819E+00  1.92243E+00 -2.07436E-01  4.17369E+00  1.81100E-01  1.81100E-01
b  11    4 11    5  99  1.98087E-01  5.51624E-01  1.55653E+00 -2.05341E-01  4.01293E+00  1.42500E+00  1.42500E+00
b  11    1 11    6  99  3.95614E-01  1.42906E+00  2.45666E+00 -1.10502E+00  2.80657E+00  9.53100E-03  9.53100E-03
b  11    2 11    6  99  2.97352E-01  1.52137E+00  2.43904E+00 -2.58980E-01  4.25492E+00  2.51200E-02  2.51200E-02
b  11    3 11    6  99  2.58057E-01  1.43944E+00  2.00467E+00 -1.75721E-01  4.22206E+00  6.41800E-02  6.41800E-02
b  11    4 11    6  99  2.29242E-01  1.09064E+00  1.75809E+00 -1.78578E-01  4.15132E+00  2.17400E-01  2.17400E-01
b  11    5 11    6  99  1.98743E-01  5.54068E-01  2.06405E+00  2.64081E+00  6.35256E+00  1.63100E+00  1.63100E+00
b  11    1 11    7  99  4.03125E-01  1.51419E+00  2.50244E+00 -1.15821E+00  2.80861E+00  6.10700E-03  6.10700E-03
b  11    2 11    7  99  3.02806E-01  1.71380E+00  2.29306E+00 -1.24944E+00  3.50691E+00  1.45500E-02  1.45500E-02
b  11    3 11    7  99  2.69189E-01  1.74628E+00  2.05799E+00 -1.33472E-01  4.26400E+00  3.12600E-02  3.12600E-02
b  11    4 11    7  99  2.45532E-01  1.54166E+00  1.82720E+00 -1.61004E-01  4.21903E+00  7.60700E-02  7.60700E-02
b  11    5 11    7  99  2.21544E-01  1.13527E+00  1.66398E+00 -1.66310E-01  4.18387E+00  2.47600E-01  2.47600E-01
b  11    6 11    7  99  9.21176E-02  1.61808E+00  7.23185E-01  2.32447E+00  1.01062E+01  1.83100E+00  1.83100E+00
b  11    1 11    8  99  4.09157E-01  1.57277E+00  2.55638E+00 -1.17182E+00  2.84297E+00  4.17500E-03  4.17500E-03
b  11    2 11    8  99  3.08762E-01  1.84676E+00  2.31090E+00 -1.25162E+00  3.49570E+00  9.31300E-03  9.31300E-03
b  11    3 11    8  99  2.77246E-01  1.97890E+00  2.10013E+00 -1.85898E-01  4.27447E+00  1.80100E-02  1.80100E-02
b  11    4 11    8  99  2.57050E-01  1.89105E+00  1.89686E+00 -1.16979E-01  4.30559E+00  3.67600E-02  3.67600E-02
b  11    5 11    8  99  2.38601E-01  1.61457E+00  1.71945E+00 -1.19477E-01  4.21113E+00  8.59100E-02  8.59100E-02
b  11    6 11    8  99  2.30342E-01  1.08291E+00  2.36231E+00  3.39336E+00  6.72055E+00  2.76700E-01  2.76700E-01
b  11    7 11    8  99 -2.81669E-04  4.25506E-02  1.78413E-02  1.32005E-01  2.00000E+01  1.24200E+02  1.24200E+02
b  11    1 11    9  99  2.01839E-01  1.57367E+00 -3.30375E+01  3.74255E+02  2.00000E+01  5.06524E-01  5.06524E-01
b  11    1 11   10  99  1.77177E-01  1.35961E+00 -2.88270E+01  3.17513E+02  2.00000E+01  2.12240E-01  2.12240E-01
b  11    2 11   10  99  2.01839E-01  1.57367E+00 -3.30375E+01  3.74255E+02  2.00000E+01  5.36320E-01  5.36320E-01
b  11    9 11   10  99  2.00680E-01  2.95416E-01  1.63915E+00 -8.90669E-01  3.26718E+00  1.36960E+00  1.36960E+00
b  11    1 11   11  99  1.58747E-01  1.24828E+00 -2.60214E+01  2.80147E+02  2.00000E+01  1.06480E-01  1.06480E-01
b  11    3 11   11  99  2.01839E-01  1.57367E+00 -3.30375E+01  3.74255E+02  2.00000E+01  5.36320E-01  5.36320E-01
b  11    9 11   11  99  2.52583E-01  6.25390E-01  2.05225E+00 -1.12069E+00  3.39228E+00  2.18800E-01  2.18800E-01
b  11   10 11   11  99  2.00417E-01  3.80656E-01  1.68018E+00 -2.45184E-01  3.98079E+00  1.00200E+00  1.00200E+00
b  11    1 11   12  99  2.18441E-01  1.88770E+00 -4.02229E+01  4.02619E+02  2.00000E+01  4.64880E-02  4.64880E-02
b  11    4 11   12  99  2.01839E-01  1.57367E+00 -3.30375E+01  3.74255E+02  2.00000E+01  5.36320E-01  5.36320E-01
b  11    9 11   12  99  3.65151E-01  1.13013E+00  2.30037E+00 -1.05325E+00  2.79495E+00  6.54800E-02  6.54800E-02
b  11   10 11   12  99  2.63743E-01  9.29895E-01  2.20665E+00 -2.54635E-01  4.15584E+00  1.41300E-01  1.41300E-01
b  11   11 11   12  99  2.10954E-01  4.83807E-01  1.72102E+00 -2.59819E-01  3.98362E+00  1.17100E+00  1.17100E+00
b  11    1 11   13  99  2.12398E-01  1.83830E+00 -3.91325E+01  3.89908E+02  2.00000E+01  2.89920E-02  2.89920E-02
b  11    5 11   13  99  2.01839E-01  1.57367E+00 -3.30375E+01  3.74255E+02  2.00000E+01  5.36320E-01  5.36320E-01
b  11    9 11   13  99  3.83717E-01  1.31005E+00  2.39097E+00 -1.11122E+00  2.78445E+00  3.27200E-02  3.27200E-02
b  11   10 11   13  99  2.84362E-01  1.27835E+00  2.34923E+00 -2.36958E-01  4.22837E+00  5.10600E-02  5.10600E-02
b  11   11 11   13  99  2.40887E-01  1.02819E+00  1.92243E+00 -2.07436E-01  4.17369E+00  1.81100E-01  1.81100E-01
b  11   12 11   13  99  1.98087E-01  5.51624E-01  1.55653E+00 -2.05341E-01  4.01293E+00  1.42500E+00  1.42500E+00
b  11    1 11   14  99  2.07860E-01  1.80595E+00 -3.83954E+01  3.80896E+02  2.00000E+01  1.92800E-02  1.92800E-02
b  11    6 11   14  99  2.01839E-01  1.57367E+00 -3.30375E+01  3.74255E+02  2.00000E+01  5.36320E-01  5.36320E-01
b  11    9 11   14  99  3.95614E-01  1.42906E+00  2.45666E+00 -1.10502E+00  2.80657E+00  1.90620E-02  1.90620E-02
b  11   10 11   14  99  2.97352E-01  1.52137E+00  2.43904E+00 -2.58980E-01  4.25492E+00  2.51200E-02  2.51200E-02
b  11   11 11   14  99  2.58057E-01  1.43944E+00  2.00467E+00 -1.75721E-01  4.22206E+00  6.41800E-02  6.41800E-02
b  11   12 11   14  99  2.29242E-01  1.09064E+00  1.75809E+00 -1.78578E-01  4.15132E+00  2.17400E-01  2.17400E-01
b  11   13 11   14  99  1.98743E-01  5.54068E-01  2.06405E+00  2.64081E+00  6.35256E+00  1.63100E+00  1.63100E+00
b  11    1 11   15  99  2.05115E-01  1.78198E+00 -3.79324E+01  3.76114E+02  2.00000E+01  1.34560E-02  1.34560E-02
b  11    7 11   15  99  2.01839E-01  1.57367E+00 -3.30375E+01  3.74255E+02  2.00000E+01  5.36320E-01  5.36320E-01
b  11    9 11   15  99  4.03125E-01  1.51419E+00  2.50244E+00 -1.15821E+00  2.80861E+00  1.22140E-02  1.22140E-02
b  11   10 11   15  99  3.02806E-01  1.71380E+00  2.29306E+00 -1.24944E+00  3.50691E+00  1.45500E-02  1.45500E-02
b  11   11 11   15  99  2.69189E-01  1.74628E+00  2.05799E+00 -1.33472E-01  4.26400E+00  3.12600E-02  3.12600E-02
b  11   12 11   15  99  2.45532E-01  1.54166E+00  1.82720E+00 -1.61004E-01  4.21903E+00  7.60700E-02  7.60700E-02
b  11   13 11   15  99  2.21544E-01  1.13527E+00  1.66398E+00 -1.66310E-01  4.18387E+00  2.47600E-01  2.47600E-01
b  11   14 11   15  99  9.21176E-02  1.61808E+00  7.23185E-01  2.32447E+00  1.01062E+01  1.83100E+00  1.83100E+00
b  11    1 11   16  99  2.03468E-01  1.75900E+00 -3.74034E+01  3.70889E+02  2.00000E+01  9.75200E-03  9.75200E-03
b  11    8 11   16  99  2.01839E-01  1.57367E+00 -3.30375E+01  3.74255E+02  2.00000E+01  5.36320E-01  5.36320E-01
b  11    9 11   16  99  4.09157E-01  1.57277E+00  2.55638E+00 -1.17182E+00  2.84297E+00  8.35000E-03  8.35000E-03
b  11   10 11   16  99  3.08762E-01  1.84676E+00  2.31090E+00 -1.25162E+00  3.49570E+00  9.31300E-03  9.31300E-03
b  11   11 11   16  99  2.77246E-01  1.97890E+00  2.10013E+00 -1.85898E-01  4.27447E+00  1.80100E-02  1.80100E-02
b  11   12 11   16  99  2.57050E-01  1.89105E+00  1.89686E+00 -1.16979E-01  4.30559E+00  3.67600E-02  3.67600E-02
b  11   13 11   16  99  2.38601E-01  1.61457E+00  1.71945E+00 -1.19477E-01  4.21113E+00  8.59100E-02  8.59100E-02
b  11   14 11   16  99  2.30342E-01  1.08291E+00  2.36231E+00  3.39336E+00  6.72055E+00  2.76700E-01  2.76700E-01
b  11   15 11   16  99 -2.81669E-04  4.25506E-02  1.78413E-02  1.32005E-01  2.00000E+01  1.24200E+02  1.24200E+02
b  11    1 11   17  99  4.93725E-01  3.96652E-02 -3.45866E+00  2.53141E+01  3.83587E+00  2.58211E-02  2.58211E-02
b  11    9 11   17  99  3.84049E-01 -4.23674E-02 -2.58492E+00  2.00560E+01  3.85196E+00  5.34500E-02  5.34500E-02
b  11    1 11   18  99  4.11452E-01  4.18095E-02 -2.90747E+00  2.10224E+01  3.83032E+00  9.32000E-03  9.32000E-03
b  11    2 11   18  99  4.93725E-01  3.96652E-02 -3.45866E+00  2.53141E+01  3.83587E+00  2.73400E-02  2.73400E-02
b  11   10 11   18  99  3.84049E-01 -4.23674E-02 -2.58492E+00  2.00560E+01  3.85196E+00  5.34500E-02  5.34500E-02
b  11   17 11   18  99  2.00680E-01  2.95416E-01  1.63915E+00 -8.90669E-01  3.26718E+00  1.36960E+00  1.36960E+00
b  11    1 11   19  99  4.02428E-01  3.79570E-02 -2.83316E+00  2.05479E+01  3.83183E+00  4.26400E-03  4.26400E-03
b  11    3 11   19  99  4.93725E-01  3.96652E-02 -3.45866E+00  2.53141E+01  3.83587E+00  2.73400E-02  2.73400E-02
b  11   11 11   19  99  3.84049E-01 -4.23674E-02 -2.58492E+00  2.00560E+01  3.85196E+00  5.34500E-02  5.34500E-02
b  11   17 11   19  99  2.52583E-01  6.25390E-01  2.05225E+00 -1.12069E+00  3.39228E+00  2.18800E-01  2.18800E-01
b  11   18 11   19  99  2.00417E-01  3.80656E-01  1.68018E+00 -2.45184E-01  3.98079E+00  1.00200E+00  1.00200E+00
b  11    1 11   20  99  4.68575E-01  3.73476E-02 -3.41800E+00  2.44579E+01  3.84529E+00  2.09800E-03  2.09800E-03
b  11    4 11   20  99  4.93725E-01  3.96652E-02 -3.45866E+00  2.53141E+01  3.83587E+00  2.73400E-02  2.73400E-02
b  11   12 11   20  99  3.84049E-01 -4.23674E-02 -2.58492E+00  2.00560E+01  3.85196E+00  5.34500E-02  5.34500E-02
b  11   17 11   20  99  3.65151E-01  1.13013E+00  2.30037E+00 -1.05325E+00  2.79495E+00  6.54800E-02  6.54800E-02
b  11   18 11   20  99  2.63743E-01  9.29895E-01  2.20665E+00 -2.54635E-01  4.15584E+00  1.41300E-01  1.41300E-01
b  11   19 11   20  99  2.10954E-01  4.83807E-01  1.72102E+00 -2.59819E-01  3.98362E+00  1.17100E+00  1.17100E+00
b  11    1 11   21  99  4.57822E-01  3.23660E-02 -3.31981E+00  2.38655E+01  3.84694E+00  1.25880E-03  1.25880E-03
b  11    5 11   21  99  4.93725E-01  3.96652E-02 -3.45866E+00  2.53141E+01  3.83587E+00  2.73400E-02  2.73400E-02
b  11   13 11   21  99  3.84049E-01 -4.23674E-02 -2.58492E+00  2.00560E+01  3.85196E+00  5.34500E-02  5.34500E-02
b  11   17 11   21  99  3.83717E-01  1.31005E+00  2.39097E+00 -1.11122E+00  2.78445E+00  3.27200E-02  3.27200E-02
b  11   18 11   21  99  2.84362E-01  1.27835E+00  2.34923E+00 -2.36958E-01  4.22837E+00  5.10600E-02  5.10600E-02
b  11   19 11   21  99  2.40887E-01  1.02819E+00  1.92243E+00 -2.07436E-01  4.17369E+00  1.81100E-01  1.81100E-01
b  11   20 11   21  99  1.98087E-01  5.51624E-01  1.55653E+00 -2.05341E-01  4.01293E+00  1.42500E+00  1.42500E+00
b  11    1 11   22  99  4.51381E-01  2.59538E-02 -3.23148E+00  2.33918E+01  3.84171E+00  8.13600E-04  8.13600E-04
b  11    6 11   22  99  4.93725E-01  3.96652E-02 -3.45866E+00  2.53141E+01  3.83587E+00  2.73400E-02  2.73400E-02
b  11   14 11   22  99  3.84049E-01 -4.23674E-02 -2.58492E+00  2.00560E+01  3.85196E+00  5.34500E-02  5.34500E-02
b  11   17 11   22  99  3.95614E-01  1.42906E+00  2.45666E+00 -1.10502E+00  2.80657E+00  1.90620E-02  1.90620E-02
b  11   18 11   22  99  2.97352E-01  1.52137E+00  2.43904E+00 -2.58980E-01  4.25492E+00  2.51200E-02  2.51200E-02
b  11   19 11   22  99  2.58057E-01  1.43944E+00  2.00467E+00 -1.75721E-01  4.22206E+00  6.41800E-02  6.41800E-02
b  11   20 11   22  99  2.29242E-01  1.09064E+00  1.75809E+00 -1.78578E-01  4.15132E+00  2.17400E-01  2.17400E-01
b  11   21 11   22  99  1.98743E-01  5.54068E-01  2.06405E+00  2.64081E+00  6.35256E+00  1.63100E+00  1.63100E+00
b  11    1 11   23  99  4.44265E-01  3.10911E-02 -3.22924E+00  2.31754E+01  3.84632E+00  5.55600E-04  5.55600E-04
b  11    7 11   23  99  4.93725E-01  3.96652E-02 -3.45866E+00  2.53141E+01  3.83587E+00  2.73400E-02  2.73400E-02
b  11   15 11   23  99  3.84049E-01 -4.23674E-02 -2.58492E+00  2.00560E+01  3.85196E+00  5.34500E-02  5.34500E-02
b  11   17 11   23  99  4.03125E-01  1.51419E+00  2.50244E+00 -1.15821E+00  2.80861E+00  1.22140E-02  1.22140E-02
b  11   18 11   23  99  3.02806E-01  1.71380E+00  2.29306E+00 -1.24944E+00  3.50691E+00  1.45500E-02  1.45500E-02
b  11   19 11   23  99  2.69189E-01  1.74628E+00  2.05799E+00 -1.33472E-01  4.26400E+00  3.12600E-02  3.12600E-02
b  11   20 11   23  99  2.45532E-01  1.54166E+00  1.82720E+00 -1.61004E-01  4.21903E+00  7.60700E-02  7.60700E-02
b  11   21 11   23  99  2.21544E-01  1.13527E+00  1.66398E+00 -1.66310E-01  4.18387E+00  2.47600E-01  2.47600E-01
b  11   22 11   23  99  9.21176E-02  1.61808E+00  7.23185E-01  2.32447E+00  1.01062E+01  1.83100E+00  1.83100E+00
b  11    1 11   24  99  4.39092E-01  3.44987E-02 -3.23240E+00  2.30817E+01  3.85540E+00  3.95800E-04  3.95800E-04
b  11    8 11   24  99  4.93725E-01  3.96652E-02 -3.45866E+00  2.53141E+01  3.83587E+00  2.73400E-02  2.73400E-02
b  11   16 11   24  99  3.84049E-01 -4.23674E-02 -2.58492E+00  2.00560E+01  3.85196E+00  5.34500E-02  5.34500E-02
b  11   17 11   24  99  4.09157E-01  1.57277E+00  2.55638E+00 -1.17182E+00  2.84297E+00  8.35000E-03  8.35000E-03
b  11   18 11   24  99  3.08762E-01  1.84676E+00  2.31090E+00 -1.25162E+00  3.49570E+00  9.31300E-03  9.31300E-03
b  11   19 11   24  99  2.77246E-01  1.97890E+00  2.10013E+00 -1.85898E-01  4.27447E+00  1.80100E-02  1.80100E-02
b  11   20 11   24  99  2.57050E-01  1.89105E+00  1.89686E+00 -1.16979E-01  4.30559E+00  3.67600E-02  3.67600E-02
b  11   21 11   24  99  2.38601E-01  1.61457E+00  1.71945E+00 -1.19477E-01  4.21113E+00  8.59100E-02  8.59100E-02
b  11   22 11   24  99  2.30342E-01  1.08291E+00  2.36231E+00  3.39336E+00  6.72055E+00  2.76700E-01  2.76700E-01
b  11   23 11   24  99 -2.81669E-04  4.25506E-02  1.78413E-02  1.32005E-01  2.00000E+01  1.24200E+02  1.24200E+02
f  11    1 10    1  99  1.00000E+00  3.80000E+00
p  11    1 10    1  98 -5.04190E-01 -1.33680E+00 -1.85480E-01 -1.91270E-03  1.00000E+00  2.88100E+01  3.00000E+01  5.76000E+02
f  11    2 10    1  99  1.00000E+00  3.23160E+00
p  11    2 10    1  99  1.00000E+00  3.23160E+00
f  11    3 10    1  99  1.00000E+00  3.02280E+00
p  11    3 10    1  99  1.00000E+00  3.02280E+00
f  11    4 10    1  99  1.00000E+00  3.10200E+00
p  11    4 10    1  99  1.00000E+00  3.10200E+00
f  11    5 10    1  99  1.00000E+00  3.08200E+00
p  11    5 10    1  99  1.00000E+00  3.08200E+00
f  11    6 10    1  99  1.00000E+00  3.00820E+00
p  11    6 10    1  99  1.00000E+00  3.00820E+00
f  11    7 10    1  99  1.00000E+00  3.00820E+00
p  11    7 10    1  99  1.00000E+00  3.00820E+00
f  11    8 10    1  99  1.00000E+00  3.00100E+00
p  11    8 10    1  99  1.00000E+00  3.00100E+00
f  11    1 10    2  99  8.00000E+00  3.80000E+00
p  11    1 10    2  98  1.89460E+00 -1.89880E+00 -3.03750E-01  3.55030E-02  8.00000E+00  1.42500E+02  1.48200E+02  2.85000E+03
f  11    9 10    2  99  2.00000E+00  4.36400E+00
p  11    9 10    2  98 -5.04190E-01 -1.33680E+00 -1.85480E-01 -1.91270E-03  1.00000E+00  2.88100E+01  3.00000E+01  5.76000E+02
f  11   10 10    2  99  1.00000E+00  3.28830E+00
p  11   10 10    2  99  1.00000E+00  3.28830E+00
f  11   11 10    2  99  1.00000E+00  3.04110E+00
p  11   11 10    2  99  1.00000E+00  3.04110E+00
f  11   12 10    2  99  1.00000E+00  3.10800E+00
p  11   12 10    2  99  1.00000E+00  3.10800E+00
f  11   13 10    2  99  1.00000E+00  3.08600E+00
p  11   13 10    2  99  1.00000E+00  3.08600E+00
f  11   14 10    2  99  1.00000E+00  3.01720E+00
p  11   14 10    2  99  1.00000E+00  3.01720E+00
f  11   15 10    2  99  1.00000E+00  3.01520E+00
p  11   15 10    2  99  1.00000E+00  3.01520E+00
f  11   16 10    2  99  1.00000E+00  3.00100E+00
p  11   16 10    2  99  1.00000E+00  3.00100E+00
f  11    2 10    3  99  8.00000E+00  3.23160E+00
p  11    2 10    3  98  1.89460E+00 -1.89880E+00 -3.03750E-01  3.55030E-02  8.00000E+00  1.42500E+02  1.48200E+02  2.85000E+03
f  11   10 10    3  99  1.00000E+00  3.28830E+00
p  11   10 10    3  98 -5.04190E-01 -1.33680E+00 -1.85480E-01 -1.91270E-03  1.00000E+00  2.88100E+01  3.00000E+01  5.76000E+02
f  11    3 10    4  99  8.00000E+00  3.02280E+00
p  11    3 10    4  98  1.89460E+00 -1.89880E+00 -3.03750E-01  3.55030E-02  8.00000E+00  1.42500E+02  1.48200E+02  2.85000E+03
f  11   11 10    4  99  1.00000E+00  3.04110E+00
p  11   11 10    4  98 -5.04190E-01 -1.33680E+00 -1.85480E-01 -1.91270E-03  1.00000E+00  2.88100E+01  3.00000E+01  5.76000E+02
f  11    4 10    5  99  8.00000E+00  3.10200E+00
p  11    4 10    5  98  1.89460E+00 -1.89880E+00 -3.03750E-01  3.55030E-02  8.00000E+00  1.42500E+02  1.48200E+02  2.85000E+03
f  11   12 10    5  99  1.00000E+00  3.10800E+00
p  11   12 10    5  98 -5.04190E-01 -1.33680E+00 -1.85480E-01 -1.91270E-03  1.00000E+00  2.88100E+01  3.00000E+01  5.76000E+02
f  11    5 10    6  99  8.00000E+00  3.08200E+00
p  11    5 10    6  98  1.89460E+00 -1.89880E+00 -3.03750E-01  3.55030E-02  8.00000E+00  1.42500E+02  1.48200E+02  2.85000E+03
f  11   13 10    6  99  1.00000E+00  3.08600E+00
p  11   13 10    6  98 -5.04190E-01 -1.33680E+00 -1.85480E-01 -1.91270E-03  1.00000E+00  2.88100E+01  3.00000E+01  5.76000E+02
f  11    6 10    7  99  8.00000E+00  3.00820E+00
p  11    6 10    7  98  1.89460E+00 -1.89880E+00 -3.03750E-01  3.55030E-02  8.00000E+00  1.42500E+02  1.48200E+02  2.85000E+03
f  11   14 10    7  99  1.00000E+00  3.01720E+00
p  11   14 10    7  98 -5.04190E-01 -1.33680E+00 -1.85480E-01 -1.91270E-03  1.00000E+00  2.88100E+01  3.00000E+01  5.76000E+02
f  11    7 10    8  99  8.00000E+00  3.00820E+00
p  11    7 10    8  98  1.89460E+00 -1.89880E+00 -3.03750E-01  3.55030E-02  8.00000E+00  1.42500E+02  1.48200E+02  2.85000E+03
f  11   15 10    8  99  1.00000E+00  3.01520E+00
p  11   15 10    8  98 -5.04190E-01 -1.33680E+00 -1.85480E-01 -1.91270E-03  1.00000E+00  2.88100E+01  3.00000E+01  5.76000E+02
f  11    8 10    9  99  8.00000E+00  3.00100E+00
p  11    8 10    9  98  1.89460E+00 -1.89880E+00 -3.03750E-01  3.55030E-02  8.00000E+00  1.42500E+02  1.48200E+02  2.85000E+03
f  11   16 10    9  99  1.00000E+00  3.00100E+00
p  11   16 10    9  98 -5.04190E-01 -1.33680E+00 -1.85480E-01 -1.91270E-03  1.00000E+00  2.88100E+01  3.00000E+01  5.76000E+02
f  11    9 10   10  99  7.00000E+00  4.36400E+00
p  11    9 10   10  98  1.89460E+00 -1.89880E+00 -3.03750E-01  3.55030E-02  8.00000E+00  1.42500E+02  1.48200E+02  2.85000E+03
f  11   10 10   11  99  7.00000E+00  3.28830E+00
p  11   10 10   11  98  1.89460E+00 -1.89880E+00 -3.03750E-01  3.55030E-02  8.00000E+00  1.42500E+02  1.48200E+02  2.85000E+03
f  11   11 10   12  99  7.00000E+00  3.04110E+00
p  11   11 10   12  98  1.89460E+00 -1.89880E+00 -3.03750E-01  3.55030E-02  8.00000E+00  1.42500E+02  1.48200E+02  2.85000E+03
f  11   12 10   13  99  7.00000E+00  3.10800E+00
p  11   12 10   13  98  1.89460E+00 -1.89880E+00 -3.03750E-01  3.55030E-02  8.00000E+00  1.42500E+02  1.48200E+02  2.85000E+03
f  11   13 10   14  99  7.00000E+00  3.08600E+00
p  11   13 10   14  98  1.89460E+00 -1.89880E+00 -3.03750E-01  3.55030E-02  8.00000E+00  1.42500E+02  1.48200E+02  2.85000E+03
f  11   14 10   15  99  7.00000E+00  3.01720E+00
p  11   14 10   15  98  1.89460E+00 -1.89880E+00 -3.03750E-01  3.55030E-02  8.00000E+00  1.42500E+02  1.48200E+02  2.85000E+03
f  11   15 10   16  99  7.00000E+00  3.01520E+00
p  11   15 10   16  98  1.89460E+00 -1.89880E+00 -3.03750E-01  3.55030E-02  8.00000E+00  1.42500E+02  1.48200E+02  2.85000E+03
f  11   16 10   17  99  7.00000E+00  3.00100E+00
p  11   16 10   17  98  1.89460E+00 -1.89880E+00 -3.03750E-01  3.55030E-02  8.00000E+00  1.42500E+02  1.48200E+02  2.85000E+03
f  11    1 10   18  99  2.00000E+00  3.80000E+00
p  11    1 10   18  98  2.29100E+00 -2.46220E+00 -1.79490E-01  1.40730E-02  2.00000E+00  1.57400E+03  1.63700E+03  3.14900E+04
f  11   17 10   18  99  2.00000E+00  4.44400E+00
p  11   17 10   18  98 -5.04190E-01 -1.33680E+00 -1.85480E-01 -1.91270E-03  1.00000E+00  2.88100E+01  3.00000E+01  5.76000E+02
f  11   18 10   18  99  1.00000E+00  3.31150E+00
p  11   18 10   18  99  1.00000E+00  3.31150E+00
f  11   19 10   18  99  1.00000E+00  3.04020E+00
p  11   19 10   18  99  1.00000E+00  3.04020E+00
f  11   20 10   18  99  1.00000E+00  3.11700E+00
p  11   20 10   18  99  1.00000E+00  3.11700E+00
f  11   21 10   18  99  1.00000E+00  3.09500E+00
p  11   21 10   18  99  1.00000E+00  3.09500E+00
f  11   22 10   18  99  1.00000E+00  3.01810E+00
p  11   22 10   18  99  1.00000E+00  3.01810E+00
f  11   23 10   18  99  1.00000E+00  3.01610E+00
p  11   23 10   18  99  1.00000E+00  3.01610E+00
f  11   24 10   18  99  1.00000E+00  3.00100E+00
p  11   24 10   18  99  1.00000E+00  3.00100E+00
f  11    2 10   19  99  2.00000E+00  3.23160E+00
p  11    2 10   19  98  2.29100E+00 -2.46220E+00 -1.79490E-01  1.40730E-02  2.00000E+00  1.57400E+03  1.63700E+03  3.14900E+04
f  11   18 10   19  99  1.00000E+00  3.31150E+00
p  11   18 10   19  98 -5.04190E-01 -1.33680E+00 -1.85480E-01 -1.91270E-03  1.00000E+00  2.88100E+01  3.00000E+01  5.76000E+02
f  11    3 10   20  99  2.00000E+00  3.02280E+00
p  11    3 10   20  98  2.29100E+00 -2.46220E+00 -1.79490E-01  1.40730E-02  2.00000E+00  1.57400E+03  1.63700E+03  3.14900E+04
f  11   19 10   20  99  1.00000E+00  3.04020E+00
p  11   19 10   20  98 -5.04190E-01 -1.33680E+00 -1.85480E-01 -1.91270E-03  1.00000E+00  2.88100E+01  3.00000E+01  5.76000E+02
f  11    4 10   21  99  2.00000E+00  3.10200E+00
p  11    4 10   21  98  2.29100E+00 -2.46220E+00 -1.79490E-01  1.40730E-02  2.00000E+00  1.57400E+03  1.63700E+03  3.14900E+04
f  11   20 10   21  99  1.00000E+00  3.11700E+00
p  11   20 10   21  98 -5.04190E-01 -1.33680E+00 -1.85480E-01 -1.91270E-03  1.00000E+00  2.88100E+01  3.00000E+01  5.76000E+02
f  11    5 10   22  99  2.00000E+00  3.08200E+00
p  11    5 10   22  98  2.29100E+00 -2.46220E+00 -1.79490E-01  1.40730E-02  2.00000E+00  1.57400E+03  1.63700E+03  3.14900E+04
f  11   21 10   22  99  1.00000E+00  3.09500E+00
p  11   21 10   22  98 -5.04190E-01 -1.33680E+00 -1.85480E-01 -1.91270E-03  1.00000E+00  2.88100E+01  3.00000E+01  5.76000E+02
f  11    6 10   23  99  2.00000E+00  3.00820E+00
p  11    6 10   23  98  2.29100E+00 -2.46220E+00 -1.79490E-01  1.40730E-02  2.00000E+00  1.57400E+03  1.63700E+03  3.14900E+04
f  11   22 10   23  99  1.00000E+00  3.01810E+00
p  11   22 10   23  98 -5.04190E-01 -1.33680E+00 -1.85480E-01 -1.91270E-03  1.00000E+00  2.88100E+01  3.00000E+01  5.76000E+02
f  11    7 10   24  99  2.00000E+00  3.00820E+00
p  11    7 10   24  98  2.29100E+00 -2.46220E+00 -1.79490E-01  1.40730E-02  2.00000E+00  1.57400E+03  1.63700E+03  3.14900E+04
f  11   23 10   24  99  1.00000E+00  3.01610E+00
p  11   23 10   24  98 -5.04190E-01 -1.33680E+00 -1.85480E-01 -1.91270E-03  1.00000E+00  2.88100E+01  3.00000E+01  5.76000E+02
f  11    8 10   25  99  2.00000E+00  3.00100E+00
p  11    8 10   25  98  2.29100E+00 -2.46220E+00 -1.79490E-01  1.40730E-02  2.00000E+00  1.57400E+03  1.63700E+03  3.14900E+04
f  11   24 10   25  99  1.00000E+00  3.00100E+00
p  11   24 10   25  98 -5.04190E-01 -1.33680E+00 -1.85480E-01 -1.91270E-03  1.00000E+00  2.88100E+01  3.00000E+01  5.76000E+02
a  11    9 10    1   2.58945E+12
a  11   10 10    1   4.02075E+11
a  11   11 10    1   1.15688E+11
a  11   12 10    1   4.34812E+10
a  11   13 10    1   2.01172E+10
a  11   14 10    1   1.03181E+10
a  11   15 10    1   5.72588E+09
a  11   16 10    1   3.38111E+09
a  11   17 10    1   2.49810E+10
a  11   18 10    1   3.65875E+09
a  11   19 10    1   1.00820E+09
a  11   20 10    1   3.66315E+08
a  11   21 10    1   1.69480E+08
a  11   22 10    1   8.69300E+07
a  11   23 10    1   4.82390E+07
a  11   24 10    1   2.84845E+07
a  11   17 10    2   1.00360E+13
a  11   18 10    2   7.76040E+11
a  11   19 10    2   2.13884E+11
a  11   20 10    2   7.77640E+10
a  11   21 10    2   3.59792E+10
a  11   22 10    2   1.84540E+10
a  11   23 10    2   1.02408E+10
a  11   24 10    2   6.04720E+09
a  11   18 10    3   5.01800E+12
a  11   19 10    4   5.01800E+12
a  11   20 10    5   5.01800E+12
a  11   21 10    6   5.01800E+12
a  11   22 10    7   5.01800E+12
a  11   23 10    8   5.01800E+12
a  11   24 10    9   5.01800E+12
a  11   17 10   10   5.31608E+14
a  11   18 10   11   5.31608E+14
a  11   19 10   12   5.31608E+14
a  11   20 10   13   5.31608E+14
a  11   21 10   14   5.31608E+14
a  11   22 10   15   5.31608E+14
a  11   23 10   16   5.31608E+14
a  11   24 10   17   5.31608E+14
b  12    1 12    2  99  1.34923E-01  3.06832E-01  1.07398E+00 -1.43019E-01  3.97468E+00  1.23860E+00  1.23860E+00
b  12    1 12    3  99  1.91330E-01  4.83457E-01  1.42829E+00 -7.58986E-01  3.27431E+00  2.34200E-01  2.34200E-01
b  12    2 12    3  99  1.48449E-01  4.04347E-01  1.14530E+00 -1.63787E-01  3.97556E+00  1.02900E+00  1.02900E+00
b  12    1 12    4  99  5.16512E-01  1.12569E+00  4.13091E+00 -2.24202E+00  3.32099E+00  5.21200E-02  5.21200E-02
b  12    2 12    4  99  2.65425E-01  1.08362E+00  2.07064E+00 -2.35913E-01  4.14429E+00  1.27100E-01  1.27100E-01
b  12    3 12    4  99  1.97457E-01  6.29084E-01  1.48946E+00 -2.01043E-01  4.02774E+00  1.09800E+00  1.09800E+00
b  12    1 12    5  99  5.31136E-01  1.24315E+00  4.25669E+00 -2.32993E+00  3.34160E+00  2.75000E-02  2.75000E-02
b  12    2 12    5  99  2.83578E-01  1.38954E+00  2.16061E+00 -1.80006E-01  4.15266E+00  4.82900E-02  4.82900E-02
b  12    3 12    5  99  2.34371E-01  1.18333E+00  1.69965E+00 -1.23510E-01  4.08789E+00  1.67400E-01  1.67400E-01
b  12    4 12    5  99  1.05398E-01  1.54035E+00  9.60399E-01  2.60091E+00  9.33862E+00  1.38600E+00  1.38600E+00
b  12    1 12    6  99  5.39102E-01  1.32284E+00  4.34034E+00 -2.33981E+00  3.38377E+00  1.65080E-02  1.65080E-02
b  12    2 12    6  99  2.96013E-01  1.68498E+00  2.26699E+00 -2.17725E-01  4.21793E+00  2.45100E-02  2.45100E-02
b  12    3 12    6  99  2.53890E-01  1.62860E+00  1.82447E+00 -1.18921E-01  4.20050E+00  6.34000E-02  6.34000E-02
b  12    4 12    6  99  2.30869E-01  1.14171E+00  2.33568E+00  3.38998E+00  6.74358E+00  2.13700E-01  2.13700E-01
b  12    5 12    6  99 -3.29027E-02  2.89136E+00  1.96748E+00  7.23118E+00  1.35387E+01  1.66400E+00  1.66400E+00
b  12    1 12    7  99  4.40118E-01  1.22622E+00  3.52754E+00 -1.92881E+00  3.38298E+00  1.08300E-02  1.08300E-02
b  12    2 12    7  99  2.76967E-01  1.67486E+00  2.07957E+00 -1.31201E-01  4.25556E+00  1.45600E-02  1.45600E-02
b  12    3 12    7  99  2.55515E-01  1.83273E+00  1.81270E+00 -1.29733E-01  4.20407E+00  3.00900E-02  3.00900E-02
b  12    4 12    7  99  2.32543E-01  1.65761E+00  1.61797E+00 -1.27909E-01  4.20966E+00  7.34300E-02  7.34300E-02
b  12    5 12    7  99  2.23672E-01  1.17891E+00  2.22257E+00  3.28396E+00  6.78465E+00  2.40500E-01  2.40500E-01
b  12    6 12    7  99  3.57799E-02  1.97872E+00  8.05046E-01  2.30781E+00  9.38419E+00  1.81400E+00  1.81400E+00
b  12    1 12    8  99  5.45969E-01  1.41339E+00  4.38046E+00 -2.37490E+00  3.38352E+00  7.46600E-03  7.46600E-03
b  12    2 12    8  99  3.04528E-01  1.82607E+00  2.30444E+00 -1.75158E-01  4.23680E+00  9.40600E-03  9.40600E-03
b  12    3 12    8  99  2.72987E-01  2.07790E+00  1.91821E+00 -1.06444E-01  4.20840E+00  1.75000E-02  1.75000E-02
b  12    4 12    8  99  2.42303E-01  1.99935E+00  1.63776E+00 -1.29803E-01  4.19903E+00  3.57700E-02  3.57700E-02
b  12    5 12    8  99  2.42772E-01  1.62998E+00  2.36147E+00  3.62121E+00  6.91471E+00  8.34100E-02  8.34100E-02
b  12    6 12    8  99  2.07534E-01  1.63457E+00  3.99169E+00  1.11671E+01  1.13641E+01  2.69900E-01  2.69900E-01
b  12    7 12    8  99  1.12894E+00 -1.01354E+01  3.02154E+04  2.70162E+04  4.72649E-01  6.31500E+00  6.31500E+00
b  12    1 12    9  98  0.00000E+00  0.00000E+00  0.00000E+00  0.00000E+00  0.00000E+00  3.67316E-03  7.34633E-05
b  12    2 12    9  99  1.34923E-01  3.06832E-01  1.07398E+00 -1.43019E-01  3.97468E+00  5.99947E-01  5.99947E-01
b  12    1 12   10  98  0.00000E+00  0.00000E+00  0.00000E+00  0.00000E+00  0.00000E+00  5.31059E-03  1.06212E-04
b  12    2 12   10  99  1.91330E-01  4.83457E-01  1.42829E+00 -7.58986E-01  3.27431E+00  1.17100E-01  1.17100E-01
b  12    3 12   10  99  1.34923E-01  3.06832E-01  1.07398E+00 -1.43019E-01  3.97468E+00  6.19300E-01  6.19300E-01
b  12    9 12   10  99  1.48449E-01  4.04347E-01  1.14530E+00 -1.63787E-01  3.97556E+00  2.05800E+00  2.05800E+00
b  12    1 12   11  98  0.00000E+00  0.00000E+00  0.00000E+00  0.00000E+00  0.00000E+00  7.44462E-03  1.48892E-04
b  12    2 12   11  99  5.16512E-01  1.12569E+00  4.13091E+00 -2.24202E+00  3.32099E+00  2.60600E-02  2.60600E-02
b  12    4 12   11  99  1.34923E-01  3.06832E-01  1.07398E+00 -1.43019E-01  3.97468E+00  6.19300E-01  6.19300E-01
b  12    9 12   11  99  2.65425E-01  1.08362E+00  2.07064E+00 -2.35913E-01  4.14429E+00  2.54200E-01  2.54200E-01
b  12   10 12   11  99  1.97457E-01  6.29084E-01  1.48946E+00 -2.01043E-01  4.02774E+00  1.09800E+00  1.09800E+00
b  12    1 12   12  98  0.00000E+00  0.00000E+00  0.00000E+00  0.00000E+00  0.00000E+00  9.88423E-03  1.97685E-04
b  12    2 12   12  99  5.31136E-01  1.24315E+00  4.25669E+00 -2.32993E+00  3.34160E+00  1.37500E-02  1.37500E-02
b  12    5 12   12  99  1.34923E-01  3.06832E-01  1.07398E+00 -1.43019E-01  3.97468E+00  6.19300E-01  6.19300E-01
b  12    9 12   12  99  2.83578E-01  1.38954E+00  2.16061E+00 -1.80006E-01  4.15266E+00  9.65800E-02  9.65800E-02
b  12   10 12   12  99  2.34371E-01  1.18333E+00  1.69965E+00 -1.23510E-01  4.08789E+00  1.67400E-01  1.67400E-01
b  12   11 12   12  99  1.05398E-01  1.54035E+00  9.60399E-01  2.60091E+00  9.33862E+00  1.38600E+00  1.38600E+00
b  12    1 12   13  98  0.00000E+00  0.00000E+00  0.00000E+00  0.00000E+00  0.00000E+00  1.26718E-02  2.53436E-04
b  12    2 12   13  99  5.39102E-01  1.32284E+00  4.34034E+00 -2.33981E+00  3.38377E+00  8.25400E-03  8.25400E-03
b  12    6 12   13  99  1.34923E-01  3.06832E-01  1.07398E+00 -1.43019E-01  3.97468E+00  6.19300E-01  6.19300E-01
b  12    9 12   13  99  2.96013E-01  1.68498E+00  2.26699E+00 -2.17725E-01  4.21793E+00  4.90200E-02  4.90200E-02
b  12   10 12   13  99  2.53890E-01  1.62860E+00  1.82447E+00 -1.18921E-01  4.20050E+00  6.34000E-02  6.34000E-02
b  12   11 12   13  99  2.30869E-01  1.14171E+00  2.33568E+00  3.38998E+00  6.74358E+00  2.13700E-01  2.13700E-01
b  12   12 12   13  99 -3.29027E-02  2.89136E+00  1.96748E+00  7.23118E+00  1.35387E+01  1.66400E+00  1.66400E+00
b  12    1 12   14  98  0.00000E+00  0.00000E+00  0.00000E+00  0.00000E+00  0.00000E+00  1.58839E-02  3.17678E-04
b  12    2 12   14  99  4.40118E-01  1.22622E+00  3.52754E+00 -1.92881E+00  3.38298E+00  5.41500E-03  5.41500E-03
b  12    7 12   14  99  1.34923E-01  3.06832E-01  1.07398E+00 -1.43019E-01  3.97468E+00  6.19300E-01  6.19300E-01
b  12    9 12   14  99  2.76967E-01  1.67486E+00  2.07957E+00 -1.31201E-01  4.25556E+00  2.91200E-02  2.91200E-02
b  12   10 12   14  99  2.55515E-01  1.83273E+00  1.81270E+00 -1.29733E-01  4.20407E+00  3.00900E-02  3.00900E-02
b  12   11 12   14  99  2.32543E-01  1.65761E+00  1.61797E+00 -1.27909E-01  4.20966E+00  7.34300E-02  7.34300E-02
b  12   12 12   14  99  2.23672E-01  1.17891E+00  2.22257E+00  3.28396E+00  6.78465E+00  2.40500E-01  2.40500E-01
b  12   13 12   14  99  3.57799E-02  1.97872E+00  8.05046E-01  2.30781E+00  9.38419E+00  1.81400E+00  1.81400E+00
b  12    1 12   15  98  0.00000E+00  0.00000E+00  0.00000E+00  0.00000E+00  0.00000E+00  1.94658E-02  3.89315E-04
b  12    2 12   15  99  5.45969E-01  1.41339E+00  4.38046E+00 -2.37490E+00  3.38352E+00  3.73300E-03  3.73300E-03
b  12    8 12   15  99  1.34923E-01  3.06832E-01  1.07398E+00 -1.43019E-01  3.97468E+00  6.19300E-01  6.19300E-01
b  12    9 12   15  99  3.04528E-01  1.82607E+00  2.30444E+00 -1.75158E-01  4.23680E+00  1.88120E-02  1.88120E-02
b  12   10 12   15  99  2.72987E-01  2.07790E+00  1.91821E+00 -1.06444E-01  4.20840E+00  1.75000E-02  1.75000E-02
b  12   11 12   15  99  2.42303E-01  1.99935E+00  1.63776E+00 -1.29803E-01  4.19903E+00  3.57700E-02  3.57700E-02
b  12   12 12   15  99  2.42772E-01  1.62998E+00  2.36147E+00  3.62121E+00  6.91471E+00  8.34100E-02  8.34100E-02
b  12   13 12   15  99  2.07534E-01  1.63457E+00  3.99169E+00  1.11671E+01  1.13641E+01  2.69900E-01  2.69900E-01
b  12   14 12   15  99  1.12894E+00 -1.01354E+01  3.02154E+04  2.70162E+04  4.72649E-01  6.31500E+00  6.31500E+00
b  12    1 12   16  99  2.73585E-01  2.40737E+00 -4.75057E+01  5.11240E+02  2.00000E+01  2.04871E-01  2.04871E-01
b  12    1 12   17  99  2.23627E-01  1.78937E+00 -3.66932E+01  3.96438E+02  2.00000E+01  8.52800E-02  8.52800E-02
b  12    2 12   17  99  2.73585E-01  2.40737E+00 -4.75057E+01  5.11240E+02  2.00000E+01  2.17676E-01  2.17676E-01
b  12   16 12   17  99  1.34923E-01  3.06832E-01  1.07398E+00 -1.43019E-01  3.97468E+00  1.85790E+00  1.85790E+00
b  12    1 12   18  99  2.03960E-01  1.52488E+00 -3.22459E+01  3.65024E+02  2.00000E+01  4.20640E-02  4.20640E-02
b  12    3 12   18  99  2.73585E-01  2.40737E+00 -4.75057E+01  5.11240E+02  2.00000E+01  2.17676E-01  2.17676E-01
b  12   16 12   18  99  1.91330E-01  4.83457E-01  1.42829E+00 -7.58986E-01  3.27431E+00  3.51300E-01  3.51300E-01
b  12   17 12   18  99  1.48449E-01  4.04347E-01  1.14530E+00 -1.63787E-01  3.97556E+00  1.02900E+00  1.02900E+00
b  12    1 12   19  99  2.87770E-01  2.33774E+00 -5.13161E+01  5.45476E+02  2.00000E+01  1.80800E-02  1.80800E-02
b  12    4 12   19  99  2.73585E-01  2.40737E+00 -4.75057E+01  5.11240E+02  2.00000E+01  2.17676E-01  2.17676E-01
b  12   16 12   19  99  5.16512E-01  1.12569E+00  4.13091E+00 -2.24202E+00  3.32099E+00  7.81800E-02  7.81800E-02
b  12   17 12   19  99  2.65425E-01  1.08362E+00  2.07064E+00 -2.35913E-01  4.14429E+00  1.27100E-01  1.27100E-01
b  12   18 12   19  99  1.97457E-01  6.29084E-01  1.48946E+00 -2.01043E-01  4.02774E+00  1.09800E+00  1.09800E+00
b  12    1 12   20  99  2.78741E-01  2.25220E+00 -4.97520E+01  5.28696E+02  2.00000E+01  1.12320E-02  1.12320E-02
b  12    5 12   20  99  2.73585E-01  2.40737E+00 -4.75057E+01  5.11240E+02  2.00000E+01  2.17676E-01  2.17676E-01
b  12   16 12   20  99  5.31136E-01  1.24315E+00  4.25669E+00 -2.32993E+00  3.34160E+00  4.12500E-02  4.12500E-02
b  12   17 12   20  99  2.83578E-01  1.38954E+00  2.16061E+00 -1.80006E-01  4.15266E+00  4.82900E-02  4.82900E-02
b  12   18 12   20  99  2.34371E-01  1.18333E+00  1.69965E+00 -1.23510E-01  4.08789E+00  1.67400E-01  1.67400E-01
b  12   19 12   20  99  1.05398E-01  1.54035E+00  9.60399E-01  2.60091E+00  9.33862E+00  1.38600E+00  1.38600E+00
b  12    1 12   21  99  2.72598E-01  2.19246E+00 -4.84925E+01  5.14471E+02  2.00000E+01  7.44720E-03  7.44720E-03
b  12    6 12   21  99  2.73585E-01  2.40737E+00 -4.75057E+01  5.11240E+02  2.00000E+01  2.17676E-01  2.17676E-01
b  12   16 12   21  99  5.39102E-01  1.32284E+00  4.34034E+00 -2.33981E+00  3.38377E+00  2.47620E-02  2.47620E-02
b  12   17 12   21  99  2.96013E-01  1.68498E+00  2.26699E+00 -2.17725E-01  4.21793E+00  2.45100E-02  2.45100E-02
b  12   18 12   21  99  2.53890E-01  1.62860E+00  1.82447E+00 -1.18921E-01  4.20050E+00  6.34000E-02  6.34000E-02
b  12   19 12   21  99  2.30869E-01  1.14171E+00  2.33568E+00  3.38998E+00  6.74358E+00  2.13700E-01  2.13700E-01
b  12   20 12   21  99 -3.29027E-02  2.89136E+00  1.96748E+00  7.23118E+00  1.35387E+01  1.66400E+00  1.66400E+00
b  12    1 12   22  99  2.66890E-01  2.15480E+00 -4.76124E+01  5.02624E+02  2.00000E+01  5.18560E-03  5.18560E-03
b  12    7 12   22  99  2.73585E-01  2.40737E+00 -4.75057E+01  5.11240E+02  2.00000E+01  2.17676E-01  2.17676E-01
b  12   16 12   22  99  4.40118E-01  1.22622E+00  3.52754E+00 -1.92881E+00  3.38298E+00  1.62450E-02  1.62450E-02
b  12   17 12   22  99  2.76967E-01  1.67486E+00  2.07957E+00 -1.31201E-01  4.25556E+00  1.45600E-02  1.45600E-02
b  12   18 12   22  99  2.55515E-01  1.83273E+00  1.81270E+00 -1.29733E-01  4.20407E+00  3.00900E-02  3.00900E-02
b  12   19 12   22  99  2.32543E-01  1.65761E+00  1.61797E+00 -1.27909E-01  4.20966E+00  7.34300E-02  7.34300E-02
b  12   20 12   22  99  2.23672E-01  1.17891E+00  2.22257E+00  3.28396E+00  6.78465E+00  2.40500E-01  2.40500E-01
b  12   21 12   22  99  3.57799E-02  1.97872E+00  8.05046E-01  2.30781E+00  9.38419E+00  1.81400E+00  1.81400E+00
b  12    1 12   23  99  2.62770E-01  2.12975E+00 -4.71650E+01  4.97000E+02  2.00000E+01  3.75040E-03  3.75040E-03
b  12    8 12   23  99  2.73585E-01  2.40737E+00 -4.75057E+01  5.11240E+02  2.00000E+01  2.17676E-01  2.17676E-01
b  12   16 12   23  99  5.45969E-01  1.41339E+00  4.38046E+00 -2.37490E+00  3.38352E+00  1.11990E-02  1.11990E-02
b  12   17 12   23  99  3.04528E-01  1.82607E+00  2.30444E+00 -1.75158E-01  4.23680E+00  9.40600E-03  9.40600E-03
b  12   18 12   23  99  2.72987E-01  2.07790E+00  1.91821E+00 -1.06444E-01  4.20840E+00  1.75000E-02  1.75000E-02
b  12   19 12   23  99  2.42303E-01  1.99935E+00  1.63776E+00 -1.29803E-01  4.19903E+00  3.57700E-02  3.57700E-02
b  12   20 12   23  99  2.42772E-01  1.62998E+00  2.36147E+00  3.62121E+00  6.91471E+00  8.34100E-02  8.34100E-02
b  12   21 12   23  99  2.07534E-01  1.63457E+00  3.99169E+00  1.11671E+01  1.13641E+01  2.69900E-01  2.69900E-01
b  12   22 12   23  99  1.12894E+00 -1.01354E+01  3.02154E+04  2.70162E+04  4.72649E-01  6.31500E+00  6.31500E+00
b  12    1 12   24  99  5.47031E-01  2.71635E-02 -3.77560E+00  2.79673E+01  3.83610E+00  1.70133E-02  1.70133E-02
b  12   16 12   24  99  3.84052E-01 -4.22862E-02 -2.58465E+00  2.00545E+01  3.85186E+00  5.32000E-02  5.32000E-02
b  12    1 12   25  99  4.03381E-01  4.33818E-02 -2.84778E+00  2.06326E+01  3.83198E+00  5.45000E-03  5.45000E-03
b  12    2 12   25  99  5.47031E-01  2.71635E-02 -3.77560E+00  2.79673E+01  3.83610E+00  1.80767E-02  1.80767E-02
b  12   17 12   25  99  3.84052E-01 -4.22862E-02 -2.58465E+00  2.00545E+01  3.85186E+00  5.32000E-02  5.32000E-02
b  12   24 12   25  99  1.34923E-01  3.06832E-01  1.07398E+00 -1.43019E-01  3.97468E+00  1.85790E+00  1.85790E+00
b  12    1 12   26  99  4.01390E-01  4.00880E-02 -2.83961E+00  2.05720E+01  3.83546E+00  2.32400E-03  2.32400E-03
b  12    3 12   26  99  5.47031E-01  2.71635E-02 -3.77560E+00  2.79673E+01  3.83610E+00  1.80767E-02  1.80767E-02
b  12   18 12   26  99  3.84052E-01 -4.22862E-02 -2.58465E+00  2.00545E+01  3.85186E+00  5.32000E-02  5.32000E-02
b  12   24 12   26  99  1.91330E-01  4.83457E-01  1.42829E+00 -7.58986E-01  3.27431E+00  3.51300E-01  3.51300E-01
b  12   25 12   26  99  1.48449E-01  4.04347E-01  1.14530E+00 -1.63787E-01  3.97556E+00  1.02900E+00  1.02900E+00
b  12    1 12   27  99  4.84038E-01  2.99444E-02 -3.51918E+00  2.53868E+01  3.85329E+00  1.10000E-03  1.10000E-03
b  12    4 12   27  99  5.47031E-01  2.71635E-02 -3.77560E+00  2.79673E+01  3.83610E+00  1.80767E-02  1.80767E-02
b  12   19 12   27  99  3.84052E-01 -4.22862E-02 -2.58465E+00  2.00545E+01  3.85186E+00  5.32000E-02  5.32000E-02
b  12   24 12   27  99  5.16512E-01  1.12569E+00  4.13091E+00 -2.24202E+00  3.32099E+00  7.81800E-02  7.81800E-02
b  12   25 12   27  99  2.65425E-01  1.08362E+00  2.07064E+00 -2.35913E-01  4.14429E+00  1.27100E-01  1.27100E-01
b  12   26 12   27  99  1.97457E-01  6.29084E-01  1.48946E+00 -2.01043E-01  4.02774E+00  1.09800E+00  1.09800E+00
b  12    1 12   28  99  4.69536E-01  2.03436E-02 -3.33930E+00  2.43244E+01  3.84166E+00  6.43400E-04  6.43400E-04
b  12    5 12   28  99  5.47031E-01  2.71635E-02 -3.77560E+00  2.79673E+01  3.83610E+00  1.80767E-02  1.80767E-02
b  12   20 12   28  99  3.84052E-01 -4.22862E-02 -2.58465E+00  2.00545E+01  3.85186E+00  5.32000E-02  5.32000E-02
b  12   24 12   28  99  5.31136E-01  1.24315E+00  4.25669E+00 -2.32993E+00  3.34160E+00  4.12500E-02  4.12500E-02
b  12   25 12   28  99  2.83578E-01  1.38954E+00  2.16061E+00 -1.80006E-01  4.15266E+00  4.82900E-02  4.82900E-02
b  12   26 12   28  99  2.34371E-01  1.18333E+00  1.69965E+00 -1.23510E-01  4.08789E+00  1.67400E-01  1.67400E-01
b  12   27 12   28  99  1.05398E-01  1.54035E+00  9.60399E-01  2.60091E+00  9.33862E+00  1.38600E+00  1.38600E+00
b  12    1 12   29  99  4.58499E-01  2.16270E-02 -3.28644E+00  2.38415E+01  3.84420E+00  4.08600E-04  4.08600E-04
b  12    6 12   29  99  5.47031E-01  2.71635E-02 -3.77560E+00  2.79673E+01  3.83610E+00  1.80767E-02  1.80767E-02
b  12   21 12   29  99  3.84052E-01 -4.22862E-02 -2.58465E+00  2.00545E+01  3.85186E+00  5.32000E-02  5.32000E-02
b  12   24 12   29  99  5.39102E-01  1.32284E+00  4.34034E+00 -2.33981E+00  3.38377E+00  2.47620E-02  2.47620E-02
b  12   25 12   29  99  2.96013E-01  1.68498E+00  2.26699E+00 -2.17725E-01  4.21793E+00  2.45100E-02  2.45100E-02
b  12   26 12   29  99  2.53890E-01  1.62860E+00  1.82447E+00 -1.18921E-01  4.20050E+00  6.34000E-02  6.34000E-02
b  12   27 12   29  99  2.30869E-01  1.14171E+00  2.33568E+00  3.38998E+00  6.74358E+00  2.13700E-01  2.13700E-01
b  12   28 12   29  99 -3.29027E-02  2.89136E+00  1.96748E+00  7.23118E+00  1.35387E+01  1.66400E+00  1.66400E+00
b  12    1 12   30  99  4.49324E-01  2.77085E-02 -3.28562E+00  2.36015E+01  3.85347E+00  2.75600E-04  2.75600E-04
b  12    7 12   30  99  5.47031E-01  2.71635E-02 -3.77560E+00  2.79673E+01  3.83610E+00  1.80767E-02  1.80767E-02
b  12   22 12   30  99  3.84052E-01 -4.22862E-02 -2.58465E+00  2.00545E+01  3.85186E+00  5.32000E-02  5.32000E-02
b  12   24 12   30  99  4.40118E-01  1.22622E+00  3.52754E+00 -1.92881E+00  3.38298E+00  1.62450E-02  1.62450E-02
b  12   25 12   30  99  2.76967E-01  1.67486E+00  2.07957E+00 -1.31201E-01  4.25556E+00  1.45600E-02  1.45600E-02
b  12   26 12   30  99  2.55515E-01  1.83273E+00  1.81270E+00 -1.29733E-01  4.20407E+00  3.00900E-02  3.00900E-02
b  12   27 12   30  99  2.32543E-01  1.65761E+00  1.61797E+00 -1.27909E-01  4.20966E+00  7.34300E-02  7.34300E-02
b  12   28 12   30  99  2.23672E-01  1.17891E+00  2.22257E+00  3.28396E+00  6.78465E+00  2.40500E-01  2.40500E-01
b  12   29 12   30  99  3.57799E-02  1.97872E+00  8.05046E-01  2.30781E+00  9.38419E+00  1.81400E+00  1.81400E+00
b  12    1 12   31  99  4.43500E-01  2.78865E-02 -3.24530E+00  2.32787E+01  3.85189E+00  1.94340E-04  1.94340E-04
b  12    8 12   31  99  5.47031E-01  2.71635E-02 -3.77560E+00  2.79673E+01  3.83610E+00  1.80767E-02  1.80767E-02
b  12   23 12   31  99  3.84052E-01 -4.22862E-02 -2.58465E+00  2.00545E+01  3.85186E+00  5.32000E-02  5.32000E-02
b  12   24 12   31  99  5.45969E-01  1.41339E+00  4.38046E+00 -2.37490E+00  3.38352E+00  1.11990E-02  1.11990E-02
b  12   25 12   31  99  3.04528E-01  1.82607E+00  2.30444E+00 -1.75158E-01  4.23680E+00  9.40600E-03  9.40600E-03
b  12   26 12   31  99  2.72987E-01  2.07790E+00  1.91821E+00 -1.06444E-01  4.20840E+00  1.75000E-02  1.75000E-02
b  12   27 12   31  99  2.42303E-01  1.99935E+00  1.63776E+00 -1.29803E-01  4.19903E+00  3.57700E-02  3.57700E-02
b  12   28 12   31  99  2.42772E-01  1.62998E+00  2.36147E+00  3.62121E+00  6.91471E+00  8.34100E-02  8.34100E-02
b  12   29 12   31  99  2.07534E-01  1.63457E+00  3.99169E+00  1.11671E+01  1.13641E+01  2.69900E-01  2.69900E-01
b  12   30 12   31  99  1.12894E+00 -1.01354E+01  3.02154E+04  2.70162E+04  4.72649E-01  6.31500E+00  6.31500E+00
f  12    1 11    1  99  2.00000E+00  3.46000E+00
p  12    1 11    1  98 -8.51710E-01 -8.82310E-01 -2.40080E-01 -4.47340E-03  2.00000E+00  2.00600E+01  2.09000E+01  4.01000E+02
f  12    2 11    1  99  1.00000E+00  2.31610E+00
p  12    2 11    1  99  1.00000E+00  2.31610E+00
f  12    3 11    1  99  1.00000E+00  2.04320E+00
p  12    3 11    1  99  1.00000E+00  2.04320E+00
f  12    4 11    1  99  1.00000E+00  2.12000E+00
p  12    4 11    1  99  1.00000E+00  2.12000E+00
f  12    5 11    1  99  1.00000E+00  2.09600E+00
p  12    5 11    1  99  1.00000E+00  2.09600E+00
f  12    6 11    1  99  1.00000E+00  2.01820E+00
p  12    6 11    1  99  1.00000E+00  2.01820E+00
f  12    7 11    1  99  1.00000E+00  2.01620E+00
p  12    7 11    1  99  1.00000E+00  2.01620E+00
f  12    8 11    1  99  1.00000E+00  2.00110E+00
p  12    8 11    1  99  1.00000E+00  2.00110E+00
f  12    2 11    2  99  1.00000E+00  2.31610E+00
p  12    2 11    2  98 -8.51710E-01 -8.82310E-01 -2.40080E-01 -4.47340E-03  2.00000E+00  2.00600E+01  2.09000E+01  4.01000E+02
f  12    9 11    2  99  2.00000E+00  2.87660E+00
p  12    9 11    2  99  2.00000E+00  2.87660E+00
f  12   10 11    2  99  1.00000E+00  2.10280E+00
p  12   10 11    2  99  1.00000E+00  2.10280E+00
f  12   11 11    2  99  1.00000E+00  2.14200E+00
p  12   11 11    2  99  1.00000E+00  2.14200E+00
f  12   12 11    2  99  1.00000E+00  2.10700E+00
p  12   12 11    2  99  1.00000E+00  2.10700E+00
f  12   13 11    2  99  1.00000E+00  2.02520E+00
p  12   13 11    2  99  1.00000E+00  2.02520E+00
f  12   14 11    2  99  1.00000E+00  2.02220E+00
p  12   14 11    2  99  1.00000E+00  2.02220E+00
f  12   15 11    2  99  1.00000E+00  2.01100E+00
p  12   15 11    2  99  1.00000E+00  2.01100E+00
f  12    3 11    3  99  1.00000E+00  2.04320E+00
p  12    3 11    3  98 -8.51710E-01 -8.82310E-01 -2.40080E-01 -4.47340E-03  2.00000E+00  2.00600E+01  2.09000E+01  4.01000E+02
f  12   10 11    3  99  1.00000E+00  2.10280E+00
p  12   10 11    3  99  1.00000E+00  2.10280E+00
f  12    4 11    4  99  1.00000E+00  2.12000E+00
p  12    4 11    4  98 -8.51710E-01 -8.82310E-01 -2.40080E-01 -4.47340E-03  2.00000E+00  2.00600E+01  2.09000E+01  4.01000E+02
f  12   11 11    4  99  1.00000E+00  2.14200E+00
p  12   11 11    4  99  1.00000E+00  2.14200E+00
f  12    5 11    5  99  1.00000E+00  2.09600E+00
p  12    5 11    5  98 -8.51710E-01 -8.82310E-01 -2.40080E-01 -4.47340E-03  2.00000E+00  2.00600E+01  2.09000E+01  4.01000E+02
f  12   12 11    5  99  1.00000E+00  2.10700E+00
p  12   12 11    5  99  1.00000E+00  2.10700E+00
f  12    6 11    6  99  1.00000E+00  2.01820E+00
p  12    6 11    6  98 -8.51710E-01 -8.82310E-01 -2.40080E-01 -4.47340E-03  2.00000E+00  2.00600E+01  2.09000E+01  4.01000E+02
f  12   13 11    6  99  1.00000E+00  2.02520E+00
p  12   13 11    6  99  1.00000E+00  2.02520E+00
f  12    7 11    7  99  1.00000E+00  2.01620E+00
p  12    7 11    7  98 -8.51710E-01 -8.82310E-01 -2.40080E-01 -4.47340E-03  2.00000E+00  2.00600E+01  2.09000E+01  4.01000E+02
f  12   14 11    7  99  1.00000E+00  2.02220E+00
p  12   14 11    7  99  1.00000E+00  2.02220E+00
f  12    8 11    8  99  1.00000E+00  2.00110E+00
p  12    8 11    8  98 -8.51710E-01 -8.82310E-01 -2.40080E-01 -4.47340E-03  2.00000E+00  2.00600E+01  2.09000E+01  4.01000E+02
f  12   15 11    8  99  1.00000E+00  2.01100E+00
p  12   15 11    8  99  1.00000E+00  2.01100E+00
f  12    1 11    9  99  8.00000E+00  3.46000E+00
p  12    1 11    9  98  1.91710E+00 -1.79420E+00 -3.54730E-01  4.40200E-02  8.00000E+00  1.34300E+02  1.39700E+02  2.68600E+03
f  12   16 11    9  99  3.00000E+00  4.02400E+00
p  12   16 11    9  98 -8.51710E-01 -8.82310E-01 -2.40080E-01 -4.47340E-03  2.00000E+00  2.00600E+01  2.09000E+01  4.01000E+02
f  12   17 11    9  99  1.00000E+00  2.37280E+00
p  12   17 11    9  99  1.00000E+00  2.37280E+00
f  12   18 11    9  99  1.00000E+00  2.06150E+00
p  12   18 11    9  99  1.00000E+00  2.06150E+00
f  12   19 11    9  99  1.00000E+00  2.12600E+00
p  12   19 11    9  99  1.00000E+00  2.12600E+00
f  12   20 11    9  99  1.00000E+00  2.10000E+00
p  12   20 11    9  99  1.00000E+00  2.10000E+00
f  12   21 11    9  99  1.00000E+00  2.02720E+00
p  12   21 11    9  99  1.00000E+00  2.02720E+00
f  12   22 11    9  99  1.00000E+00  2.02320E+00
p  12   22 11    9  99  1.00000E+00  2.02320E+00
f  12   23 11    9  99  1.00000E+00  2.00110E+00
p  12   23 11    9  99  1.00000E+00  2.00110E+00
f  12    2 11   10  99  8.00000E+00  2.31610E+00
p  12    2 11   10  98  1.91710E+00 -1.79420E+00 -3.54730E-01  4.40200E-02  8.00000E+00  1.34300E+02  1.39700E+02  2.68600E+03
f  12   17 11   10  99  2.00000E+00  2.37280E+00
p  12   17 11   10  98 -8.51710E-01 -8.82310E-01 -2.40080E-01 -4.47340E-03  2.00000E+00  2.00600E+01  2.09000E+01  4.01000E+02
f  12    3 11   11  99  8.00000E+00  2.04320E+00
p  12    3 11   11  98  1.91710E+00 -1.79420E+00 -3.54730E-01  4.40200E-02  8.00000E+00  1.34300E+02  1.39700E+02  2.68600E+03
f  12   18 11   11  99  2.00000E+00  2.06150E+00
p  12   18 11   11  98 -8.51710E-01 -8.82310E-01 -2.40080E-01 -4.47340E-03  2.00000E+00  2.00600E+01  2.09000E+01  4.01000E+02
f  12    4 11   12  99  8.00000E+00  2.12000E+00
p  12    4 11   12  98  1.91710E+00 -1.79420E+00 -3.54730E-01  4.40200E-02  8.00000E+00  1.34300E+02  1.39700E+02  2.68600E+03
f  12   19 11   12  99  2.00000E+00  2.12600E+00
p  12   19 11   12  98 -8.51710E-01 -8.82310E-01 -2.40080E-01 -4.47340E-03  2.00000E+00  2.00600E+01  2.09000E+01  4.01000E+02
f  12    5 11   13  99  8.00000E+00  2.09600E+00
p  12    5 11   13  98  1.91710E+00 -1.79420E+00 -3.54730E-01  4.40200E-02  8.00000E+00  1.34300E+02  1.39700E+02  2.68600E+03
f  12   20 11   13  99  2.00000E+00  2.10000E+00
p  12   20 11   13  98 -8.51710E-01 -8.82310E-01 -2.40080E-01 -4.47340E-03  2.00000E+00  2.00600E+01  2.09000E+01  4.01000E+02
f  12    6 11   14  99  8.00000E+00  2.01820E+00
p  12    6 11   14  98  1.91710E+00 -1.79420E+00 -3.54730E-01  4.40200E-02  8.00000E+00  1.34300E+02  1.39700E+02  2.68600E+03
f  12   21 11   14  99  2.00000E+00  2.02720E+00
p  12   21 11   14  98 -8.51710E-01 -8.82310E-01 -2.40080E-01 -4.47340E-03  2.00000E+00  2.00600E+01  2.09000E+01  4.01000E+02
f  12    7 11   15  99  8.00000E+00  2.01620E+00
p  12    7 11   15  98  1.91710E+00 -1.79420E+00 -3.54730E-01  4.40200E-02  8.00000E+00  1.34300E+02  1.39700E+02  2.68600E+03
f  12   22 11   15  99  2.00000E+00  2.02320E+00
p  12   22 11   15  98 -8.51710E-01 -8.82310E-01 -2.40080E-01 -4.47340E-03  2.00000E+00  2.00600E+01  2.09000E+01  4.01000E+02
f  12    8 11   16  99  8.00000E+00  2.00110E+00
p  12    8 11   16  98  1.91710E+00 -1.79420E+00 -3.54730E-01  4.40200E-02  8.00000E+00  1.34300E+02  1.39700E+02  2.68600E+03
f  12   23 11   16  99  2.00000E+00  2.00110E+00
p  12   23 11   16  98 -8.51710E-01 -8.82310E-01 -2.40080E-01 -4.47340E-03  2.00000E+00  2.00600E+01  2.09000E+01  4.01000E+02
f  12    1 11   17  99  2.00000E+00  3.46000E+00
p  12    1 11   17  98  2.29250E+00 -2.44440E+00 -1.89800E-01  1.59280E-02  2.00000E+00  1.56600E+03  1.62800E+03  3.13200E+04
f  12   24 11   17  99  3.00000E+00  4.10400E+00
p  12   24 11   17  98 -8.51710E-01 -8.82310E-01 -2.40080E-01 -4.47340E-03  2.00000E+00  2.00600E+01  2.09000E+01  4.01000E+02
f  12   25 11   17  99  1.00000E+00  2.39600E+00
p  12   25 11   17  99  1.00000E+00  2.39600E+00
f  12   26 11   17  99  1.00000E+00  2.06060E+00
p  12   26 11   17  99  1.00000E+00  2.06060E+00
f  12   27 11   17  99  1.00000E+00  2.13500E+00
p  12   27 11   17  99  1.00000E+00  2.13500E+00
f  12   28 11   17  99  1.00000E+00  2.10900E+00
p  12   28 11   17  99  1.00000E+00  2.10900E+00
f  12   29 11   17  99  1.00000E+00  2.02810E+00
p  12   29 11   17  99  1.00000E+00  2.02810E+00
f  12   30 11   17  99  1.00000E+00  2.02410E+00
p  12   30 11   17  99  1.00000E+00  2.02410E+00
f  12   31 11   17  99  1.00000E+00  2.00110E+00
p  12   31 11   17  99  1.00000E+00  2.00110E+00
f  12    2 11   18  99  2.00000E+00  2.31610E+00
p  12    2 11   18  98  2.29250E+00 -2.44440E+00 -1.89800E-01  1.59280E-02  2.00000E+00  1.56600E+03  1.62800E+03  3.13200E+04
f  12   25 11   18  99  2.00000E+00  2.39600E+00
p  12   25 11   18  98 -8.51710E-01 -8.82310E-01 -2.40080E-01 -4.47340E-03  2.00000E+00  2.00600E+01  2.09000E+01  4.01000E+02
f  12    3 11   19  99  2.00000E+00  2.04320E+00
p  12    3 11   19  98  2.29250E+00 -2.44440E+00 -1.89800E-01  1.59280E-02  2.00000E+00  1.56600E+03  1.62800E+03  3.13200E+04
f  12   26 11   19  99  2.00000E+00  2.06060E+00
p  12   26 11   19  98 -8.51710E-01 -8.82310E-01 -2.40080E-01 -4.47340E-03  2.00000E+00  2.00600E+01  2.09000E+01  4.01000E+02
f  12    4 11   20  99  2.00000E+00  2.12000E+00
p  12    4 11   20  98  2.29250E+00 -2.44440E+00 -1.89800E-01  1.59280E-02  2.00000E+00  1.56600E+03  1.62800E+03  3.13200E+04
f  12   27 11   20  99  2.00000E+00  2.13500E+00
p  12   27 11   20  98 -8.51710E-01 -8.82310E-01 -2.40080E-01 -4.47340E-03  2.00000E+00  2.00600E+01  2.09000E+01  4.01000E+02
f  12    5 11   21  99  2.00000E+00  2.09600E+00
p  12    5 11   21  98  2.29250E+00 -2.44440E+00 -1.89800E-01  1.59280E-02  2.00000E+00  1.56600E+03  1.62800E+03  3.13200E+04
f  12   28 11   21  99  2.00000E+00  2.10900E+00
p  12   28 11   21  98 -8.51710E-01 -8.82310E-01 -2.40080E-01 -4.47340E-03  2.00000E+00  2.00600E+01  2.09000E+01  4.01000E+02
f  12    6 11   22  99  2.00000E+00  2.01820E+00
p  12    6 11   22  98  2.29250E+00 -2.44440E+00 -1.89800E-01  1.59280E-02  2.00000E+00  1.56600E+03  1.62800E+03  3.13200E+04
f  12   29 11   22  99  2.00000E+00  2.02810E+00
p  12   29 11   22  98 -8.51710E-01 -8.82310E-01 -2.40080E-01 -4.47340E-03  2.00000E+00  2.00600E+01  2.09000E+01  4.01000E+02
f  12    7 11   23  99  2.00000E+00  2.01620E+00
p  12    7 11   23  98  2.29250E+00 -2.44440E+00 -1.89800E-01  1.59280E-02  2.00000E+00  1.56600E+03  1.62800E+03  3.13200E+04
f  12   30 11   23  99  2.00000E+00  2.02410E+00
p  12   30 11   23  98 -8.51710E-01 -8.82310E-01 -2.40080E-01 -4.47340E-03  2.00000E+00  2.00600E+01  2.09000E+01  4.01000E+02
f  12    8 11   24  99  2.00000E+00  2.00110E+00
p  12    8 11   24  98  2.29250E+00 -2.44440E+00 -1.89800E-01  1.59280E-02  2.00000E+00  1.56600E+03  1.62800E+03  3.13200E+04
f  12   31 11   24  99  2.00000E+00  2.00110E+00
p  12   31 11   24  98 -8.51710E-01 -8.82310E-01 -2.40080E-01 -4.47340E-03  2.00000E+00  2.00600E+01  2.09000E+01  4.01000E+02
a  12    9 11    1   3.82200E+13
a  12   10 11    1   5.91550E+13
a  12   11 11    1   2.78020E+13
a  12   12 11    1   1.28630E+13
a  12   13 11    1   6.59750E+12
a  12   14 11    1   3.66120E+12
a  12   15 11    1   2.16190E+12
a  12   16 11    1   4.12920E+12
a  12   17 11    1   3.17828E+11
a  12   18 11    1   8.57700E+10
a  12   19 11    1   3.10342E+10
a  12   20 11    1   1.43588E+10
a  12   21 11    1   7.36455E+09
a  12   22 11    1   4.08682E+09
a  12   23 11    1   2.41320E+09
a  12   24 11    1   4.89210E+10
a  12   25 11    1   3.40150E+09
a  12   26 11    1   8.63980E+08
a  12   27 11    1   3.00660E+08
a  12   28 11    1   1.39100E+08
a  12   29 11    1   7.13480E+07
a  12   30 11    1   3.95930E+07
a  12   31 11    1   2.33790E+07
a  12   17 11    2   1.37640E+12
a  12   25 11    2   1.63070E+10
a  12   18 11    3   1.37640E+12
a  12   26 11    3   1.63070E+10
a  12   19 11    4   1.37640E+12
a  12   27 11    4   1.63070E+10
a  12   20 11    5   1.37640E+12
a  12   28 11    5   1.63070E+10
a  12   21 11    6   1.37640E+12
a  12   29 11    6   1.63070E+10
a  12   22 11    7   1.37640E+12
a  12   30 11    7   1.63070E+10
a  12   23 11    8   1.37640E+12
a  12   31 11    8   1.63070E+10
a  12   24 11    9   1.20888E+13
a  12   25 11    9   4.45560E+11
a  12   26 11    9   1.13308E+11
a  12   27 11    9   3.94768E+10
a  12   28 11    9   1.82644E+10
a  12   29 11    9   9.36800E+09
a  12   30 11    9   5.19840E+09
a  12   31 11    9   3.06972E+09
a  12   25 11   10   8.05920E+12
a  12   26 11   11   8.05920E+12
a  12   27 11   12   8.05920E+12
a  12   28 11   13   8.05920E+12
a  12   29 11   14   8.05920E+12
a  12   30 11   15   8.05920E+12
a  12   31 11   16   8.05920E+12
b  13    1 13    2  99  1.04850E-01  1.21624E-01 -1.74311E-01  1.60581E-02  6.49269E-01  2.26950E+00  2.26950E+00
b  13    1 13    3  99  1.24757E-01  1.09588E-01 -1.68235E-01  2.16003E-02  8.19821E-01  4.96200E-01  4.96200E-01
b  13    2 13    3  99  2.29233E-01  1.33740E-01 -1.00996E+00  2.23845E+00  3.03358E+00  9.20600E-01  9.20600E-01
b  13    1 13    4  99  6.04600E-01  2.68574E-01  4.15201E+00 -1.23808E+02  1.54108E+01  6.27000E-02  6.27000E-02
b  13    2 13    4  99  2.57251E-01  8.01623E-01 -1.55787E+00  4.11698E-02  1.02056E+00  1.27900E-01  1.27900E-01
b  13    3 13    4  99  2.84684E-01  9.30982E-02 -8.80697E-01  1.85151E+00  1.78755E+00  1.06700E+00  1.06700E+00
b  13    1 13    5  99  7.17940E-01  4.27844E-01  1.92032E+00 -9.23045E+01  1.26048E+01  3.38400E-02  3.38400E-02
b  13    2 13    5  99  3.00986E-01  1.30214E+00 -1.97790E+00  4.68272E-02  5.79646E-01  4.61800E-02  4.61800E-02
b  13    3 13    5  99  2.97512E-01  8.84984E-01 -2.03092E+00  3.81916E-02  1.36677E+00  1.67600E-01  1.67600E-01
b  13    4 13    5  99  3.01327E-01 -1.06548E-01  8.13408E-02 -1.17348E-02 -5.20026E-01  1.40300E+00  1.40300E+00
b  13    1 13    6  99  7.67871E-01  6.32556E-01 -3.02597E+00  3.73913E+00  2.46999E+00  2.07360E-02  2.07360E-02
b  13    2 13    6  99  3.26440E-01  1.64258E+00 -2.24089E+00  4.89796E-02  4.19965E-01  2.33400E-02  2.33400E-02
b  13    3 13    6  99  3.08808E-01  1.52979E+00 -2.58629E+00  1.32100E-01  7.10760E-01  6.08100E-02  6.08100E-02
b  13    4 13    6  99  8.02544E-01 -1.01219E+00  9.13225E+00 -5.85666E+00  7.22120E+00  2.17700E-01  2.17700E-01
b  13    5 13    6  99  1.49452E+00 -4.00825E+00  1.31480E+01 -2.66597E+00  2.07066E+00  1.73400E+00  1.73400E+00
b  13    1 13    7  99  5.16340E-01  4.75967E-01 -1.83373E+00  1.06756E-01  3.32793E+00  1.38480E-02  1.38480E-02
b  13    2 13    7  99  2.14335E-01  1.37621E+00 -1.75053E+00  3.30667E-02  3.23446E-01  1.42000E-02  1.42000E-02
b  13    3 13    7  99  2.43419E-01  1.68569E+00 -2.42630E+00  5.00353E-02  4.86630E-01  2.93600E-02  2.93600E-02
b  13    4 13    7  99  9.47691E-01 -2.18968E+00  8.52330E+01 -7.99183E+02  2.00000E+01  7.01000E-02  7.01000E-02
b  13    5 13    7  99  1.39699E+00 -2.45492E+00  7.04928E+00 -1.61427E-02  1.86630E+00  2.42900E-01  2.42900E-01
b  13    6 13    7  99  2.18777E-01  5.88673E+00 -3.04393E+02  3.79495E+03  2.00000E+01  1.81100E+00  1.81100E+00
b  13    1 13    8  99  6.41810E+03  4.48309E+05 -2.14006E+07  2.51691E+08  2.00000E+01  9.64500E-03  9.64500E-03
b  13    2 13    8  99  1.63640E+03  7.66655E+03 -1.68136E+05  7.69773E+05  5.51185E+00  9.09500E-03  9.09500E-03
b  13    3 13    8  99  2.17114E+01  7.51506E+02 -5.91806E+03  1.15773E+04  2.56303E+00  1.67200E-02  1.67200E-02
b  13    4 13    8  99  9.80263E-01 -2.70140E+00  1.32103E+02 -1.53963E+03  2.00000E+01  3.41000E-02  3.41000E-02
b  13    5 13    8  99  3.75813E+00 -9.10782E+00  3.22203E+01 -6.98454E+00  2.31652E+00  8.15000E-02  8.15000E-02
b  13    6 13    8  99  5.50594E-01  1.15758E+01 -5.99399E+02  7.47823E+03  2.00000E+01  2.71900E-01  2.71900E-01
b  13    7 13    8  99  4.78450E-02  1.59632E+00 -8.10458E+01  9.97757E+02  2.00000E+01  4.56600E+00  4.56600E+00
b  13    1 13    9  98  0.00000E+00  0.00000E+00  0.00000E+00  0.00000E+00  0.00000E+00  2.45950E-02  4.91901E-04
b  13    2 13    9  99  1.04850E-01  1.21624E-01 -1.74311E-01  1.60581E-02  6.49269E-01  1.46572E+00  1.46572E+00
b  13    1 13   10  98  0.00000E+00  0.00000E+00  0.00000E+00  0.00000E+00  0.00000E+00  3.73323E-02  7.46647E-04
b  13    2 13   10  99  1.24757E-01  1.09588E-01 -1.68235E-01  2.16003E-02  8.19821E-01  3.30800E-01  3.30800E-01
b  13    3 13   10  99  1.04850E-01  1.21624E-01 -1.74311E-01  1.60581E-02  6.49269E-01  1.51300E+00  1.51300E+00
b  13    9 13   10  99  2.29233E-01  1.33740E-01 -1.00996E+00  2.23845E+00  3.03358E+00  1.84120E+00  1.84120E+00
b  13    1 13   11  98  0.00000E+00  0.00000E+00  0.00000E+00  0.00000E+00  0.00000E+00  5.31796E-02  1.06359E-03
b  13    2 13   11  99  6.04600E-01  2.68574E-01  4.15201E+00 -1.23808E+02  1.54108E+01  4.18000E-02  4.18000E-02
b  13    4 13   11  99  1.04850E-01  1.21624E-01 -1.74311E-01  1.60581E-02  6.49269E-01  1.51300E+00  1.51300E+00
b  13    9 13   11  99  2.57251E-01  8.01623E-01 -1.55787E+00  4.11698E-02  1.02056E+00  2.55800E-01  2.55800E-01
b  13   10 13   11  99  2.84684E-01  9.30982E-02 -8.80697E-01  1.85151E+00  1.78755E+00  1.06700E+00  1.06700E+00
b  13    1 13   12  98  0.00000E+00  0.00000E+00  0.00000E+00  0.00000E+00  0.00000E+00  7.13501E-02  1.42700E-03
b  13    2 13   12  99  7.17940E-01  4.27844E-01  1.92032E+00 -9.23045E+01  1.26048E+01  2.25600E-02  2.25600E-02
b  13    5 13   12  99  1.04850E-01  1.21624E-01 -1.74311E-01  1.60581E-02  6.49269E-01  1.51300E+00  1.51300E+00
b  13    9 13   12  99  3.00986E-01  1.30214E+00 -1.97790E+00  4.68272E-02  5.79646E-01  9.23600E-02  9.23600E-02
b  13   10 13   12  99  2.97512E-01  8.84984E-01 -2.03092E+00  3.81916E-02  1.36677E+00  1.67600E-01  1.67600E-01
b  13   11 13   12  99  3.01327E-01 -1.06548E-01  8.13408E-02 -1.17348E-02 -5.20026E-01  1.40300E+00  1.40300E+00
b  13    1 13   13  98  0.00000E+00  0.00000E+00  0.00000E+00  0.00000E+00  0.00000E+00  9.21165E-02  1.84233E-03
b  13    2 13   13  99  7.67871E-01  6.32556E-01 -3.02597E+00  3.73913E+00  2.46999E+00  1.38240E-02  1.38240E-02
b  13    6 13   13  99  1.04850E-01  1.21624E-01 -1.74311E-01  1.60581E-02  6.49269E-01  1.51300E+00  1.51300E+00
b  13    9 13   13  99  3.26440E-01  1.64258E+00 -2.24089E+00  4.89796E-02  4.19965E-01  4.66800E-02  4.66800E-02
b  13   10 13   13  99  3.08808E-01  1.52979E+00 -2.58629E+00  1.32100E-01  7.10760E-01  6.08100E-02  6.08100E-02
b  13   11 13   13  99  8.02544E-01 -1.01219E+00  9.13225E+00 -5.85666E+00  7.22120E+00  2.17700E-01  2.17700E-01
b  13   12 13   13  99  1.49452E+00 -4.00825E+00  1.31480E+01 -2.66597E+00  2.07066E+00  1.73400E+00  1.73400E+00
b  13    1 13   14  98  0.00000E+00  0.00000E+00  0.00000E+00  0.00000E+00  0.00000E+00  1.16026E-01  2.32053E-03
b  13    2 13   14  99  5.16340E-01  4.75967E-01 -1.83373E+00  1.06756E-01  3.32793E+00  9.23200E-03  9.23200E-03
b  13    7 13   14  99  1.04850E-01  1.21624E-01 -1.74311E-01  1.60581E-02  6.49269E-01  1.51300E+00  1.51300E+00
b  13    9 13   14  99  2.14335E-01  1.37621E+00 -1.75053E+00  3.30667E-02  3.23446E-01  2.84000E-02  2.84000E-02
b  13   10 13   14  99  2.43419E-01  1.68569E+00 -2.42630E+00  5.00353E-02  4.86630E-01  2.93600E-02  2.93600E-02
b  13   11 13   14  99  9.47691E-01 -2.18968E+00  8.52330E+01 -7.99183E+02  2.00000E+01  7.01000E-02  7.01000E-02
b  13   12 13   14  99  1.39699E+00 -2.45492E+00  7.04928E+00 -1.61427E-02  1.86630E+00  2.42900E-01  2.42900E-01
b  13   13 13   14  99  2.18777E-01  5.88673E+00 -3.04393E+02  3.79495E+03  2.00000E+01  1.81100E+00  1.81100E+00
b  13    1 13   15  98  0.00000E+00  0.00000E+00  0.00000E+00  0.00000E+00  0.00000E+00  1.42672E-01  2.85344E-03
b  13    2 13   15  99  6.41810E+03  4.48309E+05 -2.14006E+07  2.51691E+08  2.00000E+01  6.43000E-03  6.43000E-03
b  13    8 13   15  99  1.04850E-01  1.21624E-01 -1.74311E-01  1.60581E-02  6.49269E-01  1.51300E+00  1.51300E+00
b  13    9 13   15  99  1.63640E+03  7.66655E+03 -1.68136E+05  7.69773E+05  5.51185E+00  1.81900E-02  1.81900E-02
b  13   10 13   15  99  2.17114E+01  7.51506E+02 -5.91806E+03  1.15773E+04  2.56303E+00  1.67200E-02  1.67200E-02
b  13   11 13   15  99  9.80263E-01 -2.70140E+00  1.32103E+02 -1.53963E+03  2.00000E+01  3.41000E-02  3.41000E-02
b  13   12 13   15  99  3.75813E+00 -9.10782E+00  3.22203E+01 -6.98454E+00  2.31652E+00  8.15000E-02  8.15000E-02
b  13   13 13   15  99  5.50594E-01  1.15758E+01 -5.99399E+02  7.47823E+03  2.00000E+01  2.71900E-01  2.71900E-01
b  13   14 13   15  99  4.78450E-02  1.59632E+00 -8.10458E+01  9.97757E+02  2.00000E+01  4.56600E+00  4.56600E+00
b  13    1 13   16  99  7.82448E-01  1.57581E-01 -1.12015E-02 -6.36567E-04 -8.00000E-01  9.30667E-02  9.30667E-02
b  13    1 13   17  99  1.01289E+00 -6.21465E-02  9.86574E-02 -1.68776E-02 -8.00000E-01  1.66400E-02  1.66400E-02
b  13    2 13   17  99  7.82448E-01  1.57581E-01 -1.12015E-02 -6.36567E-04 -8.00000E-01  9.92711E-02  9.92711E-02
b  13   16 13   17  99  1.04850E-01  1.21624E-01 -1.74311E-01  1.60581E-02  6.49269E-01  3.02600E+00  3.02600E+00
b  13    1 13   18  99  1.04051E+00 -7.95210E-02  1.08537E-01 -1.83888E-02 -8.00000E-01  6.58800E-03  6.58800E-03
b  13    3 13   18  99  7.82448E-01  1.57581E-01 -1.12015E-02 -6.36567E-04 -8.00000E-01  9.92711E-02  9.92711E-02
b  13   16 13   18  99  1.24757E-01  1.09588E-01 -1.68235E-01  2.16003E-02  8.19821E-01  6.61600E-01  6.61600E-01
b  13   17 13   18  99  2.29233E-01  1.33740E-01 -1.00996E+00  2.23845E+00  3.03358E+00  9.20600E-01  9.20600E-01
b  13    1 13   19  99  1.39286E+00 -2.00495E-01  1.94007E-01 -3.24213E-02 -8.00000E-01  2.66240E-03  2.66240E-03
b  13    4 13   19  99  7.82448E-01  1.57581E-01 -1.12015E-02 -6.36567E-04 -8.00000E-01  9.92711E-02  9.92711E-02
b  13   16 13   19  99  6.04600E-01  2.68574E-01  4.15201E+00 -1.23808E+02  1.54108E+01  8.36000E-02  8.36000E-02
b  13   17 13   19  99  2.57251E-01  8.01623E-01 -1.55787E+00  4.11698E-02  1.02056E+00  1.27900E-01  1.27900E-01
b  13   18 13   19  99  2.84684E-01  9.30982E-02 -8.80697E-01  1.85151E+00  1.78755E+00  1.06700E+00  1.06700E+00
b  13    1 13   20  99  1.38104E+00 -2.37818E-01  2.10382E-01 -3.48457E-02 -8.00000E-01  1.56080E-03  1.56080E-03
b  13    5 13   20  99  7.82448E-01  1.57581E-01 -1.12015E-02 -6.36567E-04 -8.00000E-01  9.92711E-02  9.92711E-02
b  13   16 13   20  99  7.17940E-01  4.27844E-01  1.92032E+00 -9.23045E+01  1.26048E+01  4.51200E-02  4.51200E-02
b  13   17 13   20  99  3.00986E-01  1.30214E+00 -1.97790E+00  4.68272E-02  5.79646E-01  4.61800E-02  4.61800E-02
b  13   18 13   20  99  2.97512E-01  8.84984E-01 -2.03092E+00  3.81916E-02  1.36677E+00  1.67600E-01  1.67600E-01
b  13   19 13   20  99  3.01327E-01 -1.06548E-01  8.13408E-02 -1.17348E-02 -5.20026E-01  1.40300E+00  1.40300E+00
b  13    1 13   21  99  1.37070E+00 -2.60300E-01  2.19773E-01 -3.62081E-02 -8.00000E-01  9.97600E-04  9.97600E-04
b  13    6 13   21  99  7.82448E-01  1.57581E-01 -1.12015E-02 -6.36567E-04 -8.00000E-01  9.92711E-02  9.92711E-02
b  13   16 13   21  99  7.67871E-01  6.32556E-01 -3.02597E+00  3.73913E+00  2.46999E+00  2.76480E-02  2.76480E-02
b  13   17 13   21  99  3.26440E-01  1.64258E+00 -2.24089E+00  4.89796E-02  4.19965E-01  2.33400E-02  2.33400E-02
b  13   18 13   21  99  3.08808E-01  1.52979E+00 -2.58629E+00  1.32100E-01  7.10760E-01  6.08100E-02  6.08100E-02
b  13   19 13   21  99  8.02544E-01 -1.01219E+00  9.13225E+00 -5.85666E+00  7.22120E+00  2.17700E-01  2.17700E-01
b  13   20 13   21  99  1.49452E+00 -4.00825E+00  1.31480E+01 -2.66597E+00  2.07066E+00  1.73400E+00  1.73400E+00
b  13    1 13   22  99  1.62863E+00 -3.83542E-01  2.93921E-01 -4.78007E-02 -8.00000E-01  6.76720E-04  6.76720E-04
b  13    7 13   22  99  7.82448E-01  1.57581E-01 -1.12015E-02 -6.36567E-04 -8.00000E-01  9.92711E-02  9.92711E-02
b  13   16 13   22  99  5.16340E-01  4.75967E-01 -1.83373E+00  1.06756E-01  3.32793E+00  1.84640E-02  1.84640E-02
b  13   17 13   22  99  2.14335E-01  1.37621E+00 -1.75053E+00  3.30667E-02  3.23446E-01  1.42000E-02  1.42000E-02
b  13   18 13   22  99  2.43419E-01  1.68569E+00 -2.42630E+00  5.00353E-02  4.86630E-01  2.93600E-02  2.93600E-02
b  13   19 13   22  99  9.47691E-01 -2.18968E+00  8.52330E+01 -7.99183E+02  2.00000E+01  7.01000E-02  7.01000E-02
b  13   20 13   22  99  1.39699E+00 -2.45492E+00  7.04928E+00 -1.61427E-02  1.86630E+00  2.42900E-01  2.42900E-01
b  13   21 13   22  99  2.18777E-01  5.88673E+00 -3.04393E+02  3.79495E+03  2.00000E+01  1.81100E+00  1.81100E+00
b  13    1 13   23  99  1.00782E+05  7.45562E+06 -3.54140E+08  4.14876E+09  2.00000E+01  4.80400E-04  4.80400E-04
b  13    8 13   23  99  7.82448E-01  1.57581E-01 -1.12015E-02 -6.36567E-04 -8.00000E-01  9.92711E-02  9.92711E-02
b  13   16 13   23  99  6.41810E+03  4.48309E+05 -2.14006E+07  2.51691E+08  2.00000E+01  1.28600E-02  1.28600E-02
b  13   17 13   23  99  1.63640E+03  7.66655E+03 -1.68136E+05  7.69773E+05  5.51185E+00  9.09500E-03  9.09500E-03
b  13   18 13   23  99  2.17114E+01  7.51506E+02 -5.91806E+03  1.15773E+04  2.56303E+00  1.67200E-02  1.67200E-02
b  13   19 13   23  99  9.80263E-01 -2.70140E+00  1.32103E+02 -1.53963E+03  2.00000E+01  3.41000E-02  3.41000E-02
b  13   20 13   23  99  3.75813E+00 -9.10782E+00  3.22203E+01 -6.98454E+00  2.31652E+00  8.15000E-02  8.15000E-02
b  13   21 13   23  99  5.50594E-01  1.15758E+01 -5.99399E+02  7.47823E+03  2.00000E+01  2.71900E-01  2.71900E-01
b  13   22 13   23  99  4.78450E-02  1.59632E+00 -8.10458E+01  9.97757E+02  2.00000E+01  4.56600E+00  4.56600E+00
b  13    1 13   24  99  6.24923E-01 -2.48308E-01  3.30160E-01 -9.67474E-02 -3.85265E-01  1.05983E-02  1.05983E-02
b  13   16 13   24  99  3.09899E-01  4.91363E-02 -1.23968E+00  4.03393E+00  2.55358E+00  5.31250E-02  5.31250E-02
b  13    1 13   25  99  3.79749E-01 -1.36733E-01  1.91622E-01 -5.79827E-02 -3.93966E-01  2.17600E-03  2.17600E-03
b  13    2 13   25  99  6.24923E-01 -2.48308E-01  3.30160E-01 -9.67474E-02 -3.85265E-01  1.13049E-02  1.13049E-02
b  13   17 13   25  99  3.09899E-01  4.91363E-02 -1.23968E+00  4.03393E+00  2.55358E+00  5.31250E-02  5.31250E-02
b  13   24 13   25  99  1.04850E-01  1.21624E-01 -1.74311E-01  1.60581E-02  6.49269E-01  3.02600E+00  3.02600E+00
b  13    1 13   26  99  3.98379E-01 -1.52180E-01  2.06933E-01 -6.15466E-02 -3.89662E-01  8.15400E-04  8.15400E-04
b  13    3 13   26  99  6.24923E-01 -2.48308E-01  3.30160E-01 -9.67474E-02 -3.85265E-01  1.13049E-02  1.13049E-02
b  13   18 13   26  99  3.09899E-01  4.91363E-02 -1.23968E+00  4.03393E+00  2.55358E+00  5.31250E-02  5.31250E-02
b  13   24 13   26  99  1.24757E-01  1.09588E-01 -1.68235E-01  2.16003E-02  8.19821E-01  6.61600E-01  6.61600E-01
b  13   25 13   26  99  2.29233E-01  1.33740E-01 -1.00996E+00  2.23845E+00  3.03358E+00  9.20600E-01  9.20600E-01
b  13    1 13   27  99  5.04703E-01 -2.31913E-01  3.06574E-01 -9.01533E-02 -3.30870E-01  3.61600E-04  3.61600E-04
b  13    4 13   27  99  6.24923E-01 -2.48308E-01  3.30160E-01 -9.67474E-02 -3.85265E-01  1.13049E-02  1.13049E-02
b  13   19 13   27  99  3.09899E-01  4.91363E-02 -1.23968E+00  4.03393E+00  2.55358E+00  5.31250E-02  5.31250E-02
b  13   24 13   27  99  6.04600E-01  2.68574E-01  4.15201E+00 -1.23808E+02  1.54108E+01  8.36000E-02  8.36000E-02
b  13   25 13   27  99  2.57251E-01  8.01623E-01 -1.55787E+00  4.11698E-02  1.02056E+00  1.27900E-01  1.27900E-01
b  13   26 13   27  99  2.84684E-01  9.30982E-02 -8.80697E-01  1.85151E+00  1.78755E+00  1.06700E+00  1.06700E+00
b  13    1 13   28  99  4.80035E-01 -2.23255E-01  2.93100E-01 -8.57444E-02 -3.31282E-01  2.03000E-04  2.03000E-04
b  13    5 13   28  99  6.24923E-01 -2.48308E-01  3.30160E-01 -9.67474E-02 -3.85265E-01  1.13049E-02  1.13049E-02
b  13   20 13   28  99  3.09899E-01  4.91363E-02 -1.23968E+00  4.03393E+00  2.55358E+00  5.31250E-02  5.31250E-02
b  13   24 13   28  99  7.17940E-01  4.27844E-01  1.92032E+00 -9.23045E+01  1.26048E+01  4.51200E-02  4.51200E-02
b  13   25 13   28  99  3.00986E-01  1.30214E+00 -1.97790E+00  4.68272E-02  5.79646E-01  4.61800E-02  4.61800E-02
b  13   26 13   28  99  2.97512E-01  8.84984E-01 -2.03092E+00  3.81916E-02  1.36677E+00  1.67600E-01  1.67600E-01
b  13   27 13   28  99  3.01327E-01 -1.06548E-01  8.13408E-02 -1.17348E-02 -5.20026E-01  1.40300E+00  1.40300E+00
b  13    1 13   29  99  4.09500E-01  2.57308E-03 -1.17698E+00  4.57563E+00  2.61412E+00  1.25280E-04  1.25280E-04
b  13    6 13   29  99  6.24923E-01 -2.48308E-01  3.30160E-01 -9.67474E-02 -3.85265E-01  1.13049E-02  1.13049E-02
b  13   21 13   29  99  3.09899E-01  4.91363E-02 -1.23968E+00  4.03393E+00  2.55358E+00  5.31250E-02  5.31250E-02
b  13   24 13   29  99  7.67871E-01  6.32556E-01 -3.02597E+00  3.73913E+00  2.46999E+00  2.76480E-02  2.76480E-02
b  13   25 13   29  99  3.26440E-01  1.64258E+00 -2.24089E+00  4.89796E-02  4.19965E-01  2.33400E-02  2.33400E-02
b  13   26 13   29  99  3.08808E-01  1.52979E+00 -2.58629E+00  1.32100E-01  7.10760E-01  6.08100E-02  6.08100E-02
b  13   27 13   29  99  8.02544E-01 -1.01219E+00  9.13225E+00 -5.85666E+00  7.22120E+00  2.17700E-01  2.17700E-01
b  13   28 13   29  99  1.49452E+00 -4.00825E+00  1.31480E+01 -2.66597E+00  2.07066E+00  1.73400E+00  1.73400E+00
b  13    1 13   30  99  4.13913E-01 -2.81643E-02 -9.84792E-01  4.35639E+00  2.65826E+00  8.27200E-05  8.27200E-05
b  13    7 13   30  99  6.24923E-01 -2.48308E-01  3.30160E-01 -9.67474E-02 -3.85265E-01  1.13049E-02  1.13049E-02
b  13   22 13   30  99  3.09899E-01  4.91363E-02 -1.23968E+00  4.03393E+00  2.55358E+00  5.31250E-02  5.31250E-02
b  13   24 13   30  99  5.16340E-01  4.75967E-01 -1.83373E+00  1.06756E-01  3.32793E+00  1.84640E-02  1.84640E-02
b  13   25 13   30  99  2.14335E-01  1.37621E+00 -1.75053E+00  3.30667E-02  3.23446E-01  1.42000E-02  1.42000E-02
b  13   26 13   30  99  2.43419E-01  1.68569E+00 -2.42630E+00  5.00353E-02  4.86630E-01  2.93600E-02  2.93600E-02
b  13   27 13   30  99  9.47691E-01 -2.18968E+00  8.52330E+01 -7.99183E+02  2.00000E+01  7.01000E-02  7.01000E-02
b  13   28 13   30  99  1.39699E+00 -2.45492E+00  7.04928E+00 -1.61427E-02  1.86630E+00  2.42900E-01  2.42900E-01
b  13   29 13   30  99  2.18777E-01  5.88673E+00 -3.04393E+02  3.79495E+03  2.00000E+01  1.81100E+00  1.81100E+00
b  13    1 13   31  99  5.71614E+00 -8.65608E+00  1.04138E+01 -3.06799E+00 -2.86393E-01  5.74200E-05  5.74200E-05
b  13    8 13   31  99  6.24923E-01 -2.48308E-01  3.30160E-01 -9.67474E-02 -3.85265E-01  1.13049E-02  1.13049E-02
b  13   23 13   31  99  3.09899E-01  4.91363E-02 -1.23968E+00  4.03393E+00  2.55358E+00  5.31250E-02  5.31250E-02
b  13   24 13   31  99  6.41810E+03  4.48309E+05 -2.14006E+07  2.51691E+08  2.00000E+01  1.28600E-02  1.28600E-02
b  13   25 13   31  99  1.63640E+03  7.66655E+03 -1.68136E+05  7.69773E+05  5.51185E+00  9.09500E-03  9.09500E-03
b  13   26 13   31  99  2.17114E+01  7.51506E+02 -5.91806E+03  1.15773E+04  2.56303E+00  1.67200E-02  1.67200E-02
b  13   27 13   31  99  9.80263E-01 -2.70140E+00  1.32103E+02 -1.53963E+03  2.00000E+01  3.41000E-02  3.41000E-02
b  13   28 13   31  99  3.75813E+00 -9.10782E+00  3.22203E+01 -6.98454E+00  2.31652E+00  8.15000E-02  8.15000E-02
b  13   29 13   31  99  5.50594E-01  1.15758E+01 -5.99399E+02  7.47823E+03  2.00000E+01  2.71900E-01  2.71900E-01
b  13   30 13   31  99  4.78450E-02  1.59632E+00 -8.10458E+01  9.97757E+02  2.00000E+01  4.56600E+00  4.56600E+00
f  13    1 12    1  99  3.00000E+00  3.12000E+00
p  13    1 12    1  98 -7.33810E-01 -1.67530E+00  4.51080E-01 -1.38860E-01  3.00000E+00  1.49600E+01  1.56000E+01  2.99000E+02
f  13    2 12    1  99  1.00000E+00  1.40060E+00
p  13    2 12    1  99  1.00000E+00  1.40060E+00
f  13    3 12    1  99  1.00000E+00  1.06360E+00
p  13    3 12    1  99  1.00000E+00  1.06360E+00
f  13    4 12    1  99  1.00000E+00  1.13800E+00
p  13    4 12    1  99  1.00000E+00  1.13800E+00
f  13    5 12    1  99  1.00000E+00  1.11000E+00
p  13    5 12    1  99  1.00000E+00  1.11000E+00
f  13    6 12    1  99  1.00000E+00  1.02820E+00
p  13    6 12    1  99  1.00000E+00  1.02820E+00
f  13    7 12    1  99  1.00000E+00  1.02420E+00
p  13    7 12    1  99  1.00000E+00  1.02420E+00
f  13    8 12    1  99  1.00000E+00  1.00120E+00
p  13    8 12    1  99  1.00000E+00  1.00120E+00
f  13    2 12    2  99  2.00000E+00  1.40060E+00
p  13    2 12    2  98 -7.33810E-01 -1.67530E+00  4.51080E-01 -1.38860E-01  3.00000E+00  1.49600E+01  1.56000E+01  2.99000E+02
f  13    9 12    2  99  2.00000E+00  1.96110E+00
p  13    9 12    2  99  2.00000E+00  1.96110E+00
f  13   10 12    2  99  1.00000E+00  1.12320E+00
p  13   10 12    2  99  1.00000E+00  1.12320E+00
f  13   11 12    2  99  1.00000E+00  1.16000E+00
p  13   11 12    2  99  1.00000E+00  1.16000E+00
f  13   12 12    2  99  1.00000E+00  1.12100E+00
p  13   12 12    2  99  1.00000E+00  1.12100E+00
f  13   13 12    2  99  1.00000E+00  1.03520E+00
p  13   13 12    2  99  1.00000E+00  1.03520E+00
f  13   14 12    2  99  1.00000E+00  1.03020E+00
p  13   14 12    2  99  1.00000E+00  1.03020E+00
f  13   15 12    2  99  1.00000E+00  1.01110E+00
p  13   15 12    2  99  1.00000E+00  1.01110E+00
f  13    3 12    3  99  2.00000E+00  1.06360E+00
p  13    3 12    3  98 -7.33810E-01 -1.67530E+00  4.51080E-01 -1.38860E-01  3.00000E+00  1.49600E+01  1.56000E+01  2.99000E+02
f  13   10 12    3  99  1.00000E+00  1.12320E+00
p  13   10 12    3  99  1.00000E+00  1.12320E+00
f  13    4 12    4  99  2.00000E+00  1.13800E+00
p  13    4 12    4  98 -7.33810E-01 -1.67530E+00  4.51080E-01 -1.38860E-01  3.00000E+00  1.49600E+01  1.56000E+01  2.99000E+02
f  13   11 12    4  99  1.00000E+00  1.16000E+00
p  13   11 12    4  99  1.00000E+00  1.16000E+00
f  13    5 12    5  99  2.00000E+00  1.11000E+00
p  13    5 12    5  98 -7.33810E-01 -1.67530E+00  4.51080E-01 -1.38860E-01  3.00000E+00  1.49600E+01  1.56000E+01  2.99000E+02
f  13   12 12    5  99  1.00000E+00  1.12100E+00
p  13   12 12    5  99  1.00000E+00  1.12100E+00
f  13    6 12    6  99  2.00000E+00  1.02820E+00
p  13    6 12    6  98 -7.33810E-01 -1.67530E+00  4.51080E-01 -1.38860E-01  3.00000E+00  1.49600E+01  1.56000E+01  2.99000E+02
f  13   13 12    6  99  1.00000E+00  1.03520E+00
p  13   13 12    6  99  1.00000E+00  1.03520E+00
f  13    7 12    7  99  2.00000E+00  1.02420E+00
p  13    7 12    7  98 -7.33810E-01 -1.67530E+00  4.51080E-01 -1.38860E-01  3.00000E+00  1.49600E+01  1.56000E+01  2.99000E+02
f  13   14 12    7  99  1.00000E+00  1.03020E+00
p  13   14 12    7  99  1.00000E+00  1.03020E+00
f  13    8 12    8  99  2.00000E+00  1.00120E+00
p  13    8 12    8  98 -7.33810E-01 -1.67530E+00  4.51080E-01 -1.38860E-01  3.00000E+00  1.49600E+01  1.56000E+01  2.99000E+02
f  13   15 12    8  99  1.00000E+00  1.01110E+00
p  13   15 12    8  99  1.00000E+00  1.01110E+00
f  13    9 12    9  99  1.00000E+00  1.96110E+00
p  13    9 12    9  98 -7.33810E-01 -1.67530E+00  4.51080E-01 -1.38860E-01  3.00000E+00  1.49600E+01  1.56000E+01  2.99000E+02
f  13   10 12   10  99  1.00000E+00  1.12320E+00
p  13   10 12   10  98 -7.33810E-01 -1.67530E+00  4.51080E-01 -1.38860E-01  3.00000E+00  1.49600E+01  1.56000E+01  2.99000E+02
f  13   11 12   11  99  1.00000E+00  1.16000E+00
p  13   11 12   11  98 -7.33810E-01 -1.67530E+00  4.51080E-01 -1.38860E-01  3.00000E+00  1.49600E+01  1.56000E+01  2.99000E+02
f  13   12 12   12  99  1.00000E+00  1.12100E+00
p  13   12 12   12  98 -7.33810E-01 -1.67530E+00  4.51080E-01 -1.38860E-01  3.00000E+00  1.49600E+01  1.56000E+01  2.99000E+02
f  13   13 12   13  99  1.00000E+00  1.03520E+00
p  13   13 12   13  98 -7.33810E-01 -1.67530E+00  4.51080E-01 -1.38860E-01  3.00000E+00  1.49600E+01  1.56000E+01  2.99000E+02
f  13   14 12   14  99  1.00000E+00  1.03020E+00
p  13   14 12   14  98 -7.33810E-01 -1.67530E+00  4.51080E-01 -1.38860E-01  3.00000E+00  1.49600E+01  1.56000E+01  2.99000E+02
f  13   15 12   15  99  1.00000E+00  1.01110E+00
p  13   15 12   15  98 -7.33810E-01 -1.67530E+00  4.51080E-01 -1.38860E-01  3.00000E+00  1.49600E+01  1.56000E+01  2.99000E+02
f  13    1 12   16  99  8.00000E+00  3.12000E+00
p  13    1 12   16  98  1.93280E+00 -1.70560E+00 -3.98250E-01  5.13100E-02  8.00000E+00  1.27900E+02  1.33000E+02  2.55800E+03
f  13   16 12   16  99  4.00000E+00  3.68400E+00
p  13   16 12   16  98 -7.33810E-01 -1.67530E+00  4.51080E-01 -1.38860E-01  3.00000E+00  1.49600E+01  1.56000E+01  2.99000E+02
f  13   17 12   16  99  1.00000E+00  1.45730E+00
p  13   17 12   16  99  1.00000E+00  1.45730E+00
f  13   18 12   16  99  1.00000E+00  1.08190E+00
p  13   18 12   16  99  1.00000E+00  1.08190E+00
f  13   19 12   16  99  1.00000E+00  1.14400E+00
p  13   19 12   16  99  1.00000E+00  1.14400E+00
f  13   20 12   16  99  1.00000E+00  1.11400E+00
p  13   20 12   16  99  1.00000E+00  1.11400E+00
f  13   21 12   16  99  1.00000E+00  1.03720E+00
p  13   21 12   16  99  1.00000E+00  1.03720E+00
f  13   22 12   16  99  1.00000E+00  1.03120E+00
p  13   22 12   16  99  1.00000E+00  1.03120E+00
f  13   23 12   16  99  1.00000E+00  1.00120E+00
p  13   23 12   16  99  1.00000E+00  1.00120E+00
f  13    2 12   17  99  8.00000E+00  1.40060E+00
p  13    2 12   17  98  1.93280E+00 -1.70560E+00 -3.98250E-01  5.13100E-02  8.00000E+00  1.27900E+02  1.33000E+02  2.55800E+03
f  13   17 12   17  99  3.00000E+00  1.45730E+00
p  13   17 12   17  98 -7.33810E-01 -1.67530E+00  4.51080E-01 -1.38860E-01  3.00000E+00  1.49600E+01  1.56000E+01  2.99000E+02
f  13    3 12   18  99  8.00000E+00  1.06360E+00
p  13    3 12   18  98  1.93280E+00 -1.70560E+00 -3.98250E-01  5.13100E-02  8.00000E+00  1.27900E+02  1.33000E+02  2.55800E+03
f  13   18 12   18  99  3.00000E+00  1.08190E+00
p  13   18 12   18  98 -7.33810E-01 -1.67530E+00  4.51080E-01 -1.38860E-01  3.00000E+00  1.49600E+01  1.56000E+01  2.99000E+02
f  13    4 12   19  99  8.00000E+00  1.13800E+00
p  13    4 12   19  98  1.93280E+00 -1.70560E+00 -3.98250E-01  5.13100E-02  8.00000E+00  1.27900E+02  1.33000E+02  2.55800E+03
f  13   19 12   19  99  3.00000E+00  1.14400E+00
p  13   19 12   19  98 -7.33810E-01 -1.67530E+00  4.51080E-01 -1.38860E-01  3.00000E+00  1.49600E+01  1.56000E+01  2.99000E+02
f  13    5 12   20  99  8.00000E+00  1.11000E+00
p  13    5 12   20  98  1.93280E+00 -1.70560E+00 -3.98250E-01  5.13100E-02  8.00000E+00  1.27900E+02  1.33000E+02  2.55800E+03
f  13   20 12   20  99  3.00000E+00  1.11400E+00
p  13   20 12   20  98 -7.33810E-01 -1.67530E+00  4.51080E-01 -1.38860E-01  3.00000E+00  1.49600E+01  1.56000E+01  2.99000E+02
f  13    6 12   21  99  8.00000E+00  1.02820E+00
p  13    6 12   21  98  1.93280E+00 -1.70560E+00 -3.98250E-01  5.13100E-02  8.00000E+00  1.27900E+02  1.33000E+02  2.55800E+03
f  13   21 12   21  99  3.00000E+00  1.03720E+00
p  13   21 12   21  98 -7.33810E-01 -1.67530E+00  4.51080E-01 -1.38860E-01  3.00000E+00  1.49600E+01  1.56000E+01  2.99000E+02
f  13    7 12   22  99  8.00000E+00  1.02420E+00
p  13    7 12   22  98  1.93280E+00 -1.70560E+00 -3.98250E-01  5.13100E-02  8.00000E+00  1.27900E+02  1.33000E+02  2.55800E+03
f  13   22 12   22  99  3.00000E+00  1.03120E+00
p  13   22 12   22  98 -7.33810E-01 -1.67530E+00  4.51080E-01 -1.38860E-01  3.00000E+00  1.49600E+01  1.56000E+01  2.99000E+02
f  13    8 12   23  99  8.00000E+00  1.00120E+00
p  13    8 12   23  98  1.93280E+00 -1.70560E+00 -3.98250E-01  5.13100E-02  8.00000E+00  1.27900E+02  1.33000E+02  2.55800E+03
f  13   23 12   23  99  3.00000E+00  1.00120E+00
p  13   23 12   23  98 -7.33810E-01 -1.67530E+00  4.51080E-01 -1.38860E-01  3.00000E+00  1.49600E+01  1.56000E+01  2.99000E+02
f  13    1 12   24  99  2.00000E+00  3.12000E+00
p  13    1 12   24  98  2.29680E+00 -2.43920E+00 -1.92240E-01  1.63360E-02  2.00000E+00  1.55900E+03  1.62200E+03  3.11900E+04
f  13   24 12   24  99  4.00000E+00  3.76400E+00
p  13   24 12   24  98 -7.33810E-01 -1.67530E+00  4.51080E-01 -1.38860E-01  3.00000E+00  1.49600E+01  1.56000E+01  2.99000E+02
f  13   25 12   24  99  1.00000E+00  1.48050E+00
p  13   25 12   24  99  1.00000E+00  1.48050E+00
f  13   26 12   24  99  1.00000E+00  1.08100E+00
p  13   26 12   24  99  1.00000E+00  1.08100E+00
f  13   27 12   24  99  1.00000E+00  1.15300E+00
p  13   27 12   24  99  1.00000E+00  1.15300E+00
f  13   28 12   24  99  1.00000E+00  1.12300E+00
p  13   28 12   24  99  1.00000E+00  1.12300E+00
f  13   29 12   24  99  1.00000E+00  1.03810E+00
p  13   29 12   24  99  1.00000E+00  1.03810E+00
f  13   30 12   24  99  1.00000E+00  1.03210E+00
p  13   30 12   24  99  1.00000E+00  1.03210E+00
f  13   31 12   24  99  1.00000E+00  1.00120E+00
p  13   31 12   24  99  1.00000E+00  1.00120E+00
f  13    2 12   25  99  2.00000E+00  1.40060E+00
p  13    2 12   25  98  2.29680E+00 -2.43920E+00 -1.92240E-01  1.63360E-02  2.00000E+00  1.55900E+03  1.62200E+03  3.11900E+04
f  13   25 12   25  99  3.00000E+00  1.48050E+00
p  13   25 12   25  98 -7.33810E-01 -1.67530E+00  4.51080E-01 -1.38860E-01  3.00000E+00  1.49600E+01  1.56000E+01  2.99000E+02
f  13    3 12   26  99  2.00000E+00  1.06360E+00
p  13    3 12   26  98  2.29680E+00 -2.43920E+00 -1.92240E-01  1.63360E-02  2.00000E+00  1.55900E+03  1.62200E+03  3.11900E+04
f  13   26 12   26  99  3.00000E+00  1.08100E+00
p  13   26 12   26  98 -7.33810E-01 -1.67530E+00  4.51080E-01 -1.38860E-01  3.00000E+00  1.49600E+01  1.56000E+01  2.99000E+02
f  13    4 12   27  99  2.00000E+00  1.13800E+00
p  13    4 12   27  98  2.29680E+00 -2.43920E+00 -1.92240E-01  1.63360E-02  2.00000E+00  1.55900E+03  1.62200E+03  3.11900E+04
f  13   27 12   27  99  3.00000E+00  1.15300E+00
p  13   27 12   27  98 -7.33810E-01 -1.67530E+00  4.51080E-01 -1.38860E-01  3.00000E+00  1.49600E+01  1.56000E+01  2.99000E+02
f  13    5 12   28  99  2.00000E+00  1.11000E+00
p  13    5 12   28  98  2.29680E+00 -2.43920E+00 -1.92240E-01  1.63360E-02  2.00000E+00  1.55900E+03  1.62200E+03  3.11900E+04
f  13   28 12   28  99  3.00000E+00  1.12300E+00
p  13   28 12   28  98 -7.33810E-01 -1.67530E+00  4.51080E-01 -1.38860E-01  3.00000E+00  1.49600E+01  1.56000E+01  2.99000E+02
f  13    6 12   29  99  2.00000E+00  1.02820E+00
p  13    6 12   29  98  2.29680E+00 -2.43920E+00 -1.92240E-01  1.63360E-02  2.00000E+00  1.55900E+03  1.62200E+03  3.11900E+04
f  13   29 12   29  99  3.00000E+00  1.03810E+00
p  13   29 12   29  98 -7.33810E-01 -1.67530E+00  4.51080E-01 -1.38860E-01  3.00000E+00  1.49600E+01  1.56000E+01  2.99000E+02
f  13    7 12   30  99  2.00000E+00  1.02420E+00
p  13    7 12   30  98  2.29680E+00 -2.43920E+00 -1.92240E-01  1.63360E-02  2.00000E+00  1.55900E+03  1.62200E+03  3.11900E+04
f  13   30 12   30  99  3.00000E+00  1.03210E+00
p  13   30 12   30  98 -7.33810E-01 -1.67530E+00  4.51080E-01 -1.38860E-01  3.00000E+00  1.49600E+01  1.56000E+01  2.99000E+02
f  13    8 12   31  99  2.00000E+00  1.00120E+00
p  13    8 12   31  98  2.29680E+00 -2.43920E+00 -1.92240E-01  1.63360E-02  2.00000E+00  1.55900E+03  1.62200E+03  3.11900E+04
f  13   31 12   31  99  3.00000E+00  1.00120E+00
p  13   31 12   31  98 -7.33810E-01 -1.67530E+00  4.51080E-01 -1.38860E-01  3.00000E+00  1.49600E+01  1.56000E+01  2.99000E+02
a  13    9 12    1   2.10998E+13
a  13   10 12    1   5.72381E+13
a  13   11 12    1   2.45740E+13
a  13   12 12    1   1.13692E+13
a  13   13 12    1   5.83147E+12
a  13   14 12    1   3.23604E+12
a  13   15 12    1   1.91085E+12
a  13   16 12    1   4.10594E+12
a  13   17 12    1   1.10892E+11
a  13   18 12    1   2.55139E+10
a  13   19 12    1   8.49409E+09
a  13   20 12    1   3.92985E+09
a  13   21 12    1   2.01566E+09
a  13   22 12    1   1.11855E+09
a  13   23 12    1   6.60499E+08
a  13   24 12    1   5.85252E+10
a  13   25 12    1   1.53300E+09
a  13   26 12    1   3.41565E+08
a  13   27 12    1   1.10828E+08
a  13   28 12    1   5.12760E+07
a  13   29 12    1   2.62995E+07
a  13   30 12    1   1.45946E+07
a  13   31 12    1   8.61795E+06
a  13   17 12    2   2.05297E+12
a  13   25 12    2   2.92626E+10
a  13   18 12    3   2.05297E+12
a  13   26 12    3   2.92626E+10
a  13   19 12    4   2.05297E+12
a  13   27 12    4   2.92626E+10
a  13   20 12    5   2.05297E+12
a  13   28 12    5   2.92626E+10
a  13   21 12    6   2.05297E+12
a  13   29 12    6   2.92626E+10
a  13   22 12    7   2.05297E+12
a  13   30 12    7   2.92626E+10
a  13   23 12    8   2.05297E+12
a  13   31 12    8   2.92626E+10
a  13   24 12   16   1.23674E+13
a  13   25 12   16   1.73108E+11
a  13   26 12   16   3.87112E+10
a  13   27 12   16   1.25888E+10
a  13   28 12   16   5.82440E+09
a  13   29 12   16   2.98740E+09
a  13   30 12   16   1.65780E+09
a  13   31 12   16   9.78920E+08
a  13   25 12   17   9.27552E+12
a  13   26 12   18   9.27552E+12
a  13   27 12   19   9.27552E+12
a  13   28 12   20   9.27552E+12
a  13   29 12   21   9.27552E+12
a  13   30 12   22   9.27552E+12
a  13   31 12   23   9.27552E+12
