0    1    1         0.000000
    0    1    1   barenucl         0.000000  1.00000E+00  1.00000E+00  0.00000E+00  0.00000E+00    1   0  0 0 0 0 0 0 0 0 0 0
1   10   10      1648.660034
    1    1    2   h_100001         0.000000  2.00000E+00  1.10000E+01  1.64866E+03  0.00000E+00    1   1  1 0 0 0 0 0 0 0 0 0
    1    2    3   h_010002      1236.773873  8.00000E+00  1.10000E+01  4.11886E+02  6.86607E+12    1   2  0 1 0 0 0 0 0 0 0 0
    1    3    4   h_001003      1465.648953  1.80000E+01  1.10000E+01  1.83011E+02  1.46211E+12    1   3  0 0 1 0 0 0 0 0 0 0
    1    4    5   h_000104      1545.736332  3.20000E+01  1.10000E+01  1.02924E+02  4.42539E+11    1   4  0 0 0 1 0 0 0 0 0 0
    1    5    6   h_000005      1582.795849  5.00000E+01  1.10000E+01  6.58642E+01  1.69428E+11    1   5  0 0 0 0 1 0 0 0 0 0
    1    6    7   h_000006      1602.923928  7.20000E+01  1.10000E+01  4.57361E+01  7.61300E+10    1   6  0 0 0 0 0 1 0 0 0 0
    1    7    8   h_000007      1615.059378  9.80000E+01  1.10000E+01  3.36007E+01  3.83802E+10    1   7  0 0 0 0 0 0 1 0 0 0
    1    8    9   h_000008      1622.935252  1.28000E+02  1.10000E+01  2.57248E+01  2.10899E+10    1   8  0 0 0 0 0 0 0 1 0 0
    1    9   10   h_000009      1628.334686  1.62000E+02  1.10000E+01  2.03253E+01  1.23917E+10    1   9  0 0 0 0 0 0 0 0 1 0
    1   10   11   h_000010      1632.196744  2.00000E+02  1.10000E+01  1.64633E+01  7.11686E+09    1  10  0 0 0 0 0 0 0 0 0 1
2   19   10      1465.089966
    2    1   12   he200001         0.000000  1.00000E+00  1.08438E+01  1.46509E+03  0.00000E+00    1   1  2 0 0 0 0 0 0 0 0 0
    2    2   13   he110002      1123.536132  1.60000E+01  1.00620E+01  3.41554E+02  2.54121E+12    1   2  1 1 0 0 0 0 0 0 0 0
    2    3   14   he101003      1313.370676  3.60000E+01  1.00160E+01  1.51719E+02  7.38321E+11    1   3  1 0 1 0 0 0 0 0 0 0
    2    4   15   he100104      1379.955816  6.40000E+01  1.00046E+01  8.51341E+01  2.45678E+11    1   4  1 0 0 1 0 0 0 0 0 0
    2    5   16   he100005      1410.626316  1.00000E+02  1.00030E+01  5.44636E+01  9.78093E+10    1   5  1 0 0 0 1 0 0 0 0 0
    2    6   17   he100006      1427.269978  1.44000E+02  1.00030E+01  3.78200E+01  4.30591E+10    1   6  1 0 0 0 0 1 0 0 0 0
    2    7   18   he100007      1437.315907  1.96000E+02  1.00010E+01  2.77741E+01  2.21708E+10    1   7  1 0 0 0 0 0 1 0 0 0
    2    8   19   he100008      1443.829772  2.56000E+02  1.00001E+01  2.12602E+01  1.23561E+10    1   8  1 0 0 0 0 0 0 1 0 0
    2    9   20   he100009      1448.292065  3.24000E+02  1.00001E+01  1.67979E+01  7.33452E+09    1   9  1 0 0 0 0 0 0 0 1 0
    2   10   21   he100010      1451.483831  4.00000E+02  1.00001E+01  1.36061E+01  4.19307E+09    1  10  1 0 0 0 0 0 0 0 0 1
    2   11   22   he020002      2338.961069  2.80000E+01  1.06981E+01  3.62903E+02  1.03967E+14    2   2  0 2 0 0 0 0 0 0 0 0
    2   12   23   he011003      2547.710137  1.44000E+02  1.00960E+01  1.54154E+02  1.69595E+13    2   3  0 1 1 0 0 0 0 0 0 0
    2   13   24   he010104      2616.334277  2.56000E+02  1.00278E+01  8.55296E+01  8.77255E+12    2   4  0 1 0 1 0 0 0 0 0 0
    2   14   25   he010005      2647.409991  4.00000E+02  1.00021E+01  5.44538E+01  7.02936E+12    2   5  0 1 0 0 1 0 0 0 0 0
    2   15   26   he010006      2663.975755  5.76000E+02  1.00120E+01  3.78881E+01  6.51062E+12    2   6  0 1 0 0 0 1 0 0 0 0
    2   16   27   he010007      2674.039764  7.84000E+02  1.00100E+01  2.78241E+01  6.32379E+12    2   7  0 1 0 0 0 0 1 0 0 0
    2   17   28   he010008      2680.599818  1.02400E+03  1.00010E+01  2.12640E+01  6.24482E+12    2   8  0 1 0 0 0 0 0 1 0 0
    2   18   29   he010009      2685.062914  1.29600E+03  1.00010E+01  1.68009E+01  6.20714E+12    2   9  0 1 0 0 0 0 0 0 1 0
    2   19   30   he010010      2688.257704  1.60000E+03  1.00001E+01  1.36061E+01  6.18736E+12    2  10  0 1 0 0 0 0 0 0 0 1
3   18    9       299.869995
    3    1   31   li210002         0.000000  8.00000E+00  9.12400E+00  2.99870E+02  0.00000E+00    1   2  2 1 0 0 0 0 0 0 0 0
    3    2   32   li201003       176.507282  1.80000E+01  9.03200E+00  1.23363E+02  3.57770E+11    1   3  2 0 1 0 0 0 0 0 0 0
    3    3   33   li200104       230.837503  3.20000E+01  9.00920E+00  6.90325E+01  1.26395E+11    1   4  2 0 0 1 0 0 0 0 0 0
    3    4   34   li200005       255.723724  5.00000E+01  9.00600E+00  4.41463E+01  5.23462E+10    1   5  2 0 0 0 1 0 0 0 0 0
    3    5   35   li200006       269.214171  7.20000E+01  9.00600E+00  3.06558E+01  2.38816E+10    1   6  2 0 0 0 0 1 0 0 0 0
    3    6   36   li200007       277.367973  9.80000E+01  9.00200E+00  2.25020E+01  1.25311E+10    1   7  2 0 0 0 0 0 1 0 0 0
    3    7   37   li200008       282.649097  1.28000E+02  9.00020E+00  1.72209E+01  7.07168E+09    1   8  2 0 0 0 0 0 0 1 0 0
    3    8   38   li200009       286.263541  1.62000E+02  9.00020E+00  1.36065E+01  4.23623E+09    1   9  2 0 0 0 0 0 0 0 1 0
    3    9   39   li200010       288.848876  2.00000E+02  9.00020E+00  1.10211E+01  2.41574E+09    1  10  2 0 0 0 0 0 0 0 0 1
    3   10   40   li120002      1103.444705  5.60000E+01  9.76010E+00  3.19961E+02  4.09428E+13    2   2  1 2 0 0 0 0 0 0 0 0
    3   11   41   li111003      1297.847581  2.88000E+02  9.11200E+00  1.25559E+02  6.61230E+12    2   3  1 1 1 0 0 0 0 0 0 0
    3   12   42   li110104      1354.017557  5.12000E+02  9.03240E+00  6.93886E+01  3.24109E+12    2   4  1 1 0 1 0 0 0 0 0 0
    3   13   43   li110005      1379.268681  8.00000E+02  9.00510E+00  4.41374E+01  2.52499E+12    2   5  1 1 0 0 1 0 0 0 0 0
    3   14   44   li110006      1392.688994  1.15200E+03  9.01500E+00  3.07171E+01  2.30983E+12    2   6  1 1 0 0 0 1 0 0 0 0
    3   15   45   li110007      1400.859084  1.56800E+03  9.01100E+00  2.25470E+01  2.23265E+12    2   7  1 1 0 0 0 0 1 0 0 0
    3   16   46   li110008      1406.181784  2.04800E+03  9.00110E+00  1.72243E+01  2.19975E+12    2   8  1 1 0 0 0 0 0 1 0 0
    3   17   47   li110009      1409.796951  2.59200E+03  9.00110E+00  1.36092E+01  2.18395E+12    2   9  1 1 0 0 0 0 0 0 1 0
    3   18   48   li110010      1412.385007  3.20000E+03  9.00020E+00  1.10211E+01  2.17553E+12    2  10  1 1 0 0 0 0 0 0 0 1
4   26    9       264.179993
    4    1   49   be220002         0.000000  2.80000E+01  8.82210E+00  2.64180E+02  0.00000E+00    1   2  2 2 0 0 0 0 0 0 0 0
    4    2   50   be211003       164.282738  1.44000E+02  8.12800E+00  9.98973E+01  2.29659E+11    1   3  2 1 1 0 0 0 0 0 0 0
    4    3   51   be210104       209.245050  2.56000E+02  8.03700E+00  5.49349E+01  8.43208E+10    1   4  2 1 0 1 0 0 0 0 0 0
    4    4   52   be210005       229.276032  4.00000E+02  8.00810E+00  3.49040E+01  3.49965E+10    1   5  2 1 0 0 1 0 0 0 0 0
    4    5   53   be210006       239.881977  5.76000E+02  8.01800E+00  2.42980E+01  1.50405E+10    1   6  2 1 0 0 0 1 0 0 0 0
    4    6   54   be210007       246.355488  7.84000E+02  8.01200E+00  1.78245E+01  7.96411E+09    1   7  2 1 0 0 0 0 1 0 0 0
    4    7   55   be210008       250.570077  1.02400E+03  8.00120E+00  1.36099E+01  4.52753E+09    1   8  2 1 0 0 0 0 0 1 0 0
    4    8   56   be210009       253.426593  1.29600E+03  8.00120E+00  1.07534E+01  2.70648E+09    1   9  2 1 0 0 0 0 0 0 1 0
    4    9   57   be210010       255.471766  1.60000E+03  8.00030E+00  8.70823E+00  1.56621E+09    1  10  2 1 0 0 0 0 0 0 0 1
    4   10   58   be202003       335.556476  1.53000E+02  8.69200E+00  1.05131E+02  2.18047E+14    2   3  2 0 2 0 0 0 0 0 0 0
    4   11   59   be201104       384.974336  5.76000E+02  8.09370E+00  5.57129E+01  4.44125E+13    2   4  2 0 1 1 0 0 0 0 0 0
    4   12   60   be201005       405.623588  9.00000E+02  8.02640E+00  3.50637E+01  1.47038E+13    2   5  2 0 1 0 1 0 0 0 0 0
    4   13   61   be201006       416.352878  1.29600E+03  8.02400E+00  2.43344E+01  6.13937E+12    2   6  2 0 1 0 0 1 0 0 0 0
    4   14   62   be201007       422.844967  1.76400E+03  8.01600E+00  1.78423E+01  3.00427E+12    2   7  2 0 1 0 0 0 1 0 0 0
    4   15   63   be201008       427.046723  2.30400E+03  8.01020E+00  1.36406E+01  1.68883E+12    2   8  2 0 1 0 0 0 0 1 0 0
    4   16   64   be201009       429.915050  2.91600E+03  8.00820E+00  1.07722E+01  1.07223E+12    2   9  2 0 1 0 0 0 0 0 1 0
    4   17   65   be201010       431.979048  3.60000E+03  8.00030E+00  8.70823E+00  7.57245E+11    2  10  2 0 1 0 0 0 0 0 0 1
    4   18   66   be130002      1085.762448  1.12000E+02  9.45820E+00  2.81862E+02  1.04293E+14   10   2  1 3 0 0 0 0 0 0 0 0
    4   19   67   be121003      1265.750693  1.00800E+03  8.20800E+00  1.01874E+02  4.32846E+13   10   3  1 2 1 0 0 0 0 0 0 0
    4   20   68   be120104      1312.372083  1.79200E+03  8.06020E+00  5.52526E+01  3.82784E+13   10   4  1 2 0 1 0 0 0 0 0 0
    4   21   69   be120005      1332.728583  2.80000E+03  8.00720E+00  3.48961E+01  3.72647E+13   10   5  1 2 0 0 1 0 0 0 0 0
    4   22   70   be120006      1343.272099  4.03200E+03  8.02700E+00  2.43526E+01  3.69656E+13   10   6  1 2 0 0 0 1 0 0 0 0
    4   23   71   be120007      1349.760123  5.48800E+03  8.02100E+00  1.78646E+01  3.68605E+13   10   7  1 2 0 0 0 0 1 0 0 0
    4   24   72   be120008      1354.011721  7.16800E+03  8.00210E+00  1.36130E+01  3.68161E+13   10   8  1 2 0 0 0 0 0 1 0 0
    4   25   73   be120009      1356.868879  9.07200E+03  8.00210E+00  1.07558E+01  3.67950E+13   10   9  1 2 0 0 0 0 0 0 1 0
    4   26   74   be120010      1358.916471  1.12000E+04  8.00030E+00  8.70823E+00  3.67840E+13   10  10  1 2 0 0 0 0 0 0 0 1
5   26    9       208.470001
    5    1   75   b_230002         0.000000  5.60000E+01  8.52020E+00  2.08470E+02  0.00000E+00    1   2  2 3 0 0 0 0 0 0 0 0
    5    2   76   b_221003       130.654270  5.04000E+02  7.22400E+00  7.78157E+01  1.03650E+11    1   3  2 2 1 0 0 0 0 0 0 0
    5    3   77   b_220104       166.023446  8.96000E+02  7.06480E+00  4.24466E+01  4.56562E+10    1   4  2 2 0 1 0 0 0 0 0 0
    5    4   78   b_220005       181.723693  1.40000E+03  7.01020E+00  2.67463E+01  2.00339E+10    1   5  2 2 0 0 1 0 0 0 0 0
    5    5   79   b_220006       189.791581  2.01600E+03  7.03000E+00  1.86784E+01  8.48415E+09    1   6  2 2 0 0 0 1 0 0 0 0
    5    6   80   b_220007       194.778527  2.74400E+03  7.02200E+00  1.36915E+01  4.56322E+09    1   7  2 2 0 0 0 0 1 0 0 0
    5    7   81   b_220008       198.046620  3.58400E+03  7.00220E+00  1.04234E+01  2.62515E+09    1   8  2 2 0 0 0 0 0 1 0 0
    5    8   82   b_220009       200.234310  4.53600E+03  7.00220E+00  8.23569E+00  1.56752E+09    1   9  2 2 0 0 0 0 0 0 1 0
    5    9   83   b_220010       201.802560  5.60000E+03  7.00040E+00  6.66744E+00  9.14669E+08    1  10  2 2 0 0 0 0 0 0 0 1
    5   10   84   b_212003       290.380426  1.22400E+03  7.78800E+00  8.23723E+01  1.49740E+14    2   3  2 1 2 0 0 0 0 0 0 0
    5   11   85   b_211104       329.622025  4.60800E+03  7.12150E+00  4.31307E+01  3.01612E+13    2   4  2 1 1 1 0 0 0 0 0 0
    5   12   86   b_211005       345.866594  7.20000E+03  7.02850E+00  2.68861E+01  9.86517E+12    2   5  2 1 1 0 1 0 0 0 0 0
    5   13   87   b_211006       354.042420  1.03680E+04  7.03600E+00  1.87103E+01  4.08990E+12    2   6  2 1 1 0 0 1 0 0 0 0
    5   14   88   b_211007       359.045662  1.41120E+04  7.02600E+00  1.37071E+01  1.99551E+12    2   7  2 1 1 0 0 0 1 0 0 0
    5   15   89   b_211008       362.302545  1.84320E+04  7.01120E+00  1.04502E+01  1.11687E+12    2   8  2 1 1 0 0 0 0 1 0 0
    5   16   90   b_211009       364.500573  2.33280E+04  7.00920E+00  8.25217E+00  7.04983E+11    2   9  2 1 1 0 0 0 0 0 1 0
    5   17   91   b_211010       366.085298  2.88000E+04  7.00040E+00  6.66744E+00  4.94596E+11    2  10  2 1 1 0 0 0 0 0 0 1
    5   18   92   b_140002      1072.188021  1.40000E+02  9.15630E+00  2.22044E+02  1.82914E+14   18   2  1 4 0 0 0 0 0 0 0 0
    5   19   93   b_131003      1214.683270  2.01600E+03  7.30400E+00  7.95492E+01  1.00644E+14   18   3  1 3 1 0 0 0 0 0 0 0
    5   20   94   b_130104      1251.506617  3.58400E+03  7.08800E+00  4.27258E+01  9.49397E+13   18   4  1 3 0 1 0 0 0 0 0 0
    5   21   95   b_130005      1267.493009  5.60000E+03  7.00930E+00  2.67394E+01  9.38097E+13   18   5  1 3 0 0 1 0 0 0 0 0
    5   22   96   b_130006      1275.506170  8.06400E+03  7.03900E+00  1.87263E+01  9.34860E+13   18   6  1 3 0 0 0 1 0 0 0 0
    5   23   97   b_130007      1280.505854  1.09760E+04  7.03100E+00  1.37266E+01  9.33739E+13   18   7  1 3 0 0 0 0 1 0 0 0
    5   24   98   b_130008      1283.806388  1.43360E+04  7.00310E+00  1.04261E+01  9.33269E+13   18   8  1 3 0 0 0 0 0 1 0 0
    5   25   99   b_130009      1285.994640  1.81440E+04  7.00310E+00  8.23781E+00  9.33046E+13   18   9  1 3 0 0 0 0 0 0 1 0
    5   26  100   b_130010      1287.565008  2.24000E+04  7.00040E+00  6.66744E+00  9.32931E+13   18  10  1 3 0 0 0 0 0 0 0 1
6   26    9       172.149994
    6    1  101   c_240002         0.000000  7.00000E+01  8.21830E+00  1.72150E+02  0.00000E+00    1   2  2 4 0 0 0 0 0 0 0 0
    6    2  102   c_231003       113.817581  1.00800E+03  6.32000E+00  5.83324E+01  5.48737E+10    1   3  2 3 1 0 0 0 0 0 0 0
    6    3  103   c_230104       140.583065  1.79200E+03  6.09260E+00  3.15669E+01  2.51011E+10    1   4  2 3 0 1 0 0 0 0 0 0
    6    4  104   c_230005       152.476871  2.80000E+03  6.01230E+00  1.96731E+01  1.12632E+10    1   5  2 3 0 0 1 0 0 0 0 0
    6    5  105   c_230006       158.353049  4.03200E+03  6.04200E+00  1.37969E+01  4.57861E+09    1   6  2 3 0 0 0 1 0 0 0 0
    6    6  106   c_230007       162.047116  5.48800E+03  6.03200E+00  1.01029E+01  2.48204E+09    1   7  2 3 0 0 0 0 1 0 0 0
    6    7  107   c_230008       164.488730  7.16800E+03  6.00320E+00  7.66126E+00  1.43988E+09    1   8  2 3 0 0 0 0 0 1 0 0
    6    8  108   c_230009       166.096686  9.07200E+03  6.00320E+00  6.05331E+00  8.54998E+08    1   9  2 3 0 0 0 0 0 0 1 0
    6    9  109   c_230010       167.251245  1.12000E+04  6.00050E+00  4.89875E+00  5.04843E+08    1  10  2 3 0 0 0 0 0 0 0 1
    6   10  110   c_222003       240.600832  4.28400E+03  6.88400E+00  6.22034E+01  9.57659E+13    2   3  2 2 2 0 0 0 0 0 0 0
    6   11  111   c_221104       270.646991  1.61280E+04  6.14930E+00  3.21573E+01  1.91075E+13    2   4  2 2 1 1 0 0 0 0 0 0
    6   12  112   c_221005       283.011190  2.52000E+04  6.03060E+00  1.97931E+01  6.17023E+12    2   5  2 2 1 0 1 0 0 0 0 0
    6   13  113   c_221006       288.979902  3.62880E+04  6.04800E+00  1.38244E+01  2.52309E+12    2   6  2 2 1 0 0 1 0 0 0 0
    6   14  114   c_221007       292.687981  4.93920E+04  6.03600E+00  1.01163E+01  1.21433E+12    2   7  2 2 1 0 0 0 1 0 0 0
    6   15  115   c_221008       295.120011  6.45120E+04  6.01220E+00  7.68425E+00  6.65245E+11    2   8  2 2 1 0 0 0 0 1 0 0
    6   16  116   c_221009       296.736830  8.16480E+04  6.01020E+00  6.06743E+00  4.07846E+11    2   9  2 2 1 0 0 0 0 0 1 0
    6   17  117   c_221010       297.905515  1.00800E+05  6.00050E+00  4.89875E+00  2.76374E+11    2  10  2 2 1 0 0 0 0 0 0 1
    6   18  118   c_150002      1061.424050  1.12000E+02  8.85440E+00  1.82914E+02  2.59939E+14   18   2  1 5 0 0 0 0 0 0 0 0
    6   19  119   c_141003      1184.519215  2.52000E+03  6.40000E+00  5.98188E+01  1.64891E+14   18   3  1 4 1 0 0 0 0 0 0 0
    6   20  120   c_140104      1212.530196  4.48000E+03  6.11580E+00  3.18078E+01  1.59224E+14   18   4  1 4 0 1 0 0 0 0 0 0
    6   21  121   c_140005      1224.670782  7.00000E+03  6.01140E+00  1.96672E+01  1.58147E+14   18   5  1 4 0 0 1 0 0 0 0 0
    6   22  122   c_140006      1230.499934  1.00800E+04  6.05100E+00  1.38381E+01  1.57843E+14   18   6  1 4 0 0 0 1 0 0 0 0
    6   23  123   c_140007      1234.204965  1.37200E+04  6.04100E+00  1.01330E+01  1.57739E+14   18   7  1 4 0 0 0 0 1 0 0 0
    6   24  124   c_140008      1236.674454  1.79200E+04  6.00410E+00  7.66356E+00  1.57695E+14   18   8  1 4 0 0 0 0 0 1 0 0
    6   25  125   c_140009      1238.282892  2.26800E+04  6.00410E+00  6.05512E+00  1.57674E+14   18   9  1 4 0 0 0 0 0 0 1 0
    6   26  126   c_140010      1239.439266  2.80000E+04  6.00050E+00  4.89875E+00  1.57664E+14   18  10  1 4 0 0 0 0 0 0 0 1
7   26    9       138.389999
    7    1  127   n_250002         0.000000  5.60000E+01  7.91640E+00  1.38390E+02  0.00000E+00    1   2  2 5 0 0 0 0 0 0 0 0
    7    2  128   n_241003        96.617229  1.26000E+03  5.41600E+00  4.17728E+01  2.42813E+10    1   3  2 4 1 0 0 0 0 0 0 0
    7    3  129   n_240104       116.094285  2.24000E+03  5.12040E+00  2.22957E+01  1.22464E+10    1   4  2 4 0 1 0 0 0 0 0 0
    7    4  130   n_240005       124.705761  3.50000E+03  5.01440E+00  1.36842E+01  5.63277E+09    1   5  2 4 0 0 1 0 0 0 0 0
    7    5  131   n_240006       128.736491  5.04000E+03  5.05400E+00  9.65351E+00  2.18030E+09    1   6  2 4 0 0 0 1 0 0 0 0
    7    6  132   n_240007       131.331328  6.86000E+03  5.04200E+00  7.05867E+00  1.19434E+09    1   7  2 4 0 0 0 0 1 0 0 0
    7    7  133   n_240008       133.066466  8.96000E+03  5.00420E+00  5.32353E+00  7.00695E+08    1   8  2 4 0 0 0 0 0 1 0 0
    7    8  134   n_240009       134.183768  1.13400E+04  5.00420E+00  4.20623E+00  4.12582E+08    1   9  2 4 0 0 0 0 0 0 1 0
    7    9  135   n_240010       134.987862  1.40000E+04  5.00060E+00  3.40214E+00  2.52322E+08    1  10  2 4 0 0 0 0 0 0 0 1
    7   10  136   n_232003       207.237022  8.56800E+03  5.98000E+00  4.49706E+01  6.55808E+13    2   3  2 3 2 0 0 0 0 0 0 0
    7   11  137   n_231104       229.415318  3.22560E+04  5.17710E+00  2.27923E+01  1.09980E+13    2   4  2 3 1 1 0 0 0 0 0 0
    7   12  138   n_231005       238.423274  5.04000E+04  5.03270E+00  1.37843E+01  3.34995E+12    2   5  2 3 1 0 1 0 0 0 0 0
    7   13  139   n_231006       242.531137  7.25760E+04  5.06000E+00  9.67644E+00  1.33579E+12    2   6  2 3 1 0 0 1 0 0 0 0
    7   14  140   n_231007       245.137705  9.87840E+04  5.04600E+00  7.06988E+00  6.40820E+11    2   7  2 3 1 0 0 0 1 0 0 0
    7   15  141   n_231008       246.864881  1.29024E+05  5.01320E+00  5.34270E+00  3.49277E+11    2   8  2 3 1 0 0 0 0 1 0 0
    7   16  142   n_231009       247.989573  1.63296E+05  5.01120E+00  4.21801E+00  2.12596E+11    2   9  2 3 1 0 0 0 0 0 1 0
    7   17  143   n_231010       248.805444  2.01600E+05  5.00060E+00  3.40214E+00  1.42802E+11    2  10  2 3 1 0 0 0 0 0 0 1
    7   18  144   n_160002      1049.620569  5.60000E+01  8.55250E+00  1.50193E+02  4.30354E+14   18   2  1 6 0 0 0 0 0 0 0 0
    7   19  145   n_151003      1156.797942  2.01600E+03  5.49600E+00  4.30161E+01  2.97371E+14   18   3  1 5 1 0 0 0 0 0 0 0
    7   20  146   n_150104      1177.315823  3.58400E+03  5.14360E+00  2.24982E+01  2.90142E+14   18   4  1 5 0 1 0 0 0 0 0 0
    7   21  147   n_150005      1186.134723  5.60000E+03  5.01350E+00  1.36793E+01  2.88958E+14   18   5  1 5 0 0 1 0 0 0 0 0
    7   22  148   n_150006      1190.126127  8.06400E+03  5.06300E+00  9.68792E+00  2.88643E+14   18   6  1 5 0 0 0 1 0 0 0 0
    7   23  149   n_150007      1192.730155  1.09760E+04  5.05100E+00  7.08389E+00  2.88540E+14   18   7  1 5 0 0 0 0 1 0 0 0
    7   24  150   n_150008      1194.488601  1.43360E+04  5.00510E+00  5.32545E+00  2.88496E+14   18   8  1 5 0 0 0 0 0 1 0 0
    7   25  151   n_150009      1195.606305  1.81440E+04  5.00510E+00  4.20774E+00  2.88476E+14   18   9  1 5 0 0 0 0 0 0 1 0
    7   26  152   n_150010      1196.411912  2.24000E+04  5.00060E+00  3.40214E+00  2.88466E+14   18  10  1 5 0 0 0 0 0 0 0 1
8   26    9        98.910004
    8    1  153   o_260002         0.000000  2.80000E+01  7.61450E+00  9.89100E+01  0.00000E+00    1   2  2 6 0 0 0 0 0 0 0 0
    8    2  154   o_251003        72.997938  1.00800E+03  4.51200E+00  2.59121E+01  7.10906E+09    1   3  2 5 1 0 0 0 0 0 0 0
    8    3  155   o_250104        84.277389  1.79200E+03  4.14820E+00  1.46326E+01  3.86995E+09    1   4  2 5 0 1 0 0 0 0 0 0
    8    4  156   o_250005        90.130488  2.80000E+03  4.01650E+00  8.77952E+00  2.11543E+09    1   5  2 5 0 0 1 0 0 0 0 0
    8    5  157   o_250006        92.661962  4.03200E+03  4.06600E+00  6.24804E+00  7.82942E+08    1   6  2 5 0 0 0 1 0 0 0 0
    8    6  158   o_250007        94.351189  5.48800E+03  4.05200E+00  4.55881E+00  4.44991E+08    1   7  2 5 0 0 0 0 1 0 0 0
    8    7  159   o_250008        95.499836  7.16800E+03  4.00520E+00  3.41017E+00  2.69146E+08    1   8  2 5 0 0 0 0 0 1 0 0
    8    8  160   o_250009        96.215557  9.07200E+03  4.00520E+00  2.69445E+00  1.56914E+08    1   9  2 5 0 0 0 0 0 0 1 0
    8    9  161   o_250010        96.732408  1.12000E+04  4.00070E+00  2.17760E+00  1.10878E+08    1  10  2 5 0 0 0 0 0 0 0 1
    8   10  162   o_242003       167.272660  1.07100E+04  5.07600E+00  2.82546E+01  3.19516E+13    2   3  2 4 2 0 0 0 0 0 0 0
    8   11  163   o_241104       180.491850  4.03200E+04  4.20490E+00  1.50354E+01  5.36911E+12    2   4  2 4 1 1 0 0 0 0 0 0
    8   12  164   o_241005       186.667529  6.30000E+04  4.03480E+00  8.85970E+00  1.60333E+12    2   5  2 4 1 0 1 0 0 0 0 0
    8   13  165   o_241006       189.260737  9.07200E+04  4.07200E+00  6.26650E+00  6.25266E+11    2   6  2 4 1 0 0 1 0 0 0 0
    8   14  166   o_241007       190.959413  1.23480E+05  4.05600E+00  4.56782E+00  2.98286E+11    2   7  2 4 1 0 0 0 1 0 0 0
    8   15  167   o_241008       192.101721  1.61280E+05  4.01420E+00  3.42551E+00  1.61119E+11    2   8  2 4 1 0 0 0 0 1 0 0
    8   16  168   o_241009       192.823359  2.04120E+05  4.01220E+00  2.70387E+00  9.68084E+10    2   9  2 4 1 0 0 0 0 0 1 0
    8   17  169   o_241010       193.349636  2.52000E+05  4.00070E+00  2.17760E+00  6.39854E+10    2  10  2 4 1 0 0 0 0 0 0 1
    8   18  170   o_170002      1040.752073  1.60000E+01  8.25060E+00  1.07778E+02  5.19607E+14   18   2  1 7 0 0 0 0 0 0 0 0
    8   19  171   o_161003      1121.691406  1.00800E+03  4.59200E+00  2.68392E+01  3.80003E+14   18   3  1 6 1 0 0 0 0 0 0 0
    8   20  172   o_160104      1133.733818  1.79200E+03  4.17140E+00  1.47968E+01  3.73854E+14   18   4  1 6 0 1 0 0 0 0 0 0
    8   21  173   o_160005      1139.754991  2.80000E+03  4.01560E+00  8.77558E+00  3.72909E+14   18   5  1 6 0 0 1 0 0 0 0 0
    8   22  174   o_160006      1142.254840  4.03200E+03  4.07500E+00  6.27573E+00  3.72664E+14   18   6  1 6 0 0 0 1 0 0 0 0
    8   23  175   o_160007      1143.951484  5.48800E+03  4.06100E+00  4.57909E+00  3.72585E+14   18   7  1 6 0 0 0 0 1 0 0 0
    8   24  176   o_160008      1145.118872  7.16800E+03  4.00610E+00  3.41170E+00  3.72553E+14   18   8  1 6 0 0 0 0 0 1 0 0
    8   25  177   o_160009      1145.834915  9.07200E+03  4.00610E+00  2.69566E+00  3.72537E+14   18   9  1 6 0 0 0 0 0 0 1 0
    8   26  178   o_160010      1146.352976  1.12000E+04  4.00070E+00  2.17760E+00  3.72529E+14   18  10  1 6 0 0 0 0 0 0 0 1
9   26    9        71.639999
    9    1  179   f_270002         0.000000  8.00000E+00  7.31260E+00  7.16400E+01  0.00000E+00    1   2  2 7 0 0 0 0 0 0 0 0
    9    2  180   f_261003        55.959177  5.04000E+02  3.60800E+00  1.56808E+01  1.57767E+09    1   3  2 6 1 0 0 0 0 0 0 0
    9    3  181   f_260104        63.062616  8.96000E+02  3.17600E+00  8.57738E+00  1.24971E+09    1   4  2 6 0 1 0 0 0 0 0 0
    9    4  182   f_260005        66.681158  1.40000E+03  3.01860E+00  4.95884E+00  7.12651E+08    1   5  2 6 0 0 1 0 0 0 0 0
    9    5  183   f_260006        68.059513  2.01600E+03  3.07800E+00  3.58049E+00  2.31336E+08    1   6  2 6 0 0 0 1 0 0 0 0
    9    6  184   f_260007        69.036724  2.74400E+03  3.06200E+00  2.60328E+00  1.35155E+08    1   7  2 6 0 0 0 0 1 0 0 0
    9    7  185   f_260008        69.718853  3.58400E+03  3.00620E+00  1.92115E+00  8.43775E+07    1   8  2 6 0 0 0 0 0 1 0 0
    9    8  186   f_260009        70.122059  4.53600E+03  3.00620E+00  1.51794E+00  4.77348E+07    1   9  2 6 0 0 0 0 0 0 1 0
    9    9  187   f_260010        70.414882  5.60000E+03  3.00080E+00  1.22512E+00  7.27048E+07    1  10  2 6 0 0 0 0 0 0 0 1
    9   10  188   f_252003       127.228092  8.56800E+03  4.17200E+00  1.74098E+01  1.15515E+13    2   3  2 5 2 0 0 0 0 0 0 0
    9   11  189   f_251104       135.751554  3.22560E+04  3.23270E+00  8.88638E+00  1.92989E+12    2   4  2 5 1 1 0 0 0 0 0 0
    9   12  190   f_251005       139.618788  5.04000E+04  3.03690E+00  5.01915E+00  5.67451E+11    2   5  2 5 1 0 1 0 0 0 0 0
    9   13  191   f_251006       141.043479  7.25760E+04  3.08400E+00  3.59446E+00  2.17472E+11    2   6  2 5 1 0 0 1 0 0 0 0
    9   14  192   f_251007       142.027857  9.87840E+04  3.06600E+00  2.61008E+00  1.02804E+11    2   7  2 5 1 0 0 0 1 0 0 0
    9   15  193   f_251008       142.705271  1.29024E+05  3.01520E+00  1.93267E+00  5.47046E+10    2   8  2 5 1 0 0 0 0 1 0 0
    9   16  194   f_251009       143.112920  1.63296E+05  3.01320E+00  1.52502E+00  3.21508E+10    2   9  2 5 1 0 0 0 0 0 1 0
    9   17  195   f_251010       143.412820  2.01600E+05  3.00080E+00  1.22512E+00  2.06807E+10    2  10  2 5 1 0 0 0 0 0 0 1
    9   18  196   f_180002      1033.949648  2.00000E+00  7.94870E+00  7.84424E+01  5.92650E+14   18   2  1 8 0 0 0 0 0 0 0 0
    9   19  197   f_171003      1096.008119  2.88000E+02  3.68800E+00  1.63840E+01  4.51327E+14   18   3  1 7 1 0 0 0 0 0 0 0
    9   20  198   f_170104      1103.688916  5.12000E+02  3.19920E+00  8.70316E+00  4.46627E+14   18   4  1 7 0 1 0 0 0 0 0 0
    9   21  199   f_170005      1107.436188  8.00000E+02  3.01770E+00  4.95588E+00  4.45959E+14   18   5  1 7 0 0 1 0 0 0 0 0
    9   22  200   f_170006      1108.790617  1.15200E+03  3.08700E+00  3.60146E+00  4.45792E+14   18   6  1 7 0 0 0 1 0 0 0 0
    9   23  201   f_170007      1109.773472  1.56800E+03  3.07100E+00  2.61860E+00  4.45740E+14   18   7  1 7 0 0 0 0 1 0 0 0
    9   24  202   f_170008      1110.469776  2.04800E+03  3.00710E+00  1.92230E+00  4.45719E+14   18   8  1 7 0 0 0 0 0 1 0 0
    9   25  203   f_170009      1110.873223  2.59200E+03  3.00710E+00  1.51885E+00  4.45709E+14   18   9  1 7 0 0 0 0 0 0 1 0
    9   26  204   f_170010      1111.166955  3.20000E+03  3.00080E+00  1.22512E+00  4.45703E+14   18  10  1 7 0 0 0 0 0 0 0 1
10   25    9        47.285999
   10    1  205   ne280002         0.000000  1.00000E+00  7.01070E+00  4.72860E+01  0.00000E+00    1   2  2 8 0 0 0 0 0 0 0 0
   10    2  206   ne271003        39.144810  1.44000E+02  2.70400E+00  8.14119E+00  1.65014E+08    1   3  2 7 1 0 0 0 0 0 0 0
   10    3  207   ne270104        43.156173  2.56000E+02  2.20380E+00  4.12983E+00  3.21641E+08    1   4  2 7 0 1 0 0 0 0 0 0
   10    4  208   ne270005        45.063874  4.00000E+02  2.02070E+00  2.22213E+00  1.77322E+08    1   5  2 7 0 0 1 0 0 0 0 0
   10    5  209   ne270006        45.635200  5.76000E+02  2.09000E+00  1.65080E+00  4.60884E+07    1   6  2 7 0 0 0 1 0 0 0 0
   10    6  210   ne270007        46.093970  7.84000E+02  2.07200E+00  1.19203E+00  2.77024E+07    1   7  2 7 0 0 0 0 1 0 0 0
   10    7  211   ne270008        46.429545  1.02400E+03  2.00720E+00  8.56454E-01  1.81545E+07    1   8  2 7 0 0 0 0 0 1 0 0
   10    8  212   ne270009        46.609295  1.29600E+03  2.00720E+00  6.76704E-01  9.61818E+06    1   9  2 7 0 0 0 0 0 0 1 0
   10    9  213   ne270010        46.741305  1.60000E+03  2.00090E+00  5.44695E-01  1.22817E+07    1  10  2 7 0 0 0 0 0 0 0 1
   10   10  214   ne262003        93.956726  4.28400E+03  3.26800E+00  9.28845E+00  2.68374E+12    2   3  2 6 2 0 0 0 0 0 0 0
   10   11  215   ne261104        98.900107  1.61280E+04  2.26050E+00  4.34507E+00  4.07525E+11    2   4  2 6 1 1 0 0 0 0 0 0
   10   12  216   ne261005       100.982621  2.52000E+04  2.03900E+00  2.26256E+00  1.16077E+11    2   5  2 6 1 0 1 0 0 0 0 0
   10   13  217   ne261006       101.584886  3.62880E+04  2.09600E+00  1.66029E+00  4.34900E+10    2   6  2 6 1 0 0 1 0 0 0 0
   10   14  218   ne261007       102.048541  4.93920E+04  2.07600E+00  1.19664E+00  2.04894E+10    2   7  2 6 1 0 0 0 1 0 0 0
   10   15  219   ne261008       102.381025  6.45120E+04  2.01620E+00  8.64152E-01  1.08412E+10    2   8  2 6 1 0 0 0 0 1 0 0
   10   16  220   ne261009       102.563744  8.16480E+04  2.01420E+00  6.81432E-01  6.31587E+09    2   9  2 6 1 0 0 0 0 0 1 0
   10   17  221   ne261010       102.700482  1.00800E+05  2.00090E+00  5.44695E-01  4.01288E+09    2  10  2 6 1 0 0 0 0 0 0 1
   10   18  222   ne181003      1072.605587  3.60000E+01  2.78400E+00  8.63006E+00  5.08942E+14   18   3  1 8 1 0 0 0 0 0 0 0
   10   19  223   ne180104      1077.018410  6.40000E+01  2.22700E+00  4.21724E+00  5.05930E+14   18   4  1 8 0 1 0 0 0 0 0 0
   10   20  224   ne180005      1079.015501  1.00000E+02  2.01980E+00  2.22015E+00  5.05543E+14   18   5  1 8 0 0 1 0 0 0 0 0
   10   21  225   ne180006      1079.570600  1.44000E+02  2.09900E+00  1.66505E+00  5.05451E+14   18   6  1 8 0 0 0 1 0 0 0 0
   10   22  226   ne180007      1080.033240  1.96000E+02  2.08100E+00  1.20241E+00  5.05423E+14   18   7  1 8 0 0 0 0 1 0 0 0
   10   23  227   ne180008      1080.378425  2.56000E+02  2.00810E+00  8.57222E-01  5.05412E+14   18   8  1 8 0 0 0 0 0 1 0 0
   10   24  228   ne180009      1080.558336  3.24000E+02  2.00810E+00  6.77311E-01  5.05407E+14   18   9  1 8 0 0 0 0 0 0 1 0
   10   25  229   ne180010      1080.690952  4.00000E+02  2.00090E+00  5.44695E-01  5.05404E+14   18  10  1 8 0 0 0 0 0 0 0 1
11   24    8         5.139000
   11    1  230   na281003         0.000000  1.80000E+01  1.80000E+00  5.13900E+00  0.00000E+00    1   3  2 8 1 0 0 0 0 0 0 0
   11    2  231   na280104         3.849199  3.20000E+01  1.23160E+00  1.28980E+00  2.48605E+08    1   4  2 8 0 1 0 0 0 0 0 0
   11    3  232   na280005         4.569697  5.00000E+01  1.02280E+00  5.69303E-01  4.97130E+07    1   5  2 8 0 0 1 0 0 0 0 0
   11    4  233   na280006         4.680052  7.20000E+01  1.10200E+00  4.58947E-01  1.05502E+07    1   6  2 8 0 0 0 1 0 0 0 0
   11    5  234   na280007         4.813942  9.80000E+01  1.08200E+00  3.25058E-01  4.84736E+06    1   7  2 8 0 0 0 0 1 0 0 0
   11    6  235   na280008         4.922920  1.28000E+02  1.00820E+00  2.16080E-01  2.84548E+06    1   8  2 8 0 0 0 0 0 1 0 0
   11    7  236   na280009         4.968270  1.62000E+02  1.00820E+00  1.70730E-01  1.36754E+06    1   9  2 8 0 0 0 0 0 0 1 0
   11    8  237   na280010         5.002677  2.00000E+02  1.00100E+00  1.36323E-01  7.62479E+05    1  10  2 8 0 0 0 0 0 0 0 1
   11    9  238   na272003        38.152919  1.22400E+03  2.36400E+00  6.13089E+00  4.68586E+11    2   3  2 7 2 0 0 0 0 0 0 0
   11   10  239   na271104        42.872515  4.60800E+03  1.28830E+00  1.41129E+00  4.44089E+10    2   4  2 7 1 1 0 0 0 0 0 0
   11   11  240   na271005        43.693952  7.20000E+03  1.04110E+00  5.89858E-01  1.10403E+10    2   5  2 7 1 0 1 0 0 0 0 0
   11   12  241   na271006        43.819851  1.03680E+04  1.10800E+00  4.63959E-01  3.83631E+09    2   6  2 7 1 0 0 1 0 0 0 0
   11   13  242   na271007        43.956344  1.41120E+04  1.08600E+00  3.27465E-01  1.79601E+09    2   7  2 7 1 0 0 0 1 0 0 0
   11   14  243   na271008        44.063854  1.84320E+04  1.01720E+00  2.19955E-01  9.40921E+08    2   8  2 7 1 0 0 0 0 1 0 0
   11   15  244   na271009        44.110700  2.33280E+04  1.01520E+00  1.73109E-01  5.39723E+08    2   9  2 7 1 0 0 0 0 0 1 0
   11   16  245   na271010        44.147486  2.88000E+04  1.00100E+00  1.36323E-01  3.35058E+08    2  10  2 7 1 0 0 0 0 0 0 1
   11   17  246   na182003      1071.089890  3.06000E+02  2.44400E+00  6.65470E+00  4.34949E+14   18   3  1 8 2 0 0 0 0 0 0 0
   11   18  247   na181104      1076.282005  1.15200E+03  1.31150E+00  1.46258E+00  4.33380E+14   18   4  1 8 1 1 0 0 0 0 0 0
   11   19  248   na181005      1077.155749  1.80000E+03  1.04020E+00  5.88838E-01  4.33250E+14   18   5  1 8 1 0 1 0 0 0 0 0
   11   20  249   na181006      1077.273060  2.59200E+03  1.11700E+00  4.71527E-01  4.33222E+14   18   6  1 8 1 0 0 1 0 0 0 0
   11   21  250   na181007      1077.411671  3.52800E+03  1.09500E+00  3.32916E-01  4.33215E+14   18   7  1 8 1 0 0 0 1 0 0 0
   11   22  251   na181008      1077.524242  4.60800E+03  1.01810E+00  2.20345E-01  4.33212E+14   18   8  1 8 1 0 0 0 0 1 0 0
   11   23  252   na181009      1077.571171  5.83200E+03  1.01610E+00  1.73416E-01  4.33210E+14   18   9  1 8 1 0 0 0 0 0 1 0
   11   24  253   na181010      1077.608264  7.20000E+03  1.00100E+00  1.36323E-01  4.33210E+14   18  10  1 8 1 0 0 0 0 0 0 1
2775
b   1    1  1    2  99  3.84439E-01 -3.68379E-02 -2.44451E+00  1.94276E+01  3.83425E+00  4.13400E-01  4.13400E-01
b   1    1  1    3  99  3.99947E-01  9.97732E-02 -2.54670E+00  1.88014E+01  3.77339E+00  7.87700E-02  7.87700E-02
b   1    2  1    3  99  1.09641E-01  1.21125E+00 -2.95239E+01  2.64275E+02  2.00000E+01  6.38400E-01  6.38400E-01
b   1    1  1    4  99  4.03012E-01  1.56577E-01 -2.61058E+00  1.86030E+01  3.75881E+00  2.88900E-02  2.88900E-02
b   1    2  1    4  99  1.61475E-01  1.96775E+00 -5.80048E+01  6.33775E+02  2.00000E+01  1.19200E-01  1.19200E-01
b   1    3  1    4  99  1.33651E-01  9.27384E-01 -2.10504E+01  2.52484E+02  2.00000E+01  8.39900E-01  8.39900E-01
b   1    1  1    5  99  4.03381E-01  1.86991E-01 -2.65904E+00  1.85353E+01  3.75452E+00  1.38900E-02  1.38900E-02
b   1    2  1    5  99  1.60947E-01  2.06292E+00 -5.22127E+01  5.25945E+02  2.00000E+01  4.46500E-02  4.46500E-02
b   1    3  1    5  99  1.41867E-01  1.42254E+00 -2.17879E+01  2.10852E+02  2.00000E+01  1.50400E-01  1.50400E-01
b   1    4  1    5  99  2.71596E-01  8.88964E-02  1.63424E+00 -5.94873E-01  2.11240E+00  1.03600E+00  1.03600E+00
b   1    1  1    6  99  4.04848E-01  1.98923E-01 -2.65874E+00  1.84739E+01  3.75177E+00  7.77400E-03  7.77400E-03
b   1    2  1    6  99  1.60966E-01  2.11800E+00 -4.92267E+01  4.71464E+02  2.00000E+01  2.20900E-02  2.20900E-02
b   1    3  1    6  99  1.48703E-01  1.69434E+00 -2.17557E+01  1.90485E+02  2.00000E+01  5.58200E-02  5.58200E-02
b   1    4  1    6  99  3.15301E-01  4.94325E-01  1.77253E+00 -5.81205E-01  2.16258E+00  1.79000E-01  1.79000E-01
b   1    5  1    6  99  2.69399E-01  7.71845E-02  2.23294E+00 -1.15518E+00  2.79974E+00  1.22900E+00  1.22900E+00
b   1    1  1    7  99  4.04065E-01  2.11066E-01 -2.66801E+00  1.83478E+01  3.74498E+00  4.79800E-03  4.79800E-03
b   1    2  1    7  99  1.62518E-01  2.14643E+00 -4.75677E+01  4.44239E+02  2.00000E+01  1.27100E-02  1.27100E-02
b   1    3  1    7  99  1.45326E-01  1.87390E+00 -2.04407E+01  1.48757E+02  2.00000E+01  2.77000E-02  2.77000E-02
b   1    4  1    7  99  3.33683E-01  8.03786E-01  1.72317E+00 -5.23304E-01  2.08616E+00  6.54700E-02  6.54700E-02
b   1    5  1    7  99  2.81968E-01  6.66424E-01  1.50105E+00 -5.32469E-01  2.13500E+00  2.06600E-01  2.06600E-01
b   1    6  1    7  99  2.66266E-01  7.58283E-02  2.68992E+00 -1.52795E+00  3.39588E+00  1.42100E+00  1.42100E+00
b   1    1  1    8  99  4.04270E-01  2.17909E-01 -2.69081E+00  1.84112E+01  3.74913E+00  3.17100E-03  3.17100E-03
b   1    2  1    8  99  1.58941E-01  2.14999E+00 -4.46185E+01  3.94238E+02  2.00000E+01  8.04100E-03  8.04100E-03
b   1    3  1    8  99  1.49889E-01  1.98494E+00 -2.07091E+01  1.49209E+02  2.00000E+01  1.60500E-02  1.60500E-02
b   1    4  1    8  99  1.87121E-01  1.88605E+00 -1.88754E+01  2.37701E+02  2.00000E+01  3.23300E-02  3.23300E-02
b   1    5  1    8  99  3.05898E-01  1.01449E+00  1.65112E+00 -6.95172E-01  2.18064E+00  7.44900E-02  7.44900E-02
b   1    6  1    8  99  2.88493E-01  6.55176E-01  2.23822E+00 -1.14065E+00  2.94231E+00  2.33700E-01  2.33700E-01
b   1    7  1    8  99  2.47433E-01  1.50593E-01  2.44507E+00 -1.42160E+00  3.42352E+00  1.61300E+00  1.61300E+00
b   1    1  1    9  99  4.03233E-01  2.26120E-01 -2.71619E+00  1.84161E+01  3.75053E+00  2.20500E-03  2.20500E-03
b   1    2  1    9  99  1.61508E-01  2.16427E+00 -4.42705E+01  3.89909E+02  2.00000E+01  5.43100E-03  5.43100E-03
b   1    3  1    9  99  1.51084E-01  2.06434E+00 -2.04018E+01  1.38945E+02  2.00000E+01  1.02500E-02  1.02500E-02
b   1    4  1    9  99  1.85438E-01  2.08362E+00 -1.89700E+01  2.22938E+02  2.00000E+01  1.87400E-02  1.87400E-02
b   1    5  1    9  99  3.19378E-01  1.28707E+00  1.66089E+00 -6.01769E-01  2.21730E+00  3.65300E-02  3.65300E-02
b   1    6  1    9  99  3.11110E-01  1.06111E+00  2.32857E+00 -1.07634E+00  3.01364E+00  8.32100E-02  8.32100E-02
b   1    7  1    9  99  2.89095E-01  6.62560E-01  2.75852E+00 -1.51159E+00  3.57845E+00  2.60500E-01  2.60500E-01
b   1    8  1    9  99  2.36254E-01  1.94043E-01  2.39387E+00 -4.03187E-01  4.11180E+00  1.80500E+00  1.80500E+00
b   1    1  1   10  99  4.05210E-01  2.22983E-01 -2.69472E+00  1.84193E+01  3.74914E+00  1.59400E-03  1.59400E-03
b   1    2  1   10  99  1.59248E-01  2.19508E+00 -4.40986E+01  3.79728E+02  2.00000E+01  3.84600E-03  3.84600E-03
b   1    3  1   10  99  1.59021E-01  2.10949E+00 -2.11700E+01  1.57940E+02  2.00000E+01  6.98800E-03  6.98800E-03
b   1    4  1   10  99  1.86128E-01  2.22036E+00 -1.88400E+01  2.12510E+02  2.00000E+01  1.20000E-02  1.20000E-02
b   1    5  1   10  99  3.26669E-01  1.50455E+00  1.61154E+00 -5.56461E-01  2.15998E+00  2.11200E-02  2.11200E-02
b   1    6  1   10  99  2.95294E-01  1.51765E+00  1.40523E+00 -5.00740E-01  2.14385E+00  4.05300E-02  4.05300E-02
b   1    7  1   10  99  2.93376E-01  1.19222E+00  2.14402E+00 -1.02651E+00  3.02359E+00  9.17900E-02  9.17900E-02
b   1    8  1   10  99  2.74030E-01  7.40628E-01  2.56026E+00 -1.47127E+00  3.57533E+00  2.86900E-01  2.86900E-01
b   1    9  1   10  99  4.82333E-01  5.28728E-01  4.64270E+00 -5.22799E-01  4.10265E+00  9.26600E-01  9.26600E-01
f   1    1  0    1  99  1.00000E+00  1.10000E+01
p   1    1  0    1  99  1.00000E+00  1.10000E+01
f   1    2  0    1  99  1.00000E+00  1.10000E+01
p   1    2  0    1  99  1.00000E+00  1.10000E+01
f   1    3  0    1  99  1.00000E+00  1.10000E+01
p   1    3  0    1  99  1.00000E+00  1.10000E+01
f   1    4  0    1  99  1.00000E+00  1.10000E+01
p   1    4  0    1  99  1.00000E+00  1.10000E+01
f   1    5  0    1  99  1.00000E+00  1.10000E+01
p   1    5  0    1  99  1.00000E+00  1.10000E+01
f   1    6  0    1  99  1.00000E+00  1.10000E+01
p   1    6  0    1  99  1.00000E+00  1.10000E+01
f   1    7  0    1  99  1.00000E+00  1.10000E+01
p   1    7  0    1  99  1.00000E+00  1.10000E+01
f   1    8  0    1  99  1.00000E+00  1.10000E+01
p   1    8  0    1  99  1.00000E+00  1.10000E+01
f   1    9  0    1  99  1.00000E+00  1.10000E+01
p   1    9  0    1  99  1.00000E+00  1.10000E+01
f   1   10  0    1  99  1.00000E+00  1.10000E+01
p   1   10  0    1  99  1.00000E+00  1.10000E+01
b   2    1  2    2  99  3.69266E-01 -4.14581E-02 -2.23298E+00  1.82800E+01  3.82091E+00  7.41600E-01  7.41600E-01
b   2    1  2    3  99  3.84559E-01  6.78624E-02 -2.32349E+00  1.79076E+01  3.77386E+00  1.48300E-01  1.48300E-01
b   2    2  2    3  99  9.50644E-02  1.13933E+00 -2.41056E+01  1.84651E+02  2.00000E+01  6.17700E-01  6.17700E-01
b   2    1  2    4  99  3.84067E-01  1.15835E-01 -2.36731E+00  1.76445E+01  3.76383E+00  5.51600E-02  5.51600E-02
b   2    2  2    4  99  1.18320E-01  1.43263E+00 -2.47601E+01  1.67262E+02  2.00000E+01  1.18300E-01  1.18300E-01
b   2    3  2    4  99  2.97506E-01 -1.85497E-02  1.75926E+00 -5.01266E-01  2.06822E+00  8.30300E-01  8.30300E-01
b   2    1  2    5  99  3.81359E-01  1.39569E-01 -2.37034E+00  1.73598E+01  3.75492E+00  2.67000E-02  2.67000E-02
b   2    2  2    5  99  1.22049E-01  1.60720E+00 -2.46477E+01  1.38810E+02  2.00000E+01  4.47200E-02  4.47200E-02
b   2    3  2    5  99  1.46966E-01  1.34168E+00 -2.05990E+01  2.20660E+02  2.00000E+01  1.50200E-01  1.50200E-01
b   2    4  2    5  99  2.57023E-01  1.38344E-01  1.48489E+00 -5.31593E-01  2.08990E+00  1.02900E+00  1.02900E+00
b   2    1  2    6  99  4.39042E-01  1.71042E-01 -2.82264E+00  2.02207E+01  3.75949E+00  1.34100E-02  1.34100E-02
b   2    2  2    6  99  1.85141E-01  2.26388E+00 -5.96164E+01  6.35722E+02  2.00000E+01  2.09100E-02  2.09100E-02
b   2    3  2    6  99  1.56967E-01  1.66776E+00 -2.16452E+01  2.10257E+02  2.00000E+01  5.47400E-02  5.47400E-02
b   2    4  2    6  99  3.05966E-01  5.39724E-01  1.69955E+00 -6.03944E-01  2.13310E+00  1.76600E-01  1.76600E-01
b   2    5  2    6  99  2.62454E-01  1.15155E-01  2.15133E+00 -1.08977E+00  2.83193E+00  1.21700E+00  1.21700E+00
b   2    1  2    7  99  4.40315E-01  1.73916E-01 -2.82312E+00  2.02578E+01  3.75979E+00  8.29800E-03  8.29800E-03
b   2    2  2    7  99  1.85652E-01  2.28958E+00 -5.76216E+01  6.01257E+02  2.00000E+01  1.20800E-02  1.20800E-02
b   2    3  2    7  99  1.60389E-01  1.83822E+00 -2.16701E+01  1.99319E+02  2.00000E+01  2.72600E-02  2.72600E-02
b   2    4  2    7  99  3.25043E-01  8.42971E-01  1.70456E+00 -5.57257E-01  2.13234E+00  6.47900E-02  6.47900E-02
b   2    5  2    7  99  3.03308E-01  5.76607E-01  2.35233E+00 -1.09558E+00  2.92272E+00  2.04900E-01  2.04900E-01
b   2    6  2    7  99  2.58840E-01  1.17304E-01  2.57560E+00 -1.46414E+00  3.41054E+00  1.41500E+00  1.41500E+00
b   2    1  2    8  99  4.37205E-01  1.86082E-01 -2.84060E+00  2.01204E+01  3.75872E+00  5.49400E-03  5.49400E-03
b   2    2  2    8  99  1.88013E-01  2.35161E+00 -5.90099E+01  6.15510E+02  2.00000E+01  7.66200E-03  7.66200E-03
b   2    3  2    8  99  1.63237E-01  1.94624E+00 -2.14581E+01  1.90151E+02  2.00000E+01  1.58400E-02  1.58400E-02
b   2    4  2    8  99  3.37228E-01  1.05258E+00  1.72243E+00 -5.27841E-01  2.14366E+00  3.20600E-02  3.20600E-02
b   2    5  2    8  99  2.96181E-01  1.06201E+00  1.54319E+00 -5.76176E-01  2.20198E+00  7.39900E-02  7.39900E-02
b   2    6  2    8  99  2.80370E-01  6.97636E-01  2.12414E+00 -1.03261E+00  2.95085E+00  2.32800E-01  2.32800E-01
b   2    7  2    8  99  2.44855E-01  1.70062E-01  2.54026E+00 -5.24770E-01  4.11654E+00  1.60800E+00  1.60800E+00
b   2    1  2    9  99  4.35551E-01  1.92461E-01 -2.83721E+00  1.99658E+01  3.75241E+00  3.82400E-03  3.82400E-03
b   2    2  2    9  99  1.84838E-01  2.34221E+00 -5.62964E+01  5.71672E+02  2.00000E+01  5.18300E-03  5.18300E-03
b   2    3  2    9  99  1.63641E-01  2.03184E+00 -2.15191E+01  1.84451E+02  2.00000E+01  1.01300E-02  1.01300E-02
b   2    4  2    9  99  3.45110E-01  1.20475E+00  1.73496E+00 -5.00342E-01  2.16672E+00  1.86100E-02  1.86100E-02
b   2    5  2    9  99  3.09961E-01  1.32748E+00  1.61962E+00 -6.66606E-01  2.21932E+00  3.63300E-02  3.63300E-02
b   2    6  2    9  99  3.01858E-01  1.10399E+00  2.24265E+00 -1.11324E+00  3.01084E+00  8.29600E-02  8.29600E-02
b   2    7  2    9  99  2.81138E-01  7.05179E-01  2.64105E+00 -1.48191E+00  3.57646E+00  2.59700E-01  2.59700E-01
b   2    8  2    9  99  2.29979E-01  2.33451E-01  2.26473E+00 -3.42011E-01  4.10886E+00  1.80100E+00  1.80100E+00
b   2    1  2   10  99  4.38277E-01  1.86631E-01 -2.82593E+00  2.01011E+01  3.75808E+00  2.76600E-03  2.76600E-03
b   2    2  2   10  99  1.86796E-01  2.36622E+00 -5.67890E+01  5.77875E+02  2.00000E+01  3.67500E-03  3.67500E-03
b   2    3  2   10  99  1.64978E-01  2.09081E+00 -2.15770E+01  1.82539E+02  2.00000E+01  6.91300E-03  6.91300E-03
b   2    4  2   10  99  1.78725E-01  2.23701E+00 -1.78953E+01  1.94491E+02  2.00000E+01  1.19300E-02  1.19300E-02
b   2    5  2   10  99  3.17164E-01  1.54383E+00  1.55991E+00 -5.86378E-01  2.15026E+00  2.10200E-02  2.10200E-02
b   2    6  2   10  99  3.15056E-01  1.42854E+00  2.24023E+00 -1.02411E+00  2.99609E+00  4.04400E-02  4.04400E-02
b   2    7  2   10  99  2.85135E-01  1.23368E+00  2.02841E+00 -9.73800E-01  2.99326E+00  9.15700E-02  9.15700E-02
b   2    8  2   10  99  2.65897E-01  7.85236E-01  2.40714E+00 -1.38439E+00  3.54334E+00  2.86300E-01  2.86300E-01
b   2    9  2   10  99  4.84801E-01  5.97248E-01  4.65771E+00 -6.72038E-01  4.12260E+00  9.06500E-01  9.06500E-01
b   2    1  2   11  98  0.00000E+00  0.00000E+00  0.00000E+00  0.00000E+00  0.00000E+00  7.00887E-03  1.40177E-04
b   2    2  2   11  99  3.69266E-01 -4.14581E-02 -2.23298E+00  1.82800E+01  3.82091E+00  3.24450E-01  3.24450E-01
b   2    1  2   12  98  0.00000E+00  0.00000E+00  0.00000E+00  0.00000E+00  0.00000E+00  1.56668E-02  3.13337E-04
b   2    2  2   12  99  3.84559E-01  6.78624E-02 -2.32349E+00  1.79076E+01  3.77386E+00  7.41500E-02  7.41500E-02
b   2    3  2   12  99  3.69266E-01 -4.14581E-02 -2.23298E+00  1.82800E+01  3.82091E+00  3.70800E-01  3.70800E-01
b   2   11  2   12  99  9.50644E-02  1.13933E+00 -2.41056E+01  1.84651E+02  2.00000E+01  1.23540E+00  1.23540E+00
b   2    1  2   13  98  0.00000E+00  0.00000E+00  0.00000E+00  0.00000E+00  0.00000E+00  2.64976E-02  5.29951E-04
b   2    2  2   13  99  3.84067E-01  1.15835E-01 -2.36731E+00  1.76445E+01  3.76383E+00  2.75800E-02  2.75800E-02
b   2    4  2   13  99  3.69266E-01 -4.14581E-02 -2.23298E+00  1.82800E+01  3.82091E+00  3.70800E-01  3.70800E-01
b   2   11  2   13  99  1.18320E-01  1.43263E+00 -2.47601E+01  1.67262E+02  2.00000E+01  2.36600E-01  2.36600E-01
b   2   12  2   13  99  2.97506E-01 -1.85497E-02  1.75926E+00 -5.01266E-01  2.06822E+00  8.30300E-01  8.30300E-01
b   2    1  2   14  98  0.00000E+00  0.00000E+00  0.00000E+00  0.00000E+00  0.00000E+00  4.04627E-02  8.09254E-04
b   2    2  2   14  99  3.81359E-01  1.39569E-01 -2.37034E+00  1.73598E+01  3.75492E+00  1.33500E-02  1.33500E-02
b   2    5  2   14  99  3.69266E-01 -4.14581E-02 -2.23298E+00  1.82800E+01  3.82091E+00  3.70800E-01  3.70800E-01
b   2   11  2   14  99  1.22049E-01  1.60720E+00 -2.46477E+01  1.38810E+02  2.00000E+01  8.94400E-02  8.94400E-02
b   2   12  2   14  99  1.46966E-01  1.34168E+00 -2.05990E+01  2.20660E+02  2.00000E+01  1.50200E-01  1.50200E-01
b   2   13  2   14  99  2.57023E-01  1.38344E-01  1.48489E+00 -5.31593E-01  2.08990E+00  1.02900E+00  1.02900E+00
b   2    1  2   15  98  0.00000E+00  0.00000E+00  0.00000E+00  0.00000E+00  0.00000E+00  5.75366E-02  1.15073E-03
b   2    2  2   15  99  4.39042E-01  1.71042E-01 -2.82264E+00  2.02207E+01  3.75949E+00  6.70500E-03  6.70500E-03
b   2    6  2   15  99  3.69266E-01 -4.14581E-02 -2.23298E+00  1.82800E+01  3.82091E+00  3.70800E-01  3.70800E-01
b   2   11  2   15  99  1.85141E-01  2.26388E+00 -5.96164E+01  6.35722E+02  2.00000E+01  4.18200E-02  4.18200E-02
b   2   12  2   15  99  1.56967E-01  1.66776E+00 -2.16452E+01  2.10257E+02  2.00000E+01  5.47400E-02  5.47400E-02
b   2   13  2   15  99  3.05966E-01  5.39724E-01  1.69955E+00 -6.03944E-01  2.13310E+00  1.76600E-01  1.76600E-01
b   2   14  2   15  99  2.62454E-01  1.15155E-01  2.15133E+00 -1.08977E+00  2.83193E+00  1.21700E+00  1.21700E+00
b   2    1  2   16  98  0.00000E+00  0.00000E+00  0.00000E+00  0.00000E+00  0.00000E+00  7.77277E-02  1.55455E-03
b   2    2  2   16  99  4.40315E-01  1.73916E-01 -2.82312E+00  2.02578E+01  3.75979E+00  4.14900E-03  4.14900E-03
b   2    7  2   16  99  3.69266E-01 -4.14581E-02 -2.23298E+00  1.82800E+01  3.82091E+00  3.70800E-01  3.70800E-01
b   2   11  2   16  99  1.85652E-01  2.28958E+00 -5.76216E+01  6.01257E+02  2.00000E+01  2.41600E-02  2.41600E-02
b   2   12  2   16  99  1.60389E-01  1.83822E+00 -2.16701E+01  1.99319E+02  2.00000E+01  2.72600E-02  2.72600E-02
b   2   13  2   16  99  3.25043E-01  8.42971E-01  1.70456E+00 -5.57257E-01  2.13234E+00  6.47900E-02  6.47900E-02
b   2   14  2   16  99  3.03308E-01  5.76607E-01  2.35233E+00 -1.09558E+00  2.92272E+00  2.04900E-01  2.04900E-01
b   2   15  2   16  99  2.58840E-01  1.17304E-01  2.57560E+00 -1.46414E+00  3.41054E+00  1.41500E+00  1.41500E+00
b   2    1  2   17  98  0.00000E+00  0.00000E+00  0.00000E+00  0.00000E+00  0.00000E+00  1.01033E-01  2.02066E-03
b   2    2  2   17  99  4.37205E-01  1.86082E-01 -2.84060E+00  2.01204E+01  3.75872E+00  2.74700E-03  2.74700E-03
b   2    8  2   17  99  3.69266E-01 -4.14581E-02 -2.23298E+00  1.82800E+01  3.82091E+00  3.70800E-01  3.70800E-01
b   2   11  2   17  99  1.88013E-01  2.35161E+00 -5.90099E+01  6.15510E+02  2.00000E+01  1.53240E-02  1.53240E-02
b   2   12  2   17  99  1.63237E-01  1.94624E+00 -2.14581E+01  1.90151E+02  2.00000E+01  1.58400E-02  1.58400E-02
b   2   13  2   17  99  3.37228E-01  1.05258E+00  1.72243E+00 -5.27841E-01  2.14366E+00  3.20600E-02  3.20600E-02
b   2   14  2   17  99  2.96181E-01  1.06201E+00  1.54319E+00 -5.76176E-01  2.20198E+00  7.39900E-02  7.39900E-02
b   2   15  2   17  99  2.80370E-01  6.97636E-01  2.12414E+00 -1.03261E+00  2.95085E+00  2.32800E-01  2.32800E-01
b   2   16  2   17  99  2.44855E-01  1.70062E-01  2.54026E+00 -5.24770E-01  4.11654E+00  1.60800E+00  1.60800E+00
b   2    1  2   18  98  0.00000E+00  0.00000E+00  0.00000E+00  0.00000E+00  0.00000E+00  1.27445E-01  2.54891E-03
b   2    2  2   18  99  4.35551E-01  1.92461E-01 -2.83721E+00  1.99658E+01  3.75241E+00  1.91200E-03  1.91200E-03
b   2    9  2   18  99  3.69266E-01 -4.14581E-02 -2.23298E+00  1.82800E+01  3.82091E+00  3.70800E-01  3.70800E-01
b   2   11  2   18  99  1.84838E-01  2.34221E+00 -5.62964E+01  5.71672E+02  2.00000E+01  1.03660E-02  1.03660E-02
b   2   12  2   18  99  1.63641E-01  2.03184E+00 -2.15191E+01  1.84451E+02  2.00000E+01  1.01300E-02  1.01300E-02
b   2   13  2   18  99  3.45110E-01  1.20475E+00  1.73496E+00 -5.00342E-01  2.16672E+00  1.86100E-02  1.86100E-02
b   2   14  2   18  99  3.09961E-01  1.32748E+00  1.61962E+00 -6.66606E-01  2.21932E+00  3.63300E-02  3.63300E-02
b   2   15  2   18  99  3.01858E-01  1.10399E+00  2.24265E+00 -1.11324E+00  3.01084E+00  8.29600E-02  8.29600E-02
b   2   16  2   18  99  2.81138E-01  7.05179E-01  2.64105E+00 -1.48191E+00  3.57646E+00  2.59700E-01  2.59700E-01
b   2   17  2   18  99  2.29979E-01  2.33451E-01  2.26473E+00 -3.42011E-01  4.10886E+00  1.80100E+00  1.80100E+00
b   2    1  2   19  98  0.00000E+00  0.00000E+00  0.00000E+00  0.00000E+00  0.00000E+00  1.56967E-01  3.13934E-03
b   2    2  2   19  99  4.38277E-01  1.86631E-01 -2.82593E+00  2.01011E+01  3.75808E+00  1.38300E-03  1.38300E-03
b   2   10  2   19  99  3.69266E-01 -4.14581E-02 -2.23298E+00  1.82800E+01  3.82091E+00  3.70800E-01  3.70800E-01
b   2   11  2   19  99  1.86796E-01  2.36622E+00 -5.67890E+01  5.77875E+02  2.00000E+01  7.35000E-03  7.35000E-03
b   2   12  2   19  99  1.64978E-01  2.09081E+00 -2.15770E+01  1.82539E+02  2.00000E+01  6.91300E-03  6.91300E-03
b   2   13  2   19  99  1.78725E-01  2.23701E+00 -1.78953E+01  1.94491E+02  2.00000E+01  1.19300E-02  1.19300E-02
b   2   14  2   19  99  3.17164E-01  1.54383E+00  1.55991E+00 -5.86378E-01  2.15026E+00  2.10200E-02  2.10200E-02
b   2   15  2   19  99  3.15056E-01  1.42854E+00  2.24023E+00 -1.02411E+00  2.99609E+00  4.04400E-02  4.04400E-02
b   2   16  2   19  99  2.85135E-01  1.23368E+00  2.02841E+00 -9.73800E-01  2.99326E+00  9.15700E-02  9.15700E-02
b   2   17  2   19  99  2.65897E-01  7.85236E-01  2.40714E+00 -1.38439E+00  3.54334E+00  2.86300E-01  2.86300E-01
b   2   18  2   19  99  4.84801E-01  5.97248E-01  4.65771E+00 -6.72038E-01  4.12260E+00  9.06500E-01  9.06500E-01
f   2    1  1    1  99  2.00000E+00  1.08438E+01
p   2    1  1    1  98  1.88740E+00 -2.57550E+00 -1.38730E-01  7.50990E-03  2.00000E+00  1.45100E+03  1.50900E+03  2.90200E+04
f   2    2  1    1  99  1.00000E+00  1.00620E+01
p   2    2  1    1  99  1.00000E+00  1.00620E+01
f   2    3  1    1  99  1.00000E+00  1.00160E+01
p   2    3  1    1  99  1.00000E+00  1.00160E+01
f   2    4  1    1  99  1.00000E+00  1.00046E+01
p   2    4  1    1  99  1.00000E+00  1.00046E+01
f   2    5  1    1  99  1.00000E+00  1.00030E+01
p   2    5  1    1  99  1.00000E+00  1.00030E+01
f   2    6  1    1  99  1.00000E+00  1.00030E+01
p   2    6  1    1  99  1.00000E+00  1.00030E+01
f   2    7  1    1  99  1.00000E+00  1.00010E+01
p   2    7  1    1  99  1.00000E+00  1.00010E+01
f   2    8  1    1  99  1.00000E+00  1.00001E+01
p   2    8  1    1  99  1.00000E+00  1.00001E+01
f   2    9  1    1  99  1.00000E+00  1.00001E+01
p   2    9  1    1  99  1.00000E+00  1.00001E+01
f   2   10  1    1  99  1.00000E+00  1.00001E+01
p   2   10  1    1  99  1.00000E+00  1.00001E+01
f   2    2  1    2  99  1.00000E+00  1.00620E+01
p   2    2  1    2  98  1.88740E+00 -2.57550E+00 -1.38730E-01  7.50990E-03  2.00000E+00  1.45100E+03  1.50900E+03  2.90200E+04
f   2   11  1    2  99  2.00000E+00  1.06981E+01
p   2   11  1    2  99  2.00000E+00  1.06981E+01
f   2   12  1    2  99  1.00000E+00  1.00960E+01
p   2   12  1    2  99  1.00000E+00  1.00960E+01
f   2   13  1    2  99  1.00000E+00  1.00278E+01
p   2   13  1    2  99  1.00000E+00  1.00278E+01
f   2   14  1    2  99  1.00000E+00  1.00021E+01
p   2   14  1    2  99  1.00000E+00  1.00021E+01
f   2   15  1    2  99  1.00000E+00  1.00120E+01
p   2   15  1    2  99  1.00000E+00  1.00120E+01
f   2   16  1    2  99  1.00000E+00  1.00100E+01
p   2   16  1    2  99  1.00000E+00  1.00100E+01
f   2   17  1    2  99  1.00000E+00  1.00010E+01
p   2   17  1    2  99  1.00000E+00  1.00010E+01
f   2   18  1    2  99  1.00000E+00  1.00010E+01
p   2   18  1    2  99  1.00000E+00  1.00010E+01
f   2   19  1    2  99  1.00000E+00  1.00001E+01
p   2   19  1    2  99  1.00000E+00  1.00001E+01
f   2    3  1    3  99  1.00000E+00  1.00160E+01
p   2    3  1    3  98  1.88740E+00 -2.57550E+00 -1.38730E-01  7.50990E-03  2.00000E+00  1.45100E+03  1.50900E+03  2.90200E+04
f   2   12  1    3  99  1.00000E+00  1.00960E+01
p   2   12  1    3  99  1.00000E+00  1.00960E+01
f   2    4  1    4  99  1.00000E+00  1.00046E+01
p   2    4  1    4  98  1.88740E+00 -2.57550E+00 -1.38730E-01  7.50990E-03  2.00000E+00  1.45100E+03  1.50900E+03  2.90200E+04
f   2   13  1    4  99  1.00000E+00  1.00278E+01
p   2   13  1    4  99  1.00000E+00  1.00278E+01
f   2    5  1    5  99  1.00000E+00  1.00030E+01
p   2    5  1    5  98  1.88740E+00 -2.57550E+00 -1.38730E-01  7.50990E-03  2.00000E+00  1.45100E+03  1.50900E+03  2.90200E+04
f   2   14  1    5  99  1.00000E+00  1.00021E+01
p   2   14  1    5  99  1.00000E+00  1.00021E+01
f   2    6  1    6  99  1.00000E+00  1.00030E+01
p   2    6  1    6  98  1.88740E+00 -2.57550E+00 -1.38730E-01  7.50990E-03  2.00000E+00  1.45100E+03  1.50900E+03  2.90200E+04
f   2   15  1    6  99  1.00000E+00  1.00120E+01
p   2   15  1    6  99  1.00000E+00  1.00120E+01
f   2    7  1    7  99  1.00000E+00  1.00010E+01
p   2    7  1    7  98  1.88740E+00 -2.57550E+00 -1.38730E-01  7.50990E-03  2.00000E+00  1.45100E+03  1.50900E+03  2.90200E+04
f   2   16  1    7  99  1.00000E+00  1.00100E+01
p   2   16  1    7  99  1.00000E+00  1.00100E+01
f   2    8  1    8  99  1.00000E+00  1.00001E+01
p   2    8  1    8  98  1.88740E+00 -2.57550E+00 -1.38730E-01  7.50990E-03  2.00000E+00  1.45100E+03  1.50900E+03  2.90200E+04
f   2   17  1    8  99  1.00000E+00  1.00010E+01
p   2   17  1    8  99  1.00000E+00  1.00010E+01
f   2    9  1    9  99  1.00000E+00  1.00001E+01
p   2    9  1    9  98  1.88740E+00 -2.57550E+00 -1.38730E-01  7.50990E-03  2.00000E+00  1.45100E+03  1.50900E+03  2.90200E+04
f   2   18  1    9  99  1.00000E+00  1.00010E+01
p   2   18  1    9  99  1.00000E+00  1.00010E+01
f   2   10  1   10  99  1.00000E+00  1.00001E+01
p   2   10  1   10  98  1.88740E+00 -2.57550E+00 -1.38730E-01  7.50990E-03  2.00000E+00  1.45100E+03  1.50900E+03  2.90200E+04
f   2   19  1   10  99  1.00000E+00  1.00001E+01
p   2   19  1   10  99  1.00000E+00  1.00001E+01
a   2   11  1    1   9.20700E+13
a   2   12  1    1   9.64410E+12
a   2   13  1    1   2.26850E+12
a   2   14  1    1   7.39420E+11
a   2   15  1    1   2.97780E+11
a   2   16  1    1   1.37770E+11
a   2   17  1    1   7.06640E+10
a   2   18  1    1   3.92140E+10
a   2   19  1    1   2.31550E+10
b   3    1  3    2  99  9.46070E-02  1.09884E+00 -2.20789E+01  1.67498E+02  2.00000E+01  5.94900E-01  5.94900E-01
b   3    1  3    3  99  1.37850E-01  1.38639E+00 -2.85021E+01  2.71082E+02  2.00000E+01  1.16300E-01  1.16300E-01
b   3    2  3    3  99  2.85536E-01  2.43272E-02  1.71194E+00 -5.68717E-01  2.09418E+00  8.19600E-01  8.19600E-01
b   3    1  3    4  99  1.37534E-01  1.52791E+00 -2.62993E+01  2.11747E+02  2.00000E+01  4.42800E-02  4.42800E-02
b   3    2  3    4  99  1.56185E-01  1.27282E+00 -1.93854E+01  2.32938E+02  2.00000E+01  1.49100E-01  1.49100E-01
b   3    3  3    4  99  2.76754E-01  5.39554E-02  2.25432E+00 -1.09598E+00  2.77261E+00  1.02200E+00  1.02200E+00
b   3    1  3    5  99  1.45008E-01  1.77107E+00 -2.64507E+01  1.65760E+02  2.00000E+01  2.05400E-02  2.05400E-02
b   3    2  3    5  99  1.67001E-01  1.60671E+00 -2.08222E+01  2.29703E+02  2.00000E+01  5.42600E-02  5.42600E-02
b   3    3  3    5  99  2.94827E-01  5.86926E-01  1.65986E+00 -6.97953E-01  2.15058E+00  1.75400E-01  1.75400E-01
b   3    4  3    5  99  2.72248E-01  7.60567E-02  2.71373E+00 -1.52510E+00  3.37171E+00  1.21100E+00  1.21100E+00
b   3    1  3    6  99  1.45464E-01  1.81737E+00 -2.56612E+01  1.46977E+02  2.00000E+01  1.18900E-02  1.18900E-02
b   3    2  3    6  99  1.67170E-01  1.78674E+00 -2.07146E+01  2.11570E+02  2.00000E+01  2.70800E-02  2.70800E-02
b   3    3  3    6  99  3.14808E-01  8.84203E-01  1.69927E+00 -6.20843E-01  2.20569E+00  6.44200E-02  6.44200E-02
b   3    4  3    6  99  2.92817E-01  6.27153E-01  2.24668E+00 -1.10918E+00  2.92850E+00  2.04100E-01  2.04100E-01
b   3    5  3    6  99  2.49896E-01  1.67233E-01  2.41512E+00 -1.39356E+00  3.38866E+00  1.41100E+00  1.41100E+00
b   3    1  3    7  99  1.47070E-01  1.84530E+00 -2.53994E+01  1.41115E+02  2.00000E+01  7.55200E-03  7.55200E-03
b   3    2  3    7  99  1.70527E-01  1.89413E+00 -2.08308E+01  2.09042E+02  2.00000E+01  1.57500E-02  1.57500E-02
b   3    3  3    7  99  3.26135E-01  1.09522E+00  1.69634E+00 -5.66267E-01  2.19730E+00  3.19100E-02  3.19100E-02
b   3    4  3    7  99  3.12568E-01  9.91251E-01  2.28896E+00 -1.06147E+00  2.93271E+00  7.37100E-02  7.37100E-02
b   3    5  3    7  99  2.89621E-01  6.58142E-01  2.72517E+00 -1.49654E+00  3.54690E+00  2.32200E-01  2.32200E-01
b   3    6  3    7  99  2.37369E-01  2.15993E-01  2.38107E+00 -4.19792E-01  4.11468E+00  1.60600E+00  1.60600E+00
b   3    1  3    8  99  1.42795E-01  1.84654E+00 -2.30510E+01  9.98636E+01  2.00000E+01  5.11400E-03  5.11400E-03
b   3    2  3    8  99  1.70294E-01  1.97879E+00 -2.07430E+01  2.00293E+02  2.00000E+01  1.00800E-02  1.00800E-02
b   3    3  3    8  99  3.32313E-01  1.25344E+00  1.65867E+00 -5.27848E-01  2.14852E+00  1.85400E-02  1.85400E-02
b   3    4  3    8  99  2.97665E-01  1.38421E+00  1.46051E+00 -5.13041E-01  2.19734E+00  3.62100E-02  3.62100E-02
b   3    5  3    8  99  2.92026E-01  1.15303E+00  2.10079E+00 -1.02090E+00  2.98659E+00  8.27600E-02  8.27600E-02
b   3    6  3    8  99  2.72271E-01  7.53278E-01  2.48773E+00 -1.41385E+00  3.54186E+00  2.59300E-01  2.59300E-01
b   3    7  3    8  99  2.24115E-01  2.73062E-01  2.13965E+00 -2.90904E-01  4.09195E+00  1.79900E+00  1.79900E+00
b   3    1  3    9  99  1.40315E-01  1.85364E+00 -2.17206E+01  7.48727E+01  2.00000E+01  3.62900E-03  3.62900E-03
b   3    2  3    9  99  1.73328E-01  2.02765E+00 -2.07372E+01  2.01028E+02  2.00000E+01  6.88600E-03  6.88600E-03
b   3    3  3    9  99  3.37386E-01  1.36920E+00  1.66328E+00 -5.40607E-01  2.14321E+00  1.18800E-02  1.18800E-02
b   3    4  3    9  99  3.05421E-01  1.59490E+00  1.46067E+00 -5.46157E-01  2.15755E+00  2.09600E-02  2.09600E-02
b   3    5  3    9  99  3.04838E-01  1.47544E+00  2.14688E+00 -1.06375E+00  2.99476E+00  4.03500E-02  4.03500E-02
b   3    6  3    9  99  2.93707E-01  1.19640E+00  2.60950E+00 -1.42302E+00  3.61283E+00  9.14100E-02  9.14100E-02
b   3    7  3    9  99  2.62491E-01  8.07825E-01  2.48734E+00 -3.51695E-01  4.28932E+00  2.86000E-01  2.86000E-01
b   3    8  3    9  99  4.64856E-01  6.61941E-01  4.33325E+00 -6.57527E-01  4.08002E+00  9.23800E-01  9.23800E-01
b   3    1  3   10  99  4.13558E-01 -5.61162E-02 -2.45302E+00  2.03943E+01  3.82029E+00  5.52475E-01  5.52475E-01
b   3    1  3   11  99  3.86460E-01  6.37178E-02 -2.35464E+00  1.81258E+01  3.77777E+00  1.30680E-01  1.30680E-01
b   3    2  3   11  99  4.13558E-01 -5.61162E-02 -2.45302E+00  2.03943E+01  3.82029E+00  6.31400E-01  6.31400E-01
b   3   10  3   11  99  9.46070E-02  1.09884E+00 -2.20789E+01  1.67498E+02  2.00000E+01  1.18980E+00  1.18980E+00
b   3    1  3   12  99  3.85991E-01  9.95955E-02 -2.35037E+00  1.77768E+01  3.76585E+00  4.92000E-02  4.92000E-02
b   3    3  3   12  99  4.13558E-01 -5.61162E-02 -2.45302E+00  2.03943E+01  3.82029E+00  6.31400E-01  6.31400E-01
b   3   10  3   12  99  1.37850E-01  1.38639E+00 -2.85021E+01  2.71082E+02  2.00000E+01  2.32600E-01  2.32600E-01
b   3   11  3   12  99  2.85536E-01  2.43272E-02  1.71194E+00 -5.68717E-01  2.09418E+00  8.19600E-01  8.19600E-01
b   3    1  3   13  99  3.81848E-01  1.21880E-01 -2.36689E+00  1.75356E+01  3.76193E+00  2.39200E-02  2.39200E-02
b   3    4  3   13  99  4.13558E-01 -5.61162E-02 -2.45302E+00  2.03943E+01  3.82029E+00  6.31400E-01  6.31400E-01
b   3   10  3   13  99  1.37534E-01  1.52791E+00 -2.62993E+01  2.11747E+02  2.00000E+01  8.85600E-02  8.85600E-02
b   3   11  3   13  99  1.56185E-01  1.27282E+00 -1.93854E+01  2.32938E+02  2.00000E+01  1.49100E-01  1.49100E-01
b   3   12  3   13  99  2.76754E-01  5.39554E-02  2.25432E+00 -1.09598E+00  2.77261E+00  1.02200E+00  1.02200E+00
b   3    1  3   14  99  4.45621E-01  1.32519E-01 -2.79248E+00  2.06358E+01  3.76533E+00  1.20680E-02  1.20680E-02
b   3    5  3   14  99  4.13558E-01 -5.61162E-02 -2.45302E+00  2.03943E+01  3.82029E+00  6.31400E-01  6.31400E-01
b   3   10  3   14  99  1.45008E-01  1.77107E+00 -2.64507E+01  1.65760E+02  2.00000E+01  4.10800E-02  4.10800E-02
b   3   11  3   14  99  1.67001E-01  1.60671E+00 -2.08222E+01  2.29703E+02  2.00000E+01  5.42600E-02  5.42600E-02
b   3   12  3   14  99  2.94827E-01  5.86926E-01  1.65986E+00 -6.97953E-01  2.15058E+00  1.75400E-01  1.75400E-01
b   3   13  3   14  99  2.72248E-01  7.60567E-02  2.71373E+00 -1.52510E+00  3.37171E+00  1.21100E+00  1.21100E+00
b   3    1  3   15  99  4.43783E-01  1.35064E-01 -2.77538E+00  2.05279E+01  3.76672E+00  7.47400E-03  7.47400E-03
b   3    6  3   15  99  4.13558E-01 -5.61162E-02 -2.45302E+00  2.03943E+01  3.82029E+00  6.31400E-01  6.31400E-01
b   3   10  3   15  99  1.45464E-01  1.81737E+00 -2.56612E+01  1.46977E+02  2.00000E+01  2.37800E-02  2.37800E-02
b   3   11  3   15  99  1.67170E-01  1.78674E+00 -2.07146E+01  2.11570E+02  2.00000E+01  2.70800E-02  2.70800E-02
b   3   12  3   15  99  3.14808E-01  8.84203E-01  1.69927E+00 -6.20843E-01  2.20569E+00  6.44200E-02  6.44200E-02
b   3   13  3   15  99  2.92817E-01  6.27153E-01  2.24668E+00 -1.10918E+00  2.92850E+00  2.04100E-01  2.04100E-01
b   3   14  3   15  99  2.49896E-01  1.67233E-01  2.41512E+00 -1.39356E+00  3.38866E+00  1.41100E+00  1.41100E+00
b   3    1  3   16  99  4.40017E-01  1.45151E-01 -2.80626E+00  2.04944E+01  3.77255E+00  4.95000E-03  4.95000E-03
b   3    7  3   16  99  4.13558E-01 -5.61162E-02 -2.45302E+00  2.03943E+01  3.82029E+00  6.31400E-01  6.31400E-01
b   3   10  3   16  99  1.47070E-01  1.84530E+00 -2.53994E+01  1.41115E+02  2.00000E+01  1.51040E-02  1.51040E-02
b   3   11  3   16  99  1.70527E-01  1.89413E+00 -2.08308E+01  2.09042E+02  2.00000E+01  1.57500E-02  1.57500E-02
b   3   12  3   16  99  3.26135E-01  1.09522E+00  1.69634E+00 -5.66267E-01  2.19730E+00  3.19100E-02  3.19100E-02
b   3   13  3   16  99  3.12568E-01  9.91251E-01  2.28896E+00 -1.06147E+00  2.93271E+00  7.37100E-02  7.37100E-02
b   3   14  3   16  99  2.89621E-01  6.58142E-01  2.72517E+00 -1.49654E+00  3.54690E+00  2.32200E-01  2.32200E-01
b   3   15  3   16  99  2.37369E-01  2.15993E-01  2.38107E+00 -4.19792E-01  4.11468E+00  1.60600E+00  1.60600E+00
b   3    1  3   17  99  4.38392E-01  1.47249E-01 -2.78606E+00  2.03354E+01  3.76907E+00  3.44600E-03  3.44600E-03
b   3    8  3   17  99  4.13558E-01 -5.61162E-02 -2.45302E+00  2.03943E+01  3.82029E+00  6.31400E-01  6.31400E-01
b   3   10  3   17  99  1.42795E-01  1.84654E+00 -2.30510E+01  9.98636E+01  2.00000E+01  1.02280E-02  1.02280E-02
b   3   11  3   17  99  1.70294E-01  1.97879E+00 -2.07430E+01  2.00293E+02  2.00000E+01  1.00800E-02  1.00800E-02
b   3   12  3   17  99  3.32313E-01  1.25344E+00  1.65867E+00 -5.27848E-01  2.14852E+00  1.85400E-02  1.85400E-02
b   3   13  3   17  99  2.97665E-01  1.38421E+00  1.46051E+00 -5.13041E-01  2.19734E+00  3.62100E-02  3.62100E-02
b   3   14  3   17  99  2.92026E-01  1.15303E+00  2.10079E+00 -1.02090E+00  2.98659E+00  8.27600E-02  8.27600E-02
b   3   15  3   17  99  2.72271E-01  7.53278E-01  2.48773E+00 -1.41385E+00  3.54186E+00  2.59300E-01  2.59300E-01
b   3   16  3   17  99  2.24115E-01  2.73062E-01  2.13965E+00 -2.90904E-01  4.09195E+00  1.79900E+00  1.79900E+00
b   3    1  3   18  99  4.38563E-01  1.43884E-01 -2.74774E+00  2.01812E+01  3.76054E+00  2.49400E-03  2.49400E-03
b   3    9  3   18  99  4.13558E-01 -5.61162E-02 -2.45302E+00  2.03943E+01  3.82029E+00  6.31400E-01  6.31400E-01
b   3   10  3   18  99  1.40315E-01  1.85364E+00 -2.17206E+01  7.48727E+01  2.00000E+01  7.25800E-03  7.25800E-03
b   3   11  3   18  99  1.73328E-01  2.02765E+00 -2.07372E+01  2.01028E+02  2.00000E+01  6.88600E-03  6.88600E-03
b   3   12  3   18  99  3.37386E-01  1.36920E+00  1.66328E+00 -5.40607E-01  2.14321E+00  1.18800E-02  1.18800E-02
b   3   13  3   18  99  3.05421E-01  1.59490E+00  1.46067E+00 -5.46157E-01  2.15755E+00  2.09600E-02  2.09600E-02
b   3   14  3   18  99  3.04838E-01  1.47544E+00  2.14688E+00 -1.06375E+00  2.99476E+00  4.03500E-02  4.03500E-02
b   3   15  3   18  99  2.93707E-01  1.19640E+00  2.60950E+00 -1.42302E+00  3.61283E+00  9.14100E-02  9.14100E-02
b   3   16  3   18  99  2.62491E-01  8.07825E-01  2.48734E+00 -3.51695E-01  4.28932E+00  2.86000E-01  2.86000E-01
b   3   17  3   18  99  4.64856E-01  6.61941E-01  4.33325E+00 -6.57527E-01  4.08002E+00  9.23800E-01  9.23800E-01
f   3    1  2    1  99  1.00000E+00  9.12400E+00
p   3    1  2    1  98  1.19440E+00 -2.70850E+00 -2.43220E-02 -4.28480E-03  1.00000E+00  3.00800E+02  3.12800E+02  6.01500E+03
f   3    2  2    1  99  1.00000E+00  9.03200E+00
p   3    2  2    1  99  1.00000E+00  9.03200E+00
f   3    3  2    1  99  1.00000E+00  9.00920E+00
p   3    3  2    1  99  1.00000E+00  9.00920E+00
f   3    4  2    1  99  1.00000E+00  9.00600E+00
p   3    4  2    1  99  1.00000E+00  9.00600E+00
f   3    5  2    1  99  1.00000E+00  9.00600E+00
p   3    5  2    1  99  1.00000E+00  9.00600E+00
f   3    6  2    1  99  1.00000E+00  9.00200E+00
p   3    6  2    1  99  1.00000E+00  9.00200E+00
f   3    7  2    1  99  1.00000E+00  9.00020E+00
p   3    7  2    1  99  1.00000E+00  9.00020E+00
f   3    8  2    1  99  1.00000E+00  9.00020E+00
p   3    8  2    1  99  1.00000E+00  9.00020E+00
f   3    9  2    1  99  1.00000E+00  9.00020E+00
p   3    9  2    1  99  1.00000E+00  9.00020E+00
f   3    1  2    2  99  2.00000E+00  9.12400E+00
p   3    1  2    2  98  2.00100E+00 -2.52270E+00 -1.84790E-01  1.73010E-02  2.00000E+00  1.37800E+03  1.43300E+03  2.75600E+04
f   3   10  2    2  99  2.00000E+00  9.76010E+00
p   3   10  2    2  98  1.19440E+00 -2.70850E+00 -2.43220E-02 -4.28480E-03  1.00000E+00  3.00800E+02  3.12800E+02  6.01500E+03
f   3   11  2    2  99  1.00000E+00  9.11200E+00
p   3   11  2    2  99  1.00000E+00  9.11200E+00
f   3   12  2    2  99  1.00000E+00  9.03240E+00
p   3   12  2    2  99  1.00000E+00  9.03240E+00
f   3   13  2    2  99  1.00000E+00  9.00510E+00
p   3   13  2    2  99  1.00000E+00  9.00510E+00
f   3   14  2    2  99  1.00000E+00  9.01500E+00
p   3   14  2    2  99  1.00000E+00  9.01500E+00
f   3   15  2    2  99  1.00000E+00  9.01100E+00
p   3   15  2    2  99  1.00000E+00  9.01100E+00
f   3   16  2    2  99  1.00000E+00  9.00110E+00
p   3   16  2    2  99  1.00000E+00  9.00110E+00
f   3   17  2    2  99  1.00000E+00  9.00110E+00
p   3   17  2    2  99  1.00000E+00  9.00110E+00
f   3   18  2    2  99  1.00000E+00  9.00020E+00
p   3   18  2    2  99  1.00000E+00  9.00020E+00
f   3    2  2    3  99  2.00000E+00  9.03200E+00
p   3    2  2    3  98  2.00100E+00 -2.52270E+00 -1.84790E-01  1.73010E-02  2.00000E+00  1.37800E+03  1.43300E+03  2.75600E+04
f   3   11  2    3  99  1.00000E+00  9.11200E+00
p   3   11  2    3  98  1.19440E+00 -2.70850E+00 -2.43220E-02 -4.28480E-03  1.00000E+00  3.00800E+02  3.12800E+02  6.01500E+03
f   3    3  2    4  99  2.00000E+00  9.00920E+00
p   3    3  2    4  98  2.00100E+00 -2.52270E+00 -1.84790E-01  1.73010E-02  2.00000E+00  1.37800E+03  1.43300E+03  2.75600E+04
f   3   12  2    4  99  1.00000E+00  9.03240E+00
p   3   12  2    4  98  1.19440E+00 -2.70850E+00 -2.43220E-02 -4.28480E-03  1.00000E+00  3.00800E+02  3.12800E+02  6.01500E+03
f   3    4  2    5  99  2.00000E+00  9.00600E+00
p   3    4  2    5  98  2.00100E+00 -2.52270E+00 -1.84790E-01  1.73010E-02  2.00000E+00  1.37800E+03  1.43300E+03  2.75600E+04
f   3   13  2    5  99  1.00000E+00  9.00510E+00
p   3   13  2    5  98  1.19440E+00 -2.70850E+00 -2.43220E-02 -4.28480E-03  1.00000E+00  3.00800E+02  3.12800E+02  6.01500E+03
f   3    5  2    6  99  2.00000E+00  9.00600E+00
p   3    5  2    6  98  2.00100E+00 -2.52270E+00 -1.84790E-01  1.73010E-02  2.00000E+00  1.37800E+03  1.43300E+03  2.75600E+04
f   3   14  2    6  99  1.00000E+00  9.01500E+00
p   3   14  2    6  98  1.19440E+00 -2.70850E+00 -2.43220E-02 -4.28480E-03  1.00000E+00  3.00800E+02  3.12800E+02  6.01500E+03
f   3    6  2    7  99  2.00000E+00  9.00200E+00
p   3    6  2    7  98  2.00100E+00 -2.52270E+00 -1.84790E-01  1.73010E-02  2.00000E+00  1.37800E+03  1.43300E+03  2.75600E+04
f   3   15  2    7  99  1.00000E+00  9.01100E+00
p   3   15  2    7  98  1.19440E+00 -2.70850E+00 -2.43220E-02 -4.28480E-03  1.00000E+00  3.00800E+02  3.12800E+02  6.01500E+03
f   3    7  2    8  99  2.00000E+00  9.00020E+00
p   3    7  2    8  98  2.00100E+00 -2.52270E+00 -1.84790E-01  1.73010E-02  2.00000E+00  1.37800E+03  1.43300E+03  2.75600E+04
f   3   16  2    8  99  1.00000E+00  9.00110E+00
p   3   16  2    8  98  1.19440E+00 -2.70850E+00 -2.43220E-02 -4.28480E-03  1.00000E+00  3.00800E+02  3.12800E+02  6.01500E+03
f   3    8  2    9  99  2.00000E+00  9.00020E+00
p   3    8  2    9  98  2.00100E+00 -2.52270E+00 -1.84790E-01  1.73010E-02  2.00000E+00  1.37800E+03  1.43300E+03  2.75600E+04
f   3   17  2    9  99  1.00000E+00  9.00110E+00
p   3   17  2    9  98  1.19440E+00 -2.70850E+00 -2.43220E-02 -4.28480E-03  1.00000E+00  3.00800E+02  3.12800E+02  6.01500E+03
f   3    9  2   10  99  2.00000E+00  9.00020E+00
p   3    9  2   10  98  2.00100E+00 -2.52270E+00 -1.84790E-01  1.73010E-02  2.00000E+00  1.37800E+03  1.43300E+03  2.75600E+04
f   3   18  2   10  99  1.00000E+00  9.00020E+00
p   3   18  2   10  98  1.19440E+00 -2.70850E+00 -2.43220E-02 -4.28480E-03  1.00000E+00  3.00800E+02  3.12800E+02  6.01500E+03
f   3   10  2   11  99  1.00000E+00  9.76010E+00
p   3   10  2   11  98  2.00100E+00 -2.52270E+00 -1.84790E-01  1.73010E-02  2.00000E+00  1.37800E+03  1.43300E+03  2.75600E+04
f   3   11  2   12  99  1.00000E+00  9.11200E+00
p   3   11  2   12  98  2.00100E+00 -2.52270E+00 -1.84790E-01  1.73010E-02  2.00000E+00  1.37800E+03  1.43300E+03  2.75600E+04
f   3   12  2   13  99  1.00000E+00  9.03240E+00
p   3   12  2   13  98  2.00100E+00 -2.52270E+00 -1.84790E-01  1.73010E-02  2.00000E+00  1.37800E+03  1.43300E+03  2.75600E+04
f   3   13  2   14  99  1.00000E+00  9.00510E+00
p   3   13  2   14  98  2.00100E+00 -2.52270E+00 -1.84790E-01  1.73010E-02  2.00000E+00  1.37800E+03  1.43300E+03  2.75600E+04
f   3   14  2   15  99  1.00000E+00  9.01500E+00
p   3   14  2   15  98  2.00100E+00 -2.52270E+00 -1.84790E-01  1.73010E-02  2.00000E+00  1.37800E+03  1.43300E+03  2.75600E+04
f   3   15  2   16  99  1.00000E+00  9.01100E+00
p   3   15  2   16  98  2.00100E+00 -2.52270E+00 -1.84790E-01  1.73010E-02  2.00000E+00  1.37800E+03  1.43300E+03  2.75600E+04
f   3   16  2   17  99  1.00000E+00  9.00110E+00
p   3   16  2   17  98  2.00100E+00 -2.52270E+00 -1.84790E-01  1.73010E-02  2.00000E+00  1.37800E+03  1.43300E+03  2.75600E+04
f   3   17  2   18  99  1.00000E+00  9.00110E+00
p   3   17  2   18  98  2.00100E+00 -2.52270E+00 -1.84790E-01  1.73010E-02  2.00000E+00  1.37800E+03  1.43300E+03  2.75600E+04
f   3   18  2   19  99  1.00000E+00  9.00020E+00
p   3   18  2   19  98  2.00100E+00 -2.52270E+00 -1.84790E-01  1.73010E-02  2.00000E+00  1.37800E+03  1.43300E+03  2.75600E+04
a   3   10  2    1   3.67690E+13
a   3   11  2    1   3.81185E+12
a   3   12  2    1   8.85100E+11
a   3   13  2    1   2.87545E+11
a   3   14  2    1   1.15215E+11
a   3   15  2    1   5.33050E+10
a   3   16  2    1   2.73410E+10
a   3   17  2    1   1.51725E+10
a   3   18  2    1   8.95900E+09
b   4    1  4    2  99  1.01016E-01  1.15578E+00 -2.25566E+01  1.68428E+02  2.00000E+01  1.00760E+00  1.00760E+00
b   4    1  4    3  99  1.18669E-01  1.37279E+00 -2.38418E+01  1.73963E+02  2.00000E+01  2.20400E-01  2.20400E-01
b   4    2  4    3  99  2.61915E-01  7.33998E-02  1.56416E+00 -5.84242E-01  2.09074E+00  7.79100E-01  7.79100E-01
b   4    1  4    4  99  1.44104E-01  1.42198E+00 -2.80821E+01  2.72987E+02  2.00000E+01  8.70000E-02  8.70000E-02
b   4    2  4    4  99  3.08854E-01  3.29709E-01  1.69731E+00 -4.89281E-01  2.11325E+00  1.50700E-01  1.50700E-01
b   4    3  4    4  99  2.53370E-01  1.04408E-01  2.04553E+00 -1.04975E+00  2.78960E+00  9.98700E-01  9.98700E-01
b   4    1  4    5  99  1.54931E-01  1.71352E+00 -2.96875E+01  2.45461E+02  2.00000E+01  3.90000E-02  3.90000E-02
b   4    2  4    5  99  1.87006E-01  1.58924E+00 -2.21149E+01  2.66338E+02  2.00000E+01  5.24500E-02  5.24500E-02
b   4    3  4    5  99  2.89521E-01  6.27186E-01  1.53380E+00 -5.36581E-01  2.12876E+00  1.71000E-01  1.71000E-01
b   4    4  4    5  99  2.64656E-01  1.26212E-01  2.60292E+00 -1.48717E+00  3.39026E+00  1.16400E+00  1.16400E+00
b   4    1  4    6  99  1.52896E-01  1.74534E+00 -2.85919E+01  2.22073E+02  2.00000E+01  2.27800E-02  2.27800E-02
b   4    2  4    6  99  1.86955E-01  1.75189E+00 -2.20994E+01  2.50739E+02  2.00000E+01  2.65600E-02  2.65600E-02
b   4    3  4    6  99  3.10274E-01  8.92022E-01  1.66565E+00 -6.72599E-01  2.16809E+00  6.40800E-02  6.40800E-02
b   4    4  4    6  99  2.86123E-01  6.66141E-01  2.17981E+00 -1.06845E+00  2.95319E+00  2.00400E-01  2.00400E-01
b   4    5  4    6  99  2.45964E-01  1.95377E-01  2.48499E+00 -4.91799E-01  4.08147E+00  1.38000E+00  1.38000E+00
b   4    1  4    7  99  1.52895E-01  1.76199E+00 -2.80321E+01  2.11801E+02  2.00000E+01  1.45500E-02  1.45500E-02
b   4    2  4    7  99  1.89693E-01  1.84841E+00 -2.21702E+01  2.47283E+02  2.00000E+01  1.55800E-02  1.55800E-02
b   4    3  4    7  99  3.21359E-01  1.08277E+00  1.69032E+00 -6.42861E-01  2.19305E+00  3.20900E-02  3.20900E-02
b   4    4  4    7  99  3.04706E-01  1.01599E+00  2.23888E+00 -1.08469E+00  2.96462E+00  7.33300E-02  7.33300E-02
b   4    5  4    7  99  2.80003E-01  7.06946E-01  2.59065E+00 -1.48822E+00  3.53272E+00  2.29500E-01  2.29500E-01
b   4    6  4    7  99  2.28754E-01  2.69318E-01  2.16904E+00 -2.64485E-01  4.07307E+00  1.58200E+00  1.58200E+00
b   4    1  4    8  99  1.52591E-01  1.77347E+00 -2.75255E+01  2.02181E+02  2.00000E+01  9.89000E-03  9.89000E-03
b   4    2  4    8  99  1.88954E-01  1.92476E+00 -2.20699E+01  2.38445E+02  2.00000E+01  1.00300E-02  1.00300E-02
b   4    3  4    8  99  3.27739E-01  1.22374E+00  1.67672E+00 -6.27284E-01  2.15980E+00  1.87800E-02  1.87800E-02
b   4    4  4    8  99  3.16354E-01  1.27368E+00  2.25564E+00 -1.05288E+00  2.95411E+00  3.63200E-02  3.63200E-02
b   4    5  4    8  99  2.99457E-01  1.10700E+00  2.68398E+00 -1.48965E+00  3.57346E+00  8.24400E-02  8.24400E-02
b   4    6  4    8  99  2.64731E-01  7.96520E-01  2.39424E+00 -1.34055E+00  3.59026E+00  2.56700E-01  2.56700E-01
b   4    7  4    8  99  2.18683E-01  3.11442E-01  2.04349E+00 -2.97696E-01  4.08597E+00  1.77900E+00  1.77900E+00
b   4    1  4    9  99  1.53201E-01  1.78014E+00 -2.73058E+01  1.99117E+02  2.00000E+01  7.03400E-03  7.03400E-03
b   4    2  4    9  99  1.89736E-01  1.97615E+00 -2.20427E+01  2.34929E+02  2.00000E+01  6.87100E-03  6.87100E-03
b   4    3  4    9  99  3.32258E-01  1.32886E+00  1.66900E+00 -5.93181E-01  2.16140E+00  1.20900E-02  1.20900E-02
b   4    4  4    9  99  3.24773E-01  1.46582E+00  2.29081E+00 -1.04953E+00  2.98190E+00  2.11400E-02  2.11400E-02
b   4    5  4    9  99  2.93540E-01  1.50487E+00  1.98445E+00 -9.54689E-01  2.93441E+00  4.04200E-02  4.04200E-02
b   4    6  4    9  99  2.84276E-01  1.23997E+00  2.46975E+00 -1.37444E+00  3.58781E+00  9.09400E-02  9.09400E-02
b   4    7  4    9  99  2.55274E-01  8.51633E-01  2.37621E+00 -2.74521E-01  4.33046E+00  2.83600E-01  2.83600E-01
b   4    8  4    9  99  3.99784E-01  6.53778E-01  3.60263E+00 -5.84694E-01  4.03412E+00  1.04000E+00  1.04000E+00
b   4    1  4   10  98  0.00000E+00  0.00000E+00  0.00000E+00  0.00000E+00  0.00000E+00  3.18757E-03  6.37513E-05
b   4    2  4   10  99  1.01016E-01  1.15578E+00 -2.25566E+01  1.68428E+02  2.00000E+01  4.75811E-01  4.75811E-01
b   4    1  4   11  98  0.00000E+00  0.00000E+00  0.00000E+00  0.00000E+00  0.00000E+00  4.79882E-03  9.59765E-05
b   4    2  4   11  99  1.18669E-01  1.37279E+00 -2.38418E+01  1.73963E+02  2.00000E+01  1.10200E-01  1.10200E-01
b   4    3  4   11  99  1.01016E-01  1.15578E+00 -2.25566E+01  1.68428E+02  2.00000E+01  5.03800E-01  5.03800E-01
b   4   10  4   11  99  2.61915E-01  7.33998E-02  1.56416E+00 -5.84242E-01  2.09074E+00  1.55820E+00  1.55820E+00
b   4    1  4   12  98  0.00000E+00  0.00000E+00  0.00000E+00  0.00000E+00  0.00000E+00  6.80178E-03  1.36036E-04
b   4    2  4   12  99  1.44104E-01  1.42198E+00 -2.80821E+01  2.72987E+02  2.00000E+01  4.35000E-02  4.35000E-02
b   4    4  4   12  99  1.01016E-01  1.15578E+00 -2.25566E+01  1.68428E+02  2.00000E+01  5.03800E-01  5.03800E-01
b   4   10  4   12  99  3.08854E-01  3.29709E-01  1.69731E+00 -4.89281E-01  2.11325E+00  3.01400E-01  3.01400E-01
b   4   11  4   12  99  2.53370E-01  1.04408E-01  2.04553E+00 -1.04975E+00  2.78960E+00  9.98700E-01  9.98700E-01
b   4    1  4   13  98  0.00000E+00  0.00000E+00  0.00000E+00  0.00000E+00  0.00000E+00  9.30927E-03  1.86185E-04
b   4    2  4   13  99  1.54931E-01  1.71352E+00 -2.96875E+01  2.45461E+02  2.00000E+01  1.95000E-02  1.95000E-02
b   4    5  4   13  99  1.01016E-01  1.15578E+00 -2.25566E+01  1.68428E+02  2.00000E+01  5.03800E-01  5.03800E-01
b   4   10  4   13  99  1.87006E-01  1.58924E+00 -2.21149E+01  2.66338E+02  2.00000E+01  1.04900E-01  1.04900E-01
b   4   11  4   13  99  2.89521E-01  6.27186E-01  1.53380E+00 -5.36581E-01  2.12876E+00  1.71000E-01  1.71000E-01
b   4   12  4   13  99  2.64656E-01  1.26212E-01  2.60292E+00 -1.48717E+00  3.39026E+00  1.16400E+00  1.16400E+00
b   4    1  4   14  98  0.00000E+00  0.00000E+00  0.00000E+00  0.00000E+00  0.00000E+00  1.22874E-02  2.45749E-04
b   4    2  4   14  99  1.52896E-01  1.74534E+00 -2.85919E+01  2.22073E+02  2.00000E+01  1.13900E-02  1.13900E-02
b   4    6  4   14  99  1.01016E-01  1.15578E+00 -2.25566E+01  1.68428E+02  2.00000E+01  5.03800E-01  5.03800E-01
b   4   10  4   14  99  1.86955E-01  1.75189E+00 -2.20994E+01  2.50739E+02  2.00000E+01  5.31200E-02  5.31200E-02
b   4   11  4   14  99  3.10274E-01  8.92022E-01  1.66565E+00 -6.72599E-01  2.16809E+00  6.40800E-02  6.40800E-02
b   4   12  4   14  99  2.86123E-01  6.66141E-01  2.17981E+00 -1.06845E+00  2.95319E+00  2.00400E-01  2.00400E-01
b   4   13  4   14  99  2.45964E-01  1.95377E-01  2.48499E+00 -4.91799E-01  4.08147E+00  1.38000E+00  1.38000E+00
b   4    1  4   15  98  0.00000E+00  0.00000E+00  0.00000E+00  0.00000E+00  0.00000E+00  1.57324E-02  3.14647E-04
b   4    2  4   15  99  1.52895E-01  1.76199E+00 -2.80321E+01  2.11801E+02  2.00000E+01  7.27500E-03  7.27500E-03
b   4    7  4   15  99  1.01016E-01  1.15578E+00 -2.25566E+01  1.68428E+02  2.00000E+01  5.03800E-01  5.03800E-01
b   4   10  4   15  99  1.89693E-01  1.84841E+00 -2.21702E+01  2.47283E+02  2.00000E+01  3.11600E-02  3.11600E-02
b   4   11  4   15  99  3.21359E-01  1.08277E+00  1.69032E+00 -6.42861E-01  2.19305E+00  3.20900E-02  3.20900E-02
b   4   12  4   15  99  3.04706E-01  1.01599E+00  2.23888E+00 -1.08469E+00  2.96462E+00  7.33300E-02  7.33300E-02
b   4   13  4   15  99  2.80003E-01  7.06946E-01  2.59065E+00 -1.48822E+00  3.53272E+00  2.29500E-01  2.29500E-01
b   4   14  4   15  99  2.28754E-01  2.69318E-01  2.16904E+00 -2.64485E-01  4.07307E+00  1.58200E+00  1.58200E+00
b   4    1  4   16  98  0.00000E+00  0.00000E+00  0.00000E+00  0.00000E+00  0.00000E+00  1.96491E-02  3.92982E-04
b   4    2  4   16  99  1.52591E-01  1.77347E+00 -2.75255E+01  2.02181E+02  2.00000E+01  4.94500E-03  4.94500E-03
b   4    8  4   16  99  1.01016E-01  1.15578E+00 -2.25566E+01  1.68428E+02  2.00000E+01  5.03800E-01  5.03800E-01
b   4   10  4   16  99  1.88954E-01  1.92476E+00 -2.20699E+01  2.38445E+02  2.00000E+01  2.00600E-02  2.00600E-02
b   4   11  4   16  99  3.27739E-01  1.22374E+00  1.67672E+00 -6.27284E-01  2.15980E+00  1.87800E-02  1.87800E-02
b   4   12  4   16  99  3.16354E-01  1.27368E+00  2.25564E+00 -1.05288E+00  2.95411E+00  3.63200E-02  3.63200E-02
b   4   13  4   16  99  2.99457E-01  1.10700E+00  2.68398E+00 -1.48965E+00  3.57346E+00  8.24400E-02  8.24400E-02
b   4   14  4   16  99  2.64731E-01  7.96520E-01  2.39424E+00 -1.34055E+00  3.59026E+00  2.56700E-01  2.56700E-01
b   4   15  4   16  99  2.18683E-01  3.11442E-01  2.04349E+00 -2.97696E-01  4.08597E+00  1.77900E+00  1.77900E+00
b   4    1  4   17  98  0.00000E+00  0.00000E+00  0.00000E+00  0.00000E+00  0.00000E+00  2.40320E-02  4.80640E-04
b   4    2  4   17  99  1.53201E-01  1.78014E+00 -2.73058E+01  1.99117E+02  2.00000E+01  3.51700E-03  3.51700E-03
b   4    9  4   17  99  1.01016E-01  1.15578E+00 -2.25566E+01  1.68428E+02  2.00000E+01  5.03800E-01  5.03800E-01
b   4   10  4   17  99  1.89736E-01  1.97615E+00 -2.20427E+01  2.34929E+02  2.00000E+01  1.37420E-02  1.37420E-02
b   4   11  4   17  99  3.32258E-01  1.32886E+00  1.66900E+00 -5.93181E-01  2.16140E+00  1.20900E-02  1.20900E-02
b   4   12  4   17  99  3.24773E-01  1.46582E+00  2.29081E+00 -1.04953E+00  2.98190E+00  2.11400E-02  2.11400E-02
b   4   13  4   17  99  2.93540E-01  1.50487E+00  1.98445E+00 -9.54689E-01  2.93441E+00  4.04200E-02  4.04200E-02
b   4   14  4   17  99  2.84276E-01  1.23997E+00  2.46975E+00 -1.37444E+00  3.58781E+00  9.09400E-02  9.09400E-02
b   4   15  4   17  99  2.55274E-01  8.51633E-01  2.37621E+00 -2.74521E-01  4.33046E+00  2.83600E-01  2.83600E-01
b   4   16  4   17  99  3.99784E-01  6.53778E-01  3.60263E+00 -5.84694E-01  4.03412E+00  1.04000E+00  1.04000E+00
b   4    1  4   18  99  4.20846E-01 -5.73685E-02 -2.51703E+00  2.08830E+01  3.82650E+00  4.40700E-01  4.40700E-01
b   4    1  4   19  99  3.95396E-01  5.57049E-02 -2.43570E+00  1.87489E+01  3.78467E+00  1.13840E-01  1.13840E-01
b   4    2  4   19  99  4.20846E-01 -5.73685E-02 -2.51703E+00  2.08830E+01  3.82650E+00  5.14150E-01  5.14150E-01
b   4   18  4   19  99  1.01016E-01  1.15578E+00 -2.25566E+01  1.68428E+02  2.00000E+01  1.51140E+00  1.51140E+00
b   4    1  4   20  99  3.96265E-01  8.29204E-02 -2.41598E+00  1.84674E+01  3.77644E+00  4.26200E-02  4.26200E-02
b   4    3  4   20  99  4.20846E-01 -5.73685E-02 -2.51703E+00  2.08830E+01  3.82650E+00  5.14150E-01  5.14150E-01
b   4   18  4   20  99  1.18669E-01  1.37279E+00 -2.38418E+01  1.73963E+02  2.00000E+01  3.30600E-01  3.30600E-01
b   4   19  4   20  99  2.61915E-01  7.33998E-02  1.56416E+00 -5.84242E-01  2.09074E+00  7.79100E-01  7.79100E-01
b   4    1  4   21  99  3.89874E-01  1.01392E-01 -2.39972E+00  1.80376E+01  3.76697E+00  2.06800E-02  2.06800E-02
b   4    4  4   21  99  4.20846E-01 -5.73685E-02 -2.51703E+00  2.08830E+01  3.82650E+00  5.14150E-01  5.14150E-01
b   4   18  4   21  99  1.44104E-01  1.42198E+00 -2.80821E+01  2.72987E+02  2.00000E+01  1.30500E-01  1.30500E-01
b   4   19  4   21  99  3.08854E-01  3.29709E-01  1.69731E+00 -4.89281E-01  2.11325E+00  1.50700E-01  1.50700E-01
b   4   20  4   21  99  2.53370E-01  1.04408E-01  2.04553E+00 -1.04975E+00  2.78960E+00  9.98700E-01  9.98700E-01
b   4    1  4   22  99  4.51651E-01  1.07945E-01 -2.81476E+00  2.10835E+01  3.77038E+00  1.04080E-02  1.04080E-02
b   4    5  4   22  99  4.20846E-01 -5.73685E-02 -2.51703E+00  2.08830E+01  3.82650E+00  5.14150E-01  5.14150E-01
b   4   18  4   22  99  1.54931E-01  1.71352E+00 -2.96875E+01  2.45461E+02  2.00000E+01  5.85000E-02  5.85000E-02
b   4   19  4   22  99  1.87006E-01  1.58924E+00 -2.21149E+01  2.66338E+02  2.00000E+01  5.24500E-02  5.24500E-02
b   4   20  4   22  99  2.89521E-01  6.27186E-01  1.53380E+00 -5.36581E-01  2.12876E+00  1.71000E-01  1.71000E-01
b   4   21  4   22  99  2.64656E-01  1.26212E-01  2.60292E+00 -1.48717E+00  3.39026E+00  1.16400E+00  1.16400E+00
b   4    1  4   23  99  4.47166E-01  1.14008E-01 -2.79073E+00  2.08021E+01  3.76707E+00  6.43400E-03  6.43400E-03
b   4    6  4   23  99  4.20846E-01 -5.73685E-02 -2.51703E+00  2.08830E+01  3.82650E+00  5.14150E-01  5.14150E-01
b   4   18  4   23  99  1.52896E-01  1.74534E+00 -2.85919E+01  2.22073E+02  2.00000E+01  3.41700E-02  3.41700E-02
b   4   19  4   23  99  1.86955E-01  1.75189E+00 -2.20994E+01  2.50739E+02  2.00000E+01  2.65600E-02  2.65600E-02
b   4   20  4   23  99  3.10274E-01  8.92022E-01  1.66565E+00 -6.72599E-01  2.16809E+00  6.40800E-02  6.40800E-02
b   4   21  4   23  99  2.86123E-01  6.66141E-01  2.17981E+00 -1.06845E+00  2.95319E+00  2.00400E-01  2.00400E-01
b   4   22  4   23  99  2.45964E-01  1.95377E-01  2.48499E+00 -4.91799E-01  4.08147E+00  1.38000E+00  1.38000E+00
b   4    1  4   24  99  4.43298E-01  1.20823E-01 -2.79129E+00  2.06347E+01  3.76608E+00  4.25600E-03  4.25600E-03
b   4    7  4   24  99  4.20846E-01 -5.73685E-02 -2.51703E+00  2.08830E+01  3.82650E+00  5.14150E-01  5.14150E-01
b   4   18  4   24  99  1.52895E-01  1.76199E+00 -2.80321E+01  2.11801E+02  2.00000E+01  2.18250E-02  2.18250E-02
b   4   19  4   24  99  1.89693E-01  1.84841E+00 -2.21702E+01  2.47283E+02  2.00000E+01  1.55800E-02  1.55800E-02
b   4   20  4   24  99  3.21359E-01  1.08277E+00  1.69032E+00 -6.42861E-01  2.19305E+00  3.20900E-02  3.20900E-02
b   4   21  4   24  99  3.04706E-01  1.01599E+00  2.23888E+00 -1.08469E+00  2.96462E+00  7.33300E-02  7.33300E-02
b   4   22  4   24  99  2.80003E-01  7.06946E-01  2.59065E+00 -1.48822E+00  3.53272E+00  2.29500E-01  2.29500E-01
b   4   23  4   24  99  2.28754E-01  2.69318E-01  2.16904E+00 -2.64485E-01  4.07307E+00  1.58200E+00  1.58200E+00
b   4    1  4   25  99  4.43386E-01  1.18309E-01 -2.79579E+00  2.07528E+01  3.77469E+00  2.96000E-03  2.96000E-03
b   4    8  4   25  99  4.20846E-01 -5.73685E-02 -2.51703E+00  2.08830E+01  3.82650E+00  5.14150E-01  5.14150E-01
b   4   18  4   25  99  1.52591E-01  1.77347E+00 -2.75255E+01  2.02181E+02  2.00000E+01  1.48350E-02  1.48350E-02
b   4   19  4   25  99  1.88954E-01  1.92476E+00 -2.20699E+01  2.38445E+02  2.00000E+01  1.00300E-02  1.00300E-02
b   4   20  4   25  99  3.27739E-01  1.22374E+00  1.67672E+00 -6.27284E-01  2.15980E+00  1.87800E-02  1.87800E-02
b   4   21  4   25  99  3.16354E-01  1.27368E+00  2.25564E+00 -1.05288E+00  2.95411E+00  3.63200E-02  3.63200E-02
b   4   22  4   25  99  2.99457E-01  1.10700E+00  2.68398E+00 -1.48965E+00  3.57346E+00  8.24400E-02  8.24400E-02
b   4   23  4   25  99  2.64731E-01  7.96520E-01  2.39424E+00 -1.34055E+00  3.59026E+00  2.56700E-01  2.56700E-01
b   4   24  4   25  99  2.18683E-01  3.11442E-01  2.04349E+00 -2.97696E-01  4.08597E+00  1.77900E+00  1.77900E+00
b   4    1  4   26  99  4.40949E-01  1.22121E-01 -2.78778E+00  2.06045E+01  3.77207E+00  2.14000E-03  2.14000E-03
b   4    9  4   26  99  4.20846E-01 -5.73685E-02 -2.51703E+00  2.08830E+01  3.82650E+00  5.14150E-01  5.14150E-01
b   4   18  4   26  99  1.53201E-01  1.78014E+00 -2.73058E+01  1.99117E+02  2.00000E+01  1.05510E-02  1.05510E-02
b   4   19  4   26  99  1.89736E-01  1.97615E+00 -2.20427E+01  2.34929E+02  2.00000E+01  6.87100E-03  6.87100E-03
b   4   20  4   26  99  3.32258E-01  1.32886E+00  1.66900E+00 -5.93181E-01  2.16140E+00  1.20900E-02  1.20900E-02
b   4   21  4   26  99  3.24773E-01  1.46582E+00  2.29081E+00 -1.04953E+00  2.98190E+00  2.11400E-02  2.11400E-02
b   4   22  4   26  99  2.93540E-01  1.50487E+00  1.98445E+00 -9.54689E-01  2.93441E+00  4.04200E-02  4.04200E-02
b   4   23  4   26  99  2.84276E-01  1.23997E+00  2.46975E+00 -1.37444E+00  3.58781E+00  9.09400E-02  9.09400E-02
b   4   24  4   26  99  2.55274E-01  8.51633E-01  2.37621E+00 -2.74521E-01  4.33046E+00  2.83600E-01  2.83600E-01
b   4   25  4   26  99  3.99784E-01  6.53778E-01  3.60263E+00 -5.84694E-01  4.03412E+00  1.04000E+00  1.04000E+00
f   4    1  3    1  99  2.00000E+00  8.82210E+00
p   4    1  3    1  98  1.29370E+00 -2.60480E+00 -5.25320E-02 -2.16780E-03  2.00000E+00  2.57200E+02  2.67500E+02  5.14400E+03
f   4    2  3    1  99  1.00000E+00  8.12800E+00
p   4    2  3    1  99  1.00000E+00  8.12800E+00
f   4    3  3    1  99  1.00000E+00  8.03700E+00
p   4    3  3    1  99  1.00000E+00  8.03700E+00
f   4    4  3    1  99  1.00000E+00  8.00810E+00
p   4    4  3    1  99  1.00000E+00  8.00810E+00
f   4    5  3    1  99  1.00000E+00  8.01800E+00
p   4    5  3    1  99  1.00000E+00  8.01800E+00
f   4    6  3    1  99  1.00000E+00  8.01200E+00
p   4    6  3    1  99  1.00000E+00  8.01200E+00
f   4    7  3    1  99  1.00000E+00  8.00120E+00
p   4    7  3    1  99  1.00000E+00  8.00120E+00
f   4    8  3    1  99  1.00000E+00  8.00120E+00
p   4    8  3    1  99  1.00000E+00  8.00120E+00
f   4    9  3    1  99  1.00000E+00  8.00030E+00
p   4    9  3    1  99  1.00000E+00  8.00030E+00
f   4    2  3    2  99  1.00000E+00  8.12800E+00
p   4    2  3    2  98  1.29370E+00 -2.60480E+00 -5.25320E-02 -2.16780E-03  2.00000E+00  2.57200E+02  2.67500E+02  5.14400E+03
f   4   10  3    2  99  2.00000E+00  8.69200E+00
p   4   10  3    2  99  2.00000E+00  8.69200E+00
f   4   11  3    2  99  1.00000E+00  8.09370E+00
p   4   11  3    2  99  1.00000E+00  8.09370E+00
f   4   12  3    2  99  1.00000E+00  8.02640E+00
p   4   12  3    2  99  1.00000E+00  8.02640E+00
f   4   13  3    2  99  1.00000E+00  8.02400E+00
p   4   13  3    2  99  1.00000E+00  8.02400E+00
f   4   14  3    2  99  1.00000E+00  8.01600E+00
p   4   14  3    2  99  1.00000E+00  8.01600E+00
f   4   15  3    2  99  1.00000E+00  8.01020E+00
p   4   15  3    2  99  1.00000E+00  8.01020E+00
f   4   16  3    2  99  1.00000E+00  8.00820E+00
p   4   16  3    2  99  1.00000E+00  8.00820E+00
f   4   17  3    2  99  1.00000E+00  8.00030E+00
p   4   17  3    2  99  1.00000E+00  8.00030E+00
f   4    3  3    3  99  1.00000E+00  8.03700E+00
p   4    3  3    3  98  1.29370E+00 -2.60480E+00 -5.25320E-02 -2.16780E-03  2.00000E+00  2.57200E+02  2.67500E+02  5.14400E+03
f   4   11  3    3  99  1.00000E+00  8.09370E+00
p   4   11  3    3  99  1.00000E+00  8.09370E+00
f   4    4  3    4  99  1.00000E+00  8.00810E+00
p   4    4  3    4  98  1.29370E+00 -2.60480E+00 -5.25320E-02 -2.16780E-03  2.00000E+00  2.57200E+02  2.67500E+02  5.14400E+03
f   4   12  3    4  99  1.00000E+00  8.02640E+00
p   4   12  3    4  99  1.00000E+00  8.02640E+00
f   4    5  3    5  99  1.00000E+00  8.01800E+00
p   4    5  3    5  98  1.29370E+00 -2.60480E+00 -5.25320E-02 -2.16780E-03  2.00000E+00  2.57200E+02  2.67500E+02  5.14400E+03
f   4   13  3    5  99  1.00000E+00  8.02400E+00
p   4   13  3    5  99  1.00000E+00  8.02400E+00
f   4    6  3    6  99  1.00000E+00  8.01200E+00
p   4    6  3    6  98  1.29370E+00 -2.60480E+00 -5.25320E-02 -2.16780E-03  2.00000E+00  2.57200E+02  2.67500E+02  5.14400E+03
f   4   14  3    6  99  1.00000E+00  8.01600E+00
p   4   14  3    6  99  1.00000E+00  8.01600E+00
f   4    7  3    7  99  1.00000E+00  8.00120E+00
p   4    7  3    7  98  1.29370E+00 -2.60480E+00 -5.25320E-02 -2.16780E-03  2.00000E+00  2.57200E+02  2.67500E+02  5.14400E+03
f   4   15  3    7  99  1.00000E+00  8.01020E+00
p   4   15  3    7  99  1.00000E+00  8.01020E+00
f   4    8  3    8  99  1.00000E+00  8.00120E+00
p   4    8  3    8  98  1.29370E+00 -2.60480E+00 -5.25320E-02 -2.16780E-03  2.00000E+00  2.57200E+02  2.67500E+02  5.14400E+03
f   4   16  3    8  99  1.00000E+00  8.00820E+00
p   4   16  3    8  99  1.00000E+00  8.00820E+00
f   4    9  3    9  99  1.00000E+00  8.00030E+00
p   4    9  3    9  98  1.29370E+00 -2.60480E+00 -5.25320E-02 -2.16780E-03  2.00000E+00  2.57200E+02  2.67500E+02  5.14400E+03
f   4   17  3    9  99  1.00000E+00  8.00030E+00
p   4   17  3    9  99  1.00000E+00  8.00030E+00
f   4    1  3   10  99  2.00000E+00  8.82210E+00
p   4    1  3   10  98  2.06020E+00 -2.52440E+00 -1.72430E-01  1.43260E-02  2.00000E+00  1.32400E+03  1.37700E+03  2.64700E+04
f   4   18  3   10  99  3.00000E+00  9.45820E+00
p   4   18  3   10  98  1.29370E+00 -2.60480E+00 -5.25320E-02 -2.16780E-03  2.00000E+00  2.57200E+02  2.67500E+02  5.14400E+03
f   4   19  3   10  99  1.00000E+00  8.20800E+00
p   4   19  3   10  99  1.00000E+00  8.20800E+00
f   4   20  3   10  99  1.00000E+00  8.06020E+00
p   4   20  3   10  99  1.00000E+00  8.06020E+00
f   4   21  3   10  99  1.00000E+00  8.00720E+00
p   4   21  3   10  99  1.00000E+00  8.00720E+00
f   4   22  3   10  99  1.00000E+00  8.02700E+00
p   4   22  3   10  99  1.00000E+00  8.02700E+00
f   4   23  3   10  99  1.00000E+00  8.02100E+00
p   4   23  3   10  99  1.00000E+00  8.02100E+00
f   4   24  3   10  99  1.00000E+00  8.00210E+00
p   4   24  3   10  99  1.00000E+00  8.00210E+00
f   4   25  3   10  99  1.00000E+00  8.00210E+00
p   4   25  3   10  99  1.00000E+00  8.00210E+00
f   4   26  3   10  99  1.00000E+00  8.00030E+00
p   4   26  3   10  99  1.00000E+00  8.00030E+00
f   4    2  3   11  99  2.00000E+00  8.12800E+00
p   4    2  3   11  98  2.06020E+00 -2.52440E+00 -1.72430E-01  1.43260E-02  2.00000E+00  1.32400E+03  1.37700E+03  2.64700E+04
f   4   19  3   11  99  2.00000E+00  8.20800E+00
p   4   19  3   11  98  1.29370E+00 -2.60480E+00 -5.25320E-02 -2.16780E-03  2.00000E+00  2.57200E+02  2.67500E+02  5.14400E+03
f   4    3  3   12  99  2.00000E+00  8.03700E+00
p   4    3  3   12  98  2.06020E+00 -2.52440E+00 -1.72430E-01  1.43260E-02  2.00000E+00  1.32400E+03  1.37700E+03  2.64700E+04
f   4   20  3   12  99  2.00000E+00  8.06020E+00
p   4   20  3   12  98  1.29370E+00 -2.60480E+00 -5.25320E-02 -2.16780E-03  2.00000E+00  2.57200E+02  2.67500E+02  5.14400E+03
f   4    4  3   13  99  2.00000E+00  8.00810E+00
p   4    4  3   13  98  2.06020E+00 -2.52440E+00 -1.72430E-01  1.43260E-02  2.00000E+00  1.32400E+03  1.37700E+03  2.64700E+04
f   4   21  3   13  99  2.00000E+00  8.00720E+00
p   4   21  3   13  98  1.29370E+00 -2.60480E+00 -5.25320E-02 -2.16780E-03  2.00000E+00  2.57200E+02  2.67500E+02  5.14400E+03
f   4    5  3   14  99  2.00000E+00  8.01800E+00
p   4    5  3   14  98  2.06020E+00 -2.52440E+00 -1.72430E-01  1.43260E-02  2.00000E+00  1.32400E+03  1.37700E+03  2.64700E+04
f   4   22  3   14  99  2.00000E+00  8.02700E+00
p   4   22  3   14  98  1.29370E+00 -2.60480E+00 -5.25320E-02 -2.16780E-03  2.00000E+00  2.57200E+02  2.67500E+02  5.14400E+03
f   4    6  3   15  99  2.00000E+00  8.01200E+00
p   4    6  3   15  98  2.06020E+00 -2.52440E+00 -1.72430E-01  1.43260E-02  2.00000E+00  1.32400E+03  1.37700E+03  2.64700E+04
f   4   23  3   15  99  2.00000E+00  8.02100E+00
p   4   23  3   15  98  1.29370E+00 -2.60480E+00 -5.25320E-02 -2.16780E-03  2.00000E+00  2.57200E+02  2.67500E+02  5.14400E+03
f   4    7  3   16  99  2.00000E+00  8.00120E+00
p   4    7  3   16  98  2.06020E+00 -2.52440E+00 -1.72430E-01  1.43260E-02  2.00000E+00  1.32400E+03  1.37700E+03  2.64700E+04
f   4   24  3   16  99  2.00000E+00  8.00210E+00
p   4   24  3   16  98  1.29370E+00 -2.60480E+00 -5.25320E-02 -2.16780E-03  2.00000E+00  2.57200E+02  2.67500E+02  5.14400E+03
f   4    8  3   17  99  2.00000E+00  8.00120E+00
p   4    8  3   17  98  2.06020E+00 -2.52440E+00 -1.72430E-01  1.43260E-02  2.00000E+00  1.32400E+03  1.37700E+03  2.64700E+04
f   4   25  3   17  99  2.00000E+00  8.00210E+00
p   4   25  3   17  98  1.29370E+00 -2.60480E+00 -5.25320E-02 -2.16780E-03  2.00000E+00  2.57200E+02  2.67500E+02  5.14400E+03
f   4    9  3   18  99  2.00000E+00  8.00030E+00
p   4    9  3   18  98  2.06020E+00 -2.52440E+00 -1.72430E-01  1.43260E-02  2.00000E+00  1.32400E+03  1.37700E+03  2.64700E+04
f   4   26  3   18  99  2.00000E+00  8.00030E+00
p   4   26  3   18  98  1.29370E+00 -2.60480E+00 -5.25320E-02 -2.16780E-03  2.00000E+00  2.57200E+02  2.67500E+02  5.14400E+03
a   4   10  3    1   2.17476E+14
a   4   11  3    1   4.40100E+13
a   4   12  3    1   1.43610E+13
a   4   13  3    1   5.81970E+12
a   4   14  3    1   2.69262E+12
a   4   15  3    1   1.38105E+12
a   4   16  3    1   7.66380E+11
a   4   17  3    1   4.52550E+11
a   4   18  3    1   9.86520E+13
a   4   19  3    1   6.07390E+12
a   4   20  3    1   1.37510E+12
a   4   21  3    1   4.44480E+11
a   4   22  3    1   1.76910E+11
a   4   23  3    1   8.18500E+10
a   4   24  3    1   4.19810E+10
a   4   25  3    1   2.32970E+10
a   4   26  3    1   1.37560E+10
a   4   19  3    2   3.28840E+13
a   4   20  3    3   3.28840E+13
a   4   21  3    4   3.28840E+13
a   4   22  3    5   3.28840E+13
a   4   23  3    6   3.28840E+13
a   4   24  3    7   3.28840E+13
a   4   25  3    8   3.28840E+13
a   4   26  3    9   3.28840E+13
b   5    1  5    2  99  1.23911E-01  1.18858E+00 -2.57476E+01  2.37240E+02  2.00000E+01  1.25820E+00  1.25820E+00
b   5    1  5    3  99  1.19763E-01  1.35578E+00 -2.38593E+01  1.77728E+02  2.00000E+01  3.09600E-01  3.09600E-01
b   5    2  5    3  99  2.41022E-01  1.29051E-01  1.38611E+00 -5.08724E-01  2.08281E+00  7.35900E-01  7.35900E-01
b   5    1  5    4  99  1.18728E-01  1.37221E+00 -2.25050E+01  1.61212E+02  2.00000E+01  1.26990E-01  1.26990E-01
b   5    2  5    4  99  2.92141E-01  3.38494E-01  1.63596E+00 -5.61064E-01  2.12529E+00  1.49700E-01  1.49700E-01
b   5    3  5    4  99  2.38357E-01  1.56527E-01  1.86659E+00 -9.30835E-01  2.79772E+00  9.69600E-01  9.69600E-01
b   5    1  5    5  99  1.43164E-01  1.64489E+00 -2.77290E+01  2.11202E+02  2.00000E+01  5.71800E-02  5.71800E-02
b   5    2  5    5  99  3.77100E-01  5.53204E-01  2.00872E+00 -6.03873E-01  2.09056E+00  5.14100E-02  5.14100E-02
b   5    3  5    5  99  3.08491E-01  5.47848E-01  2.36505E+00 -1.15545E+00  2.88128E+00  1.66600E-01  1.66600E-01
b   5    4  5    5  99  2.54179E-01  1.85615E-01  2.42786E+00 -1.38031E+00  3.39451E+00  1.13600E+00  1.13600E+00
b   5    1  5    6  99  1.67235E-01  1.64690E+00 -3.27494E+01  3.24147E+02  2.00000E+01  3.37200E-02  3.37200E-02
b   5    2  5    6  99  1.80553E-01  1.75344E+00 -2.11861E+01  2.27145E+02  2.00000E+01  2.63500E-02  2.63500E-02
b   5    3  5    6  99  2.96833E-01  9.43463E-01  1.51061E+00 -5.49056E-01  2.15277E+00  6.32400E-02  6.32400E-02
b   5    4  5    6  99  2.93099E-01  6.42412E-01  2.74220E+00 -1.53113E+00  3.52662E+00  1.96600E-01  1.96600E-01
b   5    5  5    6  99  2.36554E-01  2.52923E-01  2.28371E+00 -3.50822E-01  4.07557E+00  1.36200E+00  1.36200E+00
b   5    1  5    7  99  1.64897E-01  1.66064E+00 -3.19242E+01  3.06923E+02  2.00000E+01  2.16480E-02  2.16480E-02
b   5    2  5    7  99  1.84697E-01  1.83827E+00 -2.17178E+01  2.34647E+02  2.00000E+01  1.55700E-02  1.55700E-02
b   5    3  5    7  99  3.07475E-01  1.12177E+00  1.54719E+00 -5.86009E-01  2.13892E+00  3.19200E-02  3.19200E-02
b   5    4  5    7  99  2.94208E-01  1.06833E+00  2.12782E+00 -1.01017E+00  2.99426E+00  7.23600E-02  7.23600E-02
b   5    5  5    7  99  2.69853E-01  7.65713E-01  2.43700E+00 -1.39812E+00  3.54531E+00  2.26600E-01  2.26600E-01
b   5    6  5    7  99  2.22632E-01  3.12796E-01  2.06721E+00 -2.74167E-01  4.07627E+00  1.56900E+00  1.56900E+00
b   5    1  5    8  99  1.63588E-01  1.66784E+00 -3.13726E+01  2.96373E+02  2.00000E+01  1.47630E-02  1.47630E-02
b   5    2  5    8  99  1.95040E-01  1.86144E+00 -2.18752E+01  2.50474E+02  2.00000E+01  1.00600E-02  1.00600E-02
b   5    3  5    8  99  3.15451E-01  1.24320E+00  1.60915E+00 -6.00778E-01  2.19296E+00  1.87700E-02  1.87700E-02
b   5    4  5    8  99  3.05270E-01  1.31915E+00  2.17234E+00 -1.09755E+00  2.97275E+00  3.59900E-02  3.59900E-02
b   5    5  5    8  99  2.88114E-01  1.16808E+00  2.50337E+00 -1.39241E+00  3.55398E+00  8.15800E-02  8.15800E-02
b   5    6  5    8  99  2.58365E-01  8.38367E-01  2.40163E+00 -3.23982E-01  4.29817E+00  2.54300E-01  2.54300E-01
b   5    7  5    8  99  2.12661E-01  3.55362E-01  1.92025E+00 -2.82980E-01  4.05721E+00  1.77000E+00  1.77000E+00
b   5    1  5    9  99  1.64813E-01  1.66955E+00 -3.12676E+01  2.96371E+02  2.00000E+01  1.05270E-02  1.05270E-02
b   5    2  5    9  99  1.95452E-01  1.90756E+00 -2.17953E+01  2.46128E+02  2.00000E+01  6.91400E-03  6.91400E-03
b   5    3  5    9  99  3.19602E-01  1.34141E+00  1.60599E+00 -6.06182E-01  2.16793E+00  1.21300E-02  1.21300E-02
b   5    4  5    9  99  3.12416E-01  1.51089E+00  2.14987E+00 -1.01640E+00  2.94092E+00  2.10200E-02  2.10200E-02
b   5    5  5    9  99  3.00556E-01  1.47308E+00  2.57449E+00 -1.40340E+00  3.59121E+00  4.00900E-02  4.00900E-02
b   5    6  5    9  99  2.77886E-01  1.27938E+00  2.51421E+00 -2.89184E-01  4.35582E+00  9.01600E-02  9.01600E-02
b   5    7  5    9  99  2.46386E-01  9.08288E-01  2.15939E+00 -1.32543E-01  4.27525E+00  2.81600E-01  2.81600E-01
b   5    8  5    9  99  3.63660E-01  6.79173E-01  3.15171E+00 -4.55651E-01  4.00726E+00  1.11200E+00  1.11200E+00
b   5    1  5   10  98  0.00000E+00  0.00000E+00  0.00000E+00  0.00000E+00  0.00000E+00  1.07861E-02  2.15722E-04
b   5    2  5   10  99  1.23911E-01  1.18858E+00 -2.57476E+01  2.37240E+02  2.00000E+01  7.92200E-01  7.92200E-01
b   5    1  5   11  98  0.00000E+00  0.00000E+00  0.00000E+00  0.00000E+00  0.00000E+00  1.65301E-02  3.30602E-04
b   5    2  5   11  99  1.19763E-01  1.35578E+00 -2.38593E+01  1.77728E+02  2.00000E+01  2.06400E-01  2.06400E-01
b   5    3  5   11  99  1.23911E-01  1.18858E+00 -2.57476E+01  2.37240E+02  2.00000E+01  8.38800E-01  8.38800E-01
b   5   10  5   11  99  2.41022E-01  1.29051E-01  1.38611E+00 -5.08724E-01  2.08281E+00  1.47180E+00  1.47180E+00
b   5    1  5   12  98  0.00000E+00  0.00000E+00  0.00000E+00  0.00000E+00  0.00000E+00  2.36154E-02  4.72308E-04
b   5    2  5   12  99  1.18728E-01  1.37221E+00 -2.25050E+01  1.61212E+02  2.00000E+01  8.46600E-02  8.46600E-02
b   5    4  5   12  99  1.23911E-01  1.18858E+00 -2.57476E+01  2.37240E+02  2.00000E+01  8.38800E-01  8.38800E-01
b   5   10  5   12  99  2.92141E-01  3.38494E-01  1.63596E+00 -5.61064E-01  2.12529E+00  2.99400E-01  2.99400E-01
b   5   11  5   12  99  2.38357E-01  1.56527E-01  1.86659E+00 -9.30835E-01  2.79772E+00  9.69600E-01  9.69600E-01
b   5    1  5   13  98  0.00000E+00  0.00000E+00  0.00000E+00  0.00000E+00  0.00000E+00  3.24964E-02  6.49928E-04
b   5    2  5   13  99  1.43164E-01  1.64489E+00 -2.77290E+01  2.11202E+02  2.00000E+01  3.81200E-02  3.81200E-02
b   5    5  5   13  99  1.23911E-01  1.18858E+00 -2.57476E+01  2.37240E+02  2.00000E+01  8.38800E-01  8.38800E-01
b   5   10  5   13  99  3.77100E-01  5.53204E-01  2.00872E+00 -6.03873E-01  2.09056E+00  1.02820E-01  1.02820E-01
b   5   11  5   13  99  3.08491E-01  5.47848E-01  2.36505E+00 -1.15545E+00  2.88128E+00  1.66600E-01  1.66600E-01
b   5   12  5   13  99  2.54179E-01  1.85615E-01  2.42786E+00 -1.38031E+00  3.39451E+00  1.13600E+00  1.13600E+00
b   5    1  5   14  98  0.00000E+00  0.00000E+00  0.00000E+00  0.00000E+00  0.00000E+00  4.30157E-02  8.60313E-04
b   5    2  5   14  99  1.67235E-01  1.64690E+00 -3.27494E+01  3.24147E+02  2.00000E+01  2.24800E-02  2.24800E-02
b   5    6  5   14  99  1.23911E-01  1.18858E+00 -2.57476E+01  2.37240E+02  2.00000E+01  8.38800E-01  8.38800E-01
b   5   10  5   14  99  1.80553E-01  1.75344E+00 -2.11861E+01  2.27145E+02  2.00000E+01  5.27000E-02  5.27000E-02
b   5   11  5   14  99  2.96833E-01  9.43463E-01  1.51061E+00 -5.49056E-01  2.15277E+00  6.32400E-02  6.32400E-02
b   5   12  5   14  99  2.93099E-01  6.42412E-01  2.74220E+00 -1.53113E+00  3.52662E+00  1.96600E-01  1.96600E-01
b   5   13  5   14  99  2.36554E-01  2.52923E-01  2.28371E+00 -3.50822E-01  4.07557E+00  1.36200E+00  1.36200E+00
b   5    1  5   15  98  0.00000E+00  0.00000E+00  0.00000E+00  0.00000E+00  0.00000E+00  5.51706E-02  1.10341E-03
b   5    2  5   15  99  1.64897E-01  1.66064E+00 -3.19242E+01  3.06923E+02  2.00000E+01  1.44320E-02  1.44320E-02
b   5    7  5   15  99  1.23911E-01  1.18858E+00 -2.57476E+01  2.37240E+02  2.00000E+01  8.38800E-01  8.38800E-01
b   5   10  5   15  99  1.84697E-01  1.83827E+00 -2.17178E+01  2.34647E+02  2.00000E+01  3.11400E-02  3.11400E-02
b   5   11  5   15  99  3.07475E-01  1.12177E+00  1.54719E+00 -5.86009E-01  2.13892E+00  3.19200E-02  3.19200E-02
b   5   12  5   15  99  2.94208E-01  1.06833E+00  2.12782E+00 -1.01017E+00  2.99426E+00  7.23600E-02  7.23600E-02
b   5   13  5   15  99  2.69853E-01  7.65713E-01  2.43700E+00 -1.39812E+00  3.54531E+00  2.26600E-01  2.26600E-01
b   5   14  5   15  99  2.22632E-01  3.12796E-01  2.06721E+00 -2.74167E-01  4.07627E+00  1.56900E+00  1.56900E+00
b   5    1  5   16  98  0.00000E+00  0.00000E+00  0.00000E+00  0.00000E+00  0.00000E+00  6.89944E-02  1.37989E-03
b   5    2  5   16  99  1.63588E-01  1.66784E+00 -3.13726E+01  2.96373E+02  2.00000E+01  9.84200E-03  9.84200E-03
b   5    8  5   16  99  1.23911E-01  1.18858E+00 -2.57476E+01  2.37240E+02  2.00000E+01  8.38800E-01  8.38800E-01
b   5   10  5   16  99  1.95040E-01  1.86144E+00 -2.18752E+01  2.50474E+02  2.00000E+01  2.01200E-02  2.01200E-02
b   5   11  5   16  99  3.15451E-01  1.24320E+00  1.60915E+00 -6.00778E-01  2.19296E+00  1.87700E-02  1.87700E-02
b   5   12  5   16  99  3.05270E-01  1.31915E+00  2.17234E+00 -1.09755E+00  2.97275E+00  3.59900E-02  3.59900E-02
b   5   13  5   16  99  2.88114E-01  1.16808E+00  2.50337E+00 -1.39241E+00  3.55398E+00  8.15800E-02  8.15800E-02
b   5   14  5   16  99  2.58365E-01  8.38367E-01  2.40163E+00 -3.23982E-01  4.29817E+00  2.54300E-01  2.54300E-01
b   5   15  5   16  99  2.12661E-01  3.55362E-01  1.92025E+00 -2.82980E-01  4.05721E+00  1.77000E+00  1.77000E+00
b   5    1  5   17  98  0.00000E+00  0.00000E+00  0.00000E+00  0.00000E+00  0.00000E+00  8.44593E-02  1.68919E-03
b   5    2  5   17  99  1.64813E-01  1.66955E+00 -3.12676E+01  2.96371E+02  2.00000E+01  7.01800E-03  7.01800E-03
b   5    9  5   17  99  1.23911E-01  1.18858E+00 -2.57476E+01  2.37240E+02  2.00000E+01  8.38800E-01  8.38800E-01
b   5   10  5   17  99  1.95452E-01  1.90756E+00 -2.17953E+01  2.46128E+02  2.00000E+01  1.38280E-02  1.38280E-02
b   5   11  5   17  99  3.19602E-01  1.34141E+00  1.60599E+00 -6.06182E-01  2.16793E+00  1.21300E-02  1.21300E-02
b   5   12  5   17  99  3.12416E-01  1.51089E+00  2.14987E+00 -1.01640E+00  2.94092E+00  2.10200E-02  2.10200E-02
b   5   13  5   17  99  3.00556E-01  1.47308E+00  2.57449E+00 -1.40340E+00  3.59121E+00  4.00900E-02  4.00900E-02
b   5   14  5   17  99  2.77886E-01  1.27938E+00  2.51421E+00 -2.89184E-01  4.35582E+00  9.01600E-02  9.01600E-02
b   5   15  5   17  99  2.46386E-01  9.08288E-01  2.15939E+00 -1.32543E-01  4.27525E+00  2.81600E-01  2.81600E-01
b   5   16  5   17  99  3.63660E-01  6.79173E-01  3.15171E+00 -4.55651E-01  4.00726E+00  1.11200E+00  1.11200E+00
b   5    1  5   18  99  4.27927E-01 -6.41708E-02 -2.53269E+00  2.11585E+01  3.82104E+00  3.38500E-01  3.38500E-01
b   5    1  5   19  99  4.01430E-01  3.11422E-02 -2.41304E+00  1.90827E+01  3.79157E+00  9.83600E-02  9.83600E-02
b   5    2  5   19  99  4.27927E-01 -6.41708E-02 -2.53269E+00  2.11585E+01  3.82104E+00  4.06200E-01  4.06200E-01
b   5   18  5   19  99  1.23911E-01  1.18858E+00 -2.57476E+01  2.37240E+02  2.00000E+01  1.67760E+00  1.67760E+00
b   5    1  5   20  99  3.99223E-01  6.32022E-02 -2.42811E+00  1.87373E+01  3.77747E+00  3.66400E-02  3.66400E-02
b   5    3  5   20  99  4.27927E-01 -6.41708E-02 -2.53269E+00  2.11585E+01  3.82104E+00  4.06200E-01  4.06200E-01
b   5   18  5   20  99  1.19763E-01  1.35578E+00 -2.38593E+01  1.77728E+02  2.00000E+01  4.12800E-01  4.12800E-01
b   5   19  5   20  99  2.41022E-01  1.29051E-01  1.38611E+00 -5.08724E-01  2.08281E+00  7.35900E-01  7.35900E-01
b   5    1  5   21  99  3.94148E-01  7.18799E-02 -2.38060E+00  1.83437E+01  3.77278E+00  1.77220E-02  1.77220E-02
b   5    4  5   21  99  4.27927E-01 -6.41708E-02 -2.53269E+00  2.11585E+01  3.82104E+00  4.06200E-01  4.06200E-01
b   5   18  5   21  99  1.18728E-01  1.37221E+00 -2.25050E+01  1.61212E+02  2.00000E+01  1.69320E-01  1.69320E-01
b   5   19  5   21  99  2.92141E-01  3.38494E-01  1.63596E+00 -5.61064E-01  2.12529E+00  1.49700E-01  1.49700E-01
b   5   20  5   21  99  2.38357E-01  1.56527E-01  1.86659E+00 -9.30835E-01  2.79772E+00  9.69600E-01  9.69600E-01
b   5    1  5   22  99  4.55860E-01  7.19156E-02 -2.79736E+00  2.14860E+01  3.78080E+00  8.88400E-03  8.88400E-03
b   5    5  5   22  99  4.27927E-01 -6.41708E-02 -2.53269E+00  2.11585E+01  3.82104E+00  4.06200E-01  4.06200E-01
b   5   18  5   22  99  1.43164E-01  1.64489E+00 -2.77290E+01  2.11202E+02  2.00000E+01  7.62400E-02  7.62400E-02
b   5   19  5   22  99  3.77100E-01  5.53204E-01  2.00872E+00 -6.03873E-01  2.09056E+00  5.14100E-02  5.14100E-02
b   5   20  5   22  99  3.08491E-01  5.47848E-01  2.36505E+00 -1.15545E+00  2.88128E+00  1.66600E-01  1.66600E-01
b   5   21  5   22  99  2.54179E-01  1.85615E-01  2.42786E+00 -1.38031E+00  3.39451E+00  1.13600E+00  1.13600E+00
b   5    1  5   23  99  4.49338E-01  7.92217E-02 -2.75315E+00  2.10105E+01  3.77090E+00  5.48400E-03  5.48400E-03
b   5    6  5   23  99  4.27927E-01 -6.41708E-02 -2.53269E+00  2.11585E+01  3.82104E+00  4.06200E-01  4.06200E-01
b   5   18  5   23  99  1.67235E-01  1.64690E+00 -3.27494E+01  3.24147E+02  2.00000E+01  4.49600E-02  4.49600E-02
b   5   19  5   23  99  1.80553E-01  1.75344E+00 -2.11861E+01  2.27145E+02  2.00000E+01  2.63500E-02  2.63500E-02
b   5   20  5   23  99  2.96833E-01  9.43463E-01  1.51061E+00 -5.49056E-01  2.15277E+00  6.32400E-02  6.32400E-02
b   5   21  5   23  99  2.93099E-01  6.42412E-01  2.74220E+00 -1.53113E+00  3.52662E+00  1.96600E-01  1.96600E-01
b   5   22  5   23  99  2.36554E-01  2.52923E-01  2.28371E+00 -3.50822E-01  4.07557E+00  1.36200E+00  1.36200E+00
b   5    1  5   24  99  4.47846E-01  7.86789E-02 -2.75577E+00  2.10364E+01  3.77609E+00  3.62200E-03  3.62200E-03
b   5    7  5   24  99  4.27927E-01 -6.41708E-02 -2.53269E+00  2.11585E+01  3.82104E+00  4.06200E-01  4.06200E-01
b   5   18  5   24  99  1.64897E-01  1.66064E+00 -3.19242E+01  3.06923E+02  2.00000E+01  2.88640E-02  2.88640E-02
b   5   19  5   24  99  1.84697E-01  1.83827E+00 -2.17178E+01  2.34647E+02  2.00000E+01  1.55700E-02  1.55700E-02
b   5   20  5   24  99  3.07475E-01  1.12177E+00  1.54719E+00 -5.86009E-01  2.13892E+00  3.19200E-02  3.19200E-02
b   5   21  5   24  99  2.94208E-01  1.06833E+00  2.12782E+00 -1.01017E+00  2.99426E+00  7.23600E-02  7.23600E-02
b   5   22  5   24  99  2.69853E-01  7.65713E-01  2.43700E+00 -1.39812E+00  3.54531E+00  2.26600E-01  2.26600E-01
b   5   23  5   24  99  2.22632E-01  3.12796E-01  2.06721E+00 -2.74167E-01  4.07627E+00  1.56900E+00  1.56900E+00
b   5    1  5   25  99  4.42932E-01  8.68898E-02 -2.74783E+00  2.07574E+01  3.77084E+00  2.51600E-03  2.51600E-03
b   5    8  5   25  99  4.27927E-01 -6.41708E-02 -2.53269E+00  2.11585E+01  3.82104E+00  4.06200E-01  4.06200E-01
b   5   18  5   25  99  1.63588E-01  1.66784E+00 -3.13726E+01  2.96373E+02  2.00000E+01  1.96840E-02  1.96840E-02
b   5   19  5   25  99  1.95040E-01  1.86144E+00 -2.18752E+01  2.50474E+02  2.00000E+01  1.00600E-02  1.00600E-02
b   5   20  5   25  99  3.15451E-01  1.24320E+00  1.60915E+00 -6.00778E-01  2.19296E+00  1.87700E-02  1.87700E-02
b   5   21  5   25  99  3.05270E-01  1.31915E+00  2.17234E+00 -1.09755E+00  2.97275E+00  3.59900E-02  3.59900E-02
b   5   22  5   25  99  2.88114E-01  1.16808E+00  2.50337E+00 -1.39241E+00  3.55398E+00  8.15800E-02  8.15800E-02
b   5   23  5   25  99  2.58365E-01  8.38367E-01  2.40163E+00 -3.23982E-01  4.29817E+00  2.54300E-01  2.54300E-01
b   5   24  5   25  99  2.12661E-01  3.55362E-01  1.92025E+00 -2.82980E-01  4.05721E+00  1.77000E+00  1.77000E+00
b   5    1  5   26  99  4.45697E-01  7.59669E-02 -2.72591E+00  2.09365E+01  3.78021E+00  1.81600E-03  1.81600E-03
b   5    9  5   26  99  4.27927E-01 -6.41708E-02 -2.53269E+00  2.11585E+01  3.82104E+00  4.06200E-01  4.06200E-01
b   5   18  5   26  99  1.64813E-01  1.66955E+00 -3.12676E+01  2.96371E+02  2.00000E+01  1.40360E-02  1.40360E-02
b   5   19  5   26  99  1.95452E-01  1.90756E+00 -2.17953E+01  2.46128E+02  2.00000E+01  6.91400E-03  6.91400E-03
b   5   20  5   26  99  3.19602E-01  1.34141E+00  1.60599E+00 -6.06182E-01  2.16793E+00  1.21300E-02  1.21300E-02
b   5   21  5   26  99  3.12416E-01  1.51089E+00  2.14987E+00 -1.01640E+00  2.94092E+00  2.10200E-02  2.10200E-02
b   5   22  5   26  99  3.00556E-01  1.47308E+00  2.57449E+00 -1.40340E+00  3.59121E+00  4.00900E-02  4.00900E-02
b   5   23  5   26  99  2.77886E-01  1.27938E+00  2.51421E+00 -2.89184E-01  4.35582E+00  9.01600E-02  9.01600E-02
b   5   24  5   26  99  2.46386E-01  9.08288E-01  2.15939E+00 -1.32543E-01  4.27525E+00  2.81600E-01  2.81600E-01
b   5   25  5   26  99  3.63660E-01  6.79173E-01  3.15171E+00 -4.55651E-01  4.00726E+00  1.11200E+00  1.11200E+00
f   5    1  4    1  99  3.00000E+00  8.52020E+00
p   5    1  4    1  98  1.42040E+00 -2.49020E+00 -1.13120E-01  9.73400E-03  3.00000E+00  2.20500E+02  2.29300E+02  4.41000E+03
f   5    2  4    1  99  1.00000E+00  7.22400E+00
p   5    2  4    1  99  1.00000E+00  7.22400E+00
f   5    3  4    1  99  1.00000E+00  7.06480E+00
p   5    3  4    1  99  1.00000E+00  7.06480E+00
f   5    4  4    1  99  1.00000E+00  7.01020E+00
p   5    4  4    1  99  1.00000E+00  7.01020E+00
f   5    5  4    1  99  1.00000E+00  7.03000E+00
p   5    5  4    1  99  1.00000E+00  7.03000E+00
f   5    6  4    1  99  1.00000E+00  7.02200E+00
p   5    6  4    1  99  1.00000E+00  7.02200E+00
f   5    7  4    1  99  1.00000E+00  7.00220E+00
p   5    7  4    1  99  1.00000E+00  7.00220E+00
f   5    8  4    1  99  1.00000E+00  7.00220E+00
p   5    8  4    1  99  1.00000E+00  7.00220E+00
f   5    9  4    1  99  1.00000E+00  7.00040E+00
p   5    9  4    1  99  1.00000E+00  7.00040E+00
f   5    2  4    2  99  2.00000E+00  7.22400E+00
p   5    2  4    2  98  1.42040E+00 -2.49020E+00 -1.13120E-01  9.73400E-03  3.00000E+00  2.20500E+02  2.29300E+02  4.41000E+03
f   5   10  4    2  99  2.00000E+00  7.78800E+00
p   5   10  4    2  99  2.00000E+00  7.78800E+00
f   5   11  4    2  99  1.00000E+00  7.12150E+00
p   5   11  4    2  99  1.00000E+00  7.12150E+00
f   5   12  4    2  99  1.00000E+00  7.02850E+00
p   5   12  4    2  99  1.00000E+00  7.02850E+00
f   5   13  4    2  99  1.00000E+00  7.03600E+00
p   5   13  4    2  99  1.00000E+00  7.03600E+00
f   5   14  4    2  99  1.00000E+00  7.02600E+00
p   5   14  4    2  99  1.00000E+00  7.02600E+00
f   5   15  4    2  99  1.00000E+00  7.01120E+00
p   5   15  4    2  99  1.00000E+00  7.01120E+00
f   5   16  4    2  99  1.00000E+00  7.00920E+00
p   5   16  4    2  99  1.00000E+00  7.00920E+00
f   5   17  4    2  99  1.00000E+00  7.00040E+00
p   5   17  4    2  99  1.00000E+00  7.00040E+00
f   5    3  4    3  99  2.00000E+00  7.06480E+00
p   5    3  4    3  98  1.42040E+00 -2.49020E+00 -1.13120E-01  9.73400E-03  3.00000E+00  2.20500E+02  2.29300E+02  4.41000E+03
f   5   11  4    3  99  1.00000E+00  7.12150E+00
p   5   11  4    3  99  1.00000E+00  7.12150E+00
f   5    4  4    4  99  2.00000E+00  7.01020E+00
p   5    4  4    4  98  1.42040E+00 -2.49020E+00 -1.13120E-01  9.73400E-03  3.00000E+00  2.20500E+02  2.29300E+02  4.41000E+03
f   5   12  4    4  99  1.00000E+00  7.02850E+00
p   5   12  4    4  99  1.00000E+00  7.02850E+00
f   5    5  4    5  99  2.00000E+00  7.03000E+00
p   5    5  4    5  98  1.42040E+00 -2.49020E+00 -1.13120E-01  9.73400E-03  3.00000E+00  2.20500E+02  2.29300E+02  4.41000E+03
f   5   13  4    5  99  1.00000E+00  7.03600E+00
p   5   13  4    5  99  1.00000E+00  7.03600E+00
f   5    6  4    6  99  2.00000E+00  7.02200E+00
p   5    6  4    6  98  1.42040E+00 -2.49020E+00 -1.13120E-01  9.73400E-03  3.00000E+00  2.20500E+02  2.29300E+02  4.41000E+03
f   5   14  4    6  99  1.00000E+00  7.02600E+00
p   5   14  4    6  99  1.00000E+00  7.02600E+00
f   5    7  4    7  99  2.00000E+00  7.00220E+00
p   5    7  4    7  98  1.42040E+00 -2.49020E+00 -1.13120E-01  9.73400E-03  3.00000E+00  2.20500E+02  2.29300E+02  4.41000E+03
f   5   15  4    7  99  1.00000E+00  7.01120E+00
p   5   15  4    7  99  1.00000E+00  7.01120E+00
f   5    8  4    8  99  2.00000E+00  7.00220E+00
p   5    8  4    8  98  1.42040E+00 -2.49020E+00 -1.13120E-01  9.73400E-03  3.00000E+00  2.20500E+02  2.29300E+02  4.41000E+03
f   5   16  4    8  99  1.00000E+00  7.00920E+00
p   5   16  4    8  99  1.00000E+00  7.00920E+00
f   5    9  4    9  99  2.00000E+00  7.00040E+00
p   5    9  4    9  98  1.42040E+00 -2.49020E+00 -1.13120E-01  9.73400E-03  3.00000E+00  2.20500E+02  2.29300E+02  4.41000E+03
f   5   17  4    9  99  1.00000E+00  7.00040E+00
p   5   17  4    9  99  1.00000E+00  7.00040E+00
f   5   10  4   10  99  1.00000E+00  7.78800E+00
p   5   10  4   10  98  1.42040E+00 -2.49020E+00 -1.13120E-01  9.73400E-03  3.00000E+00  2.20500E+02  2.29300E+02  4.41000E+03
f   5   11  4   11  99  1.00000E+00  7.12150E+00
p   5   11  4   11  98  1.42040E+00 -2.49020E+00 -1.13120E-01  9.73400E-03  3.00000E+00  2.20500E+02  2.29300E+02  4.41000E+03
f   5   12  4   12  99  1.00000E+00  7.02850E+00
p   5   12  4   12  98  1.42040E+00 -2.49020E+00 -1.13120E-01  9.73400E-03  3.00000E+00  2.20500E+02  2.29300E+02  4.41000E+03
f   5   13  4   13  99  1.00000E+00  7.03600E+00
p   5   13  4   13  98  1.42040E+00 -2.49020E+00 -1.13120E-01  9.73400E-03  3.00000E+00  2.20500E+02  2.29300E+02  4.41000E+03
f   5   14  4   14  99  1.00000E+00  7.02600E+00
p   5   14  4   14  98  1.42040E+00 -2.49020E+00 -1.13120E-01  9.73400E-03  3.00000E+00  2.20500E+02  2.29300E+02  4.41000E+03
f   5   15  4   15  99  1.00000E+00  7.01120E+00
p   5   15  4   15  98  1.42040E+00 -2.49020E+00 -1.13120E-01  9.73400E-03  3.00000E+00  2.20500E+02  2.29300E+02  4.41000E+03
f   5   16  4   16  99  1.00000E+00  7.00920E+00
p   5   16  4   16  98  1.42040E+00 -2.49020E+00 -1.13120E-01  9.73400E-03  3.00000E+00  2.20500E+02  2.29300E+02  4.41000E+03
f   5   17  4   17  99  1.00000E+00  7.00040E+00
p   5   17  4   17  98  1.42040E+00 -2.49020E+00 -1.13120E-01  9.73400E-03  3.00000E+00  2.20500E+02  2.29300E+02  4.41000E+03
f   5    1  4   18  99  2.00000E+00  8.52020E+00
p   5    1  4   18  98  2.09800E+00 -2.46790E+00 -2.00410E-01  1.90920E-02  2.00000E+00  1.27200E+03  1.32300E+03  2.54500E+04
f   5   18  4   18  99  4.00000E+00  9.15630E+00
p   5   18  4   18  98  1.42040E+00 -2.49020E+00 -1.13120E-01  9.73400E-03  3.00000E+00  2.20500E+02  2.29300E+02  4.41000E+03
f   5   19  4   18  99  1.00000E+00  7.30400E+00
p   5   19  4   18  99  1.00000E+00  7.30400E+00
f   5   20  4   18  99  1.00000E+00  7.08800E+00
p   5   20  4   18  99  1.00000E+00  7.08800E+00
f   5   21  4   18  99  1.00000E+00  7.00930E+00
p   5   21  4   18  99  1.00000E+00  7.00930E+00
f   5   22  4   18  99  1.00000E+00  7.03900E+00
p   5   22  4   18  99  1.00000E+00  7.03900E+00
f   5   23  4   18  99  1.00000E+00  7.03100E+00
p   5   23  4   18  99  1.00000E+00  7.03100E+00
f   5   24  4   18  99  1.00000E+00  7.00310E+00
p   5   24  4   18  99  1.00000E+00  7.00310E+00
f   5   25  4   18  99  1.00000E+00  7.00310E+00
p   5   25  4   18  99  1.00000E+00  7.00310E+00
f   5   26  4   18  99  1.00000E+00  7.00040E+00
p   5   26  4   18  99  1.00000E+00  7.00040E+00
f   5    2  4   19  99  2.00000E+00  7.22400E+00
p   5    2  4   19  98  2.09800E+00 -2.46790E+00 -2.00410E-01  1.90920E-02  2.00000E+00  1.27200E+03  1.32300E+03  2.54500E+04
f   5   19  4   19  99  3.00000E+00  7.30400E+00
p   5   19  4   19  98  1.42040E+00 -2.49020E+00 -1.13120E-01  9.73400E-03  3.00000E+00  2.20500E+02  2.29300E+02  4.41000E+03
f   5    3  4   20  99  2.00000E+00  7.06480E+00
p   5    3  4   20  98  2.09800E+00 -2.46790E+00 -2.00410E-01  1.90920E-02  2.00000E+00  1.27200E+03  1.32300E+03  2.54500E+04
f   5   20  4   20  99  3.00000E+00  7.08800E+00
p   5   20  4   20  98  1.42040E+00 -2.49020E+00 -1.13120E-01  9.73400E-03  3.00000E+00  2.20500E+02  2.29300E+02  4.41000E+03
f   5    4  4   21  99  2.00000E+00  7.01020E+00
p   5    4  4   21  98  2.09800E+00 -2.46790E+00 -2.00410E-01  1.90920E-02  2.00000E+00  1.27200E+03  1.32300E+03  2.54500E+04
f   5   21  4   21  99  3.00000E+00  7.00930E+00
p   5   21  4   21  98  1.42040E+00 -2.49020E+00 -1.13120E-01  9.73400E-03  3.00000E+00  2.20500E+02  2.29300E+02  4.41000E+03
f   5    5  4   22  99  2.00000E+00  7.03000E+00
p   5    5  4   22  98  2.09800E+00 -2.46790E+00 -2.00410E-01  1.90920E-02  2.00000E+00  1.27200E+03  1.32300E+03  2.54500E+04
f   5   22  4   22  99  3.00000E+00  7.03900E+00
p   5   22  4   22  98  1.42040E+00 -2.49020E+00 -1.13120E-01  9.73400E-03  3.00000E+00  2.20500E+02  2.29300E+02  4.41000E+03
f   5    6  4   23  99  2.00000E+00  7.02200E+00
p   5    6  4   23  98  2.09800E+00 -2.46790E+00 -2.00410E-01  1.90920E-02  2.00000E+00  1.27200E+03  1.32300E+03  2.54500E+04
f   5   23  4   23  99  3.00000E+00  7.03100E+00
p   5   23  4   23  98  1.42040E+00 -2.49020E+00 -1.13120E-01  9.73400E-03  3.00000E+00  2.20500E+02  2.29300E+02  4.41000E+03
f   5    7  4   24  99  2.00000E+00  7.00220E+00
p   5    7  4   24  98  2.09800E+00 -2.46790E+00 -2.00410E-01  1.90920E-02  2.00000E+00  1.27200E+03  1.32300E+03  2.54500E+04
f   5   24  4   24  99  3.00000E+00  7.00310E+00
p   5   24  4   24  98  1.42040E+00 -2.49020E+00 -1.13120E-01  9.73400E-03  3.00000E+00  2.20500E+02  2.29300E+02  4.41000E+03
f   5    8  4   25  99  2.00000E+00  7.00220E+00
p   5    8  4   25  98  2.09800E+00 -2.46790E+00 -2.00410E-01  1.90920E-02  2.00000E+00  1.27200E+03  1.32300E+03  2.54500E+04
f   5   25  4   25  99  3.00000E+00  7.00310E+00
p   5   25  4   25  98  1.42040E+00 -2.49020E+00 -1.13120E-01  9.73400E-03  3.00000E+00  2.20500E+02  2.29300E+02  4.41000E+03
f   5    9  4   26  99  2.00000E+00  7.00040E+00
p   5    9  4   26  98  2.09800E+00 -2.46790E+00 -2.00410E-01  1.90920E-02  2.00000E+00  1.27200E+03  1.32300E+03  2.54500E+04
f   5   26  4   26  99  3.00000E+00  7.00040E+00
p   5   26  4   26  98  1.42040E+00 -2.49020E+00 -1.13120E-01  9.73400E-03  3.00000E+00  2.20500E+02  2.29300E+02  4.41000E+03
a   5   10  4    1   1.49378E+14
a   5   11  4    1   2.99066E+13
a   5   12  4    1   9.64845E+12
a   5   13  4    1   3.88841E+12
a   5   14  4    1   1.79896E+12
a   5   15  4    1   9.22714E+11
a   5   16  4    1   5.12032E+11
a   5   17  4    1   3.02348E+11
a   5   18  4    1   1.76154E+14
a   5   19  4    1   7.10625E+12
a   5   20  4    1   1.57995E+12
a   5   21  4    1   5.00250E+11
a   5   22  4    1   1.97010E+11
a   5   23  4    1   9.11490E+10
a   5   24  4    1   4.67505E+10
a   5   25  4    1   2.59440E+10
a   5   26  4    1   1.53195E+10
a   5   19  4    2   8.80770E+13
a   5   20  4    3   8.80770E+13
a   5   21  4    4   8.80770E+13
a   5   22  4    5   8.80770E+13
a   5   23  4    6   8.80770E+13
a   5   24  4    7   8.80770E+13
a   5   25  4    8   8.80770E+13
a   5   26  4    9   8.80770E+13
b   6    1  6    2  99  1.29584E-01  1.13912E+00 -2.46846E+01  2.43385E+02  2.00000E+01  1.40440E+00  1.40440E+00
b   6    1  6    3  99  1.15325E-01  1.28767E+00 -2.20094E+01  1.60135E+02  2.00000E+01  3.86040E-01  3.86040E-01
b   6    2  6    3  99  2.47240E-01  7.62003E-02  1.94708E+00 -9.16962E-01  2.73991E+00  6.94600E-01  6.94600E-01
b   6    1  6    4  99  1.14949E-01  1.28457E+00 -2.14339E+01  1.59163E+02  2.00000E+01  1.64400E-01  1.64400E-01
b   6    2  6    4  99  2.73630E-01  3.86844E-01  1.49579E+00 -5.40860E-01  2.11975E+00  1.45000E-01  1.45000E-01
b   6    3  6    4  99  2.40690E-01  1.37175E-01  2.30638E+00 -1.29713E+00  3.37106E+00  9.47200E-01  9.47200E-01
b   6    1  6    5  99  1.38776E-01  1.58500E+00 -2.63805E+01  1.93112E+02  2.00000E+01  7.26800E-02  7.26800E-02
b   6    2  6    5  99  3.73899E-01  6.00446E-01  2.02786E+00 -7.17346E-01  2.11141E+00  4.91000E-02  4.91000E-02
b   6    3  6    5  99  2.95494E-01  6.21824E-01  2.23244E+00 -1.12668E+00  2.90884E+00  1.61200E-01  1.61200E-01
b   6    4  6    5  99  2.46642E-01  2.33325E-01  2.41621E+00 -4.47359E-01  4.06216E+00  1.11800E+00  1.11800E+00
b   6    1  6    6  99  1.38352E-01  1.59342E+00 -2.61176E+01  1.89283E+02  2.00000E+01  4.32800E-02  4.32800E-02
b   6    2  6    6  99  3.83257E-01  6.99987E-01  2.05264E+00 -6.97378E-01  2.12117E+00  2.54000E-02  2.54000E-02
b   6    3  6    6  99  3.13720E-01  8.82080E-01  2.31332E+00 -1.10829E+00  2.93577E+00  6.15100E-02  6.15100E-02
b   6    4  6    6  99  2.81068E-01  7.16950E-01  2.56171E+00 -1.41910E+00  3.55758E+00  1.92400E-01  1.92400E-01
b   6    5  6    6  99  2.27430E-01  3.12512E-01  2.09724E+00 -2.57760E-01  4.06310E+00  1.35200E+00  1.35200E+00
b   6    1  6    7  99  1.40154E-01  1.59713E+00 -2.64017E+01  1.97007E+02  2.00000E+01  2.79640E-02  2.79640E-02
b   6    2  6    7  99  3.88239E-01  7.68771E-01  2.05065E+00 -6.53607E-01  2.12587E+00  1.50900E-02  1.50900E-02
b   6    3  6    7  99  3.23626E-01  1.05939E+00  2.34429E+00 -1.11857E+00  2.92258E+00  3.11800E-02  3.11800E-02
b   6    4  6    7  99  2.99592E-01  1.06180E+00  2.64863E+00 -1.44469E+00  3.54337E+00  7.08500E-02  7.08500E-02
b   6    5  6    7  99  2.62413E-01  8.17844E-01  2.43663E+00 -3.22018E-01  4.29431E+00  2.23500E-01  2.23500E-01
b   6    6  6    7  99  2.15630E-01  3.63742E-01  1.94045E+00 -3.09997E-01  4.05001E+00  1.56300E+00  1.56300E+00
b   6    1  6    8  99  1.40309E-01  1.60114E+00 -2.63853E+01  1.97220E+02  2.00000E+01  1.91520E-02  1.91520E-02
b   6    2  6    8  99  3.91709E-01  8.15744E-01  2.05965E+00 -6.74243E-01  2.11450E+00  9.78900E-03  9.78900E-03
b   6    3  6    8  99  3.30590E-01  1.18131E+00  2.39170E+00 -1.11920E+00  2.96117E+00  1.83900E-02  1.83900E-02
b   6    4  6    8  99  2.93312E-01  1.39489E+00  2.01382E+00 -9.57594E-01  2.98930E+00  3.52900E-02  3.52900E-02
b   6    5  6    8  99  2.77209E-01  1.23913E+00  2.33330E+00 -1.27717E+00  3.56447E+00  8.03800E-02  8.03800E-02
b   6    6  6    8  99  2.48563E-01  9.03705E-01  2.18107E+00 -2.08859E-01  4.23918E+00  2.51900E-01  2.51900E-01
b   6    7  6    8  99  2.06436E-01  4.03953E-01  1.78512E+00 -2.46677E-01  4.02451E+00  1.76700E+00  1.76700E+00
b   6    1  6    9  99  1.39577E-01  1.60262E+00 -2.61001E+01  1.92287E+02  2.00000E+01  1.36920E-02  1.36920E-02
b   6    2  6    9  99  3.92812E-01  8.56386E-01  2.02884E+00 -6.46666E-01  2.09437E+00  6.74600E-03  6.74600E-03
b   6    3  6    9  99  3.35194E-01  1.27343E+00  2.40878E+00 -1.09204E+00  2.97335E+00  1.19100E-02  1.19100E-02
b   6    4  6    9  99  3.01005E-01  1.58121E+00  2.05777E+00 -9.90158E-01  3.01003E+00  2.06400E-02  2.06400E-02
b   6    5  6    9  99  2.88934E-01  1.54822E+00  2.40353E+00 -1.33554E+00  3.59551E+00  3.95000E-02  3.95000E-02
b   6    6  6    9  99  2.68093E-01  1.34602E+00  2.33204E+00 -2.67768E-01  4.31926E+00  8.91700E-02  8.91700E-02
b   6    7  6    9  99  2.39498E-01  9.57992E-01  2.05336E+00 -1.83618E-01  4.27277E+00  2.79800E-01  2.79800E-01
b   6    8  6    9  99  3.18773E-01  6.70529E-01  2.70190E+00 -3.99377E-01  4.02456E+00  1.24000E+00  1.24000E+00
b   6    1  6   10  98  0.00000E+00  0.00000E+00  0.00000E+00  0.00000E+00  0.00000E+00  1.98880E-02  3.97759E-04
b   6    2  6   10  99  1.29584E-01  1.13912E+00 -2.46846E+01  2.43385E+02  2.00000E+01  9.94783E-01  9.94783E-01
b   6    1  6   11  98  0.00000E+00  0.00000E+00  0.00000E+00  0.00000E+00  0.00000E+00  3.11365E-02  6.22729E-04
b   6    2  6   11  99  1.15325E-01  1.28767E+00 -2.20094E+01  1.60135E+02  2.00000E+01  2.89530E-01  2.89530E-01
b   6    3  6   11  99  1.29584E-01  1.13912E+00 -2.46846E+01  2.43385E+02  2.00000E+01  1.05330E+00  1.05330E+00
b   6   10  6   11  99  2.47240E-01  7.62003E-02  1.94708E+00 -9.16962E-01  2.73991E+00  1.38920E+00  1.38920E+00
b   6    1  6   12  98  0.00000E+00  0.00000E+00  0.00000E+00  0.00000E+00  0.00000E+00  4.48151E-02  8.96302E-04
b   6    2  6   12  99  1.14949E-01  1.28457E+00 -2.14339E+01  1.59163E+02  2.00000E+01  1.23300E-01  1.23300E-01
b   6    4  6   12  99  1.29584E-01  1.13912E+00 -2.46846E+01  2.43385E+02  2.00000E+01  1.05330E+00  1.05330E+00
b   6   10  6   12  99  2.73630E-01  3.86844E-01  1.49579E+00 -5.40860E-01  2.11975E+00  2.90000E-01  2.90000E-01
b   6   11  6   12  99  2.40690E-01  1.37175E-01  2.30638E+00 -1.29713E+00  3.37106E+00  9.47200E-01  9.47200E-01
b   6    1  6   13  98  0.00000E+00  0.00000E+00  0.00000E+00  0.00000E+00  0.00000E+00  6.19832E-02  1.23966E-03
b   6    2  6   13  99  1.38776E-01  1.58500E+00 -2.63805E+01  1.93112E+02  2.00000E+01  5.45100E-02  5.45100E-02
b   6    5  6   13  99  1.29584E-01  1.13912E+00 -2.46846E+01  2.43385E+02  2.00000E+01  1.05330E+00  1.05330E+00
b   6   10  6   13  99  3.73899E-01  6.00446E-01  2.02786E+00 -7.17346E-01  2.11141E+00  9.82000E-02  9.82000E-02
b   6   11  6   13  99  2.95494E-01  6.21824E-01  2.23244E+00 -1.12668E+00  2.90884E+00  1.61200E-01  1.61200E-01
b   6   12  6   13  99  2.46642E-01  2.33325E-01  2.41621E+00 -4.47359E-01  4.06216E+00  1.11800E+00  1.11800E+00
b   6    1  6   14  98  0.00000E+00  0.00000E+00  0.00000E+00  0.00000E+00  0.00000E+00  8.22596E-02  1.64519E-03
b   6    2  6   14  99  1.38352E-01  1.59342E+00 -2.61176E+01  1.89283E+02  2.00000E+01  3.24600E-02  3.24600E-02
b   6    6  6   14  99  1.29584E-01  1.13912E+00 -2.46846E+01  2.43385E+02  2.00000E+01  1.05330E+00  1.05330E+00
b   6   10  6   14  99  3.83257E-01  6.99987E-01  2.05264E+00 -6.97378E-01  2.12117E+00  5.08000E-02  5.08000E-02
b   6   11  6   14  99  3.13720E-01  8.82080E-01  2.31332E+00 -1.10829E+00  2.93577E+00  6.15100E-02  6.15100E-02
b   6   12  6   14  99  2.81068E-01  7.16950E-01  2.56171E+00 -1.41910E+00  3.55758E+00  1.92400E-01  1.92400E-01
b   6   13  6   14  99  2.27430E-01  3.12512E-01  2.09724E+00 -2.57760E-01  4.06310E+00  1.35200E+00  1.35200E+00
b   6    1  6   15  98  0.00000E+00  0.00000E+00  0.00000E+00  0.00000E+00  0.00000E+00  1.05662E-01  2.11324E-03
b   6    2  6   15  99  1.40154E-01  1.59713E+00 -2.64017E+01  1.97007E+02  2.00000E+01  2.09730E-02  2.09730E-02
b   6    7  6   15  99  1.29584E-01  1.13912E+00 -2.46846E+01  2.43385E+02  2.00000E+01  1.05330E+00  1.05330E+00
b   6   10  6   15  99  3.88239E-01  7.68771E-01  2.05065E+00 -6.53607E-01  2.12587E+00  3.01800E-02  3.01800E-02
b   6   11  6   15  99  3.23626E-01  1.05939E+00  2.34429E+00 -1.11857E+00  2.92258E+00  3.11800E-02  3.11800E-02
b   6   12  6   15  99  2.99592E-01  1.06180E+00  2.64863E+00 -1.44469E+00  3.54337E+00  7.08500E-02  7.08500E-02
b   6   13  6   15  99  2.62413E-01  8.17844E-01  2.43663E+00 -3.22018E-01  4.29431E+00  2.23500E-01  2.23500E-01
b   6   14  6   15  99  2.15630E-01  3.63742E-01  1.94045E+00 -3.09997E-01  4.05001E+00  1.56300E+00  1.56300E+00
b   6    1  6   16  98  0.00000E+00  0.00000E+00  0.00000E+00  0.00000E+00  0.00000E+00  1.32293E-01  2.64586E-03
b   6    2  6   16  99  1.40309E-01  1.60114E+00 -2.63853E+01  1.97220E+02  2.00000E+01  1.43640E-02  1.43640E-02
b   6    8  6   16  99  1.29584E-01  1.13912E+00 -2.46846E+01  2.43385E+02  2.00000E+01  1.05330E+00  1.05330E+00
b   6   10  6   16  99  3.91709E-01  8.15744E-01  2.05965E+00 -6.74243E-01  2.11450E+00  1.95780E-02  1.95780E-02
b   6   11  6   16  99  3.30590E-01  1.18131E+00  2.39170E+00 -1.11920E+00  2.96117E+00  1.83900E-02  1.83900E-02
b   6   12  6   16  99  2.93312E-01  1.39489E+00  2.01382E+00 -9.57594E-01  2.98930E+00  3.52900E-02  3.52900E-02
b   6   13  6   16  99  2.77209E-01  1.23913E+00  2.33330E+00 -1.27717E+00  3.56447E+00  8.03800E-02  8.03800E-02
b   6   14  6   16  99  2.48563E-01  9.03705E-01  2.18107E+00 -2.08859E-01  4.23918E+00  2.51900E-01  2.51900E-01
b   6   15  6   16  99  2.06436E-01  4.03953E-01  1.78512E+00 -2.46677E-01  4.02451E+00  1.76700E+00  1.76700E+00
b   6    1  6   17  98  0.00000E+00  0.00000E+00  0.00000E+00  0.00000E+00  0.00000E+00  1.62081E-01  3.24162E-03
b   6    2  6   17  99  1.39577E-01  1.60262E+00 -2.61001E+01  1.92287E+02  2.00000E+01  1.02690E-02  1.02690E-02
b   6    9  6   17  99  1.29584E-01  1.13912E+00 -2.46846E+01  2.43385E+02  2.00000E+01  1.05330E+00  1.05330E+00
b   6   10  6   17  99  3.92812E-01  8.56386E-01  2.02884E+00 -6.46666E-01  2.09437E+00  1.34920E-02  1.34920E-02
b   6   11  6   17  99  3.35194E-01  1.27343E+00  2.40878E+00 -1.09204E+00  2.97335E+00  1.19100E-02  1.19100E-02
b   6   12  6   17  99  3.01005E-01  1.58121E+00  2.05777E+00 -9.90158E-01  3.01003E+00  2.06400E-02  2.06400E-02
b   6   13  6   17  99  2.88934E-01  1.54822E+00  2.40353E+00 -1.33554E+00  3.59551E+00  3.95000E-02  3.95000E-02
b   6   14  6   17  99  2.68093E-01  1.34602E+00  2.33204E+00 -2.67768E-01  4.31926E+00  8.91700E-02  8.91700E-02
b   6   15  6   17  99  2.39498E-01  9.57992E-01  2.05336E+00 -1.83618E-01  4.27277E+00  2.79800E-01  2.79800E-01
b   6   16  6   17  99  3.18773E-01  6.70529E-01  2.70190E+00 -3.99377E-01  4.02456E+00  1.24000E+00  1.24000E+00
b   6    1  6   18  99  4.16907E-01 -7.07776E-02 -2.45971E+00  2.06961E+01  3.82383E+00  2.54700E-01  2.54700E-01
b   6    1  6   19  99  4.04730E-01  1.77551E-02 -2.42943E+00  1.93313E+01  3.79230E+00  8.24600E-02  8.24600E-02
b   6    2  6   19  99  4.16907E-01 -7.07776E-02 -2.45971E+00  2.06961E+01  3.82383E+00  3.18375E-01  3.18375E-01
b   6   18  6   19  99  1.29584E-01  1.13912E+00 -2.46846E+01  2.43385E+02  2.00000E+01  1.75550E+00  1.75550E+00
b   6    1  6   20  99  4.03659E-01  4.10818E-02 -2.44467E+00  1.91447E+01  3.78744E+00  3.04400E-02  3.04400E-02
b   6    3  6   20  99  4.16907E-01 -7.07776E-02 -2.45971E+00  2.06961E+01  3.82383E+00  3.18375E-01  3.18375E-01
b   6   18  6   20  99  1.15325E-01  1.28767E+00 -2.20094E+01  1.60135E+02  2.00000E+01  4.82550E-01  4.82550E-01
b   6   19  6   20  99  2.47240E-01  7.62003E-02  1.94708E+00 -9.16962E-01  2.73991E+00  6.94600E-01  6.94600E-01
b   6    1  6   21  99  3.98046E-01  4.65155E-02 -2.39070E+00  1.87351E+01  3.78238E+00  1.46580E-02  1.46580E-02
b   6    4  6   21  99  4.16907E-01 -7.07776E-02 -2.45971E+00  2.06961E+01  3.82383E+00  3.18375E-01  3.18375E-01
b   6   18  6   21  99  1.14949E-01  1.28457E+00 -2.14339E+01  1.59163E+02  2.00000E+01  2.05500E-01  2.05500E-01
b   6   19  6   21  99  2.73630E-01  3.86844E-01  1.49579E+00 -5.40860E-01  2.11975E+00  1.45000E-01  1.45000E-01
b   6   20  6   21  99  2.40690E-01  1.37175E-01  2.30638E+00 -1.29713E+00  3.37106E+00  9.47200E-01  9.47200E-01
b   6    1  6   22  99  4.57947E-01  4.34788E-02 -2.79684E+00  2.17983E+01  3.78778E+00  7.31800E-03  7.31800E-03
b   6    5  6   22  99  4.16907E-01 -7.07776E-02 -2.45971E+00  2.06961E+01  3.82383E+00  3.18375E-01  3.18375E-01
b   6   18  6   22  99  1.38776E-01  1.58500E+00 -2.63805E+01  1.93112E+02  2.00000E+01  9.08500E-02  9.08500E-02
b   6   19  6   22  99  3.73899E-01  6.00446E-01  2.02786E+00 -7.17346E-01  2.11141E+00  4.91000E-02  4.91000E-02
b   6   20  6   22  99  2.95494E-01  6.21824E-01  2.23244E+00 -1.12668E+00  2.90884E+00  1.61200E-01  1.61200E-01
b   6   21  6   22  99  2.46642E-01  2.33325E-01  2.41621E+00 -4.47359E-01  4.06216E+00  1.11800E+00  1.11800E+00
b   6    1  6   23  99  4.53545E-01  4.35181E-02 -2.75499E+00  2.15190E+01  3.78575E+00  4.50400E-03  4.50400E-03
b   6    6  6   23  99  4.16907E-01 -7.07776E-02 -2.45971E+00  2.06961E+01  3.82383E+00  3.18375E-01  3.18375E-01
b   6   18  6   23  99  1.38352E-01  1.59342E+00 -2.61176E+01  1.89283E+02  2.00000E+01  5.41000E-02  5.41000E-02
b   6   19  6   23  99  3.83257E-01  6.99987E-01  2.05264E+00 -6.97378E-01  2.12117E+00  2.54000E-02  2.54000E-02
b   6   20  6   23  99  3.13720E-01  8.82080E-01  2.31332E+00 -1.10829E+00  2.93577E+00  6.15100E-02  6.15100E-02
b   6   21  6   23  99  2.81068E-01  7.16950E-01  2.56171E+00 -1.41910E+00  3.55758E+00  1.92400E-01  1.92400E-01
b   6   22  6   23  99  2.27430E-01  3.12512E-01  2.09724E+00 -2.57760E-01  4.06310E+00  1.35200E+00  1.35200E+00
b   6    1  6   24  99  4.48878E-01  4.94395E-02 -2.76125E+00  2.13810E+01  3.78783E+00  2.96800E-03  2.96800E-03
b   6    7  6   24  99  4.16907E-01 -7.07776E-02 -2.45971E+00  2.06961E+01  3.82383E+00  3.18375E-01  3.18375E-01
b   6   18  6   24  99  1.40154E-01  1.59713E+00 -2.64017E+01  1.97007E+02  2.00000E+01  3.49550E-02  3.49550E-02
b   6   19  6   24  99  3.88239E-01  7.68771E-01  2.05065E+00 -6.53607E-01  2.12587E+00  1.50900E-02  1.50900E-02
b   6   20  6   24  99  3.23626E-01  1.05939E+00  2.34429E+00 -1.11857E+00  2.92258E+00  3.11800E-02  3.11800E-02
b   6   21  6   24  99  2.99592E-01  1.06180E+00  2.64863E+00 -1.44469E+00  3.54337E+00  7.08500E-02  7.08500E-02
b   6   22  6   24  99  2.62413E-01  8.17844E-01  2.43663E+00 -3.22018E-01  4.29431E+00  2.23500E-01  2.23500E-01
b   6   23  6   24  99  2.15630E-01  3.63742E-01  1.94045E+00 -3.09997E-01  4.05001E+00  1.56300E+00  1.56300E+00
b   6    1  6   25  99  4.47470E-01  4.69596E-02 -2.73513E+00  2.12684E+01  3.78668E+00  2.05800E-03  2.05800E-03
b   6    8  6   25  99  4.16907E-01 -7.07776E-02 -2.45971E+00  2.06961E+01  3.82383E+00  3.18375E-01  3.18375E-01
b   6   18  6   25  99  1.40309E-01  1.60114E+00 -2.63853E+01  1.97220E+02  2.00000E+01  2.39400E-02  2.39400E-02
b   6   19  6   25  99  3.91709E-01  8.15744E-01  2.05965E+00 -6.74243E-01  2.11450E+00  9.78900E-03  9.78900E-03
b   6   20  6   25  99  3.30590E-01  1.18131E+00  2.39170E+00 -1.11920E+00  2.96117E+00  1.83900E-02  1.83900E-02
b   6   21  6   25  99  2.93312E-01  1.39489E+00  2.01382E+00 -9.57594E-01  2.98930E+00  3.52900E-02  3.52900E-02
b   6   22  6   25  99  2.77209E-01  1.23913E+00  2.33330E+00 -1.27717E+00  3.56447E+00  8.03800E-02  8.03800E-02
b   6   23  6   25  99  2.48563E-01  9.03705E-01  2.18107E+00 -2.08859E-01  4.23918E+00  2.51900E-01  2.51900E-01
b   6   24  6   25  99  2.06436E-01  4.03953E-01  1.78512E+00 -2.46677E-01  4.02451E+00  1.76700E+00  1.76700E+00
b   6    1  6   26  99  4.44861E-01  4.92665E-02 -2.72829E+00  2.11529E+01  3.78678E+00  1.48340E-03  1.48340E-03
b   6    9  6   26  99  4.16907E-01 -7.07776E-02 -2.45971E+00  2.06961E+01  3.82383E+00  3.18375E-01  3.18375E-01
b   6   18  6   26  99  1.39577E-01  1.60262E+00 -2.61001E+01  1.92287E+02  2.00000E+01  1.71150E-02  1.71150E-02
b   6   19  6   26  99  3.92812E-01  8.56386E-01  2.02884E+00 -6.46666E-01  2.09437E+00  6.74600E-03  6.74600E-03
b   6   20  6   26  99  3.35194E-01  1.27343E+00  2.40878E+00 -1.09204E+00  2.97335E+00  1.19100E-02  1.19100E-02
b   6   21  6   26  99  3.01005E-01  1.58121E+00  2.05777E+00 -9.90158E-01  3.01003E+00  2.06400E-02  2.06400E-02
b   6   22  6   26  99  2.88934E-01  1.54822E+00  2.40353E+00 -1.33554E+00  3.59551E+00  3.95000E-02  3.95000E-02
b   6   23  6   26  99  2.68093E-01  1.34602E+00  2.33204E+00 -2.67768E-01  4.31926E+00  8.91700E-02  8.91700E-02
b   6   24  6   26  99  2.39498E-01  9.57992E-01  2.05336E+00 -1.83618E-01  4.27277E+00  2.79800E-01  2.79800E-01
b   6   25  6   26  99  3.18773E-01  6.70529E-01  2.70190E+00 -3.99377E-01  4.02456E+00  1.24000E+00  1.24000E+00
f   6    1  5    1  99  4.00000E+00  8.21830E+00
p   6    1  5    1  98  1.53990E+00 -2.38400E+00 -1.55390E-01  1.70230E-02  4.00000E+00  1.86600E+02  1.94100E+02  3.73200E+03
f   6    2  5    1  99  1.00000E+00  6.32000E+00
p   6    2  5    1  99  1.00000E+00  6.32000E+00
f   6    3  5    1  99  1.00000E+00  6.09260E+00
p   6    3  5    1  99  1.00000E+00  6.09260E+00
f   6    4  5    1  99  1.00000E+00  6.01230E+00
p   6    4  5    1  99  1.00000E+00  6.01230E+00
f   6    5  5    1  99  1.00000E+00  6.04200E+00
p   6    5  5    1  99  1.00000E+00  6.04200E+00
f   6    6  5    1  99  1.00000E+00  6.03200E+00
p   6    6  5    1  99  1.00000E+00  6.03200E+00
f   6    7  5    1  99  1.00000E+00  6.00320E+00
p   6    7  5    1  99  1.00000E+00  6.00320E+00
f   6    8  5    1  99  1.00000E+00  6.00320E+00
p   6    8  5    1  99  1.00000E+00  6.00320E+00
f   6    9  5    1  99  1.00000E+00  6.00050E+00
p   6    9  5    1  99  1.00000E+00  6.00050E+00
f   6    2  5    2  99  3.00000E+00  6.32000E+00
p   6    2  5    2  98  1.53990E+00 -2.38400E+00 -1.55390E-01  1.70230E-02  4.00000E+00  1.86600E+02  1.94100E+02  3.73200E+03
f   6   10  5    2  99  2.00000E+00  6.88400E+00
p   6   10  5    2  99  2.00000E+00  6.88400E+00
f   6   11  5    2  99  1.00000E+00  6.14930E+00
p   6   11  5    2  99  1.00000E+00  6.14930E+00
f   6   12  5    2  99  1.00000E+00  6.03060E+00
p   6   12  5    2  99  1.00000E+00  6.03060E+00
f   6   13  5    2  99  1.00000E+00  6.04800E+00
p   6   13  5    2  99  1.00000E+00  6.04800E+00
f   6   14  5    2  99  1.00000E+00  6.03600E+00
p   6   14  5    2  99  1.00000E+00  6.03600E+00
f   6   15  5    2  99  1.00000E+00  6.01220E+00
p   6   15  5    2  99  1.00000E+00  6.01220E+00
f   6   16  5    2  99  1.00000E+00  6.01020E+00
p   6   16  5    2  99  1.00000E+00  6.01020E+00
f   6   17  5    2  99  1.00000E+00  6.00050E+00
p   6   17  5    2  99  1.00000E+00  6.00050E+00
f   6    3  5    3  99  3.00000E+00  6.09260E+00
p   6    3  5    3  98  1.53990E+00 -2.38400E+00 -1.55390E-01  1.70230E-02  4.00000E+00  1.86600E+02  1.94100E+02  3.73200E+03
f   6   11  5    3  99  1.00000E+00  6.14930E+00
p   6   11  5    3  99  1.00000E+00  6.14930E+00
f   6    4  5    4  99  3.00000E+00  6.01230E+00
p   6    4  5    4  98  1.53990E+00 -2.38400E+00 -1.55390E-01  1.70230E-02  4.00000E+00  1.86600E+02  1.94100E+02  3.73200E+03
f   6   12  5    4  99  1.00000E+00  6.03060E+00
p   6   12  5    4  99  1.00000E+00  6.03060E+00
f   6    5  5    5  99  3.00000E+00  6.04200E+00
p   6    5  5    5  98  1.53990E+00 -2.38400E+00 -1.55390E-01  1.70230E-02  4.00000E+00  1.86600E+02  1.94100E+02  3.73200E+03
f   6   13  5    5  99  1.00000E+00  6.04800E+00
p   6   13  5    5  99  1.00000E+00  6.04800E+00
f   6    6  5    6  99  3.00000E+00  6.03200E+00
p   6    6  5    6  98  1.53990E+00 -2.38400E+00 -1.55390E-01  1.70230E-02  4.00000E+00  1.86600E+02  1.94100E+02  3.73200E+03
f   6   14  5    6  99  1.00000E+00  6.03600E+00
p   6   14  5    6  99  1.00000E+00  6.03600E+00
f   6    7  5    7  99  3.00000E+00  6.00320E+00
p   6    7  5    7  98  1.53990E+00 -2.38400E+00 -1.55390E-01  1.70230E-02  4.00000E+00  1.86600E+02  1.94100E+02  3.73200E+03
f   6   15  5    7  99  1.00000E+00  6.01220E+00
p   6   15  5    7  99  1.00000E+00  6.01220E+00
f   6    8  5    8  99  3.00000E+00  6.00320E+00
p   6    8  5    8  98  1.53990E+00 -2.38400E+00 -1.55390E-01  1.70230E-02  4.00000E+00  1.86600E+02  1.94100E+02  3.73200E+03
f   6   16  5    8  99  1.00000E+00  6.01020E+00
p   6   16  5    8  99  1.00000E+00  6.01020E+00
f   6    9  5    9  99  3.00000E+00  6.00050E+00
p   6    9  5    9  98  1.53990E+00 -2.38400E+00 -1.55390E-01  1.70230E-02  4.00000E+00  1.86600E+02  1.94100E+02  3.73200E+03
f   6   17  5    9  99  1.00000E+00  6.00050E+00
p   6   17  5    9  99  1.00000E+00  6.00050E+00
f   6   10  5   10  99  2.00000E+00  6.88400E+00
p   6   10  5   10  98  1.53990E+00 -2.38400E+00 -1.55390E-01  1.70230E-02  4.00000E+00  1.86600E+02  1.94100E+02  3.73200E+03
f   6   11  5   11  99  2.00000E+00  6.14930E+00
p   6   11  5   11  98  1.53990E+00 -2.38400E+00 -1.55390E-01  1.70230E-02  4.00000E+00  1.86600E+02  1.94100E+02  3.73200E+03
f   6   12  5   12  99  2.00000E+00  6.03060E+00
p   6   12  5   12  98  1.53990E+00 -2.38400E+00 -1.55390E-01  1.70230E-02  4.00000E+00  1.86600E+02  1.94100E+02  3.73200E+03
f   6   13  5   13  99  2.00000E+00  6.04800E+00
p   6   13  5   13  98  1.53990E+00 -2.38400E+00 -1.55390E-01  1.70230E-02  4.00000E+00  1.86600E+02  1.94100E+02  3.73200E+03
f   6   14  5   14  99  2.00000E+00  6.03600E+00
p   6   14  5   14  98  1.53990E+00 -2.38400E+00 -1.55390E-01  1.70230E-02  4.00000E+00  1.86600E+02  1.94100E+02  3.73200E+03
f   6   15  5   15  99  2.00000E+00  6.01220E+00
p   6   15  5   15  98  1.53990E+00 -2.38400E+00 -1.55390E-01  1.70230E-02  4.00000E+00  1.86600E+02  1.94100E+02  3.73200E+03
f   6   16  5   16  99  2.00000E+00  6.01020E+00
p   6   16  5   16  98  1.53990E+00 -2.38400E+00 -1.55390E-01  1.70230E-02  4.00000E+00  1.86600E+02  1.94100E+02  3.73200E+03
f   6   17  5   17  99  2.00000E+00  6.00050E+00
p   6   17  5   17  98  1.53990E+00 -2.38400E+00 -1.55390E-01  1.70230E-02  4.00000E+00  1.86600E+02  1.94100E+02  3.73200E+03
f   6    1  5   18  99  2.00000E+00  8.21830E+00
p   6    1  5   18  98  2.14220E+00 -2.43150E+00 -2.15880E-01  2.15720E-02  2.00000E+00  1.22500E+03  1.27400E+03  2.44900E+04
f   6   18  5   18  99  5.00000E+00  8.85440E+00
p   6   18  5   18  98  1.53990E+00 -2.38400E+00 -1.55390E-01  1.70230E-02  4.00000E+00  1.86600E+02  1.94100E+02  3.73200E+03
f   6   19  5   18  99  1.00000E+00  6.40000E+00
p   6   19  5   18  99  1.00000E+00  6.40000E+00
f   6   20  5   18  99  1.00000E+00  6.11580E+00
p   6   20  5   18  99  1.00000E+00  6.11580E+00
f   6   21  5   18  99  1.00000E+00  6.01140E+00
p   6   21  5   18  99  1.00000E+00  6.01140E+00
f   6   22  5   18  99  1.00000E+00  6.05100E+00
p   6   22  5   18  99  1.00000E+00  6.05100E+00
f   6   23  5   18  99  1.00000E+00  6.04100E+00
p   6   23  5   18  99  1.00000E+00  6.04100E+00
f   6   24  5   18  99  1.00000E+00  6.00410E+00
p   6   24  5   18  99  1.00000E+00  6.00410E+00
f   6   25  5   18  99  1.00000E+00  6.00410E+00
p   6   25  5   18  99  1.00000E+00  6.00410E+00
f   6   26  5   18  99  1.00000E+00  6.00050E+00
p   6   26  5   18  99  1.00000E+00  6.00050E+00
f   6    2  5   19  99  2.00000E+00  6.32000E+00
p   6    2  5   19  98  2.14220E+00 -2.43150E+00 -2.15880E-01  2.15720E-02  2.00000E+00  1.22500E+03  1.27400E+03  2.44900E+04
f   6   19  5   19  99  4.00000E+00  6.40000E+00
p   6   19  5   19  98  1.53990E+00 -2.38400E+00 -1.55390E-01  1.70230E-02  4.00000E+00  1.86600E+02  1.94100E+02  3.73200E+03
f   6    3  5   20  99  2.00000E+00  6.09260E+00
p   6    3  5   20  98  2.14220E+00 -2.43150E+00 -2.15880E-01  2.15720E-02  2.00000E+00  1.22500E+03  1.27400E+03  2.44900E+04
f   6   20  5   20  99  4.00000E+00  6.11580E+00
p   6   20  5   20  98  1.53990E+00 -2.38400E+00 -1.55390E-01  1.70230E-02  4.00000E+00  1.86600E+02  1.94100E+02  3.73200E+03
f   6    4  5   21  99  2.00000E+00  6.01230E+00
p   6    4  5   21  98  2.14220E+00 -2.43150E+00 -2.15880E-01  2.15720E-02  2.00000E+00  1.22500E+03  1.27400E+03  2.44900E+04
f   6   21  5   21  99  4.00000E+00  6.01140E+00
p   6   21  5   21  98  1.53990E+00 -2.38400E+00 -1.55390E-01  1.70230E-02  4.00000E+00  1.86600E+02  1.94100E+02  3.73200E+03
f   6    5  5   22  99  2.00000E+00  6.04200E+00
p   6    5  5   22  98  2.14220E+00 -2.43150E+00 -2.15880E-01  2.15720E-02  2.00000E+00  1.22500E+03  1.27400E+03  2.44900E+04
f   6   22  5   22  99  4.00000E+00  6.05100E+00
p   6   22  5   22  98  1.53990E+00 -2.38400E+00 -1.55390E-01  1.70230E-02  4.00000E+00  1.86600E+02  1.94100E+02  3.73200E+03
f   6    6  5   23  99  2.00000E+00  6.03200E+00
p   6    6  5   23  98  2.14220E+00 -2.43150E+00 -2.15880E-01  2.15720E-02  2.00000E+00  1.22500E+03  1.27400E+03  2.44900E+04
f   6   23  5   23  99  4.00000E+00  6.04100E+00
p   6   23  5   23  98  1.53990E+00 -2.38400E+00 -1.55390E-01  1.70230E-02  4.00000E+00  1.86600E+02  1.94100E+02  3.73200E+03
f   6    7  5   24  99  2.00000E+00  6.00320E+00
p   6    7  5   24  98  2.14220E+00 -2.43150E+00 -2.15880E-01  2.15720E-02  2.00000E+00  1.22500E+03  1.27400E+03  2.44900E+04
f   6   24  5   24  99  4.00000E+00  6.00410E+00
p   6   24  5   24  98  1.53990E+00 -2.38400E+00 -1.55390E-01  1.70230E-02  4.00000E+00  1.86600E+02  1.94100E+02  3.73200E+03
f   6    8  5   25  99  2.00000E+00  6.00320E+00
p   6    8  5   25  98  2.14220E+00 -2.43150E+00 -2.15880E-01  2.15720E-02  2.00000E+00  1.22500E+03  1.27400E+03  2.44900E+04
f   6   25  5   25  99  4.00000E+00  6.00410E+00
p   6   25  5   25  98  1.53990E+00 -2.38400E+00 -1.55390E-01  1.70230E-02  4.00000E+00  1.86600E+02  1.94100E+02  3.73200E+03
f   6    9  5   26  99  2.00000E+00  6.00050E+00
p   6    9  5   26  98  2.14220E+00 -2.43150E+00 -2.15880E-01  2.15720E-02  2.00000E+00  1.22500E+03  1.27400E+03  2.44900E+04
f   6   26  5   26  99  4.00000E+00  6.00050E+00
p   6   26  5   26  98  1.53990E+00 -2.38400E+00 -1.55390E-01  1.70230E-02  4.00000E+00  1.86600E+02  1.94100E+02  3.73200E+03
a   6   10  5    1   9.56025E+13
a   6   11  5    1   1.89878E+13
a   6   12  5    1   6.06960E+12
a   6   13  5    1   2.43090E+12
a   6   14  5    1   1.12471E+12
a   6   15  5    1   5.76878E+11
a   6   16  5    1   3.20130E+11
a   6   17  5    1   1.89029E+11
a   6   18  5    1   2.52150E+14
a   6   19  5    1   7.06940E+12
a   6   20  5    1   1.52308E+12
a   6   21  5    1   4.77980E+11
a   6   22  5    1   1.86958E+11
a   6   23  5    1   8.64980E+10
a   6   24  5    1   4.43660E+10
a   6   25  5    1   2.46200E+10
a   6   26  5    1   1.45378E+10
a   6   19  5    2   1.51290E+14
a   6   20  5    3   1.51290E+14
a   6   21  5    4   1.51290E+14
a   6   22  5    5   1.51290E+14
a   6   23  5    6   1.51290E+14
a   6   24  5    7   1.51290E+14
a   6   25  5    8   1.51290E+14
a   6   26  5    9   1.51290E+14
b   7    1  7    2  99  1.40763E-01  1.10725E+00 -2.41486E+01  2.59637E+02  2.00000E+01  1.34750E+00  1.34750E+00
b   7    1  7    3  99  1.38125E-01  1.21740E+00 -2.40960E+01  2.34710E+02  2.00000E+01  4.17950E-01  4.17950E-01
b   7    2  7    3  99  2.24766E-01  1.44404E-01  1.73926E+00 -8.66587E-01  2.77907E+00  6.61400E-01  6.61400E-01
b   7    1  7    4  99  1.30001E-01  1.21105E+00 -2.26193E+01  2.09184E+02  2.00000E+01  1.86200E-01  1.86200E-01
b   7    2  7    4  99  2.51551E-01  4.65602E-01  1.25557E+00 -4.36975E-01  2.03855E+00  1.37600E-01  1.37600E-01
b   7    3  7    4  99  2.24365E-01  2.11750E-01  2.03452E+00 -1.14305E+00  3.33605E+00  9.32900E-01  9.32900E-01
b   7    1  7    5  99  1.39892E-01  1.56837E+00 -2.60557E+01  1.88724E+02  2.00000E+01  8.12500E-02  8.12500E-02
b   7    2  7    5  99  3.69475E-01  6.93908E-01  1.98722E+00 -7.21032E-01  2.15359E+00  4.54900E-02  4.54900E-02
b   7    3  7    5  99  2.99331E-01  6.31344E-01  2.74226E+00 -1.51184E+00  3.49178E+00  1.54600E-01  1.54600E-01
b   7    4  7    5  99  2.33944E-01  3.10485E-01  2.14230E+00 -2.63779E-01  4.03520E+00  1.11000E+00  1.11000E+00
b   7    1  7    6  99  1.37314E-01  1.56521E+00 -2.55336E+01  1.80352E+02  2.00000E+01  4.90050E-02  4.90050E-02
b   7    2  7    6  99  3.79011E-01  7.94950E-01  2.00527E+00 -7.43164E-01  2.12993E+00  2.36900E-02  2.36900E-02
b   7    3  7    6  99  2.99465E-01  9.85614E-01  2.13249E+00 -1.04107E+00  2.92402E+00  5.88800E-02  5.88800E-02
b   7    4  7    6  99  2.67225E-01  8.08771E-01  2.28852E+00 -1.26462E+00  3.46793E+00  1.87900E-01  1.87900E-01
b   7    5  7    6  99  2.19075E-01  3.72998E-01  1.95140E+00 -2.92093E-01  4.04182E+00  1.35100E+00  1.35100E+00
b   7    1  7    7  99  1.38758E-01  1.55916E+00 -2.57255E+01  1.87737E+02  2.00000E+01  3.19050E-02  3.19050E-02
b   7    2  7    7  99  3.84399E-01  8.61459E-01  2.00607E+00 -7.09446E-01  2.12214E+00  1.41400E-02  1.41400E-02
b   7    3  7    7  99  3.09784E-01  1.16468E+00  2.18945E+00 -1.06313E+00  2.94584E+00  2.98600E-02  2.98600E-02
b   7    4  7    7  99  2.85382E-01  1.16413E+00  2.41022E+00 -1.31092E+00  3.54108E+00  6.88700E-02  6.88700E-02
b   7    5  7    7  99  2.50889E-01  8.98081E-01  2.18793E+00 -1.73957E-01  4.25195E+00  2.20400E-01  2.20400E-01
b   7    6  7    7  99  2.08448E-01  4.20102E-01  1.80356E+00 -2.67155E-01  4.04360E+00  1.56400E+00  1.56400E+00
b   7    1  7    8  99  1.36453E-01  1.55755E+00 -2.51848E+01  1.77679E+02  2.00000E+01  2.19550E-02  2.19550E-02
b   7    2  7    8  99  3.87031E-01  9.09753E-01  2.01053E+00 -7.63646E-01  2.09484E+00  9.19600E-03  9.19600E-03
b   7    3  7    8  99  3.16292E-01  1.28986E+00  2.23226E+00 -1.09870E+00  2.96118E+00  1.76300E-02  1.76300E-02
b   7    4  7    8  99  2.96848E-01  1.41861E+00  2.49765E+00 -1.38074E+00  3.57580E+00  3.42500E-02  3.42500E-02
b   7    5  7    8  99  2.69168E-01  1.30760E+00  2.34025E+00 -2.65767E-01  4.33637E+00  7.89100E-02  7.89100E-02
b   7    6  7    8  99  2.39592E-01  9.70637E-01  2.01233E+00 -1.34356E-01  4.25102E+00  2.49600E-01  2.49600E-01
b   7    7  7    8  99  2.01007E-01  4.51787E-01  1.70171E+00 -2.53089E-01  4.05481E+00  1.77100E+00  1.77100E+00
b   7    1  7    9  99  1.36662E-01  1.55429E+00 -2.52064E+01  1.79860E+02  2.00000E+01  1.57550E-02  1.57550E-02
b   7    2  7    9  99  3.90820E-01  9.37217E-01  2.06269E+00 -7.87067E-01  2.13414E+00  6.35100E-03  6.35100E-03
b   7    3  7    9  99  3.19969E-01  1.38716E+00  2.22039E+00 -1.06456E+00  2.94818E+00  1.14300E-02  1.14300E-02
b   7    4  7    9  99  3.04175E-01  1.61130E+00  2.51829E+00 -1.35314E+00  3.57809E+00  2.00200E-02  2.00200E-02
b   7    5  7    9  99  2.80157E-01  1.62580E+00  2.39011E+00 -2.34972E-01  4.36632E+00  3.86900E-02  3.86900E-02
b   7    6  7    9  99  2.57613E-01  1.42584E+00  2.10306E+00 -1.48786E-01  4.27407E+00  8.80100E-02  8.80100E-02
b   7    7  7    9  99  2.31949E-01  1.01676E+00  1.88917E+00 -1.85066E-01  4.20661E+00  2.78200E-01  2.78200E-01
b   7    8  7    9  99  2.35439E-01  5.62397E-01  1.91906E+00 -2.61700E-01  4.01394E+00  1.64100E+00  1.64100E+00
b   7    1  7   10  98  0.00000E+00  0.00000E+00  0.00000E+00  0.00000E+00  0.00000E+00  3.26346E-02  6.52693E-04
b   7    2  7   10  99  1.40763E-01  1.10725E+00 -2.41486E+01  2.59637E+02  2.00000E+01  1.01811E+00  1.01811E+00
b   7    1  7   11  98  0.00000E+00  0.00000E+00  0.00000E+00  0.00000E+00  0.00000E+00  5.26048E-02  1.05210E-03
b   7    2  7   11  99  1.38125E-01  1.21740E+00 -2.40960E+01  2.34710E+02  2.00000E+01  3.34360E-01  3.34360E-01
b   7    3  7   11  99  1.40763E-01  1.10725E+00 -2.41486E+01  2.59637E+02  2.00000E+01  1.07800E+00  1.07800E+00
b   7   10  7   11  99  2.24766E-01  1.44404E-01  1.73926E+00 -8.66587E-01  2.77907E+00  1.32280E+00  1.32280E+00
b   7    1  7   12  98  0.00000E+00  0.00000E+00  0.00000E+00  0.00000E+00  0.00000E+00  7.66348E-02  1.53270E-03
b   7    2  7   12  99  1.30001E-01  1.21105E+00 -2.26193E+01  2.09184E+02  2.00000E+01  1.48960E-01  1.48960E-01
b   7    4  7   12  99  1.40763E-01  1.10725E+00 -2.41486E+01  2.59637E+02  2.00000E+01  1.07800E+00  1.07800E+00
b   7   10  7   12  99  2.51551E-01  4.65602E-01  1.25557E+00 -4.36975E-01  2.03855E+00  2.75200E-01  2.75200E-01
b   7   11  7   12  99  2.24365E-01  2.11750E-01  2.03452E+00 -1.14305E+00  3.33605E+00  9.32900E-01  9.32900E-01
b   7    1  7   13  98  0.00000E+00  0.00000E+00  0.00000E+00  0.00000E+00  0.00000E+00  1.06792E-01  2.13585E-03
b   7    2  7   13  99  1.39892E-01  1.56837E+00 -2.60557E+01  1.88724E+02  2.00000E+01  6.50000E-02  6.50000E-02
b   7    5  7   13  99  1.40763E-01  1.10725E+00 -2.41486E+01  2.59637E+02  2.00000E+01  1.07800E+00  1.07800E+00
b   7   10  7   13  99  3.69475E-01  6.93908E-01  1.98722E+00 -7.21032E-01  2.15359E+00  9.09800E-02  9.09800E-02
b   7   11  7   13  99  2.99331E-01  6.31344E-01  2.74226E+00 -1.51184E+00  3.49178E+00  1.54600E-01  1.54600E-01
b   7   12  7   13  99  2.33944E-01  3.10485E-01  2.14230E+00 -2.63779E-01  4.03520E+00  1.11000E+00  1.11000E+00
b   7    1  7   14  98  0.00000E+00  0.00000E+00  0.00000E+00  0.00000E+00  0.00000E+00  1.42311E-01  2.84622E-03
b   7    2  7   14  99  1.37314E-01  1.56521E+00 -2.55336E+01  1.80352E+02  2.00000E+01  3.92040E-02  3.92040E-02
b   7    6  7   14  99  1.40763E-01  1.10725E+00 -2.41486E+01  2.59637E+02  2.00000E+01  1.07800E+00  1.07800E+00
b   7   10  7   14  99  3.79011E-01  7.94950E-01  2.00527E+00 -7.43164E-01  2.12993E+00  4.73800E-02  4.73800E-02
b   7   11  7   14  99  2.99465E-01  9.85614E-01  2.13249E+00 -1.04107E+00  2.92402E+00  5.88800E-02  5.88800E-02
b   7   12  7   14  99  2.67225E-01  8.08771E-01  2.28852E+00 -1.26462E+00  3.46793E+00  1.87900E-01  1.87900E-01
b   7   13  7   14  99  2.19075E-01  3.72998E-01  1.95140E+00 -2.92093E-01  4.04182E+00  1.35100E+00  1.35100E+00
b   7    1  7   15  98  0.00000E+00  0.00000E+00  0.00000E+00  0.00000E+00  0.00000E+00  1.83258E-01  3.66516E-03
b   7    2  7   15  99  1.38758E-01  1.55916E+00 -2.57255E+01  1.87737E+02  2.00000E+01  2.55240E-02  2.55240E-02
b   7    7  7   15  99  1.40763E-01  1.10725E+00 -2.41486E+01  2.59637E+02  2.00000E+01  1.07800E+00  1.07800E+00
b   7   10  7   15  99  3.84399E-01  8.61459E-01  2.00607E+00 -7.09446E-01  2.12214E+00  2.82800E-02  2.82800E-02
b   7   11  7   15  99  3.09784E-01  1.16468E+00  2.18945E+00 -1.06313E+00  2.94584E+00  2.98600E-02  2.98600E-02
b   7   12  7   15  99  2.85382E-01  1.16413E+00  2.41022E+00 -1.31092E+00  3.54108E+00  6.88700E-02  6.88700E-02
b   7   13  7   15  99  2.50889E-01  8.98081E-01  2.18793E+00 -1.73957E-01  4.25195E+00  2.20400E-01  2.20400E-01
b   7   14  7   15  99  2.08448E-01  4.20102E-01  1.80356E+00 -2.67155E-01  4.04360E+00  1.56400E+00  1.56400E+00
b   7    1  7   16  98  0.00000E+00  0.00000E+00  0.00000E+00  0.00000E+00  0.00000E+00  2.29867E-01  4.59733E-03
b   7    2  7   16  99  1.36453E-01  1.55755E+00 -2.51848E+01  1.77679E+02  2.00000E+01  1.75640E-02  1.75640E-02
b   7    8  7   16  99  1.40763E-01  1.10725E+00 -2.41486E+01  2.59637E+02  2.00000E+01  1.07800E+00  1.07800E+00
b   7   10  7   16  99  3.87031E-01  9.09753E-01  2.01053E+00 -7.63646E-01  2.09484E+00  1.83920E-02  1.83920E-02
b   7   11  7   16  99  3.16292E-01  1.28986E+00  2.23226E+00 -1.09870E+00  2.96118E+00  1.76300E-02  1.76300E-02
b   7   12  7   16  99  2.96848E-01  1.41861E+00  2.49765E+00 -1.38074E+00  3.57580E+00  3.42500E-02  3.42500E-02
b   7   13  7   16  99  2.69168E-01  1.30760E+00  2.34025E+00 -2.65767E-01  4.33637E+00  7.89100E-02  7.89100E-02
b   7   14  7   16  99  2.39592E-01  9.70637E-01  2.01233E+00 -1.34356E-01  4.25102E+00  2.49600E-01  2.49600E-01
b   7   15  7   16  99  2.01007E-01  4.51787E-01  1.70171E+00 -2.53089E-01  4.05481E+00  1.77100E+00  1.77100E+00
b   7    1  7   17  98  0.00000E+00  0.00000E+00  0.00000E+00  0.00000E+00  0.00000E+00  2.81986E-01  5.63972E-03
b   7    2  7   17  99  1.36662E-01  1.55429E+00 -2.52064E+01  1.79860E+02  2.00000E+01  1.26040E-02  1.26040E-02
b   7    9  7   17  99  1.40763E-01  1.10725E+00 -2.41486E+01  2.59637E+02  2.00000E+01  1.07800E+00  1.07800E+00
b   7   10  7   17  99  3.90820E-01  9.37217E-01  2.06269E+00 -7.87067E-01  2.13414E+00  1.27020E-02  1.27020E-02
b   7   11  7   17  99  3.19969E-01  1.38716E+00  2.22039E+00 -1.06456E+00  2.94818E+00  1.14300E-02  1.14300E-02
b   7   12  7   17  99  3.04175E-01  1.61130E+00  2.51829E+00 -1.35314E+00  3.57809E+00  2.00200E-02  2.00200E-02
b   7   13  7   17  99  2.80157E-01  1.62580E+00  2.39011E+00 -2.34972E-01  4.36632E+00  3.86900E-02  3.86900E-02
b   7   14  7   17  99  2.57613E-01  1.42584E+00  2.10306E+00 -1.48786E-01  4.27407E+00  8.80100E-02  8.80100E-02
b   7   15  7   17  99  2.31949E-01  1.01676E+00  1.88917E+00 -1.85066E-01  4.20661E+00  2.78200E-01  2.78200E-01
b   7   16  7   17  99  2.35439E-01  5.62397E-01  1.91906E+00 -2.61700E-01  4.01394E+00  1.64100E+00  1.64100E+00
b   7    1  7   18  99  4.22478E-01 -7.92827E-02 -2.45883E+00  2.09332E+01  3.82415E+00  1.74375E-01  1.74375E-01
b   7    1  7   19  99  4.08975E-01  9.31665E-05 -2.42232E+00  1.95974E+01  3.79668E+00  6.62800E-02  6.62800E-02
b   7    2  7   19  99  4.22478E-01 -7.92827E-02 -2.45883E+00  2.09332E+01  3.82415E+00  2.32500E-01  2.32500E-01
b   7   18  7   19  99  1.40763E-01  1.10725E+00 -2.41486E+01  2.59637E+02  2.00000E+01  1.61700E+00  1.61700E+00
b   7    1  7   20  99  4.09092E-01  1.57980E-02 -2.43273E+00  1.94774E+01  3.79223E+00  2.41400E-02  2.41400E-02
b   7    3  7   20  99  4.22478E-01 -7.92827E-02 -2.45883E+00  2.09332E+01  3.82415E+00  2.32500E-01  2.32500E-01
b   7   18  7   20  99  1.38125E-01  1.21740E+00 -2.40960E+01  2.34710E+02  2.00000E+01  5.01540E-01  5.01540E-01
b   7   19  7   20  99  2.24766E-01  1.44404E-01  1.73926E+00 -8.66587E-01  2.77907E+00  6.61400E-01  6.61400E-01
b   7    1  7   21  99  4.03122E-01  1.96305E-02 -2.38014E+00  1.90719E+01  3.78767E+00  1.15380E-02  1.15380E-02
b   7    4  7   21  99  4.22478E-01 -7.92827E-02 -2.45883E+00  2.09332E+01  3.82415E+00  2.32500E-01  2.32500E-01
b   7   18  7   21  99  1.30001E-01  1.21105E+00 -2.26193E+01  2.09184E+02  2.00000E+01  2.23440E-01  2.23440E-01
b   7   19  7   21  99  2.51551E-01  4.65602E-01  1.25557E+00 -4.36975E-01  2.03855E+00  1.37600E-01  1.37600E-01
b   7   20  7   21  99  2.24365E-01  2.11750E-01  2.03452E+00 -1.14305E+00  3.33605E+00  9.32900E-01  9.32900E-01
b   7    1  7   22  99  4.59994E-01  1.95903E-02 -2.83761E+00  2.22878E+01  3.80263E+00  5.73000E-03  5.73000E-03
b   7    5  7   22  99  4.22478E-01 -7.92827E-02 -2.45883E+00  2.09332E+01  3.82415E+00  2.32500E-01  2.32500E-01
b   7   18  7   22  99  1.39892E-01  1.56837E+00 -2.60557E+01  1.88724E+02  2.00000E+01  9.75000E-02  9.75000E-02
b   7   19  7   22  99  3.69475E-01  6.93908E-01  1.98722E+00 -7.21032E-01  2.15359E+00  4.54900E-02  4.54900E-02
b   7   20  7   22  99  2.99331E-01  6.31344E-01  2.74226E+00 -1.51184E+00  3.49178E+00  1.54600E-01  1.54600E-01
b   7   21  7   22  99  2.33944E-01  3.10485E-01  2.14230E+00 -2.63779E-01  4.03520E+00  1.11000E+00  1.11000E+00
b   7    1  7   23  99  4.54196E-01  2.09907E-02 -2.79570E+00  2.19420E+01  3.79952E+00  3.51200E-03  3.51200E-03
b   7    6  7   23  99  4.22478E-01 -7.92827E-02 -2.45883E+00  2.09332E+01  3.82415E+00  2.32500E-01  2.32500E-01
b   7   18  7   23  99  1.37314E-01  1.56521E+00 -2.55336E+01  1.80352E+02  2.00000E+01  5.88060E-02  5.88060E-02
b   7   19  7   23  99  3.79011E-01  7.94950E-01  2.00527E+00 -7.43164E-01  2.12993E+00  2.36900E-02  2.36900E-02
b   7   20  7   23  99  2.99465E-01  9.85614E-01  2.13249E+00 -1.04107E+00  2.92402E+00  5.88800E-02  5.88800E-02
b   7   21  7   23  99  2.67225E-01  8.08771E-01  2.28852E+00 -1.26462E+00  3.46793E+00  1.87900E-01  1.87900E-01
b   7   22  7   23  99  2.19075E-01  3.72998E-01  1.95140E+00 -2.92093E-01  4.04182E+00  1.35100E+00  1.35100E+00
b   7    1  7   24  99  4.51678E-01  1.60220E-02 -2.73080E+00  2.16264E+01  3.79119E+00  2.30800E-03  2.30800E-03
b   7    7  7   24  99  4.22478E-01 -7.92827E-02 -2.45883E+00  2.09332E+01  3.82415E+00  2.32500E-01  2.32500E-01
b   7   18  7   24  99  1.38758E-01  1.55916E+00 -2.57255E+01  1.87737E+02  2.00000E+01  3.82860E-02  3.82860E-02
b   7   19  7   24  99  3.84399E-01  8.61459E-01  2.00607E+00 -7.09446E-01  2.12214E+00  1.41400E-02  1.41400E-02
b   7   20  7   24  99  3.09784E-01  1.16468E+00  2.18945E+00 -1.06313E+00  2.94584E+00  2.98600E-02  2.98600E-02
b   7   21  7   24  99  2.85382E-01  1.16413E+00  2.41022E+00 -1.31092E+00  3.54108E+00  6.88700E-02  6.88700E-02
b   7   22  7   24  99  2.50889E-01  8.98081E-01  2.18793E+00 -1.73957E-01  4.25195E+00  2.20400E-01  2.20400E-01
b   7   23  7   24  99  2.08448E-01  4.20102E-01  1.80356E+00 -2.67155E-01  4.04360E+00  1.56400E+00  1.56400E+00
b   7    1  7   25  99  4.47721E-01  2.16644E-02 -2.76171E+00  2.16650E+01  3.80214E+00  1.59580E-03  1.59580E-03
b   7    8  7   25  99  4.22478E-01 -7.92827E-02 -2.45883E+00  2.09332E+01  3.82415E+00  2.32500E-01  2.32500E-01
b   7   18  7   25  99  1.36453E-01  1.55755E+00 -2.51848E+01  1.77679E+02  2.00000E+01  2.63460E-02  2.63460E-02
b   7   19  7   25  99  3.87031E-01  9.09753E-01  2.01053E+00 -7.63646E-01  2.09484E+00  9.19600E-03  9.19600E-03
b   7   20  7   25  99  3.16292E-01  1.28986E+00  2.23226E+00 -1.09870E+00  2.96118E+00  1.76300E-02  1.76300E-02
b   7   21  7   25  99  2.96848E-01  1.41861E+00  2.49765E+00 -1.38074E+00  3.57580E+00  3.42500E-02  3.42500E-02
b   7   22  7   25  99  2.69168E-01  1.30760E+00  2.34025E+00 -2.65767E-01  4.33637E+00  7.89100E-02  7.89100E-02
b   7   23  7   25  99  2.39592E-01  9.70637E-01  2.01233E+00 -1.34356E-01  4.25102E+00  2.49600E-01  2.49600E-01
b   7   24  7   25  99  2.01007E-01  4.51787E-01  1.70171E+00 -2.53089E-01  4.05481E+00  1.77100E+00  1.77100E+00
b   7    1  7   26  99  4.47096E-01  1.56853E-02 -2.70349E+00  2.14334E+01  3.79416E+00  1.14820E-03  1.14820E-03
b   7    9  7   26  99  4.22478E-01 -7.92827E-02 -2.45883E+00  2.09332E+01  3.82415E+00  2.32500E-01  2.32500E-01
b   7   18  7   26  99  1.36662E-01  1.55429E+00 -2.52064E+01  1.79860E+02  2.00000E+01  1.89060E-02  1.89060E-02
b   7   19  7   26  99  3.90820E-01  9.37217E-01  2.06269E+00 -7.87067E-01  2.13414E+00  6.35100E-03  6.35100E-03
b   7   20  7   26  99  3.19969E-01  1.38716E+00  2.22039E+00 -1.06456E+00  2.94818E+00  1.14300E-02  1.14300E-02
b   7   21  7   26  99  3.04175E-01  1.61130E+00  2.51829E+00 -1.35314E+00  3.57809E+00  2.00200E-02  2.00200E-02
b   7   22  7   26  99  2.80157E-01  1.62580E+00  2.39011E+00 -2.34972E-01  4.36632E+00  3.86900E-02  3.86900E-02
b   7   23  7   26  99  2.57613E-01  1.42584E+00  2.10306E+00 -1.48786E-01  4.27407E+00  8.80100E-02  8.80100E-02
b   7   24  7   26  99  2.31949E-01  1.01676E+00  1.88917E+00 -1.85066E-01  4.20661E+00  2.78200E-01  2.78200E-01
b   7   25  7   26  99  2.35439E-01  5.62397E-01  1.91906E+00 -2.61700E-01  4.01394E+00  1.64100E+00  1.64100E+00
f   7    1  6    1  99  5.00000E+00  7.91640E+00
p   7    1  6    1  98  1.64490E+00 -2.23890E+00 -2.09560E-01  2.54610E-02  5.00000E+00  1.54800E+02  1.61000E+02  3.09600E+03
f   7    2  6    1  99  1.00000E+00  5.41600E+00
p   7    2  6    1  99  1.00000E+00  5.41600E+00
f   7    3  6    1  99  1.00000E+00  5.12040E+00
p   7    3  6    1  99  1.00000E+00  5.12040E+00
f   7    4  6    1  99  1.00000E+00  5.01440E+00
p   7    4  6    1  99  1.00000E+00  5.01440E+00
f   7    5  6    1  99  1.00000E+00  5.05400E+00
p   7    5  6    1  99  1.00000E+00  5.05400E+00
f   7    6  6    1  99  1.00000E+00  5.04200E+00
p   7    6  6    1  99  1.00000E+00  5.04200E+00
f   7    7  6    1  99  1.00000E+00  5.00420E+00
p   7    7  6    1  99  1.00000E+00  5.00420E+00
f   7    8  6    1  99  1.00000E+00  5.00420E+00
p   7    8  6    1  99  1.00000E+00  5.00420E+00
f   7    9  6    1  99  1.00000E+00  5.00060E+00
p   7    9  6    1  99  1.00000E+00  5.00060E+00
f   7    2  6    2  99  4.00000E+00  5.41600E+00
p   7    2  6    2  98  1.64490E+00 -2.23890E+00 -2.09560E-01  2.54610E-02  5.00000E+00  1.54800E+02  1.61000E+02  3.09600E+03
f   7   10  6    2  99  2.00000E+00  5.98000E+00
p   7   10  6    2  99  2.00000E+00  5.98000E+00
f   7   11  6    2  99  1.00000E+00  5.17710E+00
p   7   11  6    2  99  1.00000E+00  5.17710E+00
f   7   12  6    2  99  1.00000E+00  5.03270E+00
p   7   12  6    2  99  1.00000E+00  5.03270E+00
f   7   13  6    2  99  1.00000E+00  5.06000E+00
p   7   13  6    2  99  1.00000E+00  5.06000E+00
f   7   14  6    2  99  1.00000E+00  5.04600E+00
p   7   14  6    2  99  1.00000E+00  5.04600E+00
f   7   15  6    2  99  1.00000E+00  5.01320E+00
p   7   15  6    2  99  1.00000E+00  5.01320E+00
f   7   16  6    2  99  1.00000E+00  5.01120E+00
p   7   16  6    2  99  1.00000E+00  5.01120E+00
f   7   17  6    2  99  1.00000E+00  5.00060E+00
p   7   17  6    2  99  1.00000E+00  5.00060E+00
f   7    3  6    3  99  4.00000E+00  5.12040E+00
p   7    3  6    3  98  1.64490E+00 -2.23890E+00 -2.09560E-01  2.54610E-02  5.00000E+00  1.54800E+02  1.61000E+02  3.09600E+03
f   7   11  6    3  99  1.00000E+00  5.17710E+00
p   7   11  6    3  99  1.00000E+00  5.17710E+00
f   7    4  6    4  99  4.00000E+00  5.01440E+00
p   7    4  6    4  98  1.64490E+00 -2.23890E+00 -2.09560E-01  2.54610E-02  5.00000E+00  1.54800E+02  1.61000E+02  3.09600E+03
f   7   12  6    4  99  1.00000E+00  5.03270E+00
p   7   12  6    4  99  1.00000E+00  5.03270E+00
f   7    5  6    5  99  4.00000E+00  5.05400E+00
p   7    5  6    5  98  1.64490E+00 -2.23890E+00 -2.09560E-01  2.54610E-02  5.00000E+00  1.54800E+02  1.61000E+02  3.09600E+03
f   7   13  6    5  99  1.00000E+00  5.06000E+00
p   7   13  6    5  99  1.00000E+00  5.06000E+00
f   7    6  6    6  99  4.00000E+00  5.04200E+00
p   7    6  6    6  98  1.64490E+00 -2.23890E+00 -2.09560E-01  2.54610E-02  5.00000E+00  1.54800E+02  1.61000E+02  3.09600E+03
f   7   14  6    6  99  1.00000E+00  5.04600E+00
p   7   14  6    6  99  1.00000E+00  5.04600E+00
f   7    7  6    7  99  4.00000E+00  5.00420E+00
p   7    7  6    7  98  1.64490E+00 -2.23890E+00 -2.09560E-01  2.54610E-02  5.00000E+00  1.54800E+02  1.61000E+02  3.09600E+03
f   7   15  6    7  99  1.00000E+00  5.01320E+00
p   7   15  6    7  99  1.00000E+00  5.01320E+00
f   7    8  6    8  99  4.00000E+00  5.00420E+00
p   7    8  6    8  98  1.64490E+00 -2.23890E+00 -2.09560E-01  2.54610E-02  5.00000E+00  1.54800E+02  1.61000E+02  3.09600E+03
f   7   16  6    8  99  1.00000E+00  5.01120E+00
p   7   16  6    8  99  1.00000E+00  5.01120E+00
f   7    9  6    9  99  4.00000E+00  5.00060E+00
p   7    9  6    9  98  1.64490E+00 -2.23890E+00 -2.09560E-01  2.54610E-02  5.00000E+00  1.54800E+02  1.61000E+02  3.09600E+03
f   7   17  6    9  99  1.00000E+00  5.00060E+00
p   7   17  6    9  99  1.00000E+00  5.00060E+00
f   7   10  6   10  99  3.00000E+00  5.98000E+00
p   7   10  6   10  98  1.64490E+00 -2.23890E+00 -2.09560E-01  2.54610E-02  5.00000E+00  1.54800E+02  1.61000E+02  3.09600E+03
f   7   11  6   11  99  3.00000E+00  5.17710E+00
p   7   11  6   11  98  1.64490E+00 -2.23890E+00 -2.09560E-01  2.54610E-02  5.00000E+00  1.54800E+02  1.61000E+02  3.09600E+03
f   7   12  6   12  99  3.00000E+00  5.03270E+00
p   7   12  6   12  98  1.64490E+00 -2.23890E+00 -2.09560E-01  2.54610E-02  5.00000E+00  1.54800E+02  1.61000E+02  3.09600E+03
f   7   13  6   13  99  3.00000E+00  5.06000E+00
p   7   13  6   13  98  1.64490E+00 -2.23890E+00 -2.09560E-01  2.54610E-02  5.00000E+00  1.54800E+02  1.61000E+02  3.09600E+03
f   7   14  6   14  99  3.00000E+00  5.04600E+00
p   7   14  6   14  98  1.64490E+00 -2.23890E+00 -2.09560E-01  2.54610E-02  5.00000E+00  1.54800E+02  1.61000E+02  3.09600E+03
f   7   15  6   15  99  3.00000E+00  5.01320E+00
p   7   15  6   15  98  1.64490E+00 -2.23890E+00 -2.09560E-01  2.54610E-02  5.00000E+00  1.54800E+02  1.61000E+02  3.09600E+03
f   7   16  6   16  99  3.00000E+00  5.01120E+00
p   7   16  6   16  98  1.64490E+00 -2.23890E+00 -2.09560E-01  2.54610E-02  5.00000E+00  1.54800E+02  1.61000E+02  3.09600E+03
f   7   17  6   17  99  3.00000E+00  5.00060E+00
p   7   17  6   17  98  1.64490E+00 -2.23890E+00 -2.09560E-01  2.54610E-02  5.00000E+00  1.54800E+02  1.61000E+02  3.09600E+03
f   7    1  6   18  99  2.00000E+00  7.91640E+00
p   7    1  6   18  98  2.18710E+00 -2.40490E+00 -2.24840E-01  2.28200E-02  2.00000E+00  1.18000E+03  1.22800E+03  2.36100E+04
f   7   18  6   18  99  6.00000E+00  8.55250E+00
p   7   18  6   18  98  1.64490E+00 -2.23890E+00 -2.09560E-01  2.54610E-02  5.00000E+00  1.54800E+02  1.61000E+02  3.09600E+03
f   7   19  6   18  99  1.00000E+00  5.49600E+00
p   7   19  6   18  99  1.00000E+00  5.49600E+00
f   7   20  6   18  99  1.00000E+00  5.14360E+00
p   7   20  6   18  99  1.00000E+00  5.14360E+00
f   7   21  6   18  99  1.00000E+00  5.01350E+00
p   7   21  6   18  99  1.00000E+00  5.01350E+00
f   7   22  6   18  99  1.00000E+00  5.06300E+00
p   7   22  6   18  99  1.00000E+00  5.06300E+00
f   7   23  6   18  99  1.00000E+00  5.05100E+00
p   7   23  6   18  99  1.00000E+00  5.05100E+00
f   7   24  6   18  99  1.00000E+00  5.00510E+00
p   7   24  6   18  99  1.00000E+00  5.00510E+00
f   7   25  6   18  99  1.00000E+00  5.00510E+00
p   7   25  6   18  99  1.00000E+00  5.00510E+00
f   7   26  6   18  99  1.00000E+00  5.00060E+00
p   7   26  6   18  99  1.00000E+00  5.00060E+00
f   7    2  6   19  99  2.00000E+00  5.41600E+00
p   7    2  6   19  98  2.18710E+00 -2.40490E+00 -2.24840E-01  2.28200E-02  2.00000E+00  1.18000E+03  1.22800E+03  2.36100E+04
f   7   19  6   19  99  5.00000E+00  5.49600E+00
p   7   19  6   19  98  1.64490E+00 -2.23890E+00 -2.09560E-01  2.54610E-02  5.00000E+00  1.54800E+02  1.61000E+02  3.09600E+03
f   7    3  6   20  99  2.00000E+00  5.12040E+00
p   7    3  6   20  98  2.18710E+00 -2.40490E+00 -2.24840E-01  2.28200E-02  2.00000E+00  1.18000E+03  1.22800E+03  2.36100E+04
f   7   20  6   20  99  5.00000E+00  5.14360E+00
p   7   20  6   20  98  1.64490E+00 -2.23890E+00 -2.09560E-01  2.54610E-02  5.00000E+00  1.54800E+02  1.61000E+02  3.09600E+03
f   7    4  6   21  99  2.00000E+00  5.01440E+00
p   7    4  6   21  98  2.18710E+00 -2.40490E+00 -2.24840E-01  2.28200E-02  2.00000E+00  1.18000E+03  1.22800E+03  2.36100E+04
f   7   21  6   21  99  5.00000E+00  5.01350E+00
p   7   21  6   21  98  1.64490E+00 -2.23890E+00 -2.09560E-01  2.54610E-02  5.00000E+00  1.54800E+02  1.61000E+02  3.09600E+03
f   7    5  6   22  99  2.00000E+00  5.05400E+00
p   7    5  6   22  98  2.18710E+00 -2.40490E+00 -2.24840E-01  2.28200E-02  2.00000E+00  1.18000E+03  1.22800E+03  2.36100E+04
f   7   22  6   22  99  5.00000E+00  5.06300E+00
p   7   22  6   22  98  1.64490E+00 -2.23890E+00 -2.09560E-01  2.54610E-02  5.00000E+00  1.54800E+02  1.61000E+02  3.09600E+03
f   7    6  6   23  99  2.00000E+00  5.04200E+00
p   7    6  6   23  98  2.18710E+00 -2.40490E+00 -2.24840E-01  2.28200E-02  2.00000E+00  1.18000E+03  1.22800E+03  2.36100E+04
f   7   23  6   23  99  5.00000E+00  5.05100E+00
p   7   23  6   23  98  1.64490E+00 -2.23890E+00 -2.09560E-01  2.54610E-02  5.00000E+00  1.54800E+02  1.61000E+02  3.09600E+03
f   7    7  6   24  99  2.00000E+00  5.00420E+00
p   7    7  6   24  98  2.18710E+00 -2.40490E+00 -2.24840E-01  2.28200E-02  2.00000E+00  1.18000E+03  1.22800E+03  2.36100E+04
f   7   24  6   24  99  5.00000E+00  5.00510E+00
p   7   24  6   24  98  1.64490E+00 -2.23890E+00 -2.09560E-01  2.54610E-02  5.00000E+00  1.54800E+02  1.61000E+02  3.09600E+03
f   7    8  6   25  99  2.00000E+00  5.00420E+00
p   7    8  6   25  98  2.18710E+00 -2.40490E+00 -2.24840E-01  2.28200E-02  2.00000E+00  1.18000E+03  1.22800E+03  2.36100E+04
f   7   25  6   25  99  5.00000E+00  5.00510E+00
p   7   25  6   25  98  1.64490E+00 -2.23890E+00 -2.09560E-01  2.54610E-02  5.00000E+00  1.54800E+02  1.61000E+02  3.09600E+03
f   7    9  6   26  99  2.00000E+00  5.00060E+00
p   7    9  6   26  98  2.18710E+00 -2.40490E+00 -2.24840E-01  2.28200E-02  2.00000E+00  1.18000E+03  1.22800E+03  2.36100E+04
f   7   26  6   26  99  5.00000E+00  5.00060E+00
p   7   26  6   26  98  1.64490E+00 -2.23890E+00 -2.09560E-01  2.54610E-02  5.00000E+00  1.54800E+02  1.61000E+02  3.09600E+03
a   7   10  6    1   6.55012E+13
a   7   11  6    1   1.09388E+13
a   7   12  6    1   3.30056E+12
a   7   13  6    1   1.29098E+12
a   7   14  6    1   5.97281E+11
a   7   15  6    1   3.06356E+11
a   7   16  6    1   1.70006E+11
a   7   17  6    1   1.00388E+11
a   7   18  6    1   4.22010E+14
a   7   19  6    1   8.80775E+12
a   7   20  6    1   1.65935E+12
a   7   21  6    1   4.95075E+11
a   7   22  6    1   1.88462E+11
a   7   23  6    1   8.71950E+10
a   7   24  6    1   4.47225E+10
a   7   25  6    1   2.48180E+10
a   7   26  6    1   1.46548E+10
a   7   19  6    2   2.81340E+14
a   7   20  6    3   2.81340E+14
a   7   21  6    4   2.81340E+14
a   7   22  6    5   2.81340E+14
a   7   23  6    6   2.81340E+14
a   7   24  6    7   2.81340E+14
a   7   25  6    8   2.81340E+14
a   7   26  6    9   2.81340E+14
b   8    1  8    2  99  1.46995E-01  1.08123E+00 -2.28148E+01  2.60200E+02  2.00000E+01  1.10580E+00  1.10580E+00
b   8    1  8    3  99  1.52459E-01  1.15952E+00 -2.37533E+01  2.60873E+02  2.00000E+01  3.85140E-01  3.85140E-01
b   8    2  8    3  99  2.13842E-01  1.62891E-01  1.95482E+00 -1.07706E+00  3.32750E+00  6.47800E-01  6.47800E-01
b   8    1  8    4  99  1.47206E-01  1.15326E+00 -2.29572E+01  2.45897E+02  2.00000E+01  1.80360E-01  1.80360E-01
b   8    2  8    4  99  2.57308E-01  4.43886E-01  1.85150E+00 -9.07886E-01  2.81530E+00  1.27500E-01  1.27500E-01
b   8    3  8    4  99  2.10728E-01  2.77543E-01  1.91070E+00 -2.77697E-01  4.01670E+00  9.38700E-01  9.38700E-01
b   8    1  8    5  99  1.81694E-01  1.59186E+00 -3.14380E+01  3.09231E+02  2.00000E+01  7.64400E-02  7.64400E-02
b   8    2  8    5  99  3.98204E-01  7.12391E-01  2.89948E+00 -1.41212E+00  2.81519E+00  4.03100E-02  4.03100E-02
b   8    3  8    5  99  2.81043E-01  7.61534E-01  2.40601E+00 -1.32980E+00  3.43845E+00  1.47400E-01  1.47400E-01
b   8    4  8    5  99  2.22216E-01  3.88734E-01  1.93133E+00 -2.51176E-01  4.01558E+00  1.11600E+00  1.11600E+00
b   8    1  8    6  99  1.77114E-01  1.57481E+00 -3.07124E+01  2.98039E+02  2.00000E+01  4.67760E-02  4.67760E-02
b   8    2  8    6  99  4.11704E-01  8.15437E-01  3.00153E+00 -1.39799E+00  2.86476E+00  2.09700E-02  2.09700E-02
b   8    3  8    6  99  3.00736E-01  1.04861E+00  2.56332E+00 -1.39433E+00  3.50560E+00  5.54500E-02  5.54500E-02
b   8    4  8    6  99  2.56118E-01  8.96056E-01  2.22662E+00 -2.73544E-01  4.23296E+00  1.83500E-01  1.83500E-01
b   8    5  8    6  99  2.09804E-01  4.44279E-01  1.77302E+00 -2.40828E-01  4.02706E+00  1.36400E+00  1.36400E+00
b   8    1  8    7  99  1.74526E-01  1.56045E+00 -3.01441E+01  2.90112E+02  2.00000E+01  3.07380E-02  3.07380E-02
b   8    2  8    7  99  3.77986E-01  1.06618E+00  1.80111E+00 -6.28711E-01  2.06051E+00  1.25100E-02  1.25100E-02
b   8    3  8    7  99  3.12490E-01  1.23882E+00  2.66822E+00 -1.45540E+00  3.55839E+00  2.79700E-02  2.79700E-02
b   8    4  8    7  99  2.74096E-01  1.27074E+00  2.33290E+00 -2.40684E-01  4.26358E+00  6.65300E-02  6.65300E-02
b   8    5  8    7  99  2.40194E-01  9.84067E-01  1.97942E+00 -1.96026E-01  4.19901E+00  2.17900E-01  2.17900E-01
b   8    6  8    7  99  2.00474E-01  4.86674E-01  1.64431E+00 -2.31971E-01  4.02320E+00  1.57800E+00  1.57800E+00
b   8    1  8    8  99  1.74464E-01  1.54647E+00 -2.99977E+01  2.91428E+02  2.00000E+01  2.12880E-02  2.12880E-02
b   8    2  8    8  99  3.83031E-01  1.11261E+00  1.84106E+00 -6.40992E-01  2.08531E+00  8.14400E-03  8.14400E-03
b   8    3  8    8  99  3.19531E-01  1.37432E+00  2.71615E+00 -1.48943E+00  3.56852E+00  1.64600E-02  1.64600E-02
b   8    4  8    8  99  2.85150E-01  1.54264E+00  2.40937E+00 -2.27511E-01  4.32633E+00  3.29000E-02  3.29000E-02
b   8    5  8    8  99  2.56987E-01  1.41263E+00  2.08651E+00 -1.69929E-01  4.29728E+00  7.73400E-02  7.73400E-02
b   8    6  8    8  99  2.30297E-01  1.04666E+00  1.83835E+00 -1.87084E-01  4.19274E+00  2.47900E-01  2.47900E-01
b   8    7  8    8  99  2.04743E-01  4.61079E-01  2.17472E+00  2.63784E+00  6.20420E+00  1.78400E+00  1.78400E+00
b   8    1  8    9  99  1.71265E-01  1.54663E+00 -2.97160E+01  2.84333E+02  2.00000E+01  1.53420E-02  1.53420E-02
b   8    2  8    9  99  3.85539E-01  1.15102E+00  1.83232E+00 -6.53014E-01  2.05411E+00  5.62700E-03  5.62700E-03
b   8    3  8    9  99  3.24444E-01  1.47454E+00  2.73699E+00 -1.48284E+00  3.56340E+00  1.06600E-02  1.06600E-02
b   8    4  8    9  99  2.92623E-01  1.74585E+00  2.44591E+00 -2.18049E-01  4.32887E+00  1.91700E-02  1.91700E-02
b   8    5  8    9  99  2.67981E-01  1.74303E+00  2.12335E+00 -1.71495E-01  4.28900E+00  3.77400E-02  3.77400E-02
b   8    6  8    9  99  2.47972E-01  1.51200E+00  1.93256E+00 -1.46753E-01  4.26765E+00  8.67800E-02  8.67800E-02
b   8    7  8    9  99  2.24301E-01  1.08170E+00  1.73995E+00 -1.63921E-01  4.19481E+00  2.76900E-01  2.76900E-01
b   8    8  8    9  99  1.10932E-01  4.25297E-01  1.09530E+00  1.61399E+00  6.69734E+00  3.23400E+00  3.23400E+00
b   8    1  8   10  98  0.00000E+00  0.00000E+00  0.00000E+00  0.00000E+00  0.00000E+00  4.97605E-02  9.95210E-04
b   8    2  8   10  99  1.46995E-01  1.08123E+00 -2.28148E+01  2.60200E+02  2.00000E+01  8.70306E-01  8.70306E-01
b   8    1  8   11  98  0.00000E+00  0.00000E+00  0.00000E+00  0.00000E+00  0.00000E+00  8.37936E-02  1.67587E-03
b   8    2  8   11  99  1.52459E-01  1.15952E+00 -2.37533E+01  2.60873E+02  2.00000E+01  3.20950E-01  3.20950E-01
b   8    3  8   11  99  1.46995E-01  1.08123E+00 -2.28148E+01  2.60200E+02  2.00000E+01  9.21500E-01  9.21500E-01
b   8   10  8   11  99  2.13842E-01  1.62891E-01  1.95482E+00 -1.07706E+00  3.32750E+00  1.29560E+00  1.29560E+00
b   8    1  8   12  98  0.00000E+00  0.00000E+00  0.00000E+00  0.00000E+00  0.00000E+00  1.23230E-01  2.46460E-03
b   8    2  8   12  99  1.47206E-01  1.15326E+00 -2.29572E+01  2.45897E+02  2.00000E+01  1.50300E-01  1.50300E-01
b   8    4  8   12  99  1.46995E-01  1.08123E+00 -2.28148E+01  2.60200E+02  2.00000E+01  9.21500E-01  9.21500E-01
b   8   10  8   12  99  2.57308E-01  4.43886E-01  1.85150E+00 -9.07886E-01  2.81530E+00  2.55000E-01  2.55000E-01
b   8   11  8   12  99  2.10728E-01  2.77543E-01  1.91070E+00 -2.77697E-01  4.01670E+00  9.38700E-01  9.38700E-01
b   8    1  8   13  98  0.00000E+00  0.00000E+00  0.00000E+00  0.00000E+00  0.00000E+00  1.72842E-01  3.45685E-03
b   8    2  8   13  99  1.81694E-01  1.59186E+00 -3.14380E+01  3.09231E+02  2.00000E+01  6.37000E-02  6.37000E-02
b   8    5  8   13  99  1.46995E-01  1.08123E+00 -2.28148E+01  2.60200E+02  2.00000E+01  9.21500E-01  9.21500E-01
b   8   10  8   13  99  3.98204E-01  7.12391E-01  2.89948E+00 -1.41212E+00  2.81519E+00  8.06200E-02  8.06200E-02
b   8   11  8   13  99  2.81043E-01  7.61534E-01  2.40601E+00 -1.32980E+00  3.43845E+00  1.47400E-01  1.47400E-01
b   8   12  8   13  99  2.22216E-01  3.88734E-01  1.93133E+00 -2.51176E-01  4.01558E+00  1.11600E+00  1.11600E+00
b   8    1  8   14  98  0.00000E+00  0.00000E+00  0.00000E+00  0.00000E+00  0.00000E+00  2.31136E-01  4.62272E-03
b   8    2  8   14  99  1.77114E-01  1.57481E+00 -3.07124E+01  2.98039E+02  2.00000E+01  3.89800E-02  3.89800E-02
b   8    6  8   14  99  1.46995E-01  1.08123E+00 -2.28148E+01  2.60200E+02  2.00000E+01  9.21500E-01  9.21500E-01
b   8   10  8   14  99  4.11704E-01  8.15437E-01  3.00153E+00 -1.39799E+00  2.86476E+00  4.19400E-02  4.19400E-02
b   8   11  8   14  99  3.00736E-01  1.04861E+00  2.56332E+00 -1.39433E+00  3.50560E+00  5.54500E-02  5.54500E-02
b   8   12  8   14  99  2.56118E-01  8.96056E-01  2.22662E+00 -2.73544E-01  4.23296E+00  1.83500E-01  1.83500E-01
b   8   13  8   14  99  2.09804E-01  4.44279E-01  1.77302E+00 -2.40828E-01  4.02706E+00  1.36400E+00  1.36400E+00
b   8    1  8   15  98  0.00000E+00  0.00000E+00  0.00000E+00  0.00000E+00  0.00000E+00  2.98273E-01  5.96546E-03
b   8    2  8   15  99  1.74526E-01  1.56045E+00 -3.01441E+01  2.90112E+02  2.00000E+01  2.56150E-02  2.56150E-02
b   8    7  8   15  99  1.46995E-01  1.08123E+00 -2.28148E+01  2.60200E+02  2.00000E+01  9.21500E-01  9.21500E-01
b   8   10  8   15  99  3.77986E-01  1.06618E+00  1.80111E+00 -6.28711E-01  2.06051E+00  2.50200E-02  2.50200E-02
b   8   11  8   15  99  3.12490E-01  1.23882E+00  2.66822E+00 -1.45540E+00  3.55839E+00  2.79700E-02  2.79700E-02
b   8   12  8   15  99  2.74096E-01  1.27074E+00  2.33290E+00 -2.40684E-01  4.26358E+00  6.65300E-02  6.65300E-02
b   8   13  8   15  99  2.40194E-01  9.84067E-01  1.97942E+00 -1.96026E-01  4.19901E+00  2.17900E-01  2.17900E-01
b   8   14  8   15  99  2.00474E-01  4.86674E-01  1.64431E+00 -2.31971E-01  4.02320E+00  1.57800E+00  1.57800E+00
b   8    1  8   16  98  0.00000E+00  0.00000E+00  0.00000E+00  0.00000E+00  0.00000E+00  3.74727E-01  7.49455E-03
b   8    2  8   16  99  1.74464E-01  1.54647E+00 -2.99977E+01  2.91428E+02  2.00000E+01  1.77400E-02  1.77400E-02
b   8    8  8   16  99  1.46995E-01  1.08123E+00 -2.28148E+01  2.60200E+02  2.00000E+01  9.21500E-01  9.21500E-01
b   8   10  8   16  99  3.83031E-01  1.11261E+00  1.84106E+00 -6.40992E-01  2.08531E+00  1.62880E-02  1.62880E-02
b   8   11  8   16  99  3.19531E-01  1.37432E+00  2.71615E+00 -1.48943E+00  3.56852E+00  1.64600E-02  1.64600E-02
b   8   12  8   16  99  2.85150E-01  1.54264E+00  2.40937E+00 -2.27511E-01  4.32633E+00  3.29000E-02  3.29000E-02
b   8   13  8   16  99  2.56987E-01  1.41263E+00  2.08651E+00 -1.69929E-01  4.29728E+00  7.73400E-02  7.73400E-02
b   8   14  8   16  99  2.30297E-01  1.04666E+00  1.83835E+00 -1.87084E-01  4.19274E+00  2.47900E-01  2.47900E-01
b   8   15  8   16  99  2.04743E-01  4.61079E-01  2.17472E+00  2.63784E+00  6.20420E+00  1.78400E+00  1.78400E+00
b   8    1  8   17  98  0.00000E+00  0.00000E+00  0.00000E+00  0.00000E+00  0.00000E+00  4.60201E-01  9.20402E-03
b   8    2  8   17  99  1.71265E-01  1.54663E+00 -2.97160E+01  2.84333E+02  2.00000E+01  1.27850E-02  1.27850E-02
b   8    9  8   17  99  1.46995E-01  1.08123E+00 -2.28148E+01  2.60200E+02  2.00000E+01  9.21500E-01  9.21500E-01
b   8   10  8   17  99  3.85539E-01  1.15102E+00  1.83232E+00 -6.53014E-01  2.05411E+00  1.12540E-02  1.12540E-02
b   8   11  8   17  99  3.24444E-01  1.47454E+00  2.73699E+00 -1.48284E+00  3.56340E+00  1.06600E-02  1.06600E-02
b   8   12  8   17  99  2.92623E-01  1.74585E+00  2.44591E+00 -2.18049E-01  4.32887E+00  1.91700E-02  1.91700E-02
b   8   13  8   17  99  2.67981E-01  1.74303E+00  2.12335E+00 -1.71495E-01  4.28900E+00  3.77400E-02  3.77400E-02
b   8   14  8   17  99  2.47972E-01  1.51200E+00  1.93256E+00 -1.46753E-01  4.26765E+00  8.67800E-02  8.67800E-02
b   8   15  8   17  99  2.24301E-01  1.08170E+00  1.73995E+00 -1.63921E-01  4.19481E+00  2.76900E-01  2.76900E-01
b   8   16  8   17  99  1.10932E-01  4.25297E-01  1.09530E+00  1.61399E+00  6.69734E+00  3.23400E+00  3.23400E+00
b   8    1  8   18  99  4.25309E-01 -7.96053E-02 -2.48818E+00  2.11530E+01  3.82798E+00  1.05650E-01  1.05650E-01
b   8    1  8   19  99  4.09929E-01 -5.95838E-03 -2.46517E+00  1.99008E+01  3.80671E+00  4.98400E-02  4.98400E-02
b   8    2  8   19  99  4.25309E-01 -7.96053E-02 -2.48818E+00  2.11530E+01  3.82798E+00  1.58475E-01  1.58475E-01
b   8   18  8   19  99  1.46995E-01  1.08123E+00 -2.28148E+01  2.60200E+02  2.00000E+01  1.29010E+00  1.29010E+00
b   8    1  8   20  99  4.14284E-01 -3.11733E-04 -2.47272E+00  1.99336E+01  3.79935E+00  1.77880E-02  1.77880E-02
b   8    3  8   20  99  4.25309E-01 -7.96053E-02 -2.48818E+00  2.11530E+01  3.82798E+00  1.58475E-01  1.58475E-01
b   8   18  8   20  99  1.52459E-01  1.15952E+00 -2.37533E+01  2.60873E+02  2.00000E+01  4.49330E-01  4.49330E-01
b   8   19  8   20  99  2.13842E-01  1.62891E-01  1.95482E+00 -1.07706E+00  3.32750E+00  6.47800E-01  6.47800E-01
b   8    1  8   21  99  4.09500E-01  1.27876E-03 -2.44378E+00  1.97064E+01  3.80228E+00  8.40400E-03  8.40400E-03
b   8    4  8   21  99  4.25309E-01 -7.96053E-02 -2.48818E+00  2.11530E+01  3.82798E+00  1.58475E-01  1.58475E-01
b   8   18  8   21  99  1.47206E-01  1.15326E+00 -2.29572E+01  2.45897E+02  2.00000E+01  2.10420E-01  2.10420E-01
b   8   19  8   21  99  2.57308E-01  4.43886E-01  1.85150E+00 -9.07886E-01  2.81530E+00  1.27500E-01  1.27500E-01
b   8   20  8   21  99  2.10728E-01  2.77543E-01  1.91070E+00 -2.77697E-01  4.01670E+00  9.38700E-01  9.38700E-01
b   8    1  8   22  99  4.66108E-01 -6.84965E-03 -2.85656E+00  2.27608E+01  3.80739E+00  4.14400E-03  4.14400E-03
b   8    5  8   22  99  4.25309E-01 -7.96053E-02 -2.48818E+00  2.11530E+01  3.82798E+00  1.58475E-01  1.58475E-01
b   8   18  8   22  99  1.81694E-01  1.59186E+00 -3.14380E+01  3.09231E+02  2.00000E+01  8.91800E-02  8.91800E-02
b   8   19  8   22  99  3.98204E-01  7.12391E-01  2.89948E+00 -1.41212E+00  2.81519E+00  4.03100E-02  4.03100E-02
b   8   20  8   22  99  2.81043E-01  7.61534E-01  2.40601E+00 -1.32980E+00  3.43845E+00  1.47400E-01  1.47400E-01
b   8   21  8   22  99  2.22216E-01  3.88734E-01  1.93133E+00 -2.51176E-01  4.01558E+00  1.11600E+00  1.11600E+00
b   8    1  8   23  99  4.60732E-01 -1.07238E-02 -2.79149E+00  2.24017E+01  3.80533E+00  2.52600E-03  2.52600E-03
b   8    6  8   23  99  4.25309E-01 -7.96053E-02 -2.48818E+00  2.11530E+01  3.82798E+00  1.58475E-01  1.58475E-01
b   8   18  8   23  99  1.77114E-01  1.57481E+00 -3.07124E+01  2.98039E+02  2.00000E+01  5.45720E-02  5.45720E-02
b   8   19  8   23  99  4.11704E-01  8.15437E-01  3.00153E+00 -1.39799E+00  2.86476E+00  2.09700E-02  2.09700E-02
b   8   20  8   23  99  3.00736E-01  1.04861E+00  2.56332E+00 -1.39433E+00  3.50560E+00  5.54500E-02  5.54500E-02
b   8   21  8   23  99  2.56118E-01  8.96056E-01  2.22662E+00 -2.73544E-01  4.23296E+00  1.83500E-01  1.83500E-01
b   8   22  8   23  99  2.09804E-01  4.44279E-01  1.77302E+00 -2.40828E-01  4.02706E+00  1.36400E+00  1.36400E+00
b   8    1  8   24  99  4.56504E-01 -1.19088E-02 -2.74943E+00  2.21250E+01  3.80296E+00  1.65220E-03  1.65220E-03
b   8    7  8   24  99  4.25309E-01 -7.96053E-02 -2.48818E+00  2.11530E+01  3.82798E+00  1.58475E-01  1.58475E-01
b   8   18  8   24  99  1.74526E-01  1.56045E+00 -3.01441E+01  2.90112E+02  2.00000E+01  3.58610E-02  3.58610E-02
b   8   19  8   24  99  3.77986E-01  1.06618E+00  1.80111E+00 -6.28711E-01  2.06051E+00  1.25100E-02  1.25100E-02
b   8   20  8   24  99  3.12490E-01  1.23882E+00  2.66822E+00 -1.45540E+00  3.55839E+00  2.79700E-02  2.79700E-02
b   8   21  8   24  99  2.74096E-01  1.27074E+00  2.33290E+00 -2.40684E-01  4.26358E+00  6.65300E-02  6.65300E-02
b   8   22  8   24  99  2.40194E-01  9.84067E-01  1.97942E+00 -1.96026E-01  4.19901E+00  2.17900E-01  2.17900E-01
b   8   23  8   24  99  2.00474E-01  4.86674E-01  1.64431E+00 -2.31971E-01  4.02320E+00  1.57800E+00  1.57800E+00
b   8    1  8   25  99  4.52094E-01 -8.21685E-03 -2.74372E+00  2.19414E+01  3.80180E+00  1.13920E-03  1.13920E-03
b   8    8  8   25  99  4.25309E-01 -7.96053E-02 -2.48818E+00  2.11530E+01  3.82798E+00  1.58475E-01  1.58475E-01
b   8   18  8   25  99  1.74464E-01  1.54647E+00 -2.99977E+01  2.91428E+02  2.00000E+01  2.48360E-02  2.48360E-02
b   8   19  8   25  99  3.83031E-01  1.11261E+00  1.84106E+00 -6.40992E-01  2.08531E+00  8.14400E-03  8.14400E-03
b   8   20  8   25  99  3.19531E-01  1.37432E+00  2.71615E+00 -1.48943E+00  3.56852E+00  1.64600E-02  1.64600E-02
b   8   21  8   25  99  2.85150E-01  1.54264E+00  2.40937E+00 -2.27511E-01  4.32633E+00  3.29000E-02  3.29000E-02
b   8   22  8   25  99  2.56987E-01  1.41263E+00  2.08651E+00 -1.69929E-01  4.29728E+00  7.73400E-02  7.73400E-02
b   8   23  8   25  99  2.30297E-01  1.04666E+00  1.83835E+00 -1.87084E-01  4.19274E+00  2.47900E-01  2.47900E-01
b   8   24  8   25  99  2.04743E-01  4.61079E-01  2.17472E+00  2.63784E+00  6.20420E+00  1.78400E+00  1.78400E+00
b   8    1  8   26  99  4.48957E-01 -5.35948E-03 -2.75377E+00  2.19195E+01  3.80885E+00  8.17600E-04  8.17600E-04
b   8    9  8   26  99  4.25309E-01 -7.96053E-02 -2.48818E+00  2.11530E+01  3.82798E+00  1.58475E-01  1.58475E-01
b   8   18  8   26  99  1.71265E-01  1.54663E+00 -2.97160E+01  2.84333E+02  2.00000E+01  1.78990E-02  1.78990E-02
b   8   19  8   26  99  3.85539E-01  1.15102E+00  1.83232E+00 -6.53014E-01  2.05411E+00  5.62700E-03  5.62700E-03
b   8   20  8   26  99  3.24444E-01  1.47454E+00  2.73699E+00 -1.48284E+00  3.56340E+00  1.06600E-02  1.06600E-02
b   8   21  8   26  99  2.92623E-01  1.74585E+00  2.44591E+00 -2.18049E-01  4.32887E+00  1.91700E-02  1.91700E-02
b   8   22  8   26  99  2.67981E-01  1.74303E+00  2.12335E+00 -1.71495E-01  4.28900E+00  3.77400E-02  3.77400E-02
b   8   23  8   26  99  2.47972E-01  1.51200E+00  1.93256E+00 -1.46753E-01  4.26765E+00  8.67800E-02  8.67800E-02
b   8   24  8   26  99  2.24301E-01  1.08170E+00  1.73995E+00 -1.63921E-01  4.19481E+00  2.76900E-01  2.76900E-01
b   8   25  8   26  99  1.10932E-01  4.25297E-01  1.09530E+00  1.61399E+00  6.69734E+00  3.23400E+00  3.23400E+00
f   8    1  7    1  99  6.00000E+00  7.61450E+00
p   8    1  7    1  98  1.71860E+00 -2.00810E+00 -3.02180E-01  3.98290E-02  6.00000E+00  1.25100E+02  1.30200E+02  2.50300E+03
f   8    2  7    1  99  1.00000E+00  4.51200E+00
p   8    2  7    1  99  1.00000E+00  4.51200E+00
f   8    3  7    1  99  1.00000E+00  4.14820E+00
p   8    3  7    1  99  1.00000E+00  4.14820E+00
f   8    4  7    1  99  1.00000E+00  4.01650E+00
p   8    4  7    1  99  1.00000E+00  4.01650E+00
f   8    5  7    1  99  1.00000E+00  4.06600E+00
p   8    5  7    1  99  1.00000E+00  4.06600E+00
f   8    6  7    1  99  1.00000E+00  4.05200E+00
p   8    6  7    1  99  1.00000E+00  4.05200E+00
f   8    7  7    1  99  1.00000E+00  4.00520E+00
p   8    7  7    1  99  1.00000E+00  4.00520E+00
f   8    8  7    1  99  1.00000E+00  4.00520E+00
p   8    8  7    1  99  1.00000E+00  4.00520E+00
f   8    9  7    1  99  1.00000E+00  4.00070E+00
p   8    9  7    1  99  1.00000E+00  4.00070E+00
f   8    2  7    2  99  5.00000E+00  4.51200E+00
p   8    2  7    2  98  1.71860E+00 -2.00810E+00 -3.02180E-01  3.98290E-02  6.00000E+00  1.25100E+02  1.30200E+02  2.50300E+03
f   8   10  7    2  99  2.00000E+00  5.07600E+00
p   8   10  7    2  99  2.00000E+00  5.07600E+00
f   8   11  7    2  99  1.00000E+00  4.20490E+00
p   8   11  7    2  99  1.00000E+00  4.20490E+00
f   8   12  7    2  99  1.00000E+00  4.03480E+00
p   8   12  7    2  99  1.00000E+00  4.03480E+00
f   8   13  7    2  99  1.00000E+00  4.07200E+00
p   8   13  7    2  99  1.00000E+00  4.07200E+00
f   8   14  7    2  99  1.00000E+00  4.05600E+00
p   8   14  7    2  99  1.00000E+00  4.05600E+00
f   8   15  7    2  99  1.00000E+00  4.01420E+00
p   8   15  7    2  99  1.00000E+00  4.01420E+00
f   8   16  7    2  99  1.00000E+00  4.01220E+00
p   8   16  7    2  99  1.00000E+00  4.01220E+00
f   8   17  7    2  99  1.00000E+00  4.00070E+00
p   8   17  7    2  99  1.00000E+00  4.00070E+00
f   8    3  7    3  99  5.00000E+00  4.14820E+00
p   8    3  7    3  98  1.71860E+00 -2.00810E+00 -3.02180E-01  3.98290E-02  6.00000E+00  1.25100E+02  1.30200E+02  2.50300E+03
f   8   11  7    3  99  1.00000E+00  4.20490E+00
p   8   11  7    3  99  1.00000E+00  4.20490E+00
f   8    4  7    4  99  5.00000E+00  4.01650E+00
p   8    4  7    4  98  1.71860E+00 -2.00810E+00 -3.02180E-01  3.98290E-02  6.00000E+00  1.25100E+02  1.30200E+02  2.50300E+03
f   8   12  7    4  99  1.00000E+00  4.03480E+00
p   8   12  7    4  99  1.00000E+00  4.03480E+00
f   8    5  7    5  99  5.00000E+00  4.06600E+00
p   8    5  7    5  98  1.71860E+00 -2.00810E+00 -3.02180E-01  3.98290E-02  6.00000E+00  1.25100E+02  1.30200E+02  2.50300E+03
f   8   13  7    5  99  1.00000E+00  4.07200E+00
p   8   13  7    5  99  1.00000E+00  4.07200E+00
f   8    6  7    6  99  5.00000E+00  4.05200E+00
p   8    6  7    6  98  1.71860E+00 -2.00810E+00 -3.02180E-01  3.98290E-02  6.00000E+00  1.25100E+02  1.30200E+02  2.50300E+03
f   8   14  7    6  99  1.00000E+00  4.05600E+00
p   8   14  7    6  99  1.00000E+00  4.05600E+00
f   8    7  7    7  99  5.00000E+00  4.00520E+00
p   8    7  7    7  98  1.71860E+00 -2.00810E+00 -3.02180E-01  3.98290E-02  6.00000E+00  1.25100E+02  1.30200E+02  2.50300E+03
f   8   15  7    7  99  1.00000E+00  4.01420E+00
p   8   15  7    7  99  1.00000E+00  4.01420E+00
f   8    8  7    8  99  5.00000E+00  4.00520E+00
p   8    8  7    8  98  1.71860E+00 -2.00810E+00 -3.02180E-01  3.98290E-02  6.00000E+00  1.25100E+02  1.30200E+02  2.50300E+03
f   8   16  7    8  99  1.00000E+00  4.01220E+00
p   8   16  7    8  99  1.00000E+00  4.01220E+00
f   8    9  7    9  99  5.00000E+00  4.00070E+00
p   8    9  7    9  98  1.71860E+00 -2.00810E+00 -3.02180E-01  3.98290E-02  6.00000E+00  1.25100E+02  1.30200E+02  2.50300E+03
f   8   17  7    9  99  1.00000E+00  4.00070E+00
p   8   17  7    9  99  1.00000E+00  4.00070E+00
f   8   10  7   10  99  4.00000E+00  5.07600E+00
p   8   10  7   10  98  1.71860E+00 -2.00810E+00 -3.02180E-01  3.98290E-02  6.00000E+00  1.25100E+02  1.30200E+02  2.50300E+03
f   8   11  7   11  99  4.00000E+00  4.20490E+00
p   8   11  7   11  98  1.71860E+00 -2.00810E+00 -3.02180E-01  3.98290E-02  6.00000E+00  1.25100E+02  1.30200E+02  2.50300E+03
f   8   12  7   12  99  4.00000E+00  4.03480E+00
p   8   12  7   12  98  1.71860E+00 -2.00810E+00 -3.02180E-01  3.98290E-02  6.00000E+00  1.25100E+02  1.30200E+02  2.50300E+03
f   8   13  7   13  99  4.00000E+00  4.07200E+00
p   8   13  7   13  98  1.71860E+00 -2.00810E+00 -3.02180E-01  3.98290E-02  6.00000E+00  1.25100E+02  1.30200E+02  2.50300E+03
f   8   14  7   14  99  4.00000E+00  4.05600E+00
p   8   14  7   14  98  1.71860E+00 -2.00810E+00 -3.02180E-01  3.98290E-02  6.00000E+00  1.25100E+02  1.30200E+02  2.50300E+03
f   8   15  7   15  99  4.00000E+00  4.01420E+00
p   8   15  7   15  98  1.71860E+00 -2.00810E+00 -3.02180E-01  3.98290E-02  6.00000E+00  1.25100E+02  1.30200E+02  2.50300E+03
f   8   16  7   16  99  4.00000E+00  4.01220E+00
p   8   16  7   16  98  1.71860E+00 -2.00810E+00 -3.02180E-01  3.98290E-02  6.00000E+00  1.25100E+02  1.30200E+02  2.50300E+03
f   8   17  7   17  99  4.00000E+00  4.00070E+00
p   8   17  7   17  98  1.71860E+00 -2.00810E+00 -3.02180E-01  3.98290E-02  6.00000E+00  1.25100E+02  1.30200E+02  2.50300E+03
f   8    1  7   18  99  2.00000E+00  7.61450E+00
p   8    1  7   18  98  2.23070E+00 -2.38360E+00 -2.30730E-01  2.35310E-02  2.00000E+00  1.14000E+03  1.18600E+03  2.28100E+04
f   8   18  7   18  99  7.00000E+00  8.25060E+00
p   8   18  7   18  98  1.71860E+00 -2.00810E+00 -3.02180E-01  3.98290E-02  6.00000E+00  1.25100E+02  1.30200E+02  2.50300E+03
f   8   19  7   18  99  1.00000E+00  4.59200E+00
p   8   19  7   18  99  1.00000E+00  4.59200E+00
f   8   20  7   18  99  1.00000E+00  4.17140E+00
p   8   20  7   18  99  1.00000E+00  4.17140E+00
f   8   21  7   18  99  1.00000E+00  4.01560E+00
p   8   21  7   18  99  1.00000E+00  4.01560E+00
f   8   22  7   18  99  1.00000E+00  4.07500E+00
p   8   22  7   18  99  1.00000E+00  4.07500E+00
f   8   23  7   18  99  1.00000E+00  4.06100E+00
p   8   23  7   18  99  1.00000E+00  4.06100E+00
f   8   24  7   18  99  1.00000E+00  4.00610E+00
p   8   24  7   18  99  1.00000E+00  4.00610E+00
f   8   25  7   18  99  1.00000E+00  4.00610E+00
p   8   25  7   18  99  1.00000E+00  4.00610E+00
f   8   26  7   18  99  1.00000E+00  4.00070E+00
p   8   26  7   18  99  1.00000E+00  4.00070E+00
f   8    2  7   19  99  2.00000E+00  4.51200E+00
p   8    2  7   19  98  2.23070E+00 -2.38360E+00 -2.30730E-01  2.35310E-02  2.00000E+00  1.14000E+03  1.18600E+03  2.28100E+04
f   8   19  7   19  99  6.00000E+00  4.59200E+00
p   8   19  7   19  98  1.71860E+00 -2.00810E+00 -3.02180E-01  3.98290E-02  6.00000E+00  1.25100E+02  1.30200E+02  2.50300E+03
f   8    3  7   20  99  2.00000E+00  4.14820E+00
p   8    3  7   20  98  2.23070E+00 -2.38360E+00 -2.30730E-01  2.35310E-02  2.00000E+00  1.14000E+03  1.18600E+03  2.28100E+04
f   8   20  7   20  99  6.00000E+00  4.17140E+00
p   8   20  7   20  98  1.71860E+00 -2.00810E+00 -3.02180E-01  3.98290E-02  6.00000E+00  1.25100E+02  1.30200E+02  2.50300E+03
f   8    4  7   21  99  2.00000E+00  4.01650E+00
p   8    4  7   21  98  2.23070E+00 -2.38360E+00 -2.30730E-01  2.35310E-02  2.00000E+00  1.14000E+03  1.18600E+03  2.28100E+04
f   8   21  7   21  99  6.00000E+00  4.01560E+00
p   8   21  7   21  98  1.71860E+00 -2.00810E+00 -3.02180E-01  3.98290E-02  6.00000E+00  1.25100E+02  1.30200E+02  2.50300E+03
f   8    5  7   22  99  2.00000E+00  4.06600E+00
p   8    5  7   22  98  2.23070E+00 -2.38360E+00 -2.30730E-01  2.35310E-02  2.00000E+00  1.14000E+03  1.18600E+03  2.28100E+04
f   8   22  7   22  99  6.00000E+00  4.07500E+00
p   8   22  7   22  98  1.71860E+00 -2.00810E+00 -3.02180E-01  3.98290E-02  6.00000E+00  1.25100E+02  1.30200E+02  2.50300E+03
f   8    6  7   23  99  2.00000E+00  4.05200E+00
p   8    6  7   23  98  2.23070E+00 -2.38360E+00 -2.30730E-01  2.35310E-02  2.00000E+00  1.14000E+03  1.18600E+03  2.28100E+04
f   8   23  7   23  99  6.00000E+00  4.06100E+00
p   8   23  7   23  98  1.71860E+00 -2.00810E+00 -3.02180E-01  3.98290E-02  6.00000E+00  1.25100E+02  1.30200E+02  2.50300E+03
f   8    7  7   24  99  2.00000E+00  4.00520E+00
p   8    7  7   24  98  2.23070E+00 -2.38360E+00 -2.30730E-01  2.35310E-02  2.00000E+00  1.14000E+03  1.18600E+03  2.28100E+04
f   8   24  7   24  99  6.00000E+00  4.00610E+00
p   8   24  7   24  98  1.71860E+00 -2.00810E+00 -3.02180E-01  3.98290E-02  6.00000E+00  1.25100E+02  1.30200E+02  2.50300E+03
f   8    8  7   25  99  2.00000E+00  4.00520E+00
p   8    8  7   25  98  2.23070E+00 -2.38360E+00 -2.30730E-01  2.35310E-02  2.00000E+00  1.14000E+03  1.18600E+03  2.28100E+04
f   8   25  7   25  99  6.00000E+00  4.00610E+00
p   8   25  7   25  98  1.71860E+00 -2.00810E+00 -3.02180E-01  3.98290E-02  6.00000E+00  1.25100E+02  1.30200E+02  2.50300E+03
f   8    9  7   26  99  2.00000E+00  4.00070E+00
p   8    9  7   26  98  2.23070E+00 -2.38360E+00 -2.30730E-01  2.35310E-02  2.00000E+00  1.14000E+03  1.18600E+03  2.28100E+04
f   8   26  7   26  99  6.00000E+00  4.00070E+00
p   8   26  7   26  98  1.71860E+00 -2.00810E+00 -3.02180E-01  3.98290E-02  6.00000E+00  1.25100E+02  1.30200E+02  2.50300E+03
a   8   10  7    1   3.19200E+13
a   8   11  7    1   5.34600E+12
a   8   12  7    1   1.58370E+12
a   8   13  7    1   6.07605E+11
a   8   14  7    1   2.81115E+11
a   8   15  7    1   1.44189E+11
a   8   16  7    1   8.00145E+10
a   8   17  7    1   4.72470E+10
a   8   18  7    1   5.10909E+14
a   8   19  7    1   7.41690E+12
a   8   20  7    1   1.31934E+12
a   8   21  7    1   3.83760E+11
a   8   22  7    1   1.43928E+11
a   8   23  7    1   6.65910E+10
a   8   24  7    1   3.41550E+10
a   8   25  7    1   1.89537E+10
a   8   26  7    1   1.11918E+10
a   8   19  7    2   3.64935E+14
a   8   20  7    3   3.64935E+14
a   8   21  7    4   3.64935E+14
a   8   22  7    5   3.64935E+14
a   8   23  7    6   3.64935E+14
a   8   24  7    7   3.64935E+14
a   8   25  7    8   3.64935E+14
a   8   26  7    9   3.64935E+14
b   9    1  9    2  99  3.30622E-01  6.03311E-02  1.96311E+00 -6.21523E-01  2.09401E+00  7.30800E-01  7.30800E-01
b   9    1  9    3  99  1.46392E-01  1.18026E+00 -2.18375E+01  2.29658E+02  2.00000E+01  2.75660E-01  2.75660E-01
b   9    2  9    3  99  1.91634E-01  2.71248E-01  1.59507E+00 -8.68495E-01  3.29374E+00  6.68900E-01  6.68900E-01
b   9    1  9    4  99  1.47960E-01  1.18693E+00 -2.19605E+01  2.29556E+02  2.00000E+01  1.35030E-01  1.35030E-01
b   9    2  9    4  99  2.47858E-01  5.40771E-01  2.05235E+00 -1.13040E+00  3.36577E+00  1.15700E-01  1.15700E-01
b   9    3  9    4  99  1.96007E-01  3.66091E-01  1.67131E+00 -2.32931E-01  4.02073E+00  9.77200E-01  9.77200E-01
b   9    1  9    5  99  2.47107E-01  1.74984E+00 -3.73351E+01  4.31275E+02  2.00000E+01  5.40820E-02  5.40820E-02
b   9    2  9    5  99  3.83336E-01  1.01174E+00  2.53870E+00 -1.20505E+00  2.79992E+00  3.42500E-02  3.42500E-02
b   9    3  9    5  99  2.64676E-01  9.03474E-01  2.22358E+00 -2.26468E-01  4.14661E+00  1.41400E-01  1.41400E-01
b   9    4  9    5  99  2.10484E-01  4.78412E-01  1.73322E+00 -2.48790E-01  4.00309E+00  1.14400E+00  1.14400E+00
b   9    1  9    6  99  2.38748E-01  1.72239E+00 -3.63606E+01  4.13767E+02  2.00000E+01  3.35790E-02  3.35790E-02
b   9    2  9    6  99  4.02245E-01  1.15270E+00  2.68663E+00 -1.25255E+00  2.85496E+00  1.74700E-02  1.74700E-02
b   9    3  9    6  99  2.85860E-01  1.22824E+00  2.41742E+00 -3.00159E-01  4.24396E+00  5.18000E-02  5.18000E-02
b   9    4  9    6  99  2.40722E-01  1.01608E+00  1.94622E+00 -2.03484E-01  4.20343E+00  1.80600E-01  1.80600E-01
b   9    5  9    6  99  1.98920E-01  5.39057E-01  1.57774E+00 -2.27089E-01  4.01272E+00  1.39900E+00  1.39900E+00
b   9    1  9    7  99  2.35183E-01  1.69721E+00 -3.58070E+01  4.06998E+02  2.00000E+01  2.22810E-02  2.22810E-02
b   9    2  9    7  99  4.13214E-01  1.24710E+00  2.76553E+00 -1.35064E+00  2.84531E+00  1.03100E-02  1.03100E-02
b   9    3  9    7  99  2.98348E-01  1.45283E+00  2.50586E+00 -2.83020E-01  4.28740E+00  2.57400E-02  2.57400E-02
b   9    4  9    7  99  2.57196E-01  1.42160E+00  1.99576E+00 -1.49553E-01  4.20056E+00  6.44300E-02  6.44300E-02
b   9    5  9    7  99  2.28446E-01  1.08564E+00  1.76960E+00 -2.07906E-01  4.15903E+00  2.16900E-01  2.16900E-01
b   9    6  9    7  99  1.99756E-01  5.43372E-01  2.10507E+00  2.64961E+00  6.37558E+00  1.60900E+00  1.60900E+00
b   9    1  9    8  99  2.33478E-01  1.67447E+00 -3.53686E+01  4.03481E+02  2.00000E+01  1.55260E-02  1.55260E-02
b   9    2  9    8  99  4.20045E-01  1.31371E+00  2.80450E+00 -1.33356E+00  2.86207E+00  6.66400E-03  6.66400E-03
b   9    3  9    8  99  3.03372E-01  1.62977E+00  2.34775E+00 -1.28085E+00  3.51986E+00  1.50100E-02  1.50100E-02
b   9    4  9    8  99  2.68442E-01  1.71602E+00  2.07157E+00 -1.33551E-01  4.27147E+00  3.15400E-02  3.15400E-02
b   9    5  9    8  99  2.44772E-01  1.53109E+00  1.85007E+00 -1.37811E-01  4.24049E+00  7.61400E-02  7.61400E-02
b   9    6  9    8  99  2.20660E-01  1.13387E+00  1.65649E+00 -1.38782E-01  4.16815E+00  2.47200E-01  2.47200E-01
b   9    7  9    8  99  1.01025E-01  1.52885E+00  9.41657E-01  3.08580E+00  1.06233E+01  1.81200E+00  1.81200E+00
b   9    1  9    9  99  2.30324E-01  1.66714E+00 -3.50913E+01  3.97670E+02  2.00000E+01  1.12420E-02  1.12420E-02
b   9    2  9    9  99  4.24854E-01  1.36176E+00  2.84744E+00 -1.35902E+00  2.88324E+00  4.58300E-03  4.58300E-03
b   9    3  9    9  99  3.08944E-01  1.74905E+00  2.37489E+00 -1.28222E+00  3.52671E+00  9.65900E-03  9.65900E-03
b   9    4  9    9  99  2.76455E-01  1.93787E+00  2.10854E+00 -1.80637E-01  4.24513E+00  1.82500E-02  1.82500E-02
b   9    5  9    9  99  2.55204E-01  1.87947E+00  1.88607E+00 -1.29787E-01  4.26647E+00  3.68900E-02  3.68900E-02
b   9    6  9    9  99  2.37299E-01  1.61337E+00  1.71460E+00 -1.27173E-01  4.17637E+00  8.59000E-02  8.59000E-02
b   9    7  9    9  99  2.29340E-01  1.08487E+00  2.35314E+00  3.45623E+00  6.73093E+00  2.76400E-01  2.76400E-01
b   9    8  9    9  99  2.53517E-04  3.03496E-01  1.76066E-01  3.42891E-02  2.00000E+01  1.61500E+01  1.61500E+01
b   9    1  9   10  98  0.00000E+00  0.00000E+00  0.00000E+00  0.00000E+00  0.00000E+00  5.84754E-02  1.16951E-03
b   9    2  9   10  99  3.30622E-01  6.03311E-02  1.96311E+00 -6.21523E-01  2.09401E+00  5.91600E-01  5.91600E-01
b   9    1  9   11  98  0.00000E+00  0.00000E+00  0.00000E+00  0.00000E+00  0.00000E+00  1.00574E-01  2.01148E-03
b   9    2  9   11  99  1.46392E-01  1.18026E+00 -2.18375E+01  2.29658E+02  2.00000E+01  2.36280E-01  2.36280E-01
b   9    3  9   11  99  3.30622E-01  6.03311E-02  1.96311E+00 -6.21523E-01  2.09401E+00  6.26400E-01  6.26400E-01
b   9   10  9   11  99  1.91634E-01  2.71248E-01  1.59507E+00 -8.68495E-01  3.29374E+00  1.33780E+00  1.33780E+00
b   9    1  9   12  98  0.00000E+00  0.00000E+00  0.00000E+00  0.00000E+00  0.00000E+00  1.49581E-01  2.99161E-03
b   9    2  9   12  99  1.47960E-01  1.18693E+00 -2.19605E+01  2.29556E+02  2.00000E+01  1.15740E-01  1.15740E-01
b   9    4  9   12  99  3.30622E-01  6.03311E-02  1.96311E+00 -6.21523E-01  2.09401E+00  6.26400E-01  6.26400E-01
b   9   10  9   12  99  2.47858E-01  5.40771E-01  2.05235E+00 -1.13040E+00  3.36577E+00  2.31400E-01  2.31400E-01
b   9   11  9   12  99  1.96007E-01  3.66091E-01  1.67131E+00 -2.32931E-01  4.02073E+00  9.77200E-01  9.77200E-01
b   9    1  9   13  98  0.00000E+00  0.00000E+00  0.00000E+00  0.00000E+00  0.00000E+00  2.11335E-01  4.22670E-03
b   9    2  9   13  99  2.47107E-01  1.74984E+00 -3.73351E+01  4.31275E+02  2.00000E+01  4.63560E-02  4.63560E-02
b   9    5  9   13  99  3.30622E-01  6.03311E-02  1.96311E+00 -6.21523E-01  2.09401E+00  6.26400E-01  6.26400E-01
b   9   10  9   13  99  3.83336E-01  1.01174E+00  2.53870E+00 -1.20505E+00  2.79992E+00  6.85000E-02  6.85000E-02
b   9   11  9   13  99  2.64676E-01  9.03474E-01  2.22358E+00 -2.26468E-01  4.14661E+00  1.41400E-01  1.41400E-01
b   9   12  9   13  99  2.10484E-01  4.78412E-01  1.73322E+00 -2.48790E-01  4.00309E+00  1.14400E+00  1.14400E+00
b   9    1  9   14  98  0.00000E+00  0.00000E+00  0.00000E+00  0.00000E+00  0.00000E+00  2.83732E-01  5.67465E-03
b   9    2  9   14  99  2.38748E-01  1.72239E+00 -3.63606E+01  4.13767E+02  2.00000E+01  2.87820E-02  2.87820E-02
b   9    6  9   14  99  3.30622E-01  6.03311E-02  1.96311E+00 -6.21523E-01  2.09401E+00  6.26400E-01  6.26400E-01
b   9   10  9   14  99  4.02245E-01  1.15270E+00  2.68663E+00 -1.25255E+00  2.85496E+00  3.49400E-02  3.49400E-02
b   9   11  9   14  99  2.85860E-01  1.22824E+00  2.41742E+00 -3.00159E-01  4.24396E+00  5.18000E-02  5.18000E-02
b   9   12  9   14  99  2.40722E-01  1.01608E+00  1.94622E+00 -2.03484E-01  4.20343E+00  1.80600E-01  1.80600E-01
b   9   13  9   14  99  1.98920E-01  5.39057E-01  1.57774E+00 -2.27089E-01  4.01272E+00  1.39900E+00  1.39900E+00
b   9    1  9   15  98  0.00000E+00  0.00000E+00  0.00000E+00  0.00000E+00  0.00000E+00  3.67032E-01  7.34064E-03
b   9    2  9   15  99  2.35183E-01  1.69721E+00 -3.58070E+01  4.06998E+02  2.00000E+01  1.90980E-02  1.90980E-02
b   9    7  9   15  99  3.30622E-01  6.03311E-02  1.96311E+00 -6.21523E-01  2.09401E+00  6.26400E-01  6.26400E-01
b   9   10  9   15  99  4.13214E-01  1.24710E+00  2.76553E+00 -1.35064E+00  2.84531E+00  2.06200E-02  2.06200E-02
b   9   11  9   15  99  2.98348E-01  1.45283E+00  2.50586E+00 -2.83020E-01  4.28740E+00  2.57400E-02  2.57400E-02
b   9   12  9   15  99  2.57196E-01  1.42160E+00  1.99576E+00 -1.49553E-01  4.20056E+00  6.44300E-02  6.44300E-02
b   9   13  9   15  99  2.28446E-01  1.08564E+00  1.76960E+00 -2.07906E-01  4.15903E+00  2.16900E-01  2.16900E-01
b   9   14  9   15  99  1.99756E-01  5.43372E-01  2.10507E+00  2.64961E+00  6.37558E+00  1.60900E+00  1.60900E+00
b   9    1  9   16  98  0.00000E+00  0.00000E+00  0.00000E+00  0.00000E+00  0.00000E+00  4.61938E-01  9.23877E-03
b   9    2  9   16  99  2.33478E-01  1.67447E+00 -3.53686E+01  4.03481E+02  2.00000E+01  1.33080E-02  1.33080E-02
b   9    8  9   16  99  3.30622E-01  6.03311E-02  1.96311E+00 -6.21523E-01  2.09401E+00  6.26400E-01  6.26400E-01
b   9   10  9   16  99  4.20045E-01  1.31371E+00  2.80450E+00 -1.33356E+00  2.86207E+00  1.33280E-02  1.33280E-02
b   9   11  9   16  99  3.03372E-01  1.62977E+00  2.34775E+00 -1.28085E+00  3.51986E+00  1.50100E-02  1.50100E-02
b   9   12  9   16  99  2.68442E-01  1.71602E+00  2.07157E+00 -1.33551E-01  4.27147E+00  3.15400E-02  3.15400E-02
b   9   13  9   16  99  2.44772E-01  1.53109E+00  1.85007E+00 -1.37811E-01  4.24049E+00  7.61400E-02  7.61400E-02
b   9   14  9   16  99  2.20660E-01  1.13387E+00  1.65649E+00 -1.38782E-01  4.16815E+00  2.47200E-01  2.47200E-01
b   9   15  9   16  99  1.01025E-01  1.52885E+00  9.41657E-01  3.08580E+00  1.06233E+01  1.81200E+00  1.81200E+00
b   9    1  9   17  98  0.00000E+00  0.00000E+00  0.00000E+00  0.00000E+00  0.00000E+00  5.68022E-01  1.13604E-02
b   9    2  9   17  99  2.30324E-01  1.66714E+00 -3.50913E+01  3.97670E+02  2.00000E+01  9.63600E-03  9.63600E-03
b   9    9  9   17  99  3.30622E-01  6.03311E-02  1.96311E+00 -6.21523E-01  2.09401E+00  6.26400E-01  6.26400E-01
b   9   10  9   17  99  4.24854E-01  1.36176E+00  2.84744E+00 -1.35902E+00  2.88324E+00  9.16600E-03  9.16600E-03
b   9   11  9   17  99  3.08944E-01  1.74905E+00  2.37489E+00 -1.28222E+00  3.52671E+00  9.65900E-03  9.65900E-03
b   9   12  9   17  99  2.76455E-01  1.93787E+00  2.10854E+00 -1.80637E-01  4.24513E+00  1.82500E-02  1.82500E-02
b   9   13  9   17  99  2.55204E-01  1.87947E+00  1.88607E+00 -1.29787E-01  4.26647E+00  3.68900E-02  3.68900E-02
b   9   14  9   17  99  2.37299E-01  1.61337E+00  1.71460E+00 -1.27173E-01  4.17637E+00  8.59000E-02  8.59000E-02
b   9   15  9   17  99  2.29340E-01  1.08487E+00  2.35314E+00  3.45623E+00  6.73093E+00  2.76400E-01  2.76400E-01
b   9   16  9   17  99  2.53517E-04  3.03496E-01  1.76066E-01  3.42891E-02  2.00000E+01  1.61500E+01  1.61500E+01
b   9    1  9   18  99  4.29409E-01 -8.02521E-02 -2.51774E+00  2.13735E+01  3.82608E+00  4.76500E-02  4.76500E-02
b   9    1  9   19  99  4.13054E-01 -2.22706E-02 -2.41081E+00  1.98971E+01  3.79742E+00  3.36600E-02  3.36600E-02
b   9    2  9   19  99  4.29409E-01 -8.02521E-02 -2.51774E+00  2.13735E+01  3.82608E+00  9.53000E-02  9.53000E-02
b   9   18  9   19  99  3.30622E-01  6.03311E-02  1.96311E+00 -6.21523E-01  2.09401E+00  8.35200E-01  8.35200E-01
b   9    1  9   20  99  4.21026E-01 -2.05587E-02 -2.47307E+00  2.03130E+01  3.80157E+00  1.16900E-02  1.16900E-02
b   9    3  9   20  99  4.29409E-01 -8.02521E-02 -2.51774E+00  2.13735E+01  3.82608E+00  9.53000E-02  9.53000E-02
b   9   18  9   20  99  1.46392E-01  1.18026E+00 -2.18375E+01  2.29658E+02  2.00000E+01  3.15040E-01  3.15040E-01
b   9   19  9   20  99  1.91634E-01  2.71248E-01  1.59507E+00 -8.68495E-01  3.29374E+00  6.68900E-01  6.68900E-01
b   9    1  9   21  99  4.18542E-01 -2.35155E-02 -2.43996E+00  2.01333E+01  3.80107E+00  5.43600E-03  5.43600E-03
b   9    4  9   21  99  4.29409E-01 -8.02521E-02 -2.51774E+00  2.13735E+01  3.82608E+00  9.53000E-02  9.53000E-02
b   9   18  9   21  99  1.47960E-01  1.18693E+00 -2.19605E+01  2.29556E+02  2.00000E+01  1.54320E-01  1.54320E-01
b   9   19  9   21  99  2.47858E-01  5.40771E-01  2.05235E+00 -1.13040E+00  3.36577E+00  1.15700E-01  1.15700E-01
b   9   20  9   21  99  1.96007E-01  3.66091E-01  1.67131E+00 -2.32931E-01  4.02073E+00  9.77200E-01  9.77200E-01
b   9    1  9   22  99  4.74613E-01 -3.14947E-02 -2.89599E+00  2.34056E+01  3.81693E+00  2.65600E-03  2.65600E-03
b   9    5  9   22  99  4.29409E-01 -8.02521E-02 -2.51774E+00  2.13735E+01  3.82608E+00  9.53000E-02  9.53000E-02
b   9   18  9   22  99  2.47107E-01  1.74984E+00 -3.73351E+01  4.31275E+02  2.00000E+01  6.18080E-02  6.18080E-02
b   9   19  9   22  99  3.83336E-01  1.01174E+00  2.53870E+00 -1.20505E+00  2.79992E+00  3.42500E-02  3.42500E-02
b   9   20  9   22  99  2.64676E-01  9.03474E-01  2.22358E+00 -2.26468E-01  4.14661E+00  1.41400E-01  1.41400E-01
b   9   21  9   22  99  2.10484E-01  4.78412E-01  1.73322E+00 -2.48790E-01  4.00309E+00  1.14400E+00  1.14400E+00
b   9    1  9   23  99  4.66413E-01 -3.02105E-02 -2.84927E+00  2.29813E+01  3.81488E+00  1.60700E-03  1.60700E-03
b   9    6  9   23  99  4.29409E-01 -8.02521E-02 -2.51774E+00  2.13735E+01  3.82608E+00  9.53000E-02  9.53000E-02
b   9   18  9   23  99  2.38748E-01  1.72239E+00 -3.63606E+01  4.13767E+02  2.00000E+01  3.83760E-02  3.83760E-02
b   9   19  9   23  99  4.02245E-01  1.15270E+00  2.68663E+00 -1.25255E+00  2.85496E+00  1.74700E-02  1.74700E-02
b   9   20  9   23  99  2.85860E-01  1.22824E+00  2.41742E+00 -3.00159E-01  4.24396E+00  5.18000E-02  5.18000E-02
b   9   21  9   23  99  2.40722E-01  1.01608E+00  1.94622E+00 -2.03484E-01  4.20343E+00  1.80600E-01  1.80600E-01
b   9   22  9   23  99  1.98920E-01  5.39057E-01  1.57774E+00 -2.27089E-01  4.01272E+00  1.39900E+00  1.39900E+00
b   9    1  9   24  99  4.62111E-01 -3.45124E-02 -2.79109E+00  2.26714E+01  3.81224E+00  1.04560E-03  1.04560E-03
b   9    7  9   24  99  4.29409E-01 -8.02521E-02 -2.51774E+00  2.13735E+01  3.82608E+00  9.53000E-02  9.53000E-02
b   9   18  9   24  99  2.35183E-01  1.69721E+00 -3.58070E+01  4.06998E+02  2.00000E+01  2.54640E-02  2.54640E-02
b   9   19  9   24  99  4.13214E-01  1.24710E+00  2.76553E+00 -1.35064E+00  2.84531E+00  1.03100E-02  1.03100E-02
b   9   20  9   24  99  2.98348E-01  1.45283E+00  2.50586E+00 -2.83020E-01  4.28740E+00  2.57400E-02  2.57400E-02
b   9   21  9   24  99  2.57196E-01  1.42160E+00  1.99576E+00 -1.49553E-01  4.20056E+00  6.44300E-02  6.44300E-02
b   9   22  9   24  99  2.28446E-01  1.08564E+00  1.76960E+00 -2.07906E-01  4.15903E+00  2.16900E-01  2.16900E-01
b   9   23  9   24  99  1.99756E-01  5.43372E-01  2.10507E+00  2.64961E+00  6.37558E+00  1.60900E+00  1.60900E+00
b   9    1  9   25  99  4.58779E-01 -3.64386E-02 -2.76334E+00  2.25153E+01  3.81427E+00  7.17800E-04  7.17800E-04
b   9    8  9   25  99  4.29409E-01 -8.02521E-02 -2.51774E+00  2.13735E+01  3.82608E+00  9.53000E-02  9.53000E-02
b   9   18  9   25  99  2.33478E-01  1.67447E+00 -3.53686E+01  4.03481E+02  2.00000E+01  1.77440E-02  1.77440E-02
b   9   19  9   25  99  4.20045E-01  1.31371E+00  2.80450E+00 -1.33356E+00  2.86207E+00  6.66400E-03  6.66400E-03
b   9   20  9   25  99  3.03372E-01  1.62977E+00  2.34775E+00 -1.28085E+00  3.51986E+00  1.50100E-02  1.50100E-02
b   9   21  9   25  99  2.68442E-01  1.71602E+00  2.07157E+00 -1.33551E-01  4.27147E+00  3.15400E-02  3.15400E-02
b   9   22  9   25  99  2.44772E-01  1.53109E+00  1.85007E+00 -1.37811E-01  4.24049E+00  7.61400E-02  7.61400E-02
b   9   23  9   25  99  2.20660E-01  1.13387E+00  1.65649E+00 -1.38782E-01  4.16815E+00  2.47200E-01  2.47200E-01
b   9   24  9   25  99  1.01025E-01  1.52885E+00  9.41657E-01  3.08580E+00  1.06233E+01  1.81200E+00  1.81200E+00
b   9    1  9   26  99  4.54445E-01 -3.08962E-02 -2.78078E+00  2.24381E+01  3.81804E+00  5.13400E-04  5.13400E-04
b   9    9  9   26  99  4.29409E-01 -8.02521E-02 -2.51774E+00  2.13735E+01  3.82608E+00  9.53000E-02  9.53000E-02
b   9   18  9   26  99  2.30324E-01  1.66714E+00 -3.50913E+01  3.97670E+02  2.00000E+01  1.28480E-02  1.28480E-02
b   9   19  9   26  99  4.24854E-01  1.36176E+00  2.84744E+00 -1.35902E+00  2.88324E+00  4.58300E-03  4.58300E-03
b   9   20  9   26  99  3.08944E-01  1.74905E+00  2.37489E+00 -1.28222E+00  3.52671E+00  9.65900E-03  9.65900E-03
b   9   21  9   26  99  2.76455E-01  1.93787E+00  2.10854E+00 -1.80637E-01  4.24513E+00  1.82500E-02  1.82500E-02
b   9   22  9   26  99  2.55204E-01  1.87947E+00  1.88607E+00 -1.29787E-01  4.26647E+00  3.68900E-02  3.68900E-02
b   9   23  9   26  99  2.37299E-01  1.61337E+00  1.71460E+00 -1.27173E-01  4.17637E+00  8.59000E-02  8.59000E-02
b   9   24  9   26  99  2.29340E-01  1.08487E+00  2.35314E+00  3.45623E+00  6.73093E+00  2.76400E-01  2.76400E-01
b   9   25  9   26  99  2.53517E-04  3.03496E-01  1.76066E-01  3.42891E-02  2.00000E+01  1.61500E+01  1.61500E+01
f   9    1  8    1  99  7.00000E+00  7.31260E+00
p   9    1  8    1  98  1.72350E+00 -1.62450E+00 -4.64860E-01  6.51220E-02  7.00000E+00  9.77200E+01  1.01600E+02  1.95400E+03
f   9    2  8    1  99  1.00000E+00  3.60800E+00
p   9    2  8    1  99  1.00000E+00  3.60800E+00
f   9    3  8    1  99  1.00000E+00  3.17600E+00
p   9    3  8    1  99  1.00000E+00  3.17600E+00
f   9    4  8    1  99  1.00000E+00  3.01860E+00
p   9    4  8    1  99  1.00000E+00  3.01860E+00
f   9    5  8    1  99  1.00000E+00  3.07800E+00
p   9    5  8    1  99  1.00000E+00  3.07800E+00
f   9    6  8    1  99  1.00000E+00  3.06200E+00
p   9    6  8    1  99  1.00000E+00  3.06200E+00
f   9    7  8    1  99  1.00000E+00  3.00620E+00
p   9    7  8    1  99  1.00000E+00  3.00620E+00
f   9    8  8    1  99  1.00000E+00  3.00620E+00
p   9    8  8    1  99  1.00000E+00  3.00620E+00
f   9    9  8    1  99  1.00000E+00  3.00080E+00
p   9    9  8    1  99  1.00000E+00  3.00080E+00
f   9    2  8    2  99  6.00000E+00  3.60800E+00
p   9    2  8    2  98  1.72350E+00 -1.62450E+00 -4.64860E-01  6.51220E-02  7.00000E+00  9.77200E+01  1.01600E+02  1.95400E+03
f   9   10  8    2  99  2.00000E+00  4.17200E+00
p   9   10  8    2  99  2.00000E+00  4.17200E+00
f   9   11  8    2  99  1.00000E+00  3.23270E+00
p   9   11  8    2  99  1.00000E+00  3.23270E+00
f   9   12  8    2  99  1.00000E+00  3.03690E+00
p   9   12  8    2  99  1.00000E+00  3.03690E+00
f   9   13  8    2  99  1.00000E+00  3.08400E+00
p   9   13  8    2  99  1.00000E+00  3.08400E+00
f   9   14  8    2  99  1.00000E+00  3.06600E+00
p   9   14  8    2  99  1.00000E+00  3.06600E+00
f   9   15  8    2  99  1.00000E+00  3.01520E+00
p   9   15  8    2  99  1.00000E+00  3.01520E+00
f   9   16  8    2  99  1.00000E+00  3.01320E+00
p   9   16  8    2  99  1.00000E+00  3.01320E+00
f   9   17  8    2  99  1.00000E+00  3.00080E+00
p   9   17  8    2  99  1.00000E+00  3.00080E+00
f   9    3  8    3  99  6.00000E+00  3.17600E+00
p   9    3  8    3  98  1.72350E+00 -1.62450E+00 -4.64860E-01  6.51220E-02  7.00000E+00  9.77200E+01  1.01600E+02  1.95400E+03
f   9   11  8    3  99  1.00000E+00  3.23270E+00
p   9   11  8    3  99  1.00000E+00  3.23270E+00
f   9    4  8    4  99  6.00000E+00  3.01860E+00
p   9    4  8    4  98  1.72350E+00 -1.62450E+00 -4.64860E-01  6.51220E-02  7.00000E+00  9.77200E+01  1.01600E+02  1.95400E+03
f   9   12  8    4  99  1.00000E+00  3.03690E+00
p   9   12  8    4  99  1.00000E+00  3.03690E+00
f   9    5  8    5  99  6.00000E+00  3.07800E+00
p   9    5  8    5  98  1.72350E+00 -1.62450E+00 -4.64860E-01  6.51220E-02  7.00000E+00  9.77200E+01  1.01600E+02  1.95400E+03
f   9   13  8    5  99  1.00000E+00  3.08400E+00
p   9   13  8    5  99  1.00000E+00  3.08400E+00
f   9    6  8    6  99  6.00000E+00  3.06200E+00
p   9    6  8    6  98  1.72350E+00 -1.62450E+00 -4.64860E-01  6.51220E-02  7.00000E+00  9.77200E+01  1.01600E+02  1.95400E+03
f   9   14  8    6  99  1.00000E+00  3.06600E+00
p   9   14  8    6  99  1.00000E+00  3.06600E+00
f   9    7  8    7  99  6.00000E+00  3.00620E+00
p   9    7  8    7  98  1.72350E+00 -1.62450E+00 -4.64860E-01  6.51220E-02  7.00000E+00  9.77200E+01  1.01600E+02  1.95400E+03
f   9   15  8    7  99  1.00000E+00  3.01520E+00
p   9   15  8    7  99  1.00000E+00  3.01520E+00
f   9    8  8    8  99  6.00000E+00  3.00620E+00
p   9    8  8    8  98  1.72350E+00 -1.62450E+00 -4.64860E-01  6.51220E-02  7.00000E+00  9.77200E+01  1.01600E+02  1.95400E+03
f   9   16  8    8  99  1.00000E+00  3.01320E+00
p   9   16  8    8  99  1.00000E+00  3.01320E+00
f   9    9  8    9  99  6.00000E+00  3.00080E+00
p   9    9  8    9  98  1.72350E+00 -1.62450E+00 -4.64860E-01  6.51220E-02  7.00000E+00  9.77200E+01  1.01600E+02  1.95400E+03
f   9   17  8    9  99  1.00000E+00  3.00080E+00
p   9   17  8    9  99  1.00000E+00  3.00080E+00
f   9   10  8   10  99  5.00000E+00  4.17200E+00
p   9   10  8   10  98  1.72350E+00 -1.62450E+00 -4.64860E-01  6.51220E-02  7.00000E+00  9.77200E+01  1.01600E+02  1.95400E+03
f   9   11  8   11  99  5.00000E+00  3.23270E+00
p   9   11  8   11  98  1.72350E+00 -1.62450E+00 -4.64860E-01  6.51220E-02  7.00000E+00  9.77200E+01  1.01600E+02  1.95400E+03
f   9   12  8   12  99  5.00000E+00  3.03690E+00
p   9   12  8   12  98  1.72350E+00 -1.62450E+00 -4.64860E-01  6.51220E-02  7.00000E+00  9.77200E+01  1.01600E+02  1.95400E+03
f   9   13  8   13  99  5.00000E+00  3.08400E+00
p   9   13  8   13  98  1.72350E+00 -1.62450E+00 -4.64860E-01  6.51220E-02  7.00000E+00  9.77200E+01  1.01600E+02  1.95400E+03
f   9   14  8   14  99  5.00000E+00  3.06600E+00
p   9   14  8   14  98  1.72350E+00 -1.62450E+00 -4.64860E-01  6.51220E-02  7.00000E+00  9.77200E+01  1.01600E+02  1.95400E+03
f   9   15  8   15  99  5.00000E+00  3.01520E+00
p   9   15  8   15  98  1.72350E+00 -1.62450E+00 -4.64860E-01  6.51220E-02  7.00000E+00  9.77200E+01  1.01600E+02  1.95400E+03
f   9   16  8   16  99  5.00000E+00  3.01320E+00
p   9   16  8   16  98  1.72350E+00 -1.62450E+00 -4.64860E-01  6.51220E-02  7.00000E+00  9.77200E+01  1.01600E+02  1.95400E+03
f   9   17  8   17  99  5.00000E+00  3.00080E+00
p   9   17  8   17  98  1.72350E+00 -1.62450E+00 -4.64860E-01  6.51220E-02  7.00000E+00  9.77200E+01  1.01600E+02  1.95400E+03
f   9    1  8   18  99  2.00000E+00  7.31260E+00
p   9    1  8   18  98  2.27100E+00 -2.36070E+00 -2.38900E-01  2.47440E-02  2.00000E+00  1.10500E+03  1.14900E+03  2.20900E+04
f   9   18  8   18  99  8.00000E+00  7.94870E+00
p   9   18  8   18  98  1.72350E+00 -1.62450E+00 -4.64860E-01  6.51220E-02  7.00000E+00  9.77200E+01  1.01600E+02  1.95400E+03
f   9   19  8   18  99  1.00000E+00  3.68800E+00
p   9   19  8   18  99  1.00000E+00  3.68800E+00
f   9   20  8   18  99  1.00000E+00  3.19920E+00
p   9   20  8   18  99  1.00000E+00  3.19920E+00
f   9   21  8   18  99  1.00000E+00  3.01770E+00
p   9   21  8   18  99  1.00000E+00  3.01770E+00
f   9   22  8   18  99  1.00000E+00  3.08700E+00
p   9   22  8   18  99  1.00000E+00  3.08700E+00
f   9   23  8   18  99  1.00000E+00  3.07100E+00
p   9   23  8   18  99  1.00000E+00  3.07100E+00
f   9   24  8   18  99  1.00000E+00  3.00710E+00
p   9   24  8   18  99  1.00000E+00  3.00710E+00
f   9   25  8   18  99  1.00000E+00  3.00710E+00
p   9   25  8   18  99  1.00000E+00  3.00710E+00
f   9   26  8   18  99  1.00000E+00  3.00080E+00
p   9   26  8   18  99  1.00000E+00  3.00080E+00
f   9    2  8   19  99  2.00000E+00  3.60800E+00
p   9    2  8   19  98  2.27100E+00 -2.36070E+00 -2.38900E-01  2.47440E-02  2.00000E+00  1.10500E+03  1.14900E+03  2.20900E+04
f   9   19  8   19  99  7.00000E+00  3.68800E+00
p   9   19  8   19  98  1.72350E+00 -1.62450E+00 -4.64860E-01  6.51220E-02  7.00000E+00  9.77200E+01  1.01600E+02  1.95400E+03
f   9    3  8   20  99  2.00000E+00  3.17600E+00
p   9    3  8   20  98  2.27100E+00 -2.36070E+00 -2.38900E-01  2.47440E-02  2.00000E+00  1.10500E+03  1.14900E+03  2.20900E+04
f   9   20  8   20  99  7.00000E+00  3.19920E+00
p   9   20  8   20  98  1.72350E+00 -1.62450E+00 -4.64860E-01  6.51220E-02  7.00000E+00  9.77200E+01  1.01600E+02  1.95400E+03
f   9    4  8   21  99  2.00000E+00  3.01860E+00
p   9    4  8   21  98  2.27100E+00 -2.36070E+00 -2.38900E-01  2.47440E-02  2.00000E+00  1.10500E+03  1.14900E+03  2.20900E+04
f   9   21  8   21  99  7.00000E+00  3.01770E+00
p   9   21  8   21  98  1.72350E+00 -1.62450E+00 -4.64860E-01  6.51220E-02  7.00000E+00  9.77200E+01  1.01600E+02  1.95400E+03
f   9    5  8   22  99  2.00000E+00  3.07800E+00
p   9    5  8   22  98  2.27100E+00 -2.36070E+00 -2.38900E-01  2.47440E-02  2.00000E+00  1.10500E+03  1.14900E+03  2.20900E+04
f   9   22  8   22  99  7.00000E+00  3.08700E+00
p   9   22  8   22  98  1.72350E+00 -1.62450E+00 -4.64860E-01  6.51220E-02  7.00000E+00  9.77200E+01  1.01600E+02  1.95400E+03
f   9    6  8   23  99  2.00000E+00  3.06200E+00
p   9    6  8   23  98  2.27100E+00 -2.36070E+00 -2.38900E-01  2.47440E-02  2.00000E+00  1.10500E+03  1.14900E+03  2.20900E+04
f   9   23  8   23  99  7.00000E+00  3.07100E+00
p   9   23  8   23  98  1.72350E+00 -1.62450E+00 -4.64860E-01  6.51220E-02  7.00000E+00  9.77200E+01  1.01600E+02  1.95400E+03
f   9    7  8   24  99  2.00000E+00  3.00620E+00
p   9    7  8   24  98  2.27100E+00 -2.36070E+00 -2.38900E-01  2.47440E-02  2.00000E+00  1.10500E+03  1.14900E+03  2.20900E+04
f   9   24  8   24  99  7.00000E+00  3.00710E+00
p   9   24  8   24  98  1.72350E+00 -1.62450E+00 -4.64860E-01  6.51220E-02  7.00000E+00  9.77200E+01  1.01600E+02  1.95400E+03
f   9    8  8   25  99  2.00000E+00  3.00620E+00
p   9    8  8   25  98  2.27100E+00 -2.36070E+00 -2.38900E-01  2.47440E-02  2.00000E+00  1.10500E+03  1.14900E+03  2.20900E+04
f   9   25  8   25  99  7.00000E+00  3.00710E+00
p   9   25  8   25  98  1.72350E+00 -1.62450E+00 -4.64860E-01  6.51220E-02  7.00000E+00  9.77200E+01  1.01600E+02  1.95400E+03
f   9    9  8   26  99  2.00000E+00  3.00080E+00
p   9    9  8   26  98  2.27100E+00 -2.36070E+00 -2.38900E-01  2.47440E-02  2.00000E+00  1.10500E+03  1.14900E+03  2.20900E+04
f   9   26  8   26  99  7.00000E+00  3.00080E+00
p   9   26  8   26  98  1.72350E+00 -1.62450E+00 -4.64860E-01  6.51220E-02  7.00000E+00  9.77200E+01  1.01600E+02  1.95400E+03
a   9   10  8    1   1.15438E+13
a   9   11  8    1   1.92375E+12
a   9   12  8    1   5.62410E+11
a   9   13  8    1   2.13131E+11
a   9   14  8    1   9.86062E+10
a   9   15  8    1   5.05766E+10
a   9   16  8    1   2.80665E+10
a   9   17  8    1   1.65724E+10
a   9   18  8    1   5.83800E+14
a   9   19  8    1   5.59195E+12
a   9   20  8    1   9.22180E+11
a   9   21  8    1   2.58986E+11
a   9   22  8    1   9.51685E+10
a   9   23  8    1   4.40300E+10
a   9   24  8    1   2.25834E+10
a   9   25  8    1   1.25321E+10
a   9   26  8    1   7.40005E+09
a   9   19  8    2   4.37850E+14
a   9   20  8    3   4.37850E+14
a   9   21  8    4   4.37850E+14
a   9   22  8    5   4.37850E+14
a   9   23  8    6   4.37850E+14
a   9   24  8    7   4.37850E+14
a   9   25  8    8   4.37850E+14
a   9   26  8    9   4.37850E+14
b  10    1 10    2  99  2.76089E-01  2.31972E-01  1.61840E+00 -5.94747E-01  2.12045E+00  3.57040E-01  3.57040E-01
b  10    1 10    3  99  3.15011E-01  1.86657E-01  1.82562E+00 -6.64457E-01  2.08688E+00  1.28240E-01  1.28240E-01
b  10    2 10    3  99  1.87402E-01  3.92723E-01  1.50269E+00 -2.02104E-01  3.97638E+00  7.15100E-01  7.15100E-01
b  10    1 10    4  99  3.29705E-01  1.59027E-01  1.93312E+00 -7.09811E-01  2.10873E+00  6.35680E-02  6.35680E-02
b  10    2 10    4  99  2.29148E-01  7.66713E-01  1.78701E+00 -1.61511E-01  4.06187E+00  1.07900E-01  1.07900E-01
b  10    3 10    4  99  1.86805E-01  4.95211E-01  1.43316E+00 -1.89951E-01  3.95231E+00  1.03000E+00  1.03000E+00
b  10    1 10    5  99  7.59706E-01  4.12125E-02  4.47551E+00 -1.40186E+00  2.07768E+00  2.22880E-02  2.22880E-02
b  10    2 10    5  99  3.51813E-01  1.29173E+00  2.65055E+00 -1.40825E+00  3.38140E+00  3.12200E-02  3.12200E-02
b  10    3 10    5  99  2.44278E-01  1.07447E+00  1.89393E+00 -1.95159E-01  4.18449E+00  1.40200E-01  1.40200E-01
b  10    4 10    5  99  2.04796E-01  5.86727E-01  2.06579E+00  2.59980E+00  6.28072E+00  1.18600E+00  1.18600E+00
b  10    1 10    6  99  7.45242E-01  3.65878E-02  4.34347E+00 -1.35916E+00  2.05485E+00  1.39440E-02  1.39440E-02
b  10    2 10    6  99  3.70156E-01  1.50305E+00  2.75114E+00 -1.44961E+00  3.38288E+00  1.53900E-02  1.53900E-02
b  10    3 10    6  99  2.63013E-01  1.43774E+00  2.01019E+00 -2.02676E-01  4.23933E+00  5.03700E-02  5.03700E-02
b  10    4 10    6  99  2.24356E-01  1.15084E+00  1.63063E+00 -1.18280E-01  4.11704E+00  1.80700E-01  1.80700E-01
b  10    5 10    6  99  1.12404E-01  1.45605E+00  1.05354E+00  2.95250E+00  9.41227E+00  1.44700E+00  1.44700E+00
b  10    1 10    7  99  7.36929E-01  2.58357E-02  4.30300E+00 -1.31068E+00  2.06984E+00  9.29600E-03  9.29600E-03
b  10    2 10    7  99  3.82506E-01  1.64474E+00  2.85095E+00 -1.52176E+00  3.41103E+00  8.87800E-03  8.87800E-03
b  10    3 10    7  99  2.74465E-01  1.69871E+00  2.02565E+00 -1.27302E-01  4.19375E+00  2.46600E-02  2.46600E-02
b  10    4 10    7  99  2.39718E-01  1.56554E+00  1.70423E+00 -1.32842E-01  4.16381E+00  6.39900E-02  6.39900E-02
b  10    5 10    7  99  2.28998E-01  1.12918E+00  2.33035E+00  3.34587E+00  6.72444E+00  2.17600E-01  2.17600E-01
b  10    6 10    7  99 -2.82977E-02  2.74588E+00  1.12763E+00  1.28759E+01  2.00000E+01  1.65000E+00  1.65000E+00
b  10    1 10    8  99  7.30032E-01  2.11963E-02  4.25668E+00 -1.31274E+00  2.06296E+00  6.50000E-03  6.50000E-03
b  10    2 10    8  99  3.90647E-01  1.74790E+00  2.89533E+00 -1.52945E+00  3.41892E+00  5.65100E-03  5.65100E-03
b  10    3 10    8  99  2.82861E-01  1.88539E+00  2.08179E+00 -1.57786E-01  4.21313E+00  1.42300E-02  1.42300E-02
b  10    4 10    8  99  2.50381E-01  1.87444E+00  1.77184E+00 -1.59441E-01  4.22195E+00  3.11200E-02  3.11200E-02
b  10    5 10    8  99  2.31120E-01  1.64679E+00  1.60730E+00 -1.19792E-01  4.21135E+00  7.62800E-02  7.62800E-02
b  10    6 10    8  99  2.21596E-01  1.17707E+00  2.22292E+00  3.23638E+00  6.79995E+00  2.47700E-01  2.47700E-01
b  10    7 10    8  99 -3.21341E-02  2.66687E+00  7.90317E-01  1.33174E+00  6.26469E+00  1.84700E+00  1.84700E+00
b  10    1 10    9  99  7.24165E-01  2.09551E-02  4.20224E+00 -1.29088E+00  2.05435E+00  4.71760E-03  4.71760E-03
b  10    2 10    9  99  3.96039E-01  1.81612E+00  2.92867E+00 -1.56630E+00  3.41948E+00  3.84400E-03  3.84400E-03
b  10    3 10    9  99  2.87826E-01  1.95116E+00  2.13411E+00 -1.41056E-01  4.27915E+00  9.08100E-03  9.08100E-03
b  10    4 10    9  99  2.57651E-01  2.12883E+00  1.80495E+00 -1.20666E-01  4.25777E+00  1.74000E-02  1.74000E-02
b  10    5 10    9  99  2.41415E-01  2.02756E+00  1.64723E+00 -1.11543E-01  4.26249E+00  3.58000E-02  3.58000E-02
b  10    6 10    9  99  2.41812E-01  1.62761E+00  2.36463E+00  3.70722E+00  6.96968E+00  8.43000E-02  8.43000E-02
b  10    7 10    9  99  2.63765E-01  1.10097E+00  5.45017E+00  1.38405E+01  1.06666E+01  2.74300E-01  2.74300E-01
b  10    8 10    9  99 -1.35620E+00  1.32943E+01  9.28477E+03 -1.83598E+01  2.78997E-01  1.24200E+01  1.24200E+01
b  10    1 10   10  98  0.00000E+00  0.00000E+00  0.00000E+00  0.00000E+00  0.00000E+00  7.22983E-02  1.44597E-03
b  10    2 10   10  99  2.76089E-01  2.31972E-01  1.61840E+00 -5.94747E-01  2.12045E+00  2.95054E-01  2.95054E-01
b  10    1 10   11  98  0.00000E+00  0.00000E+00  0.00000E+00  0.00000E+00  0.00000E+00  1.27039E-01  2.54078E-03
b  10    2 10   11  99  3.15011E-01  1.86657E-01  1.82562E+00 -6.64457E-01  2.08688E+00  1.12210E-01  1.12210E-01
b  10    3 10   11  99  2.76089E-01  2.31972E-01  1.61840E+00 -5.94747E-01  2.12045E+00  3.12410E-01  3.12410E-01
b  10   10 10   11  99  1.87402E-01  3.92723E-01  1.50269E+00 -2.02104E-01  3.97638E+00  1.43020E+00  1.43020E+00
b  10    1 10   12  98  0.00000E+00  0.00000E+00  0.00000E+00  0.00000E+00  0.00000E+00  1.91592E-01  3.83183E-03
b  10    2 10   12  99  3.29705E-01  1.59027E-01  1.93312E+00 -7.09811E-01  2.10873E+00  5.56220E-02  5.56220E-02
b  10    4 10   12  99  2.76089E-01  2.31972E-01  1.61840E+00 -5.94747E-01  2.12045E+00  3.12410E-01  3.12410E-01
b  10   10 10   12  99  2.29148E-01  7.66713E-01  1.78701E+00 -1.61511E-01  4.06187E+00  2.15800E-01  2.15800E-01
b  10   11 10   12  99  1.86805E-01  4.95211E-01  1.43316E+00 -1.89951E-01  3.95231E+00  1.03000E+00  1.03000E+00
b  10    1 10   13  98  0.00000E+00  0.00000E+00  0.00000E+00  0.00000E+00  0.00000E+00  2.72932E-01  5.45864E-03
b  10    2 10   13  99  7.59706E-01  4.12125E-02  4.47551E+00 -1.40186E+00  2.07768E+00  1.95020E-02  1.95020E-02
b  10    5 10   13  99  2.76089E-01  2.31972E-01  1.61840E+00 -5.94747E-01  2.12045E+00  3.12410E-01  3.12410E-01
b  10   10 10   13  99  3.51813E-01  1.29173E+00  2.65055E+00 -1.40825E+00  3.38140E+00  6.24400E-02  6.24400E-02
b  10   11 10   13  99  2.44278E-01  1.07447E+00  1.89393E+00 -1.95159E-01  4.18449E+00  1.40200E-01  1.40200E-01
b  10   12 10   13  99  2.04796E-01  5.86727E-01  2.06579E+00  2.59980E+00  6.28072E+00  1.18600E+00  1.18600E+00
b  10    1 10   14  98  0.00000E+00  0.00000E+00  0.00000E+00  0.00000E+00  0.00000E+00  3.68187E-01  7.36374E-03
b  10    2 10   14  99  7.45242E-01  3.65878E-02  4.34347E+00 -1.35916E+00  2.05485E+00  1.22010E-02  1.22010E-02
b  10    6 10   14  99  2.76089E-01  2.31972E-01  1.61840E+00 -5.94747E-01  2.12045E+00  3.12410E-01  3.12410E-01
b  10   10 10   14  99  3.70156E-01  1.50305E+00  2.75114E+00 -1.44961E+00  3.38288E+00  3.07800E-02  3.07800E-02
b  10   11 10   14  99  2.63013E-01  1.43774E+00  2.01019E+00 -2.02676E-01  4.23933E+00  5.03700E-02  5.03700E-02
b  10   12 10   14  99  2.24356E-01  1.15084E+00  1.63063E+00 -1.18280E-01  4.11704E+00  1.80700E-01  1.80700E-01
b  10   13 10   14  99  1.12404E-01  1.45605E+00  1.05354E+00  2.95250E+00  9.41227E+00  1.44700E+00  1.44700E+00
b  10    1 10   15  98  0.00000E+00  0.00000E+00  0.00000E+00  0.00000E+00  0.00000E+00  4.77726E-01  9.55452E-03
b  10    2 10   15  99  7.36929E-01  2.58357E-02  4.30300E+00 -1.31068E+00  2.06984E+00  8.13400E-03  8.13400E-03
b  10    7 10   15  99  2.76089E-01  2.31972E-01  1.61840E+00 -5.94747E-01  2.12045E+00  3.12410E-01  3.12410E-01
b  10   10 10   15  99  3.82506E-01  1.64474E+00  2.85095E+00 -1.52176E+00  3.41103E+00  1.77560E-02  1.77560E-02
b  10   11 10   15  99  2.74465E-01  1.69871E+00  2.02565E+00 -1.27302E-01  4.19375E+00  2.46600E-02  2.46600E-02
b  10   12 10   15  99  2.39718E-01  1.56554E+00  1.70423E+00 -1.32842E-01  4.16381E+00  6.39900E-02  6.39900E-02
b  10   13 10   15  99  2.28998E-01  1.12918E+00  2.33035E+00  3.34587E+00  6.72444E+00  2.17600E-01  2.17600E-01
b  10   14 10   15  99 -2.82977E-02  2.74588E+00  1.12763E+00  1.28759E+01  2.00000E+01  1.65000E+00  1.65000E+00
b  10    1 10   16  98  0.00000E+00  0.00000E+00  0.00000E+00  0.00000E+00  0.00000E+00  6.02534E-01  1.20507E-02
b  10    2 10   16  99  7.30032E-01  2.11963E-02  4.25668E+00 -1.31274E+00  2.06296E+00  5.68750E-03  5.68750E-03
b  10    8 10   16  99  2.76089E-01  2.31972E-01  1.61840E+00 -5.94747E-01  2.12045E+00  3.12410E-01  3.12410E-01
b  10   10 10   16  99  3.90647E-01  1.74790E+00  2.89533E+00 -1.52945E+00  3.41892E+00  1.13020E-02  1.13020E-02
b  10   11 10   16  99  2.82861E-01  1.88539E+00  2.08179E+00 -1.57786E-01  4.21313E+00  1.42300E-02  1.42300E-02
b  10   12 10   16  99  2.50381E-01  1.87444E+00  1.77184E+00 -1.59441E-01  4.22195E+00  3.11200E-02  3.11200E-02
b  10   13 10   16  99  2.31120E-01  1.64679E+00  1.60730E+00 -1.19792E-01  4.21135E+00  7.62800E-02  7.62800E-02
b  10   14 10   16  99  2.21596E-01  1.17707E+00  2.22292E+00  3.23638E+00  6.79995E+00  2.47700E-01  2.47700E-01
b  10   15 10   16  99 -3.21341E-02  2.66687E+00  7.90317E-01  1.33174E+00  6.26469E+00  1.84700E+00  1.84700E+00
b  10    1 10   17  98  0.00000E+00  0.00000E+00  0.00000E+00  0.00000E+00  0.00000E+00  7.42015E-01  1.48403E-02
b  10    2 10   17  99  7.24165E-01  2.09551E-02  4.20224E+00 -1.29088E+00  2.05435E+00  4.12790E-03  4.12790E-03
b  10    9 10   17  99  2.76089E-01  2.31972E-01  1.61840E+00 -5.94747E-01  2.12045E+00  3.12410E-01  3.12410E-01
b  10   10 10   17  99  3.96039E-01  1.81612E+00  2.92867E+00 -1.56630E+00  3.41948E+00  7.68800E-03  7.68800E-03
b  10   11 10   17  99  2.87826E-01  1.95116E+00  2.13411E+00 -1.41056E-01  4.27915E+00  9.08100E-03  9.08100E-03
b  10   12 10   17  99  2.57651E-01  2.12883E+00  1.80495E+00 -1.20666E-01  4.25777E+00  1.74000E-02  1.74000E-02
b  10   13 10   17  99  2.41415E-01  2.02756E+00  1.64723E+00 -1.11543E-01  4.26249E+00  3.58000E-02  3.58000E-02
b  10   14 10   17  99  2.41812E-01  1.62761E+00  2.36463E+00  3.70722E+00  6.96968E+00  8.43000E-02  8.43000E-02
b  10   15 10   17  99  2.63765E-01  1.10097E+00  5.45017E+00  1.38405E+01  1.06666E+01  2.74300E-01  2.74300E-01
b  10   16 10   17  99 -1.35620E+00  1.32943E+01  9.28477E+03 -1.83598E+01  2.78997E-01  1.24200E+01  1.24200E+01
b  10    1 10   18  99  4.08237E-01 -2.29289E-02 -2.36994E+00  1.97215E+01  3.80084E+00  1.82500E-02  1.82500E-02
b  10    2 10   18  99  3.89664E-01 -8.44284E-02 -2.25930E+00  1.94958E+01  3.83182E+00  4.49250E-02  4.49250E-02
b  10    1 10   19  99  4.25596E-01 -3.14753E-02 -2.47686E+00  2.05776E+01  3.80221E+00  6.11800E-03  6.11800E-03
b  10    3 10   19  99  3.89664E-01 -8.44284E-02 -2.25930E+00  1.94958E+01  3.83182E+00  4.49250E-02  4.49250E-02
b  10   18 10   19  99  1.87402E-01  3.92723E-01  1.50269E+00 -2.02104E-01  3.97638E+00  7.15100E-01  7.15100E-01
b  10    1 10   20  99  4.26469E-01 -3.11571E-02 -2.53283E+00  2.08372E+01  3.81275E+00  2.78600E-03  2.78600E-03
b  10    4 10   20  99  3.89664E-01 -8.44284E-02 -2.25930E+00  1.94958E+01  3.83182E+00  4.49250E-02  4.49250E-02
b  10   18 10   20  99  2.29148E-01  7.66713E-01  1.78701E+00 -1.61511E-01  4.06187E+00  1.07900E-01  1.07900E-01
b  10   19 10   20  99  1.86805E-01  4.95211E-01  1.43316E+00 -1.89951E-01  3.95231E+00  1.03000E+00  1.03000E+00
b  10    1 10   21  99  4.93184E-01 -5.67564E-02 -2.96586E+00  2.43873E+01  3.81833E+00  1.34400E-03  1.34400E-03
b  10    5 10   21  99  3.89664E-01 -8.44284E-02 -2.25930E+00  1.94958E+01  3.83182E+00  4.49250E-02  4.49250E-02
b  10   18 10   21  99  3.51813E-01  1.29173E+00  2.65055E+00 -1.40825E+00  3.38140E+00  3.12200E-02  3.12200E-02
b  10   19 10   21  99  2.44278E-01  1.07447E+00  1.89393E+00 -1.95159E-01  4.18449E+00  1.40200E-01  1.40200E-01
b  10   20 10   21  99  2.04796E-01  5.86727E-01  2.06579E+00  2.59980E+00  6.28072E+00  1.18600E+00  1.18600E+00
b  10    1 10   22  99  4.82068E-01 -5.29190E-02 -2.93475E+00  2.39839E+01  3.82488E+00  8.05000E-04  8.05000E-04
b  10    6 10   22  99  3.89664E-01 -8.44284E-02 -2.25930E+00  1.94958E+01  3.83182E+00  4.49250E-02  4.49250E-02
b  10   18 10   22  99  3.70156E-01  1.50305E+00  2.75114E+00 -1.44961E+00  3.38288E+00  1.53900E-02  1.53900E-02
b  10   19 10   22  99  2.63013E-01  1.43774E+00  2.01019E+00 -2.02676E-01  4.23933E+00  5.03700E-02  5.03700E-02
b  10   20 10   22  99  2.24356E-01  1.15084E+00  1.63063E+00 -1.18280E-01  4.11704E+00  1.80700E-01  1.80700E-01
b  10   21 10   22  99  1.12404E-01  1.45605E+00  1.05354E+00  2.95250E+00  9.41227E+00  1.44700E+00  1.44700E+00
b  10    1 10   23  99  4.75426E-01 -5.39730E-02 -2.88813E+00  2.36292E+01  3.82363E+00  5.19800E-04  5.19800E-04
b  10    7 10   23  99  3.89664E-01 -8.44284E-02 -2.25930E+00  1.94958E+01  3.83182E+00  4.49250E-02  4.49250E-02
b  10   18 10   23  99  3.82506E-01  1.64474E+00  2.85095E+00 -1.52176E+00  3.41103E+00  8.87800E-03  8.87800E-03
b  10   19 10   23  99  2.74465E-01  1.69871E+00  2.02565E+00 -1.27302E-01  4.19375E+00  2.46600E-02  2.46600E-02
b  10   20 10   23  99  2.39718E-01  1.56554E+00  1.70423E+00 -1.32842E-01  4.16381E+00  6.39900E-02  6.39900E-02
b  10   21 10   23  99  2.28998E-01  1.12918E+00  2.33035E+00  3.34587E+00  6.72444E+00  2.17600E-01  2.17600E-01
b  10   22 10   23  99 -2.82977E-02  2.74588E+00  1.12763E+00  1.28759E+01  2.00000E+01  1.65000E+00  1.65000E+00
b  10    1 10   24  99  4.71111E-01 -5.52728E-02 -2.86197E+00  2.34443E+01  3.82573E+00  3.54800E-04  3.54800E-04
b  10    8 10   24  99  3.89664E-01 -8.44284E-02 -2.25930E+00  1.94958E+01  3.83182E+00  4.49250E-02  4.49250E-02
b  10   18 10   24  99  3.90647E-01  1.74790E+00  2.89533E+00 -1.52945E+00  3.41892E+00  5.65100E-03  5.65100E-03
b  10   19 10   24  99  2.82861E-01  1.88539E+00  2.08179E+00 -1.57786E-01  4.21313E+00  1.42300E-02  1.42300E-02
b  10   20 10   24  99  2.50381E-01  1.87444E+00  1.77184E+00 -1.59441E-01  4.22195E+00  3.11200E-02  3.11200E-02
b  10   21 10   24  99  2.31120E-01  1.64679E+00  1.60730E+00 -1.19792E-01  4.21135E+00  7.62800E-02  7.62800E-02
b  10   22 10   24  99  2.21596E-01  1.17707E+00  2.22292E+00  3.23638E+00  6.79995E+00  2.47700E-01  2.47700E-01
b  10   23 10   24  99 -3.21341E-02  2.66687E+00  7.90317E-01  1.33174E+00  6.26469E+00  1.84700E+00  1.84700E+00
b  10    1 10   25  99  4.66625E-01 -5.27734E-02 -2.84907E+00  2.32499E+01  3.82604E+00  2.52600E-04  2.52600E-04
b  10    9 10   25  99  3.89664E-01 -8.44284E-02 -2.25930E+00  1.94958E+01  3.83182E+00  4.49250E-02  4.49250E-02
b  10   18 10   25  99  3.96039E-01  1.81612E+00  2.92867E+00 -1.56630E+00  3.41948E+00  3.84400E-03  3.84400E-03
b  10   19 10   25  99  2.87826E-01  1.95116E+00  2.13411E+00 -1.41056E-01  4.27915E+00  9.08100E-03  9.08100E-03
b  10   20 10   25  99  2.57651E-01  2.12883E+00  1.80495E+00 -1.20666E-01  4.25777E+00  1.74000E-02  1.74000E-02
b  10   21 10   25  99  2.41415E-01  2.02756E+00  1.64723E+00 -1.11543E-01  4.26249E+00  3.58000E-02  3.58000E-02
b  10   22 10   25  99  2.41812E-01  1.62761E+00  2.36463E+00  3.70722E+00  6.96968E+00  8.43000E-02  8.43000E-02
b  10   23 10   25  99  2.63765E-01  1.10097E+00  5.45017E+00  1.38405E+01  1.06666E+01  2.74300E-01  2.74300E-01
b  10   24 10   25  99 -1.35620E+00  1.32943E+01  9.28477E+03 -1.83598E+01  2.78997E-01  1.24200E+01  1.24200E+01
f  10    1  9    1  99  8.00000E+00  7.01070E+00
p  10    1  9    1  98  1.59000E+00 -1.00020E+00 -7.27900E-01  1.04930E-01  8.00000E+00  7.27900E+01  7.57000E+01  1.45600E+03
f  10    2  9    1  99  1.00000E+00  2.70400E+00
p  10    2  9    1  99  1.00000E+00  2.70400E+00
f  10    3  9    1  99  1.00000E+00  2.20380E+00
p  10    3  9    1  99  1.00000E+00  2.20380E+00
f  10    4  9    1  99  1.00000E+00  2.02070E+00
p  10    4  9    1  99  1.00000E+00  2.02070E+00
f  10    5  9    1  99  1.00000E+00  2.09000E+00
p  10    5  9    1  99  1.00000E+00  2.09000E+00
f  10    6  9    1  99  1.00000E+00  2.07200E+00
p  10    6  9    1  99  1.00000E+00  2.07200E+00
f  10    7  9    1  99  1.00000E+00  2.00720E+00
p  10    7  9    1  99  1.00000E+00  2.00720E+00
f  10    8  9    1  99  1.00000E+00  2.00720E+00
p  10    8  9    1  99  1.00000E+00  2.00720E+00
f  10    9  9    1  99  1.00000E+00  2.00090E+00
p  10    9  9    1  99  1.00000E+00  2.00090E+00
f  10    2  9    2  99  7.00000E+00  2.70400E+00
p  10    2  9    2  98  1.59000E+00 -1.00020E+00 -7.27900E-01  1.04930E-01  8.00000E+00  7.27900E+01  7.57000E+01  1.45600E+03
f  10   10  9    2  99  2.00000E+00  3.26800E+00
p  10   10  9    2  99  2.00000E+00  3.26800E+00
f  10   11  9    2  99  1.00000E+00  2.26050E+00
p  10   11  9    2  99  1.00000E+00  2.26050E+00
f  10   12  9    2  99  1.00000E+00  2.03900E+00
p  10   12  9    2  99  1.00000E+00  2.03900E+00
f  10   13  9    2  99  1.00000E+00  2.09600E+00
p  10   13  9    2  99  1.00000E+00  2.09600E+00
f  10   14  9    2  99  1.00000E+00  2.07600E+00
p  10   14  9    2  99  1.00000E+00  2.07600E+00
f  10   15  9    2  99  1.00000E+00  2.01620E+00
p  10   15  9    2  99  1.00000E+00  2.01620E+00
f  10   16  9    2  99  1.00000E+00  2.01420E+00
p  10   16  9    2  99  1.00000E+00  2.01420E+00
f  10   17  9    2  99  1.00000E+00  2.00090E+00
p  10   17  9    2  99  1.00000E+00  2.00090E+00
f  10    3  9    3  99  7.00000E+00  2.20380E+00
p  10    3  9    3  98  1.59000E+00 -1.00020E+00 -7.27900E-01  1.04930E-01  8.00000E+00  7.27900E+01  7.57000E+01  1.45600E+03
f  10   11  9    3  99  1.00000E+00  2.26050E+00
p  10   11  9    3  99  1.00000E+00  2.26050E+00
f  10    4  9    4  99  7.00000E+00  2.02070E+00
p  10    4  9    4  98  1.59000E+00 -1.00020E+00 -7.27900E-01  1.04930E-01  8.00000E+00  7.27900E+01  7.57000E+01  1.45600E+03
f  10   12  9    4  99  1.00000E+00  2.03900E+00
p  10   12  9    4  99  1.00000E+00  2.03900E+00
f  10    5  9    5  99  7.00000E+00  2.09000E+00
p  10    5  9    5  98  1.59000E+00 -1.00020E+00 -7.27900E-01  1.04930E-01  8.00000E+00  7.27900E+01  7.57000E+01  1.45600E+03
f  10   13  9    5  99  1.00000E+00  2.09600E+00
p  10   13  9    5  99  1.00000E+00  2.09600E+00
f  10    6  9    6  99  7.00000E+00  2.07200E+00
p  10    6  9    6  98  1.59000E+00 -1.00020E+00 -7.27900E-01  1.04930E-01  8.00000E+00  7.27900E+01  7.57000E+01  1.45600E+03
f  10   14  9    6  99  1.00000E+00  2.07600E+00
p  10   14  9    6  99  1.00000E+00  2.07600E+00
f  10    7  9    7  99  7.00000E+00  2.00720E+00
p  10    7  9    7  98  1.59000E+00 -1.00020E+00 -7.27900E-01  1.04930E-01  8.00000E+00  7.27900E+01  7.57000E+01  1.45600E+03
f  10   15  9    7  99  1.00000E+00  2.01620E+00
p  10   15  9    7  99  1.00000E+00  2.01620E+00
f  10    8  9    8  99  7.00000E+00  2.00720E+00
p  10    8  9    8  98  1.59000E+00 -1.00020E+00 -7.27900E-01  1.04930E-01  8.00000E+00  7.27900E+01  7.57000E+01  1.45600E+03
f  10   16  9    8  99  1.00000E+00  2.01420E+00
p  10   16  9    8  99  1.00000E+00  2.01420E+00
f  10    9  9    9  99  7.00000E+00  2.00090E+00
p  10    9  9    9  98  1.59000E+00 -1.00020E+00 -7.27900E-01  1.04930E-01  8.00000E+00  7.27900E+01  7.57000E+01  1.45600E+03
f  10   17  9    9  99  1.00000E+00  2.00090E+00
p  10   17  9    9  99  1.00000E+00  2.00090E+00
f  10   10  9   10  99  6.00000E+00  3.26800E+00
p  10   10  9   10  98  1.59000E+00 -1.00020E+00 -7.27900E-01  1.04930E-01  8.00000E+00  7.27900E+01  7.57000E+01  1.45600E+03
f  10   11  9   11  99  6.00000E+00  2.26050E+00
p  10   11  9   11  98  1.59000E+00 -1.00020E+00 -7.27900E-01  1.04930E-01  8.00000E+00  7.27900E+01  7.57000E+01  1.45600E+03
f  10   12  9   12  99  6.00000E+00  2.03900E+00
p  10   12  9   12  98  1.59000E+00 -1.00020E+00 -7.27900E-01  1.04930E-01  8.00000E+00  7.27900E+01  7.57000E+01  1.45600E+03
f  10   13  9   13  99  6.00000E+00  2.09600E+00
p  10   13  9   13  98  1.59000E+00 -1.00020E+00 -7.27900E-01  1.04930E-01  8.00000E+00  7.27900E+01  7.57000E+01  1.45600E+03
f  10   14  9   14  99  6.00000E+00  2.07600E+00
p  10   14  9   14  98  1.59000E+00 -1.00020E+00 -7.27900E-01  1.04930E-01  8.00000E+00  7.27900E+01  7.57000E+01  1.45600E+03
f  10   15  9   15  99  6.00000E+00  2.01620E+00
p  10   15  9   15  98  1.59000E+00 -1.00020E+00 -7.27900E-01  1.04930E-01  8.00000E+00  7.27900E+01  7.57000E+01  1.45600E+03
f  10   16  9   16  99  6.00000E+00  2.01420E+00
p  10   16  9   16  98  1.59000E+00 -1.00020E+00 -7.27900E-01  1.04930E-01  8.00000E+00  7.27900E+01  7.57000E+01  1.45600E+03
f  10   17  9   17  99  6.00000E+00  2.00090E+00
p  10   17  9   17  98  1.59000E+00 -1.00020E+00 -7.27900E-01  1.04930E-01  8.00000E+00  7.27900E+01  7.57000E+01  1.45600E+03
f  10    1  9   18  99  2.00000E+00  7.01070E+00
p  10    1  9   18  98  2.30720E+00 -2.34090E+00 -2.45430E-01  2.56640E-02  2.00000E+00  1.07300E+03  1.11600E+03  2.14600E+04
f  10   18  9   18  99  1.00000E+00  2.78400E+00
p  10   18  9   18  99  1.00000E+00  2.78400E+00
f  10   19  9   18  99  1.00000E+00  2.22700E+00
p  10   19  9   18  99  1.00000E+00  2.22700E+00
f  10   20  9   18  99  1.00000E+00  2.01980E+00
p  10   20  9   18  99  1.00000E+00  2.01980E+00
f  10   21  9   18  99  1.00000E+00  2.09900E+00
p  10   21  9   18  99  1.00000E+00  2.09900E+00
f  10   22  9   18  99  1.00000E+00  2.08100E+00
p  10   22  9   18  99  1.00000E+00  2.08100E+00
f  10   23  9   18  99  1.00000E+00  2.00810E+00
p  10   23  9   18  99  1.00000E+00  2.00810E+00
f  10   24  9   18  99  1.00000E+00  2.00810E+00
p  10   24  9   18  99  1.00000E+00  2.00810E+00
f  10   25  9   18  99  1.00000E+00  2.00090E+00
p  10   25  9   18  99  1.00000E+00  2.00090E+00
f  10    2  9   19  99  2.00000E+00  2.70400E+00
p  10    2  9   19  98  2.30720E+00 -2.34090E+00 -2.45430E-01  2.56640E-02  2.00000E+00  1.07300E+03  1.11600E+03  2.14600E+04
f  10   18  9   19  99  8.00000E+00  2.78400E+00
p  10   18  9   19  98  1.59000E+00 -1.00020E+00 -7.27900E-01  1.04930E-01  8.00000E+00  7.27900E+01  7.57000E+01  1.45600E+03
f  10    3  9   20  99  2.00000E+00  2.20380E+00
p  10    3  9   20  98  2.30720E+00 -2.34090E+00 -2.45430E-01  2.56640E-02  2.00000E+00  1.07300E+03  1.11600E+03  2.14600E+04
f  10   19  9   20  99  8.00000E+00  2.22700E+00
p  10   19  9   20  98  1.59000E+00 -1.00020E+00 -7.27900E-01  1.04930E-01  8.00000E+00  7.27900E+01  7.57000E+01  1.45600E+03
f  10    4  9   21  99  2.00000E+00  2.02070E+00
p  10    4  9   21  98  2.30720E+00 -2.34090E+00 -2.45430E-01  2.56640E-02  2.00000E+00  1.07300E+03  1.11600E+03  2.14600E+04
f  10   20  9   21  99  8.00000E+00  2.01980E+00
p  10   20  9   21  98  1.59000E+00 -1.00020E+00 -7.27900E-01  1.04930E-01  8.00000E+00  7.27900E+01  7.57000E+01  1.45600E+03
f  10    5  9   22  99  2.00000E+00  2.09000E+00
p  10    5  9   22  98  2.30720E+00 -2.34090E+00 -2.45430E-01  2.56640E-02  2.00000E+00  1.07300E+03  1.11600E+03  2.14600E+04
f  10   21  9   22  99  8.00000E+00  2.09900E+00
p  10   21  9   22  98  1.59000E+00 -1.00020E+00 -7.27900E-01  1.04930E-01  8.00000E+00  7.27900E+01  7.57000E+01  1.45600E+03
f  10    6  9   23  99  2.00000E+00  2.07200E+00
p  10    6  9   23  98  2.30720E+00 -2.34090E+00 -2.45430E-01  2.56640E-02  2.00000E+00  1.07300E+03  1.11600E+03  2.14600E+04
f  10   22  9   23  99  8.00000E+00  2.08100E+00
p  10   22  9   23  98  1.59000E+00 -1.00020E+00 -7.27900E-01  1.04930E-01  8.00000E+00  7.27900E+01  7.57000E+01  1.45600E+03
f  10    7  9   24  99  2.00000E+00  2.00720E+00
p  10    7  9   24  98  2.30720E+00 -2.34090E+00 -2.45430E-01  2.56640E-02  2.00000E+00  1.07300E+03  1.11600E+03  2.14600E+04
f  10   23  9   24  99  8.00000E+00  2.00810E+00
p  10   23  9   24  98  1.59000E+00 -1.00020E+00 -7.27900E-01  1.04930E-01  8.00000E+00  7.27900E+01  7.57000E+01  1.45600E+03
f  10    8  9   25  99  2.00000E+00  2.00720E+00
p  10    8  9   25  98  2.30720E+00 -2.34090E+00 -2.45430E-01  2.56640E-02  2.00000E+00  1.07300E+03  1.11600E+03  2.14600E+04
f  10   24  9   25  99  8.00000E+00  2.00810E+00
p  10   24  9   25  98  1.59000E+00 -1.00020E+00 -7.27900E-01  1.04930E-01  8.00000E+00  7.27900E+01  7.57000E+01  1.45600E+03
f  10    9  9   26  99  2.00000E+00  2.00090E+00
p  10    9  9   26  98  2.30720E+00 -2.34090E+00 -2.45430E-01  2.56640E-02  2.00000E+00  1.07300E+03  1.11600E+03  2.14600E+04
f  10   25  9   26  99  8.00000E+00  2.00090E+00
p  10   25  9   26  98  1.59000E+00 -1.00020E+00 -7.27900E-01  1.04930E-01  8.00000E+00  7.27900E+01  7.57000E+01  1.45600E+03
a  10   10  9    1   2.68245E+12
a  10   11  9    1   4.06298E+11
a  10   12  9    1   1.15148E+11
a  10   13  9    1   4.27515E+10
a  10   14  9    1   1.97798E+10
a  10   15  9    1   1.01452E+10
a  10   16  9    1   5.62988E+09
a  10   17  9    1   3.32438E+09
a  10   18  9    1   3.52476E+12
a  10   19  9    1   5.26760E+11
a  10   20  9    1   1.41412E+11
a  10   21  9    1   5.05600E+10
a  10   22  9    1   2.33924E+10
a  10   23  9    1   1.19984E+10
a  10   24  9    1   6.65800E+09
a  10   25  9    1   3.93160E+09
a  10   18  9    2   4.97056E+14
a  10   19  9    3   4.97056E+14
a  10   20  9    4   4.97056E+14
a  10   21  9    5   4.97056E+14
a  10   22  9    6   4.97056E+14
a  10   23  9    7   4.97056E+14
a  10   24  9    8   4.97056E+14
a  10   25  9    9   4.97056E+14
b  11    1 11    2  99  2.75694E-01  1.71606E-01 -1.13878E+00  2.21650E+00  2.96572E+00  6.86800E-01  6.86800E-01
b  11    1 11    3  99  2.78935E-01  6.37411E-01 -1.20479E+00  5.03721E-02  1.02062E+00  1.08800E-01  1.08800E-01
b  11    2 11    3  99  2.80305E-01  1.11656E-01 -9.98796E-01  2.21854E+00  2.14564E+00  9.83300E-01  9.83300E-01
b  11    1 11    4  99  3.64128E-01  1.06301E+00 -1.81249E+00  6.21635E-02  8.07334E-01  3.41600E-02  3.41600E-02
b  11    2 11    4  99  3.03532E-01  7.07377E-01 -1.47689E+00  5.85439E-02  1.19052E+00  1.48600E-01  1.48600E-01
b  11    3 11    4  99  2.72381E-01  5.15321E-02 -7.64360E-01  1.76968E+00  1.67711E+00  1.21400E+00  1.21400E+00
b  11    1 11    5  99  3.74869E-01  1.29743E+00 -2.01541E+00  6.40969E-02  6.42339E-01  1.66600E-02  1.66600E-02
b  11    2 11    5  99  3.14787E-01  1.09478E+00 -1.74811E+00  5.07897E-02  6.73016E-01  5.32700E-02  5.32700E-02
b  11    3 11    5  99  2.94133E-01  7.16286E-01 -1.69776E+00  1.09028E-01  1.42620E+00  1.87600E-01  1.87600E-01
b  11    4 11    5  99  3.25210E-01 -1.94991E-01  2.55526E-01  7.35109E-02  4.86556E-01  1.42700E+00  1.42700E+00
b  11    1 11    6  99  3.81747E-01  1.45746E+00 -2.15080E+00  6.51925E-02  5.59061E-01  9.55800E-03  9.55800E-03
b  11    2 11    6  99  3.22493E-01  1.36753E+00 -1.94119E+00  5.12386E-02  4.88900E-01  2.60700E-02  2.60700E-02
b  11    3 11    6  99  2.92250E-01  1.18411E+00 -2.03167E+00  1.99371E-01  6.99138E-01  6.66600E-02  6.66600E-02
b  11    4 11    6  99  9.09159E-01 -1.42204E+00  8.54459E+00 -2.19699E+00  4.69704E+00  2.23100E-01  2.23100E-01
b  11    5 11    6  99  1.75611E+00 -4.75561E+00  1.53426E+01 -3.10098E+00  2.01734E+00  1.62500E+00  1.62500E+00
b  11    1 11    7  99  3.96579E-01  1.69750E+00 -2.29849E+00  6.83527E-02  4.40530E-01  6.06200E-03  6.06200E-03
b  11    2 11    7  99  3.35509E-01  1.66787E+00 -2.13806E+00  5.53378E-02  3.48075E-01  1.50500E-02  1.50500E-02
b  11    3 11    7  99  3.09216E-01  1.58378E+00 -2.28914E+00  1.13531E-01  4.74083E-01  3.25900E-02  3.25900E-02
b  11    4 11    7  99  1.00752E+00 -2.17203E+00  5.52678E+01 -1.84011E+02  2.00000E+01  7.85700E-02  7.85700E-02
b  11    5 11    7  99  1.68589E+00 -3.42529E+00  1.05522E+01 -8.94358E-01  1.99834E+00  2.53600E-01  2.53600E-01
b  11    6 11    7  99  2.11316E-01  5.74357E+00 -2.96709E+02  3.69665E+03  2.00000E+01  1.83700E+00  1.83700E+00
b  11    1 11    8  99  1.90892E+03  1.82672E+05 -8.46058E+06  9.71107E+07  2.00000E+01  4.11500E-03  4.11500E-03
b  11    2 11    8  99  7.81155E+02 -8.76423E+02  5.12906E+02 -8.16245E+01 -8.00000E-01  9.60600E-03  9.60600E-03
b  11    3 11    8  99  3.41968E+00  1.87799E+02 -5.04477E+02  3.34127E+02  8.07672E-02  1.87600E-02  1.87600E-02
b  11    4 11    8  99  9.76292E-01 -2.60560E+00  1.16920E+02 -1.26849E+03  2.00000E+01  3.80900E-02  3.80900E-02
b  11    5 11    8  99  3.26429E+00 -7.67615E+00  2.67785E+01 -5.24349E+00  2.29114E+00  8.82600E-02  8.82600E-02
b  11    6 11    8  99  5.60230E-01  1.08887E+01 -5.72334E+02  7.21263E+03  2.00000E+01  2.81800E-01  2.81800E-01
b  11    7 11    8  99  1.67174E-01  5.45161E+00 -2.76936E+02  3.41058E+03  2.00000E+01  1.30100E+00  1.30100E+00
b  11    1 11    9  99  5.72547E-01  3.35428E-01 -3.32675E-01  4.73355E-02  1.96019E-01  8.18267E-02  8.18267E-02
b  11    1 11   10  99  5.94222E-01  2.15568E-01 -1.69430E-01  3.64446E-02  1.07798E-02  1.97840E-02  1.97840E-02
b  11    2 11   10  99  5.72547E-01  3.35428E-01 -3.32675E-01  4.73355E-02  1.96019E-01  8.66400E-02  8.66400E-02
b  11    9 11   10  99  2.75694E-01  1.71606E-01 -1.13878E+00  2.21650E+00  2.96572E+00  1.37360E+00  1.37360E+00
b  11    1 11   11  99  7.09671E-01  2.28748E-02  5.57062E+00 -8.89566E+01  2.00000E+01  8.19200E-03  8.19200E-03
b  11    3 11   11  99  5.72547E-01  3.35428E-01 -3.32675E-01  4.73355E-02  1.96019E-01  8.66400E-02  8.66400E-02
b  11    9 11   11  99  2.78935E-01  6.37411E-01 -1.20479E+00  5.03721E-02  1.02062E+00  2.17600E-01  2.17600E-01
b  11   10 11   11  99  2.80305E-01  1.11656E-01 -9.98796E-01  2.21854E+00  2.14564E+00  9.83300E-01  9.83300E-01
b  11    1 11   12  99  1.36165E+00  6.31278E-01 -4.78249E+00  1.18086E+01  4.51334E+00  2.54960E-03  2.54960E-03
b  11    4 11   12  99  5.72547E-01  3.35428E-01 -3.32675E-01  4.73355E-02  1.96019E-01  8.66400E-02  8.66400E-02
b  11    9 11   12  99  3.64128E-01  1.06301E+00 -1.81249E+00  6.21635E-02  8.07334E-01  6.83200E-02  6.83200E-02
b  11   10 11   12  99  3.03532E-01  7.07377E-01 -1.47689E+00  5.85439E-02  1.19052E+00  1.48600E-01  1.48600E-01
b  11   11 11   12  99  2.72381E-01  5.15321E-02 -7.64360E-01  1.76968E+00  1.67711E+00  1.21400E+00  1.21400E+00
b  11    1 11   13  99  1.34830E+00  6.00090E-01 -4.87075E+00  1.29556E+01  3.97236E+00  1.50720E-03  1.50720E-03
b  11    5 11   13  99  5.72547E-01  3.35428E-01 -3.32675E-01  4.73355E-02  1.96019E-01  8.66400E-02  8.66400E-02
b  11    9 11   13  99  3.74869E-01  1.29743E+00 -2.01541E+00  6.40969E-02  6.42339E-01  3.33200E-02  3.33200E-02
b  11   10 11   13  99  3.14787E-01  1.09478E+00 -1.74811E+00  5.07897E-02  6.73016E-01  5.32700E-02  5.32700E-02
b  11   11 11   13  99  2.94133E-01  7.16286E-01 -1.69776E+00  1.09028E-01  1.42620E+00  1.87600E-01  1.87600E-01
b  11   12 11   13  99  3.25210E-01 -1.94991E-01  2.55526E-01  7.35109E-02  4.86556E-01  1.42700E+00  1.42700E+00
b  11    1 11   14  99  1.34299E+00  5.63291E-01 -4.75680E+00  1.29418E+01  3.64238E+00  9.68000E-04  9.68000E-04
b  11    6 11   14  99  5.72547E-01  3.35428E-01 -3.32675E-01  4.73355E-02  1.96019E-01  8.66400E-02  8.66400E-02
b  11    9 11   14  99  3.81747E-01  1.45746E+00 -2.15080E+00  6.51925E-02  5.59061E-01  1.91160E-02  1.91160E-02
b  11   10 11   14  99  3.22493E-01  1.36753E+00 -1.94119E+00  5.12386E-02  4.88900E-01  2.60700E-02  2.60700E-02
b  11   11 11   14  99  2.92250E-01  1.18411E+00 -2.03167E+00  1.99371E-01  6.99138E-01  6.66600E-02  6.66600E-02
b  11   12 11   14  99  9.09159E-01 -1.42204E+00  8.54459E+00 -2.19699E+00  4.69704E+00  2.23100E-01  2.23100E-01
b  11   13 11   14  99  1.75611E+00 -4.75561E+00  1.53426E+01 -3.10098E+00  2.01734E+00  1.62500E+00  1.62500E+00
b  11    1 11   15  99  1.36600E+00  6.08349E-01 -4.94680E+00  1.32642E+01  4.07736E+00  6.58480E-04  6.58480E-04
b  11    7 11   15  99  5.72547E-01  3.35428E-01 -3.32675E-01  4.73355E-02  1.96019E-01  8.66400E-02  8.66400E-02
b  11    9 11   15  99  3.96579E-01  1.69750E+00 -2.29849E+00  6.83527E-02  4.40530E-01  1.21240E-02  1.21240E-02
b  11   10 11   15  99  3.35509E-01  1.66787E+00 -2.13806E+00  5.53378E-02  3.48075E-01  1.50500E-02  1.50500E-02
b  11   11 11   15  99  3.09216E-01  1.58378E+00 -2.28914E+00  1.13531E-01  4.74083E-01  3.25900E-02  3.25900E-02
b  11   12 11   15  99  1.00752E+00 -2.17203E+00  5.52678E+01 -1.84011E+02  2.00000E+01  7.85700E-02  7.85700E-02
b  11   13 11   15  99  1.68589E+00 -3.42529E+00  1.05522E+01 -8.94358E-01  1.99834E+00  2.53600E-01  2.53600E-01
b  11   14 11   15  99  2.11316E-01  5.74357E+00 -2.96709E+02  3.69665E+03  2.00000E+01  1.83700E+00  1.83700E+00
b  11    1 11   16  99  1.12052E+05  9.12786E+06 -4.29441E+08  4.99263E+09  2.00000E+01  4.68400E-04  4.68400E-04
b  11    8 11   16  99  5.72547E-01  3.35428E-01 -3.32675E-01  4.73355E-02  1.96019E-01  8.66400E-02  8.66400E-02
b  11    9 11   16  99  1.90892E+03  1.82672E+05 -8.46058E+06  9.71107E+07  2.00000E+01  8.23000E-03  8.23000E-03
b  11   10 11   16  99  7.81155E+02 -8.76423E+02  5.12906E+02 -8.16245E+01 -8.00000E-01  9.60600E-03  9.60600E-03
b  11   11 11   16  99  3.41968E+00  1.87799E+02 -5.04477E+02  3.34127E+02  8.07672E-02  1.87600E-02  1.87600E-02
b  11   12 11   16  99  9.76292E-01 -2.60560E+00  1.16920E+02 -1.26849E+03  2.00000E+01  3.80900E-02  3.80900E-02
b  11   13 11   16  99  3.26429E+00 -7.67615E+00  2.67785E+01 -5.24349E+00  2.29114E+00  8.82600E-02  8.82600E-02
b  11   14 11   16  99  5.60230E-01  1.08887E+01 -5.72334E+02  7.21263E+03  2.00000E+01  2.81800E-01  2.81800E-01
b  11   15 11   16  99  1.67174E-01  5.45161E+00 -2.76936E+02  3.41058E+03  2.00000E+01  1.30100E+00  1.30100E+00
b  11    1 11   17  99  8.48748E-01 -2.31519E-01  3.14336E-01 -8.74306E-02 -5.04824E-01  4.39922E-03  4.39922E-03
b  11    9 11   17  99  2.90686E-01  9.73308E-02 -1.39201E+00  4.04156E+00  2.63874E+00  4.47250E-02  4.47250E-02
b  11    1 11   18  99  5.44389E-01 -1.72743E-01  2.17239E-01 -5.86787E-02 -4.94490E-01  1.53720E-03  1.53720E-03
b  11    2 11   18  99  8.48748E-01 -2.31519E-01  3.14336E-01 -8.74306E-02 -5.04824E-01  4.65800E-03  4.65800E-03
b  11   10 11   18  99  2.90686E-01  9.73308E-02 -1.39201E+00  4.04156E+00  2.63874E+00  4.47250E-02  4.47250E-02
b  11   17 11   18  99  2.75694E-01  1.71606E-01 -1.13878E+00  2.21650E+00  2.96572E+00  1.37360E+00  1.37360E+00
b  11    1 11   19  99  4.96325E-01 -1.67005E-01  2.10194E-01 -5.74308E-02 -4.72403E-01  6.81800E-04  6.81800E-04
b  11    3 11   19  99  8.48748E-01 -2.31519E-01  3.14336E-01 -8.74306E-02 -5.04824E-01  4.65800E-03  4.65800E-03
b  11   11 11   19  99  2.90686E-01  9.73308E-02 -1.39201E+00  4.04156E+00  2.63874E+00  4.47250E-02  4.47250E-02
b  11   17 11   19  99  2.78935E-01  6.37411E-01 -1.20479E+00  5.03721E-02  1.02062E+00  2.17600E-01  2.17600E-01
b  11   18 11   19  99  2.80305E-01  1.11656E-01 -9.98796E-01  2.21854E+00  2.14564E+00  9.83300E-01  9.83300E-01
b  11    1 11   20  99  5.64858E-01  6.80993E-02 -1.86907E+00  6.44564E+00  2.65112E+00  3.22600E-04  3.22600E-04
b  11    4 11   20  99  8.48748E-01 -2.31519E-01  3.14336E-01 -8.74306E-02 -5.04824E-01  4.65800E-03  4.65800E-03
b  11   12 11   20  99  2.90686E-01  9.73308E-02 -1.39201E+00  4.04156E+00  2.63874E+00  4.47250E-02  4.47250E-02
b  11   17 11   20  99  3.64128E-01  1.06301E+00 -1.81249E+00  6.21635E-02  8.07334E-01  6.83200E-02  6.83200E-02
b  11   18 11   20  99  3.03532E-01  7.07377E-01 -1.47689E+00  5.85439E-02  1.19052E+00  1.48600E-01  1.48600E-01
b  11   19 11   20  99  2.72381E-01  5.15321E-02 -7.64360E-01  1.76968E+00  1.67711E+00  1.21400E+00  1.21400E+00
b  11    1 11   21  99  5.21166E-01  1.01745E-01 -1.96366E+00  6.33683E+00  2.67282E+00  1.90220E-04  1.90220E-04
b  11    5 11   21  99  8.48748E-01 -2.31519E-01  3.14336E-01 -8.74306E-02 -5.04824E-01  4.65800E-03  4.65800E-03
b  11   13 11   21  99  2.90686E-01  9.73308E-02 -1.39201E+00  4.04156E+00  2.63874E+00  4.47250E-02  4.47250E-02
b  11   17 11   21  99  3.74869E-01  1.29743E+00 -2.01541E+00  6.40969E-02  6.42339E-01  3.33200E-02  3.33200E-02
b  11   18 11   21  99  3.14787E-01  1.09478E+00 -1.74811E+00  5.07897E-02  6.73016E-01  5.32700E-02  5.32700E-02
b  11   19 11   21  99  2.94133E-01  7.16286E-01 -1.69776E+00  1.09028E-01  1.42620E+00  1.87600E-01  1.87600E-01
b  11   20 11   21  99  3.25210E-01 -1.94991E-01  2.55526E-01  7.35109E-02  4.86556E-01  1.42700E+00  1.42700E+00
b  11    1 11   22  99  5.00337E-01  9.98944E-02 -1.91069E+00  6.12423E+00  2.66012E+00  1.21320E-04  1.21320E-04
b  11    6 11   22  99  8.48748E-01 -2.31519E-01  3.14336E-01 -8.74306E-02 -5.04824E-01  4.65800E-03  4.65800E-03
b  11   14 11   22  99  2.90686E-01  9.73308E-02 -1.39201E+00  4.04156E+00  2.63874E+00  4.47250E-02  4.47250E-02
b  11   17 11   22  99  3.81747E-01  1.45746E+00 -2.15080E+00  6.51925E-02  5.59061E-01  1.91160E-02  1.91160E-02
b  11   18 11   22  99  3.22493E-01  1.36753E+00 -1.94119E+00  5.12386E-02  4.88900E-01  2.60700E-02  2.60700E-02
b  11   19 11   22  99  2.92250E-01  1.18411E+00 -2.03167E+00  1.99371E-01  6.99138E-01  6.66600E-02  6.66600E-02
b  11   20 11   22  99  9.09159E-01 -1.42204E+00  8.54459E+00 -2.19699E+00  4.69704E+00  2.23100E-01  2.23100E-01
b  11   21 11   22  99  1.75611E+00 -4.75561E+00  1.53426E+01 -3.10098E+00  2.01734E+00  1.62500E+00  1.62500E+00
b  11    1 11   23  99  6.95171E-01 -3.08639E-01  3.64335E-01 -9.68510E-02 -4.06403E-01  8.20200E-05  8.20200E-05
b  11    7 11   23  99  8.48748E-01 -2.31519E-01  3.14336E-01 -8.74306E-02 -5.04824E-01  4.65800E-03  4.65800E-03
b  11   15 11   23  99  2.90686E-01  9.73308E-02 -1.39201E+00  4.04156E+00  2.63874E+00  4.47250E-02  4.47250E-02
b  11   17 11   23  99  3.96579E-01  1.69750E+00 -2.29849E+00  6.83527E-02  4.40530E-01  1.21240E-02  1.21240E-02
b  11   18 11   23  99  3.35509E-01  1.66787E+00 -2.13806E+00  5.53378E-02  3.48075E-01  1.50500E-02  1.50500E-02
b  11   19 11   23  99  3.09216E-01  1.58378E+00 -2.28914E+00  1.13531E-01  4.74083E-01  3.25900E-02  3.25900E-02
b  11   20 11   23  99  1.00752E+00 -2.17203E+00  5.52678E+01 -1.84011E+02  2.00000E+01  7.85700E-02  7.85700E-02
b  11   21 11   23  99  1.68589E+00 -3.42529E+00  1.05522E+01 -8.94358E-01  1.99834E+00  2.53600E-01  2.53600E-01
b  11   22 11   23  99  2.11316E-01  5.74357E+00 -2.96709E+02  3.69665E+03  2.00000E+01  1.83700E+00  1.83700E+00
b  11    1 11   24  99  3.32687E+00  6.04878E+01 -2.40632E+03  2.25183E+04  1.40545E+01  5.79400E-05  5.79400E-05
b  11    8 11   24  99  8.48748E-01 -2.31519E-01  3.14336E-01 -8.74306E-02 -5.04824E-01  4.65800E-03  4.65800E-03
b  11   16 11   24  99  2.90686E-01  9.73308E-02 -1.39201E+00  4.04156E+00  2.63874E+00  4.47250E-02  4.47250E-02
b  11   17 11   24  99  1.90892E+03  1.82672E+05 -8.46058E+06  9.71107E+07  2.00000E+01  8.23000E-03  8.23000E-03
b  11   18 11   24  99  7.81155E+02 -8.76423E+02  5.12906E+02 -8.16245E+01 -8.00000E-01  9.60600E-03  9.60600E-03
b  11   19 11   24  99  3.41968E+00  1.87799E+02 -5.04477E+02  3.34127E+02  8.07672E-02  1.87600E-02  1.87600E-02
b  11   20 11   24  99  9.76292E-01 -2.60560E+00  1.16920E+02 -1.26849E+03  2.00000E+01  3.80900E-02  3.80900E-02
b  11   21 11   24  99  3.26429E+00 -7.67615E+00  2.67785E+01 -5.24349E+00  2.29114E+00  8.82600E-02  8.82600E-02
b  11   22 11   24  99  5.60230E-01  1.08887E+01 -5.72334E+02  7.21263E+03  2.00000E+01  2.81800E-01  2.81800E-01
b  11   23 11   24  99  1.67174E-01  5.45161E+00 -2.76936E+02  3.41058E+03  2.00000E+01  1.30100E+00  1.30100E+00
f  11    1 10    1  99  1.00000E+00  1.80000E+00
p  11    1 10    1  98 -1.69410E+00 -5.13240E+00  2.94890E+00 -5.81000E-01  1.00000E+00  5.44800E+00  5.70000E+00  1.09000E+02
f  11    2 10    1  99  1.00000E+00  1.23160E+00
p  11    2 10    1  99  1.00000E+00  1.23160E+00
f  11    3 10    1  99  1.00000E+00  1.02280E+00
p  11    3 10    1  99  1.00000E+00  1.02280E+00
f  11    4 10    1  99  1.00000E+00  1.10200E+00
p  11    4 10    1  99  1.00000E+00  1.10200E+00
f  11    5 10    1  99  1.00000E+00  1.08200E+00
p  11    5 10    1  99  1.00000E+00  1.08200E+00
f  11    6 10    1  99  1.00000E+00  1.00820E+00
p  11    6 10    1  99  1.00000E+00  1.00820E+00
f  11    7 10    1  99  1.00000E+00  1.00820E+00
p  11    7 10    1  99  1.00000E+00  1.00820E+00
f  11    8 10    1  99  1.00000E+00  1.00100E+00
p  11    8 10    1  99  1.00000E+00  1.00100E+00
f  11    1 10    2  99  8.00000E+00  1.80000E+00
p  11    1 10    2  98  1.73310E+00 -1.18730E+00 -5.82450E-01  7.69110E-02  8.00000E+00  6.73600E+01  7.01000E+01  1.34700E+03
f  11    9 10    2  99  2.00000E+00  2.36400E+00
p  11    9 10    2  98 -1.69410E+00 -5.13240E+00  2.94890E+00 -5.81000E-01  1.00000E+00  5.44800E+00  5.70000E+00  1.09000E+02
f  11   10 10    2  99  1.00000E+00  1.28830E+00
p  11   10 10    2  99  1.00000E+00  1.28830E+00
f  11   11 10    2  99  1.00000E+00  1.04110E+00
p  11   11 10    2  99  1.00000E+00  1.04110E+00
f  11   12 10    2  99  1.00000E+00  1.10800E+00
p  11   12 10    2  99  1.00000E+00  1.10800E+00
f  11   13 10    2  99  1.00000E+00  1.08600E+00
p  11   13 10    2  99  1.00000E+00  1.08600E+00
f  11   14 10    2  99  1.00000E+00  1.01720E+00
p  11   14 10    2  99  1.00000E+00  1.01720E+00
f  11   15 10    2  99  1.00000E+00  1.01520E+00
p  11   15 10    2  99  1.00000E+00  1.01520E+00
f  11   16 10    2  99  1.00000E+00  1.00100E+00
p  11   16 10    2  99  1.00000E+00  1.00100E+00
f  11    2 10    3  99  8.00000E+00  1.23160E+00
p  11    2 10    3  98  1.73310E+00 -1.18730E+00 -5.82450E-01  7.69110E-02  8.00000E+00  6.73600E+01  7.01000E+01  1.34700E+03
f  11   10 10    3  99  1.00000E+00  1.28830E+00
p  11   10 10    3  98 -1.69410E+00 -5.13240E+00  2.94890E+00 -5.81000E-01  1.00000E+00  5.44800E+00  5.70000E+00  1.09000E+02
f  11    3 10    4  99  8.00000E+00  1.02280E+00
p  11    3 10    4  98  1.73310E+00 -1.18730E+00 -5.82450E-01  7.69110E-02  8.00000E+00  6.73600E+01  7.01000E+01  1.34700E+03
f  11   11 10    4  99  1.00000E+00  1.04110E+00
p  11   11 10    4  98 -1.69410E+00 -5.13240E+00  2.94890E+00 -5.81000E-01  1.00000E+00  5.44800E+00  5.70000E+00  1.09000E+02
f  11    4 10    5  99  8.00000E+00  1.10200E+00
p  11    4 10    5  98  1.73310E+00 -1.18730E+00 -5.82450E-01  7.69110E-02  8.00000E+00  6.73600E+01  7.01000E+01  1.34700E+03
f  11   12 10    5  99  1.00000E+00  1.10800E+00
p  11   12 10    5  98 -1.69410E+00 -5.13240E+00  2.94890E+00 -5.81000E-01  1.00000E+00  5.44800E+00  5.70000E+00  1.09000E+02
f  11    5 10    6  99  8.00000E+00  1.08200E+00
p  11    5 10    6  98  1.73310E+00 -1.18730E+00 -5.82450E-01  7.69110E-02  8.00000E+00  6.73600E+01  7.01000E+01  1.34700E+03
f  11   13 10    6  99  1.00000E+00  1.08600E+00
p  11   13 10    6  98 -1.69410E+00 -5.13240E+00  2.94890E+00 -5.81000E-01  1.00000E+00  5.44800E+00  5.70000E+00  1.09000E+02
f  11    6 10    7  99  8.00000E+00  1.00820E+00
p  11    6 10    7  98  1.73310E+00 -1.18730E+00 -5.82450E-01  7.69110E-02  8.00000E+00  6.73600E+01  7.01000E+01  1.34700E+03
f  11   14 10    7  99  1.00000E+00  1.01720E+00
p  11   14 10    7  98 -1.69410E+00 -5.13240E+00  2.94890E+00 -5.81000E-01  1.00000E+00  5.44800E+00  5.70000E+00  1.09000E+02
f  11    7 10    8  99  8.00000E+00  1.00820E+00
p  11    7 10    8  98  1.73310E+00 -1.18730E+00 -5.82450E-01  7.69110E-02  8.00000E+00  6.73600E+01  7.01000E+01  1.34700E+03
f  11   15 10    8  99  1.00000E+00  1.01520E+00
p  11   15 10    8  98 -1.69410E+00 -5.13240E+00  2.94890E+00 -5.81000E-01  1.00000E+00  5.44800E+00  5.70000E+00  1.09000E+02
f  11    8 10    9  99  8.00000E+00  1.00100E+00
p  11    8 10    9  98  1.73310E+00 -1.18730E+00 -5.82450E-01  7.69110E-02  8.00000E+00  6.73600E+01  7.01000E+01  1.34700E+03
f  11   16 10    9  99  1.00000E+00  1.00100E+00
p  11   16 10    9  98 -1.69410E+00 -5.13240E+00  2.94890E+00 -5.81000E-01  1.00000E+00  5.44800E+00  5.70000E+00  1.09000E+02
f  11    9 10   10  99  7.00000E+00  2.36400E+00
p  11    9 10   10  98  1.73310E+00 -1.18730E+00 -5.82450E-01  7.69110E-02  8.00000E+00  6.73600E+01  7.01000E+01  1.34700E+03
f  11   10 10   11  99  7.00000E+00  1.28830E+00
p  11   10 10   11  98  1.73310E+00 -1.18730E+00 -5.82450E-01  7.69110E-02  8.00000E+00  6.73600E+01  7.01000E+01  1.34700E+03
f  11   11 10   12  99  7.00000E+00  1.04110E+00
p  11   11 10   12  98  1.73310E+00 -1.18730E+00 -5.82450E-01  7.69110E-02  8.00000E+00  6.73600E+01  7.01000E+01  1.34700E+03
f  11   12 10   13  99  7.00000E+00  1.10800E+00
p  11   12 10   13  98  1.73310E+00 -1.18730E+00 -5.82450E-01  7.69110E-02  8.00000E+00  6.73600E+01  7.01000E+01  1.34700E+03
f  11   13 10   14  99  7.00000E+00  1.08600E+00
p  11   13 10   14  98  1.73310E+00 -1.18730E+00 -5.82450E-01  7.69110E-02  8.00000E+00  6.73600E+01  7.01000E+01  1.34700E+03
f  11   14 10   15  99  7.00000E+00  1.01720E+00
p  11   14 10   15  98  1.73310E+00 -1.18730E+00 -5.82450E-01  7.69110E-02  8.00000E+00  6.73600E+01  7.01000E+01  1.34700E+03
f  11   15 10   16  99  7.00000E+00  1.01520E+00
p  11   15 10   16  98  1.73310E+00 -1.18730E+00 -5.82450E-01  7.69110E-02  8.00000E+00  6.73600E+01  7.01000E+01  1.34700E+03
f  11   16 10   17  99  7.00000E+00  1.00100E+00
p  11   16 10   17  98  1.73310E+00 -1.18730E+00 -5.82450E-01  7.69110E-02  8.00000E+00  6.73600E+01  7.01000E+01  1.34700E+03
f  11    1 10   18  99  2.00000E+00  1.80000E+00
p  11    1 10   18  98  2.34260E+00 -2.41320E+00 -1.95850E-01  1.62560E-02  2.00000E+00  1.06700E+03  1.11000E+03  2.13400E+04
f  11   17 10   18  99  2.00000E+00  2.44400E+00
p  11   17 10   18  98 -1.69410E+00 -5.13240E+00  2.94890E+00 -5.81000E-01  1.00000E+00  5.44800E+00  5.70000E+00  1.09000E+02
f  11   18 10   18  99  1.00000E+00  1.31150E+00
p  11   18 10   18  99  1.00000E+00  1.31150E+00
f  11   19 10   18  99  1.00000E+00  1.04020E+00
p  11   19 10   18  99  1.00000E+00  1.04020E+00
f  11   20 10   18  99  1.00000E+00  1.11700E+00
p  11   20 10   18  99  1.00000E+00  1.11700E+00
f  11   21 10   18  99  1.00000E+00  1.09500E+00
p  11   21 10   18  99  1.00000E+00  1.09500E+00
f  11   22 10   18  99  1.00000E+00  1.01810E+00
p  11   22 10   18  99  1.00000E+00  1.01810E+00
f  11   23 10   18  99  1.00000E+00  1.01610E+00
p  11   23 10   18  99  1.00000E+00  1.01610E+00
f  11   24 10   18  99  1.00000E+00  1.00100E+00
p  11   24 10   18  99  1.00000E+00  1.00100E+00
f  11    2 10   19  99  2.00000E+00  1.23160E+00
p  11    2 10   19  98  2.34260E+00 -2.41320E+00 -1.95850E-01  1.62560E-02  2.00000E+00  1.06700E+03  1.11000E+03  2.13400E+04
f  11   18 10   19  99  1.00000E+00  1.31150E+00
p  11   18 10   19  98 -1.69410E+00 -5.13240E+00  2.94890E+00 -5.81000E-01  1.00000E+00  5.44800E+00  5.70000E+00  1.09000E+02
f  11    3 10   20  99  2.00000E+00  1.02280E+00
p  11    3 10   20  98  2.34260E+00 -2.41320E+00 -1.95850E-01  1.62560E-02  2.00000E+00  1.06700E+03  1.11000E+03  2.13400E+04
f  11   19 10   20  99  1.00000E+00  1.04020E+00
p  11   19 10   20  98 -1.69410E+00 -5.13240E+00  2.94890E+00 -5.81000E-01  1.00000E+00  5.44800E+00  5.70000E+00  1.09000E+02
f  11    4 10   21  99  2.00000E+00  1.10200E+00
p  11    4 10   21  98  2.34260E+00 -2.41320E+00 -1.95850E-01  1.62560E-02  2.00000E+00  1.06700E+03  1.11000E+03  2.13400E+04
f  11   20 10   21  99  1.00000E+00  1.11700E+00
p  11   20 10   21  98 -1.69410E+00 -5.13240E+00  2.94890E+00 -5.81000E-01  1.00000E+00  5.44800E+00  5.70000E+00  1.09000E+02
f  11    5 10   22  99  2.00000E+00  1.08200E+00
p  11    5 10   22  98  2.34260E+00 -2.41320E+00 -1.95850E-01  1.62560E-02  2.00000E+00  1.06700E+03  1.11000E+03  2.13400E+04
f  11   21 10   22  99  1.00000E+00  1.09500E+00
p  11   21 10   22  98 -1.69410E+00 -5.13240E+00  2.94890E+00 -5.81000E-01  1.00000E+00  5.44800E+00  5.70000E+00  1.09000E+02
f  11    6 10   23  99  2.00000E+00  1.00820E+00
p  11    6 10   23  98  2.34260E+00 -2.41320E+00 -1.95850E-01  1.62560E-02  2.00000E+00  1.06700E+03  1.11000E+03  2.13400E+04
f  11   22 10   23  99  1.00000E+00  1.01810E+00
p  11   22 10   23  98 -1.69410E+00 -5.13240E+00  2.94890E+00 -5.81000E-01  1.00000E+00  5.44800E+00  5.70000E+00  1.09000E+02
f  11    7 10   24  99  2.00000E+00  1.00820E+00
p  11    7 10   24  98  2.34260E+00 -2.41320E+00 -1.95850E-01  1.62560E-02  2.00000E+00  1.06700E+03  1.11000E+03  2.13400E+04
f  11   23 10   24  99  1.00000E+00  1.01610E+00
p  11   23 10   24  98 -1.69410E+00 -5.13240E+00  2.94890E+00 -5.81000E-01  1.00000E+00  5.44800E+00  5.70000E+00  1.09000E+02
f  11    8 10   25  99  2.00000E+00  1.00100E+00
p  11    8 10   25  98  2.34260E+00 -2.41320E+00 -1.95850E-01  1.62560E-02  2.00000E+00  1.06700E+03  1.11000E+03  2.13400E+04
f  11   24 10   25  99  1.00000E+00  1.00100E+00
p  11   24 10   25  98 -1.69410E+00 -5.13240E+00  2.94890E+00 -5.81000E-01  1.00000E+00  5.44800E+00  5.70000E+00  1.09000E+02
a  11    9 10    1   4.68510E+11
a  11   10 10    1   4.40100E+10
a  11   11 10    1   1.09309E+10
a  11   12 10    1   3.78150E+09
a  11   13 10    1   1.74956E+09
a  11   14 10    1   8.97375E+08
a  11   15 10    1   4.97962E+08
a  11   16 10    1   2.94045E+08
a  11   17 10    1   3.86920E+09
a  11   18 10    1   3.52565E+08
a  11   19 10    1   8.50450E+07
a  11   20 10    1   2.87165E+07
a  11   21 10    1   1.32860E+07
a  11   22 10    1   6.81450E+06
a  11   23 10    1   3.78160E+06
a  11   24 10    1   2.23300E+06
a  11   17 10    2   3.47832E+12
a  11   18 10    2   1.70348E+11
a  11   19 10    2   4.12680E+10
a  11   20 10    2   1.39680E+10
a  11   21 10    2   6.46240E+09
a  11   22 10    2   3.31464E+09
a  11   23 10    2   1.83940E+09
a  11   24 10    2   1.08616E+09
a  11   18 10    3   1.73916E+12
a  11   19 10    4   1.73916E+12
a  11   20 10    5   1.73916E+12
a  11   21 10    6   1.73916E+12
a  11   22 10    7   1.73916E+12
a  11   23 10    8   1.73916E+12
a  11   24 10    9   1.73916E+12
a  11   17 10   10   4.23164E+14
a  11   18 10   11   4.23164E+14
a  11   19 10   12   4.23164E+14
a  11   20 10   13   4.23164E+14
a  11   21 10   14   4.23164E+14
a  11   22 10   15   4.23164E+14
a  11   23 10   16   4.23164E+14
a  11   24 10   17   4.23164E+14
