0    1    1         0.000000
    0    1    1   barenucl         0.000000  1.00000E+00  1.00000E+00  0.00000E+00  0.00000E+00    1   0  0 0 0 0 0 0 0 0 0 0
1   10   10      2673.110107
    1    1    2   h_100001         0.000000  2.00000E+00  1.40000E+01  2.67311E+03  0.00000E+00    1   1  1 0 0 0 0 0 0 0 0 0
    1    2    3   h_010002      2005.568542  8.00000E+00  1.40000E+01  6.67542E+02  1.79897E+13    1   2  0 1 0 0 0 0 0 0 0 0
    1    3    4   h_001003      2376.563759  1.80000E+01  1.40000E+01  2.96546E+02  3.83614E+12    1   3  0 0 1 0 0 0 0 0 0 0
    1    4    5   h_000104      2506.355356  3.20000E+01  1.40000E+01  1.66755E+02  1.16145E+12    1   4  0 0 0 1 0 0 0 0 0 0
    1    5    6   h_000005      2566.405393  5.00000E+01  1.40000E+01  1.06705E+02  4.44824E+11    1   5  0 0 0 0 1 0 0 0 0 0
    1    6    7   h_000006      2599.017251  7.20000E+01  1.40000E+01  7.40929E+01  1.99908E+11    1   6  0 0 0 0 0 1 0 0 0 0
    1    7    8   h_000007      2618.678162  9.80000E+01  1.40000E+01  5.44319E+01  1.00786E+11    1   7  0 0 0 0 0 0 1 0 0 0
    1    8    9   h_000008      2631.437541  1.28000E+02  1.40000E+01  4.16726E+01  5.53827E+10    1   8  0 0 0 0 0 0 0 1 0 0
    1    9   10   h_000009      2640.184699  1.62000E+02  1.40000E+01  3.29254E+01  3.25376E+10    1   9  0 0 0 0 0 0 0 0 1 0
    1   10   11   h_000010      2646.441161  2.00000E+02  1.40000E+01  2.66689E+01  1.86882E+10    1  10  0 0 0 0 0 0 0 0 0 1
2   19   10      2437.332275
    2    1   12   he200001         0.000000  1.00000E+00  1.38438E+01  2.43733E+03  0.00000E+00    1   1  2 0 0 0 0 0 0 0 0 0
    2    2   13   he110002      1859.927522  1.60000E+01  1.30620E+01  5.77405E+02  7.11612E+12    1   2  1 1 0 0 0 0 0 0 0 0
    2    3   14   he101003      2181.037133  3.60000E+01  1.30160E+01  2.56295E+02  2.09802E+12    1   3  1 0 1 0 0 0 0 0 0 0
    2    4   15   he100104      2293.458007  6.40000E+01  1.30046E+01  1.43874E+02  6.97400E+11    1   4  1 0 0 1 0 0 0 0 0 0
    2    5   16   he100005      2345.289048  1.00000E+02  1.30030E+01  9.20432E+01  2.77812E+11    1   5  1 0 0 0 1 0 0 0 0 0
    2    6   17   he100006      2373.419052  1.44000E+02  1.30030E+01  6.39132E+01  1.23545E+11    1   6  1 0 0 0 0 1 0 0 0 0
    2    7   18   he100007      2390.392763  1.96000E+02  1.30010E+01  4.69395E+01  6.35459E+10    1   7  1 0 0 0 0 0 1 0 0 0
    2    8   19   he100008      2401.400594  2.56000E+02  1.30001E+01  3.59317E+01  3.53976E+10    1   8  1 0 0 0 0 0 0 1 0 0
    2    9   20   he100009      2408.942602  3.24000E+02  1.30001E+01  2.83897E+01  2.10034E+10    1   9  1 0 0 0 0 0 0 0 1 0
    2   10   21   he100010      2414.337112  4.00000E+02  1.30001E+01  2.29952E+01  1.20137E+10    1  10  1 0 0 0 0 0 0 0 0 1
    2   11   22   he020002      3837.320188  2.80000E+01  1.36981E+01  6.05581E+02  1.27383E+14    2   2  0 2 0 0 0 0 0 0 0 0
    2   12   23   he011003      4183.443063  1.44000E+02  1.30960E+01  2.59458E+02  2.98708E+13    2   3  0 1 1 0 0 0 0 0 0 0
    2   13   24   he010104      4298.512505  2.56000E+02  1.30278E+01  1.44388E+02  1.98978E+13    2   4  0 1 0 1 0 0 0 0 0 0
    2   14   25   he010005      4350.870335  4.00000E+02  1.30021E+01  9.20305E+01  1.76953E+13    2   5  0 1 0 0 1 0 0 0 0 0
    2   15   26   he010006      4378.899067  5.76000E+02  1.30120E+01  6.40018E+01  1.70178E+13    2   6  0 1 0 0 0 1 0 0 0 0
    2   16   27   he010007      4395.896282  7.84000E+02  1.30100E+01  4.70045E+01  1.67724E+13    2   7  0 1 0 0 0 0 1 0 0 0
    2   17   28   he010008      4406.964160  1.02400E+03  1.30010E+01  3.59367E+01  1.66674E+13    2   8  0 1 0 0 0 0 0 1 0 0
    2   18   29   he010009      4414.507212  1.29600E+03  1.30010E+01  2.83936E+01  1.66165E+13    2   9  0 1 0 0 0 0 0 0 1 0
    2   19   30   he010010      4419.905654  1.60000E+03  1.30001E+01  2.29952E+01  1.65889E+13    2  10  0 1 0 0 0 0 0 0 0 1
3   18    9       523.500000
    3    1   31   li210002         0.000000  8.00000E+00  1.21240E+01  5.23500E+02  0.00000E+00    1   2  2 1 0 0 0 0 0 0 0 0
    3    2   32   li201003       304.515461  1.80000E+01  1.20320E+01  2.18985E+02  1.07955E+12    1   3  2 0 1 0 0 0 0 0 0 0
    3    3   33   li200104       400.816346  3.20000E+01  1.20092E+01  1.22684E+02  3.90562E+11    1   4  2 0 0 1 0 0 0 0 0 0
    3    4   34   li200005       445.034227  5.00000E+01  1.20060E+01  7.84658E+01  1.62929E+11    1   5  2 0 0 0 1 0 0 0 0 0
    3    5   35   li200006       469.014012  7.20000E+01  1.20060E+01  5.44860E+01  7.51579E+10    1   6  2 0 0 0 0 1 0 0 0 0
    3    6   36   li200007       483.498110  9.80000E+01  1.20020E+01  4.00019E+01  3.94362E+10    1   7  2 0 0 0 0 0 1 0 0 0
    3    7   37   li200008       492.883761  1.28000E+02  1.20002E+01  3.06162E+01  2.22615E+10    1   8  2 0 0 0 0 0 0 1 0 0
    3    8   38   li200009       499.309965  1.62000E+02  1.20002E+01  2.41900E+01  1.33405E+10    1   9  2 0 0 0 0 0 0 0 1 0
    3    9   39   li200010       503.906415  2.00000E+02  1.20002E+01  1.95936E+01  7.60683E+09    1  10  2 0 0 0 0 0 0 0 0 1
    3   10   40   li120002      1835.787149  5.60000E+01  1.27601E+01  5.47640E+02  5.24893E+13    2   2  1 2 0 0 0 0 0 0 0 0
    3   11   41   li111003      2161.519371  2.88000E+02  1.21120E+01  2.21908E+02  1.24068E+13    2   3  1 1 1 0 0 0 0 0 0 0
    3   12   42   li110104      2260.269202  5.12000E+02  1.20324E+01  1.23158E+02  7.88706E+12    2   4  1 1 0 1 0 0 0 0 0 0
    3   13   43   li110005      2304.973517  8.00000E+02  1.20051E+01  7.84540E+01  6.86753E+12    2   5  1 1 0 0 1 0 0 0 0 0
    3   14   44   li110006      2328.859799  1.15200E+03  1.20150E+01  5.45677E+01  6.54726E+12    2   6  1 1 0 0 0 1 0 0 0 0
    3   15   45   li110007      2343.365607  1.56800E+03  1.20110E+01  4.00619E+01  6.43052E+12    2   7  1 1 0 0 0 0 1 0 0 0
    3   16   46   li110008      2352.806690  2.04800E+03  1.20011E+01  3.06208E+01  6.37976E+12    2   8  1 1 0 0 0 0 0 1 0 0
    3   17   47   li110009      2359.233859  2.59200E+03  1.20011E+01  2.41937E+01  6.35485E+12    2   9  1 1 0 0 0 0 0 0 1 0
    3   18   48   li110010      2363.833937  3.20000E+03  1.20002E+01  1.95936E+01  6.34101E+12    2  10  1 1 0 0 0 0 0 0 0 1
4   26    9       476.059998
    4    1   49   be220002         0.000000  2.80000E+01  1.18221E+01  4.76060E+02  0.00000E+00    1   2  2 2 0 0 0 0 0 0 0 0
    4    2   50   be211003       288.762616  1.44000E+02  1.11280E+01  1.87297E+02  7.52928E+11    1   3  2 1 1 0 0 0 0 0 0 0
    4    3   51   be210104       372.442497  2.56000E+02  1.10370E+01  1.03618E+02  2.84081E+11    1   4  2 1 0 1 0 0 0 0 0 0
    4    4   52   be210005       410.098753  4.00000E+02  1.10081E+01  6.59612E+01  1.19362E+11    1   5  2 1 0 0 1 0 0 0 0 0
    4    5   53   be210006       430.174061  5.76000E+02  1.10180E+01  4.58859E+01  5.29510E+10    1   6  2 1 0 0 0 1 0 0 0 0
    4    6   54   be210007       442.385981  7.84000E+02  1.10120E+01  3.36740E+01  2.80056E+10    1   7  2 1 0 0 0 0 1 0 0 0
    4    7   55   be210008       450.329602  1.02400E+03  1.10012E+01  2.57304E+01  1.59126E+10    1   8  2 1 0 0 0 0 0 1 0 0
    4    8   56   be210009       455.730214  1.29600E+03  1.10012E+01  2.03298E+01  9.52665E+09    1   9  2 1 0 0 0 0 0 0 1 0
    4    9   57   be210010       459.595809  1.60000E+03  1.10003E+01  1.64642E+01  5.48984E+09    1  10  2 1 0 0 0 0 0 0 0 1
    4   10   58   be202003       586.008235  1.53000E+02  1.16920E+01  1.94567E+02  2.35446E+14    2   3  2 0 2 0 0 0 0 0 0 0
    4   11   59   be201104       675.890230  5.76000E+02  1.10937E+01  1.04685E+02  4.87354E+13    2   4  2 0 1 1 0 0 0 0 0 0
    4   12   60   be201005       714.394670  9.00000E+02  1.10264E+01  6.61808E+01  1.66175E+13    2   5  2 0 1 0 1 0 0 0 0 0
    4   13   61   be201006       734.639524  1.29600E+03  1.10240E+01  4.59359E+01  7.31532E+12    2   6  2 0 1 0 0 1 0 0 0 0
    4   14   62   be201007       746.876970  1.76400E+03  1.10160E+01  3.36985E+01  3.90209E+12    2   7  2 0 1 0 0 0 1 0 0 0
    4   15   63   be201008       754.802941  2.30400E+03  1.10102E+01  2.57725E+01  2.46886E+12    2   8  2 0 1 0 0 0 0 1 0 0
    4   16   64   be201009       760.219793  2.91600E+03  1.10082E+01  2.03557E+01  1.79667E+12    2   9  2 0 1 0 0 0 0 0 1 0
    4   17   65   be201010       764.111270  3.60000E+03  1.10003E+01  1.64642E+01  1.45280E+12    2  10  2 0 1 0 0 0 0 0 0 1
    4   18   66   be130002      1815.014154  1.12000E+02  1.24582E+01  4.96833E+02  1.28015E+14   10   2  1 3 0 0 0 0 0 0 0 0
    4   19   67   be121003      2121.845589  1.00800E+03  1.12080E+01  1.90002E+02  5.72116E+13   10   3  1 2 1 0 0 0 0 0 0 0
    4   20   68   be120104      2207.793424  1.79200E+03  1.10602E+01  1.04054E+02  5.07364E+13   10   4  1 2 0 1 0 0 0 0 0 0
    4   21   69   be120005      2245.896691  2.80000E+03  1.10072E+01  6.59505E+01  4.93577E+13   10   5  1 2 0 0 1 0 0 0 0 0
    4   22   70   be120006      2265.886203  4.03200E+03  1.10270E+01  4.59609E+01  4.89364E+13   10   6  1 2 0 0 0 1 0 0 0 0
    4   23   71   be120007      2278.118058  5.48800E+03  1.10210E+01  3.37291E+01  4.87873E+13   10   7  1 2 0 0 0 0 1 0 0 0
    4   24   72   be120008      2286.112541  7.16800E+03  1.10021E+01  2.57346E+01  4.87237E+13   10   8  1 2 0 0 0 0 0 1 0 0
    4   25   73   be120009      2291.514037  9.07200E+03  1.10021E+01  2.03331E+01  4.86928E+13   10   9  1 2 0 0 0 0 0 0 1 0
    4   26   74   be120010      2295.382958  1.12000E+04  1.10003E+01  1.64642E+01  4.86763E+13   10  10  1 2 0 0 0 0 0 0 0 1
5   26    9       410.429993
    5    1   75   b_230002         0.000000  5.60000E+01  1.15202E+01  4.10430E+02  0.00000E+00    1   2  2 3 0 0 0 0 0 0 0 0
    5    2   76   b_221003       252.340879  5.04000E+02  1.02240E+01  1.58089E+02  4.36138E+11    1   3  2 2 1 0 0 0 0 0 0 0
    5    3   77   b_220104       324.267921  8.96000E+02  1.00648E+01  8.61621E+01  1.88845E+11    1   4  2 2 0 1 0 0 0 0 0 0
    5    4   78   b_220005       355.887895  1.40000E+03  1.00102E+01  5.45421E+01  8.12868E+10    1   5  2 2 0 0 1 0 0 0 0 0
    5    5   79   b_220006       372.405533  2.01600E+03  1.00300E+01  3.80245E+01  3.55898E+10    1   6  2 2 0 0 0 1 0 0 0 0
    5    6   80   b_220007       382.539160  2.74400E+03  1.00220E+01  2.78908E+01  1.89940E+10    1   7  2 2 0 0 0 0 1 0 0 0
    5    7   81   b_220008       389.160868  3.58400E+03  1.00022E+01  2.12691E+01  1.08692E+10    1   8  2 2 0 0 0 0 0 1 0 0
    5    8   82   b_220009       393.625035  4.53600E+03  1.00022E+01  1.68050E+01  6.49942E+09    1   9  2 2 0 0 0 0 0 0 1 0
    5    9   83   b_220010       396.823042  5.60000E+03  1.00004E+01  1.36070E+01  3.76313E+09    1  10  2 2 0 0 0 0 0 0 0 1
    5   10   84   b_212003       534.447580  1.22400E+03  1.07880E+01  1.64745E+02  1.74638E+14    2   3  2 1 2 0 0 0 0 0 0 0
    5   11   85   b_211104       612.056734  4.60800E+03  1.01215E+01  8.71359E+01  3.57530E+13    2   4  2 1 1 1 0 0 0 0 0 0
    5   12   86   b_211005       644.450870  7.20000E+03  1.00285E+01  5.47417E+01  1.20634E+13    2   5  2 1 1 0 1 0 0 0 0 0
    5   13   87   b_211006       661.122636  1.03680E+04  1.00360E+01  3.80700E+01  5.27322E+12    2   6  2 1 1 0 0 1 0 0 0 0
    5   14   88   b_211007       671.279506  1.41120E+04  1.00260E+01  2.79131E+01  2.80013E+12    2   7  2 1 1 0 0 0 1 0 0 0
    5   15   89   b_211008       677.885188  1.84320E+04  1.00112E+01  2.13074E+01  1.76173E+12    2   8  2 1 1 0 0 0 0 1 0 0
    5   16   90   b_211009       682.364120  2.33280E+04  1.00092E+01  1.68285E+01  1.27468E+12    2   9  2 1 1 0 0 0 0 0 1 0
    5   17   91   b_211010       685.585658  2.88000E+04  1.00004E+01  1.36070E+01  1.02557E+12    2  10  2 1 1 0 0 0 0 0 0 1
    5   18   92   b_140002      1798.760000  1.40000E+02  1.21563E+01  4.26684E+02  2.25438E+14   18   2  1 4 0 0 0 0 0 0 0 0
    5   19   93   b_131003      2064.870175  2.01600E+03  1.03040E+01  1.60574E+02  1.28276E+14   18   3  1 3 1 0 0 0 0 0 0 0
    5   20   94   b_130104      2138.884285  3.58400E+03  1.00880E+01  8.65599E+01  1.20664E+14   18   4  1 3 0 1 0 0 0 0 0 0
    5   21   95   b_130005      2170.911859  5.60000E+03  1.00093E+01  5.45323E+01  1.19081E+14   18   5  1 3 0 0 1 0 0 0 0 0
    5   22   96   b_130006      2187.351407  8.06400E+03  1.00390E+01  3.80927E+01  1.18613E+14   18   6  1 3 0 0 0 1 0 0 0 0
    5   23   97   b_130007      2197.503192  1.09760E+04  1.00310E+01  2.79410E+01  1.18450E+14   18   7  1 3 0 0 0 0 1 0 0 0
    5   24   98   b_130008      2204.171194  1.43360E+04  1.00031E+01  2.12730E+01  1.18381E+14   18   8  1 3 0 0 0 0 0 1 0 0
    5   25   99   b_130009      2208.636165  1.81440E+04  1.00031E+01  1.68080E+01  1.18348E+14   18   9  1 3 0 0 0 0 0 0 1 0
    5   26  100   b_130010      2211.837196  2.24000E+04  1.00004E+01  1.36070E+01  1.18330E+14   18  10  1 3 0 0 0 0 0 0 0 1
6   26    9       351.100006
    6    1  101   c_240002         0.000000  7.00000E+01  1.12183E+01  3.51100E+02  0.00000E+00    1   2  2 4 0 0 0 0 0 0 0 0
    6    2  102   c_231003       222.374726  1.00800E+03  9.32000E+00  1.28725E+02  2.53616E+11    1   3  2 3 1 0 0 0 0 0 0 0
    6    3  103   c_230104       280.783201  1.79200E+03  9.09260E+00  7.03168E+01  1.16925E+11    1   4  2 3 0 1 0 0 0 0 0 0
    6    4  104   c_230005       306.891941  2.80000E+03  9.01230E+00  4.42081E+01  5.25778E+10    1   5  2 3 0 0 1 0 0 0 0 0
    6    5  105   c_230006       320.198580  4.03200E+03  9.04200E+00  3.09014E+01  2.27018E+10    1   6  2 3 0 0 0 1 0 0 0 0
    6    6  106   c_230007       328.447741  5.48800E+03  9.03200E+00  2.26523E+01  1.22505E+10    1   7  2 3 0 0 0 0 1 0 0 0
    6    7  107   c_230008       333.867625  7.16800E+03  9.00320E+00  1.72324E+01  7.07131E+09    1   8  2 3 0 0 0 0 0 1 0 0
    6    8  108   c_230009       337.484479  9.07200E+03  9.00320E+00  1.36155E+01  4.22284E+09    1   9  2 3 0 0 0 0 0 0 1 0
    6    9  109   c_230010       340.078152  1.12000E+04  9.00050E+00  1.10219E+01  2.45392E+09    1  10  2 3 0 0 0 0 0 0 0 1
    6   10  110   c_222003       468.794449  4.28400E+03  9.88400E+00  1.34646E+02  1.24191E+14    2   3  2 2 2 0 0 0 0 0 0 0
    6   11  111   c_221104       532.244169  1.61280E+04  9.14930E+00  7.11967E+01  2.51789E+13    2   4  2 2 1 1 0 0 0 0 0 0
    6   12  112   c_221005       559.053075  2.52000E+04  9.03060E+00  4.43878E+01  8.38199E+12    2   5  2 2 1 0 1 0 0 0 0 0
    6   13  113   c_221006       572.498430  3.62880E+04  9.04800E+00  3.09425E+01  3.60477E+12    2   6  2 2 1 0 0 1 0 0 0 0
    6   14  114   c_221007       580.768550  4.93920E+04  9.03600E+00  2.26723E+01  1.88004E+12    2   7  2 2 1 0 0 0 1 0 0 0
    6   15  115   c_221008       586.174032  6.45120E+04  9.01220E+00  1.72669E+01  1.15586E+12    2   8  2 2 1 0 0 0 0 1 0 0
    6   16  116   c_221009       589.804177  8.16480E+04  9.01020E+00  1.36367E+01  8.16143E+11    2   9  2 2 1 0 0 0 0 0 1 0
    6   17  117   c_221010       592.419031  1.00800E+05  9.00050E+00  1.10219E+01  6.42428E+11    2  10  2 2 1 0 0 0 0 0 0 1
    6   18  118   c_150002      1786.820596  1.12000E+02  1.18544E+01  3.63039E+02  3.30033E+14   18   2  1 5 0 0 0 0 0 0 0 0
    6   19  119   c_141003      2018.914494  2.52000E+03  9.40000E+00  1.30946E+02  2.13790E+14   18   3  1 4 1 0 0 0 0 0 0 0
    6   20  120   c_140104      2079.183829  4.48000E+03  9.11580E+00  7.06762E+01  2.05701E+14   18   4  1 4 0 1 0 0 0 0 0 0
    6   21  121   c_140005      2105.660772  7.00000E+03  9.01140E+00  4.41992E+01  2.04082E+14   18   5  1 4 0 0 1 0 0 0 0 0
    6   22  122   c_140006      2118.897026  1.00800E+04  9.05100E+00  3.09630E+01  2.03609E+14   18   6  1 4 0 0 0 1 0 0 0 0
    6   23  123   c_140007      2127.162570  1.37200E+04  9.04100E+00  2.26974E+01  2.03446E+14   18   7  1 4 0 0 0 0 1 0 0 0
    6   24  124   c_140008      2132.624180  1.79200E+04  9.00410E+00  1.72358E+01  2.03378E+14   18   8  1 4 0 0 0 0 0 1 0 0
    6   25  125   c_140009      2136.241757  2.26800E+04  9.00410E+00  1.36182E+01  2.03345E+14   18   9  1 4 0 0 0 0 0 0 1 0
    6   26  126   c_140010      2138.838152  2.80000E+04  9.00050E+00  1.10219E+01  2.03328E+14   18  10  1 4 0 0 0 0 0 0 0 1
7   26    9       303.170013
    7    1  127   n_250002         0.000000  5.60000E+01  1.09164E+01  3.03170E+02  0.00000E+00    1   2  2 5 0 0 0 0 0 0 0 0
    7    2  128   n_241003       199.959879  1.26000E+03  8.41600E+00  1.03210E+02  1.41978E+11    1   3  2 4 1 0 0 0 0 0 0 0
    7    3  129   n_240104       247.088820  2.24000E+03  8.12040E+00  5.60812E+01  7.06042E+10    1   4  2 4 0 1 0 0 0 0 0 0
    7    4  130   n_240005       268.211106  3.50000E+03  8.01440E+00  3.49589E+01  3.27976E+10    1   5  2 4 0 0 1 0 0 0 0 0
    7    5  131   n_240006       278.653296  5.04000E+03  8.05400E+00  2.45167E+01  1.38848E+10    1   6  2 4 0 0 0 1 0 0 0 0
    7    6  132   n_240007       285.211766  6.86000E+03  8.04200E+00  1.79582E+01  7.56234E+09    1   7  2 4 0 0 0 0 1 0 0 0
    7    7  133   n_240008       289.549890  8.96000E+03  8.00420E+00  1.36201E+01  4.40335E+09    1   8  2 4 0 0 0 0 0 1 0 0
    7    8  134   n_240009       292.408548  1.13400E+04  8.00420E+00  1.07615E+01  2.62049E+09    1   9  2 4 0 0 0 0 0 0 1 0
    7    9  135   n_240010       294.461133  1.40000E+04  8.00060E+00  8.70888E+00  1.53400E+09    1  10  2 4 0 0 0 0 0 0 0 1
    7   10  136   n_232003       417.103087  8.56800E+03  8.98000E+00  1.08442E+02  9.43299E+13    2   3  2 3 2 0 0 0 0 0 0 0
    7   11  137   n_231104       468.677499  3.22560E+04  8.17710E+00  5.68672E+01  1.66736E+13    2   4  2 3 1 1 0 0 0 0 0 0
    7   12  138   n_231005       490.425980  5.04000E+04  8.03270E+00  3.51188E+01  5.33401E+12    2   5  2 3 1 0 1 0 0 0 0 0
    7   13  139   n_231006       500.991477  7.25760E+04  8.06000E+00  2.45533E+01  2.24698E+12    2   6  2 3 1 0 0 1 0 0 0 0
    7   14  140   n_231007       507.568622  9.87840E+04  8.04600E+00  1.79761E+01  1.15865E+12    2   7  2 3 1 0 0 0 1 0 0 0
    7   15  141   n_231008       511.893968  1.29024E+05  8.01320E+00  1.36508E+01  7.01660E+11    2   8  2 3 1 0 0 0 0 1 0 0
    7   16  142   n_231009       514.764442  1.63296E+05  8.01120E+00  1.07803E+01  4.87246E+11    2   9  2 3 1 0 0 0 0 0 1 0
    7   17  143   n_231010       516.835859  2.01600E+05  8.00060E+00  8.70888E+00  3.77614E+11    2  10  2 3 1 0 0 0 0 0 0 1
    7   18  144   n_160002      1768.160080  5.60000E+01  1.15525E+01  3.21831E+02  5.20760E+14   18   2  1 6 0 0 0 0 0 0 0 0
    7   19  145   n_151003      1984.808346  2.01600E+03  8.49600E+00  1.05182E+02  3.65188E+14   18   3  1 5 1 0 0 0 0 0 0 0
    7   20  146   n_150104      2033.588449  3.58400E+03  8.14360E+00  5.64022E+01  3.54936E+14   18   4  1 5 0 1 0 0 0 0 0 0
    7   21  147   n_150005      2055.039554  5.60000E+03  8.01350E+00  3.49511E+01  3.53107E+14   18   5  1 5 0 0 1 0 0 0 0 0
    7   22  148   n_150006      2065.419064  8.06400E+03  8.06300E+00  2.45715E+01  3.52596E+14   18   6  1 5 0 0 0 1 0 0 0 0
    7   23  149   n_150007      2071.992142  1.09760E+04  8.05100E+00  1.79985E+01  3.52425E+14   18   7  1 5 0 0 0 0 1 0 0 0
    7   24  150   n_150008      2076.367422  1.43360E+04  8.00510E+00  1.36232E+01  3.52354E+14   18   8  1 5 0 0 0 0 0 1 0 0
    7   25  151   n_150009      2079.226723  1.81440E+04  8.00510E+00  1.07639E+01  3.52319E+14   18   9  1 5 0 0 0 0 0 0 1 0
    7   26  152   n_150010      2081.281729  2.24000E+04  8.00060E+00  8.70888E+00  3.52302E+14   18  10  1 5 0 0 0 0 0 0 0 1
8   26    9       246.520004
    8    1  153   o_260002         0.000000  2.80000E+01  1.06145E+01  2.46520E+02  0.00000E+00    1   2  2 6 0 0 0 0 0 0 0 0
    8    2  154   o_251003       169.415729  1.00800E+03  7.51200E+00  7.71043E+01  6.39086E+10    1   3  2 5 1 0 0 0 0 0 0 0
    8    3  155   o_250104       203.065224  1.79200E+03  7.14820E+00  4.34548E+01  3.36016E+10    1   4  2 5 0 1 0 0 0 0 0 0
    8    4  156   o_250005       219.725596  2.80000E+03  7.01650E+00  2.67944E+01  1.76881E+10    1   5  2 5 0 0 1 0 0 0 0 0
    8    5  157   o_250006       227.649779  4.03200E+03  7.06600E+00  1.88702E+01  7.44979E+09    1   6  2 5 0 0 0 1 0 0 0 0
    8    6  158   o_250007       232.711286  5.48800E+03  7.05200E+00  1.38087E+01  4.15606E+09    1   7  2 5 0 0 0 0 1 0 0 0
    8    7  159   o_250008       236.087689  7.16800E+03  7.00520E+00  1.04323E+01  2.46519E+09    1   8  2 5 0 0 0 0 0 1 0 0
    8    8  160   o_250009       238.277254  9.07200E+03  7.00520E+00  8.24275E+00  1.46464E+09    1   9  2 5 0 0 0 0 0 0 1 0
    8    9  161   o_250010       239.851991  1.12000E+04  7.00070E+00  6.66801E+00  8.73496E+08    1  10  2 5 0 0 0 0 0 0 0 1
    8   10  162   o_242003       365.023846  1.07100E+04  8.07600E+00  8.14560E+01  5.87422E+13    2   3  2 4 2 0 0 0 0 0 0 0
    8   11  163   o_241104       402.332895  4.03200E+04  7.20490E+00  4.41470E+01  1.02499E+13    2   4  2 4 1 1 0 0 0 0 0 0
    8   12  164   o_241005       419.545513  6.30000E+04  7.03480E+00  2.69344E+01  3.22334E+12    2   5  2 4 1 0 1 0 0 0 0 0
    8   13  165   o_241006       427.577595  9.07200E+04  7.07200E+00  1.89023E+01  1.34035E+12    2   6  2 4 1 0 0 1 0 0 0 0
    8   14  166   o_241007       432.655495  1.23480E+05  7.05600E+00  1.38244E+01  6.84592E+11    2   7  2 4 1 0 0 0 1 0 0 0
    8   15  167   o_241008       436.020744  1.61280E+05  7.01420E+00  1.04591E+01  4.09254E+11    2   8  2 4 1 0 0 0 0 1 0 0
    8   16  168   o_241009       438.220651  2.04120E+05  7.01220E+00  8.25923E+00  2.80037E+11    2   9  2 4 1 0 0 0 0 0 1 0
    8   17  169   o_241010       439.811870  2.52000E+05  7.00070E+00  6.66801E+00  2.14000E+11    2  10  2 4 1 0 0 0 0 0 0 1
    8   18  170   o_170002      1752.470544  1.60000E+01  1.12506E+01  2.62210E+02  6.49528E+14   18   2  1 7 0 0 0 0 0 0 0 0
    8   19  171   o_161003      1935.924378  1.00800E+03  7.59200E+00  7.87557E+01  4.80892E+14   18   3  1 6 1 0 0 0 0 0 0 0
    8   20  172   o_160104      1970.942734  1.79200E+03  7.17140E+00  4.37374E+01  4.71068E+14   18   4  1 6 0 1 0 0 0 0 0 0
    8   21  173   o_160005      1987.892551  2.80000E+03  7.01560E+00  2.67875E+01  4.69392E+14   18   5  1 6 0 0 1 0 0 0 0 0
    8   22  174   o_160006      1995.761755  4.03200E+03  7.07500E+00  1.89183E+01  4.68933E+14   18   6  1 6 0 0 0 1 0 0 0 0
    8   23  175   o_160007      2000.836096  5.48800E+03  7.06100E+00  1.38440E+01  4.68780E+14   18   7  1 6 0 0 0 0 1 0 0 0
    8   24  176   o_160008      2004.245089  7.16800E+03  7.00610E+00  1.04350E+01  4.68717E+14   18   8  1 6 0 0 0 0 0 1 0 0
    8   25  177   o_160009      2006.435216  9.07200E+03  7.00610E+00  8.24487E+00  4.68686E+14   18   9  1 6 0 0 0 0 0 0 1 0
    8   26  178   o_160010      2008.012072  1.12000E+04  7.00070E+00  6.66801E+00  4.68671E+14   18  10  1 6 0 0 0 0 0 0 0 1
9   26    9       205.050003
    9    1  179   f_270002         0.000000  8.00000E+00  1.03126E+01  2.05050E+02  0.00000E+00    1   2  2 7 0 0 0 0 0 0 0 0
    9    2  180   f_261003       146.916260  5.04000E+02  6.60800E+00  5.81337E+01  2.52179E+10    1   3  2 6 1 0 0 0 0 0 0 0
    9    3  181   f_260104       172.612842  8.96000E+02  6.17600E+00  3.24372E+01  1.67092E+10    1   4  2 6 0 1 0 0 0 0 0 0
    9    4  182   f_260005       185.335627  1.40000E+03  6.01860E+00  1.97144E+01  9.33628E+09    1   5  2 6 0 0 1 0 0 0 0 0
    9    5  183   f_260006       191.088147  2.01600E+03  6.07800E+00  1.39619E+01  3.78974E+09    1   6  2 6 0 0 0 1 0 0 0 0
    9    6  184   f_260007       194.846378  2.74400E+03  6.06200E+00  1.02036E+01  2.15193E+09    1   7  2 6 0 0 0 0 1 0 0 0
    9    7  185   f_260008       197.381080  3.58400E+03  6.00620E+00  7.66892E+00  1.29788E+09    1   8  2 6 0 0 0 0 0 1 0 0
    9    8  186   f_260009       198.990643  4.53600E+03  6.00620E+00  6.05936E+00  7.65270E+08    1   9  2 6 0 0 0 0 0 0 1 0
    9    9  187   f_260010       200.150764  5.60000E+03  6.00080E+00  4.89924E+00  4.80162E+08    1  10  2 6 0 0 0 0 0 0 0 1
    9   10  188   f_252003       312.631254  8.56800E+03  7.17200E+00  6.18345E+01  3.18055E+13    2   3  2 5 2 0 0 0 0 0 0 0
    9   11  189   f_251104       341.430180  3.22560E+04  6.23270E+00  3.30356E+01  5.52510E+12    2   4  2 5 1 1 0 0 0 0 0 0
    9   12  190   f_251005       354.631279  5.04000E+04  6.03690E+00  1.98345E+01  1.70602E+12    2   5  2 5 1 0 1 0 0 0 0 0
    9   13  191   f_251006       360.476295  7.25760E+04  6.08400E+00  1.39894E+01  6.92860E+11    2   6  2 5 1 0 0 1 0 0 0 0
    9   14  192   f_251007       364.248637  9.87840E+04  6.06600E+00  1.02171E+01  3.47967E+11    2   7  2 5 1 0 0 0 1 0 0 0
    9   15  193   f_251008       366.773808  1.29024E+05  6.01520E+00  7.69192E+00  2.03155E+11    2   8  2 5 1 0 0 0 0 1 0 0
    9   16  194   f_251009       368.392240  1.63296E+05  6.01320E+00  6.07349E+00  1.35170E+11    2   9  2 5 1 0 0 0 0 0 1 0
    9   17  195   f_251010       369.566494  2.01600E+05  6.00080E+00  4.89924E+00  1.00452E+11    2  10  2 5 1 0 0 0 0 0 0 1
    9   18  196   f_180002      1738.944482  2.00000E+00  1.09487E+01  2.18576E+02  7.69190E+14   18   2  1 8 0 0 0 0 0 0 0 0
    9   19  197   f_171003      1897.970404  2.88000E+02  6.68800E+00  5.95501E+01  5.92224E+14   18   3  1 7 1 0 0 0 0 0 0 0
    9   20  198   f_170104      1924.839202  5.12000E+02  6.19920E+00  3.26813E+01  5.83305E+14   18   4  1 7 0 1 0 0 0 0 0 0
    9   21  199   f_170005      1937.812067  8.00000E+02  6.01770E+00  1.97085E+01  5.81845E+14   18   5  1 7 0 0 1 0 0 0 0 0
    9   22  200   f_170006      1943.517310  1.15200E+03  6.08700E+00  1.40032E+01  5.81452E+14   18   6  1 7 0 0 0 1 0 0 0 0
    9   23  201   f_170007      1947.286601  1.56800E+03  6.07100E+00  1.02339E+01  5.81325E+14   18   7  1 7 0 0 0 0 1 0 0 0
    9   24  202   f_170008      1949.849326  2.04800E+03  6.00710E+00  7.67122E+00  5.81271E+14   18   8  1 7 0 0 0 0 0 1 0 0
    9   25  203   f_170009      1951.459371  2.59200E+03  6.00710E+00  6.06118E+00  5.81246E+14   18   9  1 7 0 0 0 0 0 0 1 0
    9   26  204   f_170010      1952.621308  3.20000E+03  6.00080E+00  4.89924E+00  5.81233E+14   18  10  1 7 0 0 0 0 0 0 0 1
10   25    9       166.770004
   10    1  205   ne280002         0.000000  1.00000E+00  1.00107E+01  1.66770E+02  0.00000E+00    1   2  2 8 0 0 0 0 0 0 0 0
   10    2  206   ne271003       124.658583  1.44000E+02  5.70400E+00  4.21114E+01  6.54311E+09    1   3  2 7 1 0 0 0 0 0 0 0
   10    3  207   ne270104       143.742023  2.56000E+02  5.20380E+00  2.30280E+01  7.37872E+09    1   4  2 7 0 1 0 0 0 0 0 0
   10    4  208   ne270005       153.051357  4.00000E+02  5.02070E+00  1.37186E+01  4.39359E+09    1   5  2 7 0 0 1 0 0 0 0 0
   10    5  209   ne270006       156.978475  5.76000E+02  5.09000E+00  9.79153E+00  1.67703E+09    1   6  2 7 0 0 0 1 0 0 0 0
   10    6  210   ne270007       159.627082  7.84000E+02  5.07200E+00  7.14292E+00  9.75966E+08    1   7  2 7 0 0 0 0 1 0 0 0
   10    7  211   ne270008       161.440086  1.02400E+03  5.00720E+00  5.32992E+00  6.02742E+08    1   8  2 7 0 0 0 0 0 1 0 0
   10    8  212   ne270009       162.558728  1.29600E+03  5.00720E+00  4.21128E+00  3.50669E+08    1   9  2 7 0 0 0 0 0 0 1 0
   10    9  213   ne270010       163.367459  1.60000E+03  5.00090E+00  3.40255E+00  2.57316E+08    1  10  2 7 0 0 0 0 0 0 0 1
   10   10  214   ne262003       268.501401  4.28400E+03  6.26800E+00  4.51849E+01  1.38332E+13    2   3  2 6 2 0 0 0 0 0 0 0
   10   11  215   ne261104       290.153689  1.61280E+04  5.26050E+00  2.35326E+01  2.40133E+12    2   4  2 6 1 1 0 0 0 0 0 0
   10   12  216   ne261005       299.867423  2.52000E+04  5.03900E+00  1.38188E+01  7.31140E+11    2   5  2 6 1 0 1 0 0 0 0 0
   10   13  217   ne261006       303.871636  3.62880E+04  5.09600E+00  9.81463E+00  2.92194E+11    2   6  2 6 1 0 0 1 0 0 0 0
   10   14  218   ne261007       306.532071  4.93920E+04  5.07600E+00  7.15419E+00  1.45145E+11    2   7  2 6 1 0 0 0 1 0 0 0
   10   15  219   ne261008       308.337167  6.45120E+04  5.01620E+00  5.34910E+00  8.33942E+10    2   8  2 6 1 0 0 0 0 1 0 0
   10   16  220   ne261009       309.463204  8.16480E+04  5.01420E+00  4.22306E+00  5.43856E+10    2   9  2 6 1 0 0 0 0 0 1 0
   10   17  221   ne261010       310.283719  1.00800E+05  5.00090E+00  3.40255E+00  3.96123E+10    2  10  2 6 1 0 0 0 0 0 0 1
   10   18  222   ne181003      1862.413358  3.60000E+01  5.78400E+00  4.33011E+01  6.94764E+14   18   3  1 8 1 0 0 0 0 0 0 0
   10   19  223   ne180104      1882.480700  6.40000E+01  5.22700E+00  2.32338E+01  6.87139E+14   18   4  1 8 0 1 0 0 0 0 0 0
   10   20  224   ne180005      1892.000757  1.00000E+02  5.01980E+00  1.37137E+01  6.85932E+14   18   5  1 8 0 0 1 0 0 0 0 0
   10   21  225   ne180006      1895.888299  1.44000E+02  5.09900E+00  9.82619E+00  6.85615E+14   18   6  1 8 0 0 0 1 0 0 0 0
   10   22  226   ne180007      1898.546191  1.96000E+02  5.08100E+00  7.16829E+00  6.85514E+14   18   7  1 8 0 0 0 0 1 0 0 0
   10   23  227   ne180008      1900.382651  2.56000E+02  5.00810E+00  5.33183E+00  6.85473E+14   18   8  1 8 0 0 0 0 0 1 0 0
   10   24  228   ne180009      1901.501696  3.24000E+02  5.00810E+00  4.21279E+00  6.85453E+14   18   9  1 8 0 0 0 0 0 0 1 0
   10   25  229   ne180010      1902.311941  4.00000E+02  5.00090E+00  3.40255E+00  6.85442E+14   18  10  1 8 0 0 0 0 0 0 0 1
11   24    8        45.140999
   11    1  230   na281003         0.000000  1.80000E+01  4.80000E+00  4.51410E+01  0.00000E+00    1   3  2 8 1 0 0 0 0 0 0 0
   11    2  231   na280104        29.914059  3.20000E+01  4.23160E+00  1.52269E+01  1.42562E+10    1   4  2 8 0 1 0 0 0 0 0 0
   11    3  232   na280005        36.333918  5.00000E+01  4.02280E+00  8.80708E+00  3.45616E+09    1   5  2 8 0 0 1 0 0 0 0 0
   11    4  233   na280006        38.781826  7.20000E+01  4.10200E+00  6.35917E+00  1.00866E+09    1   6  2 8 0 0 0 1 0 0 0 0
   11    5  234   na280007        40.514429  9.80000E+01  4.08200E+00  4.62657E+00  5.26293E+08    1   7  2 8 0 0 0 0 1 0 0 0
   11    6  235   na280008        41.725720  1.28000E+02  4.00820E+00  3.41528E+00  3.10001E+08    1   8  2 8 0 0 0 0 0 1 0 0
   11    7  236   na280009        42.442514  1.62000E+02  4.00820E+00  2.69848E+00  1.72483E+08    1   9  2 8 0 0 0 0 0 0 1 0
   11    8  237   na280010        42.963076  2.00000E+02  4.00100E+00  2.17792E+00  1.96663E+08    1  10  2 8 0 0 0 0 0 0 0 1
   11    9  238   na272003       120.799912  1.22400E+03  5.36400E+00  4.89997E+01  4.19005E+12    2   3  2 7 2 0 0 0 0 0 0 0
   11   10  239   na271104       154.161830  4.60800E+03  4.28830E+00  1.56378E+01  7.11345E+11    2   4  2 7 1 1 0 0 0 0 0 0
   11   11  240   na271005       160.912189  7.20000E+03  4.04110E+00  8.88739E+00  2.10759E+11    2   5  2 7 1 0 1 0 0 0 0 0
   11   12  241   na271006       163.421792  1.03680E+04  4.10800E+00  6.37779E+00  8.23106E+10    2   6  2 7 1 0 0 1 0 0 0 0
   11   13  242   na271007       165.163940  1.41120E+04  4.08600E+00  4.63564E+00  4.03925E+10    2   7  2 7 1 0 0 0 1 0 0 0
   11   14  243   na271008       166.368949  1.84320E+04  4.01720E+00  3.43063E+00  2.28019E+10    2   8  2 7 1 0 0 0 0 1 0 0
   11   15  244   na271009       167.091664  2.33280E+04  4.01520E+00  2.70792E+00  1.45264E+10    2   9  2 7 1 0 0 0 0 0 1 0
   11   16  245   na271010       167.621660  2.88000E+04  4.00100E+00  2.17792E+00  1.03997E+10    2  10  2 7 1 0 0 0 0 0 0 1
   11   17  246   na182003      1856.967039  3.06000E+02  5.44400E+00  5.05873E+01  6.22995E+14   18   3  1 8 2 0 0 0 0 0 0 0
   11   18  247   na181104      1891.746935  1.15200E+03  4.31150E+00  1.58074E+01  6.17364E+14   18   4  1 8 1 1 0 0 0 0 0 0
   11   19  248   na181005      1898.670922  1.80000E+03  4.04020E+00  8.88343E+00  6.16529E+14   18   5  1 8 1 0 1 0 0 0 0 0
   11   20  249   na181006      1901.148590  2.59200E+03  4.11700E+00  6.40577E+00  6.16317E+14   18   6  1 8 1 0 0 1 0 0 0 0
   11   21  250   na181007      1902.898271  3.52800E+03  4.09500E+00  4.65609E+00  6.16252E+14   18   7  1 8 1 0 0 0 1 0 0 0
   11   22  251   na181008      1904.122187  4.60800E+03  4.01810E+00  3.43217E+00  6.16225E+14   18   8  1 8 1 0 0 0 0 1 0 0
   11   23  252   na181009      1904.845225  5.83200E+03  4.01610E+00  2.70913E+00  6.16212E+14   18   9  1 8 1 0 0 0 0 0 1 0
   11   24  253   na181010      1905.376434  7.20000E+03  4.00100E+00  2.17792E+00  6.16206E+14   18  10  1 8 1 0 0 0 0 0 0 1
12   31    8        33.492001
   12    1  254   mg282003         0.000000  1.53000E+02  4.46000E+00  3.34920E+01  0.00000E+00    1   3  2 8 2 0 0 0 0 0 0 0
   12    2  255   mg281104        24.141170  5.76000E+02  3.31610E+00  9.35083E+00  7.67567E+09    1   4  2 8 1 1 0 0 0 0 0 0
   12    3  256   mg281005        28.452005  9.00000E+02  3.04320E+00  5.04000E+00  1.83926E+09    1   5  2 8 1 0 1 0 0 0 0 0
   12    4  257   mg281006        29.813133  1.29600E+03  3.12000E+00  3.67887E+00  4.14092E+08    1   6  2 8 1 0 0 1 0 0 0 0
   12    5  258   mg281007        30.830591  1.76400E+03  3.09600E+00  2.66141E+00  2.10988E+08    1   7  2 8 1 0 0 0 1 0 0 0
   12    6  259   mg281008        31.555486  2.30400E+03  3.01820E+00  1.93651E+00  1.23028E+08    1   8  2 8 1 0 0 0 0 1 0 0
   12    7  260   mg281009        31.963944  2.91600E+03  3.01620E+00  1.52806E+00  6.69241E+07    1   9  2 8 1 0 0 0 0 0 1 0
   12    8  261   mg281010        32.266638  3.60000E+03  3.00110E+00  1.22536E+00  8.71242E+08    1  10  2 8 1 0 0 0 0 0 0 1
   12    9  262   mg280204        53.074705  4.96000E+02  3.87660E+00  1.03314E+01  3.89904E+13    2   4  2 8 0 2 0 0 0 0 0 0
   12   10  263   mg280105        58.166713  1.60000E+03  3.10280E+00  5.23935E+00  5.90900E+13    2   5  2 8 0 1 1 0 0 0 0 0
   12   11  264   mg280106        59.675127  2.30400E+03  3.14200E+00  3.73093E+00  2.46985E+13    2   6  2 8 0 1 0 1 0 0 0 0
   12   12  265   mg280107        60.725704  3.13600E+03  3.10700E+00  2.68035E+00  1.14337E+13    2   7  2 8 0 1 0 0 1 0 0 0
   12   13  266   mg280108        61.460552  4.09600E+03  3.02520E+00  1.94551E+00  5.87063E+12    2   8  2 8 0 1 0 0 0 1 0 0
   12   14  267   mg280109        61.871918  5.18400E+03  3.02220E+00  1.53414E+00  3.26336E+12    2   9  2 8 0 1 0 0 0 0 1 0
   12   15  268   mg280110        62.172599  6.40000E+03  3.01100E+00  1.23346E+00  1.93289E+12    2  10  2 8 0 1 0 0 0 0 0 1
   12   16  269   mg273003       117.932603  6.52800E+03  5.02400E+00  3.63593E+01  7.90215E+12    9   3  2 7 3 0 0 0 0 0 0 0
   12   17  270   mg272104       144.618570  3.91680E+04  3.37280E+00  9.67334E+00  3.36808E+12    9   4  2 7 2 1 0 0 0 0 0 0
   12   18  271   mg272005       149.191118  6.12000E+04  3.06150E+00  5.10079E+00  2.84094E+12    9   5  2 7 2 0 1 0 0 0 0 0
   12   19  272   mg272006       150.598882  8.81280E+04  3.12600E+00  3.69303E+00  2.71182E+12    9   6  2 7 2 0 0 1 0 0 0 0
   12   20  273   mg272007       151.623622  1.19952E+05  3.10000E+00  2.66829E+00  2.67136E+12    9   7  2 7 2 0 0 0 1 0 0 0
   12   21  274   mg272008       152.343832  1.56672E+05  3.02720E+00  1.94808E+00  2.65439E+12    9   8  2 7 2 0 0 0 0 1 0 0
   12   22  275   mg272009       152.756756  1.98288E+05  3.02320E+00  1.53516E+00  2.64643E+12    9   9  2 7 2 0 0 0 0 0 1 0
   12   23  276   mg272010       153.066550  2.44800E+05  3.00110E+00  1.22536E+00  2.64323E+12    9  10  2 7 2 0 0 0 0 0 0 1
   12   24  277   mg183003      1852.696502  1.63200E+03  5.10400E+00  3.77625E+01  4.69494E+13   17   3  1 8 3 0 0 0 0 0 0 0
   12   25  278   mg182104      1880.652157  9.79200E+03  3.39600E+00  9.80688E+00  4.19730E+13   17   4  1 8 2 1 0 0 0 0 0 0
   12   26  279   mg182005      1885.361244  1.53000E+04  3.06060E+00  5.09780E+00  4.13999E+13   17   5  1 8 2 0 1 0 0 0 0 0
   12   27  280   mg182006      1886.744713  2.20320E+04  3.13500E+00  3.71433E+00  4.12628E+13   17   6  1 8 2 0 0 1 0 0 0 0
   12   28  281   mg182007      1887.775233  2.99880E+04  3.10900E+00  2.68381E+00  4.12224E+13   17   7  1 8 2 0 0 0 1 0 0 0
   12   29  282   mg182008      1888.509800  3.91680E+04  3.02810E+00  1.94924E+00  4.12058E+13   17   8  1 8 2 0 0 0 0 1 0 0
   12   30  283   mg182009      1888.922969  4.95720E+04  3.02410E+00  1.53607E+00  4.11979E+13   17   9  1 8 2 0 0 0 0 0 1 0
   12   31  284   mg182010      1889.233677  6.12000E+04  3.00110E+00  1.22536E+00  4.11947E+13   17  10  1 8 2 0 0 0 0 0 0 1
13   31    8        16.344999
   13    1  285   al283003         0.000000  8.16000E+02  4.12000E+00  1.63450E+01  0.00000E+00    1   3  2 8 3 0 0 0 0 0 0 0
   13    2  286   al282104        11.588841  4.89600E+03  2.40060E+00  4.75616E+00  1.57289E+09    1   4  2 8 2 1 0 0 0 0 0 0
   13    3  287   al282005        14.027519  7.65000E+03  2.06360E+00  2.31748E+00  4.87938E+08    1   5  2 8 2 0 1 0 0 0 0 0
   13    4  288   al282006        14.617503  1.10160E+04  2.13800E+00  1.72750E+00  8.19533E+07    1   6  2 8 2 0 0 1 0 0 0 0
   13    5  289   al282007        15.108846  1.49940E+04  2.11000E+00  1.23615E+00  4.40089E+07    1   7  2 8 2 0 0 0 1 0 0 0
   13    6  290   al282008        15.470530  1.95840E+04  2.02820E+00  8.74469E-01  2.68738E+07    1   8  2 8 2 0 0 0 0 1 0 0
   13    7  291   al282009        15.656784  2.47860E+04  2.02420E+00  6.88215E-01  1.40754E+07    1   9  2 8 2 0 0 0 0 0 1 0
   13    8  292   al282010        15.800141  3.06000E+04  2.00120E+00  5.44858E-01  1.08394E+07    1  10  2 8 2 0 0 0 0 0 0 1
   13    9  293   al281204        35.088900  8.92800E+03  2.96110E+00  5.39727E+00  3.15336E+13    2   4  2 8 1 2 0 0 0 0 0 0
   13   10  294   al281105        38.032890  2.88000E+04  2.12320E+00  2.45328E+00  5.03806E+13    2   5  2 8 1 1 1 0 0 0 0 0
   13   11  295   al281106        38.722938  4.14720E+04  2.16000E+00  1.76323E+00  2.36290E+13    2   6  2 8 1 1 0 1 0 0 0 0
   13   12  296   al281107        39.237094  5.64480E+04  2.12100E+00  1.24908E+00  1.09360E+13    2   7  2 8 1 1 0 0 1 0 0 0
   13   13  297   al281108        39.605654  7.37280E+04  2.03520E+00  8.80516E-01  5.61258E+12    2   8  2 8 1 1 0 0 0 1 0 0
   13   14  298   al281109        39.793868  9.33120E+04  2.03020E+00  6.92301E-01  3.11795E+12    2   9  2 8 1 1 0 0 0 0 1 0
   13   15  299   al281110        39.935907  1.15200E+05  2.01110E+00  5.50262E-01  1.84407E+12    2  10  2 8 1 1 0 0 0 0 0 1
   13   16  300   al274003       116.615894  2.44800E+04  4.68400E+00  1.76617E+01  8.64142E+12   16   3  2 7 4 0 0 0 0 0 0 0
   13   17  301   al273104       129.294114  2.08896E+05  2.45730E+00  4.98349E+00  4.76246E+12   16   4  2 7 3 1 0 0 0 0 0 0
   13   18  302   al273005       131.918837  3.26400E+05  2.08190E+00  2.35877E+00  4.43891E+12   16   5  2 7 3 0 1 0 0 0 0 0
   13   19  303   al273006       132.540396  4.70016E+05  2.14400E+00  1.73721E+00  4.36374E+12   16   6  2 7 3 0 0 1 0 0 0 0
   13   20  304   al273007       133.036758  6.39744E+05  2.11400E+00  1.24084E+00  4.34128E+12   16   7  2 7 3 0 0 0 1 0 0 0
   13   21  305   al273008       133.395356  8.35584E+05  2.03720E+00  8.82247E-01  4.33186E+12   16   8  2 7 3 0 0 0 0 1 0 0
   13   22  306   al273009       133.584619  1.05754E+06  2.03120E+00  6.92984E-01  4.32744E+12   16   9  2 7 3 0 0 0 0 0 1 0
   13   23  307   al273010       133.732745  1.30560E+06  2.00120E+00  5.44858E-01  4.32519E+12   16  10  2 7 3 0 0 0 0 0 0 1
   13   24  308   al184003      1850.510208  6.12000E+03  4.76400E+00  1.85313E+01  4.86486E+13   24   3  1 8 4 0 0 0 0 0 0 0
   13   25  309   al183104      1863.963466  5.22240E+04  2.48050E+00  5.07804E+00  4.43097E+13   24   4  1 8 3 1 0 0 0 0 0 0
   13   26  310   al183005      1866.684775  8.16000E+04  2.08100E+00  2.35673E+00  4.39734E+13   24   5  1 8 3 0 1 0 0 0 0 0
   13   27  311   al183006      1867.289679  1.17504E+05  2.15300E+00  1.75182E+00  4.38989E+13   24   6  1 8 3 0 0 1 0 0 0 0
   13   28  312   al183007      1867.790069  1.59936E+05  2.12300E+00  1.25143E+00  4.38783E+13   24   7  1 8 3 0 0 0 1 0 0 0
   13   29  313   al183008      1868.158474  2.08896E+05  2.03810E+00  8.83027E-01  4.38700E+13   24   8  1 8 3 0 0 0 0 1 0 0
   13   30  314   al183009      1868.347903  2.64384E+05  2.03210E+00  6.93598E-01  4.38659E+13   24   9  1 8 3 0 0 0 0 0 1 0
   13   31  315   al183010      1868.496643  3.26400E+05  2.00120E+00  5.44858E-01  4.38639E+13   24  10  1 8 3 0 0 0 0 0 0 1
14   31    8         8.151000
   14    1  316   si284003         0.000000  3.06000E+03  3.78000E+00  8.15100E+00  0.00000E+00    1   3  2 8 4 0 0 0 0 0 0 0
   14    2  317   si283104         6.527896  2.61120E+04  1.48510E+00  1.62310E+00  6.86942E+08    1   4  2 8 3 1 0 0 0 0 0 0
   14    3  318   si283005         7.511529  4.08000E+04  1.08400E+00  6.39471E-01  1.70629E+08    1   5  2 8 3 0 1 0 0 0 0 0
   14    4  319   si283006         7.645972  5.87520E+04  1.15600E+00  5.05028E-01  1.24367E+07    1   6  2 8 3 0 0 1 0 0 0 0
   14    5  320   si283007         7.800217  7.99680E+04  1.12400E+00  3.50783E-01  6.21609E+06    1   7  2 8 3 0 0 0 1 0 0 0
   14    6  321   si283008         7.921869  1.04448E+05  1.03820E+00  2.29131E-01  3.42203E+06    1   8  2 8 3 0 0 0 0 1 0 0
   14    7  322   si283009         7.972045  1.32192E+05  1.03220E+00  1.78955E-01  1.82417E+06    1   9  2 8 3 0 0 0 0 0 1 0
   14    8  323   si283010         8.014595  1.63200E+05  1.00130E+00  1.36405E-01  1.37284E+06    1  10  2 8 3 0 0 0 0 0 0 1
   14    9  324   si282204        17.821964  7.58880E+04  2.04560E+00  1.91788E+00  1.07439E+13    2   4  2 8 2 2 0 0 0 0 0 0
   14   10  325   si282105        19.028118  2.44800E+05  1.14360E+00  7.11723E-01  5.04694E+13    2   5  2 8 2 1 1 0 0 0 0 0
   14   11  326   si282106        19.215407  3.52512E+05  1.17800E+00  5.24434E-01  2.22623E+13    2   6  2 8 2 1 0 1 0 0 0 0
   14   12  327   si282107        19.382158  4.79808E+05  1.13500E+00  3.57682E-01  1.03014E+13    2   7  2 8 2 1 0 0 1 0 0 0
   14   13  328   si282108        19.507609  6.26688E+05  1.04520E+00  2.32231E-01  5.28454E+12    2   8  2 8 2 1 0 0 0 1 0 0
   14   14  329   si282109        19.558799  7.93152E+05  1.03820E+00  1.81042E-01  2.93369E+12    2   9  2 8 2 1 0 0 0 0 1 0
   14   15  330   si282110        19.600725  9.79200E+05  1.01120E+00  1.39116E-01  1.73324E+12    2  10  2 8 2 1 0 0 0 0 0 1
   14   16  331   si275003       116.143040  6.85440E+04  4.34400E+00  8.62385E+00  8.46880E+12   16   3  2 7 5 0 0 0 0 0 0 0
   14   17  332   si274104       123.017485  7.83360E+05  1.54180E+00  1.74941E+00  5.21726E+12   16   4  2 7 4 1 0 0 0 0 0 0
   14   18  333   si274005       124.105650  1.22400E+06  1.10230E+00  6.61244E-01  5.11250E+12   16   5  2 7 4 0 1 0 0 0 0 0
   14   19  334   si274006       124.256610  1.76256E+06  1.16200E+00  5.10284E-01  5.09193E+12   16   6  2 7 4 0 0 1 0 0 0 0
   14   20  335   si274007       124.413610  2.39904E+06  1.12800E+00  3.53284E-01  5.08652E+12   16   7  2 7 4 0 0 0 1 0 0 0
   14   21  336   si274008       124.533773  3.13344E+06  1.04720E+00  2.33121E-01  5.08425E+12   16   8  2 7 4 0 0 0 0 1 0 0
   14   22  337   si274009       124.585504  3.96576E+06  1.03920E+00  1.81391E-01  5.08319E+12   16   9  2 7 4 0 0 0 0 0 1 0
   14   23  338   si274010       124.630489  4.89600E+06  1.00130E+00  1.36405E-01  5.08264E+12   16  10  2 7 4 0 0 0 0 0 0 1
   14   24  339   si185003      1849.404343  1.71360E+04  4.42400E+00  9.25687E+00  4.94992E+13   24   3  1 8 5 0 0 0 0 0 0 0
   14   25  340   si184104      1856.858755  1.95840E+05  1.56500E+00  1.80245E+00  4.56476E+13   24   4  1 8 4 1 0 0 0 0 0 0
   14   26  341   si184005      1858.001043  3.06000E+05  1.10140E+00  6.60165E-01  4.55171E+13   24   5  1 8 4 0 1 0 0 0 0 0
   14   27  342   si184006      1858.142989  4.40640E+05  1.17100E+00  5.18219E-01  4.54915E+13   24   6  1 8 4 0 0 1 0 0 0 0
   14   28  343   si184007      1858.302264  5.99760E+05  1.13700E+00  3.58944E-01  4.54852E+13   24   7  1 8 4 0 0 0 1 0 0 0
   14   29  344   si184008      1858.427687  7.83360E+05  1.04810E+00  2.33522E-01  4.54827E+13   24   8  1 8 4 0 0 0 0 1 0 0
   14   30  345   si184009      1858.479503  9.91440E+05  1.04010E+00  1.81705E-01  4.54815E+13   24   9  1 8 4 0 0 0 0 0 1 0
   14   31  346   si184010      1858.524803  1.22400E+06  1.00130E+00  1.36405E-01  4.54809E+13   24  10  1 8 4 0 0 0 0 0 0 1
3892
b   1    1  1    2  99  3.72741E-01  4.90913E-02 -3.12164E+00  2.08280E+01  3.89349E+00  4.11900E-01  4.11900E-01
b   1    1  1    3  99  3.83786E-01  2.12934E-01 -3.38301E+00  2.02117E+01  3.83333E+00  7.86100E-02  7.86100E-02
b   1    2  1    3  99  1.23374E-01  1.65660E+00 -5.38319E+01  5.64978E+02  2.00000E+01  6.37400E-01  6.37400E-01
b   1    1  1    4  99  3.84065E-01  2.84116E-01 -3.52504E+00  2.00108E+01  3.81878E+00  2.88400E-02  2.88400E-02
b   1    2  1    4  99  1.25938E-01  1.88651E+00 -4.35309E+01  3.51289E+02  2.00000E+01  1.19100E-01  1.19100E-01
b   1    3  1    4  99  1.18327E-01  1.02989E+00 -2.31359E+01  2.38119E+02  2.00000E+01  8.39100E-01  8.39100E-01
b   1    1  1    5  99  3.83056E-01  3.20192E-01 -3.59382E+00  1.98643E+01  3.81142E+00  1.38700E-02  1.38700E-02
b   1    2  1    5  99  1.26090E-01  1.96068E+00 -3.66307E+01  2.28611E+02  2.00000E+01  4.46600E-02  4.46600E-02
b   1    3  1    5  99  1.25076E-01  1.51617E+00 -2.23930E+01  1.65490E+02  2.00000E+01  1.50400E-01  1.50400E-01
b   1    4  1    5  99  2.91633E-01  2.66717E-03  1.81312E+00 -6.33035E-01  2.11485E+00  1.03500E+00  1.03500E+00
b   1    1  1    6  99  3.83665E-01  3.36909E-01 -3.61748E+00  1.97904E+01  3.80702E+00  7.76200E-03  7.76200E-03
b   1    2  1    6  99  1.70721E-01  1.49282E+00 -1.18557E+01  5.11084E+01  7.68866E+00  2.21000E-02  2.21000E-02
b   1    3  1    6  99  1.42506E-01  1.76599E+00 -2.33734E+01  1.73323E+02  2.00000E+01  5.58300E-02  5.58300E-02
b   1    4  1    6  99  1.65856E-01  1.35010E+00 -2.02574E+01  2.52536E+02  2.00000E+01  1.79000E-01  1.79000E-01
b   1    5  1    6  99  2.54037E-01  1.37102E-01  1.46561E+00 -5.08209E-01  2.08634E+00  1.22900E+00  1.22900E+00
b   1    1  1    7  99  3.85460E-01  3.45029E-01 -3.66447E+00  1.99970E+01  3.81512E+00  4.79100E-03  4.79100E-03
b   1    2  1    7  99  1.77296E-01  1.51491E+00 -1.10552E+01  4.59076E+01  7.27508E+00  1.27200E-02  1.27200E-02
b   1    3  1    7  99  1.54464E-01  1.92143E+00 -2.41479E+01  1.84010E+02  2.00000E+01  2.77100E-02  2.77100E-02
b   1    4  1    7  99  1.69382E-01  1.73411E+00 -2.05832E+01  2.25774E+02  2.00000E+01  6.54800E-02  6.54800E-02
b   1    5  1    7  99  3.05708E-01  5.64458E-01  1.74934E+00 -6.96655E-01  2.16170E+00  2.06600E-01  2.06600E-01
b   1    6  1    7  99  2.63354E-01  8.00174E-02  2.20966E+00 -1.12985E+00  2.83924E+00  1.42100E+00  1.42100E+00
b   1    1  1    8  99  3.85008E-01  3.53006E-01 -3.67114E+00  1.99137E+01  3.81145E+00  3.16700E-03  3.16700E-03
b   1    2  1    8  99  2.30647E-01  1.26666E+00 -6.64618E+00  2.63442E+01  5.24025E+00  8.04600E-03  8.04600E-03
b   1    3  1    8  99  1.78502E-01  2.02101E+00 -2.88139E+01  2.80246E+02  2.00000E+01  1.60600E-02  1.60600E-02
b   1    4  1    8  99  1.73923E-01  1.98612E+00 -2.07917E+01  2.14106E+02  2.00000E+01  3.23400E-02  3.23400E-02
b   1    5  1    8  99  3.29554E-01  9.23082E-01  1.76669E+00 -6.11064E-01  2.17052E+00  7.45000E-02  7.45000E-02
b   1    6  1    8  99  2.76913E-01  7.03520E-01  1.45602E+00 -5.28640E-01  2.12449E+00  2.33700E-01  2.33700E-01
b   1    7  1    8  99  2.63129E-01  6.48826E-02  2.69387E+00 -1.54947E+00  3.41714E+00  1.61300E+00  1.61300E+00
b   1    1  1    9  99  3.83889E-01  3.60368E-01 -3.66995E+00  1.97546E+01  3.80205E+00  2.20200E-03  2.20200E-03
b   1    2  1    9  99  2.42041E-01  1.24404E+00 -6.08224E+00  2.39948E+01  4.96546E+00  5.43400E-03  5.43400E-03
b   1    3  1    9  99  1.79754E-01  2.09281E+00 -2.79997E+01  2.62235E+02  2.00000E+01  1.02600E-02  1.02600E-02
b   1    4  1    9  99  1.75344E-01  2.17121E+00 -2.07477E+01  2.00582E+02  2.00000E+01  1.87500E-02  1.87500E-02
b   1    5  1    9  99  1.71859E-01  2.10842E+00 -1.74949E+01  1.88132E+02  2.00000E+01  3.65400E-02  3.65400E-02
b   1    6  1    9  99  3.03664E-01  1.09820E+00  1.56870E+00 -5.81447E-01  2.16868E+00  8.32200E-02  8.32200E-02
b   1    7  1    9  99  2.89166E-01  6.58585E-01  2.25247E+00 -1.13307E+00  2.95661E+00  2.60500E-01  2.60500E-01
b   1    8  1    9  99  2.46855E-01  1.28951E-01  2.45837E+00 -1.41694E+00  3.42299E+00  1.80400E+00  1.80400E+00
b   1    1  1   10  99  3.84753E-01  3.60680E-01 -3.65899E+00  1.97374E+01  3.80213E+00  1.59100E-03  1.59100E-03
b   1    2  1   10  99  2.76089E-01  1.10996E+00 -4.48104E+00  1.81960E+01  4.28151E+00  3.84900E-03  3.84900E-03
b   1    3  1   10  99  1.79005E-01  2.15054E+00 -2.71573E+01  2.42030E+02  2.00000E+01  6.99200E-03  6.99200E-03
b   1    4  1   10  99  1.59367E-01  2.32871E+00 -1.76875E+01  1.20057E+02  2.00000E+01  1.20000E-02  1.20000E-02
b   1    5  1   10  99  1.79674E-01  2.33029E+00 -1.78283E+01  1.90378E+02  2.00000E+01  2.11300E-02  2.11300E-02
b   1    6  1   10  99  3.21019E-01  1.40999E+00  1.64878E+00 -6.52250E-01  2.19217E+00  4.05400E-02  4.05400E-02
b   1    7  1   10  99  3.14077E-01  1.09717E+00  2.33818E+00 -1.11472E+00  2.98978E+00  9.18000E-02  9.18000E-02
b   1    8  1   10  99  2.72874E-01  7.38761E-01  2.03017E+00 -9.96742E-01  2.91754E+00  2.87000E-01  2.87000E-01
b   1    9  1   10  99  5.10467E-01  3.49933E-01  5.24799E+00 -9.42666E-01  4.11453E+00  9.28100E-01  9.28100E-01
f   1    1  0    1  99  1.00000E+00  1.40000E+01
p   1    1  0    1  99  1.00000E+00  1.40000E+01
f   1    2  0    1  99  1.00000E+00  1.40000E+01
p   1    2  0    1  99  1.00000E+00  1.40000E+01
f   1    3  0    1  99  1.00000E+00  1.40000E+01
p   1    3  0    1  99  1.00000E+00  1.40000E+01
f   1    4  0    1  99  1.00000E+00  1.40000E+01
p   1    4  0    1  99  1.00000E+00  1.40000E+01
f   1    5  0    1  99  1.00000E+00  1.40000E+01
p   1    5  0    1  99  1.00000E+00  1.40000E+01
f   1    6  0    1  99  1.00000E+00  1.40000E+01
p   1    6  0    1  99  1.00000E+00  1.40000E+01
f   1    7  0    1  99  1.00000E+00  1.40000E+01
p   1    7  0    1  99  1.00000E+00  1.40000E+01
f   1    8  0    1  99  1.00000E+00  1.40000E+01
p   1    8  0    1  99  1.00000E+00  1.40000E+01
f   1    9  0    1  99  1.00000E+00  1.40000E+01
p   1    9  0    1  99  1.00000E+00  1.40000E+01
f   1   10  0    1  99  1.00000E+00  1.40000E+01
p   1   10  0    1  99  1.00000E+00  1.40000E+01
b   2    1  2    2  99  3.62696E-01  3.28374E-02 -2.84730E+00  1.96361E+01  3.87034E+00  7.57800E-01  7.57800E-01
b   2    1  2    3  99  3.72722E-01  1.76826E-01 -3.11264E+00  1.92859E+01  3.82297E+00  1.50160E-01  1.50160E-01
b   2    2  2    3  99  7.77726E-02  1.13529E+00 -1.90132E+01  6.65426E+01  2.00000E+01  6.21100E-01  6.21100E-01
b   2    1  2    4  99  3.70367E-01  2.39499E-01 -3.23927E+00  1.91081E+01  3.81913E+00  5.57000E-02  5.57000E-02
b   2    2  2    4  99  1.35020E-01  1.85537E+00 -4.71592E+01  4.35865E+02  2.00000E+01  1.18500E-01  1.18500E-01
b   2    3  2    4  99  1.22877E-01  9.66749E-01 -2.17911E+01  2.39781E+02  2.00000E+01  8.31500E-01  8.31500E-01
b   2    1  2    5  99  3.69519E-01  2.61968E-01 -3.24403E+00  1.88660E+01  3.81043E+00  2.69200E-02  2.69200E-02
b   2    2  2    5  99  1.38547E-01  1.97120E+00 -4.36773E+01  3.63103E+02  2.00000E+01  4.47300E-02  4.47300E-02
b   2    3  2    5  99  1.23518E-01  1.46391E+00 -2.08935E+01  1.57288E+02  2.00000E+01  1.50200E-01  1.50200E-01
b   2    4  2    5  99  2.80075E-01  3.86398E-02  1.73225E+00 -6.56542E-01  2.11135E+00  1.03000E+00  1.03000E+00
b   2    1  2    6  99  4.13185E-01  3.07507E-01 -3.76101E+00  2.14786E+01  3.82347E+00  1.38500E-02  1.38500E-02
b   2    2  2    6  99  1.45678E-01  2.15731E+00 -4.31649E+01  3.17692E+02  2.00000E+01  2.11900E-02  2.11900E-02
b   2    3  2    6  99  1.40013E-01  1.76640E+00 -2.24178E+01  1.61966E+02  2.00000E+01  5.49900E-02  5.49900E-02
b   2    4  2    6  99  1.46629E-01  1.41958E+00 -1.88756E+01  2.02545E+02  2.00000E+01  1.77100E-01  1.77100E-01
b   2    5  2    6  99  2.44868E-01  1.79458E-01  1.34501E+00 -4.43150E-01  2.05434E+00  1.21900E+00  1.21900E+00
b   2    1  2    7  99  4.11774E-01  3.15588E-01 -3.71359E+00  2.10626E+01  3.80353E+00  8.56600E-03  8.56600E-03
b   2    2  2    7  99  1.43918E-01  2.16537E+00 -3.96627E+01  2.59471E+02  2.00000E+01  1.22300E-02  1.22300E-02
b   2    3  2    7  99  1.50428E-01  1.92213E+00 -2.31142E+01  1.70529E+02  2.00000E+01  2.73700E-02  2.73700E-02
b   2    4  2    7  99  1.74823E-01  1.70199E+00 -1.99387E+01  2.34161E+02  2.00000E+01  6.49500E-02  6.49500E-02
b   2    5  2    7  99  2.97684E-01  5.99290E-01  1.70818E+00 -6.89063E-01  2.20472E+00  2.05300E-01  2.05300E-01
b   2    6  2    7  99  2.56128E-01  1.17735E-01  2.08794E+00 -1.04906E+00  2.82096E+00  1.41600E+00  1.41600E+00
b   2    1  2    8  99  4.09507E-01  3.27450E-01 -3.74699E+00  2.10199E+01  3.80434E+00  5.67000E-03  5.67000E-03
b   2    2  2    8  99  1.44978E-01  2.18500E+00 -3.85860E+01  2.40628E+02  2.00000E+01  7.75300E-03  7.75300E-03
b   2    3  2    8  99  1.56378E-01  2.02342E+00 -2.31267E+01  1.68177E+02  2.00000E+01  1.59000E-02  1.59000E-02
b   2    4  2    8  99  1.80086E-01  1.94962E+00 -2.01861E+01  2.24909E+02  2.00000E+01  3.21300E-02  3.21300E-02
b   2    5  2    8  99  3.20562E-01  9.61805E-01  1.69183E+00 -6.04504E-01  2.15067E+00  7.41100E-02  7.41100E-02
b   2    6  2    8  99  3.01888E-01  5.95155E-01  2.37124E+00 -1.13722E+00  2.95139E+00  2.33000E-01  2.33000E-01
b   2    7  2    8  99  2.57021E-01  9.83661E-02  2.59414E+00 -1.49910E+00  3.42176E+00  1.60900E+00  1.60900E+00
b   2    1  2    9  99  4.09447E-01  3.31601E-01 -3.76380E+00  2.10554E+01  3.80581E+00  3.94600E-03  3.94600E-03
b   2    2  2    9  99  1.44506E-01  2.20429E+00 -3.78376E+01  2.25200E+02  2.00000E+01  5.24300E-03  5.24300E-03
b   2    3  2    9  99  1.58564E-01  2.10209E+00 -2.30879E+01  1.62928E+02  2.00000E+01  1.01600E-02  1.01600E-02
b   2    4  2    9  99  1.82016E-01  2.13177E+00 -2.02819E+01  2.15074E+02  2.00000E+01  1.86500E-02  1.86500E-02
b   2    5  2    9  99  3.36415E-01  1.22524E+00  1.74917E+00 -5.92647E-01  2.20388E+00  3.63800E-02  3.63800E-02
b   2    6  2    9  99  2.96298E-01  1.13033E+00  1.50614E+00 -5.45584E-01  2.17434E+00  8.30200E-02  8.30200E-02
b   2    7  2    9  99  2.82398E-01  6.93252E-01  2.14591E+00 -1.03685E+00  2.94568E+00  2.59900E-01  2.59900E-01
b   2    8  2    9  99  2.41583E-01  1.60568E-01  2.35283E+00 -1.34809E+00  3.40631E+00  1.80100E+00  1.80100E+00
b   2    1  2   10  99  4.10086E-01  3.32037E-01 -3.76569E+00  2.10961E+01  3.80834E+00  2.85400E-03  2.85400E-03
b   2    2  2   10  99  1.57885E-01  1.99730E+00 -2.48191E+01  1.36681E+02  1.32007E+01  3.71700E-03  3.71700E-03
b   2    3  2   10  99  1.60558E-01  2.16223E+00 -2.32162E+01  1.61528E+02  2.00000E+01  6.93500E-03  6.93500E-03
b   2    4  2   10  99  1.83005E-01  2.26898E+00 -2.02707E+01  2.06046E+02  2.00000E+01  1.19500E-02  1.19500E-02
b   2    5  2   10  99  3.45422E-01  1.43674E+00  1.71209E+00 -5.54093E-01  2.15317E+00  2.10500E-02  2.10500E-02
b   2    6  2   10  99  3.11553E-01  1.44966E+00  1.53667E+00 -5.72280E-01  2.16878E+00  4.04600E-02  4.04600E-02
b   2    7  2   10  99  3.07215E-01  1.12807E+00  2.29218E+00 -1.13864E+00  3.02566E+00  9.16200E-02  9.16200E-02
b   2    8  2   10  99  2.85866E-01  6.79997E-01  2.71266E+00 -1.54047E+00  3.56942E+00  2.86500E-01  2.86500E-01
b   2    9  2   10  99  5.07682E-01  4.23002E-01  5.07380E+00 -7.71432E-01  4.10087E+00  9.12300E-01  9.12300E-01
b   2    1  2   11  98  0.00000E+00  0.00000E+00  0.00000E+00  0.00000E+00  0.00000E+00  7.04291E-03  1.40858E-04
b   2    2  2   11  99  3.62696E-01  3.28374E-02 -2.84730E+00  1.96361E+01  3.87034E+00  3.31538E-01  3.31538E-01
b   2    1  2   12  98  0.00000E+00  0.00000E+00  0.00000E+00  0.00000E+00  0.00000E+00  1.56255E-02  3.12510E-04
b   2    2  2   12  99  3.72722E-01  1.76826E-01 -3.11264E+00  1.92859E+01  3.82297E+00  7.50800E-02  7.50800E-02
b   2    3  2   12  99  3.62696E-01  3.28374E-02 -2.84730E+00  1.96361E+01  3.87034E+00  3.78900E-01  3.78900E-01
b   2   11  2   12  99  7.77726E-02  1.13529E+00 -1.90132E+01  6.65426E+01  2.00000E+01  1.24220E+00  1.24220E+00
b   2    1  2   13  98  0.00000E+00  0.00000E+00  0.00000E+00  0.00000E+00  0.00000E+00  2.63810E-02  5.27619E-04
b   2    2  2   13  99  3.70367E-01  2.39499E-01 -3.23927E+00  1.91081E+01  3.81913E+00  2.78500E-02  2.78500E-02
b   2    4  2   13  99  3.62696E-01  3.28374E-02 -2.84730E+00  1.96361E+01  3.87034E+00  3.78900E-01  3.78900E-01
b   2   11  2   13  99  1.35020E-01  1.85537E+00 -4.71592E+01  4.35865E+02  2.00000E+01  2.37000E-01  2.37000E-01
b   2   12  2   13  99  1.22877E-01  9.66749E-01 -2.17911E+01  2.39781E+02  2.00000E+01  8.31500E-01  8.31500E-01
b   2    1  2   14  98  0.00000E+00  0.00000E+00  0.00000E+00  0.00000E+00  0.00000E+00  4.02553E-02  8.05106E-04
b   2    2  2   14  99  3.69519E-01  2.61968E-01 -3.24403E+00  1.88660E+01  3.81043E+00  1.34600E-02  1.34600E-02
b   2    5  2   14  99  3.62696E-01  3.28374E-02 -2.84730E+00  1.96361E+01  3.87034E+00  3.78900E-01  3.78900E-01
b   2   11  2   14  99  1.38547E-01  1.97120E+00 -4.36773E+01  3.63103E+02  2.00000E+01  8.94600E-02  8.94600E-02
b   2   12  2   14  99  1.23518E-01  1.46391E+00 -2.08935E+01  1.57288E+02  2.00000E+01  1.50200E-01  1.50200E-01
b   2   13  2   14  99  2.80075E-01  3.86398E-02  1.73225E+00 -6.56542E-01  2.11135E+00  1.03000E+00  1.03000E+00
b   2    1  2   15  98  0.00000E+00  0.00000E+00  0.00000E+00  0.00000E+00  0.00000E+00  5.72221E-02  1.14444E-03
b   2    2  2   15  99  4.13185E-01  3.07507E-01 -3.76101E+00  2.14786E+01  3.82347E+00  6.92500E-03  6.92500E-03
b   2    6  2   15  99  3.62696E-01  3.28374E-02 -2.84730E+00  1.96361E+01  3.87034E+00  3.78900E-01  3.78900E-01
b   2   11  2   15  99  1.45678E-01  2.15731E+00 -4.31649E+01  3.17692E+02  2.00000E+01  4.23800E-02  4.23800E-02
b   2   12  2   15  99  1.40013E-01  1.76640E+00 -2.24178E+01  1.61966E+02  2.00000E+01  5.49900E-02  5.49900E-02
b   2   13  2   15  99  1.46629E-01  1.41958E+00 -1.88756E+01  2.02545E+02  2.00000E+01  1.77100E-01  1.77100E-01
b   2   14  2   15  99  2.44868E-01  1.79458E-01  1.34501E+00 -4.43150E-01  2.05434E+00  1.21900E+00  1.21900E+00
b   2    1  2   16  98  0.00000E+00  0.00000E+00  0.00000E+00  0.00000E+00  0.00000E+00  7.72863E-02  1.54573E-03
b   2    2  2   16  99  4.11774E-01  3.15588E-01 -3.71359E+00  2.10626E+01  3.80353E+00  4.28300E-03  4.28300E-03
b   2    7  2   16  99  3.62696E-01  3.28374E-02 -2.84730E+00  1.96361E+01  3.87034E+00  3.78900E-01  3.78900E-01
b   2   11  2   16  99  1.43918E-01  2.16537E+00 -3.96627E+01  2.59471E+02  2.00000E+01  2.44600E-02  2.44600E-02
b   2   12  2   16  99  1.50428E-01  1.92213E+00 -2.31142E+01  1.70529E+02  2.00000E+01  2.73700E-02  2.73700E-02
b   2   13  2   16  99  1.74823E-01  1.70199E+00 -1.99387E+01  2.34161E+02  2.00000E+01  6.49500E-02  6.49500E-02
b   2   14  2   16  99  2.97684E-01  5.99290E-01  1.70818E+00 -6.89063E-01  2.20472E+00  2.05300E-01  2.05300E-01
b   2   15  2   16  99  2.56128E-01  1.17735E-01  2.08794E+00 -1.04906E+00  2.82096E+00  1.41600E+00  1.41600E+00
b   2    1  2   17  98  0.00000E+00  0.00000E+00  0.00000E+00  0.00000E+00  0.00000E+00  1.00445E-01  2.00890E-03
b   2    2  2   17  99  4.09507E-01  3.27450E-01 -3.74699E+00  2.10199E+01  3.80434E+00  2.83500E-03  2.83500E-03
b   2    8  2   17  99  3.62696E-01  3.28374E-02 -2.84730E+00  1.96361E+01  3.87034E+00  3.78900E-01  3.78900E-01
b   2   11  2   17  99  1.44978E-01  2.18500E+00 -3.85860E+01  2.40628E+02  2.00000E+01  1.55060E-02  1.55060E-02
b   2   12  2   17  99  1.56378E-01  2.02342E+00 -2.31267E+01  1.68177E+02  2.00000E+01  1.59000E-02  1.59000E-02
b   2   13  2   17  99  1.80086E-01  1.94962E+00 -2.01861E+01  2.24909E+02  2.00000E+01  3.21300E-02  3.21300E-02
b   2   14  2   17  99  3.20562E-01  9.61805E-01  1.69183E+00 -6.04504E-01  2.15067E+00  7.41100E-02  7.41100E-02
b   2   15  2   17  99  3.01888E-01  5.95155E-01  2.37124E+00 -1.13722E+00  2.95139E+00  2.33000E-01  2.33000E-01
b   2   16  2   17  99  2.57021E-01  9.83661E-02  2.59414E+00 -1.49910E+00  3.42176E+00  1.60900E+00  1.60900E+00
b   2    1  2   18  98  0.00000E+00  0.00000E+00  0.00000E+00  0.00000E+00  0.00000E+00  1.26692E-01  2.53384E-03
b   2    2  2   18  99  4.09447E-01  3.31601E-01 -3.76380E+00  2.10554E+01  3.80581E+00  1.97300E-03  1.97300E-03
b   2    9  2   18  99  3.62696E-01  3.28374E-02 -2.84730E+00  1.96361E+01  3.87034E+00  3.78900E-01  3.78900E-01
b   2   11  2   18  99  1.44506E-01  2.20429E+00 -3.78376E+01  2.25200E+02  2.00000E+01  1.04860E-02  1.04860E-02
b   2   12  2   18  99  1.58564E-01  2.10209E+00 -2.30879E+01  1.62928E+02  2.00000E+01  1.01600E-02  1.01600E-02
b   2   13  2   18  99  1.82016E-01  2.13177E+00 -2.02819E+01  2.15074E+02  2.00000E+01  1.86500E-02  1.86500E-02
b   2   14  2   18  99  3.36415E-01  1.22524E+00  1.74917E+00 -5.92647E-01  2.20388E+00  3.63800E-02  3.63800E-02
b   2   15  2   18  99  2.96298E-01  1.13033E+00  1.50614E+00 -5.45584E-01  2.17434E+00  8.30200E-02  8.30200E-02
b   2   16  2   18  99  2.82398E-01  6.93252E-01  2.14591E+00 -1.03685E+00  2.94568E+00  2.59900E-01  2.59900E-01
b   2   17  2   18  99  2.41583E-01  1.60568E-01  2.35283E+00 -1.34809E+00  3.40631E+00  1.80100E+00  1.80100E+00
b   2    1  2   19  98  0.00000E+00  0.00000E+00  0.00000E+00  0.00000E+00  0.00000E+00  1.56028E-01  3.12057E-03
b   2    2  2   19  99  4.10086E-01  3.32037E-01 -3.76569E+00  2.10961E+01  3.80834E+00  1.42700E-03  1.42700E-03
b   2   10  2   19  99  3.62696E-01  3.28374E-02 -2.84730E+00  1.96361E+01  3.87034E+00  3.78900E-01  3.78900E-01
b   2   11  2   19  99  1.57885E-01  1.99730E+00 -2.48191E+01  1.36681E+02  1.32007E+01  7.43400E-03  7.43400E-03
b   2   12  2   19  99  1.60558E-01  2.16223E+00 -2.32162E+01  1.61528E+02  2.00000E+01  6.93500E-03  6.93500E-03
b   2   13  2   19  99  1.83005E-01  2.26898E+00 -2.02707E+01  2.06046E+02  2.00000E+01  1.19500E-02  1.19500E-02
b   2   14  2   19  99  3.45422E-01  1.43674E+00  1.71209E+00 -5.54093E-01  2.15317E+00  2.10500E-02  2.10500E-02
b   2   15  2   19  99  3.11553E-01  1.44966E+00  1.53667E+00 -5.72280E-01  2.16878E+00  4.04600E-02  4.04600E-02
b   2   16  2   19  99  3.07215E-01  1.12807E+00  2.29218E+00 -1.13864E+00  3.02566E+00  9.16200E-02  9.16200E-02
b   2   17  2   19  99  2.85866E-01  6.79997E-01  2.71266E+00 -1.54047E+00  3.56942E+00  2.86500E-01  2.86500E-01
b   2   18  2   19  99  5.07682E-01  4.23002E-01  5.07380E+00 -7.71432E-01  4.10087E+00  9.12300E-01  9.12300E-01
f   2    1  1    1  99  2.00000E+00  1.38438E+01
p   2    1  1    1  98  1.87580E+00 -2.59480E+00 -1.40390E-01  8.92290E-03  2.00000E+00  2.42000E+03  2.51700E+03  4.84000E+04
f   2    2  1    1  99  1.00000E+00  1.30620E+01
p   2    2  1    1  99  1.00000E+00  1.30620E+01
f   2    3  1    1  99  1.00000E+00  1.30160E+01
p   2    3  1    1  99  1.00000E+00  1.30160E+01
f   2    4  1    1  99  1.00000E+00  1.30046E+01
p   2    4  1    1  99  1.00000E+00  1.30046E+01
f   2    5  1    1  99  1.00000E+00  1.30030E+01
p   2    5  1    1  99  1.00000E+00  1.30030E+01
f   2    6  1    1  99  1.00000E+00  1.30030E+01
p   2    6  1    1  99  1.00000E+00  1.30030E+01
f   2    7  1    1  99  1.00000E+00  1.30010E+01
p   2    7  1    1  99  1.00000E+00  1.30010E+01
f   2    8  1    1  99  1.00000E+00  1.30001E+01
p   2    8  1    1  99  1.00000E+00  1.30001E+01
f   2    9  1    1  99  1.00000E+00  1.30001E+01
p   2    9  1    1  99  1.00000E+00  1.30001E+01
f   2   10  1    1  99  1.00000E+00  1.30001E+01
p   2   10  1    1  99  1.00000E+00  1.30001E+01
f   2    2  1    2  99  1.00000E+00  1.30620E+01
p   2    2  1    2  98  1.87580E+00 -2.59480E+00 -1.40390E-01  8.92290E-03  2.00000E+00  2.42000E+03  2.51700E+03  4.84000E+04
f   2   11  1    2  99  2.00000E+00  1.36981E+01
p   2   11  1    2  99  2.00000E+00  1.36981E+01
f   2   12  1    2  99  1.00000E+00  1.30960E+01
p   2   12  1    2  99  1.00000E+00  1.30960E+01
f   2   13  1    2  99  1.00000E+00  1.30278E+01
p   2   13  1    2  99  1.00000E+00  1.30278E+01
f   2   14  1    2  99  1.00000E+00  1.30021E+01
p   2   14  1    2  99  1.00000E+00  1.30021E+01
f   2   15  1    2  99  1.00000E+00  1.30120E+01
p   2   15  1    2  99  1.00000E+00  1.30120E+01
f   2   16  1    2  99  1.00000E+00  1.30100E+01
p   2   16  1    2  99  1.00000E+00  1.30100E+01
f   2   17  1    2  99  1.00000E+00  1.30010E+01
p   2   17  1    2  99  1.00000E+00  1.30010E+01
f   2   18  1    2  99  1.00000E+00  1.30010E+01
p   2   18  1    2  99  1.00000E+00  1.30010E+01
f   2   19  1    2  99  1.00000E+00  1.30001E+01
p   2   19  1    2  99  1.00000E+00  1.30001E+01
f   2    3  1    3  99  1.00000E+00  1.30160E+01
p   2    3  1    3  98  1.87580E+00 -2.59480E+00 -1.40390E-01  8.92290E-03  2.00000E+00  2.42000E+03  2.51700E+03  4.84000E+04
f   2   12  1    3  99  1.00000E+00  1.30960E+01
p   2   12  1    3  99  1.00000E+00  1.30960E+01
f   2    4  1    4  99  1.00000E+00  1.30046E+01
p   2    4  1    4  98  1.87580E+00 -2.59480E+00 -1.40390E-01  8.92290E-03  2.00000E+00  2.42000E+03  2.51700E+03  4.84000E+04
f   2   13  1    4  99  1.00000E+00  1.30278E+01
p   2   13  1    4  99  1.00000E+00  1.30278E+01
f   2    5  1    5  99  1.00000E+00  1.30030E+01
p   2    5  1    5  98  1.87580E+00 -2.59480E+00 -1.40390E-01  8.92290E-03  2.00000E+00  2.42000E+03  2.51700E+03  4.84000E+04
f   2   14  1    5  99  1.00000E+00  1.30021E+01
p   2   14  1    5  99  1.00000E+00  1.30021E+01
f   2    6  1    6  99  1.00000E+00  1.30030E+01
p   2    6  1    6  98  1.87580E+00 -2.59480E+00 -1.40390E-01  8.92290E-03  2.00000E+00  2.42000E+03  2.51700E+03  4.84000E+04
f   2   15  1    6  99  1.00000E+00  1.30120E+01
p   2   15  1    6  99  1.00000E+00  1.30120E+01
f   2    7  1    7  99  1.00000E+00  1.30010E+01
p   2    7  1    7  98  1.87580E+00 -2.59480E+00 -1.40390E-01  8.92290E-03  2.00000E+00  2.42000E+03  2.51700E+03  4.84000E+04
f   2   16  1    7  99  1.00000E+00  1.30100E+01
p   2   16  1    7  99  1.00000E+00  1.30100E+01
f   2    8  1    8  99  1.00000E+00  1.30001E+01
p   2    8  1    8  98  1.87580E+00 -2.59480E+00 -1.40390E-01  8.92290E-03  2.00000E+00  2.42000E+03  2.51700E+03  4.84000E+04
f   2   17  1    8  99  1.00000E+00  1.30010E+01
p   2   17  1    8  99  1.00000E+00  1.30010E+01
f   2    9  1    9  99  1.00000E+00  1.30001E+01
p   2    9  1    9  98  1.87580E+00 -2.59480E+00 -1.40390E-01  8.92290E-03  2.00000E+00  2.42000E+03  2.51700E+03  4.84000E+04
f   2   18  1    9  99  1.00000E+00  1.30010E+01
p   2   18  1    9  99  1.00000E+00  1.30010E+01
f   2   10  1   10  99  1.00000E+00  1.30001E+01
p   2   10  1   10  98  1.87580E+00 -2.59480E+00 -1.40390E-01  8.92290E-03  2.00000E+00  2.42000E+03  2.51700E+03  4.84000E+04
f   2   19  1   10  99  1.00000E+00  1.30001E+01
p   2   19  1   10  99  1.00000E+00  1.30001E+01
a   2   11  1    1   9.52060E+13
a   2   12  1    1   1.01600E+13
a   2   13  1    1   2.39820E+12
a   2   14  1    1   7.83900E+11
a   2   15  1    1   3.16110E+11
a   2   16  1    1   1.46250E+11
a   2   17  1    1   7.50140E+10
a   2   18  1    1   4.16280E+10
a   2   19  1    1   2.45810E+10
b   3    1  3    2  99  8.09971E-02  8.49793E-01 -5.94634E+00  1.78665E+01  7.36452E+00  6.03100E-01  6.03100E-01
b   3    1  3    3  99  1.51247E-01  1.88926E+00 -5.40354E+01  5.68797E+02  2.00000E+01  1.17000E-01  1.17000E-01
b   3    2  3    3  99  1.30787E-01  9.10862E-01 -2.06961E+01  2.46635E+02  2.00000E+01  8.23000E-01  8.23000E-01
b   3    1  3    4  99  1.51247E-01  1.99770E+00 -4.95861E+01  4.76506E+02  2.00000E+01  4.44300E-02  4.44300E-02
b   3    2  3    4  99  1.18588E-01  1.43163E+00 -1.83749E+01  1.25326E+02  2.00000E+01  1.49400E-01  1.49400E-01
b   3    3  3    4  99  2.69825E-01  8.30246E-02  1.60555E+00 -5.74607E-01  2.09526E+00  1.02400E+00  1.02400E+00
b   3    1  3    5  99  1.59875E-01  2.18159E+00 -4.86863E+01  4.26413E+02  2.00000E+01  2.09400E-02  2.09400E-02
b   3    2  3    5  99  1.41277E-01  1.73042E+00 -2.10588E+01  1.57326E+02  2.00000E+01  5.46400E-02  5.46400E-02
b   3    3  3    5  99  3.22122E-01  4.77196E-01  1.81007E+00 -5.97773E-01  2.14628E+00  1.76200E-01  1.76200E-01
b   3    4  3    5  99  2.72916E-01  6.23331E-02  2.27351E+00 -1.17805E+00  2.80170E+00  1.21400E+00  1.21400E+00
b   3    1  3    6  99  1.58476E-01  2.20160E+00 -4.60214E+01  3.80015E+02  2.00000E+01  1.21100E-02  1.21100E-02
b   3    2  3    6  99  1.47392E-01  1.89866E+00 -2.14860E+01  1.54469E+02  2.00000E+01  2.72400E-02  2.72400E-02
b   3    3  3    6  99  1.63378E-01  1.73124E+00 -1.84871E+01  1.99725E+02  2.00000E+01  6.46800E-02  6.46800E-02
b   3    4  3    6  99  2.87655E-01  6.47489E-01  1.55039E+00 -5.52977E-01  2.15519E+00  2.04600E-01  2.04600E-01
b   3    5  3    6  99  2.49717E-01  1.52437E-01  1.99587E+00 -1.00440E+00  2.81532E+00  1.41300E+00  1.41300E+00
b   3    1  3    7  99  1.64375E-01  2.27786E+00 -4.90033E+01  4.21054E+02  2.00000E+01  7.68400E-03  7.68400E-03
b   3    2  3    7  99  1.53945E-01  2.00025E+00 -2.18465E+01  1.59194E+02  2.00000E+01  1.58400E-02  1.58400E-02
b   3    3  3    7  99  1.86812E-01  1.90372E+00 -1.93563E+01  2.35253E+02  2.00000E+01  3.20200E-02  3.20200E-02
b   3    4  3    7  99  3.11780E-01  9.97369E-01  1.65308E+00 -6.66782E-01  2.15092E+00  7.39000E-02  7.39000E-02
b   3    5  3    7  99  2.94112E-01  6.32000E-01  2.29554E+00 -1.16337E+00  2.95749E+00  2.32500E-01  2.32500E-01
b   3    6  3    7  99  2.49885E-01  1.38480E-01  2.44295E+00 -1.40366E+00  3.38406E+00  1.60700E+00  1.60700E+00
b   3    1  3    8  99  1.61214E-01  2.26761E+00 -4.63010E+01  3.77383E+02  2.00000E+01  5.20000E-03  5.20000E-03
b   3    2  3    8  99  1.57598E-01  2.07497E+00 -2.20935E+01  1.61207E+02  2.00000E+01  1.01300E-02  1.01300E-02
b   3    3  3    8  99  1.89152E-01  2.08384E+00 -1.95181E+01  2.27571E+02  2.00000E+01  1.86000E-02  1.86000E-02
b   3    4  3    8  99  3.26010E-01  1.26730E+00  1.65466E+00 -6.07044E-01  2.14642E+00  3.62900E-02  3.62900E-02
b   3    5  3    8  99  2.87476E-01  1.16950E+00  1.42513E+00 -5.01482E-01  2.19185E+00  8.28700E-02  8.28700E-02
b   3    6  3    8  99  2.75349E-01  7.29226E-01  2.04976E+00 -9.66341E-01  2.96040E+00  2.59500E-01  2.59500E-01
b   3    7  3    8  99  2.39477E-01  1.75798E-01  2.44817E+00 -4.31323E-01  4.11809E+00  1.80000E+00  1.80000E+00
b   3    1  3    9  99  1.60248E-01  2.27230E+00 -4.52126E+01  3.58760E+02  2.00000E+01  3.68800E-03  3.68800E-03
b   3    2  3    9  99  1.59141E-01  2.13013E+00 -2.19398E+01  1.56035E+02  2.00000E+01  6.91700E-03  6.91700E-03
b   3    3  3    9  99  1.89780E-01  2.21973E+00 -1.94559E+01  2.17852E+02  2.00000E+01  1.19200E-02  1.19200E-02
b   3    4  3    9  99  3.35722E-01  1.47354E+00  1.65852E+00 -5.73277E-01  2.15104E+00  2.10100E-02  2.10100E-02
b   3    5  3    9  99  3.03932E-01  1.48176E+00  1.48938E+00 -5.28094E-01  2.21559E+00  4.04000E-02  4.04000E-02
b   3    6  3    9  99  2.99132E-01  1.16797E+00  2.15151E+00 -1.02454E+00  2.98511E+00  9.15100E-02  9.15100E-02
b   3    7  3    9  99  2.79147E-01  7.15632E-01  2.60111E+00 -1.48337E+00  3.56077E+00  2.86200E-01  2.86200E-01
b   3    8  3    9  99  4.89234E-01  4.89054E-01  4.73371E+00 -5.86082E-01  4.08571E+00  9.24500E-01  9.24500E-01
b   3    1  3   10  99  3.92752E-01  3.37365E-02 -3.09378E+00  2.13635E+01  3.87486E+00  5.89050E-01  5.89050E-01
b   3    1  3   11  99  3.75750E-01  1.66670E-01 -3.11110E+00  1.95113E+01  3.83082E+00  1.36800E-01  1.36800E-01
b   3    2  3   11  99  3.92752E-01  3.37365E-02 -3.09378E+00  2.13635E+01  3.87486E+00  6.73200E-01  6.73200E-01
b   3   10  3   11  99  8.09971E-02  8.49793E-01 -5.94634E+00  1.78665E+01  7.36452E+00  1.20620E+00  1.20620E+00
b   3    1  3   12  99  3.74736E-01  2.12976E-01 -3.13753E+00  1.90433E+01  3.80805E+00  5.12200E-02  5.12200E-02
b   3    3  3   12  99  3.92752E-01  3.37365E-02 -3.09378E+00  2.13635E+01  3.87486E+00  6.73200E-01  6.73200E-01
b   3   10  3   12  99  1.51247E-01  1.88926E+00 -5.40354E+01  5.68797E+02  2.00000E+01  2.34000E-01  2.34000E-01
b   3   11  3   12  99  1.30787E-01  9.10862E-01 -2.06961E+01  2.46635E+02  2.00000E+01  8.23000E-01  8.23000E-01
b   3    1  3   13  99  3.70369E-01  2.41893E-01 -3.20018E+00  1.89328E+01  3.81317E+00  2.48400E-02  2.48400E-02
b   3    4  3   13  99  3.92752E-01  3.37365E-02 -3.09378E+00  2.13635E+01  3.87486E+00  6.73200E-01  6.73200E-01
b   3   10  3   13  99  1.51247E-01  1.99770E+00 -4.95861E+01  4.76506E+02  2.00000E+01  8.88600E-02  8.88600E-02
b   3   11  3   13  99  1.18588E-01  1.43163E+00 -1.83749E+01  1.25326E+02  2.00000E+01  1.49400E-01  1.49400E-01
b   3   12  3   13  99  2.69825E-01  8.30246E-02  1.60555E+00 -5.74607E-01  2.09526E+00  1.02400E+00  1.02400E+00
b   3    1  3   14  99  4.16840E-01  2.75662E-01 -3.69433E+00  2.16026E+01  3.81994E+00  1.28260E-02  1.28260E-02
b   3    5  3   14  99  3.92752E-01  3.37365E-02 -3.09378E+00  2.13635E+01  3.87486E+00  6.73200E-01  6.73200E-01
b   3   10  3   14  99  1.59875E-01  2.18159E+00 -4.86863E+01  4.26413E+02  2.00000E+01  4.18800E-02  4.18800E-02
b   3   11  3   14  99  1.41277E-01  1.73042E+00 -2.10588E+01  1.57326E+02  2.00000E+01  5.46400E-02  5.46400E-02
b   3   12  3   14  99  3.22122E-01  4.77196E-01  1.81007E+00 -5.97773E-01  2.14628E+00  1.76200E-01  1.76200E-01
b   3   13  3   14  99  2.72916E-01  6.23331E-02  2.27351E+00 -1.17805E+00  2.80170E+00  1.21400E+00  1.21400E+00
b   3    1  3   15  99  4.13822E-01  2.82696E-01 -3.65341E+00  2.12217E+01  3.80690E+00  7.93800E-03  7.93800E-03
b   3    6  3   15  99  3.92752E-01  3.37365E-02 -3.09378E+00  2.13635E+01  3.87486E+00  6.73200E-01  6.73200E-01
b   3   10  3   15  99  1.58476E-01  2.20160E+00 -4.60214E+01  3.80015E+02  2.00000E+01  2.42200E-02  2.42200E-02
b   3   11  3   15  99  1.47392E-01  1.89866E+00 -2.14860E+01  1.54469E+02  2.00000E+01  2.72400E-02  2.72400E-02
b   3   12  3   15  99  1.63378E-01  1.73124E+00 -1.84871E+01  1.99725E+02  2.00000E+01  6.46800E-02  6.46800E-02
b   3   13  3   15  99  2.87655E-01  6.47489E-01  1.55039E+00 -5.52977E-01  2.15519E+00  2.04600E-01  2.04600E-01
b   3   14  3   15  99  2.49717E-01  1.52437E-01  1.99587E+00 -1.00440E+00  2.81532E+00  1.41300E+00  1.41300E+00
b   3    1  3   16  99  4.11706E-01  2.91775E-01 -3.71112E+00  2.13934E+01  3.82173E+00  5.25600E-03  5.25600E-03
b   3    7  3   16  99  3.92752E-01  3.37365E-02 -3.09378E+00  2.13635E+01  3.87486E+00  6.73200E-01  6.73200E-01
b   3   10  3   16  99  1.64375E-01  2.27786E+00 -4.90033E+01  4.21054E+02  2.00000E+01  1.53680E-02  1.53680E-02
b   3   11  3   16  99  1.53945E-01  2.00025E+00 -2.18465E+01  1.59194E+02  2.00000E+01  1.58400E-02  1.58400E-02
b   3   12  3   16  99  1.86812E-01  1.90372E+00 -1.93563E+01  2.35253E+02  2.00000E+01  3.20200E-02  3.20200E-02
b   3   13  3   16  99  3.11780E-01  9.97369E-01  1.65308E+00 -6.66782E-01  2.15092E+00  7.39000E-02  7.39000E-02
b   3   14  3   16  99  2.94112E-01  6.32000E-01  2.29554E+00 -1.16337E+00  2.95749E+00  2.32500E-01  2.32500E-01
b   3   15  3   16  99  2.49885E-01  1.38480E-01  2.44295E+00 -1.40366E+00  3.38406E+00  1.60700E+00  1.60700E+00
b   3    1  3   17  99  4.08992E-01  2.98375E-01 -3.69865E+00  2.11614E+01  3.81428E+00  3.65800E-03  3.65800E-03
b   3    8  3   17  99  3.92752E-01  3.37365E-02 -3.09378E+00  2.13635E+01  3.87486E+00  6.73200E-01  6.73200E-01
b   3   10  3   17  99  1.61214E-01  2.26761E+00 -4.63010E+01  3.77383E+02  2.00000E+01  1.04000E-02  1.04000E-02
b   3   11  3   17  99  1.57598E-01  2.07497E+00 -2.20935E+01  1.61207E+02  2.00000E+01  1.01300E-02  1.01300E-02
b   3   12  3   17  99  1.89152E-01  2.08384E+00 -1.95181E+01  2.27571E+02  2.00000E+01  1.86000E-02  1.86000E-02
b   3   13  3   17  99  3.26010E-01  1.26730E+00  1.65466E+00 -6.07044E-01  2.14642E+00  3.62900E-02  3.62900E-02
b   3   14  3   17  99  2.87476E-01  1.16950E+00  1.42513E+00 -5.01482E-01  2.19185E+00  8.28700E-02  8.28700E-02
b   3   15  3   17  99  2.75349E-01  7.29226E-01  2.04976E+00 -9.66341E-01  2.96040E+00  2.59500E-01  2.59500E-01
b   3   16  3   17  99  2.39477E-01  1.75798E-01  2.44817E+00 -4.31323E-01  4.11809E+00  1.80000E+00  1.80000E+00
b   3    1  3   18  99  4.09150E-01  2.96229E-01 -3.66522E+00  2.10409E+01  3.81073E+00  2.64600E-03  2.64600E-03
b   3    9  3   18  99  3.92752E-01  3.37365E-02 -3.09378E+00  2.13635E+01  3.87486E+00  6.73200E-01  6.73200E-01
b   3   10  3   18  99  1.60248E-01  2.27230E+00 -4.52126E+01  3.58760E+02  2.00000E+01  7.37600E-03  7.37600E-03
b   3   11  3   18  99  1.59141E-01  2.13013E+00 -2.19398E+01  1.56035E+02  2.00000E+01  6.91700E-03  6.91700E-03
b   3   12  3   18  99  1.89780E-01  2.21973E+00 -1.94559E+01  2.17852E+02  2.00000E+01  1.19200E-02  1.19200E-02
b   3   13  3   18  99  3.35722E-01  1.47354E+00  1.65852E+00 -5.73277E-01  2.15104E+00  2.10100E-02  2.10100E-02
b   3   14  3   18  99  3.03932E-01  1.48176E+00  1.48938E+00 -5.28094E-01  2.21559E+00  4.04000E-02  4.04000E-02
b   3   15  3   18  99  2.99132E-01  1.16797E+00  2.15151E+00 -1.02454E+00  2.98511E+00  9.15100E-02  9.15100E-02
b   3   16  3   18  99  2.79147E-01  7.15632E-01  2.60111E+00 -1.48337E+00  3.56077E+00  2.86200E-01  2.86200E-01
b   3   17  3   18  99  4.89234E-01  4.89054E-01  4.73371E+00 -5.86082E-01  4.08571E+00  9.24500E-01  9.24500E-01
f   3    1  2    1  99  1.00000E+00  1.21240E+01
p   3    1  2    1  98  1.20910E+00 -2.73220E+00 -2.90040E-02 -3.22110E-03  1.00000E+00  5.24700E+02  5.45600E+02  1.04900E+04
f   3    2  2    1  99  1.00000E+00  1.20320E+01
p   3    2  2    1  99  1.00000E+00  1.20320E+01
f   3    3  2    1  99  1.00000E+00  1.20092E+01
p   3    3  2    1  99  1.00000E+00  1.20092E+01
f   3    4  2    1  99  1.00000E+00  1.20060E+01
p   3    4  2    1  99  1.00000E+00  1.20060E+01
f   3    5  2    1  99  1.00000E+00  1.20060E+01
p   3    5  2    1  99  1.00000E+00  1.20060E+01
f   3    6  2    1  99  1.00000E+00  1.20020E+01
p   3    6  2    1  99  1.00000E+00  1.20020E+01
f   3    7  2    1  99  1.00000E+00  1.20002E+01
p   3    7  2    1  99  1.00000E+00  1.20002E+01
f   3    8  2    1  99  1.00000E+00  1.20002E+01
p   3    8  2    1  99  1.00000E+00  1.20002E+01
f   3    9  2    1  99  1.00000E+00  1.20002E+01
p   3    9  2    1  99  1.00000E+00  1.20002E+01
f   3    1  2    2  99  2.00000E+00  1.21240E+01
p   3    1  2    2  98  1.96580E+00 -2.55660E+00 -1.74130E-01  1.61010E-02  2.00000E+00  2.32500E+03  2.41800E+03  4.64900E+04
f   3   10  2    2  99  2.00000E+00  1.27601E+01
p   3   10  2    2  98  1.20910E+00 -2.73220E+00 -2.90040E-02 -3.22110E-03  1.00000E+00  5.24700E+02  5.45600E+02  1.04900E+04
f   3   11  2    2  99  1.00000E+00  1.21120E+01
p   3   11  2    2  99  1.00000E+00  1.21120E+01
f   3   12  2    2  99  1.00000E+00  1.20324E+01
p   3   12  2    2  99  1.00000E+00  1.20324E+01
f   3   13  2    2  99  1.00000E+00  1.20051E+01
p   3   13  2    2  99  1.00000E+00  1.20051E+01
f   3   14  2    2  99  1.00000E+00  1.20150E+01
p   3   14  2    2  99  1.00000E+00  1.20150E+01
f   3   15  2    2  99  1.00000E+00  1.20110E+01
p   3   15  2    2  99  1.00000E+00  1.20110E+01
f   3   16  2    2  99  1.00000E+00  1.20011E+01
p   3   16  2    2  99  1.00000E+00  1.20011E+01
f   3   17  2    2  99  1.00000E+00  1.20011E+01
p   3   17  2    2  99  1.00000E+00  1.20011E+01
f   3   18  2    2  99  1.00000E+00  1.20002E+01
p   3   18  2    2  99  1.00000E+00  1.20002E+01
f   3    2  2    3  99  2.00000E+00  1.20320E+01
p   3    2  2    3  98  1.96580E+00 -2.55660E+00 -1.74130E-01  1.61010E-02  2.00000E+00  2.32500E+03  2.41800E+03  4.64900E+04
f   3   11  2    3  99  1.00000E+00  1.21120E+01
p   3   11  2    3  98  1.20910E+00 -2.73220E+00 -2.90040E-02 -3.22110E-03  1.00000E+00  5.24700E+02  5.45600E+02  1.04900E+04
f   3    3  2    4  99  2.00000E+00  1.20092E+01
p   3    3  2    4  98  1.96580E+00 -2.55660E+00 -1.74130E-01  1.61010E-02  2.00000E+00  2.32500E+03  2.41800E+03  4.64900E+04
f   3   12  2    4  99  1.00000E+00  1.20324E+01
p   3   12  2    4  98  1.20910E+00 -2.73220E+00 -2.90040E-02 -3.22110E-03  1.00000E+00  5.24700E+02  5.45600E+02  1.04900E+04
f   3    4  2    5  99  2.00000E+00  1.20060E+01
p   3    4  2    5  98  1.96580E+00 -2.55660E+00 -1.74130E-01  1.61010E-02  2.00000E+00  2.32500E+03  2.41800E+03  4.64900E+04
f   3   13  2    5  99  1.00000E+00  1.20051E+01
p   3   13  2    5  98  1.20910E+00 -2.73220E+00 -2.90040E-02 -3.22110E-03  1.00000E+00  5.24700E+02  5.45600E+02  1.04900E+04
f   3    5  2    6  99  2.00000E+00  1.20060E+01
p   3    5  2    6  98  1.96580E+00 -2.55660E+00 -1.74130E-01  1.61010E-02  2.00000E+00  2.32500E+03  2.41800E+03  4.64900E+04
f   3   14  2    6  99  1.00000E+00  1.20150E+01
p   3   14  2    6  98  1.20910E+00 -2.73220E+00 -2.90040E-02 -3.22110E-03  1.00000E+00  5.24700E+02  5.45600E+02  1.04900E+04
f   3    6  2    7  99  2.00000E+00  1.20020E+01
p   3    6  2    7  98  1.96580E+00 -2.55660E+00 -1.74130E-01  1.61010E-02  2.00000E+00  2.32500E+03  2.41800E+03  4.64900E+04
f   3   15  2    7  99  1.00000E+00  1.20110E+01
p   3   15  2    7  98  1.20910E+00 -2.73220E+00 -2.90040E-02 -3.22110E-03  1.00000E+00  5.24700E+02  5.45600E+02  1.04900E+04
f   3    7  2    8  99  2.00000E+00  1.20002E+01
p   3    7  2    8  98  1.96580E+00 -2.55660E+00 -1.74130E-01  1.61010E-02  2.00000E+00  2.32500E+03  2.41800E+03  4.64900E+04
f   3   16  2    8  99  1.00000E+00  1.20011E+01
p   3   16  2    8  98  1.20910E+00 -2.73220E+00 -2.90040E-02 -3.22110E-03  1.00000E+00  5.24700E+02  5.45600E+02  1.04900E+04
f   3    8  2    9  99  2.00000E+00  1.20002E+01
p   3    8  2    9  98  1.96580E+00 -2.55660E+00 -1.74130E-01  1.61010E-02  2.00000E+00  2.32500E+03  2.41800E+03  4.64900E+04
f   3   17  2    9  99  1.00000E+00  1.20011E+01
p   3   17  2    9  98  1.20910E+00 -2.73220E+00 -2.90040E-02 -3.22110E-03  1.00000E+00  5.24700E+02  5.45600E+02  1.04900E+04
f   3    9  2   10  99  2.00000E+00  1.20002E+01
p   3    9  2   10  98  1.96580E+00 -2.55660E+00 -1.74130E-01  1.61010E-02  2.00000E+00  2.32500E+03  2.41800E+03  4.64900E+04
f   3   18  2   10  99  1.00000E+00  1.20002E+01
p   3   18  2   10  98  1.20910E+00 -2.73220E+00 -2.90040E-02 -3.22110E-03  1.00000E+00  5.24700E+02  5.45600E+02  1.04900E+04
f   3   10  2   11  99  1.00000E+00  1.27601E+01
p   3   10  2   11  98  1.96580E+00 -2.55660E+00 -1.74130E-01  1.61010E-02  2.00000E+00  2.32500E+03  2.41800E+03  4.64900E+04
f   3   11  2   12  99  1.00000E+00  1.21120E+01
p   3   11  2   12  98  1.96580E+00 -2.55660E+00 -1.74130E-01  1.61010E-02  2.00000E+00  2.32500E+03  2.41800E+03  4.64900E+04
f   3   12  2   13  99  1.00000E+00  1.20324E+01
p   3   12  2   13  98  1.96580E+00 -2.55660E+00 -1.74130E-01  1.61010E-02  2.00000E+00  2.32500E+03  2.41800E+03  4.64900E+04
f   3   13  2   14  99  1.00000E+00  1.20051E+01
p   3   13  2   14  98  1.96580E+00 -2.55660E+00 -1.74130E-01  1.61010E-02  2.00000E+00  2.32500E+03  2.41800E+03  4.64900E+04
f   3   14  2   15  99  1.00000E+00  1.20150E+01
p   3   14  2   15  98  1.96580E+00 -2.55660E+00 -1.74130E-01  1.61010E-02  2.00000E+00  2.32500E+03  2.41800E+03  4.64900E+04
f   3   15  2   16  99  1.00000E+00  1.20110E+01
p   3   15  2   16  98  1.96580E+00 -2.55660E+00 -1.74130E-01  1.61010E-02  2.00000E+00  2.32500E+03  2.41800E+03  4.64900E+04
f   3   16  2   17  99  1.00000E+00  1.20011E+01
p   3   16  2   17  98  1.96580E+00 -2.55660E+00 -1.74130E-01  1.61010E-02  2.00000E+00  2.32500E+03  2.41800E+03  4.64900E+04
f   3   17  2   18  99  1.00000E+00  1.20011E+01
p   3   17  2   18  98  1.96580E+00 -2.55660E+00 -1.74130E-01  1.61010E-02  2.00000E+00  2.32500E+03  2.41800E+03  4.64900E+04
f   3   18  2   19  99  1.00000E+00  1.20002E+01
p   3   18  2   19  98  1.96580E+00 -2.55660E+00 -1.74130E-01  1.61010E-02  2.00000E+00  2.32500E+03  2.41800E+03  4.64900E+04
a   3   10  2    1   4.01720E+13
a   3   11  2    1   4.25300E+12
a   3   12  2    1   9.94650E+11
a   3   13  2    1   3.24010E+11
a   3   14  2    1   1.30145E+11
a   3   15  2    1   6.02150E+10
a   3   16  2    1   3.08840E+10
a   3   17  2    1   1.71385E+10
a   3   18  2    1   1.01200E+10
b   4    1  4    2  99  1.16646E-01  1.23993E+00 -3.11913E+01  2.92138E+02  2.00000E+01  1.06920E+00  1.06920E+00
b   4    1  4    3  99  1.08116E-01  1.45687E+00 -2.36451E+01  1.17222E+02  2.00000E+01  2.25600E-01  2.25600E-01
b   4    2  4    3  99  1.15747E-01  9.19491E-01 -1.87595E+01  2.04134E+02  2.00000E+01  7.91600E-01  7.91600E-01
b   4    1  4    4  99  1.56810E-01  1.95102E+00 -5.34466E+01  5.60564E+02  2.00000E+01  8.80000E-02  8.80000E-02
b   4    2  4    4  99  1.44264E-01  1.29947E+00 -2.11258E+01  2.23002E+02  2.00000E+01  1.50800E-01  1.50800E-01
b   4    3  4    4  99  2.51466E-01  1.23806E-01  1.45351E+00 -5.07772E-01  2.08936E+00  1.00600E+00  1.00600E+00
b   4    1  4    5  99  1.65485E-01  2.17127E+00 -5.28784E+01  5.06509E+02  2.00000E+01  4.05600E-02  4.05600E-02
b   4    2  4    5  99  1.39425E-01  1.74984E+00 -2.04633E+01  1.35681E+02  2.00000E+01  5.35300E-02  5.35300E-02
b   4    3  4    5  99  3.19178E-01  4.92547E-01  1.81992E+00 -6.51756E-01  2.16247E+00  1.73300E-01  1.73300E-01
b   4    4  4    5  99  2.66922E-01  1.00300E-01  2.18231E+00 -1.10399E+00  2.80852E+00  1.17900E+00  1.17900E+00
b   4    1  4    6  99  1.63622E-01  2.17974E+00 -5.03435E+01  4.64584E+02  2.00000E+01  2.36000E-02  2.36000E-02
b   4    2  4    6  99  1.48290E-01  1.89286E+00 -2.10809E+01  1.42101E+02  2.00000E+01  2.69800E-02  2.69800E-02
b   4    3  4    6  99  1.58993E-01  1.72377E+00 -1.78284E+01  1.86861E+02  2.00000E+01  6.46200E-02  6.46200E-02
b   4    4  4    6  99  2.79422E-01  6.84873E-01  1.46023E+00 -5.02191E-01  2.14841E+00  2.02100E-01  2.02100E-01
b   4    5  4    6  99  2.63249E-01  9.51552E-02  2.65181E+00 -1.53288E+00  3.41827E+00  1.38900E+00  1.38900E+00
b   4    1  4    7  99  1.65243E-01  2.21358E+00 -5.07303E+01  4.67590E+02  2.00000E+01  1.50440E-02  1.50440E-02
b   4    2  4    7  99  1.54811E-01  1.98700E+00 -2.16264E+01  1.50218E+02  2.00000E+01  1.57900E-02  1.57900E-02
b   4    3  4    7  99  1.70157E-01  1.92862E+00 -1.83482E+01  1.95328E+02  2.00000E+01  3.22700E-02  3.22700E-02
b   4    4  4    7  99  3.03431E-01  1.02130E+00  1.55863E+00 -5.71689E-01  2.14801E+00  7.37600E-02  7.37600E-02
b   4    5  4    7  99  2.86370E-01  6.68665E-01  2.18957E+00 -1.10106E+00  2.94340E+00  2.30600E-01  2.30600E-01
b   4    6  4    7  99  2.45162E-01  1.67945E-01  2.38427E+00 -1.37238E+00  3.41614E+00  1.58800E+00  1.58800E+00
b   4    1  4    8  99  1.65617E-01  2.22625E+00 -5.03142E+01  4.60083E+02  2.00000E+01  1.02100E-02  1.02100E-02
b   4    2  4    8  99  1.59919E-01  2.05279E+00 -2.21578E+01  1.59451E+02  2.00000E+01  1.01400E-02  1.01400E-02
b   4    3  4    8  99  1.76373E-01  2.08191E+00 -1.88074E+01  2.00662E+02  2.00000E+01  1.88400E-02  1.88400E-02
b   4    4  4    8  99  3.18315E-01  1.27033E+00  1.63865E+00 -6.18671E-01  2.19986E+00  3.64600E-02  3.64600E-02
b   4    5  4    8  99  3.08873E-01  1.06298E+00  2.28768E+00 -1.11303E+00  2.99192E+00  8.27200E-02  8.27200E-02
b   4    6  4    8  99  2.87023E-01  6.76588E-01  2.69162E+00 -1.51434E+00  3.54052E+00  2.57600E-01  2.57600E-01
b   4    7  4    8  99  2.33443E-01  2.13042E-01  2.30614E+00 -3.39620E-01  4.09779E+00  1.78400E+00  1.78400E+00
b   4    1  4    9  99  1.64683E-01  2.22122E+00 -4.89988E+01  4.39692E+02  2.00000E+01  7.25400E-03  7.25400E-03
b   4    2  4    9  99  1.63494E-01  2.10383E+00 -2.26124E+01  1.66599E+02  2.00000E+01  6.94000E-03  6.94000E-03
b   4    3  4    9  99  1.81611E-01  2.18819E+00 -1.88056E+01  2.00964E+02  2.00000E+01  1.21200E-02  1.21200E-02
b   4    4  4    9  99  3.27569E-01  1.46653E+00  1.63822E+00 -6.05356E-01  2.17649E+00  2.12000E-02  2.12000E-02
b   4    5  4    9  99  2.93615E-01  1.50466E+00  1.38295E+00 -4.86694E-01  2.16725E+00  4.05100E-02  4.05100E-02
b   4    6  4    9  99  2.91351E-01  1.20000E+00  2.05059E+00 -9.90712E-01  2.95432E+00  9.12100E-02  9.12100E-02
b   4    7  4    9  99  2.72516E-01  7.51979E-01  2.49560E+00 -1.39643E+00  3.57842E+00  2.84400E-01  2.84400E-01
b   4    8  4    9  99  4.40707E-01  4.97896E-01  4.21374E+00 -5.98053E-01  4.07397E+00  1.00400E+00  1.00400E+00
b   4    1  4   10  98  0.00000E+00  0.00000E+00  0.00000E+00  0.00000E+00  0.00000E+00  3.34044E-03  6.68087E-05
b   4    2  4   10  99  1.16646E-01  1.23993E+00 -3.11913E+01  2.92138E+02  2.00000E+01  5.04900E-01  5.04900E-01
b   4    1  4   11  98  0.00000E+00  0.00000E+00  0.00000E+00  0.00000E+00  0.00000E+00  4.92602E-03  9.85204E-05
b   4    2  4   11  99  1.08116E-01  1.45687E+00 -2.36451E+01  1.17222E+02  2.00000E+01  1.12800E-01  1.12800E-01
b   4    3  4   11  99  1.16646E-01  1.23993E+00 -3.11913E+01  2.92138E+02  2.00000E+01  5.34600E-01  5.34600E-01
b   4   10  4   11  99  1.15747E-01  9.19491E-01 -1.87595E+01  2.04134E+02  2.00000E+01  1.58320E+00  1.58320E+00
b   4    1  4   12  98  0.00000E+00  0.00000E+00  0.00000E+00  0.00000E+00  0.00000E+00  6.92814E-03  1.38563E-04
b   4    2  4   12  99  1.56810E-01  1.95102E+00 -5.34466E+01  5.60564E+02  2.00000E+01  4.40000E-02  4.40000E-02
b   4    4  4   12  99  1.16646E-01  1.23993E+00 -3.11913E+01  2.92138E+02  2.00000E+01  5.34600E-01  5.34600E-01
b   4   10  4   12  99  1.44264E-01  1.29947E+00 -2.11258E+01  2.23002E+02  2.00000E+01  3.01600E-01  3.01600E-01
b   4   11  4   12  99  2.51466E-01  1.23806E-01  1.45351E+00 -5.07772E-01  2.08936E+00  1.00600E+00  1.00600E+00
b   4    1  4   13  98  0.00000E+00  0.00000E+00  0.00000E+00  0.00000E+00  0.00000E+00  9.44476E-03  1.88895E-04
b   4    2  4   13  99  1.65485E-01  2.17127E+00 -5.28784E+01  5.06509E+02  2.00000E+01  2.02800E-02  2.02800E-02
b   4    5  4   13  99  1.16646E-01  1.23993E+00 -3.11913E+01  2.92138E+02  2.00000E+01  5.34600E-01  5.34600E-01
b   4   10  4   13  99  1.39425E-01  1.74984E+00 -2.04633E+01  1.35681E+02  2.00000E+01  1.07060E-01  1.07060E-01
b   4   11  4   13  99  3.19178E-01  4.92547E-01  1.81992E+00 -6.51756E-01  2.16247E+00  1.73300E-01  1.73300E-01
b   4   12  4   13  99  2.66922E-01  1.00300E-01  2.18231E+00 -1.10399E+00  2.80852E+00  1.17900E+00  1.17900E+00
b   4    1  4   14  98  0.00000E+00  0.00000E+00  0.00000E+00  0.00000E+00  0.00000E+00  1.24396E-02  2.48793E-04
b   4    2  4   14  99  1.63622E-01  2.17974E+00 -5.03435E+01  4.64584E+02  2.00000E+01  1.18000E-02  1.18000E-02
b   4    6  4   14  99  1.16646E-01  1.23993E+00 -3.11913E+01  2.92138E+02  2.00000E+01  5.34600E-01  5.34600E-01
b   4   10  4   14  99  1.48290E-01  1.89286E+00 -2.10809E+01  1.42101E+02  2.00000E+01  5.39600E-02  5.39600E-02
b   4   11  4   14  99  1.58993E-01  1.72377E+00 -1.78284E+01  1.86861E+02  2.00000E+01  6.46200E-02  6.46200E-02
b   4   12  4   14  99  2.79422E-01  6.84873E-01  1.46023E+00 -5.02191E-01  2.14841E+00  2.02100E-01  2.02100E-01
b   4   13  4   14  99  2.63249E-01  9.51552E-02  2.65181E+00 -1.53288E+00  3.41827E+00  1.38900E+00  1.38900E+00
b   4    1  4   15  98  0.00000E+00  0.00000E+00  0.00000E+00  0.00000E+00  0.00000E+00  1.59064E-02  3.18128E-04
b   4    2  4   15  99  1.65243E-01  2.21358E+00 -5.07303E+01  4.67590E+02  2.00000E+01  7.52200E-03  7.52200E-03
b   4    7  4   15  99  1.16646E-01  1.23993E+00 -3.11913E+01  2.92138E+02  2.00000E+01  5.34600E-01  5.34600E-01
b   4   10  4   15  99  1.54811E-01  1.98700E+00 -2.16264E+01  1.50218E+02  2.00000E+01  3.15800E-02  3.15800E-02
b   4   11  4   15  99  1.70157E-01  1.92862E+00 -1.83482E+01  1.95328E+02  2.00000E+01  3.22700E-02  3.22700E-02
b   4   12  4   15  99  3.03431E-01  1.02130E+00  1.55863E+00 -5.71689E-01  2.14801E+00  7.37600E-02  7.37600E-02
b   4   13  4   15  99  2.86370E-01  6.68665E-01  2.18957E+00 -1.10106E+00  2.94340E+00  2.30600E-01  2.30600E-01
b   4   14  4   15  99  2.45162E-01  1.67945E-01  2.38427E+00 -1.37238E+00  3.41614E+00  1.58800E+00  1.58800E+00
b   4    1  4   16  98  0.00000E+00  0.00000E+00  0.00000E+00  0.00000E+00  0.00000E+00  1.98478E-02  3.96956E-04
b   4    2  4   16  99  1.65617E-01  2.22625E+00 -5.03142E+01  4.60083E+02  2.00000E+01  5.10500E-03  5.10500E-03
b   4    8  4   16  99  1.16646E-01  1.23993E+00 -3.11913E+01  2.92138E+02  2.00000E+01  5.34600E-01  5.34600E-01
b   4   10  4   16  99  1.59919E-01  2.05279E+00 -2.21578E+01  1.59451E+02  2.00000E+01  2.02800E-02  2.02800E-02
b   4   11  4   16  99  1.76373E-01  2.08191E+00 -1.88074E+01  2.00662E+02  2.00000E+01  1.88400E-02  1.88400E-02
b   4   12  4   16  99  3.18315E-01  1.27033E+00  1.63865E+00 -6.18671E-01  2.19986E+00  3.64600E-02  3.64600E-02
b   4   13  4   16  99  3.08873E-01  1.06298E+00  2.28768E+00 -1.11303E+00  2.99192E+00  8.27200E-02  8.27200E-02
b   4   14  4   16  99  2.87023E-01  6.76588E-01  2.69162E+00 -1.51434E+00  3.54052E+00  2.57600E-01  2.57600E-01
b   4   15  4   16  99  2.33443E-01  2.13042E-01  2.30614E+00 -3.39620E-01  4.09779E+00  1.78400E+00  1.78400E+00
b   4    1  4   17  98  0.00000E+00  0.00000E+00  0.00000E+00  0.00000E+00  0.00000E+00  2.42586E-02  4.85173E-04
b   4    2  4   17  99  1.64683E-01  2.22122E+00 -4.89988E+01  4.39692E+02  2.00000E+01  3.62700E-03  3.62700E-03
b   4    9  4   17  99  1.16646E-01  1.23993E+00 -3.11913E+01  2.92138E+02  2.00000E+01  5.34600E-01  5.34600E-01
b   4   10  4   17  99  1.63494E-01  2.10383E+00 -2.26124E+01  1.66599E+02  2.00000E+01  1.38800E-02  1.38800E-02
b   4   11  4   17  99  1.81611E-01  2.18819E+00 -1.88056E+01  2.00964E+02  2.00000E+01  1.21200E-02  1.21200E-02
b   4   12  4   17  99  3.27569E-01  1.46653E+00  1.63822E+00 -6.05356E-01  2.17649E+00  2.12000E-02  2.12000E-02
b   4   13  4   17  99  2.93615E-01  1.50466E+00  1.38295E+00 -4.86694E-01  2.16725E+00  4.05100E-02  4.05100E-02
b   4   14  4   17  99  2.91351E-01  1.20000E+00  2.05059E+00 -9.90712E-01  2.95432E+00  9.12100E-02  9.12100E-02
b   4   15  4   17  99  2.72516E-01  7.51979E-01  2.49560E+00 -1.39643E+00  3.57842E+00  2.84400E-01  2.84400E-01
b   4   16  4   17  99  4.40707E-01  4.97896E-01  4.21374E+00 -5.98053E-01  4.07397E+00  1.00400E+00  1.00400E+00
b   4    1  4   18  99  4.00266E-01  2.35119E-02 -3.09156E+00  2.16704E+01  3.87502E+00  4.79550E-01  4.79550E-01
b   4    1  4   19  99  3.83613E-01  1.55791E-01 -3.14283E+00  1.99149E+01  3.82849E+00  1.23820E-01  1.23820E-01
b   4    2  4   19  99  4.00266E-01  2.35119E-02 -3.09156E+00  2.16704E+01  3.87502E+00  5.59475E-01  5.59475E-01
b   4   18  4   19  99  1.16646E-01  1.23993E+00 -3.11913E+01  2.92138E+02  2.00000E+01  1.60380E+00  1.60380E+00
b   4    1  4   20  99  3.80789E-01  2.05112E-01 -3.23051E+00  1.97194E+01  3.82804E+00  4.62000E-02  4.62000E-02
b   4    3  4   20  99  4.00266E-01  2.35119E-02 -3.09156E+00  2.16704E+01  3.87502E+00  5.59475E-01  5.59475E-01
b   4   18  4   20  99  1.08116E-01  1.45687E+00 -2.36451E+01  1.17222E+02  2.00000E+01  3.38400E-01  3.38400E-01
b   4   19  4   20  99  1.15747E-01  9.19491E-01 -1.87595E+01  2.04134E+02  2.00000E+01  7.91600E-01  7.91600E-01
b   4    1  4   21  99  3.76774E-01  2.22699E-01 -3.21602E+00  1.93570E+01  3.81873E+00  2.23800E-02  2.23800E-02
b   4    4  4   21  99  4.00266E-01  2.35119E-02 -3.09156E+00  2.16704E+01  3.87502E+00  5.59475E-01  5.59475E-01
b   4   18  4   21  99  1.56810E-01  1.95102E+00 -5.34466E+01  5.60564E+02  2.00000E+01  1.32000E-01  1.32000E-01
b   4   19  4   21  99  1.44264E-01  1.29947E+00 -2.11258E+01  2.23002E+02  2.00000E+01  1.50800E-01  1.50800E-01
b   4   20  4   21  99  2.51466E-01  1.23806E-01  1.45351E+00 -5.07772E-01  2.08936E+00  1.00600E+00  1.00600E+00
b   4    1  4   22  99  4.20161E-01  2.53960E-01 -3.65899E+00  2.17142E+01  3.81620E+00  1.15460E-02  1.15460E-02
b   4    5  4   22  99  4.00266E-01  2.35119E-02 -3.09156E+00  2.16704E+01  3.87502E+00  5.59475E-01  5.59475E-01
b   4   18  4   22  99  1.65485E-01  2.17127E+00 -5.28784E+01  5.06509E+02  2.00000E+01  6.08400E-02  6.08400E-02
b   4   19  4   22  99  1.39425E-01  1.74984E+00 -2.04633E+01  1.35681E+02  2.00000E+01  5.35300E-02  5.35300E-02
b   4   20  4   22  99  3.19178E-01  4.92547E-01  1.81992E+00 -6.51756E-01  2.16247E+00  1.73300E-01  1.73300E-01
b   4   21  4   22  99  2.66922E-01  1.00300E-01  2.18231E+00 -1.10399E+00  2.80852E+00  1.17900E+00  1.17900E+00
b   4    1  4   23  99  4.20085E-01  2.54447E-01 -3.67400E+00  2.18495E+01  3.82615E+00  7.13800E-03  7.13800E-03
b   4    6  4   23  99  4.00266E-01  2.35119E-02 -3.09156E+00  2.16704E+01  3.87502E+00  5.59475E-01  5.59475E-01
b   4   18  4   23  99  1.63622E-01  2.17974E+00 -5.03435E+01  4.64584E+02  2.00000E+01  3.54000E-02  3.54000E-02
b   4   19  4   23  99  1.48290E-01  1.89286E+00 -2.10809E+01  1.42101E+02  2.00000E+01  2.69800E-02  2.69800E-02
b   4   20  4   23  99  1.58993E-01  1.72377E+00 -1.78284E+01  1.86861E+02  2.00000E+01  6.46200E-02  6.46200E-02
b   4   21  4   23  99  2.79422E-01  6.84873E-01  1.46023E+00 -5.02191E-01  2.14841E+00  2.02100E-01  2.02100E-01
b   4   22  4   23  99  2.63249E-01  9.51552E-02  2.65181E+00 -1.53288E+00  3.41827E+00  1.38900E+00  1.38900E+00
b   4    1  4   24  99  4.16393E-01  2.63110E-01 -3.67524E+00  2.16453E+01  3.82206E+00  4.72200E-03  4.72200E-03
b   4    7  4   24  99  4.00266E-01  2.35119E-02 -3.09156E+00  2.16704E+01  3.87502E+00  5.59475E-01  5.59475E-01
b   4   18  4   24  99  1.65243E-01  2.21358E+00 -5.07303E+01  4.67590E+02  2.00000E+01  2.25660E-02  2.25660E-02
b   4   19  4   24  99  1.54811E-01  1.98700E+00 -2.16264E+01  1.50218E+02  2.00000E+01  1.57900E-02  1.57900E-02
b   4   20  4   24  99  1.70157E-01  1.92862E+00 -1.83482E+01  1.95328E+02  2.00000E+01  3.22700E-02  3.22700E-02
b   4   21  4   24  99  3.03431E-01  1.02130E+00  1.55863E+00 -5.71689E-01  2.14801E+00  7.37600E-02  7.37600E-02
b   4   22  4   24  99  2.86370E-01  6.68665E-01  2.18957E+00 -1.10106E+00  2.94340E+00  2.30600E-01  2.30600E-01
b   4   23  4   24  99  2.45162E-01  1.67945E-01  2.38427E+00 -1.37238E+00  3.41614E+00  1.58800E+00  1.58800E+00
b   4    1  4   25  99  4.14611E-01  2.65489E-01 -3.65177E+00  2.14631E+01  3.81851E+00  3.28400E-03  3.28400E-03
b   4    8  4   25  99  4.00266E-01  2.35119E-02 -3.09156E+00  2.16704E+01  3.87502E+00  5.59475E-01  5.59475E-01
b   4   18  4   25  99  1.65617E-01  2.22625E+00 -5.03142E+01  4.60083E+02  2.00000E+01  1.53150E-02  1.53150E-02
b   4   19  4   25  99  1.59919E-01  2.05279E+00 -2.21578E+01  1.59451E+02  2.00000E+01  1.01400E-02  1.01400E-02
b   4   20  4   25  99  1.76373E-01  2.08191E+00 -1.88074E+01  2.00662E+02  2.00000E+01  1.88400E-02  1.88400E-02
b   4   21  4   25  99  3.18315E-01  1.27033E+00  1.63865E+00 -6.18671E-01  2.19986E+00  3.64600E-02  3.64600E-02
b   4   22  4   25  99  3.08873E-01  1.06298E+00  2.28768E+00 -1.11303E+00  2.99192E+00  8.27200E-02  8.27200E-02
b   4   23  4   25  99  2.87023E-01  6.76588E-01  2.69162E+00 -1.51434E+00  3.54052E+00  2.57600E-01  2.57600E-01
b   4   24  4   25  99  2.33443E-01  2.13042E-01  2.30614E+00 -3.39620E-01  4.09779E+00  1.78400E+00  1.78400E+00
b   4    1  4   26  99  4.17876E-01  2.55800E-01 -3.63561E+00  2.16460E+01  3.82496E+00  2.37400E-03  2.37400E-03
b   4    9  4   26  99  4.00266E-01  2.35119E-02 -3.09156E+00  2.16704E+01  3.87502E+00  5.59475E-01  5.59475E-01
b   4   18  4   26  99  1.64683E-01  2.22122E+00 -4.89988E+01  4.39692E+02  2.00000E+01  1.08810E-02  1.08810E-02
b   4   19  4   26  99  1.63494E-01  2.10383E+00 -2.26124E+01  1.66599E+02  2.00000E+01  6.94000E-03  6.94000E-03
b   4   20  4   26  99  1.81611E-01  2.18819E+00 -1.88056E+01  2.00964E+02  2.00000E+01  1.21200E-02  1.21200E-02
b   4   21  4   26  99  3.27569E-01  1.46653E+00  1.63822E+00 -6.05356E-01  2.17649E+00  2.12000E-02  2.12000E-02
b   4   22  4   26  99  2.93615E-01  1.50466E+00  1.38295E+00 -4.86694E-01  2.16725E+00  4.05100E-02  4.05100E-02
b   4   23  4   26  99  2.91351E-01  1.20000E+00  2.05059E+00 -9.90712E-01  2.95432E+00  9.12100E-02  9.12100E-02
b   4   24  4   26  99  2.72516E-01  7.51979E-01  2.49560E+00 -1.39643E+00  3.57842E+00  2.84400E-01  2.84400E-01
b   4   25  4   26  99  4.40707E-01  4.97896E-01  4.21374E+00 -5.98053E-01  4.07397E+00  1.00400E+00  1.00400E+00
f   4    1  3    1  99  2.00000E+00  1.18221E+01
p   4    1  3    1  98  1.28750E+00 -2.65600E+00 -4.99640E-02 -1.68410E-03  2.00000E+00  4.67100E+02  4.85700E+02  9.34100E+03
f   4    2  3    1  99  1.00000E+00  1.11280E+01
p   4    2  3    1  99  1.00000E+00  1.11280E+01
f   4    3  3    1  99  1.00000E+00  1.10370E+01
p   4    3  3    1  99  1.00000E+00  1.10370E+01
f   4    4  3    1  99  1.00000E+00  1.10081E+01
p   4    4  3    1  99  1.00000E+00  1.10081E+01
f   4    5  3    1  99  1.00000E+00  1.10180E+01
p   4    5  3    1  99  1.00000E+00  1.10180E+01
f   4    6  3    1  99  1.00000E+00  1.10120E+01
p   4    6  3    1  99  1.00000E+00  1.10120E+01
f   4    7  3    1  99  1.00000E+00  1.10012E+01
p   4    7  3    1  99  1.00000E+00  1.10012E+01
f   4    8  3    1  99  1.00000E+00  1.10012E+01
p   4    8  3    1  99  1.00000E+00  1.10012E+01
f   4    9  3    1  99  1.00000E+00  1.10003E+01
p   4    9  3    1  99  1.00000E+00  1.10003E+01
f   4    2  3    2  99  1.00000E+00  1.11280E+01
p   4    2  3    2  98  1.28750E+00 -2.65600E+00 -4.99640E-02 -1.68410E-03  2.00000E+00  4.67100E+02  4.85700E+02  9.34100E+03
f   4   10  3    2  99  2.00000E+00  1.16920E+01
p   4   10  3    2  99  2.00000E+00  1.16920E+01
f   4   11  3    2  99  1.00000E+00  1.10937E+01
p   4   11  3    2  99  1.00000E+00  1.10937E+01
f   4   12  3    2  99  1.00000E+00  1.10264E+01
p   4   12  3    2  99  1.00000E+00  1.10264E+01
f   4   13  3    2  99  1.00000E+00  1.10240E+01
p   4   13  3    2  99  1.00000E+00  1.10240E+01
f   4   14  3    2  99  1.00000E+00  1.10160E+01
p   4   14  3    2  99  1.00000E+00  1.10160E+01
f   4   15  3    2  99  1.00000E+00  1.10102E+01
p   4   15  3    2  99  1.00000E+00  1.10102E+01
f   4   16  3    2  99  1.00000E+00  1.10082E+01
p   4   16  3    2  99  1.00000E+00  1.10082E+01
f   4   17  3    2  99  1.00000E+00  1.10003E+01
p   4   17  3    2  99  1.00000E+00  1.10003E+01
f   4    3  3    3  99  1.00000E+00  1.10370E+01
p   4    3  3    3  98  1.28750E+00 -2.65600E+00 -4.99640E-02 -1.68410E-03  2.00000E+00  4.67100E+02  4.85700E+02  9.34100E+03
f   4   11  3    3  99  1.00000E+00  1.10937E+01
p   4   11  3    3  99  1.00000E+00  1.10937E+01
f   4    4  3    4  99  1.00000E+00  1.10081E+01
p   4    4  3    4  98  1.28750E+00 -2.65600E+00 -4.99640E-02 -1.68410E-03  2.00000E+00  4.67100E+02  4.85700E+02  9.34100E+03
f   4   12  3    4  99  1.00000E+00  1.10264E+01
p   4   12  3    4  99  1.00000E+00  1.10264E+01
f   4    5  3    5  99  1.00000E+00  1.10180E+01
p   4    5  3    5  98  1.28750E+00 -2.65600E+00 -4.99640E-02 -1.68410E-03  2.00000E+00  4.67100E+02  4.85700E+02  9.34100E+03
f   4   13  3    5  99  1.00000E+00  1.10240E+01
p   4   13  3    5  99  1.00000E+00  1.10240E+01
f   4    6  3    6  99  1.00000E+00  1.10120E+01
p   4    6  3    6  98  1.28750E+00 -2.65600E+00 -4.99640E-02 -1.68410E-03  2.00000E+00  4.67100E+02  4.85700E+02  9.34100E+03
f   4   14  3    6  99  1.00000E+00  1.10160E+01
p   4   14  3    6  99  1.00000E+00  1.10160E+01
f   4    7  3    7  99  1.00000E+00  1.10012E+01
p   4    7  3    7  98  1.28750E+00 -2.65600E+00 -4.99640E-02 -1.68410E-03  2.00000E+00  4.67100E+02  4.85700E+02  9.34100E+03
f   4   15  3    7  99  1.00000E+00  1.10102E+01
p   4   15  3    7  99  1.00000E+00  1.10102E+01
f   4    8  3    8  99  1.00000E+00  1.10012E+01
p   4    8  3    8  98  1.28750E+00 -2.65600E+00 -4.99640E-02 -1.68410E-03  2.00000E+00  4.67100E+02  4.85700E+02  9.34100E+03
f   4   16  3    8  99  1.00000E+00  1.10082E+01
p   4   16  3    8  99  1.00000E+00  1.10082E+01
f   4    9  3    9  99  1.00000E+00  1.10003E+01
p   4    9  3    9  98  1.28750E+00 -2.65600E+00 -4.99640E-02 -1.68410E-03  2.00000E+00  4.67100E+02  4.85700E+02  9.34100E+03
f   4   17  3    9  99  1.00000E+00  1.10003E+01
p   4   17  3    9  99  1.00000E+00  1.10003E+01
f   4    1  3   10  99  2.00000E+00  1.18221E+01
p   4    1  3   10  98  2.01290E+00 -2.55710E+00 -1.65010E-01  1.38600E-02  2.00000E+00  2.25100E+03  2.34100E+03  4.50200E+04
f   4   18  3   10  99  3.00000E+00  1.24582E+01
p   4   18  3   10  98  1.28750E+00 -2.65600E+00 -4.99640E-02 -1.68410E-03  2.00000E+00  4.67100E+02  4.85700E+02  9.34100E+03
f   4   19  3   10  99  1.00000E+00  1.12080E+01
p   4   19  3   10  99  1.00000E+00  1.12080E+01
f   4   20  3   10  99  1.00000E+00  1.10602E+01
p   4   20  3   10  99  1.00000E+00  1.10602E+01
f   4   21  3   10  99  1.00000E+00  1.10072E+01
p   4   21  3   10  99  1.00000E+00  1.10072E+01
f   4   22  3   10  99  1.00000E+00  1.10270E+01
p   4   22  3   10  99  1.00000E+00  1.10270E+01
f   4   23  3   10  99  1.00000E+00  1.10210E+01
p   4   23  3   10  99  1.00000E+00  1.10210E+01
f   4   24  3   10  99  1.00000E+00  1.10021E+01
p   4   24  3   10  99  1.00000E+00  1.10021E+01
f   4   25  3   10  99  1.00000E+00  1.10021E+01
p   4   25  3   10  99  1.00000E+00  1.10021E+01
f   4   26  3   10  99  1.00000E+00  1.10003E+01
p   4   26  3   10  99  1.00000E+00  1.10003E+01
f   4    2  3   11  99  2.00000E+00  1.11280E+01
p   4    2  3   11  98  2.01290E+00 -2.55710E+00 -1.65010E-01  1.38600E-02  2.00000E+00  2.25100E+03  2.34100E+03  4.50200E+04
f   4   19  3   11  99  2.00000E+00  1.12080E+01
p   4   19  3   11  98  1.28750E+00 -2.65600E+00 -4.99640E-02 -1.68410E-03  2.00000E+00  4.67100E+02  4.85700E+02  9.34100E+03
f   4    3  3   12  99  2.00000E+00  1.10370E+01
p   4    3  3   12  98  2.01290E+00 -2.55710E+00 -1.65010E-01  1.38600E-02  2.00000E+00  2.25100E+03  2.34100E+03  4.50200E+04
f   4   20  3   12  99  2.00000E+00  1.10602E+01
p   4   20  3   12  98  1.28750E+00 -2.65600E+00 -4.99640E-02 -1.68410E-03  2.00000E+00  4.67100E+02  4.85700E+02  9.34100E+03
f   4    4  3   13  99  2.00000E+00  1.10081E+01
p   4    4  3   13  98  2.01290E+00 -2.55710E+00 -1.65010E-01  1.38600E-02  2.00000E+00  2.25100E+03  2.34100E+03  4.50200E+04
f   4   21  3   13  99  2.00000E+00  1.10072E+01
p   4   21  3   13  98  1.28750E+00 -2.65600E+00 -4.99640E-02 -1.68410E-03  2.00000E+00  4.67100E+02  4.85700E+02  9.34100E+03
f   4    5  3   14  99  2.00000E+00  1.10180E+01
p   4    5  3   14  98  2.01290E+00 -2.55710E+00 -1.65010E-01  1.38600E-02  2.00000E+00  2.25100E+03  2.34100E+03  4.50200E+04
f   4   22  3   14  99  2.00000E+00  1.10270E+01
p   4   22  3   14  98  1.28750E+00 -2.65600E+00 -4.99640E-02 -1.68410E-03  2.00000E+00  4.67100E+02  4.85700E+02  9.34100E+03
f   4    6  3   15  99  2.00000E+00  1.10120E+01
p   4    6  3   15  98  2.01290E+00 -2.55710E+00 -1.65010E-01  1.38600E-02  2.00000E+00  2.25100E+03  2.34100E+03  4.50200E+04
f   4   23  3   15  99  2.00000E+00  1.10210E+01
p   4   23  3   15  98  1.28750E+00 -2.65600E+00 -4.99640E-02 -1.68410E-03  2.00000E+00  4.67100E+02  4.85700E+02  9.34100E+03
f   4    7  3   16  99  2.00000E+00  1.10012E+01
p   4    7  3   16  98  2.01290E+00 -2.55710E+00 -1.65010E-01  1.38600E-02  2.00000E+00  2.25100E+03  2.34100E+03  4.50200E+04
f   4   24  3   16  99  2.00000E+00  1.10021E+01
p   4   24  3   16  98  1.28750E+00 -2.65600E+00 -4.99640E-02 -1.68410E-03  2.00000E+00  4.67100E+02  4.85700E+02  9.34100E+03
f   4    8  3   17  99  2.00000E+00  1.10012E+01
p   4    8  3   17  98  2.01290E+00 -2.55710E+00 -1.65010E-01  1.38600E-02  2.00000E+00  2.25100E+03  2.34100E+03  4.50200E+04
f   4   25  3   17  99  2.00000E+00  1.10021E+01
p   4   25  3   17  98  1.28750E+00 -2.65600E+00 -4.99640E-02 -1.68410E-03  2.00000E+00  4.67100E+02  4.85700E+02  9.34100E+03
f   4    9  3   18  99  2.00000E+00  1.10003E+01
p   4    9  3   18  98  2.01290E+00 -2.55710E+00 -1.65010E-01  1.38600E-02  2.00000E+00  2.25100E+03  2.34100E+03  4.50200E+04
f   4   26  3   18  99  2.00000E+00  1.10003E+01
p   4   26  3   18  98  1.28750E+00 -2.65600E+00 -4.99640E-02 -1.68410E-03  2.00000E+00  4.67100E+02  4.85700E+02  9.34100E+03
a   4   10  3    1   2.33622E+14
a   4   11  3    1   4.74540E+13
a   4   12  3    1   1.55283E+13
a   4   13  3    1   6.30090E+12
a   4   14  3    1   2.91519E+12
a   4   15  3    1   1.49523E+12
a   4   16  3    1   8.29740E+11
a   4   17  3    1   4.89960E+11
a   4   18  3    1   1.10862E+14
a   4   19  3    1   7.19190E+12
a   4   20  3    1   1.65170E+12
a   4   21  3    1   5.36160E+11
a   4   22  3    1   2.14140E+11
a   4   23  3    1   9.90730E+10
a   4   24  3    1   5.08150E+10
a   4   25  3    1   2.81990E+10
a   4   26  3    1   1.66510E+10
a   4   19  3    2   3.69540E+13
a   4   20  3    3   3.69540E+13
a   4   21  3    4   3.69540E+13
a   4   22  3    5   3.69540E+13
a   4   23  3    6   3.69540E+13
a   4   24  3    7   3.69540E+13
a   4   25  3    8   3.69540E+13
a   4   26  3    9   3.69540E+13
b   5    1  5    2  99  1.27978E-01  1.27695E+00 -3.34479E+01  3.33696E+02  2.00000E+01  1.41930E+00  1.41930E+00
b   5    1  5    3  99  1.01411E-01  1.33444E+00 -1.74644E+01  3.61349E+01  2.00000E+01  3.26400E-01  3.26400E-01
b   5    2  5    3  99  1.10097E-01  9.03229E-01 -1.70874E+01  1.79926E+02  2.00000E+01  7.57000E-01  7.57000E-01
b   5    1  5    4  99  1.19341E-01  1.54589E+00 -2.81344E+01  1.93425E+02  2.00000E+01  1.30710E-01  1.30710E-01
b   5    2  5    4  99  1.47555E-01  1.22447E+00 -2.01218E+01  2.28121E+02  2.00000E+01  1.50400E-01  1.50400E-01
b   5    3  5    4  99  2.37502E-01  1.70535E-01  1.30571E+00 -4.40317E-01  2.05441E+00  9.82700E-01  9.82700E-01
b   5    1  5    5  99  1.74056E-01  2.17269E+00 -5.96984E+01  6.28930E+02  2.00000E+01  6.06000E-02  6.06000E-02
b   5    2  5    5  99  1.69411E-01  1.66475E+00 -2.38549E+01  2.39880E+02  2.00000E+01  5.31200E-02  5.31200E-02
b   5    3  5    5  99  3.09243E-01  5.31821E-01  1.75567E+00 -6.93459E-01  2.16130E+00  1.70600E-01  1.70600E-01
b   5    4  5    5  99  2.59770E-01  1.39745E-01  2.09048E+00 -1.05563E+00  2.81981E+00  1.15500E+00  1.15500E+00
b   5    1  5    6  99  1.74761E-01  2.20106E+00 -5.91856E+01  6.17186E+02  2.00000E+01  3.54900E-02  3.54900E-02
b   5    2  5    6  99  1.73659E-01  1.80604E+00 -2.40970E+01  2.35015E+02  2.00000E+01  2.70200E-02  2.70200E-02
b   5    3  5    6  99  3.29628E-01  7.98215E-01  1.77625E+00 -6.08306E-01  2.17360E+00  6.42900E-02  6.42900E-02
b   5    4  5    6  99  3.02458E-01  5.87111E-01  2.33210E+00 -1.12150E+00  2.91423E+00  1.99600E-01  1.99600E-01
b   5    5  5    6  99  2.55392E-01  1.38789E-01  2.50931E+00 -1.44476E+00  3.40894E+00  1.37300E+00  1.37300E+00
b   5    1  5    7  99  1.72082E-01  2.18990E+00 -5.66495E+01  5.76521E+02  2.00000E+01  2.27040E-02  2.27040E-02
b   5    2  5    7  99  1.50989E-01  1.93779E+00 -2.01989E+01  1.31587E+02  2.00000E+01  1.58900E-02  1.58900E-02
b   5    3  5    7  99  3.41381E-01  9.81724E-01  1.78665E+00 -6.01073E-01  2.14744E+00  3.23100E-02  3.23100E-02
b   5    4  5    7  99  2.94038E-01  1.05798E+00  1.47839E+00 -5.09474E-01  2.17083E+00  7.32500E-02  7.32500E-02
b   5    5  5    7  99  2.78057E-01  7.11697E-01  2.07377E+00 -1.02114E+00  2.93675E+00  2.28600E-01  2.28600E-01
b   5    6  5    7  99  2.41488E-01  1.92364E-01  2.42918E+00 -4.29224E-01  4.09337E+00  1.57600E+00  1.57600E+00
b   5    1  5    8  99  1.71106E-01  2.18129E+00 -5.50748E+01  5.52559E+02  2.00000E+01  1.54410E-02  1.54410E-02
b   5    2  5    8  99  1.54661E-01  1.99802E+00 -2.04695E+01  1.35560E+02  2.00000E+01  1.02400E-02  1.02400E-02
b   5    3  5    8  99  1.71978E-01  2.04586E+00 -1.74941E+01  1.84040E+02  2.00000E+01  1.89400E-02  1.89400E-02
b   5    4  5    8  99  3.09219E-01  1.29912E+00  1.56789E+00 -5.68291E-01  2.21498E+00  3.63400E-02  3.63400E-02
b   5    5  5    8  99  2.99131E-01  1.10857E+00  2.13019E+00 -1.03909E+00  2.91826E+00  8.22100E-02  8.22100E-02
b   5    6  5    8  99  2.79593E-01  7.17515E-01  2.58853E+00 -1.46613E+00  3.56036E+00  2.55900E-01  2.55900E-01
b   5    7  5    8  99  2.27395E-01  2.50996E-01  2.17566E+00 -2.77437E-01  4.08382E+00  1.77500E+00  1.77500E+00
b   5    1  5    9  99  1.70542E-01  2.19997E+00 -5.52226E+01  5.51314E+02  2.00000E+01  1.09920E-02  1.09920E-02
b   5    2  5    9  99  1.57574E-01  2.04875E+00 -2.10746E+01  1.44329E+02  2.00000E+01  7.02500E-03  7.02500E-03
b   5    3  5    9  99  1.76561E-01  2.15132E+00 -1.77904E+01  1.88555E+02  2.00000E+01  1.22200E-02  1.22200E-02
b   5    4  5    9  99  3.17185E-01  1.49293E+00  1.54997E+00 -5.36104E-01  2.18838E+00  2.11900E-02  2.11900E-02
b   5    5  5    9  99  3.14559E-01  1.40602E+00  2.25466E+00 -1.08041E+00  3.03460E+00  4.03500E-02  4.03500E-02
b   5    6  5    9  99  2.83787E-01  1.23841E+00  1.95854E+00 -9.59872E-01  2.94135E+00  9.07100E-02  9.07100E-02
b   5    7  5    9  99  2.65900E-01  7.91312E-01  2.35875E+00 -1.30460E+00  3.52908E+00  2.82900E-01  2.82900E-01
b   5    8  5    9  99  4.15933E-01  5.37625E-01  3.89965E+00 -5.75366E-01  4.07309E+00  1.03900E+00  1.03900E+00
b   5    1  5   10  98  0.00000E+00  0.00000E+00  0.00000E+00  0.00000E+00  0.00000E+00  1.12044E-02  2.24088E-04
b   5    2  5   10  99  1.27978E-01  1.27695E+00 -3.34479E+01  3.33696E+02  2.00000E+01  8.93633E-01  8.93633E-01
b   5    1  5   11  98  0.00000E+00  0.00000E+00  0.00000E+00  0.00000E+00  0.00000E+00  1.67354E-02  3.34709E-04
b   5    2  5   11  99  1.01411E-01  1.33444E+00 -1.74644E+01  3.61349E+01  2.00000E+01  2.17600E-01  2.17600E-01
b   5    3  5   11  99  1.27978E-01  1.27695E+00 -3.34479E+01  3.33696E+02  2.00000E+01  9.46200E-01  9.46200E-01
b   5   10  5   11  99  1.10097E-01  9.03229E-01 -1.70874E+01  1.79926E+02  2.00000E+01  1.51400E+00  1.51400E+00
b   5    1  5   12  98  0.00000E+00  0.00000E+00  0.00000E+00  0.00000E+00  0.00000E+00  2.37134E-02  4.74269E-04
b   5    2  5   12  99  1.19341E-01  1.54589E+00 -2.81344E+01  1.93425E+02  2.00000E+01  8.71400E-02  8.71400E-02
b   5    4  5   12  99  1.27978E-01  1.27695E+00 -3.34479E+01  3.33696E+02  2.00000E+01  9.46200E-01  9.46200E-01
b   5   10  5   12  99  1.47555E-01  1.22447E+00 -2.01218E+01  2.28121E+02  2.00000E+01  3.00800E-01  3.00800E-01
b   5   11  5   12  99  2.37502E-01  1.70535E-01  1.30571E+00 -4.40317E-01  2.05441E+00  9.82700E-01  9.82700E-01
b   5    1  5   13  98  0.00000E+00  0.00000E+00  0.00000E+00  0.00000E+00  0.00000E+00  3.24815E-02  6.49630E-04
b   5    2  5   13  99  1.74056E-01  2.17269E+00 -5.96984E+01  6.28930E+02  2.00000E+01  4.04000E-02  4.04000E-02
b   5    5  5   13  99  1.27978E-01  1.27695E+00 -3.34479E+01  3.33696E+02  2.00000E+01  9.46200E-01  9.46200E-01
b   5   10  5   13  99  1.69411E-01  1.66475E+00 -2.38549E+01  2.39880E+02  2.00000E+01  1.06240E-01  1.06240E-01
b   5   11  5   13  99  3.09243E-01  5.31821E-01  1.75567E+00 -6.93459E-01  2.16130E+00  1.70600E-01  1.70600E-01
b   5   12  5   13  99  2.59770E-01  1.39745E-01  2.09048E+00 -1.05563E+00  2.81981E+00  1.15500E+00  1.15500E+00
b   5    1  5   14  98  0.00000E+00  0.00000E+00  0.00000E+00  0.00000E+00  0.00000E+00  4.28901E-02  8.57802E-04
b   5    2  5   14  99  1.74761E-01  2.20106E+00 -5.91856E+01  6.17186E+02  2.00000E+01  2.36600E-02  2.36600E-02
b   5    6  5   14  99  1.27978E-01  1.27695E+00 -3.34479E+01  3.33696E+02  2.00000E+01  9.46200E-01  9.46200E-01
b   5   10  5   14  99  1.73659E-01  1.80604E+00 -2.40970E+01  2.35015E+02  2.00000E+01  5.40400E-02  5.40400E-02
b   5   11  5   14  99  3.29628E-01  7.98215E-01  1.77625E+00 -6.08306E-01  2.17360E+00  6.42900E-02  6.42900E-02
b   5   12  5   14  99  3.02458E-01  5.87111E-01  2.33210E+00 -1.12150E+00  2.91423E+00  1.99600E-01  1.99600E-01
b   5   13  5   14  99  2.55392E-01  1.38789E-01  2.50931E+00 -1.44476E+00  3.40894E+00  1.37300E+00  1.37300E+00
b   5    1  5   15  98  0.00000E+00  0.00000E+00  0.00000E+00  0.00000E+00  0.00000E+00  5.49272E-02  1.09854E-03
b   5    2  5   15  99  1.72082E-01  2.18990E+00 -5.66495E+01  5.76521E+02  2.00000E+01  1.51360E-02  1.51360E-02
b   5    7  5   15  99  1.27978E-01  1.27695E+00 -3.34479E+01  3.33696E+02  2.00000E+01  9.46200E-01  9.46200E-01
b   5   10  5   15  99  1.50989E-01  1.93779E+00 -2.01989E+01  1.31587E+02  2.00000E+01  3.17800E-02  3.17800E-02
b   5   11  5   15  99  3.41381E-01  9.81724E-01  1.78665E+00 -6.01073E-01  2.14744E+00  3.23100E-02  3.23100E-02
b   5   12  5   15  99  2.94038E-01  1.05798E+00  1.47839E+00 -5.09474E-01  2.17083E+00  7.32500E-02  7.32500E-02
b   5   13  5   15  99  2.78057E-01  7.11697E-01  2.07377E+00 -1.02114E+00  2.93675E+00  2.28600E-01  2.28600E-01
b   5   14  5   15  99  2.41488E-01  1.92364E-01  2.42918E+00 -4.29224E-01  4.09337E+00  1.57600E+00  1.57600E+00
b   5    1  5   16  98  0.00000E+00  0.00000E+00  0.00000E+00  0.00000E+00  0.00000E+00  6.86146E-02  1.37229E-03
b   5    2  5   16  99  1.71106E-01  2.18129E+00 -5.50748E+01  5.52559E+02  2.00000E+01  1.02940E-02  1.02940E-02
b   5    8  5   16  99  1.27978E-01  1.27695E+00 -3.34479E+01  3.33696E+02  2.00000E+01  9.46200E-01  9.46200E-01
b   5   10  5   16  99  1.54661E-01  1.99802E+00 -2.04695E+01  1.35560E+02  2.00000E+01  2.04800E-02  2.04800E-02
b   5   11  5   16  99  1.71978E-01  2.04586E+00 -1.74941E+01  1.84040E+02  2.00000E+01  1.89400E-02  1.89400E-02
b   5   12  5   16  99  3.09219E-01  1.29912E+00  1.56789E+00 -5.68291E-01  2.21498E+00  3.63400E-02  3.63400E-02
b   5   13  5   16  99  2.99131E-01  1.10857E+00  2.13019E+00 -1.03909E+00  2.91826E+00  8.22100E-02  8.22100E-02
b   5   14  5   16  99  2.79593E-01  7.17515E-01  2.58853E+00 -1.46613E+00  3.56036E+00  2.55900E-01  2.55900E-01
b   5   15  5   16  99  2.27395E-01  2.50996E-01  2.17566E+00 -2.77437E-01  4.08382E+00  1.77500E+00  1.77500E+00
b   5    1  5   17  98  0.00000E+00  0.00000E+00  0.00000E+00  0.00000E+00  0.00000E+00  8.39289E-02  1.67858E-03
b   5    2  5   17  99  1.70542E-01  2.19997E+00 -5.52226E+01  5.51314E+02  2.00000E+01  7.32800E-03  7.32800E-03
b   5    9  5   17  99  1.27978E-01  1.27695E+00 -3.34479E+01  3.33696E+02  2.00000E+01  9.46200E-01  9.46200E-01
b   5   10  5   17  99  1.57574E-01  2.04875E+00 -2.10746E+01  1.44329E+02  2.00000E+01  1.40500E-02  1.40500E-02
b   5   11  5   17  99  1.76561E-01  2.15132E+00 -1.77904E+01  1.88555E+02  2.00000E+01  1.22200E-02  1.22200E-02
b   5   12  5   17  99  3.17185E-01  1.49293E+00  1.54997E+00 -5.36104E-01  2.18838E+00  2.11900E-02  2.11900E-02
b   5   13  5   17  99  3.14559E-01  1.40602E+00  2.25466E+00 -1.08041E+00  3.03460E+00  4.03500E-02  4.03500E-02
b   5   14  5   17  99  2.83787E-01  1.23841E+00  1.95854E+00 -9.59872E-01  2.94135E+00  9.07100E-02  9.07100E-02
b   5   15  5   17  99  2.65900E-01  7.91312E-01  2.35875E+00 -1.30460E+00  3.52908E+00  2.82900E-01  2.82900E-01
b   5   16  5   17  99  4.15933E-01  5.37625E-01  3.89965E+00 -5.75366E-01  4.07309E+00  1.03900E+00  1.03900E+00
b   5    1  5   18  99  4.03508E-01  2.30537E-02 -3.12741E+00  2.19020E+01  3.87547E+00  3.77000E-01  3.77000E-01
b   5    1  5   19  99  3.86633E-01  1.40104E-01 -3.13901E+00  2.01773E+01  3.83714E+00  1.12120E-01  1.12120E-01
b   5    2  5   19  99  4.03508E-01  2.30537E-02 -3.12741E+00  2.19020E+01  3.87547E+00  4.52400E-01  4.52400E-01
b   5   18  5   19  99  1.27978E-01  1.27695E+00 -3.34479E+01  3.33696E+02  2.00000E+01  1.89240E+00  1.89240E+00
b   5    1  5   20  99  3.85548E-01  1.75068E-01 -3.15035E+00  1.97659E+01  3.81751E+00  4.17600E-02  4.17600E-02
b   5    3  5   20  99  4.03508E-01  2.30537E-02 -3.12741E+00  2.19020E+01  3.87547E+00  4.52400E-01  4.52400E-01
b   5   18  5   20  99  1.01411E-01  1.33444E+00 -1.74644E+01  3.61349E+01  2.00000E+01  4.35200E-01  4.35200E-01
b   5   19  5   20  99  1.10097E-01  9.03229E-01 -1.70874E+01  1.79926E+02  2.00000E+01  7.57000E-01  7.57000E-01
b   5    1  5   21  99  3.79339E-01  1.94785E-01 -3.16801E+00  1.95213E+01  3.82170E+00  2.02000E-02  2.02000E-02
b   5    4  5   21  99  4.03508E-01  2.30537E-02 -3.12741E+00  2.19020E+01  3.87547E+00  4.52400E-01  4.52400E-01
b   5   18  5   21  99  1.19341E-01  1.54589E+00 -2.81344E+01  1.93425E+02  2.00000E+01  1.74280E-01  1.74280E-01
b   5   19  5   21  99  1.47555E-01  1.22447E+00 -2.01218E+01  2.28121E+02  2.00000E+01  1.50400E-01  1.50400E-01
b   5   20  5   21  99  2.37502E-01  1.70535E-01  1.30571E+00 -4.40317E-01  2.05441E+00  9.82700E-01  9.82700E-01
b   5    1  5   22  99  4.23862E-01  2.19271E-01 -3.63152E+00  2.21250E+01  3.82871E+00  1.04000E-02  1.04000E-02
b   5    5  5   22  99  4.03508E-01  2.30537E-02 -3.12741E+00  2.19020E+01  3.87547E+00  4.52400E-01  4.52400E-01
b   5   18  5   22  99  1.74056E-01  2.17269E+00 -5.96984E+01  6.28930E+02  2.00000E+01  8.08000E-02  8.08000E-02
b   5   19  5   22  99  1.69411E-01  1.66475E+00 -2.38549E+01  2.39880E+02  2.00000E+01  5.31200E-02  5.31200E-02
b   5   20  5   22  99  3.09243E-01  5.31821E-01  1.75567E+00 -6.93459E-01  2.16130E+00  1.70600E-01  1.70600E-01
b   5   21  5   22  99  2.59770E-01  1.39745E-01  2.09048E+00 -1.05563E+00  2.81981E+00  1.15500E+00  1.15500E+00
b   5    1  5   23  99  4.18589E-01  2.29679E-01 -3.63089E+00  2.18751E+01  3.82799E+00  6.42200E-03  6.42200E-03
b   5    6  5   23  99  4.03508E-01  2.30537E-02 -3.12741E+00  2.19020E+01  3.87547E+00  4.52400E-01  4.52400E-01
b   5   18  5   23  99  1.74761E-01  2.20106E+00 -5.91856E+01  6.17186E+02  2.00000E+01  4.73200E-02  4.73200E-02
b   5   19  5   23  99  1.73659E-01  1.80604E+00 -2.40970E+01  2.35015E+02  2.00000E+01  2.70200E-02  2.70200E-02
b   5   20  5   23  99  3.29628E-01  7.98215E-01  1.77625E+00 -6.08306E-01  2.17360E+00  6.42900E-02  6.42900E-02
b   5   21  5   23  99  3.02458E-01  5.87111E-01  2.33210E+00 -1.12150E+00  2.91423E+00  1.99600E-01  1.99600E-01
b   5   22  5   23  99  2.55392E-01  1.38789E-01  2.50931E+00 -1.44476E+00  3.40894E+00  1.37300E+00  1.37300E+00
b   5    1  5   24  99  4.17960E-01  2.27464E-01 -3.59851E+00  2.17455E+01  3.82405E+00  4.24400E-03  4.24400E-03
b   5    7  5   24  99  4.03508E-01  2.30537E-02 -3.12741E+00  2.19020E+01  3.87547E+00  4.52400E-01  4.52400E-01
b   5   18  5   24  99  1.72082E-01  2.18990E+00 -5.66495E+01  5.76521E+02  2.00000E+01  3.02720E-02  3.02720E-02
b   5   19  5   24  99  1.50989E-01  1.93779E+00 -2.01989E+01  1.31587E+02  2.00000E+01  1.58900E-02  1.58900E-02
b   5   20  5   24  99  3.41381E-01  9.81724E-01  1.78665E+00 -6.01073E-01  2.14744E+00  3.23100E-02  3.23100E-02
b   5   21  5   24  99  2.94038E-01  1.05798E+00  1.47839E+00 -5.09474E-01  2.17083E+00  7.32500E-02  7.32500E-02
b   5   22  5   24  99  2.78057E-01  7.11697E-01  2.07377E+00 -1.02114E+00  2.93675E+00  2.28600E-01  2.28600E-01
b   5   23  5   24  99  2.41488E-01  1.92364E-01  2.42918E+00 -4.29224E-01  4.09337E+00  1.57600E+00  1.57600E+00
b   5    1  5   25  99  4.16607E-01  2.26484E-01 -3.55054E+00  2.14877E+01  3.81608E+00  2.95000E-03  2.95000E-03
b   5    8  5   25  99  4.03508E-01  2.30537E-02 -3.12741E+00  2.19020E+01  3.87547E+00  4.52400E-01  4.52400E-01
b   5   18  5   25  99  1.71106E-01  2.18129E+00 -5.50748E+01  5.52559E+02  2.00000E+01  2.05880E-02  2.05880E-02
b   5   19  5   25  99  1.54661E-01  1.99802E+00 -2.04695E+01  1.35560E+02  2.00000E+01  1.02400E-02  1.02400E-02
b   5   20  5   25  99  1.71978E-01  2.04586E+00 -1.74941E+01  1.84040E+02  2.00000E+01  1.89400E-02  1.89400E-02
b   5   21  5   25  99  3.09219E-01  1.29912E+00  1.56789E+00 -5.68291E-01  2.21498E+00  3.63400E-02  3.63400E-02
b   5   22  5   25  99  2.99131E-01  1.10857E+00  2.13019E+00 -1.03909E+00  2.91826E+00  8.22100E-02  8.22100E-02
b   5   23  5   25  99  2.79593E-01  7.17515E-01  2.58853E+00 -1.46613E+00  3.56036E+00  2.55900E-01  2.55900E-01
b   5   24  5   25  99  2.27395E-01  2.50996E-01  2.17566E+00 -2.77437E-01  4.08382E+00  1.77500E+00  1.77500E+00
b   5    1  5   26  99  4.14364E-01  2.33615E-01 -3.60170E+00  2.16178E+01  3.82593E+00  2.13000E-03  2.13000E-03
b   5    9  5   26  99  4.03508E-01  2.30537E-02 -3.12741E+00  2.19020E+01  3.87547E+00  4.52400E-01  4.52400E-01
b   5   18  5   26  99  1.70542E-01  2.19997E+00 -5.52226E+01  5.51314E+02  2.00000E+01  1.46560E-02  1.46560E-02
b   5   19  5   26  99  1.57574E-01  2.04875E+00 -2.10746E+01  1.44329E+02  2.00000E+01  7.02500E-03  7.02500E-03
b   5   20  5   26  99  1.76561E-01  2.15132E+00 -1.77904E+01  1.88555E+02  2.00000E+01  1.22200E-02  1.22200E-02
b   5   21  5   26  99  3.17185E-01  1.49293E+00  1.54997E+00 -5.36104E-01  2.18838E+00  2.11900E-02  2.11900E-02
b   5   22  5   26  99  3.14559E-01  1.40602E+00  2.25466E+00 -1.08041E+00  3.03460E+00  4.03500E-02  4.03500E-02
b   5   23  5   26  99  2.83787E-01  1.23841E+00  1.95854E+00 -9.59872E-01  2.94135E+00  9.07100E-02  9.07100E-02
b   5   24  5   26  99  2.65900E-01  7.91312E-01  2.35875E+00 -1.30460E+00  3.52908E+00  2.82900E-01  2.82900E-01
b   5   25  5   26  99  4.15933E-01  5.37625E-01  3.89965E+00 -5.75366E-01  4.07309E+00  1.03900E+00  1.03900E+00
f   5    1  4    1  99  3.00000E+00  1.15202E+01
p   5    1  4    1  98  1.38570E+00 -2.57770E+00 -9.22050E-02  6.74270E-03  3.00000E+00  4.17500E+02  4.34200E+02  8.35100E+03
f   5    2  4    1  99  1.00000E+00  1.02240E+01
p   5    2  4    1  99  1.00000E+00  1.02240E+01
f   5    3  4    1  99  1.00000E+00  1.00648E+01
p   5    3  4    1  99  1.00000E+00  1.00648E+01
f   5    4  4    1  99  1.00000E+00  1.00102E+01
p   5    4  4    1  99  1.00000E+00  1.00102E+01
f   5    5  4    1  99  1.00000E+00  1.00300E+01
p   5    5  4    1  99  1.00000E+00  1.00300E+01
f   5    6  4    1  99  1.00000E+00  1.00220E+01
p   5    6  4    1  99  1.00000E+00  1.00220E+01
f   5    7  4    1  99  1.00000E+00  1.00022E+01
p   5    7  4    1  99  1.00000E+00  1.00022E+01
f   5    8  4    1  99  1.00000E+00  1.00022E+01
p   5    8  4    1  99  1.00000E+00  1.00022E+01
f   5    9  4    1  99  1.00000E+00  1.00004E+01
p   5    9  4    1  99  1.00000E+00  1.00004E+01
f   5    2  4    2  99  2.00000E+00  1.02240E+01
p   5    2  4    2  98  1.38570E+00 -2.57770E+00 -9.22050E-02  6.74270E-03  3.00000E+00  4.17500E+02  4.34200E+02  8.35100E+03
f   5   10  4    2  99  2.00000E+00  1.07880E+01
p   5   10  4    2  99  2.00000E+00  1.07880E+01
f   5   11  4    2  99  1.00000E+00  1.01215E+01
p   5   11  4    2  99  1.00000E+00  1.01215E+01
f   5   12  4    2  99  1.00000E+00  1.00285E+01
p   5   12  4    2  99  1.00000E+00  1.00285E+01
f   5   13  4    2  99  1.00000E+00  1.00360E+01
p   5   13  4    2  99  1.00000E+00  1.00360E+01
f   5   14  4    2  99  1.00000E+00  1.00260E+01
p   5   14  4    2  99  1.00000E+00  1.00260E+01
f   5   15  4    2  99  1.00000E+00  1.00112E+01
p   5   15  4    2  99  1.00000E+00  1.00112E+01
f   5   16  4    2  99  1.00000E+00  1.00092E+01
p   5   16  4    2  99  1.00000E+00  1.00092E+01
f   5   17  4    2  99  1.00000E+00  1.00004E+01
p   5   17  4    2  99  1.00000E+00  1.00004E+01
f   5    3  4    3  99  2.00000E+00  1.00648E+01
p   5    3  4    3  98  1.38570E+00 -2.57770E+00 -9.22050E-02  6.74270E-03  3.00000E+00  4.17500E+02  4.34200E+02  8.35100E+03
f   5   11  4    3  99  1.00000E+00  1.01215E+01
p   5   11  4    3  99  1.00000E+00  1.01215E+01
f   5    4  4    4  99  2.00000E+00  1.00102E+01
p   5    4  4    4  98  1.38570E+00 -2.57770E+00 -9.22050E-02  6.74270E-03  3.00000E+00  4.17500E+02  4.34200E+02  8.35100E+03
f   5   12  4    4  99  1.00000E+00  1.00285E+01
p   5   12  4    4  99  1.00000E+00  1.00285E+01
f   5    5  4    5  99  2.00000E+00  1.00300E+01
p   5    5  4    5  98  1.38570E+00 -2.57770E+00 -9.22050E-02  6.74270E-03  3.00000E+00  4.17500E+02  4.34200E+02  8.35100E+03
f   5   13  4    5  99  1.00000E+00  1.00360E+01
p   5   13  4    5  99  1.00000E+00  1.00360E+01
f   5    6  4    6  99  2.00000E+00  1.00220E+01
p   5    6  4    6  98  1.38570E+00 -2.57770E+00 -9.22050E-02  6.74270E-03  3.00000E+00  4.17500E+02  4.34200E+02  8.35100E+03
f   5   14  4    6  99  1.00000E+00  1.00260E+01
p   5   14  4    6  99  1.00000E+00  1.00260E+01
f   5    7  4    7  99  2.00000E+00  1.00022E+01
p   5    7  4    7  98  1.38570E+00 -2.57770E+00 -9.22050E-02  6.74270E-03  3.00000E+00  4.17500E+02  4.34200E+02  8.35100E+03
f   5   15  4    7  99  1.00000E+00  1.00112E+01
p   5   15  4    7  99  1.00000E+00  1.00112E+01
f   5    8  4    8  99  2.00000E+00  1.00022E+01
p   5    8  4    8  98  1.38570E+00 -2.57770E+00 -9.22050E-02  6.74270E-03  3.00000E+00  4.17500E+02  4.34200E+02  8.35100E+03
f   5   16  4    8  99  1.00000E+00  1.00092E+01
p   5   16  4    8  99  1.00000E+00  1.00092E+01
f   5    9  4    9  99  2.00000E+00  1.00004E+01
p   5    9  4    9  98  1.38570E+00 -2.57770E+00 -9.22050E-02  6.74270E-03  3.00000E+00  4.17500E+02  4.34200E+02  8.35100E+03
f   5   17  4    9  99  1.00000E+00  1.00004E+01
p   5   17  4    9  99  1.00000E+00  1.00004E+01
f   5   10  4   10  99  1.00000E+00  1.07880E+01
p   5   10  4   10  98  1.38570E+00 -2.57770E+00 -9.22050E-02  6.74270E-03  3.00000E+00  4.17500E+02  4.34200E+02  8.35100E+03
f   5   11  4   11  99  1.00000E+00  1.01215E+01
p   5   11  4   11  98  1.38570E+00 -2.57770E+00 -9.22050E-02  6.74270E-03  3.00000E+00  4.17500E+02  4.34200E+02  8.35100E+03
f   5   12  4   12  99  1.00000E+00  1.00285E+01
p   5   12  4   12  98  1.38570E+00 -2.57770E+00 -9.22050E-02  6.74270E-03  3.00000E+00  4.17500E+02  4.34200E+02  8.35100E+03
f   5   13  4   13  99  1.00000E+00  1.00360E+01
p   5   13  4   13  98  1.38570E+00 -2.57770E+00 -9.22050E-02  6.74270E-03  3.00000E+00  4.17500E+02  4.34200E+02  8.35100E+03
f   5   14  4   14  99  1.00000E+00  1.00260E+01
p   5   14  4   14  98  1.38570E+00 -2.57770E+00 -9.22050E-02  6.74270E-03  3.00000E+00  4.17500E+02  4.34200E+02  8.35100E+03
f   5   15  4   15  99  1.00000E+00  1.00112E+01
p   5   15  4   15  98  1.38570E+00 -2.57770E+00 -9.22050E-02  6.74270E-03  3.00000E+00  4.17500E+02  4.34200E+02  8.35100E+03
f   5   16  4   16  99  1.00000E+00  1.00092E+01
p   5   16  4   16  98  1.38570E+00 -2.57770E+00 -9.22050E-02  6.74270E-03  3.00000E+00  4.17500E+02  4.34200E+02  8.35100E+03
f   5   17  4   17  99  1.00000E+00  1.00004E+01
p   5   17  4   17  98  1.38570E+00 -2.57770E+00 -9.22050E-02  6.74270E-03  3.00000E+00  4.17500E+02  4.34200E+02  8.35100E+03
f   5    1  4   18  99  2.00000E+00  1.15202E+01
p   5    1  4   18  98  2.04470E+00 -2.51500E+00 -1.85550E-01  1.73160E-02  2.00000E+00  2.18100E+03  2.26800E+03  4.36200E+04
f   5   18  4   18  99  4.00000E+00  1.21563E+01
p   5   18  4   18  98  1.38570E+00 -2.57770E+00 -9.22050E-02  6.74270E-03  3.00000E+00  4.17500E+02  4.34200E+02  8.35100E+03
f   5   19  4   18  99  1.00000E+00  1.03040E+01
p   5   19  4   18  99  1.00000E+00  1.03040E+01
f   5   20  4   18  99  1.00000E+00  1.00880E+01
p   5   20  4   18  99  1.00000E+00  1.00880E+01
f   5   21  4   18  99  1.00000E+00  1.00093E+01
p   5   21  4   18  99  1.00000E+00  1.00093E+01
f   5   22  4   18  99  1.00000E+00  1.00390E+01
p   5   22  4   18  99  1.00000E+00  1.00390E+01
f   5   23  4   18  99  1.00000E+00  1.00310E+01
p   5   23  4   18  99  1.00000E+00  1.00310E+01
f   5   24  4   18  99  1.00000E+00  1.00031E+01
p   5   24  4   18  99  1.00000E+00  1.00031E+01
f   5   25  4   18  99  1.00000E+00  1.00031E+01
p   5   25  4   18  99  1.00000E+00  1.00031E+01
f   5   26  4   18  99  1.00000E+00  1.00004E+01
p   5   26  4   18  99  1.00000E+00  1.00004E+01
f   5    2  4   19  99  2.00000E+00  1.02240E+01
p   5    2  4   19  98  2.04470E+00 -2.51500E+00 -1.85550E-01  1.73160E-02  2.00000E+00  2.18100E+03  2.26800E+03  4.36200E+04
f   5   19  4   19  99  3.00000E+00  1.03040E+01
p   5   19  4   19  98  1.38570E+00 -2.57770E+00 -9.22050E-02  6.74270E-03  3.00000E+00  4.17500E+02  4.34200E+02  8.35100E+03
f   5    3  4   20  99  2.00000E+00  1.00648E+01
p   5    3  4   20  98  2.04470E+00 -2.51500E+00 -1.85550E-01  1.73160E-02  2.00000E+00  2.18100E+03  2.26800E+03  4.36200E+04
f   5   20  4   20  99  3.00000E+00  1.00880E+01
p   5   20  4   20  98  1.38570E+00 -2.57770E+00 -9.22050E-02  6.74270E-03  3.00000E+00  4.17500E+02  4.34200E+02  8.35100E+03
f   5    4  4   21  99  2.00000E+00  1.00102E+01
p   5    4  4   21  98  2.04470E+00 -2.51500E+00 -1.85550E-01  1.73160E-02  2.00000E+00  2.18100E+03  2.26800E+03  4.36200E+04
f   5   21  4   21  99  3.00000E+00  1.00093E+01
p   5   21  4   21  98  1.38570E+00 -2.57770E+00 -9.22050E-02  6.74270E-03  3.00000E+00  4.17500E+02  4.34200E+02  8.35100E+03
f   5    5  4   22  99  2.00000E+00  1.00300E+01
p   5    5  4   22  98  2.04470E+00 -2.51500E+00 -1.85550E-01  1.73160E-02  2.00000E+00  2.18100E+03  2.26800E+03  4.36200E+04
f   5   22  4   22  99  3.00000E+00  1.00390E+01
p   5   22  4   22  98  1.38570E+00 -2.57770E+00 -9.22050E-02  6.74270E-03  3.00000E+00  4.17500E+02  4.34200E+02  8.35100E+03
f   5    6  4   23  99  2.00000E+00  1.00220E+01
p   5    6  4   23  98  2.04470E+00 -2.51500E+00 -1.85550E-01  1.73160E-02  2.00000E+00  2.18100E+03  2.26800E+03  4.36200E+04
f   5   23  4   23  99  3.00000E+00  1.00310E+01
p   5   23  4   23  98  1.38570E+00 -2.57770E+00 -9.22050E-02  6.74270E-03  3.00000E+00  4.17500E+02  4.34200E+02  8.35100E+03
f   5    7  4   24  99  2.00000E+00  1.00022E+01
p   5    7  4   24  98  2.04470E+00 -2.51500E+00 -1.85550E-01  1.73160E-02  2.00000E+00  2.18100E+03  2.26800E+03  4.36200E+04
f   5   24  4   24  99  3.00000E+00  1.00031E+01
p   5   24  4   24  98  1.38570E+00 -2.57770E+00 -9.22050E-02  6.74270E-03  3.00000E+00  4.17500E+02  4.34200E+02  8.35100E+03
f   5    8  4   25  99  2.00000E+00  1.00022E+01
p   5    8  4   25  98  2.04470E+00 -2.51500E+00 -1.85550E-01  1.73160E-02  2.00000E+00  2.18100E+03  2.26800E+03  4.36200E+04
f   5   25  4   25  99  3.00000E+00  1.00031E+01
p   5   25  4   25  98  1.38570E+00 -2.57770E+00 -9.22050E-02  6.74270E-03  3.00000E+00  4.17500E+02  4.34200E+02  8.35100E+03
f   5    9  4   26  99  2.00000E+00  1.00004E+01
p   5    9  4   26  98  2.04470E+00 -2.51500E+00 -1.85550E-01  1.73160E-02  2.00000E+00  2.18100E+03  2.26800E+03  4.36200E+04
f   5   26  4   26  99  3.00000E+00  1.00004E+01
p   5   26  4   26  98  1.38570E+00 -2.57770E+00 -9.22050E-02  6.74270E-03  3.00000E+00  4.17500E+02  4.34200E+02  8.35100E+03
a   5   10  4    1   1.73366E+14
a   5   11  4    1   3.48521E+13
a   5   12  4    1   1.13017E+13
a   5   13  4    1   4.56645E+12
a   5   14  4    1   2.11270E+12
a   5   15  4    1   1.08363E+12
a   5   16  4    1   6.01335E+11
a   5   17  4    1   3.55084E+11
a   5   18  4    1   2.04246E+14
a   5   19  4    1   9.03420E+12
a   5   20  4    1   2.04960E+12
a   5   21  4    1   6.53415E+11
a   5   22  4    1   2.58900E+11
a   5   23  4    1   1.19787E+11
a   5   24  4    1   6.14400E+10
a   5   25  4    1   3.40950E+10
a   5   26  4    1   2.01330E+10
a   5   19  4    2   1.02123E+14
a   5   20  4    3   1.02123E+14
a   5   21  4    4   1.02123E+14
a   5   22  4    5   1.02123E+14
a   5   23  4    6   1.02123E+14
a   5   24  4    7   1.02123E+14
a   5   25  4    8   1.02123E+14
a   5   26  4    9   1.02123E+14
b   6    1  6    2  99  1.05198E-01  1.26319E+00 -2.68110E+01  2.06142E+02  2.00000E+01  1.70040E+00  1.70040E+00
b   6    1  6    3  99  1.07998E-01  9.96095E-01 -5.14578E+00  1.47571E+01  6.16441E+00  4.23200E-01  4.23200E-01
b   6    2  6    3  99  2.67602E-01  4.41767E-02  1.59786E+00 -5.42678E-01  2.09340E+00  7.23700E-01  7.23700E-01
b   6    1  6    4  99  9.80329E-02  1.26022E+00 -1.33743E+01 -6.45292E+00  2.00000E+01  1.73920E-01  1.73920E-01
b   6    2  6    4  99  1.41322E-01  1.20376E+00 -1.85778E+01  2.05545E+02  2.00000E+01  1.48200E-01  1.48200E-01
b   6    3  6    4  99  2.57818E-01  7.70232E-02  2.09592E+00 -1.05643E+00  2.78503E+00  9.62600E-01  9.62600E-01
b   6    1  6    5  99  1.21863E-01  1.62424E+00 -2.39494E+01  1.04730E+02  2.00000E+01  7.99600E-02  7.99600E-02
b   6    2  6    5  99  1.81642E-01  1.60110E+00 -2.34426E+01  2.63049E+02  2.00000E+01  5.21900E-02  5.21900E-02
b   6    3  6    5  99  2.98240E-01  5.84736E-01  1.63507E+00 -6.31776E-01  2.14026E+00  1.67200E-01  1.67200E-01
b   6    4  6    5  99  2.70824E-01  9.53246E-02  2.68462E+00 -1.52554E+00  3.38164E+00  1.13900E+00  1.13900E+00
b   6    1  6    6  99  1.33808E-01  1.74964E+00 -3.15540E+01  2.17664E+02  2.00000E+01  4.71600E-02  4.71600E-02
b   6    2  6    6  99  1.83583E-01  1.74127E+00 -2.35857E+01  2.53501E+02  2.00000E+01  2.67500E-02  2.67500E-02
b   6    3  6    6  99  3.19134E-01  8.38753E-01  1.72422E+00 -6.60924E-01  2.16576E+00  6.34400E-02  6.34400E-02
b   6    4  6    6  99  2.93654E-01  6.34538E-01  2.24659E+00 -1.10038E+00  2.94538E+00  1.96900E-01  1.96900E-01
b   6    5  6    6  99  2.47879E-01  1.83268E-01  2.36578E+00 -1.34555E+00  3.39421E+00  1.36300E+00  1.36300E+00
b   6    1  6    7  99  1.36215E-01  1.77034E+00 -3.21976E+01  2.27723E+02  2.00000E+01  3.02840E-02  3.02840E-02
b   6    2  6    7  99  1.84888E-01  1.83328E+00 -2.37281E+01  2.48903E+02  2.00000E+01  1.58000E-02  1.58000E-02
b   6    3  6    7  99  3.30195E-01  1.01888E+00  1.73189E+00 -6.02651E-01  2.17916E+00  3.20100E-02  3.20100E-02
b   6    4  6    7  99  3.14313E-01  9.73929E-01  2.30720E+00 -1.08553E+00  2.93462E+00  7.24100E-02  7.24100E-02
b   6    5  6    7  99  2.87746E-01  6.73392E-01  2.66388E+00 -1.51306E+00  3.51577E+00  2.26500E-01  2.26500E-01
b   6    6  6    7  99  2.34436E-01  2.35764E-01  2.27771E+00 -3.34514E-01  4.08552E+00  1.56900E+00  1.56900E+00
b   6    1  6    8  99  1.37184E-01  1.80260E+00 -3.33089E+01  2.40819E+02  2.00000E+01  2.06520E-02  2.06520E-02
b   6    2  6    8  99  1.85797E-01  1.89503E+00 -2.36512E+01  2.43235E+02  2.00000E+01  1.02100E-02  1.02100E-02
b   6    3  6    8  99  3.37540E-01  1.14558E+00  1.74632E+00 -6.04389E-01  2.17655E+00  1.88200E-02  1.88200E-02
b   6    4  6    8  99  2.96878E-01  1.35601E+00  1.40701E+00 -4.81046E-01  2.14292E+00  3.60000E-02  3.60000E-02
b   6    5  6    8  99  2.90891E-01  1.15327E+00  2.04815E+00 -1.00741E+00  2.95038E+00  8.15300E-02  8.15300E-02
b   6    6  6    8  99  2.71541E-01  7.63777E-01  2.45261E+00 -1.39378E+00  3.55148E+00  2.54300E-01  2.54300E-01
b   6    7  6    8  99  2.23090E-01  2.82733E-01  2.10535E+00 -3.03556E-01  4.08160E+00  1.77100E+00  1.77100E+00
b   6    1  6    9  99  1.36814E-01  1.81084E+00 -3.31665E+01  2.37127E+02  2.00000E+01  1.47240E-02  1.47240E-02
b   6    2  6    9  99  1.86572E-01  1.94045E+00 -2.36241E+01  2.39710E+02  2.00000E+01  7.01800E-03  7.01800E-03
b   6    3  6    9  99  3.42677E-01  1.24105E+00  1.75188E+00 -6.06186E-01  2.16580E+00  1.21600E-02  1.21600E-02
b   6    4  6    9  99  3.05994E-01  1.54055E+00  1.44900E+00 -5.26769E-01  2.15617E+00  2.10200E-02  2.10200E-02
b   6    5  6    9  99  3.04281E-01  1.45882E+00  2.08720E+00 -9.69551E-01  2.97604E+00  4.00500E-02  4.00500E-02
b   6    6  6    9  99  2.93817E-01  1.19737E+00  2.57415E+00 -1.43221E+00  3.59242E+00  9.01300E-02  9.01300E-02
b   6    7  6    9  99  2.62283E-01  8.15136E-01  2.44955E+00 -3.02393E-01  4.31023E+00  2.81700E-01  2.81700E-01
b   6    8  6    9  99  3.93965E-01  5.76690E-01  3.61747E+00 -5.77133E-01  4.05942E+00  1.07400E+00  1.07400E+00
b   6    1  6   10  98  0.00000E+00  0.00000E+00  0.00000E+00  0.00000E+00  0.00000E+00  2.39611E-02  4.79223E-04
b   6    2  6   10  99  1.05198E-01  1.26319E+00 -2.68110E+01  2.06142E+02  2.00000E+01  1.20445E+00  1.20445E+00
b   6    1  6   11  98  0.00000E+00  0.00000E+00  0.00000E+00  0.00000E+00  0.00000E+00  3.64369E-02  7.28738E-04
b   6    2  6   11  99  1.07998E-01  9.96095E-01 -5.14578E+00  1.47571E+01  6.16441E+00  3.17400E-01  3.17400E-01
b   6    3  6   11  99  1.05198E-01  1.26319E+00 -2.68110E+01  2.06142E+02  2.00000E+01  1.27530E+00  1.27530E+00
b   6   10  6   11  99  2.67602E-01  4.41767E-02  1.59786E+00 -5.42678E-01  2.09340E+00  1.44740E+00  1.44740E+00
b   6    1  6   12  98  0.00000E+00  0.00000E+00  0.00000E+00  0.00000E+00  0.00000E+00  5.18911E-02  1.03782E-03
b   6    2  6   12  99  9.80329E-02  1.26022E+00 -1.33743E+01 -6.45292E+00  2.00000E+01  1.30440E-01  1.30440E-01
b   6    4  6   12  99  1.05198E-01  1.26319E+00 -2.68110E+01  2.06142E+02  2.00000E+01  1.27530E+00  1.27530E+00
b   6   10  6   12  99  1.41322E-01  1.20376E+00 -1.85778E+01  2.05545E+02  2.00000E+01  2.96400E-01  2.96400E-01
b   6   11  6   12  99  2.57818E-01  7.70232E-02  2.09592E+00 -1.05643E+00  2.78503E+00  9.62600E-01  9.62600E-01
b   6    1  6   13  98  0.00000E+00  0.00000E+00  0.00000E+00  0.00000E+00  0.00000E+00  7.13330E-02  1.42666E-03
b   6    2  6   13  99  1.21863E-01  1.62424E+00 -2.39494E+01  1.04730E+02  2.00000E+01  5.99700E-02  5.99700E-02
b   6    5  6   13  99  1.05198E-01  1.26319E+00 -2.68110E+01  2.06142E+02  2.00000E+01  1.27530E+00  1.27530E+00
b   6   10  6   13  99  1.81642E-01  1.60110E+00 -2.34426E+01  2.63049E+02  2.00000E+01  1.04380E-01  1.04380E-01
b   6   11  6   13  99  2.98240E-01  5.84736E-01  1.63507E+00 -6.31776E-01  2.14026E+00  1.67200E-01  1.67200E-01
b   6   12  6   13  99  2.70824E-01  9.53246E-02  2.68462E+00 -1.52554E+00  3.38164E+00  1.13900E+00  1.13900E+00
b   6    1  6   14  98  0.00000E+00  0.00000E+00  0.00000E+00  0.00000E+00  0.00000E+00  9.43623E-02  1.88725E-03
b   6    2  6   14  99  1.33808E-01  1.74964E+00 -3.15540E+01  2.17664E+02  2.00000E+01  3.53700E-02  3.53700E-02
b   6    6  6   14  99  1.05198E-01  1.26319E+00 -2.68110E+01  2.06142E+02  2.00000E+01  1.27530E+00  1.27530E+00
b   6   10  6   14  99  1.83583E-01  1.74127E+00 -2.35857E+01  2.53501E+02  2.00000E+01  5.35000E-02  5.35000E-02
b   6   11  6   14  99  3.19134E-01  8.38753E-01  1.72422E+00 -6.60924E-01  2.16576E+00  6.34400E-02  6.34400E-02
b   6   12  6   14  99  2.93654E-01  6.34538E-01  2.24659E+00 -1.10038E+00  2.94538E+00  1.96900E-01  1.96900E-01
b   6   13  6   14  99  2.47879E-01  1.83268E-01  2.36578E+00 -1.34555E+00  3.39421E+00  1.36300E+00  1.36300E+00
b   6    1  6   15  98  0.00000E+00  0.00000E+00  0.00000E+00  0.00000E+00  0.00000E+00  1.20972E-01  2.41944E-03
b   6    2  6   15  99  1.36215E-01  1.77034E+00 -3.21976E+01  2.27723E+02  2.00000E+01  2.27130E-02  2.27130E-02
b   6    7  6   15  99  1.05198E-01  1.26319E+00 -2.68110E+01  2.06142E+02  2.00000E+01  1.27530E+00  1.27530E+00
b   6   10  6   15  99  1.84888E-01  1.83328E+00 -2.37281E+01  2.48903E+02  2.00000E+01  3.16000E-02  3.16000E-02
b   6   11  6   15  99  3.30195E-01  1.01888E+00  1.73189E+00 -6.02651E-01  2.17916E+00  3.20100E-02  3.20100E-02
b   6   12  6   15  99  3.14313E-01  9.73929E-01  2.30720E+00 -1.08553E+00  2.93462E+00  7.24100E-02  7.24100E-02
b   6   13  6   15  99  2.87746E-01  6.73392E-01  2.66388E+00 -1.51306E+00  3.51577E+00  2.26500E-01  2.26500E-01
b   6   14  6   15  99  2.34436E-01  2.35764E-01  2.27771E+00 -3.34514E-01  4.08552E+00  1.56900E+00  1.56900E+00
b   6    1  6   16  98  0.00000E+00  0.00000E+00  0.00000E+00  0.00000E+00  0.00000E+00  1.51243E-01  3.02485E-03
b   6    2  6   16  99  1.37184E-01  1.80260E+00 -3.33089E+01  2.40819E+02  2.00000E+01  1.54890E-02  1.54890E-02
b   6    8  6   16  99  1.05198E-01  1.26319E+00 -2.68110E+01  2.06142E+02  2.00000E+01  1.27530E+00  1.27530E+00
b   6   10  6   16  99  1.85797E-01  1.89503E+00 -2.36512E+01  2.43235E+02  2.00000E+01  2.04200E-02  2.04200E-02
b   6   11  6   16  99  3.37540E-01  1.14558E+00  1.74632E+00 -6.04389E-01  2.17655E+00  1.88200E-02  1.88200E-02
b   6   12  6   16  99  2.96878E-01  1.35601E+00  1.40701E+00 -4.81046E-01  2.14292E+00  3.60000E-02  3.60000E-02
b   6   13  6   16  99  2.90891E-01  1.15327E+00  2.04815E+00 -1.00741E+00  2.95038E+00  8.15300E-02  8.15300E-02
b   6   14  6   16  99  2.71541E-01  7.63777E-01  2.45261E+00 -1.39378E+00  3.55148E+00  2.54300E-01  2.54300E-01
b   6   15  6   16  99  2.23090E-01  2.82733E-01  2.10535E+00 -3.03556E-01  4.08160E+00  1.77100E+00  1.77100E+00
b   6    1  6   17  98  0.00000E+00  0.00000E+00  0.00000E+00  0.00000E+00  0.00000E+00  1.85106E-01  3.70211E-03
b   6    2  6   17  99  1.36814E-01  1.81084E+00 -3.31665E+01  2.37127E+02  2.00000E+01  1.10430E-02  1.10430E-02
b   6    9  6   17  99  1.05198E-01  1.26319E+00 -2.68110E+01  2.06142E+02  2.00000E+01  1.27530E+00  1.27530E+00
b   6   10  6   17  99  1.86572E-01  1.94045E+00 -2.36241E+01  2.39710E+02  2.00000E+01  1.40360E-02  1.40360E-02
b   6   11  6   17  99  3.42677E-01  1.24105E+00  1.75188E+00 -6.06186E-01  2.16580E+00  1.21600E-02  1.21600E-02
b   6   12  6   17  99  3.05994E-01  1.54055E+00  1.44900E+00 -5.26769E-01  2.15617E+00  2.10200E-02  2.10200E-02
b   6   13  6   17  99  3.04281E-01  1.45882E+00  2.08720E+00 -9.69551E-01  2.97604E+00  4.00500E-02  4.00500E-02
b   6   14  6   17  99  2.93817E-01  1.19737E+00  2.57415E+00 -1.43221E+00  3.59242E+00  9.01300E-02  9.01300E-02
b   6   15  6   17  99  2.62283E-01  8.15136E-01  2.44955E+00 -3.02393E-01  4.31023E+00  2.81700E-01  2.81700E-01
b   6   16  6   17  99  3.93965E-01  5.76690E-01  3.61747E+00 -5.77133E-01  4.05942E+00  1.07400E+00  1.07400E+00
b   6    1  6   18  99  3.96241E-01  1.37756E-02 -3.04012E+00  2.14785E+01  3.87311E+00  2.89300E-01  2.89300E-01
b   6    1  6   19  99  3.89096E-01  1.26729E-01 -3.15318E+00  2.04718E+01  3.84515E+00  1.00120E-01  1.00120E-01
b   6    2  6   19  99  3.96241E-01  1.37756E-02 -3.04012E+00  2.14785E+01  3.87311E+00  3.61625E-01  3.61625E-01
b   6   18  6   19  99  1.05198E-01  1.26319E+00 -2.68110E+01  2.06142E+02  2.00000E+01  2.12550E+00  2.12550E+00
b   6    1  6   20  99  3.87790E-01  1.57213E-01 -3.17346E+00  2.01778E+01  3.83548E+00  3.71400E-02  3.71400E-02
b   6    3  6   20  99  3.96241E-01  1.37756E-02 -3.04012E+00  2.14785E+01  3.87311E+00  3.61625E-01  3.61625E-01
b   6   18  6   20  99  1.07998E-01  9.96095E-01 -5.14578E+00  1.47571E+01  6.16441E+00  5.29000E-01  5.29000E-01
b   6   19  6   20  99  2.67602E-01  4.41767E-02  1.59786E+00 -5.42678E-01  2.09340E+00  7.23700E-01  7.23700E-01
b   6    1  6   21  99  3.81597E-01  1.70266E-01 -3.13545E+00  1.96909E+01  3.82428E+00  1.79320E-02  1.79320E-02
b   6    4  6   21  99  3.96241E-01  1.37756E-02 -3.04012E+00  2.14785E+01  3.87311E+00  3.61625E-01  3.61625E-01
b   6   18  6   21  99  9.80329E-02  1.26022E+00 -1.33743E+01 -6.45292E+00  2.00000E+01  2.17400E-01  2.17400E-01
b   6   19  6   21  99  1.41322E-01  1.20376E+00 -1.85778E+01  2.05545E+02  2.00000E+01  1.48200E-01  1.48200E-01
b   6   20  6   21  99  2.57818E-01  7.70232E-02  2.09592E+00 -1.05643E+00  2.78503E+00  9.62600E-01  9.62600E-01
b   6    1  6   22  99  4.24571E-01  1.91431E-01 -3.57842E+00  2.22057E+01  3.83062E+00  9.20800E-03  9.20800E-03
b   6    5  6   22  99  3.96241E-01  1.37756E-02 -3.04012E+00  2.14785E+01  3.87311E+00  3.61625E-01  3.61625E-01
b   6   18  6   22  99  1.21863E-01  1.62424E+00 -2.39494E+01  1.04730E+02  2.00000E+01  9.99500E-02  9.99500E-02
b   6   19  6   22  99  1.81642E-01  1.60110E+00 -2.34426E+01  2.63049E+02  2.00000E+01  5.21900E-02  5.21900E-02
b   6   20  6   22  99  2.98240E-01  5.84736E-01  1.63507E+00 -6.31776E-01  2.14026E+00  1.67200E-01  1.67200E-01
b   6   21  6   22  99  2.70824E-01  9.53246E-02  2.68462E+00 -1.52554E+00  3.38164E+00  1.13900E+00  1.13900E+00
b   6    1  6   23  99  4.22435E-01  1.91164E-01 -3.55168E+00  2.20579E+01  3.83003E+00  5.67600E-03  5.67600E-03
b   6    6  6   23  99  3.96241E-01  1.37756E-02 -3.04012E+00  2.14785E+01  3.87311E+00  3.61625E-01  3.61625E-01
b   6   18  6   23  99  1.33808E-01  1.74964E+00 -3.15540E+01  2.17664E+02  2.00000E+01  5.89500E-02  5.89500E-02
b   6   19  6   23  99  1.83583E-01  1.74127E+00 -2.35857E+01  2.53501E+02  2.00000E+01  2.67500E-02  2.67500E-02
b   6   20  6   23  99  3.19134E-01  8.38753E-01  1.72422E+00 -6.60924E-01  2.16576E+00  6.34400E-02  6.34400E-02
b   6   21  6   23  99  2.93654E-01  6.34538E-01  2.24659E+00 -1.10038E+00  2.94538E+00  1.96900E-01  1.96900E-01
b   6   22  6   23  99  2.47879E-01  1.83268E-01  2.36578E+00 -1.34555E+00  3.39421E+00  1.36300E+00  1.36300E+00
b   6    1  6   24  99  4.21904E-01  1.87386E-01 -3.51778E+00  2.19672E+01  3.83058E+00  3.74600E-03  3.74600E-03
b   6    7  6   24  99  3.96241E-01  1.37756E-02 -3.04012E+00  2.14785E+01  3.87311E+00  3.61625E-01  3.61625E-01
b   6   18  6   24  99  1.36215E-01  1.77034E+00 -3.21976E+01  2.27723E+02  2.00000E+01  3.78550E-02  3.78550E-02
b   6   19  6   24  99  1.84888E-01  1.83328E+00 -2.37281E+01  2.48903E+02  2.00000E+01  1.58000E-02  1.58000E-02
b   6   20  6   24  99  3.30195E-01  1.01888E+00  1.73189E+00 -6.02651E-01  2.17916E+00  3.20100E-02  3.20100E-02
b   6   21  6   24  99  3.14313E-01  9.73929E-01  2.30720E+00 -1.08553E+00  2.93462E+00  7.24100E-02  7.24100E-02
b   6   22  6   24  99  2.87746E-01  6.73392E-01  2.66388E+00 -1.51306E+00  3.51577E+00  2.26500E-01  2.26500E-01
b   6   23  6   24  99  2.34436E-01  2.35764E-01  2.27771E+00 -3.34514E-01  4.08552E+00  1.56900E+00  1.56900E+00
b   6    1  6   25  99  4.17409E-01  1.95275E-01 -3.49849E+00  2.16075E+01  3.81750E+00  2.60000E-03  2.60000E-03
b   6    8  6   25  99  3.96241E-01  1.37756E-02 -3.04012E+00  2.14785E+01  3.87311E+00  3.61625E-01  3.61625E-01
b   6   18  6   25  99  1.37184E-01  1.80260E+00 -3.33089E+01  2.40819E+02  2.00000E+01  2.58150E-02  2.58150E-02
b   6   19  6   25  99  1.85797E-01  1.89503E+00 -2.36512E+01  2.43235E+02  2.00000E+01  1.02100E-02  1.02100E-02
b   6   20  6   25  99  3.37540E-01  1.14558E+00  1.74632E+00 -6.04389E-01  2.17655E+00  1.88200E-02  1.88200E-02
b   6   21  6   25  99  2.96878E-01  1.35601E+00  1.40701E+00 -4.81046E-01  2.14292E+00  3.60000E-02  3.60000E-02
b   6   22  6   25  99  2.90891E-01  1.15327E+00  2.04815E+00 -1.00741E+00  2.95038E+00  8.15300E-02  8.15300E-02
b   6   23  6   25  99  2.71541E-01  7.63777E-01  2.45261E+00 -1.39378E+00  3.55148E+00  2.54300E-01  2.54300E-01
b   6   24  6   25  99  2.23090E-01  2.82733E-01  2.10535E+00 -3.03556E-01  4.08160E+00  1.77100E+00  1.77100E+00
b   6    1  6   26  99  4.15231E-01  1.99149E-01 -3.50976E+00  2.15948E+01  3.82421E+00  1.87700E-03  1.87700E-03
b   6    9  6   26  99  3.96241E-01  1.37756E-02 -3.04012E+00  2.14785E+01  3.87311E+00  3.61625E-01  3.61625E-01
b   6   18  6   26  99  1.36814E-01  1.81084E+00 -3.31665E+01  2.37127E+02  2.00000E+01  1.84050E-02  1.84050E-02
b   6   19  6   26  99  1.86572E-01  1.94045E+00 -2.36241E+01  2.39710E+02  2.00000E+01  7.01800E-03  7.01800E-03
b   6   20  6   26  99  3.42677E-01  1.24105E+00  1.75188E+00 -6.06186E-01  2.16580E+00  1.21600E-02  1.21600E-02
b   6   21  6   26  99  3.05994E-01  1.54055E+00  1.44900E+00 -5.26769E-01  2.15617E+00  2.10200E-02  2.10200E-02
b   6   22  6   26  99  3.04281E-01  1.45882E+00  2.08720E+00 -9.69551E-01  2.97604E+00  4.00500E-02  4.00500E-02
b   6   23  6   26  99  2.93817E-01  1.19737E+00  2.57415E+00 -1.43221E+00  3.59242E+00  9.01300E-02  9.01300E-02
b   6   24  6   26  99  2.62283E-01  8.15136E-01  2.44955E+00 -3.02393E-01  4.31023E+00  2.81700E-01  2.81700E-01
b   6   25  6   26  99  3.93965E-01  5.76690E-01  3.61747E+00 -5.77133E-01  4.05942E+00  1.07400E+00  1.07400E+00
f   6    1  5    1  99  4.00000E+00  1.12183E+01
p   6    1  5    1  98  1.48040E+00 -2.51610E+00 -1.14930E-01  1.06630E-02  4.00000E+00  3.71100E+02  3.85900E+02  7.42200E+03
f   6    2  5    1  99  1.00000E+00  9.32000E+00
p   6    2  5    1  99  1.00000E+00  9.32000E+00
f   6    3  5    1  99  1.00000E+00  9.09260E+00
p   6    3  5    1  99  1.00000E+00  9.09260E+00
f   6    4  5    1  99  1.00000E+00  9.01230E+00
p   6    4  5    1  99  1.00000E+00  9.01230E+00
f   6    5  5    1  99  1.00000E+00  9.04200E+00
p   6    5  5    1  99  1.00000E+00  9.04200E+00
f   6    6  5    1  99  1.00000E+00  9.03200E+00
p   6    6  5    1  99  1.00000E+00  9.03200E+00
f   6    7  5    1  99  1.00000E+00  9.00320E+00
p   6    7  5    1  99  1.00000E+00  9.00320E+00
f   6    8  5    1  99  1.00000E+00  9.00320E+00
p   6    8  5    1  99  1.00000E+00  9.00320E+00
f   6    9  5    1  99  1.00000E+00  9.00050E+00
p   6    9  5    1  99  1.00000E+00  9.00050E+00
f   6    2  5    2  99  3.00000E+00  9.32000E+00
p   6    2  5    2  98  1.48040E+00 -2.51610E+00 -1.14930E-01  1.06630E-02  4.00000E+00  3.71100E+02  3.85900E+02  7.42200E+03
f   6   10  5    2  99  2.00000E+00  9.88400E+00
p   6   10  5    2  99  2.00000E+00  9.88400E+00
f   6   11  5    2  99  1.00000E+00  9.14930E+00
p   6   11  5    2  99  1.00000E+00  9.14930E+00
f   6   12  5    2  99  1.00000E+00  9.03060E+00
p   6   12  5    2  99  1.00000E+00  9.03060E+00
f   6   13  5    2  99  1.00000E+00  9.04800E+00
p   6   13  5    2  99  1.00000E+00  9.04800E+00
f   6   14  5    2  99  1.00000E+00  9.03600E+00
p   6   14  5    2  99  1.00000E+00  9.03600E+00
f   6   15  5    2  99  1.00000E+00  9.01220E+00
p   6   15  5    2  99  1.00000E+00  9.01220E+00
f   6   16  5    2  99  1.00000E+00  9.01020E+00
p   6   16  5    2  99  1.00000E+00  9.01020E+00
f   6   17  5    2  99  1.00000E+00  9.00050E+00
p   6   17  5    2  99  1.00000E+00  9.00050E+00
f   6    3  5    3  99  3.00000E+00  9.09260E+00
p   6    3  5    3  98  1.48040E+00 -2.51610E+00 -1.14930E-01  1.06630E-02  4.00000E+00  3.71100E+02  3.85900E+02  7.42200E+03
f   6   11  5    3  99  1.00000E+00  9.14930E+00
p   6   11  5    3  99  1.00000E+00  9.14930E+00
f   6    4  5    4  99  3.00000E+00  9.01230E+00
p   6    4  5    4  98  1.48040E+00 -2.51610E+00 -1.14930E-01  1.06630E-02  4.00000E+00  3.71100E+02  3.85900E+02  7.42200E+03
f   6   12  5    4  99  1.00000E+00  9.03060E+00
p   6   12  5    4  99  1.00000E+00  9.03060E+00
f   6    5  5    5  99  3.00000E+00  9.04200E+00
p   6    5  5    5  98  1.48040E+00 -2.51610E+00 -1.14930E-01  1.06630E-02  4.00000E+00  3.71100E+02  3.85900E+02  7.42200E+03
f   6   13  5    5  99  1.00000E+00  9.04800E+00
p   6   13  5    5  99  1.00000E+00  9.04800E+00
f   6    6  5    6  99  3.00000E+00  9.03200E+00
p   6    6  5    6  98  1.48040E+00 -2.51610E+00 -1.14930E-01  1.06630E-02  4.00000E+00  3.71100E+02  3.85900E+02  7.42200E+03
f   6   14  5    6  99  1.00000E+00  9.03600E+00
p   6   14  5    6  99  1.00000E+00  9.03600E+00
f   6    7  5    7  99  3.00000E+00  9.00320E+00
p   6    7  5    7  98  1.48040E+00 -2.51610E+00 -1.14930E-01  1.06630E-02  4.00000E+00  3.71100E+02  3.85900E+02  7.42200E+03
f   6   15  5    7  99  1.00000E+00  9.01220E+00
p   6   15  5    7  99  1.00000E+00  9.01220E+00
f   6    8  5    8  99  3.00000E+00  9.00320E+00
p   6    8  5    8  98  1.48040E+00 -2.51610E+00 -1.14930E-01  1.06630E-02  4.00000E+00  3.71100E+02  3.85900E+02  7.42200E+03
f   6   16  5    8  99  1.00000E+00  9.01020E+00
p   6   16  5    8  99  1.00000E+00  9.01020E+00
f   6    9  5    9  99  3.00000E+00  9.00050E+00
p   6    9  5    9  98  1.48040E+00 -2.51610E+00 -1.14930E-01  1.06630E-02  4.00000E+00  3.71100E+02  3.85900E+02  7.42200E+03
f   6   17  5    9  99  1.00000E+00  9.00050E+00
p   6   17  5    9  99  1.00000E+00  9.00050E+00
f   6   10  5   10  99  2.00000E+00  9.88400E+00
p   6   10  5   10  98  1.48040E+00 -2.51610E+00 -1.14930E-01  1.06630E-02  4.00000E+00  3.71100E+02  3.85900E+02  7.42200E+03
f   6   11  5   11  99  2.00000E+00  9.14930E+00
p   6   11  5   11  98  1.48040E+00 -2.51610E+00 -1.14930E-01  1.06630E-02  4.00000E+00  3.71100E+02  3.85900E+02  7.42200E+03
f   6   12  5   12  99  2.00000E+00  9.03060E+00
p   6   12  5   12  98  1.48040E+00 -2.51610E+00 -1.14930E-01  1.06630E-02  4.00000E+00  3.71100E+02  3.85900E+02  7.42200E+03
f   6   13  5   13  99  2.00000E+00  9.04800E+00
p   6   13  5   13  98  1.48040E+00 -2.51610E+00 -1.14930E-01  1.06630E-02  4.00000E+00  3.71100E+02  3.85900E+02  7.42200E+03
f   6   14  5   14  99  2.00000E+00  9.03600E+00
p   6   14  5   14  98  1.48040E+00 -2.51610E+00 -1.14930E-01  1.06630E-02  4.00000E+00  3.71100E+02  3.85900E+02  7.42200E+03
f   6   15  5   15  99  2.00000E+00  9.01220E+00
p   6   15  5   15  98  1.48040E+00 -2.51610E+00 -1.14930E-01  1.06630E-02  4.00000E+00  3.71100E+02  3.85900E+02  7.42200E+03
f   6   16  5   16  99  2.00000E+00  9.01020E+00
p   6   16  5   16  98  1.48040E+00 -2.51610E+00 -1.14930E-01  1.06630E-02  4.00000E+00  3.71100E+02  3.85900E+02  7.42200E+03
f   6   17  5   17  99  2.00000E+00  9.00050E+00
p   6   17  5   17  98  1.48040E+00 -2.51610E+00 -1.14930E-01  1.06630E-02  4.00000E+00  3.71100E+02  3.85900E+02  7.42200E+03
f   6    1  5   18  99  2.00000E+00  1.12183E+01
p   6    1  5   18  98  2.08240E+00 -2.48950E+00 -1.95540E-01  1.88450E-02  2.00000E+00  2.11400E+03  2.19900E+03  4.22900E+04
f   6   18  5   18  99  5.00000E+00  1.18544E+01
p   6   18  5   18  98  1.48040E+00 -2.51610E+00 -1.14930E-01  1.06630E-02  4.00000E+00  3.71100E+02  3.85900E+02  7.42200E+03
f   6   19  5   18  99  1.00000E+00  9.40000E+00
p   6   19  5   18  99  1.00000E+00  9.40000E+00
f   6   20  5   18  99  1.00000E+00  9.11580E+00
p   6   20  5   18  99  1.00000E+00  9.11580E+00
f   6   21  5   18  99  1.00000E+00  9.01140E+00
p   6   21  5   18  99  1.00000E+00  9.01140E+00
f   6   22  5   18  99  1.00000E+00  9.05100E+00
p   6   22  5   18  99  1.00000E+00  9.05100E+00
f   6   23  5   18  99  1.00000E+00  9.04100E+00
p   6   23  5   18  99  1.00000E+00  9.04100E+00
f   6   24  5   18  99  1.00000E+00  9.00410E+00
p   6   24  5   18  99  1.00000E+00  9.00410E+00
f   6   25  5   18  99  1.00000E+00  9.00410E+00
p   6   25  5   18  99  1.00000E+00  9.00410E+00
f   6   26  5   18  99  1.00000E+00  9.00050E+00
p   6   26  5   18  99  1.00000E+00  9.00050E+00
f   6    2  5   19  99  2.00000E+00  9.32000E+00
p   6    2  5   19  98  2.08240E+00 -2.48950E+00 -1.95540E-01  1.88450E-02  2.00000E+00  2.11400E+03  2.19900E+03  4.22900E+04
f   6   19  5   19  99  4.00000E+00  9.40000E+00
p   6   19  5   19  98  1.48040E+00 -2.51610E+00 -1.14930E-01  1.06630E-02  4.00000E+00  3.71100E+02  3.85900E+02  7.42200E+03
f   6    3  5   20  99  2.00000E+00  9.09260E+00
p   6    3  5   20  98  2.08240E+00 -2.48950E+00 -1.95540E-01  1.88450E-02  2.00000E+00  2.11400E+03  2.19900E+03  4.22900E+04
f   6   20  5   20  99  4.00000E+00  9.11580E+00
p   6   20  5   20  98  1.48040E+00 -2.51610E+00 -1.14930E-01  1.06630E-02  4.00000E+00  3.71100E+02  3.85900E+02  7.42200E+03
f   6    4  5   21  99  2.00000E+00  9.01230E+00
p   6    4  5   21  98  2.08240E+00 -2.48950E+00 -1.95540E-01  1.88450E-02  2.00000E+00  2.11400E+03  2.19900E+03  4.22900E+04
f   6   21  5   21  99  4.00000E+00  9.01140E+00
p   6   21  5   21  98  1.48040E+00 -2.51610E+00 -1.14930E-01  1.06630E-02  4.00000E+00  3.71100E+02  3.85900E+02  7.42200E+03
f   6    5  5   22  99  2.00000E+00  9.04200E+00
p   6    5  5   22  98  2.08240E+00 -2.48950E+00 -1.95540E-01  1.88450E-02  2.00000E+00  2.11400E+03  2.19900E+03  4.22900E+04
f   6   22  5   22  99  4.00000E+00  9.05100E+00
p   6   22  5   22  98  1.48040E+00 -2.51610E+00 -1.14930E-01  1.06630E-02  4.00000E+00  3.71100E+02  3.85900E+02  7.42200E+03
f   6    6  5   23  99  2.00000E+00  9.03200E+00
p   6    6  5   23  98  2.08240E+00 -2.48950E+00 -1.95540E-01  1.88450E-02  2.00000E+00  2.11400E+03  2.19900E+03  4.22900E+04
f   6   23  5   23  99  4.00000E+00  9.04100E+00
p   6   23  5   23  98  1.48040E+00 -2.51610E+00 -1.14930E-01  1.06630E-02  4.00000E+00  3.71100E+02  3.85900E+02  7.42200E+03
f   6    7  5   24  99  2.00000E+00  9.00320E+00
p   6    7  5   24  98  2.08240E+00 -2.48950E+00 -1.95540E-01  1.88450E-02  2.00000E+00  2.11400E+03  2.19900E+03  4.22900E+04
f   6   24  5   24  99  4.00000E+00  9.00410E+00
p   6   24  5   24  98  1.48040E+00 -2.51610E+00 -1.14930E-01  1.06630E-02  4.00000E+00  3.71100E+02  3.85900E+02  7.42200E+03
f   6    8  5   25  99  2.00000E+00  9.00320E+00
p   6    8  5   25  98  2.08240E+00 -2.48950E+00 -1.95540E-01  1.88450E-02  2.00000E+00  2.11400E+03  2.19900E+03  4.22900E+04
f   6   25  5   25  99  4.00000E+00  9.00410E+00
p   6   25  5   25  98  1.48040E+00 -2.51610E+00 -1.14930E-01  1.06630E-02  4.00000E+00  3.71100E+02  3.85900E+02  7.42200E+03
f   6    9  5   26  99  2.00000E+00  9.00050E+00
p   6    9  5   26  98  2.08240E+00 -2.48950E+00 -1.95540E-01  1.88450E-02  2.00000E+00  2.11400E+03  2.19900E+03  4.22900E+04
f   6   26  5   26  99  4.00000E+00  9.00050E+00
p   6   26  5   26  98  1.48040E+00 -2.51610E+00 -1.14930E-01  1.06630E-02  4.00000E+00  3.71100E+02  3.85900E+02  7.42200E+03
a   6   10  5    1   1.23444E+14
a   6   11  5    1   2.46398E+13
a   6   12  5    1   7.92788E+12
a   6   13  5    1   3.18690E+12
a   6   14  5    1   1.47447E+12
a   6   15  5    1   7.56270E+11
a   6   16  5    1   4.19670E+11
a   6   17  5    1   2.47815E+11
a   6   18  5    1   3.04960E+14
a   6   19  5    1   9.82300E+12
a   6   20  5    1   2.18300E+12
a   6   21  5    1   6.92540E+11
a   6   22  5    1   2.72840E+11
a   6   23  5    1   1.26234E+11
a   6   24  5    1   6.47460E+10
a   6   25  5    1   3.59300E+10
a   6   26  5    1   2.12160E+10
a   6   19  5    2   1.82976E+14
a   6   20  5    3   1.82976E+14
a   6   21  5    4   1.82976E+14
a   6   22  5    5   1.82976E+14
a   6   23  5    6   1.82976E+14
a   6   24  5    7   1.82976E+14
a   6   25  5    8   1.82976E+14
a   6   26  5    9   1.82976E+14
b   7    1  7    2  99  1.06515E-01  1.25960E+00 -2.60882E+01  2.00683E+02  2.00000E+01  1.83950E+00  1.83950E+00
b   7    1  7    3  99  1.17750E-01  1.35845E+00 -2.67149E+01  2.06535E+02  2.00000E+01  4.99500E-01  4.99500E-01
b   7    2  7    3  99  2.52150E-01  9.38445E-02  1.49169E+00 -5.75017E-01  2.08531E+00  6.90900E-01  6.90900E-01
b   7    1  7    4  99  1.30026E-01  1.34843E+00 -2.83687E+01  2.57337E+02  2.00000E+01  2.11500E-01  2.11500E-01
b   7    2  7    4  99  1.32872E-01  1.19935E+00 -1.68825E+01  1.76258E+02  2.00000E+01  1.44400E-01  1.44400E-01
b   7    3  7    4  99  2.47056E-01  1.24120E-01  1.96329E+00 -9.77980E-01  2.79786E+00  9.44000E-01  9.44000E-01
b   7    1  7    5  99  1.11569E-01  1.30897E+00 -9.06973E+00  2.72657E+01  9.47271E+00  9.71000E-02  9.71000E-02
b   7    2  7    5  99  1.80950E-01  1.60012E+00 -2.23564E+01  2.51380E+02  2.00000E+01  5.06300E-02  5.06300E-02
b   7    3  7    5  99  2.85099E-01  6.52897E-01  1.46541E+00 -4.93161E-01  2.12004E+00  1.63200E-01  1.63200E-01
b   7    4  7    5  99  2.61353E-01  1.47506E-01  2.53129E+00 -1.44143E+00  3.38868E+00  1.12600E+00  1.12600E+00
b   7    1  7    6  99  1.10638E-01  1.42460E+00 -1.37907E+01 -2.76243E+01  2.00000E+01  5.77000E-02  5.77000E-02
b   7    2  7    6  99  1.83921E-01  1.73313E+00 -2.27829E+01  2.49028E+02  2.00000E+01  2.61300E-02  2.61300E-02
b   7    3  7    6  99  3.07055E-01  9.00777E-01  1.59413E+00 -6.03805E-01  2.13866E+00  6.21400E-02  6.21400E-02
b   7    4  7    6  99  2.83365E-01  6.94114E-01  2.08338E+00 -1.01252E+00  2.89360E+00  1.93800E-01  1.93800E-01
b   7    5  7    6  99  2.43347E-01  2.13227E-01  2.41801E+00 -4.30704E-01  4.09590E+00  1.35600E+00  1.35600E+00
b   7    1  7    7  99  1.13059E-01  1.45734E+00 -1.53535E+01 -5.33617E+00  2.00000E+01  3.72150E-02  3.72150E-02
b   7    2  7    7  99  1.98738E-01  1.76298E+00 -2.30776E+01  2.72076E+02  2.00000E+01  1.55000E-02  1.55000E-02
b   7    3  7    7  99  3.18333E-01  1.07431E+00  1.64031E+00 -6.22753E-01  2.15568E+00  3.14500E-02  3.14500E-02
b   7    4  7    7  99  3.04542E-01  1.02998E+00  2.22096E+00 -1.07489E+00  2.97347E+00  7.13000E-02  7.13000E-02
b   7    5  7    7  99  2.78253E-01  7.29265E-01  2.49465E+00 -1.40227E+00  3.49187E+00  2.24300E-01  2.24300E-01
b   7    6  7    7  99  2.28198E-01  2.77441E-01  2.15857E+00 -3.10225E-01  4.07715E+00  1.56500E+00  1.56500E+00
b   7    1  7    8  99  1.13615E-01  1.46193E+00 -1.53172E+01 -5.39853E+00  2.00000E+01  2.54600E-02  2.54600E-02
b   7    2  7    8  99  2.00161E-01  1.82191E+00 -2.32279E+01  2.71187E+02  2.00000E+01  1.00400E-02  1.00400E-02
b   7    3  7    8  99  3.25432E-01  1.19842E+00  1.65979E+00 -6.22006E-01  2.15586E+00  1.85300E-02  1.85300E-02
b   7    4  7    8  99  3.16711E-01  1.27964E+00  2.25529E+00 -1.04068E+00  2.99565E+00  3.54900E-02  3.54900E-02
b   7    5  7    8  99  2.99388E-01  1.12330E+00  2.64244E+00 -1.45041E+00  3.58814E+00  8.06500E-02  8.06500E-02
b   7    6  7    8  99  2.63521E-01  8.13965E-01  2.29085E+00 -1.25151E+00  3.52924E+00  2.52600E-01  2.52600E-01
b   7    7  7    8  99  2.17488E-01  3.22185E-01  1.98760E+00 -2.85495E-01  4.05188E+00  1.76900E+00  1.76900E+00
b   7    1  7    9  99  1.15006E-01  1.49234E+00 -1.68062E+01  1.44082E+01  2.00000E+01  1.81900E-02  1.81900E-02
b   7    2  7    9  99  1.98036E-01  1.87740E+00 -2.32506E+01  2.63628E+02  2.00000E+01  6.91700E-03  6.91700E-03
b   7    3  7    9  99  3.30320E-01  1.29081E+00  1.68288E+00 -6.21611E-01  2.19145E+00  1.20000E-02  1.20000E-02
b   7    4  7    9  99  3.25626E-01  1.46407E+00  2.29556E+00 -1.04460E+00  3.01712E+00  2.07400E-02  2.07400E-02
b   7    5  7    9  99  2.95144E-01  1.51336E+00  1.97527E+00 -9.21106E-01  2.96979E+00  3.96200E-02  3.96200E-02
b   7    6  7    9  99  2.84970E-01  1.25121E+00  2.43488E+00 -1.33985E+00  3.61460E+00  8.94200E-02  8.94200E-02
b   7    7  7    9  99  2.55112E-01  8.60885E-01  2.29277E+00 -2.54032E-01  4.25662E+00  2.80400E-01  2.80400E-01
b   7    8  7    9  99  3.59697E-01  5.96077E-01  3.20509E+00 -4.89631E-01  4.03907E+00  1.15100E+00  1.15100E+00
b   7    1  7   10  98  0.00000E+00  0.00000E+00  0.00000E+00  0.00000E+00  0.00000E+00  4.23764E-02  8.47529E-04
b   7    2  7   10  99  1.06515E-01  1.25960E+00 -2.60882E+01  2.00683E+02  2.00000E+01  1.38984E+00  1.38984E+00
b   7    1  7   11  98  0.00000E+00  0.00000E+00  0.00000E+00  0.00000E+00  0.00000E+00  6.57910E-02  1.31582E-03
b   7    2  7   11  99  1.17750E-01  1.35845E+00 -2.67149E+01  2.06535E+02  2.00000E+01  3.99600E-01  3.99600E-01
b   7    3  7   11  99  1.06515E-01  1.25960E+00 -2.60882E+01  2.00683E+02  2.00000E+01  1.47160E+00  1.47160E+00
b   7   10  7   11  99  2.52150E-01  9.38445E-02  1.49169E+00 -5.75017E-01  2.08531E+00  1.38180E+00  1.38180E+00
b   7    1  7   12  98  0.00000E+00  0.00000E+00  0.00000E+00  0.00000E+00  0.00000E+00  9.44146E-02  1.88829E-03
b   7    2  7   12  99  1.30026E-01  1.34843E+00 -2.83687E+01  2.57337E+02  2.00000E+01  1.69200E-01  1.69200E-01
b   7    4  7   12  99  1.06515E-01  1.25960E+00 -2.60882E+01  2.00683E+02  2.00000E+01  1.47160E+00  1.47160E+00
b   7   10  7   12  99  1.32872E-01  1.19935E+00 -1.68825E+01  1.76258E+02  2.00000E+01  2.88800E-01  2.88800E-01
b   7   11  7   12  99  2.47056E-01  1.24120E-01  1.96329E+00 -9.77980E-01  2.79786E+00  9.44000E-01  9.44000E-01
b   7    1  7   13  98  0.00000E+00  0.00000E+00  0.00000E+00  0.00000E+00  0.00000E+00  1.30428E-01  2.60855E-03
b   7    2  7   13  99  1.11569E-01  1.30897E+00 -9.06973E+00  2.72657E+01  9.47271E+00  7.76800E-02  7.76800E-02
b   7    5  7   13  99  1.06515E-01  1.25960E+00 -2.60882E+01  2.00683E+02  2.00000E+01  1.47160E+00  1.47160E+00
b   7   10  7   13  99  1.80950E-01  1.60012E+00 -2.23564E+01  2.51380E+02  2.00000E+01  1.01260E-01  1.01260E-01
b   7   11  7   13  99  2.85099E-01  6.52897E-01  1.46541E+00 -4.93161E-01  2.12004E+00  1.63200E-01  1.63200E-01
b   7   12  7   13  99  2.61353E-01  1.47506E-01  2.53129E+00 -1.44143E+00  3.38868E+00  1.12600E+00  1.12600E+00
b   7    1  7   14  98  0.00000E+00  0.00000E+00  0.00000E+00  0.00000E+00  0.00000E+00  1.72985E-01  3.45969E-03
b   7    2  7   14  99  1.10638E-01  1.42460E+00 -1.37907E+01 -2.76243E+01  2.00000E+01  4.61600E-02  4.61600E-02
b   7    6  7   14  99  1.06515E-01  1.25960E+00 -2.60882E+01  2.00683E+02  2.00000E+01  1.47160E+00  1.47160E+00
b   7   10  7   14  99  1.83921E-01  1.73313E+00 -2.27829E+01  2.49028E+02  2.00000E+01  5.22600E-02  5.22600E-02
b   7   11  7   14  99  3.07055E-01  9.00777E-01  1.59413E+00 -6.03805E-01  2.13866E+00  6.21400E-02  6.21400E-02
b   7   12  7   14  99  2.83365E-01  6.94114E-01  2.08338E+00 -1.01252E+00  2.89360E+00  1.93800E-01  1.93800E-01
b   7   13  7   14  99  2.43347E-01  2.13227E-01  2.41801E+00 -4.30704E-01  4.09590E+00  1.35600E+00  1.35600E+00
b   7    1  7   15  98  0.00000E+00  0.00000E+00  0.00000E+00  0.00000E+00  0.00000E+00  2.22111E-01  4.44223E-03
b   7    2  7   15  99  1.13059E-01  1.45734E+00 -1.53535E+01 -5.33617E+00  2.00000E+01  2.97720E-02  2.97720E-02
b   7    7  7   15  99  1.06515E-01  1.25960E+00 -2.60882E+01  2.00683E+02  2.00000E+01  1.47160E+00  1.47160E+00
b   7   10  7   15  99  1.98738E-01  1.76298E+00 -2.30776E+01  2.72076E+02  2.00000E+01  3.10000E-02  3.10000E-02
b   7   11  7   15  99  3.18333E-01  1.07431E+00  1.64031E+00 -6.22753E-01  2.15568E+00  3.14500E-02  3.14500E-02
b   7   12  7   15  99  3.04542E-01  1.02998E+00  2.22096E+00 -1.07489E+00  2.97347E+00  7.13000E-02  7.13000E-02
b   7   13  7   15  99  2.78253E-01  7.29265E-01  2.49465E+00 -1.40227E+00  3.49187E+00  2.24300E-01  2.24300E-01
b   7   14  7   15  99  2.28198E-01  2.77441E-01  2.15857E+00 -3.10225E-01  4.07715E+00  1.56500E+00  1.56500E+00
b   7    1  7   16  98  0.00000E+00  0.00000E+00  0.00000E+00  0.00000E+00  0.00000E+00  2.78013E-01  5.56026E-03
b   7    2  7   16  99  1.13615E-01  1.46193E+00 -1.53172E+01 -5.39853E+00  2.00000E+01  2.03680E-02  2.03680E-02
b   7    8  7   16  99  1.06515E-01  1.25960E+00 -2.60882E+01  2.00683E+02  2.00000E+01  1.47160E+00  1.47160E+00
b   7   10  7   16  99  2.00161E-01  1.82191E+00 -2.32279E+01  2.71187E+02  2.00000E+01  2.00800E-02  2.00800E-02
b   7   11  7   16  99  3.25432E-01  1.19842E+00  1.65979E+00 -6.22006E-01  2.15586E+00  1.85300E-02  1.85300E-02
b   7   12  7   16  99  3.16711E-01  1.27964E+00  2.25529E+00 -1.04068E+00  2.99565E+00  3.54900E-02  3.54900E-02
b   7   13  7   16  99  2.99388E-01  1.12330E+00  2.64244E+00 -1.45041E+00  3.58814E+00  8.06500E-02  8.06500E-02
b   7   14  7   16  99  2.63521E-01  8.13965E-01  2.29085E+00 -1.25151E+00  3.52924E+00  2.52600E-01  2.52600E-01
b   7   15  7   16  99  2.17488E-01  3.22185E-01  1.98760E+00 -2.85495E-01  4.05188E+00  1.76900E+00  1.76900E+00
b   7    1  7   17  98  0.00000E+00  0.00000E+00  0.00000E+00  0.00000E+00  0.00000E+00  3.40538E-01  6.81076E-03
b   7    2  7   17  99  1.15006E-01  1.49234E+00 -1.68062E+01  1.44082E+01  2.00000E+01  1.45520E-02  1.45520E-02
b   7    9  7   17  99  1.06515E-01  1.25960E+00 -2.60882E+01  2.00683E+02  2.00000E+01  1.47160E+00  1.47160E+00
b   7   10  7   17  99  1.98036E-01  1.87740E+00 -2.32506E+01  2.63628E+02  2.00000E+01  1.38340E-02  1.38340E-02
b   7   11  7   17  99  3.30320E-01  1.29081E+00  1.68288E+00 -6.21611E-01  2.19145E+00  1.20000E-02  1.20000E-02
b   7   12  7   17  99  3.25626E-01  1.46407E+00  2.29556E+00 -1.04460E+00  3.01712E+00  2.07400E-02  2.07400E-02
b   7   13  7   17  99  2.95144E-01  1.51336E+00  1.97527E+00 -9.21106E-01  2.96979E+00  3.96200E-02  3.96200E-02
b   7   14  7   17  99  2.84970E-01  1.25121E+00  2.43488E+00 -1.33985E+00  3.61460E+00  8.94200E-02  8.94200E-02
b   7   15  7   17  99  2.55112E-01  8.60885E-01  2.29277E+00 -2.54032E-01  4.25662E+00  2.80400E-01  2.80400E-01
b   7   16  7   17  99  3.59697E-01  5.96077E-01  3.20509E+00 -4.89631E-01  4.03907E+00  1.15100E+00  1.15100E+00
b   7    1  7   18  99  3.99197E-01  8.02942E-03 -3.04738E+00  2.17058E+01  3.88129E+00  2.03850E-01  2.03850E-01
b   7    1  7   19  99  3.92203E-01  1.09314E-01 -3.12332E+00  2.05909E+01  3.84273E+00  8.78400E-02  8.78400E-02
b   7    2  7   19  99  3.99197E-01  8.02942E-03 -3.04738E+00  2.17058E+01  3.88129E+00  2.71800E-01  2.71800E-01
b   7   18  7   19  99  1.06515E-01  1.25960E+00 -2.60882E+01  2.00683E+02  2.00000E+01  2.20740E+00  2.20740E+00
b   7    1  7   20  99  3.91972E-01  1.30859E-01 -3.11999E+00  2.03114E+01  3.83147E+00  3.24000E-02  3.24000E-02
b   7    3  7   20  99  3.99197E-01  8.02942E-03 -3.04738E+00  2.17058E+01  3.88129E+00  2.71800E-01  2.71800E-01
b   7   18  7   20  99  1.17750E-01  1.35845E+00 -2.67149E+01  2.06535E+02  2.00000E+01  5.99400E-01  5.99400E-01
b   7   19  7   20  99  2.52150E-01  9.38445E-02  1.49169E+00 -5.75017E-01  2.08531E+00  6.90900E-01  6.90900E-01
b   7    1  7   21  99  3.83316E-01  1.47700E-01 -3.12489E+00  1.99684E+01  3.83502E+00  1.55820E-02  1.55820E-02
b   7    4  7   21  99  3.99197E-01  8.02942E-03 -3.04738E+00  2.17058E+01  3.88129E+00  2.71800E-01  2.71800E-01
b   7   18  7   21  99  1.30026E-01  1.34843E+00 -2.83687E+01  2.57337E+02  2.00000E+01  2.53800E-01  2.53800E-01
b   7   19  7   21  99  1.32872E-01  1.19935E+00 -1.68825E+01  1.76258E+02  2.00000E+01  1.44400E-01  1.44400E-01
b   7   20  7   21  99  2.47056E-01  1.24120E-01  1.96329E+00 -9.77980E-01  2.79786E+00  9.44000E-01  9.44000E-01
b   7    1  7   22  99  4.27367E-01  1.58608E-01 -3.51495E+00  2.23614E+01  3.83291E+00  7.97600E-03  7.97600E-03
b   7    5  7   22  99  3.99197E-01  8.02942E-03 -3.04738E+00  2.17058E+01  3.88129E+00  2.71800E-01  2.71800E-01
b   7   18  7   22  99  1.11569E-01  1.30897E+00 -9.06973E+00  2.72657E+01  9.47271E+00  1.16520E-01  1.16520E-01
b   7   19  7   22  99  1.80950E-01  1.60012E+00 -2.23564E+01  2.51380E+02  2.00000E+01  5.06300E-02  5.06300E-02
b   7   20  7   22  99  2.85099E-01  6.52897E-01  1.46541E+00 -4.93161E-01  2.12004E+00  1.63200E-01  1.63200E-01
b   7   21  7   22  99  2.61353E-01  1.47506E-01  2.53129E+00 -1.44143E+00  3.38868E+00  1.12600E+00  1.12600E+00
b   7    1  7   23  99  4.23284E-01  1.62951E-01 -3.52263E+00  2.23005E+01  3.84046E+00  4.90800E-03  4.90800E-03
b   7    6  7   23  99  3.99197E-01  8.02942E-03 -3.04738E+00  2.17058E+01  3.88129E+00  2.71800E-01  2.71800E-01
b   7   18  7   23  99  1.10638E-01  1.42460E+00 -1.37907E+01 -2.76243E+01  2.00000E+01  6.92400E-02  6.92400E-02
b   7   19  7   23  99  1.83921E-01  1.73313E+00 -2.27829E+01  2.49028E+02  2.00000E+01  2.61300E-02  2.61300E-02
b   7   20  7   23  99  3.07055E-01  9.00777E-01  1.59413E+00 -6.03805E-01  2.13866E+00  6.21400E-02  6.21400E-02
b   7   21  7   23  99  2.83365E-01  6.94114E-01  2.08338E+00 -1.01252E+00  2.89360E+00  1.93800E-01  1.93800E-01
b   7   22  7   23  99  2.43347E-01  2.13227E-01  2.41801E+00 -4.30704E-01  4.09590E+00  1.35600E+00  1.35600E+00
b   7    1  7   24  99  4.21123E-01  1.62298E-01 -3.49001E+00  2.21024E+01  3.83608E+00  3.23400E-03  3.23400E-03
b   7    7  7   24  99  3.99197E-01  8.02942E-03 -3.04738E+00  2.17058E+01  3.88129E+00  2.71800E-01  2.71800E-01
b   7   18  7   24  99  1.13059E-01  1.45734E+00 -1.53535E+01 -5.33617E+00  2.00000E+01  4.46580E-02  4.46580E-02
b   7   19  7   24  99  1.98738E-01  1.76298E+00 -2.30776E+01  2.72076E+02  2.00000E+01  1.55000E-02  1.55000E-02
b   7   20  7   24  99  3.18333E-01  1.07431E+00  1.64031E+00 -6.22753E-01  2.15568E+00  3.14500E-02  3.14500E-02
b   7   21  7   24  99  3.04542E-01  1.02998E+00  2.22096E+00 -1.07489E+00  2.97347E+00  7.13000E-02  7.13000E-02
b   7   22  7   24  99  2.78253E-01  7.29265E-01  2.49465E+00 -1.40227E+00  3.49187E+00  2.24300E-01  2.24300E-01
b   7   23  7   24  99  2.28198E-01  2.77441E-01  2.15857E+00 -3.10225E-01  4.07715E+00  1.56500E+00  1.56500E+00
b   7    1  7   25  99  4.18054E-01  1.66700E-01 -3.48865E+00  2.19607E+01  3.83458E+00  2.24200E-03  2.24200E-03
b   7    8  7   25  99  3.99197E-01  8.02942E-03 -3.04738E+00  2.17058E+01  3.88129E+00  2.71800E-01  2.71800E-01
b   7   18  7   25  99  1.13615E-01  1.46193E+00 -1.53172E+01 -5.39853E+00  2.00000E+01  3.05520E-02  3.05520E-02
b   7   19  7   25  99  2.00161E-01  1.82191E+00 -2.32279E+01  2.71187E+02  2.00000E+01  1.00400E-02  1.00400E-02
b   7   20  7   25  99  3.25432E-01  1.19842E+00  1.65979E+00 -6.22006E-01  2.15586E+00  1.85300E-02  1.85300E-02
b   7   21  7   25  99  3.16711E-01  1.27964E+00  2.25529E+00 -1.04068E+00  2.99565E+00  3.54900E-02  3.54900E-02
b   7   22  7   25  99  2.99388E-01  1.12330E+00  2.64244E+00 -1.45041E+00  3.58814E+00  8.06500E-02  8.06500E-02
b   7   23  7   25  99  2.63521E-01  8.13965E-01  2.29085E+00 -1.25151E+00  3.52924E+00  2.52600E-01  2.52600E-01
b   7   24  7   25  99  2.17488E-01  3.22185E-01  1.98760E+00 -2.85495E-01  4.05188E+00  1.76900E+00  1.76900E+00
b   7    1  7   26  99  4.18070E-01  1.62894E-01 -3.46976E+00  2.19595E+01  3.83808E+00  1.61560E-03  1.61560E-03
b   7    9  7   26  99  3.99197E-01  8.02942E-03 -3.04738E+00  2.17058E+01  3.88129E+00  2.71800E-01  2.71800E-01
b   7   18  7   26  99  1.15006E-01  1.49234E+00 -1.68062E+01  1.44082E+01  2.00000E+01  2.18280E-02  2.18280E-02
b   7   19  7   26  99  1.98036E-01  1.87740E+00 -2.32506E+01  2.63628E+02  2.00000E+01  6.91700E-03  6.91700E-03
b   7   20  7   26  99  3.30320E-01  1.29081E+00  1.68288E+00 -6.21611E-01  2.19145E+00  1.20000E-02  1.20000E-02
b   7   21  7   26  99  3.25626E-01  1.46407E+00  2.29556E+00 -1.04460E+00  3.01712E+00  2.07400E-02  2.07400E-02
b   7   22  7   26  99  2.95144E-01  1.51336E+00  1.97527E+00 -9.21106E-01  2.96979E+00  3.96200E-02  3.96200E-02
b   7   23  7   26  99  2.84970E-01  1.25121E+00  2.43488E+00 -1.33985E+00  3.61460E+00  8.94200E-02  8.94200E-02
b   7   24  7   26  99  2.55112E-01  8.60885E-01  2.29277E+00 -2.54032E-01  4.25662E+00  2.80400E-01  2.80400E-01
b   7   25  7   26  99  3.59697E-01  5.96077E-01  3.20509E+00 -4.89631E-01  4.03907E+00  1.15100E+00  1.15100E+00
f   7    1  6    1  99  5.00000E+00  1.09164E+01
p   7    1  6    1  98  1.57010E+00 -2.44400E+00 -1.37400E-01  1.39300E-02  5.00000E+00  3.26700E+02  3.39800E+02  6.53400E+03
f   7    2  6    1  99  1.00000E+00  8.41600E+00
p   7    2  6    1  99  1.00000E+00  8.41600E+00
f   7    3  6    1  99  1.00000E+00  8.12040E+00
p   7    3  6    1  99  1.00000E+00  8.12040E+00
f   7    4  6    1  99  1.00000E+00  8.01440E+00
p   7    4  6    1  99  1.00000E+00  8.01440E+00
f   7    5  6    1  99  1.00000E+00  8.05400E+00
p   7    5  6    1  99  1.00000E+00  8.05400E+00
f   7    6  6    1  99  1.00000E+00  8.04200E+00
p   7    6  6    1  99  1.00000E+00  8.04200E+00
f   7    7  6    1  99  1.00000E+00  8.00420E+00
p   7    7  6    1  99  1.00000E+00  8.00420E+00
f   7    8  6    1  99  1.00000E+00  8.00420E+00
p   7    8  6    1  99  1.00000E+00  8.00420E+00
f   7    9  6    1  99  1.00000E+00  8.00060E+00
p   7    9  6    1  99  1.00000E+00  8.00060E+00
f   7    2  6    2  99  4.00000E+00  8.41600E+00
p   7    2  6    2  98  1.57010E+00 -2.44400E+00 -1.37400E-01  1.39300E-02  5.00000E+00  3.26700E+02  3.39800E+02  6.53400E+03
f   7   10  6    2  99  2.00000E+00  8.98000E+00
p   7   10  6    2  99  2.00000E+00  8.98000E+00
f   7   11  6    2  99  1.00000E+00  8.17710E+00
p   7   11  6    2  99  1.00000E+00  8.17710E+00
f   7   12  6    2  99  1.00000E+00  8.03270E+00
p   7   12  6    2  99  1.00000E+00  8.03270E+00
f   7   13  6    2  99  1.00000E+00  8.06000E+00
p   7   13  6    2  99  1.00000E+00  8.06000E+00
f   7   14  6    2  99  1.00000E+00  8.04600E+00
p   7   14  6    2  99  1.00000E+00  8.04600E+00
f   7   15  6    2  99  1.00000E+00  8.01320E+00
p   7   15  6    2  99  1.00000E+00  8.01320E+00
f   7   16  6    2  99  1.00000E+00  8.01120E+00
p   7   16  6    2  99  1.00000E+00  8.01120E+00
f   7   17  6    2  99  1.00000E+00  8.00060E+00
p   7   17  6    2  99  1.00000E+00  8.00060E+00
f   7    3  6    3  99  4.00000E+00  8.12040E+00
p   7    3  6    3  98  1.57010E+00 -2.44400E+00 -1.37400E-01  1.39300E-02  5.00000E+00  3.26700E+02  3.39800E+02  6.53400E+03
f   7   11  6    3  99  1.00000E+00  8.17710E+00
p   7   11  6    3  99  1.00000E+00  8.17710E+00
f   7    4  6    4  99  4.00000E+00  8.01440E+00
p   7    4  6    4  98  1.57010E+00 -2.44400E+00 -1.37400E-01  1.39300E-02  5.00000E+00  3.26700E+02  3.39800E+02  6.53400E+03
f   7   12  6    4  99  1.00000E+00  8.03270E+00
p   7   12  6    4  99  1.00000E+00  8.03270E+00
f   7    5  6    5  99  4.00000E+00  8.05400E+00
p   7    5  6    5  98  1.57010E+00 -2.44400E+00 -1.37400E-01  1.39300E-02  5.00000E+00  3.26700E+02  3.39800E+02  6.53400E+03
f   7   13  6    5  99  1.00000E+00  8.06000E+00
p   7   13  6    5  99  1.00000E+00  8.06000E+00
f   7    6  6    6  99  4.00000E+00  8.04200E+00
p   7    6  6    6  98  1.57010E+00 -2.44400E+00 -1.37400E-01  1.39300E-02  5.00000E+00  3.26700E+02  3.39800E+02  6.53400E+03
f   7   14  6    6  99  1.00000E+00  8.04600E+00
p   7   14  6    6  99  1.00000E+00  8.04600E+00
f   7    7  6    7  99  4.00000E+00  8.00420E+00
p   7    7  6    7  98  1.57010E+00 -2.44400E+00 -1.37400E-01  1.39300E-02  5.00000E+00  3.26700E+02  3.39800E+02  6.53400E+03
f   7   15  6    7  99  1.00000E+00  8.01320E+00
p   7   15  6    7  99  1.00000E+00  8.01320E+00
f   7    8  6    8  99  4.00000E+00  8.00420E+00
p   7    8  6    8  98  1.57010E+00 -2.44400E+00 -1.37400E-01  1.39300E-02  5.00000E+00  3.26700E+02  3.39800E+02  6.53400E+03
f   7   16  6    8  99  1.00000E+00  8.01120E+00
p   7   16  6    8  99  1.00000E+00  8.01120E+00
f   7    9  6    9  99  4.00000E+00  8.00060E+00
p   7    9  6    9  98  1.57010E+00 -2.44400E+00 -1.37400E-01  1.39300E-02  5.00000E+00  3.26700E+02  3.39800E+02  6.53400E+03
f   7   17  6    9  99  1.00000E+00  8.00060E+00
p   7   17  6    9  99  1.00000E+00  8.00060E+00
f   7   10  6   10  99  3.00000E+00  8.98000E+00
p   7   10  6   10  98  1.57010E+00 -2.44400E+00 -1.37400E-01  1.39300E-02  5.00000E+00  3.26700E+02  3.39800E+02  6.53400E+03
f   7   11  6   11  99  3.00000E+00  8.17710E+00
p   7   11  6   11  98  1.57010E+00 -2.44400E+00 -1.37400E-01  1.39300E-02  5.00000E+00  3.26700E+02  3.39800E+02  6.53400E+03
f   7   12  6   12  99  3.00000E+00  8.03270E+00
p   7   12  6   12  98  1.57010E+00 -2.44400E+00 -1.37400E-01  1.39300E-02  5.00000E+00  3.26700E+02  3.39800E+02  6.53400E+03
f   7   13  6   13  99  3.00000E+00  8.06000E+00
p   7   13  6   13  98  1.57010E+00 -2.44400E+00 -1.37400E-01  1.39300E-02  5.00000E+00  3.26700E+02  3.39800E+02  6.53400E+03
f   7   14  6   14  99  3.00000E+00  8.04600E+00
p   7   14  6   14  98  1.57010E+00 -2.44400E+00 -1.37400E-01  1.39300E-02  5.00000E+00  3.26700E+02  3.39800E+02  6.53400E+03
f   7   15  6   15  99  3.00000E+00  8.01320E+00
p   7   15  6   15  98  1.57010E+00 -2.44400E+00 -1.37400E-01  1.39300E-02  5.00000E+00  3.26700E+02  3.39800E+02  6.53400E+03
f   7   16  6   16  99  3.00000E+00  8.01120E+00
p   7   16  6   16  98  1.57010E+00 -2.44400E+00 -1.37400E-01  1.39300E-02  5.00000E+00  3.26700E+02  3.39800E+02  6.53400E+03
f   7   17  6   17  99  3.00000E+00  8.00060E+00
p   7   17  6   17  98  1.57010E+00 -2.44400E+00 -1.37400E-01  1.39300E-02  5.00000E+00  3.26700E+02  3.39800E+02  6.53400E+03
f   7    1  6   18  99  2.00000E+00  1.09164E+01
p   7    1  6   18  98  2.12130E+00 -2.47030E+00 -2.01330E-01  1.95700E-02  2.00000E+00  2.05100E+03  2.13300E+03  4.10300E+04
f   7   18  6   18  99  6.00000E+00  1.15525E+01
p   7   18  6   18  98  1.57010E+00 -2.44400E+00 -1.37400E-01  1.39300E-02  5.00000E+00  3.26700E+02  3.39800E+02  6.53400E+03
f   7   19  6   18  99  1.00000E+00  8.49600E+00
p   7   19  6   18  99  1.00000E+00  8.49600E+00
f   7   20  6   18  99  1.00000E+00  8.14360E+00
p   7   20  6   18  99  1.00000E+00  8.14360E+00
f   7   21  6   18  99  1.00000E+00  8.01350E+00
p   7   21  6   18  99  1.00000E+00  8.01350E+00
f   7   22  6   18  99  1.00000E+00  8.06300E+00
p   7   22  6   18  99  1.00000E+00  8.06300E+00
f   7   23  6   18  99  1.00000E+00  8.05100E+00
p   7   23  6   18  99  1.00000E+00  8.05100E+00
f   7   24  6   18  99  1.00000E+00  8.00510E+00
p   7   24  6   18  99  1.00000E+00  8.00510E+00
f   7   25  6   18  99  1.00000E+00  8.00510E+00
p   7   25  6   18  99  1.00000E+00  8.00510E+00
f   7   26  6   18  99  1.00000E+00  8.00060E+00
p   7   26  6   18  99  1.00000E+00  8.00060E+00
f   7    2  6   19  99  2.00000E+00  8.41600E+00
p   7    2  6   19  98  2.12130E+00 -2.47030E+00 -2.01330E-01  1.95700E-02  2.00000E+00  2.05100E+03  2.13300E+03  4.10300E+04
f   7   19  6   19  99  5.00000E+00  8.49600E+00
p   7   19  6   19  98  1.57010E+00 -2.44400E+00 -1.37400E-01  1.39300E-02  5.00000E+00  3.26700E+02  3.39800E+02  6.53400E+03
f   7    3  6   20  99  2.00000E+00  8.12040E+00
p   7    3  6   20  98  2.12130E+00 -2.47030E+00 -2.01330E-01  1.95700E-02  2.00000E+00  2.05100E+03  2.13300E+03  4.10300E+04
f   7   20  6   20  99  5.00000E+00  8.14360E+00
p   7   20  6   20  98  1.57010E+00 -2.44400E+00 -1.37400E-01  1.39300E-02  5.00000E+00  3.26700E+02  3.39800E+02  6.53400E+03
f   7    4  6   21  99  2.00000E+00  8.01440E+00
p   7    4  6   21  98  2.12130E+00 -2.47030E+00 -2.01330E-01  1.95700E-02  2.00000E+00  2.05100E+03  2.13300E+03  4.10300E+04
f   7   21  6   21  99  5.00000E+00  8.01350E+00
p   7   21  6   21  98  1.57010E+00 -2.44400E+00 -1.37400E-01  1.39300E-02  5.00000E+00  3.26700E+02  3.39800E+02  6.53400E+03
f   7    5  6   22  99  2.00000E+00  8.05400E+00
p   7    5  6   22  98  2.12130E+00 -2.47030E+00 -2.01330E-01  1.95700E-02  2.00000E+00  2.05100E+03  2.13300E+03  4.10300E+04
f   7   22  6   22  99  5.00000E+00  8.06300E+00
p   7   22  6   22  98  1.57010E+00 -2.44400E+00 -1.37400E-01  1.39300E-02  5.00000E+00  3.26700E+02  3.39800E+02  6.53400E+03
f   7    6  6   23  99  2.00000E+00  8.04200E+00
p   7    6  6   23  98  2.12130E+00 -2.47030E+00 -2.01330E-01  1.95700E-02  2.00000E+00  2.05100E+03  2.13300E+03  4.10300E+04
f   7   23  6   23  99  5.00000E+00  8.05100E+00
p   7   23  6   23  98  1.57010E+00 -2.44400E+00 -1.37400E-01  1.39300E-02  5.00000E+00  3.26700E+02  3.39800E+02  6.53400E+03
f   7    7  6   24  99  2.00000E+00  8.00420E+00
p   7    7  6   24  98  2.12130E+00 -2.47030E+00 -2.01330E-01  1.95700E-02  2.00000E+00  2.05100E+03  2.13300E+03  4.10300E+04
f   7   24  6   24  99  5.00000E+00  8.00510E+00
p   7   24  6   24  98  1.57010E+00 -2.44400E+00 -1.37400E-01  1.39300E-02  5.00000E+00  3.26700E+02  3.39800E+02  6.53400E+03
f   7    8  6   25  99  2.00000E+00  8.00420E+00
p   7    8  6   25  98  2.12130E+00 -2.47030E+00 -2.01330E-01  1.95700E-02  2.00000E+00  2.05100E+03  2.13300E+03  4.10300E+04
f   7   25  6   25  99  5.00000E+00  8.00510E+00
p   7   25  6   25  98  1.57010E+00 -2.44400E+00 -1.37400E-01  1.39300E-02  5.00000E+00  3.26700E+02  3.39800E+02  6.53400E+03
f   7    9  6   26  99  2.00000E+00  8.00060E+00
p   7    9  6   26  98  2.12130E+00 -2.47030E+00 -2.01330E-01  1.95700E-02  2.00000E+00  2.05100E+03  2.13300E+03  4.10300E+04
f   7   26  6   26  99  5.00000E+00  8.00060E+00
p   7   26  6   26  98  1.57010E+00 -2.44400E+00 -1.37400E-01  1.39300E-02  5.00000E+00  3.26700E+02  3.39800E+02  6.53400E+03
a   7   10  6    1   9.39112E+13
a   7   11  6    1   1.63642E+13
a   7   12  6    1   5.07544E+12
a   7   13  6    1   2.01150E+12
a   7   14  6    1   9.30675E+11
a   7   15  6    1   4.77356E+11
a   7   16  6    1   2.64900E+11
a   7   17  6    1   1.56418E+11
a   7   18  6    1   4.93080E+14
a   7   19  6    1   1.24208E+13
a   7   20  6    1   2.50875E+12
a   7   21  6    1   7.69350E+11
a   7   22  6    1   2.97750E+11
a   7   23  6    1   1.37755E+11
a   7   24  6    1   7.06550E+10
a   7   25  6    1   3.92100E+10
a   7   26  6    1   2.31525E+10
a   7   19  6    2   3.28720E+14
a   7   20  6    3   3.28720E+14
a   7   21  6    4   3.28720E+14
a   7   22  6    5   3.28720E+14
a   7   23  6    6   3.28720E+14
a   7   24  6    7   3.28720E+14
a   7   25  6    8   3.28720E+14
a   7   26  6    9   3.28720E+14
b   8    1  8    2  99  1.05581E-01  1.23772E+00 -2.43807E+01  1.82375E+02  2.00000E+01  1.84560E+00  1.84560E+00
b   8    1  8    3  99  1.18166E-01  1.32001E+00 -2.61403E+01  2.09189E+02  2.00000E+01  5.48520E-01  5.48520E-01
b   8    2  8    3  99  2.35702E-01  1.54160E-01  1.31558E+00 -4.63741E-01  2.07122E+00  6.59800E-01  6.59800E-01
b   8    1  8    4  99  1.15958E-01  1.30779E+00 -2.49026E+01  1.94716E+02  2.00000E+01  2.40060E-01  2.40060E-01
b   8    2  8    4  99  2.90348E-01  3.52058E-01  1.60651E+00 -5.64493E-01  2.10828E+00  1.38400E-01  1.38400E-01
b   8    3  8    4  99  2.34287E-01  1.81859E-01  1.77824E+00 -8.80073E-01  2.76685E+00  9.30200E-01  9.30200E-01
b   8    1  8    5  99  1.57539E-01  1.56042E+00 -3.48147E+01  3.37367E+02  2.00000E+01  1.09620E-01  1.09620E-01
b   8    2  8    5  99  3.85576E-01  5.41490E-01  2.11653E+00 -6.82716E-01  2.12735E+00  4.80600E-02  4.80600E-02
b   8    3  8    5  99  3.05827E-01  5.78034E-01  2.33502E+00 -1.14753E+00  2.90907E+00  1.58500E-01  1.58500E-01
b   8    4  8    5  99  2.51341E-01  2.04064E-01  2.36310E+00 -1.34140E+00  3.39148E+00  1.11800E+00  1.11800E+00
b   8    1  8    6  99  1.55361E-01  1.56415E+00 -3.41008E+01  3.24128E+02  2.00000E+01  6.57600E-02  6.57600E-02
b   8    2  8    6  99  1.80438E-01  1.76965E+00 -2.11997E+01  2.20846E+02  2.00000E+01  2.49300E-02  2.49300E-02
b   8    3  8    6  99  2.93633E-01  9.80495E-01  1.43721E+00 -5.01311E-01  2.11941E+00  6.03500E-02  6.03500E-02
b   8    4  8    6  99  2.91536E-01  6.70303E-01  2.67123E+00 -1.45136E+00  3.53168E+00  1.90500E-01  1.90500E-01
b   8    5  8    6  99  2.33982E-01  2.71396E-01  2.19607E+00 -2.88745E-01  4.05510E+00  1.35300E+00  1.35300E+00
b   8    1  8    7  99  1.51928E-01  1.56260E+00 -3.29045E+01  3.01971E+02  2.00000E+01  4.26420E-02  4.26420E-02
b   8    2  8    7  99  1.86632E-01  1.83713E+00 -2.16220E+01  2.30421E+02  2.00000E+01  1.48400E-02  1.48400E-02
b   8    3  8    7  99  3.05861E-01  1.15096E+00  1.52033E+00 -5.65435E-01  2.15967E+00  3.05800E-02  3.05800E-02
b   8    4  8    7  99  2.92899E-01  1.10520E+00  2.04057E+00 -9.67820E-01  2.94643E+00  6.99100E-02  6.99100E-02
b   8    5  8    7  99  2.69109E-01  7.86855E-01  2.35792E+00 -1.32211E+00  3.51782E+00  2.22000E-01  2.22000E-01
b   8    6  8    7  99  2.21511E-01  3.23356E-01  2.02887E+00 -2.84860E-01  4.06409E+00  1.56500E+00  1.56500E+00
b   8    1  8    8  99  1.51958E-01  1.56647E+00 -3.29775E+01  3.03305E+02  2.00000E+01  2.92740E-02  2.92740E-02
b   8    2  8    8  99  1.90605E-01  1.88586E+00 -2.19247E+01  2.36334E+02  2.00000E+01  9.63700E-03  9.63700E-03
b   8    3  8    8  99  3.12859E-01  1.27592E+00  1.53365E+00 -5.40583E-01  2.17176E+00  1.80400E-02  1.80400E-02
b   8    4  8    8  99  3.05522E-01  1.35588E+00  2.09444E+00 -9.87636E-01  2.95201E+00  3.47800E-02  3.47800E-02
b   8    5  8    8  99  2.89297E-01  1.18984E+00  2.46751E+00 -1.37794E+00  3.55030E+00  7.95900E-02  7.95900E-02
b   8    6  8    8  99  2.58681E-01  8.49157E-01  2.34983E+00 -2.81542E-01  4.28080E+00  2.50900E-01  2.50900E-01
b   8    7  8    8  99  2.12535E-01  3.60059E-01  1.91141E+00 -3.10563E-01  4.06127E+00  1.77000E+00  1.77000E+00
b   8    1  8    9  99  1.49618E-01  1.56513E+00 -3.22117E+01  2.88921E+02  2.00000E+01  2.09700E-02  2.09700E-02
b   8    2  8    9  99  1.91372E-01  1.92615E+00 -2.19098E+01  2.34031E+02  2.00000E+01  6.64800E-03  6.64800E-03
b   8    3  8    9  99  3.17145E-01  1.37088E+00  1.53061E+00 -5.54548E-01  2.13733E+00  1.16900E-02  1.16900E-02
b   8    4  8    9  99  3.13774E-01  1.54392E+00  2.14447E+00 -1.01982E+00  2.99477E+00  2.03200E-02  2.03200E-02
b   8    5  8    9  99  3.02156E-01  1.50087E+00  2.52456E+00 -1.36953E+00  3.58692E+00  3.90500E-02  3.90500E-02
b   8    6  8    9  99  2.76205E-01  1.31048E+00  2.26016E+00 -1.22471E+00  3.56206E+00  8.85900E-02  8.85900E-02
b   8    7  8    9  99  2.48087E-01  9.07703E-01  2.15581E+00 -2.11853E-01  4.24958E+00  2.79200E-01  2.79200E-01
b   8    8  8    9  99  3.01279E-01  5.65939E-01  2.59037E+00 -3.47891E-01  4.01971E+00  1.34400E+00  1.34400E+00
b   8    1  8   10  98  0.00000E+00  0.00000E+00  0.00000E+00  0.00000E+00  0.00000E+00  7.50821E-02  1.50164E-03
b   8    2  8   10  99  1.05581E-01  1.23772E+00 -2.43807E+01  1.82375E+02  2.00000E+01  1.45256E+00  1.45256E+00
b   8    1  8   11  98  0.00000E+00  0.00000E+00  0.00000E+00  0.00000E+00  0.00000E+00  1.20728E-01  2.41457E-03
b   8    2  8   11  99  1.18166E-01  1.32001E+00 -2.61403E+01  2.09189E+02  2.00000E+01  4.57100E-01  4.57100E-01
b   8    3  8   11  99  1.05581E-01  1.23772E+00 -2.43807E+01  1.82375E+02  2.00000E+01  1.53800E+00  1.53800E+00
b   8   10  8   11  99  2.35702E-01  1.54160E-01  1.31558E+00 -4.63741E-01  2.07122E+00  1.31960E+00  1.31960E+00
b   8    1  8   12  98  0.00000E+00  0.00000E+00  0.00000E+00  0.00000E+00  0.00000E+00  1.74440E-01  3.48880E-03
b   8    2  8   12  99  1.15958E-01  1.30779E+00 -2.49026E+01  1.94716E+02  2.00000E+01  2.00050E-01  2.00050E-01
b   8    4  8   12  99  1.05581E-01  1.23772E+00 -2.43807E+01  1.82375E+02  2.00000E+01  1.53800E+00  1.53800E+00
b   8   10  8   12  99  2.90348E-01  3.52058E-01  1.60651E+00 -5.64493E-01  2.10828E+00  2.76800E-01  2.76800E-01
b   8   11  8   12  99  2.34287E-01  1.81859E-01  1.77824E+00 -8.80073E-01  2.76685E+00  9.30200E-01  9.30200E-01
b   8    1  8   13  98  0.00000E+00  0.00000E+00  0.00000E+00  0.00000E+00  0.00000E+00  2.42106E-01  4.84212E-03
b   8    2  8   13  99  1.57539E-01  1.56042E+00 -3.48147E+01  3.37367E+02  2.00000E+01  9.13500E-02  9.13500E-02
b   8    5  8   13  99  1.05581E-01  1.23772E+00 -2.43807E+01  1.82375E+02  2.00000E+01  1.53800E+00  1.53800E+00
b   8   10  8   13  99  3.85576E-01  5.41490E-01  2.11653E+00 -6.82716E-01  2.12735E+00  9.61200E-02  9.61200E-02
b   8   11  8   13  99  3.05827E-01  5.78034E-01  2.33502E+00 -1.14753E+00  2.90907E+00  1.58500E-01  1.58500E-01
b   8   12  8   13  99  2.51341E-01  2.04064E-01  2.36310E+00 -1.34140E+00  3.39148E+00  1.11800E+00  1.11800E+00
b   8    1  8   14  98  0.00000E+00  0.00000E+00  0.00000E+00  0.00000E+00  0.00000E+00  3.21896E-01  6.43792E-03
b   8    2  8   14  99  1.55361E-01  1.56415E+00 -3.41008E+01  3.24128E+02  2.00000E+01  5.48000E-02  5.48000E-02
b   8    6  8   14  99  1.05581E-01  1.23772E+00 -2.43807E+01  1.82375E+02  2.00000E+01  1.53800E+00  1.53800E+00
b   8   10  8   14  99  1.80438E-01  1.76965E+00 -2.11997E+01  2.20846E+02  2.00000E+01  4.98600E-02  4.98600E-02
b   8   11  8   14  99  2.93633E-01  9.80495E-01  1.43721E+00 -5.01311E-01  2.11941E+00  6.03500E-02  6.03500E-02
b   8   12  8   14  99  2.91536E-01  6.70303E-01  2.67123E+00 -1.45136E+00  3.53168E+00  1.90500E-01  1.90500E-01
b   8   13  8   14  99  2.33982E-01  2.71396E-01  2.19607E+00 -2.88745E-01  4.05510E+00  1.35300E+00  1.35300E+00
b   8    1  8   15  98  0.00000E+00  0.00000E+00  0.00000E+00  0.00000E+00  0.00000E+00  4.13925E-01  8.27849E-03
b   8    2  8   15  99  1.51928E-01  1.56260E+00 -3.29045E+01  3.01971E+02  2.00000E+01  3.55350E-02  3.55350E-02
b   8    7  8   15  99  1.05581E-01  1.23772E+00 -2.43807E+01  1.82375E+02  2.00000E+01  1.53800E+00  1.53800E+00
b   8   10  8   15  99  1.86632E-01  1.83713E+00 -2.16220E+01  2.30421E+02  2.00000E+01  2.96800E-02  2.96800E-02
b   8   11  8   15  99  3.05861E-01  1.15096E+00  1.52033E+00 -5.65435E-01  2.15967E+00  3.05800E-02  3.05800E-02
b   8   12  8   15  99  2.92899E-01  1.10520E+00  2.04057E+00 -9.67820E-01  2.94643E+00  6.99100E-02  6.99100E-02
b   8   13  8   15  99  2.69109E-01  7.86855E-01  2.35792E+00 -1.32211E+00  3.51782E+00  2.22000E-01  2.22000E-01
b   8   14  8   15  99  2.21511E-01  3.23356E-01  2.02887E+00 -2.84860E-01  4.06409E+00  1.56500E+00  1.56500E+00
b   8    1  8   16  98  0.00000E+00  0.00000E+00  0.00000E+00  0.00000E+00  0.00000E+00  5.18680E-01  1.03736E-02
b   8    2  8   16  99  1.51958E-01  1.56647E+00 -3.29775E+01  3.03305E+02  2.00000E+01  2.43950E-02  2.43950E-02
b   8    8  8   16  99  1.05581E-01  1.23772E+00 -2.43807E+01  1.82375E+02  2.00000E+01  1.53800E+00  1.53800E+00
b   8   10  8   16  99  1.90605E-01  1.88586E+00 -2.19247E+01  2.36334E+02  2.00000E+01  1.92740E-02  1.92740E-02
b   8   11  8   16  99  3.12859E-01  1.27592E+00  1.53365E+00 -5.40583E-01  2.17176E+00  1.80400E-02  1.80400E-02
b   8   12  8   16  99  3.05522E-01  1.35588E+00  2.09444E+00 -9.87636E-01  2.95201E+00  3.47800E-02  3.47800E-02
b   8   13  8   16  99  2.89297E-01  1.18984E+00  2.46751E+00 -1.37794E+00  3.55030E+00  7.95900E-02  7.95900E-02
b   8   14  8   16  99  2.58681E-01  8.49157E-01  2.34983E+00 -2.81542E-01  4.28080E+00  2.50900E-01  2.50900E-01
b   8   15  8   16  99  2.12535E-01  3.60059E-01  1.91141E+00 -3.10563E-01  4.06127E+00  1.77000E+00  1.77000E+00
b   8    1  8   17  98  0.00000E+00  0.00000E+00  0.00000E+00  0.00000E+00  0.00000E+00  6.35826E-01  1.27165E-02
b   8    2  8   17  99  1.49618E-01  1.56513E+00 -3.22117E+01  2.88921E+02  2.00000E+01  1.74750E-02  1.74750E-02
b   8    9  8   17  99  1.05581E-01  1.23772E+00 -2.43807E+01  1.82375E+02  2.00000E+01  1.53800E+00  1.53800E+00
b   8   10  8   17  99  1.91372E-01  1.92615E+00 -2.19098E+01  2.34031E+02  2.00000E+01  1.32960E-02  1.32960E-02
b   8   11  8   17  99  3.17145E-01  1.37088E+00  1.53061E+00 -5.54548E-01  2.13733E+00  1.16900E-02  1.16900E-02
b   8   12  8   17  99  3.13774E-01  1.54392E+00  2.14447E+00 -1.01982E+00  2.99477E+00  2.03200E-02  2.03200E-02
b   8   13  8   17  99  3.02156E-01  1.50087E+00  2.52456E+00 -1.36953E+00  3.58692E+00  3.90500E-02  3.90500E-02
b   8   14  8   17  99  2.76205E-01  1.31048E+00  2.26016E+00 -1.22471E+00  3.56206E+00  8.85900E-02  8.85900E-02
b   8   15  8   17  99  2.48087E-01  9.07703E-01  2.15581E+00 -2.11853E-01  4.24958E+00  2.79200E-01  2.79200E-01
b   8   16  8   17  99  3.01279E-01  5.65939E-01  2.59037E+00 -3.47891E-01  4.01971E+00  1.34400E+00  1.34400E+00
b   8    1  8   18  99  4.01047E-01  5.62505E-03 -3.03748E+00  2.16751E+01  3.87129E+00  1.27200E-01  1.27200E-01
b   8    1  8   19  99  3.96673E-01  9.20073E-02 -3.10858E+00  2.08358E+01  3.84469E+00  7.52400E-02  7.52400E-02
b   8    2  8   19  99  4.01047E-01  5.62505E-03 -3.03748E+00  2.16751E+01  3.87129E+00  1.90800E-01  1.90800E-01
b   8   18  8   19  99  1.05581E-01  1.23772E+00 -2.43807E+01  1.82375E+02  2.00000E+01  2.15320E+00  2.15320E+00
b   8    1  8   20  99  3.92607E-01  1.20012E-01 -3.16362E+00  2.06644E+01  3.84505E+00  2.75000E-02  2.75000E-02
b   8    3  8   20  99  4.01047E-01  5.62505E-03 -3.03748E+00  2.16751E+01  3.87129E+00  1.90800E-01  1.90800E-01
b   8   18  8   20  99  1.18166E-01  1.32001E+00 -2.61403E+01  2.09189E+02  2.00000E+01  6.39940E-01  6.39940E-01
b   8   19  8   20  99  2.35702E-01  1.54160E-01  1.31558E+00 -4.63741E-01  2.07122E+00  6.59800E-01  6.59800E-01
b   8    1  8   21  99  3.86034E-01  1.25957E-01 -3.11281E+00  2.02224E+01  3.84031E+00  1.31640E-02  1.31640E-02
b   8    4  8   21  99  4.01047E-01  5.62505E-03 -3.03748E+00  2.16751E+01  3.87129E+00  1.90800E-01  1.90800E-01
b   8   18  8   21  99  1.15958E-01  1.30779E+00 -2.49026E+01  1.94716E+02  2.00000E+01  2.80070E-01  2.80070E-01
b   8   19  8   21  99  2.90348E-01  3.52058E-01  1.60651E+00 -5.64493E-01  2.10828E+00  1.38400E-01  1.38400E-01
b   8   20  8   21  99  2.34287E-01  1.81859E-01  1.77824E+00 -8.80073E-01  2.76685E+00  9.30200E-01  9.30200E-01
b   8    1  8   22  99  4.30467E-01  1.28193E-01 -3.47604E+00  2.26269E+01  3.83883E+00  6.71400E-03  6.71400E-03
b   8    5  8   22  99  4.01047E-01  5.62505E-03 -3.03748E+00  2.16751E+01  3.87129E+00  1.90800E-01  1.90800E-01
b   8   18  8   22  99  1.57539E-01  1.56042E+00 -3.48147E+01  3.37367E+02  2.00000E+01  1.27890E-01  1.27890E-01
b   8   19  8   22  99  3.85576E-01  5.41490E-01  2.11653E+00 -6.82716E-01  2.12735E+00  4.80600E-02  4.80600E-02
b   8   20  8   22  99  3.05827E-01  5.78034E-01  2.33502E+00 -1.14753E+00  2.90907E+00  1.58500E-01  1.58500E-01
b   8   21  8   22  99  2.51341E-01  2.04064E-01  2.36310E+00 -1.34140E+00  3.39148E+00  1.11800E+00  1.11800E+00
b   8    1  8   23  99  4.25686E-01  1.31196E-01 -3.45731E+00  2.24208E+01  3.84142E+00  4.12000E-03  4.12000E-03
b   8    6  8   23  99  4.01047E-01  5.62505E-03 -3.03748E+00  2.16751E+01  3.87129E+00  1.90800E-01  1.90800E-01
b   8   18  8   23  99  1.55361E-01  1.56415E+00 -3.41008E+01  3.24128E+02  2.00000E+01  7.67200E-02  7.67200E-02
b   8   19  8   23  99  1.80438E-01  1.76965E+00 -2.11997E+01  2.20846E+02  2.00000E+01  2.49300E-02  2.49300E-02
b   8   20  8   23  99  2.93633E-01  9.80495E-01  1.43721E+00 -5.01311E-01  2.11941E+00  6.03500E-02  6.03500E-02
b   8   21  8   23  99  2.91536E-01  6.70303E-01  2.67123E+00 -1.45136E+00  3.53168E+00  1.90500E-01  1.90500E-01
b   8   22  8   23  99  2.33982E-01  2.71396E-01  2.19607E+00 -2.88745E-01  4.05510E+00  1.35300E+00  1.35300E+00
b   8    1  8   24  99  4.22366E-01  1.33138E-01 -3.44058E+00  2.22465E+01  3.84042E+00  2.70800E-03  2.70800E-03
b   8    7  8   24  99  4.01047E-01  5.62505E-03 -3.03748E+00  2.16751E+01  3.87129E+00  1.90800E-01  1.90800E-01
b   8   18  8   24  99  1.51928E-01  1.56260E+00 -3.29045E+01  3.01971E+02  2.00000E+01  4.97490E-02  4.97490E-02
b   8   19  8   24  99  1.86632E-01  1.83713E+00 -2.16220E+01  2.30421E+02  2.00000E+01  1.48400E-02  1.48400E-02
b   8   20  8   24  99  3.05861E-01  1.15096E+00  1.52033E+00 -5.65435E-01  2.15967E+00  3.05800E-02  3.05800E-02
b   8   21  8   24  99  2.92899E-01  1.10520E+00  2.04057E+00 -9.67820E-01  2.94643E+00  6.99100E-02  6.99100E-02
b   8   22  8   24  99  2.69109E-01  7.86855E-01  2.35792E+00 -1.32211E+00  3.51782E+00  2.22000E-01  2.22000E-01
b   8   23  8   24  99  2.21511E-01  3.23356E-01  2.02887E+00 -2.84860E-01  4.06409E+00  1.56500E+00  1.56500E+00
b   8    1  8   25  99  4.19264E-01  1.38004E-01 -3.46383E+00  2.22523E+01  3.84708E+00  1.87400E-03  1.87400E-03
b   8    8  8   25  99  4.01047E-01  5.62505E-03 -3.03748E+00  2.16751E+01  3.87129E+00  1.90800E-01  1.90800E-01
b   8   18  8   25  99  1.51958E-01  1.56647E+00 -3.29775E+01  3.03305E+02  2.00000E+01  3.41530E-02  3.41530E-02
b   8   19  8   25  99  1.90605E-01  1.88586E+00 -2.19247E+01  2.36334E+02  2.00000E+01  9.63700E-03  9.63700E-03
b   8   20  8   25  99  3.12859E-01  1.27592E+00  1.53365E+00 -5.40583E-01  2.17176E+00  1.80400E-02  1.80400E-02
b   8   21  8   25  99  3.05522E-01  1.35588E+00  2.09444E+00 -9.87636E-01  2.95201E+00  3.47800E-02  3.47800E-02
b   8   22  8   25  99  2.89297E-01  1.18984E+00  2.46751E+00 -1.37794E+00  3.55030E+00  7.95900E-02  7.95900E-02
b   8   23  8   25  99  2.58681E-01  8.49157E-01  2.34983E+00 -2.81542E-01  4.28080E+00  2.50900E-01  2.50900E-01
b   8   24  8   25  99  2.12535E-01  3.60059E-01  1.91141E+00 -3.10563E-01  4.06127E+00  1.77000E+00  1.77000E+00
b   8    1  8   26  99  4.20589E-01  1.27461E-01 -3.38589E+00  2.20381E+01  3.83726E+00  1.34900E-03  1.34900E-03
b   8    9  8   26  99  4.01047E-01  5.62505E-03 -3.03748E+00  2.16751E+01  3.87129E+00  1.90800E-01  1.90800E-01
b   8   18  8   26  99  1.49618E-01  1.56513E+00 -3.22117E+01  2.88921E+02  2.00000E+01  2.44650E-02  2.44650E-02
b   8   19  8   26  99  1.91372E-01  1.92615E+00 -2.19098E+01  2.34031E+02  2.00000E+01  6.64800E-03  6.64800E-03
b   8   20  8   26  99  3.17145E-01  1.37088E+00  1.53061E+00 -5.54548E-01  2.13733E+00  1.16900E-02  1.16900E-02
b   8   21  8   26  99  3.13774E-01  1.54392E+00  2.14447E+00 -1.01982E+00  2.99477E+00  2.03200E-02  2.03200E-02
b   8   22  8   26  99  3.02156E-01  1.50087E+00  2.52456E+00 -1.36953E+00  3.58692E+00  3.90500E-02  3.90500E-02
b   8   23  8   26  99  2.76205E-01  1.31048E+00  2.26016E+00 -1.22471E+00  3.56206E+00  8.85900E-02  8.85900E-02
b   8   24  8   26  99  2.48087E-01  9.07703E-01  2.15581E+00 -2.11853E-01  4.24958E+00  2.79200E-01  2.79200E-01
b   8   25  8   26  99  3.01279E-01  5.65939E-01  2.59037E+00 -3.47891E-01  4.01971E+00  1.34400E+00  1.34400E+00
f   8    1  7    1  99  6.00000E+00  1.06145E+01
p   8    1  7    1  98  1.65290E+00 -2.34600E+00 -1.70110E-01  1.86450E-02  6.00000E+00  2.84300E+02  2.95700E+02  5.68600E+03
f   8    2  7    1  99  1.00000E+00  7.51200E+00
p   8    2  7    1  99  1.00000E+00  7.51200E+00
f   8    3  7    1  99  1.00000E+00  7.14820E+00
p   8    3  7    1  99  1.00000E+00  7.14820E+00
f   8    4  7    1  99  1.00000E+00  7.01650E+00
p   8    4  7    1  99  1.00000E+00  7.01650E+00
f   8    5  7    1  99  1.00000E+00  7.06600E+00
p   8    5  7    1  99  1.00000E+00  7.06600E+00
f   8    6  7    1  99  1.00000E+00  7.05200E+00
p   8    6  7    1  99  1.00000E+00  7.05200E+00
f   8    7  7    1  99  1.00000E+00  7.00520E+00
p   8    7  7    1  99  1.00000E+00  7.00520E+00
f   8    8  7    1  99  1.00000E+00  7.00520E+00
p   8    8  7    1  99  1.00000E+00  7.00520E+00
f   8    9  7    1  99  1.00000E+00  7.00070E+00
p   8    9  7    1  99  1.00000E+00  7.00070E+00
f   8    2  7    2  99  5.00000E+00  7.51200E+00
p   8    2  7    2  98  1.65290E+00 -2.34600E+00 -1.70110E-01  1.86450E-02  6.00000E+00  2.84300E+02  2.95700E+02  5.68600E+03
f   8   10  7    2  99  2.00000E+00  8.07600E+00
p   8   10  7    2  99  2.00000E+00  8.07600E+00
f   8   11  7    2  99  1.00000E+00  7.20490E+00
p   8   11  7    2  99  1.00000E+00  7.20490E+00
f   8   12  7    2  99  1.00000E+00  7.03480E+00
p   8   12  7    2  99  1.00000E+00  7.03480E+00
f   8   13  7    2  99  1.00000E+00  7.07200E+00
p   8   13  7    2  99  1.00000E+00  7.07200E+00
f   8   14  7    2  99  1.00000E+00  7.05600E+00
p   8   14  7    2  99  1.00000E+00  7.05600E+00
f   8   15  7    2  99  1.00000E+00  7.01420E+00
p   8   15  7    2  99  1.00000E+00  7.01420E+00
f   8   16  7    2  99  1.00000E+00  7.01220E+00
p   8   16  7    2  99  1.00000E+00  7.01220E+00
f   8   17  7    2  99  1.00000E+00  7.00070E+00
p   8   17  7    2  99  1.00000E+00  7.00070E+00
f   8    3  7    3  99  5.00000E+00  7.14820E+00
p   8    3  7    3  98  1.65290E+00 -2.34600E+00 -1.70110E-01  1.86450E-02  6.00000E+00  2.84300E+02  2.95700E+02  5.68600E+03
f   8   11  7    3  99  1.00000E+00  7.20490E+00
p   8   11  7    3  99  1.00000E+00  7.20490E+00
f   8    4  7    4  99  5.00000E+00  7.01650E+00
p   8    4  7    4  98  1.65290E+00 -2.34600E+00 -1.70110E-01  1.86450E-02  6.00000E+00  2.84300E+02  2.95700E+02  5.68600E+03
f   8   12  7    4  99  1.00000E+00  7.03480E+00
p   8   12  7    4  99  1.00000E+00  7.03480E+00
f   8    5  7    5  99  5.00000E+00  7.06600E+00
p   8    5  7    5  98  1.65290E+00 -2.34600E+00 -1.70110E-01  1.86450E-02  6.00000E+00  2.84300E+02  2.95700E+02  5.68600E+03
f   8   13  7    5  99  1.00000E+00  7.07200E+00
p   8   13  7    5  99  1.00000E+00  7.07200E+00
f   8    6  7    6  99  5.00000E+00  7.05200E+00
p   8    6  7    6  98  1.65290E+00 -2.34600E+00 -1.70110E-01  1.86450E-02  6.00000E+00  2.84300E+02  2.95700E+02  5.68600E+03
f   8   14  7    6  99  1.00000E+00  7.05600E+00
p   8   14  7    6  99  1.00000E+00  7.05600E+00
f   8    7  7    7  99  5.00000E+00  7.00520E+00
p   8    7  7    7  98  1.65290E+00 -2.34600E+00 -1.70110E-01  1.86450E-02  6.00000E+00  2.84300E+02  2.95700E+02  5.68600E+03
f   8   15  7    7  99  1.00000E+00  7.01420E+00
p   8   15  7    7  99  1.00000E+00  7.01420E+00
f   8    8  7    8  99  5.00000E+00  7.00520E+00
p   8    8  7    8  98  1.65290E+00 -2.34600E+00 -1.70110E-01  1.86450E-02  6.00000E+00  2.84300E+02  2.95700E+02  5.68600E+03
f   8   16  7    8  99  1.00000E+00  7.01220E+00
p   8   16  7    8  99  1.00000E+00  7.01220E+00
f   8    9  7    9  99  5.00000E+00  7.00070E+00
p   8    9  7    9  98  1.65290E+00 -2.34600E+00 -1.70110E-01  1.86450E-02  6.00000E+00  2.84300E+02  2.95700E+02  5.68600E+03
f   8   17  7    9  99  1.00000E+00  7.00070E+00
p   8   17  7    9  99  1.00000E+00  7.00070E+00
f   8   10  7   10  99  4.00000E+00  8.07600E+00
p   8   10  7   10  98  1.65290E+00 -2.34600E+00 -1.70110E-01  1.86450E-02  6.00000E+00  2.84300E+02  2.95700E+02  5.68600E+03
f   8   11  7   11  99  4.00000E+00  7.20490E+00
p   8   11  7   11  98  1.65290E+00 -2.34600E+00 -1.70110E-01  1.86450E-02  6.00000E+00  2.84300E+02  2.95700E+02  5.68600E+03
f   8   12  7   12  99  4.00000E+00  7.03480E+00
p   8   12  7   12  98  1.65290E+00 -2.34600E+00 -1.70110E-01  1.86450E-02  6.00000E+00  2.84300E+02  2.95700E+02  5.68600E+03
f   8   13  7   13  99  4.00000E+00  7.07200E+00
p   8   13  7   13  98  1.65290E+00 -2.34600E+00 -1.70110E-01  1.86450E-02  6.00000E+00  2.84300E+02  2.95700E+02  5.68600E+03
f   8   14  7   14  99  4.00000E+00  7.05600E+00
p   8   14  7   14  98  1.65290E+00 -2.34600E+00 -1.70110E-01  1.86450E-02  6.00000E+00  2.84300E+02  2.95700E+02  5.68600E+03
f   8   15  7   15  99  4.00000E+00  7.01420E+00
p   8   15  7   15  98  1.65290E+00 -2.34600E+00 -1.70110E-01  1.86450E-02  6.00000E+00  2.84300E+02  2.95700E+02  5.68600E+03
f   8   16  7   16  99  4.00000E+00  7.01220E+00
p   8   16  7   16  98  1.65290E+00 -2.34600E+00 -1.70110E-01  1.86450E-02  6.00000E+00  2.84300E+02  2.95700E+02  5.68600E+03
f   8   17  7   17  99  4.00000E+00  7.00070E+00
p   8   17  7   17  98  1.65290E+00 -2.34600E+00 -1.70110E-01  1.86450E-02  6.00000E+00  2.84300E+02  2.95700E+02  5.68600E+03
f   8    1  7   18  99  2.00000E+00  1.06145E+01
p   8    1  7   18  98  2.16000E+00 -2.45520E+00 -2.04640E-01  1.98620E-02  2.00000E+00  1.99200E+03  2.07200E+03  3.98400E+04
f   8   18  7   18  99  7.00000E+00  1.12506E+01
p   8   18  7   18  98  1.65290E+00 -2.34600E+00 -1.70110E-01  1.86450E-02  6.00000E+00  2.84300E+02  2.95700E+02  5.68600E+03
f   8   19  7   18  99  1.00000E+00  7.59200E+00
p   8   19  7   18  99  1.00000E+00  7.59200E+00
f   8   20  7   18  99  1.00000E+00  7.17140E+00
p   8   20  7   18  99  1.00000E+00  7.17140E+00
f   8   21  7   18  99  1.00000E+00  7.01560E+00
p   8   21  7   18  99  1.00000E+00  7.01560E+00
f   8   22  7   18  99  1.00000E+00  7.07500E+00
p   8   22  7   18  99  1.00000E+00  7.07500E+00
f   8   23  7   18  99  1.00000E+00  7.06100E+00
p   8   23  7   18  99  1.00000E+00  7.06100E+00
f   8   24  7   18  99  1.00000E+00  7.00610E+00
p   8   24  7   18  99  1.00000E+00  7.00610E+00
f   8   25  7   18  99  1.00000E+00  7.00610E+00
p   8   25  7   18  99  1.00000E+00  7.00610E+00
f   8   26  7   18  99  1.00000E+00  7.00070E+00
p   8   26  7   18  99  1.00000E+00  7.00070E+00
f   8    2  7   19  99  2.00000E+00  7.51200E+00
p   8    2  7   19  98  2.16000E+00 -2.45520E+00 -2.04640E-01  1.98620E-02  2.00000E+00  1.99200E+03  2.07200E+03  3.98400E+04
f   8   19  7   19  99  6.00000E+00  7.59200E+00
p   8   19  7   19  98  1.65290E+00 -2.34600E+00 -1.70110E-01  1.86450E-02  6.00000E+00  2.84300E+02  2.95700E+02  5.68600E+03
f   8    3  7   20  99  2.00000E+00  7.14820E+00
p   8    3  7   20  98  2.16000E+00 -2.45520E+00 -2.04640E-01  1.98620E-02  2.00000E+00  1.99200E+03  2.07200E+03  3.98400E+04
f   8   20  7   20  99  6.00000E+00  7.17140E+00
p   8   20  7   20  98  1.65290E+00 -2.34600E+00 -1.70110E-01  1.86450E-02  6.00000E+00  2.84300E+02  2.95700E+02  5.68600E+03
f   8    4  7   21  99  2.00000E+00  7.01650E+00
p   8    4  7   21  98  2.16000E+00 -2.45520E+00 -2.04640E-01  1.98620E-02  2.00000E+00  1.99200E+03  2.07200E+03  3.98400E+04
f   8   21  7   21  99  6.00000E+00  7.01560E+00
p   8   21  7   21  98  1.65290E+00 -2.34600E+00 -1.70110E-01  1.86450E-02  6.00000E+00  2.84300E+02  2.95700E+02  5.68600E+03
f   8    5  7   22  99  2.00000E+00  7.06600E+00
p   8    5  7   22  98  2.16000E+00 -2.45520E+00 -2.04640E-01  1.98620E-02  2.00000E+00  1.99200E+03  2.07200E+03  3.98400E+04
f   8   22  7   22  99  6.00000E+00  7.07500E+00
p   8   22  7   22  98  1.65290E+00 -2.34600E+00 -1.70110E-01  1.86450E-02  6.00000E+00  2.84300E+02  2.95700E+02  5.68600E+03
f   8    6  7   23  99  2.00000E+00  7.05200E+00
p   8    6  7   23  98  2.16000E+00 -2.45520E+00 -2.04640E-01  1.98620E-02  2.00000E+00  1.99200E+03  2.07200E+03  3.98400E+04
f   8   23  7   23  99  6.00000E+00  7.06100E+00
p   8   23  7   23  98  1.65290E+00 -2.34600E+00 -1.70110E-01  1.86450E-02  6.00000E+00  2.84300E+02  2.95700E+02  5.68600E+03
f   8    7  7   24  99  2.00000E+00  7.00520E+00
p   8    7  7   24  98  2.16000E+00 -2.45520E+00 -2.04640E-01  1.98620E-02  2.00000E+00  1.99200E+03  2.07200E+03  3.98400E+04
f   8   24  7   24  99  6.00000E+00  7.00610E+00
p   8   24  7   24  98  1.65290E+00 -2.34600E+00 -1.70110E-01  1.86450E-02  6.00000E+00  2.84300E+02  2.95700E+02  5.68600E+03
f   8    8  7   25  99  2.00000E+00  7.00520E+00
p   8    8  7   25  98  2.16000E+00 -2.45520E+00 -2.04640E-01  1.98620E-02  2.00000E+00  1.99200E+03  2.07200E+03  3.98400E+04
f   8   25  7   25  99  6.00000E+00  7.00610E+00
p   8   25  7   25  98  1.65290E+00 -2.34600E+00 -1.70110E-01  1.86450E-02  6.00000E+00  2.84300E+02  2.95700E+02  5.68600E+03
f   8    9  7   26  99  2.00000E+00  7.00070E+00
p   8    9  7   26  98  2.16000E+00 -2.45520E+00 -2.04640E-01  1.98620E-02  2.00000E+00  1.99200E+03  2.07200E+03  3.98400E+04
f   8   26  7   26  99  6.00000E+00  7.00070E+00
p   8   26  7   26  98  1.65290E+00 -2.34600E+00 -1.70110E-01  1.86450E-02  6.00000E+00  2.84300E+02  2.95700E+02  5.68600E+03
a   8   10  7    1   5.85150E+13
a   8   11  7    1   1.00839E+13
a   8   12  7    1   3.08235E+12
a   8   13  7    1   1.21268E+12
a   8   14  7    1   5.61060E+11
a   8   15  7    1   2.87775E+11
a   8   16  7    1   1.59690E+11
a   8   17  7    1   9.42975E+10
a   8   18  7    1   6.19836E+14
a   8   19  7    1   1.19016E+13
a   8   20  7    1   2.32407E+12
a   8   21  7    1   7.04220E+11
a   8   22  7    1   2.70438E+11
a   8   23  7    1   1.25121E+11
a   8   24  7    1   6.41760E+10
a   8   25  7    1   3.56130E+10
a   8   26  7    1   2.10294E+10
a   8   19  7    2   4.42740E+14
a   8   20  7    3   4.42740E+14
a   8   21  7    4   4.42740E+14
a   8   22  7    5   4.42740E+14
a   8   23  7    6   4.42740E+14
a   8   24  7    7   4.42740E+14
a   8   25  7    8   4.42740E+14
a   8   26  7    9   4.42740E+14
b   9    1  9    2  99  1.05688E-01  1.22897E+00 -2.28840E+01  1.66496E+02  2.00000E+01  1.69470E+00  1.69470E+00
b   9    1  9    3  99  1.13371E-01  1.29630E+00 -2.39648E+01  1.76520E+02  2.00000E+01  5.52720E-01  5.52720E-01
b   9    2  9    3  99  2.14640E-01  2.28124E-01  1.07476E+00 -3.27702E-01  2.00442E+00  6.39900E-01  6.39900E-01
b   9    1  9    4  99  1.12431E-01  1.27717E+00 -2.32727E+01  1.72035E+02  2.00000E+01  2.50950E-01  2.50950E-01
b   9    2  9    4  99  2.72325E-01  4.26622E-01  1.44771E+00 -5.21081E-01  2.10514E+00  1.31500E-01  1.31500E-01
b   9    3  9    4  99  2.39166E-01  1.60878E-01  2.24082E+00 -1.25916E+00  3.35729E+00  9.25000E-01  9.25000E-01
b   9    1  9    5  99  1.38907E-01  1.56933E+00 -3.02304E+01  2.37135E+02  2.00000E+01  1.13820E-01  1.13820E-01
b   9    2  9    5  99  3.76806E-01  6.40347E-01  2.04815E+00 -7.79220E-01  2.11765E+00  4.48000E-02  4.48000E-02
b   9    3  9    5  99  2.92535E-01  6.64743E-01  2.14987E+00 -1.05755E+00  2.90074E+00  1.53200E-01  1.53200E-01
b   9    4  9    5  99  2.43605E-01  2.52652E-01  2.32454E+00 -3.89005E-01  4.04481E+00  1.11700E+00  1.11700E+00
b   9    1  9    6  99  1.37560E-01  1.56005E+00 -2.96926E+01  2.30384E+02  2.00000E+01  6.89570E-02  6.89570E-02
b   9    2  9    6  99  3.87067E-01  7.41648E-01  2.07376E+00 -7.62186E-01  2.12386E+00  2.32900E-02  2.32900E-02
b   9    3  9    6  99  3.12267E-01  9.36422E-01  2.26436E+00 -1.10421E+00  2.94686E+00  5.80500E-02  5.80500E-02
b   9    4  9    6  99  2.79330E-01  7.48605E-01  2.46303E+00 -1.36377E+00  3.50916E+00  1.87100E-01  1.87100E-01
b   9    5  9    6  99  2.26394E-01  3.23616E-01  2.05970E+00 -2.84957E-01  4.04480E+00  1.35700E+00  1.35700E+00
b   9    1  9    7  99  1.38439E-01  1.55450E+00 -2.98297E+01  2.35942E+02  2.00000E+01  4.50170E-02  4.50170E-02
b   9    2  9    7  99  3.93280E-01  8.07900E-01  2.07705E+00 -7.26848E-01  2.11886E+00  1.38900E-02  1.38900E-02
b   9    3  9    7  99  3.22904E-01  1.12169E+00  2.28709E+00 -1.08700E+00  2.93016E+00  2.93600E-02  2.93600E-02
b   9    4  9    7  99  2.99004E-01  1.10715E+00  2.56335E+00 -1.39142E+00  3.53441E+00  6.82700E-02  6.82700E-02
b   9    5  9    7  99  2.62492E-01  8.36301E-01  2.35971E+00 -2.67411E-01  4.24885E+00  2.19900E-01  2.19900E-01
b   9    6  9    7  99  2.15015E-01  3.71922E-01  1.90070E+00 -2.98653E-01  4.02185E+00  1.57000E+00  1.57000E+00
b   9    1  9    8  99  1.37424E-01  1.54849E+00 -2.94160E+01  2.30080E+02  2.00000E+01  3.10380E-02  3.10380E-02
b   9    2  9    8  99  3.97419E-01  8.51885E-01  2.09966E+00 -7.17665E-01  2.13564E+00  9.03300E-03  9.03300E-03
b   9    3  9    8  99  3.30579E-01  1.24753E+00  2.33715E+00 -1.09994E+00  2.96063E+00  1.73100E-02  1.73100E-02
b   9    4  9    8  99  2.94245E-01  1.44753E+00  1.94441E+00 -9.24782E-01  2.95772E+00  3.38600E-02  3.38600E-02
b   9    5  9    8  99  2.79170E-01  1.26422E+00  2.28773E+00 -1.25493E+00  3.54586E+00  7.84400E-02  7.84400E-02
b   9    6  9    8  99  2.49804E-01  9.10004E-01  2.16119E+00 -2.43050E-01  4.23259E+00  2.49300E-01  2.49300E-01
b   9    7  9    8  99  2.06432E-01  4.07539E-01  1.77616E+00 -2.65020E-01  4.03325E+00  1.77600E+00  1.77600E+00
b   9    1  9    9  99  1.36892E-01  1.54614E+00 -2.92874E+01  2.28492E+02  2.00000E+01  2.23020E-02  2.23020E-02
b   9    2  9    9  99  4.00123E-01  8.85629E-01  2.11539E+00 -7.15194E-01  2.15419E+00  6.23700E-03  6.23700E-03
b   9    3  9    9  99  3.03700E-01  1.48442E+00  1.35777E+00 -4.74016E-01  2.07784E+00  1.12100E-02  1.12100E-02
b   9    4  9    9  99  3.02379E-01  1.64237E+00  1.96130E+00 -9.25428E-01  2.93816E+00  1.97600E-02  1.97600E-02
b   9    5  9    9  99  2.91572E-01  1.58354E+00  2.33557E+00 -1.26208E+00  3.56678E+00  3.83800E-02  3.83800E-02
b   9    6  9    9  99  2.70275E-01  1.36028E+00  2.27265E+00 -2.19001E-01  4.29004E+00  8.76800E-02  8.76800E-02
b   9    7  9    9  99  2.41120E-01  9.57975E-01  2.02321E+00 -1.98695E-01  4.23116E+00  2.78000E-01  2.78000E-01
b   9    8  9    9  99  2.12864E-01  4.49243E-01  1.78095E+00 -2.66597E-01  4.00836E+00  1.86700E+00  1.86700E+00
b   9    1  9   10  98  0.00000E+00  0.00000E+00  0.00000E+00  0.00000E+00  0.00000E+00  1.21420E-01  2.42841E-03
b   9    2  9   10  99  1.05688E-01  1.22897E+00 -2.28840E+01  1.66496E+02  2.00000E+01  1.37190E+00  1.37190E+00
b   9    1  9   11  98  0.00000E+00  0.00000E+00  0.00000E+00  0.00000E+00  0.00000E+00  1.98868E-01  3.97735E-03
b   9    2  9   11  99  1.13371E-01  1.29630E+00 -2.39648E+01  1.76520E+02  2.00000E+01  4.73760E-01  4.73760E-01
b   9    3  9   11  99  1.05688E-01  1.22897E+00 -2.28840E+01  1.66496E+02  2.00000E+01  1.45260E+00  1.45260E+00
b   9   10  9   11  99  2.14640E-01  2.28124E-01  1.07476E+00 -3.27702E-01  2.00442E+00  1.27980E+00  1.27980E+00
b   9    1  9   12  98  0.00000E+00  0.00000E+00  0.00000E+00  0.00000E+00  0.00000E+00  2.89662E-01  5.79324E-03
b   9    2  9   12  99  1.12431E-01  1.27717E+00 -2.32727E+01  1.72035E+02  2.00000E+01  2.15100E-01  2.15100E-01
b   9    4  9   12  99  1.05688E-01  1.22897E+00 -2.28840E+01  1.66496E+02  2.00000E+01  1.45260E+00  1.45260E+00
b   9   10  9   12  99  2.72325E-01  4.26622E-01  1.44771E+00 -5.21081E-01  2.10514E+00  2.63000E-01  2.63000E-01
b   9   11  9   12  99  2.39166E-01  1.60878E-01  2.24082E+00 -1.25916E+00  3.35729E+00  9.25000E-01  9.25000E-01
b   9    1  9   13  98  0.00000E+00  0.00000E+00  0.00000E+00  0.00000E+00  0.00000E+00  4.04138E-01  8.08275E-03
b   9    2  9   13  99  1.38907E-01  1.56933E+00 -3.02304E+01  2.37135E+02  2.00000E+01  9.75600E-02  9.75600E-02
b   9    5  9   13  99  1.05688E-01  1.22897E+00 -2.28840E+01  1.66496E+02  2.00000E+01  1.45260E+00  1.45260E+00
b   9   10  9   13  99  3.76806E-01  6.40347E-01  2.04815E+00 -7.79220E-01  2.11765E+00  8.96000E-02  8.96000E-02
b   9   11  9   13  99  2.92535E-01  6.64743E-01  2.14987E+00 -1.05755E+00  2.90074E+00  1.53200E-01  1.53200E-01
b   9   12  9   13  99  2.43605E-01  2.52652E-01  2.32454E+00 -3.89005E-01  4.04481E+00  1.11700E+00  1.11700E+00
b   9    1  9   14  98  0.00000E+00  0.00000E+00  0.00000E+00  0.00000E+00  0.00000E+00  5.38831E-01  1.07766E-02
b   9    2  9   14  99  1.37560E-01  1.56005E+00 -2.96926E+01  2.30384E+02  2.00000E+01  5.91060E-02  5.91060E-02
b   9    6  9   14  99  1.05688E-01  1.22897E+00 -2.28840E+01  1.66496E+02  2.00000E+01  1.45260E+00  1.45260E+00
b   9   10  9   14  99  3.87067E-01  7.41648E-01  2.07376E+00 -7.62186E-01  2.12386E+00  4.65800E-02  4.65800E-02
b   9   11  9   14  99  3.12267E-01  9.36422E-01  2.26436E+00 -1.10421E+00  2.94686E+00  5.80500E-02  5.80500E-02
b   9   12  9   14  99  2.79330E-01  7.48605E-01  2.46303E+00 -1.36377E+00  3.50916E+00  1.87100E-01  1.87100E-01
b   9   13  9   14  99  2.26394E-01  3.23616E-01  2.05970E+00 -2.84957E-01  4.04480E+00  1.35700E+00  1.35700E+00
b   9    1  9   15  98  0.00000E+00  0.00000E+00  0.00000E+00  0.00000E+00  0.00000E+00  6.94044E-01  1.38809E-02
b   9    2  9   15  99  1.38439E-01  1.55450E+00 -2.98297E+01  2.35942E+02  2.00000E+01  3.85860E-02  3.85860E-02
b   9    7  9   15  99  1.05688E-01  1.22897E+00 -2.28840E+01  1.66496E+02  2.00000E+01  1.45260E+00  1.45260E+00
b   9   10  9   15  99  3.93280E-01  8.07900E-01  2.07705E+00 -7.26848E-01  2.11886E+00  2.77800E-02  2.77800E-02
b   9   11  9   15  99  3.22904E-01  1.12169E+00  2.28709E+00 -1.08700E+00  2.93016E+00  2.93600E-02  2.93600E-02
b   9   12  9   15  99  2.99004E-01  1.10715E+00  2.56335E+00 -1.39142E+00  3.53441E+00  6.82700E-02  6.82700E-02
b   9   13  9   15  99  2.62492E-01  8.36301E-01  2.35971E+00 -2.67411E-01  4.24885E+00  2.19900E-01  2.19900E-01
b   9   14  9   15  99  2.15015E-01  3.71922E-01  1.90070E+00 -2.98653E-01  4.02185E+00  1.57000E+00  1.57000E+00
b   9    1  9   16  98  0.00000E+00  0.00000E+00  0.00000E+00  0.00000E+00  0.00000E+00  8.70789E-01  1.74158E-02
b   9    2  9   16  99  1.37424E-01  1.54849E+00 -2.94160E+01  2.30080E+02  2.00000E+01  2.66040E-02  2.66040E-02
b   9    8  9   16  99  1.05688E-01  1.22897E+00 -2.28840E+01  1.66496E+02  2.00000E+01  1.45260E+00  1.45260E+00
b   9   10  9   16  99  3.97419E-01  8.51885E-01  2.09966E+00 -7.17665E-01  2.13564E+00  1.80660E-02  1.80660E-02
b   9   11  9   16  99  3.30579E-01  1.24753E+00  2.33715E+00 -1.09994E+00  2.96063E+00  1.73100E-02  1.73100E-02
b   9   12  9   16  99  2.94245E-01  1.44753E+00  1.94441E+00 -9.24782E-01  2.95772E+00  3.38600E-02  3.38600E-02
b   9   13  9   16  99  2.79170E-01  1.26422E+00  2.28773E+00 -1.25493E+00  3.54586E+00  7.84400E-02  7.84400E-02
b   9   14  9   16  99  2.49804E-01  9.10004E-01  2.16119E+00 -2.43050E-01  4.23259E+00  2.49300E-01  2.49300E-01
b   9   15  9   16  99  2.06432E-01  4.07539E-01  1.77616E+00 -2.65020E-01  4.03325E+00  1.77600E+00  1.77600E+00
b   9    1  9   17  98  0.00000E+00  0.00000E+00  0.00000E+00  0.00000E+00  0.00000E+00  1.06841E+00  2.13681E-02
b   9    2  9   17  99  1.36892E-01  1.54614E+00 -2.92874E+01  2.28492E+02  2.00000E+01  1.91160E-02  1.91160E-02
b   9    9  9   17  99  1.05688E-01  1.22897E+00 -2.28840E+01  1.66496E+02  2.00000E+01  1.45260E+00  1.45260E+00
b   9   10  9   17  99  4.00123E-01  8.85629E-01  2.11539E+00 -7.15194E-01  2.15419E+00  1.24740E-02  1.24740E-02
b   9   11  9   17  99  3.03700E-01  1.48442E+00  1.35777E+00 -4.74016E-01  2.07784E+00  1.12100E-02  1.12100E-02
b   9   12  9   17  99  3.02379E-01  1.64237E+00  1.96130E+00 -9.25428E-01  2.93816E+00  1.97600E-02  1.97600E-02
b   9   13  9   17  99  2.91572E-01  1.58354E+00  2.33557E+00 -1.26208E+00  3.56678E+00  3.83800E-02  3.83800E-02
b   9   14  9   17  99  2.70275E-01  1.36028E+00  2.27265E+00 -2.19001E-01  4.29004E+00  8.76800E-02  8.76800E-02
b   9   15  9   17  99  2.41120E-01  9.57975E-01  2.02321E+00 -1.98695E-01  4.23116E+00  2.78000E-01  2.78000E-01
b   9   16  9   17  99  2.12864E-01  4.49243E-01  1.78095E+00 -2.66597E-01  4.00836E+00  1.86700E+00  1.86700E+00
b   9    1  9   18  99  4.03484E-01  2.73650E-03 -3.04242E+00  2.17801E+01  3.86913E+00  5.93250E-02  5.93250E-02
b   9    1  9   19  99  3.97170E-01  8.48017E-02 -3.12971E+00  2.10452E+01  3.85218E+00  6.23800E-02  6.23800E-02
b   9    2  9   19  99  4.03484E-01  2.73650E-03 -3.04242E+00  2.17801E+01  3.86913E+00  1.18650E-01  1.18650E-01
b   9   18  9   19  99  1.05688E-01  1.22897E+00 -2.28840E+01  1.66496E+02  2.00000E+01  1.93680E+00  1.93680E+00
b   9    1  9   20  99  3.96701E-01  9.90514E-02 -3.14178E+00  2.08932E+01  3.84552E+00  2.25400E-02  2.25400E-02
b   9    3  9   20  99  4.03484E-01  2.73650E-03 -3.04242E+00  2.17801E+01  3.86913E+00  1.18650E-01  1.18650E-01
b   9   18  9   20  99  1.13371E-01  1.29630E+00 -2.39648E+01  1.76520E+02  2.00000E+01  6.31680E-01  6.31680E-01
b   9   19  9   20  99  2.14640E-01  2.28124E-01  1.07476E+00 -3.27702E-01  2.00442E+00  6.39900E-01  6.39900E-01
b   9    1  9   21  99  3.90943E-01  1.01257E-01 -3.09027E+00  2.05280E+01  3.84526E+00  1.07100E-02  1.07100E-02
b   9    4  9   21  99  4.03484E-01  2.73650E-03 -3.04242E+00  2.17801E+01  3.86913E+00  1.18650E-01  1.18650E-01
b   9   18  9   21  99  1.12431E-01  1.27717E+00 -2.32727E+01  1.72035E+02  2.00000E+01  2.86800E-01  2.86800E-01
b   9   19  9   21  99  2.72325E-01  4.26622E-01  1.44771E+00 -5.21081E-01  2.10514E+00  1.31500E-01  1.31500E-01
b   9   20  9   21  99  2.39166E-01  1.60878E-01  2.24082E+00 -1.25916E+00  3.35729E+00  9.25000E-01  9.25000E-01
b   9    1  9   22  99  4.31757E-01  1.08403E-01 -3.48940E+00  2.29692E+01  3.85055E+00  5.43800E-03  5.43800E-03
b   9    5  9   22  99  4.03484E-01  2.73650E-03 -3.04242E+00  2.17801E+01  3.86913E+00  1.18650E-01  1.18650E-01
b   9   18  9   22  99  1.38907E-01  1.56933E+00 -3.02304E+01  2.37135E+02  2.00000E+01  1.30080E-01  1.30080E-01
b   9   19  9   22  99  3.76806E-01  6.40347E-01  2.04815E+00 -7.79220E-01  2.11765E+00  4.48000E-02  4.48000E-02
b   9   20  9   22  99  2.92535E-01  6.64743E-01  2.14987E+00 -1.05755E+00  2.90074E+00  1.53200E-01  1.53200E-01
b   9   21  9   22  99  2.43605E-01  2.52652E-01  2.32454E+00 -3.89005E-01  4.04481E+00  1.11700E+00  1.11700E+00
b   9    1  9   23  99  4.27025E-01  1.09178E-01 -3.45990E+00  2.27348E+01  3.85106E+00  3.32400E-03  3.32400E-03
b   9    6  9   23  99  4.03484E-01  2.73650E-03 -3.04242E+00  2.17801E+01  3.86913E+00  1.18650E-01  1.18650E-01
b   9   18  9   23  99  1.37560E-01  1.56005E+00 -2.96926E+01  2.30384E+02  2.00000E+01  7.88080E-02  7.88080E-02
b   9   19  9   23  99  3.87067E-01  7.41648E-01  2.07376E+00 -7.62186E-01  2.12386E+00  2.32900E-02  2.32900E-02
b   9   20  9   23  99  3.12267E-01  9.36422E-01  2.26436E+00 -1.10421E+00  2.94686E+00  5.80500E-02  5.80500E-02
b   9   21  9   23  99  2.79330E-01  7.48605E-01  2.46303E+00 -1.36377E+00  3.50916E+00  1.87100E-01  1.87100E-01
b   9   22  9   23  99  2.26394E-01  3.23616E-01  2.05970E+00 -2.84957E-01  4.04480E+00  1.35700E+00  1.35700E+00
b   9    1  9   24  99  4.24223E-01  1.07820E-01 -3.43035E+00  2.25749E+01  3.85245E+00  2.18000E-03  2.18000E-03
b   9    7  9   24  99  4.03484E-01  2.73650E-03 -3.04242E+00  2.17801E+01  3.86913E+00  1.18650E-01  1.18650E-01
b   9   18  9   24  99  1.38439E-01  1.55450E+00 -2.98297E+01  2.35942E+02  2.00000E+01  5.14480E-02  5.14480E-02
b   9   19  9   24  99  3.93280E-01  8.07900E-01  2.07705E+00 -7.26848E-01  2.11886E+00  1.38900E-02  1.38900E-02
b   9   20  9   24  99  3.22904E-01  1.12169E+00  2.28709E+00 -1.08700E+00  2.93016E+00  2.93600E-02  2.93600E-02
b   9   21  9   24  99  2.99004E-01  1.10715E+00  2.56335E+00 -1.39142E+00  3.53441E+00  6.82700E-02  6.82700E-02
b   9   22  9   24  99  2.62492E-01  8.36301E-01  2.35971E+00 -2.67411E-01  4.24885E+00  2.19900E-01  2.19900E-01
b   9   23  9   24  99  2.15015E-01  3.71922E-01  1.90070E+00 -2.98653E-01  4.02185E+00  1.57000E+00  1.57000E+00
b   9    1  9   25  99  4.20604E-01  1.12545E-01 -3.44576E+00  2.25364E+01  3.85943E+00  1.50520E-03  1.50520E-03
b   9    8  9   25  99  4.03484E-01  2.73650E-03 -3.04242E+00  2.17801E+01  3.86913E+00  1.18650E-01  1.18650E-01
b   9   18  9   25  99  1.37424E-01  1.54849E+00 -2.94160E+01  2.30080E+02  2.00000E+01  3.54720E-02  3.54720E-02
b   9   19  9   25  99  3.97419E-01  8.51885E-01  2.09966E+00 -7.17665E-01  2.13564E+00  9.03300E-03  9.03300E-03
b   9   20  9   25  99  3.30579E-01  1.24753E+00  2.33715E+00 -1.09994E+00  2.96063E+00  1.73100E-02  1.73100E-02
b   9   21  9   25  99  2.94245E-01  1.44753E+00  1.94441E+00 -9.24782E-01  2.95772E+00  3.38600E-02  3.38600E-02
b   9   22  9   25  99  2.79170E-01  1.26422E+00  2.28773E+00 -1.25493E+00  3.54586E+00  7.84400E-02  7.84400E-02
b   9   23  9   25  99  2.49804E-01  9.10004E-01  2.16119E+00 -2.43050E-01  4.23259E+00  2.49300E-01  2.49300E-01
b   9   24  9   25  99  2.06432E-01  4.07539E-01  1.77616E+00 -2.65020E-01  4.03325E+00  1.77600E+00  1.77600E+00
b   9    1  9   26  99  4.20010E-01  1.07822E-01 -3.39268E+00  2.22992E+01  3.84922E+00  1.08160E-03  1.08160E-03
b   9    9  9   26  99  4.03484E-01  2.73650E-03 -3.04242E+00  2.17801E+01  3.86913E+00  1.18650E-01  1.18650E-01
b   9   18  9   26  99  1.36892E-01  1.54614E+00 -2.92874E+01  2.28492E+02  2.00000E+01  2.54880E-02  2.54880E-02
b   9   19  9   26  99  4.00123E-01  8.85629E-01  2.11539E+00 -7.15194E-01  2.15419E+00  6.23700E-03  6.23700E-03
b   9   20  9   26  99  3.03700E-01  1.48442E+00  1.35777E+00 -4.74016E-01  2.07784E+00  1.12100E-02  1.12100E-02
b   9   21  9   26  99  3.02379E-01  1.64237E+00  1.96130E+00 -9.25428E-01  2.93816E+00  1.97600E-02  1.97600E-02
b   9   22  9   26  99  2.91572E-01  1.58354E+00  2.33557E+00 -1.26208E+00  3.56678E+00  3.83800E-02  3.83800E-02
b   9   23  9   26  99  2.70275E-01  1.36028E+00  2.27265E+00 -2.19001E-01  4.29004E+00  8.76800E-02  8.76800E-02
b   9   24  9   26  99  2.41120E-01  9.57975E-01  2.02321E+00 -1.98695E-01  4.23116E+00  2.78000E-01  2.78000E-01
b   9   25  9   26  99  2.12864E-01  4.49243E-01  1.78095E+00 -2.66597E-01  4.00836E+00  1.86700E+00  1.86700E+00
f   9    1  8    1  99  7.00000E+00  1.03126E+01
p   9    1  8    1  98  1.72360E+00 -2.20720E+00 -2.21290E-01  2.62500E-02  7.00000E+00  2.43900E+02  2.53700E+02  4.87900E+03
f   9    2  8    1  99  1.00000E+00  6.60800E+00
p   9    2  8    1  99  1.00000E+00  6.60800E+00
f   9    3  8    1  99  1.00000E+00  6.17600E+00
p   9    3  8    1  99  1.00000E+00  6.17600E+00
f   9    4  8    1  99  1.00000E+00  6.01860E+00
p   9    4  8    1  99  1.00000E+00  6.01860E+00
f   9    5  8    1  99  1.00000E+00  6.07800E+00
p   9    5  8    1  99  1.00000E+00  6.07800E+00
f   9    6  8    1  99  1.00000E+00  6.06200E+00
p   9    6  8    1  99  1.00000E+00  6.06200E+00
f   9    7  8    1  99  1.00000E+00  6.00620E+00
p   9    7  8    1  99  1.00000E+00  6.00620E+00
f   9    8  8    1  99  1.00000E+00  6.00620E+00
p   9    8  8    1  99  1.00000E+00  6.00620E+00
f   9    9  8    1  99  1.00000E+00  6.00080E+00
p   9    9  8    1  99  1.00000E+00  6.00080E+00
f   9    2  8    2  99  6.00000E+00  6.60800E+00
p   9    2  8    2  98  1.72360E+00 -2.20720E+00 -2.21290E-01  2.62500E-02  7.00000E+00  2.43900E+02  2.53700E+02  4.87900E+03
f   9   10  8    2  99  2.00000E+00  7.17200E+00
p   9   10  8    2  99  2.00000E+00  7.17200E+00
f   9   11  8    2  99  1.00000E+00  6.23270E+00
p   9   11  8    2  99  1.00000E+00  6.23270E+00
f   9   12  8    2  99  1.00000E+00  6.03690E+00
p   9   12  8    2  99  1.00000E+00  6.03690E+00
f   9   13  8    2  99  1.00000E+00  6.08400E+00
p   9   13  8    2  99  1.00000E+00  6.08400E+00
f   9   14  8    2  99  1.00000E+00  6.06600E+00
p   9   14  8    2  99  1.00000E+00  6.06600E+00
f   9   15  8    2  99  1.00000E+00  6.01520E+00
p   9   15  8    2  99  1.00000E+00  6.01520E+00
f   9   16  8    2  99  1.00000E+00  6.01320E+00
p   9   16  8    2  99  1.00000E+00  6.01320E+00
f   9   17  8    2  99  1.00000E+00  6.00080E+00
p   9   17  8    2  99  1.00000E+00  6.00080E+00
f   9    3  8    3  99  6.00000E+00  6.17600E+00
p   9    3  8    3  98  1.72360E+00 -2.20720E+00 -2.21290E-01  2.62500E-02  7.00000E+00  2.43900E+02  2.53700E+02  4.87900E+03
f   9   11  8    3  99  1.00000E+00  6.23270E+00
p   9   11  8    3  99  1.00000E+00  6.23270E+00
f   9    4  8    4  99  6.00000E+00  6.01860E+00
p   9    4  8    4  98  1.72360E+00 -2.20720E+00 -2.21290E-01  2.62500E-02  7.00000E+00  2.43900E+02  2.53700E+02  4.87900E+03
f   9   12  8    4  99  1.00000E+00  6.03690E+00
p   9   12  8    4  99  1.00000E+00  6.03690E+00
f   9    5  8    5  99  6.00000E+00  6.07800E+00
p   9    5  8    5  98  1.72360E+00 -2.20720E+00 -2.21290E-01  2.62500E-02  7.00000E+00  2.43900E+02  2.53700E+02  4.87900E+03
f   9   13  8    5  99  1.00000E+00  6.08400E+00
p   9   13  8    5  99  1.00000E+00  6.08400E+00
f   9    6  8    6  99  6.00000E+00  6.06200E+00
p   9    6  8    6  98  1.72360E+00 -2.20720E+00 -2.21290E-01  2.62500E-02  7.00000E+00  2.43900E+02  2.53700E+02  4.87900E+03
f   9   14  8    6  99  1.00000E+00  6.06600E+00
p   9   14  8    6  99  1.00000E+00  6.06600E+00
f   9    7  8    7  99  6.00000E+00  6.00620E+00
p   9    7  8    7  98  1.72360E+00 -2.20720E+00 -2.21290E-01  2.62500E-02  7.00000E+00  2.43900E+02  2.53700E+02  4.87900E+03
f   9   15  8    7  99  1.00000E+00  6.01520E+00
p   9   15  8    7  99  1.00000E+00  6.01520E+00
f   9    8  8    8  99  6.00000E+00  6.00620E+00
p   9    8  8    8  98  1.72360E+00 -2.20720E+00 -2.21290E-01  2.62500E-02  7.00000E+00  2.43900E+02  2.53700E+02  4.87900E+03
f   9   16  8    8  99  1.00000E+00  6.01320E+00
p   9   16  8    8  99  1.00000E+00  6.01320E+00
f   9    9  8    9  99  6.00000E+00  6.00080E+00
p   9    9  8    9  98  1.72360E+00 -2.20720E+00 -2.21290E-01  2.62500E-02  7.00000E+00  2.43900E+02  2.53700E+02  4.87900E+03
f   9   17  8    9  99  1.00000E+00  6.00080E+00
p   9   17  8    9  99  1.00000E+00  6.00080E+00
f   9   10  8   10  99  5.00000E+00  7.17200E+00
p   9   10  8   10  98  1.72360E+00 -2.20720E+00 -2.21290E-01  2.62500E-02  7.00000E+00  2.43900E+02  2.53700E+02  4.87900E+03
f   9   11  8   11  99  5.00000E+00  6.23270E+00
p   9   11  8   11  98  1.72360E+00 -2.20720E+00 -2.21290E-01  2.62500E-02  7.00000E+00  2.43900E+02  2.53700E+02  4.87900E+03
f   9   12  8   12  99  5.00000E+00  6.03690E+00
p   9   12  8   12  98  1.72360E+00 -2.20720E+00 -2.21290E-01  2.62500E-02  7.00000E+00  2.43900E+02  2.53700E+02  4.87900E+03
f   9   13  8   13  99  5.00000E+00  6.08400E+00
p   9   13  8   13  98  1.72360E+00 -2.20720E+00 -2.21290E-01  2.62500E-02  7.00000E+00  2.43900E+02  2.53700E+02  4.87900E+03
f   9   14  8   14  99  5.00000E+00  6.06600E+00
p   9   14  8   14  98  1.72360E+00 -2.20720E+00 -2.21290E-01  2.62500E-02  7.00000E+00  2.43900E+02  2.53700E+02  4.87900E+03
f   9   15  8   15  99  5.00000E+00  6.01520E+00
p   9   15  8   15  98  1.72360E+00 -2.20720E+00 -2.21290E-01  2.62500E-02  7.00000E+00  2.43900E+02  2.53700E+02  4.87900E+03
f   9   16  8   16  99  5.00000E+00  6.01320E+00
p   9   16  8   16  98  1.72360E+00 -2.20720E+00 -2.21290E-01  2.62500E-02  7.00000E+00  2.43900E+02  2.53700E+02  4.87900E+03
f   9   17  8   17  99  5.00000E+00  6.00080E+00
p   9   17  8   17  98  1.72360E+00 -2.20720E+00 -2.21290E-01  2.62500E-02  7.00000E+00  2.43900E+02  2.53700E+02  4.87900E+03
f   9    1  8   18  99  2.00000E+00  1.03126E+01
p   9    1  8   18  98  2.19770E+00 -2.44190E+00 -2.07000E-01  1.99850E-02  2.00000E+00  1.93700E+03  2.01400E+03  3.87400E+04
f   9   18  8   18  99  8.00000E+00  1.09487E+01
p   9   18  8   18  98  1.72360E+00 -2.20720E+00 -2.21290E-01  2.62500E-02  7.00000E+00  2.43900E+02  2.53700E+02  4.87900E+03
f   9   19  8   18  99  1.00000E+00  6.68800E+00
p   9   19  8   18  99  1.00000E+00  6.68800E+00
f   9   20  8   18  99  1.00000E+00  6.19920E+00
p   9   20  8   18  99  1.00000E+00  6.19920E+00
f   9   21  8   18  99  1.00000E+00  6.01770E+00
p   9   21  8   18  99  1.00000E+00  6.01770E+00
f   9   22  8   18  99  1.00000E+00  6.08700E+00
p   9   22  8   18  99  1.00000E+00  6.08700E+00
f   9   23  8   18  99  1.00000E+00  6.07100E+00
p   9   23  8   18  99  1.00000E+00  6.07100E+00
f   9   24  8   18  99  1.00000E+00  6.00710E+00
p   9   24  8   18  99  1.00000E+00  6.00710E+00
f   9   25  8   18  99  1.00000E+00  6.00710E+00
p   9   25  8   18  99  1.00000E+00  6.00710E+00
f   9   26  8   18  99  1.00000E+00  6.00080E+00
p   9   26  8   18  99  1.00000E+00  6.00080E+00
f   9    2  8   19  99  2.00000E+00  6.60800E+00
p   9    2  8   19  98  2.19770E+00 -2.44190E+00 -2.07000E-01  1.99850E-02  2.00000E+00  1.93700E+03  2.01400E+03  3.87400E+04
f   9   19  8   19  99  7.00000E+00  6.68800E+00
p   9   19  8   19  98  1.72360E+00 -2.20720E+00 -2.21290E-01  2.62500E-02  7.00000E+00  2.43900E+02  2.53700E+02  4.87900E+03
f   9    3  8   20  99  2.00000E+00  6.17600E+00
p   9    3  8   20  98  2.19770E+00 -2.44190E+00 -2.07000E-01  1.99850E-02  2.00000E+00  1.93700E+03  2.01400E+03  3.87400E+04
f   9   20  8   20  99  7.00000E+00  6.19920E+00
p   9   20  8   20  98  1.72360E+00 -2.20720E+00 -2.21290E-01  2.62500E-02  7.00000E+00  2.43900E+02  2.53700E+02  4.87900E+03
f   9    4  8   21  99  2.00000E+00  6.01860E+00
p   9    4  8   21  98  2.19770E+00 -2.44190E+00 -2.07000E-01  1.99850E-02  2.00000E+00  1.93700E+03  2.01400E+03  3.87400E+04
f   9   21  8   21  99  7.00000E+00  6.01770E+00
p   9   21  8   21  98  1.72360E+00 -2.20720E+00 -2.21290E-01  2.62500E-02  7.00000E+00  2.43900E+02  2.53700E+02  4.87900E+03
f   9    5  8   22  99  2.00000E+00  6.07800E+00
p   9    5  8   22  98  2.19770E+00 -2.44190E+00 -2.07000E-01  1.99850E-02  2.00000E+00  1.93700E+03  2.01400E+03  3.87400E+04
f   9   22  8   22  99  7.00000E+00  6.08700E+00
p   9   22  8   22  98  1.72360E+00 -2.20720E+00 -2.21290E-01  2.62500E-02  7.00000E+00  2.43900E+02  2.53700E+02  4.87900E+03
f   9    6  8   23  99  2.00000E+00  6.06200E+00
p   9    6  8   23  98  2.19770E+00 -2.44190E+00 -2.07000E-01  1.99850E-02  2.00000E+00  1.93700E+03  2.01400E+03  3.87400E+04
f   9   23  8   23  99  7.00000E+00  6.07100E+00
p   9   23  8   23  98  1.72360E+00 -2.20720E+00 -2.21290E-01  2.62500E-02  7.00000E+00  2.43900E+02  2.53700E+02  4.87900E+03
f   9    7  8   24  99  2.00000E+00  6.00620E+00
p   9    7  8   24  98  2.19770E+00 -2.44190E+00 -2.07000E-01  1.99850E-02  2.00000E+00  1.93700E+03  2.01400E+03  3.87400E+04
f   9   24  8   24  99  7.00000E+00  6.00710E+00
p   9   24  8   24  98  1.72360E+00 -2.20720E+00 -2.21290E-01  2.62500E-02  7.00000E+00  2.43900E+02  2.53700E+02  4.87900E+03
f   9    8  8   25  99  2.00000E+00  6.00620E+00
p   9    8  8   25  98  2.19770E+00 -2.44190E+00 -2.07000E-01  1.99850E-02  2.00000E+00  1.93700E+03  2.01400E+03  3.87400E+04
f   9   25  8   25  99  7.00000E+00  6.00710E+00
p   9   25  8   25  98  1.72360E+00 -2.20720E+00 -2.21290E-01  2.62500E-02  7.00000E+00  2.43900E+02  2.53700E+02  4.87900E+03
f   9    9  8   26  99  2.00000E+00  6.00080E+00
p   9    9  8   26  98  2.19770E+00 -2.44190E+00 -2.07000E-01  1.99850E-02  2.00000E+00  1.93700E+03  2.01400E+03  3.87400E+04
f   9   26  8   26  99  7.00000E+00  6.00080E+00
p   9   26  8   26  98  1.72360E+00 -2.20720E+00 -2.21290E-01  2.62500E-02  7.00000E+00  2.43900E+02  2.53700E+02  4.87900E+03
a   9   10  8    1   3.17092E+13
a   9   11  8    1   5.45074E+12
a   9   12  8    1   1.64385E+12
a   9   13  8    1   6.37954E+11
a   9   14  8    1   2.95155E+11
a   9   15  8    1   1.51391E+11
a   9   16  8    1   8.40094E+10
a   9   17  8    1   4.96069E+10
a   9   18  8    1   7.38024E+14
a   9   19  8    1   1.07684E+13
a   9   20  8    1   2.02612E+12
a   9   21  8    1   6.03610E+11
a   9   22  8    1   2.29498E+11
a   9   23  8    1   1.06180E+11
a   9   24  8    1   5.44600E+10
a   9   25  8    1   3.02218E+10
a   9   26  8    1   1.78458E+10
a   9   19  8    2   5.53518E+14
a   9   20  8    3   5.53518E+14
a   9   21  8    4   5.53518E+14
a   9   22  8    5   5.53518E+14
a   9   23  8    6   5.53518E+14
a   9   24  8    7   5.53518E+14
a   9   25  8    8   5.53518E+14
a   9   26  8    9   5.53518E+14
b  10    1 10    2  99  1.35276E-01  1.16810E+00 -2.55787E+01  2.62757E+02  2.00000E+01  1.39600E+00  1.39600E+00
b  10    1 10    3  99  1.12965E-01  1.27746E+00 -2.21173E+01  1.54475E+02  2.00000E+01  4.97040E-01  4.97040E-01
b  10    2 10    3  99  2.24232E-01  1.78657E-01  1.66529E+00 -8.13671E-01  2.75302E+00  6.33500E-01  6.33500E-01
b  10    1 10    4  99  1.12453E-01  1.26448E+00 -2.19176E+01  1.54851E+02  2.00000E+01  2.34640E-01  2.34640E-01
b  10    2 10    4  99  2.51497E-01  5.42078E-01  1.17640E+00 -3.88791E-01  2.00660E+00  1.22600E-01  1.22600E-01
b  10    3 10    4  99  2.25540E-01  2.29963E-01  2.01715E+00 -1.12246E+00  3.34983E+00  9.34600E-01  9.34600E-01
b  10    1 10    5  99  1.41125E-01  1.61774E+00 -2.95202E+01  2.14286E+02  2.00000E+01  1.05040E-01  1.05040E-01
b  10    2 10    5  99  3.66867E-01  8.09997E-01  1.83632E+00 -6.67556E-01  2.06947E+00  4.03400E-02  4.03400E-02
b  10    3 10    5  99  2.96449E-01  6.81428E-01  2.64162E+00 -1.45798E+00  3.48947E+00  1.48000E-01  1.48000E-01
b  10    4 10    5  99  2.32560E-01  3.21718E-01  2.11688E+00 -3.10815E-01  4.04325E+00  1.12600E+00  1.12600E+00
b  10    1 10    6  99  1.41308E-01  1.60027E+00 -2.96540E+01  2.22041E+02  2.00000E+01  6.44000E-02  6.44000E-02
b  10    2 10    6  99  3.80027E-01  9.20175E-01  1.89646E+00 -6.63865E-01  2.09433E+00  2.08800E-02  2.08800E-02
b  10    3 10    6  99  2.98193E-01  1.06194E+00  2.01963E+00 -9.41314E-01  2.90179E+00  5.53500E-02  5.53500E-02
b  10    4 10    6  99  2.66640E-01  8.35963E-01  2.21598E+00 -1.20464E+00  3.45432E+00  1.84100E-01  1.84100E-01
b  10    5 10    6  99  2.18191E-01  3.82978E-01  1.90534E+00 -2.78744E-01  4.01338E+00  1.37100E+00  1.37100E+00
b  10    1 10    7  99  1.39286E-01  1.58500E+00 -2.90346E+01  2.14027E+02  2.00000E+01  4.23520E-02  4.23520E-02
b  10    2 10    7  99  3.87447E-01  9.93192E-01  1.92928E+00 -7.02573E-01  2.08544E+00  1.24200E-02  1.24200E-02
b  10    3 10    7  99  3.09907E-01  1.25921E+00  2.07980E+00 -9.98529E-01  2.90572E+00  2.78200E-02  2.78200E-02
b  10    4 10    7  99  2.85800E-01  1.21120E+00  2.32013E+00 -1.24412E+00  3.51002E+00  6.65300E-02  6.65300E-02
b  10    5 10    7  99  2.52021E-01  9.11611E-01  2.14534E+00 -2.20366E-01  4.20818E+00  2.18200E-01  2.18200E-01
b  10    6 10    7  99  2.08206E-01  4.25564E-01  1.77674E+00 -2.61644E-01  4.02634E+00  1.58400E+00  1.58400E+00
b  10    1 10    8  99  1.38847E-01  1.57458E+00 -2.88466E+01  2.13333E+02  2.00000E+01  2.93520E-02  2.93520E-02
b  10    2 10    8  99  3.92280E-01  1.04315E+00  1.95204E+00 -7.05415E-01  2.09395E+00  8.07000E-03  8.07000E-03
b  10    3 10    8  99  3.17340E-01  1.39807E+00  2.11272E+00 -9.85322E-01  2.93256E+00  1.63400E-02  1.63400E-02
b  10    4 10    8  99  2.98580E-01  1.48084E+00  2.40933E+00 -1.30645E+00  3.55501E+00  3.28300E-02  3.28300E-02
b  10    5 10    8  99  2.72010E-01  1.33153E+00  2.29236E+00 -2.97117E-01  4.28003E+00  7.72700E-02  7.72700E-02
b  10    6 10    8  99  2.40965E-01  9.76079E-01  1.96169E+00 -1.73953E-01  4.16323E+00  2.48200E-01  2.48200E-01
b  10    7 10    8  99  2.00448E-01  4.57805E-01  1.64102E+00 -2.07373E-01  3.99077E+00  1.78900E+00  1.78900E+00
b  10    1 10    9  99  1.37921E-01  1.57182E+00 -2.87961E+01  2.12565E+02  2.00000E+01  2.11600E-02  2.11600E-02
b  10    2 10    9  99  3.95657E-01  1.07920E+00  1.96905E+00 -7.06271E-01  2.09736E+00  5.57000E-03  5.57000E-03
b  10    3 10    9  99  3.22596E-01  1.50024E+00  2.13549E+00 -9.84587E-01  2.93732E+00  1.05700E-02  1.05700E-02
b  10    4 10    9  99  3.06813E-01  1.68595E+00  2.43943E+00 -1.30495E+00  3.56116E+00  1.90900E-02  1.90900E-02
b  10    5 10    9  99  2.84223E-01  1.66153E+00  2.34108E+00 -2.59435E-01  4.32034E+00  3.76500E-02  3.76500E-02
b  10    6 10    9  99  2.61144E-01  1.43264E+00  2.10737E+00 -1.69395E-01  4.30184E+00  8.68100E-02  8.68100E-02
b  10    7 10    9  99  2.34033E-01  1.01309E+00  1.86621E+00 -1.88184E-01  4.16390E+00  2.77200E-01  2.77200E-01
b  10    8 10    9  99  1.11291E-01  2.69184E-01  8.93763E-01 -1.23943E-01  3.98696E+00  3.49900E+00  3.49900E+00
b  10    1 10   10  98  0.00000E+00  0.00000E+00  0.00000E+00  0.00000E+00  0.00000E+00  2.38389E-01  4.76777E-03
b  10    2 10   10  99  1.35276E-01  1.16810E+00 -2.55787E+01  2.62757E+02  2.00000E+01  1.15364E+00  1.15364E+00
b  10    1 10   11  98  0.00000E+00  0.00000E+00  0.00000E+00  0.00000E+00  0.00000E+00  3.98106E-01  7.96212E-03
b  10    2 10   11  99  1.12965E-01  1.27746E+00 -2.21173E+01  1.54475E+02  2.00000E+01  4.34910E-01  4.34910E-01
b  10    3 10   11  99  1.35276E-01  1.16810E+00 -2.55787E+01  2.62757E+02  2.00000E+01  1.22150E+00  1.22150E+00
b  10   10 10   11  99  2.24232E-01  1.78657E-01  1.66529E+00 -8.13671E-01  2.75302E+00  1.26700E+00  1.26700E+00
b  10    1 10   12  98  0.00000E+00  0.00000E+00  0.00000E+00  0.00000E+00  0.00000E+00  5.85615E-01  1.17123E-02
b  10    2 10   12  99  1.12453E-01  1.26448E+00 -2.19176E+01  1.54851E+02  2.00000E+01  2.05310E-01  2.05310E-01
b  10    4 10   12  99  1.35276E-01  1.16810E+00 -2.55787E+01  2.62757E+02  2.00000E+01  1.22150E+00  1.22150E+00
b  10   10 10   12  99  2.51497E-01  5.42078E-01  1.17640E+00 -3.88791E-01  2.00660E+00  2.45200E-01  2.45200E-01
b  10   11 10   12  99  2.25540E-01  2.29963E-01  2.01715E+00 -1.12246E+00  3.34983E+00  9.34600E-01  9.34600E-01
b  10    1 10   13  98  0.00000E+00  0.00000E+00  0.00000E+00  0.00000E+00  0.00000E+00  8.22070E-01  1.64414E-02
b  10    2 10   13  99  1.41125E-01  1.61774E+00 -2.95202E+01  2.14286E+02  2.00000E+01  9.19100E-02  9.19100E-02
b  10    5 10   13  99  1.35276E-01  1.16810E+00 -2.55787E+01  2.62757E+02  2.00000E+01  1.22150E+00  1.22150E+00
b  10   10 10   13  99  3.66867E-01  8.09997E-01  1.83632E+00 -6.67556E-01  2.06947E+00  8.06800E-02  8.06800E-02
b  10   11 10   13  99  2.96449E-01  6.81428E-01  2.64162E+00 -1.45798E+00  3.48947E+00  1.48000E-01  1.48000E-01
b  10   12 10   13  99  2.32560E-01  3.21718E-01  2.11688E+00 -3.10815E-01  4.04325E+00  1.12600E+00  1.12600E+00
b  10    1 10   14  98  0.00000E+00  0.00000E+00  0.00000E+00  0.00000E+00  0.00000E+00  1.09977E+00  2.19953E-02
b  10    2 10   14  99  1.41308E-01  1.60027E+00 -2.96540E+01  2.22041E+02  2.00000E+01  5.63500E-02  5.63500E-02
b  10    6 10   14  99  1.35276E-01  1.16810E+00 -2.55787E+01  2.62757E+02  2.00000E+01  1.22150E+00  1.22150E+00
b  10   10 10   14  99  3.80027E-01  9.20175E-01  1.89646E+00 -6.63865E-01  2.09433E+00  4.17600E-02  4.17600E-02
b  10   11 10   14  99  2.98193E-01  1.06194E+00  2.01963E+00 -9.41314E-01  2.90179E+00  5.53500E-02  5.53500E-02
b  10   12 10   14  99  2.66640E-01  8.35963E-01  2.21598E+00 -1.20464E+00  3.45432E+00  1.84100E-01  1.84100E-01
b  10   13 10   14  99  2.18191E-01  3.82978E-01  1.90534E+00 -2.78744E-01  4.01338E+00  1.37100E+00  1.37100E+00
b  10    1 10   15  98  0.00000E+00  0.00000E+00  0.00000E+00  0.00000E+00  0.00000E+00  1.41951E+00  2.83902E-02
b  10    2 10   15  99  1.39286E-01  1.58500E+00 -2.90346E+01  2.14027E+02  2.00000E+01  3.70580E-02  3.70580E-02
b  10    7 10   15  99  1.35276E-01  1.16810E+00 -2.55787E+01  2.62757E+02  2.00000E+01  1.22150E+00  1.22150E+00
b  10   10 10   15  99  3.87447E-01  9.93192E-01  1.92928E+00 -7.02573E-01  2.08544E+00  2.48400E-02  2.48400E-02
b  10   11 10   15  99  3.09907E-01  1.25921E+00  2.07980E+00 -9.98529E-01  2.90572E+00  2.78200E-02  2.78200E-02
b  10   12 10   15  99  2.85800E-01  1.21120E+00  2.32013E+00 -1.24412E+00  3.51002E+00  6.65300E-02  6.65300E-02
b  10   13 10   15  99  2.52021E-01  9.11611E-01  2.14534E+00 -2.20366E-01  4.20818E+00  2.18200E-01  2.18200E-01
b  10   14 10   15  99  2.08206E-01  4.25564E-01  1.77674E+00 -2.61644E-01  4.02634E+00  1.58400E+00  1.58400E+00
b  10    1 10   16  98  0.00000E+00  0.00000E+00  0.00000E+00  0.00000E+00  0.00000E+00  1.78369E+00  3.56739E-02
b  10    2 10   16  99  1.38847E-01  1.57458E+00 -2.88466E+01  2.13333E+02  2.00000E+01  2.56830E-02  2.56830E-02
b  10    8 10   16  99  1.35276E-01  1.16810E+00 -2.55787E+01  2.62757E+02  2.00000E+01  1.22150E+00  1.22150E+00
b  10   10 10   16  99  3.92280E-01  1.04315E+00  1.95204E+00 -7.05415E-01  2.09395E+00  1.61400E-02  1.61400E-02
b  10   11 10   16  99  3.17340E-01  1.39807E+00  2.11272E+00 -9.85322E-01  2.93256E+00  1.63400E-02  1.63400E-02
b  10   12 10   16  99  2.98580E-01  1.48084E+00  2.40933E+00 -1.30645E+00  3.55501E+00  3.28300E-02  3.28300E-02
b  10   13 10   16  99  2.72010E-01  1.33153E+00  2.29236E+00 -2.97117E-01  4.28003E+00  7.72700E-02  7.72700E-02
b  10   14 10   16  99  2.40965E-01  9.76079E-01  1.96169E+00 -1.73953E-01  4.16323E+00  2.48200E-01  2.48200E-01
b  10   15 10   16  99  2.00448E-01  4.57805E-01  1.64102E+00 -2.07373E-01  3.99077E+00  1.78900E+00  1.78900E+00
b  10    1 10   17  98  0.00000E+00  0.00000E+00  0.00000E+00  0.00000E+00  0.00000E+00  2.19081E+00  4.38162E-02
b  10    2 10   17  99  1.37921E-01  1.57182E+00 -2.87961E+01  2.12565E+02  2.00000E+01  1.85150E-02  1.85150E-02
b  10    9 10   17  99  1.35276E-01  1.16810E+00 -2.55787E+01  2.62757E+02  2.00000E+01  1.22150E+00  1.22150E+00
b  10   10 10   17  99  3.95657E-01  1.07920E+00  1.96905E+00 -7.06271E-01  2.09736E+00  1.11400E-02  1.11400E-02
b  10   11 10   17  99  3.22596E-01  1.50024E+00  2.13549E+00 -9.84587E-01  2.93732E+00  1.05700E-02  1.05700E-02
b  10   12 10   17  99  3.06813E-01  1.68595E+00  2.43943E+00 -1.30495E+00  3.56116E+00  1.90900E-02  1.90900E-02
b  10   13 10   17  99  2.84223E-01  1.66153E+00  2.34108E+00 -2.59435E-01  4.32034E+00  3.76500E-02  3.76500E-02
b  10   14 10   17  99  2.61144E-01  1.43264E+00  2.10737E+00 -1.69395E-01  4.30184E+00  8.68100E-02  8.68100E-02
b  10   15 10   17  99  2.34033E-01  1.01309E+00  1.86621E+00 -1.88184E-01  4.16390E+00  2.77200E-01  2.77200E-01
b  10   16 10   17  99  1.11291E-01  2.69184E-01  8.93763E-01 -1.23943E-01  3.98696E+00  3.49900E+00  3.49900E+00
b  10    1 10   18  99  4.01960E-01  6.68380E-02 -3.08462E+00  2.11617E+01  3.84789E+00  4.94000E-02  4.94000E-02
b  10    2 10   18  99  3.79661E-01 -1.24527E-02 -2.81137E+00  2.05153E+01  3.87421E+00  5.73250E-02  5.73250E-02
b  10    1 10   19  99  4.01913E-01  7.80936E-02 -3.11443E+00  2.11241E+01  3.84466E+00  1.75560E-02  1.75560E-02
b  10    3 10   19  99  3.79661E-01 -1.24527E-02 -2.81137E+00  2.05153E+01  3.87421E+00  5.73250E-02  5.73250E-02
b  10   18 10   19  99  2.24232E-01  1.78657E-01  1.66529E+00 -8.13671E-01  2.75302E+00  6.33500E-01  6.33500E-01
b  10    1 10   20  99  3.94240E-01  8.62188E-02 -3.11325E+00  2.08797E+01  3.85178E+00  8.26600E-03  8.26600E-03
b  10    4 10   20  99  3.79661E-01 -1.24527E-02 -2.81137E+00  2.05153E+01  3.87421E+00  5.73250E-02  5.73250E-02
b  10   18 10   20  99  2.51497E-01  5.42078E-01  1.17640E+00 -3.88791E-01  2.00660E+00  1.22600E-01  1.22600E-01
b  10   19 10   20  99  2.25540E-01  2.29963E-01  2.01715E+00 -1.12246E+00  3.34983E+00  9.34600E-01  9.34600E-01
b  10    1 10   21  99  4.35017E-01  8.61037E-02 -3.47355E+00  2.32156E+01  3.85208E+00  4.17400E-03  4.17400E-03
b  10    5 10   21  99  3.79661E-01 -1.24527E-02 -2.81137E+00  2.05153E+01  3.87421E+00  5.73250E-02  5.73250E-02
b  10   18 10   21  99  3.66867E-01  8.09997E-01  1.83632E+00 -6.67556E-01  2.06947E+00  4.03400E-02  4.03400E-02
b  10   19 10   21  99  2.96449E-01  6.81428E-01  2.64162E+00 -1.45798E+00  3.48947E+00  1.48000E-01  1.48000E-01
b  10   20 10   21  99  2.32560E-01  3.21718E-01  2.11688E+00 -3.10815E-01  4.04325E+00  1.12600E+00  1.12600E+00
b  10    1 10   22  99  4.29148E-01  8.82150E-02 -3.46095E+00  2.30553E+01  3.86079E+00  2.54000E-03  2.54000E-03
b  10    6 10   22  99  3.79661E-01 -1.24527E-02 -2.81137E+00  2.05153E+01  3.87421E+00  5.73250E-02  5.73250E-02
b  10   18 10   22  99  3.80027E-01  9.20175E-01  1.89646E+00 -6.63865E-01  2.09433E+00  2.08800E-02  2.08800E-02
b  10   19 10   22  99  2.98193E-01  1.06194E+00  2.01963E+00 -9.41314E-01  2.90179E+00  5.53500E-02  5.53500E-02
b  10   20 10   22  99  2.66640E-01  8.35963E-01  2.21598E+00 -1.20464E+00  3.45432E+00  1.84100E-01  1.84100E-01
b  10   21 10   22  99  2.18191E-01  3.82978E-01  1.90534E+00 -2.78744E-01  4.01338E+00  1.37100E+00  1.37100E+00
b  10    1 10   23  99  4.25297E-01  8.88120E-02 -3.44034E+00  2.28769E+01  3.86178E+00  1.65980E-03  1.65980E-03
b  10    7 10   23  99  3.79661E-01 -1.24527E-02 -2.81137E+00  2.05153E+01  3.87421E+00  5.73250E-02  5.73250E-02
b  10   18 10   23  99  3.87447E-01  9.93192E-01  1.92928E+00 -7.02573E-01  2.08544E+00  1.24200E-02  1.24200E-02
b  10   19 10   23  99  3.09907E-01  1.25921E+00  2.07980E+00 -9.98529E-01  2.90572E+00  2.78200E-02  2.78200E-02
b  10   20 10   23  99  2.85800E-01  1.21120E+00  2.32013E+00 -1.24412E+00  3.51002E+00  6.65300E-02  6.65300E-02
b  10   21 10   23  99  2.52021E-01  9.11611E-01  2.14534E+00 -2.20366E-01  4.20818E+00  2.18200E-01  2.18200E-01
b  10   22 10   23  99  2.08206E-01  4.25564E-01  1.77674E+00 -2.61644E-01  4.02634E+00  1.58400E+00  1.58400E+00
b  10    1 10   24  99  4.22343E-01  8.97335E-02 -3.42728E+00  2.27475E+01  3.86273E+00  1.14300E-03  1.14300E-03
b  10    8 10   24  99  3.79661E-01 -1.24527E-02 -2.81137E+00  2.05153E+01  3.87421E+00  5.73250E-02  5.73250E-02
b  10   18 10   24  99  3.92280E-01  1.04315E+00  1.95204E+00 -7.05415E-01  2.09395E+00  8.07000E-03  8.07000E-03
b  10   19 10   24  99  3.17340E-01  1.39807E+00  2.11272E+00 -9.85322E-01  2.93256E+00  1.63400E-02  1.63400E-02
b  10   20 10   24  99  2.98580E-01  1.48084E+00  2.40933E+00 -1.30645E+00  3.55501E+00  3.28300E-02  3.28300E-02
b  10   21 10   24  99  2.72010E-01  1.33153E+00  2.29236E+00 -2.97117E-01  4.28003E+00  7.72700E-02  7.72700E-02
b  10   22 10   24  99  2.40965E-01  9.76079E-01  1.96169E+00 -1.73953E-01  4.16323E+00  2.48200E-01  2.48200E-01
b  10   23 10   24  99  2.00448E-01  4.57805E-01  1.64102E+00 -2.07373E-01  3.99077E+00  1.78900E+00  1.78900E+00
b  10    1 10   25  99  4.20957E-01  8.69647E-02 -3.39340E+00  2.25775E+01  3.85762E+00  8.19600E-04  8.19600E-04
b  10    9 10   25  99  3.79661E-01 -1.24527E-02 -2.81137E+00  2.05153E+01  3.87421E+00  5.73250E-02  5.73250E-02
b  10   18 10   25  99  3.95657E-01  1.07920E+00  1.96905E+00 -7.06271E-01  2.09736E+00  5.57000E-03  5.57000E-03
b  10   19 10   25  99  3.22596E-01  1.50024E+00  2.13549E+00 -9.84587E-01  2.93732E+00  1.05700E-02  1.05700E-02
b  10   20 10   25  99  3.06813E-01  1.68595E+00  2.43943E+00 -1.30495E+00  3.56116E+00  1.90900E-02  1.90900E-02
b  10   21 10   25  99  2.84223E-01  1.66153E+00  2.34108E+00 -2.59435E-01  4.32034E+00  3.76500E-02  3.76500E-02
b  10   22 10   25  99  2.61144E-01  1.43264E+00  2.10737E+00 -1.69395E-01  4.30184E+00  8.68100E-02  8.68100E-02
b  10   23 10   25  99  2.34033E-01  1.01309E+00  1.86621E+00 -1.88184E-01  4.16390E+00  2.77200E-01  2.77200E-01
b  10   24 10   25  99  1.11291E-01  2.69184E-01  8.93763E-01 -1.23943E-01  3.98696E+00  3.49900E+00  3.49900E+00
f  10    1  9    1  99  8.00000E+00  1.00107E+01
p  10    1  9    1  98  1.76990E+00 -2.00360E+00 -3.02600E-01  3.86290E-02  8.00000E+00  2.05700E+02  2.13900E+02  4.11300E+03
f  10    2  9    1  99  1.00000E+00  5.70400E+00
p  10    2  9    1  99  1.00000E+00  5.70400E+00
f  10    3  9    1  99  1.00000E+00  5.20380E+00
p  10    3  9    1  99  1.00000E+00  5.20380E+00
f  10    4  9    1  99  1.00000E+00  5.02070E+00
p  10    4  9    1  99  1.00000E+00  5.02070E+00
f  10    5  9    1  99  1.00000E+00  5.09000E+00
p  10    5  9    1  99  1.00000E+00  5.09000E+00
f  10    6  9    1  99  1.00000E+00  5.07200E+00
p  10    6  9    1  99  1.00000E+00  5.07200E+00
f  10    7  9    1  99  1.00000E+00  5.00720E+00
p  10    7  9    1  99  1.00000E+00  5.00720E+00
f  10    8  9    1  99  1.00000E+00  5.00720E+00
p  10    8  9    1  99  1.00000E+00  5.00720E+00
f  10    9  9    1  99  1.00000E+00  5.00090E+00
p  10    9  9    1  99  1.00000E+00  5.00090E+00
f  10    2  9    2  99  7.00000E+00  5.70400E+00
p  10    2  9    2  98  1.76990E+00 -2.00360E+00 -3.02600E-01  3.86290E-02  8.00000E+00  2.05700E+02  2.13900E+02  4.11300E+03
f  10   10  9    2  99  2.00000E+00  6.26800E+00
p  10   10  9    2  99  2.00000E+00  6.26800E+00
f  10   11  9    2  99  1.00000E+00  5.26050E+00
p  10   11  9    2  99  1.00000E+00  5.26050E+00
f  10   12  9    2  99  1.00000E+00  5.03900E+00
p  10   12  9    2  99  1.00000E+00  5.03900E+00
f  10   13  9    2  99  1.00000E+00  5.09600E+00
p  10   13  9    2  99  1.00000E+00  5.09600E+00
f  10   14  9    2  99  1.00000E+00  5.07600E+00
p  10   14  9    2  99  1.00000E+00  5.07600E+00
f  10   15  9    2  99  1.00000E+00  5.01620E+00
p  10   15  9    2  99  1.00000E+00  5.01620E+00
f  10   16  9    2  99  1.00000E+00  5.01420E+00
p  10   16  9    2  99  1.00000E+00  5.01420E+00
f  10   17  9    2  99  1.00000E+00  5.00090E+00
p  10   17  9    2  99  1.00000E+00  5.00090E+00
f  10    3  9    3  99  7.00000E+00  5.20380E+00
p  10    3  9    3  98  1.76990E+00 -2.00360E+00 -3.02600E-01  3.86290E-02  8.00000E+00  2.05700E+02  2.13900E+02  4.11300E+03
f  10   11  9    3  99  1.00000E+00  5.26050E+00
p  10   11  9    3  99  1.00000E+00  5.26050E+00
f  10    4  9    4  99  7.00000E+00  5.02070E+00
p  10    4  9    4  98  1.76990E+00 -2.00360E+00 -3.02600E-01  3.86290E-02  8.00000E+00  2.05700E+02  2.13900E+02  4.11300E+03
f  10   12  9    4  99  1.00000E+00  5.03900E+00
p  10   12  9    4  99  1.00000E+00  5.03900E+00
f  10    5  9    5  99  7.00000E+00  5.09000E+00
p  10    5  9    5  98  1.76990E+00 -2.00360E+00 -3.02600E-01  3.86290E-02  8.00000E+00  2.05700E+02  2.13900E+02  4.11300E+03
f  10   13  9    5  99  1.00000E+00  5.09600E+00
p  10   13  9    5  99  1.00000E+00  5.09600E+00
f  10    6  9    6  99  7.00000E+00  5.07200E+00
p  10    6  9    6  98  1.76990E+00 -2.00360E+00 -3.02600E-01  3.86290E-02  8.00000E+00  2.05700E+02  2.13900E+02  4.11300E+03
f  10   14  9    6  99  1.00000E+00  5.07600E+00
p  10   14  9    6  99  1.00000E+00  5.07600E+00
f  10    7  9    7  99  7.00000E+00  5.00720E+00
p  10    7  9    7  98  1.76990E+00 -2.00360E+00 -3.02600E-01  3.86290E-02  8.00000E+00  2.05700E+02  2.13900E+02  4.11300E+03
f  10   15  9    7  99  1.00000E+00  5.01620E+00
p  10   15  9    7  99  1.00000E+00  5.01620E+00
f  10    8  9    8  99  7.00000E+00  5.00720E+00
p  10    8  9    8  98  1.76990E+00 -2.00360E+00 -3.02600E-01  3.86290E-02  8.00000E+00  2.05700E+02  2.13900E+02  4.11300E+03
f  10   16  9    8  99  1.00000E+00  5.01420E+00
p  10   16  9    8  99  1.00000E+00  5.01420E+00
f  10    9  9    9  99  7.00000E+00  5.00090E+00
p  10    9  9    9  98  1.76990E+00 -2.00360E+00 -3.02600E-01  3.86290E-02  8.00000E+00  2.05700E+02  2.13900E+02  4.11300E+03
f  10   17  9    9  99  1.00000E+00  5.00090E+00
p  10   17  9    9  99  1.00000E+00  5.00090E+00
f  10   10  9   10  99  6.00000E+00  6.26800E+00
p  10   10  9   10  98  1.76990E+00 -2.00360E+00 -3.02600E-01  3.86290E-02  8.00000E+00  2.05700E+02  2.13900E+02  4.11300E+03
f  10   11  9   11  99  6.00000E+00  5.26050E+00
p  10   11  9   11  98  1.76990E+00 -2.00360E+00 -3.02600E-01  3.86290E-02  8.00000E+00  2.05700E+02  2.13900E+02  4.11300E+03
f  10   12  9   12  99  6.00000E+00  5.03900E+00
p  10   12  9   12  98  1.76990E+00 -2.00360E+00 -3.02600E-01  3.86290E-02  8.00000E+00  2.05700E+02  2.13900E+02  4.11300E+03
f  10   13  9   13  99  6.00000E+00  5.09600E+00
p  10   13  9   13  98  1.76990E+00 -2.00360E+00 -3.02600E-01  3.86290E-02  8.00000E+00  2.05700E+02  2.13900E+02  4.11300E+03
f  10   14  9   14  99  6.00000E+00  5.07600E+00
p  10   14  9   14  98  1.76990E+00 -2.00360E+00 -3.02600E-01  3.86290E-02  8.00000E+00  2.05700E+02  2.13900E+02  4.11300E+03
f  10   15  9   15  99  6.00000E+00  5.01620E+00
p  10   15  9   15  98  1.76990E+00 -2.00360E+00 -3.02600E-01  3.86290E-02  8.00000E+00  2.05700E+02  2.13900E+02  4.11300E+03
f  10   16  9   16  99  6.00000E+00  5.01420E+00
p  10   16  9   16  98  1.76990E+00 -2.00360E+00 -3.02600E-01  3.86290E-02  8.00000E+00  2.05700E+02  2.13900E+02  4.11300E+03
f  10   17  9   17  99  6.00000E+00  5.00090E+00
p  10   17  9   17  98  1.76990E+00 -2.00360E+00 -3.02600E-01  3.86290E-02  8.00000E+00  2.05700E+02  2.13900E+02  4.11300E+03
f  10    1  9   18  99  2.00000E+00  1.00107E+01
p  10    1  9   18  98  2.23350E+00 -2.42730E+00 -2.10880E-01  2.04360E-02  2.00000E+00  1.88600E+03  1.96100E+03  3.77100E+04
f  10   18  9   18  99  1.00000E+00  5.78400E+00
p  10   18  9   18  99  1.00000E+00  5.78400E+00
f  10   19  9   18  99  1.00000E+00  5.22700E+00
p  10   19  9   18  99  1.00000E+00  5.22700E+00
f  10   20  9   18  99  1.00000E+00  5.01980E+00
p  10   20  9   18  99  1.00000E+00  5.01980E+00
f  10   21  9   18  99  1.00000E+00  5.09900E+00
p  10   21  9   18  99  1.00000E+00  5.09900E+00
f  10   22  9   18  99  1.00000E+00  5.08100E+00
p  10   22  9   18  99  1.00000E+00  5.08100E+00
f  10   23  9   18  99  1.00000E+00  5.00810E+00
p  10   23  9   18  99  1.00000E+00  5.00810E+00
f  10   24  9   18  99  1.00000E+00  5.00810E+00
p  10   24  9   18  99  1.00000E+00  5.00810E+00
f  10   25  9   18  99  1.00000E+00  5.00090E+00
p  10   25  9   18  99  1.00000E+00  5.00090E+00
f  10    2  9   19  99  2.00000E+00  5.70400E+00
p  10    2  9   19  98  2.23350E+00 -2.42730E+00 -2.10880E-01  2.04360E-02  2.00000E+00  1.88600E+03  1.96100E+03  3.77100E+04
f  10   18  9   19  99  8.00000E+00  5.78400E+00
p  10   18  9   19  98  1.76990E+00 -2.00360E+00 -3.02600E-01  3.86290E-02  8.00000E+00  2.05700E+02  2.13900E+02  4.11300E+03
f  10    3  9   20  99  2.00000E+00  5.20380E+00
p  10    3  9   20  98  2.23350E+00 -2.42730E+00 -2.10880E-01  2.04360E-02  2.00000E+00  1.88600E+03  1.96100E+03  3.77100E+04
f  10   19  9   20  99  8.00000E+00  5.22700E+00
p  10   19  9   20  98  1.76990E+00 -2.00360E+00 -3.02600E-01  3.86290E-02  8.00000E+00  2.05700E+02  2.13900E+02  4.11300E+03
f  10    4  9   21  99  2.00000E+00  5.02070E+00
p  10    4  9   21  98  2.23350E+00 -2.42730E+00 -2.10880E-01  2.04360E-02  2.00000E+00  1.88600E+03  1.96100E+03  3.77100E+04
f  10   20  9   21  99  8.00000E+00  5.01980E+00
p  10   20  9   21  98  1.76990E+00 -2.00360E+00 -3.02600E-01  3.86290E-02  8.00000E+00  2.05700E+02  2.13900E+02  4.11300E+03
f  10    5  9   22  99  2.00000E+00  5.09000E+00
p  10    5  9   22  98  2.23350E+00 -2.42730E+00 -2.10880E-01  2.04360E-02  2.00000E+00  1.88600E+03  1.96100E+03  3.77100E+04
f  10   21  9   22  99  8.00000E+00  5.09900E+00
p  10   21  9   22  98  1.76990E+00 -2.00360E+00 -3.02600E-01  3.86290E-02  8.00000E+00  2.05700E+02  2.13900E+02  4.11300E+03
f  10    6  9   23  99  2.00000E+00  5.07200E+00
p  10    6  9   23  98  2.23350E+00 -2.42730E+00 -2.10880E-01  2.04360E-02  2.00000E+00  1.88600E+03  1.96100E+03  3.77100E+04
f  10   22  9   23  99  8.00000E+00  5.08100E+00
p  10   22  9   23  98  1.76990E+00 -2.00360E+00 -3.02600E-01  3.86290E-02  8.00000E+00  2.05700E+02  2.13900E+02  4.11300E+03
f  10    7  9   24  99  2.00000E+00  5.00720E+00
p  10    7  9   24  98  2.23350E+00 -2.42730E+00 -2.10880E-01  2.04360E-02  2.00000E+00  1.88600E+03  1.96100E+03  3.77100E+04
f  10   23  9   24  99  8.00000E+00  5.00810E+00
p  10   23  9   24  98  1.76990E+00 -2.00360E+00 -3.02600E-01  3.86290E-02  8.00000E+00  2.05700E+02  2.13900E+02  4.11300E+03
f  10    8  9   25  99  2.00000E+00  5.00720E+00
p  10    8  9   25  98  2.23350E+00 -2.42730E+00 -2.10880E-01  2.04360E-02  2.00000E+00  1.88600E+03  1.96100E+03  3.77100E+04
f  10   24  9   25  99  8.00000E+00  5.00810E+00
p  10   24  9   25  98  1.76990E+00 -2.00360E+00 -3.02600E-01  3.86290E-02  8.00000E+00  2.05700E+02  2.13900E+02  4.11300E+03
f  10    9  9   26  99  2.00000E+00  5.00090E+00
p  10    9  9   26  98  2.23350E+00 -2.42730E+00 -2.10880E-01  2.04360E-02  2.00000E+00  1.88600E+03  1.96100E+03  3.77100E+04
f  10   25  9   26  99  8.00000E+00  5.00090E+00
p  10   25  9   26  98  1.76990E+00 -2.00360E+00 -3.02600E-01  3.86290E-02  8.00000E+00  2.05700E+02  2.13900E+02  4.11300E+03
a  10   10  9    1   1.37984E+13
a  10   11  9    1   2.37180E+12
a  10   12  9    1   7.07190E+11
a  10   13  9    1   2.71912E+11
a  10   14  9    1   1.25805E+11
a  10   15  9    1   6.45270E+10
a  10   16  9    1   3.58080E+10
a  10   17  9    1   2.11440E+10
a  10   18  9    1   9.17120E+12
a  10   19  9    1   1.67024E+12
a  10   20  9    1   4.87000E+11
a  10   21  9    1   1.82716E+11
a  10   22  9    1   8.45360E+10
a  10   23  9    1   4.33600E+10
a  10   24  9    1   2.40612E+10
a  10   25  9    1   1.42080E+10
a  10   18  9    2   6.55312E+14
a  10   19  9    3   6.55312E+14
a  10   20  9    4   6.55312E+14
a  10   21  9    5   6.55312E+14
a  10   22  9    6   6.55312E+14
a  10   23  9    7   6.55312E+14
a  10   24  9    8   6.55312E+14
a  10   25  9    9   6.55312E+14
b  11    1 11    2  99  2.04305E-01  2.70849E-01  1.37482E+00 -6.38551E-01  2.69753E+00  6.52100E-01  6.52100E-01
b  11    1 11    3  99  2.60877E-01  5.50698E-01  1.76110E+00 -8.04250E-01  2.80768E+00  1.13900E-01  1.13900E-01
b  11    2 11    3  99  2.13265E-01  3.00862E-01  1.88194E+00 -2.43479E-01  3.99075E+00  9.64600E-01  9.64600E-01
b  11    1 11    4  99  3.90977E-01  8.72536E-01  2.71864E+00 -1.31156E+00  2.82401E+00  3.57000E-02  3.57000E-02
b  11    2 11    4  99  2.79692E-01  8.09852E-01  2.32105E+00 -1.26590E+00  3.43705E+00  1.43600E-01  1.43600E-01
b  11    3 11    4  99  2.21698E-01  3.97454E-01  1.90986E+00 -2.63737E-01  4.00440E+00  1.14900E+00  1.14900E+00
b  11    1 11    5  99  3.64650E-01  1.20023E+00  1.54653E+00 -4.62875E-01  1.98654E+00  1.81800E-02  1.81800E-02
b  11    2 11    5  99  3.00777E-01  1.13339E+00  2.44309E+00 -1.29190E+00  3.49229E+00  5.26100E-02  5.26100E-02
b  11    3 11    5  99  2.55736E-01  9.20153E-01  2.14158E+00 -2.22044E-01  4.16960E+00  1.82000E-01  1.82000E-01
b  11    4 11    5  99  2.10012E-01  4.47047E-01  1.78301E+00 -2.94892E-01  4.04751E+00  1.39800E+00  1.39800E+00
b  11    1 11    6  99  3.75574E-01  1.28862E+00  1.62497E+00 -5.26496E-01  2.00888E+00  1.07100E-02  1.07100E-02
b  11    2 11    6  99  3.13982E-01  1.35266E+00  2.53089E+00 -1.37381E+00  3.50713E+00  2.61300E-02  2.61300E-02
b  11    3 11    6  99  2.76085E-01  1.30700E+00  2.30737E+00 -2.92375E-01  4.26991E+00  6.49700E-02  6.49700E-02
b  11    4 11    6  99  2.42018E-01  9.90810E-01  1.97581E+00 -2.33517E-01  4.18777E+00  2.17400E-01  2.17400E-01
b  11    5 11    6  99  2.00160E-01  4.93531E-01  1.61296E+00 -2.42941E-01  3.98631E+00  1.60800E+00  1.60800E+00
b  11    1 11    7  99  3.81910E-01  1.35290E+00  1.65166E+00 -5.33922E-01  2.00728E+00  6.92100E-03  6.92100E-03
b  11    2 11    7  99  3.22732E-01  1.50821E+00  2.58381E+00 -1.37444E+00  3.52727E+00  1.52400E-02  1.52400E-02
b  11    3 11    7  99  2.88200E-01  1.59806E+00  2.35450E+00 -2.40475E-01  4.29520E+00  3.18100E-02  3.18100E-02
b  11    4 11    7  99  2.60734E-01  1.42650E+00  2.07909E+00 -1.92887E-01  4.26959E+00  7.63800E-02  7.63800E-02
b  11    5 11    7  99  2.32685E-01  1.04378E+00  1.84437E+00 -1.95500E-01  4.19680E+00  2.47700E-01  2.47700E-01
b  11    6 11    7  99  2.04089E-01  4.71956E-01  2.15852E+00  2.61676E+00  6.23026E+00  1.81100E+00  1.81100E+00
b  11    1 11    8  99  3.86970E-01  1.39686E+00  1.69633E+00 -5.67872E-01  2.03050E+00  4.75800E-03  4.75800E-03
b  11    2 11    8  99  3.28584E-01  1.62589E+00  2.60432E+00 -1.38558E+00  3.51674E+00  9.80000E-03  9.80000E-03
b  11    3 11    8  99  2.93754E-01  1.83336E+00  2.19620E+00 -1.15453E+00  3.53424E+00  1.84000E-02  1.84000E-02
b  11    4 11    8  99  2.72844E-01  1.76811E+00  2.11683E+00 -1.61632E-01  4.28514E+00  3.70200E-02  3.70200E-02
b  11    5 11    8  99  2.51984E-01  1.51103E+00  1.94424E+00 -1.32694E-01  4.28526E+00  8.61300E-02  8.61300E-02
b  11    6 11    8  99  2.27072E-01  1.07141E+00  1.74816E+00 -2.01062E-01  4.17106E+00  2.76900E-01  2.76900E-01
b  11    7 11    8  99  2.55613E-02  1.87956E-01  2.18779E-01  4.43532E-01  7.63606E+00  1.14400E+01  1.14400E+01
b  11    1 11    9  99  1.68945E-01  1.45045E+00 -3.15605E+01  3.28994E+02  2.00000E+01  8.47733E-01  8.47733E-01
b  11    1 11   10  99  1.13677E-01  1.28797E+00 -2.17459E+01  1.48300E+02  2.00000E+01  3.45600E-01  3.45600E-01
b  11    2 11   10  99  1.68945E-01  1.45045E+00 -3.15605E+01  3.28994E+02  2.00000E+01  8.97600E-01  8.97600E-01
b  11    9 11   10  99  2.04305E-01  2.70849E-01  1.37482E+00 -6.38551E-01  2.69753E+00  1.30420E+00  1.30420E+00
b  11    1 11   11  99  1.09167E-01  1.22610E+00 -2.07625E+01  1.43319E+02  2.00000E+01  1.68640E-01  1.68640E-01
b  11    3 11   11  99  1.68945E-01  1.45045E+00 -3.15605E+01  3.28994E+02  2.00000E+01  8.97600E-01  8.97600E-01
b  11    9 11   11  99  2.60877E-01  5.50698E-01  1.76110E+00 -8.04250E-01  2.80768E+00  2.27800E-01  2.27800E-01
b  11   10 11   11  99  2.13265E-01  3.00862E-01  1.88194E+00 -2.43479E-01  3.99075E+00  9.64600E-01  9.64600E-01
b  11    1 11   12  99  1.47050E-01  1.68767E+00 -3.06719E+01  2.19529E+02  2.00000E+01  7.63520E-02  7.63520E-02
b  11    4 11   12  99  1.68945E-01  1.45045E+00 -3.15605E+01  3.28994E+02  2.00000E+01  8.97600E-01  8.97600E-01
b  11    9 11   12  99  3.90977E-01  8.72536E-01  2.71864E+00 -1.31156E+00  2.82401E+00  7.14000E-02  7.14000E-02
b  11   10 11   12  99  2.79692E-01  8.09852E-01  2.32105E+00 -1.26590E+00  3.43705E+00  1.43600E-01  1.43600E-01
b  11   11 11   12  99  2.21698E-01  3.97454E-01  1.90986E+00 -2.63737E-01  4.00440E+00  1.14900E+00  1.14900E+00
b  11    1 11   13  99  1.45163E-01  1.65473E+00 -3.02516E+01  2.18862E+02  2.00000E+01  4.71360E-02  4.71360E-02
b  11    5 11   13  99  1.68945E-01  1.45045E+00 -3.15605E+01  3.28994E+02  2.00000E+01  8.97600E-01  8.97600E-01
b  11    9 11   13  99  3.64650E-01  1.20023E+00  1.54653E+00 -4.62875E-01  1.98654E+00  3.63600E-02  3.63600E-02
b  11   10 11   13  99  3.00777E-01  1.13339E+00  2.44309E+00 -1.29190E+00  3.49229E+00  5.26100E-02  5.26100E-02
b  11   11 11   13  99  2.55736E-01  9.20153E-01  2.14158E+00 -2.22044E-01  4.16960E+00  1.82000E-01  1.82000E-01
b  11   12 11   13  99  2.10012E-01  4.47047E-01  1.78301E+00 -2.94892E-01  4.04751E+00  1.39800E+00  1.39800E+00
b  11    1 11   14  99  1.43926E-01  1.63202E+00 -3.00052E+01  2.19266E+02  2.00000E+01  3.11360E-02  3.11360E-02
b  11    6 11   14  99  1.68945E-01  1.45045E+00 -3.15605E+01  3.28994E+02  2.00000E+01  8.97600E-01  8.97600E-01
b  11    9 11   14  99  3.75574E-01  1.28862E+00  1.62497E+00 -5.26496E-01  2.00888E+00  2.14200E-02  2.14200E-02
b  11   10 11   14  99  3.13982E-01  1.35266E+00  2.53089E+00 -1.37381E+00  3.50713E+00  2.61300E-02  2.61300E-02
b  11   11 11   14  99  2.76085E-01  1.30700E+00  2.30737E+00 -2.92375E-01  4.26991E+00  6.49700E-02  6.49700E-02
b  11   12 11   14  99  2.42018E-01  9.90810E-01  1.97581E+00 -2.33517E-01  4.18777E+00  2.17400E-01  2.17400E-01
b  11   13 11   14  99  2.00160E-01  4.93531E-01  1.61296E+00 -2.42941E-01  3.98631E+00  1.60800E+00  1.60800E+00
b  11    1 11   15  99  1.42058E-01  1.61254E+00 -2.94289E+01  2.12573E+02  2.00000E+01  2.16240E-02  2.16240E-02
b  11    7 11   15  99  1.68945E-01  1.45045E+00 -3.15605E+01  3.28994E+02  2.00000E+01  8.97600E-01  8.97600E-01
b  11    9 11   15  99  3.81910E-01  1.35290E+00  1.65166E+00 -5.33922E-01  2.00728E+00  1.38420E-02  1.38420E-02
b  11   10 11   15  99  3.22732E-01  1.50821E+00  2.58381E+00 -1.37444E+00  3.52727E+00  1.52400E-02  1.52400E-02
b  11   11 11   15  99  2.88200E-01  1.59806E+00  2.35450E+00 -2.40475E-01  4.29520E+00  3.18100E-02  3.18100E-02
b  11   12 11   15  99  2.60734E-01  1.42650E+00  2.07909E+00 -1.92887E-01  4.26959E+00  7.63800E-02  7.63800E-02
b  11   13 11   15  99  2.32685E-01  1.04378E+00  1.84437E+00 -1.95500E-01  4.19680E+00  2.47700E-01  2.47700E-01
b  11   14 11   15  99  2.04089E-01  4.71956E-01  2.15852E+00  2.61676E+00  6.23026E+00  1.81100E+00  1.81100E+00
b  11    1 11   16  99  1.41316E-01  1.60264E+00 -2.94003E+01  2.13936E+02  2.00000E+01  1.56160E-02  1.56160E-02
b  11    8 11   16  99  1.68945E-01  1.45045E+00 -3.15605E+01  3.28994E+02  2.00000E+01  8.97600E-01  8.97600E-01
b  11    9 11   16  99  3.86970E-01  1.39686E+00  1.69633E+00 -5.67872E-01  2.03050E+00  9.51600E-03  9.51600E-03
b  11   10 11   16  99  3.28584E-01  1.62589E+00  2.60432E+00 -1.38558E+00  3.51674E+00  9.80000E-03  9.80000E-03
b  11   11 11   16  99  2.93754E-01  1.83336E+00  2.19620E+00 -1.15453E+00  3.53424E+00  1.84000E-02  1.84000E-02
b  11   12 11   16  99  2.72844E-01  1.76811E+00  2.11683E+00 -1.61632E-01  4.28514E+00  3.70200E-02  3.70200E-02
b  11   13 11   16  99  2.51984E-01  1.51103E+00  1.94424E+00 -1.32694E-01  4.28526E+00  8.61300E-02  8.61300E-02
b  11   14 11   16  99  2.27072E-01  1.07141E+00  1.74816E+00 -2.01062E-01  4.17106E+00  2.76900E-01  2.76900E-01
b  11   15 11   16  99  2.55613E-02  1.87956E-01  2.18779E-01  4.43532E-01  7.63606E+00  1.14400E+01  1.14400E+01
b  11    1 11   17  99  4.54967E-01  7.59067E-02 -3.49292E+00  2.39902E+01  3.84961E+00  3.57000E-02  3.57000E-02
b  11    9 11   17  99  3.79661E-01 -1.24527E-02 -2.81137E+00  2.05153E+01  3.87421E+00  5.69250E-02  5.69250E-02
b  11    1 11   18  99  3.96265E-01  7.79283E-02 -3.08068E+00  2.08767E+01  3.84653E+00  1.30560E-02  1.30560E-02
b  11    2 11   18  99  4.54967E-01  7.59067E-02 -3.49292E+00  2.39902E+01  3.84961E+00  3.78000E-02  3.78000E-02
b  11   10 11   18  99  3.79661E-01 -1.24527E-02 -2.81137E+00  2.05153E+01  3.87421E+00  5.69250E-02  5.69250E-02
b  11   17 11   18  99  2.04305E-01  2.70849E-01  1.37482E+00 -6.38551E-01  2.69753E+00  1.30420E+00  1.30420E+00
b  11    1 11   19  99  3.89986E-01  8.01509E-02 -3.05200E+00  2.05795E+01  3.84686E+00  6.02800E-03  6.02800E-03
b  11    3 11   19  99  4.54967E-01  7.59067E-02 -3.49292E+00  2.39902E+01  3.84961E+00  3.78000E-02  3.78000E-02
b  11   11 11   19  99  3.79661E-01 -1.24527E-02 -2.81137E+00  2.05153E+01  3.87421E+00  5.69250E-02  5.69250E-02
b  11   17 11   19  99  2.60877E-01  5.50698E-01  1.76110E+00 -8.04250E-01  2.80768E+00  2.27800E-01  2.27800E-01
b  11   18 11   19  99  2.13265E-01  3.00862E-01  1.88194E+00 -2.43479E-01  3.99075E+00  9.64600E-01  9.64600E-01
b  11    1 11   20  99  4.44868E-01  8.57560E-02 -3.58389E+00  2.39554E+01  3.86215E+00  3.00600E-03  3.00600E-03
b  11    4 11   20  99  4.54967E-01  7.59067E-02 -3.49292E+00  2.39902E+01  3.84961E+00  3.78000E-02  3.78000E-02
b  11   12 11   20  99  3.79661E-01 -1.24527E-02 -2.81137E+00  2.05153E+01  3.87421E+00  5.69250E-02  5.69250E-02
b  11   17 11   20  99  3.90977E-01  8.72536E-01  2.71864E+00 -1.31156E+00  2.82401E+00  7.14000E-02  7.14000E-02
b  11   18 11   20  99  2.79692E-01  8.09852E-01  2.32105E+00 -1.26590E+00  3.43705E+00  1.43600E-01  1.43600E-01
b  11   19 11   20  99  2.21698E-01  3.97454E-01  1.90986E+00 -2.63737E-01  4.00440E+00  1.14900E+00  1.14900E+00
b  11    1 11   21  99  4.38032E-01  7.85454E-02 -3.49416E+00  2.35058E+01  3.86074E+00  1.81160E-03  1.81160E-03
b  11    5 11   21  99  4.54967E-01  7.59067E-02 -3.49292E+00  2.39902E+01  3.84961E+00  3.78000E-02  3.78000E-02
b  11   13 11   21  99  3.79661E-01 -1.24527E-02 -2.81137E+00  2.05153E+01  3.87421E+00  5.69250E-02  5.69250E-02
b  11   17 11   21  99  3.64650E-01  1.20023E+00  1.54653E+00 -4.62875E-01  1.98654E+00  3.63600E-02  3.63600E-02
b  11   18 11   21  99  3.00777E-01  1.13339E+00  2.44309E+00 -1.29190E+00  3.49229E+00  5.26100E-02  5.26100E-02
b  11   19 11   21  99  2.55736E-01  9.20153E-01  2.14158E+00 -2.22044E-01  4.16960E+00  1.82000E-01  1.82000E-01
b  11   20 11   21  99  2.10012E-01  4.47047E-01  1.78301E+00 -2.94892E-01  4.04751E+00  1.39800E+00  1.39800E+00
b  11    1 11   22  99  4.31144E-01  8.10849E-02 -3.46912E+00  2.32151E+01  3.86250E+00  1.17520E-03  1.17520E-03
b  11    6 11   22  99  4.54967E-01  7.59067E-02 -3.49292E+00  2.39902E+01  3.84961E+00  3.78000E-02  3.78000E-02
b  11   14 11   22  99  3.79661E-01 -1.24527E-02 -2.81137E+00  2.05153E+01  3.87421E+00  5.69250E-02  5.69250E-02
b  11   17 11   22  99  3.75574E-01  1.28862E+00  1.62497E+00 -5.26496E-01  2.00888E+00  2.14200E-02  2.14200E-02
b  11   18 11   22  99  3.13982E-01  1.35266E+00  2.53089E+00 -1.37381E+00  3.50713E+00  2.61300E-02  2.61300E-02
b  11   19 11   22  99  2.76085E-01  1.30700E+00  2.30737E+00 -2.92375E-01  4.26991E+00  6.49700E-02  6.49700E-02
b  11   20 11   22  99  2.42018E-01  9.90810E-01  1.97581E+00 -2.33517E-01  4.18777E+00  2.17400E-01  2.17400E-01
b  11   21 11   22  99  2.00160E-01  4.93531E-01  1.61296E+00 -2.42941E-01  3.98631E+00  1.60800E+00  1.60800E+00
b  11    1 11   23  99  4.28286E-01  7.51191E-02 -3.40911E+00  2.29663E+01  3.86104E+00  8.05000E-04  8.05000E-04
b  11    7 11   23  99  4.54967E-01  7.59067E-02 -3.49292E+00  2.39902E+01  3.84961E+00  3.78000E-02  3.78000E-02
b  11   15 11   23  99  3.79661E-01 -1.24527E-02 -2.81137E+00  2.05153E+01  3.87421E+00  5.69250E-02  5.69250E-02
b  11   17 11   23  99  3.81910E-01  1.35290E+00  1.65166E+00 -5.33922E-01  2.00728E+00  1.38420E-02  1.38420E-02
b  11   18 11   23  99  3.22732E-01  1.50821E+00  2.58381E+00 -1.37444E+00  3.52727E+00  1.52400E-02  1.52400E-02
b  11   19 11   23  99  2.88200E-01  1.59806E+00  2.35450E+00 -2.40475E-01  4.29520E+00  3.18100E-02  3.18100E-02
b  11   20 11   23  99  2.60734E-01  1.42650E+00  2.07909E+00 -1.92887E-01  4.26959E+00  7.63800E-02  7.63800E-02
b  11   21 11   23  99  2.32685E-01  1.04378E+00  1.84437E+00 -1.95500E-01  4.19680E+00  2.47700E-01  2.47700E-01
b  11   22 11   23  99  2.04089E-01  4.71956E-01  2.15852E+00  2.61676E+00  6.23026E+00  1.81100E+00  1.81100E+00
b  11    1 11   24  99  4.23719E-01  7.91970E-02 -3.40382E+00  2.27821E+01  3.86113E+00  5.74600E-04  5.74600E-04
b  11    8 11   24  99  4.54967E-01  7.59067E-02 -3.49292E+00  2.39902E+01  3.84961E+00  3.78000E-02  3.78000E-02
b  11   16 11   24  99  3.79661E-01 -1.24527E-02 -2.81137E+00  2.05153E+01  3.87421E+00  5.69250E-02  5.69250E-02
b  11   17 11   24  99  3.86970E-01  1.39686E+00  1.69633E+00 -5.67872E-01  2.03050E+00  9.51600E-03  9.51600E-03
b  11   18 11   24  99  3.28584E-01  1.62589E+00  2.60432E+00 -1.38558E+00  3.51674E+00  9.80000E-03  9.80000E-03
b  11   19 11   24  99  2.93754E-01  1.83336E+00  2.19620E+00 -1.15453E+00  3.53424E+00  1.84000E-02  1.84000E-02
b  11   20 11   24  99  2.72844E-01  1.76811E+00  2.11683E+00 -1.61632E-01  4.28514E+00  3.70200E-02  3.70200E-02
b  11   21 11   24  99  2.51984E-01  1.51103E+00  1.94424E+00 -1.32694E-01  4.28526E+00  8.61300E-02  8.61300E-02
b  11   22 11   24  99  2.27072E-01  1.07141E+00  1.74816E+00 -2.01062E-01  4.17106E+00  2.76900E-01  2.76900E-01
b  11   23 11   24  99  2.55613E-02  1.87956E-01  2.18779E-01  4.43532E-01  7.63606E+00  1.14400E+01  1.14400E+01
f  11    1 10    1  99  1.00000E+00  4.80000E+00
p  11    1 10    1  98  1.31910E-02 -1.71840E+00 -1.15990E-01 -7.68310E-03  1.00000E+00  4.55400E+01  4.74000E+01  9.11000E+02
f  11    2 10    1  99  1.00000E+00  4.23160E+00
p  11    2 10    1  99  1.00000E+00  4.23160E+00
f  11    3 10    1  99  1.00000E+00  4.02280E+00
p  11    3 10    1  99  1.00000E+00  4.02280E+00
f  11    4 10    1  99  1.00000E+00  4.10200E+00
p  11    4 10    1  99  1.00000E+00  4.10200E+00
f  11    5 10    1  99  1.00000E+00  4.08200E+00
p  11    5 10    1  99  1.00000E+00  4.08200E+00
f  11    6 10    1  99  1.00000E+00  4.00820E+00
p  11    6 10    1  99  1.00000E+00  4.00820E+00
f  11    7 10    1  99  1.00000E+00  4.00820E+00
p  11    7 10    1  99  1.00000E+00  4.00820E+00
f  11    8 10    1  99  1.00000E+00  4.00100E+00
p  11    8 10    1  99  1.00000E+00  4.00100E+00
f  11    1 10    2  99  8.00000E+00  4.80000E+00
p  11    1 10    2  98  1.88730E+00 -2.06880E+00 -2.41530E-01  2.63460E-02  8.00000E+00  1.90900E+02  1.98500E+02  3.81700E+03
f  11    9 10    2  99  2.00000E+00  5.36400E+00
p  11    9 10    2  98  1.31910E-02 -1.71840E+00 -1.15990E-01 -7.68310E-03  1.00000E+00  4.55400E+01  4.74000E+01  9.11000E+02
f  11   10 10    2  99  1.00000E+00  4.28830E+00
p  11   10 10    2  99  1.00000E+00  4.28830E+00
f  11   11 10    2  99  1.00000E+00  4.04110E+00
p  11   11 10    2  99  1.00000E+00  4.04110E+00
f  11   12 10    2  99  1.00000E+00  4.10800E+00
p  11   12 10    2  99  1.00000E+00  4.10800E+00
f  11   13 10    2  99  1.00000E+00  4.08600E+00
p  11   13 10    2  99  1.00000E+00  4.08600E+00
f  11   14 10    2  99  1.00000E+00  4.01720E+00
p  11   14 10    2  99  1.00000E+00  4.01720E+00
f  11   15 10    2  99  1.00000E+00  4.01520E+00
p  11   15 10    2  99  1.00000E+00  4.01520E+00
f  11   16 10    2  99  1.00000E+00  4.00100E+00
p  11   16 10    2  99  1.00000E+00  4.00100E+00
f  11    2 10    3  99  8.00000E+00  4.23160E+00
p  11    2 10    3  98  1.88730E+00 -2.06880E+00 -2.41530E-01  2.63460E-02  8.00000E+00  1.90900E+02  1.98500E+02  3.81700E+03
f  11   10 10    3  99  1.00000E+00  4.28830E+00
p  11   10 10    3  98  1.31910E-02 -1.71840E+00 -1.15990E-01 -7.68310E-03  1.00000E+00  4.55400E+01  4.74000E+01  9.11000E+02
f  11    3 10    4  99  8.00000E+00  4.02280E+00
p  11    3 10    4  98  1.88730E+00 -2.06880E+00 -2.41530E-01  2.63460E-02  8.00000E+00  1.90900E+02  1.98500E+02  3.81700E+03
f  11   11 10    4  99  1.00000E+00  4.04110E+00
p  11   11 10    4  98  1.31910E-02 -1.71840E+00 -1.15990E-01 -7.68310E-03  1.00000E+00  4.55400E+01  4.74000E+01  9.11000E+02
f  11    4 10    5  99  8.00000E+00  4.10200E+00
p  11    4 10    5  98  1.88730E+00 -2.06880E+00 -2.41530E-01  2.63460E-02  8.00000E+00  1.90900E+02  1.98500E+02  3.81700E+03
f  11   12 10    5  99  1.00000E+00  4.10800E+00
p  11   12 10    5  98  1.31910E-02 -1.71840E+00 -1.15990E-01 -7.68310E-03  1.00000E+00  4.55400E+01  4.74000E+01  9.11000E+02
f  11    5 10    6  99  8.00000E+00  4.08200E+00
p  11    5 10    6  98  1.88730E+00 -2.06880E+00 -2.41530E-01  2.63460E-02  8.00000E+00  1.90900E+02  1.98500E+02  3.81700E+03
f  11   13 10    6  99  1.00000E+00  4.08600E+00
p  11   13 10    6  98  1.31910E-02 -1.71840E+00 -1.15990E-01 -7.68310E-03  1.00000E+00  4.55400E+01  4.74000E+01  9.11000E+02
f  11    6 10    7  99  8.00000E+00  4.00820E+00
p  11    6 10    7  98  1.88730E+00 -2.06880E+00 -2.41530E-01  2.63460E-02  8.00000E+00  1.90900E+02  1.98500E+02  3.81700E+03
f  11   14 10    7  99  1.00000E+00  4.01720E+00
p  11   14 10    7  98  1.31910E-02 -1.71840E+00 -1.15990E-01 -7.68310E-03  1.00000E+00  4.55400E+01  4.74000E+01  9.11000E+02
f  11    7 10    8  99  8.00000E+00  4.00820E+00
p  11    7 10    8  98  1.88730E+00 -2.06880E+00 -2.41530E-01  2.63460E-02  8.00000E+00  1.90900E+02  1.98500E+02  3.81700E+03
f  11   15 10    8  99  1.00000E+00  4.01520E+00
p  11   15 10    8  98  1.31910E-02 -1.71840E+00 -1.15990E-01 -7.68310E-03  1.00000E+00  4.55400E+01  4.74000E+01  9.11000E+02
f  11    8 10    9  99  8.00000E+00  4.00100E+00
p  11    8 10    9  98  1.88730E+00 -2.06880E+00 -2.41530E-01  2.63460E-02  8.00000E+00  1.90900E+02  1.98500E+02  3.81700E+03
f  11   16 10    9  99  1.00000E+00  4.00100E+00
p  11   16 10    9  98  1.31910E-02 -1.71840E+00 -1.15990E-01 -7.68310E-03  1.00000E+00  4.55400E+01  4.74000E+01  9.11000E+02
f  11    9 10   10  99  7.00000E+00  5.36400E+00
p  11    9 10   10  98  1.88730E+00 -2.06880E+00 -2.41530E-01  2.63460E-02  8.00000E+00  1.90900E+02  1.98500E+02  3.81700E+03
f  11   10 10   11  99  7.00000E+00  4.28830E+00
p  11   10 10   11  98  1.88730E+00 -2.06880E+00 -2.41530E-01  2.63460E-02  8.00000E+00  1.90900E+02  1.98500E+02  3.81700E+03
f  11   11 10   12  99  7.00000E+00  4.04110E+00
p  11   11 10   12  98  1.88730E+00 -2.06880E+00 -2.41530E-01  2.63460E-02  8.00000E+00  1.90900E+02  1.98500E+02  3.81700E+03
f  11   12 10   13  99  7.00000E+00  4.10800E+00
p  11   12 10   13  98  1.88730E+00 -2.06880E+00 -2.41530E-01  2.63460E-02  8.00000E+00  1.90900E+02  1.98500E+02  3.81700E+03
f  11   13 10   14  99  7.00000E+00  4.08600E+00
p  11   13 10   14  98  1.88730E+00 -2.06880E+00 -2.41530E-01  2.63460E-02  8.00000E+00  1.90900E+02  1.98500E+02  3.81700E+03
f  11   14 10   15  99  7.00000E+00  4.01720E+00
p  11   14 10   15  98  1.88730E+00 -2.06880E+00 -2.41530E-01  2.63460E-02  8.00000E+00  1.90900E+02  1.98500E+02  3.81700E+03
f  11   15 10   16  99  7.00000E+00  4.01520E+00
p  11   15 10   16  98  1.88730E+00 -2.06880E+00 -2.41530E-01  2.63460E-02  8.00000E+00  1.90900E+02  1.98500E+02  3.81700E+03
f  11   16 10   17  99  7.00000E+00  4.00100E+00
p  11   16 10   17  98  1.88730E+00 -2.06880E+00 -2.41530E-01  2.63460E-02  8.00000E+00  1.90900E+02  1.98500E+02  3.81700E+03
f  11    1 10   18  99  2.00000E+00  4.80000E+00
p  11    1 10   18  98  2.26310E+00 -2.47210E+00 -1.79250E-01  1.43900E-02  2.00000E+00  1.87000E+03  1.94500E+03  3.74000E+04
f  11   17 10   18  99  2.00000E+00  5.44400E+00
p  11   17 10   18  98  1.31910E-02 -1.71840E+00 -1.15990E-01 -7.68310E-03  1.00000E+00  4.55400E+01  4.74000E+01  9.11000E+02
f  11   18 10   18  99  1.00000E+00  4.31150E+00
p  11   18 10   18  99  1.00000E+00  4.31150E+00
f  11   19 10   18  99  1.00000E+00  4.04020E+00
p  11   19 10   18  99  1.00000E+00  4.04020E+00
f  11   20 10   18  99  1.00000E+00  4.11700E+00
p  11   20 10   18  99  1.00000E+00  4.11700E+00
f  11   21 10   18  99  1.00000E+00  4.09500E+00
p  11   21 10   18  99  1.00000E+00  4.09500E+00
f  11   22 10   18  99  1.00000E+00  4.01810E+00
p  11   22 10   18  99  1.00000E+00  4.01810E+00
f  11   23 10   18  99  1.00000E+00  4.01610E+00
p  11   23 10   18  99  1.00000E+00  4.01610E+00
f  11   24 10   18  99  1.00000E+00  4.00100E+00
p  11   24 10   18  99  1.00000E+00  4.00100E+00
f  11    2 10   19  99  2.00000E+00  4.23160E+00
p  11    2 10   19  98  2.26310E+00 -2.47210E+00 -1.79250E-01  1.43900E-02  2.00000E+00  1.87000E+03  1.94500E+03  3.74000E+04
f  11   18 10   19  99  1.00000E+00  4.31150E+00
p  11   18 10   19  98  1.31910E-02 -1.71840E+00 -1.15990E-01 -7.68310E-03  1.00000E+00  4.55400E+01  4.74000E+01  9.11000E+02
f  11    3 10   20  99  2.00000E+00  4.02280E+00
p  11    3 10   20  98  2.26310E+00 -2.47210E+00 -1.79250E-01  1.43900E-02  2.00000E+00  1.87000E+03  1.94500E+03  3.74000E+04
f  11   19 10   20  99  1.00000E+00  4.04020E+00
p  11   19 10   20  98  1.31910E-02 -1.71840E+00 -1.15990E-01 -7.68310E-03  1.00000E+00  4.55400E+01  4.74000E+01  9.11000E+02
f  11    4 10   21  99  2.00000E+00  4.10200E+00
p  11    4 10   21  98  2.26310E+00 -2.47210E+00 -1.79250E-01  1.43900E-02  2.00000E+00  1.87000E+03  1.94500E+03  3.74000E+04
f  11   20 10   21  99  1.00000E+00  4.11700E+00
p  11   20 10   21  98  1.31910E-02 -1.71840E+00 -1.15990E-01 -7.68310E-03  1.00000E+00  4.55400E+01  4.74000E+01  9.11000E+02
f  11    5 10   22  99  2.00000E+00  4.08200E+00
p  11    5 10   22  98  2.26310E+00 -2.47210E+00 -1.79250E-01  1.43900E-02  2.00000E+00  1.87000E+03  1.94500E+03  3.74000E+04
f  11   21 10   22  99  1.00000E+00  4.09500E+00
p  11   21 10   22  98  1.31910E-02 -1.71840E+00 -1.15990E-01 -7.68310E-03  1.00000E+00  4.55400E+01  4.74000E+01  9.11000E+02
f  11    6 10   23  99  2.00000E+00  4.00820E+00
p  11    6 10   23  98  2.26310E+00 -2.47210E+00 -1.79250E-01  1.43900E-02  2.00000E+00  1.87000E+03  1.94500E+03  3.74000E+04
f  11   22 10   23  99  1.00000E+00  4.01810E+00
p  11   22 10   23  98  1.31910E-02 -1.71840E+00 -1.15990E-01 -7.68310E-03  1.00000E+00  4.55400E+01  4.74000E+01  9.11000E+02
f  11    7 10   24  99  2.00000E+00  4.00820E+00
p  11    7 10   24  98  2.26310E+00 -2.47210E+00 -1.79250E-01  1.43900E-02  2.00000E+00  1.87000E+03  1.94500E+03  3.74000E+04
f  11   23 10   24  99  1.00000E+00  4.01610E+00
p  11   23 10   24  98  1.31910E-02 -1.71840E+00 -1.15990E-01 -7.68310E-03  1.00000E+00  4.55400E+01  4.74000E+01  9.11000E+02
f  11    8 10   25  99  2.00000E+00  4.00100E+00
p  11    8 10   25  98  2.26310E+00 -2.47210E+00 -1.79250E-01  1.43900E-02  2.00000E+00  1.87000E+03  1.94500E+03  3.74000E+04
f  11   24 10   25  99  1.00000E+00  4.00100E+00
p  11   24 10   25  98  1.31910E-02 -1.71840E+00 -1.15990E-01 -7.68310E-03  1.00000E+00  4.55400E+01  4.74000E+01  9.11000E+02
a  11    9 10    1   4.18215E+12
a  11   10 10    1   6.89025E+11
a  11   11 10    1   2.02155E+11
a  11   12 10    1   7.68300E+10
a  11   13 10    1   3.55466E+10
a  11   14 10    1   1.82321E+10
a  11   15 10    1   1.01175E+10
a  11   16 10    1   5.97450E+09
a  11   17 10    1   4.02020E+10
a  11   18 10    1   6.40900E+09
a  11   19 10    1   1.81630E+09
a  11   20 10    1   6.70350E+08
a  11   21 10    1   3.10145E+08
a  11   22 10    1   1.59075E+08
a  11   23 10    1   8.82750E+07
a  11   24 10    1   5.21250E+07
a  11   17 10    2   1.33144E+13
a  11   18 10    2   1.11804E+12
a  11   19 10    2   3.17260E+11
a  11   20 10    2   1.17268E+11
a  11   21 10    2   5.42560E+10
a  11   22 10    2   2.78288E+10
a  11   23 10    2   1.54428E+10
a  11   24 10    2   9.11880E+09
a  11   18 10    3   6.65720E+12
a  11   19 10    4   6.65720E+12
a  11   20 10    5   6.65720E+12
a  11   21 10    6   6.65720E+12
a  11   22 10    7   6.65720E+12
a  11   23 10    8   6.65720E+12
a  11   24 10    9   6.65720E+12
a  11   17 10   10   5.79516E+14
a  11   18 10   11   5.79516E+14
a  11   19 10   12   5.79516E+14
a  11   20 10   13   5.79516E+14
a  11   21 10   14   5.79516E+14
a  11   22 10   15   5.79516E+14
a  11   23 10   16   5.79516E+14
a  11   24 10   17   5.79516E+14
b  12    1 12    2  99  1.75857E-01  2.50474E-01  1.46711E+00 -8.09296E-01  3.30505E+00  1.14160E+00  1.14160E+00
b  12    1 12    3  99  2.27786E-01  4.99870E-01  1.42225E+00 -6.44378E-01  2.68592E+00  2.25400E-01  2.25400E-01
b  12    2 12    3  99  1.74119E-01  3.46326E-01  1.45026E+00 -2.04000E-01  3.98889E+00  9.52500E-01  9.52500E-01
b  12    1 12    4  99  4.61837E-01  9.65502E-01  3.08477E+00 -1.46403E+00  2.77466E+00  5.94400E-02  5.94400E-02
b  12    2 12    4  99  2.88991E-01  8.99407E-01  2.42830E+00 -2.61788E-01  4.13172E+00  1.32600E-01  1.32600E-01
b  12    3 12    4  99  2.13164E-01  4.85123E-01  1.74535E+00 -2.58934E-01  4.00159E+00  1.08900E+00  1.08900E+00
b  12    1 12    5  99  4.67213E-01  1.07502E+00  3.08577E+00 -1.45073E+00  2.77133E+00  3.13000E-02  3.13000E-02
b  12    2 12    5  99  3.08784E-01  1.18127E+00  2.60697E+00 -3.55622E-01  4.19468E+00  5.05900E-02  5.05900E-02
b  12    3 12    5  99  2.49719E-01  1.01650E+00  2.01567E+00 -2.13587E-01  4.20573E+00  1.73200E-01  1.73200E-01
b  12    4 12    5  99  1.99560E-01  5.40850E-01  1.57559E+00 -2.40658E-01  4.01001E+00  1.36500E+00  1.36500E+00
b  12    1 12    6  99  4.70701E-01  1.13992E+00  3.13576E+00 -1.47842E+00  2.80704E+00  1.88040E-02  1.88040E-02
b  12    2 12    6  99  3.15259E-01  1.38822E+00  2.45750E+00 -1.30281E+00  3.50164E+00  2.57200E-02  2.57200E-02
b  12    3 12    6  99  2.69666E-01  1.38934E+00  2.14010E+00 -1.89094E-01  4.24897E+00  6.30600E-02  6.30600E-02
b  12    4 12    6  99  2.30994E-01  1.07835E+00  1.77859E+00 -1.93239E-01  4.17437E+00  2.11300E-01  2.11300E-01
b  12    5 12    6  99  1.81393E-01  7.51475E-01  1.71714E+00  2.56689E+00  6.63877E+00  1.58500E+00  1.58500E+00
b  12    1 12    7  99  4.70936E-01  1.19202E+00  3.11369E+00 -1.46135E+00  2.80466E+00  1.22900E-02  1.22900E-02
b  12    2 12    7  99  3.20704E-01  1.52218E+00  2.46554E+00 -1.37660E+00  3.45167E+00  1.52200E-02  1.52200E-02
b  12    3 12    7  99  2.81244E-01  1.66143E+00  2.18349E+00 -1.97235E-01  4.25535E+00  3.12900E-02  3.12900E-02
b  12    4 12    7  99  2.48192E-01  1.50076E+00  1.87167E+00 -1.73440E-01  4.23882E+00  7.51400E-02  7.51400E-02
b  12    5 12    7  99  2.23779E-01  1.12343E+00  1.67177E+00 -1.72198E-01  4.14271E+00  2.41900E-01  2.41900E-01
b  12    6 12    7  99  8.41629E-02  1.69825E+00  6.27462E-01  2.20542E+00  1.05518E+01  1.79400E+00  1.79400E+00
b  12    1 12    8  99  4.71876E-01  1.22490E+00  3.11565E+00 -1.44056E+00  2.81070E+00  8.51600E-03  8.51600E-03
b  12    2 12    8  99  3.24363E-01  1.61985E+00  2.47348E+00 -1.32824E+00  3.48192E+00  9.88300E-03  9.88300E-03
b  12    3 12    8  99  2.90157E-01  1.85800E+00  2.24121E+00 -1.94786E-01  4.26243E+00  1.82700E-02  1.82700E-02
b  12    4 12    8  99  2.59221E-01  1.82421E+00  1.91042E+00 -1.02830E-01  4.28928E+00  3.67600E-02  3.67600E-02
b  12    5 12    8  99  2.40764E-01  1.58993E+00  1.70943E+00 -9.89459E-02  4.17326E+00  8.47300E-02  8.47300E-02
b  12    6 12    8  99  2.32767E-01  1.06868E+00  2.36412E+00  3.34613E+00  6.65426E+00  2.71300E-01  2.71300E-01
b  12    7 12    8  99  2.19981E-04  1.68196E-02  6.58359E-03  6.19820E-02  2.00000E+01  2.59500E+02  2.59500E+02
b  12    1 12    9  98  0.00000E+00  0.00000E+00  0.00000E+00  0.00000E+00  0.00000E+00  3.09332E-03  6.18664E-05
b  12    2 12    9  99  1.75857E-01  2.50474E-01  1.46711E+00 -8.09296E-01  3.30505E+00  5.52963E-01  5.52963E-01
b  12    1 12   10  98  0.00000E+00  0.00000E+00  0.00000E+00  0.00000E+00  0.00000E+00  4.38126E-03  8.76252E-05
b  12    2 12   10  99  2.27786E-01  4.99870E-01  1.42225E+00 -6.44378E-01  2.68592E+00  1.12700E-01  1.12700E-01
b  12    3 12   10  99  1.75857E-01  2.50474E-01  1.46711E+00 -8.09296E-01  3.30505E+00  5.70800E-01  5.70800E-01
b  12    9 12   10  99  1.74119E-01  3.46326E-01  1.45026E+00 -2.04000E-01  3.98889E+00  1.90500E+00  1.90500E+00
b  12    1 12   11  98  0.00000E+00  0.00000E+00  0.00000E+00  0.00000E+00  0.00000E+00  6.05367E-03  1.21073E-04
b  12    2 12   11  99  4.61837E-01  9.65502E-01  3.08477E+00 -1.46403E+00  2.77466E+00  2.97200E-02  2.97200E-02
b  12    4 12   11  99  1.75857E-01  2.50474E-01  1.46711E+00 -8.09296E-01  3.30505E+00  5.70800E-01  5.70800E-01
b  12    9 12   11  99  2.88991E-01  8.99407E-01  2.42830E+00 -2.61788E-01  4.13172E+00  2.65200E-01  2.65200E-01
b  12   10 12   11  99  2.13164E-01  4.85123E-01  1.74535E+00 -2.58934E-01  4.00159E+00  1.08900E+00  1.08900E+00
b  12    1 12   12  98  0.00000E+00  0.00000E+00  0.00000E+00  0.00000E+00  0.00000E+00  7.97474E-03  1.59495E-04
b  12    2 12   12  99  4.67213E-01  1.07502E+00  3.08577E+00 -1.45073E+00  2.77133E+00  1.56500E-02  1.56500E-02
b  12    5 12   12  99  1.75857E-01  2.50474E-01  1.46711E+00 -8.09296E-01  3.30505E+00  5.70800E-01  5.70800E-01
b  12    9 12   12  99  3.08784E-01  1.18127E+00  2.60697E+00 -3.55622E-01  4.19468E+00  1.01180E-01  1.01180E-01
b  12   10 12   12  99  2.49719E-01  1.01650E+00  2.01567E+00 -2.13587E-01  4.20573E+00  1.73200E-01  1.73200E-01
b  12   11 12   12  99  1.99560E-01  5.40850E-01  1.57559E+00 -2.40658E-01  4.01001E+00  1.36500E+00  1.36500E+00
b  12    1 12   13  98  0.00000E+00  0.00000E+00  0.00000E+00  0.00000E+00  0.00000E+00  1.01752E-02  2.03503E-04
b  12    2 12   13  99  4.70701E-01  1.13992E+00  3.13576E+00 -1.47842E+00  2.80704E+00  9.40200E-03  9.40200E-03
b  12    6 12   13  99  1.75857E-01  2.50474E-01  1.46711E+00 -8.09296E-01  3.30505E+00  5.70800E-01  5.70800E-01
b  12    9 12   13  99  3.15259E-01  1.38822E+00  2.45750E+00 -1.30281E+00  3.50164E+00  5.14400E-02  5.14400E-02
b  12   10 12   13  99  2.69666E-01  1.38934E+00  2.14010E+00 -1.89094E-01  4.24897E+00  6.30600E-02  6.30600E-02
b  12   11 12   13  99  2.30994E-01  1.07835E+00  1.77859E+00 -1.93239E-01  4.17437E+00  2.11300E-01  2.11300E-01
b  12   12 12   13  99  1.81393E-01  7.51475E-01  1.71714E+00  2.56689E+00  6.63877E+00  1.58500E+00  1.58500E+00
b  12    1 12   14  98  0.00000E+00  0.00000E+00  0.00000E+00  0.00000E+00  0.00000E+00  1.27097E-02  2.54195E-04
b  12    2 12   14  99  4.70936E-01  1.19202E+00  3.11369E+00 -1.46135E+00  2.80466E+00  6.14500E-03  6.14500E-03
b  12    7 12   14  99  1.75857E-01  2.50474E-01  1.46711E+00 -8.09296E-01  3.30505E+00  5.70800E-01  5.70800E-01
b  12    9 12   14  99  3.20704E-01  1.52218E+00  2.46554E+00 -1.37660E+00  3.45167E+00  3.04400E-02  3.04400E-02
b  12   10 12   14  99  2.81244E-01  1.66143E+00  2.18349E+00 -1.97235E-01  4.25535E+00  3.12900E-02  3.12900E-02
b  12   11 12   14  99  2.48192E-01  1.50076E+00  1.87167E+00 -1.73440E-01  4.23882E+00  7.51400E-02  7.51400E-02
b  12   12 12   14  99  2.23779E-01  1.12343E+00  1.67177E+00 -1.72198E-01  4.14271E+00  2.41900E-01  2.41900E-01
b  12   13 12   14  99  8.41629E-02  1.69825E+00  6.27462E-01  2.20542E+00  1.05518E+01  1.79400E+00  1.79400E+00
b  12    1 12   15  98  0.00000E+00  0.00000E+00  0.00000E+00  0.00000E+00  0.00000E+00  1.55375E-02  3.10751E-04
b  12    2 12   15  99  4.71876E-01  1.22490E+00  3.11565E+00 -1.44056E+00  2.81070E+00  4.25800E-03  4.25800E-03
b  12    8 12   15  99  1.75857E-01  2.50474E-01  1.46711E+00 -8.09296E-01  3.30505E+00  5.70800E-01  5.70800E-01
b  12    9 12   15  99  3.24363E-01  1.61985E+00  2.47348E+00 -1.32824E+00  3.48192E+00  1.97660E-02  1.97660E-02
b  12   10 12   15  99  2.90157E-01  1.85800E+00  2.24121E+00 -1.94786E-01  4.26243E+00  1.82700E-02  1.82700E-02
b  12   11 12   15  99  2.59221E-01  1.82421E+00  1.91042E+00 -1.02830E-01  4.28928E+00  3.67600E-02  3.67600E-02
b  12   12 12   15  99  2.40764E-01  1.58993E+00  1.70943E+00 -9.89459E-02  4.17326E+00  8.47300E-02  8.47300E-02
b  12   13 12   15  99  2.32767E-01  1.06868E+00  2.36412E+00  3.34613E+00  6.65426E+00  2.71300E-01  2.71300E-01
b  12   14 12   15  99  2.19981E-04  1.68196E-02  6.58359E-03  6.19820E-02  2.00000E+01  2.59500E+02  2.59500E+02
b  12    1 12   16  99  2.11424E-01  1.81555E+00 -3.94845E+01  4.19572E+02  2.00000E+01  4.71751E-01  4.71751E-01
b  12    1 12   17  99  1.54655E-01  1.33507E+00 -2.84737E+01  2.89522E+02  2.00000E+01  2.07840E-01  2.07840E-01
b  12    2 12   17  99  2.11424E-01  1.81555E+00 -3.94845E+01  4.19572E+02  2.00000E+01  5.01236E-01  5.01236E-01
b  12   16 12   17  99  1.75857E-01  2.50474E-01  1.46711E+00 -8.09296E-01  3.30505E+00  1.71240E+00  1.71240E+00
b  12    1 12   18  99  1.43801E-01  1.24949E+00 -2.63195E+01  2.63243E+02  2.00000E+01  1.01680E-01  1.01680E-01
b  12    3 12   18  99  2.11424E-01  1.81555E+00 -3.94845E+01  4.19572E+02  2.00000E+01  5.01236E-01  5.01236E-01
b  12   16 12   18  99  2.27786E-01  4.99870E-01  1.42225E+00 -6.44378E-01  2.68592E+00  3.38100E-01  3.38100E-01
b  12   17 12   18  99  1.74119E-01  3.46326E-01  1.45026E+00 -2.04000E-01  3.98889E+00  9.52500E-01  9.52500E-01
b  12    1 12   19  99  1.60123E-01  1.82247E+00 -3.31578E+01  2.38445E+02  2.00000E+01  4.55600E-02  4.55600E-02
b  12    4 12   19  99  2.11424E-01  1.81555E+00 -3.94845E+01  4.19572E+02  2.00000E+01  5.01236E-01  5.01236E-01
b  12   16 12   19  99  4.61837E-01  9.65502E-01  3.08477E+00 -1.46403E+00  2.77466E+00  8.91600E-02  8.91600E-02
b  12   17 12   19  99  2.88991E-01  8.99407E-01  2.42830E+00 -2.61788E-01  4.13172E+00  1.32600E-01  1.32600E-01
b  12   18 12   19  99  2.13164E-01  4.85123E-01  1.74535E+00 -2.58934E-01  4.00159E+00  1.08900E+00  1.08900E+00
b  12    1 12   20  99  1.56806E-01  1.77736E+00 -3.24996E+01  2.34705E+02  2.00000E+01  2.80960E-02  2.80960E-02
b  12    5 12   20  99  2.11424E-01  1.81555E+00 -3.94845E+01  4.19572E+02  2.00000E+01  5.01236E-01  5.01236E-01
b  12   16 12   20  99  4.67213E-01  1.07502E+00  3.08577E+00 -1.45073E+00  2.77133E+00  4.69500E-02  4.69500E-02
b  12   17 12   20  99  3.08784E-01  1.18127E+00  2.60697E+00 -3.55622E-01  4.19468E+00  5.05900E-02  5.05900E-02
b  12   18 12   20  99  2.49719E-01  1.01650E+00  2.01567E+00 -2.13587E-01  4.20573E+00  1.73200E-01  1.73200E-01
b  12   19 12   20  99  1.99560E-01  5.40850E-01  1.57559E+00 -2.40658E-01  4.01001E+00  1.36500E+00  1.36500E+00
b  12    1 12   21  99  1.53719E-01  1.74636E+00 -3.18699E+01  2.28519E+02  2.00000E+01  1.85360E-02  1.85360E-02
b  12    6 12   21  99  2.11424E-01  1.81555E+00 -3.94845E+01  4.19572E+02  2.00000E+01  5.01236E-01  5.01236E-01
b  12   16 12   21  99  4.70701E-01  1.13992E+00  3.13576E+00 -1.47842E+00  2.80704E+00  2.82060E-02  2.82060E-02
b  12   17 12   21  99  3.15259E-01  1.38822E+00  2.45750E+00 -1.30281E+00  3.50164E+00  2.57200E-02  2.57200E-02
b  12   18 12   21  99  2.69666E-01  1.38934E+00  2.14010E+00 -1.89094E-01  4.24897E+00  6.30600E-02  6.30600E-02
b  12   19 12   21  99  2.30994E-01  1.07835E+00  1.77859E+00 -1.93239E-01  4.17437E+00  2.11300E-01  2.11300E-01
b  12   20 12   21  99  1.81393E-01  7.51475E-01  1.71714E+00  2.56689E+00  6.63877E+00  1.58500E+00  1.58500E+00
b  12    1 12   22  99  1.51598E-01  1.71977E+00 -3.11920E+01  2.21155E+02  2.00000E+01  1.28640E-02  1.28640E-02
b  12    7 12   22  99  2.11424E-01  1.81555E+00 -3.94845E+01  4.19572E+02  2.00000E+01  5.01236E-01  5.01236E-01
b  12   16 12   22  99  4.70936E-01  1.19202E+00  3.11369E+00 -1.46135E+00  2.80466E+00  1.84350E-02  1.84350E-02
b  12   17 12   22  99  3.20704E-01  1.52218E+00  2.46554E+00 -1.37660E+00  3.45167E+00  1.52200E-02  1.52200E-02
b  12   18 12   22  99  2.81244E-01  1.66143E+00  2.18349E+00 -1.97235E-01  4.25535E+00  3.12900E-02  3.12900E-02
b  12   19 12   22  99  2.48192E-01  1.50076E+00  1.87167E+00 -1.73440E-01  4.23882E+00  7.51400E-02  7.51400E-02
b  12   20 12   22  99  2.23779E-01  1.12343E+00  1.67177E+00 -1.72198E-01  4.14271E+00  2.41900E-01  2.41900E-01
b  12   21 12   22  99  8.41629E-02  1.69825E+00  6.27462E-01  2.20542E+00  1.05518E+01  1.79400E+00  1.79400E+00
b  12    1 12   23  99  1.49694E-01  1.70543E+00 -3.09302E+01  2.18438E+02  2.00000E+01  9.28000E-03  9.28000E-03
b  12    8 12   23  99  2.11424E-01  1.81555E+00 -3.94845E+01  4.19572E+02  2.00000E+01  5.01236E-01  5.01236E-01
b  12   16 12   23  99  4.71876E-01  1.22490E+00  3.11565E+00 -1.44056E+00  2.81070E+00  1.27740E-02  1.27740E-02
b  12   17 12   23  99  3.24363E-01  1.61985E+00  2.47348E+00 -1.32824E+00  3.48192E+00  9.88300E-03  9.88300E-03
b  12   18 12   23  99  2.90157E-01  1.85800E+00  2.24121E+00 -1.94786E-01  4.26243E+00  1.82700E-02  1.82700E-02
b  12   19 12   23  99  2.59221E-01  1.82421E+00  1.91042E+00 -1.02830E-01  4.28928E+00  3.67600E-02  3.67600E-02
b  12   20 12   23  99  2.40764E-01  1.58993E+00  1.70943E+00 -9.89459E-02  4.17326E+00  8.47300E-02  8.47300E-02
b  12   21 12   23  99  2.32767E-01  1.06868E+00  2.36412E+00  3.34613E+00  6.65426E+00  2.71300E-01  2.71300E-01
b  12   22 12   23  99  2.19981E-04  1.68196E-02  6.58359E-03  6.19820E-02  2.00000E+01  2.59500E+02  2.59500E+02
b  12    1 12   24  99  4.74300E-01  7.69334E-02 -3.68130E+00  2.52033E+01  3.85540E+00  2.68800E-02  2.68800E-02
b  12   16 12   24  99  3.80275E-01 -1.49803E-02 -2.79004E+00  2.04329E+01  3.86683E+00  5.66250E-02  5.66250E-02
b  12    1 12   25  99  3.92437E-01  8.06665E-02 -3.07335E+00  2.07697E+01  3.85014E+00  9.00400E-03  9.00400E-03
b  12    2 12   25  99  4.74300E-01  7.69334E-02 -3.68130E+00  2.52033E+01  3.85540E+00  2.85600E-02  2.85600E-02
b  12   17 12   25  99  3.80275E-01 -1.49803E-02 -2.79004E+00  2.04329E+01  3.86683E+00  5.66250E-02  5.66250E-02
b  12   24 12   25  99  1.75857E-01  2.50474E-01  1.46711E+00 -8.09296E-01  3.30505E+00  1.71240E+00  1.71240E+00
b  12    1 12   26  99  3.96374E-01  7.99093E-02 -3.10770E+00  2.09958E+01  3.85200E+00  3.93200E-03  3.93200E-03
b  12    3 12   26  99  4.74300E-01  7.69334E-02 -3.68130E+00  2.52033E+01  3.85540E+00  2.85600E-02  2.85600E-02
b  12   18 12   26  99  3.80275E-01 -1.49803E-02 -2.79004E+00  2.04329E+01  3.86683E+00  5.66250E-02  5.66250E-02
b  12   24 12   26  99  2.27786E-01  4.99870E-01  1.42225E+00 -6.44378E-01  2.68592E+00  3.38100E-01  3.38100E-01
b  12   25 12   26  99  1.74119E-01  3.46326E-01  1.45026E+00 -2.04000E-01  3.98889E+00  9.52500E-01  9.52500E-01
b  12    1 12   27  99  4.58541E-01  7.68061E-02 -3.64049E+00  2.45903E+01  3.85950E+00  1.90380E-03  1.90380E-03
b  12    4 12   27  99  4.74300E-01  7.69334E-02 -3.68130E+00  2.52033E+01  3.85540E+00  2.85600E-02  2.85600E-02
b  12   19 12   27  99  3.80275E-01 -1.49803E-02 -2.79004E+00  2.04329E+01  3.86683E+00  5.66250E-02  5.66250E-02
b  12   24 12   27  99  4.61837E-01  9.65502E-01  3.08477E+00 -1.46403E+00  2.77466E+00  8.91600E-02  8.91600E-02
b  12   25 12   27  99  2.88991E-01  8.99407E-01  2.42830E+00 -2.61788E-01  4.13172E+00  1.32600E-01  1.32600E-01
b  12   26 12   27  99  2.13164E-01  4.85123E-01  1.74535E+00 -2.58934E-01  4.00159E+00  1.08900E+00  1.08900E+00
b  12    1 12   28  99  4.46376E-01  7.86484E-02 -3.58286E+00  2.40651E+01  3.86376E+00  1.12560E-03  1.12560E-03
b  12    5 12   28  99  4.74300E-01  7.69334E-02 -3.68130E+00  2.52033E+01  3.85540E+00  2.85600E-02  2.85600E-02
b  12   20 12   28  99  3.80275E-01 -1.49803E-02 -2.79004E+00  2.04329E+01  3.86683E+00  5.66250E-02  5.66250E-02
b  12   24 12   28  99  4.67213E-01  1.07502E+00  3.08577E+00 -1.45073E+00  2.77133E+00  4.69500E-02  4.69500E-02
b  12   25 12   28  99  3.08784E-01  1.18127E+00  2.60697E+00 -3.55622E-01  4.19468E+00  5.05900E-02  5.05900E-02
b  12   26 12   28  99  2.49719E-01  1.01650E+00  2.01567E+00 -2.13587E-01  4.20573E+00  1.73200E-01  1.73200E-01
b  12   27 12   28  99  1.99560E-01  5.40850E-01  1.57559E+00 -2.40658E-01  4.01001E+00  1.36500E+00  1.36500E+00
b  12    1 12   29  99  4.40355E-01  7.27808E-02 -3.50929E+00  2.36815E+01  3.86217E+00  7.20600E-04  7.20600E-04
b  12    6 12   29  99  4.74300E-01  7.69334E-02 -3.68130E+00  2.52033E+01  3.85540E+00  2.85600E-02  2.85600E-02
b  12   21 12   29  99  3.80275E-01 -1.49803E-02 -2.79004E+00  2.04329E+01  3.86683E+00  5.66250E-02  5.66250E-02
b  12   24 12   29  99  4.70701E-01  1.13992E+00  3.13576E+00 -1.47842E+00  2.80704E+00  2.82060E-02  2.82060E-02
b  12   25 12   29  99  3.15259E-01  1.38822E+00  2.45750E+00 -1.30281E+00  3.50164E+00  2.57200E-02  2.57200E-02
b  12   26 12   29  99  2.69666E-01  1.38934E+00  2.14010E+00 -1.89094E-01  4.24897E+00  6.30600E-02  6.30600E-02
b  12   27 12   29  99  2.30994E-01  1.07835E+00  1.77859E+00 -1.93239E-01  4.17437E+00  2.11300E-01  2.11300E-01
b  12   28 12   29  99  1.81393E-01  7.51475E-01  1.71714E+00  2.56689E+00  6.63877E+00  1.58500E+00  1.58500E+00
b  12    1 12   30  99  4.34713E-01  7.27200E-02 -3.47356E+00  2.34050E+01  3.86330E+00  4.88800E-04  4.88800E-04
b  12    7 12   30  99  4.74300E-01  7.69334E-02 -3.68130E+00  2.52033E+01  3.85540E+00  2.85600E-02  2.85600E-02
b  12   22 12   30  99  3.80275E-01 -1.49803E-02 -2.79004E+00  2.04329E+01  3.86683E+00  5.66250E-02  5.66250E-02
b  12   24 12   30  99  4.70936E-01  1.19202E+00  3.11369E+00 -1.46135E+00  2.80466E+00  1.84350E-02  1.84350E-02
b  12   25 12   30  99  3.20704E-01  1.52218E+00  2.46554E+00 -1.37660E+00  3.45167E+00  1.52200E-02  1.52200E-02
b  12   26 12   30  99  2.81244E-01  1.66143E+00  2.18349E+00 -1.97235E-01  4.25535E+00  3.12900E-02  3.12900E-02
b  12   27 12   30  99  2.48192E-01  1.50076E+00  1.87167E+00 -1.73440E-01  4.23882E+00  7.51400E-02  7.51400E-02
b  12   28 12   30  99  2.23779E-01  1.12343E+00  1.67177E+00 -1.72198E-01  4.14271E+00  2.41900E-01  2.41900E-01
b  12   29 12   30  99  8.41629E-02  1.69825E+00  6.27462E-01  2.20542E+00  1.05518E+01  1.79400E+00  1.79400E+00
b  12    1 12   31  99  4.31138E-01  7.02373E-02 -3.42889E+00  2.31504E+01  3.86094E+00  3.46400E-04  3.46400E-04
b  12    8 12   31  99  4.74300E-01  7.69334E-02 -3.68130E+00  2.52033E+01  3.85540E+00  2.85600E-02  2.85600E-02
b  12   23 12   31  99  3.80275E-01 -1.49803E-02 -2.79004E+00  2.04329E+01  3.86683E+00  5.66250E-02  5.66250E-02
b  12   24 12   31  99  4.71876E-01  1.22490E+00  3.11565E+00 -1.44056E+00  2.81070E+00  1.27740E-02  1.27740E-02
b  12   25 12   31  99  3.24363E-01  1.61985E+00  2.47348E+00 -1.32824E+00  3.48192E+00  9.88300E-03  9.88300E-03
b  12   26 12   31  99  2.90157E-01  1.85800E+00  2.24121E+00 -1.94786E-01  4.26243E+00  1.82700E-02  1.82700E-02
b  12   27 12   31  99  2.59221E-01  1.82421E+00  1.91042E+00 -1.02830E-01  4.28928E+00  3.67600E-02  3.67600E-02
b  12   28 12   31  99  2.40764E-01  1.58993E+00  1.70943E+00 -9.89459E-02  4.17326E+00  8.47300E-02  8.47300E-02
b  12   29 12   31  99  2.32767E-01  1.06868E+00  2.36412E+00  3.34613E+00  6.65426E+00  2.71300E-01  2.71300E-01
b  12   30 12   31  99  2.19981E-04  1.68196E-02  6.58359E-03  6.19820E-02  2.00000E+01  2.59500E+02  2.59500E+02
f  12    1 11    1  99  2.00000E+00  4.46000E+00
p  12    1 11    1  98 -1.39910E-01 -1.35110E+00 -2.15630E-01  4.45460E-03  2.00000E+00  3.39200E+01  3.53000E+01  6.78000E+02
f  12    2 11    1  99  1.00000E+00  3.31610E+00
p  12    2 11    1  99  1.00000E+00  3.31610E+00
f  12    3 11    1  99  1.00000E+00  3.04320E+00
p  12    3 11    1  99  1.00000E+00  3.04320E+00
f  12    4 11    1  99  1.00000E+00  3.12000E+00
p  12    4 11    1  99  1.00000E+00  3.12000E+00
f  12    5 11    1  99  1.00000E+00  3.09600E+00
p  12    5 11    1  99  1.00000E+00  3.09600E+00
f  12    6 11    1  99  1.00000E+00  3.01820E+00
p  12    6 11    1  99  1.00000E+00  3.01820E+00
f  12    7 11    1  99  1.00000E+00  3.01620E+00
p  12    7 11    1  99  1.00000E+00  3.01620E+00
f  12    8 11    1  99  1.00000E+00  3.00110E+00
p  12    8 11    1  99  1.00000E+00  3.00110E+00
f  12    2 11    2  99  1.00000E+00  3.31610E+00
p  12    2 11    2  98 -1.39910E-01 -1.35110E+00 -2.15630E-01  4.45460E-03  2.00000E+00  3.39200E+01  3.53000E+01  6.78000E+02
f  12    9 11    2  99  2.00000E+00  3.87660E+00
p  12    9 11    2  99  2.00000E+00  3.87660E+00
f  12   10 11    2  99  1.00000E+00  3.10280E+00
p  12   10 11    2  99  1.00000E+00  3.10280E+00
f  12   11 11    2  99  1.00000E+00  3.14200E+00
p  12   11 11    2  99  1.00000E+00  3.14200E+00
f  12   12 11    2  99  1.00000E+00  3.10700E+00
p  12   12 11    2  99  1.00000E+00  3.10700E+00
f  12   13 11    2  99  1.00000E+00  3.02520E+00
p  12   13 11    2  99  1.00000E+00  3.02520E+00
f  12   14 11    2  99  1.00000E+00  3.02220E+00
p  12   14 11    2  99  1.00000E+00  3.02220E+00
f  12   15 11    2  99  1.00000E+00  3.01100E+00
p  12   15 11    2  99  1.00000E+00  3.01100E+00
f  12    3 11    3  99  1.00000E+00  3.04320E+00
p  12    3 11    3  98 -1.39910E-01 -1.35110E+00 -2.15630E-01  4.45460E-03  2.00000E+00  3.39200E+01  3.53000E+01  6.78000E+02
f  12   10 11    3  99  1.00000E+00  3.10280E+00
p  12   10 11    3  99  1.00000E+00  3.10280E+00
f  12    4 11    4  99  1.00000E+00  3.12000E+00
p  12    4 11    4  98 -1.39910E-01 -1.35110E+00 -2.15630E-01  4.45460E-03  2.00000E+00  3.39200E+01  3.53000E+01  6.78000E+02
f  12   11 11    4  99  1.00000E+00  3.14200E+00
p  12   11 11    4  99  1.00000E+00  3.14200E+00
f  12    5 11    5  99  1.00000E+00  3.09600E+00
p  12    5 11    5  98 -1.39910E-01 -1.35110E+00 -2.15630E-01  4.45460E-03  2.00000E+00  3.39200E+01  3.53000E+01  6.78000E+02
f  12   12 11    5  99  1.00000E+00  3.10700E+00
p  12   12 11    5  99  1.00000E+00  3.10700E+00
f  12    6 11    6  99  1.00000E+00  3.01820E+00
p  12    6 11    6  98 -1.39910E-01 -1.35110E+00 -2.15630E-01  4.45460E-03  2.00000E+00  3.39200E+01  3.53000E+01  6.78000E+02
f  12   13 11    6  99  1.00000E+00  3.02520E+00
p  12   13 11    6  99  1.00000E+00  3.02520E+00
f  12    7 11    7  99  1.00000E+00  3.01620E+00
p  12    7 11    7  98 -1.39910E-01 -1.35110E+00 -2.15630E-01  4.45460E-03  2.00000E+00  3.39200E+01  3.53000E+01  6.78000E+02
f  12   14 11    7  99  1.00000E+00  3.02220E+00
p  12   14 11    7  99  1.00000E+00  3.02220E+00
f  12    8 11    8  99  1.00000E+00  3.00110E+00
p  12    8 11    8  98 -1.39910E-01 -1.35110E+00 -2.15630E-01  4.45460E-03  2.00000E+00  3.39200E+01  3.53000E+01  6.78000E+02
f  12   15 11    8  99  1.00000E+00  3.01100E+00
p  12   15 11    8  99  1.00000E+00  3.01100E+00
f  12    1 11    9  99  8.00000E+00  4.46000E+00
p  12    1 11    9  98  1.92290E+00 -1.97010E+00 -2.91040E-01  3.47940E-02  8.00000E+00  1.79300E+02  1.86500E+02  3.58600E+03
f  12   16 11    9  99  3.00000E+00  5.02400E+00
p  12   16 11    9  98 -1.39910E-01 -1.35110E+00 -2.15630E-01  4.45460E-03  2.00000E+00  3.39200E+01  3.53000E+01  6.78000E+02
f  12   17 11    9  99  1.00000E+00  3.37280E+00
p  12   17 11    9  99  1.00000E+00  3.37280E+00
f  12   18 11    9  99  1.00000E+00  3.06150E+00
p  12   18 11    9  99  1.00000E+00  3.06150E+00
f  12   19 11    9  99  1.00000E+00  3.12600E+00
p  12   19 11    9  99  1.00000E+00  3.12600E+00
f  12   20 11    9  99  1.00000E+00  3.10000E+00
p  12   20 11    9  99  1.00000E+00  3.10000E+00
f  12   21 11    9  99  1.00000E+00  3.02720E+00
p  12   21 11    9  99  1.00000E+00  3.02720E+00
f  12   22 11    9  99  1.00000E+00  3.02320E+00
p  12   22 11    9  99  1.00000E+00  3.02320E+00
f  12   23 11    9  99  1.00000E+00  3.00110E+00
p  12   23 11    9  99  1.00000E+00  3.00110E+00
f  12    2 11   10  99  8.00000E+00  3.31610E+00
p  12    2 11   10  98  1.92290E+00 -1.97010E+00 -2.91040E-01  3.47940E-02  8.00000E+00  1.79300E+02  1.86500E+02  3.58600E+03
f  12   17 11   10  99  2.00000E+00  3.37280E+00
p  12   17 11   10  98 -1.39910E-01 -1.35110E+00 -2.15630E-01  4.45460E-03  2.00000E+00  3.39200E+01  3.53000E+01  6.78000E+02
f  12    3 11   11  99  8.00000E+00  3.04320E+00
p  12    3 11   11  98  1.92290E+00 -1.97010E+00 -2.91040E-01  3.47940E-02  8.00000E+00  1.79300E+02  1.86500E+02  3.58600E+03
f  12   18 11   11  99  2.00000E+00  3.06150E+00
p  12   18 11   11  98 -1.39910E-01 -1.35110E+00 -2.15630E-01  4.45460E-03  2.00000E+00  3.39200E+01  3.53000E+01  6.78000E+02
f  12    4 11   12  99  8.00000E+00  3.12000E+00
p  12    4 11   12  98  1.92290E+00 -1.97010E+00 -2.91040E-01  3.47940E-02  8.00000E+00  1.79300E+02  1.86500E+02  3.58600E+03
f  12   19 11   12  99  2.00000E+00  3.12600E+00
p  12   19 11   12  98 -1.39910E-01 -1.35110E+00 -2.15630E-01  4.45460E-03  2.00000E+00  3.39200E+01  3.53000E+01  6.78000E+02
f  12    5 11   13  99  8.00000E+00  3.09600E+00
p  12    5 11   13  98  1.92290E+00 -1.97010E+00 -2.91040E-01  3.47940E-02  8.00000E+00  1.79300E+02  1.86500E+02  3.58600E+03
f  12   20 11   13  99  2.00000E+00  3.10000E+00
p  12   20 11   13  98 -1.39910E-01 -1.35110E+00 -2.15630E-01  4.45460E-03  2.00000E+00  3.39200E+01  3.53000E+01  6.78000E+02
f  12    6 11   14  99  8.00000E+00  3.01820E+00
p  12    6 11   14  98  1.92290E+00 -1.97010E+00 -2.91040E-01  3.47940E-02  8.00000E+00  1.79300E+02  1.86500E+02  3.58600E+03
f  12   21 11   14  99  2.00000E+00  3.02720E+00
p  12   21 11   14  98 -1.39910E-01 -1.35110E+00 -2.15630E-01  4.45460E-03  2.00000E+00  3.39200E+01  3.53000E+01  6.78000E+02
f  12    7 11   15  99  8.00000E+00  3.01620E+00
p  12    7 11   15  98  1.92290E+00 -1.97010E+00 -2.91040E-01  3.47940E-02  8.00000E+00  1.79300E+02  1.86500E+02  3.58600E+03
f  12   22 11   15  99  2.00000E+00  3.02320E+00
p  12   22 11   15  98 -1.39910E-01 -1.35110E+00 -2.15630E-01  4.45460E-03  2.00000E+00  3.39200E+01  3.53000E+01  6.78000E+02
f  12    8 11   16  99  8.00000E+00  3.00110E+00
p  12    8 11   16  98  1.92290E+00 -1.97010E+00 -2.91040E-01  3.47940E-02  8.00000E+00  1.79300E+02  1.86500E+02  3.58600E+03
f  12   23 11   16  99  2.00000E+00  3.00110E+00
p  12   23 11   16  98 -1.39910E-01 -1.35110E+00 -2.15630E-01  4.45460E-03  2.00000E+00  3.39200E+01  3.53000E+01  6.78000E+02
f  12    1 11   17  99  2.00000E+00  4.46000E+00
p  12    1 11   17  98  2.26790E+00 -2.45810E+00 -1.87060E-01  1.57840E-02  2.00000E+00  1.85800E+03  1.93200E+03  3.71600E+04
f  12   24 11   17  99  3.00000E+00  5.10400E+00
p  12   24 11   17  98 -1.39910E-01 -1.35110E+00 -2.15630E-01  4.45460E-03  2.00000E+00  3.39200E+01  3.53000E+01  6.78000E+02
f  12   25 11   17  99  1.00000E+00  3.39600E+00
p  12   25 11   17  99  1.00000E+00  3.39600E+00
f  12   26 11   17  99  1.00000E+00  3.06060E+00
p  12   26 11   17  99  1.00000E+00  3.06060E+00
f  12   27 11   17  99  1.00000E+00  3.13500E+00
p  12   27 11   17  99  1.00000E+00  3.13500E+00
f  12   28 11   17  99  1.00000E+00  3.10900E+00
p  12   28 11   17  99  1.00000E+00  3.10900E+00
f  12   29 11   17  99  1.00000E+00  3.02810E+00
p  12   29 11   17  99  1.00000E+00  3.02810E+00
f  12   30 11   17  99  1.00000E+00  3.02410E+00
p  12   30 11   17  99  1.00000E+00  3.02410E+00
f  12   31 11   17  99  1.00000E+00  3.00110E+00
p  12   31 11   17  99  1.00000E+00  3.00110E+00
f  12    2 11   18  99  2.00000E+00  3.31610E+00
p  12    2 11   18  98  2.26790E+00 -2.45810E+00 -1.87060E-01  1.57840E-02  2.00000E+00  1.85800E+03  1.93200E+03  3.71600E+04
f  12   25 11   18  99  2.00000E+00  3.39600E+00
p  12   25 11   18  98 -1.39910E-01 -1.35110E+00 -2.15630E-01  4.45460E-03  2.00000E+00  3.39200E+01  3.53000E+01  6.78000E+02
f  12    3 11   19  99  2.00000E+00  3.04320E+00
p  12    3 11   19  98  2.26790E+00 -2.45810E+00 -1.87060E-01  1.57840E-02  2.00000E+00  1.85800E+03  1.93200E+03  3.71600E+04
f  12   26 11   19  99  2.00000E+00  3.06060E+00
p  12   26 11   19  98 -1.39910E-01 -1.35110E+00 -2.15630E-01  4.45460E-03  2.00000E+00  3.39200E+01  3.53000E+01  6.78000E+02
f  12    4 11   20  99  2.00000E+00  3.12000E+00
p  12    4 11   20  98  2.26790E+00 -2.45810E+00 -1.87060E-01  1.57840E-02  2.00000E+00  1.85800E+03  1.93200E+03  3.71600E+04
f  12   27 11   20  99  2.00000E+00  3.13500E+00
p  12   27 11   20  98 -1.39910E-01 -1.35110E+00 -2.15630E-01  4.45460E-03  2.00000E+00  3.39200E+01  3.53000E+01  6.78000E+02
f  12    5 11   21  99  2.00000E+00  3.09600E+00
p  12    5 11   21  98  2.26790E+00 -2.45810E+00 -1.87060E-01  1.57840E-02  2.00000E+00  1.85800E+03  1.93200E+03  3.71600E+04
f  12   28 11   21  99  2.00000E+00  3.10900E+00
p  12   28 11   21  98 -1.39910E-01 -1.35110E+00 -2.15630E-01  4.45460E-03  2.00000E+00  3.39200E+01  3.53000E+01  6.78000E+02
f  12    6 11   22  99  2.00000E+00  3.01820E+00
p  12    6 11   22  98  2.26790E+00 -2.45810E+00 -1.87060E-01  1.57840E-02  2.00000E+00  1.85800E+03  1.93200E+03  3.71600E+04
f  12   29 11   22  99  2.00000E+00  3.02810E+00
p  12   29 11   22  98 -1.39910E-01 -1.35110E+00 -2.15630E-01  4.45460E-03  2.00000E+00  3.39200E+01  3.53000E+01  6.78000E+02
f  12    7 11   23  99  2.00000E+00  3.01620E+00
p  12    7 11   23  98  2.26790E+00 -2.45810E+00 -1.87060E-01  1.57840E-02  2.00000E+00  1.85800E+03  1.93200E+03  3.71600E+04
f  12   30 11   23  99  2.00000E+00  3.02410E+00
p  12   30 11   23  98 -1.39910E-01 -1.35110E+00 -2.15630E-01  4.45460E-03  2.00000E+00  3.39200E+01  3.53000E+01  6.78000E+02
f  12    8 11   24  99  2.00000E+00  3.00110E+00
p  12    8 11   24  98  2.26790E+00 -2.45810E+00 -1.87060E-01  1.57840E-02  2.00000E+00  1.85800E+03  1.93200E+03  3.71600E+04
f  12   31 11   24  99  2.00000E+00  3.00110E+00
p  12   31 11   24  98 -1.39910E-01 -1.35110E+00 -2.15630E-01  4.45460E-03  2.00000E+00  3.39200E+01  3.53000E+01  6.78000E+02
a  12    9 11    1   3.89670E+13
a  12   10 11    1   5.90750E+13
a  12   11 11    1   2.46855E+13
a  12   12 11    1   1.14210E+13
a  12   13 11    1   5.85800E+12
a  12   14 11    1   3.25080E+12
a  12   15 11    1   1.91955E+12
a  12   16 11    1   7.89548E+12
a  12   17 11    1   7.22040E+11
a  12   18 11    1   2.02118E+11
a  12   19 11    1   7.47862E+10
a  12   20 11    1   3.46012E+10
a  12   21 11    1   1.77472E+10
a  12   22 11    1   9.84825E+09
a  12   23 11    1   5.81542E+09
a  12   24 11    1   8.70360E+10
a  12   25 11    1   7.34180E+09
a  12   26 11    1   1.96750E+09
a  12   27 11    1   7.05250E+08
a  12   28 11    1   3.26290E+08
a  12   29 11    1   1.67360E+08
a  12   30 11    1   9.28720E+07
a  12   31 11    1   5.48400E+07
a  12   17 11    2   2.63182E+12
a  12   25 11    2   2.90120E+10
a  12   18 11    3   2.63182E+12
a  12   26 11    3   2.90120E+10
a  12   19 11    4   2.63182E+12
a  12   27 11    4   2.90120E+10
a  12   20 11    5   2.63182E+12
a  12   28 11    5   2.90120E+10
a  12   21 11    6   2.63182E+12
a  12   29 11    6   2.90120E+10
a  12   22 11    7   2.63182E+12
a  12   30 11    7   2.90120E+10
a  12   23 11    8   2.63182E+12
a  12   31 11    8   2.90120E+10
a  12   24 11    9   1.68816E+13
a  12   25 11    9   7.51080E+11
a  12   26 11    9   2.01488E+11
a  12   27 11    9   7.22920E+10
a  12   28 11    9   3.34476E+10
a  12   29 11    9   1.71556E+10
a  12   30 11    9   9.52000E+09
a  12   31 11    9   5.62160E+09
a  12   25 11   10   1.12544E+13
a  12   26 11   11   1.12544E+13
a  12   27 11   12   1.12544E+13
a  12   28 11   13   1.12544E+13
a  12   29 11   14   1.12544E+13
a  12   30 11   15   1.12544E+13
a  12   31 11   16   1.12544E+13
b  13    1 13    2  99  1.10820E-01  2.57363E-01  8.93921E-01 -1.09621E-01  4.01926E+00  1.61790E+00  1.61790E+00
b  13    1 13    3  99  1.63234E-01  3.69065E-01  1.24873E+00 -6.74326E-01  3.29225E+00  3.50100E-01  3.50100E-01
b  13    2 13    3  99  1.42340E-01  3.87272E-01  1.08440E+00 -1.40271E-01  3.95905E+00  1.02100E+00  1.02100E+00
b  13    1 13    4  99  5.48283E-01  9.23538E-01  4.50851E+00 -2.48416E+00  3.30022E+00  7.26900E-02  7.26900E-02
b  13    2 13    4  99  2.68943E-01  1.12700E+00  2.07783E+00 -2.25168E-01  4.13560E+00  1.16300E-01  1.16300E-01
b  13    3 13    4  99  1.95066E-01  6.47256E-01  1.45029E+00 -2.09028E-01  4.01832E+00  1.08500E+00  1.08500E+00
b  13    1 13    5  99  5.64184E-01  9.90648E-01  4.65771E+00 -2.56235E+00  3.32353E+00  3.97500E-02  3.97500E-02
b  13    2 13    5  99  2.88668E-01  1.44262E+00  2.19285E+00 -2.03748E-01  4.16380E+00  4.42400E-02  4.42400E-02
b  13    3 13    5  99  2.37870E-01  1.20413E+00  1.74061E+00 -1.37161E-01  4.14586E+00  1.59500E-01  1.59500E-01
b  13    4 13    5  99  8.97007E-02  1.70149E+00  8.59944E-01  2.62470E+00  1.09656E+01  1.38300E+00  1.38300E+00
b  13    1 13    6  99  5.72312E-01  1.03472E+00  4.72972E+00 -2.61511E+00  3.32790E+00  2.43900E-02  2.43900E-02
b  13    2 13    6  99  2.99492E-01  1.64043E+00  2.26970E+00 -2.03787E-01  4.20340E+00  2.25800E-02  2.25800E-02
b  13    3 13    6  99  2.59092E-01  1.62602E+00  1.85357E+00 -1.66905E-01  4.16068E+00  5.71300E-02  5.71300E-02
b  13    4 13    6  99  2.20159E-01  1.22274E+00  1.54289E+00 -1.14769E-01  4.12108E+00  2.02400E-01  2.02400E-01
b  13    5 13    6  99  2.24092E-02  2.27738E+00  9.86797E-01  8.93697E+00  2.00000E+01  1.60900E+00  1.60900E+00
b  13    1 13    7  99  5.76783E-01  1.06518E+00  4.77065E+00 -2.58655E+00  3.35293E+00  1.61550E-02  1.61550E-02
b  13    2 13    7  99  3.05998E-01  1.77316E+00  2.30687E+00 -1.83187E-01  4.22018E+00  1.34200E-02  1.34200E-02
b  13    3 13    7  99  2.72407E-01  1.92936E+00  1.91076E+00 -1.30009E-01  4.19403E+00  2.81500E-02  2.81500E-02
b  13    4 13    7  99  2.37253E-01  1.67525E+00  1.63635E+00 -1.59904E-01  4.18467E+00  7.09800E-02  7.09800E-02
b  13    5 13    7  99  2.25946E-01  1.18101E+00  2.20578E+00  3.23082E+00  6.68165E+00  2.35700E-01  2.35700E-01
b  13    6 13    7  99  7.10324E-02  1.63417E+00  4.91246E-01  8.07685E-01  7.67721E+00  1.82000E+00  1.82000E+00
b  13    1 13    8  99  5.79291E-01  1.08744E+00  4.78177E+00 -2.59385E+00  3.34741E+00  1.12980E-02  1.12980E-02
b  13    2 13    8  99  3.10647E-01  1.86595E+00  2.35009E+00 -1.72101E-01  4.25569E+00  8.75300E-03  8.75300E-03
b  13    3 13    8  99  2.81654E-01  2.15153E+00  1.95229E+00 -1.12740E-01  4.20544E+00  1.63900E-02  1.63900E-02
b  13    4 13    8  99  2.47884E-01  2.02842E+00  1.64052E+00 -1.05213E-01  4.16746E+00  3.44600E-02  3.44600E-02
b  13    5 13    8  99  2.47758E-01  1.62096E+00  2.40868E+00  3.64678E+00  6.93379E+00  8.17300E-02  8.17300E-02
b  13    6 13    8  99  7.04944E-03  3.83456E+00 -2.16598E+00  2.61721E+01  2.00000E+01  2.66800E-01  2.66800E-01
b  13    7 13    8  99 -7.84744E-01  8.26127E+00  3.05180E+04  9.12121E+00  4.91238E-02  4.90200E+00  4.90200E+00
b  13    1 13    9  98  0.00000E+00  0.00000E+00  0.00000E+00  0.00000E+00  0.00000E+00  1.40602E-02  2.81204E-04
b  13    2 13    9  99  1.10820E-01  2.57363E-01  8.93921E-01 -1.09621E-01  4.01926E+00  1.04489E+00  1.04489E+00
b  13    1 13   10  98  0.00000E+00  0.00000E+00  0.00000E+00  0.00000E+00  0.00000E+00  2.01419E-02  4.02837E-04
b  13    2 13   10  99  1.63234E-01  3.69065E-01  1.24873E+00 -6.74326E-01  3.29225E+00  2.33400E-01  2.33400E-01
b  13    3 13   10  99  1.10820E-01  2.57363E-01  8.93921E-01 -1.09621E-01  4.01926E+00  1.07860E+00  1.07860E+00
b  13    9 13   10  99  1.42340E-01  3.87272E-01  1.08440E+00 -1.40271E-01  3.95905E+00  2.04200E+00  2.04200E+00
b  13    1 13   11  98  0.00000E+00  0.00000E+00  0.00000E+00  0.00000E+00  0.00000E+00  2.82135E-02  5.64271E-04
b  13    2 13   11  99  5.48283E-01  9.23538E-01  4.50851E+00 -2.48416E+00  3.30022E+00  4.84600E-02  4.84600E-02
b  13    4 13   11  99  1.10820E-01  2.57363E-01  8.93921E-01 -1.09621E-01  4.01926E+00  1.07860E+00  1.07860E+00
b  13    9 13   11  99  2.68943E-01  1.12700E+00  2.07783E+00 -2.25168E-01  4.13560E+00  2.32600E-01  2.32600E-01
b  13   10 13   11  99  1.95066E-01  6.47256E-01  1.45029E+00 -2.09028E-01  4.01832E+00  1.08500E+00  1.08500E+00
b  13    1 13   12  98  0.00000E+00  0.00000E+00  0.00000E+00  0.00000E+00  0.00000E+00  3.74728E-02  7.49455E-04
b  13    2 13   12  99  5.64184E-01  9.90648E-01  4.65771E+00 -2.56235E+00  3.32353E+00  2.65000E-02  2.65000E-02
b  13    5 13   12  99  1.10820E-01  2.57363E-01  8.93921E-01 -1.09621E-01  4.01926E+00  1.07860E+00  1.07860E+00
b  13    9 13   12  99  2.88668E-01  1.44262E+00  2.19285E+00 -2.03748E-01  4.16380E+00  8.84800E-02  8.84800E-02
b  13   10 13   12  99  2.37870E-01  1.20413E+00  1.74061E+00 -1.37161E-01  4.14586E+00  1.59500E-01  1.59500E-01
b  13   11 13   12  99  8.97007E-02  1.70149E+00  8.59944E-01  2.62470E+00  1.09656E+01  1.38300E+00  1.38300E+00
b  13    1 13   13  98  0.00000E+00  0.00000E+00  0.00000E+00  0.00000E+00  0.00000E+00  4.80647E-02  9.61294E-04
b  13    2 13   13  99  5.72312E-01  1.03472E+00  4.72972E+00 -2.61511E+00  3.32790E+00  1.62600E-02  1.62600E-02
b  13    6 13   13  99  1.10820E-01  2.57363E-01  8.93921E-01 -1.09621E-01  4.01926E+00  1.07860E+00  1.07860E+00
b  13    9 13   13  99  2.99492E-01  1.64043E+00  2.26970E+00 -2.03787E-01  4.20340E+00  4.51600E-02  4.51600E-02
b  13   10 13   13  99  2.59092E-01  1.62602E+00  1.85357E+00 -1.66905E-01  4.16068E+00  5.71300E-02  5.71300E-02
b  13   11 13   13  99  2.20159E-01  1.22274E+00  1.54289E+00 -1.14769E-01  4.12108E+00  2.02400E-01  2.02400E-01
b  13   12 13   13  99  2.24092E-02  2.27738E+00  9.86797E-01  8.93697E+00  2.00000E+01  1.60900E+00  1.60900E+00
b  13    1 13   14  98  0.00000E+00  0.00000E+00  0.00000E+00  0.00000E+00  0.00000E+00  6.02676E-02  1.20535E-03
b  13    2 13   14  99  5.76783E-01  1.06518E+00  4.77065E+00 -2.58655E+00  3.35293E+00  1.07700E-02  1.07700E-02
b  13    7 13   14  99  1.10820E-01  2.57363E-01  8.93921E-01 -1.09621E-01  4.01926E+00  1.07860E+00  1.07860E+00
b  13    9 13   14  99  3.05998E-01  1.77316E+00  2.30687E+00 -1.83187E-01  4.22018E+00  2.68400E-02  2.68400E-02
b  13   10 13   14  99  2.72407E-01  1.92936E+00  1.91076E+00 -1.30009E-01  4.19403E+00  2.81500E-02  2.81500E-02
b  13   11 13   14  99  2.37253E-01  1.67525E+00  1.63635E+00 -1.59904E-01  4.18467E+00  7.09800E-02  7.09800E-02
b  13   12 13   14  99  2.25946E-01  1.18101E+00  2.20578E+00  3.23082E+00  6.68165E+00  2.35700E-01  2.35700E-01
b  13   13 13   14  99  7.10324E-02  1.63417E+00  4.91246E-01  8.07685E-01  7.67721E+00  1.82000E+00  1.82000E+00
b  13    1 13   15  98  0.00000E+00  0.00000E+00  0.00000E+00  0.00000E+00  0.00000E+00  7.38681E-02  1.47736E-03
b  13    2 13   15  99  5.79291E-01  1.08744E+00  4.78177E+00 -2.59385E+00  3.34741E+00  7.53200E-03  7.53200E-03
b  13    8 13   15  99  1.10820E-01  2.57363E-01  8.93921E-01 -1.09621E-01  4.01926E+00  1.07860E+00  1.07860E+00
b  13    9 13   15  99  3.10647E-01  1.86595E+00  2.35009E+00 -1.72101E-01  4.25569E+00  1.75060E-02  1.75060E-02
b  13   10 13   15  99  2.81654E-01  2.15153E+00  1.95229E+00 -1.12740E-01  4.20544E+00  1.63900E-02  1.63900E-02
b  13   11 13   15  99  2.47884E-01  2.02842E+00  1.64052E+00 -1.05213E-01  4.16746E+00  3.44600E-02  3.44600E-02
b  13   12 13   15  99  2.47758E-01  1.62096E+00  2.40868E+00  3.64678E+00  6.93379E+00  8.17300E-02  8.17300E-02
b  13   13 13   15  99  7.04944E-03  3.83456E+00 -2.16598E+00  2.61721E+01  2.00000E+01  2.66800E-01  2.66800E-01
b  13   14 13   15  99 -7.84744E-01  8.26127E+00  3.05180E+04  9.12121E+00  4.91238E-02  4.90200E+00  4.90200E+00
b  13    1 13   16  99  2.68577E-01  2.31323E+00 -4.96114E+01  5.44641E+02  2.00000E+01  2.32200E-01  2.32200E-01
b  13    1 13   17  99  1.91651E-01  1.60430E+00 -3.45454E+01  3.64652E+02  2.00000E+01  9.24000E-02  9.24000E-02
b  13    2 13   17  99  2.68577E-01  2.31323E+00 -4.96114E+01  5.44641E+02  2.00000E+01  2.47680E-01  2.47680E-01
b  13   16 13   17  99  1.10820E-01  2.57363E-01  8.93921E-01 -1.09621E-01  4.01926E+00  2.15720E+00  2.15720E+00
b  13    1 13   18  99  1.71470E-01  1.44606E+00 -3.10123E+01  3.22913E+02  2.00000E+01  4.47280E-02  4.47280E-02
b  13    3 13   18  99  2.68577E-01  2.31323E+00 -4.96114E+01  5.44641E+02  2.00000E+01  2.47680E-01  2.47680E-01
b  13   16 13   18  99  1.63234E-01  3.69065E-01  1.24873E+00 -6.74326E-01  3.29225E+00  4.66800E-01  4.66800E-01
b  13   17 13   18  99  1.42340E-01  3.87272E-01  1.08440E+00 -1.40271E-01  3.95905E+00  1.02100E+00  1.02100E+00
b  13    1 13   19  99  1.86870E-01  2.14184E+00 -3.81476E+01  2.67627E+02  2.00000E+01  1.98720E-02  1.98720E-02
b  13    4 13   19  99  2.68577E-01  2.31323E+00 -4.96114E+01  5.44641E+02  2.00000E+01  2.47680E-01  2.47680E-01
b  13   16 13   19  99  5.48283E-01  9.23538E-01  4.50851E+00 -2.48416E+00  3.30022E+00  9.69200E-02  9.69200E-02
b  13   17 13   19  99  2.68943E-01  1.12700E+00  2.07783E+00 -2.25168E-01  4.13560E+00  1.16300E-01  1.16300E-01
b  13   18 13   19  99  1.95066E-01  6.47256E-01  1.45029E+00 -2.09028E-01  4.01832E+00  1.08500E+00  1.08500E+00
b  13    1 13   20  99  1.79374E-01  2.06460E+00 -3.66004E+01  2.51369E+02  2.00000E+01  1.22080E-02  1.22080E-02
b  13    5 13   20  99  2.68577E-01  2.31323E+00 -4.96114E+01  5.44641E+02  2.00000E+01  2.47680E-01  2.47680E-01
b  13   16 13   20  99  5.64184E-01  9.90648E-01  4.65771E+00 -2.56235E+00  3.32353E+00  5.30000E-02  5.30000E-02
b  13   17 13   20  99  2.88668E-01  1.44262E+00  2.19285E+00 -2.03748E-01  4.16380E+00  4.42400E-02  4.42400E-02
b  13   18 13   20  99  2.37870E-01  1.20413E+00  1.74061E+00 -1.37161E-01  4.14586E+00  1.59500E-01  1.59500E-01
b  13   19 13   20  99  8.97007E-02  1.70149E+00  8.59944E-01  2.62470E+00  1.09656E+01  1.38300E+00  1.38300E+00
b  13    1 13   21  99  1.77240E-01  2.00919E+00 -3.60935E+01  2.53484E+02  2.00000E+01  8.03200E-03  8.03200E-03
b  13    6 13   21  99  2.68577E-01  2.31323E+00 -4.96114E+01  5.44641E+02  2.00000E+01  2.47680E-01  2.47680E-01
b  13   16 13   21  99  5.72312E-01  1.03472E+00  4.72972E+00 -2.61511E+00  3.32790E+00  3.25200E-02  3.25200E-02
b  13   17 13   21  99  2.99492E-01  1.64043E+00  2.26970E+00 -2.03787E-01  4.20340E+00  2.25800E-02  2.25800E-02
b  13   18 13   21  99  2.59092E-01  1.62602E+00  1.85357E+00 -1.66905E-01  4.16068E+00  5.71300E-02  5.71300E-02
b  13   19 13   21  99  2.20159E-01  1.22274E+00  1.54289E+00 -1.14769E-01  4.12108E+00  2.02400E-01  2.02400E-01
b  13   20 13   21  99  2.24092E-02  2.27738E+00  9.86797E-01  8.93697E+00  2.00000E+01  1.60900E+00  1.60900E+00
b  13    1 13   22  99  1.42987E-01  1.66885E+00 -2.92182E+01  2.06588E+02  2.00000E+01  5.56000E-03  5.56000E-03
b  13    7 13   22  99  2.68577E-01  2.31323E+00 -4.96114E+01  5.44641E+02  2.00000E+01  2.47680E-01  2.47680E-01
b  13   16 13   22  99  5.76783E-01  1.06518E+00  4.77065E+00 -2.58655E+00  3.35293E+00  2.15400E-02  2.15400E-02
b  13   17 13   22  99  3.05998E-01  1.77316E+00  2.30687E+00 -1.83187E-01  4.22018E+00  1.34200E-02  1.34200E-02
b  13   18 13   22  99  2.72407E-01  1.92936E+00  1.91076E+00 -1.30009E-01  4.19403E+00  2.81500E-02  2.81500E-02
b  13   19 13   22  99  2.37253E-01  1.67525E+00  1.63635E+00 -1.59904E-01  4.18467E+00  7.09800E-02  7.09800E-02
b  13   20 13   22  99  2.25946E-01  1.18101E+00  2.20578E+00  3.23082E+00  6.68165E+00  2.35700E-01  2.35700E-01
b  13   21 13   22  99  7.10324E-02  1.63417E+00  4.91246E-01  8.07685E-01  7.67721E+00  1.82000E+00  1.82000E+00
b  13    1 13   23  99  1.70166E-01  1.94678E+00 -3.46927E+01  2.37353E+02  2.00000E+01  4.00160E-03  4.00160E-03
b  13    8 13   23  99  2.68577E-01  2.31323E+00 -4.96114E+01  5.44641E+02  2.00000E+01  2.47680E-01  2.47680E-01
b  13   16 13   23  99  5.79291E-01  1.08744E+00  4.78177E+00 -2.59385E+00  3.34741E+00  1.50640E-02  1.50640E-02
b  13   17 13   23  99  3.10647E-01  1.86595E+00  2.35009E+00 -1.72101E-01  4.25569E+00  8.75300E-03  8.75300E-03
b  13   18 13   23  99  2.81654E-01  2.15153E+00  1.95229E+00 -1.12740E-01  4.20544E+00  1.63900E-02  1.63900E-02
b  13   19 13   23  99  2.47884E-01  2.02842E+00  1.64052E+00 -1.05213E-01  4.16746E+00  3.44600E-02  3.44600E-02
b  13   20 13   23  99  2.47758E-01  1.62096E+00  2.40868E+00  3.64678E+00  6.93379E+00  8.17300E-02  8.17300E-02
b  13   21 13   23  99  7.04944E-03  3.83456E+00 -2.16598E+00  2.61721E+01  2.00000E+01  2.66800E-01  2.66800E-01
b  13   22 13   23  99 -7.84744E-01  8.26127E+00  3.05180E+04  9.12121E+00  4.91238E-02  4.90200E+00  4.90200E+00
b  13    1 13   24  99  5.03065E-01  7.70436E-02 -3.85544E+00  2.66073E+01  3.85319E+00  1.98833E-02  1.98833E-02
b  13   16 13   24  99  3.79134E-01 -9.66095E-03 -2.84246E+00  2.06428E+01  3.88127E+00  5.64750E-02  5.64750E-02
b  13    1 13   25  99  4.03526E-01  8.10869E-02 -3.09954E+00  2.11101E+01  3.83784E+00  5.17800E-03  5.17800E-03
b  13    2 13   25  99  5.03065E-01  7.70436E-02 -3.85544E+00  2.66073E+01  3.85319E+00  2.12089E-02  2.12089E-02
b  13   17 13   25  99  3.79134E-01 -9.66095E-03 -2.84246E+00  2.06428E+01  3.88127E+00  5.64750E-02  5.64750E-02
b  13   24 13   25  99  1.10820E-01  2.57363E-01  8.93921E-01 -1.09621E-01  4.01926E+00  2.15720E+00  2.15720E+00
b  13    1 13   26  99  4.19358E-01  7.79740E-02 -3.23760E+00  2.21033E+01  3.84978E+00  2.09200E-03  2.09200E-03
b  13    3 13   26  99  5.03065E-01  7.70436E-02 -3.85544E+00  2.66073E+01  3.85319E+00  2.12089E-02  2.12089E-02
b  13   18 13   26  99  3.79134E-01 -9.66095E-03 -2.84246E+00  2.06428E+01  3.88127E+00  5.64750E-02  5.64750E-02
b  13   24 13   26  99  1.63234E-01  3.69065E-01  1.24873E+00 -6.74326E-01  3.29225E+00  4.66800E-01  4.66800E-01
b  13   25 13   26  99  1.42340E-01  3.87272E-01  1.08440E+00 -1.40271E-01  3.95905E+00  1.02100E+00  1.02100E+00
b  13    1 13   27  99  4.85958E-01  8.03374E-02 -3.90733E+00  2.63687E+01  3.87186E+00  9.73200E-04  9.73200E-04
b  13    4 13   27  99  5.03065E-01  7.70436E-02 -3.85544E+00  2.66073E+01  3.85319E+00  2.12089E-02  2.12089E-02
b  13   19 13   27  99  3.79134E-01 -9.66095E-03 -2.84246E+00  2.06428E+01  3.88127E+00  5.64750E-02  5.64750E-02
b  13   24 13   27  99  5.48283E-01  9.23538E-01  4.50851E+00 -2.48416E+00  3.30022E+00  9.69200E-02  9.69200E-02
b  13   25 13   27  99  2.68943E-01  1.12700E+00  2.07783E+00 -2.25168E-01  4.13560E+00  1.16300E-01  1.16300E-01
b  13   26 13   27  99  1.95066E-01  6.47256E-01  1.45029E+00 -2.09028E-01  4.01832E+00  1.08500E+00  1.08500E+00
b  13    1 13   28  99  4.71075E-01  7.12307E-02 -3.75690E+00  2.54978E+01  3.87108E+00  5.61200E-04  5.61200E-04
b  13    5 13   28  99  5.03065E-01  7.70436E-02 -3.85544E+00  2.66073E+01  3.85319E+00  2.12089E-02  2.12089E-02
b  13   20 13   28  99  3.79134E-01 -9.66095E-03 -2.84246E+00  2.06428E+01  3.88127E+00  5.64750E-02  5.64750E-02
b  13   24 13   28  99  5.64184E-01  9.90648E-01  4.65771E+00 -2.56235E+00  3.32353E+00  5.30000E-02  5.30000E-02
b  13   25 13   28  99  2.88668E-01  1.44262E+00  2.19285E+00 -2.03748E-01  4.16380E+00  4.42400E-02  4.42400E-02
b  13   26 13   28  99  2.37870E-01  1.20413E+00  1.74061E+00 -1.37161E-01  4.14586E+00  1.59500E-01  1.59500E-01
b  13   27 13   28  99  8.97007E-02  1.70149E+00  8.59944E-01  2.62470E+00  1.09656E+01  1.38300E+00  1.38300E+00
b  13    1 13   29  99  4.59558E-01  7.01924E-02 -3.65020E+00  2.47209E+01  3.86121E+00  3.53000E-04  3.53000E-04
b  13    6 13   29  99  5.03065E-01  7.70436E-02 -3.85544E+00  2.66073E+01  3.85319E+00  2.12089E-02  2.12089E-02
b  13   21 13   29  99  3.79134E-01 -9.66095E-03 -2.84246E+00  2.06428E+01  3.88127E+00  5.64750E-02  5.64750E-02
b  13   24 13   29  99  5.72312E-01  1.03472E+00  4.72972E+00 -2.61511E+00  3.32790E+00  3.25200E-02  3.25200E-02
b  13   25 13   29  99  2.99492E-01  1.64043E+00  2.26970E+00 -2.03787E-01  4.20340E+00  2.25800E-02  2.25800E-02
b  13   26 13   29  99  2.59092E-01  1.62602E+00  1.85357E+00 -1.66905E-01  4.16068E+00  5.71300E-02  5.71300E-02
b  13   27 13   29  99  2.20159E-01  1.22274E+00  1.54289E+00 -1.14769E-01  4.12108E+00  2.02400E-01  2.02400E-01
b  13   28 13   29  99  2.24092E-02  2.27738E+00  9.86797E-01  8.93697E+00  2.00000E+01  1.60900E+00  1.60900E+00
b  13    1 13   30  99  4.51715E-01  7.03694E-02 -3.60419E+00  2.43622E+01  3.86493E+00  2.36200E-04  2.36200E-04
b  13    7 13   30  99  5.03065E-01  7.70436E-02 -3.85544E+00  2.66073E+01  3.85319E+00  2.12089E-02  2.12089E-02
b  13   22 13   30  99  3.79134E-01 -9.66095E-03 -2.84246E+00  2.06428E+01  3.88127E+00  5.64750E-02  5.64750E-02
b  13   24 13   30  99  5.76783E-01  1.06518E+00  4.77065E+00 -2.58655E+00  3.35293E+00  2.15400E-02  2.15400E-02
b  13   25 13   30  99  3.05998E-01  1.77316E+00  2.30687E+00 -1.83187E-01  4.22018E+00  1.34200E-02  1.34200E-02
b  13   26 13   30  99  2.72407E-01  1.92936E+00  1.91076E+00 -1.30009E-01  4.19403E+00  2.81500E-02  2.81500E-02
b  13   27 13   30  99  2.37253E-01  1.67525E+00  1.63635E+00 -1.59904E-01  4.18467E+00  7.09800E-02  7.09800E-02
b  13   28 13   30  99  2.25946E-01  1.18101E+00  2.20578E+00  3.23082E+00  6.68165E+00  2.35700E-01  2.35700E-01
b  13   29 13   30  99  7.10324E-02  1.63417E+00  4.91246E-01  8.07685E-01  7.67721E+00  1.82000E+00  1.82000E+00
b  13    1 13   31  99  4.45538E-01  7.30410E-02 -3.60004E+00  2.42140E+01  3.87221E+00  1.65780E-04  1.65780E-04
b  13    8 13   31  99  5.03065E-01  7.70436E-02 -3.85544E+00  2.66073E+01  3.85319E+00  2.12089E-02  2.12089E-02
b  13   23 13   31  99  3.79134E-01 -9.66095E-03 -2.84246E+00  2.06428E+01  3.88127E+00  5.64750E-02  5.64750E-02
b  13   24 13   31  99  5.79291E-01  1.08744E+00  4.78177E+00 -2.59385E+00  3.34741E+00  1.50640E-02  1.50640E-02
b  13   25 13   31  99  3.10647E-01  1.86595E+00  2.35009E+00 -1.72101E-01  4.25569E+00  8.75300E-03  8.75300E-03
b  13   26 13   31  99  2.81654E-01  2.15153E+00  1.95229E+00 -1.12740E-01  4.20544E+00  1.63900E-02  1.63900E-02
b  13   27 13   31  99  2.47884E-01  2.02842E+00  1.64052E+00 -1.05213E-01  4.16746E+00  3.44600E-02  3.44600E-02
b  13   28 13   31  99  2.47758E-01  1.62096E+00  2.40868E+00  3.64678E+00  6.93379E+00  8.17300E-02  8.17300E-02
b  13   29 13   31  99  7.04944E-03  3.83456E+00 -2.16598E+00  2.61721E+01  2.00000E+01  2.66800E-01  2.66800E-01
b  13   30 13   31  99 -7.84744E-01  8.26127E+00  3.05180E+04  9.12121E+00  4.91238E-02  4.90200E+00  4.90200E+00
f  13    1 12    1  99  3.00000E+00  4.12000E+00
p  13    1 12    1  98 -1.78810E-01 -1.29670E+00 -1.36980E-01 -1.31870E-02  3.00000E+00  2.57100E+01  2.67000E+01  5.14000E+02
f  13    2 12    1  99  1.00000E+00  2.40060E+00
p  13    2 12    1  99  1.00000E+00  2.40060E+00
f  13    3 12    1  99  1.00000E+00  2.06360E+00
p  13    3 12    1  99  1.00000E+00  2.06360E+00
f  13    4 12    1  99  1.00000E+00  2.13800E+00
p  13    4 12    1  99  1.00000E+00  2.13800E+00
f  13    5 12    1  99  1.00000E+00  2.11000E+00
p  13    5 12    1  99  1.00000E+00  2.11000E+00
f  13    6 12    1  99  1.00000E+00  2.02820E+00
p  13    6 12    1  99  1.00000E+00  2.02820E+00
f  13    7 12    1  99  1.00000E+00  2.02420E+00
p  13    7 12    1  99  1.00000E+00  2.02420E+00
f  13    8 12    1  99  1.00000E+00  2.00120E+00
p  13    8 12    1  99  1.00000E+00  2.00120E+00
f  13    2 12    2  99  2.00000E+00  2.40060E+00
p  13    2 12    2  98 -1.78810E-01 -1.29670E+00 -1.36980E-01 -1.31870E-02  3.00000E+00  2.57100E+01  2.67000E+01  5.14000E+02
f  13    9 12    2  99  2.00000E+00  2.96110E+00
p  13    9 12    2  99  2.00000E+00  2.96110E+00
f  13   10 12    2  99  1.00000E+00  2.12320E+00
p  13   10 12    2  99  1.00000E+00  2.12320E+00
f  13   11 12    2  99  1.00000E+00  2.16000E+00
p  13   11 12    2  99  1.00000E+00  2.16000E+00
f  13   12 12    2  99  1.00000E+00  2.12100E+00
p  13   12 12    2  99  1.00000E+00  2.12100E+00
f  13   13 12    2  99  1.00000E+00  2.03520E+00
p  13   13 12    2  99  1.00000E+00  2.03520E+00
f  13   14 12    2  99  1.00000E+00  2.03020E+00
p  13   14 12    2  99  1.00000E+00  2.03020E+00
f  13   15 12    2  99  1.00000E+00  2.01110E+00
p  13   15 12    2  99  1.00000E+00  2.01110E+00
f  13    3 12    3  99  2.00000E+00  2.06360E+00
p  13    3 12    3  98 -1.78810E-01 -1.29670E+00 -1.36980E-01 -1.31870E-02  3.00000E+00  2.57100E+01  2.67000E+01  5.14000E+02
f  13   10 12    3  99  1.00000E+00  2.12320E+00
p  13   10 12    3  99  1.00000E+00  2.12320E+00
f  13    4 12    4  99  2.00000E+00  2.13800E+00
p  13    4 12    4  98 -1.78810E-01 -1.29670E+00 -1.36980E-01 -1.31870E-02  3.00000E+00  2.57100E+01  2.67000E+01  5.14000E+02
f  13   11 12    4  99  1.00000E+00  2.16000E+00
p  13   11 12    4  99  1.00000E+00  2.16000E+00
f  13    5 12    5  99  2.00000E+00  2.11000E+00
p  13    5 12    5  98 -1.78810E-01 -1.29670E+00 -1.36980E-01 -1.31870E-02  3.00000E+00  2.57100E+01  2.67000E+01  5.14000E+02
f  13   12 12    5  99  1.00000E+00  2.12100E+00
p  13   12 12    5  99  1.00000E+00  2.12100E+00
f  13    6 12    6  99  2.00000E+00  2.02820E+00
p  13    6 12    6  98 -1.78810E-01 -1.29670E+00 -1.36980E-01 -1.31870E-02  3.00000E+00  2.57100E+01  2.67000E+01  5.14000E+02
f  13   13 12    6  99  1.00000E+00  2.03520E+00
p  13   13 12    6  99  1.00000E+00  2.03520E+00
f  13    7 12    7  99  2.00000E+00  2.02420E+00
p  13    7 12    7  98 -1.78810E-01 -1.29670E+00 -1.36980E-01 -1.31870E-02  3.00000E+00  2.57100E+01  2.67000E+01  5.14000E+02
f  13   14 12    7  99  1.00000E+00  2.03020E+00
p  13   14 12    7  99  1.00000E+00  2.03020E+00
f  13    8 12    8  99  2.00000E+00  2.00120E+00
p  13    8 12    8  98 -1.78810E-01 -1.29670E+00 -1.36980E-01 -1.31870E-02  3.00000E+00  2.57100E+01  2.67000E+01  5.14000E+02
f  13   15 12    8  99  1.00000E+00  2.01110E+00
p  13   15 12    8  99  1.00000E+00  2.01110E+00
f  13    9 12    9  99  1.00000E+00  2.96110E+00
p  13    9 12    9  98 -1.78810E-01 -1.29670E+00 -1.36980E-01 -1.31870E-02  3.00000E+00  2.57100E+01  2.67000E+01  5.14000E+02
f  13   10 12   10  99  1.00000E+00  2.12320E+00
p  13   10 12   10  98 -1.78810E-01 -1.29670E+00 -1.36980E-01 -1.31870E-02  3.00000E+00  2.57100E+01  2.67000E+01  5.14000E+02
f  13   11 12   11  99  1.00000E+00  2.16000E+00
p  13   11 12   11  98 -1.78810E-01 -1.29670E+00 -1.36980E-01 -1.31870E-02  3.00000E+00  2.57100E+01  2.67000E+01  5.14000E+02
f  13   12 12   12  99  1.00000E+00  2.12100E+00
p  13   12 12   12  98 -1.78810E-01 -1.29670E+00 -1.36980E-01 -1.31870E-02  3.00000E+00  2.57100E+01  2.67000E+01  5.14000E+02
f  13   13 12   13  99  1.00000E+00  2.03520E+00
p  13   13 12   13  98 -1.78810E-01 -1.29670E+00 -1.36980E-01 -1.31870E-02  3.00000E+00  2.57100E+01  2.67000E+01  5.14000E+02
f  13   14 12   14  99  1.00000E+00  2.03020E+00
p  13   14 12   14  98 -1.78810E-01 -1.29670E+00 -1.36980E-01 -1.31870E-02  3.00000E+00  2.57100E+01  2.67000E+01  5.14000E+02
f  13   15 12   15  99  1.00000E+00  2.01110E+00
p  13   15 12   15  98 -1.78810E-01 -1.29670E+00 -1.36980E-01 -1.31870E-02  3.00000E+00  2.57100E+01  2.67000E+01  5.14000E+02
f  13    1 12   16  99  8.00000E+00  4.12000E+00
p  13    1 12   16  98  1.96040E+00 -1.89840E+00 -3.23980E-01  4.01920E-02  8.00000E+00  1.69500E+02  1.76300E+02  3.39000E+03
f  13   16 12   16  99  4.00000E+00  4.68400E+00
p  13   16 12   16  98 -1.78810E-01 -1.29670E+00 -1.36980E-01 -1.31870E-02  3.00000E+00  2.57100E+01  2.67000E+01  5.14000E+02
f  13   17 12   16  99  1.00000E+00  2.45730E+00
p  13   17 12   16  99  1.00000E+00  2.45730E+00
f  13   18 12   16  99  1.00000E+00  2.08190E+00
p  13   18 12   16  99  1.00000E+00  2.08190E+00
f  13   19 12   16  99  1.00000E+00  2.14400E+00
p  13   19 12   16  99  1.00000E+00  2.14400E+00
f  13   20 12   16  99  1.00000E+00  2.11400E+00
p  13   20 12   16  99  1.00000E+00  2.11400E+00
f  13   21 12   16  99  1.00000E+00  2.03720E+00
p  13   21 12   16  99  1.00000E+00  2.03720E+00
f  13   22 12   16  99  1.00000E+00  2.03120E+00
p  13   22 12   16  99  1.00000E+00  2.03120E+00
f  13   23 12   16  99  1.00000E+00  2.00120E+00
p  13   23 12   16  99  1.00000E+00  2.00120E+00
f  13    2 12   17  99  8.00000E+00  2.40060E+00
p  13    2 12   17  98  1.96040E+00 -1.89840E+00 -3.23980E-01  4.01920E-02  8.00000E+00  1.69500E+02  1.76300E+02  3.39000E+03
f  13   17 12   17  99  3.00000E+00  2.45730E+00
p  13   17 12   17  98 -1.78810E-01 -1.29670E+00 -1.36980E-01 -1.31870E-02  3.00000E+00  2.57100E+01  2.67000E+01  5.14000E+02
f  13    3 12   18  99  8.00000E+00  2.06360E+00
p  13    3 12   18  98  1.96040E+00 -1.89840E+00 -3.23980E-01  4.01920E-02  8.00000E+00  1.69500E+02  1.76300E+02  3.39000E+03
f  13   18 12   18  99  3.00000E+00  2.08190E+00
p  13   18 12   18  98 -1.78810E-01 -1.29670E+00 -1.36980E-01 -1.31870E-02  3.00000E+00  2.57100E+01  2.67000E+01  5.14000E+02
f  13    4 12   19  99  8.00000E+00  2.13800E+00
p  13    4 12   19  98  1.96040E+00 -1.89840E+00 -3.23980E-01  4.01920E-02  8.00000E+00  1.69500E+02  1.76300E+02  3.39000E+03
f  13   19 12   19  99  3.00000E+00  2.14400E+00
p  13   19 12   19  98 -1.78810E-01 -1.29670E+00 -1.36980E-01 -1.31870E-02  3.00000E+00  2.57100E+01  2.67000E+01  5.14000E+02
f  13    5 12   20  99  8.00000E+00  2.11000E+00
p  13    5 12   20  98  1.96040E+00 -1.89840E+00 -3.23980E-01  4.01920E-02  8.00000E+00  1.69500E+02  1.76300E+02  3.39000E+03
f  13   20 12   20  99  3.00000E+00  2.11400E+00
p  13   20 12   20  98 -1.78810E-01 -1.29670E+00 -1.36980E-01 -1.31870E-02  3.00000E+00  2.57100E+01  2.67000E+01  5.14000E+02
f  13    6 12   21  99  8.00000E+00  2.02820E+00
p  13    6 12   21  98  1.96040E+00 -1.89840E+00 -3.23980E-01  4.01920E-02  8.00000E+00  1.69500E+02  1.76300E+02  3.39000E+03
f  13   21 12   21  99  3.00000E+00  2.03720E+00
p  13   21 12   21  98 -1.78810E-01 -1.29670E+00 -1.36980E-01 -1.31870E-02  3.00000E+00  2.57100E+01  2.67000E+01  5.14000E+02
f  13    7 12   22  99  8.00000E+00  2.02420E+00
p  13    7 12   22  98  1.96040E+00 -1.89840E+00 -3.23980E-01  4.01920E-02  8.00000E+00  1.69500E+02  1.76300E+02  3.39000E+03
f  13   22 12   22  99  3.00000E+00  2.03120E+00
p  13   22 12   22  98 -1.78810E-01 -1.29670E+00 -1.36980E-01 -1.31870E-02  3.00000E+00  2.57100E+01  2.67000E+01  5.14000E+02
f  13    8 12   23  99  8.00000E+00  2.00120E+00
p  13    8 12   23  98  1.96040E+00 -1.89840E+00 -3.23980E-01  4.01920E-02  8.00000E+00  1.69500E+02  1.76300E+02  3.39000E+03
f  13   23 12   23  99  3.00000E+00  2.00120E+00
p  13   23 12   23  98 -1.78810E-01 -1.29670E+00 -1.36980E-01 -1.31870E-02  3.00000E+00  2.57100E+01  2.67000E+01  5.14000E+02
f  13    1 12   24  99  2.00000E+00  4.12000E+00
p  13    1 12   24  98  2.27240E+00 -2.44730E+00 -1.93090E-01  1.68700E-02  2.00000E+00  1.84800E+03  1.92200E+03  3.69600E+04
f  13   24 12   24  99  4.00000E+00  4.76400E+00
p  13   24 12   24  98 -1.78810E-01 -1.29670E+00 -1.36980E-01 -1.31870E-02  3.00000E+00  2.57100E+01  2.67000E+01  5.14000E+02
f  13   25 12   24  99  1.00000E+00  2.48050E+00
p  13   25 12   24  99  1.00000E+00  2.48050E+00
f  13   26 12   24  99  1.00000E+00  2.08100E+00
p  13   26 12   24  99  1.00000E+00  2.08100E+00
f  13   27 12   24  99  1.00000E+00  2.15300E+00
p  13   27 12   24  99  1.00000E+00  2.15300E+00
f  13   28 12   24  99  1.00000E+00  2.12300E+00
p  13   28 12   24  99  1.00000E+00  2.12300E+00
f  13   29 12   24  99  1.00000E+00  2.03810E+00
p  13   29 12   24  99  1.00000E+00  2.03810E+00
f  13   30 12   24  99  1.00000E+00  2.03210E+00
p  13   30 12   24  99  1.00000E+00  2.03210E+00
f  13   31 12   24  99  1.00000E+00  2.00120E+00
p  13   31 12   24  99  1.00000E+00  2.00120E+00
f  13    2 12   25  99  2.00000E+00  2.40060E+00
p  13    2 12   25  98  2.27240E+00 -2.44730E+00 -1.93090E-01  1.68700E-02  2.00000E+00  1.84800E+03  1.92200E+03  3.69600E+04
f  13   25 12   25  99  3.00000E+00  2.48050E+00
p  13   25 12   25  98 -1.78810E-01 -1.29670E+00 -1.36980E-01 -1.31870E-02  3.00000E+00  2.57100E+01  2.67000E+01  5.14000E+02
f  13    3 12   26  99  2.00000E+00  2.06360E+00
p  13    3 12   26  98  2.27240E+00 -2.44730E+00 -1.93090E-01  1.68700E-02  2.00000E+00  1.84800E+03  1.92200E+03  3.69600E+04
f  13   26 12   26  99  3.00000E+00  2.08100E+00
p  13   26 12   26  98 -1.78810E-01 -1.29670E+00 -1.36980E-01 -1.31870E-02  3.00000E+00  2.57100E+01  2.67000E+01  5.14000E+02
f  13    4 12   27  99  2.00000E+00  2.13800E+00
p  13    4 12   27  98  2.27240E+00 -2.44730E+00 -1.93090E-01  1.68700E-02  2.00000E+00  1.84800E+03  1.92200E+03  3.69600E+04
f  13   27 12   27  99  3.00000E+00  2.15300E+00
p  13   27 12   27  98 -1.78810E-01 -1.29670E+00 -1.36980E-01 -1.31870E-02  3.00000E+00  2.57100E+01  2.67000E+01  5.14000E+02
f  13    5 12   28  99  2.00000E+00  2.11000E+00
p  13    5 12   28  98  2.27240E+00 -2.44730E+00 -1.93090E-01  1.68700E-02  2.00000E+00  1.84800E+03  1.92200E+03  3.69600E+04
f  13   28 12   28  99  3.00000E+00  2.12300E+00
p  13   28 12   28  98 -1.78810E-01 -1.29670E+00 -1.36980E-01 -1.31870E-02  3.00000E+00  2.57100E+01  2.67000E+01  5.14000E+02
f  13    6 12   29  99  2.00000E+00  2.02820E+00
p  13    6 12   29  98  2.27240E+00 -2.44730E+00 -1.93090E-01  1.68700E-02  2.00000E+00  1.84800E+03  1.92200E+03  3.69600E+04
f  13   29 12   29  99  3.00000E+00  2.03810E+00
p  13   29 12   29  98 -1.78810E-01 -1.29670E+00 -1.36980E-01 -1.31870E-02  3.00000E+00  2.57100E+01  2.67000E+01  5.14000E+02
f  13    7 12   30  99  2.00000E+00  2.02420E+00
p  13    7 12   30  98  2.27240E+00 -2.44730E+00 -1.93090E-01  1.68700E-02  2.00000E+00  1.84800E+03  1.92200E+03  3.69600E+04
f  13   30 12   30  99  3.00000E+00  2.03210E+00
p  13   30 12   30  98 -1.78810E-01 -1.29670E+00 -1.36980E-01 -1.31870E-02  3.00000E+00  2.57100E+01  2.67000E+01  5.14000E+02
f  13    8 12   31  99  2.00000E+00  2.00120E+00
p  13    8 12   31  98  2.27240E+00 -2.44730E+00 -1.93090E-01  1.68700E-02  2.00000E+00  1.84800E+03  1.92200E+03  3.69600E+04
f  13   31 12   31  99  3.00000E+00  2.00120E+00
p  13   31 12   31  98 -1.78810E-01 -1.29670E+00 -1.36980E-01 -1.31870E-02  3.00000E+00  2.57100E+01  2.67000E+01  5.14000E+02
a  13    9 12    1   3.15199E+13
a  13   10 12    1   5.03719E+13
a  13   11 12    1   2.36215E+13
a  13   12 12    1   1.09286E+13
a  13   13 12    1   5.60528E+12
a  13   14 12    1   3.11067E+12
a  13   15 12    1   1.83680E+12
a  13   16 12    1   8.63685E+12
a  13   17 12    1   4.38514E+11
a  13   18 12    1   1.16348E+11
a  13   19 12    1   4.16880E+10
a  13   20 12    1   1.92870E+10
a  13   21 12    1   9.89280E+09
a  13   22 12    1   5.48978E+09
a  13   23 12    1   3.24169E+09
a  13   24 12    1   1.20510E+11
a  13   25 12    1   5.28750E+09
a  13   26 12    1   1.30982E+09
a  13   27 12    1   4.49865E+08
a  13   28 12    1   2.08140E+08
a  13   29 12    1   1.06755E+08
a  13   30 12    1   5.92425E+07
a  13   31 12    1   3.49815E+07
a  13   17 12    2   4.31842E+12
a  13   25 12    2   6.02550E+10
a  13   18 12    3   4.31842E+12
a  13   26 12    3   6.02550E+10
a  13   19 12    4   4.31842E+12
a  13   27 12    4   6.02550E+10
a  13   20 12    5   4.31842E+12
a  13   28 12    5   6.02550E+10
a  13   21 12    6   4.31842E+12
a  13   29 12    6   6.02550E+10
a  13   22 12    7   4.31842E+12
a  13   30 12    7   6.02550E+10
a  13   23 12    8   4.31842E+12
a  13   31 12    8   6.02550E+10
a  13   24 12   16   1.86368E+13
a  13   25 12   16   4.32640E+11
a  13   26 12   16   1.07344E+11
a  13   27 12   16   3.69144E+10
a  13   28 12   16   1.70788E+10
a  13   29 12   16   8.76000E+09
a  13   30 12   16   4.86120E+09
a  13   31 12   16   2.87044E+09
a  13   25 12   17   1.39776E+13
a  13   26 12   18   1.39776E+13
a  13   27 12   19   1.39776E+13
a  13   28 12   20   1.39776E+13
a  13   29 12   21   1.39776E+13
a  13   30 12   22   1.39776E+13
a  13   31 12   23   1.39776E+13
b  14    1 14    2  99  8.73427E-02  1.11274E-01 -1.44365E-01  1.22892E-02  4.96578E-01  3.16720E+00  3.16720E+00
b  14    1 14    3  99  6.59054E-02  6.39546E-02 -7.69886E-02  8.19526E-03  4.10611E-01  8.02800E-01  8.02800E-01
b  14    2 14    3  99  2.71637E-01  1.33460E-01 -1.17445E+00  2.85087E+00  2.76912E+00  8.58100E-01  8.58100E-01
b  14    1 14    4  99  5.69383E-01  2.64515E-01  3.21501E+00 -1.57438E+02  2.00000E+01  6.83600E-02  6.83600E-02
b  14    2 14    4  99  2.68487E-01  8.82206E-01 -1.73041E+00  4.14915E-02  1.04081E+00  1.16800E-01  1.16800E-01
b  14    3 14    4  99  2.79385E-01  1.17849E-01 -1.09482E+00  2.38773E+00  2.07145E+00  1.06000E+00  1.06000E+00
b  14    1 14    5  99  5.97391E-01  4.15301E-01 -2.27165E+00  3.48856E+00  2.91496E+00  3.81600E-02  3.81600E-02
b  14    2 14    5  99  3.16657E-01  1.56716E+00 -2.47149E+00  5.08324E-02  6.30036E-01  4.14200E-02  4.14200E-02
b  14    3 14    5  99  3.13297E-01  9.20538E-01 -2.16783E+00  5.88853E-02  1.42272E+00  1.65900E-01  1.65900E-01
b  14    4 14    5  99  3.03577E-01 -1.04639E-01  7.69138E-02 -1.10134E-02 -5.48536E-01  1.44900E+00  1.44900E+00
b  14    1 14    6  99  2.08082E+03  1.48233E+05 -7.05687E+06  8.28172E+07  2.00000E+01  2.37520E-02  2.37520E-02
b  14    2 14    6  99  1.04313E+03  3.58213E+04 -1.24250E+06  1.04817E+07  1.34893E+01  2.09300E-02  2.09300E-02
b  14    3 14    6  99 -8.11319E+01  1.39547E+03 -1.51123E+04  4.00910E+04  5.22043E+00  5.65400E-02  5.65400E-02
b  14    4 14    6  99  2.27025E-01  3.21845E+01 -7.65753E+01  4.47358E+01 -7.75155E-02  2.11700E-01  2.11700E-01
b  14    5 14    6  99  3.72030E+00 -1.19538E+01  7.04395E+01 -3.81876E+01  4.35479E+00  1.07400E+00  1.07400E+00
b  14    1 14    7  99  6.35471E-01  4.12783E-01 -2.27853E+00  3.66787E+00  2.38279E+00  1.59920E-02  1.59920E-02
b  14    2 14    7  99  3.04266E-01  1.79984E+00 -2.34519E+00  4.69736E-02  3.52132E-01  1.24700E-02  1.24700E-02
b  14    3 14    7  99  3.24829E-01  1.93451E+00 -2.87177E+00  5.98987E-02  5.29429E-01  2.60400E-02  2.60400E-02
b  14    4 14    7  99  9.47950E-01 -2.24184E+00  9.06979E+01 -8.90952E+02  2.00000E+01  7.09700E-02  7.09700E-02
b  14    5 14    7  99  1.28818E+00 -2.15271E+00  6.10807E+00  1.11194E-01  1.85490E+00  2.58100E-01  2.58100E-01
b  14    6 14    7  99  2.25834E-01  5.87606E+00 -3.04835E+02  3.80882E+03  2.00000E+01  1.84400E+00  1.84400E+00
b  14    1 14    8  99  6.98917E-01  2.02574E-01  8.84104E+00 -2.42250E+02  2.00000E+01  1.12840E-02  1.12840E-02
b  14    2 14    8  99  2.79105E-01  1.88607E+00 -2.27466E+00  4.51811E-02  2.56135E-01  8.13500E-03  8.13500E-03
b  14    3 14    8  99  3.15300E-01  2.19164E+00 -2.91258E+00  2.83999E-02  3.84578E-01  1.50000E-02  1.50000E-02
b  14    4 14    8  99  1.03528E+00 -2.93467E+00  1.43307E+02 -1.66766E+03  2.00000E+01  3.27000E-02  3.27000E-02
b  14    5 14    8  99  3.94353E+00 -9.63857E+00  3.54518E+01 -8.11173E+00  2.44303E+00  8.07800E-02  8.07800E-02
b  14    6 14    8  99  5.73883E-01  1.17387E+01 -6.11011E+02  7.65020E+03  2.00000E+01  2.70600E-01  2.70600E-01
b  14    7 14    8  99  3.51772E-02  1.17539E+00 -5.95791E+01  7.32623E+02  2.00000E+01  6.33100E+00  6.33100E+00
b  14    1 14    9  98  0.00000E+00  0.00000E+00  0.00000E+00  0.00000E+00  0.00000E+00  3.94300E-02  7.88600E-04
b  14    2 14    9  99  8.73427E-02  1.11274E-01 -1.44365E-01  1.22892E-02  4.96578E-01  2.30117E+00  2.30117E+00
b  14    1 14   10  98  0.00000E+00  0.00000E+00  0.00000E+00  0.00000E+00  0.00000E+00  5.80098E-02  1.16020E-03
b  14    2 14   10  99  6.59054E-02  6.39546E-02 -7.69886E-02  8.19526E-03  4.10611E-01  6.02100E-01  6.02100E-01
b  14    3 14   10  99  8.73427E-02  1.11274E-01 -1.44365E-01  1.22892E-02  4.96578E-01  2.37540E+00  2.37540E+00
b  14    9 14   10  99  2.71637E-01  1.33460E-01 -1.17445E+00  2.85087E+00  2.76912E+00  1.71620E+00  1.71620E+00
b  14    1 14   11  98  0.00000E+00  0.00000E+00  0.00000E+00  0.00000E+00  0.00000E+00  8.26672E-02  1.65334E-03
b  14    2 14   11  99  5.69383E-01  2.64515E-01  3.21501E+00 -1.57438E+02  2.00000E+01  5.12700E-02  5.12700E-02
b  14    4 14   11  99  8.73427E-02  1.11274E-01 -1.44365E-01  1.22892E-02  4.96578E-01  2.37540E+00  2.37540E+00
b  14    9 14   11  99  2.68487E-01  8.82206E-01 -1.73041E+00  4.14915E-02  1.04081E+00  2.33600E-01  2.33600E-01
b  14   10 14   11  99  2.79385E-01  1.17849E-01 -1.09482E+00  2.38773E+00  2.07145E+00  1.06000E+00  1.06000E+00
b  14    1 14   12  98  0.00000E+00  0.00000E+00  0.00000E+00  0.00000E+00  0.00000E+00  1.10831E-01  2.21661E-03
b  14    2 14   12  99  5.97391E-01  4.15301E-01 -2.27165E+00  3.48856E+00  2.91496E+00  2.86200E-02  2.86200E-02
b  14    5 14   12  99  8.73427E-02  1.11274E-01 -1.44365E-01  1.22892E-02  4.96578E-01  2.37540E+00  2.37540E+00
b  14    9 14   12  99  3.16657E-01  1.56716E+00 -2.47149E+00  5.08324E-02  6.30036E-01  8.28400E-02  8.28400E-02
b  14   10 14   12  99  3.13297E-01  9.20538E-01 -2.16783E+00  5.88853E-02  1.42272E+00  1.65900E-01  1.65900E-01
b  14   11 14   12  99  3.03577E-01 -1.04639E-01  7.69138E-02 -1.10134E-02 -5.48536E-01  1.44900E+00  1.44900E+00
b  14    1 14   13  98  0.00000E+00  0.00000E+00  0.00000E+00  0.00000E+00  0.00000E+00  1.42996E-01  2.85993E-03
b  14    2 14   13  99  2.08082E+03  1.48233E+05 -7.05687E+06  8.28172E+07  2.00000E+01  1.78140E-02  1.78140E-02
b  14    6 14   13  99  8.73427E-02  1.11274E-01 -1.44365E-01  1.22892E-02  4.96578E-01  2.37540E+00  2.37540E+00
b  14    9 14   13  99  1.04313E+03  3.58213E+04 -1.24250E+06  1.04817E+07  1.34893E+01  4.18600E-02  4.18600E-02
b  14   10 14   13  99 -8.11319E+01  1.39547E+03 -1.51123E+04  4.00910E+04  5.22043E+00  5.65400E-02  5.65400E-02
b  14   11 14   13  99  2.27025E-01  3.21845E+01 -7.65753E+01  4.47358E+01 -7.75155E-02  2.11700E-01  2.11700E-01
b  14   12 14   13  99  3.72030E+00 -1.19538E+01  7.04395E+01 -3.81876E+01  4.35479E+00  1.07400E+00  1.07400E+00
b  14    1 14   14  98  0.00000E+00  0.00000E+00  0.00000E+00  0.00000E+00  0.00000E+00  1.80065E-01  3.60130E-03
b  14    2 14   14  99  6.35471E-01  4.12783E-01 -2.27853E+00  3.66787E+00  2.38279E+00  1.19940E-02  1.19940E-02
b  14    7 14   14  99  8.73427E-02  1.11274E-01 -1.44365E-01  1.22892E-02  4.96578E-01  2.37540E+00  2.37540E+00
b  14    9 14   14  99  3.04266E-01  1.79984E+00 -2.34519E+00  4.69736E-02  3.52132E-01  2.49400E-02  2.49400E-02
b  14   10 14   14  99  3.24829E-01  1.93451E+00 -2.87177E+00  5.98987E-02  5.29429E-01  2.60400E-02  2.60400E-02
b  14   11 14   14  99  9.47950E-01 -2.24184E+00  9.06979E+01 -8.90952E+02  2.00000E+01  7.09700E-02  7.09700E-02
b  14   12 14   14  99  1.28818E+00 -2.15271E+00  6.10807E+00  1.11194E-01  1.85490E+00  2.58100E-01  2.58100E-01
b  14   13 14   14  99  2.25834E-01  5.87606E+00 -3.04835E+02  3.80882E+03  2.00000E+01  1.84400E+00  1.84400E+00
b  14    1 14   15  98  0.00000E+00  0.00000E+00  0.00000E+00  0.00000E+00  0.00000E+00  2.21329E-01  4.42658E-03
b  14    2 14   15  99  6.98917E-01  2.02574E-01  8.84104E+00 -2.42250E+02  2.00000E+01  8.46300E-03  8.46300E-03
b  14    8 14   15  99  8.73427E-02  1.11274E-01 -1.44365E-01  1.22892E-02  4.96578E-01  2.37540E+00  2.37540E+00
b  14    9 14   15  99  2.79105E-01  1.88607E+00 -2.27466E+00  4.51811E-02  2.56135E-01  1.62700E-02  1.62700E-02
b  14   10 14   15  99  3.15300E-01  2.19164E+00 -2.91258E+00  2.83999E-02  3.84578E-01  1.50000E-02  1.50000E-02
b  14   11 14   15  99  1.03528E+00 -2.93467E+00  1.43307E+02 -1.66766E+03  2.00000E+01  3.27000E-02  3.27000E-02
b  14   12 14   15  99  3.94353E+00 -9.63857E+00  3.54518E+01 -8.11173E+00  2.44303E+00  8.07800E-02  8.07800E-02
b  14   13 14   15  99  5.73883E-01  1.17387E+01 -6.11011E+02  7.65020E+03  2.00000E+01  2.70600E-01  2.70600E-01
b  14   14 14   15  99  3.51772E-02  1.17539E+00 -5.95791E+01  7.32623E+02  2.00000E+01  6.33100E+00  6.33100E+00
b  14    1 14   16  99  7.50880E-01  1.59784E-01 -1.51135E-02  6.02889E-05 -8.00000E-01  1.07147E-01  1.07147E-01
b  14    1 14   17  99  1.24255E+00 -1.76181E-01  1.69358E-01 -2.82115E-02 -8.00000E-01  1.54960E-02  1.54960E-02
b  14    2 14   17  99  7.50880E-01  1.59784E-01 -1.51135E-02  6.02889E-05 -8.00000E-01  1.14800E-01  1.14800E-01
b  14   16 14   17  99  8.73427E-02  1.11274E-01 -1.44365E-01  1.22892E-02  4.96578E-01  3.95900E+00  3.95900E+00
b  14    1 14   18  99  1.13290E+00 -1.45221E-01  1.48177E-01 -2.48549E-02 -8.00000E-01  6.17760E-03  6.17760E-03
b  14    3 14   18  99  7.50880E-01  1.59784E-01 -1.51135E-02  6.02889E-05 -8.00000E-01  1.14800E-01  1.14800E-01
b  14   16 14   18  99  6.59054E-02  6.39546E-02 -7.69886E-02  8.19526E-03  4.10611E-01  1.00350E+00  1.00350E+00
b  14   17 14   18  99  2.71637E-01  1.33460E-01 -1.17445E+00  2.85087E+00  2.76912E+00  8.58100E-01  8.58100E-01
b  14    1 14   19  99  1.38422E+00 -2.61516E-01  2.24005E-01 -3.71784E-02 -8.00000E-01  2.64640E-03  2.64640E-03
b  14    4 14   19  99  7.50880E-01  1.59784E-01 -1.51135E-02  6.02889E-05 -8.00000E-01  1.14800E-01  1.14800E-01
b  14   16 14   19  99  5.69383E-01  2.64515E-01  3.21501E+00 -1.57438E+02  2.00000E+01  8.54500E-02  8.54500E-02
b  14   17 14   19  99  2.68487E-01  8.82206E-01 -1.73041E+00  4.14915E-02  1.04081E+00  1.16800E-01  1.16800E-01
b  14   18 14   19  99  2.79385E-01  1.17849E-01 -1.09482E+00  2.38773E+00  2.07145E+00  1.06000E+00  1.06000E+00
b  14    1 14   20  99  1.35992E+00 -2.90625E-01  2.35188E-01 -3.87493E-02 -8.00000E-01  1.56000E-03  1.56000E-03
b  14    5 14   20  99  7.50880E-01  1.59784E-01 -1.51135E-02  6.02889E-05 -8.00000E-01  1.14800E-01  1.14800E-01
b  14   16 14   20  99  5.97391E-01  4.15301E-01 -2.27165E+00  3.48856E+00  2.91496E+00  4.77000E-02  4.77000E-02
b  14   17 14   20  99  3.16657E-01  1.56716E+00 -2.47149E+00  5.08324E-02  6.30036E-01  4.14200E-02  4.14200E-02
b  14   18 14   20  99  3.13297E-01  9.20538E-01 -2.16783E+00  5.88853E-02  1.42272E+00  1.65900E-01  1.65900E-01
b  14   19 14   20  99  3.03577E-01 -1.04639E-01  7.69138E-02 -1.10134E-02 -5.48536E-01  1.44900E+00  1.44900E+00
b  14    1 14   21  99  7.39139E+03  5.45126E+05 -2.59011E+07  3.03504E+08  2.00000E+01  1.00080E-03  1.00080E-03
b  14    6 14   21  99  7.50880E-01  1.59784E-01 -1.51135E-02  6.02889E-05 -8.00000E-01  1.14800E-01  1.14800E-01
b  14   16 14   21  99  2.08082E+03  1.48233E+05 -7.05687E+06  8.28172E+07  2.00000E+01  2.96900E-02  2.96900E-02
b  14   17 14   21  99  1.04313E+03  3.58213E+04 -1.24250E+06  1.04817E+07  1.34893E+01  2.09300E-02  2.09300E-02
b  14   18 14   21  99 -8.11319E+01  1.39547E+03 -1.51123E+04  4.00910E+04  5.22043E+00  5.65400E-02  5.65400E-02
b  14   19 14   21  99  2.27025E-01  3.21845E+01 -7.65753E+01  4.47358E+01 -7.75155E-02  2.11700E-01  2.11700E-01
b  14   20 14   21  99  3.72030E+00 -1.19538E+01  7.04395E+01 -3.81876E+01  4.35479E+00  1.07400E+00  1.07400E+00
b  14    1 14   22  99  1.25937E+00 -2.52152E-01  2.09487E-01 -3.45839E-02 -8.00000E-01  6.81520E-04  6.81520E-04
b  14    7 14   22  99  7.50880E-01  1.59784E-01 -1.51135E-02  6.02889E-05 -8.00000E-01  1.14800E-01  1.14800E-01
b  14   16 14   22  99  6.35471E-01  4.12783E-01 -2.27853E+00  3.66787E+00  2.38279E+00  1.99900E-02  1.99900E-02
b  14   17 14   22  99  3.04266E-01  1.79984E+00 -2.34519E+00  4.69736E-02  3.52132E-01  1.24700E-02  1.24700E-02
b  14   18 14   22  99  3.24829E-01  1.93451E+00 -2.87177E+00  5.98987E-02  5.29429E-01  2.60400E-02  2.60400E-02
b  14   19 14   22  99  9.47950E-01 -2.24184E+00  9.06979E+01 -8.90952E+02  2.00000E+01  7.09700E-02  7.09700E-02
b  14   20 14   22  99  1.28818E+00 -2.15271E+00  6.10807E+00  1.11194E-01  1.85490E+00  2.58100E-01  2.58100E-01
b  14   21 14   22  99  2.25834E-01  5.87606E+00 -3.04835E+02  3.80882E+03  2.00000E+01  1.84400E+00  1.84400E+00
b  14    1 14   23  99  1.34099E+00 -3.10729E-01  2.43583E-01 -3.99893E-02 -8.00000E-01  4.84960E-04  4.84960E-04
b  14    8 14   23  99  7.50880E-01  1.59784E-01 -1.51135E-02  6.02889E-05 -8.00000E-01  1.14800E-01  1.14800E-01
b  14   16 14   23  99  6.98917E-01  2.02574E-01  8.84104E+00 -2.42250E+02  2.00000E+01  1.41050E-02  1.41050E-02
b  14   17 14   23  99  2.79105E-01  1.88607E+00 -2.27466E+00  4.51811E-02  2.56135E-01  8.13500E-03  8.13500E-03
b  14   18 14   23  99  3.15300E-01  2.19164E+00 -2.91258E+00  2.83999E-02  3.84578E-01  1.50000E-02  1.50000E-02
b  14   19 14   23  99  1.03528E+00 -2.93467E+00  1.43307E+02 -1.66766E+03  2.00000E+01  3.27000E-02  3.27000E-02
b  14   20 14   23  99  3.94353E+00 -9.63857E+00  3.54518E+01 -8.11173E+00  2.44303E+00  8.07800E-02  8.07800E-02
b  14   21 14   23  99  5.73883E-01  1.17387E+01 -6.11011E+02  7.65020E+03  2.00000E+01  2.70600E-01  2.70600E-01
b  14   22 14   23  99  3.51772E-02  1.17539E+00 -5.95791E+01  7.32623E+02  2.00000E+01  6.33100E+00  6.33100E+00
b  14    1 14   24  99  4.79245E-01 -1.10984E-01 -6.84647E-01  4.49771E+00  2.69648E+00  1.44418E-02  1.44418E-02
b  14   16 14   24  99  3.82530E-01 -2.14023E-01  2.79754E-01 -8.15480E-02 -2.73847E-01  5.64000E-02  5.64000E-02
b  14    1 14   25  99  4.02001E-01 -1.55888E-01  2.28720E-01 -7.28233E-02 -3.44315E-01  2.00800E-03  2.00800E-03
b  14    2 14   25  99  4.79245E-01 -1.10984E-01 -6.84647E-01  4.49771E+00  2.69648E+00  1.54733E-02  1.54733E-02
b  14   17 14   25  99  3.82530E-01 -2.14023E-01  2.79754E-01 -8.15480E-02 -2.73847E-01  5.64000E-02  5.64000E-02
b  14   24 14   25  99  8.73427E-02  1.11274E-01 -1.44365E-01  1.22892E-02  4.96578E-01  3.95900E+00  3.95900E+00
b  14    1 14   26  99  4.24735E-01 -1.26252E-01 -4.15186E-01  3.68898E+00  2.71228E+00  7.20600E-04  7.20600E-04
b  14    3 14   26  99  4.79245E-01 -1.10984E-01 -6.84647E-01  4.49771E+00  2.69648E+00  1.54733E-02  1.54733E-02
b  14   18 14   26  99  3.82530E-01 -2.14023E-01  2.79754E-01 -8.15480E-02 -2.73847E-01  5.64000E-02  5.64000E-02
b  14   24 14   26  99  6.59054E-02  6.39546E-02 -7.69886E-02  8.19526E-03  4.10611E-01  1.00350E+00  1.00350E+00
b  14   25 14   26  99  2.71637E-01  1.33460E-01 -1.17445E+00  2.85087E+00  2.76912E+00  8.58100E-01  8.58100E-01
b  14    1 14   27  99  4.84114E-01 -5.90785E-02 -1.08089E+00  5.12493E+00  2.63297E+00  3.15200E-04  3.15200E-04
b  14    4 14   27  99  4.79245E-01 -1.10984E-01 -6.84647E-01  4.49771E+00  2.69648E+00  1.54733E-02  1.54733E-02
b  14   19 14   27  99  3.82530E-01 -2.14023E-01  2.79754E-01 -8.15480E-02 -2.73847E-01  5.64000E-02  5.64000E-02
b  14   24 14   27  99  5.69383E-01  2.64515E-01  3.21501E+00 -1.57438E+02  2.00000E+01  8.54500E-02  8.54500E-02
b  14   25 14   27  99  2.68487E-01  8.82206E-01 -1.73041E+00  4.14915E-02  1.04081E+00  1.16800E-01  1.16800E-01
b  14   26 14   27  99  2.79385E-01  1.17849E-01 -1.09482E+00  2.38773E+00  2.07145E+00  1.06000E+00  1.06000E+00
b  14    1 14   28  99  4.58935E-01 -5.13542E-02 -1.06082E+00  4.89484E+00  2.61524E+00  1.74640E-04  1.74640E-04
b  14    5 14   28  99  4.79245E-01 -1.10984E-01 -6.84647E-01  4.49771E+00  2.69648E+00  1.54733E-02  1.54733E-02
b  14   20 14   28  99  3.82530E-01 -2.14023E-01  2.79754E-01 -8.15480E-02 -2.73847E-01  5.64000E-02  5.64000E-02
b  14   24 14   28  99  5.97391E-01  4.15301E-01 -2.27165E+00  3.48856E+00  2.91496E+00  4.77000E-02  4.77000E-02
b  14   25 14   28  99  3.16657E-01  1.56716E+00 -2.47149E+00  5.08324E-02  6.30036E-01  4.14200E-02  4.14200E-02
b  14   26 14   28  99  3.13297E-01  9.20538E-01 -2.16783E+00  5.88853E-02  1.42272E+00  1.65900E-01  1.65900E-01
b  14   27 14   28  99  3.03577E-01 -1.04639E-01  7.69138E-02 -1.10134E-02 -5.48536E-01  1.44900E+00  1.44900E+00
b  14    1 14   29  99  1.60299E+01  9.50554E+02 -4.60951E+04  5.48757E+05  2.00000E+01  1.06840E-04  1.06840E-04
b  14    6 14   29  99  4.79245E-01 -1.10984E-01 -6.84647E-01  4.49771E+00  2.69648E+00  1.54733E-02  1.54733E-02
b  14   21 14   29  99  3.82530E-01 -2.14023E-01  2.79754E-01 -8.15480E-02 -2.73847E-01  5.64000E-02  5.64000E-02
b  14   24 14   29  99  2.08082E+03  1.48233E+05 -7.05687E+06  8.28172E+07  2.00000E+01  2.96900E-02  2.96900E-02
b  14   25 14   29  99  1.04313E+03  3.58213E+04 -1.24250E+06  1.04817E+07  1.34893E+01  2.09300E-02  2.09300E-02
b  14   26 14   29  99 -8.11319E+01  1.39547E+03 -1.51123E+04  4.00910E+04  5.22043E+00  5.65400E-02  5.65400E-02
b  14   27 14   29  99  2.27025E-01  3.21845E+01 -7.65753E+01  4.47358E+01 -7.75155E-02  2.11700E-01  2.11700E-01
b  14   28 14   29  99  3.72030E+00 -1.19538E+01  7.04395E+01 -3.81876E+01  4.35479E+00  1.07400E+00  1.07400E+00
b  14    1 14   30  99  4.30939E-01 -3.85140E-02 -1.05317E+00  4.62854E+00  2.58623E+00  7.00800E-05  7.00800E-05
b  14    7 14   30  99  4.79245E-01 -1.10984E-01 -6.84647E-01  4.49771E+00  2.69648E+00  1.54733E-02  1.54733E-02
b  14   22 14   30  99  3.82530E-01 -2.14023E-01  2.79754E-01 -8.15480E-02 -2.73847E-01  5.64000E-02  5.64000E-02
b  14   24 14   30  99  6.35471E-01  4.12783E-01 -2.27853E+00  3.66787E+00  2.38279E+00  1.99900E-02  1.99900E-02
b  14   25 14   30  99  3.04266E-01  1.79984E+00 -2.34519E+00  4.69736E-02  3.52132E-01  1.24700E-02  1.24700E-02
b  14   26 14   30  99  3.24829E-01  1.93451E+00 -2.87177E+00  5.98987E-02  5.29429E-01  2.60400E-02  2.60400E-02
b  14   27 14   30  99  9.47950E-01 -2.24184E+00  9.06979E+01 -8.90952E+02  2.00000E+01  7.09700E-02  7.09700E-02
b  14   28 14   30  99  1.28818E+00 -2.15271E+00  6.10807E+00  1.11194E-01  1.85490E+00  2.58100E-01  2.58100E-01
b  14   29 14   30  99  2.25834E-01  5.87606E+00 -3.04835E+02  3.80882E+03  2.00000E+01  1.84400E+00  1.84400E+00
b  14    1 14   31  99  5.75863E-01 -3.06550E-01  4.15953E-01 -1.24577E-01 -2.51548E-01  4.84200E-05  4.84200E-05
b  14    8 14   31  99  4.79245E-01 -1.10984E-01 -6.84647E-01  4.49771E+00  2.69648E+00  1.54733E-02  1.54733E-02
b  14   23 14   31  99  3.82530E-01 -2.14023E-01  2.79754E-01 -8.15480E-02 -2.73847E-01  5.64000E-02  5.64000E-02
b  14   24 14   31  99  6.98917E-01  2.02574E-01  8.84104E+00 -2.42250E+02  2.00000E+01  1.41050E-02  1.41050E-02
b  14   25 14   31  99  2.79105E-01  1.88607E+00 -2.27466E+00  4.51811E-02  2.56135E-01  8.13500E-03  8.13500E-03
b  14   26 14   31  99  3.15300E-01  2.19164E+00 -2.91258E+00  2.83999E-02  3.84578E-01  1.50000E-02  1.50000E-02
b  14   27 14   31  99  1.03528E+00 -2.93467E+00  1.43307E+02 -1.66766E+03  2.00000E+01  3.27000E-02  3.27000E-02
b  14   28 14   31  99  3.94353E+00 -9.63857E+00  3.54518E+01 -8.11173E+00  2.44303E+00  8.07800E-02  8.07800E-02
b  14   29 14   31  99  5.73883E-01  1.17387E+01 -6.11011E+02  7.65020E+03  2.00000E+01  2.70600E-01  2.70600E-01
b  14   30 14   31  99  3.51772E-02  1.17539E+00 -5.95791E+01  7.32623E+02  2.00000E+01  6.33100E+00  6.33100E+00
f  14    1 13    1  99  4.00000E+00  3.78000E+00
p  14    1 13    1  98 -2.44690E-01 -1.62250E+00  2.52740E-01 -9.36960E-02  4.00000E+00  1.97400E+01  2.05000E+01  3.95000E+02
f  14    2 13    1  99  1.00000E+00  1.48510E+00
p  14    2 13    1  99  1.00000E+00  1.48510E+00
f  14    3 13    1  99  1.00000E+00  1.08400E+00
p  14    3 13    1  99  1.00000E+00  1.08400E+00
f  14    4 13    1  99  1.00000E+00  1.15600E+00
p  14    4 13    1  99  1.00000E+00  1.15600E+00
f  14    5 13    1  99  1.00000E+00  1.12400E+00
p  14    5 13    1  99  1.00000E+00  1.12400E+00
f  14    6 13    1  99  1.00000E+00  1.03820E+00
p  14    6 13    1  99  1.00000E+00  1.03820E+00
f  14    7 13    1  99  1.00000E+00  1.03220E+00
p  14    7 13    1  99  1.00000E+00  1.03220E+00
f  14    8 13    1  99  1.00000E+00  1.00130E+00
p  14    8 13    1  99  1.00000E+00  1.00130E+00
f  14    2 13    2  99  3.00000E+00  1.48510E+00
p  14    2 13    2  98 -2.44690E-01 -1.62250E+00  2.52740E-01 -9.36960E-02  4.00000E+00  1.97400E+01  2.05000E+01  3.95000E+02
f  14    9 13    2  99  2.00000E+00  2.04560E+00
p  14    9 13    2  99  2.00000E+00  2.04560E+00
f  14   10 13    2  99  1.00000E+00  1.14360E+00
p  14   10 13    2  99  1.00000E+00  1.14360E+00
f  14   11 13    2  99  1.00000E+00  1.17800E+00
p  14   11 13    2  99  1.00000E+00  1.17800E+00
f  14   12 13    2  99  1.00000E+00  1.13500E+00
p  14   12 13    2  99  1.00000E+00  1.13500E+00
f  14   13 13    2  99  1.00000E+00  1.04520E+00
p  14   13 13    2  99  1.00000E+00  1.04520E+00
f  14   14 13    2  99  1.00000E+00  1.03820E+00
p  14   14 13    2  99  1.00000E+00  1.03820E+00
f  14   15 13    2  99  1.00000E+00  1.01120E+00
p  14   15 13    2  99  1.00000E+00  1.01120E+00
f  14    3 13    3  99  3.00000E+00  1.08400E+00
p  14    3 13    3  98 -2.44690E-01 -1.62250E+00  2.52740E-01 -9.36960E-02  4.00000E+00  1.97400E+01  2.05000E+01  3.95000E+02
f  14   10 13    3  99  1.00000E+00  1.14360E+00
p  14   10 13    3  99  1.00000E+00  1.14360E+00
f  14    4 13    4  99  3.00000E+00  1.15600E+00
p  14    4 13    4  98 -2.44690E-01 -1.62250E+00  2.52740E-01 -9.36960E-02  4.00000E+00  1.97400E+01  2.05000E+01  3.95000E+02
f  14   11 13    4  99  1.00000E+00  1.17800E+00
p  14   11 13    4  99  1.00000E+00  1.17800E+00
f  14    5 13    5  99  3.00000E+00  1.12400E+00
p  14    5 13    5  98 -2.44690E-01 -1.62250E+00  2.52740E-01 -9.36960E-02  4.00000E+00  1.97400E+01  2.05000E+01  3.95000E+02
f  14   12 13    5  99  1.00000E+00  1.13500E+00
p  14   12 13    5  99  1.00000E+00  1.13500E+00
f  14    6 13    6  99  3.00000E+00  1.03820E+00
p  14    6 13    6  98 -2.44690E-01 -1.62250E+00  2.52740E-01 -9.36960E-02  4.00000E+00  1.97400E+01  2.05000E+01  3.95000E+02
f  14   13 13    6  99  1.00000E+00  1.04520E+00
p  14   13 13    6  99  1.00000E+00  1.04520E+00
f  14    7 13    7  99  3.00000E+00  1.03220E+00
p  14    7 13    7  98 -2.44690E-01 -1.62250E+00  2.52740E-01 -9.36960E-02  4.00000E+00  1.97400E+01  2.05000E+01  3.95000E+02
f  14   14 13    7  99  1.00000E+00  1.03820E+00
p  14   14 13    7  99  1.00000E+00  1.03820E+00
f  14    8 13    8  99  3.00000E+00  1.00130E+00
p  14    8 13    8  98 -2.44690E-01 -1.62250E+00  2.52740E-01 -9.36960E-02  4.00000E+00  1.97400E+01  2.05000E+01  3.95000E+02
f  14   15 13    8  99  1.00000E+00  1.01120E+00
p  14   15 13    8  99  1.00000E+00  1.01120E+00
f  14    9 13    9  99  2.00000E+00  2.04560E+00
p  14    9 13    9  98 -2.44690E-01 -1.62250E+00  2.52740E-01 -9.36960E-02  4.00000E+00  1.97400E+01  2.05000E+01  3.95000E+02
f  14   10 13   10  99  2.00000E+00  1.14360E+00
p  14   10 13   10  98 -2.44690E-01 -1.62250E+00  2.52740E-01 -9.36960E-02  4.00000E+00  1.97400E+01  2.05000E+01  3.95000E+02
f  14   11 13   11  99  2.00000E+00  1.17800E+00
p  14   11 13   11  98 -2.44690E-01 -1.62250E+00  2.52740E-01 -9.36960E-02  4.00000E+00  1.97400E+01  2.05000E+01  3.95000E+02
f  14   12 13   12  99  2.00000E+00  1.13500E+00
p  14   12 13   12  98 -2.44690E-01 -1.62250E+00  2.52740E-01 -9.36960E-02  4.00000E+00  1.97400E+01  2.05000E+01  3.95000E+02
f  14   13 13   13  99  2.00000E+00  1.04520E+00
p  14   13 13   13  98 -2.44690E-01 -1.62250E+00  2.52740E-01 -9.36960E-02  4.00000E+00  1.97400E+01  2.05000E+01  3.95000E+02
f  14   14 13   14  99  2.00000E+00  1.03820E+00
p  14   14 13   14  98 -2.44690E-01 -1.62250E+00  2.52740E-01 -9.36960E-02  4.00000E+00  1.97400E+01  2.05000E+01  3.95000E+02
f  14   15 13   15  99  2.00000E+00  1.01120E+00
p  14   15 13   15  98 -2.44690E-01 -1.62250E+00  2.52740E-01 -9.36960E-02  4.00000E+00  1.97400E+01  2.05000E+01  3.95000E+02
f  14    1 13   16  99  8.00000E+00  3.78000E+00
p  14    1 13   16  98  1.98580E+00 -1.84030E+00 -3.50060E-01  4.43950E-02  8.00000E+00  1.62300E+02  1.68800E+02  3.24600E+03
f  14   16 13   16  99  5.00000E+00  4.34400E+00
p  14   16 13   16  98 -2.44690E-01 -1.62250E+00  2.52740E-01 -9.36960E-02  4.00000E+00  1.97400E+01  2.05000E+01  3.95000E+02
f  14   17 13   16  99  1.00000E+00  1.54180E+00
p  14   17 13   16  99  1.00000E+00  1.54180E+00
f  14   18 13   16  99  1.00000E+00  1.10230E+00
p  14   18 13   16  99  1.00000E+00  1.10230E+00
f  14   19 13   16  99  1.00000E+00  1.16200E+00
p  14   19 13   16  99  1.00000E+00  1.16200E+00
f  14   20 13   16  99  1.00000E+00  1.12800E+00
p  14   20 13   16  99  1.00000E+00  1.12800E+00
f  14   21 13   16  99  1.00000E+00  1.04720E+00
p  14   21 13   16  99  1.00000E+00  1.04720E+00
f  14   22 13   16  99  1.00000E+00  1.03920E+00
p  14   22 13   16  99  1.00000E+00  1.03920E+00
f  14   23 13   16  99  1.00000E+00  1.00130E+00
p  14   23 13   16  99  1.00000E+00  1.00130E+00
f  14    2 13   17  99  8.00000E+00  1.48510E+00
p  14    2 13   17  98  1.98580E+00 -1.84030E+00 -3.50060E-01  4.43950E-02  8.00000E+00  1.62300E+02  1.68800E+02  3.24600E+03
f  14   17 13   17  99  4.00000E+00  1.54180E+00
p  14   17 13   17  98 -2.44690E-01 -1.62250E+00  2.52740E-01 -9.36960E-02  4.00000E+00  1.97400E+01  2.05000E+01  3.95000E+02
f  14    3 13   18  99  8.00000E+00  1.08400E+00
p  14    3 13   18  98  1.98580E+00 -1.84030E+00 -3.50060E-01  4.43950E-02  8.00000E+00  1.62300E+02  1.68800E+02  3.24600E+03
f  14   18 13   18  99  4.00000E+00  1.10230E+00
p  14   18 13   18  98 -2.44690E-01 -1.62250E+00  2.52740E-01 -9.36960E-02  4.00000E+00  1.97400E+01  2.05000E+01  3.95000E+02
f  14    4 13   19  99  8.00000E+00  1.15600E+00
p  14    4 13   19  98  1.98580E+00 -1.84030E+00 -3.50060E-01  4.43950E-02  8.00000E+00  1.62300E+02  1.68800E+02  3.24600E+03
f  14   19 13   19  99  4.00000E+00  1.16200E+00
p  14   19 13   19  98 -2.44690E-01 -1.62250E+00  2.52740E-01 -9.36960E-02  4.00000E+00  1.97400E+01  2.05000E+01  3.95000E+02
f  14    5 13   20  99  8.00000E+00  1.12400E+00
p  14    5 13   20  98  1.98580E+00 -1.84030E+00 -3.50060E-01  4.43950E-02  8.00000E+00  1.62300E+02  1.68800E+02  3.24600E+03
f  14   20 13   20  99  4.00000E+00  1.12800E+00
p  14   20 13   20  98 -2.44690E-01 -1.62250E+00  2.52740E-01 -9.36960E-02  4.00000E+00  1.97400E+01  2.05000E+01  3.95000E+02
f  14    6 13   21  99  8.00000E+00  1.03820E+00
p  14    6 13   21  98  1.98580E+00 -1.84030E+00 -3.50060E-01  4.43950E-02  8.00000E+00  1.62300E+02  1.68800E+02  3.24600E+03
f  14   21 13   21  99  4.00000E+00  1.04720E+00
p  14   21 13   21  98 -2.44690E-01 -1.62250E+00  2.52740E-01 -9.36960E-02  4.00000E+00  1.97400E+01  2.05000E+01  3.95000E+02
f  14    7 13   22  99  8.00000E+00  1.03220E+00
p  14    7 13   22  98  1.98580E+00 -1.84030E+00 -3.50060E-01  4.43950E-02  8.00000E+00  1.62300E+02  1.68800E+02  3.24600E+03
f  14   22 13   22  99  4.00000E+00  1.03920E+00
p  14   22 13   22  98 -2.44690E-01 -1.62250E+00  2.52740E-01 -9.36960E-02  4.00000E+00  1.97400E+01  2.05000E+01  3.95000E+02
f  14    8 13   23  99  8.00000E+00  1.00130E+00
p  14    8 13   23  98  1.98580E+00 -1.84030E+00 -3.50060E-01  4.43950E-02  8.00000E+00  1.62300E+02  1.68800E+02  3.24600E+03
f  14   23 13   23  99  4.00000E+00  1.00130E+00
p  14   23 13   23  98 -2.44690E-01 -1.62250E+00  2.52740E-01 -9.36960E-02  4.00000E+00  1.97400E+01  2.05000E+01  3.95000E+02
f  14    1 13   24  99  2.00000E+00  3.78000E+00
p  14    1 13   24  98  2.27850E+00 -2.44670E+00 -1.92550E-01  1.67250E-02  2.00000E+00  1.84000E+03  1.91400E+03  3.68100E+04
f  14   24 13   24  99  5.00000E+00  4.42400E+00
p  14   24 13   24  98 -2.44690E-01 -1.62250E+00  2.52740E-01 -9.36960E-02  4.00000E+00  1.97400E+01  2.05000E+01  3.95000E+02
f  14   25 13   24  99  1.00000E+00  1.56500E+00
p  14   25 13   24  99  1.00000E+00  1.56500E+00
f  14   26 13   24  99  1.00000E+00  1.10140E+00
p  14   26 13   24  99  1.00000E+00  1.10140E+00
f  14   27 13   24  99  1.00000E+00  1.17100E+00
p  14   27 13   24  99  1.00000E+00  1.17100E+00
f  14   28 13   24  99  1.00000E+00  1.13700E+00
p  14   28 13   24  99  1.00000E+00  1.13700E+00
f  14   29 13   24  99  1.00000E+00  1.04810E+00
p  14   29 13   24  99  1.00000E+00  1.04810E+00
f  14   30 13   24  99  1.00000E+00  1.04010E+00
p  14   30 13   24  99  1.00000E+00  1.04010E+00
f  14   31 13   24  99  1.00000E+00  1.00130E+00
p  14   31 13   24  99  1.00000E+00  1.00130E+00
f  14    2 13   25  99  2.00000E+00  1.48510E+00
p  14    2 13   25  98  2.27850E+00 -2.44670E+00 -1.92550E-01  1.67250E-02  2.00000E+00  1.84000E+03  1.91400E+03  3.68100E+04
f  14   25 13   25  99  4.00000E+00  1.56500E+00
p  14   25 13   25  98 -2.44690E-01 -1.62250E+00  2.52740E-01 -9.36960E-02  4.00000E+00  1.97400E+01  2.05000E+01  3.95000E+02
f  14    3 13   26  99  2.00000E+00  1.08400E+00
p  14    3 13   26  98  2.27850E+00 -2.44670E+00 -1.92550E-01  1.67250E-02  2.00000E+00  1.84000E+03  1.91400E+03  3.68100E+04
f  14   26 13   26  99  4.00000E+00  1.10140E+00
p  14   26 13   26  98 -2.44690E-01 -1.62250E+00  2.52740E-01 -9.36960E-02  4.00000E+00  1.97400E+01  2.05000E+01  3.95000E+02
f  14    4 13   27  99  2.00000E+00  1.15600E+00
p  14    4 13   27  98  2.27850E+00 -2.44670E+00 -1.92550E-01  1.67250E-02  2.00000E+00  1.84000E+03  1.91400E+03  3.68100E+04
f  14   27 13   27  99  4.00000E+00  1.17100E+00
p  14   27 13   27  98 -2.44690E-01 -1.62250E+00  2.52740E-01 -9.36960E-02  4.00000E+00  1.97400E+01  2.05000E+01  3.95000E+02
f  14    5 13   28  99  2.00000E+00  1.12400E+00
p  14    5 13   28  98  2.27850E+00 -2.44670E+00 -1.92550E-01  1.67250E-02  2.00000E+00  1.84000E+03  1.91400E+03  3.68100E+04
f  14   28 13   28  99  4.00000E+00  1.13700E+00
p  14   28 13   28  98 -2.44690E-01 -1.62250E+00  2.52740E-01 -9.36960E-02  4.00000E+00  1.97400E+01  2.05000E+01  3.95000E+02
f  14    6 13   29  99  2.00000E+00  1.03820E+00
p  14    6 13   29  98  2.27850E+00 -2.44670E+00 -1.92550E-01  1.67250E-02  2.00000E+00  1.84000E+03  1.91400E+03  3.68100E+04
f  14   29 13   29  99  4.00000E+00  1.04810E+00
p  14   29 13   29  98 -2.44690E-01 -1.62250E+00  2.52740E-01 -9.36960E-02  4.00000E+00  1.97400E+01  2.05000E+01  3.95000E+02
f  14    7 13   30  99  2.00000E+00  1.03220E+00
p  14    7 13   30  98  2.27850E+00 -2.44670E+00 -1.92550E-01  1.67250E-02  2.00000E+00  1.84000E+03  1.91400E+03  3.68100E+04
f  14   30 13   30  99  4.00000E+00  1.04010E+00
p  14   30 13   30  98 -2.44690E-01 -1.62250E+00  2.52740E-01 -9.36960E-02  4.00000E+00  1.97400E+01  2.05000E+01  3.95000E+02
f  14    8 13   31  99  2.00000E+00  1.00130E+00
p  14    8 13   31  98  2.27850E+00 -2.44670E+00 -1.92550E-01  1.67250E-02  2.00000E+00  1.84000E+03  1.91400E+03  3.68100E+04
f  14   31 13   31  99  4.00000E+00  1.00130E+00
p  14   31 13   31  98 -2.44690E-01 -1.62250E+00  2.52740E-01 -9.36960E-02  4.00000E+00  1.97400E+01  2.05000E+01  3.95000E+02
a  14    9 13    1   1.07396E+13
a  14   10 13    1   5.04667E+13
a  14   11 13    1   2.22600E+13
a  14   12 13    1   1.02991E+13
a  14   13 13    1   5.28222E+12
a  14   14 13    1   2.93138E+12
a  14   15 13    1   1.73093E+12
a  14   16 13    1   8.46600E+12
a  14   17 13    1   1.34655E+11
a  14   18 13    1   3.04500E+10
a  14   19 13    1   1.00521E+10
a  14   20 13    1   4.65075E+09
a  14   21 13    1   2.38545E+09
a  14   22 13    1   1.32374E+09
a  14   23 13    1   7.81650E+08
a  14   24 13    1   1.42730E+11
a  14   25 13    1   2.22760E+09
a  14   26 13    1   4.85040E+08
a  14   27 13    1   1.55296E+08
a  14   28 13    1   7.18500E+07
a  14   29 13    1   3.68520E+07
a  14   30 13    1   2.04500E+07
a  14   31 13    1   1.20758E+07
a  14   17 13    2   5.07960E+12
a  14   25 13    2   8.56380E+10
a  14   18 13    3   5.07960E+12
a  14   26 13    3   8.56380E+10
a  14   19 13    4   5.07960E+12
a  14   27 13    4   8.56380E+10
a  14   20 13    5   5.07960E+12
a  14   28 13    5   8.56380E+10
a  14   21 13    6   5.07960E+12
a  14   29 13    6   8.56380E+10
a  14   22 13    7   5.07960E+12
a  14   30 13    7   8.56380E+10
a  14   23 13    8   5.07960E+12
a  14   31 13    8   8.56380E+10
a  14   24 13   16   1.95370E+13
a  14   25 13   16   1.61788E+11
a  14   26 13   16   3.53604E+10
a  14   27 13   16   1.13496E+10
a  14   28 13   16   5.25120E+09
a  14   29 13   16   2.69328E+09
a  14   30 13   16   1.49460E+09
a  14   31 13   16   8.82520E+08
a  14   25 13   17   1.56296E+13
a  14   26 13   18   1.56296E+13
a  14   27 13   19   1.56296E+13
a  14   28 13   20   1.56296E+13
a  14   29 13   21   1.56296E+13
a  14   30 13   22   1.56296E+13
a  14   31 13   23   1.56296E+13
