0    1    1         0.000000
    0    1    1   barenucl         0.000000  1.00000E+00  1.00000E+00  0.00000E+00  0.00000E+00    1   0  0 0 0 0 0 0 0 0 0 0
1   10   10      6033.600098
    1    1    2   h_100001         0.000000  2.00000E+00  2.10000E+01  6.03360E+03  0.00000E+00    1   1  1 0 0 0 0 0 0 0 0 0
    1    2    3   h_010002      4528.997108  8.00000E+00  2.10000E+01  1.50460E+03  9.06474E+13    1   2  0 1 0 0 0 0 0 0 0 0
    1    3    4   h_001003      5365.645457  1.80000E+01  2.10000E+01  6.67955E+02  1.94134E+13    1   3  0 0 1 0 0 0 0 0 0 0
    1    4    5   h_000104      5658.141909  3.20000E+01  2.10000E+01  3.75458E+02  5.88827E+12    1   4  0 0 0 1 0 0 0 0 0 0
    1    5    6   h_000005      5793.399661  5.00000E+01  2.10000E+01  2.40200E+02  2.25649E+12    1   5  0 0 0 0 1 0 0 0 0 0
    1    6    7   h_000006      5866.832922  7.20000E+01  2.10000E+01  1.66767E+02  1.01422E+12    1   6  0 0 0 0 0 1 0 0 0 0
    1    7    8   h_000007      5911.095616  9.80000E+01  2.10000E+01  1.22504E+02  5.11307E+11    1   7  0 0 0 0 0 0 1 0 0 0
    1    8    9   h_000008      5939.817180  1.28000E+02  2.10000E+01  9.37829E+01  2.81023E+11    1   8  0 0 0 0 0 0 0 1 0 0
    1    9   10   h_000009      5959.505400  1.62000E+02  2.10000E+01  7.40947E+01  1.65071E+11    1   9  0 0 0 0 0 0 0 0 1 0
    1   10   11   h_000010      5973.586607  2.00000E+02  2.10000E+01  6.00135E+01  9.48632E+10    1  10  0 0 0 0 0 0 0 0 0 1
2   19   10      5675.000000
    2    1   12   he200001         0.000000  1.00000E+00  2.08438E+01  5.67500E+03  0.00000E+00    1   1  2 0 0 0 0 0 0 0 0 0
    2    2   13   he110002      4296.860382  1.60000E+01  2.00620E+01  1.37814E+03  3.86816E+13    1   2  1 1 0 0 0 0 0 0 0 0
    2    3   14   he101003      5048.284282  3.60000E+01  2.00160E+01  6.26716E+02  1.14584E+13    1   3  1 0 1 0 0 0 0 0 0 0
    2    4   15   he100104      5334.330995  6.40000E+01  2.00046E+01  3.40669E+02  4.13218E+12    1   4  1 0 0 1 0 0 0 0 0 0
    2    5   16   he100005      5457.083143  1.00000E+02  2.00030E+01  2.17917E+02  1.59259E+12    1   5  1 0 0 0 1 0 0 0 0 0
    2    6   17   he100006      5523.700692  1.44000E+02  2.00030E+01  1.51299E+02  7.10343E+11    1   6  1 0 0 0 0 1 0 0 0 0
    2    7   18   he100007      5563.878657  1.96000E+02  2.00010E+01  1.11121E+02  3.63423E+11    1   7  1 0 0 0 0 0 1 0 0 0
    2    8   19   he100008      5589.938260  2.56000E+02  2.00001E+01  8.50617E+01  2.01855E+11    1   8  1 0 0 0 0 0 0 1 0 0
    2    9   20   he100009      5607.795155  3.24000E+02  2.00001E+01  6.72048E+01  1.19551E+11    1   9  1 0 0 0 0 0 0 0 1 0
    2   10   21   he100010      5620.566720  4.00000E+02  2.00001E+01  5.44333E+01  6.84261E+10    1  10  1 0 0 0 0 0 0 0 0 1
    2   11   22   he020002      8781.615788  2.80000E+01  2.06981E+01  1.42238E+03  2.68155E+14    2   2  0 2 0 0 0 0 0 0 0 0
    2   12   23   he011003      9567.413147  1.44000E+02  2.00960E+01  6.36584E+02  1.13114E+14    2   3  0 1 1 0 0 0 0 0 0 0
    2   13   24   he010104      9862.536576  2.56000E+02  2.00278E+01  3.41461E+02  9.39487E+13    2   4  0 1 0 1 0 0 0 0 0 0
    2   14   25   he010005      9986.099876  4.00000E+02  2.00021E+01  2.17897E+02  8.88043E+13    2   5  0 1 0 0 1 0 0 0 0 0
    2   15   26   he010006     10052.561543  5.76000E+02  2.00120E+01  1.51436E+02  8.71527E+13    2   6  0 1 0 0 0 1 0 0 0 0
    2   16   27   he010007     10092.775695  7.84000E+02  2.00100E+01  1.11221E+02  8.65428E+13    2   7  0 1 0 0 0 0 1 0 0 0
    2   17   28   he010008     10118.927710  1.02400E+03  2.00010E+01  8.50694E+01  8.62745E+13    2   8  0 1 0 0 0 0 0 1 0 0
    2   18   29   he010009     10136.786213  1.29600E+03  2.00010E+01  6.72109E+01  8.61402E+13    2   9  0 1 0 0 0 0 0 0 1 0
    2   19   30   he010010     10149.563828  1.60000E+03  2.00001E+01  5.44333E+01  8.60629E+13    2  10  0 1 0 0 0 0 0 0 0 1
3   18    9      1288.000000
    3    1   31   li210002         0.000000  8.00000E+00  1.91240E+01  1.28800E+03  0.00000E+00    1   2  2 1 0 0 0 0 0 0 0 0
    3    2   32   li201003       714.564545  1.80000E+01  1.90320E+01  5.73435E+02  6.02816E+12    1   3  2 0 1 0 0 0 0 0 0 0
    3    3   33   li200104       980.423694  3.20000E+01  1.90092E+01  3.07576E+02  2.65480E+12    1   4  2 0 0 1 0 0 0 0 0 0
    3    4   34   li200005      1091.279760  5.00000E+01  1.90060E+01  1.96720E+02  1.05142E+12    1   5  2 0 0 0 1 0 0 0 0 0
    3    5   35   li200006      1151.414675  7.20000E+01  1.90060E+01  1.36585E+02  4.83635E+11    1   6  2 0 0 0 0 1 0 0 0 0
    3    6   36   li200007      1187.706150  9.80000E+01  1.90020E+01  1.00294E+02  2.52074E+11    1   7  2 0 0 0 0 0 1 0 0 0
    3    7   37   li200008      1211.233490  1.28000E+02  1.90002E+01  7.67665E+01  1.41857E+11    1   8  2 0 0 0 0 0 0 1 0 0
    3    8   38   li200009      1227.348589  1.62000E+02  1.90002E+01  6.06514E+01  8.48629E+10    1   9  2 0 0 0 0 0 0 0 1 0
    3    9   39   li200010      1238.874511  2.00000E+02  1.90002E+01  4.91255E+01  4.83940E+10    1  10  2 0 0 0 0 0 0 0 0 1
    3   10   40   li120002      4256.468673  5.60000E+01  1.97601E+01  1.32839E+03  1.15172E+14    2   2  1 2 0 0 0 0 0 0 0 0
    3   11   41   li111003      5011.797111  2.88000E+02  1.91120E+01  5.73063E+02  5.10125E+13    2   3  1 1 1 0 0 0 0 0 0 0
    3   12   42   li110104      5276.532077  5.12000E+02  1.90324E+01  3.08328E+02  4.06425E+13    2   4  1 1 0 1 0 0 0 0 0 0
    3   13   43   li110005      5388.158786  8.00000E+02  1.90051E+01  1.96702E+02  3.76560E+13    2   5  1 1 0 0 1 0 0 0 0 0
    3   14   44   li110006      5448.145604  1.15200E+03  1.90150E+01  1.36715E+02  3.66700E+13    2   6  1 1 0 0 0 1 0 0 0 0
    3   15   45   li110007      5484.471466  1.56800E+03  1.90110E+01  1.00389E+02  3.62974E+13    2   7  1 1 0 0 0 0 1 0 0 0
    3   16   46   li110008      5508.086597  2.04800E+03  1.90011E+01  7.67738E+01  3.61295E+13    2   8  1 1 0 0 0 0 0 1 0 0
    3   17   47   li110009      5524.203223  2.59200E+03  1.90011E+01  6.06572E+01  3.60444E+13    2   9  1 1 0 0 0 0 0 0 1 0
    3   18   48   li110010      5535.734893  3.20000E+03  1.90002E+01  4.91255E+01  3.59938E+13    2  10  1 1 0 0 0 0 0 0 0 1
4   26    9      1210.000000
    4    1   49   be220002         0.000000  2.80000E+01  1.88221E+01  1.21000E+03  0.00000E+00    1   2  2 2 0 0 0 0 0 0 0 0
    4    2   50   be211003       687.501524  1.44000E+02  1.81280E+01  5.22498E+02  4.53619E+12    1   3  2 1 1 0 0 0 0 0 0 0
    4    3   51   be210104       933.108526  2.56000E+02  1.80370E+01  2.76891E+02  2.14075E+12    1   4  2 1 0 1 0 0 0 0 0 0
    4    4   52   be210005      1033.407573  4.00000E+02  1.80081E+01  1.76592E+02  8.53615E+11    1   5  2 1 0 0 1 0 0 0 0 0
    4    5   53   be210006      1087.252373  5.76000E+02  1.80180E+01  1.22748E+02  3.84562E+11    1   6  2 1 0 0 0 1 0 0 0 0
    4    6   54   be210007      1119.888076  7.84000E+02  1.80120E+01  9.01119E+01  2.01756E+11    1   7  2 1 0 0 0 0 1 0 0 0
    4    7   55   be210008      1141.095967  1.02400E+03  1.80012E+01  6.89040E+01  1.14113E+11    1   8  2 1 0 0 0 0 0 1 0 0
    4    8   56   be210009      1155.560215  1.29600E+03  1.80012E+01  5.44398E+01  6.82716E+10    1   9  2 1 0 0 0 0 0 0 1 0
    4    9   57   be210010      1165.909919  1.60000E+03  1.80003E+01  4.40901E+01  3.91758E+10    1  10  2 1 0 0 0 0 0 0 0 1
    4   10   58   be202003      1415.029633  1.53000E+02  1.86920E+01  5.09535E+02  2.64416E+14    2   3  2 0 2 0 0 0 0 0 0 0
    4   11   59   be201104      1645.927883  5.76000E+02  1.80937E+01  2.78637E+02  5.92604E+13    2   4  2 0 1 1 0 0 0 0 0 0
    4   12   60   be201005      1747.612798  9.00000E+02  1.80264E+01  1.76952E+02  2.34073E+13    2   5  2 0 1 0 1 0 0 0 0 0
    4   13   61   be201006      1801.735116  1.29600E+03  1.80240E+01  1.22829E+02  1.28758E+13    2   6  2 0 1 0 0 1 0 0 0 0
    4   14   62   be201007      1834.412579  1.76400E+03  1.80160E+01  9.01520E+01  8.99063E+12    2   7  2 0 1 0 0 0 1 0 0 0
    4   15   63   be201008      1855.591576  2.30400E+03  1.80102E+01  6.89730E+01  7.34920E+12    2   8  2 0 1 0 0 0 0 1 0 0
    4   16   64   be201009      1870.082403  2.91600E+03  1.80082E+01  5.44821E+01  6.57606E+12    2   9  2 0 1 0 0 0 0 0 1 0
    4   17   65   be201010      1880.474464  3.60000E+03  1.80003E+01  4.40901E+01  6.17604E+12    2  10  2 0 1 0 0 0 0 0 0 1
    4   18   66   be130002      4219.566405  1.12000E+02  1.94582E+01  1.24690E+03  2.27996E+14   10   2  1 3 0 0 0 0 0 0 0 0
    4   19   67   be121003      4944.563052  1.00800E+03  1.82080E+01  5.21906E+02  1.27825E+14   10   3  1 2 1 0 0 0 0 0 0 0
    4   20   68   be120104      5188.863782  1.79200E+03  1.80602E+01  2.77605E+02  1.15760E+14   10   4  1 2 0 1 0 0 0 0 0 0
    4   21   69   be120005      5289.893909  2.80000E+03  1.80072E+01  1.76575E+02  1.12559E+14   10   5  1 2 0 0 1 0 0 0 0 0
    4   22   70   be120006      5343.598333  4.03200E+03  1.80270E+01  1.22870E+02  1.11517E+14   10   6  1 2 0 0 0 1 0 0 0 0
    4   23   71   be120007      5376.266643  5.48800E+03  1.80210E+01  9.02020E+01  1.11138E+14   10   7  1 2 0 0 0 0 1 0 0 0
    4   24   72   be120008      5397.557748  7.16800E+03  1.80021E+01  6.89109E+01  1.10970E+14   10   8  1 2 0 0 0 0 0 1 0 0
    4   25   73   be120009      5412.023444  9.07200E+03  1.80021E+01  5.44452E+01  1.10886E+14   10   9  1 2 0 0 0 0 0 0 1 0
    4   26   74   be120010      5422.378593  1.12000E+04  1.80003E+01  4.40901E+01  1.10837E+14   10  10  1 2 0 0 0 0 0 0 0 1
5   26    9      1094.000000
    5    1   75   b_230002         0.000000  5.60000E+01  1.85202E+01  1.09400E+03  0.00000E+00    1   2  2 3 0 0 0 0 0 0 0 0
    5    2   76   b_221003       619.946122  5.04000E+02  1.72240E+01  4.74054E+02  2.95460E+12    1   3  2 2 1 0 0 0 0 0 0 0
    5    3   77   b_220104       846.177077  8.96000E+02  1.70648E+01  2.47823E+02  1.64099E+12    1   4  2 2 0 1 0 0 0 0 0 0
    5    4   78   b_220005       936.447424  1.40000E+03  1.70102E+01  1.57553E+02  6.65250E+11    1   5  2 2 0 0 1 0 0 0 0 0
    5    5   79   b_220006       984.350213  2.01600E+03  1.70300E+01  1.09650E+02  2.98611E+11    1   6  2 2 0 0 0 1 0 0 0 0
    5    6   80   b_220007      1013.524591  2.74400E+03  1.70220E+01  8.04754E+01  1.57834E+11    1   7  2 2 0 0 0 0 1 0 0 0
    5    7   81   b_220008      1032.533429  3.58400E+03  1.70022E+01  6.14666E+01  8.97539E+10    1   8  2 2 0 0 0 0 0 1 0 0
    5    8   82   b_220009      1045.436135  4.53600E+03  1.70022E+01  4.85639E+01  5.37205E+10    1   9  2 2 0 0 0 0 0 0 1 0
    5    9   83   b_220010      1054.672980  5.60000E+03  1.70004E+01  3.93270E+01  3.08967E+10    1  10  2 2 0 0 0 0 0 0 0 1
    5   10   84   b_212003      1321.028283  1.22400E+03  1.77880E+01  4.60473E+02  2.10223E+14    2   3  2 1 2 0 0 0 0 0 0 0
    5   11   85   b_211104      1532.027652  4.60800E+03  1.71215E+01  2.49474E+02  4.66477E+13    2   4  2 1 1 1 0 0 0 0 0 0
    5   12   86   b_211005      1623.609576  7.20000E+03  1.70285E+01  1.57892E+02  1.82330E+13    2   5  2 1 1 0 1 0 0 0 0 0
    5   13   87   b_211006      1671.774428  1.03680E+04  1.70360E+01  1.09727E+02  9.93675E+12    2   6  2 1 1 0 0 1 0 0 0 0
    5   14   88   b_211007      1700.988277  1.41120E+04  1.70260E+01  8.05132E+01  6.89489E+12    2   7  2 1 1 0 0 0 1 0 0 0
    5   15   89   b_211008      1719.969847  1.84320E+04  1.70112E+01  6.15317E+01  5.60958E+12    2   8  2 1 1 0 0 0 0 1 0 0
    5   16   90   b_211009      1732.897654  2.33280E+04  1.70092E+01  4.86039E+01  5.00379E+12    2   9  2 1 1 0 0 0 0 0 1 0
    5   17   91   b_211010      1742.174504  2.88000E+04  1.70004E+01  3.93270E+01  4.69036E+12    2  10  2 1 1 0 0 0 0 0 0 1
    5   18   92   b_140002      4187.589744  1.40000E+02  1.91563E+01  1.12598E+03  3.69814E+14   18   2  1 4 0 0 0 0 0 0 0 0
    5   19   93   b_131003      4840.325860  2.01600E+03  1.73040E+01  4.73241E+02  2.36501E+14   18   3  1 3 1 0 0 0 0 0 0 0
    5   20   94   b_130104      5065.068624  3.58400E+03  1.70880E+01  2.48498E+02  2.23415E+14   18   4  1 3 0 1 0 0 0 0 0 0
    5   21   95   b_130005      5156.030510  5.60000E+03  1.70093E+01  1.57536E+02  2.20127E+14   18   5  1 3 0 0 1 0 0 0 0 0
    5   22   96   b_130006      5203.800643  8.06400E+03  1.70390E+01  1.09766E+02  2.19072E+14   18   6  1 3 0 0 0 1 0 0 0 0
    5   23   97   b_130007      5233.005847  1.09760E+04  1.70310E+01  8.05606E+01  2.18695E+14   18   7  1 3 0 0 0 0 1 0 0 0
    5   24   98   b_130008      5252.093325  1.43360E+04  1.70031E+01  6.14731E+01  2.18531E+14   18   8  1 3 0 0 0 0 0 1 0 0
    5   25   99   b_130009      5264.997397  1.81440E+04  1.70031E+01  4.85690E+01  2.18448E+14   18   9  1 3 0 0 0 0 0 0 1 0
    5   26  100   b_130010      5274.239384  2.24000E+04  1.70004E+01  3.93270E+01  2.18402E+14   18  10  1 3 0 0 0 0 0 0 0 1
6   26    9      1009.000000
    6    1  101   c_240002         0.000000  7.00000E+01  1.82183E+01  1.00900E+03  0.00000E+00    1   2  2 4 0 0 0 0 0 0 0 0
    6    2  102   c_231003       584.483441  1.00800E+03  1.63200E+01  4.24517E+02  2.07849E+12    1   3  2 3 1 0 0 0 0 0 0 0
    6    3  103   c_230104       788.630281  1.79200E+03  1.60926E+01  2.20370E+02  1.25051E+12    1   4  2 3 0 1 0 0 0 0 0 0
    6    4  104   c_230005       869.399758  2.80000E+03  1.60123E+01  1.39600E+02  5.15697E+11    1   5  2 3 0 0 1 0 0 0 0 0
    6    5  105   c_230006       911.708413  4.03200E+03  1.60420E+01  9.72916E+01  2.30097E+11    1   6  2 3 0 0 0 1 0 0 0 0
    6    6  106   c_230007       937.615818  5.48800E+03  1.60320E+01  7.13842E+01  1.22301E+11    1   7  2 3 0 0 0 0 1 0 0 0
    6    7  107   c_230008       954.545953  7.16800E+03  1.60032E+01  5.44540E+01  6.99088E+10    1   8  2 3 0 0 0 0 0 1 0 0
    6    8  108   c_230009       965.976396  9.07200E+03  1.60032E+01  4.30236E+01  4.18247E+10    1   9  2 3 0 0 0 0 0 0 1 0
    6    9  109   c_230010       974.163724  1.12000E+04  1.60005E+01  3.48363E+01  2.40749E+10    1  10  2 3 0 0 0 0 0 0 0 1
    6   10  110   c_222003      1218.722799  4.28400E+03  1.68840E+01  4.10223E+02  1.62785E+14    2   3  2 2 2 0 0 0 0 0 0 0
    6   11  111   c_221104      1407.019638  1.61280E+04  1.61493E+01  2.21926E+02  3.55582E+13    2   4  2 2 1 1 0 0 0 0 0 0
    6   12  112   c_221005      1489.026448  2.52000E+04  1.60306E+01  1.39920E+02  1.35680E+13    2   5  2 2 1 0 1 0 0 0 0 0
    6   13  113   c_221006      1531.581717  3.62880E+04  1.60480E+01  9.73644E+01  7.17579E+12    2   6  2 2 1 0 0 1 0 0 0 0
    6   14  114   c_221007      1557.526305  4.93920E+04  1.60360E+01  7.14198E+01  4.84369E+12    2   7  2 2 1 0 0 0 1 0 0 0
    6   15  115   c_221008      1574.430796  6.45120E+04  1.60122E+01  5.45153E+01  3.85799E+12    2   8  2 2 1 0 0 0 0 1 0 0
    6   16  116   c_221009      1585.884865  8.16480E+04  1.60102E+01  4.30613E+01  3.39297E+12    2   9  2 2 1 0 0 0 0 0 1 0
    6   17  117   c_221010      1594.109846  1.00800E+05  1.60005E+01  3.48363E+01  3.15235E+12    2  10  2 2 1 0 0 0 0 0 0 1
    6   18  118   c_150002      4159.518137  1.12000E+02  1.88544E+01  1.03707E+03  5.31194E+14   18   2  1 5 0 0 0 0 0 0 0 0
    6   19  119   c_141003      4773.142070  2.52000E+03  1.64000E+01  4.23448E+02  3.70336E+14   18   3  1 4 1 0 0 0 0 0 0 0
    6   20  120   c_140104      4975.583705  4.48000E+03  1.61158E+01  2.21006E+02  3.56244E+14   18   4  1 4 0 1 0 0 0 0 0 0
    6   21  121   c_140005      5057.005203  7.00000E+03  1.60114E+01  1.39585E+02  3.52937E+14   18   5  1 4 0 0 1 0 0 0 0 0
    6   22  122   c_140006      5099.188920  1.00800E+04  1.60510E+01  9.74008E+01  3.51888E+14   18   6  1 4 0 0 0 1 0 0 0 0
    6   23  123   c_140007      5125.125370  1.37200E+04  1.60410E+01  7.14644E+01  3.51519E+14   18   7  1 4 0 0 0 0 1 0 0 0
    6   24  124   c_140008      5142.129571  1.79200E+04  1.60041E+01  5.44602E+01  3.51361E+14   18   8  1 4 0 0 0 0 0 1 0 0
    6   25  125   c_140009      5153.561300  2.26800E+04  1.60041E+01  4.30284E+01  3.51281E+14   18   9  1 4 0 0 0 0 0 0 1 0
    6   26  126   c_140010      5161.753468  2.80000E+04  1.60005E+01  3.48363E+01  3.51237E+14   18  10  1 4 0 0 0 0 0 0 0 1
7   26    9       926.000000
    7    1  127   n_250002         0.000000  5.60000E+01  1.79164E+01  9.26000E+02  0.00000E+00    1   2  2 5 0 0 0 0 0 0 0 0
    7    2  128   n_241003       548.728276  1.26000E+03  1.54160E+01  3.77272E+02  1.37142E+12    1   3  2 4 1 0 0 0 0 0 0 0
    7    3  129   n_240104       731.469018  2.24000E+03  1.51204E+01  1.94531E+02  9.24613E+11    1   4  2 4 0 1 0 0 0 0 0 0
    7    4  130   n_240005       803.264993  3.50000E+03  1.50144E+01  1.22735E+02  3.89662E+11    1   5  2 4 0 0 1 0 0 0 0 0
    7    5  131   n_240006       840.327180  5.04000E+03  1.50540E+01  8.56728E+01  1.73173E+11    1   6  2 4 0 0 0 1 0 0 0 0
    7    6  132   n_240007       863.161873  6.86000E+03  1.50420E+01  6.28381E+01  9.27318E+10    1   7  2 4 0 0 0 0 1 0 0 0
    7    7  133   n_240008       878.133609  8.96000E+03  1.50042E+01  4.78664E+01  5.33201E+10    1   8  2 4 0 0 0 0 0 1 0 0
    7    8  134   n_240009       888.181045  1.13400E+04  1.50042E+01  3.78190E+01  3.18899E+10    1   9  2 4 0 0 0 0 0 0 1 0
    7    9  135   n_240010       895.382183  1.40000E+04  1.50006E+01  3.06178E+01  1.83741E+10    1  10  2 4 0 0 0 0 0 0 0 1
    7   10  136   n_232003      1148.233561  8.56800E+03  1.59800E+01  3.62250E+02  1.30198E+14    2   3  2 3 2 0 0 0 0 0 0 0
    7   11  137   n_231104      1314.489828  3.22560E+04  1.51771E+01  1.95994E+02  2.61766E+13    2   4  2 3 1 1 0 0 0 0 0 0
    7   12  138   n_231005      1387.448934  5.04000E+04  1.50327E+01  1.23035E+02  9.77041E+12    2   5  2 3 1 0 1 0 0 0 0 0
    7   13  139   n_231006      1424.742293  7.25760E+04  1.50600E+01  8.57411E+01  5.09271E+12    2   6  2 3 1 0 0 1 0 0 0 0
    7   14  140   n_231007      1447.611882  9.87840E+04  1.50460E+01  6.28716E+01  3.41404E+12    2   7  2 3 1 0 0 0 1 0 0 0
    7   15  141   n_231008      1462.559598  1.29024E+05  1.50132E+01  4.79238E+01  2.70397E+12    2   8  2 3 1 0 0 0 0 1 0 0
    7   16  142   n_231009      1472.629185  1.63296E+05  1.50112E+01  3.78543E+01  2.36856E+12    2   9  2 3 1 0 0 0 0 0 1 0
    7   17  143   n_231010      1479.865624  2.01600E+05  1.50006E+01  3.06178E+01  2.19488E+12    2  10  2 3 1 0 0 0 0 0 0 1
    7   18  144   n_160002      4135.359965  5.60000E+01  1.85525E+01  9.50158E+02  7.67199E+14   18   2  1 6 0 0 0 0 0 0 0 0
    7   19  145   n_151003      4709.576853  2.01600E+03  1.54960E+01  3.75941E+02  5.64468E+14   18   3  1 5 1 0 0 0 0 0 0 0
    7   20  146   n_150104      4890.389351  3.58400E+03  1.51436E+01  1.95129E+02  5.47848E+14   18   4  1 5 0 1 0 0 0 0 0 0
    7   21  147   n_150005      4962.797851  5.60000E+03  1.50135E+01  1.22720E+02  5.44343E+14   18   5  1 5 0 0 1 0 0 0 0 0
    7   22  148   n_150006      4999.742815  8.06400E+03  1.50630E+01  8.57753E+01  5.43265E+14   18   6  1 5 0 0 0 1 0 0 0 0
    7   23  149   n_150007      5022.604774  1.09760E+04  1.50510E+01  6.29134E+01  5.42893E+14   18   7  1 5 0 0 0 0 1 0 0 0
    7   24  150   n_150008      5037.646003  1.43360E+04  1.50051E+01  4.78721E+01  5.42736E+14   18   8  1 5 0 0 0 0 0 1 0 0
    7   25  151   n_150009      5047.694645  1.81440E+04  1.50051E+01  3.78235E+01  5.42657E+14   18   9  1 5 0 0 0 0 0 0 1 0
    7   26  152   n_150010      5054.900321  2.24000E+04  1.50006E+01  3.06178E+01  5.42614E+14   18  10  1 5 0 0 0 0 0 0 0 1
8   26    9       829.789978
    8    1  153   o_260002         0.000000  2.80000E+01  1.76145E+01  8.29790E+02  0.00000E+00    1   2  2 6 0 0 0 0 0 0 0 0
    8    2  154   o_251003       502.441952  1.00800E+03  1.45120E+01  3.27348E+02  8.04063E+11    1   3  2 5 1 0 0 0 0 0 0 0
    8    3  155   o_250104       659.484093  1.79200E+03  1.41482E+01  1.70306E+02  6.23180E+11    1   4  2 5 0 1 0 0 0 0 0 0
    8    4  156   o_250005       722.833500  2.80000E+03  1.40165E+01  1.06956E+02  2.78580E+11    1   5  2 5 0 0 1 0 0 0 0 0
    8    5  157   o_250006       754.996686  4.03200E+03  1.40660E+01  7.47933E+01  1.24466E+11    1   6  2 5 0 0 0 1 0 0 0 0
    8    6  158   o_250007       774.952844  5.48800E+03  1.40520E+01  5.48371E+01  6.75428E+10    1   7  2 5 0 0 0 0 1 0 0 0
    8    7  159   o_250008       788.086444  7.16800E+03  1.40052E+01  4.17035E+01  3.92286E+10    1   8  2 5 0 0 0 0 0 1 0 0
    8    8  160   o_250009       796.840103  9.07200E+03  1.40052E+01  3.29499E+01  2.34770E+10    1   9  2 5 0 0 0 0 0 0 1 0
    8    9  161   o_250010       803.118364  1.12000E+04  1.40007E+01  2.66716E+01  1.35460E+10    1  10  2 5 0 0 0 0 0 0 0 1
    8   10  162   o_242003      1067.088970  1.07100E+04  1.50760E+01  3.11429E+02  9.31012E+13    2   3  2 4 2 0 0 0 0 0 0 0
    8   11  163   o_241104      1206.843826  4.03200E+04  1.42049E+01  1.71674E+02  1.84159E+13    2   4  2 4 1 1 0 0 0 0 0 0
    8   12  164   o_241005      1271.282201  6.30000E+04  1.40348E+01  1.07236E+02  6.78914E+12    2   5  2 4 1 0 1 0 0 0 0 0
    8   13  165   o_241006      1303.661122  9.07200E+04  1.40720E+01  7.48571E+01  3.49006E+12    2   6  2 4 1 0 0 1 0 0 0 0
    8   14  166   o_241007      1323.649889  1.23480E+05  1.40560E+01  5.48684E+01  2.31187E+12    2   7  2 4 1 0 0 0 1 0 0 0
    8   15  167   o_241008      1336.761094  1.61280E+05  1.40142E+01  4.17572E+01  1.81304E+12    2   8  2 4 1 0 0 0 0 1 0 0
    8   16  168   o_241009      1345.535428  2.04120E+05  1.40122E+01  3.29828E+01  1.57701E+12    2   9  2 4 1 0 0 0 0 0 1 0
    8   17  169   o_241010      1351.846640  2.52000E+05  1.40007E+01  2.66716E+01  1.45470E+12    2  10  2 4 1 0 0 0 0 0 0 1
    8   18  170   o_170002      4115.704654  1.60000E+01  1.82506E+01  8.49445E+02  9.70395E+14   18   2  1 7 0 0 0 0 0 0 0 0
    8   19  171   o_161003      4639.456074  1.00800E+03  1.45920E+01  3.25694E+02  7.44961E+14   18   3  1 6 1 0 0 0 0 0 0 0
    8   20  172   o_160104      4794.284752  1.79200E+03  1.41714E+01  1.70865E+02  7.27843E+14   18   4  1 6 0 1 0 0 0 0 0 0
    8   21  173   o_160005      4858.207206  2.80000E+03  1.40156E+01  1.06943E+02  7.24454E+14   18   5  1 6 0 0 1 0 0 0 0 0
    8   22  174   o_160006      4890.260882  4.03200E+03  1.40750E+01  7.48891E+01  7.23422E+14   18   6  1 6 0 0 0 1 0 0 0 0
    8   23  175   o_160007      4910.242527  5.48800E+03  1.40610E+01  5.49074E+01  7.23069E+14   18   7  1 6 0 0 0 0 1 0 0 0
    8   24  176   o_160008      4923.441048  7.16800E+03  1.40061E+01  4.17089E+01  7.22921E+14   18   8  1 6 0 0 0 0 0 1 0 0
    8   25  177   o_160009      4932.195833  9.07200E+03  1.40061E+01  3.29541E+01  7.22847E+14   18   9  1 6 0 0 0 0 0 0 1 0
    8   26  178   o_160010      4938.478329  1.12000E+04  1.40007E+01  2.66716E+01  7.22807E+14   18  10  1 6 0 0 0 0 0 0 0 1
9   26    9       755.469971
    9    1  179   f_270002         0.000000  8.00000E+00  1.73126E+01  7.55470E+02  0.00000E+00    1   2  2 7 0 0 0 0 0 0 0 0
    9    2  180   f_261003       467.749932  5.04000E+02  1.36080E+01  2.87720E+02  4.26352E+11    1   3  2 6 1 0 0 0 0 0 0 0
    9    3  181   f_260104       607.776321  8.96000E+02  1.31760E+01  1.47694E+02  4.36651E+11    1   4  2 6 0 1 0 0 0 0 0 0
    9    4  182   f_260005       663.205685  1.40000E+03  1.30186E+01  9.22643E+01  1.99935E+11    1   5  2 6 0 0 1 0 0 0 0 0
    9    5  183   f_260006       690.817149  2.01600E+03  1.30780E+01  6.46528E+01  8.88129E+10    1   6  2 6 0 0 0 1 0 0 0 0
    9    6  184   f_260007       708.088868  2.74400E+03  1.30620E+01  4.73811E+01  4.86839E+10    1   7  2 6 0 0 0 0 1 0 0 0
    9    7  185   f_260008       719.504556  3.58400E+03  1.30062E+01  3.59654E+01  2.85159E+10    1   8  2 6 0 0 0 0 0 1 0 0
    9    8  186   f_260009       727.053646  4.53600E+03  1.30062E+01  2.84163E+01  1.70540E+10    1   9  2 6 0 0 0 0 0 0 1 0
    9    9  187   f_260010       732.472330  5.60000E+03  1.30008E+01  2.29976E+01  9.86325E+09    1  10  2 6 0 0 0 0 0 0 0 1
    9   10  188   f_252003       986.793576  8.56800E+03  1.41720E+01  2.71118E+02  6.14161E+13    2   3  2 5 2 0 0 0 0 0 0 0
    9   11  189   f_251104      1108.943773  3.22560E+04  1.32327E+01  1.48968E+02  1.19779E+13    2   4  2 5 1 1 0 0 0 0 0 0
    9   12  190   f_251005      1165.387980  5.04000E+04  1.30369E+01  9.25239E+01  4.33743E+12    2   5  2 5 1 0 1 0 0 0 0 0
    9   13  191   f_251006      1193.199749  7.25760E+04  1.30840E+01  6.47122E+01  2.17914E+12    2   6  2 5 1 0 0 1 0 0 0 0
    9   14  192   f_251007      1210.501791  9.87840E+04  1.30660E+01  4.74101E+01  1.41241E+12    2   7  2 5 1 0 0 0 1 0 0 0
    9   15  193   f_251008      1221.896709  1.29024E+05  1.30152E+01  3.60152E+01  1.08731E+12    2   8  2 5 1 0 0 0 0 1 0 0
    9   16  194   f_251009      1229.464998  1.63296E+05  1.30132E+01  2.84469E+01  9.33103E+11    2   9  2 5 1 0 0 0 0 0 1 0
    9   17  195   f_251010      1234.914282  2.01600E+05  1.30008E+01  2.29976E+01  8.53064E+11    2  10  2 5 1 0 0 0 0 0 0 1
    9   18  196   f_180002      4099.811536  2.00000E+00  1.79487E+01  7.71363E+02  1.17718E+15   18   2  1 8 0 0 0 0 0 0 0 0
    9   19  197   f_171003      4585.353923  2.88000E+02  1.36880E+01  2.85821E+02  9.33133E+14   18   3  1 7 1 0 0 0 0 0 0 0
    9   20  198   f_170104      4722.960149  5.12000E+02  1.31992E+01  1.48214E+02  9.15980E+14   18   4  1 7 0 1 0 0 0 0 0 0
    9   21  199   f_170005      4778.923100  8.00000E+02  1.30177E+01  9.22515E+01  9.12681E+14   18   5  1 7 0 0 1 0 0 0 0 0
    9   22  200   f_170006      4806.432765  1.15200E+03  1.30870E+01  6.47419E+01  9.11702E+14   18   6  1 7 0 0 0 1 0 0 0 0
    9   23  201   f_170007      4823.728195  1.56800E+03  1.30710E+01  4.74464E+01  9.11373E+14   18   7  1 7 0 0 0 0 1 0 0 0
    9   24  202   f_170008      4835.204232  2.04800E+03  1.30071E+01  3.59704E+01  9.11236E+14   18   8  1 7 0 0 0 0 0 1 0 0
    9   25  203   f_170009      4842.754367  2.59200E+03  1.30071E+01  2.84203E+01  9.11168E+14   18   9  1 7 0 0 0 0 0 0 1 0
    9   26  204   f_170010      4848.176984  3.20000E+03  1.30008E+01  2.29976E+01  9.11132E+14   18  10  1 7 0 0 0 0 0 0 0 1
10   25    9       685.890015
   10    1  205   ne280002         0.000000  1.00000E+00  1.70107E+01  6.85890E+02  0.00000E+00    1   2  2 8 0 0 0 0 0 0 0 0
   10    2  206   ne271003       434.159481  1.44000E+02  1.27040E+01  2.51731E+02  1.66283E+11    1   3  2 7 1 0 0 0 0 0 0 0
   10    3  207   ne270104       559.196463  2.56000E+02  1.22038E+01  1.26694E+02  2.98282E+11    1   4  2 7 0 1 0 0 0 0 0 0
   10    4  208   ne270005       607.231926  4.00000E+02  1.20207E+01  7.86581E+01  1.39234E+11    1   5  2 7 0 0 1 0 0 0 0 0
   10    5  209   ne270006       630.638776  5.76000E+02  1.20900E+01  5.52512E+01  6.13190E+10    1   6  2 7 0 0 0 1 0 0 0 0
   10    6  210   ne270007       645.420079  7.84000E+02  1.20720E+01  4.04699E+01  3.39923E+10    1   7  2 7 0 0 0 0 1 0 0 0
   10    7  211   ne270008       655.238043  1.02400E+03  1.20072E+01  3.06520E+01  2.01112E+10    1   8  2 7 0 0 0 0 0 1 0 0
   10    8  212   ne270009       661.671748  1.29600E+03  1.20072E+01  2.42183E+01  1.20144E+10    1   9  2 7 0 0 0 0 0 0 1 0
   10    9  213   ne270010       666.294143  1.60000E+03  1.20009E+01  1.95959E+01  6.98231E+09    1  10  2 7 0 0 0 0 0 0 0 1
   10   10  214   ne262003       919.163499  4.28400E+03  1.32680E+01  2.34476E+02  3.53091E+13    2   3  2 6 2 0 0 0 0 0 0 0
   10   11  215   ne261104      1025.765899  1.61280E+04  1.22605E+01  1.27874E+02  6.84763E+12    2   4  2 6 1 1 0 0 0 0 0 0
   10   12  216   ne261005      1074.742114  2.52000E+04  1.20390E+01  7.88978E+01  2.45520E+12    2   5  2 6 1 0 1 0 0 0 0 0
   10   13  217   ne261006      1098.333843  3.62880E+04  1.20960E+01  5.53061E+01  1.21076E+12    2   6  2 6 1 0 0 1 0 0 0 0
   10   14  218   ne261007      1113.143183  4.93920E+04  1.20760E+01  4.04968E+01  7.73309E+11    2   7  2 6 1 0 0 0 1 0 0 0
   10   15  219   ne261008      1122.942001  6.45120E+04  1.20162E+01  3.06979E+01  5.87288E+11    2   8  2 6 1 0 0 0 0 1 0 0
   10   16  220   ne261009      1129.393431  8.16480E+04  1.20142E+01  2.42465E+01  4.98611E+11    2   9  2 6 1 0 0 0 0 0 1 0
   10   17  221   ne261010      1134.044075  1.00800E+05  1.20009E+01  1.95959E+01  4.52452E+11    2  10  2 6 1 0 0 0 0 0 0 1
   10   18  222   ne181003      4536.104399  3.60000E+01  1.27840E+01  2.49597E+02  1.12844E+15   18   3  1 8 1 0 0 0 0 0 0 0
   10   19  223   ne180104      4658.525636  6.40000E+01  1.22270E+01  1.27176E+02  1.11157E+15   18   4  1 8 0 1 0 0 0 0 0 0
   10   20  224   ne180005      4707.055243  1.00000E+02  1.20198E+01  7.86463E+01  1.10845E+15   18   5  1 8 0 0 1 0 0 0 0 0
   10   21  225   ne180006      4730.368004  1.44000E+02  1.20990E+01  5.53335E+01  1.10753E+15   18   6  1 8 0 0 0 1 0 0 0 0
   10   22  226   ne180007      4745.171240  1.96000E+02  1.20810E+01  4.05303E+01  1.10723E+15   18   7  1 8 0 0 0 0 1 0 0 0
   10   23  227   ne180008      4755.044983  2.56000E+02  1.20081E+01  3.06566E+01  1.10710E+15   18   8  1 8 0 0 0 0 0 1 0 0
   10   24  228   ne180009      4761.479653  3.24000E+02  1.20081E+01  2.42219E+01  1.10704E+15   18   9  1 8 0 0 0 0 0 0 1 0
   10   25  229   ne180010      4766.105679  4.00000E+02  1.20009E+01  1.95959E+01  1.10701E+15   18  10  1 8 0 0 0 0 0 0 0 1
11   24    8       249.832001
   11    1  230   na281003         0.000000  1.80000E+01  1.18000E+01  2.49832E+02  0.00000E+00    1   3  2 8 1 0 0 0 0 0 0 0
   11    2  231   na280104       142.527084  3.20000E+01  1.12316E+01  1.07305E+02  3.21942E+11    1   4  2 8 0 1 0 0 0 0 0 0
   11    3  232   na280005       183.694431  5.00000E+01  1.10228E+01  6.61376E+01  1.15393E+11    1   5  2 8 0 0 1 0 0 0 0 0
   11    4  233   na280006       203.243613  7.20000E+01  1.11020E+01  4.65884E+01  4.67658E+10    1   6  2 8 0 0 0 1 0 0 0 0
   11    5  234   na280007       215.728455  9.80000E+01  1.10820E+01  3.41035E+01  2.53116E+10    1   7  2 8 0 0 0 0 1 0 0 0
   11    6  235   na280008       224.068848  1.28000E+02  1.10082E+01  2.57632E+01  1.48537E+10    1   8  2 8 0 0 0 0 0 1 0 0
   11    7  236   na280009       229.476336  1.62000E+02  1.10082E+01  2.03557E+01  8.77117E+09    1   9  2 8 0 0 0 0 0 0 1 0
   11    8  237   na280010       233.365717  2.00000E+02  1.10010E+01  1.64663E+01  5.14021E+09    1  10  2 8 0 0 0 0 0 0 0 1
   11    9  238   na272003       424.994429  1.22400E+03  1.23640E+01  2.58997E+02  1.48871E+13    2   3  2 7 2 0 0 0 0 0 0 0
   11   10  239   na271104       575.600034  4.60800E+03  1.12883E+01  1.08391E+02  3.14342E+12    2   4  2 7 1 1 0 0 0 0 0 0
   11   11  240   na271005       617.634075  7.20000E+03  1.10411E+01  6.63574E+01  1.09215E+12    2   5  2 7 1 0 1 0 0 0 0 0
   11   12  241   na271006       637.352715  1.03680E+04  1.11080E+01  4.66388E+01  5.23513E+11    2   6  2 7 1 0 0 1 0 0 0 0
   11   13  242   na271007       649.863309  1.41120E+04  1.10860E+01  3.41282E+01  3.28457E+11    2   7  2 7 1 0 0 0 1 0 0 0
   11   14  243   na271008       658.186181  1.84320E+04  1.10172E+01  2.58053E+01  2.45247E+11    2   8  2 7 1 0 0 0 0 1 0 0
   11   15  244   na271009       663.609918  2.33280E+04  1.10152E+01  2.03816E+01  2.05166E+11    2   9  2 7 1 0 0 0 0 0 1 0
   11   16  245   na271010       667.525198  2.88000E+04  1.10010E+01  1.64663E+01  1.84191E+11    2  10  2 7 1 0 0 0 0 0 0 1
   11   17  246   na182003      4523.473692  3.06000E+02  1.24440E+01  2.62463E+02  1.07585E+15   18   3  1 8 2 0 0 0 0 0 0 0
   11   18  247   na181104      4677.098795  1.15200E+03  1.13115E+01  1.08838E+02  1.06175E+15   18   4  1 8 1 1 0 0 0 0 0 0
   11   19  248   na181005      4719.589814  1.80000E+03  1.10402E+01  6.63466E+01  1.05894E+15   18   5  1 8 1 0 1 0 0 0 0 0
   11   20  249   na181006      4739.222014  2.59200E+03  1.11170E+01  4.67144E+01  1.05814E+15   18   6  1 8 1 0 0 1 0 0 0 0
   11   21  250   na181007      4751.752785  3.52800E+03  1.10950E+01  3.41836E+01  1.05789E+15   18   7  1 8 1 0 0 0 1 0 0 0
   11   22  251   na181008      4760.126882  4.60800E+03  1.10181E+01  2.58095E+01  1.05778E+15   18   8  1 8 1 0 0 0 0 1 0 0
   11   23  252   na181009      4765.551506  5.83200E+03  1.10161E+01  2.03849E+01  1.05773E+15   18   9  1 8 1 0 0 0 0 0 1 0
   11   24  253   na181010      4769.470116  7.20000E+03  1.10010E+01  1.64663E+01  1.05770E+15   18  10  1 8 1 0 0 0 0 0 0 1
12   31    8       225.320007
   12    1  254   mg282003         0.000000  1.53000E+02  1.14600E+01  2.25320E+02  0.00000E+00    1   3  2 8 2 0 0 0 0 0 0 0
   12    2  255   mg281104       134.800283  5.76000E+02  1.03161E+01  9.05197E+01  2.44772E+11    1   4  2 8 1 1 0 0 0 0 0 0
   12    3  256   mg281005       170.417636  9.00000E+02  1.00432E+01  5.49024E+01  8.89749E+10    1   5  2 8 1 0 1 0 0 0 0 0
   12    4  257   mg281006       186.609991  1.29600E+03  1.01200E+01  3.87100E+01  3.43799E+10    1   6  2 8 1 0 0 1 0 0 0 0
   12    5  258   mg281007       197.015730  1.76400E+03  1.00960E+01  2.83043E+01  1.84728E+10    1   7  2 8 1 0 0 0 1 0 0 0
   12    6  259   mg281008       203.982776  2.30400E+03  1.00182E+01  2.13372E+01  1.08021E+10    1   8  2 8 1 0 0 0 0 1 0 0
   12    7  260   mg281009       208.467971  2.91600E+03  1.00162E+01  1.68520E+01  6.35017E+09    1   9  2 8 1 0 0 0 0 0 1 0
   12    8  261   mg281010       211.711151  3.60000E+03  1.00011E+01  1.36089E+01  3.90570E+09    1  10  2 8 1 0 0 0 0 0 0 1
   12    9  262   mg280204       273.898697  4.96000E+02  1.08766E+01  9.39484E+01  5.53800E+13    2   4  2 8 0 2 0 0 0 0 0 0
   12   10  263   mg280105       312.291035  1.60000E+03  1.01028E+01  5.55561E+01  6.22936E+13    2   5  2 8 0 1 1 0 0 0 0 0
   12   11  264   mg280106       328.968563  2.30400E+03  1.01420E+01  3.88785E+01  2.51703E+13    2   6  2 8 0 1 0 1 0 0 0 0
   12   12  265   mg280107       339.481097  3.13600E+03  1.01070E+01  2.83660E+01  1.18035E+13    2   7  2 8 0 1 0 0 1 0 0 0
   12   13  266   mg280108       346.480030  4.09600E+03  1.00252E+01  2.13671E+01  6.19667E+12    2   8  2 8 0 1 0 0 0 1 0 0
   12   14  267   mg280109       350.974858  5.18400E+03  1.00222E+01  1.68722E+01  3.56790E+12    2   9  2 8 0 1 0 0 0 0 1 0
   12   15  268   mg280110       354.211278  6.40000E+03  1.00110E+01  1.36358E+01  2.22551E+12    2  10  2 8 0 1 0 0 0 0 0 1
   12   16  269   mg273003       416.649891  6.52800E+03  1.20240E+01  2.33665E+02  3.95730E+13    9   3  2 7 3 0 0 0 0 0 0 0
   12   17  270   mg272104       558.796634  3.91680E+04  1.03728E+01  9.15178E+01  1.79641E+13    9   4  2 7 2 1 0 0 0 0 0 0
   12   18  271   mg272005       595.211765  6.12000E+04  1.00615E+01  5.51027E+01  1.47580E+13    9   5  2 7 2 0 1 0 0 0 0 0
   12   19  272   mg272006       611.558499  8.81280E+04  1.01260E+01  3.87559E+01  1.38865E+13    9   6  2 7 2 0 0 1 0 0 0 0
   12   20  273   mg272007       621.987724  1.19952E+05  1.01000E+01  2.83267E+01  1.35914E+13    9   7  2 7 2 0 0 0 1 0 0 0
   12   21  274   mg272008       628.938848  1.56672E+05  1.00272E+01  2.13756E+01  1.34667E+13    9   8  2 7 2 0 0 0 0 1 0 0
   12   22  275   mg272009       633.438835  1.98288E+05  1.00232E+01  1.68756E+01  1.34075E+13    9   9  2 7 2 0 0 0 0 0 1 0
   12   23  276   mg272010       636.705580  2.44800E+05  1.00011E+01  1.36089E+01  1.33771E+13    9  10  2 7 2 0 0 0 0 0 0 1
   12   24  277   mg183003      4511.801999  1.63200E+03  1.21040E+01  2.36992E+02  2.60139E+14   17   3  1 8 3 0 0 0 0 0 0 0
   12   25  278   mg182104      4656.865932  9.79200E+03  1.03960E+01  9.19278E+01  2.46485E+14   17   4  1 8 2 1 0 0 0 0 0 0
   12   26  279   mg182005      4693.700888  1.53000E+04  1.00606E+01  5.50928E+01  2.44027E+14   17   5  1 8 2 0 1 0 0 0 0 0
   12   27  280   mg182006      4709.968829  2.20320E+04  1.01350E+01  3.88249E+01  2.43338E+14   17   6  1 8 2 0 0 1 0 0 0 0
   12   28  281   mg182007      4720.416476  2.99880E+04  1.01090E+01  2.83772E+01  2.43118E+14   17   7  1 8 2 0 0 0 1 0 0 0
   12   29  282   mg182008      4727.414274  3.91680E+04  1.00281E+01  2.13794E+01  2.43030E+14   17   8  1 8 2 0 0 0 0 1 0 0
   12   30  283   mg182009      4731.915068  4.95720E+04  1.00241E+01  1.68786E+01  2.42985E+14   17   9  1 8 2 0 0 0 0 0 1 0
   12   31  284   mg182010      4735.184843  6.12000E+04  1.00011E+01  1.36089E+01  2.42962E+14   17  10  1 8 2 0 0 0 0 0 0 1
13   31    8       180.020004
   13    1  285   al283003         0.000000  8.16000E+02  1.11200E+01  1.80020E+02  0.00000E+00    1   3  2 8 3 0 0 0 0 0 0 0
   13    2  286   al282104       104.857522  4.89600E+03  9.40060E+00  7.51625E+01  1.24807E+11    1   4  2 8 2 1 0 0 0 0 0 0
   13    3  287   al282005       135.307142  7.65000E+03  9.06360E+00  4.47129E+01  5.55044E+10    1   5  2 8 2 0 1 0 0 0 0 0
   13    4  288   al282006       148.458847  1.10160E+04  9.13800E+00  3.15612E+01  2.14689E+10    1   6  2 8 2 0 0 1 0 0 0 0
   13    5  289   al282007       156.974766  1.49940E+04  9.11000E+00  2.30452E+01  1.17916E+10    1   7  2 8 2 0 0 0 1 0 0 0
   13    6  290   al282008       162.691782  1.95840E+04  9.02820E+00  1.73282E+01  6.99135E+09    1   8  2 8 2 0 0 0 0 1 0 0
   13    7  291   al282009       166.340884  2.47860E+04  9.02420E+00  1.36791E+01  4.11700E+09    1   9  2 8 2 0 0 0 0 0 1 0
   13    8  292   al282010       168.996435  3.06000E+04  9.00120E+00  1.10236E+01  2.78918E+09    1  10  2 8 2 0 0 0 0 0 0 1
   13    9  293   al281204       236.549554  8.92800E+03  9.96110E+00  7.82707E+01  1.03297E+14    2   4  2 8 1 2 0 0 0 0 0 0
   13   10  294   al281105       269.517354  2.88000E+04  9.12320E+00  4.53029E+01  5.17010E+13    2   5  2 8 1 1 1 0 0 0 0 0
   13   11  295   al281106       283.106960  4.14720E+04  9.16000E+00  3.17133E+01  2.04804E+13    2   6  2 8 1 1 0 1 0 0 0 0
   13   12  296   al281107       291.719358  5.64480E+04  9.12100E+00  2.31009E+01  9.59476E+12    2   7  2 8 1 1 0 0 1 0 0 0
   13   13  297   al281108       297.465182  7.37280E+04  9.03520E+00  1.73551E+01  5.02888E+12    2   8  2 8 1 1 0 0 0 1 0 0
   13   14  298   al281109       301.122970  9.33120E+04  9.03020E+00  1.36973E+01  2.88840E+12    2   9  2 8 1 1 0 0 0 0 1 0
   13   15  299   al281110       303.772455  1.15200E+05  9.01110E+00  1.10478E+01  1.79565E+12    2  10  2 8 1 1 0 0 0 0 0 1
   13   16  300   al274003       409.944647  2.44800E+04  1.16840E+01  1.86725E+02  7.00704E+13   16   3  2 7 4 0 0 0 0 0 0 0
   13   17  301   al273104       520.597759  2.08896E+05  9.45730E+00  7.60721E+01  4.06523E+13   16   4  2 7 3 1 0 0 0 0 0 0
   13   18  302   al273005       551.776265  3.26400E+05  9.08190E+00  4.48936E+01  3.68270E+13   16   5  2 7 3 0 1 0 0 0 0 0
   13   19  303   al273006       565.067273  4.70016E+05  9.14400E+00  3.16026E+01  3.58082E+13   16   6  2 7 3 0 0 1 0 0 0 0
   13   20  304   al273007       573.604413  6.39744E+05  9.11400E+00  2.30655E+01  3.54638E+13   16   7  2 7 3 0 0 0 1 0 0 0
   13   21  305   al273008       579.307105  8.35584E+05  9.03720E+00  1.73628E+01  3.53187E+13   16   8  2 7 3 0 0 0 0 1 0 0
   13   22  306   al273009       582.969543  1.05754E+06  9.03120E+00  1.37004E+01  3.52501E+13   16   9  2 7 3 0 0 0 0 0 1 0
   13   23  307   al273010       585.646326  1.30560E+06  9.00120E+00  1.10236E+01  3.52152E+13   16  10  2 7 3 0 0 0 0 0 0 1
   13   24  308   al184003      4502.248489  6.12000E+03  1.17640E+01  1.89574E+02  2.72232E+14   24   3  1 8 4 0 0 0 0 0 0 0
   13   25  309   al183104      4615.376084  5.22240E+04  9.48050E+00  7.64459E+01  2.58930E+14   24   4  1 8 3 1 0 0 0 0 0 0
   13   26  310   al183005      4646.937272  8.16000E+04  9.08100E+00  4.48847E+01  2.56848E+14   24   5  1 8 3 0 1 0 0 0 0 0
   13   27  311   al183006      4660.157133  1.17504E+05  9.15300E+00  3.16649E+01  2.56269E+14   24   6  1 8 3 0 0 1 0 0 0 0
   13   28  312   al183007      4668.710940  1.59936E+05  9.12300E+00  2.31111E+01  2.56087E+14   24   7  1 8 3 0 0 0 1 0 0 0
   13   29  313   al183008      4674.455755  2.08896E+05  9.03810E+00  1.73662E+01  2.56013E+14   24   8  1 8 3 0 0 0 0 1 0 0
   13   30  314   al183009      4678.118920  2.64384E+05  9.03210E+00  1.37031E+01  2.55977E+14   24   9  1 8 3 0 0 0 0 0 1 0
   13   31  315   al183010      4680.798434  3.26400E+05  9.00120E+00  1.10236E+01  2.55958E+14   24  10  1 8 3 0 0 0 0 0 0 1
14   31    8       158.699997
   14    1  316   si284003         0.000000  3.06000E+03  1.07800E+01  1.58700E+02  0.00000E+00    1   3  2 8 4 0 0 0 0 0 0 0
   14    2  317   si283104        97.467244  2.61120E+04  8.48510E+00  6.12328E+01  8.88518E+10    1   4  2 8 3 1 0 0 0 0 0 0
   14    3  318   si283005       123.131184  4.08000E+04  8.08400E+00  3.55688E+01  4.01799E+10    1   5  2 8 3 0 1 0 0 0 0 0
   14    4  319   si283006       133.558303  5.87520E+04  8.15600E+00  2.51417E+01  1.47250E+10    1   6  2 8 3 0 0 1 0 0 0 0
   14    5  320   si283007       140.373635  7.99680E+04  8.12400E+00  1.83264E+01  7.99214E+09    1   7  2 8 3 0 0 0 1 0 0 0
   14    6  321   si283008       144.963911  1.04448E+05  8.03820E+00  1.37361E+01  4.70934E+09    1   8  2 8 3 0 0 0 0 1 0 0
   14    7  322   si283009       147.863106  1.32192E+05  8.03220E+00  1.08369E+01  2.75062E+09    1   9  2 8 3 0 0 0 0 0 1 0
   14    8  323   si283010       149.989593  1.63200E+05  8.00130E+00  8.71040E+00  2.33382E+09    1  10  2 8 3 0 0 0 0 0 0 1
   14    9  324   si282204       199.536846  7.58880E+04  9.04560E+00  6.40207E+01  1.07550E+14    2   4  2 8 2 2 0 0 0 0 0 0
   14   10  325   si282105       227.462236  2.44800E+05  8.14360E+00  3.60953E+01  4.15900E+13    2   5  2 8 2 1 1 0 0 0 0 0
   14   11  326   si282106       238.279995  3.52512E+05  8.17800E+00  2.52775E+01  1.63089E+13    2   6  2 8 2 1 0 1 0 0 0 0
   14   12  327   si282107       245.181492  4.79808E+05  8.13500E+00  1.83760E+01  7.60557E+12    2   7  2 8 2 1 0 0 1 0 0 0
   14   13  328   si282108       249.797498  6.26688E+05  8.04520E+00  1.37600E+01  3.95500E+12    2   8  2 8 2 1 0 0 0 1 0 0
   14   14  329   si282109       252.704431  7.93152E+05  8.03820E+00  1.08531E+01  2.24370E+12    2   9  2 8 2 1 0 0 0 0 1 0
   14   15  330   si282110       254.825546  9.79200E+05  8.01120E+00  8.73197E+00  1.37046E+12    2  10  2 8 2 1 0 0 0 0 0 1
   14   16  331   si275003       404.032538  6.85440E+04  1.13440E+01  1.64612E+02  1.02581E+14   16   3  2 7 5 0 0 0 0 0 0 0
   14   17  332   si274104       506.590636  7.83360E+05  8.54180E+00  6.20540E+01  6.74819E+13   16   4  2 7 4 1 0 0 0 0 0 0
   14   18  333   si274005       532.914591  1.22400E+06  8.10230E+00  3.57301E+01  6.33901E+13   16   5  2 7 4 0 1 0 0 0 0 0
   14   19  334   si274006       543.465942  1.76256E+06  8.16200E+00  2.51787E+01  6.23230E+13   16   6  2 7 4 0 0 1 0 0 0 0
   14   20  335   si274007       550.300229  2.39904E+06  8.12800E+00  1.83444E+01  6.19705E+13   16   7  2 7 4 0 0 0 1 0 0 0
   14   21  336   si274008       554.877780  3.13344E+06  8.04720E+00  1.37669E+01  6.18221E+13   16   8  2 7 4 0 0 0 0 1 0 0
   14   22  337   si274009       557.788855  3.96576E+06  8.03920E+00  1.08558E+01  6.17523E+13   16   9  2 7 4 0 0 0 0 0 1 0
   14   23  338   si274010       559.934239  4.89600E+06  8.00130E+00  8.71040E+00  6.17172E+13   16  10  2 7 4 0 0 0 0 0 0 1
   14   24  339   si185003      4493.623691  1.71360E+04  1.14240E+01  1.67325E+02  2.82579E+14   24   3  1 8 5 0 0 0 0 0 0 0
   14   25  340   si184104      4598.556865  1.95840E+05  8.56500E+00  6.23916E+01  2.69773E+14   24   4  1 8 4 1 0 0 0 0 0 0
   14   26  341   si184005      4625.226372  3.06000E+05  8.10140E+00  3.57221E+01  2.67983E+14   24   5  1 8 4 0 1 0 0 0 0 0
   14   27  342   si184006      4635.714220  4.40640E+05  8.17100E+00  2.52343E+01  2.67494E+14   24   6  1 8 4 0 0 1 0 0 0 0
   14   28  343   si184007      4642.563421  5.99760E+05  8.13700E+00  1.83851E+01  2.67343E+14   24   7  1 8 4 0 0 0 1 0 0 0
   14   29  344   si184008      4647.178542  7.83360E+05  8.04810E+00  1.37699E+01  2.67283E+14   24   8  1 8 4 0 0 0 0 1 0 0
   14   30  345   si184009      4650.090266  9.91440E+05  8.04010E+00  1.08582E+01  2.67253E+14   24   9  1 8 4 0 0 0 0 0 1 0
   14   31  346   si184010      4652.238082  1.22400E+06  8.00130E+00  8.71040E+00  2.67238E+14   24  10  1 8 4 0 0 0 0 0 0 1
15   31    8       137.000000
   15    1  347   p_285003         0.000000  8.56800E+03  1.04400E+01  1.37000E+02  0.00000E+00    1   3  2 8 5 0 0 0 0 0 0 0
   15    2  348   p_284104        88.269859  9.79200E+04  7.56960E+00  4.87301E+01  5.76670E+10    1   4  2 8 4 1 0 0 0 0 0 0
   15    3  349   p_284005       109.529981  1.53000E+05  7.10440E+00  2.74700E+01  2.72985E+10    1   5  2 8 4 0 1 0 0 0 0 0
   15    4  350   p_284006       117.548481  2.20320E+05  7.17400E+00  1.94515E+01  9.48485E+09    1   6  2 8 4 0 0 1 0 0 0 0
   15    5  351   p_284007       122.852412  2.99880E+05  7.13800E+00  1.41476E+01  5.10142E+09    1   7  2 8 4 0 0 0 1 0 0 0
   15    6  352   p_284008       126.439213  3.91680E+05  7.04820E+00  1.05608E+01  2.99077E+09    1   8  2 8 4 0 0 0 0 1 0 0
   15    7  353   p_284009       128.674675  4.95720E+05  7.04020E+00  8.32533E+00  1.73147E+09    1   9  2 8 4 0 0 0 0 0 1 0
   15    8  354   p_284010       130.330653  6.12000E+05  7.00140E+00  6.66935E+00  3.39349E+09    1  10  2 8 4 0 0 0 0 0 0 1
   15    9  355   p_283204       183.269435  4.04736E+05  8.13010E+00  5.11978E+01  7.73848E+13    2   4  2 8 3 2 0 0 0 0 0 0
   15   10  356   p_283105       206.534344  1.30560E+06  7.16400E+00  2.79329E+01  3.26937E+13    2   5  2 8 3 1 1 0 0 0 0 0
   15   11  357   p_283106       214.896232  1.88006E+06  7.19600E+00  1.95710E+01  1.27893E+13    2   6  2 8 3 1 0 1 0 0 0 0
   15   12  358   p_283107       220.276016  2.55898E+06  7.14900E+00  1.41912E+01  5.95819E+12    2   7  2 8 3 1 0 0 1 0 0 0
   15   13  359   p_283108       223.885469  3.34234E+06  7.05520E+00  1.05818E+01  3.09315E+12    2   8  2 8 3 1 0 0 0 1 0 0
   15   14  360   p_283109       226.127722  4.23014E+06  7.04620E+00  8.33952E+00  1.75006E+12    2   9  2 8 3 1 0 0 0 0 1 0
   15   15  361   p_283110       227.779023  5.22240E+06  7.01130E+00  6.68822E+00  1.06658E+12    2  10  2 8 3 1 0 0 0 0 0 1
   15   16  362   p_276003       398.971678  1.48512E+05  1.10040E+01  1.42061E+02  1.30380E+14   16   3  2 7 6 0 0 0 0 0 0 0
   15   17  363   p_275104       491.569518  2.19341E+06  7.62630E+00  4.94630E+01  9.25987E+13   16   4  2 7 5 1 0 0 0 0 0 0
   15   18  364   p_275005       513.420804  3.42720E+06  7.12270E+00  2.76117E+01  8.86389E+13   16   5  2 7 5 0 1 0 0 0 0 0
   15   19  365   p_275006       521.548466  4.93517E+06  7.18000E+00  1.94841E+01  8.76348E+13   16   6  2 7 5 0 0 1 0 0 0 0
   15   20  366   p_275007       526.869088  6.71731E+06  7.14200E+00  1.41634E+01  8.73074E+13   16   7  2 7 5 0 0 0 1 0 0 0
   15   21  367   p_275008       530.444762  8.77363E+06  7.05720E+00  1.05878E+01  8.71698E+13   16   8  2 7 5 0 0 0 0 1 0 0
   15   22  368   p_275009       532.690648  1.11041E+07  7.04720E+00  8.34189E+00  8.71051E+13   16   9  2 7 5 0 0 0 0 0 1 0
   15   23  369   p_275010       534.363191  1.37088E+07  7.00140E+00  6.66935E+00  8.70744E+13   16  10  2 7 5 0 0 0 0 0 0 1
   15   24  370   p_186003      4486.005916  3.71280E+04  1.10840E+01  1.44618E+02  2.91264E+14   24   3  1 8 6 0 0 0 0 0 0 0
   15   25  371   p_185104      4580.859219  5.48352E+05  7.64950E+00  4.97645E+01  2.78968E+14   24   4  1 8 5 1 0 0 0 0 0 0
   15   26  372   p_185005      4603.018936  8.56800E+05  7.12180E+00  2.76048E+01  2.77452E+14   24   5  1 8 5 0 1 0 0 0 0 0
   15   27  373   p_185006      4611.090739  1.23379E+06  7.18900E+00  1.95330E+01  2.77048E+14   24   6  1 8 5 0 0 1 0 0 0 0
   15   28  374   p_185007      4616.424521  1.67933E+06  7.15100E+00  1.41992E+01  2.76926E+14   24   7  1 8 5 0 0 0 1 0 0 0
   15   29  375   p_185008      4620.033215  2.19341E+06  7.05810E+00  1.05905E+01  2.76877E+14   24   8  1 8 5 0 0 0 0 1 0 0
   15   30  376   p_185009      4622.279671  2.77603E+06  7.04810E+00  8.34402E+00  2.76853E+14   24   9  1 8 5 0 0 0 0 0 1 0
   15   31  377   p_185010      4623.954345  3.42720E+06  7.00140E+00  6.66935E+00  2.76843E+14   24  10  1 8 5 0 0 0 0 0 0 1
16   31    8       111.099998
   16    1  378   s_286003         0.000000  1.85640E+04  1.01000E+01  1.11100E+02  0.00000E+00    1   3  2 8 6 0 0 0 0 0 0 0
   16    2  379   s_285104        73.445709  2.74176E+05  6.65410E+00  3.76543E+01  2.99530E+10    1   4  2 8 5 1 0 0 0 0 0 0
   16    3  380   s_285005        90.683701  4.28400E+05  6.12480E+00  2.04163E+01  1.61670E+10    1   5  2 8 5 0 1 0 0 0 0 0
   16    4  381   s_285006        96.609459  6.16896E+05  6.19200E+00  1.44905E+01  5.30824E+09    1   6  2 8 5 0 0 1 0 0 0 0
   16    5  382   s_285007       100.591134  8.39664E+05  6.15200E+00  1.05089E+01  2.87212E+09    1   7  2 8 5 0 0 0 1 0 0 0
   16    6  383   s_285008       103.297706  1.09670E+06  6.05820E+00  7.80229E+00  1.69111E+09    1   8  2 8 5 0 0 0 0 1 0 0
   16    7  384   s_285009       104.955597  1.38802E+06  6.04820E+00  6.14440E+00  9.71131E+08    1   9  2 8 5 0 0 0 0 0 1 0
   16    8  385   s_285010       106.199617  1.71360E+06  6.00150E+00  4.90038E+00  5.18119E+11    1  10  2 8 5 0 0 0 0 0 0 1
   16    9  386   s_284204       159.568081  1.51776E+06  7.21460E+00  3.98018E+01  5.13707E+13    2   4  2 8 4 2 0 0 0 0 0 0
   16   10  387   s_284105       178.554258  4.89600E+06  6.18440E+00  2.08156E+01  2.48618E+13    2   5  2 8 4 1 1 0 0 0 0 0
   16   11  388   s_284106       184.776161  7.05024E+06  6.21400E+00  1.45937E+01  9.72969E+12    2   6  2 8 4 1 0 1 0 0 0 0
   16   12  389   s_284107       188.823378  9.59616E+06  6.16300E+00  1.05465E+01  4.52699E+12    2   7  2 8 4 1 0 0 1 0 0 0
   16   13  390   s_284108       191.549524  1.25338E+07  6.06520E+00  7.82033E+00  2.34486E+12    2   8  2 8 4 1 0 0 0 1 0 0
   16   14  391   s_284109       193.213259  1.58630E+07  6.05420E+00  6.15660E+00  1.32200E+12    2   9  2 8 4 1 0 0 0 0 1 0
   16   15  392   s_284110       194.453295  1.95840E+07  6.01140E+00  4.91656E+00  1.31395E+12    2  10  2 8 4 1 0 0 0 0 0 1
   16   16  393   s_277003       394.958461  2.54592E+05  1.06640E+01  1.15113E+02  1.57150E+14   16   3  2 7 7 0 0 0 0 0 0 0
   16   17  394   s_276104       471.772861  4.75238E+06  6.71080E+00  3.82988E+01  1.17382E+14   16   4  2 7 6 1 0 0 0 0 0 0
   16   18  395   s_276005       489.533186  7.42560E+06  6.14310E+00  2.05385E+01  1.13764E+14   16   5  2 7 6 0 1 0 0 0 0 0
   16   19  396   s_276006       495.553039  1.06929E+07  6.19800E+00  1.45186E+01  1.12869E+14   16   6  2 7 6 0 0 1 0 0 0 0
   16   20  397   s_276007       499.549141  1.45542E+07  6.15600E+00  1.05225E+01  1.12586E+14   16   7  2 7 6 0 0 0 1 0 0 0
   16   21  398   s_276008       502.246184  1.90095E+07  6.06720E+00  7.82549E+00  1.12467E+14   16   8  2 7 6 0 0 0 0 1 0 0
   16   22  399   s_276009       503.913043  2.40589E+07  6.05520E+00  6.15863E+00  1.12411E+14   16   9  2 7 6 0 0 0 0 0 1 0
   16   23  400   s_276010       505.171294  2.97024E+07  6.00150E+00  4.90038E+00  1.12912E+14   16  10  2 7 6 0 0 0 0 0 0 1
   16   24  401   s_187003      4479.696454  6.36480E+04  1.07440E+01  1.17409E+02  2.98772E+14   24   3  1 8 7 0 0 0 0 0 0 0
   16   25  402   s_186104      4558.541801  1.18810E+06  6.73400E+00  3.85641E+01  2.86895E+14   24   4  1 8 6 1 0 0 0 0 0 0
   16   26  403   s_186005      4576.573443  1.85640E+06  6.14220E+00  2.05325E+01  2.85650E+14   24   5  1 8 6 0 1 0 0 0 0 0
   16   27  404   s_186006      4582.545080  2.67322E+06  6.20700E+00  1.45608E+01  2.85328E+14   24   6  1 8 6 0 0 1 0 0 0 0
   16   28  405   s_186007      4586.552588  3.63854E+06  6.16500E+00  1.05533E+01  2.85233E+14   24   7  1 8 6 0 0 0 1 0 0 0
   16   29  406   s_186008      4589.278100  4.75238E+06  6.06810E+00  7.82781E+00  2.85196E+14   24   8  1 8 6 0 0 0 0 1 0 0
   16   30  407   s_186009      4590.945451  6.01474E+06  6.05610E+00  6.16046E+00  2.85177E+14   24   9  1 8 6 0 0 0 0 0 1 0
   16   31  408   s_186010      4592.205533  7.42560E+06  6.00150E+00  4.90038E+00  2.85699E+14   24  10  1 8 6 0 0 0 0 0 0 1
17   31    8        91.660004
   17    1  409   cl287003         0.000000  3.18240E+04  9.76000E+00  9.16600E+01  0.00000E+00    1   3  2 8 7 0 0 0 0 0 0 0
   17    2  410   cl286104        63.655119  5.94048E+05  5.73860E+00  2.80049E+01  1.59643E+10    1   4  2 8 6 1 0 0 0 0 0 0
   17    3  411   cl286005        77.252514  9.28200E+05  5.14520E+00  1.44075E+01  9.31420E+09    1   5  2 8 6 0 1 0 0 0 0 0
   17    4  412   cl286006        81.401331  1.33661E+06  5.21000E+00  1.02587E+01  2.77564E+09    1   6  2 8 6 0 0 1 0 0 0 0
   17    5  413   cl286007        84.249859  1.81927E+06  5.16600E+00  7.41014E+00  1.49556E+09    1   7  2 8 6 0 0 0 1 0 0 0
   17    6  414   cl286008        86.199428  2.37619E+06  5.06820E+00  5.46058E+00  8.79906E+08    1   8  2 8 6 0 0 0 0 1 0 0
   17    7  415   cl286009        87.365900  3.00737E+06  5.05620E+00  4.29410E+00  4.98575E+08    1   9  2 8 6 0 0 0 0 0 1 0
   17    8  416   cl286010        88.256506  3.71280E+06  5.00160E+00  3.40350E+00  5.61388E+08    1  10  2 8 6 0 0 0 0 0 0 1
   17    9  417   cl285204       135.273461  4.24973E+06  6.29910E+00  2.98323E+01  4.93492E+13    2   4  2 8 5 2 0 0 0 0 0 0
   17   10  418   cl285105       150.362490  1.37088E+07  5.20480E+00  1.47432E+01  1.84649E+13    2   5  2 8 5 1 1 0 0 0 0 0
   17   11  419   cl285106       154.760216  1.97407E+07  5.23200E+00  1.03455E+01  7.45671E+12    2   6  2 8 5 1 0 1 0 0 0 0
   17   12  420   cl285107       157.663977  2.68692E+07  5.17700E+00  7.44174E+00  3.46245E+12    2   7  2 8 5 1 0 0 1 0 0 0
   17   13  421   cl285108       159.630042  3.50945E+07  5.07520E+00  5.47567E+00  1.78725E+12    2   8  2 8 5 1 0 0 0 1 0 0
   17   14  422   cl285109       160.801411  4.44165E+07  5.06220E+00  4.30430E+00  1.00203E+12    2   9  2 8 5 1 0 0 0 0 1 0
   17   15  423   cl285110       161.688727  5.48352E+07  5.01150E+00  3.41699E+00  6.01401E+11    2  10  2 8 5 1 0 0 0 0 0 1
   17   16  424   cl278003       391.799026  3.50064E+05  1.03240E+01  9.48194E+01  1.77096E+14   16   3  2 7 8 0 0 0 0 0 0 0
   17   17  425   cl277104       458.057391  8.14694E+06  5.79530E+00  2.85611E+01  1.37158E+14   16   4  2 7 7 1 0 0 0 0 0 0
   17   18  426   cl277005       472.108301  1.27296E+07  5.16350E+00  1.45102E+01  1.34062E+14   16   5  2 7 7 0 1 0 0 0 0 0
   17   19  427   cl277006       476.336149  1.83306E+07  5.21600E+00  1.02823E+01  1.33325E+14   16   6  2 7 7 0 0 1 0 0 0 0
   17   20  428   cl277007       479.196840  2.49500E+07  5.17000E+00  7.42162E+00  1.33096E+14   16   7  2 7 7 0 0 0 1 0 0 0
   17   21  429   cl277008       481.138478  3.25878E+07  5.07720E+00  5.47999E+00  1.33001E+14   16   8  2 7 7 0 0 0 0 1 0 0
   17   22  430   cl277009       482.312462  4.12439E+07  5.06320E+00  4.30600E+00  1.32956E+14   16   9  2 7 7 0 0 0 0 0 1 0
   17   23  431   cl277010       483.214966  5.09184E+07  5.00160E+00  3.40350E+00  1.32933E+14   16  10  2 7 7 0 0 0 0 0 0 1
   17   24  432   cl188003      4474.397545  8.75160E+04  1.04040E+01  9.69589E+01  3.04920E+14   24   3  1 8 8 0 0 0 0 0 0 0
   17   25  433   cl187104      4542.566230  2.03674E+06  5.81850E+00  2.87902E+01  2.93489E+14   24   4  1 8 7 1 0 0 0 0 0 0
   17   26  434   cl187005      4556.851352  3.18240E+06  5.16260E+00  1.45051E+01  2.92494E+14   24   5  1 8 7 0 1 0 0 0 0 0
   17   27  435   cl187006      4561.038626  4.58266E+06  5.22500E+00  1.03178E+01  2.92246E+14   24   6  1 8 7 0 0 1 0 0 0 0
   17   28  436   cl187007      4563.908970  6.23750E+06  5.17900E+00  7.44749E+00  2.92175E+14   24   7  1 8 7 0 0 0 1 0 0 0
   17   29  437   cl187008      4565.874528  8.14694E+06  5.07810E+00  5.48193E+00  2.92148E+14   24   8  1 8 7 0 0 0 0 1 0 0
   17   30  438   cl187009      4567.048925  1.03110E+07  5.06410E+00  4.30753E+00  2.92134E+14   24   9  1 8 7 0 0 0 0 0 1 0
   17   31  439   cl187010      4567.952959  1.27296E+07  5.00160E+00  3.40350E+00  2.92127E+14   24  10  1 8 7 0 0 0 0 0 0 1
18   31    8        73.470001
   18    1  440   ar288003         0.000000  4.37580E+04  9.42000E+00  7.34700E+01  0.00000E+00    1   3  2 8 8 0 0 0 0 0 0 0
   18    2  441   ar287104        53.688350  1.01837E+06  4.82310E+00  1.97817E+01  7.59134E+09    1   4  2 8 7 1 0 0 0 0 0 0
   18    3  442   ar287005        64.026540  1.59120E+06  4.16560E+00  9.44346E+00  4.80977E+09    1   5  2 8 7 0 1 0 0 0 0 0
   18    4  443   ar287006        66.714152  2.29133E+06  4.22800E+00  6.75585E+00  1.22890E+09    1   6  2 8 7 0 0 1 0 0 0 0
   18    5  444   ar287007        68.618612  3.11875E+06  4.18000E+00  4.85139E+00  6.57629E+08    1   7  2 8 7 0 0 0 1 0 0 0
   18    6  445   ar287008        69.934389  4.07347E+06  4.07820E+00  3.53561E+00  3.87497E+08    1   8  2 8 7 0 0 0 0 1 0 0
   18    7  446   ar287009        70.695586  5.15549E+06  4.06420E+00  2.77442E+00  2.15031E+08    1   9  2 8 7 0 0 0 0 0 1 0
   18    8  447   ar287010        71.291316  6.36480E+06  4.00170E+00  2.17868E+00  1.84465E+08    1  10  2 8 7 0 0 0 0 0 0 1
   18    9  448   ar286204       115.836171  9.20774E+06  5.38360E+00  2.12889E+01  3.56789E+13    2   4  2 8 6 2 0 0 0 0 0 0
   18   10  449   ar286105       127.409489  2.97024E+07  4.22520E+00  9.71563E+00  1.51266E+13    2   5  2 8 6 1 1 0 0 0 0 0
   18   11  450   ar286106       130.298779  4.27715E+07  4.25000E+00  6.82634E+00  6.03524E+12    2   6  2 8 6 1 0 1 0 0 0 0
   18   12  451   ar286107       132.248164  5.82167E+07  4.19100E+00  4.87696E+00  2.79863E+12    2   7  2 8 6 1 0 0 1 0 0 0
   18   13  452   ar286108       133.577360  7.60381E+07  4.08520E+00  3.54776E+00  1.44118E+12    2   8  2 8 6 1 0 0 0 1 0 0
   18   14  453   ar286109       134.342507  9.62358E+07  4.07020E+00  2.78261E+00  8.04932E+11    2   9  2 8 6 1 0 0 0 0 1 0
   18   15  454   ar286110       134.935642  1.18810E+08  4.01160E+00  2.18948E+00  4.80115E+11    2  10  2 8 6 1 0 0 0 0 0 1
   18   16  455   ar279003       389.496390  3.88960E+05  9.98400E+00  7.57726E+01  1.88150E+14   16   3  2 7 9 0 0 0 0 0 0 0
   18   17  456   ar278104       445.019508  1.12020E+07  4.87980E+00  2.02495E+01  1.49704E+14   16   4  2 7 8 1 0 0 0 0 0 0
   18   18  457   ar278005       455.742409  1.75032E+07  4.18390E+00  9.52662E+00  1.47271E+14   16   5  2 7 8 0 1 0 0 0 0 0
   18   19  458   ar278006       458.493990  2.52046E+07  4.23400E+00  6.77504E+00  1.46713E+14   16   6  2 7 8 0 0 1 0 0 0 0
   18   20  459   ar278007       460.408349  3.43063E+07  4.18400E+00  4.86068E+00  1.46546E+14   16   7  2 7 8 0 0 0 1 0 0 0
   18   21  460   ar278008       461.717793  4.48082E+07  4.08720E+00  3.55123E+00  1.46476E+14   16   8  2 7 8 0 0 0 0 1 0 0
   18   22  461   ar278009       462.485047  5.67104E+07  4.07120E+00  2.78398E+00  1.46443E+14   16   9  2 7 8 0 0 0 0 0 1 0
   18   23  462   ar278010       463.090343  7.00128E+07  4.00170E+00  2.17868E+00  1.46426E+14   16  10  2 7 8 0 0 0 0 0 0 1
   18   24  463   ar189003      4470.101748  9.72400E+04  1.00640E+01  7.77658E+01  3.10545E+14   24   3  1 8 9 0 0 0 0 0 0 0
   18   25  464   ar188104      4527.425010  2.80051E+06  4.90300E+00  2.04425E+01  2.99466E+14   24   4  1 8 8 1 0 0 0 0 0 0
   18   26  465   ar188005      4538.345026  4.37580E+06  4.18300E+00  9.52252E+00  2.98718E+14   24   5  1 8 8 0 1 0 0 0 0 0
   18   27  466   ar188006      4541.063674  6.30115E+06  4.24300E+00  6.80387E+00  2.98540E+14   24   6  1 8 8 0 0 1 0 0 0 0
   18   28  467   ar188007      4542.985933  8.57657E+06  4.19300E+00  4.88161E+00  2.98491E+14   24   7  1 8 8 0 0 0 1 0 0 0
   18   29  468   ar188008      4544.314747  1.12020E+07  4.08810E+00  3.55280E+00  2.98472E+14   24   8  1 8 8 0 0 0 0 1 0 0
   18   30  469   ar188009      4545.082334  1.41776E+07  4.07210E+00  2.78521E+00  2.98463E+14   24   9  1 8 8 0 0 0 0 0 1 0
   18   31  470   ar188010      4545.688861  1.75032E+07  4.00170E+00  2.17868E+00  2.98458E+14   24  10  1 8 8 0 0 0 0 0 0 1
19   31    8        24.760000
   19    1  471   k_289003         0.000000  4.86200E+04  9.08000E+00  2.47600E+01  0.00000E+00    1   3  2 8 9 0 0 0 0 0 0 0
   19    2  472   k_288104        18.138458  1.40026E+06  3.90760E+00  6.62154E+00  5.76939E+08    1   4  2 8 8 1 0 0 0 0 0 0
   19    3  473   k_288005        19.235901  2.18790E+06  3.18600E+00  5.52410E+00  1.70470E+08    1   5  2 8 8 0 1 0 0 0 0 0
   19    4  474   k_288006        20.777989  3.15058E+06  3.24600E+00  3.98201E+00  1.27560E+08    1   6  2 8 8 0 0 1 0 0 0 0
   19    5  475   k_288007        21.927435  4.28828E+06  3.19400E+00  2.83257E+00  1.07789E+08    1   7  2 8 8 0 0 0 1 0 0 0
   19    6  476   k_288008        22.732618  5.60102E+06  3.08820E+00  2.02738E+00  7.73091E+07    1   8  2 8 8 0 0 0 0 1 0 0
   19    7  477   k_288009        23.174676  7.08880E+06  3.07220E+00  1.58532E+00  4.16674E+07    1   9  2 8 8 0 0 0 0 0 1 0
   19    8  478   k_288010        23.534066  8.75160E+06  3.00180E+00  1.22593E+00  7.48047E+07    1  10  2 8 8 0 0 0 0 0 0 1
   19    9  479   k_287204        71.221343  1.57847E+07  4.46810E+00  7.22701E+00  3.17544E+13    2   4  2 8 7 2 0 0 0 0 0 0
   19   10  480   k_287105        72.715636  5.09184E+07  3.24560E+00  5.73271E+00  1.40609E+13    2   5  2 8 7 1 1 0 0 0 0 0
   19   11  481   k_287106        74.412178  7.33225E+07  3.26800E+00  4.03617E+00  5.93801E+12    2   6  2 8 7 1 0 1 0 0 0 0
   19   12  482   k_287107        75.596241  9.98001E+07  3.20500E+00  2.85211E+00  2.75035E+12    2   7  2 8 7 1 0 0 1 0 0 0
   19   13  483   k_287108        76.411766  1.30351E+08  3.09520E+00  2.03658E+00  1.41339E+12    2   8  2 8 7 1 0 0 0 1 0 0
   19   14  484   k_287109        76.856827  1.64976E+08  3.07820E+00  1.59152E+00  7.86819E+11    2   9  2 8 7 1 0 0 0 0 1 0
   19   15  485   k_287110        77.214316  2.03674E+08  3.01170E+00  1.23403E+00  4.66920E+11    2  10  2 8 7 1 0 0 0 0 0 1
   19   16  486   k_27a003       388.869075  3.50064E+05  9.64400E+00  2.53873E+01  1.87114E+14   16   3  2 710 0 0 0 0 0 0 0
   19   17  487   k_279104       407.441286  1.24467E+07  3.96430E+00  6.81510E+00  1.52044E+14   16   4  2 7 9 1 0 0 0 0 0 0
   19   18  488   k_279005       408.668648  1.94480E+07  3.20430E+00  5.58774E+00  1.50319E+14   16   5  2 7 9 0 1 0 0 0 0 0
   19   19  489   k_279006       410.259644  2.80051E+07  3.25200E+00  3.99675E+00  1.49942E+14   16   6  2 7 9 0 0 1 0 0 0 0
   19   20  490   k_279007       411.416726  3.81181E+07  3.19800E+00  2.83966E+00  1.49833E+14   16   7  2 7 9 0 0 0 1 0 0 0
   19   21  491   k_279008       412.217173  4.97869E+07  3.09720E+00  2.03922E+00  1.49788E+14   16   8  2 7 9 0 0 0 0 1 0 0
   19   22  492   k_279009       412.663833  6.30115E+07  3.07920E+00  1.59256E+00  1.49766E+14   16   9  2 7 9 0 0 0 0 0 1 0
   19   23  493   k_279010       413.030456  7.77920E+07  3.00180E+00  1.22593E+00  1.49755E+14   16  10  2 7 9 0 0 0 0 0 0 1
   19   24  494   k_18a003      4468.657385  8.75160E+04  9.72400E+00  2.62044E+01  3.15744E+14   24   3  1 810 0 0 0 0 0 0 0
   19   25  495   k_189104      4487.966640  3.11168E+06  3.98750E+00  6.89511E+00  3.04892E+14   24   4  1 8 9 1 0 0 0 0 0 0
   19   26  496   k_189005      4489.277145  4.86200E+06  3.20340E+00  5.58460E+00  3.04371E+14   24   5  1 8 9 0 1 0 0 0 0 0
   19   27  497   k_189006      4490.842849  7.00128E+06  3.26100E+00  4.01890E+00  3.04256E+14   24   6  1 8 9 0 0 1 0 0 0 0
   19   28  498   k_189007      4492.006078  9.52952E+06  3.20700E+00  2.85567E+00  3.04226E+14   24   7  1 8 9 0 0 0 1 0 0 0
   19   29  499   k_189008      4492.821346  1.24467E+07  3.09810E+00  2.04040E+00  3.04215E+14   24   8  1 8 9 0 0 0 0 1 0 0
   19   30  500   k_189009      4493.268260  1.57529E+07  3.08010E+00  1.59349E+00  3.04209E+14   24   9  1 8 9 0 0 0 0 0 1 0
   19   31  501   k_189010      4493.635814  1.94480E+07  3.00180E+00  1.22593E+00  3.04206E+14   24  10  1 8 9 0 0 0 0 0 0 1
20   31    8        12.800000
   20    1  502   ca28a003         0.000000  4.37580E+04  8.74000E+00  1.28000E+01  0.00000E+00    1   3  2 810 0 0 0 0 0 0 0
   20    2  503   ca289104         9.849289  1.55584E+06  2.99210E+00  2.95071E+00  1.22766E+08    1   4  2 8 9 1 0 0 0 0 0 0
   20    3  504   ca289005        10.150683  2.43100E+06  2.20640E+00  2.64932E+00  3.11295E+07    1   5  2 8 9 0 1 0 0 0 0 0
   20    4  505   ca289006        10.862887  3.50064E+06  2.26400E+00  1.93711E+00  2.37274E+07    1   6  2 8 9 0 0 1 0 0 0 0
   20    5  506   ca289007        11.446352  4.76476E+06  2.20800E+00  1.35365E+00  2.45097E+07    1   7  2 8 9 0 0 0 1 0 0 0
   20    6  507   ca289008        11.864128  6.22336E+06  2.09820E+00  9.35873E-01  1.88857E+07    1   8  2 8 9 0 0 0 0 1 0 0
   20    7  508   ca289009        12.073179  7.87644E+06  2.08020E+00  7.26822E-01  9.42688E+06    1   9  2 8 9 0 0 0 0 0 1 0
   20    8  509   ca289010        12.254761  9.72400E+06  2.00190E+00  5.45239E-01  5.19148E+07    1  10  2 8 9 0 0 0 0 0 0 1
   20    9  510   ca288204        27.651590  2.17040E+07  3.55260E+00  3.28687E+00  3.29514E+13    2   4  2 8 8 2 0 0 0 0 0 0
   20   10  511   ca288105        28.144078  7.00128E+07  2.26600E+00  2.79438E+00  8.75334E+12    2   5  2 8 8 1 1 0 0 0 0 0
   20   11  512   ca288106        28.963515  1.00818E+08  2.28600E+00  1.97494E+00  3.00717E+12    2   6  2 8 8 1 0 1 0 0 0 0
   20   12  513   ca288107        29.571289  1.37225E+08  2.21900E+00  1.36717E+00  1.39155E+12    2   7  2 8 8 1 0 0 1 0 0 0
   20   13  514   ca288108        29.996331  1.79233E+08  2.10520E+00  9.42128E-01  7.13958E+11    2   8  2 8 8 1 0 0 0 1 0 0
   20   14  515   ca288109        30.207438  2.26841E+08  2.08620E+00  7.31021E-01  3.96418E+11    2   9  2 8 8 1 0 0 0 0 1 0
   20   15  516   ca288110        30.387813  2.80051E+08  2.01180E+00  5.50646E-01  2.34309E+11    2  10  2 8 8 1 0 0 0 0 0 1
   20   16  517   ca27b003       388.706615  2.54592E+05  9.30400E+00  1.29625E+01  1.86537E+14   16   3  2 711 0 0 0 0 0 0 0
   20   17  518   ca27a104       398.605470  1.12020E+07  3.04880E+00  3.06361E+00  1.54055E+14   16   4  2 710 1 0 0 0 0 0 0
   20   18  519   ca27a005       398.975628  1.75032E+07  2.22470E+00  2.69345E+00  1.52991E+14   16   5  2 710 0 1 0 0 0 0 0
   20   19  520   ca27a006       399.721681  2.52046E+07  2.27000E+00  1.94739E+00  1.52771E+14   16   6  2 710 0 0 1 0 0 0 0
   20   20  521   ca27a007       400.310518  3.43063E+07  2.21200E+00  1.35856E+00  1.52711E+14   16   7  2 710 0 0 0 1 0 0 0
   20   21  522   ca27a008       400.725157  4.48082E+07  2.10720E+00  9.43918E-01  1.52686E+14   16   8  2 710 0 0 0 0 1 0 0
   20   22  523   ca27a009       400.937354  5.67104E+07  2.08720E+00  7.31722E-01  1.52674E+14   16   9  2 710 0 0 0 0 0 1 0
   20   23  524   ca27a010       401.123836  7.00128E+07  2.00190E+00  5.45239E-01  1.52668E+14   16  10  2 710 0 0 0 0 0 0 1
   20   24  525   ca18b003      4467.937778  6.36480E+04  9.38400E+00  1.35196E+01  3.23369E+14   24   3  1 811 0 0 0 0 0 0 0
   20   25  526   ca18a104      4478.346976  2.80051E+06  3.07200E+00  3.11041E+00  3.12531E+14   24   4  1 810 1 0 0 0 0 0 0
   20   26  527   ca18a005      4478.766117  4.37580E+06  2.22380E+00  2.69127E+00  3.12217E+14   24   5  1 810 0 1 0 0 0 0 0
   20   27  528   ca18a006      4479.494518  6.30115E+06  2.27900E+00  1.96287E+00  3.12153E+14   24   6  1 810 0 0 1 0 0 0 0
   20   28  529   ca18a007      4480.087751  8.57657E+06  2.22100E+00  1.36963E+00  3.12137E+14   24   7  1 810 0 0 0 1 0 0 0
   20   29  530   ca18a008      4480.512660  1.12020E+07  2.10810E+00  9.44725E-01  3.12131E+14   24   8  1 810 0 0 0 0 1 0 0
   20   30  531   ca18a009      4480.725032  1.41776E+07  2.08810E+00  7.32353E-01  3.12128E+14   24   9  1 810 0 0 0 0 0 1 0
   20   31  532   ca18a010      4480.912146  1.75032E+07  2.00190E+00  5.45239E-01  3.12127E+14   24  10  1 810 0 0 0 0 0 0 1
21   31    8         6.540000
   21    1  533   sc28b003         0.000000  3.18240E+04  8.40000E+00  6.54000E+00  0.00000E+00    1   3  2 811 0 0 0 0 0 0 0
   21    2  534   sc28a104         5.246893  1.40026E+06  2.07660E+00  1.29311E+00  2.85323E+08    1   4  2 810 1 0 0 0 0 0 0
   21    3  535   sc28a005         5.720951  2.18790E+06  1.22680E+00  8.19049E-01  9.56765E+07    1   5  2 810 0 1 0 0 0 0 0
   21    4  536   sc28a006         5.918879  3.15058E+06  1.28200E+00  6.21121E-01  5.85906E+06    1   6  2 810 0 0 1 0 0 0 0
   21    5  537   sc28a007         6.125382  4.28828E+06  1.22200E+00  4.14618E-01  3.04490E+06    1   7  2 810 0 0 0 1 0 0 0
   21    6  538   sc28a008         6.278929  5.60102E+06  1.10820E+00  2.61071E-01  2.53547E+06    1   8  2 810 0 0 0 0 1 0 0
   21    7  539   sc28a009         6.341100  7.08880E+06  1.08820E+00  1.98900E-01  1.12190E+06    1   9  2 810 0 0 0 0 0 1 0
   21    8  540   sc28a010         6.403404  8.75160E+06  1.00200E+00  1.36596E-01  7.89704E+07    1  10  2 810 0 0 0 0 0 0 1
   21    9  541   sc289204        14.903173  2.41155E+07  2.63710E+00  1.48612E+00  1.05827E+13    2   4  2 8 9 2 0 0 0 0 0 0
   21   10  542   sc289105        15.488725  7.77920E+07  1.28640E+00  9.00564E-01  7.50894E+12    2   5  2 8 9 1 1 0 0 0 0 0
   21   11  543   sc289106        15.746667  1.12020E+08  1.30400E+00  6.42622E-01  3.06764E+12    2   6  2 8 9 1 0 1 0 0 0 0
   21   12  544   sc289107        15.967173  1.52472E+08  1.23300E+00  4.22116E-01  1.41993E+12    2   7  2 8 9 1 0 0 1 0 0 0
   21   13  545   sc289108        16.124910  1.99148E+08  1.11520E+00  2.64379E-01  7.28834E+11    2   8  2 8 9 1 0 0 0 1 0 0
   21   14  546   sc289109        16.188190  2.52046E+08  1.09420E+00  2.01099E-01  4.04957E+11    2   9  2 8 9 1 0 0 0 0 1 0
   21   15  547   sc289110        16.249981  3.11168E+08  1.01190E+00  1.39308E-01  2.39663E+11    2  10  2 8 9 1 0 0 0 0 0 1
   21   16  548   sc27c003       388.844725  1.48512E+05  8.96400E+00  6.40189E+00  1.92592E+14   16   3  2 712 0 0 0 0 0 0 0
   21   17  549   sc27b104       393.881929  8.14694E+06  2.13330E+00  1.36469E+00  1.61194E+14   16   4  2 711 1 0 0 0 0 0 0
   21   18  550   sc27b005       394.402948  1.27296E+07  1.24510E+00  8.43667E-01  1.60662E+14   16   5  2 711 0 1 0 0 0 0 0
   21   19  551   sc27b006       394.619667  1.83306E+07  1.28800E+00  6.26948E-01  1.60567E+14   16   6  2 711 0 0 1 0 0 0 0
   21   20  552   sc27b007       394.829278  2.49500E+07  1.22600E+00  4.17337E-01  1.60543E+14   16   7  2 711 0 0 0 1 0 0 0
   21   21  553   sc27b008       394.981287  3.25878E+07  1.11720E+00  2.65328E-01  1.60533E+14   16   8  2 711 0 0 0 0 1 0 0
   21   22  554   sc27b009       395.045149  4.12439E+07  1.09520E+00  2.01467E-01  1.60528E+14   16   9  2 711 0 0 0 0 0 1 0
   21   23  555   sc27b010       395.110020  5.09184E+07  1.00200E+00  1.36596E-01  1.60526E+14   16  10  2 711 0 0 0 0 0 0 1
   21   24  556   sc18c003      4467.627059  3.71280E+04  9.04400E+00  6.85072E+00  3.39507E+14   24   3  1 812 0 0 0 0 0 0 0
   21   25  557   sc18b104      4473.083247  2.03674E+06  2.15650E+00  1.39453E+00  3.28004E+14   24   4  1 811 1 0 0 0 0 0 0
   21   26  558   sc18b005      4473.635330  3.18240E+06  1.24420E+00  8.42448E-01  3.27820E+14   24   5  1 811 0 1 0 0 0 0 0
   21   27  559   sc18b006      4473.842037  4.58266E+06  1.29700E+00  6.35741E-01  3.27792E+14   24   6  1 811 0 0 1 0 0 0 0
   21   28  560   sc18b007      4474.054291  6.23750E+06  1.23500E+00  4.23487E-01  3.27786E+14   24   7  1 811 0 0 0 1 0 0 0
   21   29  561   sc18b008      4474.212022  8.14694E+06  1.11810E+00  2.65756E-01  3.27784E+14   24   8  1 811 0 0 0 0 1 0 0
   21   30  562   sc18b009      4474.275980  1.03110E+07  1.09610E+00  2.01798E-01  3.27783E+14   24   9  1 811 0 0 0 0 0 1 0
   21   31  563   sc18b010      4474.341182  1.27296E+07  1.00200E+00  1.36596E-01  3.27783E+14   24  10  1 811 0 0 0 0 0 0 1
6531
b   1    1  1    2  99  3.15755E-01  4.26117E-01 -6.44386E+00  2.97166E+01  4.35126E+00  4.07000E-01  4.07000E-01
b   1    1  1    3  99  2.82228E-01  8.25466E-01 -8.83834E+00  3.46874E+01  4.68614E+00  7.80700E-02  7.80700E-02
b   1    2  1    3  99  8.92531E-02  1.40961E+00 -2.58341E+01  1.49593E+02  1.34678E+01  6.34000E-01  6.34000E-01
b   1    1  1    4  99  2.59549E-01  1.00733E+00 -9.95618E+00  3.66543E+01  4.87208E+00  2.86800E-02  2.86800E-02
b   1    2  1    4  99  4.48827E-01  1.59628E-01 -2.20448E+00  1.92780E+01  3.70827E+00  1.19000E-01  1.19000E-01
b   1    3  1    4  99  7.59202E-02  1.02148E+00 -1.31125E+01  1.39076E+01  2.00000E+01  8.36500E-01  8.36500E-01
b   1    1  1    5  99  2.40011E-01  1.13991E+00 -1.10881E+01  3.97540E+01  5.12258E+00  1.38000E-02  1.38000E-02
b   1    2  1    5  99  4.51323E-01  3.41811E-01 -2.40403E+00  1.88261E+01  3.68600E+00  4.46900E-02  4.46900E-02
b   1    3  1    5  99  1.09167E-01  1.42919E+00 -1.34310E+01 -1.15968E+01  2.00000E+01  1.50300E-01  1.50300E-01
b   1    4  1    5  99  1.34653E-01  9.09538E-01 -2.20596E+01  2.70876E+02  2.00000E+01  1.03300E+00  1.03300E+00
b   1    1  1    6  99  2.23483E-01  1.24911E+00 -1.22459E+01  4.35101E+01  5.40606E+00  7.72200E-03  7.72200E-03
b   1    2  1    6  99  4.54546E-01  4.39900E-01 -2.51435E+00  1.87317E+01  3.68121E+00  2.21300E-02  2.21300E-02
b   1    3  1    6  99  1.45714E-01  1.95713E+00 -3.12659E+01  2.22680E+02  2.00000E+01  5.58600E-02  5.58600E-02
b   1    4  1    6  99  1.28084E-01  1.53490E+00 -2.06701E+01  1.51928E+02  2.00000E+01  1.79000E-01  1.79000E-01
b   1    5  1    6  99  1.04201E-01  9.25491E-01 -1.60606E+01  1.54374E+02  2.00000E+01  1.22700E+00  1.22700E+00
b   1    1  1    7  99  2.25345E-01  1.24689E+00 -1.19990E+01  4.21139E+01  5.32574E+00  4.76600E-03  4.76600E-03
b   1    2  1    7  99  4.57376E-01  4.95746E-01 -2.55127E+00  1.86079E+01  3.67393E+00  1.27400E-02  1.27400E-02
b   1    3  1    7  99  1.98587E-01  2.52598E+00 -6.16035E+01  6.68272E+02  2.00000E+01  2.77400E-02  2.77400E-02
b   1    4  1    7  99  1.51142E-01  1.87689E+00 -2.26386E+01  1.71261E+02  2.00000E+01  6.55100E-02  6.55100E-02
b   1    5  1    7  99  1.54515E-01  1.43477E+00 -2.00523E+01  2.19189E+02  2.00000E+01  2.06600E-01  2.06600E-01
b   1    6  1    7  99  2.55512E-01  1.00589E-01  1.48434E+00 -5.07588E-01  2.08316E+00  1.41900E+00  1.41900E+00
b   1    1  1    8  99  2.18244E-01  1.29299E+00 -1.25238E+01  4.38768E+01  5.46397E+00  3.15100E-03  3.15100E-03
b   1    2  1    8  99  4.49598E-01  5.63390E-01 -2.67948E+00  1.83470E+01  3.66929E+00  8.06300E-03  8.06300E-03
b   1    3  1    8  99  2.01593E-01  2.62276E+00 -5.99537E+01  6.31770E+02  2.00000E+01  1.60900E-02  1.60900E-02
b   1    4  1    8  99  1.45120E-01  1.99553E+00 -1.31576E+01  1.15724E+01  2.00000E+01  3.23600E-02  3.23600E-02
b   1    5  1    8  99  1.40753E-01  1.87792E+00 -1.53033E+01  8.31188E+01  2.00000E+01  7.45200E-02  7.45200E-02
b   1    6  1    8  99  1.42805E-01  1.44142E+00 -1.64341E+01  1.66800E+02  2.00000E+01  2.33700E-01  2.33700E-01
b   1    7  1    8  99  2.34008E-01  1.74867E-01  1.26447E+00 -4.00111E-01  2.04770E+00  1.61200E+00  1.61200E+00
b   1    1  1    9  99  2.18393E-01  1.29654E+00 -1.24620E+01  4.33887E+01  5.43462E+00  2.19100E-03  2.19100E-03
b   1    2  1    9  99  4.53151E-01  5.83721E-01 -2.69128E+00  1.83981E+01  3.66776E+00  5.44600E-03  5.44600E-03
b   1    3  1    9  99  2.01063E-01  2.66178E+00 -5.67854E+01  5.77508E+02  2.00000E+01  1.02700E-02  1.02700E-02
b   1    4  1    9  99  1.53551E-01  2.14984E+00 -1.27830E+01  1.50175E+00  2.00000E+01  1.87700E-02  1.87700E-02
b   1    5  1    9  99  1.58671E-01  2.18134E+00 -1.74094E+01  1.10804E+02  2.00000E+01  3.65600E-02  3.65600E-02
b   1    6  1    9  99  1.71909E-01  1.86448E+00 -1.82568E+01  1.95731E+02  2.00000E+01  8.32400E-02  8.32400E-02
b   1    7  1    9  99  2.97310E-01  6.19184E-01  1.62530E+00 -5.89310E-01  2.17240E+00  2.60400E-01  2.60400E-01
b   1    8  1    9  99  2.52671E-01  8.06673E-02  2.07237E+00 -1.03924E+00  2.81368E+00  1.80300E+00  1.80300E+00
b   1    1  1   10  99  2.19593E-01  1.28891E+00 -1.22386E+01  4.22670E+01  5.36769E+00  1.58300E-03  1.58300E-03
b   1    2  1   10  99  4.52810E-01  6.06884E-01 -2.72349E+00  1.84050E+01  3.67402E+00  3.85800E-03  3.85800E-03
b   1    3  1   10  99  1.99138E-01  2.70427E+00 -5.47498E+01  5.37998E+02  2.00000E+01  7.00600E-03  7.00600E-03
b   1    4  1   10  99  1.63328E-01  2.27099E+00 -1.36521E+01  1.61710E+01  2.00000E+01  1.20200E-02  1.20200E-02
b   1    5  1   10  99  1.70752E-01  2.40521E+00 -1.83480E+01  1.21136E+02  2.00000E+01  2.11500E-02  2.11500E-02
b   1    6  1   10  99  1.91393E-01  2.18631E+00 -1.89002E+01  2.05875E+02  2.00000E+01  4.05600E-02  4.05600E-02
b   1    7  1   10  99  3.31721E-01  1.03073E+00  1.71405E+00 -5.98656E-01  2.18731E+00  9.18100E-02  9.18100E-02
b   1    8  1   10  99  2.78247E-01  6.99139E-01  1.42901E+00 -4.81136E-01  2.15076E+00  2.86900E-01  2.86900E-01
b   1    9  1   10  99  5.08119E-01  2.91052E-01  3.95021E+00 -1.89464E+00  2.77642E+00  9.31900E-01  9.31900E-01
f   1    1  0    1  99  1.00000E+00  2.10000E+01
p   1    1  0    1  99  1.00000E+00  2.10000E+01
f   1    2  0    1  99  1.00000E+00  2.10000E+01
p   1    2  0    1  99  1.00000E+00  2.10000E+01
f   1    3  0    1  99  1.00000E+00  2.10000E+01
p   1    3  0    1  99  1.00000E+00  2.10000E+01
f   1    4  0    1  99  1.00000E+00  2.10000E+01
p   1    4  0    1  99  1.00000E+00  2.10000E+01
f   1    5  0    1  99  1.00000E+00  2.10000E+01
p   1    5  0    1  99  1.00000E+00  2.10000E+01
f   1    6  0    1  99  1.00000E+00  2.10000E+01
p   1    6  0    1  99  1.00000E+00  2.10000E+01
f   1    7  0    1  99  1.00000E+00  2.10000E+01
p   1    7  0    1  99  1.00000E+00  2.10000E+01
f   1    8  0    1  99  1.00000E+00  2.10000E+01
p   1    8  0    1  99  1.00000E+00  2.10000E+01
f   1    9  0    1  99  1.00000E+00  2.10000E+01
p   1    9  0    1  99  1.00000E+00  2.10000E+01
f   1   10  0    1  99  1.00000E+00  2.10000E+01
p   1   10  0    1  99  1.00000E+00  2.10000E+01
b   2    1  2    2  99  3.16512E-01  3.69872E-01 -5.79617E+00  2.73528E+01  4.25534E+00  7.71800E-01  7.71800E-01
b   2    1  2    3  99  2.91054E-01  7.06478E-01 -7.64332E+00  3.07214E+01  4.48432E+00  1.51680E-01  1.51680E-01
b   2    2  2    3  99  8.64932E-02  1.64375E+00 -4.33557E+01  3.36213E+02  2.00000E+01  6.23400E-01  6.23400E-01
b   2    1  2    4  99  2.72231E-01  8.57677E-01 -8.53391E+00  3.23243E+01  4.63397E+00  5.61200E-02  5.61200E-02
b   2    2  2    4  99  4.40908E-01  1.45936E-01 -2.09935E+00  1.87624E+01  3.70010E+00  1.18600E-01  1.18600E-01
b   2    3  2    4  99  9.56232E-02  1.13896E+00 -2.41096E+01  1.94062E+02  2.00000E+01  8.31600E-01  8.31600E-01
b   2    1  2    5  99  2.54167E-01  9.73433E-01 -9.53715E+00  3.53244E+01  4.87779E+00  2.71000E-02  2.71000E-02
b   2    2  2    5  99  4.48193E-01  3.08990E-01 -2.29145E+00  1.86075E+01  3.68281E+00  4.47500E-02  4.47500E-02
b   2    3  2    5  99  1.41218E-01  1.06393E+00 -3.32276E+00  9.20693E+00  4.52985E+00  1.50200E-01  1.50200E-01
b   2    4  2    5  99  1.19796E-01  9.48748E-01 -2.06702E+01  2.27580E+02  2.00000E+01  1.02900E+00  1.02900E+00
b   2    1  2    6  99  2.59034E-01  1.13608E+00 -1.10418E+01  3.99369E+01  5.01229E+00  1.43360E-02  1.43360E-02
b   2    2  2    6  99  4.74952E-01  4.04430E-01 -2.49255E+00  1.94859E+01  3.67703E+00  2.15300E-02  2.15300E-02
b   2    3  2    6  99  1.35592E-01  1.78511E+00 -2.05806E+01  7.97263E+01  2.00000E+01  5.53000E-02  5.53000E-02
b   2    4  2    6  99  1.25209E-01  1.52104E+00 -1.91039E+01  1.30369E+02  2.00000E+01  1.77700E-01  1.77700E-01
b   2    5  2    6  99  2.81825E-01  1.31760E-02  1.78521E+00 -7.20785E-01  2.11928E+00  1.22000E+00  1.22000E+00
b   2    1  2    7  99  2.47254E-01  1.20761E+00 -1.18351E+01  4.26727E+01  5.20652E+00  8.86000E-03  8.86000E-03
b   2    2  2    7  99  4.77204E-01  4.61542E-01 -2.54502E+00  1.93998E+01  3.67183E+00  1.24200E-02  1.24200E-02
b   2    3  2    7  99  1.56405E-01  2.11499E+00 -3.14837E+01  2.23265E+02  2.00000E+01  2.75100E-02  2.75100E-02
b   2    4  2    7  99  1.46580E-01  1.86850E+00 -2.10708E+01  1.47465E+02  2.00000E+01  6.51500E-02  6.51500E-02
b   2    5  2    7  99  1.51848E-01  1.43614E+00 -1.93110E+01  2.07783E+02  2.00000E+01  2.05700E-01  2.05700E-01
b   2    6  2    7  99  2.50308E-01  1.24754E-01  1.41704E+00 -4.76171E-01  2.06417E+00  1.41600E+00  1.41600E+00
b   2    1  2    8  99  2.40938E-01  1.25080E+00 -1.23676E+01  4.46579E+01  5.34115E+00  5.86200E-03  5.86200E-03
b   2    2  2    8  99  4.76848E-01  5.04207E-01 -2.59547E+00  1.93515E+01  3.67631E+00  7.86900E-03  7.86900E-03
b   2    3  2    8  99  2.18433E-01  2.67264E+00 -6.69932E+01  7.62112E+02  2.00000E+01  1.59800E-02  1.59800E-02
b   2    4  2    8  99  1.62581E-01  2.09308E+00 -2.20785E+01  1.60230E+02  2.00000E+01  3.22200E-02  3.22200E-02
b   2    5  2    8  99  1.82025E-01  1.79344E+00 -2.05637E+01  2.32923E+02  2.00000E+01  7.42600E-02  7.42600E-02
b   2    6  2    8  99  3.15121E-01  5.41934E-01  1.79875E+00 -6.94758E-01  2.18204E+00  2.33200E-01  2.33200E-01
b   2    7  2    8  99  2.66559E-01  3.68591E-02  2.24799E+00 -1.15313E+00  2.82170E+00  1.60900E+00  1.60900E+00
b   2    1  2    9  99  2.37039E-01  1.26899E+00 -1.24891E+01  4.48250E+01  5.37636E+00  4.07800E-03  4.07800E-03
b   2    2  2    9  99  4.79228E-01  5.27179E-01 -2.62154E+00  1.94393E+01  3.68169E+00  5.32000E-03  5.32000E-03
b   2    3  2    9  99  2.14363E-01  2.73105E+00 -6.40043E+01  7.03083E+02  2.00000E+01  1.02100E-02  1.02100E-02
b   2    4  2    9  99  1.73542E-01  2.25969E+00 -2.30953E+01  1.73789E+02  2.00000E+01  1.87000E-02  1.87000E-02
b   2    5  2    9  99  1.56944E-01  2.16873E+00 -1.63810E+01  9.93110E+01  2.00000E+01  3.64600E-02  3.64600E-02
b   2    6  2    9  99  1.70373E-01  1.85957E+00 -1.75904E+01  1.87821E+02  2.00000E+01  8.31000E-02  8.31000E-02
b   2    7  2    9  99  2.92211E-01  6.41172E-01  1.57580E+00 -5.69353E-01  2.17770E+00  2.60000E-01  2.60000E-01
b   2    8  2    9  99  2.48779E-01  1.00878E-01  2.01305E+00 -1.01229E+00  2.80619E+00  1.80100E+00  1.80100E+00
b   2    1  2   10  99  2.41324E-01  1.24817E+00 -1.21191E+01  4.31870E+01  5.26179E+00  2.94800E-03  2.94800E-03
b   2    2  2   10  99  4.72500E-01  5.68638E-01 -2.69752E+00  1.91739E+01  3.67477E+00  3.77000E-03  3.77000E-03
b   2    3  2   10  99  2.13664E-01  2.75897E+00 -6.15495E+01  6.60721E+02  2.00000E+01  6.96700E-03  6.96700E-03
b   2    4  2   10  99  1.61335E-01  2.24744E+00 -1.21857E+01  2.07634E-01  2.00000E+01  1.19800E-02  1.19800E-02
b   2    5  2   10  99  1.68780E-01  2.39374E+00 -1.74154E+01  1.11197E+02  2.00000E+01  2.10900E-02  2.10900E-02
b   2    6  2   10  99  1.88187E-01  2.18984E+00 -1.84391E+01  1.98509E+02  2.00000E+01  4.05100E-02  4.05100E-02
b   2    7  2   10  99  3.25830E-01  1.05361E+00  1.65664E+00 -6.11981E-01  2.14811E+00  9.16900E-02  9.16900E-02
b   2    8  2   10  99  2.72062E-01  7.26927E-01  1.33333E+00 -4.22420E-01  2.11083E+00  2.86600E-01  2.86600E-01
b   2    9  2   10  99  5.53669E-01  1.12487E-01  5.61407E+00 -3.25743E+00  3.40639E+00  9.21800E-01  9.21800E-01
b   2    1  2   11  98  0.00000E+00  0.00000E+00  0.00000E+00  0.00000E+00  0.00000E+00  7.04533E-03  1.40907E-04
b   2    2  2   11  99  3.16512E-01  3.69872E-01 -5.79617E+00  2.73528E+01  4.25534E+00  3.37663E-01  3.37663E-01
b   2    1  2   12  98  0.00000E+00  0.00000E+00  0.00000E+00  0.00000E+00  0.00000E+00  1.54977E-02  3.09954E-04
b   2    2  2   12  99  2.91054E-01  7.06478E-01 -7.64332E+00  3.07214E+01  4.48432E+00  7.58400E-02  7.58400E-02
b   2    3  2   12  99  3.16512E-01  3.69872E-01 -5.79617E+00  2.73528E+01  4.25534E+00  3.85900E-01  3.85900E-01
b   2   11  2   12  99  8.64932E-02  1.64375E+00 -4.33557E+01  3.36213E+02  2.00000E+01  1.24680E+00  1.24680E+00
b   2    1  2   13  98  0.00000E+00  0.00000E+00  0.00000E+00  0.00000E+00  0.00000E+00  2.60315E-02  5.20631E-04
b   2    2  2   13  99  2.72231E-01  8.57677E-01 -8.53391E+00  3.23243E+01  4.63397E+00  2.80600E-02  2.80600E-02
b   2    4  2   13  99  3.16512E-01  3.69872E-01 -5.79617E+00  2.73528E+01  4.25534E+00  3.85900E-01  3.85900E-01
b   2   11  2   13  99  4.40908E-01  1.45936E-01 -2.09935E+00  1.87624E+01  3.70010E+00  2.37200E-01  2.37200E-01
b   2   12  2   13  99  9.56232E-02  1.13896E+00 -2.41096E+01  1.94062E+02  2.00000E+01  8.31600E-01  8.31600E-01
b   2    1  2   14  98  0.00000E+00  0.00000E+00  0.00000E+00  0.00000E+00  0.00000E+00  3.96881E-02  7.93763E-04
b   2    2  2   14  99  2.54167E-01  9.73433E-01 -9.53715E+00  3.53244E+01  4.87779E+00  1.35500E-02  1.35500E-02
b   2    5  2   14  99  3.16512E-01  3.69872E-01 -5.79617E+00  2.73528E+01  4.25534E+00  3.85900E-01  3.85900E-01
b   2   11  2   14  99  4.48193E-01  3.08990E-01 -2.29145E+00  1.86075E+01  3.68281E+00  8.95000E-02  8.95000E-02
b   2   12  2   14  99  1.41218E-01  1.06393E+00 -3.32276E+00  9.20693E+00  4.52985E+00  1.50200E-01  1.50200E-01
b   2   13  2   14  99  1.19796E-01  9.48748E-01 -2.06702E+01  2.27580E+02  2.00000E+01  1.02900E+00  1.02900E+00
b   2    1  2   15  98  0.00000E+00  0.00000E+00  0.00000E+00  0.00000E+00  0.00000E+00  5.63938E-02  1.12788E-03
b   2    2  2   15  99  2.59034E-01  1.13608E+00 -1.10418E+01  3.99369E+01  5.01229E+00  7.16800E-03  7.16800E-03
b   2    6  2   15  99  3.16512E-01  3.69872E-01 -5.79617E+00  2.73528E+01  4.25534E+00  3.85900E-01  3.85900E-01
b   2   11  2   15  99  4.74952E-01  4.04430E-01 -2.49255E+00  1.94859E+01  3.67703E+00  4.30600E-02  4.30600E-02
b   2   12  2   15  99  1.35592E-01  1.78511E+00 -2.05806E+01  7.97263E+01  2.00000E+01  5.53000E-02  5.53000E-02
b   2   13  2   15  99  1.25209E-01  1.52104E+00 -1.91039E+01  1.30369E+02  2.00000E+01  1.77700E-01  1.77700E-01
b   2   14  2   15  99  2.81825E-01  1.31760E-02  1.78521E+00 -7.20785E-01  2.11928E+00  1.22000E+00  1.22000E+00
b   2    1  2   16  98  0.00000E+00  0.00000E+00  0.00000E+00  0.00000E+00  0.00000E+00  7.61491E-02  1.52298E-03
b   2    2  2   16  99  2.47254E-01  1.20761E+00 -1.18351E+01  4.26727E+01  5.20652E+00  4.43000E-03  4.43000E-03
b   2    7  2   16  99  3.16512E-01  3.69872E-01 -5.79617E+00  2.73528E+01  4.25534E+00  3.85900E-01  3.85900E-01
b   2   11  2   16  99  4.77204E-01  4.61542E-01 -2.54502E+00  1.93998E+01  3.67183E+00  2.48400E-02  2.48400E-02
b   2   12  2   16  99  1.56405E-01  2.11499E+00 -3.14837E+01  2.23265E+02  2.00000E+01  2.75100E-02  2.75100E-02
b   2   13  2   16  99  1.46580E-01  1.86850E+00 -2.10708E+01  1.47465E+02  2.00000E+01  6.51500E-02  6.51500E-02
b   2   14  2   16  99  1.51848E-01  1.43614E+00 -1.93110E+01  2.07783E+02  2.00000E+01  2.05700E-01  2.05700E-01
b   2   15  2   16  99  2.50308E-01  1.24754E-01  1.41704E+00 -4.76171E-01  2.06417E+00  1.41600E+00  1.41600E+00
b   2    1  2   17  98  0.00000E+00  0.00000E+00  0.00000E+00  0.00000E+00  0.00000E+00  9.89506E-02  1.97901E-03
b   2    2  2   17  99  2.40938E-01  1.25080E+00 -1.23676E+01  4.46579E+01  5.34115E+00  2.93100E-03  2.93100E-03
b   2    8  2   17  99  3.16512E-01  3.69872E-01 -5.79617E+00  2.73528E+01  4.25534E+00  3.85900E-01  3.85900E-01
b   2   11  2   17  99  4.76848E-01  5.04207E-01 -2.59547E+00  1.93515E+01  3.67631E+00  1.57380E-02  1.57380E-02
b   2   12  2   17  99  2.18433E-01  2.67264E+00 -6.69932E+01  7.62112E+02  2.00000E+01  1.59800E-02  1.59800E-02
b   2   13  2   17  99  1.62581E-01  2.09308E+00 -2.20785E+01  1.60230E+02  2.00000E+01  3.22200E-02  3.22200E-02
b   2   14  2   17  99  1.82025E-01  1.79344E+00 -2.05637E+01  2.32923E+02  2.00000E+01  7.42600E-02  7.42600E-02
b   2   15  2   17  99  3.15121E-01  5.41934E-01  1.79875E+00 -6.94758E-01  2.18204E+00  2.33200E-01  2.33200E-01
b   2   16  2   17  99  2.66559E-01  3.68591E-02  2.24799E+00 -1.15313E+00  2.82170E+00  1.60900E+00  1.60900E+00
b   2    1  2   18  98  0.00000E+00  0.00000E+00  0.00000E+00  0.00000E+00  0.00000E+00  1.24794E-01  2.49587E-03
b   2    2  2   18  99  2.37039E-01  1.26899E+00 -1.24891E+01  4.48250E+01  5.37636E+00  2.03900E-03  2.03900E-03
b   2    9  2   18  99  3.16512E-01  3.69872E-01 -5.79617E+00  2.73528E+01  4.25534E+00  3.85900E-01  3.85900E-01
b   2   11  2   18  99  4.79228E-01  5.27179E-01 -2.62154E+00  1.94393E+01  3.68169E+00  1.06400E-02  1.06400E-02
b   2   12  2   18  99  2.14363E-01  2.73105E+00 -6.40043E+01  7.03083E+02  2.00000E+01  1.02100E-02  1.02100E-02
b   2   13  2   18  99  1.73542E-01  2.25969E+00 -2.30953E+01  1.73789E+02  2.00000E+01  1.87000E-02  1.87000E-02
b   2   14  2   18  99  1.56944E-01  2.16873E+00 -1.63810E+01  9.93110E+01  2.00000E+01  3.64600E-02  3.64600E-02
b   2   15  2   18  99  1.70373E-01  1.85957E+00 -1.75904E+01  1.87821E+02  2.00000E+01  8.31000E-02  8.31000E-02
b   2   16  2   18  99  2.92211E-01  6.41172E-01  1.57580E+00 -5.69353E-01  2.17770E+00  2.60000E-01  2.60000E-01
b   2   17  2   18  99  2.48779E-01  1.00878E-01  2.01305E+00 -1.01229E+00  2.80619E+00  1.80100E+00  1.80100E+00
b   2    1  2   19  98  0.00000E+00  0.00000E+00  0.00000E+00  0.00000E+00  0.00000E+00  1.53679E-01  3.07358E-03
b   2    2  2   19  99  2.41324E-01  1.24817E+00 -1.21191E+01  4.31870E+01  5.26179E+00  1.47400E-03  1.47400E-03
b   2   10  2   19  99  3.16512E-01  3.69872E-01 -5.79617E+00  2.73528E+01  4.25534E+00  3.85900E-01  3.85900E-01
b   2   11  2   19  99  4.72500E-01  5.68638E-01 -2.69752E+00  1.91739E+01  3.67477E+00  7.54000E-03  7.54000E-03
b   2   12  2   19  99  2.13664E-01  2.75897E+00 -6.15495E+01  6.60721E+02  2.00000E+01  6.96700E-03  6.96700E-03
b   2   13  2   19  99  1.61335E-01  2.24744E+00 -1.21857E+01  2.07634E-01  2.00000E+01  1.19800E-02  1.19800E-02
b   2   14  2   19  99  1.68780E-01  2.39374E+00 -1.74154E+01  1.11197E+02  2.00000E+01  2.10900E-02  2.10900E-02
b   2   15  2   19  99  1.88187E-01  2.18984E+00 -1.84391E+01  1.98509E+02  2.00000E+01  4.05100E-02  4.05100E-02
b   2   16  2   19  99  3.25830E-01  1.05361E+00  1.65664E+00 -6.11981E-01  2.14811E+00  9.16900E-02  9.16900E-02
b   2   17  2   19  99  2.72062E-01  7.26927E-01  1.33333E+00 -4.22420E-01  2.11083E+00  2.86600E-01  2.86600E-01
b   2   18  2   19  99  5.53669E-01  1.12487E-01  5.61407E+00 -3.25743E+00  3.40639E+00  9.21800E-01  9.21800E-01
f   2    1  1    1  99  2.00000E+00  2.08438E+01
p   2    1  1    1  98  1.85770E+00 -2.61160E+00 -1.49590E-01  1.33010E-02  2.00000E+00  5.65000E+03  5.87600E+03  1.13000E+05
f   2    2  1    1  99  1.00000E+00  2.00620E+01
p   2    2  1    1  99  1.00000E+00  2.00620E+01
f   2    3  1    1  99  1.00000E+00  2.00160E+01
p   2    3  1    1  99  1.00000E+00  2.00160E+01
f   2    4  1    1  99  1.00000E+00  2.00046E+01
p   2    4  1    1  99  1.00000E+00  2.00046E+01
f   2    5  1    1  99  1.00000E+00  2.00030E+01
p   2    5  1    1  99  1.00000E+00  2.00030E+01
f   2    6  1    1  99  1.00000E+00  2.00030E+01
p   2    6  1    1  99  1.00000E+00  2.00030E+01
f   2    7  1    1  99  1.00000E+00  2.00010E+01
p   2    7  1    1  99  1.00000E+00  2.00010E+01
f   2    8  1    1  99  1.00000E+00  2.00001E+01
p   2    8  1    1  99  1.00000E+00  2.00001E+01
f   2    9  1    1  99  1.00000E+00  2.00001E+01
p   2    9  1    1  99  1.00000E+00  2.00001E+01
f   2   10  1    1  99  1.00000E+00  2.00001E+01
p   2   10  1    1  99  1.00000E+00  2.00001E+01
f   2    2  1    2  99  1.00000E+00  2.00620E+01
p   2    2  1    2  98  1.85770E+00 -2.61160E+00 -1.49590E-01  1.33010E-02  2.00000E+00  5.65000E+03  5.87600E+03  1.13000E+05
f   2   11  1    2  99  2.00000E+00  2.06981E+01
p   2   11  1    2  99  2.00000E+00  2.06981E+01
f   2   12  1    2  99  1.00000E+00  2.00960E+01
p   2   12  1    2  99  1.00000E+00  2.00960E+01
f   2   13  1    2  99  1.00000E+00  2.00278E+01
p   2   13  1    2  99  1.00000E+00  2.00278E+01
f   2   14  1    2  99  1.00000E+00  2.00021E+01
p   2   14  1    2  99  1.00000E+00  2.00021E+01
f   2   15  1    2  99  1.00000E+00  2.00120E+01
p   2   15  1    2  99  1.00000E+00  2.00120E+01
f   2   16  1    2  99  1.00000E+00  2.00100E+01
p   2   16  1    2  99  1.00000E+00  2.00100E+01
f   2   17  1    2  99  1.00000E+00  2.00010E+01
p   2   17  1    2  99  1.00000E+00  2.00010E+01
f   2   18  1    2  99  1.00000E+00  2.00010E+01
p   2   18  1    2  99  1.00000E+00  2.00010E+01
f   2   19  1    2  99  1.00000E+00  2.00001E+01
p   2   19  1    2  99  1.00000E+00  2.00001E+01
f   2    3  1    3  99  1.00000E+00  2.00160E+01
p   2    3  1    3  98  1.85770E+00 -2.61160E+00 -1.49590E-01  1.33010E-02  2.00000E+00  5.65000E+03  5.87600E+03  1.13000E+05
f   2   12  1    3  99  1.00000E+00  2.00960E+01
p   2   12  1    3  99  1.00000E+00  2.00960E+01
f   2    4  1    4  99  1.00000E+00  2.00046E+01
p   2    4  1    4  98  1.85770E+00 -2.61160E+00 -1.49590E-01  1.33010E-02  2.00000E+00  5.65000E+03  5.87600E+03  1.13000E+05
f   2   13  1    4  99  1.00000E+00  2.00278E+01
p   2   13  1    4  99  1.00000E+00  2.00278E+01
f   2    5  1    5  99  1.00000E+00  2.00030E+01
p   2    5  1    5  98  1.85770E+00 -2.61160E+00 -1.49590E-01  1.33010E-02  2.00000E+00  5.65000E+03  5.87600E+03  1.13000E+05
f   2   14  1    5  99  1.00000E+00  2.00021E+01
p   2   14  1    5  99  1.00000E+00  2.00021E+01
f   2    6  1    6  99  1.00000E+00  2.00030E+01
p   2    6  1    6  98  1.85770E+00 -2.61160E+00 -1.49590E-01  1.33010E-02  2.00000E+00  5.65000E+03  5.87600E+03  1.13000E+05
f   2   15  1    6  99  1.00000E+00  2.00120E+01
p   2   15  1    6  99  1.00000E+00  2.00120E+01
f   2    7  1    7  99  1.00000E+00  2.00010E+01
p   2    7  1    7  98  1.85770E+00 -2.61160E+00 -1.49590E-01  1.33010E-02  2.00000E+00  5.65000E+03  5.87600E+03  1.13000E+05
f   2   16  1    7  99  1.00000E+00  2.00100E+01
p   2   16  1    7  99  1.00000E+00  2.00100E+01
f   2    8  1    8  99  1.00000E+00  2.00001E+01
p   2    8  1    8  98  1.85770E+00 -2.61160E+00 -1.49590E-01  1.33010E-02  2.00000E+00  5.65000E+03  5.87600E+03  1.13000E+05
f   2   17  1    8  99  1.00000E+00  2.00010E+01
p   2   17  1    8  99  1.00000E+00  2.00010E+01
f   2    9  1    9  99  1.00000E+00  2.00001E+01
p   2    9  1    9  98  1.85770E+00 -2.61160E+00 -1.49590E-01  1.33010E-02  2.00000E+00  5.65000E+03  5.87600E+03  1.13000E+05
f   2   18  1    9  99  1.00000E+00  2.00010E+01
p   2   18  1    9  99  1.00000E+00  2.00010E+01
f   2   10  1   10  99  1.00000E+00  2.00001E+01
p   2   10  1   10  98  1.85770E+00 -2.61160E+00 -1.49590E-01  1.33010E-02  2.00000E+00  5.65000E+03  5.87600E+03  1.13000E+05
f   2   19  1   10  99  1.00000E+00  2.00001E+01
p   2   19  1   10  99  1.00000E+00  2.00001E+01
a   2   11  1    1   9.95840E+13
a   2   12  1    1   1.08630E+13
a   2   13  1    1   2.57660E+12
a   2   14  1    1   8.41880E+11
a   2   15  1    1   3.40220E+11
a   2   16  1    1   1.57410E+11
a   2   17  1    1   8.07350E+10
a   2   18  1    1   4.48020E+10
a   2   19  1    1   2.64550E+10
b   3    1  3    2  99  9.60386E-02  1.65216E+00 -4.64961E+01  4.01927E+02  2.00000E+01  6.11600E-01  6.11600E-01
b   3    1  3    3  99  2.41442E-01  8.08301E-01 -5.33578E+00  2.16356E+01  4.49759E+00  1.17700E-01  1.17700E-01
b   3    2  3    3  99  9.52274E-02  1.11477E+00 -2.28052E+01  1.80894E+02  2.00000E+01  8.26000E-01  8.26000E-01
b   3    1  3    4  99  4.51537E-01  2.81752E-01 -2.19237E+00  1.86645E+01  3.68607E+00  4.45600E-02  4.45600E-02
b   3    2  3    4  99  8.94368E-02  1.08340E+00  6.21910E+00 -2.66853E+02  2.00000E+01  1.49700E-01  1.49700E-01
b   3    3  3    4  99  1.18294E-01  9.41568E-01 -1.97763E+01  2.15553E+02  2.00000E+01  1.02600E+00  1.02600E+00
b   3    1  3    5  99  4.81728E-01  3.73832E-01 -2.39321E+00  1.96402E+01  3.67491E+00  2.13800E-02  2.13800E-02
b   3    2  3    5  99  1.27834E-01  1.63032E+00 -1.16997E+01 -3.30507E+01  2.00000E+01  5.50900E-02  5.50900E-02
b   3    3  3    5  99  1.23546E-01  1.50202E+00 -1.76859E+01  1.13852E+02  2.00000E+01  1.77100E-01  1.77100E-01
b   3    4  3    5  99  2.76778E-01  3.82667E-02  1.70562E+00 -6.27953E-01  2.12046E+00  1.21700E+00  1.21700E+00
b   3    1  3    6  99  4.86562E-01  4.22734E-01 -2.44402E+00  1.97547E+01  3.67790E+00  1.23500E-02  1.23500E-02
b   3    2  3    6  99  1.45514E-01  1.93424E+00 -2.07245E+01  8.23040E+01  2.00000E+01  2.74400E-02  2.74400E-02
b   3    3  3    6  99  1.47970E-01  1.84311E+00 -2.01442E+01  1.44098E+02  2.00000E+01  6.49800E-02  6.49800E-02
b   3    4  3    6  99  1.51653E-01  1.42382E+00 -1.83840E+01  1.97894E+02  2.00000E+01  2.05200E-01  2.05200E-01
b   3    5  3    6  99  2.43967E-01  1.54036E-01  1.32263E+00 -4.13626E-01  2.03514E+00  1.41400E+00  1.41400E+00
b   3    1  3    7  99  4.76851E-01  4.91211E-01 -2.55029E+00  1.93151E+01  3.66841E+00  7.83000E-03  7.83000E-03
b   3    2  3    7  99  1.57826E-01  2.10008E+00 -2.49833E+01  1.38749E+02  2.00000E+01  1.59400E-02  1.59400E-02
b   3    3  3    7  99  1.64005E-01  2.07405E+00 -2.16673E+01  1.64885E+02  2.00000E+01  3.21600E-02  3.21600E-02
b   3    4  3    7  99  1.75266E-01  1.80864E+00 -1.96629E+01  2.12184E+02  2.00000E+01  7.41300E-02  7.41300E-02
b   3    5  3    7  99  3.08311E-01  5.71151E-01  1.70462E+00 -6.18436E-01  2.16223E+00  2.32900E-01  2.32900E-01
b   3    6  3    7  99  2.62248E-01  5.87209E-02  2.18662E+00 -1.11924E+00  2.82358E+00  1.60800E+00  1.60800E+00
b   3    1  3    8  99  4.81302E-01  5.06114E-01 -2.54354E+00  1.93850E+01  3.66798E+00  5.29600E-03  5.29600E-03
b   3    2  3    8  99  1.64642E-01  2.24676E+00 -2.90366E+01  1.87975E+02  2.00000E+01  1.02000E-02  1.02000E-02
b   3    3  3    8  99  1.71059E-01  2.24180E+00 -2.18673E+01  1.60861E+02  2.00000E+01  1.86700E-02  1.86700E-02
b   3    4  3    8  99  1.88921E-01  2.09681E+00 -2.01784E+01  2.13234E+02  2.00000E+01  3.64000E-02  3.64000E-02
b   3    5  3    8  99  1.66425E-01  1.86549E+00 -1.68574E+01  1.74124E+02  2.00000E+01  8.30100E-02  8.30100E-02
b   3    6  3    8  99  2.87096E-01  6.63814E-01  1.51283E+00 -5.36313E-01  2.15645E+00  2.59800E-01  2.59800E-01
b   3    7  3    8  99  2.44549E-01  1.23464E-01  1.93462E+00 -9.54631E-01  2.78716E+00  1.80000E+00  1.80000E+00
b   3    1  3    9  99  4.77576E-01  5.38338E-01 -2.59750E+00  1.92381E+01  3.66595E+00  3.75500E-03  3.75500E-03
b   3    2  3    9  99  1.82736E-01  2.40796E+00 -3.77846E+01  3.21759E+02  2.00000E+01  6.95800E-03  6.95800E-03
b   3    3  3    9  99  1.78248E-01  2.36022E+00 -2.20529E+01  1.61981E+02  2.00000E+01  1.19600E-02  1.19600E-02
b   3    4  3    9  99  1.65604E-01  2.38060E+00 -1.61248E+01  9.43996E+01  2.00000E+01  2.10700E-02  2.10700E-02
b   3    5  3    9  99  1.87888E-01  2.17967E+00 -1.77674E+01  1.92648E+02  2.00000E+01  4.04700E-02  4.04700E-02
b   3    6  3    9  99  3.20869E-01  1.07316E+00  1.61952E+00 -5.98799E-01  2.15511E+00  9.16200E-02  9.16200E-02
b   3    7  3    9  99  3.01872E-01  5.96781E-01  2.30862E+00 -1.10928E+00  2.94440E+00  2.86400E-01  2.86400E-01
b   3    8  3    9  99  5.41812E-01  1.54620E-01  5.40626E+00 -3.10990E+00  3.38730E+00  9.28900E-01  9.28900E-01
b   3    1  3   10  99  3.33845E-01  3.80772E-01 -6.03838E+00  2.86344E+01  4.24748E+00  6.27200E-01  6.27200E-01
b   3    1  3   11  99  2.96468E-01  6.80456E-01 -7.44599E+00  3.02280E+01  4.44010E+00  1.43120E-01  1.43120E-01
b   3    2  3   11  99  3.33845E-01  3.80772E-01 -6.03838E+00  2.86344E+01  4.24748E+00  7.16800E-01  7.16800E-01
b   3   10  3   11  99  9.60386E-02  1.65216E+00 -4.64961E+01  4.01927E+02  2.00000E+01  1.22320E+00  1.22320E+00
b   3    1  3   12  99  2.77173E-01  8.28708E-01 -8.37519E+00  3.21640E+01  4.60785E+00  5.32800E-02  5.32800E-02
b   3    3  3   12  99  3.33845E-01  3.80772E-01 -6.03838E+00  2.86344E+01  4.24748E+00  7.16800E-01  7.16800E-01
b   3   10  3   12  99  2.41442E-01  8.08301E-01 -5.33578E+00  2.16356E+01  4.49759E+00  2.35400E-01  2.35400E-01
b   3   11  3   12  99  9.52274E-02  1.11477E+00 -2.28052E+01  1.80894E+02  2.00000E+01  8.26000E-01  8.26000E-01
b   3    1  3   13  99  2.66036E-01  9.03482E-01 -8.91259E+00  3.34889E+01  4.72627E+00  2.57800E-02  2.57800E-02
b   3    4  3   13  99  3.33845E-01  3.80772E-01 -6.03838E+00  2.86344E+01  4.24748E+00  7.16800E-01  7.16800E-01
b   3   10  3   13  99  4.51537E-01  2.81752E-01 -2.19237E+00  1.86645E+01  3.68607E+00  8.91200E-02  8.91200E-02
b   3   11  3   13  99  8.94368E-02  1.08340E+00  6.21910E+00 -2.66853E+02  2.00000E+01  1.49700E-01  1.49700E-01
b   3   12  3   13  99  1.18294E-01  9.41568E-01 -1.97763E+01  2.15553E+02  2.00000E+01  1.02600E+00  1.02600E+00
b   3    1  3   14  99  2.72936E-01  1.05646E+00 -1.03911E+01  3.82846E+01  4.86930E+00  1.36740E-02  1.36740E-02
b   3    5  3   14  99  3.33845E-01  3.80772E-01 -6.03838E+00  2.86344E+01  4.24748E+00  7.16800E-01  7.16800E-01
b   3   10  3   14  99  4.81728E-01  3.73832E-01 -2.39321E+00  1.96402E+01  3.67491E+00  4.27600E-02  4.27600E-02
b   3   11  3   14  99  1.27834E-01  1.63032E+00 -1.16997E+01 -3.30507E+01  2.00000E+01  5.50900E-02  5.50900E-02
b   3   12  3   14  99  1.23546E-01  1.50202E+00 -1.76859E+01  1.13852E+02  2.00000E+01  1.77100E-01  1.77100E-01
b   3   13  3   14  99  2.76778E-01  3.82667E-02  1.70562E+00 -6.27953E-01  2.12046E+00  1.21700E+00  1.21700E+00
b   3    1  3   15  99  2.69660E-01  1.07414E+00 -1.04740E+01  3.82969E+01  4.88471E+00  8.45400E-03  8.45400E-03
b   3    6  3   15  99  3.33845E-01  3.80772E-01 -6.03838E+00  2.86344E+01  4.24748E+00  7.16800E-01  7.16800E-01
b   3   10  3   15  99  4.86562E-01  4.22734E-01 -2.44402E+00  1.97547E+01  3.67790E+00  2.47000E-02  2.47000E-02
b   3   11  3   15  99  1.45514E-01  1.93424E+00 -2.07245E+01  8.23040E+01  2.00000E+01  2.74400E-02  2.74400E-02
b   3   12  3   15  99  1.47970E-01  1.84311E+00 -2.01442E+01  1.44098E+02  2.00000E+01  6.49800E-02  6.49800E-02
b   3   13  3   15  99  1.51653E-01  1.42382E+00 -1.83840E+01  1.97894E+02  2.00000E+01  2.05200E-01  2.05200E-01
b   3   14  3   15  99  2.43967E-01  1.54036E-01  1.32263E+00 -4.13626E-01  2.03514E+00  1.41400E+00  1.41400E+00
b   3    1  3   16  99  2.64081E-01  1.10051E+00 -1.06811E+01  3.87820E+01  4.93303E+00  5.59400E-03  5.59400E-03
b   3    7  3   16  99  3.33845E-01  3.80772E-01 -6.03838E+00  2.86344E+01  4.24748E+00  7.16800E-01  7.16800E-01
b   3   10  3   16  99  4.76851E-01  4.91211E-01 -2.55029E+00  1.93151E+01  3.66841E+00  1.56600E-02  1.56600E-02
b   3   11  3   16  99  1.57826E-01  2.10008E+00 -2.49833E+01  1.38749E+02  2.00000E+01  1.59400E-02  1.59400E-02
b   3   12  3   16  99  1.64005E-01  2.07405E+00 -2.16673E+01  1.64885E+02  2.00000E+01  3.21600E-02  3.21600E-02
b   3   13  3   16  99  1.75266E-01  1.80864E+00 -1.96629E+01  2.12184E+02  2.00000E+01  7.41300E-02  7.41300E-02
b   3   14  3   16  99  3.08311E-01  5.71151E-01  1.70462E+00 -6.18436E-01  2.16223E+00  2.32900E-01  2.32900E-01
b   3   15  3   16  99  2.62248E-01  5.87209E-02  2.18662E+00 -1.11924E+00  2.82358E+00  1.60800E+00  1.60800E+00
b   3    1  3   17  99  2.65104E-01  1.09778E+00 -1.06275E+01  3.85713E+01  4.92211E+00  3.89200E-03  3.89200E-03
b   3    8  3   17  99  3.33845E-01  3.80772E-01 -6.03838E+00  2.86344E+01  4.24748E+00  7.16800E-01  7.16800E-01
b   3   10  3   17  99  4.81302E-01  5.06114E-01 -2.54354E+00  1.93850E+01  3.66798E+00  1.05920E-02  1.05920E-02
b   3   11  3   17  99  1.64642E-01  2.24676E+00 -2.90366E+01  1.87975E+02  2.00000E+01  1.02000E-02  1.02000E-02
b   3   12  3   17  99  1.71059E-01  2.24180E+00 -2.18673E+01  1.60861E+02  2.00000E+01  1.86700E-02  1.86700E-02
b   3   13  3   17  99  1.88921E-01  2.09681E+00 -2.01784E+01  2.13234E+02  2.00000E+01  3.64000E-02  3.64000E-02
b   3   14  3   17  99  1.66425E-01  1.86549E+00 -1.68574E+01  1.74124E+02  2.00000E+01  8.30100E-02  8.30100E-02
b   3   15  3   17  99  2.87096E-01  6.63814E-01  1.51283E+00 -5.36313E-01  2.15645E+00  2.59800E-01  2.59800E-01
b   3   16  3   17  99  2.44549E-01  1.23464E-01  1.93462E+00 -9.54631E-01  2.78716E+00  1.80000E+00  1.80000E+00
b   3    1  3   18  99  2.55600E-01  1.15182E+00 -1.13305E+01  4.12924E+01  5.10426E+00  2.81400E-03  2.81400E-03
b   3    9  3   18  99  3.33845E-01  3.80772E-01 -6.03838E+00  2.86344E+01  4.24748E+00  7.16800E-01  7.16800E-01
b   3   10  3   18  99  4.77576E-01  5.38338E-01 -2.59750E+00  1.92381E+01  3.66595E+00  7.51000E-03  7.51000E-03
b   3   11  3   18  99  1.82736E-01  2.40796E+00 -3.77846E+01  3.21759E+02  2.00000E+01  6.95800E-03  6.95800E-03
b   3   12  3   18  99  1.78248E-01  2.36022E+00 -2.20529E+01  1.61981E+02  2.00000E+01  1.19600E-02  1.19600E-02
b   3   13  3   18  99  1.65604E-01  2.38060E+00 -1.61248E+01  9.43996E+01  2.00000E+01  2.10700E-02  2.10700E-02
b   3   14  3   18  99  1.87888E-01  2.17967E+00 -1.77674E+01  1.92648E+02  2.00000E+01  4.04700E-02  4.04700E-02
b   3   15  3   18  99  3.20869E-01  1.07316E+00  1.61952E+00 -5.98799E-01  2.15511E+00  9.16200E-02  9.16200E-02
b   3   16  3   18  99  3.01872E-01  5.96781E-01  2.30862E+00 -1.10928E+00  2.94440E+00  2.86400E-01  2.86400E-01
b   3   17  3   18  99  5.41812E-01  1.54620E-01  5.40626E+00 -3.10990E+00  3.38730E+00  9.28900E-01  9.28900E-01
f   3    1  2    1  99  1.00000E+00  1.91240E+01
p   3    1  2    1  98  1.22200E+00 -2.75690E+00 -3.52120E-02 -1.74910E-03  1.00000E+00  1.29000E+03  1.34200E+03  2.58000E+04
f   3    2  2    1  99  1.00000E+00  1.90320E+01
p   3    2  2    1  99  1.00000E+00  1.90320E+01
f   3    3  2    1  99  1.00000E+00  1.90092E+01
p   3    3  2    1  99  1.00000E+00  1.90092E+01
f   3    4  2    1  99  1.00000E+00  1.90060E+01
p   3    4  2    1  99  1.00000E+00  1.90060E+01
f   3    5  2    1  99  1.00000E+00  1.90060E+01
p   3    5  2    1  99  1.00000E+00  1.90060E+01
f   3    6  2    1  99  1.00000E+00  1.90020E+01
p   3    6  2    1  99  1.00000E+00  1.90020E+01
f   3    7  2    1  99  1.00000E+00  1.90002E+01
p   3    7  2    1  99  1.00000E+00  1.90002E+01
f   3    8  2    1  99  1.00000E+00  1.90002E+01
p   3    8  2    1  99  1.00000E+00  1.90002E+01
f   3    9  2    1  99  1.00000E+00  1.90002E+01
p   3    9  2    1  99  1.00000E+00  1.90002E+01
f   3    1  2    2  99  2.00000E+00  1.91240E+01
p   3    1  2    2  98  1.91800E+00 -2.58930E+00 -1.69130E-01  1.73600E-02  2.00000E+00  5.50200E+03  5.72200E+03  1.10000E+05
f   3   10  2    2  99  2.00000E+00  1.97601E+01
p   3   10  2    2  98  1.22200E+00 -2.75690E+00 -3.52120E-02 -1.74910E-03  1.00000E+00  1.29000E+03  1.34200E+03  2.58000E+04
f   3   11  2    2  99  1.00000E+00  1.91120E+01
p   3   11  2    2  99  1.00000E+00  1.91120E+01
f   3   12  2    2  99  1.00000E+00  1.90324E+01
p   3   12  2    2  99  1.00000E+00  1.90324E+01
f   3   13  2    2  99  1.00000E+00  1.90051E+01
p   3   13  2    2  99  1.00000E+00  1.90051E+01
f   3   14  2    2  99  1.00000E+00  1.90150E+01
p   3   14  2    2  99  1.00000E+00  1.90150E+01
f   3   15  2    2  99  1.00000E+00  1.90110E+01
p   3   15  2    2  99  1.00000E+00  1.90110E+01
f   3   16  2    2  99  1.00000E+00  1.90011E+01
p   3   16  2    2  99  1.00000E+00  1.90011E+01
f   3   17  2    2  99  1.00000E+00  1.90011E+01
p   3   17  2    2  99  1.00000E+00  1.90011E+01
f   3   18  2    2  99  1.00000E+00  1.90002E+01
p   3   18  2    2  99  1.00000E+00  1.90002E+01
f   3    2  2    3  99  2.00000E+00  1.90320E+01
p   3    2  2    3  98  1.91800E+00 -2.58930E+00 -1.69130E-01  1.73600E-02  2.00000E+00  5.50200E+03  5.72200E+03  1.10000E+05
f   3   11  2    3  99  1.00000E+00  1.91120E+01
p   3   11  2    3  98  1.22200E+00 -2.75690E+00 -3.52120E-02 -1.74910E-03  1.00000E+00  1.29000E+03  1.34200E+03  2.58000E+04
f   3    3  2    4  99  2.00000E+00  1.90092E+01
p   3    3  2    4  98  1.91800E+00 -2.58930E+00 -1.69130E-01  1.73600E-02  2.00000E+00  5.50200E+03  5.72200E+03  1.10000E+05
f   3   12  2    4  99  1.00000E+00  1.90324E+01
p   3   12  2    4  98  1.22200E+00 -2.75690E+00 -3.52120E-02 -1.74910E-03  1.00000E+00  1.29000E+03  1.34200E+03  2.58000E+04
f   3    4  2    5  99  2.00000E+00  1.90060E+01
p   3    4  2    5  98  1.91800E+00 -2.58930E+00 -1.69130E-01  1.73600E-02  2.00000E+00  5.50200E+03  5.72200E+03  1.10000E+05
f   3   13  2    5  99  1.00000E+00  1.90051E+01
p   3   13  2    5  98  1.22200E+00 -2.75690E+00 -3.52120E-02 -1.74910E-03  1.00000E+00  1.29000E+03  1.34200E+03  2.58000E+04
f   3    5  2    6  99  2.00000E+00  1.90060E+01
p   3    5  2    6  98  1.91800E+00 -2.58930E+00 -1.69130E-01  1.73600E-02  2.00000E+00  5.50200E+03  5.72200E+03  1.10000E+05
f   3   14  2    6  99  1.00000E+00  1.90150E+01
p   3   14  2    6  98  1.22200E+00 -2.75690E+00 -3.52120E-02 -1.74910E-03  1.00000E+00  1.29000E+03  1.34200E+03  2.58000E+04
f   3    6  2    7  99  2.00000E+00  1.90020E+01
p   3    6  2    7  98  1.91800E+00 -2.58930E+00 -1.69130E-01  1.73600E-02  2.00000E+00  5.50200E+03  5.72200E+03  1.10000E+05
f   3   15  2    7  99  1.00000E+00  1.90110E+01
p   3   15  2    7  98  1.22200E+00 -2.75690E+00 -3.52120E-02 -1.74910E-03  1.00000E+00  1.29000E+03  1.34200E+03  2.58000E+04
f   3    7  2    8  99  2.00000E+00  1.90002E+01
p   3    7  2    8  98  1.91800E+00 -2.58930E+00 -1.69130E-01  1.73600E-02  2.00000E+00  5.50200E+03  5.72200E+03  1.10000E+05
f   3   16  2    8  99  1.00000E+00  1.90011E+01
p   3   16  2    8  98  1.22200E+00 -2.75690E+00 -3.52120E-02 -1.74910E-03  1.00000E+00  1.29000E+03  1.34200E+03  2.58000E+04
f   3    8  2    9  99  2.00000E+00  1.90002E+01
p   3    8  2    9  98  1.91800E+00 -2.58930E+00 -1.69130E-01  1.73600E-02  2.00000E+00  5.50200E+03  5.72200E+03  1.10000E+05
f   3   17  2    9  99  1.00000E+00  1.90011E+01
p   3   17  2    9  98  1.22200E+00 -2.75690E+00 -3.52120E-02 -1.74910E-03  1.00000E+00  1.29000E+03  1.34200E+03  2.58000E+04
f   3    9  2   10  99  2.00000E+00  1.90002E+01
p   3    9  2   10  98  1.91800E+00 -2.58930E+00 -1.69130E-01  1.73600E-02  2.00000E+00  5.50200E+03  5.72200E+03  1.10000E+05
f   3   18  2   10  99  1.00000E+00  1.90002E+01
p   3   18  2   10  98  1.22200E+00 -2.75690E+00 -3.52120E-02 -1.74910E-03  1.00000E+00  1.29000E+03  1.34200E+03  2.58000E+04
f   3   10  2   11  99  1.00000E+00  1.97601E+01
p   3   10  2   11  98  1.91800E+00 -2.58930E+00 -1.69130E-01  1.73600E-02  2.00000E+00  5.50200E+03  5.72200E+03  1.10000E+05
f   3   11  2   12  99  1.00000E+00  1.91120E+01
p   3   11  2   12  98  1.91800E+00 -2.58930E+00 -1.69130E-01  1.73600E-02  2.00000E+00  5.50200E+03  5.72200E+03  1.10000E+05
f   3   12  2   13  99  1.00000E+00  1.90324E+01
p   3   12  2   13  98  1.91800E+00 -2.58930E+00 -1.69130E-01  1.73600E-02  2.00000E+00  5.50200E+03  5.72200E+03  1.10000E+05
f   3   13  2   14  99  1.00000E+00  1.90051E+01
p   3   13  2   14  98  1.91800E+00 -2.58930E+00 -1.69130E-01  1.73600E-02  2.00000E+00  5.50200E+03  5.72200E+03  1.10000E+05
f   3   14  2   15  99  1.00000E+00  1.90150E+01
p   3   14  2   15  98  1.91800E+00 -2.58930E+00 -1.69130E-01  1.73600E-02  2.00000E+00  5.50200E+03  5.72200E+03  1.10000E+05
f   3   15  2   16  99  1.00000E+00  1.90110E+01
p   3   15  2   16  98  1.91800E+00 -2.58930E+00 -1.69130E-01  1.73600E-02  2.00000E+00  5.50200E+03  5.72200E+03  1.10000E+05
f   3   16  2   17  99  1.00000E+00  1.90011E+01
p   3   16  2   17  98  1.91800E+00 -2.58930E+00 -1.69130E-01  1.73600E-02  2.00000E+00  5.50200E+03  5.72200E+03  1.10000E+05
f   3   17  2   18  99  1.00000E+00  1.90011E+01
p   3   17  2   18  98  1.91800E+00 -2.58930E+00 -1.69130E-01  1.73600E-02  2.00000E+00  5.50200E+03  5.72200E+03  1.10000E+05
f   3   18  2   19  99  1.00000E+00  1.90002E+01
p   3   18  2   19  98  1.91800E+00 -2.58930E+00 -1.69130E-01  1.73600E-02  2.00000E+00  5.50200E+03  5.72200E+03  1.10000E+05
a   3   10  2    1   4.46660E+13
a   3   11  2    1   4.85045E+12
a   3   12  2    1   1.14545E+12
a   3   13  2    1   3.71610E+11
a   3   14  2    1   1.49835E+11
a   3   15  2    1   6.93250E+10
a   3   16  2    1   3.55565E+10
a   3   17  2    1   1.97315E+10
a   3   18  2    1   1.16510E+10
b   4    1  4    2  99  1.04080E-01  1.71277E+00 -4.97045E+01  4.48745E+02  2.00000E+01  1.13640E+00  1.13640E+00
b   4    1  4    3  99  1.83360E-01  1.07339E+00 -8.84954E+00  3.60842E+01  5.97677E+00  2.30600E-01  2.30600E-01
b   4    2  4    3  99  9.22209E-02  1.07836E+00 -2.09513E+01  1.59437E+02  2.00000E+01  8.05400E-01  8.05400E-01
b   4    1  4    4  99  3.19182E-01  6.35112E-01 -3.34290E+00  1.59795E+01  3.77351E+00  8.88000E-02  8.88000E-02
b   4    2  4    4  99  1.05527E-01  1.32543E+00 -1.12394E+01 -1.69222E+01  2.00000E+01  1.50600E-01  1.50600E-01
b   4    3  4    4  99  1.13322E-01  9.20519E-01 -1.83814E+01  1.95784E+02  2.00000E+01  1.01400E+00  1.01400E+00
b   4    1  4    5  99  4.78096E-01  3.39286E-01 -2.30404E+00  1.95155E+01  3.68102E+00  4.21000E-02  4.21000E-02
b   4    2  4    5  99  1.29365E-01  1.48430E+00 -5.67815E+00  1.48758E+01  6.59403E+00  5.45100E-02  5.45100E-02
b   4    3  4    5  99  1.22005E-01  1.48655E+00 -1.65033E+01  9.80409E+01  2.00000E+01  1.75500E-01  1.75500E-01
b   4    4  4    5  99  2.71070E-01  6.71956E-02  1.62899E+00 -5.84975E-01  2.10698E+00  1.19400E+00  1.19400E+00
b   4    1  4    6  99  4.71588E-01  4.13772E-01 -2.42879E+00  1.92540E+01  3.67364E+00  2.44200E-02  2.44200E-02
b   4    2  4    6  99  1.36281E-01  1.81139E+00 -1.30581E+01 -2.96531E+01  2.00000E+01  2.73400E-02  2.73400E-02
b   4    3  4    6  99  1.44727E-01  1.82487E+00 -1.93080E+01  1.32177E+02  2.00000E+01  6.50500E-02  6.50500E-02
b   4    4  4    6  99  1.49175E-01  1.42420E+00 -1.78131E+01  1.89293E+02  2.00000E+01  2.03800E-01  2.03800E-01
b   4    5  4    6  99  2.37943E-01  1.82415E-01  1.23622E+00 -3.64495E-01  2.00151E+00  1.39800E+00  1.39800E+00
b   4    1  4    7  99  4.74748E-01  4.38352E-01 -2.42458E+00  1.92239E+01  3.67086E+00  1.55240E-02  1.55240E-02
b   4    2  4    7  99  1.49816E-01  1.97683E+00 -1.80223E+01  3.94624E+01  2.00000E+01  1.59500E-02  1.59500E-02
b   4    3  4    7  99  1.58299E-01  2.04505E+00 -2.02978E+01  1.42570E+02  2.00000E+01  3.23700E-02  3.23700E-02
b   4    4  4    7  99  1.72986E-01  1.79811E+00 -1.92068E+01  2.07346E+02  2.00000E+01  7.41300E-02  7.41300E-02
b   4    5  4    7  99  3.02307E-01  5.94500E-01  1.64920E+00 -6.03639E-01  2.15749E+00  2.31800E-01  2.31800E-01
b   4    6  4    7  99  2.57577E-01  8.30758E-02  2.10382E+00 -1.05687E+00  2.80998E+00  1.59500E+00  1.59500E+00
b   4    1  4    8  99  4.86369E-01  4.27380E-01 -2.34858E+00  1.95278E+01  3.67855E+00  1.05180E-02  1.05180E-02
b   4    2  4    8  99  1.57027E-01  2.10311E+00 -2.14387E+01  8.26587E+01  2.00000E+01  1.02200E-02  1.02200E-02
b   4    3  4    8  99  1.67960E-01  2.20290E+00 -2.10969E+01  1.52230E+02  2.00000E+01  1.88600E-02  1.88600E-02
b   4    4  4    8  99  1.88224E-01  2.06908E+00 -1.97295E+01  2.12258E+02  2.00000E+01  3.65500E-02  3.65500E-02
b   4    5  4    8  99  3.32746E-01  9.74329E-01  1.68036E+00 -5.61156E-01  2.12715E+00  8.29600E-02  8.29600E-02
b   4    6  4    8  99  2.81073E-01  6.89986E-01  1.43423E+00 -4.85264E-01  2.13663E+00  2.58600E-01  2.58600E-01
b   4    7  4    8  99  2.40173E-01  1.46763E-01  1.85522E+00 -9.02108E-01  2.76571E+00  1.79000E+00  1.79000E+00
b   4    1  4    9  99  4.82479E-01  4.56648E-01 -2.39401E+00  1.93426E+01  3.67272E+00  7.46600E-03  7.46600E-03
b   4    2  4    9  99  1.58609E-01  2.16039E+00 -2.13652E+01  7.60176E+01  2.00000E+01  6.98800E-03  6.98800E-03
b   4    3  4    9  99  1.74642E-01  2.31955E+00 -2.15160E+01  1.56622E+02  2.00000E+01  1.21100E-02  1.21100E-02
b   4    4  4    9  99  1.93128E-01  2.29516E+00 -1.97512E+01  1.99726E+02  2.00000E+01  2.12200E-02  2.12200E-02
b   4    5  4    9  99  1.84116E-01  2.17184E+00 -1.73513E+01  1.86026E+02  2.00000E+01  4.05700E-02  4.05700E-02
b   4    6  4    9  99  3.15883E-01  1.08968E+00  1.56961E+00 -5.70520E-01  2.14126E+00  9.14700E-02  9.14700E-02
b   4    7  4    9  99  2.98224E-01  6.13426E-01  2.28540E+00 -1.10056E+00  2.97210E+00  2.85300E-01  2.85300E-01
b   4    8  4    9  99  5.06947E-01  1.87438E-01  4.99259E+00 -2.85157E+00  3.38434E+00  9.74700E-01  9.74700E-01
b   4    1  4   10  98  0.00000E+00  0.00000E+00  0.00000E+00  0.00000E+00  0.00000E+00  3.64771E-03  7.29542E-05
b   4    2  4   10  99  1.04080E-01  1.71277E+00 -4.97045E+01  4.48745E+02  2.00000E+01  5.36633E-01  5.36633E-01
b   4    1  4   11  98  0.00000E+00  0.00000E+00  0.00000E+00  0.00000E+00  0.00000E+00  4.87181E-03  9.74362E-05
b   4    2  4   11  99  1.83360E-01  1.07339E+00 -8.84954E+00  3.60842E+01  5.97677E+00  1.15300E-01  1.15300E-01
b   4    3  4   11  99  1.04080E-01  1.71277E+00 -4.97045E+01  4.48745E+02  2.00000E+01  5.68200E-01  5.68200E-01
b   4   10  4   11  99  9.22209E-02  1.07836E+00 -2.09513E+01  1.59437E+02  2.00000E+01  1.61080E+00  1.61080E+00
b   4    1  4   12  98  0.00000E+00  0.00000E+00  0.00000E+00  0.00000E+00  0.00000E+00  6.77843E-03  1.35569E-04
b   4    2  4   12  99  3.19182E-01  6.35112E-01 -3.34290E+00  1.59795E+01  3.77351E+00  4.44000E-02  4.44000E-02
b   4    4  4   12  99  1.04080E-01  1.71277E+00 -4.97045E+01  4.48745E+02  2.00000E+01  5.68200E-01  5.68200E-01
b   4   10  4   12  99  1.05527E-01  1.32543E+00 -1.12394E+01 -1.69222E+01  2.00000E+01  3.01200E-01  3.01200E-01
b   4   11  4   12  99  1.13322E-01  9.20519E-01 -1.83814E+01  1.95784E+02  2.00000E+01  1.01400E+00  1.01400E+00
b   4    1  4   13  98  0.00000E+00  0.00000E+00  0.00000E+00  0.00000E+00  0.00000E+00  9.19046E-03  1.83809E-04
b   4    2  4   13  99  4.78096E-01  3.39286E-01 -2.30404E+00  1.95155E+01  3.68102E+00  2.10500E-02  2.10500E-02
b   4    5  4   13  99  1.04080E-01  1.71277E+00 -4.97045E+01  4.48745E+02  2.00000E+01  5.68200E-01  5.68200E-01
b   4   10  4   13  99  1.29365E-01  1.48430E+00 -5.67815E+00  1.48758E+01  6.59403E+00  1.09020E-01  1.09020E-01
b   4   11  4   13  99  1.22005E-01  1.48655E+00 -1.65033E+01  9.80409E+01  2.00000E+01  1.75500E-01  1.75500E-01
b   4   12  4   13  99  2.71070E-01  6.71956E-02  1.62899E+00 -5.84975E-01  2.10698E+00  1.19400E+00  1.19400E+00
b   4    1  4   14  98  0.00000E+00  0.00000E+00  0.00000E+00  0.00000E+00  0.00000E+00  1.20689E-02  2.41379E-04
b   4    2  4   14  99  4.71588E-01  4.13772E-01 -2.42879E+00  1.92540E+01  3.67364E+00  1.22100E-02  1.22100E-02
b   4    6  4   14  99  1.04080E-01  1.71277E+00 -4.97045E+01  4.48745E+02  2.00000E+01  5.68200E-01  5.68200E-01
b   4   10  4   14  99  1.36281E-01  1.81139E+00 -1.30581E+01 -2.96531E+01  2.00000E+01  5.46800E-02  5.46800E-02
b   4   11  4   14  99  1.44727E-01  1.82487E+00 -1.93080E+01  1.32177E+02  2.00000E+01  6.50500E-02  6.50500E-02
b   4   12  4   14  99  1.49175E-01  1.42420E+00 -1.78131E+01  1.89293E+02  2.00000E+01  2.03800E-01  2.03800E-01
b   4   13  4   14  99  2.37943E-01  1.82415E-01  1.23622E+00 -3.64495E-01  2.00151E+00  1.39800E+00  1.39800E+00
b   4    1  4   15  98  0.00000E+00  0.00000E+00  0.00000E+00  0.00000E+00  0.00000E+00  1.54045E-02  3.08090E-04
b   4    2  4   15  99  4.74748E-01  4.38352E-01 -2.42458E+00  1.92239E+01  3.67086E+00  7.76200E-03  7.76200E-03
b   4    7  4   15  99  1.04080E-01  1.71277E+00 -4.97045E+01  4.48745E+02  2.00000E+01  5.68200E-01  5.68200E-01
b   4   10  4   15  99  1.49816E-01  1.97683E+00 -1.80223E+01  3.94624E+01  2.00000E+01  3.19000E-02  3.19000E-02
b   4   11  4   15  99  1.58299E-01  2.04505E+00 -2.02978E+01  1.42570E+02  2.00000E+01  3.23700E-02  3.23700E-02
b   4   12  4   15  99  1.72986E-01  1.79811E+00 -1.92068E+01  2.07346E+02  2.00000E+01  7.41300E-02  7.41300E-02
b   4   13  4   15  99  3.02307E-01  5.94500E-01  1.64920E+00 -6.03639E-01  2.15749E+00  2.31800E-01  2.31800E-01
b   4   14  4   15  99  2.57577E-01  8.30758E-02  2.10382E+00 -1.05687E+00  2.80998E+00  1.59500E+00  1.59500E+00
b   4    1  4   16  98  0.00000E+00  0.00000E+00  0.00000E+00  0.00000E+00  0.00000E+00  1.91968E-02  3.83935E-04
b   4    2  4   16  99  4.86369E-01  4.27380E-01 -2.34858E+00  1.95278E+01  3.67855E+00  5.25900E-03  5.25900E-03
b   4    8  4   16  99  1.04080E-01  1.71277E+00 -4.97045E+01  4.48745E+02  2.00000E+01  5.68200E-01  5.68200E-01
b   4   10  4   16  99  1.57027E-01  2.10311E+00 -2.14387E+01  8.26587E+01  2.00000E+01  2.04400E-02  2.04400E-02
b   4   11  4   16  99  1.67960E-01  2.20290E+00 -2.10969E+01  1.52230E+02  2.00000E+01  1.88600E-02  1.88600E-02
b   4   12  4   16  99  1.88224E-01  2.06908E+00 -1.97295E+01  2.12258E+02  2.00000E+01  3.65500E-02  3.65500E-02
b   4   13  4   16  99  3.32746E-01  9.74329E-01  1.68036E+00 -5.61156E-01  2.12715E+00  8.29600E-02  8.29600E-02
b   4   14  4   16  99  2.81073E-01  6.89986E-01  1.43423E+00 -4.85264E-01  2.13663E+00  2.58600E-01  2.58600E-01
b   4   15  4   16  99  2.40173E-01  1.46763E-01  1.85522E+00 -9.02108E-01  2.76571E+00  1.79000E+00  1.79000E+00
b   4    1  4   17  98  0.00000E+00  0.00000E+00  0.00000E+00  0.00000E+00  0.00000E+00  2.34413E-02  4.68825E-04
b   4    2  4   17  99  4.82479E-01  4.56648E-01 -2.39401E+00  1.93426E+01  3.67272E+00  3.73300E-03  3.73300E-03
b   4    9  4   17  99  1.04080E-01  1.71277E+00 -4.97045E+01  4.48745E+02  2.00000E+01  5.68200E-01  5.68200E-01
b   4   10  4   17  99  1.58609E-01  2.16039E+00 -2.13652E+01  7.60176E+01  2.00000E+01  1.39760E-02  1.39760E-02
b   4   11  4   17  99  1.74642E-01  2.31955E+00 -2.15160E+01  1.56622E+02  2.00000E+01  1.21100E-02  1.21100E-02
b   4   12  4   17  99  1.93128E-01  2.29516E+00 -1.97512E+01  1.99726E+02  2.00000E+01  2.12200E-02  2.12200E-02
b   4   13  4   17  99  1.84116E-01  2.17184E+00 -1.73513E+01  1.86026E+02  2.00000E+01  4.05700E-02  4.05700E-02
b   4   14  4   17  99  3.15883E-01  1.08968E+00  1.56961E+00 -5.70520E-01  2.14126E+00  9.14700E-02  9.14700E-02
b   4   15  4   17  99  2.98224E-01  6.13426E-01  2.28540E+00 -1.10056E+00  2.97210E+00  2.85300E-01  2.85300E-01
b   4   16  4   17  99  5.06947E-01  1.87438E-01  4.99259E+00 -2.85157E+00  3.38434E+00  9.74700E-01  9.74700E-01
b   4    1  4   18  99  3.38052E-01  3.73517E-01 -6.00906E+00  2.86649E+01  4.23478E+00  5.21250E-01  5.21250E-01
b   4    1  4   19  99  3.05443E-01  6.55006E-01 -7.30730E+00  3.00711E+01  4.39794E+00  1.34720E-01  1.34720E-01
b   4    2  4   19  99  3.38052E-01  3.73517E-01 -6.00906E+00  2.86649E+01  4.23478E+00  6.08125E-01  6.08125E-01
b   4   18  4   19  99  1.04080E-01  1.71277E+00 -4.97045E+01  4.48745E+02  2.00000E+01  1.70460E+00  1.70460E+00
b   4    1  4   20  99  2.89383E-01  7.80809E-01 -7.98147E+00  3.10590E+01  4.49667E+00  5.00800E-02  5.00800E-02
b   4    3  4   20  99  3.38052E-01  3.73517E-01 -6.00906E+00  2.86649E+01  4.23478E+00  6.08125E-01  6.08125E-01
b   4   18  4   20  99  1.83360E-01  1.07339E+00 -8.84954E+00  3.60842E+01  5.97677E+00  3.45900E-01  3.45900E-01
b   4   19  4   20  99  9.22209E-02  1.07836E+00 -2.09513E+01  1.59437E+02  2.00000E+01  8.05400E-01  8.05400E-01
b   4    1  4   21  99  2.75395E-01  8.62877E-01 -8.65861E+00  3.30688E+01  4.66306E+00  2.42200E-02  2.42200E-02
b   4    4  4   21  99  3.38052E-01  3.73517E-01 -6.00906E+00  2.86649E+01  4.23478E+00  6.08125E-01  6.08125E-01
b   4   18  4   21  99  3.19182E-01  6.35112E-01 -3.34290E+00  1.59795E+01  3.77351E+00  1.33200E-01  1.33200E-01
b   4   19  4   21  99  1.05527E-01  1.32543E+00 -1.12394E+01 -1.69222E+01  2.00000E+01  1.50600E-01  1.50600E-01
b   4   20  4   21  99  1.13322E-01  9.20519E-01 -1.83814E+01  1.95784E+02  2.00000E+01  1.01400E+00  1.01400E+00
b   4    1  4   22  99  2.88756E-01  9.77567E-01 -9.74782E+00  3.66163E+01  4.72314E+00  1.28460E-02  1.28460E-02
b   4    5  4   22  99  3.38052E-01  3.73517E-01 -6.00906E+00  2.86649E+01  4.23478E+00  6.08125E-01  6.08125E-01
b   4   18  4   22  99  4.78096E-01  3.39286E-01 -2.30404E+00  1.95155E+01  3.68102E+00  6.31500E-02  6.31500E-02
b   4   19  4   22  99  1.29365E-01  1.48430E+00 -5.67815E+00  1.48758E+01  6.59403E+00  5.45100E-02  5.45100E-02
b   4   20  4   22  99  1.22005E-01  1.48655E+00 -1.65033E+01  9.80409E+01  2.00000E+01  1.75500E-01  1.75500E-01
b   4   21  4   22  99  2.71070E-01  6.71956E-02  1.62899E+00 -5.84975E-01  2.10698E+00  1.19400E+00  1.19400E+00
b   4    1  4   23  99  2.75935E-01  1.04069E+00 -1.03702E+01  3.86068E+01  4.87012E+00  7.93800E-03  7.93800E-03
b   4    6  4   23  99  3.38052E-01  3.73517E-01 -6.00906E+00  2.86649E+01  4.23478E+00  6.08125E-01  6.08125E-01
b   4   18  4   23  99  4.71588E-01  4.13772E-01 -2.42879E+00  1.92540E+01  3.67364E+00  3.66300E-02  3.66300E-02
b   4   19  4   23  99  1.36281E-01  1.81139E+00 -1.30581E+01 -2.96531E+01  2.00000E+01  2.73400E-02  2.73400E-02
b   4   20  4   23  99  1.44727E-01  1.82487E+00 -1.93080E+01  1.32177E+02  2.00000E+01  6.50500E-02  6.50500E-02
b   4   21  4   23  99  1.49175E-01  1.42420E+00 -1.78131E+01  1.89293E+02  2.00000E+01  2.03800E-01  2.03800E-01
b   4   22  4   23  99  2.37943E-01  1.82415E-01  1.23622E+00 -3.64495E-01  2.00151E+00  1.39800E+00  1.39800E+00
b   4    1  4   24  99  2.72189E-01  1.05873E+00 -1.05219E+01  3.90220E+01  4.90767E+00  5.25000E-03  5.25000E-03
b   4    7  4   24  99  3.38052E-01  3.73517E-01 -6.00906E+00  2.86649E+01  4.23478E+00  6.08125E-01  6.08125E-01
b   4   18  4   24  99  4.74748E-01  4.38352E-01 -2.42458E+00  1.92239E+01  3.67086E+00  2.32860E-02  2.32860E-02
b   4   19  4   24  99  1.49816E-01  1.97683E+00 -1.80223E+01  3.94624E+01  2.00000E+01  1.59500E-02  1.59500E-02
b   4   20  4   24  99  1.58299E-01  2.04505E+00 -2.02978E+01  1.42570E+02  2.00000E+01  3.23700E-02  3.23700E-02
b   4   21  4   24  99  1.72986E-01  1.79811E+00 -1.92068E+01  2.07346E+02  2.00000E+01  7.41300E-02  7.41300E-02
b   4   22  4   24  99  3.02307E-01  5.94500E-01  1.64920E+00 -6.03639E-01  2.15749E+00  2.31800E-01  2.31800E-01
b   4   23  4   24  99  2.57577E-01  8.30758E-02  2.10382E+00 -1.05687E+00  2.80998E+00  1.59500E+00  1.59500E+00
b   4    1  4   25  99  2.72593E-01  1.05519E+00 -1.04302E+01  3.85728E+01  4.88550E+00  3.65200E-03  3.65200E-03
b   4    8  4   25  99  3.38052E-01  3.73517E-01 -6.00906E+00  2.86649E+01  4.23478E+00  6.08125E-01  6.08125E-01
b   4   18  4   25  99  4.86369E-01  4.27380E-01 -2.34858E+00  1.95278E+01  3.67855E+00  1.57770E-02  1.57770E-02
b   4   19  4   25  99  1.57027E-01  2.10311E+00 -2.14387E+01  8.26587E+01  2.00000E+01  1.02200E-02  1.02200E-02
b   4   20  4   25  99  1.67960E-01  2.20290E+00 -2.10969E+01  1.52230E+02  2.00000E+01  1.88600E-02  1.88600E-02
b   4   21  4   25  99  1.88224E-01  2.06908E+00 -1.97295E+01  2.12258E+02  2.00000E+01  3.65500E-02  3.65500E-02
b   4   22  4   25  99  3.32746E-01  9.74329E-01  1.68036E+00 -5.61156E-01  2.12715E+00  8.29600E-02  8.29600E-02
b   4   23  4   25  99  2.81073E-01  6.89986E-01  1.43423E+00 -4.85264E-01  2.13663E+00  2.58600E-01  2.58600E-01
b   4   24  4   25  99  2.40173E-01  1.46763E-01  1.85522E+00 -9.02108E-01  2.76571E+00  1.79000E+00  1.79000E+00
b   4    1  4   26  99  2.70279E-01  1.06920E+00 -1.06119E+01  3.93067E+01  4.93566E+00  2.64000E-03  2.64000E-03
b   4    9  4   26  99  3.38052E-01  3.73517E-01 -6.00906E+00  2.86649E+01  4.23478E+00  6.08125E-01  6.08125E-01
b   4   18  4   26  99  4.82479E-01  4.56648E-01 -2.39401E+00  1.93426E+01  3.67272E+00  1.11990E-02  1.11990E-02
b   4   19  4   26  99  1.58609E-01  2.16039E+00 -2.13652E+01  7.60176E+01  2.00000E+01  6.98800E-03  6.98800E-03
b   4   20  4   26  99  1.74642E-01  2.31955E+00 -2.15160E+01  1.56622E+02  2.00000E+01  1.21100E-02  1.21100E-02
b   4   21  4   26  99  1.93128E-01  2.29516E+00 -1.97512E+01  1.99726E+02  2.00000E+01  2.12200E-02  2.12200E-02
b   4   22  4   26  99  1.84116E-01  2.17184E+00 -1.73513E+01  1.86026E+02  2.00000E+01  4.05700E-02  4.05700E-02
b   4   23  4   26  99  3.15883E-01  1.08968E+00  1.56961E+00 -5.70520E-01  2.14126E+00  9.14700E-02  9.14700E-02
b   4   24  4   26  99  2.98224E-01  6.13426E-01  2.28540E+00 -1.10056E+00  2.97210E+00  2.85300E-01  2.85300E-01
b   4   25  4   26  99  5.06947E-01  1.87438E-01  4.99259E+00 -2.85157E+00  3.38434E+00  9.74700E-01  9.74700E-01
f   4    1  3    1  99  2.00000E+00  1.88221E+01
p   4    1  3    1  98  1.27410E+00 -2.71020E+00 -4.81140E-02 -8.52070E-04  2.00000E+00  1.20000E+03  1.24800E+03  2.39900E+04
f   4    2  3    1  99  1.00000E+00  1.81280E+01
p   4    2  3    1  99  1.00000E+00  1.81280E+01
f   4    3  3    1  99  1.00000E+00  1.80370E+01
p   4    3  3    1  99  1.00000E+00  1.80370E+01
f   4    4  3    1  99  1.00000E+00  1.80081E+01
p   4    4  3    1  99  1.00000E+00  1.80081E+01
f   4    5  3    1  99  1.00000E+00  1.80180E+01
p   4    5  3    1  99  1.00000E+00  1.80180E+01
f   4    6  3    1  99  1.00000E+00  1.80120E+01
p   4    6  3    1  99  1.00000E+00  1.80120E+01
f   4    7  3    1  99  1.00000E+00  1.80012E+01
p   4    7  3    1  99  1.00000E+00  1.80012E+01
f   4    8  3    1  99  1.00000E+00  1.80012E+01
p   4    8  3    1  99  1.00000E+00  1.80012E+01
f   4    9  3    1  99  1.00000E+00  1.80003E+01
p   4    9  3    1  99  1.00000E+00  1.80003E+01
f   4    2  3    2  99  1.00000E+00  1.81280E+01
p   4    2  3    2  98  1.27410E+00 -2.71020E+00 -4.81140E-02 -8.52070E-04  2.00000E+00  1.20000E+03  1.24800E+03  2.39900E+04
f   4   10  3    2  99  2.00000E+00  1.86920E+01
p   4   10  3    2  99  2.00000E+00  1.86920E+01
f   4   11  3    2  99  1.00000E+00  1.80937E+01
p   4   11  3    2  99  1.00000E+00  1.80937E+01
f   4   12  3    2  99  1.00000E+00  1.80264E+01
p   4   12  3    2  99  1.00000E+00  1.80264E+01
f   4   13  3    2  99  1.00000E+00  1.80240E+01
p   4   13  3    2  99  1.00000E+00  1.80240E+01
f   4   14  3    2  99  1.00000E+00  1.80160E+01
p   4   14  3    2  99  1.00000E+00  1.80160E+01
f   4   15  3    2  99  1.00000E+00  1.80102E+01
p   4   15  3    2  99  1.00000E+00  1.80102E+01
f   4   16  3    2  99  1.00000E+00  1.80082E+01
p   4   16  3    2  99  1.00000E+00  1.80082E+01
f   4   17  3    2  99  1.00000E+00  1.80003E+01
p   4   17  3    2  99  1.00000E+00  1.80003E+01
f   4    3  3    3  99  1.00000E+00  1.80370E+01
p   4    3  3    3  98  1.27410E+00 -2.71020E+00 -4.81140E-02 -8.52070E-04  2.00000E+00  1.20000E+03  1.24800E+03  2.39900E+04
f   4   11  3    3  99  1.00000E+00  1.80937E+01
p   4   11  3    3  99  1.00000E+00  1.80937E+01
f   4    4  3    4  99  1.00000E+00  1.80081E+01
p   4    4  3    4  98  1.27410E+00 -2.71020E+00 -4.81140E-02 -8.52070E-04  2.00000E+00  1.20000E+03  1.24800E+03  2.39900E+04
f   4   12  3    4  99  1.00000E+00  1.80264E+01
p   4   12  3    4  99  1.00000E+00  1.80264E+01
f   4    5  3    5  99  1.00000E+00  1.80180E+01
p   4    5  3    5  98  1.27410E+00 -2.71020E+00 -4.81140E-02 -8.52070E-04  2.00000E+00  1.20000E+03  1.24800E+03  2.39900E+04
f   4   13  3    5  99  1.00000E+00  1.80240E+01
p   4   13  3    5  99  1.00000E+00  1.80240E+01
f   4    6  3    6  99  1.00000E+00  1.80120E+01
p   4    6  3    6  98  1.27410E+00 -2.71020E+00 -4.81140E-02 -8.52070E-04  2.00000E+00  1.20000E+03  1.24800E+03  2.39900E+04
f   4   14  3    6  99  1.00000E+00  1.80160E+01
p   4   14  3    6  99  1.00000E+00  1.80160E+01
f   4    7  3    7  99  1.00000E+00  1.80012E+01
p   4    7  3    7  98  1.27410E+00 -2.71020E+00 -4.81140E-02 -8.52070E-04  2.00000E+00  1.20000E+03  1.24800E+03  2.39900E+04
f   4   15  3    7  99  1.00000E+00  1.80102E+01
p   4   15  3    7  99  1.00000E+00  1.80102E+01
f   4    8  3    8  99  1.00000E+00  1.80012E+01
p   4    8  3    8  98  1.27410E+00 -2.71020E+00 -4.81140E-02 -8.52070E-04  2.00000E+00  1.20000E+03  1.24800E+03  2.39900E+04
f   4   16  3    8  99  1.00000E+00  1.80082E+01
p   4   16  3    8  99  1.00000E+00  1.80082E+01
f   4    9  3    9  99  1.00000E+00  1.80003E+01
p   4    9  3    9  98  1.27410E+00 -2.71020E+00 -4.81140E-02 -8.52070E-04  2.00000E+00  1.20000E+03  1.24800E+03  2.39900E+04
f   4   17  3    9  99  1.00000E+00  1.80003E+01
p   4   17  3    9  99  1.00000E+00  1.80003E+01
f   4    1  3   10  99  2.00000E+00  1.88221E+01
p   4    1  3   10  98  1.94950E+00 -2.58850E+00 -1.63750E-01  1.59380E-02  2.00000E+00  5.38500E+03  5.60000E+03  1.07700E+05
f   4   18  3   10  99  3.00000E+00  1.94582E+01
p   4   18  3   10  98  1.27410E+00 -2.71020E+00 -4.81140E-02 -8.52070E-04  2.00000E+00  1.20000E+03  1.24800E+03  2.39900E+04
f   4   19  3   10  99  1.00000E+00  1.82080E+01
p   4   19  3   10  99  1.00000E+00  1.82080E+01
f   4   20  3   10  99  1.00000E+00  1.80602E+01
p   4   20  3   10  99  1.00000E+00  1.80602E+01
f   4   21  3   10  99  1.00000E+00  1.80072E+01
p   4   21  3   10  99  1.00000E+00  1.80072E+01
f   4   22  3   10  99  1.00000E+00  1.80270E+01
p   4   22  3   10  99  1.00000E+00  1.80270E+01
f   4   23  3   10  99  1.00000E+00  1.80210E+01
p   4   23  3   10  99  1.00000E+00  1.80210E+01
f   4   24  3   10  99  1.00000E+00  1.80021E+01
p   4   24  3   10  99  1.00000E+00  1.80021E+01
f   4   25  3   10  99  1.00000E+00  1.80021E+01
p   4   25  3   10  99  1.00000E+00  1.80021E+01
f   4   26  3   10  99  1.00000E+00  1.80003E+01
p   4   26  3   10  99  1.00000E+00  1.80003E+01
f   4    2  3   11  99  2.00000E+00  1.81280E+01
p   4    2  3   11  98  1.94950E+00 -2.58850E+00 -1.63750E-01  1.59380E-02  2.00000E+00  5.38500E+03  5.60000E+03  1.07700E+05
f   4   19  3   11  99  2.00000E+00  1.82080E+01
p   4   19  3   11  98  1.27410E+00 -2.71020E+00 -4.81140E-02 -8.52070E-04  2.00000E+00  1.20000E+03  1.24800E+03  2.39900E+04
f   4    3  3   12  99  2.00000E+00  1.80370E+01
p   4    3  3   12  98  1.94950E+00 -2.58850E+00 -1.63750E-01  1.59380E-02  2.00000E+00  5.38500E+03  5.60000E+03  1.07700E+05
f   4   20  3   12  99  2.00000E+00  1.80602E+01
p   4   20  3   12  98  1.27410E+00 -2.71020E+00 -4.81140E-02 -8.52070E-04  2.00000E+00  1.20000E+03  1.24800E+03  2.39900E+04
f   4    4  3   13  99  2.00000E+00  1.80081E+01
p   4    4  3   13  98  1.94950E+00 -2.58850E+00 -1.63750E-01  1.59380E-02  2.00000E+00  5.38500E+03  5.60000E+03  1.07700E+05
f   4   21  3   13  99  2.00000E+00  1.80072E+01
p   4   21  3   13  98  1.27410E+00 -2.71020E+00 -4.81140E-02 -8.52070E-04  2.00000E+00  1.20000E+03  1.24800E+03  2.39900E+04
f   4    5  3   14  99  2.00000E+00  1.80180E+01
p   4    5  3   14  98  1.94950E+00 -2.58850E+00 -1.63750E-01  1.59380E-02  2.00000E+00  5.38500E+03  5.60000E+03  1.07700E+05
f   4   22  3   14  99  2.00000E+00  1.80270E+01
p   4   22  3   14  98  1.27410E+00 -2.71020E+00 -4.81140E-02 -8.52070E-04  2.00000E+00  1.20000E+03  1.24800E+03  2.39900E+04
f   4    6  3   15  99  2.00000E+00  1.80120E+01
p   4    6  3   15  98  1.94950E+00 -2.58850E+00 -1.63750E-01  1.59380E-02  2.00000E+00  5.38500E+03  5.60000E+03  1.07700E+05
f   4   23  3   15  99  2.00000E+00  1.80210E+01
p   4   23  3   15  98  1.27410E+00 -2.71020E+00 -4.81140E-02 -8.52070E-04  2.00000E+00  1.20000E+03  1.24800E+03  2.39900E+04
f   4    7  3   16  99  2.00000E+00  1.80012E+01
p   4    7  3   16  98  1.94950E+00 -2.58850E+00 -1.63750E-01  1.59380E-02  2.00000E+00  5.38500E+03  5.60000E+03  1.07700E+05
f   4   24  3   16  99  2.00000E+00  1.80021E+01
p   4   24  3   16  98  1.27410E+00 -2.71020E+00 -4.81140E-02 -8.52070E-04  2.00000E+00  1.20000E+03  1.24800E+03  2.39900E+04
f   4    8  3   17  99  2.00000E+00  1.80012E+01
p   4    8  3   17  98  1.94950E+00 -2.58850E+00 -1.63750E-01  1.59380E-02  2.00000E+00  5.38500E+03  5.60000E+03  1.07700E+05
f   4   25  3   17  99  2.00000E+00  1.80021E+01
p   4   25  3   17  98  1.27410E+00 -2.71020E+00 -4.81140E-02 -8.52070E-04  2.00000E+00  1.20000E+03  1.24800E+03  2.39900E+04
f   4    9  3   18  99  2.00000E+00  1.80003E+01
p   4    9  3   18  98  1.94950E+00 -2.58850E+00 -1.63750E-01  1.59380E-02  2.00000E+00  5.38500E+03  5.60000E+03  1.07700E+05
f   4   26  3   18  99  2.00000E+00  1.80003E+01
p   4   26  3   18  98  1.27410E+00 -2.71020E+00 -4.81140E-02 -8.52070E-04  2.00000E+00  1.20000E+03  1.24800E+03  2.39900E+04
a   4   10  3    1   2.52804E+14
a   4   11  3    1   5.15460E+13
a   4   12  3    1   1.69278E+13
a   4   13  3    1   6.87870E+12
a   4   14  3    1   3.18270E+12
a   4   15  3    1   1.63239E+12
a   4   16  3    1   9.05850E+11
a   4   17  3    1   5.34900E+11
a   4   18  3    1   1.27224E+14
a   4   19  3    1   8.73900E+12
a   4   20  3    1   2.04180E+12
a   4   21  3    1   6.60690E+11
a   4   22  3    1   2.65110E+11
a   4   23  3    1   1.22660E+11
a   4   24  3    1   6.29120E+10
a   4   25  3    1   3.49120E+10
a   4   26  3    1   2.06150E+10
a   4   19  3    2   4.24080E+13
a   4   20  3    3   4.24080E+13
a   4   21  3    4   4.24080E+13
a   4   22  3    5   4.24080E+13
a   4   23  3    6   4.24080E+13
a   4   24  3    7   4.24080E+13
a   4   25  3    8   4.24080E+13
a   4   26  3    9   4.24080E+13
b   5    1  5    2  99  1.11303E-01  1.76316E+00 -5.26587E+01  4.93981E+02  2.00000E+01  1.59300E+00  1.59300E+00
b   5    1  5    3  99  1.33611E-01  1.38278E+00 -1.58896E+01  7.41053E+01  9.16162E+00  3.40500E-01  3.40500E-01
b   5    2  5    3  99  9.08280E-02  1.05032E+00 -1.94224E+01  1.42368E+02  2.00000E+01  7.83100E-01  7.83100E-01
b   5    1  5    4  99  2.60074E-01  7.90112E-01 -4.36416E+00  1.77647E+01  4.14127E+00  1.33110E-01  1.33110E-01
b   5    2  5    4  99  1.05458E-01  1.33252E+00 -1.29963E+01  1.24376E+01  2.00000E+01  1.50800E-01  1.50800E-01
b   5    3  5    4  99  1.09874E-01  9.10667E-01 -1.72484E+01  1.78857E+02  2.00000E+01  9.98900E-01  9.98900E-01
b   5    1  5    5  99  3.50554E-01  6.79102E-01 -3.44325E+00  1.68214E+01  3.73066E+00  6.34500E-02  6.34500E-02
b   5    2  5    5  99  1.07816E-01  1.31406E+00  7.08856E+00 -2.93877E+02  2.00000E+01  5.45400E-02  5.45400E-02
b   5    3  5    5  99  1.19824E-01  1.46433E+00 -1.50673E+01  8.04505E+01  2.00000E+01  1.74200E-01  1.74200E-01
b   5    4  5    5  99  2.64896E-01  9.61932E-02  1.54840E+00 -5.41346E-01  2.08895E+00  1.17900E+00  1.17900E+00
b   5    1  5    6  99  4.79099E-01  3.25950E-01 -2.24699E+00  1.94936E+01  3.68031E+00  3.69300E-02  3.69300E-02
b   5    2  5    6  99  1.44162E-01  1.56893E+00 -5.37880E+00  1.45182E+01  6.33622E+00  2.75100E-02  2.75100E-02
b   5    3  5    6  99  1.42593E-01  1.79272E+00 -1.80242E+01  1.18958E+02  2.00000E+01  6.50700E-02  6.50700E-02
b   5    4  5    6  99  1.43694E-01  1.43368E+00 -1.69019E+01  1.70283E+02  2.00000E+01  2.02600E-01  2.02600E-01
b   5    5  5    6  99  2.37193E-01  1.90367E-01  1.25854E+00 -3.95106E-01  2.03488E+00  1.38800E+00  1.38800E+00
b   5    1  5    7  99  4.73656E-01  3.73344E-01 -2.32428E+00  1.92712E+01  3.67526E+00  2.35200E-02  2.35200E-02
b   5    2  5    7  99  1.41141E-01  1.80510E+00 -9.92104E+00 -6.42618E+01  2.00000E+01  1.61000E-02  1.61000E-02
b   5    3  5    7  99  1.55517E-01  2.00955E+00 -1.91658E+01  1.31015E+02  2.00000E+01  3.25200E-02  3.25200E-02
b   5    4  5    7  99  1.71908E-01  1.78628E+00 -1.86144E+01  2.02112E+02  2.00000E+01  7.39700E-02  7.39700E-02
b   5    5  5    7  99  2.97079E-01  6.16464E-01  1.60588E+00 -5.67115E-01  2.17704E+00  2.30600E-01  2.30600E-01
b   5    6  5    7  99  2.53237E-01  1.06126E-01  2.03408E+00 -1.01758E+00  2.79828E+00  1.58700E+00  1.58700E+00
b   5    1  5    8  99  4.76481E-01  3.86439E-01 -2.32140E+00  1.93024E+01  3.67460E+00  1.59540E-02  1.59540E-02
b   5    2  5    8  99  1.44683E-01  1.91657E+00 -1.20955E+01 -4.19383E+01  2.00000E+01  1.03400E-02  1.03400E-02
b   5    3  5    8  99  1.61752E-01  2.16919E+00 -1.96560E+01  1.31365E+02  2.00000E+01  1.90000E-02  1.90000E-02
b   5    4  5    8  99  1.85477E-01  2.05794E+00 -1.92265E+01  2.06921E+02  2.00000E+01  3.65800E-02  3.65800E-02
b   5    5  5    8  99  3.26953E-01  9.92124E-01  1.66294E+00 -6.20155E-01  2.12457E+00  8.27600E-02  8.27600E-02
b   5    6  5    8  99  2.75990E-01  7.13028E-01  1.37834E+00 -4.68973E-01  2.11316E+00  2.57600E-01  2.57600E-01
b   5    7  5    8  99  2.57588E-01  6.93517E-02  2.56954E+00 -1.47867E+00  3.38375E+00  1.78300E+00  1.78300E+00
b   5    1  5    9  99  4.80785E-01  3.87090E-01 -2.27682E+00  1.93262E+01  3.67561E+00  1.13370E-02  1.13370E-02
b   5    2  5    9  99  1.51155E-01  1.98727E+00 -1.39693E+01 -1.50394E+01  2.00000E+01  7.07900E-03  7.07900E-03
b   5    3  5    9  99  1.69931E-01  2.27690E+00 -2.03202E+01  1.42894E+02  2.00000E+01  1.22200E-02  1.22200E-02
b   5    4  5    9  99  1.95060E-01  2.26123E+00 -1.95104E+01  2.07774E+02  2.00000E+01  2.12700E-02  2.12700E-02
b   5    5  5    9  99  1.81725E-01  2.16297E+00 -1.66311E+01  1.76548E+02  2.00000E+01  4.05400E-02  4.05400E-02
b   5    6  5    9  99  3.12153E-01  1.10293E+00  1.58642E+00 -5.87379E-01  2.22159E+00  9.12300E-02  9.12300E-02
b   5    7  5    9  99  2.92457E-01  6.42017E-01  2.16421E+00 -1.03359E+00  2.90164E+00  2.84400E-01  2.84400E-01
b   5    8  5    9  99  4.90875E-01  2.21903E-01  4.79705E+00 -2.76670E+00  3.39230E+00  9.90600E-01  9.90600E-01
b   5    1  5   10  98  0.00000E+00  0.00000E+00  0.00000E+00  0.00000E+00  0.00000E+00  1.27124E-02  2.54248E-04
b   5    2  5   10  99  1.11303E-01  1.76316E+00 -5.26587E+01  4.93981E+02  2.00000E+01  1.00300E+00  1.00300E+00
b   5    1  5   11  98  0.00000E+00  0.00000E+00  0.00000E+00  0.00000E+00  0.00000E+00  1.70271E-02  3.40542E-04
b   5    2  5   11  99  1.33611E-01  1.38278E+00 -1.58896E+01  7.41053E+01  9.16162E+00  2.27000E-01  2.27000E-01
b   5    3  5   11  99  1.11303E-01  1.76316E+00 -5.26587E+01  4.93981E+02  2.00000E+01  1.06200E+00  1.06200E+00
b   5   10  5   11  99  9.08280E-02  1.05032E+00 -1.94224E+01  1.42368E+02  2.00000E+01  1.56620E+00  1.56620E+00
b   5    1  5   12  98  0.00000E+00  0.00000E+00  0.00000E+00  0.00000E+00  0.00000E+00  2.37788E-02  4.75576E-04
b   5    2  5   12  99  2.60074E-01  7.90112E-01 -4.36416E+00  1.77647E+01  4.14127E+00  8.87400E-02  8.87400E-02
b   5    4  5   12  99  1.11303E-01  1.76316E+00 -5.26587E+01  4.93981E+02  2.00000E+01  1.06200E+00  1.06200E+00
b   5   10  5   12  99  1.05458E-01  1.33252E+00 -1.29963E+01  1.24376E+01  2.00000E+01  3.01600E-01  3.01600E-01
b   5   11  5   12  99  1.09874E-01  9.10667E-01 -1.72484E+01  1.78857E+02  2.00000E+01  9.98900E-01  9.98900E-01
b   5    1  5   13  98  0.00000E+00  0.00000E+00  0.00000E+00  0.00000E+00  0.00000E+00  3.23215E-02  6.46430E-04
b   5    2  5   13  99  3.50554E-01  6.79102E-01 -3.44325E+00  1.68214E+01  3.73066E+00  4.23000E-02  4.23000E-02
b   5    5  5   13  99  1.11303E-01  1.76316E+00 -5.26587E+01  4.93981E+02  2.00000E+01  1.06200E+00  1.06200E+00
b   5   10  5   13  99  1.07816E-01  1.31406E+00  7.08856E+00 -2.93877E+02  2.00000E+01  1.09080E-01  1.09080E-01
b   5   11  5   13  99  1.19824E-01  1.46433E+00 -1.50673E+01  8.04505E+01  2.00000E+01  1.74200E-01  1.74200E-01
b   5   12  5   13  99  2.64896E-01  9.61932E-02  1.54840E+00 -5.41346E-01  2.08895E+00  1.17900E+00  1.17900E+00
b   5    1  5   14  98  0.00000E+00  0.00000E+00  0.00000E+00  0.00000E+00  0.00000E+00  4.24999E-02  8.49997E-04
b   5    2  5   14  99  4.79099E-01  3.25950E-01 -2.24699E+00  1.94936E+01  3.68031E+00  2.46200E-02  2.46200E-02
b   5    6  5   14  99  1.11303E-01  1.76316E+00 -5.26587E+01  4.93981E+02  2.00000E+01  1.06200E+00  1.06200E+00
b   5   10  5   14  99  1.44162E-01  1.56893E+00 -5.37880E+00  1.45182E+01  6.33622E+00  5.50200E-02  5.50200E-02
b   5   11  5   14  99  1.42593E-01  1.79272E+00 -1.80242E+01  1.18958E+02  2.00000E+01  6.50700E-02  6.50700E-02
b   5   12  5   14  99  1.43694E-01  1.43368E+00 -1.69019E+01  1.70283E+02  2.00000E+01  2.02600E-01  2.02600E-01
b   5   13  5   14  99  2.37193E-01  1.90367E-01  1.25854E+00 -3.95106E-01  2.03488E+00  1.38800E+00  1.38800E+00
b   5    1  5   15  98  0.00000E+00  0.00000E+00  0.00000E+00  0.00000E+00  0.00000E+00  5.42873E-02  1.08575E-03
b   5    2  5   15  99  4.73656E-01  3.73344E-01 -2.32428E+00  1.92712E+01  3.67526E+00  1.56800E-02  1.56800E-02
b   5    7  5   15  99  1.11303E-01  1.76316E+00 -5.26587E+01  4.93981E+02  2.00000E+01  1.06200E+00  1.06200E+00
b   5   10  5   15  99  1.41141E-01  1.80510E+00 -9.92104E+00 -6.42618E+01  2.00000E+01  3.22000E-02  3.22000E-02
b   5   11  5   15  99  1.55517E-01  2.00955E+00 -1.91658E+01  1.31015E+02  2.00000E+01  3.25200E-02  3.25200E-02
b   5   12  5   15  99  1.71908E-01  1.78628E+00 -1.86144E+01  2.02112E+02  2.00000E+01  7.39700E-02  7.39700E-02
b   5   13  5   15  99  2.97079E-01  6.16464E-01  1.60588E+00 -5.67115E-01  2.17704E+00  2.30600E-01  2.30600E-01
b   5   14  5   15  99  2.53237E-01  1.06126E-01  2.03408E+00 -1.01758E+00  2.79828E+00  1.58700E+00  1.58700E+00
b   5    1  5   16  98  0.00000E+00  0.00000E+00  0.00000E+00  0.00000E+00  0.00000E+00  6.76909E-02  1.35382E-03
b   5    2  5   16  99  4.76481E-01  3.86439E-01 -2.32140E+00  1.93024E+01  3.67460E+00  1.06360E-02  1.06360E-02
b   5    8  5   16  99  1.11303E-01  1.76316E+00 -5.26587E+01  4.93981E+02  2.00000E+01  1.06200E+00  1.06200E+00
b   5   10  5   16  99  1.44683E-01  1.91657E+00 -1.20955E+01 -4.19383E+01  2.00000E+01  2.06800E-02  2.06800E-02
b   5   11  5   16  99  1.61752E-01  2.16919E+00 -1.96560E+01  1.31365E+02  2.00000E+01  1.90000E-02  1.90000E-02
b   5   12  5   16  99  1.85477E-01  2.05794E+00 -1.92265E+01  2.06921E+02  2.00000E+01  3.65800E-02  3.65800E-02
b   5   13  5   16  99  3.26953E-01  9.92124E-01  1.66294E+00 -6.20155E-01  2.12457E+00  8.27600E-02  8.27600E-02
b   5   14  5   16  99  2.75990E-01  7.13028E-01  1.37834E+00 -4.68973E-01  2.11316E+00  2.57600E-01  2.57600E-01
b   5   15  5   16  99  2.57588E-01  6.93517E-02  2.56954E+00 -1.47867E+00  3.38375E+00  1.78300E+00  1.78300E+00
b   5    1  5   17  98  0.00000E+00  0.00000E+00  0.00000E+00  0.00000E+00  0.00000E+00  8.26911E-02  1.65382E-03
b   5    2  5   17  99  4.80785E-01  3.87090E-01 -2.27682E+00  1.93262E+01  3.67561E+00  7.55800E-03  7.55800E-03
b   5    9  5   17  99  1.11303E-01  1.76316E+00 -5.26587E+01  4.93981E+02  2.00000E+01  1.06200E+00  1.06200E+00
b   5   10  5   17  99  1.51155E-01  1.98727E+00 -1.39693E+01 -1.50394E+01  2.00000E+01  1.41580E-02  1.41580E-02
b   5   11  5   17  99  1.69931E-01  2.27690E+00 -2.03202E+01  1.42894E+02  2.00000E+01  1.22200E-02  1.22200E-02
b   5   12  5   17  99  1.95060E-01  2.26123E+00 -1.95104E+01  2.07774E+02  2.00000E+01  2.12700E-02  2.12700E-02
b   5   13  5   17  99  1.81725E-01  2.16297E+00 -1.66311E+01  1.76548E+02  2.00000E+01  4.05400E-02  4.05400E-02
b   5   14  5   17  99  3.12153E-01  1.10293E+00  1.58642E+00 -5.87379E-01  2.22159E+00  9.12300E-02  9.12300E-02
b   5   15  5   17  99  2.92457E-01  6.42017E-01  2.16421E+00 -1.03359E+00  2.90164E+00  2.84400E-01  2.84400E-01
b   5   16  5   17  99  4.90875E-01  2.21903E-01  4.79705E+00 -2.76670E+00  3.39230E+00  9.90600E-01  9.90600E-01
b   5    1  5   18  99  3.40657E-01  3.68652E-01 -6.00934E+00  2.88236E+01  4.23601E+00  4.19625E-01  4.19625E-01
b   5    1  5   19  99  3.09706E-01  6.31796E-01 -7.19703E+00  2.99775E+01  4.37821E+00  1.27420E-01  1.27420E-01
b   5    2  5   19  99  3.40657E-01  3.68652E-01 -6.00934E+00  2.88236E+01  4.23601E+00  5.03550E-01  5.03550E-01
b   5   18  5   19  99  1.11303E-01  1.76316E+00 -5.26587E+01  4.93981E+02  2.00000E+01  2.12400E+00  2.12400E+00
b   5    1  5   20  99  2.97969E-01  7.34537E-01 -7.75140E+00  3.08948E+01  4.46309E+00  4.73400E-02  4.73400E-02
b   5    3  5   20  99  3.40657E-01  3.68652E-01 -6.00934E+00  2.88236E+01  4.23601E+00  5.03550E-01  5.03550E-01
b   5   18  5   20  99  1.33611E-01  1.38278E+00 -1.58896E+01  7.41053E+01  9.16162E+00  4.54000E-01  4.54000E-01
b   5   19  5   20  99  9.08280E-02  1.05032E+00 -1.94224E+01  1.42368E+02  2.00000E+01  7.83100E-01  7.83100E-01
b   5    1  5   21  99  2.81625E-01  8.10992E-01 -8.26203E+00  3.19932E+01  4.58276E+00  2.29000E-02  2.29000E-02
b   5    4  5   21  99  3.40657E-01  3.68652E-01 -6.00934E+00  2.88236E+01  4.23601E+00  5.03550E-01  5.03550E-01
b   5   18  5   21  99  2.60074E-01  7.90112E-01 -4.36416E+00  1.77647E+01  4.14127E+00  1.77480E-01  1.77480E-01
b   5   19  5   21  99  1.05458E-01  1.33252E+00 -1.29963E+01  1.24376E+01  2.00000E+01  1.50800E-01  1.50800E-01
b   5   20  5   21  99  1.09874E-01  9.10667E-01 -1.72484E+01  1.78857E+02  2.00000E+01  9.98900E-01  9.98900E-01
b   5    1  5   22  99  2.97617E-01  9.17284E-01 -9.37536E+00  3.59595E+01  4.65769E+00  1.21300E-02  1.21300E-02
b   5    5  5   22  99  3.40657E-01  3.68652E-01 -6.00934E+00  2.88236E+01  4.23601E+00  5.03550E-01  5.03550E-01
b   5   18  5   22  99  3.50554E-01  6.79102E-01 -3.44325E+00  1.68214E+01  3.73066E+00  8.46000E-02  8.46000E-02
b   5   19  5   22  99  1.07816E-01  1.31406E+00  7.08856E+00 -2.93877E+02  2.00000E+01  5.45400E-02  5.45400E-02
b   5   20  5   22  99  1.19824E-01  1.46433E+00 -1.50673E+01  8.04505E+01  2.00000E+01  1.74200E-01  1.74200E-01
b   5   21  5   22  99  2.64896E-01  9.61932E-02  1.54840E+00 -5.41346E-01  2.08895E+00  1.17900E+00  1.17900E+00
b   5    1  5   23  99  2.92513E-01  9.38088E-01 -9.50195E+00  3.61587E+01  4.68784E+00  7.49400E-03  7.49400E-03
b   5    6  5   23  99  3.40657E-01  3.68652E-01 -6.00934E+00  2.88236E+01  4.23601E+00  5.03550E-01  5.03550E-01
b   5   18  5   23  99  4.79099E-01  3.25950E-01 -2.24699E+00  1.94936E+01  3.68031E+00  4.92400E-02  4.92400E-02
b   5   19  5   23  99  1.44162E-01  1.56893E+00 -5.37880E+00  1.45182E+01  6.33622E+00  2.75100E-02  2.75100E-02
b   5   20  5   23  99  1.42593E-01  1.79272E+00 -1.80242E+01  1.18958E+02  2.00000E+01  6.50700E-02  6.50700E-02
b   5   21  5   23  99  1.43694E-01  1.43368E+00 -1.69019E+01  1.70283E+02  2.00000E+01  2.02600E-01  2.02600E-01
b   5   22  5   23  99  2.37193E-01  1.90367E-01  1.25854E+00 -3.95106E-01  2.03488E+00  1.38800E+00  1.38800E+00
b   5    1  5   24  99  2.85532E-01  9.69034E-01 -9.79115E+00  3.70626E+01  4.76193E+00  4.95400E-03  4.95400E-03
b   5    7  5   24  99  3.40657E-01  3.68652E-01 -6.00934E+00  2.88236E+01  4.23601E+00  5.03550E-01  5.03550E-01
b   5   18  5   24  99  4.73656E-01  3.73344E-01 -2.32428E+00  1.92712E+01  3.67526E+00  3.13600E-02  3.13600E-02
b   5   19  5   24  99  1.41141E-01  1.80510E+00 -9.92104E+00 -6.42618E+01  2.00000E+01  1.61000E-02  1.61000E-02
b   5   20  5   24  99  1.55517E-01  2.00955E+00 -1.91658E+01  1.31015E+02  2.00000E+01  3.25200E-02  3.25200E-02
b   5   21  5   24  99  1.71908E-01  1.78628E+00 -1.86144E+01  2.02112E+02  2.00000E+01  7.39700E-02  7.39700E-02
b   5   22  5   24  99  2.97079E-01  6.16464E-01  1.60588E+00 -5.67115E-01  2.17704E+00  2.30600E-01  2.30600E-01
b   5   23  5   24  99  2.53237E-01  1.06126E-01  2.03408E+00 -1.01758E+00  2.79828E+00  1.58700E+00  1.58700E+00
b   5    1  5   25  99  2.84075E-01  9.77520E-01 -9.88203E+00  3.73925E+01  4.78412E+00  3.44400E-03  3.44400E-03
b   5    8  5   25  99  3.40657E-01  3.68652E-01 -6.00934E+00  2.88236E+01  4.23601E+00  5.03550E-01  5.03550E-01
b   5   18  5   25  99  4.76481E-01  3.86439E-01 -2.32140E+00  1.93024E+01  3.67460E+00  2.12720E-02  2.12720E-02
b   5   19  5   25  99  1.44683E-01  1.91657E+00 -1.20955E+01 -4.19383E+01  2.00000E+01  1.03400E-02  1.03400E-02
b   5   20  5   25  99  1.61752E-01  2.16919E+00 -1.96560E+01  1.31365E+02  2.00000E+01  1.90000E-02  1.90000E-02
b   5   21  5   25  99  1.85477E-01  2.05794E+00 -1.92265E+01  2.06921E+02  2.00000E+01  3.65800E-02  3.65800E-02
b   5   22  5   25  99  3.26953E-01  9.92124E-01  1.66294E+00 -6.20155E-01  2.12457E+00  8.27600E-02  8.27600E-02
b   5   23  5   25  99  2.75990E-01  7.13028E-01  1.37834E+00 -4.68973E-01  2.11316E+00  2.57600E-01  2.57600E-01
b   5   24  5   25  99  2.57588E-01  6.93517E-02  2.56954E+00 -1.47867E+00  3.38375E+00  1.78300E+00  1.78300E+00
b   5    1  5   26  99  2.82442E-01  9.82067E-01 -9.88963E+00  3.73095E+01  4.78917E+00  2.48800E-03  2.48800E-03
b   5    9  5   26  99  3.40657E-01  3.68652E-01 -6.00934E+00  2.88236E+01  4.23601E+00  5.03550E-01  5.03550E-01
b   5   18  5   26  99  4.80785E-01  3.87090E-01 -2.27682E+00  1.93262E+01  3.67561E+00  1.51160E-02  1.51160E-02
b   5   19  5   26  99  1.51155E-01  1.98727E+00 -1.39693E+01 -1.50394E+01  2.00000E+01  7.07900E-03  7.07900E-03
b   5   20  5   26  99  1.69931E-01  2.27690E+00 -2.03202E+01  1.42894E+02  2.00000E+01  1.22200E-02  1.22200E-02
b   5   21  5   26  99  1.95060E-01  2.26123E+00 -1.95104E+01  2.07774E+02  2.00000E+01  2.12700E-02  2.12700E-02
b   5   22  5   26  99  1.81725E-01  2.16297E+00 -1.66311E+01  1.76548E+02  2.00000E+01  4.05400E-02  4.05400E-02
b   5   23  5   26  99  3.12153E-01  1.10293E+00  1.58642E+00 -5.87379E-01  2.22159E+00  9.12300E-02  9.12300E-02
b   5   24  5   26  99  2.92457E-01  6.42017E-01  2.16421E+00 -1.03359E+00  2.90164E+00  2.84400E-01  2.84400E-01
b   5   25  5   26  99  4.90875E-01  2.21903E-01  4.79705E+00 -2.76670E+00  3.39230E+00  9.90600E-01  9.90600E-01
f   5    1  4    1  99  3.00000E+00  1.85202E+01
p   5    1  4    1  98  1.33780E+00 -2.66560E+00 -7.24370E-02  4.03960E-03  3.00000E+00  1.12000E+03  1.16500E+03  2.24000E+04
f   5    2  4    1  99  1.00000E+00  1.72240E+01
p   5    2  4    1  99  1.00000E+00  1.72240E+01
f   5    3  4    1  99  1.00000E+00  1.70648E+01
p   5    3  4    1  99  1.00000E+00  1.70648E+01
f   5    4  4    1  99  1.00000E+00  1.70102E+01
p   5    4  4    1  99  1.00000E+00  1.70102E+01
f   5    5  4    1  99  1.00000E+00  1.70300E+01
p   5    5  4    1  99  1.00000E+00  1.70300E+01
f   5    6  4    1  99  1.00000E+00  1.70220E+01
p   5    6  4    1  99  1.00000E+00  1.70220E+01
f   5    7  4    1  99  1.00000E+00  1.70022E+01
p   5    7  4    1  99  1.00000E+00  1.70022E+01
f   5    8  4    1  99  1.00000E+00  1.70022E+01
p   5    8  4    1  99  1.00000E+00  1.70022E+01
f   5    9  4    1  99  1.00000E+00  1.70004E+01
p   5    9  4    1  99  1.00000E+00  1.70004E+01
f   5    2  4    2  99  2.00000E+00  1.72240E+01
p   5    2  4    2  98  1.33780E+00 -2.66560E+00 -7.24370E-02  4.03960E-03  3.00000E+00  1.12000E+03  1.16500E+03  2.24000E+04
f   5   10  4    2  99  2.00000E+00  1.77880E+01
p   5   10  4    2  99  2.00000E+00  1.77880E+01
f   5   11  4    2  99  1.00000E+00  1.71215E+01
p   5   11  4    2  99  1.00000E+00  1.71215E+01
f   5   12  4    2  99  1.00000E+00  1.70285E+01
p   5   12  4    2  99  1.00000E+00  1.70285E+01
f   5   13  4    2  99  1.00000E+00  1.70360E+01
p   5   13  4    2  99  1.00000E+00  1.70360E+01
f   5   14  4    2  99  1.00000E+00  1.70260E+01
p   5   14  4    2  99  1.00000E+00  1.70260E+01
f   5   15  4    2  99  1.00000E+00  1.70112E+01
p   5   15  4    2  99  1.00000E+00  1.70112E+01
f   5   16  4    2  99  1.00000E+00  1.70092E+01
p   5   16  4    2  99  1.00000E+00  1.70092E+01
f   5   17  4    2  99  1.00000E+00  1.70004E+01
p   5   17  4    2  99  1.00000E+00  1.70004E+01
f   5    3  4    3  99  2.00000E+00  1.70648E+01
p   5    3  4    3  98  1.33780E+00 -2.66560E+00 -7.24370E-02  4.03960E-03  3.00000E+00  1.12000E+03  1.16500E+03  2.24000E+04
f   5   11  4    3  99  1.00000E+00  1.71215E+01
p   5   11  4    3  99  1.00000E+00  1.71215E+01
f   5    4  4    4  99  2.00000E+00  1.70102E+01
p   5    4  4    4  98  1.33780E+00 -2.66560E+00 -7.24370E-02  4.03960E-03  3.00000E+00  1.12000E+03  1.16500E+03  2.24000E+04
f   5   12  4    4  99  1.00000E+00  1.70285E+01
p   5   12  4    4  99  1.00000E+00  1.70285E+01
f   5    5  4    5  99  2.00000E+00  1.70300E+01
p   5    5  4    5  98  1.33780E+00 -2.66560E+00 -7.24370E-02  4.03960E-03  3.00000E+00  1.12000E+03  1.16500E+03  2.24000E+04
f   5   13  4    5  99  1.00000E+00  1.70360E+01
p   5   13  4    5  99  1.00000E+00  1.70360E+01
f   5    6  4    6  99  2.00000E+00  1.70220E+01
p   5    6  4    6  98  1.33780E+00 -2.66560E+00 -7.24370E-02  4.03960E-03  3.00000E+00  1.12000E+03  1.16500E+03  2.24000E+04
f   5   14  4    6  99  1.00000E+00  1.70260E+01
p   5   14  4    6  99  1.00000E+00  1.70260E+01
f   5    7  4    7  99  2.00000E+00  1.70022E+01
p   5    7  4    7  98  1.33780E+00 -2.66560E+00 -7.24370E-02  4.03960E-03  3.00000E+00  1.12000E+03  1.16500E+03  2.24000E+04
f   5   15  4    7  99  1.00000E+00  1.70112E+01
p   5   15  4    7  99  1.00000E+00  1.70112E+01
f   5    8  4    8  99  2.00000E+00  1.70022E+01
p   5    8  4    8  98  1.33780E+00 -2.66560E+00 -7.24370E-02  4.03960E-03  3.00000E+00  1.12000E+03  1.16500E+03  2.24000E+04
f   5   16  4    8  99  1.00000E+00  1.70092E+01
p   5   16  4    8  99  1.00000E+00  1.70092E+01
f   5    9  4    9  99  2.00000E+00  1.70004E+01
p   5    9  4    9  98  1.33780E+00 -2.66560E+00 -7.24370E-02  4.03960E-03  3.00000E+00  1.12000E+03  1.16500E+03  2.24000E+04
f   5   17  4    9  99  1.00000E+00  1.70004E+01
p   5   17  4    9  99  1.00000E+00  1.70004E+01
f   5   10  4   10  99  1.00000E+00  1.77880E+01
p   5   10  4   10  98  1.33780E+00 -2.66560E+00 -7.24370E-02  4.03960E-03  3.00000E+00  1.12000E+03  1.16500E+03  2.24000E+04
f   5   11  4   11  99  1.00000E+00  1.71215E+01
p   5   11  4   11  98  1.33780E+00 -2.66560E+00 -7.24370E-02  4.03960E-03  3.00000E+00  1.12000E+03  1.16500E+03  2.24000E+04
f   5   12  4   12  99  1.00000E+00  1.70285E+01
p   5   12  4   12  98  1.33780E+00 -2.66560E+00 -7.24370E-02  4.03960E-03  3.00000E+00  1.12000E+03  1.16500E+03  2.24000E+04
f   5   13  4   13  99  1.00000E+00  1.70360E+01
p   5   13  4   13  98  1.33780E+00 -2.66560E+00 -7.24370E-02  4.03960E-03  3.00000E+00  1.12000E+03  1.16500E+03  2.24000E+04
f   5   14  4   14  99  1.00000E+00  1.70260E+01
p   5   14  4   14  98  1.33780E+00 -2.66560E+00 -7.24370E-02  4.03960E-03  3.00000E+00  1.12000E+03  1.16500E+03  2.24000E+04
f   5   15  4   15  99  1.00000E+00  1.70112E+01
p   5   15  4   15  98  1.33780E+00 -2.66560E+00 -7.24370E-02  4.03960E-03  3.00000E+00  1.12000E+03  1.16500E+03  2.24000E+04
f   5   16  4   16  99  1.00000E+00  1.70092E+01
p   5   16  4   16  98  1.33780E+00 -2.66560E+00 -7.24370E-02  4.03960E-03  3.00000E+00  1.12000E+03  1.16500E+03  2.24000E+04
f   5   17  4   17  99  1.00000E+00  1.70004E+01
p   5   17  4   17  98  1.33780E+00 -2.66560E+00 -7.24370E-02  4.03960E-03  3.00000E+00  1.12000E+03  1.16500E+03  2.24000E+04
f   5    1  4   18  99  2.00000E+00  1.85202E+01
p   5    1  4   18  98  1.97240E+00 -2.56300E+00 -1.75720E-01  1.78670E-02  2.00000E+00  5.27100E+03  5.48200E+03  1.05400E+05
f   5   18  4   18  99  4.00000E+00  1.91563E+01
p   5   18  4   18  98  1.33780E+00 -2.66560E+00 -7.24370E-02  4.03960E-03  3.00000E+00  1.12000E+03  1.16500E+03  2.24000E+04
f   5   19  4   18  99  1.00000E+00  1.73040E+01
p   5   19  4   18  99  1.00000E+00  1.73040E+01
f   5   20  4   18  99  1.00000E+00  1.70880E+01
p   5   20  4   18  99  1.00000E+00  1.70880E+01
f   5   21  4   18  99  1.00000E+00  1.70093E+01
p   5   21  4   18  99  1.00000E+00  1.70093E+01
f   5   22  4   18  99  1.00000E+00  1.70390E+01
p   5   22  4   18  99  1.00000E+00  1.70390E+01
f   5   23  4   18  99  1.00000E+00  1.70310E+01
p   5   23  4   18  99  1.00000E+00  1.70310E+01
f   5   24  4   18  99  1.00000E+00  1.70031E+01
p   5   24  4   18  99  1.00000E+00  1.70031E+01
f   5   25  4   18  99  1.00000E+00  1.70031E+01
p   5   25  4   18  99  1.00000E+00  1.70031E+01
f   5   26  4   18  99  1.00000E+00  1.70004E+01
p   5   26  4   18  99  1.00000E+00  1.70004E+01
f   5    2  4   19  99  2.00000E+00  1.72240E+01
p   5    2  4   19  98  1.97240E+00 -2.56300E+00 -1.75720E-01  1.78670E-02  2.00000E+00  5.27100E+03  5.48200E+03  1.05400E+05
f   5   19  4   19  99  3.00000E+00  1.73040E+01
p   5   19  4   19  98  1.33780E+00 -2.66560E+00 -7.24370E-02  4.03960E-03  3.00000E+00  1.12000E+03  1.16500E+03  2.24000E+04
f   5    3  4   20  99  2.00000E+00  1.70648E+01
p   5    3  4   20  98  1.97240E+00 -2.56300E+00 -1.75720E-01  1.78670E-02  2.00000E+00  5.27100E+03  5.48200E+03  1.05400E+05
f   5   20  4   20  99  3.00000E+00  1.70880E+01
p   5   20  4   20  98  1.33780E+00 -2.66560E+00 -7.24370E-02  4.03960E-03  3.00000E+00  1.12000E+03  1.16500E+03  2.24000E+04
f   5    4  4   21  99  2.00000E+00  1.70102E+01
p   5    4  4   21  98  1.97240E+00 -2.56300E+00 -1.75720E-01  1.78670E-02  2.00000E+00  5.27100E+03  5.48200E+03  1.05400E+05
f   5   21  4   21  99  3.00000E+00  1.70093E+01
p   5   21  4   21  98  1.33780E+00 -2.66560E+00 -7.24370E-02  4.03960E-03  3.00000E+00  1.12000E+03  1.16500E+03  2.24000E+04
f   5    5  4   22  99  2.00000E+00  1.70300E+01
p   5    5  4   22  98  1.97240E+00 -2.56300E+00 -1.75720E-01  1.78670E-02  2.00000E+00  5.27100E+03  5.48200E+03  1.05400E+05
f   5   22  4   22  99  3.00000E+00  1.70390E+01
p   5   22  4   22  98  1.33780E+00 -2.66560E+00 -7.24370E-02  4.03960E-03  3.00000E+00  1.12000E+03  1.16500E+03  2.24000E+04
f   5    6  4   23  99  2.00000E+00  1.70220E+01
p   5    6  4   23  98  1.97240E+00 -2.56300E+00 -1.75720E-01  1.78670E-02  2.00000E+00  5.27100E+03  5.48200E+03  1.05400E+05
f   5   23  4   23  99  3.00000E+00  1.70310E+01
p   5   23  4   23  98  1.33780E+00 -2.66560E+00 -7.24370E-02  4.03960E-03  3.00000E+00  1.12000E+03  1.16500E+03  2.24000E+04
f   5    7  4   24  99  2.00000E+00  1.70022E+01
p   5    7  4   24  98  1.97240E+00 -2.56300E+00 -1.75720E-01  1.78670E-02  2.00000E+00  5.27100E+03  5.48200E+03  1.05400E+05
f   5   24  4   24  99  3.00000E+00  1.70031E+01
p   5   24  4   24  98  1.33780E+00 -2.66560E+00 -7.24370E-02  4.03960E-03  3.00000E+00  1.12000E+03  1.16500E+03  2.24000E+04
f   5    8  4   25  99  2.00000E+00  1.70022E+01
p   5    8  4   25  98  1.97240E+00 -2.56300E+00 -1.75720E-01  1.78670E-02  2.00000E+00  5.27100E+03  5.48200E+03  1.05400E+05
f   5   25  4   25  99  3.00000E+00  1.70031E+01
p   5   25  4   25  98  1.33780E+00 -2.66560E+00 -7.24370E-02  4.03960E-03  3.00000E+00  1.12000E+03  1.16500E+03  2.24000E+04
f   5    9  4   26  99  2.00000E+00  1.70004E+01
p   5    9  4   26  98  1.97240E+00 -2.56300E+00 -1.75720E-01  1.78670E-02  2.00000E+00  5.27100E+03  5.48200E+03  1.05400E+05
f   5   26  4   26  99  3.00000E+00  1.70004E+01
p   5   26  4   26  98  1.33780E+00 -2.66560E+00 -7.24370E-02  4.03960E-03  3.00000E+00  1.12000E+03  1.16500E+03  2.24000E+04
a   5   10  4    1   2.01406E+14
a   5   11  4    1   4.07269E+13
a   5   12  4    1   1.32891E+13
a   5   13  4    1   5.38230E+12
a   5   14  4    1   2.49015E+12
a   5   15  4    1   1.27722E+12
a   5   16  4    1   7.08776E+11
a   5   17  4    1   4.18530E+11
a   5   18  4    1   2.41974E+14
a   5   19  4    1   1.17960E+13
a   5   20  4    1   2.72595E+12
a   5   21  4    1   8.79645E+11
a   5   22  4    1   3.51360E+11
a   5   23  4    1   1.62570E+11
a   5   24  4    1   8.33805E+10
a   5   25  4    1   4.62705E+10
a   5   26  4    1   2.73225E+10
a   5   19  4    2   1.20987E+14
a   5   20  4    3   1.20987E+14
a   5   21  4    4   1.20987E+14
a   5   22  4    5   1.20987E+14
a   5   23  4    6   1.20987E+14
a   5   24  4    7   1.20987E+14
a   5   25  4    8   1.20987E+14
a   5   26  4    9   1.20987E+14
b   6    1  6    2  99  1.18955E-01  1.77024E+00 -5.53483E+01  5.49274E+02  2.00000E+01  2.01720E+00  2.01720E+00
b   6    1  6    3  99  1.09701E-01  1.85243E+00 -4.23474E+01  3.02872E+02  2.00000E+01  4.50800E-01  4.50800E-01
b   6    2  6    3  99  8.87467E-02  1.02578E+00 -1.76876E+01  1.20505E+02  2.00000E+01  7.61000E-01  7.61000E-01
b   6    1  6    4  99  1.82808E-01  1.08510E+00 -8.21787E+00  3.30749E+01  5.90204E+00  1.78840E-01  1.78840E-01
b   6    2  6    4  99  1.23284E-01  1.43475E+00 -2.30712E+01  1.78169E+02  2.00000E+01  1.49900E-01  1.49900E-01
b   6    3  6    4  99  1.07047E-01  9.05678E-01 -1.62285E+01  1.63219E+02  2.00000E+01  9.85200E-01  9.85200E-01
b   6    1  6    5  99  2.78620E-01  8.81132E-01 -4.89458E+00  1.99602E+01  4.21889E+00  8.50400E-02  8.50400E-02
b   6    2  6    5  99  1.28970E-01  1.54727E+00 -9.19688E+00  2.95441E+01  1.09125E+01  5.43900E-02  5.43900E-02
b   6    3  6    5  99  1.62642E-01  1.38412E+00 -2.09193E+01  2.40359E+02  2.00000E+01  1.72700E-01  1.72700E-01
b   6    4  6    5  99  2.58289E-01  1.26468E-01  1.46443E+00 -4.95170E-01  2.07221E+00  1.16800E+00  1.16800E+00
b   6    1  6    6  99  2.98556E-01  8.39718E-01 -4.20146E+00  1.73987E+01  3.93465E+00  4.96400E-02  4.96400E-02
b   6    2  6    6  99  1.53791E-01  1.50481E+00 -4.79495E+00  1.38165E+01  5.81645E+00  2.75600E-02  2.75600E-02
b   6    3  6    6  99  1.38317E-01  1.76781E+00 -1.60918E+01  9.21422E+01  2.00000E+01  6.48200E-02  6.48200E-02
b   6    4  6    6  99  3.18002E-01  5.20145E-01  1.78845E+00 -6.45072E-01  2.17425E+00  2.01200E-01  2.01200E-01
b   6    5  6    6  99  2.68286E-01  5.94537E-02  2.21107E+00 -1.11007E+00  2.80807E+00  1.38000E+00  1.38000E+00
b   6    1  6    7  99  3.43819E-01  7.15182E-01 -3.52008E+00  1.69390E+01  3.77739E+00  3.16960E-02  3.16960E-02
b   6    2  6    7  99  1.66660E-01  1.50924E+00 -3.33825E+00  8.35224E+00  4.36312E+00  1.61800E-02  1.61800E-02
b   6    3  6    7  99  1.50697E-01  1.98318E+00 -1.74251E+01  1.07124E+02  2.00000E+01  3.24900E-02  3.24900E-02
b   6    4  6    7  99  1.67704E-01  1.79080E+00 -1.78723E+01  1.89015E+02  2.00000E+01  7.36300E-02  7.36300E-02
b   6    5  6    7  99  2.90134E-01  6.47874E-01  1.51273E+00 -5.14141E-01  2.14877E+00  2.29500E-01  2.29500E-01
b   6    6  6    7  99  2.48279E-01  1.31858E-01  1.95240E+00 -9.64625E-01  2.78664E+00  1.58100E+00  1.58100E+00
b   6    1  6    8  99  3.44315E-01  7.29913E-01 -3.46739E+00  1.64862E+01  3.73394E+00  2.15320E-02  2.15320E-02
b   6    2  6    8  99  1.65378E-01  1.61782E+00 -4.22028E+00  1.13185E+01  5.20511E+00  1.04100E-02  1.04100E-02
b   6    3  6    8  99  1.61333E-01  2.13327E+00 -1.87448E+01  1.27361E+02  2.00000E+01  1.90200E-02  1.90200E-02
b   6    4  6    8  99  1.83930E-01  2.04662E+00 -1.84522E+01  1.98877E+02  2.00000E+01  3.64700E-02  3.64700E-02
b   6    5  6    8  99  3.21676E-01  1.01349E+00  1.62790E+00 -5.93062E-01  2.14942E+00  8.24400E-02  8.24400E-02
b   6    6  6    8  99  2.69404E-01  7.43857E-01  1.27919E+00 -4.15780E-01  2.05486E+00  2.56700E-01  2.56700E-01
b   6    7  6    8  99  2.54358E-01  8.81394E-02  2.52892E+00 -1.46220E+00  3.40296E+00  1.77900E+00  1.77900E+00
b   6    1  6    9  99  3.41745E-01  7.51423E-01 -3.51184E+00  1.64225E+01  3.73423E+00  1.53120E-02  1.53120E-02
b   6    2  6    9  99  2.15433E-01  1.46468E+00 -2.46115E+00  7.33016E+00  3.68487E+00  7.13400E-03  7.13400E-03
b   6    3  6    9  99  1.63983E-01  2.25088E+00 -1.87792E+01  1.20530E+02  2.00000E+01  1.22500E-02  1.22500E-02
b   6    4  6    9  99  1.93488E-01  2.24744E+00 -1.88767E+01  2.02817E+02  2.00000E+01  2.12300E-02  2.12300E-02
b   6    5  6    9  99  3.41008E-01  1.30723E+00  1.65894E+00 -6.05198E-01  2.13799E+00  4.04200E-02  4.04200E-02
b   6    6  6    9  99  3.07076E-01  1.12531E+00  1.52748E+00 -5.40016E-01  2.20684E+00  9.09400E-02  9.09400E-02
b   6    7  6    9  99  2.88227E-01  6.62808E-01  2.12220E+00 -1.04849E+00  2.90378E+00  2.83600E-01  2.83600E-01
b   6    8  6    9  99  4.79503E-01  2.63340E-01  4.60320E+00 -2.61100E+00  3.38291E+00  9.97000E-01  9.97000E-01
b   6    1  6   10  98  0.00000E+00  0.00000E+00  0.00000E+00  0.00000E+00  0.00000E+00  2.78622E-02  5.57244E-04
b   6    2  6   10  99  1.18955E-01  1.77024E+00 -5.53483E+01  5.49274E+02  2.00000E+01  1.42885E+00  1.42885E+00
b   6    1  6   11  98  0.00000E+00  0.00000E+00  0.00000E+00  0.00000E+00  0.00000E+00  3.74062E-02  7.48124E-04
b   6    2  6   11  99  1.09701E-01  1.85243E+00 -4.23474E+01  3.02872E+02  2.00000E+01  3.38100E-01  3.38100E-01
b   6    3  6   11  99  1.18955E-01  1.77024E+00 -5.53483E+01  5.49274E+02  2.00000E+01  1.51290E+00  1.51290E+00
b   6   10  6   11  99  8.87467E-02  1.02578E+00 -1.76876E+01  1.20505E+02  2.00000E+01  1.52200E+00  1.52200E+00
b   6    1  6   12  98  0.00000E+00  0.00000E+00  0.00000E+00  0.00000E+00  0.00000E+00  5.23957E-02  1.04791E-03
b   6    2  6   12  99  1.82808E-01  1.08510E+00 -8.21787E+00  3.30749E+01  5.90204E+00  1.34130E-01  1.34130E-01
b   6    4  6   12  99  1.18955E-01  1.77024E+00 -5.53483E+01  5.49274E+02  2.00000E+01  1.51290E+00  1.51290E+00
b   6   10  6   12  99  1.23284E-01  1.43475E+00 -2.30712E+01  1.78169E+02  2.00000E+01  2.99800E-01  2.99800E-01
b   6   11  6   12  99  1.07047E-01  9.05678E-01 -1.62285E+01  1.63219E+02  2.00000E+01  9.85200E-01  9.85200E-01
b   6    1  6   13  98  0.00000E+00  0.00000E+00  0.00000E+00  0.00000E+00  0.00000E+00  7.13721E-02  1.42744E-03
b   6    2  6   13  99  2.78620E-01  8.81132E-01 -4.89458E+00  1.99602E+01  4.21889E+00  6.37800E-02  6.37800E-02
b   6    5  6   13  99  1.18955E-01  1.77024E+00 -5.53483E+01  5.49274E+02  2.00000E+01  1.51290E+00  1.51290E+00
b   6   10  6   13  99  1.28970E-01  1.54727E+00 -9.19688E+00  2.95441E+01  1.09125E+01  1.08780E-01  1.08780E-01
b   6   11  6   13  99  1.62642E-01  1.38412E+00 -2.09193E+01  2.40359E+02  2.00000E+01  1.72700E-01  1.72700E-01
b   6   12  6   13  99  2.58289E-01  1.26468E-01  1.46443E+00 -4.95170E-01  2.07221E+00  1.16800E+00  1.16800E+00
b   6    1  6   14  98  0.00000E+00  0.00000E+00  0.00000E+00  0.00000E+00  0.00000E+00  9.39471E-02  1.87894E-03
b   6    2  6   14  99  2.98556E-01  8.39718E-01 -4.20146E+00  1.73987E+01  3.93465E+00  3.72300E-02  3.72300E-02
b   6    6  6   14  99  1.18955E-01  1.77024E+00 -5.53483E+01  5.49274E+02  2.00000E+01  1.51290E+00  1.51290E+00
b   6   10  6   14  99  1.53791E-01  1.50481E+00 -4.79495E+00  1.38165E+01  5.81645E+00  5.51200E-02  5.51200E-02
b   6   11  6   14  99  1.38317E-01  1.76781E+00 -1.60918E+01  9.21422E+01  2.00000E+01  6.48200E-02  6.48200E-02
b   6   12  6   14  99  3.18002E-01  5.20145E-01  1.78845E+00 -6.45072E-01  2.17425E+00  2.01200E-01  2.01200E-01
b   6   13  6   14  99  2.68286E-01  5.94537E-02  2.21107E+00 -1.11007E+00  2.80807E+00  1.38000E+00  1.38000E+00
b   6    1  6   15  98  0.00000E+00  0.00000E+00  0.00000E+00  0.00000E+00  0.00000E+00  1.20076E-01  2.40151E-03
b   6    2  6   15  99  3.43819E-01  7.15182E-01 -3.52008E+00  1.69390E+01  3.77739E+00  2.37720E-02  2.37720E-02
b   6    7  6   15  99  1.18955E-01  1.77024E+00 -5.53483E+01  5.49274E+02  2.00000E+01  1.51290E+00  1.51290E+00
b   6   10  6   15  99  1.66660E-01  1.50924E+00 -3.33825E+00  8.35224E+00  4.36312E+00  3.23600E-02  3.23600E-02
b   6   11  6   15  99  1.50697E-01  1.98318E+00 -1.74251E+01  1.07124E+02  2.00000E+01  3.24900E-02  3.24900E-02
b   6   12  6   15  99  1.67704E-01  1.79080E+00 -1.78723E+01  1.89015E+02  2.00000E+01  7.36300E-02  7.36300E-02
b   6   13  6   15  99  2.90134E-01  6.47874E-01  1.51273E+00 -5.14141E-01  2.14877E+00  2.29500E-01  2.29500E-01
b   6   14  6   15  99  2.48279E-01  1.31858E-01  1.95240E+00 -9.64625E-01  2.78664E+00  1.58100E+00  1.58100E+00
b   6    1  6   16  98  0.00000E+00  0.00000E+00  0.00000E+00  0.00000E+00  0.00000E+00  1.49795E-01  2.99590E-03
b   6    2  6   16  99  3.44315E-01  7.29913E-01 -3.46739E+00  1.64862E+01  3.73394E+00  1.61490E-02  1.61490E-02
b   6    8  6   16  99  1.18955E-01  1.77024E+00 -5.53483E+01  5.49274E+02  2.00000E+01  1.51290E+00  1.51290E+00
b   6   10  6   16  99  1.65378E-01  1.61782E+00 -4.22028E+00  1.13185E+01  5.20511E+00  2.08200E-02  2.08200E-02
b   6   11  6   16  99  1.61333E-01  2.13327E+00 -1.87448E+01  1.27361E+02  2.00000E+01  1.90200E-02  1.90200E-02
b   6   12  6   16  99  1.83930E-01  2.04662E+00 -1.84522E+01  1.98877E+02  2.00000E+01  3.64700E-02  3.64700E-02
b   6   13  6   16  99  3.21676E-01  1.01349E+00  1.62790E+00 -5.93062E-01  2.14942E+00  8.24400E-02  8.24400E-02
b   6   14  6   16  99  2.69404E-01  7.43857E-01  1.27919E+00 -4.15780E-01  2.05486E+00  2.56700E-01  2.56700E-01
b   6   15  6   16  99  2.54358E-01  8.81394E-02  2.52892E+00 -1.46220E+00  3.40296E+00  1.77900E+00  1.77900E+00
b   6    1  6   17  98  0.00000E+00  0.00000E+00  0.00000E+00  0.00000E+00  0.00000E+00  1.83051E-01  3.66102E-03
b   6    2  6   17  99  3.41745E-01  7.51423E-01 -3.51184E+00  1.64225E+01  3.73423E+00  1.14840E-02  1.14840E-02
b   6    9  6   17  99  1.18955E-01  1.77024E+00 -5.53483E+01  5.49274E+02  2.00000E+01  1.51290E+00  1.51290E+00
b   6   10  6   17  99  2.15433E-01  1.46468E+00 -2.46115E+00  7.33016E+00  3.68487E+00  1.42680E-02  1.42680E-02
b   6   11  6   17  99  1.63983E-01  2.25088E+00 -1.87792E+01  1.20530E+02  2.00000E+01  1.22500E-02  1.22500E-02
b   6   12  6   17  99  1.93488E-01  2.24744E+00 -1.88767E+01  2.02817E+02  2.00000E+01  2.12300E-02  2.12300E-02
b   6   13  6   17  99  3.41008E-01  1.30723E+00  1.65894E+00 -6.05198E-01  2.13799E+00  4.04200E-02  4.04200E-02
b   6   14  6   17  99  3.07076E-01  1.12531E+00  1.52748E+00 -5.40016E-01  2.20684E+00  9.09400E-02  9.09400E-02
b   6   15  6   17  99  2.88227E-01  6.62808E-01  2.12220E+00 -1.04849E+00  2.90378E+00  2.83600E-01  2.83600E-01
b   6   16  6   17  99  4.79503E-01  2.63340E-01  4.60320E+00 -2.61100E+00  3.38291E+00  9.97000E-01  9.97000E-01
b   6    1  6   18  99  3.37812E-01  3.54732E-01 -5.90226E+00  2.85270E+01  4.23818E+00  3.27800E-01  3.27800E-01
b   6    1  6   19  99  3.14004E-01  6.07616E-01 -7.08154E+00  2.98805E+01  4.36017E+00  1.20040E-01  1.20040E-01
b   6    2  6   19  99  3.37812E-01  3.54732E-01 -5.90226E+00  2.85270E+01  4.23818E+00  4.09750E-01  4.09750E-01
b   6   18  6   19  99  1.18955E-01  1.77024E+00 -5.53483E+01  5.49274E+02  2.00000E+01  2.52150E+00  2.52150E+00
b   6    1  6   20  99  2.99330E-01  7.15331E-01 -7.73289E+00  3.12298E+01  4.47633E+00  4.45800E-02  4.45800E-02
b   6    3  6   20  99  3.37812E-01  3.54732E-01 -5.90226E+00  2.85270E+01  4.23818E+00  4.09750E-01  4.09750E-01
b   6   18  6   20  99  1.09701E-01  1.85243E+00 -4.23474E+01  3.02872E+02  2.00000E+01  5.63500E-01  5.63500E-01
b   6   19  6   20  99  8.87467E-02  1.02578E+00 -1.76876E+01  1.20505E+02  2.00000E+01  7.61000E-01  7.61000E-01
b   6    1  6   21  99  2.92256E-01  7.49193E-01 -7.89173E+00  3.13765E+01  4.51508E+00  2.15400E-02  2.15400E-02
b   6    4  6   21  99  3.37812E-01  3.54732E-01 -5.90226E+00  2.85270E+01  4.23818E+00  4.09750E-01  4.09750E-01
b   6   18  6   21  99  1.82808E-01  1.08510E+00 -8.21787E+00  3.30749E+01  5.90204E+00  2.23550E-01  2.23550E-01
b   6   19  6   21  99  1.23284E-01  1.43475E+00 -2.30712E+01  1.78169E+02  2.00000E+01  1.49900E-01  1.49900E-01
b   6   20  6   21  99  1.07047E-01  9.05678E-01 -1.62285E+01  1.63219E+02  2.00000E+01  9.85200E-01  9.85200E-01
b   6    1  6   22  99  2.99735E-01  8.85895E-01 -9.30944E+00  3.63434E+01  4.67033E+00  1.14040E-02  1.14040E-02
b   6    5  6   22  99  3.37812E-01  3.54732E-01 -5.90226E+00  2.85270E+01  4.23818E+00  4.09750E-01  4.09750E-01
b   6   18  6   22  99  2.78620E-01  8.81132E-01 -4.89458E+00  1.99602E+01  4.21889E+00  1.06300E-01  1.06300E-01
b   6   19  6   22  99  1.28970E-01  1.54727E+00 -9.19688E+00  2.95441E+01  1.09125E+01  5.43900E-02  5.43900E-02
b   6   20  6   22  99  1.62642E-01  1.38412E+00 -2.09193E+01  2.40359E+02  2.00000E+01  1.72700E-01  1.72700E-01
b   6   21  6   22  99  2.58289E-01  1.26468E-01  1.46443E+00 -4.95170E-01  2.07221E+00  1.16800E+00  1.16800E+00
b   6    1  6   23  99  3.03132E-01  8.61308E-01 -8.92582E+00  3.46914E+01  4.58393E+00  7.04000E-03  7.04000E-03
b   6    6  6   23  99  3.37812E-01  3.54732E-01 -5.90226E+00  2.85270E+01  4.23818E+00  4.09750E-01  4.09750E-01
b   6   18  6   23  99  2.98556E-01  8.39718E-01 -4.20146E+00  1.73987E+01  3.93465E+00  6.20500E-02  6.20500E-02
b   6   19  6   23  99  1.53791E-01  1.50481E+00 -4.79495E+00  1.38165E+01  5.81645E+00  2.75600E-02  2.75600E-02
b   6   20  6   23  99  1.38317E-01  1.76781E+00 -1.60918E+01  9.21422E+01  2.00000E+01  6.48200E-02  6.48200E-02
b   6   21  6   23  99  3.18002E-01  5.20145E-01  1.78845E+00 -6.45072E-01  2.17425E+00  2.01200E-01  2.01200E-01
b   6   22  6   23  99  2.68286E-01  5.94537E-02  2.21107E+00 -1.11007E+00  2.80807E+00  1.38000E+00  1.38000E+00
b   6    1  6   24  99  2.96405E-01  8.95600E-01 -9.31082E+00  3.61108E+01  4.67613E+00  4.65200E-03  4.65200E-03
b   6    7  6   24  99  3.37812E-01  3.54732E-01 -5.90226E+00  2.85270E+01  4.23818E+00  4.09750E-01  4.09750E-01
b   6   18  6   24  99  3.43819E-01  7.15182E-01 -3.52008E+00  1.69390E+01  3.77739E+00  3.96200E-02  3.96200E-02
b   6   19  6   24  99  1.66660E-01  1.50924E+00 -3.33825E+00  8.35224E+00  4.36312E+00  1.61800E-02  1.61800E-02
b   6   20  6   24  99  1.50697E-01  1.98318E+00 -1.74251E+01  1.07124E+02  2.00000E+01  3.24900E-02  3.24900E-02
b   6   21  6   24  99  1.67704E-01  1.79080E+00 -1.78723E+01  1.89015E+02  2.00000E+01  7.36300E-02  7.36300E-02
b   6   22  6   24  99  2.90134E-01  6.47874E-01  1.51273E+00 -5.14141E-01  2.14877E+00  2.29500E-01  2.29500E-01
b   6   23  6   24  99  2.48279E-01  1.31858E-01  1.95240E+00 -9.64625E-01  2.78664E+00  1.58100E+00  1.58100E+00
b   6    1  6   25  99  2.92627E-01  9.10537E-01 -9.43822E+00  3.64802E+01  4.71121E+00  3.23200E-03  3.23200E-03
b   6    8  6   25  99  3.37812E-01  3.54732E-01 -5.90226E+00  2.85270E+01  4.23818E+00  4.09750E-01  4.09750E-01
b   6   18  6   25  99  3.44315E-01  7.29913E-01 -3.46739E+00  1.64862E+01  3.73394E+00  2.69150E-02  2.69150E-02
b   6   19  6   25  99  1.65378E-01  1.61782E+00 -4.22028E+00  1.13185E+01  5.20511E+00  1.04100E-02  1.04100E-02
b   6   20  6   25  99  1.61333E-01  2.13327E+00 -1.87448E+01  1.27361E+02  2.00000E+01  1.90200E-02  1.90200E-02
b   6   21  6   25  99  1.83930E-01  2.04662E+00 -1.84522E+01  1.98877E+02  2.00000E+01  3.64700E-02  3.64700E-02
b   6   22  6   25  99  3.21676E-01  1.01349E+00  1.62790E+00 -5.93062E-01  2.14942E+00  8.24400E-02  8.24400E-02
b   6   23  6   25  99  2.69404E-01  7.43857E-01  1.27919E+00 -4.15780E-01  2.05486E+00  2.56700E-01  2.56700E-01
b   6   24  6   25  99  2.54358E-01  8.81394E-02  2.52892E+00 -1.46220E+00  3.40296E+00  1.77900E+00  1.77900E+00
b   6    1  6   26  99  2.97819E-01  8.76534E-01 -8.95508E+00  3.44426E+01  4.59176E+00  2.33400E-03  2.33400E-03
b   6    9  6   26  99  3.37812E-01  3.54732E-01 -5.90226E+00  2.85270E+01  4.23818E+00  4.09750E-01  4.09750E-01
b   6   18  6   26  99  3.41745E-01  7.51423E-01 -3.51184E+00  1.64225E+01  3.73423E+00  1.91400E-02  1.91400E-02
b   6   19  6   26  99  2.15433E-01  1.46468E+00 -2.46115E+00  7.33016E+00  3.68487E+00  7.13400E-03  7.13400E-03
b   6   20  6   26  99  1.63983E-01  2.25088E+00 -1.87792E+01  1.20530E+02  2.00000E+01  1.22500E-02  1.22500E-02
b   6   21  6   26  99  1.93488E-01  2.24744E+00 -1.88767E+01  2.02817E+02  2.00000E+01  2.12300E-02  2.12300E-02
b   6   22  6   26  99  3.41008E-01  1.30723E+00  1.65894E+00 -6.05198E-01  2.13799E+00  4.04200E-02  4.04200E-02
b   6   23  6   26  99  3.07076E-01  1.12531E+00  1.52748E+00 -5.40016E-01  2.20684E+00  9.09400E-02  9.09400E-02
b   6   24  6   26  99  2.88227E-01  6.62808E-01  2.12220E+00 -1.04849E+00  2.90378E+00  2.83600E-01  2.83600E-01
b   6   25  6   26  99  4.79503E-01  2.63340E-01  4.60320E+00 -2.61100E+00  3.38291E+00  9.97000E-01  9.97000E-01
f   6    1  5    1  99  4.00000E+00  1.82183E+01
p   6    1  5    1  98  1.39890E+00 -2.63530E+00 -8.25610E-02  5.77370E-03  4.00000E+00  1.04500E+03  1.08600E+03  2.08900E+04
f   6    2  5    1  99  1.00000E+00  1.63200E+01
p   6    2  5    1  99  1.00000E+00  1.63200E+01
f   6    3  5    1  99  1.00000E+00  1.60926E+01
p   6    3  5    1  99  1.00000E+00  1.60926E+01
f   6    4  5    1  99  1.00000E+00  1.60123E+01
p   6    4  5    1  99  1.00000E+00  1.60123E+01
f   6    5  5    1  99  1.00000E+00  1.60420E+01
p   6    5  5    1  99  1.00000E+00  1.60420E+01
f   6    6  5    1  99  1.00000E+00  1.60320E+01
p   6    6  5    1  99  1.00000E+00  1.60320E+01
f   6    7  5    1  99  1.00000E+00  1.60032E+01
p   6    7  5    1  99  1.00000E+00  1.60032E+01
f   6    8  5    1  99  1.00000E+00  1.60032E+01
p   6    8  5    1  99  1.00000E+00  1.60032E+01
f   6    9  5    1  99  1.00000E+00  1.60005E+01
p   6    9  5    1  99  1.00000E+00  1.60005E+01
f   6    2  5    2  99  3.00000E+00  1.63200E+01
p   6    2  5    2  98  1.39890E+00 -2.63530E+00 -8.25610E-02  5.77370E-03  4.00000E+00  1.04500E+03  1.08600E+03  2.08900E+04
f   6   10  5    2  99  2.00000E+00  1.68840E+01
p   6   10  5    2  99  2.00000E+00  1.68840E+01
f   6   11  5    2  99  1.00000E+00  1.61493E+01
p   6   11  5    2  99  1.00000E+00  1.61493E+01
f   6   12  5    2  99  1.00000E+00  1.60306E+01
p   6   12  5    2  99  1.00000E+00  1.60306E+01
f   6   13  5    2  99  1.00000E+00  1.60480E+01
p   6   13  5    2  99  1.00000E+00  1.60480E+01
f   6   14  5    2  99  1.00000E+00  1.60360E+01
p   6   14  5    2  99  1.00000E+00  1.60360E+01
f   6   15  5    2  99  1.00000E+00  1.60122E+01
p   6   15  5    2  99  1.00000E+00  1.60122E+01
f   6   16  5    2  99  1.00000E+00  1.60102E+01
p   6   16  5    2  99  1.00000E+00  1.60102E+01
f   6   17  5    2  99  1.00000E+00  1.60005E+01
p   6   17  5    2  99  1.00000E+00  1.60005E+01
f   6    3  5    3  99  3.00000E+00  1.60926E+01
p   6    3  5    3  98  1.39890E+00 -2.63530E+00 -8.25610E-02  5.77370E-03  4.00000E+00  1.04500E+03  1.08600E+03  2.08900E+04
f   6   11  5    3  99  1.00000E+00  1.61493E+01
p   6   11  5    3  99  1.00000E+00  1.61493E+01
f   6    4  5    4  99  3.00000E+00  1.60123E+01
p   6    4  5    4  98  1.39890E+00 -2.63530E+00 -8.25610E-02  5.77370E-03  4.00000E+00  1.04500E+03  1.08600E+03  2.08900E+04
f   6   12  5    4  99  1.00000E+00  1.60306E+01
p   6   12  5    4  99  1.00000E+00  1.60306E+01
f   6    5  5    5  99  3.00000E+00  1.60420E+01
p   6    5  5    5  98  1.39890E+00 -2.63530E+00 -8.25610E-02  5.77370E-03  4.00000E+00  1.04500E+03  1.08600E+03  2.08900E+04
f   6   13  5    5  99  1.00000E+00  1.60480E+01
p   6   13  5    5  99  1.00000E+00  1.60480E+01
f   6    6  5    6  99  3.00000E+00  1.60320E+01
p   6    6  5    6  98  1.39890E+00 -2.63530E+00 -8.25610E-02  5.77370E-03  4.00000E+00  1.04500E+03  1.08600E+03  2.08900E+04
f   6   14  5    6  99  1.00000E+00  1.60360E+01
p   6   14  5    6  99  1.00000E+00  1.60360E+01
f   6    7  5    7  99  3.00000E+00  1.60032E+01
p   6    7  5    7  98  1.39890E+00 -2.63530E+00 -8.25610E-02  5.77370E-03  4.00000E+00  1.04500E+03  1.08600E+03  2.08900E+04
f   6   15  5    7  99  1.00000E+00  1.60122E+01
p   6   15  5    7  99  1.00000E+00  1.60122E+01
f   6    8  5    8  99  3.00000E+00  1.60032E+01
p   6    8  5    8  98  1.39890E+00 -2.63530E+00 -8.25610E-02  5.77370E-03  4.00000E+00  1.04500E+03  1.08600E+03  2.08900E+04
f   6   16  5    8  99  1.00000E+00  1.60102E+01
p   6   16  5    8  99  1.00000E+00  1.60102E+01
f   6    9  5    9  99  3.00000E+00  1.60005E+01
p   6    9  5    9  98  1.39890E+00 -2.63530E+00 -8.25610E-02  5.77370E-03  4.00000E+00  1.04500E+03  1.08600E+03  2.08900E+04
f   6   17  5    9  99  1.00000E+00  1.60005E+01
p   6   17  5    9  99  1.00000E+00  1.60005E+01
f   6   10  5   10  99  2.00000E+00  1.68840E+01
p   6   10  5   10  98  1.39890E+00 -2.63530E+00 -8.25610E-02  5.77370E-03  4.00000E+00  1.04500E+03  1.08600E+03  2.08900E+04
f   6   11  5   11  99  2.00000E+00  1.61493E+01
p   6   11  5   11  98  1.39890E+00 -2.63530E+00 -8.25610E-02  5.77370E-03  4.00000E+00  1.04500E+03  1.08600E+03  2.08900E+04
f   6   12  5   12  99  2.00000E+00  1.60306E+01
p   6   12  5   12  98  1.39890E+00 -2.63530E+00 -8.25610E-02  5.77370E-03  4.00000E+00  1.04500E+03  1.08600E+03  2.08900E+04
f   6   13  5   13  99  2.00000E+00  1.60480E+01
p   6   13  5   13  98  1.39890E+00 -2.63530E+00 -8.25610E-02  5.77370E-03  4.00000E+00  1.04500E+03  1.08600E+03  2.08900E+04
f   6   14  5   14  99  2.00000E+00  1.60360E+01
p   6   14  5   14  98  1.39890E+00 -2.63530E+00 -8.25610E-02  5.77370E-03  4.00000E+00  1.04500E+03  1.08600E+03  2.08900E+04
f   6   15  5   15  99  2.00000E+00  1.60122E+01
p   6   15  5   15  98  1.39890E+00 -2.63530E+00 -8.25610E-02  5.77370E-03  4.00000E+00  1.04500E+03  1.08600E+03  2.08900E+04
f   6   16  5   16  99  2.00000E+00  1.60102E+01
p   6   16  5   16  98  1.39890E+00 -2.63530E+00 -8.25610E-02  5.77370E-03  4.00000E+00  1.04500E+03  1.08600E+03  2.08900E+04
f   6   17  5   17  99  2.00000E+00  1.60005E+01
p   6   17  5   17  98  1.39890E+00 -2.63530E+00 -8.25610E-02  5.77370E-03  4.00000E+00  1.04500E+03  1.08600E+03  2.08900E+04
f   6    1  5   18  99  2.00000E+00  1.82183E+01
p   6    1  5   18  98  1.99950E+00 -2.54860E+00 -1.80500E-01  1.84740E-02  2.00000E+00  5.16000E+03  5.36700E+03  1.03200E+05
f   6   18  5   18  99  5.00000E+00  1.88544E+01
p   6   18  5   18  98  1.39890E+00 -2.63530E+00 -8.25610E-02  5.77370E-03  4.00000E+00  1.04500E+03  1.08600E+03  2.08900E+04
f   6   19  5   18  99  1.00000E+00  1.64000E+01
p   6   19  5   18  99  1.00000E+00  1.64000E+01
f   6   20  5   18  99  1.00000E+00  1.61158E+01
p   6   20  5   18  99  1.00000E+00  1.61158E+01
f   6   21  5   18  99  1.00000E+00  1.60114E+01
p   6   21  5   18  99  1.00000E+00  1.60114E+01
f   6   22  5   18  99  1.00000E+00  1.60510E+01
p   6   22  5   18  99  1.00000E+00  1.60510E+01
f   6   23  5   18  99  1.00000E+00  1.60410E+01
p   6   23  5   18  99  1.00000E+00  1.60410E+01
f   6   24  5   18  99  1.00000E+00  1.60041E+01
p   6   24  5   18  99  1.00000E+00  1.60041E+01
f   6   25  5   18  99  1.00000E+00  1.60041E+01
p   6   25  5   18  99  1.00000E+00  1.60041E+01
f   6   26  5   18  99  1.00000E+00  1.60005E+01
p   6   26  5   18  99  1.00000E+00  1.60005E+01
f   6    2  5   19  99  2.00000E+00  1.63200E+01
p   6    2  5   19  98  1.99950E+00 -2.54860E+00 -1.80500E-01  1.84740E-02  2.00000E+00  5.16000E+03  5.36700E+03  1.03200E+05
f   6   19  5   19  99  4.00000E+00  1.64000E+01
p   6   19  5   19  98  1.39890E+00 -2.63530E+00 -8.25610E-02  5.77370E-03  4.00000E+00  1.04500E+03  1.08600E+03  2.08900E+04
f   6    3  5   20  99  2.00000E+00  1.60926E+01
p   6    3  5   20  98  1.99950E+00 -2.54860E+00 -1.80500E-01  1.84740E-02  2.00000E+00  5.16000E+03  5.36700E+03  1.03200E+05
f   6   20  5   20  99  4.00000E+00  1.61158E+01
p   6   20  5   20  98  1.39890E+00 -2.63530E+00 -8.25610E-02  5.77370E-03  4.00000E+00  1.04500E+03  1.08600E+03  2.08900E+04
f   6    4  5   21  99  2.00000E+00  1.60123E+01
p   6    4  5   21  98  1.99950E+00 -2.54860E+00 -1.80500E-01  1.84740E-02  2.00000E+00  5.16000E+03  5.36700E+03  1.03200E+05
f   6   21  5   21  99  4.00000E+00  1.60114E+01
p   6   21  5   21  98  1.39890E+00 -2.63530E+00 -8.25610E-02  5.77370E-03  4.00000E+00  1.04500E+03  1.08600E+03  2.08900E+04
f   6    5  5   22  99  2.00000E+00  1.60420E+01
p   6    5  5   22  98  1.99950E+00 -2.54860E+00 -1.80500E-01  1.84740E-02  2.00000E+00  5.16000E+03  5.36700E+03  1.03200E+05
f   6   22  5   22  99  4.00000E+00  1.60510E+01
p   6   22  5   22  98  1.39890E+00 -2.63530E+00 -8.25610E-02  5.77370E-03  4.00000E+00  1.04500E+03  1.08600E+03  2.08900E+04
f   6    6  5   23  99  2.00000E+00  1.60320E+01
p   6    6  5   23  98  1.99950E+00 -2.54860E+00 -1.80500E-01  1.84740E-02  2.00000E+00  5.16000E+03  5.36700E+03  1.03200E+05
f   6   23  5   23  99  4.00000E+00  1.60410E+01
p   6   23  5   23  98  1.39890E+00 -2.63530E+00 -8.25610E-02  5.77370E-03  4.00000E+00  1.04500E+03  1.08600E+03  2.08900E+04
f   6    7  5   24  99  2.00000E+00  1.60032E+01
p   6    7  5   24  98  1.99950E+00 -2.54860E+00 -1.80500E-01  1.84740E-02  2.00000E+00  5.16000E+03  5.36700E+03  1.03200E+05
f   6   24  5   24  99  4.00000E+00  1.60041E+01
p   6   24  5   24  98  1.39890E+00 -2.63530E+00 -8.25610E-02  5.77370E-03  4.00000E+00  1.04500E+03  1.08600E+03  2.08900E+04
f   6    8  5   25  99  2.00000E+00  1.60032E+01
p   6    8  5   25  98  1.99950E+00 -2.54860E+00 -1.80500E-01  1.84740E-02  2.00000E+00  5.16000E+03  5.36700E+03  1.03200E+05
f   6   25  5   25  99  4.00000E+00  1.60041E+01
p   6   25  5   25  98  1.39890E+00 -2.63530E+00 -8.25610E-02  5.77370E-03  4.00000E+00  1.04500E+03  1.08600E+03  2.08900E+04
f   6    9  5   26  99  2.00000E+00  1.60005E+01
p   6    9  5   26  98  1.99950E+00 -2.54860E+00 -1.80500E-01  1.84740E-02  2.00000E+00  5.16000E+03  5.36700E+03  1.03200E+05
f   6   26  5   26  99  4.00000E+00  1.60005E+01
p   6   26  5   26  98  1.39890E+00 -2.63530E+00 -8.25610E-02  5.77370E-03  4.00000E+00  1.04500E+03  1.08600E+03  2.08900E+04
a   6   10  5    1   1.56910E+14
a   6   11  5    1   3.15225E+13
a   6   12  5    1   1.02280E+13
a   6   13  5    1   4.13100E+12
a   6   14  5    1   1.91124E+12
a   6   15  5    1   9.80302E+11
a   6   16  5    1   5.43982E+11
a   6   17  5    1   3.21232E+11
a   6   18  5    1   3.77240E+14
a   6   19  5    1   1.39644E+13
a   6   20  5    1   3.18840E+12
a   6   21  5    1   1.02630E+12
a   6   22  5    1   4.08300E+11
a   6   23  5    1   1.88904E+11
a   6   24  5    1   9.68900E+10
a   6   25  5    1   5.37680E+10
a   6   26  5    1   3.17500E+10
a   6   19  5    2   2.26344E+14
a   6   20  5    3   2.26344E+14
a   6   21  5    4   2.26344E+14
a   6   22  5    5   2.26344E+14
a   6   23  5    6   2.26344E+14
a   6   24  5    7   2.26344E+14
a   6   25  5    8   2.26344E+14
a   6   26  5    9   2.26344E+14
b   7    1  7    2  99  1.26959E-01  1.79011E+00 -5.81522E+01  6.02939E+02  2.00000E+01  2.35950E+00  2.35950E+00
b   7    1  7    3  99  1.14924E-01  1.83836E+00 -4.48261E+01  3.56449E+02  2.00000E+01  5.55000E-01  5.55000E-01
b   7    2  7    3  99  8.69967E-02  9.99637E-01 -1.58533E+01  9.76935E+01  2.00000E+01  7.38100E-01  7.38100E-01
b   7    1  7    4  99  1.10168E-01  1.83892E+00 -3.89307E+01  2.57503E+02  2.00000E+01  2.23500E-01  2.23500E-01
b   7    2  7    4  99  1.19890E-01  1.40421E+00 -2.12881E+01  1.55597E+02  2.00000E+01  1.48400E-01  1.48400E-01
b   7    3  7    4  99  1.02943E-01  9.03837E-01 -1.49954E+01  1.42191E+02  2.00000E+01  9.70900E-01  9.70900E-01
b   7    1  7    5  99  1.83584E-01  1.28458E+00 -1.04842E+01  4.30757E+01  6.54763E+00  1.06500E-01  1.06500E-01
b   7    2  7    5  99  1.26611E-01  1.58701E+00 -1.15952E+01 -2.16543E+01  2.00000E+01  5.40200E-02  5.40200E-02
b   7    3  7    5  99  1.54423E-01  1.40700E+00 -1.99173E+01  2.15237E+02  2.00000E+01  1.70800E-01  1.70800E-01
b   7    4  7    5  99  2.51516E-01  1.58112E-01  1.37741E+00 -4.56464E-01  2.04521E+00  1.15700E+00  1.15700E+00
b   7    1  7    6  99  2.17128E-01  1.14611E+00 -7.96863E+00  3.18327E+01  5.47565E+00  6.24500E-02  6.24500E-02
b   7    2  7    6  99  1.33423E-01  1.72294E+00 -1.19494E+01 -2.51118E+01  2.00000E+01  2.75000E-02  2.75000E-02
b   7    3  7    6  99  1.78840E-01  1.67826E+00 -2.11065E+01  2.38660E+02  2.00000E+01  6.43700E-02  6.43700E-02
b   7    4  7    6  99  3.11043E-01  5.51528E-01  1.71840E+00 -6.51186E-01  2.14653E+00  1.99600E-01  1.99600E-01
b   7    5  7    6  99  2.63351E-01  8.45793E-02  2.14732E+00 -1.08328E+00  2.81232E+00  1.37300E+00  1.37300E+00
b   7    1  7    7  99  2.36105E-01  1.08258E+00 -6.96567E+00  2.77743E+01  5.05402E+00  3.99500E-02  3.99500E-02
b   7    2  7    7  99  1.39933E-01  1.79746E+00 -1.19930E+01 -2.42379E+01  2.00000E+01  1.61800E-02  1.61800E-02
b   7    3  7    7  99  1.50924E-01  1.95845E+00 -1.66565E+01  1.04944E+02  2.00000E+01  3.23500E-02  3.23500E-02
b   7    4  7    7  99  1.65616E-01  1.78930E+00 -1.71183E+01  1.79370E+02  2.00000E+01  7.31800E-02  7.31800E-02
b   7    5  7    7  99  2.84426E-01  6.74630E-01  1.44772E+00 -5.16670E-01  2.09418E+00  2.28300E-01  2.28300E-01
b   7    6  7    7  99  2.42942E-01  1.60257E-01  1.85302E+00 -9.04698E-01  2.75219E+00  1.57600E+00  1.57600E+00
b   7    1  7    8  99  2.73143E-01  9.19105E-01 -4.93434E+00  1.99330E+01  4.27116E+00  2.71800E-02  2.71800E-02
b   7    2  7    8  99  1.31607E-01  1.72585E+00 -3.06131E+00 -1.56454E+02  2.00000E+01  1.04300E-02  1.04300E-02
b   7    3  7    8  99  1.56248E-01  2.11692E+00 -1.73924E+01  1.08453E+02  2.00000E+01  1.89700E-02  1.89700E-02
b   7    4  7    8  99  1.82223E-01  2.04426E+00 -1.79639E+01  1.94553E+02  2.00000E+01  3.63000E-02  3.63000E-02
b   7    5  7    8  99  3.15783E-01  1.03890E+00  1.57995E+00 -5.90987E-01  2.13603E+00  8.20600E-02  8.20600E-02
b   7    6  7    8  99  2.97863E-01  6.20484E-01  2.24428E+00 -1.11523E+00  2.92585E+00  2.55700E-01  2.55700E-01
b   7    7  7    8  99  2.50016E-01  1.12744E-01  2.44319E+00 -1.39500E+00  3.39533E+00  1.77600E+00  1.77600E+00
b   7    1  7    9  99  2.67740E-01  9.60032E-01 -5.30230E+00  2.13041E+01  4.40710E+00  1.93450E-02  1.93450E-02
b   7    2  7    9  99  1.59752E-01  1.69602E+00 -5.20006E+00  1.50525E+01  6.18222E+00  7.15800E-03  7.15800E-03
b   7    3  7    9  99  1.62941E-01  2.22109E+00 -1.78343E+01  1.14780E+02  2.00000E+01  1.22400E-02  1.22400E-02
b   7    4  7    9  99  1.90083E-01  2.24797E+00 -1.82647E+01  1.93864E+02  2.00000E+01  2.11600E-02  2.11600E-02
b   7    5  7    9  99  3.35766E-01  1.32757E+00  1.63482E+00 -6.07897E-01  2.15362E+00  4.02600E-02  4.02600E-02
b   7    6  7    9  99  3.01943E-01  1.14832E+00  1.48570E+00 -5.52309E-01  2.19367E+00  9.06200E-02  9.06200E-02
b   7    7  7    9  99  2.84665E-01  6.80976E-01  2.10600E+00 -1.04585E+00  2.95081E+00  2.82800E-01  2.82800E-01
b   7    8  7    9  99  4.67866E-01  3.04815E-01  4.41344E+00 -2.49261E+00  3.37046E+00  1.00500E+00  1.00500E+00
b   7    1  7   10  98  0.00000E+00  0.00000E+00  0.00000E+00  0.00000E+00  0.00000E+00  5.46719E-02  1.09344E-03
b   7    2  7   10  99  1.26959E-01  1.79011E+00 -5.81522E+01  6.02939E+02  2.00000E+01  1.78273E+00  1.78273E+00
b   7    1  7   11  98  0.00000E+00  0.00000E+00  0.00000E+00  0.00000E+00  0.00000E+00  7.42666E-02  1.48533E-03
b   7    2  7   11  99  1.14924E-01  1.83836E+00 -4.48261E+01  3.56449E+02  2.00000E+01  4.44000E-01  4.44000E-01
b   7    3  7   11  99  1.26959E-01  1.79011E+00 -5.81522E+01  6.02939E+02  2.00000E+01  1.88760E+00  1.88760E+00
b   7   10  7   11  99  8.69967E-02  9.99637E-01 -1.58533E+01  9.76935E+01  2.00000E+01  1.47620E+00  1.47620E+00
b   7    1  7   12  98  0.00000E+00  0.00000E+00  0.00000E+00  0.00000E+00  0.00000E+00  1.04574E-01  2.09149E-03
b   7    2  7   12  99  1.10168E-01  1.83892E+00 -3.89307E+01  2.57503E+02  2.00000E+01  1.78800E-01  1.78800E-01
b   7    4  7   12  99  1.26959E-01  1.79011E+00 -5.81522E+01  6.02939E+02  2.00000E+01  1.88760E+00  1.88760E+00
b   7   10  7   12  99  1.19890E-01  1.40421E+00 -2.12881E+01  1.55597E+02  2.00000E+01  2.96800E-01  2.96800E-01
b   7   11  7   12  99  1.02943E-01  9.03837E-01 -1.49954E+01  1.42191E+02  2.00000E+01  9.70900E-01  9.70900E-01
b   7    1  7   13  98  0.00000E+00  0.00000E+00  0.00000E+00  0.00000E+00  0.00000E+00  1.42920E-01  2.85840E-03
b   7    2  7   13  99  1.83584E-01  1.28458E+00 -1.04842E+01  4.30757E+01  6.54763E+00  8.52000E-02  8.52000E-02
b   7    5  7   13  99  1.26959E-01  1.79011E+00 -5.81522E+01  6.02939E+02  2.00000E+01  1.88760E+00  1.88760E+00
b   7   10  7   13  99  1.26611E-01  1.58701E+00 -1.15952E+01 -2.16543E+01  2.00000E+01  1.08040E-01  1.08040E-01
b   7   11  7   13  99  1.54423E-01  1.40700E+00 -1.99173E+01  2.15237E+02  2.00000E+01  1.70800E-01  1.70800E-01
b   7   12  7   13  99  2.51516E-01  1.58112E-01  1.37741E+00 -4.56464E-01  2.04521E+00  1.15700E+00  1.15700E+00
b   7    1  7   14  98  0.00000E+00  0.00000E+00  0.00000E+00  0.00000E+00  0.00000E+00  1.88454E-01  3.76909E-03
b   7    2  7   14  99  2.17128E-01  1.14611E+00 -7.96863E+00  3.18327E+01  5.47565E+00  4.99600E-02  4.99600E-02
b   7    6  7   14  99  1.26959E-01  1.79011E+00 -5.81522E+01  6.02939E+02  2.00000E+01  1.88760E+00  1.88760E+00
b   7   10  7   14  99  1.33423E-01  1.72294E+00 -1.19494E+01 -2.51118E+01  2.00000E+01  5.50000E-02  5.50000E-02
b   7   11  7   14  99  1.78840E-01  1.67826E+00 -2.11065E+01  2.38660E+02  2.00000E+01  6.43700E-02  6.43700E-02
b   7   12  7   14  99  3.11043E-01  5.51528E-01  1.71840E+00 -6.51186E-01  2.14653E+00  1.99600E-01  1.99600E-01
b   7   13  7   14  99  2.63351E-01  8.45793E-02  2.14732E+00 -1.08328E+00  2.81232E+00  1.37300E+00  1.37300E+00
b   7    1  7   15  98  0.00000E+00  0.00000E+00  0.00000E+00  0.00000E+00  0.00000E+00  2.41119E-01  4.82238E-03
b   7    2  7   15  99  2.36105E-01  1.08258E+00 -6.96567E+00  2.77743E+01  5.05402E+00  3.19600E-02  3.19600E-02
b   7    7  7   15  99  1.26959E-01  1.79011E+00 -5.81522E+01  6.02939E+02  2.00000E+01  1.88760E+00  1.88760E+00
b   7   10  7   15  99  1.39933E-01  1.79746E+00 -1.19930E+01 -2.42379E+01  2.00000E+01  3.23600E-02  3.23600E-02
b   7   11  7   15  99  1.50924E-01  1.95845E+00 -1.66565E+01  1.04944E+02  2.00000E+01  3.23500E-02  3.23500E-02
b   7   12  7   15  99  1.65616E-01  1.78930E+00 -1.71183E+01  1.79370E+02  2.00000E+01  7.31800E-02  7.31800E-02
b   7   13  7   15  99  2.84426E-01  6.74630E-01  1.44772E+00 -5.16670E-01  2.09418E+00  2.28300E-01  2.28300E-01
b   7   14  7   15  99  2.42942E-01  1.60257E-01  1.85302E+00 -9.04698E-01  2.75219E+00  1.57600E+00  1.57600E+00
b   7    1  7   16  98  0.00000E+00  0.00000E+00  0.00000E+00  0.00000E+00  0.00000E+00  3.01030E-01  6.02061E-03
b   7    2  7   16  99  2.73143E-01  9.19105E-01 -4.93434E+00  1.99330E+01  4.27116E+00  2.17440E-02  2.17440E-02
b   7    8  7   16  99  1.26959E-01  1.79011E+00 -5.81522E+01  6.02939E+02  2.00000E+01  1.88760E+00  1.88760E+00
b   7   10  7   16  99  1.31607E-01  1.72585E+00 -3.06131E+00 -1.56454E+02  2.00000E+01  2.08600E-02  2.08600E-02
b   7   11  7   16  99  1.56248E-01  2.11692E+00 -1.73924E+01  1.08453E+02  2.00000E+01  1.89700E-02  1.89700E-02
b   7   12  7   16  99  1.82223E-01  2.04426E+00 -1.79639E+01  1.94553E+02  2.00000E+01  3.63000E-02  3.63000E-02
b   7   13  7   16  99  3.15783E-01  1.03890E+00  1.57995E+00 -5.90987E-01  2.13603E+00  8.20600E-02  8.20600E-02
b   7   14  7   16  99  2.97863E-01  6.20484E-01  2.24428E+00 -1.11523E+00  2.92585E+00  2.55700E-01  2.55700E-01
b   7   15  7   16  99  2.50016E-01  1.12744E-01  2.44319E+00 -1.39500E+00  3.39533E+00  1.77600E+00  1.77600E+00
b   7    1  7   17  98  0.00000E+00  0.00000E+00  0.00000E+00  0.00000E+00  0.00000E+00  3.68061E-01  7.36122E-03
b   7    2  7   17  99  2.67740E-01  9.60032E-01 -5.30230E+00  2.13041E+01  4.40710E+00  1.54760E-02  1.54760E-02
b   7    9  7   17  99  1.26959E-01  1.79011E+00 -5.81522E+01  6.02939E+02  2.00000E+01  1.88760E+00  1.88760E+00
b   7   10  7   17  99  1.59752E-01  1.69602E+00 -5.20006E+00  1.50525E+01  6.18222E+00  1.43160E-02  1.43160E-02
b   7   11  7   17  99  1.62941E-01  2.22109E+00 -1.78343E+01  1.14780E+02  2.00000E+01  1.22400E-02  1.22400E-02
b   7   12  7   17  99  1.90083E-01  2.24797E+00 -1.82647E+01  1.93864E+02  2.00000E+01  2.11600E-02  2.11600E-02
b   7   13  7   17  99  3.35766E-01  1.32757E+00  1.63482E+00 -6.07897E-01  2.15362E+00  4.02600E-02  4.02600E-02
b   7   14  7   17  99  3.01943E-01  1.14832E+00  1.48570E+00 -5.52309E-01  2.19367E+00  9.06200E-02  9.06200E-02
b   7   15  7   17  99  2.84665E-01  6.80976E-01  2.10600E+00 -1.04585E+00  2.95081E+00  2.82800E-01  2.82800E-01
b   7   16  7   17  99  4.67866E-01  3.04815E-01  4.41344E+00 -2.49261E+00  3.37046E+00  1.00500E+00  1.00500E+00
b   7    1  7   18  99  3.38534E-01  3.53258E-01 -5.91588E+00  2.86594E+01  4.24169E+00  2.37225E-01  2.37225E-01
b   7    1  7   19  99  3.16089E-01  5.89492E-01 -7.00495E+00  2.98444E+01  4.35255E+00  1.12460E-01  1.12460E-01
b   7    2  7   19  99  3.38534E-01  3.53258E-01 -5.91588E+00  2.86594E+01  4.24169E+00  3.16300E-01  3.16300E-01
b   7   18  7   19  99  1.26959E-01  1.79011E+00 -5.81522E+01  6.02939E+02  2.00000E+01  2.83140E+00  2.83140E+00
b   7    1  7   20  99  3.08184E-01  6.57902E-01 -7.26384E+00  2.98142E+01  4.37344E+00  4.17000E-02  4.17000E-02
b   7    3  7   20  99  3.38534E-01  3.53258E-01 -5.91588E+00  2.86594E+01  4.24169E+00  3.16300E-01  3.16300E-01
b   7   18  7   20  99  1.14924E-01  1.83836E+00 -4.48261E+01  3.56449E+02  2.00000E+01  6.66000E-01  6.66000E-01
b   7   19  7   20  99  8.69967E-02  9.99637E-01 -1.58533E+01  9.76935E+01  2.00000E+01  7.38100E-01  7.38100E-01
b   7    1  7   21  99  2.96295E-01  7.13267E-01 -7.72374E+00  3.12464E+01  4.49633E+00  2.01400E-02  2.01400E-02
b   7    4  7   21  99  3.38534E-01  3.53258E-01 -5.91588E+00  2.86594E+01  4.24169E+00  3.16300E-01  3.16300E-01
b   7   18  7   21  99  1.10168E-01  1.83892E+00 -3.89307E+01  2.57503E+02  2.00000E+01  2.68200E-01  2.68200E-01
b   7   19  7   21  99  1.19890E-01  1.40421E+00 -2.12881E+01  1.55597E+02  2.00000E+01  1.48400E-01  1.48400E-01
b   7   20  7   21  99  1.02943E-01  9.03837E-01 -1.49954E+01  1.42191E+02  2.00000E+01  9.70900E-01  9.70900E-01
b   7    1  7   22  99  3.12734E-01  7.97815E-01 -8.55076E+00  3.40288E+01  4.51991E+00  1.06440E-02  1.06440E-02
b   7    5  7   22  99  3.38534E-01  3.53258E-01 -5.91588E+00  2.86594E+01  4.24169E+00  3.16300E-01  3.16300E-01
b   7   18  7   22  99  1.83584E-01  1.28458E+00 -1.04842E+01  4.30757E+01  6.54763E+00  1.27800E-01  1.27800E-01
b   7   19  7   22  99  1.26611E-01  1.58701E+00 -1.15952E+01 -2.16543E+01  2.00000E+01  5.40200E-02  5.40200E-02
b   7   20  7   22  99  1.54423E-01  1.40700E+00 -1.99173E+01  2.15237E+02  2.00000E+01  1.70800E-01  1.70800E-01
b   7   21  7   22  99  2.51516E-01  1.58112E-01  1.37741E+00 -4.56464E-01  2.04521E+00  1.15700E+00  1.15700E+00
b   7    1  7   23  99  3.09990E-01  8.08829E-01 -8.64925E+00  3.43578E+01  4.54714E+00  6.56600E-03  6.56600E-03
b   7    6  7   23  99  3.38534E-01  3.53258E-01 -5.91588E+00  2.86594E+01  4.24169E+00  3.16300E-01  3.16300E-01
b   7   18  7   23  99  2.17128E-01  1.14611E+00 -7.96863E+00  3.18327E+01  5.47565E+00  7.49400E-02  7.49400E-02
b   7   19  7   23  99  1.33423E-01  1.72294E+00 -1.19494E+01 -2.51118E+01  2.00000E+01  2.75000E-02  2.75000E-02
b   7   20  7   23  99  1.78840E-01  1.67826E+00 -2.11065E+01  2.38660E+02  2.00000E+01  6.43700E-02  6.43700E-02
b   7   21  7   23  99  3.11043E-01  5.51528E-01  1.71840E+00 -6.51186E-01  2.14653E+00  1.99600E-01  1.99600E-01
b   7   22  7   23  99  2.63351E-01  8.45793E-02  2.14732E+00 -1.08328E+00  2.81232E+00  1.37300E+00  1.37300E+00
b   7    1  7   24  99  3.10576E-01  7.97428E-01 -8.43479E+00  3.33452E+01  4.49796E+00  4.33400E-03  4.33400E-03
b   7    7  7   24  99  3.38534E-01  3.53258E-01 -5.91588E+00  2.86594E+01  4.24169E+00  3.16300E-01  3.16300E-01
b   7   18  7   24  99  2.36105E-01  1.08258E+00 -6.96567E+00  2.77743E+01  5.05402E+00  4.79400E-02  4.79400E-02
b   7   19  7   24  99  1.39933E-01  1.79746E+00 -1.19930E+01 -2.42379E+01  2.00000E+01  1.61800E-02  1.61800E-02
b   7   20  7   24  99  1.50924E-01  1.95845E+00 -1.66565E+01  1.04944E+02  2.00000E+01  3.23500E-02  3.23500E-02
b   7   21  7   24  99  1.65616E-01  1.78930E+00 -1.71183E+01  1.79370E+02  2.00000E+01  7.31800E-02  7.31800E-02
b   7   22  7   24  99  2.84426E-01  6.74630E-01  1.44772E+00 -5.16670E-01  2.09418E+00  2.28300E-01  2.28300E-01
b   7   23  7   24  99  2.42942E-01  1.60257E-01  1.85302E+00 -9.04698E-01  2.75219E+00  1.57600E+00  1.57600E+00
b   7    1  7   25  99  3.09933E-01  8.03096E-01 -8.53775E+00  3.38468E+01  4.52586E+00  3.01000E-03  3.01000E-03
b   7    8  7   25  99  3.38534E-01  3.53258E-01 -5.91588E+00  2.86594E+01  4.24169E+00  3.16300E-01  3.16300E-01
b   7   18  7   25  99  2.73143E-01  9.19105E-01 -4.93434E+00  1.99330E+01  4.27116E+00  3.26160E-02  3.26160E-02
b   7   19  7   25  99  1.31607E-01  1.72585E+00 -3.06131E+00 -1.56454E+02  2.00000E+01  1.04300E-02  1.04300E-02
b   7   20  7   25  99  1.56248E-01  2.11692E+00 -1.73924E+01  1.08453E+02  2.00000E+01  1.89700E-02  1.89700E-02
b   7   21  7   25  99  1.82223E-01  2.04426E+00 -1.79639E+01  1.94553E+02  2.00000E+01  3.63000E-02  3.63000E-02
b   7   22  7   25  99  3.15783E-01  1.03890E+00  1.57995E+00 -5.90987E-01  2.13603E+00  8.20600E-02  8.20600E-02
b   7   23  7   25  99  2.97863E-01  6.20484E-01  2.24428E+00 -1.11523E+00  2.92585E+00  2.55700E-01  2.55700E-01
b   7   24  7   25  99  2.50016E-01  1.12744E-01  2.44319E+00 -1.39500E+00  3.39533E+00  1.77600E+00  1.77600E+00
b   7    1  7   26  99  3.13082E-01  7.82270E-01 -8.25752E+00  3.26854E+01  4.45824E+00  2.17400E-03  2.17400E-03
b   7    9  7   26  99  3.38534E-01  3.53258E-01 -5.91588E+00  2.86594E+01  4.24169E+00  3.16300E-01  3.16300E-01
b   7   18  7   26  99  2.67740E-01  9.60032E-01 -5.30230E+00  2.13041E+01  4.40710E+00  2.32140E-02  2.32140E-02
b   7   19  7   26  99  1.59752E-01  1.69602E+00 -5.20006E+00  1.50525E+01  6.18222E+00  7.15800E-03  7.15800E-03
b   7   20  7   26  99  1.62941E-01  2.22109E+00 -1.78343E+01  1.14780E+02  2.00000E+01  1.22400E-02  1.22400E-02
b   7   21  7   26  99  1.90083E-01  2.24797E+00 -1.82647E+01  1.93864E+02  2.00000E+01  2.11600E-02  2.11600E-02
b   7   22  7   26  99  3.35766E-01  1.32757E+00  1.63482E+00 -6.07897E-01  2.15362E+00  4.02600E-02  4.02600E-02
b   7   23  7   26  99  3.01943E-01  1.14832E+00  1.48570E+00 -5.52309E-01  2.19367E+00  9.06200E-02  9.06200E-02
b   7   24  7   26  99  2.84665E-01  6.80976E-01  2.10600E+00 -1.04585E+00  2.95081E+00  2.82800E-01  2.82800E-01
b   7   25  7   26  99  4.67866E-01  3.04815E-01  4.41344E+00 -2.49261E+00  3.37046E+00  1.00500E+00  1.00500E+00
f   7    1  6    1  99  5.00000E+00  1.79164E+01
p   7    1  6    1  98  1.45770E+00 -2.60450E+00 -8.96070E-02  6.61060E-03  5.00000E+00  9.70900E+02  1.01000E+03  1.94200E+04
f   7    2  6    1  99  1.00000E+00  1.54160E+01
p   7    2  6    1  99  1.00000E+00  1.54160E+01
f   7    3  6    1  99  1.00000E+00  1.51204E+01
p   7    3  6    1  99  1.00000E+00  1.51204E+01
f   7    4  6    1  99  1.00000E+00  1.50144E+01
p   7    4  6    1  99  1.00000E+00  1.50144E+01
f   7    5  6    1  99  1.00000E+00  1.50540E+01
p   7    5  6    1  99  1.00000E+00  1.50540E+01
f   7    6  6    1  99  1.00000E+00  1.50420E+01
p   7    6  6    1  99  1.00000E+00  1.50420E+01
f   7    7  6    1  99  1.00000E+00  1.50042E+01
p   7    7  6    1  99  1.00000E+00  1.50042E+01
f   7    8  6    1  99  1.00000E+00  1.50042E+01
p   7    8  6    1  99  1.00000E+00  1.50042E+01
f   7    9  6    1  99  1.00000E+00  1.50006E+01
p   7    9  6    1  99  1.00000E+00  1.50006E+01
f   7    2  6    2  99  4.00000E+00  1.54160E+01
p   7    2  6    2  98  1.45770E+00 -2.60450E+00 -8.96070E-02  6.61060E-03  5.00000E+00  9.70900E+02  1.01000E+03  1.94200E+04
f   7   10  6    2  99  2.00000E+00  1.59800E+01
p   7   10  6    2  99  2.00000E+00  1.59800E+01
f   7   11  6    2  99  1.00000E+00  1.51771E+01
p   7   11  6    2  99  1.00000E+00  1.51771E+01
f   7   12  6    2  99  1.00000E+00  1.50327E+01
p   7   12  6    2  99  1.00000E+00  1.50327E+01
f   7   13  6    2  99  1.00000E+00  1.50600E+01
p   7   13  6    2  99  1.00000E+00  1.50600E+01
f   7   14  6    2  99  1.00000E+00  1.50460E+01
p   7   14  6    2  99  1.00000E+00  1.50460E+01
f   7   15  6    2  99  1.00000E+00  1.50132E+01
p   7   15  6    2  99  1.00000E+00  1.50132E+01
f   7   16  6    2  99  1.00000E+00  1.50112E+01
p   7   16  6    2  99  1.00000E+00  1.50112E+01
f   7   17  6    2  99  1.00000E+00  1.50006E+01
p   7   17  6    2  99  1.00000E+00  1.50006E+01
f   7    3  6    3  99  4.00000E+00  1.51204E+01
p   7    3  6    3  98  1.45770E+00 -2.60450E+00 -8.96070E-02  6.61060E-03  5.00000E+00  9.70900E+02  1.01000E+03  1.94200E+04
f   7   11  6    3  99  1.00000E+00  1.51771E+01
p   7   11  6    3  99  1.00000E+00  1.51771E+01
f   7    4  6    4  99  4.00000E+00  1.50144E+01
p   7    4  6    4  98  1.45770E+00 -2.60450E+00 -8.96070E-02  6.61060E-03  5.00000E+00  9.70900E+02  1.01000E+03  1.94200E+04
f   7   12  6    4  99  1.00000E+00  1.50327E+01
p   7   12  6    4  99  1.00000E+00  1.50327E+01
f   7    5  6    5  99  4.00000E+00  1.50540E+01
p   7    5  6    5  98  1.45770E+00 -2.60450E+00 -8.96070E-02  6.61060E-03  5.00000E+00  9.70900E+02  1.01000E+03  1.94200E+04
f   7   13  6    5  99  1.00000E+00  1.50600E+01
p   7   13  6    5  99  1.00000E+00  1.50600E+01
f   7    6  6    6  99  4.00000E+00  1.50420E+01
p   7    6  6    6  98  1.45770E+00 -2.60450E+00 -8.96070E-02  6.61060E-03  5.00000E+00  9.70900E+02  1.01000E+03  1.94200E+04
f   7   14  6    6  99  1.00000E+00  1.50460E+01
p   7   14  6    6  99  1.00000E+00  1.50460E+01
f   7    7  6    7  99  4.00000E+00  1.50042E+01
p   7    7  6    7  98  1.45770E+00 -2.60450E+00 -8.96070E-02  6.61060E-03  5.00000E+00  9.70900E+02  1.01000E+03  1.94200E+04
f   7   15  6    7  99  1.00000E+00  1.50132E+01
p   7   15  6    7  99  1.00000E+00  1.50132E+01
f   7    8  6    8  99  4.00000E+00  1.50042E+01
p   7    8  6    8  98  1.45770E+00 -2.60450E+00 -8.96070E-02  6.61060E-03  5.00000E+00  9.70900E+02  1.01000E+03  1.94200E+04
f   7   16  6    8  99  1.00000E+00  1.50112E+01
p   7   16  6    8  99  1.00000E+00  1.50112E+01
f   7    9  6    9  99  4.00000E+00  1.50006E+01
p   7    9  6    9  98  1.45770E+00 -2.60450E+00 -8.96070E-02  6.61060E-03  5.00000E+00  9.70900E+02  1.01000E+03  1.94200E+04
f   7   17  6    9  99  1.00000E+00  1.50006E+01
p   7   17  6    9  99  1.00000E+00  1.50006E+01
f   7   10  6   10  99  3.00000E+00  1.59800E+01
p   7   10  6   10  98  1.45770E+00 -2.60450E+00 -8.96070E-02  6.61060E-03  5.00000E+00  9.70900E+02  1.01000E+03  1.94200E+04
f   7   11  6   11  99  3.00000E+00  1.51771E+01
p   7   11  6   11  98  1.45770E+00 -2.60450E+00 -8.96070E-02  6.61060E-03  5.00000E+00  9.70900E+02  1.01000E+03  1.94200E+04
f   7   12  6   12  99  3.00000E+00  1.50327E+01
p   7   12  6   12  98  1.45770E+00 -2.60450E+00 -8.96070E-02  6.61060E-03  5.00000E+00  9.70900E+02  1.01000E+03  1.94200E+04
f   7   13  6   13  99  3.00000E+00  1.50600E+01
p   7   13  6   13  98  1.45770E+00 -2.60450E+00 -8.96070E-02  6.61060E-03  5.00000E+00  9.70900E+02  1.01000E+03  1.94200E+04
f   7   14  6   14  99  3.00000E+00  1.50460E+01
p   7   14  6   14  98  1.45770E+00 -2.60450E+00 -8.96070E-02  6.61060E-03  5.00000E+00  9.70900E+02  1.01000E+03  1.94200E+04
f   7   15  6   15  99  3.00000E+00  1.50132E+01
p   7   15  6   15  98  1.45770E+00 -2.60450E+00 -8.96070E-02  6.61060E-03  5.00000E+00  9.70900E+02  1.01000E+03  1.94200E+04
f   7   16  6   16  99  3.00000E+00  1.50112E+01
p   7   16  6   16  98  1.45770E+00 -2.60450E+00 -8.96070E-02  6.61060E-03  5.00000E+00  9.70900E+02  1.01000E+03  1.94200E+04
f   7   17  6   17  99  3.00000E+00  1.50006E+01
p   7   17  6   17  98  1.45770E+00 -2.60450E+00 -8.96070E-02  6.61060E-03  5.00000E+00  9.70900E+02  1.01000E+03  1.94200E+04
f   7    1  6   18  99  2.00000E+00  1.79164E+01
p   7    1  6   18  98  2.02740E+00 -2.53690E+00 -1.83610E-01  1.87730E-02  2.00000E+00  5.05300E+03  5.25500E+03  1.01100E+05
f   7   18  6   18  99  6.00000E+00  1.85525E+01
p   7   18  6   18  98  1.45770E+00 -2.60450E+00 -8.96070E-02  6.61060E-03  5.00000E+00  9.70900E+02  1.01000E+03  1.94200E+04
f   7   19  6   18  99  1.00000E+00  1.54960E+01
p   7   19  6   18  99  1.00000E+00  1.54960E+01
f   7   20  6   18  99  1.00000E+00  1.51436E+01
p   7   20  6   18  99  1.00000E+00  1.51436E+01
f   7   21  6   18  99  1.00000E+00  1.50135E+01
p   7   21  6   18  99  1.00000E+00  1.50135E+01
f   7   22  6   18  99  1.00000E+00  1.50630E+01
p   7   22  6   18  99  1.00000E+00  1.50630E+01
f   7   23  6   18  99  1.00000E+00  1.50510E+01
p   7   23  6   18  99  1.00000E+00  1.50510E+01
f   7   24  6   18  99  1.00000E+00  1.50051E+01
p   7   24  6   18  99  1.00000E+00  1.50051E+01
f   7   25  6   18  99  1.00000E+00  1.50051E+01
p   7   25  6   18  99  1.00000E+00  1.50051E+01
f   7   26  6   18  99  1.00000E+00  1.50006E+01
p   7   26  6   18  99  1.00000E+00  1.50006E+01
f   7    2  6   19  99  2.00000E+00  1.54160E+01
p   7    2  6   19  98  2.02740E+00 -2.53690E+00 -1.83610E-01  1.87730E-02  2.00000E+00  5.05300E+03  5.25500E+03  1.01100E+05
f   7   19  6   19  99  5.00000E+00  1.54960E+01
p   7   19  6   19  98  1.45770E+00 -2.60450E+00 -8.96070E-02  6.61060E-03  5.00000E+00  9.70900E+02  1.01000E+03  1.94200E+04
f   7    3  6   20  99  2.00000E+00  1.51204E+01
p   7    3  6   20  98  2.02740E+00 -2.53690E+00 -1.83610E-01  1.87730E-02  2.00000E+00  5.05300E+03  5.25500E+03  1.01100E+05
f   7   20  6   20  99  5.00000E+00  1.51436E+01
p   7   20  6   20  98  1.45770E+00 -2.60450E+00 -8.96070E-02  6.61060E-03  5.00000E+00  9.70900E+02  1.01000E+03  1.94200E+04
f   7    4  6   21  99  2.00000E+00  1.50144E+01
p   7    4  6   21  98  2.02740E+00 -2.53690E+00 -1.83610E-01  1.87730E-02  2.00000E+00  5.05300E+03  5.25500E+03  1.01100E+05
f   7   21  6   21  99  5.00000E+00  1.50135E+01
p   7   21  6   21  98  1.45770E+00 -2.60450E+00 -8.96070E-02  6.61060E-03  5.00000E+00  9.70900E+02  1.01000E+03  1.94200E+04
f   7    5  6   22  99  2.00000E+00  1.50540E+01
p   7    5  6   22  98  2.02740E+00 -2.53690E+00 -1.83610E-01  1.87730E-02  2.00000E+00  5.05300E+03  5.25500E+03  1.01100E+05
f   7   22  6   22  99  5.00000E+00  1.50630E+01
p   7   22  6   22  98  1.45770E+00 -2.60450E+00 -8.96070E-02  6.61060E-03  5.00000E+00  9.70900E+02  1.01000E+03  1.94200E+04
f   7    6  6   23  99  2.00000E+00  1.50420E+01
p   7    6  6   23  98  2.02740E+00 -2.53690E+00 -1.83610E-01  1.87730E-02  2.00000E+00  5.05300E+03  5.25500E+03  1.01100E+05
f   7   23  6   23  99  5.00000E+00  1.50510E+01
p   7   23  6   23  98  1.45770E+00 -2.60450E+00 -8.96070E-02  6.61060E-03  5.00000E+00  9.70900E+02  1.01000E+03  1.94200E+04
f   7    7  6   24  99  2.00000E+00  1.50042E+01
p   7    7  6   24  98  2.02740E+00 -2.53690E+00 -1.83610E-01  1.87730E-02  2.00000E+00  5.05300E+03  5.25500E+03  1.01100E+05
f   7   24  6   24  99  5.00000E+00  1.50051E+01
p   7   24  6   24  98  1.45770E+00 -2.60450E+00 -8.96070E-02  6.61060E-03  5.00000E+00  9.70900E+02  1.01000E+03  1.94200E+04
f   7    8  6   25  99  2.00000E+00  1.50042E+01
p   7    8  6   25  98  2.02740E+00 -2.53690E+00 -1.83610E-01  1.87730E-02  2.00000E+00  5.05300E+03  5.25500E+03  1.01100E+05
f   7   25  6   25  99  5.00000E+00  1.50051E+01
p   7   25  6   25  98  1.45770E+00 -2.60450E+00 -8.96070E-02  6.61060E-03  5.00000E+00  9.70900E+02  1.01000E+03  1.94200E+04
f   7    9  6   26  99  2.00000E+00  1.50006E+01
p   7    9  6   26  98  2.02740E+00 -2.53690E+00 -1.83610E-01  1.87730E-02  2.00000E+00  5.05300E+03  5.25500E+03  1.01100E+05
f   7   26  6   26  99  5.00000E+00  1.50006E+01
p   7   26  6   26  98  1.45770E+00 -2.60450E+00 -8.96070E-02  6.61060E-03  5.00000E+00  9.70900E+02  1.01000E+03  1.94200E+04
a   7   10  6    1   1.26105E+14
a   7   11  6    1   2.33288E+13
a   7   12  6    1   7.42162E+12
a   7   13  6    1   2.96775E+12
a   7   14  6    1   1.37308E+12
a   7   15  6    1   7.04269E+11
a   7   16  6    1   3.90806E+11
a   7   17  6    1   2.30775E+11
a   7   18  6    1   5.91000E+14
a   7   19  6    1   1.76842E+13
a   7   20  6    1   3.81300E+12
a   7   21  6    1   1.20362E+12
a   7   22  6    1   4.73900E+11
a   7   23  6    1   2.19258E+11
a   7   24  6    1   1.12460E+11
a   7   25  6    1   6.24075E+10
a   7   26  6    1   3.68500E+10
a   7   19  6    2   3.94000E+14
a   7   20  6    3   3.94000E+14
a   7   21  6    4   3.94000E+14
a   7   22  6    5   3.94000E+14
a   7   23  6    6   3.94000E+14
a   7   24  6    7   3.94000E+14
a   7   25  6    8   3.94000E+14
a   7   26  6    9   3.94000E+14
b   8    1  8    2  99  1.32882E-01  1.78089E+00 -5.93641E+01  6.35412E+02  2.00000E+01  2.64000E+00  2.64000E+00
b   8    1  8    3  99  1.21608E-01  1.83959E+00 -4.84298E+01  4.27044E+02  2.00000E+01  6.52200E-01  6.52200E-01
b   8    2  8    3  99  8.48413E-02  9.73277E-01 -1.38675E+01  7.21650E+01  2.00000E+01  7.14800E-01  7.14800E-01
b   8    1  8    4  99  1.15918E-01  1.81820E+00 -4.21401E+01  3.25286E+02  2.00000E+01  2.67060E-01  2.67060E-01
b   8    2  8    4  99  1.19133E-01  1.37461E+00 -2.00712E+01  1.45457E+02  2.00000E+01  1.46400E-01  1.46400E-01
b   8    3  8    4  99  2.67208E-01  5.80629E-02  1.61576E+00 -6.12079E-01  2.10294E+00  9.57300E-01  9.57300E-01
b   8    1  8    5  99  1.26980E-01  1.74027E+00 -2.57928E+01  1.40844E+02  1.34158E+01  1.27500E-01  1.27500E-01
b   8    2  8    5  99  1.48173E-01  1.73840E+00 -2.44304E+01  1.83084E+02  2.00000E+01  5.34500E-02  5.34500E-02
b   8    3  8    5  99  1.52821E-01  1.40052E+00 -1.89150E+01  2.03348E+02  2.00000E+01  1.68700E-01  1.68700E-01
b   8    4  8    5  99  2.43208E-01  1.96837E-01  1.25116E+00 -3.71530E-01  2.00025E+00  1.14800E+00  1.14800E+00
b   8    1  8    6  99  1.41602E-01  1.58711E+00 -1.84980E+01  8.95069E+01  1.01679E+01  7.50600E-02  7.50600E-02
b   8    2  8    6  99  1.56152E-01  1.86719E+00 -2.50868E+01  1.87358E+02  2.00000E+01  2.73300E-02  2.73300E-02
b   8    3  8    6  99  1.72053E-01  1.69056E+00 -2.01414E+01  2.18793E+02  2.00000E+01  6.38100E-02  6.38100E-02
b   8    4  8    6  99  3.04061E-01  5.83999E-01  1.65087E+00 -6.29506E-01  2.14061E+00  1.97900E-01  1.97900E-01
b   8    5  8    6  99  2.57733E-01  1.13856E-01  2.05458E+00 -1.02682E+00  2.79703E+00  1.36800E+00  1.36800E+00
b   8    1  8    7  99  1.58573E-01  1.44604E+00 -1.37872E+01  6.04809E+01  8.09868E+00  4.81260E-02  4.81260E-02
b   8    2  8    7  99  1.37994E-01  1.80279E+00 -1.27230E+01 -1.12534E+01  2.00000E+01  1.61300E-02  1.61300E-02
b   8    3  8    7  99  1.85485E-01  1.87429E+00 -2.06462E+01  2.27831E+02  2.00000E+01  3.21500E-02  3.21500E-02
b   8    4  8    7  99  3.32013E-01  9.05598E-01  1.70650E+00 -5.49902E-01  2.17520E+00  7.26500E-02  7.26500E-02
b   8    5  8    7  99  2.77684E-01  7.06299E-01  1.38132E+00 -4.53007E-01  2.13970E+00  2.27100E-01  2.27100E-01
b   8    6  8    7  99  2.59261E-01  8.87056E-02  2.54133E+00 -1.45769E+00  3.36314E+00  1.57300E+00  1.57300E+00
b   8    1  8    8  99  1.60165E-01  1.46153E+00 -1.39718E+01  6.16182E+01  8.12433E+00  3.27900E-02  3.27900E-02
b   8    2  8    8  99  1.37671E-01  1.83440E+00 -1.07487E+01 -4.42422E+01  2.00000E+01  1.04100E-02  1.04100E-02
b   8    3  8    8  99  1.53563E-01  2.09066E+00 -1.58254E+01  9.04477E+01  2.00000E+01  1.88800E-02  1.88800E-02
b   8    4  8    8  99  1.79444E-01  2.04534E+00 -1.71798E+01  1.83091E+02  2.00000E+01  3.60800E-02  3.60800E-02
b   8    5  8    8  99  3.10997E-01  1.06169E+00  1.55695E+00 -5.51300E-01  2.19584E+00  8.16300E-02  8.16300E-02
b   8    6  8    8  99  2.92023E-01  6.50324E-01  2.14121E+00 -1.06642E+00  2.87757E+00  2.54700E-01  2.54700E-01
b   8    7  8    8  99  2.45177E-01  1.40731E-01  2.33326E+00 -1.32816E+00  3.35714E+00  1.77300E+00  1.77300E+00
b   8    1  8    9  99  1.68235E-01  1.40965E+00 -1.25278E+01  5.35415E+01  7.50197E+00  2.33640E-02  2.33640E-02
b   8    2  8    9  99  1.45097E-01  1.91591E+00 -1.39168E+01  2.56690E+00  2.00000E+01  7.15500E-03  7.15500E-03
b   8    3  8    9  99  1.60177E-01  2.19955E+00 -1.67040E+01  1.03281E+02  2.00000E+01  1.21900E-02  1.21900E-02
b   8    4  8    9  99  1.91309E-01  2.23458E+00 -1.78274E+01  1.95494E+02  2.00000E+01  2.10500E-02  2.10500E-02
b   8    5  8    9  99  3.28812E-01  1.35830E+00  1.56200E+00 -5.85066E-01  2.12630E+00  4.00600E-02  4.00600E-02
b   8    6  8    9  99  3.21592E-01  1.06121E+00  2.23564E+00 -1.05083E+00  2.90757E+00  9.02400E-02  9.02400E-02
b   8    7  8    9  99  2.79762E-01  7.06526E-01  2.01874E+00 -9.98853E-01  2.91089E+00  2.82100E-01  2.82100E-01
b   8    8  8    9  99  4.59152E-01  3.13381E-01  4.53716E+00 -7.74973E-01  4.04997E+00  1.02000E+00  1.02000E+00
b   8    1  8   10  98  0.00000E+00  0.00000E+00  0.00000E+00  0.00000E+00  0.00000E+00  1.04719E-01  2.09437E-03
b   8    2  8   10  99  1.32882E-01  1.78089E+00 -5.93641E+01  6.35412E+02  2.00000E+01  2.07778E+00  2.07778E+00
b   8    1  8   11  98  0.00000E+00  0.00000E+00  0.00000E+00  0.00000E+00  0.00000E+00  1.44816E-01  2.89632E-03
b   8    2  8   11  99  1.21608E-01  1.83959E+00 -4.84298E+01  4.27044E+02  2.00000E+01  5.43500E-01  5.43500E-01
b   8    3  8   11  99  1.32882E-01  1.78089E+00 -5.93641E+01  6.35412E+02  2.00000E+01  2.20000E+00  2.20000E+00
b   8   10  8   11  99  8.48413E-02  9.73277E-01 -1.38675E+01  7.21650E+01  2.00000E+01  1.42960E+00  1.42960E+00
b   8    1  8   12  98  0.00000E+00  0.00000E+00  0.00000E+00  0.00000E+00  0.00000E+00  2.04730E-01  4.09459E-03
b   8    2  8   12  99  1.15918E-01  1.81820E+00 -4.21401E+01  3.25286E+02  2.00000E+01  2.22550E-01  2.22550E-01
b   8    4  8   12  99  1.32882E-01  1.78089E+00 -5.93641E+01  6.35412E+02  2.00000E+01  2.20000E+00  2.20000E+00
b   8   10  8   12  99  1.19133E-01  1.37461E+00 -2.00712E+01  1.45457E+02  2.00000E+01  2.92800E-01  2.92800E-01
b   8   11  8   12  99  2.67208E-01  5.80629E-02  1.61576E+00 -6.12079E-01  2.10294E+00  9.57300E-01  9.57300E-01
b   8    1  8   13  98  0.00000E+00  0.00000E+00  0.00000E+00  0.00000E+00  0.00000E+00  2.80569E-01  5.61138E-03
b   8    2  8   13  99  1.26980E-01  1.74027E+00 -2.57928E+01  1.40844E+02  1.34158E+01  1.06250E-01  1.06250E-01
b   8    5  8   13  99  1.32882E-01  1.78089E+00 -5.93641E+01  6.35412E+02  2.00000E+01  2.20000E+00  2.20000E+00
b   8   10  8   13  99  1.48173E-01  1.73840E+00 -2.44304E+01  1.83084E+02  2.00000E+01  1.06900E-01  1.06900E-01
b   8   11  8   13  99  1.52821E-01  1.40052E+00 -1.89150E+01  2.03348E+02  2.00000E+01  1.68700E-01  1.68700E-01
b   8   12  8   13  99  2.43208E-01  1.96837E-01  1.25116E+00 -3.71530E-01  2.00025E+00  1.14800E+00  1.14800E+00
b   8    1  8   14  98  0.00000E+00  0.00000E+00  0.00000E+00  0.00000E+00  0.00000E+00  3.70483E-01  7.40965E-03
b   8    2  8   14  99  1.41602E-01  1.58711E+00 -1.84980E+01  8.95069E+01  1.01679E+01  6.25500E-02  6.25500E-02
b   8    6  8   14  99  1.32882E-01  1.78089E+00 -5.93641E+01  6.35412E+02  2.00000E+01  2.20000E+00  2.20000E+00
b   8   10  8   14  99  1.56152E-01  1.86719E+00 -2.50868E+01  1.87358E+02  2.00000E+01  5.46600E-02  5.46600E-02
b   8   11  8   14  99  1.72053E-01  1.69056E+00 -2.01414E+01  2.18793E+02  2.00000E+01  6.38100E-02  6.38100E-02
b   8   12  8   14  99  3.04061E-01  5.83999E-01  1.65087E+00 -6.29506E-01  2.14061E+00  1.97900E-01  1.97900E-01
b   8   13  8   14  99  2.57733E-01  1.13856E-01  2.05458E+00 -1.02682E+00  2.79703E+00  1.36800E+00  1.36800E+00
b   8    1  8   15  98  0.00000E+00  0.00000E+00  0.00000E+00  0.00000E+00  0.00000E+00  4.74411E-01  9.48822E-03
b   8    2  8   15  99  1.58573E-01  1.44604E+00 -1.37872E+01  6.04809E+01  8.09868E+00  4.01050E-02  4.01050E-02
b   8    7  8   15  99  1.32882E-01  1.78089E+00 -5.93641E+01  6.35412E+02  2.00000E+01  2.20000E+00  2.20000E+00
b   8   10  8   15  99  1.37994E-01  1.80279E+00 -1.27230E+01 -1.12534E+01  2.00000E+01  3.22600E-02  3.22600E-02
b   8   11  8   15  99  1.85485E-01  1.87429E+00 -2.06462E+01  2.27831E+02  2.00000E+01  3.21500E-02  3.21500E-02
b   8   12  8   15  99  3.32013E-01  9.05598E-01  1.70650E+00 -5.49902E-01  2.17520E+00  7.26500E-02  7.26500E-02
b   8   13  8   15  99  2.77684E-01  7.06299E-01  1.38132E+00 -4.53007E-01  2.13970E+00  2.27100E-01  2.27100E-01
b   8   14  8   15  99  2.59261E-01  8.87056E-02  2.54133E+00 -1.45769E+00  3.36314E+00  1.57300E+00  1.57300E+00
b   8    1  8   16  98  0.00000E+00  0.00000E+00  0.00000E+00  0.00000E+00  0.00000E+00  5.92666E-01  1.18533E-02
b   8    2  8   16  99  1.60165E-01  1.46153E+00 -1.39718E+01  6.16182E+01  8.12433E+00  2.73250E-02  2.73250E-02
b   8    8  8   16  99  1.32882E-01  1.78089E+00 -5.93641E+01  6.35412E+02  2.00000E+01  2.20000E+00  2.20000E+00
b   8   10  8   16  99  1.37671E-01  1.83440E+00 -1.07487E+01 -4.42422E+01  2.00000E+01  2.08200E-02  2.08200E-02
b   8   11  8   16  99  1.53563E-01  2.09066E+00 -1.58254E+01  9.04477E+01  2.00000E+01  1.88800E-02  1.88800E-02
b   8   12  8   16  99  1.79444E-01  2.04534E+00 -1.71798E+01  1.83091E+02  2.00000E+01  3.60800E-02  3.60800E-02
b   8   13  8   16  99  3.10997E-01  1.06169E+00  1.55695E+00 -5.51300E-01  2.19584E+00  8.16300E-02  8.16300E-02
b   8   14  8   16  99  2.92023E-01  6.50324E-01  2.14121E+00 -1.06642E+00  2.87757E+00  2.54700E-01  2.54700E-01
b   8   15  8   16  99  2.45177E-01  1.40731E-01  2.33326E+00 -1.32816E+00  3.35714E+00  1.77300E+00  1.77300E+00
b   8    1  8   17  98  0.00000E+00  0.00000E+00  0.00000E+00  0.00000E+00  0.00000E+00  7.24957E-01  1.44991E-02
b   8    2  8   17  99  1.68235E-01  1.40965E+00 -1.25278E+01  5.35415E+01  7.50197E+00  1.94700E-02  1.94700E-02
b   8    9  8   17  99  1.32882E-01  1.78089E+00 -5.93641E+01  6.35412E+02  2.00000E+01  2.20000E+00  2.20000E+00
b   8   10  8   17  99  1.45097E-01  1.91591E+00 -1.39168E+01  2.56690E+00  2.00000E+01  1.43100E-02  1.43100E-02
b   8   11  8   17  99  1.60177E-01  2.19955E+00 -1.67040E+01  1.03281E+02  2.00000E+01  1.21900E-02  1.21900E-02
b   8   12  8   17  99  1.91309E-01  2.23458E+00 -1.78274E+01  1.95494E+02  2.00000E+01  2.10500E-02  2.10500E-02
b   8   13  8   17  99  3.28812E-01  1.35830E+00  1.56200E+00 -5.85066E-01  2.12630E+00  4.00600E-02  4.00600E-02
b   8   14  8   17  99  3.21592E-01  1.06121E+00  2.23564E+00 -1.05083E+00  2.90757E+00  9.02400E-02  9.02400E-02
b   8   15  8   17  99  2.79762E-01  7.06526E-01  2.01874E+00 -9.98853E-01  2.91089E+00  2.82100E-01  2.82100E-01
b   8   16  8   17  99  4.59152E-01  3.13381E-01  4.53716E+00 -7.74973E-01  4.04997E+00  1.02000E+00  1.02000E+00
b   8    1  8   18  99  3.44515E-01  3.29677E-01 -5.73009E+00  2.81219E+01  4.19971E+00  1.52250E-01  1.52250E-01
b   8    1  8   19  99  3.21660E-01  5.58304E-01 -6.82779E+00  2.95454E+01  4.32164E+00  1.04840E-01  1.04840E-01
b   8    2  8   19  99  3.44515E-01  3.29677E-01 -5.73009E+00  2.81219E+01  4.19971E+00  2.28375E-01  2.28375E-01
b   8   18  8   19  99  1.32882E-01  1.78089E+00 -5.93641E+01  6.35412E+02  2.00000E+01  3.08000E+00  3.08000E+00
b   8    1  8   20  99  3.13267E-01  6.22744E-01 -7.12312E+00  2.98408E+01  4.36338E+00  3.88000E-02  3.88000E-02
b   8    3  8   20  99  3.44515E-01  3.29677E-01 -5.73009E+00  2.81219E+01  4.19971E+00  2.28375E-01  2.28375E-01
b   8   18  8   20  99  1.21608E-01  1.83959E+00 -4.84298E+01  4.27044E+02  2.00000E+01  7.60900E-01  7.60900E-01
b   8   19  8   20  99  8.48413E-02  9.73277E-01 -1.38675E+01  7.21650E+01  2.00000E+01  7.14800E-01  7.14800E-01
b   8    1  8   21  99  3.04731E-01  6.50943E-01 -7.22351E+00  2.97541E+01  4.39225E+00  1.87000E-02  1.87000E-02
b   8    4  8   21  99  3.44515E-01  3.29677E-01 -5.73009E+00  2.81219E+01  4.19971E+00  2.28375E-01  2.28375E-01
b   8   18  8   21  99  1.15918E-01  1.81820E+00 -4.21401E+01  3.25286E+02  2.00000E+01  3.11570E-01  3.11570E-01
b   8   19  8   21  99  1.19133E-01  1.37461E+00 -2.00712E+01  1.45457E+02  2.00000E+01  1.46400E-01  1.46400E-01
b   8   20  8   21  99  2.67208E-01  5.80629E-02  1.61576E+00 -6.12079E-01  2.10294E+00  9.57300E-01  9.57300E-01
b   8    1  8   22  99  3.16316E-01  7.60709E-01 -8.43802E+00  3.42621E+01  4.52069E+00  9.87400E-03  9.87400E-03
b   8    5  8   22  99  3.44515E-01  3.29677E-01 -5.73009E+00  2.81219E+01  4.19971E+00  2.28375E-01  2.28375E-01
b   8   18  8   22  99  1.26980E-01  1.74027E+00 -2.57928E+01  1.40844E+02  1.34158E+01  1.48750E-01  1.48750E-01
b   8   19  8   22  99  1.48173E-01  1.73840E+00 -2.44304E+01  1.83084E+02  2.00000E+01  5.34500E-02  5.34500E-02
b   8   20  8   22  99  1.52821E-01  1.40052E+00 -1.89150E+01  2.03348E+02  2.00000E+01  1.68700E-01  1.68700E-01
b   8   21  8   22  99  2.43208E-01  1.96837E-01  1.25116E+00 -3.71530E-01  2.00025E+00  1.14800E+00  1.14800E+00
b   8    1  8   23  99  3.16835E-01  7.46746E-01 -8.18839E+00  3.31022E+01  4.46726E+00  6.08400E-03  6.08400E-03
b   8    6  8   23  99  3.44515E-01  3.29677E-01 -5.73009E+00  2.81219E+01  4.19971E+00  2.28375E-01  2.28375E-01
b   8   18  8   23  99  1.41602E-01  1.58711E+00 -1.84980E+01  8.95069E+01  1.01679E+01  8.75700E-02  8.75700E-02
b   8   19  8   23  99  1.56152E-01  1.86719E+00 -2.50868E+01  1.87358E+02  2.00000E+01  2.73300E-02  2.73300E-02
b   8   20  8   23  99  1.72053E-01  1.69056E+00 -2.01414E+01  2.18793E+02  2.00000E+01  6.38100E-02  6.38100E-02
b   8   21  8   23  99  3.04061E-01  5.83999E-01  1.65087E+00 -6.29506E-01  2.14061E+00  1.97900E-01  1.97900E-01
b   8   22  8   23  99  2.57733E-01  1.13856E-01  2.05458E+00 -1.02682E+00  2.79703E+00  1.36800E+00  1.36800E+00
b   8    1  8   24  99  3.20230E-01  7.27962E-01 -7.97932E+00  3.23319E+01  4.41916E+00  4.01200E-03  4.01200E-03
b   8    7  8   24  99  3.44515E-01  3.29677E-01 -5.73009E+00  2.81219E+01  4.19971E+00  2.28375E-01  2.28375E-01
b   8   18  8   24  99  1.58573E-01  1.44604E+00 -1.37872E+01  6.04809E+01  8.09868E+00  5.61470E-02  5.61470E-02
b   8   19  8   24  99  1.37994E-01  1.80279E+00 -1.27230E+01 -1.12534E+01  2.00000E+01  1.61300E-02  1.61300E-02
b   8   20  8   24  99  1.85485E-01  1.87429E+00 -2.06462E+01  2.27831E+02  2.00000E+01  3.21500E-02  3.21500E-02
b   8   21  8   24  99  3.32013E-01  9.05598E-01  1.70650E+00 -5.49902E-01  2.17520E+00  7.26500E-02  7.26500E-02
b   8   22  8   24  99  2.77684E-01  7.06299E-01  1.38132E+00 -4.53007E-01  2.13970E+00  2.27100E-01  2.27100E-01
b   8   23  8   24  99  2.59261E-01  8.87056E-02  2.54133E+00 -1.45769E+00  3.36314E+00  1.57300E+00  1.57300E+00
b   8    1  8   25  99  3.15611E-01  7.45304E-01 -8.13408E+00  3.28159E+01  4.45927E+00  2.78400E-03  2.78400E-03
b   8    8  8   25  99  3.44515E-01  3.29677E-01 -5.73009E+00  2.81219E+01  4.19971E+00  2.28375E-01  2.28375E-01
b   8   18  8   25  99  1.60165E-01  1.46153E+00 -1.39718E+01  6.16182E+01  8.12433E+00  3.82550E-02  3.82550E-02
b   8   19  8   25  99  1.37671E-01  1.83440E+00 -1.07487E+01 -4.42422E+01  2.00000E+01  1.04100E-02  1.04100E-02
b   8   20  8   25  99  1.53563E-01  2.09066E+00 -1.58254E+01  9.04477E+01  2.00000E+01  1.88800E-02  1.88800E-02
b   8   21  8   25  99  1.79444E-01  2.04534E+00 -1.71798E+01  1.83091E+02  2.00000E+01  3.60800E-02  3.60800E-02
b   8   22  8   25  99  3.10997E-01  1.06169E+00  1.55695E+00 -5.51300E-01  2.19584E+00  8.16300E-02  8.16300E-02
b   8   23  8   25  99  2.92023E-01  6.50324E-01  2.14121E+00 -1.06642E+00  2.87757E+00  2.54700E-01  2.54700E-01
b   8   24  8   25  99  2.45177E-01  1.40731E-01  2.33326E+00 -1.32816E+00  3.35714E+00  1.77300E+00  1.77300E+00
b   8    1  8   26  99  3.12404E-01  7.54258E-01 -8.17091E+00  3.27806E+01  4.46770E+00  2.00800E-03  2.00800E-03
b   8    9  8   26  99  3.44515E-01  3.29677E-01 -5.73009E+00  2.81219E+01  4.19971E+00  2.28375E-01  2.28375E-01
b   8   18  8   26  99  1.68235E-01  1.40965E+00 -1.25278E+01  5.35415E+01  7.50197E+00  2.72580E-02  2.72580E-02
b   8   19  8   26  99  1.45097E-01  1.91591E+00 -1.39168E+01  2.56690E+00  2.00000E+01  7.15500E-03  7.15500E-03
b   8   20  8   26  99  1.60177E-01  2.19955E+00 -1.67040E+01  1.03281E+02  2.00000E+01  1.21900E-02  1.21900E-02
b   8   21  8   26  99  1.91309E-01  2.23458E+00 -1.78274E+01  1.95494E+02  2.00000E+01  2.10500E-02  2.10500E-02
b   8   22  8   26  99  3.28812E-01  1.35830E+00  1.56200E+00 -5.85066E-01  2.12630E+00  4.00600E-02  4.00600E-02
b   8   23  8   26  99  3.21592E-01  1.06121E+00  2.23564E+00 -1.05083E+00  2.90757E+00  9.02400E-02  9.02400E-02
b   8   24  8   26  99  2.79762E-01  7.06526E-01  2.01874E+00 -9.98853E-01  2.91089E+00  2.82100E-01  2.82100E-01
b   8   25  8   26  99  4.59152E-01  3.13381E-01  4.53716E+00 -7.74973E-01  4.04997E+00  1.02000E+00  1.02000E+00
f   8    1  7    1  99  6.00000E+00  1.76145E+01
p   8    1  7    1  98  1.51490E+00 -2.56770E+00 -9.84370E-02  7.62250E-03  6.00000E+00  8.99100E+02  9.35100E+02  1.79800E+04
f   8    2  7    1  99  1.00000E+00  1.45120E+01
p   8    2  7    1  99  1.00000E+00  1.45120E+01
f   8    3  7    1  99  1.00000E+00  1.41482E+01
p   8    3  7    1  99  1.00000E+00  1.41482E+01
f   8    4  7    1  99  1.00000E+00  1.40165E+01
p   8    4  7    1  99  1.00000E+00  1.40165E+01
f   8    5  7    1  99  1.00000E+00  1.40660E+01
p   8    5  7    1  99  1.00000E+00  1.40660E+01
f   8    6  7    1  99  1.00000E+00  1.40520E+01
p   8    6  7    1  99  1.00000E+00  1.40520E+01
f   8    7  7    1  99  1.00000E+00  1.40052E+01
p   8    7  7    1  99  1.00000E+00  1.40052E+01
f   8    8  7    1  99  1.00000E+00  1.40052E+01
p   8    8  7    1  99  1.00000E+00  1.40052E+01
f   8    9  7    1  99  1.00000E+00  1.40007E+01
p   8    9  7    1  99  1.00000E+00  1.40007E+01
f   8    2  7    2  99  5.00000E+00  1.45120E+01
p   8    2  7    2  98  1.51490E+00 -2.56770E+00 -9.84370E-02  7.62250E-03  6.00000E+00  8.99100E+02  9.35100E+02  1.79800E+04
f   8   10  7    2  99  2.00000E+00  1.50760E+01
p   8   10  7    2  99  2.00000E+00  1.50760E+01
f   8   11  7    2  99  1.00000E+00  1.42049E+01
p   8   11  7    2  99  1.00000E+00  1.42049E+01
f   8   12  7    2  99  1.00000E+00  1.40348E+01
p   8   12  7    2  99  1.00000E+00  1.40348E+01
f   8   13  7    2  99  1.00000E+00  1.40720E+01
p   8   13  7    2  99  1.00000E+00  1.40720E+01
f   8   14  7    2  99  1.00000E+00  1.40560E+01
p   8   14  7    2  99  1.00000E+00  1.40560E+01
f   8   15  7    2  99  1.00000E+00  1.40142E+01
p   8   15  7    2  99  1.00000E+00  1.40142E+01
f   8   16  7    2  99  1.00000E+00  1.40122E+01
p   8   16  7    2  99  1.00000E+00  1.40122E+01
f   8   17  7    2  99  1.00000E+00  1.40007E+01
p   8   17  7    2  99  1.00000E+00  1.40007E+01
f   8    3  7    3  99  5.00000E+00  1.41482E+01
p   8    3  7    3  98  1.51490E+00 -2.56770E+00 -9.84370E-02  7.62250E-03  6.00000E+00  8.99100E+02  9.35100E+02  1.79800E+04
f   8   11  7    3  99  1.00000E+00  1.42049E+01
p   8   11  7    3  99  1.00000E+00  1.42049E+01
f   8    4  7    4  99  5.00000E+00  1.40165E+01
p   8    4  7    4  98  1.51490E+00 -2.56770E+00 -9.84370E-02  7.62250E-03  6.00000E+00  8.99100E+02  9.35100E+02  1.79800E+04
f   8   12  7    4  99  1.00000E+00  1.40348E+01
p   8   12  7    4  99  1.00000E+00  1.40348E+01
f   8    5  7    5  99  5.00000E+00  1.40660E+01
p   8    5  7    5  98  1.51490E+00 -2.56770E+00 -9.84370E-02  7.62250E-03  6.00000E+00  8.99100E+02  9.35100E+02  1.79800E+04
f   8   13  7    5  99  1.00000E+00  1.40720E+01
p   8   13  7    5  99  1.00000E+00  1.40720E+01
f   8    6  7    6  99  5.00000E+00  1.40520E+01
p   8    6  7    6  98  1.51490E+00 -2.56770E+00 -9.84370E-02  7.62250E-03  6.00000E+00  8.99100E+02  9.35100E+02  1.79800E+04
f   8   14  7    6  99  1.00000E+00  1.40560E+01
p   8   14  7    6  99  1.00000E+00  1.40560E+01
f   8    7  7    7  99  5.00000E+00  1.40052E+01
p   8    7  7    7  98  1.51490E+00 -2.56770E+00 -9.84370E-02  7.62250E-03  6.00000E+00  8.99100E+02  9.35100E+02  1.79800E+04
f   8   15  7    7  99  1.00000E+00  1.40142E+01
p   8   15  7    7  99  1.00000E+00  1.40142E+01
f   8    8  7    8  99  5.00000E+00  1.40052E+01
p   8    8  7    8  98  1.51490E+00 -2.56770E+00 -9.84370E-02  7.62250E-03  6.00000E+00  8.99100E+02  9.35100E+02  1.79800E+04
f   8   16  7    8  99  1.00000E+00  1.40122E+01
p   8   16  7    8  99  1.00000E+00  1.40122E+01
f   8    9  7    9  99  5.00000E+00  1.40007E+01
p   8    9  7    9  98  1.51490E+00 -2.56770E+00 -9.84370E-02  7.62250E-03  6.00000E+00  8.99100E+02  9.35100E+02  1.79800E+04
f   8   17  7    9  99  1.00000E+00  1.40007E+01
p   8   17  7    9  99  1.00000E+00  1.40007E+01
f   8   10  7   10  99  4.00000E+00  1.50760E+01
p   8   10  7   10  98  1.51490E+00 -2.56770E+00 -9.84370E-02  7.62250E-03  6.00000E+00  8.99100E+02  9.35100E+02  1.79800E+04
f   8   11  7   11  99  4.00000E+00  1.42049E+01
p   8   11  7   11  98  1.51490E+00 -2.56770E+00 -9.84370E-02  7.62250E-03  6.00000E+00  8.99100E+02  9.35100E+02  1.79800E+04
f   8   12  7   12  99  4.00000E+00  1.40348E+01
p   8   12  7   12  98  1.51490E+00 -2.56770E+00 -9.84370E-02  7.62250E-03  6.00000E+00  8.99100E+02  9.35100E+02  1.79800E+04
f   8   13  7   13  99  4.00000E+00  1.40720E+01
p   8   13  7   13  98  1.51490E+00 -2.56770E+00 -9.84370E-02  7.62250E-03  6.00000E+00  8.99100E+02  9.35100E+02  1.79800E+04
f   8   14  7   14  99  4.00000E+00  1.40560E+01
p   8   14  7   14  98  1.51490E+00 -2.56770E+00 -9.84370E-02  7.62250E-03  6.00000E+00  8.99100E+02  9.35100E+02  1.79800E+04
f   8   15  7   15  99  4.00000E+00  1.40142E+01
p   8   15  7   15  98  1.51490E+00 -2.56770E+00 -9.84370E-02  7.62250E-03  6.00000E+00  8.99100E+02  9.35100E+02  1.79800E+04
f   8   16  7   16  99  4.00000E+00  1.40122E+01
p   8   16  7   16  98  1.51490E+00 -2.56770E+00 -9.84370E-02  7.62250E-03  6.00000E+00  8.99100E+02  9.35100E+02  1.79800E+04
f   8   17  7   17  99  4.00000E+00  1.40007E+01
p   8   17  7   17  98  1.51490E+00 -2.56770E+00 -9.84370E-02  7.62250E-03  6.00000E+00  8.99100E+02  9.35100E+02  1.79800E+04
f   8    1  7   18  99  2.00000E+00  1.76145E+01
p   8    1  7   18  98  2.05580E+00 -2.52780E+00 -1.84910E-01  1.87270E-02  2.00000E+00  4.95000E+03  5.14800E+03  9.89900E+04
f   8   18  7   18  99  7.00000E+00  1.82506E+01
p   8   18  7   18  98  1.51490E+00 -2.56770E+00 -9.84370E-02  7.62250E-03  6.00000E+00  8.99100E+02  9.35100E+02  1.79800E+04
f   8   19  7   18  99  1.00000E+00  1.45920E+01
p   8   19  7   18  99  1.00000E+00  1.45920E+01
f   8   20  7   18  99  1.00000E+00  1.41714E+01
p   8   20  7   18  99  1.00000E+00  1.41714E+01
f   8   21  7   18  99  1.00000E+00  1.40156E+01
p   8   21  7   18  99  1.00000E+00  1.40156E+01
f   8   22  7   18  99  1.00000E+00  1.40750E+01
p   8   22  7   18  99  1.00000E+00  1.40750E+01
f   8   23  7   18  99  1.00000E+00  1.40610E+01
p   8   23  7   18  99  1.00000E+00  1.40610E+01
f   8   24  7   18  99  1.00000E+00  1.40061E+01
p   8   24  7   18  99  1.00000E+00  1.40061E+01
f   8   25  7   18  99  1.00000E+00  1.40061E+01
p   8   25  7   18  99  1.00000E+00  1.40061E+01
f   8   26  7   18  99  1.00000E+00  1.40007E+01
p   8   26  7   18  99  1.00000E+00  1.40007E+01
f   8    2  7   19  99  2.00000E+00  1.45120E+01
p   8    2  7   19  98  2.05580E+00 -2.52780E+00 -1.84910E-01  1.87270E-02  2.00000E+00  4.95000E+03  5.14800E+03  9.89900E+04
f   8   19  7   19  99  6.00000E+00  1.45920E+01
p   8   19  7   19  98  1.51490E+00 -2.56770E+00 -9.84370E-02  7.62250E-03  6.00000E+00  8.99100E+02  9.35100E+02  1.79800E+04
f   8    3  7   20  99  2.00000E+00  1.41482E+01
p   8    3  7   20  98  2.05580E+00 -2.52780E+00 -1.84910E-01  1.87270E-02  2.00000E+00  4.95000E+03  5.14800E+03  9.89900E+04
f   8   20  7   20  99  6.00000E+00  1.41714E+01
p   8   20  7   20  98  1.51490E+00 -2.56770E+00 -9.84370E-02  7.62250E-03  6.00000E+00  8.99100E+02  9.35100E+02  1.79800E+04
f   8    4  7   21  99  2.00000E+00  1.40165E+01
p   8    4  7   21  98  2.05580E+00 -2.52780E+00 -1.84910E-01  1.87270E-02  2.00000E+00  4.95000E+03  5.14800E+03  9.89900E+04
f   8   21  7   21  99  6.00000E+00  1.40156E+01
p   8   21  7   21  98  1.51490E+00 -2.56770E+00 -9.84370E-02  7.62250E-03  6.00000E+00  8.99100E+02  9.35100E+02  1.79800E+04
f   8    5  7   22  99  2.00000E+00  1.40660E+01
p   8    5  7   22  98  2.05580E+00 -2.52780E+00 -1.84910E-01  1.87270E-02  2.00000E+00  4.95000E+03  5.14800E+03  9.89900E+04
f   8   22  7   22  99  6.00000E+00  1.40750E+01
p   8   22  7   22  98  1.51490E+00 -2.56770E+00 -9.84370E-02  7.62250E-03  6.00000E+00  8.99100E+02  9.35100E+02  1.79800E+04
f   8    6  7   23  99  2.00000E+00  1.40520E+01
p   8    6  7   23  98  2.05580E+00 -2.52780E+00 -1.84910E-01  1.87270E-02  2.00000E+00  4.95000E+03  5.14800E+03  9.89900E+04
f   8   23  7   23  99  6.00000E+00  1.40610E+01
p   8   23  7   23  98  1.51490E+00 -2.56770E+00 -9.84370E-02  7.62250E-03  6.00000E+00  8.99100E+02  9.35100E+02  1.79800E+04
f   8    7  7   24  99  2.00000E+00  1.40052E+01
p   8    7  7   24  98  2.05580E+00 -2.52780E+00 -1.84910E-01  1.87270E-02  2.00000E+00  4.95000E+03  5.14800E+03  9.89900E+04
f   8   24  7   24  99  6.00000E+00  1.40061E+01
p   8   24  7   24  98  1.51490E+00 -2.56770E+00 -9.84370E-02  7.62250E-03  6.00000E+00  8.99100E+02  9.35100E+02  1.79800E+04
f   8    8  7   25  99  2.00000E+00  1.40052E+01
p   8    8  7   25  98  2.05580E+00 -2.52780E+00 -1.84910E-01  1.87270E-02  2.00000E+00  4.95000E+03  5.14800E+03  9.89900E+04
f   8   25  7   25  99  6.00000E+00  1.40061E+01
p   8   25  7   25  98  1.51490E+00 -2.56770E+00 -9.84370E-02  7.62250E-03  6.00000E+00  8.99100E+02  9.35100E+02  1.79800E+04
f   8    9  7   26  99  2.00000E+00  1.40007E+01
p   8    9  7   26  98  2.05580E+00 -2.52780E+00 -1.84910E-01  1.87270E-02  2.00000E+00  4.95000E+03  5.14800E+03  9.89900E+04
f   8   26  7   26  99  6.00000E+00  1.40007E+01
p   8   26  7   26  98  1.51490E+00 -2.56770E+00 -9.84370E-02  7.62250E-03  6.00000E+00  8.99100E+02  9.35100E+02  1.79800E+04
a   8   10  7    1   9.03930E+13
a   8   11  7    1   1.65285E+13
a   8   12  7    1   5.21955E+12
a   8   13  7    1   2.08110E+12
a   8   14  7    1   9.62850E+11
a   8   15  7    1   4.93860E+11
a   8   16  7    1   2.74050E+11
a   8   17  7    1   1.61820E+11
a   8   18  7    1   7.74375E+14
a   8   19  7    1   1.87692E+13
a   8   20  7    1   3.97800E+12
a   8   21  7    1   1.24944E+12
a   8   22  7    1   4.89870E+11
a   8   23  7    1   2.26644E+11
a   8   24  7    1   1.16247E+11
a   8   25  7    1   6.45090E+10
a   8   26  7    1   3.80910E+10
a   8   19  7    2   5.53125E+14
a   8   20  7    3   5.53125E+14
a   8   21  7    4   5.53125E+14
a   8   22  7    5   5.53125E+14
a   8   23  7    6   5.53125E+14
a   8   24  7    7   5.53125E+14
a   8   25  7    8   5.53125E+14
a   8   26  7    9   5.53125E+14
b   9    1  9    2  99  9.59615E-02  1.40105E+00 -3.16816E+01  2.26355E+02  2.00000E+01  2.82660E+00  2.82660E+00
b   9    1  9    3  99  1.30201E-01  1.84866E+00 -5.25756E+01  5.06579E+02  2.00000E+01  7.38500E-01  7.38500E-01
b   9    2  9    3  99  1.21163E-01  9.30896E-01 -1.99091E+01  2.20870E+02  2.00000E+01  6.90700E-01  6.90700E-01
b   9    1  9    4  99  1.22350E-01  1.80456E+00 -4.56587E+01  3.97249E+02  2.00000E+01  3.08000E-01  3.08000E-01
b   9    2  9    4  99  1.15246E-01  1.34591E+00 -1.77276E+01  1.13388E+02  2.00000E+01  1.43400E-01  1.43400E-01
b   9    3  9    4  99  2.58518E-01  9.50383E-02  1.50466E+00 -5.32620E-01  2.09032E+00  9.44400E-01  9.44400E-01
b   9    1  9    5  99  1.27701E-01  1.99867E+00 -4.63782E+01  3.60066E+02  2.00000E+01  1.47350E-01  1.47350E-01
b   9    2  9    5  99  1.46594E-01  1.72260E+00 -2.31229E+01  1.68570E+02  2.00000E+01  5.25000E-02  5.25000E-02
b   9    3  9    5  99  1.48353E-01  1.40985E+00 -1.79269E+01  1.85876E+02  2.00000E+01  1.66300E-01  1.66300E-01
b   9    4  9    5  99  2.40023E-01  2.15670E-01  1.23562E+00 -3.81910E-01  2.01294E+00  1.13900E+00  1.13900E+00
b   9    1  9    6  99  1.25167E-01  1.99361E+00 -4.40343E+01  3.20324E+02  2.00000E+01  8.71500E-02  8.71500E-02
b   9    2  9    6  99  1.54917E-01  1.84940E+00 -2.40333E+01  1.77939E+02  2.00000E+01  2.69600E-02  2.69600E-02
b   9    3  9    6  99  1.71084E-01  1.68439E+00 -1.93055E+01  2.10774E+02  2.00000E+01  6.30600E-02  6.30600E-02
b   9    4  9    6  99  2.95991E-01  6.22933E-01  1.54917E+00 -5.61888E-01  2.12541E+00  1.96100E-01  1.96100E-01
b   9    5  9    6  99  2.51702E-01  1.45595E-01  1.95109E+00 -9.68844E-01  2.76895E+00  1.36300E+00  1.36300E+00
b   9    1  9    7  99  1.26158E-01  2.01493E+00 -4.43736E+01  3.22754E+02  2.00000E+01  5.60560E-02  5.60560E-02
b   9    2  9    7  99  1.59294E-01  1.93335E+00 -2.44478E+01  1.80359E+02  2.00000E+01  1.59500E-02  1.59500E-02
b   9    3  9    7  99  1.79991E-01  1.88381E+00 -1.97682E+01  2.11818E+02  2.00000E+01  3.18300E-02  3.18300E-02
b   9    4  9    7  99  3.24581E-01  9.39204E-01  1.65805E+00 -6.22627E-01  2.14090E+00  7.20100E-02  7.20100E-02
b   9    5  9    7  99  2.71555E-01  7.36767E-01  1.31134E+00 -4.28632E-01  2.11249E+00  2.25700E-01  2.25700E-01
b   9    6  9    7  99  2.54911E-01  1.13198E-01  2.48183E+00 -1.42820E+00  3.38218E+00  1.57000E+00  1.57000E+00
b   9    1  9    8  99  1.25565E-01  2.01306E+00 -4.35056E+01  3.08656E+02  2.00000E+01  3.82690E-02  3.82690E-02
b   9    2  9    8  99  1.62905E-01  1.98917E+00 -2.46904E+01  1.82237E+02  2.00000E+01  1.03100E-02  1.03100E-02
b   9    3  9    8  99  1.89445E-01  2.00783E+00 -2.00035E+01  2.17956E+02  2.00000E+01  1.87200E-02  1.87200E-02
b   9    4  9    8  99  3.40989E-01  1.18225E+00  1.64287E+00 -5.21963E-01  2.13320E+00  3.57800E-02  3.57800E-02
b   9    5  9    8  99  3.05037E-01  1.09088E+00  1.49999E+00 -5.39986E-01  2.17773E+00  8.11100E-02  8.11100E-02
b   9    6  9    8  99  2.87077E-01  6.76332E-01  2.08697E+00 -1.03740E+00  2.90398E+00  2.53700E-01  2.53700E-01
b   9    7  9    8  99  2.41114E-01  1.64833E-01  2.26330E+00 -1.27154E+00  3.36610E+00  1.77200E+00  1.77200E+00
b   9    1  9    9  99  1.25194E-01  2.00888E+00 -4.27699E+01  2.97418E+02  2.00000E+01  2.73070E-02  2.73070E-02
b   9    2  9    9  99  1.65249E-01  2.02363E+00 -2.44608E+01  1.78022E+02  2.00000E+01  7.09400E-03  7.09400E-03
b   9    3  9    9  99  1.96800E-01  2.09801E+00 -2.02368E+01  2.24741E+02  2.00000E+01  1.21000E-02  1.21000E-02
b   9    4  9    9  99  1.88098E-01  2.24123E+00 -1.71173E+01  1.84871E+02  2.00000E+01  2.08900E-02  2.08900E-02
b   9    5  9    9  99  3.25496E-01  1.37549E+00  1.58802E+00 -6.25732E-01  2.18971E+00  3.98100E-02  3.98100E-02
b   9    6  9    9  99  3.16342E-01  1.08771E+00  2.18336E+00 -1.03136E+00  2.92580E+00  8.98300E-02  8.98300E-02
b   9    7  9    9  99  2.92462E-01  6.48959E-01  2.64235E+00 -1.45256E+00  3.51349E+00  2.81300E-01  2.81300E-01
b   9    8  9    9  99  4.39655E-01  3.44948E-01  4.30031E+00 -7.14509E-01  4.07578E+00  1.04900E+00  1.04900E+00
b   9    1  9   10  98  0.00000E+00  0.00000E+00  0.00000E+00  0.00000E+00  0.00000E+00  1.99416E-01  3.98832E-03
b   9    2  9   10  99  9.59615E-02  1.40105E+00 -3.16816E+01  2.26355E+02  2.00000E+01  2.28820E+00  2.28820E+00
b   9    1  9   11  98  0.00000E+00  0.00000E+00  0.00000E+00  0.00000E+00  0.00000E+00  2.77110E-01  5.54220E-03
b   9    2  9   11  99  1.30201E-01  1.84866E+00 -5.25756E+01  5.06579E+02  2.00000E+01  6.33000E-01  6.33000E-01
b   9    3  9   11  99  9.59615E-02  1.40105E+00 -3.16816E+01  2.26355E+02  2.00000E+01  2.42280E+00  2.42280E+00
b   9   10  9   11  99  1.21163E-01  9.30896E-01 -1.99091E+01  2.20870E+02  2.00000E+01  1.38140E+00  1.38140E+00
b   9    1  9   12  98  0.00000E+00  0.00000E+00  0.00000E+00  0.00000E+00  0.00000E+00  3.93647E-01  7.87295E-03
b   9    2  9   12  99  1.22350E-01  1.80456E+00 -4.56587E+01  3.97249E+02  2.00000E+01  2.64000E-01  2.64000E-01
b   9    4  9   12  99  9.59615E-02  1.40105E+00 -3.16816E+01  2.26355E+02  2.00000E+01  2.42280E+00  2.42280E+00
b   9   10  9   12  99  1.15246E-01  1.34591E+00 -1.77276E+01  1.13388E+02  2.00000E+01  2.86800E-01  2.86800E-01
b   9   11  9   12  99  2.58518E-01  9.50383E-02  1.50466E+00 -5.32620E-01  2.09032E+00  9.44400E-01  9.44400E-01
b   9    1  9   13  98  0.00000E+00  0.00000E+00  0.00000E+00  0.00000E+00  0.00000E+00  5.41167E-01  1.08233E-02
b   9    2  9   13  99  1.27701E-01  1.99867E+00 -4.63782E+01  3.60066E+02  2.00000E+01  1.26300E-01  1.26300E-01
b   9    5  9   13  99  9.59615E-02  1.40105E+00 -3.16816E+01  2.26355E+02  2.00000E+01  2.42280E+00  2.42280E+00
b   9   10  9   13  99  1.46594E-01  1.72260E+00 -2.31229E+01  1.68570E+02  2.00000E+01  1.05000E-01  1.05000E-01
b   9   11  9   13  99  1.48353E-01  1.40985E+00 -1.79269E+01  1.85876E+02  2.00000E+01  1.66300E-01  1.66300E-01
b   9   12  9   13  99  2.40023E-01  2.15670E-01  1.23562E+00 -3.81910E-01  2.01294E+00  1.13900E+00  1.13900E+00
b   9    1  9   14  98  0.00000E+00  0.00000E+00  0.00000E+00  0.00000E+00  0.00000E+00  7.15768E-01  1.43154E-02
b   9    2  9   14  99  1.25167E-01  1.99361E+00 -4.40343E+01  3.20324E+02  2.00000E+01  7.47000E-02  7.47000E-02
b   9    6  9   14  99  9.59615E-02  1.40105E+00 -3.16816E+01  2.26355E+02  2.00000E+01  2.42280E+00  2.42280E+00
b   9   10  9   14  99  1.54917E-01  1.84940E+00 -2.40333E+01  1.77939E+02  2.00000E+01  5.39200E-02  5.39200E-02
b   9   11  9   14  99  1.71084E-01  1.68439E+00 -1.93055E+01  2.10774E+02  2.00000E+01  6.30600E-02  6.30600E-02
b   9   12  9   14  99  2.95991E-01  6.22933E-01  1.54917E+00 -5.61888E-01  2.12541E+00  1.96100E-01  1.96100E-01
b   9   13  9   14  99  2.51702E-01  1.45595E-01  1.95109E+00 -9.68844E-01  2.76895E+00  1.36300E+00  1.36300E+00
b   9    1  9   15  98  0.00000E+00  0.00000E+00  0.00000E+00  0.00000E+00  0.00000E+00  9.17450E-01  1.83490E-02
b   9    2  9   15  99  1.26158E-01  2.01493E+00 -4.43736E+01  3.22754E+02  2.00000E+01  4.80480E-02  4.80480E-02
b   9    7  9   15  99  9.59615E-02  1.40105E+00 -3.16816E+01  2.26355E+02  2.00000E+01  2.42280E+00  2.42280E+00
b   9   10  9   15  99  1.59294E-01  1.93335E+00 -2.44478E+01  1.80359E+02  2.00000E+01  3.19000E-02  3.19000E-02
b   9   11  9   15  99  1.79991E-01  1.88381E+00 -1.97682E+01  2.11818E+02  2.00000E+01  3.18300E-02  3.18300E-02
b   9   12  9   15  99  3.24581E-01  9.39204E-01  1.65805E+00 -6.22627E-01  2.14090E+00  7.20100E-02  7.20100E-02
b   9   13  9   15  99  2.71555E-01  7.36767E-01  1.31134E+00 -4.28632E-01  2.11249E+00  2.25700E-01  2.25700E-01
b   9   14  9   15  99  2.54911E-01  1.13198E-01  2.48183E+00 -1.42820E+00  3.38218E+00  1.57000E+00  1.57000E+00
b   9    1  9   16  98  0.00000E+00  0.00000E+00  0.00000E+00  0.00000E+00  0.00000E+00  1.14698E+00  2.29397E-02
b   9    2  9   16  99  1.25565E-01  2.01306E+00 -4.35056E+01  3.08656E+02  2.00000E+01  3.28020E-02  3.28020E-02
b   9    8  9   16  99  9.59615E-02  1.40105E+00 -3.16816E+01  2.26355E+02  2.00000E+01  2.42280E+00  2.42280E+00
b   9   10  9   16  99  1.62905E-01  1.98917E+00 -2.46904E+01  1.82237E+02  2.00000E+01  2.06200E-02  2.06200E-02
b   9   11  9   16  99  1.89445E-01  2.00783E+00 -2.00035E+01  2.17956E+02  2.00000E+01  1.87200E-02  1.87200E-02
b   9   12  9   16  99  3.40989E-01  1.18225E+00  1.64287E+00 -5.21963E-01  2.13320E+00  3.57800E-02  3.57800E-02
b   9   13  9   16  99  3.05037E-01  1.09088E+00  1.49999E+00 -5.39986E-01  2.17773E+00  8.11100E-02  8.11100E-02
b   9   14  9   16  99  2.87077E-01  6.76332E-01  2.08697E+00 -1.03740E+00  2.90398E+00  2.53700E-01  2.53700E-01
b   9   15  9   16  99  2.41114E-01  1.64833E-01  2.26330E+00 -1.27154E+00  3.36610E+00  1.77200E+00  1.77200E+00
b   9    1  9   17  98  0.00000E+00  0.00000E+00  0.00000E+00  0.00000E+00  0.00000E+00  1.40373E+00  2.80746E-02
b   9    2  9   17  99  1.25194E-01  2.00888E+00 -4.27699E+01  2.97418E+02  2.00000E+01  2.34060E-02  2.34060E-02
b   9    9  9   17  99  9.59615E-02  1.40105E+00 -3.16816E+01  2.26355E+02  2.00000E+01  2.42280E+00  2.42280E+00
b   9   10  9   17  99  1.65249E-01  2.02363E+00 -2.44608E+01  1.78022E+02  2.00000E+01  1.41880E-02  1.41880E-02
b   9   11  9   17  99  1.96800E-01  2.09801E+00 -2.02368E+01  2.24741E+02  2.00000E+01  1.21000E-02  1.21000E-02
b   9   12  9   17  99  1.88098E-01  2.24123E+00 -1.71173E+01  1.84871E+02  2.00000E+01  2.08900E-02  2.08900E-02
b   9   13  9   17  99  3.25496E-01  1.37549E+00  1.58802E+00 -6.25732E-01  2.18971E+00  3.98100E-02  3.98100E-02
b   9   14  9   17  99  3.16342E-01  1.08771E+00  2.18336E+00 -1.03136E+00  2.92580E+00  8.98300E-02  8.98300E-02
b   9   15  9   17  99  2.92462E-01  6.48959E-01  2.64235E+00 -1.45256E+00  3.51349E+00  2.81300E-01  2.81300E-01
b   9   16  9   17  99  4.39655E-01  3.44948E-01  4.30031E+00 -7.14509E-01  4.07578E+00  1.04900E+00  1.04900E+00
b   9    1  9   18  99  3.43404E-01  3.34697E-01 -5.78747E+00  2.83554E+01  4.21352E+00  7.32500E-02  7.32500E-02
b   9    1  9   19  99  3.24982E-01  5.37958E-01 -6.73542E+00  2.94729E+01  4.30780E+00  9.67600E-02  9.67600E-02
b   9    2  9   19  99  3.43404E-01  3.34697E-01 -5.78747E+00  2.83554E+01  4.21352E+00  1.46500E-01  1.46500E-01
b   9   18  9   19  99  9.59615E-02  1.40105E+00 -3.16816E+01  2.26355E+02  2.00000E+01  3.23040E+00  3.23040E+00
b   9    1  9   20  99  3.18125E-01  5.91583E-01 -6.95802E+00  2.95784E+01  4.33316E+00  3.56800E-02  3.56800E-02
b   9    3  9   20  99  3.43404E-01  3.34697E-01 -5.78747E+00  2.83554E+01  4.21352E+00  1.46500E-01  1.46500E-01
b   9   18  9   20  99  1.30201E-01  1.84866E+00 -5.25756E+01  5.06579E+02  2.00000E+01  8.44000E-01  8.44000E-01
b   9   19  9   20  99  1.21163E-01  9.30896E-01 -1.99091E+01  2.20870E+02  2.00000E+01  6.90700E-01  6.90700E-01
b   9    1  9   21  99  3.08607E-01  6.19351E-01 -7.07673E+00  2.96089E+01  4.37122E+00  1.71640E-02  1.71640E-02
b   9    4  9   21  99  3.43404E-01  3.34697E-01 -5.78747E+00  2.83554E+01  4.21352E+00  1.46500E-01  1.46500E-01
b   9   18  9   21  99  1.22350E-01  1.80456E+00 -4.56587E+01  3.97249E+02  2.00000E+01  3.52000E-01  3.52000E-01
b   9   19  9   21  99  1.15246E-01  1.34591E+00 -1.77276E+01  1.13388E+02  2.00000E+01  1.43400E-01  1.43400E-01
b   9   20  9   21  99  2.58518E-01  9.50383E-02  1.50466E+00 -5.32620E-01  2.09032E+00  9.44400E-01  9.44400E-01
b   9    1  9   22  99  3.30343E-01  6.76398E-01 -7.76056E+00  3.22752E+01  4.38319E+00  9.05000E-03  9.05000E-03
b   9    5  9   22  99  3.43404E-01  3.34697E-01 -5.78747E+00  2.83554E+01  4.21352E+00  1.46500E-01  1.46500E-01
b   9   18  9   22  99  1.27701E-01  1.99867E+00 -4.63782E+01  3.60066E+02  2.00000E+01  1.68400E-01  1.68400E-01
b   9   19  9   22  99  1.46594E-01  1.72260E+00 -2.31229E+01  1.68570E+02  2.00000E+01  5.25000E-02  5.25000E-02
b   9   20  9   22  99  1.48353E-01  1.40985E+00 -1.79269E+01  1.85876E+02  2.00000E+01  1.66300E-01  1.66300E-01
b   9   21  9   22  99  2.40023E-01  2.15670E-01  1.23562E+00 -3.81910E-01  2.01294E+00  1.13900E+00  1.13900E+00
b   9    1  9   23  99  3.25897E-01  6.92373E-01 -7.92678E+00  3.28992E+01  4.43145E+00  5.56800E-03  5.56800E-03
b   9    6  9   23  99  3.43404E-01  3.34697E-01 -5.78747E+00  2.83554E+01  4.21352E+00  1.46500E-01  1.46500E-01
b   9   18  9   23  99  1.25167E-01  1.99361E+00 -4.40343E+01  3.20324E+02  2.00000E+01  9.96000E-02  9.96000E-02
b   9   19  9   23  99  1.54917E-01  1.84940E+00 -2.40333E+01  1.77939E+02  2.00000E+01  2.69600E-02  2.69600E-02
b   9   20  9   23  99  1.71084E-01  1.68439E+00 -1.93055E+01  2.10774E+02  2.00000E+01  6.30600E-02  6.30600E-02
b   9   21  9   23  99  2.95991E-01  6.22933E-01  1.54917E+00 -5.61888E-01  2.12541E+00  1.96100E-01  1.96100E-01
b   9   22  9   23  99  2.51702E-01  1.45595E-01  1.95109E+00 -9.68844E-01  2.76895E+00  1.36300E+00  1.36300E+00
b   9    1  9   24  99  3.24609E-01  6.90904E-01 -7.86574E+00  3.25604E+01  4.42106E+00  3.66800E-03  3.66800E-03
b   9    7  9   24  99  3.43404E-01  3.34697E-01 -5.78747E+00  2.83554E+01  4.21352E+00  1.46500E-01  1.46500E-01
b   9   18  9   24  99  1.26158E-01  2.01493E+00 -4.43736E+01  3.22754E+02  2.00000E+01  6.40640E-02  6.40640E-02
b   9   19  9   24  99  1.59294E-01  1.93335E+00 -2.44478E+01  1.80359E+02  2.00000E+01  1.59500E-02  1.59500E-02
b   9   20  9   24  99  1.79991E-01  1.88381E+00 -1.97682E+01  2.11818E+02  2.00000E+01  3.18300E-02  3.18300E-02
b   9   21  9   24  99  3.24581E-01  9.39204E-01  1.65805E+00 -6.22627E-01  2.14090E+00  7.20100E-02  7.20100E-02
b   9   22  9   24  99  2.71555E-01  7.36767E-01  1.31134E+00 -4.28632E-01  2.11249E+00  2.25700E-01  2.25700E-01
b   9   23  9   24  99  2.54911E-01  1.13198E-01  2.48183E+00 -1.42820E+00  3.38218E+00  1.57000E+00  1.57000E+00
b   9    1  9   25  99  3.25874E-01  6.75536E-01 -7.62554E+00  3.14646E+01  4.36286E+00  2.54400E-03  2.54400E-03
b   9    8  9   25  99  3.43404E-01  3.34697E-01 -5.78747E+00  2.83554E+01  4.21352E+00  1.46500E-01  1.46500E-01
b   9   18  9   25  99  1.25565E-01  2.01306E+00 -4.35056E+01  3.08656E+02  2.00000E+01  4.37360E-02  4.37360E-02
b   9   19  9   25  99  1.62905E-01  1.98917E+00 -2.46904E+01  1.82237E+02  2.00000E+01  1.03100E-02  1.03100E-02
b   9   20  9   25  99  1.89445E-01  2.00783E+00 -2.00035E+01  2.17956E+02  2.00000E+01  1.87200E-02  1.87200E-02
b   9   21  9   25  99  3.40989E-01  1.18225E+00  1.64287E+00 -5.21963E-01  2.13320E+00  3.57800E-02  3.57800E-02
b   9   22  9   25  99  3.05037E-01  1.09088E+00  1.49999E+00 -5.39986E-01  2.17773E+00  8.11100E-02  8.11100E-02
b   9   23  9   25  99  2.87077E-01  6.76332E-01  2.08697E+00 -1.03740E+00  2.90398E+00  2.53700E-01  2.53700E-01
b   9   24  9   25  99  2.41114E-01  1.64833E-01  2.26330E+00 -1.27154E+00  3.36610E+00  1.77200E+00  1.77200E+00
b   9    1  9   26  99  3.19098E-01  7.04516E-01 -7.92572E+00  3.25449E+01  4.43952E+00  1.83380E-03  1.83380E-03
b   9    9  9   26  99  3.43404E-01  3.34697E-01 -5.78747E+00  2.83554E+01  4.21352E+00  1.46500E-01  1.46500E-01
b   9   18  9   26  99  1.25194E-01  2.00888E+00 -4.27699E+01  2.97418E+02  2.00000E+01  3.12080E-02  3.12080E-02
b   9   19  9   26  99  1.65249E-01  2.02363E+00 -2.44608E+01  1.78022E+02  2.00000E+01  7.09400E-03  7.09400E-03
b   9   20  9   26  99  1.96800E-01  2.09801E+00 -2.02368E+01  2.24741E+02  2.00000E+01  1.21000E-02  1.21000E-02
b   9   21  9   26  99  1.88098E-01  2.24123E+00 -1.71173E+01  1.84871E+02  2.00000E+01  2.08900E-02  2.08900E-02
b   9   22  9   26  99  3.25496E-01  1.37549E+00  1.58802E+00 -6.25732E-01  2.18971E+00  3.98100E-02  3.98100E-02
b   9   23  9   26  99  3.16342E-01  1.08771E+00  2.18336E+00 -1.03136E+00  2.92580E+00  8.98300E-02  8.98300E-02
b   9   24  9   26  99  2.92462E-01  6.48959E-01  2.64235E+00 -1.45256E+00  3.51349E+00  2.81300E-01  2.81300E-01
b   9   25  9   26  99  4.39655E-01  3.44948E-01  4.30031E+00 -7.14509E-01  4.07578E+00  1.04900E+00  1.04900E+00
f   9    1  8    1  99  7.00000E+00  1.73126E+01
p   9    1  8    1  98  1.57090E+00 -2.52300E+00 -1.10460E-01  9.09870E-03  7.00000E+00  8.29100E+02  8.62200E+02  1.65800E+04
f   9    2  8    1  99  1.00000E+00  1.36080E+01
p   9    2  8    1  99  1.00000E+00  1.36080E+01
f   9    3  8    1  99  1.00000E+00  1.31760E+01
p   9    3  8    1  99  1.00000E+00  1.31760E+01
f   9    4  8    1  99  1.00000E+00  1.30186E+01
p   9    4  8    1  99  1.00000E+00  1.30186E+01
f   9    5  8    1  99  1.00000E+00  1.30780E+01
p   9    5  8    1  99  1.00000E+00  1.30780E+01
f   9    6  8    1  99  1.00000E+00  1.30620E+01
p   9    6  8    1  99  1.00000E+00  1.30620E+01
f   9    7  8    1  99  1.00000E+00  1.30062E+01
p   9    7  8    1  99  1.00000E+00  1.30062E+01
f   9    8  8    1  99  1.00000E+00  1.30062E+01
p   9    8  8    1  99  1.00000E+00  1.30062E+01
f   9    9  8    1  99  1.00000E+00  1.30008E+01
p   9    9  8    1  99  1.00000E+00  1.30008E+01
f   9    2  8    2  99  6.00000E+00  1.36080E+01
p   9    2  8    2  98  1.57090E+00 -2.52300E+00 -1.10460E-01  9.09870E-03  7.00000E+00  8.29100E+02  8.62200E+02  1.65800E+04
f   9   10  8    2  99  2.00000E+00  1.41720E+01
p   9   10  8    2  99  2.00000E+00  1.41720E+01
f   9   11  8    2  99  1.00000E+00  1.32327E+01
p   9   11  8    2  99  1.00000E+00  1.32327E+01
f   9   12  8    2  99  1.00000E+00  1.30369E+01
p   9   12  8    2  99  1.00000E+00  1.30369E+01
f   9   13  8    2  99  1.00000E+00  1.30840E+01
p   9   13  8    2  99  1.00000E+00  1.30840E+01
f   9   14  8    2  99  1.00000E+00  1.30660E+01
p   9   14  8    2  99  1.00000E+00  1.30660E+01
f   9   15  8    2  99  1.00000E+00  1.30152E+01
p   9   15  8    2  99  1.00000E+00  1.30152E+01
f   9   16  8    2  99  1.00000E+00  1.30132E+01
p   9   16  8    2  99  1.00000E+00  1.30132E+01
f   9   17  8    2  99  1.00000E+00  1.30008E+01
p   9   17  8    2  99  1.00000E+00  1.30008E+01
f   9    3  8    3  99  6.00000E+00  1.31760E+01
p   9    3  8    3  98  1.57090E+00 -2.52300E+00 -1.10460E-01  9.09870E-03  7.00000E+00  8.29100E+02  8.62200E+02  1.65800E+04
f   9   11  8    3  99  1.00000E+00  1.32327E+01
p   9   11  8    3  99  1.00000E+00  1.32327E+01
f   9    4  8    4  99  6.00000E+00  1.30186E+01
p   9    4  8    4  98  1.57090E+00 -2.52300E+00 -1.10460E-01  9.09870E-03  7.00000E+00  8.29100E+02  8.62200E+02  1.65800E+04
f   9   12  8    4  99  1.00000E+00  1.30369E+01
p   9   12  8    4  99  1.00000E+00  1.30369E+01
f   9    5  8    5  99  6.00000E+00  1.30780E+01
p   9    5  8    5  98  1.57090E+00 -2.52300E+00 -1.10460E-01  9.09870E-03  7.00000E+00  8.29100E+02  8.62200E+02  1.65800E+04
f   9   13  8    5  99  1.00000E+00  1.30840E+01
p   9   13  8    5  99  1.00000E+00  1.30840E+01
f   9    6  8    6  99  6.00000E+00  1.30620E+01
p   9    6  8    6  98  1.57090E+00 -2.52300E+00 -1.10460E-01  9.09870E-03  7.00000E+00  8.29100E+02  8.62200E+02  1.65800E+04
f   9   14  8    6  99  1.00000E+00  1.30660E+01
p   9   14  8    6  99  1.00000E+00  1.30660E+01
f   9    7  8    7  99  6.00000E+00  1.30062E+01
p   9    7  8    7  98  1.57090E+00 -2.52300E+00 -1.10460E-01  9.09870E-03  7.00000E+00  8.29100E+02  8.62200E+02  1.65800E+04
f   9   15  8    7  99  1.00000E+00  1.30152E+01
p   9   15  8    7  99  1.00000E+00  1.30152E+01
f   9    8  8    8  99  6.00000E+00  1.30062E+01
p   9    8  8    8  98  1.57090E+00 -2.52300E+00 -1.10460E-01  9.09870E-03  7.00000E+00  8.29100E+02  8.62200E+02  1.65800E+04
f   9   16  8    8  99  1.00000E+00  1.30132E+01
p   9   16  8    8  99  1.00000E+00  1.30132E+01
f   9    9  8    9  99  6.00000E+00  1.30008E+01
p   9    9  8    9  98  1.57090E+00 -2.52300E+00 -1.10460E-01  9.09870E-03  7.00000E+00  8.29100E+02  8.62200E+02  1.65800E+04
f   9   17  8    9  99  1.00000E+00  1.30008E+01
p   9   17  8    9  99  1.00000E+00  1.30008E+01
f   9   10  8   10  99  5.00000E+00  1.41720E+01
p   9   10  8   10  98  1.57090E+00 -2.52300E+00 -1.10460E-01  9.09870E-03  7.00000E+00  8.29100E+02  8.62200E+02  1.65800E+04
f   9   11  8   11  99  5.00000E+00  1.32327E+01
p   9   11  8   11  98  1.57090E+00 -2.52300E+00 -1.10460E-01  9.09870E-03  7.00000E+00  8.29100E+02  8.62200E+02  1.65800E+04
f   9   12  8   12  99  5.00000E+00  1.30369E+01
p   9   12  8   12  98  1.57090E+00 -2.52300E+00 -1.10460E-01  9.09870E-03  7.00000E+00  8.29100E+02  8.62200E+02  1.65800E+04
f   9   13  8   13  99  5.00000E+00  1.30840E+01
p   9   13  8   13  98  1.57090E+00 -2.52300E+00 -1.10460E-01  9.09870E-03  7.00000E+00  8.29100E+02  8.62200E+02  1.65800E+04
f   9   14  8   14  99  5.00000E+00  1.30660E+01
p   9   14  8   14  98  1.57090E+00 -2.52300E+00 -1.10460E-01  9.09870E-03  7.00000E+00  8.29100E+02  8.62200E+02  1.65800E+04
f   9   15  8   15  99  5.00000E+00  1.30152E+01
p   9   15  8   15  98  1.57090E+00 -2.52300E+00 -1.10460E-01  9.09870E-03  7.00000E+00  8.29100E+02  8.62200E+02  1.65800E+04
f   9   16  8   16  99  5.00000E+00  1.30132E+01
p   9   16  8   16  98  1.57090E+00 -2.52300E+00 -1.10460E-01  9.09870E-03  7.00000E+00  8.29100E+02  8.62200E+02  1.65800E+04
f   9   17  8   17  99  5.00000E+00  1.30008E+01
p   9   17  8   17  98  1.57090E+00 -2.52300E+00 -1.10460E-01  9.09870E-03  7.00000E+00  8.29100E+02  8.62200E+02  1.65800E+04
f   9    1  8   18  99  2.00000E+00  1.73126E+01
p   9    1  8   18  98  2.08410E+00 -2.52020E+00 -1.85400E-01  1.85530E-02  2.00000E+00  4.85000E+03  5.04400E+03  9.69900E+04
f   9   18  8   18  99  8.00000E+00  1.79487E+01
p   9   18  8   18  98  1.57090E+00 -2.52300E+00 -1.10460E-01  9.09870E-03  7.00000E+00  8.29100E+02  8.62200E+02  1.65800E+04
f   9   19  8   18  99  1.00000E+00  1.36880E+01
p   9   19  8   18  99  1.00000E+00  1.36880E+01
f   9   20  8   18  99  1.00000E+00  1.31992E+01
p   9   20  8   18  99  1.00000E+00  1.31992E+01
f   9   21  8   18  99  1.00000E+00  1.30177E+01
p   9   21  8   18  99  1.00000E+00  1.30177E+01
f   9   22  8   18  99  1.00000E+00  1.30870E+01
p   9   22  8   18  99  1.00000E+00  1.30870E+01
f   9   23  8   18  99  1.00000E+00  1.30710E+01
p   9   23  8   18  99  1.00000E+00  1.30710E+01
f   9   24  8   18  99  1.00000E+00  1.30071E+01
p   9   24  8   18  99  1.00000E+00  1.30071E+01
f   9   25  8   18  99  1.00000E+00  1.30071E+01
p   9   25  8   18  99  1.00000E+00  1.30071E+01
f   9   26  8   18  99  1.00000E+00  1.30008E+01
p   9   26  8   18  99  1.00000E+00  1.30008E+01
f   9    2  8   19  99  2.00000E+00  1.36080E+01
p   9    2  8   19  98  2.08410E+00 -2.52020E+00 -1.85400E-01  1.85530E-02  2.00000E+00  4.85000E+03  5.04400E+03  9.69900E+04
f   9   19  8   19  99  7.00000E+00  1.36880E+01
p   9   19  8   19  98  1.57090E+00 -2.52300E+00 -1.10460E-01  9.09870E-03  7.00000E+00  8.29100E+02  8.62200E+02  1.65800E+04
f   9    3  8   20  99  2.00000E+00  1.31760E+01
p   9    3  8   20  98  2.08410E+00 -2.52020E+00 -1.85400E-01  1.85530E-02  2.00000E+00  4.85000E+03  5.04400E+03  9.69900E+04
f   9   20  8   20  99  7.00000E+00  1.31992E+01
p   9   20  8   20  98  1.57090E+00 -2.52300E+00 -1.10460E-01  9.09870E-03  7.00000E+00  8.29100E+02  8.62200E+02  1.65800E+04
f   9    4  8   21  99  2.00000E+00  1.30186E+01
p   9    4  8   21  98  2.08410E+00 -2.52020E+00 -1.85400E-01  1.85530E-02  2.00000E+00  4.85000E+03  5.04400E+03  9.69900E+04
f   9   21  8   21  99  7.00000E+00  1.30177E+01
p   9   21  8   21  98  1.57090E+00 -2.52300E+00 -1.10460E-01  9.09870E-03  7.00000E+00  8.29100E+02  8.62200E+02  1.65800E+04
f   9    5  8   22  99  2.00000E+00  1.30780E+01
p   9    5  8   22  98  2.08410E+00 -2.52020E+00 -1.85400E-01  1.85530E-02  2.00000E+00  4.85000E+03  5.04400E+03  9.69900E+04
f   9   22  8   22  99  7.00000E+00  1.30870E+01
p   9   22  8   22  98  1.57090E+00 -2.52300E+00 -1.10460E-01  9.09870E-03  7.00000E+00  8.29100E+02  8.62200E+02  1.65800E+04
f   9    6  8   23  99  2.00000E+00  1.30620E+01
p   9    6  8   23  98  2.08410E+00 -2.52020E+00 -1.85400E-01  1.85530E-02  2.00000E+00  4.85000E+03  5.04400E+03  9.69900E+04
f   9   23  8   23  99  7.00000E+00  1.30710E+01
p   9   23  8   23  98  1.57090E+00 -2.52300E+00 -1.10460E-01  9.09870E-03  7.00000E+00  8.29100E+02  8.62200E+02  1.65800E+04
f   9    7  8   24  99  2.00000E+00  1.30062E+01
p   9    7  8   24  98  2.08410E+00 -2.52020E+00 -1.85400E-01  1.85530E-02  2.00000E+00  4.85000E+03  5.04400E+03  9.69900E+04
f   9   24  8   24  99  7.00000E+00  1.30071E+01
p   9   24  8   24  98  1.57090E+00 -2.52300E+00 -1.10460E-01  9.09870E-03  7.00000E+00  8.29100E+02  8.62200E+02  1.65800E+04
f   9    8  8   25  99  2.00000E+00  1.30062E+01
p   9    8  8   25  98  2.08410E+00 -2.52020E+00 -1.85400E-01  1.85530E-02  2.00000E+00  4.85000E+03  5.04400E+03  9.69900E+04
f   9   25  8   25  99  7.00000E+00  1.30071E+01
p   9   25  8   25  98  1.57090E+00 -2.52300E+00 -1.10460E-01  9.09870E-03  7.00000E+00  8.29100E+02  8.62200E+02  1.65800E+04
f   9    9  8   26  99  2.00000E+00  1.30008E+01
p   9    9  8   26  98  2.08410E+00 -2.52020E+00 -1.85400E-01  1.85530E-02  2.00000E+00  4.85000E+03  5.04400E+03  9.69900E+04
f   9   26  8   26  99  7.00000E+00  1.30008E+01
p   9   26  8   26  98  1.57090E+00 -2.52300E+00 -1.10460E-01  9.09870E-03  7.00000E+00  8.29100E+02  8.62200E+02  1.65800E+04
a   9   10  8    1   5.98410E+13
a   9   11  8    1   1.08292E+13
a   9   12  8    1   3.39322E+12
a   9   13  8    1   1.34899E+12
a   9   14  8    1   6.24128E+11
a   9   15  8    1   3.20119E+11
a   9   16  8    1   1.77649E+11
a   9   17  8    1   1.04897E+11
a   9   18  8    1   9.63284E+14
a   9   19  8    1   1.91944E+13
a   9   20  8    1   4.03235E+12
a   9   21  8    1   1.24537E+12
a   9   22  8    1   4.84330E+11
a   9   23  8    1   2.24088E+11
a   9   24  8    1   1.14936E+11
a   9   25  8    1   6.37805E+10
a   9   26  8    1   3.76635E+10
a   9   19  8    2   7.22463E+14
a   9   20  8    3   7.22463E+14
a   9   21  8    4   7.22463E+14
a   9   22  8    5   7.22463E+14
a   9   23  8    6   7.22463E+14
a   9   24  8    7   7.22463E+14
a   9   25  8    8   7.22463E+14
a   9   26  8    9   7.22463E+14
b  10    1 10    2  99  9.25749E-02  1.30350E+00 -2.59928E+01  1.54592E+02  2.00000E+01  2.92480E+00  2.92480E+00
b  10    1 10    3  99  1.40034E-01  1.86112E+00 -5.69992E+01  5.91331E+02  2.00000E+01  8.08000E-01  8.08000E-01
b  10    2 10    3  99  1.19188E-01  9.18340E-01 -1.85721E+01  2.03612E+02  2.00000E+01  6.68700E-01  6.68700E-01
b  10    1 10    4  99  1.30887E-01  1.81397E+00 -5.03633E+01  4.85506E+02  2.00000E+01  3.43920E-01  3.43920E-01
b  10    2 10    4  99  1.14224E-01  1.31681E+00 -1.60050E+01  9.54043E+01  2.00000E+01  1.40100E-01  1.40100E-01
b  10    3 10    4  99  2.50276E-01  1.31050E-01  1.40558E+00 -4.79720E-01  2.07238E+00  9.33100E-01  9.33100E-01
b  10    1 10    5  99  1.36493E-01  2.01177E+00 -5.17419E+01  4.58390E+02  2.00000E+01  1.65120E-01  1.65120E-01
b  10    2 10    5  99  1.44833E-01  1.70144E+00 -2.12393E+01  1.46304E+02  2.00000E+01  5.13300E-02  5.13300E-02
b  10    3 10    5  99  1.44503E-01  1.41374E+00 -1.66073E+01  1.64656E+02  2.00000E+01  1.63700E-01  1.63700E-01
b  10    4 10    5  99  2.69117E-01  9.42497E-02  2.15777E+00 -1.09016E+00  2.78652E+00  1.13300E+00  1.13300E+00
b  10    1 10    6  99  1.37113E-01  2.03077E+00 -5.16783E+01  4.54330E+02  2.00000E+01  9.81600E-02  9.81600E-02
b  10    2 10    6  99  1.51570E-01  1.83008E+00 -2.20456E+01  1.51515E+02  2.00000E+01  2.64600E-02  2.64600E-02
b  10    3 10    6  99  1.66062E-01  1.69704E+00 -1.82540E+01  1.92059E+02  2.00000E+01  6.21400E-02  6.21400E-02
b  10    4 10    6  99  2.88931E-01  6.59651E-01  1.46535E+00 -5.27414E-01  2.09299E+00  1.94100E-01  1.94100E-01
b  10    5 10    6  99  2.45296E-01  1.79661E-01  1.83502E+00 -8.79382E-01  2.74331E+00  1.36000E+00  1.36000E+00
b  10    1 10    7  99  1.33414E-01  2.00014E+00 -4.85858E+01  4.06748E+02  2.00000E+01  6.33360E-02  6.33360E-02
b  10    2 10    7  99  1.58110E-01  1.90517E+00 -2.25929E+01  1.59690E+02  2.00000E+01  1.56900E-02  1.56900E-02
b  10    3 10    7  99  1.78725E-01  1.88062E+00 -1.88396E+01  2.02302E+02  2.00000E+01  3.14100E-02  3.14100E-02
b  10    4 10    7  99  3.18386E-01  9.72752E-01  1.60980E+00 -5.85965E-01  2.16076E+00  7.12600E-02  7.12600E-02
b  10    5 10    7  99  2.96978E-01  6.29921E-01  2.18655E+00 -1.05016E+00  2.90941E+00  2.24300E-01  2.24300E-01
b  10    6 10    7  99  2.49404E-01  1.44841E-01  2.36527E+00 -1.34502E+00  3.35711E+00  1.56800E+00  1.56800E+00
b  10    1 10    8  99  1.32159E-01  1.99783E+00 -4.76624E+01  3.90945E+02  2.00000E+01  4.33280E-02  4.33280E-02
b  10    2 10    8  99  1.62794E-01  1.95952E+00 -2.31784E+01  1.68971E+02  2.00000E+01  1.01600E-02  1.01600E-02
b  10    3 10    8  99  1.87562E-01  2.00662E+00 -1.91058E+01  2.07827E+02  2.00000E+01  1.84900E-02  1.84900E-02
b  10    4 10    8  99  3.34386E-01  1.21521E+00  1.61733E+00 -5.56501E-01  2.14299E+00  3.54200E-02  3.54200E-02
b  10    5 10    8  99  2.93183E-01  1.14622E+00  1.31155E+00 -4.55516E-01  2.05593E+00  8.05300E-02  8.05300E-02
b  10    6 10    8  99  2.83009E-01  6.98273E-01  2.06227E+00 -1.01034E+00  2.94315E+00  2.52700E-01  2.52700E-01
b  10    7 10    8  99  2.39275E-01  1.77721E-01  2.34287E+00 -3.90763E-01  4.04776E+00  1.77200E+00  1.77200E+00
b  10    1 10    9  99  1.32809E-01  1.99587E+00 -4.74205E+01  3.88599E+02  2.00000E+01  3.09600E-02  3.09600E-02
b  10    2 10    9  99  1.61023E-01  2.01104E+00 -2.30456E+01  1.59282E+02  2.00000E+01  6.99700E-03  6.99700E-03
b  10    3 10    9  99  1.90496E-01  2.11616E+00 -1.94541E+01  2.08550E+02  2.00000E+01  1.19600E-02  1.19600E-02
b  10    4 10    9  99  3.45894E-01  1.39518E+00  1.65097E+00 -5.71156E-01  2.16930E+00  2.06800E-02  2.06800E-02
b  10    5 10    9  99  3.21898E-01  1.39694E+00  1.59847E+00 -6.22445E-01  2.25694E+00  3.95200E-02  3.95200E-02
b  10    6 10    9  99  3.11381E-01  1.11438E+00  2.13607E+00 -9.88963E-01  2.95492E+00  8.93700E-02  8.93700E-02
b  10    7 10    9  99  2.87027E-01  6.76964E-01  2.56570E+00 -1.45007E+00  3.51456E+00  2.80500E-01  2.80500E-01
b  10    8 10    9  99  4.09639E-01  3.72550E-01  3.89948E+00 -5.79716E-01  4.04487E+00  1.10600E+00  1.10600E+00
b  10    1 10   10  98  0.00000E+00  0.00000E+00  0.00000E+00  0.00000E+00  0.00000E+00  4.84527E-01  9.69055E-03
b  10    2 10   10  99  9.25749E-02  1.30350E+00 -2.59928E+01  1.54592E+02  2.00000E+01  2.41702E+00  2.41702E+00
b  10    1 10   11  98  0.00000E+00  0.00000E+00  0.00000E+00  0.00000E+00  0.00000E+00  6.77720E-01  1.35544E-02
b  10    2 10   11  99  1.40034E-01  1.86112E+00 -5.69992E+01  5.91331E+02  2.00000E+01  7.07000E-01  7.07000E-01
b  10    3 10   11  99  9.25749E-02  1.30350E+00 -2.59928E+01  1.54592E+02  2.00000E+01  2.55920E+00  2.55920E+00
b  10   10 10   11  99  1.19188E-01  9.18340E-01 -1.85721E+01  2.03612E+02  2.00000E+01  1.33740E+00  1.33740E+00
b  10    1 10   12  98  0.00000E+00  0.00000E+00  0.00000E+00  0.00000E+00  0.00000E+00  9.68518E-01  1.93704E-02
b  10    2 10   12  99  1.30887E-01  1.81397E+00 -5.03633E+01  4.85506E+02  2.00000E+01  3.00930E-01  3.00930E-01
b  10    4 10   12  99  9.25749E-02  1.30350E+00 -2.59928E+01  1.54592E+02  2.00000E+01  2.55920E+00  2.55920E+00
b  10   10 10   12  99  1.14224E-01  1.31681E+00 -1.60050E+01  9.54043E+01  2.00000E+01  2.80200E-01  2.80200E-01
b  10   11 10   12  99  2.50276E-01  1.31050E-01  1.40558E+00 -4.79720E-01  2.07238E+00  9.33100E-01  9.33100E-01
b  10    1 10   13  98  0.00000E+00  0.00000E+00  0.00000E+00  0.00000E+00  0.00000E+00  1.33645E+00  2.67291E-02
b  10    2 10   13  99  1.36493E-01  2.01177E+00 -5.17419E+01  4.58390E+02  2.00000E+01  1.44480E-01  1.44480E-01
b  10    5 10   13  99  9.25749E-02  1.30350E+00 -2.59928E+01  1.54592E+02  2.00000E+01  2.55920E+00  2.55920E+00
b  10   10 10   13  99  1.44833E-01  1.70144E+00 -2.12393E+01  1.46304E+02  2.00000E+01  1.02660E-01  1.02660E-01
b  10   11 10   13  99  1.44503E-01  1.41374E+00 -1.66073E+01  1.64656E+02  2.00000E+01  1.63700E-01  1.63700E-01
b  10   12 10   13  99  2.69117E-01  9.42497E-02  2.15777E+00 -1.09016E+00  2.78652E+00  1.13300E+00  1.13300E+00
b  10    1 10   14  98  0.00000E+00  0.00000E+00  0.00000E+00  0.00000E+00  0.00000E+00  1.77119E+00  3.54239E-02
b  10    2 10   14  99  1.37113E-01  2.03077E+00 -5.16783E+01  4.54330E+02  2.00000E+01  8.58900E-02  8.58900E-02
b  10    6 10   14  99  9.25749E-02  1.30350E+00 -2.59928E+01  1.54592E+02  2.00000E+01  2.55920E+00  2.55920E+00
b  10   10 10   14  99  1.51570E-01  1.83008E+00 -2.20456E+01  1.51515E+02  2.00000E+01  5.29200E-02  5.29200E-02
b  10   11 10   14  99  1.66062E-01  1.69704E+00 -1.82540E+01  1.92059E+02  2.00000E+01  6.21400E-02  6.21400E-02
b  10   12 10   14  99  2.88931E-01  6.59651E-01  1.46535E+00 -5.27414E-01  2.09299E+00  1.94100E-01  1.94100E-01
b  10   13 10   14  99  2.45296E-01  1.79661E-01  1.83502E+00 -8.79382E-01  2.74331E+00  1.36000E+00  1.36000E+00
b  10    1 10   15  98  0.00000E+00  0.00000E+00  0.00000E+00  0.00000E+00  0.00000E+00  2.27301E+00  4.54602E-02
b  10    2 10   15  99  1.33414E-01  2.00014E+00 -4.85858E+01  4.06748E+02  2.00000E+01  5.54190E-02  5.54190E-02
b  10    7 10   15  99  9.25749E-02  1.30350E+00 -2.59928E+01  1.54592E+02  2.00000E+01  2.55920E+00  2.55920E+00
b  10   10 10   15  99  1.58110E-01  1.90517E+00 -2.25929E+01  1.59690E+02  2.00000E+01  3.13800E-02  3.13800E-02
b  10   11 10   15  99  1.78725E-01  1.88062E+00 -1.88396E+01  2.02302E+02  2.00000E+01  3.14100E-02  3.14100E-02
b  10   12 10   15  99  3.18386E-01  9.72752E-01  1.60980E+00 -5.85965E-01  2.16076E+00  7.12600E-02  7.12600E-02
b  10   13 10   15  99  2.96978E-01  6.29921E-01  2.18655E+00 -1.05016E+00  2.90941E+00  2.24300E-01  2.24300E-01
b  10   14 10   15  99  2.49404E-01  1.44841E-01  2.36527E+00 -1.34502E+00  3.35711E+00  1.56800E+00  1.56800E+00
b  10    1 10   16  98  0.00000E+00  0.00000E+00  0.00000E+00  0.00000E+00  0.00000E+00  2.84422E+00  5.68845E-02
b  10    2 10   16  99  1.32159E-01  1.99783E+00 -4.76624E+01  3.90945E+02  2.00000E+01  3.79120E-02  3.79120E-02
b  10    8 10   16  99  9.25749E-02  1.30350E+00 -2.59928E+01  1.54592E+02  2.00000E+01  2.55920E+00  2.55920E+00
b  10   10 10   16  99  1.62794E-01  1.95952E+00 -2.31784E+01  1.68971E+02  2.00000E+01  2.03200E-02  2.03200E-02
b  10   11 10   16  99  1.87562E-01  2.00662E+00 -1.91058E+01  2.07827E+02  2.00000E+01  1.84900E-02  1.84900E-02
b  10   12 10   16  99  3.34386E-01  1.21521E+00  1.61733E+00 -5.56501E-01  2.14299E+00  3.54200E-02  3.54200E-02
b  10   13 10   16  99  2.93183E-01  1.14622E+00  1.31155E+00 -4.55516E-01  2.05593E+00  8.05300E-02  8.05300E-02
b  10   14 10   16  99  2.83009E-01  6.98273E-01  2.06227E+00 -1.01034E+00  2.94315E+00  2.52700E-01  2.52700E-01
b  10   15 10   16  99  2.39275E-01  1.77721E-01  2.34287E+00 -3.90763E-01  4.04776E+00  1.77200E+00  1.77200E+00
b  10    1 10   17  98  0.00000E+00  0.00000E+00  0.00000E+00  0.00000E+00  0.00000E+00  3.48307E+00  6.96613E-02
b  10    2 10   17  99  1.32809E-01  1.99587E+00 -4.74205E+01  3.88599E+02  2.00000E+01  2.70900E-02  2.70900E-02
b  10    9 10   17  99  9.25749E-02  1.30350E+00 -2.59928E+01  1.54592E+02  2.00000E+01  2.55920E+00  2.55920E+00
b  10   10 10   17  99  1.61023E-01  2.01104E+00 -2.30456E+01  1.59282E+02  2.00000E+01  1.39940E-02  1.39940E-02
b  10   11 10   17  99  1.90496E-01  2.11616E+00 -1.94541E+01  2.08550E+02  2.00000E+01  1.19600E-02  1.19600E-02
b  10   12 10   17  99  3.45894E-01  1.39518E+00  1.65097E+00 -5.71156E-01  2.16930E+00  2.06800E-02  2.06800E-02
b  10   13 10   17  99  3.21898E-01  1.39694E+00  1.59847E+00 -6.22445E-01  2.25694E+00  3.95200E-02  3.95200E-02
b  10   14 10   17  99  3.11381E-01  1.11438E+00  2.13607E+00 -9.88963E-01  2.95492E+00  8.93700E-02  8.93700E-02
b  10   15 10   17  99  2.87027E-01  6.76964E-01  2.56570E+00 -1.45007E+00  3.51456E+00  2.80500E-01  2.80500E-01
b  10   16 10   17  99  4.09639E-01  3.72550E-01  3.89948E+00 -5.79716E-01  4.04487E+00  1.10600E+00  1.10600E+00
b  10    1 10   18  99  3.32059E-01  5.04033E-01 -6.54356E+00  2.91604E+01  4.27274E+00  8.86400E-02  8.86400E-02
b  10    2 10   18  99  3.36487E-01  2.96087E-01 -5.43064E+00  2.71255E+01  4.19195E+00  7.21000E-02  7.21000E-02
b  10    1 10   19  99  3.23602E-01  5.55201E-01 -6.74979E+00  2.91933E+01  4.29835E+00  3.25400E-02  3.25400E-02
b  10    3 10   19  99  3.36487E-01  2.96087E-01 -5.43064E+00  2.71255E+01  4.19195E+00  7.21000E-02  7.21000E-02
b  10   18 10   19  99  1.19188E-01  9.18340E-01 -1.85721E+01  2.03612E+02  2.00000E+01  6.68700E-01  6.68700E-01
b  10    1 10   20  99  3.16209E-01  5.71914E-01 -6.78650E+00  2.90085E+01  4.31742E+00  1.56100E-02  1.56100E-02
b  10    4 10   20  99  3.36487E-01  2.96087E-01 -5.43064E+00  2.71255E+01  4.19195E+00  7.21000E-02  7.21000E-02
b  10   18 10   20  99  1.14224E-01  1.31681E+00 -1.60050E+01  9.54043E+01  2.00000E+01  1.40100E-01  1.40100E-01
b  10   19 10   20  99  2.50276E-01  1.31050E-01  1.40558E+00 -4.79720E-01  2.07238E+00  9.33100E-01  9.33100E-01
b  10    1 10   21  99  3.30796E-01  6.50947E-01 -7.66876E+00  3.22864E+01  4.38408E+00  8.21600E-03  8.21600E-03
b  10    5 10   21  99  3.36487E-01  2.96087E-01 -5.43064E+00  2.71255E+01  4.19195E+00  7.21000E-02  7.21000E-02
b  10   18 10   21  99  1.44833E-01  1.70144E+00 -2.12393E+01  1.46304E+02  2.00000E+01  5.13300E-02  5.13300E-02
b  10   19 10   21  99  1.44503E-01  1.41374E+00 -1.66073E+01  1.64656E+02  2.00000E+01  1.63700E-01  1.63700E-01
b  10   20 10   21  99  2.69117E-01  9.42497E-02  2.15777E+00 -1.09016E+00  2.78652E+00  1.13300E+00  1.13300E+00
b  10    1 10   22  99  3.28200E-01  6.57150E-01 -7.74497E+00  3.26171E+01  4.41311E+00  5.04600E-03  5.04600E-03
b  10    6 10   22  99  3.36487E-01  2.96087E-01 -5.43064E+00  2.71255E+01  4.19195E+00  7.21000E-02  7.21000E-02
b  10   18 10   22  99  1.51570E-01  1.83008E+00 -2.20456E+01  1.51515E+02  2.00000E+01  2.64600E-02  2.64600E-02
b  10   19 10   22  99  1.66062E-01  1.69704E+00 -1.82540E+01  1.92059E+02  2.00000E+01  6.21400E-02  6.21400E-02
b  10   20 10   22  99  2.88931E-01  6.59651E-01  1.46535E+00 -5.27414E-01  2.09299E+00  1.94100E-01  1.94100E-01
b  10   21 10   22  99  2.45296E-01  1.79661E-01  1.83502E+00 -8.79382E-01  2.74331E+00  1.36000E+00  1.36000E+00
b  10    1 10   23  99  3.24127E-01  6.63835E-01 -7.72725E+00  3.23036E+01  4.41156E+00  3.32200E-03  3.32200E-03
b  10    7 10   23  99  3.36487E-01  2.96087E-01 -5.43064E+00  2.71255E+01  4.19195E+00  7.21000E-02  7.21000E-02
b  10   18 10   23  99  1.58110E-01  1.90517E+00 -2.25929E+01  1.59690E+02  2.00000E+01  1.56900E-02  1.56900E-02
b  10   19 10   23  99  1.78725E-01  1.88062E+00 -1.88396E+01  2.02302E+02  2.00000E+01  3.14100E-02  3.14100E-02
b  10   20 10   23  99  3.18386E-01  9.72752E-01  1.60980E+00 -5.85965E-01  2.16076E+00  7.12600E-02  7.12600E-02
b  10   21 10   23  99  2.96978E-01  6.29921E-01  2.18655E+00 -1.05016E+00  2.90941E+00  2.24300E-01  2.24300E-01
b  10   22 10   23  99  2.49404E-01  1.44841E-01  2.36527E+00 -1.34502E+00  3.35711E+00  1.56800E+00  1.56800E+00
b  10    1 10   24  99  3.27966E-01  6.42604E-01 -7.51919E+00  3.15991E+01  4.36837E+00  2.30000E-03  2.30000E-03
b  10    8 10   24  99  3.36487E-01  2.96087E-01 -5.43064E+00  2.71255E+01  4.19195E+00  7.21000E-02  7.21000E-02
b  10   18 10   24  99  1.62794E-01  1.95952E+00 -2.31784E+01  1.68971E+02  2.00000E+01  1.01600E-02  1.01600E-02
b  10   19 10   24  99  1.87562E-01  2.00662E+00 -1.91058E+01  2.07827E+02  2.00000E+01  1.84900E-02  1.84900E-02
b  10   20 10   24  99  3.34386E-01  1.21521E+00  1.61733E+00 -5.56501E-01  2.14299E+00  3.54200E-02  3.54200E-02
b  10   21 10   24  99  2.93183E-01  1.14622E+00  1.31155E+00 -4.55516E-01  2.05593E+00  8.05300E-02  8.05300E-02
b  10   22 10   24  99  2.83009E-01  6.98273E-01  2.06227E+00 -1.01034E+00  2.94315E+00  2.52700E-01  2.52700E-01
b  10   23 10   24  99  2.39275E-01  1.77721E-01  2.34287E+00 -3.90763E-01  4.04776E+00  1.77200E+00  1.77200E+00
b  10    1 10   25  99  3.24298E-01  6.58926E-01 -7.70962E+00  3.23442E+01  4.41637E+00  1.65720E-03  1.65720E-03
b  10    9 10   25  99  3.36487E-01  2.96087E-01 -5.43064E+00  2.71255E+01  4.19195E+00  7.21000E-02  7.21000E-02
b  10   18 10   25  99  1.61023E-01  2.01104E+00 -2.30456E+01  1.59282E+02  2.00000E+01  6.99700E-03  6.99700E-03
b  10   19 10   25  99  1.90496E-01  2.11616E+00 -1.94541E+01  2.08550E+02  2.00000E+01  1.19600E-02  1.19600E-02
b  10   20 10   25  99  3.45894E-01  1.39518E+00  1.65097E+00 -5.71156E-01  2.16930E+00  2.06800E-02  2.06800E-02
b  10   21 10   25  99  3.21898E-01  1.39694E+00  1.59847E+00 -6.22445E-01  2.25694E+00  3.95200E-02  3.95200E-02
b  10   22 10   25  99  3.11381E-01  1.11438E+00  2.13607E+00 -9.88963E-01  2.95492E+00  8.93700E-02  8.93700E-02
b  10   23 10   25  99  2.87027E-01  6.76964E-01  2.56570E+00 -1.45007E+00  3.51456E+00  2.80500E-01  2.80500E-01
b  10   24 10   25  99  4.09639E-01  3.72550E-01  3.89948E+00 -5.79716E-01  4.04487E+00  1.10600E+00  1.10600E+00
f  10    1  9    1  99  8.00000E+00  1.70107E+01
p  10    1  9    1  98  1.62520E+00 -2.46800E+00 -1.26920E-01  1.12550E-02  8.00000E+00  7.60900E+02  7.91400E+02  1.52200E+04
f  10    2  9    1  99  1.00000E+00  1.27040E+01
p  10    2  9    1  99  1.00000E+00  1.27040E+01
f  10    3  9    1  99  1.00000E+00  1.22038E+01
p  10    3  9    1  99  1.00000E+00  1.22038E+01
f  10    4  9    1  99  1.00000E+00  1.20207E+01
p  10    4  9    1  99  1.00000E+00  1.20207E+01
f  10    5  9    1  99  1.00000E+00  1.20900E+01
p  10    5  9    1  99  1.00000E+00  1.20900E+01
f  10    6  9    1  99  1.00000E+00  1.20720E+01
p  10    6  9    1  99  1.00000E+00  1.20720E+01
f  10    7  9    1  99  1.00000E+00  1.20072E+01
p  10    7  9    1  99  1.00000E+00  1.20072E+01
f  10    8  9    1  99  1.00000E+00  1.20072E+01
p  10    8  9    1  99  1.00000E+00  1.20072E+01
f  10    9  9    1  99  1.00000E+00  1.20009E+01
p  10    9  9    1  99  1.00000E+00  1.20009E+01
f  10    2  9    2  99  7.00000E+00  1.27040E+01
p  10    2  9    2  98  1.62520E+00 -2.46800E+00 -1.26920E-01  1.12550E-02  8.00000E+00  7.60900E+02  7.91400E+02  1.52200E+04
f  10   10  9    2  99  2.00000E+00  1.32680E+01
p  10   10  9    2  99  2.00000E+00  1.32680E+01
f  10   11  9    2  99  1.00000E+00  1.22605E+01
p  10   11  9    2  99  1.00000E+00  1.22605E+01
f  10   12  9    2  99  1.00000E+00  1.20390E+01
p  10   12  9    2  99  1.00000E+00  1.20390E+01
f  10   13  9    2  99  1.00000E+00  1.20960E+01
p  10   13  9    2  99  1.00000E+00  1.20960E+01
f  10   14  9    2  99  1.00000E+00  1.20760E+01
p  10   14  9    2  99  1.00000E+00  1.20760E+01
f  10   15  9    2  99  1.00000E+00  1.20162E+01
p  10   15  9    2  99  1.00000E+00  1.20162E+01
f  10   16  9    2  99  1.00000E+00  1.20142E+01
p  10   16  9    2  99  1.00000E+00  1.20142E+01
f  10   17  9    2  99  1.00000E+00  1.20009E+01
p  10   17  9    2  99  1.00000E+00  1.20009E+01
f  10    3  9    3  99  7.00000E+00  1.22038E+01
p  10    3  9    3  98  1.62520E+00 -2.46800E+00 -1.26920E-01  1.12550E-02  8.00000E+00  7.60900E+02  7.91400E+02  1.52200E+04
f  10   11  9    3  99  1.00000E+00  1.22605E+01
p  10   11  9    3  99  1.00000E+00  1.22605E+01
f  10    4  9    4  99  7.00000E+00  1.20207E+01
p  10    4  9    4  98  1.62520E+00 -2.46800E+00 -1.26920E-01  1.12550E-02  8.00000E+00  7.60900E+02  7.91400E+02  1.52200E+04
f  10   12  9    4  99  1.00000E+00  1.20390E+01
p  10   12  9    4  99  1.00000E+00  1.20390E+01
f  10    5  9    5  99  7.00000E+00  1.20900E+01
p  10    5  9    5  98  1.62520E+00 -2.46800E+00 -1.26920E-01  1.12550E-02  8.00000E+00  7.60900E+02  7.91400E+02  1.52200E+04
f  10   13  9    5  99  1.00000E+00  1.20960E+01
p  10   13  9    5  99  1.00000E+00  1.20960E+01
f  10    6  9    6  99  7.00000E+00  1.20720E+01
p  10    6  9    6  98  1.62520E+00 -2.46800E+00 -1.26920E-01  1.12550E-02  8.00000E+00  7.60900E+02  7.91400E+02  1.52200E+04
f  10   14  9    6  99  1.00000E+00  1.20760E+01
p  10   14  9    6  99  1.00000E+00  1.20760E+01
f  10    7  9    7  99  7.00000E+00  1.20072E+01
p  10    7  9    7  98  1.62520E+00 -2.46800E+00 -1.26920E-01  1.12550E-02  8.00000E+00  7.60900E+02  7.91400E+02  1.52200E+04
f  10   15  9    7  99  1.00000E+00  1.20162E+01
p  10   15  9    7  99  1.00000E+00  1.20162E+01
f  10    8  9    8  99  7.00000E+00  1.20072E+01
p  10    8  9    8  98  1.62520E+00 -2.46800E+00 -1.26920E-01  1.12550E-02  8.00000E+00  7.60900E+02  7.91400E+02  1.52200E+04
f  10   16  9    8  99  1.00000E+00  1.20142E+01
p  10   16  9    8  99  1.00000E+00  1.20142E+01
f  10    9  9    9  99  7.00000E+00  1.20009E+01
p  10    9  9    9  98  1.62520E+00 -2.46800E+00 -1.26920E-01  1.12550E-02  8.00000E+00  7.60900E+02  7.91400E+02  1.52200E+04
f  10   17  9    9  99  1.00000E+00  1.20009E+01
p  10   17  9    9  99  1.00000E+00  1.20009E+01
f  10   10  9   10  99  6.00000E+00  1.32680E+01
p  10   10  9   10  98  1.62520E+00 -2.46800E+00 -1.26920E-01  1.12550E-02  8.00000E+00  7.60900E+02  7.91400E+02  1.52200E+04
f  10   11  9   11  99  6.00000E+00  1.22605E+01
p  10   11  9   11  98  1.62520E+00 -2.46800E+00 -1.26920E-01  1.12550E-02  8.00000E+00  7.60900E+02  7.91400E+02  1.52200E+04
f  10   12  9   12  99  6.00000E+00  1.20390E+01
p  10   12  9   12  98  1.62520E+00 -2.46800E+00 -1.26920E-01  1.12550E-02  8.00000E+00  7.60900E+02  7.91400E+02  1.52200E+04
f  10   13  9   13  99  6.00000E+00  1.20960E+01
p  10   13  9   13  98  1.62520E+00 -2.46800E+00 -1.26920E-01  1.12550E-02  8.00000E+00  7.60900E+02  7.91400E+02  1.52200E+04
f  10   14  9   14  99  6.00000E+00  1.20760E+01
p  10   14  9   14  98  1.62520E+00 -2.46800E+00 -1.26920E-01  1.12550E-02  8.00000E+00  7.60900E+02  7.91400E+02  1.52200E+04
f  10   15  9   15  99  6.00000E+00  1.20162E+01
p  10   15  9   15  98  1.62520E+00 -2.46800E+00 -1.26920E-01  1.12550E-02  8.00000E+00  7.60900E+02  7.91400E+02  1.52200E+04
f  10   16  9   16  99  6.00000E+00  1.20142E+01
p  10   16  9   16  98  1.62520E+00 -2.46800E+00 -1.26920E-01  1.12550E-02  8.00000E+00  7.60900E+02  7.91400E+02  1.52200E+04
f  10   17  9   17  99  6.00000E+00  1.20009E+01
p  10   17  9   17  98  1.62520E+00 -2.46800E+00 -1.26920E-01  1.12550E-02  8.00000E+00  7.60900E+02  7.91400E+02  1.52200E+04
f  10    1  9   18  99  2.00000E+00  1.70107E+01
p  10    1  9   18  98  2.11210E+00 -2.51260E+00 -1.85920E-01  1.83880E-02  2.00000E+00  4.75400E+03  4.94400E+03  9.50700E+04
f  10   18  9   18  99  1.00000E+00  1.27840E+01
p  10   18  9   18  99  1.00000E+00  1.27840E+01
f  10   19  9   18  99  1.00000E+00  1.22270E+01
p  10   19  9   18  99  1.00000E+00  1.22270E+01
f  10   20  9   18  99  1.00000E+00  1.20198E+01
p  10   20  9   18  99  1.00000E+00  1.20198E+01
f  10   21  9   18  99  1.00000E+00  1.20990E+01
p  10   21  9   18  99  1.00000E+00  1.20990E+01
f  10   22  9   18  99  1.00000E+00  1.20810E+01
p  10   22  9   18  99  1.00000E+00  1.20810E+01
f  10   23  9   18  99  1.00000E+00  1.20081E+01
p  10   23  9   18  99  1.00000E+00  1.20081E+01
f  10   24  9   18  99  1.00000E+00  1.20081E+01
p  10   24  9   18  99  1.00000E+00  1.20081E+01
f  10   25  9   18  99  1.00000E+00  1.20009E+01
p  10   25  9   18  99  1.00000E+00  1.20009E+01
f  10    2  9   19  99  2.00000E+00  1.27040E+01
p  10    2  9   19  98  2.11210E+00 -2.51260E+00 -1.85920E-01  1.83880E-02  2.00000E+00  4.75400E+03  4.94400E+03  9.50700E+04
f  10   18  9   19  99  8.00000E+00  1.27840E+01
p  10   18  9   19  98  1.62520E+00 -2.46800E+00 -1.26920E-01  1.12550E-02  8.00000E+00  7.60900E+02  7.91400E+02  1.52200E+04
f  10    3  9   20  99  2.00000E+00  1.22038E+01
p  10    3  9   20  98  2.11210E+00 -2.51260E+00 -1.85920E-01  1.83880E-02  2.00000E+00  4.75400E+03  4.94400E+03  9.50700E+04
f  10   19  9   20  99  8.00000E+00  1.22270E+01
p  10   19  9   20  98  1.62520E+00 -2.46800E+00 -1.26920E-01  1.12550E-02  8.00000E+00  7.60900E+02  7.91400E+02  1.52200E+04
f  10    4  9   21  99  2.00000E+00  1.20207E+01
p  10    4  9   21  98  2.11210E+00 -2.51260E+00 -1.85920E-01  1.83880E-02  2.00000E+00  4.75400E+03  4.94400E+03  9.50700E+04
f  10   20  9   21  99  8.00000E+00  1.20198E+01
p  10   20  9   21  98  1.62520E+00 -2.46800E+00 -1.26920E-01  1.12550E-02  8.00000E+00  7.60900E+02  7.91400E+02  1.52200E+04
f  10    5  9   22  99  2.00000E+00  1.20900E+01
p  10    5  9   22  98  2.11210E+00 -2.51260E+00 -1.85920E-01  1.83880E-02  2.00000E+00  4.75400E+03  4.94400E+03  9.50700E+04
f  10   21  9   22  99  8.00000E+00  1.20990E+01
p  10   21  9   22  98  1.62520E+00 -2.46800E+00 -1.26920E-01  1.12550E-02  8.00000E+00  7.60900E+02  7.91400E+02  1.52200E+04
f  10    6  9   23  99  2.00000E+00  1.20720E+01
p  10    6  9   23  98  2.11210E+00 -2.51260E+00 -1.85920E-01  1.83880E-02  2.00000E+00  4.75400E+03  4.94400E+03  9.50700E+04
f  10   22  9   23  99  8.00000E+00  1.20810E+01
p  10   22  9   23  98  1.62520E+00 -2.46800E+00 -1.26920E-01  1.12550E-02  8.00000E+00  7.60900E+02  7.91400E+02  1.52200E+04
f  10    7  9   24  99  2.00000E+00  1.20072E+01
p  10    7  9   24  98  2.11210E+00 -2.51260E+00 -1.85920E-01  1.83880E-02  2.00000E+00  4.75400E+03  4.94400E+03  9.50700E+04
f  10   23  9   24  99  8.00000E+00  1.20081E+01
p  10   23  9   24  98  1.62520E+00 -2.46800E+00 -1.26920E-01  1.12550E-02  8.00000E+00  7.60900E+02  7.91400E+02  1.52200E+04
f  10    8  9   25  99  2.00000E+00  1.20072E+01
p  10    8  9   25  98  2.11210E+00 -2.51260E+00 -1.85920E-01  1.83880E-02  2.00000E+00  4.75400E+03  4.94400E+03  9.50700E+04
f  10   24  9   25  99  8.00000E+00  1.20081E+01
p  10   24  9   25  98  1.62520E+00 -2.46800E+00 -1.26920E-01  1.12550E-02  8.00000E+00  7.60900E+02  7.91400E+02  1.52200E+04
f  10    9  9   26  99  2.00000E+00  1.20009E+01
p  10    9  9   26  98  2.11210E+00 -2.51260E+00 -1.85920E-01  1.83880E-02  2.00000E+00  4.75400E+03  4.94400E+03  9.50700E+04
f  10   25  9   26  99  8.00000E+00  1.20009E+01
p  10   25  9   26  98  1.62520E+00 -2.46800E+00 -1.26920E-01  1.12550E-02  8.00000E+00  7.60900E+02  7.91400E+02  1.52200E+04
a  10   10  9    1   3.44790E+13
a  10   11  9    1   6.19222E+12
a  10   12  9    1   1.92660E+12
a  10   13  9    1   7.61250E+11
a  10   14  9    1   3.52192E+11
a  10   15  9    1   1.80645E+11
a  10   16  9    1   1.00245E+11
a  10   17  9    1   5.91930E+10
a  10   18  9    1   1.90624E+13
a  10   19  9    1   3.93188E+12
a  10   20  9    1   1.20708E+12
a  10   21  9    1   4.67200E+11
a  10   22  9    1   2.16164E+11
a  10   23  9    1   1.10872E+11
a  10   24  9    1   6.15280E+10
a  10   25  9    1   3.63308E+10
a  10   18  9    2   8.96420E+14
a  10   19  9    3   8.96420E+14
a  10   20  9    4   8.96420E+14
a  10   21  9    5   8.96420E+14
a  10   22  9    6   8.96420E+14
a  10   23  9    7   8.96420E+14
a  10   24  9    8   8.96420E+14
a  10   25  9    9   8.96420E+14
b  11    1 11    2  99  1.14327E-01  9.16806E-01 -1.70814E+01  1.78785E+02  2.00000E+01  6.48700E-01  6.48700E-01
b  11    1 11    3  99  1.47809E-01  1.25693E+00 -2.04301E+01  2.19810E+02  2.00000E+01  1.36200E-01  1.36200E-01
b  11    2 11    3  99  2.40218E-01  1.74826E-01  1.27197E+00 -4.07648E-01  2.02915E+00  9.24100E-01  9.24100E-01
b  11    1 11    4  99  1.40639E-01  1.69248E+00 -1.88109E+01  1.10863E+02  2.00000E+01  4.97800E-02  4.97800E-02
b  11    2 11    4  99  3.15551E-01  5.26728E-01  1.72419E+00 -6.33164E-01  2.14632E+00  1.60700E-01  1.60700E-01
b  11    3 11    4  99  2.61911E-01  1.31887E-01  2.03463E+00 -1.00167E+00  2.76605E+00  1.12800E+00  1.12800E+00
b  11    1 11    5  99  1.53296E-01  1.80505E+00 -2.02259E+01  1.35470E+02  2.00000E+01  2.57300E-02  2.57300E-02
b  11    2 11    5  99  1.62579E-01  1.70617E+00 -1.70348E+01  1.73420E+02  2.00000E+01  6.10100E-02  6.10100E-02
b  11    3 11    5  99  2.81862E-01  6.97428E-01  1.39161E+00 -4.71718E-01  2.10333E+00  1.92100E-01  1.92100E-01
b  11    4 11    5  99  2.60246E-01  1.15287E-01  2.50175E+00 -1.41853E+00  3.35932E+00  1.35800E+00  1.35800E+00
b  11    1 11    6  99  1.57403E-01  1.89317E+00 -2.10571E+01  1.43787E+02  2.00000E+01  1.52900E-02  1.52900E-02
b  11    2 11    6  99  1.75369E-01  1.89519E+00 -1.79696E+01  1.89185E+02  2.00000E+01  3.08500E-02  3.08500E-02
b  11    3 11    6  99  3.11319E-01  1.01408E+00  1.53030E+00 -5.75279E-01  2.12487E+00  7.03900E-02  7.03900E-02
b  11    4 11    6  99  2.91370E-01  6.60756E-01  2.13210E+00 -1.00906E+00  2.94957E+00  2.22900E-01  2.22900E-01
b  11    5 11    6  99  2.44314E-01  1.74342E-01  2.28084E+00 -1.29756E+00  3.36020E+00  1.56900E+00  1.56900E+00
b  11    1 11    7  99  1.60384E-01  1.95060E+00 -2.14536E+01  1.47391E+02  2.00000E+01  9.91600E-03  9.91600E-03
b  11    2 11    7  99  1.85241E-01  2.01715E+00 -1.82692E+01  1.97365E+02  2.00000E+01  1.81700E-02  1.81700E-02
b  11    3 11    7  99  3.28906E-01  1.24957E+00  1.61180E+00 -6.05034E-01  2.18383E+00  3.49700E-02  3.49700E-02
b  11    4 11    7  99  3.17977E-01  1.04437E+00  2.18548E+00 -1.03367E+00  2.89914E+00  7.98800E-02  7.98800E-02
b  11    5 11    7  99  2.94514E-01  6.48417E-01  2.65160E+00 -1.44473E+00  3.51442E+00  2.51700E-01  2.51700E-01
b  11    6 11    7  99  2.34414E-01  2.07418E-01  2.23526E+00 -3.28333E-01  4.03489E+00  1.77300E+00  1.77300E+00
b  11    1 11    8  99  1.60066E-01  1.99176E+00 -2.10931E+01  1.37002E+02  2.00000E+01  6.83400E-03  6.83400E-03
b  11    2 11    8  99  1.90469E-01  2.11539E+00 -1.85140E+01  2.00676E+02  2.00000E+01  1.17600E-02  1.17600E-02
b  11    3 11    8  99  3.39513E-01  1.43511E+00  1.59239E+00 -5.73552E-01  2.12962E+00  2.04100E-02  2.04100E-02
b  11    4 11    8  99  3.05707E-01  1.47482E+00  1.29642E+00 -4.40240E-01  2.06231E+00  3.91600E-02  3.91600E-02
b  11    5 11    8  99  3.07128E-01  1.13973E+00  2.10587E+00 -1.01641E+00  2.96194E+00  8.88600E-02  8.88600E-02
b  11    6 11    8  99  2.82057E-01  7.04590E-01  2.48110E+00 -1.40872E+00  3.49776E+00  2.79800E-01  2.79800E-01
b  11    7 11    8  99  3.66942E-01  3.74997E-01  3.45550E+00 -5.47507E-01  4.04942E+00  1.21800E+00  1.21800E+00
b  11    1 11    9  99  9.51761E-02  1.32161E+00 -2.58967E+01  1.50360E+02  2.00000E+01  2.55831E+00  2.55831E+00
b  11    1 11   10  99  1.37570E-01  1.79219E+00 -5.62289E+01  5.95733E+02  2.00000E+01  7.59760E-01  7.59760E-01
b  11    2 11   10  99  9.51761E-02  1.32161E+00 -2.58967E+01  1.50360E+02  2.00000E+01  2.70880E+00  2.70880E+00
b  11    9 11   10  99  1.14327E-01  9.16806E-01 -1.70814E+01  1.78785E+02  2.00000E+01  1.29740E+00  1.29740E+00
b  11    1 11   11  99  1.33330E-01  1.80196E+00 -5.21368E+01  5.21265E+02  2.00000E+01  3.24800E-01  3.24800E-01
b  11    3 11   11  99  9.51761E-02  1.32161E+00 -2.58967E+01  1.50360E+02  2.00000E+01  2.70880E+00  2.70880E+00
b  11    9 11   11  99  1.47809E-01  1.25693E+00 -2.04301E+01  2.19810E+02  2.00000E+01  2.72400E-01  2.72400E-01
b  11   10 11   11  99  2.40218E-01  1.74826E-01  1.27197E+00 -4.07648E-01  2.02915E+00  9.24100E-01  9.24100E-01
b  11    1 11   12  99  1.40947E-01  2.01616E+00 -5.42421E+01  5.02133E+02  2.00000E+01  1.56640E-01  1.56640E-01
b  11    4 11   12  99  9.51761E-02  1.32161E+00 -2.58967E+01  1.50360E+02  2.00000E+01  2.70880E+00  2.70880E+00
b  11    9 11   12  99  1.40639E-01  1.69248E+00 -1.88109E+01  1.10863E+02  2.00000E+01  9.95600E-02  9.95600E-02
b  11   10 11   12  99  3.15551E-01  5.26728E-01  1.72419E+00 -6.33164E-01  2.14632E+00  1.60700E-01  1.60700E-01
b  11   11 11   12  99  2.61911E-01  1.31887E-01  2.03463E+00 -1.00167E+00  2.76605E+00  1.12800E+00  1.12800E+00
b  11    1 11   13  99  1.40398E-01  2.03562E+00 -5.42558E+01  4.97900E+02  2.00000E+01  9.32000E-02  9.32000E-02
b  11    5 11   13  99  9.51761E-02  1.32161E+00 -2.58967E+01  1.50360E+02  2.00000E+01  2.70880E+00  2.70880E+00
b  11    9 11   13  99  1.53296E-01  1.80505E+00 -2.02259E+01  1.35470E+02  2.00000E+01  5.14600E-02  5.14600E-02
b  11   10 11   13  99  1.62579E-01  1.70617E+00 -1.70348E+01  1.73420E+02  2.00000E+01  6.10100E-02  6.10100E-02
b  11   11 11   13  99  2.81862E-01  6.97428E-01  1.39161E+00 -4.71718E-01  2.10333E+00  1.92100E-01  1.92100E-01
b  11   12 11   13  99  2.60246E-01  1.15287E-01  2.50175E+00 -1.41853E+00  3.35932E+00  1.35800E+00  1.35800E+00
b  11    1 11   14  99  1.38340E-01  2.01770E+00 -5.24525E+01  4.70525E+02  2.00000E+01  6.01280E-02  6.01280E-02
b  11    6 11   14  99  9.51761E-02  1.32161E+00 -2.58967E+01  1.50360E+02  2.00000E+01  2.70880E+00  2.70880E+00
b  11    9 11   14  99  1.57403E-01  1.89317E+00 -2.10571E+01  1.43787E+02  2.00000E+01  3.05800E-02  3.05800E-02
b  11   10 11   14  99  1.75369E-01  1.89519E+00 -1.79696E+01  1.89185E+02  2.00000E+01  3.08500E-02  3.08500E-02
b  11   11 11   14  99  3.11319E-01  1.01408E+00  1.53030E+00 -5.75279E-01  2.12487E+00  7.03900E-02  7.03900E-02
b  11   12 11   14  99  2.91370E-01  6.60756E-01  2.13210E+00 -1.00906E+00  2.94957E+00  2.22900E-01  2.22900E-01
b  11   13 11   14  99  2.44314E-01  1.74342E-01  2.28084E+00 -1.29756E+00  3.36020E+00  1.56900E+00  1.56900E+00
b  11    1 11   15  99  1.37530E-01  2.01150E+00 -5.16392E+01  4.57905E+02  2.00000E+01  4.11280E-02  4.11280E-02
b  11    7 11   15  99  9.51761E-02  1.32161E+00 -2.58967E+01  1.50360E+02  2.00000E+01  2.70880E+00  2.70880E+00
b  11    9 11   15  99  1.60384E-01  1.95060E+00 -2.14536E+01  1.47391E+02  2.00000E+01  1.98320E-02  1.98320E-02
b  11   10 11   15  99  1.85241E-01  2.01715E+00 -1.82692E+01  1.97365E+02  2.00000E+01  1.81700E-02  1.81700E-02
b  11   11 11   15  99  3.28906E-01  1.24957E+00  1.61180E+00 -6.05034E-01  2.18383E+00  3.49700E-02  3.49700E-02
b  11   12 11   15  99  3.17977E-01  1.04437E+00  2.18548E+00 -1.03367E+00  2.89914E+00  7.98800E-02  7.98800E-02
b  11   13 11   15  99  2.94514E-01  6.48417E-01  2.65160E+00 -1.44473E+00  3.51442E+00  2.51700E-01  2.51700E-01
b  11   14 11   15  99  2.34414E-01  2.07418E-01  2.23526E+00 -3.28333E-01  4.03489E+00  1.77300E+00  1.77300E+00
b  11    1 11   16  99  1.36432E-01  1.99649E+00 -5.04578E+01  4.40970E+02  2.00000E+01  2.93840E-02  2.93840E-02
b  11    8 11   16  99  9.51761E-02  1.32161E+00 -2.58967E+01  1.50360E+02  2.00000E+01  2.70880E+00  2.70880E+00
b  11    9 11   16  99  1.60066E-01  1.99176E+00 -2.10931E+01  1.37002E+02  2.00000E+01  1.36680E-02  1.36680E-02
b  11   10 11   16  99  1.90469E-01  2.11539E+00 -1.85140E+01  2.00676E+02  2.00000E+01  1.17600E-02  1.17600E-02
b  11   11 11   16  99  3.39513E-01  1.43511E+00  1.59239E+00 -5.73552E-01  2.12962E+00  2.04100E-02  2.04100E-02
b  11   12 11   16  99  3.05707E-01  1.47482E+00  1.29642E+00 -4.40240E-01  2.06231E+00  3.91600E-02  3.91600E-02
b  11   13 11   16  99  3.07128E-01  1.13973E+00  2.10587E+00 -1.01641E+00  2.96194E+00  8.88600E-02  8.88600E-02
b  11   14 11   16  99  2.82057E-01  7.04590E-01  2.48110E+00 -1.40872E+00  3.49776E+00  2.79800E-01  2.79800E-01
b  11   15 11   16  99  3.66942E-01  3.74997E-01  3.45550E+00 -5.47507E-01  4.04942E+00  1.21800E+00  1.21800E+00
b  11    1 11   17  99  3.38567E-01  5.23889E-01 -6.77071E+00  3.00820E+01  4.28606E+00  7.78033E-02  7.78033E-02
b  11    9 11   17  99  3.33618E-01  3.07170E-01 -5.51539E+00  2.73554E+01  4.20954E+00  7.17000E-02  7.17000E-02
b  11    1 11   18  99  3.17126E-01  5.42416E-01 -6.62296E+00  2.86971E+01  4.30249E+00  2.97000E-02  2.97000E-02
b  11    2 11   18  99  3.38567E-01  5.23889E-01 -6.77071E+00  3.00820E+01  4.28606E+00  8.23800E-02  8.23800E-02
b  11   10 11   18  99  3.33618E-01  3.07170E-01 -5.51539E+00  2.73554E+01  4.20954E+00  7.17000E-02  7.17000E-02
b  11   17 11   18  99  1.14327E-01  9.16806E-01 -1.70814E+01  1.78785E+02  2.00000E+01  1.29740E+00  1.29740E+00
b  11    1 11   19  99  3.15816E-01  5.54040E-01 -6.64637E+00  2.85802E+01  4.30068E+00  1.40920E-02  1.40920E-02
b  11    3 11   19  99  3.38567E-01  5.23889E-01 -6.77071E+00  3.00820E+01  4.28606E+00  8.23800E-02  8.23800E-02
b  11   11 11   19  99  3.33618E-01  3.07170E-01 -5.51539E+00  2.73554E+01  4.20954E+00  7.17000E-02  7.17000E-02
b  11   17 11   19  99  1.47809E-01  1.25693E+00 -2.04301E+01  2.19810E+02  2.00000E+01  2.72400E-01  2.72400E-01
b  11   18 11   19  99  2.40218E-01  1.74826E-01  1.27197E+00 -4.07648E-01  2.02915E+00  9.24100E-01  9.24100E-01
b  11    1 11   20  99  3.36425E-01  6.28258E-01 -7.50541E+00  3.18638E+01  4.34581E+00  7.36800E-03  7.36800E-03
b  11    4 11   20  99  3.38567E-01  5.23889E-01 -6.77071E+00  3.00820E+01  4.28606E+00  8.23800E-02  8.23800E-02
b  11   12 11   20  99  3.33618E-01  3.07170E-01 -5.51539E+00  2.73554E+01  4.20954E+00  7.17000E-02  7.17000E-02
b  11   17 11   20  99  1.40639E-01  1.69248E+00 -1.88109E+01  1.10863E+02  2.00000E+01  9.95600E-02  9.95600E-02
b  11   18 11   20  99  3.15551E-01  5.26728E-01  1.72419E+00 -6.33164E-01  2.14632E+00  1.60700E-01  1.60700E-01
b  11   19 11   20  99  2.61911E-01  1.31887E-01  2.03463E+00 -1.00167E+00  2.76605E+00  1.12800E+00  1.12800E+00
b  11    1 11   21  99  3.35129E-01  6.22386E-01 -7.42572E+00  3.15339E+01  4.33875E+00  4.50400E-03  4.50400E-03
b  11    5 11   21  99  3.38567E-01  5.23889E-01 -6.77071E+00  3.00820E+01  4.28606E+00  8.23800E-02  8.23800E-02
b  11   13 11   21  99  3.33618E-01  3.07170E-01 -5.51539E+00  2.73554E+01  4.20954E+00  7.17000E-02  7.17000E-02
b  11   17 11   21  99  1.53296E-01  1.80505E+00 -2.02259E+01  1.35470E+02  2.00000E+01  5.14600E-02  5.14600E-02
b  11   18 11   21  99  1.62579E-01  1.70617E+00 -1.70348E+01  1.73420E+02  2.00000E+01  6.10100E-02  6.10100E-02
b  11   19 11   21  99  2.81862E-01  6.97428E-01  1.39161E+00 -4.71718E-01  2.10333E+00  1.92100E-01  1.92100E-01
b  11   20 11   21  99  2.60246E-01  1.15287E-01  2.50175E+00 -1.41853E+00  3.35932E+00  1.35800E+00  1.35800E+00
b  11    1 11   22  99  3.29682E-01  6.34948E-01 -7.48907E+00  3.15608E+01  4.35618E+00  2.95200E-03  2.95200E-03
b  11    6 11   22  99  3.38567E-01  5.23889E-01 -6.77071E+00  3.00820E+01  4.28606E+00  8.23800E-02  8.23800E-02
b  11   14 11   22  99  3.33618E-01  3.07170E-01 -5.51539E+00  2.73554E+01  4.20954E+00  7.17000E-02  7.17000E-02
b  11   17 11   22  99  1.57403E-01  1.89317E+00 -2.10571E+01  1.43787E+02  2.00000E+01  3.05800E-02  3.05800E-02
b  11   18 11   22  99  1.75369E-01  1.89519E+00 -1.79696E+01  1.89185E+02  2.00000E+01  3.08500E-02  3.08500E-02
b  11   19 11   22  99  3.11319E-01  1.01408E+00  1.53030E+00 -5.75279E-01  2.12487E+00  7.03900E-02  7.03900E-02
b  11   20 11   22  99  2.91370E-01  6.60756E-01  2.13210E+00 -1.00906E+00  2.94957E+00  2.22900E-01  2.22900E-01
b  11   21 11   22  99  2.44314E-01  1.74342E-01  2.28084E+00 -1.29756E+00  3.36020E+00  1.56900E+00  1.56900E+00
b  11    1 11   23  99  3.28902E-01  6.32992E-01 -7.48278E+00  3.15958E+01  4.36569E+00  2.04000E-03  2.04000E-03
b  11    7 11   23  99  3.38567E-01  5.23889E-01 -6.77071E+00  3.00820E+01  4.28606E+00  8.23800E-02  8.23800E-02
b  11   15 11   23  99  3.33618E-01  3.07170E-01 -5.51539E+00  2.73554E+01  4.20954E+00  7.17000E-02  7.17000E-02
b  11   17 11   23  99  1.60384E-01  1.95060E+00 -2.14536E+01  1.47391E+02  2.00000E+01  1.98320E-02  1.98320E-02
b  11   18 11   23  99  1.85241E-01  2.01715E+00 -1.82692E+01  1.97365E+02  2.00000E+01  1.81700E-02  1.81700E-02
b  11   19 11   23  99  3.28906E-01  1.24957E+00  1.61180E+00 -6.05034E-01  2.18383E+00  3.49700E-02  3.49700E-02
b  11   20 11   23  99  3.17977E-01  1.04437E+00  2.18548E+00 -1.03367E+00  2.89914E+00  7.98800E-02  7.98800E-02
b  11   21 11   23  99  2.94514E-01  6.48417E-01  2.65160E+00 -1.44473E+00  3.51442E+00  2.51700E-01  2.51700E-01
b  11   22 11   23  99  2.34414E-01  2.07418E-01  2.23526E+00 -3.28333E-01  4.03489E+00  1.77300E+00  1.77300E+00
b  11    1 11   24  99  3.24589E-01  6.48828E-01 -7.64348E+00  3.21472E+01  4.40393E+00  1.46580E-03  1.46580E-03
b  11    8 11   24  99  3.38567E-01  5.23889E-01 -6.77071E+00  3.00820E+01  4.28606E+00  8.23800E-02  8.23800E-02
b  11   16 11   24  99  3.33618E-01  3.07170E-01 -5.51539E+00  2.73554E+01  4.20954E+00  7.17000E-02  7.17000E-02
b  11   17 11   24  99  1.60066E-01  1.99176E+00 -2.10931E+01  1.37002E+02  2.00000E+01  1.36680E-02  1.36680E-02
b  11   18 11   24  99  1.90469E-01  2.11539E+00 -1.85140E+01  2.00676E+02  2.00000E+01  1.17600E-02  1.17600E-02
b  11   19 11   24  99  3.39513E-01  1.43511E+00  1.59239E+00 -5.73552E-01  2.12962E+00  2.04100E-02  2.04100E-02
b  11   20 11   24  99  3.05707E-01  1.47482E+00  1.29642E+00 -4.40240E-01  2.06231E+00  3.91600E-02  3.91600E-02
b  11   21 11   24  99  3.07128E-01  1.13973E+00  2.10587E+00 -1.01641E+00  2.96194E+00  8.88600E-02  8.88600E-02
b  11   22 11   24  99  2.82057E-01  7.04590E-01  2.48110E+00 -1.40872E+00  3.49776E+00  2.79800E-01  2.79800E-01
b  11   23 11   24  99  3.66942E-01  3.74997E-01  3.45550E+00 -5.47507E-01  4.04942E+00  1.21800E+00  1.21800E+00
f  11    1 10    1  99  1.00000E+00  1.18000E+01
p  11    1 10    1  98  7.70960E-01 -2.41030E+00 -3.98830E-02 -7.36010E-03  1.00000E+00  2.50700E+02  2.60800E+02  5.01500E+03
f  11    2 10    1  99  1.00000E+00  1.12316E+01
p  11    2 10    1  99  1.00000E+00  1.12316E+01
f  11    3 10    1  99  1.00000E+00  1.10228E+01
p  11    3 10    1  99  1.00000E+00  1.10228E+01
f  11    4 10    1  99  1.00000E+00  1.11020E+01
p  11    4 10    1  99  1.00000E+00  1.11020E+01
f  11    5 10    1  99  1.00000E+00  1.10820E+01
p  11    5 10    1  99  1.00000E+00  1.10820E+01
f  11    6 10    1  99  1.00000E+00  1.10082E+01
p  11    6 10    1  99  1.00000E+00  1.10082E+01
f  11    7 10    1  99  1.00000E+00  1.10082E+01
p  11    7 10    1  99  1.00000E+00  1.10082E+01
f  11    8 10    1  99  1.00000E+00  1.10010E+01
p  11    8 10    1  99  1.00000E+00  1.10010E+01
f  11    1 10    2  99  8.00000E+00  1.18000E+01
p  11    1 10    2  98  1.69350E+00 -2.47300E+00 -1.15460E-01  8.76590E-03  8.00000E+00  7.26700E+02  7.55800E+02  1.45300E+04
f  11    9 10    2  99  2.00000E+00  1.23640E+01
p  11    9 10    2  98  7.70960E-01 -2.41030E+00 -3.98830E-02 -7.36010E-03  1.00000E+00  2.50700E+02  2.60800E+02  5.01500E+03
f  11   10 10    2  99  1.00000E+00  1.12883E+01
p  11   10 10    2  99  1.00000E+00  1.12883E+01
f  11   11 10    2  99  1.00000E+00  1.10411E+01
p  11   11 10    2  99  1.00000E+00  1.10411E+01
f  11   12 10    2  99  1.00000E+00  1.11080E+01
p  11   12 10    2  99  1.00000E+00  1.11080E+01
f  11   13 10    2  99  1.00000E+00  1.10860E+01
p  11   13 10    2  99  1.00000E+00  1.10860E+01
f  11   14 10    2  99  1.00000E+00  1.10172E+01
p  11   14 10    2  99  1.00000E+00  1.10172E+01
f  11   15 10    2  99  1.00000E+00  1.10152E+01
p  11   15 10    2  99  1.00000E+00  1.10152E+01
f  11   16 10    2  99  1.00000E+00  1.10010E+01
p  11   16 10    2  99  1.00000E+00  1.10010E+01
f  11    2 10    3  99  8.00000E+00  1.12316E+01
p  11    2 10    3  98  1.69350E+00 -2.47300E+00 -1.15460E-01  8.76590E-03  8.00000E+00  7.26700E+02  7.55800E+02  1.45300E+04
f  11   10 10    3  99  1.00000E+00  1.12883E+01
p  11   10 10    3  98  7.70960E-01 -2.41030E+00 -3.98830E-02 -7.36010E-03  1.00000E+00  2.50700E+02  2.60800E+02  5.01500E+03
f  11    3 10    4  99  8.00000E+00  1.10228E+01
p  11    3 10    4  98  1.69350E+00 -2.47300E+00 -1.15460E-01  8.76590E-03  8.00000E+00  7.26700E+02  7.55800E+02  1.45300E+04
f  11   11 10    4  99  1.00000E+00  1.10411E+01
p  11   11 10    4  98  7.70960E-01 -2.41030E+00 -3.98830E-02 -7.36010E-03  1.00000E+00  2.50700E+02  2.60800E+02  5.01500E+03
f  11    4 10    5  99  8.00000E+00  1.11020E+01
p  11    4 10    5  98  1.69350E+00 -2.47300E+00 -1.15460E-01  8.76590E-03  8.00000E+00  7.26700E+02  7.55800E+02  1.45300E+04
f  11   12 10    5  99  1.00000E+00  1.11080E+01
p  11   12 10    5  98  7.70960E-01 -2.41030E+00 -3.98830E-02 -7.36010E-03  1.00000E+00  2.50700E+02  2.60800E+02  5.01500E+03
f  11    5 10    6  99  8.00000E+00  1.10820E+01
p  11    5 10    6  98  1.69350E+00 -2.47300E+00 -1.15460E-01  8.76590E-03  8.00000E+00  7.26700E+02  7.55800E+02  1.45300E+04
f  11   13 10    6  99  1.00000E+00  1.10860E+01
p  11   13 10    6  98  7.70960E-01 -2.41030E+00 -3.98830E-02 -7.36010E-03  1.00000E+00  2.50700E+02  2.60800E+02  5.01500E+03
f  11    6 10    7  99  8.00000E+00  1.10082E+01
p  11    6 10    7  98  1.69350E+00 -2.47300E+00 -1.15460E-01  8.76590E-03  8.00000E+00  7.26700E+02  7.55800E+02  1.45300E+04
f  11   14 10    7  99  1.00000E+00  1.10172E+01
p  11   14 10    7  98  7.70960E-01 -2.41030E+00 -3.98830E-02 -7.36010E-03  1.00000E+00  2.50700E+02  2.60800E+02  5.01500E+03
f  11    7 10    8  99  8.00000E+00  1.10082E+01
p  11    7 10    8  98  1.69350E+00 -2.47300E+00 -1.15460E-01  8.76590E-03  8.00000E+00  7.26700E+02  7.55800E+02  1.45300E+04
f  11   15 10    8  99  1.00000E+00  1.10152E+01
p  11   15 10    8  98  7.70960E-01 -2.41030E+00 -3.98830E-02 -7.36010E-03  1.00000E+00  2.50700E+02  2.60800E+02  5.01500E+03
f  11    8 10    9  99  8.00000E+00  1.10010E+01
p  11    8 10    9  98  1.69350E+00 -2.47300E+00 -1.15460E-01  8.76590E-03  8.00000E+00  7.26700E+02  7.55800E+02  1.45300E+04
f  11   16 10    9  99  1.00000E+00  1.10010E+01
p  11   16 10    9  98  7.70960E-01 -2.41030E+00 -3.98830E-02 -7.36010E-03  1.00000E+00  2.50700E+02  2.60800E+02  5.01500E+03
f  11    9 10   10  99  7.00000E+00  1.23640E+01
p  11    9 10   10  98  1.69350E+00 -2.47300E+00 -1.15460E-01  8.76590E-03  8.00000E+00  7.26700E+02  7.55800E+02  1.45300E+04
f  11   10 10   11  99  7.00000E+00  1.12883E+01
p  11   10 10   11  98  1.69350E+00 -2.47300E+00 -1.15460E-01  8.76590E-03  8.00000E+00  7.26700E+02  7.55800E+02  1.45300E+04
f  11   11 10   12  99  7.00000E+00  1.10411E+01
p  11   11 10   12  98  1.69350E+00 -2.47300E+00 -1.15460E-01  8.76590E-03  8.00000E+00  7.26700E+02  7.55800E+02  1.45300E+04
f  11   12 10   13  99  7.00000E+00  1.11080E+01
p  11   12 10   13  98  1.69350E+00 -2.47300E+00 -1.15460E-01  8.76590E-03  8.00000E+00  7.26700E+02  7.55800E+02  1.45300E+04
f  11   13 10   14  99  7.00000E+00  1.10860E+01
p  11   13 10   14  98  1.69350E+00 -2.47300E+00 -1.15460E-01  8.76590E-03  8.00000E+00  7.26700E+02  7.55800E+02  1.45300E+04
f  11   14 10   15  99  7.00000E+00  1.10172E+01
p  11   14 10   15  98  1.69350E+00 -2.47300E+00 -1.15460E-01  8.76590E-03  8.00000E+00  7.26700E+02  7.55800E+02  1.45300E+04
f  11   15 10   16  99  7.00000E+00  1.10152E+01
p  11   15 10   16  98  1.69350E+00 -2.47300E+00 -1.15460E-01  8.76590E-03  8.00000E+00  7.26700E+02  7.55800E+02  1.45300E+04
f  11   16 10   17  99  7.00000E+00  1.10010E+01
p  11   16 10   17  98  1.69350E+00 -2.47300E+00 -1.15460E-01  8.76590E-03  8.00000E+00  7.26700E+02  7.55800E+02  1.45300E+04
f  11    1 10   18  99  2.00000E+00  1.18000E+01
p  11    1 10   18  98  2.12820E+00 -2.52320E+00 -1.77170E-01  1.66300E-02  2.00000E+00  4.71700E+03  4.90600E+03  9.43500E+04
f  11   17 10   18  99  2.00000E+00  1.24440E+01
p  11   17 10   18  98  7.70960E-01 -2.41030E+00 -3.98830E-02 -7.36010E-03  1.00000E+00  2.50700E+02  2.60800E+02  5.01500E+03
f  11   18 10   18  99  1.00000E+00  1.13115E+01
p  11   18 10   18  99  1.00000E+00  1.13115E+01
f  11   19 10   18  99  1.00000E+00  1.10402E+01
p  11   19 10   18  99  1.00000E+00  1.10402E+01
f  11   20 10   18  99  1.00000E+00  1.11170E+01
p  11   20 10   18  99  1.00000E+00  1.11170E+01
f  11   21 10   18  99  1.00000E+00  1.10950E+01
p  11   21 10   18  99  1.00000E+00  1.10950E+01
f  11   22 10   18  99  1.00000E+00  1.10181E+01
p  11   22 10   18  99  1.00000E+00  1.10181E+01
f  11   23 10   18  99  1.00000E+00  1.10161E+01
p  11   23 10   18  99  1.00000E+00  1.10161E+01
f  11   24 10   18  99  1.00000E+00  1.10010E+01
p  11   24 10   18  99  1.00000E+00  1.10010E+01
f  11    2 10   19  99  2.00000E+00  1.12316E+01
p  11    2 10   19  98  2.12820E+00 -2.52320E+00 -1.77170E-01  1.66300E-02  2.00000E+00  4.71700E+03  4.90600E+03  9.43500E+04
f  11   18 10   19  99  1.00000E+00  1.13115E+01
p  11   18 10   19  98  7.70960E-01 -2.41030E+00 -3.98830E-02 -7.36010E-03  1.00000E+00  2.50700E+02  2.60800E+02  5.01500E+03
f  11    3 10   20  99  2.00000E+00  1.10228E+01
p  11    3 10   20  98  2.12820E+00 -2.52320E+00 -1.77170E-01  1.66300E-02  2.00000E+00  4.71700E+03  4.90600E+03  9.43500E+04
f  11   19 10   20  99  1.00000E+00  1.10402E+01
p  11   19 10   20  98  7.70960E-01 -2.41030E+00 -3.98830E-02 -7.36010E-03  1.00000E+00  2.50700E+02  2.60800E+02  5.01500E+03
f  11    4 10   21  99  2.00000E+00  1.11020E+01
p  11    4 10   21  98  2.12820E+00 -2.52320E+00 -1.77170E-01  1.66300E-02  2.00000E+00  4.71700E+03  4.90600E+03  9.43500E+04
f  11   20 10   21  99  1.00000E+00  1.11170E+01
p  11   20 10   21  98  7.70960E-01 -2.41030E+00 -3.98830E-02 -7.36010E-03  1.00000E+00  2.50700E+02  2.60800E+02  5.01500E+03
f  11    5 10   22  99  2.00000E+00  1.10820E+01
p  11    5 10   22  98  2.12820E+00 -2.52320E+00 -1.77170E-01  1.66300E-02  2.00000E+00  4.71700E+03  4.90600E+03  9.43500E+04
f  11   21 10   22  99  1.00000E+00  1.10950E+01
p  11   21 10   22  98  7.70960E-01 -2.41030E+00 -3.98830E-02 -7.36010E-03  1.00000E+00  2.50700E+02  2.60800E+02  5.01500E+03
f  11    6 10   23  99  2.00000E+00  1.10082E+01
p  11    6 10   23  98  2.12820E+00 -2.52320E+00 -1.77170E-01  1.66300E-02  2.00000E+00  4.71700E+03  4.90600E+03  9.43500E+04
f  11   22 10   23  99  1.00000E+00  1.10181E+01
p  11   22 10   23  98  7.70960E-01 -2.41030E+00 -3.98830E-02 -7.36010E-03  1.00000E+00  2.50700E+02  2.60800E+02  5.01500E+03
f  11    7 10   24  99  2.00000E+00  1.10082E+01
p  11    7 10   24  98  2.12820E+00 -2.52320E+00 -1.77170E-01  1.66300E-02  2.00000E+00  4.71700E+03  4.90600E+03  9.43500E+04
f  11   23 10   24  99  1.00000E+00  1.10161E+01
p  11   23 10   24  98  7.70960E-01 -2.41030E+00 -3.98830E-02 -7.36010E-03  1.00000E+00  2.50700E+02  2.60800E+02  5.01500E+03
f  11    8 10   25  99  2.00000E+00  1.10010E+01
p  11    8 10   25  98  2.12820E+00 -2.52320E+00 -1.77170E-01  1.66300E-02  2.00000E+00  4.71700E+03  4.90600E+03  9.43500E+04
f  11   24 10   25  99  1.00000E+00  1.10010E+01
p  11   24 10   25  98  7.70960E-01 -2.41030E+00 -3.98830E-02 -7.36010E-03  1.00000E+00  2.50700E+02  2.60800E+02  5.01500E+03
a  11    9 10    1   1.45920E+13
a  11   10 10    1   2.60798E+12
a  11   11 10    1   8.04825E+11
a  11   12 10    1   3.16669E+11
a  11   13 10    1   1.46512E+11
a  11   14 10    1   7.51462E+10
a  11   15 10    1   4.17000E+10
a  11   16 10    1   2.46240E+10
a  11   17 10    1   1.65730E+11
a  11   18 10    1   3.16490E+10
a  11   19 10    1   9.57550E+09
a  11   20 10    1   3.67720E+09
a  11   21 10    1   1.70130E+09
a  11   22 10    1   8.72600E+08
a  11   23 10    1   4.84245E+08
a  11   24 10    1   2.85940E+08
a  11   17 10    2   3.27104E+13
a  11   18 10    2   3.31012E+12
a  11   19 10    2   1.00940E+12
a  11   20 10    2   3.88792E+11
a  11   21 10    2   1.79880E+11
a  11   22 10    2   9.22640E+10
a  11   23 10    2   5.12000E+10
a  11   24 10    2   3.02328E+10
a  11   18 10    3   1.63552E+13
a  11   19 10    4   1.63552E+13
a  11   20 10    5   1.63552E+13
a  11   21 10    6   1.63552E+13
a  11   22 10    7   1.63552E+13
a  11   23 10    8   1.63552E+13
a  11   24 10    9   1.63552E+13
a  11   17 10   10   8.29668E+14
a  11   18 10   11   8.29668E+14
a  11   19 10   12   8.29668E+14
a  11   20 10   13   8.29668E+14
a  11   21 10   14   8.29668E+14
a  11   22 10   15   8.29668E+14
a  11   23 10   16   8.29668E+14
a  11   24 10   17   8.29668E+14
b  12    1 12    2  99  1.14294E-01  9.45730E-01 -1.66637E+01  1.67015E+02  2.00000E+01  1.16760E+00  1.16760E+00
b  12    1 12    3  99  1.46242E-01  1.21359E+00 -1.97746E+01  2.15417E+02  2.00000E+01  2.67600E-01  2.67600E-01
b  12    2 12    3  99  2.24293E-01  2.09693E-01  1.12970E+00 -3.43245E-01  1.99493E+00  8.95900E-01  8.95900E-01
b  12    1 12    4  99  1.34945E-01  1.61925E+00 -1.70741E+01  9.05465E+01  2.00000E+01  9.82600E-02  9.82600E-02
b  12    2 12    4  99  3.15339E-01  5.27580E-01  1.70858E+00 -6.15601E-01  2.15773E+00  1.58700E-01  1.58700E-01
b  12    3 12    4  99  2.56139E-01  1.66667E-01  1.95599E+00 -9.58075E-01  2.77101E+00  1.08900E+00  1.08900E+00
b  12    1 12    5  99  1.44146E-01  1.70663E+00 -1.80758E+01  1.09313E+02  2.00000E+01  5.15000E-02  5.15000E-02
b  12    2 12    5  99  3.37795E-01  7.57759E-01  1.76928E+00 -6.28781E-01  2.15173E+00  6.13100E-02  6.13100E-02
b  12    3 12    5  99  2.72872E-01  7.16374E-01  1.29426E+00 -4.48290E-01  2.04908E+00  1.91500E-01  1.91500E-01
b  12    4 12    5  99  2.54767E-01  1.48260E-01  2.41474E+00 -1.36307E+00  3.36921E+00  1.32400E+00  1.32400E+00
b  12    1 12    6  99  1.47318E-01  1.77834E+00 -1.88538E+01  1.18178E+02  2.00000E+01  3.08400E-02  3.08400E-02
b  12    2 12    6  99  1.74079E-01  1.84360E+00 -1.72101E+01  1.78584E+02  2.00000E+01  3.12500E-02  3.12500E-02
b  12    3 12    6  99  3.03083E-01  1.00034E+00  1.49540E+00 -5.71019E-01  2.14877E+00  7.12100E-02  7.12100E-02
b  12    4 12    6  99  2.84614E-01  6.83240E-01  2.04081E+00 -1.01573E+00  2.88676E+00  2.21300E-01  2.21300E-01
b  12    5 12    6  99  2.42003E-01  1.91577E-01  2.35273E+00 -4.08503E-01  4.04029E+00  1.53900E+00  1.53900E+00
b  12    1 12    7  99  1.49652E-01  1.82226E+00 -1.91349E+01  1.21844E+02  2.00000E+01  2.01000E-02  2.01000E-02
b  12    2 12    7  99  1.81295E-01  1.96931E+00 -1.78219E+01  1.87763E+02  2.00000E+01  1.84900E-02  1.84900E-02
b  12    3 12    7  99  3.20362E-01  1.21500E+00  1.58093E+00 -6.09420E-01  2.19060E+00  3.56600E-02  3.56600E-02
b  12    4 12    7  99  3.10973E-01  1.04425E+00  2.14534E+00 -1.02335E+00  2.93317E+00  8.02400E-02  8.02400E-02
b  12    5 12    7  99  2.87337E-01  6.81040E-01  2.51978E+00 -1.39589E+00  3.46177E+00  2.49300E-01  2.49300E-01
b  12    6 12    7  99  2.30349E-01  2.34254E-01  2.16493E+00 -3.10349E-01  4.04348E+00  1.74900E+00  1.74900E+00
b  12    1 12    8  99  1.52986E-01  1.85399E+00 -1.97074E+01  1.32457E+02  2.00000E+01  1.38980E-02  1.38980E-02
b  12    2 12    8  99  1.85624E-01  2.06177E+00 -1.80142E+01  1.89546E+02  2.00000E+01  1.20000E-02  1.20000E-02
b  12    3 12    8  99  3.31015E-01  1.38192E+00  1.59908E+00 -6.06885E-01  2.18975E+00  2.09200E-02  2.09200E-02
b  12    4 12    8  99  3.26849E-01  1.32838E+00  2.13734E+00 -9.96145E-01  2.87906E+00  3.96400E-02  3.96400E-02
b  12    5 12    8  99  3.02212E-01  1.14573E+00  2.10797E+00 -1.06313E+00  3.02140E+00  8.87400E-02  8.87400E-02
b  12    6 12    8  99  2.76703E-01  7.33016E-01  2.38267E+00 -1.34640E+00  3.47382E+00  2.77300E-01  2.77300E-01
b  12    7 12    8  99  2.61208E-01  3.01253E-01  2.39819E+00 -3.28207E-01  4.03586E+00  1.66600E+00  1.66600E+00
b  12    1 12    9  98  0.00000E+00  0.00000E+00  0.00000E+00  0.00000E+00  0.00000E+00  2.74563E-03  5.49125E-05
b  12    2 12    9  99  1.14294E-01  9.45730E-01 -1.66637E+01  1.67015E+02  2.00000E+01  5.65556E-01  5.65556E-01
b  12    1 12   10  98  0.00000E+00  0.00000E+00  0.00000E+00  0.00000E+00  0.00000E+00  3.54379E-03  7.08758E-05
b  12    2 12   10  99  1.46242E-01  1.21359E+00 -1.97746E+01  2.15417E+02  2.00000E+01  1.33800E-01  1.33800E-01
b  12    3 12   10  99  1.14294E-01  9.45730E-01 -1.66637E+01  1.67015E+02  2.00000E+01  5.83800E-01  5.83800E-01
b  12    9 12   10  99  2.24293E-01  2.09693E-01  1.12970E+00 -3.43245E-01  1.99493E+00  1.79180E+00  1.79180E+00
b  12    1 12   11  98  0.00000E+00  0.00000E+00  0.00000E+00  0.00000E+00  0.00000E+00  4.63027E-03  9.26054E-05
b  12    2 12   11  99  1.34945E-01  1.61925E+00 -1.70741E+01  9.05465E+01  2.00000E+01  4.91300E-02  4.91300E-02
b  12    4 12   11  99  1.14294E-01  9.45730E-01 -1.66637E+01  1.67015E+02  2.00000E+01  5.83800E-01  5.83800E-01
b  12    9 12   11  99  3.15339E-01  5.27580E-01  1.70858E+00 -6.15601E-01  2.15773E+00  3.17400E-01  3.17400E-01
b  12   10 12   11  99  2.56139E-01  1.66667E-01  1.95599E+00 -9.58075E-01  2.77101E+00  1.08900E+00  1.08900E+00
b  12    1 12   12  98  0.00000E+00  0.00000E+00  0.00000E+00  0.00000E+00  0.00000E+00  5.92691E-03  1.18538E-04
b  12    2 12   12  99  1.44146E-01  1.70663E+00 -1.80758E+01  1.09313E+02  2.00000E+01  2.57500E-02  2.57500E-02
b  12    5 12   12  99  1.14294E-01  9.45730E-01 -1.66637E+01  1.67015E+02  2.00000E+01  5.83800E-01  5.83800E-01
b  12    9 12   12  99  3.37795E-01  7.57759E-01  1.76928E+00 -6.28781E-01  2.15173E+00  1.22620E-01  1.22620E-01
b  12   10 12   12  99  2.72872E-01  7.16374E-01  1.29426E+00 -4.48290E-01  2.04908E+00  1.91500E-01  1.91500E-01
b  12   11 12   12  99  2.54767E-01  1.48260E-01  2.41474E+00 -1.36307E+00  3.36921E+00  1.32400E+00  1.32400E+00
b  12    1 12   13  98  0.00000E+00  0.00000E+00  0.00000E+00  0.00000E+00  0.00000E+00  7.43501E-03  1.48700E-04
b  12    2 12   13  99  1.47318E-01  1.77834E+00 -1.88538E+01  1.18178E+02  2.00000E+01  1.54200E-02  1.54200E-02
b  12    6 12   13  99  1.14294E-01  9.45730E-01 -1.66637E+01  1.67015E+02  2.00000E+01  5.83800E-01  5.83800E-01
b  12    9 12   13  99  1.74079E-01  1.84360E+00 -1.72101E+01  1.78584E+02  2.00000E+01  6.25000E-02  6.25000E-02
b  12   10 12   13  99  3.03083E-01  1.00034E+00  1.49540E+00 -5.71019E-01  2.14877E+00  7.12100E-02  7.12100E-02
b  12   11 12   13  99  2.84614E-01  6.83240E-01  2.04081E+00 -1.01573E+00  2.88676E+00  2.21300E-01  2.21300E-01
b  12   12 12   13  99  2.42003E-01  1.91577E-01  2.35273E+00 -4.08503E-01  4.04029E+00  1.53900E+00  1.53900E+00
b  12    1 12   14  98  0.00000E+00  0.00000E+00  0.00000E+00  0.00000E+00  0.00000E+00  9.17170E-03  1.83434E-04
b  12    2 12   14  99  1.49652E-01  1.82226E+00 -1.91349E+01  1.21844E+02  2.00000E+01  1.00500E-02  1.00500E-02
b  12    7 12   14  99  1.14294E-01  9.45730E-01 -1.66637E+01  1.67015E+02  2.00000E+01  5.83800E-01  5.83800E-01
b  12    9 12   14  99  1.81295E-01  1.96931E+00 -1.78219E+01  1.87763E+02  2.00000E+01  3.69800E-02  3.69800E-02
b  12   10 12   14  99  3.20362E-01  1.21500E+00  1.58093E+00 -6.09420E-01  2.19060E+00  3.56600E-02  3.56600E-02
b  12   11 12   14  99  3.10973E-01  1.04425E+00  2.14534E+00 -1.02335E+00  2.93317E+00  8.02400E-02  8.02400E-02
b  12   12 12   14  99  2.87337E-01  6.81040E-01  2.51978E+00 -1.39589E+00  3.46177E+00  2.49300E-01  2.49300E-01
b  12   13 12   14  99  2.30349E-01  2.34254E-01  2.16493E+00 -3.10349E-01  4.04348E+00  1.74900E+00  1.74900E+00
b  12    1 12   15  98  0.00000E+00  0.00000E+00  0.00000E+00  0.00000E+00  0.00000E+00  1.11161E-02  2.22321E-04
b  12    2 12   15  99  1.52986E-01  1.85399E+00 -1.97074E+01  1.32457E+02  2.00000E+01  6.94900E-03  6.94900E-03
b  12    8 12   15  99  1.14294E-01  9.45730E-01 -1.66637E+01  1.67015E+02  2.00000E+01  5.83800E-01  5.83800E-01
b  12    9 12   15  99  1.85624E-01  2.06177E+00 -1.80142E+01  1.89546E+02  2.00000E+01  2.40000E-02  2.40000E-02
b  12   10 12   15  99  3.31015E-01  1.38192E+00  1.59908E+00 -6.06885E-01  2.18975E+00  2.09200E-02  2.09200E-02
b  12   11 12   15  99  3.26849E-01  1.32838E+00  2.13734E+00 -9.96145E-01  2.87906E+00  3.96400E-02  3.96400E-02
b  12   12 12   15  99  3.02212E-01  1.14573E+00  2.10797E+00 -1.06313E+00  3.02140E+00  8.87400E-02  8.87400E-02
b  12   13 12   15  99  2.76703E-01  7.33016E-01  2.38267E+00 -1.34640E+00  3.47382E+00  2.77300E-01  2.77300E-01
b  12   14 12   15  99  2.61208E-01  3.01253E-01  2.39819E+00 -3.28207E-01  4.03586E+00  1.66600E+00  1.66600E+00
b  12    1 12   16  99  8.74671E-02  1.25520E+00 -1.97461E+01  5.43927E+01  2.00000E+01  2.22791E+00  2.22791E+00
b  12    1 12   17  99  1.41067E-01  1.81085E+00 -5.76989E+01  6.18624E+02  2.00000E+01  6.87040E-01  6.87040E-01
b  12    2 12   17  99  8.74671E-02  1.25520E+00 -1.97461E+01  5.43927E+01  2.00000E+01  2.36716E+00  2.36716E+00
b  12   16 12   17  99  1.14294E-01  9.45730E-01 -1.66637E+01  1.67015E+02  2.00000E+01  1.75140E+00  1.75140E+00
b  12    1 12   18  99  1.39397E-01  1.84188E+00 -5.53561E+01  5.70338E+02  2.00000E+01  2.94960E-01  2.94960E-01
b  12    3 12   18  99  8.74671E-02  1.25520E+00 -1.97461E+01  5.43927E+01  2.00000E+01  2.36716E+00  2.36716E+00
b  12   16 12   18  99  1.46242E-01  1.21359E+00 -1.97746E+01  2.15417E+02  2.00000E+01  4.01400E-01  4.01400E-01
b  12   17 12   18  99  2.24293E-01  2.09693E-01  1.12970E+00 -3.43245E-01  1.99493E+00  8.95900E-01  8.95900E-01
b  12    1 12   19  99  1.48075E-01  2.07160E+00 -5.89499E+01  5.73191E+02  2.00000E+01  1.42640E-01  1.42640E-01
b  12    4 12   19  99  8.74671E-02  1.25520E+00 -1.97461E+01  5.43927E+01  2.00000E+01  2.36716E+00  2.36716E+00
b  12   16 12   19  99  1.34945E-01  1.61925E+00 -1.70741E+01  9.05465E+01  2.00000E+01  1.47390E-01  1.47390E-01
b  12   17 12   19  99  3.15339E-01  5.27580E-01  1.70858E+00 -6.15601E-01  2.15773E+00  1.58700E-01  1.58700E-01
b  12   18 12   19  99  2.56139E-01  1.66667E-01  1.95599E+00 -9.58075E-01  2.77101E+00  1.08900E+00  1.08900E+00
b  12    1 12   20  99  1.46032E-01  2.05719E+00 -5.74007E+01  5.49355E+02  2.00000E+01  8.50400E-02  8.50400E-02
b  12    5 12   20  99  8.74671E-02  1.25520E+00 -1.97461E+01  5.43927E+01  2.00000E+01  2.36716E+00  2.36716E+00
b  12   16 12   20  99  1.44146E-01  1.70663E+00 -1.80758E+01  1.09313E+02  2.00000E+01  7.72500E-02  7.72500E-02
b  12   17 12   20  99  3.37795E-01  7.57759E-01  1.76928E+00 -6.28781E-01  2.15173E+00  6.13100E-02  6.13100E-02
b  12   18 12   20  99  2.72872E-01  7.16374E-01  1.29426E+00 -4.48290E-01  2.04908E+00  1.91500E-01  1.91500E-01
b  12   19 12   20  99  2.54767E-01  1.48260E-01  2.41474E+00 -1.36307E+00  3.36921E+00  1.32400E+00  1.32400E+00
b  12    1 12   21  99  1.43480E-01  2.03553E+00 -5.55669E+01  5.21868E+02  2.00000E+01  5.49520E-02  5.49520E-02
b  12    6 12   21  99  8.74671E-02  1.25520E+00 -1.97461E+01  5.43927E+01  2.00000E+01  2.36716E+00  2.36716E+00
b  12   16 12   21  99  1.47318E-01  1.77834E+00 -1.88538E+01  1.18178E+02  2.00000E+01  4.62600E-02  4.62600E-02
b  12   17 12   21  99  1.74079E-01  1.84360E+00 -1.72101E+01  1.78584E+02  2.00000E+01  3.12500E-02  3.12500E-02
b  12   18 12   21  99  3.03083E-01  1.00034E+00  1.49540E+00 -5.71019E-01  2.14877E+00  7.12100E-02  7.12100E-02
b  12   19 12   21  99  2.84614E-01  6.83240E-01  2.04081E+00 -1.01573E+00  2.88676E+00  2.21300E-01  2.21300E-01
b  12   20 12   21  99  2.42003E-01  1.91577E-01  2.35273E+00 -4.08503E-01  4.04029E+00  1.53900E+00  1.53900E+00
b  12    1 12   22  99  1.42147E-01  2.02725E+00 -5.47416E+01  5.09132E+02  2.00000E+01  3.76240E-02  3.76240E-02
b  12    7 12   22  99  8.74671E-02  1.25520E+00 -1.97461E+01  5.43927E+01  2.00000E+01  2.36716E+00  2.36716E+00
b  12   16 12   22  99  1.49652E-01  1.82226E+00 -1.91349E+01  1.21844E+02  2.00000E+01  3.01500E-02  3.01500E-02
b  12   17 12   22  99  1.81295E-01  1.96931E+00 -1.78219E+01  1.87763E+02  2.00000E+01  1.84900E-02  1.84900E-02
b  12   18 12   22  99  3.20362E-01  1.21500E+00  1.58093E+00 -6.09420E-01  2.19060E+00  3.56600E-02  3.56600E-02
b  12   19 12   22  99  3.10973E-01  1.04425E+00  2.14534E+00 -1.02335E+00  2.93317E+00  8.02400E-02  8.02400E-02
b  12   20 12   22  99  2.87337E-01  6.81040E-01  2.51978E+00 -1.39589E+00  3.46177E+00  2.49300E-01  2.49300E-01
b  12   21 12   22  99  2.30349E-01  2.34254E-01  2.16493E+00 -3.10349E-01  4.04348E+00  1.74900E+00  1.74900E+00
b  12    1 12   23  99  1.41432E-01  2.01585E+00 -5.39653E+01  4.98501E+02  2.00000E+01  2.68880E-02  2.68880E-02
b  12    8 12   23  99  8.74671E-02  1.25520E+00 -1.97461E+01  5.43927E+01  2.00000E+01  2.36716E+00  2.36716E+00
b  12   16 12   23  99  1.52986E-01  1.85399E+00 -1.97074E+01  1.32457E+02  2.00000E+01  2.08470E-02  2.08470E-02
b  12   17 12   23  99  1.85624E-01  2.06177E+00 -1.80142E+01  1.89546E+02  2.00000E+01  1.20000E-02  1.20000E-02
b  12   18 12   23  99  3.31015E-01  1.38192E+00  1.59908E+00 -6.06885E-01  2.18975E+00  2.09200E-02  2.09200E-02
b  12   19 12   23  99  3.26849E-01  1.32838E+00  2.13734E+00 -9.96145E-01  2.87906E+00  3.96400E-02  3.96400E-02
b  12   20 12   23  99  3.02212E-01  1.14573E+00  2.10797E+00 -1.06313E+00  3.02140E+00  8.87400E-02  8.87400E-02
b  12   21 12   23  99  2.76703E-01  7.33016E-01  2.38267E+00 -1.34640E+00  3.47382E+00  2.77300E-01  2.77300E-01
b  12   22 12   23  99  2.61208E-01  3.01253E-01  2.39819E+00 -3.28207E-01  4.03586E+00  1.66600E+00  1.66600E+00
b  12    1 12   24  99  3.42873E-01  5.03089E-01 -6.63239E+00  2.97787E+01  4.26163E+00  6.93156E-02  6.93156E-02
b  12   16 12   24  99  3.34221E-01  3.05045E-01 -5.51005E+00  2.73868E+01  4.21044E+00  7.13500E-02  7.13500E-02
b  12    1 12   25  99  3.22667E-01  5.38654E-01 -6.65606E+00  2.90355E+01  4.30060E+00  2.64000E-02  2.64000E-02
b  12    2 12   25  99  3.42873E-01  5.03089E-01 -6.63239E+00  2.97787E+01  4.26163E+00  7.36478E-02  7.36478E-02
b  12   17 12   25  99  3.34221E-01  3.05045E-01 -5.51005E+00  2.73868E+01  4.21044E+00  7.13500E-02  7.13500E-02
b  12   24 12   25  99  1.14294E-01  9.45730E-01 -1.66637E+01  1.67015E+02  2.00000E+01  1.75140E+00  1.75140E+00
b  12    1 12   26  99  3.23359E-01  5.54759E-01 -6.73074E+00  2.91094E+01  4.29679E+00  1.22820E-02  1.22820E-02
b  12    3 12   26  99  3.42873E-01  5.03089E-01 -6.63239E+00  2.97787E+01  4.26163E+00  7.36478E-02  7.36478E-02
b  12   18 12   26  99  3.34221E-01  3.05045E-01 -5.51005E+00  2.73868E+01  4.21044E+00  7.13500E-02  7.13500E-02
b  12   24 12   26  99  1.46242E-01  1.21359E+00 -1.97746E+01  2.15417E+02  2.00000E+01  4.01400E-01  4.01400E-01
b  12   25 12   26  99  2.24293E-01  2.09693E-01  1.12970E+00 -3.43245E-01  1.99493E+00  8.95900E-01  8.95900E-01
b  12    1 12   27  99  3.45746E-01  6.19829E-01 -7.56351E+00  3.24941E+01  4.34411E+00  6.36000E-03  6.36000E-03
b  12    4 12   27  99  3.42873E-01  5.03089E-01 -6.63239E+00  2.97787E+01  4.26163E+00  7.36478E-02  7.36478E-02
b  12   19 12   27  99  3.34221E-01  3.05045E-01 -5.51005E+00  2.73868E+01  4.21044E+00  7.13500E-02  7.13500E-02
b  12   24 12   27  99  1.34945E-01  1.61925E+00 -1.70741E+01  9.05465E+01  2.00000E+01  1.47390E-01  1.47390E-01
b  12   25 12   27  99  3.15339E-01  5.27580E-01  1.70858E+00 -6.15601E-01  2.15773E+00  1.58700E-01  1.58700E-01
b  12   26 12   27  99  2.56139E-01  1.66667E-01  1.95599E+00 -9.58075E-01  2.77101E+00  1.08900E+00  1.08900E+00
b  12    1 12   28  99  3.39002E-01  6.36521E-01 -7.73675E+00  3.31248E+01  4.39826E+00  3.86400E-03  3.86400E-03
b  12    5 12   28  99  3.42873E-01  5.03089E-01 -6.63239E+00  2.97787E+01  4.26163E+00  7.36478E-02  7.36478E-02
b  12   20 12   28  99  3.34221E-01  3.05045E-01 -5.51005E+00  2.73868E+01  4.21044E+00  7.13500E-02  7.13500E-02
b  12   24 12   28  99  1.44146E-01  1.70663E+00 -1.80758E+01  1.09313E+02  2.00000E+01  7.72500E-02  7.72500E-02
b  12   25 12   28  99  3.37795E-01  7.57759E-01  1.76928E+00 -6.28781E-01  2.15173E+00  6.13100E-02  6.13100E-02
b  12   26 12   28  99  2.72872E-01  7.16374E-01  1.29426E+00 -4.48290E-01  2.04908E+00  1.91500E-01  1.91500E-01
b  12   27 12   28  99  2.54767E-01  1.48260E-01  2.41474E+00 -1.36307E+00  3.36921E+00  1.32400E+00  1.32400E+00
b  12    1 12   29  99  3.34457E-01  6.37258E-01 -7.62221E+00  3.23292E+01  4.37310E+00  2.52200E-03  2.52200E-03
b  12    6 12   29  99  3.42873E-01  5.03089E-01 -6.63239E+00  2.97787E+01  4.26163E+00  7.36478E-02  7.36478E-02
b  12   21 12   29  99  3.34221E-01  3.05045E-01 -5.51005E+00  2.73868E+01  4.21044E+00  7.13500E-02  7.13500E-02
b  12   24 12   29  99  1.47318E-01  1.77834E+00 -1.88538E+01  1.18178E+02  2.00000E+01  4.62600E-02  4.62600E-02
b  12   25 12   29  99  1.74079E-01  1.84360E+00 -1.72101E+01  1.78584E+02  2.00000E+01  3.12500E-02  3.12500E-02
b  12   26 12   29  99  3.03083E-01  1.00034E+00  1.49540E+00 -5.71019E-01  2.14877E+00  7.12100E-02  7.12100E-02
b  12   27 12   29  99  2.84614E-01  6.83240E-01  2.04081E+00 -1.01573E+00  2.88676E+00  2.21300E-01  2.21300E-01
b  12   28 12   29  99  2.42003E-01  1.91577E-01  2.35273E+00 -4.08503E-01  4.04029E+00  1.53900E+00  1.53900E+00
b  12    1 12   30  99  3.37556E-01  6.16702E-01 -7.44204E+00  3.17783E+01  4.34233E+00  1.73720E-03  1.73720E-03
b  12    7 12   30  99  3.42873E-01  5.03089E-01 -6.63239E+00  2.97787E+01  4.26163E+00  7.36478E-02  7.36478E-02
b  12   22 12   30  99  3.34221E-01  3.05045E-01 -5.51005E+00  2.73868E+01  4.21044E+00  7.13500E-02  7.13500E-02
b  12   24 12   30  99  1.49652E-01  1.82226E+00 -1.91349E+01  1.21844E+02  2.00000E+01  3.01500E-02  3.01500E-02
b  12   25 12   30  99  1.81295E-01  1.96931E+00 -1.78219E+01  1.87763E+02  2.00000E+01  1.84900E-02  1.84900E-02
b  12   26 12   30  99  3.20362E-01  1.21500E+00  1.58093E+00 -6.09420E-01  2.19060E+00  3.56600E-02  3.56600E-02
b  12   27 12   30  99  3.10973E-01  1.04425E+00  2.14534E+00 -1.02335E+00  2.93317E+00  8.02400E-02  8.02400E-02
b  12   28 12   30  99  2.87337E-01  6.81040E-01  2.51978E+00 -1.39589E+00  3.46177E+00  2.49300E-01  2.49300E-01
b  12   29 12   30  99  2.30349E-01  2.34254E-01  2.16493E+00 -3.10349E-01  4.04348E+00  1.74900E+00  1.74900E+00
b  12    1 12   31  99  3.35298E-01  6.20426E-01 -7.47072E+00  3.18435E+01  4.35246E+00  1.24580E-03  1.24580E-03
b  12    8 12   31  99  3.42873E-01  5.03089E-01 -6.63239E+00  2.97787E+01  4.26163E+00  7.36478E-02  7.36478E-02
b  12   23 12   31  99  3.34221E-01  3.05045E-01 -5.51005E+00  2.73868E+01  4.21044E+00  7.13500E-02  7.13500E-02
b  12   24 12   31  99  1.52986E-01  1.85399E+00 -1.97074E+01  1.32457E+02  2.00000E+01  2.08470E-02  2.08470E-02
b  12   25 12   31  99  1.85624E-01  2.06177E+00 -1.80142E+01  1.89546E+02  2.00000E+01  1.20000E-02  1.20000E-02
b  12   26 12   31  99  3.31015E-01  1.38192E+00  1.59908E+00 -6.06885E-01  2.18975E+00  2.09200E-02  2.09200E-02
b  12   27 12   31  99  3.26849E-01  1.32838E+00  2.13734E+00 -9.96145E-01  2.87906E+00  3.96400E-02  3.96400E-02
b  12   28 12   31  99  3.02212E-01  1.14573E+00  2.10797E+00 -1.06313E+00  3.02140E+00  8.87400E-02  8.87400E-02
b  12   29 12   31  99  2.76703E-01  7.33016E-01  2.38267E+00 -1.34640E+00  3.47382E+00  2.77300E-01  2.77300E-01
b  12   30 12   31  99  2.61208E-01  3.01253E-01  2.39819E+00 -3.28207E-01  4.03586E+00  1.66600E+00  1.66600E+00
f  12    1 11    1  99  2.00000E+00  1.14600E+01
p  12    1 11    1  98  8.29190E-01 -2.32010E+00 -8.04800E-02 -1.17400E-04  2.00000E+00  2.23200E+02  2.32100E+02  4.46400E+03
f  12    2 11    1  99  1.00000E+00  1.03161E+01
p  12    2 11    1  99  1.00000E+00  1.03161E+01
f  12    3 11    1  99  1.00000E+00  1.00432E+01
p  12    3 11    1  99  1.00000E+00  1.00432E+01
f  12    4 11    1  99  1.00000E+00  1.01200E+01
p  12    4 11    1  99  1.00000E+00  1.01200E+01
f  12    5 11    1  99  1.00000E+00  1.00960E+01
p  12    5 11    1  99  1.00000E+00  1.00960E+01
f  12    6 11    1  99  1.00000E+00  1.00182E+01
p  12    6 11    1  99  1.00000E+00  1.00182E+01
f  12    7 11    1  99  1.00000E+00  1.00162E+01
p  12    7 11    1  99  1.00000E+00  1.00162E+01
f  12    8 11    1  99  1.00000E+00  1.00011E+01
p  12    8 11    1  99  1.00000E+00  1.00011E+01
f  12    2 11    2  99  1.00000E+00  1.03161E+01
p  12    2 11    2  98  8.29190E-01 -2.32010E+00 -8.04800E-02 -1.17400E-04  2.00000E+00  2.23200E+02  2.32100E+02  4.46400E+03
f  12    9 11    2  99  2.00000E+00  1.08766E+01
p  12    9 11    2  99  2.00000E+00  1.08766E+01
f  12   10 11    2  99  1.00000E+00  1.01028E+01
p  12   10 11    2  99  1.00000E+00  1.01028E+01
f  12   11 11    2  99  1.00000E+00  1.01420E+01
p  12   11 11    2  99  1.00000E+00  1.01420E+01
f  12   12 11    2  99  1.00000E+00  1.01070E+01
p  12   12 11    2  99  1.00000E+00  1.01070E+01
f  12   13 11    2  99  1.00000E+00  1.00252E+01
p  12   13 11    2  99  1.00000E+00  1.00252E+01
f  12   14 11    2  99  1.00000E+00  1.00222E+01
p  12   14 11    2  99  1.00000E+00  1.00222E+01
f  12   15 11    2  99  1.00000E+00  1.00110E+01
p  12   15 11    2  99  1.00000E+00  1.00110E+01
f  12    3 11    3  99  1.00000E+00  1.00432E+01
p  12    3 11    3  98  8.29190E-01 -2.32010E+00 -8.04800E-02 -1.17400E-04  2.00000E+00  2.23200E+02  2.32100E+02  4.46400E+03
f  12   10 11    3  99  1.00000E+00  1.01028E+01
p  12   10 11    3  99  1.00000E+00  1.01028E+01
f  12    4 11    4  99  1.00000E+00  1.01200E+01
p  12    4 11    4  98  8.29190E-01 -2.32010E+00 -8.04800E-02 -1.17400E-04  2.00000E+00  2.23200E+02  2.32100E+02  4.46400E+03
f  12   11 11    4  99  1.00000E+00  1.01420E+01
p  12   11 11    4  99  1.00000E+00  1.01420E+01
f  12    5 11    5  99  1.00000E+00  1.00960E+01
p  12    5 11    5  98  8.29190E-01 -2.32010E+00 -8.04800E-02 -1.17400E-04  2.00000E+00  2.23200E+02  2.32100E+02  4.46400E+03
f  12   12 11    5  99  1.00000E+00  1.01070E+01
p  12   12 11    5  99  1.00000E+00  1.01070E+01
f  12    6 11    6  99  1.00000E+00  1.00182E+01
p  12    6 11    6  98  8.29190E-01 -2.32010E+00 -8.04800E-02 -1.17400E-04  2.00000E+00  2.23200E+02  2.32100E+02  4.46400E+03
f  12   13 11    6  99  1.00000E+00  1.00252E+01
p  12   13 11    6  99  1.00000E+00  1.00252E+01
f  12    7 11    7  99  1.00000E+00  1.00162E+01
p  12    7 11    7  98  8.29190E-01 -2.32010E+00 -8.04800E-02 -1.17400E-04  2.00000E+00  2.23200E+02  2.32100E+02  4.46400E+03
f  12   14 11    7  99  1.00000E+00  1.00222E+01
p  12   14 11    7  99  1.00000E+00  1.00222E+01
f  12    8 11    8  99  1.00000E+00  1.00011E+01
p  12    8 11    8  98  8.29190E-01 -2.32010E+00 -8.04800E-02 -1.17400E-04  2.00000E+00  2.23200E+02  2.32100E+02  4.46400E+03
f  12   15 11    8  99  1.00000E+00  1.00110E+01
p  12   15 11    8  99  1.00000E+00  1.00110E+01
f  12    1 11    9  99  8.00000E+00  1.14600E+01
p  12    1 11    9  98  1.74150E+00 -2.42890E+00 -1.37700E-01  1.26480E-02  8.00000E+00  6.94300E+02  7.22100E+02  1.38900E+04
f  12   16 11    9  99  3.00000E+00  1.20240E+01
p  12   16 11    9  98  8.29190E-01 -2.32010E+00 -8.04800E-02 -1.17400E-04  2.00000E+00  2.23200E+02  2.32100E+02  4.46400E+03
f  12   17 11    9  99  1.00000E+00  1.03728E+01
p  12   17 11    9  99  1.00000E+00  1.03728E+01
f  12   18 11    9  99  1.00000E+00  1.00615E+01
p  12   18 11    9  99  1.00000E+00  1.00615E+01
f  12   19 11    9  99  1.00000E+00  1.01260E+01
p  12   19 11    9  99  1.00000E+00  1.01260E+01
f  12   20 11    9  99  1.00000E+00  1.01000E+01
p  12   20 11    9  99  1.00000E+00  1.01000E+01
f  12   21 11    9  99  1.00000E+00  1.00272E+01
p  12   21 11    9  99  1.00000E+00  1.00272E+01
f  12   22 11    9  99  1.00000E+00  1.00232E+01
p  12   22 11    9  99  1.00000E+00  1.00232E+01
f  12   23 11    9  99  1.00000E+00  1.00011E+01
p  12   23 11    9  99  1.00000E+00  1.00011E+01
f  12    2 11   10  99  8.00000E+00  1.03161E+01
p  12    2 11   10  98  1.74150E+00 -2.42890E+00 -1.37700E-01  1.26480E-02  8.00000E+00  6.94300E+02  7.22100E+02  1.38900E+04
f  12   17 11   10  99  2.00000E+00  1.03728E+01
p  12   17 11   10  98  8.29190E-01 -2.32010E+00 -8.04800E-02 -1.17400E-04  2.00000E+00  2.23200E+02  2.32100E+02  4.46400E+03
f  12    3 11   11  99  8.00000E+00  1.00432E+01
p  12    3 11   11  98  1.74150E+00 -2.42890E+00 -1.37700E-01  1.26480E-02  8.00000E+00  6.94300E+02  7.22100E+02  1.38900E+04
f  12   18 11   11  99  2.00000E+00  1.00615E+01
p  12   18 11   11  98  8.29190E-01 -2.32010E+00 -8.04800E-02 -1.17400E-04  2.00000E+00  2.23200E+02  2.32100E+02  4.46400E+03
f  12    4 11   12  99  8.00000E+00  1.01200E+01
p  12    4 11   12  98  1.74150E+00 -2.42890E+00 -1.37700E-01  1.26480E-02  8.00000E+00  6.94300E+02  7.22100E+02  1.38900E+04
f  12   19 11   12  99  2.00000E+00  1.01260E+01
p  12   19 11   12  98  8.29190E-01 -2.32010E+00 -8.04800E-02 -1.17400E-04  2.00000E+00  2.23200E+02  2.32100E+02  4.46400E+03
f  12    5 11   13  99  8.00000E+00  1.00960E+01
p  12    5 11   13  98  1.74150E+00 -2.42890E+00 -1.37700E-01  1.26480E-02  8.00000E+00  6.94300E+02  7.22100E+02  1.38900E+04
f  12   20 11   13  99  2.00000E+00  1.01000E+01
p  12   20 11   13  98  8.29190E-01 -2.32010E+00 -8.04800E-02 -1.17400E-04  2.00000E+00  2.23200E+02  2.32100E+02  4.46400E+03
f  12    6 11   14  99  8.00000E+00  1.00182E+01
p  12    6 11   14  98  1.74150E+00 -2.42890E+00 -1.37700E-01  1.26480E-02  8.00000E+00  6.94300E+02  7.22100E+02  1.38900E+04
f  12   21 11   14  99  2.00000E+00  1.00272E+01
p  12   21 11   14  98  8.29190E-01 -2.32010E+00 -8.04800E-02 -1.17400E-04  2.00000E+00  2.23200E+02  2.32100E+02  4.46400E+03
f  12    7 11   15  99  8.00000E+00  1.00162E+01
p  12    7 11   15  98  1.74150E+00 -2.42890E+00 -1.37700E-01  1.26480E-02  8.00000E+00  6.94300E+02  7.22100E+02  1.38900E+04
f  12   22 11   15  99  2.00000E+00  1.00232E+01
p  12   22 11   15  98  8.29190E-01 -2.32010E+00 -8.04800E-02 -1.17400E-04  2.00000E+00  2.23200E+02  2.32100E+02  4.46400E+03
f  12    8 11   16  99  8.00000E+00  1.00011E+01
p  12    8 11   16  98  1.74150E+00 -2.42890E+00 -1.37700E-01  1.26480E-02  8.00000E+00  6.94300E+02  7.22100E+02  1.38900E+04
f  12   23 11   16  99  2.00000E+00  1.00011E+01
p  12   23 11   16  98  8.29190E-01 -2.32010E+00 -8.04800E-02 -1.17400E-04  2.00000E+00  2.23200E+02  2.32100E+02  4.46400E+03
f  12    1 11   17  99  2.00000E+00  1.14600E+01
p  12    1 11   17  98  2.13490E+00 -2.50850E+00 -1.85670E-01  1.81740E-02  2.00000E+00  4.68300E+03  4.87000E+03  9.36600E+04
f  12   24 11   17  99  3.00000E+00  1.21040E+01
p  12   24 11   17  98  8.29190E-01 -2.32010E+00 -8.04800E-02 -1.17400E-04  2.00000E+00  2.23200E+02  2.32100E+02  4.46400E+03
f  12   25 11   17  99  1.00000E+00  1.03960E+01
p  12   25 11   17  99  1.00000E+00  1.03960E+01
f  12   26 11   17  99  1.00000E+00  1.00606E+01
p  12   26 11   17  99  1.00000E+00  1.00606E+01
f  12   27 11   17  99  1.00000E+00  1.01350E+01
p  12   27 11   17  99  1.00000E+00  1.01350E+01
f  12   28 11   17  99  1.00000E+00  1.01090E+01
p  12   28 11   17  99  1.00000E+00  1.01090E+01
f  12   29 11   17  99  1.00000E+00  1.00281E+01
p  12   29 11   17  99  1.00000E+00  1.00281E+01
f  12   30 11   17  99  1.00000E+00  1.00241E+01
p  12   30 11   17  99  1.00000E+00  1.00241E+01
f  12   31 11   17  99  1.00000E+00  1.00011E+01
p  12   31 11   17  99  1.00000E+00  1.00011E+01
f  12    2 11   18  99  2.00000E+00  1.03161E+01
p  12    2 11   18  98  2.13490E+00 -2.50850E+00 -1.85670E-01  1.81740E-02  2.00000E+00  4.68300E+03  4.87000E+03  9.36600E+04
f  12   25 11   18  99  2.00000E+00  1.03960E+01
p  12   25 11   18  98  8.29190E-01 -2.32010E+00 -8.04800E-02 -1.17400E-04  2.00000E+00  2.23200E+02  2.32100E+02  4.46400E+03
f  12    3 11   19  99  2.00000E+00  1.00432E+01
p  12    3 11   19  98  2.13490E+00 -2.50850E+00 -1.85670E-01  1.81740E-02  2.00000E+00  4.68300E+03  4.87000E+03  9.36600E+04
f  12   26 11   19  99  2.00000E+00  1.00606E+01
p  12   26 11   19  98  8.29190E-01 -2.32010E+00 -8.04800E-02 -1.17400E-04  2.00000E+00  2.23200E+02  2.32100E+02  4.46400E+03
f  12    4 11   20  99  2.00000E+00  1.01200E+01
p  12    4 11   20  98  2.13490E+00 -2.50850E+00 -1.85670E-01  1.81740E-02  2.00000E+00  4.68300E+03  4.87000E+03  9.36600E+04
f  12   27 11   20  99  2.00000E+00  1.01350E+01
p  12   27 11   20  98  8.29190E-01 -2.32010E+00 -8.04800E-02 -1.17400E-04  2.00000E+00  2.23200E+02  2.32100E+02  4.46400E+03
f  12    5 11   21  99  2.00000E+00  1.00960E+01
p  12    5 11   21  98  2.13490E+00 -2.50850E+00 -1.85670E-01  1.81740E-02  2.00000E+00  4.68300E+03  4.87000E+03  9.36600E+04
f  12   28 11   21  99  2.00000E+00  1.01090E+01
p  12   28 11   21  98  8.29190E-01 -2.32010E+00 -8.04800E-02 -1.17400E-04  2.00000E+00  2.23200E+02  2.32100E+02  4.46400E+03
f  12    6 11   22  99  2.00000E+00  1.00182E+01
p  12    6 11   22  98  2.13490E+00 -2.50850E+00 -1.85670E-01  1.81740E-02  2.00000E+00  4.68300E+03  4.87000E+03  9.36600E+04
f  12   29 11   22  99  2.00000E+00  1.00281E+01
p  12   29 11   22  98  8.29190E-01 -2.32010E+00 -8.04800E-02 -1.17400E-04  2.00000E+00  2.23200E+02  2.32100E+02  4.46400E+03
f  12    7 11   23  99  2.00000E+00  1.00162E+01
p  12    7 11   23  98  2.13490E+00 -2.50850E+00 -1.85670E-01  1.81740E-02  2.00000E+00  4.68300E+03  4.87000E+03  9.36600E+04
f  12   30 11   23  99  2.00000E+00  1.00241E+01
p  12   30 11   23  98  8.29190E-01 -2.32010E+00 -8.04800E-02 -1.17400E-04  2.00000E+00  2.23200E+02  2.32100E+02  4.46400E+03
f  12    8 11   24  99  2.00000E+00  1.00011E+01
p  12    8 11   24  98  2.13490E+00 -2.50850E+00 -1.85670E-01  1.81740E-02  2.00000E+00  4.68300E+03  4.87000E+03  9.36600E+04
f  12   31 11   24  99  2.00000E+00  1.00011E+01
p  12   31 11   24  98  8.29190E-01 -2.32010E+00 -8.04800E-02 -1.17400E-04  2.00000E+00  2.23200E+02  2.32100E+02  4.46400E+03
a  12    9 11    1   5.48280E+13
a  12   10 11    1   6.19050E+13
a  12   11 11    1   2.48430E+13
a  12   12 11    1   1.14940E+13
a  12   13 11    1   5.89550E+12
a  12   14 11    1   3.27150E+12
a  12   15 11    1   1.93175E+12
a  12   16 11    1   3.91792E+13
a  12   17 11    1   4.34002E+12
a  12   18 11    1   1.32172E+12
a  12   19 11    1   5.14410E+11
a  12   20 11    1   2.37998E+11
a  12   21 11    1   1.22070E+11
a  12   22 11    1   6.77415E+10
a  12   23 11    1   4.00005E+10
a  12   24 11    1   4.42740E+11
a  12   25 11    1   5.25820E+10
a  12   26 11    1   1.56680E+10
a  12   27 11    1   5.96730E+09
a  12   28 11    1   2.76090E+09
a  12   29 11    1   1.41610E+09
a  12   30 11    1   7.85820E+08
a  12   31 11    1   4.64020E+08
a  12   17 11    2   1.30598E+13
a  12   25 11    2   1.47580E+11
a  12   18 11    3   1.30598E+13
a  12   26 11    3   1.47580E+11
a  12   19 11    4   1.30598E+13
a  12   27 11    4   1.47580E+11
a  12   20 11    5   1.30598E+13
a  12   28 11    5   1.47580E+11
a  12   21 11    6   1.30598E+13
a  12   29 11    6   1.47580E+11
a  12   22 11    7   1.30598E+13
a  12   30 11    7   1.47580E+11
a  12   23 11    8   1.30598E+13
a  12   31 11    8   1.47580E+11
a  12   24 11    9   4.60716E+13
a  12   25 11    9   2.89164E+12
a  12   26 11    9   8.68560E+11
a  12   27 11    9   3.31964E+11
a  12   28 11    9   1.53588E+11
a  12   29 11    9   7.87760E+10
a  12   30 11    9   4.37160E+10
a  12   31 11    9   2.58136E+10
a  12   25 11   10   3.07144E+13
a  12   26 11   11   3.07144E+13
a  12   27 11   12   3.07144E+13
a  12   28 11   13   3.07144E+13
a  12   29 11   14   3.07144E+13
a  12   30 11   15   3.07144E+13
a  12   31 11   16   3.07144E+13
b  13    1 13    2  99  1.15221E-01  9.65418E-01 -1.62056E+01  1.58693E+02  2.00000E+01  1.56810E+00  1.56810E+00
b  13    1 13    3  99  1.43318E-01  1.17697E+00 -1.89971E+01  2.06157E+02  2.00000E+01  3.91800E-01  3.91800E-01
b  13    2 13    3  99  2.13708E-01  2.32271E-01  1.06748E+00 -3.35830E-01  2.00439E+00  8.64200E-01  8.64200E-01
b  13    1 13    4  99  1.75734E-01  1.50978E+00 -2.34738E+01  2.54948E+02  2.00000E+01  1.45170E-01  1.45170E-01
b  13    2 13    4  99  3.10508E-01  5.57578E-01  1.61066E+00 -5.98391E-01  2.07593E+00  1.54400E-01  1.54400E-01
b  13    3 13    4  99  2.48768E-01  2.09144E-01  1.82501E+00 -8.69880E-01  2.73654E+00  1.05600E+00  1.05600E+00
b  13    1 13    5  99  1.37123E-01  1.63122E+00 -1.64077E+01  8.49284E+01  2.00000E+01  7.71600E-02  7.71600E-02
b  13    2 13    5  99  3.33890E-01  7.67201E-01  1.71371E+00 -6.04737E-01  2.13287E+00  6.05700E-02  6.05700E-02
b  13    3 13    5  99  2.97490E-01  6.07269E-01  2.17161E+00 -1.05747E+00  2.88320E+00  1.88000E-01  1.88000E-01
b  13    4 13    5  99  2.48167E-01  1.87407E-01  2.28630E+00 -1.27782E+00  3.34947E+00  1.30000E+00  1.30000E+00
b  13    1 13    6  99  1.39187E-01  1.68173E+00 -1.65647E+01  8.56451E+01  2.00000E+01  4.65300E-02  4.65300E-02
b  13    2 13    6  99  3.46140E-01  9.14754E-01  1.73806E+00 -6.12855E-01  2.12025E+00  3.11200E-02  3.11200E-02
b  13    3 13    6  99  2.91315E-01  1.03371E+00  1.34627E+00 -4.31919E-01  2.13841E+00  7.06300E-02  7.06300E-02
b  13    4 13    6  99  2.95412E-01  6.36207E-01  2.63648E+00 -1.41286E+00  3.50355E+00  2.17900E-01  2.17900E-01
b  13    5 13    6  99  2.36474E-01  2.25841E-01  2.24532E+00 -3.47145E-01  4.04560E+00  1.52300E+00  1.52300E+00
b  13    1 13    7  99  1.43359E-01  1.71227E+00 -1.70720E+01  9.63566E+01  2.00000E+01  3.04800E-02  3.04800E-02
b  13    2 13    7  99  3.53345E-01  1.02197E+00  1.73587E+00 -6.07935E-01  2.10287E+00  1.85000E-02  1.85000E-02
b  13    3 13    7  99  3.07504E-01  1.24004E+00  1.41095E+00 -4.77937E-01  2.13789E+00  3.56000E-02  3.56000E-02
b  13    4 13    7  99  3.04602E-01  1.06951E+00  2.08383E+00 -1.03741E+00  2.91515E+00  7.94300E-02  7.94300E-02
b  13    5 13    7  99  2.81564E-01  7.15131E-01  2.44760E+00 -1.37623E+00  3.48660E+00  2.46200E-01  2.46200E-01
b  13    6 13    7  99  2.26385E-01  2.61336E-01  2.10123E+00 -3.09217E-01  4.05303E+00  1.73700E+00  1.73700E+00
b  13    1 13    8  99  1.43298E-01  1.74570E+00 -1.73389E+01  9.77609E+01  2.00000E+01  2.11410E-02  2.11410E-02
b  13    2 13    8  99  3.58594E-01  1.10111E+00  1.73335E+00 -5.84025E-01  2.09716E+00  1.20500E-02  1.20500E-02
b  13    3 13    8  99  3.24165E-01  1.37145E+00  1.58178E+00 -6.21819E-01  2.21131E+00  2.09700E-02  2.09700E-02
b  13    4 13    8  99  3.21157E-01  1.33997E+00  2.13562E+00 -9.92431E-01  2.96331E+00  3.94000E-02  3.94000E-02
b  13    5 13    8  99  3.08709E-01  1.11520E+00  2.57505E+00 -1.38938E+00  3.54248E+00  8.78200E-02  8.78200E-02
b  13    6 13    8  99  2.75539E-01  7.43753E-01  2.54125E+00 -5.19464E-01  4.21207E+00  2.74500E-01  2.74500E-01
b  13    7 13    8  99  1.61462E-01  2.09321E-01  1.44971E+00 -2.33151E-01  3.99870E+00  2.63500E+00  2.63500E+00
b  13    1 13    9  98  0.00000E+00  0.00000E+00  0.00000E+00  0.00000E+00  0.00000E+00  9.41651E-03  1.88330E-04
b  13    2 13    9  99  1.15221E-01  9.65418E-01 -1.62056E+01  1.58693E+02  2.00000E+01  1.01273E+00  1.01273E+00
b  13    1 13   10  98  0.00000E+00  0.00000E+00  0.00000E+00  0.00000E+00  0.00000E+00  1.21513E-02  2.43025E-04
b  13    2 13   10  99  1.43318E-01  1.17697E+00 -1.89971E+01  2.06157E+02  2.00000E+01  2.61200E-01  2.61200E-01
b  13    3 13   10  99  1.15221E-01  9.65418E-01 -1.62056E+01  1.58693E+02  2.00000E+01  1.04540E+00  1.04540E+00
b  13    9 13   10  99  2.13708E-01  2.32271E-01  1.06748E+00 -3.35830E-01  2.00439E+00  1.72840E+00  1.72840E+00
b  13    1 13   11  98  0.00000E+00  0.00000E+00  0.00000E+00  0.00000E+00  0.00000E+00  1.59619E-02  3.19239E-04
b  13    2 13   11  99  1.75734E-01  1.50978E+00 -2.34738E+01  2.54948E+02  2.00000E+01  9.67800E-02  9.67800E-02
b  13    4 13   11  99  1.15221E-01  9.65418E-01 -1.62056E+01  1.58693E+02  2.00000E+01  1.04540E+00  1.04540E+00
b  13    9 13   11  99  3.10508E-01  5.57578E-01  1.61066E+00 -5.98391E-01  2.07593E+00  3.08800E-01  3.08800E-01
b  13   10 13   11  99  2.48768E-01  2.09144E-01  1.82501E+00 -8.69880E-01  2.73654E+00  1.05600E+00  1.05600E+00
b  13    1 13   12  98  0.00000E+00  0.00000E+00  0.00000E+00  0.00000E+00  0.00000E+00  2.04914E-02  4.09828E-04
b  13    2 13   12  99  1.37123E-01  1.63122E+00 -1.64077E+01  8.49284E+01  2.00000E+01  5.14400E-02  5.14400E-02
b  13    5 13   12  99  1.15221E-01  9.65418E-01 -1.62056E+01  1.58693E+02  2.00000E+01  1.04540E+00  1.04540E+00
b  13    9 13   12  99  3.33890E-01  7.67201E-01  1.71371E+00 -6.04737E-01  2.13287E+00  1.21140E-01  1.21140E-01
b  13   10 13   12  99  2.97490E-01  6.07269E-01  2.17161E+00 -1.05747E+00  2.88320E+00  1.88000E-01  1.88000E-01
b  13   11 13   12  99  2.48167E-01  1.87407E-01  2.28630E+00 -1.27782E+00  3.34947E+00  1.30000E+00  1.30000E+00
b  13    1 13   13  98  0.00000E+00  0.00000E+00  0.00000E+00  0.00000E+00  0.00000E+00  2.57513E-02  5.15027E-04
b  13    2 13   13  99  1.39187E-01  1.68173E+00 -1.65647E+01  8.56451E+01  2.00000E+01  3.10200E-02  3.10200E-02
b  13    6 13   13  99  1.15221E-01  9.65418E-01 -1.62056E+01  1.58693E+02  2.00000E+01  1.04540E+00  1.04540E+00
b  13    9 13   13  99  3.46140E-01  9.14754E-01  1.73806E+00 -6.12855E-01  2.12025E+00  6.22400E-02  6.22400E-02
b  13   10 13   13  99  2.91315E-01  1.03371E+00  1.34627E+00 -4.31919E-01  2.13841E+00  7.06300E-02  7.06300E-02
b  13   11 13   13  99  2.95412E-01  6.36207E-01  2.63648E+00 -1.41286E+00  3.50355E+00  2.17900E-01  2.17900E-01
b  13   12 13   13  99  2.36474E-01  2.25841E-01  2.24532E+00 -3.47145E-01  4.04560E+00  1.52300E+00  1.52300E+00
b  13    1 13   14  98  0.00000E+00  0.00000E+00  0.00000E+00  0.00000E+00  0.00000E+00  3.18087E-02  6.36173E-04
b  13    2 13   14  99  1.43359E-01  1.71227E+00 -1.70720E+01  9.63566E+01  2.00000E+01  2.03200E-02  2.03200E-02
b  13    7 13   14  99  1.15221E-01  9.65418E-01 -1.62056E+01  1.58693E+02  2.00000E+01  1.04540E+00  1.04540E+00
b  13    9 13   14  99  3.53345E-01  1.02197E+00  1.73587E+00 -6.07935E-01  2.10287E+00  3.70000E-02  3.70000E-02
b  13   10 13   14  99  3.07504E-01  1.24004E+00  1.41095E+00 -4.77937E-01  2.13789E+00  3.56000E-02  3.56000E-02
b  13   11 13   14  99  3.04602E-01  1.06951E+00  2.08383E+00 -1.03741E+00  2.91515E+00  7.94300E-02  7.94300E-02
b  13   12 13   14  99  2.81564E-01  7.15131E-01  2.44760E+00 -1.37623E+00  3.48660E+00  2.46200E-01  2.46200E-01
b  13   13 13   14  99  2.26385E-01  2.61336E-01  2.10123E+00 -3.09217E-01  4.05303E+00  1.73700E+00  1.73700E+00
b  13    1 13   15  98  0.00000E+00  0.00000E+00  0.00000E+00  0.00000E+00  0.00000E+00  3.85844E-02  7.71689E-04
b  13    2 13   15  99  1.43298E-01  1.74570E+00 -1.73389E+01  9.77609E+01  2.00000E+01  1.40940E-02  1.40940E-02
b  13    8 13   15  99  1.15221E-01  9.65418E-01 -1.62056E+01  1.58693E+02  2.00000E+01  1.04540E+00  1.04540E+00
b  13    9 13   15  99  3.58594E-01  1.10111E+00  1.73335E+00 -5.84025E-01  2.09716E+00  2.41000E-02  2.41000E-02
b  13   10 13   15  99  3.24165E-01  1.37145E+00  1.58178E+00 -6.21819E-01  2.21131E+00  2.09700E-02  2.09700E-02
b  13   11 13   15  99  3.21157E-01  1.33997E+00  2.13562E+00 -9.92431E-01  2.96331E+00  3.94000E-02  3.94000E-02
b  13   12 13   15  99  3.08709E-01  1.11520E+00  2.57505E+00 -1.38938E+00  3.54248E+00  8.78200E-02  8.78200E-02
b  13   13 13   15  99  2.75539E-01  7.43753E-01  2.54125E+00 -5.19464E-01  4.21207E+00  2.74500E-01  2.74500E-01
b  13   14 13   15  99  1.61462E-01  2.09321E-01  1.44971E+00 -2.33151E-01  3.99870E+00  2.63500E+00  2.63500E+00
b  13    1 13   16  99  8.76128E-02  1.24945E+00 -1.86718E+01  3.80250E+01  2.00000E+01  1.92733E+00  1.92733E+00
b  13    1 13   17  99  1.18515E-01  1.60284E+00 -4.17460E+01  3.75992E+02  2.00000E+01  6.13200E-01  6.13200E-01
b  13    2 13   17  99  8.76128E-02  1.24945E+00 -1.86718E+01  3.80250E+01  2.00000E+01  2.05582E+00  2.05582E+00
b  13   16 13   17  99  1.15221E-01  9.65418E-01 -1.62056E+01  1.58693E+02  2.00000E+01  2.09080E+00  2.09080E+00
b  13    1 13   18  99  1.44547E-01  1.86765E+00 -5.82896E+01  6.17813E+02  2.00000E+01  2.65360E-01  2.65360E-01
b  13    3 13   18  99  8.76128E-02  1.24945E+00 -1.86718E+01  3.80250E+01  2.00000E+01  2.05582E+00  2.05582E+00
b  13   16 13   18  99  1.43318E-01  1.17697E+00 -1.89971E+01  2.06157E+02  2.00000E+01  5.22400E-01  5.22400E-01
b  13   17 13   18  99  2.13708E-01  2.32271E-01  1.06748E+00 -3.35830E-01  2.00439E+00  8.64200E-01  8.64200E-01
b  13    1 13   19  99  1.53402E-01  2.09104E+00 -6.23322E+01  6.29815E+02  2.00000E+01  1.28800E-01  1.28800E-01
b  13    4 13   19  99  8.76128E-02  1.24945E+00 -1.86718E+01  3.80250E+01  2.00000E+01  2.05582E+00  2.05582E+00
b  13   16 13   19  99  1.75734E-01  1.50978E+00 -2.34738E+01  2.54948E+02  2.00000E+01  1.93560E-01  1.93560E-01
b  13   17 13   19  99  3.10508E-01  5.57578E-01  1.61066E+00 -5.98391E-01  2.07593E+00  1.54400E-01  1.54400E-01
b  13   18 13   19  99  2.48768E-01  2.09144E-01  1.82501E+00 -8.69880E-01  2.73654E+00  1.05600E+00  1.05600E+00
b  13    1 13   20  99  1.49590E-01  2.05696E+00 -5.98807E+01  5.93993E+02  2.00000E+01  7.69920E-02  7.69920E-02
b  13    5 13   20  99  8.76128E-02  1.24945E+00 -1.86718E+01  3.80250E+01  2.00000E+01  2.05582E+00  2.05582E+00
b  13   16 13   20  99  1.37123E-01  1.63122E+00 -1.64077E+01  8.49284E+01  2.00000E+01  1.02880E-01  1.02880E-01
b  13   17 13   20  99  3.33890E-01  7.67201E-01  1.71371E+00 -6.04737E-01  2.13287E+00  6.05700E-02  6.05700E-02
b  13   18 13   20  99  2.97490E-01  6.07269E-01  2.17161E+00 -1.05747E+00  2.88320E+00  1.88000E-01  1.88000E-01
b  13   19 13   20  99  2.48167E-01  1.87407E-01  2.28630E+00 -1.27782E+00  3.34947E+00  1.30000E+00  1.30000E+00
b  13    1 13   21  99  1.47750E-01  2.03813E+00 -5.86242E+01  5.76184E+02  2.00000E+01  4.98240E-02  4.98240E-02
b  13    6 13   21  99  8.76128E-02  1.24945E+00 -1.86718E+01  3.80250E+01  2.00000E+01  2.05582E+00  2.05582E+00
b  13   16 13   21  99  1.39187E-01  1.68173E+00 -1.65647E+01  8.56451E+01  2.00000E+01  6.20400E-02  6.20400E-02
b  13   17 13   21  99  3.46140E-01  9.14754E-01  1.73806E+00 -6.12855E-01  2.12025E+00  3.11200E-02  3.11200E-02
b  13   18 13   21  99  2.91315E-01  1.03371E+00  1.34627E+00 -4.31919E-01  2.13841E+00  7.06300E-02  7.06300E-02
b  13   19 13   21  99  2.95412E-01  6.36207E-01  2.63648E+00 -1.41286E+00  3.50355E+00  2.17900E-01  2.17900E-01
b  13   20 13   21  99  2.36474E-01  2.25841E-01  2.24532E+00 -3.47145E-01  4.04560E+00  1.52300E+00  1.52300E+00
b  13    1 13   22  99  1.46306E-01  2.02318E+00 -5.76413E+01  5.62266E+02  2.00000E+01  3.41360E-02  3.41360E-02
b  13    7 13   22  99  8.76128E-02  1.24945E+00 -1.86718E+01  3.80250E+01  2.00000E+01  2.05582E+00  2.05582E+00
b  13   16 13   22  99  1.43359E-01  1.71227E+00 -1.70720E+01  9.63566E+01  2.00000E+01  4.06400E-02  4.06400E-02
b  13   17 13   22  99  3.53345E-01  1.02197E+00  1.73587E+00 -6.07935E-01  2.10287E+00  1.85000E-02  1.85000E-02
b  13   18 13   22  99  3.07504E-01  1.24004E+00  1.41095E+00 -4.77937E-01  2.13789E+00  3.56000E-02  3.56000E-02
b  13   19 13   22  99  3.04602E-01  1.06951E+00  2.08383E+00 -1.03741E+00  2.91515E+00  7.94300E-02  7.94300E-02
b  13   20 13   22  99  2.81564E-01  7.15131E-01  2.44760E+00 -1.37623E+00  3.48660E+00  2.46200E-01  2.46200E-01
b  13   21 13   22  99  2.26385E-01  2.61336E-01  2.10123E+00 -3.09217E-01  4.05303E+00  1.73700E+00  1.73700E+00
b  13    1 13   23  99  1.47150E-01  2.03899E+00 -5.86471E+01  5.76458E+02  2.00000E+01  2.44080E-02  2.44080E-02
b  13    8 13   23  99  8.76128E-02  1.24945E+00 -1.86718E+01  3.80250E+01  2.00000E+01  2.05582E+00  2.05582E+00
b  13   16 13   23  99  1.43298E-01  1.74570E+00 -1.73389E+01  9.77609E+01  2.00000E+01  2.81880E-02  2.81880E-02
b  13   17 13   23  99  3.58594E-01  1.10111E+00  1.73335E+00 -5.84025E-01  2.09716E+00  1.20500E-02  1.20500E-02
b  13   18 13   23  99  3.24165E-01  1.37145E+00  1.58178E+00 -6.21819E-01  2.21131E+00  2.09700E-02  2.09700E-02
b  13   19 13   23  99  3.21157E-01  1.33997E+00  2.13562E+00 -9.92431E-01  2.96331E+00  3.94000E-02  3.94000E-02
b  13   20 13   23  99  3.08709E-01  1.11520E+00  2.57505E+00 -1.38938E+00  3.54248E+00  8.78200E-02  8.78200E-02
b  13   21 13   23  99  2.75539E-01  7.43753E-01  2.54125E+00 -5.19464E-01  4.21207E+00  2.74500E-01  2.74500E-01
b  13   22 13   23  99  1.61462E-01  2.09321E-01  1.44971E+00 -2.33151E-01  3.99870E+00  2.63500E+00  2.63500E+00
b  13    1 13   24  99  3.42831E-01  5.10304E-01 -6.68845E+00  2.99055E+01  4.26142E+00  6.10833E-02  6.10833E-02
b  13   16 13   24  99  3.36008E-01  2.96413E-01 -5.42121E+00  2.70367E+01  4.18608E+00  7.10000E-02  7.10000E-02
b  13    1 13   25  99  3.25701E-01  5.49940E-01 -6.78713E+00  2.95349E+01  4.30505E+00  2.30800E-02  2.30800E-02
b  13    2 13   25  99  3.42831E-01  5.10304E-01 -6.68845E+00  2.99055E+01  4.26142E+00  6.51556E-02  6.51556E-02
b  13   17 13   25  99  3.36008E-01  2.96413E-01 -5.42121E+00  2.70367E+01  4.18608E+00  7.10000E-02  7.10000E-02
b  13   24 13   25  99  1.15221E-01  9.65418E-01 -1.62056E+01  1.58693E+02  2.00000E+01  2.09080E+00  2.09080E+00
b  13    1 13   26  99  3.28265E-01  5.60290E-01 -6.82478E+00  2.95400E+01  4.29371E+00  1.05660E-02  1.05660E-02
b  13    3 13   26  99  3.42831E-01  5.10304E-01 -6.68845E+00  2.99055E+01  4.26142E+00  6.51556E-02  6.51556E-02
b  13   18 13   26  99  3.36008E-01  2.96413E-01 -5.42121E+00  2.70367E+01  4.18608E+00  7.10000E-02  7.10000E-02
b  13   24 13   26  99  1.43318E-01  1.17697E+00 -1.89971E+01  2.06157E+02  2.00000E+01  5.22400E-01  5.22400E-01
b  13   25 13   26  99  2.13708E-01  2.32271E-01  1.06748E+00 -3.35830E-01  2.00439E+00  8.64200E-01  8.64200E-01
b  13    1 13   27  99  3.50984E-01  6.14679E-01 -7.53969E+00  3.24562E+01  4.31966E+00  5.43000E-03  5.43000E-03
b  13    4 13   27  99  3.42831E-01  5.10304E-01 -6.68845E+00  2.99055E+01  4.26142E+00  6.51556E-02  6.51556E-02
b  13   19 13   27  99  3.36008E-01  2.96413E-01 -5.42121E+00  2.70367E+01  4.18608E+00  7.10000E-02  7.10000E-02
b  13   24 13   27  99  1.75734E-01  1.50978E+00 -2.34738E+01  2.54948E+02  2.00000E+01  1.93560E-01  1.93560E-01
b  13   25 13   27  99  3.10508E-01  5.57578E-01  1.61066E+00 -5.98391E-01  2.07593E+00  1.54400E-01  1.54400E-01
b  13   26 13   27  99  2.48768E-01  2.09144E-01  1.82501E+00 -8.69880E-01  2.73654E+00  1.05600E+00  1.05600E+00
b  13    1 13   28  99  3.47175E-01  6.09498E-01 -7.48238E+00  3.22224E+01  4.32477E+00  3.28200E-03  3.28200E-03
b  13    5 13   28  99  3.42831E-01  5.10304E-01 -6.68845E+00  2.99055E+01  4.26142E+00  6.51556E-02  6.51556E-02
b  13   20 13   28  99  3.36008E-01  2.96413E-01 -5.42121E+00  2.70367E+01  4.18608E+00  7.10000E-02  7.10000E-02
b  13   24 13   28  99  1.37123E-01  1.63122E+00 -1.64077E+01  8.49284E+01  2.00000E+01  1.02880E-01  1.02880E-01
b  13   25 13   28  99  3.33890E-01  7.67201E-01  1.71371E+00 -6.04737E-01  2.13287E+00  6.05700E-02  6.05700E-02
b  13   26 13   28  99  2.97490E-01  6.07269E-01  2.17161E+00 -1.05747E+00  2.88320E+00  1.88000E-01  1.88000E-01
b  13   27 13   28  99  2.48167E-01  1.87407E-01  2.28630E+00 -1.27782E+00  3.34947E+00  1.30000E+00  1.30000E+00
b  13    1 13   29  99  3.40327E-01  6.19076E-01 -7.49449E+00  3.19923E+01  4.33491E+00  2.13400E-03  2.13400E-03
b  13    6 13   29  99  3.42831E-01  5.10304E-01 -6.68845E+00  2.99055E+01  4.26142E+00  6.51556E-02  6.51556E-02
b  13   21 13   29  99  3.36008E-01  2.96413E-01 -5.42121E+00  2.70367E+01  4.18608E+00  7.10000E-02  7.10000E-02
b  13   24 13   29  99  1.39187E-01  1.68173E+00 -1.65647E+01  8.56451E+01  2.00000E+01  6.20400E-02  6.20400E-02
b  13   25 13   29  99  3.46140E-01  9.14754E-01  1.73806E+00 -6.12855E-01  2.12025E+00  3.11200E-02  3.11200E-02
b  13   26 13   29  99  2.91315E-01  1.03371E+00  1.34627E+00 -4.31919E-01  2.13841E+00  7.06300E-02  7.06300E-02
b  13   27 13   29  99  2.95412E-01  6.36207E-01  2.63648E+00 -1.41286E+00  3.50355E+00  2.17900E-01  2.17900E-01
b  13   28 13   29  99  2.36474E-01  2.25841E-01  2.24532E+00 -3.47145E-01  4.04560E+00  1.52300E+00  1.52300E+00
b  13    1 13   30  99  3.37667E-01  6.26263E-01 -7.65026E+00  3.28079E+01  4.38886E+00  1.46520E-03  1.46520E-03
b  13    7 13   30  99  3.42831E-01  5.10304E-01 -6.68845E+00  2.99055E+01  4.26142E+00  6.51556E-02  6.51556E-02
b  13   22 13   30  99  3.36008E-01  2.96413E-01 -5.42121E+00  2.70367E+01  4.18608E+00  7.10000E-02  7.10000E-02
b  13   24 13   30  99  1.43359E-01  1.71227E+00 -1.70720E+01  9.63566E+01  2.00000E+01  4.06400E-02  4.06400E-02
b  13   25 13   30  99  3.53345E-01  1.02197E+00  1.73587E+00 -6.07935E-01  2.10287E+00  1.85000E-02  1.85000E-02
b  13   26 13   30  99  3.07504E-01  1.24004E+00  1.41095E+00 -4.77937E-01  2.13789E+00  3.56000E-02  3.56000E-02
b  13   27 13   30  99  3.04602E-01  1.06951E+00  2.08383E+00 -1.03741E+00  2.91515E+00  7.94300E-02  7.94300E-02
b  13   28 13   30  99  2.81564E-01  7.15131E-01  2.44760E+00 -1.37623E+00  3.48660E+00  2.46200E-01  2.46200E-01
b  13   29 13   30  99  2.26385E-01  2.61336E-01  2.10123E+00 -3.09217E-01  4.05303E+00  1.73700E+00  1.73700E+00
b  13    1 13   31  99  3.42612E-01  5.89532E-01 -7.21669E+00  3.10682E+01  4.29290E+00  1.04820E-03  1.04820E-03
b  13    8 13   31  99  3.42831E-01  5.10304E-01 -6.68845E+00  2.99055E+01  4.26142E+00  6.51556E-02  6.51556E-02
b  13   23 13   31  99  3.36008E-01  2.96413E-01 -5.42121E+00  2.70367E+01  4.18608E+00  7.10000E-02  7.10000E-02
b  13   24 13   31  99  1.43298E-01  1.74570E+00 -1.73389E+01  9.77609E+01  2.00000E+01  2.81880E-02  2.81880E-02
b  13   25 13   31  99  3.58594E-01  1.10111E+00  1.73335E+00 -5.84025E-01  2.09716E+00  1.20500E-02  1.20500E-02
b  13   26 13   31  99  3.24165E-01  1.37145E+00  1.58178E+00 -6.21819E-01  2.21131E+00  2.09700E-02  2.09700E-02
b  13   27 13   31  99  3.21157E-01  1.33997E+00  2.13562E+00 -9.92431E-01  2.96331E+00  3.94000E-02  3.94000E-02
b  13   28 13   31  99  3.08709E-01  1.11520E+00  2.57505E+00 -1.38938E+00  3.54248E+00  8.78200E-02  8.78200E-02
b  13   29 13   31  99  2.75539E-01  7.43753E-01  2.54125E+00 -5.19464E-01  4.21207E+00  2.74500E-01  2.74500E-01
b  13   30 13   31  99  1.61462E-01  2.09321E-01  1.44971E+00 -2.33151E-01  3.99870E+00  2.63500E+00  2.63500E+00
f  13    1 12    1  99  3.00000E+00  1.11200E+01
p  13    1 12    1  98  8.99320E-01 -2.25960E+00 -9.96460E-02  2.98850E-03  3.00000E+00  1.98900E+02  2.06900E+02  3.97800E+03
f  13    2 12    1  99  1.00000E+00  9.40060E+00
p  13    2 12    1  99  1.00000E+00  9.40060E+00
f  13    3 12    1  99  1.00000E+00  9.06360E+00
p  13    3 12    1  99  1.00000E+00  9.06360E+00
f  13    4 12    1  99  1.00000E+00  9.13800E+00
p  13    4 12    1  99  1.00000E+00  9.13800E+00
f  13    5 12    1  99  1.00000E+00  9.11000E+00
p  13    5 12    1  99  1.00000E+00  9.11000E+00
f  13    6 12    1  99  1.00000E+00  9.02820E+00
p  13    6 12    1  99  1.00000E+00  9.02820E+00
f  13    7 12    1  99  1.00000E+00  9.02420E+00
p  13    7 12    1  99  1.00000E+00  9.02420E+00
f  13    8 12    1  99  1.00000E+00  9.00120E+00
p  13    8 12    1  99  1.00000E+00  9.00120E+00
f  13    2 12    2  99  2.00000E+00  9.40060E+00
p  13    2 12    2  98  8.99320E-01 -2.25960E+00 -9.96460E-02  2.98850E-03  3.00000E+00  1.98900E+02  2.06900E+02  3.97800E+03
f  13    9 12    2  99  2.00000E+00  9.96110E+00
p  13    9 12    2  99  2.00000E+00  9.96110E+00
f  13   10 12    2  99  1.00000E+00  9.12320E+00
p  13   10 12    2  99  1.00000E+00  9.12320E+00
f  13   11 12    2  99  1.00000E+00  9.16000E+00
p  13   11 12    2  99  1.00000E+00  9.16000E+00
f  13   12 12    2  99  1.00000E+00  9.12100E+00
p  13   12 12    2  99  1.00000E+00  9.12100E+00
f  13   13 12    2  99  1.00000E+00  9.03520E+00
p  13   13 12    2  99  1.00000E+00  9.03520E+00
f  13   14 12    2  99  1.00000E+00  9.03020E+00
p  13   14 12    2  99  1.00000E+00  9.03020E+00
f  13   15 12    2  99  1.00000E+00  9.01110E+00
p  13   15 12    2  99  1.00000E+00  9.01110E+00
f  13    3 12    3  99  2.00000E+00  9.06360E+00
p  13    3 12    3  98  8.99320E-01 -2.25960E+00 -9.96460E-02  2.98850E-03  3.00000E+00  1.98900E+02  2.06900E+02  3.97800E+03
f  13   10 12    3  99  1.00000E+00  9.12320E+00
p  13   10 12    3  99  1.00000E+00  9.12320E+00
f  13    4 12    4  99  2.00000E+00  9.13800E+00
p  13    4 12    4  98  8.99320E-01 -2.25960E+00 -9.96460E-02  2.98850E-03  3.00000E+00  1.98900E+02  2.06900E+02  3.97800E+03
f  13   11 12    4  99  1.00000E+00  9.16000E+00
p  13   11 12    4  99  1.00000E+00  9.16000E+00
f  13    5 12    5  99  2.00000E+00  9.11000E+00
p  13    5 12    5  98  8.99320E-01 -2.25960E+00 -9.96460E-02  2.98850E-03  3.00000E+00  1.98900E+02  2.06900E+02  3.97800E+03
f  13   12 12    5  99  1.00000E+00  9.12100E+00
p  13   12 12    5  99  1.00000E+00  9.12100E+00
f  13    6 12    6  99  2.00000E+00  9.02820E+00
p  13    6 12    6  98  8.99320E-01 -2.25960E+00 -9.96460E-02  2.98850E-03  3.00000E+00  1.98900E+02  2.06900E+02  3.97800E+03
f  13   13 12    6  99  1.00000E+00  9.03520E+00
p  13   13 12    6  99  1.00000E+00  9.03520E+00
f  13    7 12    7  99  2.00000E+00  9.02420E+00
p  13    7 12    7  98  8.99320E-01 -2.25960E+00 -9.96460E-02  2.98850E-03  3.00000E+00  1.98900E+02  2.06900E+02  3.97800E+03
f  13   14 12    7  99  1.00000E+00  9.03020E+00
p  13   14 12    7  99  1.00000E+00  9.03020E+00
f  13    8 12    8  99  2.00000E+00  9.00120E+00
p  13    8 12    8  98  8.99320E-01 -2.25960E+00 -9.96460E-02  2.98850E-03  3.00000E+00  1.98900E+02  2.06900E+02  3.97800E+03
f  13   15 12    8  99  1.00000E+00  9.01110E+00
p  13   15 12    8  99  1.00000E+00  9.01110E+00
f  13    9 12    9  99  1.00000E+00  9.96110E+00
p  13    9 12    9  98  8.99320E-01 -2.25960E+00 -9.96460E-02  2.98850E-03  3.00000E+00  1.98900E+02  2.06900E+02  3.97800E+03
f  13   10 12   10  99  1.00000E+00  9.12320E+00
p  13   10 12   10  98  8.99320E-01 -2.25960E+00 -9.96460E-02  2.98850E-03  3.00000E+00  1.98900E+02  2.06900E+02  3.97800E+03
f  13   11 12   11  99  1.00000E+00  9.16000E+00
p  13   11 12   11  98  8.99320E-01 -2.25960E+00 -9.96460E-02  2.98850E-03  3.00000E+00  1.98900E+02  2.06900E+02  3.97800E+03
f  13   12 12   12  99  1.00000E+00  9.12100E+00
p  13   12 12   12  98  8.99320E-01 -2.25960E+00 -9.96460E-02  2.98850E-03  3.00000E+00  1.98900E+02  2.06900E+02  3.97800E+03
f  13   13 12   13  99  1.00000E+00  9.03520E+00
p  13   13 12   13  98  8.99320E-01 -2.25960E+00 -9.96460E-02  2.98850E-03  3.00000E+00  1.98900E+02  2.06900E+02  3.97800E+03
f  13   14 12   14  99  1.00000E+00  9.03020E+00
p  13   14 12   14  98  8.99320E-01 -2.25960E+00 -9.96460E-02  2.98850E-03  3.00000E+00  1.98900E+02  2.06900E+02  3.97800E+03
f  13   15 12   15  99  1.00000E+00  9.01110E+00
p  13   15 12   15  98  8.99320E-01 -2.25960E+00 -9.96460E-02  2.98850E-03  3.00000E+00  1.98900E+02  2.06900E+02  3.97800E+03
f  13    1 12   16  99  8.00000E+00  1.11200E+01
p  13    1 12   16  98  1.79830E+00 -2.40680E+00 -1.46380E-01  1.40820E-02  8.00000E+00  6.63600E+02  6.90200E+02  1.32700E+04
f  13   16 12   16  99  4.00000E+00  1.16840E+01
p  13   16 12   16  98  8.99320E-01 -2.25960E+00 -9.96460E-02  2.98850E-03  3.00000E+00  1.98900E+02  2.06900E+02  3.97800E+03
f  13   17 12   16  99  1.00000E+00  9.45730E+00
p  13   17 12   16  99  1.00000E+00  9.45730E+00
f  13   18 12   16  99  1.00000E+00  9.08190E+00
p  13   18 12   16  99  1.00000E+00  9.08190E+00
f  13   19 12   16  99  1.00000E+00  9.14400E+00
p  13   19 12   16  99  1.00000E+00  9.14400E+00
f  13   20 12   16  99  1.00000E+00  9.11400E+00
p  13   20 12   16  99  1.00000E+00  9.11400E+00
f  13   21 12   16  99  1.00000E+00  9.03720E+00
p  13   21 12   16  99  1.00000E+00  9.03720E+00
f  13   22 12   16  99  1.00000E+00  9.03120E+00
p  13   22 12   16  99  1.00000E+00  9.03120E+00
f  13   23 12   16  99  1.00000E+00  9.00120E+00
p  13   23 12   16  99  1.00000E+00  9.00120E+00
f  13    2 12   17  99  8.00000E+00  9.40060E+00
p  13    2 12   17  98  1.79830E+00 -2.40680E+00 -1.46380E-01  1.40820E-02  8.00000E+00  6.63600E+02  6.90200E+02  1.32700E+04
f  13   17 12   17  99  3.00000E+00  9.45730E+00
p  13   17 12   17  98  8.99320E-01 -2.25960E+00 -9.96460E-02  2.98850E-03  3.00000E+00  1.98900E+02  2.06900E+02  3.97800E+03
f  13    3 12   18  99  8.00000E+00  9.06360E+00
p  13    3 12   18  98  1.79830E+00 -2.40680E+00 -1.46380E-01  1.40820E-02  8.00000E+00  6.63600E+02  6.90200E+02  1.32700E+04
f  13   18 12   18  99  3.00000E+00  9.08190E+00
p  13   18 12   18  98  8.99320E-01 -2.25960E+00 -9.96460E-02  2.98850E-03  3.00000E+00  1.98900E+02  2.06900E+02  3.97800E+03
f  13    4 12   19  99  8.00000E+00  9.13800E+00
p  13    4 12   19  98  1.79830E+00 -2.40680E+00 -1.46380E-01  1.40820E-02  8.00000E+00  6.63600E+02  6.90200E+02  1.32700E+04
f  13   19 12   19  99  3.00000E+00  9.14400E+00
p  13   19 12   19  98  8.99320E-01 -2.25960E+00 -9.96460E-02  2.98850E-03  3.00000E+00  1.98900E+02  2.06900E+02  3.97800E+03
f  13    5 12   20  99  8.00000E+00  9.11000E+00
p  13    5 12   20  98  1.79830E+00 -2.40680E+00 -1.46380E-01  1.40820E-02  8.00000E+00  6.63600E+02  6.90200E+02  1.32700E+04
f  13   20 12   20  99  3.00000E+00  9.11400E+00
p  13   20 12   20  98  8.99320E-01 -2.25960E+00 -9.96460E-02  2.98850E-03  3.00000E+00  1.98900E+02  2.06900E+02  3.97800E+03
f  13    6 12   21  99  8.00000E+00  9.02820E+00
p  13    6 12   21  98  1.79830E+00 -2.40680E+00 -1.46380E-01  1.40820E-02  8.00000E+00  6.63600E+02  6.90200E+02  1.32700E+04
f  13   21 12   21  99  3.00000E+00  9.03720E+00
p  13   21 12   21  98  8.99320E-01 -2.25960E+00 -9.96460E-02  2.98850E-03  3.00000E+00  1.98900E+02  2.06900E+02  3.97800E+03
f  13    7 12   22  99  8.00000E+00  9.02420E+00
p  13    7 12   22  98  1.79830E+00 -2.40680E+00 -1.46380E-01  1.40820E-02  8.00000E+00  6.63600E+02  6.90200E+02  1.32700E+04
f  13   22 12   22  99  3.00000E+00  9.03120E+00
p  13   22 12   22  98  8.99320E-01 -2.25960E+00 -9.96460E-02  2.98850E-03  3.00000E+00  1.98900E+02  2.06900E+02  3.97800E+03
f  13    8 12   23  99  8.00000E+00  9.00120E+00
p  13    8 12   23  98  1.79830E+00 -2.40680E+00 -1.46380E-01  1.40820E-02  8.00000E+00  6.63600E+02  6.90200E+02  1.32700E+04
f  13   23 12   23  99  3.00000E+00  9.00120E+00
p  13   23 12   23  98  8.99320E-01 -2.25960E+00 -9.96460E-02  2.98850E-03  3.00000E+00  1.98900E+02  2.06900E+02  3.97800E+03
f  13    1 12   24  99  2.00000E+00  1.11200E+01
p  13    1 12   24  98  2.14600E+00 -2.50810E+00 -1.84480E-01  1.78690E-02  2.00000E+00  4.65100E+03  4.83700E+03  9.30100E+04
f  13   24 12   24  99  4.00000E+00  1.17640E+01
p  13   24 12   24  98  8.99320E-01 -2.25960E+00 -9.96460E-02  2.98850E-03  3.00000E+00  1.98900E+02  2.06900E+02  3.97800E+03
f  13   25 12   24  99  1.00000E+00  9.48050E+00
p  13   25 12   24  99  1.00000E+00  9.48050E+00
f  13   26 12   24  99  1.00000E+00  9.08100E+00
p  13   26 12   24  99  1.00000E+00  9.08100E+00
f  13   27 12   24  99  1.00000E+00  9.15300E+00
p  13   27 12   24  99  1.00000E+00  9.15300E+00
f  13   28 12   24  99  1.00000E+00  9.12300E+00
p  13   28 12   24  99  1.00000E+00  9.12300E+00
f  13   29 12   24  99  1.00000E+00  9.03810E+00
p  13   29 12   24  99  1.00000E+00  9.03810E+00
f  13   30 12   24  99  1.00000E+00  9.03210E+00
p  13   30 12   24  99  1.00000E+00  9.03210E+00
f  13   31 12   24  99  1.00000E+00  9.00120E+00
p  13   31 12   24  99  1.00000E+00  9.00120E+00
f  13    2 12   25  99  2.00000E+00  9.40060E+00
p  13    2 12   25  98  2.14600E+00 -2.50810E+00 -1.84480E-01  1.78690E-02  2.00000E+00  4.65100E+03  4.83700E+03  9.30100E+04
f  13   25 12   25  99  3.00000E+00  9.48050E+00
p  13   25 12   25  98  8.99320E-01 -2.25960E+00 -9.96460E-02  2.98850E-03  3.00000E+00  1.98900E+02  2.06900E+02  3.97800E+03
f  13    3 12   26  99  2.00000E+00  9.06360E+00
p  13    3 12   26  98  2.14600E+00 -2.50810E+00 -1.84480E-01  1.78690E-02  2.00000E+00  4.65100E+03  4.83700E+03  9.30100E+04
f  13   26 12   26  99  3.00000E+00  9.08100E+00
p  13   26 12   26  98  8.99320E-01 -2.25960E+00 -9.96460E-02  2.98850E-03  3.00000E+00  1.98900E+02  2.06900E+02  3.97800E+03
f  13    4 12   27  99  2.00000E+00  9.13800E+00
p  13    4 12   27  98  2.14600E+00 -2.50810E+00 -1.84480E-01  1.78690E-02  2.00000E+00  4.65100E+03  4.83700E+03  9.30100E+04
f  13   27 12   27  99  3.00000E+00  9.15300E+00
p  13   27 12   27  98  8.99320E-01 -2.25960E+00 -9.96460E-02  2.98850E-03  3.00000E+00  1.98900E+02  2.06900E+02  3.97800E+03
f  13    5 12   28  99  2.00000E+00  9.11000E+00
p  13    5 12   28  98  2.14600E+00 -2.50810E+00 -1.84480E-01  1.78690E-02  2.00000E+00  4.65100E+03  4.83700E+03  9.30100E+04
f  13   28 12   28  99  3.00000E+00  9.12300E+00
p  13   28 12   28  98  8.99320E-01 -2.25960E+00 -9.96460E-02  2.98850E-03  3.00000E+00  1.98900E+02  2.06900E+02  3.97800E+03
f  13    6 12   29  99  2.00000E+00  9.02820E+00
p  13    6 12   29  98  2.14600E+00 -2.50810E+00 -1.84480E-01  1.78690E-02  2.00000E+00  4.65100E+03  4.83700E+03  9.30100E+04
f  13   29 12   29  99  3.00000E+00  9.03810E+00
p  13   29 12   29  98  8.99320E-01 -2.25960E+00 -9.96460E-02  2.98850E-03  3.00000E+00  1.98900E+02  2.06900E+02  3.97800E+03
f  13    7 12   30  99  2.00000E+00  9.02420E+00
p  13    7 12   30  98  2.14600E+00 -2.50810E+00 -1.84480E-01  1.78690E-02  2.00000E+00  4.65100E+03  4.83700E+03  9.30100E+04
f  13   30 12   30  99  3.00000E+00  9.03210E+00
p  13   30 12   30  98  8.99320E-01 -2.25960E+00 -9.96460E-02  2.98850E-03  3.00000E+00  1.98900E+02  2.06900E+02  3.97800E+03
f  13    8 12   31  99  2.00000E+00  9.00120E+00
p  13    8 12   31  98  2.14600E+00 -2.50810E+00 -1.84480E-01  1.78690E-02  2.00000E+00  4.65100E+03  4.83700E+03  9.30100E+04
f  13   31 12   31  99  3.00000E+00  9.00120E+00
p  13   31 12   31  98  8.99320E-01 -2.25960E+00 -9.96460E-02  2.98850E-03  3.00000E+00  1.98900E+02  2.06900E+02  3.97800E+03
a  13    9 12    1   1.02878E+14
a  13   10 12    1   5.14061E+13
a  13   11 12    1   2.02338E+13
a  13   12 12    1   9.36133E+12
a  13   13 12    1   4.80156E+12
a  13   14 12    1   2.66451E+12
a  13   15 12    1   1.57340E+12
a  13   16 12    1   6.96015E+13
a  13   17 12    1   5.33138E+12
a  13   18 12    1   1.59694E+12
a  13   19 12    1   6.19054E+11
a  13   20 12    1   2.86414E+11
a  13   21 12    1   1.46902E+11
a  13   22 12    1   8.15220E+10
a  13   23 12    1   4.81376E+10
a  13   24 12    1   7.87800E+11
a  13   25 12    1   6.48930E+10
a  13   26 12    1   1.90140E+10
a  13   27 12    1   7.17150E+09
a  13   28 12    1   3.31800E+09
a  13   29 12    1   1.70190E+09
a  13   30 12    1   9.44400E+08
a  13   31 12    1   5.57655E+08
a  13   17 12    2   3.48008E+13
a  13   25 12    2   3.93900E+11
a  13   18 12    3   3.48008E+13
a  13   26 12    3   3.93900E+11
a  13   19 12    4   3.48008E+13
a  13   27 12    4   3.93900E+11
a  13   20 12    5   3.48008E+13
a  13   28 12    5   3.93900E+11
a  13   21 12    6   3.48008E+13
a  13   29 12    6   3.93900E+11
a  13   22 12    7   3.48008E+13
a  13   30 12    7   3.93900E+11
a  13   23 12    8   3.48008E+13
a  13   31 12    8   3.93900E+11
a  13   24 12   16   5.77024E+13
a  13   25 12   16   2.50568E+12
a  13   26 12   16   7.39680E+11
a  13   27 12   16   2.80040E+11
a  13   28 12   16   1.29564E+11
a  13   29 12   16   6.64560E+10
a  13   30 12   16   3.68776E+10
a  13   31 12   16   2.17760E+10
a  13   25 12   17   4.32768E+13
a  13   26 12   18   4.32768E+13
a  13   27 12   19   4.32768E+13
a  13   28 12   20   4.32768E+13
a  13   29 12   21   4.32768E+13
a  13   30 12   22   4.32768E+13
a  13   31 12   23   4.32768E+13
b  14    1 14    2  99  1.12522E-01  9.85049E-01 -1.52731E+01  1.39476E+02  2.00000E+01  1.83760E+00  1.83760E+00
b  14    1 14    3  99  1.35551E-01  1.15977E+00 -1.78721E+01  1.82143E+02  2.00000E+01  5.04400E-01  5.04400E-01
b  14    2 14    3  99  2.27986E-01  1.44338E-01  1.73620E+00 -8.49178E-01  2.76519E+00  8.34000E-01  8.34000E-01
b  14    1 14    4  99  1.74271E-01  1.46468E+00 -2.27256E+01  2.45451E+02  2.00000E+01  1.88880E-01  1.88880E-01
b  14    2 14    4  99  3.02637E-01  6.05593E-01  1.46499E+00 -4.72530E-01  2.03578E+00  1.48700E-01  1.48700E-01
b  14    3 14    4  99  2.61413E-01  1.59417E-01  2.44212E+00 -1.38449E+00  3.33877E+00  1.02600E+00  1.02600E+00
b  14    1 14    5  99  1.76467E-01  1.51244E+00 -2.27546E+01  2.46569E+02  2.00000E+01  1.02040E-01  1.02040E-01
b  14    2 14    5  99  3.28721E-01  7.91090E-01  1.65020E+00 -5.82910E-01  2.11841E+00  5.91900E-02  5.91900E-02
b  14    3 14    5  99  2.90399E-01  6.50514E-01  2.08465E+00 -1.04342E+00  2.87667E+00  1.82900E-01  1.82900E-01
b  14    4 14    5  99  2.45168E-01  2.09116E-01  2.36986E+00 -4.35738E-01  4.04421E+00  1.28200E+00  1.28200E+00
b  14    1 14    6  99  1.77442E-01  1.54710E+00 -2.27964E+01  2.47011E+02  2.00000E+01  6.21200E-02  6.21200E-02
b  14    2 14    6  99  3.40359E-01  9.30266E-01  1.66658E+00 -6.01241E-01  2.07825E+00  3.06600E-02  3.06600E-02
b  14    3 14    6  99  3.13524E-01  9.40991E-01  2.16337E+00 -1.03008E+00  2.88739E+00  6.91200E-02  6.91200E-02
b  14    4 14    6  99  2.87542E-01  6.84163E-01  2.50047E+00 -1.36605E+00  3.47681E+00  2.13600E-01  2.13600E-01
b  14    5 14    6  99  2.31184E-01  2.60753E-01  2.14749E+00 -3.32041E-01  4.04354E+00  1.51200E+00  1.51200E+00
b  14    1 14    7  99  1.78005E-01  1.57162E+00 -2.27544E+01  2.46024E+02  2.00000E+01  4.09200E-02  4.09200E-02
b  14    2 14    7  99  3.48937E-01  1.02246E+00  1.72513E+00 -6.14503E-01  2.13377E+00  1.83200E-02  1.83200E-02
b  14    3 14    7  99  3.27560E-01  1.14705E+00  2.19869E+00 -1.01393E+00  2.88949E+00  3.50100E-02  3.50100E-02
b  14    4 14    7  99  2.99846E-01  1.10079E+00  2.08496E+00 -1.06482E+00  3.00502E+00  7.79900E-02  7.79900E-02
b  14    5 14    7  99  2.76699E-01  7.49598E-01  2.40264E+00 -1.34922E+00  3.54326E+00  2.42600E-01  2.42600E-01
b  14    6 14    7  99  2.21879E-01  2.91957E-01  2.01903E+00 -3.41523E-01  4.02940E+00  1.73100E+00  1.73100E+00
b  14    1 14    8  99  1.79870E-01  1.58112E+00 -2.25003E+01  2.43845E+02  2.00000E+01  2.85000E-02  2.85000E-02
b  14    2 14    8  99  3.54042E-01  1.09507E+00  1.72963E+00 -6.15757E-01  2.12205E+00  1.19700E-02  1.19700E-02
b  14    3 14    8  99  3.10018E-01  1.42031E+00  1.37455E+00 -4.60211E-01  2.14577E+00  2.07100E-02  2.07100E-02
b  14    4 14    8  99  3.16294E-01  1.36690E+00  2.13934E+00 -1.06113E+00  3.01212E+00  3.87900E-02  3.87900E-02
b  14    5 14    8  99  3.03113E-01  1.15445E+00  2.50243E+00 -1.40564E+00  3.53386E+00  8.64600E-02  8.64600E-02
b  14    6 14    8  99  2.67239E-01  7.94013E-01  2.32086E+00 -2.54854E-01  4.19796E+00  2.71500E-01  2.71500E-01
b  14    7 14    8  99  7.41586E-02  1.07082E-01  6.50971E-01 -1.02507E-01  3.98629E+00  5.62900E+00  5.62900E+00
b  14    1 14    9  98  0.00000E+00  0.00000E+00  0.00000E+00  0.00000E+00  0.00000E+00  1.49059E-02  2.98119E-04
b  14    2 14    9  99  1.12522E-01  9.85049E-01 -1.52731E+01  1.39476E+02  2.00000E+01  1.33513E+00  1.33513E+00
b  14    1 14   10  98  0.00000E+00  0.00000E+00  0.00000E+00  0.00000E+00  0.00000E+00  1.93299E-02  3.86598E-04
b  14    2 14   10  99  1.35551E-01  1.15977E+00 -1.78721E+01  1.82143E+02  2.00000E+01  3.78300E-01  3.78300E-01
b  14    3 14   10  99  1.12522E-01  9.85049E-01 -1.52731E+01  1.39476E+02  2.00000E+01  1.37820E+00  1.37820E+00
b  14    9 14   10  99  2.27986E-01  1.44338E-01  1.73620E+00 -8.49178E-01  2.76519E+00  1.66800E+00  1.66800E+00
b  14    1 14   11  98  0.00000E+00  0.00000E+00  0.00000E+00  0.00000E+00  0.00000E+00  2.55553E-02  5.11107E-04
b  14    2 14   11  99  1.74271E-01  1.46468E+00 -2.27256E+01  2.45451E+02  2.00000E+01  1.41660E-01  1.41660E-01
b  14    4 14   11  99  1.12522E-01  9.85049E-01 -1.52731E+01  1.39476E+02  2.00000E+01  1.37820E+00  1.37820E+00
b  14    9 14   11  99  3.02637E-01  6.05593E-01  1.46499E+00 -4.72530E-01  2.03578E+00  2.97400E-01  2.97400E-01
b  14   10 14   11  99  2.61413E-01  1.59417E-01  2.44212E+00 -1.38449E+00  3.33877E+00  1.02600E+00  1.02600E+00
b  14    1 14   12  98  0.00000E+00  0.00000E+00  0.00000E+00  0.00000E+00  0.00000E+00  3.29071E-02  6.58142E-04
b  14    2 14   12  99  1.76467E-01  1.51244E+00 -2.27546E+01  2.46569E+02  2.00000E+01  7.65300E-02  7.65300E-02
b  14    5 14   12  99  1.12522E-01  9.85049E-01 -1.52731E+01  1.39476E+02  2.00000E+01  1.37820E+00  1.37820E+00
b  14    9 14   12  99  3.28721E-01  7.91090E-01  1.65020E+00 -5.82910E-01  2.11841E+00  1.18380E-01  1.18380E-01
b  14   10 14   12  99  2.90399E-01  6.50514E-01  2.08465E+00 -1.04342E+00  2.87667E+00  1.82900E-01  1.82900E-01
b  14   11 14   12  99  2.45168E-01  2.09116E-01  2.36986E+00 -4.35738E-01  4.04421E+00  1.28200E+00  1.28200E+00
b  14    1 14   13  98  0.00000E+00  0.00000E+00  0.00000E+00  0.00000E+00  0.00000E+00  4.14272E-02  8.28544E-04
b  14    2 14   13  99  1.77442E-01  1.54710E+00 -2.27964E+01  2.47011E+02  2.00000E+01  4.65900E-02  4.65900E-02
b  14    6 14   13  99  1.12522E-01  9.85049E-01 -1.52731E+01  1.39476E+02  2.00000E+01  1.37820E+00  1.37820E+00
b  14    9 14   13  99  3.40359E-01  9.30266E-01  1.66658E+00 -6.01241E-01  2.07825E+00  6.13200E-02  6.13200E-02
b  14   10 14   13  99  3.13524E-01  9.40991E-01  2.16337E+00 -1.03008E+00  2.88739E+00  6.91200E-02  6.91200E-02
b  14   11 14   13  99  2.87542E-01  6.84163E-01  2.50047E+00 -1.36605E+00  3.47681E+00  2.13600E-01  2.13600E-01
b  14   12 14   13  99  2.31184E-01  2.60753E-01  2.14749E+00 -3.32041E-01  4.04354E+00  1.51200E+00  1.51200E+00
b  14    1 14   14  98  0.00000E+00  0.00000E+00  0.00000E+00  0.00000E+00  0.00000E+00  5.12395E-02  1.02479E-03
b  14    2 14   14  99  1.78005E-01  1.57162E+00 -2.27544E+01  2.46024E+02  2.00000E+01  3.06900E-02  3.06900E-02
b  14    7 14   14  99  1.12522E-01  9.85049E-01 -1.52731E+01  1.39476E+02  2.00000E+01  1.37820E+00  1.37820E+00
b  14    9 14   14  99  3.48937E-01  1.02246E+00  1.72513E+00 -6.14503E-01  2.13377E+00  3.66400E-02  3.66400E-02
b  14   10 14   14  99  3.27560E-01  1.14705E+00  2.19869E+00 -1.01393E+00  2.88949E+00  3.50100E-02  3.50100E-02
b  14   11 14   14  99  2.99846E-01  1.10079E+00  2.08496E+00 -1.06482E+00  3.00502E+00  7.79900E-02  7.79900E-02
b  14   12 14   14  99  2.76699E-01  7.49598E-01  2.40264E+00 -1.34922E+00  3.54326E+00  2.42600E-01  2.42600E-01
b  14   13 14   14  99  2.21879E-01  2.91957E-01  2.01903E+00 -3.41523E-01  4.02940E+00  1.73100E+00  1.73100E+00
b  14    1 14   15  98  0.00000E+00  0.00000E+00  0.00000E+00  0.00000E+00  0.00000E+00  6.22036E-02  1.24407E-03
b  14    2 14   15  99  1.79870E-01  1.58112E+00 -2.25003E+01  2.43845E+02  2.00000E+01  2.13750E-02  2.13750E-02
b  14    8 14   15  99  1.12522E-01  9.85049E-01 -1.52731E+01  1.39476E+02  2.00000E+01  1.37820E+00  1.37820E+00
b  14    9 14   15  99  3.54042E-01  1.09507E+00  1.72963E+00 -6.15757E-01  2.12205E+00  2.39400E-02  2.39400E-02
b  14   10 14   15  99  3.10018E-01  1.42031E+00  1.37455E+00 -4.60211E-01  2.14577E+00  2.07100E-02  2.07100E-02
b  14   11 14   15  99  3.16294E-01  1.36690E+00  2.13934E+00 -1.06113E+00  3.01212E+00  3.87900E-02  3.87900E-02
b  14   12 14   15  99  3.03113E-01  1.15445E+00  2.50243E+00 -1.40564E+00  3.53386E+00  8.64600E-02  8.64600E-02
b  14   13 14   15  99  2.67239E-01  7.94013E-01  2.32086E+00 -2.54854E-01  4.19796E+00  2.71500E-01  2.71500E-01
b  14   14 14   15  99  7.41586E-02  1.07082E-01  6.50971E-01 -1.02507E-01  3.98629E+00  5.62900E+00  5.62900E+00
b  14    1 14   16  99  9.13009E-02  1.28058E+00 -1.96659E+01  5.08804E+01  2.00000E+01  1.64516E+00  1.64516E+00
b  14    1 14   17  99  1.03335E-01  1.45514E+00 -3.10771E+01  2.16094E+02  2.00000E+01  5.38960E-01  5.38960E-01
b  14    2 14   17  99  9.13009E-02  1.28058E+00 -1.96659E+01  5.08804E+01  2.00000E+01  1.76267E+00  1.76267E+00
b  14   16 14   17  99  1.12522E-01  9.85049E-01 -1.52731E+01  1.39476E+02  2.00000E+01  2.29700E+00  2.29700E+00
b  14    1 14   18  99  1.48513E-01  1.87575E+00 -6.04285E+01  6.55329E+02  2.00000E+01  2.34720E-01  2.34720E-01
b  14    3 14   18  99  9.13009E-02  1.28058E+00 -1.96659E+01  5.08804E+01  2.00000E+01  1.76267E+00  1.76267E+00
b  14   16 14   18  99  1.35551E-01  1.15977E+00 -1.78721E+01  1.82143E+02  2.00000E+01  6.30500E-01  6.30500E-01
b  14   17 14   18  99  2.27986E-01  1.44338E-01  1.73620E+00 -8.49178E-01  2.76519E+00  8.34000E-01  8.34000E-01
b  14    1 14   19  99  1.58946E-01  2.10453E+00 -6.55560E+01  6.85694E+02  2.00000E+01  1.14160E-01  1.14160E-01
b  14    4 14   19  99  9.13009E-02  1.28058E+00 -1.96659E+01  5.08804E+01  2.00000E+01  1.76267E+00  1.76267E+00
b  14   16 14   19  99  1.74271E-01  1.46468E+00 -2.27256E+01  2.45451E+02  2.00000E+01  2.36100E-01  2.36100E-01
b  14   17 14   19  99  3.02637E-01  6.05593E-01  1.46499E+00 -4.72530E-01  2.03578E+00  1.48700E-01  1.48700E-01
b  14   18 14   19  99  2.61413E-01  1.59417E-01  2.44212E+00 -1.38449E+00  3.33877E+00  1.02600E+00  1.02600E+00
b  14    1 14   20  99  1.55547E-01  2.08051E+00 -6.40378E+01  6.63450E+02  2.00000E+01  6.83360E-02  6.83360E-02
b  14    5 14   20  99  9.13009E-02  1.28058E+00 -1.96659E+01  5.08804E+01  2.00000E+01  1.76267E+00  1.76267E+00
b  14   16 14   20  99  1.76467E-01  1.51244E+00 -2.27546E+01  2.46569E+02  2.00000E+01  1.27550E-01  1.27550E-01
b  14   17 14   20  99  3.28721E-01  7.91090E-01  1.65020E+00 -5.82910E-01  2.11841E+00  5.91900E-02  5.91900E-02
b  14   18 14   20  99  2.90399E-01  6.50514E-01  2.08465E+00 -1.04342E+00  2.87667E+00  1.82900E-01  1.82900E-01
b  14   19 14   20  99  2.45168E-01  2.09116E-01  2.36986E+00 -4.35738E-01  4.04421E+00  1.28200E+00  1.28200E+00
b  14    1 14   21  99  1.52738E-01  2.04972E+00 -6.22392E+01  6.38555E+02  2.00000E+01  4.42480E-02  4.42480E-02
b  14    6 14   21  99  9.13009E-02  1.28058E+00 -1.96659E+01  5.08804E+01  2.00000E+01  1.76267E+00  1.76267E+00
b  14   16 14   21  99  1.77442E-01  1.54710E+00 -2.27964E+01  2.47011E+02  2.00000E+01  7.76500E-02  7.76500E-02
b  14   17 14   21  99  3.40359E-01  9.30266E-01  1.66658E+00 -6.01241E-01  2.07825E+00  3.06600E-02  3.06600E-02
b  14   18 14   21  99  3.13524E-01  9.40991E-01  2.16337E+00 -1.03008E+00  2.88739E+00  6.91200E-02  6.91200E-02
b  14   19 14   21  99  2.87542E-01  6.84163E-01  2.50047E+00 -1.36605E+00  3.47681E+00  2.13600E-01  2.13600E-01
b  14   20 14   21  99  2.31184E-01  2.60753E-01  2.14749E+00 -3.32041E-01  4.04354E+00  1.51200E+00  1.51200E+00
b  14    1 14   22  99  1.52339E-01  2.04870E+00 -6.23287E+01  6.40292E+02  2.00000E+01  3.03200E-02  3.03200E-02
b  14    7 14   22  99  9.13009E-02  1.28058E+00 -1.96659E+01  5.08804E+01  2.00000E+01  1.76267E+00  1.76267E+00
b  14   16 14   22  99  1.78005E-01  1.57162E+00 -2.27544E+01  2.46024E+02  2.00000E+01  5.11500E-02  5.11500E-02
b  14   17 14   22  99  3.48937E-01  1.02246E+00  1.72513E+00 -6.14503E-01  2.13377E+00  1.83200E-02  1.83200E-02
b  14   18 14   22  99  3.27560E-01  1.14705E+00  2.19869E+00 -1.01393E+00  2.88949E+00  3.50100E-02  3.50100E-02
b  14   19 14   22  99  2.99846E-01  1.10079E+00  2.08496E+00 -1.06482E+00  3.00502E+00  7.79900E-02  7.79900E-02
b  14   20 14   22  99  2.76699E-01  7.49598E-01  2.40264E+00 -1.34922E+00  3.54326E+00  2.42600E-01  2.42600E-01
b  14   21 14   22  99  2.21879E-01  2.91957E-01  2.01903E+00 -3.41523E-01  4.02940E+00  1.73100E+00  1.73100E+00
b  14    1 14   23  99  1.50006E-01  2.02442E+00 -6.08088E+01  6.18699E+02  2.00000E+01  2.16800E-02  2.16800E-02
b  14    8 14   23  99  9.13009E-02  1.28058E+00 -1.96659E+01  5.08804E+01  2.00000E+01  1.76267E+00  1.76267E+00
b  14   16 14   23  99  1.79870E-01  1.58112E+00 -2.25003E+01  2.43845E+02  2.00000E+01  3.56250E-02  3.56250E-02
b  14   17 14   23  99  3.54042E-01  1.09507E+00  1.72963E+00 -6.15757E-01  2.12205E+00  1.19700E-02  1.19700E-02
b  14   18 14   23  99  3.10018E-01  1.42031E+00  1.37455E+00 -4.60211E-01  2.14577E+00  2.07100E-02  2.07100E-02
b  14   19 14   23  99  3.16294E-01  1.36690E+00  2.13934E+00 -1.06113E+00  3.01212E+00  3.87900E-02  3.87900E-02
b  14   20 14   23  99  3.03113E-01  1.15445E+00  2.50243E+00 -1.40564E+00  3.53386E+00  8.64600E-02  8.64600E-02
b  14   21 14   23  99  2.67239E-01  7.94013E-01  2.32086E+00 -2.54854E-01  4.19796E+00  2.71500E-01  2.71500E-01
b  14   22 14   23  99  7.41586E-02  1.07082E-01  6.50971E-01 -1.02507E-01  3.98629E+00  5.62900E+00  5.62900E+00
b  14    1 14   24  99  3.39623E-01  4.81773E-01 -6.48005E+00  2.93330E+01  4.25510E+00  5.43200E-02  5.43200E-02
b  14   16 14   24  99  3.34974E-01  3.00564E-01 -5.46241E+00  2.72037E+01  4.19970E+00  7.07000E-02  7.07000E-02
b  14    1 14   25  99  3.34125E-01  5.44531E-01 -6.81570E+00  2.98992E+01  4.29326E+00  1.99260E-02  1.99260E-02
b  14    2 14   25  99  3.39623E-01  4.81773E-01 -6.48005E+00  2.93330E+01  4.25510E+00  5.82000E-02  5.82000E-02
b  14   17 14   25  99  3.34974E-01  3.00564E-01 -5.46241E+00  2.72037E+01  4.19970E+00  7.07000E-02  7.07000E-02
b  14   24 14   25  99  1.12522E-01  9.85049E-01 -1.52731E+01  1.39476E+02  2.00000E+01  2.29700E+00  2.29700E+00
b  14    1 14   26  99  3.34658E-01  5.51725E-01 -6.83154E+00  2.98323E+01  4.28644E+00  8.97400E-03  8.97400E-03
b  14    3 14   26  99  3.39623E-01  4.81773E-01 -6.48005E+00  2.93330E+01  4.25510E+00  5.82000E-02  5.82000E-02
b  14   18 14   26  99  3.34974E-01  3.00564E-01 -5.46241E+00  2.72037E+01  4.19970E+00  7.07000E-02  7.07000E-02
b  14   24 14   26  99  1.35551E-01  1.15977E+00 -1.78721E+01  1.82143E+02  2.00000E+01  6.30500E-01  6.30500E-01
b  14   25 14   26  99  2.27986E-01  1.44338E-01  1.73620E+00 -8.49178E-01  2.76519E+00  8.34000E-01  8.34000E-01
b  14    1 14   27  99  3.51448E-01  6.25271E-01 -7.80019E+00  3.38118E+01  4.37979E+00  4.57000E-03  4.57000E-03
b  14    4 14   27  99  3.39623E-01  4.81773E-01 -6.48005E+00  2.93330E+01  4.25510E+00  5.82000E-02  5.82000E-02
b  14   19 14   27  99  3.34974E-01  3.00564E-01 -5.46241E+00  2.72037E+01  4.19970E+00  7.07000E-02  7.07000E-02
b  14   24 14   27  99  1.74271E-01  1.46468E+00 -2.27256E+01  2.45451E+02  2.00000E+01  2.36100E-01  2.36100E-01
b  14   25 14   27  99  3.02637E-01  6.05593E-01  1.46499E+00 -4.72530E-01  2.03578E+00  1.48700E-01  1.48700E-01
b  14   26 14   27  99  2.61413E-01  1.59417E-01  2.44212E+00 -1.38449E+00  3.33877E+00  1.02600E+00  1.02600E+00
b  14    1 14   28  99  3.46631E-01  6.12259E-01 -7.59624E+00  3.28366E+01  4.35450E+00  2.74400E-03  2.74400E-03
b  14    5 14   28  99  3.39623E-01  4.81773E-01 -6.48005E+00  2.93330E+01  4.25510E+00  5.82000E-02  5.82000E-02
b  14   20 14   28  99  3.34974E-01  3.00564E-01 -5.46241E+00  2.72037E+01  4.19970E+00  7.07000E-02  7.07000E-02
b  14   24 14   28  99  1.76467E-01  1.51244E+00 -2.27546E+01  2.46569E+02  2.00000E+01  1.27550E-01  1.27550E-01
b  14   25 14   28  99  3.28721E-01  7.91090E-01  1.65020E+00 -5.82910E-01  2.11841E+00  5.91900E-02  5.91900E-02
b  14   26 14   28  99  2.90399E-01  6.50514E-01  2.08465E+00 -1.04342E+00  2.87667E+00  1.82900E-01  1.82900E-01
b  14   27 14   28  99  2.45168E-01  2.09116E-01  2.36986E+00 -4.35738E-01  4.04421E+00  1.28200E+00  1.28200E+00
b  14    1 14   29  99  3.44889E-01  5.97356E-01 -7.40589E+00  3.20252E+01  4.32707E+00  1.77640E-03  1.77640E-03
b  14    6 14   29  99  3.39623E-01  4.81773E-01 -6.48005E+00  2.93330E+01  4.25510E+00  5.82000E-02  5.82000E-02
b  14   21 14   29  99  3.34974E-01  3.00564E-01 -5.46241E+00  2.72037E+01  4.19970E+00  7.07000E-02  7.07000E-02
b  14   24 14   29  99  1.77442E-01  1.54710E+00 -2.27964E+01  2.47011E+02  2.00000E+01  7.76500E-02  7.76500E-02
b  14   25 14   29  99  3.40359E-01  9.30266E-01  1.66658E+00 -6.01241E-01  2.07825E+00  3.06600E-02  3.06600E-02
b  14   26 14   29  99  3.13524E-01  9.40991E-01  2.16337E+00 -1.03008E+00  2.88739E+00  6.91200E-02  6.91200E-02
b  14   27 14   29  99  2.87542E-01  6.84163E-01  2.50047E+00 -1.36605E+00  3.47681E+00  2.13600E-01  2.13600E-01
b  14   28 14   29  99  2.31184E-01  2.60753E-01  2.14749E+00 -3.32041E-01  4.04354E+00  1.51200E+00  1.51200E+00
b  14    1 14   30  99  3.40782E-01  5.99011E-01 -7.37781E+00  3.17785E+01  4.32952E+00  1.21520E-03  1.21520E-03
b  14    7 14   30  99  3.39623E-01  4.81773E-01 -6.48005E+00  2.93330E+01  4.25510E+00  5.82000E-02  5.82000E-02
b  14   22 14   30  99  3.34974E-01  3.00564E-01 -5.46241E+00  2.72037E+01  4.19970E+00  7.07000E-02  7.07000E-02
b  14   24 14   30  99  1.78005E-01  1.57162E+00 -2.27544E+01  2.46024E+02  2.00000E+01  5.11500E-02  5.11500E-02
b  14   25 14   30  99  3.48937E-01  1.02246E+00  1.72513E+00 -6.14503E-01  2.13377E+00  1.83200E-02  1.83200E-02
b  14   26 14   30  99  3.27560E-01  1.14705E+00  2.19869E+00 -1.01393E+00  2.88949E+00  3.50100E-02  3.50100E-02
b  14   27 14   30  99  2.99846E-01  1.10079E+00  2.08496E+00 -1.06482E+00  3.00502E+00  7.79900E-02  7.79900E-02
b  14   28 14   30  99  2.76699E-01  7.49598E-01  2.40264E+00 -1.34922E+00  3.54326E+00  2.42600E-01  2.42600E-01
b  14   29 14   30  99  2.21879E-01  2.91957E-01  2.01903E+00 -3.41523E-01  4.02940E+00  1.73100E+00  1.73100E+00
b  14    1 14   31  99  3.41025E-01  5.89225E-01 -7.30261E+00  3.15826E+01  4.32435E+00  8.67000E-04  8.67000E-04
b  14    8 14   31  99  3.39623E-01  4.81773E-01 -6.48005E+00  2.93330E+01  4.25510E+00  5.82000E-02  5.82000E-02
b  14   23 14   31  99  3.34974E-01  3.00564E-01 -5.46241E+00  2.72037E+01  4.19970E+00  7.07000E-02  7.07000E-02
b  14   24 14   31  99  1.79870E-01  1.58112E+00 -2.25003E+01  2.43845E+02  2.00000E+01  3.56250E-02  3.56250E-02
b  14   25 14   31  99  3.54042E-01  1.09507E+00  1.72963E+00 -6.15757E-01  2.12205E+00  1.19700E-02  1.19700E-02
b  14   26 14   31  99  3.10018E-01  1.42031E+00  1.37455E+00 -4.60211E-01  2.14577E+00  2.07100E-02  2.07100E-02
b  14   27 14   31  99  3.16294E-01  1.36690E+00  2.13934E+00 -1.06113E+00  3.01212E+00  3.87900E-02  3.87900E-02
b  14   28 14   31  99  3.03113E-01  1.15445E+00  2.50243E+00 -1.40564E+00  3.53386E+00  8.64600E-02  8.64600E-02
b  14   29 14   31  99  2.67239E-01  7.94013E-01  2.32086E+00 -2.54854E-01  4.19796E+00  2.71500E-01  2.71500E-01
b  14   30 14   31  99  7.41586E-02  1.07082E-01  6.50971E-01 -1.02507E-01  3.98629E+00  5.62900E+00  5.62900E+00
f  14    1 13    1  99  4.00000E+00  1.07800E+01
p  14    1 13    1  98  9.60770E-01 -2.21070E+00 -1.05460E-01  3.44820E-03  4.00000E+00  1.76300E+02  1.83300E+02  3.52600E+03
f  14    2 13    1  99  1.00000E+00  8.48510E+00
p  14    2 13    1  99  1.00000E+00  8.48510E+00
f  14    3 13    1  99  1.00000E+00  8.08400E+00
p  14    3 13    1  99  1.00000E+00  8.08400E+00
f  14    4 13    1  99  1.00000E+00  8.15600E+00
p  14    4 13    1  99  1.00000E+00  8.15600E+00
f  14    5 13    1  99  1.00000E+00  8.12400E+00
p  14    5 13    1  99  1.00000E+00  8.12400E+00
f  14    6 13    1  99  1.00000E+00  8.03820E+00
p  14    6 13    1  99  1.00000E+00  8.03820E+00
f  14    7 13    1  99  1.00000E+00  8.03220E+00
p  14    7 13    1  99  1.00000E+00  8.03220E+00
f  14    8 13    1  99  1.00000E+00  8.00130E+00
p  14    8 13    1  99  1.00000E+00  8.00130E+00
f  14    2 13    2  99  3.00000E+00  8.48510E+00
p  14    2 13    2  98  9.60770E-01 -2.21070E+00 -1.05460E-01  3.44820E-03  4.00000E+00  1.76300E+02  1.83300E+02  3.52600E+03
f  14    9 13    2  99  2.00000E+00  9.04560E+00
p  14    9 13    2  99  2.00000E+00  9.04560E+00
f  14   10 13    2  99  1.00000E+00  8.14360E+00
p  14   10 13    2  99  1.00000E+00  8.14360E+00
f  14   11 13    2  99  1.00000E+00  8.17800E+00
p  14   11 13    2  99  1.00000E+00  8.17800E+00
f  14   12 13    2  99  1.00000E+00  8.13500E+00
p  14   12 13    2  99  1.00000E+00  8.13500E+00
f  14   13 13    2  99  1.00000E+00  8.04520E+00
p  14   13 13    2  99  1.00000E+00  8.04520E+00
f  14   14 13    2  99  1.00000E+00  8.03820E+00
p  14   14 13    2  99  1.00000E+00  8.03820E+00
f  14   15 13    2  99  1.00000E+00  8.01120E+00
p  14   15 13    2  99  1.00000E+00  8.01120E+00
f  14    3 13    3  99  3.00000E+00  8.08400E+00
p  14    3 13    3  98  9.60770E-01 -2.21070E+00 -1.05460E-01  3.44820E-03  4.00000E+00  1.76300E+02  1.83300E+02  3.52600E+03
f  14   10 13    3  99  1.00000E+00  8.14360E+00
p  14   10 13    3  99  1.00000E+00  8.14360E+00
f  14    4 13    4  99  3.00000E+00  8.15600E+00
p  14    4 13    4  98  9.60770E-01 -2.21070E+00 -1.05460E-01  3.44820E-03  4.00000E+00  1.76300E+02  1.83300E+02  3.52600E+03
f  14   11 13    4  99  1.00000E+00  8.17800E+00
p  14   11 13    4  99  1.00000E+00  8.17800E+00
f  14    5 13    5  99  3.00000E+00  8.12400E+00
p  14    5 13    5  98  9.60770E-01 -2.21070E+00 -1.05460E-01  3.44820E-03  4.00000E+00  1.76300E+02  1.83300E+02  3.52600E+03
f  14   12 13    5  99  1.00000E+00  8.13500E+00
p  14   12 13    5  99  1.00000E+00  8.13500E+00
f  14    6 13    6  99  3.00000E+00  8.03820E+00
p  14    6 13    6  98  9.60770E-01 -2.21070E+00 -1.05460E-01  3.44820E-03  4.00000E+00  1.76300E+02  1.83300E+02  3.52600E+03
f  14   13 13    6  99  1.00000E+00  8.04520E+00
p  14   13 13    6  99  1.00000E+00  8.04520E+00
f  14    7 13    7  99  3.00000E+00  8.03220E+00
p  14    7 13    7  98  9.60770E-01 -2.21070E+00 -1.05460E-01  3.44820E-03  4.00000E+00  1.76300E+02  1.83300E+02  3.52600E+03
f  14   14 13    7  99  1.00000E+00  8.03820E+00
p  14   14 13    7  99  1.00000E+00  8.03820E+00
f  14    8 13    8  99  3.00000E+00  8.00130E+00
p  14    8 13    8  98  9.60770E-01 -2.21070E+00 -1.05460E-01  3.44820E-03  4.00000E+00  1.76300E+02  1.83300E+02  3.52600E+03
f  14   15 13    8  99  1.00000E+00  8.01120E+00
p  14   15 13    8  99  1.00000E+00  8.01120E+00
f  14    9 13    9  99  2.00000E+00  9.04560E+00
p  14    9 13    9  98  9.60770E-01 -2.21070E+00 -1.05460E-01  3.44820E-03  4.00000E+00  1.76300E+02  1.83300E+02  3.52600E+03
f  14   10 13   10  99  2.00000E+00  8.14360E+00
p  14   10 13   10  98  9.60770E-01 -2.21070E+00 -1.05460E-01  3.44820E-03  4.00000E+00  1.76300E+02  1.83300E+02  3.52600E+03
f  14   11 13   11  99  2.00000E+00  8.17800E+00
p  14   11 13   11  98  9.60770E-01 -2.21070E+00 -1.05460E-01  3.44820E-03  4.00000E+00  1.76300E+02  1.83300E+02  3.52600E+03
f  14   12 13   12  99  2.00000E+00  8.13500E+00
p  14   12 13   12  98  9.60770E-01 -2.21070E+00 -1.05460E-01  3.44820E-03  4.00000E+00  1.76300E+02  1.83300E+02  3.52600E+03
f  14   13 13   13  99  2.00000E+00  8.04520E+00
p  14   13 13   13  98  9.60770E-01 -2.21070E+00 -1.05460E-01  3.44820E-03  4.00000E+00  1.76300E+02  1.83300E+02  3.52600E+03
f  14   14 13   14  99  2.00000E+00  8.03820E+00
p  14   14 13   14  98  9.60770E-01 -2.21070E+00 -1.05460E-01  3.44820E-03  4.00000E+00  1.76300E+02  1.83300E+02  3.52600E+03
f  14   15 13   15  99  2.00000E+00  8.01120E+00
p  14   15 13   15  98  9.60770E-01 -2.21070E+00 -1.05460E-01  3.44820E-03  4.00000E+00  1.76300E+02  1.83300E+02  3.52600E+03
f  14    1 13   16  99  8.00000E+00  1.07800E+01
p  14    1 13   16  98  1.85550E+00 -2.38940E+00 -1.51300E-01  1.47370E-02  8.00000E+00  6.34600E+02  6.60000E+02  1.26900E+04
f  14   16 13   16  99  5.00000E+00  1.13440E+01
p  14   16 13   16  98  9.60770E-01 -2.21070E+00 -1.05460E-01  3.44820E-03  4.00000E+00  1.76300E+02  1.83300E+02  3.52600E+03
f  14   17 13   16  99  1.00000E+00  8.54180E+00
p  14   17 13   16  99  1.00000E+00  8.54180E+00
f  14   18 13   16  99  1.00000E+00  8.10230E+00
p  14   18 13   16  99  1.00000E+00  8.10230E+00
f  14   19 13   16  99  1.00000E+00  8.16200E+00
p  14   19 13   16  99  1.00000E+00  8.16200E+00
f  14   20 13   16  99  1.00000E+00  8.12800E+00
p  14   20 13   16  99  1.00000E+00  8.12800E+00
f  14   21 13   16  99  1.00000E+00  8.04720E+00
p  14   21 13   16  99  1.00000E+00  8.04720E+00
f  14   22 13   16  99  1.00000E+00  8.03920E+00
p  14   22 13   16  99  1.00000E+00  8.03920E+00
f  14   23 13   16  99  1.00000E+00  8.00130E+00
p  14   23 13   16  99  1.00000E+00  8.00130E+00
f  14    2 13   17  99  8.00000E+00  8.48510E+00
p  14    2 13   17  98  1.85550E+00 -2.38940E+00 -1.51300E-01  1.47370E-02  8.00000E+00  6.34600E+02  6.60000E+02  1.26900E+04
f  14   17 13   17  99  4.00000E+00  8.54180E+00
p  14   17 13   17  98  9.60770E-01 -2.21070E+00 -1.05460E-01  3.44820E-03  4.00000E+00  1.76300E+02  1.83300E+02  3.52600E+03
f  14    3 13   18  99  8.00000E+00  8.08400E+00
p  14    3 13   18  98  1.85550E+00 -2.38940E+00 -1.51300E-01  1.47370E-02  8.00000E+00  6.34600E+02  6.60000E+02  1.26900E+04
f  14   18 13   18  99  4.00000E+00  8.10230E+00
p  14   18 13   18  98  9.60770E-01 -2.21070E+00 -1.05460E-01  3.44820E-03  4.00000E+00  1.76300E+02  1.83300E+02  3.52600E+03
f  14    4 13   19  99  8.00000E+00  8.15600E+00
p  14    4 13   19  98  1.85550E+00 -2.38940E+00 -1.51300E-01  1.47370E-02  8.00000E+00  6.34600E+02  6.60000E+02  1.26900E+04
f  14   19 13   19  99  4.00000E+00  8.16200E+00
p  14   19 13   19  98  9.60770E-01 -2.21070E+00 -1.05460E-01  3.44820E-03  4.00000E+00  1.76300E+02  1.83300E+02  3.52600E+03
f  14    5 13   20  99  8.00000E+00  8.12400E+00
p  14    5 13   20  98  1.85550E+00 -2.38940E+00 -1.51300E-01  1.47370E-02  8.00000E+00  6.34600E+02  6.60000E+02  1.26900E+04
f  14   20 13   20  99  4.00000E+00  8.12800E+00
p  14   20 13   20  98  9.60770E-01 -2.21070E+00 -1.05460E-01  3.44820E-03  4.00000E+00  1.76300E+02  1.83300E+02  3.52600E+03
f  14    6 13   21  99  8.00000E+00  8.03820E+00
p  14    6 13   21  98  1.85550E+00 -2.38940E+00 -1.51300E-01  1.47370E-02  8.00000E+00  6.34600E+02  6.60000E+02  1.26900E+04
f  14   21 13   21  99  4.00000E+00  8.04720E+00
p  14   21 13   21  98  9.60770E-01 -2.21070E+00 -1.05460E-01  3.44820E-03  4.00000E+00  1.76300E+02  1.83300E+02  3.52600E+03
f  14    7 13   22  99  8.00000E+00  8.03220E+00
p  14    7 13   22  98  1.85550E+00 -2.38940E+00 -1.51300E-01  1.47370E-02  8.00000E+00  6.34600E+02  6.60000E+02  1.26900E+04
f  14   22 13   22  99  4.00000E+00  8.03920E+00
p  14   22 13   22  98  9.60770E-01 -2.21070E+00 -1.05460E-01  3.44820E-03  4.00000E+00  1.76300E+02  1.83300E+02  3.52600E+03
f  14    8 13   23  99  8.00000E+00  8.00130E+00
p  14    8 13   23  98  1.85550E+00 -2.38940E+00 -1.51300E-01  1.47370E-02  8.00000E+00  6.34600E+02  6.60000E+02  1.26900E+04
f  14   23 13   23  99  4.00000E+00  8.00130E+00
p  14   23 13   23  98  9.60770E-01 -2.21070E+00 -1.05460E-01  3.44820E-03  4.00000E+00  1.76300E+02  1.83300E+02  3.52600E+03
f  14    1 13   24  99  2.00000E+00  1.07800E+01
p  14    1 13   24  98  2.15850E+00 -2.51290E+00 -1.80110E-01  1.69880E-02  2.00000E+00  4.62000E+03  4.80500E+03  9.24000E+04
f  14   24 13   24  99  5.00000E+00  1.14240E+01
p  14   24 13   24  98  9.60770E-01 -2.21070E+00 -1.05460E-01  3.44820E-03  4.00000E+00  1.76300E+02  1.83300E+02  3.52600E+03
f  14   25 13   24  99  1.00000E+00  8.56500E+00
p  14   25 13   24  99  1.00000E+00  8.56500E+00
f  14   26 13   24  99  1.00000E+00  8.10140E+00
p  14   26 13   24  99  1.00000E+00  8.10140E+00
f  14   27 13   24  99  1.00000E+00  8.17100E+00
p  14   27 13   24  99  1.00000E+00  8.17100E+00
f  14   28 13   24  99  1.00000E+00  8.13700E+00
p  14   28 13   24  99  1.00000E+00  8.13700E+00
f  14   29 13   24  99  1.00000E+00  8.04810E+00
p  14   29 13   24  99  1.00000E+00  8.04810E+00
f  14   30 13   24  99  1.00000E+00  8.04010E+00
p  14   30 13   24  99  1.00000E+00  8.04010E+00
f  14   31 13   24  99  1.00000E+00  8.00130E+00
p  14   31 13   24  99  1.00000E+00  8.00130E+00
f  14    2 13   25  99  2.00000E+00  8.48510E+00
p  14    2 13   25  98  2.15850E+00 -2.51290E+00 -1.80110E-01  1.69880E-02  2.00000E+00  4.62000E+03  4.80500E+03  9.24000E+04
f  14   25 13   25  99  4.00000E+00  8.56500E+00
p  14   25 13   25  98  9.60770E-01 -2.21070E+00 -1.05460E-01  3.44820E-03  4.00000E+00  1.76300E+02  1.83300E+02  3.52600E+03
f  14    3 13   26  99  2.00000E+00  8.08400E+00
p  14    3 13   26  98  2.15850E+00 -2.51290E+00 -1.80110E-01  1.69880E-02  2.00000E+00  4.62000E+03  4.80500E+03  9.24000E+04
f  14   26 13   26  99  4.00000E+00  8.10140E+00
p  14   26 13   26  98  9.60770E-01 -2.21070E+00 -1.05460E-01  3.44820E-03  4.00000E+00  1.76300E+02  1.83300E+02  3.52600E+03
f  14    4 13   27  99  2.00000E+00  8.15600E+00
p  14    4 13   27  98  2.15850E+00 -2.51290E+00 -1.80110E-01  1.69880E-02  2.00000E+00  4.62000E+03  4.80500E+03  9.24000E+04
f  14   27 13   27  99  4.00000E+00  8.17100E+00
p  14   27 13   27  98  9.60770E-01 -2.21070E+00 -1.05460E-01  3.44820E-03  4.00000E+00  1.76300E+02  1.83300E+02  3.52600E+03
f  14    5 13   28  99  2.00000E+00  8.12400E+00
p  14    5 13   28  98  2.15850E+00 -2.51290E+00 -1.80110E-01  1.69880E-02  2.00000E+00  4.62000E+03  4.80500E+03  9.24000E+04
f  14   28 13   28  99  4.00000E+00  8.13700E+00
p  14   28 13   28  98  9.60770E-01 -2.21070E+00 -1.05460E-01  3.44820E-03  4.00000E+00  1.76300E+02  1.83300E+02  3.52600E+03
f  14    6 13   29  99  2.00000E+00  8.03820E+00
p  14    6 13   29  98  2.15850E+00 -2.51290E+00 -1.80110E-01  1.69880E-02  2.00000E+00  4.62000E+03  4.80500E+03  9.24000E+04
f  14   29 13   29  99  4.00000E+00  8.04810E+00
p  14   29 13   29  98  9.60770E-01 -2.21070E+00 -1.05460E-01  3.44820E-03  4.00000E+00  1.76300E+02  1.83300E+02  3.52600E+03
f  14    7 13   30  99  2.00000E+00  8.03220E+00
p  14    7 13   30  98  2.15850E+00 -2.51290E+00 -1.80110E-01  1.69880E-02  2.00000E+00  4.62000E+03  4.80500E+03  9.24000E+04
f  14   30 13   30  99  4.00000E+00  8.04010E+00
p  14   30 13   30  98  9.60770E-01 -2.21070E+00 -1.05460E-01  3.44820E-03  4.00000E+00  1.76300E+02  1.83300E+02  3.52600E+03
f  14    8 13   31  99  2.00000E+00  8.00130E+00
p  14    8 13   31  98  2.15850E+00 -2.51290E+00 -1.80110E-01  1.69880E-02  2.00000E+00  4.62000E+03  4.80500E+03  9.24000E+04
f  14   31 13   31  99  4.00000E+00  8.00130E+00
p  14   31 13   31  98  9.60770E-01 -2.21070E+00 -1.05460E-01  3.44820E-03  4.00000E+00  1.76300E+02  1.83300E+02  3.52600E+03
a  14    9 13    1   1.07342E+14
a  14   10 13    1   4.14342E+13
a  14   11 13    1   1.61827E+13
a  14   12 13    1   7.48711E+12
a  14   13 13    1   3.84022E+12
a  14   14 13    1   2.13107E+12
a  14   15 13    1   1.25836E+12
a  14   16 13    1   1.02060E+14
a  14   17 13    1   5.70345E+12
a  14   18 13    1   1.67685E+12
a  14   19 13    1   6.40560E+11
a  14   20 13    1   2.96355E+11
a  14   21 13    1   1.52010E+11
a  14   22 13    1   8.43525E+10
a  14   23 13    1   4.98090E+10
a  14   24 13    1   1.15980E+12
a  14   25 13    1   7.00120E+10
a  14   26 13    1   2.01360E+10
a  14   27 13    1   7.51160E+09
a  14   28 13    1   3.47540E+09
a  14   29 13    1   1.78256E+09
a  14   30 13    1   9.89180E+08
a  14   31 13    1   5.84100E+08
a  14   17 13    2   6.12360E+13
a  14   25 13    2   6.95880E+11
a  14   18 13    3   6.12360E+13
a  14   26 13    3   6.95880E+11
a  14   19 13    4   6.12360E+13
a  14   27 13    4   6.95880E+11
a  14   20 13    5   6.12360E+13
a  14   28 13    5   6.95880E+11
a  14   21 13    6   6.12360E+13
a  14   29 13    6   6.95880E+11
a  14   22 13    7   6.12360E+13
a  14   30 13    7   6.95880E+11
a  14   23 13    8   6.12360E+13
a  14   31 13    8   6.95880E+11
a  14   24 13   16   6.74860E+13
a  14   25 13   16   2.14264E+12
a  14   26 13   16   6.20240E+11
a  14   27 13   16   2.32200E+11
a  14   28 13   16   1.07428E+11
a  14   29 13   16   5.51000E+10
a  14   30 13   16   3.05776E+10
a  14   31 13   16   1.80556E+10
a  14   25 13   17   5.39888E+13
a  14   26 13   18   5.39888E+13
a  14   27 13   19   5.39888E+13
a  14   28 13   20   5.39888E+13
a  14   29 13   21   5.39888E+13
a  14   30 13   22   5.39888E+13
a  14   31 13   23   5.39888E+13
b  15    1 15    2  99  2.86733E-01  1.23084E-01  1.62907E+00 -5.74842E-01  2.07448E+00  1.94750E+00  1.94750E+00
b  15    1 15    3  99  1.32140E-01  1.14496E+00 -1.67197E+01  1.61755E+02  2.00000E+01  5.88500E-01  5.88500E-01
b  15    2 15    3  99  2.12386E-01  1.89602E-01  1.54601E+00 -7.43735E-01  2.73742E+00  8.06000E-01  8.06000E-01
b  15    1 15    4  99  1.72147E-01  1.46503E+00 -2.22028E+01  2.29804E+02  2.00000E+01  2.23700E-01  2.23700E-01
b  15    2 15    4  99  2.98433E-01  6.63278E-01  1.40640E+00 -4.49172E-01  2.04789E+00  1.39900E-01  1.39900E-01
b  15    3 15    4  99  2.53277E-01  2.07772E-01  2.30413E+00 -1.29745E+00  3.34007E+00  1.00500E+00  1.00500E+00
b  15    1 15    5  99  1.73266E-01  1.48608E+00 -2.21410E+01  2.32446E+02  2.00000E+01  1.23400E-01  1.23400E-01
b  15    2 15    5  99  3.23578E-01  8.52826E-01  1.55876E+00 -5.62801E-01  2.07370E+00  5.62400E-02  5.62400E-02
b  15    3 15    5  99  2.83395E-01  7.09464E-01  1.96483E+00 -9.74119E-01  2.84558E+00  1.75900E-01  1.75900E-01
b  15    4 15    5  99  2.37606E-01  2.56481E-01  2.20352E+00 -3.27548E-01  4.02966E+00  1.27500E+00  1.27500E+00
b  15    1 15    6  99  1.75895E-01  1.49465E+00 -2.21637E+01  2.38463E+02  2.00000E+01  7.60500E-02  7.60500E-02
b  15    2 15    6  99  3.37593E-01  9.77606E-01  1.63890E+00 -5.79766E-01  2.12027E+00  2.93400E-02  2.93400E-02
b  15    3 15    6  99  3.08258E-01  9.96743E-01  2.11302E+00 -1.03846E+00  2.90862E+00  6.65200E-02  6.65200E-02
b  15    4 15    6  99  2.81064E-01  7.35783E-01  2.39633E+00 -1.32829E+00  3.47335E+00  2.08600E-01  2.08600E-01
b  15    5 15    6  99  2.25294E-01  3.00519E-01  2.01926E+00 -2.76851E-01  4.01637E+00  1.51000E+00  1.51000E+00
b  15    1 15    7  99  1.74976E-01  1.51022E+00 -2.19245E+01  2.33242E+02  2.00000E+01  5.05000E-02  5.05000E-02
b  15    2 15    7  99  3.46662E-01  1.06320E+00  1.69883E+00 -6.04097E-01  2.15082E+00  1.76200E-02  1.76200E-02
b  15    3 15    7  99  3.22851E-01  1.20044E+00  2.17920E+00 -1.04939E+00  2.93821E+00  3.37700E-02  3.37700E-02
b  15    4 15    7  99  3.05212E-01  1.10097E+00  2.50514E+00 -1.37011E+00  3.51643E+00  7.59000E-02  7.59000E-02
b  15    5 15    7  99  2.70633E-01  7.95281E-01  2.36279E+00 -3.19670E-01  4.18137E+00  2.38600E-01  2.38600E-01
b  15    6 15    7  99  2.16784E-01  3.27550E-01  1.91018E+00 -2.98275E-01  4.01156E+00  1.73300E+00  1.73300E+00
b  15    1 15    8  99  1.76417E-01  1.51687E+00 -2.20155E+01  2.37416E+02  2.00000E+01  3.53450E-02  3.53450E-02
b  15    2 15    8  99  3.51868E-01  1.13086E+00  1.71461E+00 -6.18510E-01  2.14380E+00  1.15500E-02  1.15500E-02
b  15    3 15    8  99  3.32028E-01  1.35335E+00  2.19188E+00 -1.02345E+00  2.94000E+00  2.00200E-02  2.00200E-02
b  15    4 15    8  99  3.21568E-01  1.37039E+00  2.56805E+00 -1.36710E+00  3.51971E+00  3.77300E-02  3.77300E-02
b  15    5 15    8  99  2.98502E-01  1.20226E+00  2.46249E+00 -1.38394E+00  3.60586E+00  8.46400E-02  8.46400E-02
b  15    6 15    8  99  2.61594E-01  8.35195E-01  2.22763E+00 -1.69710E-01  4.26204E+00  2.68400E-01  2.68400E-01
b  15    7 15    8  99  1.59622E-02  2.56007E-02  1.36846E-01 -2.08176E-02  3.97943E+00  2.57300E+01  2.57300E+01
b  15    1 15    9  98  0.00000E+00  0.00000E+00  0.00000E+00  0.00000E+00  0.00000E+00  2.31742E-02  4.63484E-04
b  15    2 15    9  99  2.86733E-01  1.23084E-01  1.62907E+00 -5.74842E-01  2.07448E+00  1.50931E+00  1.50931E+00
b  15    1 15   10  98  0.00000E+00  0.00000E+00  0.00000E+00  0.00000E+00  0.00000E+00  3.06865E-02  6.13730E-04
b  15    2 15   10  99  1.32140E-01  1.14496E+00 -1.67197E+01  1.61755E+02  2.00000E+01  4.70800E-01  4.70800E-01
b  15    3 15   10  99  2.86733E-01  1.23084E-01  1.62907E+00 -5.74842E-01  2.07448E+00  1.55800E+00  1.55800E+00
b  15    9 15   10  99  2.12386E-01  1.89602E-01  1.54601E+00 -7.43735E-01  2.73742E+00  1.61200E+00  1.61200E+00
b  15    1 15   11  98  0.00000E+00  0.00000E+00  0.00000E+00  0.00000E+00  0.00000E+00  4.11061E-02  8.22122E-04
b  15    2 15   11  99  1.72147E-01  1.46503E+00 -2.22028E+01  2.29804E+02  2.00000E+01  1.78960E-01  1.78960E-01
b  15    4 15   11  99  2.86733E-01  1.23084E-01  1.62907E+00 -5.74842E-01  2.07448E+00  1.55800E+00  1.55800E+00
b  15    9 15   11  99  2.98433E-01  6.63278E-01  1.40640E+00 -4.49172E-01  2.04789E+00  2.79800E-01  2.79800E-01
b  15   10 15   11  99  2.53277E-01  2.07772E-01  2.30413E+00 -1.29745E+00  3.34007E+00  1.00500E+00  1.00500E+00
b  15    1 15   12  98  0.00000E+00  0.00000E+00  0.00000E+00  0.00000E+00  0.00000E+00  5.33334E-02  1.06667E-03
b  15    2 15   12  99  1.73266E-01  1.48608E+00 -2.21410E+01  2.32446E+02  2.00000E+01  9.87200E-02  9.87200E-02
b  15    5 15   12  99  2.86733E-01  1.23084E-01  1.62907E+00 -5.74842E-01  2.07448E+00  1.55800E+00  1.55800E+00
b  15    9 15   12  99  3.23578E-01  8.52826E-01  1.55876E+00 -5.62801E-01  2.07370E+00  1.12480E-01  1.12480E-01
b  15   10 15   12  99  2.83395E-01  7.09464E-01  1.96483E+00 -9.74119E-01  2.84558E+00  1.75900E-01  1.75900E-01
b  15   11 15   12  99  2.37606E-01  2.56481E-01  2.20352E+00 -3.27548E-01  4.02966E+00  1.27500E+00  1.27500E+00
b  15    1 15   13  98  0.00000E+00  0.00000E+00  0.00000E+00  0.00000E+00  0.00000E+00  6.74633E-02  1.34927E-03
b  15    2 15   13  99  1.75895E-01  1.49465E+00 -2.21637E+01  2.38463E+02  2.00000E+01  6.08400E-02  6.08400E-02
b  15    6 15   13  99  2.86733E-01  1.23084E-01  1.62907E+00 -5.74842E-01  2.07448E+00  1.55800E+00  1.55800E+00
b  15    9 15   13  99  3.37593E-01  9.77606E-01  1.63890E+00 -5.79766E-01  2.12027E+00  5.86800E-02  5.86800E-02
b  15   10 15   13  99  3.08258E-01  9.96743E-01  2.11302E+00 -1.03846E+00  2.90862E+00  6.65200E-02  6.65200E-02
b  15   11 15   13  99  2.81064E-01  7.35783E-01  2.39633E+00 -1.32829E+00  3.47335E+00  2.08600E-01  2.08600E-01
b  15   12 15   13  99  2.25294E-01  3.00519E-01  2.01926E+00 -2.76851E-01  4.01637E+00  1.51000E+00  1.51000E+00
b  15    1 15   14  98  0.00000E+00  0.00000E+00  0.00000E+00  0.00000E+00  0.00000E+00  8.37101E-02  1.67420E-03
b  15    2 15   14  99  1.74976E-01  1.51022E+00 -2.19245E+01  2.33242E+02  2.00000E+01  4.04000E-02  4.04000E-02
b  15    7 15   14  99  2.86733E-01  1.23084E-01  1.62907E+00 -5.74842E-01  2.07448E+00  1.55800E+00  1.55800E+00
b  15    9 15   14  99  3.46662E-01  1.06320E+00  1.69883E+00 -6.04097E-01  2.15082E+00  3.52400E-02  3.52400E-02
b  15   10 15   14  99  3.22851E-01  1.20044E+00  2.17920E+00 -1.04939E+00  2.93821E+00  3.37700E-02  3.37700E-02
b  15   11 15   14  99  3.05212E-01  1.10097E+00  2.50514E+00 -1.37011E+00  3.51643E+00  7.59000E-02  7.59000E-02
b  15   12 15   14  99  2.70633E-01  7.95281E-01  2.36279E+00 -3.19670E-01  4.18137E+00  2.38600E-01  2.38600E-01
b  15   13 15   14  99  2.16784E-01  3.27550E-01  1.91018E+00 -2.98275E-01  4.01156E+00  1.73300E+00  1.73300E+00
b  15    1 15   15  98  0.00000E+00  0.00000E+00  0.00000E+00  0.00000E+00  0.00000E+00  1.01843E-01  2.03686E-03
b  15    2 15   15  99  1.76417E-01  1.51687E+00 -2.20155E+01  2.37416E+02  2.00000E+01  2.82760E-02  2.82760E-02
b  15    8 15   15  99  2.86733E-01  1.23084E-01  1.62907E+00 -5.74842E-01  2.07448E+00  1.55800E+00  1.55800E+00
b  15    9 15   15  99  3.51868E-01  1.13086E+00  1.71461E+00 -6.18510E-01  2.14380E+00  2.31000E-02  2.31000E-02
b  15   10 15   15  99  3.32028E-01  1.35335E+00  2.19188E+00 -1.02345E+00  2.94000E+00  2.00200E-02  2.00200E-02
b  15   11 15   15  99  3.21568E-01  1.37039E+00  2.56805E+00 -1.36710E+00  3.51971E+00  3.77300E-02  3.77300E-02
b  15   12 15   15  99  2.98502E-01  1.20226E+00  2.46249E+00 -1.38394E+00  3.60586E+00  8.46400E-02  8.46400E-02
b  15   13 15   15  99  2.61594E-01  8.35195E-01  2.22763E+00 -1.69710E-01  4.26204E+00  2.68400E-01  2.68400E-01
b  15   14 15   15  99  1.59622E-02  2.56007E-02  1.36846E-01 -2.08176E-02  3.97943E+00  2.57300E+01  2.57300E+01
b  15    1 15   16  99  8.75520E-02  1.24390E+00 -1.61569E+01 -2.75392E+00  2.00000E+01  1.39129E+00  1.39129E+00
b  15    1 15   17  99  1.02069E-01  1.42415E+00 -2.95242E+01  1.96067E+02  2.00000E+01  4.63280E-01  4.63280E-01
b  15    2 15   17  99  8.75520E-02  1.24390E+00 -1.61569E+01 -2.75392E+00  2.00000E+01  1.49831E+00  1.49831E+00
b  15   16 15   17  99  2.86733E-01  1.23084E-01  1.62907E+00 -5.74842E-01  2.07448E+00  2.33700E+00  2.33700E+00
b  15    1 15   18  99  1.06386E-01  1.48871E+00 -3.17458E+01  2.21409E+02  2.00000E+01  2.01600E-01  2.01600E-01
b  15    3 15   18  99  8.75520E-02  1.24390E+00 -1.61569E+01 -2.75392E+00  2.00000E+01  1.49831E+00  1.49831E+00
b  15   16 15   18  99  1.32140E-01  1.14496E+00 -1.67197E+01  1.61755E+02  2.00000E+01  7.06200E-01  7.06200E-01
b  15   17 15   18  99  2.12386E-01  1.89602E-01  1.54601E+00 -7.43735E-01  2.73742E+00  8.06000E-01  8.06000E-01
b  15    1 15   19  99  1.64438E-01  2.13010E+00 -6.90245E+01  7.42638E+02  2.00000E+01  9.79200E-02  9.79200E-02
b  15    4 15   19  99  8.75520E-02  1.24390E+00 -1.61569E+01 -2.75392E+00  2.00000E+01  1.49831E+00  1.49831E+00
b  15   16 15   19  99  1.72147E-01  1.46503E+00 -2.22028E+01  2.29804E+02  2.00000E+01  2.68440E-01  2.68440E-01
b  15   17 15   19  99  2.98433E-01  6.63278E-01  1.40640E+00 -4.49172E-01  2.04789E+00  1.39900E-01  1.39900E-01
b  15   18 15   19  99  2.53277E-01  2.07772E-01  2.30413E+00 -1.29745E+00  3.34007E+00  1.00500E+00  1.00500E+00
b  15    1 15   20  99  1.60643E-01  2.08662E+00 -6.67824E+01  7.12524E+02  2.00000E+01  5.85920E-02  5.85920E-02
b  15    5 15   20  99  8.75520E-02  1.24390E+00 -1.61569E+01 -2.75392E+00  2.00000E+01  1.49831E+00  1.49831E+00
b  15   16 15   20  99  1.73266E-01  1.48608E+00 -2.21410E+01  2.32446E+02  2.00000E+01  1.48080E-01  1.48080E-01
b  15   17 15   20  99  3.23578E-01  8.52826E-01  1.55876E+00 -5.62801E-01  2.07370E+00  5.62400E-02  5.62400E-02
b  15   18 15   20  99  2.83395E-01  7.09464E-01  1.96483E+00 -9.74119E-01  2.84558E+00  1.75900E-01  1.75900E-01
b  15   19 15   20  99  2.37606E-01  2.56481E-01  2.20352E+00 -3.27548E-01  4.02966E+00  1.27500E+00  1.27500E+00
b  15    1 15   21  99  1.57097E-01  2.04751E+00 -6.46031E+01  6.82524E+02  2.00000E+01  3.79200E-02  3.79200E-02
b  15    6 15   21  99  8.75520E-02  1.24390E+00 -1.61569E+01 -2.75392E+00  2.00000E+01  1.49831E+00  1.49831E+00
b  15   16 15   21  99  1.75895E-01  1.49465E+00 -2.21637E+01  2.38463E+02  2.00000E+01  9.12600E-02  9.12600E-02
b  15   17 15   21  99  3.37593E-01  9.77606E-01  1.63890E+00 -5.79766E-01  2.12027E+00  2.93400E-02  2.93400E-02
b  15   18 15   21  99  3.08258E-01  9.96743E-01  2.11302E+00 -1.03846E+00  2.90862E+00  6.65200E-02  6.65200E-02
b  15   19 15   21  99  2.81064E-01  7.35783E-01  2.39633E+00 -1.32829E+00  3.47335E+00  2.08600E-01  2.08600E-01
b  15   20 15   21  99  2.25294E-01  3.00519E-01  2.01926E+00 -2.76851E-01  4.01637E+00  1.51000E+00  1.51000E+00
b  15    1 15   22  99  1.56408E-01  2.04161E+00 -6.45200E+01  6.82279E+02  2.00000E+01  2.59680E-02  2.59680E-02
b  15    7 15   22  99  8.75520E-02  1.24390E+00 -1.61569E+01 -2.75392E+00  2.00000E+01  1.49831E+00  1.49831E+00
b  15   16 15   22  99  1.74976E-01  1.51022E+00 -2.19245E+01  2.33242E+02  2.00000E+01  6.06000E-02  6.06000E-02
b  15   17 15   22  99  3.46662E-01  1.06320E+00  1.69883E+00 -6.04097E-01  2.15082E+00  1.76200E-02  1.76200E-02
b  15   18 15   22  99  3.22851E-01  1.20044E+00  2.17920E+00 -1.04939E+00  2.93821E+00  3.37700E-02  3.37700E-02
b  15   19 15   22  99  3.05212E-01  1.10097E+00  2.50514E+00 -1.37011E+00  3.51643E+00  7.59000E-02  7.59000E-02
b  15   20 15   22  99  2.70633E-01  7.95281E-01  2.36279E+00 -3.19670E-01  4.18137E+00  2.38600E-01  2.38600E-01
b  15   21 15   22  99  2.16784E-01  3.27550E-01  1.91018E+00 -2.98275E-01  4.01156E+00  1.73300E+00  1.73300E+00
b  15    1 15   23  99  1.55456E-01  2.03190E+00 -6.41107E+01  6.77125E+02  2.00000E+01  1.85600E-02  1.85600E-02
b  15    8 15   23  99  8.75520E-02  1.24390E+00 -1.61569E+01 -2.75392E+00  2.00000E+01  1.49831E+00  1.49831E+00
b  15   16 15   23  99  1.76417E-01  1.51687E+00 -2.20155E+01  2.37416E+02  2.00000E+01  4.24140E-02  4.24140E-02
b  15   17 15   23  99  3.51868E-01  1.13086E+00  1.71461E+00 -6.18510E-01  2.14380E+00  1.15500E-02  1.15500E-02
b  15   18 15   23  99  3.32028E-01  1.35335E+00  2.19188E+00 -1.02345E+00  2.94000E+00  2.00200E-02  2.00200E-02
b  15   19 15   23  99  3.21568E-01  1.37039E+00  2.56805E+00 -1.36710E+00  3.51971E+00  3.77300E-02  3.77300E-02
b  15   20 15   23  99  2.98502E-01  1.20226E+00  2.46249E+00 -1.38394E+00  3.60586E+00  8.46400E-02  8.46400E-02
b  15   21 15   23  99  2.61594E-01  8.35195E-01  2.22763E+00 -1.69710E-01  4.26204E+00  2.68400E-01  2.68400E-01
b  15   22 15   23  99  1.59622E-02  2.56007E-02  1.36846E-01 -2.08176E-02  3.97943E+00  2.57300E+01  2.57300E+01
b  15    1 15   24  99  3.41785E-01  4.75873E-01 -6.43129E+00  2.91851E+01  4.24009E+00  4.72767E-02  4.72767E-02
b  15   16 15   24  99  3.36056E-01  2.96311E-01 -5.43253E+00  2.71253E+01  4.19206E+00  7.04500E-02  7.04500E-02
b  15    1 15   25  99  3.37049E-01  5.55059E-01 -6.94734E+00  3.04536E+01  4.30515E+00  1.68640E-02  1.68640E-02
b  15    2 15   25  99  3.41785E-01  4.75873E-01 -6.43129E+00  2.91851E+01  4.24009E+00  5.09133E-02  5.09133E-02
b  15   17 15   25  99  3.36056E-01  2.96311E-01 -5.43253E+00  2.71253E+01  4.19206E+00  7.04500E-02  7.04500E-02
b  15   24 15   25  99  2.86733E-01  1.23084E-01  1.62907E+00 -5.74842E-01  2.07448E+00  2.33700E+00  2.33700E+00
b  15    1 15   26  99  3.36201E-01  5.65575E-01 -6.99960E+00  3.05036E+01  4.30772E+00  7.43000E-03  7.43000E-03
b  15    3 15   26  99  3.41785E-01  4.75873E-01 -6.43129E+00  2.91851E+01  4.24009E+00  5.09133E-02  5.09133E-02
b  15   18 15   26  99  3.36056E-01  2.96311E-01 -5.43253E+00  2.71253E+01  4.19206E+00  7.04500E-02  7.04500E-02
b  15   24 15   26  99  1.32140E-01  1.14496E+00 -1.67197E+01  1.61755E+02  2.00000E+01  7.06200E-01  7.06200E-01
b  15   25 15   26  99  2.12386E-01  1.89602E-01  1.54601E+00 -7.43735E-01  2.73742E+00  8.06000E-01  8.06000E-01
b  15    1 15   27  99  3.55513E-01  6.18090E-01 -7.76912E+00  3.37962E+01  4.36385E+00  3.73800E-03  3.73800E-03
b  15    4 15   27  99  3.41785E-01  4.75873E-01 -6.43129E+00  2.91851E+01  4.24009E+00  5.09133E-02  5.09133E-02
b  15   19 15   27  99  3.36056E-01  2.96311E-01 -5.43253E+00  2.71253E+01  4.19206E+00  7.04500E-02  7.04500E-02
b  15   24 15   27  99  1.72147E-01  1.46503E+00 -2.22028E+01  2.29804E+02  2.00000E+01  2.68440E-01  2.68440E-01
b  15   25 15   27  99  2.98433E-01  6.63278E-01  1.40640E+00 -4.49172E-01  2.04789E+00  1.39900E-01  1.39900E-01
b  15   26 15   27  99  2.53277E-01  2.07772E-01  2.30413E+00 -1.29745E+00  3.34007E+00  1.00500E+00  1.00500E+00
b  15    1 15   28  99  3.52231E-01  5.92564E-01 -7.44750E+00  3.24221E+01  4.31805E+00  2.22600E-03  2.22600E-03
b  15    5 15   28  99  3.41785E-01  4.75873E-01 -6.43129E+00  2.91851E+01  4.24009E+00  5.09133E-02  5.09133E-02
b  15   20 15   28  99  3.36056E-01  2.96311E-01 -5.43253E+00  2.71253E+01  4.19206E+00  7.04500E-02  7.04500E-02
b  15   24 15   28  99  1.73266E-01  1.48608E+00 -2.21410E+01  2.32446E+02  2.00000E+01  1.48080E-01  1.48080E-01
b  15   25 15   28  99  3.23578E-01  8.52826E-01  1.55876E+00 -5.62801E-01  2.07370E+00  5.62400E-02  5.62400E-02
b  15   26 15   28  99  2.83395E-01  7.09464E-01  1.96483E+00 -9.74119E-01  2.84558E+00  1.75900E-01  1.75900E-01
b  15   27 15   28  99  2.37606E-01  2.56481E-01  2.20352E+00 -3.27548E-01  4.02966E+00  1.27500E+00  1.27500E+00
b  15    1 15   29  99  3.43898E-01  6.07366E-01 -7.57872E+00  3.28067E+01  4.36296E+00  1.43320E-03  1.43320E-03
b  15    6 15   29  99  3.41785E-01  4.75873E-01 -6.43129E+00  2.91851E+01  4.24009E+00  5.09133E-02  5.09133E-02
b  15   21 15   29  99  3.36056E-01  2.96311E-01 -5.43253E+00  2.71253E+01  4.19206E+00  7.04500E-02  7.04500E-02
b  15   24 15   29  99  1.75895E-01  1.49465E+00 -2.21637E+01  2.38463E+02  2.00000E+01  9.12600E-02  9.12600E-02
b  15   25 15   29  99  3.37593E-01  9.77606E-01  1.63890E+00 -5.79766E-01  2.12027E+00  2.93400E-02  2.93400E-02
b  15   26 15   29  99  3.08258E-01  9.96743E-01  2.11302E+00 -1.03846E+00  2.90862E+00  6.65200E-02  6.65200E-02
b  15   27 15   29  99  2.81064E-01  7.35783E-01  2.39633E+00 -1.32829E+00  3.47335E+00  2.08600E-01  2.08600E-01
b  15   28 15   29  99  2.25294E-01  3.00519E-01  2.01926E+00 -2.76851E-01  4.01637E+00  1.51000E+00  1.51000E+00
b  15    1 15   30  99  3.46133E-01  5.82221E-01 -7.34571E+00  3.20376E+01  4.32768E+00  9.76000E-04  9.76000E-04
b  15    7 15   30  99  3.41785E-01  4.75873E-01 -6.43129E+00  2.91851E+01  4.24009E+00  5.09133E-02  5.09133E-02
b  15   22 15   30  99  3.36056E-01  2.96311E-01 -5.43253E+00  2.71253E+01  4.19206E+00  7.04500E-02  7.04500E-02
b  15   24 15   30  99  1.74976E-01  1.51022E+00 -2.19245E+01  2.33242E+02  2.00000E+01  6.06000E-02  6.06000E-02
b  15   25 15   30  99  3.46662E-01  1.06320E+00  1.69883E+00 -6.04097E-01  2.15082E+00  1.76200E-02  1.76200E-02
b  15   26 15   30  99  3.22851E-01  1.20044E+00  2.17920E+00 -1.04939E+00  2.93821E+00  3.37700E-02  3.37700E-02
b  15   27 15   30  99  3.05212E-01  1.10097E+00  2.50514E+00 -1.37011E+00  3.51643E+00  7.59000E-02  7.59000E-02
b  15   28 15   30  99  2.70633E-01  7.95281E-01  2.36279E+00 -3.19670E-01  4.18137E+00  2.38600E-01  2.38600E-01
b  15   29 15   30  99  2.16784E-01  3.27550E-01  1.91018E+00 -2.98275E-01  4.01156E+00  1.73300E+00  1.73300E+00
b  15    1 15   31  99  3.43981E-01  5.78051E-01 -7.27686E+00  3.17091E+01  4.32206E+00  6.94000E-04  6.94000E-04
b  15    8 15   31  99  3.41785E-01  4.75873E-01 -6.43129E+00  2.91851E+01  4.24009E+00  5.09133E-02  5.09133E-02
b  15   23 15   31  99  3.36056E-01  2.96311E-01 -5.43253E+00  2.71253E+01  4.19206E+00  7.04500E-02  7.04500E-02
b  15   24 15   31  99  1.76417E-01  1.51687E+00 -2.20155E+01  2.37416E+02  2.00000E+01  4.24140E-02  4.24140E-02
b  15   25 15   31  99  3.51868E-01  1.13086E+00  1.71461E+00 -6.18510E-01  2.14380E+00  1.15500E-02  1.15500E-02
b  15   26 15   31  99  3.32028E-01  1.35335E+00  2.19188E+00 -1.02345E+00  2.94000E+00  2.00200E-02  2.00200E-02
b  15   27 15   31  99  3.21568E-01  1.37039E+00  2.56805E+00 -1.36710E+00  3.51971E+00  3.77300E-02  3.77300E-02
b  15   28 15   31  99  2.98502E-01  1.20226E+00  2.46249E+00 -1.38394E+00  3.60586E+00  8.46400E-02  8.46400E-02
b  15   29 15   31  99  2.61594E-01  8.35195E-01  2.22763E+00 -1.69710E-01  4.26204E+00  2.68400E-01  2.68400E-01
b  15   30 15   31  99  1.59622E-02  2.56007E-02  1.36846E-01 -2.08176E-02  3.97943E+00  2.57300E+01  2.57300E+01
f  15    1 14    1  99  5.00000E+00  1.04400E+01
p  15    1 14    1  98  1.01290E+00 -2.15110E+00 -1.12570E-01  3.80570E-03  5.00000E+00  1.54800E+02  1.61000E+02  3.09700E+03
f  15    2 14    1  99  1.00000E+00  7.56960E+00
p  15    2 14    1  99  1.00000E+00  7.56960E+00
f  15    3 14    1  99  1.00000E+00  7.10440E+00
p  15    3 14    1  99  1.00000E+00  7.10440E+00
f  15    4 14    1  99  1.00000E+00  7.17400E+00
p  15    4 14    1  99  1.00000E+00  7.17400E+00
f  15    5 14    1  99  1.00000E+00  7.13800E+00
p  15    5 14    1  99  1.00000E+00  7.13800E+00
f  15    6 14    1  99  1.00000E+00  7.04820E+00
p  15    6 14    1  99  1.00000E+00  7.04820E+00
f  15    7 14    1  99  1.00000E+00  7.04020E+00
p  15    7 14    1  99  1.00000E+00  7.04020E+00
f  15    8 14    1  99  1.00000E+00  7.00140E+00
p  15    8 14    1  99  1.00000E+00  7.00140E+00
f  15    2 14    2  99  4.00000E+00  7.56960E+00
p  15    2 14    2  98  1.01290E+00 -2.15110E+00 -1.12570E-01  3.80570E-03  5.00000E+00  1.54800E+02  1.61000E+02  3.09700E+03
f  15    9 14    2  99  2.00000E+00  8.13010E+00
p  15    9 14    2  99  2.00000E+00  8.13010E+00
f  15   10 14    2  99  1.00000E+00  7.16400E+00
p  15   10 14    2  99  1.00000E+00  7.16400E+00
f  15   11 14    2  99  1.00000E+00  7.19600E+00
p  15   11 14    2  99  1.00000E+00  7.19600E+00
f  15   12 14    2  99  1.00000E+00  7.14900E+00
p  15   12 14    2  99  1.00000E+00  7.14900E+00
f  15   13 14    2  99  1.00000E+00  7.05520E+00
p  15   13 14    2  99  1.00000E+00  7.05520E+00
f  15   14 14    2  99  1.00000E+00  7.04620E+00
p  15   14 14    2  99  1.00000E+00  7.04620E+00
f  15   15 14    2  99  1.00000E+00  7.01130E+00
p  15   15 14    2  99  1.00000E+00  7.01130E+00
f  15    3 14    3  99  4.00000E+00  7.10440E+00
p  15    3 14    3  98  1.01290E+00 -2.15110E+00 -1.12570E-01  3.80570E-03  5.00000E+00  1.54800E+02  1.61000E+02  3.09700E+03
f  15   10 14    3  99  1.00000E+00  7.16400E+00
p  15   10 14    3  99  1.00000E+00  7.16400E+00
f  15    4 14    4  99  4.00000E+00  7.17400E+00
p  15    4 14    4  98  1.01290E+00 -2.15110E+00 -1.12570E-01  3.80570E-03  5.00000E+00  1.54800E+02  1.61000E+02  3.09700E+03
f  15   11 14    4  99  1.00000E+00  7.19600E+00
p  15   11 14    4  99  1.00000E+00  7.19600E+00
f  15    5 14    5  99  4.00000E+00  7.13800E+00
p  15    5 14    5  98  1.01290E+00 -2.15110E+00 -1.12570E-01  3.80570E-03  5.00000E+00  1.54800E+02  1.61000E+02  3.09700E+03
f  15   12 14    5  99  1.00000E+00  7.14900E+00
p  15   12 14    5  99  1.00000E+00  7.14900E+00
f  15    6 14    6  99  4.00000E+00  7.04820E+00
p  15    6 14    6  98  1.01290E+00 -2.15110E+00 -1.12570E-01  3.80570E-03  5.00000E+00  1.54800E+02  1.61000E+02  3.09700E+03
f  15   13 14    6  99  1.00000E+00  7.05520E+00
p  15   13 14    6  99  1.00000E+00  7.05520E+00
f  15    7 14    7  99  4.00000E+00  7.04020E+00
p  15    7 14    7  98  1.01290E+00 -2.15110E+00 -1.12570E-01  3.80570E-03  5.00000E+00  1.54800E+02  1.61000E+02  3.09700E+03
f  15   14 14    7  99  1.00000E+00  7.04620E+00
p  15   14 14    7  99  1.00000E+00  7.04620E+00
f  15    8 14    8  99  4.00000E+00  7.00140E+00
p  15    8 14    8  98  1.01290E+00 -2.15110E+00 -1.12570E-01  3.80570E-03  5.00000E+00  1.54800E+02  1.61000E+02  3.09700E+03
f  15   15 14    8  99  1.00000E+00  7.01130E+00
p  15   15 14    8  99  1.00000E+00  7.01130E+00
f  15    9 14    9  99  3.00000E+00  8.13010E+00
p  15    9 14    9  98  1.01290E+00 -2.15110E+00 -1.12570E-01  3.80570E-03  5.00000E+00  1.54800E+02  1.61000E+02  3.09700E+03
f  15   10 14   10  99  3.00000E+00  7.16400E+00
p  15   10 14   10  98  1.01290E+00 -2.15110E+00 -1.12570E-01  3.80570E-03  5.00000E+00  1.54800E+02  1.61000E+02  3.09700E+03
f  15   11 14   11  99  3.00000E+00  7.19600E+00
p  15   11 14   11  98  1.01290E+00 -2.15110E+00 -1.12570E-01  3.80570E-03  5.00000E+00  1.54800E+02  1.61000E+02  3.09700E+03
f  15   12 14   12  99  3.00000E+00  7.14900E+00
p  15   12 14   12  98  1.01290E+00 -2.15110E+00 -1.12570E-01  3.80570E-03  5.00000E+00  1.54800E+02  1.61000E+02  3.09700E+03
f  15   13 14   13  99  3.00000E+00  7.05520E+00
p  15   13 14   13  98  1.01290E+00 -2.15110E+00 -1.12570E-01  3.80570E-03  5.00000E+00  1.54800E+02  1.61000E+02  3.09700E+03
f  15   14 14   14  99  3.00000E+00  7.04620E+00
p  15   14 14   14  98  1.01290E+00 -2.15110E+00 -1.12570E-01  3.80570E-03  5.00000E+00  1.54800E+02  1.61000E+02  3.09700E+03
f  15   15 14   15  99  3.00000E+00  7.01130E+00
p  15   15 14   15  98  1.01290E+00 -2.15110E+00 -1.12570E-01  3.80570E-03  5.00000E+00  1.54800E+02  1.61000E+02  3.09700E+03
f  15    1 14   16  99  8.00000E+00  1.04400E+01
p  15    1 14   16  98  1.90900E+00 -2.36780E+00 -1.58720E-01  1.58350E-02  8.00000E+00  6.07500E+02  6.31900E+02  1.21500E+04
f  15   16 14   16  99  6.00000E+00  1.10040E+01
p  15   16 14   16  98  1.01290E+00 -2.15110E+00 -1.12570E-01  3.80570E-03  5.00000E+00  1.54800E+02  1.61000E+02  3.09700E+03
f  15   17 14   16  99  1.00000E+00  7.62630E+00
p  15   17 14   16  99  1.00000E+00  7.62630E+00
f  15   18 14   16  99  1.00000E+00  7.12270E+00
p  15   18 14   16  99  1.00000E+00  7.12270E+00
f  15   19 14   16  99  1.00000E+00  7.18000E+00
p  15   19 14   16  99  1.00000E+00  7.18000E+00
f  15   20 14   16  99  1.00000E+00  7.14200E+00
p  15   20 14   16  99  1.00000E+00  7.14200E+00
f  15   21 14   16  99  1.00000E+00  7.05720E+00
p  15   21 14   16  99  1.00000E+00  7.05720E+00
f  15   22 14   16  99  1.00000E+00  7.04720E+00
p  15   22 14   16  99  1.00000E+00  7.04720E+00
f  15   23 14   16  99  1.00000E+00  7.00140E+00
p  15   23 14   16  99  1.00000E+00  7.00140E+00
f  15    2 14   17  99  8.00000E+00  7.56960E+00
p  15    2 14   17  98  1.90900E+00 -2.36780E+00 -1.58720E-01  1.58350E-02  8.00000E+00  6.07500E+02  6.31900E+02  1.21500E+04
f  15   17 14   17  99  5.00000E+00  7.62630E+00
p  15   17 14   17  98  1.01290E+00 -2.15110E+00 -1.12570E-01  3.80570E-03  5.00000E+00  1.54800E+02  1.61000E+02  3.09700E+03
f  15    3 14   18  99  8.00000E+00  7.10440E+00
p  15    3 14   18  98  1.90900E+00 -2.36780E+00 -1.58720E-01  1.58350E-02  8.00000E+00  6.07500E+02  6.31900E+02  1.21500E+04
f  15   18 14   18  99  5.00000E+00  7.12270E+00
p  15   18 14   18  98  1.01290E+00 -2.15110E+00 -1.12570E-01  3.80570E-03  5.00000E+00  1.54800E+02  1.61000E+02  3.09700E+03
f  15    4 14   19  99  8.00000E+00  7.17400E+00
p  15    4 14   19  98  1.90900E+00 -2.36780E+00 -1.58720E-01  1.58350E-02  8.00000E+00  6.07500E+02  6.31900E+02  1.21500E+04
f  15   19 14   19  99  5.00000E+00  7.18000E+00
p  15   19 14   19  98  1.01290E+00 -2.15110E+00 -1.12570E-01  3.80570E-03  5.00000E+00  1.54800E+02  1.61000E+02  3.09700E+03
f  15    5 14   20  99  8.00000E+00  7.13800E+00
p  15    5 14   20  98  1.90900E+00 -2.36780E+00 -1.58720E-01  1.58350E-02  8.00000E+00  6.07500E+02  6.31900E+02  1.21500E+04
f  15   20 14   20  99  5.00000E+00  7.14200E+00
p  15   20 14   20  98  1.01290E+00 -2.15110E+00 -1.12570E-01  3.80570E-03  5.00000E+00  1.54800E+02  1.61000E+02  3.09700E+03
f  15    6 14   21  99  8.00000E+00  7.04820E+00
p  15    6 14   21  98  1.90900E+00 -2.36780E+00 -1.58720E-01  1.58350E-02  8.00000E+00  6.07500E+02  6.31900E+02  1.21500E+04
f  15   21 14   21  99  5.00000E+00  7.05720E+00
p  15   21 14   21  98  1.01290E+00 -2.15110E+00 -1.12570E-01  3.80570E-03  5.00000E+00  1.54800E+02  1.61000E+02  3.09700E+03
f  15    7 14   22  99  8.00000E+00  7.04020E+00
p  15    7 14   22  98  1.90900E+00 -2.36780E+00 -1.58720E-01  1.58350E-02  8.00000E+00  6.07500E+02  6.31900E+02  1.21500E+04
f  15   22 14   22  99  5.00000E+00  7.04720E+00
p  15   22 14   22  98  1.01290E+00 -2.15110E+00 -1.12570E-01  3.80570E-03  5.00000E+00  1.54800E+02  1.61000E+02  3.09700E+03
f  15    8 14   23  99  8.00000E+00  7.00140E+00
p  15    8 14   23  98  1.90900E+00 -2.36780E+00 -1.58720E-01  1.58350E-02  8.00000E+00  6.07500E+02  6.31900E+02  1.21500E+04
f  15   23 14   23  99  5.00000E+00  7.00140E+00
p  15   23 14   23  98  1.01290E+00 -2.15110E+00 -1.12570E-01  3.80570E-03  5.00000E+00  1.54800E+02  1.61000E+02  3.09700E+03
f  15    1 14   24  99  2.00000E+00  1.04400E+01
p  15    1 14   24  98  2.16680E+00 -2.50880E+00 -1.81480E-01  1.71640E-02  2.00000E+00  4.59200E+03  4.77500E+03  9.18300E+04
f  15   24 14   24  99  6.00000E+00  1.10840E+01
p  15   24 14   24  98  1.01290E+00 -2.15110E+00 -1.12570E-01  3.80570E-03  5.00000E+00  1.54800E+02  1.61000E+02  3.09700E+03
f  15   25 14   24  99  1.00000E+00  7.64950E+00
p  15   25 14   24  99  1.00000E+00  7.64950E+00
f  15   26 14   24  99  1.00000E+00  7.12180E+00
p  15   26 14   24  99  1.00000E+00  7.12180E+00
f  15   27 14   24  99  1.00000E+00  7.18900E+00
p  15   27 14   24  99  1.00000E+00  7.18900E+00
f  15   28 14   24  99  1.00000E+00  7.15100E+00
p  15   28 14   24  99  1.00000E+00  7.15100E+00
f  15   29 14   24  99  1.00000E+00  7.05810E+00
p  15   29 14   24  99  1.00000E+00  7.05810E+00
f  15   30 14   24  99  1.00000E+00  7.04810E+00
p  15   30 14   24  99  1.00000E+00  7.04810E+00
f  15   31 14   24  99  1.00000E+00  7.00140E+00
p  15   31 14   24  99  1.00000E+00  7.00140E+00
f  15    2 14   25  99  2.00000E+00  7.56960E+00
p  15    2 14   25  98  2.16680E+00 -2.50880E+00 -1.81480E-01  1.71640E-02  2.00000E+00  4.59200E+03  4.77500E+03  9.18300E+04
f  15   25 14   25  99  5.00000E+00  7.64950E+00
p  15   25 14   25  98  1.01290E+00 -2.15110E+00 -1.12570E-01  3.80570E-03  5.00000E+00  1.54800E+02  1.61000E+02  3.09700E+03
f  15    3 14   26  99  2.00000E+00  7.10440E+00
p  15    3 14   26  98  2.16680E+00 -2.50880E+00 -1.81480E-01  1.71640E-02  2.00000E+00  4.59200E+03  4.77500E+03  9.18300E+04
f  15   26 14   26  99  5.00000E+00  7.12180E+00
p  15   26 14   26  98  1.01290E+00 -2.15110E+00 -1.12570E-01  3.80570E-03  5.00000E+00  1.54800E+02  1.61000E+02  3.09700E+03
f  15    4 14   27  99  2.00000E+00  7.17400E+00
p  15    4 14   27  98  2.16680E+00 -2.50880E+00 -1.81480E-01  1.71640E-02  2.00000E+00  4.59200E+03  4.77500E+03  9.18300E+04
f  15   27 14   27  99  5.00000E+00  7.18900E+00
p  15   27 14   27  98  1.01290E+00 -2.15110E+00 -1.12570E-01  3.80570E-03  5.00000E+00  1.54800E+02  1.61000E+02  3.09700E+03
f  15    5 14   28  99  2.00000E+00  7.13800E+00
p  15    5 14   28  98  2.16680E+00 -2.50880E+00 -1.81480E-01  1.71640E-02  2.00000E+00  4.59200E+03  4.77500E+03  9.18300E+04
f  15   28 14   28  99  5.00000E+00  7.15100E+00
p  15   28 14   28  98  1.01290E+00 -2.15110E+00 -1.12570E-01  3.80570E-03  5.00000E+00  1.54800E+02  1.61000E+02  3.09700E+03
f  15    6 14   29  99  2.00000E+00  7.04820E+00
p  15    6 14   29  98  2.16680E+00 -2.50880E+00 -1.81480E-01  1.71640E-02  2.00000E+00  4.59200E+03  4.77500E+03  9.18300E+04
f  15   29 14   29  99  5.00000E+00  7.05810E+00
p  15   29 14   29  98  1.01290E+00 -2.15110E+00 -1.12570E-01  3.80570E-03  5.00000E+00  1.54800E+02  1.61000E+02  3.09700E+03
f  15    7 14   30  99  2.00000E+00  7.04020E+00
p  15    7 14   30  98  2.16680E+00 -2.50880E+00 -1.81480E-01  1.71640E-02  2.00000E+00  4.59200E+03  4.77500E+03  9.18300E+04
f  15   30 14   30  99  5.00000E+00  7.04810E+00
p  15   30 14   30  98  1.01290E+00 -2.15110E+00 -1.12570E-01  3.80570E-03  5.00000E+00  1.54800E+02  1.61000E+02  3.09700E+03
f  15    8 14   31  99  2.00000E+00  7.00140E+00
p  15    8 14   31  98  2.16680E+00 -2.50880E+00 -1.81480E-01  1.71640E-02  2.00000E+00  4.59200E+03  4.77500E+03  9.18300E+04
f  15   31 14   31  99  5.00000E+00  7.00140E+00
p  15   31 14   31  98  1.01290E+00 -2.15110E+00 -1.12570E-01  3.80570E-03  5.00000E+00  1.54800E+02  1.61000E+02  3.09700E+03
a  15    9 14    1   7.72417E+13
a  15   10 14    1   3.25858E+13
a  15   11 14    1   1.27029E+13
a  15   12 14    1   5.87708E+12
a  15   13 14    1   3.01450E+12
a  15   14 14    1   1.67283E+12
a  15   15 14    1   9.87792E+11
a  15   16 14    1   1.29825E+14
a  15   17 14    1   5.49825E+12
a  15   18 14    1   1.58111E+12
a  15   19 14    1   5.98894E+11
a  15   20 14    1   2.77088E+11
a  15   21 14    1   1.42123E+11
a  15   22 14    1   7.88681E+10
a  15   23 14    1   4.65712E+10
a  15   24 14    1   1.52340E+12
a  15   25 14    1   6.91625E+10
a  15   26 14    1   1.94640E+10
a  15   27 14    1   7.16525E+09
a  15   28 14    1   3.31525E+09
a  15   29 14    1   1.70038E+09
a  15   30 14    1   9.43575E+08
a  15   31 14    1   5.57175E+08
a  15   17 14    2   8.65500E+13
a  15   25 14    2   1.01560E+12
a  15   18 14    3   8.65500E+13
a  15   26 14    3   1.01560E+12
a  15   19 14    4   8.65500E+13
a  15   27 14    4   1.01560E+12
a  15   20 14    5   8.65500E+13
a  15   28 14    5   1.01560E+12
a  15   21 14    6   8.65500E+13
a  15   29 14    6   1.01560E+12
a  15   22 14    7   8.65500E+13
a  15   30 14    7   1.01560E+12
a  15   23 14    8   8.65500E+13
a  15   31 14    8   1.01560E+12
a  15   24 14   16   7.57608E+13
a  15   25 14   16   1.80744E+12
a  15   26 14   16   5.11320E+11
a  15   27 14   16   1.88828E+11
a  15   28 14   16   8.73640E+10
a  15   29 14   16   4.48120E+10
a  15   30 14   16   2.48664E+10
a  15   31 14   16   1.46832E+10
a  15   25 14   17   6.31340E+13
a  15   26 14   18   6.31340E+13
a  15   27 14   19   6.31340E+13
a  15   28 14   20   6.31340E+13
a  15   29 14   21   6.31340E+13
a  15   30 14   22   6.31340E+13
a  15   31 14   23   6.31340E+13
b  16    1 16    2  99  2.80167E-01  1.76385E-01  1.53632E+00 -5.27806E-01  2.06324E+00  1.88820E+00  1.88820E+00
b  16    1 16    3  99  1.34504E-01  1.14247E+00 -1.64817E+01  1.60971E+02  2.00000E+01  6.25200E-01  6.25200E-01
b  16    2 16    3  99  1.97809E-01  2.37645E-01  1.37230E+00 -6.50965E-01  2.71897E+00  7.85800E-01  7.85800E-01
b  16    1 16    4  99  1.74391E-01  1.51517E+00 -2.20097E+01  2.14384E+02  2.00000E+01  2.40480E-01  2.40480E-01
b  16    2 16    4  99  3.30502E-01  6.05832E-01  2.33314E+00 -1.08863E+00  2.82389E+00  1.27600E-01  1.27600E-01
b  16    3 16    4  99  2.47022E-01  2.49117E-01  2.30087E+00 -3.86242E-01  4.00884E+00  9.94300E-01  9.94300E-01
b  16    1 16    5  99  1.74386E-01  1.50727E+00 -2.17964E+01  2.17597E+02  2.00000E+01  1.36260E-01  1.36260E-01
b  16    2 16    5  99  3.20419E-01  9.67802E-01  1.44411E+00 -4.64776E-01  2.06829E+00  5.12700E-02  5.12700E-02
b  16    3 16    5  99  2.93353E-01  7.07915E-01  2.51040E+00 -1.36172E+00  3.46298E+00  1.67500E-01  1.67500E-01
b  16    4 16    5  99  2.30830E-01  3.01755E-01  2.07854E+00 -3.05361E-01  4.02453E+00  1.28100E+00  1.28100E+00
b  16    1 16    6  99  1.73887E-01  1.50523E+00 -2.15866E+01  2.17591E+02  2.00000E+01  8.53200E-02  8.53200E-02
b  16    2 16    6  99  3.33314E-01  1.10373E+00  1.49237E+00 -5.05287E-01  2.05781E+00  2.68400E-02  2.68400E-02
b  16    3 16    6  99  3.01450E-01  1.09826E+00  1.96932E+00 -9.42645E-01  2.89646E+00  6.27500E-02  6.27500E-02
b  16    4 16    6  99  2.75386E-01  7.92141E-01  2.40828E+00 -3.67652E-01  4.17170E+00  2.03300E-01  2.03300E-01
b  16    5 16    6  99  2.19043E-01  3.43356E-01  1.89116E+00 -2.80257E-01  3.96999E+00  1.52100E+00  1.52100E+00
b  16    1 16    7  99  1.73459E-01  1.50732E+00 -2.15557E+01  2.18554E+02  2.00000E+01  5.72280E-02  5.72280E-02
b  16    2 16    7  99  3.41366E-01  1.19539E+00  1.53111E+00 -5.05504E-01  2.08230E+00  1.61700E-02  1.61700E-02
b  16    3 16    7  99  3.21126E-01  1.29396E+00  2.17569E+00 -1.07359E+00  3.01178E+00  3.17600E-02  3.17600E-02
b  16    4 16    7  99  3.00384E-01  1.17260E+00  2.45027E+00 -1.39620E+00  3.54073E+00  7.32300E-02  7.32300E-02
b  16    5 16    7  99  2.63745E-01  8.52594E-01  2.21555E+00 -1.58192E-01  4.20435E+00  2.34600E-01  2.34600E-01
b  16    6 16    7  99  2.11542E-01  3.65268E-01  1.79553E+00 -2.73105E-01  3.97576E+00  1.74500E+00  1.74500E+00
b  16    1 16    8  99  1.71999E-01  1.51352E+00 -2.14969E+01  2.16964E+02  2.00000E+01  4.03500E-02  4.03500E-02
b  16    2 16    8  99  3.46615E-01  1.26290E+00  1.54574E+00 -5.23605E-01  2.07120E+00  1.06300E-02  1.06300E-02
b  16    3 16    8  99  3.31344E-01  1.45125E+00  2.19741E+00 -1.08756E+00  2.97830E+00  1.88100E-02  1.88100E-02
b  16    4 16    8  99  3.16215E-01  1.45754E+00  2.50578E+00 -1.40456E+00  3.56660E+00  3.62300E-02  3.62300E-02
b  16    5 16    8  99  2.91462E-01  1.27261E+00  2.38396E+00 -2.51389E-01  4.24705E+00  8.25100E-02  8.25100E-02
b  16    6 16    8  99  2.55760E-01  8.82204E-01  2.08445E+00 -2.05892E-01  4.16112E+00  2.65300E-01  2.65300E-01
b  16    7 16    8  99  4.24436E-05  7.84625E-05  3.49730E-04 -5.16858E-05  3.93758E+00  9.50700E+03  9.50700E+03
b  16    1 16    9  98  0.00000E+00  0.00000E+00  0.00000E+00  0.00000E+00  0.00000E+00  3.27904E-02  6.55807E-04
b  16    2 16    9  99  2.80167E-01  1.76385E-01  1.53632E+00 -5.27806E-01  2.06324E+00  1.52433E+00  1.52433E+00
b  16    1 16   10  98  0.00000E+00  0.00000E+00  0.00000E+00  0.00000E+00  0.00000E+00  4.39705E-02  8.79409E-04
b  16    2 16   10  99  1.34504E-01  1.14247E+00 -1.64817E+01  1.60971E+02  2.00000E+01  5.21000E-01  5.21000E-01
b  16    3 16   10  99  2.80167E-01  1.76385E-01  1.53632E+00 -5.27806E-01  2.06324E+00  1.57350E+00  1.57350E+00
b  16    9 16   10  99  1.97809E-01  2.37645E-01  1.37230E+00 -6.50965E-01  2.71897E+00  1.57160E+00  1.57160E+00
b  16    1 16   11  98  0.00000E+00  0.00000E+00  0.00000E+00  0.00000E+00  0.00000E+00  5.95243E-02  1.19049E-03
b  16    2 16   11  99  1.74391E-01  1.51517E+00 -2.20097E+01  2.14384E+02  2.00000E+01  2.00400E-01  2.00400E-01
b  16    4 16   11  99  2.80167E-01  1.76385E-01  1.53632E+00 -5.27806E-01  2.06324E+00  1.57350E+00  1.57350E+00
b  16    9 16   11  99  3.30502E-01  6.05832E-01  2.33314E+00 -1.08863E+00  2.82389E+00  2.55200E-01  2.55200E-01
b  16   10 16   11  99  2.47022E-01  2.49117E-01  2.30087E+00 -3.86242E-01  4.00884E+00  9.94300E-01  9.94300E-01
b  16    1 16   12  98  0.00000E+00  0.00000E+00  0.00000E+00  0.00000E+00  0.00000E+00  7.76987E-02  1.55397E-03
b  16    2 16   12  99  1.74386E-01  1.50727E+00 -2.17964E+01  2.17597E+02  2.00000E+01  1.13550E-01  1.13550E-01
b  16    5 16   12  99  2.80167E-01  1.76385E-01  1.53632E+00 -5.27806E-01  2.06324E+00  1.57350E+00  1.57350E+00
b  16    9 16   12  99  3.20419E-01  9.67802E-01  1.44411E+00 -4.64776E-01  2.06829E+00  1.02540E-01  1.02540E-01
b  16   10 16   12  99  2.93353E-01  7.07915E-01  2.51040E+00 -1.36172E+00  3.46298E+00  1.67500E-01  1.67500E-01
b  16   11 16   12  99  2.30830E-01  3.01755E-01  2.07854E+00 -3.05361E-01  4.02453E+00  1.28100E+00  1.28100E+00
b  16    1 16   13  98  0.00000E+00  0.00000E+00  0.00000E+00  0.00000E+00  0.00000E+00  9.86597E-02  1.97319E-03
b  16    2 16   13  99  1.73887E-01  1.50523E+00 -2.15866E+01  2.17591E+02  2.00000E+01  7.11000E-02  7.11000E-02
b  16    6 16   13  99  2.80167E-01  1.76385E-01  1.53632E+00 -5.27806E-01  2.06324E+00  1.57350E+00  1.57350E+00
b  16    9 16   13  99  3.33314E-01  1.10373E+00  1.49237E+00 -5.05287E-01  2.05781E+00  5.36800E-02  5.36800E-02
b  16   10 16   13  99  3.01450E-01  1.09826E+00  1.96932E+00 -9.42645E-01  2.89646E+00  6.27500E-02  6.27500E-02
b  16   11 16   13  99  2.75386E-01  7.92141E-01  2.40828E+00 -3.67652E-01  4.17170E+00  2.03300E-01  2.03300E-01
b  16   12 16   13  99  2.19043E-01  3.43356E-01  1.89116E+00 -2.80257E-01  3.96999E+00  1.52100E+00  1.52100E+00
b  16    1 16   14  98  0.00000E+00  0.00000E+00  0.00000E+00  0.00000E+00  0.00000E+00  1.22741E-01  2.45483E-03
b  16    2 16   14  99  1.73459E-01  1.50732E+00 -2.15557E+01  2.18554E+02  2.00000E+01  4.76900E-02  4.76900E-02
b  16    7 16   14  99  2.80167E-01  1.76385E-01  1.53632E+00 -5.27806E-01  2.06324E+00  1.57350E+00  1.57350E+00
b  16    9 16   14  99  3.41366E-01  1.19539E+00  1.53111E+00 -5.05504E-01  2.08230E+00  3.23400E-02  3.23400E-02
b  16   10 16   14  99  3.21126E-01  1.29396E+00  2.17569E+00 -1.07359E+00  3.01178E+00  3.17600E-02  3.17600E-02
b  16   11 16   14  99  3.00384E-01  1.17260E+00  2.45027E+00 -1.39620E+00  3.54073E+00  7.32300E-02  7.32300E-02
b  16   12 16   14  99  2.63745E-01  8.52594E-01  2.21555E+00 -1.58192E-01  4.20435E+00  2.34600E-01  2.34600E-01
b  16   13 16   14  99  2.11542E-01  3.65268E-01  1.79553E+00 -2.73105E-01  3.97576E+00  1.74500E+00  1.74500E+00
b  16    1 16   15  98  0.00000E+00  0.00000E+00  0.00000E+00  0.00000E+00  0.00000E+00  1.49592E-01  2.99185E-03
b  16    2 16   15  99  1.71999E-01  1.51352E+00 -2.14969E+01  2.16964E+02  2.00000E+01  3.36250E-02  3.36250E-02
b  16    8 16   15  99  2.80167E-01  1.76385E-01  1.53632E+00 -5.27806E-01  2.06324E+00  1.57350E+00  1.57350E+00
b  16    9 16   15  99  3.46615E-01  1.26290E+00  1.54574E+00 -5.23605E-01  2.07120E+00  2.12600E-02  2.12600E-02
b  16   10 16   15  99  3.31344E-01  1.45125E+00  2.19741E+00 -1.08756E+00  2.97830E+00  1.88100E-02  1.88100E-02
b  16   11 16   15  99  3.16215E-01  1.45754E+00  2.50578E+00 -1.40456E+00  3.56660E+00  3.62300E-02  3.62300E-02
b  16   12 16   15  99  2.91462E-01  1.27261E+00  2.38396E+00 -2.51389E-01  4.24705E+00  8.25100E-02  8.25100E-02
b  16   13 16   15  99  2.55760E-01  8.82204E-01  2.08445E+00 -2.05892E-01  4.16112E+00  2.65300E-01  2.65300E-01
b  16   14 16   15  99  4.24436E-05  7.84625E-05  3.49730E-04 -5.16858E-05  3.93758E+00  9.50700E+03  9.50700E+03
b  16    1 16   16  99  8.71152E-02  1.24039E+00 -1.46673E+01 -2.70749E+01  2.00000E+01  1.15040E+00  1.15040E+00
b  16    1 16   17  99  9.92982E-02  1.37657E+00 -2.75004E+01  1.71782E+02  2.00000E+01  3.87280E-01  3.87280E-01
b  16    2 16   17  99  8.71152E-02  1.24039E+00 -1.46673E+01 -2.70749E+01  2.00000E+01  1.24627E+00  1.24627E+00
b  16   16 16   17  99  2.80167E-01  1.76385E-01  1.53632E+00 -5.27806E-01  2.06324E+00  2.20290E+00  2.20290E+00
b  16    1 16   18  99  1.03049E-01  1.43168E+00 -2.91428E+01  1.87973E+02  2.00000E+01  1.67920E-01  1.67920E-01
b  16    3 16   18  99  8.71152E-02  1.24039E+00 -1.46673E+01 -2.70749E+01  2.00000E+01  1.24627E+00  1.24627E+00
b  16   16 16   18  99  1.34504E-01  1.14247E+00 -1.64817E+01  1.60971E+02  2.00000E+01  7.29400E-01  7.29400E-01
b  16   17 16   18  99  1.97809E-01  2.37645E-01  1.37230E+00 -6.50965E-01  2.71897E+00  7.85800E-01  7.85800E-01
b  16    1 16   19  99  1.69651E-01  2.14213E+00 -7.18329E+01  7.91668E+02  2.00000E+01  8.12800E-02  8.12800E-02
b  16    4 16   19  99  8.71152E-02  1.24039E+00 -1.46673E+01 -2.70749E+01  2.00000E+01  1.24627E+00  1.24627E+00
b  16   16 16   19  99  1.74391E-01  1.51517E+00 -2.20097E+01  2.14384E+02  2.00000E+01  2.80560E-01  2.80560E-01
b  16   17 16   19  99  3.30502E-01  6.05832E-01  2.33314E+00 -1.08863E+00  2.82389E+00  1.27600E-01  1.27600E-01
b  16   18 16   19  99  2.47022E-01  2.49117E-01  2.30087E+00 -3.86242E-01  4.00884E+00  9.94300E-01  9.94300E-01
b  16    1 16   20  99  1.66379E-01  2.10162E+00 -7.01479E+01  7.70874E+02  2.00000E+01  4.85440E-02  4.85440E-02
b  16    5 16   20  99  8.71152E-02  1.24039E+00 -1.46673E+01 -2.70749E+01  2.00000E+01  1.24627E+00  1.24627E+00
b  16   16 16   20  99  1.74386E-01  1.50727E+00 -2.17964E+01  2.17597E+02  2.00000E+01  1.58970E-01  1.58970E-01
b  16   17 16   20  99  3.20419E-01  9.67802E-01  1.44411E+00 -4.64776E-01  2.06829E+00  5.12700E-02  5.12700E-02
b  16   18 16   20  99  2.93353E-01  7.07915E-01  2.51040E+00 -1.36172E+00  3.46298E+00  1.67500E-01  1.67500E-01
b  16   19 16   20  99  2.30830E-01  3.01755E-01  2.07854E+00 -3.05361E-01  4.02453E+00  1.28100E+00  1.28100E+00
b  16    1 16   21  99  1.64051E-01  2.07648E+00 -6.90675E+01  7.57035E+02  2.00000E+01  3.13680E-02  3.13680E-02
b  16    6 16   21  99  8.71152E-02  1.24039E+00 -1.46673E+01 -2.70749E+01  2.00000E+01  1.24627E+00  1.24627E+00
b  16   16 16   21  99  1.73887E-01  1.50523E+00 -2.15866E+01  2.17591E+02  2.00000E+01  9.95400E-02  9.95400E-02
b  16   17 16   21  99  3.33314E-01  1.10373E+00  1.49237E+00 -5.05287E-01  2.05781E+00  2.68400E-02  2.68400E-02
b  16   18 16   21  99  3.01450E-01  1.09826E+00  1.96932E+00 -9.42645E-01  2.89646E+00  6.27500E-02  6.27500E-02
b  16   19 16   21  99  2.75386E-01  7.92141E-01  2.40828E+00 -3.67652E-01  4.17170E+00  2.03300E-01  2.03300E-01
b  16   20 16   21  99  2.19043E-01  3.43356E-01  1.89116E+00 -2.80257E-01  3.96999E+00  1.52100E+00  1.52100E+00
b  16    1 16   22  99  1.61897E-01  2.05601E+00 -6.80624E+01  7.43391E+02  2.00000E+01  2.14560E-02  2.14560E-02
b  16    7 16   22  99  8.71152E-02  1.24039E+00 -1.46673E+01 -2.70749E+01  2.00000E+01  1.24627E+00  1.24627E+00
b  16   16 16   22  99  1.73459E-01  1.50732E+00 -2.15557E+01  2.18554E+02  2.00000E+01  6.67660E-02  6.67660E-02
b  16   17 16   22  99  3.41366E-01  1.19539E+00  1.53111E+00 -5.05504E-01  2.08230E+00  1.61700E-02  1.61700E-02
b  16   18 16   22  99  3.21126E-01  1.29396E+00  2.17569E+00 -1.07359E+00  3.01178E+00  3.17600E-02  3.17600E-02
b  16   19 16   22  99  3.00384E-01  1.17260E+00  2.45027E+00 -1.39620E+00  3.54073E+00  7.32300E-02  7.32300E-02
b  16   20 16   22  99  2.63745E-01  8.52594E-01  2.21555E+00 -1.58192E-01  4.20435E+00  2.34600E-01  2.34600E-01
b  16   21 16   22  99  2.11542E-01  3.65268E-01  1.79553E+00 -2.73105E-01  3.97576E+00  1.74500E+00  1.74500E+00
b  16    1 16   23  99  1.60651E-01  2.04182E+00 -6.74491E+01  7.35587E+02  2.00000E+01  1.53200E-02  1.53200E-02
b  16    8 16   23  99  8.71152E-02  1.24039E+00 -1.46673E+01 -2.70749E+01  2.00000E+01  1.24627E+00  1.24627E+00
b  16   16 16   23  99  1.71999E-01  1.51352E+00 -2.14969E+01  2.16964E+02  2.00000E+01  4.70750E-02  4.70750E-02
b  16   17 16   23  99  3.46615E-01  1.26290E+00  1.54574E+00 -5.23605E-01  2.07120E+00  1.06300E-02  1.06300E-02
b  16   18 16   23  99  3.31344E-01  1.45125E+00  2.19741E+00 -1.08756E+00  2.97830E+00  1.88100E-02  1.88100E-02
b  16   19 16   23  99  3.16215E-01  1.45754E+00  2.50578E+00 -1.40456E+00  3.56660E+00  3.62300E-02  3.62300E-02
b  16   20 16   23  99  2.91462E-01  1.27261E+00  2.38396E+00 -2.51389E-01  4.24705E+00  8.25100E-02  8.25100E-02
b  16   21 16   23  99  2.55760E-01  8.82204E-01  2.08445E+00 -2.05892E-01  4.16112E+00  2.65300E-01  2.65300E-01
b  16   22 16   23  99  4.24436E-05  7.84625E-05  3.49730E-04 -5.16858E-05  3.93758E+00  9.50700E+03  9.50700E+03
b  16    1 16   24  99  3.42641E-01  4.78380E-01 -6.46033E+00  2.93001E+01  4.24064E+00  4.07067E-02  4.07067E-02
b  16   16 16   24  99  3.36677E-01  2.94203E-01 -5.42637E+00  2.71533E+01  4.19276E+00  7.02250E-02  7.02250E-02
b  16    1 16   25  99  3.44268E-01  5.43849E-01 -6.87722E+00  3.03348E+01  4.27251E+00  1.39180E-02  1.39180E-02
b  16    2 16   25  99  3.42641E-01  4.78380E-01 -6.46033E+00  2.93001E+01  4.24064E+00  4.40989E-02  4.40989E-02
b  16   17 16   25  99  3.36677E-01  2.94203E-01 -5.42637E+00  2.71533E+01  4.19276E+00  7.02250E-02  7.02250E-02
b  16   24 16   25  99  2.80167E-01  1.76385E-01  1.53632E+00 -5.27806E-01  2.06324E+00  2.20290E+00  2.20290E+00
b  16    1 16   26  99  3.38628E-01  5.74895E-01 -7.17913E+00  3.13881E+01  4.33855E+00  5.98400E-03  5.98400E-03
b  16    3 16   26  99  3.42641E-01  4.78380E-01 -6.46033E+00  2.93001E+01  4.24064E+00  4.40989E-02  4.40989E-02
b  16   18 16   26  99  3.36677E-01  2.94203E-01 -5.42637E+00  2.71533E+01  4.19276E+00  7.02250E-02  7.02250E-02
b  16   24 16   26  99  1.34504E-01  1.14247E+00 -1.64817E+01  1.60971E+02  2.00000E+01  7.29400E-01  7.29400E-01
b  16   25 16   26  99  1.97809E-01  2.37645E-01  1.37230E+00 -6.50965E-01  2.71897E+00  7.85800E-01  7.85800E-01
b  16    1 16   27  99  3.61906E-01  5.97144E-01 -7.61004E+00  3.33398E+01  4.32098E+00  2.96800E-03  2.96800E-03
b  16    4 16   27  99  3.42641E-01  4.78380E-01 -6.46033E+00  2.93001E+01  4.24064E+00  4.40989E-02  4.40989E-02
b  16   19 16   27  99  3.36677E-01  2.94203E-01 -5.42637E+00  2.71533E+01  4.19276E+00  7.02250E-02  7.02250E-02
b  16   24 16   27  99  1.74391E-01  1.51517E+00 -2.20097E+01  2.14384E+02  2.00000E+01  2.80560E-01  2.80560E-01
b  16   25 16   27  99  3.30502E-01  6.05832E-01  2.33314E+00 -1.08863E+00  2.82389E+00  1.27600E-01  1.27600E-01
b  16   26 16   27  99  2.47022E-01  2.49117E-01  2.30087E+00 -3.86242E-01  4.00884E+00  9.94300E-01  9.94300E-01
b  16    1 16   28  99  3.53687E-01  5.89532E-01 -7.49402E+00  3.27852E+01  4.33020E+00  1.75120E-03  1.75120E-03
b  16    5 16   28  99  3.42641E-01  4.78380E-01 -6.46033E+00  2.93001E+01  4.24064E+00  4.40989E-02  4.40989E-02
b  16   20 16   28  99  3.36677E-01  2.94203E-01 -5.42637E+00  2.71533E+01  4.19276E+00  7.02250E-02  7.02250E-02
b  16   24 16   28  99  1.74386E-01  1.50727E+00 -2.17964E+01  2.17597E+02  2.00000E+01  1.58970E-01  1.58970E-01
b  16   25 16   28  99  3.20419E-01  9.67802E-01  1.44411E+00 -4.64776E-01  2.06829E+00  5.12700E-02  5.12700E-02
b  16   26 16   28  99  2.93353E-01  7.07915E-01  2.51040E+00 -1.36172E+00  3.46298E+00  1.67500E-01  1.67500E-01
b  16   27 16   28  99  2.30830E-01  3.01755E-01  2.07854E+00 -3.05361E-01  4.02453E+00  1.28100E+00  1.28100E+00
b  16    1 16   29  99  3.48649E-01  5.84075E-01 -7.40403E+00  3.23308E+01  4.32837E+00  1.11940E-03  1.11940E-03
b  16    6 16   29  99  3.42641E-01  4.78380E-01 -6.46033E+00  2.93001E+01  4.24064E+00  4.40989E-02  4.40989E-02
b  16   21 16   29  99  3.36677E-01  2.94203E-01 -5.42637E+00  2.71533E+01  4.19276E+00  7.02250E-02  7.02250E-02
b  16   24 16   29  99  1.73887E-01  1.50523E+00 -2.15866E+01  2.17591E+02  2.00000E+01  9.95400E-02  9.95400E-02
b  16   25 16   29  99  3.33314E-01  1.10373E+00  1.49237E+00 -5.05287E-01  2.05781E+00  2.68400E-02  2.68400E-02
b  16   26 16   29  99  3.01450E-01  1.09826E+00  1.96932E+00 -9.42645E-01  2.89646E+00  6.27500E-02  6.27500E-02
b  16   27 16   29  99  2.75386E-01  7.92141E-01  2.40828E+00 -3.67652E-01  4.17170E+00  2.03300E-01  2.03300E-01
b  16   28 16   29  99  2.19043E-01  3.43356E-01  1.89116E+00 -2.80257E-01  3.96999E+00  1.52100E+00  1.52100E+00
b  16    1 16   30  99  3.49152E-01  5.64253E-01 -7.21484E+00  3.16775E+01  4.30286E+00  7.58400E-04  7.58400E-04
b  16    7 16   30  99  3.42641E-01  4.78380E-01 -6.46033E+00  2.93001E+01  4.24064E+00  4.40989E-02  4.40989E-02
b  16   22 16   30  99  3.36677E-01  2.94203E-01 -5.42637E+00  2.71533E+01  4.19276E+00  7.02250E-02  7.02250E-02
b  16   24 16   30  99  1.73459E-01  1.50732E+00 -2.15557E+01  2.18554E+02  2.00000E+01  6.67660E-02  6.67660E-02
b  16   25 16   30  99  3.41366E-01  1.19539E+00  1.53111E+00 -5.05504E-01  2.08230E+00  1.61700E-02  1.61700E-02
b  16   26 16   30  99  3.21126E-01  1.29396E+00  2.17569E+00 -1.07359E+00  3.01178E+00  3.17600E-02  3.17600E-02
b  16   27 16   30  99  3.00384E-01  1.17260E+00  2.45027E+00 -1.39620E+00  3.54073E+00  7.32300E-02  7.32300E-02
b  16   28 16   30  99  2.63745E-01  8.52594E-01  2.21555E+00 -1.58192E-01  4.20435E+00  2.34600E-01  2.34600E-01
b  16   29 16   30  99  2.11542E-01  3.65268E-01  1.79553E+00 -2.73105E-01  3.97576E+00  1.74500E+00  1.74500E+00
b  16    1 16   31  99  3.42182E-01  5.85525E-01 -7.45290E+00  3.25902E+01  4.36879E+00  5.37000E-04  5.37000E-04
b  16    8 16   31  99  3.42641E-01  4.78380E-01 -6.46033E+00  2.93001E+01  4.24064E+00  4.40989E-02  4.40989E-02
b  16   23 16   31  99  3.36677E-01  2.94203E-01 -5.42637E+00  2.71533E+01  4.19276E+00  7.02250E-02  7.02250E-02
b  16   24 16   31  99  1.71999E-01  1.51352E+00 -2.14969E+01  2.16964E+02  2.00000E+01  4.70750E-02  4.70750E-02
b  16   25 16   31  99  3.46615E-01  1.26290E+00  1.54574E+00 -5.23605E-01  2.07120E+00  1.06300E-02  1.06300E-02
b  16   26 16   31  99  3.31344E-01  1.45125E+00  2.19741E+00 -1.08756E+00  2.97830E+00  1.88100E-02  1.88100E-02
b  16   27 16   31  99  3.16215E-01  1.45754E+00  2.50578E+00 -1.40456E+00  3.56660E+00  3.62300E-02  3.62300E-02
b  16   28 16   31  99  2.91462E-01  1.27261E+00  2.38396E+00 -2.51389E-01  4.24705E+00  8.25100E-02  8.25100E-02
b  16   29 16   31  99  2.55760E-01  8.82204E-01  2.08445E+00 -2.05892E-01  4.16112E+00  2.65300E-01  2.65300E-01
b  16   30 16   31  99  4.24436E-05  7.84625E-05  3.49730E-04 -5.16858E-05  3.93758E+00  9.50700E+03  9.50700E+03
f  16    1 15    1  99  6.00000E+00  1.01000E+01
p  16    1 15    1  98  1.05680E+00 -2.07720E+00 -1.22500E-01  4.31120E-03  6.00000E+00  1.34500E+02  1.39900E+02  2.69100E+03
f  16    2 15    1  99  1.00000E+00  6.65410E+00
p  16    2 15    1  99  1.00000E+00  6.65410E+00
f  16    3 15    1  99  1.00000E+00  6.12480E+00
p  16    3 15    1  99  1.00000E+00  6.12480E+00
f  16    4 15    1  99  1.00000E+00  6.19200E+00
p  16    4 15    1  99  1.00000E+00  6.19200E+00
f  16    5 15    1  99  1.00000E+00  6.15200E+00
p  16    5 15    1  99  1.00000E+00  6.15200E+00
f  16    6 15    1  99  1.00000E+00  6.05820E+00
p  16    6 15    1  99  1.00000E+00  6.05820E+00
f  16    7 15    1  99  1.00000E+00  6.04820E+00
p  16    7 15    1  99  1.00000E+00  6.04820E+00
f  16    8 15    1  99  1.00000E+00  6.00150E+00
p  16    8 15    1  99  1.00000E+00  6.00150E+00
f  16    2 15    2  99  5.00000E+00  6.65410E+00
p  16    2 15    2  98  1.05680E+00 -2.07720E+00 -1.22500E-01  4.31120E-03  6.00000E+00  1.34500E+02  1.39900E+02  2.69100E+03
f  16    9 15    2  99  2.00000E+00  7.21460E+00
p  16    9 15    2  99  2.00000E+00  7.21460E+00
f  16   10 15    2  99  1.00000E+00  6.18440E+00
p  16   10 15    2  99  1.00000E+00  6.18440E+00
f  16   11 15    2  99  1.00000E+00  6.21400E+00
p  16   11 15    2  99  1.00000E+00  6.21400E+00
f  16   12 15    2  99  1.00000E+00  6.16300E+00
p  16   12 15    2  99  1.00000E+00  6.16300E+00
f  16   13 15    2  99  1.00000E+00  6.06520E+00
p  16   13 15    2  99  1.00000E+00  6.06520E+00
f  16   14 15    2  99  1.00000E+00  6.05420E+00
p  16   14 15    2  99  1.00000E+00  6.05420E+00
f  16   15 15    2  99  1.00000E+00  6.01140E+00
p  16   15 15    2  99  1.00000E+00  6.01140E+00
f  16    3 15    3  99  5.00000E+00  6.12480E+00
p  16    3 15    3  98  1.05680E+00 -2.07720E+00 -1.22500E-01  4.31120E-03  6.00000E+00  1.34500E+02  1.39900E+02  2.69100E+03
f  16   10 15    3  99  1.00000E+00  6.18440E+00
p  16   10 15    3  99  1.00000E+00  6.18440E+00
f  16    4 15    4  99  5.00000E+00  6.19200E+00
p  16    4 15    4  98  1.05680E+00 -2.07720E+00 -1.22500E-01  4.31120E-03  6.00000E+00  1.34500E+02  1.39900E+02  2.69100E+03
f  16   11 15    4  99  1.00000E+00  6.21400E+00
p  16   11 15    4  99  1.00000E+00  6.21400E+00
f  16    5 15    5  99  5.00000E+00  6.15200E+00
p  16    5 15    5  98  1.05680E+00 -2.07720E+00 -1.22500E-01  4.31120E-03  6.00000E+00  1.34500E+02  1.39900E+02  2.69100E+03
f  16   12 15    5  99  1.00000E+00  6.16300E+00
p  16   12 15    5  99  1.00000E+00  6.16300E+00
f  16    6 15    6  99  5.00000E+00  6.05820E+00
p  16    6 15    6  98  1.05680E+00 -2.07720E+00 -1.22500E-01  4.31120E-03  6.00000E+00  1.34500E+02  1.39900E+02  2.69100E+03
f  16   13 15    6  99  1.00000E+00  6.06520E+00
p  16   13 15    6  99  1.00000E+00  6.06520E+00
f  16    7 15    7  99  5.00000E+00  6.04820E+00
p  16    7 15    7  98  1.05680E+00 -2.07720E+00 -1.22500E-01  4.31120E-03  6.00000E+00  1.34500E+02  1.39900E+02  2.69100E+03
f  16   14 15    7  99  1.00000E+00  6.05420E+00
p  16   14 15    7  99  1.00000E+00  6.05420E+00
f  16    8 15    8  99  5.00000E+00  6.00150E+00
p  16    8 15    8  98  1.05680E+00 -2.07720E+00 -1.22500E-01  4.31120E-03  6.00000E+00  1.34500E+02  1.39900E+02  2.69100E+03
f  16   15 15    8  99  1.00000E+00  6.01140E+00
p  16   15 15    8  99  1.00000E+00  6.01140E+00
f  16    9 15    9  99  4.00000E+00  7.21460E+00
p  16    9 15    9  98  1.05680E+00 -2.07720E+00 -1.22500E-01  4.31120E-03  6.00000E+00  1.34500E+02  1.39900E+02  2.69100E+03
f  16   10 15   10  99  4.00000E+00  6.18440E+00
p  16   10 15   10  98  1.05680E+00 -2.07720E+00 -1.22500E-01  4.31120E-03  6.00000E+00  1.34500E+02  1.39900E+02  2.69100E+03
f  16   11 15   11  99  4.00000E+00  6.21400E+00
p  16   11 15   11  98  1.05680E+00 -2.07720E+00 -1.22500E-01  4.31120E-03  6.00000E+00  1.34500E+02  1.39900E+02  2.69100E+03
f  16   12 15   12  99  4.00000E+00  6.16300E+00
p  16   12 15   12  98  1.05680E+00 -2.07720E+00 -1.22500E-01  4.31120E-03  6.00000E+00  1.34500E+02  1.39900E+02  2.69100E+03
f  16   13 15   13  99  4.00000E+00  6.06520E+00
p  16   13 15   13  98  1.05680E+00 -2.07720E+00 -1.22500E-01  4.31120E-03  6.00000E+00  1.34500E+02  1.39900E+02  2.69100E+03
f  16   14 15   14  99  4.00000E+00  6.05420E+00
p  16   14 15   14  98  1.05680E+00 -2.07720E+00 -1.22500E-01  4.31120E-03  6.00000E+00  1.34500E+02  1.39900E+02  2.69100E+03
f  16   15 15   15  99  4.00000E+00  6.01140E+00
p  16   15 15   15  98  1.05680E+00 -2.07720E+00 -1.22500E-01  4.31120E-03  6.00000E+00  1.34500E+02  1.39900E+02  2.69100E+03
f  16    1 15   16  99  8.00000E+00  1.01000E+01
p  16    1 15   16  98  1.95870E+00 -2.34140E+00 -1.69400E-01  1.75460E-02  8.00000E+00  5.82400E+02  6.05700E+02  1.16500E+04
f  16   16 15   16  99  7.00000E+00  1.06640E+01
p  16   16 15   16  98  1.05680E+00 -2.07720E+00 -1.22500E-01  4.31120E-03  6.00000E+00  1.34500E+02  1.39900E+02  2.69100E+03
f  16   17 15   16  99  1.00000E+00  6.71080E+00
p  16   17 15   16  99  1.00000E+00  6.71080E+00
f  16   18 15   16  99  1.00000E+00  6.14310E+00
p  16   18 15   16  99  1.00000E+00  6.14310E+00
f  16   19 15   16  99  1.00000E+00  6.19800E+00
p  16   19 15   16  99  1.00000E+00  6.19800E+00
f  16   20 15   16  99  1.00000E+00  6.15600E+00
p  16   20 15   16  99  1.00000E+00  6.15600E+00
f  16   21 15   16  99  1.00000E+00  6.06720E+00
p  16   21 15   16  99  1.00000E+00  6.06720E+00
f  16   22 15   16  99  1.00000E+00  6.05520E+00
p  16   22 15   16  99  1.00000E+00  6.05520E+00
f  16   23 15   16  99  1.00000E+00  6.00150E+00
p  16   23 15   16  99  1.00000E+00  6.00150E+00
f  16    2 15   17  99  8.00000E+00  6.65410E+00
p  16    2 15   17  98  1.95870E+00 -2.34140E+00 -1.69400E-01  1.75460E-02  8.00000E+00  5.82400E+02  6.05700E+02  1.16500E+04
f  16   17 15   17  99  6.00000E+00  6.71080E+00
p  16   17 15   17  98  1.05680E+00 -2.07720E+00 -1.22500E-01  4.31120E-03  6.00000E+00  1.34500E+02  1.39900E+02  2.69100E+03
f  16    3 15   18  99  8.00000E+00  6.12480E+00
p  16    3 15   18  98  1.95870E+00 -2.34140E+00 -1.69400E-01  1.75460E-02  8.00000E+00  5.82400E+02  6.05700E+02  1.16500E+04
f  16   18 15   18  99  6.00000E+00  6.14310E+00
p  16   18 15   18  98  1.05680E+00 -2.07720E+00 -1.22500E-01  4.31120E-03  6.00000E+00  1.34500E+02  1.39900E+02  2.69100E+03
f  16    4 15   19  99  8.00000E+00  6.19200E+00
p  16    4 15   19  98  1.95870E+00 -2.34140E+00 -1.69400E-01  1.75460E-02  8.00000E+00  5.82400E+02  6.05700E+02  1.16500E+04
f  16   19 15   19  99  6.00000E+00  6.19800E+00
p  16   19 15   19  98  1.05680E+00 -2.07720E+00 -1.22500E-01  4.31120E-03  6.00000E+00  1.34500E+02  1.39900E+02  2.69100E+03
f  16    5 15   20  99  8.00000E+00  6.15200E+00
p  16    5 15   20  98  1.95870E+00 -2.34140E+00 -1.69400E-01  1.75460E-02  8.00000E+00  5.82400E+02  6.05700E+02  1.16500E+04
f  16   20 15   20  99  6.00000E+00  6.15600E+00
p  16   20 15   20  98  1.05680E+00 -2.07720E+00 -1.22500E-01  4.31120E-03  6.00000E+00  1.34500E+02  1.39900E+02  2.69100E+03
f  16    6 15   21  99  8.00000E+00  6.05820E+00
p  16    6 15   21  98  1.95870E+00 -2.34140E+00 -1.69400E-01  1.75460E-02  8.00000E+00  5.82400E+02  6.05700E+02  1.16500E+04
f  16   21 15   21  99  6.00000E+00  6.06720E+00
p  16   21 15   21  98  1.05680E+00 -2.07720E+00 -1.22500E-01  4.31120E-03  6.00000E+00  1.34500E+02  1.39900E+02  2.69100E+03
f  16    7 15   22  99  8.00000E+00  6.04820E+00
p  16    7 15   22  98  1.95870E+00 -2.34140E+00 -1.69400E-01  1.75460E-02  8.00000E+00  5.82400E+02  6.05700E+02  1.16500E+04
f  16   22 15   22  99  6.00000E+00  6.05520E+00
p  16   22 15   22  98  1.05680E+00 -2.07720E+00 -1.22500E-01  4.31120E-03  6.00000E+00  1.34500E+02  1.39900E+02  2.69100E+03
f  16    8 15   23  99  8.00000E+00  6.00150E+00
p  16    8 15   23  98  1.95870E+00 -2.34140E+00 -1.69400E-01  1.75460E-02  8.00000E+00  5.82400E+02  6.05700E+02  1.16500E+04
f  16   23 15   23  99  6.00000E+00  6.00150E+00
p  16   23 15   23  98  1.05680E+00 -2.07720E+00 -1.22500E-01  4.31120E-03  6.00000E+00  1.34500E+02  1.39900E+02  2.69100E+03
f  16    1 15   24  99  2.00000E+00  1.01000E+01
p  16    1 15   24  98  2.17330E+00 -2.50090E+00 -1.85650E-01  1.78970E-02  2.00000E+00  4.56600E+03  4.74800E+03  9.13100E+04
f  16   24 15   24  99  7.00000E+00  1.07440E+01
p  16   24 15   24  98  1.05680E+00 -2.07720E+00 -1.22500E-01  4.31120E-03  6.00000E+00  1.34500E+02  1.39900E+02  2.69100E+03
f  16   25 15   24  99  1.00000E+00  6.73400E+00
p  16   25 15   24  99  1.00000E+00  6.73400E+00
f  16   26 15   24  99  1.00000E+00  6.14220E+00
p  16   26 15   24  99  1.00000E+00  6.14220E+00
f  16   27 15   24  99  1.00000E+00  6.20700E+00
p  16   27 15   24  99  1.00000E+00  6.20700E+00
f  16   28 15   24  99  1.00000E+00  6.16500E+00
p  16   28 15   24  99  1.00000E+00  6.16500E+00
f  16   29 15   24  99  1.00000E+00  6.06810E+00
p  16   29 15   24  99  1.00000E+00  6.06810E+00
f  16   30 15   24  99  1.00000E+00  6.05610E+00
p  16   30 15   24  99  1.00000E+00  6.05610E+00
f  16   31 15   24  99  1.00000E+00  6.00150E+00
p  16   31 15   24  99  1.00000E+00  6.00150E+00
f  16    2 15   25  99  2.00000E+00  6.65410E+00
p  16    2 15   25  98  2.17330E+00 -2.50090E+00 -1.85650E-01  1.78970E-02  2.00000E+00  4.56600E+03  4.74800E+03  9.13100E+04
f  16   25 15   25  99  6.00000E+00  6.73400E+00
p  16   25 15   25  98  1.05680E+00 -2.07720E+00 -1.22500E-01  4.31120E-03  6.00000E+00  1.34500E+02  1.39900E+02  2.69100E+03
f  16    3 15   26  99  2.00000E+00  6.12480E+00
p  16    3 15   26  98  2.17330E+00 -2.50090E+00 -1.85650E-01  1.78970E-02  2.00000E+00  4.56600E+03  4.74800E+03  9.13100E+04
f  16   26 15   26  99  6.00000E+00  6.14220E+00
p  16   26 15   26  98  1.05680E+00 -2.07720E+00 -1.22500E-01  4.31120E-03  6.00000E+00  1.34500E+02  1.39900E+02  2.69100E+03
f  16    4 15   27  99  2.00000E+00  6.19200E+00
p  16    4 15   27  98  2.17330E+00 -2.50090E+00 -1.85650E-01  1.78970E-02  2.00000E+00  4.56600E+03  4.74800E+03  9.13100E+04
f  16   27 15   27  99  6.00000E+00  6.20700E+00
p  16   27 15   27  98  1.05680E+00 -2.07720E+00 -1.22500E-01  4.31120E-03  6.00000E+00  1.34500E+02  1.39900E+02  2.69100E+03
f  16    5 15   28  99  2.00000E+00  6.15200E+00
p  16    5 15   28  98  2.17330E+00 -2.50090E+00 -1.85650E-01  1.78970E-02  2.00000E+00  4.56600E+03  4.74800E+03  9.13100E+04
f  16   28 15   28  99  6.00000E+00  6.16500E+00
p  16   28 15   28  98  1.05680E+00 -2.07720E+00 -1.22500E-01  4.31120E-03  6.00000E+00  1.34500E+02  1.39900E+02  2.69100E+03
f  16    6 15   29  99  2.00000E+00  6.05820E+00
p  16    6 15   29  98  2.17330E+00 -2.50090E+00 -1.85650E-01  1.78970E-02  2.00000E+00  4.56600E+03  4.74800E+03  9.13100E+04
f  16   29 15   29  99  6.00000E+00  6.06810E+00
p  16   29 15   29  98  1.05680E+00 -2.07720E+00 -1.22500E-01  4.31120E-03  6.00000E+00  1.34500E+02  1.39900E+02  2.69100E+03
f  16    7 15   30  99  2.00000E+00  6.04820E+00
p  16    7 15   30  98  2.17330E+00 -2.50090E+00 -1.85650E-01  1.78970E-02  2.00000E+00  4.56600E+03  4.74800E+03  9.13100E+04
f  16   30 15   30  99  6.00000E+00  6.05610E+00
p  16   30 15   30  98  1.05680E+00 -2.07720E+00 -1.22500E-01  4.31120E-03  6.00000E+00  1.34500E+02  1.39900E+02  2.69100E+03
f  16    8 15   31  99  2.00000E+00  6.00150E+00
p  16    8 15   31  98  2.17330E+00 -2.50090E+00 -1.85650E-01  1.78970E-02  2.00000E+00  4.56600E+03  4.74800E+03  9.13100E+04
f  16   31 15   31  99  6.00000E+00  6.00150E+00
p  16   31 15   31  98  1.05680E+00 -2.07720E+00 -1.22500E-01  4.31120E-03  6.00000E+00  1.34500E+02  1.39900E+02  2.69100E+03
a  16    9 15    1   5.12820E+13
a  16   10 15    1   2.47940E+13
a  16   11 15    1   9.67633E+12
a  16   12 15    1   4.47689E+12
a  16   13 15    1   2.29627E+12
a  16   14 15    1   1.27427E+12
a  16   15 15    1   7.52461E+11
a  16   16 15    1   1.56582E+14
a  16   17 15    1   4.99792E+12
a  16   18 15    1   1.40198E+12
a  16   19 15    1   5.21348E+11
a  16   20 15    1   2.41200E+11
a  16   21 15    1   1.23716E+11
a  16   22 15    1   6.86542E+10
a  16   23 15    1   4.05405E+10
a  16   24 15    1   1.89172E+12
a  16   25 15    1   6.42600E+10
a  16   26 15    1   1.75824E+10
a  16   27 15    1   6.36870E+09
a  16   28 15    1   2.94660E+09
a  16   29 15    1   1.51134E+09
a  16   30 15    1   8.38680E+08
a  16   31 15    1   4.95240E+08
a  16   17 15    2   1.11844E+14
a  16   25 15    2   1.35123E+12
a  16   18 15    3   1.11844E+14
a  16   26 15    3   1.35123E+12
a  16   19 15    4   1.11844E+14
a  16   27 15    4   1.35123E+12
a  16   20 15    5   1.11844E+14
a  16   28 15    5   1.35123E+12
a  16   21 15    6   1.11844E+14
a  16   29 15    6   1.35123E+12
a  16   22 15    7   1.11844E+14
a  16   30 15    7   1.35123E+12
a  16   23 15    8   1.11844E+14
a  16   31 15    8   1.35123E+12
a  16   24 15   16   8.29696E+13
a  16   25 15   16   1.47816E+12
a  16   26 15   16   4.06040E+11
a  16   27 15   16   1.47480E+11
a  16   28 15   16   6.82320E+10
a  16   29 15   16   3.49976E+10
a  16   30 15   16   1.94212E+10
a  16   31 15   16   1.14680E+10
a  16   25 15   17   7.11168E+13
a  16   26 15   18   7.11168E+13
a  16   27 15   19   7.11168E+13
a  16   28 15   20   7.11168E+13
a  16   29 15   21   7.11168E+13
a  16   30 15   22   7.11168E+13
a  16   31 15   23   7.11168E+13
b  17    1 17    2  99  2.63756E-01  2.53717E-01  1.33587E+00 -4.18226E-01  2.01217E+00  1.69330E+00  1.69330E+00
b  17    1 17    3  99  3.04084E-01  2.65894E-01  1.59204E+00 -5.12600E-01  2.05194E+00  5.97170E-01  5.97170E-01
b  17    2 17    3  99  2.01429E-01  2.27815E-01  1.73003E+00 -9.49394E-01  3.29996E+00  7.79700E-01  7.79700E-01
b  17    1 17    4  99  1.94739E-01  1.63489E+00 -2.37600E+01  2.35415E+02  2.00000E+01  2.28410E-01  2.28410E-01
b  17    2 17    4  99  3.25366E-01  7.54569E-01  2.20879E+00 -1.05593E+00  2.83114E+00  1.13300E-01  1.13300E-01
b  17    3 17    4  99  2.37797E-01  3.08655E-01  2.12326E+00 -3.27549E-01  4.00708E+00  1.00500E+00  1.00500E+00
b  17    1 17    5  99  1.90856E-01  1.60709E+00 -2.29241E+01  2.26368E+02  2.00000E+01  1.33070E-01  1.33070E-01
b  17    2 17    5  99  3.55567E-01  1.00188E+00  2.41571E+00 -1.16530E+00  2.89209E+00  4.44200E-02  4.44200E-02
b  17    3 17    5  99  2.87413E-01  8.06599E-01  2.40943E+00 -1.37220E+00  3.48933E+00  1.58600E-01  1.58600E-01
b  17    4 17    5  99  2.23516E-01  3.51384E-01  1.93354E+00 -3.12249E-01  3.97713E+00  1.30800E+00  1.30800E+00
b  17    1 17    6  99  1.88683E-01  1.59164E+00 -2.26396E+01  2.25184E+02  2.00000E+01  8.47700E-02  8.47700E-02
b  17    2 17    6  99  3.70070E-01  1.16287E+00  2.47261E+00 -1.19018E+00  2.88210E+00  2.30700E-02  2.30700E-02
b  17    3 17    6  99  3.14712E-01  1.15774E+00  2.53414E+00 -1.40254E+00  3.49107E+00  5.80200E-02  5.80200E-02
b  17    4 17    6  99  2.67556E-01  8.71463E-01  2.23281E+00 -2.23515E-01  4.18400E+00  1.98700E-01  1.98700E-01
b  17    5 17    6  99  2.13405E-01  3.84507E-01  1.79679E+00 -2.55117E-01  3.98122E+00  1.54800E+00  1.54800E+00
b  17    1 17    7  99  1.86223E-01  1.58372E+00 -2.23281E+01  2.20884E+02  2.00000E+01  5.75260E-02  5.75260E-02
b  17    2 17    7  99  3.79072E-01  1.26824E+00  2.51710E+00 -1.16374E+00  2.90662E+00  1.38600E-02  1.38600E-02
b  17    3 17    7  99  3.32030E-01  1.40276E+00  2.61807E+00 -1.41012E+00  3.51578E+00  2.90100E-02  2.90100E-02
b  17    4 17    7  99  2.94143E-01  1.27313E+00  2.40462E+00 -2.99060E-01  4.24401E+00  7.03200E-02  7.03200E-02
b  17    5 17    7  99  2.57050E-01  9.14144E-01  2.08645E+00 -2.35854E-01  4.16997E+00  2.31700E-01  2.31700E-01
b  17    6 17    7  99  2.04715E-01  4.26019E-01  1.66803E+00 -2.34951E-01  3.98479E+00  1.77200E+00  1.77200E+00
b  17    1 17    8  99  1.84748E-01  1.57742E+00 -2.21561E+01  2.19150E+02  2.00000E+01  4.08940E-02  4.08940E-02
b  17    2 17    8  99  3.84067E-01  1.34857E+00  2.51046E+00 -1.17877E+00  2.87438E+00  9.11000E-03  9.11000E-03
b  17    3 17    8  99  3.43066E-01  1.58454E+00  2.63410E+00 -1.42059E+00  3.48305E+00  1.70600E-02  1.70600E-02
b  17    4 17    8  99  3.12157E-01  1.57667E+00  2.49124E+00 -4.16744E-01  4.19497E+00  3.44300E-02  3.44300E-02
b  17    5 17    8  99  2.84788E-01  1.35412E+00  2.24249E+00 -4.60646E-02  4.32682E+00  8.04700E-02  8.04700E-02
b  17    6 17    8  99  2.50077E-01  9.30398E-01  1.95980E+00 -2.39284E-01  4.10939E+00  2.63300E-01  2.63300E-01
b  17    7 17    8  99  3.40616E-02  1.16340E-01  2.38404E-01 -3.04513E-02  3.95343E+00  1.06900E+01  1.06900E+01
b  17    1 17    9  98  0.00000E+00  0.00000E+00  0.00000E+00  0.00000E+00  0.00000E+00  3.67840E-02  7.35680E-04
b  17    2 17    9  99  2.63756E-01  2.53717E-01  1.33587E+00 -4.18226E-01  2.01217E+00  1.40604E+00  1.40604E+00
b  17    1 17   10  98  0.00000E+00  0.00000E+00  0.00000E+00  0.00000E+00  0.00000E+00  5.00401E-02  1.00080E-03
b  17    2 17   10  99  3.04084E-01  2.65894E-01  1.59204E+00 -5.12600E-01  2.05194E+00  5.11860E-01  5.11860E-01
b  17    3 17   10  99  2.63756E-01  2.53717E-01  1.33587E+00 -4.18226E-01  2.01217E+00  1.45140E+00  1.45140E+00
b  17    9 17   10  99  2.01429E-01  2.27815E-01  1.73003E+00 -9.49394E-01  3.29996E+00  1.55940E+00  1.55940E+00
b  17    1 17   11  98  0.00000E+00  0.00000E+00  0.00000E+00  0.00000E+00  0.00000E+00  6.84846E-02  1.36969E-03
b  17    2 17   11  99  1.94739E-01  1.63489E+00 -2.37600E+01  2.35415E+02  2.00000E+01  1.95780E-01  1.95780E-01
b  17    4 17   11  99  2.63756E-01  2.53717E-01  1.33587E+00 -4.18226E-01  2.01217E+00  1.45140E+00  1.45140E+00
b  17    9 17   11  99  3.25366E-01  7.54569E-01  2.20879E+00 -1.05593E+00  2.83114E+00  2.26600E-01  2.26600E-01
b  17   10 17   11  99  2.37797E-01  3.08655E-01  2.12326E+00 -3.27549E-01  4.00708E+00  1.00500E+00  1.00500E+00
b  17    1 17   12  98  0.00000E+00  0.00000E+00  0.00000E+00  0.00000E+00  0.00000E+00  8.99486E-02  1.79897E-03
b  17    2 17   12  99  1.90856E-01  1.60709E+00 -2.29241E+01  2.26368E+02  2.00000E+01  1.14060E-01  1.14060E-01
b  17    5 17   12  99  2.63756E-01  2.53717E-01  1.33587E+00 -4.18226E-01  2.01217E+00  1.45140E+00  1.45140E+00
b  17    9 17   12  99  3.55567E-01  1.00188E+00  2.41571E+00 -1.16530E+00  2.89209E+00  8.88400E-02  8.88400E-02
b  17   10 17   12  99  2.87413E-01  8.06599E-01  2.40943E+00 -1.37220E+00  3.48933E+00  1.58600E-01  1.58600E-01
b  17   11 17   12  99  2.23516E-01  3.51384E-01  1.93354E+00 -3.12249E-01  3.97713E+00  1.30800E+00  1.30800E+00
b  17    1 17   13  98  0.00000E+00  0.00000E+00  0.00000E+00  0.00000E+00  0.00000E+00  1.14659E-01  2.29318E-03
b  17    2 17   13  99  1.88683E-01  1.59164E+00 -2.26396E+01  2.25184E+02  2.00000E+01  7.26600E-02  7.26600E-02
b  17    6 17   13  99  2.63756E-01  2.53717E-01  1.33587E+00 -4.18226E-01  2.01217E+00  1.45140E+00  1.45140E+00
b  17    9 17   13  99  3.70070E-01  1.16287E+00  2.47261E+00 -1.19018E+00  2.88210E+00  4.61400E-02  4.61400E-02
b  17   10 17   13  99  3.14712E-01  1.15774E+00  2.53414E+00 -1.40254E+00  3.49107E+00  5.80200E-02  5.80200E-02
b  17   11 17   13  99  2.67556E-01  8.71463E-01  2.23281E+00 -2.23515E-01  4.18400E+00  1.98700E-01  1.98700E-01
b  17   12 17   13  99  2.13405E-01  3.84507E-01  1.79679E+00 -2.55117E-01  3.98122E+00  1.54800E+00  1.54800E+00
b  17    1 17   14  98  0.00000E+00  0.00000E+00  0.00000E+00  0.00000E+00  0.00000E+00  1.43028E-01  2.86056E-03
b  17    2 17   14  99  1.86223E-01  1.58372E+00 -2.23281E+01  2.20884E+02  2.00000E+01  4.93080E-02  4.93080E-02
b  17    7 17   14  99  2.63756E-01  2.53717E-01  1.33587E+00 -4.18226E-01  2.01217E+00  1.45140E+00  1.45140E+00
b  17    9 17   14  99  3.79072E-01  1.26824E+00  2.51710E+00 -1.16374E+00  2.90662E+00  2.77200E-02  2.77200E-02
b  17   10 17   14  99  3.32030E-01  1.40276E+00  2.61807E+00 -1.41012E+00  3.51578E+00  2.90100E-02  2.90100E-02
b  17   11 17   14  99  2.94143E-01  1.27313E+00  2.40462E+00 -2.99060E-01  4.24401E+00  7.03200E-02  7.03200E-02
b  17   12 17   14  99  2.57050E-01  9.14144E-01  2.08645E+00 -2.35854E-01  4.16997E+00  2.31700E-01  2.31700E-01
b  17   13 17   14  99  2.04715E-01  4.26019E-01  1.66803E+00 -2.34951E-01  3.98479E+00  1.77200E+00  1.77200E+00
b  17    1 17   15  98  0.00000E+00  0.00000E+00  0.00000E+00  0.00000E+00  0.00000E+00  1.74630E-01  3.49259E-03
b  17    2 17   15  99  1.84748E-01  1.57742E+00 -2.21561E+01  2.19150E+02  2.00000E+01  3.50520E-02  3.50520E-02
b  17    8 17   15  99  2.63756E-01  2.53717E-01  1.33587E+00 -4.18226E-01  2.01217E+00  1.45140E+00  1.45140E+00
b  17    9 17   15  99  3.84067E-01  1.34857E+00  2.51046E+00 -1.17877E+00  2.87438E+00  1.82200E-02  1.82200E-02
b  17   10 17   15  99  3.43066E-01  1.58454E+00  2.63410E+00 -1.42059E+00  3.48305E+00  1.70600E-02  1.70600E-02
b  17   11 17   15  99  3.12157E-01  1.57667E+00  2.49124E+00 -4.16744E-01  4.19497E+00  3.44300E-02  3.44300E-02
b  17   12 17   15  99  2.84788E-01  1.35412E+00  2.24249E+00 -4.60646E-02  4.32682E+00  8.04700E-02  8.04700E-02
b  17   13 17   15  99  2.50077E-01  9.30398E-01  1.95980E+00 -2.39284E-01  4.10939E+00  2.63300E-01  2.63300E-01
b  17   14 17   15  99  3.40616E-02  1.16340E-01  2.38404E-01 -3.04513E-02  3.95343E+00  1.06900E+01  1.06900E+01
b  17    1 17   16  99  8.83194E-02  1.25253E+00 -1.37735E+01 -4.37288E+01  2.00000E+01  9.23022E-01  9.23022E-01
b  17    1 17   17  99  9.61818E-02  1.31800E+00 -2.52833E+01  1.47257E+02  2.00000E+01  3.11840E-01  3.11840E-01
b  17    2 17   17  99  8.83194E-02  1.25253E+00 -1.37735E+01 -4.37288E+01  2.00000E+01  1.00693E+00  1.00693E+00
b  17   16 17   17  99  2.63756E-01  2.53717E-01  1.33587E+00 -4.18226E-01  2.01217E+00  1.93520E+00  1.93520E+00
b  17    1 17   18  99  9.97951E-02  1.37242E+00 -2.67428E+01  1.59325E+02  2.00000E+01  1.33600E-01  1.33600E-01
b  17    3 17   18  99  8.83194E-02  1.25253E+00 -1.37735E+01 -4.37288E+01  2.00000E+01  1.00693E+00  1.00693E+00
b  17   16 17   18  99  3.04084E-01  2.65894E-01  1.59204E+00 -5.12600E-01  2.05194E+00  6.82480E-01  6.82480E-01
b  17   17 17   18  99  2.01429E-01  2.27815E-01  1.73003E+00 -9.49394E-01  3.29996E+00  7.79700E-01  7.79700E-01
b  17    1 17   19  99  1.16292E-01  1.64853E+00 -3.53198E+01  2.40102E+02  2.00000E+01  6.41360E-02  6.41360E-02
b  17    4 17   19  99  8.83194E-02  1.25253E+00 -1.37735E+01 -4.37288E+01  2.00000E+01  1.00693E+00  1.00693E+00
b  17   16 17   19  99  1.94739E-01  1.63489E+00 -2.37600E+01  2.35415E+02  2.00000E+01  2.61040E-01  2.61040E-01
b  17   17 17   19  99  3.25366E-01  7.54569E-01  2.20879E+00 -1.05593E+00  2.83114E+00  1.13300E-01  1.13300E-01
b  17   18 17   19  99  2.37797E-01  3.08655E-01  2.12326E+00 -3.27549E-01  4.00708E+00  1.00500E+00  1.00500E+00
b  17    1 17   20  99  1.14462E-01  1.62609E+00 -3.49842E+01  2.38899E+02  2.00000E+01  3.81600E-02  3.81600E-02
b  17    5 17   20  99  8.83194E-02  1.25253E+00 -1.37735E+01 -4.37288E+01  2.00000E+01  1.00693E+00  1.00693E+00
b  17   16 17   20  99  1.90856E-01  1.60709E+00 -2.29241E+01  2.26368E+02  2.00000E+01  1.52080E-01  1.52080E-01
b  17   17 17   20  99  3.55567E-01  1.00188E+00  2.41571E+00 -1.16530E+00  2.89209E+00  4.44200E-02  4.44200E-02
b  17   18 17   20  99  2.87413E-01  8.06599E-01  2.40943E+00 -1.37220E+00  3.48933E+00  1.58600E-01  1.58600E-01
b  17   19 17   20  99  2.23516E-01  3.51384E-01  1.93354E+00 -3.12249E-01  3.97713E+00  1.30800E+00  1.30800E+00
b  17    1 17   21  99  1.13494E-01  1.61105E+00 -3.48371E+01  2.39686E+02  2.00000E+01  2.45840E-02  2.45840E-02
b  17    6 17   21  99  8.83194E-02  1.25253E+00 -1.37735E+01 -4.37288E+01  2.00000E+01  1.00693E+00  1.00693E+00
b  17   16 17   21  99  1.88683E-01  1.59164E+00 -2.26396E+01  2.25184E+02  2.00000E+01  9.68800E-02  9.68800E-02
b  17   17 17   21  99  3.70070E-01  1.16287E+00  2.47261E+00 -1.19018E+00  2.88210E+00  2.30700E-02  2.30700E-02
b  17   18 17   21  99  3.14712E-01  1.15774E+00  2.53414E+00 -1.40254E+00  3.49107E+00  5.80200E-02  5.80200E-02
b  17   19 17   21  99  2.67556E-01  8.71463E-01  2.23281E+00 -2.23515E-01  4.18400E+00  1.98700E-01  1.98700E-01
b  17   20 17   21  99  2.13405E-01  3.84507E-01  1.79679E+00 -2.55117E-01  3.98122E+00  1.54800E+00  1.54800E+00
b  17    1 17   22  99  1.11816E-01  1.59224E+00 -3.41128E+01  2.30802E+02  2.00000E+01  1.67760E-02  1.67760E-02
b  17    7 17   22  99  8.83194E-02  1.25253E+00 -1.37735E+01 -4.37288E+01  2.00000E+01  1.00693E+00  1.00693E+00
b  17   16 17   22  99  1.86223E-01  1.58372E+00 -2.23281E+01  2.20884E+02  2.00000E+01  6.57440E-02  6.57440E-02
b  17   17 17   22  99  3.79072E-01  1.26824E+00  2.51710E+00 -1.16374E+00  2.90662E+00  1.38600E-02  1.38600E-02
b  17   18 17   22  99  3.32030E-01  1.40276E+00  2.61807E+00 -1.41012E+00  3.51578E+00  2.90100E-02  2.90100E-02
b  17   19 17   22  99  2.94143E-01  1.27313E+00  2.40462E+00 -2.99060E-01  4.24401E+00  7.03200E-02  7.03200E-02
b  17   20 17   22  99  2.57050E-01  9.14144E-01  2.08645E+00 -2.35854E-01  4.16997E+00  2.31700E-01  2.31700E-01
b  17   21 17   22  99  2.04715E-01  4.26019E-01  1.66803E+00 -2.34951E-01  3.98479E+00  1.77200E+00  1.77200E+00
b  17    1 17   23  99  1.11708E-01  1.58448E+00 -3.41540E+01  2.33576E+02  2.00000E+01  1.19520E-02  1.19520E-02
b  17    8 17   23  99  8.83194E-02  1.25253E+00 -1.37735E+01 -4.37288E+01  2.00000E+01  1.00693E+00  1.00693E+00
b  17   16 17   23  99  1.84748E-01  1.57742E+00 -2.21561E+01  2.19150E+02  2.00000E+01  4.67360E-02  4.67360E-02
b  17   17 17   23  99  3.84067E-01  1.34857E+00  2.51046E+00 -1.17877E+00  2.87438E+00  9.11000E-03  9.11000E-03
b  17   18 17   23  99  3.43066E-01  1.58454E+00  2.63410E+00 -1.42059E+00  3.48305E+00  1.70600E-02  1.70600E-02
b  17   19 17   23  99  3.12157E-01  1.57667E+00  2.49124E+00 -4.16744E-01  4.19497E+00  3.44300E-02  3.44300E-02
b  17   20 17   23  99  2.84788E-01  1.35412E+00  2.24249E+00 -4.60646E-02  4.32682E+00  8.04700E-02  8.04700E-02
b  17   21 17   23  99  2.50077E-01  9.30398E-01  1.95980E+00 -2.39284E-01  4.10939E+00  2.63300E-01  2.63300E-01
b  17   22 17   23  99  3.40616E-02  1.16340E-01  2.38404E-01 -3.04513E-02  3.95343E+00  1.06900E+01  1.06900E+01
b  17    1 17   24  99  3.41100E-01  4.92170E-01 -6.60918E+00  2.98909E+01  4.27340E+00  3.47356E-02  3.47356E-02
b  17   16 17   24  99  3.33820E-01  3.04175E-01 -5.47920E+00  2.71895E+01  4.19867E+00  7.00500E-02  7.00500E-02
b  17    1 17   25  99  3.47470E-01  5.58200E-01 -7.06437E+00  3.11637E+01  4.29661E+00  1.10140E-02  1.10140E-02
b  17    2 17   25  99  3.41100E-01  4.92170E-01 -6.60918E+00  2.98909E+01  4.27340E+00  3.78933E-02  3.78933E-02
b  17   17 17   25  99  3.33820E-01  3.04175E-01 -5.47920E+00  2.71895E+01  4.19867E+00  7.00500E-02  7.00500E-02
b  17   24 17   25  99  2.63756E-01  2.53717E-01  1.33587E+00 -4.18226E-01  2.01217E+00  1.93520E+00  1.93520E+00
b  17    1 17   26  99  3.49915E-01  5.49153E-01 -6.91184E+00  3.04177E+01  4.25221E+00  4.58800E-03  4.58800E-03
b  17    3 17   26  99  3.41100E-01  4.92170E-01 -6.60918E+00  2.98909E+01  4.27340E+00  3.78933E-02  3.78933E-02
b  17   18 17   26  99  3.33820E-01  3.04175E-01 -5.47920E+00  2.71895E+01  4.19867E+00  7.00500E-02  7.00500E-02
b  17   24 17   26  99  3.04084E-01  2.65894E-01  1.59204E+00 -5.12600E-01  2.05194E+00  6.82480E-01  6.82480E-01
b  17   25 17   26  99  2.01429E-01  2.27815E-01  1.73003E+00 -9.49394E-01  3.29996E+00  7.79700E-01  7.79700E-01
b  17    1 17   27  99  3.65254E-01  6.09061E-01 -7.83223E+00  3.44402E+01  4.35654E+00  2.23600E-03  2.23600E-03
b  17    4 17   27  99  3.41100E-01  4.92170E-01 -6.60918E+00  2.98909E+01  4.27340E+00  3.78933E-02  3.78933E-02
b  17   19 17   27  99  3.33820E-01  3.04175E-01 -5.47920E+00  2.71895E+01  4.19867E+00  7.00500E-02  7.00500E-02
b  17   24 17   27  99  1.94739E-01  1.63489E+00 -2.37600E+01  2.35415E+02  2.00000E+01  2.61040E-01  2.61040E-01
b  17   25 17   27  99  3.25366E-01  7.54569E-01  2.20879E+00 -1.05593E+00  2.83114E+00  1.13300E-01  1.13300E-01
b  17   26 17   27  99  2.37797E-01  3.08655E-01  2.12326E+00 -3.27549E-01  4.00708E+00  1.00500E+00  1.00500E+00
b  17    1 17   28  99  3.55314E-01  6.01579E-01 -7.68830E+00  3.36737E+01  4.36040E+00  1.30420E-03  1.30420E-03
b  17    5 17   28  99  3.41100E-01  4.92170E-01 -6.60918E+00  2.98909E+01  4.27340E+00  3.78933E-02  3.78933E-02
b  17   20 17   28  99  3.33820E-01  3.04175E-01 -5.47920E+00  2.71895E+01  4.19867E+00  7.00500E-02  7.00500E-02
b  17   24 17   28  99  1.90856E-01  1.60709E+00 -2.29241E+01  2.26368E+02  2.00000E+01  1.52080E-01  1.52080E-01
b  17   25 17   28  99  3.55567E-01  1.00188E+00  2.41571E+00 -1.16530E+00  2.89209E+00  4.44200E-02  4.44200E-02
b  17   26 17   28  99  2.87413E-01  8.06599E-01  2.40943E+00 -1.37220E+00  3.48933E+00  1.58600E-01  1.58600E-01
b  17   27 17   28  99  2.23516E-01  3.51384E-01  1.93354E+00 -3.12249E-01  3.97713E+00  1.30800E+00  1.30800E+00
b  17    1 17   29  99  3.49279E-01  5.95695E-01 -7.58125E+00  3.31233E+01  4.35964E+00  8.26600E-04  8.26600E-04
b  17    6 17   29  99  3.41100E-01  4.92170E-01 -6.60918E+00  2.98909E+01  4.27340E+00  3.78933E-02  3.78933E-02
b  17   21 17   29  99  3.33820E-01  3.04175E-01 -5.47920E+00  2.71895E+01  4.19867E+00  7.00500E-02  7.00500E-02
b  17   24 17   29  99  1.88683E-01  1.59164E+00 -2.26396E+01  2.25184E+02  2.00000E+01  9.68800E-02  9.68800E-02
b  17   25 17   29  99  3.70070E-01  1.16287E+00  2.47261E+00 -1.19018E+00  2.88210E+00  2.30700E-02  2.30700E-02
b  17   26 17   29  99  3.14712E-01  1.15774E+00  2.53414E+00 -1.40254E+00  3.49107E+00  5.80200E-02  5.80200E-02
b  17   27 17   29  99  2.67556E-01  8.71463E-01  2.23281E+00 -2.23515E-01  4.18400E+00  1.98700E-01  1.98700E-01
b  17   28 17   29  99  2.13405E-01  3.84507E-01  1.79679E+00 -2.55117E-01  3.98122E+00  1.54800E+00  1.54800E+00
b  17    1 17   30  99  3.53461E-01  5.58193E-01 -7.22802E+00  3.19107E+01  4.29777E+00  5.56600E-04  5.56600E-04
b  17    7 17   30  99  3.41100E-01  4.92170E-01 -6.60918E+00  2.98909E+01  4.27340E+00  3.78933E-02  3.78933E-02
b  17   22 17   30  99  3.33820E-01  3.04175E-01 -5.47920E+00  2.71895E+01  4.19867E+00  7.00500E-02  7.00500E-02
b  17   24 17   30  99  1.86223E-01  1.58372E+00 -2.23281E+01  2.20884E+02  2.00000E+01  6.57440E-02  6.57440E-02
b  17   25 17   30  99  3.79072E-01  1.26824E+00  2.51710E+00 -1.16374E+00  2.90662E+00  1.38600E-02  1.38600E-02
b  17   26 17   30  99  3.32030E-01  1.40276E+00  2.61807E+00 -1.41012E+00  3.51578E+00  2.90100E-02  2.90100E-02
b  17   27 17   30  99  2.94143E-01  1.27313E+00  2.40462E+00 -2.99060E-01  4.24401E+00  7.03200E-02  7.03200E-02
b  17   28 17   30  99  2.57050E-01  9.14144E-01  2.08645E+00 -2.35854E-01  4.16997E+00  2.31700E-01  2.31700E-01
b  17   29 17   30  99  2.04715E-01  4.26019E-01  1.66803E+00 -2.34951E-01  3.98479E+00  1.77200E+00  1.77200E+00
b  17    1 17   31  99  3.48738E-01  5.66415E-01 -7.32222E+00  3.22703E+01  4.33138E+00  3.92200E-04  3.92200E-04
b  17    8 17   31  99  3.41100E-01  4.92170E-01 -6.60918E+00  2.98909E+01  4.27340E+00  3.78933E-02  3.78933E-02
b  17   23 17   31  99  3.33820E-01  3.04175E-01 -5.47920E+00  2.71895E+01  4.19867E+00  7.00500E-02  7.00500E-02
b  17   24 17   31  99  1.84748E-01  1.57742E+00 -2.21561E+01  2.19150E+02  2.00000E+01  4.67360E-02  4.67360E-02
b  17   25 17   31  99  3.84067E-01  1.34857E+00  2.51046E+00 -1.17877E+00  2.87438E+00  9.11000E-03  9.11000E-03
b  17   26 17   31  99  3.43066E-01  1.58454E+00  2.63410E+00 -1.42059E+00  3.48305E+00  1.70600E-02  1.70600E-02
b  17   27 17   31  99  3.12157E-01  1.57667E+00  2.49124E+00 -4.16744E-01  4.19497E+00  3.44300E-02  3.44300E-02
b  17   28 17   31  99  2.84788E-01  1.35412E+00  2.24249E+00 -4.60646E-02  4.32682E+00  8.04700E-02  8.04700E-02
b  17   29 17   31  99  2.50077E-01  9.30398E-01  1.95980E+00 -2.39284E-01  4.10939E+00  2.63300E-01  2.63300E-01
b  17   30 17   31  99  3.40616E-02  1.16340E-01  2.38404E-01 -3.04513E-02  3.95343E+00  1.06900E+01  1.06900E+01
f  17    1 16    1  99  7.00000E+00  9.76000E+00
p  17    1 16    1  98  1.09040E+00 -1.98620E+00 -1.35850E-01  5.05340E-03  7.00000E+00  1.15500E+02  1.20100E+02  2.31000E+03
f  17    2 16    1  99  1.00000E+00  5.73860E+00
p  17    2 16    1  99  1.00000E+00  5.73860E+00
f  17    3 16    1  99  1.00000E+00  5.14520E+00
p  17    3 16    1  99  1.00000E+00  5.14520E+00
f  17    4 16    1  99  1.00000E+00  5.21000E+00
p  17    4 16    1  99  1.00000E+00  5.21000E+00
f  17    5 16    1  99  1.00000E+00  5.16600E+00
p  17    5 16    1  99  1.00000E+00  5.16600E+00
f  17    6 16    1  99  1.00000E+00  5.06820E+00
p  17    6 16    1  99  1.00000E+00  5.06820E+00
f  17    7 16    1  99  1.00000E+00  5.05620E+00
p  17    7 16    1  99  1.00000E+00  5.05620E+00
f  17    8 16    1  99  1.00000E+00  5.00160E+00
p  17    8 16    1  99  1.00000E+00  5.00160E+00
f  17    2 16    2  99  6.00000E+00  5.73860E+00
p  17    2 16    2  98  1.09040E+00 -1.98620E+00 -1.35850E-01  5.05340E-03  7.00000E+00  1.15500E+02  1.20100E+02  2.31000E+03
f  17    9 16    2  99  2.00000E+00  6.29910E+00
p  17    9 16    2  99  2.00000E+00  6.29910E+00
f  17   10 16    2  99  1.00000E+00  5.20480E+00
p  17   10 16    2  99  1.00000E+00  5.20480E+00
f  17   11 16    2  99  1.00000E+00  5.23200E+00
p  17   11 16    2  99  1.00000E+00  5.23200E+00
f  17   12 16    2  99  1.00000E+00  5.17700E+00
p  17   12 16    2  99  1.00000E+00  5.17700E+00
f  17   13 16    2  99  1.00000E+00  5.07520E+00
p  17   13 16    2  99  1.00000E+00  5.07520E+00
f  17   14 16    2  99  1.00000E+00  5.06220E+00
p  17   14 16    2  99  1.00000E+00  5.06220E+00
f  17   15 16    2  99  1.00000E+00  5.01150E+00
p  17   15 16    2  99  1.00000E+00  5.01150E+00
f  17    3 16    3  99  6.00000E+00  5.14520E+00
p  17    3 16    3  98  1.09040E+00 -1.98620E+00 -1.35850E-01  5.05340E-03  7.00000E+00  1.15500E+02  1.20100E+02  2.31000E+03
f  17   10 16    3  99  1.00000E+00  5.20480E+00
p  17   10 16    3  99  1.00000E+00  5.20480E+00
f  17    4 16    4  99  6.00000E+00  5.21000E+00
p  17    4 16    4  98  1.09040E+00 -1.98620E+00 -1.35850E-01  5.05340E-03  7.00000E+00  1.15500E+02  1.20100E+02  2.31000E+03
f  17   11 16    4  99  1.00000E+00  5.23200E+00
p  17   11 16    4  99  1.00000E+00  5.23200E+00
f  17    5 16    5  99  6.00000E+00  5.16600E+00
p  17    5 16    5  98  1.09040E+00 -1.98620E+00 -1.35850E-01  5.05340E-03  7.00000E+00  1.15500E+02  1.20100E+02  2.31000E+03
f  17   12 16    5  99  1.00000E+00  5.17700E+00
p  17   12 16    5  99  1.00000E+00  5.17700E+00
f  17    6 16    6  99  6.00000E+00  5.06820E+00
p  17    6 16    6  98  1.09040E+00 -1.98620E+00 -1.35850E-01  5.05340E-03  7.00000E+00  1.15500E+02  1.20100E+02  2.31000E+03
f  17   13 16    6  99  1.00000E+00  5.07520E+00
p  17   13 16    6  99  1.00000E+00  5.07520E+00
f  17    7 16    7  99  6.00000E+00  5.05620E+00
p  17    7 16    7  98  1.09040E+00 -1.98620E+00 -1.35850E-01  5.05340E-03  7.00000E+00  1.15500E+02  1.20100E+02  2.31000E+03
f  17   14 16    7  99  1.00000E+00  5.06220E+00
p  17   14 16    7  99  1.00000E+00  5.06220E+00
f  17    8 16    8  99  6.00000E+00  5.00160E+00
p  17    8 16    8  98  1.09040E+00 -1.98620E+00 -1.35850E-01  5.05340E-03  7.00000E+00  1.15500E+02  1.20100E+02  2.31000E+03
f  17   15 16    8  99  1.00000E+00  5.01150E+00
p  17   15 16    8  99  1.00000E+00  5.01150E+00
f  17    9 16    9  99  5.00000E+00  6.29910E+00
p  17    9 16    9  98  1.09040E+00 -1.98620E+00 -1.35850E-01  5.05340E-03  7.00000E+00  1.15500E+02  1.20100E+02  2.31000E+03
f  17   10 16   10  99  5.00000E+00  5.20480E+00
p  17   10 16   10  98  1.09040E+00 -1.98620E+00 -1.35850E-01  5.05340E-03  7.00000E+00  1.15500E+02  1.20100E+02  2.31000E+03
f  17   11 16   11  99  5.00000E+00  5.23200E+00
p  17   11 16   11  98  1.09040E+00 -1.98620E+00 -1.35850E-01  5.05340E-03  7.00000E+00  1.15500E+02  1.20100E+02  2.31000E+03
f  17   12 16   12  99  5.00000E+00  5.17700E+00
p  17   12 16   12  98  1.09040E+00 -1.98620E+00 -1.35850E-01  5.05340E-03  7.00000E+00  1.15500E+02  1.20100E+02  2.31000E+03
f  17   13 16   13  99  5.00000E+00  5.07520E+00
p  17   13 16   13  98  1.09040E+00 -1.98620E+00 -1.35850E-01  5.05340E-03  7.00000E+00  1.15500E+02  1.20100E+02  2.31000E+03
f  17   14 16   14  99  5.00000E+00  5.06220E+00
p  17   14 16   14  98  1.09040E+00 -1.98620E+00 -1.35850E-01  5.05340E-03  7.00000E+00  1.15500E+02  1.20100E+02  2.31000E+03
f  17   15 16   15  99  5.00000E+00  5.01150E+00
p  17   15 16   15  98  1.09040E+00 -1.98620E+00 -1.35850E-01  5.05340E-03  7.00000E+00  1.15500E+02  1.20100E+02  2.31000E+03
f  17    1 16   16  99  8.00000E+00  9.76000E+00
p  17    1 16   16  98  2.00390E+00 -2.30970E+00 -1.83820E-01  1.99630E-02  8.00000E+00  5.59500E+02  5.81800E+02  1.11900E+04
f  17   16 16   16  99  8.00000E+00  1.03240E+01
p  17   16 16   16  98  1.09040E+00 -1.98620E+00 -1.35850E-01  5.05340E-03  7.00000E+00  1.15500E+02  1.20100E+02  2.31000E+03
f  17   17 16   16  99  1.00000E+00  5.79530E+00
p  17   17 16   16  99  1.00000E+00  5.79530E+00
f  17   18 16   16  99  1.00000E+00  5.16350E+00
p  17   18 16   16  99  1.00000E+00  5.16350E+00
f  17   19 16   16  99  1.00000E+00  5.21600E+00
p  17   19 16   16  99  1.00000E+00  5.21600E+00
f  17   20 16   16  99  1.00000E+00  5.17000E+00
p  17   20 16   16  99  1.00000E+00  5.17000E+00
f  17   21 16   16  99  1.00000E+00  5.07720E+00
p  17   21 16   16  99  1.00000E+00  5.07720E+00
f  17   22 16   16  99  1.00000E+00  5.06320E+00
p  17   22 16   16  99  1.00000E+00  5.06320E+00
f  17   23 16   16  99  1.00000E+00  5.00160E+00
p  17   23 16   16  99  1.00000E+00  5.00160E+00
f  17    2 16   17  99  8.00000E+00  5.73860E+00
p  17    2 16   17  98  2.00390E+00 -2.30970E+00 -1.83820E-01  1.99630E-02  8.00000E+00  5.59500E+02  5.81800E+02  1.11900E+04
f  17   17 16   17  99  7.00000E+00  5.79530E+00
p  17   17 16   17  98  1.09040E+00 -1.98620E+00 -1.35850E-01  5.05340E-03  7.00000E+00  1.15500E+02  1.20100E+02  2.31000E+03
f  17    3 16   18  99  8.00000E+00  5.14520E+00
p  17    3 16   18  98  2.00390E+00 -2.30970E+00 -1.83820E-01  1.99630E-02  8.00000E+00  5.59500E+02  5.81800E+02  1.11900E+04
f  17   18 16   18  99  7.00000E+00  5.16350E+00
p  17   18 16   18  98  1.09040E+00 -1.98620E+00 -1.35850E-01  5.05340E-03  7.00000E+00  1.15500E+02  1.20100E+02  2.31000E+03
f  17    4 16   19  99  8.00000E+00  5.21000E+00
p  17    4 16   19  98  2.00390E+00 -2.30970E+00 -1.83820E-01  1.99630E-02  8.00000E+00  5.59500E+02  5.81800E+02  1.11900E+04
f  17   19 16   19  99  7.00000E+00  5.21600E+00
p  17   19 16   19  98  1.09040E+00 -1.98620E+00 -1.35850E-01  5.05340E-03  7.00000E+00  1.15500E+02  1.20100E+02  2.31000E+03
f  17    5 16   20  99  8.00000E+00  5.16600E+00
p  17    5 16   20  98  2.00390E+00 -2.30970E+00 -1.83820E-01  1.99630E-02  8.00000E+00  5.59500E+02  5.81800E+02  1.11900E+04
f  17   20 16   20  99  7.00000E+00  5.17000E+00
p  17   20 16   20  98  1.09040E+00 -1.98620E+00 -1.35850E-01  5.05340E-03  7.00000E+00  1.15500E+02  1.20100E+02  2.31000E+03
f  17    6 16   21  99  8.00000E+00  5.06820E+00
p  17    6 16   21  98  2.00390E+00 -2.30970E+00 -1.83820E-01  1.99630E-02  8.00000E+00  5.59500E+02  5.81800E+02  1.11900E+04
f  17   21 16   21  99  7.00000E+00  5.07720E+00
p  17   21 16   21  98  1.09040E+00 -1.98620E+00 -1.35850E-01  5.05340E-03  7.00000E+00  1.15500E+02  1.20100E+02  2.31000E+03
f  17    7 16   22  99  8.00000E+00  5.05620E+00
p  17    7 16   22  98  2.00390E+00 -2.30970E+00 -1.83820E-01  1.99630E-02  8.00000E+00  5.59500E+02  5.81800E+02  1.11900E+04
f  17   22 16   22  99  7.00000E+00  5.06320E+00
p  17   22 16   22  98  1.09040E+00 -1.98620E+00 -1.35850E-01  5.05340E-03  7.00000E+00  1.15500E+02  1.20100E+02  2.31000E+03
f  17    8 16   23  99  8.00000E+00  5.00160E+00
p  17    8 16   23  98  2.00390E+00 -2.30970E+00 -1.83820E-01  1.99630E-02  8.00000E+00  5.59500E+02  5.81800E+02  1.11900E+04
f  17   23 16   23  99  7.00000E+00  5.00160E+00
p  17   23 16   23  98  1.09040E+00 -1.98620E+00 -1.35850E-01  5.05340E-03  7.00000E+00  1.15500E+02  1.20100E+02  2.31000E+03
f  17    1 16   24  99  2.00000E+00  9.76000E+00
p  17    1 16   24  98  2.17850E+00 -2.49210E+00 -1.90430E-01  1.87390E-02  2.00000E+00  4.54200E+03  4.72300E+03  9.08300E+04
f  17   24 16   24  99  8.00000E+00  1.04040E+01
p  17   24 16   24  98  1.09040E+00 -1.98620E+00 -1.35850E-01  5.05340E-03  7.00000E+00  1.15500E+02  1.20100E+02  2.31000E+03
f  17   25 16   24  99  1.00000E+00  5.81850E+00
p  17   25 16   24  99  1.00000E+00  5.81850E+00
f  17   26 16   24  99  1.00000E+00  5.16260E+00
p  17   26 16   24  99  1.00000E+00  5.16260E+00
f  17   27 16   24  99  1.00000E+00  5.22500E+00
p  17   27 16   24  99  1.00000E+00  5.22500E+00
f  17   28 16   24  99  1.00000E+00  5.17900E+00
p  17   28 16   24  99  1.00000E+00  5.17900E+00
f  17   29 16   24  99  1.00000E+00  5.07810E+00
p  17   29 16   24  99  1.00000E+00  5.07810E+00
f  17   30 16   24  99  1.00000E+00  5.06410E+00
p  17   30 16   24  99  1.00000E+00  5.06410E+00
f  17   31 16   24  99  1.00000E+00  5.00160E+00
p  17   31 16   24  99  1.00000E+00  5.00160E+00
f  17    2 16   25  99  2.00000E+00  5.73860E+00
p  17    2 16   25  98  2.17850E+00 -2.49210E+00 -1.90430E-01  1.87390E-02  2.00000E+00  4.54200E+03  4.72300E+03  9.08300E+04
f  17   25 16   25  99  7.00000E+00  5.81850E+00
p  17   25 16   25  98  1.09040E+00 -1.98620E+00 -1.35850E-01  5.05340E-03  7.00000E+00  1.15500E+02  1.20100E+02  2.31000E+03
f  17    3 16   26  99  2.00000E+00  5.14520E+00
p  17    3 16   26  98  2.17850E+00 -2.49210E+00 -1.90430E-01  1.87390E-02  2.00000E+00  4.54200E+03  4.72300E+03  9.08300E+04
f  17   26 16   26  99  7.00000E+00  5.16260E+00
p  17   26 16   26  98  1.09040E+00 -1.98620E+00 -1.35850E-01  5.05340E-03  7.00000E+00  1.15500E+02  1.20100E+02  2.31000E+03
f  17    4 16   27  99  2.00000E+00  5.21000E+00
p  17    4 16   27  98  2.17850E+00 -2.49210E+00 -1.90430E-01  1.87390E-02  2.00000E+00  4.54200E+03  4.72300E+03  9.08300E+04
f  17   27 16   27  99  7.00000E+00  5.22500E+00
p  17   27 16   27  98  1.09040E+00 -1.98620E+00 -1.35850E-01  5.05340E-03  7.00000E+00  1.15500E+02  1.20100E+02  2.31000E+03
f  17    5 16   28  99  2.00000E+00  5.16600E+00
p  17    5 16   28  98  2.17850E+00 -2.49210E+00 -1.90430E-01  1.87390E-02  2.00000E+00  4.54200E+03  4.72300E+03  9.08300E+04
f  17   28 16   28  99  7.00000E+00  5.17900E+00
p  17   28 16   28  98  1.09040E+00 -1.98620E+00 -1.35850E-01  5.05340E-03  7.00000E+00  1.15500E+02  1.20100E+02  2.31000E+03
f  17    6 16   29  99  2.00000E+00  5.06820E+00
p  17    6 16   29  98  2.17850E+00 -2.49210E+00 -1.90430E-01  1.87390E-02  2.00000E+00  4.54200E+03  4.72300E+03  9.08300E+04
f  17   29 16   29  99  7.00000E+00  5.07810E+00
p  17   29 16   29  98  1.09040E+00 -1.98620E+00 -1.35850E-01  5.05340E-03  7.00000E+00  1.15500E+02  1.20100E+02  2.31000E+03
f  17    7 16   30  99  2.00000E+00  5.05620E+00
p  17    7 16   30  98  2.17850E+00 -2.49210E+00 -1.90430E-01  1.87390E-02  2.00000E+00  4.54200E+03  4.72300E+03  9.08300E+04
f  17   30 16   30  99  7.00000E+00  5.06410E+00
p  17   30 16   30  98  1.09040E+00 -1.98620E+00 -1.35850E-01  5.05340E-03  7.00000E+00  1.15500E+02  1.20100E+02  2.31000E+03
f  17    8 16   31  99  2.00000E+00  5.00160E+00
p  17    8 16   31  98  2.17850E+00 -2.49210E+00 -1.90430E-01  1.87390E-02  2.00000E+00  4.54200E+03  4.72300E+03  9.08300E+04
f  17   31 16   31  99  7.00000E+00  5.00160E+00
p  17   31 16   31  98  1.09040E+00 -1.98620E+00 -1.35850E-01  5.05340E-03  7.00000E+00  1.15500E+02  1.20100E+02  2.31000E+03
a  17    9 16    1   4.93054E+13
a  17   10 16    1   1.84300E+13
a  17   11 16    1   7.43022E+12
a  17   12 16    1   3.43763E+12
a  17   13 16    1   1.76320E+12
a  17   14 16    1   9.78431E+11
a  17   15 16    1   5.77778E+11
a  17   16 16    1   1.76536E+14
a  17   17 16    1   4.23308E+12
a  17   18 16    1   1.14957E+12
a  17   19 16    1   4.20840E+11
a  17   20 16    1   1.94712E+11
a  17   21 16    1   9.98681E+10
a  17   22 16    1   5.54216E+10
a  17   23 16    1   3.27259E+10
a  17   24 16    1   2.23051E+12
a  17   25 16    1   5.60875E+10
a  17   26 16    1   1.48292E+10
a  17   27 16    1   5.26645E+09
a  17   28 16    1   2.43656E+09
a  17   29 16    1   1.24971E+09
a  17   30 16    1   6.93525E+08
a  17   31 16    1   4.09500E+08
a  17   17 16    2   1.32402E+14
a  17   25 16    2   1.67288E+12
a  17   18 16    3   1.32402E+14
a  17   26 16    3   1.67288E+12
a  17   19 16    4   1.32402E+14
a  17   27 16    4   1.67288E+12
a  17   20 16    5   1.32402E+14
a  17   28 16    5   1.67288E+12
a  17   21 16    6   1.32402E+14
a  17   29 16    6   1.67288E+12
a  17   22 16    7   1.32402E+14
a  17   30 16    7   1.67288E+12
a  17   23 16    8   1.32402E+14
a  17   31 16    8   1.67288E+12
a  17   24 16   16   8.88640E+13
a  17   25 16   16   1.17168E+12
a  17   26 16   16   3.10740E+11
a  17   27 16   16   1.10584E+11
a  17   28 16   16   5.11640E+10
a  17   29 16   16   2.62420E+10
a  17   30 16   16   1.45624E+10
a  17   31 16   16   8.59920E+09
a  17   25 16   17   7.77560E+13
a  17   26 16   18   7.77560E+13
a  17   27 16   19   7.77560E+13
a  17   28 16   20   7.77560E+13
a  17   29 16   21   7.77560E+13
a  17   30 16   22   7.77560E+13
a  17   31 16   23   7.77560E+13
b  18    1 18    2  99  2.41450E-01  3.36407E-01  1.15746E+00 -3.59732E-01  1.99867E+00  1.41120E+00  1.41120E+00
b  18    1 18    3  99  2.78992E-01  3.47478E-01  1.31748E+00 -3.88138E-01  1.96494E+00  5.02560E-01  5.02560E-01
b  18    2 18    3  99  1.97293E-01  2.99702E-01  1.58485E+00 -8.48685E-01  3.26615E+00  7.90700E-01  7.90700E-01
b  18    1 18    4  99  4.97691E-01  4.43105E-01  2.54965E+00 -8.30575E-01  2.01462E+00  1.82960E-01  1.82960E-01
b  18    2 18    4  99  3.32237E-01  8.85331E-01  2.70524E+00 -1.50096E+00  3.42407E+00  9.97400E-02  9.97400E-02
b  18    3 18    4  99  2.28898E-01  3.74787E-01  1.94538E+00 -3.11500E-01  3.96444E+00  1.04100E+00  1.04100E+00
b  18    1 18    5  99  4.90576E-01  4.33697E-01  2.53283E+00 -8.56788E-01  2.01369E+00  1.09200E-01  1.09200E-01
b  18    2 18    5  99  3.47685E-01  1.33758E+00  2.11242E+00 -9.74744E-01  2.81617E+00  3.68000E-02  3.68000E-02
b  18    3 18    5  99  2.80125E-01  9.28042E-01  2.29265E+00 -2.30717E-01  4.16165E+00  1.51500E-01  1.51500E-01
b  18    4 18    5  99  2.15348E-01  4.08677E-01  1.77285E+00 -2.43935E-01  3.96110E+00  1.35800E+00  1.35800E+00
b  18    1 18    6  99  4.84551E-01  4.29360E-01  2.50701E+00 -8.13004E-01  2.03367E+00  7.06960E-02  7.06960E-02
b  18    2 18    6  99  3.67905E-01  1.56646E+00  2.22772E+00 -1.03744E+00  2.84761E+00  1.85400E-02  1.85400E-02
b  18    3 18    6  99  3.11224E-01  1.33853E+00  2.47947E+00 -3.15493E-01  4.18334E+00  5.33900E-02  5.33900E-02
b  18    4 18    6  99  2.59637E-01  9.58467E-01  2.06487E+00 -2.36408E-01  4.14161E+00  1.95800E-01  1.95800E-01
b  18    5 18    6  99  2.01156E-01  4.98053E-01  1.53722E+00 -1.90270E-01  3.91733E+00  1.59500E+00  1.59500E+00
b  18    1 18    7  99  4.80388E-01  4.24728E-01  2.50244E+00 -8.10307E-01  2.05175E+00  4.85120E-02  4.85120E-02
b  18    2 18    7  99  3.80426E-01  1.71925E+00  2.28456E+00 -1.05175E+00  2.85503E+00  1.09500E-02  1.09500E-02
b  18    3 18    7  99  3.30311E-01  1.64910E+00  2.45028E+00 -1.35550E+00  3.50154E+00  2.60600E-02  2.60600E-02
b  18    4 18    7  99  2.86745E-01  1.39719E+00  2.22214E+00 -5.15593E-02  4.33676E+00  6.78000E-02  6.78000E-02
b  18    5 18    7  99  2.50073E-01  9.79667E-01  1.95321E+00 -2.11500E-01  4.16107E+00  2.30500E-01  2.30500E-01
b  18    6 18    7  99  1.85664E-01  6.85347E-01  1.73601E+00  2.58801E+00  6.58335E+00  1.81400E+00  1.81400E+00
b  18    1 18    8  99  4.75024E-01  4.30910E-01  2.43314E+00 -8.04884E-01  2.00732E+00  3.47600E-02  3.47600E-02
b  18    2 18    8  99  3.88455E-01  1.82770E+00  2.32516E+00 -1.08671E+00  2.85940E+00  7.12600E-03  7.12600E-03
b  18    3 18    8  99  3.49219E-01  1.85211E+00  2.71660E+00 -1.58781E+00  3.64832E+00  1.50900E-02  1.50900E-02
b  18    4 18    8  99  3.04978E-01  1.74267E+00  2.27306E+00 -5.93111E-02  4.32422E+00  3.26800E-02  3.26800E-02
b  18    5 18    8  99  2.76875E-01  1.44389E+00  2.03609E+00 -1.75309E-01  4.15714E+00  7.90400E-02  7.90400E-02
b  18    6 18    8  99  2.44279E-01  9.79046E-01  1.83233E+00 -1.94587E-01  4.08830E+00  2.62700E-01  2.62700E-01
b  18    7 18    8  99  5.78158E-02  3.04287E-01  5.27222E-01  9.59129E-01  7.26023E+00  5.73100E+00  5.73100E+00
b  18    1 18    9  98  0.00000E+00  0.00000E+00  0.00000E+00  0.00000E+00  0.00000E+00  4.00672E-02  8.01344E-04
b  18    2 18    9  99  2.41450E-01  3.36407E-01  1.15746E+00 -3.59732E-01  1.99867E+00  1.19621E+00  1.19621E+00
b  18    1 18   10  98  0.00000E+00  0.00000E+00  0.00000E+00  0.00000E+00  0.00000E+00  5.55617E-02  1.11123E-03
b  18    2 18   10  99  2.78992E-01  3.47478E-01  1.31748E+00 -3.88138E-01  1.96494E+00  4.39740E-01  4.39740E-01
b  18    3 18   10  99  2.41450E-01  3.36407E-01  1.15746E+00 -3.59732E-01  1.99867E+00  1.23480E+00  1.23480E+00
b  18    9 18   10  99  1.97293E-01  2.99702E-01  1.58485E+00 -8.48685E-01  3.26615E+00  1.58140E+00  1.58140E+00
b  18    1 18   11  98  0.00000E+00  0.00000E+00  0.00000E+00  0.00000E+00  0.00000E+00  7.69875E-02  1.53975E-03
b  18    2 18   11  99  4.97691E-01  4.43105E-01  2.54965E+00 -8.30575E-01  2.01462E+00  1.60090E-01  1.60090E-01
b  18    4 18   11  99  2.41450E-01  3.36407E-01  1.15746E+00 -3.59732E-01  1.99867E+00  1.23480E+00  1.23480E+00
b  18    9 18   11  99  3.32237E-01  8.85331E-01  2.70524E+00 -1.50096E+00  3.42407E+00  1.99480E-01  1.99480E-01
b  18   10 18   11  99  2.28898E-01  3.74787E-01  1.94538E+00 -3.11500E-01  3.96444E+00  1.04100E+00  1.04100E+00
b  18    1 18   12  98  0.00000E+00  0.00000E+00  0.00000E+00  0.00000E+00  0.00000E+00  1.01866E-01  2.03732E-03
b  18    2 18   12  99  4.90576E-01  4.33697E-01  2.53283E+00 -8.56788E-01  2.01369E+00  9.55500E-02  9.55500E-02
b  18    5 18   12  99  2.41450E-01  3.36407E-01  1.15746E+00 -3.59732E-01  1.99867E+00  1.23480E+00  1.23480E+00
b  18    9 18   12  99  3.47685E-01  1.33758E+00  2.11242E+00 -9.74744E-01  2.81617E+00  7.36000E-02  7.36000E-02
b  18   10 18   12  99  2.80125E-01  9.28042E-01  2.29265E+00 -2.30717E-01  4.16165E+00  1.51500E-01  1.51500E-01
b  18   11 18   12  99  2.15348E-01  4.08677E-01  1.77285E+00 -2.43935E-01  3.96110E+00  1.35800E+00  1.35800E+00
b  18    1 18   13  98  0.00000E+00  0.00000E+00  0.00000E+00  0.00000E+00  0.00000E+00  1.30470E-01  2.60939E-03
b  18    2 18   13  99  4.84551E-01  4.29360E-01  2.50701E+00 -8.13004E-01  2.03367E+00  6.18590E-02  6.18590E-02
b  18    6 18   13  99  2.41450E-01  3.36407E-01  1.15746E+00 -3.59732E-01  1.99867E+00  1.23480E+00  1.23480E+00
b  18    9 18   13  99  3.67905E-01  1.56646E+00  2.22772E+00 -1.03744E+00  2.84761E+00  3.70800E-02  3.70800E-02
b  18   10 18   13  99  3.11224E-01  1.33853E+00  2.47947E+00 -3.15493E-01  4.18334E+00  5.33900E-02  5.33900E-02
b  18   11 18   13  99  2.59637E-01  9.58467E-01  2.06487E+00 -2.36408E-01  4.14161E+00  1.95800E-01  1.95800E-01
b  18   12 18   13  99  2.01156E-01  4.98053E-01  1.53722E+00 -1.90270E-01  3.91733E+00  1.59500E+00  1.59500E+00
b  18    1 18   14  98  0.00000E+00  0.00000E+00  0.00000E+00  0.00000E+00  0.00000E+00  1.63270E-01  3.26540E-03
b  18    2 18   14  99  4.80388E-01  4.24728E-01  2.50244E+00 -8.10307E-01  2.05175E+00  4.24480E-02  4.24480E-02
b  18    7 18   14  99  2.41450E-01  3.36407E-01  1.15746E+00 -3.59732E-01  1.99867E+00  1.23480E+00  1.23480E+00
b  18    9 18   14  99  3.80426E-01  1.71925E+00  2.28456E+00 -1.05175E+00  2.85503E+00  2.19000E-02  2.19000E-02
b  18   10 18   14  99  3.30311E-01  1.64910E+00  2.45028E+00 -1.35550E+00  3.50154E+00  2.60600E-02  2.60600E-02
b  18   11 18   14  99  2.86745E-01  1.39719E+00  2.22214E+00 -5.15593E-02  4.33676E+00  6.78000E-02  6.78000E-02
b  18   12 18   14  99  2.50073E-01  9.79667E-01  1.95321E+00 -2.11500E-01  4.16107E+00  2.30500E-01  2.30500E-01
b  18   13 18   14  99  1.85664E-01  6.85347E-01  1.73601E+00  2.58801E+00  6.58335E+00  1.81400E+00  1.81400E+00
b  18    1 18   15  98  0.00000E+00  0.00000E+00  0.00000E+00  0.00000E+00  0.00000E+00  1.99784E-01  3.99567E-03
b  18    2 18   15  99  4.75024E-01  4.30910E-01  2.43314E+00 -8.04884E-01  2.00732E+00  3.04150E-02  3.04150E-02
b  18    8 18   15  99  2.41450E-01  3.36407E-01  1.15746E+00 -3.59732E-01  1.99867E+00  1.23480E+00  1.23480E+00
b  18    9 18   15  99  3.88455E-01  1.82770E+00  2.32516E+00 -1.08671E+00  2.85940E+00  1.42520E-02  1.42520E-02
b  18   10 18   15  99  3.49219E-01  1.85211E+00  2.71660E+00 -1.58781E+00  3.64832E+00  1.50900E-02  1.50900E-02
b  18   11 18   15  99  3.04978E-01  1.74267E+00  2.27306E+00 -5.93111E-02  4.32422E+00  3.26800E-02  3.26800E-02
b  18   12 18   15  99  2.76875E-01  1.44389E+00  2.03609E+00 -1.75309E-01  4.15714E+00  7.90400E-02  7.90400E-02
b  18   13 18   15  99  2.44279E-01  9.79046E-01  1.83233E+00 -1.94587E-01  4.08830E+00  2.62700E-01  2.62700E-01
b  18   14 18   15  99  5.78158E-02  3.04287E-01  5.27222E-01  9.59129E-01  7.26023E+00  5.73100E+00  5.73100E+00
b  18    1 18   16  99  9.72015E-02  1.24160E+00 -1.04810E+01  3.20180E+01  9.59941E+00  7.00000E-01  7.00000E-01
b  18    1 18   17  99  8.95792E-02  1.21780E+00 -2.23147E+01  1.19504E+02  2.00000E+01  2.41280E-01  2.41280E-01
b  18    2 18   17  99  9.72015E-02  1.24160E+00 -1.04810E+01  3.20180E+01  9.59941E+00  7.70000E-01  7.70000E-01
b  18   16 18   17  99  2.41450E-01  3.36407E-01  1.15746E+00 -3.59732E-01  1.99867E+00  1.58760E+00  1.58760E+00
b  18    1 18   18  99  9.35658E-02  1.27405E+00 -2.31621E+01  1.19252E+02  2.00000E+01  1.01200E-01  1.01200E-01
b  18    3 18   18  99  9.72015E-02  1.24160E+00 -1.04810E+01  3.20180E+01  9.59941E+00  7.70000E-01  7.70000E-01
b  18   16 18   18  99  2.78992E-01  3.47478E-01  1.31748E+00 -3.88138E-01  1.96494E+00  5.65380E-01  5.65380E-01
b  18   17 18   18  99  1.97293E-01  2.99702E-01  1.58485E+00 -8.48685E-01  3.26615E+00  7.90700E-01  7.90700E-01
b  18    1 18   19  99  1.11818E-01  1.56861E+00 -3.18605E+01  1.97197E+02  2.00000E+01  4.79360E-02  4.79360E-02
b  18    4 18   19  99  9.72015E-02  1.24160E+00 -1.04810E+01  3.20180E+01  9.59941E+00  7.70000E-01  7.70000E-01
b  18   16 18   19  99  4.97691E-01  4.43105E-01  2.54965E+00 -8.30575E-01  2.01462E+00  2.05830E-01  2.05830E-01
b  18   17 18   19  99  3.32237E-01  8.85331E-01  2.70524E+00 -1.50096E+00  3.42407E+00  9.97400E-02  9.97400E-02
b  18   18 18   19  99  2.28898E-01  3.74787E-01  1.94538E+00 -3.11500E-01  3.96444E+00  1.04100E+00  1.04100E+00
b  18    1 18   20  99  1.10064E-01  1.54511E+00 -3.14834E+01  1.95284E+02  2.00000E+01  2.83200E-02  2.83200E-02
b  18    5 18   20  99  9.72015E-02  1.24160E+00 -1.04810E+01  3.20180E+01  9.59941E+00  7.70000E-01  7.70000E-01
b  18   16 18   20  99  4.90576E-01  4.33697E-01  2.53283E+00 -8.56788E-01  2.01369E+00  1.22850E-01  1.22850E-01
b  18   17 18   20  99  3.47685E-01  1.33758E+00  2.11242E+00 -9.74744E-01  2.81617E+00  3.68000E-02  3.68000E-02
b  18   18 18   20  99  2.80125E-01  9.28042E-01  2.29265E+00 -2.30717E-01  4.16165E+00  1.51500E-01  1.51500E-01
b  18   19 18   20  99  2.15348E-01  4.08677E-01  1.77285E+00 -2.43935E-01  3.96110E+00  1.35800E+00  1.35800E+00
b  18    1 18   21  99  1.08883E-01  1.52729E+00 -3.11668E+01  1.93470E+02  2.00000E+01  1.81520E-02  1.81520E-02
b  18    6 18   21  99  9.72015E-02  1.24160E+00 -1.04810E+01  3.20180E+01  9.59941E+00  7.70000E-01  7.70000E-01
b  18   16 18   21  99  4.84551E-01  4.29360E-01  2.50701E+00 -8.13004E-01  2.03367E+00  7.95330E-02  7.95330E-02
b  18   17 18   21  99  3.67905E-01  1.56646E+00  2.22772E+00 -1.03744E+00  2.84761E+00  1.85400E-02  1.85400E-02
b  18   18 18   21  99  3.11224E-01  1.33853E+00  2.47947E+00 -3.15493E-01  4.18334E+00  5.33900E-02  5.33900E-02
b  18   19 18   21  99  2.59637E-01  9.58467E-01  2.06487E+00 -2.36408E-01  4.14161E+00  1.95800E-01  1.95800E-01
b  18   20 18   21  99  2.01156E-01  4.98053E-01  1.53722E+00 -1.90270E-01  3.91733E+00  1.59500E+00  1.59500E+00
b  18    1 18   22  99  1.07700E-01  1.50967E+00 -3.06407E+01  1.87996E+02  2.00000E+01  1.23440E-02  1.23440E-02
b  18    7 18   22  99  9.72015E-02  1.24160E+00 -1.04810E+01  3.20180E+01  9.59941E+00  7.70000E-01  7.70000E-01
b  18   16 18   22  99  4.80388E-01  4.24728E-01  2.50244E+00 -8.10307E-01  2.05175E+00  5.45760E-02  5.45760E-02
b  18   17 18   22  99  3.80426E-01  1.71925E+00  2.28456E+00 -1.05175E+00  2.85503E+00  1.09500E-02  1.09500E-02
b  18   18 18   22  99  3.30311E-01  1.64910E+00  2.45028E+00 -1.35550E+00  3.50154E+00  2.60600E-02  2.60600E-02
b  18   19 18   22  99  2.86745E-01  1.39719E+00  2.22214E+00 -5.15593E-02  4.33676E+00  6.78000E-02  6.78000E-02
b  18   20 18   22  99  2.50073E-01  9.79667E-01  1.95321E+00 -2.11500E-01  4.16107E+00  2.30500E-01  2.30500E-01
b  18   21 18   22  99  1.85664E-01  6.85347E-01  1.73601E+00  2.58801E+00  6.58335E+00  1.81400E+00  1.81400E+00
b  18    1 18   23  99  1.07155E-01  1.50220E+00 -3.06182E+01  1.89141E+02  2.00000E+01  8.76800E-03  8.76800E-03
b  18    8 18   23  99  9.72015E-02  1.24160E+00 -1.04810E+01  3.20180E+01  9.59941E+00  7.70000E-01  7.70000E-01
b  18   16 18   23  99  4.75024E-01  4.30910E-01  2.43314E+00 -8.04884E-01  2.00732E+00  3.91050E-02  3.91050E-02
b  18   17 18   23  99  3.88455E-01  1.82770E+00  2.32516E+00 -1.08671E+00  2.85940E+00  7.12600E-03  7.12600E-03
b  18   18 18   23  99  3.49219E-01  1.85211E+00  2.71660E+00 -1.58781E+00  3.64832E+00  1.50900E-02  1.50900E-02
b  18   19 18   23  99  3.04978E-01  1.74267E+00  2.27306E+00 -5.93111E-02  4.32422E+00  3.26800E-02  3.26800E-02
b  18   20 18   23  99  2.76875E-01  1.44389E+00  2.03609E+00 -1.75309E-01  4.15714E+00  7.90400E-02  7.90400E-02
b  18   21 18   23  99  2.44279E-01  9.79046E-01  1.83233E+00 -1.94587E-01  4.08830E+00  2.62700E-01  2.62700E-01
b  18   22 18   23  99  5.78158E-02  3.04287E-01  5.27222E-01  9.59129E-01  7.26023E+00  5.73100E+00  5.73100E+00
b  18    1 18   24  99  3.29839E-01  4.20124E-01 -5.91481E+00  2.73493E+01  4.20594E+00  3.02556E-02  3.02556E-02
b  18   16 18   24  99  3.34444E-01  3.02059E-01 -5.47297E+00  2.72175E+01  4.19935E+00  6.99250E-02  6.99250E-02
b  18    1 18   25  99  3.56062E-01  5.48566E-01 -6.96644E+00  3.08756E+01  4.25338E+00  8.19000E-03  8.19000E-03
b  18    2 18   25  99  3.29839E-01  4.20124E-01 -5.91481E+00  2.73493E+01  4.20594E+00  3.32811E-02  3.32811E-02
b  18   17 18   25  99  3.34444E-01  3.02059E-01 -5.47297E+00  2.72175E+01  4.19935E+00  6.99250E-02  6.99250E-02
b  18   24 18   25  99  2.41450E-01  3.36407E-01  1.15746E+00 -3.59732E-01  1.99867E+00  1.58760E+00  1.58760E+00
b  18    1 18   26  99  3.60029E-01  5.53220E-01 -7.07036E+00  3.13659E+01  4.26036E+00  3.28200E-03  3.28200E-03
b  18    3 18   26  99  3.29839E-01  4.20124E-01 -5.91481E+00  2.73493E+01  4.20594E+00  3.32811E-02  3.32811E-02
b  18   18 18   26  99  3.34444E-01  3.02059E-01 -5.47297E+00  2.72175E+01  4.19935E+00  6.99250E-02  6.99250E-02
b  18   24 18   26  99  2.78992E-01  3.47478E-01  1.31748E+00 -3.88138E-01  1.96494E+00  5.65380E-01  5.65380E-01
b  18   25 18   26  99  1.97293E-01  2.99702E-01  1.58485E+00 -8.48685E-01  3.26615E+00  7.90700E-01  7.90700E-01
b  18    1 18   27  99  3.76226E-01  6.01576E-01 -7.81421E+00  3.45476E+01  4.32127E+00  1.56540E-03  1.56540E-03
b  18    4 18   27  99  3.29839E-01  4.20124E-01 -5.91481E+00  2.73493E+01  4.20594E+00  3.32811E-02  3.32811E-02
b  18   19 18   27  99  3.34444E-01  3.02059E-01 -5.47297E+00  2.72175E+01  4.19935E+00  6.99250E-02  6.99250E-02
b  18   24 18   27  99  4.97691E-01  4.43105E-01  2.54965E+00 -8.30575E-01  2.01462E+00  2.05830E-01  2.05830E-01
b  18   25 18   27  99  3.32237E-01  8.85331E-01  2.70524E+00 -1.50096E+00  3.42407E+00  9.97400E-02  9.97400E-02
b  18   26 18   27  99  2.28898E-01  3.74787E-01  1.94538E+00 -3.11500E-01  3.96444E+00  1.04100E+00  1.04100E+00
b  18    1 18   28  99  3.64477E-01  5.94788E-01 -7.68423E+00  3.38425E+01  4.33341E+00  9.00200E-04  9.00200E-04
b  18    5 18   28  99  3.29839E-01  4.20124E-01 -5.91481E+00  2.73493E+01  4.20594E+00  3.32811E-02  3.32811E-02
b  18   20 18   28  99  3.34444E-01  3.02059E-01 -5.47297E+00  2.72175E+01  4.19935E+00  6.99250E-02  6.99250E-02
b  18   24 18   28  99  4.90576E-01  4.33697E-01  2.53283E+00 -8.56788E-01  2.01369E+00  1.22850E-01  1.22850E-01
b  18   25 18   28  99  3.47685E-01  1.33758E+00  2.11242E+00 -9.74744E-01  2.81617E+00  3.68000E-02  3.68000E-02
b  18   26 18   28  99  2.80125E-01  9.28042E-01  2.29265E+00 -2.30717E-01  4.16165E+00  1.51500E-01  1.51500E-01
b  18   27 18   28  99  2.15348E-01  4.08677E-01  1.77285E+00 -2.43935E-01  3.96110E+00  1.35800E+00  1.35800E+00
b  18    1 18   29  99  3.59395E-01  5.83706E-01 -7.57038E+00  3.33923E+01  4.33488E+00  5.64800E-04  5.64800E-04
b  18    6 18   29  99  3.29839E-01  4.20124E-01 -5.91481E+00  2.73493E+01  4.20594E+00  3.32811E-02  3.32811E-02
b  18   21 18   29  99  3.34444E-01  3.02059E-01 -5.47297E+00  2.72175E+01  4.19935E+00  6.99250E-02  6.99250E-02
b  18   24 18   29  99  4.84551E-01  4.29360E-01  2.50701E+00 -8.13004E-01  2.03367E+00  7.95330E-02  7.95330E-02
b  18   25 18   29  99  3.67905E-01  1.56646E+00  2.22772E+00 -1.03744E+00  2.84761E+00  1.85400E-02  1.85400E-02
b  18   26 18   29  99  3.11224E-01  1.33853E+00  2.47947E+00 -3.15493E-01  4.18334E+00  5.33900E-02  5.33900E-02
b  18   27 18   29  99  2.59637E-01  9.58467E-01  2.06487E+00 -2.36408E-01  4.14161E+00  1.95800E-01  1.95800E-01
b  18   28 18   29  99  2.01156E-01  4.98053E-01  1.53722E+00 -1.90270E-01  3.91733E+00  1.59500E+00  1.59500E+00
b  18    1 18   30  99  3.55157E-01  5.74632E-01 -7.41535E+00  3.26252E+01  4.31746E+00  3.77600E-04  3.77600E-04
b  18    7 18   30  99  3.29839E-01  4.20124E-01 -5.91481E+00  2.73493E+01  4.20594E+00  3.32811E-02  3.32811E-02
b  18   22 18   30  99  3.34444E-01  3.02059E-01 -5.47297E+00  2.72175E+01  4.19935E+00  6.99250E-02  6.99250E-02
b  18   24 18   30  99  4.80388E-01  4.24728E-01  2.50244E+00 -8.10307E-01  2.05175E+00  5.45760E-02  5.45760E-02
b  18   25 18   30  99  3.80426E-01  1.71925E+00  2.28456E+00 -1.05175E+00  2.85503E+00  1.09500E-02  1.09500E-02
b  18   26 18   30  99  3.30311E-01  1.64910E+00  2.45028E+00 -1.35550E+00  3.50154E+00  2.60600E-02  2.60600E-02
b  18   27 18   30  99  2.86745E-01  1.39719E+00  2.22214E+00 -5.15593E-02  4.33676E+00  6.78000E-02  6.78000E-02
b  18   28 18   30  99  2.50073E-01  9.79667E-01  1.95321E+00 -2.11500E-01  4.16107E+00  2.30500E-01  2.30500E-01
b  18   29 18   30  99  1.85664E-01  6.85347E-01  1.73601E+00  2.58801E+00  6.58335E+00  1.81400E+00  1.81400E+00
b  18    1 18   31  99  3.54002E-01  5.67355E-01 -7.39606E+00  3.27079E+01  4.33000E+00  2.64400E-04  2.64400E-04
b  18    8 18   31  99  3.29839E-01  4.20124E-01 -5.91481E+00  2.73493E+01  4.20594E+00  3.32811E-02  3.32811E-02
b  18   23 18   31  99  3.34444E-01  3.02059E-01 -5.47297E+00  2.72175E+01  4.19935E+00  6.99250E-02  6.99250E-02
b  18   24 18   31  99  4.75024E-01  4.30910E-01  2.43314E+00 -8.04884E-01  2.00732E+00  3.91050E-02  3.91050E-02
b  18   25 18   31  99  3.88455E-01  1.82770E+00  2.32516E+00 -1.08671E+00  2.85940E+00  7.12600E-03  7.12600E-03
b  18   26 18   31  99  3.49219E-01  1.85211E+00  2.71660E+00 -1.58781E+00  3.64832E+00  1.50900E-02  1.50900E-02
b  18   27 18   31  99  3.04978E-01  1.74267E+00  2.27306E+00 -5.93111E-02  4.32422E+00  3.26800E-02  3.26800E-02
b  18   28 18   31  99  2.76875E-01  1.44389E+00  2.03609E+00 -1.75309E-01  4.15714E+00  7.90400E-02  7.90400E-02
b  18   29 18   31  99  2.44279E-01  9.79046E-01  1.83233E+00 -1.94587E-01  4.08830E+00  2.62700E-01  2.62700E-01
b  18   30 18   31  99  5.78158E-02  3.04287E-01  5.27222E-01  9.59129E-01  7.26023E+00  5.73100E+00  5.73100E+00
f  18    1 17    1  99  8.00000E+00  9.42000E+00
p  18    1 17    1  98  1.10760E+00 -1.87350E+00 -1.53280E-01  6.02060E-03  8.00000E+00  9.78500E+01  1.01800E+02  1.95700E+03
f  18    2 17    1  99  1.00000E+00  4.82310E+00
p  18    2 17    1  99  1.00000E+00  4.82310E+00
f  18    3 17    1  99  1.00000E+00  4.16560E+00
p  18    3 17    1  99  1.00000E+00  4.16560E+00
f  18    4 17    1  99  1.00000E+00  4.22800E+00
p  18    4 17    1  99  1.00000E+00  4.22800E+00
f  18    5 17    1  99  1.00000E+00  4.18000E+00
p  18    5 17    1  99  1.00000E+00  4.18000E+00
f  18    6 17    1  99  1.00000E+00  4.07820E+00
p  18    6 17    1  99  1.00000E+00  4.07820E+00
f  18    7 17    1  99  1.00000E+00  4.06420E+00
p  18    7 17    1  99  1.00000E+00  4.06420E+00
f  18    8 17    1  99  1.00000E+00  4.00170E+00
p  18    8 17    1  99  1.00000E+00  4.00170E+00
f  18    2 17    2  99  7.00000E+00  4.82310E+00
p  18    2 17    2  98  1.10760E+00 -1.87350E+00 -1.53280E-01  6.02060E-03  8.00000E+00  9.78500E+01  1.01800E+02  1.95700E+03
f  18    9 17    2  99  2.00000E+00  5.38360E+00
p  18    9 17    2  99  2.00000E+00  5.38360E+00
f  18   10 17    2  99  1.00000E+00  4.22520E+00
p  18   10 17    2  99  1.00000E+00  4.22520E+00
f  18   11 17    2  99  1.00000E+00  4.25000E+00
p  18   11 17    2  99  1.00000E+00  4.25000E+00
f  18   12 17    2  99  1.00000E+00  4.19100E+00
p  18   12 17    2  99  1.00000E+00  4.19100E+00
f  18   13 17    2  99  1.00000E+00  4.08520E+00
p  18   13 17    2  99  1.00000E+00  4.08520E+00
f  18   14 17    2  99  1.00000E+00  4.07020E+00
p  18   14 17    2  99  1.00000E+00  4.07020E+00
f  18   15 17    2  99  1.00000E+00  4.01160E+00
p  18   15 17    2  99  1.00000E+00  4.01160E+00
f  18    3 17    3  99  7.00000E+00  4.16560E+00
p  18    3 17    3  98  1.10760E+00 -1.87350E+00 -1.53280E-01  6.02060E-03  8.00000E+00  9.78500E+01  1.01800E+02  1.95700E+03
f  18   10 17    3  99  1.00000E+00  4.22520E+00
p  18   10 17    3  99  1.00000E+00  4.22520E+00
f  18    4 17    4  99  7.00000E+00  4.22800E+00
p  18    4 17    4  98  1.10760E+00 -1.87350E+00 -1.53280E-01  6.02060E-03  8.00000E+00  9.78500E+01  1.01800E+02  1.95700E+03
f  18   11 17    4  99  1.00000E+00  4.25000E+00
p  18   11 17    4  99  1.00000E+00  4.25000E+00
f  18    5 17    5  99  7.00000E+00  4.18000E+00
p  18    5 17    5  98  1.10760E+00 -1.87350E+00 -1.53280E-01  6.02060E-03  8.00000E+00  9.78500E+01  1.01800E+02  1.95700E+03
f  18   12 17    5  99  1.00000E+00  4.19100E+00
p  18   12 17    5  99  1.00000E+00  4.19100E+00
f  18    6 17    6  99  7.00000E+00  4.07820E+00
p  18    6 17    6  98  1.10760E+00 -1.87350E+00 -1.53280E-01  6.02060E-03  8.00000E+00  9.78500E+01  1.01800E+02  1.95700E+03
f  18   13 17    6  99  1.00000E+00  4.08520E+00
p  18   13 17    6  99  1.00000E+00  4.08520E+00
f  18    7 17    7  99  7.00000E+00  4.06420E+00
p  18    7 17    7  98  1.10760E+00 -1.87350E+00 -1.53280E-01  6.02060E-03  8.00000E+00  9.78500E+01  1.01800E+02  1.95700E+03
f  18   14 17    7  99  1.00000E+00  4.07020E+00
p  18   14 17    7  99  1.00000E+00  4.07020E+00
f  18    8 17    8  99  7.00000E+00  4.00170E+00
p  18    8 17    8  98  1.10760E+00 -1.87350E+00 -1.53280E-01  6.02060E-03  8.00000E+00  9.78500E+01  1.01800E+02  1.95700E+03
f  18   15 17    8  99  1.00000E+00  4.01160E+00
p  18   15 17    8  99  1.00000E+00  4.01160E+00
f  18    9 17    9  99  6.00000E+00  5.38360E+00
p  18    9 17    9  98  1.10760E+00 -1.87350E+00 -1.53280E-01  6.02060E-03  8.00000E+00  9.78500E+01  1.01800E+02  1.95700E+03
f  18   10 17   10  99  6.00000E+00  4.22520E+00
p  18   10 17   10  98  1.10760E+00 -1.87350E+00 -1.53280E-01  6.02060E-03  8.00000E+00  9.78500E+01  1.01800E+02  1.95700E+03
f  18   11 17   11  99  6.00000E+00  4.25000E+00
p  18   11 17   11  98  1.10760E+00 -1.87350E+00 -1.53280E-01  6.02060E-03  8.00000E+00  9.78500E+01  1.01800E+02  1.95700E+03
f  18   12 17   12  99  6.00000E+00  4.19100E+00
p  18   12 17   12  98  1.10760E+00 -1.87350E+00 -1.53280E-01  6.02060E-03  8.00000E+00  9.78500E+01  1.01800E+02  1.95700E+03
f  18   13 17   13  99  6.00000E+00  4.08520E+00
p  18   13 17   13  98  1.10760E+00 -1.87350E+00 -1.53280E-01  6.02060E-03  8.00000E+00  9.78500E+01  1.01800E+02  1.95700E+03
f  18   14 17   14  99  6.00000E+00  4.07020E+00
p  18   14 17   14  98  1.10760E+00 -1.87350E+00 -1.53280E-01  6.02060E-03  8.00000E+00  9.78500E+01  1.01800E+02  1.95700E+03
f  18   15 17   15  99  6.00000E+00  4.01160E+00
p  18   15 17   15  98  1.10760E+00 -1.87350E+00 -1.53280E-01  6.02060E-03  8.00000E+00  9.78500E+01  1.01800E+02  1.95700E+03
f  18    1 17   16  99  8.00000E+00  9.42000E+00
p  18    1 17   16  98  2.04480E+00 -2.27830E+00 -1.98060E-01  2.23290E-02  8.00000E+00  5.38800E+02  5.60300E+02  1.07800E+04
f  18   16 17   16  99  9.00000E+00  9.98400E+00
p  18   16 17   16  98  1.10760E+00 -1.87350E+00 -1.53280E-01  6.02060E-03  8.00000E+00  9.78500E+01  1.01800E+02  1.95700E+03
f  18   17 17   16  99  1.00000E+00  4.87980E+00
p  18   17 17   16  99  1.00000E+00  4.87980E+00
f  18   18 17   16  99  1.00000E+00  4.18390E+00
p  18   18 17   16  99  1.00000E+00  4.18390E+00
f  18   19 17   16  99  1.00000E+00  4.23400E+00
p  18   19 17   16  99  1.00000E+00  4.23400E+00
f  18   20 17   16  99  1.00000E+00  4.18400E+00
p  18   20 17   16  99  1.00000E+00  4.18400E+00
f  18   21 17   16  99  1.00000E+00  4.08720E+00
p  18   21 17   16  99  1.00000E+00  4.08720E+00
f  18   22 17   16  99  1.00000E+00  4.07120E+00
p  18   22 17   16  99  1.00000E+00  4.07120E+00
f  18   23 17   16  99  1.00000E+00  4.00170E+00
p  18   23 17   16  99  1.00000E+00  4.00170E+00
f  18    2 17   17  99  8.00000E+00  4.82310E+00
p  18    2 17   17  98  2.04480E+00 -2.27830E+00 -1.98060E-01  2.23290E-02  8.00000E+00  5.38800E+02  5.60300E+02  1.07800E+04
f  18   17 17   17  99  8.00000E+00  4.87980E+00
p  18   17 17   17  98  1.10760E+00 -1.87350E+00 -1.53280E-01  6.02060E-03  8.00000E+00  9.78500E+01  1.01800E+02  1.95700E+03
f  18    3 17   18  99  8.00000E+00  4.16560E+00
p  18    3 17   18  98  2.04480E+00 -2.27830E+00 -1.98060E-01  2.23290E-02  8.00000E+00  5.38800E+02  5.60300E+02  1.07800E+04
f  18   18 17   18  99  8.00000E+00  4.18390E+00
p  18   18 17   18  98  1.10760E+00 -1.87350E+00 -1.53280E-01  6.02060E-03  8.00000E+00  9.78500E+01  1.01800E+02  1.95700E+03
f  18    4 17   19  99  8.00000E+00  4.22800E+00
p  18    4 17   19  98  2.04480E+00 -2.27830E+00 -1.98060E-01  2.23290E-02  8.00000E+00  5.38800E+02  5.60300E+02  1.07800E+04
f  18   19 17   19  99  8.00000E+00  4.23400E+00
p  18   19 17   19  98  1.10760E+00 -1.87350E+00 -1.53280E-01  6.02060E-03  8.00000E+00  9.78500E+01  1.01800E+02  1.95700E+03
f  18    5 17   20  99  8.00000E+00  4.18000E+00
p  18    5 17   20  98  2.04480E+00 -2.27830E+00 -1.98060E-01  2.23290E-02  8.00000E+00  5.38800E+02  5.60300E+02  1.07800E+04
f  18   20 17   20  99  8.00000E+00  4.18400E+00
p  18   20 17   20  98  1.10760E+00 -1.87350E+00 -1.53280E-01  6.02060E-03  8.00000E+00  9.78500E+01  1.01800E+02  1.95700E+03
f  18    6 17   21  99  8.00000E+00  4.07820E+00
p  18    6 17   21  98  2.04480E+00 -2.27830E+00 -1.98060E-01  2.23290E-02  8.00000E+00  5.38800E+02  5.60300E+02  1.07800E+04
f  18   21 17   21  99  8.00000E+00  4.08720E+00
p  18   21 17   21  98  1.10760E+00 -1.87350E+00 -1.53280E-01  6.02060E-03  8.00000E+00  9.78500E+01  1.01800E+02  1.95700E+03
f  18    7 17   22  99  8.00000E+00  4.06420E+00
p  18    7 17   22  98  2.04480E+00 -2.27830E+00 -1.98060E-01  2.23290E-02  8.00000E+00  5.38800E+02  5.60300E+02  1.07800E+04
f  18   22 17   22  99  8.00000E+00  4.07120E+00
p  18   22 17   22  98  1.10760E+00 -1.87350E+00 -1.53280E-01  6.02060E-03  8.00000E+00  9.78500E+01  1.01800E+02  1.95700E+03
f  18    8 17   23  99  8.00000E+00  4.00170E+00
p  18    8 17   23  98  2.04480E+00 -2.27830E+00 -1.98060E-01  2.23290E-02  8.00000E+00  5.38800E+02  5.60300E+02  1.07800E+04
f  18   23 17   23  99  8.00000E+00  4.00170E+00
p  18   23 17   23  98  1.10760E+00 -1.87350E+00 -1.53280E-01  6.02060E-03  8.00000E+00  9.78500E+01  1.01800E+02  1.95700E+03
f  18    1 17   24  99  2.00000E+00  9.42000E+00
p  18    1 17   24  98  2.18460E+00 -2.48770E+00 -1.92430E-01  1.90660E-02  2.00000E+00  4.52000E+03  4.70100E+03  9.04000E+04
f  18   24 17   24  99  9.00000E+00  1.00640E+01
p  18   24 17   24  98  1.10760E+00 -1.87350E+00 -1.53280E-01  6.02060E-03  8.00000E+00  9.78500E+01  1.01800E+02  1.95700E+03
f  18   25 17   24  99  1.00000E+00  4.90300E+00
p  18   25 17   24  99  1.00000E+00  4.90300E+00
f  18   26 17   24  99  1.00000E+00  4.18300E+00
p  18   26 17   24  99  1.00000E+00  4.18300E+00
f  18   27 17   24  99  1.00000E+00  4.24300E+00
p  18   27 17   24  99  1.00000E+00  4.24300E+00
f  18   28 17   24  99  1.00000E+00  4.19300E+00
p  18   28 17   24  99  1.00000E+00  4.19300E+00
f  18   29 17   24  99  1.00000E+00  4.08810E+00
p  18   29 17   24  99  1.00000E+00  4.08810E+00
f  18   30 17   24  99  1.00000E+00  4.07210E+00
p  18   30 17   24  99  1.00000E+00  4.07210E+00
f  18   31 17   24  99  1.00000E+00  4.00170E+00
p  18   31 17   24  99  1.00000E+00  4.00170E+00
f  18    2 17   25  99  2.00000E+00  4.82310E+00
p  18    2 17   25  98  2.18460E+00 -2.48770E+00 -1.92430E-01  1.90660E-02  2.00000E+00  4.52000E+03  4.70100E+03  9.04000E+04
f  18   25 17   25  99  8.00000E+00  4.90300E+00
p  18   25 17   25  98  1.10760E+00 -1.87350E+00 -1.53280E-01  6.02060E-03  8.00000E+00  9.78500E+01  1.01800E+02  1.95700E+03
f  18    3 17   26  99  2.00000E+00  4.16560E+00
p  18    3 17   26  98  2.18460E+00 -2.48770E+00 -1.92430E-01  1.90660E-02  2.00000E+00  4.52000E+03  4.70100E+03  9.04000E+04
f  18   26 17   26  99  8.00000E+00  4.18300E+00
p  18   26 17   26  98  1.10760E+00 -1.87350E+00 -1.53280E-01  6.02060E-03  8.00000E+00  9.78500E+01  1.01800E+02  1.95700E+03
f  18    4 17   27  99  2.00000E+00  4.22800E+00
p  18    4 17   27  98  2.18460E+00 -2.48770E+00 -1.92430E-01  1.90660E-02  2.00000E+00  4.52000E+03  4.70100E+03  9.04000E+04
f  18   27 17   27  99  8.00000E+00  4.24300E+00
p  18   27 17   27  98  1.10760E+00 -1.87350E+00 -1.53280E-01  6.02060E-03  8.00000E+00  9.78500E+01  1.01800E+02  1.95700E+03
f  18    5 17   28  99  2.00000E+00  4.18000E+00
p  18    5 17   28  98  2.18460E+00 -2.48770E+00 -1.92430E-01  1.90660E-02  2.00000E+00  4.52000E+03  4.70100E+03  9.04000E+04
f  18   28 17   28  99  8.00000E+00  4.19300E+00
p  18   28 17   28  98  1.10760E+00 -1.87350E+00 -1.53280E-01  6.02060E-03  8.00000E+00  9.78500E+01  1.01800E+02  1.95700E+03
f  18    6 17   29  99  2.00000E+00  4.07820E+00
p  18    6 17   29  98  2.18460E+00 -2.48770E+00 -1.92430E-01  1.90660E-02  2.00000E+00  4.52000E+03  4.70100E+03  9.04000E+04
f  18   29 17   29  99  8.00000E+00  4.08810E+00
p  18   29 17   29  98  1.10760E+00 -1.87350E+00 -1.53280E-01  6.02060E-03  8.00000E+00  9.78500E+01  1.01800E+02  1.95700E+03
f  18    7 17   30  99  2.00000E+00  4.06420E+00
p  18    7 17   30  98  2.18460E+00 -2.48770E+00 -1.92430E-01  1.90660E-02  2.00000E+00  4.52000E+03  4.70100E+03  9.04000E+04
f  18   30 17   30  99  8.00000E+00  4.07210E+00
p  18   30 17   30  98  1.10760E+00 -1.87350E+00 -1.53280E-01  6.02060E-03  8.00000E+00  9.78500E+01  1.01800E+02  1.95700E+03
f  18    8 17   31  99  2.00000E+00  4.00170E+00
p  18    8 17   31  98  2.18460E+00 -2.48770E+00 -1.92430E-01  1.90660E-02  2.00000E+00  4.52000E+03  4.70100E+03  9.04000E+04
f  18   31 17   31  99  8.00000E+00  4.00170E+00
p  18   31 17   31  98  1.10760E+00 -1.87350E+00 -1.53280E-01  6.02060E-03  8.00000E+00  9.78500E+01  1.01800E+02  1.95700E+03
a  18    9 17    1   3.56567E+13
a  18   10 17    1   1.51087E+13
a  18   11 17    1   6.02200E+12
a  18   12 17    1   2.78617E+12
a  18   13 17    1   1.42907E+12
a  18   14 17    1   7.93033E+11
a  18   15 17    1   4.68267E+11
a  18   16 17    1   1.87631E+14
a  18   17 17    1   3.28740E+12
a  18   18 17    1   8.62320E+11
a  18   19 17    1   3.08820E+11
a  18   20 17    1   1.42878E+11
a  18   21 17    1   7.32840E+10
a  18   22 17    1   4.06680E+10
a  18   23 17    1   2.40132E+10
a  18   24 17    1   2.54423E+12
a  18   25 17    1   4.50240E+10
a  18   26 17    1   1.14100E+10
a  18   27 17    1   3.95640E+09
a  18   28 17    1   1.83048E+09
a  18   29 17    1   9.38880E+08
a  18   30 17    1   5.21000E+08
a  18   31 17    1   3.07652E+08
a  18   17 17    2   1.45935E+14
a  18   25 17    2   1.97884E+12
a  18   18 17    3   1.45935E+14
a  18   26 17    3   1.97884E+12
a  18   19 17    4   1.45935E+14
a  18   27 17    4   1.97884E+12
a  18   20 17    5   1.45935E+14
a  18   28 17    5   1.97884E+12
a  18   21 17    6   1.45935E+14
a  18   29 17    6   1.97884E+12
a  18   22 17    7   1.45935E+14
a  18   30 17    7   1.97884E+12
a  18   23 17    8   1.45935E+14
a  18   31 17    8   1.97884E+12
a  18   24 17   16   9.39024E+13
a  18   25 17   16   8.70680E+11
a  18   26 17   16   2.21156E+11
a  18   27 17   16   7.68040E+10
a  18   28 17   16   3.55352E+10
a  18   29 17   16   1.82264E+10
a  18   30 17   16   1.01144E+10
a  18   31 17   16   5.97240E+09
a  18   25 17   17   8.34688E+13
a  18   26 17   18   8.34688E+13
a  18   27 17   19   8.34688E+13
a  18   28 17   20   8.34688E+13
a  18   29 17   21   8.34688E+13
a  18   30 17   22   8.34688E+13
a  18   31 17   23   8.34688E+13
b  19    1 19    2  99  2.01419E-01  4.22741E-01  9.00848E-01 -2.79748E-01  1.99724E+00  1.16280E+00  1.16280E+00
b  19    1 19    3  99  2.19361E-01  3.93681E-01  1.00600E+00 -3.09552E-01  1.99972E+00  4.01400E-01  4.01400E-01
b  19    2 19    3  99  2.03631E-01  3.81340E-01  1.65052E+00 -2.46624E-01  3.92278E+00  8.10000E-01  8.10000E-01
b  19    1 19    4  99  5.09218E-01  6.35083E-01  2.45031E+00 -7.82469E-01  1.98008E+00  1.26450E-01  1.26450E-01
b  19    2 19    4  99  3.11034E-01  1.14463E+00  2.29981E+00 -1.23278E+00  3.40096E+00  9.13600E-02  9.13600E-02
b  19    3 19    4  99  2.19938E-01  4.57415E-01  1.75051E+00 -2.33855E-01  3.93115E+00  1.09700E+00  1.09700E+00
b  19    1 19    5  99  5.13743E-01  6.11750E-01  2.49355E+00 -7.80532E-01  2.00573E+00  7.62660E-02  7.62660E-02
b  19    2 19    5  99  3.49895E-01  1.65473E+00  2.45254E+00 -1.31437E+00  3.39149E+00  3.12500E-02  3.12500E-02
b  19    3 19    5  99  2.69684E-01  1.05611E+00  2.06222E+00 -2.09704E-01  4.10413E+00  1.48500E-01  1.48500E-01
b  19    4 19    5  99  1.96506E-01  6.09392E-01  1.42534E+00 -1.94611E-01  3.95450E+00  1.41200E+00  1.41200E+00
b  19    1 19    6  99  5.14001E-01  6.03948E-01  2.46661E+00 -7.57559E-01  1.98137E+00  4.97430E-02  4.97430E-02
b  19    2 19    6  99  3.75023E-01  2.02259E+00  2.55346E+00 -1.34246E+00  3.40780E+00  1.49600E-02  1.49600E-02
b  19    3 19    6  99  3.00927E-01  1.52159E+00  2.24997E+00 -1.94441E-01  4.21584E+00  5.07900E-02  5.07900E-02
b  19    4 19    6  99  2.50599E-01  1.04490E+00  1.86930E+00 -1.76309E-01  4.10981E+00  1.95100E-01  1.95100E-01
b  19    5 19    6  99  1.70791E-01  8.64678E-01  1.50926E+00  2.41269E+00  6.85331E+00  1.64400E+00  1.64400E+00
b  19    1 19    7  99  5.13927E-01  5.96283E-01  2.46429E+00 -7.56056E-01  1.98000E+00  3.43170E-02  3.43170E-02
b  19    2 19    7  99  3.99215E-01  2.25200E+00  2.90433E+00 -1.63938E+00  3.57424E+00  8.53700E-03  8.53700E-03
b  19    3 19    7  99  3.23453E-01  1.88461E+00  2.37687E+00 -2.98330E-02  4.34220E+00  2.41800E-02  2.41800E-02
b  19    4 19    7  99  2.76847E-01  1.50275E+00  1.98347E+00 -1.88517E-01  4.16011E+00  6.67400E-02  6.67400E-02
b  19    5 19    7  99  2.41141E-01  1.05426E+00  1.74950E+00 -1.62302E-01  4.08048E+00  2.30900E-01  2.30900E-01
b  19    6 19    7  99  1.48468E-01  1.03635E+00  1.29770E+00  2.61391E+00  7.67783E+00  1.85700E+00  1.85700E+00
b  19    1 19    8  99  5.13121E-01  5.91968E-01  2.45377E+00 -7.53173E-01  1.97573E+00  2.46870E-02  2.46870E-02
b  19    2 19    8  99  4.11149E-01  2.44530E+00  2.97126E+00 -1.66417E+00  3.61147E+00  5.42200E-03  5.42200E-03
b  19    3 19    8  99  3.39047E-01  2.17262E+00  2.40087E+00 -1.17846E-02  4.29854E+00  1.37300E-02  1.37300E-02
b  19    4 19    8  99  2.96391E-01  1.87205E+00  2.06877E+00 -1.57842E-01  4.20437E+00  3.17800E-02  3.17800E-02
b  19    5 19    8  99  2.69317E-01  1.50014E+00  1.90251E+00 -1.62205E-01  4.15732E+00  7.88800E-02  7.88800E-02
b  19    6 19    8  99  2.14239E-01  1.37262E+00  1.77882E+00  2.59395E+00  6.64967E+00  2.63300E-01  2.63300E-01
b  19    7 19    8  99  2.51370E-02  1.51775E-01  2.04100E-01  3.17084E-01  6.69457E+00  1.20700E+01  1.20700E+01
b  19    1 19    9  98  0.00000E+00  0.00000E+00  0.00000E+00  0.00000E+00  0.00000E+00  8.00968E-02  1.60194E-03
b  19    2 19    9  99  2.01419E-01  4.22741E-01  9.00848E-01 -2.79748E-01  1.99724E+00  1.00130E+00  1.00130E+00
b  19    1 19   10  98  0.00000E+00  0.00000E+00  0.00000E+00  0.00000E+00  0.00000E+00  1.25793E-01  2.51587E-03
b  19    2 19   10  99  2.19361E-01  3.93681E-01  1.00600E+00 -3.09552E-01  1.99972E+00  3.56800E-01  3.56800E-01
b  19    3 19   10  99  2.01419E-01  4.22741E-01  9.00848E-01 -2.79748E-01  1.99724E+00  1.03360E+00  1.03360E+00
b  19    9 19   10  99  2.03631E-01  3.81340E-01  1.65052E+00 -2.46624E-01  3.92278E+00  1.62000E+00  1.62000E+00
b  19    1 19   11  98  0.00000E+00  0.00000E+00  0.00000E+00  0.00000E+00  0.00000E+00  1.73977E-01  3.47955E-03
b  19    2 19   11  99  5.09218E-01  6.35083E-01  2.45031E+00 -7.82469E-01  1.98008E+00  1.12400E-01  1.12400E-01
b  19    4 19   11  99  2.01419E-01  4.22741E-01  9.00848E-01 -2.79748E-01  1.99724E+00  1.03360E+00  1.03360E+00
b  19    9 19   11  99  3.11034E-01  1.14463E+00  2.29981E+00 -1.23278E+00  3.40096E+00  1.82720E-01  1.82720E-01
b  19   10 19   11  99  2.19938E-01  4.57415E-01  1.75051E+00 -2.33855E-01  3.93115E+00  1.09700E+00  1.09700E+00
b  19    1 19   12  98  0.00000E+00  0.00000E+00  0.00000E+00  0.00000E+00  0.00000E+00  2.29739E-01  4.59478E-03
b  19    2 19   12  99  5.13743E-01  6.11750E-01  2.49355E+00 -7.80532E-01  2.00573E+00  6.77920E-02  6.77920E-02
b  19    5 19   12  99  2.01419E-01  4.22741E-01  9.00848E-01 -2.79748E-01  1.99724E+00  1.03360E+00  1.03360E+00
b  19    9 19   12  99  3.49895E-01  1.65473E+00  2.45254E+00 -1.31437E+00  3.39149E+00  6.25000E-02  6.25000E-02
b  19   10 19   12  99  2.69684E-01  1.05611E+00  2.06222E+00 -2.09704E-01  4.10413E+00  1.48500E-01  1.48500E-01
b  19   11 19   12  99  1.96506E-01  6.09392E-01  1.42534E+00 -1.94611E-01  3.95450E+00  1.41200E+00  1.41200E+00
b  19    1 19   13  98  0.00000E+00  0.00000E+00  0.00000E+00  0.00000E+00  0.00000E+00  2.93809E-01  5.87619E-03
b  19    2 19   13  99  5.14001E-01  6.03948E-01  2.46661E+00 -7.57559E-01  1.98137E+00  4.42160E-02  4.42160E-02
b  19    6 19   13  99  2.01419E-01  4.22741E-01  9.00848E-01 -2.79748E-01  1.99724E+00  1.03360E+00  1.03360E+00
b  19    9 19   13  99  3.75023E-01  2.02259E+00  2.55346E+00 -1.34246E+00  3.40780E+00  2.99200E-02  2.99200E-02
b  19   10 19   13  99  3.00927E-01  1.52159E+00  2.24997E+00 -1.94441E-01  4.21584E+00  5.07900E-02  5.07900E-02
b  19   11 19   13  99  2.50599E-01  1.04490E+00  1.86930E+00 -1.76309E-01  4.10981E+00  1.95100E-01  1.95100E-01
b  19   12 19   13  99  1.70791E-01  8.64678E-01  1.50926E+00  2.41269E+00  6.85331E+00  1.64400E+00  1.64400E+00
b  19    1 19   14  98  0.00000E+00  0.00000E+00  0.00000E+00  0.00000E+00  0.00000E+00  3.67600E-01  7.35199E-03
b  19    2 19   14  99  5.13927E-01  5.96283E-01  2.46429E+00 -7.56056E-01  1.98000E+00  3.05040E-02  3.05040E-02
b  19    7 19   14  99  2.01419E-01  4.22741E-01  9.00848E-01 -2.79748E-01  1.99724E+00  1.03360E+00  1.03360E+00
b  19    9 19   14  99  3.99215E-01  2.25200E+00  2.90433E+00 -1.63938E+00  3.57424E+00  1.70740E-02  1.70740E-02
b  19   10 19   14  99  3.23453E-01  1.88461E+00  2.37687E+00 -2.98330E-02  4.34220E+00  2.41800E-02  2.41800E-02
b  19   11 19   14  99  2.76847E-01  1.50275E+00  1.98347E+00 -1.88517E-01  4.16011E+00  6.67400E-02  6.67400E-02
b  19   12 19   14  99  2.41141E-01  1.05426E+00  1.74950E+00 -1.62302E-01  4.08048E+00  2.30900E-01  2.30900E-01
b  19   13 19   14  99  1.48468E-01  1.03635E+00  1.29770E+00  2.61391E+00  7.67783E+00  1.85700E+00  1.85700E+00
b  19    1 19   15  98  0.00000E+00  0.00000E+00  0.00000E+00  0.00000E+00  0.00000E+00  4.49602E-01  8.99204E-03
b  19    2 19   15  99  5.13121E-01  5.91968E-01  2.45377E+00 -7.53173E-01  1.97573E+00  2.19440E-02  2.19440E-02
b  19    8 19   15  99  2.01419E-01  4.22741E-01  9.00848E-01 -2.79748E-01  1.99724E+00  1.03360E+00  1.03360E+00
b  19    9 19   15  99  4.11149E-01  2.44530E+00  2.97126E+00 -1.66417E+00  3.61147E+00  1.08440E-02  1.08440E-02
b  19   10 19   15  99  3.39047E-01  2.17262E+00  2.40087E+00 -1.17846E-02  4.29854E+00  1.37300E-02  1.37300E-02
b  19   11 19   15  99  2.96391E-01  1.87205E+00  2.06877E+00 -1.57842E-01  4.20437E+00  3.17800E-02  3.17800E-02
b  19   12 19   15  99  2.69317E-01  1.50014E+00  1.90251E+00 -1.62205E-01  4.15732E+00  7.88800E-02  7.88800E-02
b  19   13 19   15  99  2.14239E-01  1.37262E+00  1.77882E+00  2.59395E+00  6.64967E+00  2.63300E-01  2.63300E-01
b  19   14 19   15  99  2.51370E-02  1.51775E-01  2.04100E-01  3.17084E-01  6.69457E+00  1.20700E+01  1.20700E+01
b  19    1 19   16  99  1.05519E-01  1.26946E+00 -9.84969E+00  3.05964E+01  8.53109E+00  5.18400E-01  5.18400E-01
b  19    1 19   17  99  8.11679E-02  1.10191E+00 -1.92538E+01  9.32681E+01  2.00000E+01  1.74160E-01  1.74160E-01
b  19    2 19   17  99  1.05519E-01  1.26946E+00 -9.84969E+00  3.05964E+01  8.53109E+00  5.76000E-01  5.76000E-01
b  19   16 19   17  99  2.01419E-01  4.22741E-01  9.00848E-01 -2.79748E-01  1.99724E+00  1.29200E+00  1.29200E+00
b  19    1 19   18  99  8.61985E-02  1.16338E+00 -1.99417E+01  8.87469E+01  2.00000E+01  7.09280E-02  7.09280E-02
b  19    3 19   18  99  1.05519E-01  1.26946E+00 -9.84969E+00  3.05964E+01  8.53109E+00  5.76000E-01  5.76000E-01
b  19   16 19   18  99  2.19361E-01  3.93681E-01  1.00600E+00 -3.09552E-01  1.99972E+00  4.46000E-01  4.46000E-01
b  19   17 19   18  99  2.03631E-01  3.81340E-01  1.65052E+00 -2.46624E-01  3.92278E+00  8.10000E-01  8.10000E-01
b  19    1 19   19  99  1.04419E-01  1.44871E+00 -2.79129E+01  1.55600E+02  2.00000E+01  3.30880E-02  3.30880E-02
b  19    4 19   19  99  1.05519E-01  1.26946E+00 -9.84969E+00  3.05964E+01  8.53109E+00  5.76000E-01  5.76000E-01
b  19   16 19   19  99  5.09218E-01  6.35083E-01  2.45031E+00 -7.82469E-01  1.98008E+00  1.40500E-01  1.40500E-01
b  19   17 19   19  99  3.11034E-01  1.14463E+00  2.29981E+00 -1.23278E+00  3.40096E+00  9.13600E-02  9.13600E-02
b  19   18 19   19  99  2.19938E-01  4.57415E-01  1.75051E+00 -2.33855E-01  3.93115E+00  1.09700E+00  1.09700E+00
b  19    1 19   20  99  1.01934E-01  1.41762E+00 -2.69918E+01  1.45353E+02  2.00000E+01  1.93520E-02  1.93520E-02
b  19    5 19   20  99  1.05519E-01  1.26946E+00 -9.84969E+00  3.05964E+01  8.53109E+00  5.76000E-01  5.76000E-01
b  19   16 19   20  99  5.13743E-01  6.11750E-01  2.49355E+00 -7.80532E-01  2.00573E+00  8.47400E-02  8.47400E-02
b  19   17 19   20  99  3.49895E-01  1.65473E+00  2.45254E+00 -1.31437E+00  3.39149E+00  3.12500E-02  3.12500E-02
b  19   18 19   20  99  2.69684E-01  1.05611E+00  2.06222E+00 -2.09704E-01  4.10413E+00  1.48500E-01  1.48500E-01
b  19   19 19   20  99  1.96506E-01  6.09392E-01  1.42534E+00 -1.94611E-01  3.95450E+00  1.41200E+00  1.41200E+00
b  19    1 19   21  99  1.00897E-01  1.39920E+00 -2.66772E+01  1.43661E+02  2.00000E+01  1.23200E-02  1.23200E-02
b  19    6 19   21  99  1.05519E-01  1.26946E+00 -9.84969E+00  3.05964E+01  8.53109E+00  5.76000E-01  5.76000E-01
b  19   16 19   21  99  5.14001E-01  6.03948E-01  2.46661E+00 -7.57559E-01  1.98137E+00  5.52700E-02  5.52700E-02
b  19   17 19   21  99  3.75023E-01  2.02259E+00  2.55346E+00 -1.34246E+00  3.40780E+00  1.49600E-02  1.49600E-02
b  19   18 19   21  99  3.00927E-01  1.52159E+00  2.24997E+00 -1.94441E-01  4.21584E+00  5.07900E-02  5.07900E-02
b  19   19 19   21  99  2.50599E-01  1.04490E+00  1.86930E+00 -1.76309E-01  4.10981E+00  1.95100E-01  1.95100E-01
b  19   20 19   21  99  1.70791E-01  8.64678E-01  1.50926E+00  2.41269E+00  6.85331E+00  1.64400E+00  1.64400E+00
b  19    1 19   22  99  9.93830E-02  1.38252E+00 -2.61298E+01  1.37199E+02  2.00000E+01  8.33600E-03  8.33600E-03
b  19    7 19   22  99  1.05519E-01  1.26946E+00 -9.84969E+00  3.05964E+01  8.53109E+00  5.76000E-01  5.76000E-01
b  19   16 19   22  99  5.13927E-01  5.96283E-01  2.46429E+00 -7.56056E-01  1.98000E+00  3.81300E-02  3.81300E-02
b  19   17 19   22  99  3.99215E-01  2.25200E+00  2.90433E+00 -1.63938E+00  3.57424E+00  8.53700E-03  8.53700E-03
b  19   18 19   22  99  3.23453E-01  1.88461E+00  2.37687E+00 -2.98330E-02  4.34220E+00  2.41800E-02  2.41800E-02
b  19   19 19   22  99  2.76847E-01  1.50275E+00  1.98347E+00 -1.88517E-01  4.16011E+00  6.67400E-02  6.67400E-02
b  19   20 19   22  99  2.41141E-01  1.05426E+00  1.74950E+00 -1.62302E-01  4.08048E+00  2.30900E-01  2.30900E-01
b  19   21 19   22  99  1.48468E-01  1.03635E+00  1.29770E+00  2.61391E+00  7.67783E+00  1.85700E+00  1.85700E+00
b  19    1 19   23  99  9.91271E-02  1.37430E+00 -2.61392E+01  1.39204E+02  2.00000E+01  5.90160E-03  5.90160E-03
b  19    8 19   23  99  1.05519E-01  1.26946E+00 -9.84969E+00  3.05964E+01  8.53109E+00  5.76000E-01  5.76000E-01
b  19   16 19   23  99  5.13121E-01  5.91968E-01  2.45377E+00 -7.53173E-01  1.97573E+00  2.74300E-02  2.74300E-02
b  19   17 19   23  99  4.11149E-01  2.44530E+00  2.97126E+00 -1.66417E+00  3.61147E+00  5.42200E-03  5.42200E-03
b  19   18 19   23  99  3.39047E-01  2.17262E+00  2.40087E+00 -1.17846E-02  4.29854E+00  1.37300E-02  1.37300E-02
b  19   19 19   23  99  2.96391E-01  1.87205E+00  2.06877E+00 -1.57842E-01  4.20437E+00  3.17800E-02  3.17800E-02
b  19   20 19   23  99  2.69317E-01  1.50014E+00  1.90251E+00 -1.62205E-01  4.15732E+00  7.88800E-02  7.88800E-02
b  19   21 19   23  99  2.14239E-01  1.37262E+00  1.77882E+00  2.59395E+00  6.64967E+00  2.63300E-01  2.63300E-01
b  19   22 19   23  99  2.51370E-02  1.51775E-01  2.04100E-01  3.17084E-01  6.69457E+00  1.20700E+01  1.20700E+01
b  19    1 19   24  99  3.29124E-01  4.24108E-01 -5.95652E+00  2.75240E+01  4.21786E+00  2.57400E-02  2.57400E-02
b  19   16 19   24  99  3.34444E-01  3.02059E-01 -5.47297E+00  2.72175E+01  4.19935E+00  6.99500E-02  6.99500E-02
b  19    1 19   25  99  3.68923E-01  5.96966E-01 -7.50823E+00  3.31691E+01  4.30416E+00  5.51000E-03  5.51000E-03
b  19    2 19   25  99  3.29124E-01  4.24108E-01 -5.95652E+00  2.75240E+01  4.21786E+00  2.86000E-02  2.86000E-02
b  19   17 19   25  99  3.34444E-01  3.02059E-01 -5.47297E+00  2.72175E+01  4.19935E+00  6.99500E-02  6.99500E-02
b  19   24 19   25  99  2.01419E-01  4.22741E-01  9.00848E-01 -2.79748E-01  1.99724E+00  1.29200E+00  1.29200E+00
b  19    1 19   26  99  3.74385E-01  5.73227E-01 -7.31714E+00  3.24609E+01  4.25231E+00  2.11400E-03  2.11400E-03
b  19    3 19   26  99  3.29124E-01  4.24108E-01 -5.95652E+00  2.75240E+01  4.21786E+00  2.86000E-02  2.86000E-02
b  19   18 19   26  99  3.34444E-01  3.02059E-01 -5.47297E+00  2.72175E+01  4.19935E+00  6.99500E-02  6.99500E-02
b  19   24 19   26  99  2.19361E-01  3.93681E-01  1.00600E+00 -3.09552E-01  1.99972E+00  4.46000E-01  4.46000E-01
b  19   25 19   26  99  2.03631E-01  3.81340E-01  1.65052E+00 -2.46624E-01  3.92278E+00  8.10000E-01  8.10000E-01
b  19    1 19   27  99  3.82970E-01  6.04191E-01 -7.79687E+00  3.43820E+01  4.28582E+00  9.82200E-04  9.82200E-04
b  19    4 19   27  99  3.29124E-01  4.24108E-01 -5.95652E+00  2.75240E+01  4.21786E+00  2.86000E-02  2.86000E-02
b  19   19 19   27  99  3.34444E-01  3.02059E-01 -5.47297E+00  2.72175E+01  4.19935E+00  6.99500E-02  6.99500E-02
b  19   24 19   27  99  5.09218E-01  6.35083E-01  2.45031E+00 -7.82469E-01  1.98008E+00  1.40500E-01  1.40500E-01
b  19   25 19   27  99  3.11034E-01  1.14463E+00  2.29981E+00 -1.23278E+00  3.40096E+00  9.13600E-02  9.13600E-02
b  19   26 19   27  99  2.19938E-01  4.57415E-01  1.75051E+00 -2.33855E-01  3.93115E+00  1.09700E+00  1.09700E+00
b  19    1 19   28  99  3.71306E-01  5.93474E-01 -7.69481E+00  3.39741E+01  4.31363E+00  5.54800E-04  5.54800E-04
b  19    5 19   28  99  3.29124E-01  4.24108E-01 -5.95652E+00  2.75240E+01  4.21786E+00  2.86000E-02  2.86000E-02
b  19   20 19   28  99  3.34444E-01  3.02059E-01 -5.47297E+00  2.72175E+01  4.19935E+00  6.99500E-02  6.99500E-02
b  19   24 19   28  99  5.13743E-01  6.11750E-01  2.49355E+00 -7.80532E-01  2.00573E+00  8.47400E-02  8.47400E-02
b  19   25 19   28  99  3.49895E-01  1.65473E+00  2.45254E+00 -1.31437E+00  3.39149E+00  3.12500E-02  3.12500E-02
b  19   26 19   28  99  2.69684E-01  1.05611E+00  2.06222E+00 -2.09704E-01  4.10413E+00  1.48500E-01  1.48500E-01
b  19   27 19   28  99  1.96506E-01  6.09392E-01  1.42534E+00 -1.94611E-01  3.95450E+00  1.41200E+00  1.41200E+00
b  19    1 19   29  99  3.68460E-01  5.71486E-01 -7.52171E+00  3.34591E+01  4.30900E+00  3.43800E-04  3.43800E-04
b  19    6 19   29  99  3.29124E-01  4.24108E-01 -5.95652E+00  2.75240E+01  4.21786E+00  2.86000E-02  2.86000E-02
b  19   21 19   29  99  3.34444E-01  3.02059E-01 -5.47297E+00  2.72175E+01  4.19935E+00  6.99500E-02  6.99500E-02
b  19   24 19   29  99  5.14001E-01  6.03948E-01  2.46661E+00 -7.57559E-01  1.98137E+00  5.52700E-02  5.52700E-02
b  19   25 19   29  99  3.75023E-01  2.02259E+00  2.55346E+00 -1.34246E+00  3.40780E+00  1.49600E-02  1.49600E-02
b  19   26 19   29  99  3.00927E-01  1.52159E+00  2.24997E+00 -1.94441E-01  4.21584E+00  5.07900E-02  5.07900E-02
b  19   27 19   29  99  2.50599E-01  1.04490E+00  1.86930E+00 -1.76309E-01  4.10981E+00  1.95100E-01  1.95100E-01
b  19   28 19   29  99  1.70791E-01  8.64678E-01  1.50926E+00  2.41269E+00  6.85331E+00  1.64400E+00  1.64400E+00
b  19    1 19   30  99  3.60427E-01  5.80256E-01 -7.58005E+00  3.35388E+01  4.33755E+00  2.27600E-04  2.27600E-04
b  19    7 19   30  99  3.29124E-01  4.24108E-01 -5.95652E+00  2.75240E+01  4.21786E+00  2.86000E-02  2.86000E-02
b  19   22 19   30  99  3.34444E-01  3.02059E-01 -5.47297E+00  2.72175E+01  4.19935E+00  6.99500E-02  6.99500E-02
b  19   24 19   30  99  5.13927E-01  5.96283E-01  2.46429E+00 -7.56056E-01  1.98000E+00  3.81300E-02  3.81300E-02
b  19   25 19   30  99  3.99215E-01  2.25200E+00  2.90433E+00 -1.63938E+00  3.57424E+00  8.53700E-03  8.53700E-03
b  19   26 19   30  99  3.23453E-01  1.88461E+00  2.37687E+00 -2.98330E-02  4.34220E+00  2.41800E-02  2.41800E-02
b  19   27 19   30  99  2.76847E-01  1.50275E+00  1.98347E+00 -1.88517E-01  4.16011E+00  6.67400E-02  6.67400E-02
b  19   28 19   30  99  2.41141E-01  1.05426E+00  1.74950E+00 -1.62302E-01  4.08048E+00  2.30900E-01  2.30900E-01
b  19   29 19   30  99  1.48468E-01  1.03635E+00  1.29770E+00  2.61391E+00  7.67783E+00  1.85700E+00  1.85700E+00
b  19    1 19   31  99  3.57397E-01  5.70466E-01 -7.43022E+00  3.28364E+01  4.31998E+00  1.58260E-04  1.58260E-04
b  19    8 19   31  99  3.29124E-01  4.24108E-01 -5.95652E+00  2.75240E+01  4.21786E+00  2.86000E-02  2.86000E-02
b  19   23 19   31  99  3.34444E-01  3.02059E-01 -5.47297E+00  2.72175E+01  4.19935E+00  6.99500E-02  6.99500E-02
b  19   24 19   31  99  5.13121E-01  5.91968E-01  2.45377E+00 -7.53173E-01  1.97573E+00  2.74300E-02  2.74300E-02
b  19   25 19   31  99  4.11149E-01  2.44530E+00  2.97126E+00 -1.66417E+00  3.61147E+00  5.42200E-03  5.42200E-03
b  19   26 19   31  99  3.39047E-01  2.17262E+00  2.40087E+00 -1.17846E-02  4.29854E+00  1.37300E-02  1.37300E-02
b  19   27 19   31  99  2.96391E-01  1.87205E+00  2.06877E+00 -1.57842E-01  4.20437E+00  3.17800E-02  3.17800E-02
b  19   28 19   31  99  2.69317E-01  1.50014E+00  1.90251E+00 -1.62205E-01  4.15732E+00  7.88800E-02  7.88800E-02
b  19   29 19   31  99  2.14239E-01  1.37262E+00  1.77882E+00  2.59395E+00  6.64967E+00  2.63300E-01  2.63300E-01
b  19   30 19   31  99  2.51370E-02  1.51775E-01  2.04100E-01  3.17084E-01  6.69457E+00  1.20700E+01  1.20700E+01
f  19    1 18    1  99  9.00000E+00  9.08000E+00
p  19    1 18    1  98  1.09760E+00 -1.73310E+00 -1.75400E-01  7.12870E-03  9.00000E+00  8.19200E+01  8.52000E+01  1.63800E+03
f  19    2 18    1  99  1.00000E+00  3.90760E+00
p  19    2 18    1  99  1.00000E+00  3.90760E+00
f  19    3 18    1  99  1.00000E+00  3.18600E+00
p  19    3 18    1  99  1.00000E+00  3.18600E+00
f  19    4 18    1  99  1.00000E+00  3.24600E+00
p  19    4 18    1  99  1.00000E+00  3.24600E+00
f  19    5 18    1  99  1.00000E+00  3.19400E+00
p  19    5 18    1  99  1.00000E+00  3.19400E+00
f  19    6 18    1  99  1.00000E+00  3.08820E+00
p  19    6 18    1  99  1.00000E+00  3.08820E+00
f  19    7 18    1  99  1.00000E+00  3.07220E+00
p  19    7 18    1  99  1.00000E+00  3.07220E+00
f  19    8 18    1  99  1.00000E+00  3.00180E+00
p  19    8 18    1  99  1.00000E+00  3.00180E+00
f  19    2 18    2  99  8.00000E+00  3.90760E+00
p  19    2 18    2  98  1.09760E+00 -1.73310E+00 -1.75400E-01  7.12870E-03  9.00000E+00  8.19200E+01  8.52000E+01  1.63800E+03
f  19    9 18    2  99  2.00000E+00  4.46810E+00
p  19    9 18    2  99  2.00000E+00  4.46810E+00
f  19   10 18    2  99  1.00000E+00  3.24560E+00
p  19   10 18    2  99  1.00000E+00  3.24560E+00
f  19   11 18    2  99  1.00000E+00  3.26800E+00
p  19   11 18    2  99  1.00000E+00  3.26800E+00
f  19   12 18    2  99  1.00000E+00  3.20500E+00
p  19   12 18    2  99  1.00000E+00  3.20500E+00
f  19   13 18    2  99  1.00000E+00  3.09520E+00
p  19   13 18    2  99  1.00000E+00  3.09520E+00
f  19   14 18    2  99  1.00000E+00  3.07820E+00
p  19   14 18    2  99  1.00000E+00  3.07820E+00
f  19   15 18    2  99  1.00000E+00  3.01170E+00
p  19   15 18    2  99  1.00000E+00  3.01170E+00
f  19    3 18    3  99  8.00000E+00  3.18600E+00
p  19    3 18    3  98  1.09760E+00 -1.73310E+00 -1.75400E-01  7.12870E-03  9.00000E+00  8.19200E+01  8.52000E+01  1.63800E+03
f  19   10 18    3  99  1.00000E+00  3.24560E+00
p  19   10 18    3  99  1.00000E+00  3.24560E+00
f  19    4 18    4  99  8.00000E+00  3.24600E+00
p  19    4 18    4  98  1.09760E+00 -1.73310E+00 -1.75400E-01  7.12870E-03  9.00000E+00  8.19200E+01  8.52000E+01  1.63800E+03
f  19   11 18    4  99  1.00000E+00  3.26800E+00
p  19   11 18    4  99  1.00000E+00  3.26800E+00
f  19    5 18    5  99  8.00000E+00  3.19400E+00
p  19    5 18    5  98  1.09760E+00 -1.73310E+00 -1.75400E-01  7.12870E-03  9.00000E+00  8.19200E+01  8.52000E+01  1.63800E+03
f  19   12 18    5  99  1.00000E+00  3.20500E+00
p  19   12 18    5  99  1.00000E+00  3.20500E+00
f  19    6 18    6  99  8.00000E+00  3.08820E+00
p  19    6 18    6  98  1.09760E+00 -1.73310E+00 -1.75400E-01  7.12870E-03  9.00000E+00  8.19200E+01  8.52000E+01  1.63800E+03
f  19   13 18    6  99  1.00000E+00  3.09520E+00
p  19   13 18    6  99  1.00000E+00  3.09520E+00
f  19    7 18    7  99  8.00000E+00  3.07220E+00
p  19    7 18    7  98  1.09760E+00 -1.73310E+00 -1.75400E-01  7.12870E-03  9.00000E+00  8.19200E+01  8.52000E+01  1.63800E+03
f  19   14 18    7  99  1.00000E+00  3.07820E+00
p  19   14 18    7  99  1.00000E+00  3.07820E+00
f  19    8 18    8  99  8.00000E+00  3.00180E+00
p  19    8 18    8  98  1.09760E+00 -1.73310E+00 -1.75400E-01  7.12870E-03  9.00000E+00  8.19200E+01  8.52000E+01  1.63800E+03
f  19   15 18    8  99  1.00000E+00  3.01170E+00
p  19   15 18    8  99  1.00000E+00  3.01170E+00
f  19    9 18    9  99  7.00000E+00  4.46810E+00
p  19    9 18    9  98  1.09760E+00 -1.73310E+00 -1.75400E-01  7.12870E-03  9.00000E+00  8.19200E+01  8.52000E+01  1.63800E+03
f  19   10 18   10  99  7.00000E+00  3.24560E+00
p  19   10 18   10  98  1.09760E+00 -1.73310E+00 -1.75400E-01  7.12870E-03  9.00000E+00  8.19200E+01  8.52000E+01  1.63800E+03
f  19   11 18   11  99  7.00000E+00  3.26800E+00
p  19   11 18   11  98  1.09760E+00 -1.73310E+00 -1.75400E-01  7.12870E-03  9.00000E+00  8.19200E+01  8.52000E+01  1.63800E+03
f  19   12 18   12  99  7.00000E+00  3.20500E+00
p  19   12 18   12  98  1.09760E+00 -1.73310E+00 -1.75400E-01  7.12870E-03  9.00000E+00  8.19200E+01  8.52000E+01  1.63800E+03
f  19   13 18   13  99  7.00000E+00  3.09520E+00
p  19   13 18   13  98  1.09760E+00 -1.73310E+00 -1.75400E-01  7.12870E-03  9.00000E+00  8.19200E+01  8.52000E+01  1.63800E+03
f  19   14 18   14  99  7.00000E+00  3.07820E+00
p  19   14 18   14  98  1.09760E+00 -1.73310E+00 -1.75400E-01  7.12870E-03  9.00000E+00  8.19200E+01  8.52000E+01  1.63800E+03
f  19   15 18   15  99  7.00000E+00  3.01170E+00
p  19   15 18   15  98  1.09760E+00 -1.73310E+00 -1.75400E-01  7.12870E-03  9.00000E+00  8.19200E+01  8.52000E+01  1.63800E+03
f  19    1 18   16  99  8.00000E+00  9.08000E+00
p  19    1 18   16  98  2.08080E+00 -2.24760E+00 -2.12190E-01  2.46880E-02  8.00000E+00  5.20600E+02  5.41400E+02  1.04100E+04
f  19   16 18   16  99  1.00000E+01  9.64400E+00
p  19   16 18   16  98  1.09760E+00 -1.73310E+00 -1.75400E-01  7.12870E-03  9.00000E+00  8.19200E+01  8.52000E+01  1.63800E+03
f  19   17 18   16  99  1.00000E+00  3.96430E+00
p  19   17 18   16  99  1.00000E+00  3.96430E+00
f  19   18 18   16  99  1.00000E+00  3.20430E+00
p  19   18 18   16  99  1.00000E+00  3.20430E+00
f  19   19 18   16  99  1.00000E+00  3.25200E+00
p  19   19 18   16  99  1.00000E+00  3.25200E+00
f  19   20 18   16  99  1.00000E+00  3.19800E+00
p  19   20 18   16  99  1.00000E+00  3.19800E+00
f  19   21 18   16  99  1.00000E+00  3.09720E+00
p  19   21 18   16  99  1.00000E+00  3.09720E+00
f  19   22 18   16  99  1.00000E+00  3.07920E+00
p  19   22 18   16  99  1.00000E+00  3.07920E+00
f  19   23 18   16  99  1.00000E+00  3.00180E+00
p  19   23 18   16  99  1.00000E+00  3.00180E+00
f  19    2 18   17  99  8.00000E+00  3.90760E+00
p  19    2 18   17  98  2.08080E+00 -2.24760E+00 -2.12190E-01  2.46880E-02  8.00000E+00  5.20600E+02  5.41400E+02  1.04100E+04
f  19   17 18   17  99  9.00000E+00  3.96430E+00
p  19   17 18   17  98  1.09760E+00 -1.73310E+00 -1.75400E-01  7.12870E-03  9.00000E+00  8.19200E+01  8.52000E+01  1.63800E+03
f  19    3 18   18  99  8.00000E+00  3.18600E+00
p  19    3 18   18  98  2.08080E+00 -2.24760E+00 -2.12190E-01  2.46880E-02  8.00000E+00  5.20600E+02  5.41400E+02  1.04100E+04
f  19   18 18   18  99  9.00000E+00  3.20430E+00
p  19   18 18   18  98  1.09760E+00 -1.73310E+00 -1.75400E-01  7.12870E-03  9.00000E+00  8.19200E+01  8.52000E+01  1.63800E+03
f  19    4 18   19  99  8.00000E+00  3.24600E+00
p  19    4 18   19  98  2.08080E+00 -2.24760E+00 -2.12190E-01  2.46880E-02  8.00000E+00  5.20600E+02  5.41400E+02  1.04100E+04
f  19   19 18   19  99  9.00000E+00  3.25200E+00
p  19   19 18   19  98  1.09760E+00 -1.73310E+00 -1.75400E-01  7.12870E-03  9.00000E+00  8.19200E+01  8.52000E+01  1.63800E+03
f  19    5 18   20  99  8.00000E+00  3.19400E+00
p  19    5 18   20  98  2.08080E+00 -2.24760E+00 -2.12190E-01  2.46880E-02  8.00000E+00  5.20600E+02  5.41400E+02  1.04100E+04
f  19   20 18   20  99  9.00000E+00  3.19800E+00
p  19   20 18   20  98  1.09760E+00 -1.73310E+00 -1.75400E-01  7.12870E-03  9.00000E+00  8.19200E+01  8.52000E+01  1.63800E+03
f  19    6 18   21  99  8.00000E+00  3.08820E+00
p  19    6 18   21  98  2.08080E+00 -2.24760E+00 -2.12190E-01  2.46880E-02  8.00000E+00  5.20600E+02  5.41400E+02  1.04100E+04
f  19   21 18   21  99  9.00000E+00  3.09720E+00
p  19   21 18   21  98  1.09760E+00 -1.73310E+00 -1.75400E-01  7.12870E-03  9.00000E+00  8.19200E+01  8.52000E+01  1.63800E+03
f  19    7 18   22  99  8.00000E+00  3.07220E+00
p  19    7 18   22  98  2.08080E+00 -2.24760E+00 -2.12190E-01  2.46880E-02  8.00000E+00  5.20600E+02  5.41400E+02  1.04100E+04
f  19   22 18   22  99  9.00000E+00  3.07920E+00
p  19   22 18   22  98  1.09760E+00 -1.73310E+00 -1.75400E-01  7.12870E-03  9.00000E+00  8.19200E+01  8.52000E+01  1.63800E+03
f  19    8 18   23  99  8.00000E+00  3.00180E+00
p  19    8 18   23  98  2.08080E+00 -2.24760E+00 -2.12190E-01  2.46880E-02  8.00000E+00  5.20600E+02  5.41400E+02  1.04100E+04
f  19   23 18   23  99  9.00000E+00  3.00180E+00
p  19   23 18   23  98  1.09760E+00 -1.73310E+00 -1.75400E-01  7.12870E-03  9.00000E+00  8.19200E+01  8.52000E+01  1.63800E+03
f  19    1 18   24  99  2.00000E+00  9.08000E+00
p  19    1 18   24  98  2.19250E+00 -2.49040E+00 -1.89880E-01  1.85510E-02  2.00000E+00  4.50100E+03  4.68100E+03  9.00200E+04
f  19   24 18   24  99  1.00000E+01  9.72400E+00
p  19   24 18   24  98  1.09760E+00 -1.73310E+00 -1.75400E-01  7.12870E-03  9.00000E+00  8.19200E+01  8.52000E+01  1.63800E+03
f  19   25 18   24  99  1.00000E+00  3.98750E+00
p  19   25 18   24  99  1.00000E+00  3.98750E+00
f  19   26 18   24  99  1.00000E+00  3.20340E+00
p  19   26 18   24  99  1.00000E+00  3.20340E+00
f  19   27 18   24  99  1.00000E+00  3.26100E+00
p  19   27 18   24  99  1.00000E+00  3.26100E+00
f  19   28 18   24  99  1.00000E+00  3.20700E+00
p  19   28 18   24  99  1.00000E+00  3.20700E+00
f  19   29 18   24  99  1.00000E+00  3.09810E+00
p  19   29 18   24  99  1.00000E+00  3.09810E+00
f  19   30 18   24  99  1.00000E+00  3.08010E+00
p  19   30 18   24  99  1.00000E+00  3.08010E+00
f  19   31 18   24  99  1.00000E+00  3.00180E+00
p  19   31 18   24  99  1.00000E+00  3.00180E+00
f  19    2 18   25  99  2.00000E+00  3.90760E+00
p  19    2 18   25  98  2.19250E+00 -2.49040E+00 -1.89880E-01  1.85510E-02  2.00000E+00  4.50100E+03  4.68100E+03  9.00200E+04
f  19   25 18   25  99  9.00000E+00  3.98750E+00
p  19   25 18   25  98  1.09760E+00 -1.73310E+00 -1.75400E-01  7.12870E-03  9.00000E+00  8.19200E+01  8.52000E+01  1.63800E+03
f  19    3 18   26  99  2.00000E+00  3.18600E+00
p  19    3 18   26  98  2.19250E+00 -2.49040E+00 -1.89880E-01  1.85510E-02  2.00000E+00  4.50100E+03  4.68100E+03  9.00200E+04
f  19   26 18   26  99  9.00000E+00  3.20340E+00
p  19   26 18   26  98  1.09760E+00 -1.73310E+00 -1.75400E-01  7.12870E-03  9.00000E+00  8.19200E+01  8.52000E+01  1.63800E+03
f  19    4 18   27  99  2.00000E+00  3.24600E+00
p  19    4 18   27  98  2.19250E+00 -2.49040E+00 -1.89880E-01  1.85510E-02  2.00000E+00  4.50100E+03  4.68100E+03  9.00200E+04
f  19   27 18   27  99  9.00000E+00  3.26100E+00
p  19   27 18   27  98  1.09760E+00 -1.73310E+00 -1.75400E-01  7.12870E-03  9.00000E+00  8.19200E+01  8.52000E+01  1.63800E+03
f  19    5 18   28  99  2.00000E+00  3.19400E+00
p  19    5 18   28  98  2.19250E+00 -2.49040E+00 -1.89880E-01  1.85510E-02  2.00000E+00  4.50100E+03  4.68100E+03  9.00200E+04
f  19   28 18   28  99  9.00000E+00  3.20700E+00
p  19   28 18   28  98  1.09760E+00 -1.73310E+00 -1.75400E-01  7.12870E-03  9.00000E+00  8.19200E+01  8.52000E+01  1.63800E+03
f  19    6 18   29  99  2.00000E+00  3.08820E+00
p  19    6 18   29  98  2.19250E+00 -2.49040E+00 -1.89880E-01  1.85510E-02  2.00000E+00  4.50100E+03  4.68100E+03  9.00200E+04
f  19   29 18   29  99  9.00000E+00  3.09810E+00
p  19   29 18   29  98  1.09760E+00 -1.73310E+00 -1.75400E-01  7.12870E-03  9.00000E+00  8.19200E+01  8.52000E+01  1.63800E+03
f  19    7 18   30  99  2.00000E+00  3.07220E+00
p  19    7 18   30  98  2.19250E+00 -2.49040E+00 -1.89880E-01  1.85510E-02  2.00000E+00  4.50100E+03  4.68100E+03  9.00200E+04
f  19   30 18   30  99  9.00000E+00  3.08010E+00
p  19   30 18   30  98  1.09760E+00 -1.73310E+00 -1.75400E-01  7.12870E-03  9.00000E+00  8.19200E+01  8.52000E+01  1.63800E+03
f  19    8 18   31  99  2.00000E+00  3.00180E+00
p  19    8 18   31  98  2.19250E+00 -2.49040E+00 -1.89880E-01  1.85510E-02  2.00000E+00  4.50100E+03  4.68100E+03  9.00200E+04
f  19   31 18   31  99  9.00000E+00  3.00180E+00
p  19   31 18   31  98  1.09760E+00 -1.73310E+00 -1.75400E-01  7.12870E-03  9.00000E+00  8.19200E+01  8.52000E+01  1.63800E+03
a  19    9 18    1   3.17436E+13
a  19   10 18    1   1.40540E+13
a  19   11 18    1   5.93206E+12
a  19   12 18    1   2.74456E+12
a  19   13 18    1   1.40769E+12
a  19   14 18    1   7.81183E+11
a  19   15 18    1   4.61267E+11
a  19   16 18    1   1.86641E+14
a  19   17 18    1   2.29888E+12
a  19   18 18    1   5.77834E+11
a  19   19 18    1   2.01795E+11
a  19   20 18    1   9.33626E+10
a  19   21 18    1   4.78879E+10
a  19   22 18    1   2.65737E+10
a  19   23 18    1   1.56914E+10
a  19   24 18    1   2.83617E+12
a  19   25 18    1   3.25548E+10
a  19   26 18    1   7.81650E+09
a  19   27 18    1   2.62832E+09
a  19   28 18    1   1.21604E+09
a  19   29 18    1   6.23700E+08
a  19   30 18    1   3.46113E+08
a  19   31 18    1   2.04376E+08
a  19   17 18    2   1.49313E+14
a  19   25 18    2   2.26894E+12
a  19   18 18    3   1.49313E+14
a  19   26 18    3   2.26894E+12
a  19   19 18    4   1.49313E+14
a  19   27 18    4   2.26894E+12
a  19   20 18    5   1.49313E+14
a  19   28 18    5   2.26894E+12
a  19   21 18    6   1.49313E+14
a  19   29 18    6   2.26894E+12
a  19   22 18    7   1.49313E+14
a  19   30 18    7   2.26894E+12
a  19   23 18    8   1.49313E+14
a  19   31 18    8   2.26894E+12
a  19   24 18   16   9.82320E+13
a  19   25 18   16   5.91240E+11
a  19   26 18   16   1.42316E+11
a  19   27 18   16   4.79480E+10
a  19   28 18   16   2.21832E+10
a  19   29 18   16   1.13780E+10
a  19   30 18   16   6.31400E+09
a  19   31 18   16   3.72836E+09
a  19   25 18   17   8.84088E+13
a  19   26 18   18   8.84088E+13
a  19   27 18   19   8.84088E+13
a  19   28 18   20   8.84088E+13
a  19   29 18   21   8.84088E+13
a  19   30 18   22   8.84088E+13
a  19   31 18   23   8.84088E+13
b  20    1 20    2  99  1.32682E-01  3.13413E-01  8.65807E-01 -4.02593E-01  2.80084E+00  1.03600E+00  1.03600E+00
b  20    1 20    3  99  1.22674E-01  2.72102E-01  7.95805E-01 -3.61214E-01  2.76791E+00  3.61200E-01  3.61200E-01
b  20    2 20    3  99  2.02905E-01  4.93073E-01  1.55279E+00 -2.48283E-01  3.93939E+00  8.05500E-01  8.05500E-01
b  20    1 20    4  99  4.23429E-01  8.23545E-01  1.91782E+00 -6.14190E-01  1.97818E+00  8.10200E-02  8.10200E-02
b  20    2 20    4  99  3.05754E-01  1.26924E+00  2.26300E+00 -2.66814E-01  4.06715E+00  8.92100E-02  8.92100E-02
b  20    3 20    4  99  1.80192E-01  9.00573E-01  1.06335E+00 -1.05555E-01  3.82774E+00  1.09600E+00  1.09600E+00
b  20    1 20    5  99  4.32999E-01  7.85639E-01  1.98939E+00 -6.46918E-01  1.99418E+00  4.85600E-02  4.85600E-02
b  20    2 20    5  99  3.43650E-01  1.80662E+00  2.42120E+00 -2.51280E-01  4.08498E+00  3.02300E-02  3.02300E-02
b  20    3 20    5  99  2.56127E-01  1.13797E+00  1.83655E+00 -1.70751E-01  4.05625E+00  1.49500E-01  1.49500E-01
b  20    4 20    5  99  1.50984E-01  1.10348E+00  1.33769E+00  2.66032E+00  7.78875E+00  1.41000E+00  1.41000E+00
b  20    1 20    6  99  4.38649E-01  7.64140E-01  2.02169E+00 -6.40802E-01  2.00231E+00  3.15800E-02  3.15800E-02
b  20    2 20    6  99  3.69910E-01  2.22285E+00  2.56133E+00 -2.90144E-01  4.13027E+00  1.42300E-02  1.42300E-02
b  20    3 20    6  99  2.85007E-01  1.56387E+00  1.98055E+00 -1.60471E-01  4.13722E+00  5.17800E-02  5.17800E-02
b  20    4 20    6  99  1.94170E-01  1.61652E+00  9.89224E-01 -9.32527E-02  3.92399E+00  1.96600E-01  1.96600E-01
b  20    5 20    6  99  1.42362E-01  1.02102E+00  1.03514E+00  1.53703E+00  6.54771E+00  1.63800E+00  1.63800E+00
b  20    1 20    7  99  4.41095E-01  7.55065E-01  1.99579E+00 -6.14523E-01  1.96320E+00  2.17400E-02  2.17400E-02
b  20    2 20    7  99  3.87720E-01  2.54309E+00  2.61415E+00 -2.85879E-01  4.12441E+00  7.99400E-03  7.99400E-03
b  20    3 20    7  99  3.05501E-01  1.90930E+00  2.06133E+00 -1.53170E-01  4.14506E+00  2.47400E-02  2.47400E-02
b  20    4 20    7  99  2.61976E-01  1.51727E+00  1.77908E+00 -1.54997E-01  4.11657E+00  6.83200E-02  6.83200E-02
b  20    5 20    7  99  1.09841E-01  2.45039E+00  3.69820E-01  2.04506E-01  5.12266E+00  2.31900E-01  2.31900E-01
b  20    6 20    7  99  1.57556E-01  4.77014E-01  1.76366E+00  2.33355E+00  6.53850E+00  1.84800E+00  1.84800E+00
b  20    1 20    8  99  4.43558E-01  7.43146E-01  2.02695E+00 -6.36137E-01  1.98375E+00  1.56300E-02  1.56300E-02
b  20    2 20    8  99  4.00939E-01  2.78790E+00  2.67072E+00 -2.90710E-01  4.14809E+00  5.00800E-03  5.00800E-03
b  20    3 20    8  99  3.20619E-01  2.18114E+00  2.13966E+00 -1.71218E-01  4.18897E+00  1.40500E-02  1.40500E-02
b  20    4 20    8  99  2.80237E-01  1.85130E+00  1.85348E+00 -1.78313E-01  4.13089E+00  3.27700E-02  3.27700E-02
b  20    5 20    8  99  2.15082E-01  2.04203E+00  1.50710E+00  2.08828E+00  6.57190E+00  8.03800E-02  8.03800E-02
b  20    6 20    8  99 -1.13840E+00  1.35873E+01  2.82131E+02  1.27487E+02  2.83068E+00  2.63700E-01  2.63700E-01
b  20    7 20    8  99  9.80615E-03  5.47659E-02  1.16531E-01  1.94064E-01  7.40579E+00  4.08200E+01  4.08200E+01
b  20    1 20    9  98  0.00000E+00  0.00000E+00  0.00000E+00  0.00000E+00  0.00000E+00  6.65585E-02  1.33117E-03
b  20    2 20    9  99  1.32682E-01  3.13413E-01  8.65807E-01 -4.02593E-01  2.80084E+00  9.03262E-01  9.03262E-01
b  20    1 20   10  98  0.00000E+00  0.00000E+00  0.00000E+00  0.00000E+00  0.00000E+00  1.05865E-01  2.11730E-03
b  20    2 20   10  99  1.22674E-01  2.72102E-01  7.95805E-01 -3.61214E-01  2.76791E+00  3.25080E-01  3.25080E-01
b  20    3 20   10  99  1.32682E-01  3.13413E-01  8.65807E-01 -4.02593E-01  2.80084E+00  9.32400E-01  9.32400E-01
b  20    9 20   10  99  2.02905E-01  4.93073E-01  1.55279E+00 -2.48283E-01  3.93939E+00  1.61100E+00  1.61100E+00
b  20    1 20   11  98  0.00000E+00  0.00000E+00  0.00000E+00  0.00000E+00  0.00000E+00  1.45662E-01  2.91324E-03
b  20    2 20   11  99  4.23429E-01  8.23545E-01  1.91782E+00 -6.14190E-01  1.97818E+00  7.29180E-02  7.29180E-02
b  20    4 20   11  99  1.32682E-01  3.13413E-01  8.65807E-01 -4.02593E-01  2.80084E+00  9.32400E-01  9.32400E-01
b  20    9 20   11  99  3.05754E-01  1.26924E+00  2.26300E+00 -2.66814E-01  4.06715E+00  1.78420E-01  1.78420E-01
b  20   10 20   11  99  1.80192E-01  9.00573E-01  1.06335E+00 -1.05555E-01  3.82774E+00  1.09600E+00  1.09600E+00
b  20    1 20   12  98  0.00000E+00  0.00000E+00  0.00000E+00  0.00000E+00  0.00000E+00  1.90708E-01  3.81415E-03
b  20    2 20   12  99  4.32999E-01  7.85639E-01  1.98939E+00 -6.46918E-01  1.99418E+00  4.37040E-02  4.37040E-02
b  20    5 20   12  99  1.32682E-01  3.13413E-01  8.65807E-01 -4.02593E-01  2.80084E+00  9.32400E-01  9.32400E-01
b  20    9 20   12  99  3.43650E-01  1.80662E+00  2.42120E+00 -2.51280E-01  4.08498E+00  6.04600E-02  6.04600E-02
b  20   10 20   12  99  2.56127E-01  1.13797E+00  1.83655E+00 -1.70751E-01  4.05625E+00  1.49500E-01  1.49500E-01
b  20   11 20   12  99  1.50984E-01  1.10348E+00  1.33769E+00  2.66032E+00  7.78875E+00  1.41000E+00  1.41000E+00
b  20    1 20   13  98  0.00000E+00  0.00000E+00  0.00000E+00  0.00000E+00  0.00000E+00  2.42273E-01  4.84546E-03
b  20    2 20   13  99  4.38649E-01  7.64140E-01  2.02169E+00 -6.40802E-01  2.00231E+00  2.84220E-02  2.84220E-02
b  20    6 20   13  99  1.32682E-01  3.13413E-01  8.65807E-01 -4.02593E-01  2.80084E+00  9.32400E-01  9.32400E-01
b  20    9 20   13  99  3.69910E-01  2.22285E+00  2.56133E+00 -2.90144E-01  4.13027E+00  2.84600E-02  2.84600E-02
b  20   10 20   13  99  2.85007E-01  1.56387E+00  1.98055E+00 -1.60471E-01  4.13722E+00  5.17800E-02  5.17800E-02
b  20   11 20   13  99  1.94170E-01  1.61652E+00  9.89224E-01 -9.32527E-02  3.92399E+00  1.96600E-01  1.96600E-01
b  20   12 20   13  99  1.42362E-01  1.02102E+00  1.03514E+00  1.53703E+00  6.54771E+00  1.63800E+00  1.63800E+00
b  20    1 20   14  98  0.00000E+00  0.00000E+00  0.00000E+00  0.00000E+00  0.00000E+00  3.02424E-01  6.04849E-03
b  20    2 20   14  99  4.41095E-01  7.55065E-01  1.99579E+00 -6.14523E-01  1.96320E+00  1.95660E-02  1.95660E-02
b  20    7 20   14  99  1.32682E-01  3.13413E-01  8.65807E-01 -4.02593E-01  2.80084E+00  9.32400E-01  9.32400E-01
b  20    9 20   14  99  3.87720E-01  2.54309E+00  2.61415E+00 -2.85879E-01  4.12441E+00  1.59880E-02  1.59880E-02
b  20   10 20   14  99  3.05501E-01  1.90930E+00  2.06133E+00 -1.53170E-01  4.14506E+00  2.47400E-02  2.47400E-02
b  20   11 20   14  99  2.61976E-01  1.51727E+00  1.77908E+00 -1.54997E-01  4.11657E+00  6.83200E-02  6.83200E-02
b  20   12 20   14  99  1.09841E-01  2.45039E+00  3.69820E-01  2.04506E-01  5.12266E+00  2.31900E-01  2.31900E-01
b  20   13 20   14  99  1.57556E-01  4.77014E-01  1.76366E+00  2.33355E+00  6.53850E+00  1.84800E+00  1.84800E+00
b  20    1 20   15  98  0.00000E+00  0.00000E+00  0.00000E+00  0.00000E+00  0.00000E+00  3.68895E-01  7.37790E-03
b  20    2 20   15  99  4.43558E-01  7.43146E-01  2.02695E+00 -6.36137E-01  1.98375E+00  1.40670E-02  1.40670E-02
b  20    8 20   15  99  1.32682E-01  3.13413E-01  8.65807E-01 -4.02593E-01  2.80084E+00  9.32400E-01  9.32400E-01
b  20    9 20   15  99  4.00939E-01  2.78790E+00  2.67072E+00 -2.90710E-01  4.14809E+00  1.00160E-02  1.00160E-02
b  20   10 20   15  99  3.20619E-01  2.18114E+00  2.13966E+00 -1.71218E-01  4.18897E+00  1.40500E-02  1.40500E-02
b  20   11 20   15  99  2.80237E-01  1.85130E+00  1.85348E+00 -1.78313E-01  4.13089E+00  3.27700E-02  3.27700E-02
b  20   12 20   15  99  2.15082E-01  2.04203E+00  1.50710E+00  2.08828E+00  6.57190E+00  8.03800E-02  8.03800E-02
b  20   13 20   15  99 -1.13840E+00  1.35873E+01  2.82131E+02  1.27487E+02  2.83068E+00  2.63700E-01  2.63700E-01
b  20   14 20   15  99  9.80615E-03  5.47659E-02  1.16531E-01  1.94064E-01  7.40579E+00  4.08200E+01  4.08200E+01
b  20    1 20   16  99  1.22843E-01  1.27545E+00 -8.46528E+00  2.61590E+01  6.90102E+00  3.66222E-01  3.66222E-01
b  20    1 20   17  99  5.77677E-02  8.33769E-01 -9.50723E+00 -1.94209E+01  2.00000E+01  1.16320E-01  1.16320E-01
b  20    2 20   17  99  1.22843E-01  1.27545E+00 -8.46528E+00  2.61590E+01  6.90102E+00  4.12000E-01  4.12000E-01
b  20   16 20   17  99  1.32682E-01  3.13413E-01  8.65807E-01 -4.02593E-01  2.80084E+00  1.13960E+00  1.13960E+00
b  20    1 20   18  99  7.24245E-02  9.73019E-01 -1.57297E+01  5.87835E+01  2.00000E+01  4.50000E-02  4.50000E-02
b  20    3 20   18  99  1.22843E-01  1.27545E+00 -8.46528E+00  2.61590E+01  6.90102E+00  4.12000E-01  4.12000E-01
b  20   16 20   18  99  1.22674E-01  2.72102E-01  7.95805E-01 -3.61214E-01  2.76791E+00  3.97320E-01  3.97320E-01
b  20   17 20   18  99  2.02905E-01  4.93073E-01  1.55279E+00 -2.48283E-01  3.93939E+00  8.05500E-01  8.05500E-01
b  20    1 20   19  99  8.86233E-02  1.22679E+00 -2.18204E+01  9.96507E+01  2.00000E+01  2.05040E-02  2.05040E-02
b  20    4 20   19  99  1.22843E-01  1.27545E+00 -8.46528E+00  2.61590E+01  6.90102E+00  4.12000E-01  4.12000E-01
b  20   16 20   19  99  4.23429E-01  8.23545E-01  1.91782E+00 -6.14190E-01  1.97818E+00  8.91220E-02  8.91220E-02
b  20   17 20   19  99  3.05754E-01  1.26924E+00  2.26300E+00 -2.66814E-01  4.06715E+00  8.92100E-02  8.92100E-02
b  20   18 20   19  99  1.80192E-01  9.00573E-01  1.06335E+00 -1.05555E-01  3.82774E+00  1.09600E+00  1.09600E+00
b  20    1 20   20  99  8.75766E-02  1.20224E+00 -2.14444E+01  9.80704E+01  2.00000E+01  1.18080E-02  1.18080E-02
b  20    5 20   20  99  1.22843E-01  1.27545E+00 -8.46528E+00  2.61590E+01  6.90102E+00  4.12000E-01  4.12000E-01
b  20   16 20   20  99  4.32999E-01  7.85639E-01  1.98939E+00 -6.46918E-01  1.99418E+00  5.34160E-02  5.34160E-02
b  20   17 20   20  99  3.43650E-01  1.80662E+00  2.42120E+00 -2.51280E-01  4.08498E+00  3.02300E-02  3.02300E-02
b  20   18 20   20  99  2.56127E-01  1.13797E+00  1.83655E+00 -1.70751E-01  4.05625E+00  1.49500E-01  1.49500E-01
b  20   19 20   20  99  1.50984E-01  1.10348E+00  1.33769E+00  2.66032E+00  7.78875E+00  1.41000E+00  1.41000E+00
b  20    1 20   21  99  8.58392E-02  1.18028E+00 -2.07382E+01  8.98156E+01  2.00000E+01  7.44000E-03  7.44000E-03
b  20    6 20   21  99  1.22843E-01  1.27545E+00 -8.46528E+00  2.61590E+01  6.90102E+00  4.12000E-01  4.12000E-01
b  20   16 20   21  99  4.38649E-01  7.64140E-01  2.02169E+00 -6.40802E-01  2.00231E+00  3.47380E-02  3.47380E-02
b  20   17 20   21  99  3.69910E-01  2.22285E+00  2.56133E+00 -2.90144E-01  4.13027E+00  1.42300E-02  1.42300E-02
b  20   18 20   21  99  2.85007E-01  1.56387E+00  1.98055E+00 -1.60471E-01  4.13722E+00  5.17800E-02  5.17800E-02
b  20   19 20   21  99  1.94170E-01  1.61652E+00  9.89224E-01 -9.32527E-02  3.92399E+00  1.96600E-01  1.96600E-01
b  20   20 20   21  99  1.42362E-01  1.02102E+00  1.03514E+00  1.53703E+00  6.54771E+00  1.63800E+00  1.63800E+00
b  20    1 20   22  99  8.96893E-02  1.22962E+00 -2.12383E+01  8.47412E+01  2.00000E+01  4.99680E-03  4.99680E-03
b  20    7 20   22  99  1.22843E-01  1.27545E+00 -8.46528E+00  2.61590E+01  6.90102E+00  4.12000E-01  4.12000E-01
b  20   16 20   22  99  4.41095E-01  7.55065E-01  1.99579E+00 -6.14523E-01  1.96320E+00  2.39140E-02  2.39140E-02
b  20   17 20   22  99  3.87720E-01  2.54309E+00  2.61415E+00 -2.85879E-01  4.12441E+00  7.99400E-03  7.99400E-03
b  20   18 20   22  99  3.05501E-01  1.90930E+00  2.06133E+00 -1.53170E-01  4.14506E+00  2.47400E-02  2.47400E-02
b  20   19 20   22  99  2.61976E-01  1.51727E+00  1.77908E+00 -1.54997E-01  4.11657E+00  6.83200E-02  6.83200E-02
b  20   20 20   22  99  1.09841E-01  2.45039E+00  3.69820E-01  2.04506E-01  5.12266E+00  2.31900E-01  2.31900E-01
b  20   21 20   22  99  1.57556E-01  4.77014E-01  1.76366E+00  2.33355E+00  6.53850E+00  1.84800E+00  1.84800E+00
b  20    1 20   23  99  8.38058E-02  1.15329E+00 -1.99683E+01  8.14553E+01  2.00000E+01  3.51840E-03  3.51840E-03
b  20    8 20   23  99  1.22843E-01  1.27545E+00 -8.46528E+00  2.61590E+01  6.90102E+00  4.12000E-01  4.12000E-01
b  20   16 20   23  99  4.43558E-01  7.43146E-01  2.02695E+00 -6.36137E-01  1.98375E+00  1.71930E-02  1.71930E-02
b  20   17 20   23  99  4.00939E-01  2.78790E+00  2.67072E+00 -2.90710E-01  4.14809E+00  5.00800E-03  5.00800E-03
b  20   18 20   23  99  3.20619E-01  2.18114E+00  2.13966E+00 -1.71218E-01  4.18897E+00  1.40500E-02  1.40500E-02
b  20   19 20   23  99  2.80237E-01  1.85130E+00  1.85348E+00 -1.78313E-01  4.13089E+00  3.27700E-02  3.27700E-02
b  20   20 20   23  99  2.15082E-01  2.04203E+00  1.50710E+00  2.08828E+00  6.57190E+00  8.03800E-02  8.03800E-02
b  20   21 20   23  99 -1.13840E+00  1.35873E+01  2.82131E+02  1.27487E+02  2.83068E+00  2.63700E-01  2.63700E-01
b  20   22 20   23  99  9.80615E-03  5.47659E-02  1.16531E-01  1.94064E-01  7.40579E+00  4.08200E+01  4.08200E+01
b  20    1 20   24  99  3.26189E-01  4.34649E-01 -6.02654E+00  2.76646E+01  4.23131E+00  2.21244E-02  2.21244E-02
b  20   16 20   24  99  3.34444E-01  3.02059E-01 -5.47297E+00  2.72175E+01  4.19935E+00  6.99750E-02  6.99750E-02
b  20    1 20   25  99  4.08526E-01  6.54141E-01 -8.07730E+00  3.56390E+01  4.26496E+00  3.06600E-03  3.06600E-03
b  20    2 20   25  99  3.26189E-01  4.34649E-01 -6.02654E+00  2.76646E+01  4.23131E+00  2.48900E-02  2.48900E-02
b  20   17 20   25  99  3.34444E-01  3.02059E-01 -5.47297E+00  2.72175E+01  4.19935E+00  6.99750E-02  6.99750E-02
b  20   24 20   25  99  1.32682E-01  3.13413E-01  8.65807E-01 -4.02593E-01  2.80084E+00  1.13960E+00  1.13960E+00
b  20    1 20   26  99  3.99597E-01  6.17886E-01 -7.87769E+00  3.49834E+01  4.26843E+00  1.11300E-03  1.11300E-03
b  20    3 20   26  99  3.26189E-01  4.34649E-01 -6.02654E+00  2.76646E+01  4.23131E+00  2.48900E-02  2.48900E-02
b  20   18 20   26  99  3.34444E-01  3.02059E-01 -5.47297E+00  2.72175E+01  4.19935E+00  6.99750E-02  6.99750E-02
b  20   24 20   26  99  1.22674E-01  2.72102E-01  7.95805E-01 -3.61214E-01  2.76791E+00  3.97320E-01  3.97320E-01
b  20   25 20   26  99  2.02905E-01  4.93073E-01  1.55279E+00 -2.48283E-01  3.93939E+00  8.05500E-01  8.05500E-01
b  20    1 20   27  99  3.96302E-01  6.50357E-01 -8.37351E+00  3.69561E+01  4.34207E+00  4.99200E-04  4.99200E-04
b  20    4 20   27  99  3.26189E-01  4.34649E-01 -6.02654E+00  2.76646E+01  4.23131E+00  2.48900E-02  2.48900E-02
b  20   19 20   27  99  3.34444E-01  3.02059E-01 -5.47297E+00  2.72175E+01  4.19935E+00  6.99750E-02  6.99750E-02
b  20   24 20   27  99  4.23429E-01  8.23545E-01  1.91782E+00 -6.14190E-01  1.97818E+00  8.91220E-02  8.91220E-02
b  20   25 20   27  99  3.05754E-01  1.26924E+00  2.26300E+00 -2.66814E-01  4.06715E+00  8.92100E-02  8.92100E-02
b  20   26 20   27  99  1.80192E-01  9.00573E-01  1.06335E+00 -1.05555E-01  3.82774E+00  1.09600E+00  1.09600E+00
b  20    1 20   28  99  3.86463E-01  6.12883E-01 -7.96126E+00  3.52683E+01  4.31420E+00  2.75200E-04  2.75200E-04
b  20    5 20   28  99  3.26189E-01  4.34649E-01 -6.02654E+00  2.76646E+01  4.23131E+00  2.48900E-02  2.48900E-02
b  20   20 20   28  99  3.34444E-01  3.02059E-01 -5.47297E+00  2.72175E+01  4.19935E+00  6.99750E-02  6.99750E-02
b  20   24 20   28  99  4.32999E-01  7.85639E-01  1.98939E+00 -6.46918E-01  1.99418E+00  5.34160E-02  5.34160E-02
b  20   25 20   28  99  3.43650E-01  1.80662E+00  2.42120E+00 -2.51280E-01  4.08498E+00  3.02300E-02  3.02300E-02
b  20   26 20   28  99  2.56127E-01  1.13797E+00  1.83655E+00 -1.70751E-01  4.05625E+00  1.49500E-01  1.49500E-01
b  20   27 20   28  99  1.50984E-01  1.10348E+00  1.33769E+00  2.66032E+00  7.78875E+00  1.41000E+00  1.41000E+00
b  20    1 20   29  99  3.77183E-01  6.06051E-01 -7.87160E+00  3.48047E+01  4.32616E+00  1.67520E-04  1.67520E-04
b  20    6 20   29  99  3.26189E-01  4.34649E-01 -6.02654E+00  2.76646E+01  4.23131E+00  2.48900E-02  2.48900E-02
b  20   21 20   29  99  3.34444E-01  3.02059E-01 -5.47297E+00  2.72175E+01  4.19935E+00  6.99750E-02  6.99750E-02
b  20   24 20   29  99  4.38649E-01  7.64140E-01  2.02169E+00 -6.40802E-01  2.00231E+00  3.47380E-02  3.47380E-02
b  20   25 20   29  99  3.69910E-01  2.22285E+00  2.56133E+00 -2.90144E-01  4.13027E+00  1.42300E-02  1.42300E-02
b  20   26 20   29  99  2.85007E-01  1.56387E+00  1.98055E+00 -1.60471E-01  4.13722E+00  5.17800E-02  5.17800E-02
b  20   27 20   29  99  1.94170E-01  1.61652E+00  9.89224E-01 -9.32527E-02  3.92399E+00  1.96600E-01  1.96600E-01
b  20   28 20   29  99  1.42362E-01  1.02102E+00  1.03514E+00  1.53703E+00  6.54771E+00  1.63800E+00  1.63800E+00
b  20    1 20   30  99  3.75621E-01  5.76597E-01 -7.53777E+00  3.34545E+01  4.27951E+00  1.09440E-04  1.09440E-04
b  20    7 20   30  99  3.26189E-01  4.34649E-01 -6.02654E+00  2.76646E+01  4.23131E+00  2.48900E-02  2.48900E-02
b  20   22 20   30  99  3.34444E-01  3.02059E-01 -5.47297E+00  2.72175E+01  4.19935E+00  6.99750E-02  6.99750E-02
b  20   24 20   30  99  4.41095E-01  7.55065E-01  1.99579E+00 -6.14523E-01  1.96320E+00  2.39140E-02  2.39140E-02
b  20   25 20   30  99  3.87720E-01  2.54309E+00  2.61415E+00 -2.85879E-01  4.12441E+00  7.99400E-03  7.99400E-03
b  20   26 20   30  99  3.05501E-01  1.90930E+00  2.06133E+00 -1.53170E-01  4.14506E+00  2.47400E-02  2.47400E-02
b  20   27 20   30  99  2.61976E-01  1.51727E+00  1.77908E+00 -1.54997E-01  4.11657E+00  6.83200E-02  6.83200E-02
b  20   28 20   30  99  1.09841E-01  2.45039E+00  3.69820E-01  2.04506E-01  5.12266E+00  2.31900E-01  2.31900E-01
b  20   29 20   30  99  1.57556E-01  4.77014E-01  1.76366E+00  2.33355E+00  6.53850E+00  1.84800E+00  1.84800E+00
b  20    1 20   31  99  3.69210E-01  5.79476E-01 -7.52950E+00  3.32768E+01  4.29193E+00  7.53400E-05  7.53400E-05
b  20    8 20   31  99  3.26189E-01  4.34649E-01 -6.02654E+00  2.76646E+01  4.23131E+00  2.48900E-02  2.48900E-02
b  20   23 20   31  99  3.34444E-01  3.02059E-01 -5.47297E+00  2.72175E+01  4.19935E+00  6.99750E-02  6.99750E-02
b  20   24 20   31  99  4.43558E-01  7.43146E-01  2.02695E+00 -6.36137E-01  1.98375E+00  1.71930E-02  1.71930E-02
b  20   25 20   31  99  4.00939E-01  2.78790E+00  2.67072E+00 -2.90710E-01  4.14809E+00  5.00800E-03  5.00800E-03
b  20   26 20   31  99  3.20619E-01  2.18114E+00  2.13966E+00 -1.71218E-01  4.18897E+00  1.40500E-02  1.40500E-02
b  20   27 20   31  99  2.80237E-01  1.85130E+00  1.85348E+00 -1.78313E-01  4.13089E+00  3.27700E-02  3.27700E-02
b  20   28 20   31  99  2.15082E-01  2.04203E+00  1.50710E+00  2.08828E+00  6.57190E+00  8.03800E-02  8.03800E-02
b  20   29 20   31  99 -1.13840E+00  1.35873E+01  2.82131E+02  1.27487E+02  2.83068E+00  2.63700E-01  2.63700E-01
b  20   30 20   31  99  9.80615E-03  5.47659E-02  1.16531E-01  1.94064E-01  7.40579E+00  4.08200E+01  4.08200E+01
f  20    1 19    1  99  1.00000E+01  8.74000E+00
p  20    1 19    1  98  1.04430E+00 -1.56260E+00 -2.01190E-01  7.99830E-03  1.00000E+01  6.81800E+01  7.09000E+01  1.36400E+03
f  20    2 19    1  99  1.00000E+00  2.99210E+00
p  20    2 19    1  99  1.00000E+00  2.99210E+00
f  20    3 19    1  99  1.00000E+00  2.20640E+00
p  20    3 19    1  99  1.00000E+00  2.20640E+00
f  20    4 19    1  99  1.00000E+00  2.26400E+00
p  20    4 19    1  99  1.00000E+00  2.26400E+00
f  20    5 19    1  99  1.00000E+00  2.20800E+00
p  20    5 19    1  99  1.00000E+00  2.20800E+00
f  20    6 19    1  99  1.00000E+00  2.09820E+00
p  20    6 19    1  99  1.00000E+00  2.09820E+00
f  20    7 19    1  99  1.00000E+00  2.08020E+00
p  20    7 19    1  99  1.00000E+00  2.08020E+00
f  20    8 19    1  99  1.00000E+00  2.00190E+00
p  20    8 19    1  99  1.00000E+00  2.00190E+00
f  20    2 19    2  99  9.00000E+00  2.99210E+00
p  20    2 19    2  98  1.04430E+00 -1.56260E+00 -2.01190E-01  7.99830E-03  1.00000E+01  6.81800E+01  7.09000E+01  1.36400E+03
f  20    9 19    2  99  2.00000E+00  3.55260E+00
p  20    9 19    2  99  2.00000E+00  3.55260E+00
f  20   10 19    2  99  1.00000E+00  2.26600E+00
p  20   10 19    2  99  1.00000E+00  2.26600E+00
f  20   11 19    2  99  1.00000E+00  2.28600E+00
p  20   11 19    2  99  1.00000E+00  2.28600E+00
f  20   12 19    2  99  1.00000E+00  2.21900E+00
p  20   12 19    2  99  1.00000E+00  2.21900E+00
f  20   13 19    2  99  1.00000E+00  2.10520E+00
p  20   13 19    2  99  1.00000E+00  2.10520E+00
f  20   14 19    2  99  1.00000E+00  2.08620E+00
p  20   14 19    2  99  1.00000E+00  2.08620E+00
f  20   15 19    2  99  1.00000E+00  2.01180E+00
p  20   15 19    2  99  1.00000E+00  2.01180E+00
f  20    3 19    3  99  9.00000E+00  2.20640E+00
p  20    3 19    3  98  1.04430E+00 -1.56260E+00 -2.01190E-01  7.99830E-03  1.00000E+01  6.81800E+01  7.09000E+01  1.36400E+03
f  20   10 19    3  99  1.00000E+00  2.26600E+00
p  20   10 19    3  99  1.00000E+00  2.26600E+00
f  20    4 19    4  99  9.00000E+00  2.26400E+00
p  20    4 19    4  98  1.04430E+00 -1.56260E+00 -2.01190E-01  7.99830E-03  1.00000E+01  6.81800E+01  7.09000E+01  1.36400E+03
f  20   11 19    4  99  1.00000E+00  2.28600E+00
p  20   11 19    4  99  1.00000E+00  2.28600E+00
f  20    5 19    5  99  9.00000E+00  2.20800E+00
p  20    5 19    5  98  1.04430E+00 -1.56260E+00 -2.01190E-01  7.99830E-03  1.00000E+01  6.81800E+01  7.09000E+01  1.36400E+03
f  20   12 19    5  99  1.00000E+00  2.21900E+00
p  20   12 19    5  99  1.00000E+00  2.21900E+00
f  20    6 19    6  99  9.00000E+00  2.09820E+00
p  20    6 19    6  98  1.04430E+00 -1.56260E+00 -2.01190E-01  7.99830E-03  1.00000E+01  6.81800E+01  7.09000E+01  1.36400E+03
f  20   13 19    6  99  1.00000E+00  2.10520E+00
p  20   13 19    6  99  1.00000E+00  2.10520E+00
f  20    7 19    7  99  9.00000E+00  2.08020E+00
p  20    7 19    7  98  1.04430E+00 -1.56260E+00 -2.01190E-01  7.99830E-03  1.00000E+01  6.81800E+01  7.09000E+01  1.36400E+03
f  20   14 19    7  99  1.00000E+00  2.08620E+00
p  20   14 19    7  99  1.00000E+00  2.08620E+00
f  20    8 19    8  99  9.00000E+00  2.00190E+00
p  20    8 19    8  98  1.04430E+00 -1.56260E+00 -2.01190E-01  7.99830E-03  1.00000E+01  6.81800E+01  7.09000E+01  1.36400E+03
f  20   15 19    8  99  1.00000E+00  2.01180E+00
p  20   15 19    8  99  1.00000E+00  2.01180E+00
f  20    9 19    9  99  8.00000E+00  3.55260E+00
p  20    9 19    9  98  1.04430E+00 -1.56260E+00 -2.01190E-01  7.99830E-03  1.00000E+01  6.81800E+01  7.09000E+01  1.36400E+03
f  20   10 19   10  99  8.00000E+00  2.26600E+00
p  20   10 19   10  98  1.04430E+00 -1.56260E+00 -2.01190E-01  7.99830E-03  1.00000E+01  6.81800E+01  7.09000E+01  1.36400E+03
f  20   11 19   11  99  8.00000E+00  2.28600E+00
p  20   11 19   11  98  1.04430E+00 -1.56260E+00 -2.01190E-01  7.99830E-03  1.00000E+01  6.81800E+01  7.09000E+01  1.36400E+03
f  20   12 19   12  99  8.00000E+00  2.21900E+00
p  20   12 19   12  98  1.04430E+00 -1.56260E+00 -2.01190E-01  7.99830E-03  1.00000E+01  6.81800E+01  7.09000E+01  1.36400E+03
f  20   13 19   13  99  8.00000E+00  2.10520E+00
p  20   13 19   13  98  1.04430E+00 -1.56260E+00 -2.01190E-01  7.99830E-03  1.00000E+01  6.81800E+01  7.09000E+01  1.36400E+03
f  20   14 19   14  99  8.00000E+00  2.08620E+00
p  20   14 19   14  98  1.04430E+00 -1.56260E+00 -2.01190E-01  7.99830E-03  1.00000E+01  6.81800E+01  7.09000E+01  1.36400E+03
f  20   15 19   15  99  8.00000E+00  2.01180E+00
p  20   15 19   15  98  1.04430E+00 -1.56260E+00 -2.01190E-01  7.99830E-03  1.00000E+01  6.81800E+01  7.09000E+01  1.36400E+03
f  20    1 19   16  99  8.00000E+00  8.74000E+00
p  20    1 19   16  98  2.11130E+00 -2.21760E+00 -2.27180E-01  2.72990E-02  8.00000E+00  5.05400E+02  5.25600E+02  1.01100E+04
f  20   16 19   16  99  1.10000E+01  9.30400E+00
p  20   16 19   16  98  1.04430E+00 -1.56260E+00 -2.01190E-01  7.99830E-03  1.00000E+01  6.81800E+01  7.09000E+01  1.36400E+03
f  20   17 19   16  99  1.00000E+00  3.04880E+00
p  20   17 19   16  99  1.00000E+00  3.04880E+00
f  20   18 19   16  99  1.00000E+00  2.22470E+00
p  20   18 19   16  99  1.00000E+00  2.22470E+00
f  20   19 19   16  99  1.00000E+00  2.27000E+00
p  20   19 19   16  99  1.00000E+00  2.27000E+00
f  20   20 19   16  99  1.00000E+00  2.21200E+00
p  20   20 19   16  99  1.00000E+00  2.21200E+00
f  20   21 19   16  99  1.00000E+00  2.10720E+00
p  20   21 19   16  99  1.00000E+00  2.10720E+00
f  20   22 19   16  99  1.00000E+00  2.08720E+00
p  20   22 19   16  99  1.00000E+00  2.08720E+00
f  20   23 19   16  99  1.00000E+00  2.00190E+00
p  20   23 19   16  99  1.00000E+00  2.00190E+00
f  20    2 19   17  99  8.00000E+00  2.99210E+00
p  20    2 19   17  98  2.11130E+00 -2.21760E+00 -2.27180E-01  2.72990E-02  8.00000E+00  5.05400E+02  5.25600E+02  1.01100E+04
f  20   17 19   17  99  1.00000E+01  3.04880E+00
p  20   17 19   17  98  1.04430E+00 -1.56260E+00 -2.01190E-01  7.99830E-03  1.00000E+01  6.81800E+01  7.09000E+01  1.36400E+03
f  20    3 19   18  99  8.00000E+00  2.20640E+00
p  20    3 19   18  98  2.11130E+00 -2.21760E+00 -2.27180E-01  2.72990E-02  8.00000E+00  5.05400E+02  5.25600E+02  1.01100E+04
f  20   18 19   18  99  1.00000E+01  2.22470E+00
p  20   18 19   18  98  1.04430E+00 -1.56260E+00 -2.01190E-01  7.99830E-03  1.00000E+01  6.81800E+01  7.09000E+01  1.36400E+03
f  20    4 19   19  99  8.00000E+00  2.26400E+00
p  20    4 19   19  98  2.11130E+00 -2.21760E+00 -2.27180E-01  2.72990E-02  8.00000E+00  5.05400E+02  5.25600E+02  1.01100E+04
f  20   19 19   19  99  1.00000E+01  2.27000E+00
p  20   19 19   19  98  1.04430E+00 -1.56260E+00 -2.01190E-01  7.99830E-03  1.00000E+01  6.81800E+01  7.09000E+01  1.36400E+03
f  20    5 19   20  99  8.00000E+00  2.20800E+00
p  20    5 19   20  98  2.11130E+00 -2.21760E+00 -2.27180E-01  2.72990E-02  8.00000E+00  5.05400E+02  5.25600E+02  1.01100E+04
f  20   20 19   20  99  1.00000E+01  2.21200E+00
p  20   20 19   20  98  1.04430E+00 -1.56260E+00 -2.01190E-01  7.99830E-03  1.00000E+01  6.81800E+01  7.09000E+01  1.36400E+03
f  20    6 19   21  99  8.00000E+00  2.09820E+00
p  20    6 19   21  98  2.11130E+00 -2.21760E+00 -2.27180E-01  2.72990E-02  8.00000E+00  5.05400E+02  5.25600E+02  1.01100E+04
f  20   21 19   21  99  1.00000E+01  2.10720E+00
p  20   21 19   21  98  1.04430E+00 -1.56260E+00 -2.01190E-01  7.99830E-03  1.00000E+01  6.81800E+01  7.09000E+01  1.36400E+03
f  20    7 19   22  99  8.00000E+00  2.08020E+00
p  20    7 19   22  98  2.11130E+00 -2.21760E+00 -2.27180E-01  2.72990E-02  8.00000E+00  5.05400E+02  5.25600E+02  1.01100E+04
f  20   22 19   22  99  1.00000E+01  2.08720E+00
p  20   22 19   22  98  1.04430E+00 -1.56260E+00 -2.01190E-01  7.99830E-03  1.00000E+01  6.81800E+01  7.09000E+01  1.36400E+03
f  20    8 19   23  99  8.00000E+00  2.00190E+00
p  20    8 19   23  98  2.11130E+00 -2.21760E+00 -2.27180E-01  2.72990E-02  8.00000E+00  5.05400E+02  5.25600E+02  1.01100E+04
f  20   23 19   23  99  1.00000E+01  2.00190E+00
p  20   23 19   23  98  1.04430E+00 -1.56260E+00 -2.01190E-01  7.99830E-03  1.00000E+01  6.81800E+01  7.09000E+01  1.36400E+03
f  20    1 19   24  99  2.00000E+00  8.74000E+00
p  20    1 19   24  98  2.19900E+00 -2.49240E+00 -1.87880E-01  1.81390E-02  2.00000E+00  4.48500E+03  4.66500E+03  8.97000E+04
f  20   24 19   24  99  1.10000E+01  9.38400E+00
p  20   24 19   24  98  1.04430E+00 -1.56260E+00 -2.01190E-01  7.99830E-03  1.00000E+01  6.81800E+01  7.09000E+01  1.36400E+03
f  20   25 19   24  99  1.00000E+00  3.07200E+00
p  20   25 19   24  99  1.00000E+00  3.07200E+00
f  20   26 19   24  99  1.00000E+00  2.22380E+00
p  20   26 19   24  99  1.00000E+00  2.22380E+00
f  20   27 19   24  99  1.00000E+00  2.27900E+00
p  20   27 19   24  99  1.00000E+00  2.27900E+00
f  20   28 19   24  99  1.00000E+00  2.22100E+00
p  20   28 19   24  99  1.00000E+00  2.22100E+00
f  20   29 19   24  99  1.00000E+00  2.10810E+00
p  20   29 19   24  99  1.00000E+00  2.10810E+00
f  20   30 19   24  99  1.00000E+00  2.08810E+00
p  20   30 19   24  99  1.00000E+00  2.08810E+00
f  20   31 19   24  99  1.00000E+00  2.00190E+00
p  20   31 19   24  99  1.00000E+00  2.00190E+00
f  20    2 19   25  99  2.00000E+00  2.99210E+00
p  20    2 19   25  98  2.19900E+00 -2.49240E+00 -1.87880E-01  1.81390E-02  2.00000E+00  4.48500E+03  4.66500E+03  8.97000E+04
f  20   25 19   25  99  1.00000E+01  3.07200E+00
p  20   25 19   25  98  1.04430E+00 -1.56260E+00 -2.01190E-01  7.99830E-03  1.00000E+01  6.81800E+01  7.09000E+01  1.36400E+03
f  20    3 19   26  99  2.00000E+00  2.20640E+00
p  20    3 19   26  98  2.19900E+00 -2.49240E+00 -1.87880E-01  1.81390E-02  2.00000E+00  4.48500E+03  4.66500E+03  8.97000E+04
f  20   26 19   26  99  1.00000E+01  2.22380E+00
p  20   26 19   26  98  1.04430E+00 -1.56260E+00 -2.01190E-01  7.99830E-03  1.00000E+01  6.81800E+01  7.09000E+01  1.36400E+03
f  20    4 19   27  99  2.00000E+00  2.26400E+00
p  20    4 19   27  98  2.19900E+00 -2.49240E+00 -1.87880E-01  1.81390E-02  2.00000E+00  4.48500E+03  4.66500E+03  8.97000E+04
f  20   27 19   27  99  1.00000E+01  2.27900E+00
p  20   27 19   27  98  1.04430E+00 -1.56260E+00 -2.01190E-01  7.99830E-03  1.00000E+01  6.81800E+01  7.09000E+01  1.36400E+03
f  20    5 19   28  99  2.00000E+00  2.20800E+00
p  20    5 19   28  98  2.19900E+00 -2.49240E+00 -1.87880E-01  1.81390E-02  2.00000E+00  4.48500E+03  4.66500E+03  8.97000E+04
f  20   28 19   28  99  1.00000E+01  2.22100E+00
p  20   28 19   28  98  1.04430E+00 -1.56260E+00 -2.01190E-01  7.99830E-03  1.00000E+01  6.81800E+01  7.09000E+01  1.36400E+03
f  20    6 19   29  99  2.00000E+00  2.09820E+00
p  20    6 19   29  98  2.19900E+00 -2.49240E+00 -1.87880E-01  1.81390E-02  2.00000E+00  4.48500E+03  4.66500E+03  8.97000E+04
f  20   29 19   29  99  1.00000E+01  2.10810E+00
p  20   29 19   29  98  1.04430E+00 -1.56260E+00 -2.01190E-01  7.99830E-03  1.00000E+01  6.81800E+01  7.09000E+01  1.36400E+03
f  20    7 19   30  99  2.00000E+00  2.08020E+00
p  20    7 19   30  98  2.19900E+00 -2.49240E+00 -1.87880E-01  1.81390E-02  2.00000E+00  4.48500E+03  4.66500E+03  8.97000E+04
f  20   30 19   30  99  1.00000E+01  2.08810E+00
p  20   30 19   30  98  1.04430E+00 -1.56260E+00 -2.01190E-01  7.99830E-03  1.00000E+01  6.81800E+01  7.09000E+01  1.36400E+03
f  20    8 19   31  99  2.00000E+00  2.00190E+00
p  20    8 19   31  98  2.19900E+00 -2.49240E+00 -1.87880E-01  1.81390E-02  2.00000E+00  4.48500E+03  4.66500E+03  8.97000E+04
f  20   31 19   31  99  1.00000E+01  2.00190E+00
p  20   31 19   31  98  1.04430E+00 -1.56260E+00 -2.01190E-01  7.99830E-03  1.00000E+01  6.81800E+01  7.09000E+01  1.36400E+03
a  20    9 19    1   3.29506E+13
a  20   10 19    1   8.75278E+12
a  20   11 19    1   3.00667E+12
a  20   12 19    1   1.39106E+12
a  20   13 19    1   7.13472E+11
a  20   14 19    1   3.95944E+11
a  20   15 19    1   2.33794E+11
a  20   16 19    1   1.86124E+14
a  20   17 19    1   1.39264E+12
a  20   18 19    1   3.30949E+11
a  20   19 19    1   1.11990E+11
a  20   20 19    1   5.18138E+10
a  20   21 19    1   2.65759E+10
a  20   22 19    1   1.47476E+10
a  20   23 19    1   8.70825E+09
a  20   24 19    1   3.25804E+12
a  20   25 19    1   2.07860E+10
a  20   26 19    1   4.59510E+09
a  20   27 19    1   1.47540E+09
a  20   28 19    1   6.82600E+08
a  20   29 19    1   3.50125E+08
a  20   30 19    1   1.94295E+08
a  20   31 19    1   1.14730E+08
a  20   17 19    2   1.52283E+14
a  20   25 19    2   2.66566E+12
a  20   18 19    3   1.52283E+14
a  20   26 19    3   2.66566E+12
a  20   19 19    4   1.52283E+14
a  20   27 19    4   2.66566E+12
a  20   20 19    5   1.52283E+14
a  20   28 19    5   2.66566E+12
a  20   21 19    6   1.52283E+14
a  20   29 19    6   2.66566E+12
a  20   22 19    7   1.52283E+14
a  20   30 19    7   2.66566E+12
a  20   23 19    8   1.52283E+14
a  20   31 19    8   2.66566E+12
a  20   24 19   16   1.04632E+14
a  20   25 19   16   3.49372E+11
a  20   26 19   16   7.75920E+10
a  20   27 19   16   2.49932E+10
a  20   28 19   16   1.15636E+10
a  20   29 19   16   5.93120E+09
a  20   30 19   16   3.29128E+09
a  20   31 19   16   1.94348E+09
a  20   25 19   17   9.51200E+13
a  20   26 19   18   9.51200E+13
a  20   27 19   19   9.51200E+13
a  20   28 19   20   9.51200E+13
a  20   29 19   21   9.51200E+13
a  20   30 19   22   9.51200E+13
a  20   31 19   23   9.51200E+13
b  21    1 21    2  99  2.16875E-02  1.96912E-02 -2.15964E-02  2.63869E-03  2.54929E-01  1.04995E+01  1.04995E+01
b  21    1 21    3  99  2.61398E-03  4.81886E-03 -6.56396E-03  3.20125E-04  5.23786E-01  4.33400E+00  4.33400E+00
b  21    2 21    3  99  2.13950E-01  1.36360E-01 -8.89210E-01  1.69660E+00  2.91860E+00  9.70700E-01  9.70700E-01
b  21    1 21    4  99  3.58424E-01  4.08986E-01 -3.40251E-01  2.96337E-02 -3.02744E-02  4.76190E-02  4.76190E-02
b  21    2 21    4  99  3.61583E-01  9.23344E-01 -2.10054E+00  5.60381E-02  1.38824E+00  1.00200E-01  1.00200E-01
b  21    3 21    4  99  8.30387E-02  1.48651E-02 -1.80459E-01  3.60022E-01  1.32689E+00  3.60000E+00  3.60000E+00
b  21    1 21    5  99  3.58733E-01  3.43574E-01 -2.73219E-01  2.72938E-02 -6.18093E-02  2.73900E-02  2.73900E-02
b  21    2 21    5  99  3.88578E-01  1.44202E+00 -2.64229E+00  5.84548E-02  9.11320E-01  3.39100E-02  3.39100E-02
b  21    3 21    5  99  3.03846E-01  7.10814E-01 -1.62290E+00  5.11532E-02  1.37585E+00  1.65000E-01  1.65000E-01
b  21    4 21    5  99  3.09421E-01 -1.17465E-01  1.02212E-01 -6.97316E-03 -2.89053E-01  1.28200E+00  1.28200E+00
b  21    1 21    6  99  3.73410E-01  2.91269E-01 -2.21898E-01  2.61992E-02 -8.91360E-02  1.73690E-02  1.73690E-02
b  21    2 21    6  99  4.08720E-01  1.83712E+00 -2.98257E+00  6.20280E-02  6.86625E-01  1.61900E-02  1.61900E-02
b  21    3 21    6  99  3.13954E-01  1.25651E+00 -2.16850E+00  9.82340E-02  7.62842E-01  5.67300E-02  5.67300E-02
b  21    4 21    6  99  7.36156E-01 -9.78752E-01  8.79344E+00 -4.93183E+00  7.24136E+00  2.17200E-01  2.17200E-01
b  21    5 21    6  99  1.52926E+00 -4.11431E+00  1.36301E+01 -2.79964E+00  2.10057E+00  1.52000E+00  1.52000E+00
b  21    1 21    7  99  3.75432E-01  2.76751E-01 -2.03107E-01  2.51723E-02 -1.18214E-01  1.17590E-02  1.17590E-02
b  21    2 21    7  99  4.29821E-01  2.14605E+00 -3.23643E+00  6.80531E-02  5.64190E-01  9.20600E-03  9.20600E-03
b  21    3 21    7  99  3.30390E-01  1.61494E+00 -2.41118E+00  5.60832E-02  5.41577E-01  2.73900E-02  2.73900E-02
b  21    4 21    7  99  8.63143E-01 -1.89785E+00  7.39814E+01 -6.92708E+02  2.00000E+01  7.41300E-02  7.41300E-02
b  21    5 21    7  99  1.31065E+00 -2.25701E+00  6.67067E+00  5.45262E-02  1.96062E+00  2.51400E-01  2.51400E-01
b  21    6 21    7  99  2.39178E-01  6.03946E+00 -3.15145E+02  3.95334E+03  2.00000E+01  1.74500E+00  1.74500E+00
b  21    1 21    8  99  4.42534E-01  1.53850E-01 -7.08574E-02  1.40208E-02 -4.45467E-01  8.34240E-03  8.34240E-03
b  21    2 21    8  99  4.49791E-01  2.39661E+00 -3.46279E+00  7.19722E-02  4.95517E-01  5.83000E-03  5.83000E-03
b  21    3 21    8  99  3.47983E-01  1.87113E+00 -2.58169E+00  3.50257E-02  4.32825E-01  1.58000E-02  1.58000E-02
b  21    4 21    8  99  9.50996E-01 -2.44648E+00  1.19041E+02 -1.37773E+03  2.00000E+01  3.61300E-02  3.61300E-02
b  21    5 21    8  99  3.41387E+00 -8.33392E+00  3.17865E+01 -7.42321E+00  2.57365E+00  8.89900E-02  8.89900E-02
b  21    6 21    8  99  5.93157E-01  1.15772E+01 -6.10727E+02  7.71563E+03  2.00000E+01  3.01400E-01  3.01400E-01
b  21    7 21    8  99  3.93419E-04  1.30801E-02 -6.63482E-01  8.16275E+00  2.00000E+01  5.73900E+02  5.73900E+02
b  21    1 21    9  98  0.00000E+00  0.00000E+00  0.00000E+00  0.00000E+00  0.00000E+00  8.54029E-01  1.70806E-02
b  21    2 21    9  99  2.16875E-02  1.96912E-02 -2.15964E-02  2.63869E-03  2.54929E-01  9.24672E+00  9.24672E+00
b  21    1 21   10  98  0.00000E+00  0.00000E+00  0.00000E+00  0.00000E+00  0.00000E+00  1.30490E+00  2.60981E-02
b  21    2 21   10  99  2.61398E-03  4.81886E-03 -6.56396E-03  3.20125E-04  5.23786E-01  3.94000E+00  3.94000E+00
b  21    3 21   10  99  2.16875E-02  1.96912E-02 -2.15964E-02  2.63869E-03  2.54929E-01  9.54500E+00  9.54500E+00
b  21    9 21   10  99  2.13950E-01  1.36360E-01 -8.89210E-01  1.69660E+00  2.91860E+00  1.94140E+00  1.94140E+00
b  21    1 21   11  98  0.00000E+00  0.00000E+00  0.00000E+00  0.00000E+00  0.00000E+00  1.84041E+00  3.68083E-02
b  21    2 21   11  99  3.58424E-01  4.08986E-01 -3.40251E-01  2.96337E-02 -3.02744E-02  4.32900E-02  4.32900E-02
b  21    4 21   11  99  2.16875E-02  1.96912E-02 -2.15964E-02  2.63869E-03  2.54929E-01  9.54500E+00  9.54500E+00
b  21    9 21   11  99  3.61583E-01  9.23344E-01 -2.10054E+00  5.60381E-02  1.38824E+00  2.00400E-01  2.00400E-01
b  21   10 21   11  99  8.30387E-02  1.48651E-02 -1.80459E-01  3.60022E-01  1.32689E+00  3.60000E+00  3.60000E+00
b  21    1 21   12  98  0.00000E+00  0.00000E+00  0.00000E+00  0.00000E+00  0.00000E+00  2.44324E+00  4.88649E-02
b  21    2 21   12  99  3.58733E-01  3.43574E-01 -2.73219E-01  2.72938E-02 -6.18093E-02  2.49000E-02  2.49000E-02
b  21    5 21   12  99  2.16875E-02  1.96912E-02 -2.15964E-02  2.63869E-03  2.54929E-01  9.54500E+00  9.54500E+00
b  21    9 21   12  99  3.88578E-01  1.44202E+00 -2.64229E+00  5.84548E-02  9.11320E-01  6.78200E-02  6.78200E-02
b  21   10 21   12  99  3.03846E-01  7.10814E-01 -1.62290E+00  5.11532E-02  1.37585E+00  1.65000E-01  1.65000E-01
b  21   11 21   12  99  3.09421E-01 -1.17465E-01  1.02212E-01 -6.97316E-03 -2.89053E-01  1.28200E+00  1.28200E+00
b  21    1 21   13  98  0.00000E+00  0.00000E+00  0.00000E+00  0.00000E+00  0.00000E+00  3.13171E+00  6.26343E-02
b  21    2 21   13  99  3.73410E-01  2.91269E-01 -2.21898E-01  2.61992E-02 -8.91360E-02  1.57900E-02  1.57900E-02
b  21    6 21   13  99  2.16875E-02  1.96912E-02 -2.15964E-02  2.63869E-03  2.54929E-01  9.54500E+00  9.54500E+00
b  21    9 21   13  99  4.08720E-01  1.83712E+00 -2.98257E+00  6.20280E-02  6.86625E-01  3.23800E-02  3.23800E-02
b  21   10 21   13  99  3.13954E-01  1.25651E+00 -2.16850E+00  9.82340E-02  7.62842E-01  5.67300E-02  5.67300E-02
b  21   11 21   13  99  7.36156E-01 -9.78752E-01  8.79344E+00 -4.93183E+00  7.24136E+00  2.17200E-01  2.17200E-01
b  21   12 21   13  99  1.52926E+00 -4.11431E+00  1.36301E+01 -2.79964E+00  2.10057E+00  1.52000E+00  1.52000E+00
b  21    1 21   14  98  0.00000E+00  0.00000E+00  0.00000E+00  0.00000E+00  0.00000E+00  3.93353E+00  7.86707E-02
b  21    2 21   14  99  3.75432E-01  2.76751E-01 -2.03107E-01  2.51723E-02 -1.18214E-01  1.06900E-02  1.06900E-02
b  21    7 21   14  99  2.16875E-02  1.96912E-02 -2.15964E-02  2.63869E-03  2.54929E-01  9.54500E+00  9.54500E+00
b  21    9 21   14  99  4.29821E-01  2.14605E+00 -3.23643E+00  6.80531E-02  5.64190E-01  1.84120E-02  1.84120E-02
b  21   10 21   14  99  3.30390E-01  1.61494E+00 -2.41118E+00  5.60832E-02  5.41577E-01  2.73900E-02  2.73900E-02
b  21   11 21   14  99  8.63143E-01 -1.89785E+00  7.39814E+01 -6.92708E+02  2.00000E+01  7.41300E-02  7.41300E-02
b  21   12 21   14  99  1.31065E+00 -2.25701E+00  6.67067E+00  5.45262E-02  1.96062E+00  2.51400E-01  2.51400E-01
b  21   13 21   14  99  2.39178E-01  6.03946E+00 -3.15145E+02  3.95334E+03  2.00000E+01  1.74500E+00  1.74500E+00
b  21    1 21   15  98  0.00000E+00  0.00000E+00  0.00000E+00  0.00000E+00  0.00000E+00  4.81885E+00  9.63770E-02
b  21    2 21   15  99  4.42534E-01  1.53850E-01 -7.08574E-02  1.40208E-02 -4.45467E-01  7.58400E-03  7.58400E-03
b  21    8 21   15  99  2.16875E-02  1.96912E-02 -2.15964E-02  2.63869E-03  2.54929E-01  9.54500E+00  9.54500E+00
b  21    9 21   15  99  4.49791E-01  2.39661E+00 -3.46279E+00  7.19722E-02  4.95517E-01  1.16600E-02  1.16600E-02
b  21   10 21   15  99  3.47983E-01  1.87113E+00 -2.58169E+00  3.50257E-02  4.32825E-01  1.58000E-02  1.58000E-02
b  21   11 21   15  99  9.50996E-01 -2.44648E+00  1.19041E+02 -1.37773E+03  2.00000E+01  3.61300E-02  3.61300E-02
b  21   12 21   15  99  3.41387E+00 -8.33392E+00  3.17865E+01 -7.42321E+00  2.57365E+00  8.89900E-02  8.89900E-02
b  21   13 21   15  99  5.93157E-01  1.15772E+01 -6.10727E+02  7.71563E+03  2.00000E+01  3.01400E-01  3.01400E-01
b  21   14 21   15  99  3.93419E-04  1.30801E-02 -6.63482E-01  8.16275E+00  2.00000E+01  5.73900E+02  5.73900E+02
b  21    1 21   16  99  5.47787E-01 -1.22314E-01  1.45128E-01 -3.41777E-02 -6.23697E-01  2.54613E-01  2.54613E-01
b  21    1 21   17  99  1.67753E-01 -2.51889E-02  3.50332E-02 -8.09551E-03 -6.73263E-01  6.70960E-02  6.70960E-02
b  21    2 21   17  99  5.47787E-01 -1.22314E-01  1.45128E-01 -3.41777E-02 -6.23697E-01  2.90987E-01  2.90987E-01
b  21   16 21   17  99  2.16875E-02  1.96912E-02 -2.15964E-02  2.63869E-03  2.54929E-01  1.14540E+01  1.14540E+01
b  21    1 21   18  99  1.97934E-01 -5.40266E-02  6.09153E-02 -1.45338E-02 -5.86637E-01  2.29280E-02  2.29280E-02
b  21    3 21   18  99  5.47787E-01 -1.22314E-01  1.45128E-01 -3.41777E-02 -6.23697E-01  2.90987E-01  2.90987E-01
b  21   16 21   18  99  2.61398E-03  4.81886E-03 -6.56396E-03  3.20125E-04  5.23786E-01  4.72800E+00  4.72800E+00
b  21   17 21   18  99  2.13950E-01  1.36360E-01 -8.89210E-01  1.69660E+00  2.91860E+00  9.70700E-01  9.70700E-01
b  21    1 21   19  99  2.78483E-01 -9.93639E-02  1.04568E-01 -2.48348E-02 -5.44733E-01  1.00080E-02  1.00080E-02
b  21    4 21   19  99  5.47787E-01 -1.22314E-01  1.45128E-01 -3.41777E-02 -6.23697E-01  2.90987E-01  2.90987E-01
b  21   16 21   19  99  3.58424E-01  4.08986E-01 -3.40251E-01  2.96337E-02 -3.02744E-02  5.19480E-02  5.19480E-02
b  21   17 21   19  99  3.61583E-01  9.23344E-01 -2.10054E+00  5.60381E-02  1.38824E+00  1.00200E-01  1.00200E-01
b  21   18 21   19  99  8.30387E-02  1.48651E-02 -1.80459E-01  3.60022E-01  1.32689E+00  3.60000E+00  3.60000E+00
b  21    1 21   20  99  2.72764E-01 -1.01050E-01  1.05059E-01 -2.48208E-02 -5.38969E-01  5.61200E-03  5.61200E-03
b  21    5 21   20  99  5.47787E-01 -1.22314E-01  1.45128E-01 -3.41777E-02 -6.23697E-01  2.90987E-01  2.90987E-01
b  21   16 21   20  99  3.58733E-01  3.43574E-01 -2.73219E-01  2.72938E-02 -6.18093E-02  2.98800E-02  2.98800E-02
b  21   17 21   20  99  3.88578E-01  1.44202E+00 -2.64229E+00  5.84548E-02  9.11320E-01  3.39100E-02  3.39100E-02
b  21   18 21   20  99  3.03846E-01  7.10814E-01 -1.62290E+00  5.11532E-02  1.37585E+00  1.65000E-01  1.65000E-01
b  21   19 21   20  99  3.09421E-01 -1.17465E-01  1.02212E-01 -6.97316E-03 -2.89053E-01  1.28200E+00  1.28200E+00
b  21    1 21   21  99  2.68720E-01 -1.02214E-01  1.05894E-01 -2.50259E-02 -5.32712E-01  3.47840E-03  3.47840E-03
b  21    6 21   21  99  5.47787E-01 -1.22314E-01  1.45128E-01 -3.41777E-02 -6.23697E-01  2.90987E-01  2.90987E-01
b  21   16 21   21  99  3.73410E-01  2.91269E-01 -2.21898E-01  2.61992E-02 -8.91360E-02  1.89480E-02  1.89480E-02
b  21   17 21   21  99  4.08720E-01  1.83712E+00 -2.98257E+00  6.20280E-02  6.86625E-01  1.61900E-02  1.61900E-02
b  21   18 21   21  99  3.13954E-01  1.25651E+00 -2.16850E+00  9.82340E-02  7.62842E-01  5.67300E-02  5.67300E-02
b  21   19 21   21  99  7.36156E-01 -9.78752E-01  8.79344E+00 -4.93183E+00  7.24136E+00  2.17200E-01  2.17200E-01
b  21   20 21   21  99  1.52926E+00 -4.11431E+00  1.36301E+01 -2.79964E+00  2.10057E+00  1.52000E+00  1.52000E+00
b  21    1 21   22  99  2.15068E-01 -7.75239E-02  8.10074E-02 -1.91563E-02 -5.45703E-01  2.30960E-03  2.30960E-03
b  21    7 21   22  99  5.47787E-01 -1.22314E-01  1.45128E-01 -3.41777E-02 -6.23697E-01  2.90987E-01  2.90987E-01
b  21   16 21   22  99  3.75432E-01  2.76751E-01 -2.03107E-01  2.51723E-02 -1.18214E-01  1.28280E-02  1.28280E-02
b  21   17 21   22  99  4.29821E-01  2.14605E+00 -3.23643E+00  6.80531E-02  5.64190E-01  9.20600E-03  9.20600E-03
b  21   18 21   22  99  3.30390E-01  1.61494E+00 -2.41118E+00  5.60832E-02  5.41577E-01  2.73900E-02  2.73900E-02
b  21   19 21   22  99  8.63143E-01 -1.89785E+00  7.39814E+01 -6.92708E+02  2.00000E+01  7.41300E-02  7.41300E-02
b  21   20 21   22  99  1.31065E+00 -2.25701E+00  6.67067E+00  5.45262E-02  1.96062E+00  2.51400E-01  2.51400E-01
b  21   21 21   22  99  2.39178E-01  6.03946E+00 -3.15145E+02  3.95334E+03  2.00000E+01  1.74500E+00  1.74500E+00
b  21    1 21   23  99  2.04575E-01 -7.60848E-02  8.02839E-02 -1.91950E-02 -5.27939E-01  1.61280E-03  1.61280E-03
b  21    8 21   23  99  5.47787E-01 -1.22314E-01  1.45128E-01 -3.41777E-02 -6.23697E-01  2.90987E-01  2.90987E-01
b  21   16 21   23  99  4.42534E-01  1.53850E-01 -7.08574E-02  1.40208E-02 -4.45467E-01  9.10080E-03  9.10080E-03
b  21   17 21   23  99  4.49791E-01  2.39661E+00 -3.46279E+00  7.19722E-02  4.95517E-01  5.83000E-03  5.83000E-03
b  21   18 21   23  99  3.47983E-01  1.87113E+00 -2.58169E+00  3.50257E-02  4.32825E-01  1.58000E-02  1.58000E-02
b  21   19 21   23  99  9.50996E-01 -2.44648E+00  1.19041E+02 -1.37773E+03  2.00000E+01  3.61300E-02  3.61300E-02
b  21   20 21   23  99  3.41387E+00 -8.33392E+00  3.17865E+01 -7.42321E+00  2.57365E+00  8.89900E-02  8.89900E-02
b  21   21 21   23  99  5.93157E-01  1.15772E+01 -6.10727E+02  7.71563E+03  2.00000E+01  3.01400E-01  3.01400E-01
b  21   22 21   23  99  3.93419E-04  1.30801E-02 -6.63482E-01  8.16275E+00  2.00000E+01  5.73900E+02  5.73900E+02
b  21    1 21   24  99  5.06398E-01 -4.23413E-01  7.72843E-01 -2.88360E-01  1.84085E-01  1.92267E-02  1.92267E-02
b  21   16 21   24  99  4.83624E-01 -4.41623E-01  7.85631E-01 -2.58642E-01  2.59333E-01  7.00000E-02  7.00000E-02
b  21    1 21   25  99  7.67276E-01 -7.39562E-01  1.56740E+00  4.59724E+00  2.61851E+00  1.36240E-03  1.36240E-03
b  21    2 21   25  99  5.06398E-01 -4.23413E-01  7.72843E-01 -2.88360E-01  1.84085E-01  2.19733E-02  2.19733E-02
b  21   17 21   25  99  4.83624E-01 -4.41623E-01  7.85631E-01 -2.58642E-01  2.59333E-01  7.00000E-02  7.00000E-02
b  21   24 21   25  99  2.16875E-02  1.96912E-02 -2.15964E-02  2.63869E-03  2.54929E-01  1.14540E+01  1.14540E+01
b  21    1 21   26  99  6.06268E-01 -4.87546E-01  9.09754E-01 -3.58960E-01  1.56643E-01  4.22800E-04  4.22800E-04
b  21    3 21   26  99  5.06398E-01 -4.23413E-01  7.72843E-01 -2.88360E-01  1.84085E-01  2.19733E-02  2.19733E-02
b  21   18 21   26  99  4.83624E-01 -4.41623E-01  7.85631E-01 -2.58642E-01  2.59333E-01  7.00000E-02  7.00000E-02
b  21   24 21   26  99  2.61398E-03  4.81886E-03 -6.56396E-03  3.20125E-04  5.23786E-01  4.72800E+00  4.72800E+00
b  21   25 21   26  99  2.13950E-01  1.36360E-01 -8.89210E-01  1.69660E+00  2.91860E+00  9.70700E-01  9.70700E-01
b  21    1 21   27  99  6.51083E-01 -5.41109E-01  1.02253E+00 -4.02011E-01  1.98658E-01  1.74280E-04  1.74280E-04
b  21    4 21   27  99  5.06398E-01 -4.23413E-01  7.72843E-01 -2.88360E-01  1.84085E-01  2.19733E-02  2.19733E-02
b  21   19 21   27  99  4.83624E-01 -4.41623E-01  7.85631E-01 -2.58642E-01  2.59333E-01  7.00000E-02  7.00000E-02
b  21   24 21   27  99  3.58424E-01  4.08986E-01 -3.40251E-01  2.96337E-02 -3.02744E-02  5.19480E-02  5.19480E-02
b  21   25 21   27  99  3.61583E-01  9.23344E-01 -2.10054E+00  5.60381E-02  1.38824E+00  1.00200E-01  1.00200E-01
b  21   26 21   27  99  8.30387E-02  1.48651E-02 -1.80459E-01  3.60022E-01  1.32689E+00  3.60000E+00  3.60000E+00
b  21    1 21   28  99  6.22932E-01 -5.26823E-01  9.99449E-01 -3.86245E-01  2.31560E-01  9.11200E-05  9.11200E-05
b  21    5 21   28  99  5.06398E-01 -4.23413E-01  7.72843E-01 -2.88360E-01  1.84085E-01  2.19733E-02  2.19733E-02
b  21   20 21   28  99  4.83624E-01 -4.41623E-01  7.85631E-01 -2.58642E-01  2.59333E-01  7.00000E-02  7.00000E-02
b  21   24 21   28  99  3.58733E-01  3.43574E-01 -2.73219E-01  2.72938E-02 -6.18093E-02  2.98800E-02  2.98800E-02
b  21   25 21   28  99  3.88578E-01  1.44202E+00 -2.64229E+00  5.84548E-02  9.11320E-01  3.39100E-02  3.39100E-02
b  21   26 21   28  99  3.03846E-01  7.10814E-01 -1.62290E+00  5.11532E-02  1.37585E+00  1.65000E-01  1.65000E-01
b  21   27 21   28  99  3.09421E-01 -1.17465E-01  1.02212E-01 -6.97316E-03 -2.89053E-01  1.28200E+00  1.28200E+00
b  21    1 21   29  99  6.04564E-01 -5.12905E-01  9.69738E-01 -3.70629E-01  2.37201E-01  5.35200E-05  5.35200E-05
b  21    6 21   29  99  5.06398E-01 -4.23413E-01  7.72843E-01 -2.88360E-01  1.84085E-01  2.19733E-02  2.19733E-02
b  21   21 21   29  99  4.83624E-01 -4.41623E-01  7.85631E-01 -2.58642E-01  2.59333E-01  7.00000E-02  7.00000E-02
b  21   24 21   29  99  3.73410E-01  2.91269E-01 -2.21898E-01  2.61992E-02 -8.91360E-02  1.89480E-02  1.89480E-02
b  21   25 21   29  99  4.08720E-01  1.83712E+00 -2.98257E+00  6.20280E-02  6.86625E-01  1.61900E-02  1.61900E-02
b  21   26 21   29  99  3.13954E-01  1.25651E+00 -2.16850E+00  9.82340E-02  7.62842E-01  5.67300E-02  5.67300E-02
b  21   27 21   29  99  7.36156E-01 -9.78752E-01  8.79344E+00 -4.93183E+00  7.24136E+00  2.17200E-01  2.17200E-01
b  21   28 21   29  99  1.52926E+00 -4.11431E+00  1.36301E+01 -2.79964E+00  2.10057E+00  1.52000E+00  1.52000E+00
b  21    1 21   30  99  5.92166E-01 -5.07547E-01  9.57005E-01 -3.63366E-01  2.40604E-01  3.40600E-05  3.40600E-05
b  21    7 21   30  99  5.06398E-01 -4.23413E-01  7.72843E-01 -2.88360E-01  1.84085E-01  2.19733E-02  2.19733E-02
b  21   22 21   30  99  4.83624E-01 -4.41623E-01  7.85631E-01 -2.58642E-01  2.59333E-01  7.00000E-02  7.00000E-02
b  21   24 21   30  99  3.75432E-01  2.76751E-01 -2.03107E-01  2.51723E-02 -1.18214E-01  1.28280E-02  1.28280E-02
b  21   25 21   30  99  4.29821E-01  2.14605E+00 -3.23643E+00  6.80531E-02  5.64190E-01  9.20600E-03  9.20600E-03
b  21   26 21   30  99  3.30390E-01  1.61494E+00 -2.41118E+00  5.60832E-02  5.41577E-01  2.73900E-02  2.73900E-02
b  21   27 21   30  99  8.63143E-01 -1.89785E+00  7.39814E+01 -6.92708E+02  2.00000E+01  7.41300E-02  7.41300E-02
b  21   28 21   30  99  1.31065E+00 -2.25701E+00  6.67067E+00  5.45262E-02  1.96062E+00  2.51400E-01  2.51400E-01
b  21   29 21   30  99  2.39178E-01  6.03946E+00 -3.15145E+02  3.95334E+03  2.00000E+01  1.74500E+00  1.74500E+00
b  21    1 21   31  99  7.04440E-01 -6.17451E-01  1.14729E+00 -4.19497E-01  2.52585E-01  2.30000E-05  2.30000E-05
b  21    8 21   31  99  5.06398E-01 -4.23413E-01  7.72843E-01 -2.88360E-01  1.84085E-01  2.19733E-02  2.19733E-02
b  21   23 21   31  99  4.83624E-01 -4.41623E-01  7.85631E-01 -2.58642E-01  2.59333E-01  7.00000E-02  7.00000E-02
b  21   24 21   31  99  4.42534E-01  1.53850E-01 -7.08574E-02  1.40208E-02 -4.45467E-01  9.10080E-03  9.10080E-03
b  21   25 21   31  99  4.49791E-01  2.39661E+00 -3.46279E+00  7.19722E-02  4.95517E-01  5.83000E-03  5.83000E-03
b  21   26 21   31  99  3.47983E-01  1.87113E+00 -2.58169E+00  3.50257E-02  4.32825E-01  1.58000E-02  1.58000E-02
b  21   27 21   31  99  9.50996E-01 -2.44648E+00  1.19041E+02 -1.37773E+03  2.00000E+01  3.61300E-02  3.61300E-02
b  21   28 21   31  99  3.41387E+00 -8.33392E+00  3.17865E+01 -7.42321E+00  2.57365E+00  8.89900E-02  8.89900E-02
b  21   29 21   31  99  5.93157E-01  1.15772E+01 -6.10727E+02  7.71563E+03  2.00000E+01  3.01400E-01  3.01400E-01
b  21   30 21   31  99  3.93419E-04  1.30801E-02 -6.63482E-01  8.16275E+00  2.00000E+01  5.73900E+02  5.73900E+02
f  21    1 20    1  99  1.10000E+01  8.40000E+00
p  21    1 20    1  98  9.32420E-01 -1.37350E+00 -2.27320E-01  8.23190E-03  1.10000E+01  5.76300E+01  5.99000E+01  1.15200E+03
f  21    2 20    1  99  1.00000E+00  2.07660E+00
p  21    2 20    1  99  1.00000E+00  2.07660E+00
f  21    3 20    1  99  1.00000E+00  1.22680E+00
p  21    3 20    1  99  1.00000E+00  1.22680E+00
f  21    4 20    1  99  1.00000E+00  1.28200E+00
p  21    4 20    1  99  1.00000E+00  1.28200E+00
f  21    5 20    1  99  1.00000E+00  1.22200E+00
p  21    5 20    1  99  1.00000E+00  1.22200E+00
f  21    6 20    1  99  1.00000E+00  1.10820E+00
p  21    6 20    1  99  1.00000E+00  1.10820E+00
f  21    7 20    1  99  1.00000E+00  1.08820E+00
p  21    7 20    1  99  1.00000E+00  1.08820E+00
f  21    8 20    1  99  1.00000E+00  1.00200E+00
p  21    8 20    1  99  1.00000E+00  1.00200E+00
f  21    2 20    2  99  1.00000E+01  2.07660E+00
p  21    2 20    2  98  9.32420E-01 -1.37350E+00 -2.27320E-01  8.23190E-03  1.10000E+01  5.76300E+01  5.99000E+01  1.15200E+03
f  21    9 20    2  99  2.00000E+00  2.63710E+00
p  21    9 20    2  99  2.00000E+00  2.63710E+00
f  21   10 20    2  99  1.00000E+00  1.28640E+00
p  21   10 20    2  99  1.00000E+00  1.28640E+00
f  21   11 20    2  99  1.00000E+00  1.30400E+00
p  21   11 20    2  99  1.00000E+00  1.30400E+00
f  21   12 20    2  99  1.00000E+00  1.23300E+00
p  21   12 20    2  99  1.00000E+00  1.23300E+00
f  21   13 20    2  99  1.00000E+00  1.11520E+00
p  21   13 20    2  99  1.00000E+00  1.11520E+00
f  21   14 20    2  99  1.00000E+00  1.09420E+00
p  21   14 20    2  99  1.00000E+00  1.09420E+00
f  21   15 20    2  99  1.00000E+00  1.01190E+00
p  21   15 20    2  99  1.00000E+00  1.01190E+00
f  21    3 20    3  99  1.00000E+01  1.22680E+00
p  21    3 20    3  98  9.32420E-01 -1.37350E+00 -2.27320E-01  8.23190E-03  1.10000E+01  5.76300E+01  5.99000E+01  1.15200E+03
f  21   10 20    3  99  1.00000E+00  1.28640E+00
p  21   10 20    3  99  1.00000E+00  1.28640E+00
f  21    4 20    4  99  1.00000E+01  1.28200E+00
p  21    4 20    4  98  9.32420E-01 -1.37350E+00 -2.27320E-01  8.23190E-03  1.10000E+01  5.76300E+01  5.99000E+01  1.15200E+03
f  21   11 20    4  99  1.00000E+00  1.30400E+00
p  21   11 20    4  99  1.00000E+00  1.30400E+00
f  21    5 20    5  99  1.00000E+01  1.22200E+00
p  21    5 20    5  98  9.32420E-01 -1.37350E+00 -2.27320E-01  8.23190E-03  1.10000E+01  5.76300E+01  5.99000E+01  1.15200E+03
f  21   12 20    5  99  1.00000E+00  1.23300E+00
p  21   12 20    5  99  1.00000E+00  1.23300E+00
f  21    6 20    6  99  1.00000E+01  1.10820E+00
p  21    6 20    6  98  9.32420E-01 -1.37350E+00 -2.27320E-01  8.23190E-03  1.10000E+01  5.76300E+01  5.99000E+01  1.15200E+03
f  21   13 20    6  99  1.00000E+00  1.11520E+00
p  21   13 20    6  99  1.00000E+00  1.11520E+00
f  21    7 20    7  99  1.00000E+01  1.08820E+00
p  21    7 20    7  98  9.32420E-01 -1.37350E+00 -2.27320E-01  8.23190E-03  1.10000E+01  5.76300E+01  5.99000E+01  1.15200E+03
f  21   14 20    7  99  1.00000E+00  1.09420E+00
p  21   14 20    7  99  1.00000E+00  1.09420E+00
f  21    8 20    8  99  1.00000E+01  1.00200E+00
p  21    8 20    8  98  9.32420E-01 -1.37350E+00 -2.27320E-01  8.23190E-03  1.10000E+01  5.76300E+01  5.99000E+01  1.15200E+03
f  21   15 20    8  99  1.00000E+00  1.01190E+00
p  21   15 20    8  99  1.00000E+00  1.01190E+00
f  21    9 20    9  99  9.00000E+00  2.63710E+00
p  21    9 20    9  98  9.32420E-01 -1.37350E+00 -2.27320E-01  8.23190E-03  1.10000E+01  5.76300E+01  5.99000E+01  1.15200E+03
f  21   10 20   10  99  9.00000E+00  1.28640E+00
p  21   10 20   10  98  9.32420E-01 -1.37350E+00 -2.27320E-01  8.23190E-03  1.10000E+01  5.76300E+01  5.99000E+01  1.15200E+03
f  21   11 20   11  99  9.00000E+00  1.30400E+00
p  21   11 20   11  98  9.32420E-01 -1.37350E+00 -2.27320E-01  8.23190E-03  1.10000E+01  5.76300E+01  5.99000E+01  1.15200E+03
f  21   12 20   12  99  9.00000E+00  1.23300E+00
p  21   12 20   12  98  9.32420E-01 -1.37350E+00 -2.27320E-01  8.23190E-03  1.10000E+01  5.76300E+01  5.99000E+01  1.15200E+03
f  21   13 20   13  99  9.00000E+00  1.11520E+00
p  21   13 20   13  98  9.32420E-01 -1.37350E+00 -2.27320E-01  8.23190E-03  1.10000E+01  5.76300E+01  5.99000E+01  1.15200E+03
f  21   14 20   14  99  9.00000E+00  1.09420E+00
p  21   14 20   14  98  9.32420E-01 -1.37350E+00 -2.27320E-01  8.23190E-03  1.10000E+01  5.76300E+01  5.99000E+01  1.15200E+03
f  21   15 20   15  99  9.00000E+00  1.01190E+00
p  21   15 20   15  98  9.32420E-01 -1.37350E+00 -2.27320E-01  8.23190E-03  1.10000E+01  5.76300E+01  5.99000E+01  1.15200E+03
f  21    1 20   16  99  8.00000E+00  8.40000E+00
p  21    1 20   16  98  2.13930E+00 -2.21100E+00 -2.26920E-01  2.70210E-02  8.00000E+00  4.93900E+02  5.13700E+02  9.87900E+03
f  21   16 20   16  99  1.20000E+01  8.96400E+00
p  21   16 20   16  98  9.32420E-01 -1.37350E+00 -2.27320E-01  8.23190E-03  1.10000E+01  5.76300E+01  5.99000E+01  1.15200E+03
f  21   17 20   16  99  1.00000E+00  2.13330E+00
p  21   17 20   16  99  1.00000E+00  2.13330E+00
f  21   18 20   16  99  1.00000E+00  1.24510E+00
p  21   18 20   16  99  1.00000E+00  1.24510E+00
f  21   19 20   16  99  1.00000E+00  1.28800E+00
p  21   19 20   16  99  1.00000E+00  1.28800E+00
f  21   20 20   16  99  1.00000E+00  1.22600E+00
p  21   20 20   16  99  1.00000E+00  1.22600E+00
f  21   21 20   16  99  1.00000E+00  1.11720E+00
p  21   21 20   16  99  1.00000E+00  1.11720E+00
f  21   22 20   16  99  1.00000E+00  1.09520E+00
p  21   22 20   16  99  1.00000E+00  1.09520E+00
f  21   23 20   16  99  1.00000E+00  1.00200E+00
p  21   23 20   16  99  1.00000E+00  1.00200E+00
f  21    2 20   17  99  8.00000E+00  2.07660E+00
p  21    2 20   17  98  2.13930E+00 -2.21100E+00 -2.26920E-01  2.70210E-02  8.00000E+00  4.93900E+02  5.13700E+02  9.87900E+03
f  21   17 20   17  99  1.10000E+01  2.13330E+00
p  21   17 20   17  98  9.32420E-01 -1.37350E+00 -2.27320E-01  8.23190E-03  1.10000E+01  5.76300E+01  5.99000E+01  1.15200E+03
f  21    3 20   18  99  8.00000E+00  1.22680E+00
p  21    3 20   18  98  2.13930E+00 -2.21100E+00 -2.26920E-01  2.70210E-02  8.00000E+00  4.93900E+02  5.13700E+02  9.87900E+03
f  21   18 20   18  99  1.10000E+01  1.24510E+00
p  21   18 20   18  98  9.32420E-01 -1.37350E+00 -2.27320E-01  8.23190E-03  1.10000E+01  5.76300E+01  5.99000E+01  1.15200E+03
f  21    4 20   19  99  8.00000E+00  1.28200E+00
p  21    4 20   19  98  2.13930E+00 -2.21100E+00 -2.26920E-01  2.70210E-02  8.00000E+00  4.93900E+02  5.13700E+02  9.87900E+03
f  21   19 20   19  99  1.10000E+01  1.28800E+00
p  21   19 20   19  98  9.32420E-01 -1.37350E+00 -2.27320E-01  8.23190E-03  1.10000E+01  5.76300E+01  5.99000E+01  1.15200E+03
f  21    5 20   20  99  8.00000E+00  1.22200E+00
p  21    5 20   20  98  2.13930E+00 -2.21100E+00 -2.26920E-01  2.70210E-02  8.00000E+00  4.93900E+02  5.13700E+02  9.87900E+03
f  21   20 20   20  99  1.10000E+01  1.22600E+00
p  21   20 20   20  98  9.32420E-01 -1.37350E+00 -2.27320E-01  8.23190E-03  1.10000E+01  5.76300E+01  5.99000E+01  1.15200E+03
f  21    6 20   21  99  8.00000E+00  1.10820E+00
p  21    6 20   21  98  2.13930E+00 -2.21100E+00 -2.26920E-01  2.70210E-02  8.00000E+00  4.93900E+02  5.13700E+02  9.87900E+03
f  21   21 20   21  99  1.10000E+01  1.11720E+00
p  21   21 20   21  98  9.32420E-01 -1.37350E+00 -2.27320E-01  8.23190E-03  1.10000E+01  5.76300E+01  5.99000E+01  1.15200E+03
f  21    7 20   22  99  8.00000E+00  1.08820E+00
p  21    7 20   22  98  2.13930E+00 -2.21100E+00 -2.26920E-01  2.70210E-02  8.00000E+00  4.93900E+02  5.13700E+02  9.87900E+03
f  21   22 20   22  99  1.10000E+01  1.09520E+00
p  21   22 20   22  98  9.32420E-01 -1.37350E+00 -2.27320E-01  8.23190E-03  1.10000E+01  5.76300E+01  5.99000E+01  1.15200E+03
f  21    8 20   23  99  8.00000E+00  1.00200E+00
p  21    8 20   23  98  2.13930E+00 -2.21100E+00 -2.26920E-01  2.70210E-02  8.00000E+00  4.93900E+02  5.13700E+02  9.87900E+03
f  21   23 20   23  99  1.10000E+01  1.00200E+00
p  21   23 20   23  98  9.32420E-01 -1.37350E+00 -2.27320E-01  8.23190E-03  1.10000E+01  5.76300E+01  5.99000E+01  1.15200E+03
f  21    1 20   24  99  2.00000E+00  8.40000E+00
p  21    1 20   24  98  2.20050E+00 -2.48490E+00 -1.92270E-01  1.89320E-02  2.00000E+00  4.47300E+03  4.65200E+03  8.94600E+04
f  21   24 20   24  99  1.20000E+01  9.04400E+00
p  21   24 20   24  98  9.32420E-01 -1.37350E+00 -2.27320E-01  8.23190E-03  1.10000E+01  5.76300E+01  5.99000E+01  1.15200E+03
f  21   25 20   24  99  1.00000E+00  2.15650E+00
p  21   25 20   24  99  1.00000E+00  2.15650E+00
f  21   26 20   24  99  1.00000E+00  1.24420E+00
p  21   26 20   24  99  1.00000E+00  1.24420E+00
f  21   27 20   24  99  1.00000E+00  1.29700E+00
p  21   27 20   24  99  1.00000E+00  1.29700E+00
f  21   28 20   24  99  1.00000E+00  1.23500E+00
p  21   28 20   24  99  1.00000E+00  1.23500E+00
f  21   29 20   24  99  1.00000E+00  1.11810E+00
p  21   29 20   24  99  1.00000E+00  1.11810E+00
f  21   30 20   24  99  1.00000E+00  1.09610E+00
p  21   30 20   24  99  1.00000E+00  1.09610E+00
f  21   31 20   24  99  1.00000E+00  1.00200E+00
p  21   31 20   24  99  1.00000E+00  1.00200E+00
f  21    2 20   25  99  2.00000E+00  2.07660E+00
p  21    2 20   25  98  2.20050E+00 -2.48490E+00 -1.92270E-01  1.89320E-02  2.00000E+00  4.47300E+03  4.65200E+03  8.94600E+04
f  21   25 20   25  99  1.10000E+01  2.15650E+00
p  21   25 20   25  98  9.32420E-01 -1.37350E+00 -2.27320E-01  8.23190E-03  1.10000E+01  5.76300E+01  5.99000E+01  1.15200E+03
f  21    3 20   26  99  2.00000E+00  1.22680E+00
p  21    3 20   26  98  2.20050E+00 -2.48490E+00 -1.92270E-01  1.89320E-02  2.00000E+00  4.47300E+03  4.65200E+03  8.94600E+04
f  21   26 20   26  99  1.10000E+01  1.24420E+00
p  21   26 20   26  98  9.32420E-01 -1.37350E+00 -2.27320E-01  8.23190E-03  1.10000E+01  5.76300E+01  5.99000E+01  1.15200E+03
f  21    4 20   27  99  2.00000E+00  1.28200E+00
p  21    4 20   27  98  2.20050E+00 -2.48490E+00 -1.92270E-01  1.89320E-02  2.00000E+00  4.47300E+03  4.65200E+03  8.94600E+04
f  21   27 20   27  99  1.10000E+01  1.29700E+00
p  21   27 20   27  98  9.32420E-01 -1.37350E+00 -2.27320E-01  8.23190E-03  1.10000E+01  5.76300E+01  5.99000E+01  1.15200E+03
f  21    5 20   28  99  2.00000E+00  1.22200E+00
p  21    5 20   28  98  2.20050E+00 -2.48490E+00 -1.92270E-01  1.89320E-02  2.00000E+00  4.47300E+03  4.65200E+03  8.94600E+04
f  21   28 20   28  99  1.10000E+01  1.23500E+00
p  21   28 20   28  98  9.32420E-01 -1.37350E+00 -2.27320E-01  8.23190E-03  1.10000E+01  5.76300E+01  5.99000E+01  1.15200E+03
f  21    6 20   29  99  2.00000E+00  1.10820E+00
p  21    6 20   29  98  2.20050E+00 -2.48490E+00 -1.92270E-01  1.89320E-02  2.00000E+00  4.47300E+03  4.65200E+03  8.94600E+04
f  21   29 20   29  99  1.10000E+01  1.11810E+00
p  21   29 20   29  98  9.32420E-01 -1.37350E+00 -2.27320E-01  8.23190E-03  1.10000E+01  5.76300E+01  5.99000E+01  1.15200E+03
f  21    7 20   30  99  2.00000E+00  1.08820E+00
p  21    7 20   30  98  2.20050E+00 -2.48490E+00 -1.92270E-01  1.89320E-02  2.00000E+00  4.47300E+03  4.65200E+03  8.94600E+04
f  21   30 20   30  99  1.10000E+01  1.09610E+00
p  21   30 20   30  98  9.32420E-01 -1.37350E+00 -2.27320E-01  8.23190E-03  1.10000E+01  5.76300E+01  5.99000E+01  1.15200E+03
f  21    8 20   31  99  2.00000E+00  1.00200E+00
p  21    8 20   31  98  2.20050E+00 -2.48490E+00 -1.92270E-01  1.89320E-02  2.00000E+00  4.47300E+03  4.65200E+03  8.94600E+04
f  21   31 20   31  99  1.10000E+01  1.00200E+00
p  21   31 20   31  98  9.32420E-01 -1.37350E+00 -2.27320E-01  8.23190E-03  1.10000E+01  5.76300E+01  5.99000E+01  1.15200E+03
a  21    9 20    1   1.05805E+13
a  21   10 20    1   7.50750E+12
a  21   11 20    1   3.06650E+12
a  21   12 20    1   1.41880E+12
a  21   13 20    1   7.27700E+11
a  21   14 20    1   4.03825E+11
a  21   15 20    1   2.38455E+11
a  21   16 20    1   1.92233E+14
a  21   17 20    1   6.69158E+11
a  21   18 20    1   1.38637E+11
a  21   19 20    1   4.43809E+10
a  21   20 20    1   2.05334E+10
a  21   21 20    1   1.05320E+10
a  21   22 20    1   5.84430E+09
a  21   23 20    1   3.45106E+09
a  21   24 20    1   4.06817E+12
a  21   25 20    1   1.28491E+10
a  21   26 20    1   2.11898E+09
a  21   27 20    1   6.08135E+08
a  21   28 20    1   2.81369E+08
a  21   29 20    1   1.44314E+08
a  21   30 20    1   8.00855E+07
a  21   31 20    1   4.72896E+07
a  21   17 20    2   1.60194E+14
a  21   25 20    2   3.39014E+12
a  21   18 20    3   1.60194E+14
a  21   26 20    3   3.39014E+12
a  21   19 20    4   1.60194E+14
a  21   27 20    4   3.39014E+12
a  21   20 20    5   1.60194E+14
a  21   28 20    5   3.39014E+12
a  21   21 20    6   1.60194E+14
a  21   29 20    6   3.39014E+12
a  21   22 20    7   1.60194E+14
a  21   30 20    7   3.39014E+12
a  21   23 20    8   1.60194E+14
a  21   31 20    8   3.39014E+12
a  21   24 20   16   1.18834E+14
a  21   25 20   16   1.93860E+11
a  21   26 20   16   3.24608E+10
a  21   27 20   16   9.36800E+09
a  21   28 20   16   4.33440E+09
a  21   29 20   16   2.22308E+09
a  21   30 20   16   1.23364E+09
a  21   31 20   16   7.28440E+08
a  21   25 20   17   1.08931E+14
a  21   26 20   18   1.08931E+14
a  21   27 20   19   1.08931E+14
a  21   28 20   20   1.08931E+14
a  21   29 20   21   1.08931E+14
a  21   30 20   22   1.08931E+14
a  21   31 20   23   1.08931E+14
