0    1    1         0.000000
    0    1    1   barenucl         0.000000  1.00000E+00  1.00000E+00  0.00000E+00  0.00000E+00    1   0  0 0 0 0 0 0 0 0 0 0
1   10   10     10016.400391
    1    1    2   h_100001         0.000000  2.00000E+00  2.70000E+01  1.00164E+04  0.00000E+00    1   1  1 0 0 0 0 0 0 0 0 0
    1    2    3   h_010002      7522.909785  8.00000E+00  2.70000E+01  2.49349E+03  2.46541E+14    1   2  0 1 0 0 0 0 0 0 0 0
    1    3    4   h_001003      8910.819983  1.80000E+01  2.70000E+01  1.10558E+03  5.30885E+13    1   3  0 0 1 0 0 0 0 0 0 0
    1    4    5   h_000104      9395.239615  3.20000E+01  2.70000E+01  6.21161E+02  1.61304E+13    1   4  0 0 0 1 0 0 0 0 0 0
    1    5    6   h_000005      9619.111183  5.00000E+01  2.70000E+01  3.97289E+02  6.18413E+12    1   5  0 0 0 0 1 0 0 0 0 0
    1    6    7   h_000006      9740.610837  7.20000E+01  2.70000E+01  2.75790E+02  2.77991E+12    1   6  0 0 0 0 0 1 0 0 0 0
    1    7    8   h_000007      9813.829621  9.80000E+01  2.70000E+01  2.02571E+02  1.40166E+12    1   7  0 0 0 0 0 0 1 0 0 0
    1    8    9   h_000008      9861.333315  1.28000E+02  2.70000E+01  1.55067E+02  7.70223E+11    1   8  0 0 0 0 0 0 0 1 0 0
    1    9   10   h_000009      9893.892975  1.62000E+02  2.70000E+01  1.22507E+02  4.52496E+11    1   9  0 0 0 0 0 0 0 0 1 0
    1   10   11   h_000010      9917.178168  2.00000E+02  2.70000E+01  9.92222E+01  2.60163E+11    1  10  0 0 0 0 0 0 0 0 0 1
2   19   10      9525.799805
    2    1   12   he200001         0.000000  1.00000E+00  2.68438E+01  9.52580E+03  0.00000E+00    1   1  2 0 0 0 0 0 0 0 0 0
    2    2   13   he110002      7210.097785  1.60000E+01  2.60620E+01  2.31570E+03  1.08801E+14    1   2  1 1 0 0 0 0 0 0 0 0
    2    3   14   he101003      8489.572781  3.60000E+01  2.60160E+01  1.03623E+03  3.28358E+13    1   3  1 0 1 0 0 0 0 0 0 0
    2    4   15   he100104      8949.680933  6.40000E+01  2.60046E+01  5.76119E+02  1.12360E+13    1   4  1 0 0 1 0 0 0 0 0 0
    2    5   16   he100005      9157.347412  1.00000E+02  2.60030E+01  3.68452E+02  4.44481E+12    1   5  1 0 0 0 1 0 0 0 0 0
    2    6   17   he100006      9270.021040  1.44000E+02  2.60030E+01  2.55779E+02  2.00602E+12    1   6  1 0 0 0 0 1 0 0 0 0
    2    7   18   he100007      9337.952756  1.96000E+02  2.60010E+01  1.87847E+02  1.02896E+12    1   7  1 0 0 0 0 0 1 0 0 0
    2    8   19   he100008      9382.011874  2.56000E+02  2.60001E+01  1.43788E+02  5.72380E+11    1   8  1 0 0 0 0 0 0 1 0 0
    2    9   20   he100009      9412.202244  3.24000E+02  2.60001E+01  1.13598E+02  3.39390E+11    1   9  1 0 0 0 0 0 0 0 1 0
    2   10   21   he100010      9433.793334  4.00000E+02  2.60001E+01  9.20065E+01  1.94398E+11    1  10  1 0 0 0 0 0 0 0 0 1
    2   11   22   he020002     14674.948843  2.80000E+01  2.66981E+01  2.37376E+03  5.68791E+14    2   2  0 2 0 0 0 0 0 0 0 0
    2   12   23   he011003     15996.142422  1.44000E+02  2.60960E+01  1.05257E+03  2.93711E+14    2   3  0 1 1 0 0 0 0 0 0 0
    2   13   24   he010104     16471.560321  2.56000E+02  2.60278E+01  5.77149E+02  2.54274E+14    2   4  0 1 0 1 0 0 0 0 0 0
    2   14   25   he010005     16680.282737  4.00000E+02  2.60021E+01  3.68427E+02  2.43337E+14    2   5  0 1 0 0 1 0 0 0 0 0
    2   15   26   he010006     16792.753567  5.76000E+02  2.60120E+01  2.55956E+02  2.39674E+14    2   6  0 1 0 0 0 1 0 0 0 0
    2   16   27   he010007     16860.732380  7.84000E+02  2.60100E+01  1.87977E+02  2.38289E+14    2   7  0 1 0 0 0 0 1 0 0 0
    2   17   28   he010008     16904.911699  1.02400E+03  2.60010E+01  1.43798E+02  2.37669E+14    2   8  0 1 0 0 0 0 0 1 0 0
    2   18   29   he010009     16935.104161  1.29600E+03  2.60010E+01  1.13605E+02  2.37355E+14    2   9  0 1 0 0 0 0 0 0 1 0
    2   19   30   he010010     16956.703119  1.60000E+03  2.60001E+01  9.20065E+01  2.37170E+14    2  10  0 1 0 0 0 0 0 0 0 1
3   18    9      2224.000000
    3    1   31   li210002         0.000000  8.00000E+00  2.51240E+01  2.22400E+03  0.00000E+00    1   2  2 1 0 0 0 0 0 0 0 0
    3    2   32   li201003      1254.146100  1.80000E+01  2.50320E+01  9.69854E+02  1.86180E+13    1   3  2 0 1 0 0 0 0 0 0 0
    3    3   33   li200104      1691.218640  3.20000E+01  2.50092E+01  5.32781E+02  7.51521E+12    1   4  2 0 0 1 0 0 0 0 0 0
    3    4   34   li200005      1883.293959  5.00000E+01  2.50060E+01  3.40706E+02  3.07829E+12    1   5  2 0 0 0 1 0 0 0 0 0
    3    5   35   li200006      1987.476365  7.20000E+01  2.50060E+01  2.36524E+02  1.43357E+12    1   6  2 0 0 0 0 1 0 0 0 0
    3    6   36   li200007      2050.320029  9.80000E+01  2.50020E+01  1.73680E+02  7.49326E+11    1   7  2 0 0 0 0 0 1 0 0 0
    3    7   37   li200008      2091.064666  1.28000E+02  2.50002E+01  1.32935E+02  4.22337E+11    1   8  2 0 0 0 0 0 0 1 0 0
    3    8   38   li200009      2118.975493  1.62000E+02  2.50002E+01  1.05025E+02  2.52954E+11    1   9  2 0 0 0 0 0 0 0 1 0
    3    9   39   li200010      2138.936606  2.00000E+02  2.50002E+01  8.50634E+01  1.44347E+11    1  10  2 0 0 0 0 0 0 0 0 1
    3   10   40   li120002      7158.404832  5.60000E+01  2.57601E+01  2.27569E+03  2.49834E+14    2   2  1 2 0 0 0 0 0 0 0 0
    3   11   41   li111003      8468.145889  2.88000E+02  2.51120E+01  9.65952E+02  1.38455E+14    2   3  1 1 1 0 0 0 0 0 0 0
    3   12   42   li110104      8900.325736  5.12000E+02  2.50324E+01  5.33772E+02  1.14133E+14    2   4  1 1 0 1 0 0 0 0 0 0
    3   13   43   li110005      9093.416300  8.00000E+02  2.50051E+01  3.40681E+02  1.07200E+14    2   5  1 1 0 0 1 0 0 0 0 0
    3   14   44   li110006      9197.403712  1.15200E+03  2.50150E+01  2.36694E+02  1.04784E+14    2   6  1 1 0 0 0 1 0 0 0 0
    3   15   45   li110007      9260.292667  1.56800E+03  2.50110E+01  1.73805E+02  1.03842E+14    2   7  1 1 0 0 0 0 1 0 0 0
    3   16   46   li110008      9301.152875  2.04800E+03  2.50011E+01  1.32945E+02  1.03411E+14    2   8  1 1 0 0 0 0 0 1 0 0
    3   17   47   li110009      9329.065713  2.59200E+03  2.50011E+01  1.05032E+02  1.03190E+14    2   9  1 1 0 0 0 0 0 0 1 0
    3   18   48   li110010      9349.034391  3.20000E+03  2.50002E+01  8.50634E+01  1.03056E+14    2  10  1 1 0 0 0 0 0 0 0 1
4   26    9      2115.000000
    4    1   49   be220002         0.000000  2.80000E+01  2.48221E+01  2.11500E+03  0.00000E+00    1   2  2 2 0 0 0 0 0 0 0 0
    4    2   50   be211003      1212.686732  1.44000E+02  2.41280E+01  9.02313E+02  1.44167E+13    1   3  2 1 1 0 0 0 0 0 0 0
    4    3   51   be210104      1622.902199  2.56000E+02  2.40370E+01  4.92098E+02  6.23736E+12    1   4  2 1 0 1 0 0 0 0 0 0
    4    4   52   be210005      1800.974064  4.00000E+02  2.40081E+01  3.14026E+02  2.58817E+12    1   5  2 1 0 0 1 0 0 0 0 0
    4    5   53   be210006      1896.812540  5.76000E+02  2.40180E+01  2.18187E+02  1.19103E+12    1   6  2 1 0 0 0 1 0 0 0 0
    4    6   54   be210007      1954.810511  7.84000E+02  2.40120E+01  1.60189E+02  6.26991E+11    1   7  2 1 0 0 0 0 1 0 0 0
    4    7   55   be210008      1992.481632  1.02400E+03  2.40012E+01  1.22518E+02  3.55088E+11    1   8  2 1 0 0 0 0 0 1 0 0
    4    8   56   be210009      2018.204554  1.29600E+03  2.40012E+01  9.67954E+01  2.12892E+11    1   9  2 1 0 0 0 0 0 0 1 0
    4    9   57   be210010      2036.607054  1.60000E+03  2.40003E+01  7.83929E+01  1.22031E+11    1  10  2 1 0 0 0 0 0 0 0 1
    4   10   58   be202003      2470.686232  1.53000E+02  2.46920E+01  8.98460E+02  2.96225E+14    2   3  2 0 2 0 0 0 0 0 0 0
    4   11   59   be201104      2874.720165  5.76000E+02  2.40937E+01  4.94426E+02  7.73474E+13    2   4  2 0 1 1 0 0 0 0 0 0
    4   12   60   be201005      3054.640714  9.00000E+02  2.40264E+01  3.14505E+02  3.78437E+13    2   5  2 0 1 0 1 0 0 0 0 0
    4   13   61   be201006      3150.849525  1.29600E+03  2.40240E+01  2.18297E+02  2.59832E+13    2   6  2 0 1 0 0 1 0 0 0 0
    4   14   62   be201007      3208.903203  1.76400E+03  2.40160E+01  1.60243E+02  2.15662E+13    2   7  2 0 1 0 0 0 1 0 0 0
    4   15   63   be201008      3246.535784  2.30400E+03  2.40102E+01  1.22610E+02  1.96770E+13    2   8  2 0 1 0 0 0 0 1 0 0
    4   16   64   be201009      3272.294161  2.91600E+03  2.40082E+01  9.68519E+01  1.87790E+13    2   9  2 0 1 0 0 0 0 0 1 0
    4   17   65   be201010      3290.753154  3.60000E+03  2.40003E+01  7.83929E+01  1.83033E+13    2  10  2 0 1 0 0 0 0 0 0 1
    4   18   66   be130002      7111.390074  1.12000E+02  2.54582E+01  2.16201E+03  4.29082E+14   10   2  1 3 0 0 0 0 0 0 0 0
    4   19   67   be121003      8375.215753  1.00800E+03  2.42080E+01  8.98189E+02  2.78362E+14   10   3  1 2 1 0 0 0 0 0 0 0
    4   20   68   be120104      8780.355092  1.79200E+03  2.40602E+01  4.93050E+02  2.54215E+14   10   4  1 2 0 1 0 0 0 0 0 0
    4   21   69   be120005      8959.402467  2.80000E+03  2.40072E+01  3.14002E+02  2.47542E+14   10   5  1 2 0 0 1 0 0 0 0 0
    4   22   70   be120006      9055.053689  4.03200E+03  2.40270E+01  2.18351E+02  2.45216E+14   10   6  1 2 0 0 0 1 0 0 0 0
    4   23   71   be120007      9113.095163  5.48800E+03  2.40210E+01  1.60310E+02  2.44339E+14   10   7  1 2 0 0 0 0 1 0 0 0
    4   24   72   be120008      9150.877271  7.16800E+03  2.40021E+01  1.22528E+02  2.43942E+14   10   8  1 2 0 0 0 0 0 1 0 0
    4   25   73   be120009      9176.602123  9.07200E+03  2.40021E+01  9.68027E+01  2.43738E+14   10   9  1 2 0 0 0 0 0 0 1 0
    4   26   74   be120010      9195.011886  1.12000E+04  2.40003E+01  7.83929E+01  2.43616E+14   10  10  1 2 0 0 0 0 0 0 0 1
5   26    9      1944.800049
    5    1   75   b_230002         0.000000  5.60000E+01  2.45202E+01  1.94480E+03  0.00000E+00    1   2  2 3 0 0 0 0 0 0 0 0
    5    2   76   b_221003      1110.639679  5.04000E+02  2.32240E+01  8.34160E+02  9.87032E+12    1   3  2 2 1 0 0 0 0 0 0 0
    5    3   77   b_220104      1491.762630  8.96000E+02  2.30648E+01  4.53037E+02  4.89639E+12    1   4  2 2 0 1 0 0 0 0 0 0
    5    4   78   b_220005      1656.363053  1.40000E+03  2.30102E+01  2.88437E+02  2.09579E+12    1   5  2 2 0 0 1 0 0 0 0 0
    5    5   79   b_220006      1744.207312  2.01600E+03  2.30300E+01  2.00593E+02  9.68329E+11    1   6  2 2 0 0 0 1 0 0 0 0
    5    6   80   b_220007      1797.554736  2.74400E+03  2.30220E+01  1.47245E+02  5.14207E+11    1   7  2 2 0 0 0 0 1 0 0 0
    5    7   81   b_220008      1832.273083  3.58400E+03  2.30022E+01  1.12527E+02  2.93074E+11    1   8  2 2 0 0 0 0 0 1 0 0
    5    8   82   b_220009      1855.897606  4.53600E+03  2.30022E+01  8.89024E+01  1.75974E+11    1   9  2 2 0 0 0 0 0 0 1 0
    5    9   83   b_220010      1872.804969  5.60000E+03  2.30004E+01  7.19951E+01  1.01025E+11    1  10  2 2 0 0 0 0 0 0 0 1
    5   10   84   b_212003      2327.860157  1.22400E+03  2.37880E+01  8.29627E+02  2.40763E+14    2   3  2 1 2 0 0 0 0 0 0 0
    5   11   85   b_211104      2702.215859  4.60800E+03  2.31215E+01  4.55271E+02  6.22297E+13    2   4  2 1 1 1 0 0 0 0 0 0
    5   12   86   b_211005      2868.590340  7.20000E+03  2.30285E+01  2.88896E+02  3.01239E+13    2   5  2 1 1 0 1 0 0 0 0 0
    5   13   87   b_211006      2956.789431  1.03680E+04  2.30360E+01  2.00697E+02  2.04969E+13    2   6  2 1 1 0 0 1 0 0 0 0
    5   14   88   b_211007      3010.190267  1.41120E+04  2.30260E+01  1.47297E+02  1.69256E+13    2   7  2 1 1 0 0 0 1 0 0 0
    5   15   89   b_211008      3044.871701  1.84320E+04  2.30112E+01  1.12615E+02  1.53964E+13    2   8  2 1 1 0 0 0 0 1 0 0
    5   16   90   b_211009      3068.530201  2.33280E+04  2.30092E+01  8.89566E+01  1.46680E+13    2   9  2 1 1 0 0 0 0 0 1 0
    5   17   91   b_211010      3085.491701  2.88000E+04  2.30004E+01  7.19951E+01  1.42818E+13    2  10  2 1 1 0 0 0 0 0 0 1
    5   18   92   b_140002      7070.778364  1.40000E+02  2.51563E+01  1.98541E+03  6.38319E+14   18   2  1 4 0 0 0 0 0 0 0 0
    5   19   93   b_131003      8226.397466  2.01600E+03  2.33040E+01  8.29793E+02  4.50007E+14   18   3  1 3 1 0 0 0 0 0 0 0
    5   20   94   b_130104      8602.239485  3.58400E+03  2.30880E+01  4.53951E+02  4.26719E+14   18   4  1 3 0 1 0 0 0 0 0 0
    5   21   95   b_130005      8767.775714  5.60000E+03  2.30093E+01  2.88414E+02  4.20464E+14   18   5  1 3 0 0 1 0 0 0 0 0
    5   22   96   b_130006      8855.440456  8.06400E+03  2.30390E+01  2.00750E+02  4.18281E+14   18   6  1 3 0 0 0 1 0 0 0 0
    5   23   97   b_130007      8908.829597  1.09760E+04  2.30310E+01  1.47361E+02  4.17471E+14   18   7  1 3 0 0 0 0 1 0 0 0
    5   24   98   b_130008      8943.654348  1.43360E+04  2.30031E+01  1.12536E+02  4.17109E+14   18   8  1 3 0 0 0 0 0 1 0 0
    5   25   99   b_130009      8967.280721  1.81440E+04  2.30031E+01  8.89094E+01  4.16921E+14   18   9  1 3 0 0 0 0 0 0 1 0
    5   26  100   b_130010      8984.195044  2.24000E+04  2.30004E+01  7.19951E+01  4.16810E+14   18  10  1 3 0 0 0 0 0 0 0 1
6   26    9      1833.900024
    6    1  101   c_240002         0.000000  7.00000E+01  2.42183E+01  1.83390E+03  0.00000E+00    1   2  2 4 0 0 0 0 0 0 0 0
    6    2  102   c_231003      1066.726097  1.00800E+03  2.23200E+01  7.67174E+02  7.32685E+12    1   3  2 3 1 0 0 0 0 0 0 0
    6    3  103   c_230104      1418.301062  1.79200E+03  2.20926E+01  4.15599E+02  3.90976E+12    1   4  2 3 0 1 0 0 0 0 0 0
    6    4  104   c_230005      1569.961400  2.80000E+03  2.20123E+01  2.63939E+02  1.71055E+12    1   5  2 3 0 0 1 0 0 0 0 0
    6    5  105   c_230006      1650.160853  4.03200E+03  2.20420E+01  1.83739E+02  7.90318E+11    1   6  2 3 0 0 0 1 0 0 0 0
    6    6  106   c_230007      1699.052747  5.48800E+03  2.20320E+01  1.34847E+02  4.22258E+11    1   7  2 3 0 0 0 0 1 0 0 0
    6    7  107   c_230008      1730.938999  7.16800E+03  2.20032E+01  1.02961E+02  2.41887E+11    1   8  2 3 0 0 0 0 0 1 0 0
    6    8  108   c_230009      1752.554594  9.07200E+03  2.20032E+01  8.13454E+01  1.45316E+11    1   9  2 3 0 0 0 0 0 0 1 0
    6    9  109   c_230010      1768.030272  1.12000E+04  2.20005E+01  6.58698E+01  8.34674E+10    1  10  2 3 0 0 0 0 0 0 0 1
    6   10  110   c_222003      2182.610344  4.28400E+03  2.28840E+01  7.61929E+02  1.89992E+14    2   3  2 2 2 0 0 0 0 0 0 0
    6   11  111   c_221104      2526.801797  1.61280E+04  2.21493E+01  4.17738E+02  4.80468E+13    2   4  2 2 1 1 0 0 0 0 0 0
    6   12  112   c_221005      2680.161628  2.52000E+04  2.20306E+01  2.64378E+02  2.25516E+13    2   5  2 2 1 0 1 0 0 0 0 0
    6   13  113   c_221006      2760.700419  3.62880E+04  2.20480E+01  1.83839E+02  1.49008E+13    2   6  2 2 1 0 0 1 0 0 0 0
    6   14  114   c_221007      2809.643432  4.93920E+04  2.20360E+01  1.34896E+02  1.20718E+13    2   7  2 2 1 0 0 0 1 0 0 0
    6   15  115   c_221008      2841.494397  6.45120E+04  2.20122E+01  1.03045E+02  1.08585E+13    2   8  2 2 1 0 0 0 0 1 0 0
    6   16  116   c_221009      2863.142490  8.16480E+04  2.20102E+01  8.13972E+01  1.02792E+13    2   9  2 2 1 0 0 0 0 0 1 0
    6   17  117   c_221010      2878.669952  1.00800E+05  2.20005E+01  6.58698E+01  9.97144E+12    2  10  2 2 1 0 0 0 0 0 0 1
    6   18  118   c_150002      7035.028167  1.12000E+02  2.48544E+01  1.86965E+03  8.72344E+14   18   2  1 5 0 0 0 0 0 0 0 0
    6   19  119   c_141003      8142.126838  2.52000E+03  2.24000E+01  7.62552E+02  6.51927E+14   18   3  1 4 1 0 0 0 0 0 0 0
    6   20  120   c_140104      8488.204897  4.48000E+03  2.21158E+01  4.16473E+02  6.28317E+14   18   4  1 4 0 1 0 0 0 0 0 0
    6   21  121   c_140005      8640.761367  7.00000E+03  2.20114E+01  2.63917E+02  6.22341E+14   18   5  1 4 0 0 1 0 0 0 0 0
    6   22  122   c_140006      8720.789037  1.00800E+04  2.20510E+01  1.83889E+02  6.20269E+14   18   6  1 4 0 0 0 1 0 0 0 0
    6   23  123   c_140007      8769.720862  1.37200E+04  2.20410E+01  1.34958E+02  6.19513E+14   18   7  1 4 0 0 0 0 1 0 0 0
    6   24  124   c_140008      8801.708937  1.79200E+04  2.20041E+01  1.02969E+02  6.19179E+14   18   8  1 4 0 0 0 0 0 1 0 0
    6   25  125   c_140009      8823.326302  2.26800E+04  2.20041E+01  8.13521E+01  6.19006E+14   18   9  1 4 0 0 0 0 0 0 1 0
    6   26  126   c_140010      8838.808637  2.80000E+04  2.20005E+01  6.58698E+01  6.18905E+14   18  10  1 4 0 0 0 0 0 0 0 1
7   26    9      1707.199951
    7    1  127   n_250002         0.000000  5.60000E+01  2.39164E+01  1.70720E+03  0.00000E+00    1   2  2 5 0 0 0 0 0 0 0 0
    7    2  128   n_241003      1011.262584  1.26000E+03  2.14160E+01  6.95937E+02  5.03980E+12    1   3  2 4 1 0 0 0 0 0 0 0
    7    3  129   n_240104      1327.418720  2.24000E+03  2.11204E+01  3.79781E+02  2.94042E+12    1   4  2 4 0 1 0 0 0 0 0 0
    7    4  130   n_240005      1466.669700  3.50000E+03  2.10144E+01  2.40530E+02  1.35043E+12    1   5  2 4 0 0 1 0 0 0 0 0
    7    5  131   n_240006      1539.573468  5.04000E+03  2.10540E+01  1.67626E+02  6.28788E+11    1   6  2 4 0 0 0 1 0 0 0 0
    7    6  132   n_240007      1584.204727  6.86000E+03  2.10420E+01  1.22995E+02  3.39361E+11    1   7  2 4 0 0 0 0 1 0 0 0
    7    7  133   n_240008      1613.379503  8.96000E+03  2.10042E+01  9.38204E+01  1.95781E+11    1   8  2 4 0 0 0 0 0 1 0 0
    7    8  134   n_240009      1633.075604  1.13400E+04  2.10042E+01  7.41243E+01  1.17768E+11    1   9  2 4 0 0 0 0 0 0 1 0
    7    9  135   n_240010      1647.183030  1.40000E+04  2.10006E+01  6.00169E+01  6.76799E+10    1  10  2 4 0 0 0 0 0 0 0 1
    7   10  136   n_232003      2084.089755  8.56800E+03  2.19800E+01  6.89836E+02  1.53164E+14    2   3  2 3 2 0 0 0 0 0 0 0
    7   11  137   n_231104      2392.100364  3.22560E+04  2.11771E+01  3.81826E+02  3.65137E+13    2   4  2 3 1 1 0 0 0 0 0 0
    7   12  138   n_231005      2532.976330  5.04000E+04  2.10327E+01  2.40950E+02  1.69209E+13    2   5  2 3 1 0 1 0 0 0 0 0
    7   13  139   n_231006      2606.203951  7.25760E+04  2.10600E+01  1.67722E+02  1.10814E+13    2   6  2 3 1 0 0 1 0 0 0 0
    7   14  140   n_231007      2650.884035  9.87840E+04  2.10460E+01  1.23042E+02  8.94173E+12    2   7  2 3 1 0 0 0 1 0 0 0
    7   15  141   n_231008      2680.025151  1.29024E+05  2.10132E+01  9.39009E+01  8.02158E+12    2   8  2 3 1 0 0 0 0 1 0 0
    7   16  142   n_231009      2699.752271  1.63296E+05  2.10112E+01  7.41738E+01  7.58069E+12    2   9  2 3 1 0 0 0 0 0 1 0
    7   17  143   n_231010      2713.909127  2.01600E+05  2.10006E+01  6.00169E+01  7.34573E+12    2  10  2 3 1 0 0 0 0 0 0 1
    7   18  144   n_160002      7004.642709  5.60000E+01  2.45525E+01  1.73759E+03  1.17209E+15   18   2  1 6 0 0 0 0 0 0 0 0
    7   19  145   n_151003      8051.220989  2.01600E+03  2.14960E+01  6.91007E+02  9.08370E+14   18   3  1 5 1 0 0 0 0 0 0 0
    7   20  146   n_150104      8361.611020  3.58400E+03  2.11436E+01  3.80617E+02  8.82943E+14   18   4  1 5 0 1 0 0 0 0 0 0
    7   21  147   n_150005      8501.718487  5.60000E+03  2.10135E+01  2.40510E+02  8.77128E+14   18   5  1 5 0 0 1 0 0 0 0 0
    7   22  148   n_150006      8574.458202  8.06400E+03  2.10630E+01  1.67770E+02  8.75140E+14   18   6  1 5 0 0 0 1 0 0 0 0
    7   23  149   n_150007      8619.127606  1.09760E+04  2.10510E+01  1.23101E+02  8.74426E+14   18   7  1 5 0 0 0 0 1 0 0 0
    7   24  150   n_150008      8648.399626  1.43360E+04  2.10051E+01  9.38285E+01  8.74115E+14   18   8  1 5 0 0 0 0 0 1 0 0
    7   25  151   n_150009      8668.097417  1.81440E+04  2.10051E+01  7.41307E+01  8.73953E+14   18   9  1 5 0 0 0 0 0 0 1 0
    7   26  152   n_150010      8682.211197  2.24000E+04  2.10006E+01  6.00169E+01  8.73861E+14   18  10  1 5 0 0 0 0 0 0 0 1
8   26    9      1600.800049
    8    1  153   o_260002         0.000000  2.80000E+01  2.36145E+01  1.60080E+03  0.00000E+00    1   2  2 6 0 0 0 0 0 0 0 0
    8    2  154   o_251003       965.847630  1.00800E+03  2.05120E+01  6.34952E+02  3.29536E+12    1   3  2 5 1 0 0 0 0 0 0 0
    8    3  155   o_250104      1255.216970  1.79200E+03  2.01482E+01  3.45583E+02  2.23784E+12    1   4  2 5 0 1 0 0 0 0 0 0
    8    4  156   o_250005      1382.588719  2.80000E+03  2.00165E+01  2.18211E+02  1.06549E+12    1   5  2 5 0 0 1 0 0 0 0 0
    8    5  157   o_250006      1448.545647  4.03200E+03  2.00660E+01  1.52254E+02  4.97681E+11    1   6  2 5 0 0 0 1 0 0 0 0
    8    6  158   o_250007      1489.111046  5.48800E+03  2.00520E+01  1.11689E+02  2.71049E+11    1   7  2 5 0 0 0 0 1 0 0 0
    8    7  159   o_250008      1515.694907  7.16800E+03  2.00052E+01  8.51051E+01  1.57445E+11    1   8  2 5 0 0 0 0 0 1 0 0
    8    8  160   o_250009      1533.560916  9.07200E+03  2.00052E+01  6.72391E+01  9.47989E+10    1   9  2 5 0 0 0 0 0 0 1 0
    8    9  161   o_250010      1546.363501  1.12000E+04  2.00007E+01  5.44365E+01  5.44802E+10    1  10  2 5 0 0 0 0 0 0 0 1
    8   10  162   o_242003      1983.921318  1.07100E+04  2.10760E+01  6.28141E+02  1.13163E+14    2   3  2 4 2 0 0 0 0 0 0 0
    8   11  163   o_241104      2264.529527  4.03200E+04  2.02049E+01  3.47533E+02  2.66231E+13    2   4  2 4 1 1 0 0 0 0 0 0
    8   12  164   o_241005      2393.451811  6.30000E+04  2.00348E+01  2.18611E+02  1.21623E+13    2   5  2 4 1 0 1 0 0 0 0 0
    8   13  165   o_241006      2459.717114  9.07200E+04  2.00720E+01  1.52346E+02  7.83256E+12    2   6  2 4 1 0 0 1 0 0 0 0
    8   14  166   o_241007      2500.329047  1.23480E+05  2.00560E+01  1.11734E+02  6.25269E+12    2   7  2 4 1 0 0 0 1 0 0 0
    8   15  167   o_241008      2526.880873  1.61280E+05  2.00142E+01  8.51818E+01  5.57107E+12    2   8  2 4 1 0 0 0 0 1 0 0
    8   16  168   o_241009      2544.776423  2.04120E+05  2.00122E+01  6.72862E+01  5.24302E+12    2   9  2 4 1 0 0 0 0 0 1 0
    8   17  169   o_241010      2557.626085  2.52000E+05  2.00007E+01  5.44365E+01  5.06745E+12    2  10  2 4 1 0 0 0 0 0 0 1
    8   18  170   o_170002      6979.119315  1.60000E+01  2.42506E+01  1.62632E+03  1.45263E+15   18   2  1 7 0 0 0 0 0 0 0 0
    8   19  171   o_161003      7975.675125  1.00800E+03  2.05920E+01  6.29768E+02  1.16131E+15   18   3  1 6 1 0 0 0 0 0 0 0
    8   20  172   o_160104      8259.062448  1.79200E+03  2.01714E+01  3.46380E+02  1.13560E+15   18   4  1 6 0 1 0 0 0 0 0 0
    8   21  173   o_160005      8387.251066  2.80000E+03  2.00156E+01  2.18192E+02  1.13003E+15   18   5  1 6 0 0 1 0 0 0 0 0
    8   22  174   o_160006      8453.051669  4.03200E+03  2.00750E+01  1.52391E+02  1.12815E+15   18   6  1 6 0 0 0 1 0 0 0 0
    8   23  175   o_160007      8493.653429  5.48800E+03  2.00610E+01  1.11789E+02  1.12748E+15   18   7  1 6 0 0 0 0 1 0 0 0
    8   24  176   o_160008      8520.329956  7.16800E+03  2.00061E+01  8.51128E+01  1.12720E+15   18   8  1 6 0 0 0 0 0 1 0 0
    8   25  177   o_160009      8538.197573  9.07200E+03  2.00061E+01  6.72452E+01  1.12705E+15   18   9  1 6 0 0 0 0 0 0 1 0
    8   26  178   o_160010      8551.006210  1.12000E+04  2.00007E+01  5.44365E+01  1.12696E+15   18  10  1 6 0 0 0 0 0 0 0 1
9   26    9      1496.400024
    9    1  179   f_270002         0.000000  8.00000E+00  2.33126E+01  1.49640E+03  0.00000E+00    1   2  2 7 0 0 0 0 0 0 0 0
    9    2  180   f_261003       919.632124  5.04000E+02  1.96080E+01  5.76768E+02  1.89374E+12    1   3  2 6 1 0 0 0 0 0 0 0
    9    3  181   f_260104      1183.396617  8.96000E+02  1.91760E+01  3.13003E+02  1.65008E+12    1   4  2 6 0 1 0 0 0 0 0 0
    9    4  182   f_260005      1299.418684  1.40000E+03  1.90186E+01  1.96981E+02  8.22102E+11    1   5  2 6 0 0 1 0 0 0 0 0
    9    5  183   f_260006      1358.777353  2.01600E+03  1.90780E+01  1.37623E+02  3.86311E+11    1   6  2 6 0 0 0 1 0 0 0 0
    9    6  184   f_260007      1395.471556  2.74400E+03  1.90620E+01  1.00928E+02  2.12687E+11    1   7  2 6 0 0 0 0 1 0 0 0
    9    7  185   f_260008      1419.585009  3.58400E+03  1.90062E+01  7.68150E+01  1.24578E+11    1   8  2 6 0 0 0 0 0 1 0 0
    9    8  186   f_260009      1435.710292  4.53600E+03  1.90062E+01  6.06897E+01  7.51031E+10    1   9  2 6 0 0 0 0 0 0 1 0
    9    9  187   f_260010      1447.271432  5.60000E+03  1.90008E+01  4.91286E+01  4.31679E+10    1  10  2 6 0 0 0 0 0 0 0 1
    9   10  188   f_252003      1893.001713  8.56800E+03  2.01720E+01  5.69246E+02  7.79602E+13    2   3  2 5 2 0 0 0 0 0 0 0
    9   11  189   f_251104      2147.388582  3.22560E+04  1.92327E+01  3.14859E+02  1.82259E+13    2   4  2 5 1 1 0 0 0 0 0 0
    9   12  190   f_251005      2264.886786  5.04000E+04  1.90369E+01  1.97361E+02  8.25068E+12    2   5  2 5 1 0 1 0 0 0 0 0
    9   13  191   f_251006      2324.538360  7.25760E+04  1.90840E+01  1.37709E+02  5.23721E+12    2   6  2 5 1 0 0 1 0 0 0 0
    9   14  192   f_251007      2361.276807  9.87840E+04  1.90660E+01  1.00971E+02  4.14050E+12    2   7  2 5 1 0 0 0 1 0 0 0
    9   15  193   f_251008      2385.359850  1.29024E+05  1.90152E+01  7.68878E+01  3.66496E+12    2   8  2 5 1 0 0 0 0 1 0 0
    9   16  194   f_251009      2401.513198  1.63296E+05  1.90132E+01  6.07345E+01  3.43449E+12    2   9  2 5 1 0 0 0 0 0 1 0
    9   17  195   f_251010      2413.119061  2.01600E+05  1.90008E+01  4.91286E+01  3.31031E+12    2  10  2 5 1 0 0 0 0 0 0 1
    9   18  196   f_180002      6958.462285  2.00000E+00  2.39487E+01  1.51706E+03  1.74297E+15   18   2  1 8 0 0 0 0 0 0 0 0
    9   19  197   f_171003      7904.191154  2.88000E+02  1.96880E+01  5.71328E+02  1.42740E+15   18   3  1 7 1 0 0 0 0 0 0 0
    9   20  198   f_170104      8161.757312  5.12000E+02  1.91992E+01  3.13762E+02  1.40159E+15   18   4  1 7 0 1 0 0 0 0 0 0
    9   21  199   f_170005      8278.556656  8.00000E+02  1.90177E+01  1.96963E+02  1.39628E+15   18   5  1 7 0 0 1 0 0 0 0 0
    9   22  200   f_170006      8337.766724  1.15200E+03  1.90870E+01  1.37753E+02  1.39451E+15   18   6  1 7 0 0 0 1 0 0 0 0
    9   23  201   f_170007      8374.495506  1.56800E+03  1.90710E+01  1.01024E+02  1.39390E+15   18   7  1 7 0 0 0 0 1 0 0 0
    9   24  202   f_170008      8398.697047  2.04800E+03  1.90071E+01  7.68223E+01  1.39364E+15   18   8  1 7 0 0 0 0 0 1 0 0
    9   25  203   f_170009      8414.823859  2.59200E+03  1.90071E+01  6.06955E+01  1.39350E+15   18   9  1 7 0 0 0 0 0 0 1 0
    9   26  204   f_170010      8426.390747  3.20000E+03  1.90008E+01  4.91286E+01  1.39342E+15   18  10  1 7 0 0 0 0 0 0 0 1
10   25    9      1394.199951
   10    1  205   ne280002         0.000000  1.00000E+00  2.30107E+01  1.39420E+03  0.00000E+00    1   2  2 8 0 0 0 0 0 0 0 0
   10    2  206   ne271003       872.739020  1.44000E+02  1.87040E+01  5.21461E+02  8.04065E+11    1   3  2 7 1 0 0 0 0 0 0 0
   10    3  207   ne270104      1112.158777  2.56000E+02  1.82038E+01  2.82041E+02  1.16808E+12    1   4  2 7 0 1 0 0 0 0 0 0
   10    4  208   ne270005      1217.360164  4.00000E+02  1.80207E+01  1.76840E+02  6.18547E+11    1   5  2 7 0 0 1 0 0 0 0 0
   10    5  209   ne270006      1270.468903  5.76000E+02  1.80900E+01  1.23731E+02  2.93039E+11    1   6  2 7 0 0 0 1 0 0 0 0
   10    6  210   ne270007      1303.486469  7.84000E+02  1.80720E+01  9.07135E+01  1.63585E+11    1   7  2 7 0 0 0 0 1 0 0 0
   10    7  211   ne270008      1325.249966  1.02400E+03  1.80072E+01  6.89500E+01  9.67835E+10    1   8  2 7 0 0 0 0 0 1 0 0
   10    8  212   ne270009      1339.723862  1.29600E+03  1.80072E+01  5.44761E+01  5.84248E+10    1   9  2 7 0 0 0 0 0 0 1 0
   10    9  213   ne270010      1350.106930  1.60000E+03  1.80009E+01  4.40930E+01  3.36030E+10    1  10  2 7 0 0 0 0 0 0 0 1
   10   10  214   ne262003      1800.603149  4.28400E+03  1.92680E+01  5.13229E+02  4.73038E+13    2   3  2 6 2 0 0 0 0 0 0 0
   10   11  215   ne261104      2030.029540  1.61280E+04  1.82605E+01  2.83803E+02  1.11080E+13    2   4  2 6 1 1 0 0 0 0 0 0
   10   12  216   ne261005      2136.632716  2.52000E+04  1.80390E+01  1.77199E+02  5.00255E+12    2   5  2 6 1 0 1 0 0 0 0 0
   10   13  217   ne261006      2190.018899  3.62880E+04  1.80960E+01  1.23813E+02  3.11451E+12    2   6  2 6 1 0 0 1 0 0 0 0
   10   14  218   ne261007      2223.078417  4.93920E+04  1.80760E+01  9.07537E+01  2.42832E+12    2   7  2 6 1 0 0 0 1 0 0 0
   10   15  219   ne261008      2244.813131  6.45120E+04  1.80162E+01  6.90189E+01  2.12782E+12    2   8  2 6 1 0 0 0 0 1 0 0
   10   16  220   ne261009      2259.313615  8.16480E+04  1.80142E+01  5.45185E+01  1.98036E+12    2   9  2 6 1 0 0 0 0 0 1 0
   10   17  221   ne261010      2269.739054  1.00800E+05  1.80009E+01  4.40930E+01  1.89991E+12    2  10  2 6 1 0 0 0 0 0 0 1
   10   18  222   ne181003      7836.895746  3.60000E+01  1.87840E+01  5.15766E+02  1.71336E+15   18   3  1 8 1 0 0 0 0 0 0 0
   10   19  223   ne180104      8069.901028  6.40000E+01  1.82270E+01  2.82761E+02  1.68762E+15   18   4  1 8 0 1 0 0 0 0 0 0
   10   20  224   ne180005      8175.840124  1.00000E+02  1.80198E+01  1.76822E+02  1.68259E+15   18   5  1 8 0 0 1 0 0 0 0 0
   10   21  225   ne180006      8228.807985  1.44000E+02  1.80990E+01  1.23854E+02  1.68093E+15   18   6  1 8 0 0 0 1 0 0 0 0
   10   22  226   ne180007      8261.858347  1.96000E+02  1.80810E+01  9.08039E+01  1.68036E+15   18   7  1 8 0 0 0 0 1 0 0 0
   10   23  227   ne180008      8283.705357  2.56000E+02  1.80081E+01  6.89569E+01  1.68012E+15   18   8  1 8 0 0 0 0 0 1 0 0
   10   24  228   ne180009      8298.180701  3.24000E+02  1.80081E+01  5.44815E+01  1.68000E+15   18   9  1 8 0 0 0 0 0 0 1 0
   10   25  229   ne180010      8308.569216  4.00000E+02  1.80009E+01  4.40930E+01  1.67993E+15   18  10  1 8 0 0 0 0 0 0 0 1
11   24    8       549.599976
   11    1  230   na281003         0.000000  1.80000E+01  1.78000E+01  5.49600E+02  0.00000E+00    1   3  2 8 1 0 0 0 0 0 0 0
   11    2  231   na280104       296.904591  3.20000E+01  1.72316E+01  2.52695E+02  1.47675E+12    1   4  2 8 0 1 0 0 0 0 0 0
   11    3  232   na280005       391.813774  5.00000E+01  1.70228E+01  1.57786E+02  5.77313E+11    1   5  2 8 0 0 1 0 0 0 0 0
   11    4  233   na280006       439.020677  7.20000E+01  1.71020E+01  1.10579E+02  2.53130E+11    1   6  2 8 0 0 0 1 0 0 0 0
   11    5  234   na280007       468.556060  9.80000E+01  1.70820E+01  8.10439E+01  1.37754E+11    1   7  2 8 0 0 0 0 1 0 0 0
   11    6  235   na280008       488.090005  1.28000E+02  1.70082E+01  6.15100E+01  8.06559E+10    1   8  2 8 0 0 0 0 0 1 0 0
   11    7  236   na280009       501.001822  1.62000E+02  1.70082E+01  4.85982E+01  4.82141E+10    1   9  2 8 0 0 0 0 0 0 1 0
   11    8  237   na280010       510.270178  2.00000E+02  1.70010E+01  3.93298E+01  2.77410E+10    1  10  2 8 0 0 0 0 0 0 0 1
   11    9  238   na272003       859.203385  1.22400E+03  1.83640E+01  5.63136E+02  2.12364E+13    2   3  2 7 2 0 0 0 0 0 0 0
   11   10  239   na271104      1167.976496  4.60800E+03  1.72883E+01  2.54362E+02  6.11120E+12    2   4  2 7 1 1 0 0 0 0 0 0
   11   11  240   na271005      1264.213170  7.20000E+03  1.70411E+01  1.58126E+02  2.56346E+12    2   5  2 7 1 0 1 0 0 0 0 0
   11   12  241   na271006      1311.682060  1.03680E+04  1.71080E+01  1.10657E+02  1.50593E+12    2   6  2 7 1 0 0 1 0 0 0 0
   11   13  242   na271007      1341.257108  1.41120E+04  1.70860E+01  8.10819E+01  1.13277E+12    2   7  2 7 1 0 0 0 1 0 0 0
   11   14  243   na271008      1360.763894  1.84320E+04  1.70172E+01  6.15751E+01  9.67766E+11    2   8  2 7 1 0 0 0 0 1 0 0
   11   15  244   na271009      1373.700823  2.33280E+04  1.70152E+01  4.86382E+01  8.85115E+11    2   9  2 7 1 0 0 0 0 0 1 0
   11   16  245   na271010      1383.009198  2.88000E+04  1.70010E+01  3.93298E+01  8.39057E+11    2  10  2 7 1 0 0 0 0 0 0 1
   11   17  246   na182003      7818.339178  3.06000E+02  1.84440E+01  5.68157E+02  1.67861E+15   18   3  1 8 2 0 0 0 0 0 0 0
   11   18  247   na181104      8131.449501  1.15200E+03  1.73115E+01  2.55046E+02  1.65760E+15   18   4  1 8 1 1 0 0 0 0 0 0
   11   19  248   na181005      8228.386607  1.80000E+03  1.70402E+01  1.58109E+02  1.65235E+15   18   5  1 8 1 0 1 0 0 0 0 0
   11   20  249   na181006      8275.722280  2.59200E+03  1.71170E+01  1.10773E+02  1.65076E+15   18   6  1 8 1 0 0 1 0 0 0 0
   11   21  250   na181007      8305.328365  3.52800E+03  1.70950E+01  8.11674E+01  1.65023E+15   18   7  1 8 1 0 0 0 1 0 0 0
   11   22  251   na181008      8324.914105  4.60800E+03  1.70181E+01  6.15816E+01  1.65002E+15   18   8  1 8 1 0 0 0 0 1 0 0
   11   23  252   na181009      8337.852402  5.83200E+03  1.70161E+01  4.86433E+01  1.64990E+15   18   9  1 8 1 0 0 0 0 0 1 0
   11   24  253   na181010      8347.165924  7.20000E+03  1.70010E+01  3.93298E+01  1.64984E+15   18  10  1 8 1 0 0 0 0 0 0 1
12   31    8       512.400024
   12    1  254   mg282003         0.000000  1.53000E+02  1.74600E+01  5.12400E+02  0.00000E+00    1   3  2 8 2 0 0 0 0 0 0 0
   12    2  255   mg281104       285.862003  5.76000E+02  1.63161E+01  2.26538E+02  1.20861E+12    1   4  2 8 1 1 0 0 0 0 0 0
   12    3  256   mg281005       372.260201  9.00000E+02  1.60432E+01  1.40140E+02  4.80373E+11    1   5  2 8 1 0 1 0 0 0 0 0
   12    4  257   mg281006       414.159675  1.29600E+03  1.61200E+01  9.82403E+01  2.05931E+11    1   6  2 8 1 0 0 1 0 0 0 0
   12    5  258   mg281007       440.444611  1.76400E+03  1.60960E+01  7.19554E+01  1.11817E+11    1   7  2 8 1 0 0 0 1 0 0 0
   12    6  259   mg281008       457.843826  2.30400E+03  1.60182E+01  5.45562E+01  6.54165E+10    1   8  2 8 1 0 0 0 0 1 0 0
   12    7  260   mg281009       469.306481  2.91600E+03  1.60162E+01  4.30935E+01  3.90331E+10    1   9  2 8 1 0 0 0 0 0 1 0
   12    8  261   mg281010       477.561135  3.60000E+03  1.60011E+01  3.48389E+01  2.28870E+10    1  10  2 8 1 0 0 0 0 0 0 1
   12    9  262   mg280204       577.235127  4.96000E+02  1.68766E+01  2.32069E+02  7.01413E+13    2   4  2 8 0 2 0 0 0 0 0 0
   12   10  263   mg280105       668.121099  1.60000E+03  1.61028E+01  1.41184E+02  7.17988E+13    2   5  2 8 0 1 1 0 0 0 0 0
   12   11  264   mg280106       710.795832  2.30400E+03  1.61420E+01  9.85088E+01  2.92872E+13    2   6  2 8 0 1 0 1 0 0 0 0
   12   12  265   mg280107       737.250792  3.13600E+03  1.61070E+01  7.20538E+01  1.43078E+13    2   7  2 8 0 1 0 0 1 0 0 0
   12   13  266   mg280108       754.700714  4.09600E+03  1.60252E+01  5.46039E+01  8.01902E+12    2   8  2 8 0 1 0 0 0 1 0 0
   12   14  267   mg280109       766.178772  5.18400E+03  1.60222E+01  4.31258E+01  5.06696E+12    2   9  2 8 0 1 0 0 0 0 1 0
   12   15  268   mg280110       774.422596  6.40000E+03  1.60110E+01  3.48820E+01  3.55692E+12    2  10  2 8 0 1 0 0 0 0 0 1
   12   16  269   mg273003       846.493380  6.52800E+03  1.80240E+01  5.25110E+02  5.78220E+13    9   3  2 7 3 0 0 0 0 0 0 0
   12   17  270   mg272104      1143.486974  3.91680E+04  1.63728E+01  2.28116E+02  2.79351E+13    9   4  2 7 2 1 0 0 0 0 0 0
   12   18  271   mg272005      1231.143536  6.12000E+04  1.60615E+01  1.40460E+02  2.25882E+13    9   5  2 7 2 0 1 0 0 0 0 0
   12   19  272   mg272006      1273.289887  8.81280E+04  1.61260E+01  9.83135E+01  2.10456E+13    9   6  2 7 2 0 0 1 0 0 0 0
   12   20  273   mg272007      1299.612218  1.19952E+05  1.61000E+01  7.19912E+01  2.05087E+13    9   7  2 7 2 0 0 0 1 0 0 0
   12   21  274   mg272008      1316.985874  1.56672E+05  1.60272E+01  5.46175E+01  2.02766E+13    9   8  2 7 2 0 0 0 0 1 0 0
   12   22  275   mg272009      1328.472182  1.98288E+05  1.60232E+01  4.31312E+01  2.01636E+13    9   9  2 7 2 0 0 0 0 0 1 0
   12   23  276   mg272010      1336.764520  2.44800E+05  1.60011E+01  3.48389E+01  2.01033E+13    9  10  2 7 2 0 0 0 0 0 0 1
   12   24  277   mg183003      7800.756048  1.63200E+03  1.81040E+01  5.29983E+02  7.33957E+14   17   3  1 8 3 0 0 0 0 0 0 0
   12   25  278   mg182104      8101.975342  9.79200E+03  1.63960E+01  2.28764E+02  7.13118E+14   17   4  1 8 2 1 0 0 0 0 0 0
   12   26  279   mg182005      8190.295078  1.53000E+04  1.60606E+01  1.40444E+02  7.08364E+14   17   5  1 8 2 0 1 0 0 0 0 0
   12   27  280   mg182006      8232.315870  2.20320E+04  1.61350E+01  9.84233E+01  7.06926E+14   17   6  1 8 2 0 0 1 0 0 0 0
   12   28  281   mg182007      8258.667479  2.99880E+04  1.61090E+01  7.20717E+01  7.06457E+14   17   7  1 8 2 0 0 0 1 0 0 0
   12   29  282   mg182008      8276.115532  3.91680E+04  1.60281E+01  5.46237E+01  7.06266E+14   17   8  1 8 2 0 0 0 0 1 0 0
   12   30  283   mg182009      8287.603129  4.95720E+04  1.60241E+01  4.31361E+01  7.06166E+14   17   9  1 8 2 0 0 0 0 0 1 0
   12   31  284   mg182010      8295.900313  6.12000E+04  1.60011E+01  3.48389E+01  7.06114E+14   17  10  1 8 2 0 0 0 0 0 0 1
13   31    8       441.899994
   13    1  285   al283003         0.000000  8.16000E+02  1.71200E+01  4.41900E+02  0.00000E+00    1   3  2 8 3 0 0 0 0 0 0 0
   13    2  286   al282104       240.087518  4.89600E+03  1.54006E+01  2.01812E+02  7.50439E+11    1   4  2 8 2 1 0 0 0 0 0 0
   13    3  287   al282005       318.358944  7.65000E+03  1.50636E+01  1.23541E+02  3.49813E+11    1   5  2 8 2 0 1 0 0 0 0 0
   13    4  288   al282006       355.268098  1.10160E+04  1.51380E+01  8.66319E+01  1.52244E+11    1   6  2 8 2 0 0 1 0 0 0 0
   13    5  289   al282007       378.492300  1.49940E+04  1.51100E+01  6.34077E+01  8.41169E+10    1   7  2 8 2 0 0 0 1 0 0 0
   13    6  290   al282008       393.880322  1.95840E+04  1.50282E+01  4.80197E+01  4.97302E+10    1   8  2 8 2 0 0 0 0 1 0 0
   13    7  291   al282009       403.980134  2.47860E+04  1.50242E+01  3.79199E+01  2.97741E+10    1   9  2 8 2 0 0 0 0 0 1 0
   13    8  292   al282010       411.279727  3.06000E+04  1.50012E+01  3.06203E+01  1.78653E+10    1  10  2 8 2 0 0 0 0 0 0 1
   13    9  293   al281204       520.739279  8.92800E+03  1.59611E+01  2.07023E+02  1.24145E+14    2   4  2 8 1 2 0 0 0 0 0 0
   13   10  294   al281105       603.240981  2.88000E+04  1.51232E+01  1.24521E+02  6.16643E+13    2   5  2 8 1 1 1 0 0 0 0 0
   13   11  295   al281106       640.878031  4.14720E+04  1.51600E+01  8.68840E+01  2.49113E+13    2   6  2 8 1 1 0 1 0 0 0 0
   13   12  296   al281107       664.261926  5.64480E+04  1.51210E+01  6.35001E+01  1.21455E+13    2   7  2 8 1 1 0 0 1 0 0 0
   13   13  297   al281108       679.697571  7.37280E+04  1.50352E+01  4.80644E+01  6.78606E+12    2   8  2 8 1 1 0 0 0 1 0 0
   13   14  298   al281109       689.811839  9.33120E+04  1.50302E+01  3.79502E+01  4.27097E+12    2   9  2 8 1 1 0 0 0 0 1 0
   13   15  299   al281110       697.101296  1.15200E+05  1.50111E+01  3.06607E+01  2.98491E+12    2  10  2 8 1 1 0 0 0 0 0 1
   13   16  300   al274003       835.468246  2.44800E+04  1.76840E+01  4.52925E+02  1.07322E+14   16   3  2 7 4 0 0 0 0 0 0 0
   13   17  301   al273104      1085.091140  2.08896E+05  1.54573E+01  2.03302E+02  6.39967E+13   16   4  2 7 3 1 0 0 0 0 0 0
   13   18  302   al273005      1164.551840  3.26400E+05  1.50819E+01  1.23842E+02  5.74615E+13   16   5  2 7 3 0 1 0 0 0 0 0
   13   19  303   al273006      1201.692768  4.70016E+05  1.51440E+01  8.67006E+01  5.55958E+13   16   6  2 7 3 0 0 1 0 0 0 0
   13   20  304   al273007      1224.952096  6.39744E+05  1.51140E+01  6.34413E+01  5.49496E+13   16   7  2 7 3 0 0 0 1 0 0 0
   13   21  305   al273008      1240.316157  8.35584E+05  1.50372E+01  4.80772E+01  5.46727E+13   16   8  2 7 3 0 0 0 0 1 0 0
   13   22  306   al273009      1250.438165  1.05754E+06  1.50312E+01  3.79552E+01  5.45395E+13   16   9  2 7 3 0 0 0 0 0 1 0
   13   23  307   al273010      1257.773107  1.30560E+06  1.50012E+01  3.06203E+01  5.44698E+13   16  10  2 7 3 0 0 0 0 0 0 1
   13   24  308   al184003      7785.344381  6.12000E+03  1.77640E+01  4.57312E+02  7.54915E+14   24   3  1 8 4 0 0 0 0 0 0 0
   13   25  309   al183104      8038.742660  5.22240E+04  1.54805E+01  2.03913E+02  7.34004E+14   24   4  1 8 3 1 0 0 0 0 0 0
   13   26  310   al183005      8118.829296  8.16000E+04  1.50810E+01  1.23827E+02  7.29893E+14   24   5  1 8 3 0 1 0 0 0 0 0
   13   27  311   al183006      8155.852321  1.17504E+05  1.51530E+01  8.68037E+01  7.28631E+14   24   6  1 8 3 0 0 1 0 0 0 0
   13   28  312   al183007      8179.139168  1.59936E+05  1.51230E+01  6.35169E+01  7.28223E+14   24   7  1 8 3 0 0 0 1 0 0 0
   13   29  313   al183008      8194.573070  2.08896E+05  1.50381E+01  4.80830E+01  7.28058E+14   24   8  1 8 3 0 0 0 0 1 0 0
   13   30  314   al183009      8204.696287  2.64384E+05  1.50321E+01  3.79598E+01  7.27972E+14   24   9  1 8 3 0 0 0 0 0 1 0
   13   31  315   al183010      8212.035775  3.26400E+05  1.50012E+01  3.06203E+01  7.27927E+14   24  10  1 8 3 0 0 0 0 0 0 1
14   31    8       407.500000
   14    1  316   si284003         0.000000  3.06000E+03  1.67800E+01  4.07500E+02  0.00000E+00    1   3  2 8 4 0 0 0 0 0 0 0
   14    2  317   si283104       228.981954  2.61120E+04  1.44851E+01  1.78518E+02  5.96296E+11    1   4  2 8 3 1 0 0 0 0 0 0
   14    3  318   si283005       299.510491  4.08000E+04  1.40840E+01  1.07990E+02  2.82357E+11    1   5  2 8 3 0 1 0 0 0 0 0
   14    4  319   si283006       331.746254  5.87520E+04  1.41560E+01  7.57537E+01  1.20122E+11    1   6  2 8 3 0 0 1 0 0 0 0
   14    5  320   si283007       352.099352  7.99680E+04  1.41240E+01  5.54006E+01  6.61217E+10    1   7  2 8 3 0 0 0 1 0 0 0
   14    6  321   si283008       365.599672  1.04448E+05  1.40382E+01  4.19003E+01  3.90203E+10    1   8  2 8 3 0 0 0 0 1 0 0
   14    7  322   si283009       374.422940  1.32192E+05  1.40322E+01  3.30771E+01  2.32850E+10    1   9  2 8 3 0 0 0 0 0 1 0
   14    8  323   si283010       380.826099  1.63200E+05  1.40013E+01  2.66739E+01  1.44116E+10    1  10  2 8 3 0 0 0 0 0 0 1
   14    9  324   si282204       464.180306  7.58880E+04  1.50456E+01  1.83407E+02  1.40169E+14    2   4  2 8 2 2 0 0 0 0 0 0
   14   10  325   si282105       538.681748  2.44800E+05  1.41436E+01  1.08906E+02  5.20711E+13    2   5  2 8 2 1 1 0 0 0 0 0
   14   11  326   si282106       571.598062  3.52512E+05  1.41780E+01  7.59895E+01  2.07168E+13    2   6  2 8 2 1 0 1 0 0 0 0
   14   12  327   si282107       592.100524  4.79808E+05  1.41350E+01  5.54870E+01  9.97066E+12    2   7  2 8 2 1 0 0 1 0 0 0
   14   13  328   si282108       605.645386  6.26688E+05  1.40452E+01  4.19421E+01  5.45970E+12    2   8  2 8 2 1 0 0 0 1 0 0
   14   14  329   si282109       614.482161  7.93152E+05  1.40382E+01  3.31054E+01  3.34247E+12    2   9  2 8 2 1 0 0 0 0 1 0
   14   15  330   si282110       620.875879  9.79200E+05  1.40112E+01  2.67116E+01  2.26057E+12    2  10  2 8 2 1 0 0 0 0 0 1
   14   16  331   si275003       825.259785  6.85440E+04  1.73440E+01  4.17708E+02  1.66187E+14   16   3  2 7 5 0 0 0 0 0 0 0
   14   17  332   si274104      1063.049057  7.83360E+05  1.45418E+01  1.79919E+02  1.11405E+14   16   4  2 7 4 1 0 0 0 0 0 0
   14   18  333   si274005      1134.697814  1.22400E+06  1.41023E+01  1.08270E+02  1.03855E+14   16   5  2 7 4 0 1 0 0 0 0 0
   14   19  334   si274006      1167.150252  1.76256E+06  1.41620E+01  7.58180E+01  1.01752E+14   16   6  2 7 4 0 0 1 0 0 0 0
   14   20  335   si274007      1187.536207  2.39904E+06  1.41280E+01  5.54320E+01  1.01028E+14   16   7  2 7 4 0 0 0 1 0 0 0
   14   21  336   si274008      1201.014166  3.13344E+06  1.40472E+01  4.19541E+01  1.00719E+14   16   8  2 7 4 0 0 0 0 1 0 0
   14   22  337   si274009      1209.858172  3.96576E+06  1.40392E+01  3.31101E+01  1.00572E+14   16   9  2 7 4 0 0 0 0 0 1 0
   14   23  338   si274010      1216.294345  4.89600E+06  1.40013E+01  2.66739E+01  1.00496E+14   16  10  2 7 4 0 0 0 0 0 0 1
   14   24  339   si185003      7770.901091  1.71360E+04  1.74240E+01  4.21943E+02  7.74078E+14   24   3  1 8 5 0 0 0 0 0 0 0
   14   25  340   si184104      8012.350302  1.95840E+05  1.45650E+01  1.80494E+02  7.53457E+14   24   4  1 8 4 1 0 0 0 0 0 0
   14   26  341   si184005      8084.587774  3.06000E+05  1.41014E+01  1.08257E+02  7.49729E+14   24   5  1 8 4 0 1 0 0 0 0 0
   14   27  342   si184006      8116.929964  4.40640E+05  1.41710E+01  7.59144E+01  7.48597E+14   24   6  1 8 4 0 0 1 0 0 0 0
   14   28  343   si184007      8137.341680  5.99760E+05  1.41370E+01  5.55027E+01  7.48236E+14   24   7  1 8 4 0 0 0 1 0 0 0
   14   29  344   si184008      8150.884924  7.83360E+05  1.40481E+01  4.19595E+01  7.48092E+14   24   8  1 8 4 0 0 0 0 1 0 0
   14   30  345   si184009      8159.730061  9.91440E+05  1.40401E+01  3.31143E+01  7.48016E+14   24   9  1 8 4 0 0 0 0 0 1 0
   14   31  346   si184010      8166.170480  1.22400E+06  1.40013E+01  2.66739E+01  7.47977E+14   24  10  1 8 4 0 0 0 0 0 0 1
15   31    8       371.000000
   15    1  347   p_285003         0.000000  8.56800E+03  1.64400E+01  3.71000E+02  0.00000E+00    1   3  2 8 5 0 0 0 0 0 0 0
   15    2  348   p_284104       214.345932  9.79200E+04  1.35696E+01  1.56654E+02  4.48734E+11    1   4  2 8 4 1 0 0 0 0 0 0
   15    3  349   p_284005       277.515150  1.53000E+05  1.31044E+01  9.34848E+01  2.21169E+11    1   5  2 8 4 0 1 0 0 0 0 0
   15    4  350   p_284006       305.394281  2.20320E+05  1.31740E+01  6.56057E+01  9.23509E+10    1   6  2 8 4 0 0 1 0 0 0 0
   15    5  351   p_284007       323.065825  2.99880E+05  1.31380E+01  4.79342E+01  5.07275E+10    1   7  2 8 4 0 0 0 1 0 0 0
   15    6  352   p_284008       334.801896  3.91680E+05  1.30482E+01  3.61981E+01  2.99108E+10    1   8  2 8 4 0 0 0 0 1 0 0
   15    7  353   p_284009       342.434895  4.95720E+05  1.30402E+01  2.85651E+01  1.77958E+10    1   9  2 8 4 0 0 0 0 0 1 0
   15    8  354   p_284010       348.000236  6.12000E+05  1.30014E+01  2.29998E+01  1.15719E+10    1  10  2 8 4 0 0 0 0 0 0 1
   15    9  355   p_283204       438.759658  4.04736E+05  1.41301E+01  1.61222E+02  1.20629E+14    2   4  2 8 3 2 0 0 0 0 0 0
   15   10  356   p_283105       505.644527  1.30560E+06  1.31640E+01  9.43374E+01  4.40345E+13    2   5  2 8 3 1 1 0 0 0 0 0
   15   11  357   p_283106       534.156880  1.88006E+06  1.31960E+01  6.58251E+01  1.73990E+13    2   6  2 8 3 1 0 1 0 0 0 0
   15   12  358   p_283107       551.967464  2.55898E+06  1.31490E+01  4.80145E+01  8.35244E+12    2   7  2 8 3 1 0 0 1 0 0 0
   15   13  359   p_283108       563.744995  3.34234E+06  1.30552E+01  3.62370E+01  4.55498E+12    2   8  2 8 3 1 0 0 0 1 0 0
   15   14  360   p_283109       571.390553  4.23014E+06  1.30462E+01  2.85914E+01  2.77302E+12    2   9  2 8 3 1 0 0 0 0 1 0
   15   15  361   p_283110       576.947147  5.22240E+06  1.30113E+01  2.30348E+01  1.86308E+12    2  10  2 8 3 1 0 0 0 0 0 1
   15   16  362   p_276003       815.948711  1.48512E+05  1.70040E+01  3.80311E+02  2.24239E+14   16   3  2 7 6 0 0 0 0 0 0 0
   15   17  363   p_275104      1038.293148  2.19341E+06  1.36263E+01  1.57967E+02  1.61791E+14   16   4  2 7 5 1 0 0 0 0 0 0
   15   18  364   p_275005      1102.513566  3.42720E+06  1.31227E+01  9.37462E+01  1.53743E+14   16   5  2 7 5 0 1 0 0 0 0 0
   15   19  365   p_275006      1130.594278  4.93517E+06  1.31800E+01  6.56655E+01  1.51535E+14   16   6  2 7 5 0 0 1 0 0 0 0
   15   20  366   p_275007      1148.296412  6.71731E+06  1.31420E+01  4.79634E+01  1.50789E+14   16   7  2 7 5 0 0 0 1 0 0 0
   15   21  367   p_275008      1160.011721  8.77363E+06  1.30572E+01  3.62481E+01  1.50473E+14   16   8  2 7 5 0 0 0 0 1 0 0
   15   22  368   p_275009      1167.664000  1.11041E+07  1.30472E+01  2.85958E+01  1.50323E+14   16   9  2 7 5 0 0 0 0 0 1 0
   15   23  369   p_275010      1173.260021  1.37088E+07  1.30014E+01  2.29998E+01  1.50247E+14   16  10  2 7 5 0 0 0 0 0 0 1
   15   24  370   p_186003      7757.539413  3.71280E+04  1.70840E+01  3.84362E+02  7.90206E+14   24   3  1 8 6 0 0 0 0 0 0 0
   15   25  371   p_185104      7983.395807  5.48352E+05  1.36495E+01  1.58505E+02  7.70148E+14   24   4  1 8 5 1 0 0 0 0 0 0
   15   26  372   p_185005      8048.167735  8.56800E+05  1.31218E+01  9.37334E+01  7.66805E+14   24   5  1 8 5 0 1 0 0 0 0 0
   15   27  373   p_185006      8076.145852  1.23379E+06  1.31890E+01  6.57552E+01  7.65800E+14   24   6  1 8 5 0 0 1 0 0 0 0
   15   28  374   p_185007      8093.871990  1.67933E+06  1.31510E+01  4.80291E+01  7.65484E+14   24   7  1 8 5 0 0 0 1 0 0 0
   15   29  375   p_185008      8105.648030  2.19341E+06  1.30581E+01  3.62531E+01  7.65359E+14   24   8  1 8 5 0 0 0 0 1 0 0
   15   30  376   p_185009      8113.301361  2.77603E+06  1.30481E+01  2.85997E+01  7.65293E+14   24   9  1 8 5 0 0 0 0 0 1 0
   15   31  377   p_185010      8118.901327  3.42720E+06  1.30014E+01  2.29998E+01  7.65261E+14   24  10  1 8 5 0 0 0 0 0 0 1
16   31    8       338.200012
   16    1  378   s_286003         0.000000  1.85640E+04  1.61000E+01  3.38200E+02  0.00000E+00    1   3  2 8 6 0 0 0 0 0 0 0
   16    2  379   s_285104       201.980091  2.74176E+05  1.26541E+01  1.36220E+02  3.35079E+11    1   4  2 8 5 1 0 0 0 0 0 0
   16    3  380   s_285005       258.173265  4.28400E+05  1.21248E+01  8.00267E+01  1.71407E+11    1   5  2 8 5 0 1 0 0 0 0 0
   16    4  381   s_285006       282.012363  6.16896E+05  1.21920E+01  5.61876E+01  7.00306E+10    1   6  2 8 5 0 0 1 0 0 0 0
   16    5  382   s_285007       297.191832  8.39664E+05  1.21520E+01  4.10082E+01  3.83072E+10    1   7  2 8 5 0 0 0 1 0 0 0
   16    6  383   s_285008       307.287069  1.09670E+06  1.20582E+01  3.09129E+01  2.25403E+10    1   8  2 8 5 0 0 0 0 1 0 0
   16    7  384   s_285009       313.816054  1.38802E+06  1.20482E+01  2.43840E+01  1.33599E+10    1   9  2 8 5 0 0 0 0 0 1 0
   16    8  385   s_285010       318.602180  1.71360E+06  1.20015E+01  1.95978E+01  9.48528E+09    1  10  2 8 5 0 0 0 0 0 0 1
   16    9  386   s_284204       412.078602  1.51776E+06  1.32146E+01  1.40467E+02  9.85865E+13    2   4  2 8 4 2 0 0 0 0 0 0
   16   10  387   s_284105       471.730284  4.89600E+06  1.21844E+01  8.08157E+01  3.61446E+13    2   5  2 8 4 1 1 0 0 0 0 0
   16   11  388   s_284106       496.155291  7.05024E+06  1.22140E+01  5.63907E+01  1.41507E+13    2   6  2 8 4 1 0 1 0 0 0 0
   16   12  389   s_284107       511.463477  9.59616E+06  1.21630E+01  4.10825E+01  6.77109E+12    2   7  2 8 4 1 0 0 1 0 0 0
   16   13  390   s_284108       521.597095  1.25338E+07  1.20652E+01  3.09488E+01  3.67365E+12    2   8  2 8 4 1 0 0 0 1 0 0
   16   14  391   s_284109       528.137691  1.58630E+07  1.20542E+01  2.44083E+01  2.22029E+12    2   9  2 8 4 1 0 0 0 0 1 0
   16   15  392   s_284110       532.915764  1.95840E+07  1.20114E+01  1.96302E+01  1.47899E+12    2  10  2 8 4 1 0 0 0 0 0 1
   16   16  393   s_277003       807.470660  2.54592E+05  1.66640E+01  3.46678E+02  2.90686E+14   16   3  2 7 7 0 0 0 0 0 0 0
   16   17  394   s_276104      1016.704770  4.75238E+06  1.27108E+01  1.37444E+02  2.20212E+14   16   4  2 7 6 1 0 0 0 0 0 0
   16   18  395   s_276005      1073.880154  7.42560E+06  1.21431E+01  8.02686E+01  2.11884E+14   16   5  2 7 6 0 1 0 0 0 0 0
   16   19  396   s_276006      1097.905745  1.06929E+07  1.21980E+01  5.62430E+01  2.09647E+14   16   6  2 7 6 0 0 1 0 0 0 0
   16   20  397   s_276007      1113.113537  1.45542E+07  1.21560E+01  4.10352E+01  2.08897E+14   16   7  2 7 6 0 0 0 1 0 0 0
   16   21  398   s_276008      1123.189612  1.90095E+07  1.20672E+01  3.09591E+01  2.08579E+14   16   8  2 7 6 0 0 0 0 1 0 0
   16   22  399   s_276009      1129.736420  2.40589E+07  1.20552E+01  2.44123E+01  2.08429E+14   16   9  2 7 6 0 0 0 0 0 1 0
   16   23  400   s_276010      1134.550891  2.97024E+07  1.20015E+01  1.95978E+01  2.08353E+14   16  10  2 7 6 0 0 0 0 0 0 1
   16   24  401   s_187003      7745.165940  6.36480E+04  1.67440E+01  3.50573E+02  8.05718E+14   24   3  1 8 7 0 0 0 0 0 0 0
   16   25  402   s_186104      7957.793053  1.18810E+06  1.27340E+01  1.37946E+02  7.86059E+14   24   4  1 8 6 1 0 0 0 0 0 0
   16   26  403   s_186005      8015.482759  1.85640E+06  1.21422E+01  8.02567E+01  7.83057E+14   24   5  1 8 6 0 1 0 0 0 0 0
   16   27  404   s_186006      8039.413405  2.67322E+06  1.22070E+01  5.63260E+01  7.82168E+14   24   6  1 8 6 0 0 1 0 0 0 0
   16   28  405   s_186007      8054.643445  3.63854E+06  1.21650E+01  4.10960E+01  7.81893E+14   24   7  1 8 6 0 0 0 1 0 0 0
   16   29  406   s_186008      8064.775696  4.75238E+06  1.20681E+01  3.09637E+01  7.81785E+14   24   8  1 8 6 0 0 0 0 1 0 0
   16   30  407   s_186009      8071.323477  6.01474E+06  1.20561E+01  2.44159E+01  7.81728E+14   24   9  1 8 6 0 0 0 0 0 1 0
   16   31  408   s_186010      8076.141594  7.42560E+06  1.20015E+01  1.95978E+01  7.81701E+14   24  10  1 8 6 0 0 0 0 0 0 1
17   31    8       306.200012
   17    1  409   cl287003         0.000000  3.18240E+04  1.57600E+01  3.06200E+02  0.00000E+00    1   3  2 8 7 0 0 0 0 0 0 0
   17    2  410   cl286104       188.984988  5.94048E+05  1.17386E+01  1.17215E+02  2.41582E+11    1   4  2 8 6 1 0 0 0 0 0 0
   17    3  411   cl286005       238.585113  9.28200E+05  1.11452E+01  6.76149E+01  1.29582E+11    1   5  2 8 6 0 1 0 0 0 0 0
   17    4  412   cl286006       258.700631  1.33661E+06  1.12100E+01  4.74994E+01  5.16581E+10    1   6  2 8 6 0 0 1 0 0 0 0
   17    5  413   cl286007       271.577437  1.81927E+06  1.11660E+01  3.46226E+01  2.81575E+10    1   7  2 8 6 0 0 0 1 0 0 0
   17    6  414   cl286008       280.155221  2.37619E+06  1.10682E+01  2.60448E+01  1.65406E+10    1   8  2 8 6 0 0 0 0 1 0 0
   17    7  415   cl286009       285.666428  3.00737E+06  1.10562E+01  2.05336E+01  9.75876E+09    1   9  2 8 6 0 0 0 0 0 1 0
   17    8  416   cl286010       289.731931  3.71280E+06  1.10016E+01  1.64681E+01  8.32012E+09    1  10  2 8 6 0 0 0 0 0 0 1
   17    9  417   cl285204       387.038344  4.24973E+06  1.22991E+01  1.21142E+02  9.26077E+13    2   4  2 8 5 2 0 0 0 0 0 0
   17   10  418   cl285105       439.839938  1.37088E+07  1.12048E+01  6.83402E+01  2.90785E+13    2   5  2 8 5 1 1 0 0 0 0 0
   17   11  419   cl285106       460.494067  1.97407E+07  1.12320E+01  4.76860E+01  1.12883E+13    2   6  2 8 5 1 0 1 0 0 0 0
   17   12  420   cl285107       473.489269  2.68692E+07  1.11770E+01  3.46908E+01  5.38744E+12    2   7  2 8 5 1 0 0 1 0 0 0
   17   13  421   cl285108       482.102354  3.50945E+07  1.10752E+01  2.60777E+01  2.91082E+12    2   8  2 8 5 1 0 0 0 1 0 0
   17   14  422   cl285109       487.624224  4.44165E+07  1.10622E+01  2.05559E+01  1.74889E+12    2   9  2 8 5 1 0 0 0 0 1 0
   17   15  423   cl285110       491.682369  5.48352E+07  1.10115E+01  1.64977E+01  1.15760E+12    2  10  2 8 5 1 0 0 0 0 0 1
   17   16  424   cl278003       799.834486  3.50064E+05  1.63240E+01  3.13836E+02  3.57230E+14   16   3  2 7 8 0 0 0 0 0 0 0
   17   17  425   cl277104       995.320118  8.14694E+06  1.17953E+01  1.18351E+02  2.80374E+14   16   4  2 7 7 1 0 0 0 0 0 0
   17   18  426   cl277005      1045.833494  1.27296E+07  1.11635E+01  6.78372E+01  2.72049E+14   16   5  2 7 7 0 1 0 0 0 0 0
   17   19  427   cl277006      1066.120422  1.83306E+07  1.12160E+01  4.75503E+01  2.69850E+14   16   6  2 7 7 0 0 1 0 0 0 0
   17   20  428   cl277007      1079.023283  2.49500E+07  1.11700E+01  3.46474E+01  2.69126E+14   16   7  2 7 7 0 0 0 1 0 0 0
   17   21  429   cl277008      1087.583503  3.25878E+07  1.10772E+01  2.60872E+01  2.68820E+14   16   8  2 7 7 0 0 0 0 1 0 0
   17   22  430   cl277009      1093.111076  4.12439E+07  1.10632E+01  2.05596E+01  2.68675E+14   16   9  2 7 7 0 0 0 0 0 1 0
   17   23  431   cl277010      1097.202591  5.09184E+07  1.10016E+01  1.64681E+01  2.68604E+14   16  10  2 7 7 0 0 0 0 0 0 1
   17   24  432   cl188003      7733.790683  8.75160E+04  1.64040E+01  3.17575E+02  8.19606E+14   24   3  1 8 8 0 0 0 0 0 0 0
   17   25  433   cl187104      7932.549192  2.03674E+06  1.18185E+01  1.18817E+02  8.00364E+14   24   4  1 8 7 1 0 0 0 0 0 0
   17   26  434   cl187005      7983.539715  3.18240E+06  1.11626E+01  6.78262E+01  7.97688E+14   24   5  1 8 7 0 1 0 0 0 0 0
   17   27  435   cl187006      8003.739346  4.58266E+06  1.12250E+01  4.76266E+01  7.96908E+14   24   6  1 8 7 0 0 1 0 0 0 0
   17   28  436   cl187007      8016.662701  6.23750E+06  1.11790E+01  3.47033E+01  7.96670E+14   24   7  1 8 7 0 0 0 1 0 0 0
   17   29  437   cl187008      8025.274544  8.14694E+06  1.10781E+01  2.60914E+01  7.96578E+14   24   8  1 8 7 0 0 0 0 1 0 0
   17   30  438   cl187009      8030.803011  1.03110E+07  1.10641E+01  2.05629E+01  7.96530E+14   24   9  1 8 7 0 0 0 0 0 1 0
   17   31  439   cl187010      8034.897872  1.27296E+07  1.10016E+01  1.64681E+01  7.96508E+14   24  10  1 8 7 0 0 0 0 0 0 1
18   31    8       275.000000
   18    1  440   ar288003         0.000000  4.37580E+04  1.54200E+01  2.75000E+02  0.00000E+00    1   3  2 8 8 0 0 0 0 0 0 0
   18    2  441   ar287104       175.361163  1.01837E+06  1.08231E+01  9.96388E+01  1.65651E+11    1   4  2 8 7 1 0 0 0 0 0 0
   18    3  442   ar287005       218.750974  1.59120E+06  1.01656E+01  5.62490E+01  9.47900E+10    1   5  2 8 7 0 1 0 0 0 0 0
   18    4  443   ar287006       235.459229  2.29133E+06  1.02280E+01  3.95408E+01  3.68097E+10    1   6  2 8 7 0 0 1 0 0 0 0
   18    5  444   ar287007       246.222720  3.11875E+06  1.01800E+01  2.87773E+01  2.00093E+10    1   7  2 8 7 0 0 0 1 0 0 0
   18    6  445   ar287008       253.406400  4.07347E+06  1.00782E+01  2.15936E+01  1.17404E+10    1   8  2 8 7 0 0 0 0 1 0 0
   18    7  446   ar287009       257.986047  5.15549E+06  1.00642E+01  1.70140E+01  6.89063E+09    1   9  2 8 7 0 0 0 0 0 1 0
   18    8  447   ar287010       261.389510  6.36480E+06  1.00017E+01  1.36105E+01  9.41182E+09    1  10  2 8 7 0 0 0 0 0 0 1
   18    9  448   ar286204       360.739992  9.20774E+06  1.13836E+01  1.03245E+02  7.10439E+13    2   4  2 8 6 2 0 0 0 0 0 0
   18   10  449   ar286105       407.074327  2.97024E+07  1.02252E+01  5.69107E+01  2.28497E+13    2   5  2 8 6 1 1 0 0 0 0 0
   18   11  450   ar286106       424.273907  4.27715E+07  1.02500E+01  3.97111E+01  8.80006E+12    2   6  2 8 6 1 0 1 0 0 0 0
   18   12  451   ar286107       435.145476  5.82167E+07  1.01910E+01  2.88395E+01  4.18706E+12    2   7  2 8 6 1 0 0 1 0 0 0
   18   13  452   ar286108       442.361378  7.60381E+07  1.00852E+01  2.16236E+01  2.25124E+12    2   8  2 8 6 1 0 0 0 1 0 0
   18   14  453   ar286109       446.950740  9.62358E+07  1.00702E+01  1.70342E+01  1.34302E+12    2   9  2 8 6 1 0 0 0 0 1 0
   18   15  454   ar286110       450.347539  1.18810E+08  1.00116E+01  1.36374E+01  8.84253E+11    2  10  2 8 6 1 0 0 0 0 0 1
   18   16  455   ar279003       793.049664  3.88960E+05  1.59840E+01  2.81785E+02  4.21153E+14   16   3  2 7 9 0 0 0 0 0 0 0
   18   17  456   ar278104       974.148590  1.12020E+07  1.08798E+01  1.00686E+02  3.39518E+14   16   4  2 7 8 1 0 0 0 0 0 0
   18   18  457   ar278005      1018.382720  1.75032E+07  1.01839E+01  5.64518E+01  3.31451E+14   16   5  2 7 8 0 1 0 0 0 0 0
   18   19  458   ar278006      1035.247304  2.52046E+07  1.02340E+01  3.95872E+01  3.29364E+14   16   6  2 7 8 0 0 1 0 0 0 0
   18   20  459   ar278007      1046.034584  3.43063E+07  1.01840E+01  2.87999E+01  3.28686E+14   16   7  2 7 8 0 0 0 1 0 0 0
   18   21  460   ar278008      1053.202299  4.48082E+07  1.00872E+01  2.16322E+01  3.28400E+14   16   8  2 7 8 0 0 0 0 1 0 0
   18   22  461   ar278009      1057.796856  5.67104E+07  1.00712E+01  1.70376E+01  3.28265E+14   16   9  2 7 8 0 0 0 0 0 1 0
   18   23  462   ar278010      1061.223997  7.00128E+07  1.00017E+01  1.36105E+01  3.28202E+14   16  10  2 7 8 0 0 0 0 0 0 1
   18   24  463   ar189003      7723.424340  9.72400E+04  1.60640E+01  2.85366E+02  8.33265E+14   24   3  1 8 9 0 0 0 0 0 0 0
   18   25  464   ar188104      7907.674780  2.80051E+06  1.09030E+01  1.01116E+02  8.14299E+14   24   4  1 8 8 1 0 0 0 0 0 0
   18   26  465   ar188005      7952.348896  4.37580E+06  1.01830E+01  5.64418E+01  8.11938E+14   24   5  1 8 8 0 1 0 0 0 0 0
   18   27  466   ar188006      7969.133832  6.30115E+06  1.02430E+01  3.96569E+01  8.11263E+14   24   6  1 8 8 0 0 1 0 0 0 0
   18   28  467   ar188007      7979.939850  8.57657E+06  1.01930E+01  2.88508E+01  8.11061E+14   24   7  1 8 8 0 0 0 1 0 0 0
   18   29  468   ar188008      7987.154636  1.12020E+07  1.00881E+01  2.16360E+01  8.10984E+14   24   8  1 8 8 0 0 0 0 1 0 0
   18   30  469   ar188009      7991.750007  1.41776E+07  1.00721E+01  1.70407E+01  8.10943E+14   24   9  1 8 8 0 0 0 0 0 1 0
   18   31  470   ar188010      7995.180194  1.75032E+07  1.00017E+01  1.36105E+01  8.10928E+14   24  10  1 8 8 0 0 0 0 0 0 1
19   31    8       184.300003
   19    1  471   k_289003         0.000000  4.86200E+04  1.50800E+01  1.84300E+02  0.00000E+00    1   3  2 8 9 0 0 0 0 0 0 0
   19    2  472   k_288104       113.859300  1.40026E+06  9.90760E+00  7.04407E+01  5.31387E+10    1   4  2 8 8 1 0 0 0 0 0 0
   19    3  473   k_288005       138.371131  2.18790E+06  9.18600E+00  4.59289E+01  3.05361E+10    1   5  2 8 8 0 1 0 0 0 0 0
   19    4  474   k_288006       151.988316  3.15058E+06  9.24600E+00  3.23117E+01  1.57891E+10    1   6  2 8 8 0 0 1 0 0 0 0
   19    5  475   k_288007       160.827783  4.28828E+06  9.19400E+00  2.34722E+01  9.80049E+09    1   7  2 8 8 0 0 0 1 0 0 0
   19    6  476   k_288008       166.740678  5.60102E+06  9.08820E+00  1.75593E+01  6.15219E+09    1   8  2 8 8 0 0 0 0 1 0 0
   19    7  477   k_288009       170.474967  7.08880E+06  9.07220E+00  1.38250E+01  3.68794E+09    1   9  2 8 8 0 0 0 0 0 1 0
   19    8  478   k_288010       173.274964  8.75160E+06  9.00180E+00  1.10250E+01  3.72571E+10    1  10  2 8 8 0 0 0 0 0 0 1
   19    9  479   k_287204       286.448350  1.57847E+07  1.04681E+01  7.32128E+01  5.59708E+13    2   4  2 8 7 2 0 0 0 0 0 0
   19   10  480   k_287105       313.134276  5.09184E+07  9.24560E+00  4.65269E+01  1.73450E+13    2   5  2 8 7 1 1 0 0 0 0 0
   19   11  481   k_287106       327.195512  7.33225E+07  9.26800E+00  3.24657E+01  6.64412E+12    2   6  2 8 7 1 0 1 0 0 0 0
   19   12  482   k_287107       336.132741  9.98001E+07  9.20500E+00  2.35284E+01  3.15073E+12    2   7  2 8 7 1 0 0 1 0 0 0
   19   13  483   k_287108       342.074780  1.30351E+08  9.09520E+00  1.75864E+01  1.68463E+12    2   8  2 8 7 1 0 0 0 1 0 0
   19   14  484   k_287109       345.817837  1.64976E+08  9.07820E+00  1.38433E+01  9.96806E+11    2   9  2 8 7 1 0 0 0 0 1 0
   19   15  485   k_287110       348.611863  2.03674E+08  9.01170E+00  1.10493E+01  6.80276E+11    2  10  2 8 7 1 0 0 0 0 0 1
   19   16  486   k_27a003       788.586596  3.50064E+05  1.56440E+01  1.88763E+02  4.81004E+14   16   3  2 710 0 0 0 0 0 0 0
   19   17  487   k_279104       906.100183  1.24467E+07  9.96430E+00  7.12495E+01  3.95846E+14   16   4  2 7 9 1 0 0 0 0 0 0
   19   18  488   k_279005       931.237587  1.94480E+07  9.20430E+00  4.61121E+01  3.88296E+14   16   5  2 7 9 0 1 0 0 0 0 0
   19   19  489   k_279006       944.996026  2.80051E+07  9.25200E+00  3.23536E+01  3.86418E+14   16   6  2 7 9 0 0 1 0 0 0 0
   19   20  490   k_279007       953.857017  3.81181E+07  9.19800E+00  2.34927E+01  3.85811E+14   16   7  2 7 9 0 0 0 1 0 0 0
   19   21  491   k_279008       959.755545  4.97869E+07  9.09720E+00  1.75941E+01  3.85555E+14   16   8  2 7 9 0 0 0 0 1 0 0
   19   22  492   k_279009       963.503288  6.30115E+07  9.07920E+00  1.38464E+01  3.85434E+14   16   9  2 7 9 0 0 0 0 0 1 0
   19   23  493   k_279010       966.324628  7.77920E+07  9.00180E+00  1.10250E+01  3.85408E+14   16  10  2 7 9 0 0 0 0 0 0 1
   19   24  494   k_18a003      7716.382376  8.75160E+04  1.57240E+01  1.91342E+02  8.45112E+14   24   3  1 810 0 0 0 0 0 0 0
   19   25  495   k_189104      7836.142596  3.11168E+06  9.98750E+00  7.15817E+01  8.26364E+14   24   4  1 8 9 1 0 0 0 0 0 0
   19   26  496   k_189005      7861.621282  4.86200E+06  9.20340E+00  4.61031E+01  8.24310E+14   24   5  1 8 9 0 1 0 0 0 0 0
   19   27  497   k_189006      7875.307719  7.00128E+06  9.26100E+00  3.24166E+01  8.23763E+14   24   6  1 8 9 0 0 1 0 0 0 0
   19   28  498   k_189007      7884.185692  9.52952E+06  9.20700E+00  2.35387E+01  8.23600E+14   24   7  1 8 9 0 0 0 1 0 0 0
   19   29  499   k_189008      7890.126740  1.24467E+07  9.09810E+00  1.75976E+01  8.23538E+14   24   8  1 8 9 0 0 0 0 1 0 0
   19   30  500   k_189009      7893.875218  1.57529E+07  9.08010E+00  1.38491E+01  8.23505E+14   24   9  1 8 9 0 0 0 0 0 1 0
   19   31  501   k_189010      7896.699304  1.94480E+07  9.00180E+00  1.10250E+01  8.23525E+14   24  10  1 8 9 0 0 0 0 0 0 1
20   31    8       154.500000
   20    1  502   ca28a003         0.000000  4.37580E+04  1.47400E+01  1.54500E+02  0.00000E+00    1   3  2 810 0 0 0 0 0 0 0
   20    2  503   ca289104        98.738125  1.55584E+06  8.99210E+00  5.57619E+01  2.99038E+10    1   4  2 8 9 1 0 0 0 0 0 0
   20    3  504   ca289005       117.845794  2.43100E+06  8.20640E+00  3.66542E+01  1.78965E+10    1   5  2 8 9 0 1 0 0 0 0 0
   20    4  505   ca289006       128.687990  3.50064E+06  8.26400E+00  2.58120E+01  9.42117E+09    1   6  2 8 9 0 0 1 0 0 0 0
   20    5  506   ca289007       135.792672  4.76476E+06  8.20800E+00  1.87073E+01  5.98347E+09    1   7  2 8 9 0 0 0 1 0 0 0
   20    6  507   ca289008       140.558075  6.22336E+06  8.09820E+00  1.39419E+01  3.79795E+09    1   8  2 8 9 0 0 0 0 1 0 0
   20    7  508   ca289009       143.533194  7.87644E+06  8.08020E+00  1.09668E+01  2.26479E+09    1   9  2 8 9 0 0 0 0 0 1 0
   20    8  509   ca289010       145.788289  9.72400E+06  8.00190E+00  8.71171E+00  1.58656E+09    1  10  2 8 9 0 0 0 0 0 0 1
   20    9  510   ca288204       210.193039  2.17040E+07  9.55260E+00  5.81663E+01  4.15413E+13    2   4  2 8 8 2 0 0 0 0 0 0
   20   10  511   ca288105       231.170678  7.00128E+07  8.26600E+00  3.71886E+01  1.29957E+13    2   5  2 8 8 1 1 0 0 0 0 0
   20   11  512   ca288106       242.409663  1.00818E+08  8.28600E+00  2.59496E+01  4.91160E+12    2   6  2 8 8 1 0 1 0 0 0 0
   20   12  513   ca288107       249.601793  1.37225E+08  8.21900E+00  1.87575E+01  2.29779E+12    2   7  2 8 8 1 0 0 1 0 0 0
   20   13  514   ca288108       254.393261  1.79233E+08  8.10520E+00  1.39660E+01  1.20079E+12    2   8  2 8 8 1 0 0 0 1 0 0
   20   14  515   ca288109       257.376200  2.26841E+08  8.08620E+00  1.09831E+01  6.86168E+11    2   9  2 8 8 1 0 0 0 0 1 0
   20   15  516   ca288110       259.626018  2.80051E+08  8.01180E+00  8.73328E+00  4.23495E+11    2  10  2 8 8 1 0 0 0 0 0 1
   20   16  517   ca27b003       784.957009  2.54592E+05  1.53040E+01  1.58130E+02  5.26332E+14   16   3  2 711 0 0 0 0 0 0 0
   20   17  518   ca27a104       886.619124  1.12020E+07  9.04880E+00  5.64675E+01  4.40581E+14   16   4  2 710 1 0 0 0 0 0 0
   20   18  519   ca27a005       906.268712  1.75032E+07  8.22470E+00  3.68179E+01  4.33734E+14   16   5  2 710 0 1 0 0 0 0 0
   20   19  520   ca27a006       917.237088  2.52046E+07  8.27000E+00  2.58495E+01  4.32062E+14   16   6  2 710 0 0 1 0 0 0 0
   20   20  521   ca27a007       924.361029  3.43063E+07  8.21200E+00  1.87256E+01  4.31534E+14   16   7  2 710 0 0 0 1 0 0 0
   20   21  522   ca27a008       929.113664  4.48082E+07  8.10720E+00  1.39729E+01  4.31311E+14   16   8  2 710 0 0 0 0 1 0 0
   20   22  523   ca27a009       932.100780  5.67104E+07  8.08720E+00  1.09858E+01  4.31207E+14   16   9  2 710 0 0 0 0 0 1 0
   20   23  524   ca27a010       934.374885  7.00128E+07  8.00190E+00  8.71171E+00  4.31153E+14   16  10  2 710 0 0 0 0 0 0 1
   20   24  525   ca18b003      7710.408362  6.36480E+04  1.53840E+01  1.60474E+02  8.55449E+14   24   3  1 811 0 0 0 0 0 0 0
   20   25  526   ca18a104      7814.124913  2.80051E+06  9.07200E+00  5.67575E+01  8.37199E+14   24   4  1 810 1 0 0 0 0 0 0
   20   26  527   ca18a005      7834.072549  4.37580E+06  8.22380E+00  3.68098E+01  8.35415E+14   24   5  1 810 0 1 0 0 0 0 0
   20   27  528   ca18a006      7844.976569  6.30115E+06  8.27900E+00  2.59058E+01  8.34952E+14   24   6  1 810 0 0 1 0 0 0 0
   20   28  529   ca18a007      7852.115738  8.57657E+06  8.22100E+00  1.87666E+01  8.34818E+14   24   7  1 810 0 0 0 1 0 0 0
   20   29  530   ca18a008      7856.906340  1.12020E+07  8.10810E+00  1.39760E+01  8.34768E+14   24   8  1 810 0 0 0 0 1 0 0
   20   30  531   ca18a009      7859.894114  1.41776E+07  8.08810E+00  1.09883E+01  8.34741E+14   24   9  1 810 0 0 0 0 0 1 0
   20   31  532   ca18a010      7862.170665  1.75032E+07  8.00190E+00  8.71171E+00  8.34728E+14   24  10  1 810 0 0 0 0 0 0 1
21   31    8       126.099998
   21    1  533   sc28b003         0.000000  3.18240E+04  1.44000E+01  1.26100E+02  0.00000E+00    1   3  2 811 0 0 0 0 0 0 0
   21    2  534   sc28a104        83.363963  1.40026E+06  8.07660E+00  4.27360E+01  1.51523E+10    1   4  2 810 1 0 0 0 0 0 0
   21    3  535   sc28a005        97.675180  2.18790E+06  7.22680E+00  2.84248E+01  9.50377E+09    1   5  2 810 0 1 0 0 0 0 0
   21    4  536   sc28a006       106.058366  3.15058E+06  7.28200E+00  2.00416E+01  5.15753E+09    1   6  2 810 0 0 1 0 0 0 0
   21    5  537   sc28a007       111.617454  4.28828E+06  7.22200E+00  1.44825E+01  3.38426E+09    1   7  2 810 0 0 0 1 0 0 0
   21    6  538   sc28a008       115.358635  5.60102E+06  7.10820E+00  1.07414E+01  2.18045E+09    1   8  2 810 0 0 0 0 1 0 0
   21    7  539   sc28a009       117.660758  7.08880E+06  7.08820E+00  8.43924E+00  1.28956E+09    1   9  2 810 0 0 0 0 0 1 0
   21    8  540   sc28a010       119.429509  8.75160E+06  7.00200E+00  6.67049E+00  1.53160E+12    1  10  2 810 0 0 0 0 0 0 1
   21    9  541   sc289204       180.064561  2.41155E+07  8.63710E+00  4.47736E+01  3.01679E+13    2   4  2 8 9 2 0 0 0 0 0 0
   21   10  542   sc289105       195.942479  7.77920E+07  7.28640E+00  2.88956E+01  9.57188E+12    2   5  2 8 9 1 1 0 0 0 0 0
   21   11  543   sc289106       204.675201  1.12020E+08  7.30400E+00  2.01629E+01  3.58151E+12    2   6  2 8 9 1 0 1 0 0 0 0
   21   12  544   sc289107       210.311426  1.52472E+08  7.23300E+00  1.45267E+01  1.67094E+12    2   7  2 8 9 1 0 0 1 0 0 0
   21   13  545   sc289108       214.075593  1.99148E+08  7.11520E+00  1.07625E+01  8.69111E+11    2   8  2 8 9 1 0 0 0 1 0 0
   21   14  546   sc289109       216.384589  2.52046E+08  7.09420E+00  8.45353E+00  4.93020E+11    2   9  2 8 9 1 0 0 0 0 1 0
   21   15  547   sc289110       218.148757  3.11168E+08  7.01190E+00  6.68937E+00  1.82382E+12    2  10  2 8 9 1 0 0 0 0 0 1
   21   16  548   sc27c003       782.135215  1.48512E+05  1.49640E+01  1.28922E+02  5.63678E+14   16   3  2 712 0 0 0 0 0 0 0
   21   17  549   sc27b104       867.718715  8.14694E+06  8.13330E+00  4.33383E+01  4.78403E+14   16   4  2 711 1 0 0 0 0 0 0
   21   18  550   sc27b005       882.488035  1.27296E+07  7.24510E+00  2.85690E+01  4.72395E+14   16   5  2 711 0 1 0 0 0 0 0
   21   19  551   sc27b006       890.982332  1.83306E+07  7.28800E+00  2.00747E+01  4.70963E+14   16   6  2 711 0 0 1 0 0 0 0
   21   20  552   sc27b007       896.558415  2.49500E+07  7.22600E+00  1.44986E+01  4.70518E+14   16   7  2 711 0 0 0 1 0 0 0
   21   21  553   sc27b008       900.288425  3.25878E+07  7.11720E+00  1.07686E+01  4.70331E+14   16   8  2 711 0 0 0 0 1 0 0
   21   22  554   sc27b009       902.601090  4.12439E+07  7.09520E+00  8.45592E+00  4.70243E+14   16   9  2 711 0 0 0 0 0 1 0
   21   23  555   sc27b010       904.386517  5.09184E+07  7.00200E+00  6.67049E+00  4.71759E+14   16  10  2 711 0 0 0 0 0 0 1
   21   24  556   sc18c003      7705.486570  3.71280E+04  1.50440E+01  1.31022E+02  8.65006E+14   24   3  1 812 0 0 0 0 0 0 0
   21   25  557   sc18b104      7792.922426  2.03674E+06  8.15650E+00  4.35859E+01  8.47168E+14   24   4  1 811 1 0 0 0 0 0 0
   21   26  558   sc18b005      7807.946486  3.18240E+06  7.24420E+00  2.85619E+01  8.45655E+14   24   5  1 811 0 1 0 0 0 0 0
   21   27  559   sc18b006      7816.384070  4.58266E+06  7.29700E+00  2.01243E+01  8.45273E+14   24   6  1 811 0 0 1 0 0 0 0
   21   28  560   sc18b007      7821.973628  6.23750E+06  7.23500E+00  1.45347E+01  8.45165E+14   24   7  1 811 0 0 0 1 0 0 0
   21   29  561   sc18b008      7825.737055  8.14694E+06  7.11810E+00  1.07713E+01  8.45126E+14   24   8  1 811 0 0 0 0 1 0 0
   21   30  562   sc18b009      7828.050298  1.03110E+07  7.09610E+00  8.45806E+00  8.45104E+14   24   9  1 811 0 0 0 0 0 1 0
   21   31  563   sc18b010      7829.837870  1.27296E+07  7.00200E+00  6.67049E+00  8.46658E+14   24  10  1 811 0 0 0 0 0 0 1
22   31    8       100.000000
   22    1  564   ti28c003         0.000000  1.85640E+04  1.40600E+01  1.00000E+02  0.00000E+00    1   3  2 812 0 0 0 0 0 0 0
   22    2  565   ti28b104        68.375046  1.01837E+06  7.16110E+00  3.16250E+01  6.83151E+09    1   4  2 811 1 0 0 0 0 0 0
   22    3  566   ti28b005        78.759475  1.59120E+06  6.24720E+00  2.12405E+01  4.59563E+09    1   5  2 811 0 1 0 0 0 0 0
   22    4  567   ti28b006        84.999539  2.29133E+06  6.30000E+00  1.50005E+01  2.58031E+09    1   6  2 811 0 0 1 0 0 0 0
   22    5  568   ti28b007        89.202186  3.11875E+06  6.23600E+00  1.07978E+01  1.76318E+09    1   7  2 811 0 0 0 1 0 0 0
   22    6  569   ti28b008        92.042391  4.07347E+06  6.11820E+00  7.95761E+00  1.15650E+09    1   8  2 811 0 0 0 0 1 0 0
   22    7  570   ti28b009        93.757682  5.15549E+06  6.09620E+00  6.24232E+00  6.74064E+08    1   9  2 811 0 0 0 0 0 1 0
   22    8  571   ti28b010        95.098638  6.36480E+06  6.00210E+00  4.90136E+00  6.45472E+08    1  10  2 811 0 0 0 0 0 0 1
   22    9  572   ti28a204       150.053192  2.17040E+07  7.72160E+00  3.33108E+01  2.14187E+13    2   4  2 810 2 0 0 0 0 0 0
   22   10  573   ti28a105       161.716192  7.00128E+07  6.30680E+00  2.16478E+01  6.97690E+12    2   5  2 810 1 1 0 0 0 0 0
   22   11  574   ti28a106       168.258548  1.00818E+08  6.32200E+00  1.51054E+01  2.57930E+12    2   6  2 810 1 0 1 0 0 0 0
   22   12  575   ti28a107       172.528020  1.37225E+08  6.24700E+00  1.08359E+01  1.20018E+12    2   7  2 810 1 0 0 1 0 0 0
   22   13  576   ti28a108       175.388134  1.79233E+08  6.12520E+00  7.97583E+00  6.21489E+11    2   8  2 810 1 0 0 0 1 0 0
   22   14  577   ti28a109       177.109351  2.26841E+08  6.10220E+00  6.25461E+00  3.50070E+11    2   9  2 810 1 0 0 0 0 1 0
   22   15  578   ti28a110       178.446419  2.80051E+08  6.01200E+00  4.91754E+00  2.11710E+11    2  10  2 810 1 0 0 0 0 0 1
   22   16  579   ti27d003       780.068391  6.85440E+04  1.46240E+01  1.02067E+02  5.93112E+14   16   3  2 713 0 0 0 0 0 0 0
   22   17  580   ti27c104       850.007406  4.75238E+06  7.21780E+00  3.21278E+01  5.09135E+14   16   4  2 712 1 0 0 0 0 0 0
   22   18  581   ti27c005       860.770057  7.42560E+06  6.26550E+00  2.13652E+01  5.04071E+14   16   5  2 712 0 1 0 0 0 0 0
   22   19  582   ti27c006       867.106167  1.06929E+07  6.30600E+00  1.50290E+01  5.02893E+14   16   6  2 712 0 0 1 0 0 0 0
   22   20  583   ti27c007       871.323543  1.45542E+07  6.24000E+00  1.08117E+01  5.02535E+14   16   7  2 712 0 0 0 1 0 0 0
   22   21  584   ti27c008       874.154176  1.90095E+07  6.12720E+00  7.98104E+00  5.02385E+14   16   8  2 712 0 0 0 0 1 0 0
   22   22  585   ti27c009       875.878552  2.40589E+07  6.10320E+00  6.25666E+00  5.02314E+14   16   9  2 712 0 0 0 0 0 1 0
   22   23  586   ti27c010       877.233853  2.97024E+07  6.00210E+00  4.90136E+00  5.02278E+14   16  10  2 712 0 0 0 0 0 0 1
   22   24  587   ti18d003      7701.562703  1.71360E+04  1.47040E+01  1.03924E+02  8.74166E+14   24   3  1 813 0 0 0 0 0 0 0
   22   25  588   ti18c104      7773.151863  1.18810E+06  7.24100E+00  3.23347E+01  8.56681E+14   24   4  1 812 1 0 0 0 0 0 0
   22   26  589   ti18c005      7784.127551  1.85640E+06  6.26460E+00  2.13590E+01  8.55426E+14   24   5  1 812 0 1 0 0 0 0 0
   22   27  590   ti18c006      7790.414590  2.67322E+06  6.31500E+00  1.50720E+01  8.55119E+14   24   6  1 812 0 0 1 0 0 0 0
   22   28  591   ti18c007      7794.643688  3.63854E+06  6.24900E+00  1.08429E+01  8.55035E+14   24   7  1 812 0 0 0 1 0 0 0
   22   29  592   ti18c008      7797.503187  4.75238E+06  6.12810E+00  7.98338E+00  8.55004E+14   24   8  1 812 0 0 0 0 1 0 0
   22   30  593   ti18c009      7799.228062  6.01474E+06  6.10410E+00  6.25851E+00  8.54988E+14   24   9  1 812 0 0 0 0 0 1 0
   22   31  594   ti18c010      7800.585208  7.42560E+06  6.00210E+00  4.90136E+00  8.54980E+14   24  10  1 812 0 0 0 0 0 0 1
23   31    8        75.800003
   23    1  595   v_28d003         0.000000  8.56800E+03  1.37200E+01  7.58000E+01  0.00000E+00    1   3  2 813 0 0 0 0 0 0 0
   23    2  596   v_28c104        53.580034  5.94048E+05  6.24560E+00  2.22200E+01  2.65117E+09    1   4  2 812 1 0 0 0 0 0 0
   23    3  597   v_28c005        60.698839  9.28200E+05  5.26760E+00  1.51012E+01  1.93258E+09    1   5  2 812 0 1 0 0 0 0 0
   23    4  598   v_28c006        65.111593  1.33661E+06  5.31800E+00  1.06884E+01  1.14839E+09    1   6  2 812 0 0 1 0 0 0 0
   23    5  599   v_28c007        68.146912  1.81927E+06  5.25000E+00  7.65309E+00  8.29518E+08    1   7  2 812 0 0 0 1 0 0 0
   23    6  600   v_28c008        70.209369  2.37619E+06  5.12820E+00  5.59063E+00  5.56223E+08    1   8  2 812 0 0 0 0 1 0 0
   23    7  601   v_28c009        71.423981  3.00737E+06  5.10420E+00  4.37602E+00  3.16802E+08    1   9  2 812 0 0 0 0 0 1 0
   23    8  602   v_28c010        72.395688  3.71280E+06  5.00220E+00  3.40431E+00  3.41483E+08    1  10  2 812 0 0 0 0 0 0 1
   23    9  603   v_28b204       120.612308  1.57847E+07  6.80610E+00  2.35627E+01  1.64531E+13    2   4  2 811 2 0 0 0 0 0 0
   23   10  604   v_28b105       128.730210  5.09184E+07  5.32720E+00  1.54448E+01  3.71146E+12    2   5  2 811 1 1 0 0 0 0 0
   23   11  605   v_28b106       133.398019  7.33225E+07  5.34000E+00  1.07770E+01  1.29931E+12    2   6  2 811 1 0 1 0 0 0 0
   23   12  606   v_28b107       136.489854  9.98001E+07  5.26100E+00  7.68520E+00  6.04143E+11    2   7  2 811 1 0 0 1 0 0 0
   23   13  607   v_28b108       138.569142  1.30351E+08  5.13520E+00  5.60591E+00  3.12460E+11    2   8  2 811 1 0 0 0 1 0 0
   23   14  608   v_28b109       139.788733  1.64976E+08  5.11020E+00  4.38632E+00  1.75638E+11    2   9  2 811 1 0 0 0 0 1 0
   23   15  609   v_28b110       140.757246  2.03674E+08  5.01210E+00  3.41780E+00  1.05925E+11    2  10  2 811 1 0 0 0 0 0 1
   23   16  610   v_27e003       778.703514  2.44800E+04  1.42840E+01  7.71649E+01  7.47432E+14   16   3  2 714 0 0 0 0 0 0 0
   23   17  611   v_27d104       833.243105  2.19341E+06  6.30230E+00  2.26253E+01  6.47835E+14   16   4  2 713 1 0 0 0 0 0 0
   23   18  612   v_27d005       840.662117  3.42720E+06  5.28590E+00  1.52063E+01  6.42679E+14   16   5  2 713 0 1 0 0 0 0 0
   23   19  613   v_27d006       845.155851  4.93517E+06  5.32400E+00  1.07125E+01  6.41574E+14   16   6  2 713 0 0 1 0 0 0 0
   23   20  614   v_27d007       848.203636  6.71731E+06  5.25400E+00  7.66476E+00  6.41257E+14   16   7  2 713 0 0 0 1 0 0 0
   23   21  615   v_27d008       850.258120  8.77363E+06  5.13720E+00  5.61027E+00  6.41124E+14   16   8  2 713 0 0 0 0 1 0 0
   23   22  616   v_27d009       851.480360  1.11041E+07  5.11120E+00  4.38803E+00  6.41062E+14   16   9  2 713 0 0 0 0 0 1 0
   23   23  617   v_27d010       852.464079  1.37088E+07  5.00220E+00  3.40431E+00  6.41030E+14   16  10  2 713 0 0 0 0 0 0 1
   23   24  618   v_18e003      7698.593049  6.12000E+03  1.43640E+01  7.87697E+01  8.96870E+14   24   3  1 814 0 0 0 0 0 0 0
   23   25  619   v_18d104      7754.570516  5.48352E+05  6.32550E+00  2.27922E+01  8.78815E+14   24   4  1 813 1 0 0 0 0 0 0
   23   26  620   v_18d005      7762.161607  8.56800E+05  5.28500E+00  1.52011E+01  8.77598E+14   24   5  1 813 0 1 0 0 0 0 0
   23   27  621   v_18d006      7766.613913  1.23379E+06  5.33300E+00  1.07488E+01  8.77339E+14   24   6  1 813 0 0 1 0 0 0 0
   23   28  622   v_18d007      7769.671666  1.67933E+06  5.26300E+00  7.69104E+00  8.77273E+14   24   7  1 813 0 0 0 1 0 0 0
   23   29  623   v_18d008      7771.750466  2.19341E+06  5.13810E+00  5.61224E+00  8.77250E+14   24   8  1 813 0 0 0 0 1 0 0
   23   30  624   v_18d009      7772.973127  2.77603E+06  5.11210E+00  4.38958E+00  8.77237E+14   24   9  1 813 0 0 0 0 0 1 0
   23   31  625   v_18d010      7773.958392  3.42720E+06  5.00220E+00  3.40431E+00  8.77231E+14   24  10  1 813 0 0 0 0 0 0 1
24   31    8        53.799999
   24    1  626   cr28e003         0.000000  3.06000E+03  1.33800E+01  5.38000E+01  0.00000E+00    1   3  2 814 0 0 0 0 0 0 0
   24    2  627   cr28d104        39.273307  2.74176E+05  5.33010E+00  1.45267E+01  8.55068E+08    1   4  2 813 1 0 0 0 0 0 0
   24    3  628   cr28d005        43.793401  4.28400E+05  4.28800E+00  1.00066E+01  6.83471E+08    1   5  2 813 0 1 0 0 0 0 0
   24    4  629   cr28d006        46.694589  6.16896E+05  4.33600E+00  7.10541E+00  4.44054E+08    1   6  2 813 0 0 1 0 0 0 0
   24    5  630   cr28d007        48.751663  8.39664E+05  4.26400E+00  5.04834E+00  3.46128E+08    1   7  2 813 0 0 0 1 0 0 0
   24    6  631   cr28d008        50.159586  1.09670E+06  4.13820E+00  3.64041E+00  2.38739E+08    1   8  2 813 0 0 0 0 1 0 0
   24    7  632   cr28d009        50.959662  1.38802E+06  4.11220E+00  2.84034E+00  1.31585E+08    1   9  2 813 0 0 0 0 0 1 0
   24    8  633   cr28d010        51.620661  1.71360E+06  4.00230E+00  2.17934E+00  2.88792E+08    1  10  2 813 0 0 0 0 0 0 1
   24    9  634   cr28c204        91.840451  9.20774E+06  5.89060E+00  1.55396E+01  1.25697E+13    2   4  2 812 2 0 0 0 0 0 0
   24   10  635   cr28c105        97.093323  2.97024E+07  4.34760E+00  1.02867E+01  2.29864E+12    2   5  2 812 1 1 0 0 0 0 0
   24   11  636   cr28c106       100.202336  4.27715E+07  4.35800E+00  7.17770E+00  7.82889E+11    2   6  2 812 1 0 1 0 0 0 0
   24   12  637   cr28c107       102.305617  5.82167E+07  4.27500E+00  5.07442E+00  3.63382E+11    2   7  2 812 1 0 0 1 0 0 0
   24   13  638   cr28c108       103.727294  7.60381E+07  4.14520E+00  3.65274E+00  1.87377E+11    2   8  2 812 1 0 0 0 1 0 0
   24   14  639   cr28c109       104.531402  9.62358E+07  4.11820E+00  2.84863E+00  1.04824E+11    2   9  2 812 1 0 0 0 0 1 0
   24   15  640   cr28c110       105.189900  1.18810E+08  4.01220E+00  2.19013E+00  6.28880E+10    2  10  2 812 1 0 0 0 0 0 1
   24   16  641   cr27f003       777.966714  6.52800E+03  1.39440E+01  5.45368E+01  7.69820E+14   16   3  2 715 0 0 0 0 0 0 0
   24   17  642   cr27e104       817.666091  7.83360E+05  5.38680E+00  1.48374E+01  6.72588E+14   16   4  2 714 1 0 0 0 0 0 0
   24   18  643   cr27e005       822.411319  1.22400E+06  4.30630E+00  1.00922E+01  6.68699E+14   16   5  2 714 0 1 0 0 0 0 0
   24   19  644   cr27e006       825.378425  1.76256E+06  4.34200E+00  7.12509E+00  6.67893E+14   16   6  2 714 0 0 1 0 0 0 0
   24   20  645   cr27e007       827.445702  2.39904E+06  4.26800E+00  5.05781E+00  6.67668E+14   16   7  2 714 0 0 0 1 0 0 0
   24   21  646   cr27e008       828.847248  3.13344E+06  4.14720E+00  3.65627E+00  6.67573E+14   16   8  2 714 0 0 0 0 1 0 0
   24   22  647   cr27e009       829.653498  3.96576E+06  4.11920E+00  2.85002E+00  6.67529E+14   16   9  2 714 0 0 0 0 0 1 0
   24   23  648   cr27e010       830.324175  4.89600E+06  4.00230E+00  2.17934E+00  6.67507E+14   16  10  2 714 0 0 0 0 0 0 1
   24   24  649   cr18f003      7696.514952  1.63200E+03  1.40240E+01  5.58781E+01  9.05860E+14   24   3  1 815 0 0 0 0 0 0 0
   24   25  650   cr18e104      7737.427535  1.95840E+05  5.41000E+00  1.49655E+01  8.88062E+14   24   4  1 814 1 0 0 0 0 0 0
   24   26  651   cr18e005      7742.305072  3.06000E+05  4.30540E+00  1.00880E+01  8.87108E+14   24   5  1 814 0 1 0 0 0 0 0
   24   27  652   cr18e006      7745.238391  4.40640E+05  4.35100E+00  7.15466E+00  8.86917E+14   24   6  1 814 0 0 1 0 0 0 0
   24   28  653   cr18e007      7747.313883  5.99760E+05  4.27700E+00  5.07917E+00  8.86871E+14   24   7  1 814 0 0 0 1 0 0 0
   24   29  654   cr18e008      7748.735196  7.83360E+05  4.14810E+00  3.65785E+00  8.86855E+14   24   8  1 814 0 0 0 0 1 0 0
   24   30  655   cr18e009      7749.541787  9.91440E+05  4.12010E+00  2.85126E+00  8.86846E+14   24   9  1 814 0 0 0 0 0 1 0
   24   31  656   cr18e010      7750.213710  1.22400E+06  4.00230E+00  2.17934E+00  8.86842E+14   24  10  1 814 0 0 0 0 0 0 1
25   31    8        34.299999
   25    1  657   mn28f003         0.000000  8.16000E+02  1.30400E+01  3.43000E+01  0.00000E+00    1   3  2 815 0 0 0 0 0 0 0
   25    2  658   mn28e104        25.795570  9.79200E+04  4.41460E+00  8.50443E+00  2.15418E+08    1   4  2 814 1 0 0 0 0 0 0
   25    3  659   mn28e005        28.343287  1.53000E+05  3.30840E+00  5.95671E+00  1.88042E+08    1   5  2 814 0 1 0 0 0 0 0
   25    4  660   mn28e006        30.048599  2.20320E+05  3.35400E+00  4.25140E+00  1.39296E+08    1   6  2 814 0 0 1 0 0 0 0
   25    5  661   mn28e007        31.316484  2.99880E+05  3.27800E+00  2.98352E+00  1.20954E+08    1   7  2 814 0 0 0 1 0 0 0
   25    6  662   mn28e008        32.193071  3.91680E+05  3.14820E+00  2.10693E+00  8.68894E+07    1   8  2 814 0 0 0 0 1 0 0
   25    7  663   mn28e009        32.664749  4.95720E+05  3.12020E+00  1.63525E+00  4.58189E+07    1   9  2 814 0 0 0 0 0 1 0
   25    8  664   mn28e010        33.073575  6.12000E+05  3.00240E+00  1.22642E+00  9.73680E+08    1  10  2 814 0 0 0 0 0 0 1
   25    9  665   mn28d204        64.368665  4.24973E+06  4.97510E+00  9.20464E+00  6.68982E+12    2   4  2 813 2 0 0 0 0 0 0
   25   10  666   mn28d105        67.400039  1.37088E+07  3.36800E+00  6.17327E+00  1.32995E+12    2   5  2 813 1 1 0 0 0 0 0
   25   11  667   mn28d106        69.265949  1.97407E+07  3.37600E+00  4.30736E+00  4.37449E+11    2   6  2 813 1 0 1 0 0 0 0
   25   12  668   mn28d107        70.569734  2.68692E+07  3.28900E+00  3.00357E+00  2.02779E+11    2   7  2 813 1 0 0 1 0 0 0
   25   13  669   mn28d108        71.456998  3.50945E+07  3.15520E+00  2.11631E+00  1.04338E+11    2   8  2 813 1 0 0 0 1 0 0
   25   14  670   mn28d109        71.931761  4.44165E+07  3.12620E+00  1.64155E+00  5.81745E+10    2   9  2 813 1 0 0 0 0 1 0
   25   15  671   mn28d110        72.338780  5.48352E+07  3.01230E+00  1.23453E+00  3.55445E+10    2  10  2 813 1 0 0 0 0 0 1
   25   16  672   mn27g003       777.754563  1.22400E+03  1.36040E+01  3.45121E+01  7.84890E+14   16   3  2 716 0 0 0 0 0 0 0
   25   17  673   mn27f104       803.542411  2.08896E+05  4.47130E+00  8.72430E+00  6.90451E+14   16   4  2 715 1 0 0 0 0 0 0
   25   18  674   mn27f005       806.243919  3.26400E+05  3.32670E+00  6.02279E+00  6.87824E+14   16   5  2 715 0 1 0 0 0 0 0
   25   19  675   mn27f006       808.000088  4.70016E+05  3.36000E+00  4.26663E+00  6.87307E+14   16   6  2 715 0 0 1 0 0 0 0
   25   20  676   mn27f007       809.275912  6.39744E+05  3.28200E+00  2.99080E+00  6.87167E+14   16   7  2 715 0 0 0 1 0 0 0
   25   21  677   mn27f008       810.147721  8.35584E+05  3.15720E+00  2.11899E+00  6.87108E+14   16   8  2 715 0 0 0 0 1 0 0
   25   22  678   mn27f009       810.624117  1.05754E+06  3.12720E+00  1.64260E+00  6.87080E+14   16   9  2 715 0 0 0 0 0 1 0
   25   23  679   mn27f010       811.040288  1.30560E+06  3.00240E+00  1.22642E+00  6.87067E+14   16  10  2 715 0 0 0 0 0 0 1
   25   24  680   mn18g003      7695.242753  3.06000E+02  1.36840E+01  3.55722E+01  9.15600E+14   24   3  1 816 0 0 0 0 0 0 0
   25   25  681   mn18f104      7721.999874  5.22240E+04  4.49450E+00  8.81508E+00  8.97940E+14   24   4  1 815 1 0 0 0 0 0 0
   25   26  682   mn18f005      7724.795416  8.16000E+04  3.32580E+00  6.01953E+00  8.97243E+14   24   5  1 815 0 1 0 0 0 0 0
   25   27  683   mn18f006      7726.525438  1.17504E+05  3.36900E+00  4.28951E+00  8.97116E+14   24   6  1 815 0 0 1 0 0 0 0
   25   28  684   mn18f007      7727.807724  1.59936E+05  3.29100E+00  3.00723E+00  8.97087E+14   24   7  1 815 0 0 0 1 0 0 0
   25   29  685   mn18f008      7728.694751  2.08896E+05  3.15810E+00  2.12020E+00  8.97077E+14   24   8  1 815 0 0 0 0 1 0 0
   25   30  686   mn18f009      7729.171410  2.64384E+05  3.12810E+00  1.64354E+00  8.97072E+14   24   9  1 815 0 0 0 0 0 1 0
   25   31  687   mn18f010      7729.588526  3.26400E+05  3.00240E+00  1.22642E+00  8.97070E+14   24  10  1 815 0 0 0 0 0 0 1
26   31    8        16.000000
   26    1  688   fe28g003         0.000000  1.53000E+02  1.27000E+01  1.60000E+01  0.00000E+00    1   3  2 816 0 0 0 0 0 0 0
   26    2  689   fe28f104        12.319203  2.61120E+04  3.49910E+00  3.68080E+00  3.09717E+07    1   4  2 815 1 0 0 0 0 0 0
   26    3  690   fe28f005        13.048585  4.08000E+04  2.32880E+00  2.95141E+00  1.55133E+07    1   5  2 815 0 1 0 0 0 0 0
   26    4  691   fe28f006        13.873664  5.87520E+04  2.37200E+00  2.12634E+00  2.75185E+07    1   6  2 815 0 0 1 0 0 0 0
   26    5  692   fe28f007        14.541398  7.99680E+04  2.29200E+00  1.45860E+00  2.96733E+07    1   7  2 815 0 0 0 1 0 0 0
   26    6  693   fe28f008        15.009838  1.04448E+05  2.15820E+00  9.90162E-01  2.30483E+07    1   8  2 815 0 0 0 0 1 0 0
   26    7  694   fe28f009        15.239249  1.32192E+05  2.12820E+00  7.60751E-01  1.14120E+07    1   9  2 815 0 0 0 0 0 1 0
   26    8  695   fe28f010        15.454434  1.63200E+05  2.00250E+00  5.45566E-01  2.74816E+12    1  10  2 815 0 0 0 0 0 0 1
   26    9  696   fe28e204        37.745510  1.51776E+06  4.05960E+00  4.05006E+00  3.75435E+12    2   4  2 814 2 0 0 0 0 0 0
   26   10  697   fe28e105        38.691151  4.89600E+06  2.38840E+00  3.10442E+00  6.59611E+11    2   5  2 814 1 1 0 0 0 0 0
   26   11  698   fe28e106        39.629608  7.05024E+06  2.39400E+00  2.16596E+00  2.04509E+11    2   6  2 814 1 0 1 0 0 0 0
   26   12  699   fe28e107        40.322933  9.59616E+06  2.30300E+00  1.47264E+00  9.47325E+10    2   7  2 814 1 0 0 1 0 0 0
   26   13  700   fe28e108        40.798974  1.25338E+07  2.16520E+00  9.96596E-01  4.86854E+10    2   8  2 814 1 0 0 0 1 0 0
   26   14  701   fe28e109        41.030523  1.58630E+07  2.13420E+00  7.65047E-01  2.70958E+10    2   9  2 814 1 0 0 0 0 1 0
   26   15  702   fe28e110        41.244596  1.95840E+07  2.01240E+00  5.50974E-01  2.73589E+12    2  10  2 814 1 0 0 0 0 0 1
   26   16  703   fe27h003       777.895363  1.44000E+02  1.32640E+01  1.58592E+01  7.95344E+14   16   3  2 717 0 0 0 0 0 0 0
   26   17  704   fe27g104       789.953507  3.91680E+04  3.55580E+00  3.80106E+00  7.03890E+14   16   4  2 716 1 0 0 0 0 0 0
   26   18  705   fe27g005       790.756581  6.12000E+04  2.34710E+00  2.99798E+00  7.02399E+14   16   5  2 716 0 1 0 0 0 0 0
   26   19  706   fe27g006       791.617457  8.81280E+04  2.37800E+00  2.13711E+00  7.02140E+14   16   6  2 716 0 0 1 0 0 0 0
   26   20  707   fe27g007       792.290865  1.19952E+05  2.29600E+00  1.46370E+00  7.02073E+14   16   7  2 716 0 0 0 1 0 0 0
   26   21  708   fe27g008       792.756126  1.56672E+05  2.16720E+00  9.98438E-01  7.02045E+14   16   8  2 716 0 0 0 0 1 0 0
   26   22  709   fe27g009       792.988799  1.98288E+05  2.13520E+00  7.65764E-01  7.02032E+14   16   9  2 716 0 0 0 0 0 1 0
   26   23  710   fe27g010       793.208997  2.44800E+05  2.00250E+00  5.45566E-01  7.04903E+14   16  10  2 716 0 0 0 0 0 0 1
   26   24  711   fe18h003      7694.711573  3.60000E+01  1.33440E+01  1.65312E+01  9.26429E+14   24   3  1 817 0 0 0 0 0 0 0
   26   25  712   fe18g104      7707.391933  9.79200E+03  3.57900E+00  3.85082E+00  9.08768E+14   24   4  1 816 1 0 0 0 0 0 0
   26   26  713   fe18g005      7708.247069  1.53000E+04  2.34620E+00  2.99568E+00  9.08319E+14   24   5  1 816 0 1 0 0 0 0 0
   26   27  714   fe18g006      7709.089439  2.20320E+04  2.38700E+00  2.15331E+00  9.08247E+14   24   6  1 816 0 0 1 0 0 0 0
   26   28  715   fe18g007      7709.767558  2.99880E+04  2.30500E+00  1.47520E+00  9.08232E+14   24   7  1 816 0 0 0 1 0 0 0
   26   29  716   fe18g008      7710.243486  3.91680E+04  2.16810E+00  9.99267E-01  9.08228E+14   24   8  1 816 0 0 0 0 1 0 0
   26   30  717   fe18g009      7710.476344  4.95720E+04  2.13610E+00  7.66410E-01  9.08225E+14   24   9  1 816 0 0 0 0 0 1 0
   26   31  718   fe18g010      7710.697187  6.12000E+04  2.00250E+00  5.45566E-01  9.11118E+14   24  10  1 816 0 0 0 0 0 0 1
27   45    8         7.800000
   27    1  719   co28h003         0.000000  1.80000E+01  1.23600E+01  7.80000E+00  0.00000E+00    1   3  2 817 0 0 0 0 0 0 0
   27    2  720   co28g104         6.009480  4.89600E+03  2.58360E+00  1.79052E+00  2.25965E+06    1   4  2 816 1 0 0 0 0 0 0
   27    3  721   co28g005         6.809361  7.65000E+03  1.34920E+00  9.90639E-01  2.92718E+07    1   5  2 816 0 1 0 0 0 0 0
   27    4  722   co28g006         7.069820  1.10160E+04  1.39000E+00  7.30180E-01  4.62811E+06    1   6  2 816 0 0 1 0 0 0 0
   27    5  723   co28g007         7.326421  1.49940E+04  1.30600E+00  4.73579E-01  4.71811E+06    1   7  2 816 0 0 0 1 0 0 0
   27    6  724   co28g008         7.509895  1.95840E+04  1.16820E+00  2.90106E-01  3.63177E+06    1   8  2 816 0 0 0 0 1 0 0
   27    7  725   co28g009         7.583167  2.47860E+04  1.13620E+00  2.16834E-01  1.62511E+06    1   9  2 816 0 0 0 0 0 1 0
   27    8  726   co28g010         7.663241  3.06000E+04  1.00260E+00  1.36759E-01  1.29909E+06    1  10  2 816 0 0 0 0 0 0 1
   27    9  727   co28f204        18.100132  4.04736E+05  3.14410E+00  2.01907E+00  1.41401E+12    2   4  2 815 2 0 0 0 0 0 0
   27   10  728   co28f105        19.039109  1.30560E+06  1.40880E+00  1.08009E+00  2.56757E+11    2   5  2 815 1 1 0 0 0 0 0
   27   11  729   co28f106        19.365727  1.88006E+06  1.41200E+00  7.53477E-01  6.86362E+10    2   6  2 815 1 0 1 0 0 0 0
   27   12  730   co28f107        19.637613  2.55898E+06  1.31700E+00  4.81590E-01  3.17659E+10    2   7  2 815 1 0 0 1 0 0 0
   27   13  731   co28f108        19.825610  3.34234E+06  1.17520E+00  2.93593E-01  1.63009E+10    2   8  2 815 1 0 0 0 1 0 0
   27   14  732   co28f109        19.900073  4.23014E+06  1.14220E+00  2.19130E-01  9.05190E+09    2   9  2 815 1 0 0 0 0 1 0
   27   15  733   co28f110        19.979729  5.22240E+06  1.01250E+00  1.39474E-01  5.35113E+09    2  10  2 815 1 0 0 0 0 0 1
   27   16  734   co27i003       778.276960  8.00000E+00  1.29240E+01  7.41840E+00  8.04050E+14   16   3  2 718 0 0 0 0 0 0 0
   27   17  735   co27h104       783.825389  4.60800E+03  2.64030E+00  1.86997E+00  7.15658E+14   16   4  2 717 1 0 0 0 0 0 0
   27   18  736   co27h005       784.677669  7.20000E+03  1.36750E+00  1.01769E+00  7.15061E+14   16   5  2 717 0 1 0 0 0 0 0
   27   19  737   co27h006       784.958866  1.03680E+04  1.39600E+00  7.36497E-01  7.14988E+14   16   6  2 717 0 0 1 0 0 0 0
   27   20  738   co27h007       785.218879  1.41120E+04  1.31000E+00  4.76484E-01  7.14971E+14   16   7  2 717 0 0 0 1 0 0 0
   27   21  739   co27h008       785.400770  1.84320E+04  1.17720E+00  2.94593E-01  7.14965E+14   16   8  2 717 0 0 0 0 1 0 0
   27   22  740   co27h009       785.475850  2.33280E+04  1.14320E+00  2.19514E-01  7.14961E+14   16   9  2 717 0 0 0 0 0 1 0
   27   23  741   co27h010       785.558604  2.88000E+04  1.00260E+00  1.36759E-01  7.14960E+14   16  10  2 717 0 0 0 0 0 0 1
   27   24  742   co27g204       795.648731  6.07104E+05  3.20080E+00  2.10478E+00  6.33356E+14   17   4  2 716 2 0 0 0 0 0 0
   27   25  743   co27g105       796.645170  1.95840E+06  1.42710E+00  1.10834E+00  6.32022E+14   17   5  2 716 1 1 0 0 0 0 0
   27   26  744   co27g106       796.993614  2.82010E+06  1.41800E+00  7.59894E-01  6.31827E+14   17   6  2 716 1 0 1 0 0 0 0
   27   27  745   co27g107       797.268987  3.83846E+06  1.32100E+00  4.84520E-01  6.31787E+14   17   7  2 716 1 0 0 1 0 0 0
   27   28  746   co27g108       797.455400  5.01350E+06  1.18420E+00  2.98107E-01  6.31770E+14   17   8  2 716 1 0 0 0 1 0 0
   27   29  747   co27g109       797.531683  6.34522E+06  1.14920E+00  2.21824E-01  6.31763E+14   17   9  2 716 1 0 0 0 0 1 0
   27   30  748   co27g110       797.614034  7.83360E+06  1.01250E+00  1.39474E-01  6.31759E+14   17  10  2 716 1 0 0 0 0 0 1
   27   31  749   co18i003      7694.545589  2.00000E+00  1.30040E+01  7.96598E+00  9.40761E+14   24   3  1 818 0 0 0 0 0 0 0
   27   32  750   co18h104      7700.608591  1.15200E+03  2.66350E+00  1.90298E+00  9.22962E+14   24   4  1 817 1 0 0 0 0 0 0
   27   33  751   co18h005      7701.495217  1.80000E+03  1.36660E+00  1.01636E+00  9.22746E+14   24   5  1 817 0 1 0 0 0 0 0
   27   34  752   co18h006      7701.765549  2.59200E+03  1.40500E+00  7.46024E-01  9.22718E+14   24   6  1 817 0 0 1 0 0 0 0
   27   35  753   co18h007      7702.028519  3.52800E+03  1.31900E+00  4.83054E-01  9.22714E+14   24   7  1 817 0 0 0 1 0 0 0
   27   36  754   co18h008      7702.216529  4.60800E+03  1.17810E+00  2.95043E-01  9.22713E+14   24   8  1 817 0 0 0 0 1 0 0
   27   37  755   co18h009      7702.291714  5.83200E+03  1.14410E+00  2.19859E-01  9.22712E+14   24   9  1 817 0 0 0 0 0 1 0
   27   38  756   co18h010      7702.374813  7.20000E+03  1.00260E+00  1.36759E-01  9.22711E+14   24  10  1 817 0 0 0 0 0 0 1
   27   39  757   co18g204      7713.051591  1.51776E+05  3.22400E+00  2.14034E+00  7.07768E+14   25   4  1 816 2 0 0 0 0 0 0
   27   40  758   co18g105      7714.084994  4.89600E+05  1.42620E+00  1.10694E+00  7.06782E+14   25   5  1 816 1 1 0 0 0 0 0
   27   41  759   co18g106      7714.422363  7.05024E+05  1.42700E+00  7.69570E-01  7.06629E+14   25   6  1 816 1 0 1 0 0 0 0
   27   42  760   co18g107      7714.700788  9.59616E+05  1.33000E+00  4.91145E-01  7.06600E+14   25   7  1 816 1 0 0 1 0 0 0
   27   43  761   co18g108      7714.893373  1.25338E+06  1.18510E+00  2.98560E-01  7.06589E+14   25   8  1 816 1 0 0 0 1 0 0
   27   44  762   co18g109      7714.969762  1.58630E+06  1.15010E+00  2.22171E-01  7.06583E+14   25   9  1 816 1 0 0 0 0 1 0
   27   45  763   co18g110      7715.052459  1.95840E+06  1.01250E+00  1.39474E-01  7.06581E+14   25  10  1 816 1 0 0 0 0 0 1
9055
b   1    1  1    2  99  1.62034E-01  1.36406E+00 -1.78650E+01  7.09695E+01  6.61937E+00  4.01200E-01  4.01200E-01
b   1    1  1    3  99  6.64918E-02  2.56002E+00 -4.86758E+01  3.27099E+01  2.00000E+01  7.74200E-02  7.74200E-02
b   1    2  1    3  99  4.10856E-01 -8.45923E-02 -2.32224E+00  2.04707E+01  3.81338E+00  6.29900E-01  6.29900E-01
b   1    1  1    4  99  6.75127E-02  2.57742E+00 -4.35208E+01 -7.15145E+01  2.00000E+01  2.84900E-02  2.84900E-02
b   1    2  1    4  99  4.35891E-01  2.52501E-01 -2.85893E+00  2.00950E+01  3.74174E+00  1.18900E-01  1.18900E-01
b   1    3  1    4  99  9.96760E-02  7.35197E-01 -3.86544E+00  1.10384E+01  5.04246E+00  8.33400E-01  8.33400E-01
b   1    1  1    5  99  7.02237E-02  2.60518E+00 -4.25744E+01 -9.82329E+01  2.00000E+01  1.37200E-02  1.37200E-02
b   1    2  1    5  99  4.34298E-01  4.57329E-01 -3.17305E+00  1.94722E+01  3.71002E+00  4.47200E-02  4.47200E-02
b   1    3  1    5  99  1.66987E-01  2.18992E+00 -6.24487E+01  6.61095E+02  2.00000E+01  1.50200E-01  1.50200E-01
b   1    4  1    5  99  8.93948E-02  1.05900E+00 -1.93651E+01  1.36211E+02  2.00000E+01  1.03000E+00  1.03000E+00
b   1    1  1    6  99  6.80396E-02  2.58782E+00 -3.94411E+01 -1.53187E+02  2.00000E+01  7.67400E-03  7.67400E-03
b   1    2  1    6  99  4.31525E-01  5.80279E-01 -3.40215E+00  1.92957E+01  3.70665E+00  2.21700E-02  2.21700E-02
b   1    3  1    6  99  1.61637E-01  2.31597E+00 -4.96972E+01  4.27638E+02  2.00000E+01  5.59000E-02  5.59000E-02
b   1    4  1    6  99  1.16679E-01  1.46800E+00 -1.41093E+01  2.21038E+01  2.00000E+01  1.78900E-01  1.78900E-01
b   1    5  1    6  99  1.15751E-01  9.28916E-01 -1.97775E+01  2.13996E+02  2.00000E+01  1.22500E+00  1.22500E+00
b   1    1  1    7  99  6.90112E-02  2.59967E+00 -3.92739E+01 -1.60122E+02  2.00000E+01  4.73700E-03  4.73700E-03
b   1    2  1    7  99  4.34139E-01  6.42024E-01 -3.48976E+00  1.92273E+01  3.70043E+00  1.27700E-02  1.27700E-02
b   1    3  1    7  99  1.63264E-01  2.41672E+00 -4.39575E+01  3.20888E+02  2.00000E+01  2.77800E-02  2.77800E-02
b   1    4  1    7  99  1.21052E-01  1.51653E+00  2.91044E+00 -2.31488E+02  2.00000E+01  6.55400E-02  6.55400E-02
b   1    5  1    7  99  1.24886E-01  1.52683E+00 -1.77555E+01  1.08704E+02  2.00000E+01  2.06500E-01  2.06500E-01
b   1    6  1    7  99  1.04295E-01  8.97379E-01 -1.60057E+01  1.58334E+02  2.00000E+01  1.41800E+00  1.41800E+00
b   1    1  1    8  99  6.86177E-02  2.60252E+00 -3.86613E+01 -1.73057E+02  2.00000E+01  3.13200E-03  3.13200E-03
b   1    2  1    8  99  4.33261E-01  6.93665E-01 -3.62075E+00  1.93692E+01  3.71446E+00  8.08100E-03  8.08100E-03
b   1    3  1    8  99  1.90757E-01  2.00145E+00 -1.62397E+01  7.59217E+01  9.29682E+00  1.61200E-02  1.61200E-02
b   1    4  1    8  99  1.55480E-01  1.91337E+00 -9.26364E+00  3.00571E+01  1.03016E+01  3.24000E-02  3.24000E-02
b   1    5  1    8  99  1.56746E-01  1.93693E+00 -2.13222E+01  1.54369E+02  2.00000E+01  7.45500E-02  7.45500E-02
b   1    6  1    8  99  1.56942E-01  1.43550E+00 -1.98618E+01  2.15141E+02  2.00000E+01  2.33600E-01  2.33600E-01
b   1    7  1    8  99  2.54774E-01  7.51381E-02  1.48215E+00 -4.95291E-01  2.08101E+00  1.61000E+00  1.61000E+00
b   1    1  1    9  99  7.02121E-02  2.60941E+00 -3.89702E+01 -1.68835E+02  2.00000E+01  2.17800E-03  2.17800E-03
b   1    2  1    9  99  4.36229E-01  7.15980E-01 -3.62963E+00  1.92933E+01  3.70358E+00  5.45900E-03  5.45900E-03
b   1    3  1    9  99  2.27284E-01  1.82563E+00 -1.00431E+01  4.03288E+01  6.42682E+00  1.03000E-02  1.03000E-02
b   1    4  1    9  99  1.68555E-01  2.26795E+00 -1.97946E+01  6.54291E+01  2.00000E+01  1.88000E-02  1.88000E-02
b   1    5  1    9  99  1.75610E-01  2.22808E+00 -2.24751E+01  1.64039E+02  2.00000E+01  3.65900E-02  3.65900E-02
b   1    6  1    9  99  1.47806E-01  1.92896E+00 -1.57481E+01  8.54052E+01  2.00000E+01  8.32600E-02  8.32600E-02
b   1    7  1    9  99  1.50484E-01  1.42220E+00 -1.72250E+01  1.82349E+02  2.00000E+01  2.60400E-01  2.60400E-01
b   1    8  1    9  99  2.36619E-01  1.33714E-01  1.30149E+00 -4.23487E-01  2.04295E+00  1.80200E+00  1.80200E+00
b   1    1  1   10  99  6.84762E-02  2.59629E+00 -3.75681E+01 -1.91874E+02  2.00000E+01  1.57400E-03  1.57400E-03
b   1    2  1   10  99  4.24519E-01  7.74158E-01 -3.74844E+00  1.88242E+01  3.69051E+00  3.86800E-03  3.86800E-03
b   1    3  1   10  99  2.48717E-01  1.79410E+00 -8.89226E+00  3.55937E+01  5.94202E+00  7.02100E-03  7.02100E-03
b   1    4  1   10  99  1.80643E-01  2.47011E+00 -2.47754E+01  1.29281E+02  2.00000E+01  1.20400E-02  1.20400E-02
b   1    5  1   10  99  1.71146E-01  2.31817E+00 -1.25941E+01  4.06459E+00  2.00000E+01  2.11700E-02  2.11700E-02
b   1    6  1   10  99  1.75371E-01  2.28718E+00 -1.96490E+01  1.43524E+02  2.00000E+01  4.05800E-02  4.05800E-02
b   1    7  1   10  99  1.85915E-01  1.87186E+00 -1.95214E+01  2.18367E+02  2.00000E+01  9.18300E-02  9.18300E-02
b   1    8  1   10  99  3.10054E-01  5.59704E-01  1.70593E+00 -6.44277E-01  2.14547E+00  2.86900E-01  2.86900E-01
b   1    9  1   10  99  5.50423E-01  4.87786E-02  4.61977E+00 -2.34547E+00  2.82101E+00  9.36800E-01  9.36800E-01
f   1    1  0    1  99  1.00000E+00  2.70000E+01
p   1    1  0    1  99  1.00000E+00  2.70000E+01
f   1    2  0    1  99  1.00000E+00  2.70000E+01
p   1    2  0    1  99  1.00000E+00  2.70000E+01
f   1    3  0    1  99  1.00000E+00  2.70000E+01
p   1    3  0    1  99  1.00000E+00  2.70000E+01
f   1    4  0    1  99  1.00000E+00  2.70000E+01
p   1    4  0    1  99  1.00000E+00  2.70000E+01
f   1    5  0    1  99  1.00000E+00  2.70000E+01
p   1    5  0    1  99  1.00000E+00  2.70000E+01
f   1    6  0    1  99  1.00000E+00  2.70000E+01
p   1    6  0    1  99  1.00000E+00  2.70000E+01
f   1    7  0    1  99  1.00000E+00  2.70000E+01
p   1    7  0    1  99  1.00000E+00  2.70000E+01
f   1    8  0    1  99  1.00000E+00  2.70000E+01
p   1    8  0    1  99  1.00000E+00  2.70000E+01
f   1    9  0    1  99  1.00000E+00  2.70000E+01
p   1    9  0    1  99  1.00000E+00  2.70000E+01
f   1   10  0    1  99  1.00000E+00  2.70000E+01
p   1   10  0    1  99  1.00000E+00  2.70000E+01
b   2    1  2    2  99  1.71494E-01  1.25144E+00 -1.61615E+01  6.41453E+01  6.33948E+00  7.71000E-01  7.71000E-01
b   2    1  2    3  99  6.70159E-02  2.48122E+00 -4.81585E+01  5.37859E+01  2.00000E+01  1.51540E-01  1.51540E-01
b   2    2  2    3  99  4.10103E-01 -1.05614E-01 -2.14586E+00  2.00058E+01  3.80105E+00  6.22100E-01  6.22100E-01
b   2    1  2    4  99  6.76352E-02  2.47271E+00 -4.24522E+01 -5.17880E+01  2.00000E+01  5.60600E-02  5.60600E-02
b   2    2  2    4  99  4.27703E-01  2.42918E-01 -2.73441E+00  1.94238E+01  3.72218E+00  1.18600E-01  1.18600E-01
b   2    3  2    4  99  1.14786E-01  6.18904E-01 -2.24814E+00  5.72852E+00  3.60838E+00  8.29800E-01  8.29800E-01
b   2    1  2    5  99  6.88109E-02  2.48719E+00 -4.10004E+01 -8.39130E+01  2.00000E+01  2.70600E-02  2.70600E-02
b   2    2  2    5  99  4.34352E-01  4.18361E-01 -3.01015E+00  1.92848E+01  3.70765E+00  4.47700E-02  4.47700E-02
b   2    3  2    5  99  1.71780E-01  2.14801E+00 -6.28604E+01  6.88556E+02  2.00000E+01  1.50200E-01  1.50200E-01
b   2    4  2    5  99  8.79148E-02  1.03501E+00 -1.79785E+01  1.19324E+02  2.00000E+01  1.02800E+00  1.02800E+00
b   2    1  2    6  99  7.05624E-02  2.66061E+00 -4.22917E+01 -1.23041E+02  2.00000E+01  1.44880E-02  1.44880E-02
b   2    2  2    6  99  4.49782E-01  5.44908E-01 -3.36334E+00  1.99855E+01  3.70220E+00  2.16900E-02  2.16900E-02
b   2    3  2    6  99  1.71709E-01  2.36278E+00 -5.46706E+01  5.15563E+02  2.00000E+01  5.54600E-02  5.54600E-02
b   2    4  2    6  99  1.16527E-01  1.46689E+00 -1.39464E+01  2.30429E+01  2.00000E+01  1.77900E-01  1.77900E-01
b   2    5  2    6  99  1.13422E-01  9.28101E-01 -1.90186E+01  2.01059E+02  2.00000E+01  1.22000E+00  1.22000E+00
b   2    1  2    7  99  7.17693E-02  2.68015E+00 -4.26412E+01 -1.22781E+02  2.00000E+01  8.95400E-03  8.95400E-03
b   2    2  2    7  99  4.46354E-01  6.21370E-01 -3.47494E+00  1.96983E+01  3.69758E+00  1.25100E-02  1.25100E-02
b   2    3  2    7  99  1.74050E-01  2.46218E+00 -4.91939E+01  4.14607E+02  2.00000E+01  2.76000E-02  2.76000E-02
b   2    4  2    7  99  1.34775E-01  1.76241E+00 -1.19206E+01 -2.46737E+01  2.00000E+01  6.52600E-02  6.52600E-02
b   2    5  2    7  99  1.26262E-01  1.51124E+00 -1.72390E+01  1.08043E+02  2.00000E+01  2.05800E-01  2.05800E-01
b   2    6  2    7  99  2.77766E-01  3.03065E-03  1.73488E+00 -6.34639E-01  2.12427E+00  1.41500E+00  1.41500E+00
b   2    1  2    8  99  7.27835E-02  2.68024E+00 -4.23944E+01 -1.27012E+02  2.00000E+01  5.92200E-03  5.92200E-03
b   2    2  2    8  99  4.44337E-01  6.72594E-01 -3.56878E+00  1.95778E+01  3.69153E+00  7.92800E-03  7.92800E-03
b   2    3  2    8  99  1.71795E-01  2.51819E+00 -4.41116E+01  3.22723E+02  2.00000E+01  1.60300E-02  1.60300E-02
b   2    4  2    8  99  3.36237E-01  1.07014E+00  4.69104E-01  2.21341E-05  7.48511E-01  3.22900E-02  3.22900E-02
b   2    5  2    8  99  1.53553E-01  1.93111E+00 -2.03031E+01  1.39117E+02  2.00000E+01  7.43400E-02  7.43400E-02
b   2    6  2    8  99  1.57307E-01  1.42801E+00 -1.94809E+01  2.13085E+02  2.00000E+01  2.33200E-01  2.33200E-01
b   2    7  2    8  99  2.51023E-01  9.23322E-02  1.43219E+00 -4.72467E-01  2.06454E+00  1.60800E+00  1.60800E+00
b   2    1  2    9  99  7.30332E-02  2.69179E+00 -4.26224E+01 -1.26604E+02  2.00000E+01  4.12000E-03  4.12000E-03
b   2    2  2    9  99  4.48212E-01  6.93631E-01 -3.60754E+00  1.97309E+01  3.69555E+00  5.36000E-03  5.36000E-03
b   2    3  2    9  99  1.69547E-01  2.54525E+00 -3.97910E+01  2.48165E+02  2.00000E+01  1.02500E-02  1.02500E-02
b   2    4  2    9  99  1.57725E-01  2.13415E+00 -1.11420E+01 -5.30880E+01  2.00000E+01  1.87400E-02  1.87400E-02
b   2    5  2    9  99  1.73013E-01  2.21919E+00 -2.14869E+01  1.50446E+02  2.00000E+01  3.65100E-02  3.65100E-02
b   2    6  2    9  99  1.48012E-01  1.91443E+00 -1.50350E+01  7.93739E+01  2.00000E+01  8.31500E-02  8.31500E-02
b   2    7  2    9  99  1.46421E-01  1.42909E+00 -1.65876E+01  1.68828E+02  2.00000E+01  2.60100E-01  2.60100E-01
b   2    8  2    9  99  2.34459E-01  1.45230E-01  1.27806E+00 -4.12091E-01  2.04347E+00  1.80000E+00  1.80000E+00
b   2    1  2   10  99  7.19914E-02  2.68097E+00 -4.15884E+01 -1.43018E+02  2.00000E+01  2.97800E-03  2.97800E-03
b   2    2  2   10  99  4.46927E-01  7.19941E-01 -3.64688E+00  1.96345E+01  3.69401E+00  3.79800E-03  3.79800E-03
b   2    3  2   10  99  1.84807E-01  2.21934E+00 -1.86137E+01  8.69173E+01  1.05955E+01  6.99000E-03  6.99000E-03
b   2    4  2   10  99  1.75107E-01  2.36612E+00 -1.88077E+01  5.35721E+01  2.00000E+01  1.20100E-02  1.20100E-02
b   2    5  2   10  99  1.86417E-01  2.43986E+00 -2.23921E+01  1.59144E+02  2.00000E+01  2.11300E-02  2.11300E-02
b   2    6  2   10  99  1.72758E-01  2.27734E+00 -1.86591E+01  1.29880E+02  2.00000E+01  4.05400E-02  4.05400E-02
b   2    7  2   10  99  1.84659E-01  1.87065E+00 -1.91848E+01  2.14391E+02  2.00000E+01  9.17400E-02  9.17400E-02
b   2    8  2   10  99  3.07702E-01  5.68811E-01  1.70747E+00 -6.25347E-01  2.19489E+00  2.86600E-01  2.86600E-01
b   2    9  2   10  99  5.48670E-01  7.88283E-02  4.56439E+00 -2.31741E+00  2.81693E+00  9.29400E-01  9.29400E-01
b   2    1  2   11  98  0.00000E+00  0.00000E+00  0.00000E+00  0.00000E+00  0.00000E+00  6.98251E-03  1.39650E-04
b   2    2  2   11  99  1.71494E-01  1.25144E+00 -1.61615E+01  6.41453E+01  6.33948E+00  3.37313E-01  3.37313E-01
b   2    1  2   12  98  0.00000E+00  0.00000E+00  0.00000E+00  0.00000E+00  0.00000E+00  1.52809E-02  3.05618E-04
b   2    2  2   12  99  6.70159E-02  2.48122E+00 -4.81585E+01  5.37859E+01  2.00000E+01  7.57700E-02  7.57700E-02
b   2    3  2   12  99  1.71494E-01  1.25144E+00 -1.61615E+01  6.41453E+01  6.33948E+00  3.85500E-01  3.85500E-01
b   2   11  2   12  99  4.10103E-01 -1.05614E-01 -2.14586E+00  2.00058E+01  3.80105E+00  1.24420E+00  1.24420E+00
b   2    1  2   13  98  0.00000E+00  0.00000E+00  0.00000E+00  0.00000E+00  0.00000E+00  2.57251E-02  5.14503E-04
b   2    2  2   13  99  6.76352E-02  2.47271E+00 -4.24522E+01 -5.17880E+01  2.00000E+01  2.80300E-02  2.80300E-02
b   2    4  2   13  99  1.71494E-01  1.25144E+00 -1.61615E+01  6.41453E+01  6.33948E+00  3.85500E-01  3.85500E-01
b   2   11  2   13  99  4.27703E-01  2.42918E-01 -2.73441E+00  1.94238E+01  3.72218E+00  2.37200E-01  2.37200E-01
b   2   12  2   13  99  1.14786E-01  6.18904E-01 -2.24814E+00  5.72852E+00  3.60838E+00  8.29800E-01  8.29800E-01
b   2    1  2   14  98  0.00000E+00  0.00000E+00  0.00000E+00  0.00000E+00  0.00000E+00  3.92069E-02  7.84137E-04
b   2    2  2   14  99  6.88109E-02  2.48719E+00 -4.10004E+01 -8.39130E+01  2.00000E+01  1.35300E-02  1.35300E-02
b   2    5  2   14  99  1.71494E-01  1.25144E+00 -1.61615E+01  6.41453E+01  6.33948E+00  3.85500E-01  3.85500E-01
b   2   11  2   14  99  4.34352E-01  4.18361E-01 -3.01015E+00  1.92848E+01  3.70765E+00  8.95400E-02  8.95400E-02
b   2   12  2   14  99  1.71780E-01  2.14801E+00 -6.28604E+01  6.88556E+02  2.00000E+01  1.50200E-01  1.50200E-01
b   2   13  2   14  99  8.79148E-02  1.03501E+00 -1.79785E+01  1.19324E+02  2.00000E+01  1.02800E+00  1.02800E+00
b   2    1  2   15  98  0.00000E+00  0.00000E+00  0.00000E+00  0.00000E+00  0.00000E+00  5.57012E-02  1.11402E-03
b   2    2  2   15  99  7.05624E-02  2.66061E+00 -4.22917E+01 -1.23041E+02  2.00000E+01  7.24400E-03  7.24400E-03
b   2    6  2   15  99  1.71494E-01  1.25144E+00 -1.61615E+01  6.41453E+01  6.33948E+00  3.85500E-01  3.85500E-01
b   2   11  2   15  99  4.49782E-01  5.44908E-01 -3.36334E+00  1.99855E+01  3.70220E+00  4.33800E-02  4.33800E-02
b   2   12  2   15  99  1.71709E-01  2.36278E+00 -5.46706E+01  5.15563E+02  2.00000E+01  5.54600E-02  5.54600E-02
b   2   13  2   15  99  1.16527E-01  1.46689E+00 -1.39464E+01  2.30429E+01  2.00000E+01  1.77900E-01  1.77900E-01
b   2   14  2   15  99  1.13422E-01  9.28101E-01 -1.90186E+01  2.01059E+02  2.00000E+01  1.22000E+00  1.22000E+00
b   2    1  2   16  98  0.00000E+00  0.00000E+00  0.00000E+00  0.00000E+00  0.00000E+00  7.52063E-02  1.50413E-03
b   2    2  2   16  99  7.17693E-02  2.68015E+00 -4.26412E+01 -1.22781E+02  2.00000E+01  4.47700E-03  4.47700E-03
b   2    7  2   16  99  1.71494E-01  1.25144E+00 -1.61615E+01  6.41453E+01  6.33948E+00  3.85500E-01  3.85500E-01
b   2   11  2   16  99  4.46354E-01  6.21370E-01 -3.47494E+00  1.96983E+01  3.69758E+00  2.50200E-02  2.50200E-02
b   2   12  2   16  99  1.74050E-01  2.46218E+00 -4.91939E+01  4.14607E+02  2.00000E+01  2.76000E-02  2.76000E-02
b   2   13  2   16  99  1.34775E-01  1.76241E+00 -1.19206E+01 -2.46737E+01  2.00000E+01  6.52600E-02  6.52600E-02
b   2   14  2   16  99  1.26262E-01  1.51124E+00 -1.72390E+01  1.08043E+02  2.00000E+01  2.05800E-01  2.05800E-01
b   2   15  2   16  99  2.77766E-01  3.03065E-03  1.73488E+00 -6.34639E-01  2.12427E+00  1.41500E+00  1.41500E+00
b   2    1  2   17  98  0.00000E+00  0.00000E+00  0.00000E+00  0.00000E+00  0.00000E+00  9.77190E-02  1.95438E-03
b   2    2  2   17  99  7.27835E-02  2.68024E+00 -4.23944E+01 -1.27012E+02  2.00000E+01  2.96100E-03  2.96100E-03
b   2    8  2   17  99  1.71494E-01  1.25144E+00 -1.61615E+01  6.41453E+01  6.33948E+00  3.85500E-01  3.85500E-01
b   2   11  2   17  99  4.44337E-01  6.72594E-01 -3.56878E+00  1.95778E+01  3.69153E+00  1.58560E-02  1.58560E-02
b   2   12  2   17  99  1.71795E-01  2.51819E+00 -4.41116E+01  3.22723E+02  2.00000E+01  1.60300E-02  1.60300E-02
b   2   13  2   17  99  3.36237E-01  1.07014E+00  4.69104E-01  2.21341E-05  7.48511E-01  3.22900E-02  3.22900E-02
b   2   14  2   17  99  1.53553E-01  1.93111E+00 -2.03031E+01  1.39117E+02  2.00000E+01  7.43400E-02  7.43400E-02
b   2   15  2   17  99  1.57307E-01  1.42801E+00 -1.94809E+01  2.13085E+02  2.00000E+01  2.33200E-01  2.33200E-01
b   2   16  2   17  99  2.51023E-01  9.23322E-02  1.43219E+00 -4.72467E-01  2.06454E+00  1.60800E+00  1.60800E+00
b   2    1  2   18  98  0.00000E+00  0.00000E+00  0.00000E+00  0.00000E+00  0.00000E+00  1.23235E-01  2.46470E-03
b   2    2  2   18  99  7.30332E-02  2.69179E+00 -4.26224E+01 -1.26604E+02  2.00000E+01  2.06000E-03  2.06000E-03
b   2    9  2   18  99  1.71494E-01  1.25144E+00 -1.61615E+01  6.41453E+01  6.33948E+00  3.85500E-01  3.85500E-01
b   2   11  2   18  99  4.48212E-01  6.93631E-01 -3.60754E+00  1.97309E+01  3.69555E+00  1.07200E-02  1.07200E-02
b   2   12  2   18  99  1.69547E-01  2.54525E+00 -3.97910E+01  2.48165E+02  2.00000E+01  1.02500E-02  1.02500E-02
b   2   13  2   18  99  1.57725E-01  2.13415E+00 -1.11420E+01 -5.30880E+01  2.00000E+01  1.87400E-02  1.87400E-02
b   2   14  2   18  99  1.73013E-01  2.21919E+00 -2.14869E+01  1.50446E+02  2.00000E+01  3.65100E-02  3.65100E-02
b   2   15  2   18  99  1.48012E-01  1.91443E+00 -1.50350E+01  7.93739E+01  2.00000E+01  8.31500E-02  8.31500E-02
b   2   16  2   18  99  1.46421E-01  1.42909E+00 -1.65876E+01  1.68828E+02  2.00000E+01  2.60100E-01  2.60100E-01
b   2   17  2   18  99  2.34459E-01  1.45230E-01  1.27806E+00 -4.12091E-01  2.04347E+00  1.80000E+00  1.80000E+00
b   2    1  2   19  98  0.00000E+00  0.00000E+00  0.00000E+00  0.00000E+00  0.00000E+00  1.51755E-01  3.03510E-03
b   2    2  2   19  99  7.19914E-02  2.68097E+00 -4.15884E+01 -1.43018E+02  2.00000E+01  1.48900E-03  1.48900E-03
b   2   10  2   19  99  1.71494E-01  1.25144E+00 -1.61615E+01  6.41453E+01  6.33948E+00  3.85500E-01  3.85500E-01
b   2   11  2   19  99  4.46927E-01  7.19941E-01 -3.64688E+00  1.96345E+01  3.69401E+00  7.59600E-03  7.59600E-03
b   2   12  2   19  99  1.84807E-01  2.21934E+00 -1.86137E+01  8.69173E+01  1.05955E+01  6.99000E-03  6.99000E-03
b   2   13  2   19  99  1.75107E-01  2.36612E+00 -1.88077E+01  5.35721E+01  2.00000E+01  1.20100E-02  1.20100E-02
b   2   14  2   19  99  1.86417E-01  2.43986E+00 -2.23921E+01  1.59144E+02  2.00000E+01  2.11300E-02  2.11300E-02
b   2   15  2   19  99  1.72758E-01  2.27734E+00 -1.86591E+01  1.29880E+02  2.00000E+01  4.05400E-02  4.05400E-02
b   2   16  2   19  99  1.84659E-01  1.87065E+00 -1.91848E+01  2.14391E+02  2.00000E+01  9.17400E-02  9.17400E-02
b   2   17  2   19  99  3.07702E-01  5.68811E-01  1.70747E+00 -6.25347E-01  2.19489E+00  2.86600E-01  2.86600E-01
b   2   18  2   19  99  5.48670E-01  7.88283E-02  4.56439E+00 -2.31741E+00  2.81693E+00  9.29400E-01  9.29400E-01
f   2    1  1    1  99  2.00000E+00  2.68438E+01
p   2    1  1    1  98  1.84490E+00 -2.60970E+00 -1.64850E-01  1.96410E-02  2.00000E+00  9.51700E+03  9.89700E+03  1.90300E+05
f   2    2  1    1  99  1.00000E+00  2.60620E+01
p   2    2  1    1  99  1.00000E+00  2.60620E+01
f   2    3  1    1  99  1.00000E+00  2.60160E+01
p   2    3  1    1  99  1.00000E+00  2.60160E+01
f   2    4  1    1  99  1.00000E+00  2.60046E+01
p   2    4  1    1  99  1.00000E+00  2.60046E+01
f   2    5  1    1  99  1.00000E+00  2.60030E+01
p   2    5  1    1  99  1.00000E+00  2.60030E+01
f   2    6  1    1  99  1.00000E+00  2.60030E+01
p   2    6  1    1  99  1.00000E+00  2.60030E+01
f   2    7  1    1  99  1.00000E+00  2.60010E+01
p   2    7  1    1  99  1.00000E+00  2.60010E+01
f   2    8  1    1  99  1.00000E+00  2.60001E+01
p   2    8  1    1  99  1.00000E+00  2.60001E+01
f   2    9  1    1  99  1.00000E+00  2.60001E+01
p   2    9  1    1  99  1.00000E+00  2.60001E+01
f   2   10  1    1  99  1.00000E+00  2.60001E+01
p   2   10  1    1  99  1.00000E+00  2.60001E+01
f   2    2  1    2  99  1.00000E+00  2.60620E+01
p   2    2  1    2  98  1.84490E+00 -2.60970E+00 -1.64850E-01  1.96410E-02  2.00000E+00  9.51700E+03  9.89700E+03  1.90300E+05
f   2   11  1    2  99  2.00000E+00  2.66981E+01
p   2   11  1    2  99  2.00000E+00  2.66981E+01
f   2   12  1    2  99  1.00000E+00  2.60960E+01
p   2   12  1    2  99  1.00000E+00  2.60960E+01
f   2   13  1    2  99  1.00000E+00  2.60278E+01
p   2   13  1    2  99  1.00000E+00  2.60278E+01
f   2   14  1    2  99  1.00000E+00  2.60021E+01
p   2   14  1    2  99  1.00000E+00  2.60021E+01
f   2   15  1    2  99  1.00000E+00  2.60120E+01
p   2   15  1    2  99  1.00000E+00  2.60120E+01
f   2   16  1    2  99  1.00000E+00  2.60100E+01
p   2   16  1    2  99  1.00000E+00  2.60100E+01
f   2   17  1    2  99  1.00000E+00  2.60010E+01
p   2   17  1    2  99  1.00000E+00  2.60010E+01
f   2   18  1    2  99  1.00000E+00  2.60010E+01
p   2   18  1    2  99  1.00000E+00  2.60010E+01
f   2   19  1    2  99  1.00000E+00  2.60001E+01
p   2   19  1    2  99  1.00000E+00  2.60001E+01
f   2    3  1    3  99  1.00000E+00  2.60160E+01
p   2    3  1    3  98  1.84490E+00 -2.60970E+00 -1.64850E-01  1.96410E-02  2.00000E+00  9.51700E+03  9.89700E+03  1.90300E+05
f   2   12  1    3  99  1.00000E+00  2.60960E+01
p   2   12  1    3  99  1.00000E+00  2.60960E+01
f   2    4  1    4  99  1.00000E+00  2.60046E+01
p   2    4  1    4  98  1.84490E+00 -2.60970E+00 -1.64850E-01  1.96410E-02  2.00000E+00  9.51700E+03  9.89700E+03  1.90300E+05
f   2   13  1    4  99  1.00000E+00  2.60278E+01
p   2   13  1    4  99  1.00000E+00  2.60278E+01
f   2    5  1    5  99  1.00000E+00  2.60030E+01
p   2    5  1    5  98  1.84490E+00 -2.60970E+00 -1.64850E-01  1.96410E-02  2.00000E+00  9.51700E+03  9.89700E+03  1.90300E+05
f   2   14  1    5  99  1.00000E+00  2.60021E+01
p   2   14  1    5  99  1.00000E+00  2.60021E+01
f   2    6  1    6  99  1.00000E+00  2.60030E+01
p   2    6  1    6  98  1.84490E+00 -2.60970E+00 -1.64850E-01  1.96410E-02  2.00000E+00  9.51700E+03  9.89700E+03  1.90300E+05
f   2   15  1    6  99  1.00000E+00  2.60120E+01
p   2   15  1    6  99  1.00000E+00  2.60120E+01
f   2    7  1    7  99  1.00000E+00  2.60010E+01
p   2    7  1    7  98  1.84490E+00 -2.60970E+00 -1.64850E-01  1.96410E-02  2.00000E+00  9.51700E+03  9.89700E+03  1.90300E+05
f   2   16  1    7  99  1.00000E+00  2.60100E+01
p   2   16  1    7  99  1.00000E+00  2.60100E+01
f   2    8  1    8  99  1.00000E+00  2.60001E+01
p   2    8  1    8  98  1.84490E+00 -2.60970E+00 -1.64850E-01  1.96410E-02  2.00000E+00  9.51700E+03  9.89700E+03  1.90300E+05
f   2   17  1    8  99  1.00000E+00  2.60010E+01
p   2   17  1    8  99  1.00000E+00  2.60010E+01
f   2    9  1    9  99  1.00000E+00  2.60001E+01
p   2    9  1    9  98  1.84490E+00 -2.60970E+00 -1.64850E-01  1.96410E-02  2.00000E+00  9.51700E+03  9.89700E+03  1.90300E+05
f   2   18  1    9  99  1.00000E+00  2.60010E+01
p   2   18  1    9  99  1.00000E+00  2.60010E+01
f   2   10  1   10  99  1.00000E+00  2.60001E+01
p   2   10  1   10  98  1.84490E+00 -2.60970E+00 -1.64850E-01  1.96410E-02  2.00000E+00  9.51700E+03  9.89700E+03  1.90300E+05
f   2   19  1   10  99  1.00000E+00  2.60001E+01
p   2   19  1   10  99  1.00000E+00  2.60001E+01
a   2   11  1    1   1.02242E+14
a   2   12  1    1   1.12540E+13
a   2   13  1    1   2.67570E+12
a   2   14  1    1   8.71580E+11
a   2   15  1    1   3.52580E+11
a   2   16  1    1   1.63130E+11
a   2   17  1    1   8.36700E+10
a   2   18  1    1   4.64310E+10
a   2   19  1    1   2.74170E+10
b   3    1  3    2  99  2.65845E-01  3.67567E-01 -4.21914E+00  2.06760E+01  4.20563E+00  6.13200E-01  6.13200E-01
b   3    1  3    3  99  4.33125E-01  2.14863E-01 -2.62597E+00  1.95559E+01  3.72872E+00  1.17900E-01  1.17900E-01
b   3    2  3    3  99  8.03007E-02  8.40384E-01 -5.61070E+00  1.67578E+01  7.25536E+00  8.25700E-01  8.25700E-01
b   3    1  3    4  99  4.36446E-01  3.93941E-01 -2.88140E+00  1.91481E+01  3.70178E+00  4.46300E-02  4.46300E-02
b   3    2  3    4  99  1.28582E-01  1.72474E+00 -3.20308E+01  2.31920E+02  2.00000E+01  1.49800E-01  1.49800E-01
b   3    3  3    4  99  8.67019E-02  1.01501E+00 -1.66121E+01  1.02017E+02  2.00000E+01  1.02500E+00  1.02500E+00
b   3    1  3    5  99  4.58797E-01  5.02085E-01 -3.17328E+00  2.00265E+01  3.70031E+00  2.15800E-02  2.15800E-02
b   3    2  3    5  99  1.81727E-01  2.36162E+00 -5.76439E+01  5.82181E+02  2.00000E+01  5.53000E-02  5.53000E-02
b   3    3  3    5  99  1.13438E-01  1.44568E+00 -1.21651E+01 -1.25328E+00  2.00000E+01  1.77400E-01  1.77400E-01
b   3    4  3    5  99  1.11982E-01  9.25585E-01 -1.83589E+01  1.91009E+02  2.00000E+01  1.21800E+00  1.21800E+00
b   3    1  3    6  99  4.56238E-01  5.76394E-01 -3.30223E+00  1.98465E+01  3.69266E+00  1.24600E-02  1.24600E-02
b   3    2  3    6  99  1.81015E-01  2.46441E+00 -5.17501E+01  4.71101E+02  2.00000E+01  2.75400E-02  2.75400E-02
b   3    3  3    6  99  1.40052E-01  1.77816E+00 -1.40243E+01  1.60284E+01  2.00000E+01  6.51300E-02  6.51300E-02
b   3    4  3    6  99  1.23848E-01  1.50056E+00 -1.60999E+01  9.21147E+01  2.00000E+01  2.05500E-01  2.05500E-01
b   3    5  3    6  99  2.73340E-01  2.22339E-02  1.68278E+00 -6.14599E-01  2.11542E+00  1.41400E+00  1.41400E+00
b   3    1  3    7  99  4.49883E-01  6.41380E-01 -3.44724E+00  1.96864E+01  3.69254E+00  7.90000E-03  7.90000E-03
b   3    2  3    7  99  1.80622E-01  2.54049E+00 -4.82185E+01  4.02931E+02  2.00000E+01  1.60000E-02  1.60000E-02
b   3    3  3    7  99  1.54819E-01  2.01078E+00 -1.47593E+01  1.68037E+01  2.00000E+01  3.22300E-02  3.22300E-02
b   3    4  3    7  99  1.55467E-01  1.90912E+00 -1.96729E+01  1.38775E+02  2.00000E+01  7.42400E-02  7.42400E-02
b   3    5  3    7  99  1.54831E-01  1.42954E+00 -1.88977E+01  2.03248E+02  2.00000E+01  2.33000E-01  2.33000E-01
b   3    6  3    7  99  2.46243E-01  1.13696E-01  1.36271E+00 -4.31436E-01  2.04176E+00  1.60700E+00  1.60700E+00
b   3    1  3    8  99  4.53512E-01  6.57976E-01 -3.42639E+00  1.96026E+01  3.68682E+00  5.34300E-03  5.34300E-03
b   3    2  3    8  99  1.80241E-01  2.58779E+00 -4.54580E+01  3.52215E+02  2.00000E+01  1.02300E-02  1.02300E-02
b   3    3  3    8  99  1.70706E-01  1.96149E+00 -5.97207E+00  1.75653E+01  7.07183E+00  1.87200E-02  1.87200E-02
b   3    4  3    8  99  1.72038E-01  2.21282E+00 -2.11185E+01  1.49043E+02  2.00000E+01  3.64600E-02  3.64600E-02
b   3    5  3    8  99  1.87570E-01  1.83966E+00 -2.04393E+01  2.26035E+02  2.00000E+01  8.30800E-02  8.30800E-02
b   3    6  3    8  99  3.20733E-01  5.19950E-01  1.79847E+00 -6.67878E-01  2.16947E+00  2.59900E-01  2.59900E-01
b   3    7  3    8  99  2.67511E-01  4.22010E-03  2.25497E+00 -1.14659E+00  2.80193E+00  1.80000E+00  1.80000E+00
b   3    1  3    9  99  4.49743E-01  6.92942E-01 -3.50637E+00  1.95109E+01  3.68636E+00  3.78700E-03  3.78700E-03
b   3    2  3    9  99  1.78294E-01  2.58868E+00 -4.12483E+01  2.84094E+02  2.00000E+01  6.98300E-03  6.98300E-03
b   3    3  3    9  99  1.69075E-01  2.26781E+00 -1.31084E+01 -1.90730E+01  2.00000E+01  1.19900E-02  1.19900E-02
b   3    4  3    9  99  1.85722E-01  2.42543E+00 -2.16368E+01  1.52802E+02  2.00000E+01  2.11000E-02  2.11000E-02
b   3    5  3    9  99  1.68207E-01  2.23990E+00 -1.58242E+01  8.96144E+01  2.00000E+01  4.05100E-02  4.05100E-02
b   3    6  3    9  99  1.82649E-01  1.87225E+00 -1.87842E+01  2.07818E+02  2.00000E+01  9.16700E-02  9.16700E-02
b   3    7  3    9  99  3.04871E-01  5.80739E-01  1.68597E+00 -6.53202E-01  2.17426E+00  2.86400E-01  2.86400E-01
b   3    8  3    9  99  5.38936E-01  1.11315E-01  4.41489E+00 -2.23117E+00  2.79718E+00  9.35100E-01  9.35100E-01
b   3    1  3   10  99  1.82280E-01  1.27160E+00 -1.63487E+01  6.47636E+01  6.23378E+00  6.37875E-01  6.37875E-01
b   3    1  3   11  99  7.65902E-02  2.25215E+00 -3.60379E+01  1.34680E+02  1.23565E+01  1.44980E-01  1.44980E-01
b   3    2  3   11  99  1.82280E-01  1.27160E+00 -1.63487E+01  6.47636E+01  6.23378E+00  7.29000E-01  7.29000E-01
b   3   10  3   11  99  2.65845E-01  3.67567E-01 -4.21914E+00  2.06760E+01  4.20563E+00  1.22640E+00  1.22640E+00
b   3    1  3   12  99  6.86734E-02  2.48838E+00 -4.40900E+01 -2.51889E+01  2.00000E+01  5.38800E-02  5.38800E-02
b   3    3  3   12  99  1.82280E-01  1.27160E+00 -1.63487E+01  6.47636E+01  6.23378E+00  7.29000E-01  7.29000E-01
b   3   10  3   12  99  4.33125E-01  2.14863E-01 -2.62597E+00  1.95559E+01  3.72872E+00  2.35800E-01  2.35800E-01
b   3   11  3   12  99  8.03007E-02  8.40384E-01 -5.61070E+00  1.67578E+01  7.25536E+00  8.25700E-01  8.25700E-01
b   3    1  3   13  99  6.89484E-02  2.48237E+00 -4.17241E+01 -6.80072E+01  2.00000E+01  2.60400E-02  2.60400E-02
b   3    4  3   13  99  1.82280E-01  1.27160E+00 -1.63487E+01  6.47636E+01  6.23378E+00  7.29000E-01  7.29000E-01
b   3   10  3   13  99  4.36446E-01  3.93941E-01 -2.88140E+00  1.91481E+01  3.70178E+00  8.92600E-02  8.92600E-02
b   3   11  3   13  99  1.28582E-01  1.72474E+00 -3.20308E+01  2.31920E+02  2.00000E+01  1.49800E-01  1.49800E-01
b   3   12  3   13  99  8.67019E-02  1.01501E+00 -1.66121E+01  1.02017E+02  2.00000E+01  1.02500E+00  1.02500E+00
b   3    1  3   14  99  7.24211E-02  2.68733E+00 -4.51582E+01 -7.66285E+01  2.00000E+01  1.39780E-02  1.39780E-02
b   3    5  3   14  99  1.82280E-01  1.27160E+00 -1.63487E+01  6.47636E+01  6.23378E+00  7.29000E-01  7.29000E-01
b   3   10  3   14  99  4.58797E-01  5.02085E-01 -3.17328E+00  2.00265E+01  3.70031E+00  4.31600E-02  4.31600E-02
b   3   11  3   14  99  1.81727E-01  2.36162E+00 -5.76439E+01  5.82181E+02  2.00000E+01  5.53000E-02  5.53000E-02
b   3   12  3   14  99  1.13438E-01  1.44568E+00 -1.21651E+01 -1.25328E+00  2.00000E+01  1.77400E-01  1.77400E-01
b   3   13  3   14  99  1.11982E-01  9.25585E-01 -1.83589E+01  1.91009E+02  2.00000E+01  1.21800E+00  1.21800E+00
b   3    1  3   15  99  7.30746E-02  2.68707E+00 -4.47292E+01 -8.43579E+01  2.00000E+01  8.64000E-03  8.64000E-03
b   3    6  3   15  99  1.82280E-01  1.27160E+00 -1.63487E+01  6.47636E+01  6.23378E+00  7.29000E-01  7.29000E-01
b   3   10  3   15  99  4.56238E-01  5.76394E-01 -3.30223E+00  1.98465E+01  3.69266E+00  2.49200E-02  2.49200E-02
b   3   11  3   15  99  1.81015E-01  2.46441E+00 -5.17501E+01  4.71101E+02  2.00000E+01  2.75400E-02  2.75400E-02
b   3   12  3   15  99  1.40052E-01  1.77816E+00 -1.40243E+01  1.60284E+01  2.00000E+01  6.51300E-02  6.51300E-02
b   3   13  3   15  99  1.23848E-01  1.50056E+00 -1.60999E+01  9.21147E+01  2.00000E+01  2.05500E-01  2.05500E-01
b   3   14  3   15  99  2.73340E-01  2.22339E-02  1.68278E+00 -6.14599E-01  2.11542E+00  1.41400E+00  1.41400E+00
b   3    1  3   16  99  7.25259E-02  2.66926E+00 -4.33751E+01 -1.04220E+02  2.00000E+01  5.71600E-03  5.71600E-03
b   3    7  3   16  99  1.82280E-01  1.27160E+00 -1.63487E+01  6.47636E+01  6.23378E+00  7.29000E-01  7.29000E-01
b   3   10  3   16  99  4.49883E-01  6.41380E-01 -3.44724E+00  1.96864E+01  3.69254E+00  1.58000E-02  1.58000E-02
b   3   11  3   16  99  1.80622E-01  2.54049E+00 -4.82185E+01  4.02931E+02  2.00000E+01  1.60000E-02  1.60000E-02
b   3   12  3   16  99  1.54819E-01  2.01078E+00 -1.47593E+01  1.68037E+01  2.00000E+01  3.22300E-02  3.22300E-02
b   3   13  3   16  99  1.55467E-01  1.90912E+00 -1.96729E+01  1.38775E+02  2.00000E+01  7.42400E-02  7.42400E-02
b   3   14  3   16  99  1.54831E-01  1.42954E+00 -1.88977E+01  2.03248E+02  2.00000E+01  2.33000E-01  2.33000E-01
b   3   15  3   16  99  2.46243E-01  1.13696E-01  1.36271E+00 -4.31436E-01  2.04176E+00  1.60700E+00  1.60700E+00
b   3    1  3   17  99  7.14846E-02  2.65844E+00 -4.23412E+01 -1.20631E+02  2.00000E+01  3.97600E-03  3.97600E-03
b   3    8  3   17  99  1.82280E-01  1.27160E+00 -1.63487E+01  6.47636E+01  6.23378E+00  7.29000E-01  7.29000E-01
b   3   10  3   17  99  4.53512E-01  6.57976E-01 -3.42639E+00  1.96026E+01  3.68682E+00  1.06860E-02  1.06860E-02
b   3   11  3   17  99  1.80241E-01  2.58779E+00 -4.54580E+01  3.52215E+02  2.00000E+01  1.02300E-02  1.02300E-02
b   3   12  3   17  99  1.70706E-01  1.96149E+00 -5.97207E+00  1.75653E+01  7.07183E+00  1.87200E-02  1.87200E-02
b   3   13  3   17  99  1.72038E-01  2.21282E+00 -2.11185E+01  1.49043E+02  2.00000E+01  3.64600E-02  3.64600E-02
b   3   14  3   17  99  1.87570E-01  1.83966E+00 -2.04393E+01  2.26035E+02  2.00000E+01  8.30800E-02  8.30800E-02
b   3   15  3   17  99  3.20733E-01  5.19950E-01  1.79847E+00 -6.67878E-01  2.16947E+00  2.59900E-01  2.59900E-01
b   3   16  3   17  99  2.67511E-01  4.22010E-03  2.25497E+00 -1.14659E+00  2.80193E+00  1.80000E+00  1.80000E+00
b   3    1  3   18  99  7.07989E-02  2.65090E+00 -4.16421E+01 -1.31592E+02  2.00000E+01  2.87600E-03  2.87600E-03
b   3    9  3   18  99  1.82280E-01  1.27160E+00 -1.63487E+01  6.47636E+01  6.23378E+00  7.29000E-01  7.29000E-01
b   3   10  3   18  99  4.49743E-01  6.92942E-01 -3.50637E+00  1.95109E+01  3.68636E+00  7.57400E-03  7.57400E-03
b   3   11  3   18  99  1.78294E-01  2.58868E+00 -4.12483E+01  2.84094E+02  2.00000E+01  6.98300E-03  6.98300E-03
b   3   12  3   18  99  1.69075E-01  2.26781E+00 -1.31084E+01 -1.90730E+01  2.00000E+01  1.19900E-02  1.19900E-02
b   3   13  3   18  99  1.85722E-01  2.42543E+00 -2.16368E+01  1.52802E+02  2.00000E+01  2.11000E-02  2.11000E-02
b   3   14  3   18  99  1.68207E-01  2.23990E+00 -1.58242E+01  8.96144E+01  2.00000E+01  4.05100E-02  4.05100E-02
b   3   15  3   18  99  1.82649E-01  1.87225E+00 -1.87842E+01  2.07818E+02  2.00000E+01  9.16700E-02  9.16700E-02
b   3   16  3   18  99  3.04871E-01  5.80739E-01  1.68597E+00 -6.53202E-01  2.17426E+00  2.86400E-01  2.86400E-01
b   3   17  3   18  99  5.38936E-01  1.11315E-01  4.41489E+00 -2.23117E+00  2.79718E+00  9.35100E-01  9.35100E-01
f   3    1  2    1  99  1.00000E+00  2.51240E+01
p   3    1  2    1  98  1.22530E+00 -2.76410E+00 -3.87400E-02 -8.12420E-04  1.00000E+00  2.22200E+03  2.31100E+03  4.44500E+04
f   3    2  2    1  99  1.00000E+00  2.50320E+01
p   3    2  2    1  99  1.00000E+00  2.50320E+01
f   3    3  2    1  99  1.00000E+00  2.50092E+01
p   3    3  2    1  99  1.00000E+00  2.50092E+01
f   3    4  2    1  99  1.00000E+00  2.50060E+01
p   3    4  2    1  99  1.00000E+00  2.50060E+01
f   3    5  2    1  99  1.00000E+00  2.50060E+01
p   3    5  2    1  99  1.00000E+00  2.50060E+01
f   3    6  2    1  99  1.00000E+00  2.50020E+01
p   3    6  2    1  99  1.00000E+00  2.50020E+01
f   3    7  2    1  99  1.00000E+00  2.50002E+01
p   3    7  2    1  99  1.00000E+00  2.50002E+01
f   3    8  2    1  99  1.00000E+00  2.50002E+01
p   3    8  2    1  99  1.00000E+00  2.50002E+01
f   3    9  2    1  99  1.00000E+00  2.50002E+01
p   3    9  2    1  99  1.00000E+00  2.50002E+01
f   3    1  2    2  99  2.00000E+00  2.51240E+01
p   3    1  2    2  98  1.89180E+00 -2.59430E+00 -1.77950E-01  2.22120E-02  2.00000E+00  9.32300E+03  9.69600E+03  1.86500E+05
f   3   10  2    2  99  2.00000E+00  2.57601E+01
p   3   10  2    2  98  1.22530E+00 -2.76410E+00 -3.87400E-02 -8.12420E-04  1.00000E+00  2.22200E+03  2.31100E+03  4.44500E+04
f   3   11  2    2  99  1.00000E+00  2.51120E+01
p   3   11  2    2  99  1.00000E+00  2.51120E+01
f   3   12  2    2  99  1.00000E+00  2.50324E+01
p   3   12  2    2  99  1.00000E+00  2.50324E+01
f   3   13  2    2  99  1.00000E+00  2.50051E+01
p   3   13  2    2  99  1.00000E+00  2.50051E+01
f   3   14  2    2  99  1.00000E+00  2.50150E+01
p   3   14  2    2  99  1.00000E+00  2.50150E+01
f   3   15  2    2  99  1.00000E+00  2.50110E+01
p   3   15  2    2  99  1.00000E+00  2.50110E+01
f   3   16  2    2  99  1.00000E+00  2.50011E+01
p   3   16  2    2  99  1.00000E+00  2.50011E+01
f   3   17  2    2  99  1.00000E+00  2.50011E+01
p   3   17  2    2  99  1.00000E+00  2.50011E+01
f   3   18  2    2  99  1.00000E+00  2.50002E+01
p   3   18  2    2  99  1.00000E+00  2.50002E+01
f   3    2  2    3  99  2.00000E+00  2.50320E+01
p   3    2  2    3  98  1.89180E+00 -2.59430E+00 -1.77950E-01  2.22120E-02  2.00000E+00  9.32300E+03  9.69600E+03  1.86500E+05
f   3   11  2    3  99  1.00000E+00  2.51120E+01
p   3   11  2    3  98  1.22530E+00 -2.76410E+00 -3.87400E-02 -8.12420E-04  1.00000E+00  2.22200E+03  2.31100E+03  4.44500E+04
f   3    3  2    4  99  2.00000E+00  2.50092E+01
p   3    3  2    4  98  1.89180E+00 -2.59430E+00 -1.77950E-01  2.22120E-02  2.00000E+00  9.32300E+03  9.69600E+03  1.86500E+05
f   3   12  2    4  99  1.00000E+00  2.50324E+01
p   3   12  2    4  98  1.22530E+00 -2.76410E+00 -3.87400E-02 -8.12420E-04  1.00000E+00  2.22200E+03  2.31100E+03  4.44500E+04
f   3    4  2    5  99  2.00000E+00  2.50060E+01
p   3    4  2    5  98  1.89180E+00 -2.59430E+00 -1.77950E-01  2.22120E-02  2.00000E+00  9.32300E+03  9.69600E+03  1.86500E+05
f   3   13  2    5  99  1.00000E+00  2.50051E+01
p   3   13  2    5  98  1.22530E+00 -2.76410E+00 -3.87400E-02 -8.12420E-04  1.00000E+00  2.22200E+03  2.31100E+03  4.44500E+04
f   3    5  2    6  99  2.00000E+00  2.50060E+01
p   3    5  2    6  98  1.89180E+00 -2.59430E+00 -1.77950E-01  2.22120E-02  2.00000E+00  9.32300E+03  9.69600E+03  1.86500E+05
f   3   14  2    6  99  1.00000E+00  2.50150E+01
p   3   14  2    6  98  1.22530E+00 -2.76410E+00 -3.87400E-02 -8.12420E-04  1.00000E+00  2.22200E+03  2.31100E+03  4.44500E+04
f   3    6  2    7  99  2.00000E+00  2.50020E+01
p   3    6  2    7  98  1.89180E+00 -2.59430E+00 -1.77950E-01  2.22120E-02  2.00000E+00  9.32300E+03  9.69600E+03  1.86500E+05
f   3   15  2    7  99  1.00000E+00  2.50110E+01
p   3   15  2    7  98  1.22530E+00 -2.76410E+00 -3.87400E-02 -8.12420E-04  1.00000E+00  2.22200E+03  2.31100E+03  4.44500E+04
f   3    7  2    8  99  2.00000E+00  2.50002E+01
p   3    7  2    8  98  1.89180E+00 -2.59430E+00 -1.77950E-01  2.22120E-02  2.00000E+00  9.32300E+03  9.69600E+03  1.86500E+05
f   3   16  2    8  99  1.00000E+00  2.50011E+01
p   3   16  2    8  98  1.22530E+00 -2.76410E+00 -3.87400E-02 -8.12420E-04  1.00000E+00  2.22200E+03  2.31100E+03  4.44500E+04
f   3    8  2    9  99  2.00000E+00  2.50002E+01
p   3    8  2    9  98  1.89180E+00 -2.59430E+00 -1.77950E-01  2.22120E-02  2.00000E+00  9.32300E+03  9.69600E+03  1.86500E+05
f   3   17  2    9  99  1.00000E+00  2.50011E+01
p   3   17  2    9  98  1.22530E+00 -2.76410E+00 -3.87400E-02 -8.12420E-04  1.00000E+00  2.22200E+03  2.31100E+03  4.44500E+04
f   3    9  2   10  99  2.00000E+00  2.50002E+01
p   3    9  2   10  98  1.89180E+00 -2.59430E+00 -1.77950E-01  2.22120E-02  2.00000E+00  9.32300E+03  9.69600E+03  1.86500E+05
f   3   18  2   10  99  1.00000E+00  2.50002E+01
p   3   18  2   10  98  1.22530E+00 -2.76410E+00 -3.87400E-02 -8.12420E-04  1.00000E+00  2.22200E+03  2.31100E+03  4.44500E+04
f   3   10  2   11  99  1.00000E+00  2.57601E+01
p   3   10  2   11  98  1.89180E+00 -2.59430E+00 -1.77950E-01  2.22120E-02  2.00000E+00  9.32300E+03  9.69600E+03  1.86500E+05
f   3   11  2   12  99  1.00000E+00  2.51120E+01
p   3   11  2   12  98  1.89180E+00 -2.59430E+00 -1.77950E-01  2.22120E-02  2.00000E+00  9.32300E+03  9.69600E+03  1.86500E+05
f   3   12  2   13  99  1.00000E+00  2.50324E+01
p   3   12  2   13  98  1.89180E+00 -2.59430E+00 -1.77950E-01  2.22120E-02  2.00000E+00  9.32300E+03  9.69600E+03  1.86500E+05
f   3   13  2   14  99  1.00000E+00  2.50051E+01
p   3   13  2   14  98  1.89180E+00 -2.59430E+00 -1.77950E-01  2.22120E-02  2.00000E+00  9.32300E+03  9.69600E+03  1.86500E+05
f   3   14  2   15  99  1.00000E+00  2.50150E+01
p   3   14  2   15  98  1.89180E+00 -2.59430E+00 -1.77950E-01  2.22120E-02  2.00000E+00  9.32300E+03  9.69600E+03  1.86500E+05
f   3   15  2   16  99  1.00000E+00  2.50110E+01
p   3   15  2   16  98  1.89180E+00 -2.59430E+00 -1.77950E-01  2.22120E-02  2.00000E+00  9.32300E+03  9.69600E+03  1.86500E+05
f   3   16  2   17  99  1.00000E+00  2.50011E+01
p   3   16  2   17  98  1.89180E+00 -2.59430E+00 -1.77950E-01  2.22120E-02  2.00000E+00  9.32300E+03  9.69600E+03  1.86500E+05
f   3   17  2   18  99  1.00000E+00  2.50011E+01
p   3   17  2   18  98  1.89180E+00 -2.59430E+00 -1.77950E-01  2.22120E-02  2.00000E+00  9.32300E+03  9.69600E+03  1.86500E+05
f   3   18  2   19  99  1.00000E+00  2.50002E+01
p   3   18  2   19  98  1.89180E+00 -2.59430E+00 -1.77950E-01  2.22120E-02  2.00000E+00  9.32300E+03  9.69600E+03  1.86500E+05
a   3   10  2    1   4.70250E+13
a   3   11  2    1   5.15900E+12
a   3   12  2    1   1.22355E+12
a   3   13  2    1   3.96040E+11
a   3   14  2    1   1.59955E+11
a   3   15  2    1   7.40050E+10
a   3   16  2    1   3.79585E+10
a   3   17  2    1   2.10640E+10
a   3   18  2    1   1.24380E+10
b   4    1  4    2  99  1.69770E-01  8.12116E-01 -8.56272E+00  3.58023E+01  5.72529E+00  1.16080E+00  1.16080E+00
b   4    1  4    3  99  4.37770E-01  1.85714E-01 -2.56143E+00  1.96975E+01  3.72803E+00  2.32400E-01  2.32400E-01
b   4    2  4    3  99  7.42692E-02  1.00631E+00 -1.28815E+01  7.23079E+00  2.00000E+01  8.09900E-01  8.09900E-01
b   4    1  4    4  99  4.32696E-01  3.55775E-01 -2.76291E+00  1.89853E+01  3.70677E+00  8.90600E-02  8.90600E-02
b   4    2  4    4  99  1.17768E-01  1.55516E+00 -2.32580E+01  1.15951E+02  2.00000E+01  1.50500E-01  1.50500E-01
b   4    3  4    4  99  8.39612E-02  9.83721E-01 -1.50524E+01  8.33271E+01  2.00000E+01  1.01600E+00  1.01600E+00
b   4    1  4    5  99  4.54580E-01  4.77270E-01 -3.09717E+00  1.98457E+01  3.69747E+00  4.27000E-02  4.27000E-02
b   4    2  4    5  99  1.91734E-01  2.44395E+00 -6.43413E+01  6.84558E+02  2.00000E+01  5.48800E-02  5.48800E-02
b   4    3  4    5  99  1.33460E-01  1.56962E+00 -2.31142E+01  1.74770E+02  2.00000E+01  1.76300E-01  1.76300E-01
b   4    4  4    5  99  1.10008E-01  9.27029E-01 -1.76568E+01  1.78939E+02  2.00000E+01  1.20000E+00  1.20000E+00
b   4    1  4    6  99  4.49042E-01  5.52719E-01 -3.22550E+00  1.95857E+01  3.69456E+00  2.47400E-02  2.47400E-02
b   4    2  4    6  99  1.82436E-01  2.47083E+00 -5.31610E+01  4.93806E+02  2.00000E+01  2.74800E-02  2.74800E-02
b   4    3  4    6  99  1.40422E-01  1.76441E+00 -1.41715E+01  2.30448E+01  2.00000E+01  6.52100E-02  6.52100E-02
b   4    4  4    6  99  1.24864E-01  1.48805E+00 -1.57204E+01  9.16967E+01  2.00000E+01  2.04500E-01  2.04500E-01
b   4    5  4    6  99  2.68534E-01  4.36776E-02  1.61674E+00 -5.77655E-01  2.09918E+00  1.40200E+00  1.40200E+00
b   4    1  4    7  99  4.50378E-01  5.86136E-01 -3.24939E+00  1.94560E+01  3.68644E+00  1.57100E-02  1.57100E-02
b   4    2  4    7  99  1.92994E-01  2.60280E+00 -5.52404E+01  5.16475E+02  2.00000E+01  1.60100E-02  1.60100E-02
b   4    3  4    7  99  1.49684E-01  1.96947E+00 -1.28494E+01 -9.77604E+00  2.00000E+01  3.24100E-02  3.24100E-02
b   4    4  4    7  99  1.52595E-01  1.89928E+00 -1.90721E+01  1.30138E+02  2.00000E+01  7.42600E-02  7.42600E-02
b   4    5  4    7  99  1.50993E-01  1.43527E+00 -1.83553E+01  1.91769E+02  2.00000E+01  2.32200E-01  2.32200E-01
b   4    6  4    7  99  2.43942E-01  1.25812E-01  1.33986E+00 -4.21365E-01  2.04261E+00  1.59700E+00  1.59700E+00
b   4    1  4    8  99  4.46120E-01  6.26056E-01 -3.32037E+00  1.92729E+01  3.68350E+00  1.06380E-02  1.06380E-02
b   4    2  4    8  99  1.90785E-01  2.61678E+00 -5.06156E+01  4.40009E+02  2.00000E+01  1.02600E-02  1.02600E-02
b   4    3  4    8  99  1.61458E-01  2.12181E+00 -1.33372E+01 -5.45096E+00  2.00000E+01  1.88700E-02  1.88700E-02
b   4    4  4    8  99  1.69648E-01  2.18690E+00 -2.02403E+01  1.39166E+02  2.00000E+01  3.65900E-02  3.65900E-02
b   4    5  4    8  99  1.84708E-01  1.83704E+00 -2.00697E+01  2.20128E+02  2.00000E+01  8.30500E-02  8.30500E-02
b   4    6  4    8  99  3.16099E-01  5.39052E-01  1.73740E+00 -6.57955E-01  2.13229E+00  2.59000E-01  2.59000E-01
b   4    7  4    8  99  2.64490E-01  1.95110E-02  2.20966E+00 -1.11984E+00  2.80007E+00  1.79200E+00  1.79200E+00
b   4    1  4    9  99  4.51423E-01  6.30682E-01 -3.31422E+00  1.94129E+01  3.68265E+00  7.54800E-03  7.54800E-03
b   4    2  4    9  99  1.87110E-01  2.65623E+00 -4.81293E+01  3.90662E+02  2.00000E+01  7.00800E-03  7.00800E-03
b   4    3  4    9  99  1.60618E-01  2.15936E+00 -8.82138E+00  1.60773E-01  1.42018E+01  1.21100E-02  1.21100E-02
b   4    4  4    9  99  1.85125E-01  2.39653E+00 -2.14632E+01  1.56815E+02  2.00000E+01  2.12200E-02  2.12200E-02
b   4    5  4    9  99  1.67635E-01  2.22092E+00 -1.54434E+01  8.83182E+01  2.00000E+01  4.05900E-02  4.05900E-02
b   4    6  4    9  99  1.81773E-01  1.86804E+00 -1.85807E+01  2.06654E+02  2.00000E+01  9.15700E-02  9.15700E-02
b   4    7  4    9  99  3.01645E-01  5.94242E-01  1.66127E+00 -6.46429E-01  2.18465E+00  2.85600E-01  2.85600E-01
b   4    8  4    9  99  5.12743E-01  1.35728E-01  4.16483E+00 -2.05764E+00  2.81191E+00  9.68900E-01  9.68900E-01
b   4    1  4   10  98  0.00000E+00  0.00000E+00  0.00000E+00  0.00000E+00  0.00000E+00  3.65430E-03  7.30860E-05
b   4    2  4   10  99  1.69770E-01  8.12116E-01 -8.56272E+00  3.58023E+01  5.72529E+00  5.48156E-01  5.48156E-01
b   4    1  4   11  98  0.00000E+00  0.00000E+00  0.00000E+00  0.00000E+00  0.00000E+00  5.03119E-03  1.00624E-04
b   4    2  4   11  99  4.37770E-01  1.85714E-01 -2.56143E+00  1.96975E+01  3.72803E+00  1.16200E-01  1.16200E-01
b   4    3  4   11  99  1.69770E-01  8.12116E-01 -8.56272E+00  3.58023E+01  5.72529E+00  5.80400E-01  5.80400E-01
b   4   10  4   11  99  7.42692E-02  1.00631E+00 -1.28815E+01  7.23079E+00  2.00000E+01  1.61980E+00  1.61980E+00
b   4    1  4   12  98  0.00000E+00  0.00000E+00  0.00000E+00  0.00000E+00  0.00000E+00  6.98302E-03  1.39660E-04
b   4    2  4   12  99  4.32696E-01  3.55775E-01 -2.76291E+00  1.89853E+01  3.70677E+00  4.45300E-02  4.45300E-02
b   4    4  4   12  99  1.69770E-01  8.12116E-01 -8.56272E+00  3.58023E+01  5.72529E+00  5.80400E-01  5.80400E-01
b   4   10  4   12  99  1.17768E-01  1.55516E+00 -2.32580E+01  1.15951E+02  2.00000E+01  3.01000E-01  3.01000E-01
b   4   11  4   12  99  8.39612E-02  9.83721E-01 -1.50524E+01  8.33271E+01  2.00000E+01  1.01600E+00  1.01600E+00
b   4    1  4   13  98  0.00000E+00  0.00000E+00  0.00000E+00  0.00000E+00  0.00000E+00  9.45643E-03  1.89129E-04
b   4    2  4   13  99  4.54580E-01  4.77270E-01 -3.09717E+00  1.98457E+01  3.69747E+00  2.13500E-02  2.13500E-02
b   4    5  4   13  99  1.69770E-01  8.12116E-01 -8.56272E+00  3.58023E+01  5.72529E+00  5.80400E-01  5.80400E-01
b   4   10  4   13  99  1.91734E-01  2.44395E+00 -6.43413E+01  6.84558E+02  2.00000E+01  1.09760E-01  1.09760E-01
b   4   11  4   13  99  1.33460E-01  1.56962E+00 -2.31142E+01  1.74770E+02  2.00000E+01  1.76300E-01  1.76300E-01
b   4   12  4   13  99  1.10008E-01  9.27029E-01 -1.76568E+01  1.78939E+02  2.00000E+01  1.20000E+00  1.20000E+00
b   4    1  4   14  98  0.00000E+00  0.00000E+00  0.00000E+00  0.00000E+00  0.00000E+00  1.24108E-02  2.48217E-04
b   4    2  4   14  99  4.49042E-01  5.52719E-01 -3.22550E+00  1.95857E+01  3.69456E+00  1.23700E-02  1.23700E-02
b   4    6  4   14  99  1.69770E-01  8.12116E-01 -8.56272E+00  3.58023E+01  5.72529E+00  5.80400E-01  5.80400E-01
b   4   10  4   14  99  1.82436E-01  2.47083E+00 -5.31610E+01  4.93806E+02  2.00000E+01  5.49600E-02  5.49600E-02
b   4   11  4   14  99  1.40422E-01  1.76441E+00 -1.41715E+01  2.30448E+01  2.00000E+01  6.52100E-02  6.52100E-02
b   4   12  4   14  99  1.24864E-01  1.48805E+00 -1.57204E+01  9.16967E+01  2.00000E+01  2.04500E-01  2.04500E-01
b   4   13  4   14  99  2.68534E-01  4.36776E-02  1.61674E+00 -5.77655E-01  2.09918E+00  1.40200E+00  1.40200E+00
b   4    1  4   15  98  0.00000E+00  0.00000E+00  0.00000E+00  0.00000E+00  0.00000E+00  1.58355E-02  3.16710E-04
b   4    2  4   15  99  4.50378E-01  5.86136E-01 -3.24939E+00  1.94560E+01  3.68644E+00  7.85500E-03  7.85500E-03
b   4    7  4   15  99  1.69770E-01  8.12116E-01 -8.56272E+00  3.58023E+01  5.72529E+00  5.80400E-01  5.80400E-01
b   4   10  4   15  99  1.92994E-01  2.60280E+00 -5.52404E+01  5.16475E+02  2.00000E+01  3.20200E-02  3.20200E-02
b   4   11  4   15  99  1.49684E-01  1.96947E+00 -1.28494E+01 -9.77604E+00  2.00000E+01  3.24100E-02  3.24100E-02
b   4   12  4   15  99  1.52595E-01  1.89928E+00 -1.90721E+01  1.30138E+02  2.00000E+01  7.42600E-02  7.42600E-02
b   4   13  4   15  99  1.50993E-01  1.43527E+00 -1.83553E+01  1.91769E+02  2.00000E+01  2.32200E-01  2.32200E-01
b   4   14  4   15  99  2.43942E-01  1.25812E-01  1.33986E+00 -4.21365E-01  2.04261E+00  1.59700E+00  1.59700E+00
b   4    1  4   16  98  0.00000E+00  0.00000E+00  0.00000E+00  0.00000E+00  0.00000E+00  1.97286E-02  3.94573E-04
b   4    2  4   16  99  4.46120E-01  6.26056E-01 -3.32037E+00  1.92729E+01  3.68350E+00  5.31900E-03  5.31900E-03
b   4    8  4   16  99  1.69770E-01  8.12116E-01 -8.56272E+00  3.58023E+01  5.72529E+00  5.80400E-01  5.80400E-01
b   4   10  4   16  99  1.90785E-01  2.61678E+00 -5.06156E+01  4.40009E+02  2.00000E+01  2.05200E-02  2.05200E-02
b   4   11  4   16  99  1.61458E-01  2.12181E+00 -1.33372E+01 -5.45096E+00  2.00000E+01  1.88700E-02  1.88700E-02
b   4   12  4   16  99  1.69648E-01  2.18690E+00 -2.02403E+01  1.39166E+02  2.00000E+01  3.65900E-02  3.65900E-02
b   4   13  4   16  99  1.84708E-01  1.83704E+00 -2.00697E+01  2.20128E+02  2.00000E+01  8.30500E-02  8.30500E-02
b   4   14  4   16  99  3.16099E-01  5.39052E-01  1.73740E+00 -6.57955E-01  2.13229E+00  2.59000E-01  2.59000E-01
b   4   15  4   16  99  2.64490E-01  1.95110E-02  2.20966E+00 -1.11984E+00  2.80007E+00  1.79200E+00  1.79200E+00
b   4    1  4   17  98  0.00000E+00  0.00000E+00  0.00000E+00  0.00000E+00  0.00000E+00  2.40860E-02  4.81720E-04
b   4    2  4   17  99  4.51423E-01  6.30682E-01 -3.31422E+00  1.94129E+01  3.68265E+00  3.77400E-03  3.77400E-03
b   4    9  4   17  99  1.69770E-01  8.12116E-01 -8.56272E+00  3.58023E+01  5.72529E+00  5.80400E-01  5.80400E-01
b   4   10  4   17  99  1.87110E-01  2.65623E+00 -4.81293E+01  3.90662E+02  2.00000E+01  1.40160E-02  1.40160E-02
b   4   11  4   17  99  1.60618E-01  2.15936E+00 -8.82138E+00  1.60773E-01  1.42018E+01  1.21100E-02  1.21100E-02
b   4   12  4   17  99  1.85125E-01  2.39653E+00 -2.14632E+01  1.56815E+02  2.00000E+01  2.12200E-02  2.12200E-02
b   4   13  4   17  99  1.67635E-01  2.22092E+00 -1.54434E+01  8.83182E+01  2.00000E+01  4.05900E-02  4.05900E-02
b   4   14  4   17  99  1.81773E-01  1.86804E+00 -1.85807E+01  2.06654E+02  2.00000E+01  9.15700E-02  9.15700E-02
b   4   15  4   17  99  3.01645E-01  5.94242E-01  1.66127E+00 -6.46429E-01  2.18465E+00  2.85600E-01  2.85600E-01
b   4   16  4   17  99  5.12743E-01  1.35728E-01  4.16483E+00 -2.05764E+00  2.81191E+00  9.68900E-01  9.68900E-01
b   4    1  4   18  99  1.83511E-01  1.27104E+00 -1.63322E+01  6.47136E+01  6.22135E+00  5.34450E-01  5.34450E-01
b   4    1  4   19  99  8.18833E-02  2.18197E+00 -3.29452E+01  1.24346E+02  1.11121E+01  1.38560E-01  1.38560E-01
b   4    2  4   19  99  1.83511E-01  1.27104E+00 -1.63322E+01  6.47136E+01  6.22135E+00  6.23525E-01  6.23525E-01
b   4   18  4   19  99  1.69770E-01  8.12116E-01 -8.56272E+00  3.58023E+01  5.72529E+00  1.74120E+00  1.74120E+00
b   4    1  4   20  99  6.84273E-02  2.49896E+00 -4.46377E+01 -1.86384E+01  2.00000E+01  5.14400E-02  5.14400E-02
b   4    3  4   20  99  1.83511E-01  1.27104E+00 -1.63322E+01  6.47136E+01  6.22135E+00  6.23525E-01  6.23525E-01
b   4   18  4   20  99  4.37770E-01  1.85714E-01 -2.56143E+00  1.96975E+01  3.72803E+00  3.48600E-01  3.48600E-01
b   4   19  4   20  99  7.42692E-02  1.00631E+00 -1.28815E+01  7.23079E+00  2.00000E+01  8.09900E-01  8.09900E-01
b   4    1  4   21  99  6.95496E-02  2.50354E+00 -4.33357E+01 -4.44252E+01  2.00000E+01  2.48600E-02  2.48600E-02
b   4    4  4   21  99  1.83511E-01  1.27104E+00 -1.63322E+01  6.47136E+01  6.22135E+00  6.23525E-01  6.23525E-01
b   4   18  4   21  99  4.32696E-01  3.55775E-01 -2.76291E+00  1.89853E+01  3.70677E+00  1.33590E-01  1.33590E-01
b   4   19  4   21  99  1.17768E-01  1.55516E+00 -2.32580E+01  1.15951E+02  2.00000E+01  1.50500E-01  1.50500E-01
b   4   20  4   21  99  8.39612E-02  9.83721E-01 -1.50524E+01  8.33271E+01  2.00000E+01  1.01600E+00  1.01600E+00
b   4    1  4   22  99  7.18902E-02  2.67868E+00 -4.54250E+01 -6.86691E+01  2.00000E+01  1.33400E-02  1.33400E-02
b   4    5  4   22  99  1.83511E-01  1.27104E+00 -1.63322E+01  6.47136E+01  6.22135E+00  6.23525E-01  6.23525E-01
b   4   18  4   22  99  4.54580E-01  4.77270E-01 -3.09717E+00  1.98457E+01  3.69747E+00  6.40500E-02  6.40500E-02
b   4   19  4   22  99  1.91734E-01  2.44395E+00 -6.43413E+01  6.84558E+02  2.00000E+01  5.48800E-02  5.48800E-02
b   4   20  4   22  99  1.33460E-01  1.56962E+00 -2.31142E+01  1.74770E+02  2.00000E+01  1.76300E-01  1.76300E-01
b   4   21  4   22  99  1.10008E-01  9.27029E-01 -1.76568E+01  1.78939E+02  2.00000E+01  1.20000E+00  1.20000E+00
b   4    1  4   23  99  7.23139E-02  2.68052E+00 -4.51320E+01 -7.46290E+01  2.00000E+01  8.24400E-03  8.24400E-03
b   4    6  4   23  99  1.83511E-01  1.27104E+00 -1.63322E+01  6.47136E+01  6.22135E+00  6.23525E-01  6.23525E-01
b   4   18  4   23  99  4.49042E-01  5.52719E-01 -3.22550E+00  1.95857E+01  3.69456E+00  3.71100E-02  3.71100E-02
b   4   19  4   23  99  1.82436E-01  2.47083E+00 -5.31610E+01  4.93806E+02  2.00000E+01  2.74800E-02  2.74800E-02
b   4   20  4   23  99  1.40422E-01  1.76441E+00 -1.41715E+01  2.30448E+01  2.00000E+01  6.52100E-02  6.52100E-02
b   4   21  4   23  99  1.24864E-01  1.48805E+00 -1.57204E+01  9.16967E+01  2.00000E+01  2.04500E-01  2.04500E-01
b   4   22  4   23  99  2.68534E-01  4.36776E-02  1.61674E+00 -5.77655E-01  2.09918E+00  1.40200E+00  1.40200E+00
b   4    1  4   24  99  7.13863E-02  2.66519E+00 -4.39105E+01 -9.28696E+01  2.00000E+01  5.45200E-03  5.45200E-03
b   4    7  4   24  99  1.83511E-01  1.27104E+00 -1.63322E+01  6.47136E+01  6.22135E+00  6.23525E-01  6.23525E-01
b   4   18  4   24  99  4.50378E-01  5.86136E-01 -3.24939E+00  1.94560E+01  3.68644E+00  2.35650E-02  2.35650E-02
b   4   19  4   24  99  1.92994E-01  2.60280E+00 -5.52404E+01  5.16475E+02  2.00000E+01  1.60100E-02  1.60100E-02
b   4   20  4   24  99  1.49684E-01  1.96947E+00 -1.28494E+01 -9.77604E+00  2.00000E+01  3.24100E-02  3.24100E-02
b   4   21  4   24  99  1.52595E-01  1.89928E+00 -1.90721E+01  1.30138E+02  2.00000E+01  7.42600E-02  7.42600E-02
b   4   22  4   24  99  1.50993E-01  1.43527E+00 -1.83553E+01  1.91769E+02  2.00000E+01  2.32200E-01  2.32200E-01
b   4   23  4   24  99  2.43942E-01  1.25812E-01  1.33986E+00 -4.21365E-01  2.04261E+00  1.59700E+00  1.59700E+00
b   4    1  4   25  99  7.29867E-02  2.68188E+00 -4.48723E+01 -7.96782E+01  2.00000E+01  3.79200E-03  3.79200E-03
b   4    8  4   25  99  1.83511E-01  1.27104E+00 -1.63322E+01  6.47136E+01  6.22135E+00  6.23525E-01  6.23525E-01
b   4   18  4   25  99  4.46120E-01  6.26056E-01 -3.32037E+00  1.92729E+01  3.68350E+00  1.59570E-02  1.59570E-02
b   4   19  4   25  99  1.90785E-01  2.61678E+00 -5.06156E+01  4.40009E+02  2.00000E+01  1.02600E-02  1.02600E-02
b   4   20  4   25  99  1.61458E-01  2.12181E+00 -1.33372E+01 -5.45096E+00  2.00000E+01  1.88700E-02  1.88700E-02
b   4   21  4   25  99  1.69648E-01  2.18690E+00 -2.02403E+01  1.39166E+02  2.00000E+01  3.65900E-02  3.65900E-02
b   4   22  4   25  99  1.84708E-01  1.83704E+00 -2.00697E+01  2.20128E+02  2.00000E+01  8.30500E-02  8.30500E-02
b   4   23  4   25  99  3.16099E-01  5.39052E-01  1.73740E+00 -6.57955E-01  2.13229E+00  2.59000E-01  2.59000E-01
b   4   24  4   25  99  2.64490E-01  1.95110E-02  2.20966E+00 -1.11984E+00  2.80007E+00  1.79200E+00  1.79200E+00
b   4    1  4   26  99  7.06568E-02  2.65137E+00 -4.27121E+01 -1.11261E+02  2.00000E+01  2.74000E-03  2.74000E-03
b   4    9  4   26  99  1.83511E-01  1.27104E+00 -1.63322E+01  6.47136E+01  6.22135E+00  6.23525E-01  6.23525E-01
b   4   18  4   26  99  4.51423E-01  6.30682E-01 -3.31422E+00  1.94129E+01  3.68265E+00  1.13220E-02  1.13220E-02
b   4   19  4   26  99  1.87110E-01  2.65623E+00 -4.81293E+01  3.90662E+02  2.00000E+01  7.00800E-03  7.00800E-03
b   4   20  4   26  99  1.60618E-01  2.15936E+00 -8.82138E+00  1.60773E-01  1.42018E+01  1.21100E-02  1.21100E-02
b   4   21  4   26  99  1.85125E-01  2.39653E+00 -2.14632E+01  1.56815E+02  2.00000E+01  2.12200E-02  2.12200E-02
b   4   22  4   26  99  1.67635E-01  2.22092E+00 -1.54434E+01  8.83182E+01  2.00000E+01  4.05900E-02  4.05900E-02
b   4   23  4   26  99  1.81773E-01  1.86804E+00 -1.85807E+01  2.06654E+02  2.00000E+01  9.15700E-02  9.15700E-02
b   4   24  4   26  99  3.01645E-01  5.94242E-01  1.66127E+00 -6.46429E-01  2.18465E+00  2.85600E-01  2.85600E-01
b   4   25  4   26  99  5.12743E-01  1.35728E-01  4.16483E+00 -2.05764E+00  2.81191E+00  9.68900E-01  9.68900E-01
f   4    1  3    1  99  2.00000E+00  2.48221E+01
p   4    1  3    1  98  1.26540E+00 -2.72910E+00 -4.83650E-02 -1.74690E-04  2.00000E+00  2.10300E+03  2.18700E+03  4.20700E+04
f   4    2  3    1  99  1.00000E+00  2.41280E+01
p   4    2  3    1  99  1.00000E+00  2.41280E+01
f   4    3  3    1  99  1.00000E+00  2.40370E+01
p   4    3  3    1  99  1.00000E+00  2.40370E+01
f   4    4  3    1  99  1.00000E+00  2.40081E+01
p   4    4  3    1  99  1.00000E+00  2.40081E+01
f   4    5  3    1  99  1.00000E+00  2.40180E+01
p   4    5  3    1  99  1.00000E+00  2.40180E+01
f   4    6  3    1  99  1.00000E+00  2.40120E+01
p   4    6  3    1  99  1.00000E+00  2.40120E+01
f   4    7  3    1  99  1.00000E+00  2.40012E+01
p   4    7  3    1  99  1.00000E+00  2.40012E+01
f   4    8  3    1  99  1.00000E+00  2.40012E+01
p   4    8  3    1  99  1.00000E+00  2.40012E+01
f   4    9  3    1  99  1.00000E+00  2.40003E+01
p   4    9  3    1  99  1.00000E+00  2.40003E+01
f   4    2  3    2  99  1.00000E+00  2.41280E+01
p   4    2  3    2  98  1.26540E+00 -2.72910E+00 -4.83650E-02 -1.74690E-04  2.00000E+00  2.10300E+03  2.18700E+03  4.20700E+04
f   4   10  3    2  99  2.00000E+00  2.46920E+01
p   4   10  3    2  99  2.00000E+00  2.46920E+01
f   4   11  3    2  99  1.00000E+00  2.40937E+01
p   4   11  3    2  99  1.00000E+00  2.40937E+01
f   4   12  3    2  99  1.00000E+00  2.40264E+01
p   4   12  3    2  99  1.00000E+00  2.40264E+01
f   4   13  3    2  99  1.00000E+00  2.40240E+01
p   4   13  3    2  99  1.00000E+00  2.40240E+01
f   4   14  3    2  99  1.00000E+00  2.40160E+01
p   4   14  3    2  99  1.00000E+00  2.40160E+01
f   4   15  3    2  99  1.00000E+00  2.40102E+01
p   4   15  3    2  99  1.00000E+00  2.40102E+01
f   4   16  3    2  99  1.00000E+00  2.40082E+01
p   4   16  3    2  99  1.00000E+00  2.40082E+01
f   4   17  3    2  99  1.00000E+00  2.40003E+01
p   4   17  3    2  99  1.00000E+00  2.40003E+01
f   4    3  3    3  99  1.00000E+00  2.40370E+01
p   4    3  3    3  98  1.26540E+00 -2.72910E+00 -4.83650E-02 -1.74690E-04  2.00000E+00  2.10300E+03  2.18700E+03  4.20700E+04
f   4   11  3    3  99  1.00000E+00  2.40937E+01
p   4   11  3    3  99  1.00000E+00  2.40937E+01
f   4    4  3    4  99  1.00000E+00  2.40081E+01
p   4    4  3    4  98  1.26540E+00 -2.72910E+00 -4.83650E-02 -1.74690E-04  2.00000E+00  2.10300E+03  2.18700E+03  4.20700E+04
f   4   12  3    4  99  1.00000E+00  2.40264E+01
p   4   12  3    4  99  1.00000E+00  2.40264E+01
f   4    5  3    5  99  1.00000E+00  2.40180E+01
p   4    5  3    5  98  1.26540E+00 -2.72910E+00 -4.83650E-02 -1.74690E-04  2.00000E+00  2.10300E+03  2.18700E+03  4.20700E+04
f   4   13  3    5  99  1.00000E+00  2.40240E+01
p   4   13  3    5  99  1.00000E+00  2.40240E+01
f   4    6  3    6  99  1.00000E+00  2.40120E+01
p   4    6  3    6  98  1.26540E+00 -2.72910E+00 -4.83650E-02 -1.74690E-04  2.00000E+00  2.10300E+03  2.18700E+03  4.20700E+04
f   4   14  3    6  99  1.00000E+00  2.40160E+01
p   4   14  3    6  99  1.00000E+00  2.40160E+01
f   4    7  3    7  99  1.00000E+00  2.40012E+01
p   4    7  3    7  98  1.26540E+00 -2.72910E+00 -4.83650E-02 -1.74690E-04  2.00000E+00  2.10300E+03  2.18700E+03  4.20700E+04
f   4   15  3    7  99  1.00000E+00  2.40102E+01
p   4   15  3    7  99  1.00000E+00  2.40102E+01
f   4    8  3    8  99  1.00000E+00  2.40012E+01
p   4    8  3    8  98  1.26540E+00 -2.72910E+00 -4.83650E-02 -1.74690E-04  2.00000E+00  2.10300E+03  2.18700E+03  4.20700E+04
f   4   16  3    8  99  1.00000E+00  2.40082E+01
p   4   16  3    8  99  1.00000E+00  2.40082E+01
f   4    9  3    9  99  1.00000E+00  2.40003E+01
p   4    9  3    9  98  1.26540E+00 -2.72910E+00 -4.83650E-02 -1.74690E-04  2.00000E+00  2.10300E+03  2.18700E+03  4.20700E+04
f   4   17  3    9  99  1.00000E+00  2.40003E+01
p   4   17  3    9  99  1.00000E+00  2.40003E+01
f   4    1  3   10  99  2.00000E+00  2.48221E+01
p   4    1  3   10  98  1.91620E+00 -2.59310E+00 -1.74060E-01  2.10930E-02  2.00000E+00  9.16700E+03  9.53400E+03  1.83300E+05
f   4   18  3   10  99  3.00000E+00  2.54582E+01
p   4   18  3   10  98  1.26540E+00 -2.72910E+00 -4.83650E-02 -1.74690E-04  2.00000E+00  2.10300E+03  2.18700E+03  4.20700E+04
f   4   19  3   10  99  1.00000E+00  2.42080E+01
p   4   19  3   10  99  1.00000E+00  2.42080E+01
f   4   20  3   10  99  1.00000E+00  2.40602E+01
p   4   20  3   10  99  1.00000E+00  2.40602E+01
f   4   21  3   10  99  1.00000E+00  2.40072E+01
p   4   21  3   10  99  1.00000E+00  2.40072E+01
f   4   22  3   10  99  1.00000E+00  2.40270E+01
p   4   22  3   10  99  1.00000E+00  2.40270E+01
f   4   23  3   10  99  1.00000E+00  2.40210E+01
p   4   23  3   10  99  1.00000E+00  2.40210E+01
f   4   24  3   10  99  1.00000E+00  2.40021E+01
p   4   24  3   10  99  1.00000E+00  2.40021E+01
f   4   25  3   10  99  1.00000E+00  2.40021E+01
p   4   25  3   10  99  1.00000E+00  2.40021E+01
f   4   26  3   10  99  1.00000E+00  2.40003E+01
p   4   26  3   10  99  1.00000E+00  2.40003E+01
f   4    2  3   11  99  2.00000E+00  2.41280E+01
p   4    2  3   11  98  1.91620E+00 -2.59310E+00 -1.74060E-01  2.10930E-02  2.00000E+00  9.16700E+03  9.53400E+03  1.83300E+05
f   4   19  3   11  99  2.00000E+00  2.42080E+01
p   4   19  3   11  98  1.26540E+00 -2.72910E+00 -4.83650E-02 -1.74690E-04  2.00000E+00  2.10300E+03  2.18700E+03  4.20700E+04
f   4    3  3   12  99  2.00000E+00  2.40370E+01
p   4    3  3   12  98  1.91620E+00 -2.59310E+00 -1.74060E-01  2.10930E-02  2.00000E+00  9.16700E+03  9.53400E+03  1.83300E+05
f   4   20  3   12  99  2.00000E+00  2.40602E+01
p   4   20  3   12  98  1.26540E+00 -2.72910E+00 -4.83650E-02 -1.74690E-04  2.00000E+00  2.10300E+03  2.18700E+03  4.20700E+04
f   4    4  3   13  99  2.00000E+00  2.40081E+01
p   4    4  3   13  98  1.91620E+00 -2.59310E+00 -1.74060E-01  2.10930E-02  2.00000E+00  9.16700E+03  9.53400E+03  1.83300E+05
f   4   21  3   13  99  2.00000E+00  2.40072E+01
p   4   21  3   13  98  1.26540E+00 -2.72910E+00 -4.83650E-02 -1.74690E-04  2.00000E+00  2.10300E+03  2.18700E+03  4.20700E+04
f   4    5  3   14  99  2.00000E+00  2.40180E+01
p   4    5  3   14  98  1.91620E+00 -2.59310E+00 -1.74060E-01  2.10930E-02  2.00000E+00  9.16700E+03  9.53400E+03  1.83300E+05
f   4   22  3   14  99  2.00000E+00  2.40270E+01
p   4   22  3   14  98  1.26540E+00 -2.72910E+00 -4.83650E-02 -1.74690E-04  2.00000E+00  2.10300E+03  2.18700E+03  4.20700E+04
f   4    6  3   15  99  2.00000E+00  2.40120E+01
p   4    6  3   15  98  1.91620E+00 -2.59310E+00 -1.74060E-01  2.10930E-02  2.00000E+00  9.16700E+03  9.53400E+03  1.83300E+05
f   4   23  3   15  99  2.00000E+00  2.40210E+01
p   4   23  3   15  98  1.26540E+00 -2.72910E+00 -4.83650E-02 -1.74690E-04  2.00000E+00  2.10300E+03  2.18700E+03  4.20700E+04
f   4    7  3   16  99  2.00000E+00  2.40012E+01
p   4    7  3   16  98  1.91620E+00 -2.59310E+00 -1.74060E-01  2.10930E-02  2.00000E+00  9.16700E+03  9.53400E+03  1.83300E+05
f   4   24  3   16  99  2.00000E+00  2.40021E+01
p   4   24  3   16  98  1.26540E+00 -2.72910E+00 -4.83650E-02 -1.74690E-04  2.00000E+00  2.10300E+03  2.18700E+03  4.20700E+04
f   4    8  3   17  99  2.00000E+00  2.40012E+01
p   4    8  3   17  98  1.91620E+00 -2.59310E+00 -1.74060E-01  2.10930E-02  2.00000E+00  9.16700E+03  9.53400E+03  1.83300E+05
f   4   25  3   17  99  2.00000E+00  2.40021E+01
p   4   25  3   17  98  1.26540E+00 -2.72910E+00 -4.83650E-02 -1.74690E-04  2.00000E+00  2.10300E+03  2.18700E+03  4.20700E+04
f   4    9  3   18  99  2.00000E+00  2.40003E+01
p   4    9  3   18  98  1.91620E+00 -2.59310E+00 -1.74060E-01  2.10930E-02  2.00000E+00  9.16700E+03  9.53400E+03  1.83300E+05
f   4   26  3   18  99  2.00000E+00  2.40003E+01
p   4   26  3   18  98  1.26540E+00 -2.72910E+00 -4.83650E-02 -1.74690E-04  2.00000E+00  2.10300E+03  2.18700E+03  4.20700E+04
a   4   10  3    1   2.60760E+14
a   4   11  3    1   5.32530E+13
a   4   12  3    1   1.75113E+13
a   4   13  3    1   7.12050E+12
a   4   14  3    1   3.29430E+12
a   4   15  3    1   1.68975E+12
a   4   16  3    1   9.37680E+11
a   4   17  3    1   5.53710E+11
a   4   18  3    1   1.35606E+14
a   4   19  3    1   9.53800E+12
a   4   20  3    1   2.24480E+12
a   4   21  3    1   7.24110E+11
a   4   22  3    1   2.91330E+11
a   4   23  3    1   1.34790E+11
a   4   24  3    1   6.91350E+10
a   4   25  3    1   3.83650E+10
a   4   26  3    1   2.26540E+10
a   4   19  3    2   4.52020E+13
a   4   20  3    3   4.52020E+13
a   4   21  3    4   4.52020E+13
a   4   22  3    5   4.52020E+13
a   4   23  3    6   4.52020E+13
a   4   24  3    7   4.52020E+13
a   4   25  3    8   4.52020E+13
a   4   26  3    9   4.52020E+13
b   5    1  5    2  99  1.44684E-01  9.82665E-01 -1.12648E+01  4.86651E+01  6.76613E+00  1.65810E+00  1.65810E+00
b   5    1  5    3  99  4.35394E-01  1.71494E-01 -2.53196E+00  1.96206E+01  3.72656E+00  3.44700E-01  3.44700E-01
b   5    2  5    3  99  7.56527E-02  1.00851E+00 -1.34379E+01  1.99735E+01  2.00000E+01  7.93000E-01  7.93000E-01
b   5    1  5    4  99  4.33146E-01  3.13460E-01 -2.66809E+00  1.90554E+01  3.71434E+00  1.33680E-01  1.33680E-01
b   5    2  5    4  99  1.11091E-01  1.44078E+00 -1.75380E+01  4.31600E+01  2.00000E+01  1.50700E-01  1.50700E-01
b   5    3  5    4  99  8.24188E-02  9.59447E-01 -1.36513E+01  6.63561E+01  2.00000E+01  1.00500E+00  1.00500E+00
b   5    1  5    5  99  4.55774E-01  4.24802E-01 -2.99065E+00  2.00166E+01  3.71189E+00  6.43800E-02  6.43800E-02
b   5    2  5    5  99  1.83857E-01  2.29022E+00 -5.62111E+01  5.78305E+02  2.00000E+01  5.49800E-02  5.49800E-02
b   5    3  5    5  99  1.30100E-01  1.54948E+00 -2.15337E+01  1.52246E+02  2.00000E+01  1.75500E-01  1.75500E-01
b   5    4  5    5  99  1.08704E-01  9.25237E-01 -1.70235E+01  1.69380E+02  2.00000E+01  1.18800E+00  1.18800E+00
b   5    1  5    6  99  4.56346E-01  4.76687E-01 -3.04976E+00  1.98478E+01  3.70269E+00  3.73800E-02  3.73800E-02
b   5    2  5    6  99  1.98851E-01  2.53411E+00 -6.20684E+01  6.46571E+02  2.00000E+01  2.76400E-02  2.76400E-02
b   5    3  5    6  99  1.33500E-01  1.73282E+00 -1.17906E+01 -1.36911E+01  2.00000E+01  6.52800E-02  6.52800E-02
b   5    4  5    6  99  1.23936E-01  1.48379E+00 -1.52973E+01  8.73714E+01  2.00000E+01  2.03600E-01  2.03600E-01
b   5    5  5    6  99  2.63862E-01  6.49281E-02  1.55100E+00 -5.31919E-01  2.08725E+00  1.39400E+00  1.39400E+00
b   5    1  5    7  99  4.55548E-01  5.12834E-01 -3.08220E+00  1.96701E+01  3.69770E+00  2.37750E-02  2.37750E-02
b   5    2  5    7  99  1.95120E-01  2.55290E+00 -5.55656E+01  5.37799E+02  2.00000E+01  1.61500E-02  1.61500E-02
b   5    3  5    7  99  1.46372E-01  1.93163E+00 -1.14285E+01 -2.59074E+01  2.00000E+01  3.25500E-02  3.25500E-02
b   5    4  5    7  99  1.50695E-01  1.87918E+00 -1.79587E+01  1.16935E+02  2.00000E+01  7.41800E-02  7.41800E-02
b   5    5  5    7  99  1.51404E-01  1.42494E+00 -1.78219E+01  1.87788E+02  2.00000E+01  2.31400E-01  2.31400E-01
b   5    6  5    7  99  2.41499E-01  1.38096E-01  1.32193E+00 -4.25837E-01  2.04631E+00  1.59100E+00  1.59100E+00
b   5    1  5    8  99  4.51475E-01  5.50919E-01 -3.16968E+00  1.96001E+01  3.70019E+00  1.61130E-02  1.61130E-02
b   5    2  5    8  99  1.91176E-01  2.60427E+00 -5.26539E+01  4.79966E+02  2.00000E+01  1.03600E-02  1.03600E-02
b   5    3  5    8  99  1.59919E-01  2.09974E+00 -1.34315E+01  1.52730E+00  2.00000E+01  1.89900E-02  1.89900E-02
b   5    4  5    8  99  1.70136E-01  2.16859E+00 -2.01572E+01  1.45010E+02  2.00000E+01  3.66300E-02  3.66300E-02
b   5    5  5    8  99  1.83897E-01  1.82775E+00 -1.95519E+01  2.15235E+02  2.00000E+01  8.29200E-02  8.29200E-02
b   5    6  5    8  99  3.11869E-01  5.56191E-01  1.69375E+00 -6.43359E-01  2.12198E+00  2.58300E-01  2.58300E-01
b   5    7  5    8  99  2.60883E-01  3.73476E-02  2.15031E+00 -1.08157E+00  2.79305E+00  1.78700E+00  1.78700E+00
b   5    1  5    9  99  4.49561E-01  5.74739E-01 -3.20214E+00  1.94196E+01  3.68839E+00  1.14390E-02  1.14390E-02
b   5    2  5    9  99  1.99636E-01  2.66752E+00 -5.43018E+01  5.05386E+02  2.00000E+01  7.08600E-03  7.08600E-03
b   5    3  5    9  99  1.61105E-01  2.19426E+00 -1.13484E+01 -3.86749E+01  2.00000E+01  1.22000E-02  1.22000E-02
b   5    4  5    9  99  1.80132E-01  2.38116E+00 -2.04606E+01  1.40956E+02  2.00000E+01  2.12800E-02  2.12800E-02
b   5    5  5    9  99  2.02131E-01  2.14981E+00 -2.02679E+01  2.19551E+02  2.00000E+01  4.05800E-02  4.05800E-02
b   5    6  5    9  99  1.70957E-01  1.87998E+00 -1.67357E+01  1.65540E+02  2.00000E+01  9.14000E-02  9.14000E-02
b   5    7  5    9  99  2.97595E-01  6.11261E-01  1.61931E+00 -6.26127E-01  2.19041E+00  2.85000E-01  2.85000E-01
b   5    8  5    9  99  4.99494E-01  1.68112E-01  3.97136E+00 -1.95376E+00  2.77108E+00  9.79700E-01  9.79700E-01
b   5    1  5   10  98  0.00000E+00  0.00000E+00  0.00000E+00  0.00000E+00  0.00000E+00  1.28450E-02  2.56899E-04
b   5    2  5   10  99  1.44684E-01  9.82665E-01 -1.12648E+01  4.86651E+01  6.76613E+00  1.04399E+00  1.04399E+00
b   5    1  5   11  98  0.00000E+00  0.00000E+00  0.00000E+00  0.00000E+00  0.00000E+00  1.77446E-02  3.54891E-04
b   5    2  5   11  99  4.35394E-01  1.71494E-01 -2.53196E+00  1.96206E+01  3.72656E+00  2.29800E-01  2.29800E-01
b   5    3  5   11  99  1.44684E-01  9.82665E-01 -1.12648E+01  4.86651E+01  6.76613E+00  1.10540E+00  1.10540E+00
b   5   10  5   11  99  7.56527E-02  1.00851E+00 -1.34379E+01  1.99735E+01  2.00000E+01  1.58600E+00  1.58600E+00
b   5    1  5   12  98  0.00000E+00  0.00000E+00  0.00000E+00  0.00000E+00  0.00000E+00  2.46752E-02  4.93504E-04
b   5    2  5   12  99  4.33146E-01  3.13460E-01 -2.66809E+00  1.90554E+01  3.71434E+00  8.91200E-02  8.91200E-02
b   5    4  5   12  99  1.44684E-01  9.82665E-01 -1.12648E+01  4.86651E+01  6.76613E+00  1.10540E+00  1.10540E+00
b   5   10  5   12  99  1.11091E-01  1.44078E+00 -1.75380E+01  4.31600E+01  2.00000E+01  3.01400E-01  3.01400E-01
b   5   11  5   12  99  8.24188E-02  9.59447E-01 -1.36513E+01  6.63561E+01  2.00000E+01  1.00500E+00  1.00500E+00
b   5    1  5   13  98  0.00000E+00  0.00000E+00  0.00000E+00  0.00000E+00  0.00000E+00  3.34637E-02  6.69273E-04
b   5    2  5   13  99  4.55774E-01  4.24802E-01 -2.99065E+00  2.00166E+01  3.71189E+00  4.29200E-02  4.29200E-02
b   5    5  5   13  99  1.44684E-01  9.82665E-01 -1.12648E+01  4.86651E+01  6.76613E+00  1.10540E+00  1.10540E+00
b   5   10  5   13  99  1.83857E-01  2.29022E+00 -5.62111E+01  5.78305E+02  2.00000E+01  1.09960E-01  1.09960E-01
b   5   11  5   13  99  1.30100E-01  1.54948E+00 -2.15337E+01  1.52246E+02  2.00000E+01  1.75500E-01  1.75500E-01
b   5   12  5   13  99  1.08704E-01  9.25237E-01 -1.70235E+01  1.69380E+02  2.00000E+01  1.18800E+00  1.18800E+00
b   5    1  5   14  98  0.00000E+00  0.00000E+00  0.00000E+00  0.00000E+00  0.00000E+00  4.39499E-02  8.78999E-04
b   5    2  5   14  99  4.56346E-01  4.76687E-01 -3.04976E+00  1.98478E+01  3.70269E+00  2.49200E-02  2.49200E-02
b   5    6  5   14  99  1.44684E-01  9.82665E-01 -1.12648E+01  4.86651E+01  6.76613E+00  1.10540E+00  1.10540E+00
b   5   10  5   14  99  1.98851E-01  2.53411E+00 -6.20684E+01  6.46571E+02  2.00000E+01  5.52800E-02  5.52800E-02
b   5   11  5   14  99  1.33500E-01  1.73282E+00 -1.17906E+01 -1.36911E+01  2.00000E+01  6.52800E-02  6.52800E-02
b   5   12  5   14  99  1.23936E-01  1.48379E+00 -1.52973E+01  8.73714E+01  2.00000E+01  2.03600E-01  2.03600E-01
b   5   13  5   14  99  2.63862E-01  6.49281E-02  1.55100E+00 -5.31919E-01  2.08725E+00  1.39400E+00  1.39400E+00
b   5    1  5   15  98  0.00000E+00  0.00000E+00  0.00000E+00  0.00000E+00  0.00000E+00  5.61003E-02  1.12201E-03
b   5    2  5   15  99  4.55548E-01  5.12834E-01 -3.08220E+00  1.96701E+01  3.69770E+00  1.58500E-02  1.58500E-02
b   5    7  5   15  99  1.44684E-01  9.82665E-01 -1.12648E+01  4.86651E+01  6.76613E+00  1.10540E+00  1.10540E+00
b   5   10  5   15  99  1.95120E-01  2.55290E+00 -5.55656E+01  5.37799E+02  2.00000E+01  3.23000E-02  3.23000E-02
b   5   11  5   15  99  1.46372E-01  1.93163E+00 -1.14285E+01 -2.59074E+01  2.00000E+01  3.25500E-02  3.25500E-02
b   5   12  5   15  99  1.50695E-01  1.87918E+00 -1.79587E+01  1.16935E+02  2.00000E+01  7.41800E-02  7.41800E-02
b   5   13  5   15  99  1.51404E-01  1.42494E+00 -1.78219E+01  1.87788E+02  2.00000E+01  2.31400E-01  2.31400E-01
b   5   14  5   15  99  2.41499E-01  1.38096E-01  1.32193E+00 -4.25837E-01  2.04631E+00  1.59100E+00  1.59100E+00
b   5    1  5   16  98  0.00000E+00  0.00000E+00  0.00000E+00  0.00000E+00  0.00000E+00  6.99153E-02  1.39831E-03
b   5    2  5   16  99  4.51475E-01  5.50919E-01 -3.16968E+00  1.96001E+01  3.70019E+00  1.07420E-02  1.07420E-02
b   5    8  5   16  99  1.44684E-01  9.82665E-01 -1.12648E+01  4.86651E+01  6.76613E+00  1.10540E+00  1.10540E+00
b   5   10  5   16  99  1.91176E-01  2.60427E+00 -5.26539E+01  4.79966E+02  2.00000E+01  2.07200E-02  2.07200E-02
b   5   11  5   16  99  1.59919E-01  2.09974E+00 -1.34315E+01  1.52730E+00  2.00000E+01  1.89900E-02  1.89900E-02
b   5   12  5   16  99  1.70136E-01  2.16859E+00 -2.01572E+01  1.45010E+02  2.00000E+01  3.66300E-02  3.66300E-02
b   5   13  5   16  99  1.83897E-01  1.82775E+00 -1.95519E+01  2.15235E+02  2.00000E+01  8.29200E-02  8.29200E-02
b   5   14  5   16  99  3.11869E-01  5.56191E-01  1.69375E+00 -6.43359E-01  2.12198E+00  2.58300E-01  2.58300E-01
b   5   15  5   16  99  2.60883E-01  3.73476E-02  2.15031E+00 -1.08157E+00  2.79305E+00  1.78700E+00  1.78700E+00
b   5    1  5   17  98  0.00000E+00  0.00000E+00  0.00000E+00  0.00000E+00  0.00000E+00  8.53764E-02  1.70753E-03
b   5    2  5   17  99  4.49561E-01  5.74739E-01 -3.20214E+00  1.94196E+01  3.68839E+00  7.62600E-03  7.62600E-03
b   5    9  5   17  99  1.44684E-01  9.82665E-01 -1.12648E+01  4.86651E+01  6.76613E+00  1.10540E+00  1.10540E+00
b   5   10  5   17  99  1.99636E-01  2.66752E+00 -5.43018E+01  5.05386E+02  2.00000E+01  1.41720E-02  1.41720E-02
b   5   11  5   17  99  1.61105E-01  2.19426E+00 -1.13484E+01 -3.86749E+01  2.00000E+01  1.22000E-02  1.22000E-02
b   5   12  5   17  99  1.80132E-01  2.38116E+00 -2.04606E+01  1.40956E+02  2.00000E+01  2.12800E-02  2.12800E-02
b   5   13  5   17  99  2.02131E-01  2.14981E+00 -2.02679E+01  2.19551E+02  2.00000E+01  4.05800E-02  4.05800E-02
b   5   14  5   17  99  1.70957E-01  1.87998E+00 -1.67357E+01  1.65540E+02  2.00000E+01  9.14000E-02  9.14000E-02
b   5   15  5   17  99  2.97595E-01  6.11261E-01  1.61931E+00 -6.26127E-01  2.19041E+00  2.85000E-01  2.85000E-01
b   5   16  5   17  99  4.99494E-01  1.68112E-01  3.97136E+00 -1.95376E+00  2.77108E+00  9.79700E-01  9.79700E-01
b   5    1  5   18  99  1.90561E-01  1.23875E+00 -1.59044E+01  6.31372E+01  6.11081E+00  4.34000E-01  4.34000E-01
b   5    1  5   19  99  8.64110E-02  2.13508E+00 -3.16759E+01  1.21774E+02  1.05714E+01  1.33060E-01  1.33060E-01
b   5    2  5   19  99  1.90561E-01  1.23875E+00 -1.59044E+01  6.31372E+01  6.11081E+00  5.20800E-01  5.20800E-01
b   5   18  5   19  99  1.44684E-01  9.82665E-01 -1.12648E+01  4.86651E+01  6.76613E+00  2.21080E+00  2.21080E+00
b   5    1  5   20  99  6.89397E-02  2.50439E+00 -4.60312E+01  6.46114E+00  2.00000E+01  4.94000E-02  4.94000E-02
b   5    3  5   20  99  1.90561E-01  1.23875E+00 -1.59044E+01  6.31372E+01  6.11081E+00  5.20800E-01  5.20800E-01
b   5   18  5   20  99  4.35394E-01  1.71494E-01 -2.53196E+00  1.96206E+01  3.72656E+00  4.59600E-01  4.59600E-01
b   5   19  5   20  99  7.56527E-02  1.00851E+00 -1.34379E+01  1.99735E+01  2.00000E+01  7.93000E-01  7.93000E-01
b   5    1  5   21  99  6.98699E-02  2.50400E+00 -4.47713E+01 -1.67959E+01  2.00000E+01  2.38800E-02  2.38800E-02
b   5    4  5   21  99  1.90561E-01  1.23875E+00 -1.59044E+01  6.31372E+01  6.11081E+00  5.20800E-01  5.20800E-01
b   5   18  5   21  99  4.33146E-01  3.13460E-01 -2.66809E+00  1.90554E+01  3.71434E+00  1.78240E-01  1.78240E-01
b   5   19  5   21  99  1.11091E-01  1.44078E+00 -1.75380E+01  4.31600E+01  2.00000E+01  1.50700E-01  1.50700E-01
b   5   20  5   21  99  8.24188E-02  9.59447E-01 -1.36513E+01  6.63561E+01  2.00000E+01  1.00500E+00  1.00500E+00
b   5    1  5   22  99  7.27979E-02  2.68884E+00 -4.76585E+01 -2.88649E+01  2.00000E+01  1.28040E-02  1.28040E-02
b   5    5  5   22  99  1.90561E-01  1.23875E+00 -1.59044E+01  6.31372E+01  6.11081E+00  5.20800E-01  5.20800E-01
b   5   18  5   22  99  4.55774E-01  4.24802E-01 -2.99065E+00  2.00166E+01  3.71189E+00  8.58400E-02  8.58400E-02
b   5   19  5   22  99  1.83857E-01  2.29022E+00 -5.62111E+01  5.78305E+02  2.00000E+01  5.49800E-02  5.49800E-02
b   5   20  5   22  99  1.30100E-01  1.54948E+00 -2.15337E+01  1.52246E+02  2.00000E+01  1.75500E-01  1.75500E-01
b   5   21  5   22  99  1.08704E-01  9.25237E-01 -1.70235E+01  1.69380E+02  2.00000E+01  1.18800E+00  1.18800E+00
b   5    1  5   23  99  7.25132E-02  2.66946E+00 -4.63001E+01 -4.79967E+01  2.00000E+01  7.91000E-03  7.91000E-03
b   5    6  5   23  99  1.90561E-01  1.23875E+00 -1.59044E+01  6.31372E+01  6.11081E+00  5.20800E-01  5.20800E-01
b   5   18  5   23  99  4.56346E-01  4.76687E-01 -3.04976E+00  1.98478E+01  3.70269E+00  4.98400E-02  4.98400E-02
b   5   19  5   23  99  1.98851E-01  2.53411E+00 -6.20684E+01  6.46571E+02  2.00000E+01  2.76400E-02  2.76400E-02
b   5   20  5   23  99  1.33500E-01  1.73282E+00 -1.17906E+01 -1.36911E+01  2.00000E+01  6.52800E-02  6.52800E-02
b   5   21  5   23  99  1.23936E-01  1.48379E+00 -1.52973E+01  8.73714E+01  2.00000E+01  2.03600E-01  2.03600E-01
b   5   22  5   23  99  2.63862E-01  6.49281E-02  1.55100E+00 -5.31919E-01  2.08725E+00  1.39400E+00  1.39400E+00
b   5    1  5   24  99  7.14726E-02  2.65864E+00 -4.52667E+01 -6.44011E+01  2.00000E+01  5.23000E-03  5.23000E-03
b   5    7  5   24  99  1.90561E-01  1.23875E+00 -1.59044E+01  6.31372E+01  6.11081E+00  5.20800E-01  5.20800E-01
b   5   18  5   24  99  4.55548E-01  5.12834E-01 -3.08220E+00  1.96701E+01  3.69770E+00  3.17000E-02  3.17000E-02
b   5   19  5   24  99  1.95120E-01  2.55290E+00 -5.55656E+01  5.37799E+02  2.00000E+01  1.61500E-02  1.61500E-02
b   5   20  5   24  99  1.46372E-01  1.93163E+00 -1.14285E+01 -2.59074E+01  2.00000E+01  3.25500E-02  3.25500E-02
b   5   21  5   24  99  1.50695E-01  1.87918E+00 -1.79587E+01  1.16935E+02  2.00000E+01  7.41800E-02  7.41800E-02
b   5   22  5   24  99  1.51404E-01  1.42494E+00 -1.78219E+01  1.87788E+02  2.00000E+01  2.31400E-01  2.31400E-01
b   5   23  5   24  99  2.41499E-01  1.38096E-01  1.32193E+00 -4.25837E-01  2.04631E+00  1.59100E+00  1.59100E+00
b   5    1  5   25  99  7.06970E-02  2.65160E+00 -4.45676E+01 -7.56270E+01  2.00000E+01  3.63600E-03  3.63600E-03
b   5    8  5   25  99  1.90561E-01  1.23875E+00 -1.59044E+01  6.31372E+01  6.11081E+00  5.20800E-01  5.20800E-01
b   5   18  5   25  99  4.51475E-01  5.50919E-01 -3.16968E+00  1.96001E+01  3.70019E+00  2.14840E-02  2.14840E-02
b   5   19  5   25  99  1.91176E-01  2.60427E+00 -5.26539E+01  4.79966E+02  2.00000E+01  1.03600E-02  1.03600E-02
b   5   20  5   25  99  1.59919E-01  2.09974E+00 -1.34315E+01  1.52730E+00  2.00000E+01  1.89900E-02  1.89900E-02
b   5   21  5   25  99  1.70136E-01  2.16859E+00 -2.01572E+01  1.45010E+02  2.00000E+01  3.66300E-02  3.66300E-02
b   5   22  5   25  99  1.83897E-01  1.82775E+00 -1.95519E+01  2.15235E+02  2.00000E+01  8.29200E-02  8.29200E-02
b   5   23  5   25  99  3.11869E-01  5.56191E-01  1.69375E+00 -6.43359E-01  2.12198E+00  2.58300E-01  2.58300E-01
b   5   24  5   25  99  2.60883E-01  3.73476E-02  2.15031E+00 -1.08157E+00  2.79305E+00  1.78700E+00  1.78700E+00
b   5    1  5   26  99  7.08533E-02  2.64595E+00 -4.42385E+01 -7.98364E+01  2.00000E+01  2.62800E-03  2.62800E-03
b   5    9  5   26  99  1.90561E-01  1.23875E+00 -1.59044E+01  6.31372E+01  6.11081E+00  5.20800E-01  5.20800E-01
b   5   18  5   26  99  4.49561E-01  5.74739E-01 -3.20214E+00  1.94196E+01  3.68839E+00  1.52520E-02  1.52520E-02
b   5   19  5   26  99  1.99636E-01  2.66752E+00 -5.43018E+01  5.05386E+02  2.00000E+01  7.08600E-03  7.08600E-03
b   5   20  5   26  99  1.61105E-01  2.19426E+00 -1.13484E+01 -3.86749E+01  2.00000E+01  1.22000E-02  1.22000E-02
b   5   21  5   26  99  1.80132E-01  2.38116E+00 -2.04606E+01  1.40956E+02  2.00000E+01  2.12800E-02  2.12800E-02
b   5   22  5   26  99  2.02131E-01  2.14981E+00 -2.02679E+01  2.19551E+02  2.00000E+01  4.05800E-02  4.05800E-02
b   5   23  5   26  99  1.70957E-01  1.87998E+00 -1.67357E+01  1.65540E+02  2.00000E+01  9.14000E-02  9.14000E-02
b   5   24  5   26  99  2.97595E-01  6.11261E-01  1.61931E+00 -6.26127E-01  2.19041E+00  2.85000E-01  2.85000E-01
b   5   25  5   26  99  4.99494E-01  1.68112E-01  3.97136E+00 -1.95376E+00  2.77108E+00  9.79700E-01  9.79700E-01
f   5    1  4    1  99  3.00000E+00  2.45202E+01
p   5    1  4    1  98  1.31410E+00 -2.69690E+00 -6.57520E-02  3.29200E-03  3.00000E+00  1.99800E+03  2.07800E+03  3.99600E+04
f   5    2  4    1  99  1.00000E+00  2.32240E+01
p   5    2  4    1  99  1.00000E+00  2.32240E+01
f   5    3  4    1  99  1.00000E+00  2.30648E+01
p   5    3  4    1  99  1.00000E+00  2.30648E+01
f   5    4  4    1  99  1.00000E+00  2.30102E+01
p   5    4  4    1  99  1.00000E+00  2.30102E+01
f   5    5  4    1  99  1.00000E+00  2.30300E+01
p   5    5  4    1  99  1.00000E+00  2.30300E+01
f   5    6  4    1  99  1.00000E+00  2.30220E+01
p   5    6  4    1  99  1.00000E+00  2.30220E+01
f   5    7  4    1  99  1.00000E+00  2.30022E+01
p   5    7  4    1  99  1.00000E+00  2.30022E+01
f   5    8  4    1  99  1.00000E+00  2.30022E+01
p   5    8  4    1  99  1.00000E+00  2.30022E+01
f   5    9  4    1  99  1.00000E+00  2.30004E+01
p   5    9  4    1  99  1.00000E+00  2.30004E+01
f   5    2  4    2  99  2.00000E+00  2.32240E+01
p   5    2  4    2  98  1.31410E+00 -2.69690E+00 -6.57520E-02  3.29200E-03  3.00000E+00  1.99800E+03  2.07800E+03  3.99600E+04
f   5   10  4    2  99  2.00000E+00  2.37880E+01
p   5   10  4    2  99  2.00000E+00  2.37880E+01
f   5   11  4    2  99  1.00000E+00  2.31215E+01
p   5   11  4    2  99  1.00000E+00  2.31215E+01
f   5   12  4    2  99  1.00000E+00  2.30285E+01
p   5   12  4    2  99  1.00000E+00  2.30285E+01
f   5   13  4    2  99  1.00000E+00  2.30360E+01
p   5   13  4    2  99  1.00000E+00  2.30360E+01
f   5   14  4    2  99  1.00000E+00  2.30260E+01
p   5   14  4    2  99  1.00000E+00  2.30260E+01
f   5   15  4    2  99  1.00000E+00  2.30112E+01
p   5   15  4    2  99  1.00000E+00  2.30112E+01
f   5   16  4    2  99  1.00000E+00  2.30092E+01
p   5   16  4    2  99  1.00000E+00  2.30092E+01
f   5   17  4    2  99  1.00000E+00  2.30004E+01
p   5   17  4    2  99  1.00000E+00  2.30004E+01
f   5    3  4    3  99  2.00000E+00  2.30648E+01
p   5    3  4    3  98  1.31410E+00 -2.69690E+00 -6.57520E-02  3.29200E-03  3.00000E+00  1.99800E+03  2.07800E+03  3.99600E+04
f   5   11  4    3  99  1.00000E+00  2.31215E+01
p   5   11  4    3  99  1.00000E+00  2.31215E+01
f   5    4  4    4  99  2.00000E+00  2.30102E+01
p   5    4  4    4  98  1.31410E+00 -2.69690E+00 -6.57520E-02  3.29200E-03  3.00000E+00  1.99800E+03  2.07800E+03  3.99600E+04
f   5   12  4    4  99  1.00000E+00  2.30285E+01
p   5   12  4    4  99  1.00000E+00  2.30285E+01
f   5    5  4    5  99  2.00000E+00  2.30300E+01
p   5    5  4    5  98  1.31410E+00 -2.69690E+00 -6.57520E-02  3.29200E-03  3.00000E+00  1.99800E+03  2.07800E+03  3.99600E+04
f   5   13  4    5  99  1.00000E+00  2.30360E+01
p   5   13  4    5  99  1.00000E+00  2.30360E+01
f   5    6  4    6  99  2.00000E+00  2.30220E+01
p   5    6  4    6  98  1.31410E+00 -2.69690E+00 -6.57520E-02  3.29200E-03  3.00000E+00  1.99800E+03  2.07800E+03  3.99600E+04
f   5   14  4    6  99  1.00000E+00  2.30260E+01
p   5   14  4    6  99  1.00000E+00  2.30260E+01
f   5    7  4    7  99  2.00000E+00  2.30022E+01
p   5    7  4    7  98  1.31410E+00 -2.69690E+00 -6.57520E-02  3.29200E-03  3.00000E+00  1.99800E+03  2.07800E+03  3.99600E+04
f   5   15  4    7  99  1.00000E+00  2.30112E+01
p   5   15  4    7  99  1.00000E+00  2.30112E+01
f   5    8  4    8  99  2.00000E+00  2.30022E+01
p   5    8  4    8  98  1.31410E+00 -2.69690E+00 -6.57520E-02  3.29200E-03  3.00000E+00  1.99800E+03  2.07800E+03  3.99600E+04
f   5   16  4    8  99  1.00000E+00  2.30092E+01
p   5   16  4    8  99  1.00000E+00  2.30092E+01
f   5    9  4    9  99  2.00000E+00  2.30004E+01
p   5    9  4    9  98  1.31410E+00 -2.69690E+00 -6.57520E-02  3.29200E-03  3.00000E+00  1.99800E+03  2.07800E+03  3.99600E+04
f   5   17  4    9  99  1.00000E+00  2.30004E+01
p   5   17  4    9  99  1.00000E+00  2.30004E+01
f   5   10  4   10  99  1.00000E+00  2.37880E+01
p   5   10  4   10  98  1.31410E+00 -2.69690E+00 -6.57520E-02  3.29200E-03  3.00000E+00  1.99800E+03  2.07800E+03  3.99600E+04
f   5   11  4   11  99  1.00000E+00  2.31215E+01
p   5   11  4   11  98  1.31410E+00 -2.69690E+00 -6.57520E-02  3.29200E-03  3.00000E+00  1.99800E+03  2.07800E+03  3.99600E+04
f   5   12  4   12  99  1.00000E+00  2.30285E+01
p   5   12  4   12  98  1.31410E+00 -2.69690E+00 -6.57520E-02  3.29200E-03  3.00000E+00  1.99800E+03  2.07800E+03  3.99600E+04
f   5   13  4   13  99  1.00000E+00  2.30360E+01
p   5   13  4   13  98  1.31410E+00 -2.69690E+00 -6.57520E-02  3.29200E-03  3.00000E+00  1.99800E+03  2.07800E+03  3.99600E+04
f   5   14  4   14  99  1.00000E+00  2.30260E+01
p   5   14  4   14  98  1.31410E+00 -2.69690E+00 -6.57520E-02  3.29200E-03  3.00000E+00  1.99800E+03  2.07800E+03  3.99600E+04
f   5   15  4   15  99  1.00000E+00  2.30112E+01
p   5   15  4   15  98  1.31410E+00 -2.69690E+00 -6.57520E-02  3.29200E-03  3.00000E+00  1.99800E+03  2.07800E+03  3.99600E+04
f   5   16  4   16  99  1.00000E+00  2.30092E+01
p   5   16  4   16  98  1.31410E+00 -2.69690E+00 -6.57520E-02  3.29200E-03  3.00000E+00  1.99800E+03  2.07800E+03  3.99600E+04
f   5   17  4   17  99  1.00000E+00  2.30004E+01
p   5   17  4   17  98  1.31410E+00 -2.69690E+00 -6.57520E-02  3.29200E-03  3.00000E+00  1.99800E+03  2.07800E+03  3.99600E+04
f   5    1  4   18  99  2.00000E+00  2.45202E+01
p   5    1  4   18  98  1.93450E+00 -2.57420E+00 -1.82610E-01  2.23730E-02  2.00000E+00  9.01500E+03  9.37600E+03  1.80300E+05
f   5   18  4   18  99  4.00000E+00  2.51563E+01
p   5   18  4   18  98  1.31410E+00 -2.69690E+00 -6.57520E-02  3.29200E-03  3.00000E+00  1.99800E+03  2.07800E+03  3.99600E+04
f   5   19  4   18  99  1.00000E+00  2.33040E+01
p   5   19  4   18  99  1.00000E+00  2.33040E+01
f   5   20  4   18  99  1.00000E+00  2.30880E+01
p   5   20  4   18  99  1.00000E+00  2.30880E+01
f   5   21  4   18  99  1.00000E+00  2.30093E+01
p   5   21  4   18  99  1.00000E+00  2.30093E+01
f   5   22  4   18  99  1.00000E+00  2.30390E+01
p   5   22  4   18  99  1.00000E+00  2.30390E+01
f   5   23  4   18  99  1.00000E+00  2.30310E+01
p   5   23  4   18  99  1.00000E+00  2.30310E+01
f   5   24  4   18  99  1.00000E+00  2.30031E+01
p   5   24  4   18  99  1.00000E+00  2.30031E+01
f   5   25  4   18  99  1.00000E+00  2.30031E+01
p   5   25  4   18  99  1.00000E+00  2.30031E+01
f   5   26  4   18  99  1.00000E+00  2.30004E+01
p   5   26  4   18  99  1.00000E+00  2.30004E+01
f   5    2  4   19  99  2.00000E+00  2.32240E+01
p   5    2  4   19  98  1.93450E+00 -2.57420E+00 -1.82610E-01  2.23730E-02  2.00000E+00  9.01500E+03  9.37600E+03  1.80300E+05
f   5   19  4   19  99  3.00000E+00  2.33040E+01
p   5   19  4   19  98  1.31410E+00 -2.69690E+00 -6.57520E-02  3.29200E-03  3.00000E+00  1.99800E+03  2.07800E+03  3.99600E+04
f   5    3  4   20  99  2.00000E+00  2.30648E+01
p   5    3  4   20  98  1.93450E+00 -2.57420E+00 -1.82610E-01  2.23730E-02  2.00000E+00  9.01500E+03  9.37600E+03  1.80300E+05
f   5   20  4   20  99  3.00000E+00  2.30880E+01
p   5   20  4   20  98  1.31410E+00 -2.69690E+00 -6.57520E-02  3.29200E-03  3.00000E+00  1.99800E+03  2.07800E+03  3.99600E+04
f   5    4  4   21  99  2.00000E+00  2.30102E+01
p   5    4  4   21  98  1.93450E+00 -2.57420E+00 -1.82610E-01  2.23730E-02  2.00000E+00  9.01500E+03  9.37600E+03  1.80300E+05
f   5   21  4   21  99  3.00000E+00  2.30093E+01
p   5   21  4   21  98  1.31410E+00 -2.69690E+00 -6.57520E-02  3.29200E-03  3.00000E+00  1.99800E+03  2.07800E+03  3.99600E+04
f   5    5  4   22  99  2.00000E+00  2.30300E+01
p   5    5  4   22  98  1.93450E+00 -2.57420E+00 -1.82610E-01  2.23730E-02  2.00000E+00  9.01500E+03  9.37600E+03  1.80300E+05
f   5   22  4   22  99  3.00000E+00  2.30390E+01
p   5   22  4   22  98  1.31410E+00 -2.69690E+00 -6.57520E-02  3.29200E-03  3.00000E+00  1.99800E+03  2.07800E+03  3.99600E+04
f   5    6  4   23  99  2.00000E+00  2.30220E+01
p   5    6  4   23  98  1.93450E+00 -2.57420E+00 -1.82610E-01  2.23730E-02  2.00000E+00  9.01500E+03  9.37600E+03  1.80300E+05
f   5   23  4   23  99  3.00000E+00  2.30310E+01
p   5   23  4   23  98  1.31410E+00 -2.69690E+00 -6.57520E-02  3.29200E-03  3.00000E+00  1.99800E+03  2.07800E+03  3.99600E+04
f   5    7  4   24  99  2.00000E+00  2.30022E+01
p   5    7  4   24  98  1.93450E+00 -2.57420E+00 -1.82610E-01  2.23730E-02  2.00000E+00  9.01500E+03  9.37600E+03  1.80300E+05
f   5   24  4   24  99  3.00000E+00  2.30031E+01
p   5   24  4   24  98  1.31410E+00 -2.69690E+00 -6.57520E-02  3.29200E-03  3.00000E+00  1.99800E+03  2.07800E+03  3.99600E+04
f   5    8  4   25  99  2.00000E+00  2.30022E+01
p   5    8  4   25  98  1.93450E+00 -2.57420E+00 -1.82610E-01  2.23730E-02  2.00000E+00  9.01500E+03  9.37600E+03  1.80300E+05
f   5   25  4   25  99  3.00000E+00  2.30031E+01
p   5   25  4   25  98  1.31410E+00 -2.69690E+00 -6.57520E-02  3.29200E-03  3.00000E+00  1.99800E+03  2.07800E+03  3.99600E+04
f   5    9  4   26  99  2.00000E+00  2.30004E+01
p   5    9  4   26  98  1.93450E+00 -2.57420E+00 -1.82610E-01  2.23730E-02  2.00000E+00  9.01500E+03  9.37600E+03  1.80300E+05
f   5   26  4   26  99  3.00000E+00  2.30004E+01
p   5   26  4   26  98  1.31410E+00 -2.69690E+00 -6.57520E-02  3.29200E-03  3.00000E+00  1.99800E+03  2.07800E+03  3.99600E+04
a   5   10  4    1   2.13098E+14
a   5   11  4    1   4.32206E+13
a   5   12  4    1   1.41430E+13
a   5   13  4    1   5.73904E+12
a   5   14  4    1   2.65519E+12
a   5   15  4    1   1.36188E+12
a   5   16  4    1   7.55738E+11
a   5   17  4    1   4.46250E+11
a   5   18  4    1   2.61354E+14
a   5   19  4    1   1.32292E+13
a   5   20  4    1   3.08850E+12
a   5   21  4    1   9.94095E+11
a   5   22  4    1   3.98385E+11
a   5   23  4    1   1.84320E+11
a   5   24  4    1   9.45390E+10
a   5   25  4    1   5.24625E+10
a   5   26  4    1   3.09780E+10
a   5   19  4    2   1.30677E+14
a   5   20  4    3   1.30677E+14
a   5   21  4    4   1.30677E+14
a   5   22  4    5   1.30677E+14
a   5   23  4    6   1.30677E+14
a   5   24  4    7   1.30677E+14
a   5   25  4    8   1.30677E+14
a   5   26  4    9   1.30677E+14
b   6    1  6    2  99  1.13761E-01  1.19262E+00 -1.61843E+01  7.68981E+01  8.88658E+00  2.13480E+00  2.13480E+00
b   6    1  6    3  99  4.38215E-01  1.28482E-01 -2.40801E+00  1.97150E+01  3.73474E+00  4.58800E-01  4.58800E-01
b   6    2  6    3  99  7.58326E-02  9.96992E-01 -1.28823E+01  1.61759E+01  2.00000E+01  7.76200E-01  7.76200E-01
b   6    1  6    4  99  4.28587E-01  2.77988E-01 -2.57425E+00  1.88927E+01  3.71598E+00  1.79560E-01  1.79560E-01
b   6    2  6    4  99  1.04354E-01  1.32281E+00 -1.10710E+01 -4.05700E+01  2.00000E+01  1.50100E-01  1.50100E-01
b   6    3  6    4  99  8.52079E-02  9.70675E-01 -1.48214E+01  8.83765E+01  2.00000E+01  9.94200E-01  9.94200E-01
b   6    1  6    5  99  4.53863E-01  3.83559E-01 -2.88662E+00  1.98552E+01  3.70362E+00  8.63600E-02  8.63600E-02
b   6    2  6    5  99  1.43324E-01  1.89889E+00 -2.83758E+01  1.66360E+02  2.00000E+01  5.49500E-02  5.49500E-02
b   6    3  6    5  99  1.30192E-01  1.53191E+00 -2.07768E+01  1.47051E+02  2.00000E+01  1.74400E-01  1.74400E-01
b   6    4  6    5  99  1.06340E-01  9.25431E-01 -1.62525E+01  1.56132E+02  2.00000E+01  1.18000E+00  1.18000E+00
b   6    1  6    6  99  4.52706E-01  4.35739E-01 -2.94889E+00  1.96608E+01  3.69911E+00  5.02800E-02  5.02800E-02
b   6    2  6    6  99  1.93587E-01  2.42548E+00 -5.70389E+01  5.86376E+02  2.00000E+01  2.77200E-02  2.77200E-02
b   6    3  6    6  99  1.31476E-01  1.70312E+00 -1.03094E+01 -2.98957E+01  2.00000E+01  6.51400E-02  6.51400E-02
b   6    4  6    6  99  1.58926E-01  1.42624E+00 -2.04348E+01  2.21704E+02  2.00000E+01  2.02600E-01  2.02600E-01
b   6    5  6    6  99  2.59720E-01  8.38606E-02  1.50010E+00 -5.09419E-01  2.07472E+00  1.38700E+00  1.38700E+00
b   6    1  6    7  99  4.54841E-01  4.62763E-01 -2.99136E+00  1.97009E+01  3.69508E+00  3.20200E-02  3.20200E-02
b   6    2  6    7  99  2.07918E-01  2.60971E+00 -6.32596E+01  6.70142E+02  2.00000E+01  1.62300E-02  1.62300E-02
b   6    3  6    7  99  1.46607E-01  1.91196E+00 -1.11894E+01 -2.21428E+01  2.00000E+01  3.25500E-02  3.25500E-02
b   6    4  6    7  99  1.50146E-01  1.87015E+00 -1.75803E+01  1.15713E+02  2.00000E+01  7.39600E-02  7.39600E-02
b   6    5  6    7  99  1.51061E-01  1.42045E+00 -1.74269E+01  1.84653E+02  2.00000E+01  2.30500E-01  2.30500E-01
b   6    6  6    7  99  2.38819E-01  1.51962E-01  1.29263E+00 -4.14689E-01  2.04162E+00  1.58700E+00  1.58700E+00
b   6    1  6    8  99  4.54144E-01  4.87457E-01 -3.03170E+00  1.96667E+01  3.69613E+00  2.17240E-02  2.17240E-02
b   6    2  6    8  99  2.02098E-01  2.62844E+00 -5.84557E+01  5.86121E+02  2.00000E+01  1.04300E-02  1.04300E-02
b   6    3  6    8  99  1.57738E-01  2.05299E+00 -1.15532E+01 -1.81031E+01  2.00000E+01  1.90200E-02  1.90200E-02
b   6    4  6    8  99  1.69000E-01  2.15376E+00 -1.94538E+01  1.38654E+02  2.00000E+01  3.65700E-02  3.65700E-02
b   6    5  6    8  99  1.80986E-01  1.83363E+00 -1.93009E+01  2.10484E+02  2.00000E+01  8.27200E-02  8.27200E-02
b   6    6  6    8  99  3.08707E-01  5.69463E-01  1.67828E+00 -6.07939E-01  2.16316E+00  2.57600E-01  2.57600E-01
b   6    7  6    8  99  2.57824E-01  5.31768E-02  2.10331E+00 -1.05516E+00  2.78866E+00  1.78300E+00  1.78300E+00
b   6    1  6    9  99  4.50515E-01  5.13781E-01 -3.07250E+00  1.94846E+01  3.69127E+00  1.54320E-02  1.54320E-02
b   6    2  6    9  99  2.03244E-01  2.64910E+00 -5.65089E+01  5.54485E+02  2.00000E+01  7.13700E-03  7.13700E-03
b   6    3  6    9  99  1.64552E-01  2.17554E+00 -1.23867E+01 -1.04486E+01  2.00000E+01  1.22400E-02  1.22400E-02
b   6    4  6    9  99  1.80871E-01  2.36469E+00 -2.02823E+01  1.45267E+02  2.00000E+01  2.12600E-02  2.12600E-02
b   6    5  6    9  99  2.02333E-01  2.14125E+00 -2.01113E+01  2.22287E+02  2.00000E+01  4.05100E-02  4.05100E-02
b   6    6  6    9  99  3.46999E-01  9.59696E-01  1.77084E+00 -6.26027E-01  2.16396E+00  9.12100E-02  9.12100E-02
b   6    7  6    9  99  2.87639E-01  6.52549E-01  1.43571E+00 -4.71523E-01  2.11466E+00  2.84400E-01  2.84400E-01
b   6    8  6    9  99  4.91509E-01  1.97943E-01  3.86116E+00 -1.89643E+00  2.76592E+00  9.82700E-01  9.82700E-01
b   6    1  6   10  98  0.00000E+00  0.00000E+00  0.00000E+00  0.00000E+00  0.00000E+00  2.84586E-02  5.69172E-04
b   6    2  6   10  99  1.13761E-01  1.19262E+00 -1.61843E+01  7.68981E+01  8.88658E+00  1.51215E+00  1.51215E+00
b   6    1  6   11  98  0.00000E+00  0.00000E+00  0.00000E+00  0.00000E+00  0.00000E+00  3.94419E-02  7.88838E-04
b   6    2  6   11  99  4.38215E-01  1.28482E-01 -2.40801E+00  1.97150E+01  3.73474E+00  3.44100E-01  3.44100E-01
b   6    3  6   11  99  1.13761E-01  1.19262E+00 -1.61843E+01  7.68981E+01  8.88658E+00  1.60110E+00  1.60110E+00
b   6   10  6   11  99  7.58326E-02  9.96992E-01 -1.28823E+01  1.61759E+01  2.00000E+01  1.55240E+00  1.55240E+00
b   6    1  6   12  98  0.00000E+00  0.00000E+00  0.00000E+00  0.00000E+00  0.00000E+00  5.49451E-02  1.09890E-03
b   6    2  6   12  99  4.28587E-01  2.77988E-01 -2.57425E+00  1.88927E+01  3.71598E+00  1.34670E-01  1.34670E-01
b   6    4  6   12  99  1.13761E-01  1.19262E+00 -1.61843E+01  7.68981E+01  8.88658E+00  1.60110E+00  1.60110E+00
b   6   10  6   12  99  1.04354E-01  1.32281E+00 -1.10710E+01 -4.05700E+01  2.00000E+01  3.00200E-01  3.00200E-01
b   6   11  6   12  99  8.52079E-02  9.70675E-01 -1.48214E+01  8.83765E+01  2.00000E+01  9.94200E-01  9.94200E-01
b   6    1  6   13  98  0.00000E+00  0.00000E+00  0.00000E+00  0.00000E+00  0.00000E+00  7.46175E-02  1.49235E-03
b   6    2  6   13  99  4.53863E-01  3.83559E-01 -2.88662E+00  1.98552E+01  3.70362E+00  6.47700E-02  6.47700E-02
b   6    5  6   13  99  1.13761E-01  1.19262E+00 -1.61843E+01  7.68981E+01  8.88658E+00  1.60110E+00  1.60110E+00
b   6   10  6   13  99  1.43324E-01  1.89889E+00 -2.83758E+01  1.66360E+02  2.00000E+01  1.09900E-01  1.09900E-01
b   6   11  6   13  99  1.30192E-01  1.53191E+00 -2.07768E+01  1.47051E+02  2.00000E+01  1.74400E-01  1.74400E-01
b   6   12  6   13  99  1.06340E-01  9.25431E-01 -1.62525E+01  1.56132E+02  2.00000E+01  1.18000E+00  1.18000E+00
b   6    1  6   14  98  0.00000E+00  0.00000E+00  0.00000E+00  0.00000E+00  0.00000E+00  9.80641E-02  1.96128E-03
b   6    2  6   14  99  4.52706E-01  4.35739E-01 -2.94889E+00  1.96608E+01  3.69911E+00  3.77100E-02  3.77100E-02
b   6    6  6   14  99  1.13761E-01  1.19262E+00 -1.61843E+01  7.68981E+01  8.88658E+00  1.60110E+00  1.60110E+00
b   6   10  6   14  99  1.93587E-01  2.42548E+00 -5.70389E+01  5.86376E+02  2.00000E+01  5.54400E-02  5.54400E-02
b   6   11  6   14  99  1.31476E-01  1.70312E+00 -1.03094E+01 -2.98957E+01  2.00000E+01  6.51400E-02  6.51400E-02
b   6   12  6   14  99  1.58926E-01  1.42624E+00 -2.04348E+01  2.21704E+02  2.00000E+01  2.02600E-01  2.02600E-01
b   6   13  6   14  99  2.59720E-01  8.38606E-02  1.50010E+00 -5.09419E-01  2.07472E+00  1.38700E+00  1.38700E+00
b   6    1  6   15  98  0.00000E+00  0.00000E+00  0.00000E+00  0.00000E+00  0.00000E+00  1.25220E-01  2.50441E-03
b   6    2  6   15  99  4.54841E-01  4.62763E-01 -2.99136E+00  1.97009E+01  3.69508E+00  2.40150E-02  2.40150E-02
b   6    7  6   15  99  1.13761E-01  1.19262E+00 -1.61843E+01  7.68981E+01  8.88658E+00  1.60110E+00  1.60110E+00
b   6   10  6   15  99  2.07918E-01  2.60971E+00 -6.32596E+01  6.70142E+02  2.00000E+01  3.24600E-02  3.24600E-02
b   6   11  6   15  99  1.46607E-01  1.91196E+00 -1.11894E+01 -2.21428E+01  2.00000E+01  3.25500E-02  3.25500E-02
b   6   12  6   15  99  1.50146E-01  1.87015E+00 -1.75803E+01  1.15713E+02  2.00000E+01  7.39600E-02  7.39600E-02
b   6   13  6   15  99  1.51061E-01  1.42045E+00 -1.74269E+01  1.84653E+02  2.00000E+01  2.30500E-01  2.30500E-01
b   6   14  6   15  99  2.38819E-01  1.51962E-01  1.29263E+00 -4.14689E-01  2.04162E+00  1.58700E+00  1.58700E+00
b   6    1  6   16  98  0.00000E+00  0.00000E+00  0.00000E+00  0.00000E+00  0.00000E+00  1.56104E-01  3.12208E-03
b   6    2  6   16  99  4.54144E-01  4.87457E-01 -3.03170E+00  1.96667E+01  3.69613E+00  1.62930E-02  1.62930E-02
b   6    8  6   16  99  1.13761E-01  1.19262E+00 -1.61843E+01  7.68981E+01  8.88658E+00  1.60110E+00  1.60110E+00
b   6   10  6   16  99  2.02098E-01  2.62844E+00 -5.84557E+01  5.86121E+02  2.00000E+01  2.08600E-02  2.08600E-02
b   6   11  6   16  99  1.57738E-01  2.05299E+00 -1.15532E+01 -1.81031E+01  2.00000E+01  1.90200E-02  1.90200E-02
b   6   12  6   16  99  1.69000E-01  2.15376E+00 -1.94538E+01  1.38654E+02  2.00000E+01  3.65700E-02  3.65700E-02
b   6   13  6   16  99  1.80986E-01  1.83363E+00 -1.93009E+01  2.10484E+02  2.00000E+01  8.27200E-02  8.27200E-02
b   6   14  6   16  99  3.08707E-01  5.69463E-01  1.67828E+00 -6.07939E-01  2.16316E+00  2.57600E-01  2.57600E-01
b   6   15  6   16  99  2.57824E-01  5.31768E-02  2.10331E+00 -1.05516E+00  2.78866E+00  1.78300E+00  1.78300E+00
b   6    1  6   17  98  0.00000E+00  0.00000E+00  0.00000E+00  0.00000E+00  0.00000E+00  1.90665E-01  3.81330E-03
b   6    2  6   17  99  4.50515E-01  5.13781E-01 -3.07250E+00  1.94846E+01  3.69127E+00  1.15740E-02  1.15740E-02
b   6    9  6   17  99  1.13761E-01  1.19262E+00 -1.61843E+01  7.68981E+01  8.88658E+00  1.60110E+00  1.60110E+00
b   6   10  6   17  99  2.03244E-01  2.64910E+00 -5.65089E+01  5.54485E+02  2.00000E+01  1.42740E-02  1.42740E-02
b   6   11  6   17  99  1.64552E-01  2.17554E+00 -1.23867E+01 -1.04486E+01  2.00000E+01  1.22400E-02  1.22400E-02
b   6   12  6   17  99  1.80871E-01  2.36469E+00 -2.02823E+01  1.45267E+02  2.00000E+01  2.12600E-02  2.12600E-02
b   6   13  6   17  99  2.02333E-01  2.14125E+00 -2.01113E+01  2.22287E+02  2.00000E+01  4.05100E-02  4.05100E-02
b   6   14  6   17  99  3.46999E-01  9.59696E-01  1.77084E+00 -6.26027E-01  2.16396E+00  9.12100E-02  9.12100E-02
b   6   15  6   17  99  2.87639E-01  6.52549E-01  1.43571E+00 -4.71523E-01  2.11466E+00  2.84400E-01  2.84400E-01
b   6   16  6   17  99  4.91509E-01  1.97943E-01  3.86116E+00 -1.89643E+00  2.76592E+00  9.82700E-01  9.82700E-01
b   6    1  6   18  99  1.94907E-01  1.19466E+00 -1.53983E+01  6.14501E+01  6.03017E+00  3.41000E-01  3.41000E-01
b   6    1  6   19  99  9.67499E-02  2.03338E+00 -2.88059E+01  1.11277E+02  9.57558E+00  1.27580E-01  1.27580E-01
b   6    2  6   19  99  1.94907E-01  1.19466E+00 -1.53983E+01  6.14501E+01  6.03017E+00  4.26250E-01  4.26250E-01
b   6   18  6   19  99  1.13761E-01  1.19262E+00 -1.61843E+01  7.68981E+01  8.88658E+00  2.66850E+00  2.66850E+00
b   6    1  6   20  99  6.90066E-02  2.50688E+00 -4.72501E+01  2.89864E+01  2.00000E+01  4.73800E-02  4.73800E-02
b   6    3  6   20  99  1.94907E-01  1.19466E+00 -1.53983E+01  6.14501E+01  6.03017E+00  4.26250E-01  4.26250E-01
b   6   18  6   20  99  4.38215E-01  1.28482E-01 -2.40801E+00  1.97150E+01  3.73474E+00  5.73500E-01  5.73500E-01
b   6   19  6   20  99  7.58326E-02  9.96992E-01 -1.28823E+01  1.61759E+01  2.00000E+01  7.76200E-01  7.76200E-01
b   6    1  6   21  99  6.86934E-02  2.47988E+00 -4.46984E+01 -1.00745E+01  2.00000E+01  2.29000E-02  2.29000E-02
b   6    4  6   21  99  1.94907E-01  1.19466E+00 -1.53983E+01  6.14501E+01  6.03017E+00  4.26250E-01  4.26250E-01
b   6   18  6   21  99  4.28587E-01  2.77988E-01 -2.57425E+00  1.88927E+01  3.71598E+00  2.24450E-01  2.24450E-01
b   6   19  6   21  99  1.04354E-01  1.32281E+00 -1.10710E+01 -4.05700E+01  2.00000E+01  1.50100E-01  1.50100E-01
b   6   20  6   21  99  8.52079E-02  9.70675E-01 -1.48214E+01  8.83765E+01  2.00000E+01  9.94200E-01  9.94200E-01
b   6    1  6   22  99  7.05094E-02  2.65417E+00 -4.70433E+01 -2.92747E+01  2.00000E+01  1.22680E-02  1.22680E-02
b   6    5  6   22  99  1.94907E-01  1.19466E+00 -1.53983E+01  6.14501E+01  6.03017E+00  4.26250E-01  4.26250E-01
b   6   18  6   22  99  4.53863E-01  3.83559E-01 -2.88662E+00  1.98552E+01  3.70362E+00  1.07950E-01  1.07950E-01
b   6   19  6   22  99  1.43324E-01  1.89889E+00 -2.83758E+01  1.66360E+02  2.00000E+01  5.49500E-02  5.49500E-02
b   6   20  6   22  99  1.30192E-01  1.53191E+00 -2.07768E+01  1.47051E+02  2.00000E+01  1.74400E-01  1.74400E-01
b   6   21  6   22  99  1.06340E-01  9.25431E-01 -1.62525E+01  1.56132E+02  2.00000E+01  1.18000E+00  1.18000E+00
b   6    1  6   23  99  7.20992E-02  2.66541E+00 -4.76597E+01 -2.06354E+01  2.00000E+01  7.57600E-03  7.57600E-03
b   6    6  6   23  99  1.94907E-01  1.19466E+00 -1.53983E+01  6.14501E+01  6.03017E+00  4.26250E-01  4.26250E-01
b   6   18  6   23  99  4.52706E-01  4.35739E-01 -2.94889E+00  1.96608E+01  3.69911E+00  6.28500E-02  6.28500E-02
b   6   19  6   23  99  1.93587E-01  2.42548E+00 -5.70389E+01  5.86376E+02  2.00000E+01  2.77200E-02  2.77200E-02
b   6   20  6   23  99  1.31476E-01  1.70312E+00 -1.03094E+01 -2.98957E+01  2.00000E+01  6.51400E-02  6.51400E-02
b   6   21  6   23  99  1.58926E-01  1.42624E+00 -2.04348E+01  2.21704E+02  2.00000E+01  2.02600E-01  2.02600E-01
b   6   22  6   23  99  2.59720E-01  8.38606E-02  1.50010E+00 -5.09419E-01  2.07472E+00  1.38700E+00  1.38700E+00
b   6    1  6   24  99  7.13436E-02  2.65434E+00 -4.67700E+01 -3.39995E+01  2.00000E+01  5.00600E-03  5.00600E-03
b   6    7  6   24  99  1.94907E-01  1.19466E+00 -1.53983E+01  6.14501E+01  6.03017E+00  4.26250E-01  4.26250E-01
b   6   18  6   24  99  4.54841E-01  4.62763E-01 -2.99136E+00  1.97009E+01  3.69508E+00  4.00250E-02  4.00250E-02
b   6   19  6   24  99  2.07918E-01  2.60971E+00 -6.32596E+01  6.70142E+02  2.00000E+01  1.62300E-02  1.62300E-02
b   6   20  6   24  99  1.46607E-01  1.91196E+00 -1.11894E+01 -2.21428E+01  2.00000E+01  3.25500E-02  3.25500E-02
b   6   21  6   24  99  1.50146E-01  1.87015E+00 -1.75803E+01  1.15713E+02  2.00000E+01  7.39600E-02  7.39600E-02
b   6   22  6   24  99  1.51061E-01  1.42045E+00 -1.74269E+01  1.84653E+02  2.00000E+01  2.30500E-01  2.30500E-01
b   6   23  6   24  99  2.38819E-01  1.51962E-01  1.29263E+00 -4.14689E-01  2.04162E+00  1.58700E+00  1.58700E+00
b   6    1  6   25  99  7.14300E-02  2.64514E+00 -4.62503E+01 -4.06114E+01  2.00000E+01  3.48000E-03  3.48000E-03
b   6    8  6   25  99  1.94907E-01  1.19466E+00 -1.53983E+01  6.14501E+01  6.03017E+00  4.26250E-01  4.26250E-01
b   6   18  6   25  99  4.54144E-01  4.87457E-01 -3.03170E+00  1.96667E+01  3.69613E+00  2.71550E-02  2.71550E-02
b   6   19  6   25  99  2.02098E-01  2.62844E+00 -5.84557E+01  5.86121E+02  2.00000E+01  1.04300E-02  1.04300E-02
b   6   20  6   25  99  1.57738E-01  2.05299E+00 -1.15532E+01 -1.81031E+01  2.00000E+01  1.90200E-02  1.90200E-02
b   6   21  6   25  99  1.69000E-01  2.15376E+00 -1.94538E+01  1.38654E+02  2.00000E+01  3.65700E-02  3.65700E-02
b   6   22  6   25  99  1.80986E-01  1.83363E+00 -1.93009E+01  2.10484E+02  2.00000E+01  8.27200E-02  8.27200E-02
b   6   23  6   25  99  3.08707E-01  5.69463E-01  1.67828E+00 -6.07939E-01  2.16316E+00  2.57600E-01  2.57600E-01
b   6   24  6   25  99  2.57824E-01  5.31768E-02  2.10331E+00 -1.05516E+00  2.78866E+00  1.78300E+00  1.78300E+00
b   6    1  6   26  99  7.02750E-02  2.64026E+00 -4.56609E+01 -5.06081E+01  2.00000E+01  2.51400E-03  2.51400E-03
b   6    9  6   26  99  1.94907E-01  1.19466E+00 -1.53983E+01  6.14501E+01  6.03017E+00  4.26250E-01  4.26250E-01
b   6   18  6   26  99  4.50515E-01  5.13781E-01 -3.07250E+00  1.94846E+01  3.69127E+00  1.92900E-02  1.92900E-02
b   6   19  6   26  99  2.03244E-01  2.64910E+00 -5.65089E+01  5.54485E+02  2.00000E+01  7.13700E-03  7.13700E-03
b   6   20  6   26  99  1.64552E-01  2.17554E+00 -1.23867E+01 -1.04486E+01  2.00000E+01  1.22400E-02  1.22400E-02
b   6   21  6   26  99  1.80871E-01  2.36469E+00 -2.02823E+01  1.45267E+02  2.00000E+01  2.12600E-02  2.12600E-02
b   6   22  6   26  99  2.02333E-01  2.14125E+00 -2.01113E+01  2.22287E+02  2.00000E+01  4.05100E-02  4.05100E-02
b   6   23  6   26  99  3.46999E-01  9.59696E-01  1.77084E+00 -6.26027E-01  2.16396E+00  9.12100E-02  9.12100E-02
b   6   24  6   26  99  2.87639E-01  6.52549E-01  1.43571E+00 -4.71523E-01  2.11466E+00  2.84400E-01  2.84400E-01
b   6   25  6   26  99  4.91509E-01  1.97943E-01  3.86116E+00 -1.89643E+00  2.76592E+00  9.82700E-01  9.82700E-01
f   6    1  5    1  99  4.00000E+00  2.42183E+01
p   6    1  5    1  98  1.36050E+00 -2.67590E+00 -7.25590E-02  4.45580E-03  4.00000E+00  1.89700E+03  1.97300E+03  3.79400E+04
f   6    2  5    1  99  1.00000E+00  2.23200E+01
p   6    2  5    1  99  1.00000E+00  2.23200E+01
f   6    3  5    1  99  1.00000E+00  2.20926E+01
p   6    3  5    1  99  1.00000E+00  2.20926E+01
f   6    4  5    1  99  1.00000E+00  2.20123E+01
p   6    4  5    1  99  1.00000E+00  2.20123E+01
f   6    5  5    1  99  1.00000E+00  2.20420E+01
p   6    5  5    1  99  1.00000E+00  2.20420E+01
f   6    6  5    1  99  1.00000E+00  2.20320E+01
p   6    6  5    1  99  1.00000E+00  2.20320E+01
f   6    7  5    1  99  1.00000E+00  2.20032E+01
p   6    7  5    1  99  1.00000E+00  2.20032E+01
f   6    8  5    1  99  1.00000E+00  2.20032E+01
p   6    8  5    1  99  1.00000E+00  2.20032E+01
f   6    9  5    1  99  1.00000E+00  2.20005E+01
p   6    9  5    1  99  1.00000E+00  2.20005E+01
f   6    2  5    2  99  3.00000E+00  2.23200E+01
p   6    2  5    2  98  1.36050E+00 -2.67590E+00 -7.25590E-02  4.45580E-03  4.00000E+00  1.89700E+03  1.97300E+03  3.79400E+04
f   6   10  5    2  99  2.00000E+00  2.28840E+01
p   6   10  5    2  99  2.00000E+00  2.28840E+01
f   6   11  5    2  99  1.00000E+00  2.21493E+01
p   6   11  5    2  99  1.00000E+00  2.21493E+01
f   6   12  5    2  99  1.00000E+00  2.20306E+01
p   6   12  5    2  99  1.00000E+00  2.20306E+01
f   6   13  5    2  99  1.00000E+00  2.20480E+01
p   6   13  5    2  99  1.00000E+00  2.20480E+01
f   6   14  5    2  99  1.00000E+00  2.20360E+01
p   6   14  5    2  99  1.00000E+00  2.20360E+01
f   6   15  5    2  99  1.00000E+00  2.20122E+01
p   6   15  5    2  99  1.00000E+00  2.20122E+01
f   6   16  5    2  99  1.00000E+00  2.20102E+01
p   6   16  5    2  99  1.00000E+00  2.20102E+01
f   6   17  5    2  99  1.00000E+00  2.20005E+01
p   6   17  5    2  99  1.00000E+00  2.20005E+01
f   6    3  5    3  99  3.00000E+00  2.20926E+01
p   6    3  5    3  98  1.36050E+00 -2.67590E+00 -7.25590E-02  4.45580E-03  4.00000E+00  1.89700E+03  1.97300E+03  3.79400E+04
f   6   11  5    3  99  1.00000E+00  2.21493E+01
p   6   11  5    3  99  1.00000E+00  2.21493E+01
f   6    4  5    4  99  3.00000E+00  2.20123E+01
p   6    4  5    4  98  1.36050E+00 -2.67590E+00 -7.25590E-02  4.45580E-03  4.00000E+00  1.89700E+03  1.97300E+03  3.79400E+04
f   6   12  5    4  99  1.00000E+00  2.20306E+01
p   6   12  5    4  99  1.00000E+00  2.20306E+01
f   6    5  5    5  99  3.00000E+00  2.20420E+01
p   6    5  5    5  98  1.36050E+00 -2.67590E+00 -7.25590E-02  4.45580E-03  4.00000E+00  1.89700E+03  1.97300E+03  3.79400E+04
f   6   13  5    5  99  1.00000E+00  2.20480E+01
p   6   13  5    5  99  1.00000E+00  2.20480E+01
f   6    6  5    6  99  3.00000E+00  2.20320E+01
p   6    6  5    6  98  1.36050E+00 -2.67590E+00 -7.25590E-02  4.45580E-03  4.00000E+00  1.89700E+03  1.97300E+03  3.79400E+04
f   6   14  5    6  99  1.00000E+00  2.20360E+01
p   6   14  5    6  99  1.00000E+00  2.20360E+01
f   6    7  5    7  99  3.00000E+00  2.20032E+01
p   6    7  5    7  98  1.36050E+00 -2.67590E+00 -7.25590E-02  4.45580E-03  4.00000E+00  1.89700E+03  1.97300E+03  3.79400E+04
f   6   15  5    7  99  1.00000E+00  2.20122E+01
p   6   15  5    7  99  1.00000E+00  2.20122E+01
f   6    8  5    8  99  3.00000E+00  2.20032E+01
p   6    8  5    8  98  1.36050E+00 -2.67590E+00 -7.25590E-02  4.45580E-03  4.00000E+00  1.89700E+03  1.97300E+03  3.79400E+04
f   6   16  5    8  99  1.00000E+00  2.20102E+01
p   6   16  5    8  99  1.00000E+00  2.20102E+01
f   6    9  5    9  99  3.00000E+00  2.20005E+01
p   6    9  5    9  98  1.36050E+00 -2.67590E+00 -7.25590E-02  4.45580E-03  4.00000E+00  1.89700E+03  1.97300E+03  3.79400E+04
f   6   17  5    9  99  1.00000E+00  2.20005E+01
p   6   17  5    9  99  1.00000E+00  2.20005E+01
f   6   10  5   10  99  2.00000E+00  2.28840E+01
p   6   10  5   10  98  1.36050E+00 -2.67590E+00 -7.25590E-02  4.45580E-03  4.00000E+00  1.89700E+03  1.97300E+03  3.79400E+04
f   6   11  5   11  99  2.00000E+00  2.21493E+01
p   6   11  5   11  98  1.36050E+00 -2.67590E+00 -7.25590E-02  4.45580E-03  4.00000E+00  1.89700E+03  1.97300E+03  3.79400E+04
f   6   12  5   12  99  2.00000E+00  2.20306E+01
p   6   12  5   12  98  1.36050E+00 -2.67590E+00 -7.25590E-02  4.45580E-03  4.00000E+00  1.89700E+03  1.97300E+03  3.79400E+04
f   6   13  5   13  99  2.00000E+00  2.20480E+01
p   6   13  5   13  98  1.36050E+00 -2.67590E+00 -7.25590E-02  4.45580E-03  4.00000E+00  1.89700E+03  1.97300E+03  3.79400E+04
f   6   14  5   14  99  2.00000E+00  2.20360E+01
p   6   14  5   14  98  1.36050E+00 -2.67590E+00 -7.25590E-02  4.45580E-03  4.00000E+00  1.89700E+03  1.97300E+03  3.79400E+04
f   6   15  5   15  99  2.00000E+00  2.20122E+01
p   6   15  5   15  98  1.36050E+00 -2.67590E+00 -7.25590E-02  4.45580E-03  4.00000E+00  1.89700E+03  1.97300E+03  3.79400E+04
f   6   16  5   16  99  2.00000E+00  2.20102E+01
p   6   16  5   16  98  1.36050E+00 -2.67590E+00 -7.25590E-02  4.45580E-03  4.00000E+00  1.89700E+03  1.97300E+03  3.79400E+04
f   6   17  5   17  99  2.00000E+00  2.20005E+01
p   6   17  5   17  98  1.36050E+00 -2.67590E+00 -7.25590E-02  4.45580E-03  4.00000E+00  1.89700E+03  1.97300E+03  3.79400E+04
f   6    1  5   18  99  2.00000E+00  2.42183E+01
p   6    1  5   18  98  1.95620E+00 -2.56400E+00 -1.85540E-01  2.26230E-02  2.00000E+00  8.86700E+03  9.22200E+03  1.77300E+05
f   6   18  5   18  99  5.00000E+00  2.48544E+01
p   6   18  5   18  98  1.36050E+00 -2.67590E+00 -7.25590E-02  4.45580E-03  4.00000E+00  1.89700E+03  1.97300E+03  3.79400E+04
f   6   19  5   18  99  1.00000E+00  2.24000E+01
p   6   19  5   18  99  1.00000E+00  2.24000E+01
f   6   20  5   18  99  1.00000E+00  2.21158E+01
p   6   20  5   18  99  1.00000E+00  2.21158E+01
f   6   21  5   18  99  1.00000E+00  2.20114E+01
p   6   21  5   18  99  1.00000E+00  2.20114E+01
f   6   22  5   18  99  1.00000E+00  2.20510E+01
p   6   22  5   18  99  1.00000E+00  2.20510E+01
f   6   23  5   18  99  1.00000E+00  2.20410E+01
p   6   23  5   18  99  1.00000E+00  2.20410E+01
f   6   24  5   18  99  1.00000E+00  2.20041E+01
p   6   24  5   18  99  1.00000E+00  2.20041E+01
f   6   25  5   18  99  1.00000E+00  2.20041E+01
p   6   25  5   18  99  1.00000E+00  2.20041E+01
f   6   26  5   18  99  1.00000E+00  2.20005E+01
p   6   26  5   18  99  1.00000E+00  2.20005E+01
f   6    2  5   19  99  2.00000E+00  2.23200E+01
p   6    2  5   19  98  1.95620E+00 -2.56400E+00 -1.85540E-01  2.26230E-02  2.00000E+00  8.86700E+03  9.22200E+03  1.77300E+05
f   6   19  5   19  99  4.00000E+00  2.24000E+01
p   6   19  5   19  98  1.36050E+00 -2.67590E+00 -7.25590E-02  4.45580E-03  4.00000E+00  1.89700E+03  1.97300E+03  3.79400E+04
f   6    3  5   20  99  2.00000E+00  2.20926E+01
p   6    3  5   20  98  1.95620E+00 -2.56400E+00 -1.85540E-01  2.26230E-02  2.00000E+00  8.86700E+03  9.22200E+03  1.77300E+05
f   6   20  5   20  99  4.00000E+00  2.21158E+01
p   6   20  5   20  98  1.36050E+00 -2.67590E+00 -7.25590E-02  4.45580E-03  4.00000E+00  1.89700E+03  1.97300E+03  3.79400E+04
f   6    4  5   21  99  2.00000E+00  2.20123E+01
p   6    4  5   21  98  1.95620E+00 -2.56400E+00 -1.85540E-01  2.26230E-02  2.00000E+00  8.86700E+03  9.22200E+03  1.77300E+05
f   6   21  5   21  99  4.00000E+00  2.20114E+01
p   6   21  5   21  98  1.36050E+00 -2.67590E+00 -7.25590E-02  4.45580E-03  4.00000E+00  1.89700E+03  1.97300E+03  3.79400E+04
f   6    5  5   22  99  2.00000E+00  2.20420E+01
p   6    5  5   22  98  1.95620E+00 -2.56400E+00 -1.85540E-01  2.26230E-02  2.00000E+00  8.86700E+03  9.22200E+03  1.77300E+05
f   6   22  5   22  99  4.00000E+00  2.20510E+01
p   6   22  5   22  98  1.36050E+00 -2.67590E+00 -7.25590E-02  4.45580E-03  4.00000E+00  1.89700E+03  1.97300E+03  3.79400E+04
f   6    6  5   23  99  2.00000E+00  2.20320E+01
p   6    6  5   23  98  1.95620E+00 -2.56400E+00 -1.85540E-01  2.26230E-02  2.00000E+00  8.86700E+03  9.22200E+03  1.77300E+05
f   6   23  5   23  99  4.00000E+00  2.20410E+01
p   6   23  5   23  98  1.36050E+00 -2.67590E+00 -7.25590E-02  4.45580E-03  4.00000E+00  1.89700E+03  1.97300E+03  3.79400E+04
f   6    7  5   24  99  2.00000E+00  2.20032E+01
p   6    7  5   24  98  1.95620E+00 -2.56400E+00 -1.85540E-01  2.26230E-02  2.00000E+00  8.86700E+03  9.22200E+03  1.77300E+05
f   6   24  5   24  99  4.00000E+00  2.20041E+01
p   6   24  5   24  98  1.36050E+00 -2.67590E+00 -7.25590E-02  4.45580E-03  4.00000E+00  1.89700E+03  1.97300E+03  3.79400E+04
f   6    8  5   25  99  2.00000E+00  2.20032E+01
p   6    8  5   25  98  1.95620E+00 -2.56400E+00 -1.85540E-01  2.26230E-02  2.00000E+00  8.86700E+03  9.22200E+03  1.77300E+05
f   6   25  5   25  99  4.00000E+00  2.20041E+01
p   6   25  5   25  98  1.36050E+00 -2.67590E+00 -7.25590E-02  4.45580E-03  4.00000E+00  1.89700E+03  1.97300E+03  3.79400E+04
f   6    9  5   26  99  2.00000E+00  2.20005E+01
p   6    9  5   26  98  1.95620E+00 -2.56400E+00 -1.85540E-01  2.26230E-02  2.00000E+00  8.86700E+03  9.22200E+03  1.77300E+05
f   6   26  5   26  99  4.00000E+00  2.20005E+01
p   6   26  5   26  98  1.36050E+00 -2.67590E+00 -7.25590E-02  4.45580E-03  4.00000E+00  1.89700E+03  1.97300E+03  3.79400E+04
a   6   10  5    1   1.70748E+14
a   6   11  5    1   3.44385E+13
a   6   12  5    1   1.12194E+13
a   6   13  5    1   4.54298E+12
a   6   14  5    1   2.10186E+12
a   6   15  5    1   1.07806E+12
a   6   16  5    1   5.98252E+11
a   6   17  5    1   3.53250E+11
a   6   18  5    1   4.14220E+14
a   6   19  5    1   1.61594E+13
a   6   20  5    1   3.74000E+12
a   6   21  5    1   1.20172E+12
a   6   22  5    1   4.79840E+11
a   6   23  5    1   2.22000E+11
a   6   24  5    1   1.13870E+11
a   6   25  5    1   6.31900E+10
a   6   26  5    1   3.73140E+10
a   6   19  5    2   2.48532E+14
a   6   20  5    3   2.48532E+14
a   6   21  5    4   2.48532E+14
a   6   22  5    5   2.48532E+14
a   6   23  5    6   2.48532E+14
a   6   24  5    7   2.48532E+14
a   6   25  5    8   2.48532E+14
a   6   26  5    9   2.48532E+14
b   7    1  7    2  99  9.58532E-02  1.44930E+00 -2.60775E+01  1.49957E+02  1.28317E+01  2.55300E+00  2.55300E+00
b   7    1  7    3  99  4.41306E-01  9.23534E-02 -2.30062E+00  1.97607E+01  3.73566E+00  5.68500E-01  5.68500E-01
b   7    2  7    3  99  7.61328E-02  9.86965E-01 -1.23484E+01  1.25193E+01  2.00000E+01  7.58700E-01  7.58700E-01
b   7    1  7    4  99  4.30022E-01  2.33352E-01 -2.46010E+00  1.88991E+01  3.71630E+00  2.25100E-01  2.25100E-01
b   7    2  7    4  99  1.44717E-01  9.77996E-01 -3.02841E+00  8.37975E+00  4.25743E+00  1.49200E-01  1.49200E-01
b   7    3  7    4  99  1.17224E-01  9.26090E-01 -1.99674E+01  2.16971E+02  2.00000E+01  9.83500E-01  9.83500E-01
b   7    1  7    5  99  4.50986E-01  3.45244E-01 -2.79356E+00  1.97079E+01  3.70012E+00  1.08550E-01  1.08550E-01
b   7    2  7    5  99  1.36971E-01  1.77831E+00 -2.19495E+01  8.44781E+01  2.00000E+01  5.48300E-02  5.48300E-02
b   7    3  7    5  99  1.29428E-01  1.51252E+00 -1.96770E+01  1.35748E+02  2.00000E+01  1.73300E-01  1.73300E-01
b   7    4  7    5  99  1.07620E-01  9.20412E-01 -1.60571E+01  1.57140E+02  2.00000E+01  1.17200E+00  1.17200E+00
b   7    1  7    6  99  4.52853E-01  3.83711E-01 -2.82599E+00  1.96229E+01  3.69664E+00  6.33500E-02  6.33500E-02
b   7    2  7    6  99  1.61560E-01  2.11410E+00 -3.53455E+01  2.67192E+02  2.00000E+01  2.77600E-02  2.77600E-02
b   7    3  7    6  99  1.53755E-01  1.83316E+00 -2.23389E+01  1.66507E+02  2.00000E+01  6.49500E-02  6.49500E-02
b   7    4  7    6  99  1.56082E-01  1.42819E+00 -1.98385E+01  2.12099E+02  2.00000E+01  2.01600E-01  2.01600E-01
b   7    5  7    6  99  2.54616E-01  1.06592E-01  1.43311E+00 -4.76516E-01  2.05684E+00  1.38200E+00  1.38200E+00
b   7    1  7    7  99  4.51581E-01  4.16660E-01 -2.87688E+00  1.95606E+01  3.69846E+00  4.04100E-02  4.04100E-02
b   7    2  7    7  99  1.80895E-01  2.34111E+00 -4.52949E+01  4.09294E+02  2.00000E+01  1.62800E-02  1.62800E-02
b   7    3  7    7  99  1.46362E-01  1.90006E+00 -1.12267E+01 -1.51841E+01  2.00000E+01  3.25300E-02  3.25300E-02
b   7    4  7    7  99  1.42927E-01  1.85217E+00 -1.50756E+01  7.43480E+01  2.00000E+01  7.37200E-02  7.37200E-02
b   7    5  7    7  99  1.45542E-01  1.43023E+00 -1.65019E+01  1.64315E+02  2.00000E+01  2.29700E-01  2.29700E-01
b   7    6  7    7  99  2.36069E-01  1.66088E-01  1.26447E+00 -4.07398E-01  2.03771E+00  1.58300E+00  1.58300E+00
b   7    1  7    8  99  4.52322E-01  4.34503E-01 -2.89978E+00  1.95761E+01  3.70077E+00  2.74400E-02  2.74400E-02
b   7    2  7    8  99  1.87679E-01  2.42681E+00 -4.68425E+01  4.27571E+02  2.00000E+01  1.04700E-02  1.04700E-02
b   7    3  7    8  99  1.53253E-01  2.05640E+00 -1.16199E+01 -1.80087E+01  2.00000E+01  1.90300E-02  1.90300E-02
b   7    4  7    8  99  1.65539E-01  2.14614E+00 -1.85281E+01  1.24883E+02  2.00000E+01  3.64900E-02  3.64900E-02
b   7    5  7    8  99  1.82768E-01  1.81751E+00 -1.87980E+01  2.09573E+02  2.00000E+01  8.24800E-02  8.24800E-02
b   7    6  7    8  99  3.05584E-01  5.82536E-01  1.67096E+00 -6.30218E-01  2.17824E+00  2.56900E-01  2.56900E-01
b   7    7  7    8  99  2.54570E-01  6.96069E-02  2.05697E+00 -1.03506E+00  2.78572E+00  1.78000E+00  1.78000E+00
b   7    1  7    9  99  4.54347E-01  4.44586E-01 -2.91365E+00  1.96230E+01  3.69954E+00  1.95050E-02  1.95050E-02
b   7    2  7    9  99  2.14275E-01  2.67395E+00 -6.23702E+01  6.61585E+02  2.00000E+01  7.17700E-03  7.17700E-03
b   7    3  7    9  99  1.61164E-01  2.16286E+00 -1.19790E+01 -1.41286E+01  2.00000E+01  1.22600E-02  1.22600E-02
b   7    4  7    9  99  1.78641E-01  2.35422E+00 -1.97388E+01  1.40334E+02  2.00000E+01  2.12400E-02  2.12400E-02
b   7    5  7    9  99  2.00244E-01  2.14100E+00 -1.97236E+01  2.16922E+02  2.00000E+01  4.04200E-02  4.04200E-02
b   7    6  7    9  99  3.43840E-01  9.71164E-01  1.76912E+00 -6.51494E-01  2.17707E+00  9.09900E-02  9.09900E-02
b   7    7  7    9  99  2.83905E-01  6.68480E-01  1.38986E+00 -4.57308E-01  2.08246E+00  2.83900E-01  2.83900E-01
b   7    8  7    9  99  5.26226E-01  3.09910E-02  5.31672E+00 -3.09154E+00  3.36718E+00  9.85200E-01  9.85200E-01
b   7    1  7   10  98  0.00000E+00  0.00000E+00  0.00000E+00  0.00000E+00  0.00000E+00  5.75038E-02  1.15008E-03
b   7    2  7   10  99  9.58532E-02  1.44930E+00 -2.60775E+01  1.49957E+02  1.28317E+01  1.92893E+00  1.92893E+00
b   7    1  7   11  98  0.00000E+00  0.00000E+00  0.00000E+00  0.00000E+00  0.00000E+00  8.09192E-02  1.61838E-03
b   7    2  7   11  99  4.41306E-01  9.23534E-02 -2.30062E+00  1.97607E+01  3.73566E+00  4.54800E-01  4.54800E-01
b   7    3  7   11  99  9.58532E-02  1.44930E+00 -2.60775E+01  1.49957E+02  1.28317E+01  2.04240E+00  2.04240E+00
b   7   10  7   11  99  7.61328E-02  9.86965E-01 -1.23484E+01  1.25193E+01  2.00000E+01  1.51740E+00  1.51740E+00
b   7    1  7   12  98  0.00000E+00  0.00000E+00  0.00000E+00  0.00000E+00  0.00000E+00  1.13108E-01  2.26216E-03
b   7    2  7   12  99  4.30022E-01  2.33352E-01 -2.46010E+00  1.88991E+01  3.71630E+00  1.80080E-01  1.80080E-01
b   7    4  7   12  99  9.58532E-02  1.44930E+00 -2.60775E+01  1.49957E+02  1.28317E+01  2.04240E+00  2.04240E+00
b   7   10  7   12  99  1.44717E-01  9.77996E-01 -3.02841E+00  8.37975E+00  4.25743E+00  2.98400E-01  2.98400E-01
b   7   11  7   12  99  1.17224E-01  9.26090E-01 -1.99674E+01  2.16971E+02  2.00000E+01  9.83500E-01  9.83500E-01
b   7    1  7   13  98  0.00000E+00  0.00000E+00  0.00000E+00  0.00000E+00  0.00000E+00  1.53945E-01  3.07889E-03
b   7    2  7   13  99  4.50986E-01  3.45244E-01 -2.79356E+00  1.97079E+01  3.70012E+00  8.68400E-02  8.68400E-02
b   7    5  7   13  99  9.58532E-02  1.44930E+00 -2.60775E+01  1.49957E+02  1.28317E+01  2.04240E+00  2.04240E+00
b   7   10  7   13  99  1.36971E-01  1.77831E+00 -2.19495E+01  8.44781E+01  2.00000E+01  1.09660E-01  1.09660E-01
b   7   11  7   13  99  1.29428E-01  1.51252E+00 -1.96770E+01  1.35748E+02  2.00000E+01  1.73300E-01  1.73300E-01
b   7   12  7   13  99  1.07620E-01  9.20412E-01 -1.60571E+01  1.57140E+02  2.00000E+01  1.17200E+00  1.17200E+00
b   7    1  7   14  98  0.00000E+00  0.00000E+00  0.00000E+00  0.00000E+00  0.00000E+00  2.02550E-01  4.05101E-03
b   7    2  7   14  99  4.52853E-01  3.83711E-01 -2.82599E+00  1.96229E+01  3.69664E+00  5.06800E-02  5.06800E-02
b   7    6  7   14  99  9.58532E-02  1.44930E+00 -2.60775E+01  1.49957E+02  1.28317E+01  2.04240E+00  2.04240E+00
b   7   10  7   14  99  1.61560E-01  2.11410E+00 -3.53455E+01  2.67192E+02  2.00000E+01  5.55200E-02  5.55200E-02
b   7   11  7   14  99  1.53755E-01  1.83316E+00 -2.23389E+01  1.66507E+02  2.00000E+01  6.49500E-02  6.49500E-02
b   7   12  7   14  99  1.56082E-01  1.42819E+00 -1.98385E+01  2.12099E+02  2.00000E+01  2.01600E-01  2.01600E-01
b   7   13  7   14  99  2.54616E-01  1.06592E-01  1.43311E+00 -4.76516E-01  2.05684E+00  1.38200E+00  1.38200E+00
b   7    1  7   15  98  0.00000E+00  0.00000E+00  0.00000E+00  0.00000E+00  0.00000E+00  2.58817E-01  5.17635E-03
b   7    2  7   15  99  4.51581E-01  4.16660E-01 -2.87688E+00  1.95606E+01  3.69846E+00  3.23280E-02  3.23280E-02
b   7    7  7   15  99  9.58532E-02  1.44930E+00 -2.60775E+01  1.49957E+02  1.28317E+01  2.04240E+00  2.04240E+00
b   7   10  7   15  99  1.80895E-01  2.34111E+00 -4.52949E+01  4.09294E+02  2.00000E+01  3.25600E-02  3.25600E-02
b   7   11  7   15  99  1.46362E-01  1.90006E+00 -1.12267E+01 -1.51841E+01  2.00000E+01  3.25300E-02  3.25300E-02
b   7   12  7   15  99  1.42927E-01  1.85217E+00 -1.50756E+01  7.43480E+01  2.00000E+01  7.37200E-02  7.37200E-02
b   7   13  7   15  99  1.45542E-01  1.43023E+00 -1.65019E+01  1.64315E+02  2.00000E+01  2.29700E-01  2.29700E-01
b   7   14  7   15  99  2.36069E-01  1.66088E-01  1.26447E+00 -4.07398E-01  2.03771E+00  1.58300E+00  1.58300E+00
b   7    1  7   16  98  0.00000E+00  0.00000E+00  0.00000E+00  0.00000E+00  0.00000E+00  3.22815E-01  6.45630E-03
b   7    2  7   16  99  4.52322E-01  4.34503E-01 -2.89978E+00  1.95761E+01  3.70077E+00  2.19520E-02  2.19520E-02
b   7    8  7   16  99  9.58532E-02  1.44930E+00 -2.60775E+01  1.49957E+02  1.28317E+01  2.04240E+00  2.04240E+00
b   7   10  7   16  99  1.87679E-01  2.42681E+00 -4.68425E+01  4.27571E+02  2.00000E+01  2.09400E-02  2.09400E-02
b   7   11  7   16  99  1.53253E-01  2.05640E+00 -1.16199E+01 -1.80087E+01  2.00000E+01  1.90300E-02  1.90300E-02
b   7   12  7   16  99  1.65539E-01  2.14614E+00 -1.85281E+01  1.24883E+02  2.00000E+01  3.64900E-02  3.64900E-02
b   7   13  7   16  99  1.82768E-01  1.81751E+00 -1.87980E+01  2.09573E+02  2.00000E+01  8.24800E-02  8.24800E-02
b   7   14  7   16  99  3.05584E-01  5.82536E-01  1.67096E+00 -6.30218E-01  2.17824E+00  2.56900E-01  2.56900E-01
b   7   15  7   16  99  2.54570E-01  6.96069E-02  2.05697E+00 -1.03506E+00  2.78572E+00  1.78000E+00  1.78000E+00
b   7    1  7   17  98  0.00000E+00  0.00000E+00  0.00000E+00  0.00000E+00  0.00000E+00  3.94426E-01  7.88853E-03
b   7    2  7   17  99  4.54347E-01  4.44586E-01 -2.91365E+00  1.96230E+01  3.69954E+00  1.56040E-02  1.56040E-02
b   7    9  7   17  99  9.58532E-02  1.44930E+00 -2.60775E+01  1.49957E+02  1.28317E+01  2.04240E+00  2.04240E+00
b   7   10  7   17  99  2.14275E-01  2.67395E+00 -6.23702E+01  6.61585E+02  2.00000E+01  1.43540E-02  1.43540E-02
b   7   11  7   17  99  1.61164E-01  2.16286E+00 -1.19790E+01 -1.41286E+01  2.00000E+01  1.22600E-02  1.22600E-02
b   7   12  7   17  99  1.78641E-01  2.35422E+00 -1.97388E+01  1.40334E+02  2.00000E+01  2.12400E-02  2.12400E-02
b   7   13  7   17  99  2.00244E-01  2.14100E+00 -1.97236E+01  2.16922E+02  2.00000E+01  4.04200E-02  4.04200E-02
b   7   14  7   17  99  3.43840E-01  9.71164E-01  1.76912E+00 -6.51494E-01  2.17707E+00  9.09900E-02  9.09900E-02
b   7   15  7   17  99  2.83905E-01  6.68480E-01  1.38986E+00 -4.57308E-01  2.08246E+00  2.83900E-01  2.83900E-01
b   7   16  7   17  99  5.26226E-01  3.09910E-02  5.31672E+00 -3.09154E+00  3.36718E+00  9.85200E-01  9.85200E-01
b   7    1  7   18  99  1.95608E-01  1.19075E+00 -1.53727E+01  6.14568E+01  6.02661E+00  2.49150E-01  2.49150E-01
b   7    1  7   19  99  1.01758E-01  1.98093E+00 -2.76042E+01  1.06940E+02  9.18684E+00  1.21980E-01  1.21980E-01
b   7    2  7   19  99  1.95608E-01  1.19075E+00 -1.53727E+01  6.14568E+01  6.02661E+00  3.32200E-01  3.32200E-01
b   7   18  7   19  99  9.58532E-02  1.44930E+00 -2.60775E+01  1.49957E+02  1.28317E+01  3.06360E+00  3.06360E+00
b   7    1  7   20  99  7.65118E-02  2.30996E+00 -3.73084E+01  1.36128E+02  1.27658E+01  4.52800E-02  4.52800E-02
b   7    3  7   20  99  1.95608E-01  1.19075E+00 -1.53727E+01  6.14568E+01  6.02661E+00  3.32200E-01  3.32200E-01
b   7   18  7   20  99  4.41306E-01  9.23534E-02 -2.30062E+00  1.97607E+01  3.73566E+00  6.82200E-01  6.82200E-01
b   7   19  7   20  99  7.61328E-02  9.86965E-01 -1.23484E+01  1.25193E+01  2.00000E+01  7.58700E-01  7.58700E-01
b   7    1  7   21  99  6.79452E-02  2.46860E+00 -4.52846E+01  4.86500E+00  2.00000E+01  2.18600E-02  2.18600E-02
b   7    4  7   21  99  1.95608E-01  1.19075E+00 -1.53727E+01  6.14568E+01  6.02661E+00  3.32200E-01  3.32200E-01
b   7   18  7   21  99  4.30022E-01  2.33352E-01 -2.46010E+00  1.88991E+01  3.71630E+00  2.70120E-01  2.70120E-01
b   7   19  7   21  99  1.44717E-01  9.77996E-01 -3.02841E+00  8.37975E+00  4.25743E+00  1.49200E-01  1.49200E-01
b   7   20  7   21  99  1.17224E-01  9.26090E-01 -1.99674E+01  2.16971E+02  2.00000E+01  9.83500E-01  9.83500E-01
b   7    1  7   22  99  7.17291E-02  2.67585E+00 -4.99226E+01  1.88802E+01  2.00000E+01  1.17100E-02  1.17100E-02
b   7    5  7   22  99  1.95608E-01  1.19075E+00 -1.53727E+01  6.14568E+01  6.02661E+00  3.32200E-01  3.32200E-01
b   7   18  7   22  99  4.50986E-01  3.45244E-01 -2.79356E+00  1.97079E+01  3.70012E+00  1.30260E-01  1.30260E-01
b   7   19  7   22  99  1.36971E-01  1.77831E+00 -2.19495E+01  8.44781E+01  2.00000E+01  5.48300E-02  5.48300E-02
b   7   20  7   22  99  1.29428E-01  1.51252E+00 -1.96770E+01  1.35748E+02  2.00000E+01  1.73300E-01  1.73300E-01
b   7   21  7   22  99  1.07620E-01  9.20412E-01 -1.60571E+01  1.57140E+02  2.00000E+01  1.17200E+00  1.17200E+00
b   7    1  7   23  99  7.09969E-02  2.64893E+00 -4.82387E+01 -4.09841E+00  2.00000E+01  7.22600E-03  7.22600E-03
b   7    6  7   23  99  1.95608E-01  1.19075E+00 -1.53727E+01  6.14568E+01  6.02661E+00  3.32200E-01  3.32200E-01
b   7   18  7   23  99  4.52853E-01  3.83711E-01 -2.82599E+00  1.96229E+01  3.69664E+00  7.60200E-02  7.60200E-02
b   7   19  7   23  99  1.61560E-01  2.11410E+00 -3.53455E+01  2.67192E+02  2.00000E+01  2.77600E-02  2.77600E-02
b   7   20  7   23  99  1.53755E-01  1.83316E+00 -2.23389E+01  1.66507E+02  2.00000E+01  6.49500E-02  6.49500E-02
b   7   21  7   23  99  1.56082E-01  1.42819E+00 -1.98385E+01  2.12099E+02  2.00000E+01  2.01600E-01  2.01600E-01
b   7   22  7   23  99  2.54616E-01  1.06592E-01  1.43311E+00 -4.76516E-01  2.05684E+00  1.38200E+00  1.38200E+00
b   7    1  7   24  99  7.18643E-02  2.66025E+00 -4.88500E+01  4.02835E+00  2.00000E+01  4.77400E-03  4.77400E-03
b   7    7  7   24  99  1.95608E-01  1.19075E+00 -1.53727E+01  6.14568E+01  6.02661E+00  3.32200E-01  3.32200E-01
b   7   18  7   24  99  4.51581E-01  4.16660E-01 -2.87688E+00  1.95606E+01  3.69846E+00  4.84920E-02  4.84920E-02
b   7   19  7   24  99  1.80895E-01  2.34111E+00 -4.52949E+01  4.09294E+02  2.00000E+01  1.62800E-02  1.62800E-02
b   7   20  7   24  99  1.46362E-01  1.90006E+00 -1.12267E+01 -1.51841E+01  2.00000E+01  3.25300E-02  3.25300E-02
b   7   21  7   24  99  1.42927E-01  1.85217E+00 -1.50756E+01  7.43480E+01  2.00000E+01  7.37200E-02  7.37200E-02
b   7   22  7   24  99  1.45542E-01  1.43023E+00 -1.65019E+01  1.64315E+02  2.00000E+01  2.29700E-01  2.29700E-01
b   7   23  7   24  99  2.36069E-01  1.66088E-01  1.26447E+00 -4.07398E-01  2.03771E+00  1.58300E+00  1.58300E+00
b   7    1  7   25  99  7.09245E-02  2.63577E+00 -4.74091E+01 -1.52074E+01  2.00000E+01  3.31600E-03  3.31600E-03
b   7    8  7   25  99  1.95608E-01  1.19075E+00 -1.53727E+01  6.14568E+01  6.02661E+00  3.32200E-01  3.32200E-01
b   7   18  7   25  99  4.52322E-01  4.34503E-01 -2.89978E+00  1.95761E+01  3.70077E+00  3.29280E-02  3.29280E-02
b   7   19  7   25  99  1.87679E-01  2.42681E+00 -4.68425E+01  4.27571E+02  2.00000E+01  1.04700E-02  1.04700E-02
b   7   20  7   25  99  1.53253E-01  2.05640E+00 -1.16199E+01 -1.80087E+01  2.00000E+01  1.90300E-02  1.90300E-02
b   7   21  7   25  99  1.65539E-01  2.14614E+00 -1.85281E+01  1.24883E+02  2.00000E+01  3.64900E-02  3.64900E-02
b   7   22  7   25  99  1.82768E-01  1.81751E+00 -1.87980E+01  2.09573E+02  2.00000E+01  8.24800E-02  8.24800E-02
b   7   23  7   25  99  3.05584E-01  5.82536E-01  1.67096E+00 -6.30218E-01  2.17824E+00  2.56900E-01  2.56900E-01
b   7   24  7   25  99  2.54570E-01  6.96069E-02  2.05697E+00 -1.03506E+00  2.78572E+00  1.78000E+00  1.78000E+00
b   7    1  7   26  99  7.14506E-02  2.64363E+00 -4.78463E+01 -9.38032E+00  2.00000E+01  2.39600E-03  2.39600E-03
b   7    9  7   26  99  1.95608E-01  1.19075E+00 -1.53727E+01  6.14568E+01  6.02661E+00  3.32200E-01  3.32200E-01
b   7   18  7   26  99  4.54347E-01  4.44586E-01 -2.91365E+00  1.96230E+01  3.69954E+00  2.34060E-02  2.34060E-02
b   7   19  7   26  99  2.14275E-01  2.67395E+00 -6.23702E+01  6.61585E+02  2.00000E+01  7.17700E-03  7.17700E-03
b   7   20  7   26  99  1.61164E-01  2.16286E+00 -1.19790E+01 -1.41286E+01  2.00000E+01  1.22600E-02  1.22600E-02
b   7   21  7   26  99  1.78641E-01  2.35422E+00 -1.97388E+01  1.40334E+02  2.00000E+01  2.12400E-02  2.12400E-02
b   7   22  7   26  99  2.00244E-01  2.14100E+00 -1.97236E+01  2.16922E+02  2.00000E+01  4.04200E-02  4.04200E-02
b   7   23  7   26  99  3.43840E-01  9.71164E-01  1.76912E+00 -6.51494E-01  2.17707E+00  9.09900E-02  9.09900E-02
b   7   24  7   26  99  2.83905E-01  6.68480E-01  1.38986E+00 -4.57308E-01  2.08246E+00  2.83900E-01  2.83900E-01
b   7   25  7   26  99  5.26226E-01  3.09910E-02  5.31672E+00 -3.09154E+00  3.36718E+00  9.85200E-01  9.85200E-01
f   7    1  6    1  99  5.00000E+00  2.39164E+01
p   7    1  6    1  98  1.40490E+00 -2.65530E+00 -7.66530E-02  4.87510E-03  5.00000E+00  1.79800E+03  1.87000E+03  3.59600E+04
f   7    2  6    1  99  1.00000E+00  2.14160E+01
p   7    2  6    1  99  1.00000E+00  2.14160E+01
f   7    3  6    1  99  1.00000E+00  2.11204E+01
p   7    3  6    1  99  1.00000E+00  2.11204E+01
f   7    4  6    1  99  1.00000E+00  2.10144E+01
p   7    4  6    1  99  1.00000E+00  2.10144E+01
f   7    5  6    1  99  1.00000E+00  2.10540E+01
p   7    5  6    1  99  1.00000E+00  2.10540E+01
f   7    6  6    1  99  1.00000E+00  2.10420E+01
p   7    6  6    1  99  1.00000E+00  2.10420E+01
f   7    7  6    1  99  1.00000E+00  2.10042E+01
p   7    7  6    1  99  1.00000E+00  2.10042E+01
f   7    8  6    1  99  1.00000E+00  2.10042E+01
p   7    8  6    1  99  1.00000E+00  2.10042E+01
f   7    9  6    1  99  1.00000E+00  2.10006E+01
p   7    9  6    1  99  1.00000E+00  2.10006E+01
f   7    2  6    2  99  4.00000E+00  2.14160E+01
p   7    2  6    2  98  1.40490E+00 -2.65530E+00 -7.66530E-02  4.87510E-03  5.00000E+00  1.79800E+03  1.87000E+03  3.59600E+04
f   7   10  6    2  99  2.00000E+00  2.19800E+01
p   7   10  6    2  99  2.00000E+00  2.19800E+01
f   7   11  6    2  99  1.00000E+00  2.11771E+01
p   7   11  6    2  99  1.00000E+00  2.11771E+01
f   7   12  6    2  99  1.00000E+00  2.10327E+01
p   7   12  6    2  99  1.00000E+00  2.10327E+01
f   7   13  6    2  99  1.00000E+00  2.10600E+01
p   7   13  6    2  99  1.00000E+00  2.10600E+01
f   7   14  6    2  99  1.00000E+00  2.10460E+01
p   7   14  6    2  99  1.00000E+00  2.10460E+01
f   7   15  6    2  99  1.00000E+00  2.10132E+01
p   7   15  6    2  99  1.00000E+00  2.10132E+01
f   7   16  6    2  99  1.00000E+00  2.10112E+01
p   7   16  6    2  99  1.00000E+00  2.10112E+01
f   7   17  6    2  99  1.00000E+00  2.10006E+01
p   7   17  6    2  99  1.00000E+00  2.10006E+01
f   7    3  6    3  99  4.00000E+00  2.11204E+01
p   7    3  6    3  98  1.40490E+00 -2.65530E+00 -7.66530E-02  4.87510E-03  5.00000E+00  1.79800E+03  1.87000E+03  3.59600E+04
f   7   11  6    3  99  1.00000E+00  2.11771E+01
p   7   11  6    3  99  1.00000E+00  2.11771E+01
f   7    4  6    4  99  4.00000E+00  2.10144E+01
p   7    4  6    4  98  1.40490E+00 -2.65530E+00 -7.66530E-02  4.87510E-03  5.00000E+00  1.79800E+03  1.87000E+03  3.59600E+04
f   7   12  6    4  99  1.00000E+00  2.10327E+01
p   7   12  6    4  99  1.00000E+00  2.10327E+01
f   7    5  6    5  99  4.00000E+00  2.10540E+01
p   7    5  6    5  98  1.40490E+00 -2.65530E+00 -7.66530E-02  4.87510E-03  5.00000E+00  1.79800E+03  1.87000E+03  3.59600E+04
f   7   13  6    5  99  1.00000E+00  2.10600E+01
p   7   13  6    5  99  1.00000E+00  2.10600E+01
f   7    6  6    6  99  4.00000E+00  2.10420E+01
p   7    6  6    6  98  1.40490E+00 -2.65530E+00 -7.66530E-02  4.87510E-03  5.00000E+00  1.79800E+03  1.87000E+03  3.59600E+04
f   7   14  6    6  99  1.00000E+00  2.10460E+01
p   7   14  6    6  99  1.00000E+00  2.10460E+01
f   7    7  6    7  99  4.00000E+00  2.10042E+01
p   7    7  6    7  98  1.40490E+00 -2.65530E+00 -7.66530E-02  4.87510E-03  5.00000E+00  1.79800E+03  1.87000E+03  3.59600E+04
f   7   15  6    7  99  1.00000E+00  2.10132E+01
p   7   15  6    7  99  1.00000E+00  2.10132E+01
f   7    8  6    8  99  4.00000E+00  2.10042E+01
p   7    8  6    8  98  1.40490E+00 -2.65530E+00 -7.66530E-02  4.87510E-03  5.00000E+00  1.79800E+03  1.87000E+03  3.59600E+04
f   7   16  6    8  99  1.00000E+00  2.10112E+01
p   7   16  6    8  99  1.00000E+00  2.10112E+01
f   7    9  6    9  99  4.00000E+00  2.10006E+01
p   7    9  6    9  98  1.40490E+00 -2.65530E+00 -7.66530E-02  4.87510E-03  5.00000E+00  1.79800E+03  1.87000E+03  3.59600E+04
f   7   17  6    9  99  1.00000E+00  2.10006E+01
p   7   17  6    9  99  1.00000E+00  2.10006E+01
f   7   10  6   10  99  3.00000E+00  2.19800E+01
p   7   10  6   10  98  1.40490E+00 -2.65530E+00 -7.66530E-02  4.87510E-03  5.00000E+00  1.79800E+03  1.87000E+03  3.59600E+04
f   7   11  6   11  99  3.00000E+00  2.11771E+01
p   7   11  6   11  98  1.40490E+00 -2.65530E+00 -7.66530E-02  4.87510E-03  5.00000E+00  1.79800E+03  1.87000E+03  3.59600E+04
f   7   12  6   12  99  3.00000E+00  2.10327E+01
p   7   12  6   12  98  1.40490E+00 -2.65530E+00 -7.66530E-02  4.87510E-03  5.00000E+00  1.79800E+03  1.87000E+03  3.59600E+04
f   7   13  6   13  99  3.00000E+00  2.10600E+01
p   7   13  6   13  98  1.40490E+00 -2.65530E+00 -7.66530E-02  4.87510E-03  5.00000E+00  1.79800E+03  1.87000E+03  3.59600E+04
f   7   14  6   14  99  3.00000E+00  2.10460E+01
p   7   14  6   14  98  1.40490E+00 -2.65530E+00 -7.66530E-02  4.87510E-03  5.00000E+00  1.79800E+03  1.87000E+03  3.59600E+04
f   7   15  6   15  99  3.00000E+00  2.10132E+01
p   7   15  6   15  98  1.40490E+00 -2.65530E+00 -7.66530E-02  4.87510E-03  5.00000E+00  1.79800E+03  1.87000E+03  3.59600E+04
f   7   16  6   16  99  3.00000E+00  2.10112E+01
p   7   16  6   16  98  1.40490E+00 -2.65530E+00 -7.66530E-02  4.87510E-03  5.00000E+00  1.79800E+03  1.87000E+03  3.59600E+04
f   7   17  6   17  99  3.00000E+00  2.10006E+01
p   7   17  6   17  98  1.40490E+00 -2.65530E+00 -7.66530E-02  4.87510E-03  5.00000E+00  1.79800E+03  1.87000E+03  3.59600E+04
f   7    1  6   18  99  2.00000E+00  2.39164E+01
p   7    1  6   18  98  1.97870E+00 -2.55610E+00 -1.87020E-01  2.26050E-02  2.00000E+00  8.72100E+03  9.07000E+03  1.74400E+05
f   7   18  6   18  99  6.00000E+00  2.45525E+01
p   7   18  6   18  98  1.40490E+00 -2.65530E+00 -7.66530E-02  4.87510E-03  5.00000E+00  1.79800E+03  1.87000E+03  3.59600E+04
f   7   19  6   18  99  1.00000E+00  2.14960E+01
p   7   19  6   18  99  1.00000E+00  2.14960E+01
f   7   20  6   18  99  1.00000E+00  2.11436E+01
p   7   20  6   18  99  1.00000E+00  2.11436E+01
f   7   21  6   18  99  1.00000E+00  2.10135E+01
p   7   21  6   18  99  1.00000E+00  2.10135E+01
f   7   22  6   18  99  1.00000E+00  2.10630E+01
p   7   22  6   18  99  1.00000E+00  2.10630E+01
f   7   23  6   18  99  1.00000E+00  2.10510E+01
p   7   23  6   18  99  1.00000E+00  2.10510E+01
f   7   24  6   18  99  1.00000E+00  2.10051E+01
p   7   24  6   18  99  1.00000E+00  2.10051E+01
f   7   25  6   18  99  1.00000E+00  2.10051E+01
p   7   25  6   18  99  1.00000E+00  2.10051E+01
f   7   26  6   18  99  1.00000E+00  2.10006E+01
p   7   26  6   18  99  1.00000E+00  2.10006E+01
f   7    2  6   19  99  2.00000E+00  2.14160E+01
p   7    2  6   19  98  1.97870E+00 -2.55610E+00 -1.87020E-01  2.26050E-02  2.00000E+00  8.72100E+03  9.07000E+03  1.74400E+05
f   7   19  6   19  99  5.00000E+00  2.14960E+01
p   7   19  6   19  98  1.40490E+00 -2.65530E+00 -7.66530E-02  4.87510E-03  5.00000E+00  1.79800E+03  1.87000E+03  3.59600E+04
f   7    3  6   20  99  2.00000E+00  2.11204E+01
p   7    3  6   20  98  1.97870E+00 -2.55610E+00 -1.87020E-01  2.26050E-02  2.00000E+00  8.72100E+03  9.07000E+03  1.74400E+05
f   7   20  6   20  99  5.00000E+00  2.11436E+01
p   7   20  6   20  98  1.40490E+00 -2.65530E+00 -7.66530E-02  4.87510E-03  5.00000E+00  1.79800E+03  1.87000E+03  3.59600E+04
f   7    4  6   21  99  2.00000E+00  2.10144E+01
p   7    4  6   21  98  1.97870E+00 -2.55610E+00 -1.87020E-01  2.26050E-02  2.00000E+00  8.72100E+03  9.07000E+03  1.74400E+05
f   7   21  6   21  99  5.00000E+00  2.10135E+01
p   7   21  6   21  98  1.40490E+00 -2.65530E+00 -7.66530E-02  4.87510E-03  5.00000E+00  1.79800E+03  1.87000E+03  3.59600E+04
f   7    5  6   22  99  2.00000E+00  2.10540E+01
p   7    5  6   22  98  1.97870E+00 -2.55610E+00 -1.87020E-01  2.26050E-02  2.00000E+00  8.72100E+03  9.07000E+03  1.74400E+05
f   7   22  6   22  99  5.00000E+00  2.10630E+01
p   7   22  6   22  98  1.40490E+00 -2.65530E+00 -7.66530E-02  4.87510E-03  5.00000E+00  1.79800E+03  1.87000E+03  3.59600E+04
f   7    6  6   23  99  2.00000E+00  2.10420E+01
p   7    6  6   23  98  1.97870E+00 -2.55610E+00 -1.87020E-01  2.26050E-02  2.00000E+00  8.72100E+03  9.07000E+03  1.74400E+05
f   7   23  6   23  99  5.00000E+00  2.10510E+01
p   7   23  6   23  98  1.40490E+00 -2.65530E+00 -7.66530E-02  4.87510E-03  5.00000E+00  1.79800E+03  1.87000E+03  3.59600E+04
f   7    7  6   24  99  2.00000E+00  2.10042E+01
p   7    7  6   24  98  1.97870E+00 -2.55610E+00 -1.87020E-01  2.26050E-02  2.00000E+00  8.72100E+03  9.07000E+03  1.74400E+05
f   7   24  6   24  99  5.00000E+00  2.10051E+01
p   7   24  6   24  98  1.40490E+00 -2.65530E+00 -7.66530E-02  4.87510E-03  5.00000E+00  1.79800E+03  1.87000E+03  3.59600E+04
f   7    8  6   25  99  2.00000E+00  2.10042E+01
p   7    8  6   25  98  1.97870E+00 -2.55610E+00 -1.87020E-01  2.26050E-02  2.00000E+00  8.72100E+03  9.07000E+03  1.74400E+05
f   7   25  6   25  99  5.00000E+00  2.10051E+01
p   7   25  6   25  98  1.40490E+00 -2.65530E+00 -7.66530E-02  4.87510E-03  5.00000E+00  1.79800E+03  1.87000E+03  3.59600E+04
f   7    9  6   26  99  2.00000E+00  2.10006E+01
p   7    9  6   26  98  1.97870E+00 -2.55610E+00 -1.87020E-01  2.26050E-02  2.00000E+00  8.72100E+03  9.07000E+03  1.74400E+05
f   7   26  6   26  99  5.00000E+00  2.10006E+01
p   7   26  6   26  98  1.40490E+00 -2.65530E+00 -7.66530E-02  4.87510E-03  5.00000E+00  1.79800E+03  1.87000E+03  3.59600E+04
a   7   10  6    1   1.38982E+14
a   7   11  6    1   2.63981E+13
a   7   12  6    1   8.47669E+12
a   7   13  6    1   3.40950E+12
a   7   14  6    1   1.57742E+12
a   7   15  6    1   8.09062E+11
a   7   16  6    1   4.48969E+11
a   7   17  6    1   2.65106E+11
a   7   18  6    1   6.41145E+14
a   7   19  6    1   2.04248E+13
a   7   20  6    1   4.53150E+12
a   7   21  6    1   1.43512E+12
a   7   22  6    1   5.68400E+11
a   7   23  6    1   2.62975E+11
a   7   24  6    1   1.34885E+11
a   7   25  6    1   7.48500E+10
a   7   26  6    1   4.42000E+10
a   7   19  6    2   4.27430E+14
a   7   20  6    3   4.27430E+14
a   7   21  6    4   4.27430E+14
a   7   22  6    5   4.27430E+14
a   7   23  6    6   4.27430E+14
a   7   24  6    7   4.27430E+14
a   7   25  6    8   4.27430E+14
a   7   26  6    9   4.27430E+14
b   8    1  8    2  99  8.86991E-02  1.78401E+00 -4.71592E+01  3.59004E+02  2.00000E+01  2.92800E+00  2.92800E+00
b   8    1  8    3  99  4.36773E-01  7.57452E-02 -2.22351E+00  1.94615E+01  3.73002E+00  6.75600E-01  6.75600E-01
b   8    2  8    3  99  7.67026E-02  9.78977E-01 -1.19606E+01  1.12124E+01  2.00000E+01  7.40800E-01  7.40800E-01
b   8    1  8    4  99  4.27663E-01  1.98139E-01 -2.35551E+00  1.87263E+01  3.71206E+00  2.70660E-01  2.70660E-01
b   8    2  8    4  99  1.11480E-01  1.16223E+00 -5.81837E+00  1.71054E+01  7.24192E+00  1.48100E-01  1.48100E-01
b   8    3  8    4  99  1.15887E-01  9.20166E-01 -1.92402E+01  2.07226E+02  2.00000E+01  9.72600E-01  9.72600E-01
b   8    1  8    5  99  4.51527E-01  3.00542E-01 -2.71221E+00  1.98113E+01  3.70469E+00  1.30740E-01  1.30740E-01
b   8    2  8    5  99  1.24015E-01  1.60113E+00 -1.11977E+01 -6.24900E+01  2.00000E+01  5.46200E-02  5.46200E-02
b   8    3  8    5  99  1.27421E-01  1.49754E+00 -1.83886E+01  1.19188E+02  2.00000E+01  1.71900E-01  1.71900E-01
b   8    4  8    5  99  2.81110E-01  2.61687E-02  1.71124E+00 -6.15559E-01  2.10849E+00  1.16400E+00  1.16400E+00
b   8    1  8    6  99  4.55257E-01  3.28097E-01 -2.71254E+00  1.97759E+01  3.70476E+00  7.65000E-02  7.65000E-02
b   8    2  8    6  99  1.46711E-01  1.88599E+00 -2.18681E+01  8.37757E+01  2.00000E+01  2.77500E-02  2.77500E-02
b   8    3  8    6  99  1.51619E-01  1.81818E+00 -2.13224E+01  1.54889E+02  2.00000E+01  6.46400E-02  6.46400E-02
b   8    4  8    6  99  1.56162E-01  1.42109E+00 -1.92972E+01  2.07553E+02  2.00000E+01  2.00400E-01  2.00400E-01
b   8    5  8    6  99  2.49354E-01  1.30537E-01  1.35717E+00 -4.25780E-01  2.03552E+00  1.37700E+00  1.37700E+00
b   8    1  8    7  99  4.49847E-01  3.69942E-01 -2.77882E+00  1.94904E+01  3.69536E+00  4.88880E-02  4.88880E-02
b   8    2  8    7  99  1.53973E-01  2.05613E+00 -2.62675E+01  1.33882E+02  2.00000E+01  1.63100E-02  1.63100E-02
b   8    3  8    7  99  1.62482E-01  2.03447E+00 -2.21260E+01  1.56133E+02  2.00000E+01  3.24400E-02  3.24400E-02
b   8    4  8    7  99  1.82151E-01  1.78015E+00 -2.05381E+01  2.21981E+02  2.00000E+01  7.34000E-02  7.34000E-02
b   8    5  8    7  99  3.19412E-01  5.24553E-01  1.76237E+00 -6.56582E-01  2.14891E+00  2.28800E-01  2.28800E-01
b   8    6  8    7  99  2.67493E-01  3.22014E-02  2.20824E+00 -1.12171E+00  2.78914E+00  1.57900E+00  1.57900E+00
b   8    1  8    8  99  4.57188E-01  3.66569E-01 -2.75097E+00  1.97441E+01  3.70427E+00  3.32340E-02  3.32340E-02
b   8    2  8    8  99  1.69732E-01  2.21860E+00 -3.39866E+01  2.46856E+02  2.00000E+01  1.05000E-02  1.05000E-02
b   8    3  8    8  99  1.53455E-01  2.03856E+00 -1.13643E+01 -1.45108E+01  2.00000E+01  1.90000E-02  1.90000E-02
b   8    4  8    8  99  1.62794E-01  2.11182E+00 -1.64048E+01  9.85381E+01  2.00000E+01  3.63800E-02  3.63800E-02
b   8    5  8    8  99  1.80288E-01  1.82281E+00 -1.84730E+01  2.03981E+02  2.00000E+01  8.22100E-02  8.22100E-02
b   8    6  8    8  99  3.00865E-01  6.03453E-01  1.60221E+00 -5.95870E-01  2.13895E+00  2.56200E-01  2.56200E-01
b   8    7  8    8  99  2.51095E-01  8.77907E-02  1.99632E+00 -9.90196E-01  2.77619E+00  1.77800E+00  1.77800E+00
b   8    1  8    9  99  4.53993E-01  3.90023E-01 -2.79599E+00  1.95960E+01  3.69796E+00  2.36400E-02  2.36400E-02
b   8    2  8    9  99  1.71334E-01  2.26899E+00 -3.39226E+01  2.40369E+02  2.00000E+01  7.20400E-03  7.20400E-03
b   8    3  8    9  99  1.57768E-01  2.15314E+00 -1.15674E+01 -1.78710E+01  2.00000E+01  1.22500E-02  1.22500E-02
b   8    4  8    9  99  1.78080E-01  2.34422E+00 -1.93590E+01  1.39070E+02  2.00000E+01  2.11900E-02  2.11900E-02
b   8    5  8    9  99  2.03181E-01  2.12316E+00 -1.95158E+01  2.23092E+02  2.00000E+01  4.03100E-02  4.03100E-02
b   8    6  8    9  99  3.41017E-01  9.81853E-01  1.77112E+00 -6.77485E-01  2.19535E+00  9.07500E-02  9.07500E-02
b   8    7  8    9  99  2.79716E-01  6.87657E-01  1.33388E+00 -4.20795E-01  2.06866E+00  2.83200E-01  2.83200E-01
b   8    8  8    9  99  5.18450E-01  6.07800E-02  5.20866E+00 -3.00177E+00  3.38627E+00  9.88400E-01  9.88400E-01
b   8    1  8   10  98  0.00000E+00  0.00000E+00  0.00000E+00  0.00000E+00  0.00000E+00  1.09232E-01  2.18463E-03
b   8    2  8   10  99  8.86991E-02  1.78401E+00 -4.71592E+01  3.59004E+02  2.00000E+01  2.30444E+00  2.30444E+00
b   8    1  8   11  98  0.00000E+00  0.00000E+00  0.00000E+00  0.00000E+00  0.00000E+00  1.55108E-01  3.10217E-03
b   8    2  8   11  99  4.36773E-01  7.57452E-02 -2.22351E+00  1.94615E+01  3.73002E+00  5.63000E-01  5.63000E-01
b   8    3  8   11  99  8.86991E-02  1.78401E+00 -4.71592E+01  3.59004E+02  2.00000E+01  2.44000E+00  2.44000E+00
b   8   10  8   11  99  7.67026E-02  9.78977E-01 -1.19606E+01  1.12124E+01  2.00000E+01  1.48160E+00  1.48160E+00
b   8    1  8   12  98  0.00000E+00  0.00000E+00  0.00000E+00  0.00000E+00  0.00000E+00  2.17618E-01  4.35236E-03
b   8    2  8   12  99  4.27663E-01  1.98139E-01 -2.35551E+00  1.87263E+01  3.71206E+00  2.25550E-01  2.25550E-01
b   8    4  8   12  99  8.86991E-02  1.78401E+00 -4.71592E+01  3.59004E+02  2.00000E+01  2.44000E+00  2.44000E+00
b   8   10  8   12  99  1.11480E-01  1.16223E+00 -5.81837E+00  1.71054E+01  7.24192E+00  2.96200E-01  2.96200E-01
b   8   11  8   12  99  1.15887E-01  9.20166E-01 -1.92402E+01  2.07226E+02  2.00000E+01  9.72600E-01  9.72600E-01
b   8    1  8   13  98  0.00000E+00  0.00000E+00  0.00000E+00  0.00000E+00  0.00000E+00  2.96894E-01  5.93788E-03
b   8    2  8   13  99  4.51527E-01  3.00542E-01 -2.71221E+00  1.98113E+01  3.70469E+00  1.08950E-01  1.08950E-01
b   8    5  8   13  99  8.86991E-02  1.78401E+00 -4.71592E+01  3.59004E+02  2.00000E+01  2.44000E+00  2.44000E+00
b   8   10  8   13  99  1.24015E-01  1.60113E+00 -1.11977E+01 -6.24900E+01  2.00000E+01  1.09240E-01  1.09240E-01
b   8   11  8   13  99  1.27421E-01  1.49754E+00 -1.83886E+01  1.19188E+02  2.00000E+01  1.71900E-01  1.71900E-01
b   8   12  8   13  99  2.81110E-01  2.61687E-02  1.71124E+00 -6.15559E-01  2.10849E+00  1.16400E+00  1.16400E+00
b   8    1  8   14  98  0.00000E+00  0.00000E+00  0.00000E+00  0.00000E+00  0.00000E+00  3.91121E-01  7.82242E-03
b   8    2  8   14  99  4.55257E-01  3.28097E-01 -2.71254E+00  1.97759E+01  3.70476E+00  6.37500E-02  6.37500E-02
b   8    6  8   14  99  8.86991E-02  1.78401E+00 -4.71592E+01  3.59004E+02  2.00000E+01  2.44000E+00  2.44000E+00
b   8   10  8   14  99  1.46711E-01  1.88599E+00 -2.18681E+01  8.37757E+01  2.00000E+01  5.55000E-02  5.55000E-02
b   8   11  8   14  99  1.51619E-01  1.81818E+00 -2.13224E+01  1.54889E+02  2.00000E+01  6.46400E-02  6.46400E-02
b   8   12  8   14  99  1.56162E-01  1.42109E+00 -1.92972E+01  2.07553E+02  2.00000E+01  2.00400E-01  2.00400E-01
b   8   13  8   14  99  2.49354E-01  1.30537E-01  1.35717E+00 -4.25780E-01  2.03552E+00  1.37700E+00  1.37700E+00
b   8    1  8   15  98  0.00000E+00  0.00000E+00  0.00000E+00  0.00000E+00  0.00000E+00  5.00141E-01  1.00028E-02
b   8    2  8   15  99  4.49847E-01  3.69942E-01 -2.77882E+00  1.94904E+01  3.69536E+00  4.07400E-02  4.07400E-02
b   8    7  8   15  99  8.86991E-02  1.78401E+00 -4.71592E+01  3.59004E+02  2.00000E+01  2.44000E+00  2.44000E+00
b   8   10  8   15  99  1.53973E-01  2.05613E+00 -2.62675E+01  1.33882E+02  2.00000E+01  3.26200E-02  3.26200E-02
b   8   11  8   15  99  1.62482E-01  2.03447E+00 -2.21260E+01  1.56133E+02  2.00000E+01  3.24400E-02  3.24400E-02
b   8   12  8   15  99  1.82151E-01  1.78015E+00 -2.05381E+01  2.21981E+02  2.00000E+01  7.34000E-02  7.34000E-02
b   8   13  8   15  99  3.19412E-01  5.24553E-01  1.76237E+00 -6.56582E-01  2.14891E+00  2.28800E-01  2.28800E-01
b   8   14  8   15  99  2.67493E-01  3.22014E-02  2.20824E+00 -1.12171E+00  2.78914E+00  1.57900E+00  1.57900E+00
b   8    1  8   16  98  0.00000E+00  0.00000E+00  0.00000E+00  0.00000E+00  0.00000E+00  6.24156E-01  1.24831E-02
b   8    2  8   16  99  4.57188E-01  3.66569E-01 -2.75097E+00  1.97441E+01  3.70427E+00  2.76950E-02  2.76950E-02
b   8    8  8   16  99  8.86991E-02  1.78401E+00 -4.71592E+01  3.59004E+02  2.00000E+01  2.44000E+00  2.44000E+00
b   8   10  8   16  99  1.69732E-01  2.21860E+00 -3.39866E+01  2.46856E+02  2.00000E+01  2.10000E-02  2.10000E-02
b   8   11  8   16  99  1.53455E-01  2.03856E+00 -1.13643E+01 -1.45108E+01  2.00000E+01  1.90000E-02  1.90000E-02
b   8   12  8   16  99  1.62794E-01  2.11182E+00 -1.64048E+01  9.85381E+01  2.00000E+01  3.63800E-02  3.63800E-02
b   8   13  8   16  99  1.80288E-01  1.82281E+00 -1.84730E+01  2.03981E+02  2.00000E+01  8.22100E-02  8.22100E-02
b   8   14  8   16  99  3.00865E-01  6.03453E-01  1.60221E+00 -5.95870E-01  2.13895E+00  2.56200E-01  2.56200E-01
b   8   15  8   16  99  2.51095E-01  8.77907E-02  1.99632E+00 -9.90196E-01  2.77619E+00  1.77800E+00  1.77800E+00
b   8    1  8   17  98  0.00000E+00  0.00000E+00  0.00000E+00  0.00000E+00  0.00000E+00  7.62910E-01  1.52582E-02
b   8    2  8   17  99  4.53993E-01  3.90023E-01 -2.79599E+00  1.95960E+01  3.69796E+00  1.97000E-02  1.97000E-02
b   8    9  8   17  99  8.86991E-02  1.78401E+00 -4.71592E+01  3.59004E+02  2.00000E+01  2.44000E+00  2.44000E+00
b   8   10  8   17  99  1.71334E-01  2.26899E+00 -3.39226E+01  2.40369E+02  2.00000E+01  1.44080E-02  1.44080E-02
b   8   11  8   17  99  1.57768E-01  2.15314E+00 -1.15674E+01 -1.78710E+01  2.00000E+01  1.22500E-02  1.22500E-02
b   8   12  8   17  99  1.78080E-01  2.34422E+00 -1.93590E+01  1.39070E+02  2.00000E+01  2.11900E-02  2.11900E-02
b   8   13  8   17  99  2.03181E-01  2.12316E+00 -1.95158E+01  2.23092E+02  2.00000E+01  4.03100E-02  4.03100E-02
b   8   14  8   17  99  3.41017E-01  9.81853E-01  1.77112E+00 -6.77485E-01  2.19535E+00  9.07500E-02  9.07500E-02
b   8   15  8   17  99  2.79716E-01  6.87657E-01  1.33388E+00 -4.20795E-01  2.06866E+00  2.83200E-01  2.83200E-01
b   8   16  8   17  99  5.18450E-01  6.07800E-02  5.20866E+00 -3.00177E+00  3.38627E+00  9.88400E-01  9.88400E-01
b   8    1  8   18  99  1.99246E-01  1.17017E+00 -1.50725E+01  6.02022E+01  5.95051E+00  1.61650E-01  1.61650E-01
b   8    1  8   19  99  1.12631E-01  1.86818E+00 -2.47889E+01  9.44810E+01  8.36879E+00  1.16300E-01  1.16300E-01
b   8    2  8   19  99  1.99246E-01  1.17017E+00 -1.50725E+01  6.02022E+01  5.95051E+00  2.42475E-01  2.42475E-01
b   8   18  8   19  99  8.86991E-02  1.78401E+00 -4.71592E+01  3.59004E+02  2.00000E+01  3.41600E+00  3.41600E+00
b   8    1  8   20  99  8.29666E-02  2.19086E+00 -3.30287E+01  1.24723E+02  1.11063E+01  4.31200E-02  4.31200E-02
b   8    3  8   20  99  1.99246E-01  1.17017E+00 -1.50725E+01  6.02022E+01  5.95051E+00  2.42475E-01  2.42475E-01
b   8   18  8   20  99  4.36773E-01  7.57452E-02 -2.22351E+00  1.94615E+01  3.73002E+00  7.88200E-01  7.88200E-01
b   8   19  8   20  99  7.67026E-02  9.78977E-01 -1.19606E+01  1.12124E+01  2.00000E+01  7.40800E-01  7.40800E-01
b   8    1  8   21  99  6.79797E-02  2.47343E+00 -4.68636E+01  3.34595E+01  2.00000E+01  2.08200E-02  2.08200E-02
b   8    4  8   21  99  1.99246E-01  1.17017E+00 -1.50725E+01  6.02022E+01  5.95051E+00  2.42475E-01  2.42475E-01
b   8   18  8   21  99  4.27663E-01  1.98139E-01 -2.35551E+00  1.87263E+01  3.71206E+00  3.15770E-01  3.15770E-01
b   8   19  8   21  99  1.11480E-01  1.16223E+00 -5.81837E+00  1.71054E+01  7.24192E+00  1.48100E-01  1.48100E-01
b   8   20  8   21  99  1.15887E-01  9.20166E-01 -1.92402E+01  2.07226E+02  2.00000E+01  9.72600E-01  9.72600E-01
b   8    1  8   22  99  7.15054E-02  2.65894E+00 -5.05935E+01  3.76473E+01  2.00000E+01  1.11360E-02  1.11360E-02
b   8    5  8   22  99  1.99246E-01  1.17017E+00 -1.50725E+01  6.02022E+01  5.95051E+00  2.42475E-01  2.42475E-01
b   8   18  8   22  99  4.51527E-01  3.00542E-01 -2.71221E+00  1.98113E+01  3.70469E+00  1.52530E-01  1.52530E-01
b   8   19  8   22  99  1.24015E-01  1.60113E+00 -1.11977E+01 -6.24900E+01  2.00000E+01  5.46200E-02  5.46200E-02
b   8   20  8   22  99  1.27421E-01  1.49754E+00 -1.83886E+01  1.19188E+02  2.00000E+01  1.71900E-01  1.71900E-01
b   8   21  8   22  99  2.81110E-01  2.61687E-02  1.71124E+00 -6.15559E-01  2.10849E+00  1.16400E+00  1.16400E+00
b   8    1  8   23  99  7.13304E-02  2.65468E+00 -5.01808E+01  3.12405E+01  2.00000E+01  6.86800E-03  6.86800E-03
b   8    6  8   23  99  1.99246E-01  1.17017E+00 -1.50725E+01  6.02022E+01  5.95051E+00  2.42475E-01  2.42475E-01
b   8   18  8   23  99  4.55257E-01  3.28097E-01 -2.71254E+00  1.97759E+01  3.70476E+00  8.92500E-02  8.92500E-02
b   8   19  8   23  99  1.46711E-01  1.88599E+00 -2.18681E+01  8.37757E+01  2.00000E+01  2.77500E-02  2.77500E-02
b   8   20  8   23  99  1.51619E-01  1.81818E+00 -2.13224E+01  1.54889E+02  2.00000E+01  6.46400E-02  6.46400E-02
b   8   21  8   23  99  1.56162E-01  1.42109E+00 -1.92972E+01  2.07553E+02  2.00000E+01  2.00400E-01  2.00400E-01
b   8   22  8   23  99  2.49354E-01  1.30537E-01  1.35717E+00 -4.25780E-01  2.03552E+00  1.37700E+00  1.37700E+00
b   8    1  8   24  99  7.12193E-02  2.65248E+00 -4.99725E+01  2.80916E+01  2.00000E+01  4.53400E-03  4.53400E-03
b   8    7  8   24  99  1.99246E-01  1.17017E+00 -1.50725E+01  6.02022E+01  5.95051E+00  2.42475E-01  2.42475E-01
b   8   18  8   24  99  4.49847E-01  3.69942E-01 -2.77882E+00  1.94904E+01  3.69536E+00  5.70360E-02  5.70360E-02
b   8   19  8   24  99  1.53973E-01  2.05613E+00 -2.62675E+01  1.33882E+02  2.00000E+01  1.63100E-02  1.63100E-02
b   8   20  8   24  99  1.62482E-01  2.03447E+00 -2.21260E+01  1.56133E+02  2.00000E+01  3.24400E-02  3.24400E-02
b   8   21  8   24  99  1.82151E-01  1.78015E+00 -2.05381E+01  2.21981E+02  2.00000E+01  7.34000E-02  7.34000E-02
b   8   22  8   24  99  3.19412E-01  5.24553E-01  1.76237E+00 -6.56582E-01  2.14891E+00  2.28800E-01  2.28800E-01
b   8   23  8   24  99  2.67493E-01  3.22014E-02  2.20824E+00 -1.12171E+00  2.78914E+00  1.57900E+00  1.57900E+00
b   8    1  8   25  99  7.10013E-02  2.63751E+00 -4.91733E+01  1.80402E+01  2.00000E+01  3.14800E-03  3.14800E-03
b   8    8  8   25  99  1.99246E-01  1.17017E+00 -1.50725E+01  6.02022E+01  5.95051E+00  2.42475E-01  2.42475E-01
b   8   18  8   25  99  4.57188E-01  3.66569E-01 -2.75097E+00  1.97441E+01  3.70427E+00  3.87730E-02  3.87730E-02
b   8   19  8   25  99  1.69732E-01  2.21860E+00 -3.39866E+01  2.46856E+02  2.00000E+01  1.05000E-02  1.05000E-02
b   8   20  8   25  99  1.53455E-01  2.03856E+00 -1.13643E+01 -1.45108E+01  2.00000E+01  1.90000E-02  1.90000E-02
b   8   21  8   25  99  1.62794E-01  2.11182E+00 -1.64048E+01  9.85381E+01  2.00000E+01  3.63800E-02  3.63800E-02
b   8   22  8   25  99  1.80288E-01  1.82281E+00 -1.84730E+01  2.03981E+02  2.00000E+01  8.22100E-02  8.22100E-02
b   8   23  8   25  99  3.00865E-01  6.03453E-01  1.60221E+00 -5.95870E-01  2.13895E+00  2.56200E-01  2.56200E-01
b   8   24  8   25  99  2.51095E-01  8.77907E-02  1.99632E+00 -9.90196E-01  2.77619E+00  1.77800E+00  1.77800E+00
b   8    1  8   26  99  7.05694E-02  2.62921E+00 -4.86611E+01  1.10334E+01  2.00000E+01  2.27400E-03  2.27400E-03
b   8    9  8   26  99  1.99246E-01  1.17017E+00 -1.50725E+01  6.02022E+01  5.95051E+00  2.42475E-01  2.42475E-01
b   8   18  8   26  99  4.53993E-01  3.90023E-01 -2.79599E+00  1.95960E+01  3.69796E+00  2.75800E-02  2.75800E-02
b   8   19  8   26  99  1.71334E-01  2.26899E+00 -3.39226E+01  2.40369E+02  2.00000E+01  7.20400E-03  7.20400E-03
b   8   20  8   26  99  1.57768E-01  2.15314E+00 -1.15674E+01 -1.78710E+01  2.00000E+01  1.22500E-02  1.22500E-02
b   8   21  8   26  99  1.78080E-01  2.34422E+00 -1.93590E+01  1.39070E+02  2.00000E+01  2.11900E-02  2.11900E-02
b   8   22  8   26  99  2.03181E-01  2.12316E+00 -1.95158E+01  2.23092E+02  2.00000E+01  4.03100E-02  4.03100E-02
b   8   23  8   26  99  3.41017E-01  9.81853E-01  1.77112E+00 -6.77485E-01  2.19535E+00  9.07500E-02  9.07500E-02
b   8   24  8   26  99  2.79716E-01  6.87657E-01  1.33388E+00 -4.20795E-01  2.06866E+00  2.83200E-01  2.83200E-01
b   8   25  8   26  99  5.18450E-01  6.07800E-02  5.20866E+00 -3.00177E+00  3.38627E+00  9.88400E-01  9.88400E-01
f   8    1  7    1  99  6.00000E+00  2.36145E+01
p   8    1  7    1  98  1.44820E+00 -2.63190E+00 -8.13120E-02  5.28870E-03  6.00000E+00  1.70100E+03  1.76900E+03  3.40200E+04
f   8    2  7    1  99  1.00000E+00  2.05120E+01
p   8    2  7    1  99  1.00000E+00  2.05120E+01
f   8    3  7    1  99  1.00000E+00  2.01482E+01
p   8    3  7    1  99  1.00000E+00  2.01482E+01
f   8    4  7    1  99  1.00000E+00  2.00165E+01
p   8    4  7    1  99  1.00000E+00  2.00165E+01
f   8    5  7    1  99  1.00000E+00  2.00660E+01
p   8    5  7    1  99  1.00000E+00  2.00660E+01
f   8    6  7    1  99  1.00000E+00  2.00520E+01
p   8    6  7    1  99  1.00000E+00  2.00520E+01
f   8    7  7    1  99  1.00000E+00  2.00052E+01
p   8    7  7    1  99  1.00000E+00  2.00052E+01
f   8    8  7    1  99  1.00000E+00  2.00052E+01
p   8    8  7    1  99  1.00000E+00  2.00052E+01
f   8    9  7    1  99  1.00000E+00  2.00007E+01
p   8    9  7    1  99  1.00000E+00  2.00007E+01
f   8    2  7    2  99  5.00000E+00  2.05120E+01
p   8    2  7    2  98  1.44820E+00 -2.63190E+00 -8.13120E-02  5.28870E-03  6.00000E+00  1.70100E+03  1.76900E+03  3.40200E+04
f   8   10  7    2  99  2.00000E+00  2.10760E+01
p   8   10  7    2  99  2.00000E+00  2.10760E+01
f   8   11  7    2  99  1.00000E+00  2.02049E+01
p   8   11  7    2  99  1.00000E+00  2.02049E+01
f   8   12  7    2  99  1.00000E+00  2.00348E+01
p   8   12  7    2  99  1.00000E+00  2.00348E+01
f   8   13  7    2  99  1.00000E+00  2.00720E+01
p   8   13  7    2  99  1.00000E+00  2.00720E+01
f   8   14  7    2  99  1.00000E+00  2.00560E+01
p   8   14  7    2  99  1.00000E+00  2.00560E+01
f   8   15  7    2  99  1.00000E+00  2.00142E+01
p   8   15  7    2  99  1.00000E+00  2.00142E+01
f   8   16  7    2  99  1.00000E+00  2.00122E+01
p   8   16  7    2  99  1.00000E+00  2.00122E+01
f   8   17  7    2  99  1.00000E+00  2.00007E+01
p   8   17  7    2  99  1.00000E+00  2.00007E+01
f   8    3  7    3  99  5.00000E+00  2.01482E+01
p   8    3  7    3  98  1.44820E+00 -2.63190E+00 -8.13120E-02  5.28870E-03  6.00000E+00  1.70100E+03  1.76900E+03  3.40200E+04
f   8   11  7    3  99  1.00000E+00  2.02049E+01
p   8   11  7    3  99  1.00000E+00  2.02049E+01
f   8    4  7    4  99  5.00000E+00  2.00165E+01
p   8    4  7    4  98  1.44820E+00 -2.63190E+00 -8.13120E-02  5.28870E-03  6.00000E+00  1.70100E+03  1.76900E+03  3.40200E+04
f   8   12  7    4  99  1.00000E+00  2.00348E+01
p   8   12  7    4  99  1.00000E+00  2.00348E+01
f   8    5  7    5  99  5.00000E+00  2.00660E+01
p   8    5  7    5  98  1.44820E+00 -2.63190E+00 -8.13120E-02  5.28870E-03  6.00000E+00  1.70100E+03  1.76900E+03  3.40200E+04
f   8   13  7    5  99  1.00000E+00  2.00720E+01
p   8   13  7    5  99  1.00000E+00  2.00720E+01
f   8    6  7    6  99  5.00000E+00  2.00520E+01
p   8    6  7    6  98  1.44820E+00 -2.63190E+00 -8.13120E-02  5.28870E-03  6.00000E+00  1.70100E+03  1.76900E+03  3.40200E+04
f   8   14  7    6  99  1.00000E+00  2.00560E+01
p   8   14  7    6  99  1.00000E+00  2.00560E+01
f   8    7  7    7  99  5.00000E+00  2.00052E+01
p   8    7  7    7  98  1.44820E+00 -2.63190E+00 -8.13120E-02  5.28870E-03  6.00000E+00  1.70100E+03  1.76900E+03  3.40200E+04
f   8   15  7    7  99  1.00000E+00  2.00142E+01
p   8   15  7    7  99  1.00000E+00  2.00142E+01
f   8    8  7    8  99  5.00000E+00  2.00052E+01
p   8    8  7    8  98  1.44820E+00 -2.63190E+00 -8.13120E-02  5.28870E-03  6.00000E+00  1.70100E+03  1.76900E+03  3.40200E+04
f   8   16  7    8  99  1.00000E+00  2.00122E+01
p   8   16  7    8  99  1.00000E+00  2.00122E+01
f   8    9  7    9  99  5.00000E+00  2.00007E+01
p   8    9  7    9  98  1.44820E+00 -2.63190E+00 -8.13120E-02  5.28870E-03  6.00000E+00  1.70100E+03  1.76900E+03  3.40200E+04
f   8   17  7    9  99  1.00000E+00  2.00007E+01
p   8   17  7    9  99  1.00000E+00  2.00007E+01
f   8   10  7   10  99  4.00000E+00  2.10760E+01
p   8   10  7   10  98  1.44820E+00 -2.63190E+00 -8.13120E-02  5.28870E-03  6.00000E+00  1.70100E+03  1.76900E+03  3.40200E+04
f   8   11  7   11  99  4.00000E+00  2.02049E+01
p   8   11  7   11  98  1.44820E+00 -2.63190E+00 -8.13120E-02  5.28870E-03  6.00000E+00  1.70100E+03  1.76900E+03  3.40200E+04
f   8   12  7   12  99  4.00000E+00  2.00348E+01
p   8   12  7   12  98  1.44820E+00 -2.63190E+00 -8.13120E-02  5.28870E-03  6.00000E+00  1.70100E+03  1.76900E+03  3.40200E+04
f   8   13  7   13  99  4.00000E+00  2.00720E+01
p   8   13  7   13  98  1.44820E+00 -2.63190E+00 -8.13120E-02  5.28870E-03  6.00000E+00  1.70100E+03  1.76900E+03  3.40200E+04
f   8   14  7   14  99  4.00000E+00  2.00560E+01
p   8   14  7   14  98  1.44820E+00 -2.63190E+00 -8.13120E-02  5.28870E-03  6.00000E+00  1.70100E+03  1.76900E+03  3.40200E+04
f   8   15  7   15  99  4.00000E+00  2.00142E+01
p   8   15  7   15  98  1.44820E+00 -2.63190E+00 -8.13120E-02  5.28870E-03  6.00000E+00  1.70100E+03  1.76900E+03  3.40200E+04
f   8   16  7   16  99  4.00000E+00  2.00122E+01
p   8   16  7   16  98  1.44820E+00 -2.63190E+00 -8.13120E-02  5.28870E-03  6.00000E+00  1.70100E+03  1.76900E+03  3.40200E+04
f   8   17  7   17  99  4.00000E+00  2.00007E+01
p   8   17  7   17  98  1.44820E+00 -2.63190E+00 -8.13120E-02  5.28870E-03  6.00000E+00  1.70100E+03  1.76900E+03  3.40200E+04
f   8    1  7   18  99  2.00000E+00  2.36145E+01
p   8    1  7   18  98  2.00130E+00 -2.54940E+00 -1.87630E-01  2.24200E-02  2.00000E+00  8.58000E+03  8.92300E+03  1.71600E+05
f   8   18  7   18  99  7.00000E+00  2.42506E+01
p   8   18  7   18  98  1.44820E+00 -2.63190E+00 -8.13120E-02  5.28870E-03  6.00000E+00  1.70100E+03  1.76900E+03  3.40200E+04
f   8   19  7   18  99  1.00000E+00  2.05920E+01
p   8   19  7   18  99  1.00000E+00  2.05920E+01
f   8   20  7   18  99  1.00000E+00  2.01714E+01
p   8   20  7   18  99  1.00000E+00  2.01714E+01
f   8   21  7   18  99  1.00000E+00  2.00156E+01
p   8   21  7   18  99  1.00000E+00  2.00156E+01
f   8   22  7   18  99  1.00000E+00  2.00750E+01
p   8   22  7   18  99  1.00000E+00  2.00750E+01
f   8   23  7   18  99  1.00000E+00  2.00610E+01
p   8   23  7   18  99  1.00000E+00  2.00610E+01
f   8   24  7   18  99  1.00000E+00  2.00061E+01
p   8   24  7   18  99  1.00000E+00  2.00061E+01
f   8   25  7   18  99  1.00000E+00  2.00061E+01
p   8   25  7   18  99  1.00000E+00  2.00061E+01
f   8   26  7   18  99  1.00000E+00  2.00007E+01
p   8   26  7   18  99  1.00000E+00  2.00007E+01
f   8    2  7   19  99  2.00000E+00  2.05120E+01
p   8    2  7   19  98  2.00130E+00 -2.54940E+00 -1.87630E-01  2.24200E-02  2.00000E+00  8.58000E+03  8.92300E+03  1.71600E+05
f   8   19  7   19  99  6.00000E+00  2.05920E+01
p   8   19  7   19  98  1.44820E+00 -2.63190E+00 -8.13120E-02  5.28870E-03  6.00000E+00  1.70100E+03  1.76900E+03  3.40200E+04
f   8    3  7   20  99  2.00000E+00  2.01482E+01
p   8    3  7   20  98  2.00130E+00 -2.54940E+00 -1.87630E-01  2.24200E-02  2.00000E+00  8.58000E+03  8.92300E+03  1.71600E+05
f   8   20  7   20  99  6.00000E+00  2.01714E+01
p   8   20  7   20  98  1.44820E+00 -2.63190E+00 -8.13120E-02  5.28870E-03  6.00000E+00  1.70100E+03  1.76900E+03  3.40200E+04
f   8    4  7   21  99  2.00000E+00  2.00165E+01
p   8    4  7   21  98  2.00130E+00 -2.54940E+00 -1.87630E-01  2.24200E-02  2.00000E+00  8.58000E+03  8.92300E+03  1.71600E+05
f   8   21  7   21  99  6.00000E+00  2.00156E+01
p   8   21  7   21  98  1.44820E+00 -2.63190E+00 -8.13120E-02  5.28870E-03  6.00000E+00  1.70100E+03  1.76900E+03  3.40200E+04
f   8    5  7   22  99  2.00000E+00  2.00660E+01
p   8    5  7   22  98  2.00130E+00 -2.54940E+00 -1.87630E-01  2.24200E-02  2.00000E+00  8.58000E+03  8.92300E+03  1.71600E+05
f   8   22  7   22  99  6.00000E+00  2.00750E+01
p   8   22  7   22  98  1.44820E+00 -2.63190E+00 -8.13120E-02  5.28870E-03  6.00000E+00  1.70100E+03  1.76900E+03  3.40200E+04
f   8    6  7   23  99  2.00000E+00  2.00520E+01
p   8    6  7   23  98  2.00130E+00 -2.54940E+00 -1.87630E-01  2.24200E-02  2.00000E+00  8.58000E+03  8.92300E+03  1.71600E+05
f   8   23  7   23  99  6.00000E+00  2.00610E+01
p   8   23  7   23  98  1.44820E+00 -2.63190E+00 -8.13120E-02  5.28870E-03  6.00000E+00  1.70100E+03  1.76900E+03  3.40200E+04
f   8    7  7   24  99  2.00000E+00  2.00052E+01
p   8    7  7   24  98  2.00130E+00 -2.54940E+00 -1.87630E-01  2.24200E-02  2.00000E+00  8.58000E+03  8.92300E+03  1.71600E+05
f   8   24  7   24  99  6.00000E+00  2.00061E+01
p   8   24  7   24  98  1.44820E+00 -2.63190E+00 -8.13120E-02  5.28870E-03  6.00000E+00  1.70100E+03  1.76900E+03  3.40200E+04
f   8    8  7   25  99  2.00000E+00  2.00052E+01
p   8    8  7   25  98  2.00130E+00 -2.54940E+00 -1.87630E-01  2.24200E-02  2.00000E+00  8.58000E+03  8.92300E+03  1.71600E+05
f   8   25  7   25  99  6.00000E+00  2.00061E+01
p   8   25  7   25  98  1.44820E+00 -2.63190E+00 -8.13120E-02  5.28870E-03  6.00000E+00  1.70100E+03  1.76900E+03  3.40200E+04
f   8    9  7   26  99  2.00000E+00  2.00007E+01
p   8    9  7   26  98  2.00130E+00 -2.54940E+00 -1.87630E-01  2.24200E-02  2.00000E+00  8.58000E+03  8.92300E+03  1.71600E+05
f   8   26  7   26  99  6.00000E+00  2.00007E+01
p   8   26  7   26  98  1.44820E+00 -2.63190E+00 -8.13120E-02  5.28870E-03  6.00000E+00  1.70100E+03  1.76900E+03  3.40200E+04
a   8   10  7    1   1.03398E+14
a   8   11  7    1   1.94475E+13
a   8   12  7    1   6.21330E+12
a   8   13  7    1   2.49150E+12
a   8   14  7    1   1.15276E+12
a   8   15  7    1   5.91255E+11
a   8   16  7    1   3.28110E+11
a   8   17  7    1   1.93740E+11
a   8   18  7    1   8.54175E+14
a   8   19  7    1   2.24304E+13
a   8   20  7    1   4.92120E+12
a   8   21  7    1   1.55199E+12
a   8   22  7    1   6.12210E+11
a   8   23  7    1   2.83242E+11
a   8   24  7    1   1.45278E+11
a   8   25  7    1   8.06190E+10
a   8   26  7    1   4.76040E+10
a   8   19  7    2   6.10125E+14
a   8   20  7    3   6.10125E+14
a   8   21  7    4   6.10125E+14
a   8   22  7    5   6.10125E+14
a   8   23  7    6   6.10125E+14
a   8   24  7    7   6.10125E+14
a   8   25  7    8   6.10125E+14
a   8   26  7    9   6.10125E+14
b   9    1  9    2  99  9.31624E-02  1.78457E+00 -4.85008E+01  3.88956E+02  2.00000E+01  3.24800E+00  3.24800E+00
b   9    1  9    3  99  3.02058E-01  4.83475E-01 -3.80849E+00  1.85461E+01  3.97254E+00  7.78400E-01  7.78400E-01
b   9    2  9    3  99  9.40640E-02  1.09088E+00 -2.13331E+01  1.61932E+02  2.00000E+01  7.22100E-01  7.22100E-01
b   9    1  9    4  99  4.32460E-01  1.45696E-01 -2.22502E+00  1.88988E+01  3.71866E+00  3.15280E-01  3.15280E-01
b   9    2  9    4  99  1.03937E-01  1.29844E+00 -1.10050E+01 -2.69540E+01  2.00000E+01  1.46400E-01  1.46400E-01
b   9    3  9    4  99  1.13790E-01  9.15585E-01 -1.83393E+01  1.93567E+02  2.00000E+01  9.61600E-01  9.61600E-01
b   9    1  9    5  99  4.54505E-01  2.46796E-01 -2.58448E+00  1.99234E+01  3.70996E+00  1.52670E-01  1.52670E-01
b   9    2  9    5  99  1.38113E-01  1.40430E+00 -5.63907E+00  1.57419E+01  6.40085E+00  5.42500E-02  5.42500E-02
b   9    3  9    5  99  1.26559E-01  1.47957E+00 -1.72299E+01  1.06988E+02  2.00000E+01  1.70400E-01  1.70400E-01
b   9    4  9    5  99  2.75103E-01  5.23971E-02  1.63204E+00 -5.75226E-01  2.08799E+00  1.15700E+00  1.15700E+00
b   9    1  9    6  99  4.58084E-01  2.73283E-01 -2.61494E+00  2.00079E+01  3.71305E+00  8.96000E-02  8.96000E-02
b   9    2  9    6  99  1.37744E-01  1.76444E+00 -1.47760E+01 -1.08991E+01  2.00000E+01  2.76500E-02  2.76500E-02
b   9    3  9    6  99  1.49375E-01  1.79961E+00 -1.99765E+01  1.38492E+02  2.00000E+01  6.42400E-02  6.42400E-02
b   9    4  9    6  99  1.55942E-01  1.41138E+00 -1.85049E+01  1.99104E+02  2.00000E+01  1.99200E-01  1.99200E-01
b   9    5  9    6  99  2.46307E-01  1.45961E-01  1.32920E+00 -4.21817E-01  2.03357E+00  1.37200E+00  1.37200E+00
b   9    1  9    7  99  4.53014E-01  3.09390E-01 -2.65137E+00  1.96721E+01  3.70520E+00  5.73790E-02  5.73790E-02
b   9    2  9    7  99  1.50448E-01  1.93242E+00 -2.05633E+01  6.79698E+01  2.00000E+01  1.62800E-02  1.62800E-02
b   9    3  9    7  99  1.61682E-01  2.01100E+00 -2.10634E+01  1.46921E+02  2.00000E+01  3.23000E-02  3.23000E-02
b   9    4  9    7  99  1.80540E-01  1.78091E+00 -2.01574E+01  2.17744E+02  2.00000E+01  7.30200E-02  7.30200E-02
b   9    5  9    7  99  3.14546E-01  5.45496E-01  1.71916E+00 -6.47065E-01  2.15457E+00  2.27900E-01  2.27900E-01
b   9    6  9    7  99  2.63417E-01  5.26015E-02  2.14238E+00 -1.07370E+00  2.78503E+00  1.57600E+00  1.57600E+00
b   9    1  9    8  99  4.53942E-01  3.23720E-01 -2.67527E+00  1.97169E+01  3.70771E+00  3.90460E-02  3.90460E-02
b   9    2  9    8  99  1.57122E-01  2.05316E+00 -2.42277E+01  1.13899E+02  2.00000E+01  1.05000E-02  1.05000E-02
b   9    3  9    8  99  1.71807E-01  2.15297E+00 -2.18507E+01  1.56892E+02  2.00000E+01  1.89500E-02  1.89500E-02
b   9    4  9    8  99  1.95190E-01  2.04460E+00 -2.05458E+01  2.16579E+02  2.00000E+01  3.62200E-02  3.62200E-02
b   9    5  9    8  99  1.71244E-01  1.83328E+00 -1.68125E+01  1.68694E+02  2.00000E+01  8.18900E-02  8.18900E-02
b   9    6  9    8  99  2.97874E-01  6.16370E-01  1.59300E+00 -6.03344E-01  2.15647E+00  2.55500E-01  2.55500E-01
b   9    7  9    8  99  2.47858E-01  1.04452E-01  1.95282E+00 -9.74042E-01  2.77623E+00  1.77600E+00  1.77600E+00
b   9    1  9    9  99  4.57219E-01  3.26094E-01 -2.66735E+00  1.98054E+01  3.70927E+00  2.78040E-02  2.78040E-02
b   9    2  9    9  99  1.62322E-01  2.13201E+00 -2.64891E+01  1.43168E+02  2.00000E+01  7.20800E-03  7.20800E-03
b   9    3  9    9  99  1.76368E-01  2.26201E+00 -2.19093E+01  1.51954E+02  2.00000E+01  1.22200E-02  1.22200E-02
b   9    4  9    9  99  1.71687E-01  2.29819E+00 -1.57353E+01  8.66443E+01  2.00000E+01  2.11100E-02  2.11100E-02
b   9    5  9    9  99  2.02763E-01  2.12012E+00 -1.92512E+01  2.22299E+02  2.00000E+01  4.01700E-02  4.01700E-02
b   9    6  9    9  99  3.37988E-01  9.93909E-01  1.76200E+00 -6.76019E-01  2.21554E+00  9.04900E-02  9.04900E-02
b   9    7  9    9  99  3.11431E-01  5.47776E-01  2.37134E+00 -1.16631E+00  2.93616E+00  2.82700E-01  2.82700E-01
b   9    8  9    9  99  5.08380E-01  9.53079E-02  5.04846E+00 -2.92285E+00  3.37225E+00  9.94600E-01  9.94600E-01
b   9    1  9   10  98  0.00000E+00  0.00000E+00  0.00000E+00  0.00000E+00  0.00000E+00  2.18983E-01  4.37965E-03
b   9    2  9   10  99  9.31624E-02  1.78457E+00 -4.85008E+01  3.88956E+02  2.00000E+01  2.62933E+00  2.62933E+00
b   9    1  9   11  98  0.00000E+00  0.00000E+00  0.00000E+00  0.00000E+00  0.00000E+00  3.14183E-01  6.28366E-03
b   9    2  9   11  99  3.02058E-01  4.83475E-01 -3.80849E+00  1.85461E+01  3.97254E+00  6.67200E-01  6.67200E-01
b   9    3  9   11  99  9.31624E-02  1.78457E+00 -4.85008E+01  3.88956E+02  2.00000E+01  2.78400E+00  2.78400E+00
b   9   10  9   11  99  9.40640E-02  1.09088E+00 -2.13331E+01  1.61932E+02  2.00000E+01  1.44420E+00  1.44420E+00
b   9    1  9   12  98  0.00000E+00  0.00000E+00  0.00000E+00  0.00000E+00  0.00000E+00  4.42650E-01  8.85299E-03
b   9    2  9   12  99  4.32460E-01  1.45696E-01 -2.22502E+00  1.88988E+01  3.71866E+00  2.70240E-01  2.70240E-01
b   9    4  9   12  99  9.31624E-02  1.78457E+00 -4.85008E+01  3.88956E+02  2.00000E+01  2.78400E+00  2.78400E+00
b   9   10  9   12  99  1.03937E-01  1.29844E+00 -1.10050E+01 -2.69540E+01  2.00000E+01  2.92800E-01  2.92800E-01
b   9   11  9   12  99  1.13790E-01  9.15585E-01 -1.83393E+01  1.93567E+02  2.00000E+01  9.61600E-01  9.61600E-01
b   9    1  9   13  98  0.00000E+00  0.00000E+00  0.00000E+00  0.00000E+00  0.00000E+00  6.05488E-01  1.21098E-02
b   9    2  9   13  99  4.54505E-01  2.46796E-01 -2.58448E+00  1.99234E+01  3.70996E+00  1.30860E-01  1.30860E-01
b   9    5  9   13  99  9.31624E-02  1.78457E+00 -4.85008E+01  3.88956E+02  2.00000E+01  2.78400E+00  2.78400E+00
b   9   10  9   13  99  1.38113E-01  1.40430E+00 -5.63907E+00  1.57419E+01  6.40085E+00  1.08500E-01  1.08500E-01
b   9   11  9   13  99  1.26559E-01  1.47957E+00 -1.72299E+01  1.06988E+02  2.00000E+01  1.70400E-01  1.70400E-01
b   9   12  9   13  99  2.75103E-01  5.23971E-02  1.63204E+00 -5.75226E-01  2.08799E+00  1.15700E+00  1.15700E+00
b   9    1  9   14  98  0.00000E+00  0.00000E+00  0.00000E+00  0.00000E+00  0.00000E+00  7.98764E-01  1.59753E-02
b   9    2  9   14  99  4.58084E-01  2.73283E-01 -2.61494E+00  2.00079E+01  3.71305E+00  7.68000E-02  7.68000E-02
b   9    6  9   14  99  9.31624E-02  1.78457E+00 -4.85008E+01  3.88956E+02  2.00000E+01  2.78400E+00  2.78400E+00
b   9   10  9   14  99  1.37744E-01  1.76444E+00 -1.47760E+01 -1.08991E+01  2.00000E+01  5.53000E-02  5.53000E-02
b   9   11  9   14  99  1.49375E-01  1.79961E+00 -1.99765E+01  1.38492E+02  2.00000E+01  6.42400E-02  6.42400E-02
b   9   12  9   14  99  1.55942E-01  1.41138E+00 -1.85049E+01  1.99104E+02  2.00000E+01  1.99200E-01  1.99200E-01
b   9   13  9   14  99  2.46307E-01  1.45961E-01  1.32920E+00 -4.21817E-01  2.03357E+00  1.37200E+00  1.37200E+00
b   9    1  9   15  98  0.00000E+00  0.00000E+00  0.00000E+00  0.00000E+00  0.00000E+00  1.02226E+00  2.04452E-02
b   9    2  9   15  99  4.53014E-01  3.09390E-01 -2.65137E+00  1.96721E+01  3.70520E+00  4.91820E-02  4.91820E-02
b   9    7  9   15  99  9.31624E-02  1.78457E+00 -4.85008E+01  3.88956E+02  2.00000E+01  2.78400E+00  2.78400E+00
b   9   10  9   15  99  1.50448E-01  1.93242E+00 -2.05633E+01  6.79698E+01  2.00000E+01  3.25600E-02  3.25600E-02
b   9   11  9   15  99  1.61682E-01  2.01100E+00 -2.10634E+01  1.46921E+02  2.00000E+01  3.23000E-02  3.23000E-02
b   9   12  9   15  99  1.80540E-01  1.78091E+00 -2.01574E+01  2.17744E+02  2.00000E+01  7.30200E-02  7.30200E-02
b   9   13  9   15  99  3.14546E-01  5.45496E-01  1.71916E+00 -6.47065E-01  2.15457E+00  2.27900E-01  2.27900E-01
b   9   14  9   15  99  2.63417E-01  5.26015E-02  2.14238E+00 -1.07370E+00  2.78503E+00  1.57600E+00  1.57600E+00
b   9    1  9   16  98  0.00000E+00  0.00000E+00  0.00000E+00  0.00000E+00  0.00000E+00  1.27653E+00  2.55305E-02
b   9    2  9   16  99  4.53942E-01  3.23720E-01 -2.67527E+00  1.97169E+01  3.70771E+00  3.34680E-02  3.34680E-02
b   9    8  9   16  99  9.31624E-02  1.78457E+00 -4.85008E+01  3.88956E+02  2.00000E+01  2.78400E+00  2.78400E+00
b   9   10  9   16  99  1.57122E-01  2.05316E+00 -2.42277E+01  1.13899E+02  2.00000E+01  2.10000E-02  2.10000E-02
b   9   11  9   16  99  1.71807E-01  2.15297E+00 -2.18507E+01  1.56892E+02  2.00000E+01  1.89500E-02  1.89500E-02
b   9   12  9   16  99  1.95190E-01  2.04460E+00 -2.05458E+01  2.16579E+02  2.00000E+01  3.62200E-02  3.62200E-02
b   9   13  9   16  99  1.71244E-01  1.83328E+00 -1.68125E+01  1.68694E+02  2.00000E+01  8.18900E-02  8.18900E-02
b   9   14  9   16  99  2.97874E-01  6.16370E-01  1.59300E+00 -6.03344E-01  2.15647E+00  2.55500E-01  2.55500E-01
b   9   15  9   16  99  2.47858E-01  1.04452E-01  1.95282E+00 -9.74042E-01  2.77623E+00  1.77600E+00  1.77600E+00
b   9    1  9   17  98  0.00000E+00  0.00000E+00  0.00000E+00  0.00000E+00  0.00000E+00  1.56098E+00  3.12196E-02
b   9    2  9   17  99  4.57219E-01  3.26094E-01 -2.66735E+00  1.98054E+01  3.70927E+00  2.38320E-02  2.38320E-02
b   9    9  9   17  99  9.31624E-02  1.78457E+00 -4.85008E+01  3.88956E+02  2.00000E+01  2.78400E+00  2.78400E+00
b   9   10  9   17  99  1.62322E-01  2.13201E+00 -2.64891E+01  1.43168E+02  2.00000E+01  1.44160E-02  1.44160E-02
b   9   11  9   17  99  1.76368E-01  2.26201E+00 -2.19093E+01  1.51954E+02  2.00000E+01  1.22200E-02  1.22200E-02
b   9   12  9   17  99  1.71687E-01  2.29819E+00 -1.57353E+01  8.66443E+01  2.00000E+01  2.11100E-02  2.11100E-02
b   9   13  9   17  99  2.02763E-01  2.12012E+00 -1.92512E+01  2.22299E+02  2.00000E+01  4.01700E-02  4.01700E-02
b   9   14  9   17  99  3.37988E-01  9.93909E-01  1.76200E+00 -6.76019E-01  2.21554E+00  9.04900E-02  9.04900E-02
b   9   15  9   17  99  3.11431E-01  5.47776E-01  2.37134E+00 -1.16631E+00  2.93616E+00  2.82700E-01  2.82700E-01
b   9   16  9   17  99  5.08380E-01  9.53079E-02  5.04846E+00 -2.92285E+00  3.37225E+00  9.94600E-01  9.94600E-01
b   9    1  9   18  99  2.04674E-01  1.14187E+00 -1.47029E+01  5.87932E+01  5.86307E+00  7.86000E-02  7.86000E-02
b   9    1  9   19  99  1.15456E-01  1.85447E+00 -2.49374E+01  9.67540E+01  8.38206E+00  1.10520E-01  1.10520E-01
b   9    2  9   19  99  2.04674E-01  1.14187E+00 -1.47029E+01  5.87932E+01  5.86307E+00  1.57200E-01  1.57200E-01
b   9   18  9   19  99  9.31624E-02  1.78457E+00 -4.85008E+01  3.88956E+02  2.00000E+01  3.71200E+00  3.71200E+00
b   9    1  9   20  99  9.38393E-02  2.05772E+00 -2.90974E+01  1.10823E+02  9.73660E+00  4.09200E-02  4.09200E-02
b   9    3  9   20  99  2.04674E-01  1.14187E+00 -1.47029E+01  5.87932E+01  5.86307E+00  1.57200E-01  1.57200E-01
b   9   18  9   20  99  3.02058E-01  4.83475E-01 -3.80849E+00  1.85461E+01  3.97254E+00  8.89600E-01  8.89600E-01
b   9   19  9   20  99  9.40640E-02  1.09088E+00 -2.13331E+01  1.61932E+02  2.00000E+01  7.22100E-01  7.22100E-01
b   9    1  9   21  99  7.74030E-02  2.25657E+00 -3.61761E+01  1.35716E+02  1.23943E+01  1.97260E-02  1.97260E-02
b   9    4  9   21  99  2.04674E-01  1.14187E+00 -1.47029E+01  5.87932E+01  5.86307E+00  1.57200E-01  1.57200E-01
b   9   18  9   21  99  4.32460E-01  1.45696E-01 -2.22502E+00  1.88988E+01  3.71866E+00  3.60320E-01  3.60320E-01
b   9   19  9   21  99  1.03937E-01  1.29844E+00 -1.10050E+01 -2.69540E+01  2.00000E+01  1.46400E-01  1.46400E-01
b   9   20  9   21  99  1.13790E-01  9.15585E-01 -1.83393E+01  1.93567E+02  2.00000E+01  9.61600E-01  9.61600E-01
b   9    1  9   22  99  7.66032E-02  2.46440E+00 -4.08311E+01  1.46386E+02  1.33379E+01  1.05460E-02  1.05460E-02
b   9    5  9   22  99  2.04674E-01  1.14187E+00 -1.47029E+01  5.87932E+01  5.86307E+00  1.57200E-01  1.57200E-01
b   9   18  9   22  99  4.54505E-01  2.46796E-01 -2.58448E+00  1.99234E+01  3.70996E+00  1.74480E-01  1.74480E-01
b   9   19  9   22  99  1.38113E-01  1.40430E+00 -5.63907E+00  1.57419E+01  6.40085E+00  5.42500E-02  5.42500E-02
b   9   20  9   22  99  1.26559E-01  1.47957E+00 -1.72299E+01  1.06988E+02  2.00000E+01  1.70400E-01  1.70400E-01
b   9   21  9   22  99  2.75103E-01  5.23971E-02  1.63204E+00 -5.75226E-01  2.08799E+00  1.15700E+00  1.15700E+00
b   9    1  9   23  99  7.03045E-02  2.63311E+00 -5.05164E+01  4.49071E+01  2.00000E+01  6.49800E-03  6.49800E-03
b   9    6  9   23  99  2.04674E-01  1.14187E+00 -1.47029E+01  5.87932E+01  5.86307E+00  1.57200E-01  1.57200E-01
b   9   18  9   23  99  4.58084E-01  2.73283E-01 -2.61494E+00  2.00079E+01  3.71305E+00  1.02400E-01  1.02400E-01
b   9   19  9   23  99  1.37744E-01  1.76444E+00 -1.47760E+01 -1.08991E+01  2.00000E+01  2.76500E-02  2.76500E-02
b   9   20  9   23  99  1.49375E-01  1.79961E+00 -1.99765E+01  1.38492E+02  2.00000E+01  6.42400E-02  6.42400E-02
b   9   21  9   23  99  1.55942E-01  1.41138E+00 -1.85049E+01  1.99104E+02  2.00000E+01  1.99200E-01  1.99200E-01
b   9   22  9   23  99  2.46307E-01  1.45961E-01  1.32920E+00 -4.21817E-01  2.03357E+00  1.37200E+00  1.37200E+00
b   9    1  9   24  99  6.95981E-02  2.61952E+00 -4.96809E+01  3.35363E+01  2.00000E+01  4.28800E-03  4.28800E-03
b   9    7  9   24  99  2.04674E-01  1.14187E+00 -1.47029E+01  5.87932E+01  5.86307E+00  1.57200E-01  1.57200E-01
b   9   18  9   24  99  4.53014E-01  3.09390E-01 -2.65137E+00  1.96721E+01  3.70520E+00  6.55760E-02  6.55760E-02
b   9   19  9   24  99  1.50448E-01  1.93242E+00 -2.05633E+01  6.79698E+01  2.00000E+01  1.62800E-02  1.62800E-02
b   9   20  9   24  99  1.61682E-01  2.01100E+00 -2.10634E+01  1.46921E+02  2.00000E+01  3.23000E-02  3.23000E-02
b   9   21  9   24  99  1.80540E-01  1.78091E+00 -2.01574E+01  2.17744E+02  2.00000E+01  7.30200E-02  7.30200E-02
b   9   22  9   24  99  3.14546E-01  5.45496E-01  1.71916E+00 -6.47065E-01  2.15457E+00  2.27900E-01  2.27900E-01
b   9   23  9   24  99  2.63417E-01  5.26015E-02  2.14238E+00 -1.07370E+00  2.78503E+00  1.57600E+00  1.57600E+00
b   9    1  9   25  99  7.05959E-02  2.63768E+00 -5.07483E+01  4.80138E+01  2.00000E+01  2.97600E-03  2.97600E-03
b   9    8  9   25  99  2.04674E-01  1.14187E+00 -1.47029E+01  5.87932E+01  5.86307E+00  1.57200E-01  1.57200E-01
b   9   18  9   25  99  4.53942E-01  3.23720E-01 -2.67527E+00  1.97169E+01  3.70771E+00  4.46240E-02  4.46240E-02
b   9   19  9   25  99  1.57122E-01  2.05316E+00 -2.42277E+01  1.13899E+02  2.00000E+01  1.05000E-02  1.05000E-02
b   9   20  9   25  99  1.71807E-01  2.15297E+00 -2.18507E+01  1.56892E+02  2.00000E+01  1.89500E-02  1.89500E-02
b   9   21  9   25  99  1.95190E-01  2.04460E+00 -2.05458E+01  2.16579E+02  2.00000E+01  3.62200E-02  3.62200E-02
b   9   22  9   25  99  1.71244E-01  1.83328E+00 -1.68125E+01  1.68694E+02  2.00000E+01  8.18900E-02  8.18900E-02
b   9   23  9   25  99  2.97874E-01  6.16370E-01  1.59300E+00 -6.03344E-01  2.15647E+00  2.55500E-01  2.55500E-01
b   9   24  9   25  99  2.47858E-01  1.04452E-01  1.95282E+00 -9.74042E-01  2.77623E+00  1.77600E+00  1.77600E+00
b   9    1  9   26  99  7.06826E-02  2.63715E+00 -5.07461E+01  4.82454E+01  2.00000E+01  2.14800E-03  2.14800E-03
b   9    9  9   26  99  2.04674E-01  1.14187E+00 -1.47029E+01  5.87932E+01  5.86307E+00  1.57200E-01  1.57200E-01
b   9   18  9   26  99  4.57219E-01  3.26094E-01 -2.66735E+00  1.98054E+01  3.70927E+00  3.17760E-02  3.17760E-02
b   9   19  9   26  99  1.62322E-01  2.13201E+00 -2.64891E+01  1.43168E+02  2.00000E+01  7.20800E-03  7.20800E-03
b   9   20  9   26  99  1.76368E-01  2.26201E+00 -2.19093E+01  1.51954E+02  2.00000E+01  1.22200E-02  1.22200E-02
b   9   21  9   26  99  1.71687E-01  2.29819E+00 -1.57353E+01  8.66443E+01  2.00000E+01  2.11100E-02  2.11100E-02
b   9   22  9   26  99  2.02763E-01  2.12012E+00 -1.92512E+01  2.22299E+02  2.00000E+01  4.01700E-02  4.01700E-02
b   9   23  9   26  99  3.37988E-01  9.93909E-01  1.76200E+00 -6.76019E-01  2.21554E+00  9.04900E-02  9.04900E-02
b   9   24  9   26  99  3.11431E-01  5.47776E-01  2.37134E+00 -1.16631E+00  2.93616E+00  2.82700E-01  2.82700E-01
b   9   25  9   26  99  5.08380E-01  9.53079E-02  5.04846E+00 -2.92285E+00  3.37225E+00  9.94600E-01  9.94600E-01
f   9    1  8    1  99  7.00000E+00  2.33126E+01
p   9    1  8    1  98  1.49080E+00 -2.60400E+00 -8.78340E-02  5.98780E-03  7.00000E+00  1.60500E+03  1.67000E+03  3.21100E+04
f   9    2  8    1  99  1.00000E+00  1.96080E+01
p   9    2  8    1  99  1.00000E+00  1.96080E+01
f   9    3  8    1  99  1.00000E+00  1.91760E+01
p   9    3  8    1  99  1.00000E+00  1.91760E+01
f   9    4  8    1  99  1.00000E+00  1.90186E+01
p   9    4  8    1  99  1.00000E+00  1.90186E+01
f   9    5  8    1  99  1.00000E+00  1.90780E+01
p   9    5  8    1  99  1.00000E+00  1.90780E+01
f   9    6  8    1  99  1.00000E+00  1.90620E+01
p   9    6  8    1  99  1.00000E+00  1.90620E+01
f   9    7  8    1  99  1.00000E+00  1.90062E+01
p   9    7  8    1  99  1.00000E+00  1.90062E+01
f   9    8  8    1  99  1.00000E+00  1.90062E+01
p   9    8  8    1  99  1.00000E+00  1.90062E+01
f   9    9  8    1  99  1.00000E+00  1.90008E+01
p   9    9  8    1  99  1.00000E+00  1.90008E+01
f   9    2  8    2  99  6.00000E+00  1.96080E+01
p   9    2  8    2  98  1.49080E+00 -2.60400E+00 -8.78340E-02  5.98780E-03  7.00000E+00  1.60500E+03  1.67000E+03  3.21100E+04
f   9   10  8    2  99  2.00000E+00  2.01720E+01
p   9   10  8    2  99  2.00000E+00  2.01720E+01
f   9   11  8    2  99  1.00000E+00  1.92327E+01
p   9   11  8    2  99  1.00000E+00  1.92327E+01
f   9   12  8    2  99  1.00000E+00  1.90369E+01
p   9   12  8    2  99  1.00000E+00  1.90369E+01
f   9   13  8    2  99  1.00000E+00  1.90840E+01
p   9   13  8    2  99  1.00000E+00  1.90840E+01
f   9   14  8    2  99  1.00000E+00  1.90660E+01
p   9   14  8    2  99  1.00000E+00  1.90660E+01
f   9   15  8    2  99  1.00000E+00  1.90152E+01
p   9   15  8    2  99  1.00000E+00  1.90152E+01
f   9   16  8    2  99  1.00000E+00  1.90132E+01
p   9   16  8    2  99  1.00000E+00  1.90132E+01
f   9   17  8    2  99  1.00000E+00  1.90008E+01
p   9   17  8    2  99  1.00000E+00  1.90008E+01
f   9    3  8    3  99  6.00000E+00  1.91760E+01
p   9    3  8    3  98  1.49080E+00 -2.60400E+00 -8.78340E-02  5.98780E-03  7.00000E+00  1.60500E+03  1.67000E+03  3.21100E+04
f   9   11  8    3  99  1.00000E+00  1.92327E+01
p   9   11  8    3  99  1.00000E+00  1.92327E+01
f   9    4  8    4  99  6.00000E+00  1.90186E+01
p   9    4  8    4  98  1.49080E+00 -2.60400E+00 -8.78340E-02  5.98780E-03  7.00000E+00  1.60500E+03  1.67000E+03  3.21100E+04
f   9   12  8    4  99  1.00000E+00  1.90369E+01
p   9   12  8    4  99  1.00000E+00  1.90369E+01
f   9    5  8    5  99  6.00000E+00  1.90780E+01
p   9    5  8    5  98  1.49080E+00 -2.60400E+00 -8.78340E-02  5.98780E-03  7.00000E+00  1.60500E+03  1.67000E+03  3.21100E+04
f   9   13  8    5  99  1.00000E+00  1.90840E+01
p   9   13  8    5  99  1.00000E+00  1.90840E+01
f   9    6  8    6  99  6.00000E+00  1.90620E+01
p   9    6  8    6  98  1.49080E+00 -2.60400E+00 -8.78340E-02  5.98780E-03  7.00000E+00  1.60500E+03  1.67000E+03  3.21100E+04
f   9   14  8    6  99  1.00000E+00  1.90660E+01
p   9   14  8    6  99  1.00000E+00  1.90660E+01
f   9    7  8    7  99  6.00000E+00  1.90062E+01
p   9    7  8    7  98  1.49080E+00 -2.60400E+00 -8.78340E-02  5.98780E-03  7.00000E+00  1.60500E+03  1.67000E+03  3.21100E+04
f   9   15  8    7  99  1.00000E+00  1.90152E+01
p   9   15  8    7  99  1.00000E+00  1.90152E+01
f   9    8  8    8  99  6.00000E+00  1.90062E+01
p   9    8  8    8  98  1.49080E+00 -2.60400E+00 -8.78340E-02  5.98780E-03  7.00000E+00  1.60500E+03  1.67000E+03  3.21100E+04
f   9   16  8    8  99  1.00000E+00  1.90132E+01
p   9   16  8    8  99  1.00000E+00  1.90132E+01
f   9    9  8    9  99  6.00000E+00  1.90008E+01
p   9    9  8    9  98  1.49080E+00 -2.60400E+00 -8.78340E-02  5.98780E-03  7.00000E+00  1.60500E+03  1.67000E+03  3.21100E+04
f   9   17  8    9  99  1.00000E+00  1.90008E+01
p   9   17  8    9  99  1.00000E+00  1.90008E+01
f   9   10  8   10  99  5.00000E+00  2.01720E+01
p   9   10  8   10  98  1.49080E+00 -2.60400E+00 -8.78340E-02  5.98780E-03  7.00000E+00  1.60500E+03  1.67000E+03  3.21100E+04
f   9   11  8   11  99  5.00000E+00  1.92327E+01
p   9   11  8   11  98  1.49080E+00 -2.60400E+00 -8.78340E-02  5.98780E-03  7.00000E+00  1.60500E+03  1.67000E+03  3.21100E+04
f   9   12  8   12  99  5.00000E+00  1.90369E+01
p   9   12  8   12  98  1.49080E+00 -2.60400E+00 -8.78340E-02  5.98780E-03  7.00000E+00  1.60500E+03  1.67000E+03  3.21100E+04
f   9   13  8   13  99  5.00000E+00  1.90840E+01
p   9   13  8   13  98  1.49080E+00 -2.60400E+00 -8.78340E-02  5.98780E-03  7.00000E+00  1.60500E+03  1.67000E+03  3.21100E+04
f   9   14  8   14  99  5.00000E+00  1.90660E+01
p   9   14  8   14  98  1.49080E+00 -2.60400E+00 -8.78340E-02  5.98780E-03  7.00000E+00  1.60500E+03  1.67000E+03  3.21100E+04
f   9   15  8   15  99  5.00000E+00  1.90152E+01
p   9   15  8   15  98  1.49080E+00 -2.60400E+00 -8.78340E-02  5.98780E-03  7.00000E+00  1.60500E+03  1.67000E+03  3.21100E+04
f   9   16  8   16  99  5.00000E+00  1.90132E+01
p   9   16  8   16  98  1.49080E+00 -2.60400E+00 -8.78340E-02  5.98780E-03  7.00000E+00  1.60500E+03  1.67000E+03  3.21100E+04
f   9   17  8   17  99  5.00000E+00  1.90008E+01
p   9   17  8   17  98  1.49080E+00 -2.60400E+00 -8.78340E-02  5.98780E-03  7.00000E+00  1.60500E+03  1.67000E+03  3.21100E+04
f   9    1  8   18  99  2.00000E+00  2.33126E+01
p   9    1  8   18  98  2.02390E+00 -2.54310E+00 -1.88100E-01  2.22280E-02  2.00000E+00  8.44200E+03  8.77900E+03  1.68800E+05
f   9   18  8   18  99  8.00000E+00  2.39487E+01
p   9   18  8   18  98  1.49080E+00 -2.60400E+00 -8.78340E-02  5.98780E-03  7.00000E+00  1.60500E+03  1.67000E+03  3.21100E+04
f   9   19  8   18  99  1.00000E+00  1.96880E+01
p   9   19  8   18  99  1.00000E+00  1.96880E+01
f   9   20  8   18  99  1.00000E+00  1.91992E+01
p   9   20  8   18  99  1.00000E+00  1.91992E+01
f   9   21  8   18  99  1.00000E+00  1.90177E+01
p   9   21  8   18  99  1.00000E+00  1.90177E+01
f   9   22  8   18  99  1.00000E+00  1.90870E+01
p   9   22  8   18  99  1.00000E+00  1.90870E+01
f   9   23  8   18  99  1.00000E+00  1.90710E+01
p   9   23  8   18  99  1.00000E+00  1.90710E+01
f   9   24  8   18  99  1.00000E+00  1.90071E+01
p   9   24  8   18  99  1.00000E+00  1.90071E+01
f   9   25  8   18  99  1.00000E+00  1.90071E+01
p   9   25  8   18  99  1.00000E+00  1.90071E+01
f   9   26  8   18  99  1.00000E+00  1.90008E+01
p   9   26  8   18  99  1.00000E+00  1.90008E+01
f   9    2  8   19  99  2.00000E+00  1.96080E+01
p   9    2  8   19  98  2.02390E+00 -2.54310E+00 -1.88100E-01  2.22280E-02  2.00000E+00  8.44200E+03  8.77900E+03  1.68800E+05
f   9   19  8   19  99  7.00000E+00  1.96880E+01
p   9   19  8   19  98  1.49080E+00 -2.60400E+00 -8.78340E-02  5.98780E-03  7.00000E+00  1.60500E+03  1.67000E+03  3.21100E+04
f   9    3  8   20  99  2.00000E+00  1.91760E+01
p   9    3  8   20  98  2.02390E+00 -2.54310E+00 -1.88100E-01  2.22280E-02  2.00000E+00  8.44200E+03  8.77900E+03  1.68800E+05
f   9   20  8   20  99  7.00000E+00  1.91992E+01
p   9   20  8   20  98  1.49080E+00 -2.60400E+00 -8.78340E-02  5.98780E-03  7.00000E+00  1.60500E+03  1.67000E+03  3.21100E+04
f   9    4  8   21  99  2.00000E+00  1.90186E+01
p   9    4  8   21  98  2.02390E+00 -2.54310E+00 -1.88100E-01  2.22280E-02  2.00000E+00  8.44200E+03  8.77900E+03  1.68800E+05
f   9   21  8   21  99  7.00000E+00  1.90177E+01
p   9   21  8   21  98  1.49080E+00 -2.60400E+00 -8.78340E-02  5.98780E-03  7.00000E+00  1.60500E+03  1.67000E+03  3.21100E+04
f   9    5  8   22  99  2.00000E+00  1.90780E+01
p   9    5  8   22  98  2.02390E+00 -2.54310E+00 -1.88100E-01  2.22280E-02  2.00000E+00  8.44200E+03  8.77900E+03  1.68800E+05
f   9   22  8   22  99  7.00000E+00  1.90870E+01
p   9   22  8   22  98  1.49080E+00 -2.60400E+00 -8.78340E-02  5.98780E-03  7.00000E+00  1.60500E+03  1.67000E+03  3.21100E+04
f   9    6  8   23  99  2.00000E+00  1.90620E+01
p   9    6  8   23  98  2.02390E+00 -2.54310E+00 -1.88100E-01  2.22280E-02  2.00000E+00  8.44200E+03  8.77900E+03  1.68800E+05
f   9   23  8   23  99  7.00000E+00  1.90710E+01
p   9   23  8   23  98  1.49080E+00 -2.60400E+00 -8.78340E-02  5.98780E-03  7.00000E+00  1.60500E+03  1.67000E+03  3.21100E+04
f   9    7  8   24  99  2.00000E+00  1.90062E+01
p   9    7  8   24  98  2.02390E+00 -2.54310E+00 -1.88100E-01  2.22280E-02  2.00000E+00  8.44200E+03  8.77900E+03  1.68800E+05
f   9   24  8   24  99  7.00000E+00  1.90071E+01
p   9   24  8   24  98  1.49080E+00 -2.60400E+00 -8.78340E-02  5.98780E-03  7.00000E+00  1.60500E+03  1.67000E+03  3.21100E+04
f   9    8  8   25  99  2.00000E+00  1.90062E+01
p   9    8  8   25  98  2.02390E+00 -2.54310E+00 -1.88100E-01  2.22280E-02  2.00000E+00  8.44200E+03  8.77900E+03  1.68800E+05
f   9   25  8   25  99  7.00000E+00  1.90071E+01
p   9   25  8   25  98  1.49080E+00 -2.60400E+00 -8.78340E-02  5.98780E-03  7.00000E+00  1.60500E+03  1.67000E+03  3.21100E+04
f   9    9  8   26  99  2.00000E+00  1.90008E+01
p   9    9  8   26  98  2.02390E+00 -2.54310E+00 -1.88100E-01  2.22280E-02  2.00000E+00  8.44200E+03  8.77900E+03  1.68800E+05
f   9   26  8   26  99  7.00000E+00  1.90008E+01
p   9   26  8   26  98  1.49080E+00 -2.60400E+00 -8.78340E-02  5.98780E-03  7.00000E+00  1.60500E+03  1.67000E+03  3.21100E+04
a   9   10  8    1   7.15950E+13
a   9   11  8    1   1.33436E+13
a   9   12  8    1   4.23911E+12
a   9   13  8    1   1.69526E+12
a   9   14  8    1   7.84339E+11
a   9   15  8    1   4.02300E+11
a   9   16  8    1   2.23245E+11
a   9   17  8    1   1.31828E+11
a   9   18  8    1   1.08178E+15
a   9   19  8    1   2.38430E+13
a   9   20  8    1   5.16530E+12
a   9   21  8    1   1.62484E+12
a   9   22  8    1   6.38680E+11
a   9   23  8    1   2.95498E+11
a   9   24  8    1   1.51564E+11
a   9   25  8    1   8.41085E+10
a   9   26  8    1   4.96650E+10
a   9   19  8    2   8.11335E+14
a   9   20  8    3   8.11335E+14
a   9   21  8    4   8.11335E+14
a   9   22  8    5   8.11335E+14
a   9   23  8    6   8.11335E+14
a   9   24  8    7   8.11335E+14
a   9   25  8    8   8.11335E+14
a   9   26  8    9   8.11335E+14
b  10    1 10    2  99  9.83535E-02  1.79392E+00 -5.02748E+01  4.24705E+02  2.00000E+01  3.50000E+00  3.50000E+00
b  10    1 10    3  99  1.93139E-01  9.22016E-01 -8.13813E+00  3.35987E+01  5.57838E+00  8.72800E-01  8.72800E-01
b  10    2 10    3  99  9.27705E-02  1.06988E+00 -1.97359E+01  1.41655E+02  2.00000E+01  7.03300E-01  7.03300E-01
b  10    1 10    4  99  3.02576E-01  5.18444E-01 -3.52553E+00  1.68531E+01  3.85496E+00  3.58480E-01  3.58480E-01
b  10    2 10    4  99  1.06273E-01  1.32585E+00 -1.29738E+01  5.28360E+00  2.00000E+01  1.44400E-01  1.44400E-01
b  10    3 10    4  99  1.11985E-01  9.11556E-01 -1.75078E+01  1.81252E+02  2.00000E+01  9.51500E-01  9.51500E-01
b  10    1 10    5  99  4.66656E-01  1.67259E-01 -2.38517E+00  2.03111E+01  3.72011E+00  1.74240E-01  1.74240E-01
b  10    2 10    5  99  1.24697E-01  1.55418E+00 -9.94142E+00 -6.38414E+01  2.00000E+01  5.37300E-02  5.37300E-02
b  10    3 10    5  99  1.25216E-01  1.46517E+00 -1.61010E+01  9.41627E+01  2.00000E+01  1.68900E-01  1.68900E-01
b  10    4 10    5  99  2.69681E-01  7.64801E-02  1.56970E+00 -5.48551E-01  2.08002E+00  1.15000E+00  1.15000E+00
b  10    1 10    6  99  4.63833E-01  2.06620E-01 -2.43834E+00  2.01157E+01  3.71554E+00  1.02560E-01  1.02560E-01
b  10    2 10    6  99  1.47151E-01  1.50004E+00 -5.12035E+00  1.37038E+01  5.67803E+00  2.74800E-02  2.74800E-02
b  10    3 10    6  99  1.45598E-01  1.79245E+00 -1.88210E+01  1.21610E+02  2.00000E+01  6.38000E-02  6.38000E-02
b  10    4 10    6  99  1.53735E-01  1.41328E+00 -1.78970E+01  1.90043E+02  2.00000E+01  1.98000E-01  1.98000E-01
b  10    5 10    6  99  2.43040E-01  1.62383E-01  1.29923E+00 -4.17569E-01  2.03277E+00  1.36800E+00  1.36800E+00
b  10    1 10    7  99  4.57858E-01  2.44819E-01 -2.50913E+00  1.98743E+01  3.71110E+00  6.58160E-02  6.58160E-02
b  10    2 10    7  99  1.39596E-01  1.78130E+00 -1.15804E+01 -5.28927E+01  2.00000E+01  1.62100E-02  1.62100E-02
b  10    3 10    7  99  1.59748E-01  1.99644E+00 -2.01347E+01  1.37102E+02  2.00000E+01  3.21300E-02  3.21300E-02
b  10    4 10    7  99  1.81534E-01  1.76856E+00 -1.96048E+01  2.15544E+02  2.00000E+01  7.26100E-02  7.26100E-02
b  10    5 10    7  99  3.10709E-01  5.62769E-01  1.69008E+00 -6.33129E-01  2.15442E+00  2.26900E-01  2.26900E-01
b  10    6 10    7  99  2.59617E-01  7.16552E-02  2.09118E+00 -1.05230E+00  2.78567E+00  1.57400E+00  1.57400E+00
b  10    1 10    8  99  4.55296E-01  2.67107E-01 -2.54154E+00  1.96852E+01  3.70168E+00  4.48560E-02  4.48560E-02
b  10    2 10    8  99  1.49299E-01  1.88602E+00 -1.53143E+01  5.95623E-01  2.00000E+01  1.04700E-02  1.04700E-02
b  10    3 10    8  99  1.68962E-01  2.14092E+00 -2.09853E+01  1.46734E+02  2.00000E+01  1.88700E-02  1.88700E-02
b  10    4 10    8  99  1.97262E-01  2.02821E+00 -2.01601E+01  2.19626E+02  2.00000E+01  3.60400E-02  3.60400E-02
b  10    5 10    8  99  3.45032E-01  9.22631E-01  1.76246E+00 -6.45039E-01  2.15159E+00  8.15400E-02  8.15400E-02
b  10    6 10    8  99  2.86752E-01  6.63230E-01  1.39587E+00 -4.61546E-01  2.07004E+00  2.54700E-01  2.54700E-01
b  10    7 10    8  99  2.42925E-01  1.29213E-01  1.85338E+00 -8.99905E-01  2.74136E+00  1.77400E+00  1.77400E+00
b  10    1 10    9  99  4.57972E-01  2.68484E-01 -2.53244E+00  1.98247E+01  3.71272E+00  3.19600E-02  3.19600E-02
b  10    2 10    9  99  1.51335E-01  1.94643E+00 -1.60697E+01  5.99966E+00  2.00000E+01  7.19200E-03  7.19200E-03
b  10    3 10    9  99  1.75231E-01  2.24619E+00 -2.14158E+01  1.50986E+02  2.00000E+01  1.21800E-02  1.21800E-02
b  10    4 10    9  99  2.06396E-01  2.23128E+00 -2.05390E+01  2.18689E+02  2.00000E+01  2.10200E-02  2.10200E-02
b  10    5 10    9  99  2.03430E-01  2.11617E+00 -1.91413E+01  2.25527E+02  2.00000E+01  4.00100E-02  4.00100E-02
b  10    6 10    9  99  3.35592E-01  1.00430E+00  1.76342E+00 -7.14357E-01  2.20878E+00  9.02100E-02  9.02100E-02
b  10    7 10    9  99  3.07925E-01  5.64403E-01  2.31389E+00 -1.16675E+00  2.89179E+00  2.82100E-01  2.82100E-01
b  10    8 10    9  99  4.96393E-01  1.26851E-01  4.88648E+00 -2.84443E+00  3.37025E+00  1.00600E+00  1.00600E+00
b  10    1 10   10  98  0.00000E+00  0.00000E+00  0.00000E+00  0.00000E+00  0.00000E+00  5.52991E-01  1.10598E-02
b  10    2 10   10  99  9.83535E-02  1.79392E+00 -5.02748E+01  4.24705E+02  2.00000E+01  2.89236E+00  2.89236E+00
b  10    1 10   11  98  0.00000E+00  0.00000E+00  0.00000E+00  0.00000E+00  0.00000E+00  8.01391E-01  1.60278E-02
b  10    2 10   11  99  1.93139E-01  9.22016E-01 -8.13813E+00  3.35987E+01  5.57838E+00  7.63700E-01  7.63700E-01
b  10    3 10   11  99  9.83535E-02  1.79392E+00 -5.02748E+01  4.24705E+02  2.00000E+01  3.06250E+00  3.06250E+00
b  10   10 10   11  99  9.27705E-02  1.06988E+00 -1.97359E+01  1.41655E+02  2.00000E+01  1.40660E+00  1.40660E+00
b  10    1 10   12  98  0.00000E+00  0.00000E+00  0.00000E+00  0.00000E+00  0.00000E+00  1.13380E+00  2.26759E-02
b  10    2 10   12  99  3.02576E-01  5.18444E-01 -3.52553E+00  1.68531E+01  3.85496E+00  3.13670E-01  3.13670E-01
b  10    4 10   12  99  9.83535E-02  1.79392E+00 -5.02748E+01  4.24705E+02  2.00000E+01  3.06250E+00  3.06250E+00
b  10   10 10   12  99  1.06273E-01  1.32585E+00 -1.29738E+01  5.28360E+00  2.00000E+01  2.88800E-01  2.88800E-01
b  10   11 10   12  99  1.11985E-01  9.11556E-01 -1.75078E+01  1.81252E+02  2.00000E+01  9.51500E-01  9.51500E-01
b  10    1 10   13  98  0.00000E+00  0.00000E+00  0.00000E+00  0.00000E+00  0.00000E+00  1.55498E+00  3.10995E-02
b  10    2 10   13  99  4.66656E-01  1.67259E-01 -2.38517E+00  2.03111E+01  3.72011E+00  1.52460E-01  1.52460E-01
b  10    5 10   13  99  9.83535E-02  1.79392E+00 -5.02748E+01  4.24705E+02  2.00000E+01  3.06250E+00  3.06250E+00
b  10   10 10   13  99  1.24697E-01  1.55418E+00 -9.94142E+00 -6.38414E+01  2.00000E+01  1.07460E-01  1.07460E-01
b  10   11 10   13  99  1.25216E-01  1.46517E+00 -1.61010E+01  9.41627E+01  2.00000E+01  1.68900E-01  1.68900E-01
b  10   12 10   13  99  2.69681E-01  7.64801E-02  1.56970E+00 -5.48551E-01  2.08002E+00  1.15000E+00  1.15000E+00
b  10    1 10   14  98  0.00000E+00  0.00000E+00  0.00000E+00  0.00000E+00  0.00000E+00  2.05420E+00  4.10840E-02
b  10    2 10   14  99  4.63833E-01  2.06620E-01 -2.43834E+00  2.01157E+01  3.71554E+00  8.97400E-02  8.97400E-02
b  10    6 10   14  99  9.83535E-02  1.79392E+00 -5.02748E+01  4.24705E+02  2.00000E+01  3.06250E+00  3.06250E+00
b  10   10 10   14  99  1.47151E-01  1.50004E+00 -5.12035E+00  1.37038E+01  5.67803E+00  5.49600E-02  5.49600E-02
b  10   11 10   14  99  1.45598E-01  1.79245E+00 -1.88210E+01  1.21610E+02  2.00000E+01  6.38000E-02  6.38000E-02
b  10   12 10   14  99  1.53735E-01  1.41328E+00 -1.78970E+01  1.90043E+02  2.00000E+01  1.98000E-01  1.98000E-01
b  10   13 10   14  99  2.43040E-01  1.62383E-01  1.29923E+00 -4.17569E-01  2.03277E+00  1.36800E+00  1.36800E+00
b  10    1 10   15  98  0.00000E+00  0.00000E+00  0.00000E+00  0.00000E+00  0.00000E+00  2.63117E+00  5.26234E-02
b  10    2 10   15  99  4.57858E-01  2.44819E-01 -2.50913E+00  1.98743E+01  3.71110E+00  5.75890E-02  5.75890E-02
b  10    7 10   15  99  9.83535E-02  1.79392E+00 -5.02748E+01  4.24705E+02  2.00000E+01  3.06250E+00  3.06250E+00
b  10   10 10   15  99  1.39596E-01  1.78130E+00 -1.15804E+01 -5.28927E+01  2.00000E+01  3.24200E-02  3.24200E-02
b  10   11 10   15  99  1.59748E-01  1.99644E+00 -2.01347E+01  1.37102E+02  2.00000E+01  3.21300E-02  3.21300E-02
b  10   12 10   15  99  1.81534E-01  1.76856E+00 -1.96048E+01  2.15544E+02  2.00000E+01  7.26100E-02  7.26100E-02
b  10   13 10   15  99  3.10709E-01  5.62769E-01  1.69008E+00 -6.33129E-01  2.15442E+00  2.26900E-01  2.26900E-01
b  10   14 10   15  99  2.59617E-01  7.16552E-02  2.09118E+00 -1.05230E+00  2.78567E+00  1.57400E+00  1.57400E+00
b  10    1 10   16  98  0.00000E+00  0.00000E+00  0.00000E+00  0.00000E+00  0.00000E+00  3.28766E+00  6.57531E-02
b  10    2 10   16  99  4.55296E-01  2.67107E-01 -2.54154E+00  1.96852E+01  3.70168E+00  3.92490E-02  3.92490E-02
b  10    8 10   16  99  9.83535E-02  1.79392E+00 -5.02748E+01  4.24705E+02  2.00000E+01  3.06250E+00  3.06250E+00
b  10   10 10   16  99  1.49299E-01  1.88602E+00 -1.53143E+01  5.95623E-01  2.00000E+01  2.09400E-02  2.09400E-02
b  10   11 10   16  99  1.68962E-01  2.14092E+00 -2.09853E+01  1.46734E+02  2.00000E+01  1.88700E-02  1.88700E-02
b  10   12 10   16  99  1.97262E-01  2.02821E+00 -2.01601E+01  2.19626E+02  2.00000E+01  3.60400E-02  3.60400E-02
b  10   13 10   16  99  3.45032E-01  9.22631E-01  1.76246E+00 -6.45039E-01  2.15159E+00  8.15400E-02  8.15400E-02
b  10   14 10   16  99  2.86752E-01  6.63230E-01  1.39587E+00 -4.61546E-01  2.07004E+00  2.54700E-01  2.54700E-01
b  10   15 10   16  99  2.42925E-01  1.29213E-01  1.85338E+00 -8.99905E-01  2.74136E+00  1.77400E+00  1.77400E+00
b  10    1 10   17  98  0.00000E+00  0.00000E+00  0.00000E+00  0.00000E+00  0.00000E+00  4.02200E+00  8.04401E-02
b  10    2 10   17  99  4.57972E-01  2.68484E-01 -2.53244E+00  1.98247E+01  3.71272E+00  2.79650E-02  2.79650E-02
b  10    9 10   17  99  9.83535E-02  1.79392E+00 -5.02748E+01  4.24705E+02  2.00000E+01  3.06250E+00  3.06250E+00
b  10   10 10   17  99  1.51335E-01  1.94643E+00 -1.60697E+01  5.99966E+00  2.00000E+01  1.43840E-02  1.43840E-02
b  10   11 10   17  99  1.75231E-01  2.24619E+00 -2.14158E+01  1.50986E+02  2.00000E+01  1.21800E-02  1.21800E-02
b  10   12 10   17  99  2.06396E-01  2.23128E+00 -2.05390E+01  2.18689E+02  2.00000E+01  2.10200E-02  2.10200E-02
b  10   13 10   17  99  2.03430E-01  2.11617E+00 -1.91413E+01  2.25527E+02  2.00000E+01  4.00100E-02  4.00100E-02
b  10   14 10   17  99  3.35592E-01  1.00430E+00  1.76342E+00 -7.14357E-01  2.20878E+00  9.02100E-02  9.02100E-02
b  10   15 10   17  99  3.07925E-01  5.64403E-01  2.31389E+00 -1.16675E+00  2.89179E+00  2.82100E-01  2.82100E-01
b  10   16 10   17  99  4.96393E-01  1.26851E-01  4.88648E+00 -2.84443E+00  3.37025E+00  1.00600E+00  1.00600E+00
b  10    1 10   18  99  1.18736E-01  1.82788E+00 -2.45916E+01  9.60879E+01  8.26813E+00  1.04500E-01  1.04500E-01
b  10    2 10   18  99  2.09500E-01  1.05695E+00 -1.36628E+01  5.49010E+01  5.70814E+00  7.77750E-02  7.77750E-02
b  10    1 10   19  99  1.02421E-01  1.97023E+00 -2.69984E+01  1.03123E+02  9.05057E+00  3.86000E-02  3.86000E-02
b  10    3 10   19  99  2.09500E-01  1.05695E+00 -1.36628E+01  5.49010E+01  5.70814E+00  7.77750E-02  7.77750E-02
b  10   18 10   19  99  9.27705E-02  1.06988E+00 -1.97359E+01  1.41655E+02  2.00000E+01  7.03300E-01  7.03300E-01
b  10    1 10   20  99  8.98154E-02  2.07737E+00 -3.00545E+01  1.15003E+02  1.01527E+01  1.85840E-02  1.85840E-02
b  10    4 10   20  99  2.09500E-01  1.05695E+00 -1.36628E+01  5.49010E+01  5.70814E+00  7.77750E-02  7.77750E-02
b  10   18 10   20  99  1.06273E-01  1.32585E+00 -1.29738E+01  5.28360E+00  2.00000E+01  1.44400E-01  1.44400E-01
b  10   19 10   20  99  1.11985E-01  9.11556E-01 -1.75078E+01  1.81252E+02  2.00000E+01  9.51500E-01  9.51500E-01
b  10    1 10   21  99  8.39851E-02  2.36474E+00 -3.75705E+01  1.45322E+02  1.18689E+01  9.92800E-03  9.92800E-03
b  10    5 10   21  99  2.09500E-01  1.05695E+00 -1.36628E+01  5.49010E+01  5.70814E+00  7.77750E-02  7.77750E-02
b  10   18 10   21  99  1.24697E-01  1.55418E+00 -9.94142E+00 -6.38414E+01  2.00000E+01  5.37300E-02  5.37300E-02
b  10   19 10   21  99  1.25216E-01  1.46517E+00 -1.61010E+01  9.41627E+01  2.00000E+01  1.68900E-01  1.68900E-01
b  10   20 10   21  99  2.69681E-01  7.64801E-02  1.56970E+00 -5.48551E-01  2.08002E+00  1.15000E+00  1.15000E+00
b  10    1 10   22  99  8.17598E-02  2.33898E+00 -3.62328E+01  1.36044E+02  1.16319E+01  6.11200E-03  6.11200E-03
b  10    6 10   22  99  2.09500E-01  1.05695E+00 -1.36628E+01  5.49010E+01  5.70814E+00  7.77750E-02  7.77750E-02
b  10   18 10   22  99  1.47151E-01  1.50004E+00 -5.12035E+00  1.37038E+01  5.67803E+00  2.74800E-02  2.74800E-02
b  10   19 10   22  99  1.45598E-01  1.79245E+00 -1.88210E+01  1.21610E+02  2.00000E+01  6.38000E-02  6.38000E-02
b  10   20 10   22  99  1.53735E-01  1.41328E+00 -1.78970E+01  1.90043E+02  2.00000E+01  1.98000E-01  1.98000E-01
b  10   21 10   22  99  2.43040E-01  1.62383E-01  1.29923E+00 -4.17569E-01  2.03277E+00  1.36800E+00  1.36800E+00
b  10    1 10   23  99  8.07492E-02  2.36910E+00 -3.76505E+01  1.41634E+02  1.21318E+01  4.03000E-03  4.03000E-03
b  10    7 10   23  99  2.09500E-01  1.05695E+00 -1.36628E+01  5.49010E+01  5.70814E+00  7.77750E-02  7.77750E-02
b  10   18 10   23  99  1.39596E-01  1.78130E+00 -1.15804E+01 -5.28927E+01  2.00000E+01  1.62100E-02  1.62100E-02
b  10   19 10   23  99  1.59748E-01  1.99644E+00 -2.01347E+01  1.37102E+02  2.00000E+01  3.21300E-02  3.21300E-02
b  10   20 10   23  99  1.81534E-01  1.76856E+00 -1.96048E+01  2.15544E+02  2.00000E+01  7.26100E-02  7.26100E-02
b  10   21 10   23  99  3.10709E-01  5.62769E-01  1.69008E+00 -6.33129E-01  2.15442E+00  2.26900E-01  2.26900E-01
b  10   22 10   23  99  2.59617E-01  7.16552E-02  2.09118E+00 -1.05230E+00  2.78567E+00  1.57400E+00  1.57400E+00
b  10    1 10   24  99  7.99958E-02  2.39528E+00 -3.88826E+01  1.46626E+02  1.25392E+01  2.79400E-03  2.79400E-03
b  10    8 10   24  99  2.09500E-01  1.05695E+00 -1.36628E+01  5.49010E+01  5.70814E+00  7.77750E-02  7.77750E-02
b  10   18 10   24  99  1.49299E-01  1.88602E+00 -1.53143E+01  5.95623E-01  2.00000E+01  1.04700E-02  1.04700E-02
b  10   19 10   24  99  1.68962E-01  2.14092E+00 -2.09853E+01  1.46734E+02  2.00000E+01  1.88700E-02  1.88700E-02
b  10   20 10   24  99  1.97262E-01  2.02821E+00 -2.01601E+01  2.19626E+02  2.00000E+01  3.60400E-02  3.60400E-02
b  10   21 10   24  99  3.45032E-01  9.22631E-01  1.76246E+00 -6.45039E-01  2.15159E+00  8.15400E-02  8.15400E-02
b  10   22 10   24  99  2.86752E-01  6.63230E-01  1.39587E+00 -4.61546E-01  2.07004E+00  2.54700E-01  2.54700E-01
b  10   23 10   24  99  2.42925E-01  1.29213E-01  1.85338E+00 -8.99905E-01  2.74136E+00  1.77400E+00  1.77400E+00
b  10    1 10   25  99  7.93523E-02  2.36752E+00 -3.75303E+01  1.39388E+02  1.21899E+01  2.01600E-03  2.01600E-03
b  10    9 10   25  99  2.09500E-01  1.05695E+00 -1.36628E+01  5.49010E+01  5.70814E+00  7.77750E-02  7.77750E-02
b  10   18 10   25  99  1.51335E-01  1.94643E+00 -1.60697E+01  5.99966E+00  2.00000E+01  7.19200E-03  7.19200E-03
b  10   19 10   25  99  1.75231E-01  2.24619E+00 -2.14158E+01  1.50986E+02  2.00000E+01  1.21800E-02  1.21800E-02
b  10   20 10   25  99  2.06396E-01  2.23128E+00 -2.05390E+01  2.18689E+02  2.00000E+01  2.10200E-02  2.10200E-02
b  10   21 10   25  99  2.03430E-01  2.11617E+00 -1.91413E+01  2.25527E+02  2.00000E+01  4.00100E-02  4.00100E-02
b  10   22 10   25  99  3.35592E-01  1.00430E+00  1.76342E+00 -7.14357E-01  2.20878E+00  9.02100E-02  9.02100E-02
b  10   23 10   25  99  3.07925E-01  5.64403E-01  2.31389E+00 -1.16675E+00  2.89179E+00  2.82100E-01  2.82100E-01
b  10   24 10   25  99  4.96393E-01  1.26851E-01  4.88648E+00 -2.84443E+00  3.37025E+00  1.00600E+00  1.00600E+00
f  10    1  9    1  99  8.00000E+00  2.30107E+01
p  10    1  9    1  98  1.53290E+00 -2.57180E+00 -9.62220E-02  6.96300E-03  8.00000E+00  1.51200E+03  1.57200E+03  3.02300E+04
f  10    2  9    1  99  1.00000E+00  1.87040E+01
p  10    2  9    1  99  1.00000E+00  1.87040E+01
f  10    3  9    1  99  1.00000E+00  1.82038E+01
p  10    3  9    1  99  1.00000E+00  1.82038E+01
f  10    4  9    1  99  1.00000E+00  1.80207E+01
p  10    4  9    1  99  1.00000E+00  1.80207E+01
f  10    5  9    1  99  1.00000E+00  1.80900E+01
p  10    5  9    1  99  1.00000E+00  1.80900E+01
f  10    6  9    1  99  1.00000E+00  1.80720E+01
p  10    6  9    1  99  1.00000E+00  1.80720E+01
f  10    7  9    1  99  1.00000E+00  1.80072E+01
p  10    7  9    1  99  1.00000E+00  1.80072E+01
f  10    8  9    1  99  1.00000E+00  1.80072E+01
p  10    8  9    1  99  1.00000E+00  1.80072E+01
f  10    9  9    1  99  1.00000E+00  1.80009E+01
p  10    9  9    1  99  1.00000E+00  1.80009E+01
f  10    2  9    2  99  7.00000E+00  1.87040E+01
p  10    2  9    2  98  1.53290E+00 -2.57180E+00 -9.62220E-02  6.96300E-03  8.00000E+00  1.51200E+03  1.57200E+03  3.02300E+04
f  10   10  9    2  99  2.00000E+00  1.92680E+01
p  10   10  9    2  99  2.00000E+00  1.92680E+01
f  10   11  9    2  99  1.00000E+00  1.82605E+01
p  10   11  9    2  99  1.00000E+00  1.82605E+01
f  10   12  9    2  99  1.00000E+00  1.80390E+01
p  10   12  9    2  99  1.00000E+00  1.80390E+01
f  10   13  9    2  99  1.00000E+00  1.80960E+01
p  10   13  9    2  99  1.00000E+00  1.80960E+01
f  10   14  9    2  99  1.00000E+00  1.80760E+01
p  10   14  9    2  99  1.00000E+00  1.80760E+01
f  10   15  9    2  99  1.00000E+00  1.80162E+01
p  10   15  9    2  99  1.00000E+00  1.80162E+01
f  10   16  9    2  99  1.00000E+00  1.80142E+01
p  10   16  9    2  99  1.00000E+00  1.80142E+01
f  10   17  9    2  99  1.00000E+00  1.80009E+01
p  10   17  9    2  99  1.00000E+00  1.80009E+01
f  10    3  9    3  99  7.00000E+00  1.82038E+01
p  10    3  9    3  98  1.53290E+00 -2.57180E+00 -9.62220E-02  6.96300E-03  8.00000E+00  1.51200E+03  1.57200E+03  3.02300E+04
f  10   11  9    3  99  1.00000E+00  1.82605E+01
p  10   11  9    3  99  1.00000E+00  1.82605E+01
f  10    4  9    4  99  7.00000E+00  1.80207E+01
p  10    4  9    4  98  1.53290E+00 -2.57180E+00 -9.62220E-02  6.96300E-03  8.00000E+00  1.51200E+03  1.57200E+03  3.02300E+04
f  10   12  9    4  99  1.00000E+00  1.80390E+01
p  10   12  9    4  99  1.00000E+00  1.80390E+01
f  10    5  9    5  99  7.00000E+00  1.80900E+01
p  10    5  9    5  98  1.53290E+00 -2.57180E+00 -9.62220E-02  6.96300E-03  8.00000E+00  1.51200E+03  1.57200E+03  3.02300E+04
f  10   13  9    5  99  1.00000E+00  1.80960E+01
p  10   13  9    5  99  1.00000E+00  1.80960E+01
f  10    6  9    6  99  7.00000E+00  1.80720E+01
p  10    6  9    6  98  1.53290E+00 -2.57180E+00 -9.62220E-02  6.96300E-03  8.00000E+00  1.51200E+03  1.57200E+03  3.02300E+04
f  10   14  9    6  99  1.00000E+00  1.80760E+01
p  10   14  9    6  99  1.00000E+00  1.80760E+01
f  10    7  9    7  99  7.00000E+00  1.80072E+01
p  10    7  9    7  98  1.53290E+00 -2.57180E+00 -9.62220E-02  6.96300E-03  8.00000E+00  1.51200E+03  1.57200E+03  3.02300E+04
f  10   15  9    7  99  1.00000E+00  1.80162E+01
p  10   15  9    7  99  1.00000E+00  1.80162E+01
f  10    8  9    8  99  7.00000E+00  1.80072E+01
p  10    8  9    8  98  1.53290E+00 -2.57180E+00 -9.62220E-02  6.96300E-03  8.00000E+00  1.51200E+03  1.57200E+03  3.02300E+04
f  10   16  9    8  99  1.00000E+00  1.80142E+01
p  10   16  9    8  99  1.00000E+00  1.80142E+01
f  10    9  9    9  99  7.00000E+00  1.80009E+01
p  10    9  9    9  98  1.53290E+00 -2.57180E+00 -9.62220E-02  6.96300E-03  8.00000E+00  1.51200E+03  1.57200E+03  3.02300E+04
f  10   17  9    9  99  1.00000E+00  1.80009E+01
p  10   17  9    9  99  1.00000E+00  1.80009E+01
f  10   10  9   10  99  6.00000E+00  1.92680E+01
p  10   10  9   10  98  1.53290E+00 -2.57180E+00 -9.62220E-02  6.96300E-03  8.00000E+00  1.51200E+03  1.57200E+03  3.02300E+04
f  10   11  9   11  99  6.00000E+00  1.82605E+01
p  10   11  9   11  98  1.53290E+00 -2.57180E+00 -9.62220E-02  6.96300E-03  8.00000E+00  1.51200E+03  1.57200E+03  3.02300E+04
f  10   12  9   12  99  6.00000E+00  1.80390E+01
p  10   12  9   12  98  1.53290E+00 -2.57180E+00 -9.62220E-02  6.96300E-03  8.00000E+00  1.51200E+03  1.57200E+03  3.02300E+04
f  10   13  9   13  99  6.00000E+00  1.80960E+01
p  10   13  9   13  98  1.53290E+00 -2.57180E+00 -9.62220E-02  6.96300E-03  8.00000E+00  1.51200E+03  1.57200E+03  3.02300E+04
f  10   14  9   14  99  6.00000E+00  1.80760E+01
p  10   14  9   14  98  1.53290E+00 -2.57180E+00 -9.62220E-02  6.96300E-03  8.00000E+00  1.51200E+03  1.57200E+03  3.02300E+04
f  10   15  9   15  99  6.00000E+00  1.80162E+01
p  10   15  9   15  98  1.53290E+00 -2.57180E+00 -9.62220E-02  6.96300E-03  8.00000E+00  1.51200E+03  1.57200E+03  3.02300E+04
f  10   16  9   16  99  6.00000E+00  1.80142E+01
p  10   16  9   16  98  1.53290E+00 -2.57180E+00 -9.62220E-02  6.96300E-03  8.00000E+00  1.51200E+03  1.57200E+03  3.02300E+04
f  10   17  9   17  99  6.00000E+00  1.80009E+01
p  10   17  9   17  98  1.53290E+00 -2.57180E+00 -9.62220E-02  6.96300E-03  8.00000E+00  1.51200E+03  1.57200E+03  3.02300E+04
f  10    1  9   18  99  2.00000E+00  2.30107E+01
p  10    1  9   18  98  2.04640E+00 -2.53740E+00 -1.88210E-01  2.19750E-02  2.00000E+00  8.30700E+03  8.64000E+03  1.66200E+05
f  10   18  9   18  99  1.00000E+00  1.87840E+01
p  10   18  9   18  99  1.00000E+00  1.87840E+01
f  10   19  9   18  99  1.00000E+00  1.82270E+01
p  10   19  9   18  99  1.00000E+00  1.82270E+01
f  10   20  9   18  99  1.00000E+00  1.80198E+01
p  10   20  9   18  99  1.00000E+00  1.80198E+01
f  10   21  9   18  99  1.00000E+00  1.80990E+01
p  10   21  9   18  99  1.00000E+00  1.80990E+01
f  10   22  9   18  99  1.00000E+00  1.80810E+01
p  10   22  9   18  99  1.00000E+00  1.80810E+01
f  10   23  9   18  99  1.00000E+00  1.80081E+01
p  10   23  9   18  99  1.00000E+00  1.80081E+01
f  10   24  9   18  99  1.00000E+00  1.80081E+01
p  10   24  9   18  99  1.00000E+00  1.80081E+01
f  10   25  9   18  99  1.00000E+00  1.80009E+01
p  10   25  9   18  99  1.00000E+00  1.80009E+01
f  10    2  9   19  99  2.00000E+00  1.87040E+01
p  10    2  9   19  98  2.04640E+00 -2.53740E+00 -1.88210E-01  2.19750E-02  2.00000E+00  8.30700E+03  8.64000E+03  1.66200E+05
f  10   18  9   19  99  8.00000E+00  1.87840E+01
p  10   18  9   19  98  1.53290E+00 -2.57180E+00 -9.62220E-02  6.96300E-03  8.00000E+00  1.51200E+03  1.57200E+03  3.02300E+04
f  10    3  9   20  99  2.00000E+00  1.82038E+01
p  10    3  9   20  98  2.04640E+00 -2.53740E+00 -1.88210E-01  2.19750E-02  2.00000E+00  8.30700E+03  8.64000E+03  1.66200E+05
f  10   19  9   20  99  8.00000E+00  1.82270E+01
p  10   19  9   20  98  1.53290E+00 -2.57180E+00 -9.62220E-02  6.96300E-03  8.00000E+00  1.51200E+03  1.57200E+03  3.02300E+04
f  10    4  9   21  99  2.00000E+00  1.80207E+01
p  10    4  9   21  98  2.04640E+00 -2.53740E+00 -1.88210E-01  2.19750E-02  2.00000E+00  8.30700E+03  8.64000E+03  1.66200E+05
f  10   20  9   21  99  8.00000E+00  1.80198E+01
p  10   20  9   21  98  1.53290E+00 -2.57180E+00 -9.62220E-02  6.96300E-03  8.00000E+00  1.51200E+03  1.57200E+03  3.02300E+04
f  10    5  9   22  99  2.00000E+00  1.80900E+01
p  10    5  9   22  98  2.04640E+00 -2.53740E+00 -1.88210E-01  2.19750E-02  2.00000E+00  8.30700E+03  8.64000E+03  1.66200E+05
f  10   21  9   22  99  8.00000E+00  1.80990E+01
p  10   21  9   22  98  1.53290E+00 -2.57180E+00 -9.62220E-02  6.96300E-03  8.00000E+00  1.51200E+03  1.57200E+03  3.02300E+04
f  10    6  9   23  99  2.00000E+00  1.80720E+01
p  10    6  9   23  98  2.04640E+00 -2.53740E+00 -1.88210E-01  2.19750E-02  2.00000E+00  8.30700E+03  8.64000E+03  1.66200E+05
f  10   22  9   23  99  8.00000E+00  1.80810E+01
p  10   22  9   23  98  1.53290E+00 -2.57180E+00 -9.62220E-02  6.96300E-03  8.00000E+00  1.51200E+03  1.57200E+03  3.02300E+04
f  10    7  9   24  99  2.00000E+00  1.80072E+01
p  10    7  9   24  98  2.04640E+00 -2.53740E+00 -1.88210E-01  2.19750E-02  2.00000E+00  8.30700E+03  8.64000E+03  1.66200E+05
f  10   23  9   24  99  8.00000E+00  1.80081E+01
p  10   23  9   24  98  1.53290E+00 -2.57180E+00 -9.62220E-02  6.96300E-03  8.00000E+00  1.51200E+03  1.57200E+03  3.02300E+04
f  10    8  9   25  99  2.00000E+00  1.80072E+01
p  10    8  9   25  98  2.04640E+00 -2.53740E+00 -1.88210E-01  2.19750E-02  2.00000E+00  8.30700E+03  8.64000E+03  1.66200E+05
f  10   24  9   25  99  8.00000E+00  1.80081E+01
p  10   24  9   25  98  1.53290E+00 -2.57180E+00 -9.62220E-02  6.96300E-03  8.00000E+00  1.51200E+03  1.57200E+03  3.02300E+04
f  10    9  9   26  99  2.00000E+00  1.80009E+01
p  10    9  9   26  98  2.04640E+00 -2.53740E+00 -1.88210E-01  2.19750E-02  2.00000E+00  8.30700E+03  8.64000E+03  1.66200E+05
f  10   25  9   26  99  8.00000E+00  1.80009E+01
p  10   25  9   26  98  1.53290E+00 -2.57180E+00 -9.62220E-02  6.96300E-03  8.00000E+00  1.51200E+03  1.57200E+03  3.02300E+04
a  10   10  9    1   4.36680E+13
a  10   11  9    1   8.07825E+12
a  10   12  9    1   2.55248E+12
a  10   13  9    1   1.01760E+12
a  10   14  9    1   4.70820E+11
a  10   15  9    1   2.41485E+11
a  10   16  9    1   1.34010E+11
a  10   17  9    1   7.91325E+10
a  10   18  9    1   2.47128E+13
a  10   19  9    1   5.28080E+12
a  10   20  9    1   1.65712E+12
a  10   21  9    1   6.49280E+11
a  10   22  9    1   3.00396E+11
a  10   23  9    1   1.54076E+11
a  10   24  9    1   8.55000E+10
a  10   25  9    1   5.04880E+10
a  10   18  9    2   1.02558E+15
a  10   19  9    3   1.02558E+15
a  10   20  9    4   1.02558E+15
a  10   21  9    5   1.02558E+15
a  10   22  9    6   1.02558E+15
a  10   23  9    7   1.02558E+15
a  10   24  9    8   1.02558E+15
a  10   25  9    9   1.02558E+15
b  11    1 11    2  99  9.18114E-02  1.04784E+00 -1.81866E+01  1.22869E+02  2.00000E+01  6.85700E-01  6.85700E-01
b  11    1 11    3  99  1.05779E-01  1.29848E+00 -1.16464E+01 -7.07679E+00  2.00000E+01  1.42300E-01  1.42300E-01
b  11    2 11    3  99  1.08722E-01  9.10282E-01 -1.64515E+01  1.63324E+02  2.00000E+01  9.41500E-01  9.41500E-01
b  11    1 11    4  99  1.27453E-01  1.58477E+00 -1.21283E+01 -2.78971E+01  2.00000E+01  5.31000E-02  5.31000E-02
b  11    2 11    4  99  1.24223E-01  1.46679E+00 -1.56512E+01  8.92850E+01  2.00000E+01  1.67000E-01  1.67000E-01
b  11    3 11    4  99  2.63481E-01  1.04712E-01  1.48279E+00 -4.93791E-01  2.05849E+00  1.14400E+00  1.14400E+00
b  11    1 11    5  99  1.58677E-01  1.47439E+00 -5.49106E+00  1.71979E+01  6.33040E+00  2.72300E-02  2.72300E-02
b  11    2 11    5  99  1.47583E-01  1.77037E+00 -1.80317E+01  1.19904E+02  2.00000E+01  6.32000E-02  6.32000E-02
b  11    3 11    5  99  1.51573E-01  1.41714E+00 -1.72777E+01  1.79922E+02  2.00000E+01  1.96600E-01  1.96600E-01
b  11    4 11    5  99  2.39494E-01  1.80572E-01  1.25705E+00 -3.96750E-01  2.02309E+00  1.36500E+00  1.36500E+00
b  11    1 11    6  99  1.39396E-01  1.77164E+00 -1.16400E+01 -4.55725E+01  2.00000E+01  1.61000E-02  1.61000E-02
b  11    2 11    6  99  1.62075E-01  1.97829E+00 -1.97659E+01  1.42077E+02  2.00000E+01  3.18700E-02  3.18700E-02
b  11    3 11    6  99  1.80081E-01  1.77126E+00 -1.91867E+01  2.10831E+02  2.00000E+01  7.21100E-02  7.21100E-02
b  11    4 11    6  99  3.05836E-01  5.84676E-01  1.63833E+00 -6.40240E-01  2.12215E+00  2.26000E-01  2.26000E-01
b  11    5 11    6  99  2.55865E-01  9.11629E-02  2.03458E+00 -1.02058E+00  2.77979E+00  1.57200E+00  1.57200E+00
b  11    1 11    7  99  1.36532E-01  1.70515E+00 -4.42474E+00 -1.46706E+02  2.00000E+01  1.04100E-02  1.04100E-02
b  11    2 11    7  99  1.67023E-01  2.12937E+00 -2.00561E+01  1.36900E+02  2.00000E+01  1.87300E-02  1.87300E-02
b  11    3 11    7  99  1.97004E-01  2.02788E+00 -1.99380E+01  2.20228E+02  2.00000E+01  3.58100E-02  3.58100E-02
b  11    4 11    7  99  3.40255E-01  9.44118E-01  1.71190E+00 -6.49484E-01  2.11333E+00  8.11600E-02  8.11600E-02
b  11    5 11    7  99  2.82573E-01  6.82048E-01  1.35796E+00 -4.47591E-01  2.07020E+00  2.54000E-01  2.54000E-01
b  11    6 11    7  99  2.61112E-01  4.76702E-02  2.57896E+00 -1.47772E+00  3.35561E+00  1.77300E+00  1.77300E+00
b  11    1 11    8  99  1.37200E-01  1.83375E+00 -9.42103E+00  1.70764E-02  1.38085E+01  7.15700E-03  7.15700E-03
b  11    2 11    8  99  1.72672E-01  2.23577E+00 -2.04531E+01  1.39414E+02  2.00000E+01  1.21100E-02  1.21100E-02
b  11    3 11    8  99  2.07265E-01  2.22204E+00 -2.01568E+01  2.19535E+02  2.00000E+01  2.08900E-02  2.08900E-02
b  11    4 11    8  99  1.88126E-01  2.13802E+00 -1.65532E+01  1.66730E+02  2.00000E+01  3.98200E-02  3.98200E-02
b  11    5 11    8  99  3.34228E-01  1.00993E+00  1.81707E+00 -7.76501E-01  2.27788E+00  8.98900E-02  8.98900E-02
b  11    6 11    8  99  3.04900E-01  5.78066E-01  2.30466E+00 -1.16182E+00  2.93688E+00  2.81500E-01  2.81500E-01
b  11    7 11    8  99  4.79985E-01  1.57126E-01  4.68011E+00 -2.72816E+00  3.37216E+00  1.02700E+00  1.02700E+00
b  11    1 11    9  99  1.00737E-01  1.81568E+00 -5.12920E+01  4.38588E+02  2.00000E+01  3.18316E+00  3.18316E+00
b  11    1 11   10  99  1.63828E-01  1.02502E+00 -9.86032E+00  4.13695E+01  6.39021E+00  8.42400E-01  8.42400E-01
b  11    2 11   10  99  1.00737E-01  1.81568E+00 -5.12920E+01  4.38588E+02  2.00000E+01  3.37040E+00  3.37040E+00
b  11    9 11   10  99  9.18114E-02  1.04784E+00 -1.81866E+01  1.22869E+02  2.00000E+01  1.37140E+00  1.37140E+00
b  11    1 11   11  99  3.00390E-01  5.19546E-01 -3.75670E+00  1.81626E+01  3.97496E+00  3.46800E-01  3.46800E-01
b  11    3 11   11  99  1.00737E-01  1.81568E+00 -5.12920E+01  4.38588E+02  2.00000E+01  3.37040E+00  3.37040E+00
b  11    9 11   11  99  1.05779E-01  1.29848E+00 -1.16464E+01 -7.07679E+00  2.00000E+01  2.84600E-01  2.84600E-01
b  11   10 11   11  99  1.08722E-01  9.10282E-01 -1.64515E+01  1.63324E+02  2.00000E+01  9.41500E-01  9.41500E-01
b  11    1 11   12  99  4.70972E-01  1.39408E-01 -2.37658E+00  2.05643E+01  3.71833E+00  1.69200E-01  1.69200E-01
b  11    4 11   12  99  1.00737E-01  1.81568E+00 -5.12920E+01  4.38588E+02  2.00000E+01  3.37040E+00  3.37040E+00
b  11    9 11   12  99  1.27453E-01  1.58477E+00 -1.21283E+01 -2.78971E+01  2.00000E+01  1.06200E-01  1.06200E-01
b  11   10 11   12  99  1.24223E-01  1.46679E+00 -1.56512E+01  8.92850E+01  2.00000E+01  1.67000E-01  1.67000E-01
b  11   11 11   12  99  2.63481E-01  1.04712E-01  1.48279E+00 -4.93791E-01  2.05849E+00  1.14400E+00  1.14400E+00
b  11    1 11   13  99  4.65112E-01  1.81449E-01 -2.42504E+00  2.01812E+01  3.70816E+00  9.96800E-02  9.96800E-02
b  11    5 11   13  99  1.00737E-01  1.81568E+00 -5.12920E+01  4.38588E+02  2.00000E+01  3.37040E+00  3.37040E+00
b  11    9 11   13  99  1.58677E-01  1.47439E+00 -5.49106E+00  1.71979E+01  6.33040E+00  5.44600E-02  5.44600E-02
b  11   10 11   13  99  1.47583E-01  1.77037E+00 -1.80317E+01  1.19904E+02  2.00000E+01  6.32000E-02  6.32000E-02
b  11   11 11   13  99  1.51573E-01  1.41714E+00 -1.72777E+01  1.79922E+02  2.00000E+01  1.96600E-01  1.96600E-01
b  11   12 11   13  99  2.39494E-01  1.80572E-01  1.25705E+00 -3.96750E-01  2.02309E+00  1.36500E+00  1.36500E+00
b  11    1 11   14  99  4.64039E-01  2.01765E-01 -2.47021E+00  2.02559E+01  3.71828E+00  6.39600E-02  6.39600E-02
b  11    6 11   14  99  1.00737E-01  1.81568E+00 -5.12920E+01  4.38588E+02  2.00000E+01  3.37040E+00  3.37040E+00
b  11    9 11   14  99  1.39396E-01  1.77164E+00 -1.16400E+01 -4.55725E+01  2.00000E+01  3.22000E-02  3.22000E-02
b  11   10 11   14  99  1.62075E-01  1.97829E+00 -1.97659E+01  1.42077E+02  2.00000E+01  3.18700E-02  3.18700E-02
b  11   11 11   14  99  1.80081E-01  1.77126E+00 -1.91867E+01  2.10831E+02  2.00000E+01  7.21100E-02  7.21100E-02
b  11   12 11   14  99  3.05836E-01  5.84676E-01  1.63833E+00 -6.40240E-01  2.12215E+00  2.26000E-01  2.26000E-01
b  11   13 11   14  99  2.55865E-01  9.11629E-02  2.03458E+00 -1.02058E+00  2.77979E+00  1.57200E+00  1.57200E+00
b  11    1 11   15  99  4.67141E-01  2.04552E-01 -2.46221E+00  2.03407E+01  3.72024E+00  4.35840E-02  4.35840E-02
b  11    7 11   15  99  1.00737E-01  1.81568E+00 -5.12920E+01  4.38588E+02  2.00000E+01  3.37040E+00  3.37040E+00
b  11    9 11   15  99  1.36532E-01  1.70515E+00 -4.42474E+00 -1.46706E+02  2.00000E+01  2.08200E-02  2.08200E-02
b  11   10 11   15  99  1.67023E-01  2.12937E+00 -2.00561E+01  1.36900E+02  2.00000E+01  1.87300E-02  1.87300E-02
b  11   11 11   15  99  1.97004E-01  2.02788E+00 -1.99380E+01  2.20228E+02  2.00000E+01  3.58100E-02  3.58100E-02
b  11   12 11   15  99  3.40255E-01  9.44118E-01  1.71190E+00 -6.49484E-01  2.11333E+00  8.11600E-02  8.11600E-02
b  11   13 11   15  99  2.82573E-01  6.82048E-01  1.35796E+00 -4.47591E-01  2.07020E+00  2.54000E-01  2.54000E-01
b  11   14 11   15  99  2.61112E-01  4.76702E-02  2.57896E+00 -1.47772E+00  3.35561E+00  1.77300E+00  1.77300E+00
b  11    1 11   16  99  4.60340E-01  2.32098E-01 -2.50016E+00  1.99478E+01  3.70564E+00  3.10560E-02  3.10560E-02
b  11    8 11   16  99  1.00737E-01  1.81568E+00 -5.12920E+01  4.38588E+02  2.00000E+01  3.37040E+00  3.37040E+00
b  11    9 11   16  99  1.37200E-01  1.83375E+00 -9.42103E+00  1.70764E-02  1.38085E+01  1.43140E-02  1.43140E-02
b  11   10 11   16  99  1.72672E-01  2.23577E+00 -2.04531E+01  1.39414E+02  2.00000E+01  1.21100E-02  1.21100E-02
b  11   11 11   16  99  2.07265E-01  2.22204E+00 -2.01568E+01  2.19535E+02  2.00000E+01  2.08900E-02  2.08900E-02
b  11   12 11   16  99  1.88126E-01  2.13802E+00 -1.65532E+01  1.66730E+02  2.00000E+01  3.98200E-02  3.98200E-02
b  11   13 11   16  99  3.34228E-01  1.00993E+00  1.81707E+00 -7.76501E-01  2.27788E+00  8.98900E-02  8.98900E-02
b  11   14 11   16  99  3.04900E-01  5.78066E-01  2.30466E+00 -1.16182E+00  2.93688E+00  2.81500E-01  2.81500E-01
b  11   15 11   16  99  4.79985E-01  1.57126E-01  4.68011E+00 -2.72816E+00  3.37216E+00  1.02700E+00  1.02700E+00
b  11    1 11   17  99  1.29292E-01  1.78888E+00 -2.34772E+01  9.08871E+01  7.86132E+00  9.45011E-02  9.45011E-02
b  11    9 11   17  99  2.05854E-01  1.07468E+00 -1.38986E+01  5.58386E+01  5.76542E+00  7.74500E-02  7.74500E-02
b  11    1 11   18  99  9.82724E-02  1.98296E+00 -2.80641E+01  1.09387E+02  9.46146E+00  3.65000E-02  3.65000E-02
b  11    2 11   18  99  1.29292E-01  1.78888E+00 -2.34772E+01  9.08871E+01  7.86132E+00  1.00060E-01  1.00060E-01
b  11   10 11   18  99  2.05854E-01  1.07468E+00 -1.38986E+01  5.58386E+01  5.76542E+00  7.74500E-02  7.74500E-02
b  11   17 11   18  99  9.18114E-02  1.04784E+00 -1.81866E+01  1.22869E+02  2.00000E+01  1.37140E+00  1.37140E+00
b  11    1 11   19  99  9.09547E-02  2.05711E+00 -2.97670E+01  1.14854E+02  1.00588E+01  1.74280E-02  1.74280E-02
b  11    3 11   19  99  1.29292E-01  1.78888E+00 -2.34772E+01  9.08871E+01  7.86132E+00  1.00060E-01  1.00060E-01
b  11   11 11   19  99  2.05854E-01  1.07468E+00 -1.38986E+01  5.58386E+01  5.76542E+00  7.74500E-02  7.74500E-02
b  11   17 11   19  99  1.05779E-01  1.29848E+00 -1.16464E+01 -7.07679E+00  2.00000E+01  2.84600E-01  2.84600E-01
b  11   18 11   19  99  1.08722E-01  9.10282E-01 -1.64515E+01  1.63324E+02  2.00000E+01  9.41500E-01  9.41500E-01
b  11    1 11   20  99  8.63786E-02  2.32200E+00 -3.58631E+01  1.38827E+02  1.12767E+01  9.26800E-03  9.26800E-03
b  11    4 11   20  99  1.29292E-01  1.78888E+00 -2.34772E+01  9.08871E+01  7.86132E+00  1.00060E-01  1.00060E-01
b  11   12 11   20  99  2.05854E-01  1.07468E+00 -1.38986E+01  5.58386E+01  5.76542E+00  7.74500E-02  7.74500E-02
b  11   17 11   20  99  1.27453E-01  1.58477E+00 -1.21283E+01 -2.78971E+01  2.00000E+01  1.06200E-01  1.06200E-01
b  11   18 11   20  99  1.24223E-01  1.46679E+00 -1.56512E+01  8.92850E+01  2.00000E+01  1.67000E-01  1.67000E-01
b  11   19 11   20  99  2.63481E-01  1.04712E-01  1.48279E+00 -4.93791E-01  2.05849E+00  1.14400E+00  1.14400E+00
b  11    1 11   21  99  8.63508E-02  2.31208E+00 -3.55082E+01  1.36843E+02  1.12105E+01  5.68600E-03  5.68600E-03
b  11    5 11   21  99  1.29292E-01  1.78888E+00 -2.34772E+01  9.08871E+01  7.86132E+00  1.00060E-01  1.00060E-01
b  11   13 11   21  99  2.05854E-01  1.07468E+00 -1.38986E+01  5.58386E+01  5.76542E+00  7.74500E-02  7.74500E-02
b  11   17 11   21  99  1.58677E-01  1.47439E+00 -5.49106E+00  1.71979E+01  6.33040E+00  5.44600E-02  5.44600E-02
b  11   18 11   21  99  1.47583E-01  1.77037E+00 -1.80317E+01  1.19904E+02  2.00000E+01  6.32000E-02  6.32000E-02
b  11   19 11   21  99  1.51573E-01  1.41714E+00 -1.72777E+01  1.79922E+02  2.00000E+01  1.96600E-01  1.96600E-01
b  11   20 11   21  99  2.39494E-01  1.80572E-01  1.25705E+00 -3.96750E-01  2.02309E+00  1.36500E+00  1.36500E+00
b  11    1 11   22  99  8.29683E-02  2.36401E+00 -3.77331E+01  1.45629E+02  1.19843E+01  3.74000E-03  3.74000E-03
b  11    6 11   22  99  1.29292E-01  1.78888E+00 -2.34772E+01  9.08871E+01  7.86132E+00  1.00060E-01  1.00060E-01
b  11   14 11   22  99  2.05854E-01  1.07468E+00 -1.38986E+01  5.58386E+01  5.76542E+00  7.74500E-02  7.74500E-02
b  11   17 11   22  99  1.39396E-01  1.77164E+00 -1.16400E+01 -4.55725E+01  2.00000E+01  3.22000E-02  3.22000E-02
b  11   18 11   22  99  1.62075E-01  1.97829E+00 -1.97659E+01  1.42077E+02  2.00000E+01  3.18700E-02  3.18700E-02
b  11   19 11   22  99  1.80081E-01  1.77126E+00 -1.91867E+01  2.10831E+02  2.00000E+01  7.21100E-02  7.21100E-02
b  11   20 11   22  99  3.05836E-01  5.84676E-01  1.63833E+00 -6.40240E-01  2.12215E+00  2.26000E-01  2.26000E-01
b  11   21 11   22  99  2.55865E-01  9.11629E-02  2.03458E+00 -1.02058E+00  2.77979E+00  1.57200E+00  1.57200E+00
b  11    1 11   23  99  8.53308E-02  2.28928E+00 -3.46392E+01  1.31296E+02  1.10800E+01  2.58800E-03  2.58800E-03
b  11    7 11   23  99  1.29292E-01  1.78888E+00 -2.34772E+01  9.08871E+01  7.86132E+00  1.00060E-01  1.00060E-01
b  11   15 11   23  99  2.05854E-01  1.07468E+00 -1.38986E+01  5.58386E+01  5.76542E+00  7.74500E-02  7.74500E-02
b  11   17 11   23  99  1.36532E-01  1.70515E+00 -4.42474E+00 -1.46706E+02  2.00000E+01  2.08200E-02  2.08200E-02
b  11   18 11   23  99  1.67023E-01  2.12937E+00 -2.00561E+01  1.36900E+02  2.00000E+01  1.87300E-02  1.87300E-02
b  11   19 11   23  99  1.97004E-01  2.02788E+00 -1.99380E+01  2.20228E+02  2.00000E+01  3.58100E-02  3.58100E-02
b  11   20 11   23  99  3.40255E-01  9.44118E-01  1.71190E+00 -6.49484E-01  2.11333E+00  8.11600E-02  8.11600E-02
b  11   21 11   23  99  2.82573E-01  6.82048E-01  1.35796E+00 -4.47591E-01  2.07020E+00  2.54000E-01  2.54000E-01
b  11   22 11   23  99  2.61112E-01  4.76702E-02  2.57896E+00 -1.47772E+00  3.35561E+00  1.77300E+00  1.77300E+00
b  11    1 11   24  99  8.44290E-02  2.29736E+00 -3.50129E+01  1.32564E+02  1.12366E+01  1.86420E-03  1.86420E-03
b  11    8 11   24  99  1.29292E-01  1.78888E+00 -2.34772E+01  9.08871E+01  7.86132E+00  1.00060E-01  1.00060E-01
b  11   16 11   24  99  2.05854E-01  1.07468E+00 -1.38986E+01  5.58386E+01  5.76542E+00  7.74500E-02  7.74500E-02
b  11   17 11   24  99  1.37200E-01  1.83375E+00 -9.42103E+00  1.70764E-02  1.38085E+01  1.43140E-02  1.43140E-02
b  11   18 11   24  99  1.72672E-01  2.23577E+00 -2.04531E+01  1.39414E+02  2.00000E+01  1.21100E-02  1.21100E-02
b  11   19 11   24  99  2.07265E-01  2.22204E+00 -2.01568E+01  2.19535E+02  2.00000E+01  2.08900E-02  2.08900E-02
b  11   20 11   24  99  1.88126E-01  2.13802E+00 -1.65532E+01  1.66730E+02  2.00000E+01  3.98200E-02  3.98200E-02
b  11   21 11   24  99  3.34228E-01  1.00993E+00  1.81707E+00 -7.76501E-01  2.27788E+00  8.98900E-02  8.98900E-02
b  11   22 11   24  99  3.04900E-01  5.78066E-01  2.30466E+00 -1.16182E+00  2.93688E+00  2.81500E-01  2.81500E-01
b  11   23 11   24  99  4.79985E-01  1.57126E-01  4.68011E+00 -2.72816E+00  3.37216E+00  1.02700E+00  1.02700E+00
f  11    1 10    1  99  1.00000E+00  1.78000E+01
p  11    1 10    1  98  8.48340E-01 -2.54490E+00 -3.91170E-02 -4.01890E-03  1.00000E+00  5.48100E+02  5.70000E+02  1.09600E+04
f  11    2 10    1  99  1.00000E+00  1.72316E+01
p  11    2 10    1  99  1.00000E+00  1.72316E+01
f  11    3 10    1  99  1.00000E+00  1.70228E+01
p  11    3 10    1  99  1.00000E+00  1.70228E+01
f  11    4 10    1  99  1.00000E+00  1.71020E+01
p  11    4 10    1  99  1.00000E+00  1.71020E+01
f  11    5 10    1  99  1.00000E+00  1.70820E+01
p  11    5 10    1  99  1.00000E+00  1.70820E+01
f  11    6 10    1  99  1.00000E+00  1.70082E+01
p  11    6 10    1  99  1.00000E+00  1.70082E+01
f  11    7 10    1  99  1.00000E+00  1.70082E+01
p  11    7 10    1  99  1.00000E+00  1.70082E+01
f  11    8 10    1  99  1.00000E+00  1.70010E+01
p  11    8 10    1  99  1.00000E+00  1.70010E+01
f  11    1 10    2  99  8.00000E+00  1.78000E+01
p  11    1 10    2  98  1.58250E+00 -2.57030E+00 -9.17710E-02  5.89780E-03  8.00000E+00  1.46200E+03  1.52000E+03  2.92300E+04
f  11    9 10    2  99  2.00000E+00  1.83640E+01
p  11    9 10    2  98  8.48340E-01 -2.54490E+00 -3.91170E-02 -4.01890E-03  1.00000E+00  5.48100E+02  5.70000E+02  1.09600E+04
f  11   10 10    2  99  1.00000E+00  1.72883E+01
p  11   10 10    2  99  1.00000E+00  1.72883E+01
f  11   11 10    2  99  1.00000E+00  1.70411E+01
p  11   11 10    2  99  1.00000E+00  1.70411E+01
f  11   12 10    2  99  1.00000E+00  1.71080E+01
p  11   12 10    2  99  1.00000E+00  1.71080E+01
f  11   13 10    2  99  1.00000E+00  1.70860E+01
p  11   13 10    2  99  1.00000E+00  1.70860E+01
f  11   14 10    2  99  1.00000E+00  1.70172E+01
p  11   14 10    2  99  1.00000E+00  1.70172E+01
f  11   15 10    2  99  1.00000E+00  1.70152E+01
p  11   15 10    2  99  1.00000E+00  1.70152E+01
f  11   16 10    2  99  1.00000E+00  1.70010E+01
p  11   16 10    2  99  1.00000E+00  1.70010E+01
f  11    2 10    3  99  8.00000E+00  1.72316E+01
p  11    2 10    3  98  1.58250E+00 -2.57030E+00 -9.17710E-02  5.89780E-03  8.00000E+00  1.46200E+03  1.52000E+03  2.92300E+04
f  11   10 10    3  99  1.00000E+00  1.72883E+01
p  11   10 10    3  98  8.48340E-01 -2.54490E+00 -3.91170E-02 -4.01890E-03  1.00000E+00  5.48100E+02  5.70000E+02  1.09600E+04
f  11    3 10    4  99  8.00000E+00  1.70228E+01
p  11    3 10    4  98  1.58250E+00 -2.57030E+00 -9.17710E-02  5.89780E-03  8.00000E+00  1.46200E+03  1.52000E+03  2.92300E+04
f  11   11 10    4  99  1.00000E+00  1.70411E+01
p  11   11 10    4  98  8.48340E-01 -2.54490E+00 -3.91170E-02 -4.01890E-03  1.00000E+00  5.48100E+02  5.70000E+02  1.09600E+04
f  11    4 10    5  99  8.00000E+00  1.71020E+01
p  11    4 10    5  98  1.58250E+00 -2.57030E+00 -9.17710E-02  5.89780E-03  8.00000E+00  1.46200E+03  1.52000E+03  2.92300E+04
f  11   12 10    5  99  1.00000E+00  1.71080E+01
p  11   12 10    5  98  8.48340E-01 -2.54490E+00 -3.91170E-02 -4.01890E-03  1.00000E+00  5.48100E+02  5.70000E+02  1.09600E+04
f  11    5 10    6  99  8.00000E+00  1.70820E+01
p  11    5 10    6  98  1.58250E+00 -2.57030E+00 -9.17710E-02  5.89780E-03  8.00000E+00  1.46200E+03  1.52000E+03  2.92300E+04
f  11   13 10    6  99  1.00000E+00  1.70860E+01
p  11   13 10    6  98  8.48340E-01 -2.54490E+00 -3.91170E-02 -4.01890E-03  1.00000E+00  5.48100E+02  5.70000E+02  1.09600E+04
f  11    6 10    7  99  8.00000E+00  1.70082E+01
p  11    6 10    7  98  1.58250E+00 -2.57030E+00 -9.17710E-02  5.89780E-03  8.00000E+00  1.46200E+03  1.52000E+03  2.92300E+04
f  11   14 10    7  99  1.00000E+00  1.70172E+01
p  11   14 10    7  98  8.48340E-01 -2.54490E+00 -3.91170E-02 -4.01890E-03  1.00000E+00  5.48100E+02  5.70000E+02  1.09600E+04
f  11    7 10    8  99  8.00000E+00  1.70082E+01
p  11    7 10    8  98  1.58250E+00 -2.57030E+00 -9.17710E-02  5.89780E-03  8.00000E+00  1.46200E+03  1.52000E+03  2.92300E+04
f  11   15 10    8  99  1.00000E+00  1.70152E+01
p  11   15 10    8  98  8.48340E-01 -2.54490E+00 -3.91170E-02 -4.01890E-03  1.00000E+00  5.48100E+02  5.70000E+02  1.09600E+04
f  11    8 10    9  99  8.00000E+00  1.70010E+01
p  11    8 10    9  98  1.58250E+00 -2.57030E+00 -9.17710E-02  5.89780E-03  8.00000E+00  1.46200E+03  1.52000E+03  2.92300E+04
f  11   16 10    9  99  1.00000E+00  1.70010E+01
p  11   16 10    9  98  8.48340E-01 -2.54490E+00 -3.91170E-02 -4.01890E-03  1.00000E+00  5.48100E+02  5.70000E+02  1.09600E+04
f  11    9 10   10  99  7.00000E+00  1.83640E+01
p  11    9 10   10  98  1.58250E+00 -2.57030E+00 -9.17710E-02  5.89780E-03  8.00000E+00  1.46200E+03  1.52000E+03  2.92300E+04
f  11   10 10   11  99  7.00000E+00  1.72883E+01
p  11   10 10   11  98  1.58250E+00 -2.57030E+00 -9.17710E-02  5.89780E-03  8.00000E+00  1.46200E+03  1.52000E+03  2.92300E+04
f  11   11 10   12  99  7.00000E+00  1.70411E+01
p  11   11 10   12  98  1.58250E+00 -2.57030E+00 -9.17710E-02  5.89780E-03  8.00000E+00  1.46200E+03  1.52000E+03  2.92300E+04
f  11   12 10   13  99  7.00000E+00  1.71080E+01
p  11   12 10   13  98  1.58250E+00 -2.57030E+00 -9.17710E-02  5.89780E-03  8.00000E+00  1.46200E+03  1.52000E+03  2.92300E+04
f  11   13 10   14  99  7.00000E+00  1.70860E+01
p  11   13 10   14  98  1.58250E+00 -2.57030E+00 -9.17710E-02  5.89780E-03  8.00000E+00  1.46200E+03  1.52000E+03  2.92300E+04
f  11   14 10   15  99  7.00000E+00  1.70172E+01
p  11   14 10   15  98  1.58250E+00 -2.57030E+00 -9.17710E-02  5.89780E-03  8.00000E+00  1.46200E+03  1.52000E+03  2.92300E+04
f  11   15 10   16  99  7.00000E+00  1.70152E+01
p  11   15 10   16  98  1.58250E+00 -2.57030E+00 -9.17710E-02  5.89780E-03  8.00000E+00  1.46200E+03  1.52000E+03  2.92300E+04
f  11   16 10   17  99  7.00000E+00  1.70010E+01
p  11   16 10   17  98  1.58250E+00 -2.57030E+00 -9.17710E-02  5.89780E-03  8.00000E+00  1.46200E+03  1.52000E+03  2.92300E+04
f  11    1 10   18  99  2.00000E+00  1.78000E+01
p  11    1 10   18  98  2.05880E+00 -2.54220E+00 -1.83590E-01  2.09960E-02  2.00000E+00  8.25400E+03  8.58400E+03  1.65100E+05
f  11   17 10   18  99  2.00000E+00  1.84440E+01
p  11   17 10   18  98  8.48340E-01 -2.54490E+00 -3.91170E-02 -4.01890E-03  1.00000E+00  5.48100E+02  5.70000E+02  1.09600E+04
f  11   18 10   18  99  1.00000E+00  1.73115E+01
p  11   18 10   18  99  1.00000E+00  1.73115E+01
f  11   19 10   18  99  1.00000E+00  1.70402E+01
p  11   19 10   18  99  1.00000E+00  1.70402E+01
f  11   20 10   18  99  1.00000E+00  1.71170E+01
p  11   20 10   18  99  1.00000E+00  1.71170E+01
f  11   21 10   18  99  1.00000E+00  1.70950E+01
p  11   21 10   18  99  1.00000E+00  1.70950E+01
f  11   22 10   18  99  1.00000E+00  1.70181E+01
p  11   22 10   18  99  1.00000E+00  1.70181E+01
f  11   23 10   18  99  1.00000E+00  1.70161E+01
p  11   23 10   18  99  1.00000E+00  1.70161E+01
f  11   24 10   18  99  1.00000E+00  1.70010E+01
p  11   24 10   18  99  1.00000E+00  1.70010E+01
f  11    2 10   19  99  2.00000E+00  1.72316E+01
p  11    2 10   19  98  2.05880E+00 -2.54220E+00 -1.83590E-01  2.09960E-02  2.00000E+00  8.25400E+03  8.58400E+03  1.65100E+05
f  11   18 10   19  99  1.00000E+00  1.73115E+01
p  11   18 10   19  98  8.48340E-01 -2.54490E+00 -3.91170E-02 -4.01890E-03  1.00000E+00  5.48100E+02  5.70000E+02  1.09600E+04
f  11    3 10   20  99  2.00000E+00  1.70228E+01
p  11    3 10   20  98  2.05880E+00 -2.54220E+00 -1.83590E-01  2.09960E-02  2.00000E+00  8.25400E+03  8.58400E+03  1.65100E+05
f  11   19 10   20  99  1.00000E+00  1.70402E+01
p  11   19 10   20  98  8.48340E-01 -2.54490E+00 -3.91170E-02 -4.01890E-03  1.00000E+00  5.48100E+02  5.70000E+02  1.09600E+04
f  11    4 10   21  99  2.00000E+00  1.71020E+01
p  11    4 10   21  98  2.05880E+00 -2.54220E+00 -1.83590E-01  2.09960E-02  2.00000E+00  8.25400E+03  8.58400E+03  1.65100E+05
f  11   20 10   21  99  1.00000E+00  1.71170E+01
p  11   20 10   21  98  8.48340E-01 -2.54490E+00 -3.91170E-02 -4.01890E-03  1.00000E+00  5.48100E+02  5.70000E+02  1.09600E+04
f  11    5 10   22  99  2.00000E+00  1.70820E+01
p  11    5 10   22  98  2.05880E+00 -2.54220E+00 -1.83590E-01  2.09960E-02  2.00000E+00  8.25400E+03  8.58400E+03  1.65100E+05
f  11   21 10   22  99  1.00000E+00  1.70950E+01
p  11   21 10   22  98  8.48340E-01 -2.54490E+00 -3.91170E-02 -4.01890E-03  1.00000E+00  5.48100E+02  5.70000E+02  1.09600E+04
f  11    6 10   23  99  2.00000E+00  1.70082E+01
p  11    6 10   23  98  2.05880E+00 -2.54220E+00 -1.83590E-01  2.09960E-02  2.00000E+00  8.25400E+03  8.58400E+03  1.65100E+05
f  11   22 10   23  99  1.00000E+00  1.70181E+01
p  11   22 10   23  98  8.48340E-01 -2.54490E+00 -3.91170E-02 -4.01890E-03  1.00000E+00  5.48100E+02  5.70000E+02  1.09600E+04
f  11    7 10   24  99  2.00000E+00  1.70082E+01
p  11    7 10   24  98  2.05880E+00 -2.54220E+00 -1.83590E-01  2.09960E-02  2.00000E+00  8.25400E+03  8.58400E+03  1.65100E+05
f  11   23 10   24  99  1.00000E+00  1.70161E+01
p  11   23 10   24  98  8.48340E-01 -2.54490E+00 -3.91170E-02 -4.01890E-03  1.00000E+00  5.48100E+02  5.70000E+02  1.09600E+04
f  11    8 10   25  99  2.00000E+00  1.70010E+01
p  11    8 10   25  98  2.05880E+00 -2.54220E+00 -1.83590E-01  2.09960E-02  2.00000E+00  8.25400E+03  8.58400E+03  1.65100E+05
f  11   24 10   25  99  1.00000E+00  1.70010E+01
p  11   24 10   25  98  8.48340E-01 -2.54490E+00 -3.91170E-02 -4.01890E-03  1.00000E+00  5.48100E+02  5.70000E+02  1.09600E+04
a  11    9 10    1   1.97355E+13
a  11   10 10    1   3.63645E+12
a  11   11 10    1   1.14251E+12
a  11   12 10    1   4.54012E+11
a  11   13 10    1   2.10064E+11
a  11   14 10    1   1.07745E+11
a  11   15 10    1   5.97900E+10
a  11   16 10    1   3.53055E+10
a  11   17 10    1   2.58380E+11
a  11   18 10    1   5.13100E+10
a  11   19 10    1   1.59035E+10
a  11   20 10    1   6.19600E+09
a  11   21 10    1   2.86675E+09
a  11   22 10    1   1.47040E+09
a  11   23 10    1   8.15950E+08
a  11   24 10    1   4.81815E+08
a  11   17 10    2   4.43848E+13
a  11   18 10    2   4.73560E+12
a  11   19 10    2   1.46376E+12
a  11   20 10    2   5.69840E+11
a  11   21 10    2   2.63652E+11
a  11   22 10    2   1.35228E+11
a  11   23 10    2   7.50440E+10
a  11   24 10    2   4.43120E+10
a  11   18 10    3   2.21924E+13
a  11   19 10    4   2.21924E+13
a  11   20 10    5   2.21924E+13
a  11   21 10    6   2.21924E+13
a  11   22 10    7   2.21924E+13
a  11   23 10    8   2.21924E+13
a  11   24 10    9   2.21924E+13
a  11   17 10   10   9.67568E+14
a  11   18 10   11   9.67568E+14
a  11   19 10   12   9.67568E+14
a  11   20 10   13   9.67568E+14
a  11   21 10   14   9.67568E+14
a  11   22 10   15   9.67568E+14
a  11   23 10   16   9.67568E+14
a  11   24 10   17   9.67568E+14
b  12    1 12    2  99  9.30174E-02  1.05924E+00 -1.76748E+01  1.13446E+02  2.00000E+01  1.28200E+00  1.28200E+00
b  12    1 12    3  99  1.05988E-01  1.29209E+00 -1.32481E+01  2.10664E+01  2.00000E+01  2.83200E-01  2.83200E-01
b  12    2 12    3  99  1.05443E-01  8.96460E-01 -1.55038E+01  1.50376E+02  2.00000E+01  9.18600E-01  9.18600E-01
b  12    1 12    4  99  1.24920E-01  1.55362E+00 -1.35999E+01  9.31157E-01  2.00000E+01  1.06840E-01  1.06840E-01
b  12    2 12    4  99  1.60121E-01  1.39508E+00 -2.09627E+01  2.26172E+02  2.00000E+01  1.66400E-01  1.66400E-01
b  12    3 12    4  99  2.59384E-01  1.25554E-01  1.44695E+00 -4.88534E-01  2.06110E+00  1.11600E+00  1.11600E+00
b  12    1 12    5  99  1.26102E-01  1.63133E+00 -1.12555E+01 -4.27736E+01  2.00000E+01  5.53000E-02  5.53000E-02
b  12    2 12    5  99  1.41724E-01  1.72844E+00 -1.62628E+01  9.05444E+01  2.00000E+01  6.37700E-02  6.37700E-02
b  12    3 12    5  99  1.46371E-01  1.40239E+00 -1.64044E+01  1.64780E+02  2.00000E+01  1.97000E-01  1.97000E-01
b  12    4 12    5  99  2.69854E-01  5.32036E-02  2.17626E+00 -1.08976E+00  2.76569E+00  1.33800E+00  1.33800E+00
b  12    1 12    6  99  1.28480E-01  1.66464E+00 -9.86423E+00  4.51318E-01  1.52128E+01  3.28400E-02  3.28400E-02
b  12    2 12    6  99  1.57719E-01  1.92830E+00 -1.86104E+01  1.24521E+02  2.00000E+01  3.23400E-02  3.23400E-02
b  12    3 12    6  99  1.78044E-01  1.72503E+00 -1.86395E+01  2.07896E+02  2.00000E+01  7.30900E-02  7.30900E-02
b  12    4 12    6  99  3.00758E-01  5.95500E-01  1.60551E+00 -6.21939E-01  2.14217E+00  2.25200E-01  2.25200E-01
b  12    5 12    6  99  2.52211E-01  1.11152E-01  1.98267E+00 -9.92656E-01  2.78014E+00  1.54900E+00  1.54900E+00
b  12    1 12    7  99  1.33928E-01  1.68119E+00 -8.35299E+00 -8.11381E+01  2.00000E+01  2.13000E-02  2.13000E-02
b  12    2 12    7  99  1.66231E-01  2.07002E+00 -1.97954E+01  1.39136E+02  2.00000E+01  1.90600E-02  1.90600E-02
b  12    3 12    7  99  1.95683E-01  1.96230E+00 -1.95726E+01  2.23315E+02  2.00000E+01  3.65100E-02  3.65100E-02
b  12    4 12    7  99  3.36939E-01  9.27661E-01  1.76563E+00 -6.91732E-01  2.20062E+00  8.16400E-02  8.16400E-02
b  12    5 12    7  99  2.78326E-01  6.96304E-01  1.32253E+00 -4.06570E-01  2.10080E+00  2.52600E-01  2.52600E-01
b  12    6 12    7  99  2.58007E-01  6.52576E-02  2.53628E+00 -1.46256E+00  3.36700E+00  1.75400E+00  1.75400E+00
b  12    1 12    8  99  1.43982E-01  1.71648E+00 -9.73674E+00  3.03804E+01  1.14426E+01  1.46820E-02  1.46820E-02
b  12    2 12    8  99  1.71596E-01  2.17279E+00 -2.02899E+01  1.43072E+02  2.00000E+01  1.23400E-02  1.23400E-02
b  12    3 12    8  99  2.04399E-01  2.15113E+00 -1.99127E+01  2.22823E+02  2.00000E+01  2.13800E-02  2.13800E-02
b  12    4 12    8  99  3.57923E-01  1.20065E+00  1.77358E+00 -6.46217E-01  2.18979E+00  4.02800E-02  4.02800E-02
b  12    5 12    8  99  3.14064E-01  1.07629E+00  1.41775E+00 -4.85357E-01  2.04940E+00  9.00000E-02  9.00000E-02
b  12    6 12    8  99  3.01437E-01  5.92292E-01  2.27455E+00 -1.17782E+00  2.93523E+00  2.79900E-01  2.79900E-01
b  12    7 12    8  99  4.15936E-01  1.67149E-01  3.99855E+00 -2.28891E+00  3.36272E+00  1.16200E+00  1.16200E+00
b  12    1 12    9  98  0.00000E+00  0.00000E+00  0.00000E+00  0.00000E+00  0.00000E+00  2.97827E-03  5.95654E-05
b  12    2 12    9  99  9.30174E-02  1.05924E+00 -1.76748E+01  1.13446E+02  2.00000E+01  6.20969E-01  6.20969E-01
b  12    1 12   10  98  0.00000E+00  0.00000E+00  0.00000E+00  0.00000E+00  0.00000E+00  3.69695E-03  7.39390E-05
b  12    2 12   10  99  1.05988E-01  1.29209E+00 -1.32481E+01  2.10664E+01  2.00000E+01  1.41600E-01  1.41600E-01
b  12    3 12   10  99  9.30174E-02  1.05924E+00 -1.76748E+01  1.13446E+02  2.00000E+01  6.41000E-01  6.41000E-01
b  12    9 12   10  99  1.05443E-01  8.96460E-01 -1.55038E+01  1.50376E+02  2.00000E+01  1.83720E+00  1.83720E+00
b  12    1 12   11  98  0.00000E+00  0.00000E+00  0.00000E+00  0.00000E+00  0.00000E+00  4.72825E-03  9.45649E-05
b  12    2 12   11  99  1.24920E-01  1.55362E+00 -1.35999E+01  9.31157E-01  2.00000E+01  5.34200E-02  5.34200E-02
b  12    4 12   11  99  9.30174E-02  1.05924E+00 -1.76748E+01  1.13446E+02  2.00000E+01  6.41000E-01  6.41000E-01
b  12    9 12   11  99  1.60121E-01  1.39508E+00 -2.09627E+01  2.26172E+02  2.00000E+01  3.32800E-01  3.32800E-01
b  12   10 12   11  99  2.59384E-01  1.25554E-01  1.44695E+00 -4.88534E-01  2.06110E+00  1.11600E+00  1.11600E+00
b  12    1 12   12  98  0.00000E+00  0.00000E+00  0.00000E+00  0.00000E+00  0.00000E+00  5.98895E-03  1.19779E-04
b  12    2 12   12  99  1.26102E-01  1.63133E+00 -1.12555E+01 -4.27736E+01  2.00000E+01  2.76500E-02  2.76500E-02
b  12    5 12   12  99  9.30174E-02  1.05924E+00 -1.76748E+01  1.13446E+02  2.00000E+01  6.41000E-01  6.41000E-01
b  12    9 12   12  99  1.41724E-01  1.72844E+00 -1.62628E+01  9.05444E+01  2.00000E+01  1.27540E-01  1.27540E-01
b  12   10 12   12  99  1.46371E-01  1.40239E+00 -1.64044E+01  1.64780E+02  2.00000E+01  1.97000E-01  1.97000E-01
b  12   11 12   12  99  2.69854E-01  5.32036E-02  2.17626E+00 -1.08976E+00  2.76569E+00  1.33800E+00  1.33800E+00
b  12    1 12   13  98  0.00000E+00  0.00000E+00  0.00000E+00  0.00000E+00  0.00000E+00  7.46730E-03  1.49346E-04
b  12    2 12   13  99  1.28480E-01  1.66464E+00 -9.86423E+00  4.51318E-01  1.52128E+01  1.64200E-02  1.64200E-02
b  12    6 12   13  99  9.30174E-02  1.05924E+00 -1.76748E+01  1.13446E+02  2.00000E+01  6.41000E-01  6.41000E-01
b  12    9 12   13  99  1.57719E-01  1.92830E+00 -1.86104E+01  1.24521E+02  2.00000E+01  6.46800E-02  6.46800E-02
b  12   10 12   13  99  1.78044E-01  1.72503E+00 -1.86395E+01  2.07896E+02  2.00000E+01  7.30900E-02  7.30900E-02
b  12   11 12   13  99  3.00758E-01  5.95500E-01  1.60551E+00 -6.21939E-01  2.14217E+00  2.25200E-01  2.25200E-01
b  12   12 12   13  99  2.52211E-01  1.11152E-01  1.98267E+00 -9.92656E-01  2.78014E+00  1.54900E+00  1.54900E+00
b  12    1 12   14  98  0.00000E+00  0.00000E+00  0.00000E+00  0.00000E+00  0.00000E+00  9.17072E-03  1.83414E-04
b  12    2 12   14  99  1.33928E-01  1.68119E+00 -8.35299E+00 -8.11381E+01  2.00000E+01  1.06500E-02  1.06500E-02
b  12    7 12   14  99  9.30174E-02  1.05924E+00 -1.76748E+01  1.13446E+02  2.00000E+01  6.41000E-01  6.41000E-01
b  12    9 12   14  99  1.66231E-01  2.07002E+00 -1.97954E+01  1.39136E+02  2.00000E+01  3.81200E-02  3.81200E-02
b  12   10 12   14  99  1.95683E-01  1.96230E+00 -1.95726E+01  2.23315E+02  2.00000E+01  3.65100E-02  3.65100E-02
b  12   11 12   14  99  3.36939E-01  9.27661E-01  1.76563E+00 -6.91732E-01  2.20062E+00  8.16400E-02  8.16400E-02
b  12   12 12   14  99  2.78326E-01  6.96304E-01  1.32253E+00 -4.06570E-01  2.10080E+00  2.52600E-01  2.52600E-01
b  12   13 12   14  99  2.58007E-01  6.52576E-02  2.53628E+00 -1.46256E+00  3.36700E+00  1.75400E+00  1.75400E+00
b  12    1 12   15  98  0.00000E+00  0.00000E+00  0.00000E+00  0.00000E+00  0.00000E+00  1.10813E-02  2.21626E-04
b  12    2 12   15  99  1.43982E-01  1.71648E+00 -9.73674E+00  3.03804E+01  1.14426E+01  7.34100E-03  7.34100E-03
b  12    8 12   15  99  9.30174E-02  1.05924E+00 -1.76748E+01  1.13446E+02  2.00000E+01  6.41000E-01  6.41000E-01
b  12    9 12   15  99  1.71596E-01  2.17279E+00 -2.02899E+01  1.43072E+02  2.00000E+01  2.46800E-02  2.46800E-02
b  12   10 12   15  99  2.04399E-01  2.15113E+00 -1.99127E+01  2.22823E+02  2.00000E+01  2.13800E-02  2.13800E-02
b  12   11 12   15  99  3.57923E-01  1.20065E+00  1.77358E+00 -6.46217E-01  2.18979E+00  4.02800E-02  4.02800E-02
b  12   12 12   15  99  3.14064E-01  1.07629E+00  1.41775E+00 -4.85357E-01  2.04940E+00  9.00000E-02  9.00000E-02
b  12   13 12   15  99  3.01437E-01  5.92292E-01  2.27455E+00 -1.17782E+00  2.93523E+00  2.79900E-01  2.79900E-01
b  12   14 12   15  99  4.15936E-01  1.67149E-01  3.99855E+00 -2.28891E+00  3.36272E+00  1.16200E+00  1.16200E+00
b  12    1 12   16  99  1.02706E-01  1.83302E+00 -5.22517E+01  4.52368E+02  2.00000E+01  2.88000E+00  2.88000E+00
b  12    1 12   17  99  1.46964E-01  1.14831E+00 -1.22204E+01  5.32888E+01  7.33751E+00  7.94880E-01  7.94880E-01
b  12    2 12   17  99  1.02706E-01  1.83302E+00 -5.22517E+01  4.52368E+02  2.00000E+01  3.06000E+00  3.06000E+00
b  12   16 12   17  99  9.30174E-02  1.05924E+00 -1.76748E+01  1.13446E+02  2.00000E+01  1.92300E+00  1.92300E+00
b  12    1 12   18  99  3.00490E-01  5.24952E-01 -3.93276E+00  1.90441E+01  4.03986E+00  3.29200E-01  3.29200E-01
b  12    3 12   18  99  1.02706E-01  1.83302E+00 -5.22517E+01  4.52368E+02  2.00000E+01  3.06000E+00  3.06000E+00
b  12   16 12   18  99  1.05988E-01  1.29209E+00 -1.32481E+01  2.10664E+01  2.00000E+01  4.24800E-01  4.24800E-01
b  12   17 12   18  99  1.05443E-01  8.96460E-01 -1.55038E+01  1.50376E+02  2.00000E+01  9.18600E-01  9.18600E-01
b  12    1 12   19  99  3.81453E-01  4.05966E-01 -3.29034E+00  1.88990E+01  3.76364E+00  1.61440E-01  1.61440E-01
b  12    4 12   19  99  1.02706E-01  1.83302E+00 -5.22517E+01  4.52368E+02  2.00000E+01  3.06000E+00  3.06000E+00
b  12   16 12   19  99  1.24920E-01  1.55362E+00 -1.35999E+01  9.31157E-01  2.00000E+01  1.60260E-01  1.60260E-01
b  12   17 12   19  99  1.60121E-01  1.39508E+00 -2.09627E+01  2.26172E+02  2.00000E+01  1.66400E-01  1.66400E-01
b  12   18 12   19  99  2.59384E-01  1.25554E-01  1.44695E+00 -4.88534E-01  2.06110E+00  1.11600E+00  1.11600E+00
b  12    1 12   20  99  4.76099E-01  1.29519E-01 -2.36438E+00  2.07892E+01  3.72292E+00  9.53600E-02  9.53600E-02
b  12    5 12   20  99  1.02706E-01  1.83302E+00 -5.22517E+01  4.52368E+02  2.00000E+01  3.06000E+00  3.06000E+00
b  12   16 12   20  99  1.26102E-01  1.63133E+00 -1.12555E+01 -4.27736E+01  2.00000E+01  8.29500E-02  8.29500E-02
b  12   17 12   20  99  1.41724E-01  1.72844E+00 -1.62628E+01  9.05444E+01  2.00000E+01  6.37700E-02  6.37700E-02
b  12   18 12   20  99  1.46371E-01  1.40239E+00 -1.64044E+01  1.64780E+02  2.00000E+01  1.97000E-01  1.97000E-01
b  12   19 12   20  99  2.69854E-01  5.32036E-02  2.17626E+00 -1.08976E+00  2.76569E+00  1.33800E+00  1.33800E+00
b  12    1 12   21  99  4.73522E-01  1.48218E-01 -2.37654E+00  2.06197E+01  3.72158E+00  6.12720E-02  6.12720E-02
b  12    6 12   21  99  1.02706E-01  1.83302E+00 -5.22517E+01  4.52368E+02  2.00000E+01  3.06000E+00  3.06000E+00
b  12   16 12   21  99  1.28480E-01  1.66464E+00 -9.86423E+00  4.51318E-01  1.52128E+01  4.92600E-02  4.92600E-02
b  12   17 12   21  99  1.57719E-01  1.92830E+00 -1.86104E+01  1.24521E+02  2.00000E+01  3.23400E-02  3.23400E-02
b  12   18 12   21  99  1.78044E-01  1.72503E+00 -1.86395E+01  2.07896E+02  2.00000E+01  7.30900E-02  7.30900E-02
b  12   19 12   21  99  3.00758E-01  5.95500E-01  1.60551E+00 -6.21939E-01  2.14217E+00  2.25200E-01  2.25200E-01
b  12   20 12   21  99  2.52211E-01  1.11152E-01  1.98267E+00 -9.92656E-01  2.78014E+00  1.54900E+00  1.54900E+00
b  12    1 12   22  99  4.65028E-01  1.81061E-01 -2.43670E+00  2.02645E+01  3.71396E+00  4.17920E-02  4.17920E-02
b  12    7 12   22  99  1.02706E-01  1.83302E+00 -5.22517E+01  4.52368E+02  2.00000E+01  3.06000E+00  3.06000E+00
b  12   16 12   22  99  1.33928E-01  1.68119E+00 -8.35299E+00 -8.11381E+01  2.00000E+01  3.19500E-02  3.19500E-02
b  12   17 12   22  99  1.66231E-01  2.07002E+00 -1.97954E+01  1.39136E+02  2.00000E+01  1.90600E-02  1.90600E-02
b  12   18 12   22  99  1.95683E-01  1.96230E+00 -1.95726E+01  2.23315E+02  2.00000E+01  3.65100E-02  3.65100E-02
b  12   19 12   22  99  3.36939E-01  9.27661E-01  1.76563E+00 -6.91732E-01  2.20062E+00  8.16400E-02  8.16400E-02
b  12   20 12   22  99  2.78326E-01  6.96304E-01  1.32253E+00 -4.06570E-01  2.10080E+00  2.52600E-01  2.52600E-01
b  12   21 12   22  99  2.58007E-01  6.52576E-02  2.53628E+00 -1.46256E+00  3.36700E+00  1.75400E+00  1.75400E+00
b  12    1 12   23  99  4.68921E-01  1.75639E-01 -2.41396E+00  2.04065E+01  3.71905E+00  2.98000E-02  2.98000E-02
b  12    8 12   23  99  1.02706E-01  1.83302E+00 -5.22517E+01  4.52368E+02  2.00000E+01  3.06000E+00  3.06000E+00
b  12   16 12   23  99  1.43982E-01  1.71648E+00 -9.73674E+00  3.03804E+01  1.14426E+01  2.20230E-02  2.20230E-02
b  12   17 12   23  99  1.71596E-01  2.17279E+00 -2.02899E+01  1.43072E+02  2.00000E+01  1.23400E-02  1.23400E-02
b  12   18 12   23  99  2.04399E-01  2.15113E+00 -1.99127E+01  2.22823E+02  2.00000E+01  2.13800E-02  2.13800E-02
b  12   19 12   23  99  3.57923E-01  1.20065E+00  1.77358E+00 -6.46217E-01  2.18979E+00  4.02800E-02  4.02800E-02
b  12   20 12   23  99  3.14064E-01  1.07629E+00  1.41775E+00 -4.85357E-01  2.04940E+00  9.00000E-02  9.00000E-02
b  12   21 12   23  99  3.01437E-01  5.92292E-01  2.27455E+00 -1.17782E+00  2.93523E+00  2.79900E-01  2.79900E-01
b  12   22 12   23  99  4.15936E-01  1.67149E-01  3.99855E+00 -2.28891E+00  3.36272E+00  1.16200E+00  1.16200E+00
b  12    1 12   24  99  1.28288E-01  1.77739E+00 -2.32021E+01  8.93966E+01  7.81464E+00  8.61689E-02  8.61689E-02
b  12   16 12   24  99  2.04518E-01  1.08115E+00 -1.39902E+01  5.62217E+01  5.78991E+00  7.71250E-02  7.71250E-02
b  12    1 12   25  99  1.03454E-01  1.93978E+00 -2.64964E+01  1.01501E+02  8.94115E+00  3.38800E-02  3.38800E-02
b  12    2 12   25  99  1.28288E-01  1.77739E+00 -2.32021E+01  8.93966E+01  7.81464E+00  9.15544E-02  9.15544E-02
b  12   17 12   25  99  2.04518E-01  1.08115E+00 -1.39902E+01  5.62217E+01  5.78991E+00  7.71250E-02  7.71250E-02
b  12   24 12   25  99  9.30174E-02  1.05924E+00 -1.76748E+01  1.13446E+02  2.00000E+01  1.92300E+00  1.92300E+00
b  12    1 12   26  99  9.51417E-02  2.06009E+00 -2.95607E+01  1.14532E+02  9.83632E+00  1.59940E-02  1.59940E-02
b  12    3 12   26  99  1.28288E-01  1.77739E+00 -2.32021E+01  8.93966E+01  7.81464E+00  9.15544E-02  9.15544E-02
b  12   18 12   26  99  2.04518E-01  1.08115E+00 -1.39902E+01  5.62217E+01  5.78991E+00  7.71250E-02  7.71250E-02
b  12   24 12   26  99  1.05988E-01  1.29209E+00 -1.32481E+01  2.10664E+01  2.00000E+01  4.24800E-01  4.24800E-01
b  12   25 12   26  99  1.05443E-01  8.96460E-01 -1.55038E+01  1.50376E+02  2.00000E+01  9.18600E-01  9.18600E-01
b  12    1 12   27  99  9.61340E-02  2.23163E+00 -3.23033E+01  1.24105E+02  1.00389E+01  8.45800E-03  8.45800E-03
b  12    4 12   27  99  1.28288E-01  1.77739E+00 -2.32021E+01  8.93966E+01  7.81464E+00  9.15544E-02  9.15544E-02
b  12   19 12   27  99  2.04518E-01  1.08115E+00 -1.39902E+01  5.62217E+01  5.78991E+00  7.71250E-02  7.71250E-02
b  12   24 12   27  99  1.24920E-01  1.55362E+00 -1.35999E+01  9.31157E-01  2.00000E+01  1.60260E-01  1.60260E-01
b  12   25 12   27  99  1.60121E-01  1.39508E+00 -2.09627E+01  2.26172E+02  2.00000E+01  1.66400E-01  1.66400E-01
b  12   26 12   27  99  2.59384E-01  1.25554E-01  1.44695E+00 -4.88534E-01  2.06110E+00  1.11600E+00  1.11600E+00
b  12    1 12   28  99  9.15379E-02  2.26904E+00 -3.36570E+01  1.29576E+02  1.05134E+01  5.17200E-03  5.17200E-03
b  12    5 12   28  99  1.28288E-01  1.77739E+00 -2.32021E+01  8.93966E+01  7.81464E+00  9.15544E-02  9.15544E-02
b  12   20 12   28  99  2.04518E-01  1.08115E+00 -1.39902E+01  5.62217E+01  5.78991E+00  7.71250E-02  7.71250E-02
b  12   24 12   28  99  1.26102E-01  1.63133E+00 -1.12555E+01 -4.27736E+01  2.00000E+01  8.29500E-02  8.29500E-02
b  12   25 12   28  99  1.41724E-01  1.72844E+00 -1.62628E+01  9.05444E+01  2.00000E+01  6.37700E-02  6.37700E-02
b  12   26 12   28  99  1.46371E-01  1.40239E+00 -1.64044E+01  1.64780E+02  2.00000E+01  1.97000E-01  1.97000E-01
b  12   27 12   28  99  2.69854E-01  5.32036E-02  2.17626E+00 -1.08976E+00  2.76569E+00  1.33800E+00  1.33800E+00
b  12    1 12   29  99  8.64865E-02  2.34360E+00 -3.66881E+01  1.43015E+02  1.14861E+01  3.39200E-03  3.39200E-03
b  12    6 12   29  99  1.28288E-01  1.77739E+00 -2.32021E+01  8.93966E+01  7.81464E+00  9.15544E-02  9.15544E-02
b  12   21 12   29  99  2.04518E-01  1.08115E+00 -1.39902E+01  5.62217E+01  5.78991E+00  7.71250E-02  7.71250E-02
b  12   24 12   29  99  1.28480E-01  1.66464E+00 -9.86423E+00  4.51318E-01  1.52128E+01  4.92600E-02  4.92600E-02
b  12   25 12   29  99  1.57719E-01  1.92830E+00 -1.86104E+01  1.24521E+02  2.00000E+01  3.23400E-02  3.23400E-02
b  12   26 12   29  99  1.78044E-01  1.72503E+00 -1.86395E+01  2.07896E+02  2.00000E+01  7.30900E-02  7.30900E-02
b  12   27 12   29  99  3.00758E-01  5.95500E-01  1.60551E+00 -6.21939E-01  2.14217E+00  2.25200E-01  2.25200E-01
b  12   28 12   29  99  2.52211E-01  1.11152E-01  1.98267E+00 -9.92656E-01  2.78014E+00  1.54900E+00  1.54900E+00
b  12    1 12   30  99  8.93035E-02  2.26590E+00 -3.36648E+01  1.28559E+02  1.06348E+01  2.34400E-03  2.34400E-03
b  12    7 12   30  99  1.28288E-01  1.77739E+00 -2.32021E+01  8.93966E+01  7.81464E+00  9.15544E-02  9.15544E-02
b  12   22 12   30  99  2.04518E-01  1.08115E+00 -1.39902E+01  5.62217E+01  5.78991E+00  7.71250E-02  7.71250E-02
b  12   24 12   30  99  1.33928E-01  1.68119E+00 -8.35299E+00 -8.11381E+01  2.00000E+01  3.19500E-02  3.19500E-02
b  12   25 12   30  99  1.66231E-01  2.07002E+00 -1.97954E+01  1.39136E+02  2.00000E+01  1.90600E-02  1.90600E-02
b  12   26 12   30  99  1.95683E-01  1.96230E+00 -1.95726E+01  2.23315E+02  2.00000E+01  3.65100E-02  3.65100E-02
b  12   27 12   30  99  3.36939E-01  9.27661E-01  1.76563E+00 -6.91732E-01  2.20062E+00  8.16400E-02  8.16400E-02
b  12   28 12   30  99  2.78326E-01  6.96304E-01  1.32253E+00 -4.06570E-01  2.10080E+00  2.52600E-01  2.52600E-01
b  12   29 12   30  99  2.58007E-01  6.52576E-02  2.53628E+00 -1.46256E+00  3.36700E+00  1.75400E+00  1.75400E+00
b  12    1 12   31  99  8.59195E-02  2.32114E+00 -3.58778E+01  1.38526E+02  1.13218E+01  1.68600E-03  1.68600E-03
b  12    8 12   31  99  1.28288E-01  1.77739E+00 -2.32021E+01  8.93966E+01  7.81464E+00  9.15544E-02  9.15544E-02
b  12   23 12   31  99  2.04518E-01  1.08115E+00 -1.39902E+01  5.62217E+01  5.78991E+00  7.71250E-02  7.71250E-02
b  12   24 12   31  99  1.43982E-01  1.71648E+00 -9.73674E+00  3.03804E+01  1.14426E+01  2.20230E-02  2.20230E-02
b  12   25 12   31  99  1.71596E-01  2.17279E+00 -2.02899E+01  1.43072E+02  2.00000E+01  1.23400E-02  1.23400E-02
b  12   26 12   31  99  2.04399E-01  2.15113E+00 -1.99127E+01  2.22823E+02  2.00000E+01  2.13800E-02  2.13800E-02
b  12   27 12   31  99  3.57923E-01  1.20065E+00  1.77358E+00 -6.46217E-01  2.18979E+00  4.02800E-02  4.02800E-02
b  12   28 12   31  99  3.14064E-01  1.07629E+00  1.41775E+00 -4.85357E-01  2.04940E+00  9.00000E-02  9.00000E-02
b  12   29 12   31  99  3.01437E-01  5.92292E-01  2.27455E+00 -1.17782E+00  2.93523E+00  2.79900E-01  2.79900E-01
b  12   30 12   31  99  4.15936E-01  1.67149E-01  3.99855E+00 -2.28891E+00  3.36272E+00  1.16200E+00  1.16200E+00
f  12    1 11    1  99  2.00000E+00  1.74600E+01
p  12    1 11    1  98  9.01050E-01 -2.49210E+00 -6.55250E-02  8.51670E-04  2.00000E+00  5.08200E+02  5.28500E+02  1.01600E+04
f  12    2 11    1  99  1.00000E+00  1.63161E+01
p  12    2 11    1  99  1.00000E+00  1.63161E+01
f  12    3 11    1  99  1.00000E+00  1.60432E+01
p  12    3 11    1  99  1.00000E+00  1.60432E+01
f  12    4 11    1  99  1.00000E+00  1.61200E+01
p  12    4 11    1  99  1.00000E+00  1.61200E+01
f  12    5 11    1  99  1.00000E+00  1.60960E+01
p  12    5 11    1  99  1.00000E+00  1.60960E+01
f  12    6 11    1  99  1.00000E+00  1.60182E+01
p  12    6 11    1  99  1.00000E+00  1.60182E+01
f  12    7 11    1  99  1.00000E+00  1.60162E+01
p  12    7 11    1  99  1.00000E+00  1.60162E+01
f  12    8 11    1  99  1.00000E+00  1.60011E+01
p  12    8 11    1  99  1.00000E+00  1.60011E+01
f  12    2 11    2  99  1.00000E+00  1.63161E+01
p  12    2 11    2  98  9.01050E-01 -2.49210E+00 -6.55250E-02  8.51670E-04  2.00000E+00  5.08200E+02  5.28500E+02  1.01600E+04
f  12    9 11    2  99  2.00000E+00  1.68766E+01
p  12    9 11    2  99  2.00000E+00  1.68766E+01
f  12   10 11    2  99  1.00000E+00  1.61028E+01
p  12   10 11    2  99  1.00000E+00  1.61028E+01
f  12   11 11    2  99  1.00000E+00  1.61420E+01
p  12   11 11    2  99  1.00000E+00  1.61420E+01
f  12   12 11    2  99  1.00000E+00  1.61070E+01
p  12   12 11    2  99  1.00000E+00  1.61070E+01
f  12   13 11    2  99  1.00000E+00  1.60252E+01
p  12   13 11    2  99  1.00000E+00  1.60252E+01
f  12   14 11    2  99  1.00000E+00  1.60222E+01
p  12   14 11    2  99  1.00000E+00  1.60222E+01
f  12   15 11    2  99  1.00000E+00  1.60110E+01
p  12   15 11    2  99  1.00000E+00  1.60110E+01
f  12    3 11    3  99  1.00000E+00  1.60432E+01
p  12    3 11    3  98  9.01050E-01 -2.49210E+00 -6.55250E-02  8.51670E-04  2.00000E+00  5.08200E+02  5.28500E+02  1.01600E+04
f  12   10 11    3  99  1.00000E+00  1.61028E+01
p  12   10 11    3  99  1.00000E+00  1.61028E+01
f  12    4 11    4  99  1.00000E+00  1.61200E+01
p  12    4 11    4  98  9.01050E-01 -2.49210E+00 -6.55250E-02  8.51670E-04  2.00000E+00  5.08200E+02  5.28500E+02  1.01600E+04
f  12   11 11    4  99  1.00000E+00  1.61420E+01
p  12   11 11    4  99  1.00000E+00  1.61420E+01
f  12    5 11    5  99  1.00000E+00  1.60960E+01
p  12    5 11    5  98  9.01050E-01 -2.49210E+00 -6.55250E-02  8.51670E-04  2.00000E+00  5.08200E+02  5.28500E+02  1.01600E+04
f  12   12 11    5  99  1.00000E+00  1.61070E+01
p  12   12 11    5  99  1.00000E+00  1.61070E+01
f  12    6 11    6  99  1.00000E+00  1.60182E+01
p  12    6 11    6  98  9.01050E-01 -2.49210E+00 -6.55250E-02  8.51670E-04  2.00000E+00  5.08200E+02  5.28500E+02  1.01600E+04
f  12   13 11    6  99  1.00000E+00  1.60252E+01
p  12   13 11    6  99  1.00000E+00  1.60252E+01
f  12    7 11    7  99  1.00000E+00  1.60162E+01
p  12    7 11    7  98  9.01050E-01 -2.49210E+00 -6.55250E-02  8.51670E-04  2.00000E+00  5.08200E+02  5.28500E+02  1.01600E+04
f  12   14 11    7  99  1.00000E+00  1.60222E+01
p  12   14 11    7  99  1.00000E+00  1.60222E+01
f  12    8 11    8  99  1.00000E+00  1.60011E+01
p  12    8 11    8  98  9.01050E-01 -2.49210E+00 -6.55250E-02  8.51670E-04  2.00000E+00  5.08200E+02  5.28500E+02  1.01600E+04
f  12   15 11    8  99  1.00000E+00  1.60110E+01
p  12   15 11    8  99  1.00000E+00  1.60110E+01
f  12    1 11    9  99  8.00000E+00  1.74600E+01
p  12    1 11    9  98  1.62210E+00 -2.54340E+00 -1.05130E-01  8.23780E-03  8.00000E+00  1.41300E+03  1.46900E+03  2.82600E+04
f  12   16 11    9  99  3.00000E+00  1.80240E+01
p  12   16 11    9  98  9.01050E-01 -2.49210E+00 -6.55250E-02  8.51670E-04  2.00000E+00  5.08200E+02  5.28500E+02  1.01600E+04
f  12   17 11    9  99  1.00000E+00  1.63728E+01
p  12   17 11    9  99  1.00000E+00  1.63728E+01
f  12   18 11    9  99  1.00000E+00  1.60615E+01
p  12   18 11    9  99  1.00000E+00  1.60615E+01
f  12   19 11    9  99  1.00000E+00  1.61260E+01
p  12   19 11    9  99  1.00000E+00  1.61260E+01
f  12   20 11    9  99  1.00000E+00  1.61000E+01
p  12   20 11    9  99  1.00000E+00  1.61000E+01
f  12   21 11    9  99  1.00000E+00  1.60272E+01
p  12   21 11    9  99  1.00000E+00  1.60272E+01
f  12   22 11    9  99  1.00000E+00  1.60232E+01
p  12   22 11    9  99  1.00000E+00  1.60232E+01
f  12   23 11    9  99  1.00000E+00  1.60011E+01
p  12   23 11    9  99  1.00000E+00  1.60011E+01
f  12    2 11   10  99  8.00000E+00  1.63161E+01
p  12    2 11   10  98  1.62210E+00 -2.54340E+00 -1.05130E-01  8.23780E-03  8.00000E+00  1.41300E+03  1.46900E+03  2.82600E+04
f  12   17 11   10  99  2.00000E+00  1.63728E+01
p  12   17 11   10  98  9.01050E-01 -2.49210E+00 -6.55250E-02  8.51670E-04  2.00000E+00  5.08200E+02  5.28500E+02  1.01600E+04
f  12    3 11   11  99  8.00000E+00  1.60432E+01
p  12    3 11   11  98  1.62210E+00 -2.54340E+00 -1.05130E-01  8.23780E-03  8.00000E+00  1.41300E+03  1.46900E+03  2.82600E+04
f  12   18 11   11  99  2.00000E+00  1.60615E+01
p  12   18 11   11  98  9.01050E-01 -2.49210E+00 -6.55250E-02  8.51670E-04  2.00000E+00  5.08200E+02  5.28500E+02  1.01600E+04
f  12    4 11   12  99  8.00000E+00  1.61200E+01
p  12    4 11   12  98  1.62210E+00 -2.54340E+00 -1.05130E-01  8.23780E-03  8.00000E+00  1.41300E+03  1.46900E+03  2.82600E+04
f  12   19 11   12  99  2.00000E+00  1.61260E+01
p  12   19 11   12  98  9.01050E-01 -2.49210E+00 -6.55250E-02  8.51670E-04  2.00000E+00  5.08200E+02  5.28500E+02  1.01600E+04
f  12    5 11   13  99  8.00000E+00  1.60960E+01
p  12    5 11   13  98  1.62210E+00 -2.54340E+00 -1.05130E-01  8.23780E-03  8.00000E+00  1.41300E+03  1.46900E+03  2.82600E+04
f  12   20 11   13  99  2.00000E+00  1.61000E+01
p  12   20 11   13  98  9.01050E-01 -2.49210E+00 -6.55250E-02  8.51670E-04  2.00000E+00  5.08200E+02  5.28500E+02  1.01600E+04
f  12    6 11   14  99  8.00000E+00  1.60182E+01
p  12    6 11   14  98  1.62210E+00 -2.54340E+00 -1.05130E-01  8.23780E-03  8.00000E+00  1.41300E+03  1.46900E+03  2.82600E+04
f  12   21 11   14  99  2.00000E+00  1.60272E+01
p  12   21 11   14  98  9.01050E-01 -2.49210E+00 -6.55250E-02  8.51670E-04  2.00000E+00  5.08200E+02  5.28500E+02  1.01600E+04
f  12    7 11   15  99  8.00000E+00  1.60162E+01
p  12    7 11   15  98  1.62210E+00 -2.54340E+00 -1.05130E-01  8.23780E-03  8.00000E+00  1.41300E+03  1.46900E+03  2.82600E+04
f  12   22 11   15  99  2.00000E+00  1.60232E+01
p  12   22 11   15  98  9.01050E-01 -2.49210E+00 -6.55250E-02  8.51670E-04  2.00000E+00  5.08200E+02  5.28500E+02  1.01600E+04
f  12    8 11   16  99  8.00000E+00  1.60011E+01
p  12    8 11   16  98  1.62210E+00 -2.54340E+00 -1.05130E-01  8.23780E-03  8.00000E+00  1.41300E+03  1.46900E+03  2.82600E+04
f  12   23 11   16  99  2.00000E+00  1.60011E+01
p  12   23 11   16  98  9.01050E-01 -2.49210E+00 -6.55250E-02  8.51670E-04  2.00000E+00  5.08200E+02  5.28500E+02  1.01600E+04
f  12    1 11   17  99  2.00000E+00  1.74600E+01
p  12    1 11   17  98  2.06600E+00 -2.53280E+00 -1.88740E-01  2.18890E-02  2.00000E+00  8.20100E+03  8.52900E+03  1.64000E+05
f  12   24 11   17  99  3.00000E+00  1.81040E+01
p  12   24 11   17  98  9.01050E-01 -2.49210E+00 -6.55250E-02  8.51670E-04  2.00000E+00  5.08200E+02  5.28500E+02  1.01600E+04
f  12   25 11   17  99  1.00000E+00  1.63960E+01
p  12   25 11   17  99  1.00000E+00  1.63960E+01
f  12   26 11   17  99  1.00000E+00  1.60606E+01
p  12   26 11   17  99  1.00000E+00  1.60606E+01
f  12   27 11   17  99  1.00000E+00  1.61350E+01
p  12   27 11   17  99  1.00000E+00  1.61350E+01
f  12   28 11   17  99  1.00000E+00  1.61090E+01
p  12   28 11   17  99  1.00000E+00  1.61090E+01
f  12   29 11   17  99  1.00000E+00  1.60281E+01
p  12   29 11   17  99  1.00000E+00  1.60281E+01
f  12   30 11   17  99  1.00000E+00  1.60241E+01
p  12   30 11   17  99  1.00000E+00  1.60241E+01
f  12   31 11   17  99  1.00000E+00  1.60011E+01
p  12   31 11   17  99  1.00000E+00  1.60011E+01
f  12    2 11   18  99  2.00000E+00  1.63161E+01
p  12    2 11   18  98  2.06600E+00 -2.53280E+00 -1.88740E-01  2.18890E-02  2.00000E+00  8.20100E+03  8.52900E+03  1.64000E+05
f  12   25 11   18  99  2.00000E+00  1.63960E+01
p  12   25 11   18  98  9.01050E-01 -2.49210E+00 -6.55250E-02  8.51670E-04  2.00000E+00  5.08200E+02  5.28500E+02  1.01600E+04
f  12    3 11   19  99  2.00000E+00  1.60432E+01
p  12    3 11   19  98  2.06600E+00 -2.53280E+00 -1.88740E-01  2.18890E-02  2.00000E+00  8.20100E+03  8.52900E+03  1.64000E+05
f  12   26 11   19  99  2.00000E+00  1.60606E+01
p  12   26 11   19  98  9.01050E-01 -2.49210E+00 -6.55250E-02  8.51670E-04  2.00000E+00  5.08200E+02  5.28500E+02  1.01600E+04
f  12    4 11   20  99  2.00000E+00  1.61200E+01
p  12    4 11   20  98  2.06600E+00 -2.53280E+00 -1.88740E-01  2.18890E-02  2.00000E+00  8.20100E+03  8.52900E+03  1.64000E+05
f  12   27 11   20  99  2.00000E+00  1.61350E+01
p  12   27 11   20  98  9.01050E-01 -2.49210E+00 -6.55250E-02  8.51670E-04  2.00000E+00  5.08200E+02  5.28500E+02  1.01600E+04
f  12    5 11   21  99  2.00000E+00  1.60960E+01
p  12    5 11   21  98  2.06600E+00 -2.53280E+00 -1.88740E-01  2.18890E-02  2.00000E+00  8.20100E+03  8.52900E+03  1.64000E+05
f  12   28 11   21  99  2.00000E+00  1.61090E+01
p  12   28 11   21  98  9.01050E-01 -2.49210E+00 -6.55250E-02  8.51670E-04  2.00000E+00  5.08200E+02  5.28500E+02  1.01600E+04
f  12    6 11   22  99  2.00000E+00  1.60182E+01
p  12    6 11   22  98  2.06600E+00 -2.53280E+00 -1.88740E-01  2.18890E-02  2.00000E+00  8.20100E+03  8.52900E+03  1.64000E+05
f  12   29 11   22  99  2.00000E+00  1.60281E+01
p  12   29 11   22  98  9.01050E-01 -2.49210E+00 -6.55250E-02  8.51670E-04  2.00000E+00  5.08200E+02  5.28500E+02  1.01600E+04
f  12    7 11   23  99  2.00000E+00  1.60162E+01
p  12    7 11   23  98  2.06600E+00 -2.53280E+00 -1.88740E-01  2.18890E-02  2.00000E+00  8.20100E+03  8.52900E+03  1.64000E+05
f  12   30 11   23  99  2.00000E+00  1.60241E+01
p  12   30 11   23  98  9.01050E-01 -2.49210E+00 -6.55250E-02  8.51670E-04  2.00000E+00  5.08200E+02  5.28500E+02  1.01600E+04
f  12    8 11   24  99  2.00000E+00  1.60011E+01
p  12    8 11   24  98  2.06600E+00 -2.53280E+00 -1.88740E-01  2.18890E-02  2.00000E+00  8.20100E+03  8.52900E+03  1.64000E+05
f  12   31 11   24  99  2.00000E+00  1.60011E+01
p  12   31 11   24  98  9.01050E-01 -2.49210E+00 -6.55250E-02  8.51670E-04  2.00000E+00  5.08200E+02  5.28500E+02  1.01600E+04
a  12    9 11    1   6.74820E+13
a  12   10 11    1   6.99000E+13
a  12   11 11    1   2.76875E+13
a  12   12 11    1   1.28100E+13
a  12   13 11    1   6.57050E+12
a  12   14 11    1   3.64610E+12
a  12   15 11    1   2.15300E+12
a  12   16 11    1   5.57212E+13
a  12   17 11    1   6.51960E+12
a  12   18 11    1   2.03115E+12
a  12   19 11    1   8.01675E+11
a  12   20 11    1   3.70905E+11
a  12   21 11    1   1.90238E+11
a  12   22 11    1   1.05570E+11
a  12   23 11    1   6.23378E+10
a  12   24 11    1   7.19610E+11
a  12   25 11    1   9.13060E+10
a  12   26 11    1   2.80120E+10
a  12   27 11    1   1.08590E+10
a  12   28 11    1   5.02410E+09
a  12   29 11    1   2.57690E+09
a  12   30 11    1   1.43000E+09
a  12   31 11    1   8.44400E+08
a  12   17 11    2   1.85738E+13
a  12   25 11    2   2.39870E+11
a  12   18 11    3   1.85738E+13
a  12   26 11    3   2.39870E+11
a  12   19 11    4   1.85738E+13
a  12   27 11    4   2.39870E+11
a  12   20 11    5   1.85738E+13
a  12   28 11    5   2.39870E+11
a  12   21 11    6   1.85738E+13
a  12   29 11    6   2.39870E+11
a  12   22 11    7   1.85738E+13
a  12   30 11    7   2.39870E+11
a  12   23 11    8   1.85738E+13
a  12   31 11    8   2.39870E+11
a  12   24 11    9   6.38880E+13
a  12   25 11    9   4.34640E+12
a  12   26 11    9   1.33284E+12
a  12   27 11    9   5.16280E+11
a  12   28 11    9   2.38860E+11
a  12   29 11    9   1.22512E+11
a  12   30 11    9   6.79840E+10
a  12   31 11    9   4.01440E+10
a  12   25 11   10   4.25920E+13
a  12   26 11   11   4.25920E+13
a  12   27 11   12   4.25920E+13
a  12   28 11   13   4.25920E+13
a  12   29 11   14   4.25920E+13
a  12   30 11   15   4.25920E+13
a  12   31 11   16   4.25920E+13
b  13    1 13    2  99  9.43187E-02  1.07236E+00 -1.73891E+01  1.08083E+02  2.00000E+01  1.79850E+00  1.79850E+00
b  13    1 13    3  99  1.03315E-01  1.24915E+00 -1.21023E+01  8.39115E+00  2.00000E+01  4.21200E-01  4.21200E-01
b  13    2 13    3  99  1.04645E-01  8.82871E-01 -1.49806E+01  1.46748E+02  2.00000E+01  8.92800E-01  8.92800E-01
b  13    1 13    4  99  1.19746E-01  1.48854E+00 -1.20606E+01 -1.73283E+01  2.00000E+01  1.60800E-01  1.60800E-01
b  13    2 13    4  99  1.58601E-01  1.38743E+00 -2.06159E+01  2.20801E+02  2.00000E+01  1.64800E-01  1.64800E-01
b  13    3 13    4  99  2.52685E-01  1.58214E-01  1.34177E+00 -4.20482E-01  2.01929E+00  1.08900E+00  1.08900E+00
b  13    1 13    5  99  1.28618E-01  1.62821E+00 -1.52367E+01  2.29165E+01  2.00000E+01  8.38500E-02  8.38500E-02
b  13    2 13    5  99  1.41513E-01  1.69989E+00 -1.61164E+01  9.25011E+01  2.00000E+01  6.39600E-02  6.39600E-02
b  13    3 13    5  99  3.16333E-01  5.02592E-01  1.72810E+00 -6.16760E-01  2.15109E+00  1.95700E-01  1.95700E-01
b  13    4 13    5  99  2.65546E-01  7.55419E-02  2.12015E+00 -1.05338E+00  2.77554E+00  1.31700E+00  1.31700E+00
b  13    1 13    6  99  1.27712E-01  1.60890E+00 -1.02683E+01 -4.92695E+01  2.00000E+01  5.00400E-02  5.00400E-02
b  13    2 13    6  99  1.51497E-01  1.87750E+00 -1.66284E+01  9.38017E+01  2.00000E+01  3.26300E-02  3.26300E-02
b  13    3 13    6  99  1.67314E-01  1.72016E+00 -1.72511E+01  1.76427E+02  2.00000E+01  7.33000E-02  7.33000E-02
b  13    4 13    6  99  2.89690E-01  6.37844E-01  1.42492E+00 -4.95102E-01  2.06083E+00  2.23400E-01  2.23400E-01
b  13    5 13    6  99  2.47041E-01  1.37568E-01  1.88698E+00 -9.21364E-01  2.75511E+00  1.53300E+00  1.53300E+00
b  13    1 13    7  99  1.32864E-01  1.67729E+00 -1.21868E+01 -2.25504E+01  2.00000E+01  3.25500E-02  3.25500E-02
b  13    2 13    7  99  1.63349E-01  2.01805E+00 -1.89263E+01  1.28862E+02  2.00000E+01  1.93100E-02  1.93100E-02
b  13    3 13    7  99  1.90983E-01  1.93394E+00 -1.90573E+01  2.15308E+02  2.00000E+01  3.68200E-02  3.68200E-02
b  13    4 13    7  99  3.33073E-01  9.30345E-01  1.75638E+00 -7.08829E-01  2.20139E+00  8.14600E-02  8.14600E-02
b  13    5 13    7  99  3.08007E-01  5.65277E-01  2.29380E+00 -1.11085E+00  2.90707E+00  2.50800E-01  2.50800E-01
b  13    6 13    7  99  2.54440E-01  8.48606E-02  2.47918E+00 -1.42893E+00  3.37296E+00  1.74200E+00  1.74200E+00
b  13    1 13    8  99  1.31162E-01  1.67808E+00 -9.90831E+00 -5.83636E+01  2.00000E+01  2.24580E-02  2.24580E-02
b  13    2 13    8  99  1.68515E-01  2.11762E+00 -1.95591E+01  1.34722E+02  2.00000E+01  1.25300E-02  1.25300E-02
b  13    3 13    8  99  1.99622E-01  2.11306E+00 -1.95082E+01  2.17754E+02  2.00000E+01  2.16300E-02  2.16300E-02
b  13    4 13    8  99  3.54841E-01  1.18889E+00  1.81591E+00 -7.07457E-01  2.23371E+00  4.03500E-02  4.03500E-02
b  13    5 13    8  99  3.09307E-01  1.08798E+00  1.39320E+00 -4.42515E-01  2.09827E+00  8.96700E-02  8.96700E-02
b  13    6 13    8  99  2.99179E-01  6.02809E-01  2.28619E+00 -1.17226E+00  2.99805E+00  2.78200E-01  2.78200E-01
b  13    7 13    8  99  3.56006E-01  1.57592E-01  3.54607E+00 -6.09701E-01  4.02493E+00  1.34100E+00  1.34100E+00
b  13    1 13    9  98  0.00000E+00  0.00000E+00  0.00000E+00  0.00000E+00  0.00000E+00  1.01215E-02  2.02431E-04
b  13    2 13    9  99  9.43187E-02  1.07236E+00 -1.73891E+01  1.08083E+02  2.00000E+01  1.16153E+00  1.16153E+00
b  13    1 13   10  98  0.00000E+00  0.00000E+00  0.00000E+00  0.00000E+00  0.00000E+00  1.25346E-02  2.50691E-04
b  13    2 13   10  99  1.03315E-01  1.24915E+00 -1.21023E+01  8.39115E+00  2.00000E+01  2.80800E-01  2.80800E-01
b  13    3 13   10  99  9.43187E-02  1.07236E+00 -1.73891E+01  1.08083E+02  2.00000E+01  1.19900E+00  1.19900E+00
b  13    9 13   10  99  1.04645E-01  8.82871E-01 -1.49806E+01  1.46748E+02  2.00000E+01  1.78560E+00  1.78560E+00
b  13    1 13   11  98  0.00000E+00  0.00000E+00  0.00000E+00  0.00000E+00  0.00000E+00  1.60738E-02  3.21476E-04
b  13    2 13   11  99  1.19746E-01  1.48854E+00 -1.20606E+01 -1.73283E+01  2.00000E+01  1.07200E-01  1.07200E-01
b  13    4 13   11  99  9.43187E-02  1.07236E+00 -1.73891E+01  1.08083E+02  2.00000E+01  1.19900E+00  1.19900E+00
b  13    9 13   11  99  1.58601E-01  1.38743E+00 -2.06159E+01  2.20801E+02  2.00000E+01  3.29600E-01  3.29600E-01
b  13   10 13   11  99  2.52685E-01  1.58214E-01  1.34177E+00 -4.20482E-01  2.01929E+00  1.08900E+00  1.08900E+00
b  13    1 13   12  98  0.00000E+00  0.00000E+00  0.00000E+00  0.00000E+00  0.00000E+00  2.03878E-02  4.07756E-04
b  13    2 13   12  99  1.28618E-01  1.62821E+00 -1.52367E+01  2.29165E+01  2.00000E+01  5.59000E-02  5.59000E-02
b  13    5 13   12  99  9.43187E-02  1.07236E+00 -1.73891E+01  1.08083E+02  2.00000E+01  1.19900E+00  1.19900E+00
b  13    9 13   12  99  1.41513E-01  1.69989E+00 -1.61164E+01  9.25011E+01  2.00000E+01  1.27920E-01  1.27920E-01
b  13   10 13   12  99  3.16333E-01  5.02592E-01  1.72810E+00 -6.16760E-01  2.15109E+00  1.95700E-01  1.95700E-01
b  13   11 13   12  99  2.65546E-01  7.55419E-02  2.12015E+00 -1.05338E+00  2.77554E+00  1.31700E+00  1.31700E+00
b  13    1 13   13  98  0.00000E+00  0.00000E+00  0.00000E+00  0.00000E+00  0.00000E+00  2.54417E-02  5.08834E-04
b  13    2 13   13  99  1.27712E-01  1.60890E+00 -1.02683E+01 -4.92695E+01  2.00000E+01  3.33600E-02  3.33600E-02
b  13    6 13   13  99  9.43187E-02  1.07236E+00 -1.73891E+01  1.08083E+02  2.00000E+01  1.19900E+00  1.19900E+00
b  13    9 13   13  99  1.51497E-01  1.87750E+00 -1.66284E+01  9.38017E+01  2.00000E+01  6.52600E-02  6.52600E-02
b  13   10 13   13  99  1.67314E-01  1.72016E+00 -1.72511E+01  1.76427E+02  2.00000E+01  7.33000E-02  7.33000E-02
b  13   11 13   13  99  2.89690E-01  6.37844E-01  1.42492E+00 -4.95102E-01  2.06083E+00  2.23400E-01  2.23400E-01
b  13   12 13   13  99  2.47041E-01  1.37568E-01  1.88698E+00 -9.21364E-01  2.75511E+00  1.53300E+00  1.53300E+00
b  13    1 13   14  98  0.00000E+00  0.00000E+00  0.00000E+00  0.00000E+00  0.00000E+00  3.12655E-02  6.25309E-04
b  13    2 13   14  99  1.32864E-01  1.67729E+00 -1.21868E+01 -2.25504E+01  2.00000E+01  2.17000E-02  2.17000E-02
b  13    7 13   14  99  9.43187E-02  1.07236E+00 -1.73891E+01  1.08083E+02  2.00000E+01  1.19900E+00  1.19900E+00
b  13    9 13   14  99  1.63349E-01  2.01805E+00 -1.89263E+01  1.28862E+02  2.00000E+01  3.86200E-02  3.86200E-02
b  13   10 13   14  99  1.90983E-01  1.93394E+00 -1.90573E+01  2.15308E+02  2.00000E+01  3.68200E-02  3.68200E-02
b  13   11 13   14  99  3.33073E-01  9.30345E-01  1.75638E+00 -7.08829E-01  2.20139E+00  8.14600E-02  8.14600E-02
b  13   12 13   14  99  3.08007E-01  5.65277E-01  2.29380E+00 -1.11085E+00  2.90707E+00  2.50800E-01  2.50800E-01
b  13   13 13   14  99  2.54440E-01  8.48606E-02  2.47918E+00 -1.42893E+00  3.37296E+00  1.74200E+00  1.74200E+00
b  13    1 13   15  98  0.00000E+00  0.00000E+00  0.00000E+00  0.00000E+00  0.00000E+00  3.77936E-02  7.55873E-04
b  13    2 13   15  99  1.31162E-01  1.67808E+00 -9.90831E+00 -5.83636E+01  2.00000E+01  1.49720E-02  1.49720E-02
b  13    8 13   15  99  9.43187E-02  1.07236E+00 -1.73891E+01  1.08083E+02  2.00000E+01  1.19900E+00  1.19900E+00
b  13    9 13   15  99  1.68515E-01  2.11762E+00 -1.95591E+01  1.34722E+02  2.00000E+01  2.50600E-02  2.50600E-02
b  13   10 13   15  99  1.99622E-01  2.11306E+00 -1.95082E+01  2.17754E+02  2.00000E+01  2.16300E-02  2.16300E-02
b  13   11 13   15  99  3.54841E-01  1.18889E+00  1.81591E+00 -7.07457E-01  2.23371E+00  4.03500E-02  4.03500E-02
b  13   12 13   15  99  3.09307E-01  1.08798E+00  1.39320E+00 -4.42515E-01  2.09827E+00  8.96700E-02  8.96700E-02
b  13   13 13   15  99  2.99179E-01  6.02809E-01  2.28619E+00 -1.17226E+00  2.99805E+00  2.78200E-01  2.78200E-01
b  13   14 13   15  99  3.56006E-01  1.57592E-01  3.54607E+00 -6.09701E-01  4.02493E+00  1.34100E+00  1.34100E+00
b  13    1 13   16  99  1.05152E-01  1.84838E+00 -5.33263E+01  4.69372E+02  2.00000E+01  2.59333E+00  2.59333E+00
b  13    1 13   17  99  1.27991E-01  1.29591E+00 -1.59338E+01  7.45241E+01  8.89281E+00  7.50240E-01  7.50240E-01
b  13    2 13   17  99  1.05152E-01  1.84838E+00 -5.33263E+01  4.69372E+02  2.00000E+01  2.76622E+00  2.76622E+00
b  13   16 13   17  99  9.43187E-02  1.07236E+00 -1.73891E+01  1.08083E+02  2.00000E+01  2.39800E+00  2.39800E+00
b  13    1 13   18  99  2.90043E-01  5.51298E-01 -4.26133E+00  2.02575E+01  4.16803E+00  3.13440E-01  3.13440E-01
b  13    3 13   18  99  1.05152E-01  1.84838E+00 -5.33263E+01  4.69372E+02  2.00000E+01  2.76622E+00  2.76622E+00
b  13   16 13   18  99  1.03315E-01  1.24915E+00 -1.21023E+01  8.39115E+00  2.00000E+01  5.61600E-01  5.61600E-01
b  13   17 13   18  99  1.04645E-01  8.82871E-01 -1.49806E+01  1.46748E+02  2.00000E+01  8.92800E-01  8.92800E-01
b  13    1 13   19  99  3.28950E-01  5.55686E-01 -4.10070E+00  1.97189E+01  3.94513E+00  1.54400E-01  1.54400E-01
b  13    4 13   19  99  1.05152E-01  1.84838E+00 -5.33263E+01  4.69372E+02  2.00000E+01  2.76622E+00  2.76622E+00
b  13   16 13   19  99  1.19746E-01  1.48854E+00 -1.20606E+01 -1.73283E+01  2.00000E+01  2.14400E-01  2.14400E-01
b  13   17 13   19  99  1.58601E-01  1.38743E+00 -2.06159E+01  2.20801E+02  2.00000E+01  1.64800E-01  1.64800E-01
b  13   18 13   19  99  2.52685E-01  1.58214E-01  1.34177E+00 -4.20482E-01  2.01929E+00  1.08900E+00  1.08900E+00
b  13    1 13   20  99  3.31553E-01  5.50756E-01 -3.84453E+00  1.84135E+01  3.84161E+00  9.14400E-02  9.14400E-02
b  13    5 13   20  99  1.05152E-01  1.84838E+00 -5.33263E+01  4.69372E+02  2.00000E+01  2.76622E+00  2.76622E+00
b  13   16 13   20  99  1.28618E-01  1.62821E+00 -1.52367E+01  2.29165E+01  2.00000E+01  1.11800E-01  1.11800E-01
b  13   17 13   20  99  1.41513E-01  1.69989E+00 -1.61164E+01  9.25011E+01  2.00000E+01  6.39600E-02  6.39600E-02
b  13   18 13   20  99  3.16333E-01  5.02592E-01  1.72810E+00 -6.16760E-01  2.15109E+00  1.95700E-01  1.95700E-01
b  13   19 13   20  99  2.65546E-01  7.55419E-02  2.12015E+00 -1.05338E+00  2.77554E+00  1.31700E+00  1.31700E+00
b  13    1 13   21  99  3.79398E-01  4.04702E-01 -3.25157E+00  1.87435E+01  3.76330E+00  5.88320E-02  5.88320E-02
b  13    6 13   21  99  1.05152E-01  1.84838E+00 -5.33263E+01  4.69372E+02  2.00000E+01  2.76622E+00  2.76622E+00
b  13   16 13   21  99  1.27712E-01  1.60890E+00 -1.02683E+01 -4.92695E+01  2.00000E+01  6.67200E-02  6.67200E-02
b  13   17 13   21  99  1.51497E-01  1.87750E+00 -1.66284E+01  9.38017E+01  2.00000E+01  3.26300E-02  3.26300E-02
b  13   18 13   21  99  1.67314E-01  1.72016E+00 -1.72511E+01  1.76427E+02  2.00000E+01  7.33000E-02  7.33000E-02
b  13   19 13   21  99  2.89690E-01  6.37844E-01  1.42492E+00 -4.95102E-01  2.06083E+00  2.23400E-01  2.23400E-01
b  13   20 13   21  99  2.47041E-01  1.37568E-01  1.88698E+00 -9.21364E-01  2.75511E+00  1.53300E+00  1.53300E+00
b  13    1 13   22  99  3.79266E-01  4.09521E-01 -3.24197E+00  1.86997E+01  3.76615E+00  4.01600E-02  4.01600E-02
b  13    7 13   22  99  1.05152E-01  1.84838E+00 -5.33263E+01  4.69372E+02  2.00000E+01  2.76622E+00  2.76622E+00
b  13   16 13   22  99  1.32864E-01  1.67729E+00 -1.21868E+01 -2.25504E+01  2.00000E+01  4.34000E-02  4.34000E-02
b  13   17 13   22  99  1.63349E-01  2.01805E+00 -1.89263E+01  1.28862E+02  2.00000E+01  1.93100E-02  1.93100E-02
b  13   18 13   22  99  1.90983E-01  1.93394E+00 -1.90573E+01  2.15308E+02  2.00000E+01  3.68200E-02  3.68200E-02
b  13   19 13   22  99  3.33073E-01  9.30345E-01  1.75638E+00 -7.08829E-01  2.20139E+00  8.14600E-02  8.14600E-02
b  13   20 13   22  99  3.08007E-01  5.65277E-01  2.29380E+00 -1.11085E+00  2.90707E+00  2.50800E-01  2.50800E-01
b  13   21 13   22  99  2.54440E-01  8.48606E-02  2.47918E+00 -1.42893E+00  3.37296E+00  1.74200E+00  1.74200E+00
b  13    1 13   23  99  4.68754E-01  1.33074E-01 -2.33377E+00  2.04337E+01  3.72110E+00  2.86480E-02  2.86480E-02
b  13    8 13   23  99  1.05152E-01  1.84838E+00 -5.33263E+01  4.69372E+02  2.00000E+01  2.76622E+00  2.76622E+00
b  13   16 13   23  99  1.31162E-01  1.67808E+00 -9.90831E+00 -5.83636E+01  2.00000E+01  2.99440E-02  2.99440E-02
b  13   17 13   23  99  1.68515E-01  2.11762E+00 -1.95591E+01  1.34722E+02  2.00000E+01  1.25300E-02  1.25300E-02
b  13   18 13   23  99  1.99622E-01  2.11306E+00 -1.95082E+01  2.17754E+02  2.00000E+01  2.16300E-02  2.16300E-02
b  13   19 13   23  99  3.54841E-01  1.18889E+00  1.81591E+00 -7.07457E-01  2.23371E+00  4.03500E-02  4.03500E-02
b  13   20 13   23  99  3.09307E-01  1.08798E+00  1.39320E+00 -4.42515E-01  2.09827E+00  8.96700E-02  8.96700E-02
b  13   21 13   23  99  2.99179E-01  6.02809E-01  2.28619E+00 -1.17226E+00  2.99805E+00  2.78200E-01  2.78200E-01
b  13   22 13   23  99  3.56006E-01  1.57592E-01  3.54607E+00 -6.09701E-01  4.02493E+00  1.34100E+00  1.34100E+00
b  13    1 13   24  99  1.37396E-01  1.71548E+00 -2.18855E+01  8.35523E+01  7.45036E+00  7.78000E-02  7.78000E-02
b  13   16 13   24  99  2.07014E-01  1.06919E+00 -1.38547E+01  5.57702E+01  5.75871E+00  7.68000E-02  7.68000E-02
b  13    1 13   25  99  1.09718E-01  1.91057E+00 -2.55890E+01  9.75818E+01  8.58894E+00  3.13200E-02  3.13200E-02
b  13    2 13   25  99  1.37396E-01  1.71548E+00 -2.18855E+01  8.35523E+01  7.45036E+00  8.29867E-02  8.29867E-02
b  13   17 13   25  99  2.07014E-01  1.06919E+00 -1.38547E+01  5.57702E+01  5.75871E+00  7.68000E-02  7.68000E-02
b  13   24 13   25  99  9.43187E-02  1.07236E+00 -1.73891E+01  1.08083E+02  2.00000E+01  2.39800E+00  2.39800E+00
b  13    1 13   26  99  9.90601E-02  2.03719E+00 -2.86704E+01  1.10632E+02  9.47953E+00  1.46580E-02  1.46580E-02
b  13    3 13   26  99  1.37396E-01  1.71548E+00 -2.18855E+01  8.35523E+01  7.45036E+00  8.29867E-02  8.29867E-02
b  13   18 13   26  99  2.07014E-01  1.06919E+00 -1.38547E+01  5.57702E+01  5.75871E+00  7.68000E-02  7.68000E-02
b  13   24 13   26  99  1.03315E-01  1.24915E+00 -1.21023E+01  8.39115E+00  2.00000E+01  5.61600E-01  5.61600E-01
b  13   25 13   26  99  1.04645E-01  8.82871E-01 -1.49806E+01  1.46748E+02  2.00000E+01  8.92800E-01  8.92800E-01
b  13    1 13   27  99  1.00631E-01  2.19735E+00 -3.12927E+01  1.20435E+02  9.68135E+00  7.72000E-03  7.72000E-03
b  13    4 13   27  99  1.37396E-01  1.71548E+00 -2.18855E+01  8.35523E+01  7.45036E+00  8.29867E-02  8.29867E-02
b  13   19 13   27  99  2.07014E-01  1.06919E+00 -1.38547E+01  5.57702E+01  5.75871E+00  7.68000E-02  7.68000E-02
b  13   24 13   27  99  1.19746E-01  1.48854E+00 -1.20606E+01 -1.73283E+01  2.00000E+01  2.14400E-01  2.14400E-01
b  13   25 13   27  99  1.58601E-01  1.38743E+00 -2.06159E+01  2.20801E+02  2.00000E+01  1.64800E-01  1.64800E-01
b  13   26 13   27  99  2.52685E-01  1.58214E-01  1.34177E+00 -4.20482E-01  2.01929E+00  1.08900E+00  1.08900E+00
b  13    1 13   28  99  9.27765E-02  2.27810E+00 -3.42613E+01  1.34131E+02  1.06076E+01  4.70600E-03  4.70600E-03
b  13    5 13   28  99  1.37396E-01  1.71548E+00 -2.18855E+01  8.35523E+01  7.45036E+00  8.29867E-02  8.29867E-02
b  13   20 13   28  99  2.07014E-01  1.06919E+00 -1.38547E+01  5.57702E+01  5.75871E+00  7.68000E-02  7.68000E-02
b  13   24 13   28  99  1.28618E-01  1.62821E+00 -1.52367E+01  2.29165E+01  2.00000E+01  1.11800E-01  1.11800E-01
b  13   25 13   28  99  1.41513E-01  1.69989E+00 -1.61164E+01  9.25011E+01  2.00000E+01  6.39600E-02  6.39600E-02
b  13   26 13   28  99  3.16333E-01  5.02592E-01  1.72810E+00 -6.16760E-01  2.15109E+00  1.95700E-01  1.95700E-01
b  13   27 13   28  99  2.65546E-01  7.55419E-02  2.12015E+00 -1.05338E+00  2.77554E+00  1.31700E+00  1.31700E+00
b  13    1 13   29  99  9.56002E-02  2.21282E+00 -3.20735E+01  1.23499E+02  1.00404E+01  3.08000E-03  3.08000E-03
b  13    6 13   29  99  1.37396E-01  1.71548E+00 -2.18855E+01  8.35523E+01  7.45036E+00  8.29867E-02  8.29867E-02
b  13   21 13   29  99  2.07014E-01  1.06919E+00 -1.38547E+01  5.57702E+01  5.75871E+00  7.68000E-02  7.68000E-02
b  13   24 13   29  99  1.27712E-01  1.60890E+00 -1.02683E+01 -4.92695E+01  2.00000E+01  6.67200E-02  6.67200E-02
b  13   25 13   29  99  1.51497E-01  1.87750E+00 -1.66284E+01  9.38017E+01  2.00000E+01  3.26300E-02  3.26300E-02
b  13   26 13   29  99  1.67314E-01  1.72016E+00 -1.72511E+01  1.76427E+02  2.00000E+01  7.33000E-02  7.33000E-02
b  13   27 13   29  99  2.89690E-01  6.37844E-01  1.42492E+00 -4.95102E-01  2.06083E+00  2.23400E-01  2.23400E-01
b  13   28 13   29  99  2.47041E-01  1.37568E-01  1.88698E+00 -9.21364E-01  2.75511E+00  1.53300E+00  1.53300E+00
b  13    1 13   30  99  9.18474E-02  2.24177E+00 -3.31365E+01  1.27796E+02  1.04204E+01  2.12600E-03  2.12600E-03
b  13    7 13   30  99  1.37396E-01  1.71548E+00 -2.18855E+01  8.35523E+01  7.45036E+00  8.29867E-02  8.29867E-02
b  13   22 13   30  99  2.07014E-01  1.06919E+00 -1.38547E+01  5.57702E+01  5.75871E+00  7.68000E-02  7.68000E-02
b  13   24 13   30  99  1.32864E-01  1.67729E+00 -1.21868E+01 -2.25504E+01  2.00000E+01  4.34000E-02  4.34000E-02
b  13   25 13   30  99  1.63349E-01  2.01805E+00 -1.89263E+01  1.28862E+02  2.00000E+01  1.93100E-02  1.93100E-02
b  13   26 13   30  99  1.90983E-01  1.93394E+00 -1.90573E+01  2.15308E+02  2.00000E+01  3.68200E-02  3.68200E-02
b  13   27 13   30  99  3.33073E-01  9.30345E-01  1.75638E+00 -7.08829E-01  2.20139E+00  8.14600E-02  8.14600E-02
b  13   28 13   30  99  3.08007E-01  5.65277E-01  2.29380E+00 -1.11085E+00  2.90707E+00  2.50800E-01  2.50800E-01
b  13   29 13   30  99  2.54440E-01  8.48606E-02  2.47918E+00 -1.42893E+00  3.37296E+00  1.74200E+00  1.74200E+00
b  13    1 13   31  99  8.77714E-02  2.29385E+00 -3.51646E+01  1.36914E+02  1.10619E+01  1.52660E-03  1.52660E-03
b  13    8 13   31  99  1.37396E-01  1.71548E+00 -2.18855E+01  8.35523E+01  7.45036E+00  8.29867E-02  8.29867E-02
b  13   23 13   31  99  2.07014E-01  1.06919E+00 -1.38547E+01  5.57702E+01  5.75871E+00  7.68000E-02  7.68000E-02
b  13   24 13   31  99  1.31162E-01  1.67808E+00 -9.90831E+00 -5.83636E+01  2.00000E+01  2.99440E-02  2.99440E-02
b  13   25 13   31  99  1.68515E-01  2.11762E+00 -1.95591E+01  1.34722E+02  2.00000E+01  1.25300E-02  1.25300E-02
b  13   26 13   31  99  1.99622E-01  2.11306E+00 -1.95082E+01  2.17754E+02  2.00000E+01  2.16300E-02  2.16300E-02
b  13   27 13   31  99  3.54841E-01  1.18889E+00  1.81591E+00 -7.07457E-01  2.23371E+00  4.03500E-02  4.03500E-02
b  13   28 13   31  99  3.09307E-01  1.08798E+00  1.39320E+00 -4.42515E-01  2.09827E+00  8.96700E-02  8.96700E-02
b  13   29 13   31  99  2.99179E-01  6.02809E-01  2.28619E+00 -1.17226E+00  2.99805E+00  2.78200E-01  2.78200E-01
b  13   30 13   31  99  3.56006E-01  1.57592E-01  3.54607E+00 -6.09701E-01  4.02493E+00  1.34100E+00  1.34100E+00
f  13    1 12    1  99  3.00000E+00  1.71200E+01
p  13    1 12    1  98  9.59740E-01 -2.45940E+00 -7.60280E-02  2.51360E-03  3.00000E+00  4.71700E+02  4.90500E+02  9.43300E+03
f  13    2 12    1  99  1.00000E+00  1.54006E+01
p  13    2 12    1  99  1.00000E+00  1.54006E+01
f  13    3 12    1  99  1.00000E+00  1.50636E+01
p  13    3 12    1  99  1.00000E+00  1.50636E+01
f  13    4 12    1  99  1.00000E+00  1.51380E+01
p  13    4 12    1  99  1.00000E+00  1.51380E+01
f  13    5 12    1  99  1.00000E+00  1.51100E+01
p  13    5 12    1  99  1.00000E+00  1.51100E+01
f  13    6 12    1  99  1.00000E+00  1.50282E+01
p  13    6 12    1  99  1.00000E+00  1.50282E+01
f  13    7 12    1  99  1.00000E+00  1.50242E+01
p  13    7 12    1  99  1.00000E+00  1.50242E+01
f  13    8 12    1  99  1.00000E+00  1.50012E+01
p  13    8 12    1  99  1.00000E+00  1.50012E+01
f  13    2 12    2  99  2.00000E+00  1.54006E+01
p  13    2 12    2  98  9.59740E-01 -2.45940E+00 -7.60280E-02  2.51360E-03  3.00000E+00  4.71700E+02  4.90500E+02  9.43300E+03
f  13    9 12    2  99  2.00000E+00  1.59611E+01
p  13    9 12    2  99  2.00000E+00  1.59611E+01
f  13   10 12    2  99  1.00000E+00  1.51232E+01
p  13   10 12    2  99  1.00000E+00  1.51232E+01
f  13   11 12    2  99  1.00000E+00  1.51600E+01
p  13   11 12    2  99  1.00000E+00  1.51600E+01
f  13   12 12    2  99  1.00000E+00  1.51210E+01
p  13   12 12    2  99  1.00000E+00  1.51210E+01
f  13   13 12    2  99  1.00000E+00  1.50352E+01
p  13   13 12    2  99  1.00000E+00  1.50352E+01
f  13   14 12    2  99  1.00000E+00  1.50302E+01
p  13   14 12    2  99  1.00000E+00  1.50302E+01
f  13   15 12    2  99  1.00000E+00  1.50111E+01
p  13   15 12    2  99  1.00000E+00  1.50111E+01
f  13    3 12    3  99  2.00000E+00  1.50636E+01
p  13    3 12    3  98  9.59740E-01 -2.45940E+00 -7.60280E-02  2.51360E-03  3.00000E+00  4.71700E+02  4.90500E+02  9.43300E+03
f  13   10 12    3  99  1.00000E+00  1.51232E+01
p  13   10 12    3  99  1.00000E+00  1.51232E+01
f  13    4 12    4  99  2.00000E+00  1.51380E+01
p  13    4 12    4  98  9.59740E-01 -2.45940E+00 -7.60280E-02  2.51360E-03  3.00000E+00  4.71700E+02  4.90500E+02  9.43300E+03
f  13   11 12    4  99  1.00000E+00  1.51600E+01
p  13   11 12    4  99  1.00000E+00  1.51600E+01
f  13    5 12    5  99  2.00000E+00  1.51100E+01
p  13    5 12    5  98  9.59740E-01 -2.45940E+00 -7.60280E-02  2.51360E-03  3.00000E+00  4.71700E+02  4.90500E+02  9.43300E+03
f  13   12 12    5  99  1.00000E+00  1.51210E+01
p  13   12 12    5  99  1.00000E+00  1.51210E+01
f  13    6 12    6  99  2.00000E+00  1.50282E+01
p  13    6 12    6  98  9.59740E-01 -2.45940E+00 -7.60280E-02  2.51360E-03  3.00000E+00  4.71700E+02  4.90500E+02  9.43300E+03
f  13   13 12    6  99  1.00000E+00  1.50352E+01
p  13   13 12    6  99  1.00000E+00  1.50352E+01
f  13    7 12    7  99  2.00000E+00  1.50242E+01
p  13    7 12    7  98  9.59740E-01 -2.45940E+00 -7.60280E-02  2.51360E-03  3.00000E+00  4.71700E+02  4.90500E+02  9.43300E+03
f  13   14 12    7  99  1.00000E+00  1.50302E+01
p  13   14 12    7  99  1.00000E+00  1.50302E+01
f  13    8 12    8  99  2.00000E+00  1.50012E+01
p  13    8 12    8  98  9.59740E-01 -2.45940E+00 -7.60280E-02  2.51360E-03  3.00000E+00  4.71700E+02  4.90500E+02  9.43300E+03
f  13   15 12    8  99  1.00000E+00  1.50111E+01
p  13   15 12    8  99  1.00000E+00  1.50111E+01
f  13    9 12    9  99  1.00000E+00  1.59611E+01
p  13    9 12    9  98  9.59740E-01 -2.45940E+00 -7.60280E-02  2.51360E-03  3.00000E+00  4.71700E+02  4.90500E+02  9.43300E+03
f  13   10 12   10  99  1.00000E+00  1.51232E+01
p  13   10 12   10  98  9.59740E-01 -2.45940E+00 -7.60280E-02  2.51360E-03  3.00000E+00  4.71700E+02  4.90500E+02  9.43300E+03
f  13   11 12   11  99  1.00000E+00  1.51600E+01
p  13   11 12   11  98  9.59740E-01 -2.45940E+00 -7.60280E-02  2.51360E-03  3.00000E+00  4.71700E+02  4.90500E+02  9.43300E+03
f  13   12 12   12  99  1.00000E+00  1.51210E+01
p  13   12 12   12  98  9.59740E-01 -2.45940E+00 -7.60280E-02  2.51360E-03  3.00000E+00  4.71700E+02  4.90500E+02  9.43300E+03
f  13   13 12   13  99  1.00000E+00  1.50352E+01
p  13   13 12   13  98  9.59740E-01 -2.45940E+00 -7.60280E-02  2.51360E-03  3.00000E+00  4.71700E+02  4.90500E+02  9.43300E+03
f  13   14 12   14  99  1.00000E+00  1.50302E+01
p  13   14 12   14  98  9.59740E-01 -2.45940E+00 -7.60280E-02  2.51360E-03  3.00000E+00  4.71700E+02  4.90500E+02  9.43300E+03
f  13   15 12   15  99  1.00000E+00  1.50111E+01
p  13   15 12   15  98  9.59740E-01 -2.45940E+00 -7.60280E-02  2.51360E-03  3.00000E+00  4.71700E+02  4.90500E+02  9.43300E+03
f  13    1 12   16  99  8.00000E+00  1.71200E+01
p  13    1 12   16  98  1.66710E+00 -2.52890E+00 -1.10950E-01  9.22330E-03  8.00000E+00  1.36600E+03  1.42000E+03  2.73200E+04
f  13   16 12   16  99  4.00000E+00  1.76840E+01
p  13   16 12   16  98  9.59740E-01 -2.45940E+00 -7.60280E-02  2.51360E-03  3.00000E+00  4.71700E+02  4.90500E+02  9.43300E+03
f  13   17 12   16  99  1.00000E+00  1.54573E+01
p  13   17 12   16  99  1.00000E+00  1.54573E+01
f  13   18 12   16  99  1.00000E+00  1.50819E+01
p  13   18 12   16  99  1.00000E+00  1.50819E+01
f  13   19 12   16  99  1.00000E+00  1.51440E+01
p  13   19 12   16  99  1.00000E+00  1.51440E+01
f  13   20 12   16  99  1.00000E+00  1.51140E+01
p  13   20 12   16  99  1.00000E+00  1.51140E+01
f  13   21 12   16  99  1.00000E+00  1.50372E+01
p  13   21 12   16  99  1.00000E+00  1.50372E+01
f  13   22 12   16  99  1.00000E+00  1.50312E+01
p  13   22 12   16  99  1.00000E+00  1.50312E+01
f  13   23 12   16  99  1.00000E+00  1.50012E+01
p  13   23 12   16  99  1.00000E+00  1.50012E+01
f  13    2 12   17  99  8.00000E+00  1.54006E+01
p  13    2 12   17  98  1.66710E+00 -2.52890E+00 -1.10950E-01  9.22330E-03  8.00000E+00  1.36600E+03  1.42000E+03  2.73200E+04
f  13   17 12   17  99  3.00000E+00  1.54573E+01
p  13   17 12   17  98  9.59740E-01 -2.45940E+00 -7.60280E-02  2.51360E-03  3.00000E+00  4.71700E+02  4.90500E+02  9.43300E+03
f  13    3 12   18  99  8.00000E+00  1.50636E+01
p  13    3 12   18  98  1.66710E+00 -2.52890E+00 -1.10950E-01  9.22330E-03  8.00000E+00  1.36600E+03  1.42000E+03  2.73200E+04
f  13   18 12   18  99  3.00000E+00  1.50819E+01
p  13   18 12   18  98  9.59740E-01 -2.45940E+00 -7.60280E-02  2.51360E-03  3.00000E+00  4.71700E+02  4.90500E+02  9.43300E+03
f  13    4 12   19  99  8.00000E+00  1.51380E+01
p  13    4 12   19  98  1.66710E+00 -2.52890E+00 -1.10950E-01  9.22330E-03  8.00000E+00  1.36600E+03  1.42000E+03  2.73200E+04
f  13   19 12   19  99  3.00000E+00  1.51440E+01
p  13   19 12   19  98  9.59740E-01 -2.45940E+00 -7.60280E-02  2.51360E-03  3.00000E+00  4.71700E+02  4.90500E+02  9.43300E+03
f  13    5 12   20  99  8.00000E+00  1.51100E+01
p  13    5 12   20  98  1.66710E+00 -2.52890E+00 -1.10950E-01  9.22330E-03  8.00000E+00  1.36600E+03  1.42000E+03  2.73200E+04
f  13   20 12   20  99  3.00000E+00  1.51140E+01
p  13   20 12   20  98  9.59740E-01 -2.45940E+00 -7.60280E-02  2.51360E-03  3.00000E+00  4.71700E+02  4.90500E+02  9.43300E+03
f  13    6 12   21  99  8.00000E+00  1.50282E+01
p  13    6 12   21  98  1.66710E+00 -2.52890E+00 -1.10950E-01  9.22330E-03  8.00000E+00  1.36600E+03  1.42000E+03  2.73200E+04
f  13   21 12   21  99  3.00000E+00  1.50372E+01
p  13   21 12   21  98  9.59740E-01 -2.45940E+00 -7.60280E-02  2.51360E-03  3.00000E+00  4.71700E+02  4.90500E+02  9.43300E+03
f  13    7 12   22  99  8.00000E+00  1.50242E+01
p  13    7 12   22  98  1.66710E+00 -2.52890E+00 -1.10950E-01  9.22330E-03  8.00000E+00  1.36600E+03  1.42000E+03  2.73200E+04
f  13   22 12   22  99  3.00000E+00  1.50312E+01
p  13   22 12   22  98  9.59740E-01 -2.45940E+00 -7.60280E-02  2.51360E-03  3.00000E+00  4.71700E+02  4.90500E+02  9.43300E+03
f  13    8 12   23  99  8.00000E+00  1.50012E+01
p  13    8 12   23  98  1.66710E+00 -2.52890E+00 -1.10950E-01  9.22330E-03  8.00000E+00  1.36600E+03  1.42000E+03  2.73200E+04
f  13   23 12   23  99  3.00000E+00  1.50012E+01
p  13   23 12   23  98  9.59740E-01 -2.45940E+00 -7.60280E-02  2.51360E-03  3.00000E+00  4.71700E+02  4.90500E+02  9.43300E+03
f  13    1 12   24  99  2.00000E+00  1.71200E+01
p  13    1 12   24  98  2.07420E+00 -2.52840E+00 -1.90130E-01  2.20330E-02  2.00000E+00  8.15000E+03  8.47600E+03  1.63000E+05
f  13   24 12   24  99  4.00000E+00  1.77640E+01
p  13   24 12   24  98  9.59740E-01 -2.45940E+00 -7.60280E-02  2.51360E-03  3.00000E+00  4.71700E+02  4.90500E+02  9.43300E+03
f  13   25 12   24  99  1.00000E+00  1.54805E+01
p  13   25 12   24  99  1.00000E+00  1.54805E+01
f  13   26 12   24  99  1.00000E+00  1.50810E+01
p  13   26 12   24  99  1.00000E+00  1.50810E+01
f  13   27 12   24  99  1.00000E+00  1.51530E+01
p  13   27 12   24  99  1.00000E+00  1.51530E+01
f  13   28 12   24  99  1.00000E+00  1.51230E+01
p  13   28 12   24  99  1.00000E+00  1.51230E+01
f  13   29 12   24  99  1.00000E+00  1.50381E+01
p  13   29 12   24  99  1.00000E+00  1.50381E+01
f  13   30 12   24  99  1.00000E+00  1.50321E+01
p  13   30 12   24  99  1.00000E+00  1.50321E+01
f  13   31 12   24  99  1.00000E+00  1.50012E+01
p  13   31 12   24  99  1.00000E+00  1.50012E+01
f  13    2 12   25  99  2.00000E+00  1.54006E+01
p  13    2 12   25  98  2.07420E+00 -2.52840E+00 -1.90130E-01  2.20330E-02  2.00000E+00  8.15000E+03  8.47600E+03  1.63000E+05
f  13   25 12   25  99  3.00000E+00  1.54805E+01
p  13   25 12   25  98  9.59740E-01 -2.45940E+00 -7.60280E-02  2.51360E-03  3.00000E+00  4.71700E+02  4.90500E+02  9.43300E+03
f  13    3 12   26  99  2.00000E+00  1.50636E+01
p  13    3 12   26  98  2.07420E+00 -2.52840E+00 -1.90130E-01  2.20330E-02  2.00000E+00  8.15000E+03  8.47600E+03  1.63000E+05
f  13   26 12   26  99  3.00000E+00  1.50810E+01
p  13   26 12   26  98  9.59740E-01 -2.45940E+00 -7.60280E-02  2.51360E-03  3.00000E+00  4.71700E+02  4.90500E+02  9.43300E+03
f  13    4 12   27  99  2.00000E+00  1.51380E+01
p  13    4 12   27  98  2.07420E+00 -2.52840E+00 -1.90130E-01  2.20330E-02  2.00000E+00  8.15000E+03  8.47600E+03  1.63000E+05
f  13   27 12   27  99  3.00000E+00  1.51530E+01
p  13   27 12   27  98  9.59740E-01 -2.45940E+00 -7.60280E-02  2.51360E-03  3.00000E+00  4.71700E+02  4.90500E+02  9.43300E+03
f  13    5 12   28  99  2.00000E+00  1.51100E+01
p  13    5 12   28  98  2.07420E+00 -2.52840E+00 -1.90130E-01  2.20330E-02  2.00000E+00  8.15000E+03  8.47600E+03  1.63000E+05
f  13   28 12   28  99  3.00000E+00  1.51230E+01
p  13   28 12   28  98  9.59740E-01 -2.45940E+00 -7.60280E-02  2.51360E-03  3.00000E+00  4.71700E+02  4.90500E+02  9.43300E+03
f  13    6 12   29  99  2.00000E+00  1.50282E+01
p  13    6 12   29  98  2.07420E+00 -2.52840E+00 -1.90130E-01  2.20330E-02  2.00000E+00  8.15000E+03  8.47600E+03  1.63000E+05
f  13   29 12   29  99  3.00000E+00  1.50381E+01
p  13   29 12   29  98  9.59740E-01 -2.45940E+00 -7.60280E-02  2.51360E-03  3.00000E+00  4.71700E+02  4.90500E+02  9.43300E+03
f  13    7 12   30  99  2.00000E+00  1.50242E+01
p  13    7 12   30  98  2.07420E+00 -2.52840E+00 -1.90130E-01  2.20330E-02  2.00000E+00  8.15000E+03  8.47600E+03  1.63000E+05
f  13   30 12   30  99  3.00000E+00  1.50321E+01
p  13   30 12   30  98  9.59740E-01 -2.45940E+00 -7.60280E-02  2.51360E-03  3.00000E+00  4.71700E+02  4.90500E+02  9.43300E+03
f  13    8 12   31  99  2.00000E+00  1.50012E+01
p  13    8 12   31  98  2.07420E+00 -2.52840E+00 -1.90130E-01  2.20330E-02  2.00000E+00  8.15000E+03  8.47600E+03  1.63000E+05
f  13   31 12   31  99  3.00000E+00  1.50012E+01
p  13   31 12   31  98  9.59740E-01 -2.45940E+00 -7.60280E-02  2.51360E-03  3.00000E+00  4.71700E+02  4.90500E+02  9.43300E+03
a  13    9 12    1   1.21966E+14
a  13   10 12    1   6.01044E+13
a  13   11 12    1   2.36036E+13
a  13   12 12    1   1.09206E+13
a  13   13 12    1   5.60103E+12
a  13   14 12    1   3.10826E+12
a  13   15 12    1   1.83539E+12
a  13   16 12    1   1.04702E+14
a  13   17 12    1   8.72494E+12
a  13   18 12    1   2.69348E+12
a  13   19 12    1   1.05728E+12
a  13   20 12    1   4.89161E+11
a  13   21 12    1   2.50898E+11
a  13   22 12    1   1.39230E+11
a  13   23 12    1   8.22139E+10
a  13   24 12    1   1.33830E+12
a  13   25 12    1   1.21706E+11
a  13   26 12    1   3.69825E+10
a  13   27 12    1   1.42526E+10
a  13   28 12    1   6.59415E+09
a  13   29 12    1   3.38220E+09
a  13   30 12    1   1.87695E+09
a  13   31 12    1   1.10828E+09
a  13   17 12    2   5.23508E+13
a  13   25 12    2   6.69150E+11
a  13   18 12    3   5.23508E+13
a  13   26 12    3   6.69150E+11
a  13   19 12    4   5.23508E+13
a  13   27 12    4   6.69150E+11
a  13   20 12    5   5.23508E+13
a  13   28 12    5   6.69150E+11
a  13   21 12    6   5.23508E+13
a  13   29 12    6   6.69150E+11
a  13   22 12    7   5.23508E+13
a  13   30 12    7   6.69150E+11
a  13   23 12    8   5.23508E+13
a  13   31 12    8   6.69150E+11
a  13   24 12   16   8.18144E+13
a  13   25 12   16   3.98916E+12
a  13   26 12   16   1.21180E+12
a  13   27 12   16   4.66600E+11
a  13   28 12   16   2.15872E+11
a  13   29 12   16   1.10724E+11
a  13   30 12   16   6.14440E+10
a  13   31 12   16   3.62820E+10
a  13   25 12   17   6.13608E+13
a  13   26 12   18   6.13608E+13
a  13   27 12   19   6.13608E+13
a  13   28 12   20   6.13608E+13
a  13   29 12   21   6.13608E+13
a  13   30 12   22   6.13608E+13
a  13   31 12   23   6.13608E+13
b  14    1 14    2  99  9.49148E-02  1.07155E+00 -1.64704E+01  9.48936E+01  2.00000E+01  2.23440E+00  2.23440E+00
b  14    1 14    3  99  1.17256E-01  1.32346E+00 -2.08438E+01  1.50210E+02  2.00000E+01  5.56400E-01  5.56400E-01
b  14    2 14    3  99  2.59788E-01  6.27238E-02  1.52400E+00 -5.36481E-01  2.08604E+00  8.66200E-01  8.66200E-01
b  14    1 14    4  99  1.20021E-01  1.47141E+00 -1.40164E+01  1.65490E+01  2.00000E+01  2.15160E-01  2.15160E-01
b  14    2 14    4  99  1.57257E-01  1.37158E+00 -1.98434E+01  2.10982E+02  2.00000E+01  1.62900E-01  1.62900E-01
b  14    3 14    4  99  2.49508E-01  1.76043E-01  1.32487E+00 -4.30417E-01  2.03159E+00  1.06400E+00  1.06400E+00
b  14    1 14    5  99  1.21069E-01  1.53186E+00 -1.22639E+01 -1.60683E+01  2.00000E+01  1.13240E-01  1.13240E-01
b  14    2 14    5  99  1.76694E-01  1.61245E+00 -2.11334E+01  2.28075E+02  2.00000E+01  6.40100E-02  6.40100E-02
b  14    3 14    5  99  3.12079E-01  5.15367E-01  1.72270E+00 -6.26994E-01  2.18864E+00  1.93500E-01  1.93500E-01
b  14    4 14    5  99  2.61216E-01  9.84556E-02  2.06185E+00 -1.02324E+00  2.77917E+00  1.29900E+00  1.29900E+00
b  14    1 14    6  99  1.25739E-01  1.58438E+00 -1.26143E+01 -1.12272E+01  2.00000E+01  6.78800E-02  6.78800E-02
b  14    2 14    6  99  1.51073E-01  1.83486E+00 -1.63139E+01  9.58090E+01  2.00000E+01  3.28700E-02  3.28700E-02
b  14    3 14    6  99  1.62816E-01  1.70787E+00 -1.62250E+01  1.59166E+02  2.00000E+01  7.30200E-02  7.30200E-02
b  14    4 14    6  99  2.85294E-01  6.57020E-01  1.39229E+00 -4.68780E-01  2.08591E+00  2.21100E-01  2.21100E-01
b  14    5 14    6  99  2.63804E-01  6.30199E-02  2.58329E+00 -1.48165E+00  3.35611E+00  1.52000E+00  1.52000E+00
b  14    1 14    7  99  1.30524E-01  1.65730E+00 -1.49684E+01  2.07580E+01  2.00000E+01  4.42800E-02  4.42800E-02
b  14    2 14    7  99  1.55984E-01  1.95314E+00 -1.63196E+01  8.98832E+01  2.00000E+01  1.95200E-02  1.95200E-02
b  14    3 14    7  99  1.81267E-01  1.92304E+00 -1.75344E+01  1.83882E+02  2.00000E+01  3.68500E-02  3.68500E-02
b  14    4 14    7  99  3.29925E-01  9.37120E-01  1.78446E+00 -7.61338E-01  2.25422E+00  8.09400E-02  8.09400E-02
b  14    5 14    7  99  3.04844E-01  5.80763E-01  2.29435E+00 -1.17287E+00  2.93145E+00  2.48700E-01  2.48700E-01
b  14    6 14    7  99  2.50400E-01  1.07479E-01  2.39919E+00 -1.38280E+00  3.35689E+00  1.73200E+00  1.73200E+00
b  14    1 14    8  99  1.28216E-01  1.63963E+00 -1.18528E+01 -2.59388E+01  2.00000E+01  3.06160E-02  3.06160E-02
b  14    2 14    8  99  1.62588E-01  2.03721E+00 -1.69026E+01  9.91911E+01  2.00000E+01  1.27000E-02  1.27000E-02
b  14    3 14    8  99  2.01803E-01  2.06588E+00 -1.93178E+01  2.26386E+02  2.00000E+01  2.17200E-02  2.17200E-02
b  14    4 14    8  99  3.51857E-01  1.18791E+00  1.84790E+00 -7.47561E-01  2.28022E+00  4.02100E-02  4.02100E-02
b  14    5 14    8  99  3.03555E-01  1.11134E+00  1.32315E+00 -4.32498E-01  2.04761E+00  8.90900E-02  8.90900E-02
b  14    6 14    8  99  2.89032E-01  6.50635E-01  2.04249E+00 -1.02035E+00  2.86520E+00  2.76400E-01  2.76400E-01
b  14    7 14    8  99  2.89028E-01  1.52836E-01  2.84430E+00 -4.66619E-01  4.03193E+00  1.62300E+00  1.62300E+00
b  14    1 14    9  98  0.00000E+00  0.00000E+00  0.00000E+00  0.00000E+00  0.00000E+00  1.77835E-02  3.55670E-04
b  14    2 14    9  99  9.49148E-02  1.07155E+00 -1.64704E+01  9.48936E+01  2.00000E+01  1.62343E+00  1.62343E+00
b  14    1 14   10  98  0.00000E+00  0.00000E+00  0.00000E+00  0.00000E+00  0.00000E+00  2.20234E-02  4.40468E-04
b  14    2 14   10  99  1.17256E-01  1.32346E+00 -2.08438E+01  1.50210E+02  2.00000E+01  4.17300E-01  4.17300E-01
b  14    3 14   10  99  9.49148E-02  1.07155E+00 -1.64704E+01  9.48936E+01  2.00000E+01  1.67580E+00  1.67580E+00
b  14    9 14   10  99  2.59788E-01  6.27238E-02  1.52400E+00 -5.36481E-01  2.08604E+00  1.73240E+00  1.73240E+00
b  14    1 14   11  98  0.00000E+00  0.00000E+00  0.00000E+00  0.00000E+00  0.00000E+00  2.83268E-02  5.66537E-04
b  14    2 14   11  99  1.20021E-01  1.47141E+00 -1.40164E+01  1.65490E+01  2.00000E+01  1.61370E-01  1.61370E-01
b  14    4 14   11  99  9.49148E-02  1.07155E+00 -1.64704E+01  9.48936E+01  2.00000E+01  1.67580E+00  1.67580E+00
b  14    9 14   11  99  1.57257E-01  1.37158E+00 -1.98434E+01  2.10982E+02  2.00000E+01  3.25800E-01  3.25800E-01
b  14   10 14   11  99  2.49508E-01  1.76043E-01  1.32487E+00 -4.30417E-01  2.03159E+00  1.06400E+00  1.06400E+00
b  14    1 14   12  98  0.00000E+00  0.00000E+00  0.00000E+00  0.00000E+00  0.00000E+00  3.59768E-02  7.19536E-04
b  14    2 14   12  99  1.21069E-01  1.53186E+00 -1.22639E+01 -1.60683E+01  2.00000E+01  8.49300E-02  8.49300E-02
b  14    5 14   12  99  9.49148E-02  1.07155E+00 -1.64704E+01  9.48936E+01  2.00000E+01  1.67580E+00  1.67580E+00
b  14    9 14   12  99  1.76694E-01  1.61245E+00 -2.11334E+01  2.28075E+02  2.00000E+01  1.28020E-01  1.28020E-01
b  14   10 14   12  99  3.12079E-01  5.15367E-01  1.72270E+00 -6.26994E-01  2.18864E+00  1.93500E-01  1.93500E-01
b  14   11 14   12  99  2.61216E-01  9.84556E-02  2.06185E+00 -1.02324E+00  2.77917E+00  1.29900E+00  1.29900E+00
b  14    1 14   13  98  0.00000E+00  0.00000E+00  0.00000E+00  0.00000E+00  0.00000E+00  4.49285E-02  8.98570E-04
b  14    2 14   13  99  1.25739E-01  1.58438E+00 -1.26143E+01 -1.12272E+01  2.00000E+01  5.09100E-02  5.09100E-02
b  14    6 14   13  99  9.49148E-02  1.07155E+00 -1.64704E+01  9.48936E+01  2.00000E+01  1.67580E+00  1.67580E+00
b  14    9 14   13  99  1.51073E-01  1.83486E+00 -1.63139E+01  9.58090E+01  2.00000E+01  6.57400E-02  6.57400E-02
b  14   10 14   13  99  1.62816E-01  1.70787E+00 -1.62250E+01  1.59166E+02  2.00000E+01  7.30200E-02  7.30200E-02
b  14   11 14   13  99  2.85294E-01  6.57020E-01  1.39229E+00 -4.68780E-01  2.08591E+00  2.21100E-01  2.21100E-01
b  14   12 14   13  99  2.63804E-01  6.30199E-02  2.58329E+00 -1.48165E+00  3.35611E+00  1.52000E+00  1.52000E+00
b  14    1 14   14  98  0.00000E+00  0.00000E+00  0.00000E+00  0.00000E+00  0.00000E+00  5.52451E-02  1.10490E-03
b  14    2 14   14  99  1.30524E-01  1.65730E+00 -1.49684E+01  2.07580E+01  2.00000E+01  3.32100E-02  3.32100E-02
b  14    7 14   14  99  9.49148E-02  1.07155E+00 -1.64704E+01  9.48936E+01  2.00000E+01  1.67580E+00  1.67580E+00
b  14    9 14   14  99  1.55984E-01  1.95314E+00 -1.63196E+01  8.98832E+01  2.00000E+01  3.90400E-02  3.90400E-02
b  14   10 14   14  99  1.81267E-01  1.92304E+00 -1.75344E+01  1.83882E+02  2.00000E+01  3.68500E-02  3.68500E-02
b  14   11 14   14  99  3.29925E-01  9.37120E-01  1.78446E+00 -7.61338E-01  2.25422E+00  8.09400E-02  8.09400E-02
b  14   12 14   14  99  3.04844E-01  5.80763E-01  2.29435E+00 -1.17287E+00  2.93145E+00  2.48700E-01  2.48700E-01
b  14   13 14   14  99  2.50400E-01  1.07479E-01  2.39919E+00 -1.38280E+00  3.35689E+00  1.73200E+00  1.73200E+00
b  14    1 14   15  98  0.00000E+00  0.00000E+00  0.00000E+00  0.00000E+00  0.00000E+00  6.68012E-02  1.33602E-03
b  14    2 14   15  99  1.28216E-01  1.63963E+00 -1.18528E+01 -2.59388E+01  2.00000E+01  2.29620E-02  2.29620E-02
b  14    8 14   15  99  9.49148E-02  1.07155E+00 -1.64704E+01  9.48936E+01  2.00000E+01  1.67580E+00  1.67580E+00
b  14    9 14   15  99  1.62588E-01  2.03721E+00 -1.69026E+01  9.91911E+01  2.00000E+01  2.54000E-02  2.54000E-02
b  14   10 14   15  99  2.01803E-01  2.06588E+00 -1.93178E+01  2.26386E+02  2.00000E+01  2.17200E-02  2.17200E-02
b  14   11 14   15  99  3.51857E-01  1.18791E+00  1.84790E+00 -7.47561E-01  2.28022E+00  4.02100E-02  4.02100E-02
b  14   12 14   15  99  3.03555E-01  1.11134E+00  1.32315E+00 -4.32498E-01  2.04761E+00  8.90900E-02  8.90900E-02
b  14   13 14   15  99  2.89032E-01  6.50635E-01  2.04249E+00 -1.02035E+00  2.86520E+00  2.76400E-01  2.76400E-01
b  14   14 14   15  99  2.89028E-01  1.52836E-01  2.84430E+00 -4.66619E-01  4.03193E+00  1.62300E+00  1.62300E+00
b  14    1 14   16  99  1.07367E-01  1.86996E+00 -5.43507E+01  4.83447E+02  2.00000E+01  2.31840E+00  2.31840E+00
b  14    1 14   17  99  1.16706E-01  1.42122E+00 -2.03440E+01  1.04095E+02  1.06976E+01  7.05440E-01  7.05440E-01
b  14    2 14   17  99  1.07367E-01  1.86996E+00 -5.43507E+01  4.83447E+02  2.00000E+01  2.48400E+00  2.48400E+00
b  14   16 14   17  99  9.49148E-02  1.07155E+00 -1.64704E+01  9.48936E+01  2.00000E+01  2.79300E+00  2.79300E+00
b  14    1 14   18  99  1.77259E-01  1.02457E+00 -9.29470E+00  3.82313E+01  6.05206E+00  2.97120E-01  2.97120E-01
b  14    3 14   18  99  1.07367E-01  1.86996E+00 -5.43507E+01  4.83447E+02  2.00000E+01  2.48400E+00  2.48400E+00
b  14   16 14   18  99  1.17256E-01  1.32346E+00 -2.08438E+01  1.50210E+02  2.00000E+01  6.95500E-01  6.95500E-01
b  14   17 14   18  99  2.59788E-01  6.27238E-02  1.52400E+00 -5.36481E-01  2.08604E+00  8.66200E-01  8.66200E-01
b  14    1 14   19  99  3.23402E-01  5.42792E-01 -4.15577E+00  2.01405E+01  4.00468E+00  1.46880E-01  1.46880E-01
b  14    4 14   19  99  1.07367E-01  1.86996E+00 -5.43507E+01  4.83447E+02  2.00000E+01  2.48400E+00  2.48400E+00
b  14   16 14   19  99  1.20021E-01  1.47141E+00 -1.40164E+01  1.65490E+01  2.00000E+01  2.68950E-01  2.68950E-01
b  14   17 14   19  99  1.57257E-01  1.37158E+00 -1.98434E+01  2.10982E+02  2.00000E+01  1.62900E-01  1.62900E-01
b  14   18 14   19  99  2.49508E-01  1.76043E-01  1.32487E+00 -4.30417E-01  2.03159E+00  1.06400E+00  1.06400E+00
b  14    1 14   20  99  3.25205E-01  5.39342E-01 -3.98682E+00  1.92968E+01  3.93806E+00  8.71200E-02  8.71200E-02
b  14    5 14   20  99  1.07367E-01  1.86996E+00 -5.43507E+01  4.83447E+02  2.00000E+01  2.48400E+00  2.48400E+00
b  14   16 14   20  99  1.21069E-01  1.53186E+00 -1.22639E+01 -1.60683E+01  2.00000E+01  1.41550E-01  1.41550E-01
b  14   17 14   20  99  1.76694E-01  1.61245E+00 -2.11334E+01  2.28075E+02  2.00000E+01  6.40100E-02  6.40100E-02
b  14   18 14   20  99  3.12079E-01  5.15367E-01  1.72270E+00 -6.26994E-01  2.18864E+00  1.93500E-01  1.93500E-01
b  14   19 14   20  99  2.61216E-01  9.84556E-02  2.06185E+00 -1.02324E+00  2.77917E+00  1.29900E+00  1.29900E+00
b  14    1 14   21  99  3.21141E-01  5.56723E-01 -4.01254E+00  1.90809E+01  3.93008E+00  5.61040E-02  5.61040E-02
b  14    6 14   21  99  1.07367E-01  1.86996E+00 -5.43507E+01  4.83447E+02  2.00000E+01  2.48400E+00  2.48400E+00
b  14   16 14   21  99  1.25739E-01  1.58438E+00 -1.26143E+01 -1.12272E+01  2.00000E+01  8.48500E-02  8.48500E-02
b  14   17 14   21  99  1.51073E-01  1.83486E+00 -1.63139E+01  9.58090E+01  2.00000E+01  3.28700E-02  3.28700E-02
b  14   18 14   21  99  1.62816E-01  1.70787E+00 -1.62250E+01  1.59166E+02  2.00000E+01  7.30200E-02  7.30200E-02
b  14   19 14   21  99  2.85294E-01  6.57020E-01  1.39229E+00 -4.68780E-01  2.08591E+00  2.21100E-01  2.21100E-01
b  14   20 14   21  99  2.63804E-01  6.30199E-02  2.58329E+00 -1.48165E+00  3.35611E+00  1.52000E+00  1.52000E+00
b  14    1 14   22  99  3.23896E-01  5.50632E-01 -3.94753E+00  1.89238E+01  3.91447E+00  3.83120E-02  3.83120E-02
b  14    7 14   22  99  1.07367E-01  1.86996E+00 -5.43507E+01  4.83447E+02  2.00000E+01  2.48400E+00  2.48400E+00
b  14   16 14   22  99  1.30524E-01  1.65730E+00 -1.49684E+01  2.07580E+01  2.00000E+01  5.53500E-02  5.53500E-02
b  14   17 14   22  99  1.55984E-01  1.95314E+00 -1.63196E+01  8.98832E+01  2.00000E+01  1.95200E-02  1.95200E-02
b  14   18 14   22  99  1.81267E-01  1.92304E+00 -1.75344E+01  1.83882E+02  2.00000E+01  3.68500E-02  3.68500E-02
b  14   19 14   22  99  3.29925E-01  9.37120E-01  1.78446E+00 -7.61338E-01  2.25422E+00  8.09400E-02  8.09400E-02
b  14   20 14   22  99  3.04844E-01  5.80763E-01  2.29435E+00 -1.17287E+00  2.93145E+00  2.48700E-01  2.48700E-01
b  14   21 14   22  99  2.50400E-01  1.07479E-01  2.39919E+00 -1.38280E+00  3.35689E+00  1.73200E+00  1.73200E+00
b  14    1 14   23  99  3.25621E-01  5.47758E-01 -3.91464E+00  1.88466E+01  3.90385E+00  2.73280E-02  2.73280E-02
b  14    8 14   23  99  1.07367E-01  1.86996E+00 -5.43507E+01  4.83447E+02  2.00000E+01  2.48400E+00  2.48400E+00
b  14   16 14   23  99  1.28216E-01  1.63963E+00 -1.18528E+01 -2.59388E+01  2.00000E+01  3.82700E-02  3.82700E-02
b  14   17 14   23  99  1.62588E-01  2.03721E+00 -1.69026E+01  9.91911E+01  2.00000E+01  1.27000E-02  1.27000E-02
b  14   18 14   23  99  2.01803E-01  2.06588E+00 -1.93178E+01  2.26386E+02  2.00000E+01  2.17200E-02  2.17200E-02
b  14   19 14   23  99  3.51857E-01  1.18791E+00  1.84790E+00 -7.47561E-01  2.28022E+00  4.02100E-02  4.02100E-02
b  14   20 14   23  99  3.03555E-01  1.11134E+00  1.32315E+00 -4.32498E-01  2.04761E+00  8.90900E-02  8.90900E-02
b  14   21 14   23  99  2.89032E-01  6.50635E-01  2.04249E+00 -1.02035E+00  2.86520E+00  2.76400E-01  2.76400E-01
b  14   22 14   23  99  2.89028E-01  1.52836E-01  2.84430E+00 -4.66619E-01  4.03193E+00  1.62300E+00  1.62300E+00
b  14    1 14   24  99  1.33002E-01  1.71542E+00 -2.22579E+01  8.60036E+01  7.61025E+00  7.07311E-02  7.07311E-02
b  14   16 14   24  99  2.06519E-01  1.07005E+00 -1.38529E+01  5.57204E+01  5.76101E+00  7.64750E-02  7.64750E-02
b  14    1 14   25  99  1.07072E-01  1.97641E+00 -2.74652E+01  1.07303E+02  9.03071E+00  2.88600E-02  2.88600E-02
b  14    2 14   25  99  1.33002E-01  1.71542E+00 -2.22579E+01  8.60036E+01  7.61025E+00  7.57833E-02  7.57833E-02
b  14   17 14   25  99  2.06519E-01  1.07005E+00 -1.38529E+01  5.57204E+01  5.76101E+00  7.64750E-02  7.64750E-02
b  14   24 14   25  99  9.49148E-02  1.07155E+00 -1.64704E+01  9.48936E+01  2.00000E+01  2.79300E+00  2.79300E+00
b  14    1 14   26  99  1.04774E-01  2.00421E+00 -2.78505E+01  1.07887E+02  9.16571E+00  1.33900E-02  1.33900E-02
b  14    3 14   26  99  1.33002E-01  1.71542E+00 -2.22579E+01  8.60036E+01  7.61025E+00  7.57833E-02  7.57833E-02
b  14   18 14   26  99  2.06519E-01  1.07005E+00 -1.38529E+01  5.57204E+01  5.76101E+00  7.64750E-02  7.64750E-02
b  14   24 14   26  99  1.17256E-01  1.32346E+00 -2.08438E+01  1.50210E+02  2.00000E+01  6.95500E-01  6.95500E-01
b  14   25 14   26  99  2.59788E-01  6.27238E-02  1.52400E+00 -5.36481E-01  2.08604E+00  8.66200E-01  8.66200E-01
b  14    1 14   27  99  1.03114E-01  2.16553E+00 -3.04237E+01  1.16872E+02  9.41545E+00  7.01800E-03  7.01800E-03
b  14    4 14   27  99  1.33002E-01  1.71542E+00 -2.22579E+01  8.60036E+01  7.61025E+00  7.57833E-02  7.57833E-02
b  14   19 14   27  99  2.06519E-01  1.07005E+00 -1.38529E+01  5.57204E+01  5.76101E+00  7.64750E-02  7.64750E-02
b  14   24 14   27  99  1.20021E-01  1.47141E+00 -1.40164E+01  1.65490E+01  2.00000E+01  2.68950E-01  2.68950E-01
b  14   25 14   27  99  1.57257E-01  1.37158E+00 -1.98434E+01  2.10982E+02  2.00000E+01  1.62900E-01  1.62900E-01
b  14   26 14   27  99  2.49508E-01  1.76043E-01  1.32487E+00 -4.30417E-01  2.03159E+00  1.06400E+00  1.06400E+00
b  14    1 14   28  99  1.03110E-01  2.14925E+00 -3.02742E+01  1.16650E+02  9.43973E+00  4.26400E-03  4.26400E-03
b  14    5 14   28  99  1.33002E-01  1.71542E+00 -2.22579E+01  8.60036E+01  7.61025E+00  7.57833E-02  7.57833E-02
b  14   20 14   28  99  2.06519E-01  1.07005E+00 -1.38529E+01  5.57204E+01  5.76101E+00  7.64750E-02  7.64750E-02
b  14   24 14   28  99  1.21069E-01  1.53186E+00 -1.22639E+01 -1.60683E+01  2.00000E+01  1.41550E-01  1.41550E-01
b  14   25 14   28  99  1.76694E-01  1.61245E+00 -2.11334E+01  2.28075E+02  2.00000E+01  6.40100E-02  6.40100E-02
b  14   26 14   28  99  3.12079E-01  5.15367E-01  1.72270E+00 -6.26994E-01  2.18864E+00  1.93500E-01  1.93500E-01
b  14   27 14   28  99  2.61216E-01  9.84556E-02  2.06185E+00 -1.02324E+00  2.77917E+00  1.29900E+00  1.29900E+00
b  14    1 14   29  99  9.47431E-02  2.22486E+00 -3.28958E+01  1.28602E+02  1.02677E+01  2.78400E-03  2.78400E-03
b  14    6 14   29  99  1.33002E-01  1.71542E+00 -2.22579E+01  8.60036E+01  7.61025E+00  7.57833E-02  7.57833E-02
b  14   21 14   29  99  2.06519E-01  1.07005E+00 -1.38529E+01  5.57204E+01  5.76101E+00  7.64750E-02  7.64750E-02
b  14   24 14   29  99  1.25739E-01  1.58438E+00 -1.26143E+01 -1.12272E+01  2.00000E+01  8.48500E-02  8.48500E-02
b  14   25 14   29  99  1.51073E-01  1.83486E+00 -1.63139E+01  9.58090E+01  2.00000E+01  3.28700E-02  3.28700E-02
b  14   26 14   29  99  1.62816E-01  1.70787E+00 -1.62250E+01  1.59166E+02  2.00000E+01  7.30200E-02  7.30200E-02
b  14   27 14   29  99  2.85294E-01  6.57020E-01  1.39229E+00 -4.68780E-01  2.08591E+00  2.21100E-01  2.21100E-01
b  14   28 14   29  99  2.63804E-01  6.30199E-02  2.58329E+00 -1.48165E+00  3.35611E+00  1.52000E+00  1.52000E+00
b  14    1 14   30  99  9.37632E-02  2.22172E+00 -3.29191E+01  1.28620E+02  1.03185E+01  1.91700E-03  1.91700E-03
b  14    7 14   30  99  1.33002E-01  1.71542E+00 -2.22579E+01  8.60036E+01  7.61025E+00  7.57833E-02  7.57833E-02
b  14   22 14   30  99  2.06519E-01  1.07005E+00 -1.38529E+01  5.57204E+01  5.76101E+00  7.64750E-02  7.64750E-02
b  14   24 14   30  99  1.30524E-01  1.65730E+00 -1.49684E+01  2.07580E+01  2.00000E+01  5.53500E-02  5.53500E-02
b  14   25 14   30  99  1.55984E-01  1.95314E+00 -1.63196E+01  8.98832E+01  2.00000E+01  1.95200E-02  1.95200E-02
b  14   26 14   30  99  1.81267E-01  1.92304E+00 -1.75344E+01  1.83882E+02  2.00000E+01  3.68500E-02  3.68500E-02
b  14   27 14   30  99  3.29925E-01  9.37120E-01  1.78446E+00 -7.61338E-01  2.25422E+00  8.09400E-02  8.09400E-02
b  14   28 14   30  99  3.04844E-01  5.80763E-01  2.29435E+00 -1.17287E+00  2.93145E+00  2.48700E-01  2.48700E-01
b  14   29 14   30  99  2.50400E-01  1.07479E-01  2.39919E+00 -1.38280E+00  3.35689E+00  1.73200E+00  1.73200E+00
b  14    1 14   31  99  9.23253E-02  2.22637E+00 -3.31783E+01  1.29599E+02  1.04413E+01  1.37460E-03  1.37460E-03
b  14    8 14   31  99  1.33002E-01  1.71542E+00 -2.22579E+01  8.60036E+01  7.61025E+00  7.57833E-02  7.57833E-02
b  14   23 14   31  99  2.06519E-01  1.07005E+00 -1.38529E+01  5.57204E+01  5.76101E+00  7.64750E-02  7.64750E-02
b  14   24 14   31  99  1.28216E-01  1.63963E+00 -1.18528E+01 -2.59388E+01  2.00000E+01  3.82700E-02  3.82700E-02
b  14   25 14   31  99  1.62588E-01  2.03721E+00 -1.69026E+01  9.91911E+01  2.00000E+01  1.27000E-02  1.27000E-02
b  14   26 14   31  99  2.01803E-01  2.06588E+00 -1.93178E+01  2.26386E+02  2.00000E+01  2.17200E-02  2.17200E-02
b  14   27 14   31  99  3.51857E-01  1.18791E+00  1.84790E+00 -7.47561E-01  2.28022E+00  4.02100E-02  4.02100E-02
b  14   28 14   31  99  3.03555E-01  1.11134E+00  1.32315E+00 -4.32498E-01  2.04761E+00  8.90900E-02  8.90900E-02
b  14   29 14   31  99  2.89032E-01  6.50635E-01  2.04249E+00 -1.02035E+00  2.86520E+00  2.76400E-01  2.76400E-01
b  14   30 14   31  99  2.89028E-01  1.52836E-01  2.84430E+00 -4.66619E-01  4.03193E+00  1.62300E+00  1.62300E+00
f  14    1 13    1  99  4.00000E+00  1.67800E+01
p  14    1 13    1  98  1.01380E+00 -2.43370E+00 -7.91250E-02  2.71430E-03  4.00000E+00  4.37000E+02  4.54500E+02  8.74100E+03
f  14    2 13    1  99  1.00000E+00  1.44851E+01
p  14    2 13    1  99  1.00000E+00  1.44851E+01
f  14    3 13    1  99  1.00000E+00  1.40840E+01
p  14    3 13    1  99  1.00000E+00  1.40840E+01
f  14    4 13    1  99  1.00000E+00  1.41560E+01
p  14    4 13    1  99  1.00000E+00  1.41560E+01
f  14    5 13    1  99  1.00000E+00  1.41240E+01
p  14    5 13    1  99  1.00000E+00  1.41240E+01
f  14    6 13    1  99  1.00000E+00  1.40382E+01
p  14    6 13    1  99  1.00000E+00  1.40382E+01
f  14    7 13    1  99  1.00000E+00  1.40322E+01
p  14    7 13    1  99  1.00000E+00  1.40322E+01
f  14    8 13    1  99  1.00000E+00  1.40013E+01
p  14    8 13    1  99  1.00000E+00  1.40013E+01
f  14    2 13    2  99  3.00000E+00  1.44851E+01
p  14    2 13    2  98  1.01380E+00 -2.43370E+00 -7.91250E-02  2.71430E-03  4.00000E+00  4.37000E+02  4.54500E+02  8.74100E+03
f  14    9 13    2  99  2.00000E+00  1.50456E+01
p  14    9 13    2  99  2.00000E+00  1.50456E+01
f  14   10 13    2  99  1.00000E+00  1.41436E+01
p  14   10 13    2  99  1.00000E+00  1.41436E+01
f  14   11 13    2  99  1.00000E+00  1.41780E+01
p  14   11 13    2  99  1.00000E+00  1.41780E+01
f  14   12 13    2  99  1.00000E+00  1.41350E+01
p  14   12 13    2  99  1.00000E+00  1.41350E+01
f  14   13 13    2  99  1.00000E+00  1.40452E+01
p  14   13 13    2  99  1.00000E+00  1.40452E+01
f  14   14 13    2  99  1.00000E+00  1.40382E+01
p  14   14 13    2  99  1.00000E+00  1.40382E+01
f  14   15 13    2  99  1.00000E+00  1.40112E+01
p  14   15 13    2  99  1.00000E+00  1.40112E+01
f  14    3 13    3  99  3.00000E+00  1.40840E+01
p  14    3 13    3  98  1.01380E+00 -2.43370E+00 -7.91250E-02  2.71430E-03  4.00000E+00  4.37000E+02  4.54500E+02  8.74100E+03
f  14   10 13    3  99  1.00000E+00  1.41436E+01
p  14   10 13    3  99  1.00000E+00  1.41436E+01
f  14    4 13    4  99  3.00000E+00  1.41560E+01
p  14    4 13    4  98  1.01380E+00 -2.43370E+00 -7.91250E-02  2.71430E-03  4.00000E+00  4.37000E+02  4.54500E+02  8.74100E+03
f  14   11 13    4  99  1.00000E+00  1.41780E+01
p  14   11 13    4  99  1.00000E+00  1.41780E+01
f  14    5 13    5  99  3.00000E+00  1.41240E+01
p  14    5 13    5  98  1.01380E+00 -2.43370E+00 -7.91250E-02  2.71430E-03  4.00000E+00  4.37000E+02  4.54500E+02  8.74100E+03
f  14   12 13    5  99  1.00000E+00  1.41350E+01
p  14   12 13    5  99  1.00000E+00  1.41350E+01
f  14    6 13    6  99  3.00000E+00  1.40382E+01
p  14    6 13    6  98  1.01380E+00 -2.43370E+00 -7.91250E-02  2.71430E-03  4.00000E+00  4.37000E+02  4.54500E+02  8.74100E+03
f  14   13 13    6  99  1.00000E+00  1.40452E+01
p  14   13 13    6  99  1.00000E+00  1.40452E+01
f  14    7 13    7  99  3.00000E+00  1.40322E+01
p  14    7 13    7  98  1.01380E+00 -2.43370E+00 -7.91250E-02  2.71430E-03  4.00000E+00  4.37000E+02  4.54500E+02  8.74100E+03
f  14   14 13    7  99  1.00000E+00  1.40382E+01
p  14   14 13    7  99  1.00000E+00  1.40382E+01
f  14    8 13    8  99  3.00000E+00  1.40013E+01
p  14    8 13    8  98  1.01380E+00 -2.43370E+00 -7.91250E-02  2.71430E-03  4.00000E+00  4.37000E+02  4.54500E+02  8.74100E+03
f  14   15 13    8  99  1.00000E+00  1.40112E+01
p  14   15 13    8  99  1.00000E+00  1.40112E+01
f  14    9 13    9  99  2.00000E+00  1.50456E+01
p  14    9 13    9  98  1.01380E+00 -2.43370E+00 -7.91250E-02  2.71430E-03  4.00000E+00  4.37000E+02  4.54500E+02  8.74100E+03
f  14   10 13   10  99  2.00000E+00  1.41436E+01
p  14   10 13   10  98  1.01380E+00 -2.43370E+00 -7.91250E-02  2.71430E-03  4.00000E+00  4.37000E+02  4.54500E+02  8.74100E+03
f  14   11 13   11  99  2.00000E+00  1.41780E+01
p  14   11 13   11  98  1.01380E+00 -2.43370E+00 -7.91250E-02  2.71430E-03  4.00000E+00  4.37000E+02  4.54500E+02  8.74100E+03
f  14   12 13   12  99  2.00000E+00  1.41350E+01
p  14   12 13   12  98  1.01380E+00 -2.43370E+00 -7.91250E-02  2.71430E-03  4.00000E+00  4.37000E+02  4.54500E+02  8.74100E+03
f  14   13 13   13  99  2.00000E+00  1.40452E+01
p  14   13 13   13  98  1.01380E+00 -2.43370E+00 -7.91250E-02  2.71430E-03  4.00000E+00  4.37000E+02  4.54500E+02  8.74100E+03
f  14   14 13   14  99  2.00000E+00  1.40382E+01
p  14   14 13   14  98  1.01380E+00 -2.43370E+00 -7.91250E-02  2.71430E-03  4.00000E+00  4.37000E+02  4.54500E+02  8.74100E+03
f  14   15 13   15  99  2.00000E+00  1.40112E+01
p  14   15 13   15  98  1.01380E+00 -2.43370E+00 -7.91250E-02  2.71430E-03  4.00000E+00  4.37000E+02  4.54500E+02  8.74100E+03
f  14    1 13   16  99  8.00000E+00  1.67800E+01
p  14    1 13   16  98  1.71380E+00 -2.51950E+00 -1.13060E-01  9.47840E-03  8.00000E+00  1.32000E+03  1.37300E+03  2.64000E+04
f  14   16 13   16  99  5.00000E+00  1.73440E+01
p  14   16 13   16  98  1.01380E+00 -2.43370E+00 -7.91250E-02  2.71430E-03  4.00000E+00  4.37000E+02  4.54500E+02  8.74100E+03
f  14   17 13   16  99  1.00000E+00  1.45418E+01
p  14   17 13   16  99  1.00000E+00  1.45418E+01
f  14   18 13   16  99  1.00000E+00  1.41023E+01
p  14   18 13   16  99  1.00000E+00  1.41023E+01
f  14   19 13   16  99  1.00000E+00  1.41620E+01
p  14   19 13   16  99  1.00000E+00  1.41620E+01
f  14   20 13   16  99  1.00000E+00  1.41280E+01
p  14   20 13   16  99  1.00000E+00  1.41280E+01
f  14   21 13   16  99  1.00000E+00  1.40472E+01
p  14   21 13   16  99  1.00000E+00  1.40472E+01
f  14   22 13   16  99  1.00000E+00  1.40392E+01
p  14   22 13   16  99  1.00000E+00  1.40392E+01
f  14   23 13   16  99  1.00000E+00  1.40013E+01
p  14   23 13   16  99  1.00000E+00  1.40013E+01
f  14    2 13   17  99  8.00000E+00  1.44851E+01
p  14    2 13   17  98  1.71380E+00 -2.51950E+00 -1.13060E-01  9.47840E-03  8.00000E+00  1.32000E+03  1.37300E+03  2.64000E+04
f  14   17 13   17  99  4.00000E+00  1.45418E+01
p  14   17 13   17  98  1.01380E+00 -2.43370E+00 -7.91250E-02  2.71430E-03  4.00000E+00  4.37000E+02  4.54500E+02  8.74100E+03
f  14    3 13   18  99  8.00000E+00  1.40840E+01
p  14    3 13   18  98  1.71380E+00 -2.51950E+00 -1.13060E-01  9.47840E-03  8.00000E+00  1.32000E+03  1.37300E+03  2.64000E+04
f  14   18 13   18  99  4.00000E+00  1.41023E+01
p  14   18 13   18  98  1.01380E+00 -2.43370E+00 -7.91250E-02  2.71430E-03  4.00000E+00  4.37000E+02  4.54500E+02  8.74100E+03
f  14    4 13   19  99  8.00000E+00  1.41560E+01
p  14    4 13   19  98  1.71380E+00 -2.51950E+00 -1.13060E-01  9.47840E-03  8.00000E+00  1.32000E+03  1.37300E+03  2.64000E+04
f  14   19 13   19  99  4.00000E+00  1.41620E+01
p  14   19 13   19  98  1.01380E+00 -2.43370E+00 -7.91250E-02  2.71430E-03  4.00000E+00  4.37000E+02  4.54500E+02  8.74100E+03
f  14    5 13   20  99  8.00000E+00  1.41240E+01
p  14    5 13   20  98  1.71380E+00 -2.51950E+00 -1.13060E-01  9.47840E-03  8.00000E+00  1.32000E+03  1.37300E+03  2.64000E+04
f  14   20 13   20  99  4.00000E+00  1.41280E+01
p  14   20 13   20  98  1.01380E+00 -2.43370E+00 -7.91250E-02  2.71430E-03  4.00000E+00  4.37000E+02  4.54500E+02  8.74100E+03
f  14    6 13   21  99  8.00000E+00  1.40382E+01
p  14    6 13   21  98  1.71380E+00 -2.51950E+00 -1.13060E-01  9.47840E-03  8.00000E+00  1.32000E+03  1.37300E+03  2.64000E+04
f  14   21 13   21  99  4.00000E+00  1.40472E+01
p  14   21 13   21  98  1.01380E+00 -2.43370E+00 -7.91250E-02  2.71430E-03  4.00000E+00  4.37000E+02  4.54500E+02  8.74100E+03
f  14    7 13   22  99  8.00000E+00  1.40322E+01
p  14    7 13   22  98  1.71380E+00 -2.51950E+00 -1.13060E-01  9.47840E-03  8.00000E+00  1.32000E+03  1.37300E+03  2.64000E+04
f  14   22 13   22  99  4.00000E+00  1.40392E+01
p  14   22 13   22  98  1.01380E+00 -2.43370E+00 -7.91250E-02  2.71430E-03  4.00000E+00  4.37000E+02  4.54500E+02  8.74100E+03
f  14    8 13   23  99  8.00000E+00  1.40013E+01
p  14    8 13   23  98  1.71380E+00 -2.51950E+00 -1.13060E-01  9.47840E-03  8.00000E+00  1.32000E+03  1.37300E+03  2.64000E+04
f  14   23 13   23  99  4.00000E+00  1.40013E+01
p  14   23 13   23  98  1.01380E+00 -2.43370E+00 -7.91250E-02  2.71430E-03  4.00000E+00  4.37000E+02  4.54500E+02  8.74100E+03
f  14    1 13   24  99  2.00000E+00  1.67800E+01
p  14    1 13   24  98  2.08550E+00 -2.53140E+00 -1.87140E-01  2.14050E-02  2.00000E+00  8.10200E+03  8.42600E+03  1.62000E+05
f  14   24 13   24  99  5.00000E+00  1.74240E+01
p  14   24 13   24  98  1.01380E+00 -2.43370E+00 -7.91250E-02  2.71430E-03  4.00000E+00  4.37000E+02  4.54500E+02  8.74100E+03
f  14   25 13   24  99  1.00000E+00  1.45650E+01
p  14   25 13   24  99  1.00000E+00  1.45650E+01
f  14   26 13   24  99  1.00000E+00  1.41014E+01
p  14   26 13   24  99  1.00000E+00  1.41014E+01
f  14   27 13   24  99  1.00000E+00  1.41710E+01
p  14   27 13   24  99  1.00000E+00  1.41710E+01
f  14   28 13   24  99  1.00000E+00  1.41370E+01
p  14   28 13   24  99  1.00000E+00  1.41370E+01
f  14   29 13   24  99  1.00000E+00  1.40481E+01
p  14   29 13   24  99  1.00000E+00  1.40481E+01
f  14   30 13   24  99  1.00000E+00  1.40401E+01
p  14   30 13   24  99  1.00000E+00  1.40401E+01
f  14   31 13   24  99  1.00000E+00  1.40013E+01
p  14   31 13   24  99  1.00000E+00  1.40013E+01
f  14    2 13   25  99  2.00000E+00  1.44851E+01
p  14    2 13   25  98  2.08550E+00 -2.53140E+00 -1.87140E-01  2.14050E-02  2.00000E+00  8.10200E+03  8.42600E+03  1.62000E+05
f  14   25 13   25  99  4.00000E+00  1.45650E+01
p  14   25 13   25  98  1.01380E+00 -2.43370E+00 -7.91250E-02  2.71430E-03  4.00000E+00  4.37000E+02  4.54500E+02  8.74100E+03
f  14    3 13   26  99  2.00000E+00  1.40840E+01
p  14    3 13   26  98  2.08550E+00 -2.53140E+00 -1.87140E-01  2.14050E-02  2.00000E+00  8.10200E+03  8.42600E+03  1.62000E+05
f  14   26 13   26  99  4.00000E+00  1.41014E+01
p  14   26 13   26  98  1.01380E+00 -2.43370E+00 -7.91250E-02  2.71430E-03  4.00000E+00  4.37000E+02  4.54500E+02  8.74100E+03
f  14    4 13   27  99  2.00000E+00  1.41560E+01
p  14    4 13   27  98  2.08550E+00 -2.53140E+00 -1.87140E-01  2.14050E-02  2.00000E+00  8.10200E+03  8.42600E+03  1.62000E+05
f  14   27 13   27  99  4.00000E+00  1.41710E+01
p  14   27 13   27  98  1.01380E+00 -2.43370E+00 -7.91250E-02  2.71430E-03  4.00000E+00  4.37000E+02  4.54500E+02  8.74100E+03
f  14    5 13   28  99  2.00000E+00  1.41240E+01
p  14    5 13   28  98  2.08550E+00 -2.53140E+00 -1.87140E-01  2.14050E-02  2.00000E+00  8.10200E+03  8.42600E+03  1.62000E+05
f  14   28 13   28  99  4.00000E+00  1.41370E+01
p  14   28 13   28  98  1.01380E+00 -2.43370E+00 -7.91250E-02  2.71430E-03  4.00000E+00  4.37000E+02  4.54500E+02  8.74100E+03
f  14    6 13   29  99  2.00000E+00  1.40382E+01
p  14    6 13   29  98  2.08550E+00 -2.53140E+00 -1.87140E-01  2.14050E-02  2.00000E+00  8.10200E+03  8.42600E+03  1.62000E+05
f  14   29 13   29  99  4.00000E+00  1.40481E+01
p  14   29 13   29  98  1.01380E+00 -2.43370E+00 -7.91250E-02  2.71430E-03  4.00000E+00  4.37000E+02  4.54500E+02  8.74100E+03
f  14    7 13   30  99  2.00000E+00  1.40322E+01
p  14    7 13   30  98  2.08550E+00 -2.53140E+00 -1.87140E-01  2.14050E-02  2.00000E+00  8.10200E+03  8.42600E+03  1.62000E+05
f  14   30 13   30  99  4.00000E+00  1.40401E+01
p  14   30 13   30  98  1.01380E+00 -2.43370E+00 -7.91250E-02  2.71430E-03  4.00000E+00  4.37000E+02  4.54500E+02  8.74100E+03
f  14    8 13   31  99  2.00000E+00  1.40013E+01
p  14    8 13   31  98  2.08550E+00 -2.53140E+00 -1.87140E-01  2.14050E-02  2.00000E+00  8.10200E+03  8.42600E+03  1.62000E+05
f  14   31 13   31  99  4.00000E+00  1.40013E+01
p  14   31 13   31  98  1.01380E+00 -2.43370E+00 -7.91250E-02  2.71430E-03  4.00000E+00  4.37000E+02  4.54500E+02  8.74100E+03
a  14    9 13    1   1.38827E+14
a  14   10 13    1   5.10622E+13
a  14   11 13    1   1.98880E+13
a  14   12 13    1   9.20133E+12
a  14   13 13    1   4.71956E+12
a  14   14 13    1   2.61898E+12
a  14   15 13    1   1.54649E+12
a  14   16 13    1   1.63125E+14
a  14   17 13    1   1.02930E+13
a  14   18 13    1   3.14400E+12
a  14   19 13    1   1.23075E+12
a  14   20 13    1   5.69430E+11
a  14   21 13    1   2.92065E+11
a  14   22 13    1   1.62075E+11
a  14   23 13    1   9.57030E+10
a  14   24 13    1   2.06330E+12
a  14   25 13    1   1.43318E+11
a  14   26 13    1   4.30200E+10
a  14   27 13    1   1.64608E+10
a  14   28 13    1   7.61580E+09
a  14   29 13    1   3.90620E+09
a  14   30 13    1   2.16760E+09
a  14   31 13    1   1.28000E+09
a  14   17 13    2   9.78750E+13
a  14   25 13    2   1.23798E+12
a  14   18 13    3   9.78750E+13
a  14   26 13    3   1.23798E+12
a  14   19 13    4   9.78750E+13
a  14   27 13    4   1.23798E+12
a  14   20 13    5   9.78750E+13
a  14   28 13    5   1.23798E+12
a  14   21 13    6   9.78750E+13
a  14   29 13    6   1.23798E+12
a  14   22 13    7   9.78750E+13
a  14   30 13    7   1.23798E+12
a  14   23 13    8   9.78750E+13
a  14   31 13    8   1.23798E+12
a  14   24 13   16   9.79420E+13
a  14   25 13   16   3.63844E+12
a  14   26 13   16   1.09408E+12
a  14   27 13   16   4.18560E+11
a  14   28 13   16   1.93652E+11
a  14   29 13   16   9.93240E+10
a  14   30 13   16   5.51200E+10
a  14   31 13   16   3.25468E+10
a  14   25 13   17   7.83536E+13
a  14   26 13   18   7.83536E+13
a  14   27 13   19   7.83536E+13
a  14   28 13   20   7.83536E+13
a  14   29 13   21   7.83536E+13
a  14   30 13   22   7.83536E+13
a  14   31 13   23   7.83536E+13
b  15    1 15    2  99  9.54030E-02  1.07487E+00 -1.56514E+01  8.25843E+01  2.00000E+01  2.57000E+00  2.57000E+00
b  15    1 15    3  99  1.14975E-01  1.28775E+00 -1.98727E+01  1.39034E+02  2.00000E+01  6.84500E-01  6.84500E-01
b  15    2 15    3  99  2.51012E-01  8.83117E-02  1.44983E+00 -5.11797E-01  2.08332E+00  8.38000E-01  8.38000E-01
b  15    1 15    4  99  1.15438E-01  1.39669E+00 -1.19674E+01 -7.76377E+00  2.00000E+01  2.69350E-01  2.69350E-01
b  15    2 15    4  99  1.55297E-01  1.37066E+00 -1.92245E+01  2.01041E+02  2.00000E+01  1.59600E-01  1.59600E-01
b  15    3 15    4  99  2.44631E-01  2.01666E-01  1.26642E+00 -3.99940E-01  2.02081E+00  1.04000E+00  1.04000E+00
b  15    1 15    5  99  1.18663E-01  1.46235E+00 -1.17534E+01 -1.51366E+01  2.00000E+01  1.43200E-01  1.43200E-01
b  15    2 15    5  99  1.75359E-01  1.59593E+00 -2.05575E+01  2.21461E+02  2.00000E+01  6.34800E-02  6.34800E-02
b  15    3 15    5  99  3.05448E-01  5.44335E-01  1.64466E+00 -6.30734E-01  2.13917E+00  1.90400E-01  1.90400E-01
b  15    4 15    5  99  2.55975E-01  1.26327E-01  1.96985E+00 -9.70613E-01  2.75281E+00  1.28300E+00  1.28300E+00
b  15    1 15    6  99  1.24844E-01  1.52971E+00 -1.36732E+01  1.31186E+01  2.00000E+01  8.63500E-02  8.63500E-02
b  15    2 15    6  99  1.86743E-01  1.74757E+00 -2.12744E+01  2.31249E+02  2.00000E+01  3.28000E-02  3.28000E-02
b  15    3 15    6  99  3.34825E-01  8.04344E-01  1.75494E+00 -6.34946E-01  2.17954E+00  7.23000E-02  7.23000E-02
b  15    4 15    6  99  2.80420E-01  6.81439E-01  1.34222E+00 -4.31790E-01  2.08279E+00  2.18200E-01  2.18200E-01
b  15    5 15    6  99  2.59967E-01  8.41430E-02  2.53501E+00 -1.45475E+00  3.38055E+00  1.50900E+00  1.50900E+00
b  15    1 15    7  99  1.26907E-01  1.55725E+00 -1.35556E+01  1.11102E+01  2.00000E+01  5.65000E-02  5.65000E-02
b  15    2 15    7  99  1.91188E-01  1.86319E+00 -2.14985E+01  2.28469E+02  2.00000E+01  1.95600E-02  1.95600E-02
b  15    3 15    7  99  3.50382E-01  1.00475E+00  1.72610E+00 -6.01286E-01  2.10983E+00  3.66500E-02  3.66500E-02
b  15    4 15    7  99  3.13593E-01  1.00341E+00  1.48644E+00 -5.33458E-01  2.11448E+00  8.01100E-02  8.01100E-02
b  15    5 15    7  99  3.01607E-01  5.99527E-01  2.27416E+00 -1.15802E+00  2.96451E+00  2.46300E-01  2.46300E-01
b  15    6 15    7  99  2.46683E-01  1.28849E-01  2.33188E+00 -1.34421E+00  3.35250E+00  1.72500E+00  1.72500E+00
b  15    1 15    8  99  1.27738E-01  1.57862E+00 -1.32722E+01  5.04404E+00  2.00000E+01  3.91600E-02  3.91600E-02
b  15    2 15    8  99  1.60299E-01  2.00103E+00 -1.63589E+01  9.40640E+01  2.00000E+01  1.27600E-02  1.27600E-02
b  15    3 15    8  99  1.85367E-01  2.07290E+00 -1.68892E+01  1.69926E+02  2.00000E+01  2.16700E-02  2.16700E-02
b  15    4 15    8  99  3.48337E-01  1.19748E+00  1.84847E+00 -8.22027E-01  2.25736E+00  3.99000E-02  3.99000E-02
b  15    5 15    8  99  3.34315E-01  9.76920E-01  2.36508E+00 -1.16707E+00  2.95460E+00  8.82600E-02  8.82600E-02
b  15    6 15    8  99  3.04205E-01  5.81210E-01  2.74157E+00 -1.55625E+00  3.47905E+00  2.74300E-01  2.74300E-01
b  15    7 15    8  99  2.18047E-01  1.33622E-01  2.12321E+00 -3.26410E-01  4.04998E+00  2.11700E+00  2.11700E+00
b  15    1 15    9  98  0.00000E+00  0.00000E+00  0.00000E+00  0.00000E+00  0.00000E+00  2.97743E-02  5.95487E-04
b  15    2 15    9  99  9.54030E-02  1.07487E+00 -1.56514E+01  8.25843E+01  2.00000E+01  1.99175E+00  1.99175E+00
b  15    1 15   10  98  0.00000E+00  0.00000E+00  0.00000E+00  0.00000E+00  0.00000E+00  3.73660E-02  7.47320E-04
b  15    2 15   10  99  1.14975E-01  1.28775E+00 -1.98727E+01  1.39034E+02  2.00000E+01  5.47600E-01  5.47600E-01
b  15    3 15   10  99  9.54030E-02  1.07487E+00 -1.56514E+01  8.25843E+01  2.00000E+01  2.05600E+00  2.05600E+00
b  15    9 15   10  99  2.51012E-01  8.83117E-02  1.44983E+00 -5.11797E-01  2.08332E+00  1.67600E+00  1.67600E+00
b  15    1 15   11  98  0.00000E+00  0.00000E+00  0.00000E+00  0.00000E+00  0.00000E+00  4.84842E-02  9.69683E-04
b  15    2 15   11  99  1.15438E-01  1.39669E+00 -1.19674E+01 -7.76377E+00  2.00000E+01  2.15480E-01  2.15480E-01
b  15    4 15   11  99  9.54030E-02  1.07487E+00 -1.56514E+01  8.25843E+01  2.00000E+01  2.05600E+00  2.05600E+00
b  15    9 15   11  99  1.55297E-01  1.37066E+00 -1.92245E+01  2.01041E+02  2.00000E+01  3.19200E-01  3.19200E-01
b  15   10 15   11  99  2.44631E-01  2.01666E-01  1.26642E+00 -3.99940E-01  2.02081E+00  1.04000E+00  1.04000E+00
b  15    1 15   12  98  0.00000E+00  0.00000E+00  0.00000E+00  0.00000E+00  0.00000E+00  6.18774E-02  1.23755E-03
b  15    2 15   12  99  1.18663E-01  1.46235E+00 -1.17534E+01 -1.51366E+01  2.00000E+01  1.14560E-01  1.14560E-01
b  15    5 15   12  99  9.54030E-02  1.07487E+00 -1.56514E+01  8.25843E+01  2.00000E+01  2.05600E+00  2.05600E+00
b  15    9 15   12  99  1.75359E-01  1.59593E+00 -2.05575E+01  2.21461E+02  2.00000E+01  1.26960E-01  1.26960E-01
b  15   10 15   12  99  3.05448E-01  5.44335E-01  1.64466E+00 -6.30734E-01  2.13917E+00  1.90400E-01  1.90400E-01
b  15   11 15   12  99  2.55975E-01  1.26327E-01  1.96985E+00 -9.70613E-01  2.75281E+00  1.28300E+00  1.28300E+00
b  15    1 15   13  98  0.00000E+00  0.00000E+00  0.00000E+00  0.00000E+00  0.00000E+00  7.75059E-02  1.55012E-03
b  15    2 15   13  99  1.24844E-01  1.52971E+00 -1.36732E+01  1.31186E+01  2.00000E+01  6.90800E-02  6.90800E-02
b  15    6 15   13  99  9.54030E-02  1.07487E+00 -1.56514E+01  8.25843E+01  2.00000E+01  2.05600E+00  2.05600E+00
b  15    9 15   13  99  1.86743E-01  1.74757E+00 -2.12744E+01  2.31249E+02  2.00000E+01  6.56000E-02  6.56000E-02
b  15   10 15   13  99  3.34825E-01  8.04344E-01  1.75494E+00 -6.34946E-01  2.17954E+00  7.23000E-02  7.23000E-02
b  15   11 15   13  99  2.80420E-01  6.81439E-01  1.34222E+00 -4.31790E-01  2.08279E+00  2.18200E-01  2.18200E-01
b  15   12 15   13  99  2.59967E-01  8.41430E-02  2.53501E+00 -1.45475E+00  3.38055E+00  1.50900E+00  1.50900E+00
b  15    1 15   14  98  0.00000E+00  0.00000E+00  0.00000E+00  0.00000E+00  0.00000E+00  9.54963E-02  1.90993E-03
b  15    2 15   14  99  1.26907E-01  1.55725E+00 -1.35556E+01  1.11102E+01  2.00000E+01  4.52000E-02  4.52000E-02
b  15    7 15   14  99  9.54030E-02  1.07487E+00 -1.56514E+01  8.25843E+01  2.00000E+01  2.05600E+00  2.05600E+00
b  15    9 15   14  99  1.91188E-01  1.86319E+00 -2.14985E+01  2.28469E+02  2.00000E+01  3.91200E-02  3.91200E-02
b  15   10 15   14  99  3.50382E-01  1.00475E+00  1.72610E+00 -6.01286E-01  2.10983E+00  3.66500E-02  3.66500E-02
b  15   11 15   14  99  3.13593E-01  1.00341E+00  1.48644E+00 -5.33458E-01  2.11448E+00  8.01100E-02  8.01100E-02
b  15   12 15   14  99  3.01607E-01  5.99527E-01  2.27416E+00 -1.15802E+00  2.96451E+00  2.46300E-01  2.46300E-01
b  15   13 15   14  99  2.46683E-01  1.28849E-01  2.33188E+00 -1.34421E+00  3.35250E+00  1.72500E+00  1.72500E+00
b  15    1 15   15  98  0.00000E+00  0.00000E+00  0.00000E+00  0.00000E+00  0.00000E+00  1.15628E-01  2.31256E-03
b  15    2 15   15  99  1.27738E-01  1.57862E+00 -1.32722E+01  5.04404E+00  2.00000E+01  3.13280E-02  3.13280E-02
b  15    8 15   15  99  9.54030E-02  1.07487E+00 -1.56514E+01  8.25843E+01  2.00000E+01  2.05600E+00  2.05600E+00
b  15    9 15   15  99  1.60299E-01  2.00103E+00 -1.63589E+01  9.40640E+01  2.00000E+01  2.55200E-02  2.55200E-02
b  15   10 15   15  99  1.85367E-01  2.07290E+00 -1.68892E+01  1.69926E+02  2.00000E+01  2.16700E-02  2.16700E-02
b  15   11 15   15  99  3.48337E-01  1.19748E+00  1.84847E+00 -8.22027E-01  2.25736E+00  3.99000E-02  3.99000E-02
b  15   12 15   15  99  3.34315E-01  9.76920E-01  2.36508E+00 -1.16707E+00  2.95460E+00  8.82600E-02  8.82600E-02
b  15   13 15   15  99  3.04205E-01  5.81210E-01  2.74157E+00 -1.55625E+00  3.47905E+00  2.74300E-01  2.74300E-01
b  15   14 15   15  99  2.18047E-01  1.33622E-01  2.12321E+00 -3.26410E-01  4.04998E+00  2.11700E+00  2.11700E+00
b  15    1 15   16  99  1.08309E-01  1.87390E+00 -5.46910E+01  4.89753E+02  2.00000E+01  2.06613E+00  2.06613E+00
b  15    1 15   17  99  9.70974E-02  1.85837E+00 -4.42483E+01  3.03335E+02  2.00000E+01  6.58640E-01  6.58640E-01
b  15    2 15   17  99  1.08309E-01  1.87390E+00 -5.46910E+01  4.89753E+02  2.00000E+01  2.22507E+00  2.22507E+00
b  15   16 15   17  99  9.54030E-02  1.07487E+00 -1.56514E+01  8.25843E+01  2.00000E+01  3.08400E+00  3.08400E+00
b  15    1 15   18  99  1.43861E-01  1.21711E+00 -1.32296E+01  5.82215E+01  7.69392E+00  2.79120E-01  2.79120E-01
b  15    3 15   18  99  1.08309E-01  1.87390E+00 -5.46910E+01  4.89753E+02  2.00000E+01  2.22507E+00  2.22507E+00
b  15   16 15   18  99  1.14975E-01  1.28775E+00 -1.98727E+01  1.39034E+02  2.00000E+01  8.21400E-01  8.21400E-01
b  15   17 15   18  99  2.51012E-01  8.83117E-02  1.44983E+00 -5.11797E-01  2.08332E+00  8.38000E-01  8.38000E-01
b  15    1 15   19  99  2.15765E-01  9.64943E-01 -8.20788E+00  3.34639E+01  5.35145E+00  1.38320E-01  1.38320E-01
b  15    4 15   19  99  1.08309E-01  1.87390E+00 -5.46910E+01  4.89753E+02  2.00000E+01  2.22507E+00  2.22507E+00
b  15   16 15   19  99  1.15438E-01  1.39669E+00 -1.19674E+01 -7.76377E+00  2.00000E+01  3.23220E-01  3.23220E-01
b  15   17 15   19  99  1.55297E-01  1.37066E+00 -1.92245E+01  2.01041E+02  2.00000E+01  1.59600E-01  1.59600E-01
b  15   18 15   19  99  2.44631E-01  2.01666E-01  1.26642E+00 -3.99940E-01  2.02081E+00  1.04000E+00  1.04000E+00
b  15    1 15   20  99  3.15011E-01  5.50107E-01 -4.33271E+00  2.09221E+01  4.09325E+00  8.21600E-02  8.21600E-02
b  15    5 15   20  99  1.08309E-01  1.87390E+00 -5.46910E+01  4.89753E+02  2.00000E+01  2.22507E+00  2.22507E+00
b  15   16 15   20  99  1.18663E-01  1.46235E+00 -1.17534E+01 -1.51366E+01  2.00000E+01  1.71840E-01  1.71840E-01
b  15   17 15   20  99  1.75359E-01  1.59593E+00 -2.05575E+01  2.21461E+02  2.00000E+01  6.34800E-02  6.34800E-02
b  15   18 15   20  99  3.05448E-01  5.44335E-01  1.64466E+00 -6.30734E-01  2.13917E+00  1.90400E-01  1.90400E-01
b  15   19 15   20  99  2.55975E-01  1.26327E-01  1.96985E+00 -9.70613E-01  2.75281E+00  1.28300E+00  1.28300E+00
b  15    1 15   21  99  3.14514E-01  5.53846E-01 -4.31803E+00  2.08055E+01  4.08737E+00  5.29280E-02  5.29280E-02
b  15    6 15   21  99  1.08309E-01  1.87390E+00 -5.46910E+01  4.89753E+02  2.00000E+01  2.22507E+00  2.22507E+00
b  15   16 15   21  99  1.24844E-01  1.52971E+00 -1.36732E+01  1.31186E+01  2.00000E+01  1.03620E-01  1.03620E-01
b  15   17 15   21  99  1.86743E-01  1.74757E+00 -2.12744E+01  2.31249E+02  2.00000E+01  3.28000E-02  3.28000E-02
b  15   18 15   21  99  3.34825E-01  8.04344E-01  1.75494E+00 -6.34946E-01  2.17954E+00  7.23000E-02  7.23000E-02
b  15   19 15   21  99  2.80420E-01  6.81439E-01  1.34222E+00 -4.31790E-01  2.08279E+00  2.18200E-01  2.18200E-01
b  15   20 15   21  99  2.59967E-01  8.41430E-02  2.53501E+00 -1.45475E+00  3.38055E+00  1.50900E+00  1.50900E+00
b  15    1 15   22  99  3.12716E-01  5.60552E-01 -4.31431E+00  2.06489E+01  4.08248E+00  3.61440E-02  3.61440E-02
b  15    7 15   22  99  1.08309E-01  1.87390E+00 -5.46910E+01  4.89753E+02  2.00000E+01  2.22507E+00  2.22507E+00
b  15   16 15   22  99  1.26907E-01  1.55725E+00 -1.35556E+01  1.11102E+01  2.00000E+01  6.78000E-02  6.78000E-02
b  15   17 15   22  99  1.91188E-01  1.86319E+00 -2.14985E+01  2.28469E+02  2.00000E+01  1.95600E-02  1.95600E-02
b  15   18 15   22  99  3.50382E-01  1.00475E+00  1.72610E+00 -6.01286E-01  2.10983E+00  3.66500E-02  3.66500E-02
b  15   19 15   22  99  3.13593E-01  1.00341E+00  1.48644E+00 -5.33458E-01  2.11448E+00  8.01100E-02  8.01100E-02
b  15   20 15   22  99  3.01607E-01  5.99527E-01  2.27416E+00 -1.15802E+00  2.96451E+00  2.46300E-01  2.46300E-01
b  15   21 15   22  99  2.46683E-01  1.28849E-01  2.33188E+00 -1.34421E+00  3.35250E+00  1.72500E+00  1.72500E+00
b  15    1 15   23  99  3.12415E-01  5.56717E-01 -4.17804E+00  1.99015E+01  4.02982E+00  2.57840E-02  2.57840E-02
b  15    8 15   23  99  1.08309E-01  1.87390E+00 -5.46910E+01  4.89753E+02  2.00000E+01  2.22507E+00  2.22507E+00
b  15   16 15   23  99  1.27738E-01  1.57862E+00 -1.32722E+01  5.04404E+00  2.00000E+01  4.69920E-02  4.69920E-02
b  15   17 15   23  99  1.60299E-01  2.00103E+00 -1.63589E+01  9.40640E+01  2.00000E+01  1.27600E-02  1.27600E-02
b  15   18 15   23  99  1.85367E-01  2.07290E+00 -1.68892E+01  1.69926E+02  2.00000E+01  2.16700E-02  2.16700E-02
b  15   19 15   23  99  3.48337E-01  1.19748E+00  1.84847E+00 -8.22027E-01  2.25736E+00  3.99000E-02  3.99000E-02
b  15   20 15   23  99  3.34315E-01  9.76920E-01  2.36508E+00 -1.16707E+00  2.95460E+00  8.82600E-02  8.82600E-02
b  15   21 15   23  99  3.04205E-01  5.81210E-01  2.74157E+00 -1.55625E+00  3.47905E+00  2.74300E-01  2.74300E-01
b  15   22 15   23  99  2.18047E-01  1.33622E-01  2.12321E+00 -3.26410E-01  4.04998E+00  2.11700E+00  2.11700E+00
b  15    1 15   24  99  1.32758E-01  1.72562E+00 -2.25843E+01  8.78887E+01  7.67973E+00  6.31944E-02  6.31944E-02
b  15   16 15   24  99  2.09982E-01  1.05308E+00 -1.36394E+01  5.49052E+01  5.70637E+00  7.62000E-02  7.62000E-02
b  15    1 15   25  99  1.18179E-01  1.88117E+00 -2.48104E+01  9.46637E+01  8.25004E+00  2.64400E-02  2.64400E-02
b  15    2 15   25  99  1.32758E-01  1.72562E+00 -2.25843E+01  8.78887E+01  7.67973E+00  6.80556E-02  6.80556E-02
b  15   17 15   25  99  2.09982E-01  1.05308E+00 -1.36394E+01  5.49052E+01  5.70637E+00  7.62000E-02  7.62000E-02
b  15   24 15   25  99  9.54030E-02  1.07487E+00 -1.56514E+01  8.25843E+01  2.00000E+01  3.08400E+00  3.08400E+00
b  15    1 15   26  99  1.06422E-01  1.99162E+00 -2.74197E+01  1.05847E+02  9.00650E+00  1.21460E-02  1.21460E-02
b  15    3 15   26  99  1.32758E-01  1.72562E+00 -2.25843E+01  8.78887E+01  7.67973E+00  6.80556E-02  6.80556E-02
b  15   18 15   26  99  2.09982E-01  1.05308E+00 -1.36394E+01  5.49052E+01  5.70637E+00  7.62000E-02  7.62000E-02
b  15   24 15   26  99  1.14975E-01  1.28775E+00 -1.98727E+01  1.39034E+02  2.00000E+01  8.21400E-01  8.21400E-01
b  15   25 15   26  99  2.51012E-01  8.83117E-02  1.44983E+00 -5.11797E-01  2.08332E+00  8.38000E-01  8.38000E-01
b  15    1 15   27  99  1.07552E-01  2.12663E+00 -2.95231E+01  1.13623E+02  9.14156E+00  6.33000E-03  6.33000E-03
b  15    4 15   27  99  1.32758E-01  1.72562E+00 -2.25843E+01  8.78887E+01  7.67973E+00  6.80556E-02  6.80556E-02
b  15   19 15   27  99  2.09982E-01  1.05308E+00 -1.36394E+01  5.49052E+01  5.70637E+00  7.62000E-02  7.62000E-02
b  15   24 15   27  99  1.15438E-01  1.39669E+00 -1.19674E+01 -7.76377E+00  2.00000E+01  3.23220E-01  3.23220E-01
b  15   25 15   27  99  1.55297E-01  1.37066E+00 -1.92245E+01  2.01041E+02  2.00000E+01  1.59600E-01  1.59600E-01
b  15   26 15   27  99  2.44631E-01  2.01666E-01  1.26642E+00 -3.99940E-01  2.02081E+00  1.04000E+00  1.04000E+00
b  15    1 15   28  99  1.04191E-01  2.12691E+00 -2.97996E+01  1.14850E+02  9.31858E+00  3.83000E-03  3.83000E-03
b  15    5 15   28  99  1.32758E-01  1.72562E+00 -2.25843E+01  8.78887E+01  7.67973E+00  6.80556E-02  6.80556E-02
b  15   20 15   28  99  2.09982E-01  1.05308E+00 -1.36394E+01  5.49052E+01  5.70637E+00  7.62000E-02  7.62000E-02
b  15   24 15   28  99  1.18663E-01  1.46235E+00 -1.17534E+01 -1.51366E+01  2.00000E+01  1.71840E-01  1.71840E-01
b  15   25 15   28  99  1.75359E-01  1.59593E+00 -2.05575E+01  2.21461E+02  2.00000E+01  6.34800E-02  6.34800E-02
b  15   26 15   28  99  3.05448E-01  5.44335E-01  1.64466E+00 -6.30734E-01  2.13917E+00  1.90400E-01  1.90400E-01
b  15   27 15   28  99  2.55975E-01  1.26327E-01  1.96985E+00 -9.70613E-01  2.75281E+00  1.28300E+00  1.28300E+00
b  15    1 15   29  99  9.95402E-02  2.16011E+00 -3.10293E+01  1.20774E+02  9.71230E+00  2.49200E-03  2.49200E-03
b  15    6 15   29  99  1.32758E-01  1.72562E+00 -2.25843E+01  8.78887E+01  7.67973E+00  6.80556E-02  6.80556E-02
b  15   21 15   29  99  2.09982E-01  1.05308E+00 -1.36394E+01  5.49052E+01  5.70637E+00  7.62000E-02  7.62000E-02
b  15   24 15   29  99  1.24844E-01  1.52971E+00 -1.36732E+01  1.31186E+01  2.00000E+01  1.03620E-01  1.03620E-01
b  15   25 15   29  99  1.86743E-01  1.74757E+00 -2.12744E+01  2.31249E+02  2.00000E+01  3.28000E-02  3.28000E-02
b  15   26 15   29  99  3.34825E-01  8.04344E-01  1.75494E+00 -6.34946E-01  2.17954E+00  7.23000E-02  7.23000E-02
b  15   27 15   29  99  2.80420E-01  6.81439E-01  1.34222E+00 -4.31790E-01  2.08279E+00  2.18200E-01  2.18200E-01
b  15   28 15   29  99  2.59967E-01  8.41430E-02  2.53501E+00 -1.45475E+00  3.38055E+00  1.50900E+00  1.50900E+00
b  15    1 15   30  99  1.02400E-01  2.11104E+00 -2.96337E+01  1.14139E+02  9.36707E+00  1.71240E-03  1.71240E-03
b  15    7 15   30  99  1.32758E-01  1.72562E+00 -2.25843E+01  8.78887E+01  7.67973E+00  6.80556E-02  6.80556E-02
b  15   22 15   30  99  2.09982E-01  1.05308E+00 -1.36394E+01  5.49052E+01  5.70637E+00  7.62000E-02  7.62000E-02
b  15   24 15   30  99  1.26907E-01  1.55725E+00 -1.35556E+01  1.11102E+01  2.00000E+01  6.78000E-02  6.78000E-02
b  15   25 15   30  99  1.91188E-01  1.86319E+00 -2.14985E+01  2.28469E+02  2.00000E+01  1.95600E-02  1.95600E-02
b  15   26 15   30  99  3.50382E-01  1.00475E+00  1.72610E+00 -6.01286E-01  2.10983E+00  3.66500E-02  3.66500E-02
b  15   27 15   30  99  3.13593E-01  1.00341E+00  1.48644E+00 -5.33458E-01  2.11448E+00  8.01100E-02  8.01100E-02
b  15   28 15   30  99  3.01607E-01  5.99527E-01  2.27416E+00 -1.15802E+00  2.96451E+00  2.46300E-01  2.46300E-01
b  15   29 15   30  99  2.46683E-01  1.28849E-01  2.33188E+00 -1.34421E+00  3.35250E+00  1.72500E+00  1.72500E+00
b  15    1 15   31  99  9.80426E-02  2.14686E+00 -3.08239E+01  1.19629E+02  9.73768E+00  1.22560E-03  1.22560E-03
b  15    8 15   31  99  1.32758E-01  1.72562E+00 -2.25843E+01  8.78887E+01  7.67973E+00  6.80556E-02  6.80556E-02
b  15   23 15   31  99  2.09982E-01  1.05308E+00 -1.36394E+01  5.49052E+01  5.70637E+00  7.62000E-02  7.62000E-02
b  15   24 15   31  99  1.27738E-01  1.57862E+00 -1.32722E+01  5.04404E+00  2.00000E+01  4.69920E-02  4.69920E-02
b  15   25 15   31  99  1.60299E-01  2.00103E+00 -1.63589E+01  9.40640E+01  2.00000E+01  1.27600E-02  1.27600E-02
b  15   26 15   31  99  1.85367E-01  2.07290E+00 -1.68892E+01  1.69926E+02  2.00000E+01  2.16700E-02  2.16700E-02
b  15   27 15   31  99  3.48337E-01  1.19748E+00  1.84847E+00 -8.22027E-01  2.25736E+00  3.99000E-02  3.99000E-02
b  15   28 15   31  99  3.34315E-01  9.76920E-01  2.36508E+00 -1.16707E+00  2.95460E+00  8.82600E-02  8.82600E-02
b  15   29 15   31  99  3.04205E-01  5.81210E-01  2.74157E+00 -1.55625E+00  3.47905E+00  2.74300E-01  2.74300E-01
b  15   30 15   31  99  2.18047E-01  1.33622E-01  2.12321E+00 -3.26410E-01  4.04998E+00  2.11700E+00  2.11700E+00
f  15    1 14    1  99  5.00000E+00  1.64400E+01
p  15    1 14    1  98  1.06410E+00 -2.40370E+00 -8.27400E-02  2.82620E-03  5.00000E+00  4.03600E+02  4.19700E+02  8.07100E+03
f  15    2 14    1  99  1.00000E+00  1.35696E+01
p  15    2 14    1  99  1.00000E+00  1.35696E+01
f  15    3 14    1  99  1.00000E+00  1.31044E+01
p  15    3 14    1  99  1.00000E+00  1.31044E+01
f  15    4 14    1  99  1.00000E+00  1.31740E+01
p  15    4 14    1  99  1.00000E+00  1.31740E+01
f  15    5 14    1  99  1.00000E+00  1.31380E+01
p  15    5 14    1  99  1.00000E+00  1.31380E+01
f  15    6 14    1  99  1.00000E+00  1.30482E+01
p  15    6 14    1  99  1.00000E+00  1.30482E+01
f  15    7 14    1  99  1.00000E+00  1.30402E+01
p  15    7 14    1  99  1.00000E+00  1.30402E+01
f  15    8 14    1  99  1.00000E+00  1.30014E+01
p  15    8 14    1  99  1.00000E+00  1.30014E+01
f  15    2 14    2  99  4.00000E+00  1.35696E+01
p  15    2 14    2  98  1.06410E+00 -2.40370E+00 -8.27400E-02  2.82620E-03  5.00000E+00  4.03600E+02  4.19700E+02  8.07100E+03
f  15    9 14    2  99  2.00000E+00  1.41301E+01
p  15    9 14    2  99  2.00000E+00  1.41301E+01
f  15   10 14    2  99  1.00000E+00  1.31640E+01
p  15   10 14    2  99  1.00000E+00  1.31640E+01
f  15   11 14    2  99  1.00000E+00  1.31960E+01
p  15   11 14    2  99  1.00000E+00  1.31960E+01
f  15   12 14    2  99  1.00000E+00  1.31490E+01
p  15   12 14    2  99  1.00000E+00  1.31490E+01
f  15   13 14    2  99  1.00000E+00  1.30552E+01
p  15   13 14    2  99  1.00000E+00  1.30552E+01
f  15   14 14    2  99  1.00000E+00  1.30462E+01
p  15   14 14    2  99  1.00000E+00  1.30462E+01
f  15   15 14    2  99  1.00000E+00  1.30113E+01
p  15   15 14    2  99  1.00000E+00  1.30113E+01
f  15    3 14    3  99  4.00000E+00  1.31044E+01
p  15    3 14    3  98  1.06410E+00 -2.40370E+00 -8.27400E-02  2.82620E-03  5.00000E+00  4.03600E+02  4.19700E+02  8.07100E+03
f  15   10 14    3  99  1.00000E+00  1.31640E+01
p  15   10 14    3  99  1.00000E+00  1.31640E+01
f  15    4 14    4  99  4.00000E+00  1.31740E+01
p  15    4 14    4  98  1.06410E+00 -2.40370E+00 -8.27400E-02  2.82620E-03  5.00000E+00  4.03600E+02  4.19700E+02  8.07100E+03
f  15   11 14    4  99  1.00000E+00  1.31960E+01
p  15   11 14    4  99  1.00000E+00  1.31960E+01
f  15    5 14    5  99  4.00000E+00  1.31380E+01
p  15    5 14    5  98  1.06410E+00 -2.40370E+00 -8.27400E-02  2.82620E-03  5.00000E+00  4.03600E+02  4.19700E+02  8.07100E+03
f  15   12 14    5  99  1.00000E+00  1.31490E+01
p  15   12 14    5  99  1.00000E+00  1.31490E+01
f  15    6 14    6  99  4.00000E+00  1.30482E+01
p  15    6 14    6  98  1.06410E+00 -2.40370E+00 -8.27400E-02  2.82620E-03  5.00000E+00  4.03600E+02  4.19700E+02  8.07100E+03
f  15   13 14    6  99  1.00000E+00  1.30552E+01
p  15   13 14    6  99  1.00000E+00  1.30552E+01
f  15    7 14    7  99  4.00000E+00  1.30402E+01
p  15    7 14    7  98  1.06410E+00 -2.40370E+00 -8.27400E-02  2.82620E-03  5.00000E+00  4.03600E+02  4.19700E+02  8.07100E+03
f  15   14 14    7  99  1.00000E+00  1.30462E+01
p  15   14 14    7  99  1.00000E+00  1.30462E+01
f  15    8 14    8  99  4.00000E+00  1.30014E+01
p  15    8 14    8  98  1.06410E+00 -2.40370E+00 -8.27400E-02  2.82620E-03  5.00000E+00  4.03600E+02  4.19700E+02  8.07100E+03
f  15   15 14    8  99  1.00000E+00  1.30113E+01
p  15   15 14    8  99  1.00000E+00  1.30113E+01
f  15    9 14    9  99  3.00000E+00  1.41301E+01
p  15    9 14    9  98  1.06410E+00 -2.40370E+00 -8.27400E-02  2.82620E-03  5.00000E+00  4.03600E+02  4.19700E+02  8.07100E+03
f  15   10 14   10  99  3.00000E+00  1.31640E+01
p  15   10 14   10  98  1.06410E+00 -2.40370E+00 -8.27400E-02  2.82620E-03  5.00000E+00  4.03600E+02  4.19700E+02  8.07100E+03
f  15   11 14   11  99  3.00000E+00  1.31960E+01
p  15   11 14   11  98  1.06410E+00 -2.40370E+00 -8.27400E-02  2.82620E-03  5.00000E+00  4.03600E+02  4.19700E+02  8.07100E+03
f  15   12 14   12  99  3.00000E+00  1.31490E+01
p  15   12 14   12  98  1.06410E+00 -2.40370E+00 -8.27400E-02  2.82620E-03  5.00000E+00  4.03600E+02  4.19700E+02  8.07100E+03
f  15   13 14   13  99  3.00000E+00  1.30552E+01
p  15   13 14   13  98  1.06410E+00 -2.40370E+00 -8.27400E-02  2.82620E-03  5.00000E+00  4.03600E+02  4.19700E+02  8.07100E+03
f  15   14 14   14  99  3.00000E+00  1.30462E+01
p  15   14 14   14  98  1.06410E+00 -2.40370E+00 -8.27400E-02  2.82620E-03  5.00000E+00  4.03600E+02  4.19700E+02  8.07100E+03
f  15   15 14   15  99  3.00000E+00  1.30113E+01
p  15   15 14   15  98  1.06410E+00 -2.40370E+00 -8.27400E-02  2.82620E-03  5.00000E+00  4.03600E+02  4.19700E+02  8.07100E+03
f  15    1 14   16  99  8.00000E+00  1.64400E+01
p  15    1 14   16  98  1.75940E+00 -2.50770E+00 -1.16610E-01  9.98470E-03  8.00000E+00  1.27600E+03  1.32700E+03  2.55300E+04
f  15   16 14   16  99  6.00000E+00  1.70040E+01
p  15   16 14   16  98  1.06410E+00 -2.40370E+00 -8.27400E-02  2.82620E-03  5.00000E+00  4.03600E+02  4.19700E+02  8.07100E+03
f  15   17 14   16  99  1.00000E+00  1.36263E+01
p  15   17 14   16  99  1.00000E+00  1.36263E+01
f  15   18 14   16  99  1.00000E+00  1.31227E+01
p  15   18 14   16  99  1.00000E+00  1.31227E+01
f  15   19 14   16  99  1.00000E+00  1.31800E+01
p  15   19 14   16  99  1.00000E+00  1.31800E+01
f  15   20 14   16  99  1.00000E+00  1.31420E+01
p  15   20 14   16  99  1.00000E+00  1.31420E+01
f  15   21 14   16  99  1.00000E+00  1.30572E+01
p  15   21 14   16  99  1.00000E+00  1.30572E+01
f  15   22 14   16  99  1.00000E+00  1.30472E+01
p  15   22 14   16  99  1.00000E+00  1.30472E+01
f  15   23 14   16  99  1.00000E+00  1.30014E+01
p  15   23 14   16  99  1.00000E+00  1.30014E+01
f  15    2 14   17  99  8.00000E+00  1.35696E+01
p  15    2 14   17  98  1.75940E+00 -2.50770E+00 -1.16610E-01  9.98470E-03  8.00000E+00  1.27600E+03  1.32700E+03  2.55300E+04
f  15   17 14   17  99  5.00000E+00  1.36263E+01
p  15   17 14   17  98  1.06410E+00 -2.40370E+00 -8.27400E-02  2.82620E-03  5.00000E+00  4.03600E+02  4.19700E+02  8.07100E+03
f  15    3 14   18  99  8.00000E+00  1.31044E+01
p  15    3 14   18  98  1.75940E+00 -2.50770E+00 -1.16610E-01  9.98470E-03  8.00000E+00  1.27600E+03  1.32700E+03  2.55300E+04
f  15   18 14   18  99  5.00000E+00  1.31227E+01
p  15   18 14   18  98  1.06410E+00 -2.40370E+00 -8.27400E-02  2.82620E-03  5.00000E+00  4.03600E+02  4.19700E+02  8.07100E+03
f  15    4 14   19  99  8.00000E+00  1.31740E+01
p  15    4 14   19  98  1.75940E+00 -2.50770E+00 -1.16610E-01  9.98470E-03  8.00000E+00  1.27600E+03  1.32700E+03  2.55300E+04
f  15   19 14   19  99  5.00000E+00  1.31800E+01
p  15   19 14   19  98  1.06410E+00 -2.40370E+00 -8.27400E-02  2.82620E-03  5.00000E+00  4.03600E+02  4.19700E+02  8.07100E+03
f  15    5 14   20  99  8.00000E+00  1.31380E+01
p  15    5 14   20  98  1.75940E+00 -2.50770E+00 -1.16610E-01  9.98470E-03  8.00000E+00  1.27600E+03  1.32700E+03  2.55300E+04
f  15   20 14   20  99  5.00000E+00  1.31420E+01
p  15   20 14   20  98  1.06410E+00 -2.40370E+00 -8.27400E-02  2.82620E-03  5.00000E+00  4.03600E+02  4.19700E+02  8.07100E+03
f  15    6 14   21  99  8.00000E+00  1.30482E+01
p  15    6 14   21  98  1.75940E+00 -2.50770E+00 -1.16610E-01  9.98470E-03  8.00000E+00  1.27600E+03  1.32700E+03  2.55300E+04
f  15   21 14   21  99  5.00000E+00  1.30572E+01
p  15   21 14   21  98  1.06410E+00 -2.40370E+00 -8.27400E-02  2.82620E-03  5.00000E+00  4.03600E+02  4.19700E+02  8.07100E+03
f  15    7 14   22  99  8.00000E+00  1.30402E+01
p  15    7 14   22  98  1.75940E+00 -2.50770E+00 -1.16610E-01  9.98470E-03  8.00000E+00  1.27600E+03  1.32700E+03  2.55300E+04
f  15   22 14   22  99  5.00000E+00  1.30472E+01
p  15   22 14   22  98  1.06410E+00 -2.40370E+00 -8.27400E-02  2.82620E-03  5.00000E+00  4.03600E+02  4.19700E+02  8.07100E+03
f  15    8 14   23  99  8.00000E+00  1.30014E+01
p  15    8 14   23  98  1.75940E+00 -2.50770E+00 -1.16610E-01  9.98470E-03  8.00000E+00  1.27600E+03  1.32700E+03  2.55300E+04
f  15   23 14   23  99  5.00000E+00  1.30014E+01
p  15   23 14   23  98  1.06410E+00 -2.40370E+00 -8.27400E-02  2.82620E-03  5.00000E+00  4.03600E+02  4.19700E+02  8.07100E+03
f  15    1 14   24  99  2.00000E+00  1.64400E+01
p  15    1 14   24  98  2.09540E+00 -2.53220E+00 -1.85530E-01  2.10260E-02  2.00000E+00  8.05500E+03  8.37700E+03  1.61100E+05
f  15   24 14   24  99  6.00000E+00  1.70840E+01
p  15   24 14   24  98  1.06410E+00 -2.40370E+00 -8.27400E-02  2.82620E-03  5.00000E+00  4.03600E+02  4.19700E+02  8.07100E+03
f  15   25 14   24  99  1.00000E+00  1.36495E+01
p  15   25 14   24  99  1.00000E+00  1.36495E+01
f  15   26 14   24  99  1.00000E+00  1.31218E+01
p  15   26 14   24  99  1.00000E+00  1.31218E+01
f  15   27 14   24  99  1.00000E+00  1.31890E+01
p  15   27 14   24  99  1.00000E+00  1.31890E+01
f  15   28 14   24  99  1.00000E+00  1.31510E+01
p  15   28 14   24  99  1.00000E+00  1.31510E+01
f  15   29 14   24  99  1.00000E+00  1.30581E+01
p  15   29 14   24  99  1.00000E+00  1.30581E+01
f  15   30 14   24  99  1.00000E+00  1.30481E+01
p  15   30 14   24  99  1.00000E+00  1.30481E+01
f  15   31 14   24  99  1.00000E+00  1.30014E+01
p  15   31 14   24  99  1.00000E+00  1.30014E+01
f  15    2 14   25  99  2.00000E+00  1.35696E+01
p  15    2 14   25  98  2.09540E+00 -2.53220E+00 -1.85530E-01  2.10260E-02  2.00000E+00  8.05500E+03  8.37700E+03  1.61100E+05
f  15   25 14   25  99  5.00000E+00  1.36495E+01
p  15   25 14   25  98  1.06410E+00 -2.40370E+00 -8.27400E-02  2.82620E-03  5.00000E+00  4.03600E+02  4.19700E+02  8.07100E+03
f  15    3 14   26  99  2.00000E+00  1.31044E+01
p  15    3 14   26  98  2.09540E+00 -2.53220E+00 -1.85530E-01  2.10260E-02  2.00000E+00  8.05500E+03  8.37700E+03  1.61100E+05
f  15   26 14   26  99  5.00000E+00  1.31218E+01
p  15   26 14   26  98  1.06410E+00 -2.40370E+00 -8.27400E-02  2.82620E-03  5.00000E+00  4.03600E+02  4.19700E+02  8.07100E+03
f  15    4 14   27  99  2.00000E+00  1.31740E+01
p  15    4 14   27  98  2.09540E+00 -2.53220E+00 -1.85530E-01  2.10260E-02  2.00000E+00  8.05500E+03  8.37700E+03  1.61100E+05
f  15   27 14   27  99  5.00000E+00  1.31890E+01
p  15   27 14   27  98  1.06410E+00 -2.40370E+00 -8.27400E-02  2.82620E-03  5.00000E+00  4.03600E+02  4.19700E+02  8.07100E+03
f  15    5 14   28  99  2.00000E+00  1.31380E+01
p  15    5 14   28  98  2.09540E+00 -2.53220E+00 -1.85530E-01  2.10260E-02  2.00000E+00  8.05500E+03  8.37700E+03  1.61100E+05
f  15   28 14   28  99  5.00000E+00  1.31510E+01
p  15   28 14   28  98  1.06410E+00 -2.40370E+00 -8.27400E-02  2.82620E-03  5.00000E+00  4.03600E+02  4.19700E+02  8.07100E+03
f  15    6 14   29  99  2.00000E+00  1.30482E+01
p  15    6 14   29  98  2.09540E+00 -2.53220E+00 -1.85530E-01  2.10260E-02  2.00000E+00  8.05500E+03  8.37700E+03  1.61100E+05
f  15   29 14   29  99  5.00000E+00  1.30581E+01
p  15   29 14   29  98  1.06410E+00 -2.40370E+00 -8.27400E-02  2.82620E-03  5.00000E+00  4.03600E+02  4.19700E+02  8.07100E+03
f  15    7 14   30  99  2.00000E+00  1.30402E+01
p  15    7 14   30  98  2.09540E+00 -2.53220E+00 -1.85530E-01  2.10260E-02  2.00000E+00  8.05500E+03  8.37700E+03  1.61100E+05
f  15   30 14   30  99  5.00000E+00  1.30481E+01
p  15   30 14   30  98  1.06410E+00 -2.40370E+00 -8.27400E-02  2.82620E-03  5.00000E+00  4.03600E+02  4.19700E+02  8.07100E+03
f  15    8 14   31  99  2.00000E+00  1.30014E+01
p  15    8 14   31  98  2.09540E+00 -2.53220E+00 -1.85530E-01  2.10260E-02  2.00000E+00  8.05500E+03  8.37700E+03  1.61100E+05
f  15   31 14   31  99  5.00000E+00  1.30014E+01
p  15   31 14   31  98  1.06410E+00 -2.40370E+00 -8.27400E-02  2.82620E-03  5.00000E+00  4.03600E+02  4.19700E+02  8.07100E+03
a  15    9 14    1   1.19575E+14
a  15   10 14    1   4.32375E+13
a  15   11 14    1   1.67487E+13
a  15   12 14    1   7.74917E+12
a  15   13 14    1   3.97454E+12
a  15   14 14    1   2.20558E+12
a  15   15 14    1   1.30237E+12
a  15   16 14    1   2.20792E+14
a  15   17 14    1   1.10987E+13
a  15   18 14    1   3.35212E+12
a  15   19 14    1   1.29600E+12
a  15   20 14    1   5.99606E+11
a  15   21 14    1   3.07556E+11
a  15   22 14    1   1.70666E+11
a  15   23 14    1   1.00778E+11
a  15   24 14    1   2.79225E+12
a  15   25 14    1   1.54628E+11
a  15   26 14    1   4.58075E+10
a  15   27 14    1   1.73922E+10
a  15   28 14    1   8.04675E+09
a  15   29 14    1   4.12725E+09
a  15   30 14    1   2.29035E+09
a  15   31 14    1   1.35242E+09
a  15   17 14    2   1.47195E+14
a  15   25 14    2   1.86150E+12
a  15   18 14    3   1.47195E+14
a  15   26 14    3   1.86150E+12
a  15   19 14    4   1.47195E+14
a  15   27 14    4   1.86150E+12
a  15   20 14    5   1.47195E+14
a  15   28 14    5   1.86150E+12
a  15   21 14    6   1.47195E+14
a  15   29 14    6   1.86150E+12
a  15   22 14    7   1.47195E+14
a  15   30 14    7   1.86150E+12
a  15   23 14    8   1.47195E+14
a  15   31 14    8   1.86150E+12
a  15   24 14   16   1.11401E+14
a  15   25 14   16   3.29144E+12
a  15   26 14   16   9.78600E+11
a  15   27 14   16   3.71768E+11
a  15   28 14   16   1.72004E+11
a  15   29 14   16   8.82240E+10
a  15   30 14   16   4.89560E+10
a  15   31 14   16   2.89088E+10
a  15   25 14   17   9.28340E+13
a  15   26 14   18   9.28340E+13
a  15   27 14   19   9.28340E+13
a  15   28 14   20   9.28340E+13
a  15   29 14   21   9.28340E+13
a  15   30 14   22   9.28340E+13
a  15   31 14   23   9.28340E+13
b  16    1 16    2  99  9.96013E-02  1.10899E+00 -1.69905E+01  1.03038E+02  2.00000E+01  2.79300E+00  2.79300E+00
b  16    1 16    3  99  1.13318E-01  1.26376E+00 -1.90170E+01  1.27529E+02  2.00000E+01  7.99200E-01  7.99200E-01
b  16    2 16    3  99  2.40553E-01  1.19380E-01  1.34708E+00 -4.65593E-01  2.06717E+00  8.10600E-01  8.10600E-01
b  16    1 16    4  99  1.30464E-01  1.49491E+00 -2.25501E+01  1.58258E+02  2.00000E+01  3.21240E-01  3.21240E-01
b  16    2 16    4  99  1.52705E-01  1.37232E+00 -1.82304E+01  1.84633E+02  2.00000E+01  1.55200E-01  1.55200E-01
b  16    3 16    4  99  2.74070E-01  7.97982E-02  2.17805E+00 -1.08746E+00  2.76985E+00  1.01800E+00  1.01800E+00
b  16    1 16    5  99  1.36486E-01  1.54349E+00 -2.30384E+01  1.68104E+02  2.00000E+01  1.72860E-01  1.72860E-01
b  16    2 16    5  99  1.74989E-01  1.58696E+00 -2.00333E+01  2.16376E+02  2.00000E+01  6.24100E-02  6.24100E-02
b  16    3 16    5  99  3.01145E-01  5.68607E-01  1.62211E+00 -6.14699E-01  2.16985E+00  1.86300E-01  1.86300E-01
b  16    4 16    5  99  2.49905E-01  1.57821E-01  1.86281E+00 -8.95373E-01  2.72865E+00  1.27000E+00  1.27000E+00
b  16    1 16    6  99  1.18668E-01  1.44066E+00 -1.14486E+01 -1.46957E+01  2.00000E+01  1.04880E-01  1.04880E-01
b  16    2 16    6  99  1.85567E-01  1.73245E+00 -2.06998E+01  2.24834E+02  2.00000E+01  3.24600E-02  3.24600E-02
b  16    3 16    6  99  3.29755E-01  8.26793E-01  1.73124E+00 -6.75267E-01  2.17967E+00  7.11100E-02  7.11100E-02
b  16    4 16    6  99  3.08656E-01  5.63921E-01  2.28549E+00 -1.12185E+00  2.88941E+00  2.14900E-01  2.14900E-01
b  16    5 16    6  99  2.55131E-01  1.11150E-01  2.43986E+00 -1.39374E+00  3.36504E+00  1.50100E+00  1.50100E+00
b  16    1 16    7  99  1.22284E-01  1.48254E+00 -1.27763E+01  5.15882E+00  2.00000E+01  6.89400E-02  6.89400E-02
b  16    2 16    7  99  1.92443E-01  1.83286E+00 -2.10803E+01  2.29443E+02  2.00000E+01  1.94400E-02  1.94400E-02
b  16    3 16    7  99  3.46111E-01  1.01647E+00  1.74557E+00 -6.66994E-01  2.14481E+00  3.61900E-02  3.61900E-02
b  16    4 16    7  99  3.07198E-01  1.03658E+00  1.41117E+00 -4.62433E-01  2.12636E+00  7.89600E-02  7.89600E-02
b  16    5 16    7  99  2.98238E-01  6.21012E-01  2.24508E+00 -1.14883E+00  2.98183E+00  2.43600E-01  2.43600E-01
b  16    6 16    7  99  2.44143E-01  1.42937E-01  2.38604E+00 -3.88968E-01  4.02797E+00  1.72100E+00  1.72100E+00
b  16    1 16    8  99  1.22384E-01  1.47955E+00 -1.14125E+01 -1.43699E+01  2.00000E+01  4.79160E-02  4.79160E-02
b  16    2 16    8  99  1.96531E-01  1.91099E+00 -2.13981E+01  2.32366E+02  2.00000E+01  1.27100E-02  1.27100E-02
b  16    3 16    8  99  3.57884E-01  1.15485E+00  1.76885E+00 -6.27792E-01  2.17040E+00  2.14600E-02  2.14600E-02
b  16    4 16    8  99  3.29256E-01  1.27861E+00  1.49445E+00 -5.33032E-01  2.11543E+00  3.93900E-02  3.93900E-02
b  16    5 16    8  99  3.31424E-01  9.96897E-01  2.36623E+00 -1.23090E+00  2.97057E+00  8.72300E-02  8.72300E-02
b  16    6 16    8  99  3.00904E-01  6.00896E-01  2.71072E+00 -1.54406E+00  3.51150E+00  2.72100E-01  2.72100E-01
b  16    7 16    8  99  1.46293E-01  1.04801E-01  1.39593E+00 -1.90451E-01  4.04259E+00  3.10300E+00  3.10300E+00
b  16    1 16    9  98  0.00000E+00  0.00000E+00  0.00000E+00  0.00000E+00  0.00000E+00  4.32828E-02  8.65656E-04
b  16    2 16    9  99  9.96013E-02  1.10899E+00 -1.69905E+01  1.03038E+02  2.00000E+01  2.25477E+00  2.25477E+00
b  16    1 16   10  98  0.00000E+00  0.00000E+00  0.00000E+00  0.00000E+00  0.00000E+00  5.50399E-02  1.10080E-03
b  16    2 16   10  99  1.13318E-01  1.26376E+00 -1.90170E+01  1.27529E+02  2.00000E+01  6.66000E-01  6.66000E-01
b  16    3 16   10  99  9.96013E-02  1.10899E+00 -1.69905E+01  1.03038E+02  2.00000E+01  2.32750E+00  2.32750E+00
b  16    9 16   10  99  2.40553E-01  1.19380E-01  1.34708E+00 -4.65593E-01  2.06717E+00  1.62120E+00  1.62120E+00
b  16    1 16   11  98  0.00000E+00  0.00000E+00  0.00000E+00  0.00000E+00  0.00000E+00  7.20398E-02  1.44080E-03
b  16    2 16   11  99  1.30464E-01  1.49491E+00 -2.25501E+01  1.58258E+02  2.00000E+01  2.67700E-01  2.67700E-01
b  16    4 16   11  99  9.96013E-02  1.10899E+00 -1.69905E+01  1.03038E+02  2.00000E+01  2.32750E+00  2.32750E+00
b  16    9 16   11  99  1.52705E-01  1.37232E+00 -1.82304E+01  1.84633E+02  2.00000E+01  3.10400E-01  3.10400E-01
b  16   10 16   11  99  2.74070E-01  7.97982E-02  2.17805E+00 -1.08746E+00  2.76985E+00  1.01800E+00  1.01800E+00
b  16    1 16   12  98  0.00000E+00  0.00000E+00  0.00000E+00  0.00000E+00  0.00000E+00  9.23834E-02  1.84767E-03
b  16    2 16   12  99  1.36486E-01  1.54349E+00 -2.30384E+01  1.68104E+02  2.00000E+01  1.44050E-01  1.44050E-01
b  16    5 16   12  99  9.96013E-02  1.10899E+00 -1.69905E+01  1.03038E+02  2.00000E+01  2.32750E+00  2.32750E+00
b  16    9 16   12  99  1.74989E-01  1.58696E+00 -2.00333E+01  2.16376E+02  2.00000E+01  1.24820E-01  1.24820E-01
b  16   10 16   12  99  3.01145E-01  5.68607E-01  1.62211E+00 -6.14699E-01  2.16985E+00  1.86300E-01  1.86300E-01
b  16   11 16   12  99  2.49905E-01  1.57821E-01  1.86281E+00 -8.95373E-01  2.72865E+00  1.27000E+00  1.27000E+00
b  16    1 16   13  98  0.00000E+00  0.00000E+00  0.00000E+00  0.00000E+00  0.00000E+00  1.16063E-01  2.32125E-03
b  16    2 16   13  99  1.18668E-01  1.44066E+00 -1.14486E+01 -1.46957E+01  2.00000E+01  8.74000E-02  8.74000E-02
b  16    6 16   13  99  9.96013E-02  1.10899E+00 -1.69905E+01  1.03038E+02  2.00000E+01  2.32750E+00  2.32750E+00
b  16    9 16   13  99  1.85567E-01  1.73245E+00 -2.06998E+01  2.24834E+02  2.00000E+01  6.49200E-02  6.49200E-02
b  16   10 16   13  99  3.29755E-01  8.26793E-01  1.73124E+00 -6.75267E-01  2.17967E+00  7.11100E-02  7.11100E-02
b  16   11 16   13  99  3.08656E-01  5.63921E-01  2.28549E+00 -1.12185E+00  2.88941E+00  2.14900E-01  2.14900E-01
b  16   12 16   13  99  2.55131E-01  1.11150E-01  2.43986E+00 -1.39374E+00  3.36504E+00  1.50100E+00  1.50100E+00
b  16    1 16   14  98  0.00000E+00  0.00000E+00  0.00000E+00  0.00000E+00  0.00000E+00  1.43291E-01  2.86583E-03
b  16    2 16   14  99  1.22284E-01  1.48254E+00 -1.27763E+01  5.15882E+00  2.00000E+01  5.74500E-02  5.74500E-02
b  16    7 16   14  99  9.96013E-02  1.10899E+00 -1.69905E+01  1.03038E+02  2.00000E+01  2.32750E+00  2.32750E+00
b  16    9 16   14  99  1.92443E-01  1.83286E+00 -2.10803E+01  2.29443E+02  2.00000E+01  3.88800E-02  3.88800E-02
b  16   10 16   14  99  3.46111E-01  1.01647E+00  1.74557E+00 -6.66994E-01  2.14481E+00  3.61900E-02  3.61900E-02
b  16   11 16   14  99  3.07198E-01  1.03658E+00  1.41117E+00 -4.62433E-01  2.12636E+00  7.89600E-02  7.89600E-02
b  16   12 16   14  99  2.98238E-01  6.21012E-01  2.24508E+00 -1.14883E+00  2.98183E+00  2.43600E-01  2.43600E-01
b  16   13 16   14  99  2.44143E-01  1.42937E-01  2.38604E+00 -3.88968E-01  4.02797E+00  1.72100E+00  1.72100E+00
b  16    1 16   15  98  0.00000E+00  0.00000E+00  0.00000E+00  0.00000E+00  0.00000E+00  1.73732E-01  3.47464E-03
b  16    2 16   15  99  1.22384E-01  1.47955E+00 -1.14125E+01 -1.43699E+01  2.00000E+01  3.99300E-02  3.99300E-02
b  16    8 16   15  99  9.96013E-02  1.10899E+00 -1.69905E+01  1.03038E+02  2.00000E+01  2.32750E+00  2.32750E+00
b  16    9 16   15  99  1.96531E-01  1.91099E+00 -2.13981E+01  2.32366E+02  2.00000E+01  2.54200E-02  2.54200E-02
b  16   10 16   15  99  3.57884E-01  1.15485E+00  1.76885E+00 -6.27792E-01  2.17040E+00  2.14600E-02  2.14600E-02
b  16   11 16   15  99  3.29256E-01  1.27861E+00  1.49445E+00 -5.33032E-01  2.11543E+00  3.93900E-02  3.93900E-02
b  16   12 16   15  99  3.31424E-01  9.96897E-01  2.36623E+00 -1.23090E+00  2.97057E+00  8.72300E-02  8.72300E-02
b  16   13 16   15  99  3.00904E-01  6.00896E-01  2.71072E+00 -1.54406E+00  3.51150E+00  2.72100E-01  2.72100E-01
b  16   14 16   15  99  1.46293E-01  1.04801E-01  1.39593E+00 -1.90451E-01  4.04259E+00  3.10300E+00  3.10300E+00
b  16    1 16   16  99  1.10135E-01  1.88614E+00 -5.55660E+01  5.03697E+02  2.00000E+01  1.82507E+00  1.82507E+00
b  16    1 16   17  99  9.90374E-02  1.86498E+00 -4.57111E+01  3.28659E+02  2.00000E+01  6.10000E-01  6.10000E-01
b  16    2 16   17  99  1.10135E-01  1.88614E+00 -5.55660E+01  5.03697E+02  2.00000E+01  1.97716E+00  1.97716E+00
b  16   16 16   17  99  9.96013E-02  1.10899E+00 -1.69905E+01  1.03038E+02  2.00000E+01  3.25850E+00  3.25850E+00
b  16    1 16   18  99  1.25833E-01  1.35116E+00 -1.73251E+01  8.32744E+01  9.44751E+00  2.59760E-01  2.59760E-01
b  16    3 16   18  99  1.10135E-01  1.88614E+00 -5.55660E+01  5.03697E+02  2.00000E+01  1.97716E+00  1.97716E+00
b  16   16 16   18  99  1.13318E-01  1.26376E+00 -1.90170E+01  1.27529E+02  2.00000E+01  9.32400E-01  9.32400E-01
b  16   17 16   18  99  2.40553E-01  1.19380E-01  1.34708E+00 -4.65593E-01  2.06717E+00  8.10600E-01  8.10600E-01
b  16    1 16   19  99  1.80188E-01  1.11637E+00 -1.06340E+01  4.41552E+01  6.29964E+00  1.28960E-01  1.28960E-01
b  16    4 16   19  99  1.10135E-01  1.88614E+00 -5.55660E+01  5.03697E+02  2.00000E+01  1.97716E+00  1.97716E+00
b  16   16 16   19  99  1.30464E-01  1.49491E+00 -2.25501E+01  1.58258E+02  2.00000E+01  3.74780E-01  3.74780E-01
b  16   17 16   19  99  1.52705E-01  1.37232E+00 -1.82304E+01  1.84633E+02  2.00000E+01  1.55200E-01  1.55200E-01
b  16   18 16   19  99  2.74070E-01  7.97982E-02  2.17805E+00 -1.08746E+00  2.76985E+00  1.01800E+00  1.01800E+00
b  16    1 16   20  99  1.92098E-01  1.05139E+00 -9.62840E+00  3.97764E+01  5.93189E+00  7.66480E-02  7.66480E-02
b  16    5 16   20  99  1.10135E-01  1.88614E+00 -5.55660E+01  5.03697E+02  2.00000E+01  1.97716E+00  1.97716E+00
b  16   16 16   20  99  1.36486E-01  1.54349E+00 -2.30384E+01  1.68104E+02  2.00000E+01  2.01670E-01  2.01670E-01
b  16   17 16   20  99  1.74989E-01  1.58696E+00 -2.00333E+01  2.16376E+02  2.00000E+01  6.24100E-02  6.24100E-02
b  16   18 16   20  99  3.01145E-01  5.68607E-01  1.62211E+00 -6.14699E-01  2.16985E+00  1.86300E-01  1.86300E-01
b  16   19 16   20  99  2.49905E-01  1.57821E-01  1.86281E+00 -8.95373E-01  2.72865E+00  1.27000E+00  1.27000E+00
b  16    1 16   21  99  2.03437E-01  9.79432E-01 -8.44295E+00  3.42969E+01  5.51059E+00  4.93920E-02  4.93920E-02
b  16    6 16   21  99  1.10135E-01  1.88614E+00 -5.55660E+01  5.03697E+02  2.00000E+01  1.97716E+00  1.97716E+00
b  16   16 16   21  99  1.18668E-01  1.44066E+00 -1.14486E+01 -1.46957E+01  2.00000E+01  1.22360E-01  1.22360E-01
b  16   17 16   21  99  1.85567E-01  1.73245E+00 -2.06998E+01  2.24834E+02  2.00000E+01  3.24600E-02  3.24600E-02
b  16   18 16   21  99  3.29755E-01  8.26793E-01  1.73124E+00 -6.75267E-01  2.17967E+00  7.11100E-02  7.11100E-02
b  16   19 16   21  99  3.08656E-01  5.63921E-01  2.28549E+00 -1.12185E+00  2.88941E+00  2.14900E-01  2.14900E-01
b  16   20 16   21  99  2.55131E-01  1.11150E-01  2.43986E+00 -1.39374E+00  3.36504E+00  1.50100E+00  1.50100E+00
b  16    1 16   22  99  2.13038E-01  9.34416E-01 -7.88765E+00  3.21883E+01  5.31050E+00  3.37280E-02  3.37280E-02
b  16    7 16   22  99  1.10135E-01  1.88614E+00 -5.55660E+01  5.03697E+02  2.00000E+01  1.97716E+00  1.97716E+00
b  16   16 16   22  99  1.22284E-01  1.48254E+00 -1.27763E+01  5.15882E+00  2.00000E+01  8.04300E-02  8.04300E-02
b  16   17 16   22  99  1.92443E-01  1.83286E+00 -2.10803E+01  2.29443E+02  2.00000E+01  1.94400E-02  1.94400E-02
b  16   18 16   22  99  3.46111E-01  1.01647E+00  1.74557E+00 -6.66994E-01  2.14481E+00  3.61900E-02  3.61900E-02
b  16   19 16   22  99  3.07198E-01  1.03658E+00  1.41117E+00 -4.62433E-01  2.12636E+00  7.89600E-02  7.89600E-02
b  16   20 16   22  99  2.98238E-01  6.21012E-01  2.24508E+00 -1.14883E+00  2.98183E+00  2.43600E-01  2.43600E-01
b  16   21 16   22  99  2.44143E-01  1.42937E-01  2.38604E+00 -3.88968E-01  4.02797E+00  1.72100E+00  1.72100E+00
b  16    1 16   23  99  2.25748E-01  8.70225E-01 -7.08451E+00  2.90188E+01  5.02864E+00  2.40640E-02  2.40640E-02
b  16    8 16   23  99  1.10135E-01  1.88614E+00 -5.55660E+01  5.03697E+02  2.00000E+01  1.97716E+00  1.97716E+00
b  16   16 16   23  99  1.22384E-01  1.47955E+00 -1.14125E+01 -1.43699E+01  2.00000E+01  5.59020E-02  5.59020E-02
b  16   17 16   23  99  1.96531E-01  1.91099E+00 -2.13981E+01  2.32366E+02  2.00000E+01  1.27100E-02  1.27100E-02
b  16   18 16   23  99  3.57884E-01  1.15485E+00  1.76885E+00 -6.27792E-01  2.17040E+00  2.14600E-02  2.14600E-02
b  16   19 16   23  99  3.29256E-01  1.27861E+00  1.49445E+00 -5.33032E-01  2.11543E+00  3.93900E-02  3.93900E-02
b  16   20 16   23  99  3.31424E-01  9.96897E-01  2.36623E+00 -1.23090E+00  2.97057E+00  8.72300E-02  8.72300E-02
b  16   21 16   23  99  3.00904E-01  6.00896E-01  2.71072E+00 -1.54406E+00  3.51150E+00  2.72100E-01  2.72100E-01
b  16   22 16   23  99  1.46293E-01  1.04801E-01  1.39593E+00 -1.90451E-01  4.04259E+00  3.10300E+00  3.10300E+00
b  16    1 16   24  99  1.37237E-01  1.69034E+00 -2.17647E+01  8.39297E+01  7.45921E+00  5.60400E-02  5.60400E-02
b  16   16 16   24  99  2.04592E-01  1.07882E+00 -1.39741E+01  5.62201E+01  5.79177E+00  7.59500E-02  7.59500E-02
b  16    1 16   25  99  1.12844E-01  1.95278E+00 -2.66353E+01  1.03514E+02  8.69447E+00  2.40800E-02  2.40800E-02
b  16    2 16   25  99  1.37237E-01  1.69034E+00 -2.17647E+01  8.39297E+01  7.45921E+00  6.07100E-02  6.07100E-02
b  16   17 16   25  99  2.04592E-01  1.07882E+00 -1.39741E+01  5.62201E+01  5.79177E+00  7.59500E-02  7.59500E-02
b  16   24 16   25  99  9.96013E-02  1.10899E+00 -1.69905E+01  1.03038E+02  2.00000E+01  3.25850E+00  3.25850E+00
b  16    1 16   26  99  1.08775E-01  1.97667E+00 -2.71047E+01  1.04849E+02  8.88859E+00  1.09340E-02  1.09340E-02
b  16    3 16   26  99  1.37237E-01  1.69034E+00 -2.17647E+01  8.39297E+01  7.45921E+00  6.07100E-02  6.07100E-02
b  16   18 16   26  99  2.04592E-01  1.07882E+00 -1.39741E+01  5.62201E+01  5.79177E+00  7.59500E-02  7.59500E-02
b  16   24 16   26  99  1.13318E-01  1.26376E+00 -1.90170E+01  1.27529E+02  2.00000E+01  9.32400E-01  9.32400E-01
b  16   25 16   26  99  2.40553E-01  1.19380E-01  1.34708E+00 -4.65593E-01  2.06717E+00  8.10600E-01  8.10600E-01
b  16    1 16   27  99  1.09599E-01  2.11204E+00 -2.92950E+01  1.13285E+02  9.05537E+00  5.65800E-03  5.65800E-03
b  16    4 16   27  99  1.37237E-01  1.69034E+00 -2.17647E+01  8.39297E+01  7.45921E+00  6.07100E-02  6.07100E-02
b  16   19 16   27  99  2.04592E-01  1.07882E+00 -1.39741E+01  5.62201E+01  5.79177E+00  7.59500E-02  7.59500E-02
b  16   24 16   27  99  1.30464E-01  1.49491E+00 -2.25501E+01  1.58258E+02  2.00000E+01  3.74780E-01  3.74780E-01
b  16   25 16   27  99  1.52705E-01  1.37232E+00 -1.82304E+01  1.84633E+02  2.00000E+01  1.55200E-01  1.55200E-01
b  16   26 16   27  99  2.74070E-01  7.97982E-02  2.17805E+00 -1.08746E+00  2.76985E+00  1.01800E+00  1.01800E+00
b  16    1 16   28  99  1.09515E-01  2.07508E+00 -2.85247E+01  1.09705E+02  8.94035E+00  3.40800E-03  3.40800E-03
b  16    5 16   28  99  1.37237E-01  1.69034E+00 -2.17647E+01  8.39297E+01  7.45921E+00  6.07100E-02  6.07100E-02
b  16   20 16   28  99  2.04592E-01  1.07882E+00 -1.39741E+01  5.62201E+01  5.79177E+00  7.59500E-02  7.59500E-02
b  16   24 16   28  99  1.36486E-01  1.54349E+00 -2.30384E+01  1.68104E+02  2.00000E+01  2.01670E-01  2.01670E-01
b  16   25 16   28  99  1.74989E-01  1.58696E+00 -2.00333E+01  2.16376E+02  2.00000E+01  6.24100E-02  6.24100E-02
b  16   26 16   28  99  3.01145E-01  5.68607E-01  1.62211E+00 -6.14699E-01  2.16985E+00  1.86300E-01  1.86300E-01
b  16   27 16   28  99  2.49905E-01  1.57821E-01  1.86281E+00 -8.95373E-01  2.72865E+00  1.27000E+00  1.27000E+00
b  16    1 16   29  99  1.04588E-01  2.11189E+00 -2.98907E+01  1.16676E+02  9.35900E+00  2.21000E-03  2.21000E-03
b  16    6 16   29  99  1.37237E-01  1.69034E+00 -2.17647E+01  8.39297E+01  7.45921E+00  6.07100E-02  6.07100E-02
b  16   21 16   29  99  2.04592E-01  1.07882E+00 -1.39741E+01  5.62201E+01  5.79177E+00  7.59500E-02  7.59500E-02
b  16   24 16   29  99  1.18668E-01  1.44066E+00 -1.14486E+01 -1.46957E+01  2.00000E+01  1.22360E-01  1.22360E-01
b  16   25 16   29  99  1.85567E-01  1.73245E+00 -2.06998E+01  2.24834E+02  2.00000E+01  3.24600E-02  3.24600E-02
b  16   26 16   29  99  3.29755E-01  8.26793E-01  1.73124E+00 -6.75267E-01  2.17967E+00  7.11100E-02  7.11100E-02
b  16   27 16   29  99  3.08656E-01  5.63921E-01  2.28549E+00 -1.12185E+00  2.88941E+00  2.14900E-01  2.14900E-01
b  16   28 16   29  99  2.55131E-01  1.11150E-01  2.43986E+00 -1.39374E+00  3.36504E+00  1.50100E+00  1.50100E+00
b  16    1 16   30  99  1.05766E-01  2.06375E+00 -2.84469E+01  1.09063E+02  9.03895E+00  1.51420E-03  1.51420E-03
b  16    7 16   30  99  1.37237E-01  1.69034E+00 -2.17647E+01  8.39297E+01  7.45921E+00  6.07100E-02  6.07100E-02
b  16   22 16   30  99  2.04592E-01  1.07882E+00 -1.39741E+01  5.62201E+01  5.79177E+00  7.59500E-02  7.59500E-02
b  16   24 16   30  99  1.22284E-01  1.48254E+00 -1.27763E+01  5.15882E+00  2.00000E+01  8.04300E-02  8.04300E-02
b  16   25 16   30  99  1.92443E-01  1.83286E+00 -2.10803E+01  2.29443E+02  2.00000E+01  1.94400E-02  1.94400E-02
b  16   26 16   30  99  3.46111E-01  1.01647E+00  1.74557E+00 -6.66994E-01  2.14481E+00  3.61900E-02  3.61900E-02
b  16   27 16   30  99  3.07198E-01  1.03658E+00  1.41117E+00 -4.62433E-01  2.12636E+00  7.89600E-02  7.89600E-02
b  16   28 16   30  99  2.98238E-01  6.21012E-01  2.24508E+00 -1.14883E+00  2.98183E+00  2.43600E-01  2.43600E-01
b  16   29 16   30  99  2.44143E-01  1.42937E-01  2.38604E+00 -3.88968E-01  4.02797E+00  1.72100E+00  1.72100E+00
b  16    1 16   31  99  9.97908E-02  2.13011E+00 -3.06947E+01  1.20320E+02  9.68346E+00  1.08160E-03  1.08160E-03
b  16    8 16   31  99  1.37237E-01  1.69034E+00 -2.17647E+01  8.39297E+01  7.45921E+00  6.07100E-02  6.07100E-02
b  16   23 16   31  99  2.04592E-01  1.07882E+00 -1.39741E+01  5.62201E+01  5.79177E+00  7.59500E-02  7.59500E-02
b  16   24 16   31  99  1.22384E-01  1.47955E+00 -1.14125E+01 -1.43699E+01  2.00000E+01  5.59020E-02  5.59020E-02
b  16   25 16   31  99  1.96531E-01  1.91099E+00 -2.13981E+01  2.32366E+02  2.00000E+01  1.27100E-02  1.27100E-02
b  16   26 16   31  99  3.57884E-01  1.15485E+00  1.76885E+00 -6.27792E-01  2.17040E+00  2.14600E-02  2.14600E-02
b  16   27 16   31  99  3.29256E-01  1.27861E+00  1.49445E+00 -5.33032E-01  2.11543E+00  3.93900E-02  3.93900E-02
b  16   28 16   31  99  3.31424E-01  9.96897E-01  2.36623E+00 -1.23090E+00  2.97057E+00  8.72300E-02  8.72300E-02
b  16   29 16   31  99  3.00904E-01  6.00896E-01  2.71072E+00 -1.54406E+00  3.51150E+00  2.72100E-01  2.72100E-01
b  16   30 16   31  99  1.46293E-01  1.04801E-01  1.39593E+00 -1.90451E-01  4.04259E+00  3.10300E+00  3.10300E+00
f  16    1 15    1  99  6.00000E+00  1.61000E+01
p  16    1 15    1  98  1.11220E+00 -2.36750E+00 -8.83240E-02  3.15590E-03  6.00000E+00  3.71100E+02  3.85900E+02  7.42100E+03
f  16    2 15    1  99  1.00000E+00  1.26541E+01
p  16    2 15    1  99  1.00000E+00  1.26541E+01
f  16    3 15    1  99  1.00000E+00  1.21248E+01
p  16    3 15    1  99  1.00000E+00  1.21248E+01
f  16    4 15    1  99  1.00000E+00  1.21920E+01
p  16    4 15    1  99  1.00000E+00  1.21920E+01
f  16    5 15    1  99  1.00000E+00  1.21520E+01
p  16    5 15    1  99  1.00000E+00  1.21520E+01
f  16    6 15    1  99  1.00000E+00  1.20582E+01
p  16    6 15    1  99  1.00000E+00  1.20582E+01
f  16    7 15    1  99  1.00000E+00  1.20482E+01
p  16    7 15    1  99  1.00000E+00  1.20482E+01
f  16    8 15    1  99  1.00000E+00  1.20015E+01
p  16    8 15    1  99  1.00000E+00  1.20015E+01
f  16    2 15    2  99  5.00000E+00  1.26541E+01
p  16    2 15    2  98  1.11220E+00 -2.36750E+00 -8.83240E-02  3.15590E-03  6.00000E+00  3.71100E+02  3.85900E+02  7.42100E+03
f  16    9 15    2  99  2.00000E+00  1.32146E+01
p  16    9 15    2  99  2.00000E+00  1.32146E+01
f  16   10 15    2  99  1.00000E+00  1.21844E+01
p  16   10 15    2  99  1.00000E+00  1.21844E+01
f  16   11 15    2  99  1.00000E+00  1.22140E+01
p  16   11 15    2  99  1.00000E+00  1.22140E+01
f  16   12 15    2  99  1.00000E+00  1.21630E+01
p  16   12 15    2  99  1.00000E+00  1.21630E+01
f  16   13 15    2  99  1.00000E+00  1.20652E+01
p  16   13 15    2  99  1.00000E+00  1.20652E+01
f  16   14 15    2  99  1.00000E+00  1.20542E+01
p  16   14 15    2  99  1.00000E+00  1.20542E+01
f  16   15 15    2  99  1.00000E+00  1.20114E+01
p  16   15 15    2  99  1.00000E+00  1.20114E+01
f  16    3 15    3  99  5.00000E+00  1.21248E+01
p  16    3 15    3  98  1.11220E+00 -2.36750E+00 -8.83240E-02  3.15590E-03  6.00000E+00  3.71100E+02  3.85900E+02  7.42100E+03
f  16   10 15    3  99  1.00000E+00  1.21844E+01
p  16   10 15    3  99  1.00000E+00  1.21844E+01
f  16    4 15    4  99  5.00000E+00  1.21920E+01
p  16    4 15    4  98  1.11220E+00 -2.36750E+00 -8.83240E-02  3.15590E-03  6.00000E+00  3.71100E+02  3.85900E+02  7.42100E+03
f  16   11 15    4  99  1.00000E+00  1.22140E+01
p  16   11 15    4  99  1.00000E+00  1.22140E+01
f  16    5 15    5  99  5.00000E+00  1.21520E+01
p  16    5 15    5  98  1.11220E+00 -2.36750E+00 -8.83240E-02  3.15590E-03  6.00000E+00  3.71100E+02  3.85900E+02  7.42100E+03
f  16   12 15    5  99  1.00000E+00  1.21630E+01
p  16   12 15    5  99  1.00000E+00  1.21630E+01
f  16    6 15    6  99  5.00000E+00  1.20582E+01
p  16    6 15    6  98  1.11220E+00 -2.36750E+00 -8.83240E-02  3.15590E-03  6.00000E+00  3.71100E+02  3.85900E+02  7.42100E+03
f  16   13 15    6  99  1.00000E+00  1.20652E+01
p  16   13 15    6  99  1.00000E+00  1.20652E+01
f  16    7 15    7  99  5.00000E+00  1.20482E+01
p  16    7 15    7  98  1.11220E+00 -2.36750E+00 -8.83240E-02  3.15590E-03  6.00000E+00  3.71100E+02  3.85900E+02  7.42100E+03
f  16   14 15    7  99  1.00000E+00  1.20542E+01
p  16   14 15    7  99  1.00000E+00  1.20542E+01
f  16    8 15    8  99  5.00000E+00  1.20015E+01
p  16    8 15    8  98  1.11220E+00 -2.36750E+00 -8.83240E-02  3.15590E-03  6.00000E+00  3.71100E+02  3.85900E+02  7.42100E+03
f  16   15 15    8  99  1.00000E+00  1.20114E+01
p  16   15 15    8  99  1.00000E+00  1.20114E+01
f  16    9 15    9  99  4.00000E+00  1.32146E+01
p  16    9 15    9  98  1.11220E+00 -2.36750E+00 -8.83240E-02  3.15590E-03  6.00000E+00  3.71100E+02  3.85900E+02  7.42100E+03
f  16   10 15   10  99  4.00000E+00  1.21844E+01
p  16   10 15   10  98  1.11220E+00 -2.36750E+00 -8.83240E-02  3.15590E-03  6.00000E+00  3.71100E+02  3.85900E+02  7.42100E+03
f  16   11 15   11  99  4.00000E+00  1.22140E+01
p  16   11 15   11  98  1.11220E+00 -2.36750E+00 -8.83240E-02  3.15590E-03  6.00000E+00  3.71100E+02  3.85900E+02  7.42100E+03
f  16   12 15   12  99  4.00000E+00  1.21630E+01
p  16   12 15   12  98  1.11220E+00 -2.36750E+00 -8.83240E-02  3.15590E-03  6.00000E+00  3.71100E+02  3.85900E+02  7.42100E+03
f  16   13 15   13  99  4.00000E+00  1.20652E+01
p  16   13 15   13  98  1.11220E+00 -2.36750E+00 -8.83240E-02  3.15590E-03  6.00000E+00  3.71100E+02  3.85900E+02  7.42100E+03
f  16   14 15   14  99  4.00000E+00  1.20542E+01
p  16   14 15   14  98  1.11220E+00 -2.36750E+00 -8.83240E-02  3.15590E-03  6.00000E+00  3.71100E+02  3.85900E+02  7.42100E+03
f  16   15 15   15  99  4.00000E+00  1.20114E+01
p  16   15 15   15  98  1.11220E+00 -2.36750E+00 -8.83240E-02  3.15590E-03  6.00000E+00  3.71100E+02  3.85900E+02  7.42100E+03
f  16    1 15   16  99  8.00000E+00  1.61000E+01
p  16    1 15   16  98  1.80370E+00 -2.49360E+00 -1.21440E-01  1.07160E-02  8.00000E+00  1.23400E+03  1.28400E+03  2.46800E+04
f  16   16 15   16  99  7.00000E+00  1.66640E+01
p  16   16 15   16  98  1.11220E+00 -2.36750E+00 -8.83240E-02  3.15590E-03  6.00000E+00  3.71100E+02  3.85900E+02  7.42100E+03
f  16   17 15   16  99  1.00000E+00  1.27108E+01
p  16   17 15   16  99  1.00000E+00  1.27108E+01
f  16   18 15   16  99  1.00000E+00  1.21431E+01
p  16   18 15   16  99  1.00000E+00  1.21431E+01
f  16   19 15   16  99  1.00000E+00  1.21980E+01
p  16   19 15   16  99  1.00000E+00  1.21980E+01
f  16   20 15   16  99  1.00000E+00  1.21560E+01
p  16   20 15   16  99  1.00000E+00  1.21560E+01
f  16   21 15   16  99  1.00000E+00  1.20672E+01
p  16   21 15   16  99  1.00000E+00  1.20672E+01
f  16   22 15   16  99  1.00000E+00  1.20552E+01
p  16   22 15   16  99  1.00000E+00  1.20552E+01
f  16   23 15   16  99  1.00000E+00  1.20015E+01
p  16   23 15   16  99  1.00000E+00  1.20015E+01
f  16    2 15   17  99  8.00000E+00  1.26541E+01
p  16    2 15   17  98  1.80370E+00 -2.49360E+00 -1.21440E-01  1.07160E-02  8.00000E+00  1.23400E+03  1.28400E+03  2.46800E+04
f  16   17 15   17  99  6.00000E+00  1.27108E+01
p  16   17 15   17  98  1.11220E+00 -2.36750E+00 -8.83240E-02  3.15590E-03  6.00000E+00  3.71100E+02  3.85900E+02  7.42100E+03
f  16    3 15   18  99  8.00000E+00  1.21248E+01
p  16    3 15   18  98  1.80370E+00 -2.49360E+00 -1.21440E-01  1.07160E-02  8.00000E+00  1.23400E+03  1.28400E+03  2.46800E+04
f  16   18 15   18  99  6.00000E+00  1.21431E+01
p  16   18 15   18  98  1.11220E+00 -2.36750E+00 -8.83240E-02  3.15590E-03  6.00000E+00  3.71100E+02  3.85900E+02  7.42100E+03
f  16    4 15   19  99  8.00000E+00  1.21920E+01
p  16    4 15   19  98  1.80370E+00 -2.49360E+00 -1.21440E-01  1.07160E-02  8.00000E+00  1.23400E+03  1.28400E+03  2.46800E+04
f  16   19 15   19  99  6.00000E+00  1.21980E+01
p  16   19 15   19  98  1.11220E+00 -2.36750E+00 -8.83240E-02  3.15590E-03  6.00000E+00  3.71100E+02  3.85900E+02  7.42100E+03
f  16    5 15   20  99  8.00000E+00  1.21520E+01
p  16    5 15   20  98  1.80370E+00 -2.49360E+00 -1.21440E-01  1.07160E-02  8.00000E+00  1.23400E+03  1.28400E+03  2.46800E+04
f  16   20 15   20  99  6.00000E+00  1.21560E+01
p  16   20 15   20  98  1.11220E+00 -2.36750E+00 -8.83240E-02  3.15590E-03  6.00000E+00  3.71100E+02  3.85900E+02  7.42100E+03
f  16    6 15   21  99  8.00000E+00  1.20582E+01
p  16    6 15   21  98  1.80370E+00 -2.49360E+00 -1.21440E-01  1.07160E-02  8.00000E+00  1.23400E+03  1.28400E+03  2.46800E+04
f  16   21 15   21  99  6.00000E+00  1.20672E+01
p  16   21 15   21  98  1.11220E+00 -2.36750E+00 -8.83240E-02  3.15590E-03  6.00000E+00  3.71100E+02  3.85900E+02  7.42100E+03
f  16    7 15   22  99  8.00000E+00  1.20482E+01
p  16    7 15   22  98  1.80370E+00 -2.49360E+00 -1.21440E-01  1.07160E-02  8.00000E+00  1.23400E+03  1.28400E+03  2.46800E+04
f  16   22 15   22  99  6.00000E+00  1.20552E+01
p  16   22 15   22  98  1.11220E+00 -2.36750E+00 -8.83240E-02  3.15590E-03  6.00000E+00  3.71100E+02  3.85900E+02  7.42100E+03
f  16    8 15   23  99  8.00000E+00  1.20015E+01
p  16    8 15   23  98  1.80370E+00 -2.49360E+00 -1.21440E-01  1.07160E-02  8.00000E+00  1.23400E+03  1.28400E+03  2.46800E+04
f  16   23 15   23  99  6.00000E+00  1.20015E+01
p  16   23 15   23  98  1.11220E+00 -2.36750E+00 -8.83240E-02  3.15590E-03  6.00000E+00  3.71100E+02  3.85900E+02  7.42100E+03
f  16    1 15   24  99  2.00000E+00  1.61000E+01
p  16    1 15   24  98  2.10340E+00 -2.52960E+00 -1.86010E-01  2.10250E-02  2.00000E+00  8.01000E+03  8.33000E+03  1.60200E+05
f  16   24 15   24  99  7.00000E+00  1.67440E+01
p  16   24 15   24  98  1.11220E+00 -2.36750E+00 -8.83240E-02  3.15590E-03  6.00000E+00  3.71100E+02  3.85900E+02  7.42100E+03
f  16   25 15   24  99  1.00000E+00  1.27340E+01
p  16   25 15   24  99  1.00000E+00  1.27340E+01
f  16   26 15   24  99  1.00000E+00  1.21422E+01
p  16   26 15   24  99  1.00000E+00  1.21422E+01
f  16   27 15   24  99  1.00000E+00  1.22070E+01
p  16   27 15   24  99  1.00000E+00  1.22070E+01
f  16   28 15   24  99  1.00000E+00  1.21650E+01
p  16   28 15   24  99  1.00000E+00  1.21650E+01
f  16   29 15   24  99  1.00000E+00  1.20681E+01
p  16   29 15   24  99  1.00000E+00  1.20681E+01
f  16   30 15   24  99  1.00000E+00  1.20561E+01
p  16   30 15   24  99  1.00000E+00  1.20561E+01
f  16   31 15   24  99  1.00000E+00  1.20015E+01
p  16   31 15   24  99  1.00000E+00  1.20015E+01
f  16    2 15   25  99  2.00000E+00  1.26541E+01
p  16    2 15   25  98  2.10340E+00 -2.52960E+00 -1.86010E-01  2.10250E-02  2.00000E+00  8.01000E+03  8.33000E+03  1.60200E+05
f  16   25 15   25  99  6.00000E+00  1.27340E+01
p  16   25 15   25  98  1.11220E+00 -2.36750E+00 -8.83240E-02  3.15590E-03  6.00000E+00  3.71100E+02  3.85900E+02  7.42100E+03
f  16    3 15   26  99  2.00000E+00  1.21248E+01
p  16    3 15   26  98  2.10340E+00 -2.52960E+00 -1.86010E-01  2.10250E-02  2.00000E+00  8.01000E+03  8.33000E+03  1.60200E+05
f  16   26 15   26  99  6.00000E+00  1.21422E+01
p  16   26 15   26  98  1.11220E+00 -2.36750E+00 -8.83240E-02  3.15590E-03  6.00000E+00  3.71100E+02  3.85900E+02  7.42100E+03
f  16    4 15   27  99  2.00000E+00  1.21920E+01
p  16    4 15   27  98  2.10340E+00 -2.52960E+00 -1.86010E-01  2.10250E-02  2.00000E+00  8.01000E+03  8.33000E+03  1.60200E+05
f  16   27 15   27  99  6.00000E+00  1.22070E+01
p  16   27 15   27  98  1.11220E+00 -2.36750E+00 -8.83240E-02  3.15590E-03  6.00000E+00  3.71100E+02  3.85900E+02  7.42100E+03
f  16    5 15   28  99  2.00000E+00  1.21520E+01
p  16    5 15   28  98  2.10340E+00 -2.52960E+00 -1.86010E-01  2.10250E-02  2.00000E+00  8.01000E+03  8.33000E+03  1.60200E+05
f  16   28 15   28  99  6.00000E+00  1.21650E+01
p  16   28 15   28  98  1.11220E+00 -2.36750E+00 -8.83240E-02  3.15590E-03  6.00000E+00  3.71100E+02  3.85900E+02  7.42100E+03
f  16    6 15   29  99  2.00000E+00  1.20582E+01
p  16    6 15   29  98  2.10340E+00 -2.52960E+00 -1.86010E-01  2.10250E-02  2.00000E+00  8.01000E+03  8.33000E+03  1.60200E+05
f  16   29 15   29  99  6.00000E+00  1.20681E+01
p  16   29 15   29  98  1.11220E+00 -2.36750E+00 -8.83240E-02  3.15590E-03  6.00000E+00  3.71100E+02  3.85900E+02  7.42100E+03
f  16    7 15   30  99  2.00000E+00  1.20482E+01
p  16    7 15   30  98  2.10340E+00 -2.52960E+00 -1.86010E-01  2.10250E-02  2.00000E+00  8.01000E+03  8.33000E+03  1.60200E+05
f  16   30 15   30  99  6.00000E+00  1.20561E+01
p  16   30 15   30  98  1.11220E+00 -2.36750E+00 -8.83240E-02  3.15590E-03  6.00000E+00  3.71100E+02  3.85900E+02  7.42100E+03
f  16    8 15   31  99  2.00000E+00  1.20015E+01
p  16    8 15   31  98  2.10340E+00 -2.52960E+00 -1.86010E-01  2.10250E-02  2.00000E+00  8.01000E+03  8.33000E+03  1.60200E+05
f  16   31 15   31  99  6.00000E+00  1.20015E+01
p  16   31 15   31  98  1.11220E+00 -2.36750E+00 -8.83240E-02  3.15590E-03  6.00000E+00  3.71100E+02  3.85900E+02  7.42100E+03
a  16    9 15    1   9.78056E+13
a  16   10 15    1   3.55456E+13
a  16   11 15    1   1.36671E+13
a  16   12 15    1   6.32333E+12
a  16   13 15    1   3.24326E+12
a  16   14 15    1   1.79978E+12
a  16   15 15    1   1.06276E+12
a  16   16 15    1   2.86918E+14
a  16   17 15    1   1.15438E+13
a  16   18 15    1   3.44115E+12
a  16   19 15    1   1.32631E+12
a  16   20 15    1   6.13642E+11
a  16   21 15    1   3.14752E+11
a  16   22 15    1   1.74658E+11
a  16   23 15    1   1.03136E+11
a  16   24 15    1   3.61053E+12
a  16   25 15    1   1.61673E+11
a  16   26 15    1   4.72530E+10
a  16   27 15    1   1.77900E+10
a  16   28 15    1   8.23080E+09
a  16   29 15    1   4.22160E+09
a  16   30 15    1   2.34273E+09
a  16   31 15    1   1.38336E+09
a  16   17 15    2   2.04941E+14
a  16   25 15    2   2.57895E+12
a  16   18 15    3   2.04941E+14
a  16   26 15    3   2.57895E+12
a  16   19 15    4   2.04941E+14
a  16   27 15    4   2.57895E+12
a  16   20 15    5   2.04941E+14
a  16   28 15    5   2.57895E+12
a  16   21 15    6   2.04941E+14
a  16   29 15    6   2.57895E+12
a  16   22 15    7   2.04941E+14
a  16   30 15    7   2.57895E+12
a  16   23 15    8   2.04941E+14
a  16   31 15    8   2.57895E+12
a  16   24 15   16   1.24432E+14
a  16   25 15   16   2.97156E+12
a  16   26 15   16   8.71840E+11
a  16   27 15   16   3.28540E+11
a  16   28 15   16   1.52004E+11
a  16   29 15   16   7.79640E+10
a  16   30 15   16   4.32640E+10
a  16   31 15   16   2.55472E+10
a  16   25 15   17   1.06656E+14
a  16   26 15   18   1.06656E+14
a  16   27 15   19   1.06656E+14
a  16   28 15   20   1.06656E+14
a  16   29 15   21   1.06656E+14
a  16   30 15   22   1.06656E+14
a  16   31 15   23   1.06656E+14
b  17    1 17    2  99  1.01095E-01  1.11857E+00 -1.67197E+01  1.00202E+02  2.00000E+01  2.90710E+00  2.90710E+00
b  17    1 17    3  99  1.11053E-01  1.23231E+00 -1.75404E+01  1.07178E+02  2.00000E+01  8.96700E-01  8.96700E-01
b  17    2 17    3  99  2.29814E-01  1.53209E-01  1.23261E+00 -4.03171E-01  2.04371E+00  7.83400E-01  7.83400E-01
b  17    1 17    4  99  1.29617E-01  1.44677E+00 -2.16811E+01  1.51242E+02  2.00000E+01  3.68340E-01  3.68340E-01
b  17    2 17    4  99  1.51640E-01  1.38911E+00 -1.75343E+01  1.72517E+02  2.00000E+01  1.48900E-01  1.48900E-01
b  17    3 17    4  99  2.68211E-01  1.10687E-01  2.09922E+00 -1.04581E+00  2.77539E+00  9.99300E-01  9.99300E-01
b  17    1 17    5  99  1.31791E-01  1.48811E+00 -2.17944E+01  1.51629E+02  2.00000E+01  2.00970E-01  2.00970E-01
b  17    2 17    5  99  1.68114E-01  1.61221E+00 -1.86806E+01  1.85912E+02  2.00000E+01  6.04300E-02  6.04300E-02
b  17    3 17    5  99  2.88590E-01  6.33343E-01  1.39999E+00 -4.86316E-01  2.05175E+00  1.81500E-01  1.81500E-01
b  17    4 17    5  99  2.65824E-01  8.78408E-02  2.56093E+00 -1.47319E+00  3.34890E+00  1.26100E+00  1.26100E+00
b  17    1 17    6  99  1.33359E-01  1.51552E+00 -2.17206E+01  1.49390E+02  2.00000E+01  1.22990E-01  1.22990E-01
b  17    2 17    6  99  1.83907E-01  1.74701E+00 -2.04129E+01  2.19359E+02  2.00000E+01  3.16300E-02  3.16300E-02
b  17    3 17    6  99  3.27899E-01  8.47765E-01  1.76607E+00 -7.35311E-01  2.22172E+00  6.93800E-02  6.93800E-02
b  17    4 17    6  99  3.04417E-01  5.93311E-01  2.24734E+00 -1.11736E+00  2.91489E+00  2.11100E-01  2.11100E-01
b  17    5 17    6  99  2.50315E-01  1.38570E-01  2.35064E+00 -1.34942E+00  3.35057E+00  1.49700E+00  1.49700E+00
b  17    1 17    7  99  1.33780E-01  1.54196E+00 -2.18999E+01  1.49816E+02  2.00000E+01  8.12000E-02  8.12000E-02
b  17    2 17    7  99  1.93489E-01  1.83039E+00 -2.07624E+01  2.29127E+02  2.00000E+01  1.90200E-02  1.90200E-02
b  17    3 17    7  99  3.45065E-01  1.03113E+00  1.81842E+00 -7.47157E-01  2.22850E+00  3.54000E-02  3.54000E-02
b  17    4 17    7  99  3.34540E-01  9.27814E-01  2.35739E+00 -1.11983E+00  2.94620E+00  7.74700E-02  7.74700E-02
b  17    5 17    7  99  3.06212E-01  5.88626E-01  2.72364E+00 -1.48639E+00  3.46840E+00  2.40600E-01  2.40600E-01
b  17    6 17    7  99  2.39962E-01  1.67246E-01  2.30620E+00 -3.49725E-01  4.03108E+00  1.72100E+00  1.72100E+00
b  17    1 17    8  99  1.37195E-01  1.55449E+00 -2.23895E+01  1.60626E+02  2.00000E+01  5.66370E-02  5.66370E-02
b  17    2 17    8  99  1.96199E-01  1.91079E+00 -2.11207E+01  2.30375E+02  2.00000E+01  1.24700E-02  1.24700E-02
b  17    3 17    8  99  3.54988E-01  1.17398E+00  1.80258E+00 -7.28743E-01  2.19501E+00  2.10400E-02  2.10400E-02
b  17    4 17    8  99  3.22734E-01  1.31993E+00  1.42106E+00 -4.76494E-01  2.12485E+00  3.86700E-02  3.86700E-02
b  17    5 17    8  99  3.30458E-01  1.01327E+00  2.42731E+00 -1.28347E+00  3.05845E+00  8.59400E-02  8.59400E-02
b  17    6 17    8  99  2.98060E-01  6.19514E-01  2.70747E+00 -1.57253E+00  3.55709E+00  2.69900E-01  2.69900E-01
b  17    7 17    8  99  8.14576E-02  6.57177E-02  7.68259E-01 -9.94083E-02  4.05132E+00  5.50300E+00  5.50300E+00
b  17    1 17    9  98  0.00000E+00  0.00000E+00  0.00000E+00  0.00000E+00  0.00000E+00  5.89954E-02  1.17991E-03
b  17    2 17    9  99  1.01095E-01  1.11857E+00 -1.67197E+01  1.00202E+02  2.00000E+01  2.41393E+00  2.41393E+00
b  17    1 17   10  98  0.00000E+00  0.00000E+00  0.00000E+00  0.00000E+00  0.00000E+00  7.60805E-02  1.52161E-03
b  17    2 17   10  99  1.11053E-01  1.23231E+00 -1.75404E+01  1.07178E+02  2.00000E+01  7.68600E-01  7.68600E-01
b  17    3 17   10  99  1.01095E-01  1.11857E+00 -1.67197E+01  1.00202E+02  2.00000E+01  2.49180E+00  2.49180E+00
b  17    9 17   10  99  2.29814E-01  1.53209E-01  1.23261E+00 -4.03171E-01  2.04371E+00  1.56680E+00  1.56680E+00
b  17    1 17   11  98  0.00000E+00  0.00000E+00  0.00000E+00  0.00000E+00  0.00000E+00  1.00484E-01  2.00969E-03
b  17    2 17   11  99  1.29617E-01  1.44677E+00 -2.16811E+01  1.51242E+02  2.00000E+01  3.15720E-01  3.15720E-01
b  17    4 17   11  99  1.01095E-01  1.11857E+00 -1.67197E+01  1.00202E+02  2.00000E+01  2.49180E+00  2.49180E+00
b  17    9 17   11  99  1.51640E-01  1.38911E+00 -1.75343E+01  1.72517E+02  2.00000E+01  2.97800E-01  2.97800E-01
b  17   10 17   11  99  2.68211E-01  1.10687E-01  2.09922E+00 -1.04581E+00  2.77539E+00  9.99300E-01  9.99300E-01
b  17    1 17   12  98  0.00000E+00  0.00000E+00  0.00000E+00  0.00000E+00  0.00000E+00  1.29518E-01  2.59036E-03
b  17    2 17   12  99  1.31791E-01  1.48811E+00 -2.17944E+01  1.51629E+02  2.00000E+01  1.72260E-01  1.72260E-01
b  17    5 17   12  99  1.01095E-01  1.11857E+00 -1.67197E+01  1.00202E+02  2.00000E+01  2.49180E+00  2.49180E+00
b  17    9 17   12  99  1.68114E-01  1.61221E+00 -1.86806E+01  1.85912E+02  2.00000E+01  1.20860E-01  1.20860E-01
b  17   10 17   12  99  2.88590E-01  6.33343E-01  1.39999E+00 -4.86316E-01  2.05175E+00  1.81500E-01  1.81500E-01
b  17   11 17   12  99  2.65824E-01  8.78408E-02  2.56093E+00 -1.47319E+00  3.34890E+00  1.26100E+00  1.26100E+00
b  17    1 17   13  98  0.00000E+00  0.00000E+00  0.00000E+00  0.00000E+00  0.00000E+00  1.63233E-01  3.26465E-03
b  17    2 17   13  99  1.33359E-01  1.51552E+00 -2.17206E+01  1.49390E+02  2.00000E+01  1.05420E-01  1.05420E-01
b  17    6 17   13  99  1.01095E-01  1.11857E+00 -1.67197E+01  1.00202E+02  2.00000E+01  2.49180E+00  2.49180E+00
b  17    9 17   13  99  1.83907E-01  1.74701E+00 -2.04129E+01  2.19359E+02  2.00000E+01  6.32600E-02  6.32600E-02
b  17   10 17   13  99  3.27899E-01  8.47765E-01  1.76607E+00 -7.35311E-01  2.22172E+00  6.93800E-02  6.93800E-02
b  17   11 17   13  99  3.04417E-01  5.93311E-01  2.24734E+00 -1.11736E+00  2.91489E+00  2.11100E-01  2.11100E-01
b  17   12 17   13  99  2.50315E-01  1.38570E-01  2.35064E+00 -1.34942E+00  3.35057E+00  1.49700E+00  1.49700E+00
b  17    1 17   14  98  0.00000E+00  0.00000E+00  0.00000E+00  0.00000E+00  0.00000E+00  2.01960E-01  4.03920E-03
b  17    2 17   14  99  1.33780E-01  1.54196E+00 -2.18999E+01  1.49816E+02  2.00000E+01  6.96000E-02  6.96000E-02
b  17    7 17   14  99  1.01095E-01  1.11857E+00 -1.67197E+01  1.00202E+02  2.00000E+01  2.49180E+00  2.49180E+00
b  17    9 17   14  99  1.93489E-01  1.83039E+00 -2.07624E+01  2.29127E+02  2.00000E+01  3.80400E-02  3.80400E-02
b  17   10 17   14  99  3.45065E-01  1.03113E+00  1.81842E+00 -7.47157E-01  2.22850E+00  3.54000E-02  3.54000E-02
b  17   11 17   14  99  3.34540E-01  9.27814E-01  2.35739E+00 -1.11983E+00  2.94620E+00  7.74700E-02  7.74700E-02
b  17   12 17   14  99  3.06212E-01  5.88626E-01  2.72364E+00 -1.48639E+00  3.46840E+00  2.40600E-01  2.40600E-01
b  17   13 17   14  99  2.39962E-01  1.67246E-01  2.30620E+00 -3.49725E-01  4.03108E+00  1.72100E+00  1.72100E+00
b  17    1 17   15  98  0.00000E+00  0.00000E+00  0.00000E+00  0.00000E+00  0.00000E+00  2.45217E-01  4.90434E-03
b  17    2 17   15  99  1.37195E-01  1.55449E+00 -2.23895E+01  1.60626E+02  2.00000E+01  4.85460E-02  4.85460E-02
b  17    8 17   15  99  1.01095E-01  1.11857E+00 -1.67197E+01  1.00202E+02  2.00000E+01  2.49180E+00  2.49180E+00
b  17    9 17   15  99  1.96199E-01  1.91079E+00 -2.11207E+01  2.30375E+02  2.00000E+01  2.49400E-02  2.49400E-02
b  17   10 17   15  99  3.54988E-01  1.17398E+00  1.80258E+00 -7.28743E-01  2.19501E+00  2.10400E-02  2.10400E-02
b  17   11 17   15  99  3.22734E-01  1.31993E+00  1.42106E+00 -4.76494E-01  2.12485E+00  3.86700E-02  3.86700E-02
b  17   12 17   15  99  3.30458E-01  1.01327E+00  2.42731E+00 -1.28347E+00  3.05845E+00  8.59400E-02  8.59400E-02
b  17   13 17   15  99  2.98060E-01  6.19514E-01  2.70747E+00 -1.57253E+00  3.55709E+00  2.69900E-01  2.69900E-01
b  17   14 17   15  99  8.14576E-02  6.57177E-02  7.68259E-01 -9.94083E-02  4.05132E+00  5.50300E+00  5.50300E+00
b  17    1 17   16  99  1.11898E-01  1.89550E+00 -5.62645E+01  5.15344E+02  2.00000E+01  1.59573E+00  1.59573E+00
b  17    1 17   17  99  1.00991E-01  1.86826E+00 -4.70518E+01  3.52834E+02  2.00000E+01  5.59760E-01  5.59760E-01
b  17    2 17   17  99  1.11898E-01  1.89550E+00 -5.62645E+01  5.15344E+02  2.00000E+01  1.74080E+00  1.74080E+00
b  17   16 17   17  99  1.01095E-01  1.11857E+00 -1.67197E+01  1.00202E+02  2.00000E+01  3.32240E+00  3.32240E+00
b  17    1 17   18  99  1.08605E-01  1.56052E+00 -2.61521E+01  1.47398E+02  1.30570E+01  2.39200E-01  2.39200E-01
b  17    3 17   18  99  1.11898E-01  1.89550E+00 -5.62645E+01  5.15344E+02  2.00000E+01  1.74080E+00  1.74080E+00
b  17   16 17   18  99  1.11053E-01  1.23231E+00 -1.75404E+01  1.07178E+02  2.00000E+01  1.02480E+00  1.02480E+00
b  17   17 17   18  99  2.29814E-01  1.53209E-01  1.23261E+00 -4.03171E-01  2.04371E+00  7.83400E-01  7.83400E-01
b  17    1 17   19  99  1.49291E-01  1.28865E+00 -1.44355E+01  6.40775E+01  7.81632E+00  1.18800E-01  1.18800E-01
b  17    4 17   19  99  1.11898E-01  1.89550E+00 -5.62645E+01  5.15344E+02  2.00000E+01  1.74080E+00  1.74080E+00
b  17   16 17   19  99  1.29617E-01  1.44677E+00 -2.16811E+01  1.51242E+02  2.00000E+01  4.20960E-01  4.20960E-01
b  17   17 17   19  99  1.51640E-01  1.38911E+00 -1.75343E+01  1.72517E+02  2.00000E+01  1.48900E-01  1.48900E-01
b  17   18 17   19  99  2.68211E-01  1.10687E-01  2.09922E+00 -1.04581E+00  2.77539E+00  9.99300E-01  9.99300E-01
b  17    1 17   20  99  1.61527E-01  1.18900E+00 -1.22783E+01  5.25878E+01  7.01915E+00  7.06160E-02  7.06160E-02
b  17    5 17   20  99  1.11898E-01  1.89550E+00 -5.62645E+01  5.15344E+02  2.00000E+01  1.74080E+00  1.74080E+00
b  17   16 17   20  99  1.31791E-01  1.48811E+00 -2.17944E+01  1.51629E+02  2.00000E+01  2.29680E-01  2.29680E-01
b  17   17 17   20  99  1.68114E-01  1.61221E+00 -1.86806E+01  1.85912E+02  2.00000E+01  6.04300E-02  6.04300E-02
b  17   18 17   20  99  2.88590E-01  6.33343E-01  1.39999E+00 -4.86316E-01  2.05175E+00  1.81500E-01  1.81500E-01
b  17   19 17   20  99  2.65824E-01  8.78408E-02  2.56093E+00 -1.47319E+00  3.34890E+00  1.26100E+00  1.26100E+00
b  17    1 17   21  99  1.62735E-01  1.18192E+00 -1.21956E+01  5.23559E+01  6.98289E+00  4.54960E-02  4.54960E-02
b  17    6 17   21  99  1.11898E-01  1.89550E+00 -5.62645E+01  5.15344E+02  2.00000E+01  1.74080E+00  1.74080E+00
b  17   16 17   21  99  1.33359E-01  1.51552E+00 -2.17206E+01  1.49390E+02  2.00000E+01  1.40560E-01  1.40560E-01
b  17   17 17   21  99  1.83907E-01  1.74701E+00 -2.04129E+01  2.19359E+02  2.00000E+01  3.16300E-02  3.16300E-02
b  17   18 17   21  99  3.27899E-01  8.47765E-01  1.76607E+00 -7.35311E-01  2.22172E+00  6.93800E-02  6.93800E-02
b  17   19 17   21  99  3.04417E-01  5.93311E-01  2.24734E+00 -1.11736E+00  2.91489E+00  2.11100E-01  2.11100E-01
b  17   20 17   21  99  2.50315E-01  1.38570E-01  2.35064E+00 -1.34942E+00  3.35057E+00  1.49700E+00  1.49700E+00
b  17    1 17   22  99  1.70035E-01  1.13228E+00 -1.12771E+01  4.78547E+01  6.64672E+00  3.10640E-02  3.10640E-02
b  17    7 17   22  99  1.11898E-01  1.89550E+00 -5.62645E+01  5.15344E+02  2.00000E+01  1.74080E+00  1.74080E+00
b  17   16 17   22  99  1.33780E-01  1.54196E+00 -2.18999E+01  1.49816E+02  2.00000E+01  9.28000E-02  9.28000E-02
b  17   17 17   22  99  1.93489E-01  1.83039E+00 -2.07624E+01  2.29127E+02  2.00000E+01  1.90200E-02  1.90200E-02
b  17   18 17   22  99  3.45065E-01  1.03113E+00  1.81842E+00 -7.47157E-01  2.22850E+00  3.54000E-02  3.54000E-02
b  17   19 17   22  99  3.34540E-01  9.27814E-01  2.35739E+00 -1.11983E+00  2.94620E+00  7.74700E-02  7.74700E-02
b  17   20 17   22  99  3.06212E-01  5.88626E-01  2.72364E+00 -1.48639E+00  3.46840E+00  2.40600E-01  2.40600E-01
b  17   21 17   22  99  2.39962E-01  1.67246E-01  2.30620E+00 -3.49725E-01  4.03108E+00  1.72100E+00  1.72100E+00
b  17    1 17   23  99  1.69946E-01  1.12489E+00 -1.10815E+01  4.67318E+01  6.59110E+00  2.21520E-02  2.21520E-02
b  17    8 17   23  99  1.11898E-01  1.89550E+00 -5.62645E+01  5.15344E+02  2.00000E+01  1.74080E+00  1.74080E+00
b  17   16 17   23  99  1.37195E-01  1.55449E+00 -2.23895E+01  1.60626E+02  2.00000E+01  6.47280E-02  6.47280E-02
b  17   17 17   23  99  1.96199E-01  1.91079E+00 -2.11207E+01  2.30375E+02  2.00000E+01  1.24700E-02  1.24700E-02
b  17   18 17   23  99  3.54988E-01  1.17398E+00  1.80258E+00 -7.28743E-01  2.19501E+00  2.10400E-02  2.10400E-02
b  17   19 17   23  99  3.22734E-01  1.31993E+00  1.42106E+00 -4.76494E-01  2.12485E+00  3.86700E-02  3.86700E-02
b  17   20 17   23  99  3.30458E-01  1.01327E+00  2.42731E+00 -1.28347E+00  3.05845E+00  8.59400E-02  8.59400E-02
b  17   21 17   23  99  2.98060E-01  6.19514E-01  2.70747E+00 -1.57253E+00  3.55709E+00  2.69900E-01  2.69900E-01
b  17   22 17   23  99  8.14576E-02  6.57177E-02  7.68259E-01 -9.94083E-02  4.05132E+00  5.50300E+00  5.50300E+00
b  17    1 17   24  99  1.36917E-01  1.70153E+00 -2.21264E+01  8.60222E+01  7.54389E+00  4.93044E-02  4.93044E-02
b  17   16 17   24  99  2.07182E-01  1.06520E+00 -1.37821E+01  5.54132E+01  5.74155E+00  7.57250E-02  7.57250E-02
b  17    1 17   25  99  1.17950E-01  1.91679E+00 -2.57136E+01  9.94102E+01  8.41161E+00  2.17600E-02  2.17600E-02
b  17    2 17   25  99  1.36917E-01  1.70153E+00 -2.21264E+01  8.60222E+01  7.54389E+00  5.37867E-02  5.37867E-02
b  17   17 17   25  99  2.07182E-01  1.06520E+00 -1.37821E+01  5.54132E+01  5.74155E+00  7.57250E-02  7.57250E-02
b  17   24 17   25  99  1.01095E-01  1.11857E+00 -1.67197E+01  1.00202E+02  2.00000E+01  3.32240E+00  3.32240E+00
b  17    1 17   26  99  1.17335E-01  1.90478E+00 -2.52483E+01  9.64842E+01  8.33804E+00  9.74800E-03  9.74800E-03
b  17    3 17   26  99  1.36917E-01  1.70153E+00 -2.21264E+01  8.60222E+01  7.54389E+00  5.37867E-02  5.37867E-02
b  17   18 17   26  99  2.07182E-01  1.06520E+00 -1.37821E+01  5.54132E+01  5.74155E+00  7.57250E-02  7.57250E-02
b  17   24 17   26  99  1.11053E-01  1.23231E+00 -1.75404E+01  1.07178E+02  2.00000E+01  1.02480E+00  1.02480E+00
b  17   25 17   26  99  2.29814E-01  1.53209E-01  1.23261E+00 -4.03171E-01  2.04371E+00  7.83400E-01  7.83400E-01
b  17    1 17   27  99  1.09565E-01  2.12463E+00 -2.99716E+01  1.17702E+02  9.19683E+00  5.00400E-03  5.00400E-03
b  17    4 17   27  99  1.36917E-01  1.70153E+00 -2.21264E+01  8.60222E+01  7.54389E+00  5.37867E-02  5.37867E-02
b  17   19 17   27  99  2.07182E-01  1.06520E+00 -1.37821E+01  5.54132E+01  5.74155E+00  7.57250E-02  7.57250E-02
b  17   24 17   27  99  1.29617E-01  1.44677E+00 -2.16811E+01  1.51242E+02  2.00000E+01  4.20960E-01  4.20960E-01
b  17   25 17   27  99  1.51640E-01  1.38911E+00 -1.75343E+01  1.72517E+02  2.00000E+01  1.48900E-01  1.48900E-01
b  17   26 17   27  99  2.68211E-01  1.10687E-01  2.09922E+00 -1.04581E+00  2.77539E+00  9.99300E-01  9.99300E-01
b  17    1 17   28  99  1.09043E-01  2.07302E+00 -2.86956E+01  1.11088E+02  8.98945E+00  2.99800E-03  2.99800E-03
b  17    5 17   28  99  1.36917E-01  1.70153E+00 -2.21264E+01  8.60222E+01  7.54389E+00  5.37867E-02  5.37867E-02
b  17   20 17   28  99  2.07182E-01  1.06520E+00 -1.37821E+01  5.54132E+01  5.74155E+00  7.57250E-02  7.57250E-02
b  17   24 17   28  99  1.31791E-01  1.48811E+00 -2.17944E+01  1.51629E+02  2.00000E+01  2.29680E-01  2.29680E-01
b  17   25 17   28  99  1.68114E-01  1.61221E+00 -1.86806E+01  1.85912E+02  2.00000E+01  6.04300E-02  6.04300E-02
b  17   26 17   28  99  2.88590E-01  6.33343E-01  1.39999E+00 -4.86316E-01  2.05175E+00  1.81500E-01  1.81500E-01
b  17   27 17   28  99  2.65824E-01  8.78408E-02  2.56093E+00 -1.47319E+00  3.34890E+00  1.26100E+00  1.26100E+00
b  17    1 17   29  99  1.04957E-01  2.09913E+00 -2.98118E+01  1.16951E+02  9.36127E+00  1.93640E-03  1.93640E-03
b  17    6 17   29  99  1.36917E-01  1.70153E+00 -2.21264E+01  8.60222E+01  7.54389E+00  5.37867E-02  5.37867E-02
b  17   21 17   29  99  2.07182E-01  1.06520E+00 -1.37821E+01  5.54132E+01  5.74155E+00  7.57250E-02  7.57250E-02
b  17   24 17   29  99  1.33359E-01  1.51552E+00 -2.17206E+01  1.49390E+02  2.00000E+01  1.40560E-01  1.40560E-01
b  17   25 17   29  99  1.83907E-01  1.74701E+00 -2.04129E+01  2.19359E+02  2.00000E+01  3.16300E-02  3.16300E-02
b  17   26 17   29  99  3.27899E-01  8.47765E-01  1.76607E+00 -7.35311E-01  2.22172E+00  6.93800E-02  6.93800E-02
b  17   27 17   29  99  3.04417E-01  5.93311E-01  2.24734E+00 -1.11736E+00  2.91489E+00  2.11100E-01  2.11100E-01
b  17   28 17   29  99  2.50315E-01  1.38570E-01  2.35064E+00 -1.34942E+00  3.35057E+00  1.49700E+00  1.49700E+00
b  17    1 17   30  99  1.03731E-01  2.07860E+00 -2.91900E+01  1.13359E+02  9.25071E+00  1.32260E-03  1.32260E-03
b  17    7 17   30  99  1.36917E-01  1.70153E+00 -2.21264E+01  8.60222E+01  7.54389E+00  5.37867E-02  5.37867E-02
b  17   22 17   30  99  2.07182E-01  1.06520E+00 -1.37821E+01  5.54132E+01  5.74155E+00  7.57250E-02  7.57250E-02
b  17   24 17   30  99  1.33780E-01  1.54196E+00 -2.18999E+01  1.49816E+02  2.00000E+01  9.28000E-02  9.28000E-02
b  17   25 17   30  99  1.93489E-01  1.83039E+00 -2.07624E+01  2.29127E+02  2.00000E+01  1.90200E-02  1.90200E-02
b  17   26 17   30  99  3.45065E-01  1.03113E+00  1.81842E+00 -7.47157E-01  2.22850E+00  3.54000E-02  3.54000E-02
b  17   27 17   30  99  3.34540E-01  9.27814E-01  2.35739E+00 -1.11983E+00  2.94620E+00  7.74700E-02  7.74700E-02
b  17   28 17   30  99  3.06212E-01  5.88626E-01  2.72364E+00 -1.48639E+00  3.46840E+00  2.40600E-01  2.40600E-01
b  17   29 17   30  99  2.39962E-01  1.67246E-01  2.30620E+00 -3.49725E-01  4.03108E+00  1.72100E+00  1.72100E+00
b  17    1 17   31  99  1.06299E-01  2.05311E+00 -2.86768E+01  1.11567E+02  9.11570E+00  9.42400E-04  9.42400E-04
b  17    8 17   31  99  1.36917E-01  1.70153E+00 -2.21264E+01  8.60222E+01  7.54389E+00  5.37867E-02  5.37867E-02
b  17   23 17   31  99  2.07182E-01  1.06520E+00 -1.37821E+01  5.54132E+01  5.74155E+00  7.57250E-02  7.57250E-02
b  17   24 17   31  99  1.37195E-01  1.55449E+00 -2.23895E+01  1.60626E+02  2.00000E+01  6.47280E-02  6.47280E-02
b  17   25 17   31  99  1.96199E-01  1.91079E+00 -2.11207E+01  2.30375E+02  2.00000E+01  1.24700E-02  1.24700E-02
b  17   26 17   31  99  3.54988E-01  1.17398E+00  1.80258E+00 -7.28743E-01  2.19501E+00  2.10400E-02  2.10400E-02
b  17   27 17   31  99  3.22734E-01  1.31993E+00  1.42106E+00 -4.76494E-01  2.12485E+00  3.86700E-02  3.86700E-02
b  17   28 17   31  99  3.30458E-01  1.01327E+00  2.42731E+00 -1.28347E+00  3.05845E+00  8.59400E-02  8.59400E-02
b  17   29 17   31  99  2.98060E-01  6.19514E-01  2.70747E+00 -1.57253E+00  3.55709E+00  2.69900E-01  2.69900E-01
b  17   30 17   31  99  8.14576E-02  6.57177E-02  7.68259E-01 -9.94083E-02  4.05132E+00  5.50300E+00  5.50300E+00
f  17    1 16    1  99  7.00000E+00  1.57600E+01
p  17    1 16    1  98  1.15920E+00 -2.32480E+00 -9.61630E-02  3.79340E-03  7.00000E+00  3.39600E+02  3.53100E+02  6.79100E+03
f  17    2 16    1  99  1.00000E+00  1.17386E+01
p  17    2 16    1  99  1.00000E+00  1.17386E+01
f  17    3 16    1  99  1.00000E+00  1.11452E+01
p  17    3 16    1  99  1.00000E+00  1.11452E+01
f  17    4 16    1  99  1.00000E+00  1.12100E+01
p  17    4 16    1  99  1.00000E+00  1.12100E+01
f  17    5 16    1  99  1.00000E+00  1.11660E+01
p  17    5 16    1  99  1.00000E+00  1.11660E+01
f  17    6 16    1  99  1.00000E+00  1.10682E+01
p  17    6 16    1  99  1.00000E+00  1.10682E+01
f  17    7 16    1  99  1.00000E+00  1.10562E+01
p  17    7 16    1  99  1.00000E+00  1.10562E+01
f  17    8 16    1  99  1.00000E+00  1.10016E+01
p  17    8 16    1  99  1.00000E+00  1.10016E+01
f  17    2 16    2  99  6.00000E+00  1.17386E+01
p  17    2 16    2  98  1.15920E+00 -2.32480E+00 -9.61630E-02  3.79340E-03  7.00000E+00  3.39600E+02  3.53100E+02  6.79100E+03
f  17    9 16    2  99  2.00000E+00  1.22991E+01
p  17    9 16    2  99  2.00000E+00  1.22991E+01
f  17   10 16    2  99  1.00000E+00  1.12048E+01
p  17   10 16    2  99  1.00000E+00  1.12048E+01
f  17   11 16    2  99  1.00000E+00  1.12320E+01
p  17   11 16    2  99  1.00000E+00  1.12320E+01
f  17   12 16    2  99  1.00000E+00  1.11770E+01
p  17   12 16    2  99  1.00000E+00  1.11770E+01
f  17   13 16    2  99  1.00000E+00  1.10752E+01
p  17   13 16    2  99  1.00000E+00  1.10752E+01
f  17   14 16    2  99  1.00000E+00  1.10622E+01
p  17   14 16    2  99  1.00000E+00  1.10622E+01
f  17   15 16    2  99  1.00000E+00  1.10115E+01
p  17   15 16    2  99  1.00000E+00  1.10115E+01
f  17    3 16    3  99  6.00000E+00  1.11452E+01
p  17    3 16    3  98  1.15920E+00 -2.32480E+00 -9.61630E-02  3.79340E-03  7.00000E+00  3.39600E+02  3.53100E+02  6.79100E+03
f  17   10 16    3  99  1.00000E+00  1.12048E+01
p  17   10 16    3  99  1.00000E+00  1.12048E+01
f  17    4 16    4  99  6.00000E+00  1.12100E+01
p  17    4 16    4  98  1.15920E+00 -2.32480E+00 -9.61630E-02  3.79340E-03  7.00000E+00  3.39600E+02  3.53100E+02  6.79100E+03
f  17   11 16    4  99  1.00000E+00  1.12320E+01
p  17   11 16    4  99  1.00000E+00  1.12320E+01
f  17    5 16    5  99  6.00000E+00  1.11660E+01
p  17    5 16    5  98  1.15920E+00 -2.32480E+00 -9.61630E-02  3.79340E-03  7.00000E+00  3.39600E+02  3.53100E+02  6.79100E+03
f  17   12 16    5  99  1.00000E+00  1.11770E+01
p  17   12 16    5  99  1.00000E+00  1.11770E+01
f  17    6 16    6  99  6.00000E+00  1.10682E+01
p  17    6 16    6  98  1.15920E+00 -2.32480E+00 -9.61630E-02  3.79340E-03  7.00000E+00  3.39600E+02  3.53100E+02  6.79100E+03
f  17   13 16    6  99  1.00000E+00  1.10752E+01
p  17   13 16    6  99  1.00000E+00  1.10752E+01
f  17    7 16    7  99  6.00000E+00  1.10562E+01
p  17    7 16    7  98  1.15920E+00 -2.32480E+00 -9.61630E-02  3.79340E-03  7.00000E+00  3.39600E+02  3.53100E+02  6.79100E+03
f  17   14 16    7  99  1.00000E+00  1.10622E+01
p  17   14 16    7  99  1.00000E+00  1.10622E+01
f  17    8 16    8  99  6.00000E+00  1.10016E+01
p  17    8 16    8  98  1.15920E+00 -2.32480E+00 -9.61630E-02  3.79340E-03  7.00000E+00  3.39600E+02  3.53100E+02  6.79100E+03
f  17   15 16    8  99  1.00000E+00  1.10115E+01
p  17   15 16    8  99  1.00000E+00  1.10115E+01
f  17    9 16    9  99  5.00000E+00  1.22991E+01
p  17    9 16    9  98  1.15920E+00 -2.32480E+00 -9.61630E-02  3.79340E-03  7.00000E+00  3.39600E+02  3.53100E+02  6.79100E+03
f  17   10 16   10  99  5.00000E+00  1.12048E+01
p  17   10 16   10  98  1.15920E+00 -2.32480E+00 -9.61630E-02  3.79340E-03  7.00000E+00  3.39600E+02  3.53100E+02  6.79100E+03
f  17   11 16   11  99  5.00000E+00  1.12320E+01
p  17   11 16   11  98  1.15920E+00 -2.32480E+00 -9.61630E-02  3.79340E-03  7.00000E+00  3.39600E+02  3.53100E+02  6.79100E+03
f  17   12 16   12  99  5.00000E+00  1.11770E+01
p  17   12 16   12  98  1.15920E+00 -2.32480E+00 -9.61630E-02  3.79340E-03  7.00000E+00  3.39600E+02  3.53100E+02  6.79100E+03
f  17   13 16   13  99  5.00000E+00  1.10752E+01
p  17   13 16   13  98  1.15920E+00 -2.32480E+00 -9.61630E-02  3.79340E-03  7.00000E+00  3.39600E+02  3.53100E+02  6.79100E+03
f  17   14 16   14  99  5.00000E+00  1.10622E+01
p  17   14 16   14  98  1.15920E+00 -2.32480E+00 -9.61630E-02  3.79340E-03  7.00000E+00  3.39600E+02  3.53100E+02  6.79100E+03
f  17   15 16   15  99  5.00000E+00  1.10115E+01
p  17   15 16   15  98  1.15920E+00 -2.32480E+00 -9.61630E-02  3.79340E-03  7.00000E+00  3.39600E+02  3.53100E+02  6.79100E+03
f  17    1 16   16  99  8.00000E+00  1.57600E+01
p  17    1 16   16  98  1.84710E+00 -2.47820E+00 -1.27240E-01  1.16340E-02  8.00000E+00  1.19400E+03  1.24200E+03  2.38800E+04
f  17   16 16   16  99  8.00000E+00  1.63240E+01
p  17   16 16   16  98  1.15920E+00 -2.32480E+00 -9.61630E-02  3.79340E-03  7.00000E+00  3.39600E+02  3.53100E+02  6.79100E+03
f  17   17 16   16  99  1.00000E+00  1.17953E+01
p  17   17 16   16  99  1.00000E+00  1.17953E+01
f  17   18 16   16  99  1.00000E+00  1.11635E+01
p  17   18 16   16  99  1.00000E+00  1.11635E+01
f  17   19 16   16  99  1.00000E+00  1.12160E+01
p  17   19 16   16  99  1.00000E+00  1.12160E+01
f  17   20 16   16  99  1.00000E+00  1.11700E+01
p  17   20 16   16  99  1.00000E+00  1.11700E+01
f  17   21 16   16  99  1.00000E+00  1.10772E+01
p  17   21 16   16  99  1.00000E+00  1.10772E+01
f  17   22 16   16  99  1.00000E+00  1.10632E+01
p  17   22 16   16  99  1.00000E+00  1.10632E+01
f  17   23 16   16  99  1.00000E+00  1.10016E+01
p  17   23 16   16  99  1.00000E+00  1.10016E+01
f  17    2 16   17  99  8.00000E+00  1.17386E+01
p  17    2 16   17  98  1.84710E+00 -2.47820E+00 -1.27240E-01  1.16340E-02  8.00000E+00  1.19400E+03  1.24200E+03  2.38800E+04
f  17   17 16   17  99  7.00000E+00  1.17953E+01
p  17   17 16   17  98  1.15920E+00 -2.32480E+00 -9.61630E-02  3.79340E-03  7.00000E+00  3.39600E+02  3.53100E+02  6.79100E+03
f  17    3 16   18  99  8.00000E+00  1.11452E+01
p  17    3 16   18  98  1.84710E+00 -2.47820E+00 -1.27240E-01  1.16340E-02  8.00000E+00  1.19400E+03  1.24200E+03  2.38800E+04
f  17   18 16   18  99  7.00000E+00  1.11635E+01
p  17   18 16   18  98  1.15920E+00 -2.32480E+00 -9.61630E-02  3.79340E-03  7.00000E+00  3.39600E+02  3.53100E+02  6.79100E+03
f  17    4 16   19  99  8.00000E+00  1.12100E+01
p  17    4 16   19  98  1.84710E+00 -2.47820E+00 -1.27240E-01  1.16340E-02  8.00000E+00  1.19400E+03  1.24200E+03  2.38800E+04
f  17   19 16   19  99  7.00000E+00  1.12160E+01
p  17   19 16   19  98  1.15920E+00 -2.32480E+00 -9.61630E-02  3.79340E-03  7.00000E+00  3.39600E+02  3.53100E+02  6.79100E+03
f  17    5 16   20  99  8.00000E+00  1.11660E+01
p  17    5 16   20  98  1.84710E+00 -2.47820E+00 -1.27240E-01  1.16340E-02  8.00000E+00  1.19400E+03  1.24200E+03  2.38800E+04
f  17   20 16   20  99  7.00000E+00  1.11700E+01
p  17   20 16   20  98  1.15920E+00 -2.32480E+00 -9.61630E-02  3.79340E-03  7.00000E+00  3.39600E+02  3.53100E+02  6.79100E+03
f  17    6 16   21  99  8.00000E+00  1.10682E+01
p  17    6 16   21  98  1.84710E+00 -2.47820E+00 -1.27240E-01  1.16340E-02  8.00000E+00  1.19400E+03  1.24200E+03  2.38800E+04
f  17   21 16   21  99  7.00000E+00  1.10772E+01
p  17   21 16   21  98  1.15920E+00 -2.32480E+00 -9.61630E-02  3.79340E-03  7.00000E+00  3.39600E+02  3.53100E+02  6.79100E+03
f  17    7 16   22  99  8.00000E+00  1.10562E+01
p  17    7 16   22  98  1.84710E+00 -2.47820E+00 -1.27240E-01  1.16340E-02  8.00000E+00  1.19400E+03  1.24200E+03  2.38800E+04
f  17   22 16   22  99  7.00000E+00  1.10632E+01
p  17   22 16   22  98  1.15920E+00 -2.32480E+00 -9.61630E-02  3.79340E-03  7.00000E+00  3.39600E+02  3.53100E+02  6.79100E+03
f  17    8 16   23  99  8.00000E+00  1.10016E+01
p  17    8 16   23  98  1.84710E+00 -2.47820E+00 -1.27240E-01  1.16340E-02  8.00000E+00  1.19400E+03  1.24200E+03  2.38800E+04
f  17   23 16   23  99  7.00000E+00  1.10016E+01
p  17   23 16   23  98  1.15920E+00 -2.32480E+00 -9.61630E-02  3.79340E-03  7.00000E+00  3.39600E+02  3.53100E+02  6.79100E+03
f  17    1 16   24  99  2.00000E+00  1.57600E+01
p  17    1 16   24  98  2.11040E+00 -2.52530E+00 -1.87720E-01  2.12610E-02  2.00000E+00  7.96700E+03  8.28600E+03  1.59400E+05
f  17   24 16   24  99  8.00000E+00  1.64040E+01
p  17   24 16   24  98  1.15920E+00 -2.32480E+00 -9.61630E-02  3.79340E-03  7.00000E+00  3.39600E+02  3.53100E+02  6.79100E+03
f  17   25 16   24  99  1.00000E+00  1.18185E+01
p  17   25 16   24  99  1.00000E+00  1.18185E+01
f  17   26 16   24  99  1.00000E+00  1.11626E+01
p  17   26 16   24  99  1.00000E+00  1.11626E+01
f  17   27 16   24  99  1.00000E+00  1.12250E+01
p  17   27 16   24  99  1.00000E+00  1.12250E+01
f  17   28 16   24  99  1.00000E+00  1.11790E+01
p  17   28 16   24  99  1.00000E+00  1.11790E+01
f  17   29 16   24  99  1.00000E+00  1.10781E+01
p  17   29 16   24  99  1.00000E+00  1.10781E+01
f  17   30 16   24  99  1.00000E+00  1.10641E+01
p  17   30 16   24  99  1.00000E+00  1.10641E+01
f  17   31 16   24  99  1.00000E+00  1.10016E+01
p  17   31 16   24  99  1.00000E+00  1.10016E+01
f  17    2 16   25  99  2.00000E+00  1.17386E+01
p  17    2 16   25  98  2.11040E+00 -2.52530E+00 -1.87720E-01  2.12610E-02  2.00000E+00  7.96700E+03  8.28600E+03  1.59400E+05
f  17   25 16   25  99  7.00000E+00  1.18185E+01
p  17   25 16   25  98  1.15920E+00 -2.32480E+00 -9.61630E-02  3.79340E-03  7.00000E+00  3.39600E+02  3.53100E+02  6.79100E+03
f  17    3 16   26  99  2.00000E+00  1.11452E+01
p  17    3 16   26  98  2.11040E+00 -2.52530E+00 -1.87720E-01  2.12610E-02  2.00000E+00  7.96700E+03  8.28600E+03  1.59400E+05
f  17   26 16   26  99  7.00000E+00  1.11626E+01
p  17   26 16   26  98  1.15920E+00 -2.32480E+00 -9.61630E-02  3.79340E-03  7.00000E+00  3.39600E+02  3.53100E+02  6.79100E+03
f  17    4 16   27  99  2.00000E+00  1.12100E+01
p  17    4 16   27  98  2.11040E+00 -2.52530E+00 -1.87720E-01  2.12610E-02  2.00000E+00  7.96700E+03  8.28600E+03  1.59400E+05
f  17   27 16   27  99  7.00000E+00  1.12250E+01
p  17   27 16   27  98  1.15920E+00 -2.32480E+00 -9.61630E-02  3.79340E-03  7.00000E+00  3.39600E+02  3.53100E+02  6.79100E+03
f  17    5 16   28  99  2.00000E+00  1.11660E+01
p  17    5 16   28  98  2.11040E+00 -2.52530E+00 -1.87720E-01  2.12610E-02  2.00000E+00  7.96700E+03  8.28600E+03  1.59400E+05
f  17   28 16   28  99  7.00000E+00  1.11790E+01
p  17   28 16   28  98  1.15920E+00 -2.32480E+00 -9.61630E-02  3.79340E-03  7.00000E+00  3.39600E+02  3.53100E+02  6.79100E+03
f  17    6 16   29  99  2.00000E+00  1.10682E+01
p  17    6 16   29  98  2.11040E+00 -2.52530E+00 -1.87720E-01  2.12610E-02  2.00000E+00  7.96700E+03  8.28600E+03  1.59400E+05
f  17   29 16   29  99  7.00000E+00  1.10781E+01
p  17   29 16   29  98  1.15920E+00 -2.32480E+00 -9.61630E-02  3.79340E-03  7.00000E+00  3.39600E+02  3.53100E+02  6.79100E+03
f  17    7 16   30  99  2.00000E+00  1.10562E+01
p  17    7 16   30  98  2.11040E+00 -2.52530E+00 -1.87720E-01  2.12610E-02  2.00000E+00  7.96700E+03  8.28600E+03  1.59400E+05
f  17   30 16   30  99  7.00000E+00  1.10641E+01
p  17   30 16   30  98  1.15920E+00 -2.32480E+00 -9.61630E-02  3.79340E-03  7.00000E+00  3.39600E+02  3.53100E+02  6.79100E+03
f  17    8 16   31  99  2.00000E+00  1.10016E+01
p  17    8 16   31  98  2.11040E+00 -2.52530E+00 -1.87720E-01  2.12610E-02  2.00000E+00  7.96700E+03  8.28600E+03  1.59400E+05
f  17   31 16   31  99  7.00000E+00  1.10016E+01
p  17   31 16   31  98  1.15920E+00 -2.32480E+00 -9.61630E-02  3.79340E-03  7.00000E+00  3.39600E+02  3.53100E+02  6.79100E+03
a  17    9 16    1   9.20328E+13
a  17   10 16    1   2.86318E+13
a  17   11 16    1   1.09316E+13
a  17   12 16    1   5.05772E+12
a  17   13 16    1   2.59408E+12
a  17   14 16    1   1.43953E+12
a  17   15 16    1   8.50019E+11
a  17   16 16    1   3.53199E+14
a  17   17 16    1   1.15592E+13
a  17   18 16    1   3.39911E+12
a  17   19 16    1   1.29538E+12
a  17   20 16    1   5.99340E+11
a  17   21 16    1   3.07414E+11
a  17   22 16    1   1.70586E+11
a  17   23 16    1   1.00729E+11
a  17   24 16    1   4.43492E+12
a  17   25 16    1   1.63065E+11
a  17   26 16    1   4.69035E+10
a  17   27 16    1   1.74853E+10
a  17   28 16    1   8.08990E+09
a  17   29 16    1   4.14925E+09
a  17   30 16    1   2.30262E+09
a  17   31 16    1   1.35968E+09
a  17   17 16    2   2.64899E+14
a  17   25 16    2   3.32619E+12
a  17   18 16    3   2.64899E+14
a  17   26 16    3   3.32619E+12
a  17   19 16    4   2.64899E+14
a  17   27 16    4   3.32619E+12
a  17   20 16    5   2.64899E+14
a  17   28 16    5   3.32619E+12
a  17   21 16    6   2.64899E+14
a  17   29 16    6   3.32619E+12
a  17   22 16    7   2.64899E+14
a  17   30 16    7   3.32619E+12
a  17   23 16    8   2.64899E+14
a  17   31 16    8   3.32619E+12
a  17   24 16   16   1.36070E+14
a  17   25 16   16   2.65992E+12
a  17   26 16   16   7.69040E+11
a  17   27 16   16   2.87204E+11
a  17   28 16   16   1.32880E+11
a  17   29 16   16   6.81560E+10
a  17   30 16   16   3.78212E+10
a  17   31 16   16   2.23332E+10
a  17   25 16   17   1.19062E+14
a  17   26 16   18   1.19062E+14
a  17   27 16   19   1.19062E+14
a  17   28 16   20   1.19062E+14
a  17   29 16   21   1.19062E+14
a  17   30 16   22   1.19062E+14
a  17   31 16   23   1.19062E+14
b  18    1 18    2  99  1.39086E-01  1.09035E+00 -2.25884E+01  2.43266E+02  2.00000E+01  2.88640E+00  2.88640E+00
b  18    1 18    3  99  1.08888E-01  1.21639E+00 -1.60093E+01  8.26343E+01  2.00000E+01  9.61600E-01  9.61600E-01
b  18    2 18    3  99  2.19336E-01  1.85284E-01  1.13162E+00 -3.59728E-01  2.02244E+00  7.61100E-01  7.61100E-01
b  18    1 18    4  99  1.26588E-01  1.41086E+00 -1.99378E+01  1.24809E+02  2.00000E+01  4.05680E-01  4.05680E-01
b  18    2 18    4  99  3.37251E-01  4.54879E-01  1.79910E+00 -6.17715E-01  2.10420E+00  1.41300E-01  1.41300E-01
b  18    3 18    4  99  2.61458E-01  1.46938E-01  1.98404E+00 -9.79956E-01  2.74716E+00  9.86100E-01  9.86100E-01
b  18    1 18    5  99  1.29841E-01  1.44120E+00 -2.07533E+01  1.39593E+02  2.00000E+01  2.25120E-01  2.25120E-01
b  18    2 18    5  99  1.68652E-01  1.63421E+00 -1.79833E+01  1.76656E+02  2.00000E+01  5.76500E-02  5.76500E-02
b  18    3 18    5  99  2.82674E-01  6.79247E-01  1.31191E+00 -4.18044E-01  2.03197E+00  1.75800E-01  1.75800E-01
b  18    4 18    5  99  2.60449E-01  1.17691E-01  2.47652E+00 -1.42100E+00  3.36078E+00  1.25700E+00  1.25700E+00
b  18    1 18    6  99  1.30890E-01  1.45858E+00 -2.06654E+01  1.38119E+02  2.00000E+01  1.39040E-01  1.39040E-01
b  18    2 18    6  99  1.80944E-01  1.76761E+00 -1.88838E+01  1.93114E+02  2.00000E+01  3.03100E-02  3.03100E-02
b  18    3 18    6  99  3.12507E-01  9.38830E-01  1.45962E+00 -4.98816E-01  2.08790E+00  6.71000E-02  6.71000E-02
b  18    4 18    6  99  3.01126E-01  6.22419E-01  2.23928E+00 -1.12414E+00  2.96778E+00  2.07200E-01  2.07200E-01
b  18    5 18    6  99  2.46994E-01  1.57479E-01  2.39030E+00 -4.02526E-01  4.01419E+00  1.49900E+00  1.49900E+00
b  18    1 18    7  99  1.31886E-01  1.47869E+00 -2.10769E+01  1.43836E+02  2.00000E+01  9.24000E-02  9.24000E-02
b  18    2 18    7  99  1.86961E-01  1.86407E+00 -1.92125E+01  1.96279E+02  2.00000E+01  1.82800E-02  1.82800E-02
b  18    3 18    7  99  3.33990E-01  1.10748E+00  1.60740E+00 -6.15433E-01  2.12346E+00  3.42500E-02  3.42500E-02
b  18    4 18    7  99  3.31644E-01  9.63237E-01  2.34967E+00 -1.19316E+00  2.95527E+00  7.56900E-02  7.56900E-02
b  18    5 18    7  99  3.02873E-01  6.13954E-01  2.73675E+00 -1.57040E+00  3.54808E+00  2.37600E-01  2.37600E-01
b  18    6 18    7  99  2.35802E-01  1.92239E-01  2.22922E+00 -3.01138E-01  4.04553E+00  1.72400E+00  1.72400E+00
b  18    1 18    8  99  1.31300E-01  1.48996E+00 -2.08367E+01  1.38393E+02  2.00000E+01  6.47200E-02  6.47200E-02
b  18    2 18    8  99  1.99198E-01  1.92109E+00 -2.07093E+01  2.30470E+02  2.00000E+01  1.20200E-02  1.20200E-02
b  18    3 18    8  99  3.55275E-01  1.20426E+00  1.86462E+00 -7.98269E-01  2.25256E+00  2.03800E-02  2.03800E-02
b  18    4 18    8  99  3.49588E-01  1.22742E+00  2.32742E+00 -1.12996E+00  2.89241E+00  3.77300E-02  3.77300E-02
b  18    5 18    8  99  3.16689E-01  1.09327E+00  2.07331E+00 -9.88102E-01  2.90759E+00  8.44600E-02  8.44600E-02
b  18    6 18    8  99  2.94646E-01  6.43386E-01  2.67331E+00 -1.61305E+00  3.57265E+00  2.67600E-01  2.67600E-01
b  18    7 18    8  99  3.11404E-02  2.86861E-02  2.86816E-01 -4.75637E-02  3.97730E+00  1.42000E+01  1.42000E+01
b  18    1 18    9  98  0.00000E+00  0.00000E+00  0.00000E+00  0.00000E+00  0.00000E+00  7.51840E-02  1.50368E-03
b  18    2 18    9  99  1.39086E-01  1.09035E+00 -2.25884E+01  2.43266E+02  2.00000E+01  2.44667E+00  2.44667E+00
b  18    1 18   10  98  0.00000E+00  0.00000E+00  0.00000E+00  0.00000E+00  0.00000E+00  9.82795E-02  1.96559E-03
b  18    2 18   10  99  1.08888E-01  1.21639E+00 -1.60093E+01  8.26343E+01  2.00000E+01  8.41400E-01  8.41400E-01
b  18    3 18   10  99  1.39086E-01  1.09035E+00 -2.25884E+01  2.43266E+02  2.00000E+01  2.52560E+00  2.52560E+00
b  18    9 18   10  99  2.19336E-01  1.85284E-01  1.13162E+00 -3.59728E-01  2.02244E+00  1.52220E+00  1.52220E+00
b  18    1 18   11  98  0.00000E+00  0.00000E+00  0.00000E+00  0.00000E+00  0.00000E+00  1.30961E-01  2.61923E-03
b  18    2 18   11  99  1.26588E-01  1.41086E+00 -1.99378E+01  1.24809E+02  2.00000E+01  3.54970E-01  3.54970E-01
b  18    4 18   11  99  1.39086E-01  1.09035E+00 -2.25884E+01  2.43266E+02  2.00000E+01  2.52560E+00  2.52560E+00
b  18    9 18   11  99  3.37251E-01  4.54879E-01  1.79910E+00 -6.17715E-01  2.10420E+00  2.82600E-01  2.82600E-01
b  18   10 18   11  99  2.61458E-01  1.46938E-01  1.98404E+00 -9.79956E-01  2.74716E+00  9.86100E-01  9.86100E-01
b  18    1 18   12  98  0.00000E+00  0.00000E+00  0.00000E+00  0.00000E+00  0.00000E+00  1.69651E-01  3.39303E-03
b  18    2 18   12  99  1.29841E-01  1.44120E+00 -2.07533E+01  1.39593E+02  2.00000E+01  1.96980E-01  1.96980E-01
b  18    5 18   12  99  1.39086E-01  1.09035E+00 -2.25884E+01  2.43266E+02  2.00000E+01  2.52560E+00  2.52560E+00
b  18    9 18   12  99  1.68652E-01  1.63421E+00 -1.79833E+01  1.76656E+02  2.00000E+01  1.15300E-01  1.15300E-01
b  18   10 18   12  99  2.82674E-01  6.79247E-01  1.31191E+00 -4.18044E-01  2.03197E+00  1.75800E-01  1.75800E-01
b  18   11 18   12  99  2.60449E-01  1.17691E-01  2.47652E+00 -1.42100E+00  3.36078E+00  1.25700E+00  1.25700E+00
b  18    1 18   13  98  0.00000E+00  0.00000E+00  0.00000E+00  0.00000E+00  0.00000E+00  2.14489E-01  4.28977E-03
b  18    2 18   13  99  1.30890E-01  1.45858E+00 -2.06654E+01  1.38119E+02  2.00000E+01  1.21660E-01  1.21660E-01
b  18    6 18   13  99  1.39086E-01  1.09035E+00 -2.25884E+01  2.43266E+02  2.00000E+01  2.52560E+00  2.52560E+00
b  18    9 18   13  99  1.80944E-01  1.76761E+00 -1.88838E+01  1.93114E+02  2.00000E+01  6.06200E-02  6.06200E-02
b  18   10 18   13  99  3.12507E-01  9.38830E-01  1.45962E+00 -4.98816E-01  2.08790E+00  6.71000E-02  6.71000E-02
b  18   11 18   13  99  3.01126E-01  6.22419E-01  2.23928E+00 -1.12414E+00  2.96778E+00  2.07200E-01  2.07200E-01
b  18   12 18   13  99  2.46994E-01  1.57479E-01  2.39030E+00 -4.02526E-01  4.01419E+00  1.49900E+00  1.49900E+00
b  18    1 18   14  98  0.00000E+00  0.00000E+00  0.00000E+00  0.00000E+00  0.00000E+00  2.65943E-01  5.31886E-03
b  18    2 18   14  99  1.31886E-01  1.47869E+00 -2.10769E+01  1.43836E+02  2.00000E+01  8.08500E-02  8.08500E-02
b  18    7 18   14  99  1.39086E-01  1.09035E+00 -2.25884E+01  2.43266E+02  2.00000E+01  2.52560E+00  2.52560E+00
b  18    9 18   14  99  1.86961E-01  1.86407E+00 -1.92125E+01  1.96279E+02  2.00000E+01  3.65600E-02  3.65600E-02
b  18   10 18   14  99  3.33990E-01  1.10748E+00  1.60740E+00 -6.15433E-01  2.12346E+00  3.42500E-02  3.42500E-02
b  18   11 18   14  99  3.31644E-01  9.63237E-01  2.34967E+00 -1.19316E+00  2.95527E+00  7.56900E-02  7.56900E-02
b  18   12 18   14  99  3.02873E-01  6.13954E-01  2.73675E+00 -1.57040E+00  3.54808E+00  2.37600E-01  2.37600E-01
b  18   13 18   14  99  2.35802E-01  1.92239E-01  2.22922E+00 -3.01138E-01  4.04553E+00  1.72400E+00  1.72400E+00
b  18    1 18   15  98  0.00000E+00  0.00000E+00  0.00000E+00  0.00000E+00  0.00000E+00  3.23368E-01  6.46736E-03
b  18    2 18   15  99  1.31300E-01  1.48996E+00 -2.08367E+01  1.38393E+02  2.00000E+01  5.66300E-02  5.66300E-02
b  18    8 18   15  99  1.39086E-01  1.09035E+00 -2.25884E+01  2.43266E+02  2.00000E+01  2.52560E+00  2.52560E+00
b  18    9 18   15  99  1.99198E-01  1.92109E+00 -2.07093E+01  2.30470E+02  2.00000E+01  2.40400E-02  2.40400E-02
b  18   10 18   15  99  3.55275E-01  1.20426E+00  1.86462E+00 -7.98269E-01  2.25256E+00  2.03800E-02  2.03800E-02
b  18   11 18   15  99  3.49588E-01  1.22742E+00  2.32742E+00 -1.12996E+00  2.89241E+00  3.77300E-02  3.77300E-02
b  18   12 18   15  99  3.16689E-01  1.09327E+00  2.07331E+00 -9.88102E-01  2.90759E+00  8.44600E-02  8.44600E-02
b  18   13 18   15  99  2.94646E-01  6.43386E-01  2.67331E+00 -1.61305E+00  3.57265E+00  2.67600E-01  2.67600E-01
b  18   14 18   15  99  3.11404E-02  2.86861E-02  2.86816E-01 -4.75637E-02  3.97730E+00  1.42000E+01  1.42000E+01
b  18    1 18   16  99  1.13927E-01  1.92443E+00 -5.72354E+01  5.26268E+02  2.00000E+01  1.37289E+00  1.37289E+00
b  18    1 18   17  99  1.01754E-01  1.86791E+00 -4.79867E+01  3.70121E+02  2.00000E+01  5.07280E-01  5.07280E-01
b  18    2 18   17  99  1.13927E-01  1.92443E+00 -5.72354E+01  5.26268E+02  2.00000E+01  1.51018E+00  1.51018E+00
b  18   16 18   17  99  1.39086E-01  1.09035E+00 -2.25884E+01  2.43266E+02  2.00000E+01  3.24720E+00  3.24720E+00
b  18    1 18   18  99  9.90950E-02  1.85225E+00 -4.49356E+01  3.19340E+02  2.00000E+01  2.17040E-01  2.17040E-01
b  18    3 18   18  99  1.13927E-01  1.92443E+00 -5.72354E+01  5.26268E+02  2.00000E+01  1.51018E+00  1.51018E+00
b  18   16 18   18  99  1.08888E-01  1.21639E+00 -1.60093E+01  8.26343E+01  2.00000E+01  1.08180E+00  1.08180E+00
b  18   17 18   18  99  2.19336E-01  1.85284E-01  1.13162E+00 -3.59728E-01  2.02244E+00  7.61100E-01  7.61100E-01
b  18    1 18   19  99  1.21528E-01  1.54123E+00 -2.28402E+01  1.18734E+02  1.10516E+01  1.07760E-01  1.07760E-01
b  18    4 18   19  99  1.13927E-01  1.92443E+00 -5.72354E+01  5.26268E+02  2.00000E+01  1.51018E+00  1.51018E+00
b  18   16 18   19  99  1.26588E-01  1.41086E+00 -1.99378E+01  1.24809E+02  2.00000E+01  4.56390E-01  4.56390E-01
b  18   17 18   19  99  3.37251E-01  4.54879E-01  1.79910E+00 -6.17715E-01  2.10420E+00  1.41300E-01  1.41300E-01
b  18   18 18   19  99  2.61458E-01  1.46938E-01  1.98404E+00 -9.79956E-01  2.74716E+00  9.86100E-01  9.86100E-01
b  18    1 18   20  99  1.28848E-01  1.41060E+00 -1.83445E+01  8.80300E+01  9.47856E+00  6.40560E-02  6.40560E-02
b  18    5 18   20  99  1.13927E-01  1.92443E+00 -5.72354E+01  5.26268E+02  2.00000E+01  1.51018E+00  1.51018E+00
b  18   16 18   20  99  1.29841E-01  1.44120E+00 -2.07533E+01  1.39593E+02  2.00000E+01  2.53260E-01  2.53260E-01
b  18   17 18   20  99  1.68652E-01  1.63421E+00 -1.79833E+01  1.76656E+02  2.00000E+01  5.76500E-02  5.76500E-02
b  18   18 18   20  99  2.82674E-01  6.79247E-01  1.31191E+00 -4.18044E-01  2.03197E+00  1.75800E-01  1.75800E-01
b  18   19 18   20  99  2.60449E-01  1.17691E-01  2.47652E+00 -1.42100E+00  3.36078E+00  1.25700E+00  1.25700E+00
b  18    1 18   21  99  1.37968E-01  1.32075E+00 -1.59241E+01  7.36265E+01  8.55292E+00  4.12480E-02  4.12480E-02
b  18    6 18   21  99  1.13927E-01  1.92443E+00 -5.72354E+01  5.26268E+02  2.00000E+01  1.51018E+00  1.51018E+00
b  18   16 18   21  99  1.30890E-01  1.45858E+00 -2.06654E+01  1.38119E+02  2.00000E+01  1.56420E-01  1.56420E-01
b  18   17 18   21  99  1.80944E-01  1.76761E+00 -1.88838E+01  1.93114E+02  2.00000E+01  3.03100E-02  3.03100E-02
b  18   18 18   21  99  3.12507E-01  9.38830E-01  1.45962E+00 -4.98816E-01  2.08790E+00  6.71000E-02  6.71000E-02
b  18   19 18   21  99  3.01126E-01  6.22419E-01  2.23928E+00 -1.12414E+00  2.96778E+00  2.07200E-01  2.07200E-01
b  18   20 18   21  99  2.46994E-01  1.57479E-01  2.39030E+00 -4.02526E-01  4.01419E+00  1.49900E+00  1.49900E+00
b  18    1 18   22  99  1.40560E-01  1.28544E+00 -1.49686E+01  6.78465E+01  8.21150E+00  2.81440E-02  2.81440E-02
b  18    7 18   22  99  1.13927E-01  1.92443E+00 -5.72354E+01  5.26268E+02  2.00000E+01  1.51018E+00  1.51018E+00
b  18   16 18   22  99  1.31886E-01  1.47869E+00 -2.10769E+01  1.43836E+02  2.00000E+01  1.03950E-01  1.03950E-01
b  18   17 18   22  99  1.86961E-01  1.86407E+00 -1.92125E+01  1.96279E+02  2.00000E+01  1.82800E-02  1.82800E-02
b  18   18 18   22  99  3.33990E-01  1.10748E+00  1.60740E+00 -6.15433E-01  2.12346E+00  3.42500E-02  3.42500E-02
b  18   19 18   22  99  3.31644E-01  9.63237E-01  2.34967E+00 -1.19316E+00  2.95527E+00  7.56900E-02  7.56900E-02
b  18   20 18   22  99  3.02873E-01  6.13954E-01  2.73675E+00 -1.57040E+00  3.54808E+00  2.37600E-01  2.37600E-01
b  18   21 18   22  99  2.35802E-01  1.92239E-01  2.22922E+00 -3.01138E-01  4.04553E+00  1.72400E+00  1.72400E+00
b  18    1 18   23  99  1.40991E-01  1.27437E+00 -1.46746E+01  6.60712E+01  8.10853E+00  2.00560E-02  2.00560E-02
b  18    8 18   23  99  1.13927E-01  1.92443E+00 -5.72354E+01  5.26268E+02  2.00000E+01  1.51018E+00  1.51018E+00
b  18   16 18   23  99  1.31300E-01  1.48996E+00 -2.08367E+01  1.38393E+02  2.00000E+01  7.28100E-02  7.28100E-02
b  18   17 18   23  99  1.99198E-01  1.92109E+00 -2.07093E+01  2.30470E+02  2.00000E+01  1.20200E-02  1.20200E-02
b  18   18 18   23  99  3.55275E-01  1.20426E+00  1.86462E+00 -7.98269E-01  2.25256E+00  2.03800E-02  2.03800E-02
b  18   19 18   23  99  3.49588E-01  1.22742E+00  2.32742E+00 -1.12996E+00  2.89241E+00  3.77300E-02  3.77300E-02
b  18   20 18   23  99  3.16689E-01  1.09327E+00  2.07331E+00 -9.88102E-01  2.90759E+00  8.44600E-02  8.44600E-02
b  18   21 18   23  99  2.94646E-01  6.43386E-01  2.67331E+00 -1.61305E+00  3.57265E+00  2.67600E-01  2.67600E-01
b  18   22 18   23  99  3.11404E-02  2.86861E-02  2.86816E-01 -4.75637E-02  3.97730E+00  1.42000E+01  1.42000E+01
b  18    1 18   24  99  1.46524E-01  1.54822E+00 -1.96772E+01  7.60869E+01  7.07004E+00  4.40222E-02  4.40222E-02
b  18   16 18   24  99  2.11982E-01  1.04209E+00 -1.35060E+01  5.44225E+01  5.67859E+00  7.55250E-02  7.55250E-02
b  18    1 18   25  99  1.19371E-01  1.91823E+00 -2.58457E+01  1.00521E+02  8.41594E+00  1.94540E-02  1.94540E-02
b  18    2 18   25  99  1.46524E-01  1.54822E+00 -1.96772E+01  7.60869E+01  7.07004E+00  4.84244E-02  4.84244E-02
b  18   17 18   25  99  2.11982E-01  1.04209E+00 -1.35060E+01  5.44225E+01  5.67859E+00  7.55250E-02  7.55250E-02
b  18   24 18   25  99  1.39086E-01  1.09035E+00 -2.25884E+01  2.43266E+02  2.00000E+01  3.24720E+00  3.24720E+00
b  18    1 18   26  99  1.14655E-01  1.94028E+00 -2.63606E+01  1.02407E+02  8.62217E+00  8.58400E-03  8.58400E-03
b  18    3 18   26  99  1.46524E-01  1.54822E+00 -1.96772E+01  7.60869E+01  7.07004E+00  4.84244E-02  4.84244E-02
b  18   18 18   26  99  2.11982E-01  1.04209E+00 -1.35060E+01  5.44225E+01  5.67859E+00  7.55250E-02  7.55250E-02
b  18   24 18   26  99  1.08888E-01  1.21639E+00 -1.60093E+01  8.26343E+01  2.00000E+01  1.08180E+00  1.08180E+00
b  18   25 18   26  99  2.19336E-01  1.85284E-01  1.13162E+00 -3.59728E-01  2.02244E+00  7.61100E-01  7.61100E-01
b  18    1 18   27  99  1.17573E-01  2.03308E+00 -2.74766E+01  1.05780E+02  8.55094E+00  4.36600E-03  4.36600E-03
b  18    4 18   27  99  1.46524E-01  1.54822E+00 -1.96772E+01  7.60869E+01  7.07004E+00  4.84244E-02  4.84244E-02
b  18   19 18   27  99  2.11982E-01  1.04209E+00 -1.35060E+01  5.44225E+01  5.67859E+00  7.55250E-02  7.55250E-02
b  18   24 18   27  99  1.26588E-01  1.41086E+00 -1.99378E+01  1.24809E+02  2.00000E+01  4.56390E-01  4.56390E-01
b  18   25 18   27  99  3.37251E-01  4.54879E-01  1.79910E+00 -6.17715E-01  2.10420E+00  1.41300E-01  1.41300E-01
b  18   26 18   27  99  2.61458E-01  1.46938E-01  1.98404E+00 -9.79956E-01  2.74716E+00  9.86100E-01  9.86100E-01
b  18    1 18   28  99  1.12480E-01  2.05185E+00 -2.84742E+01  1.11329E+02  8.90181E+00  2.60000E-03  2.60000E-03
b  18    5 18   28  99  1.46524E-01  1.54822E+00 -1.96772E+01  7.60869E+01  7.07004E+00  4.84244E-02  4.84244E-02
b  18   20 18   28  99  2.11982E-01  1.04209E+00 -1.35060E+01  5.44225E+01  5.67859E+00  7.55250E-02  7.55250E-02
b  18   24 18   28  99  1.29841E-01  1.44120E+00 -2.07533E+01  1.39593E+02  2.00000E+01  2.53260E-01  2.53260E-01
b  18   25 18   28  99  1.68652E-01  1.63421E+00 -1.79833E+01  1.76656E+02  2.00000E+01  5.76500E-02  5.76500E-02
b  18   26 18   28  99  2.82674E-01  6.79247E-01  1.31191E+00 -4.18044E-01  2.03197E+00  1.75800E-01  1.75800E-01
b  18   27 18   28  99  2.60449E-01  1.17691E-01  2.47652E+00 -1.42100E+00  3.36078E+00  1.25700E+00  1.25700E+00
b  18    1 18   29  99  1.08452E-01  2.05954E+00 -2.88805E+01  1.13214E+02  9.08935E+00  1.67160E-03  1.67160E-03
b  18    6 18   29  99  1.46524E-01  1.54822E+00 -1.96772E+01  7.60869E+01  7.07004E+00  4.84244E-02  4.84244E-02
b  18   21 18   29  99  2.11982E-01  1.04209E+00 -1.35060E+01  5.44225E+01  5.67859E+00  7.55250E-02  7.55250E-02
b  18   24 18   29  99  1.30890E-01  1.45858E+00 -2.06654E+01  1.38119E+02  2.00000E+01  1.56420E-01  1.56420E-01
b  18   25 18   29  99  1.80944E-01  1.76761E+00 -1.88838E+01  1.93114E+02  2.00000E+01  3.03100E-02  3.03100E-02
b  18   26 18   29  99  3.12507E-01  9.38830E-01  1.45962E+00 -4.98816E-01  2.08790E+00  6.71000E-02  6.71000E-02
b  18   27 18   29  99  3.01126E-01  6.22419E-01  2.23928E+00 -1.12414E+00  2.96778E+00  2.07200E-01  2.07200E-01
b  18   28 18   29  99  2.46994E-01  1.57479E-01  2.39030E+00 -4.02526E-01  4.01419E+00  1.49900E+00  1.49900E+00
b  18    1 18   30  99  1.10181E-01  2.02964E+00 -2.82199E+01  1.10335E+02  8.94143E+00  1.13780E-03  1.13780E-03
b  18    7 18   30  99  1.46524E-01  1.54822E+00 -1.96772E+01  7.60869E+01  7.07004E+00  4.84244E-02  4.84244E-02
b  18   22 18   30  99  2.11982E-01  1.04209E+00 -1.35060E+01  5.44225E+01  5.67859E+00  7.55250E-02  7.55250E-02
b  18   24 18   30  99  1.31886E-01  1.47869E+00 -2.10769E+01  1.43836E+02  2.00000E+01  1.03950E-01  1.03950E-01
b  18   25 18   30  99  1.86961E-01  1.86407E+00 -1.92125E+01  1.96279E+02  2.00000E+01  1.82800E-02  1.82800E-02
b  18   26 18   30  99  3.33990E-01  1.10748E+00  1.60740E+00 -6.15433E-01  2.12346E+00  3.42500E-02  3.42500E-02
b  18   27 18   30  99  3.31644E-01  9.63237E-01  2.34967E+00 -1.19316E+00  2.95527E+00  7.56900E-02  7.56900E-02
b  18   28 18   30  99  3.02873E-01  6.13954E-01  2.73675E+00 -1.57040E+00  3.54808E+00  2.37600E-01  2.37600E-01
b  18   29 18   30  99  2.35802E-01  1.92239E-01  2.22922E+00 -3.01138E-01  4.04553E+00  1.72400E+00  1.72400E+00
b  18    1 18   31  99  1.11051E-01  1.99721E+00 -2.73292E+01  1.05707E+02  8.74983E+00  8.08600E-04  8.08600E-04
b  18    8 18   31  99  1.46524E-01  1.54822E+00 -1.96772E+01  7.60869E+01  7.07004E+00  4.84244E-02  4.84244E-02
b  18   23 18   31  99  2.11982E-01  1.04209E+00 -1.35060E+01  5.44225E+01  5.67859E+00  7.55250E-02  7.55250E-02
b  18   24 18   31  99  1.31300E-01  1.48996E+00 -2.08367E+01  1.38393E+02  2.00000E+01  7.28100E-02  7.28100E-02
b  18   25 18   31  99  1.99198E-01  1.92109E+00 -2.07093E+01  2.30470E+02  2.00000E+01  1.20200E-02  1.20200E-02
b  18   26 18   31  99  3.55275E-01  1.20426E+00  1.86462E+00 -7.98269E-01  2.25256E+00  2.03800E-02  2.03800E-02
b  18   27 18   31  99  3.49588E-01  1.22742E+00  2.32742E+00 -1.12996E+00  2.89241E+00  3.77300E-02  3.77300E-02
b  18   28 18   31  99  3.16689E-01  1.09327E+00  2.07331E+00 -9.88102E-01  2.90759E+00  8.44600E-02  8.44600E-02
b  18   29 18   31  99  2.94646E-01  6.43386E-01  2.67331E+00 -1.61305E+00  3.57265E+00  2.67600E-01  2.67600E-01
b  18   30 18   31  99  3.11404E-02  2.86861E-02  2.86816E-01 -4.75637E-02  3.97730E+00  1.42000E+01  1.42000E+01
f  18    1 17    1  99  8.00000E+00  1.54200E+01
p  18    1 17    1  98  1.20500E+00 -2.27450E+00 -1.06670E-01  4.83640E-03  8.00000E+00  3.09000E+02  3.21400E+02  6.18100E+03
f  18    2 17    1  99  1.00000E+00  1.08231E+01
p  18    2 17    1  99  1.00000E+00  1.08231E+01
f  18    3 17    1  99  1.00000E+00  1.01656E+01
p  18    3 17    1  99  1.00000E+00  1.01656E+01
f  18    4 17    1  99  1.00000E+00  1.02280E+01
p  18    4 17    1  99  1.00000E+00  1.02280E+01
f  18    5 17    1  99  1.00000E+00  1.01800E+01
p  18    5 17    1  99  1.00000E+00  1.01800E+01
f  18    6 17    1  99  1.00000E+00  1.00782E+01
p  18    6 17    1  99  1.00000E+00  1.00782E+01
f  18    7 17    1  99  1.00000E+00  1.00642E+01
p  18    7 17    1  99  1.00000E+00  1.00642E+01
f  18    8 17    1  99  1.00000E+00  1.00017E+01
p  18    8 17    1  99  1.00000E+00  1.00017E+01
f  18    2 17    2  99  7.00000E+00  1.08231E+01
p  18    2 17    2  98  1.20500E+00 -2.27450E+00 -1.06670E-01  4.83640E-03  8.00000E+00  3.09000E+02  3.21400E+02  6.18100E+03
f  18    9 17    2  99  2.00000E+00  1.13836E+01
p  18    9 17    2  99  2.00000E+00  1.13836E+01
f  18   10 17    2  99  1.00000E+00  1.02252E+01
p  18   10 17    2  99  1.00000E+00  1.02252E+01
f  18   11 17    2  99  1.00000E+00  1.02500E+01
p  18   11 17    2  99  1.00000E+00  1.02500E+01
f  18   12 17    2  99  1.00000E+00  1.01910E+01
p  18   12 17    2  99  1.00000E+00  1.01910E+01
f  18   13 17    2  99  1.00000E+00  1.00852E+01
p  18   13 17    2  99  1.00000E+00  1.00852E+01
f  18   14 17    2  99  1.00000E+00  1.00702E+01
p  18   14 17    2  99  1.00000E+00  1.00702E+01
f  18   15 17    2  99  1.00000E+00  1.00116E+01
p  18   15 17    2  99  1.00000E+00  1.00116E+01
f  18    3 17    3  99  7.00000E+00  1.01656E+01
p  18    3 17    3  98  1.20500E+00 -2.27450E+00 -1.06670E-01  4.83640E-03  8.00000E+00  3.09000E+02  3.21400E+02  6.18100E+03
f  18   10 17    3  99  1.00000E+00  1.02252E+01
p  18   10 17    3  99  1.00000E+00  1.02252E+01
f  18    4 17    4  99  7.00000E+00  1.02280E+01
p  18    4 17    4  98  1.20500E+00 -2.27450E+00 -1.06670E-01  4.83640E-03  8.00000E+00  3.09000E+02  3.21400E+02  6.18100E+03
f  18   11 17    4  99  1.00000E+00  1.02500E+01
p  18   11 17    4  99  1.00000E+00  1.02500E+01
f  18    5 17    5  99  7.00000E+00  1.01800E+01
p  18    5 17    5  98  1.20500E+00 -2.27450E+00 -1.06670E-01  4.83640E-03  8.00000E+00  3.09000E+02  3.21400E+02  6.18100E+03
f  18   12 17    5  99  1.00000E+00  1.01910E+01
p  18   12 17    5  99  1.00000E+00  1.01910E+01
f  18    6 17    6  99  7.00000E+00  1.00782E+01
p  18    6 17    6  98  1.20500E+00 -2.27450E+00 -1.06670E-01  4.83640E-03  8.00000E+00  3.09000E+02  3.21400E+02  6.18100E+03
f  18   13 17    6  99  1.00000E+00  1.00852E+01
p  18   13 17    6  99  1.00000E+00  1.00852E+01
f  18    7 17    7  99  7.00000E+00  1.00642E+01
p  18    7 17    7  98  1.20500E+00 -2.27450E+00 -1.06670E-01  4.83640E-03  8.00000E+00  3.09000E+02  3.21400E+02  6.18100E+03
f  18   14 17    7  99  1.00000E+00  1.00702E+01
p  18   14 17    7  99  1.00000E+00  1.00702E+01
f  18    8 17    8  99  7.00000E+00  1.00017E+01
p  18    8 17    8  98  1.20500E+00 -2.27450E+00 -1.06670E-01  4.83640E-03  8.00000E+00  3.09000E+02  3.21400E+02  6.18100E+03
f  18   15 17    8  99  1.00000E+00  1.00116E+01
p  18   15 17    8  99  1.00000E+00  1.00116E+01
f  18    9 17    9  99  6.00000E+00  1.13836E+01
p  18    9 17    9  98  1.20500E+00 -2.27450E+00 -1.06670E-01  4.83640E-03  8.00000E+00  3.09000E+02  3.21400E+02  6.18100E+03
f  18   10 17   10  99  6.00000E+00  1.02252E+01
p  18   10 17   10  98  1.20500E+00 -2.27450E+00 -1.06670E-01  4.83640E-03  8.00000E+00  3.09000E+02  3.21400E+02  6.18100E+03
f  18   11 17   11  99  6.00000E+00  1.02500E+01
p  18   11 17   11  98  1.20500E+00 -2.27450E+00 -1.06670E-01  4.83640E-03  8.00000E+00  3.09000E+02  3.21400E+02  6.18100E+03
f  18   12 17   12  99  6.00000E+00  1.01910E+01
p  18   12 17   12  98  1.20500E+00 -2.27450E+00 -1.06670E-01  4.83640E-03  8.00000E+00  3.09000E+02  3.21400E+02  6.18100E+03
f  18   13 17   13  99  6.00000E+00  1.00852E+01
p  18   13 17   13  98  1.20500E+00 -2.27450E+00 -1.06670E-01  4.83640E-03  8.00000E+00  3.09000E+02  3.21400E+02  6.18100E+03
f  18   14 17   14  99  6.00000E+00  1.00702E+01
p  18   14 17   14  98  1.20500E+00 -2.27450E+00 -1.06670E-01  4.83640E-03  8.00000E+00  3.09000E+02  3.21400E+02  6.18100E+03
f  18   15 17   15  99  6.00000E+00  1.00116E+01
p  18   15 17   15  98  1.20500E+00 -2.27450E+00 -1.06670E-01  4.83640E-03  8.00000E+00  3.09000E+02  3.21400E+02  6.18100E+03
f  18    1 17   16  99  8.00000E+00  1.54200E+01
p  18    1 17   16  98  1.88940E+00 -2.46160E+00 -1.33740E-01  1.26720E-02  8.00000E+00  1.15500E+03  1.20200E+03  2.31100E+04
f  18   16 17   16  99  9.00000E+00  1.59840E+01
p  18   16 17   16  98  1.20500E+00 -2.27450E+00 -1.06670E-01  4.83640E-03  8.00000E+00  3.09000E+02  3.21400E+02  6.18100E+03
f  18   17 17   16  99  1.00000E+00  1.08798E+01
p  18   17 17   16  99  1.00000E+00  1.08798E+01
f  18   18 17   16  99  1.00000E+00  1.01839E+01
p  18   18 17   16  99  1.00000E+00  1.01839E+01
f  18   19 17   16  99  1.00000E+00  1.02340E+01
p  18   19 17   16  99  1.00000E+00  1.02340E+01
f  18   20 17   16  99  1.00000E+00  1.01840E+01
p  18   20 17   16  99  1.00000E+00  1.01840E+01
f  18   21 17   16  99  1.00000E+00  1.00872E+01
p  18   21 17   16  99  1.00000E+00  1.00872E+01
f  18   22 17   16  99  1.00000E+00  1.00712E+01
p  18   22 17   16  99  1.00000E+00  1.00712E+01
f  18   23 17   16  99  1.00000E+00  1.00017E+01
p  18   23 17   16  99  1.00000E+00  1.00017E+01
f  18    2 17   17  99  8.00000E+00  1.08231E+01
p  18    2 17   17  98  1.88940E+00 -2.46160E+00 -1.33740E-01  1.26720E-02  8.00000E+00  1.15500E+03  1.20200E+03  2.31100E+04
f  18   17 17   17  99  8.00000E+00  1.08798E+01
p  18   17 17   17  98  1.20500E+00 -2.27450E+00 -1.06670E-01  4.83640E-03  8.00000E+00  3.09000E+02  3.21400E+02  6.18100E+03
f  18    3 17   18  99  8.00000E+00  1.01656E+01
p  18    3 17   18  98  1.88940E+00 -2.46160E+00 -1.33740E-01  1.26720E-02  8.00000E+00  1.15500E+03  1.20200E+03  2.31100E+04
f  18   18 17   18  99  8.00000E+00  1.01839E+01
p  18   18 17   18  98  1.20500E+00 -2.27450E+00 -1.06670E-01  4.83640E-03  8.00000E+00  3.09000E+02  3.21400E+02  6.18100E+03
f  18    4 17   19  99  8.00000E+00  1.02280E+01
p  18    4 17   19  98  1.88940E+00 -2.46160E+00 -1.33740E-01  1.26720E-02  8.00000E+00  1.15500E+03  1.20200E+03  2.31100E+04
f  18   19 17   19  99  8.00000E+00  1.02340E+01
p  18   19 17   19  98  1.20500E+00 -2.27450E+00 -1.06670E-01  4.83640E-03  8.00000E+00  3.09000E+02  3.21400E+02  6.18100E+03
f  18    5 17   20  99  8.00000E+00  1.01800E+01
p  18    5 17   20  98  1.88940E+00 -2.46160E+00 -1.33740E-01  1.26720E-02  8.00000E+00  1.15500E+03  1.20200E+03  2.31100E+04
f  18   20 17   20  99  8.00000E+00  1.01840E+01
p  18   20 17   20  98  1.20500E+00 -2.27450E+00 -1.06670E-01  4.83640E-03  8.00000E+00  3.09000E+02  3.21400E+02  6.18100E+03
f  18    6 17   21  99  8.00000E+00  1.00782E+01
p  18    6 17   21  98  1.88940E+00 -2.46160E+00 -1.33740E-01  1.26720E-02  8.00000E+00  1.15500E+03  1.20200E+03  2.31100E+04
f  18   21 17   21  99  8.00000E+00  1.00872E+01
p  18   21 17   21  98  1.20500E+00 -2.27450E+00 -1.06670E-01  4.83640E-03  8.00000E+00  3.09000E+02  3.21400E+02  6.18100E+03
f  18    7 17   22  99  8.00000E+00  1.00642E+01
p  18    7 17   22  98  1.88940E+00 -2.46160E+00 -1.33740E-01  1.26720E-02  8.00000E+00  1.15500E+03  1.20200E+03  2.31100E+04
f  18   22 17   22  99  8.00000E+00  1.00712E+01
p  18   22 17   22  98  1.20500E+00 -2.27450E+00 -1.06670E-01  4.83640E-03  8.00000E+00  3.09000E+02  3.21400E+02  6.18100E+03
f  18    8 17   23  99  8.00000E+00  1.00017E+01
p  18    8 17   23  98  1.88940E+00 -2.46160E+00 -1.33740E-01  1.26720E-02  8.00000E+00  1.15500E+03  1.20200E+03  2.31100E+04
f  18   23 17   23  99  8.00000E+00  1.00017E+01
p  18   23 17   23  98  1.20500E+00 -2.27450E+00 -1.06670E-01  4.83640E-03  8.00000E+00  3.09000E+02  3.21400E+02  6.18100E+03
f  18    1 17   24  99  2.00000E+00  1.54200E+01
p  18    1 17   24  98  2.11690E+00 -2.52050E+00 -1.89880E-01  2.15910E-02  2.00000E+00  7.92700E+03  8.24400E+03  1.58500E+05
f  18   24 17   24  99  9.00000E+00  1.60640E+01
p  18   24 17   24  98  1.20500E+00 -2.27450E+00 -1.06670E-01  4.83640E-03  8.00000E+00  3.09000E+02  3.21400E+02  6.18100E+03
f  18   25 17   24  99  1.00000E+00  1.09030E+01
p  18   25 17   24  99  1.00000E+00  1.09030E+01
f  18   26 17   24  99  1.00000E+00  1.01830E+01
p  18   26 17   24  99  1.00000E+00  1.01830E+01
f  18   27 17   24  99  1.00000E+00  1.02430E+01
p  18   27 17   24  99  1.00000E+00  1.02430E+01
f  18   28 17   24  99  1.00000E+00  1.01930E+01
p  18   28 17   24  99  1.00000E+00  1.01930E+01
f  18   29 17   24  99  1.00000E+00  1.00881E+01
p  18   29 17   24  99  1.00000E+00  1.00881E+01
f  18   30 17   24  99  1.00000E+00  1.00721E+01
p  18   30 17   24  99  1.00000E+00  1.00721E+01
f  18   31 17   24  99  1.00000E+00  1.00017E+01
p  18   31 17   24  99  1.00000E+00  1.00017E+01
f  18    2 17   25  99  2.00000E+00  1.08231E+01
p  18    2 17   25  98  2.11690E+00 -2.52050E+00 -1.89880E-01  2.15910E-02  2.00000E+00  7.92700E+03  8.24400E+03  1.58500E+05
f  18   25 17   25  99  8.00000E+00  1.09030E+01
p  18   25 17   25  98  1.20500E+00 -2.27450E+00 -1.06670E-01  4.83640E-03  8.00000E+00  3.09000E+02  3.21400E+02  6.18100E+03
f  18    3 17   26  99  2.00000E+00  1.01656E+01
p  18    3 17   26  98  2.11690E+00 -2.52050E+00 -1.89880E-01  2.15910E-02  2.00000E+00  7.92700E+03  8.24400E+03  1.58500E+05
f  18   26 17   26  99  8.00000E+00  1.01830E+01
p  18   26 17   26  98  1.20500E+00 -2.27450E+00 -1.06670E-01  4.83640E-03  8.00000E+00  3.09000E+02  3.21400E+02  6.18100E+03
f  18    4 17   27  99  2.00000E+00  1.02280E+01
p  18    4 17   27  98  2.11690E+00 -2.52050E+00 -1.89880E-01  2.15910E-02  2.00000E+00  7.92700E+03  8.24400E+03  1.58500E+05
f  18   27 17   27  99  8.00000E+00  1.02430E+01
p  18   27 17   27  98  1.20500E+00 -2.27450E+00 -1.06670E-01  4.83640E-03  8.00000E+00  3.09000E+02  3.21400E+02  6.18100E+03
f  18    5 17   28  99  2.00000E+00  1.01800E+01
p  18    5 17   28  98  2.11690E+00 -2.52050E+00 -1.89880E-01  2.15910E-02  2.00000E+00  7.92700E+03  8.24400E+03  1.58500E+05
f  18   28 17   28  99  8.00000E+00  1.01930E+01
p  18   28 17   28  98  1.20500E+00 -2.27450E+00 -1.06670E-01  4.83640E-03  8.00000E+00  3.09000E+02  3.21400E+02  6.18100E+03
f  18    6 17   29  99  2.00000E+00  1.00782E+01
p  18    6 17   29  98  2.11690E+00 -2.52050E+00 -1.89880E-01  2.15910E-02  2.00000E+00  7.92700E+03  8.24400E+03  1.58500E+05
f  18   29 17   29  99  8.00000E+00  1.00881E+01
p  18   29 17   29  98  1.20500E+00 -2.27450E+00 -1.06670E-01  4.83640E-03  8.00000E+00  3.09000E+02  3.21400E+02  6.18100E+03
f  18    7 17   30  99  2.00000E+00  1.00642E+01
p  18    7 17   30  98  2.11690E+00 -2.52050E+00 -1.89880E-01  2.15910E-02  2.00000E+00  7.92700E+03  8.24400E+03  1.58500E+05
f  18   30 17   30  99  8.00000E+00  1.00721E+01
p  18   30 17   30  98  1.20500E+00 -2.27450E+00 -1.06670E-01  4.83640E-03  8.00000E+00  3.09000E+02  3.21400E+02  6.18100E+03
f  18    8 17   31  99  2.00000E+00  1.00017E+01
p  18    8 17   31  98  2.11690E+00 -2.52050E+00 -1.89880E-01  2.15910E-02  2.00000E+00  7.92700E+03  8.24400E+03  1.58500E+05
f  18   31 17   31  99  8.00000E+00  1.00017E+01
p  18   31 17   31  98  1.20500E+00 -2.27450E+00 -1.06670E-01  4.83640E-03  8.00000E+00  3.09000E+02  3.21400E+02  6.18100E+03
a  18    9 17    1   7.06400E+13
a  18   10 17    1   2.25300E+13
a  18   11 17    1   8.54833E+12
a  18   12 17    1   3.95500E+12
a  18   13 17    1   2.02857E+12
a  18   14 17    1   1.12570E+12
a  18   15 17    1   6.64700E+11
a  18   16 17    1   4.16934E+14
a  18   17 17    1   1.11888E+13
a  18   18 17    1   3.23700E+12
a  18   19 17    1   1.22214E+12
a  18   20 17    1   5.65440E+11
a  18   21 17    1   2.90019E+11
a  18   22 17    1   1.60941E+11
a  18   23 17    1   9.50340E+10
a  18   24 17    1   5.25636E+12
a  18   25 17    1   1.58852E+11
a  18   26 17    1   4.49080E+10
a  18   27 17    1   1.65728E+10
a  18   28 17    1   7.66760E+09
a  18   29 17    1   3.93276E+09
a  18   30 17    1   2.18240E+09
a  18   31 17    1   1.28868E+09
a  18   17 17    2   3.24282E+14
a  18   25 17    2   4.08828E+12
a  18   18 17    3   3.24282E+14
a  18   26 17    3   4.08828E+12
a  18   19 17    4   3.24282E+14
a  18   27 17    4   4.08828E+12
a  18   20 17    5   3.24282E+14
a  18   28 17    5   4.08828E+12
a  18   21 17    6   3.24282E+14
a  18   29 17    6   4.08828E+12
a  18   22 17    7   3.24282E+14
a  18   30 17    7   4.08828E+12
a  18   23 17    8   3.24282E+14
a  18   31 17    8   4.08828E+12
a  18   24 17   16   1.46480E+14
a  18   25 17   16   2.35184E+12
a  18   26 17   16   6.68240E+11
a  18   27 17   16   2.47132E+11
a  18   28 17   16   1.14340E+11
a  18   29 17   16   5.86440E+10
a  18   30 17   16   3.25440E+10
a  18   31 17   16   1.92168E+10
a  18   25 17   17   1.30205E+14
a  18   26 17   18   1.30205E+14
a  18   27 17   19   1.30205E+14
a  18   28 17   20   1.30205E+14
a  18   29 17   21   1.30205E+14
a  18   30 17   22   1.30205E+14
a  18   31 17   23   1.30205E+14
b  19    1 19    2  99  1.41179E-01  1.11909E+00 -2.21798E+01  2.35537E+02  2.00000E+01  2.71800E+00  2.71800E+00
b  19    1 19    3  99  1.14616E-01  1.24418E+00 -1.75073E+01  1.07006E+02  2.00000E+01  9.79200E-01  9.79200E-01
b  19    2 19    3  99  2.09095E-01  2.18889E-01  1.03539E+00 -3.24686E-01  2.00280E+00  7.44900E-01  7.44900E-01
b  19    1 19    4  99  1.25524E-01  1.39907E+00 -1.85495E+01  1.01295E+02  2.00000E+01  4.26330E-01  4.26330E-01
b  19    2 19    4  99  3.34058E-01  5.16178E-01  1.74879E+00 -6.24648E-01  2.09134E+00  1.32100E-01  1.32100E-01
b  19    3 19    4  99  2.53098E-01  1.90473E-01  1.83791E+00 -8.84355E-01  2.71234E+00  9.80000E-01  9.80000E-01
b  19    1 19    5  99  1.27090E-01  1.40900E+00 -1.90158E+01  1.12183E+02  2.00000E+01  2.41470E-01  2.41470E-01
b  19    2 19    5  99  3.62127E-01  6.92511E-01  1.90287E+00 -6.88661E-01  2.14534E+00  5.38300E-02  5.38300E-02
b  19    3 19    5  99  3.12401E-01  5.78978E-01  2.27176E+00 -1.12485E+00  2.85975E+00  1.69500E-01  1.69500E-01
b  19    4 19    5  99  2.54586E-01  1.51549E-01  2.36593E+00 -1.34684E+00  3.34955E+00  1.26200E+00  1.26200E+00
b  19    1 19    6  99  1.26941E-01  1.41960E+00 -1.90157E+01  1.11941E+02  2.00000E+01  1.51020E-01  1.51020E-01
b  19    2 19    6  99  3.76241E-01  8.11305E-01  1.94857E+00 -6.94599E-01  2.15012E+00  2.83600E-02  2.83600E-02
b  19    3 19    6  99  3.07128E-01  1.00792E+00  1.37707E+00 -4.65395E-01  2.07360E+00  6.42100E-02  6.42100E-02
b  19    4 19    6  99  2.88582E-01  6.97540E-01  1.92432E+00 -9.35499E-01  2.78018E+00  2.03200E-01  2.03200E-01
b  19    5 19    6  99  2.41920E-01  1.87136E-01  2.30198E+00 -3.42326E-01  4.03760E+00  1.50600E+00  1.50600E+00
b  19    1 19    7  99  1.28072E-01  1.43079E+00 -1.95295E+01  1.21216E+02  2.00000E+01  1.01160E-01  1.01160E-01
b  19    2 19    7  99  1.88033E-01  1.91743E+00 -1.84482E+01  1.84421E+02  2.00000E+01  1.71400E-02  1.71400E-02
b  19    3 19    7  99  3.26420E-01  1.19573E+00  1.46048E+00 -5.09656E-01  2.08548E+00  3.27000E-02  3.27000E-02
b  19    4 19    7  99  3.30453E-01  1.00023E+00  2.40460E+00 -1.32214E+00  3.02145E+00  7.36400E-02  7.36400E-02
b  19    5 19    7  99  2.99013E-01  6.45101E-01  2.68803E+00 -1.54304E+00  3.57403E+00  2.34700E-01  2.34700E-01
b  19    6 19    7  99  2.31513E-01  2.18149E-01  2.15235E+00 -3.74118E-01  4.00061E+00  1.73300E+00  1.73300E+00
b  19    1 19    8  99  1.28083E-01  1.43677E+00 -1.95306E+01  1.21250E+02  2.00000E+01  7.12350E-02  7.12350E-02
b  19    2 19    8  99  1.93878E-01  1.98386E+00 -1.88601E+01  1.92303E+02  2.00000E+01  1.12900E-02  1.12900E-02
b  19    3 19    8  99  3.39030E-01  1.33324E+00  1.51583E+00 -5.36266E-01  2.10651E+00  1.94400E-02  1.94400E-02
b  19    4 19    8  99  3.50805E-01  1.26285E+00  2.46996E+00 -1.28167E+00  3.05671E+00  3.65700E-02  3.65700E-02
b  19    5 19    8  99  3.31562E-01  1.04513E+00  2.78184E+00 -1.58567E+00  3.52705E+00  8.28500E-02  8.28500E-02
b  19    6 19    8  99  2.86934E-01  6.86422E-01  2.54078E+00 -3.10639E-01  4.17008E+00  2.65600E-01  2.65600E-01
b  19    7 19    8  99  3.40864E-03  3.54298E-03  3.08256E-02 -4.90315E-03  3.97661E+00  1.28200E+02  1.28200E+02
b  19    1 19    9  98  0.00000E+00  0.00000E+00  0.00000E+00  0.00000E+00  0.00000E+00  1.22350E-01  2.44701E-03
b  19    2 19    9  99  1.41179E-01  1.11909E+00 -2.21798E+01  2.35537E+02  2.00000E+01  2.34050E+00  2.34050E+00
b  19    1 19   10  98  0.00000E+00  0.00000E+00  0.00000E+00  0.00000E+00  0.00000E+00  1.69324E-01  3.38648E-03
b  19    2 19   10  99  1.14616E-01  1.24418E+00 -1.75073E+01  1.07006E+02  2.00000E+01  8.70400E-01  8.70400E-01
b  19    3 19   10  99  1.41179E-01  1.11909E+00 -2.21798E+01  2.35537E+02  2.00000E+01  2.41600E+00  2.41600E+00
b  19    9 19   10  99  2.09095E-01  2.18889E-01  1.03539E+00 -3.24686E-01  2.00280E+00  1.48980E+00  1.48980E+00
b  19    1 19   11  98  0.00000E+00  0.00000E+00  0.00000E+00  0.00000E+00  0.00000E+00  2.24456E-01  4.48912E-03
b  19    2 19   11  99  1.25524E-01  1.39907E+00 -1.85495E+01  1.01295E+02  2.00000E+01  3.78960E-01  3.78960E-01
b  19    4 19   11  99  1.41179E-01  1.11909E+00 -2.21798E+01  2.35537E+02  2.00000E+01  2.41600E+00  2.41600E+00
b  19    9 19   11  99  3.34058E-01  5.16178E-01  1.74879E+00 -6.24648E-01  2.09134E+00  2.64200E-01  2.64200E-01
b  19   10 19   11  99  2.53098E-01  1.90473E-01  1.83791E+00 -8.84355E-01  2.71234E+00  9.80000E-01  9.80000E-01
b  19    1 19   12  98  0.00000E+00  0.00000E+00  0.00000E+00  0.00000E+00  0.00000E+00  2.89803E-01  5.79605E-03
b  19    2 19   12  99  1.27090E-01  1.40900E+00 -1.90158E+01  1.12183E+02  2.00000E+01  2.14640E-01  2.14640E-01
b  19    5 19   12  99  1.41179E-01  1.11909E+00 -2.21798E+01  2.35537E+02  2.00000E+01  2.41600E+00  2.41600E+00
b  19    9 19   12  99  3.62127E-01  6.92511E-01  1.90287E+00 -6.88661E-01  2.14534E+00  1.07660E-01  1.07660E-01
b  19   10 19   12  99  3.12401E-01  5.78978E-01  2.27176E+00 -1.12485E+00  2.85975E+00  1.69500E-01  1.69500E-01
b  19   11 19   12  99  2.54586E-01  1.51549E-01  2.36593E+00 -1.34684E+00  3.34955E+00  1.26200E+00  1.26200E+00
b  19    1 19   13  98  0.00000E+00  0.00000E+00  0.00000E+00  0.00000E+00  0.00000E+00  3.65603E-01  7.31207E-03
b  19    2 19   13  99  1.26941E-01  1.41960E+00 -1.90157E+01  1.11941E+02  2.00000E+01  1.34240E-01  1.34240E-01
b  19    6 19   13  99  1.41179E-01  1.11909E+00 -2.21798E+01  2.35537E+02  2.00000E+01  2.41600E+00  2.41600E+00
b  19    9 19   13  99  3.76241E-01  8.11305E-01  1.94857E+00 -6.94599E-01  2.15012E+00  5.67200E-02  5.67200E-02
b  19   10 19   13  99  3.07128E-01  1.00792E+00  1.37707E+00 -4.65395E-01  2.07360E+00  6.42100E-02  6.42100E-02
b  19   11 19   13  99  2.88582E-01  6.97540E-01  1.92432E+00 -9.35499E-01  2.78018E+00  2.03200E-01  2.03200E-01
b  19   12 19   13  99  2.41920E-01  1.87136E-01  2.30198E+00 -3.42326E-01  4.03760E+00  1.50600E+00  1.50600E+00
b  19    1 19   14  98  0.00000E+00  0.00000E+00  0.00000E+00  0.00000E+00  0.00000E+00  4.52799E-01  9.05599E-03
b  19    2 19   14  99  1.28072E-01  1.43079E+00 -1.95295E+01  1.21216E+02  2.00000E+01  8.99200E-02  8.99200E-02
b  19    7 19   14  99  1.41179E-01  1.11909E+00 -2.21798E+01  2.35537E+02  2.00000E+01  2.41600E+00  2.41600E+00
b  19    9 19   14  99  1.88033E-01  1.91743E+00 -1.84482E+01  1.84421E+02  2.00000E+01  3.42800E-02  3.42800E-02
b  19   10 19   14  99  3.26420E-01  1.19573E+00  1.46048E+00 -5.09656E-01  2.08548E+00  3.27000E-02  3.27000E-02
b  19   11 19   14  99  3.30453E-01  1.00023E+00  2.40460E+00 -1.32214E+00  3.02145E+00  7.36400E-02  7.36400E-02
b  19   12 19   14  99  2.99013E-01  6.45101E-01  2.68803E+00 -1.54304E+00  3.57403E+00  2.34700E-01  2.34700E-01
b  19   13 19   14  99  2.31513E-01  2.18149E-01  2.15235E+00 -3.74118E-01  4.00061E+00  1.73300E+00  1.73300E+00
b  19    1 19   15  98  0.00000E+00  0.00000E+00  0.00000E+00  0.00000E+00  0.00000E+00  5.50049E-01  1.10010E-02
b  19    2 19   15  99  1.28083E-01  1.43677E+00 -1.95306E+01  1.21250E+02  2.00000E+01  6.33200E-02  6.33200E-02
b  19    8 19   15  99  1.41179E-01  1.11909E+00 -2.21798E+01  2.35537E+02  2.00000E+01  2.41600E+00  2.41600E+00
b  19    9 19   15  99  1.93878E-01  1.98386E+00 -1.88601E+01  1.92303E+02  2.00000E+01  2.25800E-02  2.25800E-02
b  19   10 19   15  99  3.39030E-01  1.33324E+00  1.51583E+00 -5.36266E-01  2.10651E+00  1.94400E-02  1.94400E-02
b  19   11 19   15  99  3.50805E-01  1.26285E+00  2.46996E+00 -1.28167E+00  3.05671E+00  3.65700E-02  3.65700E-02
b  19   12 19   15  99  3.31562E-01  1.04513E+00  2.78184E+00 -1.58567E+00  3.52705E+00  8.28500E-02  8.28500E-02
b  19   13 19   15  99  2.86934E-01  6.86422E-01  2.54078E+00 -3.10639E-01  4.17008E+00  2.65600E-01  2.65600E-01
b  19   14 19   15  99  3.40864E-03  3.54298E-03  3.08256E-02 -4.90315E-03  3.97661E+00  1.28200E+02  1.28200E+02
b  19    1 19   16  99  1.15511E-01  1.93972E+00 -5.80590E+01  5.38228E+02  2.00000E+01  1.16040E+00  1.16040E+00
b  19    1 19   17  99  1.03664E-01  1.87463E+00 -4.93213E+01  3.93264E+02  2.00000E+01  4.51840E-01  4.51840E-01
b  19    2 19   17  99  1.15511E-01  1.93972E+00 -5.80590E+01  5.38228E+02  2.00000E+01  1.28933E+00  1.28933E+00
b  19   16 19   17  99  1.41179E-01  1.11909E+00 -2.21798E+01  2.35537E+02  2.00000E+01  3.02000E+00  3.02000E+00
b  19    1 19   18  99  1.01570E-01  1.86085E+00 -4.68156E+01  3.51392E+02  2.00000E+01  1.93440E-01  1.93440E-01
b  19    3 19   18  99  1.15511E-01  1.93972E+00 -5.80590E+01  5.38228E+02  2.00000E+01  1.28933E+00  1.28933E+00
b  19   16 19   18  99  1.14616E-01  1.24418E+00 -1.75073E+01  1.07006E+02  2.00000E+01  1.08800E+00  1.08800E+00
b  19   17 19   18  99  2.09095E-01  2.18889E-01  1.03539E+00 -3.24686E-01  2.00280E+00  7.44900E-01  7.44900E-01
b  19    1 19   19  99  1.02944E-01  1.97136E+00 -4.78951E+01  3.35821E+02  2.00000E+01  9.60800E-02  9.60800E-02
b  19    4 19   19  99  1.15511E-01  1.93972E+00 -5.80590E+01  5.38228E+02  2.00000E+01  1.28933E+00  1.28933E+00
b  19   16 19   19  99  1.25524E-01  1.39907E+00 -1.85495E+01  1.01295E+02  2.00000E+01  4.73700E-01  4.73700E-01
b  19   17 19   19  99  3.34058E-01  5.16178E-01  1.74879E+00 -6.24648E-01  2.09134E+00  1.32100E-01  1.32100E-01
b  19   18 19   19  99  2.53098E-01  1.90473E-01  1.83791E+00 -8.84355E-01  2.71234E+00  9.80000E-01  9.80000E-01
b  19    1 19   20  99  1.10544E-01  1.64944E+00 -2.88988E+01  1.66425E+02  1.35230E+01  5.70640E-02  5.70640E-02
b  19    5 19   20  99  1.15511E-01  1.93972E+00 -5.80590E+01  5.38228E+02  2.00000E+01  1.28933E+00  1.28933E+00
b  19   16 19   20  99  1.27090E-01  1.40900E+00 -1.90158E+01  1.12183E+02  2.00000E+01  2.68300E-01  2.68300E-01
b  19   17 19   20  99  3.62127E-01  6.92511E-01  1.90287E+00 -6.88661E-01  2.14534E+00  5.38300E-02  5.38300E-02
b  19   18 19   20  99  3.12401E-01  5.78978E-01  2.27176E+00 -1.12485E+00  2.85975E+00  1.69500E-01  1.69500E-01
b  19   19 19   20  99  2.54586E-01  1.51549E-01  2.36593E+00 -1.34684E+00  3.34955E+00  1.26200E+00  1.26200E+00
b  19    1 19   21  99  1.13147E-01  1.56767E+00 -2.53334E+01  1.38659E+02  1.22927E+01  3.67280E-02  3.67280E-02
b  19    6 19   21  99  1.15511E-01  1.93972E+00 -5.80590E+01  5.38228E+02  2.00000E+01  1.28933E+00  1.28933E+00
b  19   16 19   21  99  1.26941E-01  1.41960E+00 -1.90157E+01  1.11941E+02  2.00000E+01  1.67800E-01  1.67800E-01
b  19   17 19   21  99  3.76241E-01  8.11305E-01  1.94857E+00 -6.94599E-01  2.15012E+00  2.83600E-02  2.83600E-02
b  19   18 19   21  99  3.07128E-01  1.00792E+00  1.37707E+00 -4.65395E-01  2.07360E+00  6.42100E-02  6.42100E-02
b  19   19 19   21  99  2.88582E-01  6.97540E-01  1.92432E+00 -9.35499E-01  2.78018E+00  2.03200E-01  2.03200E-01
b  19   20 19   21  99  2.41920E-01  1.87136E-01  2.30198E+00 -3.42326E-01  4.03760E+00  1.50600E+00  1.50600E+00
b  19    1 19   22  99  1.13476E-01  1.54443E+00 -2.44947E+01  1.32472E+02  1.20424E+01  2.50560E-02  2.50560E-02
b  19    7 19   22  99  1.15511E-01  1.93972E+00 -5.80590E+01  5.38228E+02  2.00000E+01  1.28933E+00  1.28933E+00
b  19   16 19   22  99  1.28072E-01  1.43079E+00 -1.95295E+01  1.21216E+02  2.00000E+01  1.12400E-01  1.12400E-01
b  19   17 19   22  99  1.88033E-01  1.91743E+00 -1.84482E+01  1.84421E+02  2.00000E+01  1.71400E-02  1.71400E-02
b  19   18 19   22  99  3.26420E-01  1.19573E+00  1.46048E+00 -5.09656E-01  2.08548E+00  3.27000E-02  3.27000E-02
b  19   19 19   22  99  3.30453E-01  1.00023E+00  2.40460E+00 -1.32214E+00  3.02145E+00  7.36400E-02  7.36400E-02
b  19   20 19   22  99  2.99013E-01  6.45101E-01  2.68803E+00 -1.54304E+00  3.57403E+00  2.34700E-01  2.34700E-01
b  19   21 19   22  99  2.31513E-01  2.18149E-01  2.15235E+00 -3.74118E-01  4.00061E+00  1.73300E+00  1.73300E+00
b  19    1 19   23  99  1.16019E-01  1.49107E+00 -2.23783E+01  1.16986E+02  1.12633E+01  1.78480E-02  1.78480E-02
b  19    8 19   23  99  1.15511E-01  1.93972E+00 -5.80590E+01  5.38228E+02  2.00000E+01  1.28933E+00  1.28933E+00
b  19   16 19   23  99  1.28083E-01  1.43677E+00 -1.95306E+01  1.21250E+02  2.00000E+01  7.91500E-02  7.91500E-02
b  19   17 19   23  99  1.93878E-01  1.98386E+00 -1.88601E+01  1.92303E+02  2.00000E+01  1.12900E-02  1.12900E-02
b  19   18 19   23  99  3.39030E-01  1.33324E+00  1.51583E+00 -5.36266E-01  2.10651E+00  1.94400E-02  1.94400E-02
b  19   19 19   23  99  3.50805E-01  1.26285E+00  2.46996E+00 -1.28167E+00  3.05671E+00  3.65700E-02  3.65700E-02
b  19   20 19   23  99  3.31562E-01  1.04513E+00  2.78184E+00 -1.58567E+00  3.52705E+00  8.28500E-02  8.28500E-02
b  19   21 19   23  99  2.86934E-01  6.86422E-01  2.54078E+00 -3.10639E-01  4.17008E+00  2.65600E-01  2.65600E-01
b  19   22 19   23  99  3.40864E-03  3.54298E-03  3.08256E-02 -4.90315E-03  3.97661E+00  1.28200E+02  1.28200E+02
b  19    1 19   24  99  1.43910E-01  1.56274E+00 -1.99632E+01  7.73659E+01  7.15214E+00  3.78000E-02  3.78000E-02
b  19   16 19   24  99  2.11982E-01  1.04209E+00 -1.35060E+01  5.44225E+01  5.67859E+00  7.54500E-02  7.54500E-02
b  19    1 19   25  99  1.22264E-01  1.92535E+00 -2.59138E+01  1.00997E+02  8.35959E+00  1.70820E-02  1.70820E-02
b  19    2 19   25  99  1.43910E-01  1.56274E+00 -1.99632E+01  7.73659E+01  7.15214E+00  4.20000E-02  4.20000E-02
b  19   17 19   25  99  2.11982E-01  1.04209E+00 -1.35060E+01  5.44225E+01  5.67859E+00  7.54500E-02  7.54500E-02
b  19   24 19   25  99  1.41179E-01  1.11909E+00 -2.21798E+01  2.35537E+02  2.00000E+01  3.02000E+00  3.02000E+00
b  19    1 19   26  99  1.16524E-01  1.94435E+00 -2.64006E+01  1.02777E+02  8.57053E+00  7.41000E-03  7.41000E-03
b  19    3 19   26  99  1.43910E-01  1.56274E+00 -1.99632E+01  7.73659E+01  7.15214E+00  4.20000E-02  4.20000E-02
b  19   18 19   26  99  2.11982E-01  1.04209E+00 -1.35060E+01  5.44225E+01  5.67859E+00  7.54500E-02  7.54500E-02
b  19   24 19   26  99  1.14616E-01  1.24418E+00 -1.75073E+01  1.07006E+02  2.00000E+01  1.08800E+00  1.08800E+00
b  19   25 19   26  99  2.09095E-01  2.18889E-01  1.03539E+00 -3.24686E-01  2.00280E+00  7.44900E-01  7.44900E-01
b  19    1 19   27  99  1.17709E-01  2.03785E+00 -2.76487E+01  1.06831E+02  8.57543E+00  3.73400E-03  3.73400E-03
b  19    4 19   27  99  1.43910E-01  1.56274E+00 -1.99632E+01  7.73659E+01  7.15214E+00  4.20000E-02  4.20000E-02
b  19   19 19   27  99  2.11982E-01  1.04209E+00 -1.35060E+01  5.44225E+01  5.67859E+00  7.54500E-02  7.54500E-02
b  19   24 19   27  99  1.25524E-01  1.39907E+00 -1.85495E+01  1.01295E+02  2.00000E+01  4.73700E-01  4.73700E-01
b  19   25 19   27  99  3.34058E-01  5.16178E-01  1.74879E+00 -6.24648E-01  2.09134E+00  1.32100E-01  1.32100E-01
b  19   26 19   27  99  2.53098E-01  1.90473E-01  1.83791E+00 -8.84355E-01  2.71234E+00  9.80000E-01  9.80000E-01
b  19    1 19   28  99  1.15010E-01  2.02889E+00 -2.79194E+01  1.08952E+02  8.73820E+00  2.20800E-03  2.20800E-03
b  19    5 19   28  99  1.43910E-01  1.56274E+00 -1.99632E+01  7.73659E+01  7.15214E+00  4.20000E-02  4.20000E-02
b  19   20 19   28  99  2.11982E-01  1.04209E+00 -1.35060E+01  5.44225E+01  5.67859E+00  7.54500E-02  7.54500E-02
b  19   24 19   28  99  1.27090E-01  1.40900E+00 -1.90158E+01  1.12183E+02  2.00000E+01  2.68300E-01  2.68300E-01
b  19   25 19   28  99  3.62127E-01  6.92511E-01  1.90287E+00 -6.88661E-01  2.14534E+00  5.38300E-02  5.38300E-02
b  19   26 19   28  99  3.12401E-01  5.78978E-01  2.27176E+00 -1.12485E+00  2.85975E+00  1.69500E-01  1.69500E-01
b  19   27 19   28  99  2.54586E-01  1.51549E-01  2.36593E+00 -1.34684E+00  3.34955E+00  1.26200E+00  1.26200E+00
b  19    1 19   29  99  1.14383E-01  2.00607E+00 -2.75244E+01  1.07229E+02  8.69641E+00  1.41300E-03  1.41300E-03
b  19    6 19   29  99  1.43910E-01  1.56274E+00 -1.99632E+01  7.73659E+01  7.15214E+00  4.20000E-02  4.20000E-02
b  19   21 19   29  99  2.11982E-01  1.04209E+00 -1.35060E+01  5.44225E+01  5.67859E+00  7.54500E-02  7.54500E-02
b  19   24 19   29  99  1.26941E-01  1.41960E+00 -1.90157E+01  1.11941E+02  2.00000E+01  1.67800E-01  1.67800E-01
b  19   25 19   29  99  3.76241E-01  8.11305E-01  1.94857E+00 -6.94599E-01  2.15012E+00  2.83600E-02  2.83600E-02
b  19   26 19   29  99  3.07128E-01  1.00792E+00  1.37707E+00 -4.65395E-01  2.07360E+00  6.42100E-02  6.42100E-02
b  19   27 19   29  99  2.88582E-01  6.97540E-01  1.92432E+00 -9.35499E-01  2.78018E+00  2.03200E-01  2.03200E-01
b  19   28 19   29  99  2.41920E-01  1.87136E-01  2.30198E+00 -3.42326E-01  4.03760E+00  1.50600E+00  1.50600E+00
b  19    1 19   30  99  1.14428E-01  1.98132E+00 -2.69602E+01  1.04448E+02  8.59564E+00  9.58400E-04  9.58400E-04
b  19    7 19   30  99  1.43910E-01  1.56274E+00 -1.99632E+01  7.73659E+01  7.15214E+00  4.20000E-02  4.20000E-02
b  19   22 19   30  99  2.11982E-01  1.04209E+00 -1.35060E+01  5.44225E+01  5.67859E+00  7.54500E-02  7.54500E-02
b  19   24 19   30  99  1.28072E-01  1.43079E+00 -1.95295E+01  1.21216E+02  2.00000E+01  1.12400E-01  1.12400E-01
b  19   25 19   30  99  1.88033E-01  1.91743E+00 -1.84482E+01  1.84421E+02  2.00000E+01  1.71400E-02  1.71400E-02
b  19   26 19   30  99  3.26420E-01  1.19573E+00  1.46048E+00 -5.09656E-01  2.08548E+00  3.27000E-02  3.27000E-02
b  19   27 19   30  99  3.30453E-01  1.00023E+00  2.40460E+00 -1.32214E+00  3.02145E+00  7.36400E-02  7.36400E-02
b  19   28 19   30  99  2.99013E-01  6.45101E-01  2.68803E+00 -1.54304E+00  3.57403E+00  2.34700E-01  2.34700E-01
b  19   29 19   30  99  2.31513E-01  2.18149E-01  2.15235E+00 -3.74118E-01  4.00061E+00  1.73300E+00  1.73300E+00
b  19    1 19   31  99  1.10804E-01  1.99508E+00 -2.74111E+01  1.06442E+02  8.77133E+00  6.79200E-04  6.79200E-04
b  19    8 19   31  99  1.43910E-01  1.56274E+00 -1.99632E+01  7.73659E+01  7.15214E+00  4.20000E-02  4.20000E-02
b  19   23 19   31  99  2.11982E-01  1.04209E+00 -1.35060E+01  5.44225E+01  5.67859E+00  7.54500E-02  7.54500E-02
b  19   24 19   31  99  1.28083E-01  1.43677E+00 -1.95306E+01  1.21250E+02  2.00000E+01  7.91500E-02  7.91500E-02
b  19   25 19   31  99  1.93878E-01  1.98386E+00 -1.88601E+01  1.92303E+02  2.00000E+01  1.12900E-02  1.12900E-02
b  19   26 19   31  99  3.39030E-01  1.33324E+00  1.51583E+00 -5.36266E-01  2.10651E+00  1.94400E-02  1.94400E-02
b  19   27 19   31  99  3.50805E-01  1.26285E+00  2.46996E+00 -1.28167E+00  3.05671E+00  3.65700E-02  3.65700E-02
b  19   28 19   31  99  3.31562E-01  1.04513E+00  2.78184E+00 -1.58567E+00  3.52705E+00  8.28500E-02  8.28500E-02
b  19   29 19   31  99  2.86934E-01  6.86422E-01  2.54078E+00 -3.10639E-01  4.17008E+00  2.65600E-01  2.65600E-01
b  19   30 19   31  99  3.40864E-03  3.54298E-03  3.08256E-02 -4.90315E-03  3.97661E+00  1.28200E+02  1.28200E+02
f  19    1 18    1  99  9.00000E+00  1.50800E+01
p  19    1 18    1  98  1.24880E+00 -2.21540E+00 -1.20190E-01  6.30300E-03  9.00000E+00  2.79600E+02  2.90800E+02  5.59200E+03
f  19    2 18    1  99  1.00000E+00  9.90760E+00
p  19    2 18    1  99  1.00000E+00  9.90760E+00
f  19    3 18    1  99  1.00000E+00  9.18600E+00
p  19    3 18    1  99  1.00000E+00  9.18600E+00
f  19    4 18    1  99  1.00000E+00  9.24600E+00
p  19    4 18    1  99  1.00000E+00  9.24600E+00
f  19    5 18    1  99  1.00000E+00  9.19400E+00
p  19    5 18    1  99  1.00000E+00  9.19400E+00
f  19    6 18    1  99  1.00000E+00  9.08820E+00
p  19    6 18    1  99  1.00000E+00  9.08820E+00
f  19    7 18    1  99  1.00000E+00  9.07220E+00
p  19    7 18    1  99  1.00000E+00  9.07220E+00
f  19    8 18    1  99  1.00000E+00  9.00180E+00
p  19    8 18    1  99  1.00000E+00  9.00180E+00
f  19    2 18    2  99  8.00000E+00  9.90760E+00
p  19    2 18    2  98  1.24880E+00 -2.21540E+00 -1.20190E-01  6.30300E-03  9.00000E+00  2.79600E+02  2.90800E+02  5.59200E+03
f  19    9 18    2  99  2.00000E+00  1.04681E+01
p  19    9 18    2  99  2.00000E+00  1.04681E+01
f  19   10 18    2  99  1.00000E+00  9.24560E+00
p  19   10 18    2  99  1.00000E+00  9.24560E+00
f  19   11 18    2  99  1.00000E+00  9.26800E+00
p  19   11 18    2  99  1.00000E+00  9.26800E+00
f  19   12 18    2  99  1.00000E+00  9.20500E+00
p  19   12 18    2  99  1.00000E+00  9.20500E+00
f  19   13 18    2  99  1.00000E+00  9.09520E+00
p  19   13 18    2  99  1.00000E+00  9.09520E+00
f  19   14 18    2  99  1.00000E+00  9.07820E+00
p  19   14 18    2  99  1.00000E+00  9.07820E+00
f  19   15 18    2  99  1.00000E+00  9.01170E+00
p  19   15 18    2  99  1.00000E+00  9.01170E+00
f  19    3 18    3  99  8.00000E+00  9.18600E+00
p  19    3 18    3  98  1.24880E+00 -2.21540E+00 -1.20190E-01  6.30300E-03  9.00000E+00  2.79600E+02  2.90800E+02  5.59200E+03
f  19   10 18    3  99  1.00000E+00  9.24560E+00
p  19   10 18    3  99  1.00000E+00  9.24560E+00
f  19    4 18    4  99  8.00000E+00  9.24600E+00
p  19    4 18    4  98  1.24880E+00 -2.21540E+00 -1.20190E-01  6.30300E-03  9.00000E+00  2.79600E+02  2.90800E+02  5.59200E+03
f  19   11 18    4  99  1.00000E+00  9.26800E+00
p  19   11 18    4  99  1.00000E+00  9.26800E+00
f  19    5 18    5  99  8.00000E+00  9.19400E+00
p  19    5 18    5  98  1.24880E+00 -2.21540E+00 -1.20190E-01  6.30300E-03  9.00000E+00  2.79600E+02  2.90800E+02  5.59200E+03
f  19   12 18    5  99  1.00000E+00  9.20500E+00
p  19   12 18    5  99  1.00000E+00  9.20500E+00
f  19    6 18    6  99  8.00000E+00  9.08820E+00
p  19    6 18    6  98  1.24880E+00 -2.21540E+00 -1.20190E-01  6.30300E-03  9.00000E+00  2.79600E+02  2.90800E+02  5.59200E+03
f  19   13 18    6  99  1.00000E+00  9.09520E+00
p  19   13 18    6  99  1.00000E+00  9.09520E+00
f  19    7 18    7  99  8.00000E+00  9.07220E+00
p  19    7 18    7  98  1.24880E+00 -2.21540E+00 -1.20190E-01  6.30300E-03  9.00000E+00  2.79600E+02  2.90800E+02  5.59200E+03
f  19   14 18    7  99  1.00000E+00  9.07820E+00
p  19   14 18    7  99  1.00000E+00  9.07820E+00
f  19    8 18    8  99  8.00000E+00  9.00180E+00
p  19    8 18    8  98  1.24880E+00 -2.21540E+00 -1.20190E-01  6.30300E-03  9.00000E+00  2.79600E+02  2.90800E+02  5.59200E+03
f  19   15 18    8  99  1.00000E+00  9.01170E+00
p  19   15 18    8  99  1.00000E+00  9.01170E+00
f  19    9 18    9  99  7.00000E+00  1.04681E+01
p  19    9 18    9  98  1.24880E+00 -2.21540E+00 -1.20190E-01  6.30300E-03  9.00000E+00  2.79600E+02  2.90800E+02  5.59200E+03
f  19   10 18   10  99  7.00000E+00  9.24560E+00
p  19   10 18   10  98  1.24880E+00 -2.21540E+00 -1.20190E-01  6.30300E-03  9.00000E+00  2.79600E+02  2.90800E+02  5.59200E+03
f  19   11 18   11  99  7.00000E+00  9.26800E+00
p  19   11 18   11  98  1.24880E+00 -2.21540E+00 -1.20190E-01  6.30300E-03  9.00000E+00  2.79600E+02  2.90800E+02  5.59200E+03
f  19   12 18   12  99  7.00000E+00  9.20500E+00
p  19   12 18   12  98  1.24880E+00 -2.21540E+00 -1.20190E-01  6.30300E-03  9.00000E+00  2.79600E+02  2.90800E+02  5.59200E+03
f  19   13 18   13  99  7.00000E+00  9.09520E+00
p  19   13 18   13  98  1.24880E+00 -2.21540E+00 -1.20190E-01  6.30300E-03  9.00000E+00  2.79600E+02  2.90800E+02  5.59200E+03
f  19   14 18   14  99  7.00000E+00  9.07820E+00
p  19   14 18   14  98  1.24880E+00 -2.21540E+00 -1.20190E-01  6.30300E-03  9.00000E+00  2.79600E+02  2.90800E+02  5.59200E+03
f  19   15 18   15  99  7.00000E+00  9.01170E+00
p  19   15 18   15  98  1.24880E+00 -2.21540E+00 -1.20190E-01  6.30300E-03  9.00000E+00  2.79600E+02  2.90800E+02  5.59200E+03
f  19    1 18   16  99  8.00000E+00  1.50800E+01
p  19    1 18   16  98  1.93020E+00 -2.44290E+00 -1.41620E-01  1.39650E-02  8.00000E+00  1.11900E+03  1.16400E+03  2.23800E+04
f  19   16 18   16  99  1.00000E+01  1.56440E+01
p  19   16 18   16  98  1.24880E+00 -2.21540E+00 -1.20190E-01  6.30300E-03  9.00000E+00  2.79600E+02  2.90800E+02  5.59200E+03
f  19   17 18   16  99  1.00000E+00  9.96430E+00
p  19   17 18   16  99  1.00000E+00  9.96430E+00
f  19   18 18   16  99  1.00000E+00  9.20430E+00
p  19   18 18   16  99  1.00000E+00  9.20430E+00
f  19   19 18   16  99  1.00000E+00  9.25200E+00
p  19   19 18   16  99  1.00000E+00  9.25200E+00
f  19   20 18   16  99  1.00000E+00  9.19800E+00
p  19   20 18   16  99  1.00000E+00  9.19800E+00
f  19   21 18   16  99  1.00000E+00  9.09720E+00
p  19   21 18   16  99  1.00000E+00  9.09720E+00
f  19   22 18   16  99  1.00000E+00  9.07920E+00
p  19   22 18   16  99  1.00000E+00  9.07920E+00
f  19   23 18   16  99  1.00000E+00  9.00180E+00
p  19   23 18   16  99  1.00000E+00  9.00180E+00
f  19    2 18   17  99  8.00000E+00  9.90760E+00
p  19    2 18   17  98  1.93020E+00 -2.44290E+00 -1.41620E-01  1.39650E-02  8.00000E+00  1.11900E+03  1.16400E+03  2.23800E+04
f  19   17 18   17  99  9.00000E+00  9.96430E+00
p  19   17 18   17  98  1.24880E+00 -2.21540E+00 -1.20190E-01  6.30300E-03  9.00000E+00  2.79600E+02  2.90800E+02  5.59200E+03
f  19    3 18   18  99  8.00000E+00  9.18600E+00
p  19    3 18   18  98  1.93020E+00 -2.44290E+00 -1.41620E-01  1.39650E-02  8.00000E+00  1.11900E+03  1.16400E+03  2.23800E+04
f  19   18 18   18  99  9.00000E+00  9.20430E+00
p  19   18 18   18  98  1.24880E+00 -2.21540E+00 -1.20190E-01  6.30300E-03  9.00000E+00  2.79600E+02  2.90800E+02  5.59200E+03
f  19    4 18   19  99  8.00000E+00  9.24600E+00
p  19    4 18   19  98  1.93020E+00 -2.44290E+00 -1.41620E-01  1.39650E-02  8.00000E+00  1.11900E+03  1.16400E+03  2.23800E+04
f  19   19 18   19  99  9.00000E+00  9.25200E+00
p  19   19 18   19  98  1.24880E+00 -2.21540E+00 -1.20190E-01  6.30300E-03  9.00000E+00  2.79600E+02  2.90800E+02  5.59200E+03
f  19    5 18   20  99  8.00000E+00  9.19400E+00
p  19    5 18   20  98  1.93020E+00 -2.44290E+00 -1.41620E-01  1.39650E-02  8.00000E+00  1.11900E+03  1.16400E+03  2.23800E+04
f  19   20 18   20  99  9.00000E+00  9.19800E+00
p  19   20 18   20  98  1.24880E+00 -2.21540E+00 -1.20190E-01  6.30300E-03  9.00000E+00  2.79600E+02  2.90800E+02  5.59200E+03
f  19    6 18   21  99  8.00000E+00  9.08820E+00
p  19    6 18   21  98  1.93020E+00 -2.44290E+00 -1.41620E-01  1.39650E-02  8.00000E+00  1.11900E+03  1.16400E+03  2.23800E+04
f  19   21 18   21  99  9.00000E+00  9.09720E+00
p  19   21 18   21  98  1.24880E+00 -2.21540E+00 -1.20190E-01  6.30300E-03  9.00000E+00  2.79600E+02  2.90800E+02  5.59200E+03
f  19    7 18   22  99  8.00000E+00  9.07220E+00
p  19    7 18   22  98  1.93020E+00 -2.44290E+00 -1.41620E-01  1.39650E-02  8.00000E+00  1.11900E+03  1.16400E+03  2.23800E+04
f  19   22 18   22  99  9.00000E+00  9.07920E+00
p  19   22 18   22  98  1.24880E+00 -2.21540E+00 -1.20190E-01  6.30300E-03  9.00000E+00  2.79600E+02  2.90800E+02  5.59200E+03
f  19    8 18   23  99  8.00000E+00  9.00180E+00
p  19    8 18   23  98  1.93020E+00 -2.44290E+00 -1.41620E-01  1.39650E-02  8.00000E+00  1.11900E+03  1.16400E+03  2.23800E+04
f  19   23 18   23  99  9.00000E+00  9.00180E+00
p  19   23 18   23  98  1.24880E+00 -2.21540E+00 -1.20190E-01  6.30300E-03  9.00000E+00  2.79600E+02  2.90800E+02  5.59200E+03
f  19    1 18   24  99  2.00000E+00  1.50800E+01
p  19    1 18   24  98  2.12310E+00 -2.51550E+00 -1.92260E-01  2.19740E-02  2.00000E+00  7.88900E+03  8.20400E+03  1.57800E+05
f  19   24 18   24  99  1.00000E+01  1.57240E+01
p  19   24 18   24  98  1.24880E+00 -2.21540E+00 -1.20190E-01  6.30300E-03  9.00000E+00  2.79600E+02  2.90800E+02  5.59200E+03
f  19   25 18   24  99  1.00000E+00  9.98750E+00
p  19   25 18   24  99  1.00000E+00  9.98750E+00
f  19   26 18   24  99  1.00000E+00  9.20340E+00
p  19   26 18   24  99  1.00000E+00  9.20340E+00
f  19   27 18   24  99  1.00000E+00  9.26100E+00
p  19   27 18   24  99  1.00000E+00  9.26100E+00
f  19   28 18   24  99  1.00000E+00  9.20700E+00
p  19   28 18   24  99  1.00000E+00  9.20700E+00
f  19   29 18   24  99  1.00000E+00  9.09810E+00
p  19   29 18   24  99  1.00000E+00  9.09810E+00
f  19   30 18   24  99  1.00000E+00  9.08010E+00
p  19   30 18   24  99  1.00000E+00  9.08010E+00
f  19   31 18   24  99  1.00000E+00  9.00180E+00
p  19   31 18   24  99  1.00000E+00  9.00180E+00
f  19    2 18   25  99  2.00000E+00  9.90760E+00
p  19    2 18   25  98  2.12310E+00 -2.51550E+00 -1.92260E-01  2.19740E-02  2.00000E+00  7.88900E+03  8.20400E+03  1.57800E+05
f  19   25 18   25  99  9.00000E+00  9.98750E+00
p  19   25 18   25  98  1.24880E+00 -2.21540E+00 -1.20190E-01  6.30300E-03  9.00000E+00  2.79600E+02  2.90800E+02  5.59200E+03
f  19    3 18   26  99  2.00000E+00  9.18600E+00
p  19    3 18   26  98  2.12310E+00 -2.51550E+00 -1.92260E-01  2.19740E-02  2.00000E+00  7.88900E+03  8.20400E+03  1.57800E+05
f  19   26 18   26  99  9.00000E+00  9.20340E+00
p  19   26 18   26  98  1.24880E+00 -2.21540E+00 -1.20190E-01  6.30300E-03  9.00000E+00  2.79600E+02  2.90800E+02  5.59200E+03
f  19    4 18   27  99  2.00000E+00  9.24600E+00
p  19    4 18   27  98  2.12310E+00 -2.51550E+00 -1.92260E-01  2.19740E-02  2.00000E+00  7.88900E+03  8.20400E+03  1.57800E+05
f  19   27 18   27  99  9.00000E+00  9.26100E+00
p  19   27 18   27  98  1.24880E+00 -2.21540E+00 -1.20190E-01  6.30300E-03  9.00000E+00  2.79600E+02  2.90800E+02  5.59200E+03
f  19    5 18   28  99  2.00000E+00  9.19400E+00
p  19    5 18   28  98  2.12310E+00 -2.51550E+00 -1.92260E-01  2.19740E-02  2.00000E+00  7.88900E+03  8.20400E+03  1.57800E+05
f  19   28 18   28  99  9.00000E+00  9.20700E+00
p  19   28 18   28  98  1.24880E+00 -2.21540E+00 -1.20190E-01  6.30300E-03  9.00000E+00  2.79600E+02  2.90800E+02  5.59200E+03
f  19    6 18   29  99  2.00000E+00  9.08820E+00
p  19    6 18   29  98  2.12310E+00 -2.51550E+00 -1.92260E-01  2.19740E-02  2.00000E+00  7.88900E+03  8.20400E+03  1.57800E+05
f  19   29 18   29  99  9.00000E+00  9.09810E+00
p  19   29 18   29  98  1.24880E+00 -2.21540E+00 -1.20190E-01  6.30300E-03  9.00000E+00  2.79600E+02  2.90800E+02  5.59200E+03
f  19    7 18   30  99  2.00000E+00  9.07220E+00
p  19    7 18   30  98  2.12310E+00 -2.51550E+00 -1.92260E-01  2.19740E-02  2.00000E+00  7.88900E+03  8.20400E+03  1.57800E+05
f  19   30 18   30  99  9.00000E+00  9.08010E+00
p  19   30 18   30  98  1.24880E+00 -2.21540E+00 -1.20190E-01  6.30300E-03  9.00000E+00  2.79600E+02  2.90800E+02  5.59200E+03
f  19    8 18   31  99  2.00000E+00  9.00180E+00
p  19    8 18   31  98  2.12310E+00 -2.51550E+00 -1.92260E-01  2.19740E-02  2.00000E+00  7.88900E+03  8.20400E+03  1.57800E+05
f  19   31 18   31  99  9.00000E+00  9.00180E+00
p  19   31 18   31  98  1.24880E+00 -2.21540E+00 -1.20190E-01  6.30300E-03  9.00000E+00  2.79600E+02  2.90800E+02  5.59200E+03
a  19    9 18    1   5.57022E+13
a  19   10 18    1   1.71518E+13
a  19   11 18    1   6.48144E+12
a  19   12 18    1   2.99866E+12
a  19   13 18    1   1.53804E+12
a  19   14 18    1   8.53508E+11
a  19   15 18    1   5.03983E+11
a  19   16 18    1   4.76651E+14
a  19   17 18    1   1.04568E+13
a  19   18 18    1   2.96615E+12
a  19   19 18    1   1.11324E+12
a  19   20 18    1   5.15059E+11
a  19   21 18    1   2.64178E+11
a  19   22 18    1   1.46600E+11
a  19   23 18    1   8.65654E+10
a  19   24 18    1   6.04215E+12
a  19   25 18    1   1.50885E+11
a  19   26 18    1   4.18126E+10
a  19   27 18    1   1.52469E+10
a  19   28 18    1   7.05420E+09
a  19   29 18    1   3.61814E+09
a  19   30 18    1   2.00781E+09
a  19   31 18    1   1.18562E+09
a  19   17 18    2   3.81321E+14
a  19   25 18    2   4.83372E+12
a  19   18 18    3   3.81321E+14
a  19   26 18    3   4.83372E+12
a  19   19 18    4   3.81321E+14
a  19   27 18    4   4.83372E+12
a  19   20 18    5   3.81321E+14
a  19   28 18    5   4.83372E+12
a  19   21 18    6   3.81321E+14
a  19   29 18    6   4.83372E+12
a  19   22 18    7   3.81321E+14
a  19   30 18    7   4.83372E+12
a  19   23 18    8   3.81321E+14
a  19   31 18    8   4.83372E+12
a  19   24 18   16   1.55652E+14
a  19   25 18   16   2.05844E+12
a  19   26 18   16   5.73640E+11
a  19   27 18   16   2.09764E+11
a  19   28 18   16   9.70480E+10
a  19   29 18   16   4.97760E+10
a  19   30 18   16   2.76232E+10
a  19   31 18   16   1.63112E+10
a  19   25 18   17   1.40087E+14
a  19   26 18   18   1.40087E+14
a  19   27 18   19   1.40087E+14
a  19   28 18   20   1.40087E+14
a  19   29 18   21   1.40087E+14
a  19   30 18   22   1.40087E+14
a  19   31 18   23   1.40087E+14
b  20    1 20    2  99  1.38281E-01  1.13151E+00 -2.10351E+01  2.16466E+02  2.00000E+01  2.51100E+00  2.51100E+00
b  20    1 20    3  99  1.13907E-01  1.23841E+00 -1.65866E+01  9.40775E+01  2.00000E+01  9.60100E-01  9.60100E-01
b  20    2 20    3  99  2.27125E-01  1.40506E-01  1.68529E+00 -8.16227E-01  2.72897E+00  7.36300E-01  7.36300E-01
b  20    1 20    4  99  1.29862E-01  1.43642E+00 -1.93105E+01  1.08573E+02  2.00000E+01  4.24400E-01  4.24400E-01
b  20    2 20    4  99  3.24905E-01  6.17426E-01  1.58376E+00 -5.43664E-01  2.05697E+00  1.22300E-01  1.22300E-01
b  20    3 20    4  99  2.66738E-01  1.33676E-01  2.48107E+00 -1.41370E+00  3.32485E+00  9.83700E-01  9.83700E-01
b  20    1 20    5  99  1.29324E-01  1.42349E+00 -1.90942E+01  1.10289E+02  2.00000E+01  2.45500E-01  2.45500E-01
b  20    2 20    5  99  3.61407E-01  7.89582E-01  1.86029E+00 -7.10175E-01  2.13114E+00  4.92300E-02  4.92300E-02
b  20    3 20    5  99  3.09608E-01  6.30147E-01  2.26600E+00 -1.15520E+00  2.93144E+00  1.63300E-01  1.63300E-01
b  20    4 20    5  99  2.49789E-01  1.78682E-01  2.37912E+00 -4.10735E-01  4.00056E+00  1.27500E+00  1.27500E+00
b  20    1 20    6  99  1.30815E-01  1.41905E+00 -1.94183E+01  1.20073E+02  2.00000E+01  1.55500E-01  1.55500E-01
b  20    2 20    6  99  3.77389E-01  9.14780E-01  1.93783E+00 -7.26479E-01  2.16250E+00  2.58600E-02  2.58600E-02
b  20    3 20    6  99  3.39184E-01  9.33648E-01  2.38016E+00 -1.16135E+00  2.95736E+00  6.09500E-02  6.09500E-02
b  20    4 20    6  99  3.04521E-01  6.43444E-01  2.65981E+00 -1.50251E+00  3.47349E+00  1.99700E-01  1.99700E-01
b  20    5 20    6  99  2.36778E-01  2.18369E-01  2.20758E+00 -2.92778E-01  4.04660E+00  1.52000E+00  1.52000E+00
b  20    1 20    7  99  1.28053E-01  1.42069E+00 -1.89101E+01  1.09902E+02  2.00000E+01  1.05100E-01  1.05100E-01
b  20    2 20    7  99  3.86578E-01  1.00232E+00  1.96179E+00 -7.36145E-01  2.14651E+00  1.56200E-02  1.56200E-02
b  20    3 20    7  99  3.23052E-01  1.29684E+00  1.36661E+00 -4.63661E-01  2.04851E+00  3.08300E-02  3.08300E-02
b  20    4 20    7  99  3.15910E-01  1.10683E+00  1.98348E+00 -9.30453E-01  2.81996E+00  7.15500E-02  7.15500E-02
b  20    5 20    7  99  2.89503E-01  7.04485E-01  2.43394E+00 -1.33387E+00  3.47788E+00  2.32300E-01  2.32300E-01
b  20    6 20    7  99  2.26613E-01  2.47991E-01  2.04552E+00 -3.31169E-01  3.97330E+00  1.74700E+00  1.74700E+00
b  20    1 20    8  99  1.30616E-01  1.41638E+00 -1.93580E+01  1.22018E+02  2.00000E+01  7.44200E-02  7.44200E-02
b  20    2 20    8  99  3.92618E-01  1.06644E+00  1.97302E+00 -7.32724E-01  2.14460E+00  1.03000E-02  1.03000E-02
b  20    3 20    8  99  3.35910E-01  1.44810E+00  1.40387E+00 -4.80689E-01  2.04941E+00  1.82600E-02  1.82600E-02
b  20    4 20    8  99  3.52400E-01  1.31298E+00  2.57674E+00 -1.46627E+00  3.14341E+00  3.53100E-02  3.53100E-02
b  20    5 20    8  99  3.30099E-01  1.07841E+00  2.83870E+00 -1.71414E+00  3.61510E+00  8.13200E-02  8.13200E-02
b  20    6 20    8  99  2.82133E-01  7.18690E-01  2.46092E+00 -1.78166E-01  4.23487E+00  2.63800E-01  2.63800E-01
b  20    7 20    8  99  1.80468E-01  2.08903E-01  1.60873E+00 -2.78737E-01  3.96505E+00  2.39900E+00  2.39900E+00
b  20    1 20    9  98  0.00000E+00  0.00000E+00  0.00000E+00  0.00000E+00  0.00000E+00  1.09431E-01  2.18862E-03
b  20    2 20    9  99  1.38281E-01  1.13151E+00 -2.10351E+01  2.16466E+02  2.00000E+01  2.18928E+00  2.18928E+00
b  20    1 20   10  98  0.00000E+00  0.00000E+00  0.00000E+00  0.00000E+00  0.00000E+00  1.50859E-01  3.01718E-03
b  20    2 20   10  99  1.13907E-01  1.23841E+00 -1.65866E+01  9.40775E+01  2.00000E+01  8.64090E-01  8.64090E-01
b  20    3 20   10  99  1.38281E-01  1.13151E+00 -2.10351E+01  2.16466E+02  2.00000E+01  2.25990E+00  2.25990E+00
b  20    9 20   10  99  2.27125E-01  1.40506E-01  1.68529E+00 -8.16227E-01  2.72897E+00  1.47260E+00  1.47260E+00
b  20    1 20   11  98  0.00000E+00  0.00000E+00  0.00000E+00  0.00000E+00  0.00000E+00  1.98946E-01  3.97893E-03
b  20    2 20   11  99  1.29862E-01  1.43642E+00 -1.93105E+01  1.08573E+02  2.00000E+01  3.81960E-01  3.81960E-01
b  20    4 20   11  99  1.38281E-01  1.13151E+00 -2.10351E+01  2.16466E+02  2.00000E+01  2.25990E+00  2.25990E+00
b  20    9 20   11  99  3.24905E-01  6.17426E-01  1.58376E+00 -5.43664E-01  2.05697E+00  2.44600E-01  2.44600E-01
b  20   10 20   11  99  2.66738E-01  1.33676E-01  2.48107E+00 -1.41370E+00  3.32485E+00  9.83700E-01  9.83700E-01
b  20    1 20   12  98  0.00000E+00  0.00000E+00  0.00000E+00  0.00000E+00  0.00000E+00  2.55801E-01  5.11601E-03
b  20    2 20   12  99  1.29324E-01  1.42349E+00 -1.90942E+01  1.10289E+02  2.00000E+01  2.20950E-01  2.20950E-01
b  20    5 20   12  99  1.38281E-01  1.13151E+00 -2.10351E+01  2.16466E+02  2.00000E+01  2.25990E+00  2.25990E+00
b  20    9 20   12  99  3.61407E-01  7.89582E-01  1.86029E+00 -7.10175E-01  2.13114E+00  9.84600E-02  9.84600E-02
b  20   10 20   12  99  3.09608E-01  6.30147E-01  2.26600E+00 -1.15520E+00  2.93144E+00  1.63300E-01  1.63300E-01
b  20   11 20   12  99  2.49789E-01  1.78682E-01  2.37912E+00 -4.10735E-01  4.00056E+00  1.27500E+00  1.27500E+00
b  20    1 20   13  98  0.00000E+00  0.00000E+00  0.00000E+00  0.00000E+00  0.00000E+00  3.21787E-01  6.43574E-03
b  20    2 20   13  99  1.30815E-01  1.41905E+00 -1.94183E+01  1.20073E+02  2.00000E+01  1.39950E-01  1.39950E-01
b  20    6 20   13  99  1.38281E-01  1.13151E+00 -2.10351E+01  2.16466E+02  2.00000E+01  2.25990E+00  2.25990E+00
b  20    9 20   13  99  3.77389E-01  9.14780E-01  1.93783E+00 -7.26479E-01  2.16250E+00  5.17200E-02  5.17200E-02
b  20   10 20   13  99  3.39184E-01  9.33648E-01  2.38016E+00 -1.16135E+00  2.95736E+00  6.09500E-02  6.09500E-02
b  20   11 20   13  99  3.04521E-01  6.43444E-01  2.65981E+00 -1.50251E+00  3.47349E+00  1.99700E-01  1.99700E-01
b  20   12 20   13  99  2.36778E-01  2.18369E-01  2.20758E+00 -2.92778E-01  4.04660E+00  1.52000E+00  1.52000E+00
b  20    1 20   14  98  0.00000E+00  0.00000E+00  0.00000E+00  0.00000E+00  0.00000E+00  3.97931E-01  7.95862E-03
b  20    2 20   14  99  1.28053E-01  1.42069E+00 -1.89101E+01  1.09902E+02  2.00000E+01  9.45900E-02  9.45900E-02
b  20    7 20   14  99  1.38281E-01  1.13151E+00 -2.10351E+01  2.16466E+02  2.00000E+01  2.25990E+00  2.25990E+00
b  20    9 20   14  99  3.86578E-01  1.00232E+00  1.96179E+00 -7.36145E-01  2.14651E+00  3.12400E-02  3.12400E-02
b  20   10 20   14  99  3.23052E-01  1.29684E+00  1.36661E+00 -4.63661E-01  2.04851E+00  3.08300E-02  3.08300E-02
b  20   11 20   14  99  3.15910E-01  1.10683E+00  1.98348E+00 -9.30453E-01  2.81996E+00  7.15500E-02  7.15500E-02
b  20   12 20   14  99  2.89503E-01  7.04485E-01  2.43394E+00 -1.33387E+00  3.47788E+00  2.32300E-01  2.32300E-01
b  20   13 20   14  99  2.26613E-01  2.47991E-01  2.04552E+00 -3.31169E-01  3.97330E+00  1.74700E+00  1.74700E+00
b  20    1 20   15  98  0.00000E+00  0.00000E+00  0.00000E+00  0.00000E+00  0.00000E+00  4.82750E-01  9.65501E-03
b  20    2 20   15  99  1.30616E-01  1.41638E+00 -1.93580E+01  1.22018E+02  2.00000E+01  6.69780E-02  6.69780E-02
b  20    8 20   15  99  1.38281E-01  1.13151E+00 -2.10351E+01  2.16466E+02  2.00000E+01  2.25990E+00  2.25990E+00
b  20    9 20   15  99  3.92618E-01  1.06644E+00  1.97302E+00 -7.32724E-01  2.14460E+00  2.06000E-02  2.06000E-02
b  20   10 20   15  99  3.35910E-01  1.44810E+00  1.40387E+00 -4.80689E-01  2.04941E+00  1.82600E-02  1.82600E-02
b  20   11 20   15  99  3.52400E-01  1.31298E+00  2.57674E+00 -1.46627E+00  3.14341E+00  3.53100E-02  3.53100E-02
b  20   12 20   15  99  3.30099E-01  1.07841E+00  2.83870E+00 -1.71414E+00  3.61510E+00  8.13200E-02  8.13200E-02
b  20   13 20   15  99  2.82133E-01  7.18690E-01  2.46092E+00 -1.78166E-01  4.23487E+00  2.63800E-01  2.63800E-01
b  20   14 20   15  99  1.80468E-01  2.08903E-01  1.60873E+00 -2.78737E-01  3.96505E+00  2.39900E+00  2.39900E+00
b  20    1 20   16  99  1.17771E-01  1.96011E+00 -5.92659E+01  5.56155E+02  2.00000E+01  9.64622E-01  9.64622E-01
b  20    1 20   17  99  1.05586E-01  1.88047E+00 -5.08211E+01  4.19981E+02  2.00000E+01  3.95840E-01  3.95840E-01
b  20    2 20   17  99  1.17771E-01  1.96011E+00 -5.92659E+01  5.56155E+02  2.00000E+01  1.08520E+00  1.08520E+00
b  20   16 20   17  99  1.38281E-01  1.13151E+00 -2.10351E+01  2.16466E+02  2.00000E+01  2.76210E+00  2.76210E+00
b  20    1 20   18  99  1.03211E-01  1.86431E+00 -4.83592E+01  3.78618E+02  2.00000E+01  1.69200E-01  1.69200E-01
b  20    3 20   18  99  1.17771E-01  1.96011E+00 -5.92659E+01  5.56155E+02  2.00000E+01  1.08520E+00  1.08520E+00
b  20   16 20   18  99  1.13907E-01  1.23841E+00 -1.65866E+01  9.40775E+01  2.00000E+01  1.05611E+00  1.05611E+00
b  20   17 20   18  99  2.27125E-01  1.40506E-01  1.68529E+00 -8.16227E-01  2.72897E+00  7.36300E-01  7.36300E-01
b  20    1 20   19  99  1.05161E-01  1.97840E+00 -4.99677E+01  3.71528E+02  2.00000E+01  8.39200E-02  8.39200E-02
b  20    4 20   19  99  1.17771E-01  1.96011E+00 -5.92659E+01  5.56155E+02  2.00000E+01  1.08520E+00  1.08520E+00
b  20   16 20   19  99  1.29862E-01  1.43642E+00 -1.93105E+01  1.08573E+02  2.00000E+01  4.66840E-01  4.66840E-01
b  20   17 20   19  99  3.24905E-01  6.17426E-01  1.58376E+00 -5.43664E-01  2.05697E+00  1.22300E-01  1.22300E-01
b  20   18 20   19  99  2.66738E-01  1.33676E-01  2.48107E+00 -1.41370E+00  3.32485E+00  9.83700E-01  9.83700E-01
b  20    1 20   20  99  1.02925E-01  1.94324E+00 -4.85882E+01  3.55812E+02  2.00000E+01  4.97680E-02  4.97680E-02
b  20    5 20   20  99  1.17771E-01  1.96011E+00 -5.92659E+01  5.56155E+02  2.00000E+01  1.08520E+00  1.08520E+00
b  20   16 20   20  99  1.29324E-01  1.42349E+00 -1.90942E+01  1.10289E+02  2.00000E+01  2.70050E-01  2.70050E-01
b  20   17 20   20  99  3.61407E-01  7.89582E-01  1.86029E+00 -7.10175E-01  2.13114E+00  4.92300E-02  4.92300E-02
b  20   18 20   20  99  3.09608E-01  6.30147E-01  2.26600E+00 -1.15520E+00  2.93144E+00  1.63300E-01  1.63300E-01
b  20   19 20   20  99  2.49789E-01  1.78682E-01  2.37912E+00 -4.10735E-01  4.00056E+00  1.27500E+00  1.27500E+00
b  20    1 20   21  99  1.01369E-01  1.91853E+00 -4.75434E+01  3.43378E+02  2.00000E+01  3.20000E-02  3.20000E-02
b  20    6 20   21  99  1.17771E-01  1.96011E+00 -5.92659E+01  5.56155E+02  2.00000E+01  1.08520E+00  1.08520E+00
b  20   16 20   21  99  1.30815E-01  1.41905E+00 -1.94183E+01  1.20073E+02  2.00000E+01  1.71050E-01  1.71050E-01
b  20   17 20   21  99  3.77389E-01  9.14780E-01  1.93783E+00 -7.26479E-01  2.16250E+00  2.58600E-02  2.58600E-02
b  20   18 20   21  99  3.39184E-01  9.33648E-01  2.38016E+00 -1.16135E+00  2.95736E+00  6.09500E-02  6.09500E-02
b  20   19 20   21  99  3.04521E-01  6.43444E-01  2.65981E+00 -1.50251E+00  3.47349E+00  1.99700E-01  1.99700E-01
b  20   20 20   21  99  2.36778E-01  2.18369E-01  2.20758E+00 -2.92778E-01  4.04660E+00  1.52000E+00  1.52000E+00
b  20    1 20   22  99  1.00157E-01  1.90292E+00 -4.68541E+01  3.34855E+02  2.00000E+01  2.18000E-02  2.18000E-02
b  20    7 20   22  99  1.17771E-01  1.96011E+00 -5.92659E+01  5.56155E+02  2.00000E+01  1.08520E+00  1.08520E+00
b  20   16 20   22  99  1.28053E-01  1.42069E+00 -1.89101E+01  1.09902E+02  2.00000E+01  1.15610E-01  1.15610E-01
b  20   17 20   22  99  3.86578E-01  1.00232E+00  1.96179E+00 -7.36145E-01  2.14651E+00  1.56200E-02  1.56200E-02
b  20   18 20   22  99  3.23052E-01  1.29684E+00  1.36661E+00 -4.63661E-01  2.04851E+00  3.08300E-02  3.08300E-02
b  20   19 20   22  99  3.15910E-01  1.10683E+00  1.98348E+00 -9.30453E-01  2.81996E+00  7.15500E-02  7.15500E-02
b  20   20 20   22  99  2.89503E-01  7.04485E-01  2.43394E+00 -1.33387E+00  3.47788E+00  2.32300E-01  2.32300E-01
b  20   21 20   22  99  2.26613E-01  2.47991E-01  2.04552E+00 -3.31169E-01  3.97330E+00  1.74700E+00  1.74700E+00
b  20    1 20   23  99  9.97549E-02  1.89264E+00 -4.65165E+01  3.31572E+02  2.00000E+01  1.55120E-02  1.55120E-02
b  20    8 20   23  99  1.17771E-01  1.96011E+00 -5.92659E+01  5.56155E+02  2.00000E+01  1.08520E+00  1.08520E+00
b  20   16 20   23  99  1.30616E-01  1.41638E+00 -1.93580E+01  1.22018E+02  2.00000E+01  8.18620E-02  8.18620E-02
b  20   17 20   23  99  3.92618E-01  1.06644E+00  1.97302E+00 -7.32724E-01  2.14460E+00  1.03000E-02  1.03000E-02
b  20   18 20   23  99  3.35910E-01  1.44810E+00  1.40387E+00 -4.80689E-01  2.04941E+00  1.82600E-02  1.82600E-02
b  20   19 20   23  99  3.52400E-01  1.31298E+00  2.57674E+00 -1.46627E+00  3.14341E+00  3.53100E-02  3.53100E-02
b  20   20 20   23  99  3.30099E-01  1.07841E+00  2.83870E+00 -1.71414E+00  3.61510E+00  8.13200E-02  8.13200E-02
b  20   21 20   23  99  2.82133E-01  7.18690E-01  2.46092E+00 -1.78166E-01  4.23487E+00  2.63800E-01  2.63800E-01
b  20   22 20   23  99  1.80468E-01  2.08903E-01  1.60873E+00 -2.78737E-01  3.96505E+00  2.39900E+00  2.39900E+00
b  20    1 20   24  99  1.46183E-01  1.54758E+00 -1.96820E+01  7.61451E+01  7.07567E+00  3.20533E-02  3.20533E-02
b  20   16 20   24  99  2.05848E-01  1.07163E+00 -1.38726E+01  5.57909E+01  5.76575E+00  7.54250E-02  7.54250E-02
b  20    1 20   25  99  1.27734E-01  1.89061E+00 -2.48329E+01  9.54723E+01  8.02863E+00  1.48060E-02  1.48060E-02
b  20    2 20   25  99  1.46183E-01  1.54758E+00 -1.96820E+01  7.61451E+01  7.07567E+00  3.60600E-02  3.60600E-02
b  20   17 20   25  99  2.05848E-01  1.07163E+00 -1.38726E+01  5.57909E+01  5.76575E+00  7.54250E-02  7.54250E-02
b  20   24 20   25  99  1.38281E-01  1.13151E+00 -2.10351E+01  2.16466E+02  2.00000E+01  2.76210E+00  2.76210E+00
b  20    1 20   26  99  1.22055E-01  1.89682E+00 -2.50922E+01  9.64077E+01  8.19612E+00  6.29800E-03  6.29800E-03
b  20    3 20   26  99  1.46183E-01  1.54758E+00 -1.96820E+01  7.61451E+01  7.07567E+00  3.60600E-02  3.60600E-02
b  20   18 20   26  99  2.05848E-01  1.07163E+00 -1.38726E+01  5.57909E+01  5.76575E+00  7.54250E-02  7.54250E-02
b  20   24 20   26  99  1.13907E-01  1.23841E+00 -1.65866E+01  9.40775E+01  2.00000E+01  1.05611E+00  1.05611E+00
b  20   25 20   26  99  2.27125E-01  1.40506E-01  1.68529E+00 -8.16227E-01  2.72897E+00  7.36300E-01  7.36300E-01
b  20    1 20   27  99  1.23178E-01  1.99632E+00 -2.67631E+01  1.03319E+02  8.32266E+00  3.13600E-03  3.13600E-03
b  20    4 20   27  99  1.46183E-01  1.54758E+00 -1.96820E+01  7.61451E+01  7.07567E+00  3.60600E-02  3.60600E-02
b  20   19 20   27  99  2.05848E-01  1.07163E+00 -1.38726E+01  5.57909E+01  5.76575E+00  7.54250E-02  7.54250E-02
b  20   24 20   27  99  1.29862E-01  1.43642E+00 -1.93105E+01  1.08573E+02  2.00000E+01  4.66840E-01  4.66840E-01
b  20   25 20   27  99  3.24905E-01  6.17426E-01  1.58376E+00 -5.43664E-01  2.05697E+00  1.22300E-01  1.22300E-01
b  20   26 20   27  99  2.66738E-01  1.33676E-01  2.48107E+00 -1.41370E+00  3.32485E+00  9.83700E-01  9.83700E-01
b  20    1 20   28  99  1.14412E-01  2.03099E+00 -2.81252E+01  1.10354E+02  8.78714E+00  1.83980E-03  1.83980E-03
b  20    5 20   28  99  1.46183E-01  1.54758E+00 -1.96820E+01  7.61451E+01  7.07567E+00  3.60600E-02  3.60600E-02
b  20   20 20   28  99  2.05848E-01  1.07163E+00 -1.38726E+01  5.57909E+01  5.76575E+00  7.54250E-02  7.54250E-02
b  20   24 20   28  99  1.29324E-01  1.42349E+00 -1.90942E+01  1.10289E+02  2.00000E+01  2.70050E-01  2.70050E-01
b  20   25 20   28  99  3.61407E-01  7.89582E-01  1.86029E+00 -7.10175E-01  2.13114E+00  4.92300E-02  4.92300E-02
b  20   26 20   28  99  3.09608E-01  6.30147E-01  2.26600E+00 -1.15520E+00  2.93144E+00  1.63300E-01  1.63300E-01
b  20   27 20   28  99  2.49789E-01  1.78682E-01  2.37912E+00 -4.10735E-01  4.00056E+00  1.27500E+00  1.27500E+00
b  20    1 20   29  99  1.19203E-01  1.95607E+00 -2.63465E+01  1.01964E+02  8.38230E+00  1.17120E-03  1.17120E-03
b  20    6 20   29  99  1.46183E-01  1.54758E+00 -1.96820E+01  7.61451E+01  7.07567E+00  3.60600E-02  3.60600E-02
b  20   21 20   29  99  2.05848E-01  1.07163E+00 -1.38726E+01  5.57909E+01  5.76575E+00  7.54250E-02  7.54250E-02
b  20   24 20   29  99  1.30815E-01  1.41905E+00 -1.94183E+01  1.20073E+02  2.00000E+01  1.71050E-01  1.71050E-01
b  20   25 20   29  99  3.77389E-01  9.14780E-01  1.93783E+00 -7.26479E-01  2.16250E+00  2.58600E-02  2.58600E-02
b  20   26 20   29  99  3.39184E-01  9.33648E-01  2.38016E+00 -1.16135E+00  2.95736E+00  6.09500E-02  6.09500E-02
b  20   27 20   29  99  3.04521E-01  6.43444E-01  2.65981E+00 -1.50251E+00  3.47349E+00  1.99700E-01  1.99700E-01
b  20   28 20   29  99  2.36778E-01  2.18369E-01  2.20758E+00 -2.92778E-01  4.04660E+00  1.52000E+00  1.52000E+00
b  20    1 20   30  99  1.15870E-01  1.96792E+00 -2.68500E+01  1.04593E+02  8.56781E+00  7.91000E-04  7.91000E-04
b  20    7 20   30  99  1.46183E-01  1.54758E+00 -1.96820E+01  7.61451E+01  7.07567E+00  3.60600E-02  3.60600E-02
b  20   22 20   30  99  2.05848E-01  1.07163E+00 -1.38726E+01  5.57909E+01  5.76575E+00  7.54250E-02  7.54250E-02
b  20   24 20   30  99  1.28053E-01  1.42069E+00 -1.89101E+01  1.09902E+02  2.00000E+01  1.15610E-01  1.15610E-01
b  20   25 20   30  99  3.86578E-01  1.00232E+00  1.96179E+00 -7.36145E-01  2.14651E+00  1.56200E-02  1.56200E-02
b  20   26 20   30  99  3.23052E-01  1.29684E+00  1.36661E+00 -4.63661E-01  2.04851E+00  3.08300E-02  3.08300E-02
b  20   27 20   30  99  3.15910E-01  1.10683E+00  1.98348E+00 -9.30453E-01  2.81996E+00  7.15500E-02  7.15500E-02
b  20   28 20   30  99  2.89503E-01  7.04485E-01  2.43394E+00 -1.33387E+00  3.47788E+00  2.32300E-01  2.32300E-01
b  20   29 20   30  99  2.26613E-01  2.47991E-01  2.04552E+00 -3.31169E-01  3.97330E+00  1.74700E+00  1.74700E+00
b  20    1 20   31  99  1.12958E-01  1.97697E+00 -2.71769E+01  1.06111E+02  8.69659E+00  5.58800E-04  5.58800E-04
b  20    8 20   31  99  1.46183E-01  1.54758E+00 -1.96820E+01  7.61451E+01  7.07567E+00  3.60600E-02  3.60600E-02
b  20   23 20   31  99  2.05848E-01  1.07163E+00 -1.38726E+01  5.57909E+01  5.76575E+00  7.54250E-02  7.54250E-02
b  20   24 20   31  99  1.30616E-01  1.41638E+00 -1.93580E+01  1.22018E+02  2.00000E+01  8.18620E-02  8.18620E-02
b  20   25 20   31  99  3.92618E-01  1.06644E+00  1.97302E+00 -7.32724E-01  2.14460E+00  1.03000E-02  1.03000E-02
b  20   26 20   31  99  3.35910E-01  1.44810E+00  1.40387E+00 -4.80689E-01  2.04941E+00  1.82600E-02  1.82600E-02
b  20   27 20   31  99  3.52400E-01  1.31298E+00  2.57674E+00 -1.46627E+00  3.14341E+00  3.53100E-02  3.53100E-02
b  20   28 20   31  99  3.30099E-01  1.07841E+00  2.83870E+00 -1.71414E+00  3.61510E+00  8.13200E-02  8.13200E-02
b  20   29 20   31  99  2.82133E-01  7.18690E-01  2.46092E+00 -1.78166E-01  4.23487E+00  2.63800E-01  2.63800E-01
b  20   30 20   31  99  1.80468E-01  2.08903E-01  1.60873E+00 -2.78737E-01  3.96505E+00  2.39900E+00  2.39900E+00
f  20    1 19    1  99  1.00000E+01  1.47400E+01
p  20    1 19    1  98  1.28950E+00 -2.14540E+00 -1.37380E-01  8.27900E-03  1.00000E+01  2.51300E+02  2.61300E+02  5.02500E+03
f  20    2 19    1  99  1.00000E+00  8.99210E+00
p  20    2 19    1  99  1.00000E+00  8.99210E+00
f  20    3 19    1  99  1.00000E+00  8.20640E+00
p  20    3 19    1  99  1.00000E+00  8.20640E+00
f  20    4 19    1  99  1.00000E+00  8.26400E+00
p  20    4 19    1  99  1.00000E+00  8.26400E+00
f  20    5 19    1  99  1.00000E+00  8.20800E+00
p  20    5 19    1  99  1.00000E+00  8.20800E+00
f  20    6 19    1  99  1.00000E+00  8.09820E+00
p  20    6 19    1  99  1.00000E+00  8.09820E+00
f  20    7 19    1  99  1.00000E+00  8.08020E+00
p  20    7 19    1  99  1.00000E+00  8.08020E+00
f  20    8 19    1  99  1.00000E+00  8.00190E+00
p  20    8 19    1  99  1.00000E+00  8.00190E+00
f  20    2 19    2  99  9.00000E+00  8.99210E+00
p  20    2 19    2  98  1.28950E+00 -2.14540E+00 -1.37380E-01  8.27900E-03  1.00000E+01  2.51300E+02  2.61300E+02  5.02500E+03
f  20    9 19    2  99  2.00000E+00  9.55260E+00
p  20    9 19    2  99  2.00000E+00  9.55260E+00
f  20   10 19    2  99  1.00000E+00  8.26600E+00
p  20   10 19    2  99  1.00000E+00  8.26600E+00
f  20   11 19    2  99  1.00000E+00  8.28600E+00
p  20   11 19    2  99  1.00000E+00  8.28600E+00
f  20   12 19    2  99  1.00000E+00  8.21900E+00
p  20   12 19    2  99  1.00000E+00  8.21900E+00
f  20   13 19    2  99  1.00000E+00  8.10520E+00
p  20   13 19    2  99  1.00000E+00  8.10520E+00
f  20   14 19    2  99  1.00000E+00  8.08620E+00
p  20   14 19    2  99  1.00000E+00  8.08620E+00
f  20   15 19    2  99  1.00000E+00  8.01180E+00
p  20   15 19    2  99  1.00000E+00  8.01180E+00
f  20    3 19    3  99  9.00000E+00  8.20640E+00
p  20    3 19    3  98  1.28950E+00 -2.14540E+00 -1.37380E-01  8.27900E-03  1.00000E+01  2.51300E+02  2.61300E+02  5.02500E+03
f  20   10 19    3  99  1.00000E+00  8.26600E+00
p  20   10 19    3  99  1.00000E+00  8.26600E+00
f  20    4 19    4  99  9.00000E+00  8.26400E+00
p  20    4 19    4  98  1.28950E+00 -2.14540E+00 -1.37380E-01  8.27900E-03  1.00000E+01  2.51300E+02  2.61300E+02  5.02500E+03
f  20   11 19    4  99  1.00000E+00  8.28600E+00
p  20   11 19    4  99  1.00000E+00  8.28600E+00
f  20    5 19    5  99  9.00000E+00  8.20800E+00
p  20    5 19    5  98  1.28950E+00 -2.14540E+00 -1.37380E-01  8.27900E-03  1.00000E+01  2.51300E+02  2.61300E+02  5.02500E+03
f  20   12 19    5  99  1.00000E+00  8.21900E+00
p  20   12 19    5  99  1.00000E+00  8.21900E+00
f  20    6 19    6  99  9.00000E+00  8.09820E+00
p  20    6 19    6  98  1.28950E+00 -2.14540E+00 -1.37380E-01  8.27900E-03  1.00000E+01  2.51300E+02  2.61300E+02  5.02500E+03
f  20   13 19    6  99  1.00000E+00  8.10520E+00
p  20   13 19    6  99  1.00000E+00  8.10520E+00
f  20    7 19    7  99  9.00000E+00  8.08020E+00
p  20    7 19    7  98  1.28950E+00 -2.14540E+00 -1.37380E-01  8.27900E-03  1.00000E+01  2.51300E+02  2.61300E+02  5.02500E+03
f  20   14 19    7  99  1.00000E+00  8.08620E+00
p  20   14 19    7  99  1.00000E+00  8.08620E+00
f  20    8 19    8  99  9.00000E+00  8.00190E+00
p  20    8 19    8  98  1.28950E+00 -2.14540E+00 -1.37380E-01  8.27900E-03  1.00000E+01  2.51300E+02  2.61300E+02  5.02500E+03
f  20   15 19    8  99  1.00000E+00  8.01180E+00
p  20   15 19    8  99  1.00000E+00  8.01180E+00
f  20    9 19    9  99  8.00000E+00  9.55260E+00
p  20    9 19    9  98  1.28950E+00 -2.14540E+00 -1.37380E-01  8.27900E-03  1.00000E+01  2.51300E+02  2.61300E+02  5.02500E+03
f  20   10 19   10  99  8.00000E+00  8.26600E+00
p  20   10 19   10  98  1.28950E+00 -2.14540E+00 -1.37380E-01  8.27900E-03  1.00000E+01  2.51300E+02  2.61300E+02  5.02500E+03
f  20   11 19   11  99  8.00000E+00  8.28600E+00
p  20   11 19   11  98  1.28950E+00 -2.14540E+00 -1.37380E-01  8.27900E-03  1.00000E+01  2.51300E+02  2.61300E+02  5.02500E+03
f  20   12 19   12  99  8.00000E+00  8.21900E+00
p  20   12 19   12  98  1.28950E+00 -2.14540E+00 -1.37380E-01  8.27900E-03  1.00000E+01  2.51300E+02  2.61300E+02  5.02500E+03
f  20   13 19   13  99  8.00000E+00  8.10520E+00
p  20   13 19   13  98  1.28950E+00 -2.14540E+00 -1.37380E-01  8.27900E-03  1.00000E+01  2.51300E+02  2.61300E+02  5.02500E+03
f  20   14 19   14  99  8.00000E+00  8.08620E+00
p  20   14 19   14  98  1.28950E+00 -2.14540E+00 -1.37380E-01  8.27900E-03  1.00000E+01  2.51300E+02  2.61300E+02  5.02500E+03
f  20   15 19   15  99  8.00000E+00  8.01180E+00
p  20   15 19   15  98  1.28950E+00 -2.14540E+00 -1.37380E-01  8.27900E-03  1.00000E+01  2.51300E+02  2.61300E+02  5.02500E+03
f  20    1 19   16  99  8.00000E+00  1.47400E+01
p  20    1 19   16  98  1.96990E+00 -2.42430E+00 -1.49490E-01  1.52520E-02  8.00000E+00  1.08400E+03  1.12800E+03  2.16800E+04
f  20   16 19   16  99  1.10000E+01  1.53040E+01
p  20   16 19   16  98  1.28950E+00 -2.14540E+00 -1.37380E-01  8.27900E-03  1.00000E+01  2.51300E+02  2.61300E+02  5.02500E+03
f  20   17 19   16  99  1.00000E+00  9.04880E+00
p  20   17 19   16  99  1.00000E+00  9.04880E+00
f  20   18 19   16  99  1.00000E+00  8.22470E+00
p  20   18 19   16  99  1.00000E+00  8.22470E+00
f  20   19 19   16  99  1.00000E+00  8.27000E+00
p  20   19 19   16  99  1.00000E+00  8.27000E+00
f  20   20 19   16  99  1.00000E+00  8.21200E+00
p  20   20 19   16  99  1.00000E+00  8.21200E+00
f  20   21 19   16  99  1.00000E+00  8.10720E+00
p  20   21 19   16  99  1.00000E+00  8.10720E+00
f  20   22 19   16  99  1.00000E+00  8.08720E+00
p  20   22 19   16  99  1.00000E+00  8.08720E+00
f  20   23 19   16  99  1.00000E+00  8.00190E+00
p  20   23 19   16  99  1.00000E+00  8.00190E+00
f  20    2 19   17  99  8.00000E+00  8.99210E+00
p  20    2 19   17  98  1.96990E+00 -2.42430E+00 -1.49490E-01  1.52520E-02  8.00000E+00  1.08400E+03  1.12800E+03  2.16800E+04
f  20   17 19   17  99  1.00000E+01  9.04880E+00
p  20   17 19   17  98  1.28950E+00 -2.14540E+00 -1.37380E-01  8.27900E-03  1.00000E+01  2.51300E+02  2.61300E+02  5.02500E+03
f  20    3 19   18  99  8.00000E+00  8.20640E+00
p  20    3 19   18  98  1.96990E+00 -2.42430E+00 -1.49490E-01  1.52520E-02  8.00000E+00  1.08400E+03  1.12800E+03  2.16800E+04
f  20   18 19   18  99  1.00000E+01  8.22470E+00
p  20   18 19   18  98  1.28950E+00 -2.14540E+00 -1.37380E-01  8.27900E-03  1.00000E+01  2.51300E+02  2.61300E+02  5.02500E+03
f  20    4 19   19  99  8.00000E+00  8.26400E+00
p  20    4 19   19  98  1.96990E+00 -2.42430E+00 -1.49490E-01  1.52520E-02  8.00000E+00  1.08400E+03  1.12800E+03  2.16800E+04
f  20   19 19   19  99  1.00000E+01  8.27000E+00
p  20   19 19   19  98  1.28950E+00 -2.14540E+00 -1.37380E-01  8.27900E-03  1.00000E+01  2.51300E+02  2.61300E+02  5.02500E+03
f  20    5 19   20  99  8.00000E+00  8.20800E+00
p  20    5 19   20  98  1.96990E+00 -2.42430E+00 -1.49490E-01  1.52520E-02  8.00000E+00  1.08400E+03  1.12800E+03  2.16800E+04
f  20   20 19   20  99  1.00000E+01  8.21200E+00
p  20   20 19   20  98  1.28950E+00 -2.14540E+00 -1.37380E-01  8.27900E-03  1.00000E+01  2.51300E+02  2.61300E+02  5.02500E+03
f  20    6 19   21  99  8.00000E+00  8.09820E+00
p  20    6 19   21  98  1.96990E+00 -2.42430E+00 -1.49490E-01  1.52520E-02  8.00000E+00  1.08400E+03  1.12800E+03  2.16800E+04
f  20   21 19   21  99  1.00000E+01  8.10720E+00
p  20   21 19   21  98  1.28950E+00 -2.14540E+00 -1.37380E-01  8.27900E-03  1.00000E+01  2.51300E+02  2.61300E+02  5.02500E+03
f  20    7 19   22  99  8.00000E+00  8.08020E+00
p  20    7 19   22  98  1.96990E+00 -2.42430E+00 -1.49490E-01  1.52520E-02  8.00000E+00  1.08400E+03  1.12800E+03  2.16800E+04
f  20   22 19   22  99  1.00000E+01  8.08720E+00
p  20   22 19   22  98  1.28950E+00 -2.14540E+00 -1.37380E-01  8.27900E-03  1.00000E+01  2.51300E+02  2.61300E+02  5.02500E+03
f  20    8 19   23  99  8.00000E+00  8.00190E+00
p  20    8 19   23  98  1.96990E+00 -2.42430E+00 -1.49490E-01  1.52520E-02  8.00000E+00  1.08400E+03  1.12800E+03  2.16800E+04
f  20   23 19   23  99  1.00000E+01  8.00190E+00
p  20   23 19   23  98  1.28950E+00 -2.14540E+00 -1.37380E-01  8.27900E-03  1.00000E+01  2.51300E+02  2.61300E+02  5.02500E+03
f  20    1 19   24  99  2.00000E+00  1.47400E+01
p  20    1 19   24  98  2.12880E+00 -2.51090E+00 -1.94380E-01  2.23080E-02  2.00000E+00  7.85200E+03  8.16700E+03  1.57000E+05
f  20   24 19   24  99  1.10000E+01  1.53840E+01
p  20   24 19   24  98  1.28950E+00 -2.14540E+00 -1.37380E-01  8.27900E-03  1.00000E+01  2.51300E+02  2.61300E+02  5.02500E+03
f  20   25 19   24  99  1.00000E+00  9.07200E+00
p  20   25 19   24  99  1.00000E+00  9.07200E+00
f  20   26 19   24  99  1.00000E+00  8.22380E+00
p  20   26 19   24  99  1.00000E+00  8.22380E+00
f  20   27 19   24  99  1.00000E+00  8.27900E+00
p  20   27 19   24  99  1.00000E+00  8.27900E+00
f  20   28 19   24  99  1.00000E+00  8.22100E+00
p  20   28 19   24  99  1.00000E+00  8.22100E+00
f  20   29 19   24  99  1.00000E+00  8.10810E+00
p  20   29 19   24  99  1.00000E+00  8.10810E+00
f  20   30 19   24  99  1.00000E+00  8.08810E+00
p  20   30 19   24  99  1.00000E+00  8.08810E+00
f  20   31 19   24  99  1.00000E+00  8.00190E+00
p  20   31 19   24  99  1.00000E+00  8.00190E+00
f  20    2 19   25  99  2.00000E+00  8.99210E+00
p  20    2 19   25  98  2.12880E+00 -2.51090E+00 -1.94380E-01  2.23080E-02  2.00000E+00  7.85200E+03  8.16700E+03  1.57000E+05
f  20   25 19   25  99  1.00000E+01  9.07200E+00
p  20   25 19   25  98  1.28950E+00 -2.14540E+00 -1.37380E-01  8.27900E-03  1.00000E+01  2.51300E+02  2.61300E+02  5.02500E+03
f  20    3 19   26  99  2.00000E+00  8.20640E+00
p  20    3 19   26  98  2.12880E+00 -2.51090E+00 -1.94380E-01  2.23080E-02  2.00000E+00  7.85200E+03  8.16700E+03  1.57000E+05
f  20   26 19   26  99  1.00000E+01  8.22380E+00
p  20   26 19   26  98  1.28950E+00 -2.14540E+00 -1.37380E-01  8.27900E-03  1.00000E+01  2.51300E+02  2.61300E+02  5.02500E+03
f  20    4 19   27  99  2.00000E+00  8.26400E+00
p  20    4 19   27  98  2.12880E+00 -2.51090E+00 -1.94380E-01  2.23080E-02  2.00000E+00  7.85200E+03  8.16700E+03  1.57000E+05
f  20   27 19   27  99  1.00000E+01  8.27900E+00
p  20   27 19   27  98  1.28950E+00 -2.14540E+00 -1.37380E-01  8.27900E-03  1.00000E+01  2.51300E+02  2.61300E+02  5.02500E+03
f  20    5 19   28  99  2.00000E+00  8.20800E+00
p  20    5 19   28  98  2.12880E+00 -2.51090E+00 -1.94380E-01  2.23080E-02  2.00000E+00  7.85200E+03  8.16700E+03  1.57000E+05
f  20   28 19   28  99  1.00000E+01  8.22100E+00
p  20   28 19   28  98  1.28950E+00 -2.14540E+00 -1.37380E-01  8.27900E-03  1.00000E+01  2.51300E+02  2.61300E+02  5.02500E+03
f  20    6 19   29  99  2.00000E+00  8.09820E+00
p  20    6 19   29  98  2.12880E+00 -2.51090E+00 -1.94380E-01  2.23080E-02  2.00000E+00  7.85200E+03  8.16700E+03  1.57000E+05
f  20   29 19   29  99  1.00000E+01  8.10810E+00
p  20   29 19   29  98  1.28950E+00 -2.14540E+00 -1.37380E-01  8.27900E-03  1.00000E+01  2.51300E+02  2.61300E+02  5.02500E+03
f  20    7 19   30  99  2.00000E+00  8.08020E+00
p  20    7 19   30  98  2.12880E+00 -2.51090E+00 -1.94380E-01  2.23080E-02  2.00000E+00  7.85200E+03  8.16700E+03  1.57000E+05
f  20   30 19   30  99  1.00000E+01  8.08810E+00
p  20   30 19   30  98  1.28950E+00 -2.14540E+00 -1.37380E-01  8.27900E-03  1.00000E+01  2.51300E+02  2.61300E+02  5.02500E+03
f  20    8 19   31  99  2.00000E+00  8.00190E+00
p  20    8 19   31  98  2.12880E+00 -2.51090E+00 -1.94380E-01  2.23080E-02  2.00000E+00  7.85200E+03  8.16700E+03  1.57000E+05
f  20   31 19   31  99  1.00000E+01  8.00190E+00
p  20   31 19   31  98  1.28950E+00 -2.14540E+00 -1.37380E-01  8.27900E-03  1.00000E+01  2.51300E+02  2.61300E+02  5.02500E+03
a  20    9 19    1   4.14567E+13
a  20   10 19    1   1.29286E+13
a  20   11 19    1   4.85611E+12
a  20   12 19    1   2.24678E+12
a  20   13 19    1   1.15239E+12
a  20   14 19    1   6.39500E+11
a  20   15 19    1   3.77611E+11
a  20   16 19    1   5.21895E+14
a  20   17 19    1   9.43125E+12
a  20   18 19    1   2.62688E+12
a  20   19 19    1   9.71925E+11
a  20   20 19    1   4.49662E+11
a  20   21 19    1   2.30640E+11
a  20   22 19    1   1.27988E+11
a  20   23 19    1   7.55775E+10
a  20   24 19    1   6.74025E+12
a  20   25 19    1   1.38510E+11
a  20   26 19    1   3.75350E+10
a  20   27 19    1   1.35115E+10
a  20   28 19    1   6.25100E+09
a  20   29 19    1   3.20630E+09
a  20   30 19    1   1.77930E+09
a  20   31 19    1   1.05065E+09
a  20   17 19    2   4.27005E+14
a  20   25 19    2   5.51475E+12
a  20   18 19    3   4.27005E+14
a  20   26 19    3   5.51475E+12
a  20   19 19    4   4.27005E+14
a  20   27 19    4   5.51475E+12
a  20   20 19    5   4.27005E+14
a  20   28 19    5   5.51475E+12
a  20   21 19    6   4.27005E+14
a  20   29 19    6   5.51475E+12
a  20   22 19    7   4.27005E+14
a  20   30 19    7   5.51475E+12
a  20   23 19    8   4.27005E+14
a  20   31 19    8   5.51475E+12
a  20   24 19   16   1.63332E+14
a  20   25 19   16   1.77592E+12
a  20   26 19   16   4.83880E+11
a  20   27 19   16   1.74648E+11
a  20   28 19   16   8.08040E+10
a  20   29 19   16   4.14440E+10
a  20   30 19   16   2.29992E+10
a  20   31 19   16   1.35808E+10
a  20   25 19   17   1.48484E+14
a  20   26 19   18   1.48484E+14
a  20   27 19   19   1.48484E+14
a  20   28 19   20   1.48484E+14
a  20   29 19   21   1.48484E+14
a  20   30 19   22   1.48484E+14
a  20   31 19   23   1.48484E+14
b  21    1 21    2  99  1.34518E-01  1.13484E+00 -1.92686E+01  1.89887E+02  2.00000E+01  2.20880E+00  2.20880E+00
b  21    1 21    3  99  1.46544E-01  1.19638E+00 -2.13409E+01  2.17283E+02  2.00000E+01  8.82750E-01  8.82750E-01
b  21    2 21    3  99  2.19694E-01  1.84800E-01  1.57148E+00 -7.54318E-01  2.71725E+00  7.34800E-01  7.34800E-01
b  21    1 21    4  99  1.37691E-01  1.49367E+00 -1.99394E+01  1.13677E+02  2.00000E+01  3.93140E-01  3.93140E-01
b  21    2 21    4  99  3.22064E-01  7.34274E-01  1.46672E+00 -4.82240E-01  2.00998E+00  1.11100E-01  1.11100E-01
b  21    3 21    4  99  2.59637E-01  1.75477E-01  2.36397E+00 -1.33117E+00  3.33382E+00  9.96800E-01  9.96800E-01
b  21    1 21    5  99  1.34657E-01  1.46823E+00 -1.92931E+01  1.07282E+02  2.00000E+01  2.32430E-01  2.32430E-01
b  21    2 21    5  99  3.56899E-01  9.69535E-01  1.64883E+00 -5.64809E-01  2.06710E+00  4.35400E-02  4.35400E-02
b  21    3 21    5  99  2.98489E-01  7.27709E-01  1.97053E+00 -9.15483E-01  2.80933E+00  1.57400E-01  1.57400E-01
b  21    4 21    5  99  2.43380E-01  2.15740E-01  2.26803E+00 -3.28396E-01  4.02440E+00  1.29800E+00  1.29800E+00
b  21    1 21    6  99  1.35753E-01  1.44858E+00 -1.93870E+01  1.15745E+02  2.00000E+01  1.49270E-01  1.49270E-01
b  21    2 21    6  99  3.74330E-01  1.12311E+00  1.70895E+00 -6.06135E-01  2.04870E+00  2.26200E-02  2.26200E-02
b  21    3 21    6  99  3.40926E-01  1.01344E+00  2.44000E+00 -1.29351E+00  3.02505E+00  5.75400E-02  5.75400E-02
b  21    4 21    6  99  3.00855E-01  6.85307E-01  2.65760E+00 -1.58835E+00  3.53382E+00  1.96800E-01  1.96800E-01
b  21    5 21    6  99  2.30486E-01  2.55188E-01  2.07600E+00 -3.24253E-01  3.97723E+00  1.54200E+00  1.54200E+00
b  21    1 21    7  99  1.33271E-01  1.44623E+00 -1.91852E+01  1.11440E+02  2.00000E+01  1.01805E-01  1.01805E-01
b  21    2 21    7  99  3.86078E-01  1.21990E+00  1.78246E+00 -6.02915E-01  2.11075E+00  1.36000E-02  1.36000E-02
b  21    3 21    7  99  3.60341E-01  1.25154E+00  2.47654E+00 -1.27101E+00  3.00281E+00  2.87700E-02  2.87700E-02
b  21    4 21    7  99  3.32878E-01  1.07243E+00  2.77156E+00 -1.58790E+00  3.53646E+00  6.95500E-02  6.95500E-02
b  21    5 21    7  99  2.85590E-01  7.37585E-01  2.47649E+00 -2.18710E-01  4.20826E+00  2.30500E-01  2.30500E-01
b  21    6 21    7  99  2.21627E-01  2.78296E-01  1.94625E+00 -3.07437E-01  3.95450E+00  1.76800E+00  1.76800E+00
b  21    1 21    8  99  1.31923E-01  1.44013E+00 -1.88908E+01  1.07216E+02  2.00000E+01  7.26000E-02  7.26000E-02
b  21    2 21    8  99  3.91995E-01  1.29788E+00  1.77344E+00 -5.79710E-01  2.09608E+00  8.94300E-03  8.94300E-03
b  21    3 21    8  99  3.73316E-01  1.42670E+00  2.48215E+00 -1.22833E+00  2.97879E+00  1.69200E-02  1.69200E-02
b  21    4 21    8  99  3.53232E-01  1.37405E+00  2.77844E+00 -1.53539E+00  3.50329E+00  3.40300E-02  3.40300E-02
b  21    5 21    8  99  3.19018E-01  1.16004E+00  2.51451E+00 -1.41070E+00  3.48888E+00  7.99300E-02  7.99300E-02
b  21    6 21    8  99  2.76411E-01  7.55875E-01  2.36036E+00 -2.62591E-01  4.19961E+00  2.62600E-01  2.62600E-01
b  21    7 21    8  99  3.08433E-05  3.99311E-05  2.68533E-04 -4.70092E-05  3.94688E+00  1.39100E+04  1.39100E+04
b  21    1 21    9  98  0.00000E+00  0.00000E+00  0.00000E+00  0.00000E+00  0.00000E+00  1.23424E-01  2.46848E-03
b  21    2 21    9  99  1.34518E-01  1.13484E+00 -1.92686E+01  1.89887E+02  2.00000E+01  1.94525E+00  1.94525E+00
b  21    1 21   10  98  0.00000E+00  0.00000E+00  0.00000E+00  0.00000E+00  0.00000E+00  1.73607E-01  3.47214E-03
b  21    2 21   10  99  1.46544E-01  1.19638E+00 -2.13409E+01  2.17283E+02  2.00000E+01  8.02500E-01  8.02500E-01
b  21    3 21   10  99  1.34518E-01  1.13484E+00 -1.92686E+01  1.89887E+02  2.00000E+01  2.00800E+00  2.00800E+00
b  21    9 21   10  99  2.19694E-01  1.84800E-01  1.57148E+00 -7.54318E-01  2.71725E+00  1.46960E+00  1.46960E+00
b  21    1 21   11  98  0.00000E+00  0.00000E+00  0.00000E+00  0.00000E+00  0.00000E+00  2.30749E-01  4.61499E-03
b  21    2 21   11  99  1.37691E-01  1.49367E+00 -1.99394E+01  1.13677E+02  2.00000E+01  3.57400E-01  3.57400E-01
b  21    4 21   11  99  1.34518E-01  1.13484E+00 -1.92686E+01  1.89887E+02  2.00000E+01  2.00800E+00  2.00800E+00
b  21    9 21   11  99  3.22064E-01  7.34274E-01  1.46672E+00 -4.82240E-01  2.00998E+00  2.22200E-01  2.22200E-01
b  21   10 21   11  99  2.59637E-01  1.75477E-01  2.36397E+00 -1.33117E+00  3.33382E+00  9.96800E-01  9.96800E-01
b  21    1 21   12  98  0.00000E+00  0.00000E+00  0.00000E+00  0.00000E+00  0.00000E+00  2.97933E-01  5.95865E-03
b  21    2 21   12  99  1.34657E-01  1.46823E+00 -1.92931E+01  1.07282E+02  2.00000E+01  2.11300E-01  2.11300E-01
b  21    5 21   12  99  1.34518E-01  1.13484E+00 -1.92686E+01  1.89887E+02  2.00000E+01  2.00800E+00  2.00800E+00
b  21    9 21   12  99  3.56899E-01  9.69535E-01  1.64883E+00 -5.64809E-01  2.06710E+00  8.70800E-02  8.70800E-02
b  21   10 21   12  99  2.98489E-01  7.27709E-01  1.97053E+00 -9.15483E-01  2.80933E+00  1.57400E-01  1.57400E-01
b  21   11 21   12  99  2.43380E-01  2.15740E-01  2.26803E+00 -3.28396E-01  4.02440E+00  1.29800E+00  1.29800E+00
b  21    1 21   13  98  0.00000E+00  0.00000E+00  0.00000E+00  0.00000E+00  0.00000E+00  3.75747E-01  7.51494E-03
b  21    2 21   13  99  1.35753E-01  1.44858E+00 -1.93870E+01  1.15745E+02  2.00000E+01  1.35700E-01  1.35700E-01
b  21    6 21   13  99  1.34518E-01  1.13484E+00 -1.92686E+01  1.89887E+02  2.00000E+01  2.00800E+00  2.00800E+00
b  21    9 21   13  99  3.74330E-01  1.12311E+00  1.70895E+00 -6.06135E-01  2.04870E+00  4.52400E-02  4.52400E-02
b  21   10 21   13  99  3.40926E-01  1.01344E+00  2.44000E+00 -1.29351E+00  3.02505E+00  5.75400E-02  5.75400E-02
b  21   11 21   13  99  3.00855E-01  6.85307E-01  2.65760E+00 -1.58835E+00  3.53382E+00  1.96800E-01  1.96800E-01
b  21   12 21   13  99  2.30486E-01  2.55188E-01  2.07600E+00 -3.24253E-01  3.97723E+00  1.54200E+00  1.54200E+00
b  21    1 21   14  98  0.00000E+00  0.00000E+00  0.00000E+00  0.00000E+00  0.00000E+00  4.65525E-01  9.31049E-03
b  21    2 21   14  99  1.33271E-01  1.44623E+00 -1.91852E+01  1.11440E+02  2.00000E+01  9.25500E-02  9.25500E-02
b  21    7 21   14  99  1.34518E-01  1.13484E+00 -1.92686E+01  1.89887E+02  2.00000E+01  2.00800E+00  2.00800E+00
b  21    9 21   14  99  3.86078E-01  1.21990E+00  1.78246E+00 -6.02915E-01  2.11075E+00  2.72000E-02  2.72000E-02
b  21   10 21   14  99  3.60341E-01  1.25154E+00  2.47654E+00 -1.27101E+00  3.00281E+00  2.87700E-02  2.87700E-02
b  21   11 21   14  99  3.32878E-01  1.07243E+00  2.77156E+00 -1.58790E+00  3.53646E+00  6.95500E-02  6.95500E-02
b  21   12 21   14  99  2.85590E-01  7.37585E-01  2.47649E+00 -2.18710E-01  4.20826E+00  2.30500E-01  2.30500E-01
b  21   13 21   14  99  2.21627E-01  2.78296E-01  1.94625E+00 -3.07437E-01  3.95450E+00  1.76800E+00  1.76800E+00
b  21    1 21   15  98  0.00000E+00  0.00000E+00  0.00000E+00  0.00000E+00  0.00000E+00  5.65411E-01  1.13082E-02
b  21    2 21   15  99  1.31923E-01  1.44013E+00 -1.88908E+01  1.07216E+02  2.00000E+01  6.60000E-02  6.60000E-02
b  21    8 21   15  99  1.34518E-01  1.13484E+00 -1.92686E+01  1.89887E+02  2.00000E+01  2.00800E+00  2.00800E+00
b  21    9 21   15  99  3.91995E-01  1.29788E+00  1.77344E+00 -5.79710E-01  2.09608E+00  1.78860E-02  1.78860E-02
b  21   10 21   15  99  3.73316E-01  1.42670E+00  2.48215E+00 -1.22833E+00  2.97879E+00  1.69200E-02  1.69200E-02
b  21   11 21   15  99  3.53232E-01  1.37405E+00  2.77844E+00 -1.53539E+00  3.50329E+00  3.40300E-02  3.40300E-02
b  21   12 21   15  99  3.19018E-01  1.16004E+00  2.51451E+00 -1.41070E+00  3.48888E+00  7.99300E-02  7.99300E-02
b  21   13 21   15  99  2.76411E-01  7.55875E-01  2.36036E+00 -2.62591E-01  4.19961E+00  2.62600E-01  2.62600E-01
b  21   14 21   15  99  3.08433E-05  3.99311E-05  2.68533E-04 -4.70092E-05  3.94688E+00  1.39100E+04  1.39100E+04
b  21    1 21   16  99  1.19286E-01  1.97714E+00 -6.00511E+01  5.66899E+02  2.00000E+01  7.86178E-01  7.86178E-01
b  21    1 21   17  99  1.06608E-01  1.88023E+00 -5.17841E+01  4.38556E+02  2.00000E+01  3.37840E-01  3.37840E-01
b  21    2 21   17  99  1.19286E-01  1.97714E+00 -6.00511E+01  5.66899E+02  2.00000E+01  8.98489E-01  8.98489E-01
b  21   16 21   17  99  1.34518E-01  1.13484E+00 -1.92686E+01  1.89887E+02  2.00000E+01  2.40960E+00  2.40960E+00
b  21    1 21   18  99  1.05230E-01  1.87004E+00 -4.99133E+01  4.05847E+02  2.00000E+01  1.43760E-01  1.43760E-01
b  21    3 21   18  99  1.19286E-01  1.97714E+00 -6.00511E+01  5.66899E+02  2.00000E+01  8.98489E-01  8.98489E-01
b  21   16 21   18  99  1.46544E-01  1.19638E+00 -2.13409E+01  2.17283E+02  2.00000E+01  9.63000E-01  9.63000E-01
b  21   17 21   18  99  2.19694E-01  1.84800E-01  1.57148E+00 -7.54318E-01  2.71725E+00  7.34800E-01  7.34800E-01
b  21    1 21   19  99  1.07139E-01  1.98393E+00 -5.17154E+01  4.01850E+02  2.00000E+01  7.10800E-02  7.10800E-02
b  21    4 21   19  99  1.19286E-01  1.97714E+00 -6.00511E+01  5.66899E+02  2.00000E+01  8.98489E-01  8.98489E-01
b  21   16 21   19  99  1.37691E-01  1.49367E+00 -1.99394E+01  1.13677E+02  2.00000E+01  4.28880E-01  4.28880E-01
b  21   17 21   19  99  3.22064E-01  7.34274E-01  1.46672E+00 -4.82240E-01  2.00998E+00  1.11100E-01  1.11100E-01
b  21   18 21   19  99  2.59637E-01  1.75477E-01  2.36397E+00 -1.33117E+00  3.33382E+00  9.96800E-01  9.96800E-01
b  21    1 21   20  99  1.04667E-01  1.94277E+00 -5.01585E+01  3.84374E+02  2.00000E+01  4.20800E-02  4.20800E-02
b  21    5 21   20  99  1.19286E-01  1.97714E+00 -6.00511E+01  5.66899E+02  2.00000E+01  8.98489E-01  8.98489E-01
b  21   16 21   20  99  1.34657E-01  1.46823E+00 -1.92931E+01  1.07282E+02  2.00000E+01  2.53560E-01  2.53560E-01
b  21   17 21   20  99  3.56899E-01  9.69535E-01  1.64883E+00 -5.64809E-01  2.06710E+00  4.35400E-02  4.35400E-02
b  21   18 21   20  99  2.98489E-01  7.27709E-01  1.97053E+00 -9.15483E-01  2.80933E+00  1.57400E-01  1.57400E-01
b  21   19 21   20  99  2.43380E-01  2.15740E-01  2.26803E+00 -3.28396E-01  4.02440E+00  1.29800E+00  1.29800E+00
b  21    1 21   21  99  1.03430E-01  1.92158E+00 -4.94780E+01  3.77593E+02  2.00000E+01  2.70080E-02  2.70080E-02
b  21    6 21   21  99  1.19286E-01  1.97714E+00 -6.00511E+01  5.66899E+02  2.00000E+01  8.98489E-01  8.98489E-01
b  21   16 21   21  99  1.35753E-01  1.44858E+00 -1.93870E+01  1.15745E+02  2.00000E+01  1.62840E-01  1.62840E-01
b  21   17 21   21  99  3.74330E-01  1.12311E+00  1.70895E+00 -6.06135E-01  2.04870E+00  2.26200E-02  2.26200E-02
b  21   18 21   21  99  3.40926E-01  1.01344E+00  2.44000E+00 -1.29351E+00  3.02505E+00  5.75400E-02  5.75400E-02
b  21   19 21   21  99  3.00855E-01  6.85307E-01  2.65760E+00 -1.58835E+00  3.53382E+00  1.96800E-01  1.96800E-01
b  21   20 21   21  99  2.30486E-01  2.55188E-01  2.07600E+00 -3.24253E-01  3.97723E+00  1.54200E+00  1.54200E+00
b  21    1 21   22  99  1.02247E-01  1.90434E+00 -4.87990E+01  3.69702E+02  2.00000E+01  1.83760E-02  1.83760E-02
b  21    7 21   22  99  1.19286E-01  1.97714E+00 -6.00511E+01  5.66899E+02  2.00000E+01  8.98489E-01  8.98489E-01
b  21   16 21   22  99  1.33271E-01  1.44623E+00 -1.91852E+01  1.11440E+02  2.00000E+01  1.11060E-01  1.11060E-01
b  21   17 21   22  99  3.86078E-01  1.21990E+00  1.78246E+00 -6.02915E-01  2.11075E+00  1.36000E-02  1.36000E-02
b  21   18 21   22  99  3.60341E-01  1.25154E+00  2.47654E+00 -1.27101E+00  3.00281E+00  2.87700E-02  2.87700E-02
b  21   19 21   22  99  3.32878E-01  1.07243E+00  2.77156E+00 -1.58790E+00  3.53646E+00  6.95500E-02  6.95500E-02
b  21   20 21   22  99  2.85590E-01  7.37585E-01  2.47649E+00 -2.18710E-01  4.20826E+00  2.30500E-01  2.30500E-01
b  21   21 21   22  99  2.21627E-01  2.78296E-01  1.94625E+00 -3.07437E-01  3.95450E+00  1.76800E+00  1.76800E+00
b  21    1 21   23  99  1.01439E-01  1.89114E+00 -4.82852E+01  3.63793E+02  2.00000E+01  1.30640E-02  1.30640E-02
b  21    8 21   23  99  1.19286E-01  1.97714E+00 -6.00511E+01  5.66899E+02  2.00000E+01  8.98489E-01  8.98489E-01
b  21   16 21   23  99  1.31923E-01  1.44013E+00 -1.88908E+01  1.07216E+02  2.00000E+01  7.92000E-02  7.92000E-02
b  21   17 21   23  99  3.91995E-01  1.29788E+00  1.77344E+00 -5.79710E-01  2.09608E+00  8.94300E-03  8.94300E-03
b  21   18 21   23  99  3.73316E-01  1.42670E+00  2.48215E+00 -1.22833E+00  2.97879E+00  1.69200E-02  1.69200E-02
b  21   19 21   23  99  3.53232E-01  1.37405E+00  2.77844E+00 -1.53539E+00  3.50329E+00  3.40300E-02  3.40300E-02
b  21   20 21   23  99  3.19018E-01  1.16004E+00  2.51451E+00 -1.41070E+00  3.48888E+00  7.99300E-02  7.99300E-02
b  21   21 21   23  99  2.76411E-01  7.55875E-01  2.36036E+00 -2.62591E-01  4.19961E+00  2.62600E-01  2.62600E-01
b  21   22 21   23  99  3.08433E-05  3.99311E-05  2.68533E-04 -4.70092E-05  3.94688E+00  1.39100E+04  1.39100E+04
b  21    1 21   24  99  1.48521E-01  1.53229E+00 -1.94012E+01  7.49321E+01  6.99962E+00  2.68022E-02  2.68022E-02
b  21   16 21   24  99  2.07159E-01  1.06522E+00 -1.37838E+01  5.54202E+01  5.74198E+00  7.54000E-02  7.54000E-02
b  21    1 21   25  99  1.29589E-01  1.89055E+00 -2.47179E+01  9.48271E+01  7.96920E+00  1.25560E-02  1.25560E-02
b  21    2 21   25  99  1.48521E-01  1.53229E+00 -1.94012E+01  7.49321E+01  6.99962E+00  3.06311E-02  3.06311E-02
b  21   17 21   25  99  2.07159E-01  1.06522E+00 -1.37838E+01  5.54202E+01  5.74198E+00  7.54000E-02  7.54000E-02
b  21   24 21   25  99  1.34518E-01  1.13484E+00 -1.92686E+01  1.89887E+02  2.00000E+01  2.40960E+00  2.40960E+00
b  21    1 21   26  99  1.21704E-01  1.92604E+00 -2.58837E+01  1.00632E+02  8.36066E+00  5.22000E-03  5.22000E-03
b  21    3 21   26  99  1.48521E-01  1.53229E+00 -1.94012E+01  7.49321E+01  6.99962E+00  3.06311E-02  3.06311E-02
b  21   18 21   26  99  2.07159E-01  1.06522E+00 -1.37838E+01  5.54202E+01  5.74198E+00  7.54000E-02  7.54000E-02
b  21   24 21   26  99  1.46544E-01  1.19638E+00 -2.13409E+01  2.17283E+02  2.00000E+01  9.63000E-01  9.63000E-01
b  21   25 21   26  99  2.19694E-01  1.84800E-01  1.57148E+00 -7.54318E-01  2.71725E+00  7.34800E-01  7.34800E-01
b  21    1 21   27  99  1.24901E-01  1.98458E+00 -2.65243E+01  1.02422E+02  8.24438E+00  2.56600E-03  2.56600E-03
b  21    4 21   27  99  1.48521E-01  1.53229E+00 -1.94012E+01  7.49321E+01  6.99962E+00  3.06311E-02  3.06311E-02
b  21   19 21   27  99  2.07159E-01  1.06522E+00 -1.37838E+01  5.54202E+01  5.74198E+00  7.54000E-02  7.54000E-02
b  21   24 21   27  99  1.37691E-01  1.49367E+00 -1.99394E+01  1.13677E+02  2.00000E+01  4.28880E-01  4.28880E-01
b  21   25 21   27  99  3.22064E-01  7.34274E-01  1.46672E+00 -4.82240E-01  2.00998E+00  1.11100E-01  1.11100E-01
b  21   26 21   27  99  2.59637E-01  1.75477E-01  2.36397E+00 -1.33117E+00  3.33382E+00  9.96800E-01  9.96800E-01
b  21    1 21   28  99  1.22892E-01  1.95405E+00 -2.62044E+01  1.01456E+02  8.27815E+00  1.49160E-03  1.49160E-03
b  21    5 21   28  99  1.48521E-01  1.53229E+00 -1.94012E+01  7.49321E+01  6.99962E+00  3.06311E-02  3.06311E-02
b  21   20 21   28  99  2.07159E-01  1.06522E+00 -1.37838E+01  5.54202E+01  5.74198E+00  7.54000E-02  7.54000E-02
b  21   24 21   28  99  1.34657E-01  1.46823E+00 -1.92931E+01  1.07282E+02  2.00000E+01  2.53560E-01  2.53560E-01
b  21   25 21   28  99  3.56899E-01  9.69535E-01  1.64883E+00 -5.64809E-01  2.06710E+00  4.35400E-02  4.35400E-02
b  21   26 21   28  99  2.98489E-01  7.27709E-01  1.97053E+00 -9.15483E-01  2.80933E+00  1.57400E-01  1.57400E-01
b  21   27 21   28  99  2.43380E-01  2.15740E-01  2.26803E+00 -3.28396E-01  4.02440E+00  1.29800E+00  1.29800E+00
b  21    1 21   29  99  1.18815E-01  1.96251E+00 -2.67026E+01  1.04216E+02  8.47428E+00  9.43400E-04  9.43400E-04
b  21    6 21   29  99  1.48521E-01  1.53229E+00 -1.94012E+01  7.49321E+01  6.99962E+00  3.06311E-02  3.06311E-02
b  21   21 21   29  99  2.07159E-01  1.06522E+00 -1.37838E+01  5.54202E+01  5.74198E+00  7.54000E-02  7.54000E-02
b  21   24 21   29  99  1.35753E-01  1.44858E+00 -1.93870E+01  1.15745E+02  2.00000E+01  1.62840E-01  1.62840E-01
b  21   25 21   29  99  3.74330E-01  1.12311E+00  1.70895E+00 -6.06135E-01  2.04870E+00  2.26200E-02  2.26200E-02
b  21   26 21   29  99  3.40926E-01  1.01344E+00  2.44000E+00 -1.29351E+00  3.02505E+00  5.75400E-02  5.75400E-02
b  21   27 21   29  99  3.00855E-01  6.85307E-01  2.65760E+00 -1.58835E+00  3.53382E+00  1.96800E-01  1.96800E-01
b  21   28 21   29  99  2.30486E-01  2.55188E-01  2.07600E+00 -3.24253E-01  3.97723E+00  1.54200E+00  1.54200E+00
b  21    1 21   30  99  1.20847E-01  1.91754E+00 -2.56416E+01  9.90432E+01  8.24747E+00  6.34200E-04  6.34200E-04
b  21    7 21   30  99  1.48521E-01  1.53229E+00 -1.94012E+01  7.49321E+01  6.99962E+00  3.06311E-02  3.06311E-02
b  21   22 21   30  99  2.07159E-01  1.06522E+00 -1.37838E+01  5.54202E+01  5.74198E+00  7.54000E-02  7.54000E-02
b  21   24 21   30  99  1.33271E-01  1.44623E+00 -1.91852E+01  1.11440E+02  2.00000E+01  1.11060E-01  1.11060E-01
b  21   25 21   30  99  3.86078E-01  1.21990E+00  1.78246E+00 -6.02915E-01  2.11075E+00  1.36000E-02  1.36000E-02
b  21   26 21   30  99  3.60341E-01  1.25154E+00  2.47654E+00 -1.27101E+00  3.00281E+00  2.87700E-02  2.87700E-02
b  21   27 21   30  99  3.32878E-01  1.07243E+00  2.77156E+00 -1.58790E+00  3.53646E+00  6.95500E-02  6.95500E-02
b  21   28 21   30  99  2.85590E-01  7.37585E-01  2.47649E+00 -2.18710E-01  4.20826E+00  2.30500E-01  2.30500E-01
b  21   29 21   30  99  2.21627E-01  2.78296E-01  1.94625E+00 -3.07437E-01  3.95450E+00  1.76800E+00  1.76800E+00
b  21    1 21   31  99  1.18570E-01  1.92722E+00 -2.60333E+01  1.01162E+02  8.37428E+00  4.46400E-04  4.46400E-04
b  21    8 21   31  99  1.48521E-01  1.53229E+00 -1.94012E+01  7.49321E+01  6.99962E+00  3.06311E-02  3.06311E-02
b  21   23 21   31  99  2.07159E-01  1.06522E+00 -1.37838E+01  5.54202E+01  5.74198E+00  7.54000E-02  7.54000E-02
b  21   24 21   31  99  1.31923E-01  1.44013E+00 -1.88908E+01  1.07216E+02  2.00000E+01  7.92000E-02  7.92000E-02
b  21   25 21   31  99  3.91995E-01  1.29788E+00  1.77344E+00 -5.79710E-01  2.09608E+00  8.94300E-03  8.94300E-03
b  21   26 21   31  99  3.73316E-01  1.42670E+00  2.48215E+00 -1.22833E+00  2.97879E+00  1.69200E-02  1.69200E-02
b  21   27 21   31  99  3.53232E-01  1.37405E+00  2.77844E+00 -1.53539E+00  3.50329E+00  3.40300E-02  3.40300E-02
b  21   28 21   31  99  3.19018E-01  1.16004E+00  2.51451E+00 -1.41070E+00  3.48888E+00  7.99300E-02  7.99300E-02
b  21   29 21   31  99  2.76411E-01  7.55875E-01  2.36036E+00 -2.62591E-01  4.19961E+00  2.62600E-01  2.62600E-01
b  21   30 21   31  99  3.08433E-05  3.99311E-05  2.68533E-04 -4.70092E-05  3.94688E+00  1.39100E+04  1.39100E+04
f  21    1 20    1  99  1.10000E+01  1.44000E+01
p  21    1 20    1  98  1.32460E+00 -2.06070E+00 -1.59760E-01  1.09890E-02  1.10000E+01  2.24200E+02  2.33100E+02  4.48300E+03
f  21    2 20    1  99  1.00000E+00  8.07660E+00
p  21    2 20    1  99  1.00000E+00  8.07660E+00
f  21    3 20    1  99  1.00000E+00  7.22680E+00
p  21    3 20    1  99  1.00000E+00  7.22680E+00
f  21    4 20    1  99  1.00000E+00  7.28200E+00
p  21    4 20    1  99  1.00000E+00  7.28200E+00
f  21    5 20    1  99  1.00000E+00  7.22200E+00
p  21    5 20    1  99  1.00000E+00  7.22200E+00
f  21    6 20    1  99  1.00000E+00  7.10820E+00
p  21    6 20    1  99  1.00000E+00  7.10820E+00
f  21    7 20    1  99  1.00000E+00  7.08820E+00
p  21    7 20    1  99  1.00000E+00  7.08820E+00
f  21    8 20    1  99  1.00000E+00  7.00200E+00
p  21    8 20    1  99  1.00000E+00  7.00200E+00
f  21    2 20    2  99  1.00000E+01  8.07660E+00
p  21    2 20    2  98  1.32460E+00 -2.06070E+00 -1.59760E-01  1.09890E-02  1.10000E+01  2.24200E+02  2.33100E+02  4.48300E+03
f  21    9 20    2  99  2.00000E+00  8.63710E+00
p  21    9 20    2  99  2.00000E+00  8.63710E+00
f  21   10 20    2  99  1.00000E+00  7.28640E+00
p  21   10 20    2  99  1.00000E+00  7.28640E+00
f  21   11 20    2  99  1.00000E+00  7.30400E+00
p  21   11 20    2  99  1.00000E+00  7.30400E+00
f  21   12 20    2  99  1.00000E+00  7.23300E+00
p  21   12 20    2  99  1.00000E+00  7.23300E+00
f  21   13 20    2  99  1.00000E+00  7.11520E+00
p  21   13 20    2  99  1.00000E+00  7.11520E+00
f  21   14 20    2  99  1.00000E+00  7.09420E+00
p  21   14 20    2  99  1.00000E+00  7.09420E+00
f  21   15 20    2  99  1.00000E+00  7.01190E+00
p  21   15 20    2  99  1.00000E+00  7.01190E+00
f  21    3 20    3  99  1.00000E+01  7.22680E+00
p  21    3 20    3  98  1.32460E+00 -2.06070E+00 -1.59760E-01  1.09890E-02  1.10000E+01  2.24200E+02  2.33100E+02  4.48300E+03
f  21   10 20    3  99  1.00000E+00  7.28640E+00
p  21   10 20    3  99  1.00000E+00  7.28640E+00
f  21    4 20    4  99  1.00000E+01  7.28200E+00
p  21    4 20    4  98  1.32460E+00 -2.06070E+00 -1.59760E-01  1.09890E-02  1.10000E+01  2.24200E+02  2.33100E+02  4.48300E+03
f  21   11 20    4  99  1.00000E+00  7.30400E+00
p  21   11 20    4  99  1.00000E+00  7.30400E+00
f  21    5 20    5  99  1.00000E+01  7.22200E+00
p  21    5 20    5  98  1.32460E+00 -2.06070E+00 -1.59760E-01  1.09890E-02  1.10000E+01  2.24200E+02  2.33100E+02  4.48300E+03
f  21   12 20    5  99  1.00000E+00  7.23300E+00
p  21   12 20    5  99  1.00000E+00  7.23300E+00
f  21    6 20    6  99  1.00000E+01  7.10820E+00
p  21    6 20    6  98  1.32460E+00 -2.06070E+00 -1.59760E-01  1.09890E-02  1.10000E+01  2.24200E+02  2.33100E+02  4.48300E+03
f  21   13 20    6  99  1.00000E+00  7.11520E+00
p  21   13 20    6  99  1.00000E+00  7.11520E+00
f  21    7 20    7  99  1.00000E+01  7.08820E+00
p  21    7 20    7  98  1.32460E+00 -2.06070E+00 -1.59760E-01  1.09890E-02  1.10000E+01  2.24200E+02  2.33100E+02  4.48300E+03
f  21   14 20    7  99  1.00000E+00  7.09420E+00
p  21   14 20    7  99  1.00000E+00  7.09420E+00
f  21    8 20    8  99  1.00000E+01  7.00200E+00
p  21    8 20    8  98  1.32460E+00 -2.06070E+00 -1.59760E-01  1.09890E-02  1.10000E+01  2.24200E+02  2.33100E+02  4.48300E+03
f  21   15 20    8  99  1.00000E+00  7.01190E+00
p  21   15 20    8  99  1.00000E+00  7.01190E+00
f  21    9 20    9  99  9.00000E+00  8.63710E+00
p  21    9 20    9  98  1.32460E+00 -2.06070E+00 -1.59760E-01  1.09890E-02  1.10000E+01  2.24200E+02  2.33100E+02  4.48300E+03
f  21   10 20   10  99  9.00000E+00  7.28640E+00
p  21   10 20   10  98  1.32460E+00 -2.06070E+00 -1.59760E-01  1.09890E-02  1.10000E+01  2.24200E+02  2.33100E+02  4.48300E+03
f  21   11 20   11  99  9.00000E+00  7.30400E+00
p  21   11 20   11  98  1.32460E+00 -2.06070E+00 -1.59760E-01  1.09890E-02  1.10000E+01  2.24200E+02  2.33100E+02  4.48300E+03
f  21   12 20   12  99  9.00000E+00  7.23300E+00
p  21   12 20   12  98  1.32460E+00 -2.06070E+00 -1.59760E-01  1.09890E-02  1.10000E+01  2.24200E+02  2.33100E+02  4.48300E+03
f  21   13 20   13  99  9.00000E+00  7.11520E+00
p  21   13 20   13  98  1.32460E+00 -2.06070E+00 -1.59760E-01  1.09890E-02  1.10000E+01  2.24200E+02  2.33100E+02  4.48300E+03
f  21   14 20   14  99  9.00000E+00  7.09420E+00
p  21   14 20   14  98  1.32460E+00 -2.06070E+00 -1.59760E-01  1.09890E-02  1.10000E+01  2.24200E+02  2.33100E+02  4.48300E+03
f  21   15 20   15  99  9.00000E+00  7.01190E+00
p  21   15 20   15  98  1.32460E+00 -2.06070E+00 -1.59760E-01  1.09890E-02  1.10000E+01  2.24200E+02  2.33100E+02  4.48300E+03
f  21    1 20   16  99  8.00000E+00  1.44000E+01
p  21    1 20   16  98  2.00810E+00 -2.40620E+00 -1.57000E-01  1.64700E-02  8.00000E+00  1.05200E+03  1.09400E+03  2.10400E+04
f  21   16 20   16  99  1.20000E+01  1.49640E+01
p  21   16 20   16  98  1.32460E+00 -2.06070E+00 -1.59760E-01  1.09890E-02  1.10000E+01  2.24200E+02  2.33100E+02  4.48300E+03
f  21   17 20   16  99  1.00000E+00  8.13330E+00
p  21   17 20   16  99  1.00000E+00  8.13330E+00
f  21   18 20   16  99  1.00000E+00  7.24510E+00
p  21   18 20   16  99  1.00000E+00  7.24510E+00
f  21   19 20   16  99  1.00000E+00  7.28800E+00
p  21   19 20   16  99  1.00000E+00  7.28800E+00
f  21   20 20   16  99  1.00000E+00  7.22600E+00
p  21   20 20   16  99  1.00000E+00  7.22600E+00
f  21   21 20   16  99  1.00000E+00  7.11720E+00
p  21   21 20   16  99  1.00000E+00  7.11720E+00
f  21   22 20   16  99  1.00000E+00  7.09520E+00
p  21   22 20   16  99  1.00000E+00  7.09520E+00
f  21   23 20   16  99  1.00000E+00  7.00200E+00
p  21   23 20   16  99  1.00000E+00  7.00200E+00
f  21    2 20   17  99  8.00000E+00  8.07660E+00
p  21    2 20   17  98  2.00810E+00 -2.40620E+00 -1.57000E-01  1.64700E-02  8.00000E+00  1.05200E+03  1.09400E+03  2.10400E+04
f  21   17 20   17  99  1.10000E+01  8.13330E+00
p  21   17 20   17  98  1.32460E+00 -2.06070E+00 -1.59760E-01  1.09890E-02  1.10000E+01  2.24200E+02  2.33100E+02  4.48300E+03
f  21    3 20   18  99  8.00000E+00  7.22680E+00
p  21    3 20   18  98  2.00810E+00 -2.40620E+00 -1.57000E-01  1.64700E-02  8.00000E+00  1.05200E+03  1.09400E+03  2.10400E+04
f  21   18 20   18  99  1.10000E+01  7.24510E+00
p  21   18 20   18  98  1.32460E+00 -2.06070E+00 -1.59760E-01  1.09890E-02  1.10000E+01  2.24200E+02  2.33100E+02  4.48300E+03
f  21    4 20   19  99  8.00000E+00  7.28200E+00
p  21    4 20   19  98  2.00810E+00 -2.40620E+00 -1.57000E-01  1.64700E-02  8.00000E+00  1.05200E+03  1.09400E+03  2.10400E+04
f  21   19 20   19  99  1.10000E+01  7.28800E+00
p  21   19 20   19  98  1.32460E+00 -2.06070E+00 -1.59760E-01  1.09890E-02  1.10000E+01  2.24200E+02  2.33100E+02  4.48300E+03
f  21    5 20   20  99  8.00000E+00  7.22200E+00
p  21    5 20   20  98  2.00810E+00 -2.40620E+00 -1.57000E-01  1.64700E-02  8.00000E+00  1.05200E+03  1.09400E+03  2.10400E+04
f  21   20 20   20  99  1.10000E+01  7.22600E+00
p  21   20 20   20  98  1.32460E+00 -2.06070E+00 -1.59760E-01  1.09890E-02  1.10000E+01  2.24200E+02  2.33100E+02  4.48300E+03
f  21    6 20   21  99  8.00000E+00  7.10820E+00
p  21    6 20   21  98  2.00810E+00 -2.40620E+00 -1.57000E-01  1.64700E-02  8.00000E+00  1.05200E+03  1.09400E+03  2.10400E+04
f  21   21 20   21  99  1.10000E+01  7.11720E+00
p  21   21 20   21  98  1.32460E+00 -2.06070E+00 -1.59760E-01  1.09890E-02  1.10000E+01  2.24200E+02  2.33100E+02  4.48300E+03
f  21    7 20   22  99  8.00000E+00  7.08820E+00
p  21    7 20   22  98  2.00810E+00 -2.40620E+00 -1.57000E-01  1.64700E-02  8.00000E+00  1.05200E+03  1.09400E+03  2.10400E+04
f  21   22 20   22  99  1.10000E+01  7.09520E+00
p  21   22 20   22  98  1.32460E+00 -2.06070E+00 -1.59760E-01  1.09890E-02  1.10000E+01  2.24200E+02  2.33100E+02  4.48300E+03
f  21    8 20   23  99  8.00000E+00  7.00200E+00
p  21    8 20   23  98  2.00810E+00 -2.40620E+00 -1.57000E-01  1.64700E-02  8.00000E+00  1.05200E+03  1.09400E+03  2.10400E+04
f  21   23 20   23  99  1.10000E+01  7.00200E+00
p  21   23 20   23  98  1.32460E+00 -2.06070E+00 -1.59760E-01  1.09890E-02  1.10000E+01  2.24200E+02  2.33100E+02  4.48300E+03
f  21    1 20   24  99  2.00000E+00  1.44000E+01
p  21    1 20   24  98  2.13430E+00 -2.50710E+00 -1.95920E-01  2.25290E-02  2.00000E+00  7.81900E+03  8.13100E+03  1.56400E+05
f  21   24 20   24  99  1.20000E+01  1.50440E+01
p  21   24 20   24  98  1.32460E+00 -2.06070E+00 -1.59760E-01  1.09890E-02  1.10000E+01  2.24200E+02  2.33100E+02  4.48300E+03
f  21   25 20   24  99  1.00000E+00  8.15650E+00
p  21   25 20   24  99  1.00000E+00  8.15650E+00
f  21   26 20   24  99  1.00000E+00  7.24420E+00
p  21   26 20   24  99  1.00000E+00  7.24420E+00
f  21   27 20   24  99  1.00000E+00  7.29700E+00
p  21   27 20   24  99  1.00000E+00  7.29700E+00
f  21   28 20   24  99  1.00000E+00  7.23500E+00
p  21   28 20   24  99  1.00000E+00  7.23500E+00
f  21   29 20   24  99  1.00000E+00  7.11810E+00
p  21   29 20   24  99  1.00000E+00  7.11810E+00
f  21   30 20   24  99  1.00000E+00  7.09610E+00
p  21   30 20   24  99  1.00000E+00  7.09610E+00
f  21   31 20   24  99  1.00000E+00  7.00200E+00
p  21   31 20   24  99  1.00000E+00  7.00200E+00
f  21    2 20   25  99  2.00000E+00  8.07660E+00
p  21    2 20   25  98  2.13430E+00 -2.50710E+00 -1.95920E-01  2.25290E-02  2.00000E+00  7.81900E+03  8.13100E+03  1.56400E+05
f  21   25 20   25  99  1.10000E+01  8.15650E+00
p  21   25 20   25  98  1.32460E+00 -2.06070E+00 -1.59760E-01  1.09890E-02  1.10000E+01  2.24200E+02  2.33100E+02  4.48300E+03
f  21    3 20   26  99  2.00000E+00  7.22680E+00
p  21    3 20   26  98  2.13430E+00 -2.50710E+00 -1.95920E-01  2.25290E-02  2.00000E+00  7.81900E+03  8.13100E+03  1.56400E+05
f  21   26 20   26  99  1.10000E+01  7.24420E+00
p  21   26 20   26  98  1.32460E+00 -2.06070E+00 -1.59760E-01  1.09890E-02  1.10000E+01  2.24200E+02  2.33100E+02  4.48300E+03
f  21    4 20   27  99  2.00000E+00  7.28200E+00
p  21    4 20   27  98  2.13430E+00 -2.50710E+00 -1.95920E-01  2.25290E-02  2.00000E+00  7.81900E+03  8.13100E+03  1.56400E+05
f  21   27 20   27  99  1.10000E+01  7.29700E+00
p  21   27 20   27  98  1.32460E+00 -2.06070E+00 -1.59760E-01  1.09890E-02  1.10000E+01  2.24200E+02  2.33100E+02  4.48300E+03
f  21    5 20   28  99  2.00000E+00  7.22200E+00
p  21    5 20   28  98  2.13430E+00 -2.50710E+00 -1.95920E-01  2.25290E-02  2.00000E+00  7.81900E+03  8.13100E+03  1.56400E+05
f  21   28 20   28  99  1.10000E+01  7.23500E+00
p  21   28 20   28  98  1.32460E+00 -2.06070E+00 -1.59760E-01  1.09890E-02  1.10000E+01  2.24200E+02  2.33100E+02  4.48300E+03
f  21    6 20   29  99  2.00000E+00  7.10820E+00
p  21    6 20   29  98  2.13430E+00 -2.50710E+00 -1.95920E-01  2.25290E-02  2.00000E+00  7.81900E+03  8.13100E+03  1.56400E+05
f  21   29 20   29  99  1.10000E+01  7.11810E+00
p  21   29 20   29  98  1.32460E+00 -2.06070E+00 -1.59760E-01  1.09890E-02  1.10000E+01  2.24200E+02  2.33100E+02  4.48300E+03
f  21    7 20   30  99  2.00000E+00  7.08820E+00
p  21    7 20   30  98  2.13430E+00 -2.50710E+00 -1.95920E-01  2.25290E-02  2.00000E+00  7.81900E+03  8.13100E+03  1.56400E+05
f  21   30 20   30  99  1.10000E+01  7.09610E+00
p  21   30 20   30  98  1.32460E+00 -2.06070E+00 -1.59760E-01  1.09890E-02  1.10000E+01  2.24200E+02  2.33100E+02  4.48300E+03
f  21    8 20   31  99  2.00000E+00  7.00200E+00
p  21    8 20   31  98  2.13430E+00 -2.50710E+00 -1.95920E-01  2.25290E-02  2.00000E+00  7.81900E+03  8.13100E+03  1.56400E+05
f  21   31 20   31  99  1.10000E+01  7.00200E+00
p  21   31 20   31  98  1.32460E+00 -2.06070E+00 -1.59760E-01  1.09890E-02  1.10000E+01  2.24200E+02  2.33100E+02  4.48300E+03
a  21    9 20    1   3.01220E+13
a  21   10 20    1   9.53525E+12
a  21   11 20    1   3.55125E+12
a  21   12 20    1   1.64310E+12
a  21   13 20    1   8.42750E+11
a  21   14 20    1   4.67675E+11
a  21   15 20    1   2.76150E+11
a  21   16 20    1   5.59202E+14
a  21   17 20    1   8.21782E+12
a  21   18 20    1   2.24148E+12
a  21   19 20    1   8.19596E+11
a  21   20 20    1   3.79203E+11
a  21   21 20    1   1.94498E+11
a  21   22 20    1   1.07931E+11
a  21   23 20    1   6.37312E+10
a  21   24 20    1   7.41906E+12
a  21   25 20    1   1.23046E+11
a  21   26 20    1   3.25452E+10
a  21   27 20    1   1.15516E+10
a  21   28 20    1   5.34452E+09
a  21   29 20    1   2.74126E+09
a  21   30 20    1   1.52119E+09
a  21   31 20    1   8.98260E+08
a  21   17 20    2   4.66001E+14
a  21   25 20    2   6.18255E+12
a  21   18 20    3   4.66001E+14
a  21   26 20    3   6.18255E+12
a  21   19 20    4   4.66001E+14
a  21   27 20    4   6.18255E+12
a  21   20 20    5   4.66001E+14
a  21   28 20    5   6.18255E+12
a  21   21 20    6   4.66001E+14
a  21   29 20    6   6.18255E+12
a  21   22 20    7   4.66001E+14
a  21   30 20    7   6.18255E+12
a  21   23 20    8   4.66001E+14
a  21   31 20    8   6.18255E+12
a  21   24 20   16   1.70458E+14
a  21   25 20   16   1.49096E+12
a  21   26 20   16   3.96336E+11
a  21   27 20   16   1.41112E+11
a  21   28 20   16   6.52880E+10
a  21   29 20   16   3.34864E+10
a  21   30 20   16   1.85828E+10
a  21   31 20   16   1.09728E+10
a  21   25 20   17   1.56253E+14
a  21   26 20   18   1.56253E+14
a  21   27 20   19   1.56253E+14
a  21   28 20   20   1.56253E+14
a  21   29 20   21   1.56253E+14
a  21   30 20   22   1.56253E+14
a  21   31 20   23   1.56253E+14
b  22    1 22    2  99  1.35135E-01  1.14682E+00 -1.84074E+01  1.82783E+02  2.00000E+01  1.84560E+00  1.84560E+00
b  22    1 22    3  99  1.43538E-01  1.19802E+00 -1.98607E+01  1.95364E+02  2.00000E+01  7.50000E-01  7.50000E-01
b  22    2 22    3  99  2.11555E-01  2.37000E-01  1.43314E+00 -6.67993E-01  2.68598E+00  7.46700E-01  7.46700E-01
b  22    1 22    4  99  1.88225E-01  1.53838E+00 -2.71737E+01  2.73618E+02  2.00000E+01  3.30960E-01  3.30960E-01
b  22    2 22    4  99  3.54463E-01  7.04624E-01  2.46290E+00 -1.23319E+00  2.82875E+00  1.01400E-01  1.01400E-01
b  22    3 22    4  99  2.49880E-01  2.32950E-01  2.15588E+00 -1.18930E+00  3.27507E+00  1.02000E+00  1.02000E+00
b  22    1 22    5  99  1.87652E-01  1.49395E+00 -2.68456E+01  2.77956E+02  2.00000E+01  1.99560E-01  1.99560E-01
b  22    2 22    5  99  3.55365E-01  1.17919E+00  1.50138E+00 -4.70688E-01  2.04014E+00  3.80900E-02  3.80900E-02
b  22    3 22    5  99  3.13996E-01  7.06303E-01  2.69337E+00 -1.52828E+00  3.47641E+00  1.52600E-01  1.52600E-01
b  22    4 22    5  99  2.36365E-01  2.57288E-01  2.12748E+00 -3.55029E-01  3.96874E+00  1.33000E+00  1.33000E+00
b  22    1 22    6  99  1.85102E-01  1.47297E+00 -2.65220E+01  2.75407E+02  2.00000E+01  1.29960E-01  1.29960E-01
b  22    2 22    6  99  3.76608E-01  1.38130E+00  1.57222E+00 -5.12423E-01  2.03790E+00  1.93400E-02  1.93400E-02
b  22    3 22    6  99  3.28788E-01  1.17059E+00  2.04403E+00 -9.79623E-01  2.84219E+00  5.43900E-02  5.43900E-02
b  22    4 22    6  99  2.91573E-01  7.52831E-01  2.52686E+00 -3.18558E-01  4.17281E+00  1.94900E-01  1.94900E-01
b  22    5 22    6  99  2.24801E-01  2.89906E-01  1.96746E+00 -3.18726E-01  3.95510E+00  1.57300E+00  1.57300E+00
b  22    1 22    7  99  1.81673E-01  1.46454E+00 -2.61551E+01  2.68215E+02  2.00000E+01  8.94600E-02  8.94600E-02
b  22    2 22    7  99  3.93552E-01  1.50151E+00  1.69457E+00 -5.85576E-01  2.07666E+00  1.14800E-02  1.14800E-02
b  22    3 22    7  99  3.51977E-01  1.43834E+00  2.11532E+00 -9.89052E-01  2.82459E+00  2.67400E-02  2.67400E-02
b  22    4 22    7  99  3.31741E-01  1.12550E+00  2.88049E+00 -1.75172E+00  3.69795E+00  6.79200E-02  6.79200E-02
b  22    5 22    7  99  2.79445E-01  7.82640E-01  2.36506E+00 -4.67679E-02  4.27085E+00  2.29400E-01  2.29400E-01
b  22    6 22    7  99  2.16875E-01  3.07601E-01  1.85571E+00 -2.85354E-01  3.94562E+00  1.79600E+00  1.79600E+00
b  22    1 22    8  99  1.80005E-01  1.45334E+00 -2.58198E+01  2.63802E+02  2.00000E+01  6.42120E-02  6.42120E-02
b  22    2 22    8  99  4.03603E-01  1.59216E+00  1.74543E+00 -6.24620E-01  2.07945E+00  7.48900E-03  7.48900E-03
b  22    3 22    8  99  3.74324E-01  1.60898E+00  2.38328E+00 -1.18064E+00  2.97547E+00  1.55500E-02  1.55500E-02
b  22    4 22    8  99  3.54110E-01  1.44324E+00  2.92750E+00 -1.76661E+00  3.66866E+00  3.28800E-02  3.28800E-02
b  22    5 22    8  99  3.15190E-01  1.20233E+00  2.59277E+00 -1.41909E-01  4.32211E+00  7.89200E-02  7.89200E-02
b  22    6 22    8  99  2.70412E-01  7.94556E-01  2.21108E+00 -2.72503E-01  4.11126E+00  2.61800E-01  2.61800E-01
b  22    7 22    8  99  8.60529E-02  1.31495E-01  7.23442E-01 -1.15378E-01  3.93893E+00  4.91400E+00  4.91400E+00
b  22    1 22    9  98  0.00000E+00  0.00000E+00  0.00000E+00  0.00000E+00  0.00000E+00  1.33194E-01  2.66388E-03
b  22    2 22    9  99  1.35135E-01  1.14682E+00 -1.84074E+01  1.82783E+02  2.00000E+01  1.63893E+00  1.63893E+00
b  22    1 22   10  98  0.00000E+00  0.00000E+00  0.00000E+00  0.00000E+00  0.00000E+00  1.90796E-01  3.81591E-03
b  22    2 22   10  99  1.43538E-01  1.19802E+00 -1.98607E+01  1.95364E+02  2.00000E+01  6.87500E-01  6.87500E-01
b  22    3 22   10  99  1.35135E-01  1.14682E+00 -1.84074E+01  1.82783E+02  2.00000E+01  1.69180E+00  1.69180E+00
b  22    9 22   10  99  2.11555E-01  2.37000E-01  1.43314E+00 -6.67993E-01  2.68598E+00  1.49340E+00  1.49340E+00
b  22    1 22   11  98  0.00000E+00  0.00000E+00  0.00000E+00  0.00000E+00  0.00000E+00  2.55648E-01  5.11297E-03
b  22    2 22   11  99  1.88225E-01  1.53838E+00 -2.71737E+01  2.73618E+02  2.00000E+01  3.03380E-01  3.03380E-01
b  22    4 22   11  99  1.35135E-01  1.14682E+00 -1.84074E+01  1.82783E+02  2.00000E+01  1.69180E+00  1.69180E+00
b  22    9 22   11  99  3.54463E-01  7.04624E-01  2.46290E+00 -1.23319E+00  2.82875E+00  2.02800E-01  2.02800E-01
b  22   10 22   11  99  2.49880E-01  2.32950E-01  2.15588E+00 -1.18930E+00  3.27507E+00  1.02000E+00  1.02000E+00
b  22    1 22   12  98  0.00000E+00  0.00000E+00  0.00000E+00  0.00000E+00  0.00000E+00  3.31488E-01  6.62977E-03
b  22    2 22   12  99  1.87652E-01  1.49395E+00 -2.68456E+01  2.77956E+02  2.00000E+01  1.82930E-01  1.82930E-01
b  22    5 22   12  99  1.35135E-01  1.14682E+00 -1.84074E+01  1.82783E+02  2.00000E+01  1.69180E+00  1.69180E+00
b  22    9 22   12  99  3.55365E-01  1.17919E+00  1.50138E+00 -4.70688E-01  2.04014E+00  7.61800E-02  7.61800E-02
b  22   10 22   12  99  3.13996E-01  7.06303E-01  2.69337E+00 -1.52828E+00  3.47641E+00  1.52600E-01  1.52600E-01
b  22   11 22   12  99  2.36365E-01  2.57288E-01  2.12748E+00 -3.55029E-01  3.96874E+00  1.33000E+00  1.33000E+00
b  22    1 22   13  98  0.00000E+00  0.00000E+00  0.00000E+00  0.00000E+00  0.00000E+00  4.19159E-01  8.38318E-03
b  22    2 22   13  99  1.85102E-01  1.47297E+00 -2.65220E+01  2.75407E+02  2.00000E+01  1.19130E-01  1.19130E-01
b  22    6 22   13  99  1.35135E-01  1.14682E+00 -1.84074E+01  1.82783E+02  2.00000E+01  1.69180E+00  1.69180E+00
b  22    9 22   13  99  3.76608E-01  1.38130E+00  1.57222E+00 -5.12423E-01  2.03790E+00  3.86800E-02  3.86800E-02
b  22   10 22   13  99  3.28788E-01  1.17059E+00  2.04403E+00 -9.79623E-01  2.84219E+00  5.43900E-02  5.43900E-02
b  22   11 22   13  99  2.91573E-01  7.52831E-01  2.52686E+00 -3.18558E-01  4.17281E+00  1.94900E-01  1.94900E-01
b  22   12 22   13  99  2.24801E-01  2.89906E-01  1.96746E+00 -3.18726E-01  3.95510E+00  1.57300E+00  1.57300E+00
b  22    1 22   14  98  0.00000E+00  0.00000E+00  0.00000E+00  0.00000E+00  0.00000E+00  5.20311E-01  1.04062E-02
b  22    2 22   14  99  1.81673E-01  1.46454E+00 -2.61551E+01  2.68215E+02  2.00000E+01  8.20050E-02  8.20050E-02
b  22    7 22   14  99  1.35135E-01  1.14682E+00 -1.84074E+01  1.82783E+02  2.00000E+01  1.69180E+00  1.69180E+00
b  22    9 22   14  99  3.93552E-01  1.50151E+00  1.69457E+00 -5.85576E-01  2.07666E+00  2.29600E-02  2.29600E-02
b  22   10 22   14  99  3.51977E-01  1.43834E+00  2.11532E+00 -9.89052E-01  2.82459E+00  2.67400E-02  2.67400E-02
b  22   11 22   14  99  3.31741E-01  1.12550E+00  2.88049E+00 -1.75172E+00  3.69795E+00  6.79200E-02  6.79200E-02
b  22   12 22   14  99  2.79445E-01  7.82640E-01  2.36506E+00 -4.67679E-02  4.27085E+00  2.29400E-01  2.29400E-01
b  22   13 22   14  99  2.16875E-01  3.07601E-01  1.85571E+00 -2.85354E-01  3.94562E+00  1.79600E+00  1.79600E+00
b  22    1 22   15  98  0.00000E+00  0.00000E+00  0.00000E+00  0.00000E+00  0.00000E+00  6.32710E-01  1.26542E-02
b  22    2 22   15  99  1.80005E-01  1.45334E+00 -2.58198E+01  2.63802E+02  2.00000E+01  5.88610E-02  5.88610E-02
b  22    8 22   15  99  1.35135E-01  1.14682E+00 -1.84074E+01  1.82783E+02  2.00000E+01  1.69180E+00  1.69180E+00
b  22    9 22   15  99  4.03603E-01  1.59216E+00  1.74543E+00 -6.24620E-01  2.07945E+00  1.49780E-02  1.49780E-02
b  22   10 22   15  99  3.74324E-01  1.60898E+00  2.38328E+00 -1.18064E+00  2.97547E+00  1.55500E-02  1.55500E-02
b  22   11 22   15  99  3.54110E-01  1.44324E+00  2.92750E+00 -1.76661E+00  3.66866E+00  3.28800E-02  3.28800E-02
b  22   12 22   15  99  3.15190E-01  1.20233E+00  2.59277E+00 -1.41909E-01  4.32211E+00  7.89200E-02  7.89200E-02
b  22   13 22   15  99  2.70412E-01  7.94556E-01  2.21108E+00 -2.72503E-01  4.11126E+00  2.61800E-01  2.61800E-01
b  22   14 22   15  99  8.60529E-02  1.31495E-01  7.23442E-01 -1.15378E-01  3.93893E+00  4.91400E+00  4.91400E+00
b  22    1 22   16  99  1.25278E-01  2.07882E+00 -6.33782E+01  5.99655E+02  2.00000E+01  6.18400E-01  6.18400E-01
b  22    1 22   17  99  1.07534E-01  1.87330E+00 -5.24734E+01  4.54427E+02  2.00000E+01  2.78560E-01  2.78560E-01
b  22    2 22   17  99  1.25278E-01  2.07882E+00 -6.33782E+01  5.99655E+02  2.00000E+01  7.21467E-01  7.21467E-01
b  22   16 22   17  99  1.35135E-01  1.14682E+00 -1.84074E+01  1.82783E+02  2.00000E+01  1.99940E+00  1.99940E+00
b  22    1 22   18  99  1.07850E-01  1.88340E+00 -5.18102E+01  4.37781E+02  2.00000E+01  1.17680E-01  1.17680E-01
b  22    3 22   18  99  1.25278E-01  2.07882E+00 -6.33782E+01  5.99655E+02  2.00000E+01  7.21467E-01  7.21467E-01
b  22   16 22   18  99  1.43538E-01  1.19802E+00 -1.98607E+01  1.95364E+02  2.00000E+01  8.12500E-01  8.12500E-01
b  22   17 22   18  99  2.11555E-01  2.37000E-01  1.43314E+00 -6.67993E-01  2.68598E+00  7.46700E-01  7.46700E-01
b  22    1 22   19  99  1.09601E-01  1.99510E+00 -5.36073E+01  4.33762E+02  2.00000E+01  5.79280E-02  5.79280E-02
b  22    4 22   19  99  1.25278E-01  2.07882E+00 -6.33782E+01  5.99655E+02  2.00000E+01  7.21467E-01  7.21467E-01
b  22   16 22   19  99  1.88225E-01  1.53838E+00 -2.71737E+01  2.73618E+02  2.00000E+01  3.58540E-01  3.58540E-01
b  22   17 22   19  99  3.54463E-01  7.04624E-01  2.46290E+00 -1.23319E+00  2.82875E+00  1.01400E-01  1.01400E-01
b  22   18 22   19  99  2.49880E-01  2.32950E-01  2.15588E+00 -1.18930E+00  3.27507E+00  1.02000E+00  1.02000E+00
b  22    1 22   20  99  1.07572E-01  1.95657E+00 -5.24331E+01  4.22497E+02  2.00000E+01  3.41840E-02  3.41840E-02
b  22    5 22   20  99  1.25278E-01  2.07882E+00 -6.33782E+01  5.99655E+02  2.00000E+01  7.21467E-01  7.21467E-01
b  22   16 22   20  99  1.87652E-01  1.49395E+00 -2.68456E+01  2.77956E+02  2.00000E+01  2.16190E-01  2.16190E-01
b  22   17 22   20  99  3.55365E-01  1.17919E+00  1.50138E+00 -4.70688E-01  2.04014E+00  3.80900E-02  3.80900E-02
b  22   18 22   20  99  3.13996E-01  7.06303E-01  2.69337E+00 -1.52828E+00  3.47641E+00  1.52600E-01  1.52600E-01
b  22   19 22   20  99  2.36365E-01  2.57288E-01  2.12748E+00 -3.55029E-01  3.96874E+00  1.33000E+00  1.33000E+00
b  22    1 22   21  99  1.05524E-01  1.92671E+00 -5.12419E+01  4.08431E+02  2.00000E+01  2.18880E-02  2.18880E-02
b  22    6 22   21  99  1.25278E-01  2.07882E+00 -6.33782E+01  5.99655E+02  2.00000E+01  7.21467E-01  7.21467E-01
b  22   16 22   21  99  1.85102E-01  1.47297E+00 -2.65220E+01  2.75407E+02  2.00000E+01  1.40790E-01  1.40790E-01
b  22   17 22   21  99  3.76608E-01  1.38130E+00  1.57222E+00 -5.12423E-01  2.03790E+00  1.93400E-02  1.93400E-02
b  22   18 22   21  99  3.28788E-01  1.17059E+00  2.04403E+00 -9.79623E-01  2.84219E+00  5.43900E-02  5.43900E-02
b  22   19 22   21  99  2.91573E-01  7.52831E-01  2.52686E+00 -3.18558E-01  4.17281E+00  1.94900E-01  1.94900E-01
b  22   20 22   21  99  2.24801E-01  2.89906E-01  1.96746E+00 -3.18726E-01  3.95510E+00  1.57300E+00  1.57300E+00
b  22    1 22   22  99  1.04824E-01  1.91245E+00 -5.09012E+01  4.06019E+02  2.00000E+01  1.48640E-02  1.48640E-02
b  22    7 22   22  99  1.25278E-01  2.07882E+00 -6.33782E+01  5.99655E+02  2.00000E+01  7.21467E-01  7.21467E-01
b  22   16 22   22  99  1.81673E-01  1.46454E+00 -2.61551E+01  2.68215E+02  2.00000E+01  9.69150E-02  9.69150E-02
b  22   17 22   22  99  3.93552E-01  1.50151E+00  1.69457E+00 -5.85576E-01  2.07666E+00  1.14800E-02  1.14800E-02
b  22   18 22   22  99  3.51977E-01  1.43834E+00  2.11532E+00 -9.89052E-01  2.82459E+00  2.67400E-02  2.67400E-02
b  22   19 22   22  99  3.31741E-01  1.12550E+00  2.88049E+00 -1.75172E+00  3.69795E+00  6.79200E-02  6.79200E-02
b  22   20 22   22  99  2.79445E-01  7.82640E-01  2.36506E+00 -4.67679E-02  4.27085E+00  2.29400E-01  2.29400E-01
b  22   21 22   22  99  2.16875E-01  3.07601E-01  1.85571E+00 -2.85354E-01  3.94562E+00  1.79600E+00  1.79600E+00
b  22    1 22   23  99  1.03860E-01  1.89888E+00 -5.03786E+01  3.99882E+02  2.00000E+01  1.05520E-02  1.05520E-02
b  22    8 22   23  99  1.25278E-01  2.07882E+00 -6.33782E+01  5.99655E+02  2.00000E+01  7.21467E-01  7.21467E-01
b  22   16 22   23  99  1.80005E-01  1.45334E+00 -2.58198E+01  2.63802E+02  2.00000E+01  6.95630E-02  6.95630E-02
b  22   17 22   23  99  4.03603E-01  1.59216E+00  1.74543E+00 -6.24620E-01  2.07945E+00  7.48900E-03  7.48900E-03
b  22   18 22   23  99  3.74324E-01  1.60898E+00  2.38328E+00 -1.18064E+00  2.97547E+00  1.55500E-02  1.55500E-02
b  22   19 22   23  99  3.54110E-01  1.44324E+00  2.92750E+00 -1.76661E+00  3.66866E+00  3.28800E-02  3.28800E-02
b  22   20 22   23  99  3.15190E-01  1.20233E+00  2.59277E+00 -1.41909E-01  4.32211E+00  7.89200E-02  7.89200E-02
b  22   21 22   23  99  2.70412E-01  7.94556E-01  2.21108E+00 -2.72503E-01  4.11126E+00  2.61800E-01  2.61800E-01
b  22   22 22   23  99  8.60529E-02  1.31495E-01  7.23442E-01 -1.15378E-01  3.93893E+00  4.91400E+00  4.91400E+00
b  22    1 22   24  99  1.42972E-01  1.56255E+00 -1.99615E+01  7.73272E+01  7.16007E+00  2.20200E-02  2.20200E-02
b  22   16 22   24  99  2.05848E-01  1.07163E+00 -1.38726E+01  5.57909E+01  5.76575E+00  7.54000E-02  7.54000E-02
b  22    1 22   25  99  1.33399E-01  1.90626E+00 -2.47986E+01  9.49772E+01  7.89107E+00  1.03340E-02  1.03340E-02
b  22    2 22   25  99  1.42972E-01  1.56255E+00 -1.99615E+01  7.73272E+01  7.16007E+00  2.56900E-02  2.56900E-02
b  22   17 22   25  99  2.05848E-01  1.07163E+00 -1.38726E+01  5.57909E+01  5.76575E+00  7.54000E-02  7.54000E-02
b  22   24 22   25  99  1.35135E-01  1.14682E+00 -1.84074E+01  1.82783E+02  2.00000E+01  1.99940E+00  1.99940E+00
b  22    1 22   26  99  1.30015E-01  1.88237E+00 -2.45984E+01  9.43826E+01  7.94462E+00  4.18400E-03  4.18400E-03
b  22    3 22   26  99  1.42972E-01  1.56255E+00 -1.99615E+01  7.73272E+01  7.16007E+00  2.56900E-02  2.56900E-02
b  22   18 22   26  99  2.05848E-01  1.07163E+00 -1.38726E+01  5.57909E+01  5.76575E+00  7.54000E-02  7.54000E-02
b  22   24 22   26  99  1.43538E-01  1.19802E+00 -1.98607E+01  1.95364E+02  2.00000E+01  8.12500E-01  8.12500E-01
b  22   25 22   26  99  2.11555E-01  2.37000E-01  1.43314E+00 -6.67993E-01  2.68598E+00  7.46700E-01  7.46700E-01
b  22    1 22   27  99  1.27371E-01  1.97482E+00 -2.63041E+01  1.01593E+02  8.16786E+00  2.02600E-03  2.02600E-03
b  22    4 22   27  99  1.42972E-01  1.56255E+00 -1.99615E+01  7.73272E+01  7.16007E+00  2.56900E-02  2.56900E-02
b  22   19 22   27  99  2.05848E-01  1.07163E+00 -1.38726E+01  5.57909E+01  5.76575E+00  7.54000E-02  7.54000E-02
b  22   24 22   27  99  1.88225E-01  1.53838E+00 -2.71737E+01  2.73618E+02  2.00000E+01  3.58540E-01  3.58540E-01
b  22   25 22   27  99  3.54463E-01  7.04624E-01  2.46290E+00 -1.23319E+00  2.82875E+00  1.01400E-01  1.01400E-01
b  22   26 22   27  99  2.49880E-01  2.32950E-01  2.15588E+00 -1.18930E+00  3.27507E+00  1.02000E+00  1.02000E+00
b  22    1 22   28  99  1.24772E-01  1.94889E+00 -2.61243E+01  1.01395E+02  8.22558E+00  1.16560E-03  1.16560E-03
b  22    5 22   28  99  1.42972E-01  1.56255E+00 -1.99615E+01  7.73272E+01  7.16007E+00  2.56900E-02  2.56900E-02
b  22   20 22   28  99  2.05848E-01  1.07163E+00 -1.38726E+01  5.57909E+01  5.76575E+00  7.54000E-02  7.54000E-02
b  22   24 22   28  99  1.87652E-01  1.49395E+00 -2.68456E+01  2.77956E+02  2.00000E+01  2.16190E-01  2.16190E-01
b  22   25 22   28  99  3.55365E-01  1.17919E+00  1.50138E+00 -4.70688E-01  2.04014E+00  3.80900E-02  3.80900E-02
b  22   26 22   28  99  3.13996E-01  7.06303E-01  2.69337E+00 -1.52828E+00  3.47641E+00  1.52600E-01  1.52600E-01
b  22   27 22   28  99  2.36365E-01  2.57288E-01  2.12748E+00 -3.55029E-01  3.96874E+00  1.33000E+00  1.33000E+00
b  22    1 22   29  99  1.21235E-01  1.94812E+00 -2.63881E+01  1.02975E+02  8.37228E+00  7.32000E-04  7.32000E-04
b  22    6 22   29  99  1.42972E-01  1.56255E+00 -1.99615E+01  7.73272E+01  7.16007E+00  2.56900E-02  2.56900E-02
b  22   21 22   29  99  2.05848E-01  1.07163E+00 -1.38726E+01  5.57909E+01  5.76575E+00  7.54000E-02  7.54000E-02
b  22   24 22   29  99  1.85102E-01  1.47297E+00 -2.65220E+01  2.75407E+02  2.00000E+01  1.40790E-01  1.40790E-01
b  22   25 22   29  99  3.76608E-01  1.38130E+00  1.57222E+00 -5.12423E-01  2.03790E+00  1.93400E-02  1.93400E-02
b  22   26 22   29  99  3.28788E-01  1.17059E+00  2.04403E+00 -9.79623E-01  2.84219E+00  5.43900E-02  5.43900E-02
b  22   27 22   29  99  2.91573E-01  7.52831E-01  2.52686E+00 -3.18558E-01  4.17281E+00  1.94900E-01  1.94900E-01
b  22   28 22   29  99  2.24801E-01  2.89906E-01  1.96746E+00 -3.18726E-01  3.95510E+00  1.57300E+00  1.57300E+00
b  22    1 22   30  99  1.23089E-01  1.91452E+00 -2.57251E+01  1.00108E+02  8.23015E+00  4.89400E-04  4.89400E-04
b  22    7 22   30  99  1.42972E-01  1.56255E+00 -1.99615E+01  7.73272E+01  7.16007E+00  2.56900E-02  2.56900E-02
b  22   22 22   30  99  2.05848E-01  1.07163E+00 -1.38726E+01  5.57909E+01  5.76575E+00  7.54000E-02  7.54000E-02
b  22   24 22   30  99  1.81673E-01  1.46454E+00 -2.61551E+01  2.68215E+02  2.00000E+01  9.69150E-02  9.69150E-02
b  22   25 22   30  99  3.93552E-01  1.50151E+00  1.69457E+00 -5.85576E-01  2.07666E+00  1.14800E-02  1.14800E-02
b  22   26 22   30  99  3.51977E-01  1.43834E+00  2.11532E+00 -9.89052E-01  2.82459E+00  2.67400E-02  2.67400E-02
b  22   27 22   30  99  3.31741E-01  1.12550E+00  2.88049E+00 -1.75172E+00  3.69795E+00  6.79200E-02  6.79200E-02
b  22   28 22   30  99  2.79445E-01  7.82640E-01  2.36506E+00 -4.67679E-02  4.27085E+00  2.29400E-01  2.29400E-01
b  22   29 22   30  99  2.16875E-01  3.07601E-01  1.85571E+00 -2.85354E-01  3.94562E+00  1.79600E+00  1.79600E+00
b  22    1 22   31  99  1.21473E-01  1.90755E+00 -2.56213E+01  9.95298E+01  8.24738E+00  3.43000E-04  3.43000E-04
b  22    8 22   31  99  1.42972E-01  1.56255E+00 -1.99615E+01  7.73272E+01  7.16007E+00  2.56900E-02  2.56900E-02
b  22   23 22   31  99  2.05848E-01  1.07163E+00 -1.38726E+01  5.57909E+01  5.76575E+00  7.54000E-02  7.54000E-02
b  22   24 22   31  99  1.80005E-01  1.45334E+00 -2.58198E+01  2.63802E+02  2.00000E+01  6.95630E-02  6.95630E-02
b  22   25 22   31  99  4.03603E-01  1.59216E+00  1.74543E+00 -6.24620E-01  2.07945E+00  7.48900E-03  7.48900E-03
b  22   26 22   31  99  3.74324E-01  1.60898E+00  2.38328E+00 -1.18064E+00  2.97547E+00  1.55500E-02  1.55500E-02
b  22   27 22   31  99  3.54110E-01  1.44324E+00  2.92750E+00 -1.76661E+00  3.66866E+00  3.28800E-02  3.28800E-02
b  22   28 22   31  99  3.15190E-01  1.20233E+00  2.59277E+00 -1.41909E-01  4.32211E+00  7.89200E-02  7.89200E-02
b  22   29 22   31  99  2.70412E-01  7.94556E-01  2.21108E+00 -2.72503E-01  4.11126E+00  2.61800E-01  2.61800E-01
b  22   30 22   31  99  8.60529E-02  1.31495E-01  7.23442E-01 -1.15378E-01  3.93893E+00  4.91400E+00  4.91400E+00
f  22    1 21    1  99  1.20000E+01  1.40600E+01
p  22    1 21    1  98  1.35000E+00 -1.95650E+00 -1.89200E-01  1.46940E-02  1.20000E+01  1.98400E+02  2.06300E+02  3.96800E+03
f  22    2 21    1  99  1.00000E+00  7.16110E+00
p  22    2 21    1  99  1.00000E+00  7.16110E+00
f  22    3 21    1  99  1.00000E+00  6.24720E+00
p  22    3 21    1  99  1.00000E+00  6.24720E+00
f  22    4 21    1  99  1.00000E+00  6.30000E+00
p  22    4 21    1  99  1.00000E+00  6.30000E+00
f  22    5 21    1  99  1.00000E+00  6.23600E+00
p  22    5 21    1  99  1.00000E+00  6.23600E+00
f  22    6 21    1  99  1.00000E+00  6.11820E+00
p  22    6 21    1  99  1.00000E+00  6.11820E+00
f  22    7 21    1  99  1.00000E+00  6.09620E+00
p  22    7 21    1  99  1.00000E+00  6.09620E+00
f  22    8 21    1  99  1.00000E+00  6.00210E+00
p  22    8 21    1  99  1.00000E+00  6.00210E+00
f  22    2 21    2  99  1.10000E+01  7.16110E+00
p  22    2 21    2  98  1.35000E+00 -1.95650E+00 -1.89200E-01  1.46940E-02  1.20000E+01  1.98400E+02  2.06300E+02  3.96800E+03
f  22    9 21    2  99  2.00000E+00  7.72160E+00
p  22    9 21    2  99  2.00000E+00  7.72160E+00
f  22   10 21    2  99  1.00000E+00  6.30680E+00
p  22   10 21    2  99  1.00000E+00  6.30680E+00
f  22   11 21    2  99  1.00000E+00  6.32200E+00
p  22   11 21    2  99  1.00000E+00  6.32200E+00
f  22   12 21    2  99  1.00000E+00  6.24700E+00
p  22   12 21    2  99  1.00000E+00  6.24700E+00
f  22   13 21    2  99  1.00000E+00  6.12520E+00
p  22   13 21    2  99  1.00000E+00  6.12520E+00
f  22   14 21    2  99  1.00000E+00  6.10220E+00
p  22   14 21    2  99  1.00000E+00  6.10220E+00
f  22   15 21    2  99  1.00000E+00  6.01200E+00
p  22   15 21    2  99  1.00000E+00  6.01200E+00
f  22    3 21    3  99  1.10000E+01  6.24720E+00
p  22    3 21    3  98  1.35000E+00 -1.95650E+00 -1.89200E-01  1.46940E-02  1.20000E+01  1.98400E+02  2.06300E+02  3.96800E+03
f  22   10 21    3  99  1.00000E+00  6.30680E+00
p  22   10 21    3  99  1.00000E+00  6.30680E+00
f  22    4 21    4  99  1.10000E+01  6.30000E+00
p  22    4 21    4  98  1.35000E+00 -1.95650E+00 -1.89200E-01  1.46940E-02  1.20000E+01  1.98400E+02  2.06300E+02  3.96800E+03
f  22   11 21    4  99  1.00000E+00  6.32200E+00
p  22   11 21    4  99  1.00000E+00  6.32200E+00
f  22    5 21    5  99  1.10000E+01  6.23600E+00
p  22    5 21    5  98  1.35000E+00 -1.95650E+00 -1.89200E-01  1.46940E-02  1.20000E+01  1.98400E+02  2.06300E+02  3.96800E+03
f  22   12 21    5  99  1.00000E+00  6.24700E+00
p  22   12 21    5  99  1.00000E+00  6.24700E+00
f  22    6 21    6  99  1.10000E+01  6.11820E+00
p  22    6 21    6  98  1.35000E+00 -1.95650E+00 -1.89200E-01  1.46940E-02  1.20000E+01  1.98400E+02  2.06300E+02  3.96800E+03
f  22   13 21    6  99  1.00000E+00  6.12520E+00
p  22   13 21    6  99  1.00000E+00  6.12520E+00
f  22    7 21    7  99  1.10000E+01  6.09620E+00
p  22    7 21    7  98  1.35000E+00 -1.95650E+00 -1.89200E-01  1.46940E-02  1.20000E+01  1.98400E+02  2.06300E+02  3.96800E+03
f  22   14 21    7  99  1.00000E+00  6.10220E+00
p  22   14 21    7  99  1.00000E+00  6.10220E+00
f  22    8 21    8  99  1.10000E+01  6.00210E+00
p  22    8 21    8  98  1.35000E+00 -1.95650E+00 -1.89200E-01  1.46940E-02  1.20000E+01  1.98400E+02  2.06300E+02  3.96800E+03
f  22   15 21    8  99  1.00000E+00  6.01200E+00
p  22   15 21    8  99  1.00000E+00  6.01200E+00
f  22    9 21    9  99  1.00000E+01  7.72160E+00
p  22    9 21    9  98  1.35000E+00 -1.95650E+00 -1.89200E-01  1.46940E-02  1.20000E+01  1.98400E+02  2.06300E+02  3.96800E+03
f  22   10 21   10  99  1.00000E+01  6.30680E+00
p  22   10 21   10  98  1.35000E+00 -1.95650E+00 -1.89200E-01  1.46940E-02  1.20000E+01  1.98400E+02  2.06300E+02  3.96800E+03
f  22   11 21   11  99  1.00000E+01  6.32200E+00
p  22   11 21   11  98  1.35000E+00 -1.95650E+00 -1.89200E-01  1.46940E-02  1.20000E+01  1.98400E+02  2.06300E+02  3.96800E+03
f  22   12 21   12  99  1.00000E+01  6.24700E+00
p  22   12 21   12  98  1.35000E+00 -1.95650E+00 -1.89200E-01  1.46940E-02  1.20000E+01  1.98400E+02  2.06300E+02  3.96800E+03
f  22   13 21   13  99  1.00000E+01  6.12520E+00
p  22   13 21   13  98  1.35000E+00 -1.95650E+00 -1.89200E-01  1.46940E-02  1.20000E+01  1.98400E+02  2.06300E+02  3.96800E+03
f  22   14 21   14  99  1.00000E+01  6.10220E+00
p  22   14 21   14  98  1.35000E+00 -1.95650E+00 -1.89200E-01  1.46940E-02  1.20000E+01  1.98400E+02  2.06300E+02  3.96800E+03
f  22   15 21   15  99  1.00000E+01  6.01200E+00
p  22   15 21   15  98  1.35000E+00 -1.95650E+00 -1.89200E-01  1.46940E-02  1.20000E+01  1.98400E+02  2.06300E+02  3.96800E+03
f  22    1 21   16  99  8.00000E+00  1.40600E+01
p  22    1 21   16  98  2.04450E+00 -2.38860E+00 -1.64130E-01  1.76080E-02  8.00000E+00  1.02100E+03  1.06200E+03  2.04300E+04
f  22   16 21   16  99  1.30000E+01  1.46240E+01
p  22   16 21   16  98  1.35000E+00 -1.95650E+00 -1.89200E-01  1.46940E-02  1.20000E+01  1.98400E+02  2.06300E+02  3.96800E+03
f  22   17 21   16  99  1.00000E+00  7.21780E+00
p  22   17 21   16  99  1.00000E+00  7.21780E+00
f  22   18 21   16  99  1.00000E+00  6.26550E+00
p  22   18 21   16  99  1.00000E+00  6.26550E+00
f  22   19 21   16  99  1.00000E+00  6.30600E+00
p  22   19 21   16  99  1.00000E+00  6.30600E+00
f  22   20 21   16  99  1.00000E+00  6.24000E+00
p  22   20 21   16  99  1.00000E+00  6.24000E+00
f  22   21 21   16  99  1.00000E+00  6.12720E+00
p  22   21 21   16  99  1.00000E+00  6.12720E+00
f  22   22 21   16  99  1.00000E+00  6.10320E+00
p  22   22 21   16  99  1.00000E+00  6.10320E+00
f  22   23 21   16  99  1.00000E+00  6.00210E+00
p  22   23 21   16  99  1.00000E+00  6.00210E+00
f  22    2 21   17  99  8.00000E+00  7.16110E+00
p  22    2 21   17  98  2.04450E+00 -2.38860E+00 -1.64130E-01  1.76080E-02  8.00000E+00  1.02100E+03  1.06200E+03  2.04300E+04
f  22   17 21   17  99  1.20000E+01  7.21780E+00
p  22   17 21   17  98  1.35000E+00 -1.95650E+00 -1.89200E-01  1.46940E-02  1.20000E+01  1.98400E+02  2.06300E+02  3.96800E+03
f  22    3 21   18  99  8.00000E+00  6.24720E+00
p  22    3 21   18  98  2.04450E+00 -2.38860E+00 -1.64130E-01  1.76080E-02  8.00000E+00  1.02100E+03  1.06200E+03  2.04300E+04
f  22   18 21   18  99  1.20000E+01  6.26550E+00
p  22   18 21   18  98  1.35000E+00 -1.95650E+00 -1.89200E-01  1.46940E-02  1.20000E+01  1.98400E+02  2.06300E+02  3.96800E+03
f  22    4 21   19  99  8.00000E+00  6.30000E+00
p  22    4 21   19  98  2.04450E+00 -2.38860E+00 -1.64130E-01  1.76080E-02  8.00000E+00  1.02100E+03  1.06200E+03  2.04300E+04
f  22   19 21   19  99  1.20000E+01  6.30600E+00
p  22   19 21   19  98  1.35000E+00 -1.95650E+00 -1.89200E-01  1.46940E-02  1.20000E+01  1.98400E+02  2.06300E+02  3.96800E+03
f  22    5 21   20  99  8.00000E+00  6.23600E+00
p  22    5 21   20  98  2.04450E+00 -2.38860E+00 -1.64130E-01  1.76080E-02  8.00000E+00  1.02100E+03  1.06200E+03  2.04300E+04
f  22   20 21   20  99  1.20000E+01  6.24000E+00
p  22   20 21   20  98  1.35000E+00 -1.95650E+00 -1.89200E-01  1.46940E-02  1.20000E+01  1.98400E+02  2.06300E+02  3.96800E+03
f  22    6 21   21  99  8.00000E+00  6.11820E+00
p  22    6 21   21  98  2.04450E+00 -2.38860E+00 -1.64130E-01  1.76080E-02  8.00000E+00  1.02100E+03  1.06200E+03  2.04300E+04
f  22   21 21   21  99  1.20000E+01  6.12720E+00
p  22   21 21   21  98  1.35000E+00 -1.95650E+00 -1.89200E-01  1.46940E-02  1.20000E+01  1.98400E+02  2.06300E+02  3.96800E+03
f  22    7 21   22  99  8.00000E+00  6.09620E+00
p  22    7 21   22  98  2.04450E+00 -2.38860E+00 -1.64130E-01  1.76080E-02  8.00000E+00  1.02100E+03  1.06200E+03  2.04300E+04
f  22   22 21   22  99  1.20000E+01  6.10320E+00
p  22   22 21   22  98  1.35000E+00 -1.95650E+00 -1.89200E-01  1.46940E-02  1.20000E+01  1.98400E+02  2.06300E+02  3.96800E+03
f  22    8 21   23  99  8.00000E+00  6.00210E+00
p  22    8 21   23  98  2.04450E+00 -2.38860E+00 -1.64130E-01  1.76080E-02  8.00000E+00  1.02100E+03  1.06200E+03  2.04300E+04
f  22   23 21   23  99  1.20000E+01  6.00210E+00
p  22   23 21   23  98  1.35000E+00 -1.95650E+00 -1.89200E-01  1.46940E-02  1.20000E+01  1.98400E+02  2.06300E+02  3.96800E+03
f  22    1 21   24  99  2.00000E+00  1.40600E+01
p  22    1 21   24  98  2.14030E+00 -2.50530E+00 -1.96310E-01  2.25460E-02  2.00000E+00  7.78700E+03  8.09900E+03  1.55700E+05
f  22   24 21   24  99  1.30000E+01  1.47040E+01
p  22   24 21   24  98  1.35000E+00 -1.95650E+00 -1.89200E-01  1.46940E-02  1.20000E+01  1.98400E+02  2.06300E+02  3.96800E+03
f  22   25 21   24  99  1.00000E+00  7.24100E+00
p  22   25 21   24  99  1.00000E+00  7.24100E+00
f  22   26 21   24  99  1.00000E+00  6.26460E+00
p  22   26 21   24  99  1.00000E+00  6.26460E+00
f  22   27 21   24  99  1.00000E+00  6.31500E+00
p  22   27 21   24  99  1.00000E+00  6.31500E+00
f  22   28 21   24  99  1.00000E+00  6.24900E+00
p  22   28 21   24  99  1.00000E+00  6.24900E+00
f  22   29 21   24  99  1.00000E+00  6.12810E+00
p  22   29 21   24  99  1.00000E+00  6.12810E+00
f  22   30 21   24  99  1.00000E+00  6.10410E+00
p  22   30 21   24  99  1.00000E+00  6.10410E+00
f  22   31 21   24  99  1.00000E+00  6.00210E+00
p  22   31 21   24  99  1.00000E+00  6.00210E+00
f  22    2 21   25  99  2.00000E+00  7.16110E+00
p  22    2 21   25  98  2.14030E+00 -2.50530E+00 -1.96310E-01  2.25460E-02  2.00000E+00  7.78700E+03  8.09900E+03  1.55700E+05
f  22   25 21   25  99  1.20000E+01  7.24100E+00
p  22   25 21   25  98  1.35000E+00 -1.95650E+00 -1.89200E-01  1.46940E-02  1.20000E+01  1.98400E+02  2.06300E+02  3.96800E+03
f  22    3 21   26  99  2.00000E+00  6.24720E+00
p  22    3 21   26  98  2.14030E+00 -2.50530E+00 -1.96310E-01  2.25460E-02  2.00000E+00  7.78700E+03  8.09900E+03  1.55700E+05
f  22   26 21   26  99  1.20000E+01  6.26460E+00
p  22   26 21   26  98  1.35000E+00 -1.95650E+00 -1.89200E-01  1.46940E-02  1.20000E+01  1.98400E+02  2.06300E+02  3.96800E+03
f  22    4 21   27  99  2.00000E+00  6.30000E+00
p  22    4 21   27  98  2.14030E+00 -2.50530E+00 -1.96310E-01  2.25460E-02  2.00000E+00  7.78700E+03  8.09900E+03  1.55700E+05
f  22   27 21   27  99  1.20000E+01  6.31500E+00
p  22   27 21   27  98  1.35000E+00 -1.95650E+00 -1.89200E-01  1.46940E-02  1.20000E+01  1.98400E+02  2.06300E+02  3.96800E+03
f  22    5 21   28  99  2.00000E+00  6.23600E+00
p  22    5 21   28  98  2.14030E+00 -2.50530E+00 -1.96310E-01  2.25460E-02  2.00000E+00  7.78700E+03  8.09900E+03  1.55700E+05
f  22   28 21   28  99  1.20000E+01  6.24900E+00
p  22   28 21   28  98  1.35000E+00 -1.95650E+00 -1.89200E-01  1.46940E-02  1.20000E+01  1.98400E+02  2.06300E+02  3.96800E+03
f  22    6 21   29  99  2.00000E+00  6.11820E+00
p  22    6 21   29  98  2.14030E+00 -2.50530E+00 -1.96310E-01  2.25460E-02  2.00000E+00  7.78700E+03  8.09900E+03  1.55700E+05
f  22   29 21   29  99  1.20000E+01  6.12810E+00
p  22   29 21   29  98  1.35000E+00 -1.95650E+00 -1.89200E-01  1.46940E-02  1.20000E+01  1.98400E+02  2.06300E+02  3.96800E+03
f  22    7 21   30  99  2.00000E+00  6.09620E+00
p  22    7 21   30  98  2.14030E+00 -2.50530E+00 -1.96310E-01  2.25460E-02  2.00000E+00  7.78700E+03  8.09900E+03  1.55700E+05
f  22   30 21   30  99  1.20000E+01  6.10410E+00
p  22   30 21   30  98  1.35000E+00 -1.95650E+00 -1.89200E-01  1.46940E-02  1.20000E+01  1.98400E+02  2.06300E+02  3.96800E+03
f  22    8 21   31  99  2.00000E+00  6.00210E+00
p  22    8 21   31  98  2.14030E+00 -2.50530E+00 -1.96310E-01  2.25460E-02  2.00000E+00  7.78700E+03  8.09900E+03  1.55700E+05
f  22   31 21   31  99  1.20000E+01  6.00210E+00
p  22   31 21   31  98  1.35000E+00 -1.95650E+00 -1.89200E-01  1.46940E-02  1.20000E+01  1.98400E+02  2.06300E+02  3.96800E+03
a  22    9 21    1   2.13964E+13
a  22   10 21    1   6.95889E+12
a  22   11 21    1   2.56444E+12
a  22   12 21    1   1.18651E+12
a  22   13 21    1   6.08578E+11
a  22   14 21    1   3.37711E+11
a  22   15 21    1   1.99418E+11
a  22   16 21    1   5.88686E+14
a  22   17 21    1   6.87375E+12
a  22   18 21    1   1.83231E+12
a  22   19 21    1   6.61590E+11
a  22   20 21    1   3.06099E+11
a  22   21 21    1   1.57000E+11
a  22   22 21    1   8.71245E+10
a  22   23 21    1   5.14440E+10
a  22   24 21    1   8.08080E+12
a  22   25 21    1   1.06086E+11
a  22   26 21    1   2.72454E+10
a  22   27 21    1   9.50700E+09
a  22   28 21    1   4.39866E+09
a  22   29 21    1   2.25612E+09
a  22   30 21    1   1.25196E+09
a  22   31 21    1   7.39260E+08
a  22   17 21    2   4.98118E+14
a  22   25 21    2   6.83760E+12
a  22   18 21    3   4.98118E+14
a  22   26 21    3   6.83760E+12
a  22   19 21    4   4.98118E+14
a  22   27 21    4   6.83760E+12
a  22   20 21    5   4.98118E+14
a  22   28 21    5   6.83760E+12
a  22   21 21    6   4.98118E+14
a  22   29 21    6   6.83760E+12
a  22   22 21    7   4.98118E+14
a  22   30 21    7   6.83760E+12
a  22   23 21    8   4.98118E+14
a  22   31 21    8   6.83760E+12
a  22   24 21   16   1.77081E+14
a  22   25 21   16   1.22480E+12
a  22   26 21   16   3.16064E+11
a  22   27 21   16   1.10616E+11
a  22   28 21   16   5.11800E+10
a  22   29 21   16   2.62500E+10
a  22   30 21   16   1.45668E+10
a  22   31 21   16   8.60160E+09
a  22   25 21   17   1.63459E+14
a  22   26 21   18   1.63459E+14
a  22   27 21   19   1.63459E+14
a  22   28 21   20   1.63459E+14
a  22   29 21   21   1.63459E+14
a  22   30 21   22   1.63459E+14
a  22   31 21   23   1.63459E+14
b  23    1 23    2  99  1.33377E-01  1.15080E+00 -1.68233E+01  1.66279E+02  2.00000E+01  1.47420E+00  1.47420E+00
b  23    1 23    3  99  1.43133E-01  1.18074E+00 -1.85613E+01  1.86931E+02  2.00000E+01  5.81750E-01  5.81750E-01
b  23    2 23    3  99  2.25930E-01  2.17096E-01  1.97483E+00 -1.11876E+00  3.32923E+00  7.61900E-01  7.61900E-01
b  23    1 23    4  99  2.05188E-01  1.67782E+00 -2.81731E+01  2.80495E+02  2.00000E+01  2.46480E-01  2.46480E-01
b  23    2 23    4  99  3.41894E-01  8.86048E-01  2.16115E+00 -1.00513E+00  2.76177E+00  9.38000E-02  9.38000E-02
b  23    3 23    4  99  2.46197E-01  2.68708E-01  2.20987E+00 -3.01869E-01  4.01091E+00  1.05000E+00  1.05000E+00
b  23    1 23    5  99  1.96987E-01  1.64674E+00 -2.71389E+01  2.60951E+02  2.00000E+01  1.50930E-01  1.50930E-01
b  23    2 23    5  99  3.98166E-01  1.24020E+00  2.68358E+00 -1.39728E+00  2.93904E+00  3.33500E-02  3.33500E-02
b  23    3 23    5  99  3.02965E-01  8.06533E-01  2.41472E+00 -1.30427E+00  3.39602E+00  1.49600E-01  1.49600E-01
b  23    4 23    5  99  2.29411E-01  3.03305E-01  1.99542E+00 -3.26741E-01  3.95450E+00  1.36700E+00  1.36700E+00
b  23    1 23    6  99  1.94560E-01  1.62131E+00 -2.69226E+01  2.59915E+02  2.00000E+01  9.93330E-02  9.93330E-02
b  23    2 23    6  99  4.28427E-01  1.51181E+00  2.85829E+00 -1.47427E+00  2.98443E+00  1.63500E-02  1.63500E-02
b  23    3 23    6  99  3.47949E-01  1.17183E+00  2.92588E+00 -1.75497E+00  3.60986E+00  5.21200E-02  5.21200E-02
b  23    4 23    6  99  2.84573E-01  8.07267E-01  2.38402E+00 -1.08330E-01  4.23002E+00  1.94200E-01  1.94200E-01
b  23    5 23    6  99  2.18873E-01  3.28431E-01  1.85618E+00 -2.82262E-01  3.94719E+00  1.60600E+00  1.60600E+00
b  23    1 23    7  99  1.94036E-01  1.59667E+00 -2.66814E+01  2.60426E+02  2.00000E+01  6.89000E-02  6.89000E-02
b  23    2 23    7  99  4.46052E-01  1.71300E+00  2.88365E+00 -1.40851E+00  2.96822E+00  9.47700E-03  9.47700E-03
b  23    3 23    7  99  3.72464E-01  1.48482E+00  2.97969E+00 -1.74162E+00  3.57738E+00  2.51700E-02  2.51700E-02
b  23    4 23    7  99  3.18211E-01  1.22104E+00  2.56370E+00 -1.63628E-01  4.25979E+00  6.70400E-02  6.70400E-02
b  23    5 23    7  99  2.71816E-01  8.30957E-01  2.19237E+00 -2.33313E-01  4.11408E+00  2.29300E-01  2.29300E-01
b  23    6 23    7  99  2.09322E-01  3.71715E-01  1.70432E+00 -2.42947E-01  3.93353E+00  1.82400E+00  1.82400E+00
b  23    1 23    8  99  1.92287E-01  1.58480E+00 -2.65350E+01  2.58735E+02  2.00000E+01  4.97380E-02  4.97380E-02
b  23    2 23    8  99  4.15519E-01  2.04804E+00  1.58977E+00 -5.30860E-01  2.02583E+00  6.08500E-03  6.08500E-03
b  23    3 23    8  99  3.90424E-01  1.72268E+00  3.01118E+00 -1.68408E+00  3.55972E+00  1.44400E-02  1.44400E-02
b  23    4 23    8  99  3.42776E-01  1.54883E+00  2.68523E+00 -3.35375E-01  4.21364E+00  3.21700E-02  3.21700E-02
b  23    5 23    8  99  3.06763E-01  1.25387E+00  2.39501E+00 -1.75758E-01  4.22567E+00  7.85800E-02  7.85800E-02
b  23    6 23    8  99  2.64768E-01  8.27071E-01  2.08828E+00 -2.35957E-01  4.07360E+00  2.61700E-01  2.61700E-01
b  23    7 23    8  99  6.93218E-02  1.83491E-01  5.12950E-01 -7.21006E-02  3.92507E+00  5.63800E+00  5.63800E+00
b  23    1 23    9  98  0.00000E+00  0.00000E+00  0.00000E+00  0.00000E+00  0.00000E+00  1.41157E-01  2.82314E-03
b  23    2 23    9  99  1.33377E-01  1.15080E+00 -1.68233E+01  1.66279E+02  2.00000E+01  1.31828E+00  1.31828E+00
b  23    1 23   10  98  0.00000E+00  0.00000E+00  0.00000E+00  0.00000E+00  0.00000E+00  2.05866E-01  4.11731E-03
b  23    2 23   10  99  1.43133E-01  1.18074E+00 -1.85613E+01  1.86931E+02  2.00000E+01  5.37000E-01  5.37000E-01
b  23    3 23   10  99  1.33377E-01  1.15080E+00 -1.68233E+01  1.66279E+02  2.00000E+01  1.36080E+00  1.36080E+00
b  23    9 23   10  99  2.25930E-01  2.17096E-01  1.97483E+00 -1.11876E+00  3.32923E+00  1.52380E+00  1.52380E+00
b  23    1 23   11  98  0.00000E+00  0.00000E+00  0.00000E+00  0.00000E+00  0.00000E+00  2.78137E-01  5.56274E-03
b  23    2 23   11  99  2.05188E-01  1.67782E+00 -2.81731E+01  2.80495E+02  2.00000E+01  2.27520E-01  2.27520E-01
b  23    4 23   11  99  1.33377E-01  1.15080E+00 -1.68233E+01  1.66279E+02  2.00000E+01  1.36080E+00  1.36080E+00
b  23    9 23   11  99  3.41894E-01  8.86048E-01  2.16115E+00 -1.00513E+00  2.76177E+00  1.87600E-01  1.87600E-01
b  23   10 23   11  99  2.46197E-01  2.68708E-01  2.20987E+00 -3.01869E-01  4.01091E+00  1.05000E+00  1.05000E+00
b  23    1 23   12  98  0.00000E+00  0.00000E+00  0.00000E+00  0.00000E+00  0.00000E+00  3.62217E-01  7.24434E-03
b  23    2 23   12  99  1.96987E-01  1.64674E+00 -2.71389E+01  2.60951E+02  2.00000E+01  1.39320E-01  1.39320E-01
b  23    5 23   12  99  1.33377E-01  1.15080E+00 -1.68233E+01  1.66279E+02  2.00000E+01  1.36080E+00  1.36080E+00
b  23    9 23   12  99  3.98166E-01  1.24020E+00  2.68358E+00 -1.39728E+00  2.93904E+00  6.67000E-02  6.67000E-02
b  23   10 23   12  99  3.02965E-01  8.06533E-01  2.41472E+00 -1.30427E+00  3.39602E+00  1.49600E-01  1.49600E-01
b  23   11 23   12  99  2.29411E-01  3.03305E-01  1.99542E+00 -3.26741E-01  3.95450E+00  1.36700E+00  1.36700E+00
b  23    1 23   13  98  0.00000E+00  0.00000E+00  0.00000E+00  0.00000E+00  0.00000E+00  4.59235E-01  9.18469E-03
b  23    2 23   13  99  1.94560E-01  1.62131E+00 -2.69226E+01  2.59915E+02  2.00000E+01  9.16920E-02  9.16920E-02
b  23    6 23   13  99  1.33377E-01  1.15080E+00 -1.68233E+01  1.66279E+02  2.00000E+01  1.36080E+00  1.36080E+00
b  23    9 23   13  99  4.28427E-01  1.51181E+00  2.85829E+00 -1.47427E+00  2.98443E+00  3.27000E-02  3.27000E-02
b  23   10 23   13  99  3.47949E-01  1.17183E+00  2.92588E+00 -1.75497E+00  3.60986E+00  5.21200E-02  5.21200E-02
b  23   11 23   13  99  2.84573E-01  8.07267E-01  2.38402E+00 -1.08330E-01  4.23002E+00  1.94200E-01  1.94200E-01
b  23   12 23   13  99  2.18873E-01  3.28431E-01  1.85618E+00 -2.82262E-01  3.94719E+00  1.60600E+00  1.60600E+00
b  23    1 23   14  98  0.00000E+00  0.00000E+00  0.00000E+00  0.00000E+00  0.00000E+00  5.71204E-01  1.14241E-02
b  23    2 23   14  99  1.94036E-01  1.59667E+00 -2.66814E+01  2.60426E+02  2.00000E+01  6.36000E-02  6.36000E-02
b  23    7 23   14  99  1.33377E-01  1.15080E+00 -1.68233E+01  1.66279E+02  2.00000E+01  1.36080E+00  1.36080E+00
b  23    9 23   14  99  4.46052E-01  1.71300E+00  2.88365E+00 -1.40851E+00  2.96822E+00  1.89540E-02  1.89540E-02
b  23   10 23   14  99  3.72464E-01  1.48482E+00  2.97969E+00 -1.74162E+00  3.57738E+00  2.51700E-02  2.51700E-02
b  23   11 23   14  99  3.18211E-01  1.22104E+00  2.56370E+00 -1.63628E-01  4.25979E+00  6.70400E-02  6.70400E-02
b  23   12 23   14  99  2.71816E-01  8.30957E-01  2.19237E+00 -2.33313E-01  4.11408E+00  2.29300E-01  2.29300E-01
b  23   13 23   14  99  2.09322E-01  3.71715E-01  1.70432E+00 -2.42947E-01  3.93353E+00  1.82400E+00  1.82400E+00
b  23    1 23   15  98  0.00000E+00  0.00000E+00  0.00000E+00  0.00000E+00  0.00000E+00  6.95455E-01  1.39091E-02
b  23    2 23   15  99  1.92287E-01  1.58480E+00 -2.65350E+01  2.58735E+02  2.00000E+01  4.59120E-02  4.59120E-02
b  23    8 23   15  99  1.33377E-01  1.15080E+00 -1.68233E+01  1.66279E+02  2.00000E+01  1.36080E+00  1.36080E+00
b  23    9 23   15  99  4.15519E-01  2.04804E+00  1.58977E+00 -5.30860E-01  2.02583E+00  1.21700E-02  1.21700E-02
b  23   10 23   15  99  3.90424E-01  1.72268E+00  3.01118E+00 -1.68408E+00  3.55972E+00  1.44400E-02  1.44400E-02
b  23   11 23   15  99  3.42776E-01  1.54883E+00  2.68523E+00 -3.35375E-01  4.21364E+00  3.21700E-02  3.21700E-02
b  23   12 23   15  99  3.06763E-01  1.25387E+00  2.39501E+00 -1.75758E-01  4.22567E+00  7.85800E-02  7.85800E-02
b  23   13 23   15  99  2.64768E-01  8.27071E-01  2.08828E+00 -2.35957E-01  4.07360E+00  2.61700E-01  2.61700E-01
b  23   14 23   15  99  6.93218E-02  1.83491E-01  5.12950E-01 -7.21006E-02  3.92507E+00  5.63800E+00  5.63800E+00
b  23    1 23   16  99  1.26543E-01  2.10013E+00 -6.41472E+01  6.08826E+02  2.00000E+01  4.76667E-01  4.76667E-01
b  23    1 23   17  99  1.08101E-01  1.87210E+00 -5.32777E+01  4.70857E+02  2.00000E+01  2.19040E-01  2.19040E-01
b  23    2 23   17  99  1.26543E-01  2.10013E+00 -6.41472E+01  6.08826E+02  2.00000E+01  5.72000E-01  5.72000E-01
b  23   16 23   17  99  1.33377E-01  1.15080E+00 -1.68233E+01  1.66279E+02  2.00000E+01  1.58760E+00  1.58760E+00
b  23    1 23   18  99  1.09859E-01  1.89518E+00 -5.33436E+01  4.63563E+02  2.00000E+01  9.15200E-02  9.15200E-02
b  23    3 23   18  99  1.26543E-01  2.10013E+00 -6.41472E+01  6.08826E+02  2.00000E+01  5.72000E-01  5.72000E-01
b  23   16 23   18  99  1.43133E-01  1.18074E+00 -1.85613E+01  1.86931E+02  2.00000E+01  6.26500E-01  6.26500E-01
b  23   17 23   18  99  2.25930E-01  2.17096E-01  1.97483E+00 -1.11876E+00  3.32923E+00  7.61900E-01  7.61900E-01
b  23    1 23   19  99  1.12998E-01  2.01694E+00 -5.58716E+01  4.70072E+02  2.00000E+01  4.47920E-02  4.47920E-02
b  23    4 23   19  99  1.26543E-01  2.10013E+00 -6.41472E+01  6.08826E+02  2.00000E+01  5.72000E-01  5.72000E-01
b  23   16 23   19  99  2.05188E-01  1.67782E+00 -2.81731E+01  2.80495E+02  2.00000E+01  2.65440E-01  2.65440E-01
b  23   17 23   19  99  3.41894E-01  8.86048E-01  2.16115E+00 -1.00513E+00  2.76177E+00  9.38000E-02  9.38000E-02
b  23   18 23   19  99  2.46197E-01  2.68708E-01  2.20987E+00 -3.01869E-01  4.01091E+00  1.05000E+00  1.05000E+00
b  23    1 23   20  99  1.10137E-01  1.97118E+00 -5.43220E+01  4.53518E+02  2.00000E+01  2.63200E-02  2.63200E-02
b  23    5 23   20  99  1.26543E-01  2.10013E+00 -6.41472E+01  6.08826E+02  2.00000E+01  5.72000E-01  5.72000E-01
b  23   16 23   20  99  1.96987E-01  1.64674E+00 -2.71389E+01  2.60951E+02  2.00000E+01  1.62540E-01  1.62540E-01
b  23   17 23   20  99  3.98166E-01  1.24020E+00  2.68358E+00 -1.39728E+00  2.93904E+00  3.33500E-02  3.33500E-02
b  23   18 23   20  99  3.02965E-01  8.06533E-01  2.41472E+00 -1.30427E+00  3.39602E+00  1.49600E-01  1.49600E-01
b  23   19 23   20  99  2.29411E-01  3.03305E-01  1.99542E+00 -3.26741E-01  3.95450E+00  1.36700E+00  1.36700E+00
b  23    1 23   21  99  1.08196E-01  1.94181E+00 -5.32871E+01  4.42044E+02  2.00000E+01  1.68000E-02  1.68000E-02
b  23    6 23   21  99  1.26543E-01  2.10013E+00 -6.41472E+01  6.08826E+02  2.00000E+01  5.72000E-01  5.72000E-01
b  23   16 23   21  99  1.94560E-01  1.62131E+00 -2.69226E+01  2.59915E+02  2.00000E+01  1.06974E-01  1.06974E-01
b  23   17 23   21  99  4.28427E-01  1.51181E+00  2.85829E+00 -1.47427E+00  2.98443E+00  1.63500E-02  1.63500E-02
b  23   18 23   21  99  3.47949E-01  1.17183E+00  2.92588E+00 -1.75497E+00  3.60986E+00  5.21200E-02  5.21200E-02
b  23   19 23   21  99  2.84573E-01  8.07267E-01  2.38402E+00 -1.08330E-01  4.23002E+00  1.94200E-01  1.94200E-01
b  23   20 23   21  99  2.18873E-01  3.28431E-01  1.85618E+00 -2.82262E-01  3.94719E+00  1.60600E+00  1.60600E+00
b  23    1 23   22  99  1.07720E-01  1.92277E+00 -5.28344E+01  4.39032E+02  2.00000E+01  1.13760E-02  1.13760E-02
b  23    7 23   22  99  1.26543E-01  2.10013E+00 -6.41472E+01  6.08826E+02  2.00000E+01  5.72000E-01  5.72000E-01
b  23   16 23   22  99  1.94036E-01  1.59667E+00 -2.66814E+01  2.60426E+02  2.00000E+01  7.42000E-02  7.42000E-02
b  23   17 23   22  99  4.46052E-01  1.71300E+00  2.88365E+00 -1.40851E+00  2.96822E+00  9.47700E-03  9.47700E-03
b  23   18 23   22  99  3.72464E-01  1.48482E+00  2.97969E+00 -1.74162E+00  3.57738E+00  2.51700E-02  2.51700E-02
b  23   19 23   22  99  3.18211E-01  1.22104E+00  2.56370E+00 -1.63628E-01  4.25979E+00  6.70400E-02  6.70400E-02
b  23   20 23   22  99  2.71816E-01  8.30957E-01  2.19237E+00 -2.33313E-01  4.11408E+00  2.29300E-01  2.29300E-01
b  23   21 23   22  99  2.09322E-01  3.71715E-01  1.70432E+00 -2.42947E-01  3.93353E+00  1.82400E+00  1.82400E+00
b  23    1 23   23  99  1.06846E-01  1.90796E+00 -5.23343E+01  4.33686E+02  2.00000E+01  8.05600E-03  8.05600E-03
b  23    8 23   23  99  1.26543E-01  2.10013E+00 -6.41472E+01  6.08826E+02  2.00000E+01  5.72000E-01  5.72000E-01
b  23   16 23   23  99  1.92287E-01  1.58480E+00 -2.65350E+01  2.58735E+02  2.00000E+01  5.35640E-02  5.35640E-02
b  23   17 23   23  99  4.15519E-01  2.04804E+00  1.58977E+00 -5.30860E-01  2.02583E+00  6.08500E-03  6.08500E-03
b  23   18 23   23  99  3.90424E-01  1.72268E+00  3.01118E+00 -1.68408E+00  3.55972E+00  1.44400E-02  1.44400E-02
b  23   19 23   23  99  3.42776E-01  1.54883E+00  2.68523E+00 -3.35375E-01  4.21364E+00  3.21700E-02  3.21700E-02
b  23   20 23   23  99  3.06763E-01  1.25387E+00  2.39501E+00 -1.75758E-01  4.22567E+00  7.85800E-02  7.85800E-02
b  23   21 23   23  99  2.64768E-01  8.27071E-01  2.08828E+00 -2.35957E-01  4.07360E+00  2.61700E-01  2.61700E-01
b  23   22 23   23  99  6.93218E-02  1.83491E-01  5.12950E-01 -7.21006E-02  3.92507E+00  5.63800E+00  5.63800E+00
b  23    1 23   24  99  1.43572E-01  1.55798E+00 -1.98687E+01  7.69011E+01  7.13358E+00  1.76667E-02  1.76667E-02
b  23   16 23   24  99  2.07159E-01  1.06522E+00 -1.37838E+01  5.54202E+01  5.74198E+00  7.53750E-02  7.53750E-02
b  23    1 23   25  99  1.35711E-01  1.94625E+00 -2.52180E+01  9.62367E+01  7.87321E+00  8.14400E-03  8.14400E-03
b  23    2 23   25  99  1.43572E-01  1.55798E+00 -1.98687E+01  7.69011E+01  7.13358E+00  2.12000E-02  2.12000E-02
b  23   17 23   25  99  2.07159E-01  1.06522E+00 -1.37838E+01  5.54202E+01  5.74198E+00  7.53750E-02  7.53750E-02
b  23   24 23   25  99  1.33377E-01  1.15080E+00 -1.68233E+01  1.66279E+02  2.00000E+01  1.58760E+00  1.58760E+00
b  23    1 23   26  99  1.30750E-01  1.92251E+00 -2.53690E+01  9.80253E+01  8.05203E+00  3.20000E-03  3.20000E-03
b  23    3 23   26  99  1.43572E-01  1.55798E+00 -1.98687E+01  7.69011E+01  7.13358E+00  2.12000E-02  2.12000E-02
b  23   18 23   26  99  2.07159E-01  1.06522E+00 -1.37838E+01  5.54202E+01  5.74198E+00  7.53750E-02  7.53750E-02
b  23   24 23   26  99  1.43133E-01  1.18074E+00 -1.85613E+01  1.86931E+02  2.00000E+01  6.26500E-01  6.26500E-01
b  23   25 23   26  99  2.25930E-01  2.17096E-01  1.97483E+00 -1.11876E+00  3.32923E+00  7.61900E-01  7.61900E-01
b  23    1 23   27  99  1.23431E-01  2.03794E+00 -2.78295E+01  1.09087E+02  8.48858E+00  1.52080E-03  1.52080E-03
b  23    4 23   27  99  1.43572E-01  1.55798E+00 -1.98687E+01  7.69011E+01  7.13358E+00  2.12000E-02  2.12000E-02
b  23   19 23   27  99  2.07159E-01  1.06522E+00 -1.37838E+01  5.54202E+01  5.74198E+00  7.53750E-02  7.53750E-02
b  23   24 23   27  99  2.05188E-01  1.67782E+00 -2.81731E+01  2.80495E+02  2.00000E+01  2.65440E-01  2.65440E-01
b  23   25 23   27  99  3.41894E-01  8.86048E-01  2.16115E+00 -1.00513E+00  2.76177E+00  9.38000E-02  9.38000E-02
b  23   26 23   27  99  2.46197E-01  2.68708E-01  2.20987E+00 -3.01869E-01  4.01091E+00  1.05000E+00  1.05000E+00
b  23    1 23   28  99  1.27966E-01  1.94226E+00 -2.59216E+01  1.00601E+02  8.12638E+00  8.65200E-04  8.65200E-04
b  23    5 23   28  99  1.43572E-01  1.55798E+00 -1.98687E+01  7.69011E+01  7.13358E+00  2.12000E-02  2.12000E-02
b  23   20 23   28  99  2.07159E-01  1.06522E+00 -1.37838E+01  5.54202E+01  5.74198E+00  7.53750E-02  7.53750E-02
b  23   24 23   28  99  1.96987E-01  1.64674E+00 -2.71389E+01  2.60951E+02  2.00000E+01  1.62540E-01  1.62540E-01
b  23   25 23   28  99  3.98166E-01  1.24020E+00  2.68358E+00 -1.39728E+00  2.93904E+00  3.33500E-02  3.33500E-02
b  23   26 23   28  99  3.02965E-01  8.06533E-01  2.41472E+00 -1.30427E+00  3.39602E+00  1.49600E-01  1.49600E-01
b  23   27 23   28  99  2.29411E-01  3.03305E-01  1.99542E+00 -3.26741E-01  3.95450E+00  1.36700E+00  1.36700E+00
b  23    1 23   29  99  1.23269E-01  1.95337E+00 -2.65496E+01  1.04178E+02  8.35650E+00  5.38600E-04  5.38600E-04
b  23    6 23   29  99  1.43572E-01  1.55798E+00 -1.98687E+01  7.69011E+01  7.13358E+00  2.12000E-02  2.12000E-02
b  23   21 23   29  99  2.07159E-01  1.06522E+00 -1.37838E+01  5.54202E+01  5.74198E+00  7.53750E-02  7.53750E-02
b  23   24 23   29  99  1.94560E-01  1.62131E+00 -2.69226E+01  2.59915E+02  2.00000E+01  1.06974E-01  1.06974E-01
b  23   25 23   29  99  4.28427E-01  1.51181E+00  2.85829E+00 -1.47427E+00  2.98443E+00  1.63500E-02  1.63500E-02
b  23   26 23   29  99  3.47949E-01  1.17183E+00  2.92588E+00 -1.75497E+00  3.60986E+00  5.21200E-02  5.21200E-02
b  23   27 23   29  99  2.84573E-01  8.07267E-01  2.38402E+00 -1.08330E-01  4.23002E+00  1.94200E-01  1.94200E-01
b  23   28 23   29  99  2.18873E-01  3.28431E-01  1.85618E+00 -2.82262E-01  3.94719E+00  1.60600E+00  1.60600E+00
b  23    1 23   30  99  1.29571E-01  1.86584E+00 -2.44682E+01  9.40343E+01  7.88453E+00  3.57800E-04  3.57800E-04
b  23    7 23   30  99  1.43572E-01  1.55798E+00 -1.98687E+01  7.69011E+01  7.13358E+00  2.12000E-02  2.12000E-02
b  23   22 23   30  99  2.07159E-01  1.06522E+00 -1.37838E+01  5.54202E+01  5.74198E+00  7.53750E-02  7.53750E-02
b  23   24 23   30  99  1.94036E-01  1.59667E+00 -2.66814E+01  2.60426E+02  2.00000E+01  7.42000E-02  7.42000E-02
b  23   25 23   30  99  4.46052E-01  1.71300E+00  2.88365E+00 -1.40851E+00  2.96822E+00  9.47700E-03  9.47700E-03
b  23   26 23   30  99  3.72464E-01  1.48482E+00  2.97969E+00 -1.74162E+00  3.57738E+00  2.51700E-02  2.51700E-02
b  23   27 23   30  99  3.18211E-01  1.22104E+00  2.56370E+00 -1.63628E-01  4.25979E+00  6.70400E-02  6.70400E-02
b  23   28 23   30  99  2.71816E-01  8.30957E-01  2.19237E+00 -2.33313E-01  4.11408E+00  2.29300E-01  2.29300E-01
b  23   29 23   30  99  2.09322E-01  3.71715E-01  1.70432E+00 -2.42947E-01  3.93353E+00  1.82400E+00  1.82400E+00
b  23    1 23   31  99  1.21478E-01  1.91927E+00 -2.59445E+01  1.01305E+02  8.30667E+00  2.49600E-04  2.49600E-04
b  23    8 23   31  99  1.43572E-01  1.55798E+00 -1.98687E+01  7.69011E+01  7.13358E+00  2.12000E-02  2.12000E-02
b  23   23 23   31  99  2.07159E-01  1.06522E+00 -1.37838E+01  5.54202E+01  5.74198E+00  7.53750E-02  7.53750E-02
b  23   24 23   31  99  1.92287E-01  1.58480E+00 -2.65350E+01  2.58735E+02  2.00000E+01  5.35640E-02  5.35640E-02
b  23   25 23   31  99  4.15519E-01  2.04804E+00  1.58977E+00 -5.30860E-01  2.02583E+00  6.08500E-03  6.08500E-03
b  23   26 23   31  99  3.90424E-01  1.72268E+00  3.01118E+00 -1.68408E+00  3.55972E+00  1.44400E-02  1.44400E-02
b  23   27 23   31  99  3.42776E-01  1.54883E+00  2.68523E+00 -3.35375E-01  4.21364E+00  3.21700E-02  3.21700E-02
b  23   28 23   31  99  3.06763E-01  1.25387E+00  2.39501E+00 -1.75758E-01  4.22567E+00  7.85800E-02  7.85800E-02
b  23   29 23   31  99  2.64768E-01  8.27071E-01  2.08828E+00 -2.35957E-01  4.07360E+00  2.61700E-01  2.61700E-01
b  23   30 23   31  99  6.93218E-02  1.83491E-01  5.12950E-01 -7.21006E-02  3.92507E+00  5.63800E+00  5.63800E+00
f  23    1 22    1  99  1.30000E+01  1.37200E+01
p  23    1 22    1  98  1.35980E+00 -1.82540E+00 -2.28670E-01  1.98280E-02  1.30000E+01  1.74100E+02  1.81100E+02  3.48200E+03
f  23    2 22    1  99  1.00000E+00  6.24560E+00
p  23    2 22    1  99  1.00000E+00  6.24560E+00
f  23    3 22    1  99  1.00000E+00  5.26760E+00
p  23    3 22    1  99  1.00000E+00  5.26760E+00
f  23    4 22    1  99  1.00000E+00  5.31800E+00
p  23    4 22    1  99  1.00000E+00  5.31800E+00
f  23    5 22    1  99  1.00000E+00  5.25000E+00
p  23    5 22    1  99  1.00000E+00  5.25000E+00
f  23    6 22    1  99  1.00000E+00  5.12820E+00
p  23    6 22    1  99  1.00000E+00  5.12820E+00
f  23    7 22    1  99  1.00000E+00  5.10420E+00
p  23    7 22    1  99  1.00000E+00  5.10420E+00
f  23    8 22    1  99  1.00000E+00  5.00220E+00
p  23    8 22    1  99  1.00000E+00  5.00220E+00
f  23    2 22    2  99  1.20000E+01  6.24560E+00
p  23    2 22    2  98  1.35980E+00 -1.82540E+00 -2.28670E-01  1.98280E-02  1.30000E+01  1.74100E+02  1.81100E+02  3.48200E+03
f  23    9 22    2  99  2.00000E+00  6.80610E+00
p  23    9 22    2  99  2.00000E+00  6.80610E+00
f  23   10 22    2  99  1.00000E+00  5.32720E+00
p  23   10 22    2  99  1.00000E+00  5.32720E+00
f  23   11 22    2  99  1.00000E+00  5.34000E+00
p  23   11 22    2  99  1.00000E+00  5.34000E+00
f  23   12 22    2  99  1.00000E+00  5.26100E+00
p  23   12 22    2  99  1.00000E+00  5.26100E+00
f  23   13 22    2  99  1.00000E+00  5.13520E+00
p  23   13 22    2  99  1.00000E+00  5.13520E+00
f  23   14 22    2  99  1.00000E+00  5.11020E+00
p  23   14 22    2  99  1.00000E+00  5.11020E+00
f  23   15 22    2  99  1.00000E+00  5.01210E+00
p  23   15 22    2  99  1.00000E+00  5.01210E+00
f  23    3 22    3  99  1.20000E+01  5.26760E+00
p  23    3 22    3  98  1.35980E+00 -1.82540E+00 -2.28670E-01  1.98280E-02  1.30000E+01  1.74100E+02  1.81100E+02  3.48200E+03
f  23   10 22    3  99  1.00000E+00  5.32720E+00
p  23   10 22    3  99  1.00000E+00  5.32720E+00
f  23    4 22    4  99  1.20000E+01  5.31800E+00
p  23    4 22    4  98  1.35980E+00 -1.82540E+00 -2.28670E-01  1.98280E-02  1.30000E+01  1.74100E+02  1.81100E+02  3.48200E+03
f  23   11 22    4  99  1.00000E+00  5.34000E+00
p  23   11 22    4  99  1.00000E+00  5.34000E+00
f  23    5 22    5  99  1.20000E+01  5.25000E+00
p  23    5 22    5  98  1.35980E+00 -1.82540E+00 -2.28670E-01  1.98280E-02  1.30000E+01  1.74100E+02  1.81100E+02  3.48200E+03
f  23   12 22    5  99  1.00000E+00  5.26100E+00
p  23   12 22    5  99  1.00000E+00  5.26100E+00
f  23    6 22    6  99  1.20000E+01  5.12820E+00
p  23    6 22    6  98  1.35980E+00 -1.82540E+00 -2.28670E-01  1.98280E-02  1.30000E+01  1.74100E+02  1.81100E+02  3.48200E+03
f  23   13 22    6  99  1.00000E+00  5.13520E+00
p  23   13 22    6  99  1.00000E+00  5.13520E+00
f  23    7 22    7  99  1.20000E+01  5.10420E+00
p  23    7 22    7  98  1.35980E+00 -1.82540E+00 -2.28670E-01  1.98280E-02  1.30000E+01  1.74100E+02  1.81100E+02  3.48200E+03
f  23   14 22    7  99  1.00000E+00  5.11020E+00
p  23   14 22    7  99  1.00000E+00  5.11020E+00
f  23    8 22    8  99  1.20000E+01  5.00220E+00
p  23    8 22    8  98  1.35980E+00 -1.82540E+00 -2.28670E-01  1.98280E-02  1.30000E+01  1.74100E+02  1.81100E+02  3.48200E+03
f  23   15 22    8  99  1.00000E+00  5.01210E+00
p  23   15 22    8  99  1.00000E+00  5.01210E+00
f  23    9 22    9  99  1.10000E+01  6.80610E+00
p  23    9 22    9  98  1.35980E+00 -1.82540E+00 -2.28670E-01  1.98280E-02  1.30000E+01  1.74100E+02  1.81100E+02  3.48200E+03
f  23   10 22   10  99  1.10000E+01  5.32720E+00
p  23   10 22   10  98  1.35980E+00 -1.82540E+00 -2.28670E-01  1.98280E-02  1.30000E+01  1.74100E+02  1.81100E+02  3.48200E+03
f  23   11 22   11  99  1.10000E+01  5.34000E+00
p  23   11 22   11  98  1.35980E+00 -1.82540E+00 -2.28670E-01  1.98280E-02  1.30000E+01  1.74100E+02  1.81100E+02  3.48200E+03
f  23   12 22   12  99  1.10000E+01  5.26100E+00
p  23   12 22   12  98  1.35980E+00 -1.82540E+00 -2.28670E-01  1.98280E-02  1.30000E+01  1.74100E+02  1.81100E+02  3.48200E+03
f  23   13 22   13  99  1.10000E+01  5.13520E+00
p  23   13 22   13  98  1.35980E+00 -1.82540E+00 -2.28670E-01  1.98280E-02  1.30000E+01  1.74100E+02  1.81100E+02  3.48200E+03
f  23   14 22   14  99  1.10000E+01  5.11020E+00
p  23   14 22   14  98  1.35980E+00 -1.82540E+00 -2.28670E-01  1.98280E-02  1.30000E+01  1.74100E+02  1.81100E+02  3.48200E+03
f  23   15 22   15  99  1.10000E+01  5.01210E+00
p  23   15 22   15  98  1.35980E+00 -1.82540E+00 -2.28670E-01  1.98280E-02  1.30000E+01  1.74100E+02  1.81100E+02  3.48200E+03
f  23    1 22   16  99  8.00000E+00  1.37200E+01
p  23    1 22   16  98  2.07880E+00 -2.37160E+00 -1.71040E-01  1.87080E-02  8.00000E+00  9.93500E+02  1.03300E+03  1.98700E+04
f  23   16 22   16  99  1.40000E+01  1.42840E+01
p  23   16 22   16  98  1.35980E+00 -1.82540E+00 -2.28670E-01  1.98280E-02  1.30000E+01  1.74100E+02  1.81100E+02  3.48200E+03
f  23   17 22   16  99  1.00000E+00  6.30230E+00
p  23   17 22   16  99  1.00000E+00  6.30230E+00
f  23   18 22   16  99  1.00000E+00  5.28590E+00
p  23   18 22   16  99  1.00000E+00  5.28590E+00
f  23   19 22   16  99  1.00000E+00  5.32400E+00
p  23   19 22   16  99  1.00000E+00  5.32400E+00
f  23   20 22   16  99  1.00000E+00  5.25400E+00
p  23   20 22   16  99  1.00000E+00  5.25400E+00
f  23   21 22   16  99  1.00000E+00  5.13720E+00
p  23   21 22   16  99  1.00000E+00  5.13720E+00
f  23   22 22   16  99  1.00000E+00  5.11120E+00
p  23   22 22   16  99  1.00000E+00  5.11120E+00
f  23   23 22   16  99  1.00000E+00  5.00220E+00
p  23   23 22   16  99  1.00000E+00  5.00220E+00
f  23    2 22   17  99  8.00000E+00  6.24560E+00
p  23    2 22   17  98  2.07880E+00 -2.37160E+00 -1.71040E-01  1.87080E-02  8.00000E+00  9.93500E+02  1.03300E+03  1.98700E+04
f  23   17 22   17  99  1.30000E+01  6.30230E+00
p  23   17 22   17  98  1.35980E+00 -1.82540E+00 -2.28670E-01  1.98280E-02  1.30000E+01  1.74100E+02  1.81100E+02  3.48200E+03
f  23    3 22   18  99  8.00000E+00  5.26760E+00
p  23    3 22   18  98  2.07880E+00 -2.37160E+00 -1.71040E-01  1.87080E-02  8.00000E+00  9.93500E+02  1.03300E+03  1.98700E+04
f  23   18 22   18  99  1.30000E+01  5.28590E+00
p  23   18 22   18  98  1.35980E+00 -1.82540E+00 -2.28670E-01  1.98280E-02  1.30000E+01  1.74100E+02  1.81100E+02  3.48200E+03
f  23    4 22   19  99  8.00000E+00  5.31800E+00
p  23    4 22   19  98  2.07880E+00 -2.37160E+00 -1.71040E-01  1.87080E-02  8.00000E+00  9.93500E+02  1.03300E+03  1.98700E+04
f  23   19 22   19  99  1.30000E+01  5.32400E+00
p  23   19 22   19  98  1.35980E+00 -1.82540E+00 -2.28670E-01  1.98280E-02  1.30000E+01  1.74100E+02  1.81100E+02  3.48200E+03
f  23    5 22   20  99  8.00000E+00  5.25000E+00
p  23    5 22   20  98  2.07880E+00 -2.37160E+00 -1.71040E-01  1.87080E-02  8.00000E+00  9.93500E+02  1.03300E+03  1.98700E+04
f  23   20 22   20  99  1.30000E+01  5.25400E+00
p  23   20 22   20  98  1.35980E+00 -1.82540E+00 -2.28670E-01  1.98280E-02  1.30000E+01  1.74100E+02  1.81100E+02  3.48200E+03
f  23    6 22   21  99  8.00000E+00  5.12820E+00
p  23    6 22   21  98  2.07880E+00 -2.37160E+00 -1.71040E-01  1.87080E-02  8.00000E+00  9.93500E+02  1.03300E+03  1.98700E+04
f  23   21 22   21  99  1.30000E+01  5.13720E+00
p  23   21 22   21  98  1.35980E+00 -1.82540E+00 -2.28670E-01  1.98280E-02  1.30000E+01  1.74100E+02  1.81100E+02  3.48200E+03
f  23    7 22   22  99  8.00000E+00  5.10420E+00
p  23    7 22   22  98  2.07880E+00 -2.37160E+00 -1.71040E-01  1.87080E-02  8.00000E+00  9.93500E+02  1.03300E+03  1.98700E+04
f  23   22 22   22  99  1.30000E+01  5.11120E+00
p  23   22 22   22  98  1.35980E+00 -1.82540E+00 -2.28670E-01  1.98280E-02  1.30000E+01  1.74100E+02  1.81100E+02  3.48200E+03
f  23    8 22   23  99  8.00000E+00  5.00220E+00
p  23    8 22   23  98  2.07880E+00 -2.37160E+00 -1.71040E-01  1.87080E-02  8.00000E+00  9.93500E+02  1.03300E+03  1.98700E+04
f  23   23 22   23  99  1.30000E+01  5.00220E+00
p  23   23 22   23  98  1.35980E+00 -1.82540E+00 -2.28670E-01  1.98280E-02  1.30000E+01  1.74100E+02  1.81100E+02  3.48200E+03
f  23    1 22   24  99  2.00000E+00  1.37200E+01
p  23    1 22   24  98  2.14660E+00 -2.50570E+00 -1.95380E-01  2.23230E-02  2.00000E+00  7.75800E+03  8.06800E+03  1.55200E+05
f  23   24 22   24  99  1.40000E+01  1.43640E+01
p  23   24 22   24  98  1.35980E+00 -1.82540E+00 -2.28670E-01  1.98280E-02  1.30000E+01  1.74100E+02  1.81100E+02  3.48200E+03
f  23   25 22   24  99  1.00000E+00  6.32550E+00
p  23   25 22   24  99  1.00000E+00  6.32550E+00
f  23   26 22   24  99  1.00000E+00  5.28500E+00
p  23   26 22   24  99  1.00000E+00  5.28500E+00
f  23   27 22   24  99  1.00000E+00  5.33300E+00
p  23   27 22   24  99  1.00000E+00  5.33300E+00
f  23   28 22   24  99  1.00000E+00  5.26300E+00
p  23   28 22   24  99  1.00000E+00  5.26300E+00
f  23   29 22   24  99  1.00000E+00  5.13810E+00
p  23   29 22   24  99  1.00000E+00  5.13810E+00
f  23   30 22   24  99  1.00000E+00  5.11210E+00
p  23   30 22   24  99  1.00000E+00  5.11210E+00
f  23   31 22   24  99  1.00000E+00  5.00220E+00
p  23   31 22   24  99  1.00000E+00  5.00220E+00
f  23    2 22   25  99  2.00000E+00  6.24560E+00
p  23    2 22   25  98  2.14660E+00 -2.50570E+00 -1.95380E-01  2.23230E-02  2.00000E+00  7.75800E+03  8.06800E+03  1.55200E+05
f  23   25 22   25  99  1.30000E+01  6.32550E+00
p  23   25 22   25  98  1.35980E+00 -1.82540E+00 -2.28670E-01  1.98280E-02  1.30000E+01  1.74100E+02  1.81100E+02  3.48200E+03
f  23    3 22   26  99  2.00000E+00  5.26760E+00
p  23    3 22   26  98  2.14660E+00 -2.50570E+00 -1.95380E-01  2.23230E-02  2.00000E+00  7.75800E+03  8.06800E+03  1.55200E+05
f  23   26 22   26  99  1.30000E+01  5.28500E+00
p  23   26 22   26  98  1.35980E+00 -1.82540E+00 -2.28670E-01  1.98280E-02  1.30000E+01  1.74100E+02  1.81100E+02  3.48200E+03
f  23    4 22   27  99  2.00000E+00  5.31800E+00
p  23    4 22   27  98  2.14660E+00 -2.50570E+00 -1.95380E-01  2.23230E-02  2.00000E+00  7.75800E+03  8.06800E+03  1.55200E+05
f  23   27 22   27  99  1.30000E+01  5.33300E+00
p  23   27 22   27  98  1.35980E+00 -1.82540E+00 -2.28670E-01  1.98280E-02  1.30000E+01  1.74100E+02  1.81100E+02  3.48200E+03
f  23    5 22   28  99  2.00000E+00  5.25000E+00
p  23    5 22   28  98  2.14660E+00 -2.50570E+00 -1.95380E-01  2.23230E-02  2.00000E+00  7.75800E+03  8.06800E+03  1.55200E+05
f  23   28 22   28  99  1.30000E+01  5.26300E+00
p  23   28 22   28  98  1.35980E+00 -1.82540E+00 -2.28670E-01  1.98280E-02  1.30000E+01  1.74100E+02  1.81100E+02  3.48200E+03
f  23    6 22   29  99  2.00000E+00  5.12820E+00
p  23    6 22   29  98  2.14660E+00 -2.50570E+00 -1.95380E-01  2.23230E-02  2.00000E+00  7.75800E+03  8.06800E+03  1.55200E+05
f  23   29 22   29  99  1.30000E+01  5.13810E+00
p  23   29 22   29  98  1.35980E+00 -1.82540E+00 -2.28670E-01  1.98280E-02  1.30000E+01  1.74100E+02  1.81100E+02  3.48200E+03
f  23    7 22   30  99  2.00000E+00  5.10420E+00
p  23    7 22   30  98  2.14660E+00 -2.50570E+00 -1.95380E-01  2.23230E-02  2.00000E+00  7.75800E+03  8.06800E+03  1.55200E+05
f  23   30 22   30  99  1.30000E+01  5.11210E+00
p  23   30 22   30  98  1.35980E+00 -1.82540E+00 -2.28670E-01  1.98280E-02  1.30000E+01  1.74100E+02  1.81100E+02  3.48200E+03
f  23    8 22   31  99  2.00000E+00  5.00220E+00
p  23    8 22   31  98  2.14660E+00 -2.50570E+00 -1.95380E-01  2.23230E-02  2.00000E+00  7.75800E+03  8.06800E+03  1.55200E+05
f  23   31 22   31  99  1.30000E+01  5.00220E+00
p  23   31 22   31  98  1.35980E+00 -1.82540E+00 -2.28670E-01  1.98280E-02  1.30000E+01  1.74100E+02  1.81100E+02  3.48200E+03
a  23    9 22    1   1.64434E+13
a  23   10 22    1   3.70358E+12
a  23   11 22    1   1.29280E+12
a  23   12 22    1   5.98131E+11
a  23   13 22    1   3.06794E+11
a  23   14 22    1   1.70246E+11
a  23   15 22    1   1.00528E+11
a  23   16 22    1   7.43038E+14
a  23   17 22    1   6.82744E+12
a  23   18 22    1   1.68704E+12
a  23   19 22    1   5.86560E+11
a  23   20 22    1   2.71377E+11
a  23   21 22    1   1.39191E+11
a  23   22 22    1   7.72395E+10
a  23   23 22    1   4.56105E+10
a  23   24 22    1   9.97269E+12
a  23   25 22    1   1.14498E+11
a  23   26 22    1   2.55372E+10
a  23   27 22    1   8.42790E+09
a  23   28 22    1   3.89935E+09
a  23   29 22    1   1.99998E+09
a  23   30 22    1   1.10988E+09
a  23   31 22    1   6.55330E+08
a  23   17 22    2   6.36890E+14
a  23   25 22    2   8.54802E+12
a  23   18 22    3   6.36890E+14
a  23   26 22    3   8.54802E+12
a  23   19 22    4   6.36890E+14
a  23   27 22    4   8.54802E+12
a  23   20 22    5   6.36890E+14
a  23   28 22    5   8.54802E+12
a  23   21 22    6   6.36890E+14
a  23   29 22    6   8.54802E+12
a  23   22 22    7   6.36890E+14
a  23   30 22    7   8.54802E+12
a  23   23 22    8   6.36890E+14
a  23   31 22    8   8.54802E+12
a  23   24 22   16   1.96179E+14
a  23   25 22   16   1.18260E+12
a  23   26 22   16   2.65648E+11
a  23   27 22   16   8.79840E+10
a  23   28 22   16   4.07080E+10
a  23   29 22   16   2.08784E+10
a  23   30 22   16   1.15860E+10
a  23   31 22   16   6.84160E+09
a  23   25 22   17   1.82166E+14
a  23   26 22   18   1.82166E+14
a  23   27 22   19   1.82166E+14
a  23   28 22   20   1.82166E+14
a  23   29 22   21   1.82166E+14
a  23   30 22   22   1.82166E+14
a  23   31 22   23   1.82166E+14
b  24    1 24    2  99  2.84976E-01  3.29780E-01  1.47597E+00 -4.61659E-01  2.07187E+00  1.14366E+00  1.14366E+00
b  24    1 24    3  99  1.33953E-01  1.14686E+00 -1.60492E+01  1.59823E+02  2.00000E+01  4.09920E-01  4.09920E-01
b  24    2 24    3  99  2.24549E-01  2.92387E-01  1.81442E+00 -9.78336E-01  3.24908E+00  7.74000E-01  7.74000E-01
b  24    1 24    4  99  2.24070E-01  1.84881E+00 -2.86967E+01  2.84063E+02  2.00000E+01  1.58480E-01  1.58480E-01
b  24    2 24    4  99  3.30250E-01  1.01911E+00  1.97474E+00 -9.16544E-01  2.73222E+00  9.07200E-02  9.07200E-02
b  24    3 24    4  99  2.38703E-01  3.31846E-01  2.04317E+00 -3.15317E-01  3.94455E+00  1.07600E+00  1.07600E+00
b  24    1 24    5  99  2.20408E-01  1.81554E+00 -2.86968E+01  2.83261E+02  2.00000E+01  9.76080E-02  9.76080E-02
b  24    2 24    5  99  3.77850E-01  1.49040E+00  2.23951E+00 -1.03542E+00  2.84000E+00  3.10600E-02  3.10600E-02
b  24    3 24    5  99  2.97933E-01  8.52097E-01  2.47476E+00 -1.47093E-01  4.21741E+00  1.49300E-01  1.49300E-01
b  24    4 24    5  99  2.21860E-01  3.57926E-01  1.84654E+00 -2.80118E-01  3.93409E+00  1.39600E+00  1.39600E+00
b  24    1 24    6  99  2.18988E-01  1.78211E+00 -2.83776E+01  2.80728E+02  2.00000E+01  6.45540E-02  6.45540E-02
b  24    2 24    6  99  4.09314E-01  1.85560E+00  2.34549E+00 -1.09312E+00  2.82299E+00  1.47500E-02  1.47500E-02
b  24    3 24    6  99  3.30976E-01  1.28158E+00  2.44578E+00 -1.33381E+00  3.42261E+00  5.16300E-02  5.16300E-02
b  24    4 24    6  99  2.74474E-01  8.63329E-01  2.17584E+00 -2.74857E-01  4.07279E+00  1.95000E-01  1.95000E-01
b  24    5 24    6  99  2.07761E-01  4.36634E-01  1.64161E+00 -2.33758E-01  3.94299E+00  1.62900E+00  1.62900E+00
b  24    1 24    7  99  2.16384E-01  1.76507E+00 -2.81796E+01  2.77240E+02  2.00000E+01  4.49400E-02  4.49400E-02
b  24    2 24    7  99  4.32391E-01  2.12303E+00  2.45560E+00 -1.16500E+00  2.85180E+00  8.34300E-03  8.34300E-03
b  24    3 24    7  99  3.57370E-01  1.60600E+00  2.56960E+00 -1.39178E+00  3.43852E+00  2.46900E-02  2.46900E-02
b  24    4 24    7  99  3.07505E-01  1.26498E+00  2.34473E+00 -2.33165E-01  4.13418E+00  6.73700E-02  6.73700E-02
b  24    5 24    7  99  2.64271E-01  8.70128E-01  2.08043E+00 -2.62380E-01  4.10488E+00  2.30100E-01  2.30100E-01
b  24    6 24    7  99  1.87326E-01  5.88603E-01  1.32720E+00 -1.90207E-01  3.94680E+00  1.84400E+00  1.84400E+00
b  24    1 24    8  99  2.15726E-01  1.74789E+00 -2.81554E+01  2.78953E+02  2.00000E+01  3.25500E-02  3.25500E-02
b  24    2 24    8  99  4.48319E-01  2.33006E+00  2.50077E+00 -1.16574E+00  2.86127E+00  5.25700E-03  5.25700E-03
b  24    3 24    8  99  3.76647E-01  1.86267E+00  2.64988E+00 -1.43300E+00  3.45346E+00  1.40400E-02  1.40400E-02
b  24    4 24    8  99  3.32720E-01  1.58721E+00  2.53332E+00  1.73197E-01  4.43818E+00  3.22500E-02  3.22500E-02
b  24    5 24    8  99  2.97016E-01  1.28138E+00  2.21408E+00 -2.12924E-01  4.13029E+00  7.91600E-02  7.91600E-02
b  24    6 24    8  99  2.56092E-01  8.80745E-01  1.92409E+00 -1.81383E-01  4.04529E+00  2.62200E-01  2.62200E-01
b  24    7 24    8  99  2.56993E-02  8.54254E-02  2.57422E-01  4.14103E-01  6.89497E+00  1.46700E+01  1.46700E+01
b  24    1 24    9  98  0.00000E+00  0.00000E+00  0.00000E+00  0.00000E+00  0.00000E+00  1.50995E-01  3.01990E-03
b  24    2 24    9  99  2.84976E-01  3.29780E-01  1.47597E+00 -4.61659E-01  2.07187E+00  1.02878E+00  1.02878E+00
b  24    1 24   10  98  0.00000E+00  0.00000E+00  0.00000E+00  0.00000E+00  0.00000E+00  2.24019E-01  4.48038E-03
b  24    2 24   10  99  1.33953E-01  1.14686E+00 -1.60492E+01  1.59823E+02  2.00000E+01  3.80640E-01  3.80640E-01
b  24    3 24   10  99  2.84976E-01  3.29780E-01  1.47597E+00 -4.61659E-01  2.07187E+00  1.06197E+00  1.06197E+00
b  24    9 24   10  99  2.24549E-01  2.92387E-01  1.81442E+00 -9.78336E-01  3.24908E+00  1.54800E+00  1.54800E+00
b  24    1 24   11  98  0.00000E+00  0.00000E+00  0.00000E+00  0.00000E+00  0.00000E+00  3.05246E-01  6.10493E-03
b  24    2 24   11  99  2.24070E-01  1.84881E+00 -2.86967E+01  2.84063E+02  2.00000E+01  1.47160E-01  1.47160E-01
b  24    4 24   11  99  2.84976E-01  3.29780E-01  1.47597E+00 -4.61659E-01  2.07187E+00  1.06197E+00  1.06197E+00
b  24    9 24   11  99  3.30250E-01  1.01911E+00  1.97474E+00 -9.16544E-01  2.73222E+00  1.81440E-01  1.81440E-01
b  24   10 24   11  99  2.38703E-01  3.31846E-01  2.04317E+00 -3.15317E-01  3.94455E+00  1.07600E+00  1.07600E+00
b  24    1 24   12  98  0.00000E+00  0.00000E+00  0.00000E+00  0.00000E+00  0.00000E+00  3.99255E-01  7.98510E-03
b  24    2 24   12  99  2.20408E-01  1.81554E+00 -2.86968E+01  2.83261E+02  2.00000E+01  9.06360E-02  9.06360E-02
b  24    5 24   12  99  2.84976E-01  3.29780E-01  1.47597E+00 -4.61659E-01  2.07187E+00  1.06197E+00  1.06197E+00
b  24    9 24   12  99  3.77850E-01  1.49040E+00  2.23951E+00 -1.03542E+00  2.84000E+00  6.21200E-02  6.21200E-02
b  24   10 24   12  99  2.97933E-01  8.52097E-01  2.47476E+00 -1.47093E-01  4.21741E+00  1.49300E-01  1.49300E-01
b  24   11 24   12  99  2.21860E-01  3.57926E-01  1.84654E+00 -2.80118E-01  3.93409E+00  1.39600E+00  1.39600E+00
b  24    1 24   13  98  0.00000E+00  0.00000E+00  0.00000E+00  0.00000E+00  0.00000E+00  5.07540E-01  1.01508E-02
b  24    2 24   13  99  2.18988E-01  1.78211E+00 -2.83776E+01  2.80728E+02  2.00000E+01  5.99430E-02  5.99430E-02
b  24    6 24   13  99  2.84976E-01  3.29780E-01  1.47597E+00 -4.61659E-01  2.07187E+00  1.06197E+00  1.06197E+00
b  24    9 24   13  99  4.09314E-01  1.85560E+00  2.34549E+00 -1.09312E+00  2.82299E+00  2.95000E-02  2.95000E-02
b  24   10 24   13  99  3.30976E-01  1.28158E+00  2.44578E+00 -1.33381E+00  3.42261E+00  5.16300E-02  5.16300E-02
b  24   11 24   13  99  2.74474E-01  8.63329E-01  2.17584E+00 -2.74857E-01  4.07279E+00  1.95000E-01  1.95000E-01
b  24   12 24   13  99  2.07761E-01  4.36634E-01  1.64161E+00 -2.33758E-01  3.94299E+00  1.62900E+00  1.62900E+00
b  24    1 24   14  98  0.00000E+00  0.00000E+00  0.00000E+00  0.00000E+00  0.00000E+00  6.32606E-01  1.26521E-02
b  24    2 24   14  99  2.16384E-01  1.76507E+00 -2.81796E+01  2.77240E+02  2.00000E+01  4.17300E-02  4.17300E-02
b  24    7 24   14  99  2.84976E-01  3.29780E-01  1.47597E+00 -4.61659E-01  2.07187E+00  1.06197E+00  1.06197E+00
b  24    9 24   14  99  4.32391E-01  2.12303E+00  2.45560E+00 -1.16500E+00  2.85180E+00  1.66860E-02  1.66860E-02
b  24   10 24   14  99  3.57370E-01  1.60600E+00  2.56960E+00 -1.39178E+00  3.43852E+00  2.46900E-02  2.46900E-02
b  24   11 24   14  99  3.07505E-01  1.26498E+00  2.34473E+00 -2.33165E-01  4.13418E+00  6.73700E-02  6.73700E-02
b  24   12 24   14  99  2.64271E-01  8.70128E-01  2.08043E+00 -2.62380E-01  4.10488E+00  2.30100E-01  2.30100E-01
b  24   13 24   14  99  1.87326E-01  5.88603E-01  1.32720E+00 -1.90207E-01  3.94680E+00  1.84400E+00  1.84400E+00
b  24    1 24   15  98  0.00000E+00  0.00000E+00  0.00000E+00  0.00000E+00  0.00000E+00  7.71175E-01  1.54235E-02
b  24    2 24   15  99  2.15726E-01  1.74789E+00 -2.81554E+01  2.78953E+02  2.00000E+01  3.02250E-02  3.02250E-02
b  24    8 24   15  99  2.84976E-01  3.29780E-01  1.47597E+00 -4.61659E-01  2.07187E+00  1.06197E+00  1.06197E+00
b  24    9 24   15  99  4.48319E-01  2.33006E+00  2.50077E+00 -1.16574E+00  2.86127E+00  1.05140E-02  1.05140E-02
b  24   10 24   15  99  3.76647E-01  1.86267E+00  2.64988E+00 -1.43300E+00  3.45346E+00  1.40400E-02  1.40400E-02
b  24   11 24   15  99  3.32720E-01  1.58721E+00  2.53332E+00  1.73197E-01  4.43818E+00  3.22500E-02  3.22500E-02
b  24   12 24   15  99  2.97016E-01  1.28138E+00  2.21408E+00 -2.12924E-01  4.13029E+00  7.91600E-02  7.91600E-02
b  24   13 24   15  99  2.56092E-01  8.80745E-01  1.92409E+00 -1.81383E-01  4.04529E+00  2.62200E-01  2.62200E-01
b  24   14 24   15  99  2.56993E-02  8.54254E-02  2.57422E-01  4.14103E-01  6.89497E+00  1.46700E+01  1.46700E+01
b  24    1 24   16  99  1.28319E-01  2.12834E+00 -6.52621E+01  6.22638E+02  2.00000E+01  3.51467E-01  3.51467E-01
b  24    1 24   17  99  1.08593E-01  1.85587E+00 -5.38131E+01  4.87519E+02  2.00000E+01  1.61760E-01  1.61760E-01
b  24    2 24   17  99  1.28319E-01  2.12834E+00 -6.52621E+01  6.22638E+02  2.00000E+01  4.39333E-01  4.39333E-01
b  24   16 24   17  99  2.84976E-01  3.29780E-01  1.47597E+00 -4.61659E-01  2.07187E+00  1.22535E+00  1.22535E+00
b  24    1 24   18  99  1.11448E-01  1.89434E+00 -5.45630E+01  4.87575E+02  2.00000E+01  6.66320E-02  6.66320E-02
b  24    3 24   18  99  1.28319E-01  2.12834E+00 -6.52621E+01  6.22638E+02  2.00000E+01  4.39333E-01  4.39333E-01
b  24   16 24   18  99  1.33953E-01  1.14686E+00 -1.60492E+01  1.59823E+02  2.00000E+01  4.39200E-01  4.39200E-01
b  24   17 24   18  99  2.24549E-01  2.92387E-01  1.81442E+00 -9.78336E-01  3.24908E+00  7.74000E-01  7.74000E-01
b  24    1 24   19  99  1.15317E-01  2.02673E+00 -5.74211E+01  4.96762E+02  2.00000E+01  3.23360E-02  3.23360E-02
b  24    4 24   19  99  1.28319E-01  2.12834E+00 -6.52621E+01  6.22638E+02  2.00000E+01  4.39333E-01  4.39333E-01
b  24   16 24   19  99  2.24070E-01  1.84881E+00 -2.86967E+01  2.84063E+02  2.00000E+01  1.69800E-01  1.69800E-01
b  24   17 24   19  99  3.30250E-01  1.01911E+00  1.97474E+00 -9.16544E-01  2.73222E+00  9.07200E-02  9.07200E-02
b  24   18 24   19  99  2.38703E-01  3.31846E-01  2.04317E+00 -3.15317E-01  3.94455E+00  1.07600E+00  1.07600E+00
b  24    1 24   20  99  1.13113E-01  1.98289E+00 -5.62672E+01  4.87008E+02  2.00000E+01  1.88800E-02  1.88800E-02
b  24    5 24   20  99  1.28319E-01  2.12834E+00 -6.52621E+01  6.22638E+02  2.00000E+01  4.39333E-01  4.39333E-01
b  24   16 24   20  99  2.20408E-01  1.81554E+00 -2.86968E+01  2.83261E+02  2.00000E+01  1.04580E-01  1.04580E-01
b  24   17 24   20  99  3.77850E-01  1.49040E+00  2.23951E+00 -1.03542E+00  2.84000E+00  3.10600E-02  3.10600E-02
b  24   18 24   20  99  2.97933E-01  8.52097E-01  2.47476E+00 -1.47093E-01  4.21741E+00  1.49300E-01  1.49300E-01
b  24   19 24   20  99  2.21860E-01  3.57926E-01  1.84654E+00 -2.80118E-01  3.93409E+00  1.39600E+00  1.39600E+00
b  24    1 24   21  99  1.11472E-01  1.95404E+00 -5.54226E+01  4.78898E+02  2.00000E+01  1.20000E-02  1.20000E-02
b  24    6 24   21  99  1.28319E-01  2.12834E+00 -6.52621E+01  6.22638E+02  2.00000E+01  4.39333E-01  4.39333E-01
b  24   16 24   21  99  2.18988E-01  1.78211E+00 -2.83776E+01  2.80728E+02  2.00000E+01  6.91650E-02  6.91650E-02
b  24   17 24   21  99  4.09314E-01  1.85560E+00  2.34549E+00 -1.09312E+00  2.82299E+00  1.47500E-02  1.47500E-02
b  24   18 24   21  99  3.30976E-01  1.28158E+00  2.44578E+00 -1.33381E+00  3.42261E+00  5.16300E-02  5.16300E-02
b  24   19 24   21  99  2.74474E-01  8.63329E-01  2.17584E+00 -2.74857E-01  4.07279E+00  1.95000E-01  1.95000E-01
b  24   20 24   21  99  2.07761E-01  4.36634E-01  1.64161E+00 -2.33758E-01  3.94299E+00  1.62900E+00  1.62900E+00
b  24    1 24   22  99  1.09419E-01  1.92560E+00 -5.42126E+01  4.63893E+02  2.00000E+01  8.09600E-03  8.09600E-03
b  24    7 24   22  99  1.28319E-01  2.12834E+00 -6.52621E+01  6.22638E+02  2.00000E+01  4.39333E-01  4.39333E-01
b  24   16 24   22  99  2.16384E-01  1.76507E+00 -2.81796E+01  2.77240E+02  2.00000E+01  4.81500E-02  4.81500E-02
b  24   17 24   22  99  4.32391E-01  2.12303E+00  2.45560E+00 -1.16500E+00  2.85180E+00  8.34300E-03  8.34300E-03
b  24   18 24   22  99  3.57370E-01  1.60600E+00  2.56960E+00 -1.39178E+00  3.43852E+00  2.46900E-02  2.46900E-02
b  24   19 24   22  99  3.07505E-01  1.26498E+00  2.34473E+00 -2.33165E-01  4.13418E+00  6.73700E-02  6.73700E-02
b  24   20 24   22  99  2.64271E-01  8.70128E-01  2.08043E+00 -2.62380E-01  4.10488E+00  2.30100E-01  2.30100E-01
b  24   21 24   22  99  1.87326E-01  5.88603E-01  1.32720E+00 -1.90207E-01  3.94680E+00  1.84400E+00  1.84400E+00
b  24    1 24   23  99  1.08810E-01  1.91175E+00 -5.38774E+01  4.61368E+02  2.00000E+01  5.72160E-03  5.72160E-03
b  24    8 24   23  99  1.28319E-01  2.12834E+00 -6.52621E+01  6.22638E+02  2.00000E+01  4.39333E-01  4.39333E-01
b  24   16 24   23  99  2.15726E-01  1.74789E+00 -2.81554E+01  2.78953E+02  2.00000E+01  3.48750E-02  3.48750E-02
b  24   17 24   23  99  4.48319E-01  2.33006E+00  2.50077E+00 -1.16574E+00  2.86127E+00  5.25700E-03  5.25700E-03
b  24   18 24   23  99  3.76647E-01  1.86267E+00  2.64988E+00 -1.43300E+00  3.45346E+00  1.40400E-02  1.40400E-02
b  24   19 24   23  99  3.32720E-01  1.58721E+00  2.53332E+00  1.73197E-01  4.43818E+00  3.22500E-02  3.22500E-02
b  24   20 24   23  99  2.97016E-01  1.28138E+00  2.21408E+00 -2.12924E-01  4.13029E+00  7.91600E-02  7.91600E-02
b  24   21 24   23  99  2.56092E-01  8.80745E-01  1.92409E+00 -1.81383E-01  4.04529E+00  2.62200E-01  2.62200E-01
b  24   22 24   23  99  2.56993E-02  8.54254E-02  2.57422E-01  4.14103E-01  6.89497E+00  1.46700E+01  1.46700E+01
b  24    1 24   24  99  1.49867E-01  1.52112E+00 -1.92233E+01  7.42253E+01  6.95706E+00  1.36844E-02  1.36844E-02
b  24   16 24   24  99  2.10287E-01  1.05082E+00 -1.36187E+01  5.48546E+01  5.70470E+00  7.54000E-02  7.54000E-02
b  24    1 24   25  99  1.37739E-01  2.02496E+00 -2.64830E+01  1.01666E+02  8.00932E+00  6.05200E-03  6.05200E-03
b  24    2 24   25  99  1.49867E-01  1.52112E+00 -1.92233E+01  7.42253E+01  6.95706E+00  1.71056E-02  1.71056E-02
b  24   17 24   25  99  2.10287E-01  1.05082E+00 -1.36187E+01  5.48546E+01  5.70470E+00  7.54000E-02  7.54000E-02
b  24   24 24   25  99  2.84976E-01  3.29780E-01  1.47597E+00 -4.61659E-01  2.07187E+00  1.22535E+00  1.22535E+00
b  24    1 24   26  99  1.28277E-01  2.00328E+00 -2.69540E+01  1.05234E+02  8.32320E+00  2.29000E-03  2.29000E-03
b  24    3 24   26  99  1.49867E-01  1.52112E+00 -1.92233E+01  7.42253E+01  6.95706E+00  1.71056E-02  1.71056E-02
b  24   18 24   26  99  2.10287E-01  1.05082E+00 -1.36187E+01  5.48546E+01  5.70470E+00  7.54000E-02  7.54000E-02
b  24   24 24   26  99  1.33953E-01  1.14686E+00 -1.60492E+01  1.59823E+02  2.00000E+01  4.39200E-01  4.39200E-01
b  24   25 24   26  99  2.24549E-01  2.92387E-01  1.81442E+00 -9.78336E-01  3.24908E+00  7.74000E-01  7.74000E-01
b  24    1 24   27  99  1.30907E-01  1.99827E+00 -2.65216E+01  1.02381E+02  8.10285E+00  1.06480E-03  1.06480E-03
b  24    4 24   27  99  1.49867E-01  1.52112E+00 -1.92233E+01  7.42253E+01  6.95706E+00  1.71056E-02  1.71056E-02
b  24   19 24   27  99  2.10287E-01  1.05082E+00 -1.36187E+01  5.48546E+01  5.70470E+00  7.54000E-02  7.54000E-02
b  24   24 24   27  99  2.24070E-01  1.84881E+00 -2.86967E+01  2.84063E+02  2.00000E+01  1.69800E-01  1.69800E-01
b  24   25 24   27  99  3.30250E-01  1.01911E+00  1.97474E+00 -9.16544E-01  2.73222E+00  9.07200E-02  9.07200E-02
b  24   26 24   27  99  2.38703E-01  3.31846E-01  2.04317E+00 -3.15317E-01  3.94455E+00  1.07600E+00  1.07600E+00
b  24    1 24   28  99  1.28683E-01  1.95819E+00 -2.61048E+01  1.01216E+02  8.11889E+00  5.97000E-04  5.97000E-04
b  24    5 24   28  99  1.49867E-01  1.52112E+00 -1.92233E+01  7.42253E+01  6.95706E+00  1.71056E-02  1.71056E-02
b  24   20 24   28  99  2.10287E-01  1.05082E+00 -1.36187E+01  5.48546E+01  5.70470E+00  7.54000E-02  7.54000E-02
b  24   24 24   28  99  2.20408E-01  1.81554E+00 -2.86968E+01  2.83261E+02  2.00000E+01  1.04580E-01  1.04580E-01
b  24   25 24   28  99  3.77850E-01  1.49040E+00  2.23951E+00 -1.03542E+00  2.84000E+00  3.10600E-02  3.10600E-02
b  24   26 24   28  99  2.97933E-01  8.52097E-01  2.47476E+00 -1.47093E-01  4.21741E+00  1.49300E-01  1.49300E-01
b  24   27 24   28  99  2.21860E-01  3.57926E-01  1.84654E+00 -2.80118E-01  3.93409E+00  1.39600E+00  1.39600E+00
b  24    1 24   29  99  1.28844E-01  1.92908E+00 -2.58312E+01  1.00743E+02  8.12057E+00  3.67800E-04  3.67800E-04
b  24    6 24   29  99  1.49867E-01  1.52112E+00 -1.92233E+01  7.42253E+01  6.95706E+00  1.71056E-02  1.71056E-02
b  24   21 24   29  99  2.10287E-01  1.05082E+00 -1.36187E+01  5.48546E+01  5.70470E+00  7.54000E-02  7.54000E-02
b  24   24 24   29  99  2.18988E-01  1.78211E+00 -2.83776E+01  2.80728E+02  2.00000E+01  6.91650E-02  6.91650E-02
b  24   25 24   29  99  4.09314E-01  1.85560E+00  2.34549E+00 -1.09312E+00  2.82299E+00  1.47500E-02  1.47500E-02
b  24   26 24   29  99  3.30976E-01  1.28158E+00  2.44578E+00 -1.33381E+00  3.42261E+00  5.16300E-02  5.16300E-02
b  24   27 24   29  99  2.74474E-01  8.63329E-01  2.17584E+00 -2.74857E-01  4.07279E+00  1.95000E-01  1.95000E-01
b  24   28 24   29  99  2.07761E-01  4.36634E-01  1.64161E+00 -2.33758E-01  3.94299E+00  1.62900E+00  1.62900E+00
b  24    1 24   30  99  1.25248E-01  1.93222E+00 -2.61007E+01  1.02227E+02  8.24279E+00  2.42400E-04  2.42400E-04
b  24    7 24   30  99  1.49867E-01  1.52112E+00 -1.92233E+01  7.42253E+01  6.95706E+00  1.71056E-02  1.71056E-02
b  24   22 24   30  99  2.10287E-01  1.05082E+00 -1.36187E+01  5.48546E+01  5.70470E+00  7.54000E-02  7.54000E-02
b  24   24 24   30  99  2.16384E-01  1.76507E+00 -2.81796E+01  2.77240E+02  2.00000E+01  4.81500E-02  4.81500E-02
b  24   25 24   30  99  4.32391E-01  2.12303E+00  2.45560E+00 -1.16500E+00  2.85180E+00  8.34300E-03  8.34300E-03
b  24   26 24   30  99  3.57370E-01  1.60600E+00  2.56960E+00 -1.39178E+00  3.43852E+00  2.46900E-02  2.46900E-02
b  24   27 24   30  99  3.07505E-01  1.26498E+00  2.34473E+00 -2.33165E-01  4.13418E+00  6.73700E-02  6.73700E-02
b  24   28 24   30  99  2.64271E-01  8.70128E-01  2.08043E+00 -2.62380E-01  4.10488E+00  2.30100E-01  2.30100E-01
b  24   29 24   30  99  1.87326E-01  5.88603E-01  1.32720E+00 -1.90207E-01  3.94680E+00  1.84400E+00  1.84400E+00
b  24    1 24   31  99  1.27711E-01  1.88419E+00 -2.49907E+01  9.67718E+01  8.01124E+00  1.68120E-04  1.68120E-04
b  24    8 24   31  99  1.49867E-01  1.52112E+00 -1.92233E+01  7.42253E+01  6.95706E+00  1.71056E-02  1.71056E-02
b  24   23 24   31  99  2.10287E-01  1.05082E+00 -1.36187E+01  5.48546E+01  5.70470E+00  7.54000E-02  7.54000E-02
b  24   24 24   31  99  2.15726E-01  1.74789E+00 -2.81554E+01  2.78953E+02  2.00000E+01  3.48750E-02  3.48750E-02
b  24   25 24   31  99  4.48319E-01  2.33006E+00  2.50077E+00 -1.16574E+00  2.86127E+00  5.25700E-03  5.25700E-03
b  24   26 24   31  99  3.76647E-01  1.86267E+00  2.64988E+00 -1.43300E+00  3.45346E+00  1.40400E-02  1.40400E-02
b  24   27 24   31  99  3.32720E-01  1.58721E+00  2.53332E+00  1.73197E-01  4.43818E+00  3.22500E-02  3.22500E-02
b  24   28 24   31  99  2.97016E-01  1.28138E+00  2.21408E+00 -2.12924E-01  4.13029E+00  7.91600E-02  7.91600E-02
b  24   29 24   31  99  2.56092E-01  8.80745E-01  1.92409E+00 -1.81383E-01  4.04529E+00  2.62200E-01  2.62200E-01
b  24   30 24   31  99  2.56993E-02  8.54254E-02  2.57422E-01  4.14103E-01  6.89497E+00  1.46700E+01  1.46700E+01
f  24    1 23    1  99  1.40000E+01  1.33800E+01
p  24    1 23    1  98  1.34570E+00 -1.65970E+00 -2.81260E-01  2.68490E-02  1.40000E+01  1.51600E+02  1.57600E+02  3.03100E+03
f  24    2 23    1  99  1.00000E+00  5.33010E+00
p  24    2 23    1  99  1.00000E+00  5.33010E+00
f  24    3 23    1  99  1.00000E+00  4.28800E+00
p  24    3 23    1  99  1.00000E+00  4.28800E+00
f  24    4 23    1  99  1.00000E+00  4.33600E+00
p  24    4 23    1  99  1.00000E+00  4.33600E+00
f  24    5 23    1  99  1.00000E+00  4.26400E+00
p  24    5 23    1  99  1.00000E+00  4.26400E+00
f  24    6 23    1  99  1.00000E+00  4.13820E+00
p  24    6 23    1  99  1.00000E+00  4.13820E+00
f  24    7 23    1  99  1.00000E+00  4.11220E+00
p  24    7 23    1  99  1.00000E+00  4.11220E+00
f  24    8 23    1  99  1.00000E+00  4.00230E+00
p  24    8 23    1  99  1.00000E+00  4.00230E+00
f  24    2 23    2  99  1.30000E+01  5.33010E+00
p  24    2 23    2  98  1.34570E+00 -1.65970E+00 -2.81260E-01  2.68490E-02  1.40000E+01  1.51600E+02  1.57600E+02  3.03100E+03
f  24    9 23    2  99  2.00000E+00  5.89060E+00
p  24    9 23    2  99  2.00000E+00  5.89060E+00
f  24   10 23    2  99  1.00000E+00  4.34760E+00
p  24   10 23    2  99  1.00000E+00  4.34760E+00
f  24   11 23    2  99  1.00000E+00  4.35800E+00
p  24   11 23    2  99  1.00000E+00  4.35800E+00
f  24   12 23    2  99  1.00000E+00  4.27500E+00
p  24   12 23    2  99  1.00000E+00  4.27500E+00
f  24   13 23    2  99  1.00000E+00  4.14520E+00
p  24   13 23    2  99  1.00000E+00  4.14520E+00
f  24   14 23    2  99  1.00000E+00  4.11820E+00
p  24   14 23    2  99  1.00000E+00  4.11820E+00
f  24   15 23    2  99  1.00000E+00  4.01220E+00
p  24   15 23    2  99  1.00000E+00  4.01220E+00
f  24    3 23    3  99  1.30000E+01  4.28800E+00
p  24    3 23    3  98  1.34570E+00 -1.65970E+00 -2.81260E-01  2.68490E-02  1.40000E+01  1.51600E+02  1.57600E+02  3.03100E+03
f  24   10 23    3  99  1.00000E+00  4.34760E+00
p  24   10 23    3  99  1.00000E+00  4.34760E+00
f  24    4 23    4  99  1.30000E+01  4.33600E+00
p  24    4 23    4  98  1.34570E+00 -1.65970E+00 -2.81260E-01  2.68490E-02  1.40000E+01  1.51600E+02  1.57600E+02  3.03100E+03
f  24   11 23    4  99  1.00000E+00  4.35800E+00
p  24   11 23    4  99  1.00000E+00  4.35800E+00
f  24    5 23    5  99  1.30000E+01  4.26400E+00
p  24    5 23    5  98  1.34570E+00 -1.65970E+00 -2.81260E-01  2.68490E-02  1.40000E+01  1.51600E+02  1.57600E+02  3.03100E+03
f  24   12 23    5  99  1.00000E+00  4.27500E+00
p  24   12 23    5  99  1.00000E+00  4.27500E+00
f  24    6 23    6  99  1.30000E+01  4.13820E+00
p  24    6 23    6  98  1.34570E+00 -1.65970E+00 -2.81260E-01  2.68490E-02  1.40000E+01  1.51600E+02  1.57600E+02  3.03100E+03
f  24   13 23    6  99  1.00000E+00  4.14520E+00
p  24   13 23    6  99  1.00000E+00  4.14520E+00
f  24    7 23    7  99  1.30000E+01  4.11220E+00
p  24    7 23    7  98  1.34570E+00 -1.65970E+00 -2.81260E-01  2.68490E-02  1.40000E+01  1.51600E+02  1.57600E+02  3.03100E+03
f  24   14 23    7  99  1.00000E+00  4.11820E+00
p  24   14 23    7  99  1.00000E+00  4.11820E+00
f  24    8 23    8  99  1.30000E+01  4.00230E+00
p  24    8 23    8  98  1.34570E+00 -1.65970E+00 -2.81260E-01  2.68490E-02  1.40000E+01  1.51600E+02  1.57600E+02  3.03100E+03
f  24   15 23    8  99  1.00000E+00  4.01220E+00
p  24   15 23    8  99  1.00000E+00  4.01220E+00
f  24    9 23    9  99  1.20000E+01  5.89060E+00
p  24    9 23    9  98  1.34570E+00 -1.65970E+00 -2.81260E-01  2.68490E-02  1.40000E+01  1.51600E+02  1.57600E+02  3.03100E+03
f  24   10 23   10  99  1.20000E+01  4.34760E+00
p  24   10 23   10  98  1.34570E+00 -1.65970E+00 -2.81260E-01  2.68490E-02  1.40000E+01  1.51600E+02  1.57600E+02  3.03100E+03
f  24   11 23   11  99  1.20000E+01  4.35800E+00
p  24   11 23   11  98  1.34570E+00 -1.65970E+00 -2.81260E-01  2.68490E-02  1.40000E+01  1.51600E+02  1.57600E+02  3.03100E+03
f  24   12 23   12  99  1.20000E+01  4.27500E+00
p  24   12 23   12  98  1.34570E+00 -1.65970E+00 -2.81260E-01  2.68490E-02  1.40000E+01  1.51600E+02  1.57600E+02  3.03100E+03
f  24   13 23   13  99  1.20000E+01  4.14520E+00
p  24   13 23   13  98  1.34570E+00 -1.65970E+00 -2.81260E-01  2.68490E-02  1.40000E+01  1.51600E+02  1.57600E+02  3.03100E+03
f  24   14 23   14  99  1.20000E+01  4.11820E+00
p  24   14 23   14  98  1.34570E+00 -1.65970E+00 -2.81260E-01  2.68490E-02  1.40000E+01  1.51600E+02  1.57600E+02  3.03100E+03
f  24   15 23   15  99  1.20000E+01  4.01220E+00
p  24   15 23   15  98  1.34570E+00 -1.65970E+00 -2.81260E-01  2.68490E-02  1.40000E+01  1.51600E+02  1.57600E+02  3.03100E+03
f  24    1 23   16  99  8.00000E+00  1.33800E+01
p  24    1 23   16  98  2.11050E+00 -2.35430E+00 -1.78580E-01  1.99500E-02  8.00000E+00  9.68100E+02  1.00700E+03  1.93600E+04
f  24   16 23   16  99  1.50000E+01  1.39440E+01
p  24   16 23   16  98  1.34570E+00 -1.65970E+00 -2.81260E-01  2.68490E-02  1.40000E+01  1.51600E+02  1.57600E+02  3.03100E+03
f  24   17 23   16  99  1.00000E+00  5.38680E+00
p  24   17 23   16  99  1.00000E+00  5.38680E+00
f  24   18 23   16  99  1.00000E+00  4.30630E+00
p  24   18 23   16  99  1.00000E+00  4.30630E+00
f  24   19 23   16  99  1.00000E+00  4.34200E+00
p  24   19 23   16  99  1.00000E+00  4.34200E+00
f  24   20 23   16  99  1.00000E+00  4.26800E+00
p  24   20 23   16  99  1.00000E+00  4.26800E+00
f  24   21 23   16  99  1.00000E+00  4.14720E+00
p  24   21 23   16  99  1.00000E+00  4.14720E+00
f  24   22 23   16  99  1.00000E+00  4.11920E+00
p  24   22 23   16  99  1.00000E+00  4.11920E+00
f  24   23 23   16  99  1.00000E+00  4.00230E+00
p  24   23 23   16  99  1.00000E+00  4.00230E+00
f  24    2 23   17  99  8.00000E+00  5.33010E+00
p  24    2 23   17  98  2.11050E+00 -2.35430E+00 -1.78580E-01  1.99500E-02  8.00000E+00  9.68100E+02  1.00700E+03  1.93600E+04
f  24   17 23   17  99  1.40000E+01  5.38680E+00
p  24   17 23   17  98  1.34570E+00 -1.65970E+00 -2.81260E-01  2.68490E-02  1.40000E+01  1.51600E+02  1.57600E+02  3.03100E+03
f  24    3 23   18  99  8.00000E+00  4.28800E+00
p  24    3 23   18  98  2.11050E+00 -2.35430E+00 -1.78580E-01  1.99500E-02  8.00000E+00  9.68100E+02  1.00700E+03  1.93600E+04
f  24   18 23   18  99  1.40000E+01  4.30630E+00
p  24   18 23   18  98  1.34570E+00 -1.65970E+00 -2.81260E-01  2.68490E-02  1.40000E+01  1.51600E+02  1.57600E+02  3.03100E+03
f  24    4 23   19  99  8.00000E+00  4.33600E+00
p  24    4 23   19  98  2.11050E+00 -2.35430E+00 -1.78580E-01  1.99500E-02  8.00000E+00  9.68100E+02  1.00700E+03  1.93600E+04
f  24   19 23   19  99  1.40000E+01  4.34200E+00
p  24   19 23   19  98  1.34570E+00 -1.65970E+00 -2.81260E-01  2.68490E-02  1.40000E+01  1.51600E+02  1.57600E+02  3.03100E+03
f  24    5 23   20  99  8.00000E+00  4.26400E+00
p  24    5 23   20  98  2.11050E+00 -2.35430E+00 -1.78580E-01  1.99500E-02  8.00000E+00  9.68100E+02  1.00700E+03  1.93600E+04
f  24   20 23   20  99  1.40000E+01  4.26800E+00
p  24   20 23   20  98  1.34570E+00 -1.65970E+00 -2.81260E-01  2.68490E-02  1.40000E+01  1.51600E+02  1.57600E+02  3.03100E+03
f  24    6 23   21  99  8.00000E+00  4.13820E+00
p  24    6 23   21  98  2.11050E+00 -2.35430E+00 -1.78580E-01  1.99500E-02  8.00000E+00  9.68100E+02  1.00700E+03  1.93600E+04
f  24   21 23   21  99  1.40000E+01  4.14720E+00
p  24   21 23   21  98  1.34570E+00 -1.65970E+00 -2.81260E-01  2.68490E-02  1.40000E+01  1.51600E+02  1.57600E+02  3.03100E+03
f  24    7 23   22  99  8.00000E+00  4.11220E+00
p  24    7 23   22  98  2.11050E+00 -2.35430E+00 -1.78580E-01  1.99500E-02  8.00000E+00  9.68100E+02  1.00700E+03  1.93600E+04
f  24   22 23   22  99  1.40000E+01  4.11920E+00
p  24   22 23   22  98  1.34570E+00 -1.65970E+00 -2.81260E-01  2.68490E-02  1.40000E+01  1.51600E+02  1.57600E+02  3.03100E+03
f  24    8 23   23  99  8.00000E+00  4.00230E+00
p  24    8 23   23  98  2.11050E+00 -2.35430E+00 -1.78580E-01  1.99500E-02  8.00000E+00  9.68100E+02  1.00700E+03  1.93600E+04
f  24   23 23   23  99  1.40000E+01  4.00230E+00
p  24   23 23   23  98  1.34570E+00 -1.65970E+00 -2.81260E-01  2.68490E-02  1.40000E+01  1.51600E+02  1.57600E+02  3.03100E+03
f  24    1 23   24  99  2.00000E+00  1.33800E+01
p  24    1 23   24  98  2.15310E+00 -2.50800E+00 -1.93180E-01  2.18640E-02  2.00000E+00  7.73200E+03  8.04100E+03  1.54600E+05
f  24   24 23   24  99  1.50000E+01  1.40240E+01
p  24   24 23   24  98  1.34570E+00 -1.65970E+00 -2.81260E-01  2.68490E-02  1.40000E+01  1.51600E+02  1.57600E+02  3.03100E+03
f  24   25 23   24  99  1.00000E+00  5.41000E+00
p  24   25 23   24  99  1.00000E+00  5.41000E+00
f  24   26 23   24  99  1.00000E+00  4.30540E+00
p  24   26 23   24  99  1.00000E+00  4.30540E+00
f  24   27 23   24  99  1.00000E+00  4.35100E+00
p  24   27 23   24  99  1.00000E+00  4.35100E+00
f  24   28 23   24  99  1.00000E+00  4.27700E+00
p  24   28 23   24  99  1.00000E+00  4.27700E+00
f  24   29 23   24  99  1.00000E+00  4.14810E+00
p  24   29 23   24  99  1.00000E+00  4.14810E+00
f  24   30 23   24  99  1.00000E+00  4.12010E+00
p  24   30 23   24  99  1.00000E+00  4.12010E+00
f  24   31 23   24  99  1.00000E+00  4.00230E+00
p  24   31 23   24  99  1.00000E+00  4.00230E+00
f  24    2 23   25  99  2.00000E+00  5.33010E+00
p  24    2 23   25  98  2.15310E+00 -2.50800E+00 -1.93180E-01  2.18640E-02  2.00000E+00  7.73200E+03  8.04100E+03  1.54600E+05
f  24   25 23   25  99  1.40000E+01  5.41000E+00
p  24   25 23   25  98  1.34570E+00 -1.65970E+00 -2.81260E-01  2.68490E-02  1.40000E+01  1.51600E+02  1.57600E+02  3.03100E+03
f  24    3 23   26  99  2.00000E+00  4.28800E+00
p  24    3 23   26  98  2.15310E+00 -2.50800E+00 -1.93180E-01  2.18640E-02  2.00000E+00  7.73200E+03  8.04100E+03  1.54600E+05
f  24   26 23   26  99  1.40000E+01  4.30540E+00
p  24   26 23   26  98  1.34570E+00 -1.65970E+00 -2.81260E-01  2.68490E-02  1.40000E+01  1.51600E+02  1.57600E+02  3.03100E+03
f  24    4 23   27  99  2.00000E+00  4.33600E+00
p  24    4 23   27  98  2.15310E+00 -2.50800E+00 -1.93180E-01  2.18640E-02  2.00000E+00  7.73200E+03  8.04100E+03  1.54600E+05
f  24   27 23   27  99  1.40000E+01  4.35100E+00
p  24   27 23   27  98  1.34570E+00 -1.65970E+00 -2.81260E-01  2.68490E-02  1.40000E+01  1.51600E+02  1.57600E+02  3.03100E+03
f  24    5 23   28  99  2.00000E+00  4.26400E+00
p  24    5 23   28  98  2.15310E+00 -2.50800E+00 -1.93180E-01  2.18640E-02  2.00000E+00  7.73200E+03  8.04100E+03  1.54600E+05
f  24   28 23   28  99  1.40000E+01  4.27700E+00
p  24   28 23   28  98  1.34570E+00 -1.65970E+00 -2.81260E-01  2.68490E-02  1.40000E+01  1.51600E+02  1.57600E+02  3.03100E+03
f  24    6 23   29  99  2.00000E+00  4.13820E+00
p  24    6 23   29  98  2.15310E+00 -2.50800E+00 -1.93180E-01  2.18640E-02  2.00000E+00  7.73200E+03  8.04100E+03  1.54600E+05
f  24   29 23   29  99  1.40000E+01  4.14810E+00
p  24   29 23   29  98  1.34570E+00 -1.65970E+00 -2.81260E-01  2.68490E-02  1.40000E+01  1.51600E+02  1.57600E+02  3.03100E+03
f  24    7 23   30  99  2.00000E+00  4.11220E+00
p  24    7 23   30  98  2.15310E+00 -2.50800E+00 -1.93180E-01  2.18640E-02  2.00000E+00  7.73200E+03  8.04100E+03  1.54600E+05
f  24   30 23   30  99  1.40000E+01  4.12010E+00
p  24   30 23   30  98  1.34570E+00 -1.65970E+00 -2.81260E-01  2.68490E-02  1.40000E+01  1.51600E+02  1.57600E+02  3.03100E+03
f  24    8 23   31  99  2.00000E+00  4.00230E+00
p  24    8 23   31  98  2.15310E+00 -2.50800E+00 -1.93180E-01  2.18640E-02  2.00000E+00  7.73200E+03  8.04100E+03  1.54600E+05
f  24   31 23   31  99  1.40000E+01  4.00230E+00
p  24   31 23   31  98  1.34570E+00 -1.65970E+00 -2.81260E-01  2.68490E-02  1.40000E+01  1.51600E+02  1.57600E+02  3.03100E+03
a  24    9 23    1   1.25660E+13
a  24   10 23    1   2.29567E+12
a  24   11 23    1   7.80400E+11
a  24   12 23    1   3.61067E+11
a  24   13 23    1   1.85200E+11
a  24   14 23    1   1.02768E+11
a  24   15 23    1   6.06833E+10
a  24   16 23    1   7.65489E+14
a  24   17 23    1   5.09796E+12
a  24   18 23    1   1.22052E+12
a  24   19 23    1   4.17748E+11
a  24   20 23    1   1.93279E+11
a  24   21 23    1   9.91358E+10
a  24   22 23    1   5.50148E+10
a  24   23 23    1   3.24844E+10
a  24   24 23    1   1.06670E+13
a  24   25 23    1   9.24490E+10
a  24   26 23    1   1.93375E+10
a  24   27 23    1   6.19591E+09
a  24   28 23    1   2.86664E+09
a  24   29 23    1   1.47035E+09
a  24   30 23    1   8.15920E+08
a  24   31 23    1   4.81796E+08
a  24   17 23    2   6.63424E+14
a  24   25 23    2   9.24469E+12
a  24   18 23    3   6.63424E+14
a  24   26 23    3   9.24469E+12
a  24   19 23    4   6.63424E+14
a  24   27 23    4   9.24469E+12
a  24   20 23    5   6.63424E+14
a  24   28 23    5   9.24469E+12
a  24   21 23    6   6.63424E+14
a  24   29 23    6   9.24469E+12
a  24   22 23    7   6.63424E+14
a  24   30 23    7   9.24469E+12
a  24   23 23    8   6.63424E+14
a  24   31 23    8   9.24469E+12
a  24   24 23   16   2.02164E+14
a  24   25 23   16   9.17200E+11
a  24   26 23   16   1.93316E+11
a  24   27 23   16   6.21880E+10
a  24   28 23   16   2.87724E+10
a  24   29 23   16   1.47576E+10
a  24   30 23   16   8.18960E+09
a  24   31 23   16   4.83560E+09
a  24   25 23   17   1.88686E+14
a  24   26 23   18   1.88686E+14
a  24   27 23   19   1.88686E+14
a  24   28 23   20   1.88686E+14
a  24   29 23   21   1.88686E+14
a  24   30 23   22   1.88686E+14
a  24   31 23   23   1.88686E+14
b  25    1 25    2  99  2.50248E-01  4.03241E-01  1.24148E+00 -3.91744E-01  2.06882E+00  8.94450E-01  8.94450E-01
b  25    1 25    3  99  2.45982E-01  3.93060E-01  1.22298E+00 -4.07041E-01  2.03838E+00  2.66550E-01  2.66550E-01
b  25    2 25    3  99  2.30022E-01  3.53048E-01  1.91759E+00 -3.18971E-01  3.92760E+00  7.67300E-01  7.67300E-01
b  25    1 25    4  99  5.29206E-01  5.40879E-01  2.74947E+00 -8.54954E-01  2.05918E+00  8.58450E-02  8.58450E-02
b  25    2 25    4  99  3.37512E-01  9.91181E-01  2.54349E+00 -1.36705E+00  3.37546E+00  9.21800E-02  9.21800E-02
b  25    3 25    4  99  2.30192E-01  3.98485E-01  1.90610E+00 -3.09907E-01  3.96200E+00  1.07900E+00  1.07900E+00
b  25    1 25    5  99  2.36904E-01  2.01289E+00 -2.79170E+01  2.74826E+02  2.00000E+01  5.21700E-02  5.21700E-02
b  25    2 25    5  99  3.81422E-01  1.45815E+00  2.72742E+00 -1.47300E+00  3.36018E+00  3.15200E-02  3.15200E-02
b  25    3 25    5  99  2.84671E-01  8.98883E-01  2.26710E+00 -2.82522E-01  4.12564E+00  1.52000E-01  1.52000E-01
b  25    4 25    5  99  2.02888E-01  5.43047E-01  1.49988E+00 -1.89040E-01  3.94568E+00  1.39400E+00  1.39400E+00
b  25    1 25    6  99  2.36696E-01  1.97786E+00 -2.79633E+01  2.76685E+02  2.00000E+01  3.43050E-02  3.43050E-02
b  25    2 25    6  99  4.11419E-01  1.82803E+00  2.82181E+00 -1.47197E+00  3.35550E+00  1.48900E-02  1.48900E-02
b  25    3 25    6  99  3.18910E-01  1.27700E+00  2.42053E+00 -3.07469E-01  4.10472E+00  5.30800E-02  5.30800E-02
b  25    4 25    6  99  2.62801E-01  8.98410E-01  2.01972E+00 -2.55435E-01  4.05862E+00  1.97700E-01  1.97700E-01
b  25    5 25    6  99  1.88170E-01  6.77477E-01  1.76772E+00  2.71351E+00  6.64372E+00  1.62400E+00  1.62400E+00
b  25    1 25    7  99  2.36907E-01  1.95144E+00 -2.80375E+01  2.79668E+02  2.00000E+01  2.38050E-02  2.38050E-02
b  25    2 25    7  99  4.32944E-01  2.11062E+00  2.90786E+00 -1.49226E+00  3.38639E+00  8.37200E-03  8.37200E-03
b  25    3 25    7  99  3.43810E-01  1.57813E+00  2.55010E+00 -3.02765E-01  4.13866E+00  2.55000E-02  2.55000E-02
b  25    4 25    7  99  2.93134E-01  1.26973E+00  2.16016E+00 -2.46030E-01  4.09294E+00  6.90100E-02  6.90100E-02
b  25    5 25    7  99  2.33970E-01  1.14746E+00  1.53392E+00 -2.01826E-01  4.00242E+00  2.32300E-01  2.32300E-01
b  25    6 25    7  99  1.80916E-01  6.30343E-01  1.88289E+00  3.47111E+00  7.31211E+00  1.83600E+00  1.83600E+00
b  25    1 25    8  99  2.32284E-01  1.94864E+00 -2.79163E+01  2.71152E+02  2.00000E+01  1.72050E-02  1.72050E-02
b  25    2 25    8  99  4.48514E-01  2.33207E+00  2.93992E+00 -1.50224E+00  3.36677E+00  5.24500E-03  5.24500E-03
b  25    3 25    8  99  3.62106E-01  1.81668E+00  2.64703E+00 -1.04997E-01  4.26692E+00  1.45300E-02  1.45300E-02
b  25    4 25    8  99  3.15779E-01  1.57181E+00  2.28171E+00 -2.23245E-01  4.17185E+00  3.32200E-02  3.32200E-02
b  25    5 25    8  99  2.85552E-01  1.27463E+00  2.07638E+00 -2.10357E-01  4.11479E+00  8.07200E-02  8.07200E-02
b  25    6 25    8  99  1.98349E-01  1.54075E+00  1.42641E+00  2.15662E+00  6.65822E+00  2.63900E-01  2.63900E-01
b  25    7 25    8  99  2.03709E-03  9.36871E-03  1.79051E-02  2.50894E-02  6.53963E+00  1.61800E+02  1.61800E+02
b  25    1 25    9  98  0.00000E+00  0.00000E+00  0.00000E+00  0.00000E+00  0.00000E+00  1.74251E-01  3.48502E-03
b  25    2 25    9  99  2.50248E-01  4.03241E-01  1.24148E+00 -3.91744E-01  2.06882E+00  8.08732E-01  8.08732E-01
b  25    1 25   10  98  0.00000E+00  0.00000E+00  0.00000E+00  0.00000E+00  0.00000E+00  2.62806E-01  5.25613E-03
b  25    2 25   10  99  2.45982E-01  3.93060E-01  1.22298E+00 -4.07041E-01  2.03838E+00  2.48780E-01  2.48780E-01
b  25    3 25   10  99  2.50248E-01  4.03241E-01  1.24148E+00 -3.91744E-01  2.06882E+00  8.34820E-01  8.34820E-01
b  25    9 25   10  99  2.30022E-01  3.53048E-01  1.91759E+00 -3.18971E-01  3.92760E+00  1.53460E+00  1.53460E+00
b  25    1 25   11  98  0.00000E+00  0.00000E+00  0.00000E+00  0.00000E+00  0.00000E+00  3.61280E-01  7.22559E-03
b  25    2 25   11  99  5.29206E-01  5.40879E-01  2.74947E+00 -8.54954E-01  2.05918E+00  8.01220E-02  8.01220E-02
b  25    4 25   11  99  2.50248E-01  4.03241E-01  1.24148E+00 -3.91744E-01  2.06882E+00  8.34820E-01  8.34820E-01
b  25    9 25   11  99  3.37512E-01  9.91181E-01  2.54349E+00 -1.36705E+00  3.37546E+00  1.84360E-01  1.84360E-01
b  25   10 25   11  99  2.30192E-01  3.98485E-01  1.90610E+00 -3.09907E-01  3.96200E+00  1.07900E+00  1.07900E+00
b  25    1 25   12  98  0.00000E+00  0.00000E+00  0.00000E+00  0.00000E+00  0.00000E+00  4.74607E-01  9.49215E-03
b  25    2 25   12  99  2.36904E-01  2.01289E+00 -2.79170E+01  2.74826E+02  2.00000E+01  4.86920E-02  4.86920E-02
b  25    5 25   12  99  2.50248E-01  4.03241E-01  1.24148E+00 -3.91744E-01  2.06882E+00  8.34820E-01  8.34820E-01
b  25    9 25   12  99  3.81422E-01  1.45815E+00  2.72742E+00 -1.47300E+00  3.36018E+00  6.30400E-02  6.30400E-02
b  25   10 25   12  99  2.84671E-01  8.98883E-01  2.26710E+00 -2.82522E-01  4.12564E+00  1.52000E-01  1.52000E-01
b  25   11 25   12  99  2.02888E-01  5.43047E-01  1.49988E+00 -1.89040E-01  3.94568E+00  1.39400E+00  1.39400E+00
b  25    1 25   13  98  0.00000E+00  0.00000E+00  0.00000E+00  0.00000E+00  0.00000E+00  6.04926E-01  1.20985E-02
b  25    2 25   13  99  2.36696E-01  1.97786E+00 -2.79633E+01  2.76685E+02  2.00000E+01  3.20180E-02  3.20180E-02
b  25    6 25   13  99  2.50248E-01  4.03241E-01  1.24148E+00 -3.91744E-01  2.06882E+00  8.34820E-01  8.34820E-01
b  25    9 25   13  99  4.11419E-01  1.82803E+00  2.82181E+00 -1.47197E+00  3.35550E+00  2.97800E-02  2.97800E-02
b  25   10 25   13  99  3.18910E-01  1.27700E+00  2.42053E+00 -3.07469E-01  4.10472E+00  5.30800E-02  5.30800E-02
b  25   11 25   13  99  2.62801E-01  8.98410E-01  2.01972E+00 -2.55435E-01  4.05862E+00  1.97700E-01  1.97700E-01
b  25   12 25   13  99  1.88170E-01  6.77477E-01  1.76772E+00  2.71351E+00  6.64372E+00  1.62400E+00  1.62400E+00
b  25    1 25   14  98  0.00000E+00  0.00000E+00  0.00000E+00  0.00000E+00  0.00000E+00  7.55655E-01  1.51131E-02
b  25    2 25   14  99  2.36907E-01  1.95144E+00 -2.80375E+01  2.79668E+02  2.00000E+01  2.22180E-02  2.22180E-02
b  25    7 25   14  99  2.50248E-01  4.03241E-01  1.24148E+00 -3.91744E-01  2.06882E+00  8.34820E-01  8.34820E-01
b  25    9 25   14  99  4.32944E-01  2.11062E+00  2.90786E+00 -1.49226E+00  3.38639E+00  1.67440E-02  1.67440E-02
b  25   10 25   14  99  3.43810E-01  1.57813E+00  2.55010E+00 -3.02765E-01  4.13866E+00  2.55000E-02  2.55000E-02
b  25   11 25   14  99  2.93134E-01  1.26973E+00  2.16016E+00 -2.46030E-01  4.09294E+00  6.90100E-02  6.90100E-02
b  25   12 25   14  99  2.33970E-01  1.14746E+00  1.53392E+00 -2.01826E-01  4.00242E+00  2.32300E-01  2.32300E-01
b  25   13 25   14  99  1.80916E-01  6.30343E-01  1.88289E+00  3.47111E+00  7.31211E+00  1.83600E+00  1.83600E+00
b  25    1 25   15  98  0.00000E+00  0.00000E+00  0.00000E+00  0.00000E+00  0.00000E+00  9.22354E-01  1.84471E-02
b  25    2 25   15  99  2.32284E-01  1.94864E+00 -2.79163E+01  2.71152E+02  2.00000E+01  1.60580E-02  1.60580E-02
b  25    8 25   15  99  2.50248E-01  4.03241E-01  1.24148E+00 -3.91744E-01  2.06882E+00  8.34820E-01  8.34820E-01
b  25    9 25   15  99  4.48514E-01  2.33207E+00  2.93992E+00 -1.50224E+00  3.36677E+00  1.04900E-02  1.04900E-02
b  25   10 25   15  99  3.62106E-01  1.81668E+00  2.64703E+00 -1.04997E-01  4.26692E+00  1.45300E-02  1.45300E-02
b  25   11 25   15  99  3.15779E-01  1.57181E+00  2.28171E+00 -2.23245E-01  4.17185E+00  3.32200E-02  3.32200E-02
b  25   12 25   15  99  2.85552E-01  1.27463E+00  2.07638E+00 -2.10357E-01  4.11479E+00  8.07200E-02  8.07200E-02
b  25   13 25   15  99  1.98349E-01  1.54075E+00  1.42641E+00  2.15662E+00  6.65822E+00  2.63900E-01  2.63900E-01
b  25   14 25   15  99  2.03709E-03  9.36871E-03  1.79051E-02  2.50894E-02  6.53963E+00  1.61800E+02  1.61800E+02
b  25    1 25   16  99  1.30050E-01  2.15532E+00 -6.62221E+01  6.34173E+02  2.00000E+01  2.42000E-01  2.42000E-01
b  25    1 25   17  99  1.04554E-01  1.78732E+00 -5.22712E+01  4.80636E+02  2.00000E+01  1.07840E-01  1.07840E-01
b  25    2 25   17  99  1.30050E-01  2.15532E+00 -6.62221E+01  6.34173E+02  2.00000E+01  3.22667E-01  3.22667E-01
b  25   16 25   17  99  2.50248E-01  4.03241E-01  1.24148E+00 -3.91744E-01  2.06882E+00  9.54080E-01  9.54080E-01
b  25    1 25   18  99  1.09477E-01  1.85312E+00 -5.40713E+01  4.91200E+02  2.00000E+01  4.35920E-02  4.35920E-02
b  25    3 25   18  99  1.30050E-01  2.15532E+00 -6.62221E+01  6.34173E+02  2.00000E+01  3.22667E-01  3.22667E-01
b  25   16 25   18  99  2.45982E-01  3.93060E-01  1.22298E+00 -4.07041E-01  2.03838E+00  2.84320E-01  2.84320E-01
b  25   17 25   18  99  2.30022E-01  3.53048E-01  1.91759E+00 -3.18971E-01  3.92760E+00  7.67300E-01  7.67300E-01
b  25    1 25   19  99  1.17526E-01  2.03247E+00 -5.90167E+01  5.25832E+02  2.00000E+01  2.09280E-02  2.09280E-02
b  25    4 25   19  99  1.30050E-01  2.15532E+00 -6.62221E+01  6.34173E+02  2.00000E+01  3.22667E-01  3.22667E-01
b  25   16 25   19  99  5.29206E-01  5.40879E-01  2.74947E+00 -8.54954E-01  2.05918E+00  9.15680E-02  9.15680E-02
b  25   17 25   19  99  3.37512E-01  9.91181E-01  2.54349E+00 -1.36705E+00  3.37546E+00  9.21800E-02  9.21800E-02
b  25   18 25   19  99  2.30192E-01  3.98485E-01  1.90610E+00 -3.09907E-01  3.96200E+00  1.07900E+00  1.07900E+00
b  25    1 25   20  99  1.13879E-01  1.97673E+00 -5.71185E+01  5.05020E+02  2.00000E+01  1.21280E-02  1.21280E-02
b  25    5 25   20  99  1.30050E-01  2.15532E+00 -6.62221E+01  6.34173E+02  2.00000E+01  3.22667E-01  3.22667E-01
b  25   16 25   20  99  2.36904E-01  2.01289E+00 -2.79170E+01  2.74826E+02  2.00000E+01  5.56480E-02  5.56480E-02
b  25   17 25   20  99  3.81422E-01  1.45815E+00  2.72742E+00 -1.47300E+00  3.36018E+00  3.15200E-02  3.15200E-02
b  25   18 25   20  99  2.84671E-01  8.98883E-01  2.26710E+00 -2.82522E-01  4.12564E+00  1.52000E-01  1.52000E-01
b  25   19 25   20  99  2.02888E-01  5.43047E-01  1.49988E+00 -1.89040E-01  3.94568E+00  1.39400E+00  1.39400E+00
b  25    1 25   21  99  1.12387E-01  1.94544E+00 -5.63013E+01  4.98074E+02  2.00000E+01  7.66000E-03  7.66000E-03
b  25    6 25   21  99  1.30050E-01  2.15532E+00 -6.62221E+01  6.34173E+02  2.00000E+01  3.22667E-01  3.22667E-01
b  25   16 25   21  99  2.36696E-01  1.97786E+00 -2.79633E+01  2.76685E+02  2.00000E+01  3.65920E-02  3.65920E-02
b  25   17 25   21  99  4.11419E-01  1.82803E+00  2.82181E+00 -1.47197E+00  3.35550E+00  1.48900E-02  1.48900E-02
b  25   18 25   21  99  3.18910E-01  1.27700E+00  2.42053E+00 -3.07469E-01  4.10472E+00  5.30800E-02  5.30800E-02
b  25   19 25   21  99  2.62801E-01  8.98410E-01  2.01972E+00 -2.55435E-01  4.05862E+00  1.97700E-01  1.97700E-01
b  25   20 25   21  99  1.88170E-01  6.77477E-01  1.76772E+00  2.71351E+00  6.64372E+00  1.62400E+00  1.62400E+00
b  25    1 25   22  99  1.11224E-01  1.91901E+00 -5.54770E+01  4.89921E+02  2.00000E+01  5.14880E-03  5.14880E-03
b  25    7 25   22  99  1.30050E-01  2.15532E+00 -6.62221E+01  6.34173E+02  2.00000E+01  3.22667E-01  3.22667E-01
b  25   16 25   22  99  2.36907E-01  1.95144E+00 -2.80375E+01  2.79668E+02  2.00000E+01  2.53920E-02  2.53920E-02
b  25   17 25   22  99  4.32944E-01  2.11062E+00  2.90786E+00 -1.49226E+00  3.38639E+00  8.37200E-03  8.37200E-03
b  25   18 25   22  99  3.43810E-01  1.57813E+00  2.55010E+00 -3.02765E-01  4.13866E+00  2.55000E-02  2.55000E-02
b  25   19 25   22  99  2.93134E-01  1.26973E+00  2.16016E+00 -2.46030E-01  4.09294E+00  6.90100E-02  6.90100E-02
b  25   20 25   22  99  2.33970E-01  1.14746E+00  1.53392E+00 -2.01826E-01  4.00242E+00  2.32300E-01  2.32300E-01
b  25   21 25   22  99  1.80916E-01  6.30343E-01  1.88289E+00  3.47111E+00  7.31211E+00  1.83600E+00  1.83600E+00
b  25    1 25   23  99  1.10304E-01  1.90491E+00 -5.51255E+01  4.86957E+02  2.00000E+01  3.62560E-03  3.62560E-03
b  25    8 25   23  99  1.30050E-01  2.15532E+00 -6.62221E+01  6.34173E+02  2.00000E+01  3.22667E-01  3.22667E-01
b  25   16 25   23  99  2.32284E-01  1.94864E+00 -2.79163E+01  2.71152E+02  2.00000E+01  1.83520E-02  1.83520E-02
b  25   17 25   23  99  4.48514E-01  2.33207E+00  2.93992E+00 -1.50224E+00  3.36677E+00  5.24500E-03  5.24500E-03
b  25   18 25   23  99  3.62106E-01  1.81668E+00  2.64703E+00 -1.04997E-01  4.26692E+00  1.45300E-02  1.45300E-02
b  25   19 25   23  99  3.15779E-01  1.57181E+00  2.28171E+00 -2.23245E-01  4.17185E+00  3.32200E-02  3.32200E-02
b  25   20 25   23  99  2.85552E-01  1.27463E+00  2.07638E+00 -2.10357E-01  4.11479E+00  8.07200E-02  8.07200E-02
b  25   21 25   23  99  1.98349E-01  1.54075E+00  1.42641E+00  2.15662E+00  6.65822E+00  2.63900E-01  2.63900E-01
b  25   22 25   23  99  2.03709E-03  9.36871E-03  1.79051E-02  2.50894E-02  6.53963E+00  1.61800E+02  1.61800E+02
b  25    1 25   24  99  1.46636E-01  1.53640E+00 -1.94468E+01  7.49966E+01  7.02124E+00  1.00167E-02  1.00167E-02
b  25   16 25   24  99  2.10287E-01  1.05082E+00 -1.36187E+01  5.48546E+01  5.70470E+00  7.54250E-02  7.54250E-02
b  25    1 25   25  99  1.46902E-01  2.08275E+00 -2.67082E+01  1.01342E+02  7.81388E+00  4.07400E-03  4.07400E-03
b  25    2 25   25  99  1.46636E-01  1.53640E+00 -1.94468E+01  7.49966E+01  7.02124E+00  1.33556E-02  1.33556E-02
b  25   17 25   25  99  2.10287E-01  1.05082E+00 -1.36187E+01  5.48546E+01  5.70470E+00  7.54250E-02  7.54250E-02
b  25   24 25   25  99  2.50248E-01  4.03241E-01  1.24148E+00 -3.91744E-01  2.06882E+00  9.54080E-01  9.54080E-01
b  25    1 25   26  99  1.38359E-01  1.99917E+00 -2.62583E+01  1.01356E+02  7.98429E+00  1.46900E-03  1.46900E-03
b  25    3 25   26  99  1.46636E-01  1.53640E+00 -1.94468E+01  7.49966E+01  7.02124E+00  1.33556E-02  1.33556E-02
b  25   18 25   26  99  2.10287E-01  1.05082E+00 -1.36187E+01  5.48546E+01  5.70470E+00  7.54250E-02  7.54250E-02
b  25   24 25   26  99  2.45982E-01  3.93060E-01  1.22298E+00 -4.07041E-01  2.03838E+00  2.84320E-01  2.84320E-01
b  25   25 25   26  99  2.30022E-01  3.53048E-01  1.91759E+00 -3.18971E-01  3.92760E+00  7.67300E-01  7.67300E-01
b  25    1 25   27  99  1.33501E-01  2.04229E+00 -2.72176E+01  1.05520E+02  8.14245E+00  6.64000E-04  6.64000E-04
b  25    4 25   27  99  1.46636E-01  1.53640E+00 -1.94468E+01  7.49966E+01  7.02124E+00  1.33556E-02  1.33556E-02
b  25   19 25   27  99  2.10287E-01  1.05082E+00 -1.36187E+01  5.48546E+01  5.70470E+00  7.54250E-02  7.54250E-02
b  25   24 25   27  99  5.29206E-01  5.40879E-01  2.74947E+00 -8.54954E-01  2.05918E+00  9.15680E-02  9.15680E-02
b  25   25 25   27  99  3.37512E-01  9.91181E-01  2.54349E+00 -1.36705E+00  3.37546E+00  9.21800E-02  9.21800E-02
b  25   26 25   27  99  2.30192E-01  3.98485E-01  1.90610E+00 -3.09907E-01  3.96200E+00  1.07900E+00  1.07900E+00
b  25    1 25   28  99  1.32689E-01  1.97841E+00 -2.63322E+01  1.02256E+02  8.07386E+00  3.65200E-04  3.65200E-04
b  25    5 25   28  99  1.46636E-01  1.53640E+00 -1.94468E+01  7.49966E+01  7.02124E+00  1.33556E-02  1.33556E-02
b  25   20 25   28  99  2.10287E-01  1.05082E+00 -1.36187E+01  5.48546E+01  5.70470E+00  7.54250E-02  7.54250E-02
b  25   24 25   28  99  2.36904E-01  2.01289E+00 -2.79170E+01  2.74826E+02  2.00000E+01  5.56480E-02  5.56480E-02
b  25   25 25   28  99  3.81422E-01  1.45815E+00  2.72742E+00 -1.47300E+00  3.36018E+00  3.15200E-02  3.15200E-02
b  25   26 25   28  99  2.84671E-01  8.98883E-01  2.26710E+00 -2.82522E-01  4.12564E+00  1.52000E-01  1.52000E-01
b  25   27 25   28  99  2.02888E-01  5.43047E-01  1.49988E+00 -1.89040E-01  3.94568E+00  1.39400E+00  1.39400E+00
b  25    1 25   29  99  1.30485E-01  1.94941E+00 -2.59662E+01  1.00859E+02  8.07630E+00  2.22200E-04  2.22200E-04
b  25    6 25   29  99  1.46636E-01  1.53640E+00 -1.94468E+01  7.49966E+01  7.02124E+00  1.33556E-02  1.33556E-02
b  25   21 25   29  99  2.10287E-01  1.05082E+00 -1.36187E+01  5.48546E+01  5.70470E+00  7.54250E-02  7.54250E-02
b  25   24 25   29  99  2.36696E-01  1.97786E+00 -2.79633E+01  2.76685E+02  2.00000E+01  3.65920E-02  3.65920E-02
b  25   25 25   29  99  4.11419E-01  1.82803E+00  2.82181E+00 -1.47197E+00  3.35550E+00  1.48900E-02  1.48900E-02
b  25   26 25   29  99  3.18910E-01  1.27700E+00  2.42053E+00 -3.07469E-01  4.10472E+00  5.30800E-02  5.30800E-02
b  25   27 25   29  99  2.62801E-01  8.98410E-01  2.01972E+00 -2.55435E-01  4.05862E+00  1.97700E-01  1.97700E-01
b  25   28 25   29  99  1.88170E-01  6.77477E-01  1.76772E+00  2.71351E+00  6.64372E+00  1.62400E+00  1.62400E+00
b  25    1 25   30  99  1.31138E-01  1.91942E+00 -2.55419E+01  9.93542E+01  8.02286E+00  1.45000E-04  1.45000E-04
b  25    7 25   30  99  1.46636E-01  1.53640E+00 -1.94468E+01  7.49966E+01  7.02124E+00  1.33556E-02  1.33556E-02
b  25   22 25   30  99  2.10287E-01  1.05082E+00 -1.36187E+01  5.48546E+01  5.70470E+00  7.54250E-02  7.54250E-02
b  25   24 25   30  99  2.36907E-01  1.95144E+00 -2.80375E+01  2.79668E+02  2.00000E+01  2.53920E-02  2.53920E-02
b  25   25 25   30  99  4.32944E-01  2.11062E+00  2.90786E+00 -1.49226E+00  3.38639E+00  8.37200E-03  8.37200E-03
b  25   26 25   30  99  3.43810E-01  1.57813E+00  2.55010E+00 -3.02765E-01  4.13866E+00  2.55000E-02  2.55000E-02
b  25   27 25   30  99  2.93134E-01  1.26973E+00  2.16016E+00 -2.46030E-01  4.09294E+00  6.90100E-02  6.90100E-02
b  25   28 25   30  99  2.33970E-01  1.14746E+00  1.53392E+00 -2.01826E-01  4.00242E+00  2.32300E-01  2.32300E-01
b  25   29 25   30  99  1.80916E-01  6.30343E-01  1.88289E+00  3.47111E+00  7.31211E+00  1.83600E+00  1.83600E+00
b  25    1 25   31  99  1.32494E-01  1.88351E+00 -2.48184E+01  9.60032E+01  7.88525E+00  9.97800E-05  9.97800E-05
b  25    8 25   31  99  1.46636E-01  1.53640E+00 -1.94468E+01  7.49966E+01  7.02124E+00  1.33556E-02  1.33556E-02
b  25   23 25   31  99  2.10287E-01  1.05082E+00 -1.36187E+01  5.48546E+01  5.70470E+00  7.54250E-02  7.54250E-02
b  25   24 25   31  99  2.32284E-01  1.94864E+00 -2.79163E+01  2.71152E+02  2.00000E+01  1.83520E-02  1.83520E-02
b  25   25 25   31  99  4.48514E-01  2.33207E+00  2.93992E+00 -1.50224E+00  3.36677E+00  5.24500E-03  5.24500E-03
b  25   26 25   31  99  3.62106E-01  1.81668E+00  2.64703E+00 -1.04997E-01  4.26692E+00  1.45300E-02  1.45300E-02
b  25   27 25   31  99  3.15779E-01  1.57181E+00  2.28171E+00 -2.23245E-01  4.17185E+00  3.32200E-02  3.32200E-02
b  25   28 25   31  99  2.85552E-01  1.27463E+00  2.07638E+00 -2.10357E-01  4.11479E+00  8.07200E-02  8.07200E-02
b  25   29 25   31  99  1.98349E-01  1.54075E+00  1.42641E+00  2.15662E+00  6.65822E+00  2.63900E-01  2.63900E-01
b  25   30 25   31  99  2.03709E-03  9.36871E-03  1.79051E-02  2.50894E-02  6.53963E+00  1.61800E+02  1.61800E+02
f  25    1 24    1  99  1.50000E+01  1.30400E+01
p  25    1 24    1  98  1.29790E+00 -1.45420E+00 -3.48150E-01  3.58200E-02  1.50000E+01  1.31100E+02  1.36300E+02  2.62200E+03
f  25    2 24    1  99  1.00000E+00  4.41460E+00
p  25    2 24    1  99  1.00000E+00  4.41460E+00
f  25    3 24    1  99  1.00000E+00  3.30840E+00
p  25    3 24    1  99  1.00000E+00  3.30840E+00
f  25    4 24    1  99  1.00000E+00  3.35400E+00
p  25    4 24    1  99  1.00000E+00  3.35400E+00
f  25    5 24    1  99  1.00000E+00  3.27800E+00
p  25    5 24    1  99  1.00000E+00  3.27800E+00
f  25    6 24    1  99  1.00000E+00  3.14820E+00
p  25    6 24    1  99  1.00000E+00  3.14820E+00
f  25    7 24    1  99  1.00000E+00  3.12020E+00
p  25    7 24    1  99  1.00000E+00  3.12020E+00
f  25    8 24    1  99  1.00000E+00  3.00240E+00
p  25    8 24    1  99  1.00000E+00  3.00240E+00
f  25    2 24    2  99  1.40000E+01  4.41460E+00
p  25    2 24    2  98  1.29790E+00 -1.45420E+00 -3.48150E-01  3.58200E-02  1.50000E+01  1.31100E+02  1.36300E+02  2.62200E+03
f  25    9 24    2  99  2.00000E+00  4.97510E+00
p  25    9 24    2  99  2.00000E+00  4.97510E+00
f  25   10 24    2  99  1.00000E+00  3.36800E+00
p  25   10 24    2  99  1.00000E+00  3.36800E+00
f  25   11 24    2  99  1.00000E+00  3.37600E+00
p  25   11 24    2  99  1.00000E+00  3.37600E+00
f  25   12 24    2  99  1.00000E+00  3.28900E+00
p  25   12 24    2  99  1.00000E+00  3.28900E+00
f  25   13 24    2  99  1.00000E+00  3.15520E+00
p  25   13 24    2  99  1.00000E+00  3.15520E+00
f  25   14 24    2  99  1.00000E+00  3.12620E+00
p  25   14 24    2  99  1.00000E+00  3.12620E+00
f  25   15 24    2  99  1.00000E+00  3.01230E+00
p  25   15 24    2  99  1.00000E+00  3.01230E+00
f  25    3 24    3  99  1.40000E+01  3.30840E+00
p  25    3 24    3  98  1.29790E+00 -1.45420E+00 -3.48150E-01  3.58200E-02  1.50000E+01  1.31100E+02  1.36300E+02  2.62200E+03
f  25   10 24    3  99  1.00000E+00  3.36800E+00
p  25   10 24    3  99  1.00000E+00  3.36800E+00
f  25    4 24    4  99  1.40000E+01  3.35400E+00
p  25    4 24    4  98  1.29790E+00 -1.45420E+00 -3.48150E-01  3.58200E-02  1.50000E+01  1.31100E+02  1.36300E+02  2.62200E+03
f  25   11 24    4  99  1.00000E+00  3.37600E+00
p  25   11 24    4  99  1.00000E+00  3.37600E+00
f  25    5 24    5  99  1.40000E+01  3.27800E+00
p  25    5 24    5  98  1.29790E+00 -1.45420E+00 -3.48150E-01  3.58200E-02  1.50000E+01  1.31100E+02  1.36300E+02  2.62200E+03
f  25   12 24    5  99  1.00000E+00  3.28900E+00
p  25   12 24    5  99  1.00000E+00  3.28900E+00
f  25    6 24    6  99  1.40000E+01  3.14820E+00
p  25    6 24    6  98  1.29790E+00 -1.45420E+00 -3.48150E-01  3.58200E-02  1.50000E+01  1.31100E+02  1.36300E+02  2.62200E+03
f  25   13 24    6  99  1.00000E+00  3.15520E+00
p  25   13 24    6  99  1.00000E+00  3.15520E+00
f  25    7 24    7  99  1.40000E+01  3.12020E+00
p  25    7 24    7  98  1.29790E+00 -1.45420E+00 -3.48150E-01  3.58200E-02  1.50000E+01  1.31100E+02  1.36300E+02  2.62200E+03
f  25   14 24    7  99  1.00000E+00  3.12620E+00
p  25   14 24    7  99  1.00000E+00  3.12620E+00
f  25    8 24    8  99  1.40000E+01  3.00240E+00
p  25    8 24    8  98  1.29790E+00 -1.45420E+00 -3.48150E-01  3.58200E-02  1.50000E+01  1.31100E+02  1.36300E+02  2.62200E+03
f  25   15 24    8  99  1.00000E+00  3.01230E+00
p  25   15 24    8  99  1.00000E+00  3.01230E+00
f  25    9 24    9  99  1.30000E+01  4.97510E+00
p  25    9 24    9  98  1.29790E+00 -1.45420E+00 -3.48150E-01  3.58200E-02  1.50000E+01  1.31100E+02  1.36300E+02  2.62200E+03
f  25   10 24   10  99  1.30000E+01  3.36800E+00
p  25   10 24   10  98  1.29790E+00 -1.45420E+00 -3.48150E-01  3.58200E-02  1.50000E+01  1.31100E+02  1.36300E+02  2.62200E+03
f  25   11 24   11  99  1.30000E+01  3.37600E+00
p  25   11 24   11  98  1.29790E+00 -1.45420E+00 -3.48150E-01  3.58200E-02  1.50000E+01  1.31100E+02  1.36300E+02  2.62200E+03
f  25   12 24   12  99  1.30000E+01  3.28900E+00
p  25   12 24   12  98  1.29790E+00 -1.45420E+00 -3.48150E-01  3.58200E-02  1.50000E+01  1.31100E+02  1.36300E+02  2.62200E+03
f  25   13 24   13  99  1.30000E+01  3.15520E+00
p  25   13 24   13  98  1.29790E+00 -1.45420E+00 -3.48150E-01  3.58200E-02  1.50000E+01  1.31100E+02  1.36300E+02  2.62200E+03
f  25   14 24   14  99  1.30000E+01  3.12620E+00
p  25   14 24   14  98  1.29790E+00 -1.45420E+00 -3.48150E-01  3.58200E-02  1.50000E+01  1.31100E+02  1.36300E+02  2.62200E+03
f  25   15 24   15  99  1.30000E+01  3.01230E+00
p  25   15 24   15  98  1.29790E+00 -1.45420E+00 -3.48150E-01  3.58200E-02  1.50000E+01  1.31100E+02  1.36300E+02  2.62200E+03
f  25    1 24   16  99  8.00000E+00  1.30400E+01
p  25    1 24   16  98  2.13870E+00 -2.33620E+00 -1.87210E-01  2.14450E-02  8.00000E+00  9.45600E+02  9.83400E+02  1.89100E+04
f  25   16 24   16  99  1.60000E+01  1.36040E+01
p  25   16 24   16  98  1.29790E+00 -1.45420E+00 -3.48150E-01  3.58200E-02  1.50000E+01  1.31100E+02  1.36300E+02  2.62200E+03
f  25   17 24   16  99  1.00000E+00  4.47130E+00
p  25   17 24   16  99  1.00000E+00  4.47130E+00
f  25   18 24   16  99  1.00000E+00  3.32670E+00
p  25   18 24   16  99  1.00000E+00  3.32670E+00
f  25   19 24   16  99  1.00000E+00  3.36000E+00
p  25   19 24   16  99  1.00000E+00  3.36000E+00
f  25   20 24   16  99  1.00000E+00  3.28200E+00
p  25   20 24   16  99  1.00000E+00  3.28200E+00
f  25   21 24   16  99  1.00000E+00  3.15720E+00
p  25   21 24   16  99  1.00000E+00  3.15720E+00
f  25   22 24   16  99  1.00000E+00  3.12720E+00
p  25   22 24   16  99  1.00000E+00  3.12720E+00
f  25   23 24   16  99  1.00000E+00  3.00240E+00
p  25   23 24   16  99  1.00000E+00  3.00240E+00
f  25    2 24   17  99  8.00000E+00  4.41460E+00
p  25    2 24   17  98  2.13870E+00 -2.33620E+00 -1.87210E-01  2.14450E-02  8.00000E+00  9.45600E+02  9.83400E+02  1.89100E+04
f  25   17 24   17  99  1.50000E+01  4.47130E+00
p  25   17 24   17  98  1.29790E+00 -1.45420E+00 -3.48150E-01  3.58200E-02  1.50000E+01  1.31100E+02  1.36300E+02  2.62200E+03
f  25    3 24   18  99  8.00000E+00  3.30840E+00
p  25    3 24   18  98  2.13870E+00 -2.33620E+00 -1.87210E-01  2.14450E-02  8.00000E+00  9.45600E+02  9.83400E+02  1.89100E+04
f  25   18 24   18  99  1.50000E+01  3.32670E+00
p  25   18 24   18  98  1.29790E+00 -1.45420E+00 -3.48150E-01  3.58200E-02  1.50000E+01  1.31100E+02  1.36300E+02  2.62200E+03
f  25    4 24   19  99  8.00000E+00  3.35400E+00
p  25    4 24   19  98  2.13870E+00 -2.33620E+00 -1.87210E-01  2.14450E-02  8.00000E+00  9.45600E+02  9.83400E+02  1.89100E+04
f  25   19 24   19  99  1.50000E+01  3.36000E+00
p  25   19 24   19  98  1.29790E+00 -1.45420E+00 -3.48150E-01  3.58200E-02  1.50000E+01  1.31100E+02  1.36300E+02  2.62200E+03
f  25    5 24   20  99  8.00000E+00  3.27800E+00
p  25    5 24   20  98  2.13870E+00 -2.33620E+00 -1.87210E-01  2.14450E-02  8.00000E+00  9.45600E+02  9.83400E+02  1.89100E+04
f  25   20 24   20  99  1.50000E+01  3.28200E+00
p  25   20 24   20  98  1.29790E+00 -1.45420E+00 -3.48150E-01  3.58200E-02  1.50000E+01  1.31100E+02  1.36300E+02  2.62200E+03
f  25    6 24   21  99  8.00000E+00  3.14820E+00
p  25    6 24   21  98  2.13870E+00 -2.33620E+00 -1.87210E-01  2.14450E-02  8.00000E+00  9.45600E+02  9.83400E+02  1.89100E+04
f  25   21 24   21  99  1.50000E+01  3.15720E+00
p  25   21 24   21  98  1.29790E+00 -1.45420E+00 -3.48150E-01  3.58200E-02  1.50000E+01  1.31100E+02  1.36300E+02  2.62200E+03
f  25    7 24   22  99  8.00000E+00  3.12020E+00
p  25    7 24   22  98  2.13870E+00 -2.33620E+00 -1.87210E-01  2.14450E-02  8.00000E+00  9.45600E+02  9.83400E+02  1.89100E+04
f  25   22 24   22  99  1.50000E+01  3.12720E+00
p  25   22 24   22  98  1.29790E+00 -1.45420E+00 -3.48150E-01  3.58200E-02  1.50000E+01  1.31100E+02  1.36300E+02  2.62200E+03
f  25    8 24   23  99  8.00000E+00  3.00240E+00
p  25    8 24   23  98  2.13870E+00 -2.33620E+00 -1.87210E-01  2.14450E-02  8.00000E+00  9.45600E+02  9.83400E+02  1.89100E+04
f  25   23 24   23  99  1.50000E+01  3.00240E+00
p  25   23 24   23  98  1.29790E+00 -1.45420E+00 -3.48150E-01  3.58200E-02  1.50000E+01  1.31100E+02  1.36300E+02  2.62200E+03
f  25    1 24   24  99  2.00000E+00  1.30400E+01
p  25    1 24   24  98  2.15860E+00 -2.50900E+00 -1.92000E-01  2.16100E-02  2.00000E+00  7.70800E+03  8.01600E+03  1.54200E+05
f  25   24 24   24  99  1.60000E+01  1.36840E+01
p  25   24 24   24  98  1.29790E+00 -1.45420E+00 -3.48150E-01  3.58200E-02  1.50000E+01  1.31100E+02  1.36300E+02  2.62200E+03
f  25   25 24   24  99  1.00000E+00  4.49450E+00
p  25   25 24   24  99  1.00000E+00  4.49450E+00
f  25   26 24   24  99  1.00000E+00  3.32580E+00
p  25   26 24   24  99  1.00000E+00  3.32580E+00
f  25   27 24   24  99  1.00000E+00  3.36900E+00
p  25   27 24   24  99  1.00000E+00  3.36900E+00
f  25   28 24   24  99  1.00000E+00  3.29100E+00
p  25   28 24   24  99  1.00000E+00  3.29100E+00
f  25   29 24   24  99  1.00000E+00  3.15810E+00
p  25   29 24   24  99  1.00000E+00  3.15810E+00
f  25   30 24   24  99  1.00000E+00  3.12810E+00
p  25   30 24   24  99  1.00000E+00  3.12810E+00
f  25   31 24   24  99  1.00000E+00  3.00240E+00
p  25   31 24   24  99  1.00000E+00  3.00240E+00
f  25    2 24   25  99  2.00000E+00  4.41460E+00
p  25    2 24   25  98  2.15860E+00 -2.50900E+00 -1.92000E-01  2.16100E-02  2.00000E+00  7.70800E+03  8.01600E+03  1.54200E+05
f  25   25 24   25  99  1.50000E+01  4.49450E+00
p  25   25 24   25  98  1.29790E+00 -1.45420E+00 -3.48150E-01  3.58200E-02  1.50000E+01  1.31100E+02  1.36300E+02  2.62200E+03
f  25    3 24   26  99  2.00000E+00  3.30840E+00
p  25    3 24   26  98  2.15860E+00 -2.50900E+00 -1.92000E-01  2.16100E-02  2.00000E+00  7.70800E+03  8.01600E+03  1.54200E+05
f  25   26 24   26  99  1.50000E+01  3.32580E+00
p  25   26 24   26  98  1.29790E+00 -1.45420E+00 -3.48150E-01  3.58200E-02  1.50000E+01  1.31100E+02  1.36300E+02  2.62200E+03
f  25    4 24   27  99  2.00000E+00  3.35400E+00
p  25    4 24   27  98  2.15860E+00 -2.50900E+00 -1.92000E-01  2.16100E-02  2.00000E+00  7.70800E+03  8.01600E+03  1.54200E+05
f  25   27 24   27  99  1.50000E+01  3.36900E+00
p  25   27 24   27  98  1.29790E+00 -1.45420E+00 -3.48150E-01  3.58200E-02  1.50000E+01  1.31100E+02  1.36300E+02  2.62200E+03
f  25    5 24   28  99  2.00000E+00  3.27800E+00
p  25    5 24   28  98  2.15860E+00 -2.50900E+00 -1.92000E-01  2.16100E-02  2.00000E+00  7.70800E+03  8.01600E+03  1.54200E+05
f  25   28 24   28  99  1.50000E+01  3.29100E+00
p  25   28 24   28  98  1.29790E+00 -1.45420E+00 -3.48150E-01  3.58200E-02  1.50000E+01  1.31100E+02  1.36300E+02  2.62200E+03
f  25    6 24   29  99  2.00000E+00  3.14820E+00
p  25    6 24   29  98  2.15860E+00 -2.50900E+00 -1.92000E-01  2.16100E-02  2.00000E+00  7.70800E+03  8.01600E+03  1.54200E+05
f  25   29 24   29  99  1.50000E+01  3.15810E+00
p  25   29 24   29  98  1.29790E+00 -1.45420E+00 -3.48150E-01  3.58200E-02  1.50000E+01  1.31100E+02  1.36300E+02  2.62200E+03
f  25    7 24   30  99  2.00000E+00  3.12020E+00
p  25    7 24   30  98  2.15860E+00 -2.50900E+00 -1.92000E-01  2.16100E-02  2.00000E+00  7.70800E+03  8.01600E+03  1.54200E+05
f  25   30 24   30  99  1.50000E+01  3.12810E+00
p  25   30 24   30  98  1.29790E+00 -1.45420E+00 -3.48150E-01  3.58200E-02  1.50000E+01  1.31100E+02  1.36300E+02  2.62200E+03
f  25    8 24   31  99  2.00000E+00  3.00240E+00
p  25    8 24   31  98  2.15860E+00 -2.50900E+00 -1.92000E-01  2.16100E-02  2.00000E+00  7.70800E+03  8.01600E+03  1.54200E+05
f  25   31 24   31  99  1.50000E+01  3.00240E+00
p  25   31 24   31  98  1.29790E+00 -1.45420E+00 -3.48150E-01  3.58200E-02  1.50000E+01  1.31100E+02  1.36300E+02  2.62200E+03
a  25    9 24    1   6.68861E+12
a  25   10 24    1   1.32901E+12
a  25   11 24    1   4.36639E+11
a  25   12 24    1   2.02014E+11
a  25   13 24    1   1.03618E+11
a  25   14 24    1   5.75000E+10
a  25   15 24    1   3.39528E+10
a  25   16 24    1   7.80651E+14
a  25   17 24    1   3.39598E+12
a  25   18 24    1   7.76025E+11
a  25   19 24    1   2.60786E+11
a  25   20 24    1   1.20656E+11
a  25   21 24    1   6.18862E+10
a  25   22 24    1   3.43418E+10
a  25   23 24    1   2.02787E+10
a  25   24 24    1   1.14023E+13
a  25   25 24    1   6.95828E+10
a  25   26 24    1   1.32600E+10
a  25   27 24    1   4.08848E+09
a  25   28 24    1   1.89158E+09
a  25   29 24    1   9.70200E+08
a  25   30 24    1   5.38395E+08
a  25   31 24    1   3.17918E+08
a  25   17 24    2   6.83070E+14
a  25   25 24    2   9.97700E+12
a  25   18 24    3   6.83070E+14
a  25   26 24    3   9.97700E+12
a  25   19 24    4   6.83070E+14
a  25   27 24    4   9.97700E+12
a  25   20 24    5   6.83070E+14
a  25   28 24    5   9.97700E+12
a  25   21 24    6   6.83070E+14
a  25   29 24    6   9.97700E+12
a  25   22 24    7   6.83070E+14
a  25   30 24    7   9.97700E+12
a  25   23 24    8   6.83070E+14
a  25   31 24    8   9.97700E+12
a  25   24 24   16   2.08467E+14
a  25   25 24   16   6.61840E+11
a  25   26 24   16   1.27192E+11
a  25   27 24   16   3.93848E+10
a  25   28 24   16   1.82220E+10
a  25   29 24   16   9.34600E+09
a  25   30 24   16   5.18640E+09
a  25   31 24   16   3.06256E+09
a  25   25 24   17   1.95438E+14
a  25   26 24   18   1.95438E+14
a  25   27 24   19   1.95438E+14
a  25   28 24   20   1.95438E+14
a  25   29 24   21   1.95438E+14
a  25   30 24   22   1.95438E+14
a  25   31 24   23   1.95438E+14
b  26    1 26    2  99  1.69727E-01  3.24875E-01  8.18467E-01 -2.72489E-01  2.06871E+00  8.01920E-01  8.01920E-01
b  26    1 26    3  99  1.72685E-01  4.14738E-01  8.19082E-01 -2.60872E-01  2.08739E+00  1.70240E-01  1.70240E-01
b  26    2 26    3  99  2.30810E-01  4.63384E-01  1.79814E+00 -2.57832E-01  3.89947E+00  7.29800E-01  7.29800E-01
b  26    1 26    4  99  4.92848E-01  9.75477E-01  2.41772E+00 -7.67996E-01  2.07519E+00  3.89600E-02  3.89600E-02
b  26    2 26    4  99  3.24171E-01  9.61376E-01  2.52318E+00 -3.32641E-01  4.04582E+00  9.85700E-02  9.85700E-02
b  26    3 26    4  99  1.84660E-01  7.27338E-01  1.20523E+00 -1.49398E-01  3.91170E+00  1.07500E+00  1.07500E+00
b  26    1 26    5  99  4.87155E-01  9.17078E-01  2.35382E+00 -7.40328E-01  2.03152E+00  2.26080E-02  2.26080E-02
b  26    2 26    5  99  3.68489E-01  1.36223E+00  2.75066E+00 -3.22445E-01  4.05798E+00  3.40700E-02  3.40700E-02
b  26    3 26    5  99  2.56075E-01  1.02326E+00  1.80312E+00 -1.89650E-01  4.01965E+00  1.59900E-01  1.59900E-01
b  26    4 26    5  99  1.84099E-01  6.95905E-01  1.89958E+00  3.75478E+00  7.45688E+00  1.33500E+00  1.33500E+00
b  26    1 26    6  99  4.87415E-01  8.64801E-01  2.39593E+00 -7.34377E-01  2.07118E+00  1.44480E-02  1.44480E-02
b  26    2 26    6  99  3.97395E-01  1.66189E+00  2.88659E+00 -3.34232E-01  4.06072E+00  1.63300E-02  1.63300E-02
b  26    3 26    6  99  2.98421E-01  1.24469E+00  2.20912E+00 -2.26949E-01  4.15308E+00  5.60500E-02  5.60500E-02
b  26    4 26    6  99  1.88565E-01  1.57916E+00  9.39524E-01 -7.11461E-02  3.99269E+00  2.05700E-01  2.05700E-01
b  26    5 26    6  99  1.57005E-01  8.93726E-01  1.20382E+00  1.70880E+00  6.39418E+00  1.56400E+00  1.56400E+00
b  26    1 26    7  99  4.87080E-01  8.31247E-01  2.40214E+00 -7.21520E-01  2.07849E+00  9.84320E-03  9.84320E-03
b  26    2 26    7  99  4.17795E-01  1.88290E+00  3.00771E+00 -3.51845E-01  4.10005E+00  9.29000E-03  9.29000E-03
b  26    3 26    7  99  3.20067E-01  1.50501E+00  2.26947E+00 -1.95430E-01  4.10882E+00  2.71700E-02  2.71700E-02
b  26    4 26    7  99  2.51988E-01  1.52294E+00  1.53880E+00 -1.39791E-01  4.01481E+00  7.19300E-02  7.19300E-02
b  26    5 26    7  99  1.56526E-01  1.87948E+00  1.04446E+00  2.08054E+00  7.66468E+00  2.40000E-01  2.40000E-01
b  26    6 26    7  99  1.49959E-01  3.55664E-01  2.44349E+00  1.66337E+00  3.05427E+00  1.77700E+00  1.77700E+00
b  26    1 26    8  99  4.86378E-01  8.08302E-01  2.39065E+00 -7.37516E-01  2.05651E+00  7.02240E-03  7.02240E-03
b  26    2 26    8  99  4.31959E-01  2.05464E+00  3.04923E+00 -3.78506E-01  4.06743E+00  5.87200E-03  5.87200E-03
b  26    3 26    8  99  3.36843E-01  1.70142E+00  2.37601E+00 -1.96067E-01  4.15470E+00  1.56000E-02  1.56000E-02
b  26    4 26    8  99  2.94970E-01  1.50956E+00  2.03570E+00 -2.16900E-01  4.09912E+00  3.48300E-02  3.48300E-02
b  26    5 26    8  99  1.87062E-01  2.24702E+00  1.02023E+00  1.15199E+00  6.08012E+00  8.33500E-02  8.33500E-02
b  26    6 26    8  99 -9.82451E-01  1.22713E+01  2.16489E+02  1.49613E+02  3.29155E+00  2.71200E-01  2.71200E-01
b  26    7 26    8  99  2.10119E-07  1.37655E-06  4.55426E-06  1.82192E-06  1.79203E+00  1.68700E+06  1.68700E+06
b  26    1 26    9  98  0.00000E+00  0.00000E+00  0.00000E+00  0.00000E+00  0.00000E+00  2.82013E-01  5.64025E-03
b  26    2 26    9  99  1.69727E-01  3.24875E-01  8.18467E-01 -2.72489E-01  2.06871E+00  7.28306E-01  7.28306E-01
b  26    1 26   10  98  0.00000E+00  0.00000E+00  0.00000E+00  0.00000E+00  0.00000E+00  4.40292E-01  8.80584E-03
b  26    2 26   10  99  1.72685E-01  4.14738E-01  8.19082E-01 -2.60872E-01  2.08739E+00  1.59600E-01  1.59600E-01
b  26    3 26   10  99  1.69727E-01  3.24875E-01  8.18467E-01 -2.72489E-01  2.06871E+00  7.51800E-01  7.51800E-01
b  26    9 26   10  99  2.30810E-01  4.63384E-01  1.79814E+00 -2.57832E-01  3.89947E+00  1.45960E+00  1.45960E+00
b  26    1 26   11  98  0.00000E+00  0.00000E+00  0.00000E+00  0.00000E+00  0.00000E+00  6.09704E-01  1.21941E-02
b  26    2 26   11  99  4.92848E-01  9.75477E-01  2.41772E+00 -7.67996E-01  2.07519E+00  3.65250E-02  3.65250E-02
b  26    4 26   11  99  1.69727E-01  3.24875E-01  8.18467E-01 -2.72489E-01  2.06871E+00  7.51800E-01  7.51800E-01
b  26    9 26   11  99  3.24171E-01  9.61376E-01  2.52318E+00 -3.32641E-01  4.04582E+00  1.97140E-01  1.97140E-01
b  26   10 26   11  99  1.84660E-01  7.27338E-01  1.20523E+00 -1.49398E-01  3.91170E+00  1.07500E+00  1.07500E+00
b  26    1 26   12  98  0.00000E+00  0.00000E+00  0.00000E+00  0.00000E+00  0.00000E+00  8.03175E-01  1.60635E-02
b  26    2 26   12  99  4.87155E-01  9.17078E-01  2.35382E+00 -7.40328E-01  2.03152E+00  2.11950E-02  2.11950E-02
b  26    5 26   12  99  1.69727E-01  3.24875E-01  8.18467E-01 -2.72489E-01  2.06871E+00  7.51800E-01  7.51800E-01
b  26    9 26   12  99  3.68489E-01  1.36223E+00  2.75066E+00 -3.22445E-01  4.05798E+00  6.81400E-02  6.81400E-02
b  26   10 26   12  99  2.56075E-01  1.02326E+00  1.80312E+00 -1.89650E-01  4.01965E+00  1.59900E-01  1.59900E-01
b  26   11 26   12  99  1.84099E-01  6.95905E-01  1.89958E+00  3.75478E+00  7.45688E+00  1.33500E+00  1.33500E+00
b  26    1 26   13  98  0.00000E+00  0.00000E+00  0.00000E+00  0.00000E+00  0.00000E+00  1.02531E+00  2.05062E-02
b  26    2 26   13  99  4.87415E-01  8.64801E-01  2.39593E+00 -7.34377E-01  2.07118E+00  1.35450E-02  1.35450E-02
b  26    6 26   13  99  1.69727E-01  3.24875E-01  8.18467E-01 -2.72489E-01  2.06871E+00  7.51800E-01  7.51800E-01
b  26    9 26   13  99  3.97395E-01  1.66189E+00  2.88659E+00 -3.34232E-01  4.06072E+00  3.26600E-02  3.26600E-02
b  26   10 26   13  99  2.98421E-01  1.24469E+00  2.20912E+00 -2.26949E-01  4.15308E+00  5.60500E-02  5.60500E-02
b  26   11 26   13  99  1.88565E-01  1.57916E+00  9.39524E-01 -7.11461E-02  3.99269E+00  2.05700E-01  2.05700E-01
b  26   12 26   13  99  1.57005E-01  8.93726E-01  1.20382E+00  1.70880E+00  6.39418E+00  1.56400E+00  1.56400E+00
b  26    1 26   14  98  0.00000E+00  0.00000E+00  0.00000E+00  0.00000E+00  0.00000E+00  1.28327E+00  2.56654E-02
b  26    2 26   14  99  4.87080E-01  8.31247E-01  2.40214E+00 -7.21520E-01  2.07849E+00  9.22800E-03  9.22800E-03
b  26    7 26   14  99  1.69727E-01  3.24875E-01  8.18467E-01 -2.72489E-01  2.06871E+00  7.51800E-01  7.51800E-01
b  26    9 26   14  99  4.17795E-01  1.88290E+00  3.00771E+00 -3.51845E-01  4.10005E+00  1.85800E-02  1.85800E-02
b  26   10 26   14  99  3.20067E-01  1.50501E+00  2.26947E+00 -1.95430E-01  4.10882E+00  2.71700E-02  2.71700E-02
b  26   11 26   14  99  2.51988E-01  1.52294E+00  1.53880E+00 -1.39791E-01  4.01481E+00  7.19300E-02  7.19300E-02
b  26   12 26   14  99  1.56526E-01  1.87948E+00  1.04446E+00  2.08054E+00  7.66468E+00  2.40000E-01  2.40000E-01
b  26   13 26   14  99  1.49959E-01  3.55664E-01  2.44349E+00  1.66337E+00  3.05427E+00  1.77700E+00  1.77700E+00
b  26    1 26   15  98  0.00000E+00  0.00000E+00  0.00000E+00  0.00000E+00  0.00000E+00  1.56774E+00  3.13549E-02
b  26    2 26   15  99  4.86378E-01  8.08302E-01  2.39065E+00 -7.37516E-01  2.05651E+00  6.58350E-03  6.58350E-03
b  26    8 26   15  99  1.69727E-01  3.24875E-01  8.18467E-01 -2.72489E-01  2.06871E+00  7.51800E-01  7.51800E-01
b  26    9 26   15  99  4.31959E-01  2.05464E+00  3.04923E+00 -3.78506E-01  4.06743E+00  1.17440E-02  1.17440E-02
b  26   10 26   15  99  3.36843E-01  1.70142E+00  2.37601E+00 -1.96067E-01  4.15470E+00  1.56000E-02  1.56000E-02
b  26   11 26   15  99  2.94970E-01  1.50956E+00  2.03570E+00 -2.16900E-01  4.09912E+00  3.48300E-02  3.48300E-02
b  26   12 26   15  99  1.87062E-01  2.24702E+00  1.02023E+00  1.15199E+00  6.08012E+00  8.33500E-02  8.33500E-02
b  26   13 26   15  99 -9.82451E-01  1.22713E+01  2.16489E+02  1.49613E+02  3.29155E+00  2.71200E-01  2.71200E-01
b  26   14 26   15  99  2.10119E-07  1.37655E-06  4.55426E-06  1.82192E-06  1.79203E+00  1.68700E+06  1.68700E+06
b  26    1 26   16  99  1.31160E-01  2.18111E+00 -6.69239E+01  6.41240E+02  2.00000E+01  1.47911E-01  1.47911E-01
b  26    1 26   17  99  9.59571E-02  1.64983E+00 -4.84265E+01  4.52240E+02  2.00000E+01  5.96320E-02  5.96320E-02
b  26    2 26   17  99  1.31160E-01  2.18111E+00 -6.69239E+01  6.41240E+02  2.00000E+01  2.21867E-01  2.21867E-01
b  26   16 26   17  99  1.69727E-01  3.24875E-01  8.18467E-01 -2.72489E-01  2.06871E+00  8.52040E-01  8.52040E-01
b  26    1 26   18  99  1.02597E-01  1.72573E+00 -5.10978E+01  4.73935E+02  2.00000E+01  2.34560E-02  2.34560E-02
b  26    3 26   18  99  1.31160E-01  2.18111E+00 -6.69239E+01  6.41240E+02  2.00000E+01  2.21867E-01  2.21867E-01
b  26   16 26   18  99  1.72685E-01  4.14738E-01  8.19082E-01 -2.60872E-01  2.08739E+00  1.80880E-01  1.80880E-01
b  26   17 26   18  99  2.30810E-01  4.63384E-01  1.79814E+00 -2.57832E-01  3.89947E+00  7.29800E-01  7.29800E-01
b  26    1 26   19  99  1.16595E-01  1.99696E+00 -5.88885E+01  5.34772E+02  2.00000E+01  1.10960E-02  1.10960E-02
b  26    4 26   19  99  1.31160E-01  2.18111E+00 -6.69239E+01  6.41240E+02  2.00000E+01  2.21867E-01  2.21867E-01
b  26   16 26   19  99  4.92848E-01  9.75477E-01  2.41772E+00 -7.67996E-01  2.07519E+00  4.13950E-02  4.13950E-02
b  26   17 26   19  99  3.24171E-01  9.61376E-01  2.52318E+00 -3.32641E-01  4.04582E+00  9.85700E-02  9.85700E-02
b  26   18 26   19  99  1.84660E-01  7.27338E-01  1.20523E+00 -1.49398E-01  3.91170E+00  1.07500E+00  1.07500E+00
b  26    1 26   20  99  1.13538E-01  1.93870E+00 -5.72090E+01  5.18592E+02  2.00000E+01  6.36240E-03  6.36240E-03
b  26    5 26   20  99  1.31160E-01  2.18111E+00 -6.69239E+01  6.41240E+02  2.00000E+01  2.21867E-01  2.21867E-01
b  26   16 26   20  99  4.87155E-01  9.17078E-01  2.35382E+00 -7.40328E-01  2.03152E+00  2.40210E-02  2.40210E-02
b  26   17 26   20  99  3.68489E-01  1.36223E+00  2.75066E+00 -3.22445E-01  4.05798E+00  3.40700E-02  3.40700E-02
b  26   18 26   20  99  2.56075E-01  1.02326E+00  1.80312E+00 -1.89650E-01  4.01965E+00  1.59900E-01  1.59900E-01
b  26   19 26   20  99  1.84099E-01  6.95905E-01  1.89958E+00  3.75478E+00  7.45688E+00  1.33500E+00  1.33500E+00
b  26    1 26   21  99  1.11358E-01  1.90001E+00 -5.60189E+01  5.06486E+02  2.00000E+01  3.99120E-03  3.99120E-03
b  26    6 26   21  99  1.31160E-01  2.18111E+00 -6.69239E+01  6.41240E+02  2.00000E+01  2.21867E-01  2.21867E-01
b  26   16 26   21  99  4.87415E-01  8.64801E-01  2.39593E+00 -7.34377E-01  2.07118E+00  1.53510E-02  1.53510E-02
b  26   17 26   21  99  3.97395E-01  1.66189E+00  2.88659E+00 -3.34232E-01  4.06072E+00  1.63300E-02  1.63300E-02
b  26   18 26   21  99  2.98421E-01  1.24469E+00  2.20912E+00 -2.26949E-01  4.15308E+00  5.60500E-02  5.60500E-02
b  26   19 26   21  99  1.88565E-01  1.57916E+00  9.39524E-01 -7.11461E-02  3.99269E+00  2.05700E-01  2.05700E-01
b  26   20 26   21  99  1.57005E-01  8.93726E-01  1.20382E+00  1.70880E+00  6.39418E+00  1.56400E+00  1.56400E+00
b  26    1 26   22  99  1.10594E-01  1.87670E+00 -5.55470E+01  5.03920E+02  2.00000E+01  2.66880E-03  2.66880E-03
b  26    7 26   22  99  1.31160E-01  2.18111E+00 -6.69239E+01  6.41240E+02  2.00000E+01  2.21867E-01  2.21867E-01
b  26   16 26   22  99  4.87080E-01  8.31247E-01  2.40214E+00 -7.21520E-01  2.07849E+00  1.04584E-02  1.04584E-02
b  26   17 26   22  99  4.17795E-01  1.88290E+00  3.00771E+00 -3.51845E-01  4.10005E+00  9.29000E-03  9.29000E-03
b  26   18 26   22  99  3.20067E-01  1.50501E+00  2.26947E+00 -1.95430E-01  4.10882E+00  2.71700E-02  2.71700E-02
b  26   19 26   22  99  2.51988E-01  1.52294E+00  1.53880E+00 -1.39791E-01  4.01481E+00  7.19300E-02  7.19300E-02
b  26   20 26   22  99  1.56526E-01  1.87948E+00  1.04446E+00  2.08054E+00  7.66468E+00  2.40000E-01  2.40000E-01
b  26   21 26   22  99  1.49959E-01  3.55664E-01  2.44349E+00  1.66337E+00  3.05427E+00  1.77700E+00  1.77700E+00
b  26    1 26   23  99  1.09171E-01  1.85687E+00 -5.48649E+01  4.96230E+02  2.00000E+01  1.87200E-03  1.87200E-03
b  26    8 26   23  99  1.31160E-01  2.18111E+00 -6.69239E+01  6.41240E+02  2.00000E+01  2.21867E-01  2.21867E-01
b  26   16 26   23  99  4.86378E-01  8.08302E-01  2.39065E+00 -7.37516E-01  2.05651E+00  7.46130E-03  7.46130E-03
b  26   17 26   23  99  4.31959E-01  2.05464E+00  3.04923E+00 -3.78506E-01  4.06743E+00  5.87200E-03  5.87200E-03
b  26   18 26   23  99  3.36843E-01  1.70142E+00  2.37601E+00 -1.96067E-01  4.15470E+00  1.56000E-02  1.56000E-02
b  26   19 26   23  99  2.94970E-01  1.50956E+00  2.03570E+00 -2.16900E-01  4.09912E+00  3.48300E-02  3.48300E-02
b  26   20 26   23  99  1.87062E-01  2.24702E+00  1.02023E+00  1.15199E+00  6.08012E+00  8.33500E-02  8.33500E-02
b  26   21 26   23  99 -9.82451E-01  1.22713E+01  2.16489E+02  1.49613E+02  3.29155E+00  2.71200E-01  2.71200E-01
b  26   22 26   23  99  2.10119E-07  1.37655E-06  4.55426E-06  1.82192E-06  1.79203E+00  1.68700E+06  1.68700E+06
b  26    1 26   24  99  1.45136E-01  1.54566E+00 -1.96520E+01  7.59768E+01  7.08531E+00  6.58444E-03  6.58444E-03
b  26   16 26   24  99  2.07159E-01  1.06522E+00 -1.37838E+01  5.54202E+01  5.74198E+00  7.54250E-02  7.54250E-02
b  26    1 26   25  99  1.45723E-01  2.39014E+00 -3.14919E+01  1.20232E+02  8.41381E+00  2.25400E-03  2.25400E-03
b  26    2 26   25  99  1.45136E-01  1.54566E+00 -1.96520E+01  7.59768E+01  7.08531E+00  9.87667E-03  9.87667E-03
b  26   17 26   25  99  2.07159E-01  1.06522E+00 -1.37838E+01  5.54202E+01  5.74198E+00  7.54250E-02  7.54250E-02
b  26   24 26   25  99  1.69727E-01  3.24875E-01  8.18467E-01 -2.72489E-01  2.06871E+00  8.52040E-01  8.52040E-01
b  26    1 26   26  99  1.53240E-01  2.06583E+00 -2.63871E+01  1.00224E+02  7.64338E+00  7.62000E-04  7.62000E-04
b  26    3 26   26  99  1.45136E-01  1.54566E+00 -1.96520E+01  7.59768E+01  7.08531E+00  9.87667E-03  9.87667E-03
b  26   18 26   26  99  2.07159E-01  1.06522E+00 -1.37838E+01  5.54202E+01  5.74198E+00  7.54250E-02  7.54250E-02
b  26   24 26   26  99  1.72685E-01  4.14738E-01  8.19082E-01 -2.60872E-01  2.08739E+00  1.80880E-01  1.80880E-01
b  26   25 26   26  99  2.30810E-01  4.63384E-01  1.79814E+00 -2.57832E-01  3.89947E+00  7.29800E-01  7.29800E-01
b  26    1 26   27  99  1.37700E-01  2.15349E+00 -2.88155E+01  1.11875E+02  8.26063E+00  3.31600E-04  3.31600E-04
b  26    4 26   27  99  1.45136E-01  1.54566E+00 -1.96520E+01  7.59768E+01  7.08531E+00  9.87667E-03  9.87667E-03
b  26   19 26   27  99  2.07159E-01  1.06522E+00 -1.37838E+01  5.54202E+01  5.74198E+00  7.54250E-02  7.54250E-02
b  26   24 26   27  99  4.92848E-01  9.75477E-01  2.41772E+00 -7.67996E-01  2.07519E+00  4.13950E-02  4.13950E-02
b  26   25 26   27  99  3.24171E-01  9.61376E-01  2.52318E+00 -3.32641E-01  4.04582E+00  9.85700E-02  9.85700E-02
b  26   26 26   27  99  1.84660E-01  7.27338E-01  1.20523E+00 -1.49398E-01  3.91170E+00  1.07500E+00  1.07500E+00
b  26    1 26   28  99  1.37240E-01  2.05643E+00 -2.72501E+01  1.05421E+02  8.06560E+00  1.77880E-04  1.77880E-04
b  26    5 26   28  99  1.45136E-01  1.54566E+00 -1.96520E+01  7.59768E+01  7.08531E+00  9.87667E-03  9.87667E-03
b  26   20 26   28  99  2.07159E-01  1.06522E+00 -1.37838E+01  5.54202E+01  5.74198E+00  7.54250E-02  7.54250E-02
b  26   24 26   28  99  4.87155E-01  9.17078E-01  2.35382E+00 -7.40328E-01  2.03152E+00  2.40210E-02  2.40210E-02
b  26   25 26   28  99  3.68489E-01  1.36223E+00  2.75066E+00 -3.22445E-01  4.05798E+00  3.40700E-02  3.40700E-02
b  26   26 26   28  99  2.56075E-01  1.02326E+00  1.80312E+00 -1.89650E-01  4.01965E+00  1.59900E-01  1.59900E-01
b  26   27 26   28  99  1.84099E-01  6.95905E-01  1.89958E+00  3.75478E+00  7.45688E+00  1.33500E+00  1.33500E+00
b  26    1 26   29  99  1.40474E-01  1.97358E+00 -2.58128E+01  9.94090E+01  7.83100E+00  1.06300E-04  1.06300E-04
b  26    6 26   29  99  1.45136E-01  1.54566E+00 -1.96520E+01  7.59768E+01  7.08531E+00  9.87667E-03  9.87667E-03
b  26   21 26   29  99  2.07159E-01  1.06522E+00 -1.37838E+01  5.54202E+01  5.74198E+00  7.54250E-02  7.54250E-02
b  26   24 26   29  99  4.87415E-01  8.64801E-01  2.39593E+00 -7.34377E-01  2.07118E+00  1.53510E-02  1.53510E-02
b  26   25 26   29  99  3.97395E-01  1.66189E+00  2.88659E+00 -3.34232E-01  4.06072E+00  1.63300E-02  1.63300E-02
b  26   26 26   29  99  2.98421E-01  1.24469E+00  2.20912E+00 -2.26949E-01  4.15308E+00  5.60500E-02  5.60500E-02
b  26   27 26   29  99  1.88565E-01  1.57916E+00  9.39524E-01 -7.11461E-02  3.99269E+00  2.05700E-01  2.05700E-01
b  26   28 26   29  99  1.57005E-01  8.93726E-01  1.20382E+00  1.70880E+00  6.39418E+00  1.56400E+00  1.56400E+00
b  26    1 26   30  99  1.34178E-01  1.99517E+00 -2.67870E+01  1.04913E+02  8.13529E+00  6.85000E-05  6.85000E-05
b  26    7 26   30  99  1.45136E-01  1.54566E+00 -1.96520E+01  7.59768E+01  7.08531E+00  9.87667E-03  9.87667E-03
b  26   22 26   30  99  2.07159E-01  1.06522E+00 -1.37838E+01  5.54202E+01  5.74198E+00  7.54250E-02  7.54250E-02
b  26   24 26   30  99  4.87080E-01  8.31247E-01  2.40214E+00 -7.21520E-01  2.07849E+00  1.04584E-02  1.04584E-02
b  26   25 26   30  99  4.17795E-01  1.88290E+00  3.00771E+00 -3.51845E-01  4.10005E+00  9.29000E-03  9.29000E-03
b  26   26 26   30  99  3.20067E-01  1.50501E+00  2.26947E+00 -1.95430E-01  4.10882E+00  2.71700E-02  2.71700E-02
b  26   27 26   30  99  2.51988E-01  1.52294E+00  1.53880E+00 -1.39791E-01  4.01481E+00  7.19300E-02  7.19300E-02
b  26   28 26   30  99  1.56526E-01  1.87948E+00  1.04446E+00  2.08054E+00  7.66468E+00  2.40000E-01  2.40000E-01
b  26   29 26   30  99  1.49959E-01  3.55664E-01  2.44349E+00  1.66337E+00  3.05427E+00  1.77700E+00  1.77700E+00
b  26    1 26   31  99  1.30439E-01  1.99173E+00 -2.69009E+01  1.05572E+02  8.22891E+00  4.66800E-05  4.66800E-05
b  26    8 26   31  99  1.45136E-01  1.54566E+00 -1.96520E+01  7.59768E+01  7.08531E+00  9.87667E-03  9.87667E-03
b  26   23 26   31  99  2.07159E-01  1.06522E+00 -1.37838E+01  5.54202E+01  5.74198E+00  7.54250E-02  7.54250E-02
b  26   24 26   31  99  4.86378E-01  8.08302E-01  2.39065E+00 -7.37516E-01  2.05651E+00  7.46130E-03  7.46130E-03
b  26   25 26   31  99  4.31959E-01  2.05464E+00  3.04923E+00 -3.78506E-01  4.06743E+00  5.87200E-03  5.87200E-03
b  26   26 26   31  99  3.36843E-01  1.70142E+00  2.37601E+00 -1.96067E-01  4.15470E+00  1.56000E-02  1.56000E-02
b  26   27 26   31  99  2.94970E-01  1.50956E+00  2.03570E+00 -2.16900E-01  4.09912E+00  3.48300E-02  3.48300E-02
b  26   28 26   31  99  1.87062E-01  2.24702E+00  1.02023E+00  1.15199E+00  6.08012E+00  8.33500E-02  8.33500E-02
b  26   29 26   31  99 -9.82451E-01  1.22713E+01  2.16489E+02  1.49613E+02  3.29155E+00  2.71200E-01  2.71200E-01
b  26   30 26   31  99  2.10119E-07  1.37655E-06  4.55426E-06  1.82192E-06  1.79203E+00  1.68700E+06  1.68700E+06
f  26    1 25    1  99  1.60000E+01  1.27000E+01
p  26    1 25    1  98  1.20850E+00 -1.21570E+00 -4.24600E-01  4.58620E-02  1.60000E+01  1.13400E+02  1.17900E+02  2.26800E+03
f  26    2 25    1  99  1.00000E+00  3.49910E+00
p  26    2 25    1  99  1.00000E+00  3.49910E+00
f  26    3 25    1  99  1.00000E+00  2.32880E+00
p  26    3 25    1  99  1.00000E+00  2.32880E+00
f  26    4 25    1  99  1.00000E+00  2.37200E+00
p  26    4 25    1  99  1.00000E+00  2.37200E+00
f  26    5 25    1  99  1.00000E+00  2.29200E+00
p  26    5 25    1  99  1.00000E+00  2.29200E+00
f  26    6 25    1  99  1.00000E+00  2.15820E+00
p  26    6 25    1  99  1.00000E+00  2.15820E+00
f  26    7 25    1  99  1.00000E+00  2.12820E+00
p  26    7 25    1  99  1.00000E+00  2.12820E+00
f  26    8 25    1  99  1.00000E+00  2.00250E+00
p  26    8 25    1  99  1.00000E+00  2.00250E+00
f  26    2 25    2  99  1.50000E+01  3.49910E+00
p  26    2 25    2  98  1.20850E+00 -1.21570E+00 -4.24600E-01  4.58620E-02  1.60000E+01  1.13400E+02  1.17900E+02  2.26800E+03
f  26    9 25    2  99  2.00000E+00  4.05960E+00
p  26    9 25    2  99  2.00000E+00  4.05960E+00
f  26   10 25    2  99  1.00000E+00  2.38840E+00
p  26   10 25    2  99  1.00000E+00  2.38840E+00
f  26   11 25    2  99  1.00000E+00  2.39400E+00
p  26   11 25    2  99  1.00000E+00  2.39400E+00
f  26   12 25    2  99  1.00000E+00  2.30300E+00
p  26   12 25    2  99  1.00000E+00  2.30300E+00
f  26   13 25    2  99  1.00000E+00  2.16520E+00
p  26   13 25    2  99  1.00000E+00  2.16520E+00
f  26   14 25    2  99  1.00000E+00  2.13420E+00
p  26   14 25    2  99  1.00000E+00  2.13420E+00
f  26   15 25    2  99  1.00000E+00  2.01240E+00
p  26   15 25    2  99  1.00000E+00  2.01240E+00
f  26    3 25    3  99  1.50000E+01  2.32880E+00
p  26    3 25    3  98  1.20850E+00 -1.21570E+00 -4.24600E-01  4.58620E-02  1.60000E+01  1.13400E+02  1.17900E+02  2.26800E+03
f  26   10 25    3  99  1.00000E+00  2.38840E+00
p  26   10 25    3  99  1.00000E+00  2.38840E+00
f  26    4 25    4  99  1.50000E+01  2.37200E+00
p  26    4 25    4  98  1.20850E+00 -1.21570E+00 -4.24600E-01  4.58620E-02  1.60000E+01  1.13400E+02  1.17900E+02  2.26800E+03
f  26   11 25    4  99  1.00000E+00  2.39400E+00
p  26   11 25    4  99  1.00000E+00  2.39400E+00
f  26    5 25    5  99  1.50000E+01  2.29200E+00
p  26    5 25    5  98  1.20850E+00 -1.21570E+00 -4.24600E-01  4.58620E-02  1.60000E+01  1.13400E+02  1.17900E+02  2.26800E+03
f  26   12 25    5  99  1.00000E+00  2.30300E+00
p  26   12 25    5  99  1.00000E+00  2.30300E+00
f  26    6 25    6  99  1.50000E+01  2.15820E+00
p  26    6 25    6  98  1.20850E+00 -1.21570E+00 -4.24600E-01  4.58620E-02  1.60000E+01  1.13400E+02  1.17900E+02  2.26800E+03
f  26   13 25    6  99  1.00000E+00  2.16520E+00
p  26   13 25    6  99  1.00000E+00  2.16520E+00
f  26    7 25    7  99  1.50000E+01  2.12820E+00
p  26    7 25    7  98  1.20850E+00 -1.21570E+00 -4.24600E-01  4.58620E-02  1.60000E+01  1.13400E+02  1.17900E+02  2.26800E+03
f  26   14 25    7  99  1.00000E+00  2.13420E+00
p  26   14 25    7  99  1.00000E+00  2.13420E+00
f  26    8 25    8  99  1.50000E+01  2.00250E+00
p  26    8 25    8  98  1.20850E+00 -1.21570E+00 -4.24600E-01  4.58620E-02  1.60000E+01  1.13400E+02  1.17900E+02  2.26800E+03
f  26   15 25    8  99  1.00000E+00  2.01240E+00
p  26   15 25    8  99  1.00000E+00  2.01240E+00
f  26    9 25    9  99  1.40000E+01  4.05960E+00
p  26    9 25    9  98  1.20850E+00 -1.21570E+00 -4.24600E-01  4.58620E-02  1.60000E+01  1.13400E+02  1.17900E+02  2.26800E+03
f  26   10 25   10  99  1.40000E+01  2.38840E+00
p  26   10 25   10  98  1.20850E+00 -1.21570E+00 -4.24600E-01  4.58620E-02  1.60000E+01  1.13400E+02  1.17900E+02  2.26800E+03
f  26   11 25   11  99  1.40000E+01  2.39400E+00
p  26   11 25   11  98  1.20850E+00 -1.21570E+00 -4.24600E-01  4.58620E-02  1.60000E+01  1.13400E+02  1.17900E+02  2.26800E+03
f  26   12 25   12  99  1.40000E+01  2.30300E+00
p  26   12 25   12  98  1.20850E+00 -1.21570E+00 -4.24600E-01  4.58620E-02  1.60000E+01  1.13400E+02  1.17900E+02  2.26800E+03
f  26   13 25   13  99  1.40000E+01  2.16520E+00
p  26   13 25   13  98  1.20850E+00 -1.21570E+00 -4.24600E-01  4.58620E-02  1.60000E+01  1.13400E+02  1.17900E+02  2.26800E+03
f  26   14 25   14  99  1.40000E+01  2.13420E+00
p  26   14 25   14  98  1.20850E+00 -1.21570E+00 -4.24600E-01  4.58620E-02  1.60000E+01  1.13400E+02  1.17900E+02  2.26800E+03
f  26   15 25   15  99  1.40000E+01  2.01240E+00
p  26   15 25   15  98  1.20850E+00 -1.21570E+00 -4.24600E-01  4.58620E-02  1.60000E+01  1.13400E+02  1.17900E+02  2.26800E+03
f  26    1 25   16  99  8.00000E+00  1.27000E+01
p  26    1 25   16  98  2.16300E+00 -2.32380E+00 -1.91910E-01  2.21540E-02  8.00000E+00  9.26600E+02  9.63600E+02  1.85300E+04
f  26   16 25   16  99  1.70000E+01  1.32640E+01
p  26   16 25   16  98  1.20850E+00 -1.21570E+00 -4.24600E-01  4.58620E-02  1.60000E+01  1.13400E+02  1.17900E+02  2.26800E+03
f  26   17 25   16  99  1.00000E+00  3.55580E+00
p  26   17 25   16  99  1.00000E+00  3.55580E+00
f  26   18 25   16  99  1.00000E+00  2.34710E+00
p  26   18 25   16  99  1.00000E+00  2.34710E+00
f  26   19 25   16  99  1.00000E+00  2.37800E+00
p  26   19 25   16  99  1.00000E+00  2.37800E+00
f  26   20 25   16  99  1.00000E+00  2.29600E+00
p  26   20 25   16  99  1.00000E+00  2.29600E+00
f  26   21 25   16  99  1.00000E+00  2.16720E+00
p  26   21 25   16  99  1.00000E+00  2.16720E+00
f  26   22 25   16  99  1.00000E+00  2.13520E+00
p  26   22 25   16  99  1.00000E+00  2.13520E+00
f  26   23 25   16  99  1.00000E+00  2.00250E+00
p  26   23 25   16  99  1.00000E+00  2.00250E+00
f  26    2 25   17  99  8.00000E+00  3.49910E+00
p  26    2 25   17  98  2.16300E+00 -2.32380E+00 -1.91910E-01  2.21540E-02  8.00000E+00  9.26600E+02  9.63600E+02  1.85300E+04
f  26   17 25   17  99  1.60000E+01  3.55580E+00
p  26   17 25   17  98  1.20850E+00 -1.21570E+00 -4.24600E-01  4.58620E-02  1.60000E+01  1.13400E+02  1.17900E+02  2.26800E+03
f  26    3 25   18  99  8.00000E+00  2.32880E+00
p  26    3 25   18  98  2.16300E+00 -2.32380E+00 -1.91910E-01  2.21540E-02  8.00000E+00  9.26600E+02  9.63600E+02  1.85300E+04
f  26   18 25   18  99  1.60000E+01  2.34710E+00
p  26   18 25   18  98  1.20850E+00 -1.21570E+00 -4.24600E-01  4.58620E-02  1.60000E+01  1.13400E+02  1.17900E+02  2.26800E+03
f  26    4 25   19  99  8.00000E+00  2.37200E+00
p  26    4 25   19  98  2.16300E+00 -2.32380E+00 -1.91910E-01  2.21540E-02  8.00000E+00  9.26600E+02  9.63600E+02  1.85300E+04
f  26   19 25   19  99  1.60000E+01  2.37800E+00
p  26   19 25   19  98  1.20850E+00 -1.21570E+00 -4.24600E-01  4.58620E-02  1.60000E+01  1.13400E+02  1.17900E+02  2.26800E+03
f  26    5 25   20  99  8.00000E+00  2.29200E+00
p  26    5 25   20  98  2.16300E+00 -2.32380E+00 -1.91910E-01  2.21540E-02  8.00000E+00  9.26600E+02  9.63600E+02  1.85300E+04
f  26   20 25   20  99  1.60000E+01  2.29600E+00
p  26   20 25   20  98  1.20850E+00 -1.21570E+00 -4.24600E-01  4.58620E-02  1.60000E+01  1.13400E+02  1.17900E+02  2.26800E+03
f  26    6 25   21  99  8.00000E+00  2.15820E+00
p  26    6 25   21  98  2.16300E+00 -2.32380E+00 -1.91910E-01  2.21540E-02  8.00000E+00  9.26600E+02  9.63600E+02  1.85300E+04
f  26   21 25   21  99  1.60000E+01  2.16720E+00
p  26   21 25   21  98  1.20850E+00 -1.21570E+00 -4.24600E-01  4.58620E-02  1.60000E+01  1.13400E+02  1.17900E+02  2.26800E+03
f  26    7 25   22  99  8.00000E+00  2.12820E+00
p  26    7 25   22  98  2.16300E+00 -2.32380E+00 -1.91910E-01  2.21540E-02  8.00000E+00  9.26600E+02  9.63600E+02  1.85300E+04
f  26   22 25   22  99  1.60000E+01  2.13520E+00
p  26   22 25   22  98  1.20850E+00 -1.21570E+00 -4.24600E-01  4.58620E-02  1.60000E+01  1.13400E+02  1.17900E+02  2.26800E+03
f  26    8 25   23  99  8.00000E+00  2.00250E+00
p  26    8 25   23  98  2.16300E+00 -2.32380E+00 -1.91910E-01  2.21540E-02  8.00000E+00  9.26600E+02  9.63600E+02  1.85300E+04
f  26   23 25   23  99  1.60000E+01  2.00250E+00
p  26   23 25   23  98  1.20850E+00 -1.21570E+00 -4.24600E-01  4.58620E-02  1.60000E+01  1.13400E+02  1.17900E+02  2.26800E+03
f  26    1 25   24  99  2.00000E+00  1.27000E+01
p  26    1 25   24  98  2.16040E+00 -2.50250E+00 -1.95810E-01  2.22920E-02  2.00000E+00  7.68800E+03  7.99600E+03  1.53800E+05
f  26   24 25   24  99  1.70000E+01  1.33440E+01
p  26   24 25   24  98  1.20850E+00 -1.21570E+00 -4.24600E-01  4.58620E-02  1.60000E+01  1.13400E+02  1.17900E+02  2.26800E+03
f  26   25 25   24  99  1.00000E+00  3.57900E+00
p  26   25 25   24  99  1.00000E+00  3.57900E+00
f  26   26 25   24  99  1.00000E+00  2.34620E+00
p  26   26 25   24  99  1.00000E+00  2.34620E+00
f  26   27 25   24  99  1.00000E+00  2.38700E+00
p  26   27 25   24  99  1.00000E+00  2.38700E+00
f  26   28 25   24  99  1.00000E+00  2.30500E+00
p  26   28 25   24  99  1.00000E+00  2.30500E+00
f  26   29 25   24  99  1.00000E+00  2.16810E+00
p  26   29 25   24  99  1.00000E+00  2.16810E+00
f  26   30 25   24  99  1.00000E+00  2.13610E+00
p  26   30 25   24  99  1.00000E+00  2.13610E+00
f  26   31 25   24  99  1.00000E+00  2.00250E+00
p  26   31 25   24  99  1.00000E+00  2.00250E+00
f  26    2 25   25  99  2.00000E+00  3.49910E+00
p  26    2 25   25  98  2.16040E+00 -2.50250E+00 -1.95810E-01  2.22920E-02  2.00000E+00  7.68800E+03  7.99600E+03  1.53800E+05
f  26   25 25   25  99  1.60000E+01  3.57900E+00
p  26   25 25   25  98  1.20850E+00 -1.21570E+00 -4.24600E-01  4.58620E-02  1.60000E+01  1.13400E+02  1.17900E+02  2.26800E+03
f  26    3 25   26  99  2.00000E+00  2.32880E+00
p  26    3 25   26  98  2.16040E+00 -2.50250E+00 -1.95810E-01  2.22920E-02  2.00000E+00  7.68800E+03  7.99600E+03  1.53800E+05
f  26   26 25   26  99  1.60000E+01  2.34620E+00
p  26   26 25   26  98  1.20850E+00 -1.21570E+00 -4.24600E-01  4.58620E-02  1.60000E+01  1.13400E+02  1.17900E+02  2.26800E+03
f  26    4 25   27  99  2.00000E+00  2.37200E+00
p  26    4 25   27  98  2.16040E+00 -2.50250E+00 -1.95810E-01  2.22920E-02  2.00000E+00  7.68800E+03  7.99600E+03  1.53800E+05
f  26   27 25   27  99  1.60000E+01  2.38700E+00
p  26   27 25   27  98  1.20850E+00 -1.21570E+00 -4.24600E-01  4.58620E-02  1.60000E+01  1.13400E+02  1.17900E+02  2.26800E+03
f  26    5 25   28  99  2.00000E+00  2.29200E+00
p  26    5 25   28  98  2.16040E+00 -2.50250E+00 -1.95810E-01  2.22920E-02  2.00000E+00  7.68800E+03  7.99600E+03  1.53800E+05
f  26   28 25   28  99  1.60000E+01  2.30500E+00
p  26   28 25   28  98  1.20850E+00 -1.21570E+00 -4.24600E-01  4.58620E-02  1.60000E+01  1.13400E+02  1.17900E+02  2.26800E+03
f  26    6 25   29  99  2.00000E+00  2.15820E+00
p  26    6 25   29  98  2.16040E+00 -2.50250E+00 -1.95810E-01  2.22920E-02  2.00000E+00  7.68800E+03  7.99600E+03  1.53800E+05
f  26   29 25   29  99  1.60000E+01  2.16810E+00
p  26   29 25   29  98  1.20850E+00 -1.21570E+00 -4.24600E-01  4.58620E-02  1.60000E+01  1.13400E+02  1.17900E+02  2.26800E+03
f  26    7 25   30  99  2.00000E+00  2.12820E+00
p  26    7 25   30  98  2.16040E+00 -2.50250E+00 -1.95810E-01  2.22920E-02  2.00000E+00  7.68800E+03  7.99600E+03  1.53800E+05
f  26   30 25   30  99  1.60000E+01  2.13610E+00
p  26   30 25   30  98  1.20850E+00 -1.21570E+00 -4.24600E-01  4.58620E-02  1.60000E+01  1.13400E+02  1.17900E+02  2.26800E+03
f  26    8 25   31  99  2.00000E+00  2.00250E+00
p  26    8 25   31  98  2.16040E+00 -2.50250E+00 -1.95810E-01  2.22920E-02  2.00000E+00  7.68800E+03  7.99600E+03  1.53800E+05
f  26   31 25   31  99  1.60000E+01  2.00250E+00
p  26   31 25   31  98  1.20850E+00 -1.21570E+00 -4.24600E-01  4.58620E-02  1.60000E+01  1.13400E+02  1.17900E+02  2.26800E+03
a  26    9 25    1   3.75400E+12
a  26   10 25    1   6.59389E+11
a  26   11 25    1   2.04289E+11
a  26   12 25    1   9.45167E+10
a  26   13 25    1   4.84789E+10
a  26   14 25    1   2.69022E+10
a  26   15 25    1   1.58856E+10
a  26   16 25    1   7.91214E+14
a  26   17 25    1   1.86888E+12
a  26   18 25    1   3.81600E+11
a  26   19 25    1   1.23744E+11
a  26   20 25    1   5.72520E+10
a  26   21 25    1   2.93652E+10
a  26   22 25    1   1.62954E+10
a  26   23 25    1   9.62220E+09
a  26   24 25    1   1.22348E+13
a  26   25 25    1   4.63384E+10
a  26   26 25    1   7.62144E+09
a  26   27 25    1   2.22088E+09
a  26   28 25    1   1.02752E+09
a  26   29 25    1   5.27024E+08
a  26   30 25    1   2.92464E+08
a  26   31 25    1   1.72696E+08
a  26   17 25    2   6.98130E+14
a  26   25 25    2   1.07954E+13
a  26   18 25    3   6.98130E+14
a  26   26 25    3   1.07954E+13
a  26   19 25    4   6.98130E+14
a  26   27 25    4   1.07954E+13
a  26   20 25    5   6.98130E+14
a  26   28 25    5   1.07954E+13
a  26   21 25    6   6.98130E+14
a  26   29 25    6   1.07954E+13
a  26   22 25    7   6.98130E+14
a  26   30 25    7   1.07954E+13
a  26   23 25    8   6.98130E+14
a  26   31 25    8   1.07954E+13
a  26   24 25   16   2.15322E+14
a  26   25 25   16   4.21160E+11
a  26   26 25   16   7.00400E+10
a  26   27 25   16   2.05016E+10
a  26   28 25   16   9.48560E+09
a  26   29 25   16   4.86520E+09
a  26   30 25   16   2.69980E+09
a  26   31 25   16   1.59420E+09
a  26   25 25   17   2.02656E+14
a  26   26 25   18   2.02656E+14
a  26   27 25   19   2.02656E+14
a  26   28 25   20   2.02656E+14
a  26   29 25   21   2.02656E+14
a  26   30 25   22   2.02656E+14
a  26   31 25   23   2.02656E+14
b  27    1 27    2  99  4.39565E-01  2.46628E-01 -2.31569E-01  3.73382E-02  1.07883E-01  3.91850E-01  3.91850E-01
b  27    1 27    3  99  5.52413E-02  9.51978E-02 -9.02710E-02  4.77965E-03  6.18860E-02  2.13520E-01  2.13520E-01
b  27    2 27    3  99  1.19347E-01  7.60894E-02 -4.91507E-01  9.19430E-01  2.92267E+00  1.58900E+00  1.58900E+00
b  27    1 27    4  99  4.56248E-01  1.02986E+00 -9.78887E-01  5.37774E-02  6.00095E-02  1.55873E-02  1.55873E-02
b  27    2 27    4  99  3.39132E-01  6.87905E-01 -1.73795E+00  4.99659E-02  1.68184E+00  1.17400E-01  1.17400E-01
b  27    3 27    4  99  2.84130E-01  4.59638E-02 -6.89361E-01  1.48907E+00  1.45672E+00  9.89600E-01  9.89600E-01
b  27    1 27    5  99  4.50827E-01  1.06815E+00 -9.96476E-01  5.27424E-02  4.22698E-02  7.86760E-03  7.86760E-03
b  27    2 27    5  99  3.67895E-01  1.28774E+00 -2.45413E+00  5.36311E-02  9.83230E-01  3.77600E-02  3.77600E-02
b  27    3 27    5  99  2.97777E-01  5.81953E-01 -1.54825E+00  9.69958E-02  1.74236E+00  1.85500E-01  1.85500E-01
b  27    4 27    5  99  3.10812E-01 -1.59281E-01  1.53847E-01  1.41243E-03 -7.67657E-02  1.27000E+00  1.27000E+00
b  27    1 27    6  99  9.18420E+04  6.84810E+06 -3.25017E+08  3.80511E+09  2.00000E+01  4.57980E-03  4.57980E-03
b  27    2 27    6  99  7.47494E+03  5.28051E+05 -2.51702E+07  2.95683E+08  2.00000E+01  1.85100E-02  1.85100E-02
b  27    3 27    6  99  9.98425E+02  2.23589E+04 -6.19744E+05  4.13486E+06  1.01892E+01  6.10400E-02  6.10400E-02
b  27    4 27    6  99  6.03100E-01 -7.16000E-01  3.16199E+00  5.51914E-01  3.51305E+00  2.42500E-01  2.42500E-01
b  27    5 27    6  99  1.84168E+00 -4.94361E+00  1.56493E+01 -3.13490E+00  1.95894E+00  1.35200E+00  1.35200E+00
b  27    1 27    7  99  2.72603E+05  2.05026E+07 -9.72181E+08  1.13735E+10  2.00000E+01  2.91550E-03  2.91550E-03
b  27    2 27    7  99  1.75321E+04  1.21652E+06 -5.81267E+07  6.84125E+08  2.00000E+01  1.02000E-02  1.02000E-02
b  27    3 27    7  99  3.74780E+03  1.29681E+04 -3.02624E+05  1.37917E+06  5.21073E+00  2.86300E-02  2.86300E-02
b  27    4 27    7  99  7.77209E-01 -1.44823E+00  5.50405E+01 -4.99350E+02  2.00000E+01  7.99600E-02  7.99600E-02
b  27    5 27    7  99  1.72533E+00  3.15654E+00 -1.23051E+01  1.04473E+01  1.94534E-01  2.70900E-01  2.70900E-01
b  27    6 27    7  99  2.49677E-01  6.40843E+00 -3.34027E+02  4.18702E+03  2.00000E+01  1.61400E+00  1.61400E+00
b  27    1 27    8  99  7.57865E+05  7.38943E+06 -2.15110E+08  1.40331E+09  8.87543E+00  1.97710E-03  1.97710E-03
b  27    2 27    8  99  3.71421E+04  2.51112E+06 -1.20265E+08  1.41804E+09  2.00000E+01  6.54500E-03  6.54500E-03
b  27    3 27    8  99  9.27768E+03 -1.11895E+04  6.82434E+03 -1.11945E+03 -8.00000E-01  1.63400E-02  1.63400E-02
b  27    4 27    8  99  5.90532E+01  1.43999E+03 -5.46594E+03  5.12902E+03  6.17416E-01  3.52000E-02  3.52000E-02
b  27    5 27    8  99  1.26187E+02 -4.64750E+02  6.16896E+03  7.20137E+04  2.00000E+01  8.61200E-02  8.61200E-02
b  27    6 27    8  99  2.46372E+01 -9.62289E+01  8.78174E+02 -6.00151E+02  7.45731E+00  2.99900E-01  2.99900E-01
b  27    7 27    8  99  0.00000E+00  0.00000E+00  0.00000E+00  0.00000E+00  0.00000E+00  1.97100E+00  1.97100E+00
b  27    1 27    9  98  0.00000E+00  0.00000E+00  0.00000E+00  0.00000E+00  0.00000E+00  2.16809E-01  4.33618E-03
b  27    2 27    9  99  4.39565E-01  2.46628E-01 -2.31569E-01  3.73382E-02  1.07883E-01  3.57275E-01  3.57275E-01
b  27    1 27   10  98  0.00000E+00  0.00000E+00  0.00000E+00  0.00000E+00  0.00000E+00  3.23364E-01  6.46728E-03
b  27    2 27   10  99  5.52413E-02  9.51978E-02 -9.02710E-02  4.77965E-03  6.18860E-02  2.00960E-01  2.00960E-01
b  27    3 27   10  99  4.39565E-01  2.46628E-01 -2.31569E-01  3.73382E-02  1.07883E-01  3.68800E-01  3.68800E-01
b  27    9 27   10  99  1.19347E-01  7.60894E-02 -4.91507E-01  9.19430E-01  2.92267E+00  3.17800E+00  3.17800E+00
b  27    1 27   11  98  0.00000E+00  0.00000E+00  0.00000E+00  0.00000E+00  0.00000E+00  4.54952E-01  9.09905E-03
b  27    2 27   11  99  4.56248E-01  1.02986E+00 -9.78887E-01  5.37774E-02  6.00095E-02  1.46704E-02  1.46704E-02
b  27    4 27   11  99  4.39565E-01  2.46628E-01 -2.31569E-01  3.73382E-02  1.07883E-01  3.68800E-01  3.68800E-01
b  27    9 27   11  99  3.39132E-01  6.87905E-01 -1.73795E+00  4.99659E-02  1.68184E+00  2.34800E-01  2.34800E-01
b  27   10 27   11  99  2.84130E-01  4.59638E-02 -6.89361E-01  1.48907E+00  1.45672E+00  9.89600E-01  9.89600E-01
b  27    1 27   12  98  0.00000E+00  0.00000E+00  0.00000E+00  0.00000E+00  0.00000E+00  6.03710E-01  1.20742E-02
b  27    2 27   12  99  4.50827E-01  1.06815E+00 -9.96476E-01  5.27424E-02  4.22698E-02  7.40480E-03  7.40480E-03
b  27    5 27   12  99  4.39565E-01  2.46628E-01 -2.31569E-01  3.73382E-02  1.07883E-01  3.68800E-01  3.68800E-01
b  27    9 27   12  99  3.67895E-01  1.28774E+00 -2.45413E+00  5.36311E-02  9.83230E-01  7.55200E-02  7.55200E-02
b  27   10 27   12  99  2.97777E-01  5.81953E-01 -1.54825E+00  9.69958E-02  1.74236E+00  1.85500E-01  1.85500E-01
b  27   11 27   12  99  3.10812E-01 -1.59281E-01  1.53847E-01  1.41243E-03 -7.67657E-02  1.27000E+00  1.27000E+00
b  27    1 27   13  98  0.00000E+00  0.00000E+00  0.00000E+00  0.00000E+00  0.00000E+00  7.74205E-01  1.54841E-02
b  27    2 27   13  99  9.18420E+04  6.84810E+06 -3.25017E+08  3.80511E+09  2.00000E+01  4.31040E-03  4.31040E-03
b  27    6 27   13  99  4.39565E-01  2.46628E-01 -2.31569E-01  3.73382E-02  1.07883E-01  3.68800E-01  3.68800E-01
b  27    9 27   13  99  7.47494E+03  5.28051E+05 -2.51702E+07  2.95683E+08  2.00000E+01  3.70200E-02  3.70200E-02
b  27   10 27   13  99  9.98425E+02  2.23589E+04 -6.19744E+05  4.13486E+06  1.01892E+01  6.10400E-02  6.10400E-02
b  27   11 27   13  99  6.03100E-01 -7.16000E-01  3.16199E+00  5.51914E-01  3.51305E+00  2.42500E-01  2.42500E-01
b  27   12 27   13  99  1.84168E+00 -4.94361E+00  1.56493E+01 -3.13490E+00  1.95894E+00  1.35200E+00  1.35200E+00
b  27    1 27   14  98  0.00000E+00  0.00000E+00  0.00000E+00  0.00000E+00  0.00000E+00  9.72722E-01  1.94544E-02
b  27    2 27   14  99  2.72603E+05  2.05026E+07 -9.72181E+08  1.13735E+10  2.00000E+01  2.74400E-03  2.74400E-03
b  27    7 27   14  99  4.39565E-01  2.46628E-01 -2.31569E-01  3.73382E-02  1.07883E-01  3.68800E-01  3.68800E-01
b  27    9 27   14  99  1.75321E+04  1.21652E+06 -5.81267E+07  6.84125E+08  2.00000E+01  2.04000E-02  2.04000E-02
b  27   10 27   14  99  3.74780E+03  1.29681E+04 -3.02624E+05  1.37917E+06  5.21073E+00  2.86300E-02  2.86300E-02
b  27   11 27   14  99  7.77209E-01 -1.44823E+00  5.50405E+01 -4.99350E+02  2.00000E+01  7.99600E-02  7.99600E-02
b  27   12 27   14  99  1.72533E+00  3.15654E+00 -1.23051E+01  1.04473E+01  1.94534E-01  2.70900E-01  2.70900E-01
b  27   13 27   14  99  2.49677E-01  6.40843E+00 -3.34027E+02  4.18702E+03  2.00000E+01  1.61400E+00  1.61400E+00
b  27    1 27   15  98  0.00000E+00  0.00000E+00  0.00000E+00  0.00000E+00  0.00000E+00  1.19125E+00  2.38251E-02
b  27    2 27   15  99  7.57865E+05  7.38943E+06 -2.15110E+08  1.40331E+09  8.87543E+00  1.86080E-03  1.86080E-03
b  27    8 27   15  99  4.39565E-01  2.46628E-01 -2.31569E-01  3.73382E-02  1.07883E-01  3.68800E-01  3.68800E-01
b  27    9 27   15  99  3.71421E+04  2.51112E+06 -1.20265E+08  1.41804E+09  2.00000E+01  1.30900E-02  1.30900E-02
b  27   10 27   15  99  9.27768E+03 -1.11895E+04  6.82434E+03 -1.11945E+03 -8.00000E-01  1.63400E-02  1.63400E-02
b  27   11 27   15  99  5.90532E+01  1.43999E+03 -5.46594E+03  5.12902E+03  6.17416E-01  3.52000E-02  3.52000E-02
b  27   12 27   15  99  1.26187E+02 -4.64750E+02  6.16896E+03  7.20137E+04  2.00000E+01  8.61200E-02  8.61200E-02
b  27   13 27   15  99  2.46372E+01 -9.62289E+01  8.78174E+02 -6.00151E+02  7.45731E+00  2.99900E-01  2.99900E-01
b  27   14 27   15  99  0.00000E+00  0.00000E+00  0.00000E+00  0.00000E+00  0.00000E+00  1.97100E+00  1.97100E+00
b  27    1 27   16  99  4.00954E-01 -1.40587E-01  1.64717E-01 -4.26618E-02 -4.98214E-01  7.61333E-02  7.61333E-02
b  27    1 27   17  99  3.79488E-01 -2.24735E-02  7.12901E-02 -1.95113E-02 -6.51117E-01  1.44480E-02  1.44480E-02
b  27    2 27   17  99  4.00954E-01 -1.40587E-01  1.64717E-01 -4.26618E-02 -4.98214E-01  1.52267E-01  1.52267E-01
b  27   16 27   17  99  4.39565E-01  2.46628E-01 -2.31569E-01  3.73382E-02  1.07883E-01  4.14900E-01  4.14900E-01
b  27    1 27   18  99  4.04343E-01 -9.23780E-02  1.24569E-01 -3.26692E-02 -5.69341E-01  4.89680E-03  4.89680E-03
b  27    3 27   18  99  4.00954E-01 -1.40587E-01  1.64717E-01 -4.26618E-02 -4.98214E-01  1.52267E-01  1.52267E-01
b  27   16 27   18  99  5.52413E-02  9.51978E-02 -9.02710E-02  4.77965E-03  6.18860E-02  2.26080E-01  2.26080E-01
b  27   17 27   18  99  1.19347E-01  7.60894E-02 -4.91507E-01  9.19430E-01  2.92267E+00  1.58900E+00  1.58900E+00
b  27    1 27   19  99  5.82432E-01 -2.08099E-01  2.44613E-01 -6.36364E-02 -4.88582E-01  2.24240E-03  2.24240E-03
b  27    4 27   19  99  4.00954E-01 -1.40587E-01  1.64717E-01 -4.26618E-02 -4.98214E-01  1.52267E-01  1.52267E-01
b  27   16 27   19  99  4.56248E-01  1.02986E+00 -9.78887E-01  5.37774E-02  6.00095E-02  1.65042E-02  1.65042E-02
b  27   17 27   19  99  3.39132E-01  6.87905E-01 -1.73795E+00  4.99659E-02  1.68184E+00  1.17400E-01  1.17400E-01
b  27   18 27   19  99  2.84130E-01  4.59638E-02 -6.89361E-01  1.48907E+00  1.45672E+00  9.89600E-01  9.89600E-01
b  27    1 27   20  99  5.70447E-01 -2.19611E-01  2.55436E-01 -6.65596E-02 -4.71313E-01  1.26400E-03  1.26400E-03
b  27    5 27   20  99  4.00954E-01 -1.40587E-01  1.64717E-01 -4.26618E-02 -4.98214E-01  1.52267E-01  1.52267E-01
b  27   16 27   20  99  4.50827E-01  1.06815E+00 -9.96476E-01  5.27424E-02  4.22698E-02  8.33040E-03  8.33040E-03
b  27   17 27   20  99  3.67895E-01  1.28774E+00 -2.45413E+00  5.36311E-02  9.83230E-01  3.77600E-02  3.77600E-02
b  27   18 27   20  99  2.97777E-01  5.81953E-01 -1.54825E+00  9.69958E-02  1.74236E+00  1.85500E-01  1.85500E-01
b  27   19 27   20  99  3.10812E-01 -1.59281E-01  1.53847E-01  1.41243E-03 -7.67657E-02  1.27000E+00  1.27000E+00
b  27    1 27   21  99  3.48261E+02  2.55963E+04 -1.21551E+06  1.42368E+07  2.00000E+01  7.83920E-04  7.83920E-04
b  27    6 27   21  99  4.00954E-01 -1.40587E-01  1.64717E-01 -4.26618E-02 -4.98214E-01  1.52267E-01  1.52267E-01
b  27   16 27   21  99  9.18420E+04  6.84810E+06 -3.25017E+08  3.80511E+09  2.00000E+01  4.84920E-03  4.84920E-03
b  27   17 27   21  99  7.47494E+03  5.28051E+05 -2.51702E+07  2.95683E+08  2.00000E+01  1.85100E-02  1.85100E-02
b  27   18 27   21  99  9.98425E+02  2.23589E+04 -6.19744E+05  4.13486E+06  1.01892E+01  6.10400E-02  6.10400E-02
b  27   19 27   21  99  6.03100E-01 -7.16000E-01  3.16199E+00  5.51914E-01  3.51305E+00  2.42500E-01  2.42500E-01
b  27   20 27   21  99  1.84168E+00 -4.94361E+00  1.56493E+01 -3.13490E+00  1.95894E+00  1.35200E+00  1.35200E+00
b  27    1 27   22  99  1.88373E+02  1.79112E+04 -8.30389E+05  9.53901E+06  2.00000E+01  5.19840E-04  5.19840E-04
b  27    7 27   22  99  4.00954E-01 -1.40587E-01  1.64717E-01 -4.26618E-02 -4.98214E-01  1.52267E-01  1.52267E-01
b  27   16 27   22  99  2.72603E+05  2.05026E+07 -9.72181E+08  1.13735E+10  2.00000E+01  3.08700E-03  3.08700E-03
b  27   17 27   22  99  1.75321E+04  1.21652E+06 -5.81267E+07  6.84125E+08  2.00000E+01  1.02000E-02  1.02000E-02
b  27   18 27   22  99  3.74780E+03  1.29681E+04 -3.02624E+05  1.37917E+06  5.21073E+00  2.86300E-02  2.86300E-02
b  27   19 27   22  99  7.77209E-01 -1.44823E+00  5.50405E+01 -4.99350E+02  2.00000E+01  7.99600E-02  7.99600E-02
b  27   20 27   22  99  1.72533E+00  3.15654E+00 -1.23051E+01  1.04473E+01  1.94534E-01  2.70900E-01  2.70900E-01
b  27   21 27   22  99  2.49677E-01  6.40843E+00 -3.34027E+02  4.18702E+03  2.00000E+01  1.61400E+00  1.61400E+00
b  27    1 27   23  99  1.41882E+03  1.06412E+05 -5.04328E+06  5.89776E+07  2.00000E+01  3.62320E-04  3.62320E-04
b  27    8 27   23  99  4.00954E-01 -1.40587E-01  1.64717E-01 -4.26618E-02 -4.98214E-01  1.52267E-01  1.52267E-01
b  27   16 27   23  99  7.57865E+05  7.38943E+06 -2.15110E+08  1.40331E+09  8.87543E+00  2.09340E-03  2.09340E-03
b  27   17 27   23  99  3.71421E+04  2.51112E+06 -1.20265E+08  1.41804E+09  2.00000E+01  6.54500E-03  6.54500E-03
b  27   18 27   23  99  9.27768E+03 -1.11895E+04  6.82434E+03 -1.11945E+03 -8.00000E-01  1.63400E-02  1.63400E-02
b  27   19 27   23  99  5.90532E+01  1.43999E+03 -5.46594E+03  5.12902E+03  6.17416E-01  3.52000E-02  3.52000E-02
b  27   20 27   23  99  1.26187E+02 -4.64750E+02  6.16896E+03  7.20137E+04  2.00000E+01  8.61200E-02  8.61200E-02
b  27   21 27   23  99  2.46372E+01 -9.62289E+01  8.78174E+02 -6.00151E+02  7.45731E+00  2.99900E-01  2.99900E-01
b  27   22 27   23  99  0.00000E+00  0.00000E+00  0.00000E+00  0.00000E+00  0.00000E+00  1.97100E+00  1.97100E+00
b  27    1 27   24  98  0.00000E+00  0.00000E+00  0.00000E+00  0.00000E+00  0.00000E+00  1.87488E-02  3.74976E-04
b  27    2 27   24  99  3.79488E-01 -2.24735E-02  7.12901E-02 -1.95113E-02 -6.51117E-01  1.39965E-02  1.39965E-02
b  27    9 27   24  99  4.00954E-01 -1.40587E-01  1.64717E-01 -4.26618E-02 -4.98214E-01  2.28400E-01  2.28400E-01
b  27   17 27   24  99  4.39565E-01  2.46628E-01 -2.31569E-01  3.73382E-02  1.07883E-01  3.79605E-01  3.79605E-01
b  27    1 27   25  98  0.00000E+00  0.00000E+00  0.00000E+00  0.00000E+00  0.00000E+00  3.01794E-02  6.03588E-04
b  27    2 27   25  99  4.04343E-01 -9.23780E-02  1.24569E-01 -3.26692E-02 -5.69341E-01  4.89680E-03  4.89680E-03
b  27    3 27   25  99  3.79488E-01 -2.24735E-02  7.12901E-02 -1.95113E-02 -6.51117E-01  1.44480E-02  1.44480E-02
b  27   10 27   25  99  4.00954E-01 -1.40587E-01  1.64717E-01 -4.26618E-02 -4.98214E-01  2.28400E-01  2.28400E-01
b  27   17 27   25  99  5.52413E-02  9.51978E-02 -9.02710E-02  4.77965E-03  6.18860E-02  2.13520E-01  2.13520E-01
b  27   18 27   25  99  4.39565E-01  2.46628E-01 -2.31569E-01  3.73382E-02  1.07883E-01  3.91850E-01  3.91850E-01
b  27   24 27   25  99  1.19347E-01  7.60894E-02 -4.91507E-01  9.19430E-01  2.92267E+00  3.17800E+00  3.17800E+00
b  27    1 27   26  98  0.00000E+00  0.00000E+00  0.00000E+00  0.00000E+00  0.00000E+00  4.34300E-02  8.68600E-04
b  27    2 27   26  99  5.82432E-01 -2.08099E-01  2.44613E-01 -6.36364E-02 -4.88582E-01  2.24240E-03  2.24240E-03
b  27    4 27   26  99  3.79488E-01 -2.24735E-02  7.12901E-02 -1.95113E-02 -6.51117E-01  1.44480E-02  1.44480E-02
b  27   11 27   26  99  4.00954E-01 -1.40587E-01  1.64717E-01 -4.26618E-02 -4.98214E-01  2.28400E-01  2.28400E-01
b  27   17 27   26  99  4.56248E-01  1.02986E+00 -9.78887E-01  5.37774E-02  6.00095E-02  1.55873E-02  1.55873E-02
b  27   19 27   26  99  4.39565E-01  2.46628E-01 -2.31569E-01  3.73382E-02  1.07883E-01  3.91850E-01  3.91850E-01
b  27   24 27   26  99  3.39132E-01  6.87905E-01 -1.73795E+00  4.99659E-02  1.68184E+00  2.34800E-01  2.34800E-01
b  27   25 27   26  99  2.84130E-01  4.59638E-02 -6.89361E-01  1.48907E+00  1.45672E+00  9.89600E-01  9.89600E-01
b  27    1 27   27  98  0.00000E+00  0.00000E+00  0.00000E+00  0.00000E+00  0.00000E+00  5.90750E-02  1.18150E-03
b  27    2 27   27  99  5.70447E-01 -2.19611E-01  2.55436E-01 -6.65596E-02 -4.71313E-01  1.26400E-03  1.26400E-03
b  27    5 27   27  99  3.79488E-01 -2.24735E-02  7.12901E-02 -1.95113E-02 -6.51117E-01  1.44480E-02  1.44480E-02
b  27   12 27   27  99  4.00954E-01 -1.40587E-01  1.64717E-01 -4.26618E-02 -4.98214E-01  2.28400E-01  2.28400E-01
b  27   17 27   27  99  4.50827E-01  1.06815E+00 -9.96476E-01  5.27424E-02  4.22698E-02  7.86760E-03  7.86760E-03
b  27   20 27   27  99  4.39565E-01  2.46628E-01 -2.31569E-01  3.73382E-02  1.07883E-01  3.91850E-01  3.91850E-01
b  27   24 27   27  99  3.67895E-01  1.28774E+00 -2.45413E+00  5.36311E-02  9.83230E-01  7.55200E-02  7.55200E-02
b  27   25 27   27  99  2.97777E-01  5.81953E-01 -1.54825E+00  9.69958E-02  1.74236E+00  1.85500E-01  1.85500E-01
b  27   26 27   27  99  3.10812E-01 -1.59281E-01  1.53847E-01  1.41243E-03 -7.67657E-02  1.27000E+00  1.27000E+00
b  27    1 27   28  98  0.00000E+00  0.00000E+00  0.00000E+00  0.00000E+00  0.00000E+00  7.71237E-02  1.54247E-03
b  27    2 27   28  99  3.48261E+02  2.55963E+04 -1.21551E+06  1.42368E+07  2.00000E+01  7.83920E-04  7.83920E-04
b  27    6 27   28  99  3.79488E-01 -2.24735E-02  7.12901E-02 -1.95113E-02 -6.51117E-01  1.44480E-02  1.44480E-02
b  27   13 27   28  99  4.00954E-01 -1.40587E-01  1.64717E-01 -4.26618E-02 -4.98214E-01  2.28400E-01  2.28400E-01
b  27   17 27   28  99  9.18420E+04  6.84810E+06 -3.25017E+08  3.80511E+09  2.00000E+01  4.57980E-03  4.57980E-03
b  27   21 27   28  99  4.39565E-01  2.46628E-01 -2.31569E-01  3.73382E-02  1.07883E-01  3.91850E-01  3.91850E-01
b  27   24 27   28  99  7.47494E+03  5.28051E+05 -2.51702E+07  2.95683E+08  2.00000E+01  3.70200E-02  3.70200E-02
b  27   25 27   28  99  9.98425E+02  2.23589E+04 -6.19744E+05  4.13486E+06  1.01892E+01  6.10400E-02  6.10400E-02
b  27   26 27   28  99  6.03100E-01 -7.16000E-01  3.16199E+00  5.51914E-01  3.51305E+00  2.42500E-01  2.42500E-01
b  27   27 27   28  99  1.84168E+00 -4.94361E+00  1.56493E+01 -3.13490E+00  1.95894E+00  1.35200E+00  1.35200E+00
b  27    1 27   29  98  0.00000E+00  0.00000E+00  0.00000E+00  0.00000E+00  0.00000E+00  9.75918E-02  1.95184E-03
b  27    2 27   29  99  1.88373E+02  1.79112E+04 -8.30389E+05  9.53901E+06  2.00000E+01  5.19840E-04  5.19840E-04
b  27    7 27   29  99  3.79488E-01 -2.24735E-02  7.12901E-02 -1.95113E-02 -6.51117E-01  1.44480E-02  1.44480E-02
b  27   14 27   29  99  4.00954E-01 -1.40587E-01  1.64717E-01 -4.26618E-02 -4.98214E-01  2.28400E-01  2.28400E-01
b  27   17 27   29  99  2.72603E+05  2.05026E+07 -9.72181E+08  1.13735E+10  2.00000E+01  2.91550E-03  2.91550E-03
b  27   22 27   29  99  4.39565E-01  2.46628E-01 -2.31569E-01  3.73382E-02  1.07883E-01  3.91850E-01  3.91850E-01
b  27   24 27   29  99  1.75321E+04  1.21652E+06 -5.81267E+07  6.84125E+08  2.00000E+01  2.04000E-02  2.04000E-02
b  27   25 27   29  99  3.74780E+03  1.29681E+04 -3.02624E+05  1.37917E+06  5.21073E+00  2.86300E-02  2.86300E-02
b  27   26 27   29  99  7.77209E-01 -1.44823E+00  5.50405E+01 -4.99350E+02  2.00000E+01  7.99600E-02  7.99600E-02
b  27   27 27   29  99  1.72533E+00  3.15654E+00 -1.23051E+01  1.04473E+01  1.94534E-01  2.70900E-01  2.70900E-01
b  27   28 27   29  99  2.49677E-01  6.40843E+00 -3.34027E+02  4.18702E+03  2.00000E+01  1.61400E+00  1.61400E+00
b  27    1 27   30  98  0.00000E+00  0.00000E+00  0.00000E+00  0.00000E+00  0.00000E+00  1.20460E-01  2.40919E-03
b  27    2 27   30  99  1.41882E+03  1.06412E+05 -5.04328E+06  5.89776E+07  2.00000E+01  3.62320E-04  3.62320E-04
b  27    8 27   30  99  3.79488E-01 -2.24735E-02  7.12901E-02 -1.95113E-02 -6.51117E-01  1.44480E-02  1.44480E-02
b  27   15 27   30  99  4.00954E-01 -1.40587E-01  1.64717E-01 -4.26618E-02 -4.98214E-01  2.28400E-01  2.28400E-01
b  27   17 27   30  99  7.57865E+05  7.38943E+06 -2.15110E+08  1.40331E+09  8.87543E+00  1.97710E-03  1.97710E-03
b  27   23 27   30  99  4.39565E-01  2.46628E-01 -2.31569E-01  3.73382E-02  1.07883E-01  3.91850E-01  3.91850E-01
b  27   24 27   30  99  3.71421E+04  2.51112E+06 -1.20265E+08  1.41804E+09  2.00000E+01  1.30900E-02  1.30900E-02
b  27   25 27   30  99  9.27768E+03 -1.11895E+04  6.82434E+03 -1.11945E+03 -8.00000E-01  1.63400E-02  1.63400E-02
b  27   26 27   30  99  5.90532E+01  1.43999E+03 -5.46594E+03  5.12902E+03  6.17416E-01  3.52000E-02  3.52000E-02
b  27   27 27   30  99  1.26187E+02 -4.64750E+02  6.16896E+03  7.20137E+04  2.00000E+01  8.61200E-02  8.61200E-02
b  27   28 27   30  99  2.46372E+01 -9.62289E+01  8.78174E+02 -6.00151E+02  7.45731E+00  2.99900E-01  2.99900E-01
b  27   29 27   30  99  0.00000E+00  0.00000E+00  0.00000E+00  0.00000E+00  0.00000E+00  1.97100E+00  1.97100E+00
b  27    1 27   31  99  7.07138E-01 -9.25979E-01  2.22656E+00 -7.32277E-03  1.33700E+00  3.33000E-03  3.33000E-03
b  27   16 27   31  99  6.33797E-01 -8.11345E-01  1.79211E+00 -7.22550E-03  1.15201E+00  7.54750E-02  7.54750E-02
b  27    1 27   32  99  8.86723E-01 -9.75195E-01  2.18120E+00 -1.02865E+00  4.33494E-01  9.65200E-04  9.65200E-04
b  27    2 27   32  99  7.07138E-01 -9.25979E-01  2.22656E+00 -7.32277E-03  1.33700E+00  6.66000E-03  6.66000E-03
b  27   17 27   32  99  6.33797E-01 -8.11345E-01  1.79211E+00 -7.22550E-03  1.15201E+00  7.54750E-02  7.54750E-02
b  27   31 27   32  99  4.39565E-01  2.46628E-01 -2.31569E-01  3.73382E-02  1.07883E-01  4.14900E-01  4.14900E-01
b  27    1 27   33  99  8.35902E-01 -1.03885E+00  2.40284E+00 -9.01964E-01  7.63175E-01  2.79200E-04  2.79200E-04
b  27    3 27   33  99  7.07138E-01 -9.25979E-01  2.22656E+00 -7.32277E-03  1.33700E+00  6.66000E-03  6.66000E-03
b  27   18 27   33  99  6.33797E-01 -8.11345E-01  1.79211E+00 -7.22550E-03  1.15201E+00  7.54750E-02  7.54750E-02
b  27   31 27   33  99  5.52413E-02  9.51978E-02 -9.02710E-02  4.77965E-03  6.18860E-02  2.26080E-01  2.26080E-01
b  27   32 27   33  99  1.19347E-01  7.60894E-02 -4.91507E-01  9.19430E-01  2.92267E+00  1.58900E+00  1.58900E+00
b  27    1 27   34  99  8.29235E-01 -1.05629E+00  2.50817E+00 -8.82741E-01  8.68695E-01  1.12060E-04  1.12060E-04
b  27    4 27   34  99  7.07138E-01 -9.25979E-01  2.22656E+00 -7.32277E-03  1.33700E+00  6.66000E-03  6.66000E-03
b  27   19 27   34  99  6.33797E-01 -8.11345E-01  1.79211E+00 -7.22550E-03  1.15201E+00  7.54750E-02  7.54750E-02
b  27   31 27   34  99  4.56248E-01  1.02986E+00 -9.78887E-01  5.37774E-02  6.00095E-02  1.65042E-02  1.65042E-02
b  27   32 27   34  99  3.39132E-01  6.87905E-01 -1.73795E+00  4.99659E-02  1.68184E+00  1.17400E-01  1.17400E-01
b  27   33 27   34  99  2.84130E-01  4.59638E-02 -6.89361E-01  1.48907E+00  1.45672E+00  9.89600E-01  9.89600E-01
b  27    1 27   35  99  8.17982E-01 -1.09758E+00  2.75233E+00 -9.85394E-03  1.43525E+00  5.72800E-05  5.72800E-05
b  27    5 27   35  99  7.07138E-01 -9.25979E-01  2.22656E+00 -7.32277E-03  1.33700E+00  6.66000E-03  6.66000E-03
b  27   20 27   35  99  6.33797E-01 -8.11345E-01  1.79211E+00 -7.22550E-03  1.15201E+00  7.54750E-02  7.54750E-02
b  27   31 27   35  99  4.50827E-01  1.06815E+00 -9.96476E-01  5.27424E-02  4.22698E-02  8.33040E-03  8.33040E-03
b  27   32 27   35  99  3.67895E-01  1.28774E+00 -2.45413E+00  5.36311E-02  9.83230E-01  3.77600E-02  3.77600E-02
b  27   33 27   35  99  2.97777E-01  5.81953E-01 -1.54825E+00  9.69958E-02  1.74236E+00  1.85500E-01  1.85500E-01
b  27   34 27   35  99  3.10812E-01 -1.59281E-01  1.53847E-01  1.41243E-03 -7.67657E-02  1.27000E+00  1.27000E+00
b  27    1 27   36  99  3.10839E+00 -3.06811E+00  1.79070E+00 -2.82171E-01 -8.00000E-01  3.31200E-05  3.31200E-05
b  27    6 27   36  99  7.07138E-01 -9.25979E-01  2.22656E+00 -7.32277E-03  1.33700E+00  6.66000E-03  6.66000E-03
b  27   21 27   36  99  6.33797E-01 -8.11345E-01  1.79211E+00 -7.22550E-03  1.15201E+00  7.54750E-02  7.54750E-02
b  27   31 27   36  99  9.18420E+04  6.84810E+06 -3.25017E+08  3.80511E+09  2.00000E+01  4.84920E-03  4.84920E-03
b  27   32 27   36  99  7.47494E+03  5.28051E+05 -2.51702E+07  2.95683E+08  2.00000E+01  1.85100E-02  1.85100E-02
b  27   33 27   36  99  9.98425E+02  2.23589E+04 -6.19744E+05  4.13486E+06  1.01892E+01  6.10400E-02  6.10400E-02
b  27   34 27   36  99  6.03100E-01 -7.16000E-01  3.16199E+00  5.51914E-01  3.51305E+00  2.42500E-01  2.42500E-01
b  27   35 27   36  99  1.84168E+00 -4.94361E+00  1.56493E+01 -3.13490E+00  1.95894E+00  1.35200E+00  1.35200E+00
b  27    1 27   37  99  6.26709E+01  4.62406E+03 -2.19341E+05  2.56680E+06  2.00000E+01  2.08600E-05  2.08600E-05
b  27    7 27   37  99  7.07138E-01 -9.25979E-01  2.22656E+00 -7.32277E-03  1.33700E+00  6.66000E-03  6.66000E-03
b  27   22 27   37  99  6.33797E-01 -8.11345E-01  1.79211E+00 -7.22550E-03  1.15201E+00  7.54750E-02  7.54750E-02
b  27   31 27   37  99  2.72603E+05  2.05026E+07 -9.72181E+08  1.13735E+10  2.00000E+01  3.08700E-03  3.08700E-03
b  27   32 27   37  99  1.75321E+04  1.21652E+06 -5.81267E+07  6.84125E+08  2.00000E+01  1.02000E-02  1.02000E-02
b  27   33 27   37  99  3.74780E+03  1.29681E+04 -3.02624E+05  1.37917E+06  5.21073E+00  2.86300E-02  2.86300E-02
b  27   34 27   37  99  7.77209E-01 -1.44823E+00  5.50405E+01 -4.99350E+02  2.00000E+01  7.99600E-02  7.99600E-02
b  27   35 27   37  99  1.72533E+00  3.15654E+00 -1.23051E+01  1.04473E+01  1.94534E-01  2.70900E-01  2.70900E-01
b  27   36 27   37  99  2.49677E-01  6.40843E+00 -3.34027E+02  4.18702E+03  2.00000E+01  1.61400E+00  1.61400E+00
b  27    1 27   38  99 -2.77705E+00  8.90156E+00 -1.70943E+01  8.38436E+00  2.16283E-02  1.39680E-05  1.39680E-05
b  27    8 27   38  99  7.07138E-01 -9.25979E-01  2.22656E+00 -7.32277E-03  1.33700E+00  6.66000E-03  6.66000E-03
b  27   23 27   38  99  6.33797E-01 -8.11345E-01  1.79211E+00 -7.22550E-03  1.15201E+00  7.54750E-02  7.54750E-02
b  27   31 27   38  99  7.57865E+05  7.38943E+06 -2.15110E+08  1.40331E+09  8.87543E+00  2.09340E-03  2.09340E-03
b  27   32 27   38  99  3.71421E+04  2.51112E+06 -1.20265E+08  1.41804E+09  2.00000E+01  6.54500E-03  6.54500E-03
b  27   33 27   38  99  9.27768E+03 -1.11895E+04  6.82434E+03 -1.11945E+03 -8.00000E-01  1.63400E-02  1.63400E-02
b  27   34 27   38  99  5.90532E+01  1.43999E+03 -5.46594E+03  5.12902E+03  6.17416E-01  3.52000E-02  3.52000E-02
b  27   35 27   38  99  1.26187E+02 -4.64750E+02  6.16896E+03  7.20137E+04  2.00000E+01  8.61200E-02  8.61200E-02
b  27   36 27   38  99  2.46372E+01 -9.62289E+01  8.78174E+02 -6.00151E+02  7.45731E+00  2.99900E-01  2.99900E-01
b  27   37 27   38  99  0.00000E+00  0.00000E+00  0.00000E+00  0.00000E+00  0.00000E+00  1.97100E+00  1.97100E+00
b  27    1 27   39  98  0.00000E+00  0.00000E+00  0.00000E+00  0.00000E+00  0.00000E+00  1.26967E-03  2.53934E-05
b  27    2 27   39  99  8.86723E-01 -9.75195E-01  2.18120E+00 -1.02865E+00  4.33494E-01  9.35038E-04  9.35038E-04
b  27    9 27   39  99  7.07138E-01 -9.25979E-01  2.22656E+00 -7.32277E-03  1.33700E+00  9.99000E-03  9.99000E-03
b  27   24 27   39  99  6.33797E-01 -8.11345E-01  1.79211E+00 -7.22550E-03  1.15201E+00  7.54750E-02  7.54750E-02
b  27   32 27   39  99  4.39565E-01  2.46628E-01 -2.31569E-01  3.73382E-02  1.07883E-01  3.79605E-01  3.79605E-01
b  27    1 27   40  98  0.00000E+00  0.00000E+00  0.00000E+00  0.00000E+00  0.00000E+00  2.04743E-03  4.09486E-05
b  27    2 27   40  99  8.35902E-01 -1.03885E+00  2.40284E+00 -9.01964E-01  7.63175E-01  2.79200E-04  2.79200E-04
b  27    3 27   40  99  8.86723E-01 -9.75195E-01  2.18120E+00 -1.02865E+00  4.33494E-01  9.65200E-04  9.65200E-04
b  27   10 27   40  99  7.07138E-01 -9.25979E-01  2.22656E+00 -7.32277E-03  1.33700E+00  9.99000E-03  9.99000E-03
b  27   25 27   40  99  6.33797E-01 -8.11345E-01  1.79211E+00 -7.22550E-03  1.15201E+00  7.54750E-02  7.54750E-02
b  27   32 27   40  99  5.52413E-02  9.51978E-02 -9.02710E-02  4.77965E-03  6.18860E-02  2.13520E-01  2.13520E-01
b  27   33 27   40  99  4.39565E-01  2.46628E-01 -2.31569E-01  3.73382E-02  1.07883E-01  3.91850E-01  3.91850E-01
b  27   39 27   40  99  1.19347E-01  7.60894E-02 -4.91507E-01  9.19430E-01  2.92267E+00  3.17800E+00  3.17800E+00
b  27    1 27   41  98  0.00000E+00  0.00000E+00  0.00000E+00  0.00000E+00  0.00000E+00  2.94810E-03  5.89620E-05
b  27    2 27   41  99  8.29235E-01 -1.05629E+00  2.50817E+00 -8.82741E-01  8.68695E-01  1.12060E-04  1.12060E-04
b  27    4 27   41  99  8.86723E-01 -9.75195E-01  2.18120E+00 -1.02865E+00  4.33494E-01  9.65200E-04  9.65200E-04
b  27   11 27   41  99  7.07138E-01 -9.25979E-01  2.22656E+00 -7.32277E-03  1.33700E+00  9.99000E-03  9.99000E-03
b  27   26 27   41  99  6.33797E-01 -8.11345E-01  1.79211E+00 -7.22550E-03  1.15201E+00  7.54750E-02  7.54750E-02
b  27   32 27   41  99  4.56248E-01  1.02986E+00 -9.78887E-01  5.37774E-02  6.00095E-02  1.55873E-02  1.55873E-02
b  27   34 27   41  99  4.39565E-01  2.46628E-01 -2.31569E-01  3.73382E-02  1.07883E-01  3.91850E-01  3.91850E-01
b  27   39 27   41  99  3.39132E-01  6.87905E-01 -1.73795E+00  4.99659E-02  1.68184E+00  2.34800E-01  2.34800E-01
b  27   40 27   41  99  2.84130E-01  4.59638E-02 -6.89361E-01  1.48907E+00  1.45672E+00  9.89600E-01  9.89600E-01
b  27    1 27   42  98  0.00000E+00  0.00000E+00  0.00000E+00  0.00000E+00  0.00000E+00  4.01243E-03  8.02485E-05
b  27    2 27   42  99  8.17982E-01 -1.09758E+00  2.75233E+00 -9.85394E-03  1.43525E+00  5.72800E-05  5.72800E-05
b  27    5 27   42  99  8.86723E-01 -9.75195E-01  2.18120E+00 -1.02865E+00  4.33494E-01  9.65200E-04  9.65200E-04
b  27   12 27   42  99  7.07138E-01 -9.25979E-01  2.22656E+00 -7.32277E-03  1.33700E+00  9.99000E-03  9.99000E-03
b  27   27 27   42  99  6.33797E-01 -8.11345E-01  1.79211E+00 -7.22550E-03  1.15201E+00  7.54750E-02  7.54750E-02
b  27   32 27   42  99  4.50827E-01  1.06815E+00 -9.96476E-01  5.27424E-02  4.22698E-02  7.86760E-03  7.86760E-03
b  27   35 27   42  99  4.39565E-01  2.46628E-01 -2.31569E-01  3.73382E-02  1.07883E-01  3.91850E-01  3.91850E-01
b  27   39 27   42  99  3.67895E-01  1.28774E+00 -2.45413E+00  5.36311E-02  9.83230E-01  7.55200E-02  7.55200E-02
b  27   40 27   42  99  2.97777E-01  5.81953E-01 -1.54825E+00  9.69958E-02  1.74236E+00  1.85500E-01  1.85500E-01
b  27   41 27   42  99  3.10812E-01 -1.59281E-01  1.53847E-01  1.41243E-03 -7.67657E-02  1.27000E+00  1.27000E+00
b  27    1 27   43  98  0.00000E+00  0.00000E+00  0.00000E+00  0.00000E+00  0.00000E+00  5.24047E-03  1.04809E-04
b  27    2 27   43  99  3.10839E+00 -3.06811E+00  1.79070E+00 -2.82171E-01 -8.00000E-01  3.31200E-05  3.31200E-05
b  27    6 27   43  99  8.86723E-01 -9.75195E-01  2.18120E+00 -1.02865E+00  4.33494E-01  9.65200E-04  9.65200E-04
b  27   13 27   43  99  7.07138E-01 -9.25979E-01  2.22656E+00 -7.32277E-03  1.33700E+00  9.99000E-03  9.99000E-03
b  27   28 27   43  99  6.33797E-01 -8.11345E-01  1.79211E+00 -7.22550E-03  1.15201E+00  7.54750E-02  7.54750E-02
b  27   32 27   43  99  9.18420E+04  6.84810E+06 -3.25017E+08  3.80511E+09  2.00000E+01  4.57980E-03  4.57980E-03
b  27   36 27   43  99  4.39565E-01  2.46628E-01 -2.31569E-01  3.73382E-02  1.07883E-01  3.91850E-01  3.91850E-01
b  27   39 27   43  99  7.47494E+03  5.28051E+05 -2.51702E+07  2.95683E+08  2.00000E+01  3.70200E-02  3.70200E-02
b  27   40 27   43  99  9.98425E+02  2.23589E+04 -6.19744E+05  4.13486E+06  1.01892E+01  6.10400E-02  6.10400E-02
b  27   41 27   43  99  6.03100E-01 -7.16000E-01  3.16199E+00  5.51914E-01  3.51305E+00  2.42500E-01  2.42500E-01
b  27   42 27   43  99  1.84168E+00 -4.94361E+00  1.56493E+01 -3.13490E+00  1.95894E+00  1.35200E+00  1.35200E+00
b  27    1 27   44  98  0.00000E+00  0.00000E+00  0.00000E+00  0.00000E+00  0.00000E+00  6.63234E-03  1.32647E-04
b  27    2 27   44  99  6.26709E+01  4.62406E+03 -2.19341E+05  2.56680E+06  2.00000E+01  2.08600E-05  2.08600E-05
b  27    7 27   44  99  8.86723E-01 -9.75195E-01  2.18120E+00 -1.02865E+00  4.33494E-01  9.65200E-04  9.65200E-04
b  27   14 27   44  99  7.07138E-01 -9.25979E-01  2.22656E+00 -7.32277E-03  1.33700E+00  9.99000E-03  9.99000E-03
b  27   29 27   44  99  6.33797E-01 -8.11345E-01  1.79211E+00 -7.22550E-03  1.15201E+00  7.54750E-02  7.54750E-02
b  27   32 27   44  99  2.72603E+05  2.05026E+07 -9.72181E+08  1.13735E+10  2.00000E+01  2.91550E-03  2.91550E-03
b  27   37 27   44  99  4.39565E-01  2.46628E-01 -2.31569E-01  3.73382E-02  1.07883E-01  3.91850E-01  3.91850E-01
b  27   39 27   44  99  1.75321E+04  1.21652E+06 -5.81267E+07  6.84125E+08  2.00000E+01  2.04000E-02  2.04000E-02
b  27   40 27   44  99  3.74780E+03  1.29681E+04 -3.02624E+05  1.37917E+06  5.21073E+00  2.86300E-02  2.86300E-02
b  27   41 27   44  99  7.77209E-01 -1.44823E+00  5.50405E+01 -4.99350E+02  2.00000E+01  7.99600E-02  7.99600E-02
b  27   42 27   44  99  1.72533E+00  3.15654E+00 -1.23051E+01  1.04473E+01  1.94534E-01  2.70900E-01  2.70900E-01
b  27   43 27   44  99  2.49677E-01  6.40843E+00 -3.34027E+02  4.18702E+03  2.00000E+01  1.61400E+00  1.61400E+00
b  27    1 27   45  98  0.00000E+00  0.00000E+00  0.00000E+00  0.00000E+00  0.00000E+00  8.18791E-03  1.63758E-04
b  27    2 27   45  99 -2.77705E+00  8.90156E+00 -1.70943E+01  8.38436E+00  2.16283E-02  1.39680E-05  1.39680E-05
b  27    8 27   45  99  8.86723E-01 -9.75195E-01  2.18120E+00 -1.02865E+00  4.33494E-01  9.65200E-04  9.65200E-04
b  27   15 27   45  99  7.07138E-01 -9.25979E-01  2.22656E+00 -7.32277E-03  1.33700E+00  9.99000E-03  9.99000E-03
b  27   30 27   45  99  6.33797E-01 -8.11345E-01  1.79211E+00 -7.22550E-03  1.15201E+00  7.54750E-02  7.54750E-02
b  27   32 27   45  99  7.57865E+05  7.38943E+06 -2.15110E+08  1.40331E+09  8.87543E+00  1.97710E-03  1.97710E-03
b  27   38 27   45  99  4.39565E-01  2.46628E-01 -2.31569E-01  3.73382E-02  1.07883E-01  3.91850E-01  3.91850E-01
b  27   39 27   45  99  3.71421E+04  2.51112E+06 -1.20265E+08  1.41804E+09  2.00000E+01  1.30900E-02  1.30900E-02
b  27   40 27   45  99  9.27768E+03 -1.11895E+04  6.82434E+03 -1.11945E+03 -8.00000E-01  1.63400E-02  1.63400E-02
b  27   41 27   45  99  5.90532E+01  1.43999E+03 -5.46594E+03  5.12902E+03  6.17416E-01  3.52000E-02  3.52000E-02
b  27   42 27   45  99  1.26187E+02 -4.64750E+02  6.16896E+03  7.20137E+04  2.00000E+01  8.61200E-02  8.61200E-02
b  27   43 27   45  99  2.46372E+01 -9.62289E+01  8.78174E+02 -6.00151E+02  7.45731E+00  2.99900E-01  2.99900E-01
b  27   44 27   45  99  0.00000E+00  0.00000E+00  0.00000E+00  0.00000E+00  0.00000E+00  1.97100E+00  1.97100E+00
f  27    1 26    1  99  1.70000E+01  1.23600E+01
p  27    1 26    1  98  1.08130E+00 -9.76680E-01 -4.96110E-01  5.46420E-02  1.70000E+01  9.97000E+01  1.03700E+02  1.99400E+03
f  27    2 26    1  99  1.00000E+00  2.58360E+00
p  27    2 26    1  99  1.00000E+00  2.58360E+00
f  27    3 26    1  99  1.00000E+00  1.34920E+00
p  27    3 26    1  99  1.00000E+00  1.34920E+00
f  27    4 26    1  99  1.00000E+00  1.39000E+00
p  27    4 26    1  99  1.00000E+00  1.39000E+00
f  27    5 26    1  99  1.00000E+00  1.30600E+00
p  27    5 26    1  99  1.00000E+00  1.30600E+00
f  27    6 26    1  99  1.00000E+00  1.16820E+00
p  27    6 26    1  99  1.00000E+00  1.16820E+00
f  27    7 26    1  99  1.00000E+00  1.13620E+00
p  27    7 26    1  99  1.00000E+00  1.13620E+00
f  27    8 26    1  99  1.00000E+00  1.00260E+00
p  27    8 26    1  99  1.00000E+00  1.00260E+00
f  27    2 26    2  99  1.60000E+01  2.58360E+00
p  27    2 26    2  98  1.08130E+00 -9.76680E-01 -4.96110E-01  5.46420E-02  1.70000E+01  9.97000E+01  1.03700E+02  1.99400E+03
f  27    9 26    2  99  2.00000E+00  3.14410E+00
p  27    9 26    2  99  2.00000E+00  3.14410E+00
f  27   10 26    2  99  1.00000E+00  1.40880E+00
p  27   10 26    2  99  1.00000E+00  1.40880E+00
f  27   11 26    2  99  1.00000E+00  1.41200E+00
p  27   11 26    2  99  1.00000E+00  1.41200E+00
f  27   12 26    2  99  1.00000E+00  1.31700E+00
p  27   12 26    2  99  1.00000E+00  1.31700E+00
f  27   13 26    2  99  1.00000E+00  1.17520E+00
p  27   13 26    2  99  1.00000E+00  1.17520E+00
f  27   14 26    2  99  1.00000E+00  1.14220E+00
p  27   14 26    2  99  1.00000E+00  1.14220E+00
f  27   15 26    2  99  1.00000E+00  1.01250E+00
p  27   15 26    2  99  1.00000E+00  1.01250E+00
f  27    3 26    3  99  1.60000E+01  1.34920E+00
p  27    3 26    3  98  1.08130E+00 -9.76680E-01 -4.96110E-01  5.46420E-02  1.70000E+01  9.97000E+01  1.03700E+02  1.99400E+03
f  27   10 26    3  99  1.00000E+00  1.40880E+00
p  27   10 26    3  99  1.00000E+00  1.40880E+00
f  27    4 26    4  99  1.60000E+01  1.39000E+00
p  27    4 26    4  98  1.08130E+00 -9.76680E-01 -4.96110E-01  5.46420E-02  1.70000E+01  9.97000E+01  1.03700E+02  1.99400E+03
f  27   11 26    4  99  1.00000E+00  1.41200E+00
p  27   11 26    4  99  1.00000E+00  1.41200E+00
f  27    5 26    5  99  1.60000E+01  1.30600E+00
p  27    5 26    5  98  1.08130E+00 -9.76680E-01 -4.96110E-01  5.46420E-02  1.70000E+01  9.97000E+01  1.03700E+02  1.99400E+03
f  27   12 26    5  99  1.00000E+00  1.31700E+00
p  27   12 26    5  99  1.00000E+00  1.31700E+00
f  27    6 26    6  99  1.60000E+01  1.16820E+00
p  27    6 26    6  98  1.08130E+00 -9.76680E-01 -4.96110E-01  5.46420E-02  1.70000E+01  9.97000E+01  1.03700E+02  1.99400E+03
f  27   13 26    6  99  1.00000E+00  1.17520E+00
p  27   13 26    6  99  1.00000E+00  1.17520E+00
f  27    7 26    7  99  1.60000E+01  1.13620E+00
p  27    7 26    7  98  1.08130E+00 -9.76680E-01 -4.96110E-01  5.46420E-02  1.70000E+01  9.97000E+01  1.03700E+02  1.99400E+03
f  27   14 26    7  99  1.00000E+00  1.14220E+00
p  27   14 26    7  99  1.00000E+00  1.14220E+00
f  27    8 26    8  99  1.60000E+01  1.00260E+00
p  27    8 26    8  98  1.08130E+00 -9.76680E-01 -4.96110E-01  5.46420E-02  1.70000E+01  9.97000E+01  1.03700E+02  1.99400E+03
f  27   15 26    8  99  1.00000E+00  1.01250E+00
p  27   15 26    8  99  1.00000E+00  1.01250E+00
f  27    9 26    9  99  1.50000E+01  3.14410E+00
p  27    9 26    9  98  1.08130E+00 -9.76680E-01 -4.96110E-01  5.46420E-02  1.70000E+01  9.97000E+01  1.03700E+02  1.99400E+03
f  27   10 26   10  99  1.50000E+01  1.40880E+00
p  27   10 26   10  98  1.08130E+00 -9.76680E-01 -4.96110E-01  5.46420E-02  1.70000E+01  9.97000E+01  1.03700E+02  1.99400E+03
f  27   11 26   11  99  1.50000E+01  1.41200E+00
p  27   11 26   11  98  1.08130E+00 -9.76680E-01 -4.96110E-01  5.46420E-02  1.70000E+01  9.97000E+01  1.03700E+02  1.99400E+03
f  27   12 26   12  99  1.50000E+01  1.31700E+00
p  27   12 26   12  98  1.08130E+00 -9.76680E-01 -4.96110E-01  5.46420E-02  1.70000E+01  9.97000E+01  1.03700E+02  1.99400E+03
f  27   13 26   13  99  1.50000E+01  1.17520E+00
p  27   13 26   13  98  1.08130E+00 -9.76680E-01 -4.96110E-01  5.46420E-02  1.70000E+01  9.97000E+01  1.03700E+02  1.99400E+03
f  27   14 26   14  99  1.50000E+01  1.14220E+00
p  27   14 26   14  98  1.08130E+00 -9.76680E-01 -4.96110E-01  5.46420E-02  1.70000E+01  9.97000E+01  1.03700E+02  1.99400E+03
f  27   15 26   15  99  1.50000E+01  1.01250E+00
p  27   15 26   15  98  1.08130E+00 -9.76680E-01 -4.96110E-01  5.46420E-02  1.70000E+01  9.97000E+01  1.03700E+02  1.99400E+03
f  27    1 26   16  99  8.00000E+00  1.23600E+01
p  27    1 26   16  98  2.18510E+00 -2.32320E+00 -1.89760E-01  2.16390E-02  8.00000E+00  9.12200E+02  9.48700E+02  1.82400E+04
f  27   16 26   16  99  1.80000E+01  1.29240E+01
p  27   16 26   16  98  1.08130E+00 -9.76680E-01 -4.96110E-01  5.46420E-02  1.70000E+01  9.97000E+01  1.03700E+02  1.99400E+03
f  27   17 26   16  99  1.00000E+00  2.64030E+00
p  27   17 26   16  99  1.00000E+00  2.64030E+00
f  27   18 26   16  99  1.00000E+00  1.36750E+00
p  27   18 26   16  99  1.00000E+00  1.36750E+00
f  27   19 26   16  99  1.00000E+00  1.39600E+00
p  27   19 26   16  99  1.00000E+00  1.39600E+00
f  27   20 26   16  99  1.00000E+00  1.31000E+00
p  27   20 26   16  99  1.00000E+00  1.31000E+00
f  27   21 26   16  99  1.00000E+00  1.17720E+00
p  27   21 26   16  99  1.00000E+00  1.17720E+00
f  27   22 26   16  99  1.00000E+00  1.14320E+00
p  27   22 26   16  99  1.00000E+00  1.14320E+00
f  27   23 26   16  99  1.00000E+00  1.00260E+00
p  27   23 26   16  99  1.00000E+00  1.00260E+00
f  27    2 26   17  99  8.00000E+00  2.58360E+00
p  27    2 26   17  98  2.18510E+00 -2.32320E+00 -1.89760E-01  2.16390E-02  8.00000E+00  9.12200E+02  9.48700E+02  1.82400E+04
f  27   17 26   17  99  1.70000E+01  2.64030E+00
p  27   17 26   17  98  1.08130E+00 -9.76680E-01 -4.96110E-01  5.46420E-02  1.70000E+01  9.97000E+01  1.03700E+02  1.99400E+03
f  27   24 26   17  99  2.00000E+00  3.20080E+00
p  27   24 26   17  99  2.00000E+00  3.20080E+00
f  27   25 26   17  99  1.00000E+00  1.42710E+00
p  27   25 26   17  99  1.00000E+00  1.42710E+00
f  27   26 26   17  99  1.00000E+00  1.41800E+00
p  27   26 26   17  99  1.00000E+00  1.41800E+00
f  27   27 26   17  99  1.00000E+00  1.32100E+00
p  27   27 26   17  99  1.00000E+00  1.32100E+00
f  27   28 26   17  99  1.00000E+00  1.18420E+00
p  27   28 26   17  99  1.00000E+00  1.18420E+00
f  27   29 26   17  99  1.00000E+00  1.14920E+00
p  27   29 26   17  99  1.00000E+00  1.14920E+00
f  27   30 26   17  99  1.00000E+00  1.01250E+00
p  27   30 26   17  99  1.00000E+00  1.01250E+00
f  27    3 26   18  99  8.00000E+00  1.34920E+00
p  27    3 26   18  98  2.18510E+00 -2.32320E+00 -1.89760E-01  2.16390E-02  8.00000E+00  9.12200E+02  9.48700E+02  1.82400E+04
f  27   18 26   18  99  1.70000E+01  1.36750E+00
p  27   18 26   18  98  1.08130E+00 -9.76680E-01 -4.96110E-01  5.46420E-02  1.70000E+01  9.97000E+01  1.03700E+02  1.99400E+03
f  27   25 26   18  99  1.00000E+00  1.42710E+00
p  27   25 26   18  99  1.00000E+00  1.42710E+00
f  27    4 26   19  99  8.00000E+00  1.39000E+00
p  27    4 26   19  98  2.18510E+00 -2.32320E+00 -1.89760E-01  2.16390E-02  8.00000E+00  9.12200E+02  9.48700E+02  1.82400E+04
f  27   19 26   19  99  1.70000E+01  1.39600E+00
p  27   19 26   19  98  1.08130E+00 -9.76680E-01 -4.96110E-01  5.46420E-02  1.70000E+01  9.97000E+01  1.03700E+02  1.99400E+03
f  27   26 26   19  99  1.00000E+00  1.41800E+00
p  27   26 26   19  99  1.00000E+00  1.41800E+00
f  27    5 26   20  99  8.00000E+00  1.30600E+00
p  27    5 26   20  98  2.18510E+00 -2.32320E+00 -1.89760E-01  2.16390E-02  8.00000E+00  9.12200E+02  9.48700E+02  1.82400E+04
f  27   20 26   20  99  1.70000E+01  1.31000E+00
p  27   20 26   20  98  1.08130E+00 -9.76680E-01 -4.96110E-01  5.46420E-02  1.70000E+01  9.97000E+01  1.03700E+02  1.99400E+03
f  27   27 26   20  99  1.00000E+00  1.32100E+00
p  27   27 26   20  99  1.00000E+00  1.32100E+00
f  27    6 26   21  99  8.00000E+00  1.16820E+00
p  27    6 26   21  98  2.18510E+00 -2.32320E+00 -1.89760E-01  2.16390E-02  8.00000E+00  9.12200E+02  9.48700E+02  1.82400E+04
f  27   21 26   21  99  1.70000E+01  1.17720E+00
p  27   21 26   21  98  1.08130E+00 -9.76680E-01 -4.96110E-01  5.46420E-02  1.70000E+01  9.97000E+01  1.03700E+02  1.99400E+03
f  27   28 26   21  99  1.00000E+00  1.18420E+00
p  27   28 26   21  99  1.00000E+00  1.18420E+00
f  27    7 26   22  99  8.00000E+00  1.13620E+00
p  27    7 26   22  98  2.18510E+00 -2.32320E+00 -1.89760E-01  2.16390E-02  8.00000E+00  9.12200E+02  9.48700E+02  1.82400E+04
f  27   22 26   22  99  1.70000E+01  1.14320E+00
p  27   22 26   22  98  1.08130E+00 -9.76680E-01 -4.96110E-01  5.46420E-02  1.70000E+01  9.97000E+01  1.03700E+02  1.99400E+03
f  27   29 26   22  99  1.00000E+00  1.14920E+00
p  27   29 26   22  99  1.00000E+00  1.14920E+00
f  27    8 26   23  99  8.00000E+00  1.00260E+00
p  27    8 26   23  98  2.18510E+00 -2.32320E+00 -1.89760E-01  2.16390E-02  8.00000E+00  9.12200E+02  9.48700E+02  1.82400E+04
f  27   23 26   23  99  1.70000E+01  1.00260E+00
p  27   23 26   23  98  1.08130E+00 -9.76680E-01 -4.96110E-01  5.46420E-02  1.70000E+01  9.97000E+01  1.03700E+02  1.99400E+03
f  27   30 26   23  99  1.00000E+00  1.01250E+00
p  27   30 26   23  99  1.00000E+00  1.01250E+00
f  27    1 26   24  99  2.00000E+00  1.23600E+01
p  27    1 26   24  98  2.16370E+00 -2.50270E+00 -1.95140E-01  2.21270E-02  2.00000E+00  7.67200E+03  7.97900E+03  1.53400E+05
f  27   31 26   24  99  1.80000E+01  1.30040E+01
p  27   31 26   24  98  1.08130E+00 -9.76680E-01 -4.96110E-01  5.46420E-02  1.70000E+01  9.97000E+01  1.03700E+02  1.99400E+03
f  27   32 26   24  99  1.00000E+00  2.66350E+00
p  27   32 26   24  99  1.00000E+00  2.66350E+00
f  27   33 26   24  99  1.00000E+00  1.36660E+00
p  27   33 26   24  99  1.00000E+00  1.36660E+00
f  27   34 26   24  99  1.00000E+00  1.40500E+00
p  27   34 26   24  99  1.00000E+00  1.40500E+00
f  27   35 26   24  99  1.00000E+00  1.31900E+00
p  27   35 26   24  99  1.00000E+00  1.31900E+00
f  27   36 26   24  99  1.00000E+00  1.17810E+00
p  27   36 26   24  99  1.00000E+00  1.17810E+00
f  27   37 26   24  99  1.00000E+00  1.14410E+00
p  27   37 26   24  99  1.00000E+00  1.14410E+00
f  27   38 26   24  99  1.00000E+00  1.00260E+00
p  27   38 26   24  99  1.00000E+00  1.00260E+00
f  27    2 26   25  99  2.00000E+00  2.58360E+00
p  27    2 26   25  98  2.16370E+00 -2.50270E+00 -1.95140E-01  2.21270E-02  2.00000E+00  7.67200E+03  7.97900E+03  1.53400E+05
f  27   32 26   25  99  1.70000E+01  2.66350E+00
p  27   32 26   25  98  1.08130E+00 -9.76680E-01 -4.96110E-01  5.46420E-02  1.70000E+01  9.97000E+01  1.03700E+02  1.99400E+03
f  27   39 26   25  99  2.00000E+00  3.22400E+00
p  27   39 26   25  99  2.00000E+00  3.22400E+00
f  27   40 26   25  99  1.00000E+00  1.42620E+00
p  27   40 26   25  99  1.00000E+00  1.42620E+00
f  27   41 26   25  99  1.00000E+00  1.42700E+00
p  27   41 26   25  99  1.00000E+00  1.42700E+00
f  27   42 26   25  99  1.00000E+00  1.33000E+00
p  27   42 26   25  99  1.00000E+00  1.33000E+00
f  27   43 26   25  99  1.00000E+00  1.18510E+00
p  27   43 26   25  99  1.00000E+00  1.18510E+00
f  27   44 26   25  99  1.00000E+00  1.15010E+00
p  27   44 26   25  99  1.00000E+00  1.15010E+00
f  27   45 26   25  99  1.00000E+00  1.01250E+00
p  27   45 26   25  99  1.00000E+00  1.01250E+00
f  27    3 26   26  99  2.00000E+00  1.34920E+00
p  27    3 26   26  98  2.16370E+00 -2.50270E+00 -1.95140E-01  2.21270E-02  2.00000E+00  7.67200E+03  7.97900E+03  1.53400E+05
f  27   33 26   26  99  1.70000E+01  1.36660E+00
p  27   33 26   26  98  1.08130E+00 -9.76680E-01 -4.96110E-01  5.46420E-02  1.70000E+01  9.97000E+01  1.03700E+02  1.99400E+03
f  27   40 26   26  99  1.00000E+00  1.42620E+00
p  27   40 26   26  99  1.00000E+00  1.42620E+00
f  27    4 26   27  99  2.00000E+00  1.39000E+00
p  27    4 26   27  98  2.16370E+00 -2.50270E+00 -1.95140E-01  2.21270E-02  2.00000E+00  7.67200E+03  7.97900E+03  1.53400E+05
f  27   34 26   27  99  1.70000E+01  1.40500E+00
p  27   34 26   27  98  1.08130E+00 -9.76680E-01 -4.96110E-01  5.46420E-02  1.70000E+01  9.97000E+01  1.03700E+02  1.99400E+03
f  27   41 26   27  99  1.00000E+00  1.42700E+00
p  27   41 26   27  99  1.00000E+00  1.42700E+00
f  27    5 26   28  99  2.00000E+00  1.30600E+00
p  27    5 26   28  98  2.16370E+00 -2.50270E+00 -1.95140E-01  2.21270E-02  2.00000E+00  7.67200E+03  7.97900E+03  1.53400E+05
f  27   35 26   28  99  1.70000E+01  1.31900E+00
p  27   35 26   28  98  1.08130E+00 -9.76680E-01 -4.96110E-01  5.46420E-02  1.70000E+01  9.97000E+01  1.03700E+02  1.99400E+03
f  27   42 26   28  99  1.00000E+00  1.33000E+00
p  27   42 26   28  99  1.00000E+00  1.33000E+00
f  27    6 26   29  99  2.00000E+00  1.16820E+00
p  27    6 26   29  98  2.16370E+00 -2.50270E+00 -1.95140E-01  2.21270E-02  2.00000E+00  7.67200E+03  7.97900E+03  1.53400E+05
f  27   36 26   29  99  1.70000E+01  1.17810E+00
p  27   36 26   29  98  1.08130E+00 -9.76680E-01 -4.96110E-01  5.46420E-02  1.70000E+01  9.97000E+01  1.03700E+02  1.99400E+03
f  27   43 26   29  99  1.00000E+00  1.18510E+00
p  27   43 26   29  99  1.00000E+00  1.18510E+00
f  27    7 26   30  99  2.00000E+00  1.13620E+00
p  27    7 26   30  98  2.16370E+00 -2.50270E+00 -1.95140E-01  2.21270E-02  2.00000E+00  7.67200E+03  7.97900E+03  1.53400E+05
f  27   37 26   30  99  1.70000E+01  1.14410E+00
p  27   37 26   30  98  1.08130E+00 -9.76680E-01 -4.96110E-01  5.46420E-02  1.70000E+01  9.97000E+01  1.03700E+02  1.99400E+03
f  27   44 26   30  99  1.00000E+00  1.15010E+00
p  27   44 26   30  99  1.00000E+00  1.15010E+00
f  27    8 26   31  99  2.00000E+00  1.00260E+00
p  27    8 26   31  98  2.16370E+00 -2.50270E+00 -1.95140E-01  2.21270E-02  2.00000E+00  7.67200E+03  7.97900E+03  1.53400E+05
f  27   38 26   31  99  1.70000E+01  1.00260E+00
p  27   38 26   31  98  1.08130E+00 -9.76680E-01 -4.96110E-01  5.46420E-02  1.70000E+01  9.97000E+01  1.03700E+02  1.99400E+03
f  27   45 26   31  99  1.00000E+00  1.01250E+00
p  27   45 26   31  99  1.00000E+00  1.01250E+00
a  27    9 26    1   1.41398E+12
a  27   10 26    1   2.56700E+11
a  27   11 26    1   6.86150E+10
a  27   12 26    1   3.17458E+10
a  27   13 26    1   1.62825E+10
a  27   14 26    1   9.03583E+09
a  27   15 26    1   5.33550E+09
a  27   16 26    1   7.99544E+14
a  27   17 26    1   7.00358E+11
a  27   18 26    1   1.03932E+11
a  27   19 26    1   3.01952E+10
a  27   20 26    1   1.39702E+10
a  27   21 26    1   7.16550E+09
a  27   22 26    1   3.97634E+09
a  27   23 26    1   2.34798E+09
a  27   24 26    1   4.41458E+08
a  27   25 26    1   6.00262E+07
a  27   26 26    1   1.68731E+07
a  27   27 26    1   7.80675E+06
a  27   28 26    1   4.00425E+06
a  27   29 26    1   2.22199E+06
a  27   30 26    1   1.31205E+06
a  27   31 26    1   1.32183E+13
a  27   32 26    1   2.30324E+10
a  27   33 26    1   2.86816E+09
a  27   34 26    1   7.62850E+08
a  27   35 26    1   3.52946E+08
a  27   36 26    1   1.81024E+08
a  27   37 26    1   1.00453E+08
a  27   38 26    1   5.93190E+07
a  27   39 26    1   2.50770E+07
a  27   40 26    1   2.87825E+06
a  27   41 26    1   7.56050E+05
a  27   42 26    1   3.49805E+05
a  27   43 26    1   1.79415E+05
a  27   44 26    1   9.95650E+04
a  27   45 26    1   5.87900E+04
a  27   17 26    2   7.10705E+14
a  27   24 26    2   1.31832E+12
a  27   25 26    2   9.78180E+10
a  27   26 26    2   2.84190E+10
a  27   27 26    2   1.31484E+10
a  27   28 26    2   6.74400E+09
a  27   29 26    2   3.74244E+09
a  27   30 26    2   2.20986E+09
a  27   32 26    2   1.17496E+13
a  27   39 26    2   4.33552E+10
a  27   40 26    2   2.69944E+09
a  27   41 26    2   7.17976E+08
a  27   42 26    2   3.32184E+08
a  27   43 26    2   1.70376E+08
a  27   44 26    2   9.45440E+07
a  27   45 26    2   5.58296E+07
a  27   18 26    3   7.10705E+14
a  27   25 26    3   6.59160E+11
a  27   33 26    3   1.17496E+13
a  27   40 26    3   2.16776E+10
a  27   19 26    4   7.10705E+14
a  27   26 26    4   6.59160E+11
a  27   34 26    4   1.17496E+13
a  27   41 26    4   2.16776E+10
a  27   20 26    5   7.10705E+14
a  27   27 26    5   6.59160E+11
a  27   35 26    5   1.17496E+13
a  27   42 26    5   2.16776E+10
a  27   21 26    6   7.10705E+14
a  27   28 26    6   6.59160E+11
a  27   36 26    6   1.17496E+13
a  27   43 26    6   2.16776E+10
a  27   22 26    7   7.10705E+14
a  27   29 26    7   6.59160E+11
a  27   37 26    7   1.17496E+13
a  27   44 26    7   2.16776E+10
a  27   23 26    8   7.10705E+14
a  27   30 26    8   6.59160E+11
a  27   38 26    8   1.17496E+13
a  27   45 26    8   2.16776E+10
a  27   24 26    9   6.27093E+14
a  27   39 26    9   1.03673E+13
a  27   25 26   10   6.27093E+14
a  27   40 26   10   1.03673E+13
a  27   26 26   11   6.27093E+14
a  27   41 26   11   1.03673E+13
a  27   27 26   12   6.27093E+14
a  27   42 26   12   1.03673E+13
a  27   28 26   13   6.27093E+14
a  27   43 26   13   1.03673E+13
a  27   29 26   14   6.27093E+14
a  27   44 26   14   1.03673E+13
a  27   30 26   15   6.27093E+14
a  27   45 26   15   1.03673E+13
a  27   24 26   16   9.42656E+11
a  27   25 26   16   1.71133E+11
a  27   26 26   16   4.57433E+10
a  27   27 26   16   2.11639E+10
a  27   28 26   16   1.08550E+10
a  27   29 26   16   6.02389E+09
a  27   30 26   16   3.55700E+09
a  27   31 26   16   2.23250E+14
a  27   32 26   16   1.97292E+11
a  27   33 26   16   2.50572E+10
a  27   34 26   16   6.70240E+09
a  27   35 26   16   3.10088E+09
a  27   36 26   16   1.59048E+09
a  27   37 26   16   8.82600E+08
a  27   38 26   16   5.21160E+08
a  27   32 26   17   2.10848E+14
a  27   39 26   17   3.94584E+11
a  27   40 26   17   2.50572E+10
a  27   41 26   17   6.70240E+09
a  27   42 26   17   3.10088E+09
a  27   43 26   17   1.59048E+09
a  27   44 26   17   8.82600E+08
a  27   45 26   17   5.21160E+08
a  27   33 26   18   2.10848E+14
a  27   40 26   18   1.97292E+11
a  27   34 26   19   2.10848E+14
a  27   41 26   19   1.97292E+11
a  27   35 26   20   2.10848E+14
a  27   42 26   20   1.97292E+11
a  27   36 26   21   2.10848E+14
a  27   43 26   21   1.97292E+11
a  27   37 26   22   2.10848E+14
a  27   44 26   22   1.97292E+11
a  27   38 26   23   2.10848E+14
a  27   45 26   23   1.97292E+11
a  27   39 26   24   9.42656E+11
a  27   40 26   24   1.71133E+11
a  27   41 26   24   4.57433E+10
a  27   42 26   24   2.11639E+10
a  27   43 26   24   1.08550E+10
a  27   44 26   24   6.02389E+09
a  27   45 26   24   3.55700E+09
